Timestamp,Elapsed_Time_s,CAN_Message
2025-10-11T15:43:20.614980,3.366,can1  110  [02]  A0 0F
2025-10-11T15:43:20.616639,3.368,can1  110  [02]  A0 0F
2025-10-11T15:43:21.042070,3.794,can1  100  [03]  3E C7 04
2025-10-11T15:43:21.043094,3.795,can1  100  [03]  3E C7 04
2025-10-11T15:43:21.044835,3.796,can1  120  [04]  00 5A 62 02
2025-10-11T15:43:21.046113,3.798,can1  120  [04]  00 5A 62 02
2025-10-11T15:43:22.358776,5.110,can1  110  [02]  B8 0B
2025-10-11T15:43:22.359951,5.111,can1  110  [02]  B8 0B
2025-10-11T15:43:22.361219,5.113,can1  100  [03]  2E A0 04
2025-10-11T15:43:22.362342,5.114,can1  100  [03]  2E A0 04
2025-10-11T15:43:22.364623,5.116,can1  120  [04]  80 C3 C9 01
2025-10-11T15:43:22.366242,5.118,can1  120  [04]  80 C3 C9 01
2025-10-11T15:43:23.244251,5.996,can1  110  [02]  D0 07
2025-10-11T15:43:23.246123,5.998,can1  110  [02]  D0 07
2025-10-11T15:43:23.247097,5.999,can1  100  [03]  1E 79 04
2025-10-11T15:43:23.248248,6.000,can1  100  [03]  1E 79 04
2025-10-11T15:43:23.683527,6.435,can1  120  [04]  00 2D 31 01
2025-10-11T15:43:23.685252,6.437,can1  120  [04]  00 2D 31 01
2025-10-11T15:43:24.582417,7.334,can1  110  [02]  E8 03
2025-10-11T15:43:24.584190,7.336,can1  110  [02]  E8 03
2025-10-11T15:43:25.119524,7.871,can1  100  [03]  0E 52 04
2025-10-11T15:43:25.120756,7.872,can1  100  [03]  0E 52 04
2025-10-11T15:43:25.121862,7.873,can1  120  [04]  80 96 98 00
2025-10-11T15:43:25.123062,7.875,can1  120  [04]  80 96 98 00
2025-10-11T15:43:26.001949,8.753,can1  110  [02]  D0 07
2025-10-11T15:43:26.003448,8.755,can1  110  [02]  D0 07
2025-10-11T15:43:26.004925,8.756,can1  100  [03]  1E 79 04
2025-10-11T15:43:26.006711,8.758,can1  100  [03]  1E 79 04
2025-10-11T15:43:26.438545,9.190,can1  120  [04]  00 2D 31 01
2025-10-11T15:43:26.439677,9.191,can1  120  [04]  00 2D 31 01
2025-10-11T15:43:27.313623,10.065,can1  110  [02]  B8 0B
2025-10-11T15:43:27.315083,10.067,can1  110  [02]  B8 0B
2025-10-11T15:43:27.740953,10.492,can1  100  [03]  2E A0 04
2025-10-11T15:43:27.742098,10.494,can1  100  [03]  2E A0 04
2025-10-11T15:43:27.743247,10.495,can1  120  [04]  80 C3 C9 01
2025-10-11T15:43:27.744390,10.496,can1  120  [04]  80 C3 C9 01
2025-10-11T15:43:28.628958,11.380,can1  110  [02]  A0 0F
2025-10-11T15:43:28.631371,11.383,can1  110  [02]  A0 0F
2025-10-11T15:43:29.058628,11.810,can1  100  [03]  3E C7 04
2025-10-11T15:43:29.060244,11.812,can1  100  [03]  3E C7 04
2025-10-11T15:43:29.061541,11.813,can1  120  [04]  00 5A 62 02
2025-10-11T15:43:29.062828,11.814,can1  120  [04]  00 5A 62 02
2025-10-11T15:43:29.950111,12.702,can1  110  [02]  88 13
2025-10-11T15:43:29.951714,12.703,can1  110  [02]  88 13
2025-10-11T15:43:30.391171,13.143,can1  100  [03]  4E EE 04
2025-10-11T15:43:30.392652,13.144,can1  100  [03]  4E EE 04
2025-10-11T15:43:30.393824,13.145,can1  120  [04]  80 F0 FA 02
2025-10-11T15:43:30.394917,13.146,can1  120  [04]  80 F0 FA 02
2025-10-11T15:43:31.265100,14.017,can1  110  [02]  70 17
2025-10-11T15:43:31.266403,14.018,can1  110  [02]  70 17
2025-10-11T15:43:31.693650,14.445,can1  100  [03]  5E 15 05
2025-10-11T15:43:31.695123,14.447,can1  100  [03]  5E 15 05
2025-10-11T15:43:31.696446,14.448,can1  120  [04]  00 87 93 03
2025-10-11T15:43:31.697645,14.449,can1  120  [04]  00 87 93 03
2025-10-11T15:43:32.584309,15.336,can1  110  [02]  58 1B
2025-10-11T15:43:32.585631,15.337,can1  110  [02]  58 1B
2025-10-11T15:43:33.030790,15.782,can1  100  [03]  6E 3C 05
2025-10-11T15:43:33.032144,15.784,can1  100  [03]  6E 3C 05
2025-10-11T15:43:33.033419,15.785,can1  120  [04]  80 1D 2C 04
2025-10-11T15:43:33.034664,15.786,can1  120  [04]  80 1D 2C 04
2025-10-11T15:43:33.901688,16.653,can1  110  [02]  40 1F
2025-10-11T15:43:33.919296,16.671,can1  110  [02]  40 1F
2025-10-11T15:43:34.348091,17.100,can1  100  [03]  7E 63 05
2025-10-11T15:43:34.349533,17.101,can1  100  [03]  7E 63 05
2025-10-11T15:43:34.350853,17.102,can1  120  [04]  00 B4 C4 04
2025-10-11T15:43:34.352407,17.104,can1  120  [04]  00 B4 C4 04
2025-10-11T15:43:35.647866,18.399,can1  110  [02]  28 23
2025-10-11T15:43:35.649248,18.401,can1  110  [02]  28 23
2025-10-11T15:43:35.650551,18.402,can1  100  [03]  8E 8A 05
2025-10-11T15:43:35.651844,18.403,can1  100  [03]  8E 8A 05
2025-10-11T15:43:35.653713,18.405,can1  120  [04]  80 4A 5D 05
2025-10-11T15:43:35.655504,18.407,can1  120  [04]  80 4A 5D 05
2025-10-11T15:43:36.994542,19.746,can1  110  [02]  40 1F
2025-10-11T15:43:36.995995,19.747,can1  110  [02]  40 1F
2025-10-11T15:43:36.997209,19.749,can1  100  [03]  7E 63 05
2025-10-11T15:43:36.998581,19.750,can1  100  [03]  7E 63 05
2025-10-11T15:43:37.000738,19.752,can1  120  [04]  00 B4 C4 04
2025-10-11T15:43:37.002573,19.754,can1  120  [04]  00 B4 C4 04
2025-10-11T15:43:38.316170,21.068,can1  110  [02]  58 1B
2025-10-11T15:43:38.317729,21.069,can1  110  [02]  58 1B
2025-10-11T15:43:38.319312,21.071,can1  100  [03]  6E 3C 05
2025-10-11T15:43:38.320734,21.072,can1  100  [03]  6E 3C 05
2025-10-11T15:43:38.323095,21.075,can1  120  [04]  80 1D 2C 04
2025-10-11T15:43:38.325779,21.077,can1  120  [04]  80 1D 2C 04
2025-10-11T15:43:39.532935,22.284,can1  110  [02]  70 17
2025-10-11T15:43:39.534466,22.286,can1  110  [02]  70 17
2025-10-11T15:43:39.535815,22.287,can1  100  [03]  5E 15 05
2025-10-11T15:43:39.537363,22.289,can1  100  [03]  5E 15 05
2025-10-11T15:43:39.539755,22.291,can1  120  [04]  00 87 93 03
2025-10-11T15:43:39.541450,22.293,can1  120  [04]  00 87 93 03
2025-10-11T15:43:40.750289,23.502,can1  110  [02]  88 13
2025-10-11T15:43:40.752057,23.504,can1  110  [02]  88 13
2025-10-11T15:43:40.753354,23.505,can1  100  [03]  4E EE 04
2025-10-11T15:43:40.754560,23.506,can1  100  [03]  4E EE 04
2025-10-11T15:43:41.074766,23.826,can1  120  [04]  80 F0 FA 02
2025-10-11T15:43:41.076124,23.828,can1  120  [04]  80 F0 FA 02
2025-10-11T15:43:41.949417,24.701,can1  110  [02]  A0 0F
2025-10-11T15:43:41.950844,24.702,can1  110  [02]  A0 0F
2025-10-11T15:43:42.294768,25.046,can1  100  [03]  3E C7 04
2025-10-11T15:43:42.296131,25.048,can1  100  [03]  3E C7 04
2025-10-11T15:43:42.297460,25.049,can1  120  [04]  00 5A 62 02
2025-10-11T15:43:42.298844,25.050,can1  120  [04]  00 5A 62 02
2025-10-11T15:43:43.500007,26.251,can1  110  [02]  B8 0B
2025-10-11T15:43:43.501730,26.253,can1  110  [02]  B8 0B
2025-10-11T15:43:43.503308,26.255,can1  100  [03]  2E A0 04
2025-10-11T15:43:43.504850,26.256,can1  100  [03]  2E A0 04
2025-10-11T15:43:43.506933,26.258,can1  120  [04]  80 C3 C9 01
2025-10-11T15:43:43.508795,26.260,can1  120  [04]  80 C3 C9 01
2025-10-11T15:43:44.814501,27.566,can1  110  [02]  D0 07
2025-10-11T15:43:44.831949,27.583,can1  110  [02]  D0 07
2025-10-11T15:43:44.835120,27.587,can1  100  [03]  1E 79 04
2025-10-11T15:43:44.837507,27.589,can1  100  [03]  1E 79 04
2025-10-11T15:43:44.839337,27.591,can1  120  [04]  00 2D 31 01
2025-10-11T15:43:44.841110,27.593,can1  120  [04]  00 2D 31 01
2025-10-11T15:43:46.117882,28.869,can1  110  [02]  E8 03
2025-10-11T15:43:46.119433,28.871,can1  110  [02]  E8 03
2025-10-11T15:43:46.120789,28.872,can1  100  [03]  0E 52 04
2025-10-11T15:43:46.122205,28.874,can1  100  [03]  0E 52 04
2025-10-11T15:43:46.124236,28.876,can1  120  [04]  80 96 98 00
2025-10-11T15:43:46.126098,28.878,can1  120  [04]  80 96 98 00
2025-10-11T15:43:47.437409,30.189,can1  110  [02]  D0 07
2025-10-11T15:43:47.439042,30.191,can1  110  [02]  D0 07
2025-10-11T15:43:47.440479,30.192,can1  100  [03]  1E 79 04
2025-10-11T15:43:47.441875,30.193,can1  100  [03]  1E 79 04
2025-10-11T15:43:47.443788,30.195,can1  120  [04]  00 2D 31 01
2025-10-11T15:43:47.445625,30.197,can1  120  [04]  00 2D 31 01
2025-10-11T15:43:48.633824,31.385,can1  110  [02]  B8 0B
2025-10-11T15:43:48.635648,31.387,can1  110  [02]  B8 0B
2025-10-11T15:43:48.636972,31.388,can1  100  [03]  2E A0 04
2025-10-11T15:43:48.639786,31.391,can1  100  [03]  2E A0 04
2025-10-11T15:43:48.641575,31.393,can1  120  [04]  80 C3 C9 01
2025-10-11T15:43:48.643375,31.395,can1  120  [04]  80 C3 C9 01
2025-10-11T15:43:49.835804,32.587,can1  110  [02]  A0 0F
2025-10-11T15:43:49.837779,32.589,can1  110  [02]  A0 0F
2025-10-11T15:43:49.839182,32.591,can1  100  [03]  3E C7 04
2025-10-11T15:43:49.840542,32.592,can1  100  [03]  3E C7 04
2025-10-11T15:43:50.271910,33.023,can1  120  [04]  00 5A 62 02
2025-10-11T15:43:50.273468,33.025,can1  120  [04]  00 5A 62 02
2025-10-11T15:43:51.151313,33.903,can1  110  [02]  88 13
2025-10-11T15:43:51.152822,33.904,can1  110  [02]  88 13
2025-10-11T15:43:51.590536,34.342,can1  100  [03]  4E EE 04
2025-10-11T15:43:51.591988,34.343,can1  100  [03]  4E EE 04
2025-10-11T15:43:51.593338,34.345,can1  120  [04]  80 F0 FA 02
2025-10-11T15:43:51.594820,34.346,can1  120  [04]  80 F0 FA 02
2025-10-11T15:43:52.485100,35.237,can1  110  [02]  70 17
2025-10-11T15:43:52.486718,35.238,can1  110  [02]  70 17
2025-10-11T15:43:52.488431,35.240,can1  100  [03]  5E 15 05
2025-10-11T15:43:52.489725,35.241,can1  100  [03]  5E 15 05
2025-10-11T15:43:52.921848,35.673,can1  120  [04]  00 87 93 03
2025-10-11T15:43:52.923367,35.675,can1  120  [04]  00 87 93 03
2025-10-11T15:43:53.802692,36.554,can1  110  [02]  58 1B
2025-10-11T15:43:53.804129,36.556,can1  110  [02]  58 1B
2025-10-11T15:43:53.805581,36.557,can1  100  [03]  6E 3C 05
2025-10-11T15:43:53.806909,36.558,can1  100  [03]  6E 3C 05
2025-10-11T15:43:54.240568,36.992,can1  120  [04]  80 1D 2C 04
2025-10-11T15:43:54.242029,36.994,can1  120  [04]  80 1D 2C 04
2025-10-11T15:43:55.119182,37.871,can1  110  [02]  40 1F
2025-10-11T15:43:55.120598,37.872,can1  110  [02]  40 1F
2025-10-11T15:43:55.121940,37.873,can1  100  [03]  7E 63 05
2025-10-11T15:43:55.123430,37.875,can1  100  [03]  7E 63 05
2025-10-11T15:43:55.552914,38.304,can1  120  [04]  00 B4 C4 04
2025-10-11T15:43:55.554366,38.306,can1  120  [04]  00 B4 C4 04
2025-10-11T15:43:56.437148,39.189,can1  110  [02]  28 23
2025-10-11T15:43:56.438531,39.190,can1  110  [02]  28 23
2025-10-11T15:43:56.439938,39.191,can1  100  [03]  8E 8A 05
2025-10-11T15:43:56.441338,39.193,can1  100  [03]  8E 8A 05
2025-10-11T15:43:56.872902,39.624,can1  120  [04]  80 4A 5D 05
2025-10-11T15:43:56.874526,39.626,can1  120  [04]  80 4A 5D 05
2025-10-11T15:43:57.751700,40.503,can1  110  [02]  40 1F
2025-10-11T15:43:57.753220,40.505,can1  110  [02]  40 1F
2025-10-11T15:43:57.754643,40.506,can1  100  [03]  7E 63 05
2025-10-11T15:43:57.756010,40.507,can1  100  [03]  7E 63 05
2025-10-11T15:43:57.758040,40.510,can1  120  [04]  00 B4 C4 04
2025-10-11T15:43:57.759845,40.511,can1  120  [04]  00 B4 C4 04
2025-10-11T15:43:59.064206,41.816,can1  110  [02]  58 1B
2025-10-11T15:43:59.065790,41.817,can1  110  [02]  58 1B
2025-10-11T15:43:59.067212,41.819,can1  100  [03]  6E 3C 05
2025-10-11T15:43:59.068688,41.820,can1  100  [03]  6E 3C 05
2025-10-11T15:43:59.071095,41.823,can1  120  [04]  80 1D 2C 04
2025-10-11T15:43:59.073295,41.825,can1  120  [04]  80 1D 2C 04
2025-10-11T15:44:00.380512,43.132,can1  110  [02]  70 17
2025-10-11T15:44:00.382157,43.134,can1  110  [02]  70 17
2025-10-11T15:44:00.383991,43.135,can1  100  [03]  5E 15 05
2025-10-11T15:44:00.385738,43.137,can1  100  [03]  5E 15 05
2025-10-11T15:44:00.387743,43.139,can1  120  [04]  00 87 93 03
2025-10-11T15:44:00.389604,43.141,can1  120  [04]  00 87 93 03
2025-10-11T15:44:01.694025,44.446,can1  110  [02]  88 13
2025-10-11T15:44:01.695612,44.447,can1  110  [02]  88 13
2025-10-11T15:44:01.697090,44.449,can1  100  [03]  4E EE 04
2025-10-11T15:44:01.698532,44.450,can1  100  [03]  4E EE 04
2025-10-11T15:44:01.701034,44.453,can1  120  [04]  80 F0 FA 02
2025-10-11T15:44:01.703455,44.455,can1  120  [04]  80 F0 FA 02
2025-10-11T15:44:02.909915,45.661,can1  110  [02]  A0 0F
2025-10-11T15:44:02.911507,45.663,can1  110  [02]  A0 0F
2025-10-11T15:44:02.913283,45.665,can1  100  [03]  3E C7 04
2025-10-11T15:44:02.914743,45.666,can1  100  [03]  3E C7 04
2025-10-11T15:44:02.916858,45.668,can1  120  [04]  00 5A 62 02
2025-10-11T15:44:02.919142,45.671,can1  120  [04]  00 5A 62 02
2025-10-11T15:44:03.783850,46.535,can1  110  [02]  B8 0B
2025-10-11T15:44:03.785471,46.537,can1  110  [02]  B8 0B
2025-10-11T15:44:04.215245,46.967,can1  100  [03]  2E A0 04
2025-10-11T15:44:04.217088,46.969,can1  100  [03]  2E A0 04
2025-10-11T15:44:04.218600,46.970,can1  120  [04]  80 C3 C9 01
2025-10-11T15:44:04.220046,46.972,can1  120  [04]  80 C3 C9 01
2025-10-11T15:44:05.646380,48.398,can1  110  [02]  D0 07
2025-10-11T15:44:05.647866,48.399,can1  110  [02]  D0 07
2025-10-11T15:44:05.649293,48.401,can1  100  [03]  1E 79 04
2025-10-11T15:44:05.650784,48.402,can1  100  [03]  1E 79 04
2025-10-11T15:44:05.652920,48.404,can1  120  [04]  00 2D 31 01
2025-10-11T15:44:05.654872,48.406,can1  120  [04]  00 2D 31 01
2025-10-11T15:44:06.966602,49.718,can1  110  [02]  E8 03
2025-10-11T15:44:06.968251,49.720,can1  110  [02]  E8 03
2025-10-11T15:44:06.970153,49.722,can1  100  [03]  0E 52 04
2025-10-11T15:44:06.972943,49.724,can1  100  [03]  0E 52 04
2025-10-11T15:44:06.974827,49.726,can1  120  [04]  80 96 98 00
2025-10-11T15:44:06.978816,49.730,can1  120  [04]  80 96 98 00
2025-10-11T15:44:07.968773,50.720,can1  110  [02]  D0 07
2025-10-11T15:44:07.970164,50.722,can1  110  [02]  D0 07
2025-10-11T15:44:07.971626,50.723,can1  100  [03]  1E 79 04
2025-10-11T15:44:07.973133,50.725,can1  100  [03]  1E 79 04
2025-10-11T15:44:07.975249,50.727,can1  120  [04]  00 2D 31 01
2025-10-11T15:44:07.977594,50.729,can1  120  [04]  00 2D 31 01
2025-10-11T15:44:09.284262,52.036,can1  110  [02]  B8 0B
2025-10-11T15:44:09.286269,52.038,can1  110  [02]  B8 0B
2025-10-11T15:44:09.288082,52.040,can1  100  [03]  2E A0 04
2025-10-11T15:44:09.290795,52.042,can1  100  [03]  2E A0 04
2025-10-11T15:44:09.292751,52.044,can1  120  [04]  80 C3 C9 01
2025-10-11T15:44:09.294315,52.046,can1  120  [04]  80 C3 C9 01
2025-10-11T15:44:10.592455,53.344,can1  110  [02]  A0 0F
2025-10-11T15:44:10.595785,53.347,can1  110  [02]  A0 0F
2025-10-11T15:44:10.599396,53.351,can1  100  [03]  3E C7 04
2025-10-11T15:44:10.603351,53.355,can1  100  [03]  3E C7 04
2025-10-11T15:44:11.036838,53.788,can1  120  [04]  00 5A 62 02
2025-10-11T15:44:11.038618,53.790,can1  120  [04]  00 5A 62 02
2025-10-11T15:44:11.904180,54.656,can1  110  [02]  88 13
2025-10-11T15:44:11.906004,54.657,can1  110  [02]  88 13
2025-10-11T15:44:11.908548,54.660,can1  100  [03]  4E EE 04
2025-10-11T15:44:11.910996,54.662,can1  100  [03]  4E EE 04
2025-10-11T15:44:12.774573,55.526,can1  120  [04]  80 F0 FA 02
2025-10-11T15:44:12.776794,55.528,can1  120  [04]  80 F0 FA 02
2025-10-11T15:44:13.772213,56.524,can1  110  [02]  70 17
2025-10-11T15:44:13.774256,56.526,can1  110  [02]  70 17
2025-10-11T15:44:13.776592,56.528,can1  100  [03]  5E 15 05
2025-10-11T15:44:13.778698,56.530,can1  100  [03]  5E 15 05
2025-10-11T15:44:13.780970,56.532,can1  120  [04]  00 87 93 03
2025-10-11T15:44:13.783818,56.535,can1  120  [04]  00 87 93 03
2025-10-11T15:44:14.654121,57.406,can1  110  [02]  58 1B
2025-10-11T15:44:14.656438,57.408,can1  110  [02]  58 1B
2025-10-11T15:44:14.658910,57.410,can1  100  [03]  6E 3C 05
2025-10-11T15:44:14.661537,57.413,can1  100  [03]  6E 3C 05
2025-10-11T15:44:14.663147,57.415,can1  120  [04]  80 1D 2C 04
2025-10-11T15:44:14.664845,57.416,can1  120  [04]  80 1D 2C 04
2025-10-11T15:44:15.522707,58.274,can1  110  [02]  40 1F
2025-10-11T15:44:15.525015,58.276,can1  110  [02]  40 1F
2025-10-11T15:44:16.404298,59.156,can1  100  [03]  7E 63 05
2025-10-11T15:44:16.406089,59.158,can1  100  [03]  7E 63 05
2025-10-11T15:44:16.407942,59.159,can1  120  [04]  00 B4 C4 04
2025-10-11T15:44:16.411146,59.163,can1  120  [04]  00 B4 C4 04
2025-10-11T15:44:17.392260,60.144,can1  110  [02]  28 23
2025-10-11T15:44:17.394101,60.146,can1  110  [02]  28 23
2025-10-11T15:44:17.396031,60.148,can1  100  [03]  8E 8A 05
2025-10-11T15:44:17.398788,60.150,can1  100  [03]  8E 8A 05
2025-10-11T15:44:17.400795,60.152,can1  120  [04]  80 4A 5D 05
2025-10-11T15:44:17.403709,60.155,can1  120  [04]  80 4A 5D 05
2025-10-11T15:44:18.388777,61.140,can1  110  [02]  40 1F
2025-10-11T15:44:18.390609,61.142,can1  110  [02]  40 1F
2025-10-11T15:44:18.392930,61.144,can1  100  [03]  7E 63 05
2025-10-11T15:44:18.395383,61.147,can1  100  [03]  7E 63 05
2025-10-11T15:44:19.393966,62.145,can1  120  [04]  00 B4 C4 04
2025-10-11T15:44:19.396624,62.148,can1  120  [04]  00 B4 C4 04
2025-10-11T15:44:20.266572,63.018,can1  110  [02]  58 1B
2025-10-11T15:44:20.268612,63.020,can1  110  [02]  58 1B
2025-10-11T15:44:20.270676,63.022,can1  100  [03]  6E 3C 05
2025-10-11T15:44:20.272994,63.024,can1  100  [03]  6E 3C 05
2025-10-11T15:44:20.274885,63.026,can1  120  [04]  80 1D 2C 04
2025-10-11T15:44:20.278093,63.030,can1  120  [04]  80 1D 2C 04
2025-10-11T15:44:21.271080,64.023,can1  110  [02]  70 17
2025-10-11T15:44:21.273278,64.025,can1  110  [02]  70 17
2025-10-11T15:44:21.275315,64.027,can1  100  [03]  5E 15 05
2025-10-11T15:44:21.278025,64.030,can1  100  [03]  5E 15 05
2025-10-11T15:44:21.279780,64.031,can1  120  [04]  00 87 93 03
2025-10-11T15:44:21.282942,64.034,can1  120  [04]  00 87 93 03
2025-10-11T15:44:22.241999,64.993,can1  110  [02]  88 13
2025-10-11T15:44:22.244313,64.996,can1  110  [02]  88 13
2025-10-11T15:44:22.246939,64.998,can1  100  [03]  4E EE 04
2025-10-11T15:44:22.249318,65.001,can1  100  [03]  4E EE 04
2025-10-11T15:44:22.251635,65.003,can1  120  [04]  80 F0 FA 02
2025-10-11T15:44:22.254773,65.006,can1  120  [04]  80 F0 FA 02
2025-10-11T15:44:24.107651,66.859,can1  110  [02]  A0 0F
2025-10-11T15:44:24.109595,66.861,can1  110  [02]  A0 0F
2025-10-11T15:44:24.111974,66.863,can1  100  [03]  3E C7 04
2025-10-11T15:44:24.114823,66.866,can1  100  [03]  3E C7 04
2025-10-11T15:44:24.116914,66.868,can1  120  [04]  00 5A 62 02
2025-10-11T15:44:24.120556,66.872,can1  120  [04]  00 5A 62 02
2025-10-11T15:44:25.086781,67.838,can1  110  [02]  B8 0B
2025-10-11T15:44:25.090005,67.841,can1  110  [02]  B8 0B
2025-10-11T15:44:25.092963,67.844,can1  100  [03]  2E A0 04
2025-10-11T15:44:25.095996,67.847,can1  100  [03]  2E A0 04
2025-10-11T15:44:25.098514,67.850,can1  120  [04]  80 C3 C9 01
2025-10-11T15:44:25.101677,67.853,can1  120  [04]  80 C3 C9 01
2025-10-11T15:44:25.970710,68.722,can1  110  [02]  D0 07
2025-10-11T15:44:25.972935,68.724,can1  110  [02]  D0 07
2025-10-11T15:44:25.975189,68.727,can1  100  [03]  1E 79 04
2025-10-11T15:44:25.977419,68.729,can1  100  [03]  1E 79 04
2025-10-11T15:44:25.979543,68.731,can1  120  [04]  00 2D 31 01
2025-10-11T15:44:25.982165,68.734,can1  120  [04]  00 2D 31 01
2025-10-11T15:44:26.957766,69.709,can1  110  [02]  E8 03
2025-10-11T15:44:26.960372,69.712,can1  110  [02]  E8 03
2025-10-11T15:44:27.942201,70.694,can1  100  [03]  0E 52 04
2025-10-11T15:44:27.945311,70.697,can1  100  [03]  0E 52 04
2025-10-11T15:44:27.949224,70.701,can1  120  [04]  80 96 98 00
2025-10-11T15:44:27.951497,70.703,can1  120  [04]  80 96 98 00
2025-10-11T15:44:28.939885,71.691,can1  110  [02]  D0 07
2025-10-11T15:44:28.941883,71.693,can1  110  [02]  D0 07
2025-10-11T15:44:28.944125,71.696,can1  100  [03]  1E 79 04
2025-10-11T15:44:28.946746,71.698,can1  100  [03]  1E 79 04
2025-10-11T15:44:28.949354,71.701,can1  120  [04]  00 2D 31 01
2025-10-11T15:44:28.952119,71.704,can1  120  [04]  00 2D 31 01
2025-10-11T15:44:29.822291,72.574,can1  110  [02]  B8 0B
2025-10-11T15:44:29.824767,72.576,can1  110  [02]  B8 0B
2025-10-11T15:44:29.827145,72.579,can1  100  [03]  2E A0 04
2025-10-11T15:44:29.830030,72.582,can1  100  [03]  2E A0 04
2025-10-11T15:44:30.817677,73.569,can1  120  [04]  80 C3 C9 01
2025-10-11T15:44:30.820110,73.572,can1  120  [04]  80 C3 C9 01
2025-10-11T15:44:31.801461,74.553,can1  110  [02]  A0 0F
2025-10-11T15:44:31.804008,74.555,can1  110  [02]  A0 0F
2025-10-11T15:44:31.806385,74.558,can1  100  [03]  3E C7 04
2025-10-11T15:44:31.809364,74.561,can1  100  [03]  3E C7 04
2025-10-11T15:44:31.812960,74.564,can1  120  [04]  00 5A 62 02
2025-10-11T15:44:31.815526,74.567,can1  120  [04]  00 5A 62 02
2025-10-11T15:44:32.773278,75.525,can1  110  [02]  88 13
2025-10-11T15:44:32.775801,75.527,can1  110  [02]  88 13
2025-10-11T15:44:32.777869,75.529,can1  100  [03]  4E EE 04
2025-10-11T15:44:32.782491,75.534,can1  100  [03]  4E EE 04
2025-10-11T15:44:32.785024,75.537,can1  120  [04]  80 F0 FA 02
2025-10-11T15:44:32.788855,75.540,can1  120  [04]  80 F0 FA 02
2025-10-11T15:44:33.659155,76.411,can1  110  [02]  70 17
2025-10-11T15:44:33.662821,76.414,can1  110  [02]  70 17
2025-10-11T15:44:34.633917,77.385,can1  100  [03]  5E 15 05
2025-10-11T15:44:34.636046,77.388,can1  100  [03]  5E 15 05
2025-10-11T15:44:34.638066,77.390,can1  120  [04]  00 87 93 03
2025-10-11T15:44:34.640896,77.392,can1  120  [04]  00 87 93 03
2025-10-11T15:44:35.621796,78.373,can1  110  [02]  58 1B
2025-10-11T15:44:35.624277,78.376,can1  110  [02]  58 1B
2025-10-11T15:44:35.628110,78.380,can1  100  [03]  6E 3C 05
2025-10-11T15:44:35.631060,78.383,can1  100  [03]  6E 3C 05
2025-10-11T15:44:35.633685,78.385,can1  120  [04]  80 1D 2C 04
2025-10-11T15:44:35.636307,78.388,can1  120  [04]  80 1D 2C 04
2025-10-11T15:44:36.520874,79.272,can1  110  [02]  40 1F
2025-10-11T15:44:36.523754,79.275,can1  110  [02]  40 1F
2025-10-11T15:44:36.525529,79.277,can1  100  [03]  7E 63 05
2025-10-11T15:44:36.528118,79.280,can1  100  [03]  7E 63 05
2025-10-11T15:44:36.530394,79.282,can1  120  [04]  00 B4 C4 04
2025-10-11T15:44:36.533150,79.285,can1  120  [04]  00 B4 C4 04
2025-10-11T15:44:38.277228,81.029,can1  110  [02]  28 23
2025-10-11T15:44:38.280287,81.032,can1  110  [02]  28 23
2025-10-11T15:44:38.282755,81.034,can1  100  [03]  8E 8A 05
2025-10-11T15:44:38.285319,81.037,can1  100  [03]  8E 8A 05
2025-10-11T15:44:38.287441,81.039,can1  120  [04]  80 4A 5D 05
2025-10-11T15:44:38.289970,81.041,can1  120  [04]  80 4A 5D 05
2025-10-11T15:44:39.161595,81.913,can1  110  [02]  40 1F
2025-10-11T15:44:39.164113,81.916,can1  110  [02]  40 1F
2025-10-11T15:44:39.166547,81.918,can1  100  [03]  7E 63 05
2025-10-11T15:44:39.169339,81.921,can1  100  [03]  7E 63 05
2025-10-11T15:44:39.171823,81.923,can1  120  [04]  00 B4 C4 04
2025-10-11T15:44:39.174614,81.926,can1  120  [04]  00 B4 C4 04
2025-10-11T15:44:40.916116,83.668,can1  110  [02]  58 1B
2025-10-11T15:44:40.918627,83.670,can1  110  [02]  58 1B
2025-10-11T15:44:40.921300,83.673,can1  100  [03]  6E 3C 05
2025-10-11T15:44:40.924045,83.676,can1  100  [03]  6E 3C 05
2025-10-11T15:44:40.926325,83.678,can1  120  [04]  80 1D 2C 04
2025-10-11T15:44:40.928959,83.680,can1  120  [04]  80 1D 2C 04
2025-10-11T15:44:41.817136,84.569,can1  110  [02]  70 17
2025-10-11T15:44:41.819804,84.571,can1  110  [02]  70 17
2025-10-11T15:44:41.822323,84.574,can1  100  [03]  5E 15 05
2025-10-11T15:44:41.825091,84.577,can1  100  [03]  5E 15 05
2025-10-11T15:44:41.827465,84.579,can1  120  [04]  00 87 93 03
2025-10-11T15:44:41.830229,84.582,can1  120  [04]  00 87 93 03
2025-10-11T15:44:43.563550,86.315,can1  110  [02]  88 13
2025-10-11T15:44:43.565924,86.317,can1  110  [02]  88 13
2025-10-11T15:44:43.568600,86.320,can1  100  [03]  4E EE 04
2025-10-11T15:44:43.571176,86.323,can1  100  [03]  4E EE 04
2025-10-11T15:44:43.573159,86.325,can1  120  [04]  80 F0 FA 02
2025-10-11T15:44:43.576246,86.328,can1  120  [04]  80 F0 FA 02
2025-10-11T15:44:44.435449,87.187,can1  110  [02]  A0 0F
2025-10-11T15:44:44.437800,87.189,can1  110  [02]  A0 0F
2025-10-11T15:44:44.440104,87.192,can1  100  [03]  3E C7 04
2025-10-11T15:44:44.442972,87.194,can1  100  [03]  3E C7 04
2025-10-11T15:44:44.445210,87.197,can1  120  [04]  00 5A 62 02
2025-10-11T15:44:44.447634,87.199,can1  120  [04]  00 5A 62 02
2025-10-11T15:44:46.185480,88.937,can1  110  [02]  B8 0B
2025-10-11T15:44:46.188626,88.940,can1  110  [02]  B8 0B
2025-10-11T15:44:46.192036,88.944,can1  100  [03]  2E A0 04
2025-10-11T15:44:46.194490,88.946,can1  100  [03]  2E A0 04
2025-10-11T15:44:46.196950,88.948,can1  120  [04]  80 C3 C9 01
2025-10-11T15:44:46.199586,88.951,can1  120  [04]  80 C3 C9 01
2025-10-11T15:44:47.175410,89.927,can1  110  [02]  D0 07
2025-10-11T15:44:47.177685,89.929,can1  110  [02]  D0 07
2025-10-11T15:44:47.180000,89.931,can1  100  [03]  1E 79 04
2025-10-11T15:44:47.182905,89.934,can1  100  [03]  1E 79 04
2025-10-11T15:44:47.185188,89.937,can1  120  [04]  00 2D 31 01
2025-10-11T15:44:47.188458,89.940,can1  120  [04]  00 2D 31 01
2025-10-11T15:44:48.914932,91.666,can1  110  [02]  E8 03
2025-10-11T15:44:48.916786,91.668,can1  110  [02]  E8 03
2025-10-11T15:44:48.919345,91.671,can1  100  [03]  0E 52 04
2025-10-11T15:44:48.922717,91.674,can1  100  [03]  0E 52 04
2025-10-11T15:44:48.924732,91.676,can1  120  [04]  80 96 98 00
2025-10-11T15:44:48.928046,91.680,can1  120  [04]  80 96 98 00
2025-10-11T15:44:49.901805,92.653,can1  110  [02]  D0 07
2025-10-11T15:44:49.904248,92.656,can1  110  [02]  D0 07
2025-10-11T15:44:49.906748,92.658,can1  100  [03]  1E 79 04
2025-10-11T15:44:49.909574,92.661,can1  100  [03]  1E 79 04
2025-10-11T15:44:49.912212,92.664,can1  120  [04]  00 2D 31 01
2025-10-11T15:44:49.914743,92.666,can1  120  [04]  00 2D 31 01
2025-10-11T15:44:51.652794,94.404,can1  110  [02]  B8 0B
2025-10-11T15:44:51.655339,94.407,can1  110  [02]  B8 0B
2025-10-11T15:44:51.658856,94.410,can1  100  [03]  2E A0 04
2025-10-11T15:44:51.661413,94.413,can1  100  [03]  2E A0 04
2025-10-11T15:44:51.664962,94.416,can1  120  [04]  80 C3 C9 01
2025-10-11T15:44:51.667532,94.419,can1  120  [04]  80 C3 C9 01
2025-10-11T15:44:52.551555,95.303,can1  110  [02]  A0 0F
2025-10-11T15:44:52.554034,95.306,can1  110  [02]  A0 0F
2025-10-11T15:44:52.556883,95.308,can1  100  [03]  3E C7 04
2025-10-11T15:44:52.559000,95.310,can1  100  [03]  3E C7 04
2025-10-11T15:44:53.419206,96.171,can1  120  [04]  00 5A 62 02
2025-10-11T15:44:53.421897,96.173,can1  120  [04]  00 5A 62 02
2025-10-11T15:44:54.301331,97.053,can1  110  [02]  88 13
2025-10-11T15:44:54.303956,97.055,can1  110  [02]  88 13
2025-10-11T15:44:54.306578,97.058,can1  100  [03]  4E EE 04
2025-10-11T15:44:54.309275,97.061,can1  100  [03]  4E EE 04
2025-10-11T15:44:54.311785,97.063,can1  120  [04]  80 F0 FA 02
2025-10-11T15:44:54.314681,97.066,can1  120  [04]  80 F0 FA 02
2025-10-11T15:44:55.169649,97.921,can1  110  [02]  70 17
2025-10-11T15:44:55.172553,97.924,can1  110  [02]  70 17
2025-10-11T15:44:55.174312,97.926,can1  100  [03]  5E 15 05
2025-10-11T15:44:55.177805,97.929,can1  100  [03]  5E 15 05
2025-10-11T15:44:56.050504,98.802,can1  120  [04]  00 87 93 03
2025-10-11T15:44:56.053227,98.805,can1  120  [04]  00 87 93 03
2025-10-11T15:44:56.920431,99.672,can1  110  [02]  58 1B
2025-10-11T15:44:56.922857,99.674,can1  110  [02]  58 1B
2025-10-11T15:44:56.925943,99.677,can1  100  [03]  6E 3C 05
2025-10-11T15:44:56.974048,99.726,can1  100  [03]  6E 3C 05
2025-10-11T15:44:56.976564,99.728,can1  120  [04]  80 1D 2C 04
2025-10-11T15:44:56.979916,99.731,can1  120  [04]  80 1D 2C 04
2025-10-11T15:44:57.937327,100.689,can1  110  [02]  40 1F
2025-10-11T15:44:57.940328,100.692,can1  110  [02]  40 1F
2025-10-11T15:44:57.943826,100.695,can1  100  [03]  7E 63 05
2025-10-11T15:44:57.946541,100.698,can1  100  [03]  7E 63 05
2025-10-11T15:44:57.948895,100.700,can1  120  [04]  00 B4 C4 04
2025-10-11T15:44:57.951495,100.703,can1  120  [04]  00 B4 C4 04
2025-10-11T15:44:59.699538,102.451,can1  110  [02]  28 23
2025-10-11T15:44:59.702121,102.454,can1  110  [02]  28 23
2025-10-11T15:44:59.704797,102.456,can1  100  [03]  8E 8A 05
2025-10-11T15:44:59.707287,102.459,can1  100  [03]  8E 8A 05
2025-10-11T15:44:59.709788,102.461,can1  120  [04]  80 4A 5D 05
2025-10-11T15:44:59.712279,102.464,can1  120  [04]  80 4A 5D 05
2025-10-11T15:45:00.583046,103.335,can1  110  [02]  40 1F
2025-10-11T15:45:00.585889,103.337,can1  110  [02]  40 1F
2025-10-11T15:45:00.588359,103.340,can1  100  [03]  7E 63 05
2025-10-11T15:45:00.591650,103.343,can1  100  [03]  7E 63 05
2025-10-11T15:45:00.593930,103.345,can1  120  [04]  00 B4 C4 04
2025-10-11T15:45:00.596449,103.348,can1  120  [04]  00 B4 C4 04
2025-10-11T15:45:02.349054,105.101,can1  110  [02]  58 1B
2025-10-11T15:45:02.351891,105.103,can1  110  [02]  58 1B
2025-10-11T15:45:02.355208,105.107,can1  100  [03]  6E 3C 05
2025-10-11T15:45:02.357988,105.109,can1  100  [03]  6E 3C 05
2025-10-11T15:45:02.360458,105.112,can1  120  [04]  80 1D 2C 04
2025-10-11T15:45:02.363402,105.115,can1  120  [04]  80 1D 2C 04
2025-10-11T15:45:03.233135,105.985,can1  110  [02]  70 17
2025-10-11T15:45:03.236001,105.987,can1  110  [02]  70 17
2025-10-11T15:45:03.238776,105.990,can1  100  [03]  5E 15 05
2025-10-11T15:45:03.241883,105.993,can1  100  [03]  5E 15 05
2025-10-11T15:45:03.244007,105.995,can1  120  [04]  00 87 93 03
2025-10-11T15:45:03.246929,105.998,can1  120  [04]  00 87 93 03
2025-10-11T15:45:04.989859,107.741,can1  110  [02]  88 13
2025-10-11T15:45:04.991960,107.743,can1  110  [02]  88 13
2025-10-11T15:45:04.994079,107.746,can1  100  [03]  4E EE 04
2025-10-11T15:45:04.997056,107.749,can1  100  [03]  4E EE 04
2025-10-11T15:45:05.001074,107.753,can1  120  [04]  80 F0 FA 02
2025-10-11T15:45:05.003841,107.755,can1  120  [04]  80 F0 FA 02
2025-10-11T15:45:05.970338,108.722,can1  110  [02]  A0 0F
2025-10-11T15:45:05.973138,108.725,can1  110  [02]  A0 0F
2025-10-11T15:45:05.976985,108.728,can1  100  [03]  3E C7 04
2025-10-11T15:45:05.979580,108.731,can1  100  [03]  3E C7 04
2025-10-11T15:45:05.981983,108.733,can1  120  [04]  00 5A 62 02
2025-10-11T15:45:05.985387,108.737,can1  120  [04]  00 5A 62 02
2025-10-11T15:45:06.954455,109.706,can1  110  [02]  B8 0B
2025-10-11T15:45:06.957379,109.709,can1  110  [02]  B8 0B
2025-10-11T15:45:06.961028,109.713,can1  100  [03]  2E A0 04
2025-10-11T15:45:06.963619,109.715,can1  100  [03]  2E A0 04
2025-10-11T15:45:06.965943,109.717,can1  120  [04]  80 C3 C9 01
2025-10-11T15:45:06.968436,109.720,can1  120  [04]  80 C3 C9 01
2025-10-11T15:45:08.707637,111.459,can1  110  [02]  D0 07
2025-10-11T15:45:08.710815,111.462,can1  110  [02]  D0 07
2025-10-11T15:45:08.714101,111.466,can1  100  [03]  1E 79 04
2025-10-11T15:45:08.716811,111.468,can1  100  [03]  1E 79 04
2025-10-11T15:45:08.720225,111.472,can1  120  [04]  00 2D 31 01
2025-10-11T15:45:08.722932,111.474,can1  120  [04]  00 2D 31 01
2025-10-11T15:45:09.572250,112.324,can1  110  [02]  E8 03
2025-10-11T15:45:09.574998,112.326,can1  110  [02]  E8 03
2025-10-11T15:45:09.577608,112.329,can1  100  [03]  0E 52 04
2025-10-11T15:45:09.580825,112.332,can1  100  [03]  0E 52 04
2025-10-11T15:45:09.583446,112.335,can1  120  [04]  80 96 98 00
2025-10-11T15:45:09.586288,112.338,can1  120  [04]  80 96 98 00
2025-10-11T15:45:11.222700,113.974,can1  110  [02]  D0 07
2025-10-11T15:45:11.225466,113.977,can1  110  [02]  D0 07
2025-10-11T15:45:11.229275,113.981,can1  100  [03]  1E 79 04
2025-10-11T15:45:11.231630,113.983,can1  100  [03]  1E 79 04
2025-10-11T15:45:11.234137,113.986,can1  120  [04]  00 2D 31 01
2025-10-11T15:45:11.237074,113.989,can1  120  [04]  00 2D 31 01
2025-10-11T15:45:12.204643,114.956,can1  110  [02]  B8 0B
2025-10-11T15:45:12.207416,114.959,can1  110  [02]  B8 0B
2025-10-11T15:45:12.210983,114.962,can1  100  [03]  2E A0 04
2025-10-11T15:45:12.213720,114.965,can1  100  [03]  2E A0 04
2025-10-11T15:45:12.216348,114.968,can1  120  [04]  80 C3 C9 01
2025-10-11T15:45:12.219375,114.971,can1  120  [04]  80 C3 C9 01
2025-10-11T15:45:14.056798,116.808,can1  110  [02]  A0 0F
2025-10-11T15:45:14.060531,116.812,can1  110  [02]  A0 0F
2025-10-11T15:45:14.065820,116.817,can1  100  [03]  3E C7 04
2025-10-11T15:45:14.071968,116.823,can1  100  [03]  3E C7 04
2025-10-11T15:45:14.075609,116.827,can1  120  [04]  00 5A 62 02
2025-10-11T15:45:14.078487,116.830,can1  120  [04]  00 5A 62 02
2025-10-11T15:45:15.055466,117.807,can1  110  [02]  88 13
2025-10-11T15:45:15.058578,117.810,can1  110  [02]  88 13
2025-10-11T15:45:15.062329,117.814,can1  100  [03]  4E EE 04
2025-10-11T15:45:15.064982,117.816,can1  100  [03]  4E EE 04
2025-10-11T15:45:15.067818,117.819,can1  120  [04]  80 F0 FA 02
2025-10-11T15:45:15.070619,117.822,can1  120  [04]  80 F0 FA 02
2025-10-11T15:45:15.939241,118.691,can1  110  [02]  70 17
2025-10-11T15:45:15.941816,118.693,can1  110  [02]  70 17
2025-10-11T15:45:16.919756,119.671,can1  100  [03]  5E 15 05
2025-10-11T15:45:16.922346,119.674,can1  100  [03]  5E 15 05
2025-10-11T15:45:16.924453,119.676,can1  120  [04]  00 87 93 03
2025-10-11T15:45:16.927043,119.679,can1  120  [04]  00 87 93 03
2025-10-11T15:45:17.798238,120.550,can1  110  [02]  58 1B
2025-10-11T15:45:17.801400,120.553,can1  110  [02]  58 1B
2025-10-11T15:45:17.804009,120.555,can1  100  [03]  6E 3C 05
2025-10-11T15:45:17.806936,120.558,can1  100  [03]  6E 3C 05
2025-10-11T15:45:17.809396,120.561,can1  120  [04]  80 1D 2C 04
2025-10-11T15:45:17.812475,120.564,can1  120  [04]  80 1D 2C 04
2025-10-11T15:45:18.668825,121.420,can1  110  [02]  40 1F
2025-10-11T15:45:18.671688,121.423,can1  110  [02]  40 1F
2025-10-11T15:45:18.675329,121.427,can1  100  [03]  7E 63 05
2025-10-11T15:45:18.729414,121.481,can1  100  [03]  7E 63 05
2025-10-11T15:45:18.732666,121.484,can1  120  [04]  00 B4 C4 04
2025-10-11T15:45:18.735264,121.487,can1  120  [04]  00 B4 C4 04
2025-10-11T15:45:20.637044,123.389,can1  110  [02]  28 23
2025-10-11T15:45:20.639691,123.391,can1  110  [02]  28 23
2025-10-11T15:45:20.642334,123.394,can1  100  [03]  8E 8A 05
2025-10-11T15:45:20.645490,123.397,can1  100  [03]  8E 8A 05
2025-10-11T15:45:20.647820,123.399,can1  120  [04]  80 4A 5D 05
2025-10-11T15:45:20.651086,123.403,can1  120  [04]  80 4A 5D 05
2025-10-11T15:45:21.520658,124.272,can1  110  [02]  40 1F
2025-10-11T15:45:21.523159,124.275,can1  110  [02]  40 1F
2025-10-11T15:45:21.527194,124.279,can1  100  [03]  7E 63 05
2025-10-11T15:45:21.529951,124.281,can1  100  [03]  7E 63 05
2025-10-11T15:45:21.532400,124.284,can1  120  [04]  00 B4 C4 04
2025-10-11T15:45:21.536056,124.288,can1  120  [04]  00 B4 C4 04
2025-10-11T15:45:22.504195,125.256,can1  110  [02]  58 1B
2025-10-11T15:45:22.506985,125.258,can1  110  [02]  58 1B
2025-10-11T15:45:23.371490,126.123,can1  100  [03]  6E 3C 05
2025-10-11T15:45:23.374581,126.126,can1  100  [03]  6E 3C 05
2025-10-11T15:45:23.378261,126.130,can1  120  [04]  80 1D 2C 04
2025-10-11T15:45:23.382212,126.134,can1  120  [04]  80 1D 2C 04
2025-10-11T15:45:24.241753,126.993,can1  110  [02]  70 17
2025-10-11T15:45:24.244155,126.996,can1  110  [02]  70 17
2025-10-11T15:45:24.248233,127.000,can1  100  [03]  5E 15 05
2025-10-11T15:45:24.250877,127.002,can1  100  [03]  5E 15 05
2025-10-11T15:45:24.254084,127.006,can1  120  [04]  00 87 93 03
2025-10-11T15:45:24.258155,127.010,can1  120  [04]  00 87 93 03
2025-10-11T15:45:25.118180,127.870,can1  110  [02]  88 13
2025-10-11T15:45:25.120893,127.872,can1  110  [02]  88 13
2025-10-11T15:45:25.123658,127.875,can1  100  [03]  4E EE 04
2025-10-11T15:45:25.126744,127.878,can1  100  [03]  4E EE 04
2025-10-11T15:45:25.990208,128.742,can1  120  [04]  80 F0 FA 02
2025-10-11T15:45:25.993630,128.745,can1  120  [04]  80 F0 FA 02
2025-10-11T15:45:26.988715,129.740,can1  110  [02]  A0 0F
2025-10-11T15:45:26.991348,129.743,can1  110  [02]  A0 0F
2025-10-11T15:45:26.995514,129.747,can1  100  [03]  3E C7 04
2025-10-11T15:45:26.998553,129.750,can1  100  [03]  3E C7 04
2025-10-11T15:45:27.001954,129.753,can1  120  [04]  00 5A 62 02
2025-10-11T15:45:27.004791,129.756,can1  120  [04]  00 5A 62 02
2025-10-11T15:45:27.853820,130.605,can1  110  [02]  B8 0B
2025-10-11T15:45:27.857068,130.609,can1  110  [02]  B8 0B
2025-10-11T15:45:27.860952,130.612,can1  100  [03]  2E A0 04
2025-10-11T15:45:27.863878,130.615,can1  100  [03]  2E A0 04
2025-10-11T15:45:27.867234,130.619,can1  120  [04]  80 C3 C9 01
2025-10-11T15:45:27.870007,130.621,can1  120  [04]  80 C3 C9 01
2025-10-11T15:45:29.720694,132.472,can1  110  [02]  D0 07
2025-10-11T15:45:29.723578,132.475,can1  110  [02]  D0 07
2025-10-11T15:45:29.727246,132.479,can1  100  [03]  1E 79 04
2025-10-11T15:45:29.729905,132.481,can1  100  [03]  1E 79 04
2025-10-11T15:45:29.732708,132.484,can1  120  [04]  00 2D 31 01
2025-10-11T15:45:29.736801,132.488,can1  120  [04]  00 2D 31 01
2025-10-11T15:45:30.694949,133.446,can1  110  [02]  E8 03
2025-10-11T15:45:30.698523,133.450,can1  110  [02]  E8 03
2025-10-11T15:45:30.702179,133.454,can1  100  [03]  0E 52 04
2025-10-11T15:45:30.706070,133.458,can1  100  [03]  0E 52 04
2025-10-11T15:45:30.710379,133.462,can1  120  [04]  80 96 98 00
2025-10-11T15:45:30.713250,133.465,can1  120  [04]  80 96 98 00
2025-10-11T15:45:31.572317,134.324,can1  110  [02]  D0 07
2025-10-11T15:45:31.575757,134.327,can1  110  [02]  D0 07
2025-10-11T15:45:31.579567,134.331,can1  100  [03]  1E 79 04
2025-10-11T15:45:31.583007,134.334,can1  100  [03]  1E 79 04
2025-10-11T15:45:32.449995,135.201,can1  120  [04]  00 2D 31 01
2025-10-11T15:45:32.453661,135.205,can1  120  [04]  00 2D 31 01
2025-10-11T15:45:33.321682,136.073,can1  110  [02]  B8 0B
2025-10-11T15:45:33.325630,136.077,can1  110  [02]  B8 0B
2025-10-11T15:45:33.329486,136.081,can1  100  [03]  2E A0 04
2025-10-11T15:45:33.333256,136.085,can1  100  [03]  2E A0 04
2025-10-11T15:45:33.335709,136.087,can1  120  [04]  80 C3 C9 01
2025-10-11T15:45:33.338650,136.090,can1  120  [04]  80 C3 C9 01
2025-10-11T15:45:34.226689,136.978,can1  110  [02]  A0 0F
2025-10-11T15:45:34.229441,136.981,can1  110  [02]  A0 0F
2025-10-11T15:45:34.232992,136.984,can1  100  [03]  3E C7 04
2025-10-11T15:45:34.236280,136.988,can1  100  [03]  3E C7 04
2025-10-11T15:45:34.239957,136.991,can1  120  [04]  00 5A 62 02
2025-10-11T15:45:34.244194,136.996,can1  120  [04]  00 5A 62 02
2025-10-11T15:45:36.208252,138.960,can1  110  [02]  88 13
2025-10-11T15:45:36.211164,138.963,can1  110  [02]  88 13
2025-10-11T15:45:36.214281,138.966,can1  100  [03]  4E EE 04
2025-10-11T15:45:36.218712,138.970,can1  100  [03]  4E EE 04
2025-10-11T15:45:36.223742,138.975,can1  120  [04]  80 F0 FA 02
2025-10-11T15:45:36.227025,138.979,can1  120  [04]  80 F0 FA 02
2025-10-11T15:45:37.187916,139.939,can1  110  [02]  70 17
2025-10-11T15:45:37.190718,139.942,can1  110  [02]  70 17
2025-10-11T15:45:37.193874,139.945,can1  100  [03]  5E 15 05
2025-10-11T15:45:37.196957,139.948,can1  100  [03]  5E 15 05
2025-10-11T15:45:37.200335,139.952,can1  120  [04]  00 87 93 03
2025-10-11T15:45:37.203970,139.955,can1  120  [04]  00 87 93 03
2025-10-11T15:45:38.189201,140.941,can1  110  [02]  58 1B
2025-10-11T15:45:38.192248,140.944,can1  110  [02]  58 1B
2025-10-11T15:45:38.196215,140.948,can1  100  [03]  6E 3C 05
2025-10-11T15:45:38.198909,140.950,can1  100  [03]  6E 3C 05
2025-10-11T15:45:38.202909,140.954,can1  120  [04]  80 1D 2C 04
2025-10-11T15:45:38.205743,140.957,can1  120  [04]  80 1D 2C 04
2025-10-11T15:45:39.286861,142.038,can1  110  [02]  40 1F
2025-10-11T15:45:39.289631,142.041,can1  110  [02]  40 1F
2025-10-11T15:45:40.284770,143.036,can1  100  [03]  7E 63 05
2025-10-11T15:45:40.287879,143.039,can1  100  [03]  7E 63 05
2025-10-11T15:45:40.291395,143.043,can1  120  [04]  00 B4 C4 04
2025-10-11T15:45:40.294123,143.046,can1  120  [04]  00 B4 C4 04
2025-10-11T15:45:41.270644,144.022,can1  110  [02]  28 23
2025-10-11T15:45:41.273896,144.025,can1  110  [02]  28 23
2025-10-11T15:45:41.276957,144.028,can1  100  [03]  8E 8A 05
2025-10-11T15:45:41.279938,144.031,can1  100  [03]  8E 8A 05
2025-10-11T15:45:41.283451,144.035,can1  120  [04]  80 4A 5D 05
2025-10-11T15:45:41.286192,144.038,can1  120  [04]  80 4A 5D 05
2025-10-11T15:45:42.138128,144.890,can1  110  [02]  40 1F
2025-10-11T15:45:42.141248,144.893,can1  110  [02]  40 1F
2025-10-11T15:45:42.144271,144.896,can1  100  [03]  7E 63 05
2025-10-11T15:45:42.148059,144.900,can1  100  [03]  7E 63 05
2025-10-11T15:45:43.034534,145.786,can1  120  [04]  00 B4 C4 04
2025-10-11T15:45:43.037847,145.789,can1  120  [04]  00 B4 C4 04
2025-10-11T15:45:44.010492,146.762,can1  110  [02]  58 1B
2025-10-11T15:45:44.014514,146.766,can1  110  [02]  58 1B
2025-10-11T15:45:44.019161,146.771,can1  100  [03]  6E 3C 05
2025-10-11T15:45:44.023919,146.775,can1  100  [03]  6E 3C 05
2025-10-11T15:45:44.028112,146.780,can1  120  [04]  80 1D 2C 04
2025-10-11T15:45:44.033522,146.785,can1  120  [04]  80 1D 2C 04
2025-10-11T15:45:44.886223,147.638,can1  110  [02]  70 17
2025-10-11T15:45:44.889360,147.641,can1  110  [02]  70 17
2025-10-11T15:45:44.893081,147.645,can1  100  [03]  5E 15 05
2025-10-11T15:45:44.938822,147.690,can1  100  [03]  5E 15 05
2025-10-11T15:45:44.948484,147.700,can1  120  [04]  00 87 93 03
2025-10-11T15:45:44.951776,147.703,can1  120  [04]  00 87 93 03
2025-10-11T15:45:46.749568,149.501,can1  110  [02]  88 13
2025-10-11T15:45:46.752871,149.504,can1  110  [02]  88 13
2025-10-11T15:45:46.758484,149.510,can1  100  [03]  4E EE 04
2025-10-11T15:45:46.762431,149.514,can1  100  [03]  4E EE 04
2025-10-11T15:45:46.766056,149.518,can1  120  [04]  80 F0 FA 02
2025-10-11T15:45:46.769301,149.521,can1  120  [04]  80 F0 FA 02
2025-10-11T15:45:47.623561,150.375,can1  110  [02]  A0 0F
2025-10-11T15:45:47.626308,150.378,can1  110  [02]  A0 0F
2025-10-11T15:45:47.630315,150.382,can1  100  [03]  3E C7 04
2025-10-11T15:45:47.634547,150.386,can1  100  [03]  3E C7 04
2025-10-11T15:45:47.638266,150.390,can1  120  [04]  00 5A 62 02
2025-10-11T15:45:47.642058,150.394,can1  120  [04]  00 5A 62 02
2025-10-11T15:45:49.387258,152.139,can1  110  [02]  B8 0B
2025-10-11T15:45:49.390674,152.142,can1  110  [02]  B8 0B
2025-10-11T15:45:49.393842,152.145,can1  100  [03]  2E A0 04
2025-10-11T15:45:49.397556,152.149,can1  100  [03]  2E A0 04
2025-10-11T15:45:49.401482,152.153,can1  120  [04]  80 C3 C9 01
2025-10-11T15:45:49.405492,152.157,can1  120  [04]  80 C3 C9 01
2025-10-11T15:45:50.257748,153.009,can1  110  [02]  D0 07
2025-10-11T15:45:50.260827,153.012,can1  110  [02]  D0 07
2025-10-11T15:45:50.264176,153.016,can1  100  [03]  1E 79 04
2025-10-11T15:45:50.266787,153.018,can1  100  [03]  1E 79 04
2025-10-11T15:45:50.270520,153.022,can1  120  [04]  00 2D 31 01
2025-10-11T15:45:50.274036,153.026,can1  120  [04]  00 2D 31 01
2025-10-11T15:45:51.246307,153.998,can1  110  [02]  E8 03
2025-10-11T15:45:51.249506,154.001,can1  110  [02]  E8 03
2025-10-11T15:45:52.338916,155.090,can1  100  [03]  0E 52 04
2025-10-11T15:45:52.341728,155.093,can1  100  [03]  0E 52 04
2025-10-11T15:45:52.344978,155.096,can1  120  [04]  80 96 98 00
2025-10-11T15:45:52.347814,155.099,can1  120  [04]  80 96 98 00
2025-10-11T15:45:53.224514,155.976,can1  110  [02]  D0 07
2025-10-11T15:45:53.227522,155.979,can1  110  [02]  D0 07
2025-10-11T15:45:53.231169,155.983,can1  100  [03]  1E 79 04
2025-10-11T15:45:53.234692,155.986,can1  100  [03]  1E 79 04
2025-10-11T15:45:53.238009,155.989,can1  120  [04]  00 2D 31 01
2025-10-11T15:45:53.241071,155.993,can1  120  [04]  00 2D 31 01
2025-10-11T15:45:54.122139,156.874,can1  110  [02]  B8 0B
2025-10-11T15:45:54.125195,156.877,can1  110  [02]  B8 0B
2025-10-11T15:45:54.128395,156.880,can1  100  [03]  2E A0 04
2025-10-11T15:45:54.131554,156.883,can1  100  [03]  2E A0 04
2025-10-11T15:45:54.135233,156.887,can1  120  [04]  80 C3 C9 01
2025-10-11T15:45:54.138491,156.890,can1  120  [04]  80 C3 C9 01
2025-10-11T15:45:55.445612,158.197,can1  110  [02]  A0 0F
2025-10-11T15:45:55.448122,158.200,can1  110  [02]  A0 0F
2025-10-11T15:45:55.450240,158.202,can1  100  [03]  3E C7 04
2025-10-11T15:45:55.453282,158.205,can1  100  [03]  3E C7 04
2025-10-11T15:45:55.455947,158.207,can1  120  [04]  00 5A 62 02
2025-10-11T15:45:55.459165,158.211,can1  120  [04]  00 5A 62 02
2025-10-11T15:45:56.319331,159.071,can1  110  [02]  88 13
2025-10-11T15:45:56.321440,159.073,can1  110  [02]  88 13
2025-10-11T15:45:56.768689,159.520,can1  100  [03]  4E EE 04
2025-10-11T15:45:56.770933,159.522,can1  100  [03]  4E EE 04
2025-10-11T15:45:56.772993,159.524,can1  120  [04]  80 F0 FA 02
2025-10-11T15:45:56.776665,159.528,can1  120  [04]  80 F0 FA 02
2025-10-11T15:45:58.084663,160.836,can1  110  [02]  70 17
2025-10-11T15:45:58.086861,160.838,can1  110  [02]  70 17
2025-10-11T15:45:58.089104,160.841,can1  100  [03]  5E 15 05
2025-10-11T15:45:58.092111,160.844,can1  100  [03]  5E 15 05
2025-10-11T15:45:58.094338,160.846,can1  120  [04]  00 87 93 03
2025-10-11T15:45:58.097090,160.849,can1  120  [04]  00 87 93 03
2025-10-11T15:45:59.288831,162.040,can1  110  [02]  58 1B
2025-10-11T15:45:59.290900,162.042,can1  110  [02]  58 1B
2025-10-11T15:45:59.293206,162.045,can1  100  [03]  6E 3C 05
2025-10-11T15:45:59.295949,162.047,can1  100  [03]  6E 3C 05
2025-10-11T15:45:59.298367,162.050,can1  120  [04]  80 1D 2C 04
2025-10-11T15:45:59.301727,162.053,can1  120  [04]  80 1D 2C 04
2025-10-11T15:46:00.605877,163.357,can1  110  [02]  40 1F
2025-10-11T15:46:00.608301,163.360,can1  110  [02]  40 1F
2025-10-11T15:46:00.610732,163.362,can1  100  [03]  7E 63 05
2025-10-11T15:46:00.613486,163.365,can1  100  [03]  7E 63 05
2025-10-11T15:46:00.616428,163.368,can1  120  [04]  00 B4 C4 04
2025-10-11T15:46:00.619459,163.371,can1  120  [04]  00 B4 C4 04
2025-10-11T15:46:01.919279,164.671,can1  110  [02]  28 23
2025-10-11T15:46:01.921643,164.673,can1  110  [02]  28 23
2025-10-11T15:46:01.924719,164.676,can1  100  [03]  8E 8A 05
2025-10-11T15:46:01.927916,164.679,can1  100  [03]  8E 8A 05
2025-10-11T15:46:02.356311,165.108,can1  120  [04]  80 4A 5D 05
2025-10-11T15:46:02.358650,165.110,can1  120  [04]  80 4A 5D 05
2025-10-11T15:46:03.235620,165.987,can1  110  [02]  40 1F
2025-10-11T15:46:03.237860,165.989,can1  110  [02]  40 1F
2025-10-11T15:46:03.240253,165.992,can1  100  [03]  7E 63 05
2025-10-11T15:46:03.243223,165.995,can1  100  [03]  7E 63 05
2025-10-11T15:46:03.673819,166.425,can1  120  [04]  00 B4 C4 04
2025-10-11T15:46:03.676345,166.428,can1  120  [04]  00 B4 C4 04
2025-10-11T15:46:04.554923,167.306,can1  110  [02]  58 1B
2025-10-11T15:46:04.557411,167.309,can1  110  [02]  58 1B
2025-10-11T15:46:04.994754,167.746,can1  100  [03]  6E 3C 05
2025-10-11T15:46:04.997031,167.749,can1  100  [03]  6E 3C 05
2025-10-11T15:46:04.999304,167.751,can1  120  [04]  80 1D 2C 04
2025-10-11T15:46:05.002438,167.754,can1  120  [04]  80 1D 2C 04
2025-10-11T15:46:05.868304,168.620,can1  110  [02]  70 17
2025-10-11T15:46:05.870559,168.622,can1  110  [02]  70 17
2025-10-11T15:46:06.312069,169.064,can1  100  [03]  5E 15 05
2025-10-11T15:46:06.314786,169.066,can1  100  [03]  5E 15 05
2025-10-11T15:46:06.316834,169.068,can1  120  [04]  00 87 93 03
2025-10-11T15:46:06.319618,169.071,can1  120  [04]  00 87 93 03
2025-10-11T15:46:07.204787,169.956,can1  110  [02]  88 13
2025-10-11T15:46:07.207284,169.959,can1  110  [02]  88 13
2025-10-11T15:46:07.641742,170.393,can1  100  [03]  4E EE 04
2025-10-11T15:46:07.643955,170.395,can1  100  [03]  4E EE 04
2025-10-11T15:46:07.646302,170.398,can1  120  [04]  80 F0 FA 02
2025-10-11T15:46:07.649060,170.401,can1  120  [04]  80 F0 FA 02
2025-10-11T15:46:08.519687,171.271,can1  110  [02]  A0 0F
2025-10-11T15:46:08.522068,171.274,can1  110  [02]  A0 0F
2025-10-11T15:46:08.944007,171.695,can1  100  [03]  3E C7 04
2025-10-11T15:46:08.946328,171.698,can1  100  [03]  3E C7 04
2025-10-11T15:46:08.948393,171.700,can1  120  [04]  00 5A 62 02
2025-10-11T15:46:08.951311,171.703,can1  120  [04]  00 5A 62 02
2025-10-11T15:46:10.152813,172.904,can1  110  [02]  B8 0B
2025-10-11T15:46:10.155846,172.907,can1  110  [02]  B8 0B
2025-10-11T15:46:10.159115,172.911,can1  100  [03]  2E A0 04
2025-10-11T15:46:10.161941,172.913,can1  100  [03]  2E A0 04
2025-10-11T15:46:10.164802,172.916,can1  120  [04]  80 C3 C9 01
2025-10-11T15:46:10.167297,172.919,can1  120  [04]  80 C3 C9 01
2025-10-11T15:46:11.467732,174.219,can1  110  [02]  D0 07
2025-10-11T15:46:11.470030,174.222,can1  110  [02]  D0 07
2025-10-11T15:46:11.472426,174.224,can1  100  [03]  1E 79 04
2025-10-11T15:46:11.475752,174.227,can1  100  [03]  1E 79 04
2025-10-11T15:46:11.478069,174.230,can1  120  [04]  00 2D 31 01
2025-10-11T15:46:11.481191,174.233,can1  120  [04]  00 2D 31 01
2025-10-11T15:46:12.785519,175.537,can1  110  [02]  E8 03
2025-10-11T15:46:12.787913,175.539,can1  110  [02]  E8 03
2025-10-11T15:46:12.790200,175.542,can1  100  [03]  0E 52 04
2025-10-11T15:46:12.792977,175.544,can1  100  [03]  0E 52 04
2025-10-11T15:46:12.795886,175.547,can1  120  [04]  80 96 98 00
2025-10-11T15:46:12.798822,175.550,can1  120  [04]  80 96 98 00
2025-10-11T15:46:14.003381,176.755,can1  110  [02]  D0 07
2025-10-11T15:46:14.006015,176.757,can1  110  [02]  D0 07
2025-10-11T15:46:14.008652,176.760,can1  100  [03]  1E 79 04
2025-10-11T15:46:14.011868,176.763,can1  100  [03]  1E 79 04
2025-10-11T15:46:14.014032,176.766,can1  120  [04]  00 2D 31 01
2025-10-11T15:46:14.017137,176.769,can1  120  [04]  00 2D 31 01
2025-10-11T15:46:15.304399,178.056,can1  110  [02]  B8 0B
2025-10-11T15:46:15.307097,178.059,can1  110  [02]  B8 0B
2025-10-11T15:46:15.310352,178.062,can1  100  [03]  2E A0 04
2025-10-11T15:46:15.313554,178.065,can1  100  [03]  2E A0 04
2025-10-11T15:46:15.316982,178.068,can1  120  [04]  80 C3 C9 01
2025-10-11T15:46:15.319915,178.071,can1  120  [04]  80 C3 C9 01
2025-10-11T15:46:16.619714,179.371,can1  110  [02]  A0 0F
2025-10-11T15:46:16.622333,179.374,can1  110  [02]  A0 0F
2025-10-11T15:46:16.624804,179.376,can1  100  [03]  3E C7 04
2025-10-11T15:46:16.628135,179.380,can1  100  [03]  3E C7 04
2025-10-11T15:46:16.631015,179.382,can1  120  [04]  00 5A 62 02
2025-10-11T15:46:16.633925,179.385,can1  120  [04]  00 5A 62 02
2025-10-11T15:46:17.820620,180.572,can1  110  [02]  88 13
2025-10-11T15:46:17.823566,180.575,can1  110  [02]  88 13
2025-10-11T15:46:17.825840,180.577,can1  100  [03]  4E EE 04
2025-10-11T15:46:17.829181,180.581,can1  100  [03]  4E EE 04
2025-10-11T15:46:17.831561,180.583,can1  120  [04]  80 F0 FA 02
2025-10-11T15:46:17.834731,180.586,can1  120  [04]  80 F0 FA 02
2025-10-11T15:46:19.137454,181.889,can1  110  [02]  70 17
2025-10-11T15:46:19.140090,181.892,can1  110  [02]  70 17
2025-10-11T15:46:19.142341,181.894,can1  100  [03]  5E 15 05
2025-10-11T15:46:19.145412,181.897,can1  100  [03]  5E 15 05
2025-10-11T15:46:19.590552,182.342,can1  120  [04]  00 87 93 03
2025-10-11T15:46:19.593239,182.345,can1  120  [04]  00 87 93 03
2025-10-11T15:46:20.472754,183.224,can1  110  [02]  58 1B
2025-10-11T15:46:20.476772,183.228,can1  110  [02]  58 1B
2025-10-11T15:46:20.480063,183.232,can1  100  [03]  6E 3C 05
2025-10-11T15:46:20.483312,183.235,can1  100  [03]  6E 3C 05
2025-10-11T15:46:20.909567,183.661,can1  120  [04]  80 1D 2C 04
2025-10-11T15:46:20.912352,183.664,can1  120  [04]  80 1D 2C 04
2025-10-11T15:46:21.773107,184.525,can1  110  [02]  40 1F
2025-10-11T15:46:21.775525,184.527,can1  110  [02]  40 1F
2025-10-11T15:46:21.777943,184.529,can1  100  [03]  7E 63 05
2025-10-11T15:46:21.781182,184.533,can1  100  [03]  7E 63 05
2025-10-11T15:46:22.210477,184.962,can1  120  [04]  00 B4 C4 04
2025-10-11T15:46:22.212713,184.964,can1  120  [04]  00 B4 C4 04
2025-10-11T15:46:22.987899,185.739,can1  110  [02]  28 23
2025-10-11T15:46:22.991253,185.743,can1  110  [02]  28 23
2025-10-11T15:46:23.414782,186.166,can1  100  [03]  8E 8A 05
2025-10-11T15:46:23.417431,186.169,can1  100  [03]  8E 8A 05
2025-10-11T15:46:23.419794,186.171,can1  120  [04]  80 4A 5D 05
2025-10-11T15:46:23.422912,186.174,can1  120  [04]  80 4A 5D 05
2025-10-11T15:46:24.615668,187.367,can1  110  [02]  40 1F
2025-10-11T15:46:24.618398,187.370,can1  110  [02]  40 1F
2025-10-11T15:46:24.620900,187.372,can1  100  [03]  7E 63 05
2025-10-11T15:46:24.624087,187.376,can1  100  [03]  7E 63 05
2025-10-11T15:46:24.626762,187.378,can1  120  [04]  00 B4 C4 04
2025-10-11T15:46:24.630218,187.382,can1  120  [04]  00 B4 C4 04
2025-10-11T15:46:25.505771,188.257,can1  110  [02]  58 1B
2025-10-11T15:46:25.508554,188.260,can1  110  [02]  58 1B
2025-10-11T15:46:25.934633,188.686,can1  100  [03]  6E 3C 05
2025-10-11T15:46:25.937104,188.689,can1  100  [03]  6E 3C 05
2025-10-11T15:46:25.939597,188.691,can1  120  [04]  80 1D 2C 04
2025-10-11T15:46:25.943219,188.695,can1  120  [04]  80 1D 2C 04
2025-10-11T15:46:27.135623,189.887,can1  110  [02]  70 17
2025-10-11T15:46:27.138119,189.890,can1  110  [02]  70 17
2025-10-11T15:46:27.140859,189.892,can1  100  [03]  5E 15 05
2025-10-11T15:46:27.143943,189.895,can1  100  [03]  5E 15 05
2025-10-11T15:46:27.146926,189.898,can1  120  [04]  00 87 93 03
2025-10-11T15:46:27.150004,189.901,can1  120  [04]  00 87 93 03
2025-10-11T15:46:28.356680,191.108,can1  110  [02]  88 13
2025-10-11T15:46:28.359627,191.111,can1  110  [02]  88 13
2025-10-11T15:46:28.363000,191.114,can1  100  [03]  4E EE 04
2025-10-11T15:46:28.366280,191.118,can1  100  [03]  4E EE 04
2025-10-11T15:46:28.369403,191.121,can1  120  [04]  80 F0 FA 02
2025-10-11T15:46:28.372724,191.124,can1  120  [04]  80 F0 FA 02
2025-10-11T15:46:29.670439,192.422,can1  110  [02]  A0 0F
2025-10-11T15:46:29.672997,192.424,can1  110  [02]  A0 0F
2025-10-11T15:46:29.675880,192.427,can1  100  [03]  3E C7 04
2025-10-11T15:46:29.679078,192.431,can1  100  [03]  3E C7 04
2025-10-11T15:46:29.682592,192.434,can1  120  [04]  00 5A 62 02
2025-10-11T15:46:29.686122,192.438,can1  120  [04]  00 5A 62 02
2025-10-11T15:46:30.985862,193.737,can1  110  [02]  B8 0B
2025-10-11T15:46:30.989483,193.741,can1  110  [02]  B8 0B
2025-10-11T15:46:30.992770,193.744,can1  100  [03]  2E A0 04
2025-10-11T15:46:30.995787,193.747,can1  100  [03]  2E A0 04
2025-10-11T15:46:30.998853,193.750,can1  120  [04]  80 C3 C9 01
2025-10-11T15:46:31.001594,193.753,can1  120  [04]  80 C3 C9 01
2025-10-11T15:46:32.204437,194.956,can1  110  [02]  D0 07
2025-10-11T15:46:32.207099,194.959,can1  110  [02]  D0 07
2025-10-11T15:46:32.210045,194.962,can1  100  [03]  1E 79 04
2025-10-11T15:46:32.213435,194.965,can1  100  [03]  1E 79 04
2025-10-11T15:46:32.641803,195.393,can1  120  [04]  00 2D 31 01
2025-10-11T15:46:32.644294,195.396,can1  120  [04]  00 2D 31 01
2025-10-11T15:46:33.520981,196.272,can1  110  [02]  E8 03
2025-10-11T15:46:33.523471,196.275,can1  110  [02]  E8 03
2025-10-11T15:46:33.525687,196.277,can1  100  [03]  0E 52 04
2025-10-11T15:46:33.528927,196.280,can1  100  [03]  0E 52 04
2025-10-11T15:46:33.943103,196.695,can1  120  [04]  80 96 98 00
2025-10-11T15:46:33.945693,196.697,can1  120  [04]  80 96 98 00
2025-10-11T15:46:34.821133,197.573,can1  110  [02]  D0 07
2025-10-11T15:46:34.823928,197.575,can1  110  [02]  D0 07
2025-10-11T15:46:35.260712,198.012,can1  100  [03]  1E 79 04
2025-10-11T15:46:35.263666,198.015,can1  100  [03]  1E 79 04
2025-10-11T15:46:35.267029,198.019,can1  120  [04]  00 2D 31 01
2025-10-11T15:46:35.269959,198.021,can1  120  [04]  00 2D 31 01
2025-10-11T15:46:36.138375,198.890,can1  110  [02]  B8 0B
2025-10-11T15:46:36.140821,198.892,can1  110  [02]  B8 0B
2025-10-11T15:46:36.570461,199.322,can1  100  [03]  2E A0 04
2025-10-11T15:46:36.591252,199.343,can1  100  [03]  2E A0 04
2025-10-11T15:46:36.594307,199.346,can1  120  [04]  80 C3 C9 01
2025-10-11T15:46:36.596724,199.348,can1  120  [04]  80 C3 C9 01
2025-10-11T15:46:37.901799,200.653,can1  110  [02]  A0 0F
2025-10-11T15:46:37.904198,200.656,can1  110  [02]  A0 0F
2025-10-11T15:46:37.906938,200.658,can1  100  [03]  3E C7 04
2025-10-11T15:46:37.910409,200.662,can1  100  [03]  3E C7 04
2025-10-11T15:46:37.912935,200.664,can1  120  [04]  00 5A 62 02
2025-10-11T15:46:37.916151,200.668,can1  120  [04]  00 5A 62 02
2025-10-11T15:46:38.906363,201.658,can1  110  [02]  88 13
2025-10-11T15:46:38.908912,201.660,can1  110  [02]  88 13
2025-10-11T15:46:39.359241,202.111,can1  100  [03]  4E EE 04
2025-10-11T15:46:39.361989,202.113,can1  100  [03]  4E EE 04
2025-10-11T15:46:39.364239,202.116,can1  120  [04]  80 F0 FA 02
2025-10-11T15:46:39.368136,202.120,can1  120  [04]  80 F0 FA 02
2025-10-11T15:46:40.237087,202.989,can1  110  [02]  70 17
2025-10-11T15:46:40.240750,202.992,can1  110  [02]  70 17
2025-10-11T15:46:40.244206,202.996,can1  100  [03]  5E 15 05
2025-10-11T15:46:40.247516,202.999,can1  100  [03]  5E 15 05
2025-10-11T15:46:40.673004,203.424,can1  120  [04]  00 87 93 03
2025-10-11T15:46:40.676885,203.428,can1  120  [04]  00 87 93 03
2025-10-11T15:46:41.537957,204.289,can1  110  [02]  58 1B
2025-10-11T15:46:41.540870,204.292,can1  110  [02]  58 1B
2025-10-11T15:46:41.544307,204.296,can1  100  [03]  6E 3C 05
2025-10-11T15:46:41.547285,204.299,can1  100  [03]  6E 3C 05
2025-10-11T15:46:41.550392,204.302,can1  120  [04]  80 1D 2C 04
2025-10-11T15:46:41.553584,204.305,can1  120  [04]  80 1D 2C 04
2025-10-11T15:46:43.079383,205.831,can1  110  [02]  40 1F
2025-10-11T15:46:43.081846,205.833,can1  110  [02]  40 1F
2025-10-11T15:46:43.084606,205.836,can1  100  [03]  7E 63 05
2025-10-11T15:46:43.088021,205.840,can1  100  [03]  7E 63 05
2025-10-11T15:46:43.091027,205.843,can1  120  [04]  00 B4 C4 04
2025-10-11T15:46:43.094334,205.846,can1  120  [04]  00 B4 C4 04
2025-10-11T15:46:43.971710,206.723,can1  110  [02]  28 23
2025-10-11T15:46:43.975220,206.727,can1  110  [02]  28 23
2025-10-11T15:46:44.409824,207.161,can1  100  [03]  8E 8A 05
2025-10-11T15:46:44.412853,207.164,can1  100  [03]  8E 8A 05
2025-10-11T15:46:44.416357,207.168,can1  120  [04]  80 4A 5D 05
2025-10-11T15:46:44.420241,207.172,can1  120  [04]  80 4A 5D 05
2025-10-11T15:46:45.288577,208.040,can1  110  [02]  40 1F
2025-10-11T15:46:45.291703,208.043,can1  110  [02]  40 1F
2025-10-11T15:46:45.295115,208.047,can1  100  [03]  7E 63 05
2025-10-11T15:46:45.298558,208.050,can1  100  [03]  7E 63 05
2025-10-11T15:46:45.739597,208.491,can1  120  [04]  00 B4 C4 04
2025-10-11T15:46:45.742403,208.494,can1  120  [04]  00 B4 C4 04
2025-10-11T15:46:46.600283,209.352,can1  110  [02]  58 1B
2025-10-11T15:46:46.603474,209.355,can1  110  [02]  58 1B
2025-10-11T15:46:47.062563,209.814,can1  100  [03]  6E 3C 05
2025-10-11T15:46:47.065005,209.816,can1  100  [03]  6E 3C 05
2025-10-11T15:46:47.067705,209.819,can1  120  [04]  80 1D 2C 04
2025-10-11T15:46:47.071812,209.823,can1  120  [04]  80 1D 2C 04
2025-10-11T15:46:47.938939,210.690,can1  110  [02]  70 17
2025-10-11T15:46:47.941998,210.693,can1  110  [02]  70 17
2025-10-11T15:46:48.376118,211.128,can1  100  [03]  5E 15 05
2025-10-11T15:46:48.378861,211.130,can1  100  [03]  5E 15 05
2025-10-11T15:46:48.381792,211.133,can1  120  [04]  00 87 93 03
2025-10-11T15:46:48.386021,211.138,can1  120  [04]  00 87 93 03
2025-10-11T15:46:49.256449,212.008,can1  110  [02]  88 13
2025-10-11T15:46:49.259399,212.011,can1  110  [02]  88 13
2025-10-11T15:46:49.262031,212.014,can1  100  [03]  4E EE 04
2025-10-11T15:46:49.265679,212.017,can1  100  [03]  4E EE 04
2025-10-11T15:46:49.269526,212.021,can1  120  [04]  80 F0 FA 02
2025-10-11T15:46:49.272862,212.024,can1  120  [04]  80 F0 FA 02
2025-10-11T15:46:50.569790,213.321,can1  110  [02]  A0 0F
2025-10-11T15:46:50.572576,213.324,can1  110  [02]  A0 0F
2025-10-11T15:46:50.576579,213.328,can1  100  [03]  3E C7 04
2025-10-11T15:46:50.579838,213.331,can1  100  [03]  3E C7 04
2025-10-11T15:46:50.583612,213.335,can1  120  [04]  00 5A 62 02
2025-10-11T15:46:50.586798,213.338,can1  120  [04]  00 5A 62 02
2025-10-11T15:46:51.886481,214.638,can1  110  [02]  B8 0B
2025-10-11T15:46:51.889298,214.641,can1  110  [02]  B8 0B
2025-10-11T15:46:51.891984,214.643,can1  100  [03]  2E A0 04
2025-10-11T15:46:51.895580,214.647,can1  100  [03]  2E A0 04
2025-10-11T15:46:51.899274,214.651,can1  120  [04]  80 C3 C9 01
2025-10-11T15:46:51.902795,214.654,can1  120  [04]  80 C3 C9 01
2025-10-11T15:46:53.205163,215.957,can1  110  [02]  D0 07
2025-10-11T15:46:53.208116,215.960,can1  110  [02]  D0 07
2025-10-11T15:46:53.210678,215.962,can1  100  [03]  1E 79 04
2025-10-11T15:46:53.214349,215.966,can1  100  [03]  1E 79 04
2025-10-11T15:46:53.218401,215.970,can1  120  [04]  00 2D 31 01
2025-10-11T15:46:53.221982,215.973,can1  120  [04]  00 2D 31 01
2025-10-11T15:46:54.624772,217.376,can1  110  [02]  E8 03
2025-10-11T15:46:54.627507,217.379,can1  110  [02]  E8 03
2025-10-11T15:46:54.631478,217.383,can1  100  [03]  0E 52 04
2025-10-11T15:46:54.634511,217.386,can1  100  [03]  0E 52 04
2025-10-11T15:46:54.637704,217.389,can1  120  [04]  80 96 98 00
2025-10-11T15:46:54.641093,217.393,can1  120  [04]  80 96 98 00
2025-10-11T15:46:55.951736,218.703,can1  110  [02]  D0 07
2025-10-11T15:46:55.954513,218.706,can1  110  [02]  D0 07
2025-10-11T15:46:55.958034,218.710,can1  100  [03]  1E 79 04
2025-10-11T15:46:55.961300,218.713,can1  100  [03]  1E 79 04
2025-10-11T15:46:56.390494,219.142,can1  120  [04]  00 2D 31 01
2025-10-11T15:46:56.393408,219.145,can1  120  [04]  00 2D 31 01
2025-10-11T15:46:57.257711,220.009,can1  110  [02]  B8 0B
2025-10-11T15:46:57.260858,220.012,can1  110  [02]  B8 0B
2025-10-11T15:46:57.264501,220.016,can1  100  [03]  2E A0 04
2025-10-11T15:46:57.267535,220.019,can1  100  [03]  2E A0 04
2025-10-11T15:46:57.270950,220.022,can1  120  [04]  80 C3 C9 01
2025-10-11T15:46:57.275012,220.026,can1  120  [04]  80 C3 C9 01
2025-10-11T15:46:58.573284,221.325,can1  110  [02]  A0 0F
2025-10-11T15:46:58.576706,221.328,can1  110  [02]  A0 0F
2025-10-11T15:46:58.580579,221.332,can1  100  [03]  3E C7 04
2025-10-11T15:46:58.583785,221.335,can1  100  [03]  3E C7 04
2025-10-11T15:46:59.009245,221.761,can1  120  [04]  00 5A 62 02
2025-10-11T15:46:59.012231,221.764,can1  120  [04]  00 5A 62 02
2025-10-11T15:46:59.887652,222.639,can1  110  [02]  88 13
2025-10-11T15:46:59.891014,222.642,can1  110  [02]  88 13
2025-10-11T15:46:59.894765,222.646,can1  100  [03]  4E EE 04
2025-10-11T15:46:59.897773,222.649,can1  100  [03]  4E EE 04
2025-10-11T15:46:59.901490,222.653,can1  120  [04]  80 F0 FA 02
2025-10-11T15:46:59.905259,222.657,can1  120  [04]  80 F0 FA 02
2025-10-11T15:47:01.206940,223.958,can1  110  [02]  70 17
2025-10-11T15:47:01.209695,223.961,can1  110  [02]  70 17
2025-10-11T15:47:01.212212,223.964,can1  100  [03]  5E 15 05
2025-10-11T15:47:01.216185,223.968,can1  100  [03]  5E 15 05
2025-10-11T15:47:01.218984,223.970,can1  120  [04]  00 87 93 03
2025-10-11T15:47:01.222489,223.974,can1  120  [04]  00 87 93 03
2025-10-11T15:47:02.521016,225.273,can1  110  [02]  58 1B
2025-10-11T15:47:02.523712,225.275,can1  110  [02]  58 1B
2025-10-11T15:47:02.526656,225.278,can1  100  [03]  6E 3C 05
2025-10-11T15:47:02.530479,225.282,can1  100  [03]  6E 3C 05
2025-10-11T15:47:02.534247,225.286,can1  120  [04]  80 1D 2C 04
2025-10-11T15:47:02.537684,225.289,can1  120  [04]  80 1D 2C 04
2025-10-11T15:47:03.834191,226.586,can1  110  [02]  40 1F
2025-10-11T15:47:03.838113,226.590,can1  110  [02]  40 1F
2025-10-11T15:47:03.842357,226.594,can1  100  [03]  7E 63 05
2025-10-11T15:47:03.847172,226.599,can1  100  [03]  7E 63 05
2025-10-11T15:47:03.851132,226.603,can1  120  [04]  00 B4 C4 04
2025-10-11T15:47:03.854835,226.606,can1  120  [04]  00 B4 C4 04
2025-10-11T15:47:04.821946,227.573,can1  110  [02]  28 23
2025-10-11T15:47:04.826532,227.578,can1  110  [02]  28 23
2025-10-11T15:47:05.263034,228.015,can1  100  [03]  8E 8A 05
2025-10-11T15:47:05.265859,228.017,can1  100  [03]  8E 8A 05
2025-10-11T15:47:05.268586,228.020,can1  120  [04]  80 4A 5D 05
2025-10-11T15:47:05.272789,228.024,can1  120  [04]  80 4A 5D 05
2025-10-11T15:47:06.140775,228.892,can1  110  [02]  40 1F
2025-10-11T15:47:06.144476,228.896,can1  110  [02]  40 1F
2025-10-11T15:47:06.148606,228.900,can1  100  [03]  7E 63 05
2025-10-11T15:47:06.153113,228.905,can1  100  [03]  7E 63 05
2025-10-11T15:47:06.576407,229.328,can1  120  [04]  00 B4 C4 04
2025-10-11T15:47:06.580800,229.332,can1  120  [04]  00 B4 C4 04
2025-10-11T15:47:07.456145,230.208,can1  110  [02]  58 1B
2025-10-11T15:47:07.459438,230.211,can1  110  [02]  58 1B
2025-10-11T15:47:07.463546,230.215,can1  100  [03]  6E 3C 05
2025-10-11T15:47:07.467137,230.219,can1  100  [03]  6E 3C 05
2025-10-11T15:47:07.893308,230.645,can1  120  [04]  80 1D 2C 04
2025-10-11T15:47:07.896369,230.648,can1  120  [04]  80 1D 2C 04
2025-10-11T15:47:08.773862,231.525,can1  110  [02]  70 17
2025-10-11T15:47:08.776911,231.528,can1  110  [02]  70 17
2025-10-11T15:47:08.780255,231.532,can1  100  [03]  5E 15 05
2025-10-11T15:47:08.799573,231.551,can1  100  [03]  5E 15 05
2025-10-11T15:47:09.223434,231.975,can1  120  [04]  00 87 93 03
2025-10-11T15:47:09.226182,231.978,can1  120  [04]  00 87 93 03
2025-10-11T15:47:10.089476,232.841,can1  110  [02]  88 13
2025-10-11T15:47:10.092740,232.844,can1  110  [02]  88 13
2025-10-11T15:47:10.096144,232.848,can1  100  [03]  4E EE 04
2025-10-11T15:47:10.099136,232.851,can1  100  [03]  4E EE 04
2025-10-11T15:47:10.526217,233.278,can1  120  [04]  80 F0 FA 02
2025-10-11T15:47:10.529010,233.280,can1  120  [04]  80 F0 FA 02
2025-10-11T15:47:11.405660,234.157,can1  110  [02]  A0 0F
2025-10-11T15:47:11.409009,234.160,can1  110  [02]  A0 0F
2025-10-11T15:47:11.412523,234.164,can1  100  [03]  3E C7 04
2025-10-11T15:47:11.415823,234.167,can1  100  [03]  3E C7 04
2025-10-11T15:47:11.419542,234.171,can1  120  [04]  00 5A 62 02
2025-10-11T15:47:11.423292,234.175,can1  120  [04]  00 5A 62 02
2025-10-11T15:47:12.725018,235.477,can1  110  [02]  B8 0B
2025-10-11T15:47:12.727865,235.479,can1  110  [02]  B8 0B
2025-10-11T15:47:12.730782,235.482,can1  100  [03]  2E A0 04
2025-10-11T15:47:12.734653,235.486,can1  100  [03]  2E A0 04
2025-10-11T15:47:12.738296,235.490,can1  120  [04]  80 C3 C9 01
2025-10-11T15:47:12.742496,235.494,can1  120  [04]  80 C3 C9 01
2025-10-11T15:47:14.068316,236.820,can1  110  [02]  D0 07
2025-10-11T15:47:14.071543,236.823,can1  110  [02]  D0 07
2025-10-11T15:47:14.075394,236.827,can1  100  [03]  1E 79 04
2025-10-11T15:47:14.078696,236.830,can1  100  [03]  1E 79 04
2025-10-11T15:47:14.082471,236.834,can1  120  [04]  00 2D 31 01
2025-10-11T15:47:14.086503,236.838,can1  120  [04]  00 2D 31 01
2025-10-11T15:47:15.304865,238.056,can1  110  [02]  E8 03
2025-10-11T15:47:15.307740,238.059,can1  110  [02]  E8 03
2025-10-11T15:47:15.311397,238.063,can1  100  [03]  0E 52 04
2025-10-11T15:47:15.314683,238.066,can1  100  [03]  0E 52 04
2025-10-11T15:47:15.318847,238.070,can1  120  [04]  80 96 98 00
2025-10-11T15:47:15.322111,238.074,can1  120  [04]  80 96 98 00
2025-10-11T15:47:16.641905,239.393,can1  110  [02]  D0 07
2025-10-11T15:47:16.644739,239.396,can1  110  [02]  D0 07
2025-10-11T15:47:16.648398,239.400,can1  100  [03]  1E 79 04
2025-10-11T15:47:16.651649,239.403,can1  100  [03]  1E 79 04
2025-10-11T15:47:17.074286,239.826,can1  120  [04]  00 2D 31 01
2025-10-11T15:47:17.077230,239.829,can1  120  [04]  00 2D 31 01
2025-10-11T15:47:17.955629,240.707,can1  110  [02]  B8 0B
2025-10-11T15:47:17.958723,240.710,can1  110  [02]  B8 0B
2025-10-11T15:47:17.962632,240.714,can1  100  [03]  2E A0 04
2025-10-11T15:47:17.966464,240.718,can1  100  [03]  2E A0 04
2025-10-11T15:47:18.393011,241.144,can1  120  [04]  80 C3 C9 01
2025-10-11T15:47:18.396236,241.148,can1  120  [04]  80 C3 C9 01
2025-10-11T15:47:19.173576,241.925,can1  110  [02]  A0 0F
2025-10-11T15:47:19.176530,241.928,can1  110  [02]  A0 0F
2025-10-11T15:47:19.613827,242.365,can1  100  [03]  3E C7 04
2025-10-11T15:47:19.616719,242.368,can1  100  [03]  3E C7 04
2025-10-11T15:47:19.620238,242.372,can1  120  [04]  00 5A 62 02
2025-10-11T15:47:19.624026,242.376,can1  120  [04]  00 5A 62 02
2025-10-11T15:47:20.489729,243.241,can1  110  [02]  88 13
2025-10-11T15:47:20.492963,243.244,can1  110  [02]  88 13
2025-10-11T15:47:20.913734,243.665,can1  100  [03]  4E EE 04
2025-10-11T15:47:20.916694,243.668,can1  100  [03]  4E EE 04
2025-10-11T15:47:20.920260,243.672,can1  120  [04]  80 F0 FA 02
2025-10-11T15:47:20.923470,243.675,can1  120  [04]  80 F0 FA 02
2025-10-11T15:47:21.907043,244.659,can1  110  [02]  70 17
2025-10-11T15:47:21.909960,244.661,can1  110  [02]  70 17
2025-10-11T15:47:21.914101,244.666,can1  100  [03]  5E 15 05
2025-10-11T15:47:21.918148,244.670,can1  100  [03]  5E 15 05
2025-10-11T15:47:21.921881,244.673,can1  120  [04]  00 87 93 03
2025-10-11T15:47:21.925688,244.677,can1  120  [04]  00 87 93 03
2025-10-11T15:47:23.121268,245.873,can1  110  [02]  58 1B
2025-10-11T15:47:23.124742,245.876,can1  110  [02]  58 1B
2025-10-11T15:47:23.128526,245.880,can1  100  [03]  6E 3C 05
2025-10-11T15:47:23.131952,245.883,can1  100  [03]  6E 3C 05
2025-10-11T15:47:23.135477,245.887,can1  120  [04]  80 1D 2C 04
2025-10-11T15:47:23.139262,245.891,can1  120  [04]  80 1D 2C 04
2025-10-11T15:47:24.439873,247.191,can1  110  [02]  40 1F
2025-10-11T15:47:24.442885,247.194,can1  110  [02]  40 1F
2025-10-11T15:47:24.446637,247.198,can1  100  [03]  7E 63 05
2025-10-11T15:47:24.449696,247.201,can1  100  [03]  7E 63 05
2025-10-11T15:47:24.453489,247.205,can1  120  [04]  00 B4 C4 04
2025-10-11T15:47:24.457306,247.209,can1  120  [04]  00 B4 C4 04
2025-10-11T15:47:25.755655,248.507,can1  110  [02]  28 23
2025-10-11T15:47:25.759141,248.511,can1  110  [02]  28 23
2025-10-11T15:47:25.762701,248.514,can1  100  [03]  8E 8A 05
2025-10-11T15:47:25.793321,248.545,can1  100  [03]  8E 8A 05
2025-10-11T15:47:25.793411,248.545,can1  120  [04]  80 4A 5D 05
2025-10-11T15:47:25.793435,248.545,can1  120  [04]  80 4A 5D 05
2025-10-11T15:47:27.068631,249.820,can1  110  [02]  40 1F
2025-10-11T15:47:27.072607,249.824,can1  110  [02]  40 1F
2025-10-11T15:47:27.076546,249.828,can1  100  [03]  7E 63 05
2025-10-11T15:47:27.079958,249.831,can1  100  [03]  7E 63 05
2025-10-11T15:47:27.083459,249.835,can1  120  [04]  00 B4 C4 04
2025-10-11T15:47:27.087342,249.839,can1  120  [04]  00 B4 C4 04
2025-10-11T15:47:28.383931,251.135,can1  110  [02]  58 1B
2025-10-11T15:47:28.388095,251.140,can1  110  [02]  58 1B
2025-10-11T15:47:28.391502,251.143,can1  100  [03]  6E 3C 05
2025-10-11T15:47:28.394784,251.146,can1  100  [03]  6E 3C 05
2025-10-11T15:47:28.398176,251.150,can1  120  [04]  80 1D 2C 04
2025-10-11T15:47:28.401768,251.153,can1  120  [04]  80 1D 2C 04
2025-10-11T15:47:29.274326,252.026,can1  110  [02]  70 17
2025-10-11T15:47:29.278149,252.030,can1  110  [02]  70 17
2025-10-11T15:47:29.715144,252.467,can1  100  [03]  5E 15 05
2025-10-11T15:47:29.718551,252.470,can1  100  [03]  5E 15 05
2025-10-11T15:47:29.722377,252.474,can1  120  [04]  00 87 93 03
2025-10-11T15:47:29.725847,252.477,can1  120  [04]  00 87 93 03
2025-10-11T15:47:30.593277,253.345,can1  110  [02]  88 13
2025-10-11T15:47:30.596525,253.348,can1  110  [02]  88 13
2025-10-11T15:47:31.027381,253.779,can1  100  [03]  4E EE 04
2025-10-11T15:47:31.030572,253.782,can1  100  [03]  4E EE 04
2025-10-11T15:47:31.034094,253.786,can1  120  [04]  80 F0 FA 02
2025-10-11T15:47:31.037738,253.789,can1  120  [04]  80 F0 FA 02
2025-10-11T15:47:31.904178,254.656,can1  110  [02]  A0 0F
2025-10-11T15:47:31.907074,254.659,can1  110  [02]  A0 0F
2025-10-11T15:47:32.345652,255.097,can1  100  [03]  3E C7 04
2025-10-11T15:47:32.348959,255.100,can1  100  [03]  3E C7 04
2025-10-11T15:47:32.353024,255.105,can1  120  [04]  00 5A 62 02
2025-10-11T15:47:32.356339,255.108,can1  120  [04]  00 5A 62 02
2025-10-11T15:47:33.223515,255.975,can1  110  [02]  B8 0B
2025-10-11T15:47:33.226463,255.978,can1  110  [02]  B8 0B
2025-10-11T15:47:33.230220,255.982,can1  100  [03]  2E A0 04
2025-10-11T15:47:33.233663,255.985,can1  100  [03]  2E A0 04
2025-10-11T15:47:33.659856,256.411,can1  120  [04]  80 C3 C9 01
2025-10-11T15:47:33.662651,256.414,can1  120  [04]  80 C3 C9 01
2025-10-11T15:47:34.522540,257.274,can1  110  [02]  D0 07
2025-10-11T15:47:34.525699,257.277,can1  110  [02]  D0 07
2025-10-11T15:47:34.529555,257.281,can1  100  [03]  1E 79 04
2025-10-11T15:47:34.535368,257.287,can1  100  [03]  1E 79 04
2025-10-11T15:47:34.972360,257.724,can1  120  [04]  00 2D 31 01
2025-10-11T15:47:34.975272,257.727,can1  120  [04]  00 2D 31 01
2025-10-11T15:47:35.840859,258.592,can1  110  [02]  E8 03
2025-10-11T15:47:35.843799,258.595,can1  110  [02]  E8 03
2025-10-11T15:47:35.847413,258.599,can1  100  [03]  0E 52 04
2025-10-11T15:47:35.851350,258.603,can1  100  [03]  0E 52 04
2025-10-11T15:47:35.855077,258.607,can1  120  [04]  80 96 98 00
2025-10-11T15:47:35.859372,258.611,can1  120  [04]  80 96 98 00
2025-10-11T15:47:37.041516,259.793,can1  110  [02]  D0 07
2025-10-11T15:47:37.044647,259.796,can1  110  [02]  D0 07
2025-10-11T15:47:37.048933,259.800,can1  100  [03]  1E 79 04
2025-10-11T15:47:37.052909,259.804,can1  100  [03]  1E 79 04
2025-10-11T15:47:37.492657,260.244,can1  120  [04]  00 2D 31 01
2025-10-11T15:47:37.495489,260.247,can1  120  [04]  00 2D 31 01
2025-10-11T15:47:38.371903,261.123,can1  110  [02]  B8 0B
2025-10-11T15:47:38.374946,261.126,can1  110  [02]  B8 0B
2025-10-11T15:47:38.377843,261.129,can1  100  [03]  2E A0 04
2025-10-11T15:47:38.382688,261.134,can1  100  [03]  2E A0 04
2025-10-11T15:47:38.807662,261.559,can1  120  [04]  80 C3 C9 01
2025-10-11T15:47:38.810631,261.562,can1  120  [04]  80 C3 C9 01
2025-10-11T15:47:39.707130,262.459,can1  110  [02]  A0 0F
2025-10-11T15:47:39.710807,262.462,can1  110  [02]  A0 0F
2025-10-11T15:47:39.714435,262.466,can1  100  [03]  3E C7 04
2025-10-11T15:47:39.717980,262.469,can1  100  [03]  3E C7 04
2025-10-11T15:47:40.141751,262.893,can1  120  [04]  00 5A 62 02
2025-10-11T15:47:40.144570,262.896,can1  120  [04]  00 5A 62 02
2025-10-11T15:47:41.007293,263.759,can1  110  [02]  88 13
2025-10-11T15:47:41.010474,263.762,can1  110  [02]  88 13
2025-10-11T15:47:41.014393,263.766,can1  100  [03]  4E EE 04
2025-10-11T15:47:41.018270,263.770,can1  100  [03]  4E EE 04
2025-10-11T15:47:41.459395,264.211,can1  120  [04]  80 F0 FA 02
2025-10-11T15:47:41.463114,264.215,can1  120  [04]  80 F0 FA 02
2025-10-11T15:47:42.324485,265.076,can1  110  [02]  70 17
2025-10-11T15:47:42.328358,265.080,can1  110  [02]  70 17
2025-10-11T15:47:42.331985,265.083,can1  100  [03]  5E 15 05
2025-10-11T15:47:42.335914,265.087,can1  100  [03]  5E 15 05
2025-10-11T15:47:42.758603,265.510,can1  120  [04]  00 87 93 03
2025-10-11T15:47:42.761653,265.513,can1  120  [04]  00 87 93 03
2025-10-11T15:47:43.640520,266.392,can1  110  [02]  58 1B
2025-10-11T15:47:43.643554,266.395,can1  110  [02]  58 1B
2025-10-11T15:47:43.647483,266.399,can1  100  [03]  6E 3C 05
2025-10-11T15:47:43.650956,266.402,can1  100  [03]  6E 3C 05
2025-10-11T15:47:44.076920,266.828,can1  120  [04]  80 1D 2C 04
2025-10-11T15:47:44.079979,266.831,can1  120  [04]  80 1D 2C 04
2025-10-11T15:47:44.958981,267.710,can1  110  [02]  40 1F
2025-10-11T15:47:44.962560,267.714,can1  110  [02]  40 1F
2025-10-11T15:47:44.966891,267.718,can1  100  [03]  7E 63 05
2025-10-11T15:47:44.970525,267.722,can1  100  [03]  7E 63 05
2025-10-11T15:47:44.974434,267.726,can1  120  [04]  00 B4 C4 04
2025-10-11T15:47:44.978792,267.730,can1  120  [04]  00 B4 C4 04
2025-10-11T15:47:46.256042,269.008,can1  110  [02]  28 23
2025-10-11T15:47:46.259180,269.011,can1  110  [02]  28 23
2025-10-11T15:47:46.263216,269.015,can1  100  [03]  8E 8A 05
2025-10-11T15:47:46.267251,269.019,can1  100  [03]  8E 8A 05
2025-10-11T15:47:46.271343,269.023,can1  120  [04]  80 4A 5D 05
2025-10-11T15:47:46.275517,269.027,can1  120  [04]  80 4A 5D 05
2025-10-11T15:47:47.571650,270.323,can1  110  [02]  40 1F
2025-10-11T15:47:47.575409,270.327,can1  110  [02]  40 1F
2025-10-11T15:47:47.579254,270.331,can1  100  [03]  7E 63 05
2025-10-11T15:47:47.582975,270.334,can1  100  [03]  7E 63 05
2025-10-11T15:47:47.587381,270.339,can1  120  [04]  00 B4 C4 04
2025-10-11T15:47:47.591237,270.343,can1  120  [04]  00 B4 C4 04
2025-10-11T15:47:48.994854,271.746,can1  110  [02]  58 1B
2025-10-11T15:47:48.999466,271.751,can1  110  [02]  58 1B
2025-10-11T15:47:49.004154,271.756,can1  100  [03]  6E 3C 05
2025-10-11T15:47:49.009018,271.761,can1  100  [03]  6E 3C 05
2025-10-11T15:47:49.013704,271.765,can1  120  [04]  80 1D 2C 04
2025-10-11T15:47:49.019037,271.771,can1  120  [04]  80 1D 2C 04
2025-10-11T15:47:49.876013,272.627,can1  110  [02]  70 17
2025-10-11T15:47:49.880829,272.632,can1  110  [02]  70 17
2025-10-11T15:47:50.416122,273.168,can1  100  [03]  5E 15 05
2025-10-11T15:47:50.419166,273.171,can1  100  [03]  5E 15 05
2025-10-11T15:47:50.423179,273.175,can1  120  [04]  00 87 93 03
2025-10-11T15:47:50.427033,273.179,can1  120  [04]  00 87 93 03
2025-10-11T15:47:51.520362,274.272,can1  110  [02]  88 13
2025-10-11T15:47:51.523305,274.275,can1  110  [02]  88 13
2025-10-11T15:47:51.527446,274.279,can1  100  [03]  4E EE 04
2025-10-11T15:47:51.531409,274.283,can1  100  [03]  4E EE 04
2025-10-11T15:47:51.535522,274.287,can1  120  [04]  80 F0 FA 02
2025-10-11T15:47:51.539643,274.291,can1  120  [04]  80 F0 FA 02
2025-10-11T15:47:52.492790,275.244,can1  110  [02]  A0 0F
2025-10-11T15:47:52.496028,275.248,can1  110  [02]  A0 0F
2025-10-11T15:47:52.928290,275.680,can1  100  [03]  3E C7 04
2025-10-11T15:47:52.931486,275.683,can1  100  [03]  3E C7 04
2025-10-11T15:47:52.935550,275.687,can1  120  [04]  00 5A 62 02
2025-10-11T15:47:52.939454,275.691,can1  120  [04]  00 5A 62 02
2025-10-11T15:47:53.805650,276.557,can1  110  [02]  B8 0B
2025-10-11T15:47:53.808838,276.560,can1  110  [02]  B8 0B
2025-10-11T15:47:53.813117,276.565,can1  100  [03]  2E A0 04
2025-10-11T15:47:53.817343,276.569,can1  100  [03]  2E A0 04
2025-10-11T15:47:54.242146,276.994,can1  120  [04]  80 C3 C9 01
2025-10-11T15:47:54.246545,276.998,can1  120  [04]  80 C3 C9 01
2025-10-11T15:47:55.125995,277.877,can1  110  [02]  D0 07
2025-10-11T15:47:55.128952,277.880,can1  110  [02]  D0 07
2025-10-11T15:47:55.133311,277.885,can1  100  [03]  1E 79 04
2025-10-11T15:47:55.136597,277.888,can1  100  [03]  1E 79 04
2025-10-11T15:47:55.558910,278.310,can1  120  [04]  00 2D 31 01
2025-10-11T15:47:55.562393,278.314,can1  120  [04]  00 2D 31 01
2025-10-11T15:47:56.453950,279.205,can1  110  [02]  E8 03
2025-10-11T15:47:56.457261,279.209,can1  110  [02]  E8 03
2025-10-11T15:47:56.461513,279.213,can1  100  [03]  0E 52 04
2025-10-11T15:47:56.465577,279.217,can1  100  [03]  0E 52 04
2025-10-11T15:47:56.892099,279.644,can1  120  [04]  80 96 98 00
2025-10-11T15:47:56.895393,279.647,can1  120  [04]  80 96 98 00
2025-10-11T15:47:57.759112,280.511,can1  110  [02]  D0 07
2025-10-11T15:47:57.762791,280.514,can1  110  [02]  D0 07
2025-10-11T15:47:57.766063,280.518,can1  100  [03]  1E 79 04
2025-10-11T15:47:57.769831,280.521,can1  100  [03]  1E 79 04
2025-10-11T15:47:58.210717,280.962,can1  120  [04]  00 2D 31 01
2025-10-11T15:47:58.213986,280.965,can1  120  [04]  00 2D 31 01
2025-10-11T15:47:59.108057,281.860,can1  110  [02]  B8 0B
2025-10-11T15:47:59.111239,281.863,can1  110  [02]  B8 0B
2025-10-11T15:47:59.115202,281.867,can1  100  [03]  2E A0 04
2025-10-11T15:47:59.118851,281.870,can1  100  [03]  2E A0 04
2025-10-11T15:47:59.122704,281.874,can1  120  [04]  80 C3 C9 01
2025-10-11T15:47:59.127119,281.879,can1  120  [04]  80 C3 C9 01
2025-10-11T15:48:00.442661,283.194,can1  110  [02]  A0 0F
2025-10-11T15:48:00.446026,283.198,can1  110  [02]  A0 0F
2025-10-11T15:48:00.450149,283.202,can1  100  [03]  3E C7 04
2025-10-11T15:48:00.453716,283.205,can1  100  [03]  3E C7 04
2025-10-11T15:48:00.458122,283.210,can1  120  [04]  00 5A 62 02
2025-10-11T15:48:00.463368,283.215,can1  120  [04]  00 5A 62 02
2025-10-11T15:48:01.754687,284.506,can1  110  [02]  88 13
2025-10-11T15:48:01.757809,284.509,can1  110  [02]  88 13
2025-10-11T15:48:01.761583,284.513,can1  100  [03]  4E EE 04
2025-10-11T15:48:01.764933,284.516,can1  100  [03]  4E EE 04
2025-10-11T15:48:01.768619,284.520,can1  120  [04]  80 F0 FA 02
2025-10-11T15:48:01.773282,284.525,can1  120  [04]  80 F0 FA 02
2025-10-11T15:48:03.082165,285.834,can1  110  [02]  70 17
2025-10-11T15:48:03.085373,285.837,can1  110  [02]  70 17
2025-10-11T15:48:03.089480,285.841,can1  100  [03]  5E 15 05
2025-10-11T15:48:03.093324,285.845,can1  100  [03]  5E 15 05
2025-10-11T15:48:03.097280,285.849,can1  120  [04]  00 87 93 03
2025-10-11T15:48:03.101471,285.853,can1  120  [04]  00 87 93 03
2025-10-11T15:48:03.958334,286.710,can1  110  [02]  58 1B
2025-10-11T15:48:03.962099,286.714,can1  110  [02]  58 1B
2025-10-11T15:48:04.384092,287.136,can1  100  [03]  6E 3C 05
2025-10-11T15:48:04.387536,287.139,can1  100  [03]  6E 3C 05
2025-10-11T15:48:04.391742,287.143,can1  120  [04]  80 1D 2C 04
2025-10-11T15:48:04.399923,287.151,can1  120  [04]  80 1D 2C 04
2025-10-11T15:48:05.259092,288.011,can1  110  [02]  40 1F
2025-10-11T15:48:05.263390,288.015,can1  110  [02]  40 1F
2025-10-11T15:48:05.702127,288.454,can1  100  [03]  7E 63 05
2025-10-11T15:48:05.705331,288.457,can1  100  [03]  7E 63 05
2025-10-11T15:48:05.709594,288.461,can1  120  [04]  00 B4 C4 04
2025-10-11T15:48:05.713470,288.465,can1  120  [04]  00 B4 C4 04
2025-10-11T15:48:06.590887,289.342,can1  110  [02]  28 23
2025-10-11T15:48:06.594050,289.346,can1  110  [02]  28 23
2025-10-11T15:48:07.031894,289.783,can1  100  [03]  8E 8A 05
2025-10-11T15:48:07.034982,289.786,can1  100  [03]  8E 8A 05
2025-10-11T15:48:07.038114,289.790,can1  120  [04]  80 4A 5D 05
2025-10-11T15:48:07.042639,289.794,can1  120  [04]  80 4A 5D 05
2025-10-11T15:48:07.923866,290.675,can1  110  [02]  40 1F
2025-10-11T15:48:07.930770,290.682,can1  110  [02]  40 1F
2025-10-11T15:48:08.351098,291.103,can1  100  [03]  7E 63 05
2025-10-11T15:48:08.354405,291.106,can1  100  [03]  7E 63 05
2025-10-11T15:48:08.358448,291.110,can1  120  [04]  00 B4 C4 04
2025-10-11T15:48:08.362582,291.114,can1  120  [04]  00 B4 C4 04
2025-10-11T15:48:09.241642,291.993,can1  110  [02]  58 1B
2025-10-11T15:48:09.245833,291.997,can1  110  [02]  58 1B
2025-10-11T15:48:09.684218,292.436,can1  100  [03]  6E 3C 05
2025-10-11T15:48:09.687800,292.439,can1  100  [03]  6E 3C 05
2025-10-11T15:48:09.692028,292.444,can1  120  [04]  80 1D 2C 04
2025-10-11T15:48:09.696179,292.448,can1  120  [04]  80 1D 2C 04
2025-10-11T15:48:10.558831,293.310,can1  110  [02]  70 17
2025-10-11T15:48:10.563187,293.315,can1  110  [02]  70 17
2025-10-11T15:48:10.997833,293.749,can1  100  [03]  5E 15 05
2025-10-11T15:48:11.001135,293.753,can1  100  [03]  5E 15 05
2025-10-11T15:48:11.004986,293.756,can1  120  [04]  00 87 93 03
2025-10-11T15:48:11.008798,293.760,can1  120  [04]  00 87 93 03
2025-10-11T15:48:11.875549,294.627,can1  110  [02]  88 13
2025-10-11T15:48:11.879175,294.631,can1  110  [02]  88 13
2025-10-11T15:48:11.883491,294.635,can1  100  [03]  4E EE 04
2025-10-11T15:48:11.887936,294.639,can1  100  [03]  4E EE 04
2025-10-11T15:48:12.311390,295.063,can1  120  [04]  80 F0 FA 02
2025-10-11T15:48:12.314473,295.066,can1  120  [04]  80 F0 FA 02
2025-10-11T15:48:13.189768,295.941,can1  110  [02]  A0 0F
2025-10-11T15:48:13.193286,295.945,can1  110  [02]  A0 0F
2025-10-11T15:48:13.197573,295.949,can1  100  [03]  3E C7 04
2025-10-11T15:48:13.201356,295.953,can1  100  [03]  3E C7 04
2025-10-11T15:48:13.628562,296.380,can1  120  [04]  00 5A 62 02
2025-10-11T15:48:13.631695,296.383,can1  120  [04]  00 5A 62 02
2025-10-11T15:48:14.493486,297.245,can1  110  [02]  B8 0B
2025-10-11T15:48:14.496781,297.248,can1  110  [02]  B8 0B
2025-10-11T15:48:14.501461,297.253,can1  100  [03]  2E A0 04
2025-10-11T15:48:14.505964,297.257,can1  100  [03]  2E A0 04
2025-10-11T15:48:14.929835,297.681,can1  120  [04]  80 C3 C9 01
2025-10-11T15:48:14.932885,297.684,can1  120  [04]  80 C3 C9 01
2025-10-11T15:48:15.808639,298.560,can1  110  [02]  D0 07
2025-10-11T15:48:15.812119,298.564,can1  110  [02]  D0 07
2025-10-11T15:48:15.816029,298.568,can1  100  [03]  1E 79 04
2025-10-11T15:48:15.820542,298.572,can1  100  [03]  1E 79 04
2025-10-11T15:48:16.243132,298.995,can1  120  [04]  00 2D 31 01
2025-10-11T15:48:16.247262,298.999,can1  120  [04]  00 2D 31 01
2025-10-11T15:48:17.125192,299.877,can1  110  [02]  E8 03
2025-10-11T15:48:17.128888,299.880,can1  110  [02]  E8 03
2025-10-11T15:48:17.133401,299.885,can1  100  [03]  0E 52 04
2025-10-11T15:48:17.137191,299.889,can1  100  [03]  0E 52 04
2025-10-11T15:48:17.563206,300.315,can1  120  [04]  80 96 98 00
2025-10-11T15:48:17.566433,300.318,can1  120  [04]  80 96 98 00
2025-10-11T15:48:18.442536,301.194,can1  110  [02]  D0 07
2025-10-11T15:48:18.446340,301.198,can1  110  [02]  D0 07
2025-10-11T15:48:18.451502,301.203,can1  100  [03]  1E 79 04
2025-10-11T15:48:18.456557,301.208,can1  100  [03]  1E 79 04
2025-10-11T15:48:18.985658,301.737,can1  120  [04]  00 2D 31 01
2025-10-11T15:48:18.989218,301.741,can1  120  [04]  00 2D 31 01
2025-10-11T15:48:19.855723,302.607,can1  110  [02]  B8 0B
2025-10-11T15:48:19.859617,302.611,can1  110  [02]  B8 0B
2025-10-11T15:48:19.864692,302.616,can1  100  [03]  2E A0 04
2025-10-11T15:48:19.868767,302.620,can1  100  [03]  2E A0 04
2025-10-11T15:48:19.872834,302.624,can1  120  [04]  80 C3 C9 01
2025-10-11T15:48:19.877668,302.629,can1  120  [04]  80 C3 C9 01
2025-10-11T15:48:21.278113,304.030,can1  110  [02]  A0 0F
2025-10-11T15:48:21.281276,304.033,can1  110  [02]  A0 0F
2025-10-11T15:48:21.286248,304.038,can1  100  [03]  3E C7 04
2025-10-11T15:48:21.290667,304.042,can1  100  [03]  3E C7 04
2025-10-11T15:48:21.295275,304.047,can1  120  [04]  00 5A 62 02
2025-10-11T15:48:21.299767,304.051,can1  120  [04]  00 5A 62 02
2025-10-11T15:48:22.166748,304.918,can1  110  [02]  88 13
2025-10-11T15:48:22.170116,304.922,can1  110  [02]  88 13
2025-10-11T15:48:22.174548,304.926,can1  100  [03]  4E EE 04
2025-10-11T15:48:22.179475,304.931,can1  100  [03]  4E EE 04
2025-10-11T15:48:22.611797,305.363,can1  120  [04]  80 F0 FA 02
2025-10-11T15:48:22.615201,305.367,can1  120  [04]  80 F0 FA 02
2025-10-11T15:48:23.507122,306.259,can1  110  [02]  70 17
2025-10-11T15:48:23.510873,306.262,can1  110  [02]  70 17
2025-10-11T15:48:23.514955,306.266,can1  100  [03]  5E 15 05
2025-10-11T15:48:23.518791,306.270,can1  100  [03]  5E 15 05
2025-10-11T15:48:23.947287,306.699,can1  120  [04]  00 87 93 03
2025-10-11T15:48:23.951069,306.703,can1  120  [04]  00 87 93 03
2025-10-11T15:48:24.826149,307.578,can1  110  [02]  58 1B
2025-10-11T15:48:24.829286,307.581,can1  110  [02]  58 1B
2025-10-11T15:48:24.833816,307.585,can1  100  [03]  6E 3C 05
2025-10-11T15:48:24.838131,307.590,can1  100  [03]  6E 3C 05
2025-10-11T15:48:24.842265,307.594,can1  120  [04]  80 1D 2C 04
2025-10-11T15:48:24.847050,307.599,can1  120  [04]  80 1D 2C 04
2025-10-11T15:48:26.141793,308.893,can1  110  [02]  40 1F
2025-10-11T15:48:26.145414,308.897,can1  110  [02]  40 1F
2025-10-11T15:48:26.149222,308.901,can1  100  [03]  7E 63 05
2025-10-11T15:48:26.152979,308.904,can1  100  [03]  7E 63 05
2025-10-11T15:48:26.577409,309.329,can1  120  [04]  00 B4 C4 04
2025-10-11T15:48:26.580661,309.332,can1  120  [04]  00 B4 C4 04
2025-10-11T15:48:27.459466,310.211,can1  110  [02]  28 23
2025-10-11T15:48:27.462780,310.214,can1  110  [02]  28 23
2025-10-11T15:48:27.467380,310.219,can1  100  [03]  8E 8A 05
2025-10-11T15:48:27.472270,310.224,can1  100  [03]  8E 8A 05
2025-10-11T15:48:27.911179,310.663,can1  120  [04]  80 4A 5D 05
2025-10-11T15:48:27.914529,310.666,can1  120  [04]  80 4A 5D 05
2025-10-11T15:48:28.775666,311.527,can1  110  [02]  40 1F
2025-10-11T15:48:28.780350,311.532,can1  110  [02]  40 1F
2025-10-11T15:48:28.784481,311.536,can1  100  [03]  7E 63 05
2025-10-11T15:48:28.788640,311.540,can1  100  [03]  7E 63 05
2025-10-11T15:48:29.231628,311.983,can1  120  [04]  00 B4 C4 04
2025-10-11T15:48:29.235212,311.987,can1  120  [04]  00 B4 C4 04
2025-10-11T15:48:30.108678,312.860,can1  110  [02]  58 1B
2025-10-11T15:48:30.112907,312.864,can1  110  [02]  58 1B
2025-10-11T15:48:30.117008,312.868,can1  100  [03]  6E 3C 05
2025-10-11T15:48:30.121666,312.873,can1  100  [03]  6E 3C 05
2025-10-11T15:48:30.541247,313.293,can1  120  [04]  80 1D 2C 04
2025-10-11T15:48:30.545799,313.297,can1  120  [04]  80 1D 2C 04
2025-10-11T15:48:31.423643,314.175,can1  110  [02]  70 17
2025-10-11T15:48:31.427123,314.179,can1  110  [02]  70 17
2025-10-11T15:48:31.431639,314.183,can1  100  [03]  5E 15 05
2025-10-11T15:48:31.436384,314.188,can1  100  [03]  5E 15 05
2025-10-11T15:48:31.861065,314.613,can1  120  [04]  00 87 93 03
2025-10-11T15:48:31.864442,314.616,can1  120  [04]  00 87 93 03
2025-10-11T15:48:32.725676,315.477,can1  110  [02]  88 13
2025-10-11T15:48:32.729492,315.481,can1  110  [02]  88 13
2025-10-11T15:48:32.733937,315.485,can1  100  [03]  4E EE 04
2025-10-11T15:48:32.738365,315.490,can1  100  [03]  4E EE 04
2025-10-11T15:48:33.162251,315.914,can1  120  [04]  80 F0 FA 02
2025-10-11T15:48:33.165516,315.917,can1  120  [04]  80 F0 FA 02
2025-10-11T15:48:34.041674,316.793,can1  110  [02]  A0 0F
2025-10-11T15:48:34.045407,316.797,can1  110  [02]  A0 0F
2025-10-11T15:48:34.050114,316.802,can1  100  [03]  3E C7 04
2025-10-11T15:48:34.054386,316.806,can1  100  [03]  3E C7 04
2025-10-11T15:48:34.479802,317.231,can1  120  [04]  00 5A 62 02
2025-10-11T15:48:34.483166,317.235,can1  120  [04]  00 5A 62 02
2025-10-11T15:48:35.358861,318.110,can1  110  [02]  B8 0B
2025-10-11T15:48:35.362026,318.114,can1  110  [02]  B8 0B
2025-10-11T15:48:35.365983,318.117,can1  100  [03]  2E A0 04
2025-10-11T15:48:35.369996,318.121,can1  100  [03]  2E A0 04
2025-10-11T15:48:35.811909,318.563,can1  120  [04]  80 C3 C9 01
2025-10-11T15:48:35.816250,318.568,can1  120  [04]  80 C3 C9 01
2025-10-11T15:48:36.690687,319.442,can1  110  [02]  D0 07
2025-10-11T15:48:36.694058,319.446,can1  110  [02]  D0 07
2025-10-11T15:48:36.697945,319.449,can1  100  [03]  1E 79 04
2025-10-11T15:48:36.701913,319.453,can1  100  [03]  1E 79 04
2025-10-11T15:48:37.129281,319.881,can1  120  [04]  00 2D 31 01
2025-10-11T15:48:37.132625,319.884,can1  120  [04]  00 2D 31 01
2025-10-11T15:48:38.010695,320.762,can1  110  [02]  E8 03
2025-10-11T15:48:38.014020,320.766,can1  110  [02]  E8 03
2025-10-11T15:48:38.018430,320.770,can1  100  [03]  0E 52 04
2025-10-11T15:48:38.023035,320.775,can1  100  [03]  0E 52 04
2025-10-11T15:48:38.027249,320.779,can1  120  [04]  80 96 98 00
2025-10-11T15:48:38.031416,320.783,can1  120  [04]  80 96 98 00
2025-10-11T15:48:39.324828,322.076,can1  110  [02]  D0 07
2025-10-11T15:48:39.328745,322.080,can1  110  [02]  D0 07
2025-10-11T15:48:39.333420,322.085,can1  100  [03]  1E 79 04
2025-10-11T15:48:39.337306,322.089,can1  100  [03]  1E 79 04
2025-10-11T15:48:39.342013,322.093,can1  120  [04]  00 2D 31 01
2025-10-11T15:48:39.346531,322.098,can1  120  [04]  00 2D 31 01
2025-10-11T15:48:40.656741,323.408,can1  110  [02]  B8 0B
2025-10-11T15:48:40.660653,323.412,can1  110  [02]  B8 0B
2025-10-11T15:48:40.665089,323.417,can1  100  [03]  2E A0 04
2025-10-11T15:48:40.670099,323.422,can1  100  [03]  2E A0 04
2025-10-11T15:48:40.674715,323.426,can1  120  [04]  80 C3 C9 01
2025-10-11T15:48:40.679424,323.431,can1  120  [04]  80 C3 C9 01
2025-10-11T15:48:41.972595,324.724,can1  110  [02]  A0 0F
2025-10-11T15:48:41.976052,324.728,can1  110  [02]  A0 0F
2025-10-11T15:48:41.980217,324.732,can1  100  [03]  3E C7 04
2025-10-11T15:48:41.985010,324.736,can1  100  [03]  3E C7 04
2025-10-11T15:48:42.004674,324.756,can1  120  [04]  00 5A 62 02
2025-10-11T15:48:42.008518,324.760,can1  120  [04]  00 5A 62 02
2025-10-11T15:48:43.274008,326.025,can1  110  [02]  88 13
2025-10-11T15:48:43.277787,326.029,can1  110  [02]  88 13
2025-10-11T15:48:43.282207,326.034,can1  100  [03]  4E EE 04
2025-10-11T15:48:43.286207,326.038,can1  100  [03]  4E EE 04
2025-10-11T15:48:43.290202,326.042,can1  120  [04]  80 F0 FA 02
2025-10-11T15:48:43.295226,326.047,can1  120  [04]  80 F0 FA 02
2025-10-11T15:48:44.592140,327.344,can1  110  [02]  70 17
2025-10-11T15:48:44.595900,327.347,can1  110  [02]  70 17
2025-10-11T15:48:44.600280,327.352,can1  100  [03]  5E 15 05
2025-10-11T15:48:44.604954,327.356,can1  100  [03]  5E 15 05
2025-10-11T15:48:44.609358,327.361,can1  120  [04]  00 87 93 03
2025-10-11T15:48:44.614035,327.366,can1  120  [04]  00 87 93 03
2025-10-11T15:48:45.936487,328.688,can1  110  [02]  58 1B
2025-10-11T15:48:45.940292,328.692,can1  110  [02]  58 1B
2025-10-11T15:48:45.944792,328.696,can1  100  [03]  6E 3C 05
2025-10-11T15:48:45.949488,328.701,can1  100  [03]  6E 3C 05
2025-10-11T15:48:45.954141,328.706,can1  120  [04]  80 1D 2C 04
2025-10-11T15:48:45.958764,328.710,can1  120  [04]  80 1D 2C 04
2025-10-11T15:48:47.250717,330.002,can1  110  [02]  40 1F
2025-10-11T15:48:47.254452,330.006,can1  110  [02]  40 1F
2025-10-11T15:48:47.258744,330.010,can1  100  [03]  7E 63 05
2025-10-11T15:48:47.263299,330.015,can1  100  [03]  7E 63 05
2025-10-11T15:48:47.268097,330.020,can1  120  [04]  00 B4 C4 04
2025-10-11T15:48:47.272680,330.024,can1  120  [04]  00 B4 C4 04
2025-10-11T15:48:48.143302,330.895,can1  110  [02]  28 23
2025-10-11T15:48:48.147837,330.899,can1  110  [02]  28 23
2025-10-11T15:48:48.152406,330.904,can1  100  [03]  8E 8A 05
2025-10-11T15:48:48.156735,330.908,can1  100  [03]  8E 8A 05
2025-10-11T15:48:48.569467,331.321,can1  120  [04]  80 4A 5D 05
2025-10-11T15:48:48.573501,331.325,can1  120  [04]  80 4A 5D 05
2025-10-11T15:48:49.458188,332.210,can1  110  [02]  40 1F
2025-10-11T15:48:49.461843,332.213,can1  110  [02]  40 1F
2025-10-11T15:48:49.466065,332.218,can1  100  [03]  7E 63 05
2025-10-11T15:48:49.471214,332.223,can1  100  [03]  7E 63 05
2025-10-11T15:48:49.476164,332.228,can1  120  [04]  00 B4 C4 04
2025-10-11T15:48:49.481264,332.233,can1  120  [04]  00 B4 C4 04
2025-10-11T15:48:50.757258,333.509,can1  110  [02]  58 1B
2025-10-11T15:48:50.761473,333.513,can1  110  [02]  58 1B
2025-10-11T15:48:50.765975,333.517,can1  100  [03]  6E 3C 05
2025-10-11T15:48:50.769824,333.521,can1  100  [03]  6E 3C 05
2025-10-11T15:48:51.208091,333.960,can1  120  [04]  80 1D 2C 04
2025-10-11T15:48:51.211904,333.963,can1  120  [04]  80 1D 2C 04
2025-10-11T15:48:52.090334,334.842,can1  110  [02]  70 17
2025-10-11T15:48:52.095214,334.847,can1  110  [02]  70 17
2025-10-11T15:48:52.099566,334.851,can1  100  [03]  5E 15 05
2025-10-11T15:48:52.104187,334.856,can1  100  [03]  5E 15 05
2025-10-11T15:48:52.527402,335.279,can1  120  [04]  00 87 93 03
2025-10-11T15:48:52.531143,335.283,can1  120  [04]  00 87 93 03
2025-10-11T15:48:53.406744,336.158,can1  110  [02]  88 13
2025-10-11T15:48:53.412036,336.164,can1  110  [02]  88 13
2025-10-11T15:48:53.417925,336.169,can1  100  [03]  4E EE 04
2025-10-11T15:48:53.423981,336.175,can1  100  [03]  4E EE 04
2025-10-11T15:48:53.429534,336.181,can1  120  [04]  80 F0 FA 02
2025-10-11T15:48:53.435189,336.187,can1  120  [04]  80 F0 FA 02
2025-10-11T15:48:54.393411,337.145,can1  110  [02]  A0 0F
2025-10-11T15:48:54.397705,337.149,can1  110  [02]  A0 0F
2025-10-11T15:48:54.832632,337.584,can1  100  [03]  3E C7 04
2025-10-11T15:48:54.836507,337.588,can1  100  [03]  3E C7 04
2025-10-11T15:48:54.840755,337.592,can1  120  [04]  00 5A 62 02
2025-10-11T15:48:54.846900,337.598,can1  120  [04]  00 5A 62 02
2025-10-11T15:48:55.707639,338.459,can1  110  [02]  B8 0B
2025-10-11T15:48:55.711513,338.463,can1  110  [02]  B8 0B
2025-10-11T15:48:55.715523,338.467,can1  100  [03]  2E A0 04
2025-10-11T15:48:55.719549,338.471,can1  100  [03]  2E A0 04
2025-10-11T15:48:56.242117,338.994,can1  120  [04]  80 C3 C9 01
2025-10-11T15:48:56.246820,338.998,can1  120  [04]  80 C3 C9 01
2025-10-11T15:48:57.235030,339.987,can1  110  [02]  D0 07
2025-10-11T15:48:57.240765,339.992,can1  110  [02]  D0 07
2025-10-11T15:48:57.246370,339.998,can1  100  [03]  1E 79 04
2025-10-11T15:48:57.251886,340.003,can1  100  [03]  1E 79 04
2025-10-11T15:48:57.257091,340.009,can1  120  [04]  00 2D 31 01
2025-10-11T15:48:57.262687,340.014,can1  120  [04]  00 2D 31 01
2025-10-11T15:48:58.223823,340.975,can1  110  [02]  E8 03
2025-10-11T15:48:58.227965,340.979,can1  110  [02]  E8 03
2025-10-11T15:48:58.655787,341.407,can1  100  [03]  0E 52 04
2025-10-11T15:48:58.659946,341.411,can1  100  [03]  0E 52 04
2025-10-11T15:48:58.664840,341.416,can1  120  [04]  80 96 98 00
2025-10-11T15:48:58.668877,341.420,can1  120  [04]  80 96 98 00
2025-10-11T15:48:59.527699,342.279,can1  110  [02]  D0 07
2025-10-11T15:48:59.531649,342.283,can1  110  [02]  D0 07
2025-10-11T15:48:59.536255,342.288,can1  100  [03]  1E 79 04
2025-10-11T15:48:59.540451,342.292,can1  100  [03]  1E 79 04
2025-10-11T15:48:59.961984,342.713,can1  120  [04]  00 2D 31 01
2025-10-11T15:48:59.965798,342.717,can1  120  [04]  00 2D 31 01
2025-10-11T15:49:00.841185,343.593,can1  110  [02]  B8 0B
2025-10-11T15:49:00.845857,343.597,can1  110  [02]  B8 0B
2025-10-11T15:49:00.849874,343.601,can1  100  [03]  2E A0 04
2025-10-11T15:49:00.854009,343.605,can1  100  [03]  2E A0 04
2025-10-11T15:49:00.859765,343.611,can1  120  [04]  80 C3 C9 01
2025-10-11T15:49:00.865327,343.617,can1  120  [04]  80 C3 C9 01
2025-10-11T15:49:02.057230,344.809,can1  110  [02]  A0 0F
2025-10-11T15:49:02.061065,344.813,can1  110  [02]  A0 0F
2025-10-11T15:49:02.066690,344.818,can1  100  [03]  3E C7 04
2025-10-11T15:49:02.071768,344.823,can1  100  [03]  3E C7 04
2025-10-11T15:49:02.603884,345.355,can1  120  [04]  00 5A 62 02
2025-10-11T15:49:02.609230,345.361,can1  120  [04]  00 5A 62 02
2025-10-11T15:49:03.809136,346.561,can1  110  [02]  88 13
2025-10-11T15:49:03.813731,346.565,can1  110  [02]  88 13
2025-10-11T15:49:03.819316,346.571,can1  100  [03]  4E EE 04
2025-10-11T15:49:03.824817,346.576,can1  100  [03]  4E EE 04
2025-10-11T15:49:03.830848,346.582,can1  120  [04]  80 F0 FA 02
2025-10-11T15:49:03.837011,346.588,can1  120  [04]  80 F0 FA 02
2025-10-11T15:49:04.792696,347.544,can1  110  [02]  70 17
2025-10-11T15:49:04.797615,347.549,can1  110  [02]  70 17
2025-10-11T15:49:04.802192,347.554,can1  100  [03]  5E 15 05
2025-10-11T15:49:04.807155,347.559,can1  100  [03]  5E 15 05
2025-10-11T15:49:05.338868,348.090,can1  120  [04]  00 87 93 03
2025-10-11T15:49:05.343020,348.095,can1  120  [04]  00 87 93 03
2025-10-11T15:49:06.326414,349.078,can1  110  [02]  58 1B
2025-10-11T15:49:06.330401,349.082,can1  110  [02]  58 1B
2025-10-11T15:49:06.334734,349.086,can1  100  [03]  6E 3C 05
2025-10-11T15:49:06.339773,349.091,can1  100  [03]  6E 3C 05
2025-10-11T15:49:06.344950,349.096,can1  120  [04]  80 1D 2C 04
2025-10-11T15:49:06.349252,349.101,can1  120  [04]  80 1D 2C 04
2025-10-11T15:49:07.211490,349.963,can1  110  [02]  40 1F
2025-10-11T15:49:07.215328,349.967,can1  110  [02]  40 1F
2025-10-11T15:49:07.988129,350.740,can1  100  [03]  7E 63 05
2025-10-11T15:49:07.993158,350.745,can1  100  [03]  7E 63 05
2025-10-11T15:49:07.998641,350.750,can1  120  [04]  00 B4 C4 04
2025-10-11T15:49:08.003258,350.755,can1  120  [04]  00 B4 C4 04
2025-10-11T15:49:08.968584,351.720,can1  110  [02]  28 23
2025-10-11T15:49:08.975243,351.727,can1  110  [02]  28 23
2025-10-11T15:49:08.981836,351.733,can1  100  [03]  8E 8A 05
2025-10-11T15:49:08.988781,351.740,can1  100  [03]  8E 8A 05
2025-10-11T15:49:08.994441,351.746,can1  120  [04]  80 4A 5D 05
2025-10-11T15:49:09.000704,351.752,can1  120  [04]  80 4A 5D 05
2025-10-11T15:49:09.946189,352.698,can1  110  [02]  40 1F
2025-10-11T15:49:09.950872,352.702,can1  110  [02]  40 1F
2025-10-11T15:49:09.956579,352.708,can1  100  [03]  7E 63 05
2025-10-11T15:49:09.962104,352.714,can1  100  [03]  7E 63 05
2025-10-11T15:49:09.967519,352.719,can1  120  [04]  00 B4 C4 04
2025-10-11T15:49:09.973083,352.725,can1  120  [04]  00 B4 C4 04
2025-10-11T15:49:11.912623,354.664,can1  110  [02]  58 1B
2025-10-11T15:49:11.918142,354.670,can1  110  [02]  58 1B
2025-10-11T15:49:11.924300,354.676,can1  100  [03]  6E 3C 05
2025-10-11T15:49:11.929614,354.681,can1  100  [03]  6E 3C 05
2025-10-11T15:49:11.936619,354.688,can1  120  [04]  80 1D 2C 04
2025-10-11T15:49:11.941708,354.693,can1  120  [04]  80 1D 2C 04
2025-10-11T15:49:12.794208,355.546,can1  110  [02]  70 17
2025-10-11T15:49:12.800059,355.552,can1  110  [02]  70 17
2025-10-11T15:49:12.806438,355.558,can1  100  [03]  5E 15 05
2025-10-11T15:49:12.812985,355.564,can1  100  [03]  5E 15 05
2025-10-11T15:49:12.818921,355.570,can1  120  [04]  00 87 93 03
2025-10-11T15:49:12.875461,355.627,can1  120  [04]  00 87 93 03
2025-10-11T15:49:13.908712,356.660,can1  110  [02]  88 13
2025-10-11T15:49:13.914855,356.666,can1  110  [02]  88 13
2025-10-11T15:49:13.920764,356.672,can1  100  [03]  4E EE 04
2025-10-11T15:49:13.927135,356.679,can1  100  [03]  4E EE 04
2025-10-11T15:49:13.933243,356.685,can1  120  [04]  80 F0 FA 02
2025-10-11T15:49:13.939158,356.691,can1  120  [04]  80 F0 FA 02
2025-10-11T15:49:14.895003,357.646,can1  110  [02]  A0 0F
2025-10-11T15:49:14.900251,357.652,can1  110  [02]  A0 0F
2025-10-11T15:49:15.875326,358.627,can1  100  [03]  3E C7 04
2025-10-11T15:49:15.882257,358.634,can1  100  [03]  3E C7 04
2025-10-11T15:49:15.888051,358.640,can1  120  [04]  00 5A 62 02
2025-10-11T15:49:15.893385,358.645,can1  120  [04]  00 5A 62 02
2025-10-11T15:49:16.860454,359.612,can1  110  [02]  B8 0B
2025-10-11T15:49:16.865602,359.617,can1  110  [02]  B8 0B
2025-10-11T15:49:16.870534,359.622,can1  100  [03]  2E A0 04
2025-10-11T15:49:16.876132,359.628,can1  100  [03]  2E A0 04
2025-10-11T15:49:16.882125,359.634,can1  120  [04]  80 C3 C9 01
2025-10-11T15:49:16.888109,359.640,can1  120  [04]  80 C3 C9 01
2025-10-11T15:49:17.840268,360.592,can1  110  [02]  D0 07
2025-10-11T15:49:17.847273,360.599,can1  110  [02]  D0 07
2025-10-11T15:49:17.853511,360.605,can1  100  [03]  1E 79 04
2025-10-11T15:49:17.860525,360.612,can1  100  [03]  1E 79 04
2025-10-11T15:49:17.866198,360.618,can1  120  [04]  00 2D 31 01
2025-10-11T15:49:17.873101,360.625,can1  120  [04]  00 2D 31 01
2025-10-11T15:49:18.835935,361.587,can1  110  [02]  E8 03
2025-10-11T15:49:18.842331,361.594,can1  110  [02]  E8 03
2025-10-11T15:49:19.741156,362.493,can1  100  [03]  0E 52 04
2025-10-11T15:49:19.746311,362.498,can1  100  [03]  0E 52 04
2025-10-11T15:49:19.751567,362.503,can1  120  [04]  80 96 98 00
2025-10-11T15:49:19.757352,362.509,can1  120  [04]  80 96 98 00
2025-10-11T15:49:20.650022,363.402,can1  110  [02]  D0 07
2025-10-11T15:49:20.655601,363.407,can1  110  [02]  D0 07
2025-10-11T15:49:20.661045,363.413,can1  100  [03]  1E 79 04
2025-10-11T15:49:20.665707,363.417,can1  100  [03]  1E 79 04
2025-10-11T15:49:20.670879,363.422,can1  120  [04]  00 2D 31 01
2025-10-11T15:49:20.676684,363.428,can1  120  [04]  00 2D 31 01
2025-10-11T15:49:21.644819,364.396,can1  110  [02]  B8 0B
2025-10-11T15:49:21.651085,364.403,can1  110  [02]  B8 0B
2025-10-11T15:49:21.692784,364.444,can1  100  [03]  2E A0 04
2025-10-11T15:49:21.712294,364.464,can1  100  [03]  2E A0 04
2025-10-11T15:49:21.717913,364.469,can1  120  [04]  80 C3 C9 01
2025-10-11T15:49:21.733578,364.485,can1  120  [04]  80 C3 C9 01
2025-10-11T15:49:22.839681,365.591,can1  110  [02]  A0 0F
2025-10-11T15:49:22.845788,365.597,can1  110  [02]  A0 0F
2025-10-11T15:49:22.851027,365.603,can1  100  [03]  3E C7 04
2025-10-11T15:49:22.855986,365.607,can1  100  [03]  3E C7 04
2025-10-11T15:49:23.826012,366.577,can1  120  [04]  00 5A 62 02
2025-10-11T15:49:23.831336,366.583,can1  120  [04]  00 5A 62 02
2025-10-11T15:49:24.694940,367.446,can1  110  [02]  88 13
2025-10-11T15:49:24.702738,367.454,can1  110  [02]  88 13
2025-10-11T15:49:24.708912,367.460,can1  100  [03]  4E EE 04
2025-10-11T15:49:24.717133,367.469,can1  100  [03]  4E EE 04
2025-10-11T15:49:24.721989,367.473,can1  120  [04]  80 F0 FA 02
2025-10-11T15:49:24.727404,367.479,can1  120  [04]  80 F0 FA 02
2025-10-11T15:49:25.678585,368.430,can1  110  [02]  70 17
2025-10-11T15:49:25.685358,368.437,can1  110  [02]  70 17
2025-10-11T15:49:25.691209,368.443,can1  100  [03]  5E 15 05
2025-10-11T15:49:25.696991,368.448,can1  100  [03]  5E 15 05
2025-10-11T15:49:25.703551,368.455,can1  120  [04]  00 87 93 03
2025-10-11T15:49:25.709861,368.461,can1  120  [04]  00 87 93 03
2025-10-11T15:49:26.678546,369.430,can1  110  [02]  58 1B
2025-10-11T15:49:26.685542,369.437,can1  110  [02]  58 1B
2025-10-11T15:49:26.692205,369.444,can1  100  [03]  6E 3C 05
2025-10-11T15:49:26.697561,369.449,can1  100  [03]  6E 3C 05
2025-10-11T15:49:27.563711,370.315,can1  120  [04]  80 1D 2C 04
2025-10-11T15:49:27.569843,370.321,can1  120  [04]  80 1D 2C 04
2025-10-11T15:49:28.559599,371.311,can1  110  [02]  40 1F
2025-10-11T15:49:28.566161,371.318,can1  110  [02]  40 1F
2025-10-11T15:49:28.571030,371.323,can1  100  [03]  7E 63 05
2025-10-11T15:49:28.575860,371.327,can1  100  [03]  7E 63 05
2025-10-11T15:49:28.581938,371.333,can1  120  [04]  00 B4 C4 04
2025-10-11T15:49:28.587095,371.339,can1  120  [04]  00 B4 C4 04
2025-10-11T15:49:29.455657,372.207,can1  110  [02]  28 23
2025-10-11T15:49:29.460793,372.212,can1  110  [02]  28 23
2025-10-11T15:49:29.465892,372.217,can1  100  [03]  8E 8A 05
2025-10-11T15:49:29.470857,372.222,can1  100  [03]  8E 8A 05
2025-10-11T15:49:29.475429,372.227,can1  120  [04]  80 4A 5D 05
2025-10-11T15:49:29.479978,372.231,can1  120  [04]  80 4A 5D 05
2025-10-11T15:49:30.768131,373.520,can1  110  [02]  40 1F
2025-10-11T15:49:30.772138,373.524,can1  110  [02]  40 1F
2025-10-11T15:49:30.776816,373.528,can1  100  [03]  7E 63 05
2025-10-11T15:49:30.781682,373.533,can1  100  [03]  7E 63 05
2025-10-11T15:49:30.786337,373.538,can1  120  [04]  00 B4 C4 04
2025-10-11T15:49:30.790767,373.542,can1  120  [04]  00 B4 C4 04
2025-10-11T15:49:31.644200,374.396,can1  110  [02]  58 1B
2025-10-11T15:49:31.648368,374.400,can1  110  [02]  58 1B
2025-10-11T15:49:32.081941,374.833,can1  100  [03]  6E 3C 05
2025-10-11T15:49:32.086130,374.838,can1  100  [03]  6E 3C 05
2025-10-11T15:49:32.090919,374.842,can1  120  [04]  80 1D 2C 04
2025-10-11T15:49:32.095589,374.847,can1  120  [04]  80 1D 2C 04
2025-10-11T15:49:32.962165,375.714,can1  110  [02]  70 17
2025-10-11T15:49:32.966486,375.718,can1  110  [02]  70 17
2025-10-11T15:49:32.970817,375.722,can1  100  [03]  5E 15 05
2025-10-11T15:49:32.975963,375.727,can1  100  [03]  5E 15 05
2025-10-11T15:49:33.398483,376.150,can1  120  [04]  00 87 93 03
2025-10-11T15:49:33.402751,376.154,can1  120  [04]  00 87 93 03
2025-10-11T15:49:34.292750,377.044,can1  110  [02]  88 13
2025-10-11T15:49:34.297064,377.049,can1  110  [02]  88 13
2025-10-11T15:49:34.302748,377.054,can1  100  [03]  4E EE 04
2025-10-11T15:49:34.309042,377.061,can1  100  [03]  4E EE 04
2025-10-11T15:49:34.315708,377.067,can1  120  [04]  80 F0 FA 02
2025-10-11T15:49:34.322777,377.074,can1  120  [04]  80 F0 FA 02
2025-10-11T15:49:35.609290,378.361,can1  110  [02]  A0 0F
2025-10-11T15:49:35.613394,378.365,can1  110  [02]  A0 0F
2025-10-11T15:49:35.618228,378.370,can1  100  [03]  3E C7 04
2025-10-11T15:49:35.623282,378.375,can1  100  [03]  3E C7 04
2025-10-11T15:49:35.628359,378.380,can1  120  [04]  00 5A 62 02
2025-10-11T15:49:35.633408,378.385,can1  120  [04]  00 5A 62 02
2025-10-11T15:49:36.921695,379.673,can1  110  [02]  B8 0B
2025-10-11T15:49:36.925641,379.677,can1  110  [02]  B8 0B
2025-10-11T15:49:36.930929,379.682,can1  100  [03]  2E A0 04
2025-10-11T15:49:36.935617,379.687,can1  100  [03]  2E A0 04
2025-10-11T15:49:36.940549,379.692,can1  120  [04]  80 C3 C9 01
2025-10-11T15:49:36.965837,379.717,can1  120  [04]  80 C3 C9 01
2025-10-11T15:49:37.906701,380.658,can1  110  [02]  D0 07
2025-10-11T15:49:37.910788,380.662,can1  110  [02]  D0 07
2025-10-11T15:49:37.915704,380.667,can1  100  [03]  1E 79 04
2025-10-11T15:49:37.920679,380.672,can1  100  [03]  1E 79 04
2025-10-11T15:49:38.334309,381.086,can1  120  [04]  00 2D 31 01
2025-10-11T15:49:38.338479,381.090,can1  120  [04]  00 2D 31 01
2025-10-11T15:49:39.227675,381.979,can1  110  [02]  E8 03
2025-10-11T15:49:39.249509,382.001,can1  110  [02]  E8 03
2025-10-11T15:49:39.254044,382.006,can1  100  [03]  0E 52 04
2025-10-11T15:49:39.258737,382.010,can1  100  [03]  0E 52 04
2025-10-11T15:49:39.661767,382.413,can1  120  [04]  80 96 98 00
2025-10-11T15:49:39.665979,382.417,can1  120  [04]  80 96 98 00
2025-10-11T15:49:40.544849,383.296,can1  110  [02]  D0 07
2025-10-11T15:49:40.549335,383.301,can1  110  [02]  D0 07
2025-10-11T15:49:40.554079,383.306,can1  100  [03]  1E 79 04
2025-10-11T15:49:40.558730,383.310,can1  100  [03]  1E 79 04
2025-10-11T15:49:40.564553,383.316,can1  120  [04]  00 2D 31 01
2025-10-11T15:49:40.569670,383.321,can1  120  [04]  00 2D 31 01
2025-10-11T15:49:41.861657,384.613,can1  110  [02]  B8 0B
2025-10-11T15:49:41.865762,384.617,can1  110  [02]  B8 0B
2025-10-11T15:49:41.870546,384.622,can1  100  [03]  2E A0 04
2025-10-11T15:49:41.875409,384.627,can1  100  [03]  2E A0 04
2025-10-11T15:49:41.880800,384.632,can1  120  [04]  80 C3 C9 01
2025-10-11T15:49:41.886043,384.638,can1  120  [04]  80 C3 C9 01
2025-10-11T15:49:43.174989,385.926,can1  110  [02]  A0 0F
2025-10-11T15:49:43.179068,385.931,can1  110  [02]  A0 0F
2025-10-11T15:49:43.183854,385.935,can1  100  [03]  3E C7 04
2025-10-11T15:49:43.188666,385.940,can1  100  [03]  3E C7 04
2025-10-11T15:49:43.193079,385.945,can1  120  [04]  00 5A 62 02
2025-10-11T15:49:43.201157,385.953,can1  120  [04]  00 5A 62 02
2025-10-11T15:49:44.475082,387.227,can1  110  [02]  88 13
2025-10-11T15:49:44.479011,387.230,can1  110  [02]  88 13
2025-10-11T15:49:44.483326,387.235,can1  100  [03]  4E EE 04
2025-10-11T15:49:44.488195,387.240,can1  100  [03]  4E EE 04
2025-10-11T15:49:44.493218,387.245,can1  120  [04]  80 F0 FA 02
2025-10-11T15:49:44.497956,387.249,can1  120  [04]  80 F0 FA 02
2025-10-11T15:49:45.791167,388.543,can1  110  [02]  70 17
2025-10-11T15:49:45.795712,388.547,can1  110  [02]  70 17
2025-10-11T15:49:45.800751,388.552,can1  100  [03]  5E 15 05
2025-10-11T15:49:45.805317,388.557,can1  100  [03]  5E 15 05
2025-10-11T15:49:45.810449,388.562,can1  120  [04]  00 87 93 03
2025-10-11T15:49:45.815523,388.567,can1  120  [04]  00 87 93 03
2025-10-11T15:49:47.103751,389.855,can1  110  [02]  58 1B
2025-10-11T15:49:47.108088,389.860,can1  110  [02]  58 1B
2025-10-11T15:49:47.113336,389.865,can1  100  [03]  6E 3C 05
2025-10-11T15:49:47.118941,389.870,can1  100  [03]  6E 3C 05
2025-10-11T15:49:47.123864,389.875,can1  120  [04]  80 1D 2C 04
2025-10-11T15:49:47.128624,389.880,can1  120  [04]  80 1D 2C 04
2025-10-11T15:49:47.978205,390.730,can1  110  [02]  40 1F
2025-10-11T15:49:47.982687,390.734,can1  110  [02]  40 1F
2025-10-11T15:49:48.414376,391.166,can1  100  [03]  7E 63 05
2025-10-11T15:49:48.418377,391.170,can1  100  [03]  7E 63 05
2025-10-11T15:49:48.423611,391.175,can1  120  [04]  00 B4 C4 04
2025-10-11T15:49:48.429025,391.181,can1  120  [04]  00 B4 C4 04
2025-10-11T15:49:49.295712,392.047,can1  110  [02]  28 23
2025-10-11T15:49:49.299887,392.051,can1  110  [02]  28 23
2025-10-11T15:49:49.304786,392.056,can1  100  [03]  8E 8A 05
2025-10-11T15:49:49.309601,392.061,can1  100  [03]  8E 8A 05
2025-10-11T15:49:49.732049,392.484,can1  120  [04]  80 4A 5D 05
2025-10-11T15:49:49.736341,392.488,can1  120  [04]  80 4A 5D 05
2025-10-11T15:49:50.611465,393.363,can1  110  [02]  40 1F
2025-10-11T15:49:50.615276,393.367,can1  110  [02]  40 1F
2025-10-11T15:49:50.620064,393.372,can1  100  [03]  7E 63 05
2025-10-11T15:49:50.625193,393.377,can1  100  [03]  7E 63 05
2025-10-11T15:49:50.631323,393.383,can1  120  [04]  00 B4 C4 04
2025-10-11T15:49:50.635939,393.387,can1  120  [04]  00 B4 C4 04
2025-10-11T15:49:51.925151,394.677,can1  110  [02]  58 1B
2025-10-11T15:49:51.930286,394.682,can1  110  [02]  58 1B
2025-10-11T15:49:51.935299,394.687,can1  100  [03]  6E 3C 05
2025-10-11T15:49:51.939889,394.691,can1  100  [03]  6E 3C 05
2025-10-11T15:49:51.945475,394.697,can1  120  [04]  80 1D 2C 04
2025-10-11T15:49:51.950649,394.702,can1  120  [04]  80 1D 2C 04
2025-10-11T15:49:53.224848,395.976,can1  110  [02]  70 17
2025-10-11T15:49:53.229260,395.981,can1  110  [02]  70 17
2025-10-11T15:49:53.234018,395.986,can1  100  [03]  5E 15 05
2025-10-11T15:49:53.239137,395.991,can1  100  [03]  5E 15 05
2025-10-11T15:49:53.244502,395.996,can1  120  [04]  00 87 93 03
2025-10-11T15:49:53.249798,396.001,can1  120  [04]  00 87 93 03
2025-10-11T15:49:54.539972,397.291,can1  110  [02]  88 13
2025-10-11T15:49:54.545679,397.297,can1  110  [02]  88 13
2025-10-11T15:49:54.551885,397.303,can1  100  [03]  4E EE 04
2025-10-11T15:49:54.557590,397.309,can1  100  [03]  4E EE 04
2025-10-11T15:49:54.563745,397.315,can1  120  [04]  80 F0 FA 02
2025-10-11T15:49:54.569610,397.321,can1  120  [04]  80 F0 FA 02
2025-10-11T15:49:55.427125,398.179,can1  110  [02]  A0 0F
2025-10-11T15:49:55.432207,398.184,can1  110  [02]  A0 0F
2025-10-11T15:49:55.851976,398.603,can1  100  [03]  3E C7 04
2025-10-11T15:49:55.856989,398.608,can1  100  [03]  3E C7 04
2025-10-11T15:49:55.862110,398.614,can1  120  [04]  00 5A 62 02
2025-10-11T15:49:55.867198,398.619,can1  120  [04]  00 5A 62 02
2025-10-11T15:49:56.726162,399.478,can1  110  [02]  B8 0B
2025-10-11T15:49:56.730967,399.482,can1  110  [02]  B8 0B
2025-10-11T15:49:57.166291,399.918,can1  100  [03]  2E A0 04
2025-10-11T15:49:57.170441,399.922,can1  100  [03]  2E A0 04
2025-10-11T15:49:57.175660,399.927,can1  120  [04]  80 C3 C9 01
2025-10-11T15:49:57.180696,399.932,can1  120  [04]  80 C3 C9 01
2025-10-11T15:49:58.045612,400.797,can1  110  [02]  D0 07
2025-10-11T15:49:58.050595,400.802,can1  110  [02]  D0 07
2025-10-11T15:49:58.480847,401.232,can1  100  [03]  1E 79 04
2025-10-11T15:49:58.485339,401.237,can1  100  [03]  1E 79 04
2025-10-11T15:49:58.490679,401.242,can1  120  [04]  00 2D 31 01
2025-10-11T15:49:58.495997,401.247,can1  120  [04]  00 2D 31 01
2025-10-11T15:49:59.361425,402.113,can1  110  [02]  E8 03
2025-10-11T15:49:59.367473,402.119,can1  110  [02]  E8 03
2025-10-11T15:49:59.373908,402.125,can1  100  [03]  0E 52 04
2025-10-11T15:49:59.381065,402.133,can1  100  [03]  0E 52 04
2025-10-11T15:49:59.906256,402.658,can1  120  [04]  80 96 98 00
2025-10-11T15:49:59.911178,402.663,can1  120  [04]  80 96 98 00
2025-10-11T15:50:00.886121,403.638,can1  110  [02]  D0 07
2025-10-11T15:50:00.890660,403.642,can1  110  [02]  D0 07
2025-10-11T15:50:00.896734,403.648,can1  100  [03]  1E 79 04
2025-10-11T15:50:00.902931,403.654,can1  100  [03]  1E 79 04
2025-10-11T15:50:00.908583,403.660,can1  120  [04]  00 2D 31 01
2025-10-11T15:50:00.914970,403.666,can1  120  [04]  00 2D 31 01
2025-10-11T15:50:02.095067,404.847,can1  110  [02]  B8 0B
2025-10-11T15:50:02.102803,404.854,can1  110  [02]  B8 0B
2025-10-11T15:50:02.108729,404.860,can1  100  [03]  2E A0 04
2025-10-11T15:50:02.115946,404.867,can1  100  [03]  2E A0 04
2025-10-11T15:50:02.642792,405.394,can1  120  [04]  80 C3 C9 01
2025-10-11T15:50:02.648631,405.400,can1  120  [04]  80 C3 C9 01
2025-10-11T15:50:03.512627,406.264,can1  110  [02]  A0 0F
2025-10-11T15:50:03.516874,406.268,can1  110  [02]  A0 0F
2025-10-11T15:50:03.522155,406.274,can1  100  [03]  3E C7 04
2025-10-11T15:50:03.528245,406.280,can1  100  [03]  3E C7 04
2025-10-11T15:50:04.057902,406.809,can1  120  [04]  00 5A 62 02
2025-10-11T15:50:04.063737,406.815,can1  120  [04]  00 5A 62 02
2025-10-11T15:50:04.929050,407.681,can1  110  [02]  88 13
2025-10-11T15:50:04.933326,407.685,can1  110  [02]  88 13
2025-10-11T15:50:04.938797,407.690,can1  100  [03]  4E EE 04
2025-10-11T15:50:04.945099,407.697,can1  100  [03]  4E EE 04
2025-10-11T15:50:05.378627,408.130,can1  120  [04]  80 F0 FA 02
2025-10-11T15:50:05.383210,408.135,can1  120  [04]  80 F0 FA 02
2025-10-11T15:50:06.585819,409.337,can1  110  [02]  70 17
2025-10-11T15:50:06.592592,409.344,can1  110  [02]  70 17
2025-10-11T15:50:06.598790,409.350,can1  100  [03]  5E 15 05
2025-10-11T15:50:06.604571,409.356,can1  100  [03]  5E 15 05
2025-10-11T15:50:06.610292,409.362,can1  120  [04]  00 87 93 03
2025-10-11T15:50:06.616458,409.368,can1  120  [04]  00 87 93 03
2025-10-11T15:50:07.467341,410.219,can1  110  [02]  58 1B
2025-10-11T15:50:07.471476,410.223,can1  110  [02]  58 1B
2025-10-11T15:50:07.476757,410.228,can1  100  [03]  6E 3C 05
2025-10-11T15:50:07.483424,410.235,can1  100  [03]  6E 3C 05
2025-10-11T15:50:07.489737,410.241,can1  120  [04]  80 1D 2C 04
2025-10-11T15:50:07.496182,410.248,can1  120  [04]  80 1D 2C 04
2025-10-11T15:50:09.230115,411.982,can1  110  [02]  40 1F
2025-10-11T15:50:09.236583,411.988,can1  110  [02]  40 1F
2025-10-11T15:50:09.243265,411.995,can1  100  [03]  7E 63 05
2025-10-11T15:50:09.251373,412.003,can1  100  [03]  7E 63 05
2025-10-11T15:50:09.258634,412.010,can1  120  [04]  00 B4 C4 04
2025-10-11T15:50:09.289998,412.041,can1  120  [04]  00 B4 C4 04
2025-10-11T15:50:10.346560,413.098,can1  110  [02]  28 23
2025-10-11T15:50:10.351467,413.103,can1  110  [02]  28 23
2025-10-11T15:50:10.356677,413.108,can1  100  [03]  8E 8A 05
2025-10-11T15:50:10.363734,413.115,can1  100  [03]  8E 8A 05
2025-10-11T15:50:10.369309,413.121,can1  120  [04]  80 4A 5D 05
2025-10-11T15:50:10.375630,413.127,can1  120  [04]  80 4A 5D 05
2025-10-11T15:50:11.901412,414.653,can1  110  [02]  40 1F
2025-10-11T15:50:11.906380,414.658,can1  110  [02]  40 1F
2025-10-11T15:50:11.914051,414.666,can1  100  [03]  7E 63 05
2025-10-11T15:50:11.920422,414.672,can1  100  [03]  7E 63 05
2025-10-11T15:50:11.926391,414.678,can1  120  [04]  00 B4 C4 04
2025-10-11T15:50:11.933959,414.685,can1  120  [04]  00 B4 C4 04
2025-10-11T15:50:12.906999,415.658,can1  110  [02]  58 1B
2025-10-11T15:50:12.913384,415.665,can1  110  [02]  58 1B
2025-10-11T15:50:12.919637,415.671,can1  100  [03]  6E 3C 05
2025-10-11T15:50:12.925059,415.677,can1  100  [03]  6E 3C 05
2025-10-11T15:50:12.932069,415.684,can1  120  [04]  80 1D 2C 04
2025-10-11T15:50:12.937622,415.689,can1  120  [04]  80 1D 2C 04
2025-10-11T15:50:13.895384,416.647,can1  110  [02]  70 17
2025-10-11T15:50:13.899901,416.651,can1  110  [02]  70 17
2025-10-11T15:50:13.905593,416.657,can1  100  [03]  5E 15 05
2025-10-11T15:50:13.911327,416.663,can1  100  [03]  5E 15 05
2025-10-11T15:50:13.969222,416.721,can1  120  [04]  00 87 93 03
2025-10-11T15:50:13.975572,416.727,can1  120  [04]  00 87 93 03
2025-10-11T15:50:15.779516,418.531,can1  110  [02]  88 13
2025-10-11T15:50:15.786039,418.538,can1  110  [02]  88 13
2025-10-11T15:50:15.792464,418.544,can1  100  [03]  4E EE 04
2025-10-11T15:50:15.798046,418.550,can1  100  [03]  4E EE 04
2025-10-11T15:50:15.803534,418.555,can1  120  [04]  80 F0 FA 02
2025-10-11T15:50:15.808556,418.560,can1  120  [04]  80 F0 FA 02
2025-10-11T15:50:16.762883,419.514,can1  110  [02]  A0 0F
2025-10-11T15:50:16.769060,419.521,can1  110  [02]  A0 0F
2025-10-11T15:50:16.774611,419.526,can1  100  [03]  3E C7 04
2025-10-11T15:50:16.782342,419.534,can1  100  [03]  3E C7 04
2025-10-11T15:50:16.787860,419.539,can1  120  [04]  00 5A 62 02
2025-10-11T15:50:16.793957,419.545,can1  120  [04]  00 5A 62 02
2025-10-11T15:50:17.747869,420.499,can1  110  [02]  B8 0B
2025-10-11T15:50:17.754832,420.506,can1  110  [02]  B8 0B
2025-10-11T15:50:17.762344,420.514,can1  100  [03]  2E A0 04
2025-10-11T15:50:17.768564,420.520,can1  100  [03]  2E A0 04
2025-10-11T15:50:18.726512,421.478,can1  120  [04]  80 C3 C9 01
2025-10-11T15:50:18.734229,421.486,can1  120  [04]  80 C3 C9 01
2025-10-11T15:50:19.834688,422.586,can1  110  [02]  D0 07
2025-10-11T15:50:19.842128,422.594,can1  110  [02]  D0 07
2025-10-11T15:50:19.847677,422.599,can1  100  [03]  1E 79 04
2025-10-11T15:50:19.853551,422.605,can1  100  [03]  1E 79 04
2025-10-11T15:50:19.858608,422.610,can1  120  [04]  00 2D 31 01
2025-10-11T15:50:19.865006,422.616,can1  120  [04]  00 2D 31 01
2025-10-11T15:50:20.947127,423.699,can1  110  [02]  E8 03
2025-10-11T15:50:20.955620,423.707,can1  110  [02]  E8 03
2025-10-11T15:50:20.963447,423.715,can1  100  [03]  0E 52 04
2025-10-11T15:50:20.969714,423.721,can1  100  [03]  0E 52 04
2025-10-11T15:50:20.976373,423.728,can1  120  [04]  80 96 98 00
2025-10-11T15:50:20.984288,423.736,can1  120  [04]  80 96 98 00
2025-10-11T15:50:21.936009,424.687,can1  110  [02]  D0 07
2025-10-11T15:50:21.942528,424.694,can1  110  [02]  D0 07
2025-10-11T15:50:21.950190,424.702,can1  100  [03]  1E 79 04
2025-10-11T15:50:21.957407,424.709,can1  100  [03]  1E 79 04
2025-10-11T15:50:21.964094,424.716,can1  120  [04]  00 2D 31 01
2025-10-11T15:50:21.971777,424.723,can1  120  [04]  00 2D 31 01
2025-10-11T15:50:22.919039,425.671,can1  110  [02]  B8 0B
2025-10-11T15:50:22.925540,425.677,can1  110  [02]  B8 0B
2025-10-11T15:50:23.896753,426.648,can1  100  [03]  2E A0 04
2025-10-11T15:50:23.902363,426.654,can1  100  [03]  2E A0 04
2025-10-11T15:50:23.910107,426.662,can1  120  [04]  80 C3 C9 01
2025-10-11T15:50:23.918208,426.670,can1  120  [04]  80 C3 C9 01
2025-10-11T15:50:24.885144,427.637,can1  110  [02]  A0 0F
2025-10-11T15:50:24.889829,427.641,can1  110  [02]  A0 0F
2025-10-11T15:50:24.895716,427.647,can1  100  [03]  3E C7 04
2025-10-11T15:50:24.901967,427.653,can1  100  [03]  3E C7 04
2025-10-11T15:50:24.908524,427.660,can1  120  [04]  00 5A 62 02
2025-10-11T15:50:24.915966,427.667,can1  120  [04]  00 5A 62 02
2025-10-11T15:50:25.874735,428.626,can1  110  [02]  88 13
2025-10-11T15:50:25.881261,428.633,can1  110  [02]  88 13
2025-10-11T15:50:25.887452,428.639,can1  100  [03]  4E EE 04
2025-10-11T15:50:25.893104,428.645,can1  100  [03]  4E EE 04
2025-10-11T15:50:25.898587,428.650,can1  120  [04]  80 F0 FA 02
2025-10-11T15:50:25.904888,428.656,can1  120  [04]  80 F0 FA 02
2025-10-11T15:50:26.880321,429.632,can1  110  [02]  70 17
2025-10-11T15:50:26.889264,429.641,can1  110  [02]  70 17
2025-10-11T15:50:26.896148,429.648,can1  100  [03]  5E 15 05
2025-10-11T15:50:26.903862,429.655,can1  100  [03]  5E 15 05
2025-10-11T15:50:27.863575,430.615,can1  120  [04]  00 87 93 03
2025-10-11T15:50:27.869680,430.621,can1  120  [04]  00 87 93 03
2025-10-11T15:50:28.839315,431.591,can1  110  [02]  58 1B
2025-10-11T15:50:28.847291,431.599,can1  110  [02]  58 1B
2025-10-11T15:50:28.852245,431.604,can1  100  [03]  6E 3C 05
2025-10-11T15:50:28.857541,431.609,can1  100  [03]  6E 3C 05
2025-10-11T15:50:28.863453,431.615,can1  120  [04]  80 1D 2C 04
2025-10-11T15:50:28.871423,431.623,can1  120  [04]  80 1D 2C 04
2025-10-11T15:50:29.833922,432.585,can1  110  [02]  40 1F
2025-10-11T15:50:29.840875,432.592,can1  110  [02]  40 1F
2025-10-11T15:50:29.847349,432.599,can1  100  [03]  7E 63 05
2025-10-11T15:50:29.853484,432.605,can1  100  [03]  7E 63 05
2025-10-11T15:50:29.859544,432.611,can1  120  [04]  00 B4 C4 04
2025-10-11T15:50:29.864970,432.616,can1  120  [04]  00 B4 C4 04
2025-10-11T15:50:30.710761,433.462,can1  110  [02]  28 23
2025-10-11T15:50:30.717613,433.469,can1  110  [02]  28 23
2025-10-11T15:50:30.723716,433.475,can1  100  [03]  8E 8A 05
2025-10-11T15:50:30.730520,433.482,can1  100  [03]  8E 8A 05
2025-10-11T15:50:30.736240,433.488,can1  120  [04]  80 4A 5D 05
2025-10-11T15:50:30.742623,433.494,can1  120  [04]  80 4A 5D 05
2025-10-11T15:50:31.696720,434.448,can1  110  [02]  40 1F
2025-10-11T15:50:31.701402,434.453,can1  110  [02]  40 1F
2025-10-11T15:50:32.713533,435.465,can1  100  [03]  7E 63 05
2025-10-11T15:50:32.720826,435.472,can1  100  [03]  7E 63 05
2025-10-11T15:50:32.726299,435.478,can1  120  [04]  00 B4 C4 04
2025-10-11T15:50:32.731573,435.483,can1  120  [04]  00 B4 C4 04
2025-10-11T15:50:33.606980,436.358,can1  110  [02]  58 1B
2025-10-11T15:50:33.614627,436.366,can1  110  [02]  58 1B
2025-10-11T15:50:33.621665,436.373,can1  100  [03]  6E 3C 05
2025-10-11T15:50:33.628213,436.380,can1  100  [03]  6E 3C 05
2025-10-11T15:50:33.634784,436.386,can1  120  [04]  80 1D 2C 04
2025-10-11T15:50:33.640891,436.392,can1  120  [04]  80 1D 2C 04
2025-10-11T15:50:34.590761,437.342,can1  110  [02]  70 17
2025-10-11T15:50:34.598164,437.350,can1  110  [02]  70 17
2025-10-11T15:50:34.604150,437.356,can1  100  [03]  5E 15 05
2025-10-11T15:50:34.611375,437.363,can1  100  [03]  5E 15 05
2025-10-11T15:50:34.617521,437.369,can1  120  [04]  00 87 93 03
2025-10-11T15:50:34.623647,437.375,can1  120  [04]  00 87 93 03
2025-10-11T15:50:35.688264,438.440,can1  110  [02]  88 13
2025-10-11T15:50:35.696295,438.448,can1  110  [02]  88 13
2025-10-11T15:50:35.702840,438.454,can1  100  [03]  4E EE 04
2025-10-11T15:50:35.708750,438.460,can1  100  [03]  4E EE 04
2025-10-11T15:50:36.575062,439.327,can1  120  [04]  80 F0 FA 02
2025-10-11T15:50:36.582461,439.334,can1  120  [04]  80 F0 FA 02
2025-10-11T15:50:37.554859,440.306,can1  110  [02]  A0 0F
2025-10-11T15:50:37.561636,440.313,can1  110  [02]  A0 0F
2025-10-11T15:50:37.568924,440.320,can1  100  [03]  3E C7 04
2025-10-11T15:50:37.574916,440.326,can1  100  [03]  3E C7 04
2025-10-11T15:50:37.581847,440.333,can1  120  [04]  00 5A 62 02
2025-10-11T15:50:37.587720,440.339,can1  120  [04]  00 5A 62 02
2025-10-11T15:50:38.545635,441.297,can1  110  [02]  B8 0B
2025-10-11T15:50:38.550884,441.302,can1  110  [02]  B8 0B
2025-10-11T15:50:38.556148,441.308,can1  100  [03]  2E A0 04
2025-10-11T15:50:38.561138,441.313,can1  100  [03]  2E A0 04
2025-10-11T15:50:38.567320,441.319,can1  120  [04]  80 C3 C9 01
2025-10-11T15:50:38.571983,441.323,can1  120  [04]  80 C3 C9 01
2025-10-11T15:50:39.530322,442.282,can1  110  [02]  D0 07
2025-10-11T15:50:39.534691,442.286,can1  110  [02]  D0 07
2025-10-11T15:50:39.969964,442.721,can1  100  [03]  1E 79 04
2025-10-11T15:50:39.974512,442.726,can1  100  [03]  1E 79 04
2025-10-11T15:50:39.979892,442.731,can1  120  [04]  00 2D 31 01
2025-10-11T15:50:39.986182,442.738,can1  120  [04]  00 2D 31 01
2025-10-11T15:50:40.833972,443.585,can1  110  [02]  E8 03
2025-10-11T15:50:40.838252,443.590,can1  110  [02]  E8 03
2025-10-11T15:50:41.277295,444.029,can1  100  [03]  0E 52 04
2025-10-11T15:50:41.282177,444.034,can1  100  [03]  0E 52 04
2025-10-11T15:50:41.287727,444.039,can1  120  [04]  80 96 98 00
2025-10-11T15:50:41.293466,444.045,can1  120  [04]  80 96 98 00
2025-10-11T15:50:42.161424,444.913,can1  110  [02]  D0 07
2025-10-11T15:50:42.166424,444.918,can1  110  [02]  D0 07
2025-10-11T15:50:42.583913,445.335,can1  100  [03]  1E 79 04
2025-10-11T15:50:42.588424,445.340,can1  100  [03]  1E 79 04
2025-10-11T15:50:42.593935,445.345,can1  120  [04]  00 2D 31 01
2025-10-11T15:50:42.598630,445.350,can1  120  [04]  00 2D 31 01
2025-10-11T15:50:43.462952,446.214,can1  110  [02]  B8 0B
2025-10-11T15:50:43.469117,446.221,can1  110  [02]  B8 0B
2025-10-11T15:50:43.474213,446.226,can1  100  [03]  2E A0 04
2025-10-11T15:50:43.480692,446.232,can1  100  [03]  2E A0 04
2025-10-11T15:50:43.900200,446.652,can1  120  [04]  80 C3 C9 01
2025-10-11T15:50:43.904589,446.656,can1  120  [04]  80 C3 C9 01
2025-10-11T15:50:44.779192,447.531,can1  110  [02]  A0 0F
2025-10-11T15:50:44.783652,447.535,can1  110  [02]  A0 0F
2025-10-11T15:50:45.235372,447.987,can1  100  [03]  3E C7 04
2025-10-11T15:50:45.240230,447.992,can1  100  [03]  3E C7 04
2025-10-11T15:50:45.246053,447.998,can1  120  [04]  00 5A 62 02
2025-10-11T15:50:45.252001,448.003,can1  120  [04]  00 5A 62 02
2025-10-11T15:50:46.537192,449.289,can1  110  [02]  88 13
2025-10-11T15:50:46.542720,449.294,can1  110  [02]  88 13
2025-10-11T15:50:46.548246,449.300,can1  100  [03]  4E EE 04
2025-10-11T15:50:46.554147,449.306,can1  100  [03]  4E EE 04
2025-10-11T15:50:46.559825,449.311,can1  120  [04]  80 F0 FA 02
2025-10-11T15:50:46.566473,449.318,can1  120  [04]  80 F0 FA 02
2025-10-11T15:50:47.431023,450.183,can1  110  [02]  70 17
2025-10-11T15:50:47.436137,450.188,can1  110  [02]  70 17
2025-10-11T15:50:47.866671,450.618,can1  100  [03]  5E 15 05
2025-10-11T15:50:47.872471,450.624,can1  100  [03]  5E 15 05
2025-10-11T15:50:47.880921,450.633,can1  120  [04]  00 87 93 03
2025-10-11T15:50:47.887409,450.639,can1  120  [04]  00 87 93 03
2025-10-11T15:50:48.876489,451.628,can1  110  [02]  58 1B
2025-10-11T15:50:48.881152,451.633,can1  110  [02]  58 1B
2025-10-11T15:50:48.887099,451.639,can1  100  [03]  6E 3C 05
2025-10-11T15:50:48.892898,451.644,can1  100  [03]  6E 3C 05
2025-10-11T15:50:48.899239,451.651,can1  120  [04]  80 1D 2C 04
2025-10-11T15:50:48.907095,451.659,can1  120  [04]  80 1D 2C 04
2025-10-11T15:50:49.970136,452.722,can1  110  [02]  40 1F
2025-10-11T15:50:49.975772,452.727,can1  110  [02]  40 1F
2025-10-11T15:50:49.983213,452.735,can1  100  [03]  7E 63 05
2025-10-11T15:50:49.990708,452.742,can1  100  [03]  7E 63 05
2025-10-11T15:50:50.414959,453.166,can1  120  [04]  00 B4 C4 04
2025-10-11T15:50:50.421859,453.173,can1  120  [04]  00 B4 C4 04
2025-10-11T15:50:51.411929,454.163,can1  110  [02]  28 23
2025-10-11T15:50:51.417284,454.169,can1  110  [02]  28 23
2025-10-11T15:50:51.422862,454.174,can1  100  [03]  8E 8A 05
2025-10-11T15:50:51.428895,454.180,can1  100  [03]  8E 8A 05
2025-10-11T15:50:51.435408,454.187,can1  120  [04]  80 4A 5D 05
2025-10-11T15:50:51.441387,454.193,can1  120  [04]  80 4A 5D 05
2025-10-11T15:50:52.508853,455.260,can1  110  [02]  40 1F
2025-10-11T15:50:52.516075,455.268,can1  110  [02]  40 1F
2025-10-11T15:50:53.170311,455.922,can1  100  [03]  7E 63 05
2025-10-11T15:50:53.178941,455.930,can1  100  [03]  7E 63 05
2025-10-11T15:50:53.189519,455.941,can1  120  [04]  00 B4 C4 04
2025-10-11T15:50:53.202807,455.954,can1  120  [04]  00 B4 C4 04
2025-10-11T15:50:54.148900,456.900,can1  110  [02]  58 1B
2025-10-11T15:50:54.157965,456.909,can1  110  [02]  58 1B
2025-10-11T15:50:54.168633,456.920,can1  100  [03]  6E 3C 05
2025-10-11T15:50:54.180256,456.932,can1  100  [03]  6E 3C 05
2025-10-11T15:50:54.196442,456.948,can1  120  [04]  80 1D 2C 04
2025-10-11T15:50:54.219448,456.971,can1  120  [04]  80 1D 2C 04
2025-10-11T15:50:55.241728,457.993,can1  110  [02]  70 17
2025-10-11T15:50:55.251328,458.003,can1  110  [02]  70 17
2025-10-11T15:50:55.260094,458.012,can1  100  [03]  5E 15 05
2025-10-11T15:50:55.270498,458.022,can1  100  [03]  5E 15 05
2025-10-11T15:50:56.237122,458.989,can1  120  [04]  00 87 93 03
2025-10-11T15:50:56.246746,458.998,can1  120  [04]  00 87 93 03
2025-10-11T15:50:57.219636,459.971,can1  110  [02]  88 13
2025-10-11T15:50:57.230462,459.982,can1  110  [02]  88 13
2025-10-11T15:50:57.239769,459.991,can1  100  [03]  4E EE 04
2025-10-11T15:50:57.249977,460.001,can1  100  [03]  4E EE 04
2025-10-11T15:50:57.257986,460.009,can1  120  [04]  80 F0 FA 02
2025-10-11T15:50:57.268214,460.020,can1  120  [04]  80 F0 FA 02
2025-10-11T15:50:58.196087,460.948,can1  110  [02]  A0 0F
2025-10-11T15:50:58.207128,460.959,can1  110  [02]  A0 0F
2025-10-11T15:50:58.217780,460.969,can1  100  [03]  3E C7 04
2025-10-11T15:50:58.227805,460.979,can1  100  [03]  3E C7 04
2025-10-11T15:50:58.239048,460.991,can1  120  [04]  00 5A 62 02
2025-10-11T15:50:58.249393,461.001,can1  120  [04]  00 5A 62 02
2025-10-11T15:51:00.068272,462.820,can1  110  [02]  B8 0B
2025-10-11T15:51:00.078038,462.830,can1  110  [02]  B8 0B
2025-10-11T15:51:00.088197,462.840,can1  100  [03]  2E A0 04
2025-10-11T15:51:00.097990,462.849,can1  100  [03]  2E A0 04
2025-10-11T15:51:00.109695,462.861,can1  120  [04]  80 C3 C9 01
2025-10-11T15:51:00.121290,462.873,can1  120  [04]  80 C3 C9 01
2025-10-11T15:51:01.176669,463.928,can1  110  [02]  D0 07
2025-10-11T15:51:01.188631,463.940,can1  110  [02]  D0 07
2025-10-11T15:51:01.199423,463.951,can1  100  [03]  1E 79 04
2025-10-11T15:51:01.211402,463.963,can1  100  [03]  1E 79 04
2025-10-11T15:51:01.222902,463.974,can1  120  [04]  00 2D 31 01
2025-10-11T15:51:01.233042,463.985,can1  120  [04]  00 2D 31 01
2025-10-11T15:51:02.066402,464.818,can1  110  [02]  E8 03
2025-10-11T15:51:02.077174,464.829,can1  110  [02]  E8 03
2025-10-11T15:51:02.088238,464.840,can1  100  [03]  0E 52 04
2025-10-11T15:51:02.098308,464.850,can1  100  [03]  0E 52 04
2025-10-11T15:51:02.109952,464.861,can1  120  [04]  80 96 98 00
2025-10-11T15:51:02.119332,464.871,can1  120  [04]  80 96 98 00
2025-10-11T15:51:03.816985,466.568,can1  110  [02]  D0 07
2025-10-11T15:51:03.827558,466.579,can1  110  [02]  D0 07
2025-10-11T15:51:03.836660,466.588,can1  100  [03]  1E 79 04
2025-10-11T15:51:03.848898,466.600,can1  100  [03]  1E 79 04
2025-10-11T15:51:03.859639,466.611,can1  120  [04]  00 2D 31 01
2025-10-11T15:51:03.870605,466.622,can1  120  [04]  00 2D 31 01
2025-10-11T15:51:04.801239,467.553,can1  110  [02]  B8 0B
2025-10-11T15:51:04.810305,467.562,can1  110  [02]  B8 0B
2025-10-11T15:51:04.821693,467.573,can1  100  [03]  2E A0 04
2025-10-11T15:51:04.833141,467.585,can1  100  [03]  2E A0 04
2025-10-11T15:51:04.843693,467.595,can1  120  [04]  80 C3 C9 01
2025-10-11T15:51:04.855026,467.607,can1  120  [04]  80 C3 C9 01
2025-10-11T15:51:05.908972,468.660,can1  110  [02]  A0 0F
2025-10-11T15:51:05.920818,468.672,can1  110  [02]  A0 0F
2025-10-11T15:51:07.002165,469.754,can1  100  [03]  3E C7 04
2025-10-11T15:51:07.012004,469.763,can1  100  [03]  3E C7 04
2025-10-11T15:51:07.021513,469.773,can1  120  [04]  00 5A 62 02
2025-10-11T15:51:07.032471,469.784,can1  120  [04]  00 5A 62 02
2025-10-11T15:51:07.981842,470.733,can1  110  [02]  88 13
2025-10-11T15:51:07.991322,470.743,can1  110  [02]  88 13
2025-10-11T15:51:08.000675,470.752,can1  100  [03]  4E EE 04
2025-10-11T15:51:08.010227,470.762,can1  100  [03]  4E EE 04
2025-10-11T15:51:08.021038,470.773,can1  120  [04]  80 F0 FA 02
2025-10-11T15:51:08.032150,470.784,can1  120  [04]  80 F0 FA 02
2025-10-11T15:51:08.974551,471.726,can1  110  [02]  70 17
2025-10-11T15:51:08.985825,471.737,can1  110  [02]  70 17
2025-10-11T15:51:08.995144,471.747,can1  100  [03]  5E 15 05
2025-10-11T15:51:09.007325,471.759,can1  100  [03]  5E 15 05
2025-10-11T15:51:09.018494,471.770,can1  120  [04]  00 87 93 03
2025-10-11T15:51:09.030840,471.782,can1  120  [04]  00 87 93 03
2025-10-11T15:51:09.957116,472.709,can1  110  [02]  58 1B
2025-10-11T15:51:09.967807,472.719,can1  110  [02]  58 1B
2025-10-11T15:51:09.977965,472.729,can1  100  [03]  6E 3C 05
2025-10-11T15:51:09.989756,472.741,can1  100  [03]  6E 3C 05
2025-10-11T15:51:10.001172,472.753,can1  120  [04]  80 1D 2C 04
2025-10-11T15:51:10.011386,472.763,can1  120  [04]  80 1D 2C 04
2025-10-11T15:51:11.065825,473.817,can1  110  [02]  40 1F
2025-10-11T15:51:11.076658,473.828,can1  110  [02]  40 1F
2025-10-11T15:51:11.086373,473.838,can1  100  [03]  7E 63 05
2025-10-11T15:51:11.096218,473.848,can1  100  [03]  7E 63 05
2025-10-11T15:51:11.936772,474.688,can1  120  [04]  00 B4 C4 04
2025-10-11T15:51:11.949970,474.701,can1  120  [04]  00 B4 C4 04
2025-10-11T15:51:12.813226,475.565,can1  110  [02]  28 23
2025-10-11T15:51:12.823938,475.575,can1  110  [02]  28 23
2025-10-11T15:51:12.834226,475.586,can1  100  [03]  8E 8A 05
2025-10-11T15:51:12.845430,475.597,can1  100  [03]  8E 8A 05
2025-10-11T15:51:12.856043,475.608,can1  120  [04]  80 4A 5D 05
2025-10-11T15:51:12.866425,475.618,can1  120  [04]  80 4A 5D 05
2025-10-11T15:51:13.800217,476.552,can1  110  [02]  40 1F
2025-10-11T15:51:13.809791,476.561,can1  110  [02]  40 1F
2025-10-11T15:51:13.821365,476.573,can1  100  [03]  7E 63 05
2025-10-11T15:51:13.831713,476.583,can1  100  [03]  7E 63 05
2025-10-11T15:51:13.843270,476.595,can1  120  [04]  00 B4 C4 04
2025-10-11T15:51:13.853581,476.605,can1  120  [04]  00 B4 C4 04
2025-10-11T15:51:15.660567,478.412,can1  110  [02]  58 1B
2025-10-11T15:51:15.672298,478.424,can1  110  [02]  58 1B
2025-10-11T15:51:15.684286,478.436,can1  100  [03]  6E 3C 05
2025-10-11T15:51:15.694826,478.446,can1  100  [03]  6E 3C 05
2025-10-11T15:51:15.707369,478.459,can1  120  [04]  80 1D 2C 04
2025-10-11T15:51:15.732933,478.484,can1  120  [04]  80 1D 2C 04
2025-10-11T15:51:16.769278,479.521,can1  110  [02]  70 17
2025-10-11T15:51:16.780993,479.532,can1  110  [02]  70 17
2025-10-11T15:51:16.789892,479.541,can1  100  [03]  5E 15 05
2025-10-11T15:51:16.802049,479.554,can1  100  [03]  5E 15 05
2025-10-11T15:51:16.813824,479.565,can1  120  [04]  00 87 93 03
2025-10-11T15:51:16.824818,479.576,can1  120  [04]  00 87 93 03
2025-10-11T15:51:17.771324,480.523,can1  110  [02]  88 13
2025-10-11T15:51:17.782529,480.534,can1  110  [02]  88 13
2025-10-11T15:51:17.793408,480.545,can1  100  [03]  4E EE 04
2025-10-11T15:51:17.804451,480.556,can1  100  [03]  4E EE 04
2025-10-11T15:51:17.817085,480.569,can1  120  [04]  80 F0 FA 02
2025-10-11T15:51:17.827829,480.579,can1  120  [04]  80 F0 FA 02
2025-10-11T15:51:18.757339,481.509,can1  110  [02]  A0 0F
2025-10-11T15:51:18.766538,481.518,can1  110  [02]  A0 0F
2025-10-11T15:51:19.644580,482.396,can1  100  [03]  3E C7 04
2025-10-11T15:51:19.655220,482.407,can1  100  [03]  3E C7 04
2025-10-11T15:51:19.665710,482.417,can1  120  [04]  00 5A 62 02
2025-10-11T15:51:19.676373,482.428,can1  120  [04]  00 5A 62 02
2025-10-11T15:51:20.625132,483.377,can1  110  [02]  B8 0B
2025-10-11T15:51:20.635550,483.387,can1  110  [02]  B8 0B
2025-10-11T15:51:20.645655,483.397,can1  100  [03]  2E A0 04
2025-10-11T15:51:20.656615,483.408,can1  100  [03]  2E A0 04
2025-10-11T15:51:20.666789,483.418,can1  120  [04]  80 C3 C9 01
2025-10-11T15:51:20.690843,483.442,can1  120  [04]  80 C3 C9 01
2025-10-11T15:51:21.824778,484.576,can1  110  [02]  D0 07
2025-10-11T15:51:21.835762,484.587,can1  110  [02]  D0 07
2025-10-11T15:51:21.843946,484.595,can1  100  [03]  1E 79 04
2025-10-11T15:51:21.852847,484.604,can1  100  [03]  1E 79 04
2025-10-11T15:51:21.863524,484.615,can1  120  [04]  00 2D 31 01
2025-10-11T15:51:21.871629,484.623,can1  120  [04]  00 2D 31 01
2025-10-11T15:51:22.832522,485.584,can1  110  [02]  E8 03
2025-10-11T15:51:22.858620,485.610,can1  110  [02]  E8 03
2025-10-11T15:51:22.868460,485.620,can1  100  [03]  0E 52 04
2025-10-11T15:51:22.877172,485.629,can1  100  [03]  0E 52 04
2025-10-11T15:51:22.886591,485.638,can1  120  [04]  80 96 98 00
2025-10-11T15:51:22.896976,485.648,can1  120  [04]  80 96 98 00
2025-10-11T15:51:24.898407,487.650,can1  110  [02]  D0 07
2025-10-11T15:51:24.908944,487.660,can1  110  [02]  D0 07
2025-10-11T15:51:24.919385,487.671,can1  100  [03]  1E 79 04
2025-10-11T15:51:24.931016,487.683,can1  100  [03]  1E 79 04
2025-10-11T15:51:24.942189,487.694,can1  120  [04]  00 2D 31 01
2025-10-11T15:51:24.951099,487.703,can1  120  [04]  00 2D 31 01
2025-10-11T15:51:26.004729,488.756,can1  110  [02]  B8 0B
2025-10-11T15:51:26.015326,488.767,can1  110  [02]  B8 0B
2025-10-11T15:51:26.025352,488.777,can1  100  [03]  2E A0 04
2025-10-11T15:51:26.044477,488.796,can1  100  [03]  2E A0 04
2025-10-11T15:51:26.086601,488.838,can1  120  [04]  80 C3 C9 01
2025-10-11T15:51:26.117791,488.869,can1  120  [04]  80 C3 C9 01
2025-10-11T15:51:27.193887,489.945,can1  110  [02]  A0 0F
2025-10-11T15:51:27.204143,489.956,can1  110  [02]  A0 0F
2025-10-11T15:51:27.214251,489.966,can1  100  [03]  3E C7 04
2025-10-11T15:51:27.226411,489.978,can1  100  [03]  3E C7 04
2025-10-11T15:51:27.236230,489.988,can1  120  [04]  00 5A 62 02
2025-10-11T15:51:27.246356,489.998,can1  120  [04]  00 5A 62 02
2025-10-11T15:51:28.417200,491.169,can1  110  [02]  88 13
2025-10-11T15:51:28.426229,491.178,can1  110  [02]  88 13
2025-10-11T15:51:28.435517,491.187,can1  100  [03]  4E EE 04
2025-10-11T15:51:28.446219,491.198,can1  100  [03]  4E EE 04
2025-10-11T15:51:28.456681,491.208,can1  120  [04]  80 F0 FA 02
2025-10-11T15:51:28.466465,491.218,can1  120  [04]  80 F0 FA 02
2025-10-11T15:51:29.510383,492.262,can1  110  [02]  70 17
2025-10-11T15:51:29.518904,492.270,can1  110  [02]  70 17
2025-10-11T15:51:29.528981,492.280,can1  100  [03]  5E 15 05
2025-10-11T15:51:29.539473,492.291,can1  100  [03]  5E 15 05
2025-10-11T15:51:29.550666,492.302,can1  120  [04]  00 87 93 03
2025-10-11T15:51:29.558604,492.310,can1  120  [04]  00 87 93 03
2025-10-11T15:51:30.616370,493.368,can1  110  [02]  58 1B
2025-10-11T15:51:30.624066,493.376,can1  110  [02]  58 1B
2025-10-11T15:51:30.630256,493.382,can1  100  [03]  6E 3C 05
2025-10-11T15:51:30.637834,493.389,can1  100  [03]  6E 3C 05
2025-10-11T15:51:30.645530,493.397,can1  120  [04]  80 1D 2C 04
2025-10-11T15:51:30.652039,493.404,can1  120  [04]  80 1D 2C 04
2025-10-11T15:51:31.614936,494.366,can1  110  [02]  40 1F
2025-10-11T15:51:31.621404,494.373,can1  110  [02]  40 1F
2025-10-11T15:51:32.586097,495.338,can1  100  [03]  7E 63 05
2025-10-11T15:51:32.593763,495.345,can1  100  [03]  7E 63 05
2025-10-11T15:51:32.600864,495.352,can1  120  [04]  00 B4 C4 04
2025-10-11T15:51:32.607268,495.359,can1  120  [04]  00 B4 C4 04
2025-10-11T15:51:33.569377,496.321,can1  110  [02]  28 23
2025-10-11T15:51:33.575964,496.327,can1  110  [02]  28 23
2025-10-11T15:51:33.582502,496.334,can1  100  [03]  8E 8A 05
2025-10-11T15:51:33.588726,496.340,can1  100  [03]  8E 8A 05
2025-10-11T15:51:33.593809,496.345,can1  120  [04]  80 4A 5D 05
2025-10-11T15:51:33.602388,496.354,can1  120  [04]  80 4A 5D 05
2025-10-11T15:51:34.566173,497.318,can1  110  [02]  40 1F
2025-10-11T15:51:34.572791,497.324,can1  110  [02]  40 1F
2025-10-11T15:51:34.579892,497.331,can1  100  [03]  7E 63 05
2025-10-11T15:51:34.586853,497.338,can1  100  [03]  7E 63 05
2025-10-11T15:51:34.594107,497.346,can1  120  [04]  00 B4 C4 04
2025-10-11T15:51:34.602316,497.354,can1  120  [04]  00 B4 C4 04
2025-10-11T15:51:36.416985,499.168,can1  110  [02]  58 1B
2025-10-11T15:51:36.423921,499.175,can1  110  [02]  58 1B
2025-10-11T15:51:36.429801,499.181,can1  100  [03]  6E 3C 05
2025-10-11T15:51:36.436201,499.188,can1  100  [03]  6E 3C 05
2025-10-11T15:51:36.442334,499.194,can1  120  [04]  80 1D 2C 04
2025-10-11T15:51:36.448398,499.200,can1  120  [04]  80 1D 2C 04
2025-10-11T15:51:37.397838,500.149,can1  110  [02]  70 17
2025-10-11T15:51:37.403333,500.155,can1  110  [02]  70 17
2025-10-11T15:51:37.408737,500.160,can1  100  [03]  5E 15 05
2025-10-11T15:51:37.416386,500.168,can1  100  [03]  5E 15 05
2025-10-11T15:51:37.423876,500.175,can1  120  [04]  00 87 93 03
2025-10-11T15:51:37.430246,500.182,can1  120  [04]  00 87 93 03
2025-10-11T15:51:38.382716,501.134,can1  110  [02]  88 13
2025-10-11T15:51:38.389246,501.141,can1  110  [02]  88 13
2025-10-11T15:51:38.395270,501.147,can1  100  [03]  4E EE 04
2025-10-11T15:51:38.401236,501.153,can1  100  [03]  4E EE 04
2025-10-11T15:51:38.408003,501.159,can1  120  [04]  80 F0 FA 02
2025-10-11T15:51:38.415057,501.167,can1  120  [04]  80 F0 FA 02
2025-10-11T15:51:39.370872,502.122,can1  110  [02]  A0 0F
2025-10-11T15:51:39.377941,502.129,can1  110  [02]  A0 0F
2025-10-11T15:51:40.364945,503.116,can1  100  [03]  3E C7 04
2025-10-11T15:51:40.374700,503.126,can1  100  [03]  3E C7 04
2025-10-11T15:51:40.382006,503.133,can1  120  [04]  00 5A 62 02
2025-10-11T15:51:40.389133,503.141,can1  120  [04]  00 5A 62 02
2025-10-11T15:51:41.349710,504.101,can1  110  [02]  B8 0B
2025-10-11T15:51:41.357004,504.108,can1  110  [02]  B8 0B
2025-10-11T15:51:41.363149,504.115,can1  100  [03]  2E A0 04
2025-10-11T15:51:41.369827,504.121,can1  100  [03]  2E A0 04
2025-10-11T15:51:41.376573,504.128,can1  120  [04]  80 C3 C9 01
2025-10-11T15:51:41.382673,504.134,can1  120  [04]  80 C3 C9 01
2025-10-11T15:51:42.242991,504.994,can1  110  [02]  D0 07
2025-10-11T15:51:42.250057,505.002,can1  110  [02]  D0 07
2025-10-11T15:51:42.256081,505.008,can1  100  [03]  1E 79 04
2025-10-11T15:51:42.262611,505.014,can1  100  [03]  1E 79 04
2025-10-11T15:51:42.268375,505.020,can1  120  [04]  00 2D 31 01
2025-10-11T15:51:42.324148,505.076,can1  120  [04]  00 2D 31 01
2025-10-11T15:51:43.229339,505.981,can1  110  [02]  E8 03
2025-10-11T15:51:43.236635,505.988,can1  110  [02]  E8 03
2025-10-11T15:51:43.243950,505.995,can1  100  [03]  0E 52 04
2025-10-11T15:51:43.250307,506.002,can1  100  [03]  0E 52 04
2025-10-11T15:51:43.256969,506.008,can1  120  [04]  80 96 98 00
2025-10-11T15:51:43.263782,506.015,can1  120  [04]  80 96 98 00
2025-10-11T15:51:45.198317,507.950,can1  110  [02]  D0 07
2025-10-11T15:51:45.206326,507.958,can1  110  [02]  D0 07
2025-10-11T15:51:45.213043,507.965,can1  100  [03]  1E 79 04
2025-10-11T15:51:45.220215,507.972,can1  100  [03]  1E 79 04
2025-10-11T15:51:45.228566,507.980,can1  120  [04]  00 2D 31 01
2025-10-11T15:51:45.236345,507.988,can1  120  [04]  00 2D 31 01
2025-10-11T15:51:46.081173,508.833,can1  110  [02]  B8 0B
2025-10-11T15:51:46.089019,508.841,can1  110  [02]  B8 0B
2025-10-11T15:51:46.095877,508.847,can1  100  [03]  2E A0 04
2025-10-11T15:51:46.102649,508.854,can1  100  [03]  2E A0 04
2025-10-11T15:51:46.145623,508.897,can1  120  [04]  80 C3 C9 01
2025-10-11T15:51:46.165428,508.917,can1  120  [04]  80 C3 C9 01
2025-10-11T15:51:47.065401,509.817,can1  110  [02]  A0 0F
2025-10-11T15:51:47.071347,509.823,can1  110  [02]  A0 0F
2025-10-11T15:51:47.079285,509.831,can1  100  [03]  3E C7 04
2025-10-11T15:51:47.087149,509.839,can1  100  [03]  3E C7 04
2025-10-11T15:51:47.094310,509.846,can1  120  [04]  00 5A 62 02
2025-10-11T15:51:47.102690,509.854,can1  120  [04]  00 5A 62 02
2025-10-11T15:51:49.240501,511.992,can1  110  [02]  88 13
2025-10-11T15:51:49.248923,512.000,can1  110  [02]  88 13
2025-10-11T15:51:49.256073,512.008,can1  100  [03]  4E EE 04
2025-10-11T15:51:49.262659,512.014,can1  100  [03]  4E EE 04
2025-10-11T15:51:49.270316,512.022,can1  120  [04]  80 F0 FA 02
2025-10-11T15:51:49.276568,512.028,can1  120  [04]  80 F0 FA 02
2025-10-11T15:51:50.250434,513.002,can1  110  [02]  70 17
2025-10-11T15:51:50.258645,513.010,can1  110  [02]  70 17
2025-10-11T15:51:50.266985,513.018,can1  100  [03]  5E 15 05
2025-10-11T15:51:50.273910,513.025,can1  100  [03]  5E 15 05
2025-10-11T15:51:50.280432,513.032,can1  120  [04]  00 87 93 03
2025-10-11T15:51:50.288337,513.040,can1  120  [04]  00 87 93 03
2025-10-11T15:51:51.362387,514.114,can1  110  [02]  58 1B
2025-10-11T15:51:51.370136,514.122,can1  110  [02]  58 1B
2025-10-11T15:51:51.377037,514.129,can1  100  [03]  6E 3C 05
2025-10-11T15:51:51.384002,514.135,can1  100  [03]  6E 3C 05
2025-10-11T15:51:51.390465,514.142,can1  120  [04]  80 1D 2C 04
2025-10-11T15:51:51.398569,514.150,can1  120  [04]  80 1D 2C 04
2025-10-11T15:51:52.348802,515.100,can1  110  [02]  40 1F
2025-10-11T15:51:52.355950,515.107,can1  110  [02]  40 1F
2025-10-11T15:51:52.365482,515.117,can1  100  [03]  7E 63 05
2025-10-11T15:51:52.387594,515.139,can1  100  [03]  7E 63 05
2025-10-11T15:51:52.395687,515.147,can1  120  [04]  00 B4 C4 04
2025-10-11T15:51:52.403899,515.155,can1  120  [04]  00 B4 C4 04
2025-10-11T15:51:53.332763,516.084,can1  110  [02]  28 23
2025-10-11T15:51:53.340837,516.092,can1  110  [02]  28 23
2025-10-11T15:51:53.347991,516.099,can1  100  [03]  8E 8A 05
2025-10-11T15:51:53.354498,516.106,can1  100  [03]  8E 8A 05
2025-10-11T15:51:54.307420,517.059,can1  120  [04]  80 4A 5D 05
2025-10-11T15:51:54.316634,517.068,can1  120  [04]  80 4A 5D 05
2025-10-11T15:51:55.295448,518.047,can1  110  [02]  40 1F
2025-10-11T15:51:55.302685,518.054,can1  110  [02]  40 1F
2025-10-11T15:51:55.309539,518.061,can1  100  [03]  7E 63 05
2025-10-11T15:51:55.315962,518.067,can1  100  [03]  7E 63 05
2025-10-11T15:51:55.322944,518.074,can1  120  [04]  00 B4 C4 04
2025-10-11T15:51:55.330217,518.082,can1  120  [04]  00 B4 C4 04
2025-10-11T15:51:56.287481,519.039,can1  110  [02]  58 1B
2025-10-11T15:51:56.294958,519.046,can1  110  [02]  58 1B
2025-10-11T15:51:56.302960,519.054,can1  100  [03]  6E 3C 05
2025-10-11T15:51:56.311064,519.063,can1  100  [03]  6E 3C 05
2025-10-11T15:51:56.318997,519.070,can1  120  [04]  80 1D 2C 04
2025-10-11T15:51:56.325682,519.077,can1  120  [04]  80 1D 2C 04
2025-10-11T15:51:57.388327,520.140,can1  110  [02]  70 17
2025-10-11T15:51:57.397154,520.149,can1  110  [02]  70 17
2025-10-11T15:51:57.404652,520.156,can1  100  [03]  5E 15 05
2025-10-11T15:51:57.411102,520.163,can1  100  [03]  5E 15 05
2025-10-11T15:51:57.418756,520.170,can1  120  [04]  00 87 93 03
2025-10-11T15:51:57.426660,520.178,can1  120  [04]  00 87 93 03
2025-10-11T15:51:58.499421,521.251,can1  110  [02]  88 13
2025-10-11T15:51:58.504618,521.256,can1  110  [02]  88 13
2025-10-11T15:51:58.511346,521.263,can1  100  [03]  4E EE 04
2025-10-11T15:51:58.518956,521.270,can1  100  [03]  4E EE 04
2025-10-11T15:51:59.482122,522.234,can1  120  [04]  80 F0 FA 02
2025-10-11T15:51:59.488214,522.240,can1  120  [04]  80 F0 FA 02
2025-10-11T15:52:00.481380,523.233,can1  110  [02]  A0 0F
2025-10-11T15:52:00.487865,523.239,can1  110  [02]  A0 0F
2025-10-11T15:52:00.494330,523.246,can1  100  [03]  3E C7 04
2025-10-11T15:52:00.500577,523.252,can1  100  [03]  3E C7 04
2025-10-11T15:52:00.507455,523.259,can1  120  [04]  00 5A 62 02
2025-10-11T15:52:00.513469,523.265,can1  120  [04]  00 5A 62 02
2025-10-11T15:52:01.461816,524.213,can1  110  [02]  B8 0B
2025-10-11T15:52:01.469211,524.221,can1  110  [02]  B8 0B
2025-10-11T15:52:01.475025,524.227,can1  100  [03]  2E A0 04
2025-10-11T15:52:01.481428,524.233,can1  100  [03]  2E A0 04
2025-10-11T15:52:01.488428,524.240,can1  120  [04]  80 C3 C9 01
2025-10-11T15:52:01.495602,524.247,can1  120  [04]  80 C3 C9 01
2025-10-11T15:52:02.557280,525.309,can1  110  [02]  D0 07
2025-10-11T15:52:02.563413,525.315,can1  110  [02]  D0 07
2025-10-11T15:52:02.570671,525.322,can1  100  [03]  1E 79 04
2025-10-11T15:52:02.578676,525.330,can1  100  [03]  1E 79 04
2025-10-11T15:52:02.586273,525.338,can1  120  [04]  00 2D 31 01
2025-10-11T15:52:02.593794,525.345,can1  120  [04]  00 2D 31 01
2025-10-11T15:52:03.552450,526.304,can1  110  [02]  E8 03
2025-10-11T15:52:03.560584,526.312,can1  110  [02]  E8 03
2025-10-11T15:52:04.428582,527.180,can1  100  [03]  0E 52 04
2025-10-11T15:52:04.436616,527.188,can1  100  [03]  0E 52 04
2025-10-11T15:52:04.444002,527.195,can1  120  [04]  80 96 98 00
2025-10-11T15:52:04.450351,527.202,can1  120  [04]  80 96 98 00
2025-10-11T15:52:05.417589,528.169,can1  110  [02]  D0 07
2025-10-11T15:52:05.424610,528.176,can1  110  [02]  D0 07
2025-10-11T15:52:05.431276,528.183,can1  100  [03]  1E 79 04
2025-10-11T15:52:05.439284,528.191,can1  100  [03]  1E 79 04
2025-10-11T15:52:05.447495,528.199,can1  120  [04]  00 2D 31 01
2025-10-11T15:52:05.454513,528.206,can1  120  [04]  00 2D 31 01
2025-10-11T15:52:06.396921,529.148,can1  110  [02]  B8 0B
2025-10-11T15:52:06.403886,529.155,can1  110  [02]  B8 0B
2025-10-11T15:52:06.411051,529.163,can1  100  [03]  2E A0 04
2025-10-11T15:52:06.417631,529.169,can1  100  [03]  2E A0 04
2025-10-11T15:52:06.424426,529.176,can1  120  [04]  80 C3 C9 01
2025-10-11T15:52:06.430473,529.182,can1  120  [04]  80 C3 C9 01
2025-10-11T15:52:07.382530,530.134,can1  110  [02]  A0 0F
2025-10-11T15:52:07.390038,530.142,can1  110  [02]  A0 0F
2025-10-11T15:52:08.382982,531.134,can1  100  [03]  3E C7 04
2025-10-11T15:52:08.389859,531.141,can1  100  [03]  3E C7 04
2025-10-11T15:52:08.395761,531.147,can1  120  [04]  00 5A 62 02
2025-10-11T15:52:08.402501,531.154,can1  120  [04]  00 5A 62 02
2025-10-11T15:52:09.403083,532.155,can1  110  [02]  88 13
2025-10-11T15:52:09.409892,532.161,can1  110  [02]  88 13
2025-10-11T15:52:09.416768,532.168,can1  100  [03]  4E EE 04
2025-10-11T15:52:09.424008,532.175,can1  100  [03]  4E EE 04
2025-10-11T15:52:09.429976,532.181,can1  120  [04]  80 F0 FA 02
2025-10-11T15:52:09.438348,532.190,can1  120  [04]  80 F0 FA 02
2025-10-11T15:52:10.499087,533.251,can1  110  [02]  70 17
2025-10-11T15:52:10.505952,533.257,can1  110  [02]  70 17
2025-10-11T15:52:10.512763,533.264,can1  100  [03]  5E 15 05
2025-10-11T15:52:10.521236,533.273,can1  100  [03]  5E 15 05
2025-10-11T15:52:10.526525,533.278,can1  120  [04]  00 87 93 03
2025-10-11T15:52:10.532612,533.284,can1  120  [04]  00 87 93 03
2025-10-11T15:52:11.602581,534.354,can1  110  [02]  58 1B
2025-10-11T15:52:11.609431,534.361,can1  110  [02]  58 1B
2025-10-11T15:52:11.618460,534.370,can1  100  [03]  6E 3C 05
2025-10-11T15:52:11.625377,534.377,can1  100  [03]  6E 3C 05
2025-10-11T15:52:11.631858,534.383,can1  120  [04]  80 1D 2C 04
2025-10-11T15:52:11.641036,534.393,can1  120  [04]  80 1D 2C 04
2025-10-11T15:52:12.700744,535.452,can1  110  [02]  40 1F
2025-10-11T15:52:12.709001,535.460,can1  110  [02]  40 1F
2025-10-11T15:52:12.719627,535.471,can1  100  [03]  7E 63 05
2025-10-11T15:52:12.777323,535.529,can1  100  [03]  7E 63 05
2025-10-11T15:52:12.784900,535.536,can1  120  [04]  00 B4 C4 04
2025-10-11T15:52:12.800914,535.552,can1  120  [04]  00 B4 C4 04
2025-10-11T15:52:13.808184,536.560,can1  110  [02]  28 23
2025-10-11T15:52:13.814868,536.566,can1  110  [02]  28 23
2025-10-11T15:52:14.792137,537.544,can1  100  [03]  8E 8A 05
2025-10-11T15:52:14.800494,537.552,can1  100  [03]  8E 8A 05
2025-10-11T15:52:14.806379,537.558,can1  120  [04]  80 4A 5D 05
2025-10-11T15:52:14.813433,537.565,can1  120  [04]  80 4A 5D 05
2025-10-11T15:52:15.772065,538.524,can1  110  [02]  40 1F
2025-10-11T15:52:15.780143,538.532,can1  110  [02]  40 1F
2025-10-11T15:52:15.787888,538.539,can1  100  [03]  7E 63 05
2025-10-11T15:52:15.794439,538.546,can1  100  [03]  7E 63 05
2025-10-11T15:52:15.801943,538.553,can1  120  [04]  00 B4 C4 04
2025-10-11T15:52:15.807930,538.559,can1  120  [04]  00 B4 C4 04
2025-10-11T15:52:16.760841,539.512,can1  110  [02]  58 1B
2025-10-11T15:52:16.768099,539.520,can1  110  [02]  58 1B
2025-10-11T15:52:16.774330,539.526,can1  100  [03]  6E 3C 05
2025-10-11T15:52:16.781925,539.533,can1  100  [03]  6E 3C 05
2025-10-11T15:52:16.789136,539.541,can1  120  [04]  80 1D 2C 04
2025-10-11T15:52:16.824725,539.576,can1  120  [04]  80 1D 2C 04
2025-10-11T15:52:17.865645,540.617,can1  110  [02]  70 17
2025-10-11T15:52:17.873443,540.625,can1  110  [02]  70 17
2025-10-11T15:52:18.855352,541.607,can1  100  [03]  5E 15 05
2025-10-11T15:52:18.863888,541.615,can1  100  [03]  5E 15 05
2025-10-11T15:52:18.870679,541.622,can1  120  [04]  00 87 93 03
2025-10-11T15:52:18.877941,541.629,can1  120  [04]  00 87 93 03
2025-10-11T15:52:19.850911,542.602,can1  110  [02]  88 13
2025-10-11T15:52:19.857464,542.609,can1  110  [02]  88 13
2025-10-11T15:52:19.865794,542.617,can1  100  [03]  4E EE 04
2025-10-11T15:52:19.873376,542.625,can1  100  [03]  4E EE 04
2025-10-11T15:52:19.880761,542.632,can1  120  [04]  80 F0 FA 02
2025-10-11T15:52:19.887706,542.639,can1  120  [04]  80 F0 FA 02
2025-10-11T15:52:20.861182,543.613,can1  110  [02]  A0 0F
2025-10-11T15:52:20.869048,543.621,can1  110  [02]  A0 0F
2025-10-11T15:52:20.876806,543.628,can1  100  [03]  3E C7 04
2025-10-11T15:52:20.883218,543.635,can1  100  [03]  3E C7 04
2025-10-11T15:52:20.889904,543.641,can1  120  [04]  00 5A 62 02
2025-10-11T15:52:20.896965,543.648,can1  120  [04]  00 5A 62 02
2025-10-11T15:52:21.846890,544.598,can1  110  [02]  B8 0B
2025-10-11T15:52:21.855468,544.607,can1  110  [02]  B8 0B
2025-10-11T15:52:21.862619,544.614,can1  100  [03]  2E A0 04
2025-10-11T15:52:21.869522,544.621,can1  100  [03]  2E A0 04
2025-10-11T15:52:21.876962,544.628,can1  120  [04]  80 C3 C9 01
2025-10-11T15:52:21.886855,544.638,can1  120  [04]  80 C3 C9 01
2025-10-11T15:52:23.699263,546.451,can1  110  [02]  D0 07
2025-10-11T15:52:23.705940,546.457,can1  110  [02]  D0 07
2025-10-11T15:52:23.714069,546.466,can1  100  [03]  1E 79 04
2025-10-11T15:52:23.721910,546.473,can1  100  [03]  1E 79 04
2025-10-11T15:52:23.730869,546.482,can1  120  [04]  00 2D 31 01
2025-10-11T15:52:23.737817,546.489,can1  120  [04]  00 2D 31 01
2025-10-11T15:52:24.790796,547.542,can1  110  [02]  E8 03
2025-10-11T15:52:24.797404,547.549,can1  110  [02]  E8 03
2025-10-11T15:52:24.804842,547.556,can1  100  [03]  0E 52 04
2025-10-11T15:52:24.811723,547.563,can1  100  [03]  0E 52 04
2025-10-11T15:52:24.818394,547.570,can1  120  [04]  80 96 98 00
2025-10-11T15:52:24.826932,547.578,can1  120  [04]  80 96 98 00
2025-10-11T15:52:25.782065,548.534,can1  110  [02]  D0 07
2025-10-11T15:52:25.789801,548.541,can1  110  [02]  D0 07
2025-10-11T15:52:26.765495,549.517,can1  100  [03]  1E 79 04
2025-10-11T15:52:26.773016,549.525,can1  100  [03]  1E 79 04
2025-10-11T15:52:26.779645,549.531,can1  120  [04]  00 2D 31 01
2025-10-11T15:52:26.786384,549.538,can1  120  [04]  00 2D 31 01
2025-10-11T15:52:27.772306,550.524,can1  110  [02]  B8 0B
2025-10-11T15:52:27.780948,550.532,can1  110  [02]  B8 0B
2025-10-11T15:52:27.787935,550.539,can1  100  [03]  2E A0 04
2025-10-11T15:52:27.796509,550.548,can1  100  [03]  2E A0 04
2025-10-11T15:52:27.804088,550.556,can1  120  [04]  80 C3 C9 01
2025-10-11T15:52:27.810959,550.562,can1  120  [04]  80 C3 C9 01
2025-10-11T15:52:28.784892,551.536,can1  110  [02]  A0 0F
2025-10-11T15:52:28.791228,551.543,can1  110  [02]  A0 0F
2025-10-11T15:52:28.800634,551.552,can1  100  [03]  3E C7 04
2025-10-11T15:52:28.807722,551.559,can1  100  [03]  3E C7 04
2025-10-11T15:52:28.814859,551.566,can1  120  [04]  00 5A 62 02
2025-10-11T15:52:28.822694,551.574,can1  120  [04]  00 5A 62 02
2025-10-11T15:52:29.865773,552.617,can1  110  [02]  88 13
2025-10-11T15:52:29.872603,552.624,can1  110  [02]  88 13
2025-10-11T15:52:29.879283,552.631,can1  100  [03]  4E EE 04
2025-10-11T15:52:29.887572,552.639,can1  100  [03]  4E EE 04
2025-10-11T15:52:29.894319,552.646,can1  120  [04]  80 F0 FA 02
2025-10-11T15:52:29.901808,552.653,can1  120  [04]  80 F0 FA 02
2025-10-11T15:52:30.765705,553.517,can1  110  [02]  70 17
2025-10-11T15:52:30.773019,553.525,can1  110  [02]  70 17
2025-10-11T15:52:31.193965,553.945,can1  100  [03]  5E 15 05
2025-10-11T15:52:31.199586,553.951,can1  100  [03]  5E 15 05
2025-10-11T15:52:31.205878,553.957,can1  120  [04]  00 87 93 03
2025-10-11T15:52:31.212110,553.964,can1  120  [04]  00 87 93 03
2025-10-11T15:52:32.106248,554.858,can1  110  [02]  58 1B
2025-10-11T15:52:32.114878,554.866,can1  110  [02]  58 1B
2025-10-11T15:52:32.124623,554.876,can1  100  [03]  6E 3C 05
2025-10-11T15:52:32.132415,554.884,can1  100  [03]  6E 3C 05
2025-10-11T15:52:33.066853,555.818,can1  120  [04]  80 1D 2C 04
2025-10-11T15:52:33.074894,555.826,can1  120  [04]  80 1D 2C 04
2025-10-11T15:52:34.154419,556.906,can1  110  [02]  40 1F
2025-10-11T15:52:34.162642,556.914,can1  110  [02]  40 1F
2025-10-11T15:52:34.169531,556.921,can1  100  [03]  7E 63 05
2025-10-11T15:52:34.177510,556.929,can1  100  [03]  7E 63 05
2025-10-11T15:52:34.185095,556.937,can1  120  [04]  00 B4 C4 04
2025-10-11T15:52:34.192811,556.944,can1  120  [04]  00 B4 C4 04
2025-10-11T15:52:35.132362,557.884,can1  110  [02]  28 23
2025-10-11T15:52:35.139335,557.891,can1  110  [02]  28 23
2025-10-11T15:52:35.145412,557.897,can1  100  [03]  8E 8A 05
2025-10-11T15:52:35.154674,557.906,can1  100  [03]  8E 8A 05
2025-10-11T15:52:35.162100,557.914,can1  120  [04]  80 4A 5D 05
2025-10-11T15:52:35.169003,557.920,can1  120  [04]  80 4A 5D 05
2025-10-11T15:52:36.116724,558.868,can1  110  [02]  40 1F
2025-10-11T15:52:36.124989,558.876,can1  110  [02]  40 1F
2025-10-11T15:52:36.134228,558.886,can1  100  [03]  7E 63 05
2025-10-11T15:52:36.142600,558.894,can1  100  [03]  7E 63 05
2025-10-11T15:52:36.153262,558.905,can1  120  [04]  00 B4 C4 04
2025-10-11T15:52:36.161426,558.913,can1  120  [04]  00 B4 C4 04
2025-10-11T15:52:37.547880,560.299,can1  110  [02]  58 1B
2025-10-11T15:52:37.553957,560.305,can1  110  [02]  58 1B
2025-10-11T15:52:37.561608,560.313,can1  100  [03]  6E 3C 05
2025-10-11T15:52:37.569137,560.321,can1  100  [03]  6E 3C 05
2025-10-11T15:52:37.576198,560.328,can1  120  [04]  80 1D 2C 04
2025-10-11T15:52:37.582888,560.334,can1  120  [04]  80 1D 2C 04
2025-10-11T15:52:39.186463,561.938,can1  110  [02]  70 17
2025-10-11T15:52:39.194162,561.946,can1  110  [02]  70 17
2025-10-11T15:52:39.202583,561.954,can1  100  [03]  5E 15 05
2025-10-11T15:52:39.209794,561.961,can1  100  [03]  5E 15 05
2025-10-11T15:52:39.217014,561.968,can1  120  [04]  00 87 93 03
2025-10-11T15:52:39.224631,561.976,can1  120  [04]  00 87 93 03
2025-10-11T15:52:40.070056,562.822,can1  110  [02]  88 13
2025-10-11T15:52:40.076804,562.828,can1  110  [02]  88 13
2025-10-11T15:52:40.084273,562.836,can1  100  [03]  4E EE 04
2025-10-11T15:52:40.091336,562.843,can1  100  [03]  4E EE 04
2025-10-11T15:52:40.098374,562.850,can1  120  [04]  80 F0 FA 02
2025-10-11T15:52:40.106280,562.858,can1  120  [04]  80 F0 FA 02
2025-10-11T15:52:41.605315,564.357,can1  110  [02]  A0 0F
2025-10-11T15:52:41.612192,564.364,can1  110  [02]  A0 0F
2025-10-11T15:52:41.619771,564.371,can1  100  [03]  3E C7 04
2025-10-11T15:52:41.626853,564.378,can1  100  [03]  3E C7 04
2025-10-11T15:52:41.635655,564.387,can1  120  [04]  00 5A 62 02
2025-10-11T15:52:41.642491,564.394,can1  120  [04]  00 5A 62 02
2025-10-11T15:52:42.370494,565.122,can1  110  [02]  B8 0B
2025-10-11T15:52:42.377106,565.129,can1  110  [02]  B8 0B
2025-10-11T15:52:42.452097,565.204,can1  100  [03]  2E A0 04
2025-10-11T15:52:42.459634,565.211,can1  100  [03]  2E A0 04
2025-10-11T15:52:43.250626,566.002,can1  120  [04]  80 C3 C9 01
2025-10-11T15:52:43.258114,566.010,can1  120  [04]  80 C3 C9 01
2025-10-11T15:52:44.006078,566.758,can1  110  [02]  D0 07
2025-10-11T15:52:44.011588,566.763,can1  110  [02]  D0 07
2025-10-11T15:52:44.017990,566.769,can1  100  [03]  1E 79 04
2025-10-11T15:52:44.024409,566.776,can1  100  [03]  1E 79 04
2025-10-11T15:52:44.030071,566.782,can1  120  [04]  00 2D 31 01
2025-10-11T15:52:44.036820,566.788,can1  120  [04]  00 2D 31 01
2025-10-11T15:52:45.455576,568.207,can1  110  [02]  E8 03
2025-10-11T15:52:45.461660,568.213,can1  110  [02]  E8 03
2025-10-11T15:52:45.468671,568.220,can1  100  [03]  0E 52 04
2025-10-11T15:52:45.475961,568.227,can1  100  [03]  0E 52 04
2025-10-11T15:52:45.482727,568.234,can1  120  [04]  80 96 98 00
2025-10-11T15:52:45.489127,568.241,can1  120  [04]  80 96 98 00
2025-10-11T15:52:46.324683,569.076,can1  110  [02]  D0 07
2025-10-11T15:52:46.333302,569.085,can1  110  [02]  D0 07
2025-10-11T15:52:46.340319,569.092,can1  100  [03]  1E 79 04
2025-10-11T15:52:46.347914,569.099,can1  100  [03]  1E 79 04
2025-10-11T15:52:46.355132,569.107,can1  120  [04]  00 2D 31 01
2025-10-11T15:52:46.363043,569.115,can1  120  [04]  00 2D 31 01
2025-10-11T15:52:47.870084,570.622,can1  110  [02]  B8 0B
2025-10-11T15:52:47.876972,570.628,can1  110  [02]  B8 0B
2025-10-11T15:52:47.884243,570.636,can1  100  [03]  2E A0 04
2025-10-11T15:52:47.891858,570.643,can1  100  [03]  2E A0 04
2025-10-11T15:52:47.900493,570.652,can1  120  [04]  80 C3 C9 01
2025-10-11T15:52:47.908694,570.660,can1  120  [04]  80 C3 C9 01
2025-10-11T15:52:48.636046,571.388,can1  110  [02]  A0 0F
2025-10-11T15:52:48.641782,571.393,can1  110  [02]  A0 0F
2025-10-11T15:52:48.650738,571.402,can1  100  [03]  3E C7 04
2025-10-11T15:52:48.658235,571.410,can1  100  [03]  3E C7 04
2025-10-11T15:52:49.414502,572.166,can1  120  [04]  00 5A 62 02
2025-10-11T15:52:49.420738,572.172,can1  120  [04]  00 5A 62 02
2025-10-11T15:52:50.296596,573.048,can1  110  [02]  88 13
2025-10-11T15:52:50.303334,573.055,can1  110  [02]  88 13
2025-10-11T15:52:50.310838,573.062,can1  100  [03]  4E EE 04
2025-10-11T15:52:50.318573,573.070,can1  100  [03]  4E EE 04
2025-10-11T15:52:50.325133,573.077,can1  120  [04]  80 F0 FA 02
2025-10-11T15:52:50.331743,573.083,can1  120  [04]  80 F0 FA 02
2025-10-11T15:52:51.058568,573.810,can1  110  [02]  70 17
2025-10-11T15:52:51.064701,573.816,can1  110  [02]  70 17
2025-10-11T15:52:51.823870,574.575,can1  100  [03]  5E 15 05
2025-10-11T15:52:51.830910,574.582,can1  100  [03]  5E 15 05
2025-10-11T15:52:51.838981,574.590,can1  120  [04]  00 87 93 03
2025-10-11T15:52:51.846816,574.598,can1  120  [04]  00 87 93 03
2025-10-11T15:52:52.598905,575.350,can1  110  [02]  58 1B
2025-10-11T15:52:52.605915,575.357,can1  110  [02]  58 1B
2025-10-11T15:52:52.612361,575.364,can1  100  [03]  6E 3C 05
2025-10-11T15:52:52.619081,575.371,can1  100  [03]  6E 3C 05
2025-10-11T15:52:52.625790,575.377,can1  120  [04]  80 1D 2C 04
2025-10-11T15:52:52.632643,575.384,can1  120  [04]  80 1D 2C 04
2025-10-11T15:52:54.234096,576.986,can1  110  [02]  40 1F
2025-10-11T15:52:54.240287,576.992,can1  110  [02]  40 1F
2025-10-11T15:52:54.247561,576.999,can1  100  [03]  7E 63 05
2025-10-11T15:52:54.256011,577.007,can1  100  [03]  7E 63 05
2025-10-11T15:52:54.263608,577.015,can1  120  [04]  00 B4 C4 04
2025-10-11T15:52:54.271276,577.023,can1  120  [04]  00 B4 C4 04
2025-10-11T15:52:55.014553,577.766,can1  110  [02]  28 23
2025-10-11T15:52:55.021579,577.773,can1  110  [02]  28 23
2025-10-11T15:52:55.029351,577.781,can1  100  [03]  8E 8A 05
2025-10-11T15:52:55.036199,577.788,can1  100  [03]  8E 8A 05
2025-10-11T15:52:55.043623,577.795,can1  120  [04]  80 4A 5D 05
2025-10-11T15:52:55.051267,577.803,can1  120  [04]  80 4A 5D 05
2025-10-11T15:52:56.449317,579.201,can1  110  [02]  40 1F
2025-10-11T15:52:56.455753,579.207,can1  110  [02]  40 1F
2025-10-11T15:52:56.463979,579.215,can1  100  [03]  7E 63 05
2025-10-11T15:52:56.471574,579.223,can1  100  [03]  7E 63 05
2025-10-11T15:52:56.478848,579.230,can1  120  [04]  00 B4 C4 04
2025-10-11T15:52:56.543474,579.295,can1  120  [04]  00 B4 C4 04
2025-10-11T15:52:58.106513,580.858,can1  110  [02]  58 1B
2025-10-11T15:52:58.112970,580.864,can1  110  [02]  58 1B
2025-10-11T15:52:58.120488,580.872,can1  100  [03]  6E 3C 05
2025-10-11T15:52:58.126432,580.878,can1  100  [03]  6E 3C 05
2025-10-11T15:52:58.134187,580.886,can1  120  [04]  80 1D 2C 04
2025-10-11T15:52:58.141212,580.893,can1  120  [04]  80 1D 2C 04
2025-10-11T15:52:58.881845,581.633,can1  110  [02]  70 17
2025-10-11T15:52:58.887478,581.639,can1  110  [02]  70 17
2025-10-11T15:52:59.558351,582.310,can1  100  [03]  5E 15 05
2025-10-11T15:52:59.564184,582.316,can1  100  [03]  5E 15 05
2025-10-11T15:52:59.572004,582.323,can1  120  [04]  00 87 93 03
2025-10-11T15:52:59.578622,582.330,can1  120  [04]  00 87 93 03
2025-10-11T15:53:00.331144,583.083,can1  110  [02]  88 13
2025-10-11T15:53:00.338089,583.090,can1  110  [02]  88 13
2025-10-11T15:53:00.344135,583.096,can1  100  [03]  4E EE 04
2025-10-11T15:53:00.351619,583.103,can1  100  [03]  4E EE 04
2025-10-11T15:53:00.358478,583.110,can1  120  [04]  80 F0 FA 02
2025-10-11T15:53:00.365305,583.117,can1  120  [04]  80 F0 FA 02
2025-10-11T15:53:01.765344,584.517,can1  110  [02]  A0 0F
2025-10-11T15:53:01.771325,584.523,can1  110  [02]  A0 0F
2025-10-11T15:53:01.835747,584.587,can1  100  [03]  3E C7 04
2025-10-11T15:53:01.843664,584.595,can1  100  [03]  3E C7 04
2025-10-11T15:53:01.861749,584.613,can1  120  [04]  00 5A 62 02
2025-10-11T15:53:01.869333,584.621,can1  120  [04]  00 5A 62 02
2025-10-11T15:53:03.178005,585.929,can1  110  [02]  B8 0B
2025-10-11T15:53:03.184534,585.936,can1  110  [02]  B8 0B
2025-10-11T15:53:03.190991,585.942,can1  100  [03]  2E A0 04
2025-10-11T15:53:03.198459,585.950,can1  100  [03]  2E A0 04
2025-10-11T15:53:03.205992,585.957,can1  120  [04]  80 C3 C9 01
2025-10-11T15:53:03.213645,585.965,can1  120  [04]  80 C3 C9 01
2025-10-11T15:53:04.606317,587.358,can1  110  [02]  D0 07
2025-10-11T15:53:04.612190,587.364,can1  110  [02]  D0 07
2025-10-11T15:53:04.619461,587.371,can1  100  [03]  1E 79 04
2025-10-11T15:53:04.626164,587.378,can1  100  [03]  1E 79 04
2025-10-11T15:53:04.633520,587.385,can1  120  [04]  00 2D 31 01
2025-10-11T15:53:04.641317,587.393,can1  120  [04]  00 2D 31 01
2025-10-11T15:53:05.935484,588.687,can1  110  [02]  E8 03
2025-10-11T15:53:05.941544,588.693,can1  110  [02]  E8 03
2025-10-11T15:53:05.948988,588.700,can1  100  [03]  0E 52 04
2025-10-11T15:53:05.955365,588.707,can1  100  [03]  0E 52 04
2025-10-11T15:53:05.962077,588.714,can1  120  [04]  80 96 98 00
2025-10-11T15:53:05.979263,588.731,can1  120  [04]  80 96 98 00
2025-10-11T15:53:06.701884,589.453,can1  110  [02]  D0 07
2025-10-11T15:53:06.708532,589.460,can1  110  [02]  D0 07
2025-10-11T15:53:07.351683,590.103,can1  100  [03]  1E 79 04
2025-10-11T15:53:07.357570,590.109,can1  100  [03]  1E 79 04
2025-10-11T15:53:07.365063,590.117,can1  120  [04]  00 2D 31 01
2025-10-11T15:53:07.372946,590.124,can1  120  [04]  00 2D 31 01
2025-10-11T15:53:08.130868,590.882,can1  110  [02]  B8 0B
2025-10-11T15:53:08.136679,590.888,can1  110  [02]  B8 0B
2025-10-11T15:53:08.772973,591.524,can1  100  [03]  2E A0 04
2025-10-11T15:53:08.779183,591.531,can1  100  [03]  2E A0 04
2025-10-11T15:53:08.787329,591.539,can1  120  [04]  80 C3 C9 01
2025-10-11T15:53:08.795449,591.547,can1  120  [04]  80 C3 C9 01
2025-10-11T15:53:09.432070,592.184,can1  110  [02]  A0 0F
2025-10-11T15:53:09.438150,592.190,can1  110  [02]  A0 0F
2025-10-11T15:53:10.193846,592.945,can1  100  [03]  3E C7 04
2025-10-11T15:53:10.199638,592.951,can1  100  [03]  3E C7 04
2025-10-11T15:53:10.207014,592.958,can1  120  [04]  00 5A 62 02
2025-10-11T15:53:10.213589,592.965,can1  120  [04]  00 5A 62 02
2025-10-11T15:53:10.864649,593.616,can1  110  [02]  88 13
2025-10-11T15:53:10.872070,593.624,can1  110  [02]  88 13
2025-10-11T15:53:10.937098,593.689,can1  100  [03]  4E EE 04
2025-10-11T15:53:10.944493,593.696,can1  100  [03]  4E EE 04
2025-10-11T15:53:11.622896,594.374,can1  120  [04]  80 F0 FA 02
2025-10-11T15:53:11.628621,594.380,can1  120  [04]  80 F0 FA 02
2025-10-11T15:53:12.284113,595.036,can1  110  [02]  70 17
2025-10-11T15:53:12.292953,595.044,can1  110  [02]  70 17
2025-10-11T15:53:12.301349,595.053,can1  100  [03]  5E 15 05
2025-10-11T15:53:12.308708,595.060,can1  100  [03]  5E 15 05
2025-10-11T15:53:13.052702,595.804,can1  120  [04]  00 87 93 03
2025-10-11T15:53:13.060929,595.812,can1  120  [04]  00 87 93 03
2025-10-11T15:53:13.717097,596.469,can1  110  [02]  58 1B
2025-10-11T15:53:13.724812,596.476,can1  110  [02]  58 1B
2025-10-11T15:53:13.732441,596.484,can1  100  [03]  6E 3C 05
2025-10-11T15:53:13.740788,596.492,can1  100  [03]  6E 3C 05
2025-10-11T15:53:13.749033,596.501,can1  120  [04]  80 1D 2C 04
2025-10-11T15:53:13.756628,596.508,can1  120  [04]  80 1D 2C 04
2025-10-11T15:53:15.146263,597.898,can1  110  [02]  40 1F
2025-10-11T15:53:15.151954,597.903,can1  110  [02]  40 1F
2025-10-11T15:53:15.159053,597.911,can1  100  [03]  7E 63 05
2025-10-11T15:53:15.167468,597.919,can1  100  [03]  7E 63 05
2025-10-11T15:53:15.228394,597.980,can1  120  [04]  00 B4 C4 04
2025-10-11T15:53:15.236725,597.988,can1  120  [04]  00 B4 C4 04
2025-10-11T15:53:16.552483,599.304,can1  110  [02]  28 23
2025-10-11T15:53:16.559542,599.311,can1  110  [02]  28 23
2025-10-11T15:53:16.566497,599.318,can1  100  [03]  8E 8A 05
2025-10-11T15:53:16.574568,599.326,can1  100  [03]  8E 8A 05
2025-10-11T15:53:16.583948,599.335,can1  120  [04]  80 4A 5D 05
2025-10-11T15:53:16.593390,599.345,can1  120  [04]  80 4A 5D 05
2025-10-11T15:53:17.431929,600.183,can1  110  [02]  40 1F
2025-10-11T15:53:17.440186,600.192,can1  110  [02]  40 1F
2025-10-11T15:53:17.447467,600.199,can1  100  [03]  7E 63 05
2025-10-11T15:53:17.455285,600.207,can1  100  [03]  7E 63 05
2025-10-11T15:53:17.463696,600.215,can1  120  [04]  00 B4 C4 04
2025-10-11T15:53:17.470789,600.222,can1  120  [04]  00 B4 C4 04
2025-10-11T15:53:19.081112,601.833,can1  110  [02]  58 1B
2025-10-11T15:53:19.088658,601.840,can1  110  [02]  58 1B
2025-10-11T15:53:19.097817,601.849,can1  100  [03]  6E 3C 05
2025-10-11T15:53:19.106698,601.858,can1  100  [03]  6E 3C 05
2025-10-11T15:53:19.115718,601.867,can1  120  [04]  80 1D 2C 04
2025-10-11T15:53:19.125289,601.877,can1  120  [04]  80 1D 2C 04
2025-10-11T15:53:20.066705,602.818,can1  110  [02]  70 17
2025-10-11T15:53:20.089524,602.841,can1  110  [02]  70 17
2025-10-11T15:53:20.095812,602.847,can1  100  [03]  5E 15 05
2025-10-11T15:53:20.102764,602.854,can1  100  [03]  5E 15 05
2025-10-11T15:53:20.109521,602.861,can1  120  [04]  00 87 93 03
2025-10-11T15:53:20.116688,602.868,can1  120  [04]  00 87 93 03
2025-10-11T15:53:21.709776,604.461,can1  110  [02]  88 13
2025-10-11T15:53:21.716516,604.468,can1  110  [02]  88 13
2025-10-11T15:53:21.723603,604.475,can1  100  [03]  4E EE 04
2025-10-11T15:53:21.730369,604.482,can1  100  [03]  4E EE 04
2025-10-11T15:53:21.737289,604.489,can1  120  [04]  80 F0 FA 02
2025-10-11T15:53:21.744299,604.496,can1  120  [04]  80 F0 FA 02
2025-10-11T15:53:22.483933,605.235,can1  110  [02]  A0 0F
2025-10-11T15:53:22.491964,605.243,can1  110  [02]  A0 0F
2025-10-11T15:53:22.498773,605.250,can1  100  [03]  3E C7 04
2025-10-11T15:53:22.506726,605.258,can1  100  [03]  3E C7 04
2025-10-11T15:53:23.158086,605.910,can1  120  [04]  00 5A 62 02
2025-10-11T15:53:23.165703,605.917,can1  120  [04]  00 5A 62 02
2025-10-11T15:53:23.916318,606.668,can1  110  [02]  B8 0B
2025-10-11T15:53:23.924228,606.676,can1  110  [02]  B8 0B
2025-10-11T15:53:23.931198,606.683,can1  100  [03]  2E A0 04
2025-10-11T15:53:23.939142,606.691,can1  100  [03]  2E A0 04
2025-10-11T15:53:23.947338,606.699,can1  120  [04]  80 C3 C9 01
2025-10-11T15:53:23.954155,606.706,can1  120  [04]  80 C3 C9 01
2025-10-11T15:53:25.454575,608.206,can1  110  [02]  D0 07
2025-10-11T15:53:25.462066,608.214,can1  110  [02]  D0 07
2025-10-11T15:53:25.468803,608.220,can1  100  [03]  1E 79 04
2025-10-11T15:53:25.477148,608.229,can1  100  [03]  1E 79 04
2025-10-11T15:53:25.484461,608.236,can1  120  [04]  00 2D 31 01
2025-10-11T15:53:25.491478,608.243,can1  120  [04]  00 2D 31 01
2025-10-11T15:53:26.870691,609.622,can1  110  [02]  E8 03
2025-10-11T15:53:26.878471,609.630,can1  110  [02]  E8 03
2025-10-11T15:53:26.885910,609.637,can1  100  [03]  0E 52 04
2025-10-11T15:53:26.893313,609.645,can1  100  [03]  0E 52 04
2025-10-11T15:53:26.900206,609.652,can1  120  [04]  80 96 98 00
2025-10-11T15:53:26.908373,609.660,can1  120  [04]  80 96 98 00
2025-10-11T15:53:28.298983,611.050,can1  110  [02]  D0 07
2025-10-11T15:53:28.306355,611.058,can1  110  [02]  D0 07
2025-10-11T15:53:28.363059,611.115,can1  100  [03]  1E 79 04
2025-10-11T15:53:28.371410,611.123,can1  100  [03]  1E 79 04
2025-10-11T15:53:28.389263,611.141,can1  120  [04]  00 2D 31 01
2025-10-11T15:53:28.396295,611.148,can1  120  [04]  00 2D 31 01
2025-10-11T15:53:29.063915,611.815,can1  110  [02]  B8 0B
2025-10-11T15:53:29.070993,611.822,can1  110  [02]  B8 0B
2025-10-11T15:53:29.078184,611.830,can1  100  [03]  2E A0 04
2025-10-11T15:53:29.085354,611.837,can1  100  [03]  2E A0 04
2025-10-11T15:53:29.818520,612.570,can1  120  [04]  80 C3 C9 01
2025-10-11T15:53:29.824478,612.576,can1  120  [04]  80 C3 C9 01
2025-10-11T15:53:30.495029,613.247,can1  110  [02]  A0 0F
2025-10-11T15:53:30.502775,613.254,can1  110  [02]  A0 0F
2025-10-11T15:53:30.510742,613.262,can1  100  [03]  3E C7 04
2025-10-11T15:53:30.518956,613.270,can1  100  [03]  3E C7 04
2025-10-11T15:53:30.526221,613.278,can1  120  [04]  00 5A 62 02
2025-10-11T15:53:30.533538,613.285,can1  120  [04]  00 5A 62 02
2025-10-11T15:53:31.917121,614.669,can1  110  [02]  88 13
2025-10-11T15:53:31.924021,614.676,can1  110  [02]  88 13
2025-10-11T15:53:31.932148,614.684,can1  100  [03]  4E EE 04
2025-10-11T15:53:31.939474,614.691,can1  100  [03]  4E EE 04
2025-10-11T15:53:31.947063,614.699,can1  120  [04]  80 F0 FA 02
2025-10-11T15:53:32.011804,614.763,can1  120  [04]  80 F0 FA 02
2025-10-11T15:53:33.451907,616.203,can1  110  [02]  70 17
2025-10-11T15:53:33.458075,616.210,can1  110  [02]  70 17
2025-10-11T15:53:33.464867,616.216,can1  100  [03]  5E 15 05
2025-10-11T15:53:33.471857,616.223,can1  100  [03]  5E 15 05
2025-10-11T15:53:33.478603,616.230,can1  120  [04]  00 87 93 03
2025-10-11T15:53:33.486070,616.238,can1  120  [04]  00 87 93 03
2025-10-11T15:53:34.218560,616.970,can1  110  [02]  58 1B
2025-10-11T15:53:34.225899,616.977,can1  110  [02]  58 1B
2025-10-11T15:53:34.881082,617.633,can1  100  [03]  6E 3C 05
2025-10-11T15:53:34.888773,617.640,can1  100  [03]  6E 3C 05
2025-10-11T15:53:34.896040,617.648,can1  120  [04]  80 1D 2C 04
2025-10-11T15:53:34.903512,617.655,can1  120  [04]  80 1D 2C 04
2025-10-11T15:53:35.549184,618.301,can1  110  [02]  40 1F
2025-10-11T15:53:35.556442,618.308,can1  110  [02]  40 1F
2025-10-11T15:53:36.305438,619.057,can1  100  [03]  7E 63 05
2025-10-11T15:53:36.313038,619.065,can1  100  [03]  7E 63 05
2025-10-11T15:53:36.320208,619.072,can1  120  [04]  00 B4 C4 04
2025-10-11T15:53:36.327028,619.079,can1  120  [04]  00 B4 C4 04
2025-10-11T15:53:37.082923,619.834,can1  110  [02]  28 23
2025-10-11T15:53:37.088924,619.840,can1  110  [02]  28 23
2025-10-11T15:53:37.096987,619.848,can1  100  [03]  8E 8A 05
2025-10-11T15:53:37.104885,619.856,can1  100  [03]  8E 8A 05
2025-10-11T15:53:37.111901,619.863,can1  120  [04]  80 4A 5D 05
2025-10-11T15:53:37.120172,619.872,can1  120  [04]  80 4A 5D 05
2025-10-11T15:53:38.515277,621.267,can1  110  [02]  40 1F
2025-10-11T15:53:38.522432,621.274,can1  110  [02]  40 1F
2025-10-11T15:53:38.529934,621.281,can1  100  [03]  7E 63 05
2025-10-11T15:53:38.537613,621.289,can1  100  [03]  7E 63 05
2025-10-11T15:53:38.546057,621.298,can1  120  [04]  00 B4 C4 04
2025-10-11T15:53:38.554270,621.306,can1  120  [04]  00 B4 C4 04
2025-10-11T15:53:39.958284,622.710,can1  110  [02]  58 1B
2025-10-11T15:53:39.966208,622.718,can1  110  [02]  58 1B
2025-10-11T15:53:39.974022,622.726,can1  100  [03]  6E 3C 05
2025-10-11T15:53:39.981349,622.733,can1  100  [03]  6E 3C 05
2025-10-11T15:53:39.988945,622.740,can1  120  [04]  80 1D 2C 04
2025-10-11T15:53:39.996456,622.748,can1  120  [04]  80 1D 2C 04
2025-10-11T15:53:41.481070,624.233,can1  110  [02]  70 17
2025-10-11T15:53:41.487560,624.239,can1  110  [02]  70 17
2025-10-11T15:53:41.552007,624.303,can1  100  [03]  5E 15 05
2025-10-11T15:53:41.560324,624.312,can1  100  [03]  5E 15 05
2025-10-11T15:53:41.579037,624.331,can1  120  [04]  00 87 93 03
2025-10-11T15:53:41.585922,624.337,can1  120  [04]  00 87 93 03
2025-10-11T15:53:42.254177,625.006,can1  110  [02]  88 13
2025-10-11T15:53:42.261156,625.013,can1  110  [02]  88 13
2025-10-11T15:53:42.269243,625.021,can1  100  [03]  4E EE 04
2025-10-11T15:53:42.277289,625.029,can1  100  [03]  4E EE 04
2025-10-11T15:53:43.021012,625.772,can1  120  [04]  80 F0 FA 02
2025-10-11T15:53:43.027218,625.779,can1  120  [04]  80 F0 FA 02
2025-10-11T15:53:43.780071,626.532,can1  110  [02]  A0 0F
2025-10-11T15:53:43.786224,626.538,can1  110  [02]  A0 0F
2025-10-11T15:53:43.793505,626.545,can1  100  [03]  3E C7 04
2025-10-11T15:53:43.799871,626.551,can1  100  [03]  3E C7 04
2025-10-11T15:53:43.806973,626.558,can1  120  [04]  00 5A 62 02
2025-10-11T15:53:43.813977,626.565,can1  120  [04]  00 5A 62 02
2025-10-11T15:53:45.223366,627.975,can1  110  [02]  B8 0B
2025-10-11T15:53:45.230495,627.982,can1  110  [02]  B8 0B
2025-10-11T15:53:45.238530,627.990,can1  100  [03]  2E A0 04
2025-10-11T15:53:45.245996,627.997,can1  100  [03]  2E A0 04
2025-10-11T15:53:45.309028,628.061,can1  120  [04]  80 C3 C9 01
2025-10-11T15:53:45.316944,628.068,can1  120  [04]  80 C3 C9 01
2025-10-11T15:53:46.633983,629.385,can1  110  [02]  D0 07
2025-10-11T15:53:46.641740,629.393,can1  110  [02]  D0 07
2025-10-11T15:53:46.648796,629.400,can1  100  [03]  1E 79 04
2025-10-11T15:53:46.657332,629.409,can1  100  [03]  1E 79 04
2025-10-11T15:53:46.664482,629.416,can1  120  [04]  00 2D 31 01
2025-10-11T15:53:46.672526,629.424,can1  120  [04]  00 2D 31 01
2025-10-11T15:53:47.397441,630.149,can1  110  [02]  E8 03
2025-10-11T15:53:47.404068,630.156,can1  110  [02]  E8 03
2025-10-11T15:53:48.062460,630.814,can1  100  [03]  0E 52 04
2025-10-11T15:53:48.069787,630.821,can1  100  [03]  0E 52 04
2025-10-11T15:53:48.077203,630.829,can1  120  [04]  80 96 98 00
2025-10-11T15:53:48.085845,630.837,can1  120  [04]  80 96 98 00
2025-10-11T15:53:48.845765,631.597,can1  110  [02]  D0 07
2025-10-11T15:53:48.853591,631.605,can1  110  [02]  D0 07
2025-10-11T15:53:48.861085,631.613,can1  100  [03]  1E 79 04
2025-10-11T15:53:48.869199,631.621,can1  100  [03]  1E 79 04
2025-10-11T15:53:48.931151,631.683,can1  120  [04]  00 2D 31 01
2025-10-11T15:53:48.939735,631.691,can1  120  [04]  00 2D 31 01
2025-10-11T15:53:50.263840,633.015,can1  110  [02]  B8 0B
2025-10-11T15:53:50.270948,633.022,can1  110  [02]  B8 0B
2025-10-11T15:53:50.278198,633.030,can1  100  [03]  2E A0 04
2025-10-11T15:53:50.285707,633.037,can1  100  [03]  2E A0 04
2025-10-11T15:53:50.293031,633.045,can1  120  [04]  80 C3 C9 01
2025-10-11T15:53:50.301707,633.053,can1  120  [04]  80 C3 C9 01
2025-10-11T15:53:51.692345,634.444,can1  110  [02]  A0 0F
2025-10-11T15:53:51.700197,634.452,can1  110  [02]  A0 0F
2025-10-11T15:53:51.707583,634.459,can1  100  [03]  3E C7 04
2025-10-11T15:53:51.715408,634.467,can1  100  [03]  3E C7 04
2025-10-11T15:53:51.723337,634.475,can1  120  [04]  00 5A 62 02
2025-10-11T15:53:51.731217,634.483,can1  120  [04]  00 5A 62 02
2025-10-11T15:53:53.100793,635.852,can1  110  [02]  88 13
2025-10-11T15:53:53.107799,635.859,can1  110  [02]  88 13
2025-10-11T15:53:53.114703,635.866,can1  100  [03]  4E EE 04
2025-10-11T15:53:53.123027,635.875,can1  100  [03]  4E EE 04
2025-10-11T15:53:53.131044,635.883,can1  120  [04]  80 F0 FA 02
2025-10-11T15:53:53.139785,635.891,can1  120  [04]  80 F0 FA 02
2025-10-11T15:53:53.998338,636.750,can1  110  [02]  70 17
2025-10-11T15:53:54.005816,636.757,can1  110  [02]  70 17
2025-10-11T15:53:54.012702,636.764,can1  100  [03]  5E 15 05
2025-10-11T15:53:54.020273,636.772,can1  100  [03]  5E 15 05
2025-10-11T15:53:54.027573,636.779,can1  120  [04]  00 87 93 03
2025-10-11T15:53:54.035544,636.787,can1  120  [04]  00 87 93 03
2025-10-11T15:53:55.416167,638.168,can1  110  [02]  58 1B
2025-10-11T15:53:55.422055,638.174,can1  110  [02]  58 1B
2025-10-11T15:53:55.430020,638.182,can1  100  [03]  6E 3C 05
2025-10-11T15:53:55.437647,638.189,can1  100  [03]  6E 3C 05
2025-10-11T15:53:55.446721,638.198,can1  120  [04]  80 1D 2C 04
2025-10-11T15:53:55.455210,638.207,can1  120  [04]  80 1D 2C 04
2025-10-11T15:53:56.744978,639.496,can1  110  [02]  40 1F
2025-10-11T15:53:56.751439,639.503,can1  110  [02]  40 1F
2025-10-11T15:53:56.760396,639.512,can1  100  [03]  7E 63 05
2025-10-11T15:53:56.768448,639.520,can1  100  [03]  7E 63 05
2025-10-11T15:53:56.775271,639.527,can1  120  [04]  00 B4 C4 04
2025-10-11T15:53:56.782591,639.534,can1  120  [04]  00 B4 C4 04
2025-10-11T15:53:58.184883,640.936,can1  110  [02]  28 23
2025-10-11T15:53:58.193598,640.945,can1  110  [02]  28 23
2025-10-11T15:53:58.202001,640.953,can1  100  [03]  8E 8A 05
2025-10-11T15:53:58.210410,640.962,can1  100  [03]  8E 8A 05
2025-10-11T15:53:58.219383,640.971,can1  120  [04]  80 4A 5D 05
2025-10-11T15:53:58.227107,640.979,can1  120  [04]  80 4A 5D 05
2025-10-11T15:53:58.951971,641.703,can1  110  [02]  40 1F
2025-10-11T15:53:58.958057,641.710,can1  110  [02]  40 1F
2025-10-11T15:53:59.630440,642.382,can1  100  [03]  7E 63 05
2025-10-11T15:53:59.637574,642.389,can1  100  [03]  7E 63 05
2025-10-11T15:53:59.644957,642.396,can1  120  [04]  00 B4 C4 04
2025-10-11T15:53:59.652901,642.404,can1  120  [04]  00 B4 C4 04
2025-10-11T15:54:00.385832,643.137,can1  110  [02]  58 1B
2025-10-11T15:54:00.393839,643.145,can1  110  [02]  58 1B
2025-10-11T15:54:00.401226,643.153,can1  100  [03]  6E 3C 05
2025-10-11T15:54:00.409234,643.161,can1  100  [03]  6E 3C 05
2025-10-11T15:54:01.152445,643.904,can1  120  [04]  80 1D 2C 04
2025-10-11T15:54:01.161016,643.912,can1  120  [04]  80 1D 2C 04
2025-10-11T15:54:01.917461,644.669,can1  110  [02]  70 17
2025-10-11T15:54:01.924477,644.676,can1  110  [02]  70 17
2025-10-11T15:54:01.931945,644.683,can1  100  [03]  5E 15 05
2025-10-11T15:54:01.939609,644.691,can1  100  [03]  5E 15 05
2025-10-11T15:54:01.948138,644.700,can1  120  [04]  00 87 93 03
2025-10-11T15:54:01.956607,644.708,can1  120  [04]  00 87 93 03
2025-10-11T15:54:03.340799,646.092,can1  110  [02]  88 13
2025-10-11T15:54:03.348283,646.100,can1  110  [02]  88 13
2025-10-11T15:54:03.357363,646.109,can1  100  [03]  4E EE 04
2025-10-11T15:54:03.366687,646.118,can1  100  [03]  4E EE 04
2025-10-11T15:54:03.374759,646.126,can1  120  [04]  80 F0 FA 02
2025-10-11T15:54:03.382174,646.134,can1  120  [04]  80 F0 FA 02
2025-10-11T15:54:04.766157,647.518,can1  110  [02]  A0 0F
2025-10-11T15:54:04.773668,647.525,can1  110  [02]  A0 0F
2025-10-11T15:54:04.781438,647.533,can1  100  [03]  3E C7 04
2025-10-11T15:54:04.789480,647.541,can1  100  [03]  3E C7 04
2025-10-11T15:54:04.797538,647.549,can1  120  [04]  00 5A 62 02
2025-10-11T15:54:04.806075,647.558,can1  120  [04]  00 5A 62 02
2025-10-11T15:54:05.530101,648.282,can1  110  [02]  B8 0B
2025-10-11T15:54:05.536825,648.288,can1  110  [02]  B8 0B
2025-10-11T15:54:06.291837,649.043,can1  100  [03]  2E A0 04
2025-10-11T15:54:06.302033,649.054,can1  100  [03]  2E A0 04
2025-10-11T15:54:06.310699,649.062,can1  120  [04]  80 C3 C9 01
2025-10-11T15:54:06.320558,649.072,can1  120  [04]  80 C3 C9 01
2025-10-11T15:54:07.063040,649.815,can1  110  [02]  D0 07
2025-10-11T15:54:07.071016,649.823,can1  110  [02]  D0 07
2025-10-11T15:54:07.079304,649.831,can1  100  [03]  1E 79 04
2025-10-11T15:54:07.087147,649.839,can1  100  [03]  1E 79 04
2025-10-11T15:54:07.095206,649.847,can1  120  [04]  00 2D 31 01
2025-10-11T15:54:07.103752,649.855,can1  120  [04]  00 2D 31 01
2025-10-11T15:54:08.496879,651.248,can1  110  [02]  E8 03
2025-10-11T15:54:08.504102,651.256,can1  110  [02]  E8 03
2025-10-11T15:54:08.510986,651.262,can1  100  [03]  0E 52 04
2025-10-11T15:54:08.518834,651.270,can1  100  [03]  0E 52 04
2025-10-11T15:54:08.526599,651.278,can1  120  [04]  80 96 98 00
2025-10-11T15:54:08.534361,651.286,can1  120  [04]  80 96 98 00
2025-10-11T15:54:09.920231,652.672,can1  110  [02]  D0 07
2025-10-11T15:54:09.927528,652.679,can1  110  [02]  D0 07
2025-10-11T15:54:09.935870,652.687,can1  100  [03]  1E 79 04
2025-10-11T15:54:09.943812,652.695,can1  100  [03]  1E 79 04
2025-10-11T15:54:09.951486,652.703,can1  120  [04]  00 2D 31 01
2025-10-11T15:54:09.960261,652.712,can1  120  [04]  00 2D 31 01
2025-10-11T15:54:10.683118,653.435,can1  110  [02]  B8 0B
2025-10-11T15:54:10.690980,653.442,can1  110  [02]  B8 0B
2025-10-11T15:54:10.698897,653.450,can1  100  [03]  2E A0 04
2025-10-11T15:54:10.707384,653.459,can1  100  [03]  2E A0 04
2025-10-11T15:54:11.452892,654.204,can1  120  [04]  80 C3 C9 01
2025-10-11T15:54:11.461551,654.213,can1  120  [04]  80 C3 C9 01
2025-10-11T15:54:12.231640,654.983,can1  110  [02]  A0 0F
2025-10-11T15:54:12.237642,654.989,can1  110  [02]  A0 0F
2025-10-11T15:54:12.244609,654.996,can1  100  [03]  3E C7 04
2025-10-11T15:54:12.252494,655.004,can1  100  [03]  3E C7 04
2025-10-11T15:54:12.259800,655.011,can1  120  [04]  00 5A 62 02
2025-10-11T15:54:12.268058,655.020,can1  120  [04]  00 5A 62 02
2025-10-11T15:54:13.782906,656.534,can1  110  [02]  88 13
2025-10-11T15:54:13.790396,656.542,can1  110  [02]  88 13
2025-10-11T15:54:13.797456,656.549,can1  100  [03]  4E EE 04
2025-10-11T15:54:13.804292,656.556,can1  100  [03]  4E EE 04
2025-10-11T15:54:13.811392,656.563,can1  120  [04]  80 F0 FA 02
2025-10-11T15:54:13.818558,656.570,can1  120  [04]  80 F0 FA 02
2025-10-11T15:54:14.551621,657.303,can1  110  [02]  70 17
2025-10-11T15:54:14.558750,657.310,can1  110  [02]  70 17
2025-10-11T15:54:14.566814,657.318,can1  100  [03]  5E 15 05
2025-10-11T15:54:14.574308,657.326,can1  100  [03]  5E 15 05
2025-10-11T15:54:15.302923,658.054,can1  120  [04]  00 87 93 03
2025-10-11T15:54:15.309778,658.061,can1  120  [04]  00 87 93 03
2025-10-11T15:54:15.964599,658.716,can1  110  [02]  58 1B
2025-10-11T15:54:15.975401,658.727,can1  110  [02]  58 1B
2025-10-11T15:54:15.983351,658.735,can1  100  [03]  6E 3C 05
2025-10-11T15:54:15.991361,658.743,can1  100  [03]  6E 3C 05
2025-10-11T15:54:15.998686,658.750,can1  120  [04]  80 1D 2C 04
2025-10-11T15:54:16.006993,658.758,can1  120  [04]  80 1D 2C 04
2025-10-11T15:54:17.407019,660.159,can1  110  [02]  40 1F
2025-10-11T15:54:17.414309,660.166,can1  110  [02]  40 1F
2025-10-11T15:54:17.422100,660.174,can1  100  [03]  7E 63 05
2025-10-11T15:54:17.429929,660.181,can1  100  [03]  7E 63 05
2025-10-11T15:54:17.437940,660.189,can1  120  [04]  00 B4 C4 04
2025-10-11T15:54:17.445612,660.197,can1  120  [04]  00 B4 C4 04
2025-10-11T15:54:18.841726,661.593,can1  110  [02]  28 23
2025-10-11T15:54:18.849246,661.601,can1  110  [02]  28 23
2025-10-11T15:54:18.856276,661.608,can1  100  [03]  8E 8A 05
2025-10-11T15:54:18.863729,661.615,can1  100  [03]  8E 8A 05
2025-10-11T15:54:18.871753,661.623,can1  120  [04]  80 4A 5D 05
2025-10-11T15:54:18.879486,661.631,can1  120  [04]  80 4A 5D 05
2025-10-11T15:54:19.617152,662.369,can1  110  [02]  40 1F
2025-10-11T15:54:19.624554,662.376,can1  110  [02]  40 1F
2025-10-11T15:54:20.278206,663.030,can1  100  [03]  7E 63 05
2025-10-11T15:54:20.286469,663.038,can1  100  [03]  7E 63 05
2025-10-11T15:54:20.293745,663.045,can1  120  [04]  00 B4 C4 04
2025-10-11T15:54:20.302700,663.054,can1  120  [04]  00 B4 C4 04
2025-10-11T15:54:21.065228,663.817,can1  110  [02]  58 1B
2025-10-11T15:54:21.072681,663.824,can1  110  [02]  58 1B
2025-10-11T15:54:21.079866,663.831,can1  100  [03]  6E 3C 05
2025-10-11T15:54:21.088077,663.840,can1  100  [03]  6E 3C 05
2025-10-11T15:54:21.095749,663.847,can1  120  [04]  80 1D 2C 04
2025-10-11T15:54:21.103089,663.855,can1  120  [04]  80 1D 2C 04
2025-10-11T15:54:22.600979,665.352,can1  110  [02]  70 17
2025-10-11T15:54:22.611195,665.363,can1  110  [02]  70 17
2025-10-11T15:54:22.621642,665.373,can1  100  [03]  5E 15 05
2025-10-11T15:54:22.631892,665.383,can1  100  [03]  5E 15 05
2025-10-11T15:54:22.643228,665.395,can1  120  [04]  00 87 93 03
2025-10-11T15:54:22.653194,665.405,can1  120  [04]  00 87 93 03
2025-10-11T15:54:23.498087,666.250,can1  110  [02]  88 13
2025-10-11T15:54:23.507403,666.259,can1  110  [02]  88 13
2025-10-11T15:54:23.517626,666.269,can1  100  [03]  4E EE 04
2025-10-11T15:54:23.527871,666.279,can1  100  [03]  4E EE 04
2025-10-11T15:54:23.537980,666.289,can1  120  [04]  80 F0 FA 02
2025-10-11T15:54:23.548536,666.300,can1  120  [04]  80 F0 FA 02
2025-10-11T15:54:25.364375,668.116,can1  110  [02]  A0 0F
2025-10-11T15:54:25.374385,668.126,can1  110  [02]  A0 0F
2025-10-11T15:54:25.383953,668.135,can1  100  [03]  3E C7 04
2025-10-11T15:54:25.394379,668.146,can1  100  [03]  3E C7 04
2025-10-11T15:54:25.404660,668.156,can1  120  [04]  00 5A 62 02
2025-10-11T15:54:25.415245,668.167,can1  120  [04]  00 5A 62 02
2025-10-11T15:54:26.248297,669.000,can1  110  [02]  B8 0B
2025-10-11T15:54:26.256686,669.008,can1  110  [02]  B8 0B
2025-10-11T15:54:26.264560,669.016,can1  100  [03]  2E A0 04
2025-10-11T15:54:26.273746,669.025,can1  100  [03]  2E A0 04
2025-10-11T15:54:27.127648,669.879,can1  120  [04]  80 C3 C9 01
2025-10-11T15:54:27.134862,669.886,can1  120  [04]  80 C3 C9 01
2025-10-11T15:54:27.890081,670.642,can1  110  [02]  D0 07
2025-10-11T15:54:27.897508,670.649,can1  110  [02]  D0 07
2025-10-11T15:54:27.904930,670.656,can1  100  [03]  1E 79 04
2025-10-11T15:54:27.913263,670.665,can1  100  [03]  1E 79 04
2025-10-11T15:54:27.921382,670.673,can1  120  [04]  00 2D 31 01
2025-10-11T15:54:27.929423,670.681,can1  120  [04]  00 2D 31 01
2025-10-11T15:54:29.308326,672.060,can1  110  [02]  E8 03
2025-10-11T15:54:29.315982,672.067,can1  110  [02]  E8 03
2025-10-11T15:54:29.324211,672.076,can1  100  [03]  0E 52 04
2025-10-11T15:54:29.332004,672.083,can1  100  [03]  0E 52 04
2025-10-11T15:54:29.340907,672.092,can1  120  [04]  80 96 98 00
2025-10-11T15:54:29.348476,672.100,can1  120  [04]  80 96 98 00
2025-10-11T15:54:30.735286,673.487,can1  110  [02]  D0 07
2025-10-11T15:54:30.742861,673.494,can1  110  [02]  D0 07
2025-10-11T15:54:30.750301,673.502,can1  100  [03]  1E 79 04
2025-10-11T15:54:30.757819,673.509,can1  100  [03]  1E 79 04
2025-10-11T15:54:30.765150,673.517,can1  120  [04]  00 2D 31 01
2025-10-11T15:54:30.772610,673.524,can1  120  [04]  00 2D 31 01
2025-10-11T15:54:31.500448,674.252,can1  110  [02]  B8 0B
2025-10-11T15:54:31.508182,674.260,can1  110  [02]  B8 0B
2025-10-11T15:54:32.270904,675.022,can1  100  [03]  2E A0 04
2025-10-11T15:54:32.277222,675.029,can1  100  [03]  2E A0 04
2025-10-11T15:54:32.284369,675.036,can1  120  [04]  80 C3 C9 01
2025-10-11T15:54:32.292638,675.044,can1  120  [04]  80 C3 C9 01
2025-10-11T15:54:33.032243,675.784,can1  110  [02]  A0 0F
2025-10-11T15:54:33.039850,675.791,can1  110  [02]  A0 0F
2025-10-11T15:54:33.047998,675.799,can1  100  [03]  3E C7 04
2025-10-11T15:54:33.056150,675.808,can1  100  [03]  3E C7 04
2025-10-11T15:54:33.064793,675.816,can1  120  [04]  00 5A 62 02
2025-10-11T15:54:33.073053,675.825,can1  120  [04]  00 5A 62 02
2025-10-11T15:54:34.451555,677.203,can1  110  [02]  88 13
2025-10-11T15:54:34.460971,677.212,can1  110  [02]  88 13
2025-10-11T15:54:34.469300,677.221,can1  100  [03]  4E EE 04
2025-10-11T15:54:34.476524,677.228,can1  100  [03]  4E EE 04
2025-10-11T15:54:34.485130,677.237,can1  120  [04]  80 F0 FA 02
2025-10-11T15:54:34.493181,677.245,can1  120  [04]  80 F0 FA 02
2025-10-11T15:54:35.874356,678.626,can1  110  [02]  70 17
2025-10-11T15:54:35.883276,678.635,can1  110  [02]  70 17
2025-10-11T15:54:35.892712,678.644,can1  100  [03]  5E 15 05
2025-10-11T15:54:35.900122,678.652,can1  100  [03]  5E 15 05
2025-10-11T15:54:35.908978,678.660,can1  120  [04]  00 87 93 03
2025-10-11T15:54:35.916361,678.668,can1  120  [04]  00 87 93 03
2025-10-11T15:54:37.296814,680.048,can1  110  [02]  58 1B
2025-10-11T15:54:37.304578,680.056,can1  110  [02]  58 1B
2025-10-11T15:54:37.312546,680.064,can1  100  [03]  6E 3C 05
2025-10-11T15:54:37.320410,680.072,can1  100  [03]  6E 3C 05
2025-10-11T15:54:37.328587,680.080,can1  120  [04]  80 1D 2C 04
2025-10-11T15:54:37.336349,680.088,can1  120  [04]  80 1D 2C 04
2025-10-11T15:54:38.053470,680.805,can1  110  [02]  40 1F
2025-10-11T15:54:38.061260,680.813,can1  110  [02]  40 1F
2025-10-11T15:54:38.069861,680.821,can1  100  [03]  7E 63 05
2025-10-11T15:54:38.077319,680.829,can1  100  [03]  7E 63 05
2025-10-11T15:54:38.834108,681.586,can1  120  [04]  00 B4 C4 04
2025-10-11T15:54:38.842351,681.594,can1  120  [04]  00 B4 C4 04
2025-10-11T15:54:39.588475,682.340,can1  110  [02]  28 23
2025-10-11T15:54:39.596605,682.348,can1  110  [02]  28 23
2025-10-11T15:54:39.605172,682.357,can1  100  [03]  8E 8A 05
2025-10-11T15:54:39.614078,682.366,can1  100  [03]  8E 8A 05
2025-10-11T15:54:39.622638,682.374,can1  120  [04]  80 4A 5D 05
2025-10-11T15:54:39.631189,682.383,can1  120  [04]  80 4A 5D 05
2025-10-11T15:54:41.015828,683.767,can1  110  [02]  40 1F
2025-10-11T15:54:41.023479,683.775,can1  110  [02]  40 1F
2025-10-11T15:54:41.031381,683.783,can1  100  [03]  7E 63 05
2025-10-11T15:54:41.039629,683.791,can1  100  [03]  7E 63 05
2025-10-11T15:54:41.048169,683.800,can1  120  [04]  00 B4 C4 04
2025-10-11T15:54:41.056796,683.808,can1  120  [04]  00 B4 C4 04
2025-10-11T15:54:41.784990,684.536,can1  110  [02]  58 1B
2025-10-11T15:54:41.792346,684.544,can1  110  [02]  58 1B
2025-10-11T15:54:42.539775,685.291,can1  100  [03]  6E 3C 05
2025-10-11T15:54:42.547255,685.299,can1  100  [03]  6E 3C 05
2025-10-11T15:54:42.555500,685.307,can1  120  [04]  80 1D 2C 04
2025-10-11T15:54:42.563219,685.315,can1  120  [04]  80 1D 2C 04
2025-10-11T15:54:43.312615,686.064,can1  110  [02]  70 17
2025-10-11T15:54:43.320165,686.072,can1  110  [02]  70 17
2025-10-11T15:54:43.328017,686.080,can1  100  [03]  5E 15 05
2025-10-11T15:54:43.335857,686.087,can1  100  [03]  5E 15 05
2025-10-11T15:54:43.344005,686.095,can1  120  [04]  00 87 93 03
2025-10-11T15:54:43.408642,686.160,can1  120  [04]  00 87 93 03
2025-10-11T15:54:44.846739,687.598,can1  110  [02]  88 13
2025-10-11T15:54:44.854150,687.606,can1  110  [02]  88 13
2025-10-11T15:54:44.861722,687.613,can1  100  [03]  4E EE 04
2025-10-11T15:54:44.869672,687.621,can1  100  [03]  4E EE 04
2025-10-11T15:54:44.878119,687.630,can1  120  [04]  80 F0 FA 02
2025-10-11T15:54:44.886071,687.638,can1  120  [04]  80 F0 FA 02
2025-10-11T15:54:46.264272,689.016,can1  110  [02]  A0 0F
2025-10-11T15:54:46.273314,689.025,can1  110  [02]  A0 0F
2025-10-11T15:54:46.281875,689.033,can1  100  [03]  3E C7 04
2025-10-11T15:54:46.291251,689.043,can1  100  [03]  3E C7 04
2025-10-11T15:54:46.299345,689.051,can1  120  [04]  00 5A 62 02
2025-10-11T15:54:46.307620,689.059,can1  120  [04]  00 5A 62 02
2025-10-11T15:54:47.034465,689.786,can1  110  [02]  B8 0B
2025-10-11T15:54:47.041890,689.793,can1  110  [02]  B8 0B
2025-10-11T15:54:47.794678,690.546,can1  100  [03]  2E A0 04
2025-10-11T15:54:47.801912,690.553,can1  100  [03]  2E A0 04
2025-10-11T15:54:47.809823,690.561,can1  120  [04]  80 C3 C9 01
2025-10-11T15:54:47.880555,690.632,can1  120  [04]  80 C3 C9 01
2025-10-11T15:54:48.667331,691.419,can1  110  [02]  D0 07
2025-10-11T15:54:48.675179,691.427,can1  110  [02]  D0 07
2025-10-11T15:54:48.683309,691.435,can1  100  [03]  1E 79 04
2025-10-11T15:54:48.692516,691.444,can1  100  [03]  1E 79 04
2025-10-11T15:54:49.436067,692.188,can1  120  [04]  00 2D 31 01
2025-10-11T15:54:49.442687,692.194,can1  120  [04]  00 2D 31 01
2025-10-11T15:54:50.101180,692.853,can1  110  [02]  E8 03
2025-10-11T15:54:50.108986,692.860,can1  110  [02]  E8 03
2025-10-11T15:54:50.116787,692.868,can1  100  [03]  0E 52 04
2025-10-11T15:54:50.125619,692.877,can1  100  [03]  0E 52 04
2025-10-11T15:54:50.133413,692.885,can1  120  [04]  80 96 98 00
2025-10-11T15:54:50.142634,692.894,can1  120  [04]  80 96 98 00
2025-10-11T15:54:51.641099,694.393,can1  110  [02]  D0 07
2025-10-11T15:54:51.648145,694.400,can1  110  [02]  D0 07
2025-10-11T15:54:51.715050,694.467,can1  100  [03]  1E 79 04
2025-10-11T15:54:51.724781,694.476,can1  100  [03]  1E 79 04
2025-10-11T15:54:51.743611,694.495,can1  120  [04]  00 2D 31 01
2025-10-11T15:54:51.752538,694.504,can1  120  [04]  00 2D 31 01
2025-10-11T15:54:52.403865,695.155,can1  110  [02]  B8 0B
2025-10-11T15:54:52.412351,695.164,can1  110  [02]  B8 0B
2025-10-11T15:54:53.165642,695.917,can1  100  [03]  2E A0 04
2025-10-11T15:54:53.172895,695.924,can1  100  [03]  2E A0 04
2025-10-11T15:54:53.180514,695.932,can1  120  [04]  80 C3 C9 01
2025-10-11T15:54:53.188406,695.940,can1  120  [04]  80 C3 C9 01
2025-10-11T15:54:53.932894,696.684,can1  110  [02]  A0 0F
2025-10-11T15:54:53.940272,696.692,can1  110  [02]  A0 0F
2025-10-11T15:54:53.948743,696.700,can1  100  [03]  3E C7 04
2025-10-11T15:54:53.956828,696.708,can1  100  [03]  3E C7 04
2025-10-11T15:54:54.702128,697.454,can1  120  [04]  00 5A 62 02
2025-10-11T15:54:54.709026,697.461,can1  120  [04]  00 5A 62 02
2025-10-11T15:54:55.477962,698.229,can1  110  [02]  88 13
2025-10-11T15:54:55.500876,698.252,can1  110  [02]  88 13
2025-10-11T15:54:55.509012,698.260,can1  100  [03]  4E EE 04
2025-10-11T15:54:55.516378,698.268,can1  100  [03]  4E EE 04
2025-10-11T15:54:55.524874,698.276,can1  120  [04]  80 F0 FA 02
2025-10-11T15:54:55.531892,698.283,can1  120  [04]  80 F0 FA 02
2025-10-11T15:54:57.014809,699.766,can1  110  [02]  70 17
2025-10-11T15:54:57.022126,699.774,can1  110  [02]  70 17
2025-10-11T15:54:57.030892,699.782,can1  100  [03]  5E 15 05
2025-10-11T15:54:57.039324,699.791,can1  100  [03]  5E 15 05
2025-10-11T15:54:57.047607,699.799,can1  120  [04]  00 87 93 03
2025-10-11T15:54:57.055921,699.807,can1  120  [04]  00 87 93 03
2025-10-11T15:54:57.784271,700.536,can1  110  [02]  58 1B
2025-10-11T15:54:57.792178,700.544,can1  110  [02]  58 1B
2025-10-11T15:54:57.800553,700.552,can1  100  [03]  6E 3C 05
2025-10-11T15:54:57.809503,700.561,can1  100  [03]  6E 3C 05
2025-10-11T15:54:57.817538,700.569,can1  120  [04]  80 1D 2C 04
2025-10-11T15:54:57.826419,700.578,can1  120  [04]  80 1D 2C 04
2025-10-11T15:54:59.423371,702.175,can1  110  [02]  40 1F
2025-10-11T15:54:59.431975,702.183,can1  110  [02]  40 1F
2025-10-11T15:54:59.440572,702.192,can1  100  [03]  7E 63 05
2025-10-11T15:54:59.449250,702.201,can1  100  [03]  7E 63 05
2025-10-11T15:54:59.457495,702.209,can1  120  [04]  00 B4 C4 04
2025-10-11T15:54:59.466210,702.218,can1  120  [04]  00 B4 C4 04
2025-10-11T15:55:00.838795,703.590,can1  110  [02]  28 23
2025-10-11T15:55:00.846523,703.598,can1  110  [02]  28 23
2025-10-11T15:55:00.855122,703.607,can1  100  [03]  8E 8A 05
2025-10-11T15:55:00.863676,703.615,can1  100  [03]  8E 8A 05
2025-10-11T15:55:00.872673,703.624,can1  120  [04]  80 4A 5D 05
2025-10-11T15:55:00.880496,703.632,can1  120  [04]  80 4A 5D 05
2025-10-11T15:55:01.601871,704.353,can1  110  [02]  40 1F
2025-10-11T15:55:01.610244,704.362,can1  110  [02]  40 1F
2025-10-11T15:55:02.265509,705.017,can1  100  [03]  7E 63 05
2025-10-11T15:55:02.273334,705.025,can1  100  [03]  7E 63 05
2025-10-11T15:55:02.282102,705.034,can1  120  [04]  00 B4 C4 04
2025-10-11T15:55:02.290019,705.042,can1  120  [04]  00 B4 C4 04
2025-10-11T15:55:03.038837,705.790,can1  110  [02]  58 1B
2025-10-11T15:55:03.046040,705.798,can1  110  [02]  58 1B
2025-10-11T15:55:03.054570,705.806,can1  100  [03]  6E 3C 05
2025-10-11T15:55:03.062998,705.814,can1  100  [03]  6E 3C 05
2025-10-11T15:55:03.071605,705.823,can1  120  [04]  80 1D 2C 04
2025-10-11T15:55:03.079146,705.831,can1  120  [04]  80 1D 2C 04
2025-10-11T15:55:04.482322,707.234,can1  110  [02]  70 17
2025-10-11T15:55:04.490306,707.242,can1  110  [02]  70 17
2025-10-11T15:55:04.498617,707.250,can1  100  [03]  5E 15 05
2025-10-11T15:55:04.507935,707.259,can1  100  [03]  5E 15 05
2025-10-11T15:55:04.516811,707.268,can1  120  [04]  00 87 93 03
2025-10-11T15:55:04.525515,707.277,can1  120  [04]  00 87 93 03
2025-10-11T15:55:06.020100,708.772,can1  110  [02]  88 13
2025-10-11T15:55:06.027776,708.779,can1  110  [02]  88 13
2025-10-11T15:55:06.034801,708.786,can1  100  [03]  4E EE 04
2025-10-11T15:55:06.043608,708.795,can1  100  [03]  4E EE 04
2025-10-11T15:55:06.051109,708.803,can1  120  [04]  80 F0 FA 02
2025-10-11T15:55:06.116681,708.868,can1  120  [04]  80 F0 FA 02
2025-10-11T15:55:06.883925,709.635,can1  110  [02]  A0 0F
2025-10-11T15:55:06.891964,709.643,can1  110  [02]  A0 0F
2025-10-11T15:55:06.899712,709.651,can1  100  [03]  3E C7 04
2025-10-11T15:55:06.908102,709.660,can1  100  [03]  3E C7 04
2025-10-11T15:55:06.917242,709.669,can1  120  [04]  00 5A 62 02
2025-10-11T15:55:06.925271,709.677,can1  120  [04]  00 5A 62 02
2025-10-11T15:55:08.428942,711.180,can1  110  [02]  B8 0B
2025-10-11T15:55:08.435354,711.187,can1  110  [02]  B8 0B
2025-10-11T15:55:08.443976,711.195,can1  100  [03]  2E A0 04
2025-10-11T15:55:08.451106,711.203,can1  100  [03]  2E A0 04
2025-10-11T15:55:08.459650,711.211,can1  120  [04]  80 C3 C9 01
2025-10-11T15:55:08.467331,711.219,can1  120  [04]  80 C3 C9 01
2025-10-11T15:55:09.860014,712.612,can1  110  [02]  D0 07
2025-10-11T15:55:09.867758,712.619,can1  110  [02]  D0 07
2025-10-11T15:55:09.875365,712.627,can1  100  [03]  1E 79 04
2025-10-11T15:55:09.884038,712.636,can1  100  [03]  1E 79 04
2025-10-11T15:55:09.892607,712.644,can1  120  [04]  00 2D 31 01
2025-10-11T15:55:09.960550,712.712,can1  120  [04]  00 2D 31 01
2025-10-11T15:55:11.288430,714.040,can1  110  [02]  E8 03
2025-10-11T15:55:11.296058,714.048,can1  110  [02]  E8 03
2025-10-11T15:55:11.304288,714.056,can1  100  [03]  0E 52 04
2025-10-11T15:55:11.312193,714.064,can1  100  [03]  0E 52 04
2025-10-11T15:55:11.321833,714.073,can1  120  [04]  80 96 98 00
2025-10-11T15:55:11.329868,714.081,can1  120  [04]  80 96 98 00
2025-10-11T15:55:12.053857,714.805,can1  110  [02]  D0 07
2025-10-11T15:55:12.061355,714.813,can1  110  [02]  D0 07
2025-10-11T15:55:12.069310,714.821,can1  100  [03]  1E 79 04
2025-10-11T15:55:12.078572,714.830,can1  100  [03]  1E 79 04
2025-10-11T15:55:12.825196,715.577,can1  120  [04]  00 2D 31 01
2025-10-11T15:55:12.832941,715.584,can1  120  [04]  00 2D 31 01
2025-10-11T15:55:13.502408,716.254,can1  110  [02]  B8 0B
2025-10-11T15:55:13.510393,716.262,can1  110  [02]  B8 0B
2025-10-11T15:55:13.518919,716.270,can1  100  [03]  2E A0 04
2025-10-11T15:55:13.528399,716.280,can1  100  [03]  2E A0 04
2025-10-11T15:55:13.594368,716.346,can1  120  [04]  80 C3 C9 01
2025-10-11T15:55:13.603344,716.355,can1  120  [04]  80 C3 C9 01
2025-10-11T15:55:14.929524,717.681,can1  110  [02]  A0 0F
2025-10-11T15:55:14.936307,717.688,can1  110  [02]  A0 0F
2025-10-11T15:55:14.944787,717.696,can1  100  [03]  3E C7 04
2025-10-11T15:55:14.952174,717.704,can1  100  [03]  3E C7 04
2025-10-11T15:55:14.960762,717.712,can1  120  [04]  00 5A 62 02
2025-10-11T15:55:14.969340,717.721,can1  120  [04]  00 5A 62 02
2025-10-11T15:55:16.484613,719.236,can1  110  [02]  88 13
2025-10-11T15:55:16.491212,719.243,can1  110  [02]  88 13
2025-10-11T15:55:16.498745,719.250,can1  100  [03]  4E EE 04
2025-10-11T15:55:16.506197,719.258,can1  100  [03]  4E EE 04
2025-10-11T15:55:16.515213,719.267,can1  120  [04]  80 F0 FA 02
2025-10-11T15:55:16.523511,719.275,can1  120  [04]  80 F0 FA 02
2025-10-11T15:55:17.255289,720.007,can1  110  [02]  70 17
2025-10-11T15:55:17.263491,720.015,can1  110  [02]  70 17
2025-10-11T15:55:17.271477,720.023,can1  100  [03]  5E 15 05
2025-10-11T15:55:17.325526,720.077,can1  100  [03]  5E 15 05
2025-10-11T15:55:17.346960,720.098,can1  120  [04]  00 87 93 03
2025-10-11T15:55:17.367048,720.119,can1  120  [04]  00 87 93 03
2025-10-11T15:55:18.779774,721.531,can1  110  [02]  58 1B
2025-10-11T15:55:18.786570,721.538,can1  110  [02]  58 1B
2025-10-11T15:55:18.795474,721.547,can1  100  [03]  6E 3C 05
2025-10-11T15:55:18.803312,721.555,can1  100  [03]  6E 3C 05
2025-10-11T15:55:18.811983,721.563,can1  120  [04]  80 1D 2C 04
2025-10-11T15:55:18.820926,721.572,can1  120  [04]  80 1D 2C 04
2025-10-11T15:55:19.537929,722.289,can1  110  [02]  40 1F
2025-10-11T15:55:19.546093,722.298,can1  110  [02]  40 1F
2025-10-11T15:55:20.204986,722.956,can1  100  [03]  7E 63 05
2025-10-11T15:55:20.213247,722.965,can1  100  [03]  7E 63 05
2025-10-11T15:55:20.222313,722.974,can1  120  [04]  00 B4 C4 04
2025-10-11T15:55:20.230959,722.982,can1  120  [04]  00 B4 C4 04
2025-10-11T15:55:20.970706,723.722,can1  110  [02]  28 23
2025-10-11T15:55:20.978937,723.730,can1  110  [02]  28 23
2025-10-11T15:55:21.729708,724.481,can1  100  [03]  8E 8A 05
2025-10-11T15:55:21.737370,724.489,can1  100  [03]  8E 8A 05
2025-10-11T15:55:21.745545,724.497,can1  120  [04]  80 4A 5D 05
2025-10-11T15:55:21.754130,724.506,can1  120  [04]  80 4A 5D 05
2025-10-11T15:55:22.516199,725.268,can1  110  [02]  40 1F
2025-10-11T15:55:22.523819,725.275,can1  110  [02]  40 1F
2025-10-11T15:55:22.531247,725.283,can1  100  [03]  7E 63 05
2025-10-11T15:55:22.539681,725.291,can1  100  [03]  7E 63 05
2025-10-11T15:55:22.547381,725.299,can1  120  [04]  00 B4 C4 04
2025-10-11T15:55:22.555565,725.307,can1  120  [04]  00 B4 C4 04
2025-10-11T15:55:24.154410,726.906,can1  110  [02]  58 1B
2025-10-11T15:55:24.162618,726.914,can1  110  [02]  58 1B
2025-10-11T15:55:24.171912,726.923,can1  100  [03]  6E 3C 05
2025-10-11T15:55:24.179851,726.931,can1  100  [03]  6E 3C 05
2025-10-11T15:55:24.188768,726.940,can1  120  [04]  80 1D 2C 04
2025-10-11T15:55:24.198198,726.950,can1  120  [04]  80 1D 2C 04
2025-10-11T15:55:25.036259,727.788,can1  110  [02]  70 17
2025-10-11T15:55:25.045462,727.797,can1  110  [02]  70 17
2025-10-11T15:55:25.054858,727.806,can1  100  [03]  5E 15 05
2025-10-11T15:55:25.064401,727.816,can1  100  [03]  5E 15 05
2025-10-11T15:55:25.073995,727.825,can1  120  [04]  00 87 93 03
2025-10-11T15:55:25.083557,727.835,can1  120  [04]  00 87 93 03
2025-10-11T15:55:26.668496,729.420,can1  110  [02]  88 13
2025-10-11T15:55:26.676501,729.428,can1  110  [02]  88 13
2025-10-11T15:55:26.684975,729.436,can1  100  [03]  4E EE 04
2025-10-11T15:55:26.693857,729.445,can1  100  [03]  4E EE 04
2025-10-11T15:55:26.703215,729.455,can1  120  [04]  80 F0 FA 02
2025-10-11T15:55:26.711541,729.463,can1  120  [04]  80 F0 FA 02
2025-10-11T15:55:27.452170,730.204,can1  110  [02]  A0 0F
2025-10-11T15:55:27.460169,730.212,can1  110  [02]  A0 0F
2025-10-11T15:55:28.221519,730.973,can1  100  [03]  3E C7 04
2025-10-11T15:55:28.231554,730.983,can1  100  [03]  3E C7 04
2025-10-11T15:55:28.243426,730.995,can1  120  [04]  00 5A 62 02
2025-10-11T15:55:28.313106,731.065,can1  120  [04]  00 5A 62 02
2025-10-11T15:55:29.204783,731.956,can1  110  [02]  B8 0B
2025-10-11T15:55:29.211840,731.963,can1  110  [02]  B8 0B
2025-10-11T15:55:29.222058,731.974,can1  100  [03]  2E A0 04
2025-10-11T15:55:29.232894,731.984,can1  100  [03]  2E A0 04
2025-10-11T15:55:29.244570,731.996,can1  120  [04]  80 C3 C9 01
2025-10-11T15:55:29.255000,732.006,can1  120  [04]  80 C3 C9 01
2025-10-11T15:55:30.181037,732.933,can1  110  [02]  D0 07
2025-10-11T15:55:30.188599,732.940,can1  110  [02]  D0 07
2025-10-11T15:55:30.196404,732.948,can1  100  [03]  1E 79 04
2025-10-11T15:55:30.204949,732.956,can1  100  [03]  1E 79 04
2025-10-11T15:55:31.056750,733.808,can1  120  [04]  00 2D 31 01
2025-10-11T15:55:31.064740,733.816,can1  120  [04]  00 2D 31 01
2025-10-11T15:55:31.826659,734.578,can1  110  [02]  E8 03
2025-10-11T15:55:31.835898,734.587,can1  110  [02]  E8 03
2025-10-11T15:55:31.844881,734.596,can1  100  [03]  0E 52 04
2025-10-11T15:55:31.855227,734.607,can1  100  [03]  0E 52 04
2025-10-11T15:55:31.926156,734.678,can1  120  [04]  80 96 98 00
2025-10-11T15:55:31.949797,734.701,can1  120  [04]  80 96 98 00
2025-10-11T15:55:33.463015,736.214,can1  110  [02]  D0 07
2025-10-11T15:55:33.471304,736.223,can1  110  [02]  D0 07
2025-10-11T15:55:33.480398,736.232,can1  100  [03]  1E 79 04
2025-10-11T15:55:33.489191,736.241,can1  100  [03]  1E 79 04
2025-10-11T15:55:33.497932,736.249,can1  120  [04]  00 2D 31 01
2025-10-11T15:55:33.506596,736.258,can1  120  [04]  00 2D 31 01
2025-10-11T15:55:34.237466,736.989,can1  110  [02]  B8 0B
2025-10-11T15:55:34.246482,736.998,can1  110  [02]  B8 0B
2025-10-11T15:55:34.256236,737.008,can1  100  [03]  2E A0 04
2025-10-11T15:55:34.265696,737.017,can1  100  [03]  2E A0 04
2025-10-11T15:55:34.274304,737.026,can1  120  [04]  80 C3 C9 01
2025-10-11T15:55:34.283475,737.035,can1  120  [04]  80 C3 C9 01
2025-10-11T15:55:35.870778,738.622,can1  110  [02]  A0 0F
2025-10-11T15:55:35.880006,738.631,can1  110  [02]  A0 0F
2025-10-11T15:55:35.890007,738.642,can1  100  [03]  3E C7 04
2025-10-11T15:55:35.900751,738.652,can1  100  [03]  3E C7 04
2025-10-11T15:55:35.972494,738.724,can1  120  [04]  00 5A 62 02
2025-10-11T15:55:35.997116,738.749,can1  120  [04]  00 5A 62 02
2025-10-11T15:55:36.770766,739.522,can1  110  [02]  88 13
2025-10-11T15:55:36.778883,739.530,can1  110  [02]  88 13
2025-10-11T15:55:36.787054,739.539,can1  100  [03]  4E EE 04
2025-10-11T15:55:36.795464,739.547,can1  100  [03]  4E EE 04
2025-10-11T15:55:36.803222,739.555,can1  120  [04]  80 F0 FA 02
2025-10-11T15:55:36.812362,739.564,can1  120  [04]  80 F0 FA 02
2025-10-11T15:55:38.299780,741.051,can1  110  [02]  70 17
2025-10-11T15:55:38.310464,741.062,can1  110  [02]  70 17
2025-10-11T15:55:38.319167,741.071,can1  100  [03]  5E 15 05
2025-10-11T15:55:38.328528,741.080,can1  100  [03]  5E 15 05
2025-10-11T15:55:38.338323,741.090,can1  120  [04]  00 87 93 03
2025-10-11T15:55:38.347794,741.099,can1  120  [04]  00 87 93 03
2025-10-11T15:55:39.721627,742.473,can1  110  [02]  58 1B
2025-10-11T15:55:39.729361,742.481,can1  110  [02]  58 1B
2025-10-11T15:55:39.797316,742.549,can1  100  [03]  6E 3C 05
2025-10-11T15:55:39.806427,742.558,can1  100  [03]  6E 3C 05
2025-10-11T15:55:39.824786,742.576,can1  120  [04]  80 1D 2C 04
2025-10-11T15:55:39.833349,742.585,can1  120  [04]  80 1D 2C 04
2025-10-11T15:55:40.587065,743.339,can1  110  [02]  40 1F
2025-10-11T15:55:40.594508,743.346,can1  110  [02]  40 1F
2025-10-11T15:55:40.603033,743.355,can1  100  [03]  7E 63 05
2025-10-11T15:55:40.611923,743.363,can1  100  [03]  7E 63 05
2025-10-11T15:55:41.354068,744.106,can1  120  [04]  00 B4 C4 04
2025-10-11T15:55:41.361634,744.113,can1  120  [04]  00 B4 C4 04
2025-10-11T15:55:42.125347,744.877,can1  110  [02]  28 23
2025-10-11T15:55:42.132785,744.884,can1  110  [02]  28 23
2025-10-11T15:55:42.140645,744.892,can1  100  [03]  8E 8A 05
2025-10-11T15:55:42.148878,744.900,can1  100  [03]  8E 8A 05
2025-10-11T15:55:42.158065,744.910,can1  120  [04]  80 4A 5D 05
2025-10-11T15:55:42.166390,744.918,can1  120  [04]  80 4A 5D 05
2025-10-11T15:55:42.903814,745.655,can1  110  [02]  40 1F
2025-10-11T15:55:42.911851,745.663,can1  110  [02]  40 1F
2025-10-11T15:55:43.676720,746.428,can1  100  [03]  7E 63 05
2025-10-11T15:55:43.684639,746.436,can1  100  [03]  7E 63 05
2025-10-11T15:55:43.693662,746.445,can1  120  [04]  00 B4 C4 04
2025-10-11T15:55:43.702174,746.454,can1  120  [04]  00 B4 C4 04
2025-10-11T15:55:44.450269,747.202,can1  110  [02]  58 1B
2025-10-11T15:55:44.458026,747.210,can1  110  [02]  58 1B
2025-10-11T15:55:44.466576,747.218,can1  100  [03]  6E 3C 05
2025-10-11T15:55:44.476330,747.228,can1  100  [03]  6E 3C 05
2025-10-11T15:55:44.485634,747.237,can1  120  [04]  80 1D 2C 04
2025-10-11T15:55:44.496297,747.248,can1  120  [04]  80 1D 2C 04
2025-10-11T15:55:45.999264,748.751,can1  110  [02]  70 17
2025-10-11T15:55:46.006997,748.758,can1  110  [02]  70 17
2025-10-11T15:55:46.015158,748.767,can1  100  [03]  5E 15 05
2025-10-11T15:55:46.023874,748.775,can1  100  [03]  5E 15 05
2025-10-11T15:55:46.033640,748.785,can1  120  [04]  00 87 93 03
2025-10-11T15:55:46.042960,748.794,can1  120  [04]  00 87 93 03
2025-10-11T15:55:46.784087,749.536,can1  110  [02]  88 13
2025-10-11T15:55:46.792967,749.544,can1  110  [02]  88 13
2025-10-11T15:55:46.802494,749.554,can1  100  [03]  4E EE 04
2025-10-11T15:55:46.812113,749.564,can1  100  [03]  4E EE 04
2025-10-11T15:55:47.538164,750.290,can1  120  [04]  80 F0 FA 02
2025-10-11T15:55:47.545545,750.297,can1  120  [04]  80 F0 FA 02
2025-10-11T15:55:48.313052,751.065,can1  110  [02]  A0 0F
2025-10-11T15:55:48.320217,751.072,can1  110  [02]  A0 0F
2025-10-11T15:55:48.329560,751.081,can1  100  [03]  3E C7 04
2025-10-11T15:55:48.338079,751.090,can1  100  [03]  3E C7 04
2025-10-11T15:55:48.346950,751.098,can1  120  [04]  00 5A 62 02
2025-10-11T15:55:48.356625,751.108,can1  120  [04]  00 5A 62 02
2025-10-11T15:55:49.751637,752.503,can1  110  [02]  B8 0B
2025-10-11T15:55:49.760162,752.512,can1  110  [02]  B8 0B
2025-10-11T15:55:49.768809,752.520,can1  100  [03]  2E A0 04
2025-10-11T15:55:49.778665,752.530,can1  100  [03]  2E A0 04
2025-10-11T15:55:49.788623,752.540,can1  120  [04]  80 C3 C9 01
2025-10-11T15:55:49.798007,752.549,can1  120  [04]  80 C3 C9 01
2025-10-11T15:55:50.620670,753.372,can1  110  [02]  D0 07
2025-10-11T15:55:50.628433,753.380,can1  110  [02]  D0 07
2025-10-11T15:55:50.636114,753.388,can1  100  [03]  1E 79 04
2025-10-11T15:55:50.646458,753.398,can1  100  [03]  1E 79 04
2025-10-11T15:55:50.655236,753.407,can1  120  [04]  00 2D 31 01
2025-10-11T15:55:50.664168,753.416,can1  120  [04]  00 2D 31 01
2025-10-11T15:55:52.043905,754.795,can1  110  [02]  E8 03
2025-10-11T15:55:52.051492,754.803,can1  110  [02]  E8 03
2025-10-11T15:55:52.060327,754.812,can1  100  [03]  0E 52 04
2025-10-11T15:55:52.068469,754.820,can1  100  [03]  0E 52 04
2025-10-11T15:55:52.076879,754.828,can1  120  [04]  80 96 98 00
2025-10-11T15:55:52.092289,754.844,can1  120  [04]  80 96 98 00
2025-10-11T15:55:53.464722,756.216,can1  110  [02]  D0 07
2025-10-11T15:55:53.472154,756.224,can1  110  [02]  D0 07
2025-10-11T15:55:53.480881,756.232,can1  100  [03]  1E 79 04
2025-10-11T15:55:53.490271,756.242,can1  100  [03]  1E 79 04
2025-10-11T15:55:53.499524,756.251,can1  120  [04]  00 2D 31 01
2025-10-11T15:55:53.509853,756.261,can1  120  [04]  00 2D 31 01
2025-10-11T15:55:54.247232,756.999,can1  110  [02]  B8 0B
2025-10-11T15:55:54.258535,757.010,can1  110  [02]  B8 0B
2025-10-11T15:55:54.267331,757.019,can1  100  [03]  2E A0 04
2025-10-11T15:55:54.277511,757.029,can1  100  [03]  2E A0 04
2025-10-11T15:55:54.286677,757.038,can1  120  [04]  80 C3 C9 01
2025-10-11T15:55:54.295244,757.047,can1  120  [04]  80 C3 C9 01
2025-10-11T15:55:55.779865,758.531,can1  110  [02]  A0 0F
2025-10-11T15:55:55.787371,758.539,can1  110  [02]  A0 0F
2025-10-11T15:55:55.795558,758.547,can1  100  [03]  3E C7 04
2025-10-11T15:55:55.804370,758.556,can1  100  [03]  3E C7 04
2025-10-11T15:55:55.813251,758.565,can1  120  [04]  00 5A 62 02
2025-10-11T15:55:55.829110,758.581,can1  120  [04]  00 5A 62 02
2025-10-11T15:55:57.202018,759.954,can1  110  [02]  88 13
2025-10-11T15:55:57.210179,759.962,can1  110  [02]  88 13
2025-10-11T15:55:57.219271,759.971,can1  100  [03]  4E EE 04
2025-10-11T15:55:57.227773,759.979,can1  100  [03]  4E EE 04
2025-10-11T15:55:57.235876,759.987,can1  120  [04]  80 F0 FA 02
2025-10-11T15:55:57.301906,760.053,can1  120  [04]  80 F0 FA 02
2025-10-11T15:55:58.070144,760.822,can1  110  [02]  70 17
2025-10-11T15:55:58.078108,760.830,can1  110  [02]  70 17
2025-10-11T15:55:58.086458,760.838,can1  100  [03]  5E 15 05
2025-10-11T15:55:58.095996,760.847,can1  100  [03]  5E 15 05
2025-10-11T15:55:58.943520,761.695,can1  120  [04]  00 87 93 03
2025-10-11T15:55:58.951423,761.703,can1  120  [04]  00 87 93 03
2025-10-11T15:55:59.711008,762.462,can1  110  [02]  58 1B
2025-10-11T15:55:59.718978,762.470,can1  110  [02]  58 1B
2025-10-11T15:55:59.727848,762.479,can1  100  [03]  6E 3C 05
2025-10-11T15:55:59.736869,762.488,can1  100  [03]  6E 3C 05
2025-10-11T15:55:59.746609,762.498,can1  120  [04]  80 1D 2C 04
2025-10-11T15:55:59.755831,762.507,can1  120  [04]  80 1D 2C 04
2025-10-11T15:56:01.244219,763.996,can1  110  [02]  40 1F
2025-10-11T15:56:01.254031,764.006,can1  110  [02]  40 1F
2025-10-11T15:56:01.263350,764.015,can1  100  [03]  7E 63 05
2025-10-11T15:56:01.273210,764.025,can1  100  [03]  7E 63 05
2025-10-11T15:56:01.340839,764.092,can1  120  [04]  00 B4 C4 04
2025-10-11T15:56:01.351220,764.103,can1  120  [04]  00 B4 C4 04
2025-10-11T15:56:02.129657,764.881,can1  110  [02]  28 23
2025-10-11T15:56:02.137315,764.889,can1  110  [02]  28 23
2025-10-11T15:56:02.146439,764.898,can1  100  [03]  8E 8A 05
2025-10-11T15:56:02.155780,764.907,can1  100  [03]  8E 8A 05
2025-10-11T15:56:02.164004,764.915,can1  120  [04]  80 4A 5D 05
2025-10-11T15:56:02.172643,764.924,can1  120  [04]  80 4A 5D 05
2025-10-11T15:56:03.652619,766.404,can1  110  [02]  40 1F
2025-10-11T15:56:03.660035,766.412,can1  110  [02]  40 1F
2025-10-11T15:56:03.668222,766.420,can1  100  [03]  7E 63 05
2025-10-11T15:56:03.676398,766.428,can1  100  [03]  7E 63 05
2025-10-11T15:56:03.684533,766.436,can1  120  [04]  00 B4 C4 04
2025-10-11T15:56:03.695401,766.447,can1  120  [04]  00 B4 C4 04
2025-10-11T15:56:04.421162,767.173,can1  110  [02]  58 1B
2025-10-11T15:56:04.429679,767.181,can1  110  [02]  58 1B
2025-10-11T15:56:04.439370,767.191,can1  100  [03]  6E 3C 05
2025-10-11T15:56:04.447637,767.199,can1  100  [03]  6E 3C 05
2025-10-11T15:56:05.190245,767.942,can1  120  [04]  80 1D 2C 04
2025-10-11T15:56:05.198134,767.950,can1  120  [04]  80 1D 2C 04
2025-10-11T15:56:05.950884,768.702,can1  110  [02]  70 17
2025-10-11T15:56:05.958891,768.710,can1  110  [02]  70 17
2025-10-11T15:56:05.967359,768.719,can1  100  [03]  5E 15 05
2025-10-11T15:56:05.976653,768.728,can1  100  [03]  5E 15 05
2025-10-11T15:56:05.984366,768.736,can1  120  [04]  00 87 93 03
2025-10-11T15:56:05.995417,768.747,can1  120  [04]  00 87 93 03
2025-10-11T15:56:07.503399,770.255,can1  110  [02]  88 13
2025-10-11T15:56:07.510962,770.262,can1  110  [02]  88 13
2025-10-11T15:56:07.519391,770.271,can1  100  [03]  4E EE 04
2025-10-11T15:56:07.527950,770.279,can1  100  [03]  4E EE 04
2025-10-11T15:56:07.537350,770.289,can1  120  [04]  80 F0 FA 02
2025-10-11T15:56:07.546356,770.298,can1  120  [04]  80 F0 FA 02
2025-10-11T15:56:08.272713,771.024,can1  110  [02]  A0 0F
2025-10-11T15:56:08.281231,771.033,can1  110  [02]  A0 0F
2025-10-11T15:56:08.290335,771.042,can1  100  [03]  3E C7 04
2025-10-11T15:56:08.359071,771.111,can1  100  [03]  3E C7 04
2025-10-11T15:56:08.370499,771.122,can1  120  [04]  00 5A 62 02
2025-10-11T15:56:08.390306,771.142,can1  120  [04]  00 5A 62 02
2025-10-11T15:56:09.924840,772.676,can1  110  [02]  B8 0B
2025-10-11T15:56:09.932919,772.684,can1  110  [02]  B8 0B
2025-10-11T15:56:09.942101,772.694,can1  100  [03]  2E A0 04
2025-10-11T15:56:09.950848,772.702,can1  100  [03]  2E A0 04
2025-10-11T15:56:09.960279,772.712,can1  120  [04]  80 C3 C9 01
2025-10-11T15:56:09.968789,772.720,can1  120  [04]  80 C3 C9 01
2025-10-11T15:56:10.687327,773.439,can1  110  [02]  D0 07
2025-10-11T15:56:10.695752,773.447,can1  110  [02]  D0 07
2025-10-11T15:56:11.458570,774.210,can1  100  [03]  1E 79 04
2025-10-11T15:56:11.466939,774.218,can1  100  [03]  1E 79 04
2025-10-11T15:56:11.476508,774.228,can1  120  [04]  00 2D 31 01
2025-10-11T15:56:11.485605,774.237,can1  120  [04]  00 2D 31 01
2025-10-11T15:56:12.222137,774.974,can1  110  [02]  E8 03
2025-10-11T15:56:12.230462,774.982,can1  110  [02]  E8 03
2025-10-11T15:56:12.295960,775.047,can1  100  [03]  0E 52 04
2025-10-11T15:56:12.306675,775.058,can1  100  [03]  0E 52 04
2025-10-11T15:56:12.330905,775.082,can1  120  [04]  80 96 98 00
2025-10-11T15:56:12.340713,775.092,can1  120  [04]  80 96 98 00
2025-10-11T15:56:13.748865,776.500,can1  110  [02]  D0 07
2025-10-11T15:56:13.756909,776.508,can1  110  [02]  D0 07
2025-10-11T15:56:13.765412,776.517,can1  100  [03]  1E 79 04
2025-10-11T15:56:13.774328,776.526,can1  100  [03]  1E 79 04
2025-10-11T15:56:13.782280,776.534,can1  120  [04]  00 2D 31 01
2025-10-11T15:56:13.791735,776.543,can1  120  [04]  00 2D 31 01
2025-10-11T15:56:15.170909,777.922,can1  110  [02]  B8 0B
2025-10-11T15:56:15.180448,777.932,can1  110  [02]  B8 0B
2025-10-11T15:56:15.190804,777.942,can1  100  [03]  2E A0 04
2025-10-11T15:56:15.199798,777.951,can1  100  [03]  2E A0 04
2025-10-11T15:56:15.209363,777.961,can1  120  [04]  80 C3 C9 01
2025-10-11T15:56:15.218288,777.970,can1  120  [04]  80 C3 C9 01
2025-10-11T15:56:16.039661,778.791,can1  110  [02]  A0 0F
2025-10-11T15:56:16.048507,778.800,can1  110  [02]  A0 0F
2025-10-11T15:56:16.058268,778.810,can1  100  [03]  3E C7 04
2025-10-11T15:56:16.066796,778.818,can1  100  [03]  3E C7 04
2025-10-11T15:56:16.804682,779.556,can1  120  [04]  00 5A 62 02
2025-10-11T15:56:16.819614,779.571,can1  120  [04]  00 5A 62 02
2025-10-11T15:56:17.684492,780.436,can1  110  [02]  88 13
2025-10-11T15:56:17.692855,780.444,can1  110  [02]  88 13
2025-10-11T15:56:17.702347,780.454,can1  100  [03]  4E EE 04
2025-10-11T15:56:17.712803,780.464,can1  100  [03]  4E EE 04
2025-10-11T15:56:17.721932,780.473,can1  120  [04]  80 F0 FA 02
2025-10-11T15:56:17.731194,780.483,can1  120  [04]  80 F0 FA 02
2025-10-11T15:56:18.571799,781.323,can1  110  [02]  70 17
2025-10-11T15:56:18.581116,781.333,can1  110  [02]  70 17
2025-10-11T15:56:19.358717,782.110,can1  100  [03]  5E 15 05
2025-10-11T15:56:19.369201,782.121,can1  100  [03]  5E 15 05
2025-10-11T15:56:19.381019,782.133,can1  120  [04]  00 87 93 03
2025-10-11T15:56:19.392186,782.144,can1  120  [04]  00 87 93 03
2025-10-11T15:56:20.124531,782.876,can1  110  [02]  58 1B
2025-10-11T15:56:20.133414,782.885,can1  110  [02]  58 1B
2025-10-11T15:56:20.144827,782.896,can1  100  [03]  6E 3C 05
2025-10-11T15:56:20.154349,782.906,can1  100  [03]  6E 3C 05
2025-10-11T15:56:20.165315,782.917,can1  120  [04]  80 1D 2C 04
2025-10-11T15:56:20.176083,782.928,can1  120  [04]  80 1D 2C 04
2025-10-11T15:56:21.108224,783.860,can1  110  [02]  40 1F
2025-10-11T15:56:21.119057,783.871,can1  110  [02]  40 1F
2025-10-11T15:56:21.870279,784.622,can1  100  [03]  7E 63 05
2025-10-11T15:56:21.877987,784.629,can1  100  [03]  7E 63 05
2025-10-11T15:56:21.886658,784.638,can1  120  [04]  00 B4 C4 04
2025-10-11T15:56:21.895682,784.647,can1  120  [04]  00 B4 C4 04
2025-10-11T15:56:22.654707,785.406,can1  110  [02]  28 23
2025-10-11T15:56:22.663200,785.415,can1  110  [02]  28 23
2025-10-11T15:56:22.672747,785.424,can1  100  [03]  8E 8A 05
2025-10-11T15:56:22.682263,785.434,can1  100  [03]  8E 8A 05
2025-10-11T15:56:23.545152,786.297,can1  120  [04]  80 4A 5D 05
2025-10-11T15:56:23.553378,786.305,can1  120  [04]  80 4A 5D 05
2025-10-11T15:56:24.323726,787.075,can1  110  [02]  40 1F
2025-10-11T15:56:24.332703,787.084,can1  110  [02]  40 1F
2025-10-11T15:56:24.343366,787.095,can1  100  [03]  7E 63 05
2025-10-11T15:56:24.410692,787.162,can1  100  [03]  7E 63 05
2025-10-11T15:56:24.433836,787.185,can1  120  [04]  00 B4 C4 04
2025-10-11T15:56:24.443270,787.195,can1  120  [04]  00 B4 C4 04
2025-10-11T15:56:25.199154,787.951,can1  110  [02]  58 1B
2025-10-11T15:56:25.209150,787.961,can1  110  [02]  58 1B
2025-10-11T15:56:25.219244,787.971,can1  100  [03]  6E 3C 05
2025-10-11T15:56:25.229426,787.981,can1  100  [03]  6E 3C 05
2025-10-11T15:56:25.965471,788.717,can1  120  [04]  80 1D 2C 04
2025-10-11T15:56:25.973271,788.725,can1  120  [04]  80 1D 2C 04
2025-10-11T15:56:26.840935,789.592,can1  110  [02]  70 17
2025-10-11T15:56:26.849669,789.601,can1  110  [02]  70 17
2025-10-11T15:56:26.858939,789.610,can1  100  [03]  5E 15 05
2025-10-11T15:56:26.868026,789.620,can1  100  [03]  5E 15 05
2025-10-11T15:56:26.877666,789.629,can1  120  [04]  00 87 93 03
2025-10-11T15:56:26.894991,789.646,can1  120  [04]  00 87 93 03
2025-10-11T15:56:27.641382,790.393,can1  110  [02]  88 13
2025-10-11T15:56:27.660784,790.412,can1  110  [02]  88 13
2025-10-11T15:56:28.386579,791.138,can1  100  [03]  4E EE 04
2025-10-11T15:56:28.394274,791.146,can1  100  [03]  4E EE 04
2025-10-11T15:56:28.403219,791.155,can1  120  [04]  80 F0 FA 02
2025-10-11T15:56:28.412900,791.164,can1  120  [04]  80 F0 FA 02
2025-10-11T15:56:29.168368,791.920,can1  110  [02]  A0 0F
2025-10-11T15:56:29.175932,791.927,can1  110  [02]  A0 0F
2025-10-11T15:56:29.185655,791.937,can1  100  [03]  3E C7 04
2025-10-11T15:56:29.196683,791.948,can1  100  [03]  3E C7 04
2025-10-11T15:56:29.934930,792.686,can1  120  [04]  00 5A 62 02
2025-10-11T15:56:29.943723,792.695,can1  120  [04]  00 5A 62 02
2025-10-11T15:56:30.715867,793.467,can1  110  [02]  B8 0B
2025-10-11T15:56:30.723048,793.475,can1  110  [02]  B8 0B
2025-10-11T15:56:30.732408,793.484,can1  100  [03]  2E A0 04
2025-10-11T15:56:30.742406,793.494,can1  100  [03]  2E A0 04
2025-10-11T15:56:30.751473,793.503,can1  120  [04]  80 C3 C9 01
2025-10-11T15:56:30.819769,793.571,can1  120  [04]  80 C3 C9 01
2025-10-11T15:56:32.253977,795.005,can1  110  [02]  D0 07
2025-10-11T15:56:32.263443,795.015,can1  110  [02]  D0 07
2025-10-11T15:56:32.288539,795.040,can1  100  [03]  1E 79 04
2025-10-11T15:56:32.297483,795.049,can1  100  [03]  1E 79 04
2025-10-11T15:56:32.306655,795.058,can1  120  [04]  00 2D 31 01
2025-10-11T15:56:32.315265,795.067,can1  120  [04]  00 2D 31 01
2025-10-11T15:56:33.006127,795.758,can1  110  [02]  E8 03
2025-10-11T15:56:33.014526,795.766,can1  110  [02]  E8 03
2025-10-11T15:56:33.024404,795.776,can1  100  [03]  0E 52 04
2025-10-11T15:56:33.033545,795.785,can1  100  [03]  0E 52 04
2025-10-11T15:56:33.046076,795.798,can1  120  [04]  80 96 98 00
2025-10-11T15:56:33.056574,795.808,can1  120  [04]  80 96 98 00
2025-10-11T15:56:34.545047,797.297,can1  110  [02]  D0 07
2025-10-11T15:56:34.553482,797.305,can1  110  [02]  D0 07
2025-10-11T15:56:34.627826,797.379,can1  100  [03]  1E 79 04
2025-10-11T15:56:34.639716,797.391,can1  100  [03]  1E 79 04
2025-10-11T15:56:34.668132,797.420,can1  120  [04]  00 2D 31 01
2025-10-11T15:56:34.680519,797.432,can1  120  [04]  00 2D 31 01
2025-10-11T15:56:35.550364,798.302,can1  110  [02]  B8 0B
2025-10-11T15:56:35.561131,798.313,can1  110  [02]  B8 0B
2025-10-11T15:56:35.571125,798.323,can1  100  [03]  2E A0 04
2025-10-11T15:56:35.582497,798.334,can1  100  [03]  2E A0 04
2025-10-11T15:56:35.592834,798.344,can1  120  [04]  80 C3 C9 01
2025-10-11T15:56:35.601968,798.353,can1  120  [04]  80 C3 C9 01
2025-10-11T15:56:36.767433,799.519,can1  110  [02]  A0 0F
2025-10-11T15:56:36.778045,799.530,can1  110  [02]  A0 0F
2025-10-11T15:56:36.792138,799.544,can1  100  [03]  3E C7 04
2025-10-11T15:56:36.803720,799.555,can1  100  [03]  3E C7 04
2025-10-11T15:56:37.307383,800.059,can1  120  [04]  00 5A 62 02
2025-10-11T15:56:37.315559,800.067,can1  120  [04]  00 5A 62 02
2025-10-11T15:56:37.872651,800.624,can1  110  [02]  88 13
2025-10-11T15:56:37.881241,800.633,can1  110  [02]  88 13
2025-10-11T15:56:38.426706,801.178,can1  100  [03]  4E EE 04
2025-10-11T15:56:38.436039,801.188,can1  100  [03]  4E EE 04
2025-10-11T15:56:38.445994,801.197,can1  120  [04]  80 F0 FA 02
2025-10-11T15:56:38.455251,801.207,can1  120  [04]  80 F0 FA 02
2025-10-11T15:56:39.418639,802.170,can1  110  [02]  70 17
2025-10-11T15:56:39.427438,802.179,can1  110  [02]  70 17
2025-10-11T15:56:39.863653,802.615,can1  100  [03]  5E 15 05
2025-10-11T15:56:39.872724,802.624,can1  100  [03]  5E 15 05
2025-10-11T15:56:39.881073,802.633,can1  120  [04]  00 87 93 03
2025-10-11T15:56:39.890714,802.642,can1  120  [04]  00 87 93 03
2025-10-11T15:56:40.955366,803.707,can1  110  [02]  58 1B
2025-10-11T15:56:40.964547,803.716,can1  110  [02]  58 1B
2025-10-11T15:56:40.974007,803.725,can1  100  [03]  6E 3C 05
2025-10-11T15:56:40.987183,803.739,can1  100  [03]  6E 3C 05
2025-10-11T15:56:41.012811,803.765,can1  120  [04]  80 1D 2C 04
2025-10-11T15:56:41.023035,803.775,can1  120  [04]  80 1D 2C 04
