Timestamp,Elapsed_Time_s,CAN_Message
2025-10-16T21:03:36.872452,3.032,can1  222  [64]  F1 92 F1 EC 59 D2 A6 61 BB 7E 36 92 92 9A F8 5A F8 6F 8B 21 E2 31 F9 A3 67 44 3D 11 BC 6C 9C 04 74 F8 3D 0E FF 04 E3 BF 73 3F 6E 6B E6 E4 8F 6D BA 0B DA 80 CF 96 0B 7D B0 A4 8D 88 B1 CC 52 C7
2025-10-16T21:03:36.875711,3.036,can1  222  [64]  B4 96 D1 3B 63 7E 9F 06 0F 78 B7 93 5A B4 1E FF 3A 32 B6 50 13 C2 18 5C 2F 57 AA 10 E2 22 AD BE A4 B6 3A A0 B2 43 5F C4 8E 13 51 CA 0A 21 C0 4C 0B 3E 52 A8 44 E5 D5 6D 0D 94 A2 9F 07 FC 75 C7
2025-10-16T21:03:36.878759,3.039,can1  222  [64]  3E 16 E5 B7 3D EC 66 1B BA 44 66 3D C5 BB B1 0F C5 7D DE E1 37 2D 29 E1 4F B6 9D A9 5F 97 36 25 0B 85 F5 9C 2C 78 C4 7E C3 A0 1F 04 88 14 28 9B 06 EA 9E E3 57 D9 AD AA 66 D9 30 3E B8 F4 37 61
2025-10-16T21:03:36.881560,3.041,can1  222  [64]  16 AE E4 DE A2 1E A3 39 A4 FD DF 24 FE 3E 28 DF A1 04 44 8B 80 A3 F2 1B BB B2 32 16 1C 44 C4 14 75 69 CA 9A F5 1D 29 17 A4 31 01 13 CD CC 18 CE 38 CE AB 40 C6 16 EA FC 07 7F 2A F4 9C 08 D9 27
2025-10-16T21:03:36.885999,3.046,can1  222  [64]  07 E4 54 B9 F3 79 4E 49 B5 7E 6D 5B E9 1C EE A1 30 ED 60 FD 25 8A A7 48 5A 09 91 4A 22 78 F4 9F 2C 05 2C 5D 16 5F 4E F3 E2 2E E9 08 FC B7 41 57 5A 99 86 71 E2 2D
2025-10-16T21:03:36.888408,3.048,6A 6D 61 5B 56 D0 AC D8 DF B9
2025-10-16T21:03:36.888798,3.049,can1  222  [64]  13 E6 FC D3 C4 DE 15 18 B9 B3 99 61 9D 36 CA 61 B3 82 FE BD E7 BE 93 59 59 1D E4 7D 6E A3 EE ED A3 B6 88 35 A3 0C 13 AD D0 1D 47 3C 82 2B A8 4C FE 18 D7 2E B1 34 33 7C F4 D3 BE F9 34 F1 46 D3
2025-10-16T21:03:36.892290,3.052,can1  222  [64]  08 17 4E 13 65 51 6C 59 67 68 46 4D 1A 9A 19 F8 8D 4B C3 AB 45 E3 99 86 3E 19 14 B2 70 FE C9 04 8F 9B 81 08 12 68 BF F8 37 40 C7 EB C8 E0 EC 84 0F 20 34 CE DB 2E 5B D8 EA A6 12 C1 F4 C9 1B 28
2025-10-16T21:03:36.895021,3.055,can1  222  [64]  F7 AB B3 F1 20 D7 6E 13 18 4E 18 07 40 89 CC 0A 04 0D 9E 44 2E 3D 13 90 47 3C D3 81 03 25 66 42 F0 5C 31 70 54 DF 6E E3 E0 8E 08 E6 FE 46 E5 4B CA 5E A7 6A 20 1A 7C 56 E1 05 82 99 6D 03 45 AF
2025-10-16T21:03:36.898038,3.058,can1  222  [64]  6D 1F D4 DC 13 C3 2E 2D EB E0 08 72 CD AC 4B F6 38 25 FA 2E E8 B3 9D 65 A2 EF FB 7D C9 1E FC 60 D7 C2 83 80 A5 34 47 F7 75 8C 34 10 19 2C 44 77 44 08 A8 9D C5 3B 43 D1 4F 5A 5A D1 85 FE 45 01
2025-10-16T21:03:36.902649,3.062,can1  222  [64]  09 DB 20 3A 6A 7C 1D 9E 64 24 E7 58 F7 E9 6C 1F 19 BC A6 19 16 18 6A 7F 17 71 B9 61 BF 80 FC 13 78 DF 3A 11 0A 08 61 A5 9D C6 6F D
2025-10-16T21:03:37.745323,3.905,9 74 D2 54 7B 94 A3 4C A4 E6 F6 83 22 7C F6 44 94 D6 7B 42 DE
2025-10-16T21:03:37.746606,3.906,can1  222  [64]  EA 45 BF 4B E1 7F AD FD A2 3E A8 6E 6A 1C DB B9 F2 52 C8 8F DD 44 A8 BB 2B 22 7E 6C 68 20 79 C6 3F D1 B9 40 E0 79 83 8F 6A 68 02 1A 50 4F 5B C3 B8 6F F6 88 8B 55 40 C6 F1 20 84 66 D7 E1 14 9F
2025-10-16T21:03:37.750842,3.911,can1  222  [64]  23 8D BB F6 49 A3 4A 60 E4 E0 B7 4E B4 A9 90 1B EC 03 DD 39 C0 8F 94 8B 5B D7 C4 91 E5 E2 B0 83 06 F2 39 73 1F A6 83 16 0A 44 B8 35 89 BE DD 75 D7 14 DA FD D8 06 9D 0D E5 A1 A5 42 1B FF 43 8C
2025-10-16T21:03:37.753551,3.913,can1  222  [64]  79 7A 75 B7 88 E9 C9 56 6D 9F AD 38 FF B4 14 40 97 A4 89 30 33 E3 C7 2F 6C AE 16 6B 6D CD 82 6A A0 F4 D3 0F FA C2 19 B9 45 2E 63 90 47 D8 BB DD EC A4 FF AC E1 6D BA B7 F1 DB 57 0E ED CE 92 E8
2025-10-16T21:03:37.756597,3.916,can1  222  [64]  C3 8D C2 A7 3F 58 8C ED 59 14 40 76 03 EC 63 6B D9 92 C2 5F 4F C8 CE 64 F4 43 E0 10 DE 46 D1 EC 5B 3D 35 2C B0 AB C7 35 45 13 5D DA 74 C7 D7 B1 84 94 21 93 D8 AC 4C 7F B4 FE FD E8 7F 77 0F 2D
2025-10-16T21:03:37.759708,3.920,can1  222  [64]  36 36 CA 6F 98 AA CF 86 30 78 99 3D 21 B2 84 35 DF 42 9C 1B 60 B1 2E B4 9F D0 8B 36 EA B4 A8 A2 22
2025-10-16T21:03:37.762726,3.923,80 DA 7F 9C 1B C8 E7 AD 28 97 FE D2 E1 5A DF 8C 41 A8 AF 22 0E 87 E9 9B 6F AB 2E 60 44 C4 3E
2025-10-16T21:03:37.764556,3.924,can1  222  [64]  4B EA F0 1F 5F 5F 71 6C AA 08 95 58 19 97 37 4D 5A 74 BC E2 18 7E 4B 50 4F 1A 5D CB 21 E7 A0 D7 62 F0 96 CA DB 58 8F 6A F5 8F 89 5B 70 15 2D 1C 6D 9B 0E 24 96 63 B5 54 FA 70 8C 21 09 B4 94 97
2025-10-16T21:03:37.769735,3.930,can1  222  [64]  B1 E8 F2 1C 70 DE 34 EF E3 DE 7F 87 B7 EB 4C DC B3 AB 3C 75 9C 5F EF 21 8A 1C 13 F1 BA 80 E1 CD F3 FF D0 75 2D 1D 55 F2 97 E6 05 1A 4B 39 4C E5 E7 93 DA 76 74 32 7D 29 A7 93 76 16 B3 49 BA 3B
2025-10-16T21:03:37.772723,3.933,can1  222  [64]  71 72 7C BB 9D 4D B3 81 84 2B D1 D6 7F 60 89 BB 01 AD 7C 2F 4B 18 4D FB 7E 69 57 F2 89 B5 39 36 89 85 3F B0 39 84 43 CE 0E 80 C5 3F F8 17 86 2B ED 61 A6 C1 C2 36 BC 9B CA 27 30 9B 2F 58 0B 5F
2025-10-16T21:03:37.774954,3.935,can1  222  [64]  18 3E DC 36 06 43 22 07 A9 D5 9A 4E 22 FB B4 F0 DC B8 3A E3 5E D5 CA 2A E2 3B D8 AC E9 B6 21 E2 F8 53 0A 3B 10 B1 A6 34 9C D5 43 3C 89 43 3B 55 ED BA BC 49 B1 AD 77 F2 93 80 94 6A FD 76 82 A1
2025-10-16T21:03:37.777877,3.938,can1  222  [64]  39 FD A9 83 A1 FC FD 63 F9 02 72 59 4A D5 92 B6 77 48 61 1B D9 0B 73
2025-10-16T21:03:37.780844,3.941,A7 8F 88 C1 0B 7D 12 B0 41 D6 FA 8C C4 ED 13 50 94 62 63 A3 AD 98 AE CE D3 4A A4 54 E7 B1 D0 BF 29 03 5E A3 29 74 3C 0F 44
2025-10-16T21:03:37.783131,3.943,can1  222  [64]  88 27 DE CF D8 BE 4F F1 B8 8E 45 32 93 E3 0B 5C 74 ED EC DE D3 90 56 C4 22 BD 56 07 B3 BD 53 8D C2 D3 36 DB A4 E5 7F 38 CF 7B C8 13 A9 88 50 76 7C D9 73 4C 57 8F 1C F2 FB 63 3E 42 13 84 D1 BF
2025-10-16T21:03:37.786156,3.946,can1  222  [64]  CC 6C E5 9A FC 6C 28 F2 D0 EC 43 26 B0 4A B6 E1 78 B2 50 9C 97 EB AA A4 EC CC 66 BA CA D2 44 58 DC 08 34 FD B4 63 F9 6D 53 52 D7 9F C4 54 F8 38 8B 04 76 57 3E 64 C4 F0 4A BA 81 63 D2 D8 2D 1B
2025-10-16T21:03:37.788718,3.949,can1  222  [64]  0B 03 08 AA 7C 34 EE 1B 8E 78 B9 A6 09 74 83 9E F4 0E BB 30 31 93 87 2E 1D 54 66 10 D7 07 9C 49 B2 3B E5 C0 F0 3A 36 56 EE 3B C4 6D 09 C4 27 35 E6 C0 58 39 77 CF C7 25 54 76 08 5B B9 38 51 5D
2025-10-16T21:03:37.791866,3.952,can1  222  [64]  19 B1 32 6C 1A 32 B5 C9 28 32 43 CB 71 74 BE 37 14 43 C2 1D 58 80 12 6E 44 FD 53 18 8F 5E 02 43 A7 85 51 0B 41 37 42 5A 0B E1 A5 37 8C C7 E1 FA 48 29 9A 8F 53 DC 71 6D 9E C9 11 E5 49 6F 3E 17
2025-10-16T21:03:37.794563,3.954,can1  222  [64]  76 44 8C 67 8F E8 9F A1 AC F8 ED 5C 2
2025-10-16T21:03:37.797184,3.957,D 61 A1 D5 D3 D0 1D 9B 4A DF D7 8F 43 CB D0 07 B7 4F 3B C4 31 D8 FD ED 55 4A 37 A3 32 01 F1 F5 4A DA 80 F4 20 5D 09 9B F0 B4 F5 8B 61 91 44 BA B5 10 54 51
2025-10-16T21:03:37.799298,3.959,can1  222  [64]  9B 50 D8 5C 54 0E 15 7E F4 A8 DA 7B DC B4 3E 4E 2E 46 98 64 8D CA 48 CB B8 13 78 E7 A1 32 BA 36 D5 14 8D 0C DE 4D ED B5 8E D0 E8 62 86 83 2B 0D C3 42 A9 DB 79 2C 48 14 4F E9 1E 52 F5 EF E5 48
2025-10-16T21:03:37.802132,3.962,can1  222  [64]  2B 7C 11 3A 84 ED 49 FC DA 3A 76 7F 9C E8 E7 B4 71 89 79 FE B7 3F 81 16 E8 BA 61 86 0F 39 E5 FC 4F 50 65 A7 2A 24 4D 10 47 34 B9 CF 48 8F 9F 55 D5 72 15 98 68 47 1A 48 50 A7 AF AC 8B 91 F8 61
2025-10-16T21:03:37.804825,3.965,can1  222  [64]  A6 27 34 F4 8B 6A 5F 9F 9E D3 C2 2D 60 CF 6F 03 06 03 D7 69 9C D2 66 D2 56 0C 6D 24 3F D5 27 7C 52 35 B9 31 21 B3 5D 59 A5 6C 36 DA 69 F2 04 D6 22 A1 84 3A C9 23 E9 1C CC 0B CA B2 A3 6E 9B 35
2025-10-16T21:03:37.807675,3.967,can1  222  [64]  0C A2 CA FE 9C E8 22 3A CD 5B D2 3F DA E2 4A D4 D8 2E B7 56 88 4B A1 DB 72 B4 32 E6 39 BC 91 EA 34 53 E3 04 1F BE F6 95 A8 C6 20 62 5B EA 43 C0 E5 D7 D3 F4 4F C1 AB 0D 52 FC 3F 67 63 17 F8 14
2025-10-16T21:03:37.811115,3.971,can1  222  [64]  18 6A
2025-10-16T21:03:37.813926,3.974,7B DC 9A 20 17 31 B1 70 FF 01 FF 0B 89 E2 31 FE 69 F6 73 A0 A1 B1 98 B7 35 30 70 79 A5 9A 93 5C BC A3 91 1A 3C 50 52 11 E1 C2 13 37 9C AA B6 5B 56 8D A2 26 54 7F 23 1C B9 EF 92 FE A0 6F
2025-10-16T21:03:37.815621,3.975,can1  222  [64]  7D 7A 4D 15 F1 9C EF B5 F0 FC EC EF 62 1C AF 38 12 1F 73 71 C5 91 27 87 4D ED 3A 38 55 B6 7B 9C B7 37 7A 25 50 E2 BC 58 E0 D4 42 45 4A 97 7F 28 91 A9 98 64 DF 45 EB 32 0E 86 7D D0 60 04 19 7D
2025-10-16T21:03:37.819683,3.979,can1  222  [64]  4D 34 65 06 8E 77 28 11 FA 2A D4 9B 91 84 4B C6 F2 78 95 FB 9D 44 E5 1D 67 61 61 1A 06 31 E3 E0 B0 40 B7 98 B7 08 D6 5D D7 99 D5 C9 7B 5D 46 C8 B3 C6 8E F0 07 27 F1 A1 85 0C F0 4A FC 74 40 88
2025-10-16T21:03:37.822042,3.982,can1  222  [64]  6B 7C E0 51 70 0D B2 A4 6A 6E CF B2 A5 66 67 68 03 85 9F 51 B4 31 70 82 93 1B 5E 3E A4 82 CB AF 91 3E AC 1D 58 EA 59 96 E7 AA D4 15 4F B0 71 D5 CA D8 3F E2 F0 D0 9D D5 E0 46 4B 30 57 B3 8F 4A
2025-10-16T21:03:37.825395,3.985,can1  222  [64]  43 7B 13 E7 FD AF A5 A9 6F 03 80 86 22 2A B5 67 B1 E4 AC E3 4B BF 4B C3 EF AD 71 C1 7F 29 DD B4 B6 54 C2 F1 57 DE E9 C9 27 2C 09 BC DD 72 86 69 27 4A DC 96 F9 45 5F 6C 49 3D CF BE 18 3B
2025-10-16T21:03:37.828236,3.988,3B 33
2025-10-16T21:03:37.829994,3.990,can1  222  [64]  1A A0 CC 79 A4 A6 BB E3 7F F5 CF F1 6B AC 80 0C 2A AA 87 83 BC D3 F5 9C 27 8F 7A 46 9B 86 46 69 EF 7B 86 BA CD BF 9E C9 2E 81 79 33 FF 4A 94 A4 F2 67 70 87 7C 3E A6 F1 2C 0E E5 B2 C0 0C 4C 80
2025-10-16T21:03:37.833386,3.993,can1  222  [64]  B4 64 86 B0 60 77 0F C8 3A 2B 34 52 5E 28 4E 68 90 5F 39 67 25 43 47 A1 33 1D D2 D2 4D 36 0B 87 1A 4E 9B BB 43 03 F2 D2 06 34 8F DA 84 46 17 26 1F C0 85 83 C9 E7 C3 C9 34 4B 7F 2C 86 5A 36 0F
2025-10-16T21:03:37.836711,3.997,can1  222  [64]  AC 61 E6 A1 35 41 80 D1 E4 77 A1 A6 5F F5 48 4B 9C B6 8D 4F 3D 60 DB 0D CC 4F B2 B0 69 7A 54 F6 DB 2D C6 3F 8D 61 F0 56 83 79 D3 AA 92 28 B5 8B 01 B5 E9 AB BA BA 7C B7 B3 FC 95 27 42 8E ED 3F
2025-10-16T21:03:37.839947,4.000,can1  222  [64]  A5 B8 AA C1 C3 B3 8A 7C DA 39 9F 6A 62 3C BE 18 6E E1 18 9D CB 15 FE 9C 29 F9 63 E0 3E 17 25 43 2B 0D 25 02 35 08 34 17 62 FB 08 CF 91 C2 94 99 DA 71 83 9B 13 47 9E 59 F2 81 37 93 97 D3 9A 61
2025-10-16T21:03:37.843408,4.003,can1  222  [64]  C9 E5 D4 47 70 E1 91 29 49 F9 AE 3D BD BA 69 F0 29 1B 76 2E D1 C8 53 A2 79 1D F7 A2 E2 E1 57 8E 4B 6F 19 40 AA EE B4 AE E3 04 B2 BC C8 F4 40 D4 4E CD C3 45
2025-10-16T21:03:37.845695,4.005,B2 0D 2A 14 D0 AB E3 C7 B2 51 5E F2
2025-10-16T21:03:37.847110,4.007,can1  222  [64]  B2 F2 28 63 CE 79 68 60 B2 26 68 7F 56 BB C1 65 40 AC 5D C6 E2 FD 11 C4 E0 2C CD 1D 02 D7 5A 21 DF 50 28 47 6C C3 E5 E0 A2 31 62 BA 2A 3C 53 28 60 5A C0 48 73 2D E3 C7 28 E6 3D 6A 2B DE 43 B4
2025-10-16T21:03:37.850675,4.010,can1  222  [64]  AC 2A 5B 8F CC A1 0B 31 F4 CA 90 EE 6E 5E FF A3 79 AB 3A 5C 3B D9 AA 06 51 46 19 2A 38 0A 14 ED 48 23 A9 AC 64 83 A2 44 6D 44 C1 D1 69 5B 70 66 95 78 FD DE 9A 13 E0 CD E9 46 3C 80 7D 2E E2 CF
2025-10-16T21:03:37.854102,4.014,can1  222  [64]  7E 3D 80 86 D0 8E 60 2B D7 E3 FA 59 26 41 36 D0 13 B1 E2 1B 88 A5 B9 94 F4 C3 A9 E2 A3 A8 53 C6 65 0C 9C 07 99 B1 78 B7 5D CC 45 9A D8 93 31 BF 61 4E 59 2C 3C 62 DA 9C 62 B2 7B C5 24 53 C3 26
2025-10-16T21:03:37.856979,4.017,can1  222  [64]  90 04 98 86 B3 07 6D A8 68 BE 09 88 FA C0 7D 8E 94 23 2B DE FE D6 E3 F8 AE 9F C4 41 45 77 B1 07 79 79 FF C7 8C 4D 44 28 ED 28 84 59 AC 6C 1E F6 D2 0B 46 FA 7A CD EC 02 88 22 49 7C 3B 9C 04 F2
2025-10-16T21:03:37.859554,4.019,can1  222  [64]  B0 3B C2 7A E2 E1 59 E9 14 EB 8D 78 CC D1 B3 CB A8 79 DB 0C 22 B9 BB 20 3A 18 35 A6 4D 8D ED 79 C2 D3 F0 1F 4F ED 33 0E 57 2
2025-10-16T21:03:37.861976,4.022,2 86 FC 98 8E 49 78 47 2C B3 B9 08 16 FD 64 E8 1F 07 4C C4 21 50 D8
2025-10-16T21:03:37.863102,4.023,can1  222  [64]  CE 6F 8B BD 83 CA 2D 42 58 CF E7 E7 BE AF C8 69 A4 8C D0 F6 70 DD BA 61 0E 0A 5F 88 69 8F 03 3D 02 64 87 F9 2D AF 95 40 64 31 9C CA F5 A2 29 91 8F 4A 49 CF 50 E4 6C 70 70 7B 8A F1 68 06 3B 94
2025-10-16T21:03:37.866600,4.026,can1  222  [64]  55 84 3F EF 62 4B A0 C1 F2 36 B0 6F 7B DC 89 57 7F 49 D2 53 45 3E DB F7 80 6A 16 80 C4 4B 07 E1 86 9D 21 08 7B C5 23 EF 9B 91 0B DC 54 C3 D9 73 49 9F 66 89 9B 32 DD 1D B5 E7 8A 4A D4 C0 7C 59
2025-10-16T21:03:37.869648,4.029,can1  222  [64]  1A F0 CB B1 9B D9 6E A7 65 99 A9 1C A5 32 F4 2A 63 E5 DF 47 20 63 77 0C 43 DE F7 23 3C F7 26 1B 89 6E 14 62 5F EE 13 6C D3 C1 9F 4A 37 ED C1 45 5E 40 FB BE B8 F7 2B FD 90 69 5A FA 13 FE 28 20
2025-10-16T21:03:37.872974,4.033,can1  222  [64]  FB 30 16 31 AA 82 F4 18 BC 67 61 42 8C FE 02 4F AD 74 77 2B BB E6 5F C3 53 D8 F3 44 7C E7 38 27 4A 57 84 31 AD A1 AB 12 A5 A5 F3 82 4D 7D 59 5A E9 C5 3A E7 E0 63 53 3B FD D5 DA CA F3 65 51 64
2025-10-16T21:03:37.875505,4.035,can1  222  [64]  23 7E C8 4F 61 E7 32 C1 6B 7A BE 03 E6 74 6A 5E F8 E0 2D 14 04 A2 EA 05 D5 AB E4 0B 0E 7B C0
2025-10-16T21:03:37.877680,4.037,55 D7 47 CC FA A3 9F 2A 73 4C C9 72 47 EE 27 8E 6A F3 61 2D D8 67 AA FE B6 3E C8 F6 E4 EA BF D1 1B
2025-10-16T21:03:37.879003,4.039,can1  222  [64]  86 D2 05 E9 F3 1B 3E 07 33 9E D8 3A 20 DB 4E 3A 75 44 0A 1A 6E E2 61 51 0D 91 51 8C 8D A7 68 4F F0 A1 35 69 9F 46 A7 22 5F 8F 74 CC 39 71 7D 55 C2 11 AA CB 72 DA 62 A7 27 C7 A9 17 F8 75 84 E3
2025-10-16T21:03:37.883362,4.043,can1  222  [64]  9F C7 7C F2 8F 99 72 4C D2 C1 54 C8 95 4E E5 6B 51 1B 78 90 BB F3 7B 65 60 0F 38 C0 02 D1 34 FF D5 DD 65 BB A6 DB DC 2D 84 40 73 E4 83 BC F7 4C 38 ED CD 5E 4C 37 15 BF 86 0A B6 D2 81 BF B9 B1
2025-10-16T21:03:37.885356,4.045,can1  222  [64]  78 47 54 E4 31 F7 D7 FB 0A 3F 26 83 B6 F9 74 FA DB 3F D9 24 9F 68 E9 12 1F 9E 84 0A 94 E1 0A 48 8E 13 61 2F CC A9 68 36 F1 D0 B6 42 88 2A 9F ED F4 55 48 50 81 77 B7 20 99 05 B0 EF B0 82 BF 03
2025-10-16T21:03:37.889491,4.049,can1  222  [64]  FC 3E E5 53 B5 F6 76 72 B3 CF 02 A3 EA A5 B6 AA 22 B7 6D 77 59 D4 19 6E 66 A9 8F 33 AF 3A C4 DB E6 03 69 12 D2 09 7C 34 6D C2 EE AB 02 9A 01 AD B4 5F CC 8E DD 02 70 21 82 47 76 8D 30 C9 29 4E
2025-10-16T21:03:37.892061,4.052,can1  222  [64]  AC 29 38 90 4C 0A C8 51 DC 1E 48 87 BB F6 A2 D0 BF 45 29 52 4A
2025-10-16T21:03:37.894845,4.055,F8 1D 57 F9 A8 38 81 AE 8D F2 EB BF 5E 82 CC 10 60 88 3F 2A 05 AA 48 9E 89 ED 9F A8 D8 E3 5F 09 EC 94 D3 AC 41 B0 F5 78 39 4E C5
2025-10-16T21:03:37.896253,4.056,can1  222  [64]  AF B7 37 A9 CE A6 44 6F 42 83 38 33 1E B2 82 42 19 B1 3F EB 79 0C 80 62 5B 73 15 CD A9 B2 F5 8C 61 56 A4 15 7F 13 60 0B 12 34 9E 41 F5 7A 17 6B 37 CE DE 34 C5 75 9A 26 8D 74 8A F4 EA 7F 97 20
2025-10-16T21:03:37.899125,4.059,can1  222  [64]  D0 61 1C C0 27 3D 51 E6 14 67 47 C4 51 FD D4 7B BB D2 D6 61 1B 20 E4 B6 E7 1A B9 50 17 6A 21 67 EB 47 38 1B 06 E7 5B D9 F4 96 99 E6 74 BC A2 92 6F C4 4E 89 1D 1A 93 15 3A 3A 28 8B F5 1F 19 72
2025-10-16T21:03:37.902406,4.062,can1  222  [64]  73 9D 86 F8 C2 CD 9C 80 4C D2 53 5C 3D 5A 8F 8A 10 C8 C2 F3 22 CE A9 EC 67 59 07 72 3C C7 90 AD A5 74 60 55 35 7F F2 14 AD 48 B1 26 E1 B3 A5 41 91 30 97 C0 72 18 56 DE B8 14 12 55 80 10 91 65
2025-10-16T21:03:37.905781,4.066,can1  222  [64]  04 23 A1 7C 3A 75 9E ED 9D 23 1C 24 C2 D3 0F DC B6 54 3A 01 4A 2E 01 F0 BC 73 19 66 30 A0 D1 E8 38 3D C5 50 BD 38 EB DB 27 53 71 69 74 07 55 54 79 DB 24 65 4B 07 9D 94 8D BC 20 A2 DE 0C 4A 39
2025-10-16T21:03:37.908586,4.068,can1  222  [64]  66 69 F7 DA 37 5F C9 14 B3 76 3
2025-10-16T21:03:38.850463,5.010,2 02 D7 2A 5D 6E 97 6E DA 71 3F 3A C1 FE 25 88 B4 5C DE 3E 22 8D 95 B4 64 1C CD 3C 75 33 57 51 27 3F 9B 3E 5C 67 D5 3A 39 5E 51 AE 32 06 DC 54 15 17 03 99 72 69
2025-10-16T21:03:38.850691,5.010,can1  222  [64]  01 B3 BE 3C B3 7B 1D 67 48 3A 4C 16 FF E8 A7 0E 92 5F 7D FB 47 30 C3 BB C1 BF 59 83 63 34 CB EE A3 FC FB 36 74 81 E3 8E 1F 2D 0D D2 F2 44 12 64 6B 58 F6 CF 4D F0 F6 E6 AF 85 F4 C7 AC 1F 76 F4
2025-10-16T21:03:38.853556,5.013,can1  222  [64]  50 F5 AF 2B 1A DC BC 89 4B 7B AF 08 DE 33 73 24 52 0C 1F FA 12 0C 16 81 CD 45 C7 B9 19 8E ED 84 60 65 AE 14 6B FF DE 85 21 36 6A A0 FC DE 0A 93 E1 EB 10 DB 24 D8 E0 AA AE E0 CC A7 D5 04 5E 01
2025-10-16T21:03:38.856720,5.017,can1  222  [64]  29 64 DA F9 79 B7 2B AB AA 57 99 62 FF 3E FB B5 39 BC 69 37 11 1D 77 D5 BB 84 AB 1E 33 3F BE 95 1A 17 FC AA CC EA 35 D8 7D 9B F4 6E 2A F9 3F 0E C1 45 B2 EF 94 A7 3B DB DD CD F0 D1 93 3C BC E8
2025-10-16T21:03:38.861069,5.021,can1  222  [64]  8F 5F EA F5 B3 44 43 F4 66 AE 5E 65 9D 36 49 97 E0 85 9F EA 06 71 41 3C 29 22 3E DA D3 85 0E B7 78 5C 18 1A 8E A2 AD 8B 0A 6F 04 E7 3E 63 D3 99 32 7D BF C7 C8 F7 B8 98 33 63 EC 67 B1 C1 CC 7A
2025-10-16T21:03:38.864770,5.025,can1  222  [64]
2025-10-16T21:03:38.868655,5.028,57 23 CA F7 6D 19 28 58 7F 05 21 8A E7 11 5E 01 13 9F 75 52 9B 02 3D 39 DB 85 02 DD 59 33 8F C7 66 C8 38 CA E0 BC F5 56 66 E7 62 F3 94 61 96 D2 9F 46 B0 E8 6B 3D 35 DD 8E EB A2 97 B1 4B 22 57
2025-10-16T21:03:38.869827,5.030,can1  222  [64]  E8 EC B3 06 2A AA B6 B0 09 26 E5 43 2C 03 1E F1 DE D7 9C 95 41 D7 90 51 AB 8E F5 E5 68 F3 C2 32 1D 46 F6 36 35 CE 9D 1A 9E 60 CC 15 E4 AD 52 9F C5 2B E6 A7 58 D1 33 BF 70 7F DA 98 08 D1 1F D6
2025-10-16T21:03:38.871993,5.032,can1  222  [64]  57 EF 04 8D 4A 13 2E 82 C1 ED D4 8E D8 1D 36 28 13 62 05 60 1E 28 42 52 1D 44 63 7E 63 A2 78 BD E4 EC 6D A3 8C D1 36 29 1F DA EF 03 7E C4 24 DF 63 1C 3A 8B 21 CC 62 5D EA 64 C4 09 B8 2D A0 CF
2025-10-16T21:03:38.874629,5.034,can1  222  [64]  3A 56 73 75 DD 4D 9D AF 17 E7 6C 76 31 55 33 8D B9 33 9F 72 4C 91 EC 2A 13 06 9E 64 D6 BA C2 32 C8 80 6E 84 64 E5 83 86 B7 09 F1 B1 9B 9A C9 43 7A AF 6D 9B F3 42 53 09 40 B0 22 1E 9D 5D 7B A8
2025-10-16T21:03:38.878066,5.038,can1  222  [64]  62 2A F1 F6 0B 7F 5B 19 7A 14 9C 95 44 5E 1E 56 F2 35 A8 83 35 F9 39 A1 C3 1F 5F 76 94 5E DF 88 4D 87 39 50 4C 2A 4D 71 7C 17 D5 FB C2 17 23 D5 6A 4E FD E9 1B CB 91 8D 92 CF 20 07
2025-10-16T21:03:38.880799,5.041,11 41 C0 9C
2025-10-16T21:03:38.882626,5.042,can1  222  [64]  DF 4E DB A1 6D 07 FA E0 D6 78 D4 B7 60 32 AD 4A C7 71 40 AE BE BB AF 3D F0 C7 87 06 F7 AD E6 FE 72 F4 F8 7A 7F 82 D2 5E A7 46 C4 39 DE FE F5 87 CB 57 E5 62 30 5B 51 FB 23 ED 1B 67 3D 5B 73 84
2025-10-16T21:03:38.885524,5.045,can1  222  [64]  82 88 45 E0 AD DB 91 4C 1C 6C 1C 31 2A 2B 72 5C 46 15 CE 62 A8 19 EA 9A 81 E1 81 D5 8A 43 3B 34 03 A6 67 E1 1C 88 E1 3B E9 89 93 E4 FA 96 0E 5A 58 DB 3C B9 AA BD EF E6 11 EF 4A 60 BE DC 94 27
2025-10-16T21:03:38.888441,5.048,can1  222  [64]  2E 23 FE 5F 4A 02 48 0F 34 30 CB 7C 0E 01 98 16 86 4B 91 70 BE 36 4D 06 7E 05 8F 04 99 98 1E BE 02 D1 EA 66 BF 66 10 8D 35 2F 8F 14 50 AF CC 75 42 04 E1 87 6E 60 65 0F 73 6B 15 76 EB 16 B9 52
2025-10-16T21:03:38.891519,5.051,can1  222  [64]  BE 2A 27 B8 35 26 FB DB C4 B7 D9 C0 1D 95 15 03 F0 72 B7 3E C6 7A 42 2A 92 B5 24 A9 E0 B1 63 43 3B 1A 80 EB 2A 78 A4 58 F6 5A DD F2 12 EE DD 3F 4B C9 95 D3 03 A6 F0 41 E5 57 90 D9 EE 91 88 3B
2025-10-16T21:03:38.894159,5.054,can1  222  [64]  DC E7 66 C9 CB 07 6D 1B A0 CE 74 CE B5 5F 58 86 D7 20 7C 3F 49 23 20 8F 12 C7 B0 FF D8 CA 06 96 43 E9 D9 88 37 CF A2 58 D4 C7 FD 08 A1 6D 01 C9 FE 02
2025-10-16T21:03:38.897081,5.057,99 33 0B EF 1D 86 D0 5E E1 DA 71 E9 D9 75
2025-10-16T21:03:38.898202,5.058,can1  222  [64]  65 87 1D 02 D2 58 CC AB 4E 73 43 B7 E4 5F 6A 67 49 E0 18 A1 A5 F3 3A C4 25 CA 7D 46 DB 6B 47 6A 66 C8 E8 20 40 1A 0F F3 CD 27 42 61 1B 23 B8 2C D9 FB 5D 3B 39 A1 63 E3 79 86 84 8F 1C A6 D4 7C
2025-10-16T21:03:38.901560,5.061,can1  222  [64]  55 80 2B 1F 7B 4D 16 69 ED 0A 96 04 E2 F2 7A 6B 20 48 FC EC 09 B6 C5 F6 1E 91 6F BA A1 12 FB FD D8 3E D2 24 3F 71 D7 05 EC 81 C9 04 E6 93 BC 93 47 99 BA E1 44 C0 0E B7 B9 A6 B2 76 A1 AE 44 13
2025-10-16T21:03:38.904832,5.065,can1  222  [64]  E2 47 9A 24 87 CA 8B 8A 8A CD E0 BB 35 EC 50 42 C6 30 BD 73 35 0F 83 CE 0B 1A D5 66 D3 5F BD F3 31 94 7D 4E CA 91 84 46 60 79 CA 25 3D C0 89 A7 BB 33 4A 0F A7 FF 9F 82 5F D1 F6 9A 90 21 7E 80
2025-10-16T21:03:38.907753,5.068,can1  222  [64]  25 DD 4C F6 29 2B CC EC 80 1B 32 B6 3D 3A AF 3D 26 35 0C 51 B7 C4 6A 43 1E FC A3 0C 2C F9 99 A4 6C 72 2F 6B 30 92 82 95 17 5E 36 22 3E ED E9 98 DD AB 56 FE 31 50 D5 A6 94 34 13 7F B7 1C 96 6B
2025-10-16T21:03:38.910152,5.070,can1  222  [64]  7A AF 7D 84 2E E3 CE 77 0D 79 A1 70 42 9A 7F 6D 2F D8 27 DE 7A 8A 43 D8 F2 9F B0 72 E2 95 FA 25 8B A5 79 B1 57 83 47 4
2025-10-16T21:03:38.912917,5.073,D 4E D3 15 35 24 11 4E DA 76 81 6E 37 96 C3 26 E7 CD 85 CF 63 B9 C1 BF D9
2025-10-16T21:03:38.914081,5.074,can1  222  [64]  13 EA B4 3C 03 85 31 25 43 0C 55 D7 C1 19 6A 3C 15 D7 34 CD D0 6D 5A 6A 40 4C 65 EE E4 36 ED CF 16 A0 68 A1 38 9F 15 F0 A7 1B 96 43 9D 95 5F F6 A1 C4 B3 A8 B1 E7 B3 3F 26 95 EB 94 B6 0F 02 18
2025-10-16T21:03:38.918224,5.078,can1  222  [64]  47 36 78 D8 3E 79 C4 D3 DB 3A 93 4D 9D CB B0 94 85 8F DA DF DD 64 D6 F0 9E 74 61 4F 95 C9 EC 83 84 76 9C 69 EA F1 0F E1 B3 30 B0 6A 51 CE 85 77 7C 36 46 C2 83 5F 99 41 22 12 9E 6E A2 49 BE 07
2025-10-16T21:03:38.921802,5.082,can1  222  [64]  26 74 D6 42 9E 56 2E FA B3 C1 93 4A DE 1D 68 A5 04 1A 0D E5 8A BD 45 F2 42 BE 15 12 8D 92 5E 7D 55 60 E0 5E C8 10 8B DF F7 43 D9 17 37 AE EA C5 40 89 7D 14 2D D2 2C 2B 3E 82 FB 3C 9D 93 22 9A
2025-10-16T21:03:38.924856,5.085,can1  222  [64]  DF 7B 2E 7E B9 C3 78 5B 6B 91 73 6B 39 91 6A 69 B8 61 6C EB DC CE 6C 83 FA 1D D3 1B 1F 76 6F 5C EB 92 DD F0 8D 62 A5 0E 77 D7 2A 3E 24 2C 23 19 8E FE D1 40 76 1B E0 E8 D0 AD 38 8D FE 7C E9 90
2025-10-16T21:03:38.927859,5.088,can1  222  [64]  FD 6A 2B EB 56 3E 16 50 6B 82 86 D2 F3 4C 1A E1 D5 5D 9C 5E E3 B1 08 05 CB 92 CB B9 0F
2025-10-16T21:03:38.931213,5.091,50 7F 4C 67 EB 65 BC 65 82 19 B4 B7 FF F1 11 4A EA 01 AF 5F 51 99 5D 10 26 15 09 88 CC 7C C1 56 0C 3A 0F
2025-10-16T21:03:38.933361,5.093,can1  222  [64]  03 0E F2 D5 91 3A 14 C9 D0 67 6E 9B F3 57 D5 C5 5D 43 0C F4 10 F1 DB 17 DC 70 FC 3A 52 33 AF EF 8B D1 99 8C F5 B0 6D 85 C4 F4 9E CE 87 0B 52 09 4A 32 89 85 B6 7D 69 0A AD CB D9 D8 1A 2A 5E CE
2025-10-16T21:03:38.936607,5.096,can1  222  [64]  69 69 7F 1C 5A EC F7 2B 83 F9 26 51 03 DE B7 8A E8 4E 6E 30 30 6E 69 D3 35 92 17 63 B9 4C DE 65 7D B3 D3 F6 37 F5 E2 8A B9 1D 6C FA BE B5 75 D3 A9 D1 94 34 D1 7C 5B 72 DC 0B 0B C2 C4 5A A2 6E
2025-10-16T21:03:38.939561,5.099,can1  222  [64]  A6 6C 83 DC EC 43 A2 81 F1 1A 76 B0 0D E8 74 88 D4 6B FD 48 5A 58 97 D8 65 84 C6 06 53 56 24 21 5F 0A 11 F9 29 5F B6 1B BC 2F C0 94 1B CE 08 3B C4 9E 1A B5 C2 0F 57 06 DE 3D 18 48 95 2E 3B 1C
2025-10-16T21:03:38.942973,5.103,can1  222  [64]  8D DE F8 7F 45 4A 1C 58 B6 81 F3 91 F9 46 78 21 D4 F6 40 41 07 14 20 B6 1C 07 EF 85 FB C7 82 E2 93 56 D1 27 4F 74 38 EC 92 03 34 B4 F5 60 AE DA 0A 49 82 BC 77 07 F4 B3 EB 73 81 48 47 EB D4 35
2025-10-16T21:03:38.946148,5.106,can1  222  [64]  D0 8A 1F 05 B8 8F A0 A1 A9 3C 0C D3 55 B0 A3 23 53 D0 D7
2025-10-16T21:03:38.951031,5.111,97 A6 62 9E BF 55 E1 59 8E 5D A8 F6 85 AE F6 A3 4C 6F D4 32 1D 9A C8 A0 93 40 A1 25 EE 84 3A BA 6F F1 6C 8A EC 5C EC 09 50 CF 40 C2 EF
2025-10-16T21:03:38.952760,5.113,can1  222  [64]  7B B0 18 69 B3 BD F5 E8 99 1C 39 9F 6E 63 B3 E1 BF EE 2B 32 E7 92 FF DA 10 77 35 47 52 C2 10 7E 60 44 D9 32 74 96 A5 D7 67 A5 3F DF 26 B6 1D 18 09 72 A8 7C 68 4D 54 0A 32 AB C4 62 9D 85 F3 DC
2025-10-16T21:03:38.956137,5.116,can1  222  [64]  10 4E DA 18 4D 84 B0 5F 34 FC D9 D1 95 1B 41 28 0A 3E 69 0A 0F 2D 45 41 3D 05 25 C6 75 14 3B B3 DF DA 13 50 0D 5E 71 6A C6 0C A4 7A D9 89 9E C6 55 9B 89 80 18 F1 58 F9 68 82 88 62 55 70 98 26
2025-10-16T21:03:38.959410,5.119,can1  222  [64]  B0 C3 35 B1 1F FA 08 E1 D5 7C D5 7B B8 C8 E1 0B 84 7D 29 B4 FC 50 BC 66 D8 93 97 15 D4 B6 71 05 A4 83 9A 9E 50 BD 3A E4 D8 AD A8 64 23 D3 68 98 9C B0 5D 50 FA 81 BF CD 03 FD D6 06 01 AC 27 77
2025-10-16T21:03:38.962630,5.122,can1  222  [64]  82 D8 94 93 9D 9E 6D 8C 4B 8C 01 2C 6F 70 D3 41 E6 CC B4 44 D5 B8 41 5C 61 EA 13 F9 79 AA 63 3D E8 9A 4B 58 87 59 D2 AA A9 F1 8D 89 38 BC 06 49 B4 8F 45 7F 0A EF 5A EA C9 68 6C B2 BE B9 1B EA
2025-10-16T21:03:38.966800,5.127,can1  222  [64]  32 3F C3 7E EA 21 71 0B 3
2025-10-16T21:03:38.970161,5.130,C 7B 68 8A 40 E8 C8 F9 A2 2B CA B2 DF 95 91 72 96 A3 5F 70 D7 A6 67 43 56 67 F4 52 6B 63 E8 83 54 4E F2 AF 79 A4 22 80 DB D1 F9 22 90 CA 6F EF 99 D6 8A 2F D8 17 B8 5E
2025-10-16T21:03:38.972192,5.132,can1  222  [64]  B7 7F 64 C6 BF 11 A8 21 47 D8 FC 61 2C 0F A2 EB CD 2B 45 33 88 C4 4B F6 B7 9B 24 EC 54 EB B8 25 C3 C7 74 D4 6A E2 30 8C A3 DB 5F A2 FE 81 C1 97 D8 3D CA 2A 6D BE 30 95 48 EE 18 1D D6 06 19 9D
2025-10-16T21:03:38.975357,5.135,can1  222  [64]  53 76 44 47 87 24 AE 31 10 D7 40 AA D8 8F CE FF CF F8 8F 3A 31 86 B4 3B 2E 6A 50 5D 5B C4 4D FC F1 A1 FB FC D0 62 61 AC C7 1D 76 86 36 E3 6E 9D 62 3F 3B 63 27 5E CC 1C 05 59 47 87 EF F9 C9 BE
2025-10-16T21:03:38.979085,5.139,can1  222  [64]  DF D6 E3 36 3A A5 F2 B0 B4 8D F6 C1 CC 60 0A 5F 17 13 52 8A A9 B1 BF 58 59 97 FF 0A D2 95 52 36 35 F3 3C 9A E1 F0 B4 5A 85 C1 A1 53 61 06 FB 45 90 A1 B5 68 AD 16 96 12 A5 8F C2 13 6F 7D D8 8E
2025-10-16T21:03:38.982582,5.142,can1  222  [64]  67 C9 3F 77 86 D1 D4 C8 79 2F 6F C1 26 8D 31 49 84 44 32 0A 76 A3 82 59 63 45 29 C4 4E B5 10 27 DA 0B 64 A4 BC 97 BD DC 7F 56 42 56 BE 04 79 77 CD 06 F4 95 C6 4C 33 ED D5 FD AC 0C FA 96 FD 7F
2025-10-16T21:03:38.985862,5.146,can1  222
2025-10-16T21:03:38.988897,5.149,[64]  A2 2C 3B 02 74 22 61 29 A9 32 F0 37 46 6E 78 71 C9 47 15 D1 55 4B 9A 28 D8 6F BB FD 61 FD D5 22 DE 25 BA 23 14 B0 42 D7 F1 3E 3A 5D AD 91 74 AD 79 55 FF D4 E9 8C B1 EA 93 21 D3 E7 3B 0A C9 F3
2025-10-16T21:03:38.990496,5.150,can1  222  [64]  CB F2 3A 18 F5 52 23 3B 62 74 5E 30 46 ED 9D C4 74 1D 4E 13 10 9F 22 82 71 03 10 3D E6 31 98 D9 27 87 30 28 AA B7 F2 C5 18 5D D5 D2 15 5C 94 E2 40 95 76 49 96 5F 9F 0A ED 95 81 FC E1 6C 85 C7
2025-10-16T21:03:38.993911,5.154,can1  222  [64]  70 4E CA 42 1F 1F D2 B7 D5 BF 1C 53 40 71 79 6B 61 7F 98 5D 21 62 B1 D0 39 7F BE 16 21 3C F0 C0 E1 DB C1 C6 85 8A 35 BA FB 48 E5 F0 E5 63 C5 AD DA 79 7C 2E D9 0E 69 25 F4 54 B8 E6 95 EF B6 02
2025-10-16T21:03:38.996874,5.157,can1  111  [64]  A4 04 E9 5D 75 8B 64 DB 3F 62 48 FE 3A 16 7F D4 C1 7D 42 DA AA F0 A5 8C 8D BB 49 83 09 6A A4 D2 BD D8 80 99 3D B5 C6 89 6B 6D 1F D4 6D 75 6C D6 2F 08 FB 77 18 76 97 8D 4B 7E 48 87 A2 E8 DF 10
2025-10-16T21:03:39.002630,5.162,can1  111  [64]  8B 48 35 0B 2C B5 B6 90 1E CE 1C BC 3E 98 1E 89 A0 7D 0F 3C 12 09 2C 15 28 27 56 2E 0C 5E 50 0E 78 0C BA 07 2E F9 28 EC 85 8A 1B E5 A7 DE 0E 8A 25 1E 88 62 43 C0 05 CC EF 13
2025-10-16T21:03:39.007829,5.168,80 97 D1 76 70 B6
2025-10-16T21:03:39.009363,5.169,can1  111  [64]  19 E8 DB 41 E6 4A 8B 34 F4 B1 65 B6 DD 3E 52 B8 A6 20 8E FD 71 31 B7 14 22 97 05 29 D4 70 A1 D3 F1 D7 B9 2F D4 EE 47 45 8C CA 6F E2 21 EF 71 6F 1B 87 C3 A0 BD A4 B4 91 DC 85 A4 F9 3B 24 30 33
2025-10-16T21:03:39.014506,5.174,can1  111  [64]  1E 2E A6 91 02 DB 53 DC 58 04 6D 9A 9F 25 9D 02 4D 86 0C 23 CF AC 55 13 0E 78 C9 62 17 DA E8 9B B3 F0 09 C6 0E 91 93 E1 B7 5D 6A 99 1D B9 33 DB A8 67 34 79 EF 3F 12 99 8D D1 83 4E 66 2C D0 22
2025-10-16T21:03:40.826694,6.986,can1  111  [64]  C6 D6 F4 B0 5F 93 99 14 83 6A 36 31 27 0B BF 13 32 46 4C DC 29 4F 6A 4C A3 64 6D F5 44 48 D8 3C 9D 23 56 5A DD C4 98 25 09 7B B9 89 E9 63 F5 73 89 02 E5 2D A6 FF F4 A2 F8 E2 C4 E8 70 18 6E B9
2025-10-16T21:03:42.596420,8.756,can1  111  [64]  9B 46 1B 2B E1 D5 52 BC 25 CC 8D 92 E9 39 06 27 D0 2F 5E 50 49 9F 64 8F EE 17 CB 35 09 2A 18 1A 7C 59 C0 E3 25 49 4B 8E D4 59 3C 92 5A 0F E1 85 0A F0 46 03 6D 96 61 94 15 0E 1D BB AF 49 27 02
2025-10-16T21:03:44.225095,10.385,can1  111  [64]  B4 C0 87 07 B7 68 71 59 A9 BD 98 22 CB 95 5A 61 81 7D 55 04 DA BD CB CA 0A 09 4E 7D C5 42 94 63 B2 88 CB C5 B9 14 2E D9 3B BB 26 D3 A3 5A 7B B4 8B C4 61 9C EA E4 C3 2B 64 CF 33 D3 5F 19 F4 1B
2025-10-16T21:03:44.228960,10.389,can1  111  [64]  6C 60 90 E5 EF 03 DD 67 B9 F3 D2 3E 17 64 B5 70 3C 89 FD 10 A3 C2 D9 E9 1F D3 FB 99 1B 69 40 A2 37 7D DA 9A A1 AB 9F 77 4B F4 E4 3F 5B 4F DF 0F A6 23 D2 57 32 A2 E9 B4 16 F9 04 70 8C 98 A1 3D
2025-10-16T21:03:46.636831,12.797,can1  111  [64]  F5 DD 6A 55 32 D3 63 A9 53 03 04 D3 C7 41 6C 98 C4 E0 4C F9 2E 90 3A BD 30 33 AD 0B B8 9D 1C 42 8B 23 05 82 6A FF 4D B5 D9 E2 2D EC 99 B0 18 AB F1 DF 34 E1 CC 19 9E 54 1F 43 86 5C 72 59 C7 98
2025-10-16T21:03:48.398839,14.559,can1  111  [64]  9D 57 EC EB FF 50 95 72 A9 E2 8C 2F 91 48 0E CE 7E EE 3D F0 D6 B1 C1 9F 78 2F 1A DB 4C 39 C9 A9 A6 F7 19 AB A3 01 5B 43 70 A2 99 B4 EB AB D9 67 6C F5 96 AF 45 FB 58 C5 FC EE 7F 02 27 D2 FA EF
2025-10-16T21:03:49.289268,15.449,can1  111  [64]  E5 72 84 B6 0F 74 F0 A8 3F 16 36 07 4B 9E 47 D9 1C 44 56 6C 62 98 63 E9 14 17 FA D9 2E 9A 3E BD 70 25 98 03 DD B4 94 BA F3 10 81 7C B8 C5 9E 16 52 84 82 85 1F E2 B4 8E 52 92 C0 FD E7 B8 8B B0
2025-10-16T21:03:50.174283,16.334,can1  111  [64]  33 CD BF 22 4F 4F 0F 99 8A B3 78 33 52 B8 A0 8E 4C EB C7 29 D7 67 59 09 30 E8 A6 71 48 7F B1 DB 70 09 58 81 74 9B 8B CA 2E 9C EE 42 ED DC 8C 59 0F 84 1C 2C 7D AD 07 FA 6C 31 05 25 DB D0 34 2B
2025-10-16T21:03:51.931201,18.091,can1  111  [64]  F7 F5 50 77 1A C2 82 B8 1B 57 4D D0 C2 9B A4 5E F9 91 B9 DE 39 6D A5 20 93 D4 DB 67 2E 70 89 06 B5 93 78 16 8F 36 F6 10 83 8B CE B6 11 08 BA 4B DB ED B8 0C C8 23 28 B4 AC 84 D8 54 EB E1 E8 15
2025-10-16T21:03:51.936134,18.096,can1  111  [64]  9E E1 6A A9 DC 8B C1 DF E0 2B 8B 90 6D CC 8F 50 B4 CD 24 D8 D1 A4 C8 99 75 04 63 DE 92 D3 81 B8 27 58 E3 D3 1D 4C EA 05 C7 64 45 BE F1 4D 6C 34 2B A1 7C 20 8F 7F 50 7E 71 E7 C9 D2 C1 B3 0D 4D
2025-10-16T21:03:51.940778,18.101,can1  111  [64]  03 79 87 EF 77 1A 83 09 17 9A 0E 2C 21 23 ED A1 4D 1E 15 F6 88 E1 E0 08 1E F4 5E C2 16 DB 18 5A E2 57 76 B7 32 4B E0 40 B3 5F 25 8A F7 D9 75 B4 3D E2 10 FC F3 89 58 09 39 91 22 42 84 60 B8 DC
2025-10-16T21:03:53.686714,19.847,can1  111  [64]  44 D1 E9 BC D4 2D 91 3D C1 88 AF 6E A2 AF C6 E2 DB 9B B2 64 1A BE C4 94 21 2C 35 4E 3A 3C 75 63 5F 23 6C 43 FD FD 06 32 7C B7 59 93 83 B7 8A 55 12 DF 8C BF 4C 40 CC AD F6 AB 9B 03 24 99 7F 3B
2025-10-16T21:03:54.561355,20.721,can1  111  [64]  C0 52 10 EE ED 8E 46 BE AE 1A 5D DD 1B 59 65 41 F2 C4 DB 45 86 D0 B2 4E 8E C3 5C A7 FB 67 3D 5D 06 9A AB B8 A0 4F 49 2E AE CB 7A 37 C5 D2 94 DD 08 9F B7 E0 0E 68 6A 63 D5 49 6F 1C 1D D0 61 DE
2025-10-16T21:03:56.095888,22.256,can1  111  [64]  22 92 09 1F BD 45 D4 9D F7 04 70 E9 EC 89 FB E2 8F 5C F8 97 40 05 5F 37 60 4B 49 BB C3 F1 F1 D3 AE A9 51 72 E8 56 99 CD 3C C4 F6 56 3F 52 1F 7F 1E 27 F9 F4 B5 67 08 E9 A2 7F 9C 74 BC 5A 73 86
2025-10-16T21:03:56.100037,22.260,can1  111  [64]  50 44 7B 79 B9 BB EB 87 9D C2 DC 74 AC 1C A5 09 BE 41 38 0C 58 E4 14 6B 17 E1 B8 34 90 70 EC 17 DB 16 61 80 2D 1B A5 C8 EF 28 4F F2 68 AE A9 A0 F0 FD D9 85 23 25 76 78 92 5A 2D 74 6F D0 C4 C9
2025-10-16T21:03:57.849842,24.010,can1  111  [64]  A3 CA A8 1A E6 E5 72 A3 A2 1D A9 CF FC DB 30 DE BE 59 66 EF B5 A0 2C DB 47 F7 40 49 7D E0 F6 3A 0E 11 13 4A 4F 64 32 72 90 37 96 77 65 60 B6 A4 E4 D6 C3 5C 8F E8 E1 6A 1A 25 9A 17 CE 32 C8 80
2025-10-16T21:03:59.407941,25.568,can1  111  [64]  64 77 83 C0 72 91 0D 5D 15 09 F7 C6 93 13 32 55 92 09 61 22 EA 63 5C 98 08 04 2A 43 3C F4 6C 3A F3 1F EE A9 8F BB 7C 7A 2C CD CF DB 3D 9C C7 14 38 AD AE FB 69 17 E6 72 2D 1B 73 3E 24 4E 5A 5A
2025-10-16T21:04:01.702748,27.863,can1  111  [64]  B8 22 D8 39 87 68 87 0A C3 8F 52 63 28 98 4D 6D F2 2F 8E A2 51 4D 4C 7A B3 30 BB DD 6D 5E A7 3A EB D3 BC A7 AD D9 F7 7F B7 5E 79 FB 9E FA 04 4C 3C 07 50 C4 F2 59 9C A5 68 5C 59 FF F0 4B 03 87
2025-10-16T21:04:01.706275,27.866,can1  111  [64]  E9 1D 98 D0 A0 58 72 5F 11 2C 70 0F 48 FE D5 AD 83 8F 52 92 5F F5 42 8C 30 6B 58 7D B1 54 34 FD 29 E4 8D F6 42 9D D4 A4 CF 86 3C 84 CD B1 54 5A BA E3 D4 82 79 12 9F 15 3A 32 20 7E A3 24 72 50
2025-10-16T21:04:03.343277,29.503,can1  111  [64]  9D 8E 05 10 3E C1 6C 7C 80 D0 F5 A6 F1 C1 FE C1 6D 25 AE DD CF EB 96 D7 A5 01 25 84 4E 54 06 96 0B 48 1F 0D 2B 59 40 D0 D4 69 B9 CF 12 FB 28 B4 89 AA D1 97 60 55 9D 61 9E 18 24 06 AB F6 DF D6
2025-10-16T21:04:04.102097,30.262,can1  111  [64]  F9 F1 47 8F AC 84 E9 2C 36 BD F3 06 68 BC 32 9F 60 CE 73 EE 59 41 34 A5 C0 72 A7 02 EE EE 64 15 5D 78 89 F7 FF 3C 18 B9 10 95 C2 07 95 4E 99 3D 8A BD 80 77 FC BB B9 45 32 12 B7 EB 5F D9 07 DC
2025-10-16T21:04:05.641842,31.802,can1  111  [64]  CD 16 12 93 FF C6 3F 3E 8E 7F 10 1A 18 84 2A E5 5D DC 29 5F CD 02 12 C2 78 A8 A1 63 D7 19 49 6C 3F FA A0 46 57 25 5E 74 6E F7 A9 7F 2B 3E C9 5F 02 48 69 CC AA D4 4F B9 9D 19 9A D9 F0 10 D2 DD
2025-10-16T21:04:05.645812,31.806,can1  111  [64]  C8 A5 AB 08 83 2E D8 84 65 02 8B 8A 80 E3 EA 17 21 90 91 20 C0 C8 93 04 E9 1B 44 8A 97 36 48 A4 75 48 FF BB DC AA 1C 61 B7 CA 01 5D D4 52 CA 5A 60 C1 B3 36 CA E8 F7 DA 25 5C 4F 4F 81 B3 A1 DA
2025-10-16T21:04:05.652357,31.812,can1  111  [64]  D8 80 7A 33 F7 B3 A6 8A 7F B5 CE 89 17 B8 46 16 1A 82 48 40 F2 DA 4D 0B 09 C2 CE 1E E4 A9 E8 A2 69 9D 90 EC CF 31 03 C6 04 78 71 43 8B E5 5D AB 8D 9F 6B 7C 09 66 24 62 11 9A 42 1B FF 4A 04 B4
2025-10-16T21:04:07.392510,33.552,can1  111  [64]  6D 4A 06 87 FD B6 41 01 0E 88 D4 0E 25 33 C0 C1 C3 EE AB C8 28 1B F8 92 56 2D AD E9 CA FF 9B 02 78 C9 A6 B8 6A C6 63 47 29 BE 67 11 E1 6F 09 27 CC D9 0D 34 87 88 37 C3 17 C1 0F F8 6D 7E 79 C7
2025-10-16T21:04:08.263526,34.423,can1  111  [64]  50 FC 8A 8D B0 5C E7 B3 7F FD 5F 99 84 6B C6 09 01 BA 12 93 17 5B 9B ED F0 B1 17 73 EE EA 31 92 FA 3D D5 DB EB CB B7 03 A5 4D 97 21 72 E9 5A 7A AB B4 A4 EF A3 6D FF 1E 1B 32 2F 99 C9 C2 8F 8E
2025-10-16T21:04:09.135305,35.295,can1  111  [64]  52 14 28 71 A3 1A 6D 10 51 29 4B 96 E8 5E 8D B0 A0 29 A4 4B 30 50 34 87 F7 60 5B 51 E5 70 4F 4B FD 21 5F 3B 25 47 2E 57 98 FE E7 12 85 06 11 0C CB 1F 55 CC E9 E5 D6 97 10 EF 24 38 F0 8D 15 AD
2025-10-16T21:04:10.348275,36.508,can1  111  [64]  B2 7F DA 57 10 02 C5 76 86 0D 05 F3 69 BE B0 4F B0 BA FE D4 DE 1E 8D CD BB D6 BC E5 8E 26 47 93 C4 F6 CC E1 56 CB 42 A7 75 CF CE B9 BE 74 9D 18 CF 4B 9F E6 43 0B 72 9C B9 F8 83 FA 60 D7 82 7A
2025-10-16T21:04:11.229960,37.390,can1  111  [64]  AA F8 C8 E6 40 B5 DA 5E C8 6D 18 8C CB 46 31 B5 ED 6B CD DC 55 21 56 0A 37 79 1A 9E 38 27 51 39 55 42 F3 DB 92 4F 32 AB 10 2D 9B 9E 26 FB CC FC FD D3 B0 14 D7 82 DC 30 EE 8A AC 97 10 69 22 6F
2025-10-16T21:04:12.213577,38.373,can1  111  [64]  F4 AD 6D D5 7D 01 70 9E B1 8C BB 09 10 6C 5E A3 10 0C D2 BA CD 6A D6 E3 A9 73 6D 67 DA 1A D1 F6 97 67 CE C8 1E 5E 5B 48 1D D6 CB F6 0F 47 66 FD 62 A7 98 E0 CB 5F A7 33 56 15 12 AC 4A 79 CB D2
2025-10-16T21:04:13.094076,39.254,can1  111  [64]  37 2C 41 23 94 2C 2A A9 7F 20 50 16 D4 F7 4E 8E 70 C0 0B AC 11 F2 80 79 E8 C2 3E 60 F2 8F 75 77 39 55 D5 4F 1C 10 65 96 60 D9 DB 1B E6 A2 7B 69 1B 7C F7 7E 54 40 F0 28 A0 E5 43 8C F1 CE 1B 22
2025-10-16T21:04:14.985453,41.145,can1  111  [64]  67 72 1E 65 3F 67 9E AC 57 57 95 15 74 11 4C E9 26 E5 05 6E 40 AC 5D 95 F8 59 B7 B8 9D EE 3C 86 73 CC 9F 3C F4 C8 E9 8E 83 A2 DF A4 D8 13 4F B9 B2 CB 07 8E C7 9B 36 64 4E BD C6 88 6D 95 7F CE
2025-10-16T21:04:17.069876,43.230,can1  111  [64]  F2 40 34 E9 4C 7C C1 7F 18 8F BD 2D BD E0 D9 FA C3 8F 2E 2F B1 75 65 A7 1E 81 1A E0 C4 09 DE 47 34 D9 93 2E CB 43 21 06 B1 35 37 11 F0 A2 9A 7F 8A B3 52 AA 27 D7 97 43 A2 DE 94 F6 25 AF 79 98
2025-10-16T21:04:17.073609,43.233,can1  111  [64]  67 65 F8 F5 07 6C 8D C7 06 D0 86 6B F7 1F EA 91 A7 C8 47 AF 2C DF 77 64 91 4E 7E 03 A3 E5 7A FD E7 24 5D 47 F7 D5 74 7F 71 E4 92 72 A4 39 D0 A1 1A 31 48 02 3A 33 19 58 9C 85 40 B1 5D 25 B5 19
2025-10-16T21:04:17.953777,44.114,can1  111  [64]  8E 04 96 91 11 DB FA 01 51 B2 19 2F F2 F4 88 80 2D 35 9A 17 40 E1 6A 13 2B 2F A6 F9 7D 83 DC 06 87 6A B6 77 FE DF 5E 82 E4 03 1A FD 4E 72 77 34 59 7B 8E F3 C5 D6 B5 3F A8 DD 62 F2 E6 84 81 33
2025-10-16T21:04:19.061592,45.221,can1  111  [64]  C8 F6 7C 91 FA 70 B7 90 41 98 1C 7E 2D F6 C3 A4 B7 91 3C 5E 5B 37 71 7B E0 A1 78 AD 64 F2 5F B6 BA 23 8D 47 A6 EE 10 D6 AE 71 A2 E8 A6 4A F7 91 0F 16 7E 68 35 C5 2F 2A 57 1D BA 7B 1E 09 27 3B
2025-10-16T21:04:20.283384,46.443,can1  111  [64]  30 F2 0C 9F 23 82 B7 3F B7 06 50 BA 8A 13 0A 7A ED B6 2E C0 BD AC D4 E4 52 A0 89 68 11 96 52 D7 66 54 1B C9 B5 93 48 C6 A8 44 BA 36 91 CB 5A 83 52 6B E0 52 96 3E EF F1 48 94 70 0D 32 47 01 43
2025-10-16T21:04:22.703059,48.863,can1  111  [64]  B5 8E 4A 9F 6B 3D 79 64 7A 14 5B 57 5E 94 13 89 E5 CB FF E9 55 CC 2B C5 8A 35 A8 E6 05 0A C7 04 F7 56 1C AE 25 C0 E7 14 EB E5 91 12 9A D4 58 0C 71 65 23 7A A9 91 FD 21 58 BF 31 9C 24 B4 F2 81
2025-10-16T21:04:24.242260,50.402,can1  111  [64]  29 76 35 F8 53 C7 3E C2 B7 7C A8 17 61 4A 23 22 53 4B E9 4F AD E4 84 2D 5D 53 FF 34 4E 7E 0D 26 B9 18 E1 05 55 3D 6A 9B D0 77 F7 75 7A 3E FC 8D 90 B0 80 C9 F2 36 29 9C 8A 18 A6 19 67 10 0C 4A
2025-10-16T21:04:25.130737,51.291,can1  111  [64]  F6 06 9F F0 DB 55 F1 E4 46 5B 8F 82 EA D9 1E 0B E3 D5 93 B5 ED 36 B3 BA 73 D5 54 67 42 E3 D7 B9 54 D1 93 34 9D 3D 80 CD DC 32 83 42 61 E3 66 EA 96 9E 10 D7 B6 7E FF F6 52 2E 69 4B 94 70 66 AD
2025-10-16T21:04:25.136659,51.297,can1  111  [64]  0C E8 8B F7 88 FA ED 12 45 31 18 9E 21 6A 16 34 0B 12 DB E3 DF 22 F9 37 49 BD 1A 5F C9 CD B8 40 3C 41 2F DC 2D A8 91 F3 5F 27 B4 3B 7C 20 27 E5 50 DB F6 10 8D 2B 64 BE 1A 4E 42 C5 5D 48 E8 FF
2025-10-16T21:04:25.914033,52.074,can1  111  [64]  B1 27 21 C1 A0 24 31 78 46 E9 B9 3A D5 30 CF 6C F6 B8 59 93 1C 12 7C F1 33 70 83 8A 67 3F B0 94 27 37 CE 50 38 C7 0E 7A 1B 99 88 C7 D7 F2 51 A0 35 C5 E7 8B 24 E3 D3 7C 9F D1 EA AA 65 F1 99 57
2025-10-16T21:04:26.794707,52.955,can1  111  [64]  C2 15 88 16 31 04 55 80 6A E7 7E 8D B8 9F C5 64 11 6C 45 19 73 99 72 05 67 A4 41 AC 31 E7 AB CE C3 9A B2 95 47 C1 AE F4 B7 6C 60 7E 72 D2 59 F7 AE 4B 9E 36 BA 5C 56 6C A1 F7 C8 80 1C DB 05 B3
2025-10-16T21:04:27.781456,53.941,can1  111  [64]  A0 17 2E 56 BF C2 89 97 18 92 32 FF 35 07 6B 8F CD 25 3D 16 29 C7 39 F5 BE E8 3B A0 97 63 EA 27 EA 0E 91 38 0A 70 C7 D0 43 BE AD D5 2C DF FF CF 95 92 75 D7 36 DE C7 66 5A E5 D8 69 0B 99 7A DA
2025-10-16T21:04:29.751608,55.911,can1  111  [64]  85 79 D1 62 02 34 3A 27 4D E4 1E 1F 2E D6 C0 EB A7 41 48 DC CF DB 41 DD 52 67 BC 17 6E 6D 46 1B 88 69 9E 4C 43 D8 5A BC 2C 46 0E E7 ED E6 73 0C 1A 32 FC F7 E6 08 5A B4 32 69 B5 16 4C 60 AF 17
2025-10-16T21:04:30.735086,56.895,can1  111  [64]  95 2C 31 F3 A4 5D 24 E5 E4 CB 38 F2 15 C7 5B B2 88 4E FD 6F 32 F9 30 2D C6 80 B6 F8 4F 2D 5D 92 47 A0 F3 D2 20 9B C6 3B F1 9E 4A 2E 56 69 17 E5 55 0A 24 94 45 2C 22 74 CD 44 89 C3 2A 26 84 15
2025-10-16T21:04:30.739775,56.900,can1  222  [64]  B3 CE 3D 80 89 29 3C BA 0B BE 23 C4 76 29 88 E2 27 C9 1D 4C 1E 9D A8 EC 96 7F 29 78 F9 8E 45 88 0E 91 43 07 1A 46 A3 4B 12 D1 75 8B F3 34 1F 83 2B C3 AC 5F FE F1 AE F0 83 EF 8A F7 A3 94 53 57
2025-10-16T21:04:30.742822,56.903,can1  222  [64]  80 35 28 0C 22 19 46 2C FF BC 33 44 A5 2B 5B 89 9C AD B0 4D AF 23 F6 19 1B C0 F3 81 29 A9 54 F8 E4 B3 58 9A A9 46 3D 4D 76 B9 94 10 E9 95 02 FA 52 01 27 C0 E3 5F 91 9D 08 63 6A EF AE EC 26 53
2025-10-16T21:04:30.745560,56.905,can1  222  [64]  20 A3 B1 35 6D 5A FB 56 DF 06 82 3D 99 8C B9 DA 60 20 C1 64 9D E3 23 17 AA B1 18 65 9A 0B 69 45 E5 E1 60 AD E4 8A 73 51 0B 14 7D AF B8 FD B5 8E C4 36 25 3E 6C B0 0E 2D 23 75 1A 79 BA EB AB E7
2025-10-16T21:04:30.749014,56.909,can1  222  [64]  5E 55 16 6F 1F CA C2 34 4D D2 45 0D 2E 97 B9 69 5E 23 F9 3E D8 B8 06 1C 75 14 45 C2 79 80 89 D5 F9 6F 05 16 67 A7 0D 30 6F F9 BF 54 FD 49 94 30 A4 F5 B2 BC BA CE B3 52 88 41 67 0D 1C BD 0D 48
2025-10-16T21:04:30.752780,56.913,can1  222  [64]  4A 09 5D 77 F4 7E 44 73 06 C9 9D 0B 9C 88 09 5C 0B 97 92 F2 65 AE DF CD 3E 1E CD BE CF CE D8 D6 6B 11 5E 03 28 9B 05 5A FF E9 93 28 D1 C4 7A DE 31 04 C7 7F B2 42
2025-10-16T21:04:30.755023,56.915,A4 C0 6C C5 54 13 E8 F4 78 4E
2025-10-16T21:04:30.756362,56.916,can1  222  [64]  DC B4 A7 48 38 96 9C D3 C2 69 56 7B 3C E1 47 B4 55 FC 03 BE E4 BC 3F 4E 70 94 CF 3D EF 2B 4D 9A 44 E7 81 9D 2C 87 54 7D AE BB 6D C0 F8 B7 5E 8C 3C D3 78 C7 2D 15 E2 BD 96 4F 48 5D 3B 6E EA 6F
2025-10-16T21:04:30.759177,56.919,can1  222  [64]  E9 E4 47 E5 42 39 D8 7A 16 B8 C1 C4 D3 92 E3 F2 8A 3D F0 04 DB 18 5A 01 42 D0 D2 F5 03 51 41 9F D1 F1 51 F2 FF F8 76 73 89 5C 5D 32 A2 42 C0 29 FA E5 60 A2 CF 14 B5 4F 43 99 C9 9D 16 19 02 BB
2025-10-16T21:04:30.761818,56.922,can1  222  [64]  C6 23 E3 CB 3D FA B1 F5 4B A6 3E 2E 89 65 4E 3F BD B4 85 D7 B2 7D 74 C1 98 B2 A4 18 60 31 DF D8 10 90 53 47 B9 75 7F AD 3E 33 36 39 65 74 B7 81 C0 35 95 21 69 78 5A 90 D4 7C 6C F8 62 79 44 55
2025-10-16T21:04:30.765173,56.925,can1  222  [64]  BF F9 AE 0F D4 BE 6D 56 F7 F5 46 B4 F6 08 BA 80 10 F3 AF 27 3F D4 71 EB 04 AD 11 FE FF 6E D9 1F 8E 0A DD E7 D9 20 85 D2 BD 56 36 F0 16 C0 9A 9A BE 84 C3 3C 08 D5 E3 70 B7 3A DA 16 42 F6 A6 0D
2025-10-16T21:04:30.768940,56.929,can1  222  [64]  DA 49 F3 A0 0B DC F1 17 51 B9 2C 4B F1 A2 53 06 76 FD 66 BD CC F4 43 CA A5 66 B0 41 A9 8C 73 4C 88 49 C5 8E E1 C3 CA AD E9 F5 28 3
2025-10-16T21:04:30.771876,56.932,C 3B B0 27 A4 59 34 C3 B6 04 F1 D9 55 F5 BD 32 B9 30 45 BA C0
2025-10-16T21:04:30.773419,56.933,can1  222  [64]  6D A4 FF 1F 56 18 4A 4C 6F 22 E1 88 10 D4 87 3A C1 0F 94 A7 EB 82 3A 67 45 27 E2 7C 39 9F 47 F0 C8 3E F0 EF 74 13 D0 BB 58 AE 4C 55 A8 7C 16 CF 34 F7 B6 35 D4 DD 89 EF CF 76 90 67 AB 86 C6 8C
2025-10-16T21:04:30.776392,56.936,can1  222  [64]  14 63 AD BB DA 3A C9 B5 0B 22 D2 9E 6D 84 57 F4 12 13 A5 38 8C 28 F4 BA 73 8D 44 BF 10 57 D1 B4 04 0D F9 08 C0 4F D3 70 96 A2 F1 A7 95 F0 6A 07 FD 9A 0A D7 66 E4 18 37 E8 15 12 82 ED F3 40 E7
2025-10-16T21:04:30.779765,56.940,can1  222  [64]  04 89 0E 1D 45 CB 0A 3F 73 C4 D1 1C CE 53 D9 EE 05 E1 5F 47 A8 1A 7A C6 F6 BE 26 6E 12 9F 22 35 57 05 BA B6 A6 52 52 73 0F FB 86 EE A7 35 9D 56 A5 1F 72 29 AD B8 CC CF 5A C9 16 6E 53 9B D5 D9
2025-10-16T21:04:30.784873,56.945,can1  222  [64]  4F DA 87 38 29 C8 D7 11 B0 A5 8D CF 8F BF 49 69 34 F2 0F D9 77 A9 30 92 5F 8A D3 74 CA D8 4B 8A 07 07 F1 51 52 90 95 84 61 54 9E BF 4F 6B C0 95 74 6D AA 01 56 EE 9A E9 B1 5F 8B 30 0D 92 9B 3D
2025-10-16T21:04:30.788398,56.948,can1  222  [64]  19 14 56 9C E9 57 E5 A7 A5 DE 8D CE 0E 25 D4 81 D3 14 2B C3 F4 E9 39 8F 0E BA 3D BC 0D C6 E1 43 28
2025-10-16T21:04:30.791773,56.952,D0 5B 25 30 8E 72 33 D9 8F 22 EA F8 BB D5 8F C4 D6 20 D8 23 2E DD 4E B3 3D 28 0A 3C 28 71 D6
2025-10-16T21:04:30.793094,56.953,can1  222  [64]  B3 AD 4C 98 8A C2 D1 A0 12 F9 C0 82 6F B0 95 D5 A1 D4 6E 87 41 0B 74 72 6D 84 48 A8 32 39 3C EC E4 DB F0 9D EE 6F 27 9C E7 A6 30 E5 D9 40 F0 C0 4C 30 42 9C F6 A4 E7 1B 68 38 39 0D 85 6A B3 31
2025-10-16T21:04:30.795723,56.956,can1  222  [64]  D6 B1 BE C3 EC 57 4F B5 D7 94 F5 2E 79 04 DB EA 58 34 94 03 15 01 AC 67 4E DF D2 83 49 99 21 10 6C 38 1C 0D 97 07 90 F0 1C 7D E1 AD E4 E2 D6 61 2C C1 2E 75 99 AB B3 F8 CC 41 72 27 CB 1C E9 F6
2025-10-16T21:04:30.799162,56.959,can1  222  [64]  B9 EF F6 48 5B D8 FF 93 5E E7 F1 CE DC 8C 23 68 D9 C4 B9 92 CC A5 A0 C8 0B A0 C9 43 DA 56 A5 2C D7 1D 23 B8 54 22 25 D3 AE B5 FA 4C 3E 1C 4F 65 45 C2 E9 9D 1F A0 6F C5 A9 4A FB A6 0D E1 E5 49
2025-10-16T21:04:30.805268,56.965,can1  222  [64]  D9 A3 24 01 F0 34 59 F5 F0 48 E2 E5 27 D5 7C 38 D7 D3 03 DA 59 51 80 AD 66 AB BE EF 97 5C 0A 98 78 9D 11 40 5E E6 64 EA 90 95 B2 6A 21 36 25 0D FC B2 DD 3A 17 6D B0 7C 65 FA 18 A3 A8 C2 91 CD
2025-10-16T21:04:30.807881,56.968,can1  222  [64]  36 DB 11 3E A2 1E 1E CC 83 58 65 63 BC D4 2D 0A 99 3F 10 D3 09 A7 06
2025-10-16T21:04:31.729680,57.889,04 D9 A1 E6 97 09 8F 92 55 74 2B 5A EA D7 83 A7 AC EE 81 A4 A5 9A F4 41 CB F6 3A C9 4B E6 BC FE 4F E8 07 91 EE F4 CE E2 E5
2025-10-16T21:04:31.730933,57.891,can1  222  [64]  3E 3B A4 53 95 C4 37 CD 21 0C 6B D8 12 F0 D0 4D 32 17 E9 BC F5 11 C1 84 37 4D 7D 2A 24 07 E4 BA 9C D4 0F F5 69 8C 16 C1 52 9D 1A 8F 17 4A 45 8C EB 6B 66 2A EB CB 0A 42 4C 4D EC 5B 74 7E 30 CE
2025-10-16T21:04:31.733862,57.894,can1  222  [64]  C7 C5 F4 29 82 4F 93 28 0C A0 A3 3A F7 DC 4B 24 36 AB DC 2A 97 2A 49 34 D8 BF E4 95 DB 60 D0 8D D1 81 CB 0D EF 3E 15 89 2B 84 27 0A 08 F0 81 1D 9F 0A E9 2C 51 E7 B3 46 FD 04 F5 FC 18 99 5C 24
2025-10-16T21:04:31.737427,57.897,can1  222  [64]  C0 79 F0 0D 3A B7 BF CA B8 C4 44 AB C9 64 C6 DD DF 1B F5 39 41 0F 55 43 BC D7 04 8D FD 86 08 5C 78 02 C6 D2 14 0E F3 94 E7 BF E2 E8 40 9F CF D7 28 B0 99 5A B1 82 D0 10 8C 14 A4 54 C7 C4 0C 01
2025-10-16T21:04:31.740145,57.900,can1  222  [64]  7E 4F D9 74 A8 D8 DD F6 C5 74 4C C4 C3 54 97 03 17 9D 1B B5 07 CD 08 7D 55 A8 36 49 8F B8 BF 3A CC B7 25 C9 17 AA 46 20 84 66 B2 8F 39 2D 13 33 F9 78 35 E1 6E E1 36 2F C6 80 7C D4 BC 03 F0 2C
2025-10-16T21:04:31.743023,57.903,can1  222  [64]  4E 5C 25 DE 60 28 CB 04 05 60 A0 3D C
2025-10-16T21:04:31.745583,57.905,1 2B 37 F5 D0 03 EE A9 D0 FD 5F 9F DD 01 DE 2A E4 A1 A2 3B 0A 38 71 02 B3 EA 93 73 A3 02 D6 E5 E6 D2 E5 76 F6 06 52 9B E4 61 81 AC E3 E1 5F DE 4B B7 4C 21
2025-10-16T21:04:31.747112,57.907,can1  222  [64]  AF C9 FD 9B 84 78 7A 0F B3 57 98 E2 C8 9F 43 3C 4B 33 7C 2F 1B 25 16 B8 FC 78 5C 8D 31 E5 28 B6 C6 A3 E6 C5 52 C2 4F A1 11 B2 D7 6D C5 62 CA 1D F2 16 FC 5D D0 4A B0 AB CF DA 6D 13 3C 8A 30 D4
2025-10-16T21:04:31.750604,57.910,can1  222  [64]  E5 40 E6 9C 20 C3 D9 07 97 03 65 DB 8F B4 17 EF 84 1E 49 F1 35 02 EF F9 94 D0 F8 55 C3 DF B1 48 6E 1A 68 3A 7D B9 D6 0B D3 A7 E6 C9 4A 23 DA 35 E0 ED AD 6C 94 30 F3 CF 6C 20 78 06 4A 3C 36 84
2025-10-16T21:04:31.753591,57.913,can1  222  [64]  BD 93 57 95 42 D7 D8 C3 FD 7B 5D 08 63 F6 84 ED 81 F4 69 43 66 5B B5 9B F1 11 21 43 31 7A 73 0B 3C FA D2 AF C8 87 4D 26 A6 DF 52 FE 6E B4 3F BF 29 44 EE 48 3C E0 D4 70 CB D7 1A DC 5E B3 1A FF
2025-10-16T21:04:31.755756,57.916,can1  222  [64]  31 3A 3B 93 72 59 53 20 D5 80 1C 15 16 86 B4 3C 3C 82 25 29 D8 66 DF 23 4B 1D 64 49 28 61 15 F6 A6 EC 07 8A 25 40 23 70 FF 5B AF 42 66 8E 04 E1 56 9A 4B 99 E8 44 13 CF C3 02 F3 37 AB F1 88 22
2025-10-16T21:04:31.758917,57.919,can1  222  [64]  D1 66
2025-10-16T21:04:31.762132,57.922,30 4D 48 0A 06 3C F1 D4 01 FA F6 15 3A 45 CF 9A B0 47 B3 75 2F D5 C2 B8 13 78 1F 01 1F 02 12 CB D9 09 C5 42 1E 8B 76 17 D0 19 CD 9A 04 68 11 84 49 0C F3 D6 D9 60 CD 2C 39 7C 3F 9F 75 86
2025-10-16T21:04:31.763831,57.924,can1  222  [64]  A1 4B F9 53 C5 B6 C2 EB A7 8E 7E 15 D5 76 5B D8 35 6B 3F 16 40 62 B8 82 49 39 8E 8E A6 F3 01 49 C8 F7 40 D1 1B CC 2E 5D B6 0E 27 2D D5 F2 01 72 29 62 18 5A 06 05 B2 DC 28 16 6A 7E A1 67 64 19
2025-10-16T21:04:31.768463,57.928,can1  222  [64]  C0 61 7A F1 B7 40 93 F2 C8 DC 3B 7C A9 E9 A2 9D 2F 8F 40 B3 81 0A A1 FB 2A CF 85 62 87 EE DC F5 FE 38 EB 05 87 EF E1 C9 54 17 A9 82 BE 37 1F BE 9A 0C BD C7 F4 11 49 A7 9C 17 FB 72 A6 D7 E1 17
2025-10-16T21:04:31.787991,57.948,can1  222  [64]  8C 3D AA 4B 3B AC FD 05 BA 8C FF 56 E3 C6 B8 56 35 D9 1C 59 9F B7 09 F9 14 31 3B B1 03 CC 58 98 77 11 B6 C3 C5 B6 C8 4E 29 56 E6 7F A3 18 E6 75 41 62 DC 5E 08 DD 72 3F DF E1 4D 39 FD EE 9F 21
2025-10-16T21:04:31.790512,57.950,can1  222  [64]  A8 BB D6 17 38 1D 0F 4A 2C 56 F8 C5 6B 20 0D A9 F9 94 D8 33 88 D0 ED 1A E6 09 17 FB 46 AA 2B 3B EF D0 7C 66 39 4A 1F 93 0D 95 CA 76 EE 7F 7B 69 43 E6 DE 21 14 B5 04 44 82 75 21 FF 2D 21
2025-10-16T21:04:31.792928,57.953,80 EC
2025-10-16T21:04:31.794068,57.954,can1  222  [64]  8D A2 B9 13 5E 2D 7D B6 9F B9 AC 20 DF 16 EA 53 59 BC 51 A4 25 AC FE 64 A1 76 1E 0A 01 59 A3 5C 06 36 4D 55 91 E0 7C D3 95 C4 5B 9C EE 72 A0 A5 D6 A3 1D 16 09 EA F5 58 C5 64 F7 1F 7E EA 61 41
2025-10-16T21:04:31.796674,57.956,can1  222  [64]  FE 7D 93 EC 7B 06 E0 16 D1 6F D1 B3 21 E2 5A 6F DB EB 8D BC 99 EA 22 5B 25 05 85 B3 25 05 53 89 3B E4 A5 B9 7A BE 74 92 B2 74 4D 94 70 1A 54 CA E4 22 EC 49 4D F0 D3 CC F2 AD 0B 61 8B 43 1D BB
2025-10-16T21:04:31.800443,57.960,can1  222  [64]  22 43 6A 55 46 42 E5 8D B3 3D 47 9A 30 69 91 BE 81 88 D0 E4 CA A0 B3 1D C4 5D 0A 89 B5 DC 29 67 26 15 79 FA C6 1E 5E 87 48 FC D5 8D C4 8E F6 09 B5 B3 F9 B2 1A 46 F1 6E E6 62 4D 76 FA 83 68 20
2025-10-16T21:04:31.803793,57.964,can1  222  [64]  85 1F 19 7E 56 CB 81 EE 06 AA 67 85 E3 39 B7 92 15 5B 72 87 42 C5 39 1A BF A5 3F 08 3E 8E 27 3D 1F 36 D0 C4 52 3C 2C C3 AC B8 8F 10 AB CE 6B B9 AE 43 F8 A1 AC C7 7D E7 78 CE 94 43 FF 1A 2A 22
2025-10-16T21:04:31.806549,57.966,can1  222  [64]  51 E0 4C 9E 7F E4 7D 2F B6 6A 7E 6C 91 58 4A 51 B8 2A 19 BA 1C AD 06 53 A4 C3 77 5B 46 6D 6F 6A 73 61 48 84 77 63 85 6F 99 F9 C6 6F 02 FF 0E 74 C3 FB 98 9C
2025-10-16T21:04:31.809355,57.969,75 D5 4D FF 85 D5 E8 EA 53 13 D6 64
2025-10-16T21:04:31.810513,57.970,can1  222  [64]  01 6B 17 57 46 12 5F C3 21 70 8B 8D A1 5D ED 31 5F FD E1 B8 10 F2 21 40 46 85 02 F1 6A 1D 64 53 C8 6A 2B 97 6D 37 1D 26 01 1C AA 92 97 66 EE 0D A2 F9 24 49 2D 56 94 BA A9 CD 1A A7 97 59 78 A8
2025-10-16T21:04:31.813099,57.973,can1  222  [64]  47 B1 39 86 0F 72 91 D2 DD 11 22 35 2A 08 6A 16 78 A3 9F 9A 52 B0 57 AD 2B D0 D9 4F 64 84 91 25 DD 56 F0 19 62 94 E7 C4 D4 E5 8A 76 34 AB C5 DE C9 4B DE 59 64 FC 4F 91 F1 6C 95 D3 73 32 6F 6F
2025-10-16T21:04:31.816540,57.976,can1  222  [64]  91 89 55 E6 57 5A 4C EB 1C 99 12 AC 8B F1 A8 48 E9 27 A8 B4 52 5A CF D6 2F 70 FC 78 2A 70 15 09 D8 16 68 14 0D C1 2D 45 AA 17 35 21 8D 60 67 E1 FA F7 6E 8B 7B 6A 96 4F 2C 34 93 C0 CC D8 0C F8
2025-10-16T21:04:31.820828,57.981,can1  222  [64]  BF 71 17 8A 86 B4 13 36 56 41 AA 4A A8 09 66 DB 30 B8 62 04 16 20 18 7C 45 9A 9A 52 7A A3 C7 22 27 46 CE 82 3E 58 1D 6B 56 52 AC 6F 43 5C 54 D0 CD E2 6C B9 A6 8A B1 D1 FF DF 1F C5 65 C2 97 E2
2025-10-16T21:04:31.823691,57.983,can1  222  [64]  88 89 10 08 35 FD 64 C0 CC E5 33 85 B3 EC 8B 7A 3C D4 0C F7 3C A5 E1 25 01 38 BD D3 E7 44 54 6E C8 C9 17 51 79 90 61 63 59 C
2025-10-16T21:04:31.825900,57.986,7 9F 6C A6 D9 18 F8 4B 2D ED 86 5B 3F 0B 2D 09 AC 1B 05 56 D9 63 DF
2025-10-16T21:04:31.827246,57.987,can1  222  [64]  23 E1 5A F8 6F 57 55 7D 0E E8 06 11 31 54 B7 02 60 94 72 28 D8 82 86 F6 DC A2 1E EE 56 D5 FF E1 77 18 AD E0 B9 D6 54 8F C8 45 7F 1B D5 77 85 68 D9 70 22 A8 C5 44 6C F4 14 A6 2B 6D 2A 5B FF C2
2025-10-16T21:04:31.829825,57.990,can1  222  [64]  A4 58 2F 0C CF 90 BF F5 93 32 D0 40 26 A0 89 0E 69 7C FF 37 C7 C3 83 B3 67 48 D9 7C E6 3C D4 5B 02 76 73 BB E8 63 D2 34 86 99 95 69 F8 82 AA 91 D3 F4 4A 5E BB D5 1B 2B BE BC 3E F0 FA 0B 20 D2
2025-10-16T21:04:31.832950,57.993,can1  222  [64]  36 AA 93 56 03 A3 C9 4E 9C 9C F4 62 0B CB AE 6A B9 3A E9 D8 9A 74 ED 4C 55 7D 24 A7 40 F8 6A CA D5 91 3E F0 9A 32 DC 31 E7 EC 62 B7 37 2C 69 37 27 4F AF 06 31 80 B5 21 15 C0 19 EA EA 6E DF A6
2025-10-16T21:04:31.836932,57.997,can1  222  [64]  8A FA C6 2A FC F6 D2 AC DF D3 08 B8 7F BA 44 0E F1 99 65 5C 3B 5F A9 A8 85 DC 30 0B D1 8A 86 1C 8B 16 1B 4C 30 12 E8 7C B7 7C C3 14 91 8B 8E 0D CD 68 66 73 B4 B8 01 B7 6C 22 89 43 DC CB E3 F7
2025-10-16T21:04:31.840234,58.000,can1  222  [64]  B8 E4 FE 0E 08 EF 22 8D BA F7 E8 C3 E4 38 89 84 17 A9 17 AB 7F 10 D9 FA 91 8A 7B 8D D1 37 51
2025-10-16T21:04:31.843053,58.003,4C EA 51 1C 68 56 AB 2F 10 1B 5B 18 33 C9 95 70 78 F1 F5 EE E9 7A 8C F2 56 A7 0A 47 AE B3 92 91 BF
2025-10-16T21:04:31.844256,58.004,can1  222  [64]  64 6A 41 AD 65 20 60 9D 6D 74 74 84 BF A2 EF 76 2C 5D C0 0B A9 3B 54 CF 71 34 1D 39 3A A4 C3 3B BC 6E 78 BF 9C 38 43 FC 50 23 60 38 18 E6 59 DE 26 57 0F 68 63 90 A8 8D FE 1B 91 2D 0D 72 CB F2
2025-10-16T21:04:31.846829,58.007,can1  222  [64]  D5 C3 53 D5 2C 98 AA A3 1F 72 3D 6B 19 FF A6 40 35 16 4E 28 9E A7 11 BA BD 9C D6 F3 F4 79 2C 0E 6C 54 BA C2 07 C8 48 51 53 B8 1A CB AF 0F BE 60 EA 67 FB A4 A6 64 20 A9 1F FF 0D A5 B5 43 7E B4
2025-10-16T21:04:31.849902,58.010,can1  222  [64]  F6 78 84 CD A6 36 DA 23 9B 53 F1 25 C8 0F FA AB A2 65 43 AD D8 B5 5A 2B 2E 21 86 01 72 F6 57 4C 3B CD CD A3 5D D0 1E 0A D1 18 55 A6 F0 32 23 01 7A B2 95 5E F8 69 E0 B4 2D 16 FD 38 50 84 5F F0
2025-10-16T21:04:31.854301,58.014,can1  222  [64]  C4 AC DE 2D 49 63 47 9C A2 09 27 DE 43 0E 4E 55 87 0A 3E 6C 50 1A BE 72 CD 6F 29 1F 70 46 BC 01 93 E4 25 C9 20 60 BB BB 88 37 34 87 3C B3 17 7D 94 97 69 F2 DC 83 68 B6 ED 47 D9 A1 68 8A 2E 8E
2025-10-16T21:04:31.856906,58.017,can1  222  [64]  AB 1A 02 FF 92 AE 96 30 AF 4F D6 50 EE B7 FB C3 B6 4C 7C 60 63
2025-10-16T21:04:31.858961,58.019,72 06 75 89 65 21 1C 98 E5 CA 08 BA 2D 3F 24 59 AB AD 28 EA 0B E8 31 45 3E A7 F1 B6 57 AD CF 6C 09 05 1C 3B 84 D2 5B 71 3D DD C4
2025-10-16T21:04:31.860477,58.020,can1  222  [64]  7C 27 A5 C5 E9 30 71 0D 08 12 C1 96 96 49 D5 3B 08 E4 1F 93 FB BE 25 83 13 D3 64 54 4D EB 20 CB F6 E1 62 D5 BD E8 E1 F2 B4 32 54 F0 E6 DE 4F 7B 81 8B E7 32 62 34 F3 A4 02 D1 CC 47 64 DC 68 B9
2025-10-16T21:04:31.863188,58.023,can1  222  [64]  46 77 0F 33 52 16 A8 DC 82 86 6D A7 6C 81 AE E3 79 7F A1 1F FC 75 77 F1 BF 1B 48 D3 B9 11 D7 2E 55 8B 2E 6C 4D 0D B5 9A 3A C1 55 D0 C3 82 18 7B BE 0C 7A D6 16 35 76 C1 54 5A EF 8D 80 C3 C4 76
2025-10-16T21:04:31.866011,58.026,can1  222  [64]  59 85 FC 3F 76 5A 16 9B D1 B1 15 FD 4D EC 87 2E E8 80 A9 5C 30 AD BC D0 49 DB 88 25 8D C4 B4 53 39 25 72 16 6C ED F7 06 AC 60 78 E0 BD 0E 97 31 3D 34 C6 7A BE 43 29 AA 77 9A 33 83 5F 9C 36 5F
2025-10-16T21:04:31.870841,58.031,can1  222  [64]  48 1A 52 4E F2 F7 D8 1A 4E 07 9C 38 A1 FF 60 28 8C B4 C6 05 3A 1C 19 EC BD AA D0 FE 6E 21 53 FF 59 61 63 0E 1C EA 4C AE 95 FB 13 53 10 E2 76 3C F9 9D A0 56 B0 C6 CE BE 5D 72 22 45 61 6F EE A7
2025-10-16T21:04:31.873741,58.034,can1  222  [64]  10 1D 79 A2 E2 9F 2E 88 F5 B6 7
2025-10-16T21:04:31.876171,58.036,A 3C 13 B3 38 A5 FE 70 A7 4B E4 5A 9E EC 67 0A D1 55 07 13 2A DB 52 85 A8 3E 53 86 20 41 3E EA 7A C4 1D 03 0C D5 D0 BD B4 01 E5 73 E1 56 6D 41 BC 4C 26 19 38 0A
2025-10-16T21:04:31.877415,58.037,can1  222  [64]  55 2E CC 4E 8E 43 FF CC 29 5F 1D 3B FC BE 40 64 ED 66 67 9F 2C 44 17 43 70 9B B0 0A 49 91 81 B2 F3 1B C5 B5 A3 9E A8 C1 D0 35 54 72 2B 2B E9 C1 A3 EE 3E CE 09 77 1E 9B A5 D8 9B 38 8A F7 AB AB
2025-10-16T21:04:31.880413,58.040,can1  222  [64]  D4 F7 91 DC 40 F8 FB 14 64 CF 3A 90 43 22 5B 1C 4C AA 09 4E DD CA 1C 3C 35 C0 E9 BD 3D AE AD 10 ED BD 64 05 16 B4 90 0D 63 52 45 BE 29 11 CF C1 3A 5F 8A A4 CA 11 53 A3 62 EB D5 12 73 EB 9A 6E
2025-10-16T21:04:31.883513,58.043,can1  222  [64]  74 1F B2 E6 1F 8D B8 BE 68 EB 18 59 F3 90 56 22 96 29 9E 0C CF 99 2F 5F E4 A4 59 71 FB 54 2C 47 91 EB 13 A1 07 64 51 3F 3E 27 F6 35 41 9E 50 21 C1 6C B4 D5 4A B2 26 C8 53 41 BF 3B 4C 77 36 B1
2025-10-16T21:04:31.887517,58.047,can1  222  [64]  94 D9 D8 C0 97 3F 49 34 A7 F6 BB C1 EA 6D 03 02 04 09 D9 22 E9 E6 E0 FB E9 E6 8E 12 2A 0D FC 53 AE 9D 63 CD 54 05 DE 54 7E 7F AA 81 C6 DF 3D 0E 39 60 20 FE 3F 03 A8 10 85 D1 FE 51 86 93 9C 2E
2025-10-16T21:04:31.891576,58.051,can1  222  [64]
2025-10-16T21:04:31.894834,58.055,13 F8 94 8C 35 0B 40 BC DC D1 0B E8 D9 70 1C 47 C0 47 EC E0 0A D0 BB FF C2 DC AF 84 15 23 CF 10 5D E0 7F BA BA 92 99 9B 78 DF E2 7A BC EF 8E 60 21 A8 11 F8 C4 62 5F 95 E9 9C 9C 35 8A 96 DB E9
2025-10-16T21:04:31.896570,58.056,can1  222  [64]  9A 7B 28 C8 64 F5 FE 5A 9B 6A 41 DA DD 34 1F C8 F2 77 78 6D 81 1E FE 05 C0 A0 70 DB 48 64 54 C1 B4 F5 B2 D8 24 D3 40 3E F1 DC 55 BD 98 9B 64 03 4F D5 EC 57 EF 44 19 38 50 D0 7D 0F D6 AB FD 0B
2025-10-16T21:04:31.899342,58.059,can1  222  [64]  2D F5 2C 35 8F 32 E0 4F 50 F3 61 F5 12 A5 80 39 43 7F F9 32 B1 BE 5E AA 55 6A 79 51 34 70 59 E4 31 09 7A 94 47 67 C0 06 A0 D9 A6 85 F2 97 5D 9D B2 A6 04 80 05 05 BB 1F C8 23 F3 66 48 4C 47 70
2025-10-16T21:04:31.903715,58.064,can1  222  [64]  0D 5E 21 99 10 2D 82 C7 7A 1B EC 3D 4A 9F E7 D2 9B B6 6C 67 8B E7 CD 2A DE E9 BD 17 C7 52 06 C1 D8 83 FF 61 EB 9A A9 1B F4 DF 2C 13 42 E4 CA B1 5B DC E6 65 7A 90 E1 3D 45 E4 53 32 47 2C B0 57
2025-10-16T21:04:31.906082,58.066,can1  222  [64]  EF 0E A7 CD DA 46 D5 5A 0B D2 8F 7E DA 3A 4F 58 51 C1 18 13 F0 AA 9F 35 A4 90 98 2C 8F C7 BF 40 65 27 2C DF 91 4A 9F D4 A2 6A B4 01 5E D7 14 CD B4 8D BA E1 AB 74 71 71 0B 37 B1 FF
2025-10-16T21:04:31.910051,58.070,D6 8B 3D 7E
2025-10-16T21:04:31.911431,58.071,can1  222  [64]  18 0D 65 93 5E 45 AE 42 BF 71 0C 3D 21 8F C9 BF 77 0E 3B ED BB 5D 68 99 EE 91 34 C9 BF F6 AC EF 6A 52 B9 86 73 1D 99 7B 87 D9 06 C8 62 D9 4B 0B 22 48 F8 38 D7 41 86 E7 40 6C 4C 09 35 F6 C2 0C
2025-10-16T21:04:31.914484,58.074,can1  222  [64]  C7 6A 62 1F 0F 53 78 9C DE AC 1A C1 AC F2 BA C9 0A 4C 05 FC 70 B2 F1 31 EB 80 0C 10 B4 87 D5 C4 5A 38 D8 05 8C DF 36 70 B8 6D 28 BC AE 4E B7 ED FD B9 10 52 58 C5 C9 5B 21 FB AF 5C 9C B9 3A A1
2025-10-16T21:04:31.918228,58.078,can1  222  [64]  AA 3E 5C D4 0B 89 CE 04 2B 41 77 D5 3F 69 BB DB AF CD 21 ED 58 E3 C2 96 CF D5 9B 7A D2 46 45 70 53 63 63 5E 19 D8 05 B2 6D 74 14 57 1E 35 70 E8 31 95 F0 9E A2 9D B4 DF 33 8D 16 6F C7 35 BF E2
2025-10-16T21:04:31.921716,58.082,can1  222  [64]  A2 9F D9 A5 BF 5A 9B CF FC BD 6B 7B 84 58 0F 53 3B 11 34 6A 93 31 E9 2F 59 44 79 5D DC D3 4C F8 94 3D 2F E4 C3 50 07 2C A2 10 EA 9E AA 82 37 13 CB 8D D0 45 0E 8B B0 C5 7E 88 AB 3F C7 56 BE 68
2025-10-16T21:04:31.925216,58.085,can1  222  [64]  20 1D F9 8E 9F 6B 78 53 4A 53 F2 AB 2F 45 53 AD B8 86 8F F6 D2 3D 25 77 36 9A 01 E0 91 0B 23 53 0D 0D EE 94 F7 24 BB B9 FC BE D5 F4 21 39 31 58 74 86
2025-10-16T21:04:33.146697,59.306,C9 7D F0 15 29 D6 23 A9 26 DA 5C C8 09 50
2025-10-16T21:04:33.148097,59.308,can1  222  [64]  DD 0E CF 9F 39 9C FC E8 10 8D 53 71 70 8B 4D C1 A6 34 8A 9A 48 EE 94 2C 66 2E 37 BC 3B 19 2F A5 5A 19 49 0B 82 2C 16 69 72 8F 18 17 9F 3B 3A 2D 78 D4 1A C9 72 72 04 69 CC 8D CA 72 4A 38 43 6C
2025-10-16T21:04:33.151606,59.311,can1  222  [64]  43 3B 4A 91 3F 56 A7 9D 6E 65 DF DD DD E9 89 E4 25 D1 3A 5D 14 63 F7 B8 1D 04 1F 34 81 ED 90 95 B6 DC FF 74 76 44 18 CC 33 9F 8D A6 E9 6E 62 11 E4 46 29 E6 C9 2F 7D 0E E1 32 F0 4B 70 BB F3 4B
2025-10-16T21:04:33.154967,59.315,can1  222  [64]  B2 C8 67 CA 5A E2 9F C8 5F 11 0C B8 4D 58 A4 28 BE 8F 6F D2 A5 1D 4C 07 BD 25 A5 8D 99 8C 43 A5 A0 FA 53 4A 11 38 74 E7 43 D9 0E 7D E8 12 DA E5 F5 A2 98 9E BB 10 77 58 73 D7 09 B5 8B AD 99 87
2025-10-16T21:04:33.157823,59.318,can1  222  [64]  FF DE C1 E8 D8 E2 F1 6E 61 74 B3 EB B4 70 7B A2 9A 87 3E CF 57 05 30 96 70 6D 49 7B 33 DC 83 8B BC EE 08 BA 84 EE F8 1D 68 13 FD 27 4F FB D4 ED 29 7F FB E2 F7 A9 AF 0B 42 CB B1 65 EF 96 8F 2D
2025-10-16T21:04:33.161033,59.321,can1  222  [64]  7C DD B0 19 81 A3 7D 31 F3 21 AE 7E 0E E9 98 60 2B 1D 86 F6 54 D6 64 73 FB AF 45 C8 B4 7C 27 1A BE 15 2B 7F 5E 94 2B 1
2025-10-16T21:04:33.163690,59.323,5 B9 E9 F6 BD C7 8B AD F1 6C 0B 12 56 48 B7 E2 9E 5E 04 79 C4 A5 70 30 9A
2025-10-16T21:04:33.165514,59.325,can1  222  [64]  1E 40 14 69 29 66 C7 AD 49 C6 05 29 E4 F4 15 F0 3F C8 95 35 F0 95 D7 01 47 05 BF 31 33 41 41 0C 62 0D 04 16 02 91 C1 84 01 9C 59 8A 12 85 5B 57 89 AD 06 AC 24 0B 5B EB 40 92 39 26 35 67 F6 9E
2025-10-16T21:04:33.169591,59.329,can1  222  [64]  CF E5 F2 4F 64 64 DE 82 0F 85 75 51 69 EB 48 31 F7 14 82 E9 95 2A 13 A6 40 22 60 AB 27 5C 16 57 2D 9C 56 04 6B 9C 78 54 BE 35 36 A3 08 B2 74 41 61 96 99 7A 99 C6 6E 76 D8 D1 BA EC 09 CD 8D D3
2025-10-16T21:04:33.172727,59.333,can1  222  [64]  77 E8 8D 94 CC 9E 06 F9 94 FC 90 85 52 2E 82 47 0B B9 D1 C1 E8 BA 73 4C 90 7E 45 AA 4E D8 5A 57 17 81 4C 33 9A B7 E0 8C 7D 36 CB 70 65 6B 48 6B 9B A6 CB 6D 1E 9B 68 25 73 67 14 0C 33 F9 0C E3
2025-10-16T21:04:33.175472,59.335,can1  222  [64]  A1 BD 99 E6 CA 37 4B 73 DC 8C 1F AE 54 14 22 6B DB 3A E6 0C C8 6C F8 45 4D C3 2E 89 4D E3 2D 6F C5 E6 42 09 74 53 AC 84 42 27 A2 38 45 F3 68 63 41 C9 46 81 38 C6 E9 D4 EF 64 6A 01 7F 4E DC BD
2025-10-16T21:04:33.179369,59.339,can1  222  [64]  7C 35 31 AF E6 76 D1 0F C0 A1 1B 20 F6 55 C4 FC 4E 52 7C 92 4A 0B 3A 85 15 AC 66 1F EB
2025-10-16T21:04:33.181708,59.342,93 CD FD 78 6E 4C 31 FB 7B 20 34 4A 39 EF 3D C6 49 92 D4 86 23 B7 29 A5 1C 2A 9F AC 29 77 93 1A F9 79 6C
2025-10-16T21:04:33.184473,59.344,can1  222  [64]  FB BA 31 0B 72 32 E2 4C 38 85 E4 46 A4 DA 6D ED DE A8 8F 31 D1 56 9E D0 40 E0 43 3D 83 25 8C 35 5B F8 15 5C 15 C4 13 B6 6B 62 D2 01 2D 3F 60 80 2B AD DA 7B 48 B2 3E C7 A3 61 9A 95 48 DC 83 89
2025-10-16T21:04:33.187135,59.347,can1  222  [64]  66 C1 1B 66 27 AF 91 82 F7 06 10 F6 1E 35 4C 14 DB 98 F0 BC F6 EF FC 38 A9 F4 B7 20 01 5A 4B B9 D5 1E 8D 5C CE 55 3C 4B 32 0B 98 A3 88 20 A4 A3 34 B2 55 61 26 21 38 8D 18 AB 47 67 D5 84 65 8B
2025-10-16T21:04:33.190520,59.350,can1  222  [64]  8C D2 B6 A6 09 47 0D EE 6B F5 5A D0 44 D6 13 E5 D7 77 FA FA C0 A5 51 0A 9C 90 CB 70 12 F9 46 9E 8A 06 FD 5D DF C4 BB 6C 25 50 7F 10 29 A5 5A D1 EB AB AE 59 35 D4 D0 F6 57 48 0B E5 56 B1 03 E6
2025-10-16T21:04:33.193838,59.354,can1  222  [64]  FD B2 6E 6C 14 D9 E1 C8 4A CF 3A 13 DE BB 7B 2B 2B 32 99 2C F7 90 8D 21 79 6A 8C 7C D6 99 D6 92 25 94 6B 22 C7 35 82 C9 C8 EF D1 E2 F0 F6 A4 98 62 FD 05 39 B1 E9 6E C5 5A 64 9A 2B CF 6B A5 AF
2025-10-16T21:04:33.196676,59.356,can1  222  [64]  F7 FC 40 C5 20 D8 D0 89 42 80 13 D5 C7 0D EE B1 15 A7 19
2025-10-16T21:04:33.200365,59.360,76 18 C7 C0 A0 A4 1D 42 3F 36 2A E3 63 A3 18 6A 14 49 56 9A BC 43 C1 32 B2 49 01 21 EB F0 A5 C6 23 D7 98 34 A0 E4 5C 8C AF EB 6E 1E 53
2025-10-16T21:04:33.202309,59.362,can1  222  [64]  54 36 B7 E7 73 FB EF 5C F5 24 72 A0 AB 88 6C 04 5D A2 F0 AF 96 A6 20 96 BE 7B E5 D5 A7 7A 4D 28 3B 5A 52 7D B3 BA 76 01 39 F9 6E 2D 47 69 1F 2B 5D AF 0D F9 A4 1B F2 2A 64 8D A6 33 4C 21 E1 7D
2025-10-16T21:04:33.205330,59.365,can1  222  [64]  CE BD B9 45 EC E5 C3 E7 D8 3F F6 3D CB 22 22 40 8B 38 0A 4F 93 D4 AB 0F 4F EE B9 04 9E A2 6F B1 8B E6 E8 BE 2C 2F BD CC CD 0A 4C B5 CD 5A 85 44 AC A8 ED 10 FA 21 1C 11 9F 08 82 87 12 48 0B C2
2025-10-16T21:04:33.208503,59.368,can1  222  [64]  C9 0E AA 15 C2 43 8D E3 12 39 B0 3F 5E 34 5D F8 FA A1 1D 12 26 9D EC 0F CE 8C 0C 5A 57 91 92 15 31 C9 EF DF 63 F7 C2 8C 56 D0 0A F5 35 6F 65 41 D5 60 D6 ED 59 35 9F 56 05 40 DA 99 C9 9D FF 35
2025-10-16T21:04:33.211290,59.371,can1  222  [64]  FF B9 2E A0 42 B7 E3 2C FE 94 A4 1E 8A 39 34 54 7E AC B8 08 51 C3 96 86 C4 55 63 30 BD A4 E3 EB FA A0 3A BF F1 AC 96 67 AD 7E A0 85 3B 8D 0C 4B B7 16 C1 CE 85 1F CF 4A B5 18 43 61 36 9F B2 6F
2025-10-16T21:04:33.214211,59.374,can1  222  [64]  C4 9D 0C 75 09 9E EB 3F F
2025-10-16T21:04:33.217995,59.378,E 48 CF 71 1F CA A1 C1 4E DD 11 A5 E1 D3 82 28 5F E7 B5 76 34 09 52 AD 4E 4F 2B 58 CF 12 EA 4C C0 D2 61 A3 DB 50 97 E8 AE F9 5B 52 39 B4 28 86 F9 CC A8 FF 39 A0 B8 35
2025-10-16T21:04:33.219530,59.379,can1  222  [64]  B1 AA 75 C0 1E 69 3F DF 92 27 B5 0D 6F 7F 6A 05 6C FE 97 8D 36 36 D0 45 3F 8B 61 94 D4 51 D9 AC F2 97 4C 3E 90 A0 AA A2 2D 27 9A A1 C4 FD 5C 84 99 25 7B 62 D5 28 A3 DE 55 30 D0 47 D3 ED 34 47
2025-10-16T21:04:33.222951,59.383,can1  222  [64]  80 C3 B9 FC F3 AD CE CB 07 28 F1 98 85 4F 7D E8 C3 0F 0C 1E B6 6B A3 88 D6 D4 0D E3 21 7D B1 19 60 7B 4C 6A 5F AB 8E ED 98 59 D4 78 7B 8D 1D 01 9C D5 EB 5C 9F A8 F0 96 6C 3A C2 6B F5 B3 36 81
2025-10-16T21:04:33.225669,59.385,can1  222  [64]  D6 97 A5 B4 A7 2B 53 B1 B0 1B D2 6D 15 20 B9 5C 2A 5B F8 8E F9 43 BF BE 24 DF A0 ED 91 DF 56 22 C7 A6 24 E7 68 CA 81 F4 A2 12 42 33 03 3A 66 6D 98 A5 E9 FC 80 89 3B 4E DC 51 BD 13 97 52 33 50
2025-10-16T21:04:33.228726,59.389,can1  222  [64]  48 EC 1C 07 13 D3 A4 DB F8 04 5F C4 50 26 3E 4F 94 42 5A 18 E1 FD 10 82 94 45 FD 7A 87 13 5A 8D 5C B9 30 71 A3 73 26 C1 02 09 0A 13 85 B9 09 9D F8 8D 6B 9A 5D 2C 58 78 45 56 3C 15 5F D1 9C B4
2025-10-16T21:04:33.231352,59.391,can1  222
2025-10-16T21:04:33.235269,59.395,[64]  E6 3F 25 A6 82 A5 74 CB 23 3B 74 88 17 23 A8 FE 0D E4 53 EF AA 91 C2 F1 D5 DC 31 2C 24 7B 9D E8 2F BB 76 AC BB F2 C9 89 B6 9F 01 2E C9 76 93 28 6D D3 F5 AB F1 E6 80 4A 9A 5E 1D 0C C4 BC 37 CF
2025-10-16T21:04:33.236581,59.396,can1  222  [64]  03 3D 78 06 9E DD 5A 1F B5 7C B9 CE 1D 52 7E A5 4A 2D B8 2E B8 9C 18 55 0A 6E 2F 1A E4 81 28 1A 9F 17 6A 6E F0 31 9A CC F1 16 F3 63 8C 0B 32 26 2C 52 36 27 4B A8 F5 F8 18 9F 69 10 6E FC 58 2C
2025-10-16T21:04:33.240747,59.401,can1  222  [64]  98 71 CA 74 5F 55 25 13 57 0E 2A 57 82 F6 0A A5 80 94 D6 BB 19 AE 8A 49 6F 4F F3 BA 29 81 E7 7D 9C 54 E5 54 C1 E8 77 46 08 A8 12 DB FA B5 E3 2F BD 27 05 BE 47 8B B3 3A D0 F3 67 C7 4D FE 82 BD
2025-10-16T21:04:33.243419,59.403,can1  111  [64]  71 2A 6A C3 1C 0F D5 F4 7F 26 72 8D 76 53 F3 AB 40 F9 34 01 08 75 5F E5 0D B1 7D 0B 6B 11 7A 60 4C FC AF 18 39 BE 11 76 17 48 34 85 5E 98 EB 67 8D 2F 1E 7A BD 2A 90 46 30 03 5B 1C 24 46 9F 5F
2025-10-16T21:04:33.248572,59.408,can1  111  [64]  E7 D8 D2 8D 45 C6 C5 E2 AF D1 60 DB 1E EB E3 EC 6E 36 70 7A FE DC 6A F6 86 FE 3A D2 2B D3 73 DC E2 38 D0 9F 66 55 DC B1 5F EB 2F 45 05 5C 92 B2 FE 2E 41 B7 48 69 EF 0B 76 2C
2025-10-16T21:04:33.254563,59.414,B5 FB AC CC 36 FC
2025-10-16T21:04:33.256089,59.416,can1  111  [64]  03 0F C8 01 63 82 EE AF D5 8B 99 94 16 AC BC E2 EE 8C DF 07 27 60 B2 3A D9 CD 7E D8 64 13 FA 2E 72 28 7E C0 C9 32 40 31 30 45 32 0F BE 1F 99 12 6D 47 C7 C1 BD FE F2 B9 D9 9E C1 01 F5 3B 5D CD
2025-10-16T21:04:34.468281,60.628,can1  111  [64]  44 16 86 E9 B9 C5 48 8E 82 FE D9 9E 05 C2 F7 79 1B 39 25 04 D6 4B 3F 95 8B 16 62 FF F6 C6 E9 EA 28 A8 9B D2 BC EA 56 11 3E 1D B1 1D FD A5 83 93 72 82 44 5D DB 7B 3D 6B A8 85 2C AF 6C 7C 3D 4B
2025-10-16T21:04:35.553433,61.713,can1  111  [64]  2A 27 14 66 F4 AC 93 29 60 41 9A FA D9 7C 22 28 2F B1 85 8B A7 1F 7D 93 01 A7 C3 2A BF FB 05 A0 3F 05 05 7C A5 EC 35 47 4B CF FC 43 D9 7D 30 3A 9F BE 01 45 9C B0 42 7A 15 25 98 57 B0 FC 98 66
2025-10-16T21:04:36.647586,62.807,can1  111  [64]  3F 3E 40 F8 8D 7A 13 61 23 2D ED 9E CC 4C FA 39 42 E0 B7 B1 85 9C 7C 63 AB A2 64 6D B8 03 DA 57 D5 89 D9 CE 6F 23 48 5A 44 8B F9 25 A4 48 86 2E 1F FA A1 E3 AE 09 CC EE 55 A9 ED 3F 65 25 94 23
2025-10-16T21:04:38.192653,64.352,can1  111  [64]  4A F0 3B BF 1F EA 17 6A 06 6B 2C 16 C5 1F 91 9B E9 C5 54 02 31 DC B8 EB 72 9A 5C 02 34 87 48 67 30 96 6D CD 8D 28 6A D1 13 F8 65 4B 46 89 8E 2E D3 18 A4 D6 1D 53 C6 A5 B9 FC A3 36 EB 50 78 3D
2025-10-16T21:04:38.962084,65.122,can1  111  [64]  E9 0A A3 D3 30 62 6C 31 E1 D1 42 0F 38 7E EC FB 36 6F 78 DE 8D 23 0F 01 5E 20 22 FE A7 C3 19 B4 16 7A B9 9A A3 D8 37 67 51 BD 8E 19 B1 79 41 FA 01 CD 3A 29 D8 98 79 A6 95 D5 9D E2 AD 67 9D 72
2025-10-16T21:04:39.752714,65.913,can1  111  [64]  D5 24 D2 7F BA CE D4 98 86 88 30 AC AB BA CB F3 3A 6F 29 9A 4D 0C 20 F7 F2 51 9E E6 33 18 52 DB 4F D1 70 EC 71 9E 79 8E 51 4D 07 9F CC 77 6E 72 A7 B5 D7 F1 84 A5 62 4A F1 45 2A FE 64 60 A4 AB
2025-10-16T21:04:40.519143,66.679,can1  111  [64]  3F 9F 97 41 72 55 FD B9 DF 27 6B 1B 45 69 48 3F 49 8E 9F F7 CE 2F B7 AC 95 3B 88 10 0D 26 38 8E FE 79 76 FC 3F AC DC 73 F8 A1 B9 F4 C1 6D 58 04 83 D5 ED E5 C4 D6 98 E4 02 E9 1B BA 5F 37 03 14
2025-10-16T21:04:42.284226,68.444,can1  111  [64]  9E 34 65 B5 78 57 47 D6 9E 4F 77 E0 E6 D9 5F 7C C1 1D 97 FC 89 F1 24 6A C6 81 15 26 8F 11 BE 47 9B 34 21 DC A1 5D 7E 42 D7 D4 9D FA B0 F4 43 2C FB CC F1 F3 DD 57 0B 66 32 20 9F 43 AE 2B 1D F1
2025-10-16T21:04:44.364676,70.524,can1  111  [64]  83 E3 0D 76 5A 47 96 56 EC B6 78 F1 C0 0D 67 5A E8 88 5A 69 AA B5 6D 3B C8 A0 1E 75 C7 D3 EB EB 92 73 84 23 2F 38 AD 8A 84 84 B3 A0 31 23 26 61 F6 44 C6 45 05 E6 55 D3 48 CE 03 91 2A 5E CE 44
2025-10-16T21:04:44.370053,70.530,can1  111  [64]  60 AC A8 3A E9 FD FE C8 66 3B 5D A8 AE E6 83 D1 C8 02 15 E6 7B 63 2A 83 93 B2 28 0D 6A 7B 86 05 38 B0 43 F8 96 6E 2B 8C 98 10 98 8C 3C 36 40 79 A8 99 91 49 D0 55 0A A2 E3 7C 95 A0 62 73 9E C0
2025-10-16T21:04:44.374621,70.534,can1  111  [64]  D9 30 2F 91 AA 02 3F 94 2B CF 95 53 1B 77 A2 49 D4 F9 18 83 E5 AF 96 7A B5 57 3D 73 43 22 63 1C AD FE FD 44 B3 4E 81 C2 CB B3 32 AB 78 C7 6F 08 81 05 13 48 4D DD C7 AA 1C 20 34 F3 61 DB 4F 22
2025-10-16T21:04:44.379519,70.539,can1  111  [64]  4E 88 F1 5D 50 A8 A4 91 AE AF AD 2F D0 8E 2E 74 0C 98 FC 97 C8 2E 69 A2 40 17 81 4F 02 84 7A 6A DE 02 20 BC 29 9B FB C5 12 E5 4A 98 63 FD 45 F3 18 19 D9 5B A5 E4 8F E6 21 2D 63 53 9D 88 4F 9F
2025-10-16T21:04:46.675181,72.835,can1  111  [64]  D0 55 0C 54 F5 81 0A ED B6 FD 05 86 3A 1D 12 F2 4E B0 88 13 72 38 E4 06 CF 1B D1 54 39 71 1C E9 96 BD DD 69 C3 18 B2 C1 D9 E7 1B 0A 6C 79 FC 5D 2B 2A E7 10 28 EE 77 1A A4 F9 B5 A3 E2 36 4E 7F
2025-10-16T21:04:46.680231,72.840,can1  111  [64]  5B 09 11 50 83 AD 55 06 62 FD 14 64 7C 6F F7 BA C3 4F 76 43 1D 3B F3 E9 94 22 B1 1C D5 CB EC FF 05 CA F4 55 E1 41 90 A4 75 52 99 4E 4B 1E 11 92 1C C8 88 6E E5 B5 F0 7F AB 68 D0 DF FD D0 C4 F0
2025-10-16T21:04:47.771508,73.931,can1  111  [64]  9B 07 06 7C 05 7A C4 2F 68 29 71 A4 69 B3 AB 0D F4 48 59 58 E3 86 54 77 3B BF 68 51 BF 61 58 FE 4D 51 35 ED 68 83 5E 92 C5 52 4A 68 13 C5 81 3D 7A F9 41 66 52 BF A5 28 20 5B F0 D5 92 57 50 99
2025-10-16T21:04:49.849653,76.009,can1  111  [64]  80 BA 3D 55 E8 9B CE 36 DC 49 84 46 E6 56 85 2A 59 9C D2 FB F7 A5 F6 5E AE C0 28 D9 7D A5 73 44 F0 1B C4 1D 48 A3 DD BC FC E2 45 29 6D C3 4B B5 30 81 3E 55 D8 2A 6F E8 B5 6B CD FF 2E 01 F3 2D
2025-10-16T21:04:49.854787,76.015,can1  111  [64]  C1 80 74 C0 27 46 02 3A D0 29 C6 8D 78 97 71 91 03 F2 44 3D 87 58 C8 90 0C 8D D8 B6 79 61 95 90 42 53 9C BA 09 93 AA 49 64 B5 F2 A8 25 0E 91 61 CE 34 CA 2D CC 02 90 26 15 98 03 18 90 E7 B3 AE
2025-10-16T21:04:50.944799,77.105,can1  111  [64]  97 9F C0 78 DC 17 BA 7F 2B 9A 86 5D 5C 3A F7 D4 1E 25 2B A0 7F 16 C9 69 EC 90 BA DB EF 5B 56 D8 A9 29 EF 30 C6 2B E4 46 88 E3 2F DB E1 DB A0 7D 8D DC C2 92 4C 04 0A 9A A1 B8 25 12 FE AD 4F 8D
2025-10-16T21:04:52.069335,78.229,can1  111  [64]  9E 93 C3 0A 6D E7 3D FB 42 EA 60 78 89 CE 25 02 BB A2 98 60 47 0D 53 19 0F 2A 10 70 0B F6 5C 86 4B 58 0D 40 52 79 AF A6 37 B0 5B 9C 54 43 43 09 D8 6F 5E 76 64 C1 87 A6 2C F5 C2 DF 94 A3 35 B3
2025-10-16T21:04:53.298635,79.458,can1  111  [64]  47 2E 20 D7 46 9E 07 FB 6C BE C1 B0 B0 59 B1 B8 0F 73 8B 8A B2 6E C6 4B A7 77 80 56 02 C6 C8 F1 62 1D 5B F5 6C 70 74 AA F0 CF AC 87 F6 D4 A3 05 06 43 1E DF 4E 76 B5 89 ED 12 DB C7 75 F8 11 F2
2025-10-16T21:04:54.293839,80.454,can1  111  [64]  C9 5A E0 3F 24 AE BE D3 E3 4E 39 C4 8B 42 DE 8B 6C 2D 32 57 B1 3C B5 6C 27 E3 82 21 AF A1 1A B8 8D EA C8 A2 92 E6 62 1F 41 2A 64 92 A6 3E 31 B1 78 43 0A F9 A1 46 23 DE 90 22 CB 86 BE E6 93 8D
2025-10-16T21:04:55.273760,81.434,can1  111  [64]  C8 81 AF 13 09 F2 F4 6F 0F F3 FD 3B C7 6B 71 1A 98 FD 7D C6 30 E4 04 EE C2 7E 62 CD 33 55 84 0D EF CD A4 DE 90 12 13 16 AC DB E4 11 73 F2 91 26 4D D4 BE 8B 51 30 9E D1 B4 EB 86 CA D9 E2 B7 68
2025-10-16T21:04:56.271056,82.431,can1  111  [64]  AE 54 8E 7B D4 39 2D 35 68 F7 69 83 B5 C7 5E C7 A1 44 64 A5 2A 6A 5A B5 6B 5E F3 F9 B8 CA 5B B9 8F D7 EE 99 2F 72 E8 19 8F 05 F3 31 F5 F3 FE 07 D2 B1 60 94 2D B1 C4 88 35 2F 3C 8D F6 E4 30 2D
2025-10-16T21:04:57.463892,83.624,can1  111  [64]  AB 80 02 49 0F 3B 60 FE 6B 40 A2 50 A6 95 66 B1 51 02 CB C8 9B 84 E8 E0 58 FA AC 31 D0 47 B7 B0 3C BA E6 D0 75 75 C8 6C 69 37 DE C7 B6 57 73 DA 91 C5 EC B8 6A 1E C9 99 DE C3 97 A6 C6 55 38 63
2025-10-16T21:04:58.556892,84.717,can1  111  [64]  84 CB F7 DF 15 EA 2D CF CB BB 7B 9E 6E C9 D4 08 95 BE 9D 52 38 46 A5 A7 B3 E0 38 18 29 0F 97 51 A6 D9 8A 44 04 36 3C D0 B6 43 98 18 25 51 60 EE 48 6C 58 B3 45 B0 2E 6E 30 AB 01 DD F2 3F 5E B2
2025-10-16T21:04:58.561617,84.721,can1  111  [64]  FA 02 5E C1 CC 7B 12 EC 94 2D 46 E1 73 F0 30 54 16 EE 0C 2C D9 AB 73 50 B4 DC E4 12 42 70 13 FE FE 49 1E AB 12 73 B1 6B C7 46 1B A1 B9 E6 DE 11 A3 03 DE E5 F5 4B B4 FC 2B E8 FF 03 42 DD 80 18
2025-10-16T21:04:58.566288,84.726,can1  111  [64]  2F CC 52 68 AA 88 83 49 7D 5C BD 07 31 A5 0E A9 B6 98 6A E6 6E 32 E5 C5 30 6B B6 75 BB 47 07 05 22 CC C8 61 E5 4A 72 65 BC B6 7D A2 81 3F 8C 3A 58 2F 94 3D 08 78 FA 35 C8 9B 98 E0 A5 63 9E 27
2025-10-16T21:05:00.762732,86.923,can1  111  [64]  0C 83 3E 59 05 01 DA D1 39 29 39 85 AF A5 7D 19 B2 22 F0 23 62 E5 9F F0 72 D8 A5 96 F6 E0 56 8B 21 65 19 8D 80 3C 5F F4 02 58 49 BC 91 BC CA 6F 7B B6 91 DD 2F 4E D1 A1 6F D9 C6 D3 52 87 A7 C8
2025-10-16T21:05:01.970070,88.130,can1  111  [64]  98 D4 63 30 E6 C8 6A 76 2D B5 22 8D 4B B7 E1 F7 F1 1F C6 E3 C6 95 19 27 2F 5D 8F C5 81 37 5F 55 A2 55 94 AA 09 FC 18 8A 6A 2C 61 4F 54 AC 8D 9B 0A 3F 63 56 CF 73 6D CB 23 DB EB 64 10 65 F6 29
2025-10-16T21:05:01.973860,88.134,can1  111  [64]  D7 5F 87 42 38 59 83 0E 85 76 81 69 18 AF 42 80 B4 79 83 2B 0A A5 F3 0B B0 96 19 03 B6 BE BB C5 91 DC F5 6F 05 25 FA 95 B6 F7 4E 5D 92 3D FC FE AF 64 C2 0D 4F 0F 87 F1 F9 89 BA 40 B2 61 E8 98
2025-10-16T21:05:02.970053,89.130,can1  111  [64]  78 AF 56 CB 6F 14 10 D9 B5 2E 67 C4 B5 B0 54 22 38 8A C0 AA B0 77 BF 1D 6B 3E 7A 58 A8 84 E6 8F A0 76 A1 12 8E E4 51 B8 EA A6 01 26 1B 1E 4D 14 E4 B2 78 D1 CE B4 F8 FE 50 35 C2 A3 F2 85 1D 43
2025-10-16T21:05:02.973789,89.134,can1  111  [64]  F4 65 2A 25 1F 73 5C F3 B6 C3 79 A6 58 CA D4 EA 66 B0 1F BC 87 12 8C 9F EB 2A 4A C4 72 08 CA F3 23 AD 99 AB AD 1C 46 42 16 B1 96 4D 38 6C FB B1 89 87 38 9F 57 88 84 AF D3 B6 E3 A0 4D 3E 2F 99
2025-10-16T21:05:05.042480,91.202,can1  111  [64]  53 63 94 D8 3D 64 CF 71 9E 59 4A 84 2C C3 48 C5 CC B3 D1 DF 26 0E 02 5B 2A 8C DE EA 01 25 39 CA 5B 24 03 7E 6D 25 C3 DC D9 B9 E7 61 D7 27 9A E7 47 FE A6 1D 99 9C 1C 45 F0 87 46 D2 CF 45 77 2F
2025-10-16T21:05:05.047040,91.207,can1  111  [64]  9C 07 D9 1A AA 50 89 B4 79 3D 6A AE F0 0E 2F 5C FE BC 4A B9 25 03 69 F5 CF F7 9B 79 37 60 37 F8 2A B9 C2 52 DF 06 1C C5 B0 52 76 4C 30 09 1E 2A 42 BC D1 31 C0 BD F6 6A F2 11 CA 85 CA 18 88 99
2025-10-16T21:05:05.053133,91.213,can1  111  [64]  29 62 F1 60 D9 7A 66 67 61 B5 E8 D3 92 76 AD FC 1B 83 29 9A FF D2 DE 82 62 2A F8 E0 F1 0F B1 01 35 02 A7 AD B1 A0 EE B5 DF 86 E6 E8 6E AC 1B 3A 75 95 73 6B D2 AB E4 BE 4B 82 54 01 B1 7F C8 F7
2025-10-16T21:05:07.452915,93.613,can1  111  [64]  FA FB 43 63 A6 48 C1 06 6F 82 E4 A5 A3 5D B7 FD 98 F4 43 F3 9C 66 4A EE 34 34 86 C1 BC 3D CC B7 33 AC A6 86 A5 D8 02 2C 9D 4A 6F D4 3B 95 69 4A 19 09 85 AB F0 F0 25 E3 80 D0 0B 77 D4 8B 52 9E
2025-10-16T21:05:07.457457,93.617,can1  111  [64]  DF 91 53 88 66 93 42 F7 2C BE 52 90 DF 65 4E F9 DF 31 F4 B0 7C 5F 80 87 23 A1 D1 50 7E 79 88 42 CB 9A DC 05 AB F6 EE 20 41 6C 0C CA CC B3 0E DA B9 10 91 6D 66 DA 70 28 FC C1 7B 3E 0F E8 DE 31
2025-10-16T21:05:07.463330,93.623,can1  111  [64]  F6 B3 BC 9C A0 90 B4 32 11 DF E4 51 1A 49 92 52 2A 95 3F 95 0E 9A DA 86 90 3C 35 ED 0C 71 72 6A F6 BC 53 47 F5 66 93 73 F3 B3 10 21 E1 3A 23 62 4E EE 6D F8 6D 9B 7E 13 40 DB CA 62 3D 43 DA BB
2025-10-16T21:05:08.649972,94.810,can1  111  [64]  93 56 C5 52 A6 2C 19 D2 C8 3D 9D 74 2E 13 10 6F F6 6C AA C8 BB EB 6E BB 2E 32 DF E8 19 E0 87 7C BF 63 DB 03 F9 91 2D 7B 9B 29 73 DE 32 CE 99 BE 1A A2 FE 85 37 5E A9 A9 BC 2E D7 CD 72 8D A9 2B
2025-10-16T21:05:08.656472,94.816,can1  111  [64]  4A 9D 5A 93 9B 2F 76 5C 0F 67 E1 FE C2 84 A5 B1 5D 0B 15 21 D6 5C 8E 3F 7A FA D3 8B 38 08 4B D6 34 6A BC 32 33 52 65 CD A7 91 22 23 14 39 AF 0E 74 8D 1D DC C1 C3 70 AE 7E 75 05 A8 A6 40 69 B3
2025-10-16T21:05:09.852829,96.013,can1  111  [64]  91 56 1E CE 02 0B 5F A4 61 E6 E3 7E 9A 67 62 AD 89 CC B8 0A 9F 52 C4 DB 7C D0 7D 66 80 FE AD B6 99 B0 45 36 EE 0A A6 A1 CC 13 8D D8 A2 CD F2 E6 7F 8C DB EC 32 AD 78 5D DF 93 A1 79 59 D3 4C 76
2025-10-16T21:05:09.858229,96.018,can1  111  [64]  FB F9 45 91 09 5A 40 6C 7F 1F CB 6E 5F F5 D6 82 E1 DE 8F 84 EA E0 C4 92 A3 0C EA BD 52 BA 04 4C 0E 30 B8 8E 42 50 BC F3 6D A3 42 56 61 C3 E3 11 0E DE 23 5D BE 6E A4 73 5C 9D F3 F6 47 E8 74 BB
2025-10-16T21:05:11.079515,97.239,can1  111  [64]  BC 6E 48 40 DD 3D 36 8D 9E 94 51 60 8C 21 BA 2B BE 34 62 81 63 B1 F6 87 94 89 79 1E C8 D7 77 D7 2D AD BF 64 18 EE C0 57 83 17 5B A1 75 F2 9F 83 04 29 46 40 D5 79 87 77 D7 83 D6 25 DD DF 6A 73
2025-10-16T21:05:11.084767,97.245,can1  111  [64]  79 71 18 78 C9 A1 E6 8B 75 F1 64 90 1C 06 70 5B 3B C4 9D 4C B8 02 7F DF EE F0 18 ED F9 05 8B 03 08 70 AD DE DE 78 42 86 25 7C 57 ED B8 BB 26 D1 40 E7 27 6D 7D 89 66 AA 4E A5 08 40 51 F3 DC 83
2025-10-16T21:05:13.370064,99.530,can1  111  [64]  59 1F A0 04 44 ED F3 BD 0B F0 4C 39 C6 B6 A4 94 90 3B 84 48 F1 B9 BD 20 4A 23 D1 6B 55 52 FB 2B 10 02 A4 24 48 C6 1E 2F CA 3D 25 35 9A F7 4F E9 47 78 9D E7 F0 05 4D 62 A5 EB 2D 3B E7 68 29 A1
2025-10-16T21:05:14.353672,100.514,can1  111  [64]  A3 D3 0E B5 D5 6F 7E 04 32 24 8B BB F9 22 CF 0B DD 8C D0 95 F0 45 45 7B 2B 3A 74 AE 3E 73 21 1B 15 EC CE A5 09 FC 2A 0D B8 C9 9C 12 8A 17 8E D1 F3 78 41 35 D4 4B C2 52 AA 11 5B D9 AE 54 81 21
2025-10-16T21:05:16.654126,102.814,can1  111  [64]  A2 82 76 F3 4A 4D DF DD C2 BF 93 DA 0B 4F 09 AE C8 67 8B C4 E1 8E 29 C4 A4 F2 A6 35 57 2D 7C 4B 07 FB AC 63 87 BA 64 F9 BC 58 AE 04 36 65 E5 2B F8 18 C5 A7 AC 98 DF E0 FE A9 83 19 2C CD 76 96
2025-10-16T21:05:16.658138,102.818,can1  222  [64]  BE 47 C9 2A 17 51 AE D5 52 50 7B 5D E5 A8 1E A3 1A 63 7B E3 E2 A4 99 01 80 4A 6D 0E 2F 70 78 5D 5E 54 DC 4C C7 70 18 C8 75 1A EB B3 24 90 52 35 5E 36 4D 73 E8 22 30 15 2F C6 82 E2 F7 52 C6 42
2025-10-16T21:05:16.661225,102.821,can1  222  [64]  75 90 9A 32 2B F0 03 AF 17 6C FB 49 D9 FC 28 A3 8A 2A A1 25 10 0A 56 CA D4 A7 B1 8C FA 50 43 F4 71 70 30 EF 13 A9 A1 CE 0C 4D 2C 06 6A 74 CE 6A D0 8D 43 5D 81 A1 DD 10 1B 65 34 D2 8C CE A6 6D
2025-10-16T21:05:16.664062,102.824,can1  222  [64]  86 50 BA 11 D5 D4 EC E5 9F 4A DC 86 16 65 23 C1 85 53 EA 13 91 A2 A2 88 FD 71 CD 21 8D 6F CA 37 D1 C4 DC DE 20 B3 D5 6C 7D 4E 4E 5A ED 55 53 A0 80 FD 89 19 1A 0E 49 ED 70 B3 11 68 C6 E9 6B 24
2025-10-16T21:05:16.667120,102.827,can1  222  [64]  03 20 F7 10 B4 0D 49 C6 85 66 36 E1 69 12 40 12 A8 F6 63 26 4A 85 D7 03 BF CF DD AF 47 77 6D 9A EE C7 8B B1 6D F7 64 46 F7 F8 E2 EC C2 BB FF C8 7C 6B 24 4E 42 B5 CC D2 AB 26 F9 13 0C C5 50 E8
2025-10-16T21:05:16.671715,102.832,can1  222  [64]  E4 D1 C3 F9 1B 4A 9E B4 A8 3F 8E 9D 9C 66 A1 84 CB CB 48 0E 39 1E 7F 30 53 BB CF F0 9B EE 35 67 01 30 54 81 AE B0 FC 76 AD 0F 9B 66 5D 3D D7 89 2A 79 EC 38 AB 3D
2025-10-16T21:05:16.674492,102.834,E4 8F 41 70 29 1A 96 C9 C1 87
2025-10-16T21:05:16.675724,102.836,can1  222  [64]  57 A6 73 FD 31 24 6B D4 76 8F 3C 6F 5C 39 B7 D9 41 F2 0E AA F5 20 4F 1D C2 D9 66 63 54 44 50 8D 88 81 89 2C 25 C7 7D CB 31 8C 09 E3 AA C1 17 B1 B6 26 A9 A8 E7 D2 3F 75 C8 1A 9F 79 4C EF 4A C5
2025-10-16T21:05:16.678819,102.839,can1  222  [64]  A1 AE C7 64 2B D3 8C 87 36 31 10 BB 9C AC 38 9A AB 60 76 8B 0C 78 25 68 92 B6 7F 89 D3 22 AA DD B6 BB 30 C1 BF 24 0B 62 D5 84 F7 B2 44 E6 A2 6B D1 0E 9D 2E 16 E8 1A 62 3C BD 65 26 1D CA A7 F9
2025-10-16T21:05:16.681476,102.841,can1  222  [64]  09 53 1A B3 36 56 7A A5 FE 44 D0 55 02 92 EC 10 ED 7F 3C 97 8B D4 47 02 0F E3 F1 26 08 5F F2 10 0F 40 C7 98 8B 4F F0 C2 18 F2 68 62 B9 5A 24 C1 05 61 8D 48 2C E0 7B 9D 95 DD AF E8 DB 90 CA DC
2025-10-16T21:05:16.684894,102.845,can1  222  [64]  3C 86 4E 21 FC B9 FB FB 43 8C 2A 60 FA 9C AD AD 75 66 32 8F 4E 4D D9 4D 5C CD 4A 05 69 B9 31 ED 18 B1 82 40 37 10 78 79 59 D7 A4 26 5F B8 92 80 58 3E 58 C5 59 25 BB 86 CB 7B A7 A8 F1 A6 39 43
2025-10-16T21:05:16.689017,102.849,can1  222  [64]  A5 BA 6F 65 E8 19 81 77 A1 80 A5 24 12 4F B8 58 72 AD DE 94 D2 C0 5A D8 A3 D5 26 90 3A D0 3B 08 EA DA 90 D2 29 DF 35 ED 83 0A 5C B
2025-10-16T21:05:16.690941,102.851,D 22 63 33 FF 26 59 2B D4 9D 09 EB A1 D6 E8 72 43 E3 0C FE 07
2025-10-16T21:05:16.692115,102.852,can1  222  [64]  2E FC 99 D8 7B 93 61 7E 6F 91 4E E3 9A 6C 4D 74 B0 C5 6E 5C 3A 03 0A C5 F8 7C 12 B3 65 FA 28 CE 82 CB 1B DE 65 53 5E 66 D7 07 5A 53 DC C7 CF F6 3F BF 78 D3 98 02 7F 87 CF 6B 31 F2 F4 1A AE E8
2025-10-16T21:05:16.695004,102.855,can1  222  [64]  4A E5 90 6D 65 2B 18 6C 13 20 0D 8E 4A 60 A5 3E 9F 53 09 C0 AB 50 20 18 5E A0 1A 58 AF 6B 89 FF 0F 56 A9 E3 C9 E7 B6 EF 83 33 B2 05 97 8F 3B D0 47 8E 9F 61 B4 0C D5 3A 59 34 95 41 FE F3 21 19
2025-10-16T21:05:16.697965,102.858,can1  222  [64]  EA C1 B2 DC 33 5B BC A8 36 1C EF 61 64 4E 4B C1 D2 78 63 5A 4C 4A A8 83 74 3D 69 78 97 44 8E A2 34 87 EC A2 5B 47 29 29 B1 58 7F 0F C4 3C 51 24 74 6F 8C 51 2D C6 8A F5 D5 D6 C2 04 28 1F 74 AE
2025-10-16T21:05:16.700674,102.860,can1  222  [64]  9F 90 8F 32 C2 E7 DF 50 6D DC D6 C5 FA 5A D2 7C 6B 1E 9B C9 F8 CD E1 70 C2 0C 35 07 98 14 6A A5 F3 C7 BB 36 AC EB 09 24 3C 52 0D C8 51 98 94 5A 86 3B 25 EF 8E A7 9C 75 25 1E 17 FF 29 A2 77 D8
2025-10-16T21:05:16.704410,102.864,can1  222  [64]  FC 48 EB 07 46 22 7E 68 BE 94 C0 87 77 C4 01 80 D0 7F 32 E3 6A 78 0E 4B 29 01 55 45 38 CC 83 D1 2C
2025-10-16T21:05:16.707138,102.867,52 42 B5 19 CB 28 4D 3F 2D 0B E4 A6 8D 9B 0F 27 82 55 C4 2E 40 D9 38 E2 01 1C 11 C8 9E 77 EC
2025-10-16T21:05:16.708561,102.868,can1  222  [64]  A6 05 6C 0B 10 AB 32 97 40 77 3C 2F 70 F0 E5 A0 19 2E 37 5E 0F 33 F8 E2 DE 90 B4 AD 77 38 D1 8D EF 88 20 D5 CE 5E AD A7 98 33 24 2E F6 41 5B 39 9F 74 8E 3A 4A 81 9C 5B 6A 99 B1 07 29 3E B3 B5
2025-10-16T21:05:16.711501,102.871,can1  222  [64]  8B FC 27 30 FC 6A DD 50 30 01 26 9E E9 F9 EE 77 FD 43 F8 C4 A9 07 31 5A 15 9A 84 0E 29 80 03 3B 15 FB 06 D4 7C 29 E1 38 A5 A7 88 B4 E2 83 9C 3D EA 4D 0E 5D B7 F6 52 F5 94 C4 B9 88 28 FA 63 A0
2025-10-16T21:05:16.714737,102.875,can1  222  [64]  24 6F 7C A6 15 CA 6D 75 3C 60 BE 3B 9C DF F8 5F 5B 71 CE BC 7D 9E B4 74 25 0D 5D 0B C5 C6 A7 AF CF 16 03 12 90 38 52 EF CD A6 D9 1A 64 82 97 D8 2F D3 3B 1C 5D 61 4E 9E 77 F0 4A 35 DC 82 01 26
2025-10-16T21:05:16.717467,102.877,can1  222  [64]  4D 66 BF 6F 5D 6D F3 E6 5F 05 4F B6 64 F9 E4 25 81 B3 C3 62 32 32 8D 52 58 79 C1 94 22 DE 26 F5 A5 41 17 A6 4B 16 8D FF 1C 7A 06 74 7C 42 FF 1E A1 8A 68 2C DE AC 5F 81 8F 2F BD 5B 81 CF DD 16
2025-10-16T21:05:16.722347,102.882,can1  222  [64]  1B 80 B8 B2 55 69 BA 68 FF C9 CD 56 CF AF C8 03 CB C0 47 DA 98 47 21
2025-10-16T21:05:16.725010,102.885,4C AD 42 19 02 48 AC 18 73 94 03 3B 6E B6 B1 56 50 02 C1 69 77 1D C2 11 64 54 11 65 0B B6 AA 36 B1 2C 01 A2 E9 C1 AF AA 98
2025-10-16T21:05:16.726447,102.886,can1  222  [64]  24 8F 80 AB 2A BE 85 E9 C3 39 CA C5 1A B1 9F 34 E2 0F A6 CF 0E 7D A9 0D BF 96 9F 74 3A BD D8 98 CA 58 F5 3C 2F 51 09 99 08 4D E1 DF 46 67 54 ED FE 77 8A C2 A6 0A 86 98 84 92 53 85 CA 4F 70 91
2025-10-16T21:05:16.730353,102.890,can1  222  [64]  31 53 B3 44 1E 1A AF 1D C2 F7 9A 41 F3 A5 28 C4 0E 05 6D 74 26 D2 9F 28 9C 65 74 28 65 94 7D AC 2A D6 A8 B9 89 ED 93 4D 78 13 9E 4C 50 FC 2D 1E AE DE B8 E0 A9 73 F2 2E B8 4A 4A 59 19 0A B0 43
2025-10-16T21:05:16.733388,102.893,can1  222  [64]  D7 13 86 49 1C 1C 56 D0 7E 33 75 38 5E 8F D3 C3 6D 26 74 CE 47 14 8F 2C 36 F3 22 46 20 45 D5 E8 8E 5B 30 B0 98 26 3E 4B 54 82 4E FD D8 F2 76 FD 87 B5 85 B7 69 CE 40 64 43 D9 76 1E 4B 12 A3 45
2025-10-16T21:05:16.738393,102.898,can1  222  [64]  56 DC 35 40 8C A2 B2 0E 59 BE 86 B8 98 52 F1 8F 16 D5 3D E4 02 F0 9C 89 BB 43 5C 77 5A D5 CE EB 85 C0 08 2C 09 14 2B 22 23 3A FD AA D0 AC AF 83 F6 7A F3 7E DA 89 43 E5 8E 44 1A DA 8F 34 40 44
2025-10-16T21:05:16.741388,102.901,can1  222  [64]  4B B1 E0 4F 4B 61 EA F3 EA 2B AE AD C
2025-10-16T21:05:16.744087,102.904,2 2C 72 FC DD 06 E4 81 B0 D5 23 4D 89 86 5A 3C 72 0B 4F C0 7E 75 77 41 DB C5 3C BF DA 4F 60 E4 A0 72 8A 32 71 39 0A CE F7 EE 8F 96 AA 04 81 63 62 3F 1F 8E
2025-10-16T21:05:16.745746,102.906,can1  222  [64]  98 5D C4 3E E8 45 6A B3 68 81 EC D0 45 06 F7 5F 54 67 46 B2 B1 15 52 6E 7B 32 6A 51 C5 FD DE F9 81 6B 97 6C 86 1A 4F DA 02 B9 22 B9 DA ED 50 A7 B8 BF 11 0A BC DF 72 FE EA 3D 20 9F 39 5E CE 6B
2025-10-16T21:05:16.748964,102.909,can1  222  [64]  08 CD E3 FA 0F E2 8E C5 89 88 A5 DD A8 56 0F 52 B3 6A 94 BD 4D F5 A1 C9 CD 7B 47 19 81 B8 AE 20 95 A6 26 3F 63 C1 FF 0E C6 07 26 0B 78 C4 F8 A2 B7 3C D7 C4 F0 7F 96 7C 5A AC D5 8F D7 6F AA C2
2025-10-16T21:05:16.753905,102.914,can1  222  [64]  02 9F 13 3A AD F4 39 B0 9C 92 4B D7 59 A7 3E C9 C3 AF 15 21 22 B2 F0 81 5A D3 B2 DF 42 BA 65 F0 D8 F2 6B 65 10 AE DD CC 23 6B 4D CA 91 A5 EB 10 66 31 C9 AA CE 2A 01 F7 CE BD 68 28 55 97 5B 08
2025-10-16T21:05:16.757638,102.917,can1  222  [64]  7D 31 FD 0A CC A8 90 EC 29 D6 22 7A 92 5A 4D BB 87 42 B0 5E 93 0D 4C 50 59 A5 65 67 F2 84 B4 B8 E6 0F B9 33 E2 A2 BE 34 CF 65 05 14 9A E5 B7 36 D4 0D 2C 02 96 C0 A9 EC 8B FA 0D 6B A5 A8 F8 F9
2025-10-16T21:05:16.760475,102.920,can1  222  [64]  DA 78
2025-10-16T21:05:16.763718,102.924,95 F6 2A 45 89 D4 DF 5C 8F 2A 69 B7 6B F3 21 18 84 32 1B E0 0F 9B 01 6F E8 16 1F A6 9C 39 27 BC CB BA 82 AE 2C 75 A5 66 76 55 07 93 48 04 45 BC D3 B7 24 1C ED 7F 46 3E EA E0 A7 22 97 24
2025-10-16T21:05:16.765055,102.925,can1  222  [64]  E5 73 F5 26 02 DA FB A0 B0 DB B7 6E 26 7C 26 DD 46 4E 3C 6A 8F FF 75 C3 1C FC 47 3F 8E F0 6E 61 05 18 7A A3 E5 E1 88 3F 23 55 D3 75 DF 01 DA 9D 75 8E A5 AC 10 40 A4 7B 67 DA 89 63 80 CA 11 33
2025-10-16T21:05:16.768645,102.928,can1  222  [64]  B6 56 BF 6C 98 8F 58 D4 4D 32 71 D7 F9 65 C4 5C BD A5 4A F7 22 B2 3D FD 79 52 45 C0 E6 31 60 60 C7 21 92 C7 2A 62 67 F4 31 CD 4A B9 BC 35 C0 AB 02 B9 BC 9E F6 99 7C EE EB 9B 92 BA 55 BB 6F 0A
2025-10-16T21:05:16.773031,102.933,can1  222  [64]  95 6D 72 57 79 44 4B 37 E4 4E 27 D9 31 E8 79 73 AE 11 CC 82 B0 14 77 44 4E 95 10 15 A9 AA D5 41 71 53 51 47 98 36 BE 17 71 77 89 4B 96 51 31 8A 85 60 F0 67 6D 59 FD BC C2 DE C8 A1 1B 5E 44 2F
2025-10-16T21:05:16.775902,102.936,can1  222  [64]  2D C5 33 2D FE 8E 5C 1E E3 A0 C6 72 71 9E 1C DD 46 79 36 87 42 43 A7 99 66 0A 7A FA C0 AA A7 9F EF 42 44 0F C9 09 E8 23 A3 54 E0 25 F2 CC 34 D6 55 69 3E F5 B9 45 5B D6 78 1D 37 A8 1B 24
2025-10-16T21:05:16.778625,102.938,43 F0
2025-10-16T21:05:16.780089,102.940,can1  222  [64]  AA 90 A7 4F FE 4E 5A 37 0F 03 E6 B0 A2 91 33 5C 78 05 12 DB A3 14 52 B3 45 5F 4A 56 07 EB 01 A8 FE 07 12 1C 2D 91 9E D5 E5 DD E5 C7 5D 97 E5 02 02 F5 21 AB 5A 86 5B 88 A0 28 DB 70 E7 10 85 E7
2025-10-16T21:05:16.783658,102.943,can1  222  [64]  14 59 BF 94 CF 66 23 9C 38 A3 98 6E A0 6E 19 C6 5D F7 65 85 99 34 97 4B 0E E9 AC 75 68 2F BC F1 76 FC EB E4 78 02 5B 93 EF E0 A8 81 25 03 27 D6 0B E4 77 91 FC 4D 8C F1 C5 78 E9 64 C5 4A B1 31
2025-10-16T21:05:16.788085,102.948,can1  222  [64]  F5 86 12 F7 F4 CB 8E CC 63 61 2E D4 40 4C 01 B9 F8 7F 99 4D 1C 6E 70 20 D1 19 52 CA 0B B2 B9 E0 09 2A 32 AF 3B 21 59 69 FB 54 6B 1C E1 0C 72 32 D8 12 90 0D 55 DA 1C 9D 4D BF 5A C9 DD D0 84 FF
2025-10-16T21:05:16.791103,102.951,can1  222  [64]  AC 37 AE 31 18 F7 15 DD A2 A4 6C F2 4C 10 23 66 E7 8E 67 13 FA 94 C3 EF A2 A6 C0 62 B0 6D 97 1F 0C 36 FE 4F 1D E6 16 DF 82 31 51 4C 23 5F 66 43 E8 56 54 FA 10 46 66 E4 23 30 EB CF BF 8E E0 E9
2025-10-16T21:05:16.793552,102.953,can1  222  [64]  F8 F3 13 24 37 82 FD 8B 81 A0 54 0E 10 91 D9 DF 36 08 27 21 76 1E 52 73 86 DA 61 06 A2 C3 E6 E5 58 4F 34 81 7E 49 8A 0B 08 0B 12 30 E1 AA 4B A0 59 F2 BC E2
2025-10-16T21:05:16.796805,102.957,CA 85 31 75 07 A8 40 07 F3 61 F2 0A
2025-10-16T21:05:16.798025,102.958,can1  222  [64]  8F 4C 0F B0 9E D3 21 E6 B3 99 1B EF 06 17 69 6A F3 65 1B 16 9C 10 BE 24 A6 F8 E4 6C 6E 94 28 94 63 04 2D 67 83 92 8A AD 09 D3 17 2D 0F A1 94 09 2B DC 9D 2F 38 10 1B AE E2 25 C1 D8 2B D9 91 E3
2025-10-16T21:05:16.801595,102.961,can1  222  [64]  5F CB 57 41 15 45 0C 54 79 86 70 C4 C6 C4 54 9F 34 9C F5 B5 FF C9 A0 C6 55 07 EF 5A C4 4A A3 D8 95 3E 3B DB CC E7 F3 C2 5A A1 0F 15 4B 40 2B 14 6D A7 58 91 FE 3B 2A 3E 7E B0 05 F4 DB BC CB 10
2025-10-16T21:05:16.805287,102.965,can1  222  [64]  45 6F 0C 47 5B AC 99 20 D8 AF 98 71 C9 8E D8 7C 12 E6 BE 1C 96 32 F5 A0 CD 23 B3 1B 29 DC 0B EE 8C 87 8A 9F 51 5E 22 3E 01 E3 62 BC B6 B6 06 2F 21 7B 80 01 DB 83 1A 9B 71 C4 B5 C2 C7 8F 72 AC
2025-10-16T21:05:16.808157,102.968,can1  222  [64]  CF 7B EC 62 D9 03 CD C5 A8 2B 1E 55 21 5E 15 A5 6E 38 5E B0 4F F1 E6 B4 C5 13 6C 29 67 71 DC 9D 33 BA 9A 0B AB 44 56 F6 D3 CA 16 13 DB 8B 53 26 9C D2 9B F9 1B F3 42 CD A8 B6 E1 4A 40 BB 7A A5
2025-10-16T21:05:16.810935,102.971,can1  222  [64]  E9 59 92 66 24 44 7D C2 8F CF 81 F1 AD 64 5D 6A 7D FA F2 D5 30 33 92 81 AE 32 54 FE 67 74 77 1B 7E C8 E1 DD CC FC F3 E8 70 6
2025-10-16T21:05:16.814011,102.974,0 01 49 9A 48 41 1F AB 70 F0 FB 08 67 B4 AA 67 33 A5 34 A5 17 FF 2B
2025-10-16T21:05:16.815288,102.975,can1  222  [64]  74 E9 D2 94 30 30 19 8F DF 83 B8 E4 08 58 42 E9 D2 F4 24 AF 14 91 F5 94 43 FE 9C 61 CD 66 E6 ED A1 3D 47 44 5D 10 5A 56 D5 0B 69 22 2A 64 23 C0 AC CB 99 53 C0 45 F2 68 A0 64 87 3F 76 4C D5 87
2025-10-16T21:05:16.818443,102.978,can1  222  [64]  B4 DC 31 9C E3 05 21 8F 8C 75 62 A7 0F 90 5D CA 84 51 B0 7D C7 AD 9E E7 BC 5F 70 89 13 C0 C6 65 14 11 99 33 4E 55 AA 70 A5 81 69 02 86 A8 06 E1 89 5B 48 37 B1 7A DD 3A 6A C4 0D DA EB FC 5F 2A
2025-10-16T21:05:16.822793,102.983,can1  222  [64]  9C 98 FE 4E 51 61 9B 14 98 AF 7B 16 5C C1 56 FE 21 3C 5D DC AE 97 AB F3 D1 DE 86 A3 80 93 D3 5C B7 19 8B 2F CF 53 4E 06 68 DF AB C3 E9 B6 EB 0D 2E 82 7D 59 8B 51 3C 4E 9C 30 CB BE F8 A1 2D 84
2025-10-16T21:05:16.825845,102.986,can1  222  [64]  CD A9 91 0D D2 58 91 49 2A 1C 83 97 95 4A 41 F3 F9 9F 7B 04 B0 06 5A C7 D4 FC 64 6B 2E D4 7B 53 74 07 0A A2 3F 3E 7F 7A 56 68 E8 75 9E 94 45 28 D7 0C 86 59 09 73 6D 64 3B BE 19 A6 A4 6C 88 A7
2025-10-16T21:05:16.828836,102.989,can1  222  [64]  5E CB A7 E2 52 FE 66 28 BA 4F D5 78 4D D2 B7 2A 91 4D 48 B2 FB 03 A1 B7 8E 55 3C E0 6F 80 03
2025-10-16T21:05:18.070336,104.230,0C 2B D3 52 DC 40 AA 31 E3 F2 2C 38 0C D2 3B DF 11 7C F3 A0 38 D1 9B B5 5B BD 82 83 95 16 BD EC A8
2025-10-16T21:05:18.071916,104.232,can1  222  [64]  47 0F EA 56 75 ED 17 BD 08 42 28 D6 76 34 E9 A7 A3 3B 38 F2 82 83 92 53 42 B3 10 67 E0 71 A7 BC 36 83 A3 CB 01 6D A1 A2 0F 0E 0D A1 36 22 5D 7E 12 60 85 D5 C5 63 BC E0 65 9F 37 51 5B 79 2B 4D
2025-10-16T21:05:18.074910,104.235,can1  222  [64]  80 1A AD D1 75 F1 B7 65 31 D5 EB 9A 18 E6 6B 9C 9D 16 84 6A AB 21 07 C3 56 DA 05 C9 F1 2E B5 8F F9 A3 80 A0 7C AC DA D5 F0 66 82 C7 89 4D 72 F1 EA 20 3E 7F 94 A3 96 A8 24 E9 91 5E A3 B3 9B 7B
2025-10-16T21:05:18.079159,104.239,can1  222  [64]  23 15 44 46 58 FD AC CB 3A 3E 97 E7 C7 DE 81 56 F8 D6 8D D2 9A E0 5A 4D A6 12 98 E2 1E 75 8D EA A3 EE C4 E1 20 96 FF F3 BF 4C 43 1D E6 B7 7A 91 0C 03 0E 9E CD CA 87 D7 50 F0 EC B9 88 18 29 F0
2025-10-16T21:05:18.083703,104.244,can1  222  [64]  AE C1 1C D9 E1 9A FD 58 49 AF 04 94 11 B8 4D B6 4E 9B E8 DA 0E 36 1C 78 FB BF 19 80 32 D5 91 CA 23 EB 9E 1E 28 62 2C 70 F4 B5 3F 92 6F 41 9C 30 94 59 3E 15 70 32 C4 85 21 35 6D 2E A6 7E 21 3D
2025-10-16T21:05:18.092333,104.252,can1  222  [64]  BC 46 7C C3 DB C1 D3 C0 69 EB DD 70 D8 78 F0 5A 16 E0 1F 83 3F
2025-10-16T21:05:18.096776,104.257,C1 97 B7 17 AD 0D 29 D7 9F DF AA 01 0F 9B C8 36 71 35 36 5A EA EC 9C 29 6B 11 DD 31 02 2D 46 8C CA EF 7D AE E5 E5 D6 0D 8B FE 02
2025-10-16T21:05:18.098060,104.258,can1  222  [64]  3C A9 05 2E 9E 0C D9 FF A6 19 68 F9 DA 49 2A 2E ED F8 81 3D 2C F1 17 83 6A 30 FC E4 3E E7 F4 33 91 93 D4 EA CE 31 9E DE 73 9A 4A C5 A8 89 51 C2 26 49 E4 F4 FF AB 1A 2D F7 D9 8C D3 CA 52 B1 7B
2025-10-16T21:05:18.103794,104.264,can1  222  [64]  04 17 5E 42 72 93 AB 64 3D EB 0D 51 5B 94 72 80 CA CA 16 DD 4A F0 AA B7 D5 50 BE B7 15 83 FA B9 35 28 83 39 55 34 10 EA CC FD 66 C3 E7 36 2B 2B 6F 03 1B 5B 6E D5 71 DA 9F BA 18 31 B2 50 88 C0
2025-10-16T21:05:18.107561,104.267,can1  222  [64]  60 5F 2C 27 2F D5 12 6C C0 93 EC 80 1F 3D 1B 77 83 B3 FA A7 8D A7 72 C8 8C 3A B7 D8 B9 A5 F3 CE 18 22 F2 31 BC 06 97 6B 8D CD 9D 21 50 A8 0E 70 06 1C 55 2B F7 C9 71 1A F2 7C 91 03 7F 46 C1 5C
2025-10-16T21:05:18.111056,104.271,can1  222  [64]  D5 42 35 AA B6 20 96 AC 74 F9 75 E1 49 EA 0C 4E 91 A8 CB 04 A9 31 27 FF FF 82 36 F1 C9 07 FF D3 2F 47 A3 D2 E1 3A 0D 58 C7 8C D0 14 67 4C 8E 3C 36 93 28 6F 46 2D 46 9D 59 28 D3 41 87 3C F7 17
2025-10-16T21:05:18.114226,104.274,can1  222  [64]  4F 09 D7 D4 32 BE 51 6F B2 C2 2
2025-10-16T21:05:18.117335,104.277,C 4C 36 2D FB DD 6B 59 DE A6 15 82 62 58 E1 16 59 5B 7B C2 E5 DE 5B F3 8A A3 EF 3B 61 06 65 D7 C5 04 25 AD 67 46 39 9B 38 DD 78 23 AD 4F 46 8A 9C D6 A7 33 58 8C
2025-10-16T21:05:18.121939,104.282,can1  222  [64]  67 77 B4 14 AD F0 65 57 95 18 30 3E E5 64 E0 56 E6 84 EF 3C A3 22 E8 BF 26 D2 24 25 DF 56 AB E5 EE 9B 4B F1 2E 55 A6 80 AD CD 7E EF 56 8A 89 06 DA CE 7E 24 92 25 01 59 52 D2 26 87 FB 56 E4 06
2025-10-16T21:05:18.142060,104.302,can1  222  [64]  87 13 2C D5 EC E5 11 A4 55 AB 2F B6 9A 2F 68 93 79 3D 06 D5 47 3E 69 BF 1E A8 2F 69 0B E1 5C 7E 8E F3 5B AD 08 08 A4 2B BE 32 A4 23 9D BF 6D 08 68 2C 77 4A DD 5F C0 04 0E 36 1B 03 B7 AD 2E 17
2025-10-16T21:05:18.145331,104.305,can1  222  [64]  12 4B 99 AA 2A C3 D4 6A 7F 0B 46 7E 35 DA B0 8A CE 41 24 B9 BF F8 FE D8 89 44 28 AF 35 24 C8 1F 8E C4 D6 AD D3 15 CD F3 FE E4 69 78 74 43 44 51 C7 E0 AB 15 FA FF 46 90 35 11 73 54 92 28 C9 F5
2025-10-16T21:05:18.150369,104.310,can1  222  [64]  BC 8A 68 4B 0E 82 87 56 F1 1E 01 76 7D 08 9B B1 7F 3A 25 4C E0 A7 E3 9E B3 94 7A E9 CA 50 69 AE E0 31 0E BC 89 DA 48 07 D7 54 6E 8E B9 71 C0 83 D4 FF 5E 9F 7C EB F5 02 D4 3D FD 98 A1 75 69 A5
2025-10-16T21:05:18.155735,104.316,can1  222  [64]
2025-10-16T21:05:18.161199,104.321,6E 31 66 A8 91 05 53 DF 55 74 FE 47 D1 79 EC DD 71 EF 47 AE 23 FF AB CB 88 BA D8 39 90 1F 22 E1 A8 EA 85 5E 83 6E 07 3F BD 78 11 35 AE 5E 7F 34 67 2D 33 0E DC BE 8A E8 8C 6C 21 85 1D 86 5D 4F
2025-10-16T21:05:18.163030,104.323,can1  222  [64]  33 FE F7 CD 1C 52 0E 72 71 39 75 FF F2 62 0F 7A 19 D6 C2 52 A2 4F E3 E8 2B 37 13 22 40 65 95 1C FD 31 FC 7C 66 84 0F BE E0 8E BE F2 FA E0 D4 9F BB 69 8E 04 9F A2 EF AC F8 5F 2D C4 69 BE 68 72
2025-10-16T21:05:18.171160,104.331,can1  222  [64]  15 F8 92 C0 86 D1 51 ED 14 F4 04 F9 F5 7F 37 9B AE FB F6 13 D9 3D 7C BC 7B CA 5A CF 51 EC 4E DF 09 04 21 13 D5 A1 68 FE 85 0C 99 66 86 A6 97 31 86 7C AF DC DF 4D A8 6D FB B9 AD AD CD 93 22 C2
2025-10-16T21:05:18.175069,104.335,can1  222  [64]  7D 45 9D BE E6 68 C6 18 71 66 1A 90 F6 E6 36 3E 16 31 0B 28 A3 D0 52 1F 9E 80 DD FE C7 E1 DD 08 F6 E7 8F 74 9B 95 DC 34 5B 95 9D ED 56 69 91 85 6B 26 15 B0 BB 3A 3B 73 57 4E A2 53 4D 32 E7 D6
2025-10-16T21:05:18.179492,104.339,can1  222  [64]  E5 97 17 D7 BA 5E 98 4A 32 33 E6 84 25 61 38 D3 FB 89 89 6B 59 90 C0 63 E8 C2 FC 53 46 9F 3F 48 EE 30 54 46 53 C1 79 54 D5 6C 11 D4 AC A2 B9 E1 33 9C C5 34 CC EE B9 BB 6F A9 9D FA
2025-10-16T21:05:18.187488,104.347,82 6F 01 11
2025-10-16T21:05:18.188881,104.349,can1  222  [64]  EF 0C B0 E6 D9 E2 F1 88 11 A1 96 A7 C8 9A 42 CA F2 02 53 50 1D 10 16 F2 46 70 DD 90 AA A4 22 36 86 25 EB D3 CE BB FF A7 DD 93 62 5F 14 D6 66 49 71 03 15 85 18 5C C2 2D 93 1C 85 6F DA 84 F7 4E
2025-10-16T21:05:18.192107,104.352,can1  222  [64]  BE 31 AD 6A D5 24 FC 3F 3B A4 C6 8D 4A 1E 26 C5 88 61 72 86 21 BE C5 55 7D 60 2C 89 8C 75 64 E4 61 FA 14 C0 3A 2F BA A9 60 A6 46 92 B1 D1 18 1A 64 C9 DA 65 2E B7 14 77 A0 B5 A0 C2 BB F3 65 CA
2025-10-16T21:05:18.195935,104.356,can1  222  [64]  23 08 C0 23 14 47 51 5A E1 FA FB EC EC 5B 46 B9 2E B0 AF 2E FB BF C0 2F 6D B2 5C 33 DA B4 DF 39 FC 6B E6 5D C3 A0 57 9E 08 2B C5 04 E3 6E 05 F4 D5 40 5F 71 EB 47 A1 26 EB D8 A0 F2 CC 88 0E 59
2025-10-16T21:05:18.200138,104.360,can1  222  [64]  EE B3 AF 8F 5A B4 C2 77 A7 82 0D 7B 33 24 D9 10 E2 D8 66 04 5E B1 42 02 1A FB 1D BE 57 4C 56 92 D2 F3 F8 02 C0 7D 49 AE 3A CC 75 7B A1 40 0D 4A 47 3B DC 68 02 0F B8 F0 43 C5 3E 8C 82 D2 A8 C8
2025-10-16T21:05:18.205584,104.365,can1  222  [64]  02 B7 7E 23 23 85 F2 59 D1 B0 C2 CE B3 6B 14 0E 6B 40 82 71 2E 1D 88 B9 B1 18 F3 1E D7 D2 9B FA C5 7C 9A 49 13 07 C6 63 0E C8 11 D6 9A BC 3D 48 1E 0E
2025-10-16T21:05:18.208650,104.368,CF 07 42 DA 9B 4E 67 F1 2C 29 9C 95 20 17
2025-10-16T21:05:18.209942,104.370,can1  222  [64]  E5 E9 E4 5A 51 13 28 E9 74 B7 97 29 C0 2E 55 26 24 02 A6 82 6D EB 3E 3E DA 22 91 CD F1 1E D4 D9 16 70 DE 11 D0 10 F1 DB 5D 85 43 DC 7B BF 86 18 A5 49 91 02 DC 01 31 52 D3 68 7A 02 36 FD 2E 5A
2025-10-16T21:05:18.213923,104.374,can1  222  [64]  1D 80 4F F9 41 E0 46 EB 7B BB 70 3A B2 D3 48 6B 2B 04 DA 85 EE 41 02 A7 EE 7B 69 DB F7 1E D5 F3 D1 8B 7C 01 73 1C BF 8D 39 1A 3A FC F2 79 D3 99 9E FE 5A B2 7C EE A7 60 C8 0B A3 5F 9D A7 A2 75
2025-10-16T21:05:18.217158,104.377,can1  222  [64]  D5 E3 B1 1E 2F F1 64 B0 C1 42 A7 22 39 EC 9F 4E E2 9A D1 E5 9F EB EB 49 7C DB 9B 73 F5 78 8A AE 66 60 47 1C 81 51 18 6C 44 30 62 24 C9 AF 1C 06 2D 6D BB F4 73 CC A3 BA CA 09 50 20 0F 36 A1 7A
2025-10-16T21:05:18.223004,104.383,can1  222  [64]  44 1D 68 79 FB B8 E1 E0 A9 29 BA DC FE 96 49 5B 9B F5 8D 94 17 E0 E6 A8 B0 BA 2D F4 90 8C EB D9 DF E8 4B 0D 08 54 DC DB C6 9A E1 29 A8 62 2C B8 5C 5F 23 58 EA 52 67 69 A7 42 AF AE 09 18 50 E0
2025-10-16T21:05:18.227378,104.387,can1  222  [64]  4C 1C F5 D2 4E 38 FF C2 DA 4D 0E D2 09 F2 CC 9F 62 03 12 FD 96 FC 43 A0 7A A8 B5 4E 79 B9 E6 0A 76 0E BA 35 CA F1 49 2
2025-10-16T21:05:18.231741,104.392,1 93 84 35 F3 DF AC 2A FF 0C 9C 7D 10 4B 90 03 A0 2C 02 52 0E 4B 27 9A 66
2025-10-16T21:05:18.233204,104.393,can1  222  [64]  B2 2A CF A9 92 05 4C 01 0B B7 04 BA 95 7D 32 74 BC 0D D5 5C AB 5F 5F BA 95 D6 66 B6 51 2B 48 2D 6B 11 C9 A5 88 3B 52 DB F0 08 FB 5F DA 02 AC A8 F5 BE 86 CE BF D6 F1 81 8C C3 EA D7 D3 CD 92 46
2025-10-16T21:05:18.238914,104.399,can1  222  [64]  92 AE 0E 96 59 2F 72 DC 1A 78 5A 07 E8 A2 9B CC D3 B0 1B FD 2A C5 43 08 C7 F0 9C E6 30 FD 7B 6B E2 B0 A2 A0 B7 7A 75 B2 2C 9A 5E 03 7B 16 D5 BC 34 C0 DA 83 11 6B 49 E6 C4 64 EE 6B 49 E0 A0 0E
2025-10-16T21:05:18.242947,104.403,can1  222  [64]  35 3E 2D C1 0A E5 BB CF 4E FD 98 89 CD 6B 7A C8 D4 FF FB B9 25 91 96 FF F8 F9 E9 79 36 77 41 12 B1 79 0E 33 9B 8E AF 29 17 24 97 61 12 9E 44 98 DD 1A 65 8A 4E C1 CB 29 64 FE E9 06 36 C4 72 56
2025-10-16T21:05:18.246044,104.406,can1  222  [64]  AD 03 C1 17 0B B0 D0 08 6F 1D 79 12 34 9C 01 2C 0D EB BE 25 A7 FA 3E 2A 02 DB 38 A0 48 AB AE FB 5C 2A F3 8A 8D A8 02 5E 7E 21 11 9C BA AE E5 CC 2F 46 2E DF 5B 74 87 F4 FD 52 93 92 0D A5 E4 98
2025-10-16T21:05:18.250354,104.410,can1  222  [64]  29 6C B7 FF 30 2F 10 C9 2F 0B 10 24 33 1A 3C F8 82 BD C0 DF 45 14 14 1E C5 D2 F8 37 EC
2025-10-16T21:05:18.255489,104.415,C2 02 45 25 FB 5A A9 DD FF 35 AB E1 A6 97 BB 3F 57 DE 7C 59 7D A9 5F F7 0C 67 A3 48 E6 E0 F6 C0 4D 68 DB
2025-10-16T21:05:18.256874,104.417,can1  222  [64]  F5 D7 11 D1 24 BB F8 93 7C 80 A9 8D 5E 7D 02 4D 92 C6 91 ED 53 11 88 A2 01 65 0A FA 6D 55 37 48 7D 59 84 FF 39 D8 C7 52 88 38 8F 26 CC 5E 30 2D DC 8C 8A 93 CD FB B8 C0 9C 5E 33 8F FE D8 83 07
2025-10-16T21:05:18.259785,104.420,can1  222  [64]  31 04 B4 C1 17 C3 8A 15 3E 57 20 03 AA 95 03 C8 56 11 85 FF D9 93 1D F1 5A 9C B1 67 95 66 60 91 30 3E CE 20 53 91 BC 39 AC 35 44 46 27 AD B5 22 1D 81 C7 35 17 4A 25 1F 5A 1E 56 C3 57 E5 FB 8B
2025-10-16T21:05:18.263370,104.423,can1  222  [64]  87 01 3A 7D EE D5 9D 65 1B 42 14 7F DF D3 C9 0B D7 25 68 A8 09 D2 F6 E4 A1 15 EF F9 59 09 28 EC 17 D2 F6 13 69 FE B2 F3 56 CD 23 93 A2 4A 28 D6 01 A7 42 4B EF D3 30 22 DF 3C F3 BC 46 F2 4E 30
2025-10-16T21:05:18.267191,104.427,can1  222  [64]  8C 01 5B 40 BF A6 85 ED 3D F5 D7 0F C1 59 71 22 52 C8 04 4E D0 69 1B 9A CF 3C FA EB AC 46 05 26 AF 7C 61 FA C0 58 F6 76 35 D3 8E F3 84 F4 5B 21 5E 04 BB 12 D9 9C 11 2C A9 E6 2C C8 87 08 7D B3
2025-10-16T21:05:18.272036,104.432,can1  222  [64]  88 B3 D4 8A BD 0A 0B 08 B6 76 76 CD 7E 9F 46 ED 14 B5 A8
2025-10-16T21:05:18.275569,104.435,67 5A 35 F7 52 25 35 9F 93 43 B5 03 16 65 72 13 0D 3B 72 FE D3 71 4C 89 1B A3 C9 BE 8E 77 C8 21 1D 99 9E 12 4F 41 2A F2 E4 20 65 D9 13
2025-10-16T21:05:18.276909,104.437,can1  222  [64]  56 FE 80 49 7D AA 95 C3 87 49 17 B1 06 F7 B5 53 AC BA 7E 49 FF 66 50 17 0D CC 69 01 1E 6B B5 33 F0 14 EE 92 B9 0C 78 CF E0 93 74 6A D8 FB 63 0D C8 FB 46 58 DC 8B D7 3A 7D C3 71 78 7E 50 CC 20
2025-10-16T21:05:18.281222,104.441,can1  222  [64]  0D 58 E2 93 B5 F6 7F 49 D1 C2 C0 6C CE D4 38 C5 0A 3F 2D 95 10 D6 BC 65 92 EE 40 11 16 B0 A2 27 81 92 EC FC 45 F8 E3 2D 8B 0A 9C 8B A9 01 9E E7 7D 37 14 54 DC 70 1B E8 D8 F8 79 C4 1E BE CD 46
2025-10-16T21:05:18.285804,104.446,can1  222  [64]  2F 0F 6B D9 49 8E 7E 59 50 3D A2 09 44 A3 90 7B B2 15 BF 19 F0 2E C5 F2 8F 7E 65 7F 3B A2 BF A4 B1 A5 56 B0 4F CD DE 7E 6B FC 4B 1C B1 4F 7A 3D AF 4B 5B 96 F3 2D CD 27 D6 17 D5 03 99 E2 81 95
2025-10-16T21:05:18.289776,104.450,can1  222  [64]  8D 2C C0 19 54 B2 0F D3 18 DE 7A 07 CA 22 16 DB 28 A2 39 1B E9 73 CC CA 70 1E 7D B6 4C 2A 64 82 72 59 43 1C 7A F9 93 DB D7 5F 23 BB B0 82 88 57 63 2A B2 41 C3 B1 B3 ED A9 07 04 CE 93 FD BE FB
2025-10-16T21:05:18.293547,104.453,can1  222  [64]  93 DE B2 F9 08 F0 D0 CD A
2025-10-16T21:05:18.297029,104.457,6 4A B5 14 9A F7 E6 76 3C 44 53 6F 2E 0C D3 CC AA 22 83 E2 90 76 37 5B E0 3E E7 C5 37 6B 7F 5E FE 7A EE E4 56 7C 5E A0 D4 60 A1 D5 F8 75 DD 96 27 32 1F 34 57 5B 5A 4C
2025-10-16T21:05:18.298984,104.459,can1  222  [64]  3C 91 C9 6F 84 0D CF 9E 65 D9 D9 2C EB F9 25 93 56 EB CD 63 F9 C7 D2 D7 B7 D4 70 12 D5 E2 F1 31 C3 71 E2 CF 31 9B EF 18 EB A6 B1 C4 97 66 B7 29 87 F9 82 EF C3 13 1E 7D 40 13 81 97 2B 66 8B 68
2025-10-16T21:05:18.344079,104.504,can1  222  [64]  4F FD FE B5 0B FD 8A 6C 8D B7 F1 42 26 6B B4 AF F4 69 4F 39 4C 0E 1E 28 C5 C9 58 5C EE EC 1B 4E 1A 5B 21 B7 CC A5 FB 12 F1 39 21 FC 39 A6 90 5A 36 A3 D1 2B 81 0C CF 8D F5 AD FC D7 23 41 CE 41
2025-10-16T21:05:18.349206,104.509,can1  222  [64]  B0 8B 15 C3 A5 DD CE 19 17 08 E6 38 93 22 93 68 E3 DB 40 C7 0B A9 A0 AB 62 50 4B D9 DA A8 FF 6F F7 91 86 3B BA D3 CF EC FE AE DC 1A 55 A3 B4 D4 87 70 59 1E CC 05 22 43 8B D2 97 3B 7A 42 7E 73
2025-10-16T21:05:18.363195,104.523,can1  222  [64]  69 AD 9B 1C 36 31 AC A4 A0 67 14 3F C7 47 B8 BC FA 2E 92 1C B4 E1 E4 5E D6 5A 4C EF 89 E2 12 E9 A9 B0 FB AD 56 34 11 3A 27 52 79 99 06 E9 98 AE B2 F1 6F 10 5A 97 32 2B 76 E7 A8 A3 44 CF A7 3F
2025-10-16T21:05:18.367460,104.527,can1  222
2025-10-16T21:05:18.374562,104.534,[64]  2A 1B A5 86 6D 6C 9C 61 89 F2 0C F5 39 C2 9A 1B 5D 3B 77 08 D7 D0 AD 69 F4 58 97 B1 CE CD F1 DA BF 33 7C 34 64 28 38 B0 F9 D5 46 40 7D 20 ED ED 71 2F 38 E0 D3 FE 9C ED 40 94 64 27 6B 68 B2 95
2025-10-16T21:05:18.376448,104.536,can1  222  [64]  69 14 A6 9B AF 0C 99 07 8B A3 BA D7 48 F5 4E 1D 8D 56 D9 05 73 33 16 96 0F E9 A1 5F 0D EB C7 0F 0F 85 CB A5 5A FE 92 B5 E2 20 59 31 34 C7 CD 04 EA 96 22 42 30 40 62 D9 DB 0C 16 DF E0 70 FF 83
2025-10-16T21:05:18.381021,104.541,can1  222  [64]  6C 02 01 32 71 33 51 05 2B AD F9 CB A4 C3 5D F6 BE EC AF 68 8B 11 07 5F 60 DB 6E 3D 9F 1F BB B6 4C 5B 02 84 C2 10 69 7E 29 D0 C9 81 77 41 F8 AB 6E 76 86 BD A5 08 C7 14 B2 61 12 B0 EA 6A 05 39
2025-10-16T21:05:18.387143,104.547,can1  111  [64]  D2 3D 54 9B EC A1 1C 2E C3 B3 35 6D 4D 2B 3A F6 54 FD FF B8 F9 06 EA 19 11 D4 39 D7 07 09 26 14 3C 9A 70 56 F6 64 E0 37 E9 27 29 27 FA 96 6D E0 BF A1 A7 1D 38 6F 77 56 52 06 BB CF EC D6 84 5D
2025-10-16T21:05:18.394330,104.554,can1  111  [64]  B2 6C 36 D8 EC F0 08 78 6F 33 DB 2D DD 03 0D DA 8B 1A B0 5F 06 FB 0B 27 B0 11 5D EF 20 53 A8 2A 4D B0 D1 AC 5A 9E EA 72 68 A3 96 C4 F1 62 DB 30 40 83 B8 85 D8 28 60 09 F9 94
2025-10-16T21:05:18.399985,104.560,41 2F CE 7F 0D B9
2025-10-16T21:05:18.402294,104.562,can1  111  [64]  0D 3E 02 5B 7B 6A E6 B0 AA 34 F5 9B 65 C8 80 55 64 BB B0 E2 05 72 8F DF D4 34 86 A9 64 AB 9A 6D 4C 9A 9A EA C7 25 70 E0 CE DC 85 55 EE 4A D2 7A A3 46 CA 10 02 81 72 BB AD A6 E4 11 DF 21 8D E0
2025-10-16T21:05:20.387338,106.547,can1  111  [64]  FB 63 46 09 AD CB 51 2B E8 4F 40 E4 C3 52 77 CC F6 3C 75 7D C6 0E D3 39 70 B7 7E 34 3B F4 8F 54 8E 3B E4 61 7B F3 95 93 10 BE EE DB A4 11 FE DE 1D D2 71 79 EF 91 06 FF 88 84 2D 98 9A 55 D8 E1
2025-10-16T21:05:20.392721,106.553,can1  111  [64]  1C 55 7A 19 8E EC 08 3A FB 43 CF D4 B5 BC 31 7E BA AC DC 30 38 CA 48 3E 51 C5 47 09 0F AE 5A 5A 67 48 23 8E 04 DC 42 6C 4A A8 F2 E0 D8 87 49 93 38 33 79 BC 23 EE 7C 72 B7 68 23 5B 69 80 FF 58
2025-10-16T21:05:22.031863,108.192,can1  111  [64]  16 65 54 52 16 50 EF 77 A9 22 9B 82 40 4B 9C 31 DA 7A 13 56 06 7D 87 A4 8F 2F 98 D1 9E 99 D3 C0 9F CF 1C 6E D7 B3 61 1F 3E 42 ED BC 69 3C EC B1 92 72 31 39 E2 52 97 E9 97 25 84 E2 9C A1 5B 78
2025-10-16T21:05:22.044862,108.205,can1  111  [64]  9D FE 87 49 FC 90 48 8E 28 B1 15 2D 01 9B C3 13 6B A2 48 B6 F2 47 12 F9 E3 26 78 EB 49 CE C7 87 9C AB 80 0D 8C 81 E7 87 2C 97 B1 D3 28 F8 D3 8C 39 CB 38 AB 42 D2 40 86 9D 9B ED 1C 03 CD 5F 7A
2025-10-16T21:05:23.779493,109.939,can1  111  [64]  48 1E CF E2 D3 6F D9 13 0C CB 3B 99 50 35 6D A7 4D C9 33 BA E2 A9 44 FC 5B 06 2F 67 7D FD A3 35 12 CF AA FD 7B C2 BA 3E E1 4A 38 A7 56 03 E4 CF BB EE 64 08 B3 FE 29 E4 D5 C8 AF 71 1E 44 87 2A
2025-10-16T21:05:23.793333,109.953,can1  111  [64]  4B 68 0A E9 48 C3 E5 68 4E 37 BA 9D C1 F0 6A 87 30 BD E6 7B D3 05 D5 07 80 21 ED F6 6D 51 76 30 D0 9A A4 A7 D5 57 9A E9 1A 94 08 FC 7A 8D 6E 8F 33 9A 1F 6D AB A9 6D 33 44 6C 60 FD AF BD 73 F3
2025-10-16T21:05:25.197730,111.358,can1  111  [64]  D0 81 6E 39 AF DF 4E 05 2D 34 06 81 13 13 BC 05 EF CE 8F 0B 63 71 C3 11 DE 49 FD 0C CB D8 B7 C6 7B D6 45 EF FF F8 D2 1F 9D B2 8B 9D 48 7D E7 5C 76 EC 57 F6 1C FB B2 4A D5 58 F4 BB B4 1A 70 0F
2025-10-16T21:05:26.512728,112.673,can1  111  [64]  5A 98 74 94 C3 72 1C 8E F7 97 07 7C 08 6F 17 15 95 D2 3D 80 45 EC 91 C1 FC 2F B4 8D B5 65 6B 2C 02 EC EC E7 08 EB DA E1 B1 ED 89 8F 50 79 84 24 27 E4 A6 55 47 D7 CF 79 2B 30 BF E3 FB 3E CE BA
2025-10-16T21:05:27.713205,113.873,can1  111  [64]  F7 50 61 B3 8C 8B E7 46 B2 6F 88 53 D0 DA 7E 0F 20 D2 7D A6 C9 27 35 CD 25 CD AB 5A E6 BC 72 79 61 A1 2B B3 EF 7E FF 3C 5F 12 13 3E 98 CE F0 73 29 9F C8 CB D4 3F F8 0C DF EF 55 91 BA D9 33 E8
2025-10-16T21:05:28.816391,114.976,can1  111  [64]  D6 AF 76 7C F4 75 69 03 82 AC 78 50 3A A9 EB 75 DC BF 13 B8 6D E8 E1 37 BF 65 0E 65 61 74 40 3B F9 2B 19 21 CF 8B 03 DD 18 E6 0E A3 B8 B2 0E 56 45 57 2E F5 B3 3A F2 C1 7A 30 26 09 E2 9A 11 16
2025-10-16T21:05:29.791286,115.951,can1  111  [64]  23 D9 33 44 BC 0D 36 B2 37 4A 79 B4 B4 60 C1 8E 6C 87 DA E8 4F AC E4 D2 C3 08 F4 14 84 37 17 11 45 AB AA 28 26 AB 0B 74 A9 AD 8E AF 87 0B DF BC 6F F8 B6 96 10 E6 32 12 E9 10 26 F1 BA BE 99 07
2025-10-16T21:05:29.795376,115.955,can1  111  [64]  0F D0 75 6A 09 30 0B AA B6 14 E3 05 30 86 E6 2C 99 F9 25 BA 16 9A 31 63 F2 CD EC 79 40 49 64 89 D8 68 35 F0 2F A2 DA BD 44 D5 5D 02 6F 94 EA 86 21 9F 74 8A 17 E9 FD A7 48 21 16 62 4E 83 83 28
2025-10-16T21:05:29.800275,115.960,can1  111  [64]  E5 6E 9F B3 D7 57 03 C8 67 C9 1C BD A0 31 C3 98 2D 44 1F AA D0 FE 55 82 1E 97 1B 46 3E FF 37 26 27 63 63 0D 6B 72 5A 88 A4 FA B5 3B 65 1C A2 89 C0 9F D9 68 B0 99 82 56 36 14 EE B1 F7 E5 15 51
2025-10-16T21:05:30.561108,116.721,can1  111  [64]  3C 76 83 3C 25 3F E4 8C FB 6B 16 9C D0 FF 53 FC 6D B8 D9 45 DF AD 2D 59 46 D4 19 81 2D 2F 9D 63 0A A8 8A D8 0B 1C EB 73 90 DC 21 A8 AE 9B 84 7A F6 D6 4B 33 D8 C2 87 87 38 AB 01 96 EA D1 C5 66
2025-10-16T21:05:31.331778,117.492,can1  111  [64]  5B 22 27 DA 7F F7 2C 15 BF 9F 7A 75 0D DA 7F 4C 1B FC C3 5B 2E 17 42 5F 35 B1 1C 0D 28 84 1A 53 02 E7 B6 26 4A 11 60 7A F8 7F 17 4F C0 78 63 5F 34 19 D1 B9 38 CE 9B 3C DD F9 DB 0A 9F 79 1A B6
2025-10-16T21:05:32.200303,118.360,can1  111  [64]  B4 DF 8C 84 1B AB 7A 81 51 57 9F BD D3 39 9C FE AC 3D 65 25 CC B3 C2 F2 C2 40 AF BC 27 C3 6F 69 46 2F BE 7A 8C 1C 0E 9C E3 50 7A 80 B5 7A 4E 5C 36 F9 44 D4 CF F3 6C A1 0F A6 A2 F5 92 4E BC 3D
2025-10-16T21:05:33.088440,119.248,can1  111  [64]  AE C7 68 6E 84 63 6B 21 34 2E 3D B0 AF 75 36 2A 21 04 5E 30 49 2D 72 99 F9 FA 35 C3 F4 7F DA 31 E2 05 5D F2 1C BE 53 A6 90 E1 D1 9C F8 EA FF BE FD 73 2E 6B CB 76 ED 92 04 2F 3B B6 FE 2F 9C 19
2025-10-16T21:05:34.623989,120.784,can1  111  [64]  79 D8 18 61 29 EA 1B 7A 46 54 ED 03 3E B4 61 CB EA 5A 69 72 FC 97 54 47 0A 26 55 D1 68 0D 72 F0 7D B9 27 EB A2 D1 D8 86 6D 71 A1 E6 AF 66 09 67 2D 72 61 EB 97 66 AD 94 7A 19 99 7F D7 12 E6 4E
2025-10-16T21:05:36.489549,122.649,can1  111  [64]  37 C8 39 5C 58 38 61 D4 2D 9B 7C 95 89 B7 E4 6A 1A 2B 21 FF CC C7 E9 C9 BC 45 40 5C 7C 39 BA 39 FD 82 D4 A4 58 2F D5 6B AE 4A D6 8D EC AD 38 AC 96 C4 92 88 D6 AA 15 16 01 CC E6 FE 4E 91 A4 E8
2025-10-16T21:05:36.494773,122.655,can1  111  [64]  1B 76 0F B5 FA 55 81 34 61 DB 8F A9 3E 04 12 A9 7D 86 F4 10 3F 45 FF 40 D5 0F 54 90 AE 99 05 E6 2B B7 DE F9 91 CA B7 E1 BF 67 ED DD EF B2 F0 BB 64 55 E2 E8 31 E8 FB 78 DD AB D0 52 1A A8 70 BE
2025-10-16T21:05:36.500250,122.660,can1  111  [64]  F4 68 96 67 0F C4 11 B7 DE 01 10 FE 8D 73 4D 15 A3 E1 77 5F 13 03 4F 3B FE CE 3B 7B F7 E0 17 C6 CC 4E B9 72 BB 5B CC 01 5E 2F 02 2D 75 AA 85 6A 15 5F 07 A0 33 AA D1 BA C3 44 DE 5E 8A 5D C0 E1
2025-10-16T21:05:37.480957,123.641,can1  111  [64]  64 78 C1 6B 86 CE 80 46 D8 E5 EC FE 52 EA 44 13 8F F0 54 DA C6 38 B4 D7 85 66 6C 68 8F AC 5D A0 EF 1D 2D 24 F3 EF D4 17 DE 0F B8 1A AB F4 CA D8 A8 79 80 57 97 52 08 50 14 E8 17 77 F5 A5 90 EB
2025-10-16T21:05:37.485840,123.646,can1  111  [64]  94 53 BE 74 B0 55 D1 A9 50 26 2D 3B 1D 8D D2 25 38 9B 5D 94 FB AA 86 73 05 22 3E 80 AC 91 09 71 32 7D F7 6C 9B 15 7F D7 DE BD A6 52 77 3E 9B 1A 24 50 71 53 85 B7 B0 FD 60 AC 2F 6E 4E 1A FE 71
2025-10-16T21:05:39.140929,125.301,can1  111  [64]  83 35 E7 4D 94 7C 6A 9C B8 B0 40 09 FE 7F 43 43 0C 6E 07 70 96 62 D6 12 11 BD 85 4B 89 67 7B B0 51 B4 C4 D3 D9 EC 8D 0C 93 6B 80 3C 77 05 B0 FE 9E 1C 2F B1 23 05 61 64 F1 2E 29 25 2B 3A EC A8
2025-10-16T21:05:40.887312,127.047,can1  111  [64]  EA 1C 5D 13 6C 1B 4F F1 F7 E7 D3 3E 3B 1C 1F 72 6A A0 6D 44 1D 94 6E A8 DB 82 6E A6 F1 D5 9D 06 34 0A BB AF 01 20 6E 26 39 89 F9 37 79 0B AE 2C 8F 4A 1F 7A 67 ED B4 15 4A 06 12 A3 51 BE EF 88
2025-10-16T21:05:42.630793,128.791,can1  111  [64]  89 F0 7D E3 B5 64 E8 B8 7F EC FE 2D E0 7F DC 3C 93 1A 9A 79 19 CE F2 37 7A F7 EC 5A 55 2A 62 41 24 26 E3 5C 8A 7E C9 76 30 C9 FB 02 1F 41 9E 01 55 BE BF 06 74 7F DA C6 27 6A 67 CA EE 02 60 71
2025-10-16T21:05:42.634593,128.794,can1  111  [64]  E9 4D A9 40 BB F5 48 61 FB 4A 6C 89 78 F8 B0 1F B4 98 C9 AC BA 01 AE C4 A0 38 84 E4 32 C6 FC A1 87 FD F0 02 1A 30 FB 1D 37 F1 07 A8 9B E5 BF 62 5D A1 4E 1C D3 F6 1C A9 05 91 98 66 AE 7C E3 9A
2025-10-16T21:05:42.641347,128.801,can1  111  [64]  55 27 4D 84 14 85 DE 16 4B 28 4D 2E 8A F7 0C E7 2A 58 C4 BE F5 D4 C6 0B A1 B8 08 10 E9 87 3D 5C FA 10 D2 54 4F D6 E6 17 53 42 E7 01 6A 70 2D D9 F2 4E 7B 5F 9B 22 30 F3 C9 42 DB 50 DE 4D 8A A2
2025-10-16T21:05:43.513786,129.674,can1  111  [64]  C8 C0 9F F6 E1 DD AB 0B E4 44 DF 74 21 AB 1B ED 32 58 5E 89 0D 66 44 26 E7 35 AD B4 7D A0 44 76 24 E1 A5 E6 3F 0D EA 6E 7F 2B 3B A4 F9 14 A0 14 97 E0 B6 FE BF 3E FB 42 2A 73 0E D3 D0 50 9C 84
2025-10-16T21:05:43.517997,129.678,can1  111  [64]  3B 47 5D B4 E4 BA CE 38 1C 24 CA 69 EF 3A AD 81 3E 6B 3E 1F B1 D9 86 FB ED 01 EE C9 B9 63 2B 20 92 28 89 6E 16 47 75 83 C1 69 31 76 42 6A FD 28 4C DD 04 CC CA 5B 0F 30 DF 13 EA 7A 4D 06 31 99
2025-10-16T21:05:44.497601,130.657,can1  111  [64]  84 D1 E3 91 3D 84 BD D4 CA 6C AC 6C E7 17 62 10 3E C9 95 DA 51 DD D6 D8 65 E4 D0 9E 53 1C 98 B1 CE 3F 1F 15 82 54 26 D7 DB 0A 30 35 62 4F BF 57 3F 44 5E 8C 70 66 3B 32 74 2F BF 65 8A 23 B7 09
2025-10-16T21:05:45.700301,131.860,can1  111  [64]  6E 8C C2 5E EA 37 57 99 9F D8 6E 2C EC 71 A3 06 C5 19 05 0E 6F 58 DB 7A BC 6D D4 28 42 1C 39 33 33 6A 50 B7 A9 8C 55 9B 68 99 B0 C7 0D 16 25 4D 14 91 D4 D3 79 79 AF E9 3F E1 09 B5 80 9A 50 E9
2025-10-16T21:05:45.705668,131.865,can1  111  [64]  BC 71 70 EB 9A 03 F4 A6 9A 66 EA 44 65 92 A3 C3 3E 12 77 B2 B0 EF FF 86 E0 FB D5 8A 26 03 61 87 42 E1 51 25 8B BB 7A 04 33 B4 38 EE 56 08 08 DD 1F 07 79 EB D0 C0 8A B1 38 AE FE 87 D7 55 C7 0F
2025-10-16T21:05:46.797831,132.958,can1  111  [64]  F9 30 49 7E DF 1B 4C 3E 59 DA 93 11 E8 44 C6 E3 5D 79 85 CE A8 C9 66 0B A5 83 8E D7 B1 47 B0 BD EB 9D 6D 84 27 C1 B7 D1 96 10 E7 6C 6A 8B 4D 3E 03 D9 28 D3 69 C1 78 2F EB F5 0F 4D 91 62 8F 11
2025-10-16T21:05:47.881974,134.042,can1  111  [64]  46 1F 18 26 86 E5 F5 22 B3 10 08 DB B7 C6 90 97 AA 22 94 3D D3 C6 A4 E6 0F 40 52 FF 37 01 02 47 C2 3C EC 58 6F 31 3F 4D 3D 54 64 C8 F5 46 30 8E 5B 12 3D D1 22 1E EC 18 23 E0 14 D8 6C BE FF 9F
2025-10-16T21:05:49.202225,135.362,can1  111  [64]  54 55 C8 21 39 76 99 C8 2C 48 3D 31 C9 04 B1 25 37 4C F1 87 F1 4D EA 53 07 49 A6 10 43 6B D9 79 62 B9 8D 07 39 1D 93 52 E9 05 30 46 08 ED 11 55 CC B7 CD 45 1C 74 8B 1F C1 14 BC 49 EC D9 8A F6
2025-10-16T21:05:49.207757,135.368,can1  111  [64]  30 9F 59 D0 96 09 58 B9 AE 83 E8 9B 5F 0B F1 47 E9 3C 3A 14 1B 90 F1 F7 B8 93 04 03 CF D3 DE 70 E4 78 6C 49 8B F1 3D D5 5E 95 6E FB D1 B0 03 21 FF F6 68 1F 3B 88 78 BE A2 41 9E B3 F0 A2 E2 2E
2025-10-16T21:05:50.638046,136.798,can1  111  [64]  83 3C B1 7D FE 38 6F 86 07 DE CB 8E D0 8C 19 19 0D FD F9 89 D1 B3 33 60 2A 97 F2 7B 1C E1 0A C5 13 D4 60 7A 46 F5 37 E7 82 58 A9 44 1F AA B2 22 34 71 77 F8 D0 58 9A 88 91 5F 65 3F 45 6C B8 EF
2025-10-16T21:05:50.643850,136.804,can1  111  [64]  B8 E1 76 4B A6 68 8F EF 9D 6D 69 47 CF 7A B2 FF BE 08 70 91 BC 7E 50 2C C0 01 BA 30 80 CE F3 B6 B1 E3 29 EF 81 C9 7D D4 89 28 34 32 59 92 E2 56 90 16 3F EE 94 69 4A 37 0A 8D 4B 63 AA 91 2E 49
2025-10-16T21:05:51.954470,138.114,can1  111  [64]  5B 75 5E EC D1 30 DA 52 41 AC 57 EB 8F 82 F5 55 C2 64 01 AC BD 41 AB D5 0F 0F 23 E7 46 EA A8 36 73 32 A1 A7 7D 45 B5 16 25 70 88 82 E3 0D 18 A2 3D 0A 4A 89 3A 1F 7E 3A 3D 6C 7C 98 3D DB 94 84
2025-10-16T21:05:51.959983,138.120,can1  111  [64]  E8 3E 20 5A C5 B0 8F 4C 3D 33 A2 6A 0B 49 FD 6A A2 3C 6E D3 82 7B 20 DD F5 9E A7 B6 A7 FC 51 7A 31 13 A3 53 D6 D8 B0 C8 9D 50 C4 12 C1 2C 84 5C 61 6E FB 63 E3 FA AB 37 2E 8B CF 6F 63 16 11 3D
2025-10-16T21:05:52.928864,139.089,can1  111  [64]  C6 9D 28 43 51 89 74 5C E0 6E B2 26 23 E6 FD EE 53 37 08 2C 18 46 26 CD 03 08 EC 7E 89 3B F1 D5 FE C6 27 28 BC E9 1B 65 15 40 5B 78 27 0D 38 3F C1 56 BB 7F 6B 63 34 D2 EC 06 65 5E C8 85 2A 61
2025-10-16T21:05:54.248510,140.408,can1  111  [64]  A1 58 86 66 33 35 C1 F7 5C 14 34 2C 2D A1 85 D6 93 8A 68 04 6F E5 40 FF BE 3F CC D6 71 0C 05 3A C5 D6 9D 0D FA A5 23 7F 39 B1 50 F3 D2 C7 C6 76 7C F5 80 69 19 BB 29 81 73 B4 EC 98 61 C1 28 3C
2025-10-16T21:05:55.454347,141.614,can1  111  [64]  4B 1F 9E F8 03 39 69 AA 37 B5 14 9F 42 8B A4 79 A5 04 F6 44 DC 40 5D 7F 61 DB 28 C8 4B 42 47 25 DC 3E 40 2B 7E 93 F8 EB 1D E6 20 6C 7C 0A F7 14 CD 6B 1C 84 69 34 04 89 FA AB C2 E6 15 CE 7B 19
2025-10-16T21:05:57.531778,143.692,can1  111  [64]  6C 19 8B 66 C1 9A FC FC 88 2B 87 78 90 0C B2 B9 11 6E 35 4E 0B B7 B6 D3 0A 1B DD 3A 94 2F 0C E0 69 26 AA F9 63 B2 C6 BE 48 22 DE D6 EE 35 6D B8 87 DD 48 04 E3 DD 89 8F 0C 02 96 0D 87 D5 7C 05
2025-10-16T21:05:58.512687,144.672,can1  111  [64]  3E 6D F0 C4 2F C6 C9 17 0F C7 79 18 05 21 19 51 7E AA EE 3B E3 63 FF 9C 8B 25 40 99 15 EC 3C 94 FA 7D 9F 95 64 8A 92 B4 F7 5D 71 E3 65 02 6C 16 18 80 C9 55 F1 72 BC F5 97 AF 94 D6 98 26 96 2B
2025-10-16T21:06:00.285742,146.446,can1  111  [64]  46 03 E1 45 9C 08 BF A4 A7 1A C4 03 3C DC 35 EA 01 A0 C2 D9 D7 CE BC 97 4D CA FB AE BA 81 E3 34 35 B7 1C DA 69 05 D4 BD 98 72 F8 44 20 4D C5 B4 BA D2 58 2C DB 98 09 01 F0 86 93 16 53 4C 02 1F
2025-10-16T21:06:01.264184,147.424,can1  222  [64]  A2 F8 03 2B 3D 3C 5A 8F 37 10 BF 2D BD 9B 68 82 5C F9 BF E4 C6 14 82 B3 D2 06 B4 B0 9B 2C 1F 32 78 29 1A 31 92 93 8D B1 12 94 E0 3A 18 D3 71 62 ED 39 C1 1A 7E C8 DE 91 B0 D8 5B 07 46 12 8B 03
2025-10-16T21:06:01.267308,147.427,can1  222  [64]  40 50 B1 F6 50 D4 F1 0B 11 20 E8 73 19 AD 92 35 EF 93 F7 AB 85 83 D4 3D 61 6B EE D8 DA B4 FC 22 38 FC AA 18 6D A9 52 A3 0F 58 E5 82 65 2C 70 5F DD 04 78 5E 44 21 5F BA 82 66 F1 82 09 B4 2D 59
2025-10-16T21:06:01.272772,147.433,can1  222  [64]  A8 17 59 9B 62 9D D4 50 4D 3C 8F 13 AC F8 EF 2D 78 12 DC 19 1C 60 F8 29 29 2E 59 5B C4 3D BA E9 20 52 E7 3C 6E AB E3 A3 D0 DD 11 B1 62 71 D0 F2 4A 44 E5 28 37 7E 3B F5 D5 1D 7C 2E 4D BE 4C 28
2025-10-16T21:06:01.275916,147.436,can1  222  [64]  9C A1 81 49 59 08 1B 37 4D E8 60 0A A4 1B 9C C6 2C 19 75 D6 A2 CA A7 47 5B 1B A1 38 D3 9D 77 3A C7 93 D6 E0 4F 93 05 D6 18 ED B4 B6 3E 40 BD 98 67 F5 70 A7 6C F3 88 4F D4 95 4E 6F 57 E1 98 41
2025-10-16T21:06:01.279922,147.440,can1  222  [64]  AE 8B 0E 96 71 26 5C C7 84 A2 5B 22 0E BB DC E6 E5 C1 E0 20 8F EC 67 2D 3A 3A EE 03 FE 18 E6 7A 3F 0C 5B 88 E4 20 AE D4 68 68 77 25 C1 25 99 65 8C 2A 8D 02 EE 1D
2025-10-16T21:06:01.282647,147.442,81 2E 68 FB D2 E9 56 57 2E A1
2025-10-16T21:06:01.284127,147.444,can1  222  [64]  EC 33 F2 F5 08 38 F6 D3 6C 48 AD 6F 50 0E D0 38 0C 3E 3C CF A1 C6 85 C2 A8 D0 2E 3D 4F 95 51 50 5F B9 D7 F3 E2 F5 30 E6 93 54 30 11 93 02 57 C0 41 13 01 02 6A 49 F3 22 43 9F 61 22 A5 20 B4 43
2025-10-16T21:06:01.289176,147.449,can1  222  [64]  FD BA 9E 67 E4 06 C8 C6 D7 31 64 F0 2E 9B 70 77 BA F0 37 9B 70 D4 A9 43 27 3B 60 63 3F F8 34 5E 6E 68 93 10 5F 71 1A 63 17 F1 10 D5 FE 6B 17 E7 8D FE 9E AF 4E 07 F8 18 64 FD CC 73 DC B6 54 E3
2025-10-16T21:06:01.292856,147.453,can1  222  [64]  26 69 51 B3 39 18 A6 9C 38 F6 FF 2D 83 22 8E 40 52 CF 34 46 E1 2F 01 20 03 B8 9D 4D BF C4 50 11 74 58 EA 85 9D 85 F2 A4 B9 46 FC 4B E4 B6 13 0D 7F EE 4E DE 89 24 BD 42 2B 26 58 67 8B 6E D9 E0
2025-10-16T21:06:01.296191,147.456,can1  222  [64]  EC B2 5D 3D 20 BB F6 A7 13 F3 44 50 36 30 1E 03 C6 B9 8D 47 2C 75 27 CC 28 76 43 75 80 AA 21 92 CD 74 1D C3 D1 11 B2 02 83 67 CB FC 1B B8 85 92 32 D4 49 9F 55 54 E5 A7 E0 35 58 4B 1F E6 B1 AA
2025-10-16T21:06:01.299749,147.460,can1  222  [64]  C6 38 F1 45 CE 06 42 95 40 7B 34 99 8B DA 52 78 E3 01 66 25 9A A3 35 5D 5F 7D 13 C5 81 53 04 B1 C1 EF 51 DE EF 27 06 2C 0C 86 B7 6
2025-10-16T21:06:01.305057,147.465,7 5B FA FC AE D9 26 6B A7 43 65 59 9C 3C 61 22 A1 B4 CA 9E 8C
2025-10-16T21:06:01.306552,147.466,can1  222  [64]  11 83 E3 2A 44 AE 2C 69 31 C9 16 11 69 AB F4 50 CD 69 AA 15 B9 9F 2A 1D E2 C4 2D 79 F1 EA 95 58 CF D1 9D 8A A8 84 45 F5 45 07 52 47 17 DC 5C F4 16 46 77 A9 F0 4C 7B A3 5B BD 20 3F E3 C4 56 AC
2025-10-16T21:06:01.309359,147.469,can1  222  [64]  34 D3 B3 FC 26 72 0F 47 D3 C1 7C 68 1F AE 88 6E 02 D5 19 83 21 1D 99 64 0A 84 A6 48 55 4F 90 E9 5C 35 16 83 36 56 BB DC 26 9C 3E 04 45 6E EA 93 08 89 AA A8 1A FA B9 F1 A9 AF 2E BC 4C DD 54 83
2025-10-16T21:06:01.312244,147.472,can1  222  [64]  AD B5 AA 6F 1A DC C1 D4 59 DC A8 7C CA AF FF E1 99 D1 F5 31 87 B5 44 69 91 9B 32 4C 91 D7 A1 18 F9 D8 4E C5 95 FD 94 51 E8 38 EF C0 FC F4 BD BF F4 3C 13 33 F3 B5 D5 8E AB 4D F7 82 5F 33 AC 4B
2025-10-16T21:06:01.315542,147.475,can1  222  [64]  7E D8 53 83 49 B0 35 05 E1 F6 40 4D 79 9A A9 02 8D D2 D5 F4 D2 3B 96 C9 AB A0 90 E0 53 22 07 88 01 B0 C3 46 C2 6C 0F 17 44 4A 53 19 FE 64 DA 26 FA 80 E9 A0 FC E4 D3 DB 35 13 1F 9E BC 2F 95 80
2025-10-16T21:06:01.318391,147.478,can1  222  [64]  19 2E 31 73 65 C7 74 12 6B 56 2B EE 07 91 21 49 46 C1 0D 51 C6 2F 26 84 59 6A CF 7E 60 5A F9 5F 15
2025-10-16T21:06:01.322574,147.482,28 10 AE AA 4F 53 CF 49 96 02 17 F9 CD DE D4 90 E7 76 48 BB 8D 11 78 F4 A3 D7 2A A1 BF 7E 88
2025-10-16T21:06:01.323650,147.483,can1  222  [64]  59 E9 F2 B9 44 14 3E 82 FA 8C 1D BB 6C 9A DD E3 B1 3F B4 06 95 E7 31 B7 C5 A9 F8 3A CC E4 9D 89 76 B6 F0 B0 59 A7 12 EE 4F 22 73 71 24 F4 04 EC 5C 10 3C 2A 88 81 4F 38 68 8B 32 EB AA AB DE 25
2025-10-16T21:06:01.326788,147.487,can1  222  [64]  A5 69 84 40 8A B4 B0 78 5C A5 96 E0 7F 07 2A 8D A7 9A D8 9E 69 48 3B B8 A8 5F BE F3 37 E5 8A D1 97 7D 78 01 98 01 AD 34 22 85 4C 88 82 9F 56 29 1A 43 65 9C 67 DE BD BF 89 BB 53 7A 7A 09 A8 A2
2025-10-16T21:06:01.330324,147.490,can1  222  [64]  B7 83 BD 8A E9 38 CB A2 EF B6 61 F9 44 F3 27 A1 5A FC C4 D5 B4 94 3B 75 D6 51 53 E3 65 82 2D 9E 64 18 72 1B 8B 5B B4 E9 CF 93 3C 47 71 50 F7 E7 29 48 CA 7A 8C 74 D8 68 ED 23 CA 12 07 EF 76 8A
2025-10-16T21:06:01.333677,147.493,can1  222  [64]  41 6B 93 EC 61 7B 44 95 E4 36 D4 50 61 80 A1 11 A0 4B 6B 2F C7 CA 03 AB 8D C2 6E 7F 05 E9 FA 6E 3D BF CD BC F5 8C 59 07 C6 32 10 5B 4B 72 2D D9 5E F3 6F C4 87 AE 9A 05 09 2F D0 5E 13 66 60 40
2025-10-16T21:06:01.337084,147.497,can1  222  [64]  57 FC 82 A0 91 51 5F E4 5D CD EA 8D DC 20 DB 92 4B 28 7C 26 19 08 DB
2025-10-16T21:06:01.340711,147.501,DD 2B 11 25 F7 50 F2 55 E3 FA 7E A7 DB 42 21 31 77 33 D1 D5 D9 35 B4 B4 0A CE 1A D8 56 3A 0D DE B4 D9 13 04 E8 1D B1 1E 42
2025-10-16T21:06:01.341982,147.502,can1  222  [64]  D4 C5 A6 CE 17 4F 59 B7 48 F3 6A 5A 1B A0 11 44 5B A4 94 E0 32 D6 6A A3 50 75 AB C8 64 5B 83 FD 9B 11 B3 70 EB 02 76 16 C0 57 D2 54 81 17 88 C6 26 FD 27 0E 18 D8 75 3F AE 99 09 6E C3 82 D8 88
2025-10-16T21:06:01.344977,147.505,can1  222  [64]  37 87 A5 52 F8 F0 94 44 89 7E 3B C6 D9 4A DB 11 C9 0D 11 35 9E 8C E1 2D A5 1E 15 85 90 84 A3 C9 50 AF 2C E0 66 EC 7B 30 30 74 A0 6C A6 E1 0B 37 2B DB BE 88 CB 0D B4 4A 4A E2 20 CD F7 9D 53 33
2025-10-16T21:06:01.348348,147.508,can1  222  [64]  1A 0D E7 5A 06 70 87 DC A1 8F 15 F1 9C 31 3A 15 34 D9 10 FA 6A 74 20 18 C3 4F B2 73 5B AF 80 A6 A0 D3 7F 64 AC 01 2C 15 5F 33 20 ED A7 92 5A A2 2B 9C 7B D6 3A 37 9D 4B 1D 5E 83 D8 66 FE C4 FE
2025-10-16T21:06:01.351902,147.512,can1  222  [64]  42 18 CA A7 5B 0A 2D 77 7B 85 B0 D1 43 AA 5F 54 A3 31 0A E3 FA F0 A9 02 EA 39 A2 1B 16 0D 20 F8 D3 C2 63 A3 FC E6 29 0F C4 B8 AA FA 12 72 AC 22 C6 69 3B 4A 18 31 5B 94 C0 D3 39 21 02 1F 9B 36
2025-10-16T21:06:01.356335,147.516,can1  222  [64]  F7 A9 43 08 4F 06 71 F1 93 C4 AE 8A 3
2025-10-16T21:06:01.359327,147.519,9 E9 15 75 3B 0E 1E 77 D4 EC AD 5C 9E D1 A5 CD B0 B5 0F DB 52 F0 8B 83 0C 68 ED 3D EE 85 B3 CB DB DB F5 D5 76 9B 24 BE 72 03 29 D8 16 42 92 A6 96 D0 F8 92
2025-10-16T21:06:01.360793,147.521,can1  222  [64]  16 10 15 D7 F8 AC D2 61 17 08 3A 38 03 3B 41 5B 86 E0 F9 D5 95 22 04 F7 C2 B8 68 DB 23 56 1E 9D B3 FC 29 C3 98 E5 96 B1 0C B4 2B 99 AE 72 53 5B B2 3E 8E 7D E6 D5 EC F6 0B 0C 97 77 BE 5B 1F 49
2025-10-16T21:06:01.364235,147.524,can1  222  [64]  8E D5 1E A1 AE A4 C1 B7 34 20 CB 21 0F 75 F9 53 B5 D9 F4 D0 3F AB C7 59 C8 8C B1 F7 B0 9C 2C B5 AF D6 69 EF AA 15 A1 D2 8F 78 EC B2 95 C5 D9 83 13 A9 F1 9E E9 35 14 93 79 95 97 9D 3B D2 A0 33
2025-10-16T21:06:01.367612,147.527,can1  222  [64]  47 8F 60 26 08 42 67 9D 36 B8 68 A5 12 01 1A AE FD 1E C4 22 19 56 04 B1 21 B5 47 73 C9 3B 30 EF 18 5D 9D 43 06 EB 43 D7 6E 67 FC C9 7F 9D D6 96 65 67 A4 90 63 99 FA 20 2A D5 85 F0 F6 CC 8A C2
2025-10-16T21:06:01.371978,147.532,can1  222  [64]  0A B1 30 64 DD C8 E9 2E 27 8F 5A 75 D5 10 4F F1 EF 1C 69 B4 AB A7 A4 A8 EC 07 5A 63 C8 11 17 70 9E FC CF 0E 76 9A 3A 64 8F CE 65 7D 8B 80 24 AB 70 64 F2 17 71 67 F6 ED 63 80 7F B2 37 E8 DE CF
2025-10-16T21:06:01.375008,147.535,can1  222  [64]  82 47
2025-10-16T21:06:01.377810,147.538,D2 74 56 BB 4C 8C 93 48 BA CF BE F3 9A 7F F4 4C BA C9 C5 1E 80 BB 28 38 60 51 F1 41 26 67 90 99 D4 A4 0F 0E AD 1D 70 0C EE B7 A3 17 90 56 7C A7 C0 F3 1A E8 40 78 8B 52 86 7E 49 60 09 56
2025-10-16T21:06:01.379608,147.539,can1  222  [64]  6B D4 DD 3E DC A8 06 F0 AD A8 38 DF 72 20 25 6B 48 FB A2 FC EF 8F C9 F1 C6 23 B1 02 49 53 FB 7E B5 D7 B1 F6 05 C8 FC B2 8E C6 0D D4 43 89 07 31 51 8F BE 19 48 75 53 E2 D5 1B 52 6F 27 85 B8 2B
2025-10-16T21:06:01.382471,147.542,can1  222  [64]  EA B1 A2 6F A2 8D 77 2E 61 FD 90 72 E2 C3 7E D3 A1 04 81 65 41 38 B7 9F 87 BF B0 04 3D 9C 67 68 97 7D 60 E0 B3 96 20 C2 93 F5 C0 32 F8 06 73 89 36 41 7E 76 53 3A 11 77 F5 88 51 95 EA E7 38 E0
2025-10-16T21:06:01.386796,147.547,can1  222  [64]  CD 25 86 23 95 CB C1 CF 1F 7F 8D 20 A9 21 92 5C D9 FD C5 D2 10 45 22 73 EE C5 76 83 BE 9C 21 91 4B 14 4A 31 86 E6 68 91 6A FE AD 9E 12 ED 95 36 33 5E 49 5A EB DB B5 14 4B E1 2A 97 84 09 B2 47
2025-10-16T21:06:01.390812,147.551,can1  222  [64]  91 10 7B B9 58 CC 40 BC 73 C9 0F 26 F2 E7 72 50 C3 DD 1F 71 D1 94 F7 14 21 04 39 99 AC F8 1D DD 0A FB 81 9A 39 CF CA E8 9E F8 C3 C3 DD F8 B2 5C 93 28 1B F8 B3 76 5B 48 13 23 67 8E 06 52
2025-10-16T21:06:01.394041,147.554,80 43
2025-10-16T21:06:01.395132,147.555,can1  222  [64]  EE 6E 93 40 26 34 9D 9C 21 71 DF 7E E3 54 42 6F 92 83 F8 50 3B D7 C4 85 25 B2 E2 94 C2 45 15 76 AE 87 11 01 47 85 8F B3 C0 48 AE 7E 8A 3C DD A4 F8 96 2C 7C 5C 1A 2F 2D 06 BB 08 83 11 C4 72 70
2025-10-16T21:06:01.398203,147.558,can1  222  [64]  66 89 CF E9 41 61 BD DA E3 36 EF 85 C3 58 DB DC F3 A3 84 07 EC D6 9E 18 3E E5 95 EB 68 62 72 0D EF EF 70 CD 70 CE FB 97 2B A2 64 4D 91 61 D6 AE 71 1C CF C8 03 DA 9A 99 6A C8 B4 A4 90 FD 23 C4
2025-10-16T21:06:01.401558,147.561,can1  222  [64]  E6 89 2C 01 3F 87 FE FC 08 45 29 AA 4A FD 87 D4 B0 23 13 8C BA 8C CA 90 5A 72 17 E5 90 71 2E 9E 5D 24 6A 44 9B 3C D9 2A E3 40 09 BD 1B 0A 97 43 D7 8A B3 50 B9 0B E6 59 8E 9C 50 82 F0 16 55 28
2025-10-16T21:06:01.406098,147.566,can1  222  [64]  14 57 8B C7 67 A0 91 C0 01 AE FE 7F 60 D6 CF 8E 15 C0 80 ED 66 C8 59 E9 53 C9 55 1F 86 C1 68 12 FE C5 8E 83 9B A8 F5 7B E7 2E 8F 80 72 17 AA 06 8D 6C A8 0E 6B BA 33 77 B0 ED 0E FB 76 81 E6 42
2025-10-16T21:06:01.408847,147.569,can1  222  [64]  68 76 F8 BC 6C 14 D6 A0 AD 74 E2 AE 31 27 D5 67 E7 A8 66 71 43 AA 15 BA 75 AF 82 EC D5 BE B9 44 A2 DC F3 AA 88 C8 F5 95 37 9C 36 10 4C 69 DB 3E 40 AC 96 A2
2025-10-16T21:06:01.411949,147.572,09 0D BF BF 37 FA E2 AA 4B DE 50 DB
2025-10-16T21:06:01.413177,147.573,can1  222  [64]  81 46 F9 A2 A4 35 11 3D 6D 4F C6 23 D9 1B 28 46 9C 50 F1 E8 36 87 07 B2 14 DD 03 59 B3 2B 83 DC AC 8C E8 4F BA 5F 9C 32 DA 17 CF 96 95 3B D2 DF C1 64 B9 9D AA 82 EB 1B 55 78 EB EF 0B E1 C5 A5
2025-10-16T21:06:01.416520,147.576,can1  222  [64]  F6 4E 48 E7 B2 12 57 4A B7 90 DB DE 20 32 07 62 2E 2E 77 2D FB 11 DD C1 99 D7 20 34 8D C2 49 FB 7A D7 57 33 19 CB 65 C3 BB F8 87 79 01 33 BA 7B 44 3B C3 DC 1B D3 57 D4 FB 1B 9A 73 CD 5C F6 46
2025-10-16T21:06:01.420340,147.580,can1  222  [64]  03 8C 46 1E 9F AA 15 76 59 4A 2C 62 E9 C2 90 C0 AA B3 25 0F A0 E6 93 C4 51 9C B6 EB A2 03 47 15 34 41 71 FC 40 7E FC 86 12 A0 78 2D 84 59 F5 40 E1 9E 92 A9 F8 59 93 FD 9E 1B 4F 32 81 76 ED ED
2025-10-16T21:06:01.423932,147.584,can1  222  [64]  DB E7 7D 3C 59 FB 03 F8 14 16 3D 19 EA 27 C8 1D F5 9E 0B B2 24 51 FA DB 6A 70 ED A9 D3 40 6A 1A 13 CA 7A C7 C1 2F 10 44 37 15 CB D0 0C 7B 8D 21 CD 45 0B 68 D9 4E 58 6D 3B 73 27 7C 08 23 99 62
2025-10-16T21:06:01.427796,147.588,can1  222  [64]  7F B8 71 5D B6 0E 65 B6 29 AA EB 17 49 7E 6D 23 C3 7D AB A4 2A 52 B7 CA E8 69 8B EE 10 BC C9 39 F5 34 BB D8 74 34 73 80 A2 3
2025-10-16T21:06:01.430556,147.590,D CD 9D 85 B2 D5 64 1D BE C7 8D 1E 3F 93 A0 BB 46 26 73 F1 71 09 3A
2025-10-16T21:06:01.431604,147.591,can1  222  [64]  D3 90 27 9D C4 E4 81 9E A3 96 9A C4 A0 23 12 11 C5 8A ED 9E 34 D3 AD 74 89 FA 82 2F 7F ED BD CD DA 64 6D DC 9D 74 9D 2C 5E D5 0D AC 8B 1F F3 A2 FC 07 A5 A9 6F 01 67 ED 80 A0 90 62 DA A7 4C 3F
2025-10-16T21:06:01.435157,147.595,can1  222  [64]  EC 2C 1D E5 25 F7 10 41 6A 53 E0 A8 21 AF F5 BF 9E 28 9D C3 40 1A F3 5A 3F AD 62 15 D6 A5 58 E4 85 6F 35 60 EB CC 66 A1 C7 2E 81 34 DB 02 41 70 BE 5E F8 36 02 10 D4 58 B6 90 0A 16 22 E6 1D 29
2025-10-16T21:06:01.439749,147.600,can1  222  [64]  BC BC 9B AE 38 AB 1C 3D 5B 89 73 E6 4C B4 FF 1C 87 30 44 DA 57 46 60 38 5B 42 19 F4 FA BC 37 CB 6E 20 78 78 FD D6 9D 02 CD FC DB 9E 5B C1 45 CA 9E E0 55 85 22 9F A5 F1 60 BD D5 FC 8B 36 B2 A7
2025-10-16T21:06:01.442725,147.603,can1  222  [64]  17 F4 15 1C C5 DA 9A 77 87 29 D2 C6 EA 02 ED 8A 4B 64 1C BA 5B 83 29 25 8E D9 55 AB 58 13 FE 21 4C 72 A2 CB 01 78 E3 B7 17 3B DF 2F CB A0 28 7D 28 10 3A F1 A4 40 E8 91 0F F9 CE B5 9C AE E3 77
2025-10-16T21:06:01.445958,147.606,can1  222  [64]  BE 83 02 71 78 69 B1 4F 50 C0 FF AE D6 1C 01 D7 6C 94 D4 75 21 C3 B8 BE C1 FE F2 53 9D E3 FE
2025-10-16T21:06:01.448844,147.609,EA C6 EC AA 6E 98 A2 41 30 42 DD 01 20 87 92 6C 88 8F DD A1 B6 3B 68 06 5B BF 03 F4 68 A5 B8 03 6D
2025-10-16T21:06:01.450076,147.610,can1  222  [64]  73 6C EB BD D5 05 E0 35 FC B7 D4 82 A8 47 D4 0E 2D EE FA 83 22 05 35 D8 7B 99 27 9A AF D4 49 87 26 B5 5A 42 98 AB 0F 1E 18 E5 1A 52 CF 7A CD 62 F6 DD 2D 0B D2 C1 39 D6 F2 DB 23 EB D2 81 8A 37
2025-10-16T21:06:01.454139,147.614,can1  222  [64]  2D 5D 9C CB 86 76 1C D8 81 C0 AB 53 68 BE 1D 6B 4C 80 28 6D 61 1D 51 3B D6 24 79 A5 8B 33 3A 1B 15 F5 4B 4A C6 20 0B CA 70 88 72 92 97 D6 83 6E 6E 27 74 69 69 86 7E 90 4E 06 48 BC B9 29 93 43
2025-10-16T21:06:01.457467,147.617,can1  222  [64]  79 82 90 2C 97 2E 85 D0 91 40 FB 34 50 FC 6C CA 1D C3 68 31 43 06 68 5A BF B4 A7 48 FE 50 38 3A C9 BB FD 29 A8 8A 37 CB A5 FD 7F 03 54 0F 61 25 A0 21 3C 99 8B DA 3E 89 6F F4 BD 2F 3C BC A4 04
2025-10-16T21:06:01.460436,147.620,can1  222  [64]  2B 69 BE 5D 01 73 C8 7D C3 F2 1E 3B B9 35 D6 30 60 64 D7 F4 EF 0E 82 95 6C B7 FB F6 CF EC 36 86 9A 85 03 B5 A0 74 63 23 4A 34 EF AA A1 EF 03 42 81 B1 08 72 71 DD 4D 65 40 09 14 56 B7 12 CF 86
2025-10-16T21:06:01.464023,147.624,can1  222  [64]  D7 FD 3A FE 34 65 D7 03 50 86 CF 05 53 DB 7C 5C 87 8D FD B0 89
2025-10-16T21:06:01.466746,147.627,0B 3A EB 5B 5D D9 45 45 9D B1 EE 6B 2B AF DD CA B4 76 1D FF 64 91 C0 EF 85 70 62 F3 0E D6 5B 58 E7 FC A9 73 6F E9 B2 50 94 3D 12
2025-10-16T21:06:01.468145,147.628,can1  222  [64]  48 AE 4A FA 60 24 7E 89 34 07 33 A8 A3 D7 64 0C 2D D8 6F ED D0 CF A1 40 BD 21 DA 5A 38 9F 3D 4A E7 C3 AF 43 69 CC 60 76 2C 5C 9B 2D 6B E3 08 7C AB A4 FF 07 18 33 57 F4 77 AC 2B 79 5E FE FE 47
2025-10-16T21:06:01.472308,147.632,can1  222  [64]  5E 35 8A A2 BC DB 10 3C C4 BC 5C 87 8E 4F 25 48 05 C0 93 BE 72 A2 A2 FA 9D ED CE 95 0C 89 D3 89 F3 BF 95 46 50 53 40 9F E0 70 4C DC D6 16 83 15 D9 DF 7C FB 17 DB C9 82 05 B6 D1 9C 3B B6 69 F1
2025-10-16T21:06:01.476078,147.636,can1  222  [64]  14 32 92 AE 8F 0E A5 B1 06 68 39 65 50 99 C0 6D 0C 35 CA 12 9E 5F 83 40 AA C2 95 E5 BB CC 03 23 5F 53 A8 76 1B 49 2E 9B 39 66 0D DA 95 2D E7 14 4F BD 0C CC 16 FC D8 60 1F 63 FA 58 89 30 36 86
2025-10-16T21:06:01.479532,147.639,can1  222  [64]  10 F5 D0 FD AA C8 35 9E 3D F9 43 AB 1F 3D BC 51 AC 27 31 FA B3 81 EC 83 6F 5A F9 84 5F E4 1A 10 A5 F8 08 0E 25 CA 36 5B 80 D1 FF D4 0A BC 4A A1 B4 73 8E 2C 78 57 14 AD 99 87 ED FD 24 93 33 FB
2025-10-16T21:06:01.483047,147.643,can1  222  [64]  FC 3A 0A B0 30 2C EB 93 1A 29 E
2025-10-16T21:06:02.371297,148.531,B 4A FC A8 59 2C 2D A0 3F A0 82 5D B8 A7 68 3E 18 14 D2 4B 8A 66 5E 8C F5 F5 80 F3 EB 17 DB 2F 94 F1 1E 3D 90 77 81 20 F8 2D 03 BE ED C8 0E 14 F1 32 D0 09 54 FC
2025-10-16T21:06:02.372982,148.533,can1  222  [64]  A2 A1 B5 63 3E E8 9B 21 01 11 24 8D DC 6A ED 2D 96 DC 8D 64 0B 9D 65 71 3A C2 7F 56 61 6B 14 69 9D E1 54 7D 72 73 29 6B DF 41 A6 AC 07 8B 41 7B C3 42 BA 65 31 C5 B3 BC D3 92 F8 DE F3 DE C4 29
2025-10-16T21:06:02.376102,148.536,can1  222  [64]  D7 32 14 1C E9 A3 2E 28 B1 38 EA 76 18 A1 C9 D3 6B E1 77 6F AF E7 52 88 FB 4F 10 FD 20 3C DC 35 68 49 B4 B6 2F 28 E3 6B B5 65 AE 94 9F 18 FD 1E F2 EF 8A C2 1C DD 3A E2 C9 BC 15 8A 4B 04 72 C8
2025-10-16T21:06:02.379607,148.539,can1  222  [64]  68 C4 4C 48 9A 5D D7 A1 E3 A0 CA 55 F3 F4 A5 8C 5E 03 66 3C 39 B6 51 CB 52 83 BF C2 DE BD B2 BA 03 DD 6C 36 50 B1 25 BE 41 7B 0D 23 6E F7 20 CD DE 90 5C 3E A1 5F 09 F2 A6 1E 3A 50 75 F5 27 CD
2025-10-16T21:06:02.383331,148.543,can1  222  [64]  F5 74 E2 D0 2F 50 8D B1 26 4C AD 2C A2 BD 03 97 5D 6E EE 46 37 C6 93 9F DF 0A 4F 4C CE F7 F1 44 34 24 A7 8E CE DA 88 8E 71 8C 7E 8A 31 58 BD 7A E1 8C 03 4A 2E BF 94 8B 90 FC 28 C1 DB 19 96 69
2025-10-16T21:06:02.388119,148.548,can1  222  [64]
2025-10-16T21:06:02.391362,148.551,EC 9C 55 93 87 DD FC 54 7A D1 F5 B5 74 33 08 BF 9B 92 27 0B 86 A6 FB 1C B3 29 17 91 4D BA 6B 43 4D C6 E5 D3 72 D1 E7 6F 26 C8 32 AD F8 96 78 F9 FB 38 BF A6 E8 5C 50 E5 A6 71 24 4E 29 B2 8C 14
2025-10-16T21:06:02.392725,148.553,can1  222  [64]  26 F5 38 E5 CD 8A 77 E5 08 E8 3A 0E C0 D6 31 E4 7D 04 4E 5B 19 51 76 28 40 F3 F9 3C 7A C8 B2 08 03 78 45 88 02 81 7C 5C 4E 8C 27 2A C1 86 CC C6 7C E2 B7 E9 A0 99 A2 B6 CE 69 44 87 EE E5 19 65
2025-10-16T21:06:02.396406,148.556,can1  222  [64]  32 D3 94 5D 2B 90 97 E9 ED 15 1C C0 2D 58 69 66 8E 36 28 D0 39 D3 C2 6A 0B 9B 9C BA 79 9B 2F A9 7D 4E AB 2B AA 89 A4 13 3B 87 B4 92 0A 0B EA E4 CE E8 20 F7 B6 D2 13 78 EE 05 FD E9 34 74 E7 81
2025-10-16T21:06:02.399864,148.560,can1  222  [64]  84 9C 71 7E 2F 11 1D 45 75 CA 0F 52 49 30 5A E8 4D AE 2F D6 6F 6D 60 33 9A C3 F4 0C 0F E8 6E 4A 16 18 1C 56 5E A3 A0 69 BF AB F0 59 CB 26 30 7B 9F 17 0E 39 EB 49 B1 20 55 04 BF EB F1 18 19 FC
2025-10-16T21:06:02.406142,148.566,can1  222  [64]  67 70 AD 18 A7 F1 31 52 BD BD 0F 8C 48 C8 99 05 8E FE 7C 97 49 AF 89 28 51 69 D2 E7 EB 39 F4 7A 2F 7E BE 26 29 7D 69 CC 91 8C 48 FC 65 9E CA D2 EA C3 BD B3 42 91 0A F3 86 BA A8 86
2025-10-16T21:06:02.409094,148.569,CC 4C 50 89
2025-10-16T21:06:02.410879,148.571,can1  222  [64]  73 AE B9 6B 27 63 25 02 9D AD 17 92 B5 C7 F1 EB 48 2B 85 C1 92 03 E1 E9 B7 2D 6C D0 75 87 A1 5C 2B 86 06 CD 41 CB 78 1E 13 4F 12 F5 D1 50 38 57 30 81 C4 70 65 AC B8 0D 36 B6 D1 FF 06 4E 57 45
2025-10-16T21:06:02.414415,148.574,can1  222  [64]  7C BB C1 E3 74 25 CC F3 D1 E5 DC 82 F2 F2 6B 66 67 5C 17 ED 52 9C 5C F7 6F 96 9E C1 BC D8 D6 D4 58 2C 61 96 C7 A3 1E 1A 77 C3 E7 7A 41 DD 0D 4C C5 AC F2 C8 C1 59 D6 33 11 18 A7 18 7C A0 73 F3
2025-10-16T21:06:02.418618,148.578,can1  222  [64]  22 39 46 F6 32 7F 89 BE BC 41 13 44 E1 AF E6 6C 19 6C A1 30 1D 49 61 8A 48 24 56 EE 77 49 7A EA E0 AA ED 3A F6 D9 4B EA DE 6C 7D 96 6B C1 BF 51 9B D1 6A 02 BF B6 67 9C 2B BC B8 EC 2F F5 61 8F
2025-10-16T21:06:02.423022,148.583,can1  222  [64]  78 99 5B 06 5C 11 B5 3E 40 6D 50 AE 80 19 54 1A AC B4 43 83 7F 17 C3 24 36 42 69 59 D0 59 8F 1A 1F CF 19 47 D3 F4 5E AD 64 61 56 B0 AD 0D EF 5E F2 AF A1 CE 4B D2 F5 C3 B9 CF 0C 39 19 B1 8B 73
2025-10-16T21:06:02.426618,148.586,can1  222  [64]  FF C0 73 BC 86 59 6D 2E 83 32 C6 27 68 B9 70 44 E0 B6 28 1F A4 48 9E 13 19 E8 C7 2C AC 22 E6 42 54 3F 1F FD 7C FF 5C FB 3B FB 13 71 56 38 CE 60 36 39
2025-10-16T21:06:02.430032,148.590,DE 27 1C 3D 10 E3 DF 4B 5E 41 EB F2 69 F9
2025-10-16T21:06:02.431550,148.591,can1  222  [64]  5C 96 67 58 EF AA 7C F2 28 05 EB 7B 60 D7 02 01 D5 79 AE F1 EA 0D 89 2E 9D 92 C9 18 5C A6 B8 F7 A7 98 DE DA 34 B5 A9 BD CE 17 22 33 A4 E5 31 99 11 EE E2 8A 6E AB C8 41 BA 87 E1 01 5C D9 B0 EB
2025-10-16T21:06:02.434953,148.595,can1  222  [64]  79 35 34 E0 CB E9 DC 42 BB A7 D4 80 09 DE 85 CD F6 B1 59 49 94 79 DC 6E AC BF 0D B6 DA 61 9D 5D EF 77 EA 4A 56 5B 24 DA 8D 63 1E 5D E4 80 74 6C 74 7B C3 19 90 D9 68 D1 81 E5 46 03 A4 71 2A 8E
2025-10-16T21:06:02.440785,148.601,can1  222  [64]  95 A9 9E 11 E4 44 10 8F F7 95 C2 B8 C6 62 4B 41 FD 23 88 E4 C7 35 61 50 1C B5 9A 96 7B D8 33 C0 2F 98 57 21 B9 C9 39 1E 48 9F 27 63 2D F5 AC B3 1F 53 C8 20 7F A9 90 F1 4F 2D 3A 71 6E 6F 6A A3
2025-10-16T21:06:02.444089,148.604,can1  222  [64]  64 E8 9E A4 EC BE 4D FA 8C 8C 36 9E 70 BD 5F 5E 05 BF 8C EF 01 52 20 82 2C 3C 54 01 30 CD F8 34 B6 B7 18 60 42 73 5A C0 CF 1E F0 3D 27 9D D1 52 51 4F 2F F7 7E AF 5C 2E 77 31 31 BA B0 C6 B7 C7
2025-10-16T21:06:02.447970,148.608,can1  222  [64]  BB 6B D8 40 2C D0 3B 23 0E 65 13 43 6F 43 DA FF 2B 6B 77 AE B8 51 4C 57 7D 6E 56 AD D4 4E 91 5A E2 6F 09 6F 13 66 E0 8
2025-10-16T21:06:02.450894,148.611,F 43 84 67 A0 65 F8 5D 21 4B 87 A8 DA D4 A6 C8 DF 82 C8 04 66 D0 9D D7 D5
2025-10-16T21:06:02.452772,148.613,can1  222  [64]  F7 10 07 12 D0 63 3E 8B 47 91 8B 67 4B 95 DF F4 54 8B C7 DD 53 35 55 87 80 FC D5 CC A0 40 8C 12 70 25 E6 B3 38 1C 48 13 AE 14 0F 3B B2 D5 96 53 C3 5F 95 1E A1 8A FB 90 1F 39 51 F3 76 C0 9B E5
2025-10-16T21:06:02.457385,148.617,can1  222  [64]  17 C1 07 76 25 6D 05 08 04 ED 77 B9 D5 04 ED 3D 80 22 5A FE AA BB 28 AB 99 6F A3 3D 1C 34 65 3F 43 CF D2 4A 2D 91 D9 A2 69 7D 15 46 5D 1A 77 92 6B 02 AF D4 F8 42 2E EC 36 1F 2D 5A 7C 1E D5 FC
2025-10-16T21:06:02.461308,148.621,can1  222  [64]  2E 7F FF BA 63 83 64 56 11 42 47 64 F5 18 46 02 3C 29 B9 99 34 91 49 85 78 2E 56 4F 5F 8E 47 E6 A8 9A A0 48 90 81 25 E1 E7 7D AF 34 66 9C 65 56 A6 D5 B5 E1 AE 25 C1 BA 6F 6F F3 06 62 C5 9F 6F
2025-10-16T21:06:02.465768,148.626,can1  222  [64]  B9 BC CD CD DB 94 B4 D4 8F A4 A1 96 3A A2 13 3C BA 86 2A 39 25 96 27 F8 4A 01 DE E1 51 D0 D8 51 82 C7 9C 36 77 B6 5C 7F D5 D0 B2 C0 9D 76 2C 36 24 09 45 F9 10 BB E2 A2 BD 15 6A 6B 1C B0 09 3C
2025-10-16T21:06:02.470349,148.630,can1  222  [64]  72 32 A2 E0 52 AB AA 89 52 85 06 28 38 77 09 A3 02 A0 9B 17 10 17 57 53 E3 BB 5E C5 44
2025-10-16T21:06:02.473606,148.633,A9 90 65 42 BA FA 3B AC 48 FD BE 40 31 95 B6 8C 21 79 D4 ED 54 F8 8C E2 87 A6 AA E1 5C F2 8B BB 18 A6 B2
2025-10-16T21:06:02.475309,148.635,can1  222  [64]  9C 2B 96 E6 15 66 73 5E 5A AF E0 16 65 2E 36 53 4F 09 5E C4 5B 01 39 BE F7 40 9E 21 A4 F2 61 7E 35 9D 16 A5 CF C8 DD 90 9C 01 AF A6 BD 3E C7 87 0E 91 FB 31 EC 44 0C C4 69 99 F8 FC 40 B2 98 C0
2025-10-16T21:06:02.480208,148.640,can1  222  [64]  03 D6 81 E5 53 86 04 C6 C5 76 F0 66 E3 0A B7 C1 8F CC 36 D1 15 F1 15 79 75 1C 0E DE 05 5B 34 DA 13 0D 46 48 90 A4 6D E0 70 37 81 6C BA FB E8 5C 0E 31 98 6F EB CC 5B CE 06 C9 E4 E2 10 B0 EC 3E
2025-10-16T21:06:02.483426,148.643,can1  222  [64]  14 28 74 87 A8 CB DE 3C 22 5B FA 3D 7D EC 75 7E 15 BD 38 27 F2 3E 30 BC AF 5F F4 48 DC E6 80 7D B0 AA 60 D3 15 C6 60 4C F7 C4 4C B2 61 58 31 B3 B4 D1 86 97 22 B6 BB 5C 72 14 41 D2 E6 AC 8E FE
2025-10-16T21:06:02.488026,148.648,can1  222  [64]  50 D8 99 E4 DF 6F 54 38 8B EE 91 28 B8 EB C8 CF E8 E9 05 2D 93 43 02 5E D9 7C 70 5A 9F EC 07 8E E9 14 B3 AF 38 C0 10 5E F0 0C B1 D8 4D 45 EA F9 F3 DA F1 78 FD 3E 85 AF 91 65 51 1D B3 03 18 9C
2025-10-16T21:06:02.492617,148.652,can1  222  [64]  7F 0E 49 67 74 F8 66 24 8E AD 8E 70 4F EE 7E 9A DB 7A CE
2025-10-16T21:06:02.495549,148.655,DF C9 15 78 99 8D 40 DA 01 1E D2 67 16 8A 17 0C 6E 26 7F 27 9C 89 8C C6 F4 8B E8 91 C8 D9 75 02 26 F3 8C 1D BA 16 22 C7 83 45 C0 B4 28
2025-10-16T21:06:02.497098,148.657,can1  222  [64]  D8 39 B9 5A B9 47 E2 E5 1D A2 69 77 EB F5 AF 3A 38 36 45 7B 0A 6E F2 16 53 42 1C BB CE A7 A5 25 D5 24 1B E3 9B D9 93 ED 7E EE BC 41 DD 7E FF F1 6C C7 61 A6 84 16 68 02 5F 94 67 B5 27 8F 77 42
2025-10-16T21:06:02.500919,148.661,can1  222  [64]  9B 31 F7 69 4E 86 E2 77 23 85 08 EB EE E3 EC AB C1 F1 41 53 B3 E7 5F 0F 6B D0 2B DD 6B D5 5A 45 7C CE C3 7C BA FA B7 B0 79 0A 0A 35 99 15 0E B5 5D BC FE 2A 9B EC AB C9 C8 11 30 35 22 5E 48 C3
2025-10-16T21:06:02.505823,148.666,can1  222  [64]  44 1F 22 B2 24 62 2E 3A 05 AF 49 E0 B7 71 17 B8 4C 82 E2 08 E0 E6 36 32 4F 3B 99 6A FC 92 97 C4 8A 6B 29 D6 BA 70 C8 86 B5 93 3D 2D 1F 2E 53 33 DC CC 95 37 3C 60 D0 66 32 04 70 7A 42 24 CA FD
2025-10-16T21:06:02.509302,148.669,can1  222  [64]  CA 3D 12 B2 D6 2E C2 70 93 10 5C 0A 8E A1 82 FF 36 AF 6B 2E 77 C0 2A 1B 2B 85 08 C7 54 4F 3E 2A 2D 90 0C C8 F6 E8 85 A4 EB 8D E2 C2 4A 72 F3 D7 1B 82 2A E1 1A C5 F0 03 DF E3 C9 67 34 83 6D B4
2025-10-16T21:06:02.511901,148.672,can1  222  [64]  31 7C DA 1F 22 EE FF 8F 3
2025-10-16T21:06:02.515367,148.675,7 FC A0 B0 CE 60 2A 83 74 8F 8D 0C 10 81 C9 80 42 58 DB 32 FA B9 59 F8 55 07 42 42 0C 68 FD BF AE 27 22 4E 6C 8E C6 48 A4 3F 9C 76 26 39 A8 D4 1B A9 0B F9 11 A4 77 57
2025-10-16T21:06:02.516549,148.676,can1  222  [64]  BA 17 E4 80 8B D7 A2 CB 72 8A 9B A7 61 29 94 A6 88 D6 FB 1C 83 D9 F7 FC 80 4F 81 41 1D A6 2A 8D 9D 7E 68 46 13 F2 AC 51 14 22 80 AC B4 E5 B0 96 33 6F 66 B5 9E 3A 05 F8 11 DB FC BE 48 8A C4 27
2025-10-16T21:06:02.521265,148.681,can1  222  [64]  90 A3 02 9D 36 BB 27 23 69 4D D0 42 15 47 3F B8 16 1D E8 60 AA 1B F0 84 32 DB 33 EA F4 EE 0F A6 6B 82 89 DE B0 84 A7 55 6B 76 76 BD FD 28 F8 C4 9E B6 AC 8B AF E8 11 7E 6B C0 E6 67 B4 49 0F 3E
2025-10-16T21:06:02.525352,148.685,can1  222  [64]  47 A4 B2 90 F2 07 B6 BB 95 A1 87 9E 03 A8 93 82 58 79 D1 3A A2 58 B7 E9 17 F5 EC 38 46 83 DA FA 37 0A DC C9 F7 CC 90 B9 5A 3F AD 3E 0C F8 05 D4 8D C7 CC D2 43 D7 D7 4D A6 50 FC AD B3 CD F0 B4
2025-10-16T21:06:02.529183,148.689,can1  222  [64]  66 B7 91 83 E1 B6 30 D3 56 E9 B9 4D FB C8 D4 5F 52 12 2F DF 1E F2 AC 99 53 CE 20 3D 68 E5 52 EB 80 A4 E9 D1 5C 87 19 2A 0C A9 26 EA 91 45 31 F9 03 E1 EF 20 6A 26 E3 86 88 79 F9 3C AA A7 FA 58
2025-10-16T21:06:02.532263,148.692,can1  222
2025-10-16T21:06:02.536066,148.696,[64]  FB D4 0A 87 D5 6C F4 A9 83 57 3F 9A A8 2E 07 6B 50 FC FC 97 1E C3 A7 54 F5 AB 45 EA DD 38 EA A8 45 96 16 6D 3A EB 45 DE ED F9 21 93 91 60 3C 22 7A 3A E3 98 9B E3 85 EC 50 3E 14 D8 55 88 87 A0
2025-10-16T21:06:02.538934,148.699,can1  222  [64]  5C 49 5E F0 53 0A 8A 8B B6 35 02 88 66 7D AD D4 30 07 25 4C 11 21 D0 9E 0E 30 58 D8 9C FE 6F DC 08 E9 7E C1 30 7B 36 AA 8D 5D 74 90 7B 90 FF 62 A0 3F BA CE 32 EB F7 05 82 5C 08 91 DF 62 3A E9
2025-10-16T21:06:02.542738,148.703,can1  222  [64]  8C 52 93 B0 C0 80 BF 7D DD 44 35 3F 87 19 ED 33 09 4E C1 B5 B4 6F 24 2D 88 3E 70 27 66 E8 B4 B7 C7 41 23 87 C2 46 AC E6 17 8D 40 31 90 2B 5A 91 DC 7C F0 36 55 32 A5 83 5C 6C F6 13 8D D7 B4 15
2025-10-16T21:06:02.545757,148.706,can1  111  [64]  01 10 4D 96 31 AF DD 27 67 9A E7 82 F0 E4 F9 24 92 AB 45 14 40 FF B5 7F 57 25 E7 FA 5F A7 7C EE EA 85 35 EE 12 D9 0C 72 10 13 1E 26 EB CC 14 91 46 99 96 1F B7 40 17 1E DA 30 D3 81 74 EF 8B 99
2025-10-16T21:06:02.550503,148.710,can1  111  [64]  B3 B7 77 5F 8B 10 E7 8F A2 6F EF 58 86 46 EF 77 6B 7C 4F 2E 60 4B 74 9A CC 55 53 49 26 B2 86 78 1D 20 99 98 6D 92 F8 BE 1E BC FA 4A 73 20 08 A7 A4 C9 CE 6A 51 71 F5 DA 0B 7C
2025-10-16T21:06:02.556923,148.717,5E 9A 39 FB AF 0C
2025-10-16T21:06:02.558241,148.718,can1  111  [64]  80 1E 46 E4 17 57 8C 26 FD 16 FF D2 EC FF ED 56 78 E1 AC F2 4E 86 B7 22 CC AB 7C B4 A1 75 B3 5B 96 A8 BB 93 11 16 6F C2 89 18 57 70 FE 1C 3B 37 ED 94 A4 47 6A 94 49 C5 EE 74 F9 4B 61 8A A2 97
2025-10-16T21:06:02.564228,148.724,can1  111  [64]  7C DF 7E 6C 85 BE 78 5F 25 C7 31 42 EE 3E F6 CE 6A 06 E6 27 81 BB D7 97 9D A2 F3 C9 8B 65 D2 33 8C 1A 6F BD 29 74 96 61 6D 2E 6F B0 6A 2B 9C FB 94 2F 7A 23 46 E2 26 8D 3D A2 E1 FD DC 99 27 78
2025-10-16T21:06:02.569545,148.729,can1  111  [64]  04 5B E7 3F 95 39 39 53 EE AF 90 E6 15 A8 CB D4 11 DE 91 D4 D8 5E ED 13 39 8F 79 92 70 37 0C 89 F4 47 13 E2 1A F8 51 35 D1 A2 61 C7 27 87 4C 08 6C 86 DC BD EB 85 F0 39 A4 ED 85 9B F9 FE 71 1E
2025-10-16T21:06:03.571642,149.731,can1  111  [64]  6A 13 B5 42 42 BC A5 C4 91 E0 B2 C9 5E 71 EA F8 6F 69 62 5E 0E DA 25 D6 97 D2 1C 7B F6 31 20 0E 60 C0 CF EB 82 F9 F4 3D 40 5A 0D F2 08 37 2E 23 A4 E2 4E FB CF 40 46 5B 5C 8E B6 2A A1 F8 70 B4
2025-10-16T21:06:04.670477,150.830,can1  111  [64]  B3 BD 85 2A 2D C3 4B 7D CE A8 7A A4 73 B9 E7 BC 14 5D 0C 73 49 B9 54 94 DD 7D 41 BB 84 D0 DB 0E 95 0A 03 E4 97 29 5B DE 57 71 4E BD 02 CA 7E B7 36 B3 35 B0 02 4A C8 7D C5 B3 AC CD 2F E6 53 12
2025-10-16T21:06:05.771618,151.931,can1  111  [64]  11 11 84 34 87 75 B2 6B 4F 96 D6 FF 2A E3 54 7A 28 0E B8 75 8E BF 87 4D E2 E9 01 DB 66 75 5D 01 38 BA C0 AE C2 82 6A C2 C4 2C 8B CC 46 ED 0F B6 20 FA 5B 6D 5A AC 38 93 F1 CC 9E 15 F0 B5 2A 3A
2025-10-16T21:06:06.976042,153.136,can1  111  [64]  60 39 4F E2 72 62 7A 5D 4F 0C FF AD 72 A2 AF C0 93 11 B8 A5 42 11 97 F6 E6 5B 5B 40 8C 37 89 8B 86 29 03 E6 4F 30 07 7C 77 38 1F E4 56 0C 6E 9F 0E 18 1C 22 F3 02 12 78 AB D0 88 26 52 5B 4B 50
2025-10-16T21:06:08.291192,154.451,can1  111  [64]  9E E0 5B D3 02 31 93 F8 9E 31 5F 49 90 CD 17 B2 AC 67 5E DE 62 94 8E BB BB 06 3F 64 FB 42 FA C2 6E 35 89 69 C7 E8 EF EE C7 AE AB CC 30 3C F3 2A 9A 32 C5 AB C0 F7 9B 60 41 41 3A 2B 72 61 88 14
2025-10-16T21:06:09.403074,155.563,can1  111  [64]  2F AF EC C6 41 76 55 76 AD 83 9D 26 14 7B 29 99 3B A2 AA AD B3 57 39 36 5B DE 0E DB C5 3E B4 D9 BF E5 0C D4 AA 32 64 04 8A D0 33 BD F1 04 6E C7 D8 70 1F 10 E3 51 23 AB 11 36 7E 15 C4 19 B4 BA
2025-10-16T21:06:10.386483,156.546,can1  111  [64]  E0 32 19 C7 5C D6 5A D2 3A 66 49 50 76 A1 10 FF 6F 75 CA 7D F1 FC 94 91 15 E0 79 1C F0 A7 F2 34 6B 73 5F D5 E2 41 E7 C4 E5 7C E6 27 83 3D 68 22 4E CA 0F 1F 13 31 3F CF 86 79 D4 8A 9D 4C 41 FC
2025-10-16T21:06:11.702829,157.863,can1  111  [64]  FF 35 6E 7E 50 F7 1F 52 98 F3 2C 27 02 12 86 28 F0 B0 78 04 5A 4E 43 78 72 21 19 D5 48 88 61 0C 7D 43 80 70 40 F5 B4 12 74 D0 E1 61 E7 F0 2F 2D 3E 36 52 91 5B 01 A9 25 94 60 17 72 AB 48 BB 1D
2025-10-16T21:06:11.708531,157.868,can1  111  [64]  C0 DC E1 A2 76 E3 99 2F F0 D7 0B F7 E4 84 F6 D8 89 2E 92 DC 22 93 D8 10 0D 39 8D 2F FE C7 1C 0F FC E0 93 39 30 09 0A CD C2 C9 34 41 67 2E 74 A8 D2 35 23 74 24 B5 FB F5 BF 44 91 7B E5 B4 86 31
2025-10-16T21:06:11.713786,157.874,can1  111  [64]  4A 44 E2 B1 F6 0A 10 FF 33 4E 4A 3C E7 2D AB F6 C9 49 1B E5 AA 40 EF 15 D0 D6 C5 35 91 29 1E CC FB 8B 55 27 AB 13 53 E3 0B 9D 70 7B 0E C4 9E 22 37 B2 14 C6 93 4D F3 AB 57 E2 2A D2 A1 BE 5B A9
2025-10-16T21:06:12.808291,158.968,can1  111  [64]  7B FC EC 37 B6 97 77 F1 79 11 AE 4F 62 66 54 2C 75 1B 53 8D 86 A0 BD C8 93 E9 6B EA F0 7C 6B E0 62 AA 65 B4 4D 70 D3 9B 6E 9C E2 FF 51 D5 C0 38 8F DE B1 74 B6 1E 09 C2 2A 95 2E DD 9C BC 10 0F
2025-10-16T21:06:14.119744,160.280,can1  111  [64]  51 B9 97 E6 5E AE 54 A1 71 40 A9 CB EC 83 E2 55 55 E5 27 F6 6D F8 21 BB 8A 0D 61 62 21 62 14 B6 F9 34 F9 93 06 F3 8A FE D6 1F 1B 5E ED CB B7 73 40 A1 4C 9A 66 14 FF 7C 87 A0 BF A9 3E 29 6E A0
2025-10-16T21:06:16.338686,162.498,can1  111  [64]  BF 77 A2 08 62 71 7C 75 1A 27 7F 7A 9A DA 0B 37 8A 16 25 43 9D 75 EF 0A 4B 44 D7 A6 2E B4 60 A5 E3 69 17 33 53 12 FC CF 9A BC 6E 74 FC 24 84 57 26 0C 08 C7 34 71 81 41 C3 3C C8 C7 EF B7 DF F7
2025-10-16T21:06:17.647404,163.807,can1  111  [64]  03 38 9D 4E B7 EA 1B 46 82 26 48 FE C3 CF B1 B2 0D F4 47 5F 46 48 3B D2 1C EA C0 42 0C E1 08 2F 3B 9F 03 65 FB AE 3B E5 88 05 C9 14 25 C8 78 9C 2B 6D 8E 96 01 46 AA EB B2 06 95 DF A6 94 4C A0
2025-10-16T21:06:17.655997,163.816,can1  111  [64]  7C DC 2A 14 DC 31 7E CF CB 50 B7 F0 AB 22 9F D1 0A 26 46 41 AF B9 25 A5 14 C1 1E 70 FB C2 58 BF 88 2F 93 36 60 F9 EA 88 85 8D 5E 96 3B 86 61 57 33 99 FE 17 F7 EF 3B C6 BB 44 89 2A 3D 51 6B 26
2025-10-16T21:06:18.961245,165.121,can1  111  [64]  6A 53 E5 33 A6 DF D5 D2 56 94 B9 E5 33 D2 B5 70 D1 FD BD 51 69 D1 08 75 8F 79 B4 E3 C6 15 B4 61 E4 C9 86 0E 6A EB E0 A4 B5 2B 02 F6 09 AA 14 78 C1 6C FD 5D 91 26 C2 3A 36 A8 27 95 F8 10 F1 3E
2025-10-16T21:06:19.947997,166.108,can1  111  [64]  C1 B4 6F 5F 23 19 BA 13 E9 A4 63 F6 9F 15 E1 3E 76 37 E4 6D 1A 18 8C 9B C9 A9 61 85 ED 87 54 38 88 CA 67 ED 26 27 69 03 75 D2 3D 3E 3B AA 22 31 85 CF 3D B8 C5 4E 8F C9 56 F5 FD 84 81 7B 1B 4D
2025-10-16T21:06:19.953816,166.114,can1  111  [64]  52 DE 23 1B AC BD 36 FC 52 A1 E3 38 22 69 48 9B 7C 72 D6 3B E5 24 23 17 CC D5 A9 26 57 30 3C A8 36 D1 0A D3 9F AA 60 A7 16 30 09 4C A0 F5 59 EB 9D B0 56 1C 85 AE A1 B6 46 F8 01 E1 54 FF 34 23
2025-10-16T21:06:20.936436,167.096,can1  111  [64]  0F D9 9D 5C F0 9C 6D 85 11 F4 A3 A1 3A 4E 3D C2 51 6D 6C EC AB F6 EE 29 02 44 CE 27 BD 66 4F 6C 7D 3E 0E A8 19 FC A8 7D 1E 0A ED 23 5B 61 60 4B EF D4 BA B5 03 63 C8 2B 6D 3B 3A DF 1C 16 57 74
2025-10-16T21:06:23.582254,169.742,can1  111  [64]  8B A5 D1 6B 61 A2 2C F8 05 9C 59 17 3A 5F FE F7 30 4B 9B FD F0 6A 9C 79 B9 92 93 BB B0 C1 7B B3 5E B1 F8 B6 8F 2A F1 27 39 36 9F 1A AD E0 5C B2 F8 57 42 3A 3C B2 F2 07 64 81 B5 8B CA 42 3E EE
2025-10-16T21:06:23.588490,169.748,can1  111  [64]  B3 46 B3 B5 21 D6 23 3E 22 C6 05 FC FA 8D 58 96 41 96 11 D4 03 73 9B EF EA 77 29 A9 9D 86 FB 9F 3C 6F CA AA 59 F9 1A 46 75 71 20 57 24 B7 20 9B 51 12 C9 11 28 93 E7 3D 24 FA 58 9B E0 58 BE BA
2025-10-16T21:06:25.682329,171.842,can1  111  [64]  5D D8 26 BB 76 76 A5 4B 70 38 B1 05 18 77 1F 9F 5E A5 DC C2 0B 12 8A 45 58 3A DC 19 AD A4 9D E6 3A BA 0D 71 B9 66 2E 5E 54 1E 3F A3 96 68 E9 A9 69 0A 09 CE 47 82 F6 51 9E AE BA CE B9 17 BC 94
2025-10-16T21:06:26.784047,172.944,can1  111  [64]  88 AC 8E CF 52 20 27 DD ED 6D 2E CF E8 23 FC 42 06 0E 0D 80 96 1A C7 FC 9C 45 64 FF 71 03 DC F6 52 41 59 C4 E0 2D 41 19 9C 91 12 1E 19 E0 70 1D 54 85 43 32 CF 9A BB 20 68 2C D5 74 12 66 45 1F
2025-10-16T21:06:27.798994,173.959,can1  111  [64]  BE B7 07 BF FB B3 0B 24 83 BA 51 DA A0 10 C9 41 34 ED 09 8B AD BC 18 6F BA 33 FB DA A7 C5 1A E0 8F 34 22 54 95 52 3F 42 58 E7 5E A9 98 34 13 07 A4 94 92 B8 2A 16 34 9A E2 10 24 85 55 59 7C D1
2025-10-16T21:06:29.773962,175.934,can1  111  [64]  B4 9F 47 54 3C E9 DF 23 64 E3 E9 55 96 7C 1A 8F 4F 81 2B 9B 54 D4 89 82 9E FD 32 42 2C 43 C0 8E A8 22 88 A6 A1 6D 7A 86 70 35 DF 9E E8 57 F3 50 E1 F0 EC D5 83 78 2D A1 5C 32 70 89 ED 3F E4 53
2025-10-16T21:06:30.536867,176.697,can1  111  [64]  E6 8A 63 A6 3B F9 AD 98 4F 57 E8 79 B2 7B 0F 73 CD 4F 6A 48 3F F4 FC E1 19 9A 06 51 D2 9E D4 32 75 C3 6D AA 6F 2F 0B 07 D4 87 FE 56 5D F0 0D 6D BE F1 69 B3 7E C2 FB D6 D6 B0 C9 20 3A CF 7A FB
2025-10-16T21:06:30.542393,176.702,can1  111  [64]  FA 93 F7 D3 1B 26 A6 0D EE F8 C9 D3 B6 B3 8A 9B A0 3E 0D C9 C5 8F 15 A3 14 C7 81 4C 25 8B 4C 17 F3 CA 3D 3B 43 59 D4 E4 28 B2 8B 2B B4 01 4E 57 2B 5C EC 6F F0 6D 93 82 8B A1 B6 FF 22 CB A0 B2
2025-10-16T21:06:32.853620,179.013,can1  111  [64]  5F A7 23 DC 13 83 0C 9F 4C 48 AD 65 E9 DC A5 28 28 93 F4 9E 48 7F 9B 20 8C 8C 7A 58 FB C9 89 6E 24 05 99 8D F7 4D 7D 9B FD DB F9 29 EC A3 E9 2C 90 38 84 04 EB 4C A3 74 3D A1 91 E8 F8 30 D9 47
2025-10-16T21:06:34.410814,180.571,can1  111  [64]  01 08 C4 B9 D4 3F 24 83 01 4F 96 F9 43 F2 8E C2 5F 59 18 61 87 16 B6 09 D2 4C 48 45 1F F1 15 6C 87 F7 E8 81 CC 79 C1 26 6A 10 CF 84 54 9F 0B 45 F3 A0 5C FC C6 67 2E 14 4B ED A4 5A 98 AC 5B 03
2025-10-16T21:06:34.415332,180.575,can1  111  [64]  BA 05 85 EA 4A B9 FA BC 8D 3A 5D F3 CC 95 EC 55 07 5D 94 7A 58 84 86 AC 64 6A 59 02 01 B6 EC 62 F9 36 AA 76 DF B8 60 4C E9 82 65 5A 1D 83 3C 7E 35 95 16 8F F5 9F 1E 29 BA 12 85 D6 E9 66 DE 73
2025-10-16T21:06:35.945599,182.105,can1  111  [64]  3B 0C 3C DA 43 C7 59 18 77 95 68 5E FA A7 A0 9A A9 F1 14 D2 BE 35 8C D2 BE F8 0A D7 F1 95 06 5C D4 3A C4 D3 45 DC B3 6B 8F A7 1C 24 AD 18 C3 CB 0C 60 66 C3 FD 21 7F F5 1A 0F BD 66 A8 16 76 07
2025-10-16T21:06:35.950577,182.110,can1  111  [64]  F2 B4 2A D4 F8 2D 4E C3 56 CA A3 EE 46 86 5E 80 A2 11 2D 7D C7 96 75 84 39 DC 35 99 30 D0 3B E2 FC 6E 5E 5C 01 C2 AD 01 28 47 7B 91 6E D5 6D 78 A6 72 F0 A6 A7 CD F6 BF E2 DB 07 68 AD 7F 9F 2A
2025-10-16T21:06:35.956289,182.116,can1  111  [64]  4F A7 03 0B A3 37 7B A3 41 B9 38 12 FF E1 CB C8 B9 82 D9 80 27 F3 BD D7 6B 2C 33 45 45 C1 EA 2B 87 F8 F4 79 F3 2B 18 A6 C2 E6 53 1A D8 12 A2 04 0B E0 C8 CF 58 2A FB DE 83 DF 9C EB 9D C6 AB 9C
2025-10-16T21:06:36.735930,182.896,can1  111  [64]  34 FE B2 34 46 57 29 7F 25 B5 06 05 E6 B4 6C 19 8B DD FE 75 CC 2B EB 5B B2 A9 7E AC 64 31 CE 8C A0 A5 59 A2 56 50 4A 98 44 48 50 06 09 F0 1E 44 6F 40 80 C3 51 37 85 D0 A4 E1 03 28 F0 27 91 6D
2025-10-16T21:06:37.495012,183.655,can1  111  [64]  4D 6F 40 D4 F1 74 75 1D 61 B8 CD 7A E9 24 E4 53 6C 63 48 7D 09 31 29 B6 43 E7 6C 28 50 92 B6 6D 95 6C B9 63 DB 9D 04 2A 34 E9 E3 64 53 6F 78 FE B2 1A A7 28 EA 02 B1 F9 44 31 F3 47 39 B0 6E B8
2025-10-16T21:06:37.500115,183.660,can1  111  [64]  8A 2F FB 3D DD 06 7F 73 B1 FD 38 9F 63 3C 2F 31 38 6B 1D 47 F8 0C 9F 76 D8 6D 94 64 8C C5 EB 57 61 8E CF F9 A9 64 15 FE 85 18 54 4C 0C 04 BD 5E D7 2F 3D 9E DA C3 EE 3D 0A 76 C2 C4 E1 FC 35 AD
2025-10-16T21:06:39.177688,185.337,can1  111  [64]  AB 39 18 B9 17 6A 56 A7 01 E3 86 A4 CC A1 50 A7 E4 8E 5E 86 39 5E 36 D1 BD 4B 5A EF 26 2D BE 05 5D 64 2D B5 63 75 8D 59 E6 12 9F 50 F5 D5 A8 4F 8A 72 34 F8 24 9C 73 23 62 EC FE B4 B8 7C 0B 3C
2025-10-16T21:06:39.192661,185.352,can1  111  [64]  7E EE 24 6C 2E 09 F9 01 F7 FB DC FC D3 51 DC 95 95 A6 5E 86 6E B9 38 5F 7A BD C4 A0 57 A9 27 84 D1 0C 4A FD C1 B4 63 BD 3A DA 58 D6 F6 D5 E2 D6 CE 42 F0 68 B0 16 CC 95 DC 75 C8 59 CD CE B1 39
2025-10-16T21:06:39.205323,185.365,can1  111  [64]  8A 88 14 89 18 CB CD 5D AF 5D A0 DA 04 39 33 EC 38 4F 89 EF 75 A4 ED 8E 0A 6E 6C A5 F0 65 E2 15 4A 09 B0 52 C8 D7 E4 3A C8 D1 5E 60 FB 03 44 AE F9 2B 68 71 EC 8C 52 2D 24 0B E1 E5 20 03 B0 A7
