Timestamp,Elapsed_Time_s,CAN_Message
2025-10-11T16:12:44.795716,1.125,can1  110  [02]  70 17
2025-10-11T16:12:44.797798,1.127,can1  110  [02]  70 17
2025-10-11T16:12:45.348677,1.678,can1  100  [03]  BE E1 0A
2025-10-11T16:12:45.350151,1.680,can1  100  [03]  BE E1 0A
2025-10-11T16:12:45.352158,1.682,can1  120  [04]  80 85 B5 0D
2025-10-11T16:12:45.353429,1.683,can1  120  [04]  80 85 B5 0D
2025-10-11T16:12:46.434434,2.764,can1  110  [02]  40 1F
2025-10-11T16:12:46.436179,2.766,can1  110  [02]  40 1F
2025-10-11T16:12:46.438096,2.768,can1  100  [03]  6E 8F 0C
2025-10-11T16:12:46.439457,2.769,can1  100  [03]  6E 8F 0C
2025-10-11T16:12:46.458283,2.788,can1  120  [04]  E0 E6 22 11
2025-10-11T16:12:46.458383,2.788,can1  120  [04]  E0 E6 22 11
2025-10-11T16:12:47.415681,3.745,can1  110  [02]  28 23
2025-10-11T16:12:47.417405,3.747,can1  110  [02]  28 23
2025-10-11T16:12:47.418891,3.748,can1  100  [03]  1E 3D 0E
2025-10-11T16:12:47.420190,3.750,can1  100  [03]  1E 3D 0E
2025-10-11T16:12:47.864522,4.194,can1  120  [04]  40 48 90 14
2025-10-11T16:12:47.866174,4.196,can1  120  [04]  40 48 90 14
2025-10-11T16:12:48.861108,5.191,can1  110  [02]  10 27
2025-10-11T16:12:48.862500,5.192,can1  110  [02]  10 27
2025-10-11T16:12:48.863972,5.193,can1  100  [03]  CE EA 0F
2025-10-11T16:12:48.865248,5.195,can1  100  [03]  CE EA 0F
2025-10-11T16:12:48.867854,5.197,can1  120  [04]  A0 A9 FD 17
2025-10-11T16:12:48.869570,5.199,can1  120  [04]  A0 A9 FD 17
2025-10-11T16:12:49.945394,6.275,can1  110  [02]  E0 2E
2025-10-11T16:12:49.946835,6.276,can1  110  [02]  E0 2E
2025-10-11T16:12:50.518721,6.848,can1  100  [03]  7E 98 11
2025-10-11T16:12:50.520255,6.850,can1  100  [03]  7E 98 11
2025-10-11T16:12:50.521686,6.851,can1  120  [04]  00 0B 6B 1B
2025-10-11T16:12:50.523244,6.853,can1  120  [04]  00 0B 6B 1B
2025-10-11T16:12:51.514081,7.844,can1  110  [02]  C8 32
2025-10-11T16:12:51.515558,7.845,can1  110  [02]  C8 32
2025-10-11T16:12:51.516821,7.846,can1  100  [03]  2E 46 13
2025-10-11T16:12:51.518364,7.848,can1  100  [03]  2E 46 13
2025-10-11T16:12:51.949514,8.279,can1  120  [04]  60 6C D8 1E
2025-10-11T16:12:51.951213,8.281,can1  120  [04]  60 6C D8 1E
2025-10-11T16:12:52.932703,9.262,can1  110  [02]  E0 2E
2025-10-11T16:12:52.934553,9.264,can1  110  [02]  E0 2E
2025-10-11T16:12:52.936146,9.266,can1  100  [03]  7E 98 11
2025-10-11T16:12:52.939589,9.269,can1  100  [03]  7E 98 11
2025-10-11T16:12:52.941605,9.271,can1  120  [04]  00 0B 6B 1B
2025-10-11T16:12:52.944311,9.274,can1  120  [04]  00 0B 6B 1B
2025-10-11T16:12:54.031098,10.361,can1  110  [02]  10 27
2025-10-11T16:12:54.032602,10.362,can1  110  [02]  10 27
2025-10-11T16:12:54.035072,10.365,can1  100  [03]  CE EA 0F
2025-10-11T16:12:54.037813,10.367,can1  100  [03]  CE EA 0F
2025-10-11T16:12:54.468557,10.798,can1  120  [04]  A0 A9 FD 17
2025-10-11T16:12:54.470254,10.800,can1  120  [04]  A0 A9 FD 17
2025-10-11T16:12:55.452712,11.782,can1  110  [02]  28 23
2025-10-11T16:12:55.454786,11.784,can1  110  [02]  28 23
2025-10-11T16:12:55.457356,11.787,can1  100  [03]  1E 3D 0E
2025-10-11T16:12:55.459519,11.789,can1  100  [03]  1E 3D 0E
2025-10-11T16:12:55.461612,11.791,can1  120  [04]  40 48 90 14
2025-10-11T16:12:55.464721,11.794,can1  120  [04]  40 48 90 14
2025-10-11T16:12:56.548966,12.878,can1  110  [02]  40 1F
2025-10-11T16:12:56.550445,12.880,can1  110  [02]  40 1F
2025-10-11T16:12:56.551961,12.881,can1  100  [03]  6E 8F 0C
2025-10-11T16:12:56.553632,12.883,can1  100  [03]  6E 8F 0C
2025-10-11T16:12:56.983168,13.313,can1  120  [04]  E0 E6 22 11
2025-10-11T16:12:56.985210,13.315,can1  120  [04]  E0 E6 22 11
2025-10-11T16:12:57.976128,14.306,can1  110  [02]  70 17
2025-10-11T16:12:57.977750,14.307,can1  110  [02]  70 17
2025-10-11T16:12:57.979154,14.309,can1  100  [03]  BE E1 0A
2025-10-11T16:12:57.980666,14.310,can1  100  [03]  BE E1 0A
2025-10-11T16:12:57.982971,14.312,can1  120  [04]  80 85 B5 0D
2025-10-11T16:12:57.985095,14.315,can1  120  [04]  80 85 B5 0D
2025-10-11T16:12:59.431000,15.760,can1  110  [02]  88 13
2025-10-11T16:12:59.432763,15.762,can1  110  [02]  88 13
2025-10-11T16:12:59.434394,15.764,can1  100  [03]  0E 34 09
2025-10-11T16:12:59.435987,15.765,can1  100  [03]  0E 34 09
2025-10-11T16:12:59.438157,15.768,can1  120  [04]  20 24 48 0A
2025-10-11T16:12:59.440801,15.770,can1  120  [04]  20 24 48 0A
2025-10-11T16:13:00.527292,16.857,can1  110  [02]  B8 0B
2025-10-11T16:13:00.530421,16.860,can1  110  [02]  B8 0B
2025-10-11T16:13:00.532309,16.862,can1  100  [03]  5E 86 07
2025-10-11T16:13:00.534376,16.864,can1  100  [03]  5E 86 07
2025-10-11T16:13:00.536542,16.866,can1  120  [04]  C0 C2 DA 06
2025-10-11T16:13:00.539129,16.869,can1  120  [04]  C0 C2 DA 06
2025-10-11T16:13:01.629107,17.959,can1  110  [02]  D0 07
2025-10-11T16:13:01.631305,17.961,can1  110  [02]  D0 07
2025-10-11T16:13:01.634833,17.964,can1  100  [03]  AE D8 05
2025-10-11T16:13:01.636978,17.966,can1  100  [03]  AE D8 05
2025-10-11T16:13:02.177061,18.506,can1  120  [04]  60 61 6D 03
2025-10-11T16:13:02.178859,18.508,can1  120  [04]  60 61 6D 03
2025-10-11T16:13:02.829725,19.159,can1  110  [02]  B8 0B
2025-10-11T16:13:02.832315,19.162,can1  110  [02]  B8 0B
2025-10-11T16:13:03.477178,19.807,can1  100  [03]  5E 86 07
2025-10-11T16:13:03.478982,19.808,can1  100  [03]  5E 86 07
2025-10-11T16:13:03.480595,19.810,can1  120  [04]  C0 C2 DA 06
2025-10-11T16:13:03.482240,19.812,can1  120  [04]  C0 C2 DA 06
2025-10-11T16:13:04.588840,20.918,can1  110  [02]  88 13
2025-10-11T16:13:04.590970,20.920,can1  110  [02]  88 13
2025-10-11T16:13:04.593082,20.923,can1  100  [03]  0E 34 09
2025-10-11T16:13:04.595577,20.925,can1  100  [03]  0E 34 09
2025-10-11T16:13:04.598630,20.928,can1  120  [04]  20 24 48 0A
2025-10-11T16:13:04.601545,20.931,can1  120  [04]  20 24 48 0A
2025-10-11T16:13:05.680396,22.010,can1  110  [02]  70 17
2025-10-11T16:13:05.682468,22.012,can1  110  [02]  70 17
2025-10-11T16:13:05.683983,22.013,can1  100  [03]  BE E1 0A
2025-10-11T16:13:05.685487,22.015,can1  100  [03]  BE E1 0A
2025-10-11T16:13:05.687543,22.017,can1  120  [04]  80 85 B5 0D
2025-10-11T16:13:05.689654,22.019,can1  120  [04]  80 85 B5 0D
2025-10-11T16:13:07.124911,23.454,can1  110  [02]  40 1F
2025-10-11T16:13:07.126579,23.456,can1  110  [02]  40 1F
2025-10-11T16:13:07.128240,23.458,can1  100  [03]  6E 8F 0C
2025-10-11T16:13:07.129810,23.459,can1  100  [03]  6E 8F 0C
2025-10-11T16:13:07.132034,23.461,can1  120  [04]  E0 E6 22 11
2025-10-11T16:13:07.134597,23.464,can1  120  [04]  E0 E6 22 11
2025-10-11T16:13:08.442389,24.772,can1  110  [02]  28 23
2025-10-11T16:13:08.443999,24.773,can1  110  [02]  28 23
2025-10-11T16:13:08.445743,24.775,can1  100  [03]  1E 3D 0E
2025-10-11T16:13:08.447563,24.777,can1  100  [03]  1E 3D 0E
2025-10-11T16:13:08.449818,24.779,can1  120  [04]  40 48 90 14
2025-10-11T16:13:08.452010,24.781,can1  120  [04]  40 48 90 14
2025-10-11T16:13:09.332815,25.662,can1  110  [02]  10 27
2025-10-11T16:13:09.335176,25.665,can1  110  [02]  10 27
2025-10-11T16:13:09.755816,26.085,can1  100  [03]  CE EA 0F
2025-10-11T16:13:09.757561,26.087,can1  100  [03]  CE EA 0F
2025-10-11T16:13:09.759270,26.089,can1  120  [04]  A0 A9 FD 17
2025-10-11T16:13:09.761966,26.091,can1  120  [04]  A0 A9 FD 17
2025-10-11T16:13:10.648215,26.978,can1  110  [02]  E0 2E
2025-10-11T16:13:10.650022,26.979,can1  110  [02]  E0 2E
2025-10-11T16:13:11.104109,27.434,can1  100  [03]  7E 98 11
2025-10-11T16:13:11.105823,27.435,can1  100  [03]  7E 98 11
2025-10-11T16:13:11.107468,27.437,can1  120  [04]  00 0B 6B 1B
2025-10-11T16:13:11.109173,27.439,can1  120  [04]  00 0B 6B 1B
2025-10-11T16:13:11.980790,28.310,can1  110  [02]  C8 32
2025-10-11T16:13:11.982891,28.312,can1  110  [02]  C8 32
2025-10-11T16:13:12.422363,28.752,can1  100  [03]  2E 46 13
2025-10-11T16:13:12.424191,28.754,can1  100  [03]  2E 46 13
2025-10-11T16:13:12.426377,28.756,can1  120  [04]  60 6C D8 1E
2025-10-11T16:13:12.429317,28.759,can1  120  [04]  60 6C D8 1E
2025-10-11T16:13:13.511772,29.841,can1  110  [02]  E0 2E
2025-10-11T16:13:13.513520,29.843,can1  110  [02]  E0 2E
2025-10-11T16:13:13.515204,29.845,can1  100  [03]  7E 98 11
2025-10-11T16:13:13.518023,29.847,can1  100  [03]  7E 98 11
2025-10-11T16:13:13.520249,29.850,can1  120  [04]  00 0B 6B 1B
2025-10-11T16:13:13.523247,29.853,can1  120  [04]  00 0B 6B 1B
2025-10-11T16:13:14.939681,31.269,can1  110  [02]  10 27
2025-10-11T16:13:14.941402,31.271,can1  110  [02]  10 27
2025-10-11T16:13:14.943096,31.273,can1  100  [03]  CE EA 0F
2025-10-11T16:13:14.944632,31.274,can1  100  [03]  CE EA 0F
2025-10-11T16:13:14.946846,31.276,can1  120  [04]  A0 A9 FD 17
2025-10-11T16:13:14.949134,31.279,can1  120  [04]  A0 A9 FD 17
2025-10-11T16:13:15.924315,32.254,can1  110  [02]  28 23
2025-10-11T16:13:15.926858,32.256,can1  110  [02]  28 23
2025-10-11T16:13:16.463248,32.793,can1  100  [03]  1E 3D 0E
2025-10-11T16:13:16.464813,32.794,can1  100  [03]  1E 3D 0E
2025-10-11T16:13:16.466589,32.796,can1  120  [04]  40 48 90 14
2025-10-11T16:13:16.468293,32.798,can1  120  [04]  40 48 90 14
2025-10-11T16:13:17.363501,33.693,can1  110  [02]  40 1F
2025-10-11T16:13:17.365420,33.695,can1  110  [02]  40 1F
2025-10-11T16:13:17.367426,33.697,can1  100  [03]  6E 8F 0C
2025-10-11T16:13:17.369905,33.699,can1  100  [03]  6E 8F 0C
2025-10-11T16:13:17.910517,34.240,can1  120  [04]  E0 E6 22 11
2025-10-11T16:13:17.912296,34.242,can1  120  [04]  E0 E6 22 11
2025-10-11T16:13:18.892539,35.222,can1  110  [02]  70 17
2025-10-11T16:13:18.894209,35.224,can1  110  [02]  70 17
2025-10-11T16:13:18.895877,35.225,can1  100  [03]  BE E1 0A
2025-10-11T16:13:18.897691,35.227,can1  100  [03]  BE E1 0A
2025-10-11T16:13:18.900382,35.230,can1  120  [04]  80 85 B5 0D
2025-10-11T16:13:18.903053,35.232,can1  120  [04]  80 85 B5 0D
2025-10-11T16:13:19.882403,36.212,can1  110  [02]  88 13
2025-10-11T16:13:19.884273,36.214,can1  110  [02]  88 13
2025-10-11T16:13:20.430259,36.760,can1  100  [03]  0E 34 09
2025-10-11T16:13:20.432061,36.761,can1  100  [03]  0E 34 09
2025-10-11T16:13:20.433653,36.763,can1  120  [04]  20 24 48 0A
2025-10-11T16:13:20.435435,36.765,can1  120  [04]  20 24 48 0A
2025-10-11T16:13:21.634615,37.964,can1  110  [02]  B8 0B
2025-10-11T16:13:21.636983,37.966,can1  110  [02]  B8 0B
2025-10-11T16:13:21.639051,37.968,can1  100  [03]  5E 86 07
2025-10-11T16:13:21.641116,37.971,can1  100  [03]  5E 86 07
2025-10-11T16:13:21.643560,37.973,can1  120  [04]  C0 C2 DA 06
2025-10-11T16:13:21.646264,37.976,can1  120  [04]  C0 C2 DA 06
2025-10-11T16:13:22.628029,38.957,can1  110  [02]  D0 07
2025-10-11T16:13:22.629730,38.959,can1  110  [02]  D0 07
2025-10-11T16:13:22.631466,38.961,can1  100  [03]  AE D8 05
2025-10-11T16:13:22.633859,38.963,can1  100  [03]  AE D8 05
2025-10-11T16:13:23.162412,39.492,can1  120  [04]  60 61 6D 03
2025-10-11T16:13:23.164167,39.494,can1  120  [04]  60 61 6D 03
2025-10-11T16:13:23.716891,40.046,can1  110  [02]  B8 0B
2025-10-11T16:13:23.718699,40.048,can1  110  [02]  B8 0B
2025-10-11T16:13:24.268143,40.598,can1  100  [03]  5E 86 07
2025-10-11T16:13:24.269736,40.599,can1  100  [03]  5E 86 07
2025-10-11T16:13:24.271318,40.601,can1  120  [04]  C0 C2 DA 06
2025-10-11T16:13:24.272924,40.602,can1  120  [04]  C0 C2 DA 06
2025-10-11T16:13:25.363430,41.693,can1  110  [02]  88 13
2025-10-11T16:13:25.365448,41.695,can1  110  [02]  88 13
2025-10-11T16:13:25.367349,41.697,can1  100  [03]  0E 34 09
2025-10-11T16:13:25.370027,41.699,can1  100  [03]  0E 34 09
2025-10-11T16:13:25.372630,41.702,can1  120  [04]  20 24 48 0A
2025-10-11T16:13:25.375695,41.705,can1  120  [04]  20 24 48 0A
2025-10-11T16:13:26.445094,42.775,can1  110  [02]  70 17
2025-10-11T16:13:26.449025,42.778,can1  110  [02]  70 17
2025-10-11T16:13:27.000128,43.330,can1  100  [03]  BE E1 0A
2025-10-11T16:13:27.002815,43.332,can1  100  [03]  BE E1 0A
2025-10-11T16:13:27.004559,43.334,can1  120  [04]  80 85 B5 0D
2025-10-11T16:13:27.007257,43.337,can1  120  [04]  80 85 B5 0D
2025-10-11T16:13:27.978903,44.308,can1  110  [02]  40 1F
2025-10-11T16:13:27.980705,44.310,can1  110  [02]  40 1F
2025-10-11T16:13:27.982958,44.312,can1  100  [03]  6E 8F 0C
2025-10-11T16:13:27.985605,44.315,can1  100  [03]  6E 8F 0C
2025-10-11T16:13:28.417875,44.747,can1  120  [04]  E0 E6 22 11
2025-10-11T16:13:28.419620,44.749,can1  120  [04]  E0 E6 22 11
2025-10-11T16:13:29.294684,45.624,can1  110  [02]  28 23
2025-10-11T16:13:29.296555,45.626,can1  110  [02]  28 23
2025-10-11T16:13:29.298210,45.628,can1  100  [03]  1E 3D 0E
2025-10-11T16:13:29.301167,45.631,can1  100  [03]  1E 3D 0E
2025-10-11T16:13:29.733269,46.063,can1  120  [04]  40 48 90 14
2025-10-11T16:13:29.735081,46.065,can1  120  [04]  40 48 90 14
2025-10-11T16:13:30.612229,46.942,can1  110  [02]  10 27
2025-10-11T16:13:30.614544,46.944,can1  110  [02]  10 27
2025-10-11T16:13:30.616557,46.946,can1  100  [03]  CE EA 0F
2025-10-11T16:13:30.619323,46.949,can1  100  [03]  CE EA 0F
2025-10-11T16:13:30.621770,46.951,can1  120  [04]  A0 A9 FD 17
2025-10-11T16:13:30.624596,46.954,can1  120  [04]  A0 A9 FD 17
2025-10-11T16:13:31.941840,48.271,can1  110  [02]  E0 2E
2025-10-11T16:13:31.943639,48.273,can1  110  [02]  E0 2E
2025-10-11T16:13:31.945564,48.275,can1  100  [03]  7E 98 11
2025-10-11T16:13:31.948061,48.277,can1  100  [03]  7E 98 11
2025-10-11T16:13:31.950952,48.280,can1  120  [04]  00 0B 6B 1B
2025-10-11T16:13:31.953834,48.283,can1  120  [04]  00 0B 6B 1B
2025-10-11T16:13:32.932887,49.262,can1  110  [02]  C8 32
2025-10-11T16:13:32.934788,49.264,can1  110  [02]  C8 32
2025-10-11T16:13:32.936776,49.266,can1  100  [03]  2E 46 13
2025-10-11T16:13:32.939207,49.269,can1  100  [03]  2E 46 13
2025-10-11T16:13:33.478953,49.808,can1  120  [04]  60 6C D8 1E
2025-10-11T16:13:33.480853,49.810,can1  120  [04]  60 6C D8 1E
2025-10-11T16:13:34.380059,50.709,can1  110  [02]  E0 2E
2025-10-11T16:13:34.382492,50.712,can1  110  [02]  E0 2E
2025-10-11T16:13:34.385352,50.715,can1  100  [03]  7E 98 11
2025-10-11T16:13:34.388257,50.718,can1  100  [03]  7E 98 11
2025-10-11T16:13:34.391178,50.721,can1  120  [04]  00 0B 6B 1B
2025-10-11T16:13:34.393987,50.723,can1  120  [04]  00 0B 6B 1B
2025-10-11T16:13:35.679375,52.009,can1  110  [02]  10 27
2025-10-11T16:13:35.681284,52.011,can1  110  [02]  10 27
2025-10-11T16:13:35.683460,52.013,can1  100  [03]  CE EA 0F
2025-10-11T16:13:35.686506,52.016,can1  100  [03]  CE EA 0F
2025-10-11T16:13:35.689632,52.019,can1  120  [04]  A0 A9 FD 17
2025-10-11T16:13:35.692646,52.022,can1  120  [04]  A0 A9 FD 17
2025-10-11T16:13:36.780567,53.110,can1  110  [02]  28 23
2025-10-11T16:13:36.782738,53.112,can1  110  [02]  28 23
2025-10-11T16:13:37.332555,53.662,can1  100  [03]  1E 3D 0E
2025-10-11T16:13:37.334337,53.664,can1  100  [03]  1E 3D 0E
2025-10-11T16:13:37.336226,53.666,can1  120  [04]  40 48 90 14
2025-10-11T16:13:37.338964,53.668,can1  120  [04]  40 48 90 14
2025-10-11T16:13:38.312403,54.642,can1  110  [02]  40 1F
2025-10-11T16:13:38.314343,54.644,can1  110  [02]  40 1F
2025-10-11T16:13:38.316272,54.646,can1  100  [03]  6E 8F 0C
2025-10-11T16:13:38.319200,54.649,can1  100  [03]  6E 8F 0C
2025-10-11T16:13:38.321815,54.651,can1  120  [04]  E0 E6 22 11
2025-10-11T16:13:38.324964,54.654,can1  120  [04]  E0 E6 22 11
2025-10-11T16:13:39.645720,55.975,can1  110  [02]  70 17
2025-10-11T16:13:39.648441,55.978,can1  110  [02]  70 17
2025-10-11T16:13:39.650792,55.980,can1  100  [03]  BE E1 0A
2025-10-11T16:13:39.653228,55.983,can1  100  [03]  BE E1 0A
2025-10-11T16:13:39.655616,55.985,can1  120  [04]  80 85 B5 0D
2025-10-11T16:13:39.658621,55.988,can1  120  [04]  80 85 B5 0D
2025-10-11T16:13:40.949589,57.279,can1  110  [02]  88 13
2025-10-11T16:13:40.951427,57.281,can1  110  [02]  88 13
2025-10-11T16:13:40.953159,57.283,can1  100  [03]  0E 34 09
2025-10-11T16:13:40.955990,57.285,can1  100  [03]  0E 34 09
2025-10-11T16:13:40.958344,57.288,can1  120  [04]  20 24 48 0A
2025-10-11T16:13:40.961721,57.291,can1  120  [04]  20 24 48 0A
2025-10-11T16:13:42.481515,58.811,can1  110  [02]  B8 0B
2025-10-11T16:13:42.483589,58.813,can1  110  [02]  B8 0B
2025-10-11T16:13:42.485544,58.815,can1  100  [03]  5E 86 07
2025-10-11T16:13:42.488428,58.818,can1  100  [03]  5E 86 07
2025-10-11T16:13:42.491304,58.821,can1  120  [04]  C0 C2 DA 06
2025-10-11T16:13:42.494985,58.824,can1  120  [04]  C0 C2 DA 06
2025-10-11T16:13:43.358244,59.688,can1  110  [02]  D0 07
2025-10-11T16:13:43.360229,59.690,can1  110  [02]  D0 07
2025-10-11T16:13:43.362357,59.692,can1  100  [03]  AE D8 05
2025-10-11T16:13:43.365786,59.695,can1  100  [03]  AE D8 05
2025-10-11T16:13:43.368795,59.698,can1  120  [04]  60 61 6D 03
2025-10-11T16:13:43.371413,59.701,can1  120  [04]  60 61 6D 03
2025-10-11T16:13:44.794491,61.124,can1  110  [02]  B8 0B
2025-10-11T16:13:44.796636,61.126,can1  110  [02]  B8 0B
2025-10-11T16:13:44.798767,61.128,can1  100  [03]  5E 86 07
2025-10-11T16:13:44.801387,61.131,can1  100  [03]  5E 86 07
2025-10-11T16:13:44.803889,61.133,can1  120  [04]  C0 C2 DA 06
2025-10-11T16:13:44.807012,61.136,can1  120  [04]  C0 C2 DA 06
2025-10-11T16:13:46.110570,62.440,can1  110  [02]  88 13
2025-10-11T16:13:46.112811,62.442,can1  110  [02]  88 13
2025-10-11T16:13:46.114809,62.444,can1  100  [03]  0E 34 09
2025-10-11T16:13:46.117281,62.447,can1  100  [03]  0E 34 09
2025-10-11T16:13:46.120177,62.450,can1  120  [04]  20 24 48 0A
2025-10-11T16:13:46.123214,62.453,can1  120  [04]  20 24 48 0A
2025-10-11T16:13:47.430473,63.760,can1  110  [02]  70 17
2025-10-11T16:13:47.433436,63.763,can1  110  [02]  70 17
2025-10-11T16:13:47.436036,63.765,can1  100  [03]  BE E1 0A
2025-10-11T16:13:47.440176,63.770,can1  100  [03]  BE E1 0A
2025-10-11T16:13:47.444478,63.774,can1  120  [04]  80 85 B5 0D
2025-10-11T16:13:47.446903,63.776,can1  120  [04]  80 85 B5 0D
2025-10-11T16:13:48.416200,64.746,can1  110  [02]  40 1F
2025-10-11T16:13:48.418784,64.748,can1  110  [02]  40 1F
2025-10-11T16:13:48.969198,65.299,can1  100  [03]  6E 8F 0C
2025-10-11T16:13:48.971085,65.301,can1  100  [03]  6E 8F 0C
2025-10-11T16:13:48.972952,65.302,can1  120  [04]  E0 E6 22 11
2025-10-11T16:13:48.974853,65.304,can1  120  [04]  E0 E6 22 11
2025-10-11T16:13:49.864826,66.194,can1  110  [02]  28 23
2025-10-11T16:13:49.867390,66.197,can1  110  [02]  28 23
2025-10-11T16:13:50.399215,66.729,can1  100  [03]  1E 3D 0E
2025-10-11T16:13:50.402231,66.732,can1  100  [03]  1E 3D 0E
2025-10-11T16:13:50.405218,66.735,can1  120  [04]  40 48 90 14
2025-10-11T16:13:50.408060,66.737,can1  120  [04]  40 48 90 14
2025-10-11T16:13:51.397143,67.727,can1  110  [02]  10 27
2025-10-11T16:13:51.399438,67.729,can1  110  [02]  10 27
2025-10-11T16:13:51.401961,67.731,can1  100  [03]  CE EA 0F
2025-10-11T16:13:51.405011,67.734,can1  100  [03]  CE EA 0F
2025-10-11T16:13:51.408126,67.738,can1  120  [04]  A0 A9 FD 17
2025-10-11T16:13:51.411412,67.741,can1  120  [04]  A0 A9 FD 17
2025-10-11T16:13:52.828973,69.158,can1  110  [02]  E0 2E
2025-10-11T16:13:52.831148,69.161,can1  110  [02]  E0 2E
2025-10-11T16:13:52.833364,69.163,can1  100  [03]  7E 98 11
2025-10-11T16:13:52.836376,69.166,can1  100  [03]  7E 98 11
2025-10-11T16:13:52.839306,69.169,can1  120  [04]  00 0B 6B 1B
2025-10-11T16:13:52.842783,69.172,can1  120  [04]  00 0B 6B 1B
2025-10-11T16:13:54.142340,70.472,can1  110  [02]  C8 32
2025-10-11T16:13:54.144454,70.474,can1  110  [02]  C8 32
2025-10-11T16:13:54.146459,70.476,can1  100  [03]  2E 46 13
2025-10-11T16:13:54.149480,70.479,can1  100  [03]  2E 46 13
2025-10-11T16:13:54.152455,70.482,can1  120  [04]  60 6C D8 1E
2025-10-11T16:13:54.155420,70.485,can1  120  [04]  60 6C D8 1E
2025-10-11T16:13:55.115067,71.444,can1  110  [02]  E0 2E
2025-10-11T16:13:55.117495,71.447,can1  110  [02]  E0 2E
2025-10-11T16:13:55.665581,71.995,can1  100  [03]  7E 98 11
2025-10-11T16:13:55.667812,71.997,can1  100  [03]  7E 98 11
2025-10-11T16:13:55.670011,71.999,can1  120  [04]  00 0B 6B 1B
2025-10-11T16:13:55.672782,72.002,can1  120  [04]  00 0B 6B 1B
2025-10-11T16:13:56.546690,72.876,can1  110  [02]  10 27
2025-10-11T16:13:56.548763,72.878,can1  110  [02]  10 27
2025-10-11T16:13:56.550990,72.880,can1  100  [03]  CE EA 0F
2025-10-11T16:13:56.553771,72.883,can1  100  [03]  CE EA 0F
2025-10-11T16:13:56.983998,73.313,can1  120  [04]  A0 A9 FD 17
2025-10-11T16:13:56.986418,73.316,can1  120  [04]  A0 A9 FD 17
2025-10-11T16:13:57.982799,74.312,can1  110  [02]  28 23
2025-10-11T16:13:57.985059,74.314,can1  110  [02]  28 23
2025-10-11T16:13:57.987247,74.317,can1  100  [03]  1E 3D 0E
2025-10-11T16:13:57.989993,74.319,can1  100  [03]  1E 3D 0E
2025-10-11T16:13:57.992339,74.322,can1  120  [04]  40 48 90 14
2025-10-11T16:13:57.994893,74.324,can1  120  [04]  40 48 90 14
2025-10-11T16:13:59.421998,75.751,can1  110  [02]  40 1F
2025-10-11T16:13:59.424628,75.754,can1  110  [02]  40 1F
2025-10-11T16:13:59.426844,75.756,can1  100  [03]  6E 8F 0C
2025-10-11T16:13:59.429437,75.759,can1  100  [03]  6E 8F 0C
2025-10-11T16:13:59.432838,75.762,can1  120  [04]  E0 E6 22 11
2025-10-11T16:13:59.436846,75.766,can1  120  [04]  E0 E6 22 11
2025-10-11T16:14:00.398685,76.728,can1  110  [02]  70 17
2025-10-11T16:14:00.401336,76.731,can1  110  [02]  70 17
2025-10-11T16:14:00.405179,76.735,can1  100  [03]  BE E1 0A
2025-10-11T16:14:00.407573,76.737,can1  100  [03]  BE E1 0A
2025-10-11T16:14:00.851396,77.181,can1  120  [04]  80 85 B5 0D
2025-10-11T16:14:00.853880,77.183,can1  120  [04]  80 85 B5 0D
2025-10-11T16:14:01.842157,78.172,can1  110  [02]  88 13
2025-10-11T16:14:01.844683,78.174,can1  110  [02]  88 13
2025-10-11T16:14:01.846858,78.176,can1  100  [03]  0E 34 09
2025-10-11T16:14:01.849636,78.179,can1  100  [03]  0E 34 09
2025-10-11T16:14:01.852166,78.182,can1  120  [04]  20 24 48 0A
2025-10-11T16:14:01.855069,78.184,can1  120  [04]  20 24 48 0A
2025-10-11T16:14:02.931971,79.261,can1  110  [02]  B8 0B
2025-10-11T16:14:02.934427,79.264,can1  110  [02]  B8 0B
2025-10-11T16:14:02.936552,79.266,can1  100  [03]  5E 86 07
2025-10-11T16:14:02.939469,79.269,can1  100  [03]  5E 86 07
2025-10-11T16:14:03.382866,79.712,can1  120  [04]  C0 C2 DA 06
2025-10-11T16:14:03.385422,79.715,can1  120  [04]  C0 C2 DA 06
2025-10-11T16:14:04.375134,80.705,can1  110  [02]  D0 07
2025-10-11T16:14:04.377524,80.707,can1  110  [02]  D0 07
2025-10-11T16:14:04.380086,80.710,can1  100  [03]  AE D8 05
2025-10-11T16:14:04.382960,80.712,can1  100  [03]  AE D8 05
2025-10-11T16:14:04.386153,80.716,can1  120  [04]  60 61 6D 03
2025-10-11T16:14:04.388875,80.718,can1  120  [04]  60 61 6D 03
2025-10-11T16:14:05.367564,81.697,can1  110  [02]  B8 0B
2025-10-11T16:14:05.370161,81.700,can1  110  [02]  B8 0B
2025-10-11T16:14:05.822792,82.152,can1  100  [03]  5E 86 07
2025-10-11T16:14:05.825909,82.155,can1  100  [03]  5E 86 07
2025-10-11T16:14:05.829505,82.159,can1  120  [04]  C0 C2 DA 06
2025-10-11T16:14:05.832495,82.162,can1  120  [04]  C0 C2 DA 06
2025-10-11T16:14:06.833256,83.163,can1  110  [02]  88 13
2025-10-11T16:14:06.835786,83.165,can1  110  [02]  88 13
2025-10-11T16:14:06.838496,83.168,can1  100  [03]  0E 34 09
2025-10-11T16:14:06.842953,83.172,can1  100  [03]  0E 34 09
2025-10-11T16:14:06.846378,83.176,can1  120  [04]  20 24 48 0A
2025-10-11T16:14:06.849061,83.178,can1  120  [04]  20 24 48 0A
2025-10-11T16:14:07.916962,84.246,can1  110  [02]  70 17
2025-10-11T16:14:07.919031,84.248,can1  110  [02]  70 17
2025-10-11T16:14:08.576191,84.906,can1  100  [03]  BE E1 0A
2025-10-11T16:14:08.578322,84.908,can1  100  [03]  BE E1 0A
2025-10-11T16:14:08.580539,84.910,can1  120  [04]  80 85 B5 0D
2025-10-11T16:14:08.583595,84.913,can1  120  [04]  80 85 B5 0D
2025-10-11T16:14:09.231302,85.561,can1  110  [02]  40 1F
2025-10-11T16:14:09.234142,85.564,can1  110  [02]  40 1F
2025-10-11T16:14:09.788925,86.118,can1  100  [03]  6E 8F 0C
2025-10-11T16:14:09.790998,86.120,can1  100  [03]  6E 8F 0C
2025-10-11T16:14:09.793012,86.122,can1  120  [04]  E0 E6 22 11
2025-10-11T16:14:09.795747,86.125,can1  120  [04]  E0 E6 22 11
2025-10-11T16:14:10.775999,87.105,can1  110  [02]  28 23
2025-10-11T16:14:10.779045,87.108,can1  110  [02]  28 23
2025-10-11T16:14:10.781955,87.111,can1  100  [03]  1E 3D 0E
2025-10-11T16:14:10.785519,87.115,can1  100  [03]  1E 3D 0E
2025-10-11T16:14:10.788917,87.118,can1  120  [04]  40 48 90 14
2025-10-11T16:14:10.792391,87.122,can1  120  [04]  40 48 90 14
2025-10-11T16:14:11.883433,88.213,can1  110  [02]  10 27
2025-10-11T16:14:11.885707,88.215,can1  110  [02]  10 27
2025-10-11T16:14:11.887743,88.217,can1  100  [03]  CE EA 0F
2025-10-11T16:14:11.890251,88.220,can1  100  [03]  CE EA 0F
2025-10-11T16:14:12.429016,88.758,can1  120  [04]  A0 A9 FD 17
2025-10-11T16:14:12.431300,88.761,can1  120  [04]  A0 A9 FD 17
2025-10-11T16:14:13.441789,89.771,can1  110  [02]  E0 2E
2025-10-11T16:14:13.444074,89.773,can1  110  [02]  E0 2E
2025-10-11T16:14:13.446089,89.776,can1  100  [03]  7E 98 11
2025-10-11T16:14:13.449855,89.779,can1  100  [03]  7E 98 11
2025-10-11T16:14:13.453971,89.783,can1  120  [04]  00 0B 6B 1B
2025-10-11T16:14:13.457061,89.786,can1  120  [04]  00 0B 6B 1B
2025-10-11T16:14:14.414934,90.744,can1  110  [02]  C8 32
2025-10-11T16:14:14.418175,90.748,can1  110  [02]  C8 32
2025-10-11T16:14:14.421272,90.751,can1  100  [03]  2E 46 13
2025-10-11T16:14:14.423852,90.753,can1  100  [03]  2E 46 13
2025-10-11T16:14:14.962320,91.292,can1  120  [04]  60 6C D8 1E
2025-10-11T16:14:14.964546,91.294,can1  120  [04]  60 6C D8 1E
2025-10-11T16:14:15.859776,92.189,can1  110  [02]  E0 2E
2025-10-11T16:14:15.862688,92.192,can1  110  [02]  E0 2E
2025-10-11T16:14:15.866188,92.196,can1  100  [03]  7E 98 11
2025-10-11T16:14:15.870139,92.200,can1  100  [03]  7E 98 11
2025-10-11T16:14:15.873279,92.203,can1  120  [04]  00 0B 6B 1B
2025-10-11T16:14:15.877031,92.206,can1  120  [04]  00 0B 6B 1B
2025-10-11T16:14:16.866867,93.196,can1  110  [02]  10 27
2025-10-11T16:14:16.869178,93.199,can1  110  [02]  10 27
2025-10-11T16:14:17.290899,93.620,can1  100  [03]  CE EA 0F
2025-10-11T16:14:17.293040,93.622,can1  100  [03]  CE EA 0F
2025-10-11T16:14:17.295318,93.625,can1  120  [04]  A0 A9 FD 17
2025-10-11T16:14:17.298689,93.628,can1  120  [04]  A0 A9 FD 17
2025-10-11T16:14:18.283891,94.613,can1  110  [02]  28 23
2025-10-11T16:14:18.286453,94.616,can1  110  [02]  28 23
2025-10-11T16:14:18.288778,94.618,can1  100  [03]  1E 3D 0E
2025-10-11T16:14:18.291730,94.621,can1  100  [03]  1E 3D 0E
2025-10-11T16:14:18.295275,94.625,can1  120  [04]  40 48 90 14
2025-10-11T16:14:18.298086,94.628,can1  120  [04]  40 48 90 14
2025-10-11T16:14:19.705770,96.035,can1  110  [02]  40 1F
2025-10-11T16:14:19.708179,96.038,can1  110  [02]  40 1F
2025-10-11T16:14:19.710264,96.040,can1  100  [03]  6E 8F 0C
2025-10-11T16:14:19.713120,96.043,can1  100  [03]  6E 8F 0C
2025-10-11T16:14:19.716580,96.046,can1  120  [04]  E0 E6 22 11
2025-10-11T16:14:19.720350,96.050,can1  120  [04]  E0 E6 22 11
2025-10-11T16:14:20.800447,97.130,can1  110  [02]  70 17
2025-10-11T16:14:20.802707,97.132,can1  110  [02]  70 17
2025-10-11T16:14:20.804937,97.134,can1  100  [03]  BE E1 0A
2025-10-11T16:14:20.807789,97.137,can1  100  [03]  BE E1 0A
2025-10-11T16:14:21.346428,97.676,can1  120  [04]  80 85 B5 0D
2025-10-11T16:14:21.348854,97.678,can1  120  [04]  80 85 B5 0D
2025-10-11T16:14:21.881847,98.211,can1  110  [02]  88 13
2025-10-11T16:14:21.884424,98.214,can1  110  [02]  88 13
2025-10-11T16:14:22.437190,98.767,can1  100  [03]  0E 34 09
2025-10-11T16:14:22.439504,98.769,can1  100  [03]  0E 34 09
2025-10-11T16:14:22.441983,98.771,can1  120  [04]  20 24 48 0A
2025-10-11T16:14:22.445303,98.775,can1  120  [04]  20 24 48 0A
2025-10-11T16:14:23.527238,99.857,can1  110  [02]  B8 0B
2025-10-11T16:14:23.530000,99.859,can1  110  [02]  B8 0B
2025-10-11T16:14:23.532240,99.862,can1  100  [03]  5E 86 07
2025-10-11T16:14:23.535243,99.865,can1  100  [03]  5E 86 07
2025-10-11T16:14:23.539287,99.869,can1  120  [04]  C0 C2 DA 06
2025-10-11T16:14:23.542310,99.872,can1  120  [04]  C0 C2 DA 06
2025-10-11T16:14:24.516077,100.846,can1  110  [02]  D0 07
2025-10-11T16:14:24.519420,100.849,can1  110  [02]  D0 07
2025-10-11T16:14:24.956937,101.286,can1  100  [03]  AE D8 05
2025-10-11T16:14:24.960371,101.290,can1  100  [03]  AE D8 05
2025-10-11T16:14:24.964137,101.294,can1  120  [04]  60 61 6D 03
2025-10-11T16:14:24.967718,101.297,can1  120  [04]  60 61 6D 03
2025-10-11T16:14:26.057999,102.387,can1  110  [02]  B8 0B
2025-10-11T16:14:26.060383,102.390,can1  110  [02]  B8 0B
2025-10-11T16:14:26.062903,102.392,can1  100  [03]  5E 86 07
2025-10-11T16:14:26.066024,102.395,can1  100  [03]  5E 86 07
2025-10-11T16:14:26.070408,102.400,can1  120  [04]  C0 C2 DA 06
2025-10-11T16:14:26.073530,102.403,can1  120  [04]  C0 C2 DA 06
2025-10-11T16:14:27.157948,103.487,can1  110  [02]  88 13
2025-10-11T16:14:27.160587,103.490,can1  110  [02]  88 13
2025-10-11T16:14:27.164004,103.493,can1  100  [03]  0E 34 09
2025-10-11T16:14:27.167354,103.497,can1  100  [03]  0E 34 09
2025-10-11T16:14:27.700244,104.030,can1  120  [04]  20 24 48 0A
2025-10-11T16:14:27.703543,104.033,can1  120  [04]  20 24 48 0A
2025-10-11T16:14:28.568759,104.898,can1  110  [02]  70 17
2025-10-11T16:14:28.571397,104.901,can1  110  [02]  70 17
2025-10-11T16:14:28.573939,104.903,can1  100  [03]  BE E1 0A
2025-10-11T16:14:28.577093,104.907,can1  100  [03]  BE E1 0A
2025-10-11T16:14:29.129773,105.459,can1  120  [04]  80 85 B5 0D
2025-10-11T16:14:29.149409,105.479,can1  120  [04]  80 85 B5 0D
2025-10-11T16:14:30.125057,106.454,can1  110  [02]  40 1F
2025-10-11T16:14:30.128160,106.458,can1  110  [02]  40 1F
2025-10-11T16:14:30.131313,106.461,can1  100  [03]  6E 8F 0C
2025-10-11T16:14:30.134456,106.464,can1  100  [03]  6E 8F 0C
2025-10-11T16:14:30.138187,106.468,can1  120  [04]  E0 E6 22 11
2025-10-11T16:14:30.141452,106.471,can1  120  [04]  E0 E6 22 11
2025-10-11T16:14:31.214330,107.544,can1  110  [02]  28 23
2025-10-11T16:14:31.217111,107.547,can1  110  [02]  28 23
2025-10-11T16:14:31.219470,107.549,can1  100  [03]  1E 3D 0E
2025-10-11T16:14:31.222634,107.552,can1  100  [03]  1E 3D 0E
2025-10-11T16:14:31.226020,107.555,can1  120  [04]  40 48 90 14
2025-10-11T16:14:31.229182,107.559,can1  120  [04]  40 48 90 14
2025-10-11T16:14:32.558650,108.888,can1  110  [02]  10 27
2025-10-11T16:14:32.561239,108.891,can1  110  [02]  10 27
2025-10-11T16:14:32.563783,108.893,can1  100  [03]  CE EA 0F
2025-10-11T16:14:32.567058,108.896,can1  100  [03]  CE EA 0F
2025-10-11T16:14:32.571322,108.901,can1  120  [04]  A0 A9 FD 17
2025-10-11T16:14:32.574022,108.903,can1  120  [04]  A0 A9 FD 17
2025-10-11T16:14:33.568038,109.897,can1  110  [02]  E0 2E
2025-10-11T16:14:33.570314,109.900,can1  110  [02]  E0 2E
2025-10-11T16:14:33.573133,109.903,can1  100  [03]  7E 98 11
2025-10-11T16:14:33.576239,109.906,can1  100  [03]  7E 98 11
2025-10-11T16:14:34.002789,110.332,can1  120  [04]  00 0B 6B 1B
2025-10-11T16:14:34.005511,110.335,can1  120  [04]  00 0B 6B 1B
2025-10-11T16:14:34.880055,111.209,can1  110  [02]  C8 32
2025-10-11T16:14:34.882970,111.212,can1  110  [02]  C8 32
2025-10-11T16:14:34.885387,111.215,can1  100  [03]  2E 46 13
2025-10-11T16:14:34.888337,111.218,can1  100  [03]  2E 46 13
2025-10-11T16:14:34.891123,111.221,can1  120  [04]  60 6C D8 1E
2025-10-11T16:14:34.893880,111.223,can1  120  [04]  60 6C D8 1E
2025-10-11T16:14:36.087363,112.417,can1  110  [02]  E0 2E
2025-10-11T16:14:36.090621,112.420,can1  110  [02]  E0 2E
2025-10-11T16:14:36.094085,112.424,can1  100  [03]  7E 98 11
2025-10-11T16:14:36.097273,112.427,can1  100  [03]  7E 98 11
2025-10-11T16:14:36.744104,113.074,can1  120  [04]  00 0B 6B 1B
2025-10-11T16:14:36.746766,113.076,can1  120  [04]  00 0B 6B 1B
2025-10-11T16:14:37.299862,113.629,can1  110  [02]  10 27
2025-10-11T16:14:37.320428,113.650,can1  110  [02]  10 27
2025-10-11T16:14:37.836913,114.166,can1  100  [03]  CE EA 0F
2025-10-11T16:14:37.840128,114.170,can1  100  [03]  CE EA 0F
2025-10-11T16:14:37.844181,114.174,can1  120  [04]  A0 A9 FD 17
2025-10-11T16:14:37.846689,114.176,can1  120  [04]  A0 A9 FD 17
2025-10-11T16:14:38.936526,115.266,can1  110  [02]  28 23
2025-10-11T16:14:38.938873,115.268,can1  110  [02]  28 23
2025-10-11T16:14:38.941173,115.271,can1  100  [03]  1E 3D 0E
2025-10-11T16:14:38.944713,115.274,can1  100  [03]  1E 3D 0E
2025-10-11T16:14:38.947813,115.277,can1  120  [04]  40 48 90 14
2025-10-11T16:14:38.950883,115.280,can1  120  [04]  40 48 90 14
2025-10-11T16:14:40.052313,116.382,can1  110  [02]  40 1F
2025-10-11T16:14:40.054956,116.384,can1  110  [02]  40 1F
2025-10-11T16:14:40.057375,116.387,can1  100  [03]  6E 8F 0C
2025-10-11T16:14:40.060383,116.390,can1  100  [03]  6E 8F 0C
2025-10-11T16:14:40.063220,116.393,can1  120  [04]  E0 E6 22 11
2025-10-11T16:14:40.066059,116.395,can1  120  [04]  E0 E6 22 11
2025-10-11T16:14:41.253519,117.583,can1  110  [02]  70 17
2025-10-11T16:14:41.256401,117.586,can1  110  [02]  70 17
2025-10-11T16:14:41.259891,117.589,can1  100  [03]  BE E1 0A
2025-10-11T16:14:41.262646,117.592,can1  100  [03]  BE E1 0A
2025-10-11T16:14:41.265676,117.595,can1  120  [04]  80 85 B5 0D
2025-10-11T16:14:41.268861,117.598,can1  120  [04]  80 85 B5 0D
2025-10-11T16:14:43.654299,119.984,can1  110  [02]  88 13
2025-10-11T16:14:43.659589,119.989,can1  110  [02]  88 13
2025-10-11T16:14:43.663812,119.993,can1  100  [03]  0E 34 09
2025-10-11T16:14:43.667992,119.997,can1  100  [03]  0E 34 09
2025-10-11T16:14:43.671452,120.001,can1  120  [04]  20 24 48 0A
2025-10-11T16:14:43.674849,120.004,can1  120  [04]  20 24 48 0A
2025-10-11T16:14:43.679820,120.009,can1  110  [02]  B8 0B
2025-10-11T16:14:43.685466,120.015,can1  110  [02]  B8 0B
2025-10-11T16:14:44.635417,120.965,can1  100  [03]  5E 86 07
2025-10-11T16:14:44.639692,120.969,can1  100  [03]  5E 86 07
2025-10-11T16:14:44.642866,120.972,can1  120  [04]  C0 C2 DA 06
2025-10-11T16:14:44.646778,120.976,can1  120  [04]  C0 C2 DA 06
2025-10-11T16:14:45.617689,121.947,can1  110  [02]  D0 07
2025-10-11T16:14:45.620450,121.950,can1  110  [02]  D0 07
2025-10-11T16:14:45.625226,121.955,can1  100  [03]  AE D8 05
2025-10-11T16:14:45.629281,121.959,can1  100  [03]  AE D8 05
2025-10-11T16:14:45.634939,121.964,can1  120  [04]  60 61 6D 03
2025-10-11T16:14:45.638522,121.968,can1  120  [04]  60 61 6D 03
2025-10-11T16:14:46.715311,123.045,can1  110  [02]  B8 0B
2025-10-11T16:14:46.718691,123.048,can1  110  [02]  B8 0B
2025-10-11T16:14:46.722345,123.052,can1  100  [03]  5E 86 07
2025-10-11T16:14:46.726194,123.056,can1  100  [03]  5E 86 07
2025-10-11T16:14:46.731143,123.061,can1  120  [04]  C0 C2 DA 06
2025-10-11T16:14:46.734198,123.064,can1  120  [04]  C0 C2 DA 06
2025-10-11T16:14:47.601210,123.931,can1  110  [02]  88 13
2025-10-11T16:14:47.604370,123.934,can1  110  [02]  88 13
2025-10-11T16:14:48.477857,124.807,can1  100  [03]  0E 34 09
2025-10-11T16:14:48.481158,124.811,can1  100  [03]  0E 34 09
2025-10-11T16:14:48.484794,124.814,can1  120  [04]  20 24 48 0A
2025-10-11T16:14:48.487100,124.817,can1  120  [04]  20 24 48 0A
2025-10-11T16:14:49.461677,125.791,can1  110  [02]  70 17
2025-10-11T16:14:49.464445,125.794,can1  110  [02]  70 17
2025-10-11T16:14:49.468216,125.798,can1  100  [03]  BE E1 0A
2025-10-11T16:14:49.472307,125.802,can1  100  [03]  BE E1 0A
2025-10-11T16:14:49.528955,125.858,can1  120  [04]  80 85 B5 0D
2025-10-11T16:14:49.567045,125.896,can1  120  [04]  80 85 B5 0D
2025-10-11T16:14:50.445152,126.775,can1  110  [02]  40 1F
2025-10-11T16:14:50.448583,126.778,can1  110  [02]  40 1F
2025-10-11T16:14:50.452314,126.782,can1  100  [03]  6E 8F 0C
2025-10-11T16:14:50.456105,126.786,can1  100  [03]  6E 8F 0C
2025-10-11T16:14:50.459814,126.789,can1  120  [04]  E0 E6 22 11
2025-10-11T16:14:50.463734,126.793,can1  120  [04]  E0 E6 22 11
2025-10-11T16:14:52.314746,128.644,can1  110  [02]  28 23
2025-10-11T16:14:52.317568,128.647,can1  110  [02]  28 23
2025-10-11T16:14:52.321704,128.651,can1  100  [03]  1E 3D 0E
2025-10-11T16:14:52.326758,128.656,can1  100  [03]  1E 3D 0E
2025-10-11T16:14:52.330228,128.660,can1  120  [04]  40 48 90 14
2025-10-11T16:14:52.334288,128.664,can1  120  [04]  40 48 90 14
2025-10-11T16:14:53.186535,129.516,can1  110  [02]  10 27
2025-10-11T16:14:53.189638,129.519,can1  110  [02]  10 27
2025-10-11T16:14:53.193202,129.523,can1  100  [03]  CE EA 0F
2025-10-11T16:14:53.196383,129.526,can1  100  [03]  CE EA 0F
2025-10-11T16:14:53.199956,129.529,can1  120  [04]  A0 A9 FD 17
2025-10-11T16:14:53.203342,129.533,can1  120  [04]  A0 A9 FD 17
2025-10-11T16:14:54.055570,130.385,can1  110  [02]  E0 2E
2025-10-11T16:14:54.058361,130.388,can1  110  [02]  E0 2E
2025-10-11T16:14:54.062405,130.392,can1  100  [03]  7E 98 11
2025-10-11T16:14:54.065778,130.395,can1  100  [03]  7E 98 11
2025-10-11T16:14:55.053212,131.383,can1  120  [04]  00 0B 6B 1B
2025-10-11T16:14:55.056385,131.386,can1  120  [04]  00 0B 6B 1B
2025-10-11T16:14:56.038671,132.368,can1  110  [02]  C8 32
2025-10-11T16:14:56.041689,132.371,can1  110  [02]  C8 32
2025-10-11T16:14:56.045108,132.375,can1  100  [03]  2E 46 13
2025-10-11T16:14:56.048650,132.378,can1  100  [03]  2E 46 13
2025-10-11T16:14:56.051929,132.381,can1  120  [04]  60 6C D8 1E
2025-10-11T16:14:56.056246,132.386,can1  120  [04]  60 6C D8 1E
2025-10-11T16:14:57.031816,133.361,can1  110  [02]  E0 2E
2025-10-11T16:14:57.034594,133.364,can1  110  [02]  E0 2E
2025-10-11T16:14:57.038629,133.368,can1  100  [03]  7E 98 11
2025-10-11T16:14:57.042063,133.371,can1  100  [03]  7E 98 11
2025-10-11T16:14:57.045439,133.375,can1  120  [04]  00 0B 6B 1B
2025-10-11T16:14:57.049544,133.379,can1  120  [04]  00 0B 6B 1B
2025-10-11T16:14:58.017121,134.347,can1  110  [02]  10 27
2025-10-11T16:14:58.020507,134.350,can1  110  [02]  10 27
2025-10-11T16:14:58.024293,134.354,can1  100  [03]  CE EA 0F
2025-10-11T16:14:58.028928,134.358,can1  100  [03]  CE EA 0F
2025-10-11T16:14:58.894276,135.224,can1  120  [04]  A0 A9 FD 17
2025-10-11T16:14:58.896765,135.226,can1  120  [04]  A0 A9 FD 17
2025-10-11T16:14:59.872476,136.202,can1  110  [02]  28 23
2025-10-11T16:14:59.875637,136.205,can1  110  [02]  28 23
2025-10-11T16:14:59.879250,136.209,can1  100  [03]  1E 3D 0E
2025-10-11T16:14:59.882619,136.212,can1  100  [03]  1E 3D 0E
2025-10-11T16:14:59.886609,136.216,can1  120  [04]  40 48 90 14
2025-10-11T16:14:59.890468,136.220,can1  120  [04]  40 48 90 14
2025-10-11T16:15:00.856179,137.186,can1  110  [02]  40 1F
2025-10-11T16:15:00.859144,137.189,can1  110  [02]  40 1F
2025-10-11T16:15:00.862404,137.192,can1  100  [03]  6E 8F 0C
2025-10-11T16:15:00.866513,137.196,can1  100  [03]  6E 8F 0C
2025-10-11T16:15:00.869912,137.199,can1  120  [04]  E0 E6 22 11
2025-10-11T16:15:00.873541,137.203,can1  120  [04]  E0 E6 22 11
2025-10-11T16:15:02.734288,139.064,can1  110  [02]  70 17
2025-10-11T16:15:02.736991,139.066,can1  110  [02]  70 17
2025-10-11T16:15:02.739834,139.069,can1  100  [03]  BE E1 0A
2025-10-11T16:15:02.743009,139.072,can1  100  [03]  BE E1 0A
2025-10-11T16:15:02.746231,139.076,can1  120  [04]  80 85 B5 0D
2025-10-11T16:15:02.749607,139.079,can1  120  [04]  80 85 B5 0D
2025-10-11T16:15:03.612508,139.942,can1  110  [02]  88 13
2025-10-11T16:15:03.615416,139.945,can1  110  [02]  88 13
2025-10-11T16:15:03.619337,139.949,can1  100  [03]  0E 34 09
2025-10-11T16:15:03.622034,139.951,can1  100  [03]  0E 34 09
2025-10-11T16:15:03.624922,139.954,can1  120  [04]  20 24 48 0A
2025-10-11T16:15:03.629207,139.959,can1  120  [04]  20 24 48 0A
2025-10-11T16:15:04.482907,140.812,can1  110  [02]  B8 0B
2025-10-11T16:15:04.486126,140.816,can1  110  [02]  B8 0B
2025-10-11T16:15:05.354797,141.684,can1  100  [03]  5E 86 07
2025-10-11T16:15:05.358191,141.688,can1  100  [03]  5E 86 07
2025-10-11T16:15:05.361351,141.691,can1  120  [04]  C0 C2 DA 06
2025-10-11T16:15:05.364429,141.694,can1  120  [04]  C0 C2 DA 06
2025-10-11T16:15:06.232038,142.561,can1  110  [02]  D0 07
2025-10-11T16:15:06.234815,142.564,can1  110  [02]  D0 07
2025-10-11T16:15:06.237876,142.567,can1  100  [03]  AE D8 05
2025-10-11T16:15:06.241065,142.570,can1  100  [03]  AE D8 05
2025-10-11T16:15:06.243756,142.573,can1  120  [04]  60 61 6D 03
2025-10-11T16:15:06.247209,142.577,can1  120  [04]  60 61 6D 03
2025-10-11T16:15:07.101271,143.431,can1  110  [02]  B8 0B
2025-10-11T16:15:07.103815,143.433,can1  110  [02]  B8 0B
2025-10-11T16:15:07.974841,144.304,can1  100  [03]  5E 86 07
2025-10-11T16:15:07.977599,144.307,can1  100  [03]  5E 86 07
2025-10-11T16:15:07.981408,144.311,can1  120  [04]  C0 C2 DA 06
2025-10-11T16:15:07.984578,144.314,can1  120  [04]  C0 C2 DA 06
2025-10-11T16:15:08.865627,145.195,can1  110  [02]  88 13
2025-10-11T16:15:08.868620,145.198,can1  110  [02]  88 13
2025-10-11T16:15:08.872629,145.202,can1  100  [03]  0E 34 09
2025-10-11T16:15:08.875086,145.205,can1  100  [03]  0E 34 09
2025-10-11T16:15:08.877883,145.207,can1  120  [04]  20 24 48 0A
2025-10-11T16:15:08.880961,145.210,can1  120  [04]  20 24 48 0A
2025-10-11T16:15:09.755133,146.085,can1  110  [02]  70 17
2025-10-11T16:15:09.758138,146.088,can1  110  [02]  70 17
2025-10-11T16:15:09.761051,146.090,can1  100  [03]  BE E1 0A
2025-10-11T16:15:09.832031,146.161,can1  100  [03]  BE E1 0A
2025-10-11T16:15:10.729258,147.059,can1  120  [04]  80 85 B5 0D
2025-10-11T16:15:10.732625,147.062,can1  120  [04]  80 85 B5 0D
2025-10-11T16:15:11.719887,148.049,can1  110  [02]  40 1F
2025-10-11T16:15:11.722703,148.052,can1  110  [02]  40 1F
2025-10-11T16:15:11.726093,148.056,can1  100  [03]  6E 8F 0C
2025-10-11T16:15:11.729747,148.059,can1  100  [03]  6E 8F 0C
2025-10-11T16:15:11.733951,148.063,can1  120  [04]  E0 E6 22 11
2025-10-11T16:15:11.737694,148.067,can1  120  [04]  E0 E6 22 11
2025-10-11T16:15:12.707950,149.037,can1  110  [02]  28 23
2025-10-11T16:15:12.710378,149.040,can1  110  [02]  28 23
2025-10-11T16:15:12.712675,149.042,can1  100  [03]  1E 3D 0E
2025-10-11T16:15:12.716020,149.045,can1  100  [03]  1E 3D 0E
2025-10-11T16:15:12.719336,149.049,can1  120  [04]  40 48 90 14
2025-10-11T16:15:12.722573,149.052,can1  120  [04]  40 48 90 14
2025-10-11T16:15:13.701670,150.031,can1  110  [02]  10 27
2025-10-11T16:15:13.704613,150.034,can1  110  [02]  10 27
2025-10-11T16:15:13.707084,150.037,can1  100  [03]  CE EA 0F
2025-10-11T16:15:13.710610,150.040,can1  100  [03]  CE EA 0F
2025-10-11T16:15:14.593233,150.923,can1  120  [04]  A0 A9 FD 17
2025-10-11T16:15:14.596359,150.926,can1  120  [04]  A0 A9 FD 17
2025-10-11T16:15:15.587761,151.917,can1  110  [02]  E0 2E
2025-10-11T16:15:15.591203,151.921,can1  110  [02]  E0 2E
2025-10-11T16:15:15.594879,151.924,can1  100  [03]  7E 98 11
2025-10-11T16:15:15.598247,151.928,can1  100  [03]  7E 98 11
2025-10-11T16:15:15.603270,151.933,can1  120  [04]  00 0B 6B 1B
2025-10-11T16:15:15.607424,151.937,can1  120  [04]  00 0B 6B 1B
2025-10-11T16:15:16.572134,152.902,can1  110  [02]  C8 32
2025-10-11T16:15:16.575499,152.905,can1  110  [02]  C8 32
2025-10-11T16:15:16.579986,152.909,can1  100  [03]  2E 46 13
2025-10-11T16:15:16.584273,152.914,can1  100  [03]  2E 46 13
2025-10-11T16:15:16.590407,152.920,can1  120  [04]  60 6C D8 1E
2025-10-11T16:15:16.595020,152.924,can1  120  [04]  60 6C D8 1E
2025-10-11T16:15:17.690272,154.020,can1  110  [02]  E0 2E
2025-10-11T16:15:17.693446,154.023,can1  110  [02]  E0 2E
2025-10-11T16:15:17.697294,154.027,can1  100  [03]  7E 98 11
2025-10-11T16:15:17.700389,154.030,can1  100  [03]  7E 98 11
2025-10-11T16:15:17.704586,154.034,can1  120  [04]  00 0B 6B 1B
2025-10-11T16:15:17.708646,154.038,can1  120  [04]  00 0B 6B 1B
2025-10-11T16:15:19.673007,156.002,can1  110  [02]  10 27
2025-10-11T16:15:19.676566,156.006,can1  110  [02]  10 27
2025-10-11T16:15:19.680372,156.010,can1  100  [03]  CE EA 0F
2025-10-11T16:15:19.683619,156.013,can1  100  [03]  CE EA 0F
2025-10-11T16:15:19.686759,156.016,can1  120  [04]  A0 A9 FD 17
2025-10-11T16:15:19.690763,156.020,can1  120  [04]  A0 A9 FD 17
2025-10-11T16:15:20.660907,156.990,can1  110  [02]  28 23
2025-10-11T16:15:20.664008,156.993,can1  110  [02]  28 23
2025-10-11T16:15:20.667469,156.997,can1  100  [03]  1E 3D 0E
2025-10-11T16:15:20.671846,157.001,can1  100  [03]  1E 3D 0E
2025-10-11T16:15:20.675631,157.005,can1  120  [04]  40 48 90 14
2025-10-11T16:15:20.680179,157.010,can1  120  [04]  40 48 90 14
2025-10-11T16:15:21.635006,157.964,can1  110  [02]  40 1F
2025-10-11T16:15:21.639272,157.969,can1  110  [02]  40 1F
2025-10-11T16:15:21.642367,157.972,can1  100  [03]  6E 8F 0C
2025-10-11T16:15:21.645975,157.975,can1  100  [03]  6E 8F 0C
2025-10-11T16:15:22.643441,158.973,can1  120  [04]  E0 E6 22 11
2025-10-11T16:15:22.646978,158.976,can1  120  [04]  E0 E6 22 11
2025-10-11T16:15:23.620664,159.950,can1  110  [02]  70 17
2025-10-11T16:15:23.623893,159.953,can1  110  [02]  70 17
2025-10-11T16:15:23.627353,159.957,can1  100  [03]  BE E1 0A
2025-10-11T16:15:23.631224,159.961,can1  100  [03]  BE E1 0A
2025-10-11T16:15:23.634954,159.964,can1  120  [04]  80 85 B5 0D
2025-10-11T16:15:23.639496,159.969,can1  120  [04]  80 85 B5 0D
2025-10-11T16:15:24.604928,160.934,can1  110  [02]  88 13
2025-10-11T16:15:24.607872,160.937,can1  110  [02]  88 13
2025-10-11T16:15:24.611056,160.940,can1  100  [03]  0E 34 09
2025-10-11T16:15:24.613800,160.943,can1  100  [03]  0E 34 09
2025-10-11T16:15:24.616992,160.946,can1  120  [04]  20 24 48 0A
2025-10-11T16:15:24.621686,160.951,can1  120  [04]  20 24 48 0A
2025-10-11T16:15:25.607336,161.937,can1  110  [02]  B8 0B
2025-10-11T16:15:25.610494,161.940,can1  110  [02]  B8 0B
2025-10-11T16:15:25.614216,161.944,can1  100  [03]  5E 86 07
2025-10-11T16:15:25.617290,161.947,can1  100  [03]  5E 86 07
2025-10-11T16:15:25.622787,161.952,can1  120  [04]  C0 C2 DA 06
2025-10-11T16:15:25.626222,161.956,can1  120  [04]  C0 C2 DA 06
2025-10-11T16:15:27.588685,163.918,can1  110  [02]  D0 07
2025-10-11T16:15:27.593213,163.923,can1  110  [02]  D0 07
2025-10-11T16:15:27.595879,163.925,can1  100  [03]  AE D8 05
2025-10-11T16:15:27.598935,163.928,can1  100  [03]  AE D8 05
2025-10-11T16:15:27.603488,163.933,can1  120  [04]  60 61 6D 03
2025-10-11T16:15:27.606947,163.936,can1  120  [04]  60 61 6D 03
2025-10-11T16:15:28.572045,164.901,can1  110  [02]  B8 0B
2025-10-11T16:15:28.576687,164.906,can1  110  [02]  B8 0B
2025-10-11T16:15:28.581307,164.911,can1  100  [03]  5E 86 07
2025-10-11T16:15:28.585064,164.915,can1  100  [03]  5E 86 07
2025-10-11T16:15:28.590141,164.920,can1  120  [04]  C0 C2 DA 06
2025-10-11T16:15:28.595181,164.925,can1  120  [04]  C0 C2 DA 06
2025-10-11T16:15:29.569253,165.899,can1  110  [02]  88 13
2025-10-11T16:15:29.572081,165.902,can1  110  [02]  88 13
2025-10-11T16:15:29.576528,165.906,can1  100  [03]  0E 34 09
2025-10-11T16:15:29.579244,165.909,can1  100  [03]  0E 34 09
2025-10-11T16:15:29.583123,165.913,can1  120  [04]  20 24 48 0A
2025-10-11T16:15:29.586363,165.916,can1  120  [04]  20 24 48 0A
2025-10-11T16:15:31.553907,167.883,can1  110  [02]  70 17
2025-10-11T16:15:31.557017,167.886,can1  110  [02]  70 17
2025-10-11T16:15:31.559931,167.889,can1  100  [03]  BE E1 0A
2025-10-11T16:15:31.562747,167.892,can1  100  [03]  BE E1 0A
2025-10-11T16:15:31.565847,167.895,can1  120  [04]  80 85 B5 0D
2025-10-11T16:15:31.568721,167.898,can1  120  [04]  80 85 B5 0D
2025-10-11T16:15:32.435650,168.765,can1  110  [02]  40 1F
2025-10-11T16:15:32.439320,168.769,can1  110  [02]  40 1F
2025-10-11T16:15:32.442359,168.772,can1  100  [03]  6E 8F 0C
2025-10-11T16:15:32.445830,168.775,can1  100  [03]  6E 8F 0C
2025-10-11T16:15:32.449316,168.779,can1  120  [04]  E0 E6 22 11
2025-10-11T16:15:32.452410,168.782,can1  120  [04]  E0 E6 22 11
2025-10-11T16:15:33.316307,169.646,can1  110  [02]  28 23
2025-10-11T16:15:33.319987,169.649,can1  110  [02]  28 23
2025-10-11T16:15:33.324110,169.654,can1  100  [03]  1E 3D 0E
2025-10-11T16:15:33.327141,169.657,can1  100  [03]  1E 3D 0E
2025-10-11T16:15:33.331118,169.661,can1  120  [04]  40 48 90 14
2025-10-11T16:15:33.334264,169.664,can1  120  [04]  40 48 90 14
2025-10-11T16:15:34.515430,170.845,can1  110  [02]  10 27
2025-10-11T16:15:34.519090,170.849,can1  110  [02]  10 27
2025-10-11T16:15:34.525963,170.855,can1  100  [03]  CE EA 0F
2025-10-11T16:15:34.530075,170.860,can1  100  [03]  CE EA 0F
2025-10-11T16:15:35.718922,172.048,can1  120  [04]  A0 A9 FD 17
2025-10-11T16:15:35.722708,172.052,can1  120  [04]  A0 A9 FD 17
2025-10-11T16:15:35.728235,172.058,can1  110  [02]  E0 2E
2025-10-11T16:15:35.732642,172.062,can1  110  [02]  E0 2E
2025-10-11T16:15:36.703697,173.033,can1  100  [03]  7E 98 11
2025-10-11T16:15:36.707080,173.037,can1  100  [03]  7E 98 11
2025-10-11T16:15:36.710769,173.040,can1  120  [04]  00 0B 6B 1B
2025-10-11T16:15:36.715754,173.045,can1  120  [04]  00 0B 6B 1B
2025-10-11T16:15:37.576295,173.906,can1  110  [02]  C8 32
2025-10-11T16:15:37.580005,173.909,can1  110  [02]  C8 32
2025-10-11T16:15:37.584001,173.913,can1  100  [03]  2E 46 13
2025-10-11T16:15:37.587535,173.917,can1  100  [03]  2E 46 13
2025-10-11T16:15:37.592094,173.922,can1  120  [04]  60 6C D8 1E
2025-10-11T16:15:37.596833,173.926,can1  120  [04]  60 6C D8 1E
2025-10-11T16:15:38.665415,174.995,can1  110  [02]  E0 2E
2025-10-11T16:15:38.668205,174.998,can1  110  [02]  E0 2E
2025-10-11T16:15:38.670952,175.000,can1  100  [03]  7E 98 11
2025-10-11T16:15:38.674374,175.004,can1  100  [03]  7E 98 11
2025-10-11T16:15:38.677527,175.007,can1  120  [04]  00 0B 6B 1B
2025-10-11T16:15:38.680935,175.010,can1  120  [04]  00 0B 6B 1B
2025-10-11T16:15:39.769041,176.098,can1  110  [02]  10 27
2025-10-11T16:15:39.771691,176.101,can1  110  [02]  10 27
2025-10-11T16:15:39.775124,176.105,can1  100  [03]  CE EA 0F
2025-10-11T16:15:39.777985,176.107,can1  100  [03]  CE EA 0F
2025-10-11T16:15:39.781293,176.111,can1  120  [04]  A0 A9 FD 17
2025-10-11T16:15:39.783827,176.113,can1  120  [04]  A0 A9 FD 17
2025-10-11T16:15:41.299808,177.629,can1  110  [02]  28 23
2025-10-11T16:15:41.302596,177.632,can1  110  [02]  28 23
2025-10-11T16:15:41.306777,177.636,can1  100  [03]  1E 3D 0E
2025-10-11T16:15:41.309791,177.639,can1  100  [03]  1E 3D 0E
2025-10-11T16:15:41.313190,177.643,can1  120  [04]  40 48 90 14
2025-10-11T16:15:41.315794,177.645,can1  120  [04]  40 48 90 14
2025-10-11T16:15:42.401948,178.731,can1  110  [02]  40 1F
2025-10-11T16:15:42.404700,178.734,can1  110  [02]  40 1F
2025-10-11T16:15:42.406947,178.736,can1  100  [03]  6E 8F 0C
2025-10-11T16:15:42.409977,178.739,can1  100  [03]  6E 8F 0C
2025-10-11T16:15:42.412734,178.742,can1  120  [04]  E0 E6 22 11
2025-10-11T16:15:42.415930,178.745,can1  120  [04]  E0 E6 22 11
2025-10-11T16:15:43.518602,179.848,can1  110  [02]  70 17
2025-10-11T16:15:43.522022,179.851,can1  110  [02]  70 17
2025-10-11T16:15:44.065980,180.395,can1  100  [03]  BE E1 0A
2025-10-11T16:15:44.069179,180.399,can1  100  [03]  BE E1 0A
2025-10-11T16:15:44.071887,180.401,can1  120  [04]  80 85 B5 0D
2025-10-11T16:15:44.075488,180.405,can1  120  [04]  80 85 B5 0D
2025-10-11T16:15:44.719043,181.048,can1  110  [02]  88 13
2025-10-11T16:15:44.721898,181.051,can1  110  [02]  88 13
2025-10-11T16:15:45.385475,181.715,can1  100  [03]  0E 34 09
2025-10-11T16:15:45.388364,181.718,can1  100  [03]  0E 34 09
2025-10-11T16:15:45.390777,181.720,can1  120  [04]  20 24 48 0A
2025-10-11T16:15:45.394086,181.724,can1  120  [04]  20 24 48 0A
2025-10-11T16:15:46.485337,182.815,can1  110  [02]  B8 0B
2025-10-11T16:15:46.487989,182.817,can1  110  [02]  B8 0B
2025-10-11T16:15:46.490647,182.820,can1  100  [03]  5E 86 07
2025-10-11T16:15:46.494086,182.824,can1  100  [03]  5E 86 07
2025-10-11T16:15:46.498129,182.828,can1  120  [04]  C0 C2 DA 06
2025-10-11T16:15:46.501360,182.831,can1  120  [04]  C0 C2 DA 06
2025-10-11T16:15:47.571367,183.901,can1  110  [02]  D0 07
2025-10-11T16:15:47.574314,183.904,can1  110  [02]  D0 07
2025-10-11T16:15:47.577063,183.906,can1  100  [03]  AE D8 05
2025-10-11T16:15:47.580372,183.910,can1  100  [03]  AE D8 05
2025-10-11T16:15:47.582929,183.912,can1  120  [04]  60 61 6D 03
2025-10-11T16:15:47.588708,183.918,can1  120  [04]  60 61 6D 03
2025-10-11T16:15:48.686602,185.016,can1  110  [02]  B8 0B
2025-10-11T16:15:48.689418,185.019,can1  110  [02]  B8 0B
2025-10-11T16:15:48.692170,185.022,can1  100  [03]  5E 86 07
2025-10-11T16:15:48.697961,185.027,can1  100  [03]  5E 86 07
2025-10-11T16:15:49.457687,185.787,can1  120  [04]  C0 C2 DA 06
2025-10-11T16:15:49.459983,185.789,can1  120  [04]  C0 C2 DA 06
2025-10-11T16:15:50.103634,186.433,can1  110  [02]  88 13
2025-10-11T16:15:50.106038,186.435,can1  110  [02]  88 13
2025-10-11T16:15:50.108691,186.438,can1  100  [03]  0E 34 09
2025-10-11T16:15:50.112070,186.441,can1  100  [03]  0E 34 09
2025-10-11T16:15:50.869884,187.199,can1  120  [04]  20 24 48 0A
2025-10-11T16:15:50.873168,187.203,can1  120  [04]  20 24 48 0A
2025-10-11T16:15:51.745806,188.075,can1  110  [02]  70 17
2025-10-11T16:15:51.748624,188.078,can1  110  [02]  70 17
2025-10-11T16:15:51.751962,188.081,can1  100  [03]  BE E1 0A
2025-10-11T16:15:51.755636,188.085,can1  100  [03]  BE E1 0A
2025-10-11T16:15:51.759019,188.088,can1  120  [04]  80 85 B5 0D
2025-10-11T16:15:51.763063,188.092,can1  120  [04]  80 85 B5 0D
2025-10-11T16:15:52.619628,188.949,can1  110  [02]  40 1F
2025-10-11T16:15:52.622045,188.951,can1  110  [02]  40 1F
2025-10-11T16:15:53.621925,189.951,can1  100  [03]  6E 8F 0C
2025-10-11T16:15:53.624866,189.954,can1  100  [03]  6E 8F 0C
2025-10-11T16:15:53.628709,189.958,can1  120  [04]  E0 E6 22 11
2025-10-11T16:15:53.631736,189.961,can1  120  [04]  E0 E6 22 11
2025-10-11T16:15:54.492839,190.822,can1  110  [02]  28 23
2025-10-11T16:15:54.495808,190.825,can1  110  [02]  28 23
2025-10-11T16:15:54.499869,190.829,can1  100  [03]  1E 3D 0E
2025-10-11T16:15:54.505059,190.834,can1  100  [03]  1E 3D 0E
2025-10-11T16:15:54.508970,190.838,can1  120  [04]  40 48 90 14
2025-10-11T16:15:54.512579,190.842,can1  120  [04]  40 48 90 14
2025-10-11T16:15:55.589959,191.919,can1  110  [02]  10 27
2025-10-11T16:15:55.595276,191.925,can1  110  [02]  10 27
2025-10-11T16:15:55.599419,191.929,can1  100  [03]  CE EA 0F
2025-10-11T16:15:55.604093,191.934,can1  100  [03]  CE EA 0F
2025-10-11T16:15:55.609018,191.938,can1  120  [04]  A0 A9 FD 17
2025-10-11T16:15:55.613877,191.943,can1  120  [04]  A0 A9 FD 17
2025-10-11T16:15:56.468595,192.798,can1  110  [02]  E0 2E
2025-10-11T16:15:56.471425,192.801,can1  110  [02]  E0 2E
2025-10-11T16:15:56.907461,193.237,can1  100  [03]  7E 98 11
2025-10-11T16:15:56.909857,193.239,can1  100  [03]  7E 98 11
2025-10-11T16:15:56.912608,193.242,can1  120  [04]  00 0B 6B 1B
2025-10-11T16:15:56.915976,193.245,can1  120  [04]  00 0B 6B 1B
2025-10-11T16:15:58.234780,194.564,can1  110  [02]  C8 32
2025-10-11T16:15:58.238068,194.567,can1  110  [02]  C8 32
2025-10-11T16:15:58.241476,194.571,can1  100  [03]  2E 46 13
2025-10-11T16:15:58.244707,194.574,can1  100  [03]  2E 46 13
2025-10-11T16:15:58.248290,194.578,can1  120  [04]  60 6C D8 1E
2025-10-11T16:15:58.251509,194.581,can1  120  [04]  60 6C D8 1E
2025-10-11T16:15:59.221538,195.551,can1  110  [02]  E0 2E
2025-10-11T16:15:59.224765,195.554,can1  110  [02]  E0 2E
2025-10-11T16:15:59.228674,195.558,can1  100  [03]  7E 98 11
2025-10-11T16:15:59.231501,195.561,can1  100  [03]  7E 98 11
2025-10-11T16:16:00.198434,196.528,can1  120  [04]  00 0B 6B 1B
2025-10-11T16:16:00.201447,196.531,can1  120  [04]  00 0B 6B 1B
2025-10-11T16:16:01.074761,197.404,can1  110  [02]  10 27
2025-10-11T16:16:01.078125,197.408,can1  110  [02]  10 27
2025-10-11T16:16:01.081161,197.411,can1  100  [03]  CE EA 0F
2025-10-11T16:16:01.084504,197.414,can1  100  [03]  CE EA 0F
2025-10-11T16:16:01.088966,197.418,can1  120  [04]  A0 A9 FD 17
2025-10-11T16:16:01.093313,197.423,can1  120  [04]  A0 A9 FD 17
2025-10-11T16:16:01.968393,198.298,can1  110  [02]  28 23
2025-10-11T16:16:01.971348,198.301,can1  110  [02]  28 23
2025-10-11T16:16:01.975366,198.305,can1  100  [03]  1E 3D 0E
2025-10-11T16:16:01.979596,198.309,can1  100  [03]  1E 3D 0E
2025-10-11T16:16:01.983100,198.313,can1  120  [04]  40 48 90 14
2025-10-11T16:16:01.986281,198.316,can1  120  [04]  40 48 90 14
2025-10-11T16:16:03.716774,200.046,can1  110  [02]  40 1F
2025-10-11T16:16:03.719899,200.049,can1  110  [02]  40 1F
2025-10-11T16:16:03.723145,200.053,can1  100  [03]  6E 8F 0C
2025-10-11T16:16:03.726187,200.056,can1  100  [03]  6E 8F 0C
2025-10-11T16:16:03.730508,200.060,can1  120  [04]  E0 E6 22 11
2025-10-11T16:16:03.734428,200.064,can1  120  [04]  E0 E6 22 11
2025-10-11T16:16:05.685719,202.015,can1  110  [02]  70 17
2025-10-11T16:16:05.688742,202.018,can1  110  [02]  70 17
2025-10-11T16:16:05.691969,202.021,can1  100  [03]  BE E1 0A
2025-10-11T16:16:05.695018,202.024,can1  100  [03]  BE E1 0A
2025-10-11T16:16:05.698582,202.028,can1  120  [04]  80 85 B5 0D
2025-10-11T16:16:05.702005,202.031,can1  120  [04]  80 85 B5 0D
2025-10-11T16:16:06.669913,202.999,can1  110  [02]  88 13
2025-10-11T16:16:06.672847,203.002,can1  110  [02]  88 13
2025-10-11T16:16:06.676321,203.006,can1  100  [03]  0E 34 09
2025-10-11T16:16:06.678989,203.008,can1  100  [03]  0E 34 09
2025-10-11T16:16:06.682406,203.012,can1  120  [04]  20 24 48 0A
2025-10-11T16:16:06.686123,203.016,can1  120  [04]  20 24 48 0A
2025-10-11T16:16:07.655329,203.985,can1  110  [02]  B8 0B
2025-10-11T16:16:07.658035,203.987,can1  110  [02]  B8 0B
2025-10-11T16:16:08.536824,204.866,can1  100  [03]  5E 86 07
2025-10-11T16:16:08.539320,204.869,can1  100  [03]  5E 86 07
2025-10-11T16:16:08.543453,204.873,can1  120  [04]  C0 C2 DA 06
2025-10-11T16:16:08.546306,204.876,can1  120  [04]  C0 C2 DA 06
2025-10-11T16:16:09.622434,205.952,can1  110  [02]  D0 07
2025-10-11T16:16:09.626143,205.956,can1  110  [02]  D0 07
2025-10-11T16:16:09.629357,205.959,can1  100  [03]  AE D8 05
2025-10-11T16:16:09.632894,205.962,can1  100  [03]  AE D8 05
2025-10-11T16:16:09.636470,205.966,can1  120  [04]  60 61 6D 03
2025-10-11T16:16:09.641290,205.971,can1  120  [04]  60 61 6D 03
2025-10-11T16:16:10.603219,206.933,can1  110  [02]  B8 0B
2025-10-11T16:16:10.606259,206.936,can1  110  [02]  B8 0B
2025-10-11T16:16:10.609338,206.939,can1  100  [03]  5E 86 07
2025-10-11T16:16:10.613423,206.943,can1  100  [03]  5E 86 07
2025-10-11T16:16:10.617003,206.946,can1  120  [04]  C0 C2 DA 06
2025-10-11T16:16:10.622555,206.952,can1  120  [04]  C0 C2 DA 06
2025-10-11T16:16:11.696546,208.026,can1  110  [02]  88 13
2025-10-11T16:16:11.699603,208.029,can1  110  [02]  88 13
2025-10-11T16:16:11.704313,208.034,can1  100  [03]  0E 34 09
2025-10-11T16:16:11.709731,208.039,can1  100  [03]  0E 34 09
2025-10-11T16:16:11.713352,208.043,can1  120  [04]  20 24 48 0A
2025-10-11T16:16:11.716429,208.046,can1  120  [04]  20 24 48 0A
2025-10-11T16:16:12.818864,209.148,can1  110  [02]  70 17
2025-10-11T16:16:12.823897,209.153,can1  110  [02]  70 17
2025-10-11T16:16:12.827719,209.157,can1  100  [03]  BE E1 0A
2025-10-11T16:16:12.831160,209.161,can1  100  [03]  BE E1 0A
2025-10-11T16:16:13.353385,209.683,can1  120  [04]  80 85 B5 0D
2025-10-11T16:16:13.355964,209.685,can1  120  [04]  80 85 B5 0D
2025-10-11T16:16:14.253220,210.583,can1  110  [02]  40 1F
2025-10-11T16:16:14.255837,210.585,can1  110  [02]  40 1F
2025-10-11T16:16:14.258572,210.588,can1  100  [03]  6E 8F 0C
2025-10-11T16:16:14.262155,210.592,can1  100  [03]  6E 8F 0C
2025-10-11T16:16:14.688197,211.018,can1  120  [04]  E0 E6 22 11
2025-10-11T16:16:14.690505,211.020,can1  120  [04]  E0 E6 22 11
2025-10-11T16:16:15.669839,211.999,can1  110  [02]  28 23
2025-10-11T16:16:15.672454,212.002,can1  110  [02]  28 23
2025-10-11T16:16:15.675463,212.005,can1  100  [03]  1E 3D 0E
2025-10-11T16:16:15.678438,212.008,can1  100  [03]  1E 3D 0E
2025-10-11T16:16:15.680906,212.010,can1  120  [04]  40 48 90 14
2025-10-11T16:16:15.684322,212.014,can1  120  [04]  40 48 90 14
2025-10-11T16:16:17.213683,213.543,can1  110  [02]  10 27
2025-10-11T16:16:17.216213,213.546,can1  110  [02]  10 27
2025-10-11T16:16:17.218690,213.548,can1  100  [03]  CE EA 0F
2025-10-11T16:16:17.222077,213.552,can1  100  [03]  CE EA 0F
2025-10-11T16:16:17.225568,213.555,can1  120  [04]  A0 A9 FD 17
2025-10-11T16:16:17.228377,213.558,can1  120  [04]  A0 A9 FD 17
2025-10-11T16:16:18.204315,214.534,can1  110  [02]  E0 2E
2025-10-11T16:16:18.207553,214.537,can1  110  [02]  E0 2E
2025-10-11T16:16:18.211753,214.541,can1  100  [03]  7E 98 11
2025-10-11T16:16:18.215598,214.545,can1  100  [03]  7E 98 11
2025-10-11T16:16:18.747129,215.077,can1  120  [04]  00 0B 6B 1B
2025-10-11T16:16:18.749532,215.079,can1  120  [04]  00 0B 6B 1B
2025-10-11T16:16:19.731075,216.061,can1  110  [02]  C8 32
2025-10-11T16:16:19.734401,216.064,can1  110  [02]  C8 32
2025-10-11T16:16:19.738493,216.068,can1  100  [03]  2E 46 13
2025-10-11T16:16:19.741732,216.071,can1  100  [03]  2E 46 13
2025-10-11T16:16:19.744947,216.074,can1  120  [04]  60 6C D8 1E
2025-10-11T16:16:19.749081,216.079,can1  120  [04]  60 6C D8 1E
2025-10-11T16:16:20.820738,217.150,can1  110  [02]  E0 2E
2025-10-11T16:16:20.825254,217.155,can1  110  [02]  E0 2E
2025-10-11T16:16:20.828485,217.158,can1  100  [03]  7E 98 11
2025-10-11T16:16:20.832837,217.162,can1  100  [03]  7E 98 11
2025-10-11T16:16:21.377523,217.707,can1  120  [04]  00 0B 6B 1B
2025-10-11T16:16:21.380250,217.710,can1  120  [04]  00 0B 6B 1B
2025-10-11T16:16:22.461213,218.791,can1  110  [02]  10 27
2025-10-11T16:16:22.463707,218.793,can1  110  [02]  10 27
2025-10-11T16:16:22.466125,218.796,can1  100  [03]  CE EA 0F
2025-10-11T16:16:22.469034,218.798,can1  100  [03]  CE EA 0F
2025-10-11T16:16:22.471890,218.801,can1  120  [04]  A0 A9 FD 17
2025-10-11T16:16:22.474746,218.804,can1  120  [04]  A0 A9 FD 17
2025-10-11T16:16:23.554097,219.884,can1  110  [02]  28 23
2025-10-11T16:16:23.557406,219.887,can1  110  [02]  28 23
2025-10-11T16:16:23.560202,219.890,can1  100  [03]  1E 3D 0E
2025-10-11T16:16:23.563192,219.893,can1  100  [03]  1E 3D 0E
2025-10-11T16:16:23.565959,219.895,can1  120  [04]  40 48 90 14
2025-10-11T16:16:23.569143,219.899,can1  120  [04]  40 48 90 14
2025-10-11T16:16:24.871223,221.201,can1  110  [02]  40 1F
2025-10-11T16:16:24.874494,221.204,can1  110  [02]  40 1F
2025-10-11T16:16:24.877081,221.207,can1  100  [03]  6E 8F 0C
2025-10-11T16:16:24.880675,221.210,can1  100  [03]  6E 8F 0C
2025-10-11T16:16:24.884620,221.214,can1  120  [04]  E0 E6 22 11
2025-10-11T16:16:24.888088,221.218,can1  120  [04]  E0 E6 22 11
2025-10-11T16:16:25.892477,222.222,can1  110  [02]  70 17
2025-10-11T16:16:25.895690,222.225,can1  110  [02]  70 17
2025-10-11T16:16:25.899324,222.229,can1  100  [03]  BE E1 0A
2025-10-11T16:16:25.902750,222.232,can1  100  [03]  BE E1 0A
2025-10-11T16:16:26.403519,222.733,can1  120  [04]  80 85 B5 0D
2025-10-11T16:16:26.405994,222.735,can1  120  [04]  80 85 B5 0D
2025-10-11T16:16:27.387215,223.717,can1  110  [02]  88 13
2025-10-11T16:16:27.389485,223.719,can1  110  [02]  88 13
2025-10-11T16:16:27.391786,223.721,can1  100  [03]  0E 34 09
2025-10-11T16:16:27.395009,223.724,can1  100  [03]  0E 34 09
2025-10-11T16:16:27.397483,223.727,can1  120  [04]  20 24 48 0A
2025-10-11T16:16:27.400656,223.730,can1  120  [04]  20 24 48 0A
2025-10-11T16:16:28.426167,224.756,can1  110  [02]  B8 0B
2025-10-11T16:16:28.430551,224.760,can1  110  [02]  B8 0B
2025-10-11T16:16:28.448014,224.777,can1  100  [03]  5E 86 07
2025-10-11T16:16:28.448155,224.778,can1  100  [03]  5E 86 07
2025-10-11T16:16:29.032752,225.362,can1  120  [04]  C0 C2 DA 06
2025-10-11T16:16:29.035539,225.365,can1  120  [04]  C0 C2 DA 06
2025-10-11T16:16:29.573897,225.903,can1  110  [02]  D0 07
2025-10-11T16:16:29.576508,225.906,can1  110  [02]  D0 07
2025-10-11T16:16:30.125192,226.455,can1  100  [03]  AE D8 05
2025-10-11T16:16:30.127651,226.457,can1  100  [03]  AE D8 05
2025-10-11T16:16:30.130061,226.459,can1  120  [04]  60 61 6D 03
2025-10-11T16:16:30.133216,226.463,can1  120  [04]  60 61 6D 03
2025-10-11T16:16:31.138295,227.468,can1  110  [02]  B8 0B
2025-10-11T16:16:31.140946,227.470,can1  110  [02]  B8 0B
2025-10-11T16:16:31.143228,227.473,can1  100  [03]  5E 86 07
2025-10-11T16:16:31.146182,227.476,can1  100  [03]  5E 86 07
2025-10-11T16:16:31.149146,227.479,can1  120  [04]  C0 C2 DA 06
2025-10-11T16:16:31.153635,227.483,can1  120  [04]  C0 C2 DA 06
2025-10-11T16:16:32.240196,228.570,can1  110  [02]  88 13
2025-10-11T16:16:32.242869,228.572,can1  110  [02]  88 13
2025-10-11T16:16:32.245135,228.575,can1  100  [03]  0E 34 09
2025-10-11T16:16:32.248401,228.578,can1  100  [03]  0E 34 09
2025-10-11T16:16:32.801048,229.130,can1  120  [04]  20 24 48 0A
2025-10-11T16:16:32.803599,229.133,can1  120  [04]  20 24 48 0A
2025-10-11T16:16:33.905099,230.235,can1  110  [02]  70 17
2025-10-11T16:16:33.908191,230.238,can1  110  [02]  70 17
2025-10-11T16:16:33.911077,230.241,can1  100  [03]  BE E1 0A
2025-10-11T16:16:33.914580,230.244,can1  100  [03]  BE E1 0A
2025-10-11T16:16:33.918834,230.248,can1  120  [04]  80 85 B5 0D
2025-10-11T16:16:33.922706,230.252,can1  120  [04]  80 85 B5 0D
2025-10-11T16:16:35.001733,231.331,can1  110  [02]  40 1F
2025-10-11T16:16:35.004414,231.334,can1  110  [02]  40 1F
2025-10-11T16:16:35.008019,231.337,can1  100  [03]  6E 8F 0C
2025-10-11T16:16:35.011013,231.340,can1  100  [03]  6E 8F 0C
2025-10-11T16:16:35.014262,231.344,can1  120  [04]  E0 E6 22 11
2025-10-11T16:16:35.018031,231.347,can1  120  [04]  E0 E6 22 11
2025-10-11T16:16:36.207043,232.536,can1  110  [02]  28 23
2025-10-11T16:16:36.209857,232.539,can1  110  [02]  28 23
2025-10-11T16:16:36.212793,232.542,can1  100  [03]  1E 3D 0E
2025-10-11T16:16:36.216001,232.545,can1  100  [03]  1E 3D 0E
2025-10-11T16:16:36.755761,233.085,can1  120  [04]  40 48 90 14
2025-10-11T16:16:36.759994,233.089,can1  120  [04]  40 48 90 14
2025-10-11T16:16:37.289563,233.619,can1  110  [02]  10 27
2025-10-11T16:16:37.292419,233.622,can1  110  [02]  10 27
2025-10-11T16:16:37.854841,234.184,can1  100  [03]  CE EA 0F
2025-10-11T16:16:37.858424,234.188,can1  100  [03]  CE EA 0F
2025-10-11T16:16:37.862302,234.192,can1  120  [04]  A0 A9 FD 17
2025-10-11T16:16:37.866222,234.196,can1  120  [04]  A0 A9 FD 17
2025-10-11T16:16:38.522121,234.852,can1  110  [02]  E0 2E
2025-10-11T16:16:38.524988,234.854,can1  110  [02]  E0 2E
2025-10-11T16:16:39.055318,235.385,can1  100  [03]  7E 98 11
2025-10-11T16:16:39.058368,235.388,can1  100  [03]  7E 98 11
2025-10-11T16:16:39.062178,235.392,can1  120  [04]  00 0B 6B 1B
2025-10-11T16:16:39.065262,235.395,can1  120  [04]  00 0B 6B 1B
2025-10-11T16:16:40.368582,236.698,can1  110  [02]  C8 32
2025-10-11T16:16:40.371571,236.701,can1  110  [02]  C8 32
2025-10-11T16:16:40.375025,236.704,can1  100  [03]  2E 46 13
2025-10-11T16:16:40.378006,236.707,can1  100  [03]  2E 46 13
2025-10-11T16:16:40.381471,236.711,can1  120  [04]  60 6C D8 1E
2025-10-11T16:16:40.385137,236.715,can1  120  [04]  60 6C D8 1E
2025-10-11T16:16:41.469041,237.798,can1  110  [02]  E0 2E
2025-10-11T16:16:41.472161,237.802,can1  110  [02]  E0 2E
2025-10-11T16:16:41.475061,237.804,can1  100  [03]  7E 98 11
2025-10-11T16:16:41.478467,237.808,can1  100  [03]  7E 98 11
2025-10-11T16:16:41.482025,237.811,can1  120  [04]  00 0B 6B 1B
2025-10-11T16:16:41.484884,237.814,can1  120  [04]  00 0B 6B 1B
2025-10-11T16:16:42.556271,238.886,can1  110  [02]  10 27
2025-10-11T16:16:42.559789,238.889,can1  110  [02]  10 27
2025-10-11T16:16:42.563351,238.893,can1  100  [03]  CE EA 0F
2025-10-11T16:16:42.569072,238.898,can1  100  [03]  CE EA 0F
2025-10-11T16:16:43.102770,239.432,can1  120  [04]  A0 A9 FD 17
2025-10-11T16:16:43.105413,239.435,can1  120  [04]  A0 A9 FD 17
2025-10-11T16:16:43.660054,239.989,can1  110  [02]  28 23
2025-10-11T16:16:43.662739,239.992,can1  110  [02]  28 23
2025-10-11T16:16:44.193881,240.523,can1  100  [03]  1E 3D 0E
2025-10-11T16:16:44.197216,240.527,can1  100  [03]  1E 3D 0E
2025-10-11T16:16:44.200662,240.530,can1  120  [04]  40 48 90 14
2025-10-11T16:16:44.203796,240.533,can1  120  [04]  40 48 90 14
2025-10-11T16:16:45.302266,241.632,can1  110  [02]  40 1F
2025-10-11T16:16:45.305430,241.635,can1  110  [02]  40 1F
2025-10-11T16:16:45.310300,241.640,can1  100  [03]  6E 8F 0C
2025-10-11T16:16:45.312998,241.642,can1  100  [03]  6E 8F 0C
2025-10-11T16:16:45.316810,241.646,can1  120  [04]  E0 E6 22 11
2025-10-11T16:16:45.320345,241.650,can1  120  [04]  E0 E6 22 11
2025-10-11T16:16:46.405421,242.735,can1  110  [02]  70 17
2025-10-11T16:16:46.408376,242.738,can1  110  [02]  70 17
2025-10-11T16:16:46.411527,242.741,can1  100  [03]  BE E1 0A
2025-10-11T16:16:46.414873,242.744,can1  100  [03]  BE E1 0A
2025-10-11T16:16:47.056735,243.386,can1  120  [04]  80 85 B5 0D
2025-10-11T16:16:47.060795,243.390,can1  120  [04]  80 85 B5 0D
2025-10-11T16:16:47.822165,244.152,can1  110  [02]  88 13
2025-10-11T16:16:47.826555,244.156,can1  110  [02]  88 13
2025-10-11T16:16:47.830673,244.160,can1  100  [03]  0E 34 09
2025-10-11T16:16:47.833209,244.163,can1  100  [03]  0E 34 09
2025-10-11T16:16:47.837610,244.167,can1  120  [04]  20 24 48 0A
2025-10-11T16:16:47.841747,244.171,can1  120  [04]  20 24 48 0A
2025-10-11T16:16:49.038579,245.368,can1  110  [02]  B8 0B
2025-10-11T16:16:49.041406,245.371,can1  110  [02]  B8 0B
2025-10-11T16:16:49.044227,245.374,can1  100  [03]  5E 86 07
2025-10-11T16:16:49.047567,245.377,can1  100  [03]  5E 86 07
2025-10-11T16:16:49.604007,245.933,can1  120  [04]  C0 C2 DA 06
2025-10-11T16:16:49.607027,245.936,can1  120  [04]  C0 C2 DA 06
2025-10-11T16:16:50.158541,246.488,can1  110  [02]  D0 07
2025-10-11T16:16:50.161663,246.491,can1  110  [02]  D0 07
2025-10-11T16:16:50.816967,247.146,can1  100  [03]  AE D8 05
2025-10-11T16:16:50.819582,247.149,can1  100  [03]  AE D8 05
2025-10-11T16:16:50.822085,247.152,can1  120  [04]  60 61 6D 03
2025-10-11T16:16:50.825367,247.155,can1  120  [04]  60 61 6D 03
2025-10-11T16:16:51.360236,247.690,can1  110  [02]  B8 0B
2025-10-11T16:16:51.362781,247.692,can1  110  [02]  B8 0B
2025-10-11T16:16:51.905161,248.235,can1  100  [03]  5E 86 07
2025-10-11T16:16:51.909044,248.238,can1  100  [03]  5E 86 07
2025-10-11T16:16:51.913253,248.243,can1  120  [04]  C0 C2 DA 06
2025-10-11T16:16:51.917392,248.247,can1  120  [04]  C0 C2 DA 06
2025-10-11T16:16:53.328267,249.658,can1  110  [02]  88 13
2025-10-11T16:16:53.331110,249.661,can1  110  [02]  88 13
2025-10-11T16:16:53.335454,249.665,can1  100  [03]  0E 34 09
2025-10-11T16:16:53.339142,249.669,can1  100  [03]  0E 34 09
2025-10-11T16:16:53.342480,249.672,can1  120  [04]  20 24 48 0A
2025-10-11T16:16:53.346500,249.676,can1  120  [04]  20 24 48 0A
2025-10-11T16:16:54.309016,250.638,can1  110  [02]  70 17
2025-10-11T16:16:54.314197,250.644,can1  110  [02]  70 17
2025-10-11T16:16:54.352567,250.682,can1  100  [03]  BE E1 0A
2025-10-11T16:16:54.356472,250.686,can1  100  [03]  BE E1 0A
2025-10-11T16:16:54.360092,250.690,can1  120  [04]  80 85 B5 0D
2025-10-11T16:16:54.363382,250.693,can1  120  [04]  80 85 B5 0D
2025-10-11T16:16:55.286845,251.616,can1  110  [02]  40 1F
2025-10-11T16:16:55.289864,251.619,can1  110  [02]  40 1F
2025-10-11T16:16:55.293502,251.623,can1  100  [03]  6E 8F 0C
2025-10-11T16:16:55.295886,251.625,can1  100  [03]  6E 8F 0C
2025-10-11T16:16:56.163867,252.493,can1  120  [04]  E0 E6 22 11
2025-10-11T16:16:56.166839,252.496,can1  120  [04]  E0 E6 22 11
2025-10-11T16:16:57.066220,253.396,can1  110  [02]  28 23
2025-10-11T16:16:57.069624,253.399,can1  110  [02]  28 23
2025-10-11T16:16:57.073131,253.403,can1  100  [03]  1E 3D 0E
2025-10-11T16:16:57.076164,253.406,can1  100  [03]  1E 3D 0E
2025-10-11T16:16:57.079864,253.409,can1  120  [04]  40 48 90 14
2025-10-11T16:16:57.083223,253.413,can1  120  [04]  40 48 90 14
2025-10-11T16:16:57.955159,254.285,can1  110  [02]  10 27
2025-10-11T16:16:57.958134,254.288,can1  110  [02]  10 27
2025-10-11T16:16:57.960776,254.290,can1  100  [03]  CE EA 0F
2025-10-11T16:16:57.964711,254.294,can1  100  [03]  CE EA 0F
2025-10-11T16:16:57.968555,254.298,can1  120  [04]  A0 A9 FD 17
2025-10-11T16:16:57.971960,254.301,can1  120  [04]  A0 A9 FD 17
2025-10-11T16:16:59.695111,256.025,can1  110  [02]  E0 2E
2025-10-11T16:16:59.698161,256.028,can1  110  [02]  E0 2E
2025-10-11T16:16:59.702320,256.032,can1  100  [03]  7E 98 11
2025-10-11T16:16:59.705151,256.035,can1  100  [03]  7E 98 11
2025-10-11T16:16:59.709264,256.039,can1  120  [04]  00 0B 6B 1B
2025-10-11T16:16:59.712793,256.042,can1  120  [04]  00 0B 6B 1B
2025-10-11T16:17:00.570794,256.900,can1  110  [02]  C8 32
2025-10-11T16:17:00.573967,256.903,can1  110  [02]  C8 32
2025-10-11T16:17:00.577098,256.907,can1  100  [03]  2E 46 13
2025-10-11T16:17:00.580361,256.910,can1  100  [03]  2E 46 13
2025-10-11T16:17:00.583795,256.913,can1  120  [04]  60 6C D8 1E
2025-10-11T16:17:00.587263,256.917,can1  120  [04]  60 6C D8 1E
2025-10-11T16:17:02.324814,258.654,can1  110  [02]  E0 2E
2025-10-11T16:17:02.327291,258.657,can1  110  [02]  E0 2E
2025-10-11T16:17:02.330221,258.660,can1  100  [03]  7E 98 11
2025-10-11T16:17:02.333276,258.663,can1  100  [03]  7E 98 11
2025-10-11T16:17:02.336927,258.666,can1  120  [04]  00 0B 6B 1B
2025-10-11T16:17:02.340395,258.670,can1  120  [04]  00 0B 6B 1B
2025-10-11T16:17:03.205811,259.535,can1  110  [02]  10 27
2025-10-11T16:17:03.208771,259.538,can1  110  [02]  10 27
2025-10-11T16:17:03.212509,259.542,can1  100  [03]  CE EA 0F
2025-10-11T16:17:03.215012,259.544,can1  100  [03]  CE EA 0F
2025-10-11T16:17:03.218693,259.548,can1  120  [04]  A0 A9 FD 17
2025-10-11T16:17:03.222325,259.552,can1  120  [04]  A0 A9 FD 17
2025-10-11T16:17:04.304776,260.634,can1  110  [02]  28 23
2025-10-11T16:17:04.308139,260.638,can1  110  [02]  28 23
2025-10-11T16:17:04.312371,260.642,can1  100  [03]  1E 3D 0E
2025-10-11T16:17:04.315704,260.645,can1  100  [03]  1E 3D 0E
2025-10-11T16:17:04.319063,260.648,can1  120  [04]  40 48 90 14
2025-10-11T16:17:04.323601,260.653,can1  120  [04]  40 48 90 14
2025-10-11T16:17:05.419375,261.749,can1  110  [02]  40 1F
2025-10-11T16:17:05.422539,261.752,can1  110  [02]  40 1F
2025-10-11T16:17:06.288934,262.618,can1  100  [03]  6E 8F 0C
2025-10-11T16:17:06.292127,262.622,can1  100  [03]  6E 8F 0C
2025-10-11T16:17:06.295376,262.625,can1  120  [04]  E0 E6 22 11
2025-10-11T16:17:06.298371,262.628,can1  120  [04]  E0 E6 22 11
2025-10-11T16:17:07.275154,263.605,can1  110  [02]  70 17
2025-10-11T16:17:07.279965,263.609,can1  110  [02]  70 17
2025-10-11T16:17:07.283896,263.613,can1  100  [03]  BE E1 0A
2025-10-11T16:17:07.286998,263.616,can1  100  [03]  BE E1 0A
2025-10-11T16:17:07.290478,263.620,can1  120  [04]  80 85 B5 0D
2025-10-11T16:17:07.293885,263.623,can1  120  [04]  80 85 B5 0D
2025-10-11T16:17:08.171708,264.501,can1  110  [02]  88 13
2025-10-11T16:17:08.174648,264.504,can1  110  [02]  88 13
2025-10-11T16:17:09.054732,265.384,can1  100  [03]  0E 34 09
2025-10-11T16:17:09.058162,265.388,can1  100  [03]  0E 34 09
2025-10-11T16:17:09.062501,265.392,can1  120  [04]  20 24 48 0A
2025-10-11T16:17:09.065419,265.395,can1  120  [04]  20 24 48 0A
2025-10-11T16:17:09.939023,266.268,can1  110  [02]  B8 0B
2025-10-11T16:17:09.941833,266.271,can1  110  [02]  B8 0B
2025-10-11T16:17:09.944786,266.274,can1  100  [03]  5E 86 07
2025-10-11T16:17:09.948287,266.278,can1  100  [03]  5E 86 07
2025-10-11T16:17:09.952348,266.282,can1  120  [04]  C0 C2 DA 06
2025-10-11T16:17:09.955617,266.285,can1  120  [04]  C0 C2 DA 06
2025-10-11T16:17:10.820969,267.150,can1  110  [02]  D0 07
2025-10-11T16:17:10.824195,267.154,can1  110  [02]  D0 07
2025-10-11T16:17:11.719457,268.049,can1  100  [03]  AE D8 05
2025-10-11T16:17:11.722399,268.052,can1  100  [03]  AE D8 05
2025-10-11T16:17:11.725016,268.054,can1  120  [04]  60 61 6D 03
2025-10-11T16:17:11.728874,268.058,can1  120  [04]  60 61 6D 03
2025-10-11T16:17:12.505631,268.835,can1  110  [02]  B8 0B
2025-10-11T16:17:12.508864,268.838,can1  110  [02]  B8 0B
2025-10-11T16:17:12.512124,268.842,can1  100  [03]  5E 86 07
2025-10-11T16:17:12.515075,268.845,can1  100  [03]  5E 86 07
2025-10-11T16:17:12.518448,268.848,can1  120  [04]  C0 C2 DA 06
2025-10-11T16:17:12.522958,268.852,can1  120  [04]  C0 C2 DA 06
2025-10-11T16:17:14.262515,270.592,can1  110  [02]  88 13
2025-10-11T16:17:14.265760,270.595,can1  110  [02]  88 13
2025-10-11T16:17:14.269477,270.599,can1  100  [03]  0E 34 09
2025-10-11T16:17:14.272850,270.602,can1  100  [03]  0E 34 09
2025-10-11T16:17:14.276825,270.606,can1  120  [04]  20 24 48 0A
2025-10-11T16:17:14.280483,270.610,can1  120  [04]  20 24 48 0A
2025-10-11T16:17:15.131368,271.461,can1  110  [02]  70 17
2025-10-11T16:17:15.133990,271.463,can1  110  [02]  70 17
2025-10-11T16:17:15.136956,271.466,can1  100  [03]  BE E1 0A
2025-10-11T16:17:15.141083,271.471,can1  100  [03]  BE E1 0A
2025-10-11T16:17:15.144704,271.474,can1  120  [04]  80 85 B5 0D
2025-10-11T16:17:15.148067,271.477,can1  120  [04]  80 85 B5 0D
2025-10-11T16:17:16.883356,273.213,can1  110  [02]  40 1F
2025-10-11T16:17:16.886781,273.216,can1  110  [02]  40 1F
2025-10-11T16:17:16.892192,273.222,can1  100  [03]  6E 8F 0C
2025-10-11T16:17:16.899269,273.229,can1  100  [03]  6E 8F 0C
2025-10-11T16:17:16.904025,273.233,can1  120  [04]  E0 E6 22 11
2025-10-11T16:17:16.908791,273.238,can1  120  [04]  E0 E6 22 11
2025-10-11T16:17:17.781630,274.111,can1  110  [02]  28 23
2025-10-11T16:17:17.784363,274.114,can1  110  [02]  28 23
2025-10-11T16:17:17.786881,274.116,can1  100  [03]  1E 3D 0E
2025-10-11T16:17:17.790295,274.120,can1  100  [03]  1E 3D 0E
2025-10-11T16:17:17.793480,274.123,can1  120  [04]  40 48 90 14
2025-10-11T16:17:17.797799,274.127,can1  120  [04]  40 48 90 14
2025-10-11T16:17:18.773481,275.103,can1  110  [02]  10 27
2025-10-11T16:17:18.776474,275.106,can1  110  [02]  10 27
2025-10-11T16:17:18.780021,275.109,can1  100  [03]  CE EA 0F
2025-10-11T16:17:18.782965,275.112,can1  100  [03]  CE EA 0F
2025-10-11T16:17:19.669554,275.999,can1  120  [04]  A0 A9 FD 17
2025-10-11T16:17:19.672599,276.002,can1  120  [04]  A0 A9 FD 17
2025-10-11T16:17:20.567704,276.897,can1  110  [02]  E0 2E
2025-10-11T16:17:20.570621,276.900,can1  110  [02]  E0 2E
2025-10-11T16:17:20.574184,276.904,can1  100  [03]  7E 98 11
2025-10-11T16:17:20.576949,276.906,can1  100  [03]  7E 98 11
2025-10-11T16:17:20.580191,276.910,can1  120  [04]  00 0B 6B 1B
2025-10-11T16:17:20.584107,276.914,can1  120  [04]  00 0B 6B 1B
2025-10-11T16:17:21.437341,277.767,can1  110  [02]  C8 32
2025-10-11T16:17:21.440945,277.770,can1  110  [02]  C8 32
2025-10-11T16:17:21.444956,277.774,can1  100  [03]  2E 46 13
2025-10-11T16:17:21.447468,277.777,can1  100  [03]  2E 46 13
2025-10-11T16:17:22.302746,278.632,can1  120  [04]  60 6C D8 1E
2025-10-11T16:17:22.305589,278.635,can1  120  [04]  60 6C D8 1E
2025-10-11T16:17:23.291285,279.621,can1  110  [02]  E0 2E
2025-10-11T16:17:23.294100,279.624,can1  110  [02]  E0 2E
2025-10-11T16:17:23.297185,279.627,can1  100  [03]  7E 98 11
2025-10-11T16:17:23.300288,279.630,can1  100  [03]  7E 98 11
2025-10-11T16:17:23.304144,279.634,can1  120  [04]  00 0B 6B 1B
2025-10-11T16:17:23.307686,279.637,can1  120  [04]  00 0B 6B 1B
2025-10-11T16:17:24.274470,280.604,can1  110  [02]  10 27
2025-10-11T16:17:24.277235,280.607,can1  110  [02]  10 27
2025-10-11T16:17:24.280672,280.610,can1  100  [03]  CE EA 0F
2025-10-11T16:17:24.283878,280.613,can1  100  [03]  CE EA 0F
2025-10-11T16:17:24.286814,280.616,can1  120  [04]  A0 A9 FD 17
2025-10-11T16:17:24.291975,280.621,can1  120  [04]  A0 A9 FD 17
2025-10-11T16:17:25.271627,281.601,can1  110  [02]  28 23
2025-10-11T16:17:25.274431,281.604,can1  110  [02]  28 23
2025-10-11T16:17:25.278942,281.608,can1  100  [03]  1E 3D 0E
2025-10-11T16:17:25.282114,281.612,can1  100  [03]  1E 3D 0E
2025-10-11T16:17:26.256553,282.586,can1  120  [04]  40 48 90 14
2025-10-11T16:17:26.259552,282.589,can1  120  [04]  40 48 90 14
2025-10-11T16:17:27.259696,283.589,can1  110  [02]  40 1F
2025-10-11T16:17:27.262584,283.592,can1  110  [02]  40 1F
2025-10-11T16:17:27.266236,283.596,can1  100  [03]  6E 8F 0C
2025-10-11T16:17:27.269647,283.599,can1  100  [03]  6E 8F 0C
2025-10-11T16:17:27.273286,283.603,can1  120  [04]  E0 E6 22 11
2025-10-11T16:17:27.277112,283.607,can1  120  [04]  E0 E6 22 11
2025-10-11T16:17:28.263735,284.593,can1  110  [02]  70 17
2025-10-11T16:17:28.266751,284.596,can1  110  [02]  70 17
2025-10-11T16:17:28.270254,284.600,can1  100  [03]  BE E1 0A
2025-10-11T16:17:28.273394,284.603,can1  100  [03]  BE E1 0A
2025-10-11T16:17:28.277079,284.607,can1  120  [04]  80 85 B5 0D
2025-10-11T16:17:28.280002,284.609,can1  120  [04]  80 85 B5 0D
2025-10-11T16:17:29.250344,285.580,can1  110  [02]  88 13
2025-10-11T16:17:29.253546,285.583,can1  110  [02]  88 13
2025-10-11T16:17:29.257259,285.587,can1  100  [03]  0E 34 09
2025-10-11T16:17:29.261017,285.590,can1  100  [03]  0E 34 09
2025-10-11T16:17:29.264568,285.594,can1  120  [04]  20 24 48 0A
2025-10-11T16:17:29.267894,285.597,can1  120  [04]  20 24 48 0A
2025-10-11T16:17:30.239939,286.569,can1  110  [02]  B8 0B
2025-10-11T16:17:30.242764,286.572,can1  110  [02]  B8 0B
2025-10-11T16:17:31.322399,287.652,can1  100  [03]  5E 86 07
2025-10-11T16:17:31.325035,287.654,can1  100  [03]  5E 86 07
2025-10-11T16:17:31.327744,287.657,can1  120  [04]  C0 C2 DA 06
2025-10-11T16:17:31.331950,287.661,can1  120  [04]  C0 C2 DA 06
2025-10-11T16:17:32.210373,288.540,can1  110  [02]  D0 07
2025-10-11T16:17:32.213516,288.543,can1  110  [02]  D0 07
2025-10-11T16:17:32.216964,288.546,can1  100  [03]  AE D8 05
2025-10-11T16:17:32.220613,288.550,can1  100  [03]  AE D8 05
2025-10-11T16:17:32.223844,288.553,can1  120  [04]  60 61 6D 03
2025-10-11T16:17:32.228243,288.558,can1  120  [04]  60 61 6D 03
2025-10-11T16:17:33.201350,289.531,can1  110  [02]  B8 0B
2025-10-11T16:17:33.204295,289.534,can1  110  [02]  B8 0B
2025-10-11T16:17:33.208370,289.538,can1  100  [03]  5E 86 07
2025-10-11T16:17:33.211648,289.541,can1  100  [03]  5E 86 07
2025-10-11T16:17:33.216240,289.546,can1  120  [04]  C0 C2 DA 06
2025-10-11T16:17:33.221154,289.551,can1  120  [04]  C0 C2 DA 06
2025-10-11T16:17:34.289501,290.619,can1  110  [02]  88 13
2025-10-11T16:17:34.292162,290.622,can1  110  [02]  88 13
2025-10-11T16:17:34.296727,290.626,can1  100  [03]  0E 34 09
2025-10-11T16:17:34.300174,290.630,can1  100  [03]  0E 34 09
2025-10-11T16:17:34.304024,290.633,can1  120  [04]  20 24 48 0A
2025-10-11T16:17:34.308863,290.638,can1  120  [04]  20 24 48 0A
2025-10-11T16:17:36.157210,292.487,can1  110  [02]  70 17
2025-10-11T16:17:36.160156,292.490,can1  110  [02]  70 17
2025-10-11T16:17:36.164344,292.494,can1  100  [03]  BE E1 0A
2025-10-11T16:17:36.167378,292.497,can1  100  [03]  BE E1 0A
2025-10-11T16:17:36.171313,292.501,can1  120  [04]  80 85 B5 0D
2025-10-11T16:17:36.174885,292.504,can1  120  [04]  80 85 B5 0D
2025-10-11T16:17:37.168238,293.498,can1  110  [02]  40 1F
2025-10-11T16:17:37.171029,293.500,can1  110  [02]  40 1F
2025-10-11T16:17:37.174834,293.504,can1  100  [03]  6E 8F 0C
2025-10-11T16:17:37.234399,293.564,can1  100  [03]  6E 8F 0C
2025-10-11T16:17:37.243464,293.573,can1  120  [04]  E0 E6 22 11
2025-10-11T16:17:37.247800,293.577,can1  120  [04]  E0 E6 22 11
2025-10-11T16:17:38.159477,294.489,can1  110  [02]  28 23
2025-10-11T16:17:38.162537,294.492,can1  110  [02]  28 23
2025-10-11T16:17:38.165970,294.495,can1  100  [03]  1E 3D 0E
2025-10-11T16:17:38.169444,294.499,can1  100  [03]  1E 3D 0E
2025-10-11T16:17:38.174176,294.504,can1  120  [04]  40 48 90 14
2025-10-11T16:17:38.179034,294.508,can1  120  [04]  40 48 90 14
2025-10-11T16:17:39.156806,295.486,can1  110  [02]  10 27
2025-10-11T16:17:39.160139,295.490,can1  110  [02]  10 27
2025-10-11T16:17:40.135875,296.465,can1  100  [03]  CE EA 0F
2025-10-11T16:17:40.139295,296.469,can1  100  [03]  CE EA 0F
2025-10-11T16:17:40.143049,296.472,can1  120  [04]  A0 A9 FD 17
2025-10-11T16:17:40.147162,296.477,can1  120  [04]  A0 A9 FD 17
2025-10-11T16:17:41.123422,297.453,can1  110  [02]  E0 2E
2025-10-11T16:17:41.126831,297.456,can1  110  [02]  E0 2E
2025-10-11T16:17:41.130274,297.460,can1  100  [03]  7E 98 11
2025-10-11T16:17:41.133324,297.463,can1  100  [03]  7E 98 11
2025-10-11T16:17:41.137680,297.467,can1  120  [04]  00 0B 6B 1B
2025-10-11T16:17:41.141540,297.471,can1  120  [04]  00 0B 6B 1B
2025-10-11T16:17:42.107371,298.437,can1  110  [02]  C8 32
2025-10-11T16:17:42.110431,298.440,can1  110  [02]  C8 32
2025-10-11T16:17:42.114771,298.444,can1  100  [03]  2E 46 13
2025-10-11T16:17:42.118219,298.448,can1  100  [03]  2E 46 13
2025-10-11T16:17:42.122755,298.452,can1  120  [04]  60 6C D8 1E
2025-10-11T16:17:42.127216,298.457,can1  120  [04]  60 6C D8 1E
2025-10-11T16:17:43.106141,299.436,can1  110  [02]  E0 2E
2025-10-11T16:17:43.109303,299.439,can1  110  [02]  E0 2E
2025-10-11T16:17:44.084248,300.414,can1  100  [03]  7E 98 11
2025-10-11T16:17:44.087415,300.417,can1  100  [03]  7E 98 11
2025-10-11T16:17:44.091040,300.420,can1  120  [04]  00 0B 6B 1B
2025-10-11T16:17:44.094239,300.424,can1  120  [04]  00 0B 6B 1B
2025-10-11T16:17:45.071714,301.401,can1  110  [02]  10 27
2025-10-11T16:17:45.074284,301.404,can1  110  [02]  10 27
2025-10-11T16:17:45.077222,301.407,can1  100  [03]  CE EA 0F
2025-10-11T16:17:45.080373,301.410,can1  100  [03]  CE EA 0F
2025-10-11T16:17:45.084452,301.414,can1  120  [04]  A0 A9 FD 17
2025-10-11T16:17:45.087383,301.417,can1  120  [04]  A0 A9 FD 17
2025-10-11T16:17:45.967121,302.297,can1  110  [02]  28 23
2025-10-11T16:17:45.969885,302.299,can1  110  [02]  28 23
2025-10-11T16:17:45.972685,302.302,can1  100  [03]  1E 3D 0E
2025-10-11T16:17:45.975751,302.305,can1  100  [03]  1E 3D 0E
2025-10-11T16:17:45.979178,302.309,can1  120  [04]  40 48 90 14
2025-10-11T16:17:45.983016,302.312,can1  120  [04]  40 48 90 14
2025-10-11T16:17:47.739483,304.069,can1  110  [02]  40 1F
2025-10-11T16:17:47.742312,304.072,can1  110  [02]  40 1F
2025-10-11T16:17:47.744928,304.074,can1  100  [03]  6E 8F 0C
2025-10-11T16:17:47.747996,304.077,can1  100  [03]  6E 8F 0C
2025-10-11T16:17:47.751926,304.081,can1  120  [04]  E0 E6 22 11
2025-10-11T16:17:47.755503,304.085,can1  120  [04]  E0 E6 22 11
2025-10-11T16:17:48.739991,305.069,can1  110  [02]  70 17
2025-10-11T16:17:48.742450,305.072,can1  110  [02]  70 17
2025-10-11T16:17:48.745240,305.075,can1  100  [03]  BE E1 0A
2025-10-11T16:17:48.748963,305.078,can1  100  [03]  BE E1 0A
2025-10-11T16:17:48.752240,305.082,can1  120  [04]  80 85 B5 0D
2025-10-11T16:17:48.755391,305.085,can1  120  [04]  80 85 B5 0D
2025-10-11T16:17:49.600946,305.930,can1  110  [02]  88 13
2025-10-11T16:17:49.603677,305.933,can1  110  [02]  88 13
2025-10-11T16:17:49.606995,305.936,can1  100  [03]  0E 34 09
2025-10-11T16:17:49.610367,305.940,can1  100  [03]  0E 34 09
2025-10-11T16:17:50.483441,306.813,can1  120  [04]  20 24 48 0A
2025-10-11T16:17:50.485753,306.815,can1  120  [04]  20 24 48 0A
2025-10-11T16:17:51.363776,307.693,can1  110  [02]  B8 0B
2025-10-11T16:17:51.366759,307.696,can1  110  [02]  B8 0B
2025-10-11T16:17:51.370149,307.700,can1  100  [03]  5E 86 07
2025-10-11T16:17:51.373361,307.703,can1  100  [03]  5E 86 07
2025-10-11T16:17:51.376907,307.706,can1  120  [04]  C0 C2 DA 06
2025-10-11T16:17:51.379790,307.709,can1  120  [04]  C0 C2 DA 06
2025-10-11T16:17:52.354480,308.684,can1  110  [02]  D0 07
2025-10-11T16:17:52.357138,308.687,can1  110  [02]  D0 07
2025-10-11T16:17:52.359755,308.689,can1  100  [03]  AE D8 05
2025-10-11T16:17:52.363322,308.693,can1  100  [03]  AE D8 05
2025-10-11T16:17:52.367123,308.697,can1  120  [04]  60 61 6D 03
2025-10-11T16:17:52.369964,308.699,can1  120  [04]  60 61 6D 03
2025-10-11T16:17:54.024415,310.354,can1  110  [02]  B8 0B
2025-10-11T16:17:54.027215,310.357,can1  110  [02]  B8 0B
2025-10-11T16:17:54.030427,310.360,can1  100  [03]  5E 86 07
2025-10-11T16:17:54.033576,310.363,can1  100  [03]  5E 86 07
2025-10-11T16:17:54.036549,310.366,can1  120  [04]  C0 C2 DA 06
2025-10-11T16:17:54.039979,310.369,can1  120  [04]  C0 C2 DA 06
2025-10-11T16:17:54.905756,311.235,can1  110  [02]  88 13
2025-10-11T16:17:54.909371,311.239,can1  110  [02]  88 13
2025-10-11T16:17:54.914085,311.244,can1  100  [03]  0E 34 09
2025-10-11T16:17:54.918329,311.248,can1  100  [03]  0E 34 09
2025-10-11T16:17:54.921293,311.251,can1  120  [04]  20 24 48 0A
2025-10-11T16:17:54.924672,311.254,can1  120  [04]  20 24 48 0A
2025-10-11T16:17:56.672642,313.002,can1  110  [02]  70 17
2025-10-11T16:17:56.675612,313.005,can1  110  [02]  70 17
2025-10-11T16:17:56.679091,313.009,can1  100  [03]  BE E1 0A
2025-10-11T16:17:56.682643,313.012,can1  100  [03]  BE E1 0A
2025-10-11T16:17:56.686386,313.016,can1  120  [04]  80 85 B5 0D
2025-10-11T16:17:56.689858,313.019,can1  120  [04]  80 85 B5 0D
2025-10-11T16:17:57.654496,313.984,can1  110  [02]  40 1F
2025-10-11T16:17:57.657336,313.987,can1  110  [02]  40 1F
2025-10-11T16:17:57.661529,313.991,can1  100  [03]  6E 8F 0C
2025-10-11T16:17:57.665021,313.994,can1  100  [03]  6E 8F 0C
2025-10-11T16:17:57.668386,313.998,can1  120  [04]  E0 E6 22 11
2025-10-11T16:17:57.671583,314.001,can1  120  [04]  E0 E6 22 11
2025-10-11T16:17:59.403906,315.733,can1  110  [02]  28 23
2025-10-11T16:17:59.406567,315.736,can1  110  [02]  28 23
2025-10-11T16:17:59.409756,315.739,can1  100  [03]  1E 3D 0E
2025-10-11T16:17:59.413701,315.743,can1  100  [03]  1E 3D 0E
2025-10-11T16:17:59.417708,315.747,can1  120  [04]  40 48 90 14
2025-10-11T16:17:59.421188,315.751,can1  120  [04]  40 48 90 14
2025-10-11T16:18:00.272811,316.602,can1  110  [02]  10 27
2025-10-11T16:18:00.276149,316.606,can1  110  [02]  10 27
2025-10-11T16:18:00.280478,316.610,can1  100  [03]  CE EA 0F
2025-10-11T16:18:00.285410,316.615,can1  100  [03]  CE EA 0F
2025-10-11T16:18:00.296495,316.626,can1  120  [04]  A0 A9 FD 17
2025-10-11T16:18:00.332309,316.662,can1  120  [04]  A0 A9 FD 17
2025-10-11T16:18:01.272259,317.602,can1  110  [02]  E0 2E
2025-10-11T16:18:01.274968,317.604,can1  110  [02]  E0 2E
2025-10-11T16:18:02.134924,318.464,can1  100  [03]  7E 98 11
2025-10-11T16:18:02.138109,318.468,can1  100  [03]  7E 98 11
2025-10-11T16:18:02.141891,318.471,can1  120  [04]  00 0B 6B 1B
2025-10-11T16:18:02.145005,318.474,can1  120  [04]  00 0B 6B 1B
2025-10-11T16:18:03.007787,319.337,can1  110  [02]  C8 32
2025-10-11T16:18:03.011025,319.340,can1  110  [02]  C8 32
2025-10-11T16:18:03.014570,319.344,can1  100  [03]  2E 46 13
2025-10-11T16:18:03.017547,319.347,can1  100  [03]  2E 46 13
2025-10-11T16:18:03.021189,319.351,can1  120  [04]  60 6C D8 1E
2025-10-11T16:18:03.024290,319.354,can1  120  [04]  60 6C D8 1E
2025-10-11T16:18:03.920706,320.250,can1  110  [02]  E0 2E
2025-10-11T16:18:03.924060,320.253,can1  110  [02]  E0 2E
2025-10-11T16:18:03.927050,320.256,can1  100  [03]  7E 98 11
2025-10-11T16:18:03.930153,320.260,can1  100  [03]  7E 98 11
2025-10-11T16:18:04.801943,321.131,can1  120  [04]  00 0B 6B 1B
2025-10-11T16:18:04.805200,321.135,can1  120  [04]  00 0B 6B 1B
2025-10-11T16:18:05.776408,322.106,can1  110  [02]  10 27
2025-10-11T16:18:05.779587,322.109,can1  110  [02]  10 27
2025-10-11T16:18:05.782944,322.112,can1  100  [03]  CE EA 0F
2025-10-11T16:18:05.786368,322.116,can1  100  [03]  CE EA 0F
2025-10-11T16:18:05.790945,322.120,can1  120  [04]  A0 A9 FD 17
2025-10-11T16:18:05.794894,322.124,can1  120  [04]  A0 A9 FD 17
2025-10-11T16:18:06.654159,322.984,can1  110  [02]  28 23
2025-10-11T16:18:06.657738,322.987,can1  110  [02]  28 23
2025-10-11T16:18:06.661273,322.991,can1  100  [03]  1E 3D 0E
2025-10-11T16:18:06.664604,322.994,can1  100  [03]  1E 3D 0E
2025-10-11T16:18:06.668384,322.998,can1  120  [04]  40 48 90 14
2025-10-11T16:18:06.673476,323.003,can1  120  [04]  40 48 90 14
2025-10-11T16:18:07.640389,323.970,can1  110  [02]  40 1F
2025-10-11T16:18:07.643048,323.972,can1  110  [02]  40 1F
2025-10-11T16:18:08.096113,324.426,can1  100  [03]  6E 8F 0C
2025-10-11T16:18:08.099371,324.429,can1  100  [03]  6E 8F 0C
2025-10-11T16:18:08.102144,324.432,can1  120  [04]  E0 E6 22 11
2025-10-11T16:18:08.105907,324.435,can1  120  [04]  E0 E6 22 11
2025-10-11T16:18:09.084198,325.414,can1  110  [02]  70 17
2025-10-11T16:18:09.087135,325.417,can1  110  [02]  70 17
2025-10-11T16:18:09.090127,325.420,can1  100  [03]  BE E1 0A
2025-10-11T16:18:09.093042,325.422,can1  100  [03]  BE E1 0A
2025-10-11T16:18:09.521796,325.851,can1  120  [04]  80 85 B5 0D
2025-10-11T16:18:09.524795,325.854,can1  120  [04]  80 85 B5 0D
2025-10-11T16:18:10.419581,326.749,can1  110  [02]  88 13
2025-10-11T16:18:10.422232,326.752,can1  110  [02]  88 13
2025-10-11T16:18:10.424702,326.754,can1  100  [03]  0E 34 09
2025-10-11T16:18:10.428811,326.758,can1  100  [03]  0E 34 09
2025-10-11T16:18:10.858042,327.187,can1  120  [04]  20 24 48 0A
2025-10-11T16:18:10.860785,327.190,can1  120  [04]  20 24 48 0A
2025-10-11T16:18:11.838705,328.168,can1  110  [02]  B8 0B
2025-10-11T16:18:11.841771,328.171,can1  110  [02]  B8 0B
2025-10-11T16:18:11.845202,328.175,can1  100  [03]  5E 86 07
2025-10-11T16:18:11.847936,328.177,can1  100  [03]  5E 86 07
2025-10-11T16:18:11.851058,328.180,can1  120  [04]  C0 C2 DA 06
2025-10-11T16:18:11.854160,328.184,can1  120  [04]  C0 C2 DA 06
2025-10-11T16:18:13.055305,329.385,can1  110  [02]  D0 07
2025-10-11T16:18:13.057812,329.387,can1  110  [02]  D0 07
2025-10-11T16:18:13.060536,329.390,can1  100  [03]  AE D8 05
2025-10-11T16:18:13.063681,329.393,can1  100  [03]  AE D8 05
2025-10-11T16:18:13.604501,329.934,can1  120  [04]  60 61 6D 03
2025-10-11T16:18:13.607395,329.937,can1  120  [04]  60 61 6D 03
2025-10-11T16:18:14.286300,330.616,can1  110  [02]  B8 0B
2025-10-11T16:18:14.289307,330.619,can1  110  [02]  B8 0B
2025-10-11T16:18:14.937712,331.267,can1  100  [03]  5E 86 07
2025-10-11T16:18:14.940379,331.270,can1  100  [03]  5E 86 07
2025-10-11T16:18:14.943280,331.273,can1  120  [04]  C0 C2 DA 06
2025-10-11T16:18:14.946555,331.276,can1  120  [04]  C0 C2 DA 06
2025-10-11T16:18:16.022322,332.352,can1  110  [02]  88 13
2025-10-11T16:18:16.024620,332.354,can1  110  [02]  88 13
2025-10-11T16:18:16.027017,332.356,can1  100  [03]  0E 34 09
2025-10-11T16:18:16.030082,332.360,can1  100  [03]  0E 34 09
2025-10-11T16:18:16.033061,332.362,can1  120  [04]  20 24 48 0A
2025-10-11T16:18:16.036174,332.366,can1  120  [04]  20 24 48 0A
2025-10-11T16:18:17.117500,333.447,can1  110  [02]  70 17
2025-10-11T16:18:17.119947,333.449,can1  110  [02]  70 17
2025-10-11T16:18:17.122107,333.452,can1  100  [03]  BE E1 0A
2025-10-11T16:18:17.125264,333.455,can1  100  [03]  BE E1 0A
2025-10-11T16:18:17.127905,333.457,can1  120  [04]  80 85 B5 0D
2025-10-11T16:18:17.130772,333.460,can1  120  [04]  80 85 B5 0D
2025-10-11T16:18:18.599702,334.929,can1  110  [02]  40 1F
2025-10-11T16:18:18.602742,334.932,can1  110  [02]  40 1F
2025-10-11T16:18:18.606462,334.936,can1  100  [03]  6E 8F 0C
2025-10-11T16:18:18.609474,334.939,can1  100  [03]  6E 8F 0C
2025-10-11T16:18:18.612989,334.942,can1  120  [04]  E0 E6 22 11
2025-10-11T16:18:18.616178,334.946,can1  120  [04]  E0 E6 22 11
2025-10-11T16:18:19.491812,335.821,can1  110  [02]  28 23
2025-10-11T16:18:19.494454,335.824,can1  110  [02]  28 23
2025-10-11T16:18:19.498131,335.828,can1  100  [03]  1E 3D 0E
2025-10-11T16:18:19.500970,335.830,can1  100  [03]  1E 3D 0E
2025-10-11T16:18:20.372371,336.702,can1  120  [04]  40 48 90 14
2025-10-11T16:18:20.375232,336.705,can1  120  [04]  40 48 90 14
2025-10-11T16:18:21.243910,337.573,can1  110  [02]  10 27
2025-10-11T16:18:21.247223,337.577,can1  110  [02]  10 27
2025-10-11T16:18:21.250647,337.580,can1  100  [03]  CE EA 0F
2025-10-11T16:18:21.253647,337.583,can1  100  [03]  CE EA 0F
2025-10-11T16:18:21.258539,337.588,can1  120  [04]  A0 A9 FD 17
2025-10-11T16:18:21.261280,337.591,can1  120  [04]  A0 A9 FD 17
2025-10-11T16:18:22.244193,338.574,can1  110  [02]  E0 2E
2025-10-11T16:18:22.248674,338.578,can1  110  [02]  E0 2E
2025-10-11T16:18:22.252077,338.582,can1  100  [03]  7E 98 11
2025-10-11T16:18:22.255292,338.585,can1  100  [03]  7E 98 11
2025-10-11T16:18:22.258889,338.588,can1  120  [04]  00 0B 6B 1B
2025-10-11T16:18:22.262158,338.592,can1  120  [04]  00 0B 6B 1B
2025-10-11T16:18:23.123913,339.453,can1  110  [02]  C8 32
2025-10-11T16:18:23.126766,339.456,can1  110  [02]  C8 32
2025-10-11T16:18:23.991881,340.321,can1  100  [03]  2E 46 13
2025-10-11T16:18:23.995051,340.324,can1  100  [03]  2E 46 13
2025-10-11T16:18:23.998411,340.328,can1  120  [04]  60 6C D8 1E
2025-10-11T16:18:24.001772,340.331,can1  120  [04]  60 6C D8 1E
2025-10-11T16:18:24.767804,341.097,can1  110  [02]  E0 2E
2025-10-11T16:18:24.770966,341.100,can1  110  [02]  E0 2E
2025-10-11T16:18:24.774627,341.104,can1  100  [03]  7E 98 11
2025-10-11T16:18:24.777614,341.107,can1  100  [03]  7E 98 11
2025-10-11T16:18:24.781038,341.110,can1  120  [04]  00 0B 6B 1B
2025-10-11T16:18:24.785459,341.115,can1  120  [04]  00 0B 6B 1B
2025-10-11T16:18:26.434826,342.764,can1  110  [02]  10 27
2025-10-11T16:18:26.437962,342.767,can1  110  [02]  10 27
2025-10-11T16:18:26.441693,342.771,can1  100  [03]  CE EA 0F
2025-10-11T16:18:26.444417,342.774,can1  100  [03]  CE EA 0F
2025-10-11T16:18:26.447922,342.777,can1  120  [04]  A0 A9 FD 17
2025-10-11T16:18:26.450489,342.780,can1  120  [04]  A0 A9 FD 17
2025-10-11T16:18:27.307445,343.637,can1  110  [02]  28 23
2025-10-11T16:18:27.310608,343.640,can1  110  [02]  28 23
2025-10-11T16:18:27.314333,343.644,can1  100  [03]  1E 3D 0E
2025-10-11T16:18:27.317216,343.647,can1  100  [03]  1E 3D 0E
2025-10-11T16:18:27.320873,343.650,can1  120  [04]  40 48 90 14
2025-10-11T16:18:27.324088,343.654,can1  120  [04]  40 48 90 14
2025-10-11T16:18:28.189679,344.519,can1  110  [02]  40 1F
2025-10-11T16:18:28.192664,344.522,can1  110  [02]  40 1F
2025-10-11T16:18:29.055548,345.385,can1  100  [03]  6E 8F 0C
2025-10-11T16:18:29.059473,345.389,can1  100  [03]  6E 8F 0C
2025-10-11T16:18:29.062636,345.392,can1  120  [04]  E0 E6 22 11
2025-10-11T16:18:29.065810,345.395,can1  120  [04]  E0 E6 22 11
2025-10-11T16:18:29.945015,346.274,can1  110  [02]  70 17
2025-10-11T16:18:29.947999,346.277,can1  110  [02]  70 17
2025-10-11T16:18:29.952012,346.281,can1  100  [03]  BE E1 0A
2025-10-11T16:18:29.954638,346.284,can1  100  [03]  BE E1 0A
2025-10-11T16:18:29.957934,346.287,can1  120  [04]  80 85 B5 0D
2025-10-11T16:18:29.961363,346.291,can1  120  [04]  80 85 B5 0D
2025-10-11T16:18:30.823733,347.153,can1  110  [02]  88 13
2025-10-11T16:18:30.826570,347.156,can1  110  [02]  88 13
2025-10-11T16:18:30.830289,347.160,can1  100  [03]  0E 34 09
2025-10-11T16:18:30.833650,347.163,can1  100  [03]  0E 34 09
2025-10-11T16:18:30.837307,347.167,can1  120  [04]  20 24 48 0A
2025-10-11T16:18:30.840922,347.170,can1  120  [04]  20 24 48 0A
2025-10-11T16:18:32.813140,349.143,can1  110  [02]  B8 0B
2025-10-11T16:18:32.816439,349.146,can1  110  [02]  B8 0B
2025-10-11T16:18:32.820207,349.150,can1  100  [03]  5E 86 07
2025-10-11T16:18:32.823834,349.153,can1  100  [03]  5E 86 07
2025-10-11T16:18:32.827481,349.157,can1  120  [04]  C0 C2 DA 06
2025-10-11T16:18:32.830544,349.160,can1  120  [04]  C0 C2 DA 06
2025-10-11T16:18:33.818882,350.148,can1  110  [02]  D0 07
2025-10-11T16:18:33.822286,350.152,can1  110  [02]  D0 07
2025-10-11T16:18:33.826578,350.156,can1  100  [03]  AE D8 05
2025-10-11T16:18:33.830486,350.160,can1  100  [03]  AE D8 05
2025-10-11T16:18:33.834416,350.164,can1  120  [04]  60 61 6D 03
2025-10-11T16:18:33.837851,350.167,can1  120  [04]  60 61 6D 03
2025-10-11T16:18:34.807234,351.137,can1  110  [02]  B8 0B
2025-10-11T16:18:34.810402,351.140,can1  110  [02]  B8 0B
2025-10-11T16:18:34.814507,351.144,can1  100  [03]  5E 86 07
2025-10-11T16:18:34.817437,351.147,can1  100  [03]  5E 86 07
2025-10-11T16:18:35.791542,352.121,can1  120  [04]  C0 C2 DA 06
2025-10-11T16:18:35.794956,352.124,can1  120  [04]  C0 C2 DA 06
2025-10-11T16:18:36.664523,352.994,can1  110  [02]  88 13
2025-10-11T16:18:36.667439,352.997,can1  110  [02]  88 13
2025-10-11T16:18:36.671299,353.001,can1  100  [03]  0E 34 09
2025-10-11T16:18:36.674848,353.004,can1  100  [03]  0E 34 09
2025-10-11T16:18:36.679027,353.008,can1  120  [04]  20 24 48 0A
2025-10-11T16:18:36.682903,353.012,can1  120  [04]  20 24 48 0A
2025-10-11T16:18:37.557138,353.887,can1  110  [02]  70 17
2025-10-11T16:18:37.560385,353.890,can1  110  [02]  70 17
2025-10-11T16:18:37.564299,353.894,can1  100  [03]  BE E1 0A
2025-10-11T16:18:37.567444,353.897,can1  100  [03]  BE E1 0A
2025-10-11T16:18:37.571043,353.900,can1  120  [04]  80 85 B5 0D
2025-10-11T16:18:37.574581,353.904,can1  120  [04]  80 85 B5 0D
2025-10-11T16:18:39.438541,355.768,can1  110  [02]  40 1F
2025-10-11T16:18:39.441433,355.771,can1  110  [02]  40 1F
2025-10-11T16:18:39.444448,355.774,can1  100  [03]  6E 8F 0C
2025-10-11T16:18:39.447614,355.777,can1  100  [03]  6E 8F 0C
2025-10-11T16:18:39.451456,355.781,can1  120  [04]  E0 E6 22 11
2025-10-11T16:18:39.454342,355.784,can1  120  [04]  E0 E6 22 11
2025-10-11T16:18:40.314568,356.644,can1  110  [02]  28 23
2025-10-11T16:18:40.317200,356.647,can1  110  [02]  28 23
2025-10-11T16:18:40.320085,356.650,can1  100  [03]  1E 3D 0E
2025-10-11T16:18:40.323549,356.653,can1  100  [03]  1E 3D 0E
2025-10-11T16:18:40.327005,356.656,can1  120  [04]  40 48 90 14
2025-10-11T16:18:40.329787,356.659,can1  120  [04]  40 48 90 14
2025-10-11T16:18:41.188949,357.518,can1  110  [02]  10 27
2025-10-11T16:18:41.192015,357.521,can1  110  [02]  10 27
2025-10-11T16:18:42.055475,358.385,can1  100  [03]  CE EA 0F
2025-10-11T16:18:42.058557,358.388,can1  100  [03]  CE EA 0F
2025-10-11T16:18:42.062104,358.392,can1  120  [04]  A0 A9 FD 17
2025-10-11T16:18:42.064814,358.394,can1  120  [04]  A0 A9 FD 17
2025-10-11T16:18:42.936555,359.266,can1  110  [02]  E0 2E
2025-10-11T16:18:42.939446,359.269,can1  110  [02]  E0 2E
2025-10-11T16:18:42.943510,359.273,can1  100  [03]  7E 98 11
2025-10-11T16:18:42.945761,359.275,can1  100  [03]  7E 98 11
2025-10-11T16:18:42.948669,359.278,can1  120  [04]  00 0B 6B 1B
2025-10-11T16:18:42.951951,359.281,can1  120  [04]  00 0B 6B 1B
2025-10-11T16:18:43.928613,360.258,can1  110  [02]  C8 32
2025-10-11T16:18:43.931511,360.261,can1  110  [02]  C8 32
2025-10-11T16:18:43.935160,360.265,can1  100  [03]  2E 46 13
2025-10-11T16:18:43.938423,360.268,can1  100  [03]  2E 46 13
2025-10-11T16:18:44.808709,361.138,can1  120  [04]  60 6C D8 1E
2025-10-11T16:18:44.812127,361.142,can1  120  [04]  60 6C D8 1E
2025-10-11T16:18:45.715002,362.044,can1  110  [02]  E0 2E
2025-10-11T16:18:45.717283,362.047,can1  110  [02]  E0 2E
2025-10-11T16:18:45.720381,362.050,can1  100  [03]  7E 98 11
2025-10-11T16:18:45.724262,362.054,can1  100  [03]  7E 98 11
2025-10-11T16:18:45.728430,362.058,can1  120  [04]  00 0B 6B 1B
2025-10-11T16:18:45.731486,362.061,can1  120  [04]  00 0B 6B 1B
2025-10-11T16:18:46.590137,362.920,can1  110  [02]  10 27
2025-10-11T16:18:46.593015,362.922,can1  110  [02]  10 27
2025-10-11T16:18:47.459263,363.789,can1  100  [03]  CE EA 0F
2025-10-11T16:18:47.462467,363.792,can1  100  [03]  CE EA 0F
2025-10-11T16:18:47.466165,363.796,can1  120  [04]  A0 A9 FD 17
2025-10-11T16:18:47.468859,363.798,can1  120  [04]  A0 A9 FD 17
2025-10-11T16:18:48.342574,364.672,can1  110  [02]  28 23
2025-10-11T16:18:48.345452,364.675,can1  110  [02]  28 23
2025-10-11T16:18:48.349076,364.679,can1  100  [03]  1E 3D 0E
2025-10-11T16:18:48.351766,364.681,can1  100  [03]  1E 3D 0E
2025-10-11T16:18:48.355299,364.685,can1  120  [04]  40 48 90 14
2025-10-11T16:18:48.358655,364.688,can1  120  [04]  40 48 90 14
2025-10-11T16:18:49.220747,365.550,can1  110  [02]  40 1F
2025-10-11T16:18:49.223466,365.553,can1  110  [02]  40 1F
2025-10-11T16:18:49.227198,365.557,can1  100  [03]  6E 8F 0C
2025-10-11T16:18:49.230704,365.560,can1  100  [03]  6E 8F 0C
2025-10-11T16:18:50.091360,366.421,can1  120  [04]  E0 E6 22 11
2025-10-11T16:18:50.094598,366.424,can1  120  [04]  E0 E6 22 11
2025-10-11T16:18:50.973817,367.303,can1  110  [02]  70 17
2025-10-11T16:18:50.977113,367.307,can1  110  [02]  70 17
2025-10-11T16:18:50.980735,367.310,can1  100  [03]  BE E1 0A
2025-10-11T16:18:50.983541,367.313,can1  100  [03]  BE E1 0A
2025-10-11T16:18:50.986953,367.316,can1  120  [04]  80 85 B5 0D
2025-10-11T16:18:50.992415,367.322,can1  120  [04]  80 85 B5 0D
2025-10-11T16:18:51.857156,368.187,can1  110  [02]  88 13
2025-10-11T16:18:51.860549,368.190,can1  110  [02]  88 13
2025-10-11T16:18:52.725770,369.055,can1  100  [03]  0E 34 09
2025-10-11T16:18:52.728261,369.058,can1  100  [03]  0E 34 09
2025-10-11T16:18:52.732717,369.062,can1  120  [04]  20 24 48 0A
2025-10-11T16:18:52.735598,369.065,can1  120  [04]  20 24 48 0A
2025-10-11T16:18:53.602369,369.932,can1  110  [02]  B8 0B
2025-10-11T16:18:53.605053,369.934,can1  110  [02]  B8 0B
2025-10-11T16:18:53.609395,369.939,can1  100  [03]  5E 86 07
2025-10-11T16:18:53.612468,369.942,can1  100  [03]  5E 86 07
2025-10-11T16:18:53.616527,369.946,can1  120  [04]  C0 C2 DA 06
2025-10-11T16:18:53.619584,369.949,can1  120  [04]  C0 C2 DA 06
2025-10-11T16:18:54.474801,370.804,can1  110  [02]  D0 07
2025-10-11T16:18:54.479074,370.809,can1  110  [02]  D0 07
2025-10-11T16:18:55.247188,371.577,can1  100  [03]  AE D8 05
2025-10-11T16:18:55.250374,371.580,can1  100  [03]  AE D8 05
2025-10-11T16:18:55.254201,371.584,can1  120  [04]  60 61 6D 03
2025-10-11T16:18:55.257450,371.587,can1  120  [04]  60 61 6D 03
2025-10-11T16:18:56.124001,372.453,can1  110  [02]  B8 0B
2025-10-11T16:18:56.127292,372.457,can1  110  [02]  B8 0B
2025-10-11T16:18:56.131317,372.461,can1  100  [03]  5E 86 07
2025-10-11T16:18:56.134244,372.464,can1  100  [03]  5E 86 07
2025-10-11T16:18:56.138464,372.468,can1  120  [04]  C0 C2 DA 06
2025-10-11T16:18:56.141605,372.471,can1  120  [04]  C0 C2 DA 06
2025-10-11T16:18:57.922986,374.252,can1  110  [02]  88 13
2025-10-11T16:18:57.926083,374.256,can1  110  [02]  88 13
2025-10-11T16:18:57.929455,374.259,can1  100  [03]  0E 34 09
2025-10-11T16:18:57.932582,374.262,can1  100  [03]  0E 34 09
2025-10-11T16:18:57.936208,374.266,can1  120  [04]  20 24 48 0A
2025-10-11T16:18:57.940515,374.270,can1  120  [04]  20 24 48 0A
2025-10-11T16:18:58.798590,375.128,can1  110  [02]  70 17
2025-10-11T16:18:58.801781,375.131,can1  110  [02]  70 17
2025-10-11T16:18:58.805751,375.135,can1  100  [03]  BE E1 0A
2025-10-11T16:18:58.811409,375.141,can1  100  [03]  BE E1 0A
2025-10-11T16:18:58.814365,375.144,can1  120  [04]  80 85 B5 0D
2025-10-11T16:18:58.818655,375.148,can1  120  [04]  80 85 B5 0D
2025-10-11T16:19:00.651504,376.981,can1  110  [02]  40 1F
2025-10-11T16:19:00.654606,376.984,can1  110  [02]  40 1F
2025-10-11T16:19:00.658445,376.988,can1  100  [03]  6E 8F 0C
2025-10-11T16:19:00.661424,376.991,can1  100  [03]  6E 8F 0C
2025-10-11T16:19:00.664775,376.994,can1  120  [04]  E0 E6 22 11
2025-10-11T16:19:00.667571,376.997,can1  120  [04]  E0 E6 22 11
2025-10-11T16:19:01.524754,377.854,can1  110  [02]  28 23
2025-10-11T16:19:01.528276,377.858,can1  110  [02]  28 23
2025-10-11T16:19:01.532112,377.862,can1  100  [03]  1E 3D 0E
2025-10-11T16:19:01.535592,377.865,can1  100  [03]  1E 3D 0E
2025-10-11T16:19:01.539316,377.869,can1  120  [04]  40 48 90 14
2025-10-11T16:19:01.542457,377.872,can1  120  [04]  40 48 90 14
2025-10-11T16:19:02.414638,378.744,can1  110  [02]  10 27
2025-10-11T16:19:02.418261,378.748,can1  110  [02]  10 27
2025-10-11T16:19:02.421713,378.751,can1  100  [03]  CE EA 0F
2025-10-11T16:19:02.425395,378.755,can1  100  [03]  CE EA 0F
2025-10-11T16:19:03.199817,379.529,can1  120  [04]  A0 A9 FD 17
2025-10-11T16:19:03.202971,379.532,can1  120  [04]  A0 A9 FD 17
2025-10-11T16:19:04.199204,380.529,can1  110  [02]  E0 2E
2025-10-11T16:19:04.201506,380.531,can1  110  [02]  E0 2E
2025-10-11T16:19:04.204303,380.534,can1  100  [03]  7E 98 11
2025-10-11T16:19:04.207780,380.537,can1  100  [03]  7E 98 11
2025-10-11T16:19:04.212214,380.542,can1  120  [04]  00 0B 6B 1B
2025-10-11T16:19:04.215410,380.545,can1  120  [04]  00 0B 6B 1B
2025-10-11T16:19:05.186954,381.516,can1  110  [02]  C8 32
2025-10-11T16:19:05.189427,381.519,can1  110  [02]  C8 32
2025-10-11T16:19:05.192635,381.522,can1  100  [03]  2E 46 13
2025-10-11T16:19:05.196797,381.526,can1  100  [03]  2E 46 13
2025-10-11T16:19:05.200233,381.530,can1  120  [04]  60 6C D8 1E
2025-10-11T16:19:05.204941,381.534,can1  120  [04]  60 6C D8 1E
2025-10-11T16:19:06.173384,382.503,can1  110  [02]  E0 2E
2025-10-11T16:19:06.176358,382.506,can1  110  [02]  E0 2E
2025-10-11T16:19:07.042079,383.372,can1  100  [03]  7E 98 11
2025-10-11T16:19:07.045106,383.375,can1  100  [03]  7E 98 11
2025-10-11T16:19:07.049578,383.379,can1  120  [04]  00 0B 6B 1B
2025-10-11T16:19:07.052488,383.382,can1  120  [04]  00 0B 6B 1B
2025-10-11T16:19:07.913610,384.243,can1  110  [02]  10 27
2025-10-11T16:19:07.917074,384.247,can1  110  [02]  10 27
2025-10-11T16:19:07.922153,384.252,can1  100  [03]  CE EA 0F
2025-10-11T16:19:07.926817,384.256,can1  100  [03]  CE EA 0F
2025-10-11T16:19:07.930715,384.260,can1  120  [04]  A0 A9 FD 17
2025-10-11T16:19:07.935202,384.265,can1  120  [04]  A0 A9 FD 17
2025-10-11T16:19:08.923832,385.253,can1  110  [02]  28 23
2025-10-11T16:19:08.927220,385.257,can1  110  [02]  28 23
2025-10-11T16:19:08.930665,385.260,can1  100  [03]  1E 3D 0E
2025-10-11T16:19:08.933659,385.263,can1  100  [03]  1E 3D 0E
2025-10-11T16:19:09.789510,386.119,can1  120  [04]  40 48 90 14
2025-10-11T16:19:09.792449,386.122,can1  120  [04]  40 48 90 14
2025-10-11T16:19:10.556331,386.886,can1  110  [02]  40 1F
2025-10-11T16:19:10.559361,386.889,can1  110  [02]  40 1F
2025-10-11T16:19:10.563826,386.893,can1  100  [03]  6E 8F 0C
2025-10-11T16:19:10.566723,386.896,can1  100  [03]  6E 8F 0C
2025-10-11T16:19:10.570369,386.900,can1  120  [04]  E0 E6 22 11
2025-10-11T16:19:10.573335,386.903,can1  120  [04]  E0 E6 22 11
2025-10-11T16:19:11.439982,387.769,can1  110  [02]  70 17
2025-10-11T16:19:11.442798,387.772,can1  110  [02]  70 17
2025-10-11T16:19:11.445804,387.775,can1  100  [03]  BE E1 0A
2025-10-11T16:19:11.449168,387.779,can1  100  [03]  BE E1 0A
2025-10-11T16:19:11.451763,387.781,can1  120  [04]  80 85 B5 0D
2025-10-11T16:19:11.455396,387.785,can1  120  [04]  80 85 B5 0D
2025-10-11T16:19:13.424577,389.754,can1  110  [02]  88 13
2025-10-11T16:19:13.427446,389.757,can1  110  [02]  88 13
2025-10-11T16:19:13.431239,389.761,can1  100  [03]  0E 34 09
2025-10-11T16:19:13.434305,389.764,can1  100  [03]  0E 34 09
2025-10-11T16:19:13.437563,389.767,can1  120  [04]  20 24 48 0A
2025-10-11T16:19:13.440607,389.770,can1  120  [04]  20 24 48 0A
2025-10-11T16:19:14.411466,390.741,can1  110  [02]  B8 0B
2025-10-11T16:19:14.414735,390.744,can1  110  [02]  B8 0B
2025-10-11T16:19:14.419677,390.749,can1  100  [03]  5E 86 07
2025-10-11T16:19:14.423335,390.753,can1  100  [03]  5E 86 07
2025-10-11T16:19:14.427191,390.757,can1  120  [04]  C0 C2 DA 06
2025-10-11T16:19:14.430630,390.760,can1  120  [04]  C0 C2 DA 06
2025-10-11T16:19:15.390460,391.720,can1  110  [02]  D0 07
2025-10-11T16:19:15.410064,391.739,can1  110  [02]  D0 07
2025-10-11T16:19:15.413463,391.743,can1  100  [03]  AE D8 05
2025-10-11T16:19:15.416592,391.746,can1  100  [03]  AE D8 05
2025-10-11T16:19:15.420507,391.750,can1  120  [04]  60 61 6D 03
2025-10-11T16:19:15.423926,391.753,can1  120  [04]  60 61 6D 03
2025-10-11T16:19:17.057505,393.387,can1  110  [02]  B8 0B
2025-10-11T16:19:17.060060,393.389,can1  110  [02]  B8 0B
2025-10-11T16:19:17.063454,393.393,can1  100  [03]  5E 86 07
2025-10-11T16:19:17.066778,393.396,can1  100  [03]  5E 86 07
2025-10-11T16:19:17.071004,393.400,can1  120  [04]  C0 C2 DA 06
2025-10-11T16:19:17.075216,393.405,can1  120  [04]  C0 C2 DA 06
2025-10-11T16:19:17.942254,394.272,can1  110  [02]  88 13
2025-10-11T16:19:17.945401,394.275,can1  110  [02]  88 13
2025-10-11T16:19:17.949299,394.279,can1  100  [03]  0E 34 09
2025-10-11T16:19:17.952296,394.282,can1  100  [03]  0E 34 09
2025-10-11T16:19:17.956108,394.286,can1  120  [04]  20 24 48 0A
2025-10-11T16:19:17.960153,394.290,can1  120  [04]  20 24 48 0A
2025-10-11T16:19:19.715330,396.045,can1  110  [02]  70 17
2025-10-11T16:19:19.718042,396.047,can1  110  [02]  70 17
2025-10-11T16:19:19.721243,396.051,can1  100  [03]  BE E1 0A
2025-10-11T16:19:19.724791,396.054,can1  100  [03]  BE E1 0A
2025-10-11T16:19:19.727559,396.057,can1  120  [04]  80 85 B5 0D
2025-10-11T16:19:19.731984,396.061,can1  120  [04]  80 85 B5 0D
2025-10-11T16:19:20.596870,396.926,can1  110  [02]  40 1F
2025-10-11T16:19:20.600351,396.930,can1  110  [02]  40 1F
2025-10-11T16:19:20.603635,396.933,can1  100  [03]  6E 8F 0C
2025-10-11T16:19:20.606592,396.936,can1  100  [03]  6E 8F 0C
2025-10-11T16:19:20.610297,396.940,can1  120  [04]  E0 E6 22 11
2025-10-11T16:19:20.613293,396.943,can1  120  [04]  E0 E6 22 11
2025-10-11T16:19:21.574625,397.904,can1  110  [02]  28 23
2025-10-11T16:19:21.577633,397.907,can1  110  [02]  28 23
2025-10-11T16:19:21.581256,397.911,can1  100  [03]  1E 3D 0E
2025-10-11T16:19:21.584480,397.914,can1  100  [03]  1E 3D 0E
2025-10-11T16:19:22.575117,398.905,can1  120  [04]  40 48 90 14
2025-10-11T16:19:22.578649,398.908,can1  120  [04]  40 48 90 14
2025-10-11T16:19:23.620000,399.949,can1  110  [02]  10 27
2025-10-11T16:19:23.620263,399.950,can1  110  [02]  10 27
2025-10-11T16:19:23.620322,399.950,can1  100  [03]  CE EA 0F
2025-10-11T16:19:23.620363,399.950,can1  100  [03]  CE EA 0F
2025-10-11T16:19:23.620402,399.950,can1  120  [04]  A0 A9 FD 17
2025-10-11T16:19:23.620448,399.950,can1  120  [04]  A0 A9 FD 17
2025-10-11T16:19:24.212543,400.542,can1  110  [02]  E0 2E
2025-10-11T16:19:24.215542,400.545,can1  110  [02]  E0 2E
2025-10-11T16:19:24.219308,400.549,can1  100  [03]  7E 98 11
2025-10-11T16:19:24.222939,400.552,can1  100  [03]  7E 98 11
2025-10-11T16:19:24.226629,400.556,can1  120  [04]  00 0B 6B 1B
2025-10-11T16:19:24.230480,400.560,can1  120  [04]  00 0B 6B 1B
2025-10-11T16:19:25.424970,401.754,can1  110  [02]  C8 32
2025-10-11T16:19:25.427496,401.757,can1  110  [02]  C8 32
2025-10-11T16:19:25.429983,401.759,can1  100  [03]  2E 46 13
2025-10-11T16:19:25.433576,401.763,can1  100  [03]  2E 46 13
2025-10-11T16:19:25.437532,401.767,can1  120  [04]  60 6C D8 1E
2025-10-11T16:19:25.440918,401.770,can1  120  [04]  60 6C D8 1E
2025-10-11T16:19:26.737180,403.067,can1  110  [02]  E0 2E
2025-10-11T16:19:26.739811,403.069,can1  110  [02]  E0 2E
2025-10-11T16:19:26.744427,403.074,can1  100  [03]  7E 98 11
2025-10-11T16:19:26.747633,403.077,can1  100  [03]  7E 98 11
2025-10-11T16:19:26.751261,403.081,can1  120  [04]  00 0B 6B 1B
2025-10-11T16:19:26.754194,403.084,can1  120  [04]  00 0B 6B 1B
2025-10-11T16:19:28.168964,404.498,can1  110  [02]  10 27
2025-10-11T16:19:28.171483,404.501,can1  110  [02]  10 27
2025-10-11T16:19:28.174298,404.504,can1  100  [03]  CE EA 0F
2025-10-11T16:19:28.178361,404.508,can1  100  [03]  CE EA 0F
2025-10-11T16:19:28.182077,404.512,can1  120  [04]  A0 A9 FD 17
2025-10-11T16:19:28.185192,404.515,can1  120  [04]  A0 A9 FD 17
2025-10-11T16:19:29.375317,405.705,can1  110  [02]  28 23
2025-10-11T16:19:29.377994,405.707,can1  110  [02]  28 23
2025-10-11T16:19:29.380218,405.710,can1  100  [03]  1E 3D 0E
2025-10-11T16:19:29.383492,405.713,can1  100  [03]  1E 3D 0E
2025-10-11T16:19:29.386299,405.716,can1  120  [04]  40 48 90 14
2025-10-11T16:19:29.389162,405.719,can1  120  [04]  40 48 90 14
2025-10-11T16:19:30.358607,406.688,can1  110  [02]  40 1F
2025-10-11T16:19:30.361073,406.691,can1  110  [02]  40 1F
2025-10-11T16:19:30.898016,407.227,can1  100  [03]  6E 8F 0C
2025-10-11T16:19:30.900742,407.230,can1  100  [03]  6E 8F 0C
2025-10-11T16:19:30.903321,407.233,can1  120  [04]  E0 E6 22 11
2025-10-11T16:19:30.906240,407.236,can1  120  [04]  E0 E6 22 11
2025-10-11T16:19:32.111588,408.441,can1  110  [02]  70 17
2025-10-11T16:19:32.114230,408.444,can1  110  [02]  70 17
2025-10-11T16:19:32.116955,408.446,can1  100  [03]  BE E1 0A
2025-10-11T16:19:32.120540,408.450,can1  100  [03]  BE E1 0A
2025-10-11T16:19:32.124149,408.454,can1  120  [04]  80 85 B5 0D
2025-10-11T16:19:32.127650,408.457,can1  120  [04]  80 85 B5 0D
2025-10-11T16:19:33.426375,409.756,can1  110  [02]  88 13
2025-10-11T16:19:33.428904,409.758,can1  110  [02]  88 13
2025-10-11T16:19:33.431842,409.761,can1  100  [03]  0E 34 09
2025-10-11T16:19:33.435555,409.765,can1  100  [03]  0E 34 09
2025-10-11T16:19:33.438777,409.768,can1  120  [04]  20 24 48 0A
2025-10-11T16:19:33.441538,409.771,can1  120  [04]  20 24 48 0A
2025-10-11T16:19:35.169614,411.499,can1  110  [02]  B8 0B
2025-10-11T16:19:35.172032,411.501,can1  110  [02]  B8 0B
2025-10-11T16:19:35.174688,411.504,can1  100  [03]  5E 86 07
2025-10-11T16:19:35.179254,411.509,can1  100  [03]  5E 86 07
2025-10-11T16:19:35.240834,411.570,can1  120  [04]  C0 C2 DA 06
2025-10-11T16:19:35.244432,411.574,can1  120  [04]  C0 C2 DA 06
2025-10-11T16:19:36.276120,412.606,can1  110  [02]  D0 07
2025-10-11T16:19:36.278925,412.608,can1  110  [02]  D0 07
2025-10-11T16:19:36.283245,412.613,can1  100  [03]  AE D8 05
2025-10-11T16:19:36.286775,412.616,can1  100  [03]  AE D8 05
2025-10-11T16:19:36.290651,412.620,can1  120  [04]  60 61 6D 03
2025-10-11T16:19:36.294119,412.624,can1  120  [04]  60 61 6D 03
2025-10-11T16:19:37.278812,413.608,can1  110  [02]  B8 0B
2025-10-11T16:19:37.281888,413.611,can1  110  [02]  B8 0B
2025-10-11T16:19:37.285187,413.615,can1  100  [03]  5E 86 07
2025-10-11T16:19:37.288174,413.618,can1  100  [03]  5E 86 07
2025-10-11T16:19:37.290976,413.620,can1  120  [04]  C0 C2 DA 06
2025-10-11T16:19:37.295486,413.625,can1  120  [04]  C0 C2 DA 06
2025-10-11T16:19:39.264083,415.594,can1  110  [02]  88 13
2025-10-11T16:19:39.267323,415.597,can1  110  [02]  88 13
2025-10-11T16:19:39.271603,415.601,can1  100  [03]  0E 34 09
2025-10-11T16:19:39.276254,415.606,can1  100  [03]  0E 34 09
2025-10-11T16:19:39.280829,415.610,can1  120  [04]  20 24 48 0A
2025-10-11T16:19:39.285629,415.615,can1  120  [04]  20 24 48 0A
2025-10-11T16:19:40.378719,416.708,can1  110  [02]  70 17
2025-10-11T16:19:40.381987,416.711,can1  110  [02]  70 17
2025-10-11T16:19:40.385300,416.715,can1  100  [03]  BE E1 0A
2025-10-11T16:19:40.388551,416.718,can1  100  [03]  BE E1 0A
2025-10-11T16:19:40.394660,416.724,can1  120  [04]  80 85 B5 0D
2025-10-11T16:19:40.400391,416.730,can1  120  [04]  80 85 B5 0D
2025-10-11T16:19:41.580423,417.910,can1  110  [02]  40 1F
2025-10-11T16:19:41.583628,417.913,can1  110  [02]  40 1F
2025-10-11T16:19:41.587225,417.917,can1  100  [03]  6E 8F 0C
2025-10-11T16:19:41.590599,417.920,can1  100  [03]  6E 8F 0C
2025-10-11T16:19:41.594363,417.924,can1  120  [04]  E0 E6 22 11
2025-10-11T16:19:41.597575,417.927,can1  120  [04]  E0 E6 22 11
2025-10-11T16:19:42.675011,419.004,can1  110  [02]  28 23
2025-10-11T16:19:42.678223,419.008,can1  110  [02]  28 23
2025-10-11T16:19:42.682581,419.012,can1  100  [03]  1E 3D 0E
2025-10-11T16:19:42.686161,419.016,can1  100  [03]  1E 3D 0E
2025-10-11T16:19:42.689902,419.019,can1  120  [04]  40 48 90 14
2025-10-11T16:19:42.694016,419.023,can1  120  [04]  40 48 90 14
2025-10-11T16:19:43.540667,419.870,can1  110  [02]  10 27
2025-10-11T16:19:43.543697,419.873,can1  110  [02]  10 27
2025-10-11T16:19:44.415769,420.745,can1  100  [03]  CE EA 0F
2025-10-11T16:19:44.418955,420.748,can1  100  [03]  CE EA 0F
2025-10-11T16:19:44.423365,420.753,can1  120  [04]  A0 A9 FD 17
2025-10-11T16:19:44.427370,420.757,can1  120  [04]  A0 A9 FD 17
2025-10-11T16:19:45.297129,421.627,can1  110  [02]  E0 2E
2025-10-11T16:19:45.300080,421.630,can1  110  [02]  E0 2E
2025-10-11T16:19:45.304371,421.634,can1  100  [03]  7E 98 11
2025-10-11T16:19:45.307579,421.637,can1  100  [03]  7E 98 11
2025-10-11T16:19:45.312936,421.642,can1  120  [04]  00 0B 6B 1B
2025-10-11T16:19:45.316570,421.646,can1  120  [04]  00 0B 6B 1B
2025-10-11T16:19:46.181442,422.511,can1  110  [02]  C8 32
2025-10-11T16:19:46.184809,422.514,can1  110  [02]  C8 32
2025-10-11T16:19:47.062011,423.391,can1  100  [03]  2E 46 13
2025-10-11T16:19:47.064837,423.394,can1  100  [03]  2E 46 13
2025-10-11T16:19:47.069117,423.399,can1  120  [04]  60 6C D8 1E
2025-10-11T16:19:47.072066,423.401,can1  120  [04]  60 6C D8 1E
2025-10-11T16:19:48.042893,424.372,can1  110  [02]  E0 2E
2025-10-11T16:19:48.045673,424.375,can1  110  [02]  E0 2E
2025-10-11T16:19:48.049633,424.379,can1  100  [03]  7E 98 11
2025-10-11T16:19:48.052764,424.382,can1  100  [03]  7E 98 11
2025-10-11T16:19:48.056213,424.386,can1  120  [04]  00 0B 6B 1B
2025-10-11T16:19:48.060790,424.390,can1  120  [04]  00 0B 6B 1B
2025-10-11T16:19:48.921565,425.251,can1  110  [02]  10 27
2025-10-11T16:19:48.924294,425.254,can1  110  [02]  10 27
2025-10-11T16:19:48.928166,425.258,can1  100  [03]  CE EA 0F
2025-10-11T16:19:48.931020,425.260,can1  100  [03]  CE EA 0F
2025-10-11T16:19:49.807531,426.137,can1  120  [04]  A0 A9 FD 17
2025-10-11T16:19:49.811056,426.140,can1  120  [04]  A0 A9 FD 17
2025-10-11T16:19:50.684929,427.014,can1  110  [02]  28 23
2025-10-11T16:19:50.687623,427.017,can1  110  [02]  28 23
2025-10-11T16:19:50.690429,427.020,can1  100  [03]  1E 3D 0E
2025-10-11T16:19:50.694535,427.024,can1  100  [03]  1E 3D 0E
2025-10-11T16:19:50.696975,427.026,can1  120  [04]  40 48 90 14
2025-10-11T16:19:50.700119,427.030,can1  120  [04]  40 48 90 14
2025-10-11T16:19:51.555314,427.885,can1  110  [02]  40 1F
2025-10-11T16:19:51.558692,427.888,can1  110  [02]  40 1F
2025-10-11T16:19:51.562330,427.892,can1  100  [03]  6E 8F 0C
2025-10-11T16:19:51.565056,427.894,can1  100  [03]  6E 8F 0C
2025-10-11T16:19:51.568862,427.898,can1  120  [04]  E0 E6 22 11
2025-10-11T16:19:51.572178,427.902,can1  120  [04]  E0 E6 22 11
2025-10-11T16:19:53.314429,429.644,can1  110  [02]  70 17
2025-10-11T16:19:53.317197,429.647,can1  110  [02]  70 17
2025-10-11T16:19:53.319836,429.649,can1  100  [03]  BE E1 0A
2025-10-11T16:19:53.323165,429.653,can1  100  [03]  BE E1 0A
2025-10-11T16:19:53.327286,429.657,can1  120  [04]  80 85 B5 0D
2025-10-11T16:19:53.330913,429.660,can1  120  [04]  80 85 B5 0D
2025-10-11T16:19:54.186864,430.516,can1  110  [02]  88 13
2025-10-11T16:19:54.190241,430.520,can1  110  [02]  88 13
2025-10-11T16:19:54.193857,430.523,can1  100  [03]  0E 34 09
2025-10-11T16:19:54.196738,430.526,can1  100  [03]  0E 34 09
2025-10-11T16:19:54.200276,430.530,can1  120  [04]  20 24 48 0A
2025-10-11T16:19:54.204055,430.533,can1  120  [04]  20 24 48 0A
2025-10-11T16:19:55.164343,431.494,can1  110  [02]  B8 0B
2025-10-11T16:19:55.167617,431.497,can1  110  [02]  B8 0B
2025-10-11T16:19:56.158589,432.488,can1  100  [03]  5E 86 07
2025-10-11T16:19:56.161548,432.491,can1  100  [03]  5E 86 07
2025-10-11T16:19:56.165423,432.495,can1  120  [04]  C0 C2 DA 06
2025-10-11T16:19:56.168189,432.498,can1  120  [04]  C0 C2 DA 06
2025-10-11T16:19:56.722111,433.052,can1  110  [02]  D0 07
2025-10-11T16:19:56.724461,433.054,can1  110  [02]  D0 07
2025-10-11T16:19:56.727212,433.057,can1  100  [03]  AE D8 05
2025-10-11T16:19:56.731097,433.061,can1  100  [03]  AE D8 05
2025-10-11T16:19:56.735330,433.065,can1  120  [04]  60 61 6D 03
2025-10-11T16:19:56.738841,433.068,can1  120  [04]  60 61 6D 03
2025-10-11T16:19:57.708712,434.038,can1  110  [02]  B8 0B
2025-10-11T16:19:57.711520,434.041,can1  110  [02]  B8 0B
2025-10-11T16:19:58.255855,434.585,can1  100  [03]  5E 86 07
2025-10-11T16:19:58.258522,434.588,can1  100  [03]  5E 86 07
2025-10-11T16:19:58.261188,434.591,can1  120  [04]  C0 C2 DA 06
2025-10-11T16:19:58.264376,434.594,can1  120  [04]  C0 C2 DA 06
2025-10-11T16:19:59.157990,435.487,can1  110  [02]  88 13
2025-10-11T16:19:59.160752,435.490,can1  110  [02]  88 13
2025-10-11T16:19:59.163840,435.493,can1  100  [03]  0E 34 09
2025-10-11T16:19:59.166812,435.496,can1  100  [03]  0E 34 09
2025-10-11T16:19:59.595375,435.925,can1  120  [04]  20 24 48 0A
2025-10-11T16:19:59.598015,435.927,can1  120  [04]  20 24 48 0A
2025-10-11T16:20:00.458914,436.788,can1  110  [02]  70 17
2025-10-11T16:20:00.461362,436.791,can1  110  [02]  70 17
2025-10-11T16:20:00.463668,436.793,can1  100  [03]  BE E1 0A
2025-10-11T16:20:00.466873,436.796,can1  100  [03]  BE E1 0A
2025-10-11T16:20:00.910201,437.240,can1  120  [04]  80 85 B5 0D
2025-10-11T16:20:00.912596,437.242,can1  120  [04]  80 85 B5 0D
2025-10-11T16:20:01.890625,438.220,can1  110  [02]  40 1F
2025-10-11T16:20:01.893558,438.223,can1  110  [02]  40 1F
2025-10-11T16:20:01.895827,438.225,can1  100  [03]  6E 8F 0C
2025-10-11T16:20:01.898869,438.228,can1  100  [03]  6E 8F 0C
2025-10-11T16:20:01.901859,438.231,can1  120  [04]  E0 E6 22 11
2025-10-11T16:20:01.904718,438.234,can1  120  [04]  E0 E6 22 11
2025-10-11T16:20:02.991406,439.321,can1  110  [02]  28 23
2025-10-11T16:20:02.993967,439.323,can1  110  [02]  28 23
2025-10-11T16:20:02.996139,439.326,can1  100  [03]  1E 3D 0E
2025-10-11T16:20:02.999752,439.329,can1  100  [03]  1E 3D 0E
2025-10-11T16:20:03.537540,439.867,can1  120  [04]  40 48 90 14
2025-10-11T16:20:03.539872,439.869,can1  120  [04]  40 48 90 14
2025-10-11T16:20:04.521455,440.851,can1  110  [02]  10 27
2025-10-11T16:20:04.524666,440.854,can1  110  [02]  10 27
2025-10-11T16:20:04.528489,440.858,can1  100  [03]  CE EA 0F
2025-10-11T16:20:04.531415,440.861,can1  100  [03]  CE EA 0F
2025-10-11T16:20:04.534497,440.864,can1  120  [04]  A0 A9 FD 17
2025-10-11T16:20:04.537765,440.867,can1  120  [04]  A0 A9 FD 17
2025-10-11T16:20:05.510227,441.840,can1  110  [02]  E0 2E
2025-10-11T16:20:05.512401,441.842,can1  110  [02]  E0 2E
2025-10-11T16:20:05.964253,442.294,can1  100  [03]  7E 98 11
2025-10-11T16:20:05.966547,442.296,can1  100  [03]  7E 98 11
2025-10-11T16:20:05.968857,442.298,can1  120  [04]  00 0B 6B 1B
2025-10-11T16:20:05.971617,442.301,can1  120  [04]  00 0B 6B 1B
2025-10-11T16:20:06.958691,443.288,can1  110  [02]  C8 32
2025-10-11T16:20:06.961362,443.291,can1  110  [02]  C8 32
2025-10-11T16:20:06.965075,443.295,can1  100  [03]  2E 46 13
2025-10-11T16:20:06.967933,443.297,can1  100  [03]  2E 46 13
2025-10-11T16:20:07.520532,443.850,can1  120  [04]  60 6C D8 1E
2025-10-11T16:20:07.522978,443.852,can1  120  [04]  60 6C D8 1E
2025-10-11T16:20:08.499831,444.829,can1  110  [02]  E0 2E
2025-10-11T16:20:08.502593,444.832,can1  110  [02]  E0 2E
2025-10-11T16:20:08.506117,444.836,can1  100  [03]  7E 98 11
2025-10-11T16:20:08.508678,444.838,can1  100  [03]  7E 98 11
2025-10-11T16:20:08.511986,444.841,can1  120  [04]  00 0B 6B 1B
2025-10-11T16:20:08.515333,444.845,can1  120  [04]  00 0B 6B 1B
2025-10-11T16:20:09.594218,445.924,can1  110  [02]  10 27
2025-10-11T16:20:09.598140,445.928,can1  110  [02]  10 27
2025-10-11T16:20:09.601596,445.931,can1  100  [03]  CE EA 0F
2025-10-11T16:20:09.605573,445.935,can1  100  [03]  CE EA 0F
2025-10-11T16:20:09.608731,445.938,can1  120  [04]  A0 A9 FD 17
2025-10-11T16:20:09.613633,445.943,can1  120  [04]  A0 A9 FD 17
2025-10-11T16:20:10.693659,447.023,can1  110  [02]  28 23
2025-10-11T16:20:10.696293,447.026,can1  110  [02]  28 23
2025-10-11T16:20:11.237573,447.567,can1  100  [03]  1E 3D 0E
2025-10-11T16:20:11.240336,447.570,can1  100  [03]  1E 3D 0E
2025-10-11T16:20:11.242960,447.572,can1  120  [04]  40 48 90 14
2025-10-11T16:20:11.246327,447.576,can1  120  [04]  40 48 90 14
2025-10-11T16:20:12.220135,448.550,can1  110  [02]  40 1F
2025-10-11T16:20:12.223085,448.553,can1  110  [02]  40 1F
2025-10-11T16:20:12.226092,448.556,can1  100  [03]  6E 8F 0C
2025-10-11T16:20:12.230483,448.560,can1  100  [03]  6E 8F 0C
2025-10-11T16:20:12.233768,448.563,can1  120  [04]  E0 E6 22 11
2025-10-11T16:20:12.237085,448.567,can1  120  [04]  E0 E6 22 11
2025-10-11T16:20:13.306000,449.635,can1  110  [02]  70 17
2025-10-11T16:20:13.308818,449.638,can1  110  [02]  70 17
2025-10-11T16:20:13.855673,450.185,can1  100  [03]  BE E1 0A
2025-10-11T16:20:13.858290,450.188,can1  100  [03]  BE E1 0A
2025-10-11T16:20:13.860451,450.190,can1  120  [04]  80 85 B5 0D
2025-10-11T16:20:13.864587,450.194,can1  120  [04]  80 85 B5 0D
2025-10-11T16:20:14.944161,451.274,can1  110  [02]  88 13
2025-10-11T16:20:14.946638,451.276,can1  110  [02]  88 13
2025-10-11T16:20:14.949096,451.279,can1  100  [03]  0E 34 09
2025-10-11T16:20:14.952187,451.282,can1  100  [03]  0E 34 09
2025-10-11T16:20:14.954923,451.284,can1  120  [04]  20 24 48 0A
2025-10-11T16:20:14.957886,451.287,can1  120  [04]  20 24 48 0A
2025-10-11T16:20:15.940554,452.270,can1  110  [02]  B8 0B
2025-10-11T16:20:15.943543,452.273,can1  110  [02]  B8 0B
2025-10-11T16:20:15.947320,452.277,can1  100  [03]  5E 86 07
2025-10-11T16:20:15.950148,452.280,can1  100  [03]  5E 86 07
2025-10-11T16:20:16.488993,452.818,can1  120  [04]  C0 C2 DA 06
2025-10-11T16:20:16.491903,452.821,can1  120  [04]  C0 C2 DA 06
2025-10-11T16:20:17.357946,453.687,can1  110  [02]  D0 07
2025-10-11T16:20:17.361125,453.691,can1  110  [02]  D0 07
2025-10-11T16:20:17.364316,453.694,can1  100  [03]  AE D8 05
2025-10-11T16:20:17.368058,453.697,can1  100  [03]  AE D8 05
2025-10-11T16:20:17.371155,453.701,can1  120  [04]  60 61 6D 03
2025-10-11T16:20:17.374089,453.704,can1  120  [04]  60 61 6D 03
2025-10-11T16:20:18.454785,454.784,can1  110  [02]  B8 0B
2025-10-11T16:20:18.457502,454.787,can1  110  [02]  B8 0B
2025-10-11T16:20:18.461165,454.791,can1  100  [03]  5E 86 07
2025-10-11T16:20:18.464077,454.794,can1  100  [03]  5E 86 07
2025-10-11T16:20:18.895728,455.225,can1  120  [04]  C0 C2 DA 06
2025-10-11T16:20:18.898656,455.228,can1  120  [04]  C0 C2 DA 06
2025-10-11T16:20:20.084794,456.414,can1  110  [02]  88 13
2025-10-11T16:20:20.087315,456.417,can1  110  [02]  88 13
2025-10-11T16:20:20.089922,456.419,can1  100  [03]  0E 34 09
2025-10-11T16:20:20.093175,456.423,can1  100  [03]  0E 34 09
2025-10-11T16:20:20.096000,456.425,can1  120  [04]  20 24 48 0A
2025-10-11T16:20:20.099041,456.428,can1  120  [04]  20 24 48 0A
2025-10-11T16:20:20.975468,457.305,can1  110  [02]  70 17
2025-10-11T16:20:20.978079,457.308,can1  110  [02]  70 17
2025-10-11T16:20:20.980886,457.310,can1  100  [03]  BE E1 0A
2025-10-11T16:20:20.984413,457.314,can1  100  [03]  BE E1 0A
2025-10-11T16:20:21.521887,457.851,can1  120  [04]  80 85 B5 0D
2025-10-11T16:20:21.524473,457.854,can1  120  [04]  80 85 B5 0D
2025-10-11T16:20:22.407332,458.737,can1  110  [02]  40 1F
2025-10-11T16:20:22.410143,458.740,can1  110  [02]  40 1F
2025-10-11T16:20:22.412406,458.742,can1  100  [03]  6E 8F 0C
2025-10-11T16:20:22.415963,458.745,can1  100  [03]  6E 8F 0C
2025-10-11T16:20:22.418566,458.748,can1  120  [04]  E0 E6 22 11
2025-10-11T16:20:22.422103,458.752,can1  120  [04]  E0 E6 22 11
2025-10-11T16:20:23.395034,459.724,can1  110  [02]  28 23
2025-10-11T16:20:23.398991,459.729,can1  110  [02]  28 23
2025-10-11T16:20:24.060488,460.390,can1  100  [03]  1E 3D 0E
2025-10-11T16:20:24.063017,460.392,can1  100  [03]  1E 3D 0E
2025-10-11T16:20:24.066081,460.396,can1  120  [04]  40 48 90 14
2025-10-11T16:20:24.069650,460.399,can1  120  [04]  40 48 90 14
2025-10-11T16:20:25.276440,461.606,can1  110  [02]  10 27
2025-10-11T16:20:25.278830,461.608,can1  110  [02]  10 27
2025-10-11T16:20:25.281193,461.611,can1  100  [03]  CE EA 0F
2025-10-11T16:20:25.284456,461.614,can1  100  [03]  CE EA 0F
2025-10-11T16:20:25.288015,461.617,can1  120  [04]  A0 A9 FD 17
2025-10-11T16:20:25.291134,461.621,can1  120  [04]  A0 A9 FD 17
2025-10-11T16:20:26.279723,462.609,can1  110  [02]  E0 2E
2025-10-11T16:20:26.284439,462.614,can1  110  [02]  E0 2E
2025-10-11T16:20:26.820188,463.150,can1  100  [03]  7E 98 11
2025-10-11T16:20:26.822732,463.152,can1  100  [03]  7E 98 11
2025-10-11T16:20:26.826076,463.156,can1  120  [04]  00 0B 6B 1B
2025-10-11T16:20:26.830567,463.160,can1  120  [04]  00 0B 6B 1B
2025-10-11T16:20:28.032636,464.362,can1  110  [02]  C8 32
2025-10-11T16:20:28.036217,464.366,can1  110  [02]  C8 32
2025-10-11T16:20:28.041310,464.371,can1  100  [03]  2E 46 13
2025-10-11T16:20:28.048131,464.378,can1  100  [03]  2E 46 13
2025-10-11T16:20:28.051528,464.381,can1  120  [04]  60 6C D8 1E
2025-10-11T16:20:28.054480,464.384,can1  120  [04]  60 6C D8 1E
2025-10-11T16:20:29.123721,465.453,can1  110  [02]  E0 2E
2025-10-11T16:20:29.126414,465.456,can1  110  [02]  E0 2E
2025-10-11T16:20:29.130297,465.460,can1  100  [03]  7E 98 11
2025-10-11T16:20:29.133209,465.463,can1  100  [03]  7E 98 11
2025-10-11T16:20:29.136655,465.466,can1  120  [04]  00 0B 6B 1B
2025-10-11T16:20:29.140238,465.470,can1  120  [04]  00 0B 6B 1B
2025-10-11T16:20:30.127009,466.456,can1  110  [02]  10 27
2025-10-11T16:20:30.129899,466.459,can1  110  [02]  10 27
2025-10-11T16:20:30.134182,466.464,can1  100  [03]  CE EA 0F
2025-10-11T16:20:30.136809,466.466,can1  100  [03]  CE EA 0F
2025-10-11T16:20:31.115332,467.445,can1  120  [04]  A0 A9 FD 17
2025-10-11T16:20:31.118026,467.447,can1  120  [04]  A0 A9 FD 17
2025-10-11T16:20:32.111048,468.440,can1  110  [02]  28 23
2025-10-11T16:20:32.114072,468.444,can1  110  [02]  28 23
2025-10-11T16:20:32.117474,468.447,can1  100  [03]  1E 3D 0E
2025-10-11T16:20:32.121182,468.451,can1  100  [03]  1E 3D 0E
2025-10-11T16:20:32.125387,468.455,can1  120  [04]  40 48 90 14
2025-10-11T16:20:32.128443,468.458,can1  120  [04]  40 48 90 14
2025-10-11T16:20:33.106468,469.436,can1  110  [02]  40 1F
2025-10-11T16:20:33.109645,469.439,can1  110  [02]  40 1F
2025-10-11T16:20:33.113209,469.443,can1  100  [03]  6E 8F 0C
2025-10-11T16:20:33.115989,469.445,can1  100  [03]  6E 8F 0C
2025-10-11T16:20:33.119568,469.449,can1  120  [04]  E0 E6 22 11
2025-10-11T16:20:33.123271,469.453,can1  120  [04]  E0 E6 22 11
2025-10-11T16:20:33.988430,470.318,can1  110  [02]  70 17
2025-10-11T16:20:33.991422,470.321,can1  110  [02]  70 17
2025-10-11T16:20:33.995452,470.325,can1  100  [03]  BE E1 0A
2025-10-11T16:20:33.998387,470.328,can1  100  [03]  BE E1 0A
2025-10-11T16:20:35.073488,471.403,can1  120  [04]  80 85 B5 0D
2025-10-11T16:20:35.077444,471.407,can1  120  [04]  80 85 B5 0D
