Timestamp,Elapsed_Time_s,CAN_Message
2025-10-11T15:04:31.890992,4.124,can1  110  [02]  58 1B
2025-10-11T15:04:31.891698,4.125,can1  110  [02]  58 1B
2025-10-11T15:04:31.892867,4.126,can1  100  [03]  70 11 01
2025-10-11T15:04:31.894105,4.127,can1  100  [03]  70 11 01
2025-10-11T15:04:32.355227,4.588,can1  120  [04]  80 1D 2C 04
2025-10-11T15:04:32.357008,4.590,can1  120  [04]  80 1D 2C 04
2025-10-11T15:04:34.202455,6.435,can1  206  [16]  C0 5D 96 00 40 1F C9 41 60 75 C8 32 58 31 00 00
2025-10-11T15:04:34.204357,6.437,can1  206  [16]  C0 5D 96 00 40 1F C9 41 60 75 C8 32 58 31 00 00
2025-10-11T15:04:36.366356,8.599,can1  110  [02]  40 1F
2025-10-11T15:04:36.367808,8.601,can1  110  [02]  40 1F
2025-10-11T15:04:36.369312,8.602,can1  100  [03]  80 38 01
2025-10-11T15:04:36.370664,8.604,can1  100  [03]  80 38 01
2025-10-11T15:04:36.372847,8.606,can1  120  [04]  00 B4 C4 04
2025-10-11T15:04:36.374860,8.608,can1  120  [04]  00 B4 C4 04
2025-10-11T15:04:38.969982,11.203,can1  206  [16]  C0 5D 96 00 40 1F C9 41 60 75 C8 32 58 31 00 00
2025-10-11T15:04:38.981001,11.214,can1  206  [16]  C0 5D 96 00 40 1F C9 41 60 75 C8 32 58 31 00 00
2025-10-11T15:04:41.118557,13.351,can1  110  [02]  28 23
2025-10-11T15:04:41.119862,13.353,can1  110  [02]  28 23
2025-10-11T15:04:41.121162,13.354,can1  100  [03]  90 5F 01
2025-10-11T15:04:41.123599,13.356,can1  100  [03]  90 5F 01
2025-10-11T15:04:41.125990,13.359,can1  120  [04]  80 4A 5D 05
2025-10-11T15:04:41.127731,13.361,can1  120  [04]  80 4A 5D 05
2025-10-11T15:04:43.387765,15.621,can1  206  [16]  C0 5D 96 00 40 1F C9 41 60 75 C8 32 58 31 00 00
2025-10-11T15:04:43.390152,15.623,can1  206  [16]  C0 5D 96 00 40 1F C9 41 60 75 C8 32 58 31 00 00
2025-10-11T15:04:45.417894,17.651,can1  110  [02]  40 1F
2025-10-11T15:04:45.419666,17.653,can1  110  [02]  40 1F
2025-10-11T15:04:45.420972,17.654,can1  100  [03]  80 38 01
2025-10-11T15:04:45.423325,17.656,can1  100  [03]  80 38 01
2025-10-11T15:04:45.425469,17.658,can1  120  [04]  00 B4 C4 04
2025-10-11T15:04:45.428060,17.661,can1  120  [04]  00 B4 C4 04
2025-10-11T15:04:48.452239,20.685,can1  110  [02]  B8 0B
2025-10-11T15:04:48.454169,20.687,can1  110  [02]  B8 0B
2025-10-11T15:04:49.148168,21.381,can1  100  [03]  30 75 00
2025-10-11T15:04:49.150100,21.383,can1  100  [03]  30 75 00
2025-10-11T15:04:49.151716,21.385,can1  120  [04]  80 C3 C9 01
2025-10-11T15:04:49.153339,21.386,can1  120  [04]  80 C3 C9 01
2025-10-11T15:04:50.741203,22.974,can1  110  [02]  A0 0F
2025-10-11T15:04:50.742700,22.976,can1  110  [02]  A0 0F
2025-10-11T15:04:50.744397,22.977,can1  100  [03]  40 9C 00
2025-10-11T15:04:50.746210,22.979,can1  100  [03]  40 9C 00
2025-10-11T15:04:51.182124,23.415,can1  120  [04]  00 5A 62 02
2025-10-11T15:04:51.183504,23.416,can1  120  [04]  00 5A 62 02
2025-10-11T15:04:53.430144,25.663,can1  110  [02]  88 13
2025-10-11T15:04:53.432180,25.665,can1  110  [02]  88 13
2025-10-11T15:04:53.433602,25.666,can1  100  [03]  50 C3 00
2025-10-11T15:04:53.435118,25.668,can1  100  [03]  50 C3 00
2025-10-11T15:04:53.437198,25.670,can1  120  [04]  80 F0 FA 02
2025-10-11T15:04:53.438928,25.672,can1  120  [04]  80 F0 FA 02
2025-10-11T15:04:55.403484,27.636,can1  110  [02]  70 17
2025-10-11T15:04:55.405344,27.638,can1  110  [02]  70 17
2025-10-11T15:04:55.407269,27.640,can1  100  [03]  60 EA 00
2025-10-11T15:04:55.408972,27.642,can1  100  [03]  60 EA 00
2025-10-11T15:04:55.858179,28.091,can1  120  [04]  00 87 93 03
2025-10-11T15:04:55.859521,28.092,can1  120  [04]  00 87 93 03
2025-10-11T15:04:57.746739,29.980,can1  110  [02]  58 1B
2025-10-11T15:04:57.748317,29.981,can1  110  [02]  58 1B
2025-10-11T15:04:57.749883,29.983,can1  100  [03]  70 11 01
2025-10-11T15:04:57.751388,29.984,can1  100  [03]  70 11 01
2025-10-11T15:04:57.753491,29.986,can1  120  [04]  80 1D 2C 04
2025-10-11T15:04:57.755060,29.988,can1  120  [04]  80 1D 2C 04
2025-10-11T15:05:00.185239,32.418,can1  110  [02]  40 1F
2025-10-11T15:05:00.186859,32.420,can1  110  [02]  40 1F
2025-10-11T15:05:00.188518,32.421,can1  100  [03]  80 38 01
2025-10-11T15:05:00.189951,32.423,can1  100  [03]  80 38 01
2025-10-11T15:05:00.192402,32.425,can1  120  [04]  00 B4 C4 04
2025-10-11T15:05:00.194263,32.427,can1  120  [04]  00 B4 C4 04
2025-10-11T15:05:02.348742,34.582,can1  110  [02]  28 23
2025-10-11T15:05:02.350279,34.583,can1  110  [02]  28 23
2025-10-11T15:05:02.351961,34.585,can1  100  [03]  90 5F 01
2025-10-11T15:05:02.353488,34.586,can1  100  [03]  90 5F 01
2025-10-11T15:05:02.355279,34.588,can1  120  [04]  80 4A 5D 05
2025-10-11T15:05:02.357102,34.590,can1  120  [04]  80 4A 5D 05
2025-10-11T15:05:04.538404,36.771,can1  110  [02]  40 1F
2025-10-11T15:05:04.540881,36.774,can1  110  [02]  40 1F
2025-10-11T15:05:04.542543,36.775,can1  100  [03]  80 38 01
2025-10-11T15:05:04.544822,36.778,can1  100  [03]  80 38 01
2025-10-11T15:05:05.162655,37.395,can1  120  [04]  00 B4 C4 04
2025-10-11T15:05:05.164229,37.397,can1  120  [04]  00 B4 C4 04
2025-10-11T15:05:07.202726,39.436,can1  110  [02]  58 1B
2025-10-11T15:05:07.204794,39.438,can1  110  [02]  58 1B
2025-10-11T15:05:07.207245,39.440,can1  100  [03]  70 11 01
2025-10-11T15:05:07.209274,39.442,can1  100  [03]  70 11 01
2025-10-11T15:05:07.211526,39.444,can1  120  [04]  80 1D 2C 04
2025-10-11T15:05:07.215257,39.448,can1  120  [04]  80 1D 2C 04
2025-10-11T15:05:09.529613,41.762,can1  110  [02]  70 17
2025-10-11T15:05:09.531805,41.765,can1  110  [02]  70 17
2025-10-11T15:05:09.533660,41.767,can1  100  [03]  60 EA 00
2025-10-11T15:05:09.536053,41.769,can1  100  [03]  60 EA 00
2025-10-11T15:05:09.538103,41.771,can1  120  [04]  00 87 93 03
2025-10-11T15:05:09.542139,41.775,can1  120  [04]  00 87 93 03
2025-10-11T15:05:11.782523,44.015,can1  110  [02]  88 13
2025-10-11T15:05:11.784749,44.018,can1  110  [02]  88 13
2025-10-11T15:05:11.786865,44.020,can1  100  [03]  50 C3 00
2025-10-11T15:05:11.789625,44.022,can1  100  [03]  50 C3 00
2025-10-11T15:05:11.793111,44.026,can1  120  [04]  80 F0 FA 02
2025-10-11T15:05:11.795892,44.029,can1  120  [04]  80 F0 FA 02
2025-10-11T15:05:14.528534,46.761,can1  110  [02]  A0 0F
2025-10-11T15:05:14.531289,46.764,can1  110  [02]  A0 0F
2025-10-11T15:05:14.533466,46.766,can1  100  [03]  40 9C 00
2025-10-11T15:05:14.537558,46.770,can1  100  [03]  40 9C 00
2025-10-11T15:05:14.539300,46.772,can1  120  [04]  00 5A 62 02
2025-10-11T15:05:14.542749,46.776,can1  120  [04]  00 5A 62 02
2025-10-11T15:05:16.338412,48.571,can1  110  [02]  B8 0B
2025-10-11T15:05:16.340007,48.573,can1  110  [02]  B8 0B
2025-10-11T15:05:16.343310,48.576,can1  100  [03]  30 75 00
2025-10-11T15:05:16.346667,48.580,can1  100  [03]  30 75 00
2025-10-11T15:05:16.349987,48.583,can1  120  [04]  80 C3 C9 01
2025-10-11T15:05:16.351926,48.585,can1  120  [04]  80 C3 C9 01
2025-10-11T15:05:19.066343,51.299,can1  110  [02]  D0 07
2025-10-11T15:05:19.068664,51.302,can1  110  [02]  D0 07
2025-10-11T15:05:19.070518,51.303,can1  100  [03]  20 4E 00
2025-10-11T15:05:19.073183,51.306,can1  100  [03]  20 4E 00
2025-10-11T15:05:19.076068,51.309,can1  120  [04]  00 2D 31 01
2025-10-11T15:05:19.078136,51.311,can1  120  [04]  00 2D 31 01
2025-10-11T15:05:20.899132,53.132,can1  110  [02]  E8 03
2025-10-11T15:05:20.901576,53.134,can1  110  [02]  E8 03
2025-10-11T15:05:20.903475,53.136,can1  100  [03]  10 27 00
2025-10-11T15:05:20.905760,53.139,can1  100  [03]  10 27 00
2025-10-11T15:05:21.858195,54.091,can1  120  [04]  80 96 98 00
2025-10-11T15:05:21.860270,54.093,can1  120  [04]  80 96 98 00
2025-10-11T15:05:23.465899,55.699,can1  110  [02]  D0 07
2025-10-11T15:05:23.467551,55.700,can1  110  [02]  D0 07
2025-10-11T15:05:23.469011,55.702,can1  100  [03]  20 4E 00
2025-10-11T15:05:23.470760,55.704,can1  100  [03]  20 4E 00
2025-10-11T15:05:23.472875,55.706,can1  120  [04]  00 2D 31 01
2025-10-11T15:05:23.474641,55.707,can1  120  [04]  00 2D 31 01
2025-10-11T15:05:25.488631,57.721,can1  110  [02]  B8 0B
2025-10-11T15:05:25.490732,57.724,can1  110  [02]  B8 0B
2025-10-11T15:05:25.492499,57.725,can1  100  [03]  30 75 00
2025-10-11T15:05:25.494980,57.728,can1  100  [03]  30 75 00
2025-10-11T15:05:25.496491,57.729,can1  120  [04]  80 C3 C9 01
2025-10-11T15:05:25.498133,57.731,can1  120  [04]  80 C3 C9 01
2025-10-11T15:05:28.352559,60.585,can1  110  [02]  A0 0F
2025-10-11T15:05:28.354155,60.587,can1  110  [02]  A0 0F
2025-10-11T15:05:28.355975,60.589,can1  100  [03]  40 9C 00
2025-10-11T15:05:28.357771,60.591,can1  100  [03]  40 9C 00
2025-10-11T15:05:28.360127,60.593,can1  120  [04]  00 5A 62 02
2025-10-11T15:05:28.361793,60.595,can1  120  [04]  00 5A 62 02
2025-10-11T15:05:30.130548,62.363,can1  110  [02]  88 13
2025-10-11T15:05:30.132593,62.365,can1  110  [02]  88 13
2025-10-11T15:05:30.134378,62.367,can1  100  [03]  50 C3 00
2025-10-11T15:05:30.137644,62.370,can1  100  [03]  50 C3 00
2025-10-11T15:05:30.959601,63.192,can1  120  [04]  80 F0 FA 02
2025-10-11T15:05:30.961381,63.194,can1  120  [04]  80 F0 FA 02
2025-10-11T15:05:32.707212,64.940,can1  110  [02]  70 17
2025-10-11T15:05:32.709152,64.942,can1  110  [02]  70 17
2025-10-11T15:05:32.710853,64.944,can1  100  [03]  60 EA 00
2025-10-11T15:05:32.712753,64.946,can1  100  [03]  60 EA 00
2025-10-11T15:05:32.715183,64.948,can1  120  [04]  00 87 93 03
2025-10-11T15:05:32.716785,64.950,can1  120  [04]  00 87 93 03
2025-10-11T15:05:35.643475,67.876,can1  110  [02]  58 1B
2025-10-11T15:05:35.645423,67.878,can1  110  [02]  58 1B
2025-10-11T15:05:35.647497,67.880,can1  100  [03]  70 11 01
2025-10-11T15:05:35.650339,67.883,can1  100  [03]  70 11 01
2025-10-11T15:05:35.652418,67.885,can1  120  [04]  80 1D 2C 04
2025-10-11T15:05:35.655742,67.889,can1  120  [04]  80 1D 2C 04
2025-10-11T15:05:37.473303,69.706,can1  110  [02]  40 1F
2025-10-11T15:05:37.475114,69.708,can1  110  [02]  40 1F
2025-10-11T15:05:37.477159,69.710,can1  100  [03]  80 38 01
2025-10-11T15:05:37.480406,69.713,can1  100  [03]  80 38 01
2025-10-11T15:05:37.482133,69.715,can1  120  [04]  00 B4 C4 04
2025-10-11T15:05:37.485033,69.718,can1  120  [04]  00 B4 C4 04
2025-10-11T15:05:40.095303,72.328,can1  110  [02]  28 23
2025-10-11T15:05:40.097065,72.330,can1  110  [02]  28 23
2025-10-11T15:05:40.099090,72.332,can1  100  [03]  90 5F 01
2025-10-11T15:05:40.101134,72.334,can1  100  [03]  90 5F 01
2025-10-11T15:05:40.103128,72.336,can1  120  [04]  80 4A 5D 05
2025-10-11T15:05:40.105047,72.338,can1  120  [04]  80 4A 5D 05
2025-10-11T15:05:41.900005,74.133,can1  110  [02]  40 1F
2025-10-11T15:05:41.901867,74.135,can1  110  [02]  40 1F
2025-10-11T15:05:42.728556,74.961,can1  100  [03]  80 38 01
2025-10-11T15:05:42.730369,74.963,can1  100  [03]  80 38 01
2025-10-11T15:05:42.732350,74.965,can1  120  [04]  00 B4 C4 04
2025-10-11T15:05:42.735565,74.968,can1  120  [04]  00 B4 C4 04
2025-10-11T15:05:44.452497,76.685,can1  110  [02]  58 1B
2025-10-11T15:05:44.454237,76.687,can1  110  [02]  58 1B
2025-10-11T15:05:44.455883,76.689,can1  100  [03]  70 11 01
2025-10-11T15:05:44.459125,76.692,can1  100  [03]  70 11 01
2025-10-11T15:05:44.460926,76.694,can1  120  [04]  80 1D 2C 04
2025-10-11T15:05:44.462890,76.696,can1  120  [04]  80 1D 2C 04
2025-10-11T15:05:47.071895,79.305,can1  110  [02]  70 17
2025-10-11T15:05:47.074314,79.307,can1  110  [02]  70 17
2025-10-11T15:05:47.076939,79.310,can1  100  [03]  60 EA 00
2025-10-11T15:05:47.079871,79.313,can1  100  [03]  60 EA 00
2025-10-11T15:05:47.081820,79.315,can1  120  [04]  00 87 93 03
2025-10-11T15:05:47.083827,79.317,can1  120  [04]  00 87 93 03
2025-10-11T15:05:48.810617,81.043,can1  110  [02]  88 13
2025-10-11T15:05:48.812280,81.045,can1  110  [02]  88 13
2025-10-11T15:05:49.664230,81.897,can1  100  [03]  50 C3 00
2025-10-11T15:05:49.666128,81.899,can1  100  [03]  50 C3 00
2025-10-11T15:05:49.668031,81.901,can1  120  [04]  80 F0 FA 02
2025-10-11T15:05:49.671048,81.904,can1  120  [04]  80 F0 FA 02
2025-10-11T15:05:51.336474,83.569,can1  110  [02]  A0 0F
2025-10-11T15:05:51.338277,83.571,can1  110  [02]  A0 0F
2025-10-11T15:05:51.339909,83.573,can1  100  [03]  40 9C 00
2025-10-11T15:05:51.343540,83.576,can1  100  [03]  40 9C 00
2025-10-11T15:05:51.345108,83.578,can1  120  [04]  00 5A 62 02
2025-10-11T15:05:51.347051,83.580,can1  120  [04]  00 5A 62 02
2025-10-11T15:05:53.970890,86.204,can1  110  [02]  B8 0B
2025-10-11T15:05:53.972905,86.206,can1  110  [02]  B8 0B
2025-10-11T15:05:53.975445,86.208,can1  100  [03]  30 75 00
2025-10-11T15:05:53.978235,86.211,can1  100  [03]  30 75 00
2025-10-11T15:05:53.979930,86.213,can1  120  [04]  80 C3 C9 01
2025-10-11T15:05:53.982237,86.215,can1  120  [04]  80 C3 C9 01
2025-10-11T15:05:55.829846,88.063,can1  110  [02]  D0 07
2025-10-11T15:05:55.832233,88.065,can1  110  [02]  D0 07
2025-10-11T15:05:55.834544,88.068,can1  100  [03]  20 4E 00
2025-10-11T15:05:55.838274,88.071,can1  100  [03]  20 4E 00
2025-10-11T15:05:56.871773,89.105,can1  120  [04]  00 2D 31 01
2025-10-11T15:05:56.873554,89.106,can1  120  [04]  00 2D 31 01
2025-10-11T15:05:58.959306,91.192,can1  110  [02]  E8 03
2025-10-11T15:05:58.963197,91.196,can1  110  [02]  E8 03
2025-10-11T15:05:58.966616,91.199,can1  100  [03]  10 27 00
2025-10-11T15:05:58.969051,91.202,can1  100  [03]  10 27 00
2025-10-11T15:05:58.971301,91.204,can1  120  [04]  80 96 98 00
2025-10-11T15:05:58.973457,91.206,can1  120  [04]  80 96 98 00
2025-10-11T15:06:01.004759,93.238,can1  110  [02]  D0 07
2025-10-11T15:06:01.007739,93.241,can1  110  [02]  D0 07
2025-10-11T15:06:01.011574,93.244,can1  100  [03]  20 4E 00
2025-10-11T15:06:01.015741,93.249,can1  100  [03]  20 4E 00
2025-10-11T15:06:01.018684,93.252,can1  120  [04]  00 2D 31 01
2025-10-11T15:06:01.020894,93.254,can1  120  [04]  00 2D 31 01
2025-10-11T15:06:03.306699,95.540,can1  110  [02]  B8 0B
2025-10-11T15:06:03.309781,95.543,can1  110  [02]  B8 0B
2025-10-11T15:06:03.314930,95.548,can1  100  [03]  30 75 00
2025-10-11T15:06:03.319424,95.552,can1  100  [03]  30 75 00
2025-10-11T15:06:03.322369,95.555,can1  120  [04]  80 C3 C9 01
2025-10-11T15:06:03.327920,95.561,can1  120  [04]  80 C3 C9 01
2025-10-11T15:06:05.672355,97.905,can1  110  [02]  A0 0F
2025-10-11T15:06:05.674615,97.907,can1  110  [02]  A0 0F
2025-10-11T15:06:05.678932,97.912,can1  100  [03]  40 9C 00
2025-10-11T15:06:05.681215,97.914,can1  100  [03]  40 9C 00
2025-10-11T15:06:05.684149,97.917,can1  120  [04]  00 5A 62 02
2025-10-11T15:06:05.687214,97.920,can1  120  [04]  00 5A 62 02
2025-10-11T15:06:07.885322,100.118,can1  110  [02]  88 13
2025-10-11T15:06:07.887946,100.121,can1  110  [02]  88 13
2025-10-11T15:06:07.890031,100.123,can1  100  [03]  50 C3 00
2025-10-11T15:06:07.893771,100.127,can1  100  [03]  50 C3 00
2025-10-11T15:06:07.896685,100.130,can1  120  [04]  80 F0 FA 02
2025-10-11T15:06:07.899478,100.132,can1  120  [04]  80 F0 FA 02
2025-10-11T15:06:10.153080,102.386,can1  110  [02]  70 17
2025-10-11T15:06:10.155782,102.389,can1  110  [02]  70 17
2025-10-11T15:06:10.160644,102.393,can1  100  [03]  60 EA 00
2025-10-11T15:06:10.165115,102.398,can1  100  [03]  60 EA 00
2025-10-11T15:06:10.167473,102.400,can1  120  [04]  00 87 93 03
2025-10-11T15:06:10.171325,102.404,can1  120  [04]  00 87 93 03
2025-10-11T15:06:12.401910,104.635,can1  110  [02]  58 1B
2025-10-11T15:06:12.403542,104.636,can1  110  [02]  58 1B
2025-10-11T15:06:12.405455,104.638,can1  100  [03]  70 11 01
2025-10-11T15:06:12.408358,104.641,can1  100  [03]  70 11 01
2025-10-11T15:06:12.410205,104.643,can1  120  [04]  80 1D 2C 04
2025-10-11T15:06:12.412968,104.646,can1  120  [04]  80 1D 2C 04
2025-10-11T15:06:14.685329,106.918,can1  110  [02]  40 1F
2025-10-11T15:06:14.687306,106.920,can1  110  [02]  40 1F
2025-10-11T15:06:14.689430,106.922,can1  100  [03]  80 38 01
2025-10-11T15:06:14.692456,106.925,can1  100  [03]  80 38 01
2025-10-11T15:06:14.694605,106.927,can1  120  [04]  00 B4 C4 04
2025-10-11T15:06:14.697499,106.930,can1  120  [04]  00 B4 C4 04
2025-10-11T15:06:16.695631,108.928,can1  110  [02]  28 23
2025-10-11T15:06:16.697679,108.931,can1  110  [02]  28 23
2025-10-11T15:06:17.187086,109.420,can1  100  [03]  90 5F 01
2025-10-11T15:06:17.188929,109.422,can1  100  [03]  90 5F 01
2025-10-11T15:06:17.190730,109.424,can1  120  [04]  80 4A 5D 05
2025-10-11T15:06:17.192557,109.425,can1  120  [04]  80 4A 5D 05
2025-10-11T15:06:19.083265,111.316,can1  110  [02]  40 1F
2025-10-11T15:06:19.085387,111.318,can1  110  [02]  40 1F
2025-10-11T15:06:19.087018,111.320,can1  100  [03]  80 38 01
2025-10-11T15:06:19.088848,111.322,can1  100  [03]  80 38 01
2025-10-11T15:06:19.091077,111.324,can1  120  [04]  00 B4 C4 04
2025-10-11T15:06:19.093295,111.326,can1  120  [04]  00 B4 C4 04
2025-10-11T15:06:21.499941,113.733,can1  110  [02]  58 1B
2025-10-11T15:06:21.501759,113.735,can1  110  [02]  58 1B
2025-10-11T15:06:21.503479,113.736,can1  100  [03]  70 11 01
2025-10-11T15:06:21.505091,113.738,can1  100  [03]  70 11 01
2025-10-11T15:06:21.507714,113.741,can1  120  [04]  80 1D 2C 04
2025-10-11T15:06:21.509904,113.743,can1  120  [04]  80 1D 2C 04
2025-10-11T15:06:23.800118,116.033,can1  110  [02]  70 17
2025-10-11T15:06:23.801990,116.035,can1  110  [02]  70 17
2025-10-11T15:06:23.804143,116.037,can1  100  [03]  60 EA 00
2025-10-11T15:06:23.806967,116.040,can1  100  [03]  60 EA 00
2025-10-11T15:06:23.808815,116.042,can1  120  [04]  00 87 93 03
2025-10-11T15:06:23.811943,116.045,can1  120  [04]  00 87 93 03
2025-10-11T15:06:26.111824,118.345,can1  110  [02]  88 13
2025-10-11T15:06:26.113408,118.346,can1  110  [02]  88 13
2025-10-11T15:06:26.115032,118.348,can1  100  [03]  50 C3 00
2025-10-11T15:06:26.116906,118.350,can1  100  [03]  50 C3 00
2025-10-11T15:06:26.119036,118.352,can1  120  [04]  80 F0 FA 02
2025-10-11T15:06:26.120714,118.354,can1  120  [04]  80 F0 FA 02
2025-10-11T15:06:27.997367,120.230,can1  110  [02]  A0 0F
2025-10-11T15:06:27.999562,120.232,can1  110  [02]  A0 0F
2025-10-11T15:06:28.451423,120.684,can1  100  [03]  40 9C 00
2025-10-11T15:06:28.453302,120.686,can1  100  [03]  40 9C 00
2025-10-11T15:06:28.455035,120.688,can1  120  [04]  00 5A 62 02
2025-10-11T15:06:28.458222,120.691,can1  120  [04]  00 5A 62 02
2025-10-11T15:06:30.245984,122.479,can1  110  [02]  B8 0B
2025-10-11T15:06:30.248828,122.482,can1  110  [02]  B8 0B
2025-10-11T15:06:30.250606,122.483,can1  100  [03]  30 75 00
2025-10-11T15:06:30.253052,122.486,can1  100  [03]  30 75 00
2025-10-11T15:06:30.726974,122.960,can1  120  [04]  80 C3 C9 01
2025-10-11T15:06:30.728848,122.962,can1  120  [04]  80 C3 C9 01
2025-10-11T15:06:32.632813,124.866,can1  110  [02]  D0 07
2025-10-11T15:06:32.634585,124.867,can1  110  [02]  D0 07
2025-10-11T15:06:32.636391,124.869,can1  100  [03]  20 4E 00
2025-10-11T15:06:32.639247,124.872,can1  100  [03]  20 4E 00
2025-10-11T15:06:33.098716,125.332,can1  120  [04]  00 2D 31 01
2025-10-11T15:06:33.100371,125.333,can1  120  [04]  00 2D 31 01
2025-10-11T15:06:34.917487,127.150,can1  110  [02]  E8 03
2025-10-11T15:06:34.919739,127.153,can1  110  [02]  E8 03
2025-10-11T15:06:34.922189,127.155,can1  100  [03]  10 27 00
2025-10-11T15:06:34.924836,127.158,can1  100  [03]  10 27 00
2025-10-11T15:06:35.381205,127.614,can1  120  [04]  80 96 98 00
2025-10-11T15:06:35.383189,127.616,can1  120  [04]  80 96 98 00
2025-10-11T15:06:37.359440,129.592,can1  110  [02]  D0 07
2025-10-11T15:06:37.361619,129.594,can1  110  [02]  D0 07
2025-10-11T15:06:37.363768,129.597,can1  100  [03]  20 4E 00
2025-10-11T15:06:37.366496,129.599,can1  100  [03]  20 4E 00
2025-10-11T15:06:37.831706,130.065,can1  120  [04]  00 2D 31 01
2025-10-11T15:06:37.834040,130.067,can1  120  [04]  00 2D 31 01
2025-10-11T15:06:39.615364,131.848,can1  110  [02]  B8 0B
2025-10-11T15:06:39.617160,131.850,can1  110  [02]  B8 0B
2025-10-11T15:06:40.121219,132.354,can1  100  [03]  30 75 00
2025-10-11T15:06:40.123320,132.356,can1  100  [03]  30 75 00
2025-10-11T15:06:40.125116,132.358,can1  120  [04]  80 C3 C9 01
2025-10-11T15:06:40.128612,132.361,can1  120  [04]  80 C3 C9 01
2025-10-11T15:06:41.990118,134.223,can1  110  [02]  A0 0F
2025-10-11T15:06:41.991853,134.225,can1  110  [02]  A0 0F
2025-10-11T15:06:42.485267,134.718,can1  100  [03]  40 9C 00
2025-10-11T15:06:42.487096,134.720,can1  100  [03]  40 9C 00
2025-10-11T15:06:42.489215,134.722,can1  120  [04]  00 5A 62 02
2025-10-11T15:06:42.492155,134.725,can1  120  [04]  00 5A 62 02
2025-10-11T15:06:44.524876,136.758,can1  110  [02]  88 13
2025-10-11T15:06:44.526895,136.760,can1  110  [02]  88 13
2025-10-11T15:06:44.530434,136.763,can1  100  [03]  50 C3 00
2025-10-11T15:06:44.533218,136.766,can1  100  [03]  50 C3 00
2025-10-11T15:06:44.535019,136.768,can1  120  [04]  80 F0 FA 02
2025-10-11T15:06:44.537976,136.771,can1  120  [04]  80 F0 FA 02
2025-10-11T15:06:46.803232,139.036,can1  110  [02]  70 17
2025-10-11T15:06:46.805661,139.039,can1  110  [02]  70 17
2025-10-11T15:06:46.808628,139.041,can1  100  [03]  60 EA 00
2025-10-11T15:06:46.811950,139.045,can1  100  [03]  60 EA 00
2025-10-11T15:06:46.815290,139.048,can1  120  [04]  00 87 93 03
2025-10-11T15:06:46.817962,139.051,can1  120  [04]  00 87 93 03
2025-10-11T15:06:48.875372,141.108,can1  110  [02]  58 1B
2025-10-11T15:06:48.877524,141.110,can1  110  [02]  58 1B
2025-10-11T15:06:49.884714,142.118,can1  100  [03]  70 11 01
2025-10-11T15:06:49.886517,142.119,can1  100  [03]  70 11 01
2025-10-11T15:06:49.889011,142.122,can1  120  [04]  80 1D 2C 04
2025-10-11T15:06:49.891376,142.124,can1  120  [04]  80 1D 2C 04
2025-10-11T15:06:51.922672,144.156,can1  110  [02]  40 1F
2025-10-11T15:06:51.925249,144.158,can1  110  [02]  40 1F
2025-10-11T15:06:51.928248,144.161,can1  100  [03]  80 38 01
2025-10-11T15:06:51.931256,144.164,can1  100  [03]  80 38 01
2025-10-11T15:06:51.933634,144.166,can1  120  [04]  00 B4 C4 04
2025-10-11T15:06:51.936257,144.169,can1  120  [04]  00 B4 C4 04
2025-10-11T15:06:53.735681,145.969,can1  110  [02]  28 23
2025-10-11T15:06:53.738616,145.971,can1  110  [02]  28 23
2025-10-11T15:06:53.740757,145.974,can1  100  [03]  90 5F 01
2025-10-11T15:06:53.743890,145.977,can1  100  [03]  90 5F 01
2025-10-11T15:06:53.747088,145.980,can1  120  [04]  80 4A 5D 05
2025-10-11T15:06:53.750963,145.984,can1  120  [04]  80 4A 5D 05
2025-10-11T15:06:56.517927,148.751,can1  110  [02]  40 1F
2025-10-11T15:06:56.520190,148.753,can1  110  [02]  40 1F
2025-10-11T15:06:56.522175,148.755,can1  100  [03]  80 38 01
2025-10-11T15:06:56.525471,148.758,can1  100  [03]  80 38 01
2025-10-11T15:06:56.528097,148.761,can1  120  [04]  00 B4 C4 04
2025-10-11T15:06:56.530562,148.763,can1  120  [04]  00 B4 C4 04
2025-10-11T15:06:58.344544,150.577,can1  110  [02]  58 1B
2025-10-11T15:06:58.346456,150.579,can1  110  [02]  58 1B
2025-10-11T15:06:58.348942,150.582,can1  100  [03]  70 11 01
2025-10-11T15:06:58.351923,150.585,can1  100  [03]  70 11 01
2025-10-11T15:06:59.307593,151.540,can1  120  [04]  80 1D 2C 04
2025-10-11T15:06:59.310242,151.543,can1  120  [04]  80 1D 2C 04
2025-10-11T15:07:01.288182,153.521,can1  110  [02]  70 17
2025-10-11T15:07:01.290155,153.523,can1  110  [02]  70 17
2025-10-11T15:07:01.291913,153.525,can1  100  [03]  60 EA 00
2025-10-11T15:07:01.294614,153.527,can1  100  [03]  60 EA 00
2025-10-11T15:07:01.296840,153.530,can1  120  [04]  00 87 93 03
2025-10-11T15:07:01.298542,153.531,can1  120  [04]  00 87 93 03
2025-10-11T15:07:03.234222,155.467,can1  110  [02]  88 13
2025-10-11T15:07:03.237094,155.470,can1  110  [02]  88 13
2025-10-11T15:07:03.239398,155.472,can1  100  [03]  50 C3 00
2025-10-11T15:07:03.242132,155.475,can1  100  [03]  50 C3 00
2025-10-11T15:07:03.245960,155.479,can1  120  [04]  80 F0 FA 02
2025-10-11T15:07:03.248749,155.482,can1  120  [04]  80 F0 FA 02
2025-10-11T15:07:06.034336,158.267,can1  110  [02]  A0 0F
2025-10-11T15:07:06.036737,158.270,can1  110  [02]  A0 0F
2025-10-11T15:07:06.038991,158.272,can1  100  [03]  40 9C 00
2025-10-11T15:07:06.041310,158.274,can1  100  [03]  40 9C 00
2025-10-11T15:07:06.043507,158.276,can1  120  [04]  00 5A 62 02
2025-10-11T15:07:06.047428,158.280,can1  120  [04]  00 5A 62 02
2025-10-11T15:07:07.969315,160.202,can1  110  [02]  B8 0B
2025-10-11T15:07:07.971401,160.204,can1  110  [02]  B8 0B
2025-10-11T15:07:07.973461,160.206,can1  100  [03]  30 75 00
2025-10-11T15:07:07.977213,160.210,can1  100  [03]  30 75 00
2025-10-11T15:07:07.980921,160.214,can1  120  [04]  80 C3 C9 01
2025-10-11T15:07:07.983382,160.216,can1  120  [04]  80 C3 C9 01
2025-10-11T15:07:10.864206,163.097,can1  110  [02]  D0 07
2025-10-11T15:07:10.866498,163.099,can1  110  [02]  D0 07
2025-10-11T15:07:10.868443,163.101,can1  100  [03]  20 4E 00
2025-10-11T15:07:10.871227,163.104,can1  100  [03]  20 4E 00
2025-10-11T15:07:10.873474,163.106,can1  120  [04]  00 2D 31 01
2025-10-11T15:07:10.876441,163.109,can1  120  [04]  00 2D 31 01
2025-10-11T15:07:12.702134,164.935,can1  110  [02]  E8 03
2025-10-11T15:07:12.704568,164.937,can1  110  [02]  E8 03
2025-10-11T15:07:12.708213,164.941,can1  100  [03]  10 27 00
2025-10-11T15:07:12.713186,164.946,can1  100  [03]  10 27 00
2025-10-11T15:07:12.716817,164.950,can1  120  [04]  80 96 98 00
2025-10-11T15:07:12.720267,164.953,can1  120  [04]  80 96 98 00
2025-10-11T15:07:14.654338,166.887,can1  110  [02]  D0 07
2025-10-11T15:07:14.657519,166.890,can1  110  [02]  D0 07
2025-10-11T15:07:15.729251,167.962,can1  100  [03]  20 4E 00
2025-10-11T15:07:15.731761,167.965,can1  100  [03]  20 4E 00
2025-10-11T15:07:15.733866,167.967,can1  120  [04]  00 2D 31 01
2025-10-11T15:07:15.736802,167.970,can1  120  [04]  00 2D 31 01
2025-10-11T15:07:17.796954,170.030,can1  110  [02]  B8 0B
2025-10-11T15:07:17.798850,170.032,can1  110  [02]  B8 0B
2025-10-11T15:07:17.801331,170.034,can1  100  [03]  30 75 00
2025-10-11T15:07:17.804151,170.037,can1  100  [03]  30 75 00
2025-10-11T15:07:17.805985,170.039,can1  120  [04]  80 C3 C9 01
2025-10-11T15:07:17.808106,170.041,can1  120  [04]  80 C3 C9 01
2025-10-11T15:07:19.672544,171.905,can1  110  [02]  A0 0F
2025-10-11T15:07:19.674714,171.908,can1  110  [02]  A0 0F
2025-10-11T15:07:19.677116,171.910,can1  100  [03]  40 9C 00
2025-10-11T15:07:19.680528,171.913,can1  100  [03]  40 9C 00
2025-10-11T15:07:19.683068,171.916,can1  120  [04]  00 5A 62 02
2025-10-11T15:07:19.685647,171.918,can1  120  [04]  00 5A 62 02
2025-10-11T15:07:21.570080,173.803,can1  110  [02]  88 13
2025-10-11T15:07:21.572009,173.805,can1  110  [02]  88 13
2025-10-11T15:07:22.474328,174.707,can1  100  [03]  50 C3 00
2025-10-11T15:07:22.476924,174.710,can1  100  [03]  50 C3 00
2025-10-11T15:07:22.480504,174.713,can1  120  [04]  80 F0 FA 02
2025-10-11T15:07:22.483222,174.716,can1  120  [04]  80 F0 FA 02
2025-10-11T15:07:24.276074,176.509,can1  110  [02]  70 17
2025-10-11T15:07:24.278764,176.512,can1  110  [02]  70 17
2025-10-11T15:07:24.281206,176.514,can1  100  [03]  60 EA 00
2025-10-11T15:07:24.284254,176.517,can1  100  [03]  60 EA 00
2025-10-11T15:07:24.286469,176.519,can1  120  [04]  00 87 93 03
2025-10-11T15:07:24.289591,176.522,can1  120  [04]  00 87 93 03
2025-10-11T15:07:26.092362,178.325,can1  110  [02]  58 1B
2025-10-11T15:07:26.094999,178.328,can1  110  [02]  58 1B
2025-10-11T15:07:26.961997,179.195,can1  100  [03]  70 11 01
2025-10-11T15:07:26.964419,179.197,can1  100  [03]  70 11 01
2025-10-11T15:07:26.966477,179.199,can1  120  [04]  80 1D 2C 04
2025-10-11T15:07:26.969240,179.202,can1  120  [04]  80 1D 2C 04
2025-10-11T15:07:28.703280,180.936,can1  110  [02]  40 1F
2025-10-11T15:07:28.705943,180.939,can1  110  [02]  40 1F
2025-10-11T15:07:28.708523,180.941,can1  100  [03]  80 38 01
2025-10-11T15:07:28.711332,180.944,can1  100  [03]  80 38 01
2025-10-11T15:07:28.713394,180.946,can1  120  [04]  00 B4 C4 04
2025-10-11T15:07:28.716278,180.949,can1  120  [04]  00 B4 C4 04
2025-10-11T15:07:31.488179,183.721,can1  110  [02]  28 23
2025-10-11T15:07:31.490261,183.723,can1  110  [02]  28 23
2025-10-11T15:07:31.492624,183.725,can1  100  [03]  90 5F 01
2025-10-11T15:07:31.497093,183.730,can1  100  [03]  90 5F 01
2025-10-11T15:07:31.499778,183.733,can1  120  [04]  80 4A 5D 05
2025-10-11T15:07:31.502012,183.735,can1  120  [04]  80 4A 5D 05
2025-10-11T15:07:34.152529,186.385,can1  110  [02]  40 1F
2025-10-11T15:07:34.155162,186.388,can1  110  [02]  40 1F
2025-10-11T15:07:34.158198,186.391,can1  100  [03]  80 38 01
2025-10-11T15:07:34.162939,186.396,can1  100  [03]  80 38 01
2025-10-11T15:07:34.167174,186.400,can1  120  [04]  00 B4 C4 04
2025-10-11T15:07:34.170858,186.404,can1  120  [04]  00 B4 C4 04
2025-10-11T15:07:35.978332,188.211,can1  110  [02]  58 1B
2025-10-11T15:07:35.980372,188.213,can1  110  [02]  58 1B
2025-10-11T15:07:35.982683,188.216,can1  100  [03]  70 11 01
2025-10-11T15:07:35.986058,188.219,can1  100  [03]  70 11 01
2025-10-11T15:07:35.988830,188.222,can1  120  [04]  80 1D 2C 04
2025-10-11T15:07:35.991369,188.224,can1  120  [04]  80 1D 2C 04
2025-10-11T15:07:38.556552,190.789,can1  110  [02]  70 17
2025-10-11T15:07:38.558910,190.792,can1  110  [02]  70 17
2025-10-11T15:07:38.561557,190.794,can1  100  [03]  60 EA 00
2025-10-11T15:07:38.565568,190.798,can1  100  [03]  60 EA 00
2025-10-11T15:07:38.569579,190.802,can1  120  [04]  00 87 93 03
2025-10-11T15:07:38.571870,190.805,can1  120  [04]  00 87 93 03
2025-10-11T15:07:40.263272,192.496,can1  110  [02]  88 13
2025-10-11T15:07:40.265442,192.498,can1  110  [02]  88 13
2025-10-11T15:07:41.112345,193.345,can1  100  [03]  50 C3 00
2025-10-11T15:07:41.115132,193.348,can1  100  [03]  50 C3 00
2025-10-11T15:07:41.117390,193.350,can1  120  [04]  80 F0 FA 02
2025-10-11T15:07:41.121800,193.355,can1  120  [04]  80 F0 FA 02
2025-10-11T15:07:42.904501,195.137,can1  110  [02]  A0 0F
2025-10-11T15:07:42.907057,195.140,can1  110  [02]  A0 0F
2025-10-11T15:07:42.909160,195.142,can1  100  [03]  40 9C 00
2025-10-11T15:07:42.911691,195.145,can1  100  [03]  40 9C 00
2025-10-11T15:07:42.913990,195.147,can1  120  [04]  00 5A 62 02
2025-10-11T15:07:42.916729,195.150,can1  120  [04]  00 5A 62 02
2025-10-11T15:07:45.538436,197.771,can1  110  [02]  B8 0B
2025-10-11T15:07:45.541017,197.774,can1  110  [02]  B8 0B
2025-10-11T15:07:45.543422,197.776,can1  100  [03]  30 75 00
2025-10-11T15:07:45.546546,197.779,can1  100  [03]  30 75 00
2025-10-11T15:07:45.548555,197.781,can1  120  [04]  80 C3 C9 01
2025-10-11T15:07:45.551015,197.784,can1  120  [04]  80 C3 C9 01
2025-10-11T15:07:48.154291,200.387,can1  110  [02]  D0 07
2025-10-11T15:07:48.156661,200.390,can1  110  [02]  D0 07
2025-10-11T15:07:48.158776,200.392,can1  100  [03]  20 4E 00
2025-10-11T15:07:48.161303,200.394,can1  100  [03]  20 4E 00
2025-10-11T15:07:48.163912,200.397,can1  120  [04]  00 2D 31 01
2025-10-11T15:07:48.167124,200.400,can1  120  [04]  00 2D 31 01
2025-10-11T15:07:49.894658,202.128,can1  110  [02]  E8 03
2025-10-11T15:07:49.897115,202.130,can1  110  [02]  E8 03
2025-10-11T15:07:49.899404,202.132,can1  100  [03]  10 27 00
2025-10-11T15:07:49.902826,202.136,can1  100  [03]  10 27 00
2025-10-11T15:07:49.904892,202.138,can1  120  [04]  80 96 98 00
2025-10-11T15:07:49.907899,202.141,can1  120  [04]  80 96 98 00
2025-10-11T15:07:52.563141,204.796,can1  110  [02]  D0 07
2025-10-11T15:07:52.565323,204.798,can1  110  [02]  D0 07
2025-10-11T15:07:52.567420,204.800,can1  100  [03]  20 4E 00
2025-10-11T15:07:52.571067,204.804,can1  100  [03]  20 4E 00
2025-10-11T15:07:52.573659,204.807,can1  120  [04]  00 2D 31 01
2025-10-11T15:07:52.576241,204.809,can1  120  [04]  00 2D 31 01
2025-10-11T15:07:54.290027,206.523,can1  110  [02]  B8 0B
2025-10-11T15:07:54.292925,206.526,can1  110  [02]  B8 0B
2025-10-11T15:07:54.298667,206.532,can1  100  [03]  30 75 00
2025-10-11T15:07:54.301252,206.534,can1  100  [03]  30 75 00
2025-10-11T15:07:55.150941,207.384,can1  120  [04]  80 C3 C9 01
2025-10-11T15:07:55.153525,207.386,can1  120  [04]  80 C3 C9 01
2025-10-11T15:07:57.024395,209.257,can1  110  [02]  A0 0F
2025-10-11T15:07:57.026937,209.260,can1  110  [02]  A0 0F
2025-10-11T15:07:57.029760,209.263,can1  100  [03]  40 9C 00
2025-10-11T15:07:57.032362,209.265,can1  100  [03]  40 9C 00
2025-10-11T15:07:57.034430,209.267,can1  120  [04]  00 5A 62 02
2025-10-11T15:07:57.038002,209.271,can1  120  [04]  00 5A 62 02
2025-10-11T15:07:58.706866,210.940,can1  110  [02]  88 13
2025-10-11T15:07:58.709861,210.943,can1  110  [02]  88 13
2025-10-11T15:07:59.592771,211.826,can1  100  [03]  50 C3 00
2025-10-11T15:07:59.595520,211.828,can1  100  [03]  50 C3 00
2025-10-11T15:07:59.597762,211.831,can1  120  [04]  80 F0 FA 02
2025-10-11T15:07:59.600471,211.833,can1  120  [04]  80 F0 FA 02
2025-10-11T15:08:01.458034,213.691,can1  110  [02]  70 17
2025-10-11T15:08:01.459788,213.693,can1  110  [02]  70 17
2025-10-11T15:08:01.461834,213.695,can1  100  [03]  60 EA 00
2025-10-11T15:08:01.465594,213.698,can1  100  [03]  60 EA 00
2025-10-11T15:08:01.467710,213.701,can1  120  [04]  00 87 93 03
2025-10-11T15:08:01.470456,213.703,can1  120  [04]  00 87 93 03
2025-10-11T15:08:04.008373,216.241,can1  110  [02]  58 1B
2025-10-11T15:08:04.010919,216.244,can1  110  [02]  58 1B
2025-10-11T15:08:04.013385,216.246,can1  100  [03]  70 11 01
2025-10-11T15:08:04.015686,216.249,can1  100  [03]  70 11 01
2025-10-11T15:08:04.018021,216.251,can1  120  [04]  80 1D 2C 04
2025-10-11T15:08:04.020013,216.253,can1  120  [04]  80 1D 2C 04
2025-10-11T15:08:05.742918,217.976,can1  110  [02]  40 1F
2025-10-11T15:08:05.745649,217.979,can1  110  [02]  40 1F
2025-10-11T15:08:05.747923,217.981,can1  100  [03]  80 38 01
2025-10-11T15:08:05.750390,217.983,can1  100  [03]  80 38 01
2025-10-11T15:08:05.752602,217.985,can1  120  [04]  00 B4 C4 04
2025-10-11T15:08:05.755441,217.988,can1  120  [04]  00 B4 C4 04
2025-10-11T15:08:08.305104,220.538,can1  110  [02]  28 23
2025-10-11T15:08:08.307355,220.540,can1  110  [02]  28 23
2025-10-11T15:08:08.309580,220.542,can1  100  [03]  90 5F 01
2025-10-11T15:08:08.312557,220.545,can1  100  [03]  90 5F 01
2025-10-11T15:08:08.315395,220.548,can1  120  [04]  80 4A 5D 05
2025-10-11T15:08:08.318911,220.552,can1  120  [04]  80 4A 5D 05
2025-10-11T15:08:10.915503,223.148,can1  110  [02]  40 1F
2025-10-11T15:08:10.918460,223.151,can1  110  [02]  40 1F
2025-10-11T15:08:10.922364,223.155,can1  100  [03]  80 38 01
2025-10-11T15:08:10.924646,223.157,can1  100  [03]  80 38 01
2025-10-11T15:08:10.926964,223.160,can1  120  [04]  00 B4 C4 04
2025-10-11T15:08:10.930361,223.163,can1  120  [04]  00 B4 C4 04
2025-10-11T15:08:12.728289,224.961,can1  110  [02]  58 1B
2025-10-11T15:08:12.730536,224.963,can1  110  [02]  58 1B
2025-10-11T15:08:12.732791,224.966,can1  100  [03]  70 11 01
2025-10-11T15:08:12.735232,224.968,can1  100  [03]  70 11 01
2025-10-11T15:08:12.737616,224.970,can1  120  [04]  80 1D 2C 04
2025-10-11T15:08:12.740068,224.973,can1  120  [04]  80 1D 2C 04
2025-10-11T15:08:15.376043,227.609,can1  110  [02]  70 17
2025-10-11T15:08:15.378896,227.612,can1  110  [02]  70 17
2025-10-11T15:08:15.381332,227.614,can1  100  [03]  60 EA 00
2025-10-11T15:08:15.384229,227.617,can1  100  [03]  60 EA 00
2025-10-11T15:08:15.386589,227.619,can1  120  [04]  00 87 93 03
2025-10-11T15:08:15.389471,227.622,can1  120  [04]  00 87 93 03
2025-10-11T15:08:17.151270,229.384,can1  110  [02]  88 13
2025-10-11T15:08:17.153991,229.387,can1  110  [02]  88 13
2025-10-11T15:08:17.156350,229.389,can1  100  [03]  50 C3 00
2025-10-11T15:08:17.159724,229.393,can1  100  [03]  50 C3 00
2025-10-11T15:08:18.048131,230.281,can1  120  [04]  80 F0 FA 02
2025-10-11T15:08:18.050622,230.283,can1  120  [04]  80 F0 FA 02
2025-10-11T15:08:19.980628,232.213,can1  110  [02]  A0 0F
2025-10-11T15:08:19.983761,232.217,can1  110  [02]  A0 0F
2025-10-11T15:08:19.987853,232.221,can1  100  [03]  40 9C 00
2025-10-11T15:08:19.991202,232.224,can1  100  [03]  40 9C 00
2025-10-11T15:08:19.994048,232.227,can1  120  [04]  00 5A 62 02
2025-10-11T15:08:19.996898,232.230,can1  120  [04]  00 5A 62 02
2025-10-11T15:08:21.917748,234.151,can1  110  [02]  B8 0B
2025-10-11T15:08:21.920205,234.153,can1  110  [02]  B8 0B
2025-10-11T15:08:21.922594,234.155,can1  100  [03]  30 75 00
2025-10-11T15:08:21.925769,234.159,can1  100  [03]  30 75 00
2025-10-11T15:08:21.928560,234.161,can1  120  [04]  80 C3 C9 01
2025-10-11T15:08:21.932077,234.165,can1  120  [04]  80 C3 C9 01
2025-10-11T15:08:23.769949,236.003,can1  110  [02]  D0 07
2025-10-11T15:08:23.772205,236.005,can1  110  [02]  D0 07
2025-10-11T15:08:24.617202,236.850,can1  100  [03]  20 4E 00
2025-10-11T15:08:24.620047,236.853,can1  100  [03]  20 4E 00
2025-10-11T15:08:24.622918,236.856,can1  120  [04]  00 2D 31 01
2025-10-11T15:08:24.625913,236.859,can1  120  [04]  00 2D 31 01
2025-10-11T15:08:26.472228,238.705,can1  110  [02]  E8 03
2025-10-11T15:08:26.475099,238.708,can1  110  [02]  E8 03
2025-10-11T15:08:26.477775,238.711,can1  100  [03]  10 27 00
2025-10-11T15:08:26.481319,238.714,can1  100  [03]  10 27 00
2025-10-11T15:08:26.483614,238.716,can1  120  [04]  80 96 98 00
2025-10-11T15:08:26.486546,238.719,can1  120  [04]  80 96 98 00
2025-10-11T15:08:29.032687,241.266,can1  110  [02]  D0 07
2025-10-11T15:08:29.035198,241.268,can1  110  [02]  D0 07
2025-10-11T15:08:29.038025,241.271,can1  100  [03]  20 4E 00
2025-10-11T15:08:29.041173,241.274,can1  100  [03]  20 4E 00
2025-10-11T15:08:29.043653,241.276,can1  120  [04]  00 2D 31 01
2025-10-11T15:08:29.047930,241.281,can1  120  [04]  00 2D 31 01
2025-10-11T15:08:30.780433,243.013,can1  110  [02]  B8 0B
2025-10-11T15:08:30.782567,243.015,can1  110  [02]  B8 0B
2025-10-11T15:08:30.784893,243.018,can1  100  [03]  30 75 00
2025-10-11T15:08:30.788137,243.021,can1  100  [03]  30 75 00
2025-10-11T15:08:30.791048,243.024,can1  120  [04]  80 C3 C9 01
2025-10-11T15:08:30.793893,243.027,can1  120  [04]  80 C3 C9 01
2025-10-11T15:08:33.487311,245.720,can1  110  [02]  A0 0F
2025-10-11T15:08:33.489758,245.723,can1  110  [02]  A0 0F
2025-10-11T15:08:33.492056,245.725,can1  100  [03]  40 9C 00
2025-10-11T15:08:33.495667,245.729,can1  100  [03]  40 9C 00
2025-10-11T15:08:33.498211,245.731,can1  120  [04]  00 5A 62 02
2025-10-11T15:08:33.501106,245.734,can1  120  [04]  00 5A 62 02
2025-10-11T15:08:35.230291,247.463,can1  110  [02]  88 13
2025-10-11T15:08:35.232808,247.466,can1  110  [02]  88 13
2025-10-11T15:08:35.235684,247.469,can1  100  [03]  50 C3 00
2025-10-11T15:08:35.238759,247.472,can1  100  [03]  50 C3 00
2025-10-11T15:08:36.104438,248.337,can1  120  [04]  80 F0 FA 02
2025-10-11T15:08:36.107204,248.340,can1  120  [04]  80 F0 FA 02
2025-10-11T15:08:37.873296,250.106,can1  110  [02]  70 17
2025-10-11T15:08:37.875906,250.109,can1  110  [02]  70 17
2025-10-11T15:08:37.878464,250.111,can1  100  [03]  60 EA 00
2025-10-11T15:08:37.882840,250.116,can1  100  [03]  60 EA 00
2025-10-11T15:08:37.885443,250.118,can1  120  [04]  00 87 93 03
2025-10-11T15:08:37.888240,250.121,can1  120  [04]  00 87 93 03
2025-10-11T15:08:40.394832,252.628,can1  110  [02]  58 1B
2025-10-11T15:08:40.397592,252.630,can1  110  [02]  58 1B
2025-10-11T15:08:40.401003,252.634,can1  100  [03]  70 11 01
2025-10-11T15:08:40.403447,252.636,can1  100  [03]  70 11 01
2025-10-11T15:08:40.405484,252.638,can1  120  [04]  80 1D 2C 04
2025-10-11T15:08:40.408747,252.642,can1  120  [04]  80 1D 2C 04
2025-10-11T15:08:42.176383,254.409,can1  110  [02]  40 1F
2025-10-11T15:08:42.179416,254.412,can1  110  [02]  40 1F
2025-10-11T15:08:42.181889,254.415,can1  100  [03]  80 38 01
2025-10-11T15:08:42.184774,254.418,can1  100  [03]  80 38 01
2025-10-11T15:08:43.035027,255.268,can1  120  [04]  00 B4 C4 04
2025-10-11T15:08:43.037934,255.271,can1  120  [04]  00 B4 C4 04
2025-10-11T15:08:44.749920,256.983,can1  110  [02]  28 23
2025-10-11T15:08:44.752042,256.985,can1  110  [02]  28 23
2025-10-11T15:08:44.754375,256.987,can1  100  [03]  90 5F 01
2025-10-11T15:08:44.756922,256.990,can1  100  [03]  90 5F 01
2025-10-11T15:08:44.759569,256.992,can1  120  [04]  80 4A 5D 05
2025-10-11T15:08:44.762612,256.995,can1  120  [04]  80 4A 5D 05
2025-10-11T15:08:47.269947,259.503,can1  110  [02]  40 1F
2025-10-11T15:08:47.272394,259.505,can1  110  [02]  40 1F
2025-10-11T15:08:47.275438,259.508,can1  100  [03]  80 38 01
2025-10-11T15:08:47.278296,259.511,can1  100  [03]  80 38 01
2025-10-11T15:08:47.281368,259.514,can1  120  [04]  00 B4 C4 04
2025-10-11T15:08:47.284081,259.517,can1  120  [04]  00 B4 C4 04
2025-10-11T15:08:49.042048,261.275,can1  110  [02]  58 1B
2025-10-11T15:08:49.044521,261.277,can1  110  [02]  58 1B
2025-10-11T15:08:49.047635,261.280,can1  100  [03]  70 11 01
2025-10-11T15:08:49.050923,261.284,can1  100  [03]  70 11 01
2025-10-11T15:08:49.053181,261.286,can1  120  [04]  80 1D 2C 04
2025-10-11T15:08:49.055827,261.289,can1  120  [04]  80 1D 2C 04
2025-10-11T15:08:51.604865,263.838,can1  110  [02]  70 17
2025-10-11T15:08:51.607463,263.840,can1  110  [02]  70 17
2025-10-11T15:08:51.609988,263.843,can1  100  [03]  60 EA 00
2025-10-11T15:08:51.676405,263.909,can1  100  [03]  60 EA 00
2025-10-11T15:08:51.681209,263.914,can1  120  [04]  00 87 93 03
2025-10-11T15:08:51.684566,263.917,can1  120  [04]  00 87 93 03
2025-10-11T15:08:53.447173,265.680,can1  110  [02]  88 13
2025-10-11T15:08:53.449353,265.682,can1  110  [02]  88 13
2025-10-11T15:08:53.452192,265.685,can1  100  [03]  50 C3 00
2025-10-11T15:08:53.455048,265.688,can1  100  [03]  50 C3 00
2025-10-11T15:08:54.369998,266.603,can1  120  [04]  80 F0 FA 02
2025-10-11T15:08:54.372665,266.606,can1  120  [04]  80 F0 FA 02
2025-10-11T15:08:56.193693,268.427,can1  110  [02]  A0 0F
2025-10-11T15:08:56.197830,268.431,can1  110  [02]  A0 0F
2025-10-11T15:08:56.202066,268.435,can1  100  [03]  40 9C 00
2025-10-11T15:08:56.205204,268.438,can1  100  [03]  40 9C 00
2025-10-11T15:08:56.208105,268.441,can1  120  [04]  00 5A 62 02
2025-10-11T15:08:56.210503,268.443,can1  120  [04]  00 5A 62 02
2025-10-11T15:08:57.788033,270.021,can1  110  [02]  B8 0B
2025-10-11T15:08:57.790171,270.023,can1  110  [02]  B8 0B
2025-10-11T15:08:58.249878,270.483,can1  100  [03]  30 75 00
2025-10-11T15:08:58.252357,270.485,can1  100  [03]  30 75 00
2025-10-11T15:08:58.255545,270.488,can1  120  [04]  80 C3 C9 01
2025-10-11T15:08:58.258451,270.491,can1  120  [04]  80 C3 C9 01
2025-10-11T15:09:00.167839,272.401,can1  110  [02]  D0 07
2025-10-11T15:09:00.170302,272.403,can1  110  [02]  D0 07
2025-10-11T15:09:00.172494,272.405,can1  100  [03]  20 4E 00
2025-10-11T15:09:00.175294,272.408,can1  100  [03]  20 4E 00
2025-10-11T15:09:00.637041,272.870,can1  120  [04]  00 2D 31 01
2025-10-11T15:09:00.639590,272.872,can1  120  [04]  00 2D 31 01
2025-10-11T15:09:02.373659,274.607,can1  110  [02]  E8 03
2025-10-11T15:09:02.376504,274.609,can1  110  [02]  E8 03
2025-10-11T15:09:02.872286,275.105,can1  100  [03]  10 27 00
2025-10-11T15:09:02.875036,275.108,can1  100  [03]  10 27 00
2025-10-11T15:09:02.877850,275.111,can1  120  [04]  80 96 98 00
2025-10-11T15:09:02.881075,275.114,can1  120  [04]  80 96 98 00
2025-10-11T15:09:04.920183,277.153,can1  110  [02]  D0 07
2025-10-11T15:09:04.922835,277.156,can1  110  [02]  D0 07
2025-10-11T15:09:04.925188,277.158,can1  100  [03]  20 4E 00
2025-10-11T15:09:04.928121,277.161,can1  100  [03]  20 4E 00
2025-10-11T15:09:04.930781,277.164,can1  120  [04]  00 2D 31 01
2025-10-11T15:09:04.933863,277.167,can1  120  [04]  00 2D 31 01
2025-10-11T15:09:07.074265,279.307,can1  110  [02]  B8 0B
2025-10-11T15:09:07.076361,279.309,can1  110  [02]  B8 0B
2025-10-11T15:09:07.078859,279.312,can1  100  [03]  30 75 00
2025-10-11T15:09:07.081825,279.315,can1  100  [03]  30 75 00
2025-10-11T15:09:07.553699,279.787,can1  120  [04]  80 C3 C9 01
2025-10-11T15:09:07.555950,279.789,can1  120  [04]  80 C3 C9 01
2025-10-11T15:09:09.395310,281.628,can1  110  [02]  A0 0F
2025-10-11T15:09:09.398149,281.631,can1  110  [02]  A0 0F
2025-10-11T15:09:09.400814,281.634,can1  100  [03]  40 9C 00
2025-10-11T15:09:09.403567,281.636,can1  100  [03]  40 9C 00
2025-10-11T15:09:09.405661,281.639,can1  120  [04]  00 5A 62 02
2025-10-11T15:09:09.408788,281.642,can1  120  [04]  00 5A 62 02
2025-10-11T15:09:11.708269,283.941,can1  110  [02]  88 13
2025-10-11T15:09:11.710533,283.943,can1  110  [02]  88 13
2025-10-11T15:09:11.712811,283.946,can1  100  [03]  50 C3 00
2025-10-11T15:09:11.716086,283.949,can1  100  [03]  50 C3 00
2025-10-11T15:09:11.718569,283.951,can1  120  [04]  80 F0 FA 02
2025-10-11T15:09:11.721497,283.954,can1  120  [04]  80 F0 FA 02
2025-10-11T15:09:14.026306,286.259,can1  110  [02]  70 17
2025-10-11T15:09:14.029072,286.262,can1  110  [02]  70 17
2025-10-11T15:09:14.031906,286.265,can1  100  [03]  60 EA 00
2025-10-11T15:09:14.034964,286.268,can1  100  [03]  60 EA 00
2025-10-11T15:09:14.038437,286.271,can1  120  [04]  00 87 93 03
2025-10-11T15:09:14.041025,286.274,can1  120  [04]  00 87 93 03
2025-10-11T15:09:16.087367,288.320,can1  110  [02]  58 1B
2025-10-11T15:09:16.089809,288.323,can1  110  [02]  58 1B
2025-10-11T15:09:16.594213,288.827,can1  100  [03]  70 11 01
2025-10-11T15:09:16.596459,288.829,can1  100  [03]  70 11 01
2025-10-11T15:09:16.599441,288.832,can1  120  [04]  80 1D 2C 04
2025-10-11T15:09:16.602368,288.835,can1  120  [04]  80 1D 2C 04
2025-10-11T15:09:18.452917,290.686,can1  110  [02]  40 1F
2025-10-11T15:09:18.455464,290.688,can1  110  [02]  40 1F
2025-10-11T15:09:18.946920,291.180,can1  100  [03]  80 38 01
2025-10-11T15:09:18.949531,291.182,can1  100  [03]  80 38 01
2025-10-11T15:09:18.952542,291.185,can1  120  [04]  00 B4 C4 04
2025-10-11T15:09:18.955608,291.188,can1  120  [04]  00 B4 C4 04
2025-10-11T15:09:20.750217,292.983,can1  110  [02]  28 23
2025-10-11T15:09:20.752976,292.986,can1  110  [02]  28 23
2025-10-11T15:09:21.247770,293.481,can1  100  [03]  90 5F 01
2025-10-11T15:09:21.249967,293.483,can1  100  [03]  90 5F 01
2025-10-11T15:09:21.252160,293.485,can1  120  [04]  80 4A 5D 05
2025-10-11T15:09:21.255813,293.489,can1  120  [04]  80 4A 5D 05
2025-10-11T15:09:23.003485,295.236,can1  110  [02]  40 1F
2025-10-11T15:09:23.006748,295.240,can1  110  [02]  40 1F
2025-10-11T15:09:23.475203,295.708,can1  100  [03]  80 38 01
2025-10-11T15:09:23.477977,295.711,can1  100  [03]  80 38 01
2025-10-11T15:09:23.480907,295.714,can1  120  [04]  00 B4 C4 04
2025-10-11T15:09:23.484273,295.717,can1  120  [04]  00 B4 C4 04
2025-10-11T15:09:25.528650,297.761,can1  110  [02]  58 1B
2025-10-11T15:09:25.531580,297.764,can1  110  [02]  58 1B
2025-10-11T15:09:25.535064,297.768,can1  100  [03]  70 11 01
2025-10-11T15:09:25.538030,297.771,can1  100  [03]  70 11 01
2025-10-11T15:09:25.541062,297.774,can1  120  [04]  80 1D 2C 04
2025-10-11T15:09:25.543873,297.777,can1  120  [04]  80 1D 2C 04
2025-10-11T15:09:27.841559,300.074,can1  110  [02]  70 17
2025-10-11T15:09:27.844823,300.078,can1  110  [02]  70 17
2025-10-11T15:09:27.848710,300.082,can1  100  [03]  60 EA 00
2025-10-11T15:09:27.851533,300.084,can1  100  [03]  60 EA 00
2025-10-11T15:09:27.855068,300.088,can1  120  [04]  00 87 93 03
2025-10-11T15:09:27.858334,300.091,can1  120  [04]  00 87 93 03
2025-10-11T15:09:30.275871,302.509,can1  110  [02]  88 13
2025-10-11T15:09:30.278341,302.511,can1  110  [02]  88 13
2025-10-11T15:09:30.280736,302.514,can1  100  [03]  50 C3 00
2025-10-11T15:09:30.283246,302.516,can1  100  [03]  50 C3 00
2025-10-11T15:09:30.285622,302.518,can1  120  [04]  80 F0 FA 02
2025-10-11T15:09:30.288427,302.521,can1  120  [04]  80 F0 FA 02
2025-10-11T15:09:32.570116,304.803,can1  110  [02]  A0 0F
2025-10-11T15:09:32.572669,304.806,can1  110  [02]  A0 0F
2025-10-11T15:09:32.575480,304.808,can1  100  [03]  40 9C 00
2025-10-11T15:09:32.578261,304.811,can1  100  [03]  40 9C 00
2025-10-11T15:09:32.581467,304.814,can1  120  [04]  00 5A 62 02
2025-10-11T15:09:32.585138,304.818,can1  120  [04]  00 5A 62 02
2025-10-11T15:09:34.859351,307.092,can1  110  [02]  B8 0B
2025-10-11T15:09:34.861647,307.094,can1  110  [02]  B8 0B
2025-10-11T15:09:34.863949,307.097,can1  100  [03]  30 75 00
2025-10-11T15:09:34.866527,307.099,can1  100  [03]  30 75 00
2025-10-11T15:09:34.869362,307.102,can1  120  [04]  80 C3 C9 01
2025-10-11T15:09:34.872414,307.105,can1  120  [04]  80 C3 C9 01
2025-10-11T15:09:37.212335,309.445,can1  110  [02]  D0 07
2025-10-11T15:09:37.215044,309.448,can1  110  [02]  D0 07
2025-10-11T15:09:37.217724,309.451,can1  100  [03]  20 4E 00
2025-10-11T15:09:37.220867,309.454,can1  100  [03]  20 4E 00
2025-10-11T15:09:37.223987,309.457,can1  120  [04]  00 2D 31 01
2025-10-11T15:09:37.226673,309.460,can1  120  [04]  00 2D 31 01
2025-10-11T15:09:39.496268,311.729,can1  110  [02]  E8 03
2025-10-11T15:09:39.499183,311.732,can1  110  [02]  E8 03
2025-10-11T15:09:39.502027,311.735,can1  100  [03]  10 27 00
2025-10-11T15:09:39.505187,311.738,can1  100  [03]  10 27 00
2025-10-11T15:09:39.508236,311.741,can1  120  [04]  80 96 98 00
2025-10-11T15:09:39.511205,311.744,can1  120  [04]  80 96 98 00
2025-10-11T15:09:41.811315,314.044,can1  110  [02]  D0 07
2025-10-11T15:09:41.813926,314.047,can1  110  [02]  D0 07
2025-10-11T15:09:41.816915,314.050,can1  100  [03]  20 4E 00
2025-10-11T15:09:41.849542,314.082,can1  100  [03]  20 4E 00
2025-10-11T15:09:41.849684,314.083,can1  120  [04]  00 2D 31 01
2025-10-11T15:09:41.849729,314.083,can1  120  [04]  00 2D 31 01
2025-10-11T15:09:44.098506,316.331,can1  110  [02]  B8 0B
2025-10-11T15:09:44.101339,316.334,can1  110  [02]  B8 0B
2025-10-11T15:09:44.104289,316.337,can1  100  [03]  30 75 00
2025-10-11T15:09:44.107851,316.341,can1  100  [03]  30 75 00
2025-10-11T15:09:44.110965,316.344,can1  120  [04]  80 C3 C9 01
2025-10-11T15:09:44.113633,316.346,can1  120  [04]  80 C3 C9 01
2025-10-11T15:09:46.462519,318.695,can1  110  [02]  A0 0F
2025-10-11T15:09:46.465176,318.698,can1  110  [02]  A0 0F
2025-10-11T15:09:46.468584,318.701,can1  100  [03]  40 9C 00
2025-10-11T15:09:46.471409,318.704,can1  100  [03]  40 9C 00
2025-10-11T15:09:46.474059,318.707,can1  120  [04]  00 5A 62 02
2025-10-11T15:09:46.477033,318.710,can1  120  [04]  00 5A 62 02
2025-10-11T15:09:48.918908,321.152,can1  110  [02]  88 13
2025-10-11T15:09:48.921318,321.154,can1  110  [02]  88 13
2025-10-11T15:09:48.923991,321.157,can1  100  [03]  50 C3 00
2025-10-11T15:09:48.927112,321.160,can1  100  [03]  50 C3 00
2025-10-11T15:09:48.929832,321.163,can1  120  [04]  80 F0 FA 02
2025-10-11T15:09:48.933302,321.166,can1  120  [04]  80 F0 FA 02
2025-10-11T15:09:50.989482,323.222,can1  110  [02]  70 17
2025-10-11T15:09:50.992134,323.225,can1  110  [02]  70 17
2025-10-11T15:09:50.995083,323.228,can1  100  [03]  60 EA 00
2025-10-11T15:09:50.998093,323.231,can1  100  [03]  60 EA 00
2025-10-11T15:09:51.448456,323.681,can1  120  [04]  00 87 93 03
2025-10-11T15:09:51.450769,323.684,can1  120  [04]  00 87 93 03
2025-10-11T15:09:53.123749,325.357,can1  110  [02]  58 1B
2025-10-11T15:09:53.126668,325.360,can1  110  [02]  58 1B
2025-10-11T15:09:53.627190,325.860,can1  100  [03]  70 11 01
2025-10-11T15:09:53.629859,325.863,can1  100  [03]  70 11 01
2025-10-11T15:09:53.632868,325.866,can1  120  [04]  80 1D 2C 04
2025-10-11T15:09:53.636378,325.869,can1  120  [04]  80 1D 2C 04
2025-10-11T15:09:55.584464,327.817,can1  110  [02]  40 1F
2025-10-11T15:09:55.587057,327.820,can1  110  [02]  40 1F
2025-10-11T15:09:55.589476,327.822,can1  100  [03]  80 38 01
2025-10-11T15:09:55.592745,327.826,can1  100  [03]  80 38 01
2025-10-11T15:09:56.096826,328.330,can1  120  [04]  00 B4 C4 04
2025-10-11T15:09:56.099399,328.332,can1  120  [04]  00 B4 C4 04
2025-10-11T15:09:58.122614,330.355,can1  110  [02]  28 23
2025-10-11T15:09:58.125563,330.358,can1  110  [02]  28 23
2025-10-11T15:09:58.130248,330.363,can1  100  [03]  90 5F 01
2025-10-11T15:09:58.133829,330.367,can1  100  [03]  90 5F 01
2025-10-11T15:09:58.137252,330.370,can1  120  [04]  80 4A 5D 05
2025-10-11T15:09:58.140737,330.374,can1  120  [04]  80 4A 5D 05
2025-10-11T15:10:00.820893,333.054,can1  110  [02]  40 1F
2025-10-11T15:10:00.823879,333.057,can1  110  [02]  40 1F
2025-10-11T15:10:00.827332,333.060,can1  100  [03]  80 38 01
2025-10-11T15:10:00.830535,333.063,can1  100  [03]  80 38 01
2025-10-11T15:10:00.833962,333.067,can1  120  [04]  00 B4 C4 04
2025-10-11T15:10:00.836718,333.070,can1  120  [04]  00 B4 C4 04
2025-10-11T15:10:02.591175,334.824,can1  110  [02]  58 1B
2025-10-11T15:10:02.593766,334.827,can1  110  [02]  58 1B
2025-10-11T15:10:02.597029,334.830,can1  100  [03]  70 11 01
2025-10-11T15:10:02.600794,334.834,can1  100  [03]  70 11 01
2025-10-11T15:10:02.604426,334.837,can1  120  [04]  80 1D 2C 04
2025-10-11T15:10:02.607274,334.840,can1  120  [04]  80 1D 2C 04
2025-10-11T15:10:05.257642,337.490,can1  110  [02]  70 17
2025-10-11T15:10:05.261112,337.494,can1  110  [02]  70 17
2025-10-11T15:10:05.264622,337.497,can1  100  [03]  60 EA 00
2025-10-11T15:10:05.267906,337.501,can1  100  [03]  60 EA 00
2025-10-11T15:10:05.270935,337.504,can1  120  [04]  00 87 93 03
2025-10-11T15:10:05.274367,337.507,can1  120  [04]  00 87 93 03
2025-10-11T15:10:07.045559,339.278,can1  110  [02]  88 13
2025-10-11T15:10:07.049019,339.282,can1  110  [02]  88 13
2025-10-11T15:10:07.961271,340.194,can1  100  [03]  50 C3 00
2025-10-11T15:10:07.964176,340.197,can1  100  [03]  50 C3 00
2025-10-11T15:10:07.967406,340.200,can1  120  [04]  80 F0 FA 02
2025-10-11T15:10:07.970781,340.204,can1  120  [04]  80 F0 FA 02
2025-10-11T15:10:09.712458,341.945,can1  110  [02]  A0 0F
2025-10-11T15:10:09.715558,341.948,can1  110  [02]  A0 0F
2025-10-11T15:10:09.719954,341.953,can1  100  [03]  40 9C 00
2025-10-11T15:10:09.722624,341.955,can1  100  [03]  40 9C 00
2025-10-11T15:10:09.726280,341.959,can1  120  [04]  00 5A 62 02
2025-10-11T15:10:09.730304,341.963,can1  120  [04]  00 5A 62 02
2025-10-11T15:10:12.323226,344.556,can1  110  [02]  B8 0B
2025-10-11T15:10:12.326137,344.559,can1  110  [02]  B8 0B
2025-10-11T15:10:12.330299,344.563,can1  100  [03]  30 75 00
2025-10-11T15:10:12.333418,344.566,can1  100  [03]  30 75 00
2025-10-11T15:10:12.337328,344.570,can1  120  [04]  80 C3 C9 01
2025-10-11T15:10:12.340356,344.573,can1  120  [04]  80 C3 C9 01
2025-10-11T15:10:14.128445,346.361,can1  110  [02]  D0 07
2025-10-11T15:10:14.131194,346.364,can1  110  [02]  D0 07
2025-10-11T15:10:14.133973,346.367,can1  100  [03]  20 4E 00
2025-10-11T15:10:14.137080,346.370,can1  100  [03]  20 4E 00
2025-10-11T15:10:14.140320,346.373,can1  120  [04]  00 2D 31 01
2025-10-11T15:10:14.143326,346.376,can1  120  [04]  00 2D 31 01
2025-10-11T15:10:16.736799,348.970,can1  110  [02]  E8 03
2025-10-11T15:10:16.739404,348.972,can1  110  [02]  E8 03
2025-10-11T15:10:16.742607,348.975,can1  100  [03]  10 27 00
2025-10-11T15:10:16.745748,348.979,can1  100  [03]  10 27 00
2025-10-11T15:10:16.748157,348.981,can1  120  [04]  80 96 98 00
2025-10-11T15:10:16.751250,348.984,can1  120  [04]  80 96 98 00
2025-10-11T15:10:19.301491,351.534,can1  110  [02]  D0 07
2025-10-11T15:10:19.304256,351.537,can1  110  [02]  D0 07
2025-10-11T15:10:19.307019,351.540,can1  100  [03]  20 4E 00
2025-10-11T15:10:19.310077,351.543,can1  100  [03]  20 4E 00
2025-10-11T15:10:19.312691,351.546,can1  120  [04]  00 2D 31 01
2025-10-11T15:10:19.316488,351.549,can1  120  [04]  00 2D 31 01
2025-10-11T15:10:21.134013,353.367,can1  110  [02]  B8 0B
2025-10-11T15:10:21.136783,353.370,can1  110  [02]  B8 0B
2025-10-11T15:10:21.139473,353.372,can1  100  [03]  30 75 00
2025-10-11T15:10:21.142973,353.376,can1  100  [03]  30 75 00
2025-10-11T15:10:21.154934,353.388,can1  120  [04]  80 C3 C9 01
2025-10-11T15:10:21.209904,353.443,can1  120  [04]  80 C3 C9 01
2025-10-11T15:10:23.744233,355.977,can1  110  [02]  A0 0F
2025-10-11T15:10:23.747003,355.980,can1  110  [02]  A0 0F
2025-10-11T15:10:23.750329,355.983,can1  100  [03]  40 9C 00
2025-10-11T15:10:23.753803,355.987,can1  100  [03]  40 9C 00
2025-10-11T15:10:23.757993,355.991,can1  120  [04]  00 5A 62 02
2025-10-11T15:10:23.760903,355.994,can1  120  [04]  00 5A 62 02
2025-10-11T15:10:25.484573,357.717,can1  110  [02]  88 13
2025-10-11T15:10:25.487407,357.720,can1  110  [02]  88 13
2025-10-11T15:10:26.369708,358.603,can1  100  [03]  50 C3 00
2025-10-11T15:10:26.372850,358.606,can1  100  [03]  50 C3 00
2025-10-11T15:10:26.376045,358.609,can1  120  [04]  80 F0 FA 02
2025-10-11T15:10:26.378870,358.612,can1  120  [04]  80 F0 FA 02
2025-10-11T15:10:28.196043,360.429,can1  110  [02]  70 17
2025-10-11T15:10:28.198725,360.432,can1  110  [02]  70 17
2025-10-11T15:10:28.201603,360.434,can1  100  [03]  60 EA 00
2025-10-11T15:10:28.205251,360.438,can1  100  [03]  60 EA 00
2025-10-11T15:10:28.208205,360.441,can1  120  [04]  00 87 93 03
2025-10-11T15:10:28.211181,360.444,can1  120  [04]  00 87 93 03
2025-10-11T15:10:30.871853,363.105,can1  110  [02]  58 1B
2025-10-11T15:10:30.874689,363.108,can1  110  [02]  58 1B
2025-10-11T15:10:30.877992,363.111,can1  100  [03]  70 11 01
2025-10-11T15:10:30.880685,363.114,can1  100  [03]  70 11 01
2025-10-11T15:10:30.884505,363.117,can1  120  [04]  80 1D 2C 04
2025-10-11T15:10:30.887465,363.120,can1  120  [04]  80 1D 2C 04
2025-10-11T15:10:32.923396,365.156,can1  110  [02]  40 1F
2025-10-11T15:10:32.927361,365.160,can1  110  [02]  40 1F
2025-10-11T15:10:32.930845,365.164,can1  100  [03]  80 38 01
2025-10-11T15:10:32.934919,365.168,can1  100  [03]  80 38 01
2025-10-11T15:10:32.939158,365.172,can1  120  [04]  00 B4 C4 04
2025-10-11T15:10:32.942977,365.176,can1  120  [04]  00 B4 C4 04
2025-10-11T15:10:34.717415,366.950,can1  110  [02]  28 23
2025-10-11T15:10:34.721506,366.954,can1  110  [02]  28 23
2025-10-11T15:10:35.806250,368.039,can1  100  [03]  90 5F 01
2025-10-11T15:10:35.809168,368.042,can1  100  [03]  90 5F 01
2025-10-11T15:10:35.812680,368.046,can1  120  [04]  80 4A 5D 05
2025-10-11T15:10:35.816799,368.050,can1  120  [04]  80 4A 5D 05
2025-10-11T15:10:37.671230,369.904,can1  110  [02]  40 1F
2025-10-11T15:10:37.674266,369.907,can1  110  [02]  40 1F
2025-10-11T15:10:37.677740,369.911,can1  100  [03]  80 38 01
2025-10-11T15:10:37.681400,369.914,can1  100  [03]  80 38 01
2025-10-11T15:10:37.685865,369.919,can1  120  [04]  00 B4 C4 04
2025-10-11T15:10:37.690048,369.923,can1  120  [04]  00 B4 C4 04
2025-10-11T15:10:39.389309,371.622,can1  110  [02]  58 1B
2025-10-11T15:10:39.392126,371.625,can1  110  [02]  58 1B
2025-10-11T15:10:39.395411,371.628,can1  100  [03]  70 11 01
2025-10-11T15:10:39.400162,371.633,can1  100  [03]  70 11 01
2025-10-11T15:10:40.293032,372.526,can1  120  [04]  80 1D 2C 04
2025-10-11T15:10:40.295991,372.529,can1  120  [04]  80 1D 2C 04
2025-10-11T15:10:42.079577,374.312,can1  110  [02]  70 17
2025-10-11T15:10:42.082337,374.315,can1  110  [02]  70 17
2025-10-11T15:10:42.086280,374.319,can1  100  [03]  60 EA 00
2025-10-11T15:10:42.089575,374.322,can1  100  [03]  60 EA 00
2025-10-11T15:10:42.092277,374.325,can1  120  [04]  00 87 93 03
2025-10-11T15:10:42.095456,374.328,can1  120  [04]  00 87 93 03
2025-10-11T15:10:44.615611,376.848,can1  110  [02]  88 13
2025-10-11T15:10:44.618896,376.852,can1  110  [02]  88 13
2025-10-11T15:10:44.622213,376.855,can1  100  [03]  50 C3 00
2025-10-11T15:10:44.624882,376.858,can1  100  [03]  50 C3 00
2025-10-11T15:10:44.628132,376.861,can1  120  [04]  80 F0 FA 02
2025-10-11T15:10:44.644517,376.877,can1  120  [04]  80 F0 FA 02
2025-10-11T15:10:46.886395,379.119,can1  110  [02]  A0 0F
2025-10-11T15:10:46.906584,379.139,can1  110  [02]  A0 0F
2025-10-11T15:10:46.916979,379.150,can1  100  [03]  40 9C 00
2025-10-11T15:10:46.926062,379.159,can1  100  [03]  40 9C 00
2025-10-11T15:10:46.949292,379.182,can1  120  [04]  00 5A 62 02
2025-10-11T15:10:46.960013,379.193,can1  120  [04]  00 5A 62 02
2025-10-11T15:10:48.766217,380.999,can1  110  [02]  B8 0B
2025-10-11T15:10:48.769287,381.002,can1  110  [02]  B8 0B
2025-10-11T15:10:48.773530,381.006,can1  100  [03]  30 75 00
2025-10-11T15:10:48.776425,381.009,can1  100  [03]  30 75 00
2025-10-11T15:10:49.679931,381.913,can1  120  [04]  80 C3 C9 01
2025-10-11T15:10:49.682735,381.916,can1  120  [04]  80 C3 C9 01
2025-10-11T15:10:51.503688,383.737,can1  110  [02]  D0 07
2025-10-11T15:10:51.507543,383.740,can1  110  [02]  D0 07
2025-10-11T15:10:51.510610,383.743,can1  100  [03]  20 4E 00
2025-10-11T15:10:51.513818,383.747,can1  100  [03]  20 4E 00
2025-10-11T15:10:52.392592,384.625,can1  120  [04]  00 2D 31 01
2025-10-11T15:10:52.395463,384.628,can1  120  [04]  00 2D 31 01
2025-10-11T15:10:54.112916,386.346,can1  110  [02]  E8 03
2025-10-11T15:10:54.115423,386.348,can1  110  [02]  E8 03
2025-10-11T15:10:54.119048,386.352,can1  100  [03]  10 27 00
2025-10-11T15:10:54.122248,386.355,can1  100  [03]  10 27 00
2025-10-11T15:10:54.126445,386.359,can1  120  [04]  80 96 98 00
2025-10-11T15:10:54.129687,386.363,can1  120  [04]  80 96 98 00
2025-10-11T15:10:55.950696,388.184,can1  110  [02]  D0 07
2025-10-11T15:10:55.953468,388.186,can1  110  [02]  D0 07
2025-10-11T15:10:56.828570,389.061,can1  100  [03]  20 4E 00
2025-10-11T15:10:56.831613,389.064,can1  100  [03]  20 4E 00
2025-10-11T15:10:56.835890,389.069,can1  120  [04]  00 2D 31 01
2025-10-11T15:10:56.839556,389.072,can1  120  [04]  00 2D 31 01
2025-10-11T15:10:58.753685,390.987,can1  110  [02]  B8 0B
2025-10-11T15:10:58.757395,390.990,can1  110  [02]  B8 0B
2025-10-11T15:10:58.760880,390.994,can1  100  [03]  30 75 00
2025-10-11T15:10:58.768463,391.001,can1  100  [03]  30 75 00
2025-10-11T15:10:58.772772,391.006,can1  120  [04]  80 C3 C9 01
2025-10-11T15:10:58.776171,391.009,can1  120  [04]  80 C3 C9 01
2025-10-11T15:11:00.570732,392.804,can1  110  [02]  A0 0F
2025-10-11T15:11:00.573629,392.806,can1  110  [02]  A0 0F
2025-10-11T15:11:01.480114,393.713,can1  100  [03]  40 9C 00
2025-10-11T15:11:01.483774,393.717,can1  100  [03]  40 9C 00
2025-10-11T15:11:01.487558,393.720,can1  120  [04]  00 5A 62 02
2025-10-11T15:11:01.490706,393.724,can1  120  [04]  00 5A 62 02
2025-10-11T15:11:03.236318,395.469,can1  110  [02]  88 13
2025-10-11T15:11:03.239126,395.472,can1  110  [02]  88 13
2025-10-11T15:11:03.242699,395.476,can1  100  [03]  50 C3 00
2025-10-11T15:11:03.246448,395.479,can1  100  [03]  50 C3 00
2025-10-11T15:11:03.250702,395.484,can1  120  [04]  80 F0 FA 02
2025-10-11T15:11:03.253736,395.487,can1  120  [04]  80 F0 FA 02
2025-10-11T15:11:05.919270,398.152,can1  110  [02]  70 17
2025-10-11T15:11:05.922684,398.156,can1  110  [02]  70 17
2025-10-11T15:11:05.926235,398.159,can1  100  [03]  60 EA 00
2025-10-11T15:11:05.929613,398.162,can1  100  [03]  60 EA 00
2025-10-11T15:11:05.932977,398.166,can1  120  [04]  00 87 93 03
2025-10-11T15:11:05.936388,398.169,can1  120  [04]  00 87 93 03
2025-10-11T15:11:07.782159,400.015,can1  110  [02]  58 1B
2025-10-11T15:11:07.785228,400.018,can1  110  [02]  58 1B
2025-10-11T15:11:07.787994,400.021,can1  100  [03]  70 11 01
2025-10-11T15:11:07.791183,400.024,can1  100  [03]  70 11 01
2025-10-11T15:11:08.652197,400.885,can1  120  [04]  80 1D 2C 04
2025-10-11T15:11:08.669791,400.903,can1  120  [04]  80 1D 2C 04
2025-10-11T15:11:10.388502,402.621,can1  110  [02]  40 1F
2025-10-11T15:11:10.391508,402.624,can1  110  [02]  40 1F
2025-10-11T15:11:10.395013,402.628,can1  100  [03]  80 38 01
2025-10-11T15:11:10.398287,402.631,can1  100  [03]  80 38 01
2025-10-11T15:11:10.402205,402.635,can1  120  [04]  00 B4 C4 04
2025-10-11T15:11:10.405200,402.638,can1  120  [04]  00 B4 C4 04
2025-10-11T15:11:12.915628,405.148,can1  110  [02]  28 23
2025-10-11T15:11:12.918775,405.152,can1  110  [02]  28 23
2025-10-11T15:11:12.921949,405.155,can1  100  [03]  90 5F 01
2025-10-11T15:11:12.925115,405.158,can1  100  [03]  90 5F 01
2025-10-11T15:11:12.928795,405.162,can1  120  [04]  80 4A 5D 05
2025-10-11T15:11:12.932035,405.165,can1  120  [04]  80 4A 5D 05
2025-10-11T15:11:14.717399,406.950,can1  110  [02]  40 1F
2025-10-11T15:11:14.720209,406.953,can1  110  [02]  40 1F
2025-10-11T15:11:14.723531,406.956,can1  100  [03]  80 38 01
2025-10-11T15:11:14.726880,406.960,can1  100  [03]  80 38 01
2025-10-11T15:11:14.730551,406.963,can1  120  [04]  00 B4 C4 04
2025-10-11T15:11:14.733750,406.967,can1  120  [04]  00 B4 C4 04
2025-10-11T15:11:17.473990,409.707,can1  110  [02]  58 1B
2025-10-11T15:11:17.476821,409.710,can1  110  [02]  58 1B
2025-10-11T15:11:17.480519,409.713,can1  100  [03]  70 11 01
2025-10-11T15:11:17.483994,409.717,can1  100  [03]  70 11 01
2025-10-11T15:11:17.487192,409.720,can1  120  [04]  80 1D 2C 04
2025-10-11T15:11:17.490358,409.723,can1  120  [04]  80 1D 2C 04
2025-10-11T15:11:19.284665,411.518,can1  110  [02]  70 17
2025-10-11T15:11:19.288247,411.521,can1  110  [02]  70 17
2025-10-11T15:11:19.291420,411.524,can1  100  [03]  60 EA 00
2025-10-11T15:11:19.294296,411.527,can1  100  [03]  60 EA 00
2025-10-11T15:11:19.297945,411.531,can1  120  [04]  00 87 93 03
2025-10-11T15:11:19.301528,411.534,can1  120  [04]  00 87 93 03
2025-10-11T15:11:22.046715,414.280,can1  110  [02]  88 13
2025-10-11T15:11:22.049761,414.283,can1  110  [02]  88 13
2025-10-11T15:11:22.053364,414.286,can1  100  [03]  50 C3 00
2025-10-11T15:11:22.056341,414.289,can1  100  [03]  50 C3 00
2025-10-11T15:11:22.059521,414.292,can1  120  [04]  80 F0 FA 02
2025-10-11T15:11:22.062622,414.295,can1  120  [04]  80 F0 FA 02
2025-10-11T15:11:23.806757,416.040,can1  110  [02]  A0 0F
2025-10-11T15:11:23.810170,416.043,can1  110  [02]  A0 0F
2025-10-11T15:11:23.815408,416.048,can1  100  [03]  40 9C 00
2025-10-11T15:11:23.820009,416.053,can1  100  [03]  40 9C 00
2025-10-11T15:11:24.694929,416.928,can1  120  [04]  00 5A 62 02
2025-10-11T15:11:24.697952,416.931,can1  120  [04]  00 5A 62 02
2025-10-11T15:11:26.475240,418.708,can1  110  [02]  B8 0B
2025-10-11T15:11:26.477902,418.711,can1  110  [02]  B8 0B
2025-10-11T15:11:26.481099,418.714,can1  100  [03]  30 75 00
2025-10-11T15:11:26.485219,418.718,can1  100  [03]  30 75 00
2025-10-11T15:11:26.489929,418.723,can1  120  [04]  80 C3 C9 01
2025-10-11T15:11:26.494035,418.727,can1  120  [04]  80 C3 C9 01
2025-10-11T15:11:29.131610,421.364,can1  110  [02]  D0 07
2025-10-11T15:11:29.135397,421.368,can1  110  [02]  D0 07
2025-10-11T15:11:29.138485,421.371,can1  100  [03]  20 4E 00
2025-10-11T15:11:29.141578,421.374,can1  100  [03]  20 4E 00
2025-10-11T15:11:29.145004,421.378,can1  120  [04]  00 2D 31 01
2025-10-11T15:11:29.147748,421.381,can1  120  [04]  00 2D 31 01
2025-10-11T15:11:30.964753,423.198,can1  110  [02]  E8 03
2025-10-11T15:11:30.967998,423.201,can1  110  [02]  E8 03
2025-10-11T15:11:30.971810,423.205,can1  100  [03]  10 27 00
2025-10-11T15:11:30.974976,423.208,can1  100  [03]  10 27 00
2025-10-11T15:11:31.875879,424.109,can1  120  [04]  80 96 98 00
2025-10-11T15:11:31.879159,424.112,can1  120  [04]  80 96 98 00
2025-10-11T15:11:33.589374,425.822,can1  110  [02]  D0 07
2025-10-11T15:11:33.592179,425.825,can1  110  [02]  D0 07
2025-10-11T15:11:33.595518,425.828,can1  100  [03]  20 4E 00
2025-10-11T15:11:33.598987,425.832,can1  100  [03]  20 4E 00
2025-10-11T15:11:33.602099,425.835,can1  120  [04]  00 2D 31 01
2025-10-11T15:11:33.605225,425.838,can1  120  [04]  00 2D 31 01
2025-10-11T15:11:36.272825,428.506,can1  110  [02]  B8 0B
2025-10-11T15:11:36.276269,428.509,can1  110  [02]  B8 0B
2025-10-11T15:11:36.280132,428.513,can1  100  [03]  30 75 00
2025-10-11T15:11:36.284561,428.517,can1  100  [03]  30 75 00
2025-10-11T15:11:36.290404,428.523,can1  120  [04]  80 C3 C9 01
2025-10-11T15:11:36.294452,428.527,can1  120  [04]  80 C3 C9 01
2025-10-11T15:11:38.211507,430.444,can1  110  [02]  A0 0F
2025-10-11T15:11:38.215303,430.448,can1  110  [02]  A0 0F
2025-10-11T15:11:38.219804,430.453,can1  100  [03]  40 9C 00
2025-10-11T15:11:38.223734,430.457,can1  100  [03]  40 9C 00
2025-10-11T15:11:38.228497,430.461,can1  120  [04]  00 5A 62 02
2025-10-11T15:11:38.232552,430.465,can1  120  [04]  00 5A 62 02
2025-10-11T15:11:40.070182,432.303,can1  110  [02]  88 13
2025-10-11T15:11:40.073910,432.307,can1  110  [02]  88 13
2025-10-11T15:11:40.077897,432.311,can1  100  [03]  50 C3 00
2025-10-11T15:11:40.081553,432.314,can1  100  [03]  50 C3 00
2025-10-11T15:11:40.086957,432.320,can1  120  [04]  80 F0 FA 02
2025-10-11T15:11:40.091369,432.324,can1  120  [04]  80 F0 FA 02
2025-10-11T15:11:42.713469,434.946,can1  110  [02]  70 17
2025-10-11T15:11:42.716298,434.949,can1  110  [02]  70 17
2025-10-11T15:11:42.719412,434.952,can1  100  [03]  60 EA 00
2025-10-11T15:11:42.723117,434.956,can1  100  [03]  60 EA 00
2025-10-11T15:11:42.726475,434.959,can1  120  [04]  00 87 93 03
2025-10-11T15:11:42.729920,434.963,can1  120  [04]  00 87 93 03
2025-10-11T15:11:45.345628,437.578,can1  110  [02]  58 1B
2025-10-11T15:11:45.349191,437.582,can1  110  [02]  58 1B
2025-10-11T15:11:45.352883,437.586,can1  100  [03]  70 11 01
2025-10-11T15:11:45.356300,437.589,can1  100  [03]  70 11 01
2025-10-11T15:11:45.359809,437.593,can1  120  [04]  80 1D 2C 04
2025-10-11T15:11:45.362985,437.596,can1  120  [04]  80 1D 2C 04
2025-10-11T15:11:47.120831,439.354,can1  110  [02]  40 1F
2025-10-11T15:11:47.124033,439.357,can1  110  [02]  40 1F
2025-10-11T15:11:47.127409,439.360,can1  100  [03]  80 38 01
2025-10-11T15:11:47.131238,439.364,can1  100  [03]  80 38 01
2025-10-11T15:11:47.136411,439.369,can1  120  [04]  00 B4 C4 04
2025-10-11T15:11:47.140710,439.374,can1  120  [04]  00 B4 C4 04
2025-10-11T15:11:49.788543,442.021,can1  110  [02]  28 23
2025-10-11T15:11:49.791350,442.024,can1  110  [02]  28 23
2025-10-11T15:11:49.794289,442.027,can1  100  [03]  90 5F 01
2025-10-11T15:11:49.837118,442.070,can1  100  [03]  90 5F 01
2025-10-11T15:11:49.865356,442.098,can1  120  [04]  80 4A 5D 05
2025-10-11T15:11:49.869490,442.102,can1  120  [04]  80 4A 5D 05
2025-10-11T15:11:51.605482,443.838,can1  110  [02]  40 1F
2025-10-11T15:11:51.608146,443.841,can1  110  [02]  40 1F
2025-10-11T15:11:51.610887,443.844,can1  100  [03]  80 38 01
2025-10-11T15:11:51.614417,443.847,can1  100  [03]  80 38 01
2025-10-11T15:11:52.496157,444.729,can1  120  [04]  00 B4 C4 04
2025-10-11T15:11:52.498958,444.732,can1  120  [04]  00 B4 C4 04
2025-10-11T15:11:54.353747,446.587,can1  110  [02]  58 1B
2025-10-11T15:11:54.356828,446.590,can1  110  [02]  58 1B
2025-10-11T15:11:54.360233,446.593,can1  100  [03]  70 11 01
2025-10-11T15:11:54.363384,446.596,can1  100  [03]  70 11 01
2025-10-11T15:11:54.367139,446.600,can1  120  [04]  80 1D 2C 04
2025-10-11T15:11:54.370719,446.604,can1  120  [04]  80 1D 2C 04
2025-10-11T15:11:56.122385,448.355,can1  110  [02]  70 17
2025-10-11T15:11:56.125367,448.358,can1  110  [02]  70 17
2025-10-11T15:11:57.066855,449.300,can1  100  [03]  60 EA 00
2025-10-11T15:11:57.070736,449.304,can1  100  [03]  60 EA 00
2025-10-11T15:11:57.074412,449.307,can1  120  [04]  00 87 93 03
2025-10-11T15:11:57.077261,449.310,can1  120  [04]  00 87 93 03
2025-10-11T15:11:58.835699,451.069,can1  110  [02]  88 13
2025-10-11T15:11:58.839080,451.072,can1  110  [02]  88 13
2025-10-11T15:11:58.842288,451.075,can1  100  [03]  50 C3 00
2025-10-11T15:11:58.846015,451.079,can1  100  [03]  50 C3 00
2025-10-11T15:11:58.849637,451.082,can1  120  [04]  80 F0 FA 02
2025-10-11T15:11:58.854186,451.087,can1  120  [04]  80 F0 FA 02
2025-10-11T15:12:01.520648,453.753,can1  110  [02]  A0 0F
2025-10-11T15:12:01.524732,453.758,can1  110  [02]  A0 0F
2025-10-11T15:12:01.528973,453.762,can1  100  [03]  40 9C 00
2025-10-11T15:12:01.532754,453.766,can1  100  [03]  40 9C 00
2025-10-11T15:12:01.538273,453.771,can1  120  [04]  00 5A 62 02
2025-10-11T15:12:01.542837,453.776,can1  120  [04]  00 5A 62 02
2025-10-11T15:12:03.490438,455.723,can1  110  [02]  B8 0B
2025-10-11T15:12:03.493920,455.727,can1  110  [02]  B8 0B
2025-10-11T15:12:03.497508,455.730,can1  100  [03]  30 75 00
2025-10-11T15:12:03.501047,455.734,can1  100  [03]  30 75 00
2025-10-11T15:12:03.505005,455.738,can1  120  [04]  80 C3 C9 01
2025-10-11T15:12:03.508192,455.741,can1  120  [04]  80 C3 C9 01
2025-10-11T15:12:06.040184,458.273,can1  110  [02]  D0 07
2025-10-11T15:12:06.043504,458.276,can1  110  [02]  D0 07
2025-10-11T15:12:06.047151,458.280,can1  100  [03]  20 4E 00
2025-10-11T15:12:06.050225,458.283,can1  100  [03]  20 4E 00
2025-10-11T15:12:06.054771,458.288,can1  120  [04]  00 2D 31 01
2025-10-11T15:12:06.058290,458.291,can1  120  [04]  00 2D 31 01
2025-10-11T15:12:07.775500,460.008,can1  110  [02]  E8 03
2025-10-11T15:12:07.779178,460.012,can1  110  [02]  E8 03
2025-10-11T15:12:08.717317,460.950,can1  100  [03]  10 27 00
2025-10-11T15:12:08.721505,460.954,can1  100  [03]  10 27 00
2025-10-11T15:12:08.726220,460.959,can1  120  [04]  80 96 98 00
2025-10-11T15:12:08.729045,460.962,can1  120  [04]  80 96 98 00
2025-10-11T15:12:10.603640,462.836,can1  110  [02]  D0 07
2025-10-11T15:12:10.606710,462.840,can1  110  [02]  D0 07
2025-10-11T15:12:10.610642,462.843,can1  100  [03]  20 4E 00
2025-10-11T15:12:10.614489,462.847,can1  100  [03]  20 4E 00
2025-10-11T15:12:10.618894,462.852,can1  120  [04]  00 2D 31 01
2025-10-11T15:12:10.622319,462.855,can1  120  [04]  00 2D 31 01
2025-10-11T15:12:13.271270,465.504,can1  110  [02]  B8 0B
2025-10-11T15:12:13.274381,465.507,can1  110  [02]  B8 0B
2025-10-11T15:12:13.277677,465.511,can1  100  [03]  30 75 00
2025-10-11T15:12:13.281357,465.514,can1  100  [03]  30 75 00
2025-10-11T15:12:13.284861,465.518,can1  120  [04]  80 C3 C9 01
2025-10-11T15:12:13.288987,465.522,can1  120  [04]  80 C3 C9 01
2025-10-11T15:12:15.044858,467.278,can1  110  [02]  A0 0F
2025-10-11T15:12:15.049736,467.283,can1  110  [02]  A0 0F
2025-10-11T15:12:15.057816,467.291,can1  100  [03]  40 9C 00
2025-10-11T15:12:15.063610,467.296,can1  100  [03]  40 9C 00
2025-10-11T15:12:15.067970,467.301,can1  120  [04]  00 5A 62 02
2025-10-11T15:12:15.072728,467.306,can1  120  [04]  00 5A 62 02
2025-10-11T15:12:17.689620,469.922,can1  110  [02]  88 13
2025-10-11T15:12:17.693090,469.926,can1  110  [02]  88 13
2025-10-11T15:12:17.697037,469.930,can1  100  [03]  50 C3 00
2025-10-11T15:12:17.700108,469.933,can1  100  [03]  50 C3 00
2025-10-11T15:12:17.703846,469.937,can1  120  [04]  80 F0 FA 02
2025-10-11T15:12:17.707496,469.940,can1  120  [04]  80 F0 FA 02
2025-10-11T15:12:19.492363,471.725,can1  110  [02]  70 17
2025-10-11T15:12:19.495200,471.728,can1  110  [02]  70 17
2025-10-11T15:12:19.498651,471.731,can1  100  [03]  60 EA 00
2025-10-11T15:12:19.502668,471.736,can1  100  [03]  60 EA 00
2025-10-11T15:12:19.506190,471.739,can1  120  [04]  00 87 93 03
2025-10-11T15:12:19.509694,471.743,can1  120  [04]  00 87 93 03
2025-10-11T15:12:22.090200,474.323,can1  110  [02]  58 1B
2025-10-11T15:12:22.093451,474.326,can1  110  [02]  58 1B
2025-10-11T15:12:22.097593,474.330,can1  100  [03]  70 11 01
2025-10-11T15:12:22.101536,474.334,can1  100  [03]  70 11 01
2025-10-11T15:12:22.106135,474.339,can1  120  [04]  80 1D 2C 04
2025-10-11T15:12:22.109599,474.342,can1  120  [04]  80 1D 2C 04
2025-10-11T15:12:23.848099,476.081,can1  110  [02]  40 1F
2025-10-11T15:12:23.851665,476.085,can1  110  [02]  40 1F
2025-10-11T15:12:24.706124,476.939,can1  100  [03]  80 38 01
2025-10-11T15:12:24.709933,476.943,can1  100  [03]  80 38 01
2025-10-11T15:12:24.714523,476.947,can1  120  [04]  00 B4 C4 04
2025-10-11T15:12:24.718649,476.951,can1  120  [04]  00 B4 C4 04
2025-10-11T15:12:26.538917,478.772,can1  110  [02]  28 23
2025-10-11T15:12:26.542001,478.775,can1  110  [02]  28 23
2025-10-11T15:12:26.545552,478.778,can1  100  [03]  90 5F 01
2025-10-11T15:12:26.548862,478.782,can1  100  [03]  90 5F 01
2025-10-11T15:12:26.553832,478.787,can1  120  [04]  80 4A 5D 05
2025-10-11T15:12:26.557650,478.790,can1  120  [04]  80 4A 5D 05
2025-10-11T15:12:28.403210,480.636,can1  110  [02]  40 1F
2025-10-11T15:12:28.406457,480.639,can1  110  [02]  40 1F
2025-10-11T15:12:29.326157,481.559,can1  100  [03]  80 38 01
2025-10-11T15:12:29.329463,481.562,can1  100  [03]  80 38 01
2025-10-11T15:12:29.333780,481.567,can1  120  [04]  00 B4 C4 04
2025-10-11T15:12:29.337118,481.570,can1  120  [04]  00 B4 C4 04
2025-10-11T15:12:31.135253,483.368,can1  110  [02]  58 1B
2025-10-11T15:12:31.139258,483.372,can1  110  [02]  58 1B
2025-10-11T15:12:31.143464,483.376,can1  100  [03]  70 11 01
2025-10-11T15:12:31.146643,483.379,can1  100  [03]  70 11 01
2025-10-11T15:12:31.150604,483.383,can1  120  [04]  80 1D 2C 04
2025-10-11T15:12:31.154156,483.387,can1  120  [04]  80 1D 2C 04
2025-10-11T15:12:33.788220,486.021,can1  110  [02]  70 17
2025-10-11T15:12:33.790925,486.024,can1  110  [02]  70 17
2025-10-11T15:12:33.793919,486.027,can1  100  [03]  60 EA 00
2025-10-11T15:12:33.797316,486.030,can1  100  [03]  60 EA 00
2025-10-11T15:12:33.800616,486.033,can1  120  [04]  00 87 93 03
2025-10-11T15:12:33.804714,486.038,can1  120  [04]  00 87 93 03
2025-10-11T15:12:35.568726,487.802,can1  110  [02]  88 13
2025-10-11T15:12:35.572221,487.805,can1  110  [02]  88 13
2025-10-11T15:12:35.575630,487.808,can1  100  [03]  50 C3 00
2025-10-11T15:12:35.579344,487.812,can1  100  [03]  50 C3 00
2025-10-11T15:12:36.462705,488.696,can1  120  [04]  80 F0 FA 02
2025-10-11T15:12:36.466938,488.700,can1  120  [04]  80 F0 FA 02
2025-10-11T15:12:38.266182,490.499,can1  110  [02]  A0 0F
2025-10-11T15:12:38.269727,490.503,can1  110  [02]  A0 0F
2025-10-11T15:12:38.274389,490.507,can1  100  [03]  40 9C 00
2025-10-11T15:12:38.277610,490.510,can1  100  [03]  40 9C 00
2025-10-11T15:12:38.281360,490.514,can1  120  [04]  00 5A 62 02
2025-10-11T15:12:38.285634,490.518,can1  120  [04]  00 5A 62 02
2025-10-11T15:12:40.853867,493.087,can1  110  [02]  B8 0B
2025-10-11T15:12:40.857317,493.090,can1  110  [02]  B8 0B
2025-10-11T15:12:40.860623,493.093,can1  100  [03]  30 75 00
2025-10-11T15:12:40.863628,493.096,can1  100  [03]  30 75 00
2025-10-11T15:12:40.866224,493.099,can1  120  [04]  80 C3 C9 01
2025-10-11T15:12:40.870378,493.103,can1  120  [04]  80 C3 C9 01
2025-10-11T15:12:42.792051,495.025,can1  110  [02]  D0 07
2025-10-11T15:12:42.795429,495.028,can1  110  [02]  D0 07
2025-10-11T15:12:43.695069,495.928,can1  100  [03]  20 4E 00
2025-10-11T15:12:43.698405,495.931,can1  100  [03]  20 4E 00
2025-10-11T15:12:43.701879,495.935,can1  120  [04]  00 2D 31 01
2025-10-11T15:12:43.706182,495.939,can1  120  [04]  00 2D 31 01
2025-10-11T15:12:45.595054,497.828,can1  110  [02]  E8 03
2025-10-11T15:12:45.598125,497.831,can1  110  [02]  E8 03
2025-10-11T15:12:45.601777,497.835,can1  100  [03]  10 27 00
2025-10-11T15:12:45.606011,497.839,can1  100  [03]  10 27 00
2025-10-11T15:12:46.542522,498.775,can1  120  [04]  80 96 98 00
2025-10-11T15:12:46.545611,498.778,can1  120  [04]  80 96 98 00
2025-10-11T15:12:48.283257,500.516,can1  110  [02]  D0 07
2025-10-11T15:12:48.286692,500.520,can1  110  [02]  D0 07
2025-10-11T15:12:48.290359,500.523,can1  100  [03]  20 4E 00
2025-10-11T15:12:48.294255,500.527,can1  100  [03]  20 4E 00
2025-10-11T15:12:48.298435,500.531,can1  120  [04]  00 2D 31 01
2025-10-11T15:12:48.301375,500.534,can1  120  [04]  00 2D 31 01
2025-10-11T15:12:50.913626,503.146,can1  110  [02]  B8 0B
2025-10-11T15:12:50.916869,503.150,can1  110  [02]  B8 0B
2025-10-11T15:12:50.921514,503.154,can1  100  [03]  30 75 00
2025-10-11T15:12:50.924871,503.158,can1  100  [03]  30 75 00
2025-10-11T15:12:50.928340,503.161,can1  120  [04]  80 C3 C9 01
2025-10-11T15:12:50.932157,503.165,can1  120  [04]  80 C3 C9 01
2025-10-11T15:12:52.725079,504.958,can1  110  [02]  A0 0F
2025-10-11T15:12:52.728658,504.962,can1  110  [02]  A0 0F
2025-10-11T15:12:52.732888,504.966,can1  100  [03]  40 9C 00
2025-10-11T15:12:52.737462,504.970,can1  100  [03]  40 9C 00
2025-10-11T15:12:53.594184,505.827,can1  120  [04]  00 5A 62 02
2025-10-11T15:12:53.597760,505.831,can1  120  [04]  00 5A 62 02
2025-10-11T15:12:55.435467,507.668,can1  110  [02]  88 13
2025-10-11T15:12:55.439722,507.673,can1  110  [02]  88 13
2025-10-11T15:12:55.444024,507.677,can1  100  [03]  50 C3 00
2025-10-11T15:12:55.448350,507.681,can1  100  [03]  50 C3 00
2025-10-11T15:12:55.452832,507.686,can1  120  [04]  80 F0 FA 02
2025-10-11T15:12:55.457298,507.690,can1  120  [04]  80 F0 FA 02
2025-10-11T15:12:57.243237,509.476,can1  110  [02]  70 17
2025-10-11T15:12:57.246168,509.479,can1  110  [02]  70 17
2025-10-11T15:12:58.137470,510.370,can1  100  [03]  60 EA 00
2025-10-11T15:12:58.140937,510.374,can1  100  [03]  60 EA 00
2025-10-11T15:12:58.144567,510.377,can1  120  [04]  00 87 93 03
2025-10-11T15:12:58.148029,510.381,can1  120  [04]  00 87 93 03
2025-10-11T15:12:59.926086,512.159,can1  110  [02]  58 1B
2025-10-11T15:12:59.930408,512.163,can1  110  [02]  58 1B
2025-10-11T15:12:59.935411,512.168,can1  100  [03]  70 11 01
2025-10-11T15:12:59.945360,512.178,can1  100  [03]  70 11 01
2025-10-11T15:12:59.950433,512.183,can1  120  [04]  80 1D 2C 04
2025-10-11T15:12:59.955167,512.188,can1  120  [04]  80 1D 2C 04
2025-10-11T15:13:01.992903,514.226,can1  110  [02]  40 1F
2025-10-11T15:13:01.996046,514.229,can1  110  [02]  40 1F
2025-10-11T15:13:01.999460,514.232,can1  100  [03]  80 38 01
2025-10-11T15:13:02.003377,514.236,can1  100  [03]  80 38 01
2025-10-11T15:13:02.007165,514.240,can1  120  [04]  00 B4 C4 04
2025-10-11T15:13:02.011214,514.244,can1  120  [04]  00 B4 C4 04
2025-10-11T15:13:04.318336,516.551,can1  110  [02]  28 23
2025-10-11T15:13:04.322343,516.555,can1  110  [02]  28 23
2025-10-11T15:13:04.326235,516.559,can1  100  [03]  90 5F 01
2025-10-11T15:13:04.329575,516.562,can1  100  [03]  90 5F 01
2025-10-11T15:13:04.334049,516.567,can1  120  [04]  80 4A 5D 05
2025-10-11T15:13:04.338825,516.572,can1  120  [04]  80 4A 5D 05
2025-10-11T15:13:06.620480,518.853,can1  110  [02]  40 1F
2025-10-11T15:13:06.623340,518.856,can1  110  [02]  40 1F
2025-10-11T15:13:06.626534,518.859,can1  100  [03]  80 38 01
2025-10-11T15:13:06.631531,518.864,can1  100  [03]  80 38 01
2025-10-11T15:13:07.093376,519.326,can1  120  [04]  00 B4 C4 04
2025-10-11T15:13:07.096498,519.329,can1  120  [04]  00 B4 C4 04
2025-10-11T15:13:08.940333,521.173,can1  110  [02]  58 1B
2025-10-11T15:13:08.944592,521.177,can1  110  [02]  58 1B
2025-10-11T15:13:09.735063,521.968,can1  100  [03]  70 11 01
2025-10-11T15:13:09.749452,521.982,can1  100  [03]  70 11 01
2025-10-11T15:13:09.749613,521.982,can1  120  [04]  80 1D 2C 04
2025-10-11T15:13:09.757781,521.991,can1  120  [04]  80 1D 2C 04
2025-10-11T15:13:11.810766,524.044,can1  110  [02]  70 17
2025-10-11T15:13:11.815047,524.048,can1  110  [02]  70 17
2025-10-11T15:13:11.819849,524.053,can1  100  [03]  60 EA 00
2025-10-11T15:13:11.824197,524.057,can1  100  [03]  60 EA 00
2025-10-11T15:13:11.828171,524.061,can1  120  [04]  00 87 93 03
2025-10-11T15:13:11.833938,524.067,can1  120  [04]  00 87 93 03
2025-10-11T15:13:14.201647,526.434,can1  110  [02]  88 13
2025-10-11T15:13:14.206546,526.439,can1  110  [02]  88 13
2025-10-11T15:13:14.210466,526.443,can1  100  [03]  50 C3 00
2025-10-11T15:13:14.213754,526.447,can1  100  [03]  50 C3 00
2025-10-11T15:13:14.217817,526.451,can1  120  [04]  80 F0 FA 02
2025-10-11T15:13:14.222346,526.455,can1  120  [04]  80 F0 FA 02
2025-10-11T15:13:16.037704,528.271,can1  110  [02]  A0 0F
2025-10-11T15:13:16.041332,528.274,can1  110  [02]  A0 0F
2025-10-11T15:13:16.045015,528.278,can1  100  [03]  40 9C 00
2025-10-11T15:13:16.048593,528.281,can1  100  [03]  40 9C 00
2025-10-11T15:13:16.052042,528.285,can1  120  [04]  00 5A 62 02
2025-10-11T15:13:16.057515,528.290,can1  120  [04]  00 5A 62 02
2025-10-11T15:13:18.674718,530.908,can1  110  [02]  B8 0B
2025-10-11T15:13:18.677759,530.911,can1  110  [02]  B8 0B
2025-10-11T15:13:18.681280,530.914,can1  100  [03]  30 75 00
2025-10-11T15:13:18.685017,530.918,can1  100  [03]  30 75 00
2025-10-11T15:13:18.689803,530.923,can1  120  [04]  80 C3 C9 01
2025-10-11T15:13:18.693662,530.927,can1  120  [04]  80 C3 C9 01
2025-10-11T15:13:20.476388,532.709,can1  110  [02]  D0 07
2025-10-11T15:13:20.480862,532.714,can1  110  [02]  D0 07
2025-10-11T15:13:21.399936,533.633,can1  100  [03]  20 4E 00
2025-10-11T15:13:21.403398,533.636,can1  100  [03]  20 4E 00
2025-10-11T15:13:21.407714,533.641,can1  120  [04]  00 2D 31 01
2025-10-11T15:13:21.411048,533.644,can1  120  [04]  00 2D 31 01
2025-10-11T15:13:23.138647,535.371,can1  110  [02]  E8 03
2025-10-11T15:13:23.142245,535.375,can1  110  [02]  E8 03
2025-10-11T15:13:23.146862,535.380,can1  100  [03]  10 27 00
2025-10-11T15:13:23.150460,535.383,can1  100  [03]  10 27 00
2025-10-11T15:13:23.156010,535.389,can1  120  [04]  80 96 98 00
2025-10-11T15:13:23.160254,535.393,can1  120  [04]  80 96 98 00
2025-10-11T15:13:25.833926,538.067,can1  110  [02]  D0 07
2025-10-11T15:13:25.838856,538.072,can1  110  [02]  D0 07
2025-10-11T15:13:25.843303,538.076,can1  100  [03]  20 4E 00
2025-10-11T15:13:25.847409,538.080,can1  100  [03]  20 4E 00
2025-10-11T15:13:25.891084,538.124,can1  120  [04]  00 2D 31 01
2025-10-11T15:13:25.917770,538.151,can1  120  [04]  00 2D 31 01
2025-10-11T15:13:27.616661,539.850,can1  110  [02]  B8 0B
2025-10-11T15:13:27.620258,539.853,can1  110  [02]  B8 0B
2025-10-11T15:13:27.624044,539.857,can1  100  [03]  30 75 00
2025-10-11T15:13:27.627778,539.861,can1  100  [03]  30 75 00
2025-10-11T15:13:27.632387,539.865,can1  120  [04]  80 C3 C9 01
2025-10-11T15:13:27.635982,539.869,can1  120  [04]  80 C3 C9 01
2025-10-11T15:13:30.295455,542.528,can1  110  [02]  A0 0F
2025-10-11T15:13:30.298600,542.531,can1  110  [02]  A0 0F
2025-10-11T15:13:30.303119,542.536,can1  100  [03]  40 9C 00
2025-10-11T15:13:30.306904,542.540,can1  100  [03]  40 9C 00
2025-10-11T15:13:30.310938,542.544,can1  120  [04]  00 5A 62 02
2025-10-11T15:13:30.315068,542.548,can1  120  [04]  00 5A 62 02
2025-10-11T15:13:32.066896,544.300,can1  110  [02]  88 13
2025-10-11T15:13:32.070302,544.303,can1  110  [02]  88 13
2025-10-11T15:13:32.074050,544.307,can1  100  [03]  50 C3 00
2025-10-11T15:13:32.077768,544.311,can1  100  [03]  50 C3 00
2025-10-11T15:13:32.914732,545.148,can1  120  [04]  80 F0 FA 02
2025-10-11T15:13:32.918355,545.151,can1  120  [04]  80 F0 FA 02
2025-10-11T15:13:34.659908,546.893,can1  110  [02]  70 17
2025-10-11T15:13:34.663652,546.896,can1  110  [02]  70 17
2025-10-11T15:13:34.667659,546.901,can1  100  [03]  60 EA 00
2025-10-11T15:13:34.671440,546.904,can1  100  [03]  60 EA 00
2025-10-11T15:13:34.675775,546.909,can1  120  [04]  00 87 93 03
2025-10-11T15:13:34.680578,546.913,can1  120  [04]  00 87 93 03
2025-10-11T15:13:36.503588,548.736,can1  110  [02]  58 1B
2025-10-11T15:13:36.507538,548.740,can1  110  [02]  58 1B
2025-10-11T15:13:37.603016,549.836,can1  100  [03]  70 11 01
2025-10-11T15:13:37.607623,549.840,can1  100  [03]  70 11 01
2025-10-11T15:13:37.611819,549.845,can1  120  [04]  80 1D 2C 04
2025-10-11T15:13:37.615269,549.848,can1  120  [04]  80 1D 2C 04
2025-10-11T15:13:38.978668,551.212,can1  110  [02]  40 1F
2025-10-11T15:13:38.982413,551.215,can1  110  [02]  40 1F
2025-10-11T15:13:38.986137,551.219,can1  100  [03]  80 38 01
2025-10-11T15:13:38.989802,551.223,can1  100  [03]  80 38 01
2025-10-11T15:13:38.993537,551.226,can1  120  [04]  00 B4 C4 04
2025-10-11T15:13:38.997319,551.230,can1  120  [04]  00 B4 C4 04
2025-10-11T15:13:41.282352,553.515,can1  110  [02]  28 23
2025-10-11T15:13:41.285868,553.519,can1  110  [02]  28 23
2025-10-11T15:13:41.290337,553.523,can1  100  [03]  90 5F 01
2025-10-11T15:13:41.294347,553.527,can1  100  [03]  90 5F 01
2025-10-11T15:13:41.299659,553.533,can1  120  [04]  80 4A 5D 05
2025-10-11T15:13:41.303310,553.536,can1  120  [04]  80 4A 5D 05
2025-10-11T15:13:43.421636,555.654,can1  110  [02]  40 1F
2025-10-11T15:13:43.425991,555.659,can1  110  [02]  40 1F
2025-10-11T15:13:43.432310,555.665,can1  100  [03]  80 38 01
2025-10-11T15:13:43.441812,555.675,can1  100  [03]  80 38 01
2025-10-11T15:13:43.449764,555.683,can1  120  [04]  00 B4 C4 04
2025-10-11T15:13:43.456349,555.689,can1  120  [04]  00 B4 C4 04
2025-10-11T15:13:45.689689,557.923,can1  110  [02]  58 1B
2025-10-11T15:13:45.695271,557.928,can1  110  [02]  58 1B
2025-10-11T15:13:45.700248,557.933,can1  100  [03]  70 11 01
2025-10-11T15:13:45.705806,557.939,can1  100  [03]  70 11 01
2025-10-11T15:13:45.712479,557.945,can1  120  [04]  80 1D 2C 04
2025-10-11T15:13:45.718896,557.952,can1  120  [04]  80 1D 2C 04
2025-10-11T15:13:48.294126,560.527,can1  110  [02]  70 17
2025-10-11T15:13:48.299400,560.532,can1  110  [02]  70 17
2025-10-11T15:13:48.309601,560.542,can1  100  [03]  60 EA 00
2025-10-11T15:13:48.314326,560.547,can1  100  [03]  60 EA 00
2025-10-11T15:13:48.320123,560.553,can1  120  [04]  00 87 93 03
2025-10-11T15:13:48.325895,560.559,can1  120  [04]  00 87 93 03
2025-10-11T15:13:50.192946,562.426,can1  110  [02]  88 13
2025-10-11T15:13:50.196578,562.429,can1  110  [02]  88 13
2025-10-11T15:13:50.201086,562.434,can1  100  [03]  50 C3 00
2025-10-11T15:13:50.206197,562.439,can1  100  [03]  50 C3 00
2025-10-11T15:13:50.209802,562.443,can1  120  [04]  80 F0 FA 02
2025-10-11T15:13:50.216398,562.449,can1  120  [04]  80 F0 FA 02
2025-10-11T15:13:52.211505,564.444,can1  110  [02]  A0 0F
2025-10-11T15:13:52.216070,564.449,can1  110  [02]  A0 0F
2025-10-11T15:13:52.221420,564.454,can1  100  [03]  40 9C 00
2025-10-11T15:13:52.227457,564.460,can1  100  [03]  40 9C 00
2025-10-11T15:13:52.231880,564.465,can1  120  [04]  00 5A 62 02
2025-10-11T15:13:52.242232,564.475,can1  120  [04]  00 5A 62 02
2025-10-11T15:13:54.366874,566.600,can1  110  [02]  B8 0B
2025-10-11T15:13:54.370882,566.604,can1  110  [02]  B8 0B
2025-10-11T15:13:54.375022,566.608,can1  100  [03]  30 75 00
2025-10-11T15:13:54.378146,566.611,can1  100  [03]  30 75 00
2025-10-11T15:13:55.135730,567.369,can1  120  [04]  80 C3 C9 01
2025-10-11T15:13:55.141530,567.374,can1  120  [04]  80 C3 C9 01
2025-10-11T15:13:56.700741,568.934,can1  110  [02]  D0 07
2025-10-11T15:13:56.705413,568.938,can1  110  [02]  D0 07
2025-10-11T15:13:56.709399,568.942,can1  100  [03]  20 4E 00
2025-10-11T15:13:56.713486,568.946,can1  100  [03]  20 4E 00
2025-10-11T15:13:56.717599,568.950,can1  120  [04]  00 2D 31 01
2025-10-11T15:13:56.721858,568.955,can1  120  [04]  00 2D 31 01
2025-10-11T15:13:58.876565,571.109,can1  110  [02]  E8 03
2025-10-11T15:13:58.880034,571.113,can1  110  [02]  E8 03
2025-10-11T15:13:58.884502,571.117,can1  100  [03]  10 27 00
2025-10-11T15:13:58.890863,571.124,can1  100  [03]  10 27 00
2025-10-11T15:13:58.896321,571.129,can1  120  [04]  80 96 98 00
2025-10-11T15:13:58.901053,571.134,can1  120  [04]  80 96 98 00
2025-10-11T15:14:00.953526,573.186,can1  110  [02]  D0 07
2025-10-11T15:14:00.961160,573.194,can1  110  [02]  D0 07
2025-10-11T15:14:02.033194,574.266,can1  100  [03]  20 4E 00
2025-10-11T15:14:02.040643,574.273,can1  100  [03]  20 4E 00
2025-10-11T15:14:02.047410,574.280,can1  120  [04]  00 2D 31 01
2025-10-11T15:14:02.052923,574.286,can1  120  [04]  00 2D 31 01
2025-10-11T15:14:03.642544,575.875,can1  110  [02]  B8 0B
2025-10-11T15:14:03.646176,575.879,can1  110  [02]  B8 0B
2025-10-11T15:14:03.649594,575.882,can1  100  [03]  30 75 00
2025-10-11T15:14:03.653435,575.886,can1  100  [03]  30 75 00
2025-10-11T15:14:03.657775,575.891,can1  120  [04]  80 C3 C9 01
2025-10-11T15:14:03.662968,575.896,can1  120  [04]  80 C3 C9 01
2025-10-11T15:14:06.033601,578.266,can1  110  [02]  A0 0F
2025-10-11T15:14:06.036874,578.270,can1  110  [02]  A0 0F
2025-10-11T15:14:06.041167,578.274,can1  100  [03]  40 9C 00
2025-10-11T15:14:06.045359,578.278,can1  100  [03]  40 9C 00
2025-10-11T15:14:06.049932,578.283,can1  120  [04]  00 5A 62 02
2025-10-11T15:14:06.054305,578.287,can1  120  [04]  00 5A 62 02
2025-10-11T15:14:08.250910,580.484,can1  110  [02]  88 13
2025-10-11T15:14:08.256304,580.489,can1  110  [02]  88 13
2025-10-11T15:14:08.261043,580.494,can1  100  [03]  50 C3 00
2025-10-11T15:14:08.265975,580.499,can1  100  [03]  50 C3 00
2025-10-11T15:14:08.992479,581.225,can1  120  [04]  80 F0 FA 02
2025-10-11T15:14:08.996023,581.229,can1  120  [04]  80 F0 FA 02
2025-10-11T15:14:10.650802,582.884,can1  110  [02]  70 17
2025-10-11T15:14:10.654648,582.887,can1  110  [02]  70 17
2025-10-11T15:14:10.660806,582.894,can1  100  [03]  60 EA 00
2025-10-11T15:14:10.666140,582.899,can1  100  [03]  60 EA 00
2025-10-11T15:14:11.554577,583.787,can1  120  [04]  00 87 93 03
2025-10-11T15:14:11.560326,583.793,can1  120  [04]  00 87 93 03
2025-10-11T15:14:13.269486,585.502,can1  110  [02]  58 1B
2025-10-11T15:14:13.273788,585.507,can1  110  [02]  58 1B
2025-10-11T15:14:13.278771,585.512,can1  100  [03]  70 11 01
2025-10-11T15:14:13.283060,585.516,can1  100  [03]  70 11 01
2025-10-11T15:14:13.287403,585.520,can1  120  [04]  80 1D 2C 04
2025-10-11T15:14:13.291330,585.524,can1  120  [04]  80 1D 2C 04
2025-10-11T15:14:19.818604,592.051,can1  100  [03]  30 75 00
2025-10-11T15:14:19.827251,592.060,can1  100  [03]  30 75 00
2025-10-11T15:14:20.503181,592.736,can1  120  [04]  80 C3 C9 01
2025-10-11T15:14:20.507304,592.740,can1  120  [04]  80 C3 C9 01
2025-10-11T15:14:21.948599,594.181,can1  100  [03]  40 9C 00
2025-10-11T15:14:21.952115,594.185,can1  100  [03]  40 9C 00
2025-10-11T15:14:24.031703,596.265,can1  100  [03]  50 C3 00
2025-10-11T15:14:24.036736,596.270,can1  100  [03]  50 C3 00
2025-10-11T15:14:24.745490,596.978,can1  120  [04]  80 F0 FA 02
2025-10-11T15:14:24.749062,596.982,can1  120  [04]  80 F0 FA 02
2025-10-11T15:14:26.790805,599.024,can1  100  [03]  60 EA 00
2025-10-11T15:14:26.794128,599.027,can1  100  [03]  60 EA 00
2025-10-11T15:14:28.379869,600.613,can1  100  [03]  70 11 01
2025-10-11T15:14:28.383148,600.616,can1  100  [03]  70 11 01
2025-10-11T15:14:30.425478,602.658,can1  100  [03]  80 38 01
2025-10-11T15:14:30.430440,602.663,can1  100  [03]  80 38 01
2025-10-11T15:14:31.194508,603.427,can1  120  [04]  00 B4 C4 04
2025-10-11T15:14:31.199250,603.432,can1  120  [04]  00 B4 C4 04
2025-10-11T15:14:33.279239,605.512,can1  100  [03]  90 5F 01
2025-10-11T15:14:33.282453,605.515,can1  100  [03]  90 5F 01
2025-10-11T15:14:35.314272,607.547,can1  100  [03]  80 38 01
2025-10-11T15:14:35.317909,607.551,can1  100  [03]  80 38 01
2025-10-11T15:14:36.951643,609.184,can1  100  [03]  70 11 01
2025-10-11T15:14:36.955512,609.188,can1  100  [03]  70 11 01
2025-10-11T15:14:38.878824,611.112,can1  100  [03]  60 EA 00
2025-10-11T15:14:38.882692,611.116,can1  100  [03]  60 EA 00
2025-10-11T15:14:39.476000,611.709,can1  120  [04]  00 87 93 03
2025-10-11T15:14:39.479495,611.712,can1  120  [04]  00 87 93 03
2025-10-11T15:14:41.443216,613.676,can1  100  [03]  50 C3 00
2025-10-11T15:14:41.446647,613.679,can1  100  [03]  50 C3 00
2025-10-11T15:14:41.450604,613.683,can1  120  [04]  80 F0 FA 02
2025-10-11T15:14:41.455175,613.688,can1  120  [04]  80 F0 FA 02
2025-10-11T15:14:43.764406,615.997,can1  100  [03]  40 9C 00
2025-10-11T15:14:43.767574,616.000,can1  100  [03]  40 9C 00
2025-10-11T15:14:45.657405,617.890,can1  100  [03]  30 75 00
2025-10-11T15:14:45.660771,617.894,can1  100  [03]  30 75 00
2025-10-11T15:14:47.683204,619.916,can1  100  [03]  20 4E 00
2025-10-11T15:14:47.686683,619.920,can1  100  [03]  20 4E 00
2025-10-11T15:14:49.711522,621.944,can1  100  [03]  10 27 00
2025-10-11T15:14:49.714814,621.948,can1  100  [03]  10 27 00
2025-10-11T15:14:51.695507,623.928,can1  100  [03]  20 4E 00
2025-10-11T15:14:51.698941,623.932,can1  100  [03]  20 4E 00
2025-10-11T15:14:53.870363,626.103,can1  100  [03]  30 75 00
2025-10-11T15:14:53.876054,626.109,can1  100  [03]  30 75 00
2025-10-11T15:14:53.881993,626.115,can1  120  [04]  80 C3 C9 01
2025-10-11T15:14:53.887614,626.120,can1  120  [04]  80 C3 C9 01
2025-10-11T15:14:55.869528,628.102,can1  100  [03]  40 9C 00
2025-10-11T15:14:55.873300,628.106,can1  100  [03]  40 9C 00
2025-10-11T15:14:58.446730,630.680,can1  100  [03]  50 C3 00
2025-10-11T15:14:58.450481,630.683,can1  100  [03]  50 C3 00
2025-10-11T15:14:58.454631,630.687,can1  120  [04]  80 F0 FA 02
2025-10-11T15:14:58.459048,630.692,can1  120  [04]  80 F0 FA 02
2025-10-11T15:15:00.926622,633.159,can1  100  [03]  60 EA 00
2025-10-11T15:15:00.931067,633.164,can1  100  [03]  60 EA 00
2025-10-11T15:15:00.935190,633.168,can1  120  [04]  00 87 93 03
2025-10-11T15:15:00.942048,633.175,can1  120  [04]  00 87 93 03
2025-10-11T15:15:02.858355,635.091,can1  100  [03]  70 11 01
2025-10-11T15:15:02.861774,635.095,can1  100  [03]  70 11 01
2025-10-11T15:15:04.900495,637.133,can1  100  [03]  80 38 01
2025-10-11T15:15:04.905344,637.138,can1  100  [03]  80 38 01
2025-10-11T15:15:06.824141,639.057,can1  100  [03]  90 5F 01
2025-10-11T15:15:06.827787,639.061,can1  100  [03]  90 5F 01
2025-10-11T15:15:06.831538,639.064,can1  120  [04]  80 4A 5D 05
2025-10-11T15:15:06.835798,639.069,can1  120  [04]  80 4A 5D 05
2025-10-11T15:15:08.809521,641.042,can1  100  [03]  80 38 01
2025-10-11T15:15:08.814171,641.047,can1  100  [03]  80 38 01
2025-10-11T15:15:08.818904,641.052,can1  120  [04]  00 B4 C4 04
2025-10-11T15:15:08.823643,641.056,can1  120  [04]  00 B4 C4 04
2025-10-11T15:15:10.871996,643.105,can1  100  [03]  70 11 01
2025-10-11T15:15:10.877017,643.110,can1  100  [03]  70 11 01
2025-10-11T15:15:10.881540,643.114,can1  120  [04]  80 1D 2C 04
2025-10-11T15:15:10.886374,643.119,can1  120  [04]  80 1D 2C 04
2025-10-11T15:15:13.605380,645.838,can1  100  [03]  60 EA 00
2025-10-11T15:15:13.610134,645.843,can1  100  [03]  60 EA 00
2025-10-11T15:15:13.615748,645.849,can1  120  [04]  00 87 93 03
2025-10-11T15:15:13.622062,645.855,can1  120  [04]  00 87 93 03
2025-10-11T15:15:15.598476,647.831,can1  100  [03]  50 C3 00
2025-10-11T15:15:15.601934,647.835,can1  100  [03]  50 C3 00
2025-10-11T15:15:15.618087,647.851,can1  120  [04]  80 F0 FA 02
2025-10-11T15:15:15.628694,647.862,can1  120  [04]  80 F0 FA 02
2025-10-11T15:15:17.600198,649.833,can1  100  [03]  40 9C 00
2025-10-11T15:15:17.605131,649.838,can1  100  [03]  40 9C 00
2025-10-11T15:15:19.466118,651.699,can1  100  [03]  30 75 00
2025-10-11T15:15:19.470209,651.703,can1  100  [03]  30 75 00
2025-10-11T15:15:20.417027,652.650,can1  120  [04]  80 C3 C9 01
2025-10-11T15:15:20.420740,652.654,can1  120  [04]  80 C3 C9 01
2025-10-11T15:15:22.219335,654.452,can1  100  [03]  20 4E 00
2025-10-11T15:15:22.224050,654.457,can1  100  [03]  20 4E 00
2025-10-11T15:15:24.150552,656.383,can1  100  [03]  10 27 00
2025-10-11T15:15:24.154052,656.387,can1  100  [03]  10 27 00
2025-10-11T15:15:24.158965,656.392,can1  120  [04]  80 96 98 00
2025-10-11T15:15:24.163627,656.396,can1  120  [04]  80 96 98 00
2025-10-11T15:15:26.061556,658.294,can1  100  [03]  20 4E 00
2025-10-11T15:15:26.065279,658.298,can1  100  [03]  20 4E 00
2025-10-11T15:15:26.070151,658.303,can1  120  [04]  00 2D 31 01
2025-10-11T15:15:26.076312,658.309,can1  120  [04]  00 2D 31 01
2025-10-11T15:15:28.111305,660.344,can1  100  [03]  30 75 00
2025-10-11T15:15:28.115684,660.349,can1  100  [03]  30 75 00
2025-10-11T15:15:30.358401,662.591,can1  100  [03]  40 9C 00
2025-10-11T15:15:30.363880,662.597,can1  100  [03]  40 9C 00
2025-10-11T15:15:30.368774,662.602,can1  120  [04]  00 5A 62 02
2025-10-11T15:15:30.384307,662.617,can1  120  [04]  00 5A 62 02
2025-10-11T15:15:32.435544,664.668,can1  100  [03]  50 C3 00
2025-10-11T15:15:32.440297,664.673,can1  100  [03]  50 C3 00
2025-10-11T15:15:35.404297,667.637,can1  100  [03]  60 EA 00
2025-10-11T15:15:35.408581,667.641,can1  100  [03]  60 EA 00
2025-10-11T15:16:33.885978,726.119,can1  110  [02]  B8 0B
2025-10-11T15:16:33.890629,726.123,can1  110  [02]  B8 0B
2025-10-11T15:16:33.896522,726.129,can1  100  [03]  30 75 00
2025-10-11T15:16:33.901801,726.135,can1  100  [03]  30 75 00
2025-10-11T15:16:35.889770,728.123,can1  110  [02]  A0 0F
2025-10-11T15:16:35.893616,728.126,can1  110  [02]  A0 0F
2025-10-11T15:16:35.898307,728.131,can1  100  [03]  40 9C 00
2025-10-11T15:16:35.902468,728.135,can1  100  [03]  40 9C 00
2025-10-11T15:16:38.302405,730.535,can1  100  [03]  50 C3 00
2025-10-11T15:16:38.306040,730.539,can1  100  [03]  50 C3 00
2025-10-11T15:16:38.310675,730.544,can1  120  [04]  80 F0 FA 02
2025-10-11T15:16:38.315030,730.548,can1  120  [04]  80 F0 FA 02
2025-10-11T15:16:40.153910,732.387,can1  100  [03]  60 EA 00
2025-10-11T15:16:40.157169,732.390,can1  100  [03]  60 EA 00
2025-10-11T15:16:40.639822,732.873,can1  120  [04]  00 87 93 03
2025-10-11T15:16:40.644065,732.877,can1  120  [04]  00 87 93 03
2025-10-11T15:16:42.631610,734.864,can1  100  [03]  70 11 01
2025-10-11T15:16:42.635757,734.869,can1  100  [03]  70 11 01
2025-10-11T15:16:42.640243,734.873,can1  120  [04]  80 1D 2C 04
2025-10-11T15:16:42.644665,734.878,can1  120  [04]  80 1D 2C 04
2025-10-11T15:16:44.555592,736.788,can1  110  [02]  40 1F
2025-10-11T15:16:44.559992,736.793,can1  110  [02]  40 1F
2025-10-11T15:16:44.564669,736.798,can1  100  [03]  80 38 01
2025-10-11T15:16:44.570102,736.803,can1  100  [03]  80 38 01
2025-10-11T15:16:46.860388,739.093,can1  100  [03]  90 5F 01
2025-10-11T15:16:46.864382,739.097,can1  100  [03]  90 5F 01
2025-10-11T15:16:46.869152,739.102,can1  120  [04]  80 4A 5D 05
2025-10-11T15:16:46.873211,739.106,can1  120  [04]  80 4A 5D 05
2025-10-11T15:16:48.759836,740.993,can1  110  [02]  40 1F
2025-10-11T15:16:48.763699,740.997,can1  110  [02]  40 1F
2025-10-11T15:16:49.263137,741.496,can1  100  [03]  80 38 01
2025-10-11T15:16:49.266879,741.500,can1  100  [03]  80 38 01
2025-10-11T15:16:51.194760,743.428,can1  100  [03]  70 11 01
2025-10-11T15:16:51.198488,743.431,can1  100  [03]  70 11 01
2025-10-11T15:16:51.203138,743.436,can1  120  [04]  80 1D 2C 04
2025-10-11T15:16:51.207393,743.440,can1  120  [04]  80 1D 2C 04
2025-10-11T15:16:53.478527,745.711,can1  110  [02]  70 17
2025-10-11T15:16:53.482329,745.715,can1  110  [02]  70 17
2025-10-11T15:16:53.486319,745.719,can1  100  [03]  60 EA 00
2025-10-11T15:16:53.490967,745.724,can1  100  [03]  60 EA 00
2025-10-11T15:16:55.855925,748.089,can1  110  [02]  88 13
2025-10-11T15:16:55.860122,748.093,can1  110  [02]  88 13
2025-10-11T15:16:55.864901,748.098,can1  100  [03]  50 C3 00
2025-10-11T15:16:55.868972,748.102,can1  100  [03]  50 C3 00
2025-10-11T15:16:57.819636,750.053,can1  100  [03]  40 9C 00
2025-10-11T15:16:57.824194,750.057,can1  100  [03]  40 9C 00
2025-10-11T15:16:57.828539,750.061,can1  120  [04]  00 5A 62 02
2025-10-11T15:16:57.832725,750.066,can1  120  [04]  00 5A 62 02
2025-10-11T15:17:00.164312,752.397,can1  110  [02]  B8 0B
2025-10-11T15:17:00.167670,752.401,can1  110  [02]  B8 0B
2025-10-11T15:17:00.171524,752.404,can1  100  [03]  30 75 00
2025-10-11T15:17:00.176827,752.410,can1  100  [03]  30 75 00
2025-10-11T15:17:02.274084,754.507,can1  100  [03]  20 4E 00
2025-10-11T15:17:02.278284,754.511,can1  100  [03]  20 4E 00
2025-10-11T15:17:02.282239,754.515,can1  120  [04]  00 2D 31 01
2025-10-11T15:17:02.286611,754.519,can1  120  [04]  00 2D 31 01
2025-10-11T15:17:04.444750,756.678,can1  110  [02]  E8 03
2025-10-11T15:17:04.449546,756.682,can1  110  [02]  E8 03
2025-10-11T15:17:04.454590,756.687,can1  100  [03]  10 27 00
2025-10-11T15:17:04.459289,756.692,can1  100  [03]  10 27 00
2025-10-11T15:17:06.502052,758.735,can1  100  [03]  20 4E 00
2025-10-11T15:17:06.507123,758.740,can1  100  [03]  20 4E 00
2025-10-11T15:17:06.512384,758.745,can1  120  [04]  00 2D 31 01
2025-10-11T15:17:06.517779,758.751,can1  120  [04]  00 2D 31 01
2025-10-11T15:17:08.590329,760.823,can1  110  [02]  B8 0B
2025-10-11T15:17:08.594090,760.827,can1  110  [02]  B8 0B
2025-10-11T15:17:08.598491,760.831,can1  100  [03]  30 75 00
2025-10-11T15:17:08.602762,760.836,can1  100  [03]  30 75 00
2025-10-11T15:17:11.027530,763.260,can1  100  [03]  40 9C 00
2025-10-11T15:17:11.032419,763.265,can1  100  [03]  40 9C 00
2025-10-11T15:17:11.037350,763.270,can1  120  [04]  00 5A 62 02
2025-10-11T15:17:11.041161,763.274,can1  120  [04]  00 5A 62 02
2025-10-11T15:17:12.878830,765.112,can1  110  [02]  88 13
2025-10-11T15:17:12.882467,765.115,can1  110  [02]  88 13
2025-10-11T15:17:12.886496,765.119,can1  100  [03]  50 C3 00
2025-10-11T15:17:12.890935,765.124,can1  100  [03]  50 C3 00
2025-10-11T15:17:15.326639,767.559,can1  100  [03]  60 EA 00
2025-10-11T15:17:15.330873,767.564,can1  100  [03]  60 EA 00
2025-10-11T15:17:15.335461,767.568,can1  120  [04]  00 87 93 03
2025-10-11T15:17:15.339948,767.573,can1  120  [04]  00 87 93 03
2025-10-11T15:17:17.184825,769.418,can1  110  [02]  58 1B
2025-10-11T15:17:17.188642,769.421,can1  110  [02]  58 1B
2025-10-11T15:17:17.778442,770.011,can1  100  [03]  70 11 01
2025-10-11T15:17:17.781667,770.015,can1  100  [03]  70 11 01
2025-10-11T15:17:19.649650,771.882,can1  110  [02]  40 1F
2025-10-11T15:17:19.653779,771.887,can1  110  [02]  40 1F
2025-10-11T15:17:19.658103,771.891,can1  100  [03]  80 38 01
2025-10-11T15:17:19.661647,771.894,can1  100  [03]  80 38 01
2025-10-11T15:17:22.020980,774.254,can1  100  [03]  90 5F 01
2025-10-11T15:17:22.025391,774.258,can1  100  [03]  90 5F 01
2025-10-11T15:17:22.029878,774.263,can1  120  [04]  80 4A 5D 05
2025-10-11T15:17:22.034181,774.267,can1  120  [04]  80 4A 5D 05
2025-10-11T15:17:23.927743,776.161,can1  110  [02]  40 1F
2025-10-11T15:17:23.932184,776.165,can1  110  [02]  40 1F
2025-10-11T15:17:23.936477,776.169,can1  100  [03]  80 38 01
2025-10-11T15:17:23.940500,776.173,can1  100  [03]  80 38 01
2025-10-11T15:17:26.269236,778.502,can1  110  [02]  58 1B
2025-10-11T15:17:26.273491,778.506,can1  110  [02]  58 1B
2025-10-11T15:17:26.277750,778.511,can1  100  [03]  70 11 01
2025-10-11T15:17:26.282421,778.515,can1  100  [03]  70 11 01
2025-10-11T15:17:28.132694,780.366,can1  110  [02]  70 17
2025-10-11T15:17:28.137269,780.370,can1  110  [02]  70 17
2025-10-11T15:17:28.618574,780.851,can1  100  [03]  60 EA 00
2025-10-11T15:17:28.622940,780.856,can1  100  [03]  60 EA 00
2025-10-11T15:17:30.482048,782.715,can1  110  [02]  88 13
2025-10-11T15:17:30.486142,782.719,can1  110  [02]  88 13
2025-10-11T15:17:30.490669,782.724,can1  100  [03]  50 C3 00
2025-10-11T15:17:30.495477,782.728,can1  100  [03]  50 C3 00
2025-10-11T15:17:32.443772,784.677,can1  110  [02]  A0 0F
2025-10-11T15:17:32.448441,784.681,can1  110  [02]  A0 0F
2025-10-11T15:17:32.923658,785.157,can1  100  [03]  40 9C 00
2025-10-11T15:17:32.928007,785.161,can1  100  [03]  40 9C 00
2025-10-11T15:17:34.874531,787.107,can1  110  [02]  B8 0B
2025-10-11T15:17:34.878718,787.112,can1  110  [02]  B8 0B
2025-10-11T15:17:34.883262,787.116,can1  100  [03]  30 75 00
2025-10-11T15:17:34.888305,787.121,can1  100  [03]  30 75 00
2025-10-11T15:17:37.196102,789.429,can1  110  [02]  D0 07
2025-10-11T15:17:37.200463,789.433,can1  110  [02]  D0 07
2025-10-11T15:17:37.205172,789.438,can1  100  [03]  20 4E 00
2025-10-11T15:17:37.210306,789.443,can1  100  [03]  20 4E 00
2025-10-11T15:17:39.070082,791.303,can1  100  [03]  10 27 00
2025-10-11T15:17:39.074300,791.307,can1  100  [03]  10 27 00
2025-10-11T15:17:39.578801,791.812,can1  120  [04]  80 96 98 00
2025-10-11T15:17:39.583382,791.816,can1  120  [04]  80 96 98 00
2025-10-11T15:17:41.514842,793.748,can1  100  [03]  20 4E 00
2025-10-11T15:17:41.518472,793.751,can1  100  [03]  20 4E 00
2025-10-11T15:17:41.522988,793.756,can1  120  [04]  00 2D 31 01
2025-10-11T15:17:41.527685,793.761,can1  120  [04]  00 2D 31 01
2025-10-11T15:17:43.364517,795.597,can1  110  [02]  B8 0B
2025-10-11T15:17:43.368466,795.601,can1  110  [02]  B8 0B
2025-10-11T15:17:43.844290,796.077,can1  100  [03]  30 75 00
2025-10-11T15:17:43.848718,796.082,can1  100  [03]  30 75 00
2025-10-11T15:17:45.757131,797.990,can1  110  [02]  A0 0F
2025-10-11T15:17:45.761009,797.994,can1  110  [02]  A0 0F
2025-10-11T15:17:45.765379,797.998,can1  100  [03]  40 9C 00
2025-10-11T15:17:45.770105,798.003,can1  100  [03]  40 9C 00
2025-10-11T15:17:48.139252,800.372,can1  100  [03]  50 C3 00
2025-10-11T15:17:48.143779,800.377,can1  100  [03]  50 C3 00
2025-10-11T15:17:48.148683,800.382,can1  120  [04]  80 F0 FA 02
2025-10-11T15:17:48.153867,800.387,can1  120  [04]  80 F0 FA 02
2025-10-11T15:17:50.135458,802.368,can1  110  [02]  70 17
2025-10-11T15:17:50.140066,802.373,can1  110  [02]  70 17
2025-10-11T15:17:50.144691,802.378,can1  100  [03]  60 EA 00
2025-10-11T15:17:50.149570,802.382,can1  100  [03]  60 EA 00
2025-10-11T15:17:52.101802,804.335,can1  100  [03]  70 11 01
2025-10-11T15:17:52.106429,804.339,can1  100  [03]  70 11 01
2025-10-11T15:17:52.573512,804.806,can1  120  [04]  80 1D 2C 04
2025-10-11T15:17:52.577549,804.810,can1  120  [04]  80 1D 2C 04
2025-10-11T15:17:54.442187,806.675,can1  100  [03]  80 38 01
2025-10-11T15:17:54.446178,806.679,can1  100  [03]  80 38 01
2025-10-11T15:17:54.450626,806.683,can1  120  [04]  00 B4 C4 04
2025-10-11T15:17:54.455383,806.688,can1  120  [04]  00 B4 C4 04
2025-10-11T15:17:56.471728,808.705,can1  100  [03]  90 5F 01
2025-10-11T15:17:56.475226,808.708,can1  100  [03]  90 5F 01
2025-10-11T15:17:56.480050,808.713,can1  120  [04]  80 4A 5D 05
2025-10-11T15:17:56.484417,808.717,can1  120  [04]  80 4A 5D 05
2025-10-11T15:17:58.834299,811.067,can1  110  [02]  40 1F
2025-10-11T15:17:58.838283,811.071,can1  110  [02]  40 1F
2025-10-11T15:17:58.842316,811.075,can1  100  [03]  80 38 01
2025-10-11T15:17:58.846376,811.079,can1  100  [03]  80 38 01
2025-10-11T15:18:00.757654,812.990,can1  100  [03]  70 11 01
2025-10-11T15:18:00.761904,812.995,can1  100  [03]  70 11 01
2025-10-11T15:18:01.259517,813.492,can1  120  [04]  80 1D 2C 04
2025-10-11T15:18:01.263536,813.496,can1  120  [04]  80 1D 2C 04
2025-10-11T15:18:03.169972,815.403,can1  110  [02]  70 17
2025-10-11T15:18:03.173991,815.407,can1  110  [02]  70 17
2025-10-11T15:18:03.178970,815.412,can1  100  [03]  60 EA 00
2025-10-11T15:18:03.184273,815.417,can1  100  [03]  60 EA 00
2025-10-11T15:18:05.150513,817.383,can1  110  [02]  88 13
2025-10-11T15:18:05.155098,817.388,can1  110  [02]  88 13
2025-10-11T15:18:05.635975,817.869,can1  100  [03]  50 C3 00
2025-10-11T15:18:05.639385,817.872,can1  100  [03]  50 C3 00
2025-10-11T15:18:07.505820,819.739,can1  100  [03]  40 9C 00
2025-10-11T15:18:07.510117,819.743,can1  100  [03]  40 9C 00
2025-10-11T15:18:07.514659,819.748,can1  120  [04]  00 5A 62 02
2025-10-11T15:18:07.518494,819.751,can1  120  [04]  00 5A 62 02
2025-10-11T15:18:09.859321,822.092,can1  100  [03]  30 75 00
2025-10-11T15:18:09.864197,822.097,can1  100  [03]  30 75 00
2025-10-11T15:18:09.868002,822.101,can1  120  [04]  80 C3 C9 01
2025-10-11T15:18:09.873375,822.106,can1  120  [04]  80 C3 C9 01
2025-10-11T15:18:11.622878,823.856,can1  110  [02]  D0 07
2025-10-11T15:18:11.627748,823.861,can1  110  [02]  D0 07
2025-10-11T15:18:12.404539,824.637,can1  100  [03]  20 4E 00
2025-10-11T15:18:12.409376,824.642,can1  100  [03]  20 4E 00
2025-10-11T15:18:13.941322,826.174,can1  100  [03]  10 27 00
2025-10-11T15:18:13.946059,826.179,can1  100  [03]  10 27 00
2025-10-11T15:18:14.489774,826.723,can1  120  [04]  80 96 98 00
2025-10-11T15:18:14.493460,826.726,can1  120  [04]  80 96 98 00
2025-10-11T15:18:16.182029,828.415,can1  110  [02]  D0 07
2025-10-11T15:18:16.186374,828.419,can1  110  [02]  D0 07
2025-10-11T15:18:16.191061,828.424,can1  100  [03]  20 4E 00
2025-10-11T15:18:16.196201,828.429,can1  100  [03]  20 4E 00
2025-10-11T15:18:18.726850,830.960,can1  100  [03]  30 75 00
2025-10-11T15:18:18.731160,830.964,can1  100  [03]  30 75 00
2025-10-11T15:18:18.735738,830.969,can1  120  [04]  80 C3 C9 01
2025-10-11T15:18:18.740425,830.973,can1  120  [04]  80 C3 C9 01
2025-10-11T15:18:20.693914,832.927,can1  100  [03]  40 9C 00
2025-10-11T15:18:20.698130,832.931,can1  100  [03]  40 9C 00
2025-10-11T15:18:20.703243,832.936,can1  120  [04]  00 5A 62 02
2025-10-11T15:18:20.707491,832.940,can1  120  [04]  00 5A 62 02
2025-10-11T15:18:22.625324,834.858,can1  110  [02]  88 13
2025-10-11T15:18:22.630147,834.863,can1  110  [02]  88 13
2025-10-11T15:18:23.117221,835.350,can1  100  [03]  50 C3 00
2025-10-11T15:18:23.121641,835.354,can1  100  [03]  50 C3 00
2025-10-11T15:18:25.355066,837.588,can1  100  [03]  60 EA 00
2025-10-11T15:18:25.359660,837.593,can1  100  [03]  60 EA 00
2025-10-11T15:18:25.364247,837.597,can1  120  [04]  00 87 93 03
2025-10-11T15:18:25.368825,837.602,can1  120  [04]  00 87 93 03
2025-10-11T15:18:27.244979,839.478,can1  110  [02]  58 1B
2025-10-11T15:18:27.249204,839.482,can1  110  [02]  58 1B
2025-10-11T15:18:27.253843,839.487,can1  100  [03]  70 11 01
2025-10-11T15:18:27.258570,839.491,can1  100  [03]  70 11 01
2025-10-11T15:18:29.619959,841.853,can1  100  [03]  80 38 01
2025-10-11T15:18:29.624324,841.857,can1  100  [03]  80 38 01
2025-10-11T15:18:29.628887,841.862,can1  120  [04]  00 B4 C4 04
2025-10-11T15:18:29.634529,841.867,can1  120  [04]  00 B4 C4 04
2025-10-11T15:18:31.516261,843.749,can1  100  [03]  90 5F 01
2025-10-11T15:18:31.518407,843.751,can1  100  [03]  90 5F 01
2025-10-11T15:18:32.126176,844.359,can1  120  [04]  80 4A 5D 05
2025-10-11T15:18:32.130138,844.363,can1  120  [04]  80 4A 5D 05
2025-10-11T15:18:34.034484,846.267,can1  110  [02]  40 1F
2025-10-11T15:18:34.038133,846.271,can1  110  [02]  40 1F
2025-10-11T15:18:34.043202,846.276,can1  100  [03]  80 38 01
2025-10-11T15:18:34.048178,846.281,can1  100  [03]  80 38 01
2025-10-11T15:18:35.936627,848.169,can1  110  [02]  58 1B
2025-10-11T15:18:35.941142,848.174,can1  110  [02]  58 1B
2025-10-11T15:18:35.945812,848.179,can1  100  [03]  70 11 01
2025-10-11T15:18:35.950346,848.183,can1  100  [03]  70 11 01
2025-10-11T15:18:38.272745,850.506,can1  100  [03]  60 EA 00
2025-10-11T15:18:38.276326,850.509,can1  100  [03]  60 EA 00
2025-10-11T15:18:38.280752,850.514,can1  120  [04]  00 87 93 03
2025-10-11T15:18:38.286089,850.519,can1  120  [04]  00 87 93 03
2025-10-11T15:18:40.128942,852.362,can1  100  [03]  50 C3 00
2025-10-11T15:18:40.133787,852.367,can1  100  [03]  50 C3 00
2025-10-11T15:18:40.613435,852.846,can1  120  [04]  80 F0 FA 02
2025-10-11T15:18:40.616754,852.850,can1  120  [04]  80 F0 FA 02
2025-10-11T15:18:42.566333,854.799,can1  100  [03]  40 9C 00
2025-10-11T15:18:42.571067,854.804,can1  100  [03]  40 9C 00
2025-10-11T15:18:42.575449,854.808,can1  120  [04]  00 5A 62 02
2025-10-11T15:18:42.580178,854.813,can1  120  [04]  00 5A 62 02
2025-10-11T15:18:44.515844,856.749,can1  100  [03]  30 75 00
2025-10-11T15:18:44.520316,856.753,can1  100  [03]  30 75 00
2025-10-11T15:18:44.525029,856.758,can1  120  [04]  80 C3 C9 01
2025-10-11T15:18:44.530718,856.764,can1  120  [04]  80 C3 C9 01
2025-10-11T15:18:46.688408,858.921,can1  100  [03]  20 4E 00
2025-10-11T15:18:46.692769,858.926,can1  100  [03]  20 4E 00
2025-10-11T15:18:46.697310,858.930,can1  120  [04]  00 2D 31 01
2025-10-11T15:18:46.702067,858.935,can1  120  [04]  00 2D 31 01
2025-10-11T15:18:49.001887,861.235,can1  110  [02]  E8 03
2025-10-11T15:18:49.006465,861.239,can1  110  [02]  E8 03
2025-10-11T15:18:49.011558,861.244,can1  100  [03]  10 27 00
2025-10-11T15:18:49.016424,861.249,can1  100  [03]  10 27 00
2025-10-11T15:18:50.977410,863.210,can1  100  [03]  20 4E 00
2025-10-11T15:18:50.982674,863.216,can1  100  [03]  20 4E 00
2025-10-11T15:18:51.830258,864.063,can1  120  [04]  00 2D 31 01
2025-10-11T15:18:51.836340,864.069,can1  120  [04]  00 2D 31 01
2025-10-11T15:18:53.759576,865.992,can1  100  [03]  30 75 00
2025-10-11T15:18:53.764950,865.998,can1  100  [03]  30 75 00
2025-10-11T15:18:53.769746,866.003,can1  120  [04]  80 C3 C9 01
2025-10-11T15:18:53.774695,866.008,can1  120  [04]  80 C3 C9 01
2025-10-11T15:18:55.610295,867.843,can1  100  [03]  40 9C 00
2025-10-11T15:18:55.615666,867.849,can1  100  [03]  40 9C 00
2025-10-11T15:18:55.620336,867.853,can1  120  [04]  00 5A 62 02
2025-10-11T15:18:55.626671,867.860,can1  120  [04]  00 5A 62 02
2025-10-11T15:18:57.613856,869.847,can1  110  [02]  88 13
2025-10-11T15:18:57.618141,869.851,can1  110  [02]  88 13
2025-10-11T15:18:57.623587,869.856,can1  100  [03]  50 C3 00
2025-10-11T15:18:57.630307,869.863,can1  100  [03]  50 C3 00
2025-10-11T15:18:59.755099,871.988,can1  100  [03]  60 EA 00
2025-10-11T15:18:59.761060,871.994,can1  100  [03]  60 EA 00
2025-10-11T15:18:59.766217,871.999,can1  120  [04]  00 87 93 03
2025-10-11T15:18:59.772440,872.005,can1  120  [04]  00 87 93 03
2025-10-11T15:19:01.834846,874.068,can1  110  [02]  58 1B
2025-10-11T15:19:01.841636,874.074,can1  110  [02]  58 1B
2025-10-11T15:19:02.791001,875.024,can1  100  [03]  70 11 01
2025-10-11T15:19:02.795967,875.029,can1  100  [03]  70 11 01
2025-10-11T15:19:04.589733,876.823,can1  100  [03]  80 38 01
2025-10-11T15:19:04.593933,876.827,can1  100  [03]  80 38 01
2025-10-11T15:19:04.598710,876.832,can1  120  [04]  00 B4 C4 04
2025-10-11T15:19:04.603992,876.837,can1  120  [04]  00 B4 C4 04
2025-10-11T15:19:06.643679,878.877,can1  100  [03]  90 5F 01
2025-10-11T15:19:06.654791,878.888,can1  100  [03]  90 5F 01
2025-10-11T15:19:06.662970,878.896,can1  120  [04]  80 4A 5D 05
2025-10-11T15:19:06.669161,878.902,can1  120  [04]  80 4A 5D 05
2025-10-11T15:19:08.798924,881.032,can1  100  [03]  80 38 01
2025-10-11T15:19:08.804581,881.037,can1  100  [03]  80 38 01
2025-10-11T15:19:08.810408,881.043,can1  120  [04]  00 B4 C4 04
2025-10-11T15:19:08.820495,881.053,can1  120  [04]  00 B4 C4 04
2025-10-11T15:19:10.728279,882.961,can1  100  [03]  70 11 01
2025-10-11T15:19:10.733962,882.967,can1  100  [03]  70 11 01
2025-10-11T15:19:10.739042,882.972,can1  120  [04]  80 1D 2C 04
2025-10-11T15:19:10.745148,882.978,can1  120  [04]  80 1D 2C 04
2025-10-11T15:19:12.661883,884.895,can1  100  [03]  60 EA 00
2025-10-11T15:19:12.666512,884.899,can1  100  [03]  60 EA 00
2025-10-11T15:19:13.631772,885.865,can1  120  [04]  00 87 93 03
2025-10-11T15:19:13.635961,885.869,can1  120  [04]  00 87 93 03
2025-10-11T15:19:15.608957,887.842,can1  110  [02]  88 13
2025-10-11T15:19:15.613962,887.847,can1  110  [02]  88 13
2025-10-11T15:19:15.619463,887.852,can1  100  [03]  50 C3 00
2025-10-11T15:19:15.624319,887.857,can1  100  [03]  50 C3 00
2025-10-11T15:19:17.689244,889.922,can1  100  [03]  40 9C 00
2025-10-11T15:19:17.693612,889.926,can1  100  [03]  40 9C 00
2025-10-11T15:19:17.698776,889.932,can1  120  [04]  00 5A 62 02
2025-10-11T15:19:17.703432,889.936,can1  120  [04]  00 5A 62 02
2025-10-11T15:19:19.837346,892.070,can1  110  [02]  B8 0B
2025-10-11T15:19:19.842229,892.075,can1  110  [02]  B8 0B
2025-10-11T15:19:19.848508,892.081,can1  100  [03]  30 75 00
2025-10-11T15:19:19.853431,892.086,can1  100  [03]  30 75 00
2025-10-11T15:19:21.855477,894.088,can1  110  [02]  D0 07
2025-10-11T15:19:21.860308,894.093,can1  110  [02]  D0 07
2025-10-11T15:19:21.866514,894.099,can1  100  [03]  20 4E 00
2025-10-11T15:19:21.871191,894.104,can1  100  [03]  20 4E 00
2025-10-11T15:19:23.875991,896.109,can1  100  [03]  10 27 00
2025-10-11T15:19:23.881455,896.114,can1  100  [03]  10 27 00
2025-10-11T15:19:23.887107,896.120,can1  120  [04]  80 96 98 00
2025-10-11T15:19:23.893191,896.126,can1  120  [04]  80 96 98 00
2025-10-11T15:19:26.636272,898.869,can1  100  [03]  20 4E 00
2025-10-11T15:19:26.641776,898.875,can1  100  [03]  20 4E 00
2025-10-11T15:19:26.646984,898.880,can1  120  [04]  00 2D 31 01
2025-10-11T15:19:26.652408,898.885,can1  120  [04]  00 2D 31 01
2025-10-11T15:19:28.475938,900.709,can1  100  [03]  30 75 00
2025-10-11T15:19:28.480034,900.713,can1  100  [03]  30 75 00
2025-10-11T15:19:28.484296,900.717,can1  120  [04]  80 C3 C9 01
2025-10-11T15:19:28.488786,900.722,can1  120  [04]  80 C3 C9 01
2025-10-11T15:19:30.370656,902.603,can1  110  [02]  A0 0F
2025-10-11T15:19:30.375582,902.608,can1  110  [02]  A0 0F
2025-10-11T15:19:30.380830,902.614,can1  100  [03]  40 9C 00
2025-10-11T15:19:30.385753,902.619,can1  100  [03]  40 9C 00
2025-10-11T15:19:33.147197,905.380,can1  110  [02]  88 13
2025-10-11T15:19:33.152363,905.385,can1  110  [02]  88 13
2025-10-11T15:19:33.157299,905.390,can1  100  [03]  50 C3 00
2025-10-11T15:19:33.163065,905.396,can1  100  [03]  50 C3 00
2025-10-11T15:19:35.003005,907.236,can1  110  [02]  70 17
2025-10-11T15:19:35.007517,907.240,can1  110  [02]  70 17
2025-10-11T15:19:35.012158,907.245,can1  100  [03]  60 EA 00
2025-10-11T15:19:35.018239,907.251,can1  100  [03]  60 EA 00
2025-10-11T15:19:37.540254,909.773,can1  100  [03]  70 11 01
2025-10-11T15:19:37.544652,909.777,can1  100  [03]  70 11 01
2025-10-11T15:19:37.549465,909.782,can1  120  [04]  80 1D 2C 04
2025-10-11T15:19:37.554191,909.787,can1  120  [04]  80 1D 2C 04
2025-10-11T15:19:39.390109,911.623,can1  110  [02]  40 1F
2025-10-11T15:19:39.394776,911.628,can1  110  [02]  40 1F
2025-10-11T15:19:39.399954,911.633,can1  100  [03]  80 38 01
2025-10-11T15:19:39.404957,911.638,can1  100  [03]  80 38 01
2025-10-11T15:19:42.079115,914.312,can1  110  [02]  28 23
2025-10-11T15:19:42.083347,914.316,can1  110  [02]  28 23
2025-10-11T15:19:42.088238,914.321,can1  100  [03]  90 5F 01
2025-10-11T15:19:42.092206,914.325,can1  100  [03]  90 5F 01
2025-10-11T15:19:43.761075,915.994,can1  110  [02]  40 1F
2025-10-11T15:19:43.765363,915.998,can1  110  [02]  40 1F
2025-10-11T15:19:43.770030,916.003,can1  100  [03]  80 38 01
2025-10-11T15:19:43.776147,916.009,can1  100  [03]  80 38 01
2025-10-11T15:19:46.412873,918.646,can1  110  [02]  58 1B
2025-10-11T15:19:46.419608,918.652,can1  110  [02]  58 1B
2025-10-11T15:19:46.425762,918.659,can1  100  [03]  70 11 01
2025-10-11T15:19:46.432513,918.665,can1  100  [03]  70 11 01
2025-10-11T15:19:48.270224,920.503,can1  100  [03]  60 EA 00
2025-10-11T15:19:48.274722,920.508,can1  100  [03]  60 EA 00
2025-10-11T15:19:48.279572,920.512,can1  120  [04]  00 87 93 03
2025-10-11T15:19:48.284212,920.517,can1  120  [04]  00 87 93 03
2025-10-11T15:19:50.109161,922.342,can1  110  [02]  88 13
2025-10-11T15:19:50.113872,922.347,can1  110  [02]  88 13
2025-10-11T15:19:50.961672,923.195,can1  100  [03]  50 C3 00
2025-10-11T15:19:50.966278,923.199,can1  100  [03]  50 C3 00
2025-10-11T15:19:52.701909,924.935,can1  110  [02]  A0 0F
2025-10-11T15:19:52.706079,924.939,can1  110  [02]  A0 0F
2025-10-11T15:19:52.711325,924.944,can1  100  [03]  40 9C 00
2025-10-11T15:19:52.716633,924.949,can1  100  [03]  40 9C 00
2025-10-11T15:19:54.464365,926.697,can1  110  [02]  B8 0B
2025-10-11T15:19:54.470369,926.703,can1  110  [02]  B8 0B
2025-10-11T15:19:55.382488,927.615,can1  100  [03]  30 75 00
2025-10-11T15:19:55.386821,927.620,can1  100  [03]  30 75 00
2025-10-11T15:19:57.190731,929.424,can1  100  [03]  20 4E 00
2025-10-11T15:19:57.195404,929.428,can1  100  [03]  20 4E 00
2025-10-11T15:19:57.200425,929.433,can1  120  [04]  00 2D 31 01
2025-10-11T15:19:57.205368,929.438,can1  120  [04]  00 2D 31 01
2025-10-11T15:19:58.938710,931.172,can1  100  [03]  10 27 00
2025-10-11T15:19:58.943373,931.176,can1  100  [03]  10 27 00
2025-10-11T15:19:58.949195,931.182,can1  120  [04]  80 96 98 00
2025-10-11T15:19:58.954331,931.187,can1  120  [04]  80 96 98 00
2025-10-11T15:20:01.899677,934.133,can1  100  [03]  20 4E 00
2025-10-11T15:20:01.905022,934.138,can1  100  [03]  20 4E 00
2025-10-11T15:20:01.911298,934.144,can1  120  [04]  00 2D 31 01
2025-10-11T15:20:01.918369,934.151,can1  120  [04]  00 2D 31 01
2025-10-11T15:20:03.794747,936.028,can1  100  [03]  30 75 00
2025-10-11T15:20:03.801398,936.034,can1  100  [03]  30 75 00
2025-10-11T15:20:03.809333,936.042,can1  120  [04]  80 C3 C9 01
2025-10-11T15:20:03.815011,936.048,can1  120  [04]  80 C3 C9 01
2025-10-11T15:20:05.759864,937.993,can1  100  [03]  40 9C 00
2025-10-11T15:20:05.764832,937.998,can1  100  [03]  40 9C 00
2025-10-11T15:20:05.771297,938.004,can1  120  [04]  00 5A 62 02
2025-10-11T15:20:05.801001,938.034,can1  120  [04]  00 5A 62 02
2025-10-11T15:20:07.495193,939.728,can1  110  [02]  88 13
2025-10-11T15:20:07.499780,939.733,can1  110  [02]  88 13
2025-10-11T15:20:08.429653,940.662,can1  100  [03]  50 C3 00
2025-10-11T15:20:08.434376,940.667,can1  100  [03]  50 C3 00
2025-10-11T15:20:10.185709,942.419,can1  110  [02]  70 17
2025-10-11T15:20:10.191312,942.424,can1  110  [02]  70 17
2025-10-11T15:20:10.196975,942.430,can1  100  [03]  60 EA 00
2025-10-11T15:20:10.207414,942.440,can1  100  [03]  60 EA 00
2025-10-11T15:20:12.066607,944.299,can1  100  [03]  70 11 01
2025-10-11T15:20:12.070869,944.304,can1  100  [03]  70 11 01
2025-10-11T15:20:12.076904,944.310,can1  120  [04]  80 1D 2C 04
2025-10-11T15:20:12.083290,944.316,can1  120  [04]  80 1D 2C 04
2025-10-11T15:20:14.679296,946.912,can1  100  [03]  80 38 01
2025-10-11T15:20:14.684315,946.917,can1  100  [03]  80 38 01
2025-10-11T15:20:14.689639,946.922,can1  120  [04]  00 B4 C4 04
2025-10-11T15:20:14.694793,946.928,can1  120  [04]  00 B4 C4 04
2025-10-11T15:20:16.447470,948.680,can1  110  [02]  28 23
2025-10-11T15:20:16.451461,948.684,can1  110  [02]  28 23
2025-10-11T15:20:16.455931,948.689,can1  100  [03]  90 5F 01
2025-10-11T15:20:16.463176,948.696,can1  100  [03]  90 5F 01
2025-10-11T15:20:19.306011,951.539,can1  110  [02]  40 1F
2025-10-11T15:20:19.310351,951.543,can1  110  [02]  40 1F
2025-10-11T15:20:19.314753,951.548,can1  100  [03]  80 38 01
2025-10-11T15:20:19.320332,951.553,can1  100  [03]  80 38 01
2025-10-11T15:20:21.048740,953.282,can1  110  [02]  58 1B
2025-10-11T15:20:21.053871,953.287,can1  110  [02]  58 1B
2025-10-11T15:20:21.059136,953.292,can1  100  [03]  70 11 01
2025-10-11T15:20:21.066092,953.299,can1  100  [03]  70 11 01
2025-10-11T15:20:22.942414,955.175,can1  110  [02]  70 17
2025-10-11T15:20:22.947368,955.180,can1  110  [02]  70 17
2025-10-11T15:20:22.954479,955.187,can1  100  [03]  60 EA 00
2025-10-11T15:20:22.963646,955.196,can1  100  [03]  60 EA 00
2025-10-11T15:20:25.737076,957.970,can1  110  [02]  88 13
2025-10-11T15:20:25.745835,957.979,can1  110  [02]  88 13
2025-10-11T15:20:25.754340,957.987,can1  100  [03]  50 C3 00
2025-10-11T15:20:25.763408,957.996,can1  100  [03]  50 C3 00
2025-10-11T15:20:27.405467,959.638,can1  100  [03]  40 9C 00
2025-10-11T15:20:27.409568,959.642,can1  100  [03]  40 9C 00
2025-10-11T15:20:27.414940,959.648,can1  120  [04]  00 5A 62 02
2025-10-11T15:20:27.419697,959.653,can1  120  [04]  00 5A 62 02
2025-10-11T15:20:29.734918,961.968,can1  100  [03]  30 75 00
2025-10-11T15:20:29.738716,961.972,can1  100  [03]  30 75 00
2025-10-11T15:20:29.745289,961.978,can1  120  [04]  80 C3 C9 01
2025-10-11T15:20:29.751062,961.984,can1  120  [04]  80 C3 C9 01
2025-10-11T15:20:32.009438,964.242,can1  110  [02]  D0 07
2025-10-11T15:20:32.013660,964.247,can1  110  [02]  D0 07
2025-10-11T15:20:32.019109,964.252,can1  100  [03]  20 4E 00
2025-10-11T15:20:32.024709,964.258,can1  100  [03]  20 4E 00
2025-10-11T15:20:34.002468,966.235,can1  100  [03]  10 27 00
2025-10-11T15:20:34.023893,966.257,can1  100  [03]  10 27 00
2025-10-11T15:20:34.057008,966.290,can1  120  [04]  80 96 98 00
2025-10-11T15:20:34.078303,966.311,can1  120  [04]  80 96 98 00
2025-10-11T15:20:36.419733,968.653,can1  100  [03]  20 4E 00
2025-10-11T15:20:36.425949,968.659,can1  100  [03]  20 4E 00
2025-10-11T15:20:36.432711,968.666,can1  120  [04]  00 2D 31 01
2025-10-11T15:20:36.439422,968.672,can1  120  [04]  00 2D 31 01
2025-10-11T15:20:38.129477,970.362,can1  100  [03]  30 75 00
2025-10-11T15:20:38.136155,970.369,can1  100  [03]  30 75 00
2025-10-11T15:20:38.679032,970.912,can1  120  [04]  80 C3 C9 01
2025-10-11T15:20:38.684215,970.917,can1  120  [04]  80 C3 C9 01
2025-10-11T15:20:40.350495,972.583,can1  110  [02]  A0 0F
2025-10-11T15:20:40.355972,972.589,can1  110  [02]  A0 0F
2025-10-11T15:20:41.328983,973.562,can1  100  [03]  40 9C 00
2025-10-11T15:20:41.334349,973.567,can1  100  [03]  40 9C 00
2025-10-11T15:20:43.238575,975.471,can1  110  [02]  88 13
2025-10-11T15:20:43.242234,975.475,can1  110  [02]  88 13
2025-10-11T15:20:43.246685,975.480,can1  100  [03]  50 C3 00
2025-10-11T15:20:43.252426,975.485,can1  100  [03]  50 C3 00
2025-10-11T15:20:45.226687,977.460,can1  110  [02]  70 17
2025-10-11T15:20:45.236543,977.469,can1  110  [02]  70 17
2025-10-11T15:20:45.247567,977.480,can1  100  [03]  60 EA 00
2025-10-11T15:20:45.261839,977.495,can1  100  [03]  60 EA 00
2025-10-11T15:20:47.226955,979.460,can1  100  [03]  70 11 01
2025-10-11T15:20:47.231813,979.465,can1  100  [03]  70 11 01
2025-10-11T15:20:47.237344,979.470,can1  120  [04]  80 1D 2C 04
2025-10-11T15:20:47.242638,979.475,can1  120  [04]  80 1D 2C 04
2025-10-11T15:20:49.199346,981.432,can1  100  [03]  80 38 01
2025-10-11T15:20:49.203691,981.437,can1  100  [03]  80 38 01
2025-10-11T15:20:49.208843,981.442,can1  120  [04]  00 B4 C4 04
2025-10-11T15:20:49.213906,981.447,can1  120  [04]  00 B4 C4 04
2025-10-11T15:20:51.280602,983.513,can1  100  [03]  90 5F 01
2025-10-11T15:20:51.291298,983.524,can1  100  [03]  90 5F 01
2025-10-11T15:20:52.343753,984.577,can1  120  [04]  80 4A 5D 05
2025-10-11T15:20:52.352474,984.585,can1  120  [04]  80 4A 5D 05
2025-10-11T15:20:54.239345,986.472,can1  110  [02]  40 1F
2025-10-11T15:20:54.243603,986.476,can1  110  [02]  40 1F
2025-10-11T15:20:54.248721,986.482,can1  100  [03]  80 38 01
2025-10-11T15:20:54.254238,986.487,can1  100  [03]  80 38 01
2025-10-11T15:20:56.043440,988.276,can1  100  [03]  70 11 01
2025-10-11T15:20:56.050943,988.284,can1  100  [03]  70 11 01
2025-10-11T15:20:56.056987,988.290,can1  120  [04]  80 1D 2C 04
2025-10-11T15:20:56.062106,988.295,can1  120  [04]  80 1D 2C 04
2025-10-11T15:20:58.330458,990.563,can1  110  [02]  70 17
2025-10-11T15:20:58.335022,990.568,can1  110  [02]  70 17
2025-10-11T15:20:58.340492,990.573,can1  100  [03]  60 EA 00
2025-10-11T15:20:58.345937,990.579,can1  100  [03]  60 EA 00
2025-10-11T15:21:03.926614,996.159,can1  110  [02]  B8 0B
2025-10-11T15:21:03.931676,996.165,can1  110  [02]  B8 0B
2025-10-11T15:21:05.762301,997.995,can1  100  [03]  40 9C 00
2025-10-11T15:21:05.768142,998.001,can1  100  [03]  40 9C 00
2025-10-11T15:21:07.962514,1000.195,can1  100  [03]  50 C3 00
2025-10-11T15:21:07.967677,1000.201,can1  100  [03]  50 C3 00
2025-10-11T15:21:09.858647,1002.091,can1  100  [03]  60 EA 00
2025-10-11T15:21:09.863382,1002.096,can1  100  [03]  60 EA 00
2025-10-11T15:21:11.709385,1003.942,can1  100  [03]  70 11 01
2025-10-11T15:21:11.713718,1003.947,can1  100  [03]  70 11 01
2025-10-11T15:21:13.554377,1005.787,can1  100  [03]  80 38 01
2025-10-11T15:21:13.559430,1005.792,can1  100  [03]  80 38 01
2025-10-11T15:21:15.969314,1008.202,can1  110  [02]  28 23
2025-10-11T15:21:15.974221,1008.207,can1  110  [02]  28 23
2025-10-11T15:21:17.936112,1010.169,can1  110  [02]  40 1F
2025-10-11T15:21:17.940904,1010.174,can1  110  [02]  40 1F
2025-10-11T15:21:19.916945,1012.150,can1  100  [03]  70 11 01
2025-10-11T15:21:19.921306,1012.154,can1  100  [03]  70 11 01
2025-10-11T15:21:21.813137,1014.046,can1  110  [02]  70 17
2025-10-11T15:21:21.817829,1014.051,can1  110  [02]  70 17
2025-10-11T15:21:24.147711,1016.381,can1  110  [02]  88 13
2025-10-11T15:21:24.152255,1016.385,can1  110  [02]  88 13
2025-10-11T15:21:26.296103,1018.529,can1  110  [02]  A0 0F
2025-10-11T15:21:26.301693,1018.535,can1  110  [02]  A0 0F
2025-10-11T15:21:28.845264,1021.078,can1  110  [02]  B8 0B
2025-10-11T15:21:28.851845,1021.085,can1  110  [02]  B8 0B
2025-10-11T15:21:30.342688,1022.576,can1  110  [02]  D0 07
2025-10-11T15:21:30.350016,1022.583,can1  110  [02]  D0 07
2025-10-11T15:21:33.037325,1025.270,can1  100  [03]  10 27 00
2025-10-11T15:21:33.042678,1025.276,can1  100  [03]  10 27 00
2025-10-11T15:21:35.025127,1027.258,can1  110  [02]  D0 07
2025-10-11T15:21:35.030209,1027.263,can1  110  [02]  D0 07
2025-10-11T15:21:37.044359,1029.277,can1  100  [03]  30 75 00
2025-10-11T15:21:37.049112,1029.282,can1  100  [03]  30 75 00
2025-10-11T15:21:38.875575,1031.108,can1  110  [02]  A0 0F
2025-10-11T15:21:38.880230,1031.113,can1  110  [02]  A0 0F
2025-10-11T15:21:40.727620,1032.960,can1  110  [02]  88 13
2025-10-11T15:21:40.732155,1032.965,can1  110  [02]  88 13
2025-10-11T15:21:42.662035,1034.895,can1  110  [02]  70 17
2025-10-11T15:21:42.666837,1034.900,can1  110  [02]  70 17
2025-10-11T15:21:47.388762,1039.622,can1  100  [03]  30 75 00
2025-10-11T15:21:47.393946,1039.627,can1  100  [03]  30 75 00
2025-10-11T15:21:48.352237,1040.585,can1  100  [03]  40 9C 00
2025-10-11T15:21:48.357107,1040.590,can1  100  [03]  40 9C 00
2025-10-11T15:21:48.361917,1040.595,can1  100  [03]  50 C3 00
2025-10-11T15:21:48.367917,1040.601,can1  100  [03]  50 C3 00
2025-10-11T15:21:48.970604,1041.203,can1  110  [02]  70 17
2025-10-11T15:21:48.977377,1041.210,can1  110  [02]  70 17
2025-10-11T15:21:49.623826,1041.857,can1  110  [02]  58 1B
2025-10-11T15:21:49.628322,1041.861,can1  110  [02]  58 1B
2025-10-11T15:21:50.177322,1042.410,can1  110  [02]  40 1F
2025-10-11T15:21:50.181049,1042.414,can1  110  [02]  40 1F
2025-10-11T15:21:50.722373,1042.955,can1  100  [03]  90 5F 01
2025-10-11T15:21:50.726549,1042.959,can1  100  [03]  90 5F 01
2025-10-11T15:21:51.219022,1043.452,can1  110  [02]  40 1F
2025-10-11T15:21:51.223882,1043.457,can1  110  [02]  40 1F
2025-10-11T15:21:51.738912,1043.972,can1  100  [03]  70 11 01
2025-10-11T15:21:51.742776,1043.976,can1  100  [03]  70 11 01
2025-10-11T15:21:52.240860,1044.474,can1  110  [02]  70 17
2025-10-11T15:21:52.245543,1044.478,can1  110  [02]  70 17
2025-10-11T15:21:52.781907,1045.015,can1  110  [02]  88 13
2025-10-11T15:21:52.787579,1045.020,can1  110  [02]  88 13
2025-10-11T15:21:53.770821,1046.004,can1  100  [03]  40 9C 00
2025-10-11T15:21:53.776290,1046.009,can1  100  [03]  40 9C 00
2025-10-11T15:21:54.241695,1046.475,can1  100  [03]  30 75 00
2025-10-11T15:21:54.245715,1046.479,can1  100  [03]  30 75 00
2025-10-11T15:21:54.743985,1046.977,can1  100  [03]  20 4E 00
2025-10-11T15:21:54.748762,1046.982,can1  100  [03]  20 4E 00
2025-10-11T15:21:55.356645,1047.589,can1  110  [02]  E8 03
2025-10-11T15:21:55.363523,1047.596,can1  110  [02]  E8 03
2025-10-11T15:21:56.112899,1048.346,can1  100  [03]  20 4E 00
2025-10-11T15:21:56.119868,1048.353,can1  100  [03]  20 4E 00
2025-10-11T15:21:56.124169,1048.357,can1  100  [03]  30 75 00
2025-10-11T15:21:56.131092,1048.364,can1  100  [03]  30 75 00
2025-10-11T15:21:56.892516,1049.125,can1  110  [02]  A0 0F
2025-10-11T15:21:56.897564,1049.130,can1  110  [02]  A0 0F
2025-10-11T15:21:57.518656,1049.751,can1  110  [02]  88 13
2025-10-11T15:21:57.522612,1049.755,can1  110  [02]  88 13
2025-10-11T15:21:58.177693,1050.411,can1  110  [02]  70 17
2025-10-11T15:21:58.181814,1050.415,can1  110  [02]  70 17
2025-10-11T15:21:58.687294,1050.920,can1  110  [02]  58 1B
2025-10-11T15:21:58.691662,1050.925,can1  110  [02]  58 1B
2025-10-11T15:21:59.206407,1051.439,can1  100  [03]  80 38 01
2025-10-11T15:21:59.210794,1051.444,can1  100  [03]  80 38 01
2025-10-11T15:21:59.702178,1051.935,can1  100  [03]  90 5F 01
2025-10-11T15:21:59.706418,1051.939,can1  100  [03]  90 5F 01
2025-10-11T15:22:00.268260,1052.501,can1  100  [03]  80 38 01
2025-10-11T15:22:00.273353,1052.506,can1  100  [03]  80 38 01
2025-10-11T15:22:00.780526,1053.013,can1  110  [02]  58 1B
2025-10-11T15:22:00.785663,1053.019,can1  110  [02]  58 1B
2025-10-11T15:22:01.817951,1054.051,can1  100  [03]  60 EA 00
2025-10-11T15:22:01.822936,1054.056,can1  100  [03]  60 EA 00
2025-10-11T15:22:02.378722,1054.612,can1  100  [03]  50 C3 00
2025-10-11T15:22:02.383417,1054.616,can1  100  [03]  50 C3 00
2025-10-11T15:22:02.873548,1055.106,can1  100  [03]  40 9C 00
2025-10-11T15:22:02.878603,1055.111,can1  100  [03]  40 9C 00
2025-10-11T15:22:03.396807,1055.630,can1  100  [03]  30 75 00
2025-10-11T15:22:03.400588,1055.633,can1  100  [03]  30 75 00
2025-10-11T15:22:03.951197,1056.184,can1  100  [03]  20 4E 00
2025-10-11T15:22:03.957949,1056.191,can1  100  [03]  20 4E 00
2025-10-11T15:22:04.486236,1056.719,can1  110  [02]  E8 03
2025-10-11T15:22:04.491299,1056.724,can1  110  [02]  E8 03
2025-10-11T15:22:05.023694,1057.257,can1  100  [03]  20 4E 00
2025-10-11T15:22:05.028876,1057.262,can1  100  [03]  20 4E 00
2025-10-11T15:22:05.532159,1057.765,can1  110  [02]  B8 0B
2025-10-11T15:22:05.537203,1057.770,can1  110  [02]  B8 0B
2025-10-11T15:22:06.162506,1058.395,can1  100  [03]  40 9C 00
2025-10-11T15:22:06.167859,1058.401,can1  100  [03]  40 9C 00
2025-10-11T15:22:06.689701,1058.923,can1  100  [03]  50 C3 00
2025-10-11T15:22:06.694958,1058.928,can1  100  [03]  50 C3 00
2025-10-11T15:22:07.220283,1059.453,can1  110  [02]  70 17
2025-10-11T15:22:07.225143,1059.458,can1  110  [02]  70 17
2025-10-11T15:22:07.787873,1060.021,can1  100  [03]  70 11 01
2025-10-11T15:22:07.793361,1060.026,can1  100  [03]  70 11 01
2025-10-11T15:22:08.329156,1060.562,can1  110  [02]  40 1F
2025-10-11T15:22:08.333522,1060.566,can1  110  [02]  40 1F
2025-10-11T15:22:08.820474,1061.053,can1  100  [03]  90 5F 01
2025-10-11T15:22:08.826258,1061.059,can1  100  [03]  90 5F 01
2025-10-11T15:22:09.810553,1062.043,can1  100  [03]  80 38 01
2025-10-11T15:22:09.814757,1062.048,can1  100  [03]  80 38 01
2025-10-11T15:22:10.396944,1062.630,can1  100  [03]  70 11 01
2025-10-11T15:22:10.402758,1062.636,can1  100  [03]  70 11 01
2025-10-11T15:22:11.165985,1063.399,can1  110  [02]  70 17
2025-10-11T15:22:11.172188,1063.405,can1  110  [02]  70 17
2025-10-11T15:22:11.177961,1063.411,can1  100  [03]  50 C3 00
2025-10-11T15:22:11.185524,1063.418,can1  100  [03]  50 C3 00
2025-10-11T15:22:12.287393,1064.520,can1  110  [02]  A0 0F
2025-10-11T15:22:12.291106,1064.524,can1  110  [02]  A0 0F
2025-10-11T15:22:12.806601,1065.039,can1  110  [02]  B8 0B
2025-10-11T15:22:12.813261,1065.046,can1  110  [02]  B8 0B
2025-10-11T15:22:13.362833,1065.596,can1  110  [02]  D0 07
2025-10-11T15:22:13.367630,1065.600,can1  110  [02]  D0 07
2025-10-11T15:22:13.930177,1066.163,can1  100  [03]  10 27 00
2025-10-11T15:22:13.935795,1066.169,can1  100  [03]  10 27 00
2025-10-11T15:22:14.566025,1066.799,can1  100  [03]  20 4E 00
2025-10-11T15:22:14.571228,1066.804,can1  100  [03]  20 4E 00
2025-10-11T15:22:15.151736,1067.385,can1  110  [02]  B8 0B
2025-10-11T15:22:15.171559,1067.404,can1  110  [02]  B8 0B
2025-10-11T15:22:16.121317,1068.354,can1  110  [02]  A0 0F
2025-10-11T15:22:16.126734,1068.360,can1  110  [02]  A0 0F
2025-10-11T15:22:16.132069,1068.365,can1  100  [03]  50 C3 00
2025-10-11T15:22:16.139215,1068.372,can1  100  [03]  50 C3 00
2025-10-11T15:22:17.123873,1069.357,can1  100  [03]  60 EA 00
2025-10-11T15:22:17.130646,1069.364,can1  100  [03]  60 EA 00
2025-10-11T15:22:17.136374,1069.369,can1  110  [02]  58 1B
2025-10-11T15:22:17.141382,1069.374,can1  110  [02]  58 1B
2025-10-11T15:22:18.132991,1070.366,can1  100  [03]  80 38 01
2025-10-11T15:22:18.139174,1070.372,can1  100  [03]  80 38 01
2025-10-11T15:22:18.145977,1070.379,can1  110  [02]  28 23
2025-10-11T15:22:18.153246,1070.386,can1  110  [02]  28 23
2025-10-11T15:22:19.168503,1071.401,can1  100  [03]  80 38 01
2025-10-11T15:22:19.175883,1071.409,can1  100  [03]  80 38 01
2025-10-11T15:22:19.183213,1071.416,can1  110  [02]  58 1B
2025-10-11T15:22:19.189866,1071.423,can1  110  [02]  58 1B
2025-10-11T15:22:20.145903,1072.379,can1  110  [02]  70 17
2025-10-11T15:22:20.150819,1072.384,can1  110  [02]  70 17
2025-10-11T15:22:21.141530,1073.374,can1  110  [02]  88 13
2025-10-11T15:22:21.146215,1073.379,can1  110  [02]  88 13
2025-10-11T15:22:21.152417,1073.385,can1  110  [02]  A0 0F
2025-10-11T15:22:21.158261,1073.391,can1  110  [02]  A0 0F
2025-10-11T15:22:22.144626,1074.377,can1  110  [02]  B8 0B
2025-10-11T15:22:22.152360,1074.385,can1  110  [02]  B8 0B
2025-10-11T15:22:22.158463,1074.391,can1  100  [03]  20 4E 00
2025-10-11T15:22:22.164983,1074.398,can1  100  [03]  20 4E 00
2025-10-11T15:22:23.174490,1075.407,can1  100  [03]  10 27 00
2025-10-11T15:22:23.182509,1075.415,can1  100  [03]  10 27 00
2025-10-11T15:22:23.189784,1075.423,can1  110  [02]  D0 07
2025-10-11T15:22:23.198155,1075.431,can1  110  [02]  D0 07
2025-10-11T15:22:24.140503,1076.373,can1  110  [02]  B8 0B
2025-10-11T15:22:24.219704,1076.453,can1  110  [02]  B8 0B
2025-10-11T15:22:25.267138,1077.500,can1  110  [02]  A0 0F
2025-10-11T15:22:25.272178,1077.505,can1  110  [02]  A0 0F
2025-10-11T15:22:25.277049,1077.510,can1  110  [02]  88 13
2025-10-11T15:22:25.283381,1077.516,can1  110  [02]  88 13
2025-10-11T15:22:26.247197,1078.480,can1  110  [02]  70 17
2025-10-11T15:22:26.252711,1078.486,can1  110  [02]  70 17
2025-10-11T15:22:26.258775,1078.492,can1  100  [03]  70 11 01
2025-10-11T15:22:26.264366,1078.497,can1  100  [03]  70 11 01
2025-10-11T15:22:27.240001,1079.473,can1  110  [02]  40 1F
2025-10-11T15:22:27.245833,1079.479,can1  110  [02]  40 1F
2025-10-11T15:22:28.204950,1080.438,can1  100  [03]  90 5F 01
2025-10-11T15:22:28.209795,1080.443,can1  100  [03]  90 5F 01
2025-10-11T15:22:28.214933,1080.448,can1  100  [03]  80 38 01
2025-10-11T15:22:28.220493,1080.453,can1  100  [03]  80 38 01
2025-10-11T15:22:29.206168,1081.439,can1  110  [02]  58 1B
2025-10-11T15:22:29.211100,1081.444,can1  110  [02]  58 1B
2025-10-11T15:22:29.216613,1081.449,can1  110  [02]  70 17
2025-10-11T15:22:29.223393,1081.456,can1  110  [02]  70 17
2025-10-11T15:22:30.199814,1082.433,can1  110  [02]  88 13
2025-10-11T15:22:30.207452,1082.440,can1  110  [02]  88 13
2025-10-11T15:22:30.215288,1082.448,can1  110  [02]  A0 0F
2025-10-11T15:22:30.222499,1082.455,can1  110  [02]  A0 0F
2025-10-11T15:22:31.256246,1083.489,can1  100  [03]  30 75 00
2025-10-11T15:22:31.261420,1083.494,can1  100  [03]  30 75 00
2025-10-11T15:22:32.274985,1084.508,can1  100  [03]  20 4E 00
2025-10-11T15:22:32.280559,1084.513,can1  100  [03]  20 4E 00
2025-10-11T15:22:32.288902,1084.522,can1  110  [02]  E8 03
2025-10-11T15:22:32.294573,1084.527,can1  110  [02]  E8 03
2025-10-11T15:22:33.280812,1085.514,can1  100  [03]  20 4E 00
2025-10-11T15:22:33.286232,1085.519,can1  100  [03]  20 4E 00
2025-10-11T15:22:33.292076,1085.525,can1  100  [03]  30 75 00
2025-10-11T15:22:33.298337,1085.531,can1  100  [03]  30 75 00
2025-10-11T15:22:34.317198,1086.550,can1  110  [02]  A0 0F
2025-10-11T15:22:34.322442,1086.555,can1  110  [02]  A0 0F
2025-10-11T15:22:34.327972,1086.561,can1  100  [03]  50 C3 00
2025-10-11T15:22:34.335243,1086.568,can1  100  [03]  50 C3 00
2025-10-11T15:22:35.405098,1087.638,can1  110  [02]  70 17
2025-10-11T15:22:35.414759,1087.648,can1  110  [02]  70 17
2025-10-11T15:22:35.424911,1087.658,can1  100  [03]  70 11 01
2025-10-11T15:22:35.432728,1087.666,can1  100  [03]  70 11 01
2025-10-11T15:22:36.427509,1088.660,can1  110  [02]  40 1F
2025-10-11T15:22:36.432776,1088.666,can1  110  [02]  40 1F
2025-10-11T15:22:36.441153,1088.674,can1  110  [02]  28 23
2025-10-11T15:22:36.447245,1088.680,can1  110  [02]  28 23
2025-10-11T15:22:37.476799,1089.710,can1  100  [03]  80 38 01
2025-10-11T15:22:37.481346,1089.714,can1  100  [03]  80 38 01
2025-10-11T15:22:38.600624,1090.833,can1  100  [03]  70 11 01
2025-10-11T15:22:38.608164,1090.841,can1  100  [03]  70 11 01
2025-10-11T15:22:38.613266,1090.846,can1  110  [02]  70 17
2025-10-11T15:22:38.621105,1090.854,can1  110  [02]  70 17
2025-10-11T15:22:39.625850,1091.859,can1  110  [02]  88 13
2025-10-11T15:22:39.630992,1091.864,can1  110  [02]  88 13
2025-10-11T15:22:39.636839,1091.870,can1  110  [02]  A0 0F
2025-10-11T15:22:39.643643,1091.876,can1  110  [02]  A0 0F
2025-10-11T15:22:40.628358,1092.861,can1  100  [03]  30 75 00
2025-10-11T15:22:40.632421,1092.865,can1  100  [03]  30 75 00
2025-10-11T15:22:40.638477,1092.871,can1  100  [03]  20 4E 00
2025-10-11T15:22:40.645013,1092.878,can1  100  [03]  20 4E 00
2025-10-11T15:22:41.552440,1093.785,can1  110  [02]  E8 03
2025-10-11T15:22:41.557585,1093.790,can1  110  [02]  E8 03
2025-10-11T15:22:42.443414,1094.676,can1  100  [03]  20 4E 00
2025-10-11T15:22:42.447825,1094.681,can1  100  [03]  20 4E 00
2025-10-11T15:22:42.453237,1094.686,can1  100  [03]  30 75 00
2025-10-11T15:22:42.458949,1094.692,can1  100  [03]  30 75 00
2025-10-11T15:22:43.370698,1095.604,can1  110  [02]  A0 0F
2025-10-11T15:22:43.375567,1095.608,can1  110  [02]  A0 0F
2025-10-11T15:22:43.381122,1095.614,can1  110  [02]  88 13
2025-10-11T15:22:43.387483,1095.620,can1  110  [02]  88 13
2025-10-11T15:22:44.379661,1096.613,can1  110  [02]  70 17
2025-10-11T15:22:44.384785,1096.618,can1  110  [02]  70 17
2025-10-11T15:22:45.441157,1097.674,can1  110  [02]  58 1B
2025-10-11T15:22:45.450733,1097.684,can1  110  [02]  58 1B
2025-10-11T15:22:45.461496,1097.694,can1  100  [03]  80 38 01
2025-10-11T15:22:45.550637,1097.783,can1  100  [03]  80 38 01
2025-10-11T15:22:46.162389,1098.395,can1  100  [03]  90 5F 01
2025-10-11T15:22:46.167478,1098.400,can1  100  [03]  90 5F 01
2025-10-11T15:22:46.697018,1098.930,can1  110  [02]  40 1F
2025-10-11T15:22:46.701650,1098.934,can1  110  [02]  40 1F
2025-10-11T15:22:47.198768,1099.432,can1  110  [02]  58 1B
2025-10-11T15:22:47.203873,1099.437,can1  110  [02]  58 1B
2025-10-11T15:22:47.708785,1099.942,can1  110  [02]  70 17
2025-10-11T15:22:47.713744,1099.947,can1  110  [02]  70 17
2025-10-11T15:22:48.220088,1100.453,can1  100  [03]  50 C3 00
2025-10-11T15:22:48.225595,1100.458,can1  100  [03]  50 C3 00
2025-10-11T15:22:48.716506,1100.949,can1  100  [03]  40 9C 00
2025-10-11T15:22:48.721492,1100.954,can1  100  [03]  40 9C 00
2025-10-11T15:22:49.205137,1101.438,can1  100  [03]  30 75 00
2025-10-11T15:22:49.209966,1101.443,can1  100  [03]  30 75 00
2025-10-11T15:22:49.702897,1101.936,can1  100  [03]  20 4E 00
2025-10-11T15:22:49.707537,1101.940,can1  100  [03]  20 4E 00
2025-10-11T15:22:50.669689,1102.903,can1  110  [02]  E8 03
2025-10-11T15:22:50.690042,1102.923,can1  110  [02]  E8 03
2025-10-11T15:22:51.207528,1103.440,can1  100  [03]  20 4E 00
2025-10-11T15:22:51.211935,1103.445,can1  100  [03]  20 4E 00
2025-10-11T15:22:51.722483,1103.955,can1  110  [02]  B8 0B
2025-10-11T15:22:51.726812,1103.960,can1  110  [02]  B8 0B
2025-10-11T15:22:52.278459,1104.511,can1  100  [03]  40 9C 00
2025-10-11T15:22:52.283591,1104.516,can1  100  [03]  40 9C 00
2025-10-11T15:22:52.773124,1105.006,can1  100  [03]  50 C3 00
2025-10-11T15:22:52.778094,1105.011,can1  100  [03]  50 C3 00
2025-10-11T15:22:53.313041,1105.546,can1  110  [02]  70 17
2025-10-11T15:22:53.317747,1105.551,can1  110  [02]  70 17
2025-10-11T15:22:53.880627,1106.113,can1  100  [03]  70 11 01
2025-10-11T15:22:53.886106,1106.119,can1  100  [03]  70 11 01
2025-10-11T15:22:54.378782,1106.612,can1  100  [03]  80 38 01
2025-10-11T15:22:54.383212,1106.616,can1  100  [03]  80 38 01
2025-10-11T15:22:55.064868,1107.298,can1  100  [03]  90 5F 01
2025-10-11T15:22:55.070138,1107.303,can1  100  [03]  90 5F 01
2025-10-11T15:22:55.650047,1107.883,can1  100  [03]  80 38 01
2025-10-11T15:22:55.656133,1107.889,can1  100  [03]  80 38 01
2025-10-11T15:22:56.261820,1108.495,can1  110  [02]  58 1B
2025-10-11T15:22:56.267939,1108.501,can1  110  [02]  58 1B
2025-10-11T15:22:56.851624,1109.084,can1  100  [03]  60 EA 00
2025-10-11T15:22:56.857485,1109.090,can1  100  [03]  60 EA 00
2025-10-11T15:22:57.550849,1109.784,can1  110  [02]  88 13
2025-10-11T15:22:57.555999,1109.789,can1  110  [02]  88 13
2025-10-11T15:22:58.135180,1110.368,can1  110  [02]  A0 0F
2025-10-11T15:22:58.142412,1110.375,can1  110  [02]  A0 0F
2025-10-11T15:22:58.829361,1111.062,can1  110  [02]  B8 0B
2025-10-11T15:22:58.833904,1111.067,can1  110  [02]  B8 0B
2025-10-11T15:22:59.535462,1111.768,can1  100  [03]  20 4E 00
2025-10-11T15:22:59.541019,1111.774,can1  100  [03]  20 4E 00
2025-10-11T15:22:59.546260,1111.779,can1  110  [02]  E8 03
2025-10-11T15:22:59.551838,1111.785,can1  110  [02]  E8 03
2025-10-11T15:23:00.491963,1112.725,can1  100  [03]  20 4E 00
2025-10-11T15:23:00.497106,1112.730,can1  100  [03]  20 4E 00
2025-10-11T15:23:00.505406,1112.738,can1  100  [03]  30 75 00
2025-10-11T15:23:00.510499,1112.743,can1  100  [03]  30 75 00
2025-10-11T15:23:01.516070,1113.749,can1  100  [03]  40 9C 00
2025-10-11T15:23:01.521593,1113.754,can1  100  [03]  40 9C 00
2025-10-11T15:23:02.466679,1114.700,can1  100  [03]  50 C3 00
2025-10-11T15:23:02.471898,1114.705,can1  100  [03]  50 C3 00
2025-10-11T15:23:02.477096,1114.710,can1  110  [02]  70 17
2025-10-11T15:23:02.482746,1114.716,can1  110  [02]  70 17
2025-10-11T15:23:03.466176,1115.699,can1  100  [03]  70 11 01
2025-10-11T15:23:03.472292,1115.705,can1  100  [03]  70 11 01
2025-10-11T15:23:03.477740,1115.711,can1  100  [03]  80 38 01
2025-10-11T15:23:03.483504,1115.716,can1  100  [03]  80 38 01
2025-10-11T15:23:04.519316,1116.752,can1  110  [02]  28 23
2025-10-11T15:23:04.526192,1116.759,can1  110  [02]  28 23
2025-10-11T15:23:04.531511,1116.764,can1  110  [02]  40 1F
2025-10-11T15:23:04.538713,1116.772,can1  110  [02]  40 1F
2025-10-11T15:23:05.450635,1117.683,can1  110  [02]  58 1B
2025-10-11T15:23:05.456682,1117.690,can1  110  [02]  58 1B
2025-10-11T15:23:06.427822,1118.661,can1  110  [02]  70 17
2025-10-11T15:23:06.433264,1118.666,can1  110  [02]  70 17
2025-10-11T15:23:06.440092,1118.673,can1  110  [02]  88 13
2025-10-11T15:23:06.445717,1118.679,can1  110  [02]  88 13
2025-10-11T15:23:07.527137,1119.760,can1  110  [02]  A0 0F
2025-10-11T15:23:07.531802,1119.765,can1  110  [02]  A0 0F
2025-10-11T15:23:07.537852,1119.771,can1  110  [02]  B8 0B
2025-10-11T15:23:07.543306,1119.776,can1  110  [02]  B8 0B
2025-10-11T15:23:08.534647,1120.767,can1  100  [03]  20 4E 00
2025-10-11T15:23:08.541424,1120.774,can1  100  [03]  20 4E 00
2025-10-11T15:23:08.548501,1120.781,can1  100  [03]  10 27 00
2025-10-11T15:23:08.554953,1120.788,can1  100  [03]  10 27 00
2025-10-11T15:23:09.577115,1121.810,can1  110  [02]  D0 07
2025-10-11T15:23:09.582312,1121.815,can1  110  [02]  D0 07
2025-10-11T15:23:09.589472,1121.822,can1  100  [03]  30 75 00
2025-10-11T15:23:09.596759,1121.830,can1  100  [03]  30 75 00
2025-10-11T15:23:10.638559,1122.871,can1  100  [03]  40 9C 00
2025-10-11T15:23:10.645162,1122.878,can1  100  [03]  40 9C 00
2025-10-11T15:23:15.198086,1127.431,can1  120  [04]  80 C3 C9 01
2025-10-11T15:23:15.202941,1127.436,can1  120  [04]  80 C3 C9 01
2025-10-11T15:23:15.208181,1127.441,can1  110  [02]  A0 0F
2025-10-11T15:23:15.213159,1127.446,can1  110  [02]  A0 0F
2025-10-11T15:23:16.245424,1128.478,can1  100  [03]  50 C3 00
2025-10-11T15:23:16.251586,1128.484,can1  100  [03]  50 C3 00
2025-10-11T15:23:16.259467,1128.492,can1  120  [04]  00 87 93 03
2025-10-11T15:23:16.265348,1128.498,can1  120  [04]  00 87 93 03
2025-10-11T15:23:16.827193,1129.060,can1  120  [04]  80 1D 2C 04
2025-10-11T15:23:16.831827,1129.065,can1  120  [04]  80 1D 2C 04
2025-10-11T15:23:17.372905,1129.606,can1  110  [02]  40 1F
2025-10-11T15:23:17.377547,1129.610,can1  110  [02]  40 1F
2025-10-11T15:23:17.904994,1130.138,can1  110  [02]  28 23
2025-10-11T15:23:17.909770,1130.143,can1  110  [02]  28 23
2025-10-11T15:23:18.523330,1130.756,can1  120  [04]  00 B4 C4 04
2025-10-11T15:23:18.527684,1130.761,can1  120  [04]  00 B4 C4 04
2025-10-11T15:23:19.071815,1131.305,can1  110  [02]  58 1B
2025-10-11T15:23:19.076611,1131.309,can1  110  [02]  58 1B
2025-10-11T15:23:19.623991,1131.857,can1  100  [03]  60 EA 00
2025-10-11T15:23:19.629143,1131.862,can1  100  [03]  60 EA 00
2025-10-11T15:23:20.154667,1132.388,can1  120  [04]  80 F0 FA 02
2025-10-11T15:23:20.159680,1132.393,can1  120  [04]  80 F0 FA 02
2025-10-11T15:23:20.816601,1133.049,can1  110  [02]  A0 0F
2025-10-11T15:23:20.821356,1133.054,can1  110  [02]  A0 0F
2025-10-11T15:23:21.331121,1133.564,can1  100  [03]  30 75 00
2025-10-11T15:23:21.336360,1133.569,can1  100  [03]  30 75 00
2025-10-11T15:23:21.864424,1134.097,can1  110  [02]  D0 07
2025-10-11T15:23:21.869859,1134.103,can1  110  [02]  D0 07
2025-10-11T15:23:22.509368,1134.742,can1  110  [02]  E8 03
2025-10-11T15:23:22.514692,1134.748,can1  110  [02]  E8 03
2025-10-11T15:23:23.141678,1135.375,can1  100  [03]  20 4E 00
2025-10-11T15:23:23.146296,1135.379,can1  100  [03]  20 4E 00
2025-10-11T15:23:23.731340,1135.964,can1  100  [03]  30 75 00
2025-10-11T15:23:23.736101,1135.969,can1  100  [03]  30 75 00
2025-10-11T15:23:24.350461,1136.583,can1  120  [04]  00 5A 62 02
2025-10-11T15:23:24.356410,1136.589,can1  120  [04]  00 5A 62 02
2025-10-11T15:23:24.856847,1137.090,can1  100  [03]  50 C3 00
2025-10-11T15:23:24.862548,1137.095,can1  100  [03]  50 C3 00
2025-10-11T15:23:25.401105,1137.634,can1  110  [02]  70 17
2025-10-11T15:23:25.406392,1137.639,can1  110  [02]  70 17
2025-10-11T15:23:25.920988,1138.154,can1  110  [02]  58 1B
2025-10-11T15:23:25.926087,1138.159,can1  110  [02]  58 1B
2025-10-11T15:23:26.429389,1138.662,can1  120  [04]  00 B4 C4 04
2025-10-11T15:23:26.434579,1138.667,can1  120  [04]  00 B4 C4 04
2025-10-11T15:23:26.941832,1139.175,can1  110  [02]  28 23
2025-10-11T15:23:26.946326,1139.179,can1  110  [02]  28 23
2025-10-11T15:23:27.481037,1139.714,can1  100  [03]  80 38 01
2025-10-11T15:23:27.492529,1139.725,can1  100  [03]  80 38 01
2025-10-11T15:23:28.031380,1140.264,can1  100  [03]  70 11 01
2025-10-11T15:23:28.036450,1140.269,can1  100  [03]  70 11 01
2025-10-11T15:23:28.545515,1140.778,can1  110  [02]  70 17
2025-10-11T15:23:28.550367,1140.783,can1  110  [02]  70 17
2025-10-11T15:23:29.032095,1141.265,can1  100  [03]  50 C3 00
2025-10-11T15:23:29.037910,1141.271,can1  100  [03]  50 C3 00
2025-10-11T15:23:29.554583,1141.787,can1  100  [03]  40 9C 00
2025-10-11T15:23:29.560320,1141.793,can1  100  [03]  40 9C 00
2025-10-11T15:23:30.561813,1142.795,can1  100  [03]  30 75 00
2025-10-11T15:23:30.567209,1142.800,can1  100  [03]  30 75 00
2025-10-11T15:23:31.065733,1143.299,can1  110  [02]  D0 07
2025-10-11T15:23:31.071200,1143.304,can1  110  [02]  D0 07
2025-10-11T15:23:31.613893,1143.847,can1  120  [04]  80 96 98 00
2025-10-11T15:23:31.618611,1143.851,can1  120  [04]  80 96 98 00
2025-10-11T15:23:32.129636,1144.362,can1  110  [02]  D0 07
2025-10-11T15:23:32.136625,1144.370,can1  110  [02]  D0 07
2025-10-11T15:23:32.667015,1144.900,can1  120  [04]  80 C3 C9 01
2025-10-11T15:23:32.671702,1144.905,can1  120  [04]  80 C3 C9 01
2025-10-11T15:23:33.190872,1145.424,can1  100  [03]  40 9C 00
2025-10-11T15:23:33.196591,1145.429,can1  100  [03]  40 9C 00
2025-10-11T15:23:33.731268,1145.964,can1  110  [02]  88 13
2025-10-11T15:23:33.736828,1145.970,can1  110  [02]  88 13
2025-10-11T15:23:34.283391,1146.516,can1  120  [04]  00 87 93 03
2025-10-11T15:23:34.288823,1146.522,can1  120  [04]  00 87 93 03
2025-10-11T15:23:34.869125,1147.102,can1  100  [03]  70 11 01
2025-10-11T15:23:34.875931,1147.109,can1  100  [03]  70 11 01
2025-10-11T15:23:35.880273,1148.113,can1  100  [03]  80 38 01
2025-10-11T15:23:35.886140,1148.119,can1  100  [03]  80 38 01
2025-10-11T15:23:35.892624,1148.125,can1  110  [02]  28 23
2025-10-11T15:23:35.898731,1148.132,can1  110  [02]  28 23
2025-10-11T15:23:36.501777,1148.735,can1  100  [03]  80 38 01
2025-10-11T15:23:36.509164,1148.742,can1  100  [03]  80 38 01
2025-10-11T15:23:37.090694,1149.324,can1  110  [02]  58 1B
2025-10-11T15:23:37.097005,1149.330,can1  110  [02]  58 1B
2025-10-11T15:23:37.626774,1149.860,can1  110  [02]  70 17
2025-10-11T15:23:37.633041,1149.866,can1  110  [02]  70 17
2025-10-11T15:23:38.673384,1150.906,can1  120  [04]  80 F0 FA 02
2025-10-11T15:23:38.680400,1150.913,can1  120  [04]  80 F0 FA 02
2025-10-11T15:23:39.182058,1151.415,can1  110  [02]  A0 0F
2025-10-11T15:23:39.187135,1151.420,can1  110  [02]  A0 0F
2025-10-11T15:23:39.805449,1152.038,can1  110  [02]  B8 0B
2025-10-11T15:23:39.811982,1152.045,can1  110  [02]  B8 0B
2025-10-11T15:23:40.379982,1152.613,can1  100  [03]  20 4E 00
2025-10-11T15:23:40.387849,1152.621,can1  100  [03]  20 4E 00
2025-10-11T15:23:40.978747,1153.212,can1  110  [02]  E8 03
2025-10-11T15:23:40.984291,1153.217,can1  110  [02]  E8 03
2025-10-11T15:23:41.579655,1153.812,can1  120  [04]  00 2D 31 01
2025-10-11T15:23:41.586332,1153.819,can1  120  [04]  00 2D 31 01
2025-10-11T15:23:42.145706,1154.379,can1  100  [03]  30 75 00
2025-10-11T15:23:42.152494,1154.385,can1  100  [03]  30 75 00
2025-10-11T15:23:42.707518,1154.940,can1  120  [04]  00 5A 62 02
2025-10-11T15:23:42.713342,1154.946,can1  120  [04]  00 5A 62 02
2025-10-11T15:23:43.297256,1155.530,can1  120  [04]  80 F0 FA 02
2025-10-11T15:23:43.305113,1155.538,can1  120  [04]  80 F0 FA 02
2025-10-11T15:23:43.964828,1156.198,can1  100  [03]  60 EA 00
2025-10-11T15:23:43.969935,1156.203,can1  100  [03]  60 EA 00
2025-10-11T15:23:43.975440,1156.208,can1  100  [03]  70 11 01
2025-10-11T15:23:43.981279,1156.214,can1  100  [03]  70 11 01
2025-10-11T15:23:44.568298,1156.801,can1  110  [02]  40 1F
2025-10-11T15:23:44.574204,1156.807,can1  110  [02]  40 1F
2025-10-11T15:23:45.132500,1157.365,can1  120  [04]  80 4A 5D 05
2025-10-11T15:23:45.138236,1157.371,can1  120  [04]  80 4A 5D 05
2025-10-11T15:23:45.659457,1157.892,can1  120  [04]  00 B4 C4 04
2025-10-11T15:23:45.665215,1157.898,can1  120  [04]  00 B4 C4 04
2025-10-11T15:23:46.170225,1158.403,can1  120  [04]  80 1D 2C 04
2025-10-11T15:23:46.176369,1158.409,can1  120  [04]  80 1D 2C 04
2025-10-11T15:23:47.263452,1159.496,can1  120  [04]  00 87 93 03
2025-10-11T15:23:47.268982,1159.502,can1  120  [04]  00 87 93 03
2025-10-11T15:23:47.275291,1159.508,can1  100  [03]  50 C3 00
2025-10-11T15:23:47.281644,1159.514,can1  100  [03]  50 C3 00
2025-10-11T15:23:48.291389,1160.524,can1  100  [03]  40 9C 00
2025-10-11T15:23:48.298432,1160.531,can1  100  [03]  40 9C 00
2025-10-11T15:23:48.814622,1161.047,can1  100  [03]  30 75 00
2025-10-11T15:23:48.820508,1161.053,can1  100  [03]  30 75 00
2025-10-11T15:23:49.351250,1161.584,can1  120  [04]  00 2D 31 01
2025-10-11T15:23:49.356781,1161.590,can1  120  [04]  00 2D 31 01
2025-10-11T15:23:49.857372,1162.090,can1  120  [04]  80 96 98 00
2025-10-11T15:23:49.861937,1162.095,can1  120  [04]  80 96 98 00
2025-10-11T15:23:50.378836,1162.612,can1  100  [03]  20 4E 00
2025-10-11T15:23:50.383544,1162.616,can1  100  [03]  20 4E 00
2025-10-11T15:23:50.927711,1163.161,can1  120  [04]  80 C3 C9 01
2025-10-11T15:23:50.933378,1163.166,can1  120  [04]  80 C3 C9 01
2025-10-11T15:23:51.467524,1163.700,can1  120  [04]  00 5A 62 02
2025-10-11T15:23:51.473122,1163.706,can1  120  [04]  00 5A 62 02
2025-10-11T15:23:52.002222,1164.235,can1  120  [04]  80 F0 FA 02
2025-10-11T15:23:52.021280,1164.254,can1  120  [04]  80 F0 FA 02
2025-10-11T15:23:52.501528,1164.734,can1  100  [03]  60 EA 00
2025-10-11T15:23:52.507816,1164.741,can1  100  [03]  60 EA 00
2025-10-11T15:23:53.027952,1165.261,can1  110  [02]  58 1B
2025-10-11T15:23:53.033314,1165.266,can1  110  [02]  58 1B
2025-10-11T15:23:53.532713,1165.766,can1  100  [03]  80 38 01
2025-10-11T15:23:53.538732,1165.772,can1  100  [03]  80 38 01
2025-10-11T15:23:54.539842,1166.773,can1  120  [04]  80 4A 5D 05
2025-10-11T15:23:54.546496,1166.779,can1  120  [04]  80 4A 5D 05
2025-10-11T15:23:55.087688,1167.321,can1  110  [02]  40 1F
2025-10-11T15:23:55.091895,1167.325,can1  110  [02]  40 1F
2025-10-11T15:23:55.613783,1167.847,can1  100  [03]  70 11 01
2025-10-11T15:23:55.619912,1167.853,can1  100  [03]  70 11 01
2025-10-11T15:23:56.132361,1168.365,can1  110  [02]  70 17
2025-10-11T15:23:56.137218,1168.370,can1  110  [02]  70 17
2025-10-11T15:23:56.672121,1168.905,can1  100  [03]  50 C3 00
2025-10-11T15:23:56.677759,1168.911,can1  100  [03]  50 C3 00
2025-10-11T15:23:57.194943,1169.428,can1  110  [02]  A0 0F
2025-10-11T15:23:57.200217,1169.433,can1  110  [02]  A0 0F
2025-10-11T15:23:57.760946,1169.994,can1  110  [02]  B8 0B
2025-10-11T15:23:57.766034,1169.999,can1  110  [02]  B8 0B
2025-10-11T15:23:58.283522,1170.516,can1  110  [02]  D0 07
2025-10-11T15:23:58.288947,1170.522,can1  110  [02]  D0 07
2025-10-11T15:23:58.796769,1171.030,can1  120  [04]  80 96 98 00
2025-10-11T15:23:58.802508,1171.035,can1  120  [04]  80 96 98 00
2025-10-11T15:23:59.815134,1172.048,can1  110  [02]  D0 07
2025-10-11T15:23:59.822204,1172.055,can1  110  [02]  D0 07
2025-10-11T15:24:00.360053,1172.593,can1  100  [03]  30 75 00
2025-10-11T15:24:00.365794,1172.599,can1  100  [03]  30 75 00
2025-10-11T15:24:00.900133,1173.133,can1  110  [02]  A0 0F
2025-10-11T15:24:00.906130,1173.139,can1  110  [02]  A0 0F
2025-10-11T15:24:01.413546,1173.646,can1  120  [04]  80 F0 FA 02
2025-10-11T15:24:01.418428,1173.651,can1  120  [04]  80 F0 FA 02
2025-10-11T15:24:01.935281,1174.168,can1  100  [03]  60 EA 00
2025-10-11T15:24:01.940925,1174.174,can1  100  [03]  60 EA 00
2025-10-11T15:24:02.460909,1174.694,can1  100  [03]  70 11 01
2025-10-11T15:24:02.465606,1174.698,can1  100  [03]  70 11 01
2025-10-11T15:24:03.018609,1175.251,can1  120  [04]  00 B4 C4 04
2025-10-11T15:24:03.024196,1175.257,can1  120  [04]  00 B4 C4 04
2025-10-11T15:24:03.549369,1175.782,can1  120  [04]  80 4A 5D 05
2025-10-11T15:24:03.555471,1175.788,can1  120  [04]  80 4A 5D 05
2025-10-11T15:24:04.071823,1176.305,can1  100  [03]  80 38 01
2025-10-11T15:24:04.076528,1176.309,can1  100  [03]  80 38 01
2025-10-11T15:24:04.620531,1176.853,can1  110  [02]  58 1B
2025-10-11T15:24:04.627502,1176.860,can1  110  [02]  58 1B
2025-10-11T15:24:05.142391,1177.375,can1  110  [02]  70 17
2025-10-11T15:24:05.148493,1177.381,can1  110  [02]  70 17
2025-10-11T15:24:05.659597,1177.892,can1  120  [04]  80 F0 FA 02
2025-10-11T15:24:05.664655,1177.897,can1  120  [04]  80 F0 FA 02
2025-10-11T15:24:06.195053,1178.428,can1  120  [04]  00 5A 62 02
2025-10-11T15:24:06.199463,1178.432,can1  120  [04]  00 5A 62 02
2025-10-11T15:24:06.785157,1179.018,can1  100  [03]  30 75 00
2025-10-11T15:24:06.791407,1179.024,can1  100  [03]  30 75 00
2025-10-11T15:24:07.427869,1179.661,can1  100  [03]  20 4E 00
2025-10-11T15:24:07.434923,1179.668,can1  100  [03]  20 4E 00
2025-10-11T15:24:07.979128,1180.212,can1  110  [02]  E8 03
2025-10-11T15:24:07.986229,1180.219,can1  110  [02]  E8 03
2025-10-11T15:24:08.480107,1180.713,can1  110  [02]  D0 07
2025-10-11T15:24:08.485192,1180.718,can1  110  [02]  D0 07
2025-10-11T15:24:08.989358,1181.222,can1  120  [04]  80 C3 C9 01
2025-10-11T15:24:08.995008,1181.228,can1  120  [04]  80 C3 C9 01
2025-10-11T15:24:09.475434,1181.708,can1  120  [04]  00 5A 62 02
2025-10-11T15:24:09.480711,1181.714,can1  120  [04]  00 5A 62 02
2025-10-11T15:24:10.028090,1182.261,can1  120  [04]  80 F0 FA 02
2025-10-11T15:24:10.033180,1182.266,can1  120  [04]  80 F0 FA 02
2025-10-11T15:24:10.583418,1182.816,can1  100  [03]  60 EA 00
2025-10-11T15:24:10.590225,1182.823,can1  100  [03]  60 EA 00
2025-10-11T15:24:11.582936,1183.816,can1  110  [02]  58 1B
2025-10-11T15:24:11.589520,1183.822,can1  110  [02]  58 1B
2025-10-11T15:24:12.077152,1184.310,can1  110  [02]  40 1F
2025-10-11T15:24:12.082721,1184.316,can1  110  [02]  40 1F
2025-10-11T15:24:12.598567,1184.831,can1  120  [04]  80 4A 5D 05
2025-10-11T15:24:12.603787,1184.837,can1  120  [04]  80 4A 5D 05
2025-10-11T15:24:13.110020,1185.343,can1  120  [04]  00 B4 C4 04
2025-10-11T15:24:13.115320,1185.348,can1  120  [04]  00 B4 C4 04
2025-10-11T15:24:13.610929,1185.844,can1  100  [03]  70 11 01
2025-10-11T15:24:13.617397,1185.850,can1  100  [03]  70 11 01
2025-10-11T15:24:14.149186,1186.382,can1  120  [04]  00 87 93 03
2025-10-11T15:24:14.157363,1186.390,can1  120  [04]  00 87 93 03
2025-10-11T15:24:14.769562,1187.002,can1  120  [04]  80 F0 FA 02
2025-10-11T15:24:14.776243,1187.009,can1  120  [04]  80 F0 FA 02
2025-10-11T15:24:15.383389,1187.616,can1  120  [04]  00 5A 62 02
2025-10-11T15:24:15.387944,1187.621,can1  120  [04]  00 5A 62 02
2025-10-11T15:24:15.913421,1188.146,can1  120  [04]  80 C3 C9 01
2025-10-11T15:24:15.918550,1188.151,can1  120  [04]  80 C3 C9 01
2025-10-11T15:24:16.451109,1188.684,can1  120  [04]  00 2D 31 01
2025-10-11T15:24:16.456327,1188.689,can1  120  [04]  00 2D 31 01
2025-10-11T15:24:16.972497,1189.205,can1  120  [04]  80 96 98 00
2025-10-11T15:24:16.978138,1189.211,can1  120  [04]  80 96 98 00
2025-10-11T15:24:17.523678,1189.757,can1  120  [04]  00 2D 31 01
2025-10-11T15:24:17.528390,1189.761,can1  120  [04]  00 2D 31 01
2025-10-11T15:24:18.129463,1190.362,can1  120  [04]  80 C3 C9 01
2025-10-11T15:24:18.134898,1190.368,can1  120  [04]  80 C3 C9 01
2025-10-11T15:24:18.663331,1190.896,can1  100  [03]  40 9C 00
2025-10-11T15:24:18.667807,1190.901,can1  100  [03]  40 9C 00
2025-10-11T15:24:19.175776,1191.409,can1  120  [04]  80 F0 FA 02
2025-10-11T15:24:19.179961,1191.413,can1  120  [04]  80 F0 FA 02
2025-10-11T15:24:19.694877,1191.928,can1  110  [02]  70 17
2025-10-11T15:24:19.699296,1191.932,can1  110  [02]  70 17
2025-10-11T15:24:20.716612,1192.949,can1  120  [04]  80 1D 2C 04
2025-10-11T15:24:20.722581,1192.955,can1  120  [04]  80 1D 2C 04
2025-10-11T15:24:20.728736,1192.962,can1  110  [02]  40 1F
2025-10-11T15:24:20.733719,1192.967,can1  110  [02]  40 1F
2025-10-11T15:24:21.978372,1194.211,can1  120  [04]  80 4A 5D 05
2025-10-11T15:24:21.983045,1194.216,can1  120  [04]  80 4A 5D 05
2025-10-11T15:24:21.990694,1194.224,can1  110  [02]  40 1F
2025-10-11T15:24:22.012512,1194.245,can1  110  [02]  40 1F
2025-10-11T15:24:22.668459,1194.901,can1  110  [02]  58 1B
2025-10-11T15:24:22.674983,1194.908,can1  110  [02]  58 1B
2025-10-11T15:24:23.352078,1195.585,can1  100  [03]  60 EA 00
2025-10-11T15:24:23.358949,1195.592,can1  100  [03]  60 EA 00
2025-10-11T15:24:24.028915,1196.262,can1  120  [04]  80 F0 FA 02
2025-10-11T15:24:24.035013,1196.268,can1  120  [04]  80 F0 FA 02
2025-10-11T15:24:24.725821,1196.959,can1  110  [02]  A0 0F
2025-10-11T15:24:24.731480,1196.964,can1  110  [02]  A0 0F
2025-10-11T15:24:24.738394,1196.971,can1  100  [03]  30 75 00
2025-10-11T15:24:24.745139,1196.978,can1  100  [03]  30 75 00
2025-10-11T15:24:25.384612,1197.617,can1  120  [04]  00 2D 31 01
2025-10-11T15:24:25.390048,1197.623,can1  120  [04]  00 2D 31 01
2025-10-11T15:24:26.051515,1198.284,can1  100  [03]  10 27 00
2025-10-11T15:24:26.059947,1198.293,can1  100  [03]  10 27 00
2025-10-11T15:24:26.670936,1198.904,can1  100  [03]  20 4E 00
2025-10-11T15:24:26.680079,1198.913,can1  100  [03]  20 4E 00
2025-10-11T15:24:27.261509,1199.494,can1  120  [04]  80 C3 C9 01
2025-10-11T15:24:27.267175,1199.500,can1  120  [04]  80 C3 C9 01
2025-10-11T15:24:27.793493,1200.026,can1  110  [02]  A0 0F
2025-10-11T15:24:27.800925,1200.034,can1  110  [02]  A0 0F
2025-10-11T15:24:28.316654,1200.549,can1  110  [02]  88 13
2025-10-11T15:24:28.322627,1200.556,can1  110  [02]  88 13
2025-10-11T15:24:28.855798,1201.089,can1  120  [04]  00 87 93 03
2025-10-11T15:24:28.862113,1201.095,can1  120  [04]  00 87 93 03
2025-10-11T15:24:29.405411,1201.638,can1  100  [03]  70 11 01
2025-10-11T15:24:29.413197,1201.646,can1  100  [03]  70 11 01
2025-10-11T15:24:30.031220,1202.264,can1  120  [04]  00 B4 C4 04
2025-10-11T15:24:30.042443,1202.275,can1  120  [04]  00 B4 C4 04
