Timestamp,Elapsed_Time_s,Temp1_C,Temp2_C,Temp3_C,Volt1_V,Volt2_V,Volt3_V,Volt4_V,Set_Rudder_deg,Actual_Rudder_deg,pH,Water_Temp,Salinity
2025-10-11T15:04:31.890501,5.901,0.00,0.00,0.00,0.00,0.00,0.00,0.00,0,,7.0,0,0
2025-10-11T15:04:31.891856,5.903,0.00,0.00,0.00,0.00,0.00,0.00,0.00,0,,7.0,0,0
2025-10-11T15:04:31.893105,5.904,0.00,0.00,0.00,0.00,0.00,0.00,0.00,0,,7.0,70.0,0
2025-10-11T15:04:31.894287,5.905,0.00,0.00,0.00,0.00,0.00,0.00,0.00,0,,7.0,70.0,0
2025-10-11T15:04:32.355587,6.366,0.00,0.00,0.00,0.00,0.00,0.00,0.00,0,,7.0,70.0,70.0
2025-10-11T15:04:32.357290,6.368,0.00,0.00,0.00,0.00,0.00,0.00,0.00,0,,7.0,70.0,70.0
2025-10-11T15:04:34.203146,8.214,0.00,0.00,0.00,0.00,0.00,0.00,0.00,0,,7.0,70.0,70.0
2025-10-11T15:04:34.205111,8.216,0.00,0.00,0.00,0.00,0.00,0.00,0.00,0,,7.0,70.0,70.0
2025-10-11T15:04:36.366523,10.377,0.00,0.00,0.00,0.00,0.00,0.00,0.00,0,,8.0,70.0,70.0
2025-10-11T15:04:36.368010,10.379,0.00,0.00,0.00,0.00,0.00,0.00,0.00,0,,8.0,70.0,70.0
2025-10-11T15:04:36.369505,10.380,0.00,0.00,0.00,0.00,0.00,0.00,0.00,0,,8.0,80.0,70.0
2025-10-11T15:04:36.370917,10.382,0.00,0.00,0.00,0.00,0.00,0.00,0.00,0,,8.0,80.0,70.0
2025-10-11T15:04:36.373219,10.384,0.00,0.00,0.00,0.00,0.00,0.00,0.00,0,,8.0,80.0,80.0
2025-10-11T15:04:36.375166,10.386,0.00,0.00,0.00,0.00,0.00,0.00,0.00,0,,8.0,80.0,80.0
2025-10-11T15:04:38.971553,12.982,0.00,0.00,0.00,0.00,0.00,0.00,0.00,0,,8.0,80.0,80.0
2025-10-11T15:04:38.975483,12.986,0.00,0.00,0.00,0.00,0.00,0.00,0.00,0,,8.0,80.0,80.0
2025-10-11T15:04:41.118788,15.130,0.00,0.00,0.00,0.00,0.00,0.00,0.00,0,,9.0,80.0,80.0
2025-10-11T15:04:41.120027,15.131,0.00,0.00,0.00,0.00,0.00,0.00,0.00,0,,9.0,80.0,80.0
2025-10-11T15:04:41.121528,15.132,0.00,0.00,0.00,0.00,0.00,0.00,0.00,0,,9.0,90.0,80.0
2025-10-11T15:04:41.124126,15.135,0.00,0.00,0.00,0.00,0.00,0.00,0.00,0,,9.0,90.0,80.0
2025-10-11T15:04:41.126410,15.137,0.00,0.00,0.00,0.00,0.00,0.00,0.00,0,,9.0,90.0,90.0
2025-10-11T15:04:41.127932,15.139,0.00,0.00,0.00,0.00,0.00,0.00,0.00,0,,9.0,90.0,90.0
2025-10-11T15:04:43.388430,17.399,0.00,0.00,0.00,0.00,0.00,0.00,0.00,0,,9.0,90.0,90.0
2025-10-11T15:04:43.391385,17.402,0.00,0.00,0.00,0.00,0.00,0.00,0.00,0,,9.0,90.0,90.0
2025-10-11T15:04:45.417765,19.429,0.00,0.00,0.00,0.00,0.00,0.00,0.00,0,,8.0,90.0,90.0
2025-10-11T15:04:45.419678,19.431,0.00,0.00,0.00,0.00,0.00,0.00,0.00,0,,8.0,90.0,90.0
2025-10-11T15:04:45.421159,19.432,0.00,0.00,0.00,0.00,0.00,0.00,0.00,0,,8.0,80.0,90.0
2025-10-11T15:04:45.423613,19.434,0.00,0.00,0.00,0.00,0.00,0.00,0.00,0,,8.0,80.0,90.0
2025-10-11T15:04:45.425621,19.436,0.00,0.00,0.00,0.00,0.00,0.00,0.00,0,,8.0,80.0,80.0
2025-10-11T15:04:45.431132,19.442,0.00,0.00,0.00,0.00,0.00,0.00,0.00,0,,8.0,80.0,80.0
2025-10-11T15:04:48.452514,22.463,0.00,0.00,0.00,0.00,0.00,0.00,0.00,0,,3.0,80.0,80.0
2025-10-11T15:04:48.454450,22.465,0.00,0.00,0.00,0.00,0.00,0.00,0.00,0,,3.0,80.0,80.0
2025-10-11T15:04:49.148348,23.159,0.00,0.00,0.00,0.00,0.00,0.00,0.00,0,,3.0,30.0,80.0
2025-10-11T15:04:49.150221,23.161,0.00,0.00,0.00,0.00,0.00,0.00,0.00,0,,3.0,30.0,80.0
2025-10-11T15:04:49.151886,23.163,0.00,0.00,0.00,0.00,0.00,0.00,0.00,0,,3.0,30.0,30.0
2025-10-11T15:04:49.153492,23.164,0.00,0.00,0.00,0.00,0.00,0.00,0.00,0,,3.0,30.0,30.0
2025-10-11T15:04:50.741351,24.752,0.00,0.00,0.00,0.00,0.00,0.00,0.00,0,,4.0,30.0,30.0
2025-10-11T15:04:50.742897,24.754,0.00,0.00,0.00,0.00,0.00,0.00,0.00,0,,4.0,30.0,30.0
2025-10-11T15:04:50.744766,24.756,0.00,0.00,0.00,0.00,0.00,0.00,0.00,0,,4.0,40.0,30.0
2025-10-11T15:04:50.746351,24.757,0.00,0.00,0.00,0.00,0.00,0.00,0.00,0,,4.0,40.0,30.0
2025-10-11T15:04:51.182279,25.193,0.00,0.00,0.00,0.00,0.00,0.00,0.00,0,,4.0,40.0,40.0
2025-10-11T15:04:51.183804,25.195,0.00,0.00,0.00,0.00,0.00,0.00,0.00,0,,4.0,40.0,40.0
2025-10-11T15:04:53.430397,27.441,0.00,0.00,0.00,0.00,0.00,0.00,0.00,0,,5.0,40.0,40.0
2025-10-11T15:04:53.432432,27.443,0.00,0.00,0.00,0.00,0.00,0.00,0.00,0,,5.0,40.0,40.0
2025-10-11T15:04:53.433891,27.445,0.00,0.00,0.00,0.00,0.00,0.00,0.00,0,,5.0,50.0,40.0
2025-10-11T15:04:53.435247,27.446,0.00,0.00,0.00,0.00,0.00,0.00,0.00,0,,5.0,50.0,40.0
2025-10-11T15:04:53.437384,27.448,0.00,0.00,0.00,0.00,0.00,0.00,0.00,0,,5.0,50.0,50.0
2025-10-11T15:04:53.439232,27.450,0.00,0.00,0.00,0.00,0.00,0.00,0.00,0,,5.0,50.0,50.0
2025-10-11T15:04:55.403712,29.415,0.00,0.00,0.00,0.00,0.00,0.00,0.00,0,,6.0,50.0,50.0
2025-10-11T15:04:55.405517,29.416,0.00,0.00,0.00,0.00,0.00,0.00,0.00,0,,6.0,50.0,50.0
2025-10-11T15:04:55.407420,29.418,0.00,0.00,0.00,0.00,0.00,0.00,0.00,0,,6.0,60.0,50.0
2025-10-11T15:04:55.409490,29.420,0.00,0.00,0.00,0.00,0.00,0.00,0.00,0,,6.0,60.0,50.0
2025-10-11T15:04:55.858361,29.869,0.00,0.00,0.00,0.00,0.00,0.00,0.00,0,,6.0,60.0,60.0
2025-10-11T15:04:55.859658,29.870,0.00,0.00,0.00,0.00,0.00,0.00,0.00,0,,6.0,60.0,60.0
2025-10-11T15:04:57.746947,31.758,0.00,0.00,0.00,0.00,0.00,0.00,0.00,0,,7.0,60.0,60.0
2025-10-11T15:04:57.748464,31.759,0.00,0.00,0.00,0.00,0.00,0.00,0.00,0,,7.0,60.0,60.0
2025-10-11T15:04:57.750046,31.761,0.00,0.00,0.00,0.00,0.00,0.00,0.00,0,,7.0,70.0,60.0
2025-10-11T15:04:57.751731,31.763,0.00,0.00,0.00,0.00,0.00,0.00,0.00,0,,7.0,70.0,60.0
2025-10-11T15:04:57.753784,31.765,0.00,0.00,0.00,0.00,0.00,0.00,0.00,0,,7.0,70.0,70.0
2025-10-11T15:04:57.755223,31.766,0.00,0.00,0.00,0.00,0.00,0.00,0.00,0,,7.0,70.0,70.0
2025-10-11T15:05:00.185416,34.196,0.00,0.00,0.00,0.00,0.00,0.00,0.00,0,,8.0,70.0,70.0
2025-10-11T15:05:00.187129,34.198,0.00,0.00,0.00,0.00,0.00,0.00,0.00,0,,8.0,70.0,70.0
2025-10-11T15:05:00.188642,34.199,0.00,0.00,0.00,0.00,0.00,0.00,0.00,0,,8.0,80.0,70.0
2025-10-11T15:05:00.190266,34.201,0.00,0.00,0.00,0.00,0.00,0.00,0.00,0,,8.0,80.0,70.0
2025-10-11T15:05:00.192681,34.204,0.00,0.00,0.00,0.00,0.00,0.00,0.00,0,,8.0,80.0,80.0
2025-10-11T15:05:00.194461,34.205,0.00,0.00,0.00,0.00,0.00,0.00,0.00,0,,8.0,80.0,80.0
2025-10-11T15:05:02.349015,36.360,0.00,0.00,0.00,0.00,0.00,0.00,0.00,0,,9.0,80.0,80.0
2025-10-11T15:05:02.350573,36.361,0.00,0.00,0.00,0.00,0.00,0.00,0.00,0,,9.0,80.0,80.0
2025-10-11T15:05:02.352220,36.363,0.00,0.00,0.00,0.00,0.00,0.00,0.00,0,,9.0,90.0,80.0
2025-10-11T15:05:02.353641,36.364,0.00,0.00,0.00,0.00,0.00,0.00,0.00,0,,9.0,90.0,80.0
2025-10-11T15:05:02.355564,36.366,0.00,0.00,0.00,0.00,0.00,0.00,0.00,0,,9.0,90.0,90.0
2025-10-11T15:05:02.357371,36.368,0.00,0.00,0.00,0.00,0.00,0.00,0.00,0,,9.0,90.0,90.0
2025-10-11T15:05:04.538593,38.549,0.00,0.00,0.00,0.00,0.00,0.00,0.00,0,,8.0,90.0,90.0
2025-10-11T15:05:04.540398,38.551,0.00,0.00,0.00,0.00,0.00,0.00,0.00,0,,8.0,90.0,90.0
2025-10-11T15:05:04.542779,38.554,0.00,0.00,0.00,0.00,0.00,0.00,0.00,0,,8.0,80.0,90.0
2025-10-11T15:05:04.544998,38.556,0.00,0.00,0.00,0.00,0.00,0.00,0.00,0,,8.0,80.0,90.0
2025-10-11T15:05:05.162809,39.174,0.00,0.00,0.00,0.00,0.00,0.00,0.00,0,,8.0,80.0,80.0
2025-10-11T15:05:05.164541,39.175,0.00,0.00,0.00,0.00,0.00,0.00,0.00,0,,8.0,80.0,80.0
2025-10-11T15:05:07.202986,41.214,0.00,0.00,0.00,0.00,0.00,0.00,0.00,0,,7.0,80.0,80.0
2025-10-11T15:05:07.205199,41.216,0.00,0.00,0.00,0.00,0.00,0.00,0.00,0,,7.0,80.0,80.0
2025-10-11T15:05:07.207418,41.218,0.00,0.00,0.00,0.00,0.00,0.00,0.00,0,,7.0,70.0,80.0
2025-10-11T15:05:07.209504,41.220,0.00,0.00,0.00,0.00,0.00,0.00,0.00,0,,7.0,70.0,80.0
2025-10-11T15:05:07.211842,41.223,0.00,0.00,0.00,0.00,0.00,0.00,0.00,0,,7.0,70.0,70.0
2025-10-11T15:05:07.215594,41.226,0.00,0.00,0.00,0.00,0.00,0.00,0.00,0,,7.0,70.0,70.0
2025-10-11T15:05:09.529854,43.541,0.00,0.00,0.00,0.00,0.00,0.00,0.00,0,,6.0,70.0,70.0
2025-10-11T15:05:09.532000,43.543,0.00,0.00,0.00,0.00,0.00,0.00,0.00,0,,6.0,70.0,70.0
2025-10-11T15:05:09.533889,43.545,0.00,0.00,0.00,0.00,0.00,0.00,0.00,0,,6.0,60.0,70.0
2025-10-11T15:05:09.536182,43.547,0.00,0.00,0.00,0.00,0.00,0.00,0.00,0,,6.0,60.0,70.0
2025-10-11T15:05:09.538253,43.549,0.00,0.00,0.00,0.00,0.00,0.00,0.00,0,,6.0,60.0,60.0
2025-10-11T15:05:09.542797,43.554,0.00,0.00,0.00,0.00,0.00,0.00,0.00,0,,6.0,60.0,60.0
2025-10-11T15:05:11.782907,45.794,0.00,0.00,0.00,0.00,0.00,0.00,0.00,0,,5.0,60.0,60.0
2025-10-11T15:05:11.784985,45.796,0.00,0.00,0.00,0.00,0.00,0.00,0.00,0,,5.0,60.0,60.0
2025-10-11T15:05:11.787040,45.798,0.00,0.00,0.00,0.00,0.00,0.00,0.00,0,,5.0,50.0,60.0
2025-10-11T15:05:11.790051,45.801,0.00,0.00,0.00,0.00,0.00,0.00,0.00,0,,5.0,50.0,60.0
2025-10-11T15:05:11.793382,45.804,0.00,0.00,0.00,0.00,0.00,0.00,0.00,0,,5.0,50.0,50.0
2025-10-11T15:05:11.796081,45.807,0.00,0.00,0.00,0.00,0.00,0.00,0.00,0,,5.0,50.0,50.0
2025-10-11T15:05:14.528723,48.540,0.00,0.00,0.00,0.00,0.00,0.00,0.00,0,,4.0,50.0,50.0
2025-10-11T15:05:14.531430,48.542,0.00,0.00,0.00,0.00,0.00,0.00,0.00,0,,4.0,50.0,50.0
2025-10-11T15:05:14.534280,48.545,0.00,0.00,0.00,0.00,0.00,0.00,0.00,0,,4.0,40.0,50.0
2025-10-11T15:05:14.537701,48.549,0.00,0.00,0.00,0.00,0.00,0.00,0.00,0,,4.0,40.0,50.0
2025-10-11T15:05:14.539610,48.550,0.00,0.00,0.00,0.00,0.00,0.00,0.00,0,,4.0,40.0,40.0
2025-10-11T15:05:14.542996,48.554,0.00,0.00,0.00,0.00,0.00,0.00,0.00,0,,4.0,40.0,40.0
2025-10-11T15:05:16.338537,50.349,0.00,0.00,0.00,0.00,0.00,0.00,0.00,0,,3.0,40.0,40.0
2025-10-11T15:05:16.340815,50.352,0.00,0.00,0.00,0.00,0.00,0.00,0.00,0,,3.0,40.0,40.0
2025-10-11T15:05:16.343492,50.354,0.00,0.00,0.00,0.00,0.00,0.00,0.00,0,,3.0,30.0,40.0
2025-10-11T15:05:16.347069,50.358,0.00,0.00,0.00,0.00,0.00,0.00,0.00,0,,3.0,30.0,40.0
2025-10-11T15:05:16.350140,50.361,0.00,0.00,0.00,0.00,0.00,0.00,0.00,0,,3.0,30.0,30.0
2025-10-11T15:05:16.352093,50.363,0.00,0.00,0.00,0.00,0.00,0.00,0.00,0,,3.0,30.0,30.0
2025-10-11T15:05:19.066740,53.078,0.00,0.00,0.00,0.00,0.00,0.00,0.00,0,,2.0,30.0,30.0
2025-10-11T15:05:19.068829,53.080,0.00,0.00,0.00,0.00,0.00,0.00,0.00,0,,2.0,30.0,30.0
2025-10-11T15:05:19.070717,53.082,0.00,0.00,0.00,0.00,0.00,0.00,0.00,0,,2.0,20.0,30.0
2025-10-11T15:05:19.073644,53.084,0.00,0.00,0.00,0.00,0.00,0.00,0.00,0,,2.0,20.0,30.0
2025-10-11T15:05:19.076280,53.087,0.00,0.00,0.00,0.00,0.00,0.00,0.00,0,,2.0,20.0,20.0
2025-10-11T15:05:19.078457,53.089,0.00,0.00,0.00,0.00,0.00,0.00,0.00,0,,2.0,20.0,20.0
2025-10-11T15:05:20.899456,54.910,0.00,0.00,0.00,0.00,0.00,0.00,0.00,0,,1.0,20.0,20.0
2025-10-11T15:05:20.901721,54.913,0.00,0.00,0.00,0.00,0.00,0.00,0.00,0,,1.0,20.0,20.0
2025-10-11T15:05:20.903792,54.915,0.00,0.00,0.00,0.00,0.00,0.00,0.00,0,,1.0,10.0,20.0
2025-10-11T15:05:20.906135,54.917,0.00,0.00,0.00,0.00,0.00,0.00,0.00,0,,1.0,10.0,20.0
2025-10-11T15:05:21.857680,55.869,0.00,0.00,0.00,0.00,0.00,0.00,0.00,0,,1.0,10.0,10.0
2025-10-11T15:05:21.860650,55.871,0.00,0.00,0.00,0.00,0.00,0.00,0.00,0,,1.0,10.0,10.0
2025-10-11T15:05:23.466077,57.477,0.00,0.00,0.00,0.00,0.00,0.00,0.00,0,,2.0,10.0,10.0
2025-10-11T15:05:23.467682,57.479,0.00,0.00,0.00,0.00,0.00,0.00,0.00,0,,2.0,10.0,10.0
2025-10-11T15:05:23.469277,57.480,0.00,0.00,0.00,0.00,0.00,0.00,0.00,0,,2.0,20.0,10.0
2025-10-11T15:05:23.470961,57.482,0.00,0.00,0.00,0.00,0.00,0.00,0.00,0,,2.0,20.0,10.0
2025-10-11T15:05:23.473026,57.484,0.00,0.00,0.00,0.00,0.00,0.00,0.00,0,,2.0,20.0,20.0
2025-10-11T15:05:23.474800,57.486,0.00,0.00,0.00,0.00,0.00,0.00,0.00,0,,2.0,20.0,20.0
2025-10-11T15:05:25.488928,59.500,0.00,0.00,0.00,0.00,0.00,0.00,0.00,0,,3.0,20.0,20.0
2025-10-11T15:05:25.490912,59.502,0.00,0.00,0.00,0.00,0.00,0.00,0.00,0,,3.0,20.0,20.0
2025-10-11T15:05:25.492732,59.504,0.00,0.00,0.00,0.00,0.00,0.00,0.00,0,,3.0,30.0,20.0
2025-10-11T15:05:25.495111,59.506,0.00,0.00,0.00,0.00,0.00,0.00,0.00,0,,3.0,30.0,20.0
2025-10-11T15:05:25.496613,59.507,0.00,0.00,0.00,0.00,0.00,0.00,0.00,0,,3.0,30.0,30.0
2025-10-11T15:05:25.498590,59.509,0.00,0.00,0.00,0.00,0.00,0.00,0.00,0,,3.0,30.0,30.0
2025-10-11T15:05:28.352722,62.364,0.00,0.00,0.00,0.00,0.00,0.00,0.00,0,,4.0,30.0,30.0
2025-10-11T15:05:28.354338,62.365,0.00,0.00,0.00,0.00,0.00,0.00,0.00,0,,4.0,30.0,30.0
2025-10-11T15:05:28.356164,62.367,0.00,0.00,0.00,0.00,0.00,0.00,0.00,0,,4.0,40.0,30.0
2025-10-11T15:05:28.357993,62.369,0.00,0.00,0.00,0.00,0.00,0.00,0.00,0,,4.0,40.0,30.0
2025-10-11T15:05:28.360337,62.371,0.00,0.00,0.00,0.00,0.00,0.00,0.00,0,,4.0,40.0,40.0
2025-10-11T15:05:28.362032,62.373,0.00,0.00,0.00,0.00,0.00,0.00,0.00,0,,4.0,40.0,40.0
2025-10-11T15:05:30.130705,64.142,0.00,0.00,0.00,0.00,0.00,0.00,0.00,0,,5.0,40.0,40.0
2025-10-11T15:05:30.132732,64.144,0.00,0.00,0.00,0.00,0.00,0.00,0.00,0,,5.0,40.0,40.0
2025-10-11T15:05:30.134579,64.145,0.00,0.00,0.00,0.00,0.00,0.00,0.00,0,,5.0,50.0,40.0
2025-10-11T15:05:30.137796,64.149,0.00,0.00,0.00,0.00,0.00,0.00,0.00,0,,5.0,50.0,40.0
2025-10-11T15:05:30.959862,64.971,0.00,0.00,0.00,0.00,0.00,0.00,0.00,0,,5.0,50.0,50.0
2025-10-11T15:05:30.961681,64.973,0.00,0.00,0.00,0.00,0.00,0.00,0.00,0,,5.0,50.0,50.0
2025-10-11T15:05:32.707434,66.718,0.00,0.00,0.00,0.00,0.00,0.00,0.00,0,,6.0,50.0,50.0
2025-10-11T15:05:32.709360,66.720,0.00,0.00,0.00,0.00,0.00,0.00,0.00,0,,6.0,50.0,50.0
2025-10-11T15:05:32.711009,66.722,0.00,0.00,0.00,0.00,0.00,0.00,0.00,0,,6.0,60.0,50.0
2025-10-11T15:05:32.713111,66.724,0.00,0.00,0.00,0.00,0.00,0.00,0.00,0,,6.0,60.0,50.0
2025-10-11T15:05:32.715462,66.726,0.00,0.00,0.00,0.00,0.00,0.00,0.00,0,,6.0,60.0,60.0
2025-10-11T15:05:32.716934,66.728,0.00,0.00,0.00,0.00,0.00,0.00,0.00,0,,6.0,60.0,60.0
2025-10-11T15:05:35.643617,69.654,0.00,0.00,0.00,0.00,0.00,0.00,0.00,0,,7.0,60.0,60.0
2025-10-11T15:05:35.645703,69.657,0.00,0.00,0.00,0.00,0.00,0.00,0.00,0,,7.0,60.0,60.0
2025-10-11T15:05:35.647829,69.659,0.00,0.00,0.00,0.00,0.00,0.00,0.00,0,,7.0,70.0,60.0
2025-10-11T15:05:35.650559,69.661,0.00,0.00,0.00,0.00,0.00,0.00,0.00,0,,7.0,70.0,60.0
2025-10-11T15:05:35.652708,69.664,0.00,0.00,0.00,0.00,0.00,0.00,0.00,0,,7.0,70.0,70.0
2025-10-11T15:05:35.656009,69.667,0.00,0.00,0.00,0.00,0.00,0.00,0.00,0,,7.0,70.0,70.0
2025-10-11T15:05:37.473531,71.484,0.00,0.00,0.00,0.00,0.00,0.00,0.00,0,,8.0,70.0,70.0
2025-10-11T15:05:37.475263,71.486,0.00,0.00,0.00,0.00,0.00,0.00,0.00,0,,8.0,70.0,70.0
2025-10-11T15:05:37.477451,71.488,0.00,0.00,0.00,0.00,0.00,0.00,0.00,0,,8.0,80.0,70.0
2025-10-11T15:05:37.480562,71.491,0.00,0.00,0.00,0.00,0.00,0.00,0.00,0,,8.0,80.0,70.0
2025-10-11T15:05:37.482321,71.493,0.00,0.00,0.00,0.00,0.00,0.00,0.00,0,,8.0,80.0,80.0
2025-10-11T15:05:37.485277,71.496,0.00,0.00,0.00,0.00,0.00,0.00,0.00,0,,8.0,80.0,80.0
2025-10-11T15:05:40.095480,74.106,0.00,0.00,0.00,0.00,0.00,0.00,0.00,0,,9.0,80.0,80.0
2025-10-11T15:05:40.097231,74.108,0.00,0.00,0.00,0.00,0.00,0.00,0.00,0,,9.0,80.0,80.0
2025-10-11T15:05:40.099234,74.110,0.00,0.00,0.00,0.00,0.00,0.00,0.00,0,,9.0,90.0,80.0
2025-10-11T15:05:40.101354,74.112,0.00,0.00,0.00,0.00,0.00,0.00,0.00,0,,9.0,90.0,80.0
2025-10-11T15:05:40.103264,74.114,0.00,0.00,0.00,0.00,0.00,0.00,0.00,0,,9.0,90.0,90.0
2025-10-11T15:05:40.105376,74.116,0.00,0.00,0.00,0.00,0.00,0.00,0.00,0,,9.0,90.0,90.0
2025-10-11T15:05:41.900268,75.911,0.00,0.00,0.00,0.00,0.00,0.00,0.00,0,,8.0,90.0,90.0
2025-10-11T15:05:41.902120,75.913,0.00,0.00,0.00,0.00,0.00,0.00,0.00,0,,8.0,90.0,90.0
2025-10-11T15:05:42.728747,76.740,0.00,0.00,0.00,0.00,0.00,0.00,0.00,0,,8.0,80.0,90.0
2025-10-11T15:05:42.730596,76.741,0.00,0.00,0.00,0.00,0.00,0.00,0.00,0,,8.0,80.0,90.0
2025-10-11T15:05:42.732660,76.744,0.00,0.00,0.00,0.00,0.00,0.00,0.00,0,,8.0,80.0,80.0
2025-10-11T15:05:42.735639,76.746,0.00,0.00,0.00,0.00,0.00,0.00,0.00,0,,8.0,80.0,80.0
2025-10-11T15:05:44.452641,78.463,0.00,0.00,0.00,0.00,0.00,0.00,0.00,0,,7.0,80.0,80.0
2025-10-11T15:05:44.454375,78.465,0.00,0.00,0.00,0.00,0.00,0.00,0.00,0,,7.0,80.0,80.0
2025-10-11T15:05:44.456225,78.467,0.00,0.00,0.00,0.00,0.00,0.00,0.00,0,,7.0,70.0,80.0
2025-10-11T15:05:44.459266,78.470,0.00,0.00,0.00,0.00,0.00,0.00,0.00,0,,7.0,70.0,80.0
2025-10-11T15:05:44.461207,78.472,0.00,0.00,0.00,0.00,0.00,0.00,0.00,0,,7.0,70.0,70.0
2025-10-11T15:05:44.463066,78.474,0.00,0.00,0.00,0.00,0.00,0.00,0.00,0,,7.0,70.0,70.0
2025-10-11T15:05:47.072094,81.083,0.00,0.00,0.00,0.00,0.00,0.00,0.00,0,,6.0,70.0,70.0
2025-10-11T15:05:47.074901,81.086,0.00,0.00,0.00,0.00,0.00,0.00,0.00,0,,6.0,70.0,70.0
2025-10-11T15:05:47.077273,81.088,0.00,0.00,0.00,0.00,0.00,0.00,0.00,0,,6.0,60.0,70.0
2025-10-11T15:05:47.080064,81.091,0.00,0.00,0.00,0.00,0.00,0.00,0.00,0,,6.0,60.0,70.0
2025-10-11T15:05:47.081951,81.093,0.00,0.00,0.00,0.00,0.00,0.00,0.00,0,,6.0,60.0,60.0
2025-10-11T15:05:47.083991,81.095,0.00,0.00,0.00,0.00,0.00,0.00,0.00,0,,6.0,60.0,60.0
2025-10-11T15:05:48.810791,82.822,0.00,0.00,0.00,0.00,0.00,0.00,0.00,0,,5.0,60.0,60.0
2025-10-11T15:05:48.812432,82.823,0.00,0.00,0.00,0.00,0.00,0.00,0.00,0,,5.0,60.0,60.0
2025-10-11T15:05:49.664495,83.675,0.00,0.00,0.00,0.00,0.00,0.00,0.00,0,,5.0,50.0,60.0
2025-10-11T15:05:49.666400,83.677,0.00,0.00,0.00,0.00,0.00,0.00,0.00,0,,5.0,50.0,60.0
2025-10-11T15:05:49.668185,83.679,0.00,0.00,0.00,0.00,0.00,0.00,0.00,0,,5.0,50.0,50.0
2025-10-11T15:05:49.671295,83.682,0.00,0.00,0.00,0.00,0.00,0.00,0.00,0,,5.0,50.0,50.0
2025-10-11T15:05:51.336696,85.348,0.00,0.00,0.00,0.00,0.00,0.00,0.00,0,,4.0,50.0,50.0
2025-10-11T15:05:51.338420,85.349,0.00,0.00,0.00,0.00,0.00,0.00,0.00,0,,4.0,50.0,50.0
2025-10-11T15:05:51.340058,85.351,0.00,0.00,0.00,0.00,0.00,0.00,0.00,0,,4.0,40.0,50.0
2025-10-11T15:05:51.343667,85.355,0.00,0.00,0.00,0.00,0.00,0.00,0.00,0,,4.0,40.0,50.0
2025-10-11T15:05:51.345362,85.356,0.00,0.00,0.00,0.00,0.00,0.00,0.00,0,,4.0,40.0,40.0
2025-10-11T15:05:51.347203,85.358,0.00,0.00,0.00,0.00,0.00,0.00,0.00,0,,4.0,40.0,40.0
2025-10-11T15:05:53.971118,87.982,0.00,0.00,0.00,0.00,0.00,0.00,0.00,0,,3.0,40.0,40.0
2025-10-11T15:05:53.973205,87.984,0.00,0.00,0.00,0.00,0.00,0.00,0.00,0,,3.0,40.0,40.0
2025-10-11T15:05:53.975908,87.987,0.00,0.00,0.00,0.00,0.00,0.00,0.00,0,,3.0,30.0,40.0
2025-10-11T15:05:53.978412,87.989,0.00,0.00,0.00,0.00,0.00,0.00,0.00,0,,3.0,30.0,40.0
2025-10-11T15:05:53.980285,87.991,0.00,0.00,0.00,0.00,0.00,0.00,0.00,0,,3.0,30.0,30.0
2025-10-11T15:05:53.982383,87.993,0.00,0.00,0.00,0.00,0.00,0.00,0.00,0,,3.0,30.0,30.0
2025-10-11T15:05:55.830075,89.841,0.00,0.00,0.00,0.00,0.00,0.00,0.00,0,,2.0,30.0,30.0
2025-10-11T15:05:55.832367,89.843,0.00,0.00,0.00,0.00,0.00,0.00,0.00,0,,2.0,30.0,30.0
2025-10-11T15:05:55.834598,89.845,0.00,0.00,0.00,0.00,0.00,0.00,0.00,0,,2.0,20.0,30.0
2025-10-11T15:05:55.838677,89.850,0.00,0.00,0.00,0.00,0.00,0.00,0.00,0,,2.0,20.0,30.0
2025-10-11T15:05:56.871930,90.883,0.00,0.00,0.00,0.00,0.00,0.00,0.00,0,,2.0,20.0,20.0
2025-10-11T15:05:56.873741,90.885,0.00,0.00,0.00,0.00,0.00,0.00,0.00,0,,2.0,20.0,20.0
2025-10-11T15:05:58.959528,92.970,0.00,0.00,0.00,0.00,0.00,0.00,0.00,0,,1.0,20.0,20.0
2025-10-11T15:05:58.963372,92.974,0.00,0.00,0.00,0.00,0.00,0.00,0.00,0,,1.0,20.0,20.0
2025-10-11T15:05:58.966837,92.978,0.00,0.00,0.00,0.00,0.00,0.00,0.00,0,,1.0,10.0,20.0
2025-10-11T15:05:58.969491,92.980,0.00,0.00,0.00,0.00,0.00,0.00,0.00,0,,1.0,10.0,20.0
2025-10-11T15:05:58.971517,92.982,0.00,0.00,0.00,0.00,0.00,0.00,0.00,0,,1.0,10.0,10.0
2025-10-11T15:05:58.973626,92.984,0.00,0.00,0.00,0.00,0.00,0.00,0.00,0,,1.0,10.0,10.0
2025-10-11T15:06:01.004922,95.016,0.00,0.00,0.00,0.00,0.00,0.00,0.00,0,,2.0,10.0,10.0
2025-10-11T15:06:01.008395,95.019,0.00,0.00,0.00,0.00,0.00,0.00,0.00,0,,2.0,10.0,10.0
2025-10-11T15:06:01.011847,95.023,0.00,0.00,0.00,0.00,0.00,0.00,0.00,0,,2.0,20.0,10.0
2025-10-11T15:06:01.016155,95.027,0.00,0.00,0.00,0.00,0.00,0.00,0.00,0,,2.0,20.0,10.0
2025-10-11T15:06:01.019022,95.030,0.00,0.00,0.00,0.00,0.00,0.00,0.00,0,,2.0,20.0,20.0
2025-10-11T15:06:01.021330,95.032,0.00,0.00,0.00,0.00,0.00,0.00,0.00,0,,2.0,20.0,20.0
2025-10-11T15:06:03.306797,97.318,0.00,0.00,0.00,0.00,0.00,0.00,0.00,0,,3.0,20.0,20.0
2025-10-11T15:06:03.310658,97.322,0.00,0.00,0.00,0.00,0.00,0.00,0.00,0,,3.0,20.0,20.0
2025-10-11T15:06:03.315463,97.326,0.00,0.00,0.00,0.00,0.00,0.00,0.00,0,,3.0,30.0,20.0
2025-10-11T15:06:03.319644,97.330,0.00,0.00,0.00,0.00,0.00,0.00,0.00,0,,3.0,30.0,20.0
2025-10-11T15:06:03.322661,97.334,0.00,0.00,0.00,0.00,0.00,0.00,0.00,0,,3.0,30.0,30.0
2025-10-11T15:06:03.328470,97.339,0.00,0.00,0.00,0.00,0.00,0.00,0.00,0,,3.0,30.0,30.0
2025-10-11T15:06:05.672538,99.683,0.00,0.00,0.00,0.00,0.00,0.00,0.00,0,,4.0,30.0,30.0
2025-10-11T15:06:05.675378,99.686,0.00,0.00,0.00,0.00,0.00,0.00,0.00,0,,4.0,30.0,30.0
2025-10-11T15:06:05.679111,99.690,0.00,0.00,0.00,0.00,0.00,0.00,0.00,0,,4.0,40.0,30.0
2025-10-11T15:06:05.681428,99.692,0.00,0.00,0.00,0.00,0.00,0.00,0.00,0,,4.0,40.0,30.0
2025-10-11T15:06:05.684444,99.695,0.00,0.00,0.00,0.00,0.00,0.00,0.00,0,,4.0,40.0,40.0
2025-10-11T15:06:05.687407,99.698,0.00,0.00,0.00,0.00,0.00,0.00,0.00,0,,4.0,40.0,40.0
2025-10-11T15:06:07.885536,101.896,0.00,0.00,0.00,0.00,0.00,0.00,0.00,0,,5.0,40.0,40.0
2025-10-11T15:06:07.888042,101.899,0.00,0.00,0.00,0.00,0.00,0.00,0.00,0,,5.0,40.0,40.0
2025-10-11T15:06:07.890393,101.901,0.00,0.00,0.00,0.00,0.00,0.00,0.00,0,,5.0,50.0,40.0
2025-10-11T15:06:07.894190,101.905,0.00,0.00,0.00,0.00,0.00,0.00,0.00,0,,5.0,50.0,40.0
2025-10-11T15:06:07.896946,101.908,0.00,0.00,0.00,0.00,0.00,0.00,0.00,0,,5.0,50.0,50.0
2025-10-11T15:06:07.899862,101.911,0.00,0.00,0.00,0.00,0.00,0.00,0.00,0,,5.0,50.0,50.0
2025-10-11T15:06:10.153270,104.164,0.00,0.00,0.00,0.00,0.00,0.00,0.00,0,,6.0,50.0,50.0
2025-10-11T15:06:10.156145,104.167,0.00,0.00,0.00,0.00,0.00,0.00,0.00,0,,6.0,50.0,50.0
2025-10-11T15:06:10.160793,104.172,0.00,0.00,0.00,0.00,0.00,0.00,0.00,0,,6.0,60.0,50.0
2025-10-11T15:06:10.165260,104.176,0.00,0.00,0.00,0.00,0.00,0.00,0.00,0,,6.0,60.0,50.0
2025-10-11T15:06:10.167777,104.179,0.00,0.00,0.00,0.00,0.00,0.00,0.00,0,,6.0,60.0,60.0
2025-10-11T15:06:10.171497,104.182,0.00,0.00,0.00,0.00,0.00,0.00,0.00,0,,6.0,60.0,60.0
2025-10-11T15:06:12.402027,106.413,0.00,0.00,0.00,0.00,0.00,0.00,0.00,0,,7.0,60.0,60.0
2025-10-11T15:06:12.403749,106.415,0.00,0.00,0.00,0.00,0.00,0.00,0.00,0,,7.0,60.0,60.0
2025-10-11T15:06:12.405737,106.417,0.00,0.00,0.00,0.00,0.00,0.00,0.00,0,,7.0,70.0,60.0
2025-10-11T15:06:12.408424,106.419,0.00,0.00,0.00,0.00,0.00,0.00,0.00,0,,7.0,70.0,60.0
2025-10-11T15:06:12.410436,106.421,0.00,0.00,0.00,0.00,0.00,0.00,0.00,0,,7.0,70.0,70.0
2025-10-11T15:06:12.413288,106.424,0.00,0.00,0.00,0.00,0.00,0.00,0.00,0,,7.0,70.0,70.0
2025-10-11T15:06:14.685660,108.697,0.00,0.00,0.00,0.00,0.00,0.00,0.00,0,,8.0,70.0,70.0
2025-10-11T15:06:14.687582,108.698,0.00,0.00,0.00,0.00,0.00,0.00,0.00,0,,8.0,70.0,70.0
2025-10-11T15:06:14.689600,108.700,0.00,0.00,0.00,0.00,0.00,0.00,0.00,0,,8.0,80.0,70.0
2025-10-11T15:06:14.692816,108.704,0.00,0.00,0.00,0.00,0.00,0.00,0.00,0,,8.0,80.0,70.0
2025-10-11T15:06:14.694980,108.706,0.00,0.00,0.00,0.00,0.00,0.00,0.00,0,,8.0,80.0,80.0
2025-10-11T15:06:14.697624,108.708,0.00,0.00,0.00,0.00,0.00,0.00,0.00,0,,8.0,80.0,80.0
2025-10-11T15:06:16.695838,110.707,0.00,0.00,0.00,0.00,0.00,0.00,0.00,0,,9.0,80.0,80.0
2025-10-11T15:06:16.697980,110.709,0.00,0.00,0.00,0.00,0.00,0.00,0.00,0,,9.0,80.0,80.0
2025-10-11T15:06:17.187400,111.198,0.00,0.00,0.00,0.00,0.00,0.00,0.00,0,,9.0,90.0,80.0
2025-10-11T15:06:17.189201,111.200,0.00,0.00,0.00,0.00,0.00,0.00,0.00,0,,9.0,90.0,80.0
2025-10-11T15:06:17.190820,111.202,0.00,0.00,0.00,0.00,0.00,0.00,0.00,0,,9.0,90.0,90.0
2025-10-11T15:06:17.192793,111.204,0.00,0.00,0.00,0.00,0.00,0.00,0.00,0,,9.0,90.0,90.0
2025-10-11T15:06:19.083565,113.094,0.00,0.00,0.00,0.00,0.00,0.00,0.00,0,,8.0,90.0,90.0
2025-10-11T15:06:19.085547,113.096,0.00,0.00,0.00,0.00,0.00,0.00,0.00,0,,8.0,90.0,90.0
2025-10-11T15:06:19.087180,113.098,0.00,0.00,0.00,0.00,0.00,0.00,0.00,0,,8.0,80.0,90.0
2025-10-11T15:06:19.089013,113.100,0.00,0.00,0.00,0.00,0.00,0.00,0.00,0,,8.0,80.0,90.0
2025-10-11T15:06:19.091388,113.102,0.00,0.00,0.00,0.00,0.00,0.00,0.00,0,,8.0,80.0,80.0
2025-10-11T15:06:19.093482,113.104,0.00,0.00,0.00,0.00,0.00,0.00,0.00,0,,8.0,80.0,80.0
2025-10-11T15:06:21.500170,115.511,0.00,0.00,0.00,0.00,0.00,0.00,0.00,0,,7.0,80.0,80.0
2025-10-11T15:06:21.501928,115.513,0.00,0.00,0.00,0.00,0.00,0.00,0.00,0,,7.0,80.0,80.0
2025-10-11T15:06:21.503606,115.514,0.00,0.00,0.00,0.00,0.00,0.00,0.00,0,,7.0,70.0,80.0
2025-10-11T15:06:21.505225,115.516,0.00,0.00,0.00,0.00,0.00,0.00,0.00,0,,7.0,70.0,80.0
2025-10-11T15:06:21.508022,115.519,0.00,0.00,0.00,0.00,0.00,0.00,0.00,0,,7.0,70.0,70.0
2025-10-11T15:06:21.510203,115.521,0.00,0.00,0.00,0.00,0.00,0.00,0.00,0,,7.0,70.0,70.0
2025-10-11T15:06:23.800318,117.811,0.00,0.00,0.00,0.00,0.00,0.00,0.00,0,,6.0,70.0,70.0
2025-10-11T15:06:23.802206,117.813,0.00,0.00,0.00,0.00,0.00,0.00,0.00,0,,6.0,70.0,70.0
2025-10-11T15:06:23.804309,117.815,0.00,0.00,0.00,0.00,0.00,0.00,0.00,0,,6.0,60.0,70.0
2025-10-11T15:06:23.807200,117.818,0.00,0.00,0.00,0.00,0.00,0.00,0.00,0,,6.0,60.0,70.0
2025-10-11T15:06:23.809131,117.820,0.00,0.00,0.00,0.00,0.00,0.00,0.00,0,,6.0,60.0,60.0
2025-10-11T15:06:23.812118,117.823,0.00,0.00,0.00,0.00,0.00,0.00,0.00,0,,6.0,60.0,60.0
2025-10-11T15:06:26.111959,120.123,0.00,0.00,0.00,0.00,0.00,0.00,0.00,0,,5.0,60.0,60.0
2025-10-11T15:06:26.113541,120.124,0.00,0.00,0.00,0.00,0.00,0.00,0.00,0,,5.0,60.0,60.0
2025-10-11T15:06:26.115173,120.126,0.00,0.00,0.00,0.00,0.00,0.00,0.00,0,,5.0,50.0,60.0
2025-10-11T15:06:26.117155,120.128,0.00,0.00,0.00,0.00,0.00,0.00,0.00,0,,5.0,50.0,60.0
2025-10-11T15:06:26.119189,120.130,0.00,0.00,0.00,0.00,0.00,0.00,0.00,0,,5.0,50.0,50.0
2025-10-11T15:06:26.120872,120.132,0.00,0.00,0.00,0.00,0.00,0.00,0.00,0,,5.0,50.0,50.0
2025-10-11T15:06:27.997527,122.008,0.00,0.00,0.00,0.00,0.00,0.00,0.00,0,,4.0,50.0,50.0
2025-10-11T15:06:27.999805,122.011,0.00,0.00,0.00,0.00,0.00,0.00,0.00,0,,4.0,50.0,50.0
2025-10-11T15:06:28.451641,122.462,0.00,0.00,0.00,0.00,0.00,0.00,0.00,0,,4.0,40.0,50.0
2025-10-11T15:06:28.453432,122.464,0.00,0.00,0.00,0.00,0.00,0.00,0.00,0,,4.0,40.0,50.0
2025-10-11T15:06:28.455193,122.466,0.00,0.00,0.00,0.00,0.00,0.00,0.00,0,,4.0,40.0,40.0
2025-10-11T15:06:28.458300,122.469,0.00,0.00,0.00,0.00,0.00,0.00,0.00,0,,4.0,40.0,40.0
2025-10-11T15:06:30.246218,124.257,0.00,0.00,0.00,0.00,0.00,0.00,0.00,0,,3.0,40.0,40.0
2025-10-11T15:06:30.248978,124.260,0.00,0.00,0.00,0.00,0.00,0.00,0.00,0,,3.0,40.0,40.0
2025-10-11T15:06:30.250888,124.262,0.00,0.00,0.00,0.00,0.00,0.00,0.00,0,,3.0,30.0,40.0
2025-10-11T15:06:30.253163,124.264,0.00,0.00,0.00,0.00,0.00,0.00,0.00,0,,3.0,30.0,40.0
2025-10-11T15:06:30.727148,124.738,0.00,0.00,0.00,0.00,0.00,0.00,0.00,0,,3.0,30.0,30.0
2025-10-11T15:06:30.729073,124.740,0.00,0.00,0.00,0.00,0.00,0.00,0.00,0,,3.0,30.0,30.0
2025-10-11T15:06:32.633078,126.644,0.00,0.00,0.00,0.00,0.00,0.00,0.00,0,,2.0,30.0,30.0
2025-10-11T15:06:32.634761,126.646,0.00,0.00,0.00,0.00,0.00,0.00,0.00,0,,2.0,30.0,30.0
2025-10-11T15:06:32.636581,126.647,0.00,0.00,0.00,0.00,0.00,0.00,0.00,0,,2.0,20.0,30.0
2025-10-11T15:06:32.639489,126.650,0.00,0.00,0.00,0.00,0.00,0.00,0.00,0,,2.0,20.0,30.0
2025-10-11T15:06:33.098850,127.110,0.00,0.00,0.00,0.00,0.00,0.00,0.00,0,,2.0,20.0,20.0
2025-10-11T15:06:33.100631,127.111,0.00,0.00,0.00,0.00,0.00,0.00,0.00,0,,2.0,20.0,20.0
2025-10-11T15:06:34.917706,128.929,0.00,0.00,0.00,0.00,0.00,0.00,0.00,0,,1.0,20.0,20.0
2025-10-11T15:06:34.920020,128.931,0.00,0.00,0.00,0.00,0.00,0.00,0.00,0,,1.0,20.0,20.0
2025-10-11T15:06:34.922445,128.933,0.00,0.00,0.00,0.00,0.00,0.00,0.00,0,,1.0,10.0,20.0
2025-10-11T15:06:34.925023,128.936,0.00,0.00,0.00,0.00,0.00,0.00,0.00,0,,1.0,10.0,20.0
2025-10-11T15:06:35.381344,129.392,0.00,0.00,0.00,0.00,0.00,0.00,0.00,0,,1.0,10.0,10.0
2025-10-11T15:06:35.383319,129.394,0.00,0.00,0.00,0.00,0.00,0.00,0.00,0,,1.0,10.0,10.0
2025-10-11T15:06:37.359630,131.370,0.00,0.00,0.00,0.00,0.00,0.00,0.00,0,,2.0,10.0,10.0
2025-10-11T15:06:37.361801,131.373,0.00,0.00,0.00,0.00,0.00,0.00,0.00,0,,2.0,10.0,10.0
2025-10-11T15:06:37.363914,131.375,0.00,0.00,0.00,0.00,0.00,0.00,0.00,0,,2.0,20.0,10.0
2025-10-11T15:06:37.366572,131.377,0.00,0.00,0.00,0.00,0.00,0.00,0.00,0,,2.0,20.0,10.0
2025-10-11T15:06:37.831892,131.843,0.00,0.00,0.00,0.00,0.00,0.00,0.00,0,,2.0,20.0,20.0
2025-10-11T15:06:37.834363,131.845,0.00,0.00,0.00,0.00,0.00,0.00,0.00,0,,2.0,20.0,20.0
2025-10-11T15:06:39.615461,133.626,0.00,0.00,0.00,0.00,0.00,0.00,0.00,0,,3.0,20.0,20.0
2025-10-11T15:06:39.617360,133.628,0.00,0.00,0.00,0.00,0.00,0.00,0.00,0,,3.0,20.0,20.0
2025-10-11T15:06:40.121371,134.132,0.00,0.00,0.00,0.00,0.00,0.00,0.00,0,,3.0,30.0,20.0
2025-10-11T15:06:40.123487,134.134,0.00,0.00,0.00,0.00,0.00,0.00,0.00,0,,3.0,30.0,20.0
2025-10-11T15:06:40.125211,134.136,0.00,0.00,0.00,0.00,0.00,0.00,0.00,0,,3.0,30.0,30.0
2025-10-11T15:06:40.128751,134.140,0.00,0.00,0.00,0.00,0.00,0.00,0.00,0,,3.0,30.0,30.0
2025-10-11T15:06:41.990213,136.001,0.00,0.00,0.00,0.00,0.00,0.00,0.00,0,,4.0,30.0,30.0
2025-10-11T15:06:41.992071,136.003,0.00,0.00,0.00,0.00,0.00,0.00,0.00,0,,4.0,30.0,30.0
2025-10-11T15:06:42.485435,136.496,0.00,0.00,0.00,0.00,0.00,0.00,0.00,0,,4.0,40.0,30.0
2025-10-11T15:06:42.487303,136.498,0.00,0.00,0.00,0.00,0.00,0.00,0.00,0,,4.0,40.0,30.0
2025-10-11T15:06:42.489496,136.500,0.00,0.00,0.00,0.00,0.00,0.00,0.00,0,,4.0,40.0,40.0
2025-10-11T15:06:42.492372,136.503,0.00,0.00,0.00,0.00,0.00,0.00,0.00,0,,4.0,40.0,40.0
2025-10-11T15:06:44.525023,138.536,0.00,0.00,0.00,0.00,0.00,0.00,0.00,0,,5.0,40.0,40.0
2025-10-11T15:06:44.527109,138.538,0.00,0.00,0.00,0.00,0.00,0.00,0.00,0,,5.0,40.0,40.0
2025-10-11T15:06:44.530609,138.541,0.00,0.00,0.00,0.00,0.00,0.00,0.00,0,,5.0,50.0,40.0
2025-10-11T15:06:44.533310,138.544,0.00,0.00,0.00,0.00,0.00,0.00,0.00,0,,5.0,50.0,40.0
2025-10-11T15:06:44.535197,138.546,0.00,0.00,0.00,0.00,0.00,0.00,0.00,0,,5.0,50.0,50.0
2025-10-11T15:06:44.538219,138.549,0.00,0.00,0.00,0.00,0.00,0.00,0.00,0,,5.0,50.0,50.0
2025-10-11T15:06:46.803505,140.814,0.00,0.00,0.00,0.00,0.00,0.00,0.00,0,,6.0,50.0,50.0
2025-10-11T15:06:46.805904,140.817,0.00,0.00,0.00,0.00,0.00,0.00,0.00,0,,6.0,50.0,50.0
2025-10-11T15:06:46.808837,140.820,0.00,0.00,0.00,0.00,0.00,0.00,0.00,0,,6.0,60.0,50.0
2025-10-11T15:06:46.812210,140.823,0.00,0.00,0.00,0.00,0.00,0.00,0.00,0,,6.0,60.0,50.0
2025-10-11T15:06:46.815613,140.826,0.00,0.00,0.00,0.00,0.00,0.00,0.00,0,,6.0,60.0,60.0
2025-10-11T15:06:46.818250,140.829,0.00,0.00,0.00,0.00,0.00,0.00,0.00,0,,6.0,60.0,60.0
2025-10-11T15:06:48.875569,142.886,0.00,0.00,0.00,0.00,0.00,0.00,0.00,0,,7.0,60.0,60.0
2025-10-11T15:06:48.877700,142.889,0.00,0.00,0.00,0.00,0.00,0.00,0.00,0,,7.0,60.0,60.0
2025-10-11T15:06:49.884853,143.896,0.00,0.00,0.00,0.00,0.00,0.00,0.00,0,,7.0,70.0,60.0
2025-10-11T15:06:49.886781,143.898,0.00,0.00,0.00,0.00,0.00,0.00,0.00,0,,7.0,70.0,60.0
2025-10-11T15:06:49.889182,143.900,0.00,0.00,0.00,0.00,0.00,0.00,0.00,0,,7.0,70.0,70.0
2025-10-11T15:06:49.891689,143.903,0.00,0.00,0.00,0.00,0.00,0.00,0.00,0,,7.0,70.0,70.0
2025-10-11T15:06:51.923016,145.934,0.00,0.00,0.00,0.00,0.00,0.00,0.00,0,,8.0,70.0,70.0
2025-10-11T15:06:51.925563,145.936,0.00,0.00,0.00,0.00,0.00,0.00,0.00,0,,8.0,70.0,70.0
2025-10-11T15:06:51.928894,145.940,0.00,0.00,0.00,0.00,0.00,0.00,0.00,0,,8.0,80.0,70.0
2025-10-11T15:06:51.931569,145.942,0.00,0.00,0.00,0.00,0.00,0.00,0.00,0,,8.0,80.0,70.0
2025-10-11T15:06:51.933882,145.945,0.00,0.00,0.00,0.00,0.00,0.00,0.00,0,,8.0,80.0,80.0
2025-10-11T15:06:51.936469,145.947,0.00,0.00,0.00,0.00,0.00,0.00,0.00,0,,8.0,80.0,80.0
2025-10-11T15:06:53.735980,147.747,0.00,0.00,0.00,0.00,0.00,0.00,0.00,0,,9.0,80.0,80.0
2025-10-11T15:06:53.738800,147.750,0.00,0.00,0.00,0.00,0.00,0.00,0.00,0,,9.0,80.0,80.0
2025-10-11T15:06:53.741083,147.752,0.00,0.00,0.00,0.00,0.00,0.00,0.00,0,,9.0,90.0,80.0
2025-10-11T15:06:53.744059,147.755,0.00,0.00,0.00,0.00,0.00,0.00,0.00,0,,9.0,90.0,80.0
2025-10-11T15:06:53.747222,147.758,0.00,0.00,0.00,0.00,0.00,0.00,0.00,0,,9.0,90.0,90.0
2025-10-11T15:06:53.751139,147.762,0.00,0.00,0.00,0.00,0.00,0.00,0.00,0,,9.0,90.0,90.0
2025-10-11T15:06:56.518175,150.529,0.00,0.00,0.00,0.00,0.00,0.00,0.00,0,,8.0,90.0,90.0
2025-10-11T15:06:56.520337,150.531,0.00,0.00,0.00,0.00,0.00,0.00,0.00,0,,8.0,90.0,90.0
2025-10-11T15:06:56.522434,150.533,0.00,0.00,0.00,0.00,0.00,0.00,0.00,0,,8.0,80.0,90.0
2025-10-11T15:06:56.525570,150.536,0.00,0.00,0.00,0.00,0.00,0.00,0.00,0,,8.0,80.0,90.0
2025-10-11T15:06:56.528237,150.539,0.00,0.00,0.00,0.00,0.00,0.00,0.00,0,,8.0,80.0,80.0
2025-10-11T15:06:56.530723,150.542,0.00,0.00,0.00,0.00,0.00,0.00,0.00,0,,8.0,80.0,80.0
2025-10-11T15:06:58.344707,152.356,0.00,0.00,0.00,0.00,0.00,0.00,0.00,0,,7.0,80.0,80.0
2025-10-11T15:06:58.346617,152.357,0.00,0.00,0.00,0.00,0.00,0.00,0.00,0,,7.0,80.0,80.0
2025-10-11T15:06:58.349167,152.360,0.00,0.00,0.00,0.00,0.00,0.00,0.00,0,,7.0,70.0,80.0
2025-10-11T15:06:58.352099,152.363,0.00,0.00,0.00,0.00,0.00,0.00,0.00,0,,7.0,70.0,80.0
2025-10-11T15:06:59.307942,153.319,0.00,0.00,0.00,0.00,0.00,0.00,0.00,0,,7.0,70.0,70.0
2025-10-11T15:06:59.310458,153.321,0.00,0.00,0.00,0.00,0.00,0.00,0.00,0,,7.0,70.0,70.0
2025-10-11T15:07:01.288540,155.299,0.00,0.00,0.00,0.00,0.00,0.00,0.00,0,,6.0,70.0,70.0
2025-10-11T15:07:01.290270,155.301,0.00,0.00,0.00,0.00,0.00,0.00,0.00,0,,6.0,70.0,70.0
2025-10-11T15:07:01.292162,155.303,0.00,0.00,0.00,0.00,0.00,0.00,0.00,0,,6.0,60.0,70.0
2025-10-11T15:07:01.294880,155.306,0.00,0.00,0.00,0.00,0.00,0.00,0.00,0,,6.0,60.0,70.0
2025-10-11T15:07:01.297078,155.308,0.00,0.00,0.00,0.00,0.00,0.00,0.00,0,,6.0,60.0,60.0
2025-10-11T15:07:01.298694,155.310,0.00,0.00,0.00,0.00,0.00,0.00,0.00,0,,6.0,60.0,60.0
2025-10-11T15:07:03.234485,157.245,0.00,0.00,0.00,0.00,0.00,0.00,0.00,0,,5.0,60.0,60.0
2025-10-11T15:07:03.237301,157.248,0.00,0.00,0.00,0.00,0.00,0.00,0.00,0,,5.0,60.0,60.0
2025-10-11T15:07:03.239590,157.250,0.00,0.00,0.00,0.00,0.00,0.00,0.00,0,,5.0,50.0,60.0
2025-10-11T15:07:03.242303,157.253,0.00,0.00,0.00,0.00,0.00,0.00,0.00,0,,5.0,50.0,60.0
2025-10-11T15:07:03.246420,157.257,0.00,0.00,0.00,0.00,0.00,0.00,0.00,0,,5.0,50.0,50.0
2025-10-11T15:07:03.249139,157.260,0.00,0.00,0.00,0.00,0.00,0.00,0.00,0,,5.0,50.0,50.0
2025-10-11T15:07:06.034641,160.045,0.00,0.00,0.00,0.00,0.00,0.00,0.00,0,,4.0,50.0,50.0
2025-10-11T15:07:06.037015,160.048,0.00,0.00,0.00,0.00,0.00,0.00,0.00,0,,4.0,50.0,50.0
2025-10-11T15:07:06.039303,160.050,0.00,0.00,0.00,0.00,0.00,0.00,0.00,0,,4.0,40.0,50.0
2025-10-11T15:07:06.041547,160.052,0.00,0.00,0.00,0.00,0.00,0.00,0.00,0,,4.0,40.0,50.0
2025-10-11T15:07:06.043856,160.055,0.00,0.00,0.00,0.00,0.00,0.00,0.00,0,,4.0,40.0,40.0
2025-10-11T15:07:06.047540,160.058,0.00,0.00,0.00,0.00,0.00,0.00,0.00,0,,4.0,40.0,40.0
2025-10-11T15:07:07.969478,161.980,0.00,0.00,0.00,0.00,0.00,0.00,0.00,0,,3.0,40.0,40.0
2025-10-11T15:07:07.971553,161.982,0.00,0.00,0.00,0.00,0.00,0.00,0.00,0,,3.0,40.0,40.0
2025-10-11T15:07:07.973630,161.984,0.00,0.00,0.00,0.00,0.00,0.00,0.00,0,,3.0,30.0,40.0
2025-10-11T15:07:07.977655,161.988,0.00,0.00,0.00,0.00,0.00,0.00,0.00,0,,3.0,30.0,40.0
2025-10-11T15:07:07.981163,161.992,0.00,0.00,0.00,0.00,0.00,0.00,0.00,0,,3.0,30.0,30.0
2025-10-11T15:07:07.983592,161.994,0.00,0.00,0.00,0.00,0.00,0.00,0.00,0,,3.0,30.0,30.0
2025-10-11T15:07:10.864610,164.875,0.00,0.00,0.00,0.00,0.00,0.00,0.00,0,,2.0,30.0,30.0
2025-10-11T15:07:10.866796,164.878,0.00,0.00,0.00,0.00,0.00,0.00,0.00,0,,2.0,30.0,30.0
2025-10-11T15:07:10.868652,164.879,0.00,0.00,0.00,0.00,0.00,0.00,0.00,0,,2.0,20.0,30.0
2025-10-11T15:07:10.871503,164.882,0.00,0.00,0.00,0.00,0.00,0.00,0.00,0,,2.0,20.0,30.0
2025-10-11T15:07:10.873667,164.885,0.00,0.00,0.00,0.00,0.00,0.00,0.00,0,,2.0,20.0,20.0
2025-10-11T15:07:10.877231,164.888,0.00,0.00,0.00,0.00,0.00,0.00,0.00,0,,2.0,20.0,20.0
2025-10-11T15:07:12.702455,166.713,0.00,0.00,0.00,0.00,0.00,0.00,0.00,0,,1.0,20.0,20.0
2025-10-11T15:07:12.704910,166.716,0.00,0.00,0.00,0.00,0.00,0.00,0.00,0,,1.0,20.0,20.0
2025-10-11T15:07:12.708396,166.719,0.00,0.00,0.00,0.00,0.00,0.00,0.00,0,,1.0,10.0,20.0
2025-10-11T15:07:12.713729,166.725,0.00,0.00,0.00,0.00,0.00,0.00,0.00,0,,1.0,10.0,20.0
2025-10-11T15:07:12.716993,166.728,0.00,0.00,0.00,0.00,0.00,0.00,0.00,0,,1.0,10.0,10.0
2025-10-11T15:07:12.720551,166.731,0.00,0.00,0.00,0.00,0.00,0.00,0.00,0,,1.0,10.0,10.0
2025-10-11T15:07:14.654548,168.665,0.00,0.00,0.00,0.00,0.00,0.00,0.00,0,,2.0,10.0,10.0
2025-10-11T15:07:14.657866,168.669,0.00,0.00,0.00,0.00,0.00,0.00,0.00,0,,2.0,10.0,10.0
2025-10-11T15:07:15.729338,169.740,0.00,0.00,0.00,0.00,0.00,0.00,0.00,0,,2.0,20.0,10.0
2025-10-11T15:07:15.731937,169.743,0.00,0.00,0.00,0.00,0.00,0.00,0.00,0,,2.0,20.0,10.0
2025-10-11T15:07:15.734049,169.745,0.00,0.00,0.00,0.00,0.00,0.00,0.00,0,,2.0,20.0,20.0
2025-10-11T15:07:15.736989,169.748,0.00,0.00,0.00,0.00,0.00,0.00,0.00,0,,2.0,20.0,20.0
2025-10-11T15:07:17.797098,171.808,0.00,0.00,0.00,0.00,0.00,0.00,0.00,0,,3.0,20.0,20.0
2025-10-11T15:07:17.799173,171.810,0.00,0.00,0.00,0.00,0.00,0.00,0.00,0,,3.0,20.0,20.0
2025-10-11T15:07:17.801482,171.812,0.00,0.00,0.00,0.00,0.00,0.00,0.00,0,,3.0,30.0,20.0
2025-10-11T15:07:17.804298,171.815,0.00,0.00,0.00,0.00,0.00,0.00,0.00,0,,3.0,30.0,20.0
2025-10-11T15:07:17.806164,171.817,0.00,0.00,0.00,0.00,0.00,0.00,0.00,0,,3.0,30.0,30.0
2025-10-11T15:07:17.808264,171.819,0.00,0.00,0.00,0.00,0.00,0.00,0.00,0,,3.0,30.0,30.0
2025-10-11T15:07:19.672742,173.684,0.00,0.00,0.00,0.00,0.00,0.00,0.00,0,,4.0,30.0,30.0
2025-10-11T15:07:19.674902,173.686,0.00,0.00,0.00,0.00,0.00,0.00,0.00,0,,4.0,30.0,30.0
2025-10-11T15:07:19.677282,173.688,0.00,0.00,0.00,0.00,0.00,0.00,0.00,0,,4.0,40.0,30.0
2025-10-11T15:07:19.680706,173.692,0.00,0.00,0.00,0.00,0.00,0.00,0.00,0,,4.0,40.0,30.0
2025-10-11T15:07:19.683391,173.694,0.00,0.00,0.00,0.00,0.00,0.00,0.00,0,,4.0,40.0,40.0
2025-10-11T15:07:19.685877,173.697,0.00,0.00,0.00,0.00,0.00,0.00,0.00,0,,4.0,40.0,40.0
2025-10-11T15:07:21.570350,175.581,0.00,0.00,0.00,0.00,0.00,0.00,0.00,0,,5.0,40.0,40.0
2025-10-11T15:07:21.572153,175.583,0.00,0.00,0.00,0.00,0.00,0.00,0.00,0,,5.0,40.0,40.0
2025-10-11T15:07:22.474580,176.485,0.00,0.00,0.00,0.00,0.00,0.00,0.00,0,,5.0,50.0,40.0
2025-10-11T15:07:22.476943,176.488,0.00,0.00,0.00,0.00,0.00,0.00,0.00,0,,5.0,50.0,40.0
2025-10-11T15:07:22.480699,176.492,0.00,0.00,0.00,0.00,0.00,0.00,0.00,0,,5.0,50.0,50.0
2025-10-11T15:07:22.483589,176.494,0.00,0.00,0.00,0.00,0.00,0.00,0.00,0,,5.0,50.0,50.0
2025-10-11T15:07:24.276300,178.287,0.00,0.00,0.00,0.00,0.00,0.00,0.00,0,,6.0,50.0,50.0
2025-10-11T15:07:24.278865,178.290,0.00,0.00,0.00,0.00,0.00,0.00,0.00,0,,6.0,50.0,50.0
2025-10-11T15:07:24.281471,178.292,0.00,0.00,0.00,0.00,0.00,0.00,0.00,0,,6.0,60.0,50.0
2025-10-11T15:07:24.284422,178.295,0.00,0.00,0.00,0.00,0.00,0.00,0.00,0,,6.0,60.0,50.0
2025-10-11T15:07:24.286596,178.297,0.00,0.00,0.00,0.00,0.00,0.00,0.00,0,,6.0,60.0,60.0
2025-10-11T15:07:24.289825,178.301,0.00,0.00,0.00,0.00,0.00,0.00,0.00,0,,6.0,60.0,60.0
2025-10-11T15:07:26.092557,180.103,0.00,0.00,0.00,0.00,0.00,0.00,0.00,0,,7.0,60.0,60.0
2025-10-11T15:07:26.095288,180.106,0.00,0.00,0.00,0.00,0.00,0.00,0.00,0,,7.0,60.0,60.0
2025-10-11T15:07:26.962330,180.973,0.00,0.00,0.00,0.00,0.00,0.00,0.00,0,,7.0,70.0,60.0
2025-10-11T15:07:26.964561,180.975,0.00,0.00,0.00,0.00,0.00,0.00,0.00,0,,7.0,70.0,60.0
2025-10-11T15:07:26.966625,180.977,0.00,0.00,0.00,0.00,0.00,0.00,0.00,0,,7.0,70.0,70.0
2025-10-11T15:07:26.969653,180.980,0.00,0.00,0.00,0.00,0.00,0.00,0.00,0,,7.0,70.0,70.0
2025-10-11T15:07:28.703591,182.714,0.00,0.00,0.00,0.00,0.00,0.00,0.00,0,,8.0,70.0,70.0
2025-10-11T15:07:28.706288,182.717,0.00,0.00,0.00,0.00,0.00,0.00,0.00,0,,8.0,70.0,70.0
2025-10-11T15:07:28.708755,182.720,0.00,0.00,0.00,0.00,0.00,0.00,0.00,0,,8.0,80.0,70.0
2025-10-11T15:07:28.711424,182.722,0.00,0.00,0.00,0.00,0.00,0.00,0.00,0,,8.0,80.0,70.0
2025-10-11T15:07:28.713572,182.724,0.00,0.00,0.00,0.00,0.00,0.00,0.00,0,,8.0,80.0,80.0
2025-10-11T15:07:28.716531,182.727,0.00,0.00,0.00,0.00,0.00,0.00,0.00,0,,8.0,80.0,80.0
2025-10-11T15:07:31.488370,185.499,0.00,0.00,0.00,0.00,0.00,0.00,0.00,0,,9.0,80.0,80.0
2025-10-11T15:07:31.490462,185.501,0.00,0.00,0.00,0.00,0.00,0.00,0.00,0,,9.0,80.0,80.0
2025-10-11T15:07:31.492770,185.504,0.00,0.00,0.00,0.00,0.00,0.00,0.00,0,,9.0,90.0,80.0
2025-10-11T15:07:31.497244,185.508,0.00,0.00,0.00,0.00,0.00,0.00,0.00,0,,9.0,90.0,80.0
2025-10-11T15:07:31.500079,185.511,0.00,0.00,0.00,0.00,0.00,0.00,0.00,0,,9.0,90.0,90.0
2025-10-11T15:07:31.502315,185.513,0.00,0.00,0.00,0.00,0.00,0.00,0.00,0,,9.0,90.0,90.0
2025-10-11T15:07:34.152732,188.164,0.00,0.00,0.00,0.00,0.00,0.00,0.00,0,,8.0,90.0,90.0
2025-10-11T15:07:34.155500,188.166,0.00,0.00,0.00,0.00,0.00,0.00,0.00,0,,8.0,90.0,90.0
2025-10-11T15:07:34.158406,188.169,0.00,0.00,0.00,0.00,0.00,0.00,0.00,0,,8.0,80.0,90.0
2025-10-11T15:07:34.162885,188.174,0.00,0.00,0.00,0.00,0.00,0.00,0.00,0,,8.0,80.0,90.0
2025-10-11T15:07:34.167465,188.178,0.00,0.00,0.00,0.00,0.00,0.00,0.00,0,,8.0,80.0,80.0
2025-10-11T15:07:34.171179,188.182,0.00,0.00,0.00,0.00,0.00,0.00,0.00,0,,8.0,80.0,80.0
2025-10-11T15:07:35.978546,189.989,0.00,0.00,0.00,0.00,0.00,0.00,0.00,0,,7.0,80.0,80.0
2025-10-11T15:07:35.980526,189.991,0.00,0.00,0.00,0.00,0.00,0.00,0.00,0,,7.0,80.0,80.0
2025-10-11T15:07:35.983450,189.994,0.00,0.00,0.00,0.00,0.00,0.00,0.00,0,,7.0,70.0,80.0
2025-10-11T15:07:35.986417,189.997,0.00,0.00,0.00,0.00,0.00,0.00,0.00,0,,7.0,70.0,80.0
2025-10-11T15:07:35.988973,190.000,0.00,0.00,0.00,0.00,0.00,0.00,0.00,0,,7.0,70.0,70.0
2025-10-11T15:07:35.991579,190.002,0.00,0.00,0.00,0.00,0.00,0.00,0.00,0,,7.0,70.0,70.0
2025-10-11T15:07:38.556839,192.568,0.00,0.00,0.00,0.00,0.00,0.00,0.00,0,,6.0,70.0,70.0
2025-10-11T15:07:38.559277,192.570,0.00,0.00,0.00,0.00,0.00,0.00,0.00,0,,6.0,70.0,70.0
2025-10-11T15:07:38.561713,192.573,0.00,0.00,0.00,0.00,0.00,0.00,0.00,0,,6.0,60.0,70.0
2025-10-11T15:07:38.565845,192.577,0.00,0.00,0.00,0.00,0.00,0.00,0.00,0,,6.0,60.0,70.0
2025-10-11T15:07:38.569835,192.581,0.00,0.00,0.00,0.00,0.00,0.00,0.00,0,,6.0,60.0,60.0
2025-10-11T15:07:38.572025,192.583,0.00,0.00,0.00,0.00,0.00,0.00,0.00,0,,6.0,60.0,60.0
2025-10-11T15:07:40.263205,194.274,0.00,0.00,0.00,0.00,0.00,0.00,0.00,0,,5.0,60.0,60.0
2025-10-11T15:07:40.265581,194.276,0.00,0.00,0.00,0.00,0.00,0.00,0.00,0,,5.0,60.0,60.0
2025-10-11T15:07:41.112736,195.124,0.00,0.00,0.00,0.00,0.00,0.00,0.00,0,,5.0,50.0,60.0
2025-10-11T15:07:41.115292,195.126,0.00,0.00,0.00,0.00,0.00,0.00,0.00,0,,5.0,50.0,60.0
2025-10-11T15:07:41.117553,195.128,0.00,0.00,0.00,0.00,0.00,0.00,0.00,0,,5.0,50.0,50.0
2025-10-11T15:07:41.121964,195.133,0.00,0.00,0.00,0.00,0.00,0.00,0.00,0,,5.0,50.0,50.0
2025-10-11T15:07:42.904877,196.916,0.00,0.00,0.00,0.00,0.00,0.00,0.00,0,,4.0,50.0,50.0
2025-10-11T15:07:42.907368,196.918,0.00,0.00,0.00,0.00,0.00,0.00,0.00,0,,4.0,50.0,50.0
2025-10-11T15:07:42.909303,196.920,0.00,0.00,0.00,0.00,0.00,0.00,0.00,0,,4.0,40.0,50.0
2025-10-11T15:07:42.911979,196.923,0.00,0.00,0.00,0.00,0.00,0.00,0.00,0,,4.0,40.0,50.0
2025-10-11T15:07:42.914334,196.925,0.00,0.00,0.00,0.00,0.00,0.00,0.00,0,,4.0,40.0,40.0
2025-10-11T15:07:42.916893,196.928,0.00,0.00,0.00,0.00,0.00,0.00,0.00,0,,4.0,40.0,40.0
2025-10-11T15:07:45.538759,199.550,0.00,0.00,0.00,0.00,0.00,0.00,0.00,0,,3.0,40.0,40.0
2025-10-11T15:07:45.541346,199.552,0.00,0.00,0.00,0.00,0.00,0.00,0.00,0,,3.0,40.0,40.0
2025-10-11T15:07:45.543554,199.554,0.00,0.00,0.00,0.00,0.00,0.00,0.00,0,,3.0,30.0,40.0
2025-10-11T15:07:45.546749,199.558,0.00,0.00,0.00,0.00,0.00,0.00,0.00,0,,3.0,30.0,40.0
2025-10-11T15:07:45.548669,199.560,0.00,0.00,0.00,0.00,0.00,0.00,0.00,0,,3.0,30.0,30.0
2025-10-11T15:07:45.551239,199.562,0.00,0.00,0.00,0.00,0.00,0.00,0.00,0,,3.0,30.0,30.0
2025-10-11T15:07:48.154632,202.165,0.00,0.00,0.00,0.00,0.00,0.00,0.00,0,,2.0,30.0,30.0
2025-10-11T15:07:48.156806,202.168,0.00,0.00,0.00,0.00,0.00,0.00,0.00,0,,2.0,30.0,30.0
2025-10-11T15:07:48.158945,202.170,0.00,0.00,0.00,0.00,0.00,0.00,0.00,0,,2.0,20.0,30.0
2025-10-11T15:07:48.161579,202.172,0.00,0.00,0.00,0.00,0.00,0.00,0.00,0,,2.0,20.0,30.0
2025-10-11T15:07:48.163973,202.175,0.00,0.00,0.00,0.00,0.00,0.00,0.00,0,,2.0,20.0,20.0
2025-10-11T15:07:48.167323,202.178,0.00,0.00,0.00,0.00,0.00,0.00,0.00,0,,2.0,20.0,20.0
2025-10-11T15:07:49.895028,203.906,0.00,0.00,0.00,0.00,0.00,0.00,0.00,0,,1.0,20.0,20.0
2025-10-11T15:07:49.897261,203.908,0.00,0.00,0.00,0.00,0.00,0.00,0.00,0,,1.0,20.0,20.0
2025-10-11T15:07:49.899836,203.911,0.00,0.00,0.00,0.00,0.00,0.00,0.00,0,,1.0,10.0,20.0
2025-10-11T15:07:49.902980,203.914,0.00,0.00,0.00,0.00,0.00,0.00,0.00,0,,1.0,10.0,20.0
2025-10-11T15:07:49.905563,203.916,0.00,0.00,0.00,0.00,0.00,0.00,0.00,0,,1.0,10.0,10.0
2025-10-11T15:07:49.908212,203.919,0.00,0.00,0.00,0.00,0.00,0.00,0.00,0,,1.0,10.0,10.0
2025-10-11T15:07:52.563427,206.574,0.00,0.00,0.00,0.00,0.00,0.00,0.00,0,,2.0,10.0,10.0
2025-10-11T15:07:52.565495,206.576,0.00,0.00,0.00,0.00,0.00,0.00,0.00,0,,2.0,10.0,10.0
2025-10-11T15:07:52.567689,206.579,0.00,0.00,0.00,0.00,0.00,0.00,0.00,0,,2.0,20.0,10.0
2025-10-11T15:07:52.571484,206.582,0.00,0.00,0.00,0.00,0.00,0.00,0.00,0,,2.0,20.0,10.0
2025-10-11T15:07:52.573810,206.585,0.00,0.00,0.00,0.00,0.00,0.00,0.00,0,,2.0,20.0,20.0
2025-10-11T15:07:52.576602,206.587,0.00,0.00,0.00,0.00,0.00,0.00,0.00,0,,2.0,20.0,20.0
2025-10-11T15:07:54.290665,208.302,0.00,0.00,0.00,0.00,0.00,0.00,0.00,0,,3.0,20.0,20.0
2025-10-11T15:07:54.293405,208.304,0.00,0.00,0.00,0.00,0.00,0.00,0.00,0,,3.0,20.0,20.0
2025-10-11T15:07:54.299012,208.310,0.00,0.00,0.00,0.00,0.00,0.00,0.00,0,,3.0,30.0,20.0
2025-10-11T15:07:54.301553,208.312,0.00,0.00,0.00,0.00,0.00,0.00,0.00,0,,3.0,30.0,20.0
2025-10-11T15:07:55.151132,209.162,0.00,0.00,0.00,0.00,0.00,0.00,0.00,0,,3.0,30.0,30.0
2025-10-11T15:07:55.153645,209.164,0.00,0.00,0.00,0.00,0.00,0.00,0.00,0,,3.0,30.0,30.0
2025-10-11T15:07:57.024705,211.036,0.00,0.00,0.00,0.00,0.00,0.00,0.00,0,,4.0,30.0,30.0
2025-10-11T15:07:57.027208,211.038,0.00,0.00,0.00,0.00,0.00,0.00,0.00,0,,4.0,30.0,30.0
2025-10-11T15:07:57.030042,211.041,0.00,0.00,0.00,0.00,0.00,0.00,0.00,0,,4.0,40.0,30.0
2025-10-11T15:07:57.032579,211.043,0.00,0.00,0.00,0.00,0.00,0.00,0.00,0,,4.0,40.0,30.0
2025-10-11T15:07:57.034680,211.046,0.00,0.00,0.00,0.00,0.00,0.00,0.00,0,,4.0,40.0,40.0
2025-10-11T15:07:57.038233,211.049,0.00,0.00,0.00,0.00,0.00,0.00,0.00,0,,4.0,40.0,40.0
2025-10-11T15:07:58.707216,212.718,0.00,0.00,0.00,0.00,0.00,0.00,0.00,0,,5.0,40.0,40.0
2025-10-11T15:07:58.710035,212.721,0.00,0.00,0.00,0.00,0.00,0.00,0.00,0,,5.0,40.0,40.0
2025-10-11T15:07:59.592998,213.604,0.00,0.00,0.00,0.00,0.00,0.00,0.00,0,,5.0,50.0,40.0
2025-10-11T15:07:59.595592,213.606,0.00,0.00,0.00,0.00,0.00,0.00,0.00,0,,5.0,50.0,40.0
2025-10-11T15:07:59.597906,213.609,0.00,0.00,0.00,0.00,0.00,0.00,0.00,0,,5.0,50.0,50.0
2025-10-11T15:07:59.600792,213.612,0.00,0.00,0.00,0.00,0.00,0.00,0.00,0,,5.0,50.0,50.0
2025-10-11T15:08:01.458146,215.469,0.00,0.00,0.00,0.00,0.00,0.00,0.00,0,,6.0,50.0,50.0
2025-10-11T15:08:01.459947,215.471,0.00,0.00,0.00,0.00,0.00,0.00,0.00,0,,6.0,50.0,50.0
2025-10-11T15:08:01.462256,215.473,0.00,0.00,0.00,0.00,0.00,0.00,0.00,0,,6.0,60.0,50.0
2025-10-11T15:08:01.465754,215.477,0.00,0.00,0.00,0.00,0.00,0.00,0.00,0,,6.0,60.0,50.0
2025-10-11T15:08:01.467863,215.479,0.00,0.00,0.00,0.00,0.00,0.00,0.00,0,,6.0,60.0,60.0
2025-10-11T15:08:01.470631,215.481,0.00,0.00,0.00,0.00,0.00,0.00,0.00,0,,6.0,60.0,60.0
2025-10-11T15:08:04.008578,218.019,0.00,0.00,0.00,0.00,0.00,0.00,0.00,0,,7.0,60.0,60.0
2025-10-11T15:08:04.011257,218.022,0.00,0.00,0.00,0.00,0.00,0.00,0.00,0,,7.0,60.0,60.0
2025-10-11T15:08:04.013490,218.024,0.00,0.00,0.00,0.00,0.00,0.00,0.00,0,,7.0,70.0,60.0
2025-10-11T15:08:04.016003,218.027,0.00,0.00,0.00,0.00,0.00,0.00,0.00,0,,7.0,70.0,60.0
2025-10-11T15:08:04.018155,218.029,0.00,0.00,0.00,0.00,0.00,0.00,0.00,0,,7.0,70.0,70.0
2025-10-11T15:08:04.020300,218.031,0.00,0.00,0.00,0.00,0.00,0.00,0.00,0,,7.0,70.0,70.0
2025-10-11T15:08:05.743123,219.754,0.00,0.00,0.00,0.00,0.00,0.00,0.00,0,,8.0,70.0,70.0
2025-10-11T15:08:05.745871,219.757,0.00,0.00,0.00,0.00,0.00,0.00,0.00,0,,8.0,70.0,70.0
2025-10-11T15:08:05.748047,219.759,0.00,0.00,0.00,0.00,0.00,0.00,0.00,0,,8.0,80.0,70.0
2025-10-11T15:08:05.750603,219.761,0.00,0.00,0.00,0.00,0.00,0.00,0.00,0,,8.0,80.0,70.0
2025-10-11T15:08:05.752963,219.764,0.00,0.00,0.00,0.00,0.00,0.00,0.00,0,,8.0,80.0,80.0
2025-10-11T15:08:05.755624,219.766,0.00,0.00,0.00,0.00,0.00,0.00,0.00,0,,8.0,80.0,80.0
2025-10-11T15:08:08.305443,222.316,0.00,0.00,0.00,0.00,0.00,0.00,0.00,0,,9.0,80.0,80.0
2025-10-11T15:08:08.307521,222.318,0.00,0.00,0.00,0.00,0.00,0.00,0.00,0,,9.0,80.0,80.0
2025-10-11T15:08:08.309701,222.321,0.00,0.00,0.00,0.00,0.00,0.00,0.00,0,,9.0,90.0,80.0
2025-10-11T15:08:08.312699,222.324,0.00,0.00,0.00,0.00,0.00,0.00,0.00,0,,9.0,90.0,80.0
2025-10-11T15:08:08.315671,222.327,0.00,0.00,0.00,0.00,0.00,0.00,0.00,0,,9.0,90.0,90.0
2025-10-11T15:08:08.319106,222.330,0.00,0.00,0.00,0.00,0.00,0.00,0.00,0,,9.0,90.0,90.0
2025-10-11T15:08:10.915806,224.927,0.00,0.00,0.00,0.00,0.00,0.00,0.00,0,,8.0,90.0,90.0
2025-10-11T15:08:10.918672,224.930,0.00,0.00,0.00,0.00,0.00,0.00,0.00,0,,8.0,90.0,90.0
2025-10-11T15:08:10.922693,224.934,0.00,0.00,0.00,0.00,0.00,0.00,0.00,0,,8.0,80.0,90.0
2025-10-11T15:08:10.924805,224.936,0.00,0.00,0.00,0.00,0.00,0.00,0.00,0,,8.0,80.0,90.0
2025-10-11T15:08:10.927138,224.938,0.00,0.00,0.00,0.00,0.00,0.00,0.00,0,,8.0,80.0,80.0
2025-10-11T15:08:10.930583,224.941,0.00,0.00,0.00,0.00,0.00,0.00,0.00,0,,8.0,80.0,80.0
2025-10-11T15:08:12.728516,226.739,0.00,0.00,0.00,0.00,0.00,0.00,0.00,0,,7.0,80.0,80.0
2025-10-11T15:08:12.730807,226.742,0.00,0.00,0.00,0.00,0.00,0.00,0.00,0,,7.0,80.0,80.0
2025-10-11T15:08:12.732958,226.744,0.00,0.00,0.00,0.00,0.00,0.00,0.00,0,,7.0,70.0,80.0
2025-10-11T15:08:12.735530,226.746,0.00,0.00,0.00,0.00,0.00,0.00,0.00,0,,7.0,70.0,80.0
2025-10-11T15:08:12.737764,226.749,0.00,0.00,0.00,0.00,0.00,0.00,0.00,0,,7.0,70.0,70.0
2025-10-11T15:08:12.740206,226.751,0.00,0.00,0.00,0.00,0.00,0.00,0.00,0,,7.0,70.0,70.0
2025-10-11T15:08:15.376374,229.387,0.00,0.00,0.00,0.00,0.00,0.00,0.00,0,,6.0,70.0,70.0
2025-10-11T15:08:15.379373,229.390,0.00,0.00,0.00,0.00,0.00,0.00,0.00,0,,6.0,70.0,70.0
2025-10-11T15:08:15.381572,229.392,0.00,0.00,0.00,0.00,0.00,0.00,0.00,0,,6.0,60.0,70.0
2025-10-11T15:08:15.384466,229.395,0.00,0.00,0.00,0.00,0.00,0.00,0.00,0,,6.0,60.0,70.0
2025-10-11T15:08:15.386692,229.398,0.00,0.00,0.00,0.00,0.00,0.00,0.00,0,,6.0,60.0,60.0
2025-10-11T15:08:15.389869,229.401,0.00,0.00,0.00,0.00,0.00,0.00,0.00,0,,6.0,60.0,60.0
2025-10-11T15:08:17.151580,231.162,0.00,0.00,0.00,0.00,0.00,0.00,0.00,0,,5.0,60.0,60.0
2025-10-11T15:08:17.154219,231.165,0.00,0.00,0.00,0.00,0.00,0.00,0.00,0,,5.0,60.0,60.0
2025-10-11T15:08:17.156642,231.167,0.00,0.00,0.00,0.00,0.00,0.00,0.00,0,,5.0,50.0,60.0
2025-10-11T15:08:17.160028,231.171,0.00,0.00,0.00,0.00,0.00,0.00,0.00,0,,5.0,50.0,60.0
2025-10-11T15:08:18.048330,232.059,0.00,0.00,0.00,0.00,0.00,0.00,0.00,0,,5.0,50.0,50.0
2025-10-11T15:08:18.050838,232.062,0.00,0.00,0.00,0.00,0.00,0.00,0.00,0,,5.0,50.0,50.0
2025-10-11T15:08:19.980946,233.992,0.00,0.00,0.00,0.00,0.00,0.00,0.00,0,,4.0,50.0,50.0
2025-10-11T15:08:19.984095,233.995,0.00,0.00,0.00,0.00,0.00,0.00,0.00,0,,4.0,50.0,50.0
2025-10-11T15:08:19.988351,233.999,0.00,0.00,0.00,0.00,0.00,0.00,0.00,0,,4.0,40.0,50.0
2025-10-11T15:08:19.991522,234.002,0.00,0.00,0.00,0.00,0.00,0.00,0.00,0,,4.0,40.0,50.0
2025-10-11T15:08:19.994330,234.005,0.00,0.00,0.00,0.00,0.00,0.00,0.00,0,,4.0,40.0,40.0
2025-10-11T15:08:19.997240,234.008,0.00,0.00,0.00,0.00,0.00,0.00,0.00,0,,4.0,40.0,40.0
2025-10-11T15:08:21.918040,235.929,0.00,0.00,0.00,0.00,0.00,0.00,0.00,0,,3.0,40.0,40.0
2025-10-11T15:08:21.920384,235.931,0.00,0.00,0.00,0.00,0.00,0.00,0.00,0,,3.0,40.0,40.0
2025-10-11T15:08:21.922984,235.934,0.00,0.00,0.00,0.00,0.00,0.00,0.00,0,,3.0,30.0,40.0
2025-10-11T15:08:21.925956,235.937,0.00,0.00,0.00,0.00,0.00,0.00,0.00,0,,3.0,30.0,40.0
2025-10-11T15:08:21.928811,235.940,0.00,0.00,0.00,0.00,0.00,0.00,0.00,0,,3.0,30.0,30.0
2025-10-11T15:08:21.932328,235.943,0.00,0.00,0.00,0.00,0.00,0.00,0.00,0,,3.0,30.0,30.0
2025-10-11T15:08:23.770158,237.781,0.00,0.00,0.00,0.00,0.00,0.00,0.00,0,,2.0,30.0,30.0
2025-10-11T15:08:23.772384,237.783,0.00,0.00,0.00,0.00,0.00,0.00,0.00,0,,2.0,30.0,30.0
2025-10-11T15:08:24.617452,238.628,0.00,0.00,0.00,0.00,0.00,0.00,0.00,0,,2.0,20.0,30.0
2025-10-11T15:08:24.620317,238.631,0.00,0.00,0.00,0.00,0.00,0.00,0.00,0,,2.0,20.0,30.0
2025-10-11T15:08:24.623237,238.634,0.00,0.00,0.00,0.00,0.00,0.00,0.00,0,,2.0,20.0,20.0
2025-10-11T15:08:24.662690,238.674,0.00,0.00,0.00,0.00,0.00,0.00,0.00,0,,2.0,20.0,20.0
2025-10-11T15:08:26.472529,240.483,0.00,0.00,0.00,0.00,0.00,0.00,0.00,0,,1.0,20.0,20.0
2025-10-11T15:08:26.475262,240.486,0.00,0.00,0.00,0.00,0.00,0.00,0.00,0,,1.0,20.0,20.0
2025-10-11T15:08:26.477957,240.489,0.00,0.00,0.00,0.00,0.00,0.00,0.00,0,,1.0,10.0,20.0
2025-10-11T15:08:26.481569,240.492,0.00,0.00,0.00,0.00,0.00,0.00,0.00,0,,1.0,10.0,20.0
2025-10-11T15:08:26.483992,240.495,0.00,0.00,0.00,0.00,0.00,0.00,0.00,0,,1.0,10.0,10.0
2025-10-11T15:08:26.486728,240.498,0.00,0.00,0.00,0.00,0.00,0.00,0.00,0,,1.0,10.0,10.0
2025-10-11T15:08:29.032970,243.044,0.00,0.00,0.00,0.00,0.00,0.00,0.00,0,,2.0,10.0,10.0
2025-10-11T15:08:29.035597,243.046,0.00,0.00,0.00,0.00,0.00,0.00,0.00,0,,2.0,10.0,10.0
2025-10-11T15:08:29.038297,243.049,0.00,0.00,0.00,0.00,0.00,0.00,0.00,0,,2.0,20.0,10.0
2025-10-11T15:08:29.041303,243.052,0.00,0.00,0.00,0.00,0.00,0.00,0.00,0,,2.0,20.0,10.0
2025-10-11T15:08:29.044113,243.055,0.00,0.00,0.00,0.00,0.00,0.00,0.00,0,,2.0,20.0,20.0
2025-10-11T15:08:29.048040,243.059,0.00,0.00,0.00,0.00,0.00,0.00,0.00,0,,2.0,20.0,20.0
2025-10-11T15:08:30.780654,244.791,0.00,0.00,0.00,0.00,0.00,0.00,0.00,0,,3.0,20.0,20.0
2025-10-11T15:08:30.782708,244.794,0.00,0.00,0.00,0.00,0.00,0.00,0.00,0,,3.0,20.0,20.0
2025-10-11T15:08:30.785200,244.796,0.00,0.00,0.00,0.00,0.00,0.00,0.00,0,,3.0,30.0,20.0
2025-10-11T15:08:30.788354,244.799,0.00,0.00,0.00,0.00,0.00,0.00,0.00,0,,3.0,30.0,20.0
2025-10-11T15:08:30.791220,244.802,0.00,0.00,0.00,0.00,0.00,0.00,0.00,0,,3.0,30.0,30.0
2025-10-11T15:08:30.794214,244.805,0.00,0.00,0.00,0.00,0.00,0.00,0.00,0,,3.0,30.0,30.0
2025-10-11T15:08:33.487557,247.498,0.00,0.00,0.00,0.00,0.00,0.00,0.00,0,,4.0,30.0,30.0
2025-10-11T15:08:33.489898,247.501,0.00,0.00,0.00,0.00,0.00,0.00,0.00,0,,4.0,30.0,30.0
2025-10-11T15:08:33.492828,247.504,0.00,0.00,0.00,0.00,0.00,0.00,0.00,0,,4.0,40.0,30.0
2025-10-11T15:08:33.495866,247.507,0.00,0.00,0.00,0.00,0.00,0.00,0.00,0,,4.0,40.0,30.0
2025-10-11T15:08:33.498447,247.509,0.00,0.00,0.00,0.00,0.00,0.00,0.00,0,,4.0,40.0,40.0
2025-10-11T15:08:33.501228,247.512,0.00,0.00,0.00,0.00,0.00,0.00,0.00,0,,4.0,40.0,40.0
2025-10-11T15:08:35.230499,249.241,0.00,0.00,0.00,0.00,0.00,0.00,0.00,0,,5.0,40.0,40.0
2025-10-11T15:08:35.233119,249.244,0.00,0.00,0.00,0.00,0.00,0.00,0.00,0,,5.0,40.0,40.0
2025-10-11T15:08:35.236064,249.247,0.00,0.00,0.00,0.00,0.00,0.00,0.00,0,,5.0,50.0,40.0
2025-10-11T15:08:35.239124,249.250,0.00,0.00,0.00,0.00,0.00,0.00,0.00,0,,5.0,50.0,40.0
2025-10-11T15:08:36.104649,250.115,0.00,0.00,0.00,0.00,0.00,0.00,0.00,0,,5.0,50.0,50.0
2025-10-11T15:08:36.107392,250.118,0.00,0.00,0.00,0.00,0.00,0.00,0.00,0,,5.0,50.0,50.0
2025-10-11T15:08:37.873596,251.884,0.00,0.00,0.00,0.00,0.00,0.00,0.00,0,,6.0,50.0,50.0
2025-10-11T15:08:37.876159,251.887,0.00,0.00,0.00,0.00,0.00,0.00,0.00,0,,6.0,50.0,50.0
2025-10-11T15:08:37.878686,251.890,0.00,0.00,0.00,0.00,0.00,0.00,0.00,0,,6.0,60.0,50.0
2025-10-11T15:08:37.883122,251.894,0.00,0.00,0.00,0.00,0.00,0.00,0.00,0,,6.0,60.0,50.0
2025-10-11T15:08:37.885731,251.897,0.00,0.00,0.00,0.00,0.00,0.00,0.00,0,,6.0,60.0,60.0
2025-10-11T15:08:37.888412,251.899,0.00,0.00,0.00,0.00,0.00,0.00,0.00,0,,6.0,60.0,60.0
2025-10-11T15:08:40.395131,254.406,0.00,0.00,0.00,0.00,0.00,0.00,0.00,0,,7.0,60.0,60.0
2025-10-11T15:08:40.397756,254.409,0.00,0.00,0.00,0.00,0.00,0.00,0.00,0,,7.0,60.0,60.0
2025-10-11T15:08:40.401159,254.412,0.00,0.00,0.00,0.00,0.00,0.00,0.00,0,,7.0,70.0,60.0
2025-10-11T15:08:40.403588,254.414,0.00,0.00,0.00,0.00,0.00,0.00,0.00,0,,7.0,70.0,60.0
2025-10-11T15:08:40.405639,254.416,0.00,0.00,0.00,0.00,0.00,0.00,0.00,0,,7.0,70.0,70.0
2025-10-11T15:08:40.408891,254.420,0.00,0.00,0.00,0.00,0.00,0.00,0.00,0,,7.0,70.0,70.0
2025-10-11T15:08:42.176587,256.187,0.00,0.00,0.00,0.00,0.00,0.00,0.00,0,,8.0,70.0,70.0
2025-10-11T15:08:42.179665,256.191,0.00,0.00,0.00,0.00,0.00,0.00,0.00,0,,8.0,70.0,70.0
2025-10-11T15:08:42.182013,256.193,0.00,0.00,0.00,0.00,0.00,0.00,0.00,0,,8.0,80.0,70.0
2025-10-11T15:08:42.185322,256.196,0.00,0.00,0.00,0.00,0.00,0.00,0.00,0,,8.0,80.0,70.0
2025-10-11T15:08:43.035361,257.046,0.00,0.00,0.00,0.00,0.00,0.00,0.00,0,,8.0,80.0,80.0
2025-10-11T15:08:43.038099,257.049,0.00,0.00,0.00,0.00,0.00,0.00,0.00,0,,8.0,80.0,80.0
2025-10-11T15:08:44.750123,258.761,0.00,0.00,0.00,0.00,0.00,0.00,0.00,0,,9.0,80.0,80.0
2025-10-11T15:08:44.752235,258.763,0.00,0.00,0.00,0.00,0.00,0.00,0.00,0,,9.0,80.0,80.0
2025-10-11T15:08:44.754463,258.765,0.00,0.00,0.00,0.00,0.00,0.00,0.00,0,,9.0,90.0,80.0
2025-10-11T15:08:44.757411,258.768,0.00,0.00,0.00,0.00,0.00,0.00,0.00,0,,9.0,90.0,80.0
2025-10-11T15:08:44.759779,258.771,0.00,0.00,0.00,0.00,0.00,0.00,0.00,0,,9.0,90.0,90.0
2025-10-11T15:08:44.763215,258.774,0.00,0.00,0.00,0.00,0.00,0.00,0.00,0,,9.0,90.0,90.0
2025-10-11T15:08:47.270028,261.281,0.00,0.00,0.00,0.00,0.00,0.00,0.00,0,,8.0,90.0,90.0
2025-10-11T15:08:47.272739,261.284,0.00,0.00,0.00,0.00,0.00,0.00,0.00,0,,8.0,90.0,90.0
2025-10-11T15:08:47.275839,261.287,0.00,0.00,0.00,0.00,0.00,0.00,0.00,0,,8.0,80.0,90.0
2025-10-11T15:08:47.278572,261.289,0.00,0.00,0.00,0.00,0.00,0.00,0.00,0,,8.0,80.0,90.0
2025-10-11T15:08:47.281568,261.292,0.00,0.00,0.00,0.00,0.00,0.00,0.00,0,,8.0,80.0,80.0
2025-10-11T15:08:47.284346,261.295,0.00,0.00,0.00,0.00,0.00,0.00,0.00,0,,8.0,80.0,80.0
2025-10-11T15:08:49.042276,263.053,0.00,0.00,0.00,0.00,0.00,0.00,0.00,0,,7.0,80.0,80.0
2025-10-11T15:08:49.044852,263.056,0.00,0.00,0.00,0.00,0.00,0.00,0.00,0,,7.0,80.0,80.0
2025-10-11T15:08:49.047813,263.059,0.00,0.00,0.00,0.00,0.00,0.00,0.00,0,,7.0,70.0,80.0
2025-10-11T15:08:49.051183,263.062,0.00,0.00,0.00,0.00,0.00,0.00,0.00,0,,7.0,70.0,80.0
2025-10-11T15:08:49.053447,263.064,0.00,0.00,0.00,0.00,0.00,0.00,0.00,0,,7.0,70.0,70.0
2025-10-11T15:08:49.056056,263.067,0.00,0.00,0.00,0.00,0.00,0.00,0.00,0,,7.0,70.0,70.0
2025-10-11T15:08:51.605011,265.616,0.00,0.00,0.00,0.00,0.00,0.00,0.00,0,,6.0,70.0,70.0
2025-10-11T15:08:51.607610,265.618,0.00,0.00,0.00,0.00,0.00,0.00,0.00,0,,6.0,70.0,70.0
2025-10-11T15:08:51.610174,265.621,0.00,0.00,0.00,0.00,0.00,0.00,0.00,0,,6.0,60.0,70.0
2025-10-11T15:08:51.668609,265.679,0.00,0.00,0.00,0.00,0.00,0.00,0.00,0,,6.0,60.0,70.0
2025-10-11T15:08:51.681302,265.692,0.00,0.00,0.00,0.00,0.00,0.00,0.00,0,,6.0,60.0,60.0
2025-10-11T15:08:51.685000,265.696,0.00,0.00,0.00,0.00,0.00,0.00,0.00,0,,6.0,60.0,60.0
2025-10-11T15:08:53.447310,267.458,0.00,0.00,0.00,0.00,0.00,0.00,0.00,0,,5.0,60.0,60.0
2025-10-11T15:08:53.449682,267.461,0.00,0.00,0.00,0.00,0.00,0.00,0.00,0,,5.0,60.0,60.0
2025-10-11T15:08:53.452320,267.463,0.00,0.00,0.00,0.00,0.00,0.00,0.00,0,,5.0,50.0,60.0
2025-10-11T15:08:53.455217,267.466,0.00,0.00,0.00,0.00,0.00,0.00,0.00,0,,5.0,50.0,60.0
2025-10-11T15:08:54.370346,268.381,0.00,0.00,0.00,0.00,0.00,0.00,0.00,0,,5.0,50.0,50.0
2025-10-11T15:08:54.372819,268.384,0.00,0.00,0.00,0.00,0.00,0.00,0.00,0,,5.0,50.0,50.0
2025-10-11T15:08:56.193916,270.205,0.00,0.00,0.00,0.00,0.00,0.00,0.00,0,,4.0,50.0,50.0
2025-10-11T15:08:56.198248,270.209,0.00,0.00,0.00,0.00,0.00,0.00,0.00,0,,4.0,50.0,50.0
2025-10-11T15:08:56.202259,270.213,0.00,0.00,0.00,0.00,0.00,0.00,0.00,0,,4.0,40.0,50.0
2025-10-11T15:08:56.205194,270.216,0.00,0.00,0.00,0.00,0.00,0.00,0.00,0,,4.0,40.0,50.0
2025-10-11T15:08:56.208281,270.219,0.00,0.00,0.00,0.00,0.00,0.00,0.00,0,,4.0,40.0,40.0
2025-10-11T15:08:56.210686,270.222,0.00,0.00,0.00,0.00,0.00,0.00,0.00,0,,4.0,40.0,40.0
2025-10-11T15:08:57.788307,271.799,0.00,0.00,0.00,0.00,0.00,0.00,0.00,0,,3.0,40.0,40.0
2025-10-11T15:08:57.790305,271.801,0.00,0.00,0.00,0.00,0.00,0.00,0.00,0,,3.0,40.0,40.0
2025-10-11T15:08:58.250056,272.261,0.00,0.00,0.00,0.00,0.00,0.00,0.00,0,,3.0,30.0,40.0
2025-10-11T15:08:58.252559,272.263,0.00,0.00,0.00,0.00,0.00,0.00,0.00,0,,3.0,30.0,40.0
2025-10-11T15:08:58.255507,272.266,0.00,0.00,0.00,0.00,0.00,0.00,0.00,0,,3.0,30.0,30.0
2025-10-11T15:08:58.258659,272.270,0.00,0.00,0.00,0.00,0.00,0.00,0.00,0,,3.0,30.0,30.0
2025-10-11T15:09:00.167963,274.179,0.00,0.00,0.00,0.00,0.00,0.00,0.00,0,,2.0,30.0,30.0
2025-10-11T15:09:00.170544,274.181,0.00,0.00,0.00,0.00,0.00,0.00,0.00,0,,2.0,30.0,30.0
2025-10-11T15:09:00.172639,274.183,0.00,0.00,0.00,0.00,0.00,0.00,0.00,0,,2.0,20.0,30.0
2025-10-11T15:09:00.175425,274.186,0.00,0.00,0.00,0.00,0.00,0.00,0.00,0,,2.0,20.0,30.0
2025-10-11T15:09:00.637216,274.648,0.00,0.00,0.00,0.00,0.00,0.00,0.00,0,,2.0,20.0,20.0
2025-10-11T15:09:00.639732,274.651,0.00,0.00,0.00,0.00,0.00,0.00,0.00,0,,2.0,20.0,20.0
2025-10-11T15:09:02.373962,276.385,0.00,0.00,0.00,0.00,0.00,0.00,0.00,0,,1.0,20.0,20.0
2025-10-11T15:09:02.376720,276.388,0.00,0.00,0.00,0.00,0.00,0.00,0.00,0,,1.0,20.0,20.0
2025-10-11T15:09:02.872453,276.883,0.00,0.00,0.00,0.00,0.00,0.00,0.00,0,,1.0,10.0,20.0
2025-10-11T15:09:02.875308,276.886,0.00,0.00,0.00,0.00,0.00,0.00,0.00,0,,1.0,10.0,20.0
2025-10-11T15:09:02.878034,276.889,0.00,0.00,0.00,0.00,0.00,0.00,0.00,0,,1.0,10.0,10.0
2025-10-11T15:09:02.881244,276.892,0.00,0.00,0.00,0.00,0.00,0.00,0.00,0,,1.0,10.0,10.0
2025-10-11T15:09:04.920364,278.931,0.00,0.00,0.00,0.00,0.00,0.00,0.00,0,,2.0,10.0,10.0
2025-10-11T15:09:04.923004,278.934,0.00,0.00,0.00,0.00,0.00,0.00,0.00,0,,2.0,10.0,10.0
2025-10-11T15:09:04.925338,278.936,0.00,0.00,0.00,0.00,0.00,0.00,0.00,0,,2.0,20.0,10.0
2025-10-11T15:09:04.928082,278.939,0.00,0.00,0.00,0.00,0.00,0.00,0.00,0,,2.0,20.0,10.0
2025-10-11T15:09:04.931064,278.942,0.00,0.00,0.00,0.00,0.00,0.00,0.00,0,,2.0,20.0,20.0
2025-10-11T15:09:04.934073,278.945,0.00,0.00,0.00,0.00,0.00,0.00,0.00,0,,2.0,20.0,20.0
2025-10-11T15:09:07.074387,281.085,0.00,0.00,0.00,0.00,0.00,0.00,0.00,0,,3.0,20.0,20.0
2025-10-11T15:09:07.076455,281.087,0.00,0.00,0.00,0.00,0.00,0.00,0.00,0,,3.0,20.0,20.0
2025-10-11T15:09:07.079049,281.090,0.00,0.00,0.00,0.00,0.00,0.00,0.00,0,,3.0,30.0,20.0
2025-10-11T15:09:07.082051,281.093,0.00,0.00,0.00,0.00,0.00,0.00,0.00,0,,3.0,30.0,20.0
2025-10-11T15:09:07.553926,281.565,0.00,0.00,0.00,0.00,0.00,0.00,0.00,0,,3.0,30.0,30.0
2025-10-11T15:09:07.556115,281.567,0.00,0.00,0.00,0.00,0.00,0.00,0.00,0,,3.0,30.0,30.0
2025-10-11T15:09:09.395448,283.406,0.00,0.00,0.00,0.00,0.00,0.00,0.00,0,,4.0,30.0,30.0
2025-10-11T15:09:09.398458,283.409,0.00,0.00,0.00,0.00,0.00,0.00,0.00,0,,4.0,30.0,30.0
2025-10-11T15:09:09.400944,283.412,0.00,0.00,0.00,0.00,0.00,0.00,0.00,0,,4.0,40.0,30.0
2025-10-11T15:09:09.403721,283.415,0.00,0.00,0.00,0.00,0.00,0.00,0.00,0,,4.0,40.0,30.0
2025-10-11T15:09:09.405869,283.417,0.00,0.00,0.00,0.00,0.00,0.00,0.00,0,,4.0,40.0,40.0
2025-10-11T15:09:09.409018,283.420,0.00,0.00,0.00,0.00,0.00,0.00,0.00,0,,4.0,40.0,40.0
2025-10-11T15:09:11.708561,285.719,0.00,0.00,0.00,0.00,0.00,0.00,0.00,0,,5.0,40.0,40.0
2025-10-11T15:09:11.710741,285.722,0.00,0.00,0.00,0.00,0.00,0.00,0.00,0,,5.0,40.0,40.0
2025-10-11T15:09:11.713124,285.724,0.00,0.00,0.00,0.00,0.00,0.00,0.00,0,,5.0,50.0,40.0
2025-10-11T15:09:11.716309,285.727,0.00,0.00,0.00,0.00,0.00,0.00,0.00,0,,5.0,50.0,40.0
2025-10-11T15:09:11.718748,285.730,0.00,0.00,0.00,0.00,0.00,0.00,0.00,0,,5.0,50.0,50.0
2025-10-11T15:09:11.721709,285.733,0.00,0.00,0.00,0.00,0.00,0.00,0.00,0,,5.0,50.0,50.0
2025-10-11T15:09:14.026493,288.037,0.00,0.00,0.00,0.00,0.00,0.00,0.00,0,,6.0,50.0,50.0
2025-10-11T15:09:14.029250,288.040,0.00,0.00,0.00,0.00,0.00,0.00,0.00,0,,6.0,50.0,50.0
2025-10-11T15:09:14.032039,288.043,0.00,0.00,0.00,0.00,0.00,0.00,0.00,0,,6.0,60.0,50.0
2025-10-11T15:09:14.035233,288.046,0.00,0.00,0.00,0.00,0.00,0.00,0.00,0,,6.0,60.0,50.0
2025-10-11T15:09:14.038643,288.049,0.00,0.00,0.00,0.00,0.00,0.00,0.00,0,,6.0,60.0,60.0
2025-10-11T15:09:14.041197,288.052,0.00,0.00,0.00,0.00,0.00,0.00,0.00,0,,6.0,60.0,60.0
2025-10-11T15:09:16.087521,290.098,0.00,0.00,0.00,0.00,0.00,0.00,0.00,0,,7.0,60.0,60.0
2025-10-11T15:09:16.089921,290.101,0.00,0.00,0.00,0.00,0.00,0.00,0.00,0,,7.0,60.0,60.0
2025-10-11T15:09:16.594438,290.605,0.00,0.00,0.00,0.00,0.00,0.00,0.00,0,,7.0,70.0,60.0
2025-10-11T15:09:16.596614,290.607,0.00,0.00,0.00,0.00,0.00,0.00,0.00,0,,7.0,70.0,60.0
2025-10-11T15:09:16.599640,290.610,0.00,0.00,0.00,0.00,0.00,0.00,0.00,0,,7.0,70.0,70.0
2025-10-11T15:09:16.602506,290.613,0.00,0.00,0.00,0.00,0.00,0.00,0.00,0,,7.0,70.0,70.0
2025-10-11T15:09:18.453172,292.464,0.00,0.00,0.00,0.00,0.00,0.00,0.00,0,,8.0,70.0,70.0
2025-10-11T15:09:18.455755,292.467,0.00,0.00,0.00,0.00,0.00,0.00,0.00,0,,8.0,70.0,70.0
2025-10-11T15:09:18.947227,292.958,0.00,0.00,0.00,0.00,0.00,0.00,0.00,0,,8.0,80.0,70.0
2025-10-11T15:09:18.949684,292.961,0.00,0.00,0.00,0.00,0.00,0.00,0.00,0,,8.0,80.0,70.0
2025-10-11T15:09:18.952691,292.964,0.00,0.00,0.00,0.00,0.00,0.00,0.00,0,,8.0,80.0,80.0
2025-10-11T15:09:18.955825,292.967,0.00,0.00,0.00,0.00,0.00,0.00,0.00,0,,8.0,80.0,80.0
2025-10-11T15:09:20.750436,294.761,0.00,0.00,0.00,0.00,0.00,0.00,0.00,0,,9.0,80.0,80.0
2025-10-11T15:09:20.753196,294.764,0.00,0.00,0.00,0.00,0.00,0.00,0.00,0,,9.0,80.0,80.0
2025-10-11T15:09:21.247928,295.259,0.00,0.00,0.00,0.00,0.00,0.00,0.00,0,,9.0,90.0,80.0
2025-10-11T15:09:21.250138,295.261,0.00,0.00,0.00,0.00,0.00,0.00,0.00,0,,9.0,90.0,80.0
2025-10-11T15:09:21.252286,295.263,0.00,0.00,0.00,0.00,0.00,0.00,0.00,0,,9.0,90.0,90.0
2025-10-11T15:09:21.255961,295.267,0.00,0.00,0.00,0.00,0.00,0.00,0.00,0,,9.0,90.0,90.0
2025-10-11T15:09:23.003709,297.015,0.00,0.00,0.00,0.00,0.00,0.00,0.00,0,,8.0,90.0,90.0
2025-10-11T15:09:23.006900,297.018,0.00,0.00,0.00,0.00,0.00,0.00,0.00,0,,8.0,90.0,90.0
2025-10-11T15:09:23.475398,297.486,0.00,0.00,0.00,0.00,0.00,0.00,0.00,0,,8.0,80.0,90.0
2025-10-11T15:09:23.478238,297.489,0.00,0.00,0.00,0.00,0.00,0.00,0.00,0,,8.0,80.0,90.0
2025-10-11T15:09:23.480994,297.492,0.00,0.00,0.00,0.00,0.00,0.00,0.00,0,,8.0,80.0,80.0
2025-10-11T15:09:23.484388,297.495,0.00,0.00,0.00,0.00,0.00,0.00,0.00,0,,8.0,80.0,80.0
2025-10-11T15:09:25.528819,299.540,0.00,0.00,0.00,0.00,0.00,0.00,0.00,0,,7.0,80.0,80.0
2025-10-11T15:09:25.531742,299.543,0.00,0.00,0.00,0.00,0.00,0.00,0.00,0,,7.0,80.0,80.0
2025-10-11T15:09:25.535239,299.546,0.00,0.00,0.00,0.00,0.00,0.00,0.00,0,,7.0,70.0,80.0
2025-10-11T15:09:25.538223,299.549,0.00,0.00,0.00,0.00,0.00,0.00,0.00,0,,7.0,70.0,80.0
2025-10-11T15:09:25.541286,299.552,0.00,0.00,0.00,0.00,0.00,0.00,0.00,0,,7.0,70.0,70.0
2025-10-11T15:09:25.544046,299.555,0.00,0.00,0.00,0.00,0.00,0.00,0.00,0,,7.0,70.0,70.0
2025-10-11T15:09:27.841774,301.853,0.00,0.00,0.00,0.00,0.00,0.00,0.00,0,,6.0,70.0,70.0
2025-10-11T15:09:27.845023,301.856,0.00,0.00,0.00,0.00,0.00,0.00,0.00,0,,6.0,70.0,70.0
2025-10-11T15:09:27.848826,301.860,0.00,0.00,0.00,0.00,0.00,0.00,0.00,0,,6.0,60.0,70.0
2025-10-11T15:09:27.851780,301.863,0.00,0.00,0.00,0.00,0.00,0.00,0.00,0,,6.0,60.0,70.0
2025-10-11T15:09:27.855198,301.866,0.00,0.00,0.00,0.00,0.00,0.00,0.00,0,,6.0,60.0,60.0
2025-10-11T15:09:27.858484,301.869,0.00,0.00,0.00,0.00,0.00,0.00,0.00,0,,6.0,60.0,60.0
2025-10-11T15:09:30.275989,304.287,0.00,0.00,0.00,0.00,0.00,0.00,0.00,0,,5.0,60.0,60.0
2025-10-11T15:09:30.278552,304.289,0.00,0.00,0.00,0.00,0.00,0.00,0.00,0,,5.0,60.0,60.0
2025-10-11T15:09:30.280927,304.292,0.00,0.00,0.00,0.00,0.00,0.00,0.00,0,,5.0,50.0,60.0
2025-10-11T15:09:30.283416,304.294,0.00,0.00,0.00,0.00,0.00,0.00,0.00,0,,5.0,50.0,60.0
2025-10-11T15:09:30.285792,304.297,0.00,0.00,0.00,0.00,0.00,0.00,0.00,0,,5.0,50.0,50.0
2025-10-11T15:09:30.288679,304.300,0.00,0.00,0.00,0.00,0.00,0.00,0.00,0,,5.0,50.0,50.0
2025-10-11T15:09:32.570330,306.581,0.00,0.00,0.00,0.00,0.00,0.00,0.00,0,,4.0,50.0,50.0
2025-10-11T15:09:32.572838,306.584,0.00,0.00,0.00,0.00,0.00,0.00,0.00,0,,4.0,50.0,50.0
2025-10-11T15:09:32.575658,306.586,0.00,0.00,0.00,0.00,0.00,0.00,0.00,0,,4.0,40.0,50.0
2025-10-11T15:09:32.578721,306.590,0.00,0.00,0.00,0.00,0.00,0.00,0.00,0,,4.0,40.0,50.0
2025-10-11T15:09:32.582080,306.593,0.00,0.00,0.00,0.00,0.00,0.00,0.00,0,,4.0,40.0,40.0
2025-10-11T15:09:32.585542,306.596,0.00,0.00,0.00,0.00,0.00,0.00,0.00,0,,4.0,40.0,40.0
2025-10-11T15:09:34.859523,308.870,0.00,0.00,0.00,0.00,0.00,0.00,0.00,0,,3.0,40.0,40.0
2025-10-11T15:09:34.861833,308.873,0.00,0.00,0.00,0.00,0.00,0.00,0.00,0,,3.0,40.0,40.0
2025-10-11T15:09:34.864057,308.875,0.00,0.00,0.00,0.00,0.00,0.00,0.00,0,,3.0,30.0,40.0
2025-10-11T15:09:34.866713,308.878,0.00,0.00,0.00,0.00,0.00,0.00,0.00,0,,3.0,30.0,40.0
2025-10-11T15:09:34.869644,308.880,0.00,0.00,0.00,0.00,0.00,0.00,0.00,0,,3.0,30.0,30.0
2025-10-11T15:09:34.872615,308.883,0.00,0.00,0.00,0.00,0.00,0.00,0.00,0,,3.0,30.0,30.0
2025-10-11T15:09:37.212639,311.223,0.00,0.00,0.00,0.00,0.00,0.00,0.00,0,,2.0,30.0,30.0
2025-10-11T15:09:37.215322,311.226,0.00,0.00,0.00,0.00,0.00,0.00,0.00,0,,2.0,30.0,30.0
2025-10-11T15:09:37.217889,311.229,0.00,0.00,0.00,0.00,0.00,0.00,0.00,0,,2.0,20.0,30.0
2025-10-11T15:09:37.220996,311.232,0.00,0.00,0.00,0.00,0.00,0.00,0.00,0,,2.0,20.0,30.0
2025-10-11T15:09:37.224157,311.235,0.00,0.00,0.00,0.00,0.00,0.00,0.00,0,,2.0,20.0,20.0
2025-10-11T15:09:37.226967,311.238,0.00,0.00,0.00,0.00,0.00,0.00,0.00,0,,2.0,20.0,20.0
2025-10-11T15:09:39.496509,313.507,0.00,0.00,0.00,0.00,0.00,0.00,0.00,0,,1.0,20.0,20.0
2025-10-11T15:09:39.499485,313.510,0.00,0.00,0.00,0.00,0.00,0.00,0.00,0,,1.0,20.0,20.0
2025-10-11T15:09:39.502250,313.513,0.00,0.00,0.00,0.00,0.00,0.00,0.00,0,,1.0,10.0,20.0
2025-10-11T15:09:39.505355,313.516,0.00,0.00,0.00,0.00,0.00,0.00,0.00,0,,1.0,10.0,20.0
2025-10-11T15:09:39.508409,313.519,0.00,0.00,0.00,0.00,0.00,0.00,0.00,0,,1.0,10.0,10.0
2025-10-11T15:09:39.511375,313.522,0.00,0.00,0.00,0.00,0.00,0.00,0.00,0,,1.0,10.0,10.0
2025-10-11T15:09:41.811647,315.822,0.00,0.00,0.00,0.00,0.00,0.00,0.00,0,,2.0,10.0,10.0
2025-10-11T15:09:41.814202,315.825,0.00,0.00,0.00,0.00,0.00,0.00,0.00,0,,2.0,10.0,10.0
2025-10-11T15:09:41.817064,315.828,0.00,0.00,0.00,0.00,0.00,0.00,0.00,0,,2.0,20.0,10.0
2025-10-11T15:09:41.820469,315.831,0.00,0.00,0.00,0.00,0.00,0.00,0.00,0,,2.0,20.0,10.0
2025-10-11T15:09:41.823784,315.835,0.00,0.00,0.00,0.00,0.00,0.00,0.00,0,,2.0,20.0,20.0
2025-10-11T15:09:41.827170,315.838,0.00,0.00,0.00,0.00,0.00,0.00,0.00,0,,2.0,20.0,20.0
2025-10-11T15:09:44.098755,318.110,0.00,0.00,0.00,0.00,0.00,0.00,0.00,0,,3.0,20.0,20.0
2025-10-11T15:09:44.101594,318.112,0.00,0.00,0.00,0.00,0.00,0.00,0.00,0,,3.0,20.0,20.0
2025-10-11T15:09:44.104480,318.115,0.00,0.00,0.00,0.00,0.00,0.00,0.00,0,,3.0,30.0,20.0
2025-10-11T15:09:44.108081,318.119,0.00,0.00,0.00,0.00,0.00,0.00,0.00,0,,3.0,30.0,20.0
2025-10-11T15:09:44.111165,318.122,0.00,0.00,0.00,0.00,0.00,0.00,0.00,0,,3.0,30.0,30.0
2025-10-11T15:09:44.113787,318.125,0.00,0.00,0.00,0.00,0.00,0.00,0.00,0,,3.0,30.0,30.0
2025-10-11T15:09:46.462825,320.474,0.00,0.00,0.00,0.00,0.00,0.00,0.00,0,,4.0,30.0,30.0
2025-10-11T15:09:46.465283,320.476,0.00,0.00,0.00,0.00,0.00,0.00,0.00,0,,4.0,30.0,30.0
2025-10-11T15:09:46.468753,320.480,0.00,0.00,0.00,0.00,0.00,0.00,0.00,0,,4.0,40.0,30.0
2025-10-11T15:09:46.471648,320.482,0.00,0.00,0.00,0.00,0.00,0.00,0.00,0,,4.0,40.0,30.0
2025-10-11T15:09:46.474171,320.485,0.00,0.00,0.00,0.00,0.00,0.00,0.00,0,,4.0,40.0,40.0
2025-10-11T15:09:46.477219,320.488,0.00,0.00,0.00,0.00,0.00,0.00,0.00,0,,4.0,40.0,40.0
2025-10-11T15:09:48.919097,322.930,0.00,0.00,0.00,0.00,0.00,0.00,0.00,0,,5.0,40.0,40.0
2025-10-11T15:09:48.921587,322.932,0.00,0.00,0.00,0.00,0.00,0.00,0.00,0,,5.0,40.0,40.0
2025-10-11T15:09:48.924135,322.935,0.00,0.00,0.00,0.00,0.00,0.00,0.00,0,,5.0,50.0,40.0
2025-10-11T15:09:48.927273,322.938,0.00,0.00,0.00,0.00,0.00,0.00,0.00,0,,5.0,50.0,40.0
2025-10-11T15:09:48.929964,322.941,0.00,0.00,0.00,0.00,0.00,0.00,0.00,0,,5.0,50.0,50.0
2025-10-11T15:09:48.933464,322.944,0.00,0.00,0.00,0.00,0.00,0.00,0.00,0,,5.0,50.0,50.0
2025-10-11T15:09:50.989590,325.000,0.00,0.00,0.00,0.00,0.00,0.00,0.00,0,,6.0,50.0,50.0
2025-10-11T15:09:50.992445,325.003,0.00,0.00,0.00,0.00,0.00,0.00,0.00,0,,6.0,50.0,50.0
2025-10-11T15:09:50.995319,325.006,0.00,0.00,0.00,0.00,0.00,0.00,0.00,0,,6.0,60.0,50.0
2025-10-11T15:09:50.998255,325.009,0.00,0.00,0.00,0.00,0.00,0.00,0.00,0,,6.0,60.0,50.0
2025-10-11T15:09:51.448652,325.459,0.00,0.00,0.00,0.00,0.00,0.00,0.00,0,,6.0,60.0,60.0
2025-10-11T15:09:51.450942,325.462,0.00,0.00,0.00,0.00,0.00,0.00,0.00,0,,6.0,60.0,60.0
2025-10-11T15:09:53.123894,327.135,0.00,0.00,0.00,0.00,0.00,0.00,0.00,0,,7.0,60.0,60.0
2025-10-11T15:09:53.126843,327.138,0.00,0.00,0.00,0.00,0.00,0.00,0.00,0,,7.0,60.0,60.0
2025-10-11T15:09:53.627366,327.638,0.00,0.00,0.00,0.00,0.00,0.00,0.00,0,,7.0,70.0,60.0
2025-10-11T15:09:53.630016,327.641,0.00,0.00,0.00,0.00,0.00,0.00,0.00,0,,7.0,70.0,60.0
2025-10-11T15:09:53.633169,327.644,0.00,0.00,0.00,0.00,0.00,0.00,0.00,0,,7.0,70.0,70.0
2025-10-11T15:09:53.636539,327.647,0.00,0.00,0.00,0.00,0.00,0.00,0.00,0,,7.0,70.0,70.0
2025-10-11T15:09:55.584724,329.596,0.00,0.00,0.00,0.00,0.00,0.00,0.00,0,,8.0,70.0,70.0
2025-10-11T15:09:55.587302,329.598,0.00,0.00,0.00,0.00,0.00,0.00,0.00,0,,8.0,70.0,70.0
2025-10-11T15:09:55.589778,329.601,0.00,0.00,0.00,0.00,0.00,0.00,0.00,0,,8.0,80.0,70.0
2025-10-11T15:09:55.592946,329.604,0.00,0.00,0.00,0.00,0.00,0.00,0.00,0,,8.0,80.0,70.0
2025-10-11T15:09:56.096984,330.108,0.00,0.00,0.00,0.00,0.00,0.00,0.00,0,,8.0,80.0,80.0
2025-10-11T15:09:56.099581,330.110,0.00,0.00,0.00,0.00,0.00,0.00,0.00,0,,8.0,80.0,80.0
2025-10-11T15:09:58.122727,332.134,0.00,0.00,0.00,0.00,0.00,0.00,0.00,0,,9.0,80.0,80.0
2025-10-11T15:09:58.125750,332.137,0.00,0.00,0.00,0.00,0.00,0.00,0.00,0,,9.0,80.0,80.0
2025-10-11T15:09:58.130377,332.141,0.00,0.00,0.00,0.00,0.00,0.00,0.00,0,,9.0,90.0,80.0
2025-10-11T15:09:58.134129,332.145,0.00,0.00,0.00,0.00,0.00,0.00,0.00,0,,9.0,90.0,80.0
2025-10-11T15:09:58.137615,332.148,0.00,0.00,0.00,0.00,0.00,0.00,0.00,0,,9.0,90.0,90.0
2025-10-11T15:09:58.140885,332.152,0.00,0.00,0.00,0.00,0.00,0.00,0.00,0,,9.0,90.0,90.0
2025-10-11T15:10:00.821200,334.832,0.00,0.00,0.00,0.00,0.00,0.00,0.00,0,,8.0,90.0,90.0
2025-10-11T15:10:00.824227,334.835,0.00,0.00,0.00,0.00,0.00,0.00,0.00,0,,8.0,90.0,90.0
2025-10-11T15:10:00.827540,334.838,0.00,0.00,0.00,0.00,0.00,0.00,0.00,0,,8.0,80.0,90.0
2025-10-11T15:10:00.830762,334.842,0.00,0.00,0.00,0.00,0.00,0.00,0.00,0,,8.0,80.0,90.0
2025-10-11T15:10:00.834227,334.845,0.00,0.00,0.00,0.00,0.00,0.00,0.00,0,,8.0,80.0,80.0
2025-10-11T15:10:00.836879,334.848,0.00,0.00,0.00,0.00,0.00,0.00,0.00,0,,8.0,80.0,80.0
2025-10-11T15:10:02.591362,336.602,0.00,0.00,0.00,0.00,0.00,0.00,0.00,0,,7.0,80.0,80.0
2025-10-11T15:10:02.594032,336.605,0.00,0.00,0.00,0.00,0.00,0.00,0.00,0,,7.0,80.0,80.0
2025-10-11T15:10:02.597428,336.608,0.00,0.00,0.00,0.00,0.00,0.00,0.00,0,,7.0,70.0,80.0
2025-10-11T15:10:02.601065,336.612,0.00,0.00,0.00,0.00,0.00,0.00,0.00,0,,7.0,70.0,80.0
2025-10-11T15:10:02.604636,336.615,0.00,0.00,0.00,0.00,0.00,0.00,0.00,0,,7.0,70.0,70.0
2025-10-11T15:10:02.607481,336.618,0.00,0.00,0.00,0.00,0.00,0.00,0.00,0,,7.0,70.0,70.0
2025-10-11T15:10:05.257837,339.269,0.00,0.00,0.00,0.00,0.00,0.00,0.00,0,,6.0,70.0,70.0
2025-10-11T15:10:05.261261,339.272,0.00,0.00,0.00,0.00,0.00,0.00,0.00,0,,6.0,70.0,70.0
2025-10-11T15:10:05.264883,339.276,0.00,0.00,0.00,0.00,0.00,0.00,0.00,0,,6.0,60.0,70.0
2025-10-11T15:10:05.268187,339.279,0.00,0.00,0.00,0.00,0.00,0.00,0.00,0,,6.0,60.0,70.0
2025-10-11T15:10:05.271160,339.282,0.00,0.00,0.00,0.00,0.00,0.00,0.00,0,,6.0,60.0,60.0
2025-10-11T15:10:05.274559,339.285,0.00,0.00,0.00,0.00,0.00,0.00,0.00,0,,6.0,60.0,60.0
2025-10-11T15:10:07.045740,341.057,0.00,0.00,0.00,0.00,0.00,0.00,0.00,0,,5.0,60.0,60.0
2025-10-11T15:10:07.049366,341.060,0.00,0.00,0.00,0.00,0.00,0.00,0.00,0,,5.0,60.0,60.0
2025-10-11T15:10:07.961614,341.972,0.00,0.00,0.00,0.00,0.00,0.00,0.00,0,,5.0,50.0,60.0
2025-10-11T15:10:07.964351,341.975,0.00,0.00,0.00,0.00,0.00,0.00,0.00,0,,5.0,50.0,60.0
2025-10-11T15:10:07.967751,341.979,0.00,0.00,0.00,0.00,0.00,0.00,0.00,0,,5.0,50.0,50.0
2025-10-11T15:10:07.970960,341.982,0.00,0.00,0.00,0.00,0.00,0.00,0.00,0,,5.0,50.0,50.0
2025-10-11T15:10:09.712798,343.724,0.00,0.00,0.00,0.00,0.00,0.00,0.00,0,,4.0,50.0,50.0
2025-10-11T15:10:09.715759,343.727,0.00,0.00,0.00,0.00,0.00,0.00,0.00,0,,4.0,50.0,50.0
2025-10-11T15:10:09.720153,343.731,0.00,0.00,0.00,0.00,0.00,0.00,0.00,0,,4.0,40.0,50.0
2025-10-11T15:10:09.722945,343.734,0.00,0.00,0.00,0.00,0.00,0.00,0.00,0,,4.0,40.0,50.0
2025-10-11T15:10:09.726538,343.737,0.00,0.00,0.00,0.00,0.00,0.00,0.00,0,,4.0,40.0,40.0
2025-10-11T15:10:09.730478,343.741,0.00,0.00,0.00,0.00,0.00,0.00,0.00,0,,4.0,40.0,40.0
2025-10-11T15:10:12.323538,346.334,0.00,0.00,0.00,0.00,0.00,0.00,0.00,0,,3.0,40.0,40.0
2025-10-11T15:10:12.326443,346.337,0.00,0.00,0.00,0.00,0.00,0.00,0.00,0,,3.0,40.0,40.0
2025-10-11T15:10:12.330394,346.341,0.00,0.00,0.00,0.00,0.00,0.00,0.00,0,,3.0,30.0,40.0
2025-10-11T15:10:12.333585,346.344,0.00,0.00,0.00,0.00,0.00,0.00,0.00,0,,3.0,30.0,40.0
2025-10-11T15:10:12.337506,346.348,0.00,0.00,0.00,0.00,0.00,0.00,0.00,0,,3.0,30.0,30.0
2025-10-11T15:10:12.340482,346.351,0.00,0.00,0.00,0.00,0.00,0.00,0.00,0,,3.0,30.0,30.0
2025-10-11T15:10:14.128651,348.139,0.00,0.00,0.00,0.00,0.00,0.00,0.00,0,,2.0,30.0,30.0
2025-10-11T15:10:14.131396,348.142,0.00,0.00,0.00,0.00,0.00,0.00,0.00,0,,2.0,30.0,30.0
2025-10-11T15:10:14.134100,348.145,0.00,0.00,0.00,0.00,0.00,0.00,0.00,0,,2.0,20.0,30.0
2025-10-11T15:10:14.137358,348.148,0.00,0.00,0.00,0.00,0.00,0.00,0.00,0,,2.0,20.0,30.0
2025-10-11T15:10:14.140555,348.151,0.00,0.00,0.00,0.00,0.00,0.00,0.00,0,,2.0,20.0,20.0
2025-10-11T15:10:14.143494,348.154,0.00,0.00,0.00,0.00,0.00,0.00,0.00,0,,2.0,20.0,20.0
2025-10-11T15:10:16.737064,350.748,0.00,0.00,0.00,0.00,0.00,0.00,0.00,0,,1.0,20.0,20.0
2025-10-11T15:10:16.739707,350.751,0.00,0.00,0.00,0.00,0.00,0.00,0.00,0,,1.0,20.0,20.0
2025-10-11T15:10:16.742803,350.754,0.00,0.00,0.00,0.00,0.00,0.00,0.00,0,,1.0,10.0,20.0
2025-10-11T15:10:16.745896,350.757,0.00,0.00,0.00,0.00,0.00,0.00,0.00,0,,1.0,10.0,20.0
2025-10-11T15:10:16.748347,350.759,0.00,0.00,0.00,0.00,0.00,0.00,0.00,0,,1.0,10.0,10.0
2025-10-11T15:10:16.751566,350.762,0.00,0.00,0.00,0.00,0.00,0.00,0.00,0,,1.0,10.0,10.0
2025-10-11T15:10:19.301778,353.313,0.00,0.00,0.00,0.00,0.00,0.00,0.00,0,,2.0,10.0,10.0
2025-10-11T15:10:19.304453,353.315,0.00,0.00,0.00,0.00,0.00,0.00,0.00,0,,2.0,10.0,10.0
2025-10-11T15:10:19.307204,353.318,0.00,0.00,0.00,0.00,0.00,0.00,0.00,0,,2.0,20.0,10.0
2025-10-11T15:10:19.310262,353.321,0.00,0.00,0.00,0.00,0.00,0.00,0.00,0,,2.0,20.0,10.0
2025-10-11T15:10:19.312876,353.324,0.00,0.00,0.00,0.00,0.00,0.00,0.00,0,,2.0,20.0,20.0
2025-10-11T15:10:19.316985,353.328,0.00,0.00,0.00,0.00,0.00,0.00,0.00,0,,2.0,20.0,20.0
2025-10-11T15:10:21.134275,355.145,0.00,0.00,0.00,0.00,0.00,0.00,0.00,0,,3.0,20.0,20.0
2025-10-11T15:10:21.137009,355.148,0.00,0.00,0.00,0.00,0.00,0.00,0.00,0,,3.0,20.0,20.0
2025-10-11T15:10:21.139669,355.151,0.00,0.00,0.00,0.00,0.00,0.00,0.00,0,,3.0,30.0,20.0
2025-10-11T15:10:21.143319,355.154,0.00,0.00,0.00,0.00,0.00,0.00,0.00,0,,3.0,30.0,20.0
2025-10-11T15:10:21.155095,355.166,0.00,0.00,0.00,0.00,0.00,0.00,0.00,0,,3.0,30.0,30.0
2025-10-11T15:10:21.210152,355.221,0.00,0.00,0.00,0.00,0.00,0.00,0.00,0,,3.0,30.0,30.0
2025-10-11T15:10:23.744491,357.755,0.00,0.00,0.00,0.00,0.00,0.00,0.00,0,,4.0,30.0,30.0
2025-10-11T15:10:23.747383,357.758,0.00,0.00,0.00,0.00,0.00,0.00,0.00,0,,4.0,30.0,30.0
2025-10-11T15:10:23.751024,357.762,0.00,0.00,0.00,0.00,0.00,0.00,0.00,0,,4.0,40.0,30.0
2025-10-11T15:10:23.753967,357.765,0.00,0.00,0.00,0.00,0.00,0.00,0.00,0,,4.0,40.0,30.0
2025-10-11T15:10:23.758235,357.769,0.00,0.00,0.00,0.00,0.00,0.00,0.00,0,,4.0,40.0,40.0
2025-10-11T15:10:23.761224,357.772,0.00,0.00,0.00,0.00,0.00,0.00,0.00,0,,4.0,40.0,40.0
2025-10-11T15:10:25.484803,359.496,0.00,0.00,0.00,0.00,0.00,0.00,0.00,0,,5.0,40.0,40.0
2025-10-11T15:10:25.487574,359.498,0.00,0.00,0.00,0.00,0.00,0.00,0.00,0,,5.0,40.0,40.0
2025-10-11T15:10:26.370023,360.381,0.00,0.00,0.00,0.00,0.00,0.00,0.00,0,,5.0,50.0,40.0
2025-10-11T15:10:26.373150,360.384,0.00,0.00,0.00,0.00,0.00,0.00,0.00,0,,5.0,50.0,40.0
2025-10-11T15:10:26.376211,360.387,0.00,0.00,0.00,0.00,0.00,0.00,0.00,0,,5.0,50.0,50.0
2025-10-11T15:10:26.379004,360.390,0.00,0.00,0.00,0.00,0.00,0.00,0.00,0,,5.0,50.0,50.0
2025-10-11T15:10:28.196184,362.207,0.00,0.00,0.00,0.00,0.00,0.00,0.00,0,,6.0,50.0,50.0
2025-10-11T15:10:28.198916,362.210,0.00,0.00,0.00,0.00,0.00,0.00,0.00,0,,6.0,50.0,50.0
2025-10-11T15:10:28.201824,362.213,0.00,0.00,0.00,0.00,0.00,0.00,0.00,0,,6.0,60.0,50.0
2025-10-11T15:10:28.205554,362.216,0.00,0.00,0.00,0.00,0.00,0.00,0.00,0,,6.0,60.0,50.0
2025-10-11T15:10:28.208348,362.219,0.00,0.00,0.00,0.00,0.00,0.00,0.00,0,,6.0,60.0,60.0
2025-10-11T15:10:28.211491,362.222,0.00,0.00,0.00,0.00,0.00,0.00,0.00,0,,6.0,60.0,60.0
2025-10-11T15:10:30.872031,364.883,0.00,0.00,0.00,0.00,0.00,0.00,0.00,0,,7.0,60.0,60.0
2025-10-11T15:10:30.874889,364.886,0.00,0.00,0.00,0.00,0.00,0.00,0.00,0,,7.0,60.0,60.0
2025-10-11T15:10:30.878232,364.889,0.00,0.00,0.00,0.00,0.00,0.00,0.00,0,,7.0,70.0,60.0
2025-10-11T15:10:30.880978,364.892,0.00,0.00,0.00,0.00,0.00,0.00,0.00,0,,7.0,70.0,60.0
2025-10-11T15:10:30.884739,364.896,0.00,0.00,0.00,0.00,0.00,0.00,0.00,0,,7.0,70.0,70.0
2025-10-11T15:10:30.887638,364.898,0.00,0.00,0.00,0.00,0.00,0.00,0.00,0,,7.0,70.0,70.0
2025-10-11T15:10:32.923581,366.934,0.00,0.00,0.00,0.00,0.00,0.00,0.00,0,,8.0,70.0,70.0
2025-10-11T15:10:32.927551,366.938,0.00,0.00,0.00,0.00,0.00,0.00,0.00,0,,8.0,70.0,70.0
2025-10-11T15:10:32.931055,366.942,0.00,0.00,0.00,0.00,0.00,0.00,0.00,0,,8.0,80.0,70.0
2025-10-11T15:10:32.935170,366.946,0.00,0.00,0.00,0.00,0.00,0.00,0.00,0,,8.0,80.0,70.0
2025-10-11T15:10:32.939432,366.950,0.00,0.00,0.00,0.00,0.00,0.00,0.00,0,,8.0,80.0,80.0
2025-10-11T15:10:32.943171,366.954,0.00,0.00,0.00,0.00,0.00,0.00,0.00,0,,8.0,80.0,80.0
2025-10-11T15:10:34.718000,368.729,0.00,0.00,0.00,0.00,0.00,0.00,0.00,0,,9.0,80.0,80.0
2025-10-11T15:10:34.721916,368.733,0.00,0.00,0.00,0.00,0.00,0.00,0.00,0,,9.0,80.0,80.0
2025-10-11T15:10:35.806430,369.817,0.00,0.00,0.00,0.00,0.00,0.00,0.00,0,,9.0,90.0,80.0
2025-10-11T15:10:35.809472,369.820,0.00,0.00,0.00,0.00,0.00,0.00,0.00,0,,9.0,90.0,80.0
2025-10-11T15:10:35.813176,369.824,0.00,0.00,0.00,0.00,0.00,0.00,0.00,0,,9.0,90.0,90.0
2025-10-11T15:10:35.817051,369.828,0.00,0.00,0.00,0.00,0.00,0.00,0.00,0,,9.0,90.0,90.0
2025-10-11T15:10:37.671541,371.682,0.00,0.00,0.00,0.00,0.00,0.00,0.00,0,,8.0,90.0,90.0
2025-10-11T15:10:37.674535,371.685,0.00,0.00,0.00,0.00,0.00,0.00,0.00,0,,8.0,90.0,90.0
2025-10-11T15:10:37.678094,371.689,0.00,0.00,0.00,0.00,0.00,0.00,0.00,0,,8.0,80.0,90.0
2025-10-11T15:10:37.681544,371.692,0.00,0.00,0.00,0.00,0.00,0.00,0.00,0,,8.0,80.0,90.0
2025-10-11T15:10:37.686135,371.697,0.00,0.00,0.00,0.00,0.00,0.00,0.00,0,,8.0,80.0,80.0
2025-10-11T15:10:37.690437,371.701,0.00,0.00,0.00,0.00,0.00,0.00,0.00,0,,8.0,80.0,80.0
2025-10-11T15:10:39.389546,373.400,0.00,0.00,0.00,0.00,0.00,0.00,0.00,0,,7.0,80.0,80.0
2025-10-11T15:10:39.392423,373.403,0.00,0.00,0.00,0.00,0.00,0.00,0.00,0,,7.0,80.0,80.0
2025-10-11T15:10:39.395788,373.407,0.00,0.00,0.00,0.00,0.00,0.00,0.00,0,,7.0,70.0,80.0
2025-10-11T15:10:39.400331,373.411,0.00,0.00,0.00,0.00,0.00,0.00,0.00,0,,7.0,70.0,80.0
2025-10-11T15:10:40.293323,374.304,0.00,0.00,0.00,0.00,0.00,0.00,0.00,0,,7.0,70.0,70.0
2025-10-11T15:10:40.296195,374.307,0.00,0.00,0.00,0.00,0.00,0.00,0.00,0,,7.0,70.0,70.0
2025-10-11T15:10:42.079653,376.090,0.00,0.00,0.00,0.00,0.00,0.00,0.00,0,,6.0,70.0,70.0
2025-10-11T15:10:42.082698,376.094,0.00,0.00,0.00,0.00,0.00,0.00,0.00,0,,6.0,70.0,70.0
2025-10-11T15:10:42.086443,376.097,0.00,0.00,0.00,0.00,0.00,0.00,0.00,0,,6.0,60.0,70.0
2025-10-11T15:10:42.089421,376.100,0.00,0.00,0.00,0.00,0.00,0.00,0.00,0,,6.0,60.0,70.0
2025-10-11T15:10:42.092653,376.103,0.00,0.00,0.00,0.00,0.00,0.00,0.00,0,,6.0,60.0,60.0
2025-10-11T15:10:42.095667,376.107,0.00,0.00,0.00,0.00,0.00,0.00,0.00,0,,6.0,60.0,60.0
2025-10-11T15:10:44.615808,378.627,0.00,0.00,0.00,0.00,0.00,0.00,0.00,0,,5.0,60.0,60.0
2025-10-11T15:10:44.619021,378.630,0.00,0.00,0.00,0.00,0.00,0.00,0.00,0,,5.0,60.0,60.0
2025-10-11T15:10:44.622307,378.633,0.00,0.00,0.00,0.00,0.00,0.00,0.00,0,,5.0,50.0,60.0
2025-10-11T15:10:44.625056,378.636,0.00,0.00,0.00,0.00,0.00,0.00,0.00,0,,5.0,50.0,60.0
2025-10-11T15:10:44.628314,378.639,0.00,0.00,0.00,0.00,0.00,0.00,0.00,0,,5.0,50.0,50.0
2025-10-11T15:10:44.644864,378.656,0.00,0.00,0.00,0.00,0.00,0.00,0.00,0,,5.0,50.0,50.0
2025-10-11T15:10:46.896075,380.907,0.00,0.00,0.00,0.00,0.00,0.00,0.00,0,,4.0,50.0,50.0
2025-10-11T15:10:46.905490,380.916,0.00,0.00,0.00,0.00,0.00,0.00,0.00,0,,4.0,50.0,50.0
2025-10-11T15:10:46.922304,380.933,0.00,0.00,0.00,0.00,0.00,0.00,0.00,0,,4.0,40.0,50.0
2025-10-11T15:10:46.926352,380.937,0.00,0.00,0.00,0.00,0.00,0.00,0.00,0,,4.0,40.0,50.0
2025-10-11T15:10:46.955815,380.967,0.00,0.00,0.00,0.00,0.00,0.00,0.00,0,,4.0,40.0,40.0
2025-10-11T15:10:46.960505,380.971,0.00,0.00,0.00,0.00,0.00,0.00,0.00,0,,4.0,40.0,40.0
2025-10-11T15:10:48.766532,382.777,0.00,0.00,0.00,0.00,0.00,0.00,0.00,0,,3.0,40.0,40.0
2025-10-11T15:10:48.769494,382.780,0.00,0.00,0.00,0.00,0.00,0.00,0.00,0,,3.0,40.0,40.0
2025-10-11T15:10:48.773802,382.785,0.00,0.00,0.00,0.00,0.00,0.00,0.00,0,,3.0,30.0,40.0
2025-10-11T15:10:48.776578,382.787,0.00,0.00,0.00,0.00,0.00,0.00,0.00,0,,3.0,30.0,40.0
2025-10-11T15:10:49.680142,383.691,0.00,0.00,0.00,0.00,0.00,0.00,0.00,0,,3.0,30.0,30.0
2025-10-11T15:10:49.682899,383.694,0.00,0.00,0.00,0.00,0.00,0.00,0.00,0,,3.0,30.0,30.0
2025-10-11T15:10:51.504102,385.515,0.00,0.00,0.00,0.00,0.00,0.00,0.00,0,,2.0,30.0,30.0
2025-10-11T15:10:51.507711,385.519,0.00,0.00,0.00,0.00,0.00,0.00,0.00,0,,2.0,30.0,30.0
2025-10-11T15:10:51.510830,385.522,0.00,0.00,0.00,0.00,0.00,0.00,0.00,0,,2.0,20.0,30.0
2025-10-11T15:10:51.514058,385.525,0.00,0.00,0.00,0.00,0.00,0.00,0.00,0,,2.0,20.0,30.0
2025-10-11T15:10:52.392763,386.404,0.00,0.00,0.00,0.00,0.00,0.00,0.00,0,,2.0,20.0,20.0
2025-10-11T15:10:52.395609,386.406,0.00,0.00,0.00,0.00,0.00,0.00,0.00,0,,2.0,20.0,20.0
2025-10-11T15:10:54.113079,388.124,0.00,0.00,0.00,0.00,0.00,0.00,0.00,0,,1.0,20.0,20.0
2025-10-11T15:10:54.115880,388.127,0.00,0.00,0.00,0.00,0.00,0.00,0.00,0,,1.0,20.0,20.0
2025-10-11T15:10:54.119229,388.130,0.00,0.00,0.00,0.00,0.00,0.00,0.00,0,,1.0,10.0,20.0
2025-10-11T15:10:54.122452,388.133,0.00,0.00,0.00,0.00,0.00,0.00,0.00,0,,1.0,10.0,20.0
2025-10-11T15:10:54.126888,388.138,0.00,0.00,0.00,0.00,0.00,0.00,0.00,0,,1.0,10.0,10.0
2025-10-11T15:10:54.129986,388.141,0.00,0.00,0.00,0.00,0.00,0.00,0.00,0,,1.0,10.0,10.0
2025-10-11T15:10:55.950808,389.962,0.00,0.00,0.00,0.00,0.00,0.00,0.00,0,,2.0,10.0,10.0
2025-10-11T15:10:55.953777,389.965,0.00,0.00,0.00,0.00,0.00,0.00,0.00,0,,2.0,10.0,10.0
2025-10-11T15:10:56.828772,390.840,0.00,0.00,0.00,0.00,0.00,0.00,0.00,0,,2.0,20.0,10.0
2025-10-11T15:10:56.831938,390.843,0.00,0.00,0.00,0.00,0.00,0.00,0.00,0,,2.0,20.0,10.0
2025-10-11T15:10:56.836120,390.847,0.00,0.00,0.00,0.00,0.00,0.00,0.00,0,,2.0,20.0,20.0
2025-10-11T15:10:56.839705,390.851,0.00,0.00,0.00,0.00,0.00,0.00,0.00,0,,2.0,20.0,20.0
2025-10-11T15:10:58.753948,392.765,0.00,0.00,0.00,0.00,0.00,0.00,0.00,0,,3.0,20.0,20.0
2025-10-11T15:10:58.757738,392.769,0.00,0.00,0.00,0.00,0.00,0.00,0.00,0,,3.0,20.0,20.0
2025-10-11T15:10:58.761456,392.772,0.00,0.00,0.00,0.00,0.00,0.00,0.00,0,,3.0,30.0,20.0
2025-10-11T15:10:58.768986,392.780,0.00,0.00,0.00,0.00,0.00,0.00,0.00,0,,3.0,30.0,20.0
2025-10-11T15:10:58.773083,392.784,0.00,0.00,0.00,0.00,0.00,0.00,0.00,0,,3.0,30.0,30.0
2025-10-11T15:10:58.776404,392.787,0.00,0.00,0.00,0.00,0.00,0.00,0.00,0,,3.0,30.0,30.0
2025-10-11T15:11:00.570903,394.582,0.00,0.00,0.00,0.00,0.00,0.00,0.00,0,,4.0,30.0,30.0
2025-10-11T15:11:00.573757,394.585,0.00,0.00,0.00,0.00,0.00,0.00,0.00,0,,4.0,30.0,30.0
2025-10-11T15:11:01.480435,395.491,0.00,0.00,0.00,0.00,0.00,0.00,0.00,0,,4.0,40.0,30.0
2025-10-11T15:11:01.484061,395.495,0.00,0.00,0.00,0.00,0.00,0.00,0.00,0,,4.0,40.0,30.0
2025-10-11T15:11:01.487766,395.499,0.00,0.00,0.00,0.00,0.00,0.00,0.00,0,,4.0,40.0,40.0
2025-10-11T15:11:01.490918,395.502,0.00,0.00,0.00,0.00,0.00,0.00,0.00,0,,4.0,40.0,40.0
2025-10-11T15:11:03.236485,397.247,0.00,0.00,0.00,0.00,0.00,0.00,0.00,0,,5.0,40.0,40.0
2025-10-11T15:11:03.239484,397.250,0.00,0.00,0.00,0.00,0.00,0.00,0.00,0,,5.0,40.0,40.0
2025-10-11T15:11:03.243390,397.254,0.00,0.00,0.00,0.00,0.00,0.00,0.00,0,,5.0,50.0,40.0
2025-10-11T15:11:03.246885,397.258,0.00,0.00,0.00,0.00,0.00,0.00,0.00,0,,5.0,50.0,40.0
2025-10-11T15:11:03.251005,397.262,0.00,0.00,0.00,0.00,0.00,0.00,0.00,0,,5.0,50.0,50.0
2025-10-11T15:11:03.253875,397.265,0.00,0.00,0.00,0.00,0.00,0.00,0.00,0,,5.0,50.0,50.0
2025-10-11T15:11:05.919618,399.930,0.00,0.00,0.00,0.00,0.00,0.00,0.00,0,,6.0,50.0,50.0
2025-10-11T15:11:05.922994,399.934,0.00,0.00,0.00,0.00,0.00,0.00,0.00,0,,6.0,50.0,50.0
2025-10-11T15:11:05.926391,399.937,0.00,0.00,0.00,0.00,0.00,0.00,0.00,0,,6.0,60.0,50.0
2025-10-11T15:11:05.929790,399.941,0.00,0.00,0.00,0.00,0.00,0.00,0.00,0,,6.0,60.0,50.0
2025-10-11T15:11:05.933277,399.944,0.00,0.00,0.00,0.00,0.00,0.00,0.00,0,,6.0,60.0,60.0
2025-10-11T15:11:05.936714,399.948,0.00,0.00,0.00,0.00,0.00,0.00,0.00,0,,6.0,60.0,60.0
2025-10-11T15:11:07.782384,401.793,0.00,0.00,0.00,0.00,0.00,0.00,0.00,0,,7.0,60.0,60.0
2025-10-11T15:11:07.785545,401.796,0.00,0.00,0.00,0.00,0.00,0.00,0.00,0,,7.0,60.0,60.0
2025-10-11T15:11:07.788205,401.799,0.00,0.00,0.00,0.00,0.00,0.00,0.00,0,,7.0,70.0,60.0
2025-10-11T15:11:07.791511,401.802,0.00,0.00,0.00,0.00,0.00,0.00,0.00,0,,7.0,70.0,60.0
2025-10-11T15:11:08.652314,402.663,0.00,0.00,0.00,0.00,0.00,0.00,0.00,0,,7.0,70.0,70.0
2025-10-11T15:11:08.654855,402.666,0.00,0.00,0.00,0.00,0.00,0.00,0.00,0,,7.0,70.0,70.0
2025-10-11T15:11:10.388714,404.400,0.00,0.00,0.00,0.00,0.00,0.00,0.00,0,,8.0,70.0,70.0
2025-10-11T15:11:10.391812,404.403,0.00,0.00,0.00,0.00,0.00,0.00,0.00,0,,8.0,70.0,70.0
2025-10-11T15:11:10.395178,404.406,0.00,0.00,0.00,0.00,0.00,0.00,0.00,0,,8.0,80.0,70.0
2025-10-11T15:11:10.398452,404.409,0.00,0.00,0.00,0.00,0.00,0.00,0.00,0,,8.0,80.0,70.0
2025-10-11T15:11:10.402452,404.413,0.00,0.00,0.00,0.00,0.00,0.00,0.00,0,,8.0,80.0,80.0
2025-10-11T15:11:10.405426,404.416,0.00,0.00,0.00,0.00,0.00,0.00,0.00,0,,8.0,80.0,80.0
2025-10-11T15:11:12.915831,406.927,0.00,0.00,0.00,0.00,0.00,0.00,0.00,0,,9.0,80.0,80.0
2025-10-11T15:11:12.918969,406.930,0.00,0.00,0.00,0.00,0.00,0.00,0.00,0,,9.0,80.0,80.0
2025-10-11T15:11:12.922137,406.933,0.00,0.00,0.00,0.00,0.00,0.00,0.00,0,,9.0,90.0,80.0
2025-10-11T15:11:12.925323,406.936,0.00,0.00,0.00,0.00,0.00,0.00,0.00,0,,9.0,90.0,80.0
2025-10-11T15:11:12.928986,406.940,0.00,0.00,0.00,0.00,0.00,0.00,0.00,0,,9.0,90.0,90.0
2025-10-11T15:11:12.932412,406.943,0.00,0.00,0.00,0.00,0.00,0.00,0.00,0,,9.0,90.0,90.0
2025-10-11T15:11:14.717588,408.728,0.00,0.00,0.00,0.00,0.00,0.00,0.00,0,,8.0,90.0,90.0
2025-10-11T15:11:14.720490,408.731,0.00,0.00,0.00,0.00,0.00,0.00,0.00,0,,8.0,90.0,90.0
2025-10-11T15:11:14.723744,408.735,0.00,0.00,0.00,0.00,0.00,0.00,0.00,0,,8.0,80.0,90.0
2025-10-11T15:11:14.727010,408.738,0.00,0.00,0.00,0.00,0.00,0.00,0.00,0,,8.0,80.0,90.0
2025-10-11T15:11:14.730744,408.742,0.00,0.00,0.00,0.00,0.00,0.00,0.00,0,,8.0,80.0,80.0
2025-10-11T15:11:14.733916,408.745,0.00,0.00,0.00,0.00,0.00,0.00,0.00,0,,8.0,80.0,80.0
2025-10-11T15:11:17.474117,411.485,0.00,0.00,0.00,0.00,0.00,0.00,0.00,0,,7.0,80.0,80.0
2025-10-11T15:11:17.477093,411.488,0.00,0.00,0.00,0.00,0.00,0.00,0.00,0,,7.0,80.0,80.0
2025-10-11T15:11:17.480745,411.492,0.00,0.00,0.00,0.00,0.00,0.00,0.00,0,,7.0,70.0,80.0
2025-10-11T15:11:17.484176,411.495,0.00,0.00,0.00,0.00,0.00,0.00,0.00,0,,7.0,70.0,80.0
2025-10-11T15:11:17.487437,411.498,0.00,0.00,0.00,0.00,0.00,0.00,0.00,0,,7.0,70.0,70.0
2025-10-11T15:11:17.490660,411.502,0.00,0.00,0.00,0.00,0.00,0.00,0.00,0,,7.0,70.0,70.0
2025-10-11T15:11:19.284811,413.296,0.00,0.00,0.00,0.00,0.00,0.00,0.00,0,,6.0,70.0,70.0
2025-10-11T15:11:19.288371,413.299,0.00,0.00,0.00,0.00,0.00,0.00,0.00,0,,6.0,70.0,70.0
2025-10-11T15:11:19.291626,413.302,0.00,0.00,0.00,0.00,0.00,0.00,0.00,0,,6.0,60.0,70.0
2025-10-11T15:11:19.294648,413.305,0.00,0.00,0.00,0.00,0.00,0.00,0.00,0,,6.0,60.0,70.0
2025-10-11T15:11:19.298110,413.309,0.00,0.00,0.00,0.00,0.00,0.00,0.00,0,,6.0,60.0,60.0
2025-10-11T15:11:19.301724,413.313,0.00,0.00,0.00,0.00,0.00,0.00,0.00,0,,6.0,60.0,60.0
2025-10-11T15:11:22.046978,416.058,0.00,0.00,0.00,0.00,0.00,0.00,0.00,0,,5.0,60.0,60.0
2025-10-11T15:11:22.050089,416.061,0.00,0.00,0.00,0.00,0.00,0.00,0.00,0,,5.0,60.0,60.0
2025-10-11T15:11:22.053677,416.065,0.00,0.00,0.00,0.00,0.00,0.00,0.00,0,,5.0,50.0,60.0
2025-10-11T15:11:22.056501,416.067,0.00,0.00,0.00,0.00,0.00,0.00,0.00,0,,5.0,50.0,60.0
2025-10-11T15:11:22.059665,416.071,0.00,0.00,0.00,0.00,0.00,0.00,0.00,0,,5.0,50.0,50.0
2025-10-11T15:11:22.062863,416.074,0.00,0.00,0.00,0.00,0.00,0.00,0.00,0,,5.0,50.0,50.0
2025-10-11T15:11:23.806882,417.818,0.00,0.00,0.00,0.00,0.00,0.00,0.00,0,,4.0,50.0,50.0
2025-10-11T15:11:23.810419,417.821,0.00,0.00,0.00,0.00,0.00,0.00,0.00,0,,4.0,50.0,50.0
2025-10-11T15:11:23.815671,417.827,0.00,0.00,0.00,0.00,0.00,0.00,0.00,0,,4.0,40.0,50.0
2025-10-11T15:11:23.821746,417.833,0.00,0.00,0.00,0.00,0.00,0.00,0.00,0,,4.0,40.0,50.0
2025-10-11T15:11:24.695255,418.706,0.00,0.00,0.00,0.00,0.00,0.00,0.00,0,,4.0,40.0,40.0
2025-10-11T15:11:24.698144,418.709,0.00,0.00,0.00,0.00,0.00,0.00,0.00,0,,4.0,40.0,40.0
2025-10-11T15:11:26.475385,420.486,0.00,0.00,0.00,0.00,0.00,0.00,0.00,0,,3.0,40.0,40.0
2025-10-11T15:11:26.478056,420.489,0.00,0.00,0.00,0.00,0.00,0.00,0.00,0,,3.0,40.0,40.0
2025-10-11T15:11:26.481520,420.492,0.00,0.00,0.00,0.00,0.00,0.00,0.00,0,,3.0,30.0,40.0
2025-10-11T15:11:26.485414,420.496,0.00,0.00,0.00,0.00,0.00,0.00,0.00,0,,3.0,30.0,40.0
2025-10-11T15:11:26.490623,420.501,0.00,0.00,0.00,0.00,0.00,0.00,0.00,0,,3.0,30.0,30.0
2025-10-11T15:11:26.494443,420.505,0.00,0.00,0.00,0.00,0.00,0.00,0.00,0,,3.0,30.0,30.0
2025-10-11T15:11:29.131757,423.143,0.00,0.00,0.00,0.00,0.00,0.00,0.00,0,,2.0,30.0,30.0
2025-10-11T15:11:29.135487,423.146,0.00,0.00,0.00,0.00,0.00,0.00,0.00,0,,2.0,30.0,30.0
2025-10-11T15:11:29.138736,423.150,0.00,0.00,0.00,0.00,0.00,0.00,0.00,0,,2.0,20.0,30.0
2025-10-11T15:11:29.141802,423.153,0.00,0.00,0.00,0.00,0.00,0.00,0.00,0,,2.0,20.0,30.0
2025-10-11T15:11:29.145221,423.156,0.00,0.00,0.00,0.00,0.00,0.00,0.00,0,,2.0,20.0,20.0
2025-10-11T15:11:29.147931,423.159,0.00,0.00,0.00,0.00,0.00,0.00,0.00,0,,2.0,20.0,20.0
2025-10-11T15:11:30.964860,424.976,0.00,0.00,0.00,0.00,0.00,0.00,0.00,0,,1.0,20.0,20.0
2025-10-11T15:11:30.968174,424.979,0.00,0.00,0.00,0.00,0.00,0.00,0.00,0,,1.0,20.0,20.0
2025-10-11T15:11:30.971988,424.983,0.00,0.00,0.00,0.00,0.00,0.00,0.00,0,,1.0,10.0,20.0
2025-10-11T15:11:30.975073,424.986,0.00,0.00,0.00,0.00,0.00,0.00,0.00,0,,1.0,10.0,20.0
2025-10-11T15:11:31.876231,425.887,0.00,0.00,0.00,0.00,0.00,0.00,0.00,0,,1.0,10.0,10.0
2025-10-11T15:11:31.879559,425.890,0.00,0.00,0.00,0.00,0.00,0.00,0.00,0,,1.0,10.0,10.0
2025-10-11T15:11:33.589620,427.600,0.00,0.00,0.00,0.00,0.00,0.00,0.00,0,,2.0,10.0,10.0
2025-10-11T15:11:33.592332,427.603,0.00,0.00,0.00,0.00,0.00,0.00,0.00,0,,2.0,10.0,10.0
2025-10-11T15:11:33.595698,427.607,0.00,0.00,0.00,0.00,0.00,0.00,0.00,0,,2.0,20.0,10.0
2025-10-11T15:11:33.599246,427.610,0.00,0.00,0.00,0.00,0.00,0.00,0.00,0,,2.0,20.0,10.0
2025-10-11T15:11:33.602278,427.613,0.00,0.00,0.00,0.00,0.00,0.00,0.00,0,,2.0,20.0,20.0
2025-10-11T15:11:33.605376,427.616,0.00,0.00,0.00,0.00,0.00,0.00,0.00,0,,2.0,20.0,20.0
2025-10-11T15:11:36.273089,430.284,0.00,0.00,0.00,0.00,0.00,0.00,0.00,0,,3.0,20.0,20.0
2025-10-11T15:11:36.276481,430.287,0.00,0.00,0.00,0.00,0.00,0.00,0.00,0,,3.0,20.0,20.0
2025-10-11T15:11:36.280260,430.291,0.00,0.00,0.00,0.00,0.00,0.00,0.00,0,,3.0,30.0,20.0
2025-10-11T15:11:36.286773,430.298,0.00,0.00,0.00,0.00,0.00,0.00,0.00,0,,3.0,30.0,20.0
2025-10-11T15:11:36.290613,430.301,0.00,0.00,0.00,0.00,0.00,0.00,0.00,0,,3.0,30.0,30.0
2025-10-11T15:11:36.294771,430.306,0.00,0.00,0.00,0.00,0.00,0.00,0.00,0,,3.0,30.0,30.0
2025-10-11T15:11:38.211695,432.223,0.00,0.00,0.00,0.00,0.00,0.00,0.00,0,,4.0,30.0,30.0
2025-10-11T15:11:38.215712,432.227,0.00,0.00,0.00,0.00,0.00,0.00,0.00,0,,4.0,30.0,30.0
2025-10-11T15:11:38.220067,432.231,0.00,0.00,0.00,0.00,0.00,0.00,0.00,0,,4.0,40.0,30.0
2025-10-11T15:11:38.224822,432.236,0.00,0.00,0.00,0.00,0.00,0.00,0.00,0,,4.0,40.0,30.0
2025-10-11T15:11:38.228752,432.240,0.00,0.00,0.00,0.00,0.00,0.00,0.00,0,,4.0,40.0,40.0
2025-10-11T15:11:38.232841,432.244,0.00,0.00,0.00,0.00,0.00,0.00,0.00,0,,4.0,40.0,40.0
2025-10-11T15:11:40.070409,434.081,0.00,0.00,0.00,0.00,0.00,0.00,0.00,0,,5.0,40.0,40.0
2025-10-11T15:11:40.074116,434.085,0.00,0.00,0.00,0.00,0.00,0.00,0.00,0,,5.0,40.0,40.0
2025-10-11T15:11:40.078234,434.089,0.00,0.00,0.00,0.00,0.00,0.00,0.00,0,,5.0,50.0,40.0
2025-10-11T15:11:40.081919,434.093,0.00,0.00,0.00,0.00,0.00,0.00,0.00,0,,5.0,50.0,40.0
2025-10-11T15:11:40.087206,434.098,0.00,0.00,0.00,0.00,0.00,0.00,0.00,0,,5.0,50.0,50.0
2025-10-11T15:11:40.091579,434.102,0.00,0.00,0.00,0.00,0.00,0.00,0.00,0,,5.0,50.0,50.0
2025-10-11T15:11:42.713700,436.725,0.00,0.00,0.00,0.00,0.00,0.00,0.00,0,,6.0,50.0,50.0
2025-10-11T15:11:42.716435,436.727,0.00,0.00,0.00,0.00,0.00,0.00,0.00,0,,6.0,50.0,50.0
2025-10-11T15:11:42.719568,436.730,0.00,0.00,0.00,0.00,0.00,0.00,0.00,0,,6.0,60.0,50.0
2025-10-11T15:11:42.723300,436.734,0.00,0.00,0.00,0.00,0.00,0.00,0.00,0,,6.0,60.0,50.0
2025-10-11T15:11:42.726825,436.738,0.00,0.00,0.00,0.00,0.00,0.00,0.00,0,,6.0,60.0,60.0
2025-10-11T15:11:42.730168,436.741,0.00,0.00,0.00,0.00,0.00,0.00,0.00,0,,6.0,60.0,60.0
2025-10-11T15:11:45.345862,439.357,0.00,0.00,0.00,0.00,0.00,0.00,0.00,0,,7.0,60.0,60.0
2025-10-11T15:11:45.349375,439.360,0.00,0.00,0.00,0.00,0.00,0.00,0.00,0,,7.0,60.0,60.0
2025-10-11T15:11:45.353121,439.364,0.00,0.00,0.00,0.00,0.00,0.00,0.00,0,,7.0,70.0,60.0
2025-10-11T15:11:45.356467,439.367,0.00,0.00,0.00,0.00,0.00,0.00,0.00,0,,7.0,70.0,60.0
2025-10-11T15:11:45.360079,439.371,0.00,0.00,0.00,0.00,0.00,0.00,0.00,0,,7.0,70.0,70.0
2025-10-11T15:11:45.363201,439.374,0.00,0.00,0.00,0.00,0.00,0.00,0.00,0,,7.0,70.0,70.0
2025-10-11T15:11:47.120988,441.132,0.00,0.00,0.00,0.00,0.00,0.00,0.00,0,,8.0,70.0,70.0
2025-10-11T15:11:47.124332,441.135,0.00,0.00,0.00,0.00,0.00,0.00,0.00,0,,8.0,70.0,70.0
2025-10-11T15:11:47.127717,441.139,0.00,0.00,0.00,0.00,0.00,0.00,0.00,0,,8.0,80.0,70.0
2025-10-11T15:11:47.131439,441.142,0.00,0.00,0.00,0.00,0.00,0.00,0.00,0,,8.0,80.0,70.0
2025-10-11T15:11:47.136983,441.148,0.00,0.00,0.00,0.00,0.00,0.00,0.00,0,,8.0,80.0,80.0
2025-10-11T15:11:47.140867,441.152,0.00,0.00,0.00,0.00,0.00,0.00,0.00,0,,8.0,80.0,80.0
2025-10-11T15:11:49.788746,443.800,0.00,0.00,0.00,0.00,0.00,0.00,0.00,0,,9.0,80.0,80.0
2025-10-11T15:11:49.791536,443.802,0.00,0.00,0.00,0.00,0.00,0.00,0.00,0,,9.0,80.0,80.0
2025-10-11T15:11:49.794430,443.805,0.00,0.00,0.00,0.00,0.00,0.00,0.00,0,,9.0,90.0,80.0
2025-10-11T15:11:49.860088,443.871,0.00,0.00,0.00,0.00,0.00,0.00,0.00,0,,9.0,90.0,80.0
2025-10-11T15:11:49.865515,443.876,0.00,0.00,0.00,0.00,0.00,0.00,0.00,0,,9.0,90.0,90.0
2025-10-11T15:11:49.869669,443.881,0.00,0.00,0.00,0.00,0.00,0.00,0.00,0,,9.0,90.0,90.0
2025-10-11T15:11:51.605660,445.616,0.00,0.00,0.00,0.00,0.00,0.00,0.00,0,,8.0,90.0,90.0
2025-10-11T15:11:51.608268,445.619,0.00,0.00,0.00,0.00,0.00,0.00,0.00,0,,8.0,90.0,90.0
2025-10-11T15:11:51.611114,445.622,0.00,0.00,0.00,0.00,0.00,0.00,0.00,0,,8.0,80.0,90.0
2025-10-11T15:11:51.614576,445.625,0.00,0.00,0.00,0.00,0.00,0.00,0.00,0,,8.0,80.0,90.0
2025-10-11T15:11:52.496346,446.507,0.00,0.00,0.00,0.00,0.00,0.00,0.00,0,,8.0,80.0,80.0
2025-10-11T15:11:52.499265,446.510,0.00,0.00,0.00,0.00,0.00,0.00,0.00,0,,8.0,80.0,80.0
2025-10-11T15:11:54.353963,448.365,0.00,0.00,0.00,0.00,0.00,0.00,0.00,0,,7.0,80.0,80.0
2025-10-11T15:11:54.356968,448.368,0.00,0.00,0.00,0.00,0.00,0.00,0.00,0,,7.0,80.0,80.0
2025-10-11T15:11:54.360506,448.371,0.00,0.00,0.00,0.00,0.00,0.00,0.00,0,,7.0,70.0,80.0
2025-10-11T15:11:54.363569,448.374,0.00,0.00,0.00,0.00,0.00,0.00,0.00,0,,7.0,70.0,80.0
2025-10-11T15:11:54.367458,448.378,0.00,0.00,0.00,0.00,0.00,0.00,0.00,0,,7.0,70.0,70.0
2025-10-11T15:11:54.370883,448.382,0.00,0.00,0.00,0.00,0.00,0.00,0.00,0,,7.0,70.0,70.0
2025-10-11T15:11:56.122806,450.134,0.00,0.00,0.00,0.00,0.00,0.00,0.00,0,,6.0,70.0,70.0
2025-10-11T15:11:56.125519,450.136,0.00,0.00,0.00,0.00,0.00,0.00,0.00,0,,6.0,70.0,70.0
2025-10-11T15:11:57.067067,451.078,0.00,0.00,0.00,0.00,0.00,0.00,0.00,0,,6.0,60.0,70.0
2025-10-11T15:11:57.071079,451.082,0.00,0.00,0.00,0.00,0.00,0.00,0.00,0,,6.0,60.0,70.0
2025-10-11T15:11:57.074673,451.086,0.00,0.00,0.00,0.00,0.00,0.00,0.00,0,,6.0,60.0,60.0
2025-10-11T15:11:57.077439,451.088,0.00,0.00,0.00,0.00,0.00,0.00,0.00,0,,6.0,60.0,60.0
2025-10-11T15:11:58.836021,452.847,0.00,0.00,0.00,0.00,0.00,0.00,0.00,0,,5.0,60.0,60.0
2025-10-11T15:11:58.839228,452.850,0.00,0.00,0.00,0.00,0.00,0.00,0.00,0,,5.0,60.0,60.0
2025-10-11T15:11:58.842620,452.853,0.00,0.00,0.00,0.00,0.00,0.00,0.00,0,,5.0,50.0,60.0
2025-10-11T15:11:58.846185,452.857,0.00,0.00,0.00,0.00,0.00,0.00,0.00,0,,5.0,50.0,60.0
2025-10-11T15:11:58.849891,452.861,0.00,0.00,0.00,0.00,0.00,0.00,0.00,0,,5.0,50.0,50.0
2025-10-11T15:11:58.854346,452.865,0.00,0.00,0.00,0.00,0.00,0.00,0.00,0,,5.0,50.0,50.0
2025-10-11T15:12:01.520894,455.532,0.00,0.00,0.00,0.00,0.00,0.00,0.00,0,,4.0,50.0,50.0
2025-10-11T15:12:01.525131,455.536,0.00,0.00,0.00,0.00,0.00,0.00,0.00,0,,4.0,50.0,50.0
2025-10-11T15:12:01.529197,455.540,0.00,0.00,0.00,0.00,0.00,0.00,0.00,0,,4.0,40.0,50.0
2025-10-11T15:12:01.533062,455.544,0.00,0.00,0.00,0.00,0.00,0.00,0.00,0,,4.0,40.0,50.0
2025-10-11T15:12:01.538814,455.550,0.00,0.00,0.00,0.00,0.00,0.00,0.00,0,,4.0,40.0,40.0
2025-10-11T15:12:01.543035,455.554,0.00,0.00,0.00,0.00,0.00,0.00,0.00,0,,4.0,40.0,40.0
2025-10-11T15:12:03.490591,457.501,0.00,0.00,0.00,0.00,0.00,0.00,0.00,0,,3.0,40.0,40.0
2025-10-11T15:12:03.494059,457.505,0.00,0.00,0.00,0.00,0.00,0.00,0.00,0,,3.0,40.0,40.0
2025-10-11T15:12:03.497692,457.509,0.00,0.00,0.00,0.00,0.00,0.00,0.00,0,,3.0,30.0,40.0
2025-10-11T15:12:03.501243,457.512,0.00,0.00,0.00,0.00,0.00,0.00,0.00,0,,3.0,30.0,40.0
2025-10-11T15:12:03.505181,457.516,0.00,0.00,0.00,0.00,0.00,0.00,0.00,0,,3.0,30.0,30.0
2025-10-11T15:12:03.508489,457.519,0.00,0.00,0.00,0.00,0.00,0.00,0.00,0,,3.0,30.0,30.0
2025-10-11T15:12:06.040568,460.051,0.00,0.00,0.00,0.00,0.00,0.00,0.00,0,,2.0,30.0,30.0
2025-10-11T15:12:06.043839,460.055,0.00,0.00,0.00,0.00,0.00,0.00,0.00,0,,2.0,30.0,30.0
2025-10-11T15:12:06.047316,460.058,0.00,0.00,0.00,0.00,0.00,0.00,0.00,0,,2.0,20.0,30.0
2025-10-11T15:12:06.050415,460.061,0.00,0.00,0.00,0.00,0.00,0.00,0.00,0,,2.0,20.0,30.0
2025-10-11T15:12:06.054996,460.066,0.00,0.00,0.00,0.00,0.00,0.00,0.00,0,,2.0,20.0,20.0
2025-10-11T15:12:06.058592,460.069,0.00,0.00,0.00,0.00,0.00,0.00,0.00,0,,2.0,20.0,20.0
2025-10-11T15:12:07.775882,461.787,0.00,0.00,0.00,0.00,0.00,0.00,0.00,0,,1.0,20.0,20.0
2025-10-11T15:12:07.779333,461.790,0.00,0.00,0.00,0.00,0.00,0.00,0.00,0,,1.0,20.0,20.0
2025-10-11T15:12:08.717659,462.729,0.00,0.00,0.00,0.00,0.00,0.00,0.00,0,,1.0,10.0,20.0
2025-10-11T15:12:08.721708,462.733,0.00,0.00,0.00,0.00,0.00,0.00,0.00,0,,1.0,10.0,20.0
2025-10-11T15:12:08.726464,462.737,0.00,0.00,0.00,0.00,0.00,0.00,0.00,0,,1.0,10.0,10.0
2025-10-11T15:12:08.729183,462.740,0.00,0.00,0.00,0.00,0.00,0.00,0.00,0,,1.0,10.0,10.0
2025-10-11T15:12:10.603791,464.615,0.00,0.00,0.00,0.00,0.00,0.00,0.00,0,,2.0,10.0,10.0
2025-10-11T15:12:10.607047,464.618,0.00,0.00,0.00,0.00,0.00,0.00,0.00,0,,2.0,10.0,10.0
2025-10-11T15:12:10.610803,464.622,0.00,0.00,0.00,0.00,0.00,0.00,0.00,0,,2.0,20.0,10.0
2025-10-11T15:12:10.614866,464.626,0.00,0.00,0.00,0.00,0.00,0.00,0.00,0,,2.0,20.0,10.0
2025-10-11T15:12:10.618988,464.630,0.00,0.00,0.00,0.00,0.00,0.00,0.00,0,,2.0,20.0,20.0
2025-10-11T15:12:10.622499,464.633,0.00,0.00,0.00,0.00,0.00,0.00,0.00,0,,2.0,20.0,20.0
2025-10-11T15:12:13.271472,467.282,0.00,0.00,0.00,0.00,0.00,0.00,0.00,0,,3.0,20.0,20.0
2025-10-11T15:12:13.274602,467.285,0.00,0.00,0.00,0.00,0.00,0.00,0.00,0,,3.0,20.0,20.0
2025-10-11T15:12:13.277895,467.289,0.00,0.00,0.00,0.00,0.00,0.00,0.00,0,,3.0,30.0,20.0
2025-10-11T15:12:13.281546,467.292,0.00,0.00,0.00,0.00,0.00,0.00,0.00,0,,3.0,30.0,20.0
2025-10-11T15:12:13.285081,467.296,0.00,0.00,0.00,0.00,0.00,0.00,0.00,0,,3.0,30.0,30.0
2025-10-11T15:12:13.289207,467.300,0.00,0.00,0.00,0.00,0.00,0.00,0.00,0,,3.0,30.0,30.0
2025-10-11T15:12:15.045287,469.056,0.00,0.00,0.00,0.00,0.00,0.00,0.00,0,,4.0,30.0,30.0
2025-10-11T15:12:15.050072,469.061,0.00,0.00,0.00,0.00,0.00,0.00,0.00,0,,4.0,30.0,30.0
2025-10-11T15:12:15.058854,469.070,0.00,0.00,0.00,0.00,0.00,0.00,0.00,0,,4.0,40.0,30.0
2025-10-11T15:12:15.063680,469.075,0.00,0.00,0.00,0.00,0.00,0.00,0.00,0,,4.0,40.0,30.0
2025-10-11T15:12:15.068265,469.079,0.00,0.00,0.00,0.00,0.00,0.00,0.00,0,,4.0,40.0,40.0
2025-10-11T15:12:15.073047,469.084,0.00,0.00,0.00,0.00,0.00,0.00,0.00,0,,4.0,40.0,40.0
2025-10-11T15:12:17.690001,471.701,0.00,0.00,0.00,0.00,0.00,0.00,0.00,0,,5.0,40.0,40.0
2025-10-11T15:12:17.693280,471.704,0.00,0.00,0.00,0.00,0.00,0.00,0.00,0,,5.0,40.0,40.0
2025-10-11T15:12:17.697248,471.708,0.00,0.00,0.00,0.00,0.00,0.00,0.00,0,,5.0,50.0,40.0
2025-10-11T15:12:17.700275,471.711,0.00,0.00,0.00,0.00,0.00,0.00,0.00,0,,5.0,50.0,40.0
2025-10-11T15:12:17.703975,471.715,0.00,0.00,0.00,0.00,0.00,0.00,0.00,0,,5.0,50.0,50.0
2025-10-11T15:12:17.707719,471.719,0.00,0.00,0.00,0.00,0.00,0.00,0.00,0,,5.0,50.0,50.0
2025-10-11T15:12:19.492600,473.503,0.00,0.00,0.00,0.00,0.00,0.00,0.00,0,,6.0,50.0,50.0
2025-10-11T15:12:19.495371,473.506,0.00,0.00,0.00,0.00,0.00,0.00,0.00,0,,6.0,50.0,50.0
2025-10-11T15:12:19.498856,473.510,0.00,0.00,0.00,0.00,0.00,0.00,0.00,0,,6.0,60.0,50.0
2025-10-11T15:12:19.502853,473.514,0.00,0.00,0.00,0.00,0.00,0.00,0.00,0,,6.0,60.0,50.0
2025-10-11T15:12:19.506339,473.517,0.00,0.00,0.00,0.00,0.00,0.00,0.00,0,,6.0,60.0,60.0
2025-10-11T15:12:19.509817,473.521,0.00,0.00,0.00,0.00,0.00,0.00,0.00,0,,6.0,60.0,60.0
2025-10-11T15:12:22.090351,476.101,0.00,0.00,0.00,0.00,0.00,0.00,0.00,0,,7.0,60.0,60.0
2025-10-11T15:12:22.093764,476.105,0.00,0.00,0.00,0.00,0.00,0.00,0.00,0,,7.0,60.0,60.0
2025-10-11T15:12:22.098090,476.109,0.00,0.00,0.00,0.00,0.00,0.00,0.00,0,,7.0,70.0,60.0
2025-10-11T15:12:22.101955,476.113,0.00,0.00,0.00,0.00,0.00,0.00,0.00,0,,7.0,70.0,60.0
2025-10-11T15:12:22.106438,476.117,0.00,0.00,0.00,0.00,0.00,0.00,0.00,0,,7.0,70.0,70.0
2025-10-11T15:12:22.109968,476.121,0.00,0.00,0.00,0.00,0.00,0.00,0.00,0,,7.0,70.0,70.0
2025-10-11T15:12:23.848258,477.859,0.00,0.00,0.00,0.00,0.00,0.00,0.00,0,,8.0,70.0,70.0
2025-10-11T15:12:23.851813,477.863,0.00,0.00,0.00,0.00,0.00,0.00,0.00,0,,8.0,70.0,70.0
2025-10-11T15:12:24.706481,478.717,0.00,0.00,0.00,0.00,0.00,0.00,0.00,0,,8.0,80.0,70.0
2025-10-11T15:12:24.710201,478.721,0.00,0.00,0.00,0.00,0.00,0.00,0.00,0,,8.0,80.0,70.0
2025-10-11T15:12:24.715045,478.726,0.00,0.00,0.00,0.00,0.00,0.00,0.00,0,,8.0,80.0,80.0
2025-10-11T15:12:24.719111,478.730,0.00,0.00,0.00,0.00,0.00,0.00,0.00,0,,8.0,80.0,80.0
2025-10-11T15:12:26.539165,480.550,0.00,0.00,0.00,0.00,0.00,0.00,0.00,0,,9.0,80.0,80.0
2025-10-11T15:12:26.542196,480.553,0.00,0.00,0.00,0.00,0.00,0.00,0.00,0,,9.0,80.0,80.0
2025-10-11T15:12:26.545786,480.557,0.00,0.00,0.00,0.00,0.00,0.00,0.00,0,,9.0,90.0,80.0
2025-10-11T15:12:26.549137,480.560,0.00,0.00,0.00,0.00,0.00,0.00,0.00,0,,9.0,90.0,80.0
2025-10-11T15:12:26.553983,480.565,0.00,0.00,0.00,0.00,0.00,0.00,0.00,0,,9.0,90.0,90.0
2025-10-11T15:12:26.557868,480.569,0.00,0.00,0.00,0.00,0.00,0.00,0.00,0,,9.0,90.0,90.0
2025-10-11T15:12:28.403435,482.414,0.00,0.00,0.00,0.00,0.00,0.00,0.00,0,,8.0,90.0,90.0
2025-10-11T15:12:28.406673,482.418,0.00,0.00,0.00,0.00,0.00,0.00,0.00,0,,8.0,90.0,90.0
2025-10-11T15:12:29.326413,483.337,0.00,0.00,0.00,0.00,0.00,0.00,0.00,0,,8.0,80.0,90.0
2025-10-11T15:12:29.329797,483.341,0.00,0.00,0.00,0.00,0.00,0.00,0.00,0,,8.0,80.0,90.0
2025-10-11T15:12:29.333974,483.345,0.00,0.00,0.00,0.00,0.00,0.00,0.00,0,,8.0,80.0,80.0
2025-10-11T15:12:29.337287,483.348,0.00,0.00,0.00,0.00,0.00,0.00,0.00,0,,8.0,80.0,80.0
2025-10-11T15:12:31.135468,485.146,0.00,0.00,0.00,0.00,0.00,0.00,0.00,0,,7.0,80.0,80.0
2025-10-11T15:12:31.139592,485.150,0.00,0.00,0.00,0.00,0.00,0.00,0.00,0,,7.0,80.0,80.0
2025-10-11T15:12:31.143653,485.155,0.00,0.00,0.00,0.00,0.00,0.00,0.00,0,,7.0,70.0,80.0
2025-10-11T15:12:31.146796,485.158,0.00,0.00,0.00,0.00,0.00,0.00,0.00,0,,7.0,70.0,80.0
2025-10-11T15:12:31.150911,485.162,0.00,0.00,0.00,0.00,0.00,0.00,0.00,0,,7.0,70.0,70.0
2025-10-11T15:12:31.154344,485.165,0.00,0.00,0.00,0.00,0.00,0.00,0.00,0,,7.0,70.0,70.0
2025-10-11T15:12:33.788380,487.799,0.00,0.00,0.00,0.00,0.00,0.00,0.00,0,,6.0,70.0,70.0
2025-10-11T15:12:33.791045,487.802,0.00,0.00,0.00,0.00,0.00,0.00,0.00,0,,6.0,70.0,70.0
2025-10-11T15:12:33.794150,487.805,0.00,0.00,0.00,0.00,0.00,0.00,0.00,0,,6.0,60.0,70.0
2025-10-11T15:12:33.797592,487.808,0.00,0.00,0.00,0.00,0.00,0.00,0.00,0,,6.0,60.0,70.0
2025-10-11T15:12:33.800748,487.812,0.00,0.00,0.00,0.00,0.00,0.00,0.00,0,,6.0,60.0,60.0
2025-10-11T15:12:33.804868,487.816,0.00,0.00,0.00,0.00,0.00,0.00,0.00,0,,6.0,60.0,60.0
2025-10-11T15:12:35.569067,489.580,0.00,0.00,0.00,0.00,0.00,0.00,0.00,0,,5.0,60.0,60.0
2025-10-11T15:12:35.572474,489.583,0.00,0.00,0.00,0.00,0.00,0.00,0.00,0,,5.0,60.0,60.0
2025-10-11T15:12:35.575863,489.587,0.00,0.00,0.00,0.00,0.00,0.00,0.00,0,,5.0,50.0,60.0
2025-10-11T15:12:35.579508,489.590,0.00,0.00,0.00,0.00,0.00,0.00,0.00,0,,5.0,50.0,60.0
2025-10-11T15:12:36.463007,490.474,0.00,0.00,0.00,0.00,0.00,0.00,0.00,0,,5.0,50.0,50.0
2025-10-11T15:12:36.467228,490.478,0.00,0.00,0.00,0.00,0.00,0.00,0.00,0,,5.0,50.0,50.0
2025-10-11T15:12:38.266425,492.277,0.00,0.00,0.00,0.00,0.00,0.00,0.00,0,,4.0,50.0,50.0
2025-10-11T15:12:38.270020,492.281,0.00,0.00,0.00,0.00,0.00,0.00,0.00,0,,4.0,50.0,50.0
2025-10-11T15:12:38.274646,492.285,0.00,0.00,0.00,0.00,0.00,0.00,0.00,0,,4.0,40.0,50.0
2025-10-11T15:12:38.277737,492.289,0.00,0.00,0.00,0.00,0.00,0.00,0.00,0,,4.0,40.0,50.0
2025-10-11T15:12:38.281741,492.293,0.00,0.00,0.00,0.00,0.00,0.00,0.00,0,,4.0,40.0,40.0
2025-10-11T15:12:38.285975,492.297,0.00,0.00,0.00,0.00,0.00,0.00,0.00,0,,4.0,40.0,40.0
2025-10-11T15:12:40.854011,494.865,0.00,0.00,0.00,0.00,0.00,0.00,0.00,0,,3.0,40.0,40.0
2025-10-11T15:12:40.857592,494.868,0.00,0.00,0.00,0.00,0.00,0.00,0.00,0,,3.0,40.0,40.0
2025-10-11T15:12:40.860745,494.872,0.00,0.00,0.00,0.00,0.00,0.00,0.00,0,,3.0,30.0,40.0
2025-10-11T15:12:40.863754,494.875,0.00,0.00,0.00,0.00,0.00,0.00,0.00,0,,3.0,30.0,40.0
2025-10-11T15:12:40.866574,494.877,0.00,0.00,0.00,0.00,0.00,0.00,0.00,0,,3.0,30.0,30.0
2025-10-11T15:12:40.870588,494.881,0.00,0.00,0.00,0.00,0.00,0.00,0.00,0,,3.0,30.0,30.0
2025-10-11T15:12:42.792421,496.803,0.00,0.00,0.00,0.00,0.00,0.00,0.00,0,,2.0,30.0,30.0
2025-10-11T15:12:42.795787,496.807,0.00,0.00,0.00,0.00,0.00,0.00,0.00,0,,2.0,30.0,30.0
2025-10-11T15:12:43.695357,497.706,0.00,0.00,0.00,0.00,0.00,0.00,0.00,0,,2.0,20.0,30.0
2025-10-11T15:12:43.698593,497.709,0.00,0.00,0.00,0.00,0.00,0.00,0.00,0,,2.0,20.0,30.0
2025-10-11T15:12:43.702392,497.713,0.00,0.00,0.00,0.00,0.00,0.00,0.00,0,,2.0,20.0,20.0
2025-10-11T15:12:43.706327,497.717,0.00,0.00,0.00,0.00,0.00,0.00,0.00,0,,2.0,20.0,20.0
2025-10-11T15:12:45.595360,499.606,0.00,0.00,0.00,0.00,0.00,0.00,0.00,0,,1.0,20.0,20.0
2025-10-11T15:12:45.598445,499.609,0.00,0.00,0.00,0.00,0.00,0.00,0.00,0,,1.0,20.0,20.0
2025-10-11T15:12:45.602232,499.613,0.00,0.00,0.00,0.00,0.00,0.00,0.00,0,,1.0,10.0,20.0
2025-10-11T15:12:45.606198,499.617,0.00,0.00,0.00,0.00,0.00,0.00,0.00,0,,1.0,10.0,20.0
2025-10-11T15:12:46.542749,500.554,0.00,0.00,0.00,0.00,0.00,0.00,0.00,0,,1.0,10.0,10.0
2025-10-11T15:12:46.545766,500.557,0.00,0.00,0.00,0.00,0.00,0.00,0.00,0,,1.0,10.0,10.0
2025-10-11T15:12:48.283533,502.294,0.00,0.00,0.00,0.00,0.00,0.00,0.00,0,,2.0,10.0,10.0
2025-10-11T15:12:48.286933,502.298,0.00,0.00,0.00,0.00,0.00,0.00,0.00,0,,2.0,10.0,10.0
2025-10-11T15:12:48.290700,502.302,0.00,0.00,0.00,0.00,0.00,0.00,0.00,0,,2.0,20.0,10.0
2025-10-11T15:12:48.294559,502.305,0.00,0.00,0.00,0.00,0.00,0.00,0.00,0,,2.0,20.0,10.0
2025-10-11T15:12:48.298590,502.309,0.00,0.00,0.00,0.00,0.00,0.00,0.00,0,,2.0,20.0,20.0
2025-10-11T15:12:48.301537,502.312,0.00,0.00,0.00,0.00,0.00,0.00,0.00,0,,2.0,20.0,20.0
2025-10-11T15:12:50.913956,504.925,0.00,0.00,0.00,0.00,0.00,0.00,0.00,0,,3.0,20.0,20.0
2025-10-11T15:12:50.917213,504.928,0.00,0.00,0.00,0.00,0.00,0.00,0.00,0,,3.0,20.0,20.0
2025-10-11T15:12:50.921758,504.933,0.00,0.00,0.00,0.00,0.00,0.00,0.00,0,,3.0,30.0,20.0
2025-10-11T15:12:50.925081,504.936,0.00,0.00,0.00,0.00,0.00,0.00,0.00,0,,3.0,30.0,20.0
2025-10-11T15:12:50.928651,504.939,0.00,0.00,0.00,0.00,0.00,0.00,0.00,0,,3.0,30.0,30.0
2025-10-11T15:12:50.932345,504.943,0.00,0.00,0.00,0.00,0.00,0.00,0.00,0,,3.0,30.0,30.0
2025-10-11T15:12:52.725279,506.736,0.00,0.00,0.00,0.00,0.00,0.00,0.00,0,,4.0,30.0,30.0
2025-10-11T15:12:52.728978,506.740,0.00,0.00,0.00,0.00,0.00,0.00,0.00,0,,4.0,30.0,30.0
2025-10-11T15:12:52.733139,506.744,0.00,0.00,0.00,0.00,0.00,0.00,0.00,0,,4.0,40.0,30.0
2025-10-11T15:12:52.737547,506.748,0.00,0.00,0.00,0.00,0.00,0.00,0.00,0,,4.0,40.0,30.0
2025-10-11T15:12:53.594371,507.605,0.00,0.00,0.00,0.00,0.00,0.00,0.00,0,,4.0,40.0,40.0
2025-10-11T15:12:53.597897,507.609,0.00,0.00,0.00,0.00,0.00,0.00,0.00,0,,4.0,40.0,40.0
2025-10-11T15:12:55.435886,509.447,0.00,0.00,0.00,0.00,0.00,0.00,0.00,0,,5.0,40.0,40.0
2025-10-11T15:12:55.439915,509.451,0.00,0.00,0.00,0.00,0.00,0.00,0.00,0,,5.0,40.0,40.0
2025-10-11T15:12:55.444347,509.455,0.00,0.00,0.00,0.00,0.00,0.00,0.00,0,,5.0,50.0,40.0
2025-10-11T15:12:55.448459,509.459,0.00,0.00,0.00,0.00,0.00,0.00,0.00,0,,5.0,50.0,40.0
2025-10-11T15:12:55.453247,509.464,0.00,0.00,0.00,0.00,0.00,0.00,0.00,0,,5.0,50.0,50.0
2025-10-11T15:12:55.457566,509.468,0.00,0.00,0.00,0.00,0.00,0.00,0.00,0,,5.0,50.0,50.0
2025-10-11T15:12:57.243402,511.254,0.00,0.00,0.00,0.00,0.00,0.00,0.00,0,,6.0,50.0,50.0
2025-10-11T15:12:57.246440,511.257,0.00,0.00,0.00,0.00,0.00,0.00,0.00,0,,6.0,50.0,50.0
2025-10-11T15:12:58.137757,512.149,0.00,0.00,0.00,0.00,0.00,0.00,0.00,0,,6.0,60.0,50.0
2025-10-11T15:12:58.141186,512.152,0.00,0.00,0.00,0.00,0.00,0.00,0.00,0,,6.0,60.0,50.0
2025-10-11T15:12:58.144730,512.156,0.00,0.00,0.00,0.00,0.00,0.00,0.00,0,,6.0,60.0,60.0
2025-10-11T15:12:58.148162,512.159,0.00,0.00,0.00,0.00,0.00,0.00,0.00,0,,6.0,60.0,60.0
2025-10-11T15:12:59.926231,513.937,0.00,0.00,0.00,0.00,0.00,0.00,0.00,0,,7.0,60.0,60.0
2025-10-11T15:12:59.931052,513.942,0.00,0.00,0.00,0.00,0.00,0.00,0.00,0,,7.0,60.0,60.0
2025-10-11T15:12:59.936059,513.947,0.00,0.00,0.00,0.00,0.00,0.00,0.00,0,,7.0,70.0,60.0
2025-10-11T15:12:59.945483,513.956,0.00,0.00,0.00,0.00,0.00,0.00,0.00,0,,7.0,70.0,60.0
2025-10-11T15:12:59.950722,513.962,0.00,0.00,0.00,0.00,0.00,0.00,0.00,0,,7.0,70.0,70.0
2025-10-11T15:12:59.955555,513.966,0.00,0.00,0.00,0.00,0.00,0.00,0.00,0,,7.0,70.0,70.0
2025-10-11T15:13:01.993084,516.004,0.00,0.00,0.00,0.00,0.00,0.00,0.00,0,,8.0,70.0,70.0
2025-10-11T15:13:01.996170,516.007,0.00,0.00,0.00,0.00,0.00,0.00,0.00,0,,8.0,70.0,70.0
2025-10-11T15:13:01.999573,516.010,0.00,0.00,0.00,0.00,0.00,0.00,0.00,0,,8.0,80.0,70.0
2025-10-11T15:13:02.003605,516.014,0.00,0.00,0.00,0.00,0.00,0.00,0.00,0,,8.0,80.0,70.0
2025-10-11T15:13:02.007284,516.018,0.00,0.00,0.00,0.00,0.00,0.00,0.00,0,,8.0,80.0,80.0
2025-10-11T15:13:02.011427,516.022,0.00,0.00,0.00,0.00,0.00,0.00,0.00,0,,8.0,80.0,80.0
2025-10-11T15:13:04.318489,518.329,0.00,0.00,0.00,0.00,0.00,0.00,0.00,0,,9.0,80.0,80.0
2025-10-11T15:13:04.322473,518.333,0.00,0.00,0.00,0.00,0.00,0.00,0.00,0,,9.0,80.0,80.0
2025-10-11T15:13:04.326450,518.337,0.00,0.00,0.00,0.00,0.00,0.00,0.00,0,,9.0,90.0,80.0
2025-10-11T15:13:04.329745,518.341,0.00,0.00,0.00,0.00,0.00,0.00,0.00,0,,9.0,90.0,80.0
2025-10-11T15:13:04.334273,518.345,0.00,0.00,0.00,0.00,0.00,0.00,0.00,0,,9.0,90.0,90.0
2025-10-11T15:13:04.339146,518.350,0.00,0.00,0.00,0.00,0.00,0.00,0.00,0,,9.0,90.0,90.0
2025-10-11T15:13:06.620664,520.632,0.00,0.00,0.00,0.00,0.00,0.00,0.00,0,,8.0,90.0,90.0
2025-10-11T15:13:06.623464,520.634,0.00,0.00,0.00,0.00,0.00,0.00,0.00,0,,8.0,90.0,90.0
2025-10-11T15:13:06.626710,520.638,0.00,0.00,0.00,0.00,0.00,0.00,0.00,0,,8.0,80.0,90.0
2025-10-11T15:13:06.631701,520.643,0.00,0.00,0.00,0.00,0.00,0.00,0.00,0,,8.0,80.0,90.0
2025-10-11T15:13:07.093555,521.104,0.00,0.00,0.00,0.00,0.00,0.00,0.00,0,,8.0,80.0,80.0
2025-10-11T15:13:07.096656,521.107,0.00,0.00,0.00,0.00,0.00,0.00,0.00,0,,8.0,80.0,80.0
2025-10-11T15:13:08.940515,522.951,0.00,0.00,0.00,0.00,0.00,0.00,0.00,0,,7.0,80.0,80.0
2025-10-11T15:13:08.944732,522.956,0.00,0.00,0.00,0.00,0.00,0.00,0.00,0,,7.0,80.0,80.0
2025-10-11T15:13:09.735131,523.746,0.00,0.00,0.00,0.00,0.00,0.00,0.00,0,,7.0,70.0,80.0
2025-10-11T15:13:09.743074,523.754,0.00,0.00,0.00,0.00,0.00,0.00,0.00,0,,7.0,70.0,80.0
2025-10-11T15:13:09.749000,523.760,0.00,0.00,0.00,0.00,0.00,0.00,0.00,0,,7.0,70.0,70.0
2025-10-11T15:13:09.758325,523.769,0.00,0.00,0.00,0.00,0.00,0.00,0.00,0,,7.0,70.0,70.0
2025-10-11T15:13:11.810944,525.822,0.00,0.00,0.00,0.00,0.00,0.00,0.00,0,,6.0,70.0,70.0
2025-10-11T15:13:11.815299,525.826,0.00,0.00,0.00,0.00,0.00,0.00,0.00,0,,6.0,70.0,70.0
2025-10-11T15:13:11.820068,525.831,0.00,0.00,0.00,0.00,0.00,0.00,0.00,0,,6.0,60.0,70.0
2025-10-11T15:13:11.824316,525.835,0.00,0.00,0.00,0.00,0.00,0.00,0.00,0,,6.0,60.0,70.0
2025-10-11T15:13:11.828435,525.839,0.00,0.00,0.00,0.00,0.00,0.00,0.00,0,,6.0,60.0,60.0
2025-10-11T15:13:11.834124,525.845,0.00,0.00,0.00,0.00,0.00,0.00,0.00,0,,6.0,60.0,60.0
2025-10-11T15:13:14.201836,528.213,0.00,0.00,0.00,0.00,0.00,0.00,0.00,0,,5.0,60.0,60.0
2025-10-11T15:13:14.206745,528.218,0.00,0.00,0.00,0.00,0.00,0.00,0.00,0,,5.0,60.0,60.0
2025-10-11T15:13:14.210603,528.221,0.00,0.00,0.00,0.00,0.00,0.00,0.00,0,,5.0,50.0,60.0
2025-10-11T15:13:14.214104,528.225,0.00,0.00,0.00,0.00,0.00,0.00,0.00,0,,5.0,50.0,60.0
2025-10-11T15:13:14.218465,528.229,0.00,0.00,0.00,0.00,0.00,0.00,0.00,0,,5.0,50.0,50.0
2025-10-11T15:13:14.222489,528.233,0.00,0.00,0.00,0.00,0.00,0.00,0.00,0,,5.0,50.0,50.0
2025-10-11T15:13:16.037916,530.049,0.00,0.00,0.00,0.00,0.00,0.00,0.00,0,,4.0,50.0,50.0
2025-10-11T15:13:16.041530,530.052,0.00,0.00,0.00,0.00,0.00,0.00,0.00,0,,4.0,50.0,50.0
2025-10-11T15:13:16.045191,530.056,0.00,0.00,0.00,0.00,0.00,0.00,0.00,0,,4.0,40.0,50.0
2025-10-11T15:13:16.048685,530.060,0.00,0.00,0.00,0.00,0.00,0.00,0.00,0,,4.0,40.0,50.0
2025-10-11T15:13:16.052182,530.063,0.00,0.00,0.00,0.00,0.00,0.00,0.00,0,,4.0,40.0,40.0
2025-10-11T15:13:16.057722,530.069,0.00,0.00,0.00,0.00,0.00,0.00,0.00,0,,4.0,40.0,40.0
2025-10-11T15:13:18.674864,532.686,0.00,0.00,0.00,0.00,0.00,0.00,0.00,0,,3.0,40.0,40.0
2025-10-11T15:13:18.677936,532.689,0.00,0.00,0.00,0.00,0.00,0.00,0.00,0,,3.0,40.0,40.0
2025-10-11T15:13:18.681490,532.692,0.00,0.00,0.00,0.00,0.00,0.00,0.00,0,,3.0,30.0,40.0
2025-10-11T15:13:18.685193,532.696,0.00,0.00,0.00,0.00,0.00,0.00,0.00,0,,3.0,30.0,40.0
2025-10-11T15:13:18.690132,532.701,0.00,0.00,0.00,0.00,0.00,0.00,0.00,0,,3.0,30.0,30.0
2025-10-11T15:13:18.693851,532.705,0.00,0.00,0.00,0.00,0.00,0.00,0.00,0,,3.0,30.0,30.0
2025-10-11T15:13:20.476758,534.488,0.00,0.00,0.00,0.00,0.00,0.00,0.00,0,,2.0,30.0,30.0
2025-10-11T15:13:20.481181,534.492,0.00,0.00,0.00,0.00,0.00,0.00,0.00,0,,2.0,30.0,30.0
2025-10-11T15:13:21.400213,535.411,0.00,0.00,0.00,0.00,0.00,0.00,0.00,0,,2.0,20.0,30.0
2025-10-11T15:13:21.403683,535.415,0.00,0.00,0.00,0.00,0.00,0.00,0.00,0,,2.0,20.0,30.0
2025-10-11T15:13:21.407810,535.419,0.00,0.00,0.00,0.00,0.00,0.00,0.00,0,,2.0,20.0,20.0
2025-10-11T15:13:21.411246,535.422,0.00,0.00,0.00,0.00,0.00,0.00,0.00,0,,2.0,20.0,20.0
2025-10-11T15:13:23.138859,537.150,0.00,0.00,0.00,0.00,0.00,0.00,0.00,0,,1.0,20.0,20.0
2025-10-11T15:13:23.142514,537.153,0.00,0.00,0.00,0.00,0.00,0.00,0.00,0,,1.0,20.0,20.0
2025-10-11T15:13:23.147181,537.158,0.00,0.00,0.00,0.00,0.00,0.00,0.00,0,,1.0,10.0,20.0
2025-10-11T15:13:23.150649,537.161,0.00,0.00,0.00,0.00,0.00,0.00,0.00,0,,1.0,10.0,20.0
2025-10-11T15:13:23.156203,537.167,0.00,0.00,0.00,0.00,0.00,0.00,0.00,0,,1.0,10.0,10.0
2025-10-11T15:13:23.160569,537.171,0.00,0.00,0.00,0.00,0.00,0.00,0.00,0,,1.0,10.0,10.0
2025-10-11T15:13:25.834235,539.845,0.00,0.00,0.00,0.00,0.00,0.00,0.00,0,,2.0,10.0,10.0
2025-10-11T15:13:25.839158,539.850,0.00,0.00,0.00,0.00,0.00,0.00,0.00,0,,2.0,10.0,10.0
2025-10-11T15:13:25.843577,539.854,0.00,0.00,0.00,0.00,0.00,0.00,0.00,0,,2.0,20.0,10.0
2025-10-11T15:13:25.847430,539.858,0.00,0.00,0.00,0.00,0.00,0.00,0.00,0,,2.0,20.0,10.0
2025-10-11T15:13:25.893519,539.904,0.00,0.00,0.00,0.00,0.00,0.00,0.00,0,,2.0,20.0,20.0
2025-10-11T15:13:25.918227,539.929,0.00,0.00,0.00,0.00,0.00,0.00,0.00,0,,2.0,20.0,20.0
2025-10-11T15:13:27.616893,541.628,0.00,0.00,0.00,0.00,0.00,0.00,0.00,0,,3.0,20.0,20.0
2025-10-11T15:13:27.620495,541.631,0.00,0.00,0.00,0.00,0.00,0.00,0.00,0,,3.0,20.0,20.0
2025-10-11T15:13:27.624324,541.635,0.00,0.00,0.00,0.00,0.00,0.00,0.00,0,,3.0,30.0,20.0
2025-10-11T15:13:27.627984,541.639,0.00,0.00,0.00,0.00,0.00,0.00,0.00,0,,3.0,30.0,20.0
2025-10-11T15:13:27.632597,541.643,0.00,0.00,0.00,0.00,0.00,0.00,0.00,0,,3.0,30.0,30.0
2025-10-11T15:13:27.636224,541.647,0.00,0.00,0.00,0.00,0.00,0.00,0.00,0,,3.0,30.0,30.0
2025-10-11T15:13:30.295601,544.306,0.00,0.00,0.00,0.00,0.00,0.00,0.00,0,,4.0,30.0,30.0
2025-10-11T15:13:30.299002,544.310,0.00,0.00,0.00,0.00,0.00,0.00,0.00,0,,4.0,30.0,30.0
2025-10-11T15:13:30.303455,544.314,0.00,0.00,0.00,0.00,0.00,0.00,0.00,0,,4.0,40.0,30.0
2025-10-11T15:13:30.307012,544.318,0.00,0.00,0.00,0.00,0.00,0.00,0.00,0,,4.0,40.0,30.0
2025-10-11T15:13:30.311283,544.322,0.00,0.00,0.00,0.00,0.00,0.00,0.00,0,,4.0,40.0,40.0
2025-10-11T15:13:30.315238,544.326,0.00,0.00,0.00,0.00,0.00,0.00,0.00,0,,4.0,40.0,40.0
2025-10-11T15:13:32.067163,546.078,0.00,0.00,0.00,0.00,0.00,0.00,0.00,0,,5.0,40.0,40.0
2025-10-11T15:13:32.070543,546.081,0.00,0.00,0.00,0.00,0.00,0.00,0.00,0,,5.0,40.0,40.0
2025-10-11T15:13:32.074222,546.085,0.00,0.00,0.00,0.00,0.00,0.00,0.00,0,,5.0,50.0,40.0
2025-10-11T15:13:32.077948,546.089,0.00,0.00,0.00,0.00,0.00,0.00,0.00,0,,5.0,50.0,40.0
2025-10-11T15:13:32.914903,546.926,0.00,0.00,0.00,0.00,0.00,0.00,0.00,0,,5.0,50.0,50.0
2025-10-11T15:13:32.918529,546.929,0.00,0.00,0.00,0.00,0.00,0.00,0.00,0,,5.0,50.0,50.0
2025-10-11T15:13:34.660095,548.671,0.00,0.00,0.00,0.00,0.00,0.00,0.00,0,,6.0,50.0,50.0
2025-10-11T15:13:34.663825,548.675,0.00,0.00,0.00,0.00,0.00,0.00,0.00,0,,6.0,50.0,50.0
2025-10-11T15:13:34.667845,548.679,0.00,0.00,0.00,0.00,0.00,0.00,0.00,0,,6.0,60.0,50.0
2025-10-11T15:13:34.671639,548.682,0.00,0.00,0.00,0.00,0.00,0.00,0.00,0,,6.0,60.0,50.0
2025-10-11T15:13:34.675926,548.687,0.00,0.00,0.00,0.00,0.00,0.00,0.00,0,,6.0,60.0,60.0
2025-10-11T15:13:34.680907,548.692,0.00,0.00,0.00,0.00,0.00,0.00,0.00,0,,6.0,60.0,60.0
2025-10-11T15:13:36.503933,550.515,0.00,0.00,0.00,0.00,0.00,0.00,0.00,0,,7.0,60.0,60.0
2025-10-11T15:13:36.507743,550.519,0.00,0.00,0.00,0.00,0.00,0.00,0.00,0,,7.0,60.0,60.0
2025-10-11T15:13:37.603234,551.614,0.00,0.00,0.00,0.00,0.00,0.00,0.00,0,,7.0,70.0,60.0
2025-10-11T15:13:37.607873,551.619,0.00,0.00,0.00,0.00,0.00,0.00,0.00,0,,7.0,70.0,60.0
2025-10-11T15:13:37.611996,551.623,0.00,0.00,0.00,0.00,0.00,0.00,0.00,0,,7.0,70.0,70.0
2025-10-11T15:13:37.615554,551.626,0.00,0.00,0.00,0.00,0.00,0.00,0.00,0,,7.0,70.0,70.0
2025-10-11T15:13:38.979039,552.990,0.00,0.00,0.00,0.00,0.00,0.00,0.00,0,,8.0,70.0,70.0
2025-10-11T15:13:38.982575,552.993,0.00,0.00,0.00,0.00,0.00,0.00,0.00,0,,8.0,70.0,70.0
2025-10-11T15:13:38.986458,552.997,0.00,0.00,0.00,0.00,0.00,0.00,0.00,0,,8.0,80.0,70.0
2025-10-11T15:13:38.989995,553.001,0.00,0.00,0.00,0.00,0.00,0.00,0.00,0,,8.0,80.0,70.0
2025-10-11T15:13:38.993852,553.005,0.00,0.00,0.00,0.00,0.00,0.00,0.00,0,,8.0,80.0,80.0
2025-10-11T15:13:38.997437,553.008,0.00,0.00,0.00,0.00,0.00,0.00,0.00,0,,8.0,80.0,80.0
2025-10-11T15:13:41.282595,555.293,0.00,0.00,0.00,0.00,0.00,0.00,0.00,0,,9.0,80.0,80.0
2025-10-11T15:13:41.286049,555.297,0.00,0.00,0.00,0.00,0.00,0.00,0.00,0,,9.0,80.0,80.0
2025-10-11T15:13:41.290578,555.301,0.00,0.00,0.00,0.00,0.00,0.00,0.00,0,,9.0,90.0,80.0
2025-10-11T15:13:41.294487,555.305,0.00,0.00,0.00,0.00,0.00,0.00,0.00,0,,9.0,90.0,80.0
2025-10-11T15:13:41.299894,555.311,0.00,0.00,0.00,0.00,0.00,0.00,0.00,0,,9.0,90.0,90.0
2025-10-11T15:13:41.303574,555.314,0.00,0.00,0.00,0.00,0.00,0.00,0.00,0,,9.0,90.0,90.0
2025-10-11T15:13:43.421695,557.433,0.00,0.00,0.00,0.00,0.00,0.00,0.00,0,,8.0,90.0,90.0
2025-10-11T15:13:43.426204,557.437,0.00,0.00,0.00,0.00,0.00,0.00,0.00,0,,8.0,90.0,90.0
2025-10-11T15:13:43.433019,557.444,0.00,0.00,0.00,0.00,0.00,0.00,0.00,0,,8.0,80.0,90.0
2025-10-11T15:13:43.441606,557.452,0.00,0.00,0.00,0.00,0.00,0.00,0.00,0,,8.0,80.0,90.0
2025-10-11T15:13:43.449825,557.461,0.00,0.00,0.00,0.00,0.00,0.00,0.00,0,,8.0,80.0,80.0
2025-10-11T15:13:43.456536,557.467,0.00,0.00,0.00,0.00,0.00,0.00,0.00,0,,8.0,80.0,80.0
2025-10-11T15:13:45.690094,559.701,0.00,0.00,0.00,0.00,0.00,0.00,0.00,0,,7.0,80.0,80.0
2025-10-11T15:13:45.695924,559.707,0.00,0.00,0.00,0.00,0.00,0.00,0.00,0,,7.0,80.0,80.0
2025-10-11T15:13:45.700693,559.712,0.00,0.00,0.00,0.00,0.00,0.00,0.00,0,,7.0,70.0,80.0
2025-10-11T15:13:45.706271,559.717,0.00,0.00,0.00,0.00,0.00,0.00,0.00,0,,7.0,70.0,80.0
2025-10-11T15:13:45.713102,559.724,0.00,0.00,0.00,0.00,0.00,0.00,0.00,0,,7.0,70.0,70.0
2025-10-11T15:13:45.719050,559.730,0.00,0.00,0.00,0.00,0.00,0.00,0.00,0,,7.0,70.0,70.0
2025-10-11T15:13:48.294587,562.305,0.00,0.00,0.00,0.00,0.00,0.00,0.00,0,,6.0,70.0,70.0
2025-10-11T15:13:48.301152,562.312,0.00,0.00,0.00,0.00,0.00,0.00,0.00,0,,6.0,70.0,70.0
2025-10-11T15:13:48.309790,562.321,0.00,0.00,0.00,0.00,0.00,0.00,0.00,0,,6.0,60.0,70.0
2025-10-11T15:13:48.314620,562.325,0.00,0.00,0.00,0.00,0.00,0.00,0.00,0,,6.0,60.0,70.0
2025-10-11T15:13:48.320693,562.332,0.00,0.00,0.00,0.00,0.00,0.00,0.00,0,,6.0,60.0,60.0
2025-10-11T15:13:48.326174,562.337,0.00,0.00,0.00,0.00,0.00,0.00,0.00,0,,6.0,60.0,60.0
2025-10-11T15:13:50.193114,564.204,0.00,0.00,0.00,0.00,0.00,0.00,0.00,0,,5.0,60.0,60.0
2025-10-11T15:13:50.197005,564.208,0.00,0.00,0.00,0.00,0.00,0.00,0.00,0,,5.0,60.0,60.0
2025-10-11T15:13:50.201282,564.212,0.00,0.00,0.00,0.00,0.00,0.00,0.00,0,,5.0,50.0,60.0
2025-10-11T15:13:50.206534,564.217,0.00,0.00,0.00,0.00,0.00,0.00,0.00,0,,5.0,50.0,60.0
2025-10-11T15:13:50.210004,564.221,0.00,0.00,0.00,0.00,0.00,0.00,0.00,0,,5.0,50.0,50.0
2025-10-11T15:13:50.216609,564.227,0.00,0.00,0.00,0.00,0.00,0.00,0.00,0,,5.0,50.0,50.0
2025-10-11T15:13:52.211510,566.222,0.00,0.00,0.00,0.00,0.00,0.00,0.00,0,,4.0,50.0,50.0
2025-10-11T15:13:52.216190,566.227,0.00,0.00,0.00,0.00,0.00,0.00,0.00,0,,4.0,50.0,50.0
2025-10-11T15:13:52.221551,566.232,0.00,0.00,0.00,0.00,0.00,0.00,0.00,0,,4.0,40.0,50.0
2025-10-11T15:13:52.227638,566.238,0.00,0.00,0.00,0.00,0.00,0.00,0.00,0,,4.0,40.0,50.0
2025-10-11T15:13:52.232348,566.243,0.00,0.00,0.00,0.00,0.00,0.00,0.00,0,,4.0,40.0,40.0
2025-10-11T15:13:52.242389,566.253,0.00,0.00,0.00,0.00,0.00,0.00,0.00,0,,4.0,40.0,40.0
2025-10-11T15:13:54.367115,568.378,0.00,0.00,0.00,0.00,0.00,0.00,0.00,0,,3.0,40.0,40.0
2025-10-11T15:13:54.371070,568.382,0.00,0.00,0.00,0.00,0.00,0.00,0.00,0,,3.0,40.0,40.0
2025-10-11T15:13:54.375191,568.386,0.00,0.00,0.00,0.00,0.00,0.00,0.00,0,,3.0,30.0,40.0
2025-10-11T15:13:54.378426,568.389,0.00,0.00,0.00,0.00,0.00,0.00,0.00,0,,3.0,30.0,40.0
2025-10-11T15:13:55.135883,569.147,0.00,0.00,0.00,0.00,0.00,0.00,0.00,0,,3.0,30.0,30.0
2025-10-11T15:13:55.141676,569.153,0.00,0.00,0.00,0.00,0.00,0.00,0.00,0,,3.0,30.0,30.0
2025-10-11T15:13:56.701177,570.712,0.00,0.00,0.00,0.00,0.00,0.00,0.00,0,,2.0,30.0,30.0
2025-10-11T15:13:56.705549,570.716,0.00,0.00,0.00,0.00,0.00,0.00,0.00,0,,2.0,30.0,30.0
2025-10-11T15:13:56.709672,570.721,0.00,0.00,0.00,0.00,0.00,0.00,0.00,0,,2.0,20.0,30.0
2025-10-11T15:13:56.713635,570.724,0.00,0.00,0.00,0.00,0.00,0.00,0.00,0,,2.0,20.0,30.0
2025-10-11T15:13:56.717725,570.729,0.00,0.00,0.00,0.00,0.00,0.00,0.00,0,,2.0,20.0,20.0
2025-10-11T15:13:56.722060,570.733,0.00,0.00,0.00,0.00,0.00,0.00,0.00,0,,2.0,20.0,20.0
2025-10-11T15:13:58.876810,572.888,0.00,0.00,0.00,0.00,0.00,0.00,0.00,0,,1.0,20.0,20.0
2025-10-11T15:13:58.880341,572.891,0.00,0.00,0.00,0.00,0.00,0.00,0.00,0,,1.0,20.0,20.0
2025-10-11T15:13:58.884548,572.895,0.00,0.00,0.00,0.00,0.00,0.00,0.00,0,,1.0,10.0,20.0
2025-10-11T15:13:58.891536,572.902,0.00,0.00,0.00,0.00,0.00,0.00,0.00,0,,1.0,10.0,20.0
2025-10-11T15:13:58.897336,572.908,0.00,0.00,0.00,0.00,0.00,0.00,0.00,0,,1.0,10.0,10.0
2025-10-11T15:13:58.901216,572.912,0.00,0.00,0.00,0.00,0.00,0.00,0.00,0,,1.0,10.0,10.0
2025-10-11T15:14:00.953722,574.965,0.00,0.00,0.00,0.00,0.00,0.00,0.00,0,,2.0,10.0,10.0
2025-10-11T15:14:00.961373,574.972,0.00,0.00,0.00,0.00,0.00,0.00,0.00,0,,2.0,10.0,10.0
2025-10-11T15:14:02.033376,576.044,0.00,0.00,0.00,0.00,0.00,0.00,0.00,0,,2.0,20.0,10.0
2025-10-11T15:14:02.040326,576.051,0.00,0.00,0.00,0.00,0.00,0.00,0.00,0,,2.0,20.0,10.0
2025-10-11T15:14:02.047771,576.059,0.00,0.00,0.00,0.00,0.00,0.00,0.00,0,,2.0,20.0,20.0
2025-10-11T15:14:02.053190,576.064,0.00,0.00,0.00,0.00,0.00,0.00,0.00,0,,2.0,20.0,20.0
2025-10-11T15:14:03.642810,577.654,0.00,0.00,0.00,0.00,0.00,0.00,0.00,0,,3.0,20.0,20.0
2025-10-11T15:14:03.646332,577.657,0.00,0.00,0.00,0.00,0.00,0.00,0.00,0,,3.0,20.0,20.0
2025-10-11T15:14:03.649755,577.661,0.00,0.00,0.00,0.00,0.00,0.00,0.00,0,,3.0,30.0,20.0
2025-10-11T15:14:03.653607,577.664,0.00,0.00,0.00,0.00,0.00,0.00,0.00,0,,3.0,30.0,20.0
2025-10-11T15:14:03.658209,577.669,0.00,0.00,0.00,0.00,0.00,0.00,0.00,0,,3.0,30.0,30.0
2025-10-11T15:14:03.663520,577.674,0.00,0.00,0.00,0.00,0.00,0.00,0.00,0,,3.0,30.0,30.0
2025-10-11T15:14:06.033726,580.045,0.00,0.00,0.00,0.00,0.00,0.00,0.00,0,,4.0,30.0,30.0
2025-10-11T15:14:06.037012,580.048,0.00,0.00,0.00,0.00,0.00,0.00,0.00,0,,4.0,30.0,30.0
2025-10-11T15:14:06.041447,580.052,0.00,0.00,0.00,0.00,0.00,0.00,0.00,0,,4.0,40.0,30.0
2025-10-11T15:14:06.045607,580.056,0.00,0.00,0.00,0.00,0.00,0.00,0.00,0,,4.0,40.0,30.0
2025-10-11T15:14:06.050091,580.061,0.00,0.00,0.00,0.00,0.00,0.00,0.00,0,,4.0,40.0,40.0
2025-10-11T15:14:06.054862,580.066,0.00,0.00,0.00,0.00,0.00,0.00,0.00,0,,4.0,40.0,40.0
2025-10-11T15:14:08.251181,582.262,0.00,0.00,0.00,0.00,0.00,0.00,0.00,0,,5.0,40.0,40.0
2025-10-11T15:14:08.256583,582.267,0.00,0.00,0.00,0.00,0.00,0.00,0.00,0,,5.0,40.0,40.0
2025-10-11T15:14:08.261269,582.272,0.00,0.00,0.00,0.00,0.00,0.00,0.00,0,,5.0,50.0,40.0
2025-10-11T15:14:08.265876,582.277,0.00,0.00,0.00,0.00,0.00,0.00,0.00,0,,5.0,50.0,40.0
2025-10-11T15:14:08.992772,583.004,0.00,0.00,0.00,0.00,0.00,0.00,0.00,0,,5.0,50.0,50.0
2025-10-11T15:14:08.996162,583.007,0.00,0.00,0.00,0.00,0.00,0.00,0.00,0,,5.0,50.0,50.0
2025-10-11T15:14:10.651026,584.662,0.00,0.00,0.00,0.00,0.00,0.00,0.00,0,,6.0,50.0,50.0
2025-10-11T15:14:10.654996,584.666,0.00,0.00,0.00,0.00,0.00,0.00,0.00,0,,6.0,50.0,50.0
2025-10-11T15:14:10.661141,584.672,0.00,0.00,0.00,0.00,0.00,0.00,0.00,0,,6.0,60.0,50.0
2025-10-11T15:14:10.666332,584.677,0.00,0.00,0.00,0.00,0.00,0.00,0.00,0,,6.0,60.0,50.0
2025-10-11T15:14:11.554757,585.566,0.00,0.00,0.00,0.00,0.00,0.00,0.00,0,,6.0,60.0,60.0
2025-10-11T15:14:11.560539,585.571,0.00,0.00,0.00,0.00,0.00,0.00,0.00,0,,6.0,60.0,60.0
2025-10-11T15:14:13.269697,587.281,0.00,0.00,0.00,0.00,0.00,0.00,0.00,0,,7.0,60.0,60.0
2025-10-11T15:14:13.274107,587.285,0.00,0.00,0.00,0.00,0.00,0.00,0.00,0,,7.0,60.0,60.0
2025-10-11T15:14:13.278867,587.290,0.00,0.00,0.00,0.00,0.00,0.00,0.00,0,,7.0,70.0,60.0
2025-10-11T15:14:13.283233,587.294,0.00,0.00,0.00,0.00,0.00,0.00,0.00,0,,7.0,70.0,60.0
2025-10-11T15:14:13.287852,587.299,0.00,0.00,0.00,0.00,0.00,0.00,0.00,0,,7.0,70.0,70.0
2025-10-11T15:14:13.291544,587.302,0.00,0.00,0.00,0.00,0.00,0.00,0.00,0,,7.0,70.0,70.0
2025-10-11T15:14:19.818840,593.830,0.00,0.00,0.00,0.00,0.00,0.00,0.00,0,,7.0,30.0,70.0
2025-10-11T15:14:19.827539,593.838,0.00,0.00,0.00,0.00,0.00,0.00,0.00,0,,7.0,30.0,70.0
2025-10-11T15:14:20.503308,594.514,0.00,0.00,0.00,0.00,0.00,0.00,0.00,0,,7.0,30.0,30.0
2025-10-11T15:14:20.507717,594.519,0.00,0.00,0.00,0.00,0.00,0.00,0.00,0,,7.0,30.0,30.0
2025-10-11T15:14:21.948757,595.960,0.00,0.00,0.00,0.00,0.00,0.00,0.00,0,,7.0,40.0,30.0
2025-10-11T15:14:21.952297,595.963,0.00,0.00,0.00,0.00,0.00,0.00,0.00,0,,7.0,40.0,30.0
2025-10-11T15:14:24.032047,598.043,0.00,0.00,0.00,0.00,0.00,0.00,0.00,0,,7.0,50.0,30.0
2025-10-11T15:14:24.037017,598.048,0.00,0.00,0.00,0.00,0.00,0.00,0.00,0,,7.0,50.0,30.0
2025-10-11T15:14:24.745650,598.756,0.00,0.00,0.00,0.00,0.00,0.00,0.00,0,,7.0,50.0,50.0
2025-10-11T15:14:24.749248,598.760,0.00,0.00,0.00,0.00,0.00,0.00,0.00,0,,7.0,50.0,50.0
2025-10-11T15:14:26.790960,600.802,0.00,0.00,0.00,0.00,0.00,0.00,0.00,0,,7.0,60.0,50.0
2025-10-11T15:14:26.794405,600.805,0.00,0.00,0.00,0.00,0.00,0.00,0.00,0,,7.0,60.0,50.0
2025-10-11T15:14:28.380024,602.391,0.00,0.00,0.00,0.00,0.00,0.00,0.00,0,,7.0,70.0,50.0
2025-10-11T15:14:28.383426,602.394,0.00,0.00,0.00,0.00,0.00,0.00,0.00,0,,7.0,70.0,50.0
2025-10-11T15:14:30.425386,604.436,0.00,0.00,0.00,0.00,0.00,0.00,0.00,0,,7.0,80.0,50.0
2025-10-11T15:14:30.432078,604.443,0.00,0.00,0.00,0.00,0.00,0.00,0.00,0,,7.0,80.0,50.0
2025-10-11T15:14:31.194750,605.206,0.00,0.00,0.00,0.00,0.00,0.00,0.00,0,,7.0,80.0,80.0
2025-10-11T15:14:31.199454,605.210,0.00,0.00,0.00,0.00,0.00,0.00,0.00,0,,7.0,80.0,80.0
2025-10-11T15:14:33.279490,607.290,0.00,0.00,0.00,0.00,0.00,0.00,0.00,0,,7.0,90.0,80.0
2025-10-11T15:14:33.282751,607.294,0.00,0.00,0.00,0.00,0.00,0.00,0.00,0,,7.0,90.0,80.0
2025-10-11T15:14:35.314462,609.325,0.00,0.00,0.00,0.00,0.00,0.00,0.00,0,,7.0,80.0,80.0
2025-10-11T15:14:35.318062,609.329,0.00,0.00,0.00,0.00,0.00,0.00,0.00,0,,7.0,80.0,80.0
2025-10-11T15:14:36.951844,610.963,0.00,0.00,0.00,0.00,0.00,0.00,0.00,0,,7.0,70.0,80.0
2025-10-11T15:14:36.955891,610.967,0.00,0.00,0.00,0.00,0.00,0.00,0.00,0,,7.0,70.0,80.0
2025-10-11T15:14:38.878925,612.890,0.00,0.00,0.00,0.00,0.00,0.00,0.00,0,,7.0,60.0,80.0
2025-10-11T15:14:38.882879,612.894,0.00,0.00,0.00,0.00,0.00,0.00,0.00,0,,7.0,60.0,80.0
2025-10-11T15:14:39.476165,613.487,0.00,0.00,0.00,0.00,0.00,0.00,0.00,0,,7.0,60.0,60.0
2025-10-11T15:14:39.479759,613.491,0.00,0.00,0.00,0.00,0.00,0.00,0.00,0,,7.0,60.0,60.0
2025-10-11T15:14:41.443524,615.454,0.00,0.00,0.00,0.00,0.00,0.00,0.00,0,,7.0,50.0,60.0
2025-10-11T15:14:41.446812,615.458,0.00,0.00,0.00,0.00,0.00,0.00,0.00,0,,7.0,50.0,60.0
2025-10-11T15:14:41.450807,615.462,0.00,0.00,0.00,0.00,0.00,0.00,0.00,0,,7.0,50.0,50.0
2025-10-11T15:14:41.454961,615.466,0.00,0.00,0.00,0.00,0.00,0.00,0.00,0,,7.0,50.0,50.0
2025-10-11T15:14:43.764681,617.776,0.00,0.00,0.00,0.00,0.00,0.00,0.00,0,,7.0,40.0,50.0
2025-10-11T15:14:43.767731,617.779,0.00,0.00,0.00,0.00,0.00,0.00,0.00,0,,7.0,40.0,50.0
2025-10-11T15:14:45.657550,619.668,0.00,0.00,0.00,0.00,0.00,0.00,0.00,0,,7.0,30.0,50.0
2025-10-11T15:14:45.660918,619.672,0.00,0.00,0.00,0.00,0.00,0.00,0.00,0,,7.0,30.0,50.0
2025-10-11T15:14:47.683391,621.694,0.00,0.00,0.00,0.00,0.00,0.00,0.00,0,,7.0,20.0,50.0
2025-10-11T15:14:47.686833,621.698,0.00,0.00,0.00,0.00,0.00,0.00,0.00,0,,7.0,20.0,50.0
2025-10-11T15:14:49.711719,623.723,0.00,0.00,0.00,0.00,0.00,0.00,0.00,0,,7.0,10.0,50.0
2025-10-11T15:14:49.715081,623.726,0.00,0.00,0.00,0.00,0.00,0.00,0.00,0,,7.0,10.0,50.0
2025-10-11T15:14:51.695831,625.707,0.00,0.00,0.00,0.00,0.00,0.00,0.00,0,,7.0,20.0,50.0
2025-10-11T15:14:51.699106,625.710,0.00,0.00,0.00,0.00,0.00,0.00,0.00,0,,7.0,20.0,50.0
2025-10-11T15:14:53.870542,627.881,0.00,0.00,0.00,0.00,0.00,0.00,0.00,0,,7.0,30.0,50.0
2025-10-11T15:14:53.876210,627.887,0.00,0.00,0.00,0.00,0.00,0.00,0.00,0,,7.0,30.0,50.0
2025-10-11T15:14:53.882161,627.893,0.00,0.00,0.00,0.00,0.00,0.00,0.00,0,,7.0,30.0,30.0
2025-10-11T15:14:53.887845,627.899,0.00,0.00,0.00,0.00,0.00,0.00,0.00,0,,7.0,30.0,30.0
2025-10-11T15:14:55.869763,629.881,0.00,0.00,0.00,0.00,0.00,0.00,0.00,0,,7.0,40.0,30.0
2025-10-11T15:14:55.873499,629.884,0.00,0.00,0.00,0.00,0.00,0.00,0.00,0,,7.0,40.0,30.0
2025-10-11T15:14:58.446890,632.458,0.00,0.00,0.00,0.00,0.00,0.00,0.00,0,,7.0,50.0,30.0
2025-10-11T15:14:58.450647,632.461,0.00,0.00,0.00,0.00,0.00,0.00,0.00,0,,7.0,50.0,30.0
2025-10-11T15:14:58.454857,632.466,0.00,0.00,0.00,0.00,0.00,0.00,0.00,0,,7.0,50.0,50.0
2025-10-11T15:14:58.459223,632.470,0.00,0.00,0.00,0.00,0.00,0.00,0.00,0,,7.0,50.0,50.0
2025-10-11T15:15:00.926915,634.938,0.00,0.00,0.00,0.00,0.00,0.00,0.00,0,,7.0,60.0,50.0
2025-10-11T15:15:00.931251,634.942,0.00,0.00,0.00,0.00,0.00,0.00,0.00,0,,7.0,60.0,50.0
2025-10-11T15:15:00.935377,634.946,0.00,0.00,0.00,0.00,0.00,0.00,0.00,0,,7.0,60.0,60.0
2025-10-11T15:15:00.941586,634.952,0.00,0.00,0.00,0.00,0.00,0.00,0.00,0,,7.0,60.0,60.0
2025-10-11T15:15:02.858572,636.869,0.00,0.00,0.00,0.00,0.00,0.00,0.00,0,,7.0,70.0,60.0
2025-10-11T15:15:02.861983,636.873,0.00,0.00,0.00,0.00,0.00,0.00,0.00,0,,7.0,70.0,60.0
2025-10-11T15:15:04.900799,638.912,0.00,0.00,0.00,0.00,0.00,0.00,0.00,0,,7.0,80.0,60.0
2025-10-11T15:15:04.905573,638.916,0.00,0.00,0.00,0.00,0.00,0.00,0.00,0,,7.0,80.0,60.0
2025-10-11T15:15:06.824155,640.835,0.00,0.00,0.00,0.00,0.00,0.00,0.00,0,,7.0,90.0,60.0
2025-10-11T15:15:06.827993,640.839,0.00,0.00,0.00,0.00,0.00,0.00,0.00,0,,7.0,90.0,60.0
2025-10-11T15:15:06.832025,640.843,0.00,0.00,0.00,0.00,0.00,0.00,0.00,0,,7.0,90.0,90.0
2025-10-11T15:15:06.835954,640.847,0.00,0.00,0.00,0.00,0.00,0.00,0.00,0,,7.0,90.0,90.0
2025-10-11T15:15:08.809679,642.821,0.00,0.00,0.00,0.00,0.00,0.00,0.00,0,,7.0,80.0,90.0
2025-10-11T15:15:08.814381,642.825,0.00,0.00,0.00,0.00,0.00,0.00,0.00,0,,7.0,80.0,90.0
2025-10-11T15:15:08.819073,642.830,0.00,0.00,0.00,0.00,0.00,0.00,0.00,0,,7.0,80.0,80.0
2025-10-11T15:15:08.823822,642.835,0.00,0.00,0.00,0.00,0.00,0.00,0.00,0,,7.0,80.0,80.0
2025-10-11T15:15:10.872520,644.883,0.00,0.00,0.00,0.00,0.00,0.00,0.00,0,,7.0,70.0,80.0
2025-10-11T15:15:10.877243,644.888,0.00,0.00,0.00,0.00,0.00,0.00,0.00,0,,7.0,70.0,80.0
2025-10-11T15:15:10.881698,644.893,0.00,0.00,0.00,0.00,0.00,0.00,0.00,0,,7.0,70.0,70.0
2025-10-11T15:15:10.886664,644.898,0.00,0.00,0.00,0.00,0.00,0.00,0.00,0,,7.0,70.0,70.0
2025-10-11T15:15:13.605518,647.616,0.00,0.00,0.00,0.00,0.00,0.00,0.00,0,,7.0,60.0,70.0
2025-10-11T15:15:13.610326,647.621,0.00,0.00,0.00,0.00,0.00,0.00,0.00,0,,7.0,60.0,70.0
2025-10-11T15:15:13.615944,647.627,0.00,0.00,0.00,0.00,0.00,0.00,0.00,0,,7.0,60.0,60.0
2025-10-11T15:15:13.622268,647.633,0.00,0.00,0.00,0.00,0.00,0.00,0.00,0,,7.0,60.0,60.0
2025-10-11T15:15:15.598781,649.610,0.00,0.00,0.00,0.00,0.00,0.00,0.00,0,,7.0,50.0,60.0
2025-10-11T15:15:15.602181,649.613,0.00,0.00,0.00,0.00,0.00,0.00,0.00,0,,7.0,50.0,60.0
2025-10-11T15:15:15.619317,649.630,0.00,0.00,0.00,0.00,0.00,0.00,0.00,0,,7.0,50.0,50.0
2025-10-11T15:15:15.628623,649.639,0.00,0.00,0.00,0.00,0.00,0.00,0.00,0,,7.0,50.0,50.0
2025-10-11T15:15:17.600385,651.611,0.00,0.00,0.00,0.00,0.00,0.00,0.00,0,,7.0,40.0,50.0
2025-10-11T15:15:17.605266,651.616,0.00,0.00,0.00,0.00,0.00,0.00,0.00,0,,7.0,40.0,50.0
2025-10-11T15:15:19.466283,653.477,0.00,0.00,0.00,0.00,0.00,0.00,0.00,0,,7.0,30.0,50.0
2025-10-11T15:15:19.470491,653.481,0.00,0.00,0.00,0.00,0.00,0.00,0.00,0,,7.0,30.0,50.0
2025-10-11T15:15:20.417306,654.428,0.00,0.00,0.00,0.00,0.00,0.00,0.00,0,,7.0,30.0,30.0
2025-10-11T15:15:20.421011,654.432,0.00,0.00,0.00,0.00,0.00,0.00,0.00,0,,7.0,30.0,30.0
2025-10-11T15:15:22.219662,656.231,0.00,0.00,0.00,0.00,0.00,0.00,0.00,0,,7.0,20.0,30.0
2025-10-11T15:15:22.224431,656.235,0.00,0.00,0.00,0.00,0.00,0.00,0.00,0,,7.0,20.0,30.0
2025-10-11T15:15:24.150678,658.162,0.00,0.00,0.00,0.00,0.00,0.00,0.00,0,,7.0,10.0,30.0
2025-10-11T15:15:24.154303,658.165,0.00,0.00,0.00,0.00,0.00,0.00,0.00,0,,7.0,10.0,30.0
2025-10-11T15:15:24.159157,658.170,0.00,0.00,0.00,0.00,0.00,0.00,0.00,0,,7.0,10.0,10.0
2025-10-11T15:15:24.163806,658.175,0.00,0.00,0.00,0.00,0.00,0.00,0.00,0,,7.0,10.0,10.0
2025-10-11T15:15:26.061729,660.073,0.00,0.00,0.00,0.00,0.00,0.00,0.00,0,,7.0,20.0,10.0
2025-10-11T15:15:26.065555,660.076,0.00,0.00,0.00,0.00,0.00,0.00,0.00,0,,7.0,20.0,10.0
2025-10-11T15:15:26.070411,660.081,0.00,0.00,0.00,0.00,0.00,0.00,0.00,0,,7.0,20.0,20.0
2025-10-11T15:15:26.075921,660.087,0.00,0.00,0.00,0.00,0.00,0.00,0.00,0,,7.0,20.0,20.0
2025-10-11T15:15:28.111566,662.122,0.00,0.00,0.00,0.00,0.00,0.00,0.00,0,,7.0,30.0,20.0
2025-10-11T15:15:28.116092,662.127,0.00,0.00,0.00,0.00,0.00,0.00,0.00,0,,7.0,30.0,20.0
2025-10-11T15:15:30.358588,664.369,0.00,0.00,0.00,0.00,0.00,0.00,0.00,0,,7.0,40.0,20.0
2025-10-11T15:15:30.364126,664.375,0.00,0.00,0.00,0.00,0.00,0.00,0.00,0,,7.0,40.0,20.0
2025-10-11T15:15:30.369006,664.380,0.00,0.00,0.00,0.00,0.00,0.00,0.00,0,,7.0,40.0,40.0
2025-10-11T15:15:30.373704,664.385,0.00,0.00,0.00,0.00,0.00,0.00,0.00,0,,7.0,40.0,40.0
2025-10-11T15:15:32.435774,666.447,0.00,0.00,0.00,0.00,0.00,0.00,0.00,0,,7.0,50.0,40.0
2025-10-11T15:15:32.440678,666.452,0.00,0.00,0.00,0.00,0.00,0.00,0.00,0,,7.0,50.0,40.0
2025-10-11T15:15:35.404505,669.415,0.00,0.00,0.00,0.00,0.00,0.00,0.00,0,,7.0,60.0,40.0
2025-10-11T15:15:35.408859,669.420,0.00,0.00,0.00,0.00,0.00,0.00,0.00,0,,7.0,60.0,40.0
2025-10-11T15:16:33.886069,727.897,0.00,0.00,0.00,0.00,0.00,0.00,0.00,0,,3.0,60.0,40.0
2025-10-11T15:16:33.890830,727.902,0.00,0.00,0.00,0.00,0.00,0.00,0.00,0,,3.0,60.0,40.0
2025-10-11T15:16:33.896761,727.908,0.00,0.00,0.00,0.00,0.00,0.00,0.00,0,,3.0,30.0,40.0
2025-10-11T15:16:33.902115,727.913,0.00,0.00,0.00,0.00,0.00,0.00,0.00,0,,3.0,30.0,40.0
2025-10-11T15:16:35.889915,729.901,0.00,0.00,0.00,0.00,0.00,0.00,0.00,0,,4.0,30.0,40.0
2025-10-11T15:16:35.893734,729.905,0.00,0.00,0.00,0.00,0.00,0.00,0.00,0,,4.0,30.0,40.0
2025-10-11T15:16:35.898487,729.909,0.00,0.00,0.00,0.00,0.00,0.00,0.00,0,,4.0,40.0,40.0
2025-10-11T15:16:35.902626,729.913,0.00,0.00,0.00,0.00,0.00,0.00,0.00,0,,4.0,40.0,40.0
2025-10-11T15:16:38.302571,732.313,0.00,0.00,0.00,0.00,0.00,0.00,0.00,0,,4.0,50.0,40.0
2025-10-11T15:16:38.306318,732.317,0.00,0.00,0.00,0.00,0.00,0.00,0.00,0,,4.0,50.0,40.0
2025-10-11T15:16:38.310804,732.322,0.00,0.00,0.00,0.00,0.00,0.00,0.00,0,,4.0,50.0,50.0
2025-10-11T15:16:38.315239,732.326,0.00,0.00,0.00,0.00,0.00,0.00,0.00,0,,4.0,50.0,50.0
2025-10-11T15:16:40.154076,734.165,0.00,0.00,0.00,0.00,0.00,0.00,0.00,0,,4.0,60.0,50.0
2025-10-11T15:16:40.157510,734.168,0.00,0.00,0.00,0.00,0.00,0.00,0.00,0,,4.0,60.0,50.0
2025-10-11T15:16:40.640037,734.651,0.00,0.00,0.00,0.00,0.00,0.00,0.00,0,,4.0,60.0,60.0
2025-10-11T15:16:40.644206,734.655,0.00,0.00,0.00,0.00,0.00,0.00,0.00,0,,4.0,60.0,60.0
2025-10-11T15:16:42.631752,736.643,0.00,0.00,0.00,0.00,0.00,0.00,0.00,0,,4.0,70.0,60.0
2025-10-11T15:16:42.635943,736.647,0.00,0.00,0.00,0.00,0.00,0.00,0.00,0,,4.0,70.0,60.0
2025-10-11T15:16:42.640543,736.651,0.00,0.00,0.00,0.00,0.00,0.00,0.00,0,,4.0,70.0,70.0
2025-10-11T15:16:42.644848,736.656,0.00,0.00,0.00,0.00,0.00,0.00,0.00,0,,4.0,70.0,70.0
2025-10-11T15:16:44.555776,738.567,0.00,0.00,0.00,0.00,0.00,0.00,0.00,0,,8.0,70.0,70.0
2025-10-11T15:16:44.560104,738.571,0.00,0.00,0.00,0.00,0.00,0.00,0.00,0,,8.0,70.0,70.0
2025-10-11T15:16:44.564825,738.576,0.00,0.00,0.00,0.00,0.00,0.00,0.00,0,,8.0,80.0,70.0
2025-10-11T15:16:44.570293,738.581,0.00,0.00,0.00,0.00,0.00,0.00,0.00,0,,8.0,80.0,70.0
2025-10-11T15:16:46.860536,740.871,0.00,0.00,0.00,0.00,0.00,0.00,0.00,0,,8.0,90.0,70.0
2025-10-11T15:16:46.864698,740.876,0.00,0.00,0.00,0.00,0.00,0.00,0.00,0,,8.0,90.0,70.0
2025-10-11T15:16:46.869305,740.880,0.00,0.00,0.00,0.00,0.00,0.00,0.00,0,,8.0,90.0,90.0
2025-10-11T15:16:46.873524,740.884,0.00,0.00,0.00,0.00,0.00,0.00,0.00,0,,8.0,90.0,90.0
2025-10-11T15:16:48.760037,742.771,0.00,0.00,0.00,0.00,0.00,0.00,0.00,0,,8.0,90.0,90.0
2025-10-11T15:16:48.763848,742.775,0.00,0.00,0.00,0.00,0.00,0.00,0.00,0,,8.0,90.0,90.0
2025-10-11T15:16:49.263301,743.274,0.00,0.00,0.00,0.00,0.00,0.00,0.00,0,,8.0,80.0,90.0
2025-10-11T15:16:49.267114,743.278,0.00,0.00,0.00,0.00,0.00,0.00,0.00,0,,8.0,80.0,90.0
2025-10-11T15:16:51.194890,745.206,0.00,0.00,0.00,0.00,0.00,0.00,0.00,0,,8.0,70.0,90.0
2025-10-11T15:16:51.198677,745.210,0.00,0.00,0.00,0.00,0.00,0.00,0.00,0,,8.0,70.0,90.0
2025-10-11T15:16:51.203395,745.214,0.00,0.00,0.00,0.00,0.00,0.00,0.00,0,,8.0,70.0,70.0
2025-10-11T15:16:51.207662,745.219,0.00,0.00,0.00,0.00,0.00,0.00,0.00,0,,8.0,70.0,70.0
2025-10-11T15:16:53.478868,747.490,0.00,0.00,0.00,0.00,0.00,0.00,0.00,0,,6.0,70.0,70.0
2025-10-11T15:16:53.482495,747.493,0.00,0.00,0.00,0.00,0.00,0.00,0.00,0,,6.0,70.0,70.0
2025-10-11T15:16:53.486617,747.497,0.00,0.00,0.00,0.00,0.00,0.00,0.00,0,,6.0,60.0,70.0
2025-10-11T15:16:53.491094,747.502,0.00,0.00,0.00,0.00,0.00,0.00,0.00,0,,6.0,60.0,70.0
2025-10-11T15:16:55.856104,749.867,0.00,0.00,0.00,0.00,0.00,0.00,0.00,0,,5.0,60.0,70.0
2025-10-11T15:16:55.860281,749.871,0.00,0.00,0.00,0.00,0.00,0.00,0.00,0,,5.0,60.0,70.0
2025-10-11T15:16:55.865062,749.876,0.00,0.00,0.00,0.00,0.00,0.00,0.00,0,,5.0,50.0,70.0
2025-10-11T15:16:55.869158,749.880,0.00,0.00,0.00,0.00,0.00,0.00,0.00,0,,5.0,50.0,70.0
2025-10-11T15:16:57.819824,751.831,0.00,0.00,0.00,0.00,0.00,0.00,0.00,0,,5.0,40.0,70.0
2025-10-11T15:16:57.824439,751.835,0.00,0.00,0.00,0.00,0.00,0.00,0.00,0,,5.0,40.0,70.0
2025-10-11T15:16:57.828727,751.840,0.00,0.00,0.00,0.00,0.00,0.00,0.00,0,,5.0,40.0,40.0
2025-10-11T15:16:57.832949,751.844,0.00,0.00,0.00,0.00,0.00,0.00,0.00,0,,5.0,40.0,40.0
2025-10-11T15:17:00.164431,754.175,0.00,0.00,0.00,0.00,0.00,0.00,0.00,0,,3.0,40.0,40.0
2025-10-11T15:17:00.167839,754.179,0.00,0.00,0.00,0.00,0.00,0.00,0.00,0,,3.0,40.0,40.0
2025-10-11T15:17:00.171824,754.183,0.00,0.00,0.00,0.00,0.00,0.00,0.00,0,,3.0,30.0,40.0
2025-10-11T15:17:00.177997,754.189,0.00,0.00,0.00,0.00,0.00,0.00,0.00,0,,3.0,30.0,40.0
2025-10-11T15:17:02.274244,756.285,0.00,0.00,0.00,0.00,0.00,0.00,0.00,0,,3.0,20.0,40.0
2025-10-11T15:17:02.278425,756.289,0.00,0.00,0.00,0.00,0.00,0.00,0.00,0,,3.0,20.0,40.0
2025-10-11T15:17:02.282445,756.293,0.00,0.00,0.00,0.00,0.00,0.00,0.00,0,,3.0,20.0,20.0
2025-10-11T15:17:02.286764,756.298,0.00,0.00,0.00,0.00,0.00,0.00,0.00,0,,3.0,20.0,20.0
2025-10-11T15:17:04.444925,758.456,0.00,0.00,0.00,0.00,0.00,0.00,0.00,0,,1.0,20.0,20.0
2025-10-11T15:17:04.449899,758.461,0.00,0.00,0.00,0.00,0.00,0.00,0.00,0,,1.0,20.0,20.0
2025-10-11T15:17:04.454728,758.466,0.00,0.00,0.00,0.00,0.00,0.00,0.00,0,,1.0,10.0,20.0
2025-10-11T15:17:04.459505,758.470,0.00,0.00,0.00,0.00,0.00,0.00,0.00,0,,1.0,10.0,20.0
2025-10-11T15:17:06.502213,760.513,0.00,0.00,0.00,0.00,0.00,0.00,0.00,0,,1.0,20.0,20.0
2025-10-11T15:17:06.507306,760.518,0.00,0.00,0.00,0.00,0.00,0.00,0.00,0,,1.0,20.0,20.0
2025-10-11T15:17:06.512563,760.523,0.00,0.00,0.00,0.00,0.00,0.00,0.00,0,,1.0,20.0,20.0
2025-10-11T15:17:06.517527,760.528,0.00,0.00,0.00,0.00,0.00,0.00,0.00,0,,1.0,20.0,20.0
2025-10-11T15:17:08.590515,762.601,0.00,0.00,0.00,0.00,0.00,0.00,0.00,0,,3.0,20.0,20.0
2025-10-11T15:17:08.594179,762.605,0.00,0.00,0.00,0.00,0.00,0.00,0.00,0,,3.0,20.0,20.0
2025-10-11T15:17:08.598658,762.609,0.00,0.00,0.00,0.00,0.00,0.00,0.00,0,,3.0,30.0,20.0
2025-10-11T15:17:08.602941,762.614,0.00,0.00,0.00,0.00,0.00,0.00,0.00,0,,3.0,30.0,20.0
2025-10-11T15:17:11.027799,765.039,0.00,0.00,0.00,0.00,0.00,0.00,0.00,0,,3.0,40.0,20.0
2025-10-11T15:17:11.032664,765.044,0.00,0.00,0.00,0.00,0.00,0.00,0.00,0,,3.0,40.0,20.0
2025-10-11T15:17:11.037513,765.048,0.00,0.00,0.00,0.00,0.00,0.00,0.00,0,,3.0,40.0,40.0
2025-10-11T15:17:11.041355,765.052,0.00,0.00,0.00,0.00,0.00,0.00,0.00,0,,3.0,40.0,40.0
2025-10-11T15:17:12.878984,766.890,0.00,0.00,0.00,0.00,0.00,0.00,0.00,0,,5.0,40.0,40.0
2025-10-11T15:17:12.882691,766.894,0.00,0.00,0.00,0.00,0.00,0.00,0.00,0,,5.0,40.0,40.0
2025-10-11T15:17:12.886688,766.898,0.00,0.00,0.00,0.00,0.00,0.00,0.00,0,,5.0,50.0,40.0
2025-10-11T15:17:12.891101,766.902,0.00,0.00,0.00,0.00,0.00,0.00,0.00,0,,5.0,50.0,40.0
2025-10-11T15:17:15.326951,769.338,0.00,0.00,0.00,0.00,0.00,0.00,0.00,0,,5.0,60.0,40.0
2025-10-11T15:17:15.331051,769.342,0.00,0.00,0.00,0.00,0.00,0.00,0.00,0,,5.0,60.0,40.0
2025-10-11T15:17:15.335609,769.346,0.00,0.00,0.00,0.00,0.00,0.00,0.00,0,,5.0,60.0,60.0
2025-10-11T15:17:15.340121,769.351,0.00,0.00,0.00,0.00,0.00,0.00,0.00,0,,5.0,60.0,60.0
2025-10-11T15:17:17.184967,771.196,0.00,0.00,0.00,0.00,0.00,0.00,0.00,0,,7.0,60.0,60.0
2025-10-11T15:17:17.188929,771.200,0.00,0.00,0.00,0.00,0.00,0.00,0.00,0,,7.0,60.0,60.0
2025-10-11T15:17:17.778693,771.790,0.00,0.00,0.00,0.00,0.00,0.00,0.00,0,,7.0,70.0,60.0
2025-10-11T15:17:17.781810,771.793,0.00,0.00,0.00,0.00,0.00,0.00,0.00,0,,7.0,70.0,60.0
2025-10-11T15:17:19.649802,773.661,0.00,0.00,0.00,0.00,0.00,0.00,0.00,0,,8.0,70.0,60.0
2025-10-11T15:17:19.653919,773.665,0.00,0.00,0.00,0.00,0.00,0.00,0.00,0,,8.0,70.0,60.0
2025-10-11T15:17:19.658265,773.669,0.00,0.00,0.00,0.00,0.00,0.00,0.00,0,,8.0,80.0,60.0
2025-10-11T15:17:19.661845,773.673,0.00,0.00,0.00,0.00,0.00,0.00,0.00,0,,8.0,80.0,60.0
2025-10-11T15:17:22.021193,776.032,0.00,0.00,0.00,0.00,0.00,0.00,0.00,0,,8.0,90.0,60.0
2025-10-11T15:17:22.025555,776.036,0.00,0.00,0.00,0.00,0.00,0.00,0.00,0,,8.0,90.0,60.0
2025-10-11T15:17:22.030049,776.041,0.00,0.00,0.00,0.00,0.00,0.00,0.00,0,,8.0,90.0,90.0
2025-10-11T15:17:22.034492,776.045,0.00,0.00,0.00,0.00,0.00,0.00,0.00,0,,8.0,90.0,90.0
2025-10-11T15:17:23.927912,777.939,0.00,0.00,0.00,0.00,0.00,0.00,0.00,0,,8.0,90.0,90.0
2025-10-11T15:17:23.932359,777.943,0.00,0.00,0.00,0.00,0.00,0.00,0.00,0,,8.0,90.0,90.0
2025-10-11T15:17:23.936603,777.947,0.00,0.00,0.00,0.00,0.00,0.00,0.00,0,,8.0,80.0,90.0
2025-10-11T15:17:23.940683,777.952,0.00,0.00,0.00,0.00,0.00,0.00,0.00,0,,8.0,80.0,90.0
2025-10-11T15:17:26.269527,780.280,0.00,0.00,0.00,0.00,0.00,0.00,0.00,0,,7.0,80.0,90.0
2025-10-11T15:17:26.273624,780.284,0.00,0.00,0.00,0.00,0.00,0.00,0.00,0,,7.0,80.0,90.0
2025-10-11T15:17:26.278021,780.289,0.00,0.00,0.00,0.00,0.00,0.00,0.00,0,,7.0,70.0,90.0
2025-10-11T15:17:26.282505,780.293,0.00,0.00,0.00,0.00,0.00,0.00,0.00,0,,7.0,70.0,90.0
2025-10-11T15:17:28.132863,782.144,0.00,0.00,0.00,0.00,0.00,0.00,0.00,0,,6.0,70.0,90.0
2025-10-11T15:17:28.137511,782.148,0.00,0.00,0.00,0.00,0.00,0.00,0.00,0,,6.0,70.0,90.0
2025-10-11T15:17:28.618870,782.630,0.00,0.00,0.00,0.00,0.00,0.00,0.00,0,,6.0,60.0,90.0
2025-10-11T15:17:28.623238,782.634,0.00,0.00,0.00,0.00,0.00,0.00,0.00,0,,6.0,60.0,90.0
2025-10-11T15:17:30.482316,784.493,0.00,0.00,0.00,0.00,0.00,0.00,0.00,0,,5.0,60.0,90.0
2025-10-11T15:17:30.486389,784.497,0.00,0.00,0.00,0.00,0.00,0.00,0.00,0,,5.0,60.0,90.0
2025-10-11T15:17:30.490952,784.502,0.00,0.00,0.00,0.00,0.00,0.00,0.00,0,,5.0,50.0,90.0
2025-10-11T15:17:30.495666,784.507,0.00,0.00,0.00,0.00,0.00,0.00,0.00,0,,5.0,50.0,90.0
2025-10-11T15:17:32.443925,786.455,0.00,0.00,0.00,0.00,0.00,0.00,0.00,0,,4.0,50.0,90.0
2025-10-11T15:17:32.448468,786.459,0.00,0.00,0.00,0.00,0.00,0.00,0.00,0,,4.0,50.0,90.0
2025-10-11T15:17:32.923919,786.935,0.00,0.00,0.00,0.00,0.00,0.00,0.00,0,,4.0,40.0,90.0
2025-10-11T15:17:32.928286,786.939,0.00,0.00,0.00,0.00,0.00,0.00,0.00,0,,4.0,40.0,90.0
2025-10-11T15:17:34.874714,788.886,0.00,0.00,0.00,0.00,0.00,0.00,0.00,0,,3.0,40.0,90.0
2025-10-11T15:17:34.878933,788.890,0.00,0.00,0.00,0.00,0.00,0.00,0.00,0,,3.0,40.0,90.0
2025-10-11T15:17:34.883539,788.894,0.00,0.00,0.00,0.00,0.00,0.00,0.00,0,,3.0,30.0,90.0
2025-10-11T15:17:34.888465,788.899,0.00,0.00,0.00,0.00,0.00,0.00,0.00,0,,3.0,30.0,90.0
2025-10-11T15:17:37.196332,791.207,0.00,0.00,0.00,0.00,0.00,0.00,0.00,0,,2.0,30.0,90.0
2025-10-11T15:17:37.200739,791.212,0.00,0.00,0.00,0.00,0.00,0.00,0.00,0,,2.0,30.0,90.0
2025-10-11T15:17:37.205459,791.216,0.00,0.00,0.00,0.00,0.00,0.00,0.00,0,,2.0,20.0,90.0
2025-10-11T15:17:37.210520,791.221,0.00,0.00,0.00,0.00,0.00,0.00,0.00,0,,2.0,20.0,90.0
2025-10-11T15:17:39.070291,793.081,0.00,0.00,0.00,0.00,0.00,0.00,0.00,0,,2.0,10.0,90.0
2025-10-11T15:17:39.074538,793.085,0.00,0.00,0.00,0.00,0.00,0.00,0.00,0,,2.0,10.0,90.0
2025-10-11T15:17:39.579118,793.590,0.00,0.00,0.00,0.00,0.00,0.00,0.00,0,,2.0,10.0,10.0
2025-10-11T15:17:39.583618,793.594,0.00,0.00,0.00,0.00,0.00,0.00,0.00,0,,2.0,10.0,10.0
2025-10-11T15:17:41.515034,795.526,0.00,0.00,0.00,0.00,0.00,0.00,0.00,0,,2.0,20.0,10.0
2025-10-11T15:17:41.518775,795.530,0.00,0.00,0.00,0.00,0.00,0.00,0.00,0,,2.0,20.0,10.0
2025-10-11T15:17:41.523145,795.534,0.00,0.00,0.00,0.00,0.00,0.00,0.00,0,,2.0,20.0,20.0
2025-10-11T15:17:41.527728,795.539,0.00,0.00,0.00,0.00,0.00,0.00,0.00,0,,2.0,20.0,20.0
2025-10-11T15:17:43.364697,797.376,0.00,0.00,0.00,0.00,0.00,0.00,0.00,0,,3.0,20.0,20.0
2025-10-11T15:17:43.368774,797.380,0.00,0.00,0.00,0.00,0.00,0.00,0.00,0,,3.0,20.0,20.0
2025-10-11T15:17:43.844531,797.855,0.00,0.00,0.00,0.00,0.00,0.00,0.00,0,,3.0,30.0,20.0
2025-10-11T15:17:43.848962,797.860,0.00,0.00,0.00,0.00,0.00,0.00,0.00,0,,3.0,30.0,20.0
2025-10-11T15:17:45.757286,799.768,0.00,0.00,0.00,0.00,0.00,0.00,0.00,0,,4.0,30.0,20.0
2025-10-11T15:17:45.761411,799.772,0.00,0.00,0.00,0.00,0.00,0.00,0.00,0,,4.0,30.0,20.0
2025-10-11T15:17:45.765560,799.776,0.00,0.00,0.00,0.00,0.00,0.00,0.00,0,,4.0,40.0,20.0
2025-10-11T15:17:45.770258,799.781,0.00,0.00,0.00,0.00,0.00,0.00,0.00,0,,4.0,40.0,20.0
2025-10-11T15:17:48.139445,802.150,0.00,0.00,0.00,0.00,0.00,0.00,0.00,0,,4.0,50.0,20.0
2025-10-11T15:17:48.143977,802.155,0.00,0.00,0.00,0.00,0.00,0.00,0.00,0,,4.0,50.0,20.0
2025-10-11T15:17:48.148887,802.160,0.00,0.00,0.00,0.00,0.00,0.00,0.00,0,,4.0,50.0,50.0
2025-10-11T15:17:48.154044,802.165,0.00,0.00,0.00,0.00,0.00,0.00,0.00,0,,4.0,50.0,50.0
2025-10-11T15:17:50.135627,804.146,0.00,0.00,0.00,0.00,0.00,0.00,0.00,0,,6.0,50.0,50.0
2025-10-11T15:17:50.140243,804.151,0.00,0.00,0.00,0.00,0.00,0.00,0.00,0,,6.0,50.0,50.0
2025-10-11T15:17:50.144981,804.156,0.00,0.00,0.00,0.00,0.00,0.00,0.00,0,,6.0,60.0,50.0
2025-10-11T15:17:50.149910,804.161,0.00,0.00,0.00,0.00,0.00,0.00,0.00,0,,6.0,60.0,50.0
2025-10-11T15:17:52.101992,806.113,0.00,0.00,0.00,0.00,0.00,0.00,0.00,0,,6.0,70.0,50.0
2025-10-11T15:17:52.106577,806.117,0.00,0.00,0.00,0.00,0.00,0.00,0.00,0,,6.0,70.0,50.0
2025-10-11T15:17:52.573793,806.585,0.00,0.00,0.00,0.00,0.00,0.00,0.00,0,,6.0,70.0,70.0
2025-10-11T15:17:52.577791,806.589,0.00,0.00,0.00,0.00,0.00,0.00,0.00,0,,6.0,70.0,70.0
2025-10-11T15:17:54.442309,808.453,0.00,0.00,0.00,0.00,0.00,0.00,0.00,0,,6.0,80.0,70.0
2025-10-11T15:17:54.446530,808.457,0.00,0.00,0.00,0.00,0.00,0.00,0.00,0,,6.0,80.0,70.0
2025-10-11T15:17:54.450763,808.462,0.00,0.00,0.00,0.00,0.00,0.00,0.00,0,,6.0,80.0,80.0
2025-10-11T15:17:54.455721,808.467,0.00,0.00,0.00,0.00,0.00,0.00,0.00,0,,6.0,80.0,80.0
2025-10-11T15:17:56.471878,810.483,0.00,0.00,0.00,0.00,0.00,0.00,0.00,0,,6.0,90.0,80.0
2025-10-11T15:17:56.475581,810.486,0.00,0.00,0.00,0.00,0.00,0.00,0.00,0,,6.0,90.0,80.0
2025-10-11T15:17:56.480201,810.491,0.00,0.00,0.00,0.00,0.00,0.00,0.00,0,,6.0,90.0,90.0
2025-10-11T15:17:56.484574,810.495,0.00,0.00,0.00,0.00,0.00,0.00,0.00,0,,6.0,90.0,90.0
2025-10-11T15:17:58.834504,812.845,0.00,0.00,0.00,0.00,0.00,0.00,0.00,0,,8.0,90.0,90.0
2025-10-11T15:17:58.838509,812.849,0.00,0.00,0.00,0.00,0.00,0.00,0.00,0,,8.0,90.0,90.0
2025-10-11T15:17:58.842425,812.853,0.00,0.00,0.00,0.00,0.00,0.00,0.00,0,,8.0,80.0,90.0
2025-10-11T15:17:58.846581,812.857,0.00,0.00,0.00,0.00,0.00,0.00,0.00,0,,8.0,80.0,90.0
2025-10-11T15:18:00.757850,814.769,0.00,0.00,0.00,0.00,0.00,0.00,0.00,0,,8.0,70.0,90.0
2025-10-11T15:18:00.762106,814.773,0.00,0.00,0.00,0.00,0.00,0.00,0.00,0,,8.0,70.0,90.0
2025-10-11T15:18:01.259637,815.270,0.00,0.00,0.00,0.00,0.00,0.00,0.00,0,,8.0,70.0,70.0
2025-10-11T15:18:01.263755,815.275,0.00,0.00,0.00,0.00,0.00,0.00,0.00,0,,8.0,70.0,70.0
2025-10-11T15:18:03.170169,817.181,0.00,0.00,0.00,0.00,0.00,0.00,0.00,0,,6.0,70.0,70.0
2025-10-11T15:18:03.174254,817.185,0.00,0.00,0.00,0.00,0.00,0.00,0.00,0,,6.0,70.0,70.0
2025-10-11T15:18:03.179136,817.190,0.00,0.00,0.00,0.00,0.00,0.00,0.00,0,,6.0,60.0,70.0
2025-10-11T15:18:03.184100,817.195,0.00,0.00,0.00,0.00,0.00,0.00,0.00,0,,6.0,60.0,70.0
2025-10-11T15:18:05.150779,819.162,0.00,0.00,0.00,0.00,0.00,0.00,0.00,0,,5.0,60.0,70.0
2025-10-11T15:18:05.155202,819.166,0.00,0.00,0.00,0.00,0.00,0.00,0.00,0,,5.0,60.0,70.0
2025-10-11T15:18:05.636273,819.647,0.00,0.00,0.00,0.00,0.00,0.00,0.00,0,,5.0,50.0,70.0
2025-10-11T15:18:05.639694,819.651,0.00,0.00,0.00,0.00,0.00,0.00,0.00,0,,5.0,50.0,70.0
2025-10-11T15:18:07.506096,821.517,0.00,0.00,0.00,0.00,0.00,0.00,0.00,0,,5.0,40.0,70.0
2025-10-11T15:18:07.510417,821.521,0.00,0.00,0.00,0.00,0.00,0.00,0.00,0,,5.0,40.0,70.0
2025-10-11T15:18:07.514825,821.526,0.00,0.00,0.00,0.00,0.00,0.00,0.00,0,,5.0,40.0,40.0
2025-10-11T15:18:07.518612,821.529,0.00,0.00,0.00,0.00,0.00,0.00,0.00,0,,5.0,40.0,40.0
2025-10-11T15:18:09.859538,823.870,0.00,0.00,0.00,0.00,0.00,0.00,0.00,0,,5.0,30.0,40.0
2025-10-11T15:18:09.863693,823.875,0.00,0.00,0.00,0.00,0.00,0.00,0.00,0,,5.0,30.0,40.0
2025-10-11T15:18:09.868323,823.879,0.00,0.00,0.00,0.00,0.00,0.00,0.00,0,,5.0,30.0,30.0
2025-10-11T15:18:09.873582,823.884,0.00,0.00,0.00,0.00,0.00,0.00,0.00,0,,5.0,30.0,30.0
2025-10-11T15:18:11.622988,825.634,0.00,0.00,0.00,0.00,0.00,0.00,0.00,0,,2.0,30.0,30.0
2025-10-11T15:18:11.627875,825.639,0.00,0.00,0.00,0.00,0.00,0.00,0.00,0,,2.0,30.0,30.0
2025-10-11T15:18:12.404297,826.415,0.00,0.00,0.00,0.00,0.00,0.00,0.00,0,,2.0,20.0,30.0
2025-10-11T15:18:12.409535,826.420,0.00,0.00,0.00,0.00,0.00,0.00,0.00,0,,2.0,20.0,30.0
2025-10-11T15:18:13.941506,827.952,0.00,0.00,0.00,0.00,0.00,0.00,0.00,0,,2.0,10.0,30.0
2025-10-11T15:18:13.946225,827.957,0.00,0.00,0.00,0.00,0.00,0.00,0.00,0,,2.0,10.0,30.0
2025-10-11T15:18:14.489962,828.501,0.00,0.00,0.00,0.00,0.00,0.00,0.00,0,,2.0,10.0,10.0
2025-10-11T15:18:14.493760,828.505,0.00,0.00,0.00,0.00,0.00,0.00,0.00,0,,2.0,10.0,10.0
2025-10-11T15:18:16.182166,830.193,0.00,0.00,0.00,0.00,0.00,0.00,0.00,0,,2.0,10.0,10.0
2025-10-11T15:18:16.186605,830.197,0.00,0.00,0.00,0.00,0.00,0.00,0.00,0,,2.0,10.0,10.0
2025-10-11T15:18:16.191211,830.202,0.00,0.00,0.00,0.00,0.00,0.00,0.00,0,,2.0,20.0,10.0
2025-10-11T15:18:16.196394,830.207,0.00,0.00,0.00,0.00,0.00,0.00,0.00,0,,2.0,20.0,10.0
2025-10-11T15:18:18.727036,832.738,0.00,0.00,0.00,0.00,0.00,0.00,0.00,0,,2.0,30.0,10.0
2025-10-11T15:18:18.731315,832.742,0.00,0.00,0.00,0.00,0.00,0.00,0.00,0,,2.0,30.0,10.0
2025-10-11T15:18:18.736310,832.747,0.00,0.00,0.00,0.00,0.00,0.00,0.00,0,,2.0,30.0,30.0
2025-10-11T15:18:18.740589,832.751,0.00,0.00,0.00,0.00,0.00,0.00,0.00,0,,2.0,30.0,30.0
2025-10-11T15:18:20.694071,834.705,0.00,0.00,0.00,0.00,0.00,0.00,0.00,0,,2.0,40.0,30.0
2025-10-11T15:18:20.698399,834.709,0.00,0.00,0.00,0.00,0.00,0.00,0.00,0,,2.0,40.0,30.0
2025-10-11T15:18:20.703034,834.714,0.00,0.00,0.00,0.00,0.00,0.00,0.00,0,,2.0,40.0,40.0
2025-10-11T15:18:20.707347,834.718,0.00,0.00,0.00,0.00,0.00,0.00,0.00,0,,2.0,40.0,40.0
2025-10-11T15:18:22.625486,836.636,0.00,0.00,0.00,0.00,0.00,0.00,0.00,0,,5.0,40.0,40.0
2025-10-11T15:18:22.630343,836.641,0.00,0.00,0.00,0.00,0.00,0.00,0.00,0,,5.0,40.0,40.0
2025-10-11T15:18:23.117449,837.128,0.00,0.00,0.00,0.00,0.00,0.00,0.00,0,,5.0,50.0,40.0
2025-10-11T15:18:23.121813,837.133,0.00,0.00,0.00,0.00,0.00,0.00,0.00,0,,5.0,50.0,40.0
2025-10-11T15:18:25.355332,839.366,0.00,0.00,0.00,0.00,0.00,0.00,0.00,0,,5.0,60.0,40.0
2025-10-11T15:18:25.359854,839.371,0.00,0.00,0.00,0.00,0.00,0.00,0.00,0,,5.0,60.0,40.0
2025-10-11T15:18:25.364531,839.375,0.00,0.00,0.00,0.00,0.00,0.00,0.00,0,,5.0,60.0,60.0
2025-10-11T15:18:25.368986,839.380,0.00,0.00,0.00,0.00,0.00,0.00,0.00,0,,5.0,60.0,60.0
2025-10-11T15:18:27.245322,841.256,0.00,0.00,0.00,0.00,0.00,0.00,0.00,0,,7.0,60.0,60.0
2025-10-11T15:18:27.249384,841.260,0.00,0.00,0.00,0.00,0.00,0.00,0.00,0,,7.0,60.0,60.0
2025-10-11T15:18:27.254092,841.265,0.00,0.00,0.00,0.00,0.00,0.00,0.00,0,,7.0,70.0,60.0
2025-10-11T15:18:27.258711,841.270,0.00,0.00,0.00,0.00,0.00,0.00,0.00,0,,7.0,70.0,60.0
2025-10-11T15:18:29.620160,843.631,0.00,0.00,0.00,0.00,0.00,0.00,0.00,0,,7.0,80.0,60.0
2025-10-11T15:18:29.624494,843.635,0.00,0.00,0.00,0.00,0.00,0.00,0.00,0,,7.0,80.0,60.0
2025-10-11T15:18:29.629164,843.640,0.00,0.00,0.00,0.00,0.00,0.00,0.00,0,,7.0,80.0,80.0
2025-10-11T15:18:29.634685,843.646,0.00,0.00,0.00,0.00,0.00,0.00,0.00,0,,7.0,80.0,80.0
2025-10-11T15:18:31.513198,845.524,0.00,0.00,0.00,0.00,0.00,0.00,0.00,0,,7.0,90.0,80.0
2025-10-11T15:18:31.518642,845.529,0.00,0.00,0.00,0.00,0.00,0.00,0.00,0,,7.0,90.0,80.0
2025-10-11T15:18:32.126369,846.137,0.00,0.00,0.00,0.00,0.00,0.00,0.00,0,,7.0,90.0,90.0
2025-10-11T15:18:32.130319,846.141,0.00,0.00,0.00,0.00,0.00,0.00,0.00,0,,7.0,90.0,90.0
2025-10-11T15:18:34.034622,848.045,0.00,0.00,0.00,0.00,0.00,0.00,0.00,0,,8.0,90.0,90.0
2025-10-11T15:18:34.038397,848.049,0.00,0.00,0.00,0.00,0.00,0.00,0.00,0,,8.0,90.0,90.0
2025-10-11T15:18:34.043549,848.054,0.00,0.00,0.00,0.00,0.00,0.00,0.00,0,,8.0,80.0,90.0
2025-10-11T15:18:34.048380,848.059,0.00,0.00,0.00,0.00,0.00,0.00,0.00,0,,8.0,80.0,90.0
2025-10-11T15:18:35.936799,849.948,0.00,0.00,0.00,0.00,0.00,0.00,0.00,0,,7.0,80.0,90.0
2025-10-11T15:18:35.941308,849.952,0.00,0.00,0.00,0.00,0.00,0.00,0.00,0,,7.0,80.0,90.0
2025-10-11T15:18:35.945992,849.957,0.00,0.00,0.00,0.00,0.00,0.00,0.00,0,,7.0,70.0,90.0
2025-10-11T15:18:35.950583,849.961,0.00,0.00,0.00,0.00,0.00,0.00,0.00,0,,7.0,70.0,90.0
2025-10-11T15:18:38.272921,852.284,0.00,0.00,0.00,0.00,0.00,0.00,0.00,0,,7.0,60.0,90.0
2025-10-11T15:18:38.276498,852.287,0.00,0.00,0.00,0.00,0.00,0.00,0.00,0,,7.0,60.0,90.0
2025-10-11T15:18:38.280932,852.292,0.00,0.00,0.00,0.00,0.00,0.00,0.00,0,,7.0,60.0,60.0
2025-10-11T15:18:38.286235,852.297,0.00,0.00,0.00,0.00,0.00,0.00,0.00,0,,7.0,60.0,60.0
2025-10-11T15:18:40.129136,854.140,0.00,0.00,0.00,0.00,0.00,0.00,0.00,0,,7.0,50.0,60.0
2025-10-11T15:18:40.134004,854.145,0.00,0.00,0.00,0.00,0.00,0.00,0.00,0,,7.0,50.0,60.0
2025-10-11T15:18:40.613555,854.624,0.00,0.00,0.00,0.00,0.00,0.00,0.00,0,,7.0,50.0,50.0
2025-10-11T15:18:40.617079,854.628,0.00,0.00,0.00,0.00,0.00,0.00,0.00,0,,7.0,50.0,50.0
2025-10-11T15:18:42.566523,856.577,0.00,0.00,0.00,0.00,0.00,0.00,0.00,0,,7.0,40.0,50.0
2025-10-11T15:18:42.571240,856.582,0.00,0.00,0.00,0.00,0.00,0.00,0.00,0,,7.0,40.0,50.0
2025-10-11T15:18:42.575603,856.586,0.00,0.00,0.00,0.00,0.00,0.00,0.00,0,,7.0,40.0,40.0
2025-10-11T15:18:42.580333,856.591,0.00,0.00,0.00,0.00,0.00,0.00,0.00,0,,7.0,40.0,40.0
2025-10-11T15:18:44.516054,858.527,0.00,0.00,0.00,0.00,0.00,0.00,0.00,0,,7.0,30.0,40.0
2025-10-11T15:18:44.520477,858.531,0.00,0.00,0.00,0.00,0.00,0.00,0.00,0,,7.0,30.0,40.0
2025-10-11T15:18:44.525293,858.536,0.00,0.00,0.00,0.00,0.00,0.00,0.00,0,,7.0,30.0,30.0
2025-10-11T15:18:44.530963,858.542,0.00,0.00,0.00,0.00,0.00,0.00,0.00,0,,7.0,30.0,30.0
2025-10-11T15:18:46.688700,860.700,0.00,0.00,0.00,0.00,0.00,0.00,0.00,0,,7.0,20.0,30.0
2025-10-11T15:18:46.692910,860.704,0.00,0.00,0.00,0.00,0.00,0.00,0.00,0,,7.0,20.0,30.0
2025-10-11T15:18:46.697610,860.708,0.00,0.00,0.00,0.00,0.00,0.00,0.00,0,,7.0,20.0,20.0
2025-10-11T15:18:46.702246,860.713,0.00,0.00,0.00,0.00,0.00,0.00,0.00,0,,7.0,20.0,20.0
2025-10-11T15:18:49.002046,863.013,0.00,0.00,0.00,0.00,0.00,0.00,0.00,0,,1.0,20.0,20.0
2025-10-11T15:18:49.006649,863.017,0.00,0.00,0.00,0.00,0.00,0.00,0.00,0,,1.0,20.0,20.0
2025-10-11T15:18:49.011597,863.022,0.00,0.00,0.00,0.00,0.00,0.00,0.00,0,,1.0,10.0,20.0
2025-10-11T15:18:49.016637,863.027,0.00,0.00,0.00,0.00,0.00,0.00,0.00,0,,1.0,10.0,20.0
2025-10-11T15:18:50.977611,864.988,0.00,0.00,0.00,0.00,0.00,0.00,0.00,0,,1.0,20.0,20.0
2025-10-11T15:18:50.982955,864.994,0.00,0.00,0.00,0.00,0.00,0.00,0.00,0,,1.0,20.0,20.0
2025-10-11T15:18:51.830341,865.841,0.00,0.00,0.00,0.00,0.00,0.00,0.00,0,,1.0,20.0,20.0
2025-10-11T15:18:51.836609,865.847,0.00,0.00,0.00,0.00,0.00,0.00,0.00,0,,1.0,20.0,20.0
2025-10-11T15:18:53.759767,867.771,0.00,0.00,0.00,0.00,0.00,0.00,0.00,0,,1.0,30.0,20.0
2025-10-11T15:18:53.765137,867.776,0.00,0.00,0.00,0.00,0.00,0.00,0.00,0,,1.0,30.0,20.0
2025-10-11T15:18:53.769994,867.781,0.00,0.00,0.00,0.00,0.00,0.00,0.00,0,,1.0,30.0,30.0
2025-10-11T15:18:53.774966,867.786,0.00,0.00,0.00,0.00,0.00,0.00,0.00,0,,1.0,30.0,30.0
2025-10-11T15:18:55.610560,869.621,0.00,0.00,0.00,0.00,0.00,0.00,0.00,0,,1.0,40.0,30.0
2025-10-11T15:18:55.615916,869.627,0.00,0.00,0.00,0.00,0.00,0.00,0.00,0,,1.0,40.0,30.0
2025-10-11T15:18:55.620479,869.631,0.00,0.00,0.00,0.00,0.00,0.00,0.00,0,,1.0,40.0,40.0
2025-10-11T15:18:55.626955,869.638,0.00,0.00,0.00,0.00,0.00,0.00,0.00,0,,1.0,40.0,40.0
2025-10-11T15:18:57.614087,871.625,0.00,0.00,0.00,0.00,0.00,0.00,0.00,0,,5.0,40.0,40.0
2025-10-11T15:18:57.618259,871.629,0.00,0.00,0.00,0.00,0.00,0.00,0.00,0,,5.0,40.0,40.0
2025-10-11T15:18:57.623828,871.635,0.00,0.00,0.00,0.00,0.00,0.00,0.00,0,,5.0,50.0,40.0
2025-10-11T15:18:57.630416,871.641,0.00,0.00,0.00,0.00,0.00,0.00,0.00,0,,5.0,50.0,40.0
2025-10-11T15:18:59.755253,873.766,0.00,0.00,0.00,0.00,0.00,0.00,0.00,0,,5.0,60.0,40.0
2025-10-11T15:18:59.761232,873.772,0.00,0.00,0.00,0.00,0.00,0.00,0.00,0,,5.0,60.0,40.0
2025-10-11T15:18:59.766391,873.777,0.00,0.00,0.00,0.00,0.00,0.00,0.00,0,,5.0,60.0,60.0
2025-10-11T15:18:59.772521,873.783,0.00,0.00,0.00,0.00,0.00,0.00,0.00,0,,5.0,60.0,60.0
2025-10-11T15:19:01.835348,875.846,0.00,0.00,0.00,0.00,0.00,0.00,0.00,0,,7.0,60.0,60.0
2025-10-11T15:19:01.841974,875.853,0.00,0.00,0.00,0.00,0.00,0.00,0.00,0,,7.0,60.0,60.0
2025-10-11T15:19:02.791179,876.802,0.00,0.00,0.00,0.00,0.00,0.00,0.00,0,,7.0,70.0,60.0
2025-10-11T15:19:02.796109,876.807,0.00,0.00,0.00,0.00,0.00,0.00,0.00,0,,7.0,70.0,60.0
2025-10-11T15:19:04.590052,878.601,0.00,0.00,0.00,0.00,0.00,0.00,0.00,0,,7.0,80.0,60.0
2025-10-11T15:19:04.594223,878.605,0.00,0.00,0.00,0.00,0.00,0.00,0.00,0,,7.0,80.0,60.0
2025-10-11T15:19:04.598991,878.610,0.00,0.00,0.00,0.00,0.00,0.00,0.00,0,,7.0,80.0,80.0
2025-10-11T15:19:04.604217,878.615,0.00,0.00,0.00,0.00,0.00,0.00,0.00,0,,7.0,80.0,80.0
2025-10-11T15:19:06.643798,880.655,0.00,0.00,0.00,0.00,0.00,0.00,0.00,0,,7.0,90.0,80.0
2025-10-11T15:19:06.655933,880.667,0.00,0.00,0.00,0.00,0.00,0.00,0.00,0,,7.0,90.0,80.0
2025-10-11T15:19:06.662901,880.674,0.00,0.00,0.00,0.00,0.00,0.00,0.00,0,,7.0,90.0,90.0
2025-10-11T15:19:06.669627,880.680,0.00,0.00,0.00,0.00,0.00,0.00,0.00,0,,7.0,90.0,90.0
2025-10-11T15:19:08.799009,882.810,0.00,0.00,0.00,0.00,0.00,0.00,0.00,0,,7.0,80.0,90.0
2025-10-11T15:19:08.805138,882.816,0.00,0.00,0.00,0.00,0.00,0.00,0.00,0,,7.0,80.0,90.0
2025-10-11T15:19:08.811304,882.822,0.00,0.00,0.00,0.00,0.00,0.00,0.00,0,,7.0,80.0,80.0
2025-10-11T15:19:08.820775,882.832,0.00,0.00,0.00,0.00,0.00,0.00,0.00,0,,7.0,80.0,80.0
2025-10-11T15:19:10.728559,884.739,0.00,0.00,0.00,0.00,0.00,0.00,0.00,0,,7.0,70.0,80.0
2025-10-11T15:19:10.734257,884.745,0.00,0.00,0.00,0.00,0.00,0.00,0.00,0,,7.0,70.0,80.0
2025-10-11T15:19:10.739416,884.750,0.00,0.00,0.00,0.00,0.00,0.00,0.00,0,,7.0,70.0,70.0
2025-10-11T15:19:10.745460,884.756,0.00,0.00,0.00,0.00,0.00,0.00,0.00,0,,7.0,70.0,70.0
2025-10-11T15:19:12.662235,886.673,0.00,0.00,0.00,0.00,0.00,0.00,0.00,0,,7.0,60.0,70.0
2025-10-11T15:19:12.666796,886.678,0.00,0.00,0.00,0.00,0.00,0.00,0.00,0,,7.0,60.0,70.0
2025-10-11T15:19:13.632080,887.643,0.00,0.00,0.00,0.00,0.00,0.00,0.00,0,,7.0,60.0,60.0
2025-10-11T15:19:13.636112,887.647,0.00,0.00,0.00,0.00,0.00,0.00,0.00,0,,7.0,60.0,60.0
2025-10-11T15:19:15.609194,889.620,0.00,0.00,0.00,0.00,0.00,0.00,0.00,0,,5.0,60.0,60.0
2025-10-11T15:19:15.614092,889.625,0.00,0.00,0.00,0.00,0.00,0.00,0.00,0,,5.0,60.0,60.0
2025-10-11T15:19:15.619631,889.630,0.00,0.00,0.00,0.00,0.00,0.00,0.00,0,,5.0,50.0,60.0
2025-10-11T15:19:15.624641,889.635,0.00,0.00,0.00,0.00,0.00,0.00,0.00,0,,5.0,50.0,60.0
2025-10-11T15:19:17.689404,891.700,0.00,0.00,0.00,0.00,0.00,0.00,0.00,0,,5.0,40.0,60.0
2025-10-11T15:19:17.693794,891.705,0.00,0.00,0.00,0.00,0.00,0.00,0.00,0,,5.0,40.0,60.0
2025-10-11T15:19:17.699092,891.710,0.00,0.00,0.00,0.00,0.00,0.00,0.00,0,,5.0,40.0,40.0
2025-10-11T15:19:17.703806,891.715,0.00,0.00,0.00,0.00,0.00,0.00,0.00,0,,5.0,40.0,40.0
2025-10-11T15:19:19.837539,893.848,0.00,0.00,0.00,0.00,0.00,0.00,0.00,0,,3.0,40.0,40.0
2025-10-11T15:19:19.842389,893.853,0.00,0.00,0.00,0.00,0.00,0.00,0.00,0,,3.0,40.0,40.0
2025-10-11T15:19:19.848711,893.860,0.00,0.00,0.00,0.00,0.00,0.00,0.00,0,,3.0,30.0,40.0
2025-10-11T15:19:19.853783,893.865,0.00,0.00,0.00,0.00,0.00,0.00,0.00,0,,3.0,30.0,40.0
2025-10-11T15:19:21.855731,895.867,0.00,0.00,0.00,0.00,0.00,0.00,0.00,0,,2.0,30.0,40.0
2025-10-11T15:19:21.860563,895.871,0.00,0.00,0.00,0.00,0.00,0.00,0.00,0,,2.0,30.0,40.0
2025-10-11T15:19:21.866714,895.878,0.00,0.00,0.00,0.00,0.00,0.00,0.00,0,,2.0,20.0,40.0
2025-10-11T15:19:21.871509,895.882,0.00,0.00,0.00,0.00,0.00,0.00,0.00,0,,2.0,20.0,40.0
2025-10-11T15:19:23.876202,897.887,0.00,0.00,0.00,0.00,0.00,0.00,0.00,0,,2.0,10.0,40.0
2025-10-11T15:19:23.881662,897.893,0.00,0.00,0.00,0.00,0.00,0.00,0.00,0,,2.0,10.0,40.0
2025-10-11T15:19:23.887258,897.898,0.00,0.00,0.00,0.00,0.00,0.00,0.00,0,,2.0,10.0,10.0
2025-10-11T15:19:23.893340,897.904,0.00,0.00,0.00,0.00,0.00,0.00,0.00,0,,2.0,10.0,10.0
2025-10-11T15:19:26.636577,900.647,0.00,0.00,0.00,0.00,0.00,0.00,0.00,0,,2.0,20.0,10.0
2025-10-11T15:19:26.642044,900.653,0.00,0.00,0.00,0.00,0.00,0.00,0.00,0,,2.0,20.0,10.0
2025-10-11T15:19:26.647250,900.658,0.00,0.00,0.00,0.00,0.00,0.00,0.00,0,,2.0,20.0,20.0
2025-10-11T15:19:26.652568,900.663,0.00,0.00,0.00,0.00,0.00,0.00,0.00,0,,2.0,20.0,20.0
2025-10-11T15:19:28.476137,902.487,0.00,0.00,0.00,0.00,0.00,0.00,0.00,0,,2.0,30.0,20.0
2025-10-11T15:19:28.480159,902.491,0.00,0.00,0.00,0.00,0.00,0.00,0.00,0,,2.0,30.0,20.0
2025-10-11T15:19:28.484469,902.495,0.00,0.00,0.00,0.00,0.00,0.00,0.00,0,,2.0,30.0,30.0
2025-10-11T15:19:28.489057,902.500,0.00,0.00,0.00,0.00,0.00,0.00,0.00,0,,2.0,30.0,30.0
2025-10-11T15:19:30.370934,904.382,0.00,0.00,0.00,0.00,0.00,0.00,0.00,0,,4.0,30.0,30.0
2025-10-11T15:19:30.375746,904.387,0.00,0.00,0.00,0.00,0.00,0.00,0.00,0,,4.0,30.0,30.0
2025-10-11T15:19:30.381072,904.392,0.00,0.00,0.00,0.00,0.00,0.00,0.00,0,,4.0,40.0,30.0
2025-10-11T15:19:30.385900,904.397,0.00,0.00,0.00,0.00,0.00,0.00,0.00,0,,4.0,40.0,30.0
2025-10-11T15:19:33.147617,907.158,0.00,0.00,0.00,0.00,0.00,0.00,0.00,0,,5.0,40.0,30.0
2025-10-11T15:19:33.152510,907.163,0.00,0.00,0.00,0.00,0.00,0.00,0.00,0,,5.0,40.0,30.0
2025-10-11T15:19:33.157612,907.168,0.00,0.00,0.00,0.00,0.00,0.00,0.00,0,,5.0,50.0,30.0
2025-10-11T15:19:33.163046,907.174,0.00,0.00,0.00,0.00,0.00,0.00,0.00,0,,5.0,50.0,30.0
2025-10-11T15:19:35.003390,909.014,0.00,0.00,0.00,0.00,0.00,0.00,0.00,0,,6.0,50.0,30.0
2025-10-11T15:19:35.007653,909.018,0.00,0.00,0.00,0.00,0.00,0.00,0.00,0,,6.0,50.0,30.0
2025-10-11T15:19:35.012341,909.023,0.00,0.00,0.00,0.00,0.00,0.00,0.00,0,,6.0,60.0,30.0
2025-10-11T15:19:35.018419,909.029,0.00,0.00,0.00,0.00,0.00,0.00,0.00,0,,6.0,60.0,30.0
2025-10-11T15:19:37.540468,911.551,0.00,0.00,0.00,0.00,0.00,0.00,0.00,0,,6.0,70.0,30.0
2025-10-11T15:19:37.544803,911.556,0.00,0.00,0.00,0.00,0.00,0.00,0.00,0,,6.0,70.0,30.0
2025-10-11T15:19:37.549781,911.561,0.00,0.00,0.00,0.00,0.00,0.00,0.00,0,,6.0,70.0,70.0
2025-10-11T15:19:37.554354,911.565,0.00,0.00,0.00,0.00,0.00,0.00,0.00,0,,6.0,70.0,70.0
2025-10-11T15:19:39.390305,913.401,0.00,0.00,0.00,0.00,0.00,0.00,0.00,0,,8.0,70.0,70.0
2025-10-11T15:19:39.395000,913.406,0.00,0.00,0.00,0.00,0.00,0.00,0.00,0,,8.0,70.0,70.0
2025-10-11T15:19:39.400256,913.411,0.00,0.00,0.00,0.00,0.00,0.00,0.00,0,,8.0,80.0,70.0
2025-10-11T15:19:39.405185,913.416,0.00,0.00,0.00,0.00,0.00,0.00,0.00,0,,8.0,80.0,70.0
2025-10-11T15:19:42.079337,916.090,0.00,0.00,0.00,0.00,0.00,0.00,0.00,0,,9.0,80.0,70.0
2025-10-11T15:19:42.083490,916.094,0.00,0.00,0.00,0.00,0.00,0.00,0.00,0,,9.0,80.0,70.0
2025-10-11T15:19:42.088544,916.099,0.00,0.00,0.00,0.00,0.00,0.00,0.00,0,,9.0,90.0,70.0
2025-10-11T15:19:42.092492,916.103,0.00,0.00,0.00,0.00,0.00,0.00,0.00,0,,9.0,90.0,70.0
2025-10-11T15:19:43.761309,917.772,0.00,0.00,0.00,0.00,0.00,0.00,0.00,0,,8.0,90.0,70.0
2025-10-11T15:19:43.765528,917.776,0.00,0.00,0.00,0.00,0.00,0.00,0.00,0,,8.0,90.0,70.0
2025-10-11T15:19:43.770365,917.781,0.00,0.00,0.00,0.00,0.00,0.00,0.00,0,,8.0,80.0,70.0
2025-10-11T15:19:43.776350,917.787,0.00,0.00,0.00,0.00,0.00,0.00,0.00,0,,8.0,80.0,70.0
2025-10-11T15:19:46.413243,920.424,0.00,0.00,0.00,0.00,0.00,0.00,0.00,0,,7.0,80.0,70.0
2025-10-11T15:19:46.419803,920.431,0.00,0.00,0.00,0.00,0.00,0.00,0.00,0,,7.0,80.0,70.0
2025-10-11T15:19:46.426063,920.437,0.00,0.00,0.00,0.00,0.00,0.00,0.00,0,,7.0,70.0,70.0
2025-10-11T15:19:46.432741,920.444,0.00,0.00,0.00,0.00,0.00,0.00,0.00,0,,7.0,70.0,70.0
2025-10-11T15:19:48.270366,922.281,0.00,0.00,0.00,0.00,0.00,0.00,0.00,0,,7.0,60.0,70.0
2025-10-11T15:19:48.274959,922.286,0.00,0.00,0.00,0.00,0.00,0.00,0.00,0,,7.0,60.0,70.0
2025-10-11T15:19:48.279716,922.291,0.00,0.00,0.00,0.00,0.00,0.00,0.00,0,,7.0,60.0,60.0
2025-10-11T15:19:48.284408,922.295,0.00,0.00,0.00,0.00,0.00,0.00,0.00,0,,7.0,60.0,60.0
2025-10-11T15:19:50.109319,924.120,0.00,0.00,0.00,0.00,0.00,0.00,0.00,0,,5.0,60.0,60.0
2025-10-11T15:19:50.114224,924.125,0.00,0.00,0.00,0.00,0.00,0.00,0.00,0,,5.0,60.0,60.0
2025-10-11T15:19:50.961830,924.973,0.00,0.00,0.00,0.00,0.00,0.00,0.00,0,,5.0,50.0,60.0
2025-10-11T15:19:50.966587,924.977,0.00,0.00,0.00,0.00,0.00,0.00,0.00,0,,5.0,50.0,60.0
2025-10-11T15:19:52.702216,926.713,0.00,0.00,0.00,0.00,0.00,0.00,0.00,0,,4.0,50.0,60.0
2025-10-11T15:19:52.706375,926.717,0.00,0.00,0.00,0.00,0.00,0.00,0.00,0,,4.0,50.0,60.0
2025-10-11T15:19:52.711433,926.722,0.00,0.00,0.00,0.00,0.00,0.00,0.00,0,,4.0,40.0,60.0
2025-10-11T15:19:52.716805,926.728,0.00,0.00,0.00,0.00,0.00,0.00,0.00,0,,4.0,40.0,60.0
2025-10-11T15:19:54.464538,928.475,0.00,0.00,0.00,0.00,0.00,0.00,0.00,0,,3.0,40.0,60.0
2025-10-11T15:19:54.470697,928.482,0.00,0.00,0.00,0.00,0.00,0.00,0.00,0,,3.0,40.0,60.0
2025-10-11T15:19:55.382709,929.394,0.00,0.00,0.00,0.00,0.00,0.00,0.00,0,,3.0,30.0,60.0
2025-10-11T15:19:55.386957,929.398,0.00,0.00,0.00,0.00,0.00,0.00,0.00,0,,3.0,30.0,60.0
2025-10-11T15:19:57.190946,931.202,0.00,0.00,0.00,0.00,0.00,0.00,0.00,0,,3.0,20.0,60.0
2025-10-11T15:19:57.195710,931.207,0.00,0.00,0.00,0.00,0.00,0.00,0.00,0,,3.0,20.0,60.0
2025-10-11T15:19:57.200589,931.211,0.00,0.00,0.00,0.00,0.00,0.00,0.00,0,,3.0,20.0,20.0
2025-10-11T15:19:57.205612,931.216,0.00,0.00,0.00,0.00,0.00,0.00,0.00,0,,3.0,20.0,20.0
2025-10-11T15:19:58.939008,932.950,0.00,0.00,0.00,0.00,0.00,0.00,0.00,0,,3.0,10.0,20.0
2025-10-11T15:19:58.943586,932.954,0.00,0.00,0.00,0.00,0.00,0.00,0.00,0,,3.0,10.0,20.0
2025-10-11T15:19:58.949432,932.960,0.00,0.00,0.00,0.00,0.00,0.00,0.00,0,,3.0,10.0,10.0
2025-10-11T15:19:58.954597,932.965,0.00,0.00,0.00,0.00,0.00,0.00,0.00,0,,3.0,10.0,10.0
2025-10-11T15:20:01.900060,935.911,0.00,0.00,0.00,0.00,0.00,0.00,0.00,0,,3.0,20.0,10.0
2025-10-11T15:20:01.905159,935.916,0.00,0.00,0.00,0.00,0.00,0.00,0.00,0,,3.0,20.0,10.0
2025-10-11T15:20:01.911510,935.922,0.00,0.00,0.00,0.00,0.00,0.00,0.00,0,,3.0,20.0,20.0
2025-10-11T15:20:01.918903,935.930,0.00,0.00,0.00,0.00,0.00,0.00,0.00,0,,3.0,20.0,20.0
2025-10-11T15:20:03.794908,937.806,0.00,0.00,0.00,0.00,0.00,0.00,0.00,0,,3.0,30.0,20.0
2025-10-11T15:20:03.801560,937.812,0.00,0.00,0.00,0.00,0.00,0.00,0.00,0,,3.0,30.0,20.0
2025-10-11T15:20:03.809444,937.820,0.00,0.00,0.00,0.00,0.00,0.00,0.00,0,,3.0,30.0,30.0
2025-10-11T15:20:03.815229,937.826,0.00,0.00,0.00,0.00,0.00,0.00,0.00,0,,3.0,30.0,30.0
2025-10-11T15:20:05.760012,939.771,0.00,0.00,0.00,0.00,0.00,0.00,0.00,0,,3.0,40.0,30.0
2025-10-11T15:20:05.765251,939.776,0.00,0.00,0.00,0.00,0.00,0.00,0.00,0,,3.0,40.0,30.0
2025-10-11T15:20:05.781046,939.792,0.00,0.00,0.00,0.00,0.00,0.00,0.00,0,,3.0,40.0,40.0
2025-10-11T15:20:05.801438,939.812,0.00,0.00,0.00,0.00,0.00,0.00,0.00,0,,3.0,40.0,40.0
2025-10-11T15:20:07.495388,941.506,0.00,0.00,0.00,0.00,0.00,0.00,0.00,0,,5.0,40.0,40.0
2025-10-11T15:20:07.499952,941.511,0.00,0.00,0.00,0.00,0.00,0.00,0.00,0,,5.0,40.0,40.0
2025-10-11T15:20:08.429876,942.441,0.00,0.00,0.00,0.00,0.00,0.00,0.00,0,,5.0,50.0,40.0
2025-10-11T15:20:08.434535,942.445,0.00,0.00,0.00,0.00,0.00,0.00,0.00,0,,5.0,50.0,40.0
2025-10-11T15:20:10.185832,944.197,0.00,0.00,0.00,0.00,0.00,0.00,0.00,0,,6.0,50.0,40.0
2025-10-11T15:20:10.191467,944.202,0.00,0.00,0.00,0.00,0.00,0.00,0.00,0,,6.0,50.0,40.0
2025-10-11T15:20:10.197956,944.209,0.00,0.00,0.00,0.00,0.00,0.00,0.00,0,,6.0,60.0,40.0
2025-10-11T15:20:10.208166,944.219,0.00,0.00,0.00,0.00,0.00,0.00,0.00,0,,6.0,60.0,40.0
2025-10-11T15:20:12.066918,946.078,0.00,0.00,0.00,0.00,0.00,0.00,0.00,0,,6.0,70.0,40.0
2025-10-11T15:20:12.071040,946.082,0.00,0.00,0.00,0.00,0.00,0.00,0.00,0,,6.0,70.0,40.0
2025-10-11T15:20:12.077383,946.089,0.00,0.00,0.00,0.00,0.00,0.00,0.00,0,,6.0,70.0,70.0
2025-10-11T15:20:12.083648,946.094,0.00,0.00,0.00,0.00,0.00,0.00,0.00,0,,6.0,70.0,70.0
2025-10-11T15:20:14.679605,948.690,0.00,0.00,0.00,0.00,0.00,0.00,0.00,0,,6.0,80.0,70.0
2025-10-11T15:20:14.684492,948.695,0.00,0.00,0.00,0.00,0.00,0.00,0.00,0,,6.0,80.0,70.0
2025-10-11T15:20:14.689995,948.701,0.00,0.00,0.00,0.00,0.00,0.00,0.00,0,,6.0,80.0,80.0
2025-10-11T15:20:14.695145,948.706,0.00,0.00,0.00,0.00,0.00,0.00,0.00,0,,6.0,80.0,80.0
2025-10-11T15:20:16.447604,950.458,0.00,0.00,0.00,0.00,0.00,0.00,0.00,0,,9.0,80.0,80.0
2025-10-11T15:20:16.451628,950.462,0.00,0.00,0.00,0.00,0.00,0.00,0.00,0,,9.0,80.0,80.0
2025-10-11T15:20:16.456208,950.467,0.00,0.00,0.00,0.00,0.00,0.00,0.00,0,,9.0,90.0,80.0
2025-10-11T15:20:16.463436,950.474,0.00,0.00,0.00,0.00,0.00,0.00,0.00,0,,9.0,90.0,80.0
2025-10-11T15:20:19.306254,953.317,0.00,0.00,0.00,0.00,0.00,0.00,0.00,0,,8.0,90.0,80.0
2025-10-11T15:20:19.310567,953.321,0.00,0.00,0.00,0.00,0.00,0.00,0.00,0,,8.0,90.0,80.0
2025-10-11T15:20:19.314918,953.326,0.00,0.00,0.00,0.00,0.00,0.00,0.00,0,,8.0,80.0,80.0
2025-10-11T15:20:19.320390,953.331,0.00,0.00,0.00,0.00,0.00,0.00,0.00,0,,8.0,80.0,80.0
2025-10-11T15:20:21.049062,955.060,0.00,0.00,0.00,0.00,0.00,0.00,0.00,0,,7.0,80.0,80.0
2025-10-11T15:20:21.053922,955.065,0.00,0.00,0.00,0.00,0.00,0.00,0.00,0,,7.0,80.0,80.0
2025-10-11T15:20:21.059322,955.070,0.00,0.00,0.00,0.00,0.00,0.00,0.00,0,,7.0,70.0,80.0
2025-10-11T15:20:21.065809,955.077,0.00,0.00,0.00,0.00,0.00,0.00,0.00,0,,7.0,70.0,80.0
2025-10-11T15:20:22.942693,956.954,0.00,0.00,0.00,0.00,0.00,0.00,0.00,0,,6.0,70.0,80.0
2025-10-11T15:20:22.947760,956.959,0.00,0.00,0.00,0.00,0.00,0.00,0.00,0,,6.0,70.0,80.0
2025-10-11T15:20:22.957710,956.969,0.00,0.00,0.00,0.00,0.00,0.00,0.00,0,,6.0,60.0,80.0
2025-10-11T15:20:22.966076,956.977,0.00,0.00,0.00,0.00,0.00,0.00,0.00,0,,6.0,60.0,80.0
2025-10-11T15:20:25.737635,959.748,0.00,0.00,0.00,0.00,0.00,0.00,0.00,0,,5.0,60.0,80.0
2025-10-11T15:20:25.746170,959.757,0.00,0.00,0.00,0.00,0.00,0.00,0.00,0,,5.0,60.0,80.0
2025-10-11T15:20:25.755897,959.767,0.00,0.00,0.00,0.00,0.00,0.00,0.00,0,,5.0,50.0,80.0
2025-10-11T15:20:25.763650,959.774,0.00,0.00,0.00,0.00,0.00,0.00,0.00,0,,5.0,50.0,80.0
2025-10-11T15:20:27.405625,961.416,0.00,0.00,0.00,0.00,0.00,0.00,0.00,0,,5.0,40.0,80.0
2025-10-11T15:20:27.409709,961.421,0.00,0.00,0.00,0.00,0.00,0.00,0.00,0,,5.0,40.0,80.0
2025-10-11T15:20:27.415038,961.426,0.00,0.00,0.00,0.00,0.00,0.00,0.00,0,,5.0,40.0,40.0
2025-10-11T15:20:27.419955,961.431,0.00,0.00,0.00,0.00,0.00,0.00,0.00,0,,5.0,40.0,40.0
2025-10-11T15:20:29.735122,963.746,0.00,0.00,0.00,0.00,0.00,0.00,0.00,0,,5.0,30.0,40.0
2025-10-11T15:20:29.739101,963.750,0.00,0.00,0.00,0.00,0.00,0.00,0.00,0,,5.0,30.0,40.0
2025-10-11T15:20:29.745481,963.756,0.00,0.00,0.00,0.00,0.00,0.00,0.00,0,,5.0,30.0,30.0
2025-10-11T15:20:29.751254,963.762,0.00,0.00,0.00,0.00,0.00,0.00,0.00,0,,5.0,30.0,30.0
2025-10-11T15:20:32.009589,966.020,0.00,0.00,0.00,0.00,0.00,0.00,0.00,0,,2.0,30.0,30.0
2025-10-11T15:20:32.013809,966.025,0.00,0.00,0.00,0.00,0.00,0.00,0.00,0,,2.0,30.0,30.0
2025-10-11T15:20:32.019255,966.030,0.00,0.00,0.00,0.00,0.00,0.00,0.00,0,,2.0,20.0,30.0
2025-10-11T15:20:32.024867,966.036,0.00,0.00,0.00,0.00,0.00,0.00,0.00,0,,2.0,20.0,30.0
2025-10-11T15:20:34.002693,968.014,0.00,0.00,0.00,0.00,0.00,0.00,0.00,0,,2.0,10.0,30.0
2025-10-11T15:20:34.044886,968.056,0.00,0.00,0.00,0.00,0.00,0.00,0.00,0,,2.0,10.0,30.0
2025-10-11T15:20:34.058617,968.069,0.00,0.00,0.00,0.00,0.00,0.00,0.00,0,,2.0,10.0,10.0
2025-10-11T15:20:34.078519,968.089,0.00,0.00,0.00,0.00,0.00,0.00,0.00,0,,2.0,10.0,10.0
2025-10-11T15:20:36.420194,970.431,0.00,0.00,0.00,0.00,0.00,0.00,0.00,0,,2.0,20.0,10.0
2025-10-11T15:20:36.425987,970.437,0.00,0.00,0.00,0.00,0.00,0.00,0.00,0,,2.0,20.0,10.0
2025-10-11T15:20:36.433040,970.444,0.00,0.00,0.00,0.00,0.00,0.00,0.00,0,,2.0,20.0,20.0
2025-10-11T15:20:36.439597,970.450,0.00,0.00,0.00,0.00,0.00,0.00,0.00,0,,2.0,20.0,20.0
2025-10-11T15:20:38.129700,972.141,0.00,0.00,0.00,0.00,0.00,0.00,0.00,0,,2.0,30.0,20.0
2025-10-11T15:20:38.136429,972.147,0.00,0.00,0.00,0.00,0.00,0.00,0.00,0,,2.0,30.0,20.0
2025-10-11T15:20:38.679308,972.690,0.00,0.00,0.00,0.00,0.00,0.00,0.00,0,,2.0,30.0,30.0
2025-10-11T15:20:38.684364,972.695,0.00,0.00,0.00,0.00,0.00,0.00,0.00,0,,2.0,30.0,30.0
2025-10-11T15:20:40.350819,974.362,0.00,0.00,0.00,0.00,0.00,0.00,0.00,0,,4.0,30.0,30.0
2025-10-11T15:20:40.356193,974.367,0.00,0.00,0.00,0.00,0.00,0.00,0.00,0,,4.0,30.0,30.0
2025-10-11T15:20:41.329169,975.340,0.00,0.00,0.00,0.00,0.00,0.00,0.00,0,,4.0,40.0,30.0
2025-10-11T15:20:41.334556,975.345,0.00,0.00,0.00,0.00,0.00,0.00,0.00,0,,4.0,40.0,30.0
2025-10-11T15:20:43.238694,977.250,0.00,0.00,0.00,0.00,0.00,0.00,0.00,0,,5.0,40.0,30.0
2025-10-11T15:20:43.242360,977.253,0.00,0.00,0.00,0.00,0.00,0.00,0.00,0,,5.0,40.0,30.0
2025-10-11T15:20:43.246849,977.258,0.00,0.00,0.00,0.00,0.00,0.00,0.00,0,,5.0,50.0,30.0
2025-10-11T15:20:43.252629,977.263,0.00,0.00,0.00,0.00,0.00,0.00,0.00,0,,5.0,50.0,30.0
2025-10-11T15:20:45.226839,979.238,0.00,0.00,0.00,0.00,0.00,0.00,0.00,0,,6.0,50.0,30.0
2025-10-11T15:20:45.236737,979.248,0.00,0.00,0.00,0.00,0.00,0.00,0.00,0,,6.0,50.0,30.0
2025-10-11T15:20:45.248039,979.259,0.00,0.00,0.00,0.00,0.00,0.00,0.00,0,,6.0,60.0,30.0
2025-10-11T15:20:45.264351,979.275,0.00,0.00,0.00,0.00,0.00,0.00,0.00,0,,6.0,60.0,30.0
2025-10-11T15:20:47.227331,981.238,0.00,0.00,0.00,0.00,0.00,0.00,0.00,0,,6.0,70.0,30.0
2025-10-11T15:20:47.232115,981.243,0.00,0.00,0.00,0.00,0.00,0.00,0.00,0,,6.0,70.0,30.0
2025-10-11T15:20:47.237596,981.248,0.00,0.00,0.00,0.00,0.00,0.00,0.00,0,,6.0,70.0,70.0
2025-10-11T15:20:47.242827,981.254,0.00,0.00,0.00,0.00,0.00,0.00,0.00,0,,6.0,70.0,70.0
2025-10-11T15:20:49.199511,983.210,0.00,0.00,0.00,0.00,0.00,0.00,0.00,0,,6.0,80.0,70.0
2025-10-11T15:20:49.204021,983.215,0.00,0.00,0.00,0.00,0.00,0.00,0.00,0,,6.0,80.0,70.0
2025-10-11T15:20:49.209175,983.220,0.00,0.00,0.00,0.00,0.00,0.00,0.00,0,,6.0,80.0,80.0
2025-10-11T15:20:49.214135,983.225,0.00,0.00,0.00,0.00,0.00,0.00,0.00,0,,6.0,80.0,80.0
2025-10-11T15:20:51.282230,985.293,0.00,0.00,0.00,0.00,0.00,0.00,0.00,0,,6.0,90.0,80.0
2025-10-11T15:20:51.293847,985.305,0.00,0.00,0.00,0.00,0.00,0.00,0.00,0,,6.0,90.0,80.0
2025-10-11T15:20:52.343962,986.355,0.00,0.00,0.00,0.00,0.00,0.00,0.00,0,,6.0,90.0,90.0
2025-10-11T15:20:52.352630,986.363,0.00,0.00,0.00,0.00,0.00,0.00,0.00,0,,6.0,90.0,90.0
2025-10-11T15:20:54.239598,988.250,0.00,0.00,0.00,0.00,0.00,0.00,0.00,0,,8.0,90.0,90.0
2025-10-11T15:20:54.243764,988.255,0.00,0.00,0.00,0.00,0.00,0.00,0.00,0,,8.0,90.0,90.0
2025-10-11T15:20:54.248892,988.260,0.00,0.00,0.00,0.00,0.00,0.00,0.00,0,,8.0,80.0,90.0
2025-10-11T15:20:54.254497,988.265,0.00,0.00,0.00,0.00,0.00,0.00,0.00,0,,8.0,80.0,90.0
2025-10-11T15:20:56.043783,990.055,0.00,0.00,0.00,0.00,0.00,0.00,0.00,0,,8.0,70.0,90.0
2025-10-11T15:20:56.051116,990.062,0.00,0.00,0.00,0.00,0.00,0.00,0.00,0,,8.0,70.0,90.0
2025-10-11T15:20:56.057220,990.068,0.00,0.00,0.00,0.00,0.00,0.00,0.00,0,,8.0,70.0,70.0
2025-10-11T15:20:56.062340,990.073,0.00,0.00,0.00,0.00,0.00,0.00,0.00,0,,8.0,70.0,70.0
2025-10-11T15:20:58.330722,992.342,0.00,0.00,0.00,0.00,0.00,0.00,0.00,0,,6.0,70.0,70.0
2025-10-11T15:20:58.335396,992.346,0.00,0.00,0.00,0.00,0.00,0.00,0.00,0,,6.0,70.0,70.0
2025-10-11T15:20:58.340788,992.352,0.00,0.00,0.00,0.00,0.00,0.00,0.00,0,,6.0,60.0,70.0
2025-10-11T15:20:58.346114,992.357,0.00,0.00,0.00,0.00,0.00,0.00,0.00,0,,6.0,60.0,70.0
2025-10-11T15:21:03.926970,997.938,0.00,0.00,0.00,0.00,0.00,0.00,0.00,0,,3.0,60.0,70.0
2025-10-11T15:21:03.931813,997.943,0.00,0.00,0.00,0.00,0.00,0.00,0.00,0,,3.0,60.0,70.0
2025-10-11T15:21:05.762453,999.773,0.00,0.00,0.00,0.00,0.00,0.00,0.00,0,,3.0,40.0,70.0
2025-10-11T15:21:05.768488,999.779,0.00,0.00,0.00,0.00,0.00,0.00,0.00,0,,3.0,40.0,70.0
2025-10-11T15:21:07.962661,1001.973,0.00,0.00,0.00,0.00,0.00,0.00,0.00,0,,3.0,50.0,70.0
2025-10-11T15:21:07.967859,1001.979,0.00,0.00,0.00,0.00,0.00,0.00,0.00,0,,3.0,50.0,70.0
2025-10-11T15:21:09.858880,1003.870,0.00,0.00,0.00,0.00,0.00,0.00,0.00,0,,3.0,60.0,70.0
2025-10-11T15:21:09.863532,1003.874,0.00,0.00,0.00,0.00,0.00,0.00,0.00,0,,3.0,60.0,70.0
2025-10-11T15:21:11.709541,1005.720,0.00,0.00,0.00,0.00,0.00,0.00,0.00,0,,3.0,70.0,70.0
2025-10-11T15:21:11.714051,1005.725,0.00,0.00,0.00,0.00,0.00,0.00,0.00,0,,3.0,70.0,70.0
2025-10-11T15:21:13.552865,1007.564,0.00,0.00,0.00,0.00,0.00,0.00,0.00,0,,3.0,80.0,70.0
2025-10-11T15:21:13.559602,1007.570,0.00,0.00,0.00,0.00,0.00,0.00,0.00,0,,3.0,80.0,70.0
2025-10-11T15:21:15.969487,1009.980,0.00,0.00,0.00,0.00,0.00,0.00,0.00,0,,9.0,80.0,70.0
2025-10-11T15:21:15.974462,1009.985,0.00,0.00,0.00,0.00,0.00,0.00,0.00,0,,9.0,80.0,70.0
2025-10-11T15:21:17.936311,1011.947,0.00,0.00,0.00,0.00,0.00,0.00,0.00,0,,8.0,80.0,70.0
2025-10-11T15:21:17.941054,1011.952,0.00,0.00,0.00,0.00,0.00,0.00,0.00,0,,8.0,80.0,70.0
2025-10-11T15:21:19.917082,1013.928,0.00,0.00,0.00,0.00,0.00,0.00,0.00,0,,8.0,70.0,70.0
2025-10-11T15:21:19.921444,1013.932,0.00,0.00,0.00,0.00,0.00,0.00,0.00,0,,8.0,70.0,70.0
2025-10-11T15:21:21.813310,1015.824,0.00,0.00,0.00,0.00,0.00,0.00,0.00,0,,6.0,70.0,70.0
2025-10-11T15:21:21.818110,1015.829,0.00,0.00,0.00,0.00,0.00,0.00,0.00,0,,6.0,70.0,70.0
2025-10-11T15:21:24.147826,1018.159,0.00,0.00,0.00,0.00,0.00,0.00,0.00,0,,5.0,70.0,70.0
2025-10-11T15:21:24.152430,1018.163,0.00,0.00,0.00,0.00,0.00,0.00,0.00,0,,5.0,70.0,70.0
2025-10-11T15:21:26.296268,1020.307,0.00,0.00,0.00,0.00,0.00,0.00,0.00,0,,4.0,70.0,70.0
2025-10-11T15:21:26.301857,1020.313,0.00,0.00,0.00,0.00,0.00,0.00,0.00,0,,4.0,70.0,70.0
2025-10-11T15:21:28.845658,1022.857,0.00,0.00,0.00,0.00,0.00,0.00,0.00,0,,3.0,70.0,70.0
2025-10-11T15:21:28.851934,1022.863,0.00,0.00,0.00,0.00,0.00,0.00,0.00,0,,3.0,70.0,70.0
2025-10-11T15:21:30.342641,1024.353,0.00,0.00,0.00,0.00,0.00,0.00,0.00,0,,2.0,70.0,70.0
2025-10-11T15:21:30.350237,1024.361,0.00,0.00,0.00,0.00,0.00,0.00,0.00,0,,2.0,70.0,70.0
2025-10-11T15:21:33.037711,1027.049,0.00,0.00,0.00,0.00,0.00,0.00,0.00,0,,2.0,10.0,70.0
2025-10-11T15:21:33.042830,1027.054,0.00,0.00,0.00,0.00,0.00,0.00,0.00,0,,2.0,10.0,70.0
2025-10-11T15:21:35.025397,1029.036,0.00,0.00,0.00,0.00,0.00,0.00,0.00,0,,2.0,10.0,70.0
2025-10-11T15:21:35.030345,1029.041,0.00,0.00,0.00,0.00,0.00,0.00,0.00,0,,2.0,10.0,70.0
2025-10-11T15:21:37.044584,1031.055,0.00,0.00,0.00,0.00,0.00,0.00,0.00,0,,2.0,30.0,70.0
2025-10-11T15:21:37.050905,1031.062,0.00,0.00,0.00,0.00,0.00,0.00,0.00,0,,2.0,30.0,70.0
2025-10-11T15:21:38.875768,1032.887,0.00,0.00,0.00,0.00,0.00,0.00,0.00,0,,4.0,30.0,70.0
2025-10-11T15:21:38.880413,1032.891,0.00,0.00,0.00,0.00,0.00,0.00,0.00,0,,4.0,30.0,70.0
2025-10-11T15:21:40.727805,1034.739,0.00,0.00,0.00,0.00,0.00,0.00,0.00,0,,5.0,30.0,70.0
2025-10-11T15:21:40.732498,1034.743,0.00,0.00,0.00,0.00,0.00,0.00,0.00,0,,5.0,30.0,70.0
2025-10-11T15:21:42.662309,1036.673,0.00,0.00,0.00,0.00,0.00,0.00,0.00,0,,6.0,30.0,70.0
2025-10-11T15:21:42.667181,1036.678,0.00,0.00,0.00,0.00,0.00,0.00,0.00,0,,6.0,30.0,70.0
2025-10-11T15:21:47.389048,1041.400,0.00,0.00,0.00,0.00,0.00,0.00,0.00,0,,6.0,30.0,70.0
2025-10-11T15:21:47.394129,1041.405,0.00,0.00,0.00,0.00,0.00,0.00,0.00,0,,6.0,30.0,70.0
2025-10-11T15:21:48.352573,1042.363,0.00,0.00,0.00,0.00,0.00,0.00,0.00,0,,6.0,40.0,70.0
2025-10-11T15:21:48.357229,1042.368,0.00,0.00,0.00,0.00,0.00,0.00,0.00,0,,6.0,40.0,70.0
2025-10-11T15:21:48.362210,1042.373,0.00,0.00,0.00,0.00,0.00,0.00,0.00,0,,6.0,50.0,70.0
2025-10-11T15:21:48.367842,1042.379,0.00,0.00,0.00,0.00,0.00,0.00,0.00,0,,6.0,50.0,70.0
2025-10-11T15:21:48.970800,1042.982,0.00,0.00,0.00,0.00,0.00,0.00,0.00,0,,6.0,50.0,70.0
2025-10-11T15:21:48.977509,1042.988,0.00,0.00,0.00,0.00,0.00,0.00,0.00,0,,6.0,50.0,70.0
2025-10-11T15:21:49.623958,1043.635,0.00,0.00,0.00,0.00,0.00,0.00,0.00,0,,7.0,50.0,70.0
2025-10-11T15:21:49.628616,1043.639,0.00,0.00,0.00,0.00,0.00,0.00,0.00,0,,7.0,50.0,70.0
2025-10-11T15:21:50.177453,1044.188,0.00,0.00,0.00,0.00,0.00,0.00,0.00,0,,8.0,50.0,70.0
2025-10-11T15:21:50.181333,1044.192,0.00,0.00,0.00,0.00,0.00,0.00,0.00,0,,8.0,50.0,70.0
2025-10-11T15:21:50.722507,1044.733,0.00,0.00,0.00,0.00,0.00,0.00,0.00,0,,8.0,90.0,70.0
2025-10-11T15:21:50.726779,1044.738,0.00,0.00,0.00,0.00,0.00,0.00,0.00,0,,8.0,90.0,70.0
2025-10-11T15:21:51.219145,1045.230,0.00,0.00,0.00,0.00,0.00,0.00,0.00,0,,8.0,90.0,70.0
2025-10-11T15:21:51.224064,1045.235,0.00,0.00,0.00,0.00,0.00,0.00,0.00,0,,8.0,90.0,70.0
2025-10-11T15:21:51.739050,1045.750,0.00,0.00,0.00,0.00,0.00,0.00,0.00,0,,8.0,70.0,70.0
2025-10-11T15:21:51.743051,1045.754,0.00,0.00,0.00,0.00,0.00,0.00,0.00,0,,8.0,70.0,70.0
2025-10-11T15:21:52.241055,1046.252,0.00,0.00,0.00,0.00,0.00,0.00,0.00,0,,6.0,70.0,70.0
2025-10-11T15:21:52.245864,1046.257,0.00,0.00,0.00,0.00,0.00,0.00,0.00,0,,6.0,70.0,70.0
2025-10-11T15:21:52.782246,1046.793,0.00,0.00,0.00,0.00,0.00,0.00,0.00,0,,5.0,70.0,70.0
2025-10-11T15:21:52.787889,1046.799,0.00,0.00,0.00,0.00,0.00,0.00,0.00,0,,5.0,70.0,70.0
2025-10-11T15:21:53.771082,1047.782,0.00,0.00,0.00,0.00,0.00,0.00,0.00,0,,5.0,40.0,70.0
2025-10-11T15:21:53.776382,1047.787,0.00,0.00,0.00,0.00,0.00,0.00,0.00,0,,5.0,40.0,70.0
2025-10-11T15:21:54.241895,1048.253,0.00,0.00,0.00,0.00,0.00,0.00,0.00,0,,5.0,30.0,70.0
2025-10-11T15:21:54.245875,1048.257,0.00,0.00,0.00,0.00,0.00,0.00,0.00,0,,5.0,30.0,70.0
2025-10-11T15:21:54.744166,1048.755,0.00,0.00,0.00,0.00,0.00,0.00,0.00,0,,5.0,20.0,70.0
2025-10-11T15:21:54.748941,1048.760,0.00,0.00,0.00,0.00,0.00,0.00,0.00,0,,5.0,20.0,70.0
2025-10-11T15:21:55.356832,1049.368,0.00,0.00,0.00,0.00,0.00,0.00,0.00,0,,1.0,20.0,70.0
2025-10-11T15:21:55.362370,1049.373,0.00,0.00,0.00,0.00,0.00,0.00,0.00,0,,1.0,20.0,70.0
2025-10-11T15:21:56.113112,1050.124,0.00,0.00,0.00,0.00,0.00,0.00,0.00,0,,1.0,20.0,70.0
2025-10-11T15:21:56.118859,1050.130,0.00,0.00,0.00,0.00,0.00,0.00,0.00,0,,1.0,20.0,70.0
2025-10-11T15:21:56.124293,1050.135,0.00,0.00,0.00,0.00,0.00,0.00,0.00,0,,1.0,30.0,70.0
2025-10-11T15:21:56.130105,1050.141,0.00,0.00,0.00,0.00,0.00,0.00,0.00,0,,1.0,30.0,70.0
2025-10-11T15:21:56.892611,1050.903,0.00,0.00,0.00,0.00,0.00,0.00,0.00,0,,4.0,30.0,70.0
2025-10-11T15:21:56.897776,1050.909,0.00,0.00,0.00,0.00,0.00,0.00,0.00,0,,4.0,30.0,70.0
2025-10-11T15:21:57.518846,1051.530,0.00,0.00,0.00,0.00,0.00,0.00,0.00,0,,5.0,30.0,70.0
2025-10-11T15:21:57.522747,1051.534,0.00,0.00,0.00,0.00,0.00,0.00,0.00,0,,5.0,30.0,70.0
2025-10-11T15:21:58.178042,1052.189,0.00,0.00,0.00,0.00,0.00,0.00,0.00,0,,6.0,30.0,70.0
2025-10-11T15:21:58.182100,1052.193,0.00,0.00,0.00,0.00,0.00,0.00,0.00,0,,6.0,30.0,70.0
2025-10-11T15:21:58.687557,1052.698,0.00,0.00,0.00,0.00,0.00,0.00,0.00,0,,7.0,30.0,70.0
2025-10-11T15:21:58.691941,1052.703,0.00,0.00,0.00,0.00,0.00,0.00,0.00,0,,7.0,30.0,70.0
2025-10-11T15:21:59.206616,1053.217,0.00,0.00,0.00,0.00,0.00,0.00,0.00,0,,7.0,80.0,70.0
2025-10-11T15:21:59.211068,1053.222,0.00,0.00,0.00,0.00,0.00,0.00,0.00,0,,7.0,80.0,70.0
2025-10-11T15:21:59.702295,1053.713,0.00,0.00,0.00,0.00,0.00,0.00,0.00,0,,7.0,90.0,70.0
2025-10-11T15:21:59.706724,1053.718,0.00,0.00,0.00,0.00,0.00,0.00,0.00,0,,7.0,90.0,70.0
2025-10-11T15:22:00.268449,1054.279,0.00,0.00,0.00,0.00,0.00,0.00,0.00,0,,7.0,80.0,70.0
2025-10-11T15:22:00.273524,1054.284,0.00,0.00,0.00,0.00,0.00,0.00,0.00,0,,7.0,80.0,70.0
2025-10-11T15:22:00.780743,1054.792,0.00,0.00,0.00,0.00,0.00,0.00,0.00,0,,7.0,80.0,70.0
2025-10-11T15:22:00.785775,1054.797,0.00,0.00,0.00,0.00,0.00,0.00,0.00,0,,7.0,80.0,70.0
2025-10-11T15:22:01.817968,1055.829,0.00,0.00,0.00,0.00,0.00,0.00,0.00,0,,7.0,60.0,70.0
2025-10-11T15:22:01.823129,1055.834,0.00,0.00,0.00,0.00,0.00,0.00,0.00,0,,7.0,60.0,70.0
2025-10-11T15:22:02.378845,1056.390,0.00,0.00,0.00,0.00,0.00,0.00,0.00,0,,7.0,50.0,70.0
2025-10-11T15:22:02.383908,1056.395,0.00,0.00,0.00,0.00,0.00,0.00,0.00,0,,7.0,50.0,70.0
2025-10-11T15:22:02.873706,1056.885,0.00,0.00,0.00,0.00,0.00,0.00,0.00,0,,7.0,40.0,70.0
2025-10-11T15:22:02.878890,1056.890,0.00,0.00,0.00,0.00,0.00,0.00,0.00,0,,7.0,40.0,70.0
2025-10-11T15:22:03.396972,1057.408,0.00,0.00,0.00,0.00,0.00,0.00,0.00,0,,7.0,30.0,70.0
2025-10-11T15:22:03.400762,1057.412,0.00,0.00,0.00,0.00,0.00,0.00,0.00,0,,7.0,30.0,70.0
2025-10-11T15:22:03.951513,1057.962,0.00,0.00,0.00,0.00,0.00,0.00,0.00,0,,7.0,20.0,70.0
2025-10-11T15:22:03.958105,1057.969,0.00,0.00,0.00,0.00,0.00,0.00,0.00,0,,7.0,20.0,70.0
2025-10-11T15:22:04.486483,1058.497,0.00,0.00,0.00,0.00,0.00,0.00,0.00,0,,1.0,20.0,70.0
2025-10-11T15:22:04.491434,1058.502,0.00,0.00,0.00,0.00,0.00,0.00,0.00,0,,1.0,20.0,70.0
2025-10-11T15:22:05.023908,1059.035,0.00,0.00,0.00,0.00,0.00,0.00,0.00,0,,1.0,20.0,70.0
2025-10-11T15:22:05.029029,1059.040,0.00,0.00,0.00,0.00,0.00,0.00,0.00,0,,1.0,20.0,70.0
2025-10-11T15:22:05.532306,1059.543,0.00,0.00,0.00,0.00,0.00,0.00,0.00,0,,3.0,20.0,70.0
2025-10-11T15:22:05.537367,1059.548,0.00,0.00,0.00,0.00,0.00,0.00,0.00,0,,3.0,20.0,70.0
2025-10-11T15:22:06.162672,1060.174,0.00,0.00,0.00,0.00,0.00,0.00,0.00,0,,3.0,40.0,70.0
2025-10-11T15:22:06.168174,1060.179,0.00,0.00,0.00,0.00,0.00,0.00,0.00,0,,3.0,40.0,70.0
2025-10-11T15:22:06.689917,1060.701,0.00,0.00,0.00,0.00,0.00,0.00,0.00,0,,3.0,50.0,70.0
2025-10-11T15:22:06.695156,1060.706,0.00,0.00,0.00,0.00,0.00,0.00,0.00,0,,3.0,50.0,70.0
2025-10-11T15:22:07.220556,1061.231,0.00,0.00,0.00,0.00,0.00,0.00,0.00,0,,6.0,50.0,70.0
2025-10-11T15:22:07.225266,1061.236,0.00,0.00,0.00,0.00,0.00,0.00,0.00,0,,6.0,50.0,70.0
2025-10-11T15:22:07.788179,1061.799,0.00,0.00,0.00,0.00,0.00,0.00,0.00,0,,6.0,70.0,70.0
2025-10-11T15:22:07.793527,1061.804,0.00,0.00,0.00,0.00,0.00,0.00,0.00,0,,6.0,70.0,70.0
2025-10-11T15:22:08.329417,1062.340,0.00,0.00,0.00,0.00,0.00,0.00,0.00,0,,8.0,70.0,70.0
2025-10-11T15:22:08.333693,1062.345,0.00,0.00,0.00,0.00,0.00,0.00,0.00,0,,8.0,70.0,70.0
2025-10-11T15:22:08.820693,1062.832,0.00,0.00,0.00,0.00,0.00,0.00,0.00,0,,8.0,90.0,70.0
2025-10-11T15:22:08.826402,1062.837,0.00,0.00,0.00,0.00,0.00,0.00,0.00,0,,8.0,90.0,70.0
2025-10-11T15:22:09.810730,1063.822,0.00,0.00,0.00,0.00,0.00,0.00,0.00,0,,8.0,80.0,70.0
2025-10-11T15:22:09.815029,1063.826,0.00,0.00,0.00,0.00,0.00,0.00,0.00,0,,8.0,80.0,70.0
2025-10-11T15:22:10.397122,1064.408,0.00,0.00,0.00,0.00,0.00,0.00,0.00,0,,8.0,70.0,70.0
2025-10-11T15:22:10.403136,1064.414,0.00,0.00,0.00,0.00,0.00,0.00,0.00,0,,8.0,70.0,70.0
2025-10-11T15:22:11.166183,1065.177,0.00,0.00,0.00,0.00,0.00,0.00,0.00,0,,6.0,70.0,70.0
2025-10-11T15:22:11.172471,1065.183,0.00,0.00,0.00,0.00,0.00,0.00,0.00,0,,6.0,70.0,70.0
2025-10-11T15:22:11.178086,1065.189,0.00,0.00,0.00,0.00,0.00,0.00,0.00,0,,6.0,50.0,70.0
2025-10-11T15:22:11.185810,1065.197,0.00,0.00,0.00,0.00,0.00,0.00,0.00,0,,6.0,50.0,70.0
2025-10-11T15:22:12.287529,1066.298,0.00,0.00,0.00,0.00,0.00,0.00,0.00,0,,4.0,50.0,70.0
2025-10-11T15:22:12.291227,1066.302,0.00,0.00,0.00,0.00,0.00,0.00,0.00,0,,4.0,50.0,70.0
2025-10-11T15:22:12.806754,1066.818,0.00,0.00,0.00,0.00,0.00,0.00,0.00,0,,3.0,50.0,70.0
2025-10-11T15:22:12.813390,1066.824,0.00,0.00,0.00,0.00,0.00,0.00,0.00,0,,3.0,50.0,70.0
2025-10-11T15:22:13.363074,1067.374,0.00,0.00,0.00,0.00,0.00,0.00,0.00,0,,2.0,50.0,70.0
2025-10-11T15:22:13.367762,1067.379,0.00,0.00,0.00,0.00,0.00,0.00,0.00,0,,2.0,50.0,70.0
2025-10-11T15:22:13.930344,1067.941,0.00,0.00,0.00,0.00,0.00,0.00,0.00,0,,2.0,10.0,70.0
2025-10-11T15:22:13.935883,1067.947,0.00,0.00,0.00,0.00,0.00,0.00,0.00,0,,2.0,10.0,70.0
2025-10-11T15:22:14.566338,1068.577,0.00,0.00,0.00,0.00,0.00,0.00,0.00,0,,2.0,20.0,70.0
2025-10-11T15:22:14.571383,1068.582,0.00,0.00,0.00,0.00,0.00,0.00,0.00,0,,2.0,20.0,70.0
2025-10-11T15:22:15.151953,1069.163,0.00,0.00,0.00,0.00,0.00,0.00,0.00,0,,3.0,20.0,70.0
2025-10-11T15:22:15.175731,1069.187,0.00,0.00,0.00,0.00,0.00,0.00,0.00,0,,3.0,20.0,70.0
2025-10-11T15:22:16.121477,1070.132,0.00,0.00,0.00,0.00,0.00,0.00,0.00,0,,4.0,20.0,70.0
2025-10-11T15:22:16.126866,1070.138,0.00,0.00,0.00,0.00,0.00,0.00,0.00,0,,4.0,20.0,70.0
2025-10-11T15:22:16.132227,1070.143,0.00,0.00,0.00,0.00,0.00,0.00,0.00,0,,4.0,50.0,70.0
2025-10-11T15:22:16.139570,1070.150,0.00,0.00,0.00,0.00,0.00,0.00,0.00,0,,4.0,50.0,70.0
2025-10-11T15:22:17.124020,1071.135,0.00,0.00,0.00,0.00,0.00,0.00,0.00,0,,4.0,60.0,70.0
2025-10-11T15:22:17.130856,1071.142,0.00,0.00,0.00,0.00,0.00,0.00,0.00,0,,4.0,60.0,70.0
2025-10-11T15:22:17.136503,1071.147,0.00,0.00,0.00,0.00,0.00,0.00,0.00,0,,7.0,60.0,70.0
2025-10-11T15:22:17.141548,1071.152,0.00,0.00,0.00,0.00,0.00,0.00,0.00,0,,7.0,60.0,70.0
2025-10-11T15:22:18.133302,1072.144,0.00,0.00,0.00,0.00,0.00,0.00,0.00,0,,7.0,80.0,70.0
2025-10-11T15:22:18.139307,1072.150,0.00,0.00,0.00,0.00,0.00,0.00,0.00,0,,7.0,80.0,70.0
2025-10-11T15:22:18.146246,1072.157,0.00,0.00,0.00,0.00,0.00,0.00,0.00,0,,9.0,80.0,70.0
2025-10-11T15:22:18.153409,1072.164,0.00,0.00,0.00,0.00,0.00,0.00,0.00,0,,9.0,80.0,70.0
2025-10-11T15:22:19.168658,1073.179,0.00,0.00,0.00,0.00,0.00,0.00,0.00,0,,9.0,80.0,70.0
2025-10-11T15:22:19.176450,1073.187,0.00,0.00,0.00,0.00,0.00,0.00,0.00,0,,9.0,80.0,70.0
2025-10-11T15:22:19.184050,1073.195,0.00,0.00,0.00,0.00,0.00,0.00,0.00,0,,7.0,80.0,70.0
2025-10-11T15:22:19.190132,1073.201,0.00,0.00,0.00,0.00,0.00,0.00,0.00,0,,7.0,80.0,70.0
2025-10-11T15:22:20.146095,1074.157,0.00,0.00,0.00,0.00,0.00,0.00,0.00,0,,6.0,80.0,70.0
2025-10-11T15:22:20.151037,1074.162,0.00,0.00,0.00,0.00,0.00,0.00,0.00,0,,6.0,80.0,70.0
2025-10-11T15:22:21.141835,1075.153,0.00,0.00,0.00,0.00,0.00,0.00,0.00,0,,5.0,80.0,70.0
2025-10-11T15:22:21.146368,1075.157,0.00,0.00,0.00,0.00,0.00,0.00,0.00,0,,5.0,80.0,70.0
2025-10-11T15:22:21.152692,1075.164,0.00,0.00,0.00,0.00,0.00,0.00,0.00,0,,4.0,80.0,70.0
2025-10-11T15:22:21.159197,1075.170,0.00,0.00,0.00,0.00,0.00,0.00,0.00,0,,4.0,80.0,70.0
2025-10-11T15:22:22.144862,1076.156,0.00,0.00,0.00,0.00,0.00,0.00,0.00,0,,3.0,80.0,70.0
2025-10-11T15:22:22.152549,1076.163,0.00,0.00,0.00,0.00,0.00,0.00,0.00,0,,3.0,80.0,70.0
2025-10-11T15:22:22.158619,1076.169,0.00,0.00,0.00,0.00,0.00,0.00,0.00,0,,3.0,20.0,70.0
2025-10-11T15:22:22.165155,1076.176,0.00,0.00,0.00,0.00,0.00,0.00,0.00,0,,3.0,20.0,70.0
2025-10-11T15:22:23.174778,1077.186,0.00,0.00,0.00,0.00,0.00,0.00,0.00,0,,3.0,10.0,70.0
2025-10-11T15:22:23.182788,1077.194,0.00,0.00,0.00,0.00,0.00,0.00,0.00,0,,3.0,10.0,70.0
2025-10-11T15:22:23.189870,1077.201,0.00,0.00,0.00,0.00,0.00,0.00,0.00,0,,2.0,10.0,70.0
2025-10-11T15:22:23.198903,1077.210,0.00,0.00,0.00,0.00,0.00,0.00,0.00,0,,2.0,10.0,70.0
2025-10-11T15:22:24.140623,1078.151,0.00,0.00,0.00,0.00,0.00,0.00,0.00,0,,3.0,10.0,70.0
2025-10-11T15:22:24.243572,1078.254,0.00,0.00,0.00,0.00,0.00,0.00,0.00,0,,3.0,10.0,70.0
2025-10-11T15:22:25.267582,1079.278,0.00,0.00,0.00,0.00,0.00,0.00,0.00,0,,4.0,10.0,70.0
2025-10-11T15:22:25.272414,1079.283,0.00,0.00,0.00,0.00,0.00,0.00,0.00,0,,4.0,10.0,70.0
2025-10-11T15:22:25.277323,1079.288,0.00,0.00,0.00,0.00,0.00,0.00,0.00,0,,5.0,10.0,70.0
2025-10-11T15:22:25.283626,1079.294,0.00,0.00,0.00,0.00,0.00,0.00,0.00,0,,5.0,10.0,70.0
2025-10-11T15:22:26.247532,1080.258,0.00,0.00,0.00,0.00,0.00,0.00,0.00,0,,6.0,10.0,70.0
2025-10-11T15:22:26.253147,1080.264,0.00,0.00,0.00,0.00,0.00,0.00,0.00,0,,6.0,10.0,70.0
2025-10-11T15:22:26.258949,1080.270,0.00,0.00,0.00,0.00,0.00,0.00,0.00,0,,6.0,70.0,70.0
2025-10-11T15:22:26.264574,1080.275,0.00,0.00,0.00,0.00,0.00,0.00,0.00,0,,6.0,70.0,70.0
2025-10-11T15:22:27.240337,1081.251,0.00,0.00,0.00,0.00,0.00,0.00,0.00,0,,8.0,70.0,70.0
2025-10-11T15:22:27.245981,1081.257,0.00,0.00,0.00,0.00,0.00,0.00,0.00,0,,8.0,70.0,70.0
2025-10-11T15:22:28.205149,1082.216,0.00,0.00,0.00,0.00,0.00,0.00,0.00,0,,8.0,90.0,70.0
2025-10-11T15:22:28.210021,1082.221,0.00,0.00,0.00,0.00,0.00,0.00,0.00,0,,8.0,90.0,70.0
2025-10-11T15:22:28.215149,1082.226,0.00,0.00,0.00,0.00,0.00,0.00,0.00,0,,8.0,80.0,70.0
2025-10-11T15:22:28.220631,1082.231,0.00,0.00,0.00,0.00,0.00,0.00,0.00,0,,8.0,80.0,70.0
2025-10-11T15:22:29.206429,1083.217,0.00,0.00,0.00,0.00,0.00,0.00,0.00,0,,7.0,80.0,70.0
2025-10-11T15:22:29.211278,1083.222,0.00,0.00,0.00,0.00,0.00,0.00,0.00,0,,7.0,80.0,70.0
2025-10-11T15:22:29.216769,1083.228,0.00,0.00,0.00,0.00,0.00,0.00,0.00,0,,6.0,80.0,70.0
2025-10-11T15:22:29.223544,1083.234,0.00,0.00,0.00,0.00,0.00,0.00,0.00,0,,6.0,80.0,70.0
2025-10-11T15:22:30.200082,1084.211,0.00,0.00,0.00,0.00,0.00,0.00,0.00,0,,5.0,80.0,70.0
2025-10-11T15:22:30.208264,1084.219,0.00,0.00,0.00,0.00,0.00,0.00,0.00,0,,5.0,80.0,70.0
2025-10-11T15:22:30.215528,1084.226,0.00,0.00,0.00,0.00,0.00,0.00,0.00,0,,4.0,80.0,70.0
2025-10-11T15:22:30.222862,1084.234,0.00,0.00,0.00,0.00,0.00,0.00,0.00,0,,4.0,80.0,70.0
2025-10-11T15:22:31.256408,1085.267,0.00,0.00,0.00,0.00,0.00,0.00,0.00,0,,4.0,30.0,70.0
2025-10-11T15:22:31.261746,1085.273,0.00,0.00,0.00,0.00,0.00,0.00,0.00,0,,4.0,30.0,70.0
2025-10-11T15:22:32.275306,1086.286,0.00,0.00,0.00,0.00,0.00,0.00,0.00,0,,4.0,20.0,70.0
2025-10-11T15:22:32.280903,1086.292,0.00,0.00,0.00,0.00,0.00,0.00,0.00,0,,4.0,20.0,70.0
2025-10-11T15:22:32.289103,1086.300,0.00,0.00,0.00,0.00,0.00,0.00,0.00,0,,1.0,20.0,70.0
2025-10-11T15:22:32.294743,1086.306,0.00,0.00,0.00,0.00,0.00,0.00,0.00,0,,1.0,20.0,70.0
2025-10-11T15:22:33.280859,1087.292,0.00,0.00,0.00,0.00,0.00,0.00,0.00,0,,1.0,20.0,70.0
2025-10-11T15:22:33.286552,1087.297,0.00,0.00,0.00,0.00,0.00,0.00,0.00,0,,1.0,20.0,70.0
2025-10-11T15:22:33.292543,1087.303,0.00,0.00,0.00,0.00,0.00,0.00,0.00,0,,1.0,30.0,70.0
2025-10-11T15:22:33.298590,1087.309,0.00,0.00,0.00,0.00,0.00,0.00,0.00,0,,1.0,30.0,70.0
2025-10-11T15:22:34.317684,1088.329,0.00,0.00,0.00,0.00,0.00,0.00,0.00,0,,4.0,30.0,70.0
2025-10-11T15:22:34.322642,1088.333,0.00,0.00,0.00,0.00,0.00,0.00,0.00,0,,4.0,30.0,70.0
2025-10-11T15:22:34.328115,1088.339,0.00,0.00,0.00,0.00,0.00,0.00,0.00,0,,4.0,50.0,70.0
2025-10-11T15:22:34.335429,1088.346,0.00,0.00,0.00,0.00,0.00,0.00,0.00,0,,4.0,50.0,70.0
2025-10-11T15:22:35.405417,1089.416,0.00,0.00,0.00,0.00,0.00,0.00,0.00,0,,6.0,50.0,70.0
2025-10-11T15:22:35.417791,1089.429,0.00,0.00,0.00,0.00,0.00,0.00,0.00,0,,6.0,50.0,70.0
2025-10-11T15:22:35.425268,1089.436,0.00,0.00,0.00,0.00,0.00,0.00,0.00,0,,6.0,70.0,70.0
2025-10-11T15:22:35.433991,1089.445,0.00,0.00,0.00,0.00,0.00,0.00,0.00,0,,6.0,70.0,70.0
2025-10-11T15:22:36.427774,1090.439,0.00,0.00,0.00,0.00,0.00,0.00,0.00,0,,8.0,70.0,70.0
2025-10-11T15:22:36.432926,1090.444,0.00,0.00,0.00,0.00,0.00,0.00,0.00,0,,8.0,70.0,70.0
2025-10-11T15:22:36.441355,1090.452,0.00,0.00,0.00,0.00,0.00,0.00,0.00,0,,9.0,70.0,70.0
2025-10-11T15:22:36.447396,1090.458,0.00,0.00,0.00,0.00,0.00,0.00,0.00,0,,9.0,70.0,70.0
2025-10-11T15:22:37.477016,1091.488,0.00,0.00,0.00,0.00,0.00,0.00,0.00,0,,9.0,80.0,70.0
2025-10-11T15:22:37.481492,1091.492,0.00,0.00,0.00,0.00,0.00,0.00,0.00,0,,9.0,80.0,70.0
2025-10-11T15:22:38.601099,1092.612,0.00,0.00,0.00,0.00,0.00,0.00,0.00,0,,9.0,70.0,70.0
2025-10-11T15:22:38.608328,1092.619,0.00,0.00,0.00,0.00,0.00,0.00,0.00,0,,9.0,70.0,70.0
2025-10-11T15:22:38.613436,1092.624,0.00,0.00,0.00,0.00,0.00,0.00,0.00,0,,6.0,70.0,70.0
2025-10-11T15:22:38.621284,1092.632,0.00,0.00,0.00,0.00,0.00,0.00,0.00,0,,6.0,70.0,70.0
2025-10-11T15:22:39.626010,1093.637,0.00,0.00,0.00,0.00,0.00,0.00,0.00,0,,5.0,70.0,70.0
2025-10-11T15:22:39.631202,1093.642,0.00,0.00,0.00,0.00,0.00,0.00,0.00,0,,5.0,70.0,70.0
2025-10-11T15:22:39.636947,1093.648,0.00,0.00,0.00,0.00,0.00,0.00,0.00,0,,4.0,70.0,70.0
2025-10-11T15:22:39.644058,1093.655,0.00,0.00,0.00,0.00,0.00,0.00,0.00,0,,4.0,70.0,70.0
2025-10-11T15:22:40.628522,1094.639,0.00,0.00,0.00,0.00,0.00,0.00,0.00,0,,4.0,30.0,70.0
2025-10-11T15:22:40.632714,1094.644,0.00,0.00,0.00,0.00,0.00,0.00,0.00,0,,4.0,30.0,70.0
2025-10-11T15:22:40.638766,1094.650,0.00,0.00,0.00,0.00,0.00,0.00,0.00,0,,4.0,20.0,70.0
2025-10-11T15:22:40.645151,1094.656,0.00,0.00,0.00,0.00,0.00,0.00,0.00,0,,4.0,20.0,70.0
2025-10-11T15:22:41.552605,1095.563,0.00,0.00,0.00,0.00,0.00,0.00,0.00,0,,1.0,20.0,70.0
2025-10-11T15:22:41.557919,1095.569,0.00,0.00,0.00,0.00,0.00,0.00,0.00,0,,1.0,20.0,70.0
2025-10-11T15:22:42.443547,1096.454,0.00,0.00,0.00,0.00,0.00,0.00,0.00,0,,1.0,20.0,70.0
2025-10-11T15:22:42.447989,1096.459,0.00,0.00,0.00,0.00,0.00,0.00,0.00,0,,1.0,20.0,70.0
2025-10-11T15:22:42.453506,1096.464,0.00,0.00,0.00,0.00,0.00,0.00,0.00,0,,1.0,30.0,70.0
2025-10-11T15:22:42.459176,1096.470,0.00,0.00,0.00,0.00,0.00,0.00,0.00,0,,1.0,30.0,70.0
2025-10-11T15:22:43.370840,1097.382,0.00,0.00,0.00,0.00,0.00,0.00,0.00,0,,4.0,30.0,70.0
2025-10-11T15:22:43.375692,1097.387,0.00,0.00,0.00,0.00,0.00,0.00,0.00,0,,4.0,30.0,70.0
2025-10-11T15:22:43.381300,1097.392,0.00,0.00,0.00,0.00,0.00,0.00,0.00,0,,5.0,30.0,70.0
2025-10-11T15:22:43.387658,1097.398,0.00,0.00,0.00,0.00,0.00,0.00,0.00,0,,5.0,30.0,70.0
2025-10-11T15:22:44.379877,1098.391,0.00,0.00,0.00,0.00,0.00,0.00,0.00,0,,6.0,30.0,70.0
2025-10-11T15:22:44.384798,1098.396,0.00,0.00,0.00,0.00,0.00,0.00,0.00,0,,6.0,30.0,70.0
2025-10-11T15:22:45.441273,1099.452,0.00,0.00,0.00,0.00,0.00,0.00,0.00,0,,7.0,30.0,70.0
2025-10-11T15:22:45.450158,1099.461,0.00,0.00,0.00,0.00,0.00,0.00,0.00,0,,7.0,30.0,70.0
2025-10-11T15:22:45.461604,1099.472,0.00,0.00,0.00,0.00,0.00,0.00,0.00,0,,7.0,80.0,70.0
2025-10-11T15:22:45.544025,1099.555,0.00,0.00,0.00,0.00,0.00,0.00,0.00,0,,7.0,80.0,70.0
2025-10-11T15:22:46.162535,1100.173,0.00,0.00,0.00,0.00,0.00,0.00,0.00,0,,7.0,90.0,70.0
2025-10-11T15:22:46.167765,1100.179,0.00,0.00,0.00,0.00,0.00,0.00,0.00,0,,7.0,90.0,70.0
2025-10-11T15:22:46.697160,1100.708,0.00,0.00,0.00,0.00,0.00,0.00,0.00,0,,8.0,90.0,70.0
2025-10-11T15:22:46.701811,1100.713,0.00,0.00,0.00,0.00,0.00,0.00,0.00,0,,8.0,90.0,70.0
2025-10-11T15:22:47.199133,1101.210,0.00,0.00,0.00,0.00,0.00,0.00,0.00,0,,7.0,90.0,70.0
2025-10-11T15:22:47.204164,1101.215,0.00,0.00,0.00,0.00,0.00,0.00,0.00,0,,7.0,90.0,70.0
2025-10-11T15:22:47.708926,1101.720,0.00,0.00,0.00,0.00,0.00,0.00,0.00,0,,6.0,90.0,70.0
2025-10-11T15:22:47.713872,1101.725,0.00,0.00,0.00,0.00,0.00,0.00,0.00,0,,6.0,90.0,70.0
2025-10-11T15:22:48.220285,1102.231,0.00,0.00,0.00,0.00,0.00,0.00,0.00,0,,6.0,50.0,70.0
2025-10-11T15:22:48.225739,1102.237,0.00,0.00,0.00,0.00,0.00,0.00,0.00,0,,6.0,50.0,70.0
2025-10-11T15:22:48.716821,1102.728,0.00,0.00,0.00,0.00,0.00,0.00,0.00,0,,6.0,40.0,70.0
2025-10-11T15:22:48.721811,1102.733,0.00,0.00,0.00,0.00,0.00,0.00,0.00,0,,6.0,40.0,70.0
2025-10-11T15:22:49.205305,1103.216,0.00,0.00,0.00,0.00,0.00,0.00,0.00,0,,6.0,30.0,70.0
2025-10-11T15:22:49.210118,1103.221,0.00,0.00,0.00,0.00,0.00,0.00,0.00,0,,6.0,30.0,70.0
2025-10-11T15:22:49.703062,1103.714,0.00,0.00,0.00,0.00,0.00,0.00,0.00,0,,6.0,20.0,70.0
2025-10-11T15:22:49.707797,1103.719,0.00,0.00,0.00,0.00,0.00,0.00,0.00,0,,6.0,20.0,70.0
2025-10-11T15:22:50.669874,1104.681,0.00,0.00,0.00,0.00,0.00,0.00,0.00,0,,1.0,20.0,70.0
2025-10-11T15:22:50.690263,1104.701,0.00,0.00,0.00,0.00,0.00,0.00,0.00,0,,1.0,20.0,70.0
2025-10-11T15:22:51.207725,1105.219,0.00,0.00,0.00,0.00,0.00,0.00,0.00,0,,1.0,20.0,70.0
2025-10-11T15:22:51.212085,1105.223,0.00,0.00,0.00,0.00,0.00,0.00,0.00,0,,1.0,20.0,70.0
2025-10-11T15:22:51.722660,1105.733,0.00,0.00,0.00,0.00,0.00,0.00,0.00,0,,3.0,20.0,70.0
2025-10-11T15:22:51.726997,1105.738,0.00,0.00,0.00,0.00,0.00,0.00,0.00,0,,3.0,20.0,70.0
2025-10-11T15:22:52.278629,1106.289,0.00,0.00,0.00,0.00,0.00,0.00,0.00,0,,3.0,40.0,70.0
2025-10-11T15:22:52.283769,1106.295,0.00,0.00,0.00,0.00,0.00,0.00,0.00,0,,3.0,40.0,70.0
2025-10-11T15:22:52.773301,1106.784,0.00,0.00,0.00,0.00,0.00,0.00,0.00,0,,3.0,50.0,70.0
2025-10-11T15:22:52.778238,1106.789,0.00,0.00,0.00,0.00,0.00,0.00,0.00,0,,3.0,50.0,70.0
2025-10-11T15:22:53.313361,1107.324,0.00,0.00,0.00,0.00,0.00,0.00,0.00,0,,6.0,50.0,70.0
2025-10-11T15:22:53.317901,1107.329,0.00,0.00,0.00,0.00,0.00,0.00,0.00,0,,6.0,50.0,70.0
2025-10-11T15:22:53.880727,1107.892,0.00,0.00,0.00,0.00,0.00,0.00,0.00,0,,6.0,70.0,70.0
2025-10-11T15:22:53.886252,1107.897,0.00,0.00,0.00,0.00,0.00,0.00,0.00,0,,6.0,70.0,70.0
2025-10-11T15:22:54.378947,1108.390,0.00,0.00,0.00,0.00,0.00,0.00,0.00,0,,6.0,80.0,70.0
2025-10-11T15:22:54.383380,1108.394,0.00,0.00,0.00,0.00,0.00,0.00,0.00,0,,6.0,80.0,70.0
2025-10-11T15:22:55.065153,1109.076,0.00,0.00,0.00,0.00,0.00,0.00,0.00,0,,6.0,90.0,70.0
2025-10-11T15:22:55.070316,1109.081,0.00,0.00,0.00,0.00,0.00,0.00,0.00,0,,6.0,90.0,70.0
2025-10-11T15:22:55.650255,1109.661,0.00,0.00,0.00,0.00,0.00,0.00,0.00,0,,6.0,80.0,70.0
2025-10-11T15:22:55.656356,1109.667,0.00,0.00,0.00,0.00,0.00,0.00,0.00,0,,6.0,80.0,70.0
2025-10-11T15:22:56.261953,1110.273,0.00,0.00,0.00,0.00,0.00,0.00,0.00,0,,7.0,80.0,70.0
2025-10-11T15:22:56.268183,1110.279,0.00,0.00,0.00,0.00,0.00,0.00,0.00,0,,7.0,80.0,70.0
2025-10-11T15:22:56.851758,1110.863,0.00,0.00,0.00,0.00,0.00,0.00,0.00,0,,7.0,60.0,70.0
2025-10-11T15:22:56.857600,1110.868,0.00,0.00,0.00,0.00,0.00,0.00,0.00,0,,7.0,60.0,70.0
2025-10-11T15:22:57.551064,1111.562,0.00,0.00,0.00,0.00,0.00,0.00,0.00,0,,5.0,60.0,70.0
2025-10-11T15:22:57.556136,1111.567,0.00,0.00,0.00,0.00,0.00,0.00,0.00,0,,5.0,60.0,70.0
2025-10-11T15:22:58.135411,1112.146,0.00,0.00,0.00,0.00,0.00,0.00,0.00,0,,4.0,60.0,70.0
2025-10-11T15:22:58.142645,1112.153,0.00,0.00,0.00,0.00,0.00,0.00,0.00,0,,4.0,60.0,70.0
2025-10-11T15:22:58.829537,1112.840,0.00,0.00,0.00,0.00,0.00,0.00,0.00,0,,3.0,60.0,70.0
2025-10-11T15:22:58.834204,1112.845,0.00,0.00,0.00,0.00,0.00,0.00,0.00,0,,3.0,60.0,70.0
2025-10-11T15:22:59.535725,1113.547,0.00,0.00,0.00,0.00,0.00,0.00,0.00,0,,3.0,20.0,70.0
2025-10-11T15:22:59.541221,1113.552,0.00,0.00,0.00,0.00,0.00,0.00,0.00,0,,3.0,20.0,70.0
2025-10-11T15:22:59.546415,1113.557,0.00,0.00,0.00,0.00,0.00,0.00,0.00,0,,1.0,20.0,70.0
2025-10-11T15:22:59.551955,1113.563,0.00,0.00,0.00,0.00,0.00,0.00,0.00,0,,1.0,20.0,70.0
2025-10-11T15:23:00.492250,1114.503,0.00,0.00,0.00,0.00,0.00,0.00,0.00,0,,1.0,20.0,70.0
2025-10-11T15:23:00.497296,1114.508,0.00,0.00,0.00,0.00,0.00,0.00,0.00,0,,1.0,20.0,70.0
2025-10-11T15:23:00.505572,1114.516,0.00,0.00,0.00,0.00,0.00,0.00,0.00,0,,1.0,30.0,70.0
2025-10-11T15:23:00.510665,1114.522,0.00,0.00,0.00,0.00,0.00,0.00,0.00,0,,1.0,30.0,70.0
2025-10-11T15:23:01.516221,1115.527,0.00,0.00,0.00,0.00,0.00,0.00,0.00,0,,1.0,40.0,70.0
2025-10-11T15:23:01.521715,1115.533,0.00,0.00,0.00,0.00,0.00,0.00,0.00,0,,1.0,40.0,70.0
2025-10-11T15:23:02.466969,1116.478,0.00,0.00,0.00,0.00,0.00,0.00,0.00,0,,1.0,50.0,70.0
2025-10-11T15:23:02.472028,1116.483,0.00,0.00,0.00,0.00,0.00,0.00,0.00,0,,1.0,50.0,70.0
2025-10-11T15:23:02.477317,1116.488,0.00,0.00,0.00,0.00,0.00,0.00,0.00,0,,6.0,50.0,70.0
2025-10-11T15:23:02.482917,1116.494,0.00,0.00,0.00,0.00,0.00,0.00,0.00,0,,6.0,50.0,70.0
2025-10-11T15:23:03.466315,1117.477,0.00,0.00,0.00,0.00,0.00,0.00,0.00,0,,6.0,70.0,70.0
2025-10-11T15:23:03.472699,1117.484,0.00,0.00,0.00,0.00,0.00,0.00,0.00,0,,6.0,70.0,70.0
2025-10-11T15:23:03.477926,1117.489,0.00,0.00,0.00,0.00,0.00,0.00,0.00,0,,6.0,80.0,70.0
2025-10-11T15:23:03.483810,1117.495,0.00,0.00,0.00,0.00,0.00,0.00,0.00,0,,6.0,80.0,70.0
2025-10-11T15:23:04.519675,1118.531,0.00,0.00,0.00,0.00,0.00,0.00,0.00,0,,9.0,80.0,70.0
2025-10-11T15:23:04.526432,1118.537,0.00,0.00,0.00,0.00,0.00,0.00,0.00,0,,9.0,80.0,70.0
2025-10-11T15:23:04.531686,1118.543,0.00,0.00,0.00,0.00,0.00,0.00,0.00,0,,8.0,80.0,70.0
2025-10-11T15:23:04.538835,1118.550,0.00,0.00,0.00,0.00,0.00,0.00,0.00,0,,8.0,80.0,70.0
2025-10-11T15:23:05.450952,1119.462,0.00,0.00,0.00,0.00,0.00,0.00,0.00,0,,7.0,80.0,70.0
2025-10-11T15:23:05.457895,1119.469,0.00,0.00,0.00,0.00,0.00,0.00,0.00,0,,7.0,80.0,70.0
2025-10-11T15:23:06.428140,1120.439,0.00,0.00,0.00,0.00,0.00,0.00,0.00,0,,6.0,80.0,70.0
2025-10-11T15:23:06.433566,1120.444,0.00,0.00,0.00,0.00,0.00,0.00,0.00,0,,6.0,80.0,70.0
2025-10-11T15:23:06.440279,1120.451,0.00,0.00,0.00,0.00,0.00,0.00,0.00,0,,5.0,80.0,70.0
2025-10-11T15:23:06.446220,1120.457,0.00,0.00,0.00,0.00,0.00,0.00,0.00,0,,5.0,80.0,70.0
2025-10-11T15:23:07.527380,1121.538,0.00,0.00,0.00,0.00,0.00,0.00,0.00,0,,4.0,80.0,70.0
2025-10-11T15:23:07.532086,1121.543,0.00,0.00,0.00,0.00,0.00,0.00,0.00,0,,4.0,80.0,70.0
2025-10-11T15:23:07.538100,1121.549,0.00,0.00,0.00,0.00,0.00,0.00,0.00,0,,3.0,80.0,70.0
2025-10-11T15:23:07.543503,1121.554,0.00,0.00,0.00,0.00,0.00,0.00,0.00,0,,3.0,80.0,70.0
2025-10-11T15:23:08.535049,1122.546,0.00,0.00,0.00,0.00,0.00,0.00,0.00,0,,3.0,20.0,70.0
2025-10-11T15:23:08.541778,1122.553,0.00,0.00,0.00,0.00,0.00,0.00,0.00,0,,3.0,20.0,70.0
2025-10-11T15:23:08.548633,1122.559,0.00,0.00,0.00,0.00,0.00,0.00,0.00,0,,3.0,10.0,70.0
2025-10-11T15:23:08.555090,1122.566,0.00,0.00,0.00,0.00,0.00,0.00,0.00,0,,3.0,10.0,70.0
2025-10-11T15:23:09.577581,1123.588,0.00,0.00,0.00,0.00,0.00,0.00,0.00,0,,2.0,10.0,70.0
2025-10-11T15:23:09.582572,1123.593,0.00,0.00,0.00,0.00,0.00,0.00,0.00,0,,2.0,10.0,70.0
2025-10-11T15:23:09.589690,1123.601,0.00,0.00,0.00,0.00,0.00,0.00,0.00,0,,2.0,30.0,70.0
2025-10-11T15:23:09.596964,1123.608,0.00,0.00,0.00,0.00,0.00,0.00,0.00,0,,2.0,30.0,70.0
2025-10-11T15:23:10.638748,1124.650,0.00,0.00,0.00,0.00,0.00,0.00,0.00,0,,2.0,40.0,70.0
2025-10-11T15:23:10.645294,1124.656,0.00,0.00,0.00,0.00,0.00,0.00,0.00,0,,2.0,40.0,70.0
2025-10-11T15:23:15.198443,1129.209,0.00,0.00,0.00,0.00,0.00,0.00,0.00,0,,2.0,40.0,30.0
2025-10-11T15:23:15.203077,1129.214,0.00,0.00,0.00,0.00,0.00,0.00,0.00,0,,2.0,40.0,30.0
2025-10-11T15:23:15.208288,1129.219,0.00,0.00,0.00,0.00,0.00,0.00,0.00,0,,4.0,40.0,30.0
2025-10-11T15:23:15.213484,1129.224,0.00,0.00,0.00,0.00,0.00,0.00,0.00,0,,4.0,40.0,30.0
2025-10-11T15:23:16.245406,1130.256,0.00,0.00,0.00,0.00,0.00,0.00,0.00,0,,4.0,50.0,30.0
2025-10-11T15:23:16.251598,1130.262,0.00,0.00,0.00,0.00,0.00,0.00,0.00,0,,4.0,50.0,30.0
2025-10-11T15:23:16.259677,1130.271,0.00,0.00,0.00,0.00,0.00,0.00,0.00,0,,4.0,50.0,60.0
2025-10-11T15:23:16.265462,1130.276,0.00,0.00,0.00,0.00,0.00,0.00,0.00,0,,4.0,50.0,60.0
2025-10-11T15:23:16.827386,1130.838,0.00,0.00,0.00,0.00,0.00,0.00,0.00,0,,4.0,50.0,70.0
2025-10-11T15:23:16.832055,1130.843,0.00,0.00,0.00,0.00,0.00,0.00,0.00,0,,4.0,50.0,70.0
2025-10-11T15:23:17.373069,1131.384,0.00,0.00,0.00,0.00,0.00,0.00,0.00,0,,8.0,50.0,70.0
2025-10-11T15:23:17.377628,1131.388,0.00,0.00,0.00,0.00,0.00,0.00,0.00,0,,8.0,50.0,70.0
2025-10-11T15:23:17.905133,1131.916,0.00,0.00,0.00,0.00,0.00,0.00,0.00,0,,9.0,50.0,70.0
2025-10-11T15:23:17.909892,1131.921,0.00,0.00,0.00,0.00,0.00,0.00,0.00,0,,9.0,50.0,70.0
2025-10-11T15:23:18.523581,1132.534,0.00,0.00,0.00,0.00,0.00,0.00,0.00,0,,9.0,50.0,80.0
2025-10-11T15:23:18.527841,1132.539,0.00,0.00,0.00,0.00,0.00,0.00,0.00,0,,9.0,50.0,80.0
2025-10-11T15:23:19.072132,1133.083,0.00,0.00,0.00,0.00,0.00,0.00,0.00,0,,7.0,50.0,80.0
2025-10-11T15:23:19.076774,1133.088,0.00,0.00,0.00,0.00,0.00,0.00,0.00,0,,7.0,50.0,80.0
2025-10-11T15:23:19.624155,1133.635,0.00,0.00,0.00,0.00,0.00,0.00,0.00,0,,7.0,60.0,80.0
2025-10-11T15:23:19.629327,1133.640,0.00,0.00,0.00,0.00,0.00,0.00,0.00,0,,7.0,60.0,80.0
2025-10-11T15:23:20.154800,1134.166,0.00,0.00,0.00,0.00,0.00,0.00,0.00,0,,7.0,60.0,50.0
2025-10-11T15:23:20.159594,1134.170,0.00,0.00,0.00,0.00,0.00,0.00,0.00,0,,7.0,60.0,50.0
2025-10-11T15:23:20.816803,1134.828,0.00,0.00,0.00,0.00,0.00,0.00,0.00,0,,4.0,60.0,50.0
2025-10-11T15:23:20.821761,1134.833,0.00,0.00,0.00,0.00,0.00,0.00,0.00,0,,4.0,60.0,50.0
2025-10-11T15:23:21.331266,1135.342,0.00,0.00,0.00,0.00,0.00,0.00,0.00,0,,4.0,30.0,50.0
2025-10-11T15:23:21.336752,1135.348,0.00,0.00,0.00,0.00,0.00,0.00,0.00,0,,4.0,30.0,50.0
2025-10-11T15:23:21.864726,1135.876,0.00,0.00,0.00,0.00,0.00,0.00,0.00,0,,2.0,30.0,50.0
2025-10-11T15:23:21.870003,1135.881,0.00,0.00,0.00,0.00,0.00,0.00,0.00,0,,2.0,30.0,50.0
2025-10-11T15:23:22.509516,1136.520,0.00,0.00,0.00,0.00,0.00,0.00,0.00,0,,1.0,30.0,50.0
2025-10-11T15:23:22.514948,1136.526,0.00,0.00,0.00,0.00,0.00,0.00,0.00,0,,1.0,30.0,50.0
2025-10-11T15:23:23.141964,1137.153,0.00,0.00,0.00,0.00,0.00,0.00,0.00,0,,1.0,20.0,50.0
2025-10-11T15:23:23.146551,1137.157,0.00,0.00,0.00,0.00,0.00,0.00,0.00,0,,1.0,20.0,50.0
2025-10-11T15:23:23.731515,1137.742,0.00,0.00,0.00,0.00,0.00,0.00,0.00,0,,1.0,30.0,50.0
2025-10-11T15:23:23.736276,1137.747,0.00,0.00,0.00,0.00,0.00,0.00,0.00,0,,1.0,30.0,50.0
2025-10-11T15:23:24.350610,1138.361,0.00,0.00,0.00,0.00,0.00,0.00,0.00,0,,1.0,30.0,40.0
2025-10-11T15:23:24.356585,1138.367,0.00,0.00,0.00,0.00,0.00,0.00,0.00,0,,1.0,30.0,40.0
2025-10-11T15:23:24.857132,1138.868,0.00,0.00,0.00,0.00,0.00,0.00,0.00,0,,1.0,50.0,40.0
2025-10-11T15:23:24.862842,1138.874,0.00,0.00,0.00,0.00,0.00,0.00,0.00,0,,1.0,50.0,40.0
2025-10-11T15:23:25.401258,1139.412,0.00,0.00,0.00,0.00,0.00,0.00,0.00,0,,6.0,50.0,40.0
2025-10-11T15:23:25.406537,1139.417,0.00,0.00,0.00,0.00,0.00,0.00,0.00,0,,6.0,50.0,40.0
2025-10-11T15:23:25.921192,1139.932,0.00,0.00,0.00,0.00,0.00,0.00,0.00,0,,7.0,50.0,40.0
2025-10-11T15:23:25.926224,1139.937,0.00,0.00,0.00,0.00,0.00,0.00,0.00,0,,7.0,50.0,40.0
2025-10-11T15:23:26.429631,1140.440,0.00,0.00,0.00,0.00,0.00,0.00,0.00,0,,7.0,50.0,80.0
2025-10-11T15:23:26.434806,1140.446,0.00,0.00,0.00,0.00,0.00,0.00,0.00,0,,7.0,50.0,80.0
2025-10-11T15:23:26.941977,1140.953,0.00,0.00,0.00,0.00,0.00,0.00,0.00,0,,9.0,50.0,80.0
2025-10-11T15:23:26.946488,1140.957,0.00,0.00,0.00,0.00,0.00,0.00,0.00,0,,9.0,50.0,80.0
2025-10-11T15:23:27.481219,1141.492,0.00,0.00,0.00,0.00,0.00,0.00,0.00,0,,9.0,80.0,80.0
2025-10-11T15:23:27.492695,1141.504,0.00,0.00,0.00,0.00,0.00,0.00,0.00,0,,9.0,80.0,80.0
2025-10-11T15:23:28.031544,1142.042,0.00,0.00,0.00,0.00,0.00,0.00,0.00,0,,9.0,70.0,80.0
2025-10-11T15:23:28.036775,1142.048,0.00,0.00,0.00,0.00,0.00,0.00,0.00,0,,9.0,70.0,80.0
2025-10-11T15:23:28.545670,1142.557,0.00,0.00,0.00,0.00,0.00,0.00,0.00,0,,6.0,70.0,80.0
2025-10-11T15:23:28.550575,1142.561,0.00,0.00,0.00,0.00,0.00,0.00,0.00,0,,6.0,70.0,80.0
2025-10-11T15:23:29.032381,1143.043,0.00,0.00,0.00,0.00,0.00,0.00,0.00,0,,6.0,50.0,80.0
2025-10-11T15:23:29.037895,1143.049,0.00,0.00,0.00,0.00,0.00,0.00,0.00,0,,6.0,50.0,80.0
2025-10-11T15:23:29.554765,1143.566,0.00,0.00,0.00,0.00,0.00,0.00,0.00,0,,6.0,40.0,80.0
2025-10-11T15:23:29.560470,1143.571,0.00,0.00,0.00,0.00,0.00,0.00,0.00,0,,6.0,40.0,80.0
2025-10-11T15:23:30.561980,1144.573,0.00,0.00,0.00,0.00,0.00,0.00,0.00,0,,6.0,30.0,80.0
2025-10-11T15:23:30.567334,1144.578,0.00,0.00,0.00,0.00,0.00,0.00,0.00,0,,6.0,30.0,80.0
2025-10-11T15:23:31.065922,1145.077,0.00,0.00,0.00,0.00,0.00,0.00,0.00,0,,2.0,30.0,80.0
2025-10-11T15:23:31.071392,1145.082,0.00,0.00,0.00,0.00,0.00,0.00,0.00,0,,2.0,30.0,80.0
2025-10-11T15:23:31.614157,1145.625,0.00,0.00,0.00,0.00,0.00,0.00,0.00,0,,2.0,30.0,10.0
2025-10-11T15:23:31.618751,1145.630,0.00,0.00,0.00,0.00,0.00,0.00,0.00,0,,2.0,30.0,10.0
2025-10-11T15:23:32.129821,1146.141,0.00,0.00,0.00,0.00,0.00,0.00,0.00,0,,2.0,30.0,10.0
2025-10-11T15:23:32.136727,1146.148,0.00,0.00,0.00,0.00,0.00,0.00,0.00,0,,2.0,30.0,10.0
2025-10-11T15:23:32.667173,1146.678,0.00,0.00,0.00,0.00,0.00,0.00,0.00,0,,2.0,30.0,30.0
2025-10-11T15:23:32.671883,1146.683,0.00,0.00,0.00,0.00,0.00,0.00,0.00,0,,2.0,30.0,30.0
2025-10-11T15:23:33.191170,1147.202,0.00,0.00,0.00,0.00,0.00,0.00,0.00,0,,2.0,40.0,30.0
2025-10-11T15:23:33.196708,1147.208,0.00,0.00,0.00,0.00,0.00,0.00,0.00,0,,2.0,40.0,30.0
2025-10-11T15:23:33.731432,1147.742,0.00,0.00,0.00,0.00,0.00,0.00,0.00,0,,5.0,40.0,30.0
2025-10-11T15:23:33.737108,1147.748,0.00,0.00,0.00,0.00,0.00,0.00,0.00,0,,5.0,40.0,30.0
2025-10-11T15:23:34.283562,1148.294,0.00,0.00,0.00,0.00,0.00,0.00,0.00,0,,5.0,40.0,60.0
2025-10-11T15:23:34.289024,1148.300,0.00,0.00,0.00,0.00,0.00,0.00,0.00,0,,5.0,40.0,60.0
2025-10-11T15:23:34.869296,1148.880,0.00,0.00,0.00,0.00,0.00,0.00,0.00,0,,5.0,70.0,60.0
2025-10-11T15:23:34.876067,1148.887,0.00,0.00,0.00,0.00,0.00,0.00,0.00,0,,5.0,70.0,60.0
2025-10-11T15:23:35.880502,1149.891,0.00,0.00,0.00,0.00,0.00,0.00,0.00,0,,5.0,80.0,60.0
2025-10-11T15:23:35.886262,1149.897,0.00,0.00,0.00,0.00,0.00,0.00,0.00,0,,5.0,80.0,60.0
2025-10-11T15:23:35.892839,1149.904,0.00,0.00,0.00,0.00,0.00,0.00,0.00,0,,9.0,80.0,60.0
2025-10-11T15:23:35.898938,1149.910,0.00,0.00,0.00,0.00,0.00,0.00,0.00,0,,9.0,80.0,60.0
2025-10-11T15:23:36.502020,1150.513,0.00,0.00,0.00,0.00,0.00,0.00,0.00,0,,9.0,80.0,60.0
2025-10-11T15:23:36.509349,1150.520,0.00,0.00,0.00,0.00,0.00,0.00,0.00,0,,9.0,80.0,60.0
2025-10-11T15:23:37.090911,1151.102,0.00,0.00,0.00,0.00,0.00,0.00,0.00,0,,7.0,80.0,60.0
2025-10-11T15:23:37.097161,1151.108,0.00,0.00,0.00,0.00,0.00,0.00,0.00,0,,7.0,80.0,60.0
2025-10-11T15:23:37.627168,1151.638,0.00,0.00,0.00,0.00,0.00,0.00,0.00,0,,6.0,80.0,60.0
2025-10-11T15:23:37.633199,1151.644,0.00,0.00,0.00,0.00,0.00,0.00,0.00,0,,6.0,80.0,60.0
2025-10-11T15:23:38.673705,1152.685,0.00,0.00,0.00,0.00,0.00,0.00,0.00,0,,6.0,80.0,50.0
2025-10-11T15:23:38.680578,1152.691,0.00,0.00,0.00,0.00,0.00,0.00,0.00,0,,6.0,80.0,50.0
2025-10-11T15:23:39.182225,1153.193,0.00,0.00,0.00,0.00,0.00,0.00,0.00,0,,4.0,80.0,50.0
2025-10-11T15:23:39.187249,1153.198,0.00,0.00,0.00,0.00,0.00,0.00,0.00,0,,4.0,80.0,50.0
2025-10-11T15:23:39.805689,1153.817,0.00,0.00,0.00,0.00,0.00,0.00,0.00,0,,3.0,80.0,50.0
2025-10-11T15:23:39.812139,1153.823,0.00,0.00,0.00,0.00,0.00,0.00,0.00,0,,3.0,80.0,50.0
2025-10-11T15:23:40.380623,1154.391,0.00,0.00,0.00,0.00,0.00,0.00,0.00,0,,3.0,20.0,50.0
2025-10-11T15:23:40.388296,1154.399,0.00,0.00,0.00,0.00,0.00,0.00,0.00,0,,3.0,20.0,50.0
2025-10-11T15:23:40.978985,1154.990,0.00,0.00,0.00,0.00,0.00,0.00,0.00,0,,1.0,20.0,50.0
2025-10-11T15:23:40.984429,1154.995,0.00,0.00,0.00,0.00,0.00,0.00,0.00,0,,1.0,20.0,50.0
2025-10-11T15:23:41.579949,1155.591,0.00,0.00,0.00,0.00,0.00,0.00,0.00,0,,1.0,20.0,20.0
2025-10-11T15:23:41.585114,1155.596,0.00,0.00,0.00,0.00,0.00,0.00,0.00,0,,1.0,20.0,20.0
2025-10-11T15:23:42.146399,1156.157,0.00,0.00,0.00,0.00,0.00,0.00,0.00,0,,1.0,30.0,20.0
2025-10-11T15:23:42.153759,1156.165,0.00,0.00,0.00,0.00,0.00,0.00,0.00,0,,1.0,30.0,20.0
2025-10-11T15:23:42.707808,1156.719,0.00,0.00,0.00,0.00,0.00,0.00,0.00,0,,1.0,30.0,40.0
2025-10-11T15:23:42.714229,1156.725,0.00,0.00,0.00,0.00,0.00,0.00,0.00,0,,1.0,30.0,40.0
2025-10-11T15:23:43.297473,1157.308,0.00,0.00,0.00,0.00,0.00,0.00,0.00,0,,1.0,30.0,50.0
2025-10-11T15:23:43.304643,1157.315,0.00,0.00,0.00,0.00,0.00,0.00,0.00,0,,1.0,30.0,50.0
2025-10-11T15:23:43.965056,1157.976,0.00,0.00,0.00,0.00,0.00,0.00,0.00,0,,1.0,60.0,50.0
2025-10-11T15:23:43.970126,1157.981,0.00,0.00,0.00,0.00,0.00,0.00,0.00,0,,1.0,60.0,50.0
2025-10-11T15:23:43.975595,1157.986,0.00,0.00,0.00,0.00,0.00,0.00,0.00,0,,1.0,70.0,50.0
2025-10-11T15:23:43.981436,1157.992,0.00,0.00,0.00,0.00,0.00,0.00,0.00,0,,1.0,70.0,50.0
2025-10-11T15:23:44.568455,1158.579,0.00,0.00,0.00,0.00,0.00,0.00,0.00,0,,8.0,70.0,50.0
2025-10-11T15:23:44.574375,1158.585,0.00,0.00,0.00,0.00,0.00,0.00,0.00,0,,8.0,70.0,50.0
2025-10-11T15:23:45.132736,1159.144,0.00,0.00,0.00,0.00,0.00,0.00,0.00,0,,8.0,70.0,90.0
2025-10-11T15:23:45.138338,1159.149,0.00,0.00,0.00,0.00,0.00,0.00,0.00,0,,8.0,70.0,90.0
2025-10-11T15:23:45.659680,1159.671,0.00,0.00,0.00,0.00,0.00,0.00,0.00,0,,8.0,70.0,80.0
2025-10-11T15:23:45.665321,1159.676,0.00,0.00,0.00,0.00,0.00,0.00,0.00,0,,8.0,70.0,80.0
2025-10-11T15:23:46.170423,1160.181,0.00,0.00,0.00,0.00,0.00,0.00,0.00,0,,8.0,70.0,70.0
2025-10-11T15:23:46.176496,1160.187,0.00,0.00,0.00,0.00,0.00,0.00,0.00,0,,8.0,70.0,70.0
2025-10-11T15:23:47.263681,1161.275,0.00,0.00,0.00,0.00,0.00,0.00,0.00,0,,8.0,70.0,60.0
2025-10-11T15:23:47.269247,1161.280,0.00,0.00,0.00,0.00,0.00,0.00,0.00,0,,8.0,70.0,60.0
2025-10-11T15:23:47.275547,1161.286,0.00,0.00,0.00,0.00,0.00,0.00,0.00,0,,8.0,50.0,60.0
2025-10-11T15:23:47.281841,1161.293,0.00,0.00,0.00,0.00,0.00,0.00,0.00,0,,8.0,50.0,60.0
2025-10-11T15:23:48.291688,1162.303,0.00,0.00,0.00,0.00,0.00,0.00,0.00,0,,8.0,40.0,60.0
2025-10-11T15:23:48.298645,1162.309,0.00,0.00,0.00,0.00,0.00,0.00,0.00,0,,8.0,40.0,60.0
2025-10-11T15:23:48.814852,1162.826,0.00,0.00,0.00,0.00,0.00,0.00,0.00,0,,8.0,30.0,60.0
2025-10-11T15:23:48.820797,1162.832,0.00,0.00,0.00,0.00,0.00,0.00,0.00,0,,8.0,30.0,60.0
2025-10-11T15:23:49.351430,1163.362,0.00,0.00,0.00,0.00,0.00,0.00,0.00,0,,8.0,30.0,20.0
2025-10-11T15:23:49.357003,1163.368,0.00,0.00,0.00,0.00,0.00,0.00,0.00,0,,8.0,30.0,20.0
2025-10-11T15:23:49.857556,1163.868,0.00,0.00,0.00,0.00,0.00,0.00,0.00,0,,8.0,30.0,10.0
2025-10-11T15:23:49.862063,1163.873,0.00,0.00,0.00,0.00,0.00,0.00,0.00,0,,8.0,30.0,10.0
2025-10-11T15:23:50.379192,1164.390,0.00,0.00,0.00,0.00,0.00,0.00,0.00,0,,8.0,20.0,10.0
2025-10-11T15:23:50.383809,1164.395,0.00,0.00,0.00,0.00,0.00,0.00,0.00,0,,8.0,20.0,10.0
2025-10-11T15:23:50.927919,1164.939,0.00,0.00,0.00,0.00,0.00,0.00,0.00,0,,8.0,20.0,30.0
2025-10-11T15:23:50.933561,1164.944,0.00,0.00,0.00,0.00,0.00,0.00,0.00,0,,8.0,20.0,30.0
2025-10-11T15:23:51.467642,1165.478,0.00,0.00,0.00,0.00,0.00,0.00,0.00,0,,8.0,20.0,40.0
2025-10-11T15:23:51.473288,1165.484,0.00,0.00,0.00,0.00,0.00,0.00,0.00,0,,8.0,20.0,40.0
2025-10-11T15:23:52.002402,1166.013,0.00,0.00,0.00,0.00,0.00,0.00,0.00,0,,8.0,20.0,50.0
2025-10-11T15:23:52.021410,1166.032,0.00,0.00,0.00,0.00,0.00,0.00,0.00,0,,8.0,20.0,50.0
2025-10-11T15:23:52.501842,1166.513,0.00,0.00,0.00,0.00,0.00,0.00,0.00,0,,8.0,60.0,50.0
2025-10-11T15:23:52.507930,1166.519,0.00,0.00,0.00,0.00,0.00,0.00,0.00,0,,8.0,60.0,50.0
2025-10-11T15:23:53.028110,1167.039,0.00,0.00,0.00,0.00,0.00,0.00,0.00,0,,7.0,60.0,50.0
2025-10-11T15:23:53.033588,1167.044,0.00,0.00,0.00,0.00,0.00,0.00,0.00,0,,7.0,60.0,50.0
2025-10-11T15:23:53.532881,1167.544,0.00,0.00,0.00,0.00,0.00,0.00,0.00,0,,7.0,80.0,50.0
2025-10-11T15:23:53.538893,1167.550,0.00,0.00,0.00,0.00,0.00,0.00,0.00,0,,7.0,80.0,50.0
2025-10-11T15:23:54.540089,1168.551,0.00,0.00,0.00,0.00,0.00,0.00,0.00,0,,7.0,80.0,90.0
2025-10-11T15:23:54.546636,1168.557,0.00,0.00,0.00,0.00,0.00,0.00,0.00,0,,7.0,80.0,90.0
2025-10-11T15:23:55.087855,1169.099,0.00,0.00,0.00,0.00,0.00,0.00,0.00,0,,8.0,80.0,90.0
2025-10-11T15:23:55.092098,1169.103,0.00,0.00,0.00,0.00,0.00,0.00,0.00,0,,8.0,80.0,90.0
2025-10-11T15:23:55.613976,1169.625,0.00,0.00,0.00,0.00,0.00,0.00,0.00,0,,8.0,70.0,90.0
2025-10-11T15:23:55.620082,1169.631,0.00,0.00,0.00,0.00,0.00,0.00,0.00,0,,8.0,70.0,90.0
2025-10-11T15:23:56.132552,1170.143,0.00,0.00,0.00,0.00,0.00,0.00,0.00,0,,6.0,70.0,90.0
2025-10-11T15:23:56.137469,1170.148,0.00,0.00,0.00,0.00,0.00,0.00,0.00,0,,6.0,70.0,90.0
2025-10-11T15:23:56.672296,1170.683,0.00,0.00,0.00,0.00,0.00,0.00,0.00,0,,6.0,50.0,90.0
2025-10-11T15:23:56.678031,1170.689,0.00,0.00,0.00,0.00,0.00,0.00,0.00,0,,6.0,50.0,90.0
2025-10-11T15:23:57.195175,1171.206,0.00,0.00,0.00,0.00,0.00,0.00,0.00,0,,4.0,50.0,90.0
2025-10-11T15:23:57.200503,1171.211,0.00,0.00,0.00,0.00,0.00,0.00,0.00,0,,4.0,50.0,90.0
2025-10-11T15:23:57.761141,1171.772,0.00,0.00,0.00,0.00,0.00,0.00,0.00,0,,3.0,50.0,90.0
2025-10-11T15:23:57.766323,1171.777,0.00,0.00,0.00,0.00,0.00,0.00,0.00,0,,3.0,50.0,90.0
2025-10-11T15:23:58.283727,1172.295,0.00,0.00,0.00,0.00,0.00,0.00,0.00,0,,2.0,50.0,90.0
2025-10-11T15:23:58.289067,1172.300,0.00,0.00,0.00,0.00,0.00,0.00,0.00,0,,2.0,50.0,90.0
2025-10-11T15:23:58.797090,1172.808,0.00,0.00,0.00,0.00,0.00,0.00,0.00,0,,2.0,50.0,10.0
2025-10-11T15:23:58.802706,1172.814,0.00,0.00,0.00,0.00,0.00,0.00,0.00,0,,2.0,50.0,10.0
2025-10-11T15:23:59.815365,1173.826,0.00,0.00,0.00,0.00,0.00,0.00,0.00,0,,2.0,50.0,10.0
2025-10-11T15:23:59.822383,1173.833,0.00,0.00,0.00,0.00,0.00,0.00,0.00,0,,2.0,50.0,10.0
2025-10-11T15:24:00.360274,1174.371,0.00,0.00,0.00,0.00,0.00,0.00,0.00,0,,2.0,30.0,10.0
2025-10-11T15:24:00.366126,1174.377,0.00,0.00,0.00,0.00,0.00,0.00,0.00,0,,2.0,30.0,10.0
2025-10-11T15:24:00.900357,1174.911,0.00,0.00,0.00,0.00,0.00,0.00,0.00,0,,4.0,30.0,10.0
2025-10-11T15:24:00.906405,1174.917,0.00,0.00,0.00,0.00,0.00,0.00,0.00,0,,4.0,30.0,10.0
2025-10-11T15:24:01.413744,1175.425,0.00,0.00,0.00,0.00,0.00,0.00,0.00,0,,4.0,30.0,50.0
2025-10-11T15:24:01.418580,1175.429,0.00,0.00,0.00,0.00,0.00,0.00,0.00,0,,4.0,30.0,50.0
2025-10-11T15:24:01.935440,1175.946,0.00,0.00,0.00,0.00,0.00,0.00,0.00,0,,4.0,60.0,50.0
2025-10-11T15:24:01.941082,1175.952,0.00,0.00,0.00,0.00,0.00,0.00,0.00,0,,4.0,60.0,50.0
2025-10-11T15:24:02.461117,1176.472,0.00,0.00,0.00,0.00,0.00,0.00,0.00,0,,4.0,70.0,50.0
2025-10-11T15:24:02.465760,1176.477,0.00,0.00,0.00,0.00,0.00,0.00,0.00,0,,4.0,70.0,50.0
2025-10-11T15:24:03.018894,1177.030,0.00,0.00,0.00,0.00,0.00,0.00,0.00,0,,4.0,70.0,80.0
2025-10-11T15:24:03.024360,1177.035,0.00,0.00,0.00,0.00,0.00,0.00,0.00,0,,4.0,70.0,80.0
2025-10-11T15:24:03.549577,1177.560,0.00,0.00,0.00,0.00,0.00,0.00,0.00,0,,4.0,70.0,90.0
2025-10-11T15:24:03.555602,1177.566,0.00,0.00,0.00,0.00,0.00,0.00,0.00,0,,4.0,70.0,90.0
2025-10-11T15:24:04.072026,1178.083,0.00,0.00,0.00,0.00,0.00,0.00,0.00,0,,4.0,80.0,90.0
2025-10-11T15:24:04.076706,1178.088,0.00,0.00,0.00,0.00,0.00,0.00,0.00,0,,4.0,80.0,90.0
2025-10-11T15:24:04.620636,1178.631,0.00,0.00,0.00,0.00,0.00,0.00,0.00,0,,7.0,80.0,90.0
2025-10-11T15:24:04.627669,1178.639,0.00,0.00,0.00,0.00,0.00,0.00,0.00,0,,7.0,80.0,90.0
2025-10-11T15:24:05.142684,1179.154,0.00,0.00,0.00,0.00,0.00,0.00,0.00,0,,6.0,80.0,90.0
2025-10-11T15:24:05.148605,1179.159,0.00,0.00,0.00,0.00,0.00,0.00,0.00,0,,6.0,80.0,90.0
2025-10-11T15:24:05.659727,1179.671,0.00,0.00,0.00,0.00,0.00,0.00,0.00,0,,6.0,80.0,50.0
2025-10-11T15:24:05.664979,1179.676,0.00,0.00,0.00,0.00,0.00,0.00,0.00,0,,6.0,80.0,50.0
2025-10-11T15:24:06.195287,1180.206,0.00,0.00,0.00,0.00,0.00,0.00,0.00,0,,6.0,80.0,40.0
2025-10-11T15:24:06.199721,1180.211,0.00,0.00,0.00,0.00,0.00,0.00,0.00,0,,6.0,80.0,40.0
2025-10-11T15:24:06.785383,1180.796,0.00,0.00,0.00,0.00,0.00,0.00,0.00,0,,6.0,30.0,40.0
2025-10-11T15:24:06.791663,1180.803,0.00,0.00,0.00,0.00,0.00,0.00,0.00,0,,6.0,30.0,40.0
2025-10-11T15:24:07.428051,1181.439,0.00,0.00,0.00,0.00,0.00,0.00,0.00,0,,6.0,20.0,40.0
2025-10-11T15:24:07.435097,1181.446,0.00,0.00,0.00,0.00,0.00,0.00,0.00,0,,6.0,20.0,40.0
2025-10-11T15:24:07.979344,1181.990,0.00,0.00,0.00,0.00,0.00,0.00,0.00,0,,1.0,20.0,40.0
2025-10-11T15:24:07.986409,1181.997,0.00,0.00,0.00,0.00,0.00,0.00,0.00,0,,1.0,20.0,40.0
2025-10-11T15:24:08.480310,1182.491,0.00,0.00,0.00,0.00,0.00,0.00,0.00,0,,2.0,20.0,40.0
2025-10-11T15:24:08.485351,1182.496,0.00,0.00,0.00,0.00,0.00,0.00,0.00,0,,2.0,20.0,40.0
2025-10-11T15:24:08.989612,1183.000,0.00,0.00,0.00,0.00,0.00,0.00,0.00,0,,2.0,20.0,30.0
2025-10-11T15:24:08.995172,1183.006,0.00,0.00,0.00,0.00,0.00,0.00,0.00,0,,2.0,20.0,30.0
2025-10-11T15:24:09.475661,1183.487,0.00,0.00,0.00,0.00,0.00,0.00,0.00,0,,2.0,20.0,40.0
2025-10-11T15:24:09.480856,1183.492,0.00,0.00,0.00,0.00,0.00,0.00,0.00,0,,2.0,20.0,40.0
2025-10-11T15:24:10.028295,1184.039,0.00,0.00,0.00,0.00,0.00,0.00,0.00,0,,2.0,20.0,50.0
2025-10-11T15:24:10.033181,1184.044,0.00,0.00,0.00,0.00,0.00,0.00,0.00,0,,2.0,20.0,50.0
2025-10-11T15:24:10.583661,1184.594,0.00,0.00,0.00,0.00,0.00,0.00,0.00,0,,2.0,60.0,50.0
2025-10-11T15:24:10.589988,1184.601,0.00,0.00,0.00,0.00,0.00,0.00,0.00,0,,2.0,60.0,50.0
2025-10-11T15:24:11.583169,1185.594,0.00,0.00,0.00,0.00,0.00,0.00,0.00,0,,7.0,60.0,50.0
2025-10-11T15:24:11.589505,1185.600,0.00,0.00,0.00,0.00,0.00,0.00,0.00,0,,7.0,60.0,50.0
2025-10-11T15:24:12.077362,1186.088,0.00,0.00,0.00,0.00,0.00,0.00,0.00,0,,8.0,60.0,50.0
2025-10-11T15:24:12.082897,1186.094,0.00,0.00,0.00,0.00,0.00,0.00,0.00,0,,8.0,60.0,50.0
2025-10-11T15:24:12.598913,1186.610,0.00,0.00,0.00,0.00,0.00,0.00,0.00,0,,8.0,60.0,90.0
2025-10-11T15:24:12.603989,1186.615,0.00,0.00,0.00,0.00,0.00,0.00,0.00,0,,8.0,60.0,90.0
2025-10-11T15:24:13.110178,1187.121,0.00,0.00,0.00,0.00,0.00,0.00,0.00,0,,8.0,60.0,80.0
2025-10-11T15:24:13.115496,1187.126,0.00,0.00,0.00,0.00,0.00,0.00,0.00,0,,8.0,60.0,80.0
2025-10-11T15:24:13.611143,1187.622,0.00,0.00,0.00,0.00,0.00,0.00,0.00,0,,8.0,70.0,80.0
2025-10-11T15:24:13.617568,1187.628,0.00,0.00,0.00,0.00,0.00,0.00,0.00,0,,8.0,70.0,80.0
2025-10-11T15:24:14.149445,1188.160,0.00,0.00,0.00,0.00,0.00,0.00,0.00,0,,8.0,70.0,60.0
2025-10-11T15:24:14.157617,1188.168,0.00,0.00,0.00,0.00,0.00,0.00,0.00,0,,8.0,70.0,60.0
2025-10-11T15:24:14.769729,1188.781,0.00,0.00,0.00,0.00,0.00,0.00,0.00,0,,8.0,70.0,50.0
2025-10-11T15:24:14.776537,1188.787,0.00,0.00,0.00,0.00,0.00,0.00,0.00,0,,8.0,70.0,50.0
2025-10-11T15:24:15.383516,1189.394,0.00,0.00,0.00,0.00,0.00,0.00,0.00,0,,8.0,70.0,40.0
2025-10-11T15:24:15.388068,1189.399,0.00,0.00,0.00,0.00,0.00,0.00,0.00,0,,8.0,70.0,40.0
2025-10-11T15:24:15.913675,1189.925,0.00,0.00,0.00,0.00,0.00,0.00,0.00,0,,8.0,70.0,30.0
2025-10-11T15:24:15.918744,1189.930,0.00,0.00,0.00,0.00,0.00,0.00,0.00,0,,8.0,70.0,30.0
2025-10-11T15:24:16.451362,1190.462,0.00,0.00,0.00,0.00,0.00,0.00,0.00,0,,8.0,70.0,20.0
2025-10-11T15:24:16.456729,1190.468,0.00,0.00,0.00,0.00,0.00,0.00,0.00,0,,8.0,70.0,20.0
2025-10-11T15:24:16.972710,1190.984,0.00,0.00,0.00,0.00,0.00,0.00,0.00,0,,8.0,70.0,10.0
2025-10-11T15:24:16.978504,1190.989,0.00,0.00,0.00,0.00,0.00,0.00,0.00,0,,8.0,70.0,10.0
2025-10-11T15:24:17.523844,1191.535,0.00,0.00,0.00,0.00,0.00,0.00,0.00,0,,8.0,70.0,20.0
2025-10-11T15:24:17.528711,1191.540,0.00,0.00,0.00,0.00,0.00,0.00,0.00,0,,8.0,70.0,20.0
2025-10-11T15:24:18.129754,1192.141,0.00,0.00,0.00,0.00,0.00,0.00,0.00,0,,8.0,70.0,30.0
2025-10-11T15:24:18.135350,1192.146,0.00,0.00,0.00,0.00,0.00,0.00,0.00,0,,8.0,70.0,30.0
2025-10-11T15:24:18.663594,1192.674,0.00,0.00,0.00,0.00,0.00,0.00,0.00,0,,8.0,40.0,30.0
2025-10-11T15:24:18.667964,1192.679,0.00,0.00,0.00,0.00,0.00,0.00,0.00,0,,8.0,40.0,30.0
2025-10-11T15:24:19.175893,1193.187,0.00,0.00,0.00,0.00,0.00,0.00,0.00,0,,8.0,40.0,50.0
2025-10-11T15:24:19.180222,1193.191,0.00,0.00,0.00,0.00,0.00,0.00,0.00,0,,8.0,40.0,50.0
2025-10-11T15:24:19.695098,1193.706,0.00,0.00,0.00,0.00,0.00,0.00,0.00,0,,6.0,40.0,50.0
2025-10-11T15:24:19.699527,1193.710,0.00,0.00,0.00,0.00,0.00,0.00,0.00,0,,6.0,40.0,50.0
2025-10-11T15:24:20.716803,1194.728,0.00,0.00,0.00,0.00,0.00,0.00,0.00,0,,6.0,40.0,70.0
2025-10-11T15:24:20.722700,1194.734,0.00,0.00,0.00,0.00,0.00,0.00,0.00,0,,6.0,40.0,70.0
2025-10-11T15:24:20.728802,1194.740,0.00,0.00,0.00,0.00,0.00,0.00,0.00,0,,8.0,40.0,70.0
2025-10-11T15:24:20.733910,1194.745,0.00,0.00,0.00,0.00,0.00,0.00,0.00,0,,8.0,40.0,70.0
2025-10-11T15:24:21.978579,1195.989,0.00,0.00,0.00,0.00,0.00,0.00,0.00,0,,8.0,40.0,90.0
2025-10-11T15:24:21.983174,1195.994,0.00,0.00,0.00,0.00,0.00,0.00,0.00,0,,8.0,40.0,90.0
2025-10-11T15:24:21.990823,1196.002,0.00,0.00,0.00,0.00,0.00,0.00,0.00,0,,8.0,40.0,90.0
2025-10-11T15:24:22.012645,1196.023,0.00,0.00,0.00,0.00,0.00,0.00,0.00,0,,8.0,40.0,90.0
2025-10-11T15:24:22.668604,1196.679,0.00,0.00,0.00,0.00,0.00,0.00,0.00,0,,7.0,40.0,90.0
2025-10-11T15:24:22.675308,1196.686,0.00,0.00,0.00,0.00,0.00,0.00,0.00,0,,7.0,40.0,90.0
2025-10-11T15:24:23.352254,1197.363,0.00,0.00,0.00,0.00,0.00,0.00,0.00,0,,7.0,60.0,90.0
2025-10-11T15:24:23.359211,1197.370,0.00,0.00,0.00,0.00,0.00,0.00,0.00,0,,7.0,60.0,90.0
2025-10-11T15:24:24.029163,1198.040,0.00,0.00,0.00,0.00,0.00,0.00,0.00,0,,7.0,60.0,50.0
2025-10-11T15:24:24.035203,1198.046,0.00,0.00,0.00,0.00,0.00,0.00,0.00,0,,7.0,60.0,50.0
2025-10-11T15:24:24.726083,1198.737,0.00,0.00,0.00,0.00,0.00,0.00,0.00,0,,4.0,60.0,50.0
2025-10-11T15:24:24.731699,1198.743,0.00,0.00,0.00,0.00,0.00,0.00,0.00,0,,4.0,60.0,50.0
2025-10-11T15:24:24.738542,1198.749,0.00,0.00,0.00,0.00,0.00,0.00,0.00,0,,4.0,30.0,50.0
2025-10-11T15:24:24.745310,1198.756,0.00,0.00,0.00,0.00,0.00,0.00,0.00,0,,4.0,30.0,50.0
2025-10-11T15:24:25.384763,1199.396,0.00,0.00,0.00,0.00,0.00,0.00,0.00,0,,4.0,30.0,20.0
2025-10-11T15:24:25.390275,1199.401,0.00,0.00,0.00,0.00,0.00,0.00,0.00,0,,4.0,30.0,20.0
2025-10-11T15:24:26.051713,1200.063,0.00,0.00,0.00,0.00,0.00,0.00,0.00,0,,4.0,10.0,20.0
2025-10-11T15:24:26.060190,1200.071,0.00,0.00,0.00,0.00,0.00,0.00,0.00,0,,4.0,10.0,20.0
2025-10-11T15:24:26.671886,1200.683,0.00,0.00,0.00,0.00,0.00,0.00,0.00,0,,4.0,20.0,20.0
2025-10-11T15:24:26.679562,1200.690,0.00,0.00,0.00,0.00,0.00,0.00,0.00,0,,4.0,20.0,20.0
2025-10-11T15:24:27.261699,1201.273,0.00,0.00,0.00,0.00,0.00,0.00,0.00,0,,4.0,20.0,30.0
2025-10-11T15:24:27.267320,1201.278,0.00,0.00,0.00,0.00,0.00,0.00,0.00,0,,4.0,20.0,30.0
2025-10-11T15:24:27.793692,1201.805,0.00,0.00,0.00,0.00,0.00,0.00,0.00,0,,4.0,20.0,30.0
2025-10-11T15:24:27.801125,1201.812,0.00,0.00,0.00,0.00,0.00,0.00,0.00,0,,4.0,20.0,30.0
2025-10-11T15:24:28.316835,1202.328,0.00,0.00,0.00,0.00,0.00,0.00,0.00,0,,5.0,20.0,30.0
2025-10-11T15:24:28.322890,1202.334,0.00,0.00,0.00,0.00,0.00,0.00,0.00,0,,5.0,20.0,30.0
2025-10-11T15:24:28.855989,1202.867,0.00,0.00,0.00,0.00,0.00,0.00,0.00,0,,5.0,20.0,60.0
2025-10-11T15:24:28.862475,1202.873,0.00,0.00,0.00,0.00,0.00,0.00,0.00,0,,5.0,20.0,60.0
2025-10-11T15:24:29.405700,1203.417,0.00,0.00,0.00,0.00,0.00,0.00,0.00,0,,5.0,70.0,60.0
2025-10-11T15:24:29.413328,1203.424,0.00,0.00,0.00,0.00,0.00,0.00,0.00,0,,5.0,70.0,60.0
