Timestamp,Elapsed_Time_s,Temp1_C,Temp2_C,Temp3_C,Volt1_V,Volt2_V,Volt3_V,Volt4_V,Set_Rudder_deg,Actual_Rudder_deg,pH,Water_Temp,Salinity
2025-10-11T16:58:16.151156,4.370,0.00,0.00,0.00,0.00,0.00,0.00,0.00,0,,8.0,0,0
2025-10-11T16:58:16.152414,4.371,0.00,0.00,0.00,0.00,0.00,0.00,0.00,0,,8.0,0,0
2025-10-11T16:58:16.153929,4.373,0.00,0.00,0.00,0.00,0.00,0.00,0.00,0,,8.0,550.0,0
2025-10-11T16:58:16.155317,4.374,0.00,0.00,0.00,0.00,0.00,0.00,0.00,0,,8.0,550.0,0
2025-10-11T16:58:16.607625,4.826,0.00,0.00,0.00,0.00,0.00,0.00,0.00,0,,8.0,550.0,287500.0
2025-10-11T16:58:16.608662,4.827,0.00,0.00,0.00,0.00,0.00,0.00,0.00,0,,8.0,550.0,287500.0
2025-10-11T16:58:17.503005,5.722,0.00,0.00,0.00,0.00,0.00,0.00,0.00,0,,9.0,550.0,287500.0
2025-10-11T16:58:17.504326,5.723,0.00,0.00,0.00,0.00,0.00,0.00,0.00,0,,9.0,550.0,287500.0
2025-10-11T16:58:17.505663,5.724,0.00,0.00,0.00,0.00,0.00,0.00,0.00,0,,9.0,660.0,287500.0
2025-10-11T16:58:17.506807,5.726,0.00,0.00,0.00,0.00,0.00,0.00,0.00,0,,9.0,660.0,287500.0
2025-10-11T16:58:17.941665,6.160,0.00,0.00,0.00,0.00,0.00,0.00,0.00,0,,9.0,660.0,345000.0
2025-10-11T16:58:17.942844,6.162,0.00,0.00,0.00,0.00,0.00,0.00,0.00,0,,9.0,660.0,345000.0
2025-10-11T16:58:18.814871,7.034,0.00,0.00,0.00,0.00,0.00,0.00,0.00,0,,10.0,660.0,345000.0
2025-10-11T16:58:18.815936,7.035,0.00,0.00,0.00,0.00,0.00,0.00,0.00,0,,10.0,660.0,345000.0
2025-10-11T16:58:18.816986,7.036,0.00,0.00,0.00,0.00,0.00,0.00,0.00,0,,10.0,770.0,345000.0
2025-10-11T16:58:18.818004,7.037,0.00,0.00,0.00,0.00,0.00,0.00,0.00,0,,10.0,770.0,345000.0
2025-10-11T16:58:18.819434,7.038,0.00,0.00,0.00,0.00,0.00,0.00,0.00,0,,10.0,770.0,402500.0
2025-10-11T16:58:18.821575,7.040,0.00,0.00,0.00,0.00,0.00,0.00,0.00,0,,10.0,770.0,402500.0
2025-10-11T16:58:20.034483,8.253,0.00,0.00,0.00,0.00,0.00,0.00,0.00,0,,12.0,770.0,402500.0
2025-10-11T16:58:20.035640,8.254,0.00,0.00,0.00,0.00,0.00,0.00,0.00,0,,12.0,770.0,402500.0
2025-10-11T16:58:20.036911,8.256,0.00,0.00,0.00,0.00,0.00,0.00,0.00,0,,12.0,880.0,402500.0
2025-10-11T16:58:20.038097,8.257,0.00,0.00,0.00,0.00,0.00,0.00,0.00,0,,12.0,880.0,402500.0
2025-10-11T16:58:20.039412,8.258,0.00,0.00,0.00,0.00,0.00,0.00,0.00,0,,12.0,880.0,460000.0
2025-10-11T16:58:20.041241,8.260,0.00,0.00,0.00,0.00,0.00,0.00,0.00,0,,12.0,880.0,460000.0
2025-10-11T16:58:21.361916,9.581,0.00,0.00,0.00,0.00,0.00,0.00,0.00,0,,13.0,880.0,460000.0
2025-10-11T16:58:21.363215,9.582,0.00,0.00,0.00,0.00,0.00,0.00,0.00,0,,13.0,880.0,460000.0
2025-10-11T16:58:21.364419,9.583,0.00,0.00,0.00,0.00,0.00,0.00,0.00,0,,13.0,990.0,460000.0
2025-10-11T16:58:21.365594,9.584,0.00,0.00,0.00,0.00,0.00,0.00,0.00,0,,13.0,990.0,460000.0
2025-10-11T16:58:21.367949,9.587,0.00,0.00,0.00,0.00,0.00,0.00,0.00,0,,13.0,990.0,517500.0
2025-10-11T16:58:21.369753,9.588,0.00,0.00,0.00,0.00,0.00,0.00,0.00,0,,13.0,990.0,517500.0
2025-10-11T16:58:22.338668,10.557,0.00,0.00,0.00,0.00,0.00,0.00,0.00,0,,12.0,990.0,517500.0
2025-10-11T16:58:22.339845,10.559,0.00,0.00,0.00,0.00,0.00,0.00,0.00,0,,12.0,990.0,517500.0
2025-10-11T16:58:22.341014,10.560,0.00,0.00,0.00,0.00,0.00,0.00,0.00,0,,12.0,880.0,517500.0
2025-10-11T16:58:22.342112,10.561,0.00,0.00,0.00,0.00,0.00,0.00,0.00,0,,12.0,880.0,517500.0
2025-10-11T16:58:22.773585,10.992,0.00,0.00,0.00,0.00,0.00,0.00,0.00,0,,12.0,880.0,460000.0
2025-10-11T16:58:22.774856,10.994,0.00,0.00,0.00,0.00,0.00,0.00,0.00,0,,12.0,880.0,460000.0
2025-10-11T16:58:23.654559,11.873,0.00,0.00,0.00,0.00,0.00,0.00,0.00,0,,10.0,880.0,460000.0
2025-10-11T16:58:23.655951,11.875,0.00,0.00,0.00,0.00,0.00,0.00,0.00,0,,10.0,880.0,460000.0
2025-10-11T16:58:23.657113,11.876,0.00,0.00,0.00,0.00,0.00,0.00,0.00,0,,10.0,770.0,460000.0
2025-10-11T16:58:23.658290,11.877,0.00,0.00,0.00,0.00,0.00,0.00,0.00,0,,10.0,770.0,460000.0
2025-10-11T16:58:23.659595,11.878,0.00,0.00,0.00,0.00,0.00,0.00,0.00,0,,10.0,770.0,402500.0
2025-10-11T16:58:23.661654,11.880,0.00,0.00,0.00,0.00,0.00,0.00,0.00,0,,10.0,770.0,402500.0
2025-10-11T16:58:24.870357,13.089,0.00,0.00,0.00,0.00,0.00,0.00,0.00,0,,9.0,770.0,402500.0
2025-10-11T16:58:24.871523,13.090,0.00,0.00,0.00,0.00,0.00,0.00,0.00,0,,9.0,770.0,402500.0
2025-10-11T16:58:24.873113,13.092,0.00,0.00,0.00,0.00,0.00,0.00,0.00,0,,9.0,660.0,402500.0
2025-10-11T16:58:24.874417,13.093,0.00,0.00,0.00,0.00,0.00,0.00,0.00,0,,9.0,660.0,402500.0
2025-10-11T16:58:24.876856,13.096,0.00,0.00,0.00,0.00,0.00,0.00,0.00,0,,9.0,660.0,345000.0
2025-10-11T16:58:24.878523,13.097,0.00,0.00,0.00,0.00,0.00,0.00,0.00,0,,9.0,660.0,345000.0
2025-10-11T16:58:26.200021,14.419,0.00,0.00,0.00,0.00,0.00,0.00,0.00,0,,8.0,660.0,345000.0
2025-10-11T16:58:26.201208,14.420,0.00,0.00,0.00,0.00,0.00,0.00,0.00,0,,8.0,660.0,345000.0
2025-10-11T16:58:26.202410,14.421,0.00,0.00,0.00,0.00,0.00,0.00,0.00,0,,8.0,550.0,345000.0
2025-10-11T16:58:26.203609,14.422,0.00,0.00,0.00,0.00,0.00,0.00,0.00,0,,8.0,550.0,345000.0
2025-10-11T16:58:26.206096,14.425,0.00,0.00,0.00,0.00,0.00,0.00,0.00,0,,8.0,550.0,287500.0
2025-10-11T16:58:26.207729,14.426,0.00,0.00,0.00,0.00,0.00,0.00,0.00,0,,8.0,550.0,287500.0
2025-10-11T16:58:27.461984,15.681,0.00,0.00,0.00,0.00,0.00,0.00,0.00,0,,6.0,550.0,287500.0
2025-10-11T16:58:27.463488,15.682,0.00,0.00,0.00,0.00,0.00,0.00,0.00,0,,6.0,550.0,287500.0
2025-10-11T16:58:27.464943,15.684,0.00,0.00,0.00,0.00,0.00,0.00,0.00,0,,6.0,440.0,287500.0
2025-10-11T16:58:27.466401,15.685,0.00,0.00,0.00,0.00,0.00,0.00,0.00,0,,6.0,440.0,287500.0
2025-10-11T16:58:27.468481,15.687,0.00,0.00,0.00,0.00,0.00,0.00,0.00,0,,6.0,440.0,230000.0
2025-10-11T16:58:27.470323,15.689,0.00,0.00,0.00,0.00,0.00,0.00,0.00,0,,6.0,440.0,230000.0
2025-10-11T16:58:28.385310,16.604,0.00,0.00,0.00,0.00,0.00,0.00,0.00,0,,5.0,440.0,230000.0
2025-10-11T16:58:28.386863,16.606,0.00,0.00,0.00,0.00,0.00,0.00,0.00,0,,5.0,440.0,230000.0
2025-10-11T16:58:28.820162,17.039,0.00,0.00,0.00,0.00,0.00,0.00,0.00,0,,5.0,330.0,230000.0
2025-10-11T16:58:28.821615,17.040,0.00,0.00,0.00,0.00,0.00,0.00,0.00,0,,5.0,330.0,230000.0
2025-10-11T16:58:28.823083,17.042,0.00,0.00,0.00,0.00,0.00,0.00,0.00,0,,5.0,330.0,172500.0
2025-10-11T16:58:28.824403,17.043,0.00,0.00,0.00,0.00,0.00,0.00,0.00,0,,5.0,330.0,172500.0
2025-10-11T16:58:30.135153,18.354,0.00,0.00,0.00,0.00,0.00,0.00,0.00,0,,3.0,330.0,172500.0
2025-10-11T16:58:30.136582,18.355,0.00,0.00,0.00,0.00,0.00,0.00,0.00,0,,3.0,330.0,172500.0
2025-10-11T16:58:30.138077,18.357,0.00,0.00,0.00,0.00,0.00,0.00,0.00,0,,3.0,220.0,172500.0
2025-10-11T16:58:30.139580,18.358,0.00,0.00,0.00,0.00,0.00,0.00,0.00,0,,3.0,220.0,172500.0
2025-10-11T16:58:30.142006,18.361,0.00,0.00,0.00,0.00,0.00,0.00,0.00,0,,3.0,220.0,115000.0
2025-10-11T16:58:30.143641,18.362,0.00,0.00,0.00,0.00,0.00,0.00,0.00,0,,3.0,220.0,115000.0
2025-10-11T16:58:31.448584,19.667,0.00,0.00,0.00,0.00,0.00,0.00,0.00,0,,2.0,220.0,115000.0
2025-10-11T16:58:31.450176,19.669,0.00,0.00,0.00,0.00,0.00,0.00,0.00,0,,2.0,220.0,115000.0
2025-10-11T16:58:31.451445,19.670,0.00,0.00,0.00,0.00,0.00,0.00,0.00,0,,2.0,110.0,115000.0
2025-10-11T16:58:31.452704,19.671,0.00,0.00,0.00,0.00,0.00,0.00,0.00,0,,2.0,110.0,115000.0
2025-10-11T16:58:31.455193,19.674,0.00,0.00,0.00,0.00,0.00,0.00,0.00,0,,2.0,110.0,57500.0
2025-10-11T16:58:31.456953,19.676,0.00,0.00,0.00,0.00,0.00,0.00,0.00,0,,2.0,110.0,57500.0
2025-10-11T16:58:32.778728,20.997,0.00,0.00,0.00,0.00,0.00,0.00,0.00,0,,3.0,110.0,57500.0
2025-10-11T16:58:32.780168,20.999,0.00,0.00,0.00,0.00,0.00,0.00,0.00,0,,3.0,110.0,57500.0
2025-10-11T16:58:32.781630,21.000,0.00,0.00,0.00,0.00,0.00,0.00,0.00,0,,3.0,220.0,57500.0
2025-10-11T16:58:32.782947,21.002,0.00,0.00,0.00,0.00,0.00,0.00,0.00,0,,3.0,220.0,57500.0
2025-10-11T16:58:32.785110,21.004,0.00,0.00,0.00,0.00,0.00,0.00,0.00,0,,3.0,220.0,115000.0
2025-10-11T16:58:32.787137,21.006,0.00,0.00,0.00,0.00,0.00,0.00,0.00,0,,3.0,220.0,115000.0
2025-10-11T16:58:33.652404,21.871,0.00,0.00,0.00,0.00,0.00,0.00,0.00,0,,5.0,220.0,115000.0
2025-10-11T16:58:33.653849,21.873,0.00,0.00,0.00,0.00,0.00,0.00,0.00,0,,5.0,220.0,115000.0
2025-10-11T16:58:34.149149,22.368,0.00,0.00,0.00,0.00,0.00,0.00,0.00,0,,5.0,330.0,115000.0
2025-10-11T16:58:34.150720,22.369,0.00,0.00,0.00,0.00,0.00,0.00,0.00,0,,5.0,330.0,115000.0
2025-10-11T16:58:34.152099,22.371,0.00,0.00,0.00,0.00,0.00,0.00,0.00,0,,5.0,330.0,172500.0
2025-10-11T16:58:34.153838,22.373,0.00,0.00,0.00,0.00,0.00,0.00,0.00,0,,5.0,330.0,172500.0
2025-10-11T16:58:35.861942,24.081,0.00,0.00,0.00,0.00,0.00,0.00,0.00,0,,6.0,330.0,172500.0
2025-10-11T16:58:35.863629,24.082,0.00,0.00,0.00,0.00,0.00,0.00,0.00,0,,6.0,330.0,172500.0
2025-10-11T16:58:35.865201,24.084,0.00,0.00,0.00,0.00,0.00,0.00,0.00,0,,6.0,440.0,172500.0
2025-10-11T16:58:35.866998,24.086,0.00,0.00,0.00,0.00,0.00,0.00,0.00,0,,6.0,440.0,172500.0
2025-10-11T16:58:35.869142,24.088,0.00,0.00,0.00,0.00,0.00,0.00,0.00,0,,6.0,440.0,230000.0
2025-10-11T16:58:35.871247,24.090,0.00,0.00,0.00,0.00,0.00,0.00,0.00,0,,6.0,440.0,230000.0
2025-10-11T16:58:36.737624,24.956,0.00,0.00,0.00,0.00,0.00,0.00,0.00,0,,8.0,440.0,230000.0
2025-10-11T16:58:36.739188,24.958,0.00,0.00,0.00,0.00,0.00,0.00,0.00,0,,8.0,440.0,230000.0
2025-10-11T16:58:36.740775,24.960,0.00,0.00,0.00,0.00,0.00,0.00,0.00,0,,8.0,550.0,230000.0
2025-10-11T16:58:36.742517,24.961,0.00,0.00,0.00,0.00,0.00,0.00,0.00,0,,8.0,550.0,230000.0
2025-10-11T16:58:36.744752,24.963,0.00,0.00,0.00,0.00,0.00,0.00,0.00,0,,8.0,550.0,287500.0
2025-10-11T16:58:36.747132,24.966,0.00,0.00,0.00,0.00,0.00,0.00,0.00,0,,8.0,550.0,287500.0
2025-10-11T16:58:38.050027,26.269,0.00,0.00,0.00,0.00,0.00,0.00,0.00,0,,9.0,550.0,287500.0
2025-10-11T16:58:38.051995,26.271,0.00,0.00,0.00,0.00,0.00,0.00,0.00,0,,9.0,550.0,287500.0
2025-10-11T16:58:38.053900,26.273,0.00,0.00,0.00,0.00,0.00,0.00,0.00,0,,9.0,660.0,287500.0
2025-10-11T16:58:38.055973,26.275,0.00,0.00,0.00,0.00,0.00,0.00,0.00,0,,9.0,660.0,287500.0
2025-10-11T16:58:38.057895,26.277,0.00,0.00,0.00,0.00,0.00,0.00,0.00,0,,9.0,660.0,345000.0
2025-10-11T16:58:38.059778,26.279,0.00,0.00,0.00,0.00,0.00,0.00,0.00,0,,9.0,660.0,345000.0
2025-10-11T16:58:39.251449,27.470,0.00,0.00,0.00,0.00,0.00,0.00,0.00,0,,10.0,660.0,345000.0
2025-10-11T16:58:39.252807,27.472,0.00,0.00,0.00,0.00,0.00,0.00,0.00,0,,10.0,660.0,345000.0
2025-10-11T16:58:39.254187,27.473,0.00,0.00,0.00,0.00,0.00,0.00,0.00,0,,10.0,770.0,345000.0
2025-10-11T16:58:39.255555,27.474,0.00,0.00,0.00,0.00,0.00,0.00,0.00,0,,10.0,770.0,345000.0
2025-10-11T16:58:39.258076,27.477,0.00,0.00,0.00,0.00,0.00,0.00,0.00,0,,10.0,770.0,402500.0
2025-10-11T16:58:39.259786,27.479,0.00,0.00,0.00,0.00,0.00,0.00,0.00,0,,10.0,770.0,402500.0
2025-10-11T16:58:40.455426,28.674,0.00,0.00,0.00,0.00,0.00,0.00,0.00,0,,12.0,770.0,402500.0
2025-10-11T16:58:40.456909,28.676,0.00,0.00,0.00,0.00,0.00,0.00,0.00,0,,12.0,770.0,402500.0
2025-10-11T16:58:40.458486,28.677,0.00,0.00,0.00,0.00,0.00,0.00,0.00,0,,12.0,880.0,402500.0
2025-10-11T16:58:40.459930,28.679,0.00,0.00,0.00,0.00,0.00,0.00,0.00,0,,12.0,880.0,402500.0
2025-10-11T16:58:40.462165,28.681,0.00,0.00,0.00,0.00,0.00,0.00,0.00,0,,12.0,880.0,460000.0
2025-10-11T16:58:40.464138,28.683,0.00,0.00,0.00,0.00,0.00,0.00,0.00,0,,12.0,880.0,460000.0
2025-10-11T16:58:41.544676,29.763,0.00,0.00,0.00,0.00,0.00,0.00,0.00,0,,13.0,880.0,460000.0
2025-10-11T16:58:41.546012,29.765,0.00,0.00,0.00,0.00,0.00,0.00,0.00,0,,13.0,880.0,460000.0
2025-10-11T16:58:41.975919,30.195,0.00,0.00,0.00,0.00,0.00,0.00,0.00,0,,13.0,990.0,460000.0
2025-10-11T16:58:41.977420,30.196,0.00,0.00,0.00,0.00,0.00,0.00,0.00,0,,13.0,990.0,460000.0
2025-10-11T16:58:41.978964,30.198,0.00,0.00,0.00,0.00,0.00,0.00,0.00,0,,13.0,990.0,517500.0
2025-10-11T16:58:41.980394,30.199,0.00,0.00,0.00,0.00,0.00,0.00,0.00,0,,13.0,990.0,517500.0
2025-10-11T16:58:42.853727,31.072,0.00,0.00,0.00,0.00,0.00,0.00,0.00,0,,12.0,990.0,517500.0
2025-10-11T16:58:42.854979,31.074,0.00,0.00,0.00,0.00,0.00,0.00,0.00,0,,12.0,990.0,517500.0
2025-10-11T16:58:43.307295,31.526,0.00,0.00,0.00,0.00,0.00,0.00,0.00,0,,12.0,880.0,517500.0
2025-10-11T16:58:43.308570,31.527,0.00,0.00,0.00,0.00,0.00,0.00,0.00,0,,12.0,880.0,517500.0
2025-10-11T16:58:43.309790,31.529,0.00,0.00,0.00,0.00,0.00,0.00,0.00,0,,12.0,880.0,460000.0
2025-10-11T16:58:43.311037,31.530,0.00,0.00,0.00,0.00,0.00,0.00,0.00,0,,12.0,880.0,460000.0
2025-10-11T16:58:44.187048,32.406,0.00,0.00,0.00,0.00,0.00,0.00,0.00,0,,10.0,880.0,460000.0
2025-10-11T16:58:44.188483,32.407,0.00,0.00,0.00,0.00,0.00,0.00,0.00,0,,10.0,880.0,460000.0
2025-10-11T16:58:44.189766,32.409,0.00,0.00,0.00,0.00,0.00,0.00,0.00,0,,10.0,770.0,460000.0
2025-10-11T16:58:44.191023,32.410,0.00,0.00,0.00,0.00,0.00,0.00,0.00,0,,10.0,770.0,460000.0
2025-10-11T16:58:44.637321,32.856,0.00,0.00,0.00,0.00,0.00,0.00,0.00,0,,10.0,770.0,402500.0
2025-10-11T16:58:44.639307,32.858,0.00,0.00,0.00,0.00,0.00,0.00,0.00,0,,10.0,770.0,402500.0
2025-10-11T16:58:45.521300,33.740,0.00,0.00,0.00,0.00,0.00,0.00,0.00,0,,9.0,770.0,402500.0
2025-10-11T16:58:45.523008,33.742,0.00,0.00,0.00,0.00,0.00,0.00,0.00,0,,9.0,770.0,402500.0
2025-10-11T16:58:45.524434,33.743,0.00,0.00,0.00,0.00,0.00,0.00,0.00,0,,9.0,660.0,402500.0
2025-10-11T16:58:45.525863,33.745,0.00,0.00,0.00,0.00,0.00,0.00,0.00,0,,9.0,660.0,402500.0
2025-10-11T16:58:45.957878,34.177,0.00,0.00,0.00,0.00,0.00,0.00,0.00,0,,9.0,660.0,345000.0
2025-10-11T16:58:45.977411,34.196,0.00,0.00,0.00,0.00,0.00,0.00,0.00,0,,9.0,660.0,345000.0
2025-10-11T16:58:46.820751,35.039,0.00,0.00,0.00,0.00,0.00,0.00,0.00,0,,8.0,660.0,345000.0
2025-10-11T16:58:46.822140,35.041,0.00,0.00,0.00,0.00,0.00,0.00,0.00,0,,8.0,660.0,345000.0
2025-10-11T16:58:46.823474,35.042,0.00,0.00,0.00,0.00,0.00,0.00,0.00,0,,8.0,550.0,345000.0
2025-10-11T16:58:46.824937,35.044,0.00,0.00,0.00,0.00,0.00,0.00,0.00,0,,8.0,550.0,345000.0
2025-10-11T16:58:46.826984,35.046,0.00,0.00,0.00,0.00,0.00,0.00,0.00,0,,8.0,550.0,287500.0
2025-10-11T16:58:46.828920,35.048,0.00,0.00,0.00,0.00,0.00,0.00,0.00,0,,8.0,550.0,287500.0
2025-10-11T16:58:48.148221,36.367,0.00,0.00,0.00,0.00,0.00,0.00,0.00,0,,6.0,550.0,287500.0
2025-10-11T16:58:48.149776,36.369,0.00,0.00,0.00,0.00,0.00,0.00,0.00,0,,6.0,550.0,287500.0
2025-10-11T16:58:48.151175,36.370,0.00,0.00,0.00,0.00,0.00,0.00,0.00,0,,6.0,440.0,287500.0
2025-10-11T16:58:48.152447,36.371,0.00,0.00,0.00,0.00,0.00,0.00,0.00,0,,6.0,440.0,287500.0
2025-10-11T16:58:48.155122,36.374,0.00,0.00,0.00,0.00,0.00,0.00,0.00,0,,6.0,440.0,230000.0
2025-10-11T16:58:48.157086,36.376,0.00,0.00,0.00,0.00,0.00,0.00,0.00,0,,6.0,440.0,230000.0
2025-10-11T16:58:49.463636,37.682,0.00,0.00,0.00,0.00,0.00,0.00,0.00,0,,5.0,440.0,230000.0
2025-10-11T16:58:49.464970,37.684,0.00,0.00,0.00,0.00,0.00,0.00,0.00,0,,5.0,440.0,230000.0
2025-10-11T16:58:49.466339,37.685,0.00,0.00,0.00,0.00,0.00,0.00,0.00,0,,5.0,330.0,230000.0
2025-10-11T16:58:49.467699,37.686,0.00,0.00,0.00,0.00,0.00,0.00,0.00,0,,5.0,330.0,230000.0
2025-10-11T16:58:49.470197,37.689,0.00,0.00,0.00,0.00,0.00,0.00,0.00,0,,5.0,330.0,172500.0
2025-10-11T16:58:49.472093,37.691,0.00,0.00,0.00,0.00,0.00,0.00,0.00,0,,5.0,330.0,172500.0
2025-10-11T16:58:50.684103,38.903,0.00,0.00,0.00,0.00,0.00,0.00,0.00,0,,3.0,330.0,172500.0
2025-10-11T16:58:50.685632,38.904,0.00,0.00,0.00,0.00,0.00,0.00,0.00,0,,3.0,330.0,172500.0
2025-10-11T16:58:50.687050,38.906,0.00,0.00,0.00,0.00,0.00,0.00,0.00,0,,3.0,220.0,172500.0
2025-10-11T16:58:50.688436,38.907,0.00,0.00,0.00,0.00,0.00,0.00,0.00,0,,3.0,220.0,172500.0
2025-10-11T16:58:50.690560,38.909,0.00,0.00,0.00,0.00,0.00,0.00,0.00,0,,3.0,220.0,115000.0
2025-10-11T16:58:50.692350,38.911,0.00,0.00,0.00,0.00,0.00,0.00,0.00,0,,3.0,220.0,115000.0
2025-10-11T16:58:51.998564,40.217,0.00,0.00,0.00,0.00,0.00,0.00,0.00,0,,2.0,220.0,115000.0
2025-10-11T16:58:52.000159,40.219,0.00,0.00,0.00,0.00,0.00,0.00,0.00,0,,2.0,220.0,115000.0
2025-10-11T16:58:52.001579,40.220,0.00,0.00,0.00,0.00,0.00,0.00,0.00,0,,2.0,110.0,115000.0
2025-10-11T16:58:52.002936,40.222,0.00,0.00,0.00,0.00,0.00,0.00,0.00,0,,2.0,110.0,115000.0
2025-10-11T16:58:52.005305,40.224,0.00,0.00,0.00,0.00,0.00,0.00,0.00,0,,2.0,110.0,57500.0
2025-10-11T16:58:52.007410,40.226,0.00,0.00,0.00,0.00,0.00,0.00,0.00,0,,2.0,110.0,57500.0
2025-10-11T16:58:53.315519,41.534,0.00,0.00,0.00,0.00,0.00,0.00,0.00,0,,3.0,110.0,57500.0
2025-10-11T16:58:53.316905,41.536,0.00,0.00,0.00,0.00,0.00,0.00,0.00,0,,3.0,110.0,57500.0
2025-10-11T16:58:53.318366,41.537,0.00,0.00,0.00,0.00,0.00,0.00,0.00,0,,3.0,220.0,57500.0
2025-10-11T16:58:53.319897,41.539,0.00,0.00,0.00,0.00,0.00,0.00,0.00,0,,3.0,220.0,57500.0
2025-10-11T16:58:53.321928,41.541,0.00,0.00,0.00,0.00,0.00,0.00,0.00,0,,3.0,220.0,115000.0
2025-10-11T16:58:53.323756,41.542,0.00,0.00,0.00,0.00,0.00,0.00,0.00,0,,3.0,220.0,115000.0
2025-10-11T16:58:54.630975,42.850,0.00,0.00,0.00,0.00,0.00,0.00,0.00,0,,5.0,220.0,115000.0
2025-10-11T16:58:54.632723,42.851,0.00,0.00,0.00,0.00,0.00,0.00,0.00,0,,5.0,220.0,115000.0
2025-10-11T16:58:54.634540,42.853,0.00,0.00,0.00,0.00,0.00,0.00,0.00,0,,5.0,330.0,115000.0
2025-10-11T16:58:54.636817,42.856,0.00,0.00,0.00,0.00,0.00,0.00,0.00,0,,5.0,330.0,115000.0
2025-10-11T16:58:54.638652,42.857,0.00,0.00,0.00,0.00,0.00,0.00,0.00,0,,5.0,330.0,172500.0
2025-10-11T16:58:54.639977,42.859,0.00,0.00,0.00,0.00,0.00,0.00,0.00,0,,5.0,330.0,172500.0
2025-10-11T16:58:55.521756,43.740,0.00,0.00,0.00,0.00,0.00,0.00,0.00,0,,6.0,330.0,172500.0
2025-10-11T16:58:55.523070,43.742,0.00,0.00,0.00,0.00,0.00,0.00,0.00,0,,6.0,330.0,172500.0
2025-10-11T16:58:55.965043,44.184,0.00,0.00,0.00,0.00,0.00,0.00,0.00,0,,6.0,440.0,172500.0
2025-10-11T16:58:55.966457,44.185,0.00,0.00,0.00,0.00,0.00,0.00,0.00,0,,6.0,440.0,172500.0
2025-10-11T16:58:55.967866,44.187,0.00,0.00,0.00,0.00,0.00,0.00,0.00,0,,6.0,440.0,230000.0
2025-10-11T16:58:55.969154,44.188,0.00,0.00,0.00,0.00,0.00,0.00,0.00,0,,6.0,440.0,230000.0
2025-10-11T16:58:56.836652,45.055,0.00,0.00,0.00,0.00,0.00,0.00,0.00,0,,8.0,440.0,230000.0
2025-10-11T16:58:56.838232,45.057,0.00,0.00,0.00,0.00,0.00,0.00,0.00,0,,8.0,440.0,230000.0
2025-10-11T16:58:57.276134,45.495,0.00,0.00,0.00,0.00,0.00,0.00,0.00,0,,8.0,550.0,230000.0
2025-10-11T16:58:57.277652,45.496,0.00,0.00,0.00,0.00,0.00,0.00,0.00,0,,8.0,550.0,230000.0
2025-10-11T16:58:57.279148,45.498,0.00,0.00,0.00,0.00,0.00,0.00,0.00,0,,8.0,550.0,287500.0
2025-10-11T16:58:57.280596,45.499,0.00,0.00,0.00,0.00,0.00,0.00,0.00,0,,8.0,550.0,287500.0
2025-10-11T16:58:58.039158,46.258,0.00,0.00,0.00,0.00,0.00,0.00,0.00,0,,9.0,550.0,287500.0
2025-10-11T16:58:58.040672,46.259,0.00,0.00,0.00,0.00,0.00,0.00,0.00,0,,9.0,550.0,287500.0
2025-10-11T16:58:58.482470,46.701,0.00,0.00,0.00,0.00,0.00,0.00,0.00,0,,9.0,660.0,287500.0
2025-10-11T16:58:58.483847,46.703,0.00,0.00,0.00,0.00,0.00,0.00,0.00,0,,9.0,660.0,287500.0
2025-10-11T16:58:58.485231,46.704,0.00,0.00,0.00,0.00,0.00,0.00,0.00,0,,9.0,660.0,345000.0
2025-10-11T16:58:58.486674,46.705,0.00,0.00,0.00,0.00,0.00,0.00,0.00,0,,9.0,660.0,345000.0
2025-10-11T16:58:59.686046,47.905,0.00,0.00,0.00,0.00,0.00,0.00,0.00,0,,10.0,660.0,345000.0
2025-10-11T16:58:59.687480,47.906,0.00,0.00,0.00,0.00,0.00,0.00,0.00,0,,10.0,660.0,345000.0
2025-10-11T16:58:59.688851,47.908,0.00,0.00,0.00,0.00,0.00,0.00,0.00,0,,10.0,770.0,345000.0
2025-10-11T16:58:59.690334,47.909,0.00,0.00,0.00,0.00,0.00,0.00,0.00,0,,10.0,770.0,345000.0
2025-10-11T16:58:59.691818,47.911,0.00,0.00,0.00,0.00,0.00,0.00,0.00,0,,10.0,770.0,402500.0
2025-10-11T16:58:59.693842,47.913,0.00,0.00,0.00,0.00,0.00,0.00,0.00,0,,10.0,770.0,402500.0
2025-10-11T16:59:00.887725,49.106,0.00,0.00,0.00,0.00,0.00,0.00,0.00,0,,12.0,770.0,402500.0
2025-10-11T16:59:00.889555,49.108,0.00,0.00,0.00,0.00,0.00,0.00,0.00,0,,12.0,770.0,402500.0
2025-10-11T16:59:00.891253,49.110,0.00,0.00,0.00,0.00,0.00,0.00,0.00,0,,12.0,880.0,402500.0
2025-10-11T16:59:00.894087,49.113,0.00,0.00,0.00,0.00,0.00,0.00,0.00,0,,12.0,880.0,402500.0
2025-10-11T16:59:01.339445,49.558,0.00,0.00,0.00,0.00,0.00,0.00,0.00,0,,12.0,880.0,460000.0
2025-10-11T16:59:01.340926,49.560,0.00,0.00,0.00,0.00,0.00,0.00,0.00,0,,12.0,880.0,460000.0
2025-10-11T16:59:02.218898,50.438,0.00,0.00,0.00,0.00,0.00,0.00,0.00,0,,13.0,880.0,460000.0
2025-10-11T16:59:02.220391,50.439,0.00,0.00,0.00,0.00,0.00,0.00,0.00,0,,13.0,880.0,460000.0
2025-10-11T16:59:02.221822,50.441,0.00,0.00,0.00,0.00,0.00,0.00,0.00,0,,13.0,990.0,460000.0
2025-10-11T16:59:02.223200,50.442,0.00,0.00,0.00,0.00,0.00,0.00,0.00,0,,13.0,990.0,460000.0
2025-10-11T16:59:02.225097,50.444,0.00,0.00,0.00,0.00,0.00,0.00,0.00,0,,13.0,990.0,517500.0
2025-10-11T16:59:02.226926,50.446,0.00,0.00,0.00,0.00,0.00,0.00,0.00,0,,13.0,990.0,517500.0
2025-10-11T16:59:03.420383,51.639,0.00,0.00,0.00,0.00,0.00,0.00,0.00,0,,12.0,990.0,517500.0
2025-10-11T16:59:03.422059,51.641,0.00,0.00,0.00,0.00,0.00,0.00,0.00,0,,12.0,990.0,517500.0
2025-10-11T16:59:03.423406,51.642,0.00,0.00,0.00,0.00,0.00,0.00,0.00,0,,12.0,880.0,517500.0
2025-10-11T16:59:03.424867,51.644,0.00,0.00,0.00,0.00,0.00,0.00,0.00,0,,12.0,880.0,517500.0
2025-10-11T16:59:03.427058,51.646,0.00,0.00,0.00,0.00,0.00,0.00,0.00,0,,12.0,880.0,460000.0
2025-10-11T16:59:03.429148,51.648,0.00,0.00,0.00,0.00,0.00,0.00,0.00,0,,12.0,880.0,460000.0
2025-10-11T16:59:04.637995,52.857,0.00,0.00,0.00,0.00,0.00,0.00,0.00,0,,10.0,880.0,460000.0
2025-10-11T16:59:04.639481,52.858,0.00,0.00,0.00,0.00,0.00,0.00,0.00,0,,10.0,880.0,460000.0
2025-10-11T16:59:04.640977,52.860,0.00,0.00,0.00,0.00,0.00,0.00,0.00,0,,10.0,770.0,460000.0
2025-10-11T16:59:04.642309,52.861,0.00,0.00,0.00,0.00,0.00,0.00,0.00,0,,10.0,770.0,460000.0
2025-10-11T16:59:04.644565,52.863,0.00,0.00,0.00,0.00,0.00,0.00,0.00,0,,10.0,770.0,402500.0
2025-10-11T16:59:04.646692,52.865,0.00,0.00,0.00,0.00,0.00,0.00,0.00,0,,10.0,770.0,402500.0
2025-10-11T16:59:05.953326,54.172,0.00,0.00,0.00,0.00,0.00,0.00,0.00,0,,9.0,770.0,402500.0
2025-10-11T16:59:05.954795,54.174,0.00,0.00,0.00,0.00,0.00,0.00,0.00,0,,9.0,770.0,402500.0
2025-10-11T16:59:05.956305,54.175,0.00,0.00,0.00,0.00,0.00,0.00,0.00,0,,9.0,660.0,402500.0
2025-10-11T16:59:05.957769,54.177,0.00,0.00,0.00,0.00,0.00,0.00,0.00,0,,9.0,660.0,402500.0
2025-10-11T16:59:05.960157,54.179,0.00,0.00,0.00,0.00,0.00,0.00,0.00,0,,9.0,660.0,345000.0
2025-10-11T16:59:05.961978,54.181,0.00,0.00,0.00,0.00,0.00,0.00,0.00,0,,9.0,660.0,345000.0
2025-10-11T16:59:07.281208,55.500,0.00,0.00,0.00,0.00,0.00,0.00,0.00,0,,8.0,660.0,345000.0
2025-10-11T16:59:07.283133,55.502,0.00,0.00,0.00,0.00,0.00,0.00,0.00,0,,8.0,660.0,345000.0
2025-10-11T16:59:07.284808,55.504,0.00,0.00,0.00,0.00,0.00,0.00,0.00,0,,8.0,550.0,345000.0
2025-10-11T16:59:07.287067,55.506,0.00,0.00,0.00,0.00,0.00,0.00,0.00,0,,8.0,550.0,345000.0
2025-10-11T16:59:07.289283,55.508,0.00,0.00,0.00,0.00,0.00,0.00,0.00,0,,8.0,550.0,287500.0
2025-10-11T16:59:07.292398,55.511,0.00,0.00,0.00,0.00,0.00,0.00,0.00,0,,8.0,550.0,287500.0
2025-10-11T16:59:08.595561,56.814,0.00,0.00,0.00,0.00,0.00,0.00,0.00,0,,6.0,550.0,287500.0
2025-10-11T16:59:08.597100,56.816,0.00,0.00,0.00,0.00,0.00,0.00,0.00,0,,6.0,550.0,287500.0
2025-10-11T16:59:08.598545,56.817,0.00,0.00,0.00,0.00,0.00,0.00,0.00,0,,6.0,440.0,287500.0
2025-10-11T16:59:08.599951,56.819,0.00,0.00,0.00,0.00,0.00,0.00,0.00,0,,6.0,440.0,287500.0
2025-10-11T16:59:08.602128,56.821,0.00,0.00,0.00,0.00,0.00,0.00,0.00,0,,6.0,440.0,230000.0
2025-10-11T16:59:08.605362,56.824,0.00,0.00,0.00,0.00,0.00,0.00,0.00,0,,6.0,440.0,230000.0
2025-10-11T16:59:09.471312,57.690,0.00,0.00,0.00,0.00,0.00,0.00,0.00,0,,5.0,440.0,230000.0
2025-10-11T16:59:09.473169,57.692,0.00,0.00,0.00,0.00,0.00,0.00,0.00,0,,5.0,440.0,230000.0
2025-10-11T16:59:09.905941,58.125,0.00,0.00,0.00,0.00,0.00,0.00,0.00,0,,5.0,330.0,230000.0
2025-10-11T16:59:09.907333,58.126,0.00,0.00,0.00,0.00,0.00,0.00,0.00,0,,5.0,330.0,230000.0
2025-10-11T16:59:09.908592,58.127,0.00,0.00,0.00,0.00,0.00,0.00,0.00,0,,5.0,330.0,172500.0
2025-10-11T16:59:09.909900,58.129,0.00,0.00,0.00,0.00,0.00,0.00,0.00,0,,5.0,330.0,172500.0
2025-10-11T16:59:10.803158,59.022,0.00,0.00,0.00,0.00,0.00,0.00,0.00,0,,3.0,330.0,172500.0
2025-10-11T16:59:10.804644,59.023,0.00,0.00,0.00,0.00,0.00,0.00,0.00,0,,3.0,330.0,172500.0
2025-10-11T16:59:10.806078,59.025,0.00,0.00,0.00,0.00,0.00,0.00,0.00,0,,3.0,220.0,172500.0
2025-10-11T16:59:10.808214,59.027,0.00,0.00,0.00,0.00,0.00,0.00,0.00,0,,3.0,220.0,172500.0
2025-10-11T16:59:11.226038,59.445,0.00,0.00,0.00,0.00,0.00,0.00,0.00,0,,3.0,220.0,115000.0
2025-10-11T16:59:11.227838,59.447,0.00,0.00,0.00,0.00,0.00,0.00,0.00,0,,3.0,220.0,115000.0
2025-10-11T16:59:12.103990,60.323,0.00,0.00,0.00,0.00,0.00,0.00,0.00,0,,2.0,220.0,115000.0
2025-10-11T16:59:12.105560,60.324,0.00,0.00,0.00,0.00,0.00,0.00,0.00,0,,2.0,220.0,115000.0
2025-10-11T16:59:12.106914,60.326,0.00,0.00,0.00,0.00,0.00,0.00,0.00,0,,2.0,110.0,115000.0
2025-10-11T16:59:12.108141,60.327,0.00,0.00,0.00,0.00,0.00,0.00,0.00,0,,2.0,110.0,115000.0
2025-10-11T16:59:12.110256,60.329,0.00,0.00,0.00,0.00,0.00,0.00,0.00,0,,2.0,110.0,57500.0
2025-10-11T16:59:12.111963,60.331,0.00,0.00,0.00,0.00,0.00,0.00,0.00,0,,2.0,110.0,57500.0
2025-10-11T16:59:13.303813,61.523,0.00,0.00,0.00,0.00,0.00,0.00,0.00,0,,3.0,110.0,57500.0
2025-10-11T16:59:13.305261,61.524,0.00,0.00,0.00,0.00,0.00,0.00,0.00,0,,3.0,110.0,57500.0
2025-10-11T16:59:13.306536,61.525,0.00,0.00,0.00,0.00,0.00,0.00,0.00,0,,3.0,220.0,57500.0
2025-10-11T16:59:13.307887,61.527,0.00,0.00,0.00,0.00,0.00,0.00,0.00,0,,3.0,220.0,57500.0
2025-10-11T16:59:13.642077,61.861,0.00,0.00,0.00,0.00,0.00,0.00,0.00,0,,3.0,220.0,115000.0
2025-10-11T16:59:13.643617,61.862,0.00,0.00,0.00,0.00,0.00,0.00,0.00,0,,3.0,220.0,115000.0
2025-10-11T16:59:14.516678,62.735,0.00,0.00,0.00,0.00,0.00,0.00,0.00,0,,5.0,220.0,115000.0
2025-10-11T16:59:14.518106,62.737,0.00,0.00,0.00,0.00,0.00,0.00,0.00,0,,5.0,220.0,115000.0
2025-10-11T16:59:14.519447,62.738,0.00,0.00,0.00,0.00,0.00,0.00,0.00,0,,5.0,330.0,115000.0
2025-10-11T16:59:14.520727,62.739,0.00,0.00,0.00,0.00,0.00,0.00,0.00,0,,5.0,330.0,115000.0
2025-10-11T16:59:14.956412,63.175,0.00,0.00,0.00,0.00,0.00,0.00,0.00,0,,5.0,330.0,172500.0
2025-10-11T16:59:14.957985,63.177,0.00,0.00,0.00,0.00,0.00,0.00,0.00,0,,5.0,330.0,172500.0
2025-10-11T16:59:15.823480,64.042,0.00,0.00,0.00,0.00,0.00,0.00,0.00,0,,6.0,330.0,172500.0
2025-10-11T16:59:15.824783,64.044,0.00,0.00,0.00,0.00,0.00,0.00,0.00,0,,6.0,330.0,172500.0
2025-10-11T16:59:15.826264,64.045,0.00,0.00,0.00,0.00,0.00,0.00,0.00,0,,6.0,440.0,172500.0
2025-10-11T16:59:15.827674,64.046,0.00,0.00,0.00,0.00,0.00,0.00,0.00,0,,6.0,440.0,172500.0
2025-10-11T16:59:16.260145,64.479,0.00,0.00,0.00,0.00,0.00,0.00,0.00,0,,6.0,440.0,230000.0
2025-10-11T16:59:16.262301,64.481,0.00,0.00,0.00,0.00,0.00,0.00,0.00,0,,6.0,440.0,230000.0
2025-10-11T16:59:17.138764,65.358,0.00,0.00,0.00,0.00,0.00,0.00,0.00,0,,8.0,440.0,230000.0
2025-10-11T16:59:17.140122,65.359,0.00,0.00,0.00,0.00,0.00,0.00,0.00,0,,8.0,440.0,230000.0
2025-10-11T16:59:17.141444,65.360,0.00,0.00,0.00,0.00,0.00,0.00,0.00,0,,8.0,550.0,230000.0
2025-10-11T16:59:17.142712,65.361,0.00,0.00,0.00,0.00,0.00,0.00,0.00,0,,8.0,550.0,230000.0
2025-10-11T16:59:17.575025,65.794,0.00,0.00,0.00,0.00,0.00,0.00,0.00,0,,8.0,550.0,287500.0
2025-10-11T16:59:17.576458,65.795,0.00,0.00,0.00,0.00,0.00,0.00,0.00,0,,8.0,550.0,287500.0
2025-10-11T16:59:18.455408,66.674,0.00,0.00,0.00,0.00,0.00,0.00,0.00,0,,9.0,550.0,287500.0
2025-10-11T16:59:18.457251,66.676,0.00,0.00,0.00,0.00,0.00,0.00,0.00,0,,9.0,550.0,287500.0
2025-10-11T16:59:18.458970,66.678,0.00,0.00,0.00,0.00,0.00,0.00,0.00,0,,9.0,660.0,287500.0
2025-10-11T16:59:18.460276,66.679,0.00,0.00,0.00,0.00,0.00,0.00,0.00,0,,9.0,660.0,287500.0
2025-10-11T16:59:18.462099,66.681,0.00,0.00,0.00,0.00,0.00,0.00,0.00,0,,9.0,660.0,345000.0
2025-10-11T16:59:18.463646,66.682,0.00,0.00,0.00,0.00,0.00,0.00,0.00,0,,9.0,660.0,345000.0
2025-10-11T16:59:19.654761,67.874,0.00,0.00,0.00,0.00,0.00,0.00,0.00,0,,10.0,660.0,345000.0
2025-10-11T16:59:19.656234,67.875,0.00,0.00,0.00,0.00,0.00,0.00,0.00,0,,10.0,660.0,345000.0
2025-10-11T16:59:19.657648,67.876,0.00,0.00,0.00,0.00,0.00,0.00,0.00,0,,10.0,770.0,345000.0
2025-10-11T16:59:19.658925,67.878,0.00,0.00,0.00,0.00,0.00,0.00,0.00,0,,10.0,770.0,345000.0
2025-10-11T16:59:19.660962,67.880,0.00,0.00,0.00,0.00,0.00,0.00,0.00,0,,10.0,770.0,402500.0
2025-10-11T16:59:19.662337,67.881,0.00,0.00,0.00,0.00,0.00,0.00,0.00,0,,10.0,770.0,402500.0
2025-10-11T16:59:20.872166,69.091,0.00,0.00,0.00,0.00,0.00,0.00,0.00,0,,12.0,770.0,402500.0
2025-10-11T16:59:20.873542,69.092,0.00,0.00,0.00,0.00,0.00,0.00,0.00,0,,12.0,770.0,402500.0
2025-10-11T16:59:20.874871,69.094,0.00,0.00,0.00,0.00,0.00,0.00,0.00,0,,12.0,880.0,402500.0
2025-10-11T16:59:20.876225,69.095,0.00,0.00,0.00,0.00,0.00,0.00,0.00,0,,12.0,880.0,402500.0
2025-10-11T16:59:20.877834,69.097,0.00,0.00,0.00,0.00,0.00,0.00,0.00,0,,12.0,880.0,460000.0
2025-10-11T16:59:20.879869,69.099,0.00,0.00,0.00,0.00,0.00,0.00,0.00,0,,12.0,880.0,460000.0
2025-10-11T16:59:22.187064,70.406,0.00,0.00,0.00,0.00,0.00,0.00,0.00,0,,13.0,880.0,460000.0
2025-10-11T16:59:22.188475,70.407,0.00,0.00,0.00,0.00,0.00,0.00,0.00,0,,13.0,880.0,460000.0
2025-10-11T16:59:22.189935,70.409,0.00,0.00,0.00,0.00,0.00,0.00,0.00,0,,13.0,990.0,460000.0
2025-10-11T16:59:22.191317,70.410,0.00,0.00,0.00,0.00,0.00,0.00,0.00,0,,13.0,990.0,460000.0
2025-10-11T16:59:22.193047,70.412,0.00,0.00,0.00,0.00,0.00,0.00,0.00,0,,13.0,990.0,517500.0
2025-10-11T16:59:22.194918,70.414,0.00,0.00,0.00,0.00,0.00,0.00,0.00,0,,13.0,990.0,517500.0
2025-10-11T16:59:23.519434,71.738,0.00,0.00,0.00,0.00,0.00,0.00,0.00,0,,12.0,990.0,517500.0
2025-10-11T16:59:23.520885,71.740,0.00,0.00,0.00,0.00,0.00,0.00,0.00,0,,12.0,990.0,517500.0
2025-10-11T16:59:23.522298,71.741,0.00,0.00,0.00,0.00,0.00,0.00,0.00,0,,12.0,880.0,517500.0
2025-10-11T16:59:23.523756,71.742,0.00,0.00,0.00,0.00,0.00,0.00,0.00,0,,12.0,880.0,517500.0
2025-10-11T16:59:23.526008,71.745,0.00,0.00,0.00,0.00,0.00,0.00,0.00,0,,12.0,880.0,460000.0
2025-10-11T16:59:23.527860,71.747,0.00,0.00,0.00,0.00,0.00,0.00,0.00,0,,12.0,880.0,460000.0
2025-10-11T16:59:24.831471,73.050,0.00,0.00,0.00,0.00,0.00,0.00,0.00,0,,10.0,880.0,460000.0
2025-10-11T16:59:24.832923,73.052,0.00,0.00,0.00,0.00,0.00,0.00,0.00,0,,10.0,880.0,460000.0
2025-10-11T16:59:24.834296,73.053,0.00,0.00,0.00,0.00,0.00,0.00,0.00,0,,10.0,770.0,460000.0
2025-10-11T16:59:24.835639,73.054,0.00,0.00,0.00,0.00,0.00,0.00,0.00,0,,10.0,770.0,460000.0
2025-10-11T16:59:24.838164,73.057,0.00,0.00,0.00,0.00,0.00,0.00,0.00,0,,10.0,770.0,402500.0
2025-10-11T16:59:24.839796,73.059,0.00,0.00,0.00,0.00,0.00,0.00,0.00,0,,10.0,770.0,402500.0
2025-10-11T16:59:26.032260,74.251,0.00,0.00,0.00,0.00,0.00,0.00,0.00,0,,9.0,770.0,402500.0
2025-10-11T16:59:26.033576,74.252,0.00,0.00,0.00,0.00,0.00,0.00,0.00,0,,9.0,770.0,402500.0
2025-10-11T16:59:26.034896,74.254,0.00,0.00,0.00,0.00,0.00,0.00,0.00,0,,9.0,660.0,402500.0
2025-10-11T16:59:26.036404,74.255,0.00,0.00,0.00,0.00,0.00,0.00,0.00,0,,9.0,660.0,402500.0
2025-10-11T16:59:26.037949,74.257,0.00,0.00,0.00,0.00,0.00,0.00,0.00,0,,9.0,660.0,345000.0
2025-10-11T16:59:26.039943,74.259,0.00,0.00,0.00,0.00,0.00,0.00,0.00,0,,9.0,660.0,345000.0
2025-10-11T16:59:27.347716,75.566,0.00,0.00,0.00,0.00,0.00,0.00,0.00,0,,8.0,660.0,345000.0
2025-10-11T16:59:27.349129,75.568,0.00,0.00,0.00,0.00,0.00,0.00,0.00,0,,8.0,660.0,345000.0
2025-10-11T16:59:27.350470,75.569,0.00,0.00,0.00,0.00,0.00,0.00,0.00,0,,8.0,550.0,345000.0
2025-10-11T16:59:27.351776,75.571,0.00,0.00,0.00,0.00,0.00,0.00,0.00,0,,8.0,550.0,345000.0
2025-10-11T16:59:27.353951,75.573,0.00,0.00,0.00,0.00,0.00,0.00,0.00,0,,8.0,550.0,287500.0
2025-10-11T16:59:27.355754,75.574,0.00,0.00,0.00,0.00,0.00,0.00,0.00,0,,8.0,550.0,287500.0
2025-10-11T16:59:28.551633,76.770,0.00,0.00,0.00,0.00,0.00,0.00,0.00,0,,6.0,550.0,287500.0
2025-10-11T16:59:28.553119,76.772,0.00,0.00,0.00,0.00,0.00,0.00,0.00,0,,6.0,550.0,287500.0
2025-10-11T16:59:28.554717,76.773,0.00,0.00,0.00,0.00,0.00,0.00,0.00,0,,6.0,440.0,287500.0
2025-10-11T16:59:28.556053,76.775,0.00,0.00,0.00,0.00,0.00,0.00,0.00,0,,6.0,440.0,287500.0
2025-10-11T16:59:28.558045,76.777,0.00,0.00,0.00,0.00,0.00,0.00,0.00,0,,6.0,440.0,230000.0
2025-10-11T16:59:28.559777,76.779,0.00,0.00,0.00,0.00,0.00,0.00,0.00,0,,6.0,440.0,230000.0
2025-10-11T16:59:29.753221,77.972,0.00,0.00,0.00,0.00,0.00,0.00,0.00,0,,5.0,440.0,230000.0
2025-10-11T16:59:29.754904,77.974,0.00,0.00,0.00,0.00,0.00,0.00,0.00,0,,5.0,440.0,230000.0
2025-10-11T16:59:29.756337,77.975,0.00,0.00,0.00,0.00,0.00,0.00,0.00,0,,5.0,330.0,230000.0
2025-10-11T16:59:29.757755,77.976,0.00,0.00,0.00,0.00,0.00,0.00,0.00,0,,5.0,330.0,230000.0
2025-10-11T16:59:29.760221,77.979,0.00,0.00,0.00,0.00,0.00,0.00,0.00,0,,5.0,330.0,172500.0
2025-10-11T16:59:29.762743,77.981,0.00,0.00,0.00,0.00,0.00,0.00,0.00,0,,5.0,330.0,172500.0
2025-10-11T16:59:30.988956,79.208,0.00,0.00,0.00,0.00,0.00,0.00,0.00,0,,3.0,330.0,172500.0
2025-10-11T16:59:30.990741,79.209,0.00,0.00,0.00,0.00,0.00,0.00,0.00,0,,3.0,330.0,172500.0
2025-10-11T16:59:30.992813,79.212,0.00,0.00,0.00,0.00,0.00,0.00,0.00,0,,3.0,220.0,172500.0
2025-10-11T16:59:30.994748,79.213,0.00,0.00,0.00,0.00,0.00,0.00,0.00,0,,3.0,220.0,172500.0
2025-10-11T16:59:31.426294,79.645,0.00,0.00,0.00,0.00,0.00,0.00,0.00,0,,3.0,220.0,115000.0
2025-10-11T16:59:31.427739,79.646,0.00,0.00,0.00,0.00,0.00,0.00,0.00,0,,3.0,220.0,115000.0
2025-10-11T16:59:32.304620,80.523,0.00,0.00,0.00,0.00,0.00,0.00,0.00,0,,2.0,220.0,115000.0
2025-10-11T16:59:32.320648,80.539,0.00,0.00,0.00,0.00,0.00,0.00,0.00,0,,2.0,220.0,115000.0
2025-10-11T16:59:32.322796,80.542,0.00,0.00,0.00,0.00,0.00,0.00,0.00,0,,2.0,110.0,115000.0
2025-10-11T16:59:32.325159,80.544,0.00,0.00,0.00,0.00,0.00,0.00,0.00,0,,2.0,110.0,115000.0
2025-10-11T16:59:32.743204,80.962,0.00,0.00,0.00,0.00,0.00,0.00,0.00,0,,2.0,110.0,57500.0
2025-10-11T16:59:32.744909,80.964,0.00,0.00,0.00,0.00,0.00,0.00,0.00,0,,2.0,110.0,57500.0
2025-10-11T16:59:33.622467,81.841,0.00,0.00,0.00,0.00,0.00,0.00,0.00,0,,3.0,110.0,57500.0
2025-10-11T16:59:33.624220,81.843,0.00,0.00,0.00,0.00,0.00,0.00,0.00,0,,3.0,110.0,57500.0
2025-10-11T16:59:33.626055,81.845,0.00,0.00,0.00,0.00,0.00,0.00,0.00,0,,3.0,220.0,57500.0
2025-10-11T16:59:33.628946,81.848,0.00,0.00,0.00,0.00,0.00,0.00,0.00,0,,3.0,220.0,57500.0
2025-10-11T16:59:33.631046,81.850,0.00,0.00,0.00,0.00,0.00,0.00,0.00,0,,3.0,220.0,115000.0
2025-10-11T16:59:33.632844,81.852,0.00,0.00,0.00,0.00,0.00,0.00,0.00,0,,3.0,220.0,115000.0
2025-10-11T16:59:34.824311,83.043,0.00,0.00,0.00,0.00,0.00,0.00,0.00,0,,5.0,220.0,115000.0
2025-10-11T16:59:34.825872,83.045,0.00,0.00,0.00,0.00,0.00,0.00,0.00,0,,5.0,220.0,115000.0
2025-10-11T16:59:34.827501,83.046,0.00,0.00,0.00,0.00,0.00,0.00,0.00,0,,5.0,330.0,115000.0
2025-10-11T16:59:34.829298,83.048,0.00,0.00,0.00,0.00,0.00,0.00,0.00,0,,5.0,330.0,115000.0
2025-10-11T16:59:34.831579,83.050,0.00,0.00,0.00,0.00,0.00,0.00,0.00,0,,5.0,330.0,172500.0
2025-10-11T16:59:34.833525,83.052,0.00,0.00,0.00,0.00,0.00,0.00,0.00,0,,5.0,330.0,172500.0
2025-10-11T16:59:35.805419,84.024,0.00,0.00,0.00,0.00,0.00,0.00,0.00,0,,6.0,330.0,172500.0
2025-10-11T16:59:35.806844,84.026,0.00,0.00,0.00,0.00,0.00,0.00,0.00,0,,6.0,330.0,172500.0
2025-10-11T16:59:36.262687,84.481,0.00,0.00,0.00,0.00,0.00,0.00,0.00,0,,6.0,440.0,172500.0
2025-10-11T16:59:36.264164,84.483,0.00,0.00,0.00,0.00,0.00,0.00,0.00,0,,6.0,440.0,172500.0
2025-10-11T16:59:36.265785,84.485,0.00,0.00,0.00,0.00,0.00,0.00,0.00,0,,6.0,440.0,230000.0
2025-10-11T16:59:36.267478,84.486,0.00,0.00,0.00,0.00,0.00,0.00,0.00,0,,6.0,440.0,230000.0
2025-10-11T16:59:37.138488,85.357,0.00,0.00,0.00,0.00,0.00,0.00,0.00,0,,8.0,440.0,230000.0
2025-10-11T16:59:37.140083,85.359,0.00,0.00,0.00,0.00,0.00,0.00,0.00,0,,8.0,440.0,230000.0
2025-10-11T16:59:37.570475,85.789,0.00,0.00,0.00,0.00,0.00,0.00,0.00,0,,8.0,550.0,230000.0
2025-10-11T16:59:37.571853,85.791,0.00,0.00,0.00,0.00,0.00,0.00,0.00,0,,8.0,550.0,230000.0
2025-10-11T16:59:37.573229,85.792,0.00,0.00,0.00,0.00,0.00,0.00,0.00,0,,8.0,550.0,287500.0
2025-10-11T16:59:37.574630,85.793,0.00,0.00,0.00,0.00,0.00,0.00,0.00,0,,8.0,550.0,287500.0
2025-10-11T16:59:38.454344,86.673,0.00,0.00,0.00,0.00,0.00,0.00,0.00,0,,9.0,550.0,287500.0
2025-10-11T16:59:38.456049,86.675,0.00,0.00,0.00,0.00,0.00,0.00,0.00,0,,9.0,550.0,287500.0
2025-10-11T16:59:38.457886,86.677,0.00,0.00,0.00,0.00,0.00,0.00,0.00,0,,9.0,660.0,287500.0
2025-10-11T16:59:38.459597,86.678,0.00,0.00,0.00,0.00,0.00,0.00,0.00,0,,9.0,660.0,287500.0
2025-10-11T16:59:38.991182,87.210,0.00,0.00,0.00,0.00,0.00,0.00,0.00,0,,9.0,660.0,345000.0
2025-10-11T16:59:38.993075,87.212,0.00,0.00,0.00,0.00,0.00,0.00,0.00,0,,9.0,660.0,345000.0
2025-10-11T16:59:39.871268,88.090,0.00,0.00,0.00,0.00,0.00,0.00,0.00,0,,10.0,660.0,345000.0
2025-10-11T16:59:39.873733,88.092,0.00,0.00,0.00,0.00,0.00,0.00,0.00,0,,10.0,660.0,345000.0
2025-10-11T16:59:39.875788,88.095,0.00,0.00,0.00,0.00,0.00,0.00,0.00,0,,10.0,770.0,345000.0
2025-10-11T16:59:39.878259,88.097,0.00,0.00,0.00,0.00,0.00,0.00,0.00,0,,10.0,770.0,345000.0
2025-10-11T16:59:39.880438,88.099,0.00,0.00,0.00,0.00,0.00,0.00,0.00,0,,10.0,770.0,402500.0
2025-10-11T16:59:39.883346,88.102,0.00,0.00,0.00,0.00,0.00,0.00,0.00,0,,10.0,770.0,402500.0
2025-10-11T16:59:41.620305,89.839,0.00,0.00,0.00,0.00,0.00,0.00,0.00,0,,12.0,770.0,402500.0
2025-10-11T16:59:41.622177,89.841,0.00,0.00,0.00,0.00,0.00,0.00,0.00,0,,12.0,770.0,402500.0
2025-10-11T16:59:41.624142,89.843,0.00,0.00,0.00,0.00,0.00,0.00,0.00,0,,12.0,880.0,402500.0
2025-10-11T16:59:41.627034,89.846,0.00,0.00,0.00,0.00,0.00,0.00,0.00,0,,12.0,880.0,402500.0
2025-10-11T16:59:41.629012,89.848,0.00,0.00,0.00,0.00,0.00,0.00,0.00,0,,12.0,880.0,460000.0
2025-10-11T16:59:41.630957,89.850,0.00,0.00,0.00,0.00,0.00,0.00,0.00,0,,12.0,880.0,460000.0
2025-10-11T16:59:42.608278,90.827,0.00,0.00,0.00,0.00,0.00,0.00,0.00,0,,13.0,880.0,460000.0
2025-10-11T16:59:42.610561,90.829,0.00,0.00,0.00,0.00,0.00,0.00,0.00,0,,13.0,880.0,460000.0
2025-10-11T16:59:42.612304,90.831,0.00,0.00,0.00,0.00,0.00,0.00,0.00,0,,13.0,990.0,460000.0
2025-10-11T16:59:42.615284,90.834,0.00,0.00,0.00,0.00,0.00,0.00,0.00,0,,13.0,990.0,460000.0
2025-10-11T16:59:42.617176,90.836,0.00,0.00,0.00,0.00,0.00,0.00,0.00,0,,13.0,990.0,517500.0
2025-10-11T16:59:42.619052,90.838,0.00,0.00,0.00,0.00,0.00,0.00,0.00,0,,13.0,990.0,517500.0
2025-10-11T16:59:43.492011,91.711,0.00,0.00,0.00,0.00,0.00,0.00,0.00,0,,12.0,990.0,517500.0
2025-10-11T16:59:43.494047,91.713,0.00,0.00,0.00,0.00,0.00,0.00,0.00,0,,12.0,990.0,517500.0
2025-10-11T16:59:43.496267,91.715,0.00,0.00,0.00,0.00,0.00,0.00,0.00,0,,12.0,880.0,517500.0
2025-10-11T16:59:43.498297,91.717,0.00,0.00,0.00,0.00,0.00,0.00,0.00,0,,12.0,880.0,517500.0
2025-10-11T16:59:44.373238,92.592,0.00,0.00,0.00,0.00,0.00,0.00,0.00,0,,12.0,880.0,460000.0
2025-10-11T16:59:44.374778,92.594,0.00,0.00,0.00,0.00,0.00,0.00,0.00,0,,12.0,880.0,460000.0
2025-10-11T16:59:45.241458,93.460,0.00,0.00,0.00,0.00,0.00,0.00,0.00,0,,10.0,880.0,460000.0
2025-10-11T16:59:45.243632,93.462,0.00,0.00,0.00,0.00,0.00,0.00,0.00,0,,10.0,880.0,460000.0
2025-10-11T16:59:45.245257,93.464,0.00,0.00,0.00,0.00,0.00,0.00,0.00,0,,10.0,770.0,460000.0
2025-10-11T16:59:45.248023,93.467,0.00,0.00,0.00,0.00,0.00,0.00,0.00,0,,10.0,770.0,460000.0
2025-10-11T16:59:45.249473,93.468,0.00,0.00,0.00,0.00,0.00,0.00,0.00,0,,10.0,770.0,402500.0
2025-10-11T16:59:45.251238,93.470,0.00,0.00,0.00,0.00,0.00,0.00,0.00,0,,10.0,770.0,402500.0
2025-10-11T16:59:46.119450,94.338,0.00,0.00,0.00,0.00,0.00,0.00,0.00,0,,9.0,770.0,402500.0
2025-10-11T16:59:46.121374,94.340,0.00,0.00,0.00,0.00,0.00,0.00,0.00,0,,9.0,770.0,402500.0
2025-10-11T16:59:46.123252,94.342,0.00,0.00,0.00,0.00,0.00,0.00,0.00,0,,9.0,660.0,402500.0
2025-10-11T16:59:46.126101,94.345,0.00,0.00,0.00,0.00,0.00,0.00,0.00,0,,9.0,660.0,402500.0
2025-10-11T16:59:46.127788,94.347,0.00,0.00,0.00,0.00,0.00,0.00,0.00,0,,9.0,660.0,345000.0
2025-10-11T16:59:46.129573,94.348,0.00,0.00,0.00,0.00,0.00,0.00,0.00,0,,9.0,660.0,345000.0
2025-10-11T16:59:48.005364,96.224,0.00,0.00,0.00,0.00,0.00,0.00,0.00,0,,8.0,660.0,345000.0
2025-10-11T16:59:48.007044,96.226,0.00,0.00,0.00,0.00,0.00,0.00,0.00,0,,8.0,660.0,345000.0
2025-10-11T16:59:48.009155,96.228,0.00,0.00,0.00,0.00,0.00,0.00,0.00,0,,8.0,550.0,345000.0
2025-10-11T16:59:48.011920,96.231,0.00,0.00,0.00,0.00,0.00,0.00,0.00,0,,8.0,550.0,345000.0
2025-10-11T16:59:48.013613,96.232,0.00,0.00,0.00,0.00,0.00,0.00,0.00,0,,8.0,550.0,287500.0
2025-10-11T16:59:48.015284,96.234,0.00,0.00,0.00,0.00,0.00,0.00,0.00,0,,8.0,550.0,287500.0
2025-10-11T16:59:48.869067,97.088,0.00,0.00,0.00,0.00,0.00,0.00,0.00,0,,6.0,550.0,287500.0
2025-10-11T16:59:48.870456,97.089,0.00,0.00,0.00,0.00,0.00,0.00,0.00,0,,6.0,550.0,287500.0
2025-10-11T16:59:48.872606,97.091,0.00,0.00,0.00,0.00,0.00,0.00,0.00,0,,6.0,440.0,287500.0
2025-10-11T16:59:48.875278,97.094,0.00,0.00,0.00,0.00,0.00,0.00,0.00,0,,6.0,440.0,287500.0
2025-10-11T16:59:48.877149,97.096,0.00,0.00,0.00,0.00,0.00,0.00,0.00,0,,6.0,440.0,230000.0
2025-10-11T16:59:48.879927,97.099,0.00,0.00,0.00,0.00,0.00,0.00,0.00,0,,6.0,440.0,230000.0
2025-10-11T16:59:49.771598,97.990,0.00,0.00,0.00,0.00,0.00,0.00,0.00,0,,5.0,440.0,230000.0
2025-10-11T16:59:49.773509,97.992,0.00,0.00,0.00,0.00,0.00,0.00,0.00,0,,5.0,440.0,230000.0
2025-10-11T16:59:50.648309,98.867,0.00,0.00,0.00,0.00,0.00,0.00,0.00,0,,5.0,330.0,230000.0
2025-10-11T16:59:50.651167,98.870,0.00,0.00,0.00,0.00,0.00,0.00,0.00,0,,5.0,330.0,230000.0
2025-10-11T16:59:50.654418,98.873,0.00,0.00,0.00,0.00,0.00,0.00,0.00,0,,5.0,330.0,172500.0
2025-10-11T16:59:50.656714,98.875,0.00,0.00,0.00,0.00,0.00,0.00,0.00,0,,5.0,330.0,172500.0
2025-10-11T16:59:51.556074,99.775,0.00,0.00,0.00,0.00,0.00,0.00,0.00,0,,3.0,330.0,172500.0
2025-10-11T16:59:51.558058,99.777,0.00,0.00,0.00,0.00,0.00,0.00,0.00,0,,3.0,330.0,172500.0
2025-10-11T16:59:51.559907,99.779,0.00,0.00,0.00,0.00,0.00,0.00,0.00,0,,3.0,220.0,172500.0
2025-10-11T16:59:51.562047,99.781,0.00,0.00,0.00,0.00,0.00,0.00,0.00,0,,3.0,220.0,172500.0
2025-10-11T16:59:51.563634,99.782,0.00,0.00,0.00,0.00,0.00,0.00,0.00,0,,3.0,220.0,115000.0
2025-10-11T16:59:51.565377,99.784,0.00,0.00,0.00,0.00,0.00,0.00,0.00,0,,3.0,220.0,115000.0
2025-10-11T16:59:52.441825,100.661,0.00,0.00,0.00,0.00,0.00,0.00,0.00,0,,2.0,220.0,115000.0
2025-10-11T16:59:52.443511,100.662,0.00,0.00,0.00,0.00,0.00,0.00,0.00,0,,2.0,220.0,115000.0
2025-10-11T16:59:53.322063,101.541,0.00,0.00,0.00,0.00,0.00,0.00,0.00,0,,2.0,110.0,115000.0
2025-10-11T16:59:53.324138,101.543,0.00,0.00,0.00,0.00,0.00,0.00,0.00,0,,2.0,110.0,115000.0
2025-10-11T16:59:53.325952,101.545,0.00,0.00,0.00,0.00,0.00,0.00,0.00,0,,2.0,110.0,57500.0
2025-10-11T16:59:53.327856,101.547,0.00,0.00,0.00,0.00,0.00,0.00,0.00,0,,2.0,110.0,57500.0
2025-10-11T16:59:54.235640,102.454,0.00,0.00,0.00,0.00,0.00,0.00,0.00,0,,3.0,110.0,57500.0
2025-10-11T16:59:54.237441,102.456,0.00,0.00,0.00,0.00,0.00,0.00,0.00,0,,3.0,110.0,57500.0
2025-10-11T16:59:54.239507,102.458,0.00,0.00,0.00,0.00,0.00,0.00,0.00,0,,3.0,220.0,57500.0
2025-10-11T16:59:54.242031,102.461,0.00,0.00,0.00,0.00,0.00,0.00,0.00,0,,3.0,220.0,57500.0
2025-10-11T16:59:54.243467,102.462,0.00,0.00,0.00,0.00,0.00,0.00,0.00,0,,3.0,220.0,115000.0
2025-10-11T16:59:54.245426,102.464,0.00,0.00,0.00,0.00,0.00,0.00,0.00,0,,3.0,220.0,115000.0
2025-10-11T16:59:55.225308,103.444,0.00,0.00,0.00,0.00,0.00,0.00,0.00,0,,5.0,220.0,115000.0
2025-10-11T16:59:55.227451,103.446,0.00,0.00,0.00,0.00,0.00,0.00,0.00,0,,5.0,220.0,115000.0
2025-10-11T16:59:55.229899,103.449,0.00,0.00,0.00,0.00,0.00,0.00,0.00,0,,5.0,330.0,115000.0
2025-10-11T16:59:55.231964,103.451,0.00,0.00,0.00,0.00,0.00,0.00,0.00,0,,5.0,330.0,115000.0
2025-10-11T16:59:55.233557,103.452,0.00,0.00,0.00,0.00,0.00,0.00,0.00,0,,5.0,330.0,172500.0
2025-10-11T16:59:55.236433,103.455,0.00,0.00,0.00,0.00,0.00,0.00,0.00,0,,5.0,330.0,172500.0
2025-10-11T16:59:56.087469,104.306,0.00,0.00,0.00,0.00,0.00,0.00,0.00,0,,6.0,330.0,172500.0
2025-10-11T16:59:56.092106,104.311,0.00,0.00,0.00,0.00,0.00,0.00,0.00,0,,6.0,330.0,172500.0
2025-10-11T16:59:56.094249,104.313,0.00,0.00,0.00,0.00,0.00,0.00,0.00,0,,6.0,440.0,172500.0
2025-10-11T16:59:56.096205,104.315,0.00,0.00,0.00,0.00,0.00,0.00,0.00,0,,6.0,440.0,172500.0
2025-10-11T16:59:56.989775,105.209,0.00,0.00,0.00,0.00,0.00,0.00,0.00,0,,6.0,440.0,230000.0
2025-10-11T16:59:56.991721,105.210,0.00,0.00,0.00,0.00,0.00,0.00,0.00,0,,6.0,440.0,230000.0
2025-10-11T16:59:57.960756,106.179,0.00,0.00,0.00,0.00,0.00,0.00,0.00,0,,8.0,440.0,230000.0
2025-10-11T16:59:57.963070,106.182,0.00,0.00,0.00,0.00,0.00,0.00,0.00,0,,8.0,440.0,230000.0
2025-10-11T16:59:57.965331,106.184,0.00,0.00,0.00,0.00,0.00,0.00,0.00,0,,8.0,550.0,230000.0
2025-10-11T16:59:57.967871,106.187,0.00,0.00,0.00,0.00,0.00,0.00,0.00,0,,8.0,550.0,230000.0
2025-10-11T16:59:57.969768,106.189,0.00,0.00,0.00,0.00,0.00,0.00,0.00,0,,8.0,550.0,287500.0
2025-10-11T16:59:57.972702,106.191,0.00,0.00,0.00,0.00,0.00,0.00,0.00,0,,8.0,550.0,287500.0
2025-10-11T16:59:58.839861,107.059,0.00,0.00,0.00,0.00,0.00,0.00,0.00,0,,9.0,550.0,287500.0
2025-10-11T16:59:58.841790,107.061,0.00,0.00,0.00,0.00,0.00,0.00,0.00,0,,9.0,550.0,287500.0
2025-10-11T16:59:58.843707,107.062,0.00,0.00,0.00,0.00,0.00,0.00,0.00,0,,9.0,660.0,287500.0
2025-10-11T16:59:58.846417,107.065,0.00,0.00,0.00,0.00,0.00,0.00,0.00,0,,9.0,660.0,287500.0
2025-10-11T16:59:58.848482,107.067,0.00,0.00,0.00,0.00,0.00,0.00,0.00,0,,9.0,660.0,345000.0
2025-10-11T16:59:58.850851,107.070,0.00,0.00,0.00,0.00,0.00,0.00,0.00,0,,9.0,660.0,345000.0
2025-10-11T16:59:59.856809,108.076,0.00,0.00,0.00,0.00,0.00,0.00,0.00,0,,10.0,660.0,345000.0
2025-10-11T16:59:59.858852,108.078,0.00,0.00,0.00,0.00,0.00,0.00,0.00,0,,10.0,660.0,345000.0
2025-10-11T17:00:00.846674,109.065,0.00,0.00,0.00,0.00,0.00,0.00,0.00,0,,10.0,770.0,345000.0
2025-10-11T17:00:00.848760,109.068,0.00,0.00,0.00,0.00,0.00,0.00,0.00,0,,10.0,770.0,345000.0
2025-10-11T17:00:00.850848,109.070,0.00,0.00,0.00,0.00,0.00,0.00,0.00,0,,10.0,770.0,402500.0
2025-10-11T17:00:00.853079,109.072,0.00,0.00,0.00,0.00,0.00,0.00,0.00,0,,10.0,770.0,402500.0
2025-10-11T17:00:01.834405,110.053,0.00,0.00,0.00,0.00,0.00,0.00,0.00,0,,12.0,770.0,402500.0
2025-10-11T17:00:01.836434,110.055,0.00,0.00,0.00,0.00,0.00,0.00,0.00,0,,12.0,770.0,402500.0
2025-10-11T17:00:01.838778,110.058,0.00,0.00,0.00,0.00,0.00,0.00,0.00,0,,12.0,880.0,402500.0
2025-10-11T17:00:01.841445,110.060,0.00,0.00,0.00,0.00,0.00,0.00,0.00,0,,12.0,880.0,402500.0
2025-10-11T17:00:01.843286,110.062,0.00,0.00,0.00,0.00,0.00,0.00,0.00,0,,12.0,880.0,460000.0
2025-10-11T17:00:01.846689,110.065,0.00,0.00,0.00,0.00,0.00,0.00,0.00,0,,12.0,880.0,460000.0
2025-10-11T17:00:02.715406,110.934,0.00,0.00,0.00,0.00,0.00,0.00,0.00,0,,13.0,880.0,460000.0
2025-10-11T17:00:02.718402,110.937,0.00,0.00,0.00,0.00,0.00,0.00,0.00,0,,13.0,880.0,460000.0
2025-10-11T17:00:02.720009,110.939,0.00,0.00,0.00,0.00,0.00,0.00,0.00,0,,13.0,990.0,460000.0
2025-10-11T17:00:02.722662,110.941,0.00,0.00,0.00,0.00,0.00,0.00,0.00,0,,13.0,990.0,460000.0
2025-10-11T17:00:02.725117,110.944,0.00,0.00,0.00,0.00,0.00,0.00,0.00,0,,13.0,990.0,517500.0
2025-10-11T17:00:02.729230,110.948,0.00,0.00,0.00,0.00,0.00,0.00,0.00,0,,13.0,990.0,517500.0
2025-10-11T17:00:03.605514,111.824,0.00,0.00,0.00,0.00,0.00,0.00,0.00,0,,12.0,990.0,517500.0
2025-10-11T17:00:03.607424,111.826,0.00,0.00,0.00,0.00,0.00,0.00,0.00,0,,12.0,990.0,517500.0
2025-10-11T17:00:04.488441,112.707,0.00,0.00,0.00,0.00,0.00,0.00,0.00,0,,12.0,880.0,517500.0
2025-10-11T17:00:04.490708,112.709,0.00,0.00,0.00,0.00,0.00,0.00,0.00,0,,12.0,880.0,517500.0
2025-10-11T17:00:04.492693,112.711,0.00,0.00,0.00,0.00,0.00,0.00,0.00,0,,12.0,880.0,460000.0
2025-10-11T17:00:04.495566,112.714,0.00,0.00,0.00,0.00,0.00,0.00,0.00,0,,12.0,880.0,460000.0
2025-10-11T17:00:05.351803,113.571,0.00,0.00,0.00,0.00,0.00,0.00,0.00,0,,10.0,880.0,460000.0
2025-10-11T17:00:05.353569,113.572,0.00,0.00,0.00,0.00,0.00,0.00,0.00,0,,10.0,880.0,460000.0
2025-10-11T17:00:05.355761,113.575,0.00,0.00,0.00,0.00,0.00,0.00,0.00,0,,10.0,770.0,460000.0
2025-10-11T17:00:05.358824,113.578,0.00,0.00,0.00,0.00,0.00,0.00,0.00,0,,10.0,770.0,460000.0
2025-10-11T17:00:05.360504,113.579,0.00,0.00,0.00,0.00,0.00,0.00,0.00,0,,10.0,770.0,402500.0
2025-10-11T17:00:05.362238,113.581,0.00,0.00,0.00,0.00,0.00,0.00,0.00,0,,10.0,770.0,402500.0
2025-10-11T17:00:06.255853,114.475,0.00,0.00,0.00,0.00,0.00,0.00,0.00,0,,9.0,770.0,402500.0
2025-10-11T17:00:06.257674,114.476,0.00,0.00,0.00,0.00,0.00,0.00,0.00,0,,9.0,770.0,402500.0
2025-10-11T17:00:06.259301,114.478,0.00,0.00,0.00,0.00,0.00,0.00,0.00,0,,9.0,660.0,402500.0
2025-10-11T17:00:06.262018,114.481,0.00,0.00,0.00,0.00,0.00,0.00,0.00,0,,9.0,660.0,402500.0
2025-10-11T17:00:06.263769,114.483,0.00,0.00,0.00,0.00,0.00,0.00,0.00,0,,9.0,660.0,345000.0
2025-10-11T17:00:06.265602,114.484,0.00,0.00,0.00,0.00,0.00,0.00,0.00,0,,9.0,660.0,345000.0
2025-10-11T17:00:08.014476,116.233,0.00,0.00,0.00,0.00,0.00,0.00,0.00,0,,8.0,660.0,345000.0
2025-10-11T17:00:08.016003,116.235,0.00,0.00,0.00,0.00,0.00,0.00,0.00,0,,8.0,660.0,345000.0
2025-10-11T17:00:08.018204,116.237,0.00,0.00,0.00,0.00,0.00,0.00,0.00,0,,8.0,550.0,345000.0
2025-10-11T17:00:08.021065,116.240,0.00,0.00,0.00,0.00,0.00,0.00,0.00,0,,8.0,550.0,345000.0
2025-10-11T17:00:08.023120,116.242,0.00,0.00,0.00,0.00,0.00,0.00,0.00,0,,8.0,550.0,287500.0
2025-10-11T17:00:08.025769,116.245,0.00,0.00,0.00,0.00,0.00,0.00,0.00,0,,8.0,550.0,287500.0
2025-10-11T17:00:08.999619,117.218,0.00,0.00,0.00,0.00,0.00,0.00,0.00,0,,6.0,550.0,287500.0
2025-10-11T17:00:09.001615,117.220,0.00,0.00,0.00,0.00,0.00,0.00,0.00,0,,6.0,550.0,287500.0
2025-10-11T17:00:09.003610,117.222,0.00,0.00,0.00,0.00,0.00,0.00,0.00,0,,6.0,440.0,287500.0
2025-10-11T17:00:09.006862,117.226,0.00,0.00,0.00,0.00,0.00,0.00,0.00,0,,6.0,440.0,287500.0
2025-10-11T17:00:09.010850,117.230,0.00,0.00,0.00,0.00,0.00,0.00,0.00,0,,6.0,440.0,230000.0
2025-10-11T17:00:09.012714,117.231,0.00,0.00,0.00,0.00,0.00,0.00,0.00,0,,6.0,440.0,230000.0
2025-10-11T17:00:09.890455,118.109,0.00,0.00,0.00,0.00,0.00,0.00,0.00,0,,5.0,440.0,230000.0
2025-10-11T17:00:09.892329,118.111,0.00,0.00,0.00,0.00,0.00,0.00,0.00,0,,5.0,440.0,230000.0
2025-10-11T17:00:10.878817,119.098,0.00,0.00,0.00,0.00,0.00,0.00,0.00,0,,5.0,330.0,230000.0
2025-10-11T17:00:10.880682,119.099,0.00,0.00,0.00,0.00,0.00,0.00,0.00,0,,5.0,330.0,230000.0
2025-10-11T17:00:10.882742,119.101,0.00,0.00,0.00,0.00,0.00,0.00,0.00,0,,5.0,330.0,172500.0
2025-10-11T17:00:10.885416,119.104,0.00,0.00,0.00,0.00,0.00,0.00,0.00,0,,5.0,330.0,172500.0
2025-10-11T17:00:11.749345,119.968,0.00,0.00,0.00,0.00,0.00,0.00,0.00,0,,3.0,330.0,172500.0
2025-10-11T17:00:11.751093,119.970,0.00,0.00,0.00,0.00,0.00,0.00,0.00,0,,3.0,330.0,172500.0
2025-10-11T17:00:11.752912,119.972,0.00,0.00,0.00,0.00,0.00,0.00,0.00,0,,3.0,220.0,172500.0
2025-10-11T17:00:11.754925,119.974,0.00,0.00,0.00,0.00,0.00,0.00,0.00,0,,3.0,220.0,172500.0
2025-10-11T17:00:11.757626,119.976,0.00,0.00,0.00,0.00,0.00,0.00,0.00,0,,3.0,220.0,115000.0
2025-10-11T17:00:11.759555,119.978,0.00,0.00,0.00,0.00,0.00,0.00,0.00,0,,3.0,220.0,115000.0
2025-10-11T17:00:12.737396,120.956,0.00,0.00,0.00,0.00,0.00,0.00,0.00,0,,2.0,220.0,115000.0
2025-10-11T17:00:12.739743,120.958,0.00,0.00,0.00,0.00,0.00,0.00,0.00,0,,2.0,220.0,115000.0
2025-10-11T17:00:12.741802,120.961,0.00,0.00,0.00,0.00,0.00,0.00,0.00,0,,2.0,110.0,115000.0
2025-10-11T17:00:12.744157,120.963,0.00,0.00,0.00,0.00,0.00,0.00,0.00,0,,2.0,110.0,115000.0
2025-10-11T17:00:12.746152,120.965,0.00,0.00,0.00,0.00,0.00,0.00,0.00,0,,2.0,110.0,57500.0
2025-10-11T17:00:12.749576,120.968,0.00,0.00,0.00,0.00,0.00,0.00,0.00,0,,2.0,110.0,57500.0
2025-10-11T17:00:13.722199,121.941,0.00,0.00,0.00,0.00,0.00,0.00,0.00,0,,3.0,110.0,57500.0
2025-10-11T17:00:13.724354,121.943,0.00,0.00,0.00,0.00,0.00,0.00,0.00,0,,3.0,110.0,57500.0
2025-10-11T17:00:13.726334,121.945,0.00,0.00,0.00,0.00,0.00,0.00,0.00,0,,3.0,220.0,57500.0
2025-10-11T17:00:13.729550,121.948,0.00,0.00,0.00,0.00,0.00,0.00,0.00,0,,3.0,220.0,57500.0
2025-10-11T17:00:13.731901,121.951,0.00,0.00,0.00,0.00,0.00,0.00,0.00,0,,3.0,220.0,115000.0
2025-10-11T17:00:13.734010,121.953,0.00,0.00,0.00,0.00,0.00,0.00,0.00,0,,3.0,220.0,115000.0
2025-10-11T17:00:15.582377,123.801,0.00,0.00,0.00,0.00,0.00,0.00,0.00,0,,5.0,220.0,115000.0
2025-10-11T17:00:15.584439,123.803,0.00,0.00,0.00,0.00,0.00,0.00,0.00,0,,5.0,220.0,115000.0
2025-10-11T17:00:15.586389,123.805,0.00,0.00,0.00,0.00,0.00,0.00,0.00,0,,5.0,330.0,115000.0
2025-10-11T17:00:15.589392,123.808,0.00,0.00,0.00,0.00,0.00,0.00,0.00,0,,5.0,330.0,115000.0
2025-10-11T17:00:15.591580,123.810,0.00,0.00,0.00,0.00,0.00,0.00,0.00,0,,5.0,330.0,172500.0
2025-10-11T17:00:15.594113,123.813,0.00,0.00,0.00,0.00,0.00,0.00,0.00,0,,5.0,330.0,172500.0
2025-10-11T17:00:16.456619,124.675,0.00,0.00,0.00,0.00,0.00,0.00,0.00,0,,6.0,330.0,172500.0
2025-10-11T17:00:16.458726,124.677,0.00,0.00,0.00,0.00,0.00,0.00,0.00,0,,6.0,330.0,172500.0
2025-10-11T17:00:16.460922,124.680,0.00,0.00,0.00,0.00,0.00,0.00,0.00,0,,6.0,440.0,172500.0
2025-10-11T17:00:16.463704,124.682,0.00,0.00,0.00,0.00,0.00,0.00,0.00,0,,6.0,440.0,172500.0
2025-10-11T17:00:16.465275,124.684,0.00,0.00,0.00,0.00,0.00,0.00,0.00,0,,6.0,440.0,230000.0
2025-10-11T17:00:16.468100,124.687,0.00,0.00,0.00,0.00,0.00,0.00,0.00,0,,6.0,440.0,230000.0
2025-10-11T17:00:17.439066,125.658,0.00,0.00,0.00,0.00,0.00,0.00,0.00,0,,8.0,440.0,230000.0
2025-10-11T17:00:17.441173,125.660,0.00,0.00,0.00,0.00,0.00,0.00,0.00,0,,8.0,440.0,230000.0
2025-10-11T17:00:17.443079,125.662,0.00,0.00,0.00,0.00,0.00,0.00,0.00,0,,8.0,550.0,230000.0
2025-10-11T17:00:17.445010,125.664,0.00,0.00,0.00,0.00,0.00,0.00,0.00,0,,8.0,550.0,230000.0
2025-10-11T17:00:18.309166,126.528,0.00,0.00,0.00,0.00,0.00,0.00,0.00,0,,8.0,550.0,287500.0
2025-10-11T17:00:18.311229,126.530,0.00,0.00,0.00,0.00,0.00,0.00,0.00,0,,8.0,550.0,287500.0
2025-10-11T17:00:19.187518,127.406,0.00,0.00,0.00,0.00,0.00,0.00,0.00,0,,9.0,550.0,287500.0
2025-10-11T17:00:19.189536,127.408,0.00,0.00,0.00,0.00,0.00,0.00,0.00,0,,9.0,550.0,287500.0
2025-10-11T17:00:19.191452,127.410,0.00,0.00,0.00,0.00,0.00,0.00,0.00,0,,9.0,660.0,287500.0
2025-10-11T17:00:19.194236,127.413,0.00,0.00,0.00,0.00,0.00,0.00,0.00,0,,9.0,660.0,287500.0
2025-10-11T17:00:19.196081,127.415,0.00,0.00,0.00,0.00,0.00,0.00,0.00,0,,9.0,660.0,345000.0
2025-10-11T17:00:19.199015,127.418,0.00,0.00,0.00,0.00,0.00,0.00,0.00,0,,9.0,660.0,345000.0
2025-10-11T17:00:20.066848,128.286,0.00,0.00,0.00,0.00,0.00,0.00,0.00,0,,10.0,660.0,345000.0
2025-10-11T17:00:20.068579,128.287,0.00,0.00,0.00,0.00,0.00,0.00,0.00,0,,10.0,660.0,345000.0
2025-10-11T17:00:20.954470,129.173,0.00,0.00,0.00,0.00,0.00,0.00,0.00,0,,10.0,770.0,345000.0
2025-10-11T17:00:20.956613,129.175,0.00,0.00,0.00,0.00,0.00,0.00,0.00,0,,10.0,770.0,345000.0
2025-10-11T17:00:20.958661,129.177,0.00,0.00,0.00,0.00,0.00,0.00,0.00,0,,10.0,770.0,402500.0
2025-10-11T17:00:20.961144,129.180,0.00,0.00,0.00,0.00,0.00,0.00,0.00,0,,10.0,770.0,402500.0
2025-10-11T17:00:21.849586,130.068,0.00,0.00,0.00,0.00,0.00,0.00,0.00,0,,12.0,770.0,402500.0
2025-10-11T17:00:21.851743,130.070,0.00,0.00,0.00,0.00,0.00,0.00,0.00,0,,12.0,770.0,402500.0
2025-10-11T17:00:21.853572,130.072,0.00,0.00,0.00,0.00,0.00,0.00,0.00,0,,12.0,880.0,402500.0
2025-10-11T17:00:21.856168,130.075,0.00,0.00,0.00,0.00,0.00,0.00,0.00,0,,12.0,880.0,402500.0
2025-10-11T17:00:21.857816,130.077,0.00,0.00,0.00,0.00,0.00,0.00,0.00,0,,12.0,880.0,460000.0
2025-10-11T17:00:21.859940,130.079,0.00,0.00,0.00,0.00,0.00,0.00,0.00,0,,12.0,880.0,460000.0
2025-10-11T17:00:22.740580,130.959,0.00,0.00,0.00,0.00,0.00,0.00,0.00,0,,13.0,880.0,460000.0
2025-10-11T17:00:22.742676,130.961,0.00,0.00,0.00,0.00,0.00,0.00,0.00,0,,13.0,880.0,460000.0
2025-10-11T17:00:22.744729,130.963,0.00,0.00,0.00,0.00,0.00,0.00,0.00,0,,13.0,990.0,460000.0
2025-10-11T17:00:22.747570,130.966,0.00,0.00,0.00,0.00,0.00,0.00,0.00,0,,13.0,990.0,460000.0
2025-10-11T17:00:22.749208,130.968,0.00,0.00,0.00,0.00,0.00,0.00,0.00,0,,13.0,990.0,517500.0
2025-10-11T17:00:22.751959,130.971,0.00,0.00,0.00,0.00,0.00,0.00,0.00,0,,13.0,990.0,517500.0
2025-10-11T17:00:24.487297,132.706,0.00,0.00,0.00,0.00,0.00,0.00,0.00,0,,12.0,990.0,517500.0
2025-10-11T17:00:24.489386,132.708,0.00,0.00,0.00,0.00,0.00,0.00,0.00,0,,12.0,990.0,517500.0
2025-10-11T17:00:24.491453,132.710,0.00,0.00,0.00,0.00,0.00,0.00,0.00,0,,12.0,880.0,517500.0
2025-10-11T17:00:24.494361,132.713,0.00,0.00,0.00,0.00,0.00,0.00,0.00,0,,12.0,880.0,517500.0
2025-10-11T17:00:24.496104,132.715,0.00,0.00,0.00,0.00,0.00,0.00,0.00,0,,12.0,880.0,460000.0
2025-10-11T17:00:24.498272,132.717,0.00,0.00,0.00,0.00,0.00,0.00,0.00,0,,12.0,880.0,460000.0
2025-10-11T17:00:25.375131,133.594,0.00,0.00,0.00,0.00,0.00,0.00,0.00,0,,10.0,880.0,460000.0
2025-10-11T17:00:25.377059,133.596,0.00,0.00,0.00,0.00,0.00,0.00,0.00,0,,10.0,880.0,460000.0
2025-10-11T17:00:25.378749,133.597,0.00,0.00,0.00,0.00,0.00,0.00,0.00,0,,10.0,770.0,460000.0
2025-10-11T17:00:25.381493,133.600,0.00,0.00,0.00,0.00,0.00,0.00,0.00,0,,10.0,770.0,460000.0
2025-10-11T17:00:25.383373,133.602,0.00,0.00,0.00,0.00,0.00,0.00,0.00,0,,10.0,770.0,402500.0
2025-10-11T17:00:25.385942,133.605,0.00,0.00,0.00,0.00,0.00,0.00,0.00,0,,10.0,770.0,402500.0
2025-10-11T17:00:27.021784,135.241,0.00,0.00,0.00,0.00,0.00,0.00,0.00,0,,9.0,770.0,402500.0
2025-10-11T17:00:27.023847,135.243,0.00,0.00,0.00,0.00,0.00,0.00,0.00,0,,9.0,770.0,402500.0
2025-10-11T17:00:27.025838,135.245,0.00,0.00,0.00,0.00,0.00,0.00,0.00,0,,9.0,660.0,402500.0
2025-10-11T17:00:27.027923,135.247,0.00,0.00,0.00,0.00,0.00,0.00,0.00,0,,9.0,660.0,402500.0
2025-10-11T17:00:27.029856,135.249,0.00,0.00,0.00,0.00,0.00,0.00,0.00,0,,9.0,660.0,345000.0
2025-10-11T17:00:27.031842,135.251,0.00,0.00,0.00,0.00,0.00,0.00,0.00,0,,9.0,660.0,345000.0
2025-10-11T17:00:27.890955,136.110,0.00,0.00,0.00,0.00,0.00,0.00,0.00,0,,8.0,660.0,345000.0
2025-10-11T17:00:27.892971,136.112,0.00,0.00,0.00,0.00,0.00,0.00,0.00,0,,8.0,660.0,345000.0
2025-10-11T17:00:27.894825,136.114,0.00,0.00,0.00,0.00,0.00,0.00,0.00,0,,8.0,550.0,345000.0
2025-10-11T17:00:27.896844,136.116,0.00,0.00,0.00,0.00,0.00,0.00,0.00,0,,8.0,550.0,345000.0
2025-10-11T17:00:27.898599,136.117,0.00,0.00,0.00,0.00,0.00,0.00,0.00,0,,8.0,550.0,287500.0
2025-10-11T17:00:27.900808,136.120,0.00,0.00,0.00,0.00,0.00,0.00,0.00,0,,8.0,550.0,287500.0
2025-10-11T17:00:29.671791,137.891,0.00,0.00,0.00,0.00,0.00,0.00,0.00,0,,6.0,550.0,287500.0
2025-10-11T17:00:29.673592,137.892,0.00,0.00,0.00,0.00,0.00,0.00,0.00,0,,6.0,550.0,287500.0
2025-10-11T17:00:29.675488,137.894,0.00,0.00,0.00,0.00,0.00,0.00,0.00,0,,6.0,440.0,287500.0
2025-10-11T17:00:29.684260,137.903,0.00,0.00,0.00,0.00,0.00,0.00,0.00,0,,6.0,440.0,287500.0
2025-10-11T17:00:29.687189,137.906,0.00,0.00,0.00,0.00,0.00,0.00,0.00,0,,6.0,440.0,230000.0
2025-10-11T17:00:29.715907,137.935,0.00,0.00,0.00,0.00,0.00,0.00,0.00,0,,6.0,440.0,230000.0
2025-10-11T17:00:30.554008,138.773,0.00,0.00,0.00,0.00,0.00,0.00,0.00,0,,5.0,440.0,230000.0
2025-10-11T17:00:30.555872,138.775,0.00,0.00,0.00,0.00,0.00,0.00,0.00,0,,5.0,440.0,230000.0
2025-10-11T17:00:30.558126,138.777,0.00,0.00,0.00,0.00,0.00,0.00,0.00,0,,5.0,330.0,230000.0
2025-10-11T17:00:30.560493,138.779,0.00,0.00,0.00,0.00,0.00,0.00,0.00,0,,5.0,330.0,230000.0
2025-10-11T17:00:30.562454,138.781,0.00,0.00,0.00,0.00,0.00,0.00,0.00,0,,5.0,330.0,172500.0
2025-10-11T17:00:30.565168,138.784,0.00,0.00,0.00,0.00,0.00,0.00,0.00,0,,5.0,330.0,172500.0
2025-10-11T17:00:32.306874,140.526,0.00,0.00,0.00,0.00,0.00,0.00,0.00,0,,3.0,330.0,172500.0
2025-10-11T17:00:32.308639,140.527,0.00,0.00,0.00,0.00,0.00,0.00,0.00,0,,3.0,330.0,172500.0
2025-10-11T17:00:32.310312,140.529,0.00,0.00,0.00,0.00,0.00,0.00,0.00,0,,3.0,220.0,172500.0
2025-10-11T17:00:32.313262,140.532,0.00,0.00,0.00,0.00,0.00,0.00,0.00,0,,3.0,220.0,172500.0
2025-10-11T17:00:32.314853,140.534,0.00,0.00,0.00,0.00,0.00,0.00,0.00,0,,3.0,220.0,115000.0
2025-10-11T17:00:32.316818,140.536,0.00,0.00,0.00,0.00,0.00,0.00,0.00,0,,3.0,220.0,115000.0
2025-10-11T17:00:33.188205,141.407,0.00,0.00,0.00,0.00,0.00,0.00,0.00,0,,2.0,220.0,115000.0
2025-10-11T17:00:33.190017,141.409,0.00,0.00,0.00,0.00,0.00,0.00,0.00,0,,2.0,220.0,115000.0
2025-10-11T17:00:33.192567,141.411,0.00,0.00,0.00,0.00,0.00,0.00,0.00,0,,2.0,110.0,115000.0
2025-10-11T17:00:33.194924,141.414,0.00,0.00,0.00,0.00,0.00,0.00,0.00,0,,2.0,110.0,115000.0
2025-10-11T17:00:33.196741,141.415,0.00,0.00,0.00,0.00,0.00,0.00,0.00,0,,2.0,110.0,57500.0
2025-10-11T17:00:33.198172,141.417,0.00,0.00,0.00,0.00,0.00,0.00,0.00,0,,2.0,110.0,57500.0
2025-10-11T17:00:34.174787,142.394,0.00,0.00,0.00,0.00,0.00,0.00,0.00,0,,3.0,110.0,57500.0
2025-10-11T17:00:34.176548,142.395,0.00,0.00,0.00,0.00,0.00,0.00,0.00,0,,3.0,110.0,57500.0
2025-10-11T17:00:34.178387,142.397,0.00,0.00,0.00,0.00,0.00,0.00,0.00,0,,3.0,220.0,57500.0
2025-10-11T17:00:34.181157,142.400,0.00,0.00,0.00,0.00,0.00,0.00,0.00,0,,3.0,220.0,57500.0
2025-10-11T17:00:35.268347,143.487,0.00,0.00,0.00,0.00,0.00,0.00,0.00,0,,3.0,220.0,115000.0
2025-10-11T17:00:35.270468,143.489,0.00,0.00,0.00,0.00,0.00,0.00,0.00,0,,3.0,220.0,115000.0
2025-10-11T17:00:36.134209,144.353,0.00,0.00,0.00,0.00,0.00,0.00,0.00,0,,5.0,220.0,115000.0
2025-10-11T17:00:36.136205,144.355,0.00,0.00,0.00,0.00,0.00,0.00,0.00,0,,5.0,220.0,115000.0
2025-10-11T17:00:36.137795,144.357,0.00,0.00,0.00,0.00,0.00,0.00,0.00,0,,5.0,330.0,115000.0
2025-10-11T17:00:36.139847,144.359,0.00,0.00,0.00,0.00,0.00,0.00,0.00,0,,5.0,330.0,115000.0
2025-10-11T17:00:36.142311,144.361,0.00,0.00,0.00,0.00,0.00,0.00,0.00,0,,5.0,330.0,172500.0
2025-10-11T17:00:36.144369,144.363,0.00,0.00,0.00,0.00,0.00,0.00,0.00,0,,5.0,330.0,172500.0
2025-10-11T17:00:37.057323,145.276,0.00,0.00,0.00,0.00,0.00,0.00,0.00,0,,6.0,330.0,172500.0
2025-10-11T17:00:37.059355,145.278,0.00,0.00,0.00,0.00,0.00,0.00,0.00,0,,6.0,330.0,172500.0
2025-10-11T17:00:37.061215,145.280,0.00,0.00,0.00,0.00,0.00,0.00,0.00,0,,6.0,440.0,172500.0
2025-10-11T17:00:37.064075,145.283,0.00,0.00,0.00,0.00,0.00,0.00,0.00,0,,6.0,440.0,172500.0
2025-10-11T17:00:37.065521,145.284,0.00,0.00,0.00,0.00,0.00,0.00,0.00,0,,6.0,440.0,230000.0
2025-10-11T17:00:37.066852,145.286,0.00,0.00,0.00,0.00,0.00,0.00,0.00,0,,6.0,440.0,230000.0
2025-10-11T17:00:38.814926,147.034,0.00,0.00,0.00,0.00,0.00,0.00,0.00,0,,8.0,440.0,230000.0
2025-10-11T17:00:38.816614,147.035,0.00,0.00,0.00,0.00,0.00,0.00,0.00,0,,8.0,440.0,230000.0
2025-10-11T17:00:38.818535,147.037,0.00,0.00,0.00,0.00,0.00,0.00,0.00,0,,8.0,550.0,230000.0
2025-10-11T17:00:38.820933,147.040,0.00,0.00,0.00,0.00,0.00,0.00,0.00,0,,8.0,550.0,230000.0
2025-10-11T17:00:38.822545,147.041,0.00,0.00,0.00,0.00,0.00,0.00,0.00,0,,8.0,550.0,287500.0
2025-10-11T17:00:38.824372,147.043,0.00,0.00,0.00,0.00,0.00,0.00,0.00,0,,8.0,550.0,287500.0
2025-10-11T17:00:39.705820,147.925,0.00,0.00,0.00,0.00,0.00,0.00,0.00,0,,9.0,550.0,287500.0
2025-10-11T17:00:39.707828,147.927,0.00,0.00,0.00,0.00,0.00,0.00,0.00,0,,9.0,550.0,287500.0
2025-10-11T17:00:39.709803,147.929,0.00,0.00,0.00,0.00,0.00,0.00,0.00,0,,9.0,660.0,287500.0
2025-10-11T17:00:39.711969,147.931,0.00,0.00,0.00,0.00,0.00,0.00,0.00,0,,9.0,660.0,287500.0
2025-10-11T17:00:39.713569,147.932,0.00,0.00,0.00,0.00,0.00,0.00,0.00,0,,9.0,660.0,345000.0
2025-10-11T17:00:39.715643,147.934,0.00,0.00,0.00,0.00,0.00,0.00,0.00,0,,9.0,660.0,345000.0
2025-10-11T17:00:40.592191,148.811,0.00,0.00,0.00,0.00,0.00,0.00,0.00,0,,10.0,660.0,345000.0
2025-10-11T17:00:40.594087,148.813,0.00,0.00,0.00,0.00,0.00,0.00,0.00,0,,10.0,660.0,345000.0
2025-10-11T17:00:40.595730,148.814,0.00,0.00,0.00,0.00,0.00,0.00,0.00,0,,10.0,770.0,345000.0
2025-10-11T17:00:40.598134,148.817,0.00,0.00,0.00,0.00,0.00,0.00,0.00,0,,10.0,770.0,345000.0
2025-10-11T17:00:41.471702,149.690,0.00,0.00,0.00,0.00,0.00,0.00,0.00,0,,10.0,770.0,402500.0
2025-10-11T17:00:41.473508,149.692,0.00,0.00,0.00,0.00,0.00,0.00,0.00,0,,10.0,770.0,402500.0
2025-10-11T17:00:42.341021,150.560,0.00,0.00,0.00,0.00,0.00,0.00,0.00,0,,12.0,770.0,402500.0
2025-10-11T17:00:42.343012,150.562,0.00,0.00,0.00,0.00,0.00,0.00,0.00,0,,12.0,770.0,402500.0
2025-10-11T17:00:42.345432,150.564,0.00,0.00,0.00,0.00,0.00,0.00,0.00,0,,12.0,880.0,402500.0
2025-10-11T17:00:42.348404,150.567,0.00,0.00,0.00,0.00,0.00,0.00,0.00,0,,12.0,880.0,402500.0
2025-10-11T17:00:42.350009,150.569,0.00,0.00,0.00,0.00,0.00,0.00,0.00,0,,12.0,880.0,460000.0
2025-10-11T17:00:42.352164,150.571,0.00,0.00,0.00,0.00,0.00,0.00,0.00,0,,12.0,880.0,460000.0
2025-10-11T17:00:43.123104,151.342,0.00,0.00,0.00,0.00,0.00,0.00,0.00,0,,13.0,880.0,460000.0
2025-10-11T17:00:43.125125,151.344,0.00,0.00,0.00,0.00,0.00,0.00,0.00,0,,13.0,880.0,460000.0
2025-10-11T17:00:43.127001,151.346,0.00,0.00,0.00,0.00,0.00,0.00,0.00,0,,13.0,990.0,460000.0
2025-10-11T17:00:43.130182,151.349,0.00,0.00,0.00,0.00,0.00,0.00,0.00,0,,13.0,990.0,460000.0
2025-10-11T17:00:44.018306,152.237,0.00,0.00,0.00,0.00,0.00,0.00,0.00,0,,13.0,990.0,517500.0
2025-10-11T17:00:44.020058,152.239,0.00,0.00,0.00,0.00,0.00,0.00,0.00,0,,13.0,990.0,517500.0
2025-10-11T17:00:44.891206,153.110,0.00,0.00,0.00,0.00,0.00,0.00,0.00,0,,12.0,990.0,517500.0
2025-10-11T17:00:44.893194,153.112,0.00,0.00,0.00,0.00,0.00,0.00,0.00,0,,12.0,990.0,517500.0
2025-10-11T17:00:44.895278,153.114,0.00,0.00,0.00,0.00,0.00,0.00,0.00,0,,12.0,880.0,517500.0
2025-10-11T17:00:44.897941,153.117,0.00,0.00,0.00,0.00,0.00,0.00,0.00,0,,12.0,880.0,517500.0
2025-10-11T17:00:44.899640,153.118,0.00,0.00,0.00,0.00,0.00,0.00,0.00,0,,12.0,880.0,460000.0
2025-10-11T17:00:44.901705,153.120,0.00,0.00,0.00,0.00,0.00,0.00,0.00,0,,12.0,880.0,460000.0
2025-10-11T17:00:45.758703,153.977,0.00,0.00,0.00,0.00,0.00,0.00,0.00,0,,10.0,880.0,460000.0
2025-10-11T17:00:45.760383,153.979,0.00,0.00,0.00,0.00,0.00,0.00,0.00,0,,10.0,880.0,460000.0
2025-10-11T17:00:46.543058,154.762,0.00,0.00,0.00,0.00,0.00,0.00,0.00,0,,10.0,770.0,460000.0
2025-10-11T17:00:46.545224,154.764,0.00,0.00,0.00,0.00,0.00,0.00,0.00,0,,10.0,770.0,460000.0
2025-10-11T17:00:46.547310,154.766,0.00,0.00,0.00,0.00,0.00,0.00,0.00,0,,10.0,770.0,402500.0
2025-10-11T17:00:46.549562,154.768,0.00,0.00,0.00,0.00,0.00,0.00,0.00,0,,10.0,770.0,402500.0
2025-10-11T17:00:47.424247,155.643,0.00,0.00,0.00,0.00,0.00,0.00,0.00,0,,9.0,770.0,402500.0
2025-10-11T17:00:47.426511,155.645,0.00,0.00,0.00,0.00,0.00,0.00,0.00,0,,9.0,770.0,402500.0
2025-10-11T17:00:47.428420,155.647,0.00,0.00,0.00,0.00,0.00,0.00,0.00,0,,9.0,660.0,402500.0
2025-10-11T17:00:47.431249,155.650,0.00,0.00,0.00,0.00,0.00,0.00,0.00,0,,9.0,660.0,402500.0
2025-10-11T17:00:47.432918,155.652,0.00,0.00,0.00,0.00,0.00,0.00,0.00,0,,9.0,660.0,345000.0
2025-10-11T17:00:47.434783,155.654,0.00,0.00,0.00,0.00,0.00,0.00,0.00,0,,9.0,660.0,345000.0
2025-10-11T17:00:48.292070,156.511,0.00,0.00,0.00,0.00,0.00,0.00,0.00,0,,8.0,660.0,345000.0
2025-10-11T17:00:48.293573,156.512,0.00,0.00,0.00,0.00,0.00,0.00,0.00,0,,8.0,660.0,345000.0
2025-10-11T17:00:49.082607,157.301,0.00,0.00,0.00,0.00,0.00,0.00,0.00,0,,8.0,550.0,345000.0
2025-10-11T17:00:49.084870,157.304,0.00,0.00,0.00,0.00,0.00,0.00,0.00,0,,8.0,550.0,345000.0
2025-10-11T17:00:49.086651,157.305,0.00,0.00,0.00,0.00,0.00,0.00,0.00,0,,8.0,550.0,287500.0
2025-10-11T17:00:49.089087,157.308,0.00,0.00,0.00,0.00,0.00,0.00,0.00,0,,8.0,550.0,287500.0
2025-10-11T17:00:49.954707,158.173,0.00,0.00,0.00,0.00,0.00,0.00,0.00,0,,6.0,550.0,287500.0
2025-10-11T17:00:49.956633,158.175,0.00,0.00,0.00,0.00,0.00,0.00,0.00,0,,6.0,550.0,287500.0
2025-10-11T17:00:49.958788,158.178,0.00,0.00,0.00,0.00,0.00,0.00,0.00,0,,6.0,440.0,287500.0
2025-10-11T17:00:49.960989,158.180,0.00,0.00,0.00,0.00,0.00,0.00,0.00,0,,6.0,440.0,287500.0
2025-10-11T17:00:49.962418,158.181,0.00,0.00,0.00,0.00,0.00,0.00,0.00,0,,6.0,440.0,230000.0
2025-10-11T17:00:49.964225,158.183,0.00,0.00,0.00,0.00,0.00,0.00,0.00,0,,6.0,440.0,230000.0
2025-10-11T17:00:50.857582,159.076,0.00,0.00,0.00,0.00,0.00,0.00,0.00,0,,5.0,440.0,230000.0
2025-10-11T17:00:50.859618,159.078,0.00,0.00,0.00,0.00,0.00,0.00,0.00,0,,5.0,440.0,230000.0
2025-10-11T17:00:50.861138,159.080,0.00,0.00,0.00,0.00,0.00,0.00,0.00,0,,5.0,330.0,230000.0
2025-10-11T17:00:50.863053,159.082,0.00,0.00,0.00,0.00,0.00,0.00,0.00,0,,5.0,330.0,230000.0
2025-10-11T17:00:51.620826,159.840,0.00,0.00,0.00,0.00,0.00,0.00,0.00,0,,5.0,330.0,172500.0
2025-10-11T17:00:51.623036,159.842,0.00,0.00,0.00,0.00,0.00,0.00,0.00,0,,5.0,330.0,172500.0
2025-10-11T17:00:52.504582,160.723,0.00,0.00,0.00,0.00,0.00,0.00,0.00,0,,3.0,330.0,172500.0
2025-10-11T17:00:52.506672,160.725,0.00,0.00,0.00,0.00,0.00,0.00,0.00,0,,3.0,330.0,172500.0
2025-10-11T17:00:52.508910,160.728,0.00,0.00,0.00,0.00,0.00,0.00,0.00,0,,3.0,220.0,172500.0
2025-10-11T17:00:52.511104,160.730,0.00,0.00,0.00,0.00,0.00,0.00,0.00,0,,3.0,220.0,172500.0
2025-10-11T17:00:52.512783,160.732,0.00,0.00,0.00,0.00,0.00,0.00,0.00,0,,3.0,220.0,115000.0
2025-10-11T17:00:52.514840,160.734,0.00,0.00,0.00,0.00,0.00,0.00,0.00,0,,3.0,220.0,115000.0
2025-10-11T17:00:53.374188,161.593,0.00,0.00,0.00,0.00,0.00,0.00,0.00,0,,2.0,220.0,115000.0
2025-10-11T17:00:53.376216,161.595,0.00,0.00,0.00,0.00,0.00,0.00,0.00,0,,2.0,220.0,115000.0
2025-10-11T17:00:53.377912,161.597,0.00,0.00,0.00,0.00,0.00,0.00,0.00,0,,2.0,110.0,115000.0
2025-10-11T17:00:53.380110,161.599,0.00,0.00,0.00,0.00,0.00,0.00,0.00,0,,2.0,110.0,115000.0
2025-10-11T17:00:54.262374,162.481,0.00,0.00,0.00,0.00,0.00,0.00,0.00,0,,2.0,110.0,57500.0
2025-10-11T17:00:54.264494,162.483,0.00,0.00,0.00,0.00,0.00,0.00,0.00,0,,2.0,110.0,57500.0
2025-10-11T17:00:55.043372,163.262,0.00,0.00,0.00,0.00,0.00,0.00,0.00,0,,3.0,110.0,57500.0
2025-10-11T17:00:55.045460,163.264,0.00,0.00,0.00,0.00,0.00,0.00,0.00,0,,3.0,110.0,57500.0
2025-10-11T17:00:55.047524,163.266,0.00,0.00,0.00,0.00,0.00,0.00,0.00,0,,3.0,220.0,57500.0
2025-10-11T17:00:55.050056,163.269,0.00,0.00,0.00,0.00,0.00,0.00,0.00,0,,3.0,220.0,57500.0
2025-10-11T17:00:55.051604,163.270,0.00,0.00,0.00,0.00,0.00,0.00,0.00,0,,3.0,220.0,115000.0
2025-10-11T17:00:55.053598,163.272,0.00,0.00,0.00,0.00,0.00,0.00,0.00,0,,3.0,220.0,115000.0
2025-10-11T17:00:55.925231,164.144,0.00,0.00,0.00,0.00,0.00,0.00,0.00,0,,5.0,220.0,115000.0
2025-10-11T17:00:55.927047,164.146,0.00,0.00,0.00,0.00,0.00,0.00,0.00,0,,5.0,220.0,115000.0
2025-10-11T17:00:55.928754,164.147,0.00,0.00,0.00,0.00,0.00,0.00,0.00,0,,5.0,330.0,115000.0
2025-10-11T17:00:55.930623,164.149,0.00,0.00,0.00,0.00,0.00,0.00,0.00,0,,5.0,330.0,115000.0
2025-10-11T17:00:56.802467,165.021,0.00,0.00,0.00,0.00,0.00,0.00,0.00,0,,5.0,330.0,172500.0
2025-10-11T17:00:56.804088,165.023,0.00,0.00,0.00,0.00,0.00,0.00,0.00,0,,5.0,330.0,172500.0
2025-10-11T17:00:57.675229,165.894,0.00,0.00,0.00,0.00,0.00,0.00,0.00,0,,6.0,330.0,172500.0
2025-10-11T17:00:57.677266,165.896,0.00,0.00,0.00,0.00,0.00,0.00,0.00,0,,6.0,330.0,172500.0
2025-10-11T17:00:57.678968,165.898,0.00,0.00,0.00,0.00,0.00,0.00,0.00,0,,6.0,440.0,172500.0
2025-10-11T17:00:57.680662,165.899,0.00,0.00,0.00,0.00,0.00,0.00,0.00,0,,6.0,440.0,172500.0
2025-10-11T17:00:57.682714,165.901,0.00,0.00,0.00,0.00,0.00,0.00,0.00,0,,6.0,440.0,230000.0
2025-10-11T17:00:57.684201,165.903,0.00,0.00,0.00,0.00,0.00,0.00,0.00,0,,6.0,440.0,230000.0
2025-10-11T17:00:58.538770,166.758,0.00,0.00,0.00,0.00,0.00,0.00,0.00,0,,8.0,440.0,230000.0
2025-10-11T17:00:58.540658,166.759,0.00,0.00,0.00,0.00,0.00,0.00,0.00,0,,8.0,440.0,230000.0
2025-10-11T17:00:58.542522,166.761,0.00,0.00,0.00,0.00,0.00,0.00,0.00,0,,8.0,550.0,230000.0
2025-10-11T17:00:58.545181,166.764,0.00,0.00,0.00,0.00,0.00,0.00,0.00,0,,8.0,550.0,230000.0
2025-10-11T17:00:58.546549,166.765,0.00,0.00,0.00,0.00,0.00,0.00,0.00,0,,8.0,550.0,287500.0
2025-10-11T17:00:58.548329,166.767,0.00,0.00,0.00,0.00,0.00,0.00,0.00,0,,8.0,550.0,287500.0
2025-10-11T17:01:00.308936,168.528,0.00,0.00,0.00,0.00,0.00,0.00,0.00,0,,9.0,550.0,287500.0
2025-10-11T17:01:00.310964,168.530,0.00,0.00,0.00,0.00,0.00,0.00,0.00,0,,9.0,550.0,287500.0
2025-10-11T17:01:00.312798,168.532,0.00,0.00,0.00,0.00,0.00,0.00,0.00,0,,9.0,660.0,287500.0
2025-10-11T17:01:00.315225,168.534,0.00,0.00,0.00,0.00,0.00,0.00,0.00,0,,9.0,660.0,287500.0
2025-10-11T17:01:00.317044,168.536,0.00,0.00,0.00,0.00,0.00,0.00,0.00,0,,9.0,660.0,345000.0
2025-10-11T17:01:00.319092,168.538,0.00,0.00,0.00,0.00,0.00,0.00,0.00,0,,9.0,660.0,345000.0
2025-10-11T17:01:01.184677,169.403,0.00,0.00,0.00,0.00,0.00,0.00,0.00,0,,10.0,660.0,345000.0
2025-10-11T17:01:01.186532,169.405,0.00,0.00,0.00,0.00,0.00,0.00,0.00,0,,10.0,660.0,345000.0
2025-10-11T17:01:01.188294,169.407,0.00,0.00,0.00,0.00,0.00,0.00,0.00,0,,10.0,770.0,345000.0
2025-10-11T17:01:01.191331,169.410,0.00,0.00,0.00,0.00,0.00,0.00,0.00,0,,10.0,770.0,345000.0
2025-10-11T17:01:01.193286,169.412,0.00,0.00,0.00,0.00,0.00,0.00,0.00,0,,10.0,770.0,402500.0
2025-10-11T17:01:01.194811,169.414,0.00,0.00,0.00,0.00,0.00,0.00,0.00,0,,10.0,770.0,402500.0
2025-10-11T17:01:02.942676,171.161,0.00,0.00,0.00,0.00,0.00,0.00,0.00,0,,12.0,770.0,402500.0
2025-10-11T17:01:02.944395,171.163,0.00,0.00,0.00,0.00,0.00,0.00,0.00,0,,12.0,770.0,402500.0
2025-10-11T17:01:02.946345,171.165,0.00,0.00,0.00,0.00,0.00,0.00,0.00,0,,12.0,880.0,402500.0
2025-10-11T17:01:02.949104,171.168,0.00,0.00,0.00,0.00,0.00,0.00,0.00,0,,12.0,880.0,402500.0
2025-10-11T17:01:02.950639,171.169,0.00,0.00,0.00,0.00,0.00,0.00,0.00,0,,12.0,880.0,460000.0
2025-10-11T17:01:02.952507,171.171,0.00,0.00,0.00,0.00,0.00,0.00,0.00,0,,12.0,880.0,460000.0
2025-10-11T17:01:03.815399,172.034,0.00,0.00,0.00,0.00,0.00,0.00,0.00,0,,13.0,880.0,460000.0
2025-10-11T17:01:03.817274,172.036,0.00,0.00,0.00,0.00,0.00,0.00,0.00,0,,13.0,880.0,460000.0
2025-10-11T17:01:03.819399,172.038,0.00,0.00,0.00,0.00,0.00,0.00,0.00,0,,13.0,990.0,460000.0
2025-10-11T17:01:03.822262,172.041,0.00,0.00,0.00,0.00,0.00,0.00,0.00,0,,13.0,990.0,460000.0
2025-10-11T17:01:03.824457,172.043,0.00,0.00,0.00,0.00,0.00,0.00,0.00,0,,13.0,990.0,517500.0
2025-10-11T17:01:03.827971,172.047,0.00,0.00,0.00,0.00,0.00,0.00,0.00,0,,13.0,990.0,517500.0
2025-10-11T17:01:04.690470,172.909,0.00,0.00,0.00,0.00,0.00,0.00,0.00,0,,12.0,990.0,517500.0
2025-10-11T17:01:04.692530,172.911,0.00,0.00,0.00,0.00,0.00,0.00,0.00,0,,12.0,990.0,517500.0
2025-10-11T17:01:05.566127,173.785,0.00,0.00,0.00,0.00,0.00,0.00,0.00,0,,12.0,880.0,517500.0
2025-10-11T17:01:05.567926,173.787,0.00,0.00,0.00,0.00,0.00,0.00,0.00,0,,12.0,880.0,517500.0
2025-10-11T17:01:05.570142,173.789,0.00,0.00,0.00,0.00,0.00,0.00,0.00,0,,12.0,880.0,460000.0
2025-10-11T17:01:05.571799,173.791,0.00,0.00,0.00,0.00,0.00,0.00,0.00,0,,12.0,880.0,460000.0
2025-10-11T17:01:06.440447,174.659,0.00,0.00,0.00,0.00,0.00,0.00,0.00,0,,10.0,880.0,460000.0
2025-10-11T17:01:06.442592,174.661,0.00,0.00,0.00,0.00,0.00,0.00,0.00,0,,10.0,880.0,460000.0
2025-10-11T17:01:06.444433,174.663,0.00,0.00,0.00,0.00,0.00,0.00,0.00,0,,10.0,770.0,460000.0
2025-10-11T17:01:06.447283,174.666,0.00,0.00,0.00,0.00,0.00,0.00,0.00,0,,10.0,770.0,460000.0
2025-10-11T17:01:06.449080,174.668,0.00,0.00,0.00,0.00,0.00,0.00,0.00,0,,10.0,770.0,402500.0
2025-10-11T17:01:06.451130,174.670,0.00,0.00,0.00,0.00,0.00,0.00,0.00,0,,10.0,770.0,402500.0
2025-10-11T17:01:07.323374,175.542,0.00,0.00,0.00,0.00,0.00,0.00,0.00,0,,9.0,770.0,402500.0
2025-10-11T17:01:07.325240,175.544,0.00,0.00,0.00,0.00,0.00,0.00,0.00,0,,9.0,770.0,402500.0
2025-10-11T17:01:08.194199,176.413,0.00,0.00,0.00,0.00,0.00,0.00,0.00,0,,9.0,660.0,402500.0
2025-10-11T17:01:08.195661,176.414,0.00,0.00,0.00,0.00,0.00,0.00,0.00,0,,9.0,660.0,402500.0
2025-10-11T17:01:08.197124,176.416,0.00,0.00,0.00,0.00,0.00,0.00,0.00,0,,9.0,660.0,345000.0
2025-10-11T17:01:08.198552,176.417,0.00,0.00,0.00,0.00,0.00,0.00,0.00,0,,9.0,660.0,345000.0
2025-10-11T17:01:09.085265,177.304,0.00,0.00,0.00,0.00,0.00,0.00,0.00,0,,8.0,660.0,345000.0
2025-10-11T17:01:09.104917,177.324,0.00,0.00,0.00,0.00,0.00,0.00,0.00,0,,8.0,660.0,345000.0
2025-10-11T17:01:09.106961,177.326,0.00,0.00,0.00,0.00,0.00,0.00,0.00,0,,8.0,550.0,345000.0
2025-10-11T17:01:09.108951,177.328,0.00,0.00,0.00,0.00,0.00,0.00,0.00,0,,8.0,550.0,345000.0
2025-10-11T17:01:09.111097,177.330,0.00,0.00,0.00,0.00,0.00,0.00,0.00,0,,8.0,550.0,287500.0
2025-10-11T17:01:09.113081,177.332,0.00,0.00,0.00,0.00,0.00,0.00,0.00,0,,8.0,550.0,287500.0
2025-10-11T17:01:09.963702,178.182,0.00,0.00,0.00,0.00,0.00,0.00,0.00,0,,6.0,550.0,287500.0
2025-10-11T17:01:09.971108,178.190,0.00,0.00,0.00,0.00,0.00,0.00,0.00,0,,6.0,550.0,287500.0
2025-10-11T17:01:09.973810,178.193,0.00,0.00,0.00,0.00,0.00,0.00,0.00,0,,6.0,440.0,287500.0
2025-10-11T17:01:09.987667,178.206,0.00,0.00,0.00,0.00,0.00,0.00,0.00,0,,6.0,440.0,287500.0
2025-10-11T17:01:10.840933,179.060,0.00,0.00,0.00,0.00,0.00,0.00,0.00,0,,6.0,440.0,230000.0
2025-10-11T17:01:10.843397,179.062,0.00,0.00,0.00,0.00,0.00,0.00,0.00,0,,6.0,440.0,230000.0
2025-10-11T17:01:11.715795,179.935,0.00,0.00,0.00,0.00,0.00,0.00,0.00,0,,5.0,440.0,230000.0
2025-10-11T17:01:11.717932,179.937,0.00,0.00,0.00,0.00,0.00,0.00,0.00,0,,5.0,440.0,230000.0
2025-10-11T17:01:11.719944,179.939,0.00,0.00,0.00,0.00,0.00,0.00,0.00,0,,5.0,330.0,230000.0
2025-10-11T17:01:11.722389,179.941,0.00,0.00,0.00,0.00,0.00,0.00,0.00,0,,5.0,330.0,230000.0
2025-10-11T17:01:11.724527,179.943,0.00,0.00,0.00,0.00,0.00,0.00,0.00,0,,5.0,330.0,172500.0
2025-10-11T17:01:11.727429,179.946,0.00,0.00,0.00,0.00,0.00,0.00,0.00,0,,5.0,330.0,172500.0
2025-10-11T17:01:12.585356,180.804,0.00,0.00,0.00,0.00,0.00,0.00,0.00,0,,3.0,330.0,172500.0
2025-10-11T17:01:12.587347,180.806,0.00,0.00,0.00,0.00,0.00,0.00,0.00,0,,3.0,330.0,172500.0
2025-10-11T17:01:13.473053,181.692,0.00,0.00,0.00,0.00,0.00,0.00,0.00,0,,3.0,220.0,172500.0
2025-10-11T17:01:13.475473,181.694,0.00,0.00,0.00,0.00,0.00,0.00,0.00,0,,3.0,220.0,172500.0
2025-10-11T17:01:13.477282,181.696,0.00,0.00,0.00,0.00,0.00,0.00,0.00,0,,3.0,220.0,115000.0
2025-10-11T17:01:13.479505,181.698,0.00,0.00,0.00,0.00,0.00,0.00,0.00,0,,3.0,220.0,115000.0
2025-10-11T17:01:14.334563,182.553,0.00,0.00,0.00,0.00,0.00,0.00,0.00,0,,2.0,220.0,115000.0
2025-10-11T17:01:14.336243,182.555,0.00,0.00,0.00,0.00,0.00,0.00,0.00,0,,2.0,220.0,115000.0
2025-10-11T17:01:14.338146,182.557,0.00,0.00,0.00,0.00,0.00,0.00,0.00,0,,2.0,110.0,115000.0
2025-10-11T17:01:14.341134,182.560,0.00,0.00,0.00,0.00,0.00,0.00,0.00,0,,2.0,110.0,115000.0
2025-10-11T17:01:14.342950,182.562,0.00,0.00,0.00,0.00,0.00,0.00,0.00,0,,2.0,110.0,57500.0
2025-10-11T17:01:14.344424,182.563,0.00,0.00,0.00,0.00,0.00,0.00,0.00,0,,2.0,110.0,57500.0
2025-10-11T17:01:15.241292,183.460,0.00,0.00,0.00,0.00,0.00,0.00,0.00,0,,3.0,110.0,57500.0
2025-10-11T17:01:15.242985,183.462,0.00,0.00,0.00,0.00,0.00,0.00,0.00,0,,3.0,110.0,57500.0
2025-10-11T17:01:15.244819,183.464,0.00,0.00,0.00,0.00,0.00,0.00,0.00,0,,3.0,220.0,57500.0
2025-10-11T17:01:15.246940,183.466,0.00,0.00,0.00,0.00,0.00,0.00,0.00,0,,3.0,220.0,57500.0
2025-10-11T17:01:15.249022,183.468,0.00,0.00,0.00,0.00,0.00,0.00,0.00,0,,3.0,220.0,115000.0
2025-10-11T17:01:15.251027,183.470,0.00,0.00,0.00,0.00,0.00,0.00,0.00,0,,3.0,220.0,115000.0
2025-10-11T17:01:17.006296,185.225,0.00,0.00,0.00,0.00,0.00,0.00,0.00,0,,5.0,220.0,115000.0
2025-10-11T17:01:17.008303,185.227,0.00,0.00,0.00,0.00,0.00,0.00,0.00,0,,5.0,220.0,115000.0
2025-10-11T17:01:17.010484,185.229,0.00,0.00,0.00,0.00,0.00,0.00,0.00,0,,5.0,330.0,115000.0
2025-10-11T17:01:17.013082,185.232,0.00,0.00,0.00,0.00,0.00,0.00,0.00,0,,5.0,330.0,115000.0
2025-10-11T17:01:17.014785,185.234,0.00,0.00,0.00,0.00,0.00,0.00,0.00,0,,5.0,330.0,172500.0
2025-10-11T17:01:17.016913,185.236,0.00,0.00,0.00,0.00,0.00,0.00,0.00,0,,5.0,330.0,172500.0
2025-10-11T17:01:17.908152,186.127,0.00,0.00,0.00,0.00,0.00,0.00,0.00,0,,6.0,330.0,172500.0
2025-10-11T17:01:17.910234,186.129,0.00,0.00,0.00,0.00,0.00,0.00,0.00,0,,6.0,330.0,172500.0
2025-10-11T17:01:17.912149,186.131,0.00,0.00,0.00,0.00,0.00,0.00,0.00,0,,6.0,440.0,172500.0
2025-10-11T17:01:17.914189,186.133,0.00,0.00,0.00,0.00,0.00,0.00,0.00,0,,6.0,440.0,172500.0
2025-10-11T17:01:17.916129,186.135,0.00,0.00,0.00,0.00,0.00,0.00,0.00,0,,6.0,440.0,230000.0
2025-10-11T17:01:17.918088,186.137,0.00,0.00,0.00,0.00,0.00,0.00,0.00,0,,6.0,440.0,230000.0
2025-10-11T17:01:18.892133,187.111,0.00,0.00,0.00,0.00,0.00,0.00,0.00,0,,8.0,440.0,230000.0
2025-10-11T17:01:18.894409,187.113,0.00,0.00,0.00,0.00,0.00,0.00,0.00,0,,8.0,440.0,230000.0
2025-10-11T17:01:19.871673,188.090,0.00,0.00,0.00,0.00,0.00,0.00,0.00,0,,8.0,550.0,230000.0
2025-10-11T17:01:19.874352,188.093,0.00,0.00,0.00,0.00,0.00,0.00,0.00,0,,8.0,550.0,230000.0
2025-10-11T17:01:19.876630,188.095,0.00,0.00,0.00,0.00,0.00,0.00,0.00,0,,8.0,550.0,287500.0
2025-10-11T17:01:19.879382,188.098,0.00,0.00,0.00,0.00,0.00,0.00,0.00,0,,8.0,550.0,287500.0
2025-10-11T17:01:20.871211,189.090,0.00,0.00,0.00,0.00,0.00,0.00,0.00,0,,9.0,550.0,287500.0
2025-10-11T17:01:20.873743,189.092,0.00,0.00,0.00,0.00,0.00,0.00,0.00,0,,9.0,550.0,287500.0
2025-10-11T17:01:20.875734,189.094,0.00,0.00,0.00,0.00,0.00,0.00,0.00,0,,9.0,660.0,287500.0
2025-10-11T17:01:20.878068,189.097,0.00,0.00,0.00,0.00,0.00,0.00,0.00,0,,9.0,660.0,287500.0
2025-10-11T17:01:20.880305,189.099,0.00,0.00,0.00,0.00,0.00,0.00,0.00,0,,9.0,660.0,345000.0
2025-10-11T17:01:20.883166,189.102,0.00,0.00,0.00,0.00,0.00,0.00,0.00,0,,9.0,660.0,345000.0
2025-10-11T17:01:21.864256,190.083,0.00,0.00,0.00,0.00,0.00,0.00,0.00,0,,10.0,660.0,345000.0
2025-10-11T17:01:21.866342,190.085,0.00,0.00,0.00,0.00,0.00,0.00,0.00,0,,10.0,660.0,345000.0
2025-10-11T17:01:21.868351,190.087,0.00,0.00,0.00,0.00,0.00,0.00,0.00,0,,10.0,770.0,345000.0
2025-10-11T17:01:21.871462,190.090,0.00,0.00,0.00,0.00,0.00,0.00,0.00,0,,10.0,770.0,345000.0
2025-10-11T17:01:21.873414,190.092,0.00,0.00,0.00,0.00,0.00,0.00,0.00,0,,10.0,770.0,402500.0
2025-10-11T17:01:21.875794,190.095,0.00,0.00,0.00,0.00,0.00,0.00,0.00,0,,10.0,770.0,402500.0
2025-10-11T17:01:22.840082,191.059,0.00,0.00,0.00,0.00,0.00,0.00,0.00,0,,12.0,770.0,402500.0
2025-10-11T17:01:22.842066,191.061,0.00,0.00,0.00,0.00,0.00,0.00,0.00,0,,12.0,770.0,402500.0
2025-10-11T17:01:22.843826,191.063,0.00,0.00,0.00,0.00,0.00,0.00,0.00,0,,12.0,880.0,402500.0
2025-10-11T17:01:22.846036,191.065,0.00,0.00,0.00,0.00,0.00,0.00,0.00,0,,12.0,880.0,402500.0
2025-10-11T17:01:23.723212,191.942,0.00,0.00,0.00,0.00,0.00,0.00,0.00,0,,12.0,880.0,460000.0
2025-10-11T17:01:23.725398,191.944,0.00,0.00,0.00,0.00,0.00,0.00,0.00,0,,12.0,880.0,460000.0
2025-10-11T17:01:24.599924,192.819,0.00,0.00,0.00,0.00,0.00,0.00,0.00,0,,13.0,880.0,460000.0
2025-10-11T17:01:24.601804,192.821,0.00,0.00,0.00,0.00,0.00,0.00,0.00,0,,13.0,880.0,460000.0
2025-10-11T17:01:24.603677,192.822,0.00,0.00,0.00,0.00,0.00,0.00,0.00,0,,13.0,990.0,460000.0
2025-10-11T17:01:24.606091,192.825,0.00,0.00,0.00,0.00,0.00,0.00,0.00,0,,13.0,990.0,460000.0
2025-10-11T17:01:24.607645,192.826,0.00,0.00,0.00,0.00,0.00,0.00,0.00,0,,13.0,990.0,517500.0
2025-10-11T17:01:24.609705,192.828,0.00,0.00,0.00,0.00,0.00,0.00,0.00,0,,13.0,990.0,517500.0
2025-10-11T17:01:25.489588,193.708,0.00,0.00,0.00,0.00,0.00,0.00,0.00,0,,12.0,990.0,517500.0
2025-10-11T17:01:25.490974,193.710,0.00,0.00,0.00,0.00,0.00,0.00,0.00,0,,12.0,990.0,517500.0
2025-10-11T17:01:25.492816,193.712,0.00,0.00,0.00,0.00,0.00,0.00,0.00,0,,12.0,880.0,517500.0
2025-10-11T17:01:25.494756,193.714,0.00,0.00,0.00,0.00,0.00,0.00,0.00,0,,12.0,880.0,517500.0
2025-10-11T17:01:25.496640,193.715,0.00,0.00,0.00,0.00,0.00,0.00,0.00,0,,12.0,880.0,460000.0
2025-10-11T17:01:25.498446,193.717,0.00,0.00,0.00,0.00,0.00,0.00,0.00,0,,12.0,880.0,460000.0
2025-10-11T17:01:27.227825,195.447,0.00,0.00,0.00,0.00,0.00,0.00,0.00,0,,10.0,880.0,460000.0
2025-10-11T17:01:27.229852,195.449,0.00,0.00,0.00,0.00,0.00,0.00,0.00,0,,10.0,880.0,460000.0
2025-10-11T17:01:27.231579,195.450,0.00,0.00,0.00,0.00,0.00,0.00,0.00,0,,10.0,770.0,460000.0
2025-10-11T17:01:27.234059,195.453,0.00,0.00,0.00,0.00,0.00,0.00,0.00,0,,10.0,770.0,460000.0
2025-10-11T17:01:27.235634,195.454,0.00,0.00,0.00,0.00,0.00,0.00,0.00,0,,10.0,770.0,402500.0
2025-10-11T17:01:27.237038,195.456,0.00,0.00,0.00,0.00,0.00,0.00,0.00,0,,10.0,770.0,402500.0
2025-10-11T17:01:28.108707,196.327,0.00,0.00,0.00,0.00,0.00,0.00,0.00,0,,9.0,770.0,402500.0
2025-10-11T17:01:28.110352,196.329,0.00,0.00,0.00,0.00,0.00,0.00,0.00,0,,9.0,770.0,402500.0
2025-10-11T17:01:28.112038,196.331,0.00,0.00,0.00,0.00,0.00,0.00,0.00,0,,9.0,660.0,402500.0
2025-10-11T17:01:28.113863,196.333,0.00,0.00,0.00,0.00,0.00,0.00,0.00,0,,9.0,660.0,402500.0
2025-10-11T17:01:28.116407,196.335,0.00,0.00,0.00,0.00,0.00,0.00,0.00,0,,9.0,660.0,345000.0
2025-10-11T17:01:28.118297,196.337,0.00,0.00,0.00,0.00,0.00,0.00,0.00,0,,9.0,660.0,345000.0
2025-10-11T17:01:29.750740,197.969,0.00,0.00,0.00,0.00,0.00,0.00,0.00,0,,8.0,660.0,345000.0
2025-10-11T17:01:29.752536,197.971,0.00,0.00,0.00,0.00,0.00,0.00,0.00,0,,8.0,660.0,345000.0
2025-10-11T17:01:29.754491,197.973,0.00,0.00,0.00,0.00,0.00,0.00,0.00,0,,8.0,550.0,345000.0
2025-10-11T17:01:29.756877,197.976,0.00,0.00,0.00,0.00,0.00,0.00,0.00,0,,8.0,550.0,345000.0
2025-10-11T17:01:29.758881,197.978,0.00,0.00,0.00,0.00,0.00,0.00,0.00,0,,8.0,550.0,287500.0
2025-10-11T17:01:29.760577,197.979,0.00,0.00,0.00,0.00,0.00,0.00,0.00,0,,8.0,550.0,287500.0
2025-10-11T17:01:30.623424,198.842,0.00,0.00,0.00,0.00,0.00,0.00,0.00,0,,6.0,550.0,287500.0
2025-10-11T17:01:30.624892,198.844,0.00,0.00,0.00,0.00,0.00,0.00,0.00,0,,6.0,550.0,287500.0
2025-10-11T17:01:30.626627,198.845,0.00,0.00,0.00,0.00,0.00,0.00,0.00,0,,6.0,440.0,287500.0
2025-10-11T17:01:30.628192,198.847,0.00,0.00,0.00,0.00,0.00,0.00,0.00,0,,6.0,440.0,287500.0
2025-10-11T17:01:30.631878,198.851,0.00,0.00,0.00,0.00,0.00,0.00,0.00,0,,6.0,440.0,230000.0
2025-10-11T17:01:30.633848,198.853,0.00,0.00,0.00,0.00,0.00,0.00,0.00,0,,6.0,440.0,230000.0
2025-10-11T17:01:32.505464,200.724,0.00,0.00,0.00,0.00,0.00,0.00,0.00,0,,5.0,440.0,230000.0
2025-10-11T17:01:32.507418,200.726,0.00,0.00,0.00,0.00,0.00,0.00,0.00,0,,5.0,440.0,230000.0
2025-10-11T17:01:32.509511,200.728,0.00,0.00,0.00,0.00,0.00,0.00,0.00,0,,5.0,330.0,230000.0
2025-10-11T17:01:32.512037,200.731,0.00,0.00,0.00,0.00,0.00,0.00,0.00,0,,5.0,330.0,230000.0
2025-10-11T17:01:32.513528,200.732,0.00,0.00,0.00,0.00,0.00,0.00,0.00,0,,5.0,330.0,172500.0
2025-10-11T17:01:32.515264,200.734,0.00,0.00,0.00,0.00,0.00,0.00,0.00,0,,5.0,330.0,172500.0
2025-10-11T17:01:33.369437,201.588,0.00,0.00,0.00,0.00,0.00,0.00,0.00,0,,3.0,330.0,172500.0
2025-10-11T17:01:33.370894,201.590,0.00,0.00,0.00,0.00,0.00,0.00,0.00,0,,3.0,330.0,172500.0
2025-10-11T17:01:33.372506,201.591,0.00,0.00,0.00,0.00,0.00,0.00,0.00,0,,3.0,220.0,172500.0
2025-10-11T17:01:33.374509,201.593,0.00,0.00,0.00,0.00,0.00,0.00,0.00,0,,3.0,220.0,172500.0
2025-10-11T17:01:33.376435,201.595,0.00,0.00,0.00,0.00,0.00,0.00,0.00,0,,3.0,220.0,115000.0
2025-10-11T17:01:33.377888,201.597,0.00,0.00,0.00,0.00,0.00,0.00,0.00,0,,3.0,220.0,115000.0
2025-10-11T17:01:34.245160,202.464,0.00,0.00,0.00,0.00,0.00,0.00,0.00,0,,2.0,220.0,115000.0
2025-10-11T17:01:34.247067,202.466,0.00,0.00,0.00,0.00,0.00,0.00,0.00,0,,2.0,220.0,115000.0
2025-10-11T17:01:35.115501,203.334,0.00,0.00,0.00,0.00,0.00,0.00,0.00,0,,2.0,110.0,115000.0
2025-10-11T17:01:35.117564,203.336,0.00,0.00,0.00,0.00,0.00,0.00,0.00,0,,2.0,110.0,115000.0
2025-10-11T17:01:35.119636,203.338,0.00,0.00,0.00,0.00,0.00,0.00,0.00,0,,2.0,110.0,57500.0
2025-10-11T17:01:35.122217,203.341,0.00,0.00,0.00,0.00,0.00,0.00,0.00,0,,2.0,110.0,57500.0
2025-10-11T17:01:36.004955,204.224,0.00,0.00,0.00,0.00,0.00,0.00,0.00,0,,3.0,110.0,57500.0
2025-10-11T17:01:36.006976,204.226,0.00,0.00,0.00,0.00,0.00,0.00,0.00,0,,3.0,110.0,57500.0
2025-10-11T17:01:36.009013,204.228,0.00,0.00,0.00,0.00,0.00,0.00,0.00,0,,3.0,220.0,57500.0
2025-10-11T17:01:36.011121,204.230,0.00,0.00,0.00,0.00,0.00,0.00,0.00,0,,3.0,220.0,57500.0
2025-10-11T17:01:36.012958,204.232,0.00,0.00,0.00,0.00,0.00,0.00,0.00,0,,3.0,220.0,115000.0
2025-10-11T17:01:36.014992,204.234,0.00,0.00,0.00,0.00,0.00,0.00,0.00,0,,3.0,220.0,115000.0
2025-10-11T17:01:36.867389,205.086,0.00,0.00,0.00,0.00,0.00,0.00,0.00,0,,5.0,220.0,115000.0
2025-10-11T17:01:36.869214,205.088,0.00,0.00,0.00,0.00,0.00,0.00,0.00,0,,5.0,220.0,115000.0
2025-10-11T17:01:36.871172,205.090,0.00,0.00,0.00,0.00,0.00,0.00,0.00,0,,5.0,330.0,115000.0
2025-10-11T17:01:36.874212,205.093,0.00,0.00,0.00,0.00,0.00,0.00,0.00,0,,5.0,330.0,115000.0
2025-10-11T17:01:37.745239,205.964,0.00,0.00,0.00,0.00,0.00,0.00,0.00,0,,5.0,330.0,172500.0
2025-10-11T17:01:37.747268,205.966,0.00,0.00,0.00,0.00,0.00,0.00,0.00,0,,5.0,330.0,172500.0
2025-10-11T17:01:38.637074,206.856,0.00,0.00,0.00,0.00,0.00,0.00,0.00,0,,6.0,330.0,172500.0
2025-10-11T17:01:38.639020,206.858,0.00,0.00,0.00,0.00,0.00,0.00,0.00,0,,6.0,330.0,172500.0
2025-10-11T17:01:38.640639,206.859,0.00,0.00,0.00,0.00,0.00,0.00,0.00,0,,6.0,440.0,172500.0
2025-10-11T17:01:38.642656,206.861,0.00,0.00,0.00,0.00,0.00,0.00,0.00,0,,6.0,440.0,172500.0
2025-10-11T17:01:38.644730,206.863,0.00,0.00,0.00,0.00,0.00,0.00,0.00,0,,6.0,440.0,230000.0
2025-10-11T17:01:38.646283,206.865,0.00,0.00,0.00,0.00,0.00,0.00,0.00,0,,6.0,440.0,230000.0
2025-10-11T17:01:40.300407,208.519,0.00,0.00,0.00,0.00,0.00,0.00,0.00,0,,8.0,440.0,230000.0
2025-10-11T17:01:40.302206,208.521,0.00,0.00,0.00,0.00,0.00,0.00,0.00,0,,8.0,440.0,230000.0
2025-10-11T17:01:40.304100,208.523,0.00,0.00,0.00,0.00,0.00,0.00,0.00,0,,8.0,550.0,230000.0
2025-10-11T17:01:40.306124,208.525,0.00,0.00,0.00,0.00,0.00,0.00,0.00,0,,8.0,550.0,230000.0
2025-10-11T17:01:40.309089,208.528,0.00,0.00,0.00,0.00,0.00,0.00,0.00,0,,8.0,550.0,287500.0
2025-10-11T17:01:40.311460,208.530,0.00,0.00,0.00,0.00,0.00,0.00,0.00,0,,8.0,550.0,287500.0
2025-10-11T17:01:41.176136,209.395,0.00,0.00,0.00,0.00,0.00,0.00,0.00,0,,9.0,550.0,287500.0
2025-10-11T17:01:41.178149,209.397,0.00,0.00,0.00,0.00,0.00,0.00,0.00,0,,9.0,550.0,287500.0
2025-10-11T17:01:41.180190,209.399,0.00,0.00,0.00,0.00,0.00,0.00,0.00,0,,9.0,660.0,287500.0
2025-10-11T17:01:41.183427,209.402,0.00,0.00,0.00,0.00,0.00,0.00,0.00,0,,9.0,660.0,287500.0
2025-10-11T17:01:41.185628,209.404,0.00,0.00,0.00,0.00,0.00,0.00,0.00,0,,9.0,660.0,345000.0
2025-10-11T17:01:41.187517,209.406,0.00,0.00,0.00,0.00,0.00,0.00,0.00,0,,9.0,660.0,345000.0
2025-10-11T17:01:42.074789,210.294,0.00,0.00,0.00,0.00,0.00,0.00,0.00,0,,10.0,660.0,345000.0
2025-10-11T17:01:42.077038,210.296,0.00,0.00,0.00,0.00,0.00,0.00,0.00,0,,10.0,660.0,345000.0
2025-10-11T17:01:42.855554,211.074,0.00,0.00,0.00,0.00,0.00,0.00,0.00,0,,10.0,770.0,345000.0
2025-10-11T17:01:42.857623,211.076,0.00,0.00,0.00,0.00,0.00,0.00,0.00,0,,10.0,770.0,345000.0
2025-10-11T17:01:42.860204,211.079,0.00,0.00,0.00,0.00,0.00,0.00,0.00,0,,10.0,770.0,402500.0
2025-10-11T17:01:42.862430,211.081,0.00,0.00,0.00,0.00,0.00,0.00,0.00,0,,10.0,770.0,402500.0
2025-10-11T17:01:43.735244,211.954,0.00,0.00,0.00,0.00,0.00,0.00,0.00,0,,12.0,770.0,402500.0
2025-10-11T17:01:43.737571,211.956,0.00,0.00,0.00,0.00,0.00,0.00,0.00,0,,12.0,770.0,402500.0
2025-10-11T17:01:43.739780,211.959,0.00,0.00,0.00,0.00,0.00,0.00,0.00,0,,12.0,880.0,402500.0
2025-10-11T17:01:43.742192,211.961,0.00,0.00,0.00,0.00,0.00,0.00,0.00,0,,12.0,880.0,402500.0
2025-10-11T17:01:43.744038,211.963,0.00,0.00,0.00,0.00,0.00,0.00,0.00,0,,12.0,880.0,460000.0
2025-10-11T17:01:43.746151,211.965,0.00,0.00,0.00,0.00,0.00,0.00,0.00,0,,12.0,880.0,460000.0
2025-10-11T17:01:45.488665,213.707,0.00,0.00,0.00,0.00,0.00,0.00,0.00,0,,13.0,880.0,460000.0
2025-10-11T17:01:45.490853,213.710,0.00,0.00,0.00,0.00,0.00,0.00,0.00,0,,13.0,880.0,460000.0
2025-10-11T17:01:45.492989,213.712,0.00,0.00,0.00,0.00,0.00,0.00,0.00,0,,13.0,990.0,460000.0
2025-10-11T17:01:45.495378,213.714,0.00,0.00,0.00,0.00,0.00,0.00,0.00,0,,13.0,990.0,460000.0
2025-10-11T17:01:45.496973,213.716,0.00,0.00,0.00,0.00,0.00,0.00,0.00,0,,13.0,990.0,517500.0
2025-10-11T17:01:45.498607,213.717,0.00,0.00,0.00,0.00,0.00,0.00,0.00,0,,13.0,990.0,517500.0
2025-10-11T17:01:46.364889,214.584,0.00,0.00,0.00,0.00,0.00,0.00,0.00,0,,12.0,990.0,517500.0
2025-10-11T17:01:46.366929,214.586,0.00,0.00,0.00,0.00,0.00,0.00,0.00,0,,12.0,990.0,517500.0
2025-10-11T17:01:46.369025,214.588,0.00,0.00,0.00,0.00,0.00,0.00,0.00,0,,12.0,880.0,517500.0
2025-10-11T17:01:46.371396,214.590,0.00,0.00,0.00,0.00,0.00,0.00,0.00,0,,12.0,880.0,517500.0
2025-10-11T17:01:46.373355,214.592,0.00,0.00,0.00,0.00,0.00,0.00,0.00,0,,12.0,880.0,460000.0
2025-10-11T17:01:46.376191,214.595,0.00,0.00,0.00,0.00,0.00,0.00,0.00,0,,12.0,880.0,460000.0
2025-10-11T17:01:47.342687,215.561,0.00,0.00,0.00,0.00,0.00,0.00,0.00,0,,10.0,880.0,460000.0
2025-10-11T17:01:47.344779,215.564,0.00,0.00,0.00,0.00,0.00,0.00,0.00,0,,10.0,880.0,460000.0
2025-10-11T17:01:47.346924,215.566,0.00,0.00,0.00,0.00,0.00,0.00,0.00,0,,10.0,770.0,460000.0
2025-10-11T17:01:47.348934,215.568,0.00,0.00,0.00,0.00,0.00,0.00,0.00,0,,10.0,770.0,460000.0
2025-10-11T17:01:48.137663,216.356,0.00,0.00,0.00,0.00,0.00,0.00,0.00,0,,10.0,770.0,402500.0
2025-10-11T17:01:48.139703,216.358,0.00,0.00,0.00,0.00,0.00,0.00,0.00,0,,10.0,770.0,402500.0
2025-10-11T17:01:49.022186,217.241,0.00,0.00,0.00,0.00,0.00,0.00,0.00,0,,9.0,770.0,402500.0
2025-10-11T17:01:49.024354,217.243,0.00,0.00,0.00,0.00,0.00,0.00,0.00,0,,9.0,770.0,402500.0
2025-10-11T17:01:49.026566,217.245,0.00,0.00,0.00,0.00,0.00,0.00,0.00,0,,9.0,660.0,402500.0
2025-10-11T17:01:49.028853,217.248,0.00,0.00,0.00,0.00,0.00,0.00,0.00,0,,9.0,660.0,402500.0
2025-10-11T17:01:49.030750,217.249,0.00,0.00,0.00,0.00,0.00,0.00,0.00,0,,9.0,660.0,345000.0
2025-10-11T17:01:49.032441,217.251,0.00,0.00,0.00,0.00,0.00,0.00,0.00,0,,9.0,660.0,345000.0
2025-10-11T17:01:49.926567,218.145,0.00,0.00,0.00,0.00,0.00,0.00,0.00,0,,8.0,660.0,345000.0
2025-10-11T17:01:49.928459,218.147,0.00,0.00,0.00,0.00,0.00,0.00,0.00,0,,8.0,660.0,345000.0
2025-10-11T17:01:49.930408,218.149,0.00,0.00,0.00,0.00,0.00,0.00,0.00,0,,8.0,550.0,345000.0
2025-10-11T17:01:49.933114,218.152,0.00,0.00,0.00,0.00,0.00,0.00,0.00,0,,8.0,550.0,345000.0
2025-10-11T17:01:49.934724,218.153,0.00,0.00,0.00,0.00,0.00,0.00,0.00,0,,8.0,550.0,287500.0
2025-10-11T17:01:49.936589,218.155,0.00,0.00,0.00,0.00,0.00,0.00,0.00,0,,8.0,550.0,287500.0
2025-10-11T17:01:51.699119,219.918,0.00,0.00,0.00,0.00,0.00,0.00,0.00,0,,6.0,550.0,287500.0
2025-10-11T17:01:51.701108,219.920,0.00,0.00,0.00,0.00,0.00,0.00,0.00,0,,6.0,550.0,287500.0
2025-10-11T17:01:51.702993,219.922,0.00,0.00,0.00,0.00,0.00,0.00,0.00,0,,6.0,440.0,287500.0
2025-10-11T17:01:51.705205,219.924,0.00,0.00,0.00,0.00,0.00,0.00,0.00,0,,6.0,440.0,287500.0
2025-10-11T17:01:51.707059,219.926,0.00,0.00,0.00,0.00,0.00,0.00,0.00,0,,6.0,440.0,230000.0
2025-10-11T17:01:51.709204,219.928,0.00,0.00,0.00,0.00,0.00,0.00,0.00,0,,6.0,440.0,230000.0
2025-10-11T17:01:52.571115,220.790,0.00,0.00,0.00,0.00,0.00,0.00,0.00,0,,5.0,440.0,230000.0
2025-10-11T17:01:52.572877,220.792,0.00,0.00,0.00,0.00,0.00,0.00,0.00,0,,5.0,440.0,230000.0
2025-10-11T17:01:52.574779,220.794,0.00,0.00,0.00,0.00,0.00,0.00,0.00,0,,5.0,330.0,230000.0
2025-10-11T17:01:52.577474,220.796,0.00,0.00,0.00,0.00,0.00,0.00,0.00,0,,5.0,330.0,230000.0
2025-10-11T17:01:52.579285,220.798,0.00,0.00,0.00,0.00,0.00,0.00,0.00,0,,5.0,330.0,172500.0
2025-10-11T17:01:52.581848,220.801,0.00,0.00,0.00,0.00,0.00,0.00,0.00,0,,5.0,330.0,172500.0
2025-10-11T17:01:53.560660,221.779,0.00,0.00,0.00,0.00,0.00,0.00,0.00,0,,3.0,330.0,172500.0
2025-10-11T17:01:53.562315,221.781,0.00,0.00,0.00,0.00,0.00,0.00,0.00,0,,3.0,330.0,172500.0
2025-10-11T17:01:53.564023,221.783,0.00,0.00,0.00,0.00,0.00,0.00,0.00,0,,3.0,220.0,172500.0
2025-10-11T17:01:53.567023,221.786,0.00,0.00,0.00,0.00,0.00,0.00,0.00,0,,3.0,220.0,172500.0
2025-10-11T17:01:53.568456,221.787,0.00,0.00,0.00,0.00,0.00,0.00,0.00,0,,3.0,220.0,115000.0
2025-10-11T17:01:53.570191,221.789,0.00,0.00,0.00,0.00,0.00,0.00,0.00,0,,3.0,220.0,115000.0
2025-10-11T17:01:55.444253,223.663,0.00,0.00,0.00,0.00,0.00,0.00,0.00,0,,2.0,220.0,115000.0
2025-10-11T17:01:55.446343,223.665,0.00,0.00,0.00,0.00,0.00,0.00,0.00,0,,2.0,220.0,115000.0
2025-10-11T17:01:55.447886,223.667,0.00,0.00,0.00,0.00,0.00,0.00,0.00,0,,2.0,110.0,115000.0
2025-10-11T17:01:55.449921,223.669,0.00,0.00,0.00,0.00,0.00,0.00,0.00,0,,2.0,110.0,115000.0
2025-10-11T17:01:55.451892,223.671,0.00,0.00,0.00,0.00,0.00,0.00,0.00,0,,2.0,110.0,57500.0
2025-10-11T17:01:55.453407,223.672,0.00,0.00,0.00,0.00,0.00,0.00,0.00,0,,2.0,110.0,57500.0
2025-10-11T17:01:56.441291,224.660,0.00,0.00,0.00,0.00,0.00,0.00,0.00,0,,3.0,110.0,57500.0
2025-10-11T17:01:56.443099,224.662,0.00,0.00,0.00,0.00,0.00,0.00,0.00,0,,3.0,110.0,57500.0
2025-10-11T17:01:56.444894,224.664,0.00,0.00,0.00,0.00,0.00,0.00,0.00,0,,3.0,220.0,57500.0
2025-10-11T17:01:56.446679,224.665,0.00,0.00,0.00,0.00,0.00,0.00,0.00,0,,3.0,220.0,57500.0
2025-10-11T17:01:56.449077,224.668,0.00,0.00,0.00,0.00,0.00,0.00,0.00,0,,3.0,220.0,115000.0
2025-10-11T17:01:56.450708,224.669,0.00,0.00,0.00,0.00,0.00,0.00,0.00,0,,3.0,220.0,115000.0
2025-10-11T17:01:57.326011,225.545,0.00,0.00,0.00,0.00,0.00,0.00,0.00,0,,5.0,220.0,115000.0
2025-10-11T17:01:57.327666,225.546,0.00,0.00,0.00,0.00,0.00,0.00,0.00,0,,5.0,220.0,115000.0
2025-10-11T17:01:57.330101,225.549,0.00,0.00,0.00,0.00,0.00,0.00,0.00,0,,5.0,330.0,115000.0
2025-10-11T17:01:57.331939,225.551,0.00,0.00,0.00,0.00,0.00,0.00,0.00,0,,5.0,330.0,115000.0
2025-10-11T17:01:57.333574,225.552,0.00,0.00,0.00,0.00,0.00,0.00,0.00,0,,5.0,330.0,172500.0
2025-10-11T17:01:57.335692,225.554,0.00,0.00,0.00,0.00,0.00,0.00,0.00,0,,5.0,330.0,172500.0
2025-10-11T17:01:59.069899,227.289,0.00,0.00,0.00,0.00,0.00,0.00,0.00,0,,6.0,330.0,172500.0
2025-10-11T17:01:59.072171,227.291,0.00,0.00,0.00,0.00,0.00,0.00,0.00,0,,6.0,330.0,172500.0
2025-10-11T17:01:59.074116,227.293,0.00,0.00,0.00,0.00,0.00,0.00,0.00,0,,6.0,440.0,172500.0
2025-10-11T17:01:59.076464,227.295,0.00,0.00,0.00,0.00,0.00,0.00,0.00,0,,6.0,440.0,172500.0
2025-10-11T17:01:59.078036,227.297,0.00,0.00,0.00,0.00,0.00,0.00,0.00,0,,6.0,440.0,230000.0
2025-10-11T17:01:59.079692,227.298,0.00,0.00,0.00,0.00,0.00,0.00,0.00,0,,6.0,440.0,230000.0
2025-10-11T17:01:59.961598,228.180,0.00,0.00,0.00,0.00,0.00,0.00,0.00,0,,8.0,440.0,230000.0
2025-10-11T17:01:59.963848,228.183,0.00,0.00,0.00,0.00,0.00,0.00,0.00,0,,8.0,440.0,230000.0
2025-10-11T17:01:59.966012,228.185,0.00,0.00,0.00,0.00,0.00,0.00,0.00,0,,8.0,550.0,230000.0
2025-10-11T17:01:59.968571,228.187,0.00,0.00,0.00,0.00,0.00,0.00,0.00,0,,8.0,550.0,230000.0
2025-10-11T17:01:59.970704,228.189,0.00,0.00,0.00,0.00,0.00,0.00,0.00,0,,8.0,550.0,287500.0
2025-10-11T17:01:59.973297,228.192,0.00,0.00,0.00,0.00,0.00,0.00,0.00,0,,8.0,550.0,287500.0
2025-10-11T17:02:01.859225,230.078,0.00,0.00,0.00,0.00,0.00,0.00,0.00,0,,9.0,550.0,287500.0
2025-10-11T17:02:01.861393,230.080,0.00,0.00,0.00,0.00,0.00,0.00,0.00,0,,9.0,550.0,287500.0
2025-10-11T17:02:01.863546,230.082,0.00,0.00,0.00,0.00,0.00,0.00,0.00,0,,9.0,660.0,287500.0
2025-10-11T17:02:01.866153,230.085,0.00,0.00,0.00,0.00,0.00,0.00,0.00,0,,9.0,660.0,287500.0
2025-10-11T17:02:01.868001,230.087,0.00,0.00,0.00,0.00,0.00,0.00,0.00,0,,9.0,660.0,345000.0
2025-10-11T17:02:01.869836,230.089,0.00,0.00,0.00,0.00,0.00,0.00,0.00,0,,9.0,660.0,345000.0
2025-10-11T17:02:02.764140,230.983,0.00,0.00,0.00,0.00,0.00,0.00,0.00,0,,10.0,660.0,345000.0
2025-10-11T17:02:02.766322,230.985,0.00,0.00,0.00,0.00,0.00,0.00,0.00,0,,10.0,660.0,345000.0
2025-10-11T17:02:02.768293,230.987,0.00,0.00,0.00,0.00,0.00,0.00,0.00,0,,10.0,770.0,345000.0
2025-10-11T17:02:02.770708,230.989,0.00,0.00,0.00,0.00,0.00,0.00,0.00,0,,10.0,770.0,345000.0
2025-10-11T17:02:02.772727,230.991,0.00,0.00,0.00,0.00,0.00,0.00,0.00,0,,10.0,770.0,402500.0
2025-10-11T17:02:02.775630,230.994,0.00,0.00,0.00,0.00,0.00,0.00,0.00,0,,10.0,770.0,402500.0
2025-10-11T17:02:03.643035,231.862,0.00,0.00,0.00,0.00,0.00,0.00,0.00,0,,12.0,770.0,402500.0
2025-10-11T17:02:03.645078,231.864,0.00,0.00,0.00,0.00,0.00,0.00,0.00,0,,12.0,770.0,402500.0
2025-10-11T17:02:04.510924,232.730,0.00,0.00,0.00,0.00,0.00,0.00,0.00,0,,12.0,880.0,402500.0
2025-10-11T17:02:04.512930,232.732,0.00,0.00,0.00,0.00,0.00,0.00,0.00,0,,12.0,880.0,402500.0
2025-10-11T17:02:04.514855,232.734,0.00,0.00,0.00,0.00,0.00,0.00,0.00,0,,12.0,880.0,460000.0
2025-10-11T17:02:04.517188,232.736,0.00,0.00,0.00,0.00,0.00,0.00,0.00,0,,12.0,880.0,460000.0
2025-10-11T17:02:05.410739,233.629,0.00,0.00,0.00,0.00,0.00,0.00,0.00,0,,13.0,880.0,460000.0
2025-10-11T17:02:05.412579,233.631,0.00,0.00,0.00,0.00,0.00,0.00,0.00,0,,13.0,880.0,460000.0
2025-10-11T17:02:05.414631,233.633,0.00,0.00,0.00,0.00,0.00,0.00,0.00,0,,13.0,990.0,460000.0
2025-10-11T17:02:05.417334,233.636,0.00,0.00,0.00,0.00,0.00,0.00,0.00,0,,13.0,990.0,460000.0
2025-10-11T17:02:05.419225,233.638,0.00,0.00,0.00,0.00,0.00,0.00,0.00,0,,13.0,990.0,517500.0
2025-10-11T17:02:05.422243,233.641,0.00,0.00,0.00,0.00,0.00,0.00,0.00,0,,13.0,990.0,517500.0
2025-10-11T17:02:06.273970,234.493,0.00,0.00,0.00,0.00,0.00,0.00,0.00,0,,12.0,990.0,517500.0
2025-10-11T17:02:06.275784,234.495,0.00,0.00,0.00,0.00,0.00,0.00,0.00,0,,12.0,990.0,517500.0
2025-10-11T17:02:06.277904,234.497,0.00,0.00,0.00,0.00,0.00,0.00,0.00,0,,12.0,880.0,517500.0
2025-10-11T17:02:06.280384,234.499,0.00,0.00,0.00,0.00,0.00,0.00,0.00,0,,12.0,880.0,517500.0
2025-10-11T17:02:06.282304,234.501,0.00,0.00,0.00,0.00,0.00,0.00,0.00,0,,12.0,880.0,460000.0
2025-10-11T17:02:06.285704,234.504,0.00,0.00,0.00,0.00,0.00,0.00,0.00,0,,12.0,880.0,460000.0
2025-10-11T17:02:08.022836,236.242,0.00,0.00,0.00,0.00,0.00,0.00,0.00,0,,10.0,880.0,460000.0
2025-10-11T17:02:08.024437,236.243,0.00,0.00,0.00,0.00,0.00,0.00,0.00,0,,10.0,880.0,460000.0
2025-10-11T17:02:08.026128,236.245,0.00,0.00,0.00,0.00,0.00,0.00,0.00,0,,10.0,770.0,460000.0
2025-10-11T17:02:08.028975,236.248,0.00,0.00,0.00,0.00,0.00,0.00,0.00,0,,10.0,770.0,460000.0
2025-10-11T17:02:08.030513,236.249,0.00,0.00,0.00,0.00,0.00,0.00,0.00,0,,10.0,770.0,402500.0
2025-10-11T17:02:08.032562,236.251,0.00,0.00,0.00,0.00,0.00,0.00,0.00,0,,10.0,770.0,402500.0
2025-10-11T17:02:08.910011,237.129,0.00,0.00,0.00,0.00,0.00,0.00,0.00,0,,9.0,770.0,402500.0
2025-10-11T17:02:08.911931,237.131,0.00,0.00,0.00,0.00,0.00,0.00,0.00,0,,9.0,770.0,402500.0
2025-10-11T17:02:08.913893,237.133,0.00,0.00,0.00,0.00,0.00,0.00,0.00,0,,9.0,660.0,402500.0
2025-10-11T17:02:08.916054,237.135,0.00,0.00,0.00,0.00,0.00,0.00,0.00,0,,9.0,660.0,402500.0
2025-10-11T17:02:08.917761,237.137,0.00,0.00,0.00,0.00,0.00,0.00,0.00,0,,9.0,660.0,345000.0
2025-10-11T17:02:08.919754,237.139,0.00,0.00,0.00,0.00,0.00,0.00,0.00,0,,9.0,660.0,345000.0
2025-10-11T17:02:10.552987,238.772,0.00,0.00,0.00,0.00,0.00,0.00,0.00,0,,8.0,660.0,345000.0
2025-10-11T17:02:10.554845,238.774,0.00,0.00,0.00,0.00,0.00,0.00,0.00,0,,8.0,660.0,345000.0
2025-10-11T17:02:10.556925,238.776,0.00,0.00,0.00,0.00,0.00,0.00,0.00,0,,8.0,550.0,345000.0
2025-10-11T17:02:10.559203,238.778,0.00,0.00,0.00,0.00,0.00,0.00,0.00,0,,8.0,550.0,345000.0
2025-10-11T17:02:10.561348,238.780,0.00,0.00,0.00,0.00,0.00,0.00,0.00,0,,8.0,550.0,287500.0
2025-10-11T17:02:10.564059,238.783,0.00,0.00,0.00,0.00,0.00,0.00,0.00,0,,8.0,550.0,287500.0
2025-10-11T17:02:11.426359,239.645,0.00,0.00,0.00,0.00,0.00,0.00,0.00,0,,6.0,550.0,287500.0
2025-10-11T17:02:11.428112,239.647,0.00,0.00,0.00,0.00,0.00,0.00,0.00,0,,6.0,550.0,287500.0
2025-10-11T17:02:11.430145,239.649,0.00,0.00,0.00,0.00,0.00,0.00,0.00,0,,6.0,440.0,287500.0
2025-10-11T17:02:11.432852,239.652,0.00,0.00,0.00,0.00,0.00,0.00,0.00,0,,6.0,440.0,287500.0
2025-10-11T17:02:11.434696,239.653,0.00,0.00,0.00,0.00,0.00,0.00,0.00,0,,6.0,440.0,230000.0
2025-10-11T17:02:11.436078,239.655,0.00,0.00,0.00,0.00,0.00,0.00,0.00,0,,6.0,440.0,230000.0
2025-10-11T17:02:13.169025,241.388,0.00,0.00,0.00,0.00,0.00,0.00,0.00,0,,5.0,440.0,230000.0
2025-10-11T17:02:13.170727,241.389,0.00,0.00,0.00,0.00,0.00,0.00,0.00,0,,5.0,440.0,230000.0
2025-10-11T17:02:13.172240,241.391,0.00,0.00,0.00,0.00,0.00,0.00,0.00,0,,5.0,330.0,230000.0
2025-10-11T17:02:13.174877,241.394,0.00,0.00,0.00,0.00,0.00,0.00,0.00,0,,5.0,330.0,230000.0
2025-10-11T17:02:13.176702,241.395,0.00,0.00,0.00,0.00,0.00,0.00,0.00,0,,5.0,330.0,172500.0
2025-10-11T17:02:13.178666,241.397,0.00,0.00,0.00,0.00,0.00,0.00,0.00,0,,5.0,330.0,172500.0
2025-10-11T17:02:14.057518,242.276,0.00,0.00,0.00,0.00,0.00,0.00,0.00,0,,3.0,330.0,172500.0
2025-10-11T17:02:14.059305,242.278,0.00,0.00,0.00,0.00,0.00,0.00,0.00,0,,3.0,330.0,172500.0
2025-10-11T17:02:14.061401,242.280,0.00,0.00,0.00,0.00,0.00,0.00,0.00,0,,3.0,220.0,172500.0
2025-10-11T17:02:14.063983,242.283,0.00,0.00,0.00,0.00,0.00,0.00,0.00,0,,3.0,220.0,172500.0
2025-10-11T17:02:14.065766,242.285,0.00,0.00,0.00,0.00,0.00,0.00,0.00,0,,3.0,220.0,115000.0
2025-10-11T17:02:14.068049,242.287,0.00,0.00,0.00,0.00,0.00,0.00,0.00,0,,3.0,220.0,115000.0
2025-10-11T17:02:14.959401,243.178,0.00,0.00,0.00,0.00,0.00,0.00,0.00,0,,2.0,220.0,115000.0
2025-10-11T17:02:14.961559,243.180,0.00,0.00,0.00,0.00,0.00,0.00,0.00,0,,2.0,220.0,115000.0
2025-10-11T17:02:15.833831,244.053,0.00,0.00,0.00,0.00,0.00,0.00,0.00,0,,2.0,110.0,115000.0
2025-10-11T17:02:15.835412,244.054,0.00,0.00,0.00,0.00,0.00,0.00,0.00,0,,2.0,110.0,115000.0
2025-10-11T17:02:15.837403,244.056,0.00,0.00,0.00,0.00,0.00,0.00,0.00,0,,2.0,110.0,57500.0
2025-10-11T17:02:15.840387,244.059,0.00,0.00,0.00,0.00,0.00,0.00,0.00,0,,2.0,110.0,57500.0
2025-10-11T17:02:16.697386,244.916,0.00,0.00,0.00,0.00,0.00,0.00,0.00,0,,3.0,110.0,57500.0
2025-10-11T17:02:16.699362,244.918,0.00,0.00,0.00,0.00,0.00,0.00,0.00,0,,3.0,110.0,57500.0
2025-10-11T17:02:16.701070,244.920,0.00,0.00,0.00,0.00,0.00,0.00,0.00,0,,3.0,220.0,57500.0
2025-10-11T17:02:16.704086,244.923,0.00,0.00,0.00,0.00,0.00,0.00,0.00,0,,3.0,220.0,57500.0
2025-10-11T17:02:16.705691,244.924,0.00,0.00,0.00,0.00,0.00,0.00,0.00,0,,3.0,220.0,115000.0
2025-10-11T17:02:16.707276,244.926,0.00,0.00,0.00,0.00,0.00,0.00,0.00,0,,3.0,220.0,115000.0
2025-10-11T17:02:18.340198,246.559,0.00,0.00,0.00,0.00,0.00,0.00,0.00,0,,5.0,220.0,115000.0
2025-10-11T17:02:18.341829,246.561,0.00,0.00,0.00,0.00,0.00,0.00,0.00,0,,5.0,220.0,115000.0
2025-10-11T17:02:18.343712,246.562,0.00,0.00,0.00,0.00,0.00,0.00,0.00,0,,5.0,330.0,115000.0
2025-10-11T17:02:18.345630,246.564,0.00,0.00,0.00,0.00,0.00,0.00,0.00,0,,5.0,330.0,115000.0
2025-10-11T17:02:18.347638,246.566,0.00,0.00,0.00,0.00,0.00,0.00,0.00,0,,5.0,330.0,172500.0
2025-10-11T17:02:18.349289,246.568,0.00,0.00,0.00,0.00,0.00,0.00,0.00,0,,5.0,330.0,172500.0
2025-10-11T17:02:19.140367,247.359,0.00,0.00,0.00,0.00,0.00,0.00,0.00,0,,6.0,330.0,172500.0
2025-10-11T17:02:19.142291,247.361,0.00,0.00,0.00,0.00,0.00,0.00,0.00,0,,6.0,330.0,172500.0
2025-10-11T17:02:19.144191,247.363,0.00,0.00,0.00,0.00,0.00,0.00,0.00,0,,6.0,440.0,172500.0
2025-10-11T17:02:19.148170,247.367,0.00,0.00,0.00,0.00,0.00,0.00,0.00,0,,6.0,440.0,172500.0
2025-10-11T17:02:19.150043,247.369,0.00,0.00,0.00,0.00,0.00,0.00,0.00,0,,6.0,440.0,230000.0
2025-10-11T17:02:19.151947,247.371,0.00,0.00,0.00,0.00,0.00,0.00,0.00,0,,6.0,440.0,230000.0
2025-10-11T17:02:20.894212,249.113,0.00,0.00,0.00,0.00,0.00,0.00,0.00,0,,8.0,440.0,230000.0
2025-10-11T17:02:20.896064,249.115,0.00,0.00,0.00,0.00,0.00,0.00,0.00,0,,8.0,440.0,230000.0
2025-10-11T17:02:20.898068,249.117,0.00,0.00,0.00,0.00,0.00,0.00,0.00,0,,8.0,550.0,230000.0
2025-10-11T17:02:20.900027,249.119,0.00,0.00,0.00,0.00,0.00,0.00,0.00,0,,8.0,550.0,230000.0
2025-10-11T17:02:20.902200,249.121,0.00,0.00,0.00,0.00,0.00,0.00,0.00,0,,8.0,550.0,287500.0
2025-10-11T17:02:20.904126,249.123,0.00,0.00,0.00,0.00,0.00,0.00,0.00,0,,8.0,550.0,287500.0
2025-10-11T17:02:21.757807,249.977,0.00,0.00,0.00,0.00,0.00,0.00,0.00,0,,9.0,550.0,287500.0
2025-10-11T17:02:21.759376,249.978,0.00,0.00,0.00,0.00,0.00,0.00,0.00,0,,9.0,550.0,287500.0
2025-10-11T17:02:21.761462,249.980,0.00,0.00,0.00,0.00,0.00,0.00,0.00,0,,9.0,660.0,287500.0
2025-10-11T17:02:21.764264,249.983,0.00,0.00,0.00,0.00,0.00,0.00,0.00,0,,9.0,660.0,287500.0
2025-10-11T17:02:21.766212,249.985,0.00,0.00,0.00,0.00,0.00,0.00,0.00,0,,9.0,660.0,345000.0
2025-10-11T17:02:21.769132,249.988,0.00,0.00,0.00,0.00,0.00,0.00,0.00,0,,9.0,660.0,345000.0
2025-10-11T17:02:23.510017,251.729,0.00,0.00,0.00,0.00,0.00,0.00,0.00,0,,10.0,660.0,345000.0
2025-10-11T17:02:23.511558,251.730,0.00,0.00,0.00,0.00,0.00,0.00,0.00,0,,10.0,660.0,345000.0
2025-10-11T17:02:23.513097,251.732,0.00,0.00,0.00,0.00,0.00,0.00,0.00,0,,10.0,770.0,345000.0
2025-10-11T17:02:23.514927,251.734,0.00,0.00,0.00,0.00,0.00,0.00,0.00,0,,10.0,770.0,345000.0
2025-10-11T17:02:23.516883,251.736,0.00,0.00,0.00,0.00,0.00,0.00,0.00,0,,10.0,770.0,402500.0
2025-10-11T17:02:23.518335,251.737,0.00,0.00,0.00,0.00,0.00,0.00,0.00,0,,10.0,770.0,402500.0
2025-10-11T17:02:24.505537,252.724,0.00,0.00,0.00,0.00,0.00,0.00,0.00,0,,12.0,770.0,402500.0
2025-10-11T17:02:24.507422,252.726,0.00,0.00,0.00,0.00,0.00,0.00,0.00,0,,12.0,770.0,402500.0
2025-10-11T17:02:24.509376,252.728,0.00,0.00,0.00,0.00,0.00,0.00,0.00,0,,12.0,880.0,402500.0
2025-10-11T17:02:24.512595,252.731,0.00,0.00,0.00,0.00,0.00,0.00,0.00,0,,12.0,880.0,402500.0
2025-10-11T17:02:24.514069,252.733,0.00,0.00,0.00,0.00,0.00,0.00,0.00,0,,12.0,880.0,460000.0
2025-10-11T17:02:24.515984,252.735,0.00,0.00,0.00,0.00,0.00,0.00,0.00,0,,12.0,880.0,460000.0
2025-10-11T17:02:25.476968,253.696,0.00,0.00,0.00,0.00,0.00,0.00,0.00,0,,13.0,880.0,460000.0
2025-10-11T17:02:25.478657,253.697,0.00,0.00,0.00,0.00,0.00,0.00,0.00,0,,13.0,880.0,460000.0
2025-10-11T17:02:25.480607,253.699,0.00,0.00,0.00,0.00,0.00,0.00,0.00,0,,13.0,990.0,460000.0
2025-10-11T17:02:25.483018,253.702,0.00,0.00,0.00,0.00,0.00,0.00,0.00,0,,13.0,990.0,460000.0
2025-10-11T17:02:25.484442,253.703,0.00,0.00,0.00,0.00,0.00,0.00,0.00,0,,13.0,990.0,517500.0
2025-10-11T17:02:25.486348,253.705,0.00,0.00,0.00,0.00,0.00,0.00,0.00,0,,13.0,990.0,517500.0
2025-10-11T17:02:26.470703,254.689,0.00,0.00,0.00,0.00,0.00,0.00,0.00,0,,12.0,990.0,517500.0
2025-10-11T17:02:26.474792,254.694,0.00,0.00,0.00,0.00,0.00,0.00,0.00,0,,12.0,990.0,517500.0
2025-10-11T17:02:27.448927,255.668,0.00,0.00,0.00,0.00,0.00,0.00,0.00,0,,12.0,880.0,517500.0
2025-10-11T17:02:27.450830,255.670,0.00,0.00,0.00,0.00,0.00,0.00,0.00,0,,12.0,880.0,517500.0
2025-10-11T17:02:27.453263,255.672,0.00,0.00,0.00,0.00,0.00,0.00,0.00,0,,12.0,880.0,460000.0
2025-10-11T17:02:27.455651,255.674,0.00,0.00,0.00,0.00,0.00,0.00,0.00,0,,12.0,880.0,460000.0
2025-10-11T17:02:28.448615,256.667,0.00,0.00,0.00,0.00,0.00,0.00,0.00,0,,10.0,880.0,460000.0
2025-10-11T17:02:28.450344,256.669,0.00,0.00,0.00,0.00,0.00,0.00,0.00,0,,10.0,880.0,460000.0
2025-10-11T17:02:28.452441,256.671,0.00,0.00,0.00,0.00,0.00,0.00,0.00,0,,10.0,770.0,460000.0
2025-10-11T17:02:28.455295,256.674,0.00,0.00,0.00,0.00,0.00,0.00,0.00,0,,10.0,770.0,460000.0
2025-10-11T17:02:28.456927,256.676,0.00,0.00,0.00,0.00,0.00,0.00,0.00,0,,10.0,770.0,402500.0
2025-10-11T17:02:28.458892,256.678,0.00,0.00,0.00,0.00,0.00,0.00,0.00,0,,10.0,770.0,402500.0
2025-10-11T17:02:29.330708,257.549,0.00,0.00,0.00,0.00,0.00,0.00,0.00,0,,9.0,770.0,402500.0
2025-10-11T17:02:29.333467,257.552,0.00,0.00,0.00,0.00,0.00,0.00,0.00,0,,9.0,770.0,402500.0
2025-10-11T17:02:29.336050,257.555,0.00,0.00,0.00,0.00,0.00,0.00,0.00,0,,9.0,660.0,402500.0
2025-10-11T17:02:29.338062,257.557,0.00,0.00,0.00,0.00,0.00,0.00,0.00,0,,9.0,660.0,402500.0
2025-10-11T17:02:29.340340,257.559,0.00,0.00,0.00,0.00,0.00,0.00,0.00,0,,9.0,660.0,345000.0
2025-10-11T17:02:29.342403,257.561,0.00,0.00,0.00,0.00,0.00,0.00,0.00,0,,9.0,660.0,345000.0
2025-10-11T17:02:30.303632,258.522,0.00,0.00,0.00,0.00,0.00,0.00,0.00,0,,8.0,660.0,345000.0
2025-10-11T17:02:30.305688,258.524,0.00,0.00,0.00,0.00,0.00,0.00,0.00,0,,8.0,660.0,345000.0
2025-10-11T17:02:30.307615,258.526,0.00,0.00,0.00,0.00,0.00,0.00,0.00,0,,8.0,550.0,345000.0
2025-10-11T17:02:30.310899,258.530,0.00,0.00,0.00,0.00,0.00,0.00,0.00,0,,8.0,550.0,345000.0
2025-10-11T17:02:31.298490,259.517,0.00,0.00,0.00,0.00,0.00,0.00,0.00,0,,8.0,550.0,287500.0
2025-10-11T17:02:31.300174,259.519,0.00,0.00,0.00,0.00,0.00,0.00,0.00,0,,8.0,550.0,287500.0
2025-10-11T17:02:32.185169,260.404,0.00,0.00,0.00,0.00,0.00,0.00,0.00,0,,6.0,550.0,287500.0
2025-10-11T17:02:32.187335,260.406,0.00,0.00,0.00,0.00,0.00,0.00,0.00,0,,6.0,550.0,287500.0
2025-10-11T17:02:32.189402,260.408,0.00,0.00,0.00,0.00,0.00,0.00,0.00,0,,6.0,440.0,287500.0
2025-10-11T17:02:32.192126,260.411,0.00,0.00,0.00,0.00,0.00,0.00,0.00,0,,6.0,440.0,287500.0
2025-10-11T17:02:32.195639,260.414,0.00,0.00,0.00,0.00,0.00,0.00,0.00,0,,6.0,440.0,230000.0
2025-10-11T17:02:32.198183,260.417,0.00,0.00,0.00,0.00,0.00,0.00,0.00,0,,6.0,440.0,230000.0
2025-10-11T17:02:33.166342,261.385,0.00,0.00,0.00,0.00,0.00,0.00,0.00,0,,5.0,440.0,230000.0
2025-10-11T17:02:33.168883,261.388,0.00,0.00,0.00,0.00,0.00,0.00,0.00,0,,5.0,440.0,230000.0
2025-10-11T17:02:33.170951,261.390,0.00,0.00,0.00,0.00,0.00,0.00,0.00,0,,5.0,330.0,230000.0
2025-10-11T17:02:33.173203,261.392,0.00,0.00,0.00,0.00,0.00,0.00,0.00,0,,5.0,330.0,230000.0
2025-10-11T17:02:33.175395,261.394,0.00,0.00,0.00,0.00,0.00,0.00,0.00,0,,5.0,330.0,172500.0
2025-10-11T17:02:33.178484,261.397,0.00,0.00,0.00,0.00,0.00,0.00,0.00,0,,5.0,330.0,172500.0
2025-10-11T17:02:34.170409,262.389,0.00,0.00,0.00,0.00,0.00,0.00,0.00,0,,3.0,330.0,172500.0
2025-10-11T17:02:34.172508,262.391,0.00,0.00,0.00,0.00,0.00,0.00,0.00,0,,3.0,330.0,172500.0
2025-10-11T17:02:34.174589,262.393,0.00,0.00,0.00,0.00,0.00,0.00,0.00,0,,3.0,220.0,172500.0
2025-10-11T17:02:34.177954,262.397,0.00,0.00,0.00,0.00,0.00,0.00,0.00,0,,3.0,220.0,172500.0
2025-10-11T17:02:34.180036,262.399,0.00,0.00,0.00,0.00,0.00,0.00,0.00,0,,3.0,220.0,115000.0
2025-10-11T17:02:34.181865,262.401,0.00,0.00,0.00,0.00,0.00,0.00,0.00,0,,3.0,220.0,115000.0
2025-10-11T17:02:36.146385,264.365,0.00,0.00,0.00,0.00,0.00,0.00,0.00,0,,2.0,220.0,115000.0
2025-10-11T17:02:36.148987,264.368,0.00,0.00,0.00,0.00,0.00,0.00,0.00,0,,2.0,220.0,115000.0
2025-10-11T17:02:36.150563,264.369,0.00,0.00,0.00,0.00,0.00,0.00,0.00,0,,2.0,110.0,115000.0
2025-10-11T17:02:36.153002,264.372,0.00,0.00,0.00,0.00,0.00,0.00,0.00,0,,2.0,110.0,115000.0
2025-10-11T17:02:36.155018,264.374,0.00,0.00,0.00,0.00,0.00,0.00,0.00,0,,2.0,110.0,57500.0
2025-10-11T17:02:36.156974,264.376,0.00,0.00,0.00,0.00,0.00,0.00,0.00,0,,2.0,110.0,57500.0
2025-10-11T17:02:37.122469,265.341,0.00,0.00,0.00,0.00,0.00,0.00,0.00,0,,3.0,110.0,57500.0
2025-10-11T17:02:37.124381,265.343,0.00,0.00,0.00,0.00,0.00,0.00,0.00,0,,3.0,110.0,57500.0
2025-10-11T17:02:37.126480,265.345,0.00,0.00,0.00,0.00,0.00,0.00,0.00,0,,3.0,220.0,57500.0
2025-10-11T17:02:37.128619,265.347,0.00,0.00,0.00,0.00,0.00,0.00,0.00,0,,3.0,220.0,57500.0
2025-10-11T17:02:37.130616,265.349,0.00,0.00,0.00,0.00,0.00,0.00,0.00,0,,3.0,220.0,115000.0
2025-10-11T17:02:37.132576,265.351,0.00,0.00,0.00,0.00,0.00,0.00,0.00,0,,3.0,220.0,115000.0
2025-10-11T17:02:38.005283,266.224,0.00,0.00,0.00,0.00,0.00,0.00,0.00,0,,5.0,220.0,115000.0
2025-10-11T17:02:38.007558,266.226,0.00,0.00,0.00,0.00,0.00,0.00,0.00,0,,5.0,220.0,115000.0
2025-10-11T17:02:38.010963,266.230,0.00,0.00,0.00,0.00,0.00,0.00,0.00,0,,5.0,330.0,115000.0
2025-10-11T17:02:38.013671,266.232,0.00,0.00,0.00,0.00,0.00,0.00,0.00,0,,5.0,330.0,115000.0
2025-10-11T17:02:38.016135,266.235,0.00,0.00,0.00,0.00,0.00,0.00,0.00,0,,5.0,330.0,172500.0
2025-10-11T17:02:38.018646,266.237,0.00,0.00,0.00,0.00,0.00,0.00,0.00,0,,5.0,330.0,172500.0
2025-10-11T17:02:39.748696,267.967,0.00,0.00,0.00,0.00,0.00,0.00,0.00,0,,6.0,330.0,172500.0
2025-10-11T17:02:39.750489,267.969,0.00,0.00,0.00,0.00,0.00,0.00,0.00,0,,6.0,330.0,172500.0
2025-10-11T17:02:39.752479,267.971,0.00,0.00,0.00,0.00,0.00,0.00,0.00,0,,6.0,440.0,172500.0
2025-10-11T17:02:39.754940,267.974,0.00,0.00,0.00,0.00,0.00,0.00,0.00,0,,6.0,440.0,172500.0
2025-10-11T17:02:39.756930,267.976,0.00,0.00,0.00,0.00,0.00,0.00,0.00,0,,6.0,440.0,230000.0
2025-10-11T17:02:39.759140,267.978,0.00,0.00,0.00,0.00,0.00,0.00,0.00,0,,6.0,440.0,230000.0
2025-10-11T17:02:40.734311,268.953,0.00,0.00,0.00,0.00,0.00,0.00,0.00,0,,8.0,440.0,230000.0
2025-10-11T17:02:40.736407,268.955,0.00,0.00,0.00,0.00,0.00,0.00,0.00,0,,8.0,440.0,230000.0
2025-10-11T17:02:40.738372,268.957,0.00,0.00,0.00,0.00,0.00,0.00,0.00,0,,8.0,550.0,230000.0
2025-10-11T17:02:40.741184,268.960,0.00,0.00,0.00,0.00,0.00,0.00,0.00,0,,8.0,550.0,230000.0
2025-10-11T17:02:40.743398,268.962,0.00,0.00,0.00,0.00,0.00,0.00,0.00,0,,8.0,550.0,287500.0
2025-10-11T17:02:40.746081,268.965,0.00,0.00,0.00,0.00,0.00,0.00,0.00,0,,8.0,550.0,287500.0
2025-10-11T17:02:41.610732,269.829,0.00,0.00,0.00,0.00,0.00,0.00,0.00,0,,9.0,550.0,287500.0
2025-10-11T17:02:41.612738,269.831,0.00,0.00,0.00,0.00,0.00,0.00,0.00,0,,9.0,550.0,287500.0
2025-10-11T17:02:41.614818,269.834,0.00,0.00,0.00,0.00,0.00,0.00,0.00,0,,9.0,660.0,287500.0
2025-10-11T17:02:41.617076,269.836,0.00,0.00,0.00,0.00,0.00,0.00,0.00,0,,9.0,660.0,287500.0
2025-10-11T17:02:42.490735,270.709,0.00,0.00,0.00,0.00,0.00,0.00,0.00,0,,9.0,660.0,345000.0
2025-10-11T17:02:42.492630,270.711,0.00,0.00,0.00,0.00,0.00,0.00,0.00,0,,9.0,660.0,345000.0
2025-10-11T17:02:43.411102,271.630,0.00,0.00,0.00,0.00,0.00,0.00,0.00,0,,10.0,660.0,345000.0
2025-10-11T17:02:43.412944,271.632,0.00,0.00,0.00,0.00,0.00,0.00,0.00,0,,10.0,660.0,345000.0
2025-10-11T17:02:43.414700,271.633,0.00,0.00,0.00,0.00,0.00,0.00,0.00,0,,10.0,770.0,345000.0
2025-10-11T17:02:43.417179,271.636,0.00,0.00,0.00,0.00,0.00,0.00,0.00,0,,10.0,770.0,345000.0
2025-10-11T17:02:43.418990,271.638,0.00,0.00,0.00,0.00,0.00,0.00,0.00,0,,10.0,770.0,402500.0
2025-10-11T17:02:43.420870,271.640,0.00,0.00,0.00,0.00,0.00,0.00,0.00,0,,10.0,770.0,402500.0
2025-10-11T17:02:44.275717,272.494,0.00,0.00,0.00,0.00,0.00,0.00,0.00,0,,12.0,770.0,402500.0
2025-10-11T17:02:44.277712,272.496,0.00,0.00,0.00,0.00,0.00,0.00,0.00,0,,12.0,770.0,402500.0
2025-10-11T17:02:44.279604,272.498,0.00,0.00,0.00,0.00,0.00,0.00,0.00,0,,12.0,880.0,402500.0
2025-10-11T17:02:44.282134,272.501,0.00,0.00,0.00,0.00,0.00,0.00,0.00,0,,12.0,880.0,402500.0
2025-10-11T17:02:44.283938,272.503,0.00,0.00,0.00,0.00,0.00,0.00,0.00,0,,12.0,880.0,460000.0
2025-10-11T17:02:44.285834,272.505,0.00,0.00,0.00,0.00,0.00,0.00,0.00,0,,12.0,880.0,460000.0
2025-10-11T17:02:45.160950,273.380,0.00,0.00,0.00,0.00,0.00,0.00,0.00,0,,13.0,880.0,460000.0
2025-10-11T17:02:45.162926,273.382,0.00,0.00,0.00,0.00,0.00,0.00,0.00,0,,13.0,880.0,460000.0
2025-10-11T17:02:46.135869,274.355,0.00,0.00,0.00,0.00,0.00,0.00,0.00,0,,13.0,990.0,460000.0
2025-10-11T17:02:46.137733,274.356,0.00,0.00,0.00,0.00,0.00,0.00,0.00,0,,13.0,990.0,460000.0
2025-10-11T17:02:46.139478,274.358,0.00,0.00,0.00,0.00,0.00,0.00,0.00,0,,13.0,990.0,517500.0
2025-10-11T17:02:46.142019,274.361,0.00,0.00,0.00,0.00,0.00,0.00,0.00,0,,13.0,990.0,517500.0
2025-10-11T17:02:47.006911,275.226,0.00,0.00,0.00,0.00,0.00,0.00,0.00,0,,12.0,990.0,517500.0
2025-10-11T17:02:47.008806,275.228,0.00,0.00,0.00,0.00,0.00,0.00,0.00,0,,12.0,990.0,517500.0
2025-10-11T17:02:47.010697,275.229,0.00,0.00,0.00,0.00,0.00,0.00,0.00,0,,12.0,880.0,517500.0
2025-10-11T17:02:47.013113,275.232,0.00,0.00,0.00,0.00,0.00,0.00,0.00,0,,12.0,880.0,517500.0
2025-10-11T17:02:47.014860,275.234,0.00,0.00,0.00,0.00,0.00,0.00,0.00,0,,12.0,880.0,460000.0
2025-10-11T17:02:47.016721,275.235,0.00,0.00,0.00,0.00,0.00,0.00,0.00,0,,12.0,880.0,460000.0
2025-10-11T17:02:47.893464,276.112,0.00,0.00,0.00,0.00,0.00,0.00,0.00,0,,10.0,880.0,460000.0
2025-10-11T17:02:47.895578,276.114,0.00,0.00,0.00,0.00,0.00,0.00,0.00,0,,10.0,880.0,460000.0
2025-10-11T17:02:47.897106,276.116,0.00,0.00,0.00,0.00,0.00,0.00,0.00,0,,10.0,770.0,460000.0
2025-10-11T17:02:47.900598,276.119,0.00,0.00,0.00,0.00,0.00,0.00,0.00,0,,10.0,770.0,460000.0
2025-10-11T17:02:47.902463,276.121,0.00,0.00,0.00,0.00,0.00,0.00,0.00,0,,10.0,770.0,402500.0
2025-10-11T17:02:47.904322,276.123,0.00,0.00,0.00,0.00,0.00,0.00,0.00,0,,10.0,770.0,402500.0
2025-10-11T17:02:49.687740,277.906,0.00,0.00,0.00,0.00,0.00,0.00,0.00,0,,9.0,770.0,402500.0
2025-10-11T17:02:49.689625,277.908,0.00,0.00,0.00,0.00,0.00,0.00,0.00,0,,9.0,770.0,402500.0
2025-10-11T17:02:49.691669,277.910,0.00,0.00,0.00,0.00,0.00,0.00,0.00,0,,9.0,660.0,402500.0
2025-10-11T17:02:49.694201,277.913,0.00,0.00,0.00,0.00,0.00,0.00,0.00,0,,9.0,660.0,402500.0
2025-10-11T17:02:49.695743,277.914,0.00,0.00,0.00,0.00,0.00,0.00,0.00,0,,9.0,660.0,345000.0
2025-10-11T17:02:49.697673,277.916,0.00,0.00,0.00,0.00,0.00,0.00,0.00,0,,9.0,660.0,345000.0
2025-10-11T17:02:50.561062,278.780,0.00,0.00,0.00,0.00,0.00,0.00,0.00,0,,8.0,660.0,345000.0
2025-10-11T17:02:50.562567,278.781,0.00,0.00,0.00,0.00,0.00,0.00,0.00,0,,8.0,660.0,345000.0
2025-10-11T17:02:50.564475,278.783,0.00,0.00,0.00,0.00,0.00,0.00,0.00,0,,8.0,550.0,345000.0
2025-10-11T17:02:50.566354,278.785,0.00,0.00,0.00,0.00,0.00,0.00,0.00,0,,8.0,550.0,345000.0
2025-10-11T17:02:50.568442,278.787,0.00,0.00,0.00,0.00,0.00,0.00,0.00,0,,8.0,550.0,287500.0
2025-10-11T17:02:50.570162,278.789,0.00,0.00,0.00,0.00,0.00,0.00,0.00,0,,8.0,550.0,287500.0
2025-10-11T17:02:52.325249,280.544,0.00,0.00,0.00,0.00,0.00,0.00,0.00,0,,6.0,550.0,287500.0
2025-10-11T17:02:52.326947,280.546,0.00,0.00,0.00,0.00,0.00,0.00,0.00,0,,6.0,550.0,287500.0
2025-10-11T17:02:52.328583,280.547,0.00,0.00,0.00,0.00,0.00,0.00,0.00,0,,6.0,440.0,287500.0
2025-10-11T17:02:52.330439,280.549,0.00,0.00,0.00,0.00,0.00,0.00,0.00,0,,6.0,440.0,287500.0
2025-10-11T17:02:52.332648,280.551,0.00,0.00,0.00,0.00,0.00,0.00,0.00,0,,6.0,440.0,230000.0
2025-10-11T17:02:52.334618,280.553,0.00,0.00,0.00,0.00,0.00,0.00,0.00,0,,6.0,440.0,230000.0
2025-10-11T17:02:53.329294,281.548,0.00,0.00,0.00,0.00,0.00,0.00,0.00,0,,5.0,440.0,230000.0
2025-10-11T17:02:53.331348,281.550,0.00,0.00,0.00,0.00,0.00,0.00,0.00,0,,5.0,440.0,230000.0
2025-10-11T17:02:53.333136,281.552,0.00,0.00,0.00,0.00,0.00,0.00,0.00,0,,5.0,330.0,230000.0
2025-10-11T17:02:53.334968,281.554,0.00,0.00,0.00,0.00,0.00,0.00,0.00,0,,5.0,330.0,230000.0
2025-10-11T17:02:53.337252,281.556,0.00,0.00,0.00,0.00,0.00,0.00,0.00,0,,5.0,330.0,172500.0
2025-10-11T17:02:53.338726,281.557,0.00,0.00,0.00,0.00,0.00,0.00,0.00,0,,5.0,330.0,172500.0
2025-10-11T17:02:54.196489,282.415,0.00,0.00,0.00,0.00,0.00,0.00,0.00,0,,3.0,330.0,172500.0
2025-10-11T17:02:54.198634,282.417,0.00,0.00,0.00,0.00,0.00,0.00,0.00,0,,3.0,330.0,172500.0
2025-10-11T17:02:54.200639,282.419,0.00,0.00,0.00,0.00,0.00,0.00,0.00,0,,3.0,220.0,172500.0
2025-10-11T17:02:54.203307,282.422,0.00,0.00,0.00,0.00,0.00,0.00,0.00,0,,3.0,220.0,172500.0
2025-10-11T17:02:54.205278,282.424,0.00,0.00,0.00,0.00,0.00,0.00,0.00,0,,3.0,220.0,115000.0
2025-10-11T17:02:54.208196,282.427,0.00,0.00,0.00,0.00,0.00,0.00,0.00,0,,3.0,220.0,115000.0
2025-10-11T17:02:55.954547,284.173,0.00,0.00,0.00,0.00,0.00,0.00,0.00,0,,2.0,220.0,115000.0
2025-10-11T17:02:55.956823,284.176,0.00,0.00,0.00,0.00,0.00,0.00,0.00,0,,2.0,220.0,115000.0
2025-10-11T17:02:55.959169,284.178,0.00,0.00,0.00,0.00,0.00,0.00,0.00,0,,2.0,110.0,115000.0
2025-10-11T17:02:55.961747,284.180,0.00,0.00,0.00,0.00,0.00,0.00,0.00,0,,2.0,110.0,115000.0
2025-10-11T17:02:55.963999,284.183,0.00,0.00,0.00,0.00,0.00,0.00,0.00,0,,2.0,110.0,57500.0
2025-10-11T17:02:55.966365,284.185,0.00,0.00,0.00,0.00,0.00,0.00,0.00,0,,2.0,110.0,57500.0
2025-10-11T17:02:56.930067,285.149,0.00,0.00,0.00,0.00,0.00,0.00,0.00,0,,3.0,110.0,57500.0
2025-10-11T17:02:56.932106,285.151,0.00,0.00,0.00,0.00,0.00,0.00,0.00,0,,3.0,110.0,57500.0
2025-10-11T17:02:56.934161,285.153,0.00,0.00,0.00,0.00,0.00,0.00,0.00,0,,3.0,220.0,57500.0
2025-10-11T17:02:56.936249,285.155,0.00,0.00,0.00,0.00,0.00,0.00,0.00,0,,3.0,220.0,57500.0
2025-10-11T17:02:56.937956,285.157,0.00,0.00,0.00,0.00,0.00,0.00,0.00,0,,3.0,220.0,115000.0
2025-10-11T17:02:56.939726,285.158,0.00,0.00,0.00,0.00,0.00,0.00,0.00,0,,3.0,220.0,115000.0
2025-10-11T17:02:57.812891,286.032,0.00,0.00,0.00,0.00,0.00,0.00,0.00,0,,5.0,220.0,115000.0
2025-10-11T17:02:57.815006,286.034,0.00,0.00,0.00,0.00,0.00,0.00,0.00,0,,5.0,220.0,115000.0
2025-10-11T17:02:57.817342,286.036,0.00,0.00,0.00,0.00,0.00,0.00,0.00,0,,5.0,330.0,115000.0
2025-10-11T17:02:57.819051,286.038,0.00,0.00,0.00,0.00,0.00,0.00,0.00,0,,5.0,330.0,115000.0
2025-10-11T17:02:58.693231,286.912,0.00,0.00,0.00,0.00,0.00,0.00,0.00,0,,5.0,330.0,172500.0
2025-10-11T17:02:58.695402,286.914,0.00,0.00,0.00,0.00,0.00,0.00,0.00,0,,5.0,330.0,172500.0
2025-10-11T17:02:59.675662,287.894,0.00,0.00,0.00,0.00,0.00,0.00,0.00,0,,6.0,330.0,172500.0
2025-10-11T17:02:59.677619,287.896,0.00,0.00,0.00,0.00,0.00,0.00,0.00,0,,6.0,330.0,172500.0
2025-10-11T17:02:59.679585,287.898,0.00,0.00,0.00,0.00,0.00,0.00,0.00,0,,6.0,440.0,172500.0
2025-10-11T17:02:59.681875,287.901,0.00,0.00,0.00,0.00,0.00,0.00,0.00,0,,6.0,440.0,172500.0
2025-10-11T17:02:59.683839,287.903,0.00,0.00,0.00,0.00,0.00,0.00,0.00,0,,6.0,440.0,230000.0
2025-10-11T17:02:59.685935,287.905,0.00,0.00,0.00,0.00,0.00,0.00,0.00,0,,6.0,440.0,230000.0
2025-10-11T17:03:00.660182,288.879,0.00,0.00,0.00,0.00,0.00,0.00,0.00,0,,8.0,440.0,230000.0
2025-10-11T17:03:00.662795,288.882,0.00,0.00,0.00,0.00,0.00,0.00,0.00,0,,8.0,440.0,230000.0
2025-10-11T17:03:00.664627,288.883,0.00,0.00,0.00,0.00,0.00,0.00,0.00,0,,8.0,550.0,230000.0
2025-10-11T17:03:00.667490,288.886,0.00,0.00,0.00,0.00,0.00,0.00,0.00,0,,8.0,550.0,230000.0
2025-10-11T17:03:00.669443,288.888,0.00,0.00,0.00,0.00,0.00,0.00,0.00,0,,8.0,550.0,287500.0
2025-10-11T17:03:00.671959,288.891,0.00,0.00,0.00,0.00,0.00,0.00,0.00,0,,8.0,550.0,287500.0
2025-10-11T17:03:01.643125,289.862,0.00,0.00,0.00,0.00,0.00,0.00,0.00,0,,9.0,550.0,287500.0
2025-10-11T17:03:01.645108,289.864,0.00,0.00,0.00,0.00,0.00,0.00,0.00,0,,9.0,550.0,287500.0
2025-10-11T17:03:01.647378,289.866,0.00,0.00,0.00,0.00,0.00,0.00,0.00,0,,9.0,660.0,287500.0
2025-10-11T17:03:01.650040,289.869,0.00,0.00,0.00,0.00,0.00,0.00,0.00,0,,9.0,660.0,287500.0
2025-10-11T17:03:01.652081,289.871,0.00,0.00,0.00,0.00,0.00,0.00,0.00,0,,9.0,660.0,345000.0
2025-10-11T17:03:01.654137,289.873,0.00,0.00,0.00,0.00,0.00,0.00,0.00,0,,9.0,660.0,345000.0
2025-10-11T17:03:03.414759,291.634,0.00,0.00,0.00,0.00,0.00,0.00,0.00,0,,10.0,660.0,345000.0
2025-10-11T17:03:03.419103,291.638,0.00,0.00,0.00,0.00,0.00,0.00,0.00,0,,10.0,660.0,345000.0
2025-10-11T17:03:03.421963,291.641,0.00,0.00,0.00,0.00,0.00,0.00,0.00,0,,10.0,770.0,345000.0
2025-10-11T17:03:03.425375,291.644,0.00,0.00,0.00,0.00,0.00,0.00,0.00,0,,10.0,770.0,345000.0
2025-10-11T17:03:03.427618,291.646,0.00,0.00,0.00,0.00,0.00,0.00,0.00,0,,10.0,770.0,402500.0
2025-10-11T17:03:03.432231,291.651,0.00,0.00,0.00,0.00,0.00,0.00,0.00,0,,10.0,770.0,402500.0
2025-10-11T17:03:04.397781,292.617,0.00,0.00,0.00,0.00,0.00,0.00,0.00,0,,12.0,770.0,402500.0
2025-10-11T17:03:04.399329,292.618,0.00,0.00,0.00,0.00,0.00,0.00,0.00,0,,12.0,770.0,402500.0
2025-10-11T17:03:04.401414,292.620,0.00,0.00,0.00,0.00,0.00,0.00,0.00,0,,12.0,880.0,402500.0
2025-10-11T17:03:04.404070,292.623,0.00,0.00,0.00,0.00,0.00,0.00,0.00,0,,12.0,880.0,402500.0
2025-10-11T17:03:04.405992,292.625,0.00,0.00,0.00,0.00,0.00,0.00,0.00,0,,12.0,880.0,460000.0
2025-10-11T17:03:04.408617,292.627,0.00,0.00,0.00,0.00,0.00,0.00,0.00,0,,12.0,880.0,460000.0
2025-10-11T17:03:05.396738,293.615,0.00,0.00,0.00,0.00,0.00,0.00,0.00,0,,13.0,880.0,460000.0
2025-10-11T17:03:05.398727,293.617,0.00,0.00,0.00,0.00,0.00,0.00,0.00,0,,13.0,880.0,460000.0
2025-10-11T17:03:05.400686,293.619,0.00,0.00,0.00,0.00,0.00,0.00,0.00,0,,13.0,990.0,460000.0
2025-10-11T17:03:05.403030,293.622,0.00,0.00,0.00,0.00,0.00,0.00,0.00,0,,13.0,990.0,460000.0
2025-10-11T17:03:06.262358,294.481,0.00,0.00,0.00,0.00,0.00,0.00,0.00,0,,13.0,990.0,517500.0
2025-10-11T17:03:06.264293,294.483,0.00,0.00,0.00,0.00,0.00,0.00,0.00,0,,13.0,990.0,517500.0
2025-10-11T17:03:07.246225,295.465,0.00,0.00,0.00,0.00,0.00,0.00,0.00,0,,12.0,990.0,517500.0
2025-10-11T17:03:07.247741,295.466,0.00,0.00,0.00,0.00,0.00,0.00,0.00,0,,12.0,990.0,517500.0
2025-10-11T17:03:07.249486,295.468,0.00,0.00,0.00,0.00,0.00,0.00,0.00,0,,12.0,880.0,517500.0
2025-10-11T17:03:07.251211,295.470,0.00,0.00,0.00,0.00,0.00,0.00,0.00,0,,12.0,880.0,517500.0
2025-10-11T17:03:07.253577,295.472,0.00,0.00,0.00,0.00,0.00,0.00,0.00,0,,12.0,880.0,460000.0
2025-10-11T17:03:07.255560,295.474,0.00,0.00,0.00,0.00,0.00,0.00,0.00,0,,12.0,880.0,460000.0
2025-10-11T17:03:08.231405,296.450,0.00,0.00,0.00,0.00,0.00,0.00,0.00,0,,10.0,880.0,460000.0
2025-10-11T17:03:08.233816,296.453,0.00,0.00,0.00,0.00,0.00,0.00,0.00,0,,10.0,880.0,460000.0
2025-10-11T17:03:08.235807,296.455,0.00,0.00,0.00,0.00,0.00,0.00,0.00,0,,10.0,770.0,460000.0
2025-10-11T17:03:08.239755,296.459,0.00,0.00,0.00,0.00,0.00,0.00,0.00,0,,10.0,770.0,460000.0
2025-10-11T17:03:08.242730,296.461,0.00,0.00,0.00,0.00,0.00,0.00,0.00,0,,10.0,770.0,402500.0
2025-10-11T17:03:08.245778,296.465,0.00,0.00,0.00,0.00,0.00,0.00,0.00,0,,10.0,770.0,402500.0
2025-10-11T17:03:09.213521,297.432,0.00,0.00,0.00,0.00,0.00,0.00,0.00,0,,9.0,770.0,402500.0
2025-10-11T17:03:09.215500,297.434,0.00,0.00,0.00,0.00,0.00,0.00,0.00,0,,9.0,770.0,402500.0
2025-10-11T17:03:10.195391,298.414,0.00,0.00,0.00,0.00,0.00,0.00,0.00,0,,9.0,660.0,402500.0
2025-10-11T17:03:10.197262,298.416,0.00,0.00,0.00,0.00,0.00,0.00,0.00,0,,9.0,660.0,402500.0
2025-10-11T17:03:10.198829,298.418,0.00,0.00,0.00,0.00,0.00,0.00,0.00,0,,9.0,660.0,345000.0
2025-10-11T17:03:10.200515,298.419,0.00,0.00,0.00,0.00,0.00,0.00,0.00,0,,9.0,660.0,345000.0
2025-10-11T17:03:11.178982,299.398,0.00,0.00,0.00,0.00,0.00,0.00,0.00,0,,8.0,660.0,345000.0
2025-10-11T17:03:11.181157,299.400,0.00,0.00,0.00,0.00,0.00,0.00,0.00,0,,8.0,660.0,345000.0
2025-10-11T17:03:11.183518,299.402,0.00,0.00,0.00,0.00,0.00,0.00,0.00,0,,8.0,550.0,345000.0
2025-10-11T17:03:11.186104,299.405,0.00,0.00,0.00,0.00,0.00,0.00,0.00,0,,8.0,550.0,345000.0
2025-10-11T17:03:11.187827,299.407,0.00,0.00,0.00,0.00,0.00,0.00,0.00,0,,8.0,550.0,287500.0
2025-10-11T17:03:11.190053,299.409,0.00,0.00,0.00,0.00,0.00,0.00,0.00,0,,8.0,550.0,287500.0
2025-10-11T17:03:12.180008,300.399,0.00,0.00,0.00,0.00,0.00,0.00,0.00,0,,6.0,550.0,287500.0
2025-10-11T17:03:12.181885,300.401,0.00,0.00,0.00,0.00,0.00,0.00,0.00,0,,6.0,550.0,287500.0
2025-10-11T17:03:12.183751,300.402,0.00,0.00,0.00,0.00,0.00,0.00,0.00,0,,6.0,440.0,287500.0
2025-10-11T17:03:12.186134,300.405,0.00,0.00,0.00,0.00,0.00,0.00,0.00,0,,6.0,440.0,287500.0
2025-10-11T17:03:12.188033,300.407,0.00,0.00,0.00,0.00,0.00,0.00,0.00,0,,6.0,440.0,230000.0
2025-10-11T17:03:12.189976,300.409,0.00,0.00,0.00,0.00,0.00,0.00,0.00,0,,6.0,440.0,230000.0
2025-10-11T17:03:13.608466,301.827,0.00,0.00,0.00,0.00,0.00,0.00,0.00,0,,5.0,440.0,230000.0
2025-10-11T17:03:13.609923,301.829,0.00,0.00,0.00,0.00,0.00,0.00,0.00,0,,5.0,440.0,230000.0
2025-10-11T17:03:13.611527,301.830,0.00,0.00,0.00,0.00,0.00,0.00,0.00,0,,5.0,330.0,230000.0
2025-10-11T17:03:13.613343,301.832,0.00,0.00,0.00,0.00,0.00,0.00,0.00,0,,5.0,330.0,230000.0
2025-10-11T17:03:13.615213,301.834,0.00,0.00,0.00,0.00,0.00,0.00,0.00,0,,5.0,330.0,172500.0
2025-10-11T17:03:13.616678,301.835,0.00,0.00,0.00,0.00,0.00,0.00,0.00,0,,5.0,330.0,172500.0
2025-10-11T17:03:14.478664,302.697,0.00,0.00,0.00,0.00,0.00,0.00,0.00,0,,3.0,330.0,172500.0
2025-10-11T17:03:14.480331,302.699,0.00,0.00,0.00,0.00,0.00,0.00,0.00,0,,3.0,330.0,172500.0
2025-10-11T17:03:14.481751,302.700,0.00,0.00,0.00,0.00,0.00,0.00,0.00,0,,3.0,220.0,172500.0
2025-10-11T17:03:14.483177,302.702,0.00,0.00,0.00,0.00,0.00,0.00,0.00,0,,3.0,220.0,172500.0
