Timestamp,Elapsed_Time_s,Temp1_C,Temp2_C,Temp3_C,Volt1_V,Volt2_V,Volt3_V,Volt4_V,Set_Rudder_deg,Actual_Rudder_deg,pH,Water_Temp,Salinity
2025-10-11T15:25:02.444989,5.744,0.00,0.00,0.00,0.00,0.00,0.00,0.00,0,,3.0,0,0
2025-10-11T15:25:02.446328,5.745,0.00,0.00,0.00,0.00,0.00,0.00,0.00,0,,3.0,0,0
2025-10-11T15:25:03.102359,6.401,0.00,0.00,0.00,0.00,0.00,0.00,0.00,0,,4.0,0,0
2025-10-11T15:25:03.103647,6.402,0.00,0.00,0.00,0.00,0.00,0.00,0.00,0,,4.0,0,0
2025-10-11T15:25:03.105739,6.404,0.00,0.00,0.00,0.00,0.00,0.00,0.00,0,,5.0,0,0
2025-10-11T15:25:03.107533,6.406,0.00,0.00,0.00,0.00,0.00,0.00,0.00,0,,5.0,0,0
2025-10-11T15:25:03.109729,6.408,0.00,0.00,0.00,0.00,0.00,0.00,0.00,0,,6.0,0,0
2025-10-11T15:25:03.111459,6.410,0.00,0.00,0.00,0.00,0.00,0.00,0.00,0,,6.0,0,0
2025-10-11T15:25:03.114826,6.413,0.00,0.00,0.00,0.00,0.00,0.00,0.00,0,,6.0,0,70.0
2025-10-11T15:25:03.116636,6.415,0.00,0.00,0.00,0.00,0.00,0.00,0.00,0,,6.0,0,70.0
2025-10-11T15:25:03.759154,7.058,0.00,0.00,0.00,0.00,0.00,0.00,0.00,0,,6.0,0,80.0
2025-10-11T15:25:03.761307,7.060,0.00,0.00,0.00,0.00,0.00,0.00,0.00,0,,6.0,0,80.0
2025-10-11T15:25:03.765088,7.064,0.00,0.00,0.00,0.00,0.00,0.00,0.00,0,,6.0,0,90.0
2025-10-11T15:25:03.766688,7.065,0.00,0.00,0.00,0.00,0.00,0.00,0.00,0,,6.0,0,90.0
2025-10-11T15:25:03.768026,7.067,0.00,0.00,0.00,0.00,0.00,0.00,0.00,0,,6.0,0,80.0
2025-10-11T15:25:03.769614,7.068,0.00,0.00,0.00,0.00,0.00,0.00,0.00,0,,6.0,0,80.0
2025-10-11T15:25:03.772167,7.071,0.00,0.00,0.00,0.00,0.00,0.00,0.00,0,,6.0,70.0,80.0
2025-10-11T15:25:03.773674,7.072,0.00,0.00,0.00,0.00,0.00,0.00,0.00,0,,6.0,70.0,80.0
2025-10-11T15:25:04.426289,7.725,0.00,0.00,0.00,0.00,0.00,0.00,0.00,0,,6.0,70.0,80.0
2025-10-11T15:25:04.427729,7.726,0.00,0.00,0.00,0.00,0.00,0.00,0.00,0,,6.0,70.0,80.0
2025-10-11T15:25:04.429307,7.728,0.00,0.00,0.00,0.00,0.00,0.00,0.00,0,,6.0,70.0,50.0
2025-10-11T15:25:04.430622,7.729,0.00,0.00,0.00,0.00,0.00,0.00,0.00,0,,6.0,70.0,50.0
2025-10-11T15:25:04.433009,7.732,0.00,0.00,0.00,0.00,0.00,0.00,0.00,0,,6.0,70.0,40.0
2025-10-11T15:25:04.434420,7.733,0.00,0.00,0.00,0.00,0.00,0.00,0.00,0,,6.0,70.0,40.0
2025-10-11T15:25:04.435922,7.735,0.00,0.00,0.00,0.00,0.00,0.00,0.00,0,,6.0,70.0,30.0
2025-10-11T15:25:04.438745,7.737,0.00,0.00,0.00,0.00,0.00,0.00,0.00,0,,6.0,70.0,30.0
2025-10-11T15:25:05.207468,8.506,0.00,0.00,0.00,0.00,0.00,0.00,0.00,0,,2.0,70.0,30.0
2025-10-11T15:25:05.209122,8.508,0.00,0.00,0.00,0.00,0.00,0.00,0.00,0,,2.0,70.0,30.0
2025-10-11T15:25:05.210731,8.509,0.00,0.00,0.00,0.00,0.00,0.00,0.00,0,,2.0,10.0,30.0
2025-10-11T15:25:05.212307,8.511,0.00,0.00,0.00,0.00,0.00,0.00,0.00,0,,2.0,10.0,30.0
2025-10-11T15:25:05.214147,8.513,0.00,0.00,0.00,0.00,0.00,0.00,0.00,0,,2.0,20.0,30.0
2025-10-11T15:25:05.215534,8.514,0.00,0.00,0.00,0.00,0.00,0.00,0.00,0,,2.0,20.0,30.0
2025-10-11T15:25:05.216887,8.515,0.00,0.00,0.00,0.00,0.00,0.00,0.00,0,,3.0,20.0,30.0
2025-10-11T15:25:05.219508,8.518,0.00,0.00,0.00,0.00,0.00,0.00,0.00,0,,3.0,20.0,30.0
2025-10-11T15:25:06.073914,9.373,0.00,0.00,0.00,0.00,0.00,0.00,0.00,0,,3.0,40.0,30.0
2025-10-11T15:25:06.075481,9.374,0.00,0.00,0.00,0.00,0.00,0.00,0.00,0,,3.0,40.0,30.0
2025-10-11T15:25:06.077004,9.376,0.00,0.00,0.00,0.00,0.00,0.00,0.00,0,,3.0,50.0,30.0
2025-10-11T15:25:06.078481,9.377,0.00,0.00,0.00,0.00,0.00,0.00,0.00,0,,3.0,50.0,30.0
2025-10-11T15:25:06.080410,9.379,0.00,0.00,0.00,0.00,0.00,0.00,0.00,0,,6.0,50.0,30.0
2025-10-11T15:25:06.081794,9.380,0.00,0.00,0.00,0.00,0.00,0.00,0.00,0,,6.0,50.0,30.0
2025-10-11T15:25:06.083510,9.382,0.00,0.00,0.00,0.00,0.00,0.00,0.00,0,,6.0,70.0,30.0
2025-10-11T15:25:06.084918,9.384,0.00,0.00,0.00,0.00,0.00,0.00,0.00,0,,6.0,70.0,30.0
2025-10-11T15:25:06.086602,9.385,0.00,0.00,0.00,0.00,0.00,0.00,0.00,0,,6.0,70.0,80.0
2025-10-11T15:25:06.088157,9.387,0.00,0.00,0.00,0.00,0.00,0.00,0.00,0,,6.0,70.0,80.0
2025-10-11T15:25:06.090530,9.389,0.00,0.00,0.00,0.00,0.00,0.00,0.00,0,,6.0,70.0,90.0
2025-10-11T15:25:06.092015,9.391,0.00,0.00,0.00,0.00,0.00,0.00,0.00,0,,6.0,70.0,90.0
2025-10-11T15:25:06.725950,10.025,0.00,0.00,0.00,0.00,0.00,0.00,0.00,0,,6.0,70.0,80.0
2025-10-11T15:25:06.728120,10.027,0.00,0.00,0.00,0.00,0.00,0.00,0.00,0,,6.0,70.0,80.0
2025-10-11T15:25:06.730371,10.029,0.00,0.00,0.00,0.00,0.00,0.00,0.00,0,,7.0,70.0,80.0
2025-10-11T15:25:06.732544,10.031,0.00,0.00,0.00,0.00,0.00,0.00,0.00,0,,7.0,70.0,80.0
2025-10-11T15:25:06.734229,10.033,0.00,0.00,0.00,0.00,0.00,0.00,0.00,0,,7.0,70.0,60.0
2025-10-11T15:25:06.736053,10.035,0.00,0.00,0.00,0.00,0.00,0.00,0.00,0,,7.0,70.0,60.0
2025-10-11T15:25:06.737743,10.036,0.00,0.00,0.00,0.00,0.00,0.00,0.00,0,,5.0,70.0,60.0
2025-10-11T15:25:06.739550,10.038,0.00,0.00,0.00,0.00,0.00,0.00,0.00,0,,5.0,70.0,60.0
2025-10-11T15:25:07.277157,10.576,0.00,0.00,0.00,0.00,0.00,0.00,0.00,0,,5.0,70.0,40.0
2025-10-11T15:25:07.278883,10.577,0.00,0.00,0.00,0.00,0.00,0.00,0.00,0,,5.0,70.0,40.0
2025-10-11T15:25:07.280506,10.579,0.00,0.00,0.00,0.00,0.00,0.00,0.00,0,,5.0,70.0,30.0
2025-10-11T15:25:07.282206,10.581,0.00,0.00,0.00,0.00,0.00,0.00,0.00,0,,5.0,70.0,30.0
2025-10-11T15:25:07.283958,10.583,0.00,0.00,0.00,0.00,0.00,0.00,0.00,0,,5.0,70.0,20.0
2025-10-11T15:25:07.285386,10.584,0.00,0.00,0.00,0.00,0.00,0.00,0.00,0,,5.0,70.0,20.0
2025-10-11T15:25:07.940717,11.239,0.00,0.00,0.00,0.00,0.00,0.00,0.00,0,,1.0,70.0,20.0
2025-10-11T15:25:07.943169,11.242,0.00,0.00,0.00,0.00,0.00,0.00,0.00,0,,1.0,70.0,20.0
2025-10-11T15:25:07.945332,11.244,0.00,0.00,0.00,0.00,0.00,0.00,0.00,0,,2.0,70.0,20.0
2025-10-11T15:25:07.947890,11.246,0.00,0.00,0.00,0.00,0.00,0.00,0.00,0,,2.0,70.0,20.0
2025-10-11T15:25:07.949752,11.248,0.00,0.00,0.00,0.00,0.00,0.00,0.00,0,,2.0,70.0,30.0
2025-10-11T15:25:07.952471,11.251,0.00,0.00,0.00,0.00,0.00,0.00,0.00,0,,2.0,70.0,30.0
2025-10-11T15:25:08.592465,11.891,0.00,0.00,0.00,0.00,0.00,0.00,0.00,0,,2.0,40.0,30.0
2025-10-11T15:25:08.594163,11.893,0.00,0.00,0.00,0.00,0.00,0.00,0.00,0,,2.0,40.0,30.0
2025-10-11T15:25:08.595811,11.894,0.00,0.00,0.00,0.00,0.00,0.00,0.00,0,,2.0,50.0,30.0
2025-10-11T15:25:08.597338,11.896,0.00,0.00,0.00,0.00,0.00,0.00,0.00,0,,2.0,50.0,30.0
2025-10-11T15:25:08.599167,11.898,0.00,0.00,0.00,0.00,0.00,0.00,0.00,0,,2.0,50.0,60.0
2025-10-11T15:25:08.600848,11.899,0.00,0.00,0.00,0.00,0.00,0.00,0.00,0,,2.0,50.0,60.0
2025-10-11T15:25:09.147248,12.446,0.00,0.00,0.00,0.00,0.00,0.00,0.00,0,,2.0,50.0,70.0
2025-10-11T15:25:09.150025,12.449,0.00,0.00,0.00,0.00,0.00,0.00,0.00,0,,2.0,50.0,70.0
2025-10-11T15:25:09.151758,12.450,0.00,0.00,0.00,0.00,0.00,0.00,0.00,0,,2.0,50.0,80.0
2025-10-11T15:25:09.154385,12.453,0.00,0.00,0.00,0.00,0.00,0.00,0.00,0,,2.0,50.0,80.0
2025-10-11T15:25:09.156956,12.456,0.00,0.00,0.00,0.00,0.00,0.00,0.00,0,,2.0,90.0,80.0
2025-10-11T15:25:09.160030,12.459,0.00,0.00,0.00,0.00,0.00,0.00,0.00,0,,2.0,90.0,80.0
2025-10-11T15:25:09.161751,12.460,0.00,0.00,0.00,0.00,0.00,0.00,0.00,0,,2.0,90.0,80.0
2025-10-11T15:25:09.163620,12.462,0.00,0.00,0.00,0.00,0.00,0.00,0.00,0,,2.0,90.0,80.0
2025-10-11T15:25:09.806731,13.105,0.00,0.00,0.00,0.00,0.00,0.00,0.00,0,,7.0,90.0,80.0
2025-10-11T15:25:09.808578,13.107,0.00,0.00,0.00,0.00,0.00,0.00,0.00,0,,7.0,90.0,80.0
2025-10-11T15:25:09.810630,13.109,0.00,0.00,0.00,0.00,0.00,0.00,0.00,0,,6.0,90.0,80.0
2025-10-11T15:25:09.813045,13.112,0.00,0.00,0.00,0.00,0.00,0.00,0.00,0,,6.0,90.0,80.0
2025-10-11T15:25:09.814608,13.113,0.00,0.00,0.00,0.00,0.00,0.00,0.00,0,,5.0,90.0,80.0
2025-10-11T15:25:09.816059,13.115,0.00,0.00,0.00,0.00,0.00,0.00,0.00,0,,5.0,90.0,80.0
2025-10-11T15:25:10.458915,13.758,0.00,0.00,0.00,0.00,0.00,0.00,0.00,0,,4.0,90.0,80.0
2025-10-11T15:25:10.460619,13.759,0.00,0.00,0.00,0.00,0.00,0.00,0.00,0,,4.0,90.0,80.0
2025-10-11T15:25:10.461992,13.761,0.00,0.00,0.00,0.00,0.00,0.00,0.00,0,,4.0,30.0,80.0
2025-10-11T15:25:10.463569,13.762,0.00,0.00,0.00,0.00,0.00,0.00,0.00,0,,4.0,30.0,80.0
2025-10-11T15:25:10.465468,13.764,0.00,0.00,0.00,0.00,0.00,0.00,0.00,0,,2.0,30.0,80.0
2025-10-11T15:25:10.467379,13.766,0.00,0.00,0.00,0.00,0.00,0.00,0.00,0,,2.0,30.0,80.0
2025-10-11T15:25:10.470266,13.769,0.00,0.00,0.00,0.00,0.00,0.00,0.00,0,,2.0,30.0,10.0
2025-10-11T15:25:10.472214,13.771,0.00,0.00,0.00,0.00,0.00,0.00,0.00,0,,2.0,30.0,10.0
2025-10-11T15:25:10.474343,13.773,0.00,0.00,0.00,0.00,0.00,0.00,0.00,0,,2.0,30.0,20.0
2025-10-11T15:25:10.475983,13.775,0.00,0.00,0.00,0.00,0.00,0.00,0.00,0,,2.0,30.0,20.0
2025-10-11T15:25:11.124769,14.423,0.00,0.00,0.00,0.00,0.00,0.00,0.00,0,,2.0,30.0,30.0
2025-10-11T15:25:11.126588,14.425,0.00,0.00,0.00,0.00,0.00,0.00,0.00,0,,2.0,30.0,30.0
2025-10-11T15:25:11.128454,14.427,0.00,0.00,0.00,0.00,0.00,0.00,0.00,0,,2.0,30.0,40.0
2025-10-11T15:25:11.131183,14.430,0.00,0.00,0.00,0.00,0.00,0.00,0.00,0,,2.0,30.0,40.0
2025-10-11T15:25:11.133002,14.432,0.00,0.00,0.00,0.00,0.00,0.00,0.00,0,,2.0,30.0,50.0
2025-10-11T15:25:11.134970,14.434,0.00,0.00,0.00,0.00,0.00,0.00,0.00,0,,2.0,30.0,50.0
2025-10-11T15:25:11.774081,15.073,0.00,0.00,0.00,0.00,0.00,0.00,0.00,0,,2.0,60.0,50.0
2025-10-11T15:25:11.776191,15.075,0.00,0.00,0.00,0.00,0.00,0.00,0.00,0,,2.0,60.0,50.0
2025-10-11T15:25:11.778401,15.077,0.00,0.00,0.00,0.00,0.00,0.00,0.00,0,,7.0,60.0,50.0
2025-10-11T15:25:11.780696,15.079,0.00,0.00,0.00,0.00,0.00,0.00,0.00,0,,7.0,60.0,50.0
2025-10-11T15:25:11.783006,15.082,0.00,0.00,0.00,0.00,0.00,0.00,0.00,0,,7.0,80.0,50.0
2025-10-11T15:25:11.785692,15.084,0.00,0.00,0.00,0.00,0.00,0.00,0.00,0,,7.0,80.0,50.0
2025-10-11T15:25:11.787851,15.086,0.00,0.00,0.00,0.00,0.00,0.00,0.00,0,,7.0,90.0,50.0
2025-10-11T15:25:11.790658,15.089,0.00,0.00,0.00,0.00,0.00,0.00,0.00,0,,7.0,90.0,50.0
2025-10-11T15:25:12.542736,15.841,0.00,0.00,0.00,0.00,0.00,0.00,0.00,0,,8.0,90.0,50.0
2025-10-11T15:25:12.544438,15.843,0.00,0.00,0.00,0.00,0.00,0.00,0.00,0,,8.0,90.0,50.0
2025-10-11T15:25:12.546287,15.845,0.00,0.00,0.00,0.00,0.00,0.00,0.00,0,,7.0,90.0,50.0
2025-10-11T15:25:12.548954,15.848,0.00,0.00,0.00,0.00,0.00,0.00,0.00,0,,7.0,90.0,50.0
2025-10-11T15:25:12.550573,15.849,0.00,0.00,0.00,0.00,0.00,0.00,0.00,0,,7.0,60.0,50.0
2025-10-11T15:25:12.552384,15.851,0.00,0.00,0.00,0.00,0.00,0.00,0.00,0,,7.0,60.0,50.0
2025-10-11T15:25:13.210020,16.509,0.00,0.00,0.00,0.00,0.00,0.00,0.00,0,,7.0,60.0,50.0
2025-10-11T15:25:13.211454,16.510,0.00,0.00,0.00,0.00,0.00,0.00,0.00,0,,7.0,60.0,50.0
2025-10-11T15:25:13.213099,16.512,0.00,0.00,0.00,0.00,0.00,0.00,0.00,0,,7.0,60.0,40.0
2025-10-11T15:25:13.215961,16.515,0.00,0.00,0.00,0.00,0.00,0.00,0.00,0,,7.0,60.0,40.0
2025-10-11T15:25:13.217431,16.516,0.00,0.00,0.00,0.00,0.00,0.00,0.00,0,,3.0,60.0,40.0
2025-10-11T15:25:13.219110,16.518,0.00,0.00,0.00,0.00,0.00,0.00,0.00,0,,3.0,60.0,40.0
2025-10-11T15:25:13.220711,16.519,0.00,0.00,0.00,0.00,0.00,0.00,0.00,0,,3.0,60.0,20.0
2025-10-11T15:25:13.223272,16.522,0.00,0.00,0.00,0.00,0.00,0.00,0.00,0,,3.0,60.0,20.0
2025-10-11T15:25:13.857188,17.156,0.00,0.00,0.00,0.00,0.00,0.00,0.00,0,,3.0,60.0,10.0
2025-10-11T15:25:13.858840,17.157,0.00,0.00,0.00,0.00,0.00,0.00,0.00,0,,3.0,60.0,10.0
2025-10-11T15:25:13.860320,17.159,0.00,0.00,0.00,0.00,0.00,0.00,0.00,0,,3.0,20.0,10.0
2025-10-11T15:25:13.861811,17.160,0.00,0.00,0.00,0.00,0.00,0.00,0.00,0,,3.0,20.0,10.0
2025-10-11T15:25:13.864244,17.163,0.00,0.00,0.00,0.00,0.00,0.00,0.00,0,,3.0,30.0,10.0
2025-10-11T15:25:13.866160,17.165,0.00,0.00,0.00,0.00,0.00,0.00,0.00,0,,3.0,30.0,10.0
2025-10-11T15:25:14.509568,17.808,0.00,0.00,0.00,0.00,0.00,0.00,0.00,0,,3.0,40.0,10.0
2025-10-11T15:25:14.511355,17.810,0.00,0.00,0.00,0.00,0.00,0.00,0.00,0,,3.0,40.0,10.0
2025-10-11T15:25:14.513242,17.812,0.00,0.00,0.00,0.00,0.00,0.00,0.00,0,,5.0,40.0,10.0
2025-10-11T15:25:14.516048,17.815,0.00,0.00,0.00,0.00,0.00,0.00,0.00,0,,5.0,40.0,10.0
2025-10-11T15:25:14.517657,17.816,0.00,0.00,0.00,0.00,0.00,0.00,0.00,0,,5.0,40.0,60.0
2025-10-11T15:25:14.519152,17.818,0.00,0.00,0.00,0.00,0.00,0.00,0.00,0,,5.0,40.0,60.0
2025-10-11T15:25:14.520568,17.819,0.00,0.00,0.00,0.00,0.00,0.00,0.00,0,,5.0,70.0,60.0
2025-10-11T15:25:14.522937,17.822,0.00,0.00,0.00,0.00,0.00,0.00,0.00,0,,5.0,70.0,60.0
2025-10-11T15:25:14.524619,17.823,0.00,0.00,0.00,0.00,0.00,0.00,0.00,0,,8.0,70.0,60.0
2025-10-11T15:25:14.527576,17.826,0.00,0.00,0.00,0.00,0.00,0.00,0.00,0,,8.0,70.0,60.0
2025-10-11T15:25:15.175943,18.475,0.00,0.00,0.00,0.00,0.00,0.00,0.00,0,,8.0,70.0,90.0
2025-10-11T15:25:15.178199,18.477,0.00,0.00,0.00,0.00,0.00,0.00,0.00,0,,8.0,70.0,90.0
2025-10-11T15:25:15.179949,18.479,0.00,0.00,0.00,0.00,0.00,0.00,0.00,0,,8.0,70.0,80.0
2025-10-11T15:25:15.182069,18.481,0.00,0.00,0.00,0.00,0.00,0.00,0.00,0,,8.0,70.0,80.0
2025-10-11T15:25:15.184115,18.483,0.00,0.00,0.00,0.00,0.00,0.00,0.00,0,,7.0,70.0,80.0
2025-10-11T15:25:15.186122,18.485,0.00,0.00,0.00,0.00,0.00,0.00,0.00,0,,7.0,70.0,80.0
2025-10-11T15:25:15.824165,19.123,0.00,0.00,0.00,0.00,0.00,0.00,0.00,0,,7.0,70.0,60.0
2025-10-11T15:25:15.826415,19.125,0.00,0.00,0.00,0.00,0.00,0.00,0.00,0,,7.0,70.0,60.0
2025-10-11T15:25:15.829456,19.128,0.00,0.00,0.00,0.00,0.00,0.00,0.00,0,,7.0,70.0,50.0
2025-10-11T15:25:15.831525,19.130,0.00,0.00,0.00,0.00,0.00,0.00,0.00,0,,7.0,70.0,50.0
2025-10-11T15:25:15.833792,19.132,0.00,0.00,0.00,0.00,0.00,0.00,0.00,0,,7.0,70.0,40.0
2025-10-11T15:25:15.836208,19.135,0.00,0.00,0.00,0.00,0.00,0.00,0.00,0,,7.0,70.0,40.0
2025-10-11T15:25:15.838703,19.137,0.00,0.00,0.00,0.00,0.00,0.00,0.00,0,,7.0,30.0,40.0
2025-10-11T15:25:15.841325,19.140,0.00,0.00,0.00,0.00,0.00,0.00,0.00,0,,7.0,30.0,40.0
2025-10-11T15:25:16.589272,19.888,0.00,0.00,0.00,0.00,0.00,0.00,0.00,0,,7.0,30.0,20.0
2025-10-11T15:25:16.590971,19.890,0.00,0.00,0.00,0.00,0.00,0.00,0.00,0,,7.0,30.0,20.0
2025-10-11T15:25:16.592756,19.891,0.00,0.00,0.00,0.00,0.00,0.00,0.00,0,,7.0,30.0,10.0
2025-10-11T15:25:16.594640,19.893,0.00,0.00,0.00,0.00,0.00,0.00,0.00,0,,7.0,30.0,10.0
2025-10-11T15:25:16.596652,19.895,0.00,0.00,0.00,0.00,0.00,0.00,0.00,0,,7.0,20.0,10.0
2025-10-11T15:25:16.598306,19.897,0.00,0.00,0.00,0.00,0.00,0.00,0.00,0,,7.0,20.0,10.0
2025-10-11T15:25:16.599870,19.898,0.00,0.00,0.00,0.00,0.00,0.00,0.00,0,,3.0,20.0,10.0
2025-10-11T15:25:16.602086,19.901,0.00,0.00,0.00,0.00,0.00,0.00,0.00,0,,3.0,20.0,10.0
2025-10-11T15:25:17.243529,20.542,0.00,0.00,0.00,0.00,0.00,0.00,0.00,0,,3.0,20.0,40.0
2025-10-11T15:25:17.245003,20.544,0.00,0.00,0.00,0.00,0.00,0.00,0.00,0,,3.0,20.0,40.0
2025-10-11T15:25:17.246517,20.545,0.00,0.00,0.00,0.00,0.00,0.00,0.00,0,,3.0,20.0,50.0
2025-10-11T15:25:17.248227,20.547,0.00,0.00,0.00,0.00,0.00,0.00,0.00,0,,3.0,20.0,50.0
2025-10-11T15:25:17.250450,20.549,0.00,0.00,0.00,0.00,0.00,0.00,0.00,0,,6.0,20.0,50.0
2025-10-11T15:25:17.252136,20.551,0.00,0.00,0.00,0.00,0.00,0.00,0.00,0,,6.0,20.0,50.0
2025-10-11T15:25:17.253841,20.552,0.00,0.00,0.00,0.00,0.00,0.00,0.00,0,,7.0,20.0,50.0
2025-10-11T15:25:17.256499,20.555,0.00,0.00,0.00,0.00,0.00,0.00,0.00,0,,7.0,20.0,50.0
2025-10-11T15:25:17.258497,20.557,0.00,0.00,0.00,0.00,0.00,0.00,0.00,0,,8.0,20.0,50.0
2025-10-11T15:25:17.261551,20.560,0.00,0.00,0.00,0.00,0.00,0.00,0.00,0,,8.0,20.0,50.0
2025-10-11T15:25:17.907482,21.206,0.00,0.00,0.00,0.00,0.00,0.00,0.00,0,,8.0,90.0,50.0
2025-10-11T15:25:17.909671,21.208,0.00,0.00,0.00,0.00,0.00,0.00,0.00,0,,8.0,90.0,50.0
2025-10-11T15:25:17.911468,21.210,0.00,0.00,0.00,0.00,0.00,0.00,0.00,0,,8.0,90.0,80.0
2025-10-11T15:25:17.914040,21.213,0.00,0.00,0.00,0.00,0.00,0.00,0.00,0,,8.0,90.0,80.0
2025-10-11T15:25:17.915794,21.214,0.00,0.00,0.00,0.00,0.00,0.00,0.00,0,,8.0,70.0,80.0
2025-10-11T15:25:17.917493,21.216,0.00,0.00,0.00,0.00,0.00,0.00,0.00,0,,8.0,70.0,80.0
2025-10-11T15:25:17.919898,21.218,0.00,0.00,0.00,0.00,0.00,0.00,0.00,0,,8.0,70.0,60.0
2025-10-11T15:25:17.921505,21.220,0.00,0.00,0.00,0.00,0.00,0.00,0.00,0,,8.0,70.0,60.0
2025-10-11T15:25:18.674108,21.973,0.00,0.00,0.00,0.00,0.00,0.00,0.00,0,,8.0,70.0,50.0
2025-10-11T15:25:18.675588,21.974,0.00,0.00,0.00,0.00,0.00,0.00,0.00,0,,8.0,70.0,50.0
2025-10-11T15:25:18.677227,21.976,0.00,0.00,0.00,0.00,0.00,0.00,0.00,0,,8.0,70.0,40.0
2025-10-11T15:25:18.679088,21.978,0.00,0.00,0.00,0.00,0.00,0.00,0.00,0,,8.0,70.0,40.0
2025-10-11T15:25:18.681066,21.980,0.00,0.00,0.00,0.00,0.00,0.00,0.00,0,,3.0,70.0,40.0
2025-10-11T15:25:18.682732,21.981,0.00,0.00,0.00,0.00,0.00,0.00,0.00,0,,3.0,70.0,40.0
2025-10-11T15:25:18.685154,21.984,0.00,0.00,0.00,0.00,0.00,0.00,0.00,0,,3.0,20.0,40.0
2025-10-11T15:25:18.686843,21.985,0.00,0.00,0.00,0.00,0.00,0.00,0.00,0,,3.0,20.0,40.0
2025-10-11T15:25:19.324085,22.623,0.00,0.00,0.00,0.00,0.00,0.00,0.00,0,,3.0,10.0,40.0
2025-10-11T15:25:19.325739,22.624,0.00,0.00,0.00,0.00,0.00,0.00,0.00,0,,3.0,10.0,40.0
2025-10-11T15:25:19.328324,22.627,0.00,0.00,0.00,0.00,0.00,0.00,0.00,0,,2.0,10.0,40.0
2025-10-11T15:25:19.330248,22.629,0.00,0.00,0.00,0.00,0.00,0.00,0.00,0,,2.0,10.0,40.0
2025-10-11T15:25:19.331785,22.630,0.00,0.00,0.00,0.00,0.00,0.00,0.00,0,,2.0,30.0,40.0
2025-10-11T15:25:19.333616,22.632,0.00,0.00,0.00,0.00,0.00,0.00,0.00,0,,2.0,30.0,40.0
2025-10-11T15:25:19.335658,22.634,0.00,0.00,0.00,0.00,0.00,0.00,0.00,0,,4.0,30.0,40.0
2025-10-11T15:25:19.337485,22.636,0.00,0.00,0.00,0.00,0.00,0.00,0.00,0,,4.0,30.0,40.0
2025-10-11T15:25:19.869553,23.168,0.00,0.00,0.00,0.00,0.00,0.00,0.00,0,,5.0,30.0,40.0
2025-10-11T15:25:19.871919,23.171,0.00,0.00,0.00,0.00,0.00,0.00,0.00,0,,5.0,30.0,40.0
2025-10-11T15:25:19.875549,23.174,0.00,0.00,0.00,0.00,0.00,0.00,0.00,0,,6.0,30.0,40.0
2025-10-11T15:25:19.878136,23.177,0.00,0.00,0.00,0.00,0.00,0.00,0.00,0,,6.0,30.0,40.0
2025-10-11T15:25:19.880722,23.179,0.00,0.00,0.00,0.00,0.00,0.00,0.00,0,,6.0,30.0,70.0
2025-10-11T15:25:19.882897,23.181,0.00,0.00,0.00,0.00,0.00,0.00,0.00,0,,6.0,30.0,70.0
2025-10-11T15:25:20.741589,24.040,0.00,0.00,0.00,0.00,0.00,0.00,0.00,0,,6.0,80.0,70.0
2025-10-11T15:25:20.744150,24.043,0.00,0.00,0.00,0.00,0.00,0.00,0.00,0,,6.0,80.0,70.0
2025-10-11T15:25:20.747156,24.046,0.00,0.00,0.00,0.00,0.00,0.00,0.00,0,,9.0,80.0,70.0
2025-10-11T15:25:20.749674,24.048,0.00,0.00,0.00,0.00,0.00,0.00,0.00,0,,9.0,80.0,70.0
2025-10-11T15:25:20.752087,24.051,0.00,0.00,0.00,0.00,0.00,0.00,0.00,0,,8.0,80.0,70.0
2025-10-11T15:25:20.755553,24.054,0.00,0.00,0.00,0.00,0.00,0.00,0.00,0,,8.0,80.0,70.0
2025-10-11T15:25:20.758677,24.057,0.00,0.00,0.00,0.00,0.00,0.00,0.00,0,,7.0,80.0,70.0
2025-10-11T15:25:20.761652,24.060,0.00,0.00,0.00,0.00,0.00,0.00,0.00,0,,7.0,80.0,70.0
2025-10-11T15:25:21.625988,24.925,0.00,0.00,0.00,0.00,0.00,0.00,0.00,0,,7.0,80.0,60.0
2025-10-11T15:25:21.628069,24.927,0.00,0.00,0.00,0.00,0.00,0.00,0.00,0,,7.0,80.0,60.0
2025-10-11T15:25:21.629735,24.928,0.00,0.00,0.00,0.00,0.00,0.00,0.00,0,,7.0,80.0,50.0
2025-10-11T15:25:21.632347,24.931,0.00,0.00,0.00,0.00,0.00,0.00,0.00,0,,7.0,80.0,50.0
2025-10-11T15:25:21.633999,24.933,0.00,0.00,0.00,0.00,0.00,0.00,0.00,0,,7.0,40.0,50.0
2025-10-11T15:25:21.635875,24.934,0.00,0.00,0.00,0.00,0.00,0.00,0.00,0,,7.0,40.0,50.0
2025-10-11T15:25:21.638263,24.937,0.00,0.00,0.00,0.00,0.00,0.00,0.00,0,,7.0,30.0,50.0
2025-10-11T15:25:21.640761,24.939,0.00,0.00,0.00,0.00,0.00,0.00,0.00,0,,7.0,30.0,50.0
2025-10-11T15:25:21.643426,24.942,0.00,0.00,0.00,0.00,0.00,0.00,0.00,0,,7.0,20.0,50.0
2025-10-11T15:25:21.645476,24.944,0.00,0.00,0.00,0.00,0.00,0.00,0.00,0,,7.0,20.0,50.0
2025-10-11T15:25:22.272281,25.571,0.00,0.00,0.00,0.00,0.00,0.00,0.00,0,,1.0,20.0,50.0
2025-10-11T15:25:22.274792,25.573,0.00,0.00,0.00,0.00,0.00,0.00,0.00,0,,1.0,20.0,50.0
2025-10-11T15:25:22.277594,25.576,0.00,0.00,0.00,0.00,0.00,0.00,0.00,0,,2.0,20.0,50.0
2025-10-11T15:25:22.281248,25.580,0.00,0.00,0.00,0.00,0.00,0.00,0.00,0,,2.0,20.0,50.0
2025-10-11T15:25:22.283913,25.583,0.00,0.00,0.00,0.00,0.00,0.00,0.00,0,,2.0,20.0,30.0
2025-10-11T15:25:22.286414,25.585,0.00,0.00,0.00,0.00,0.00,0.00,0.00,0,,2.0,20.0,30.0
2025-10-11T15:25:22.290585,25.589,0.00,0.00,0.00,0.00,0.00,0.00,0.00,0,,2.0,20.0,40.0
2025-10-11T15:25:22.293189,25.592,0.00,0.00,0.00,0.00,0.00,0.00,0.00,0,,2.0,20.0,40.0
2025-10-11T15:25:22.297430,25.596,0.00,0.00,0.00,0.00,0.00,0.00,0.00,0,,5.0,20.0,40.0
2025-10-11T15:25:22.300673,25.599,0.00,0.00,0.00,0.00,0.00,0.00,0.00,0,,5.0,20.0,40.0
2025-10-11T15:25:23.041470,26.340,0.00,0.00,0.00,0.00,0.00,0.00,0.00,0,,5.0,20.0,60.0
2025-10-11T15:25:23.043890,26.342,0.00,0.00,0.00,0.00,0.00,0.00,0.00,0,,5.0,20.0,60.0
2025-10-11T15:25:23.045932,26.345,0.00,0.00,0.00,0.00,0.00,0.00,0.00,0,,7.0,20.0,60.0
2025-10-11T15:25:23.048261,26.347,0.00,0.00,0.00,0.00,0.00,0.00,0.00,0,,7.0,20.0,60.0
2025-10-11T15:25:23.050213,26.349,0.00,0.00,0.00,0.00,0.00,0.00,0.00,0,,7.0,80.0,60.0
2025-10-11T15:25:23.053193,26.352,0.00,0.00,0.00,0.00,0.00,0.00,0.00,0,,7.0,80.0,60.0
2025-10-11T15:25:23.055893,26.354,0.00,0.00,0.00,0.00,0.00,0.00,0.00,0,,7.0,90.0,60.0
2025-10-11T15:25:23.058772,26.357,0.00,0.00,0.00,0.00,0.00,0.00,0.00,0,,7.0,90.0,60.0
2025-10-11T15:25:23.923469,27.222,0.00,0.00,0.00,0.00,0.00,0.00,0.00,0,,7.0,90.0,80.0
2025-10-11T15:25:23.925865,27.224,0.00,0.00,0.00,0.00,0.00,0.00,0.00,0,,7.0,90.0,80.0
2025-10-11T15:25:23.927984,27.227,0.00,0.00,0.00,0.00,0.00,0.00,0.00,0,,7.0,90.0,80.0
2025-10-11T15:25:23.930659,27.229,0.00,0.00,0.00,0.00,0.00,0.00,0.00,0,,7.0,90.0,80.0
2025-10-11T15:25:23.932754,27.231,0.00,0.00,0.00,0.00,0.00,0.00,0.00,0,,7.0,90.0,60.0
2025-10-11T15:25:23.935035,27.234,0.00,0.00,0.00,0.00,0.00,0.00,0.00,0,,7.0,90.0,60.0
2025-10-11T15:25:23.937008,27.236,0.00,0.00,0.00,0.00,0.00,0.00,0.00,0,,5.0,90.0,60.0
2025-10-11T15:25:23.938726,27.237,0.00,0.00,0.00,0.00,0.00,0.00,0.00,0,,5.0,90.0,60.0
2025-10-11T15:25:23.941711,27.240,0.00,0.00,0.00,0.00,0.00,0.00,0.00,0,,5.0,40.0,60.0
2025-10-11T15:25:23.944087,27.243,0.00,0.00,0.00,0.00,0.00,0.00,0.00,0,,5.0,40.0,60.0
2025-10-11T15:25:23.946577,27.245,0.00,0.00,0.00,0.00,0.00,0.00,0.00,0,,5.0,30.0,60.0
2025-10-11T15:25:23.948792,27.247,0.00,0.00,0.00,0.00,0.00,0.00,0.00,0,,5.0,30.0,60.0
2025-10-11T15:25:24.815980,28.115,0.00,0.00,0.00,0.00,0.00,0.00,0.00,0,,5.0,30.0,20.0
2025-10-11T15:25:24.817746,28.116,0.00,0.00,0.00,0.00,0.00,0.00,0.00,0,,5.0,30.0,20.0
2025-10-11T15:25:24.819439,28.118,0.00,0.00,0.00,0.00,0.00,0.00,0.00,0,,1.0,30.0,20.0
2025-10-11T15:25:24.822600,28.121,0.00,0.00,0.00,0.00,0.00,0.00,0.00,0,,1.0,30.0,20.0
2025-10-11T15:25:24.824591,28.123,0.00,0.00,0.00,0.00,0.00,0.00,0.00,0,,1.0,20.0,20.0
2025-10-11T15:25:24.827547,28.126,0.00,0.00,0.00,0.00,0.00,0.00,0.00,0,,1.0,20.0,20.0
2025-10-11T15:25:24.829236,28.128,0.00,0.00,0.00,0.00,0.00,0.00,0.00,0,,3.0,20.0,20.0
2025-10-11T15:25:24.831398,28.130,0.00,0.00,0.00,0.00,0.00,0.00,0.00,0,,3.0,20.0,20.0
2025-10-11T15:25:24.834631,28.133,0.00,0.00,0.00,0.00,0.00,0.00,0.00,0,,3.0,20.0,40.0
2025-10-11T15:25:24.837111,28.136,0.00,0.00,0.00,0.00,0.00,0.00,0.00,0,,3.0,20.0,40.0
2025-10-11T15:25:25.684404,28.983,0.00,0.00,0.00,0.00,0.00,0.00,0.00,0,,3.0,50.0,40.0
2025-10-11T15:25:25.686626,28.985,0.00,0.00,0.00,0.00,0.00,0.00,0.00,0,,3.0,50.0,40.0
2025-10-11T15:25:25.688214,28.987,0.00,0.00,0.00,0.00,0.00,0.00,0.00,0,,3.0,60.0,40.0
2025-10-11T15:25:25.691220,28.990,0.00,0.00,0.00,0.00,0.00,0.00,0.00,0,,3.0,60.0,40.0
2025-10-11T15:25:25.694247,28.993,0.00,0.00,0.00,0.00,0.00,0.00,0.00,0,,3.0,60.0,70.0
2025-10-11T15:25:25.696007,28.995,0.00,0.00,0.00,0.00,0.00,0.00,0.00,0,,3.0,60.0,70.0
2025-10-11T15:25:25.698104,28.997,0.00,0.00,0.00,0.00,0.00,0.00,0.00,0,,8.0,60.0,70.0
2025-10-11T15:25:25.700780,28.999,0.00,0.00,0.00,0.00,0.00,0.00,0.00,0,,8.0,60.0,70.0
2025-10-11T15:25:26.773822,30.072,0.00,0.00,0.00,0.00,0.00,0.00,0.00,0,,8.0,60.0,90.0
2025-10-11T15:25:26.775693,30.074,0.00,0.00,0.00,0.00,0.00,0.00,0.00,0,,8.0,60.0,90.0
2025-10-11T15:25:26.777616,30.076,0.00,0.00,0.00,0.00,0.00,0.00,0.00,0,,8.0,60.0,80.0
2025-10-11T15:25:26.780368,30.079,0.00,0.00,0.00,0.00,0.00,0.00,0.00,0,,8.0,60.0,80.0
2025-10-11T15:25:26.782391,30.081,0.00,0.00,0.00,0.00,0.00,0.00,0.00,0,,8.0,60.0,70.0
2025-10-11T15:25:26.785168,30.084,0.00,0.00,0.00,0.00,0.00,0.00,0.00,0,,8.0,60.0,70.0
2025-10-11T15:25:26.786966,30.086,0.00,0.00,0.00,0.00,0.00,0.00,0.00,0,,8.0,60.0,70.0
2025-10-11T15:25:26.789251,30.088,0.00,0.00,0.00,0.00,0.00,0.00,0.00,0,,8.0,60.0,70.0
2025-10-11T15:25:26.791377,30.090,0.00,0.00,0.00,0.00,0.00,0.00,0.00,0,,5.0,60.0,70.0
2025-10-11T15:25:26.793598,30.092,0.00,0.00,0.00,0.00,0.00,0.00,0.00,0,,5.0,60.0,70.0
2025-10-11T15:25:27.763532,31.062,0.00,0.00,0.00,0.00,0.00,0.00,0.00,0,,5.0,60.0,40.0
2025-10-11T15:25:27.765577,31.064,0.00,0.00,0.00,0.00,0.00,0.00,0.00,0,,5.0,60.0,40.0
2025-10-11T15:25:27.768465,31.067,0.00,0.00,0.00,0.00,0.00,0.00,0.00,0,,3.0,60.0,40.0
2025-10-11T15:25:27.770733,31.069,0.00,0.00,0.00,0.00,0.00,0.00,0.00,0,,3.0,60.0,40.0
2025-10-11T15:25:27.772979,31.072,0.00,0.00,0.00,0.00,0.00,0.00,0.00,0,,3.0,60.0,20.0
2025-10-11T15:25:27.776223,31.075,0.00,0.00,0.00,0.00,0.00,0.00,0.00,0,,3.0,60.0,20.0
2025-10-11T15:25:27.779069,31.078,0.00,0.00,0.00,0.00,0.00,0.00,0.00,0,,3.0,10.0,20.0
2025-10-11T15:25:27.782389,31.081,0.00,0.00,0.00,0.00,0.00,0.00,0.00,0,,3.0,10.0,20.0
2025-10-11T15:25:27.786578,31.085,0.00,0.00,0.00,0.00,0.00,0.00,0.00,0,,3.0,10.0,20.0
2025-10-11T15:25:27.789022,31.088,0.00,0.00,0.00,0.00,0.00,0.00,0.00,0,,3.0,10.0,20.0
2025-10-11T15:25:27.791515,31.090,0.00,0.00,0.00,0.00,0.00,0.00,0.00,0,,3.0,10.0,20.0
2025-10-11T15:25:27.794659,31.093,0.00,0.00,0.00,0.00,0.00,0.00,0.00,0,,3.0,10.0,20.0
2025-10-11T15:25:28.860815,32.159,0.00,0.00,0.00,0.00,0.00,0.00,0.00,0,,4.0,10.0,20.0
2025-10-11T15:25:28.863021,32.162,0.00,0.00,0.00,0.00,0.00,0.00,0.00,0,,4.0,10.0,20.0
2025-10-11T15:25:28.865248,32.164,0.00,0.00,0.00,0.00,0.00,0.00,0.00,0,,4.0,10.0,50.0
2025-10-11T15:25:28.867376,32.166,0.00,0.00,0.00,0.00,0.00,0.00,0.00,0,,4.0,10.0,50.0
2025-10-11T15:25:28.869166,32.168,0.00,0.00,0.00,0.00,0.00,0.00,0.00,0,,4.0,10.0,60.0
2025-10-11T15:25:28.872374,32.171,0.00,0.00,0.00,0.00,0.00,0.00,0.00,0,,4.0,10.0,60.0
2025-10-11T15:25:28.874750,32.173,0.00,0.00,0.00,0.00,0.00,0.00,0.00,0,,7.0,10.0,60.0
2025-10-11T15:25:28.878528,32.177,0.00,0.00,0.00,0.00,0.00,0.00,0.00,0,,7.0,10.0,60.0
2025-10-11T15:25:28.880907,32.180,0.00,0.00,0.00,0.00,0.00,0.00,0.00,0,,7.0,10.0,80.0
2025-10-11T15:25:28.883205,32.182,0.00,0.00,0.00,0.00,0.00,0.00,0.00,0,,7.0,10.0,80.0
2025-10-11T15:25:28.885767,32.184,0.00,0.00,0.00,0.00,0.00,0.00,0.00,0,,9.0,10.0,80.0
2025-10-11T15:25:28.887819,32.186,0.00,0.00,0.00,0.00,0.00,0.00,0.00,0,,9.0,10.0,80.0
2025-10-11T15:25:28.892124,32.191,0.00,0.00,0.00,0.00,0.00,0.00,0.00,0,,9.0,80.0,80.0
2025-10-11T15:25:28.895505,32.194,0.00,0.00,0.00,0.00,0.00,0.00,0.00,0,,9.0,80.0,80.0
2025-10-11T15:25:29.967069,33.266,0.00,0.00,0.00,0.00,0.00,0.00,0.00,0,,7.0,80.0,80.0
2025-10-11T15:25:29.969523,33.268,0.00,0.00,0.00,0.00,0.00,0.00,0.00,0,,7.0,80.0,80.0
2025-10-11T15:25:29.972700,33.271,0.00,0.00,0.00,0.00,0.00,0.00,0.00,0,,7.0,60.0,80.0
2025-10-11T15:25:29.975088,33.274,0.00,0.00,0.00,0.00,0.00,0.00,0.00,0,,7.0,60.0,80.0
2025-10-11T15:25:29.978588,33.277,0.00,0.00,0.00,0.00,0.00,0.00,0.00,0,,5.0,60.0,80.0
2025-10-11T15:25:29.980876,33.279,0.00,0.00,0.00,0.00,0.00,0.00,0.00,0,,5.0,60.0,80.0
2025-10-11T15:25:29.983053,33.282,0.00,0.00,0.00,0.00,0.00,0.00,0.00,0,,5.0,60.0,40.0
2025-10-11T15:25:29.987165,33.286,0.00,0.00,0.00,0.00,0.00,0.00,0.00,0,,5.0,60.0,40.0
2025-10-11T15:25:29.990191,33.289,0.00,0.00,0.00,0.00,0.00,0.00,0.00,0,,5.0,60.0,30.0
2025-10-11T15:25:29.993482,33.292,0.00,0.00,0.00,0.00,0.00,0.00,0.00,0,,5.0,60.0,30.0
2025-10-11T15:25:29.995855,33.294,0.00,0.00,0.00,0.00,0.00,0.00,0.00,0,,5.0,60.0,20.0
2025-10-11T15:25:29.997879,33.296,0.00,0.00,0.00,0.00,0.00,0.00,0.00,0,,5.0,60.0,20.0
2025-10-11T15:25:31.057948,34.357,0.00,0.00,0.00,0.00,0.00,0.00,0.00,0,,5.0,10.0,20.0
2025-10-11T15:25:31.059783,34.358,0.00,0.00,0.00,0.00,0.00,0.00,0.00,0,,5.0,10.0,20.0
2025-10-11T15:25:31.061588,34.360,0.00,0.00,0.00,0.00,0.00,0.00,0.00,0,,5.0,20.0,20.0
2025-10-11T15:25:31.064328,34.363,0.00,0.00,0.00,0.00,0.00,0.00,0.00,0,,5.0,20.0,20.0
2025-10-11T15:25:31.066561,34.365,0.00,0.00,0.00,0.00,0.00,0.00,0.00,0,,5.0,20.0,30.0
2025-10-11T15:25:31.070044,34.369,0.00,0.00,0.00,0.00,0.00,0.00,0.00,0,,5.0,20.0,30.0
2025-10-11T15:25:31.072126,34.371,0.00,0.00,0.00,0.00,0.00,0.00,0.00,0,,4.0,20.0,30.0
2025-10-11T15:25:31.074691,34.373,0.00,0.00,0.00,0.00,0.00,0.00,0.00,0,,4.0,20.0,30.0
2025-10-11T15:25:31.077044,34.376,0.00,0.00,0.00,0.00,0.00,0.00,0.00,0,,4.0,20.0,50.0
2025-10-11T15:25:31.080315,34.379,0.00,0.00,0.00,0.00,0.00,0.00,0.00,0,,4.0,20.0,50.0
2025-10-11T15:25:31.082393,34.381,0.00,0.00,0.00,0.00,0.00,0.00,0.00,0,,4.0,20.0,60.0
2025-10-11T15:25:31.084680,34.383,0.00,0.00,0.00,0.00,0.00,0.00,0.00,0,,4.0,20.0,60.0
2025-10-11T15:25:31.086949,34.386,0.00,0.00,0.00,0.00,0.00,0.00,0.00,0,,7.0,20.0,60.0
2025-10-11T15:25:31.090320,34.389,0.00,0.00,0.00,0.00,0.00,0.00,0.00,0,,7.0,20.0,60.0
2025-10-11T15:25:31.927957,35.227,0.00,0.00,0.00,0.00,0.00,0.00,0.00,0,,7.0,80.0,60.0
2025-10-11T15:25:31.930619,35.229,0.00,0.00,0.00,0.00,0.00,0.00,0.00,0,,7.0,80.0,60.0
2025-10-11T15:25:31.932708,35.231,0.00,0.00,0.00,0.00,0.00,0.00,0.00,0,,9.0,80.0,60.0
2025-10-11T15:25:31.934911,35.234,0.00,0.00,0.00,0.00,0.00,0.00,0.00,0,,9.0,80.0,60.0
2025-10-11T15:25:31.937388,35.236,0.00,0.00,0.00,0.00,0.00,0.00,0.00,0,,8.0,80.0,60.0
2025-10-11T15:25:31.941084,35.240,0.00,0.00,0.00,0.00,0.00,0.00,0.00,0,,8.0,80.0,60.0
2025-10-11T15:25:31.944350,35.243,0.00,0.00,0.00,0.00,0.00,0.00,0.00,0,,7.0,80.0,60.0
2025-10-11T15:25:31.947580,35.246,0.00,0.00,0.00,0.00,0.00,0.00,0.00,0,,7.0,80.0,60.0
2025-10-11T15:25:31.949967,35.249,0.00,0.00,0.00,0.00,0.00,0.00,0.00,0,,6.0,80.0,60.0
2025-10-11T15:25:31.951931,35.251,0.00,0.00,0.00,0.00,0.00,0.00,0.00,0,,6.0,80.0,60.0
2025-10-11T15:25:32.591560,35.890,0.00,0.00,0.00,0.00,0.00,0.00,0.00,0,,6.0,50.0,60.0
2025-10-11T15:25:32.593924,35.893,0.00,0.00,0.00,0.00,0.00,0.00,0.00,0,,6.0,50.0,60.0
2025-10-11T15:25:32.596250,35.895,0.00,0.00,0.00,0.00,0.00,0.00,0.00,0,,6.0,50.0,40.0
2025-10-11T15:25:32.598441,35.897,0.00,0.00,0.00,0.00,0.00,0.00,0.00,0,,6.0,50.0,40.0
2025-10-11T15:25:32.600288,35.899,0.00,0.00,0.00,0.00,0.00,0.00,0.00,0,,6.0,50.0,30.0
2025-10-11T15:25:32.603256,35.902,0.00,0.00,0.00,0.00,0.00,0.00,0.00,0,,6.0,50.0,30.0
2025-10-11T15:25:33.258663,36.557,0.00,0.00,0.00,0.00,0.00,0.00,0.00,0,,2.0,50.0,30.0
2025-10-11T15:25:33.260941,36.560,0.00,0.00,0.00,0.00,0.00,0.00,0.00,0,,2.0,50.0,30.0
2025-10-11T15:25:33.263011,36.562,0.00,0.00,0.00,0.00,0.00,0.00,0.00,0,,2.0,10.0,30.0
2025-10-11T15:25:33.265471,36.564,0.00,0.00,0.00,0.00,0.00,0.00,0.00,0,,2.0,10.0,30.0
2025-10-11T15:25:33.267523,36.566,0.00,0.00,0.00,0.00,0.00,0.00,0.00,0,,2.0,10.0,30.0
2025-10-11T15:25:33.270324,36.569,0.00,0.00,0.00,0.00,0.00,0.00,0.00,0,,2.0,10.0,30.0
2025-10-11T15:25:33.272553,36.571,0.00,0.00,0.00,0.00,0.00,0.00,0.00,0,,3.0,10.0,30.0
2025-10-11T15:25:33.275457,36.574,0.00,0.00,0.00,0.00,0.00,0.00,0.00,0,,3.0,10.0,30.0
2025-10-11T15:25:33.936325,37.235,0.00,0.00,0.00,0.00,0.00,0.00,0.00,0,,3.0,40.0,30.0
2025-10-11T15:25:33.938300,37.237,0.00,0.00,0.00,0.00,0.00,0.00,0.00,0,,3.0,40.0,30.0
2025-10-11T15:25:33.940116,37.239,0.00,0.00,0.00,0.00,0.00,0.00,0.00,0,,3.0,50.0,30.0
2025-10-11T15:25:33.943514,37.242,0.00,0.00,0.00,0.00,0.00,0.00,0.00,0,,3.0,50.0,30.0
2025-10-11T15:25:33.945793,37.244,0.00,0.00,0.00,0.00,0.00,0.00,0.00,0,,3.0,60.0,30.0
2025-10-11T15:25:33.949094,37.248,0.00,0.00,0.00,0.00,0.00,0.00,0.00,0,,3.0,60.0,30.0
2025-10-11T15:25:33.951646,37.250,0.00,0.00,0.00,0.00,0.00,0.00,0.00,0,,3.0,70.0,30.0
2025-10-11T15:25:33.954149,37.253,0.00,0.00,0.00,0.00,0.00,0.00,0.00,0,,3.0,70.0,30.0
2025-10-11T15:25:34.710817,38.009,0.00,0.00,0.00,0.00,0.00,0.00,0.00,0,,8.0,70.0,30.0
2025-10-11T15:25:34.713170,38.012,0.00,0.00,0.00,0.00,0.00,0.00,0.00,0,,8.0,70.0,30.0
2025-10-11T15:25:34.715601,38.014,0.00,0.00,0.00,0.00,0.00,0.00,0.00,0,,8.0,70.0,90.0
2025-10-11T15:25:34.718087,38.017,0.00,0.00,0.00,0.00,0.00,0.00,0.00,0,,8.0,70.0,90.0
2025-10-11T15:25:34.720708,38.019,0.00,0.00,0.00,0.00,0.00,0.00,0.00,0,,8.0,70.0,80.0
2025-10-11T15:25:34.723739,38.022,0.00,0.00,0.00,0.00,0.00,0.00,0.00,0,,8.0,70.0,80.0
2025-10-11T15:25:34.726255,38.025,0.00,0.00,0.00,0.00,0.00,0.00,0.00,0,,8.0,70.0,70.0
2025-10-11T15:25:34.729290,38.028,0.00,0.00,0.00,0.00,0.00,0.00,0.00,0,,8.0,70.0,70.0
2025-10-11T15:25:35.693591,38.992,0.00,0.00,0.00,0.00,0.00,0.00,0.00,0,,6.0,70.0,70.0
2025-10-11T15:25:35.696587,38.995,0.00,0.00,0.00,0.00,0.00,0.00,0.00,0,,6.0,70.0,70.0
2025-10-11T15:25:35.698994,38.998,0.00,0.00,0.00,0.00,0.00,0.00,0.00,0,,6.0,50.0,70.0
2025-10-11T15:25:35.701377,39.000,0.00,0.00,0.00,0.00,0.00,0.00,0.00,0,,6.0,50.0,70.0
2025-10-11T15:25:35.703618,39.002,0.00,0.00,0.00,0.00,0.00,0.00,0.00,0,,6.0,50.0,40.0
2025-10-11T15:25:35.706803,39.005,0.00,0.00,0.00,0.00,0.00,0.00,0.00,0,,6.0,50.0,40.0
2025-10-11T15:25:35.709299,39.008,0.00,0.00,0.00,0.00,0.00,0.00,0.00,0,,6.0,30.0,40.0
2025-10-11T15:25:35.714509,39.013,0.00,0.00,0.00,0.00,0.00,0.00,0.00,0,,6.0,30.0,40.0
2025-10-11T15:25:35.717009,39.016,0.00,0.00,0.00,0.00,0.00,0.00,0.00,0,,6.0,20.0,40.0
2025-10-11T15:25:35.719277,39.018,0.00,0.00,0.00,0.00,0.00,0.00,0.00,0,,6.0,20.0,40.0
2025-10-11T15:25:35.721133,39.020,0.00,0.00,0.00,0.00,0.00,0.00,0.00,0,,6.0,10.0,40.0
2025-10-11T15:25:35.723267,39.022,0.00,0.00,0.00,0.00,0.00,0.00,0.00,0,,6.0,10.0,40.0
2025-10-11T15:25:35.725553,39.024,0.00,0.00,0.00,0.00,0.00,0.00,0.00,0,,2.0,10.0,40.0
2025-10-11T15:25:35.728246,39.027,0.00,0.00,0.00,0.00,0.00,0.00,0.00,0,,2.0,10.0,40.0
2025-10-11T15:25:36.576364,39.875,0.00,0.00,0.00,0.00,0.00,0.00,0.00,0,,2.0,30.0,40.0
2025-10-11T15:25:36.578326,39.877,0.00,0.00,0.00,0.00,0.00,0.00,0.00,0,,2.0,30.0,40.0
2025-10-11T15:25:36.580061,39.879,0.00,0.00,0.00,0.00,0.00,0.00,0.00,0,,2.0,40.0,40.0
2025-10-11T15:25:36.582803,39.881,0.00,0.00,0.00,0.00,0.00,0.00,0.00,0,,2.0,40.0,40.0
2025-10-11T15:25:36.585102,39.884,0.00,0.00,0.00,0.00,0.00,0.00,0.00,0,,5.0,40.0,40.0
2025-10-11T15:25:36.586767,39.885,0.00,0.00,0.00,0.00,0.00,0.00,0.00,0,,5.0,40.0,40.0
2025-10-11T15:25:36.589330,39.888,0.00,0.00,0.00,0.00,0.00,0.00,0.00,0,,5.0,60.0,40.0
2025-10-11T15:25:36.591522,39.890,0.00,0.00,0.00,0.00,0.00,0.00,0.00,0,,5.0,60.0,40.0
2025-10-11T15:25:37.225014,40.524,0.00,0.00,0.00,0.00,0.00,0.00,0.00,0,,5.0,70.0,40.0
2025-10-11T15:25:37.227143,40.526,0.00,0.00,0.00,0.00,0.00,0.00,0.00,0,,5.0,70.0,40.0
2025-10-11T15:25:37.229430,40.528,0.00,0.00,0.00,0.00,0.00,0.00,0.00,0,,8.0,70.0,40.0
2025-10-11T15:25:37.232152,40.531,0.00,0.00,0.00,0.00,0.00,0.00,0.00,0,,8.0,70.0,40.0
2025-10-11T15:25:37.234243,40.533,0.00,0.00,0.00,0.00,0.00,0.00,0.00,0,,9.0,70.0,40.0
2025-10-11T15:25:37.236769,40.535,0.00,0.00,0.00,0.00,0.00,0.00,0.00,0,,9.0,70.0,40.0
2025-10-11T15:25:37.239147,40.538,0.00,0.00,0.00,0.00,0.00,0.00,0.00,0,,8.0,70.0,40.0
2025-10-11T15:25:37.241146,40.540,0.00,0.00,0.00,0.00,0.00,0.00,0.00,0,,8.0,70.0,40.0
2025-10-11T15:25:37.991975,41.291,0.00,0.00,0.00,0.00,0.00,0.00,0.00,0,,8.0,70.0,40.0
2025-10-11T15:25:37.993642,41.292,0.00,0.00,0.00,0.00,0.00,0.00,0.00,0,,8.0,70.0,40.0
2025-10-11T15:25:37.995415,41.294,0.00,0.00,0.00,0.00,0.00,0.00,0.00,0,,6.0,70.0,40.0
2025-10-11T15:25:37.998125,41.297,0.00,0.00,0.00,0.00,0.00,0.00,0.00,0,,6.0,70.0,40.0
2025-10-11T15:25:38.000222,41.299,0.00,0.00,0.00,0.00,0.00,0.00,0.00,0,,6.0,50.0,40.0
2025-10-11T15:25:38.002165,41.301,0.00,0.00,0.00,0.00,0.00,0.00,0.00,0,,6.0,50.0,40.0
2025-10-11T15:25:38.004396,41.303,0.00,0.00,0.00,0.00,0.00,0.00,0.00,0,,6.0,50.0,40.0
2025-10-11T15:25:38.006845,41.305,0.00,0.00,0.00,0.00,0.00,0.00,0.00,0,,6.0,50.0,40.0
2025-10-11T15:25:38.657435,41.956,0.00,0.00,0.00,0.00,0.00,0.00,0.00,0,,6.0,50.0,30.0
2025-10-11T15:25:38.659754,41.958,0.00,0.00,0.00,0.00,0.00,0.00,0.00,0,,6.0,50.0,30.0
2025-10-11T15:25:38.661920,41.961,0.00,0.00,0.00,0.00,0.00,0.00,0.00,0,,6.0,20.0,30.0
2025-10-11T15:25:38.665040,41.964,0.00,0.00,0.00,0.00,0.00,0.00,0.00,0,,6.0,20.0,30.0
2025-10-11T15:25:38.667468,41.966,0.00,0.00,0.00,0.00,0.00,0.00,0.00,0,,6.0,10.0,30.0
2025-10-11T15:25:38.669729,41.968,0.00,0.00,0.00,0.00,0.00,0.00,0.00,0,,6.0,10.0,30.0
2025-10-11T15:25:39.310464,42.609,0.00,0.00,0.00,0.00,0.00,0.00,0.00,0,,6.0,20.0,30.0
2025-10-11T15:25:39.312637,42.611,0.00,0.00,0.00,0.00,0.00,0.00,0.00,0,,6.0,20.0,30.0
2025-10-11T15:25:39.314913,42.614,0.00,0.00,0.00,0.00,0.00,0.00,0.00,0,,6.0,20.0,30.0
2025-10-11T15:25:39.317588,42.616,0.00,0.00,0.00,0.00,0.00,0.00,0.00,0,,6.0,20.0,30.0
2025-10-11T15:25:39.320225,42.619,0.00,0.00,0.00,0.00,0.00,0.00,0.00,0,,6.0,40.0,30.0
2025-10-11T15:25:39.324573,42.623,0.00,0.00,0.00,0.00,0.00,0.00,0.00,0,,6.0,40.0,30.0
2025-10-11T15:25:39.328213,42.627,0.00,0.00,0.00,0.00,0.00,0.00,0.00,0,,6.0,50.0,30.0
2025-10-11T15:25:39.330801,42.629,0.00,0.00,0.00,0.00,0.00,0.00,0.00,0,,6.0,50.0,30.0
2025-10-11T15:25:39.974146,43.273,0.00,0.00,0.00,0.00,0.00,0.00,0.00,0,,6.0,50.0,30.0
2025-10-11T15:25:39.976209,43.275,0.00,0.00,0.00,0.00,0.00,0.00,0.00,0,,6.0,50.0,30.0
2025-10-11T15:25:39.979810,43.278,0.00,0.00,0.00,0.00,0.00,0.00,0.00,0,,6.0,70.0,30.0
2025-10-11T15:25:39.982210,43.281,0.00,0.00,0.00,0.00,0.00,0.00,0.00,0,,6.0,70.0,30.0
2025-10-11T15:25:39.984052,43.283,0.00,0.00,0.00,0.00,0.00,0.00,0.00,0,,6.0,80.0,30.0
2025-10-11T15:25:39.986145,43.285,0.00,0.00,0.00,0.00,0.00,0.00,0.00,0,,6.0,80.0,30.0
2025-10-11T15:25:39.988311,43.287,0.00,0.00,0.00,0.00,0.00,0.00,0.00,0,,6.0,80.0,90.0
2025-10-11T15:25:39.990489,43.289,0.00,0.00,0.00,0.00,0.00,0.00,0.00,0,,6.0,80.0,90.0
2025-10-11T15:25:40.628218,43.927,0.00,0.00,0.00,0.00,0.00,0.00,0.00,0,,6.0,80.0,80.0
2025-10-11T15:25:40.630114,43.929,0.00,0.00,0.00,0.00,0.00,0.00,0.00,0,,6.0,80.0,80.0
2025-10-11T15:25:40.632186,43.931,0.00,0.00,0.00,0.00,0.00,0.00,0.00,0,,6.0,70.0,80.0
2025-10-11T15:25:40.635390,43.934,0.00,0.00,0.00,0.00,0.00,0.00,0.00,0,,6.0,70.0,80.0
2025-10-11T15:25:40.637437,43.936,0.00,0.00,0.00,0.00,0.00,0.00,0.00,0,,6.0,70.0,60.0
2025-10-11T15:25:40.640674,43.939,0.00,0.00,0.00,0.00,0.00,0.00,0.00,0,,6.0,70.0,60.0
2025-10-11T15:25:40.642783,43.941,0.00,0.00,0.00,0.00,0.00,0.00,0.00,0,,5.0,70.0,60.0
2025-10-11T15:25:40.645141,43.944,0.00,0.00,0.00,0.00,0.00,0.00,0.00,0,,5.0,70.0,60.0
2025-10-11T15:25:41.408888,44.707,0.00,0.00,0.00,0.00,0.00,0.00,0.00,0,,4.0,70.0,60.0
2025-10-11T15:25:41.411135,44.710,0.00,0.00,0.00,0.00,0.00,0.00,0.00,0,,4.0,70.0,60.0
2025-10-11T15:25:41.413060,44.712,0.00,0.00,0.00,0.00,0.00,0.00,0.00,0,,3.0,70.0,60.0
2025-10-11T15:25:41.415427,44.714,0.00,0.00,0.00,0.00,0.00,0.00,0.00,0,,3.0,70.0,60.0
2025-10-11T15:25:41.417552,44.716,0.00,0.00,0.00,0.00,0.00,0.00,0.00,0,,3.0,70.0,20.0
2025-10-11T15:25:41.420354,44.719,0.00,0.00,0.00,0.00,0.00,0.00,0.00,0,,3.0,70.0,20.0
2025-10-11T15:25:41.422812,44.721,0.00,0.00,0.00,0.00,0.00,0.00,0.00,0,,3.0,10.0,20.0
2025-10-11T15:25:41.425517,44.724,0.00,0.00,0.00,0.00,0.00,0.00,0.00,0,,3.0,10.0,20.0
2025-10-11T15:25:42.093311,45.392,0.00,0.00,0.00,0.00,0.00,0.00,0.00,0,,3.0,20.0,20.0
2025-10-11T15:25:42.095273,45.394,0.00,0.00,0.00,0.00,0.00,0.00,0.00,0,,3.0,20.0,20.0
2025-10-11T15:25:42.097091,45.396,0.00,0.00,0.00,0.00,0.00,0.00,0.00,0,,3.0,20.0,20.0
2025-10-11T15:25:42.099003,45.398,0.00,0.00,0.00,0.00,0.00,0.00,0.00,0,,3.0,20.0,20.0
2025-10-11T15:25:42.102005,45.401,0.00,0.00,0.00,0.00,0.00,0.00,0.00,0,,3.0,40.0,20.0
2025-10-11T15:25:42.103967,45.403,0.00,0.00,0.00,0.00,0.00,0.00,0.00,0,,3.0,40.0,20.0
2025-10-11T15:25:42.106356,45.405,0.00,0.00,0.00,0.00,0.00,0.00,0.00,0,,3.0,50.0,20.0
2025-10-11T15:25:42.108473,45.407,0.00,0.00,0.00,0.00,0.00,0.00,0.00,0,,3.0,50.0,20.0
2025-10-11T15:25:42.741814,46.040,0.00,0.00,0.00,0.00,0.00,0.00,0.00,0,,6.0,50.0,20.0
2025-10-11T15:25:42.744473,46.043,0.00,0.00,0.00,0.00,0.00,0.00,0.00,0,,6.0,50.0,20.0
2025-10-11T15:25:42.746750,46.045,0.00,0.00,0.00,0.00,0.00,0.00,0.00,0,,6.0,70.0,20.0
2025-10-11T15:25:42.749251,46.048,0.00,0.00,0.00,0.00,0.00,0.00,0.00,0,,6.0,70.0,20.0
2025-10-11T15:25:42.751637,46.050,0.00,0.00,0.00,0.00,0.00,0.00,0.00,0,,6.0,70.0,80.0
2025-10-11T15:25:42.754521,46.053,0.00,0.00,0.00,0.00,0.00,0.00,0.00,0,,6.0,70.0,80.0
2025-10-11T15:25:43.399451,46.698,0.00,0.00,0.00,0.00,0.00,0.00,0.00,0,,9.0,70.0,80.0
2025-10-11T15:25:43.401774,46.700,0.00,0.00,0.00,0.00,0.00,0.00,0.00,0,,9.0,70.0,80.0
2025-10-11T15:25:43.403904,46.702,0.00,0.00,0.00,0.00,0.00,0.00,0.00,0,,9.0,80.0,80.0
2025-10-11T15:25:43.406640,46.705,0.00,0.00,0.00,0.00,0.00,0.00,0.00,0,,9.0,80.0,80.0
2025-10-11T15:25:43.409107,46.708,0.00,0.00,0.00,0.00,0.00,0.00,0.00,0,,9.0,70.0,80.0
2025-10-11T15:25:43.412311,46.711,0.00,0.00,0.00,0.00,0.00,0.00,0.00,0,,9.0,70.0,80.0
2025-10-11T15:25:43.414460,46.713,0.00,0.00,0.00,0.00,0.00,0.00,0.00,0,,9.0,60.0,80.0
2025-10-11T15:25:43.417380,46.716,0.00,0.00,0.00,0.00,0.00,0.00,0.00,0,,9.0,60.0,80.0
2025-10-11T15:25:44.058506,47.357,0.00,0.00,0.00,0.00,0.00,0.00,0.00,0,,9.0,50.0,80.0
2025-10-11T15:25:44.060680,47.359,0.00,0.00,0.00,0.00,0.00,0.00,0.00,0,,9.0,50.0,80.0
2025-10-11T15:25:44.063022,47.362,0.00,0.00,0.00,0.00,0.00,0.00,0.00,0,,9.0,50.0,40.0
2025-10-11T15:25:44.065595,47.364,0.00,0.00,0.00,0.00,0.00,0.00,0.00,0,,9.0,50.0,40.0
2025-10-11T15:25:44.067694,47.366,0.00,0.00,0.00,0.00,0.00,0.00,0.00,0,,9.0,50.0,30.0
2025-10-11T15:25:44.070100,47.369,0.00,0.00,0.00,0.00,0.00,0.00,0.00,0,,9.0,50.0,30.0
2025-10-11T15:25:44.072667,47.371,0.00,0.00,0.00,0.00,0.00,0.00,0.00,0,,9.0,20.0,30.0
2025-10-11T15:25:44.076372,47.375,0.00,0.00,0.00,0.00,0.00,0.00,0.00,0,,9.0,20.0,30.0
2025-10-11T15:25:44.833951,48.133,0.00,0.00,0.00,0.00,0.00,0.00,0.00,0,,1.0,20.0,30.0
2025-10-11T15:25:44.835860,48.134,0.00,0.00,0.00,0.00,0.00,0.00,0.00,0,,1.0,20.0,30.0
2025-10-11T15:25:44.838136,48.137,0.00,0.00,0.00,0.00,0.00,0.00,0.00,0,,1.0,20.0,20.0
2025-10-11T15:25:44.841039,48.140,0.00,0.00,0.00,0.00,0.00,0.00,0.00,0,,1.0,20.0,20.0
2025-10-11T15:25:44.843730,48.142,0.00,0.00,0.00,0.00,0.00,0.00,0.00,0,,1.0,20.0,30.0
2025-10-11T15:25:44.846543,48.145,0.00,0.00,0.00,0.00,0.00,0.00,0.00,0,,1.0,20.0,30.0
2025-10-11T15:25:44.849645,48.148,0.00,0.00,0.00,0.00,0.00,0.00,0.00,0,,4.0,20.0,30.0
2025-10-11T15:25:44.852178,48.151,0.00,0.00,0.00,0.00,0.00,0.00,0.00,0,,4.0,20.0,30.0
2025-10-11T15:25:44.854070,48.153,0.00,0.00,0.00,0.00,0.00,0.00,0.00,0,,4.0,50.0,30.0
2025-10-11T15:25:44.856830,48.155,0.00,0.00,0.00,0.00,0.00,0.00,0.00,0,,4.0,50.0,30.0
2025-10-11T15:25:45.494115,48.793,0.00,0.00,0.00,0.00,0.00,0.00,0.00,0,,4.0,50.0,60.0
2025-10-11T15:25:45.496290,48.795,0.00,0.00,0.00,0.00,0.00,0.00,0.00,0,,4.0,50.0,60.0
2025-10-11T15:25:45.498832,48.797,0.00,0.00,0.00,0.00,0.00,0.00,0.00,0,,4.0,70.0,60.0
2025-10-11T15:25:45.501188,48.800,0.00,0.00,0.00,0.00,0.00,0.00,0.00,0,,4.0,70.0,60.0
2025-10-11T15:25:45.503368,48.802,0.00,0.00,0.00,0.00,0.00,0.00,0.00,0,,4.0,70.0,80.0
2025-10-11T15:25:45.506469,48.805,0.00,0.00,0.00,0.00,0.00,0.00,0.00,0,,4.0,70.0,80.0
2025-10-11T15:25:45.509102,48.808,0.00,0.00,0.00,0.00,0.00,0.00,0.00,0,,4.0,90.0,80.0
2025-10-11T15:25:45.511737,48.810,0.00,0.00,0.00,0.00,0.00,0.00,0.00,0,,4.0,90.0,80.0
2025-10-11T15:25:46.159185,49.458,0.00,0.00,0.00,0.00,0.00,0.00,0.00,0,,8.0,90.0,80.0
2025-10-11T15:25:46.162437,49.461,0.00,0.00,0.00,0.00,0.00,0.00,0.00,0,,8.0,90.0,80.0
2025-10-11T15:25:46.165366,49.464,0.00,0.00,0.00,0.00,0.00,0.00,0.00,0,,8.0,70.0,80.0
2025-10-11T15:25:46.168805,49.467,0.00,0.00,0.00,0.00,0.00,0.00,0.00,0,,8.0,70.0,80.0
2025-10-11T15:25:46.173006,49.472,0.00,0.00,0.00,0.00,0.00,0.00,0.00,0,,8.0,70.0,60.0
2025-10-11T15:25:46.175775,49.474,0.00,0.00,0.00,0.00,0.00,0.00,0.00,0,,8.0,70.0,60.0
2025-10-11T15:25:46.178438,49.477,0.00,0.00,0.00,0.00,0.00,0.00,0.00,0,,8.0,50.0,60.0
2025-10-11T15:25:46.181168,49.480,0.00,0.00,0.00,0.00,0.00,0.00,0.00,0,,8.0,50.0,60.0
2025-10-11T15:25:46.808858,50.107,0.00,0.00,0.00,0.00,0.00,0.00,0.00,0,,8.0,50.0,40.0
2025-10-11T15:25:46.810656,50.109,0.00,0.00,0.00,0.00,0.00,0.00,0.00,0,,8.0,50.0,40.0
2025-10-11T15:25:46.812557,50.111,0.00,0.00,0.00,0.00,0.00,0.00,0.00,0,,3.0,50.0,40.0
2025-10-11T15:25:46.815571,50.114,0.00,0.00,0.00,0.00,0.00,0.00,0.00,0,,3.0,50.0,40.0
2025-10-11T15:25:46.818233,50.117,0.00,0.00,0.00,0.00,0.00,0.00,0.00,0,,3.0,50.0,20.0
2025-10-11T15:25:46.821155,50.120,0.00,0.00,0.00,0.00,0.00,0.00,0.00,0,,3.0,50.0,20.0
2025-10-11T15:25:47.459742,50.758,0.00,0.00,0.00,0.00,0.00,0.00,0.00,0,,3.0,10.0,20.0
2025-10-11T15:25:47.462541,50.761,0.00,0.00,0.00,0.00,0.00,0.00,0.00,0,,3.0,10.0,20.0
2025-10-11T15:25:47.466322,50.765,0.00,0.00,0.00,0.00,0.00,0.00,0.00,0,,3.0,20.0,20.0
2025-10-11T15:25:47.468690,50.767,0.00,0.00,0.00,0.00,0.00,0.00,0.00,0,,3.0,20.0,20.0
2025-10-11T15:25:47.471462,50.770,0.00,0.00,0.00,0.00,0.00,0.00,0.00,0,,3.0,20.0,30.0
2025-10-11T15:25:47.474195,50.773,0.00,0.00,0.00,0.00,0.00,0.00,0.00,0,,3.0,20.0,30.0
2025-10-11T15:25:47.476831,50.775,0.00,0.00,0.00,0.00,0.00,0.00,0.00,0,,3.0,40.0,30.0
2025-10-11T15:25:47.480429,50.779,0.00,0.00,0.00,0.00,0.00,0.00,0.00,0,,3.0,40.0,30.0
2025-10-11T15:25:48.127158,51.426,0.00,0.00,0.00,0.00,0.00,0.00,0.00,0,,5.0,40.0,30.0
2025-10-11T15:25:48.130026,51.429,0.00,0.00,0.00,0.00,0.00,0.00,0.00,0,,5.0,40.0,30.0
2025-10-11T15:25:48.131882,51.430,0.00,0.00,0.00,0.00,0.00,0.00,0.00,0,,5.0,40.0,60.0
2025-10-11T15:25:48.134265,51.433,0.00,0.00,0.00,0.00,0.00,0.00,0.00,0,,5.0,40.0,60.0
2025-10-11T15:25:48.136721,51.435,0.00,0.00,0.00,0.00,0.00,0.00,0.00,0,,5.0,40.0,70.0
2025-10-11T15:25:48.139865,51.438,0.00,0.00,0.00,0.00,0.00,0.00,0.00,0,,5.0,40.0,70.0
2025-10-11T15:25:48.142819,51.441,0.00,0.00,0.00,0.00,0.00,0.00,0.00,0,,5.0,40.0,80.0
2025-10-11T15:25:48.146135,51.445,0.00,0.00,0.00,0.00,0.00,0.00,0.00,0,,5.0,40.0,80.0
2025-10-11T15:25:48.777040,52.076,0.00,0.00,0.00,0.00,0.00,0.00,0.00,0,,5.0,90.0,80.0
2025-10-11T15:25:48.779100,52.078,0.00,0.00,0.00,0.00,0.00,0.00,0.00,0,,5.0,90.0,80.0
2025-10-11T15:25:48.781339,52.080,0.00,0.00,0.00,0.00,0.00,0.00,0.00,0,,5.0,90.0,80.0
2025-10-11T15:25:48.783930,52.083,0.00,0.00,0.00,0.00,0.00,0.00,0.00,0,,5.0,90.0,80.0
2025-10-11T15:25:48.785869,52.084,0.00,0.00,0.00,0.00,0.00,0.00,0.00,0,,5.0,70.0,80.0
2025-10-11T15:25:48.788506,52.087,0.00,0.00,0.00,0.00,0.00,0.00,0.00,0,,5.0,70.0,80.0
2025-10-11T15:25:49.443614,52.742,0.00,0.00,0.00,0.00,0.00,0.00,0.00,0,,6.0,70.0,80.0
2025-10-11T15:25:49.445896,52.744,0.00,0.00,0.00,0.00,0.00,0.00,0.00,0,,6.0,70.0,80.0
2025-10-11T15:25:49.448557,52.747,0.00,0.00,0.00,0.00,0.00,0.00,0.00,0,,5.0,70.0,80.0
2025-10-11T15:25:49.451175,52.750,0.00,0.00,0.00,0.00,0.00,0.00,0.00,0,,5.0,70.0,80.0
2025-10-11T15:25:49.453825,52.752,0.00,0.00,0.00,0.00,0.00,0.00,0.00,0,,5.0,40.0,80.0
2025-10-11T15:25:49.458185,52.757,0.00,0.00,0.00,0.00,0.00,0.00,0.00,0,,5.0,40.0,80.0
2025-10-11T15:25:49.461717,52.760,0.00,0.00,0.00,0.00,0.00,0.00,0.00,0,,5.0,30.0,80.0
2025-10-11T15:25:49.464206,52.763,0.00,0.00,0.00,0.00,0.00,0.00,0.00,0,,5.0,30.0,80.0
2025-10-11T15:25:49.466779,52.765,0.00,0.00,0.00,0.00,0.00,0.00,0.00,0,,5.0,20.0,80.0
2025-10-11T15:25:49.469410,52.768,0.00,0.00,0.00,0.00,0.00,0.00,0.00,0,,5.0,20.0,80.0
2025-10-11T15:25:50.308337,53.607,0.00,0.00,0.00,0.00,0.00,0.00,0.00,0,,1.0,20.0,80.0
2025-10-11T15:25:50.310220,53.609,0.00,0.00,0.00,0.00,0.00,0.00,0.00,0,,1.0,20.0,80.0
2025-10-11T15:25:50.312624,53.611,0.00,0.00,0.00,0.00,0.00,0.00,0.00,0,,2.0,20.0,80.0
2025-10-11T15:25:50.315817,53.614,0.00,0.00,0.00,0.00,0.00,0.00,0.00,0,,2.0,20.0,80.0
2025-10-11T15:25:50.317941,53.617,0.00,0.00,0.00,0.00,0.00,0.00,0.00,0,,2.0,30.0,80.0
2025-10-11T15:25:50.320558,53.619,0.00,0.00,0.00,0.00,0.00,0.00,0.00,0,,2.0,30.0,80.0
2025-10-11T15:25:50.323381,53.622,0.00,0.00,0.00,0.00,0.00,0.00,0.00,0,,2.0,30.0,40.0
2025-10-11T15:25:50.325898,53.624,0.00,0.00,0.00,0.00,0.00,0.00,0.00,0,,2.0,30.0,40.0
2025-10-11T15:25:50.973378,54.272,0.00,0.00,0.00,0.00,0.00,0.00,0.00,0,,5.0,30.0,40.0
2025-10-11T15:25:50.976012,54.275,0.00,0.00,0.00,0.00,0.00,0.00,0.00,0,,5.0,30.0,40.0
2025-10-11T15:25:50.978796,54.277,0.00,0.00,0.00,0.00,0.00,0.00,0.00,0,,5.0,60.0,40.0
2025-10-11T15:25:50.981392,54.280,0.00,0.00,0.00,0.00,0.00,0.00,0.00,0,,5.0,60.0,40.0
2025-10-11T15:25:50.983219,54.282,0.00,0.00,0.00,0.00,0.00,0.00,0.00,0,,5.0,70.0,40.0
2025-10-11T15:25:50.986571,54.285,0.00,0.00,0.00,0.00,0.00,0.00,0.00,0,,5.0,70.0,40.0
2025-10-11T15:25:50.988846,54.287,0.00,0.00,0.00,0.00,0.00,0.00,0.00,0,,8.0,70.0,40.0
2025-10-11T15:25:50.991425,54.290,0.00,0.00,0.00,0.00,0.00,0.00,0.00,0,,8.0,70.0,40.0
2025-10-11T15:25:51.726833,55.025,0.00,0.00,0.00,0.00,0.00,0.00,0.00,0,,8.0,70.0,90.0
2025-10-11T15:25:51.729820,55.028,0.00,0.00,0.00,0.00,0.00,0.00,0.00,0,,8.0,70.0,90.0
2025-10-11T15:25:51.732535,55.031,0.00,0.00,0.00,0.00,0.00,0.00,0.00,0,,8.0,80.0,90.0
2025-10-11T15:25:51.735292,55.034,0.00,0.00,0.00,0.00,0.00,0.00,0.00,0,,8.0,80.0,90.0
2025-10-11T15:25:51.738348,55.037,0.00,0.00,0.00,0.00,0.00,0.00,0.00,0,,8.0,80.0,70.0
2025-10-11T15:25:51.741835,55.040,0.00,0.00,0.00,0.00,0.00,0.00,0.00,0,,8.0,80.0,70.0
2025-10-11T15:25:51.744517,55.043,0.00,0.00,0.00,0.00,0.00,0.00,0.00,0,,8.0,60.0,70.0
2025-10-11T15:25:51.747217,55.046,0.00,0.00,0.00,0.00,0.00,0.00,0.00,0,,8.0,60.0,70.0
2025-10-11T15:25:52.508495,55.807,0.00,0.00,0.00,0.00,0.00,0.00,0.00,0,,5.0,60.0,70.0
2025-10-11T15:25:52.511654,55.810,0.00,0.00,0.00,0.00,0.00,0.00,0.00,0,,5.0,60.0,70.0
2025-10-11T15:25:52.514327,55.813,0.00,0.00,0.00,0.00,0.00,0.00,0.00,0,,5.0,60.0,40.0
2025-10-11T15:25:52.516966,55.816,0.00,0.00,0.00,0.00,0.00,0.00,0.00,0,,5.0,60.0,40.0
2025-10-11T15:25:52.519592,55.818,0.00,0.00,0.00,0.00,0.00,0.00,0.00,0,,5.0,60.0,30.0
2025-10-11T15:25:52.522210,55.821,0.00,0.00,0.00,0.00,0.00,0.00,0.00,0,,5.0,60.0,30.0
2025-10-11T15:25:52.525406,55.824,0.00,0.00,0.00,0.00,0.00,0.00,0.00,0,,5.0,60.0,20.0
2025-10-11T15:25:52.528418,55.827,0.00,0.00,0.00,0.00,0.00,0.00,0.00,0,,5.0,60.0,20.0
2025-10-11T15:25:52.531356,55.830,0.00,0.00,0.00,0.00,0.00,0.00,0.00,0,,1.0,60.0,20.0
2025-10-11T15:25:52.534455,55.833,0.00,0.00,0.00,0.00,0.00,0.00,0.00,0,,1.0,60.0,20.0
2025-10-11T15:25:53.276127,56.575,0.00,0.00,0.00,0.00,0.00,0.00,0.00,0,,1.0,20.0,20.0
2025-10-11T15:25:53.279009,56.578,0.00,0.00,0.00,0.00,0.00,0.00,0.00,0,,1.0,20.0,20.0
2025-10-11T15:25:53.281899,56.580,0.00,0.00,0.00,0.00,0.00,0.00,0.00,0,,1.0,20.0,30.0
2025-10-11T15:25:53.286084,56.585,0.00,0.00,0.00,0.00,0.00,0.00,0.00,0,,1.0,20.0,30.0
2025-10-11T15:25:53.289043,56.588,0.00,0.00,0.00,0.00,0.00,0.00,0.00,0,,1.0,40.0,30.0
2025-10-11T15:25:53.292309,56.591,0.00,0.00,0.00,0.00,0.00,0.00,0.00,0,,1.0,40.0,30.0
2025-10-11T15:25:53.297325,56.596,0.00,0.00,0.00,0.00,0.00,0.00,0.00,0,,5.0,40.0,30.0
2025-10-11T15:25:53.302338,56.601,0.00,0.00,0.00,0.00,0.00,0.00,0.00,0,,5.0,40.0,30.0
2025-10-11T15:25:54.060665,57.359,0.00,0.00,0.00,0.00,0.00,0.00,0.00,0,,5.0,40.0,60.0
2025-10-11T15:25:54.063139,57.362,0.00,0.00,0.00,0.00,0.00,0.00,0.00,0,,5.0,40.0,60.0
2025-10-11T15:25:54.065825,57.364,0.00,0.00,0.00,0.00,0.00,0.00,0.00,0,,7.0,40.0,60.0
2025-10-11T15:25:54.068719,57.367,0.00,0.00,0.00,0.00,0.00,0.00,0.00,0,,7.0,40.0,60.0
2025-10-11T15:25:54.071532,57.370,0.00,0.00,0.00,0.00,0.00,0.00,0.00,0,,8.0,40.0,60.0
2025-10-11T15:25:54.074492,57.373,0.00,0.00,0.00,0.00,0.00,0.00,0.00,0,,8.0,40.0,60.0
2025-10-11T15:25:54.077246,57.376,0.00,0.00,0.00,0.00,0.00,0.00,0.00,0,,8.0,90.0,60.0
2025-10-11T15:25:54.080256,57.379,0.00,0.00,0.00,0.00,0.00,0.00,0.00,0,,8.0,90.0,60.0
2025-10-11T15:25:54.082881,57.381,0.00,0.00,0.00,0.00,0.00,0.00,0.00,0,,8.0,80.0,60.0
2025-10-11T15:25:54.085567,57.384,0.00,0.00,0.00,0.00,0.00,0.00,0.00,0,,8.0,80.0,60.0
2025-10-11T15:25:54.957518,58.256,0.00,0.00,0.00,0.00,0.00,0.00,0.00,0,,8.0,70.0,60.0
2025-10-11T15:25:54.959984,58.259,0.00,0.00,0.00,0.00,0.00,0.00,0.00,0,,8.0,70.0,60.0
2025-10-11T15:25:54.962375,58.261,0.00,0.00,0.00,0.00,0.00,0.00,0.00,0,,8.0,70.0,60.0
2025-10-11T15:25:54.965216,58.264,0.00,0.00,0.00,0.00,0.00,0.00,0.00,0,,8.0,70.0,60.0
2025-10-11T15:25:54.967807,58.266,0.00,0.00,0.00,0.00,0.00,0.00,0.00,0,,5.0,70.0,60.0
2025-10-11T15:25:54.970447,58.269,0.00,0.00,0.00,0.00,0.00,0.00,0.00,0,,5.0,70.0,60.0
2025-10-11T15:25:54.972793,58.271,0.00,0.00,0.00,0.00,0.00,0.00,0.00,0,,5.0,70.0,40.0
2025-10-11T15:25:54.975471,58.274,0.00,0.00,0.00,0.00,0.00,0.00,0.00,0,,5.0,70.0,40.0
2025-10-11T15:25:54.977563,58.276,0.00,0.00,0.00,0.00,0.00,0.00,0.00,0,,5.0,30.0,40.0
2025-10-11T15:25:54.980697,58.279,0.00,0.00,0.00,0.00,0.00,0.00,0.00,0,,5.0,30.0,40.0
2025-10-11T15:25:55.627256,58.926,0.00,0.00,0.00,0.00,0.00,0.00,0.00,0,,5.0,30.0,20.0
2025-10-11T15:25:55.630385,58.929,0.00,0.00,0.00,0.00,0.00,0.00,0.00,0,,5.0,30.0,20.0
2025-10-11T15:25:55.634537,58.933,0.00,0.00,0.00,0.00,0.00,0.00,0.00,0,,5.0,10.0,20.0
2025-10-11T15:25:55.637650,58.936,0.00,0.00,0.00,0.00,0.00,0.00,0.00,0,,5.0,10.0,20.0
2025-10-11T15:25:55.641460,58.940,0.00,0.00,0.00,0.00,0.00,0.00,0.00,0,,5.0,20.0,20.0
2025-10-11T15:25:55.645402,58.944,0.00,0.00,0.00,0.00,0.00,0.00,0.00,0,,5.0,20.0,20.0
2025-10-11T15:25:56.390178,59.689,0.00,0.00,0.00,0.00,0.00,0.00,0.00,0,,3.0,20.0,20.0
2025-10-11T15:25:56.392202,59.691,0.00,0.00,0.00,0.00,0.00,0.00,0.00,0,,3.0,20.0,20.0
2025-10-11T15:25:56.394134,59.693,0.00,0.00,0.00,0.00,0.00,0.00,0.00,0,,3.0,20.0,40.0
2025-10-11T15:25:56.397224,59.696,0.00,0.00,0.00,0.00,0.00,0.00,0.00,0,,3.0,20.0,40.0
2025-10-11T15:25:56.400133,59.699,0.00,0.00,0.00,0.00,0.00,0.00,0.00,0,,5.0,20.0,40.0
2025-10-11T15:25:56.402667,59.701,0.00,0.00,0.00,0.00,0.00,0.00,0.00,0,,5.0,20.0,40.0
2025-10-11T15:25:56.404964,59.704,0.00,0.00,0.00,0.00,0.00,0.00,0.00,0,,5.0,20.0,60.0
2025-10-11T15:25:56.407615,59.706,0.00,0.00,0.00,0.00,0.00,0.00,0.00,0,,5.0,20.0,60.0
2025-10-11T15:25:56.410549,59.709,0.00,0.00,0.00,0.00,0.00,0.00,0.00,0,,5.0,70.0,60.0
2025-10-11T15:25:56.413514,59.712,0.00,0.00,0.00,0.00,0.00,0.00,0.00,0,,5.0,70.0,60.0
2025-10-11T15:25:57.044384,60.343,0.00,0.00,0.00,0.00,0.00,0.00,0.00,0,,5.0,80.0,60.0
2025-10-11T15:25:57.046960,60.346,0.00,0.00,0.00,0.00,0.00,0.00,0.00,0,,5.0,80.0,60.0
2025-10-11T15:25:57.049565,60.348,0.00,0.00,0.00,0.00,0.00,0.00,0.00,0,,5.0,80.0,90.0
2025-10-11T15:25:57.052227,60.351,0.00,0.00,0.00,0.00,0.00,0.00,0.00,0,,5.0,80.0,90.0
2025-10-11T15:25:57.054711,60.353,0.00,0.00,0.00,0.00,0.00,0.00,0.00,0,,8.0,80.0,90.0
2025-10-11T15:25:57.057794,60.356,0.00,0.00,0.00,0.00,0.00,0.00,0.00,0,,8.0,80.0,90.0
2025-10-11T15:25:57.060585,60.359,0.00,0.00,0.00,0.00,0.00,0.00,0.00,0,,8.0,80.0,70.0
2025-10-11T15:25:57.063312,60.362,0.00,0.00,0.00,0.00,0.00,0.00,0.00,0,,8.0,80.0,70.0
2025-10-11T15:25:57.914509,61.213,0.00,0.00,0.00,0.00,0.00,0.00,0.00,0,,6.0,80.0,70.0
2025-10-11T15:25:57.917689,61.216,0.00,0.00,0.00,0.00,0.00,0.00,0.00,0,,6.0,80.0,70.0
2025-10-11T15:25:57.920655,61.219,0.00,0.00,0.00,0.00,0.00,0.00,0.00,0,,6.0,80.0,50.0
2025-10-11T15:25:57.923981,61.223,0.00,0.00,0.00,0.00,0.00,0.00,0.00,0,,6.0,80.0,50.0
2025-10-11T15:25:57.927462,61.226,0.00,0.00,0.00,0.00,0.00,0.00,0.00,0,,6.0,40.0,50.0
2025-10-11T15:25:57.930555,61.229,0.00,0.00,0.00,0.00,0.00,0.00,0.00,0,,6.0,40.0,50.0
2025-10-11T15:25:57.934118,61.233,0.00,0.00,0.00,0.00,0.00,0.00,0.00,0,,6.0,40.0,30.0
2025-10-11T15:25:57.937429,61.236,0.00,0.00,0.00,0.00,0.00,0.00,0.00,0,,6.0,40.0,30.0
2025-10-11T15:25:58.576765,61.875,0.00,0.00,0.00,0.00,0.00,0.00,0.00,0,,2.0,40.0,30.0
2025-10-11T15:25:58.579378,61.878,0.00,0.00,0.00,0.00,0.00,0.00,0.00,0,,2.0,40.0,30.0
2025-10-11T15:25:58.582637,61.881,0.00,0.00,0.00,0.00,0.00,0.00,0.00,0,,2.0,10.0,30.0
2025-10-11T15:25:58.585509,61.884,0.00,0.00,0.00,0.00,0.00,0.00,0.00,0,,2.0,10.0,30.0
2025-10-11T15:25:58.588095,61.887,0.00,0.00,0.00,0.00,0.00,0.00,0.00,0,,2.0,10.0,30.0
2025-10-11T15:25:58.590989,61.890,0.00,0.00,0.00,0.00,0.00,0.00,0.00,0,,2.0,10.0,30.0
2025-10-11T15:25:59.225003,62.524,0.00,0.00,0.00,0.00,0.00,0.00,0.00,0,,3.0,10.0,30.0
2025-10-11T15:25:59.227101,62.526,0.00,0.00,0.00,0.00,0.00,0.00,0.00,0,,3.0,10.0,30.0
2025-10-11T15:25:59.229313,62.528,0.00,0.00,0.00,0.00,0.00,0.00,0.00,0,,3.0,40.0,30.0
2025-10-11T15:25:59.232162,62.531,0.00,0.00,0.00,0.00,0.00,0.00,0.00,0,,3.0,40.0,30.0
2025-10-11T15:25:59.234225,62.533,0.00,0.00,0.00,0.00,0.00,0.00,0.00,0,,3.0,40.0,50.0
2025-10-11T15:25:59.237336,62.536,0.00,0.00,0.00,0.00,0.00,0.00,0.00,0,,3.0,40.0,50.0
2025-10-11T15:25:59.240112,62.539,0.00,0.00,0.00,0.00,0.00,0.00,0.00,0,,3.0,60.0,50.0
2025-10-11T15:25:59.242693,62.541,0.00,0.00,0.00,0.00,0.00,0.00,0.00,0,,3.0,60.0,50.0
2025-10-11T15:25:59.891131,63.190,0.00,0.00,0.00,0.00,0.00,0.00,0.00,0,,3.0,70.0,50.0
2025-10-11T15:25:59.893895,63.192,0.00,0.00,0.00,0.00,0.00,0.00,0.00,0,,3.0,70.0,50.0
2025-10-11T15:25:59.896706,63.195,0.00,0.00,0.00,0.00,0.00,0.00,0.00,0,,3.0,70.0,80.0
2025-10-11T15:25:59.899748,63.198,0.00,0.00,0.00,0.00,0.00,0.00,0.00,0,,3.0,70.0,80.0
2025-10-11T15:25:59.902008,63.201,0.00,0.00,0.00,0.00,0.00,0.00,0.00,0,,9.0,70.0,80.0
2025-10-11T15:25:59.905202,63.204,0.00,0.00,0.00,0.00,0.00,0.00,0.00,0,,9.0,70.0,80.0
2025-10-11T15:25:59.907732,63.206,0.00,0.00,0.00,0.00,0.00,0.00,0.00,0,,9.0,80.0,80.0
2025-10-11T15:25:59.911035,63.210,0.00,0.00,0.00,0.00,0.00,0.00,0.00,0,,9.0,80.0,80.0
2025-10-11T15:25:59.913961,63.213,0.00,0.00,0.00,0.00,0.00,0.00,0.00,0,,7.0,80.0,80.0
2025-10-11T15:25:59.916912,63.216,0.00,0.00,0.00,0.00,0.00,0.00,0.00,0,,7.0,80.0,80.0
2025-10-11T15:26:00.555079,63.854,0.00,0.00,0.00,0.00,0.00,0.00,0.00,0,,7.0,60.0,80.0
2025-10-11T15:26:00.558392,63.857,0.00,0.00,0.00,0.00,0.00,0.00,0.00,0,,7.0,60.0,80.0
2025-10-11T15:26:00.561444,63.860,0.00,0.00,0.00,0.00,0.00,0.00,0.00,0,,7.0,50.0,80.0
2025-10-11T15:26:00.564263,63.863,0.00,0.00,0.00,0.00,0.00,0.00,0.00,0,,7.0,50.0,80.0
2025-10-11T15:26:00.567202,63.866,0.00,0.00,0.00,0.00,0.00,0.00,0.00,0,,7.0,40.0,80.0
2025-10-11T15:26:00.569548,63.868,0.00,0.00,0.00,0.00,0.00,0.00,0.00,0,,7.0,40.0,80.0
2025-10-11T15:26:01.209782,64.508,0.00,0.00,0.00,0.00,0.00,0.00,0.00,0,,3.0,40.0,80.0
2025-10-11T15:26:01.212666,64.511,0.00,0.00,0.00,0.00,0.00,0.00,0.00,0,,3.0,40.0,80.0
2025-10-11T15:26:01.215233,64.514,0.00,0.00,0.00,0.00,0.00,0.00,0.00,0,,3.0,20.0,80.0
2025-10-11T15:26:01.218003,64.517,0.00,0.00,0.00,0.00,0.00,0.00,0.00,0,,3.0,20.0,80.0
2025-10-11T15:26:01.221084,64.520,0.00,0.00,0.00,0.00,0.00,0.00,0.00,0,,3.0,20.0,10.0
2025-10-11T15:26:01.224036,64.523,0.00,0.00,0.00,0.00,0.00,0.00,0.00,0,,3.0,20.0,10.0
2025-10-11T15:26:01.227582,64.526,0.00,0.00,0.00,0.00,0.00,0.00,0.00,0,,3.0,20.0,20.0
2025-10-11T15:26:01.230756,64.529,0.00,0.00,0.00,0.00,0.00,0.00,0.00,0,,3.0,20.0,20.0
2025-10-11T15:26:01.876759,65.175,0.00,0.00,0.00,0.00,0.00,0.00,0.00,0,,3.0,20.0,20.0
2025-10-11T15:26:01.879319,65.178,0.00,0.00,0.00,0.00,0.00,0.00,0.00,0,,3.0,20.0,20.0
2025-10-11T15:26:01.882316,65.181,0.00,0.00,0.00,0.00,0.00,0.00,0.00,0,,4.0,20.0,20.0
2025-10-11T15:26:01.885242,65.184,0.00,0.00,0.00,0.00,0.00,0.00,0.00,0,,4.0,20.0,20.0
2025-10-11T15:26:01.888202,65.187,0.00,0.00,0.00,0.00,0.00,0.00,0.00,0,,5.0,20.0,20.0
2025-10-11T15:26:01.891038,65.190,0.00,0.00,0.00,0.00,0.00,0.00,0.00,0,,5.0,20.0,20.0
2025-10-11T15:26:01.894495,65.193,0.00,0.00,0.00,0.00,0.00,0.00,0.00,0,,5.0,60.0,20.0
2025-10-11T15:26:01.897522,65.196,0.00,0.00,0.00,0.00,0.00,0.00,0.00,0,,5.0,60.0,20.0
2025-10-11T15:26:02.537753,65.836,0.00,0.00,0.00,0.00,0.00,0.00,0.00,0,,7.0,60.0,20.0
2025-10-11T15:26:02.540663,65.839,0.00,0.00,0.00,0.00,0.00,0.00,0.00,0,,7.0,60.0,20.0
2025-10-11T15:26:02.543147,65.842,0.00,0.00,0.00,0.00,0.00,0.00,0.00,0,,8.0,60.0,20.0
2025-10-11T15:26:02.545937,65.845,0.00,0.00,0.00,0.00,0.00,0.00,0.00,0,,8.0,60.0,20.0
2025-10-11T15:26:02.548735,65.847,0.00,0.00,0.00,0.00,0.00,0.00,0.00,0,,9.0,60.0,20.0
2025-10-11T15:26:02.551640,65.850,0.00,0.00,0.00,0.00,0.00,0.00,0.00,0,,9.0,60.0,20.0
2025-10-11T15:26:02.554262,65.853,0.00,0.00,0.00,0.00,0.00,0.00,0.00,0,,8.0,60.0,20.0
2025-10-11T15:26:02.558618,65.857,0.00,0.00,0.00,0.00,0.00,0.00,0.00,0,,8.0,60.0,20.0
2025-10-11T15:26:03.207930,66.507,0.00,0.00,0.00,0.00,0.00,0.00,0.00,0,,7.0,60.0,20.0
2025-10-11T15:26:03.210038,66.509,0.00,0.00,0.00,0.00,0.00,0.00,0.00,0,,7.0,60.0,20.0
2025-10-11T15:26:03.212121,66.511,0.00,0.00,0.00,0.00,0.00,0.00,0.00,0,,7.0,60.0,20.0
2025-10-11T15:26:03.214946,66.514,0.00,0.00,0.00,0.00,0.00,0.00,0.00,0,,7.0,60.0,20.0
2025-10-11T15:26:03.218048,66.517,0.00,0.00,0.00,0.00,0.00,0.00,0.00,0,,5.0,60.0,20.0
2025-10-11T15:26:03.221044,66.520,0.00,0.00,0.00,0.00,0.00,0.00,0.00,0,,5.0,60.0,20.0
2025-10-11T15:26:03.223943,66.523,0.00,0.00,0.00,0.00,0.00,0.00,0.00,0,,4.0,60.0,20.0
2025-10-11T15:26:03.227439,66.526,0.00,0.00,0.00,0.00,0.00,0.00,0.00,0,,4.0,60.0,20.0
2025-10-11T15:26:03.862374,67.161,0.00,0.00,0.00,0.00,0.00,0.00,0.00,0,,4.0,30.0,20.0
2025-10-11T15:26:03.864450,67.163,0.00,0.00,0.00,0.00,0.00,0.00,0.00,0,,4.0,30.0,20.0
2025-10-11T15:26:03.866700,67.165,0.00,0.00,0.00,0.00,0.00,0.00,0.00,0,,4.0,20.0,20.0
2025-10-11T15:26:03.869806,67.168,0.00,0.00,0.00,0.00,0.00,0.00,0.00,0,,4.0,20.0,20.0
2025-10-11T15:26:03.872642,67.171,0.00,0.00,0.00,0.00,0.00,0.00,0.00,0,,4.0,10.0,20.0
2025-10-11T15:26:03.875897,67.174,0.00,0.00,0.00,0.00,0.00,0.00,0.00,0,,4.0,10.0,20.0
2025-10-11T15:26:03.878821,67.177,0.00,0.00,0.00,0.00,0.00,0.00,0.00,0,,4.0,10.0,20.0
2025-10-11T15:26:03.881425,67.180,0.00,0.00,0.00,0.00,0.00,0.00,0.00,0,,4.0,10.0,20.0
2025-10-11T15:26:04.509981,67.809,0.00,0.00,0.00,0.00,0.00,0.00,0.00,0,,4.0,30.0,20.0
2025-10-11T15:26:04.513238,67.812,0.00,0.00,0.00,0.00,0.00,0.00,0.00,0,,4.0,30.0,20.0
2025-10-11T15:26:04.516946,67.816,0.00,0.00,0.00,0.00,0.00,0.00,0.00,0,,4.0,30.0,20.0
2025-10-11T15:26:04.519335,67.818,0.00,0.00,0.00,0.00,0.00,0.00,0.00,0,,4.0,30.0,20.0
2025-10-11T15:26:04.522437,67.821,0.00,0.00,0.00,0.00,0.00,0.00,0.00,0,,4.0,50.0,20.0
2025-10-11T15:26:04.525300,67.824,0.00,0.00,0.00,0.00,0.00,0.00,0.00,0,,4.0,50.0,20.0
2025-10-11T15:26:04.528316,67.827,0.00,0.00,0.00,0.00,0.00,0.00,0.00,0,,4.0,60.0,20.0
2025-10-11T15:26:04.530663,67.829,0.00,0.00,0.00,0.00,0.00,0.00,0.00,0,,4.0,60.0,20.0
2025-10-11T15:26:05.191990,68.491,0.00,0.00,0.00,0.00,0.00,0.00,0.00,0,,7.0,60.0,20.0
2025-10-11T15:26:05.195153,68.494,0.00,0.00,0.00,0.00,0.00,0.00,0.00,0,,7.0,60.0,20.0
2025-10-11T15:26:05.198728,68.497,0.00,0.00,0.00,0.00,0.00,0.00,0.00,0,,7.0,80.0,20.0
2025-10-11T15:26:05.200862,68.499,0.00,0.00,0.00,0.00,0.00,0.00,0.00,0,,7.0,80.0,20.0
2025-10-11T15:26:05.203612,68.502,0.00,0.00,0.00,0.00,0.00,0.00,0.00,0,,9.0,80.0,20.0
2025-10-11T15:26:05.206078,68.505,0.00,0.00,0.00,0.00,0.00,0.00,0.00,0,,9.0,80.0,20.0
2025-10-11T15:26:05.843131,69.142,0.00,0.00,0.00,0.00,0.00,0.00,0.00,0,,9.0,80.0,80.0
2025-10-11T15:26:05.845949,69.145,0.00,0.00,0.00,0.00,0.00,0.00,0.00,0,,9.0,80.0,80.0
2025-10-11T15:26:05.848348,69.147,0.00,0.00,0.00,0.00,0.00,0.00,0.00,0,,9.0,80.0,70.0
2025-10-11T15:26:05.851173,69.150,0.00,0.00,0.00,0.00,0.00,0.00,0.00,0,,9.0,80.0,70.0
2025-10-11T15:26:05.853394,69.152,0.00,0.00,0.00,0.00,0.00,0.00,0.00,0,,9.0,80.0,60.0
2025-10-11T15:26:05.856243,69.155,0.00,0.00,0.00,0.00,0.00,0.00,0.00,0,,9.0,80.0,60.0
2025-10-11T15:26:05.859315,69.158,0.00,0.00,0.00,0.00,0.00,0.00,0.00,0,,5.0,80.0,60.0
2025-10-11T15:26:05.862594,69.161,0.00,0.00,0.00,0.00,0.00,0.00,0.00,0,,5.0,80.0,60.0
2025-10-11T15:26:06.490636,69.789,0.00,0.00,0.00,0.00,0.00,0.00,0.00,0,,5.0,80.0,40.0
2025-10-11T15:26:06.492926,69.792,0.00,0.00,0.00,0.00,0.00,0.00,0.00,0,,5.0,80.0,40.0
2025-10-11T15:26:06.494921,69.794,0.00,0.00,0.00,0.00,0.00,0.00,0.00,0,,5.0,80.0,30.0
2025-10-11T15:26:06.497378,69.796,0.00,0.00,0.00,0.00,0.00,0.00,0.00,0,,5.0,80.0,30.0
2025-10-11T15:26:06.500095,69.799,0.00,0.00,0.00,0.00,0.00,0.00,0.00,0,,2.0,80.0,30.0
2025-10-11T15:26:06.504088,69.803,0.00,0.00,0.00,0.00,0.00,0.00,0.00,0,,2.0,80.0,30.0
2025-10-11T15:26:06.507433,69.806,0.00,0.00,0.00,0.00,0.00,0.00,0.00,0,,1.0,80.0,30.0
2025-10-11T15:26:06.510276,69.809,0.00,0.00,0.00,0.00,0.00,0.00,0.00,0,,1.0,80.0,30.0
2025-10-11T15:26:07.165921,70.465,0.00,0.00,0.00,0.00,0.00,0.00,0.00,0,,1.0,20.0,30.0
2025-10-11T15:26:07.168546,70.467,0.00,0.00,0.00,0.00,0.00,0.00,0.00,0,,1.0,20.0,30.0
2025-10-11T15:26:07.171155,70.470,0.00,0.00,0.00,0.00,0.00,0.00,0.00,0,,3.0,20.0,30.0
2025-10-11T15:26:07.174325,70.473,0.00,0.00,0.00,0.00,0.00,0.00,0.00,0,,3.0,20.0,30.0
2025-10-11T15:26:07.177791,70.476,0.00,0.00,0.00,0.00,0.00,0.00,0.00,0,,4.0,20.0,30.0
2025-10-11T15:26:07.181811,70.480,0.00,0.00,0.00,0.00,0.00,0.00,0.00,0,,4.0,20.0,30.0
2025-10-11T15:26:07.186102,70.485,0.00,0.00,0.00,0.00,0.00,0.00,0.00,0,,4.0,20.0,50.0
2025-10-11T15:26:07.189427,70.488,0.00,0.00,0.00,0.00,0.00,0.00,0.00,0,,4.0,20.0,50.0
2025-10-11T15:26:07.825733,71.124,0.00,0.00,0.00,0.00,0.00,0.00,0.00,0,,6.0,20.0,50.0
2025-10-11T15:26:07.828218,71.127,0.00,0.00,0.00,0.00,0.00,0.00,0.00,0,,6.0,20.0,50.0
2025-10-11T15:26:07.830641,71.129,0.00,0.00,0.00,0.00,0.00,0.00,0.00,0,,6.0,20.0,70.0
2025-10-11T15:26:07.833510,71.132,0.00,0.00,0.00,0.00,0.00,0.00,0.00,0,,6.0,20.0,70.0
2025-10-11T15:26:07.835923,71.135,0.00,0.00,0.00,0.00,0.00,0.00,0.00,0,,8.0,20.0,70.0
2025-10-11T15:26:07.838739,71.137,0.00,0.00,0.00,0.00,0.00,0.00,0.00,0,,8.0,20.0,70.0
2025-10-11T15:26:07.841876,71.140,0.00,0.00,0.00,0.00,0.00,0.00,0.00,0,,8.0,20.0,90.0
2025-10-11T15:26:07.844994,71.144,0.00,0.00,0.00,0.00,0.00,0.00,0.00,0,,8.0,20.0,90.0
2025-10-11T15:26:08.593500,71.892,0.00,0.00,0.00,0.00,0.00,0.00,0.00,0,,8.0,20.0,90.0
2025-10-11T15:26:08.596469,71.895,0.00,0.00,0.00,0.00,0.00,0.00,0.00,0,,8.0,20.0,90.0
2025-10-11T15:26:08.600322,71.899,0.00,0.00,0.00,0.00,0.00,0.00,0.00,0,,8.0,20.0,70.0
2025-10-11T15:26:08.603605,71.902,0.00,0.00,0.00,0.00,0.00,0.00,0.00,0,,8.0,20.0,70.0
2025-10-11T15:26:08.606740,71.905,0.00,0.00,0.00,0.00,0.00,0.00,0.00,0,,8.0,60.0,70.0
2025-10-11T15:26:08.609663,71.908,0.00,0.00,0.00,0.00,0.00,0.00,0.00,0,,8.0,60.0,70.0
2025-10-11T15:26:08.612876,71.911,0.00,0.00,0.00,0.00,0.00,0.00,0.00,0,,8.0,60.0,50.0
2025-10-11T15:26:08.616356,71.915,0.00,0.00,0.00,0.00,0.00,0.00,0.00,0,,8.0,60.0,50.0
2025-10-11T15:26:09.241978,72.541,0.00,0.00,0.00,0.00,0.00,0.00,0.00,0,,8.0,40.0,50.0
2025-10-11T15:26:09.243986,72.543,0.00,0.00,0.00,0.00,0.00,0.00,0.00,0,,8.0,40.0,50.0
2025-10-11T15:26:09.246177,72.545,0.00,0.00,0.00,0.00,0.00,0.00,0.00,0,,8.0,40.0,30.0
2025-10-11T15:26:09.249064,72.548,0.00,0.00,0.00,0.00,0.00,0.00,0.00,0,,8.0,40.0,30.0
2025-10-11T15:26:09.251511,72.550,0.00,0.00,0.00,0.00,0.00,0.00,0.00,0,,8.0,40.0,20.0
2025-10-11T15:26:09.254372,72.553,0.00,0.00,0.00,0.00,0.00,0.00,0.00,0,,8.0,40.0,20.0
2025-10-11T15:26:09.907040,73.206,0.00,0.00,0.00,0.00,0.00,0.00,0.00,0,,8.0,10.0,20.0
2025-10-11T15:26:09.910580,73.209,0.00,0.00,0.00,0.00,0.00,0.00,0.00,0,,8.0,10.0,20.0
2025-10-11T15:26:09.914101,73.213,0.00,0.00,0.00,0.00,0.00,0.00,0.00,0,,8.0,20.0,20.0
2025-10-11T15:26:09.916946,73.216,0.00,0.00,0.00,0.00,0.00,0.00,0.00,0,,8.0,20.0,20.0
2025-10-11T15:26:09.919479,73.218,0.00,0.00,0.00,0.00,0.00,0.00,0.00,0,,8.0,20.0,30.0
2025-10-11T15:26:09.922469,73.221,0.00,0.00,0.00,0.00,0.00,0.00,0.00,0,,8.0,20.0,30.0
2025-10-11T15:26:09.925873,73.224,0.00,0.00,0.00,0.00,0.00,0.00,0.00,0,,8.0,20.0,40.0
2025-10-11T15:26:09.929665,73.228,0.00,0.00,0.00,0.00,0.00,0.00,0.00,0,,8.0,20.0,40.0
2025-10-11T15:26:10.560095,73.859,0.00,0.00,0.00,0.00,0.00,0.00,0.00,0,,5.0,20.0,40.0
2025-10-11T15:26:10.563325,73.862,0.00,0.00,0.00,0.00,0.00,0.00,0.00,0,,5.0,20.0,40.0
2025-10-11T15:26:10.566123,73.865,0.00,0.00,0.00,0.00,0.00,0.00,0.00,0,,5.0,20.0,60.0
2025-10-11T15:26:10.569503,73.868,0.00,0.00,0.00,0.00,0.00,0.00,0.00,0,,5.0,20.0,60.0
2025-10-11T15:26:10.571619,73.870,0.00,0.00,0.00,0.00,0.00,0.00,0.00,0,,5.0,70.0,60.0
2025-10-11T15:26:10.574531,73.873,0.00,0.00,0.00,0.00,0.00,0.00,0.00,0,,5.0,70.0,60.0
2025-10-11T15:26:11.106023,74.405,0.00,0.00,0.00,0.00,0.00,0.00,0.00,0,,8.0,70.0,60.0
2025-10-11T15:26:11.109445,74.408,0.00,0.00,0.00,0.00,0.00,0.00,0.00,0,,8.0,70.0,60.0
2025-10-11T15:26:11.112655,74.411,0.00,0.00,0.00,0.00,0.00,0.00,0.00,0,,8.0,70.0,90.0
2025-10-11T15:26:11.115250,74.414,0.00,0.00,0.00,0.00,0.00,0.00,0.00,0,,8.0,70.0,90.0
2025-10-11T15:26:11.119200,74.418,0.00,0.00,0.00,0.00,0.00,0.00,0.00,0,,8.0,70.0,80.0
2025-10-11T15:26:11.121746,74.420,0.00,0.00,0.00,0.00,0.00,0.00,0.00,0,,8.0,70.0,80.0
2025-10-11T15:26:11.777063,75.076,0.00,0.00,0.00,0.00,0.00,0.00,0.00,0,,7.0,70.0,80.0
2025-10-11T15:26:11.779631,75.078,0.00,0.00,0.00,0.00,0.00,0.00,0.00,0,,7.0,70.0,80.0
2025-10-11T15:26:11.782085,75.081,0.00,0.00,0.00,0.00,0.00,0.00,0.00,0,,7.0,60.0,80.0
2025-10-11T15:26:11.785044,75.084,0.00,0.00,0.00,0.00,0.00,0.00,0.00,0,,7.0,60.0,80.0
2025-10-11T15:26:11.787329,75.086,0.00,0.00,0.00,0.00,0.00,0.00,0.00,0,,7.0,60.0,50.0
2025-10-11T15:26:11.790146,75.089,0.00,0.00,0.00,0.00,0.00,0.00,0.00,0,,7.0,60.0,50.0
2025-10-11T15:26:11.793238,75.092,0.00,0.00,0.00,0.00,0.00,0.00,0.00,0,,7.0,40.0,50.0
2025-10-11T15:26:11.796564,75.095,0.00,0.00,0.00,0.00,0.00,0.00,0.00,0,,7.0,40.0,50.0
2025-10-11T15:26:12.648107,75.947,0.00,0.00,0.00,0.00,0.00,0.00,0.00,0,,7.0,40.0,30.0
2025-10-11T15:26:12.651297,75.950,0.00,0.00,0.00,0.00,0.00,0.00,0.00,0,,7.0,40.0,30.0
2025-10-11T15:26:12.654484,75.953,0.00,0.00,0.00,0.00,0.00,0.00,0.00,0,,2.0,40.0,30.0
2025-10-11T15:26:12.659409,75.958,0.00,0.00,0.00,0.00,0.00,0.00,0.00,0,,2.0,40.0,30.0
2025-10-11T15:26:12.662782,75.961,0.00,0.00,0.00,0.00,0.00,0.00,0.00,0,,2.0,40.0,10.0
2025-10-11T15:26:12.666904,75.965,0.00,0.00,0.00,0.00,0.00,0.00,0.00,0,,2.0,40.0,10.0
2025-10-11T15:26:12.669786,75.968,0.00,0.00,0.00,0.00,0.00,0.00,0.00,0,,2.0,20.0,10.0
2025-10-11T15:26:12.672618,75.971,0.00,0.00,0.00,0.00,0.00,0.00,0.00,0,,2.0,20.0,10.0
2025-10-11T15:26:12.677009,75.976,0.00,0.00,0.00,0.00,0.00,0.00,0.00,0,,3.0,20.0,10.0
2025-10-11T15:26:12.681294,75.980,0.00,0.00,0.00,0.00,0.00,0.00,0.00,0,,3.0,20.0,10.0
2025-10-11T15:26:13.547001,76.846,0.00,0.00,0.00,0.00,0.00,0.00,0.00,0,,3.0,40.0,10.0
2025-10-11T15:26:13.549581,76.848,0.00,0.00,0.00,0.00,0.00,0.00,0.00,0,,3.0,40.0,10.0
2025-10-11T15:26:13.552037,76.851,0.00,0.00,0.00,0.00,0.00,0.00,0.00,0,,3.0,50.0,10.0
2025-10-11T15:26:13.555779,76.854,0.00,0.00,0.00,0.00,0.00,0.00,0.00,0,,3.0,50.0,10.0
2025-10-11T15:26:13.559350,76.858,0.00,0.00,0.00,0.00,0.00,0.00,0.00,0,,6.0,50.0,10.0
2025-10-11T15:26:13.562348,76.861,0.00,0.00,0.00,0.00,0.00,0.00,0.00,0,,6.0,50.0,10.0
2025-10-11T15:26:13.565494,76.864,0.00,0.00,0.00,0.00,0.00,0.00,0.00,0,,7.0,50.0,10.0
2025-10-11T15:26:13.568890,76.867,0.00,0.00,0.00,0.00,0.00,0.00,0.00,0,,7.0,50.0,10.0
2025-10-11T15:26:13.573270,76.872,0.00,0.00,0.00,0.00,0.00,0.00,0.00,0,,7.0,50.0,80.0
2025-10-11T15:26:13.577229,76.876,0.00,0.00,0.00,0.00,0.00,0.00,0.00,0,,7.0,50.0,80.0
2025-10-11T15:26:14.426158,77.725,0.00,0.00,0.00,0.00,0.00,0.00,0.00,0,,7.0,50.0,90.0
2025-10-11T15:26:14.428733,77.727,0.00,0.00,0.00,0.00,0.00,0.00,0.00,0,,7.0,50.0,90.0
2025-10-11T15:26:14.431773,77.730,0.00,0.00,0.00,0.00,0.00,0.00,0.00,0,,7.0,50.0,80.0
2025-10-11T15:26:14.434956,77.734,0.00,0.00,0.00,0.00,0.00,0.00,0.00,0,,7.0,50.0,80.0
2025-10-11T15:26:14.437569,77.736,0.00,0.00,0.00,0.00,0.00,0.00,0.00,0,,7.0,50.0,70.0
2025-10-11T15:26:14.440942,77.740,0.00,0.00,0.00,0.00,0.00,0.00,0.00,0,,7.0,50.0,70.0
2025-10-11T15:26:14.444150,77.743,0.00,0.00,0.00,0.00,0.00,0.00,0.00,0,,7.0,50.0,60.0
2025-10-11T15:26:14.448304,77.747,0.00,0.00,0.00,0.00,0.00,0.00,0.00,0,,7.0,50.0,60.0
2025-10-11T15:26:14.451486,77.750,0.00,0.00,0.00,0.00,0.00,0.00,0.00,0,,5.0,50.0,60.0
2025-10-11T15:26:14.454311,77.753,0.00,0.00,0.00,0.00,0.00,0.00,0.00,0,,5.0,50.0,60.0
2025-10-11T15:26:15.192917,78.492,0.00,0.00,0.00,0.00,0.00,0.00,0.00,0,,4.0,50.0,60.0
2025-10-11T15:26:15.195555,78.494,0.00,0.00,0.00,0.00,0.00,0.00,0.00,0,,4.0,50.0,60.0
2025-10-11T15:26:15.198106,78.497,0.00,0.00,0.00,0.00,0.00,0.00,0.00,0,,4.0,50.0,30.0
2025-10-11T15:26:15.201551,78.500,0.00,0.00,0.00,0.00,0.00,0.00,0.00,0,,4.0,50.0,30.0
2025-10-11T15:26:15.204211,78.503,0.00,0.00,0.00,0.00,0.00,0.00,0.00,0,,2.0,50.0,30.0
2025-10-11T15:26:15.207261,78.506,0.00,0.00,0.00,0.00,0.00,0.00,0.00,0,,2.0,50.0,30.0
2025-10-11T15:26:15.210295,78.509,0.00,0.00,0.00,0.00,0.00,0.00,0.00,0,,1.0,50.0,30.0
2025-10-11T15:26:15.213314,78.512,0.00,0.00,0.00,0.00,0.00,0.00,0.00,0,,1.0,50.0,30.0
2025-10-11T15:26:15.216270,78.515,0.00,0.00,0.00,0.00,0.00,0.00,0.00,0,,1.0,20.0,30.0
2025-10-11T15:26:15.219302,78.518,0.00,0.00,0.00,0.00,0.00,0.00,0.00,0,,1.0,20.0,30.0
2025-10-11T15:26:15.845115,79.144,0.00,0.00,0.00,0.00,0.00,0.00,0.00,0,,3.0,20.0,30.0
2025-10-11T15:26:15.847611,79.146,0.00,0.00,0.00,0.00,0.00,0.00,0.00,0,,3.0,20.0,30.0
2025-10-11T15:26:15.850531,79.149,0.00,0.00,0.00,0.00,0.00,0.00,0.00,0,,3.0,20.0,40.0
2025-10-11T15:26:15.853501,79.152,0.00,0.00,0.00,0.00,0.00,0.00,0.00,0,,3.0,20.0,40.0
2025-10-11T15:26:15.856273,79.155,0.00,0.00,0.00,0.00,0.00,0.00,0.00,0,,5.0,20.0,40.0
2025-10-11T15:26:15.859160,79.158,0.00,0.00,0.00,0.00,0.00,0.00,0.00,0,,5.0,20.0,40.0
2025-10-11T15:26:16.491050,79.790,0.00,0.00,0.00,0.00,0.00,0.00,0.00,0,,5.0,60.0,40.0
2025-10-11T15:26:16.493656,79.792,0.00,0.00,0.00,0.00,0.00,0.00,0.00,0,,5.0,60.0,40.0
2025-10-11T15:26:16.496356,79.795,0.00,0.00,0.00,0.00,0.00,0.00,0.00,0,,5.0,70.0,40.0
2025-10-11T15:26:16.499411,79.798,0.00,0.00,0.00,0.00,0.00,0.00,0.00,0,,5.0,70.0,40.0
2025-10-11T15:26:16.501954,79.801,0.00,0.00,0.00,0.00,0.00,0.00,0.00,0,,8.0,70.0,40.0
2025-10-11T15:26:16.504917,79.804,0.00,0.00,0.00,0.00,0.00,0.00,0.00,0,,8.0,70.0,40.0
2025-10-11T15:26:50.275259,113.574,0.00,0.00,0.00,0.00,0.00,0.00,0.00,0,,3.0,70.0,40.0
2025-10-11T15:26:50.278282,113.577,0.00,0.00,0.00,0.00,0.00,0.00,0.00,0,,3.0,70.0,40.0
2025-10-11T15:26:50.280978,113.580,0.00,0.00,0.00,0.00,0.00,0.00,0.00,0,,3.0,30.0,40.0
2025-10-11T15:26:50.284063,113.583,0.00,0.00,0.00,0.00,0.00,0.00,0.00,0,,3.0,30.0,40.0
2025-10-11T15:26:50.827440,114.126,0.00,0.00,0.00,0.00,0.00,0.00,0.00,0,,3.0,30.0,30.0
2025-10-11T15:26:50.830219,114.129,0.00,0.00,0.00,0.00,0.00,0.00,0.00,0,,3.0,30.0,30.0
2025-10-11T15:26:50.832924,114.132,0.00,0.00,0.00,0.00,0.00,0.00,0.00,0,,4.0,30.0,30.0
2025-10-11T15:26:50.835942,114.135,0.00,0.00,0.00,0.00,0.00,0.00,0.00,0,,4.0,30.0,30.0
2025-10-11T15:26:50.839056,114.138,0.00,0.00,0.00,0.00,0.00,0.00,0.00,0,,4.0,40.0,30.0
2025-10-11T15:26:50.842181,114.141,0.00,0.00,0.00,0.00,0.00,0.00,0.00,0,,4.0,40.0,30.0
2025-10-11T15:26:50.845567,114.144,0.00,0.00,0.00,0.00,0.00,0.00,0.00,0,,4.0,40.0,40.0
2025-10-11T15:26:50.848046,114.147,0.00,0.00,0.00,0.00,0.00,0.00,0.00,0,,4.0,40.0,40.0
2025-10-11T15:26:51.371359,114.670,0.00,0.00,0.00,0.00,0.00,0.00,0.00,0,,5.0,40.0,40.0
2025-10-11T15:26:51.373816,114.672,0.00,0.00,0.00,0.00,0.00,0.00,0.00,0,,5.0,40.0,40.0
2025-10-11T15:26:51.377894,114.676,0.00,0.00,0.00,0.00,0.00,0.00,0.00,0,,5.0,50.0,40.0
2025-10-11T15:26:51.381436,114.680,0.00,0.00,0.00,0.00,0.00,0.00,0.00,0,,5.0,50.0,40.0
2025-10-11T15:26:51.384438,114.683,0.00,0.00,0.00,0.00,0.00,0.00,0.00,0,,5.0,50.0,50.0
2025-10-11T15:26:51.387937,114.687,0.00,0.00,0.00,0.00,0.00,0.00,0.00,0,,5.0,50.0,50.0
2025-10-11T15:26:52.026227,115.325,0.00,0.00,0.00,0.00,0.00,0.00,0.00,0,,6.0,50.0,50.0
2025-10-11T15:26:52.028965,115.328,0.00,0.00,0.00,0.00,0.00,0.00,0.00,0,,6.0,50.0,50.0
2025-10-11T15:26:52.031579,115.330,0.00,0.00,0.00,0.00,0.00,0.00,0.00,0,,6.0,60.0,50.0
2025-10-11T15:26:52.034408,115.333,0.00,0.00,0.00,0.00,0.00,0.00,0.00,0,,6.0,60.0,50.0
2025-10-11T15:26:52.037115,115.336,0.00,0.00,0.00,0.00,0.00,0.00,0.00,0,,6.0,60.0,60.0
2025-10-11T15:26:52.040523,115.339,0.00,0.00,0.00,0.00,0.00,0.00,0.00,0,,6.0,60.0,60.0
2025-10-11T15:26:52.044925,115.344,0.00,0.00,0.00,0.00,0.00,0.00,0.00,0,,7.0,60.0,60.0
2025-10-11T15:26:52.047777,115.346,0.00,0.00,0.00,0.00,0.00,0.00,0.00,0,,7.0,60.0,60.0
2025-10-11T15:26:52.592628,115.891,0.00,0.00,0.00,0.00,0.00,0.00,0.00,0,,7.0,70.0,60.0
2025-10-11T15:26:52.595300,115.894,0.00,0.00,0.00,0.00,0.00,0.00,0.00,0,,7.0,70.0,60.0
2025-10-11T15:26:52.598131,115.897,0.00,0.00,0.00,0.00,0.00,0.00,0.00,0,,7.0,70.0,70.0
2025-10-11T15:26:52.602486,115.901,0.00,0.00,0.00,0.00,0.00,0.00,0.00,0,,7.0,70.0,70.0
2025-10-11T15:26:52.606156,115.905,0.00,0.00,0.00,0.00,0.00,0.00,0.00,0,,8.0,70.0,70.0
2025-10-11T15:26:52.609553,115.908,0.00,0.00,0.00,0.00,0.00,0.00,0.00,0,,8.0,70.0,70.0
2025-10-11T15:26:53.244540,116.543,0.00,0.00,0.00,0.00,0.00,0.00,0.00,0,,8.0,80.0,70.0
2025-10-11T15:26:53.247720,116.546,0.00,0.00,0.00,0.00,0.00,0.00,0.00,0,,8.0,80.0,70.0
2025-10-11T15:26:53.251201,116.550,0.00,0.00,0.00,0.00,0.00,0.00,0.00,0,,8.0,80.0,80.0
2025-10-11T15:26:53.254136,116.553,0.00,0.00,0.00,0.00,0.00,0.00,0.00,0,,8.0,80.0,80.0
2025-10-11T15:26:53.257324,116.556,0.00,0.00,0.00,0.00,0.00,0.00,0.00,0,,9.0,80.0,80.0
2025-10-11T15:26:53.260101,116.559,0.00,0.00,0.00,0.00,0.00,0.00,0.00,0,,9.0,80.0,80.0
2025-10-11T15:26:53.263896,116.562,0.00,0.00,0.00,0.00,0.00,0.00,0.00,0,,9.0,90.0,80.0
2025-10-11T15:26:53.267078,116.566,0.00,0.00,0.00,0.00,0.00,0.00,0.00,0,,9.0,90.0,80.0
2025-10-11T15:26:53.911586,117.210,0.00,0.00,0.00,0.00,0.00,0.00,0.00,0,,9.0,90.0,90.0
2025-10-11T15:26:53.914622,117.213,0.00,0.00,0.00,0.00,0.00,0.00,0.00,0,,9.0,90.0,90.0
2025-10-11T15:26:53.917219,117.216,0.00,0.00,0.00,0.00,0.00,0.00,0.00,0,,8.0,90.0,90.0
2025-10-11T15:26:53.920282,117.219,0.00,0.00,0.00,0.00,0.00,0.00,0.00,0,,8.0,90.0,90.0
2025-10-11T15:26:53.922398,117.221,0.00,0.00,0.00,0.00,0.00,0.00,0.00,0,,8.0,80.0,90.0
2025-10-11T15:26:53.925481,117.224,0.00,0.00,0.00,0.00,0.00,0.00,0.00,0,,8.0,80.0,90.0
2025-10-11T15:26:53.928162,117.227,0.00,0.00,0.00,0.00,0.00,0.00,0.00,0,,8.0,80.0,80.0
2025-10-11T15:26:53.931233,117.230,0.00,0.00,0.00,0.00,0.00,0.00,0.00,0,,8.0,80.0,80.0
2025-10-11T15:26:54.459711,117.758,0.00,0.00,0.00,0.00,0.00,0.00,0.00,0,,7.0,80.0,80.0
2025-10-11T15:26:54.462719,117.761,0.00,0.00,0.00,0.00,0.00,0.00,0.00,0,,7.0,80.0,80.0
2025-10-11T15:26:54.466741,117.765,0.00,0.00,0.00,0.00,0.00,0.00,0.00,0,,7.0,70.0,80.0
2025-10-11T15:26:54.469145,117.768,0.00,0.00,0.00,0.00,0.00,0.00,0.00,0,,7.0,70.0,80.0
2025-10-11T15:26:54.472125,117.771,0.00,0.00,0.00,0.00,0.00,0.00,0.00,0,,7.0,70.0,70.0
2025-10-11T15:26:54.474886,117.773,0.00,0.00,0.00,0.00,0.00,0.00,0.00,0,,7.0,70.0,70.0
2025-10-11T15:26:54.477860,117.776,0.00,0.00,0.00,0.00,0.00,0.00,0.00,0,,6.0,70.0,70.0
2025-10-11T15:26:54.481275,117.780,0.00,0.00,0.00,0.00,0.00,0.00,0.00,0,,6.0,70.0,70.0
2025-10-11T15:26:55.127501,118.426,0.00,0.00,0.00,0.00,0.00,0.00,0.00,0,,6.0,60.0,70.0
2025-10-11T15:26:55.130918,118.430,0.00,0.00,0.00,0.00,0.00,0.00,0.00,0,,6.0,60.0,70.0
2025-10-11T15:26:55.134228,118.433,0.00,0.00,0.00,0.00,0.00,0.00,0.00,0,,6.0,60.0,60.0
2025-10-11T15:26:55.137387,118.436,0.00,0.00,0.00,0.00,0.00,0.00,0.00,0,,6.0,60.0,60.0
2025-10-11T15:26:55.140715,118.439,0.00,0.00,0.00,0.00,0.00,0.00,0.00,0,,5.0,60.0,60.0
2025-10-11T15:26:55.144258,118.443,0.00,0.00,0.00,0.00,0.00,0.00,0.00,0,,5.0,60.0,60.0
2025-10-11T15:26:55.148505,118.447,0.00,0.00,0.00,0.00,0.00,0.00,0.00,0,,5.0,50.0,60.0
2025-10-11T15:26:55.151759,118.450,0.00,0.00,0.00,0.00,0.00,0.00,0.00,0,,5.0,50.0,60.0
2025-10-11T15:26:55.155236,118.454,0.00,0.00,0.00,0.00,0.00,0.00,0.00,0,,5.0,50.0,50.0
2025-10-11T15:26:55.158152,118.457,0.00,0.00,0.00,0.00,0.00,0.00,0.00,0,,5.0,50.0,50.0
2025-10-11T15:26:55.776429,119.075,0.00,0.00,0.00,0.00,0.00,0.00,0.00,0,,4.0,50.0,50.0
2025-10-11T15:26:55.779104,119.078,0.00,0.00,0.00,0.00,0.00,0.00,0.00,0,,4.0,50.0,50.0
2025-10-11T15:26:55.781632,119.080,0.00,0.00,0.00,0.00,0.00,0.00,0.00,0,,4.0,40.0,50.0
2025-10-11T15:26:55.784557,119.083,0.00,0.00,0.00,0.00,0.00,0.00,0.00,0,,4.0,40.0,50.0
2025-10-11T15:26:55.786908,119.086,0.00,0.00,0.00,0.00,0.00,0.00,0.00,0,,4.0,40.0,40.0
2025-10-11T15:26:55.789777,119.088,0.00,0.00,0.00,0.00,0.00,0.00,0.00,0,,4.0,40.0,40.0
2025-10-11T15:26:55.792888,119.091,0.00,0.00,0.00,0.00,0.00,0.00,0.00,0,,3.0,40.0,40.0
2025-10-11T15:26:55.796140,119.095,0.00,0.00,0.00,0.00,0.00,0.00,0.00,0,,3.0,40.0,40.0
2025-10-11T15:26:56.430845,119.729,0.00,0.00,0.00,0.00,0.00,0.00,0.00,0,,3.0,30.0,40.0
2025-10-11T15:26:56.433930,119.733,0.00,0.00,0.00,0.00,0.00,0.00,0.00,0,,3.0,30.0,40.0
2025-10-11T15:26:56.436640,119.735,0.00,0.00,0.00,0.00,0.00,0.00,0.00,0,,3.0,30.0,30.0
2025-10-11T15:26:56.439388,119.738,0.00,0.00,0.00,0.00,0.00,0.00,0.00,0,,3.0,30.0,30.0
2025-10-11T15:26:56.441999,119.741,0.00,0.00,0.00,0.00,0.00,0.00,0.00,0,,2.0,30.0,30.0
2025-10-11T15:26:56.445290,119.744,0.00,0.00,0.00,0.00,0.00,0.00,0.00,0,,2.0,30.0,30.0
2025-10-11T15:26:56.448566,119.747,0.00,0.00,0.00,0.00,0.00,0.00,0.00,0,,2.0,20.0,30.0
2025-10-11T15:26:56.451869,119.750,0.00,0.00,0.00,0.00,0.00,0.00,0.00,0,,2.0,20.0,30.0
2025-10-11T15:26:56.454155,119.753,0.00,0.00,0.00,0.00,0.00,0.00,0.00,0,,2.0,20.0,20.0
2025-10-11T15:26:56.457318,119.756,0.00,0.00,0.00,0.00,0.00,0.00,0.00,0,,2.0,20.0,20.0
2025-10-11T15:26:57.109006,120.408,0.00,0.00,0.00,0.00,0.00,0.00,0.00,0,,1.0,20.0,20.0
2025-10-11T15:26:57.112035,120.411,0.00,0.00,0.00,0.00,0.00,0.00,0.00,0,,1.0,20.0,20.0
2025-10-11T15:26:57.115062,120.414,0.00,0.00,0.00,0.00,0.00,0.00,0.00,0,,1.0,10.0,20.0
2025-10-11T15:26:57.117962,120.417,0.00,0.00,0.00,0.00,0.00,0.00,0.00,0,,1.0,10.0,20.0
2025-10-11T15:26:57.121097,120.420,0.00,0.00,0.00,0.00,0.00,0.00,0.00,0,,1.0,10.0,10.0
2025-10-11T15:26:57.124194,120.423,0.00,0.00,0.00,0.00,0.00,0.00,0.00,0,,1.0,10.0,10.0
2025-10-11T15:26:57.127377,120.426,0.00,0.00,0.00,0.00,0.00,0.00,0.00,0,,2.0,10.0,10.0
2025-10-11T15:26:57.130673,120.429,0.00,0.00,0.00,0.00,0.00,0.00,0.00,0,,2.0,10.0,10.0
2025-10-11T15:26:57.134027,120.433,0.00,0.00,0.00,0.00,0.00,0.00,0.00,0,,2.0,20.0,10.0
2025-10-11T15:26:57.137418,120.436,0.00,0.00,0.00,0.00,0.00,0.00,0.00,0,,2.0,20.0,10.0
2025-10-11T15:26:57.880125,121.179,0.00,0.00,0.00,0.00,0.00,0.00,0.00,0,,2.0,20.0,20.0
2025-10-11T15:26:57.883744,121.182,0.00,0.00,0.00,0.00,0.00,0.00,0.00,0,,2.0,20.0,20.0
2025-10-11T15:26:57.886926,121.186,0.00,0.00,0.00,0.00,0.00,0.00,0.00,0,,3.0,20.0,20.0
2025-10-11T15:26:57.889878,121.188,0.00,0.00,0.00,0.00,0.00,0.00,0.00,0,,3.0,20.0,20.0
2025-10-11T15:26:57.893405,121.192,0.00,0.00,0.00,0.00,0.00,0.00,0.00,0,,3.0,30.0,20.0
2025-10-11T15:26:57.896787,121.195,0.00,0.00,0.00,0.00,0.00,0.00,0.00,0,,3.0,30.0,20.0
2025-10-11T15:26:57.900056,121.199,0.00,0.00,0.00,0.00,0.00,0.00,0.00,0,,3.0,30.0,30.0
2025-10-11T15:26:57.903101,121.202,0.00,0.00,0.00,0.00,0.00,0.00,0.00,0,,3.0,30.0,30.0
2025-10-11T15:26:57.906403,121.205,0.00,0.00,0.00,0.00,0.00,0.00,0.00,0,,4.0,30.0,30.0
2025-10-11T15:26:57.909909,121.209,0.00,0.00,0.00,0.00,0.00,0.00,0.00,0,,4.0,30.0,30.0
2025-10-11T15:26:58.527946,121.827,0.00,0.00,0.00,0.00,0.00,0.00,0.00,0,,4.0,40.0,30.0
2025-10-11T15:26:58.531132,121.830,0.00,0.00,0.00,0.00,0.00,0.00,0.00,0,,4.0,40.0,30.0
2025-10-11T15:26:58.534303,121.833,0.00,0.00,0.00,0.00,0.00,0.00,0.00,0,,4.0,40.0,40.0
2025-10-11T15:26:58.537017,121.836,0.00,0.00,0.00,0.00,0.00,0.00,0.00,0,,4.0,40.0,40.0
2025-10-11T15:26:58.539911,121.839,0.00,0.00,0.00,0.00,0.00,0.00,0.00,0,,5.0,40.0,40.0
2025-10-11T15:26:58.543379,121.842,0.00,0.00,0.00,0.00,0.00,0.00,0.00,0,,5.0,40.0,40.0
2025-10-11T15:26:58.546415,121.845,0.00,0.00,0.00,0.00,0.00,0.00,0.00,0,,5.0,50.0,40.0
2025-10-11T15:26:58.549064,121.848,0.00,0.00,0.00,0.00,0.00,0.00,0.00,0,,5.0,50.0,40.0
2025-10-11T15:26:58.552394,121.851,0.00,0.00,0.00,0.00,0.00,0.00,0.00,0,,5.0,50.0,50.0
2025-10-11T15:26:58.555668,121.854,0.00,0.00,0.00,0.00,0.00,0.00,0.00,0,,5.0,50.0,50.0
2025-10-11T15:26:59.297592,122.596,0.00,0.00,0.00,0.00,0.00,0.00,0.00,0,,6.0,50.0,50.0
2025-10-11T15:26:59.301286,122.600,0.00,0.00,0.00,0.00,0.00,0.00,0.00,0,,6.0,50.0,50.0
2025-10-11T15:26:59.304933,122.604,0.00,0.00,0.00,0.00,0.00,0.00,0.00,0,,6.0,60.0,50.0
2025-10-11T15:26:59.308574,122.607,0.00,0.00,0.00,0.00,0.00,0.00,0.00,0,,6.0,60.0,50.0
2025-10-11T15:26:59.312389,122.611,0.00,0.00,0.00,0.00,0.00,0.00,0.00,0,,6.0,60.0,60.0
2025-10-11T15:26:59.316805,122.615,0.00,0.00,0.00,0.00,0.00,0.00,0.00,0,,6.0,60.0,60.0
2025-10-11T15:26:59.320476,122.619,0.00,0.00,0.00,0.00,0.00,0.00,0.00,0,,7.0,60.0,60.0
2025-10-11T15:26:59.323836,122.622,0.00,0.00,0.00,0.00,0.00,0.00,0.00,0,,7.0,60.0,60.0
2025-10-11T15:26:59.327602,122.626,0.00,0.00,0.00,0.00,0.00,0.00,0.00,0,,7.0,70.0,60.0
2025-10-11T15:26:59.331777,122.630,0.00,0.00,0.00,0.00,0.00,0.00,0.00,0,,7.0,70.0,60.0
2025-10-11T15:26:59.336287,122.635,0.00,0.00,0.00,0.00,0.00,0.00,0.00,0,,7.0,70.0,70.0
2025-10-11T15:26:59.340150,122.639,0.00,0.00,0.00,0.00,0.00,0.00,0.00,0,,7.0,70.0,70.0
2025-10-11T15:26:59.344047,122.643,0.00,0.00,0.00,0.00,0.00,0.00,0.00,0,,8.0,70.0,70.0
2025-10-11T15:26:59.347945,122.647,0.00,0.00,0.00,0.00,0.00,0.00,0.00,0,,8.0,70.0,70.0
2025-10-11T15:27:00.070723,123.369,0.00,0.00,0.00,0.00,0.00,0.00,0.00,0,,8.0,80.0,70.0
2025-10-11T15:27:00.075331,123.374,0.00,0.00,0.00,0.00,0.00,0.00,0.00,0,,8.0,80.0,70.0
2025-10-11T15:27:00.081989,123.381,0.00,0.00,0.00,0.00,0.00,0.00,0.00,0,,8.0,80.0,80.0
2025-10-11T15:27:00.087339,123.386,0.00,0.00,0.00,0.00,0.00,0.00,0.00,0,,8.0,80.0,80.0
2025-10-11T15:27:00.091635,123.390,0.00,0.00,0.00,0.00,0.00,0.00,0.00,0,,9.0,80.0,80.0
2025-10-11T15:27:00.096784,123.395,0.00,0.00,0.00,0.00,0.00,0.00,0.00,0,,9.0,80.0,80.0
2025-10-11T15:27:00.100267,123.399,0.00,0.00,0.00,0.00,0.00,0.00,0.00,0,,9.0,90.0,80.0
2025-10-11T15:27:00.104559,123.403,0.00,0.00,0.00,0.00,0.00,0.00,0.00,0,,9.0,90.0,80.0
2025-10-11T15:27:00.108151,123.407,0.00,0.00,0.00,0.00,0.00,0.00,0.00,0,,9.0,90.0,90.0
2025-10-11T15:27:00.112123,123.411,0.00,0.00,0.00,0.00,0.00,0.00,0.00,0,,9.0,90.0,90.0
2025-10-11T15:27:00.847764,124.146,0.00,0.00,0.00,0.00,0.00,0.00,0.00,0,,8.0,90.0,90.0
2025-10-11T15:27:00.852090,124.151,0.00,0.00,0.00,0.00,0.00,0.00,0.00,0,,8.0,90.0,90.0
2025-10-11T15:27:00.856184,124.155,0.00,0.00,0.00,0.00,0.00,0.00,0.00,0,,8.0,80.0,90.0
2025-10-11T15:27:00.860522,124.159,0.00,0.00,0.00,0.00,0.00,0.00,0.00,0,,8.0,80.0,90.0
2025-10-11T15:27:00.864455,124.163,0.00,0.00,0.00,0.00,0.00,0.00,0.00,0,,8.0,80.0,80.0
2025-10-11T15:27:00.868054,124.167,0.00,0.00,0.00,0.00,0.00,0.00,0.00,0,,8.0,80.0,80.0
2025-10-11T15:27:00.871717,124.170,0.00,0.00,0.00,0.00,0.00,0.00,0.00,0,,7.0,80.0,80.0
2025-10-11T15:27:00.875566,124.174,0.00,0.00,0.00,0.00,0.00,0.00,0.00,0,,7.0,80.0,80.0
2025-10-11T15:27:00.879533,124.178,0.00,0.00,0.00,0.00,0.00,0.00,0.00,0,,7.0,70.0,80.0
2025-10-11T15:27:00.883334,124.182,0.00,0.00,0.00,0.00,0.00,0.00,0.00,0,,7.0,70.0,80.0
2025-10-11T15:27:00.886957,124.186,0.00,0.00,0.00,0.00,0.00,0.00,0.00,0,,7.0,70.0,70.0
2025-10-11T15:27:00.890263,124.189,0.00,0.00,0.00,0.00,0.00,0.00,0.00,0,,7.0,70.0,70.0
2025-10-11T15:27:01.610253,124.909,0.00,0.00,0.00,0.00,0.00,0.00,0.00,0,,6.0,70.0,70.0
2025-10-11T15:27:01.613685,124.912,0.00,0.00,0.00,0.00,0.00,0.00,0.00,0,,6.0,70.0,70.0
2025-10-11T15:27:01.617219,124.916,0.00,0.00,0.00,0.00,0.00,0.00,0.00,0,,6.0,60.0,70.0
2025-10-11T15:27:01.620704,124.919,0.00,0.00,0.00,0.00,0.00,0.00,0.00,0,,6.0,60.0,70.0
2025-10-11T15:27:01.624092,124.923,0.00,0.00,0.00,0.00,0.00,0.00,0.00,0,,6.0,60.0,60.0
2025-10-11T15:27:01.627660,124.926,0.00,0.00,0.00,0.00,0.00,0.00,0.00,0,,6.0,60.0,60.0
2025-10-11T15:27:01.631211,124.930,0.00,0.00,0.00,0.00,0.00,0.00,0.00,0,,5.0,60.0,60.0
2025-10-11T15:27:01.634856,124.933,0.00,0.00,0.00,0.00,0.00,0.00,0.00,0,,5.0,60.0,60.0
2025-10-11T15:27:01.638496,124.937,0.00,0.00,0.00,0.00,0.00,0.00,0.00,0,,5.0,50.0,60.0
2025-10-11T15:27:01.642189,124.941,0.00,0.00,0.00,0.00,0.00,0.00,0.00,0,,5.0,50.0,60.0
2025-10-11T15:27:01.645772,124.944,0.00,0.00,0.00,0.00,0.00,0.00,0.00,0,,5.0,50.0,50.0
2025-10-11T15:27:01.650793,124.949,0.00,0.00,0.00,0.00,0.00,0.00,0.00,0,,5.0,50.0,50.0
2025-10-11T15:27:02.394112,125.693,0.00,0.00,0.00,0.00,0.00,0.00,0.00,0,,4.0,50.0,50.0
2025-10-11T15:27:02.396847,125.695,0.00,0.00,0.00,0.00,0.00,0.00,0.00,0,,4.0,50.0,50.0
2025-10-11T15:27:02.399485,125.698,0.00,0.00,0.00,0.00,0.00,0.00,0.00,0,,4.0,40.0,50.0
2025-10-11T15:27:02.402555,125.701,0.00,0.00,0.00,0.00,0.00,0.00,0.00,0,,4.0,40.0,50.0
2025-10-11T15:27:02.405534,125.704,0.00,0.00,0.00,0.00,0.00,0.00,0.00,0,,4.0,40.0,40.0
2025-10-11T15:27:02.408786,125.707,0.00,0.00,0.00,0.00,0.00,0.00,0.00,0,,4.0,40.0,40.0
2025-10-11T15:27:02.412084,125.711,0.00,0.00,0.00,0.00,0.00,0.00,0.00,0,,3.0,40.0,40.0
2025-10-11T15:27:02.415823,125.714,0.00,0.00,0.00,0.00,0.00,0.00,0.00,0,,3.0,40.0,40.0
2025-10-11T15:27:02.419311,125.718,0.00,0.00,0.00,0.00,0.00,0.00,0.00,0,,3.0,30.0,40.0
2025-10-11T15:27:02.422207,125.721,0.00,0.00,0.00,0.00,0.00,0.00,0.00,0,,3.0,30.0,40.0
2025-10-11T15:27:03.043285,126.342,0.00,0.00,0.00,0.00,0.00,0.00,0.00,0,,3.0,30.0,30.0
2025-10-11T15:27:03.046151,126.345,0.00,0.00,0.00,0.00,0.00,0.00,0.00,0,,3.0,30.0,30.0
2025-10-11T15:27:03.049232,126.348,0.00,0.00,0.00,0.00,0.00,0.00,0.00,0,,2.0,30.0,30.0
2025-10-11T15:27:03.052463,126.351,0.00,0.00,0.00,0.00,0.00,0.00,0.00,0,,2.0,30.0,30.0
2025-10-11T15:27:03.055253,126.354,0.00,0.00,0.00,0.00,0.00,0.00,0.00,0,,2.0,20.0,30.0
2025-10-11T15:27:03.058528,126.357,0.00,0.00,0.00,0.00,0.00,0.00,0.00,0,,2.0,20.0,30.0
2025-10-11T15:27:03.061810,126.360,0.00,0.00,0.00,0.00,0.00,0.00,0.00,0,,2.0,20.0,20.0
2025-10-11T15:27:03.065334,126.364,0.00,0.00,0.00,0.00,0.00,0.00,0.00,0,,2.0,20.0,20.0
2025-10-11T15:27:03.811070,127.110,0.00,0.00,0.00,0.00,0.00,0.00,0.00,0,,1.0,20.0,20.0
2025-10-11T15:27:03.814737,127.113,0.00,0.00,0.00,0.00,0.00,0.00,0.00,0,,1.0,20.0,20.0
2025-10-11T15:27:03.818192,127.117,0.00,0.00,0.00,0.00,0.00,0.00,0.00,0,,1.0,10.0,20.0
2025-10-11T15:27:03.822031,127.121,0.00,0.00,0.00,0.00,0.00,0.00,0.00,0,,1.0,10.0,20.0
2025-10-11T15:27:03.825825,127.124,0.00,0.00,0.00,0.00,0.00,0.00,0.00,0,,1.0,10.0,10.0
2025-10-11T15:27:03.830245,127.129,0.00,0.00,0.00,0.00,0.00,0.00,0.00,0,,1.0,10.0,10.0
2025-10-11T15:27:03.833582,127.132,0.00,0.00,0.00,0.00,0.00,0.00,0.00,0,,2.0,10.0,10.0
2025-10-11T15:27:03.837364,127.136,0.00,0.00,0.00,0.00,0.00,0.00,0.00,0,,2.0,10.0,10.0
2025-10-11T15:27:03.841025,127.140,0.00,0.00,0.00,0.00,0.00,0.00,0.00,0,,2.0,20.0,10.0
2025-10-11T15:27:03.844618,127.143,0.00,0.00,0.00,0.00,0.00,0.00,0.00,0,,2.0,20.0,10.0
2025-10-11T15:27:03.848400,127.147,0.00,0.00,0.00,0.00,0.00,0.00,0.00,0,,2.0,20.0,20.0
2025-10-11T15:27:03.851915,127.151,0.00,0.00,0.00,0.00,0.00,0.00,0.00,0,,2.0,20.0,20.0
2025-10-11T15:27:04.460338,127.759,0.00,0.00,0.00,0.00,0.00,0.00,0.00,0,,3.0,20.0,20.0
2025-10-11T15:27:04.463576,127.762,0.00,0.00,0.00,0.00,0.00,0.00,0.00,0,,3.0,20.0,20.0
2025-10-11T15:27:04.466729,127.765,0.00,0.00,0.00,0.00,0.00,0.00,0.00,0,,3.0,30.0,20.0
2025-10-11T15:27:04.471395,127.770,0.00,0.00,0.00,0.00,0.00,0.00,0.00,0,,3.0,30.0,20.0
2025-10-11T15:27:04.474886,127.773,0.00,0.00,0.00,0.00,0.00,0.00,0.00,0,,3.0,30.0,30.0
2025-10-11T15:27:04.478289,127.777,0.00,0.00,0.00,0.00,0.00,0.00,0.00,0,,3.0,30.0,30.0
2025-10-11T15:27:04.481872,127.780,0.00,0.00,0.00,0.00,0.00,0.00,0.00,0,,4.0,30.0,30.0
2025-10-11T15:27:04.485527,127.784,0.00,0.00,0.00,0.00,0.00,0.00,0.00,0,,4.0,30.0,30.0
2025-10-11T15:27:04.489325,127.788,0.00,0.00,0.00,0.00,0.00,0.00,0.00,0,,4.0,40.0,30.0
2025-10-11T15:27:04.492953,127.792,0.00,0.00,0.00,0.00,0.00,0.00,0.00,0,,4.0,40.0,30.0
2025-10-11T15:27:05.126602,128.425,0.00,0.00,0.00,0.00,0.00,0.00,0.00,0,,4.0,40.0,40.0
2025-10-11T15:27:05.129965,128.429,0.00,0.00,0.00,0.00,0.00,0.00,0.00,0,,4.0,40.0,40.0
2025-10-11T15:27:05.133415,128.432,0.00,0.00,0.00,0.00,0.00,0.00,0.00,0,,5.0,40.0,40.0
2025-10-11T15:27:05.136972,128.436,0.00,0.00,0.00,0.00,0.00,0.00,0.00,0,,5.0,40.0,40.0
2025-10-11T15:27:05.140317,128.439,0.00,0.00,0.00,0.00,0.00,0.00,0.00,0,,5.0,50.0,40.0
2025-10-11T15:27:05.143517,128.442,0.00,0.00,0.00,0.00,0.00,0.00,0.00,0,,5.0,50.0,40.0
2025-10-11T15:27:05.147381,128.446,0.00,0.00,0.00,0.00,0.00,0.00,0.00,0,,5.0,50.0,50.0
2025-10-11T15:27:05.150260,128.449,0.00,0.00,0.00,0.00,0.00,0.00,0.00,0,,5.0,50.0,50.0
2025-10-11T15:27:05.793289,129.092,0.00,0.00,0.00,0.00,0.00,0.00,0.00,0,,6.0,50.0,50.0
2025-10-11T15:27:05.796594,129.095,0.00,0.00,0.00,0.00,0.00,0.00,0.00,0,,6.0,50.0,50.0
2025-10-11T15:27:05.799584,129.098,0.00,0.00,0.00,0.00,0.00,0.00,0.00,0,,6.0,60.0,50.0
2025-10-11T15:27:05.802646,129.101,0.00,0.00,0.00,0.00,0.00,0.00,0.00,0,,6.0,60.0,50.0
2025-10-11T15:27:05.805758,129.104,0.00,0.00,0.00,0.00,0.00,0.00,0.00,0,,6.0,60.0,60.0
2025-10-11T15:27:05.809178,129.108,0.00,0.00,0.00,0.00,0.00,0.00,0.00,0,,6.0,60.0,60.0
2025-10-11T15:27:05.811901,129.110,0.00,0.00,0.00,0.00,0.00,0.00,0.00,0,,7.0,60.0,60.0
2025-10-11T15:27:05.815110,129.114,0.00,0.00,0.00,0.00,0.00,0.00,0.00,0,,7.0,60.0,60.0
2025-10-11T15:27:05.818240,129.117,0.00,0.00,0.00,0.00,0.00,0.00,0.00,0,,7.0,70.0,60.0
2025-10-11T15:27:05.821364,129.120,0.00,0.00,0.00,0.00,0.00,0.00,0.00,0,,7.0,70.0,60.0
2025-10-11T15:27:05.825738,129.124,0.00,0.00,0.00,0.00,0.00,0.00,0.00,0,,7.0,70.0,70.0
2025-10-11T15:27:05.829368,129.128,0.00,0.00,0.00,0.00,0.00,0.00,0.00,0,,7.0,70.0,70.0
2025-10-11T15:27:06.444334,129.743,0.00,0.00,0.00,0.00,0.00,0.00,0.00,0,,8.0,70.0,70.0
2025-10-11T15:27:06.446825,129.745,0.00,0.00,0.00,0.00,0.00,0.00,0.00,0,,8.0,70.0,70.0
2025-10-11T15:27:06.449129,129.748,0.00,0.00,0.00,0.00,0.00,0.00,0.00,0,,8.0,80.0,70.0
2025-10-11T15:27:06.452181,129.751,0.00,0.00,0.00,0.00,0.00,0.00,0.00,0,,8.0,80.0,70.0
2025-10-11T15:27:06.455094,129.754,0.00,0.00,0.00,0.00,0.00,0.00,0.00,0,,8.0,80.0,80.0
2025-10-11T15:27:06.459273,129.758,0.00,0.00,0.00,0.00,0.00,0.00,0.00,0,,8.0,80.0,80.0
2025-10-11T15:27:06.462852,129.761,0.00,0.00,0.00,0.00,0.00,0.00,0.00,0,,9.0,80.0,80.0
2025-10-11T15:27:06.467123,129.766,0.00,0.00,0.00,0.00,0.00,0.00,0.00,0,,9.0,80.0,80.0
2025-10-11T15:27:06.990603,130.289,0.00,0.00,0.00,0.00,0.00,0.00,0.00,0,,9.0,90.0,80.0
2025-10-11T15:27:06.993596,130.292,0.00,0.00,0.00,0.00,0.00,0.00,0.00,0,,9.0,90.0,80.0
2025-10-11T15:27:06.996566,130.295,0.00,0.00,0.00,0.00,0.00,0.00,0.00,0,,9.0,90.0,90.0
2025-10-11T15:27:06.999877,130.298,0.00,0.00,0.00,0.00,0.00,0.00,0.00,0,,9.0,90.0,90.0
2025-10-11T15:27:07.003239,130.302,0.00,0.00,0.00,0.00,0.00,0.00,0.00,0,,8.0,90.0,90.0
2025-10-11T15:27:07.006403,130.305,0.00,0.00,0.00,0.00,0.00,0.00,0.00,0,,8.0,90.0,90.0
2025-10-11T15:27:07.009813,130.308,0.00,0.00,0.00,0.00,0.00,0.00,0.00,0,,8.0,80.0,90.0
2025-10-11T15:27:07.013423,130.312,0.00,0.00,0.00,0.00,0.00,0.00,0.00,0,,8.0,80.0,90.0
2025-10-11T15:27:07.660030,130.959,0.00,0.00,0.00,0.00,0.00,0.00,0.00,0,,8.0,80.0,80.0
2025-10-11T15:27:07.662543,130.961,0.00,0.00,0.00,0.00,0.00,0.00,0.00,0,,8.0,80.0,80.0
2025-10-11T15:27:07.665832,130.964,0.00,0.00,0.00,0.00,0.00,0.00,0.00,0,,7.0,80.0,80.0
2025-10-11T15:27:07.669305,130.968,0.00,0.00,0.00,0.00,0.00,0.00,0.00,0,,7.0,80.0,80.0
2025-10-11T15:27:07.672336,130.971,0.00,0.00,0.00,0.00,0.00,0.00,0.00,0,,7.0,70.0,80.0
2025-10-11T15:27:07.675861,130.974,0.00,0.00,0.00,0.00,0.00,0.00,0.00,0,,7.0,70.0,80.0
2025-10-11T15:27:07.680117,130.979,0.00,0.00,0.00,0.00,0.00,0.00,0.00,0,,7.0,70.0,70.0
2025-10-11T15:27:07.683403,130.982,0.00,0.00,0.00,0.00,0.00,0.00,0.00,0,,7.0,70.0,70.0
2025-10-11T15:27:08.308704,131.607,0.00,0.00,0.00,0.00,0.00,0.00,0.00,0,,6.0,70.0,70.0
2025-10-11T15:27:08.311890,131.610,0.00,0.00,0.00,0.00,0.00,0.00,0.00,0,,6.0,70.0,70.0
2025-10-11T15:27:08.315278,131.614,0.00,0.00,0.00,0.00,0.00,0.00,0.00,0,,6.0,60.0,70.0
2025-10-11T15:27:08.318441,131.617,0.00,0.00,0.00,0.00,0.00,0.00,0.00,0,,6.0,60.0,70.0
2025-10-11T15:27:08.321480,131.620,0.00,0.00,0.00,0.00,0.00,0.00,0.00,0,,6.0,60.0,60.0
2025-10-11T15:27:08.324862,131.623,0.00,0.00,0.00,0.00,0.00,0.00,0.00,0,,6.0,60.0,60.0
2025-10-11T15:27:08.328443,131.627,0.00,0.00,0.00,0.00,0.00,0.00,0.00,0,,5.0,60.0,60.0
2025-10-11T15:27:08.331173,131.630,0.00,0.00,0.00,0.00,0.00,0.00,0.00,0,,5.0,60.0,60.0
2025-10-11T15:27:08.977586,132.276,0.00,0.00,0.00,0.00,0.00,0.00,0.00,0,,5.0,50.0,60.0
2025-10-11T15:27:08.981481,132.280,0.00,0.00,0.00,0.00,0.00,0.00,0.00,0,,5.0,50.0,60.0
2025-10-11T15:27:08.985081,132.284,0.00,0.00,0.00,0.00,0.00,0.00,0.00,0,,5.0,50.0,50.0
2025-10-11T15:27:08.988809,132.287,0.00,0.00,0.00,0.00,0.00,0.00,0.00,0,,5.0,50.0,50.0
2025-10-11T15:27:08.992751,132.291,0.00,0.00,0.00,0.00,0.00,0.00,0.00,0,,4.0,50.0,50.0
2025-10-11T15:27:08.996815,132.295,0.00,0.00,0.00,0.00,0.00,0.00,0.00,0,,4.0,50.0,50.0
2025-10-11T15:27:09.001040,132.300,0.00,0.00,0.00,0.00,0.00,0.00,0.00,0,,4.0,40.0,50.0
2025-10-11T15:27:09.004785,132.303,0.00,0.00,0.00,0.00,0.00,0.00,0.00,0,,4.0,40.0,50.0
2025-10-11T15:27:09.008813,132.307,0.00,0.00,0.00,0.00,0.00,0.00,0.00,0,,4.0,40.0,40.0
2025-10-11T15:27:09.012865,132.311,0.00,0.00,0.00,0.00,0.00,0.00,0.00,0,,4.0,40.0,40.0
2025-10-11T15:27:09.742944,133.042,0.00,0.00,0.00,0.00,0.00,0.00,0.00,0,,3.0,40.0,40.0
2025-10-11T15:27:09.747389,133.046,0.00,0.00,0.00,0.00,0.00,0.00,0.00,0,,3.0,40.0,40.0
2025-10-11T15:27:09.750632,133.049,0.00,0.00,0.00,0.00,0.00,0.00,0.00,0,,3.0,30.0,40.0
2025-10-11T15:27:09.753480,133.052,0.00,0.00,0.00,0.00,0.00,0.00,0.00,0,,3.0,30.0,40.0
2025-10-11T15:27:09.756910,133.056,0.00,0.00,0.00,0.00,0.00,0.00,0.00,0,,3.0,30.0,30.0
2025-10-11T15:27:09.760734,133.059,0.00,0.00,0.00,0.00,0.00,0.00,0.00,0,,3.0,30.0,30.0
2025-10-11T15:27:09.765060,133.064,0.00,0.00,0.00,0.00,0.00,0.00,0.00,0,,2.0,30.0,30.0
2025-10-11T15:27:09.768613,133.067,0.00,0.00,0.00,0.00,0.00,0.00,0.00,0,,2.0,30.0,30.0
2025-10-11T15:27:09.772451,133.071,0.00,0.00,0.00,0.00,0.00,0.00,0.00,0,,2.0,20.0,30.0
2025-10-11T15:27:09.776043,133.075,0.00,0.00,0.00,0.00,0.00,0.00,0.00,0,,2.0,20.0,30.0
2025-10-11T15:27:09.779534,133.078,0.00,0.00,0.00,0.00,0.00,0.00,0.00,0,,2.0,20.0,20.0
2025-10-11T15:27:09.784057,133.083,0.00,0.00,0.00,0.00,0.00,0.00,0.00,0,,2.0,20.0,20.0
2025-10-11T15:27:10.397629,133.696,0.00,0.00,0.00,0.00,0.00,0.00,0.00,0,,1.0,20.0,20.0
2025-10-11T15:27:10.400570,133.699,0.00,0.00,0.00,0.00,0.00,0.00,0.00,0,,1.0,20.0,20.0
2025-10-11T15:27:10.403475,133.702,0.00,0.00,0.00,0.00,0.00,0.00,0.00,0,,1.0,10.0,20.0
2025-10-11T15:27:10.407647,133.706,0.00,0.00,0.00,0.00,0.00,0.00,0.00,0,,1.0,10.0,20.0
2025-10-11T15:27:10.411608,133.710,0.00,0.00,0.00,0.00,0.00,0.00,0.00,0,,1.0,10.0,10.0
2025-10-11T15:27:10.415386,133.714,0.00,0.00,0.00,0.00,0.00,0.00,0.00,0,,1.0,10.0,10.0
2025-10-11T15:27:10.419174,133.718,0.00,0.00,0.00,0.00,0.00,0.00,0.00,0,,2.0,10.0,10.0
2025-10-11T15:27:10.423003,133.722,0.00,0.00,0.00,0.00,0.00,0.00,0.00,0,,2.0,10.0,10.0
2025-10-11T15:27:10.426751,133.725,0.00,0.00,0.00,0.00,0.00,0.00,0.00,0,,2.0,20.0,10.0
2025-10-11T15:27:10.429745,133.728,0.00,0.00,0.00,0.00,0.00,0.00,0.00,0,,2.0,20.0,10.0
2025-10-11T15:27:10.959599,134.258,0.00,0.00,0.00,0.00,0.00,0.00,0.00,0,,2.0,20.0,20.0
2025-10-11T15:27:10.963734,134.262,0.00,0.00,0.00,0.00,0.00,0.00,0.00,0,,2.0,20.0,20.0
2025-10-11T15:27:10.967439,134.266,0.00,0.00,0.00,0.00,0.00,0.00,0.00,0,,3.0,20.0,20.0
2025-10-11T15:27:10.971241,134.270,0.00,0.00,0.00,0.00,0.00,0.00,0.00,0,,3.0,20.0,20.0
2025-10-11T15:27:10.974780,134.273,0.00,0.00,0.00,0.00,0.00,0.00,0.00,0,,3.0,30.0,20.0
2025-10-11T15:27:10.978347,134.277,0.00,0.00,0.00,0.00,0.00,0.00,0.00,0,,3.0,30.0,20.0
2025-10-11T15:27:11.509478,134.808,0.00,0.00,0.00,0.00,0.00,0.00,0.00,0,,3.0,30.0,30.0
2025-10-11T15:27:11.512542,134.811,0.00,0.00,0.00,0.00,0.00,0.00,0.00,0,,3.0,30.0,30.0
2025-10-11T15:27:11.516173,134.815,0.00,0.00,0.00,0.00,0.00,0.00,0.00,0,,4.0,30.0,30.0
2025-10-11T15:27:11.519297,134.818,0.00,0.00,0.00,0.00,0.00,0.00,0.00,0,,4.0,30.0,30.0
2025-10-11T15:27:11.522207,134.821,0.00,0.00,0.00,0.00,0.00,0.00,0.00,0,,4.0,40.0,30.0
2025-10-11T15:27:11.525619,134.824,0.00,0.00,0.00,0.00,0.00,0.00,0.00,0,,4.0,40.0,30.0
2025-10-11T15:27:11.528513,134.827,0.00,0.00,0.00,0.00,0.00,0.00,0.00,0,,4.0,40.0,40.0
2025-10-11T15:27:11.531903,134.831,0.00,0.00,0.00,0.00,0.00,0.00,0.00,0,,4.0,40.0,40.0
2025-10-11T15:27:12.176453,135.475,0.00,0.00,0.00,0.00,0.00,0.00,0.00,0,,5.0,40.0,40.0
2025-10-11T15:27:12.180170,135.479,0.00,0.00,0.00,0.00,0.00,0.00,0.00,0,,5.0,40.0,40.0
2025-10-11T15:27:12.183793,135.482,0.00,0.00,0.00,0.00,0.00,0.00,0.00,0,,5.0,50.0,40.0
2025-10-11T15:27:12.187024,135.486,0.00,0.00,0.00,0.00,0.00,0.00,0.00,0,,5.0,50.0,40.0
2025-10-11T15:27:12.190292,135.489,0.00,0.00,0.00,0.00,0.00,0.00,0.00,0,,5.0,50.0,50.0
2025-10-11T15:27:12.194280,135.493,0.00,0.00,0.00,0.00,0.00,0.00,0.00,0,,5.0,50.0,50.0
2025-10-11T15:27:12.198151,135.497,0.00,0.00,0.00,0.00,0.00,0.00,0.00,0,,6.0,50.0,50.0
2025-10-11T15:27:12.201605,135.500,0.00,0.00,0.00,0.00,0.00,0.00,0.00,0,,6.0,50.0,50.0
2025-10-11T15:27:12.828023,136.127,0.00,0.00,0.00,0.00,0.00,0.00,0.00,0,,6.0,60.0,50.0
2025-10-11T15:27:12.831394,136.130,0.00,0.00,0.00,0.00,0.00,0.00,0.00,0,,6.0,60.0,50.0
2025-10-11T15:27:12.834718,136.133,0.00,0.00,0.00,0.00,0.00,0.00,0.00,0,,6.0,60.0,60.0
2025-10-11T15:27:12.838222,136.137,0.00,0.00,0.00,0.00,0.00,0.00,0.00,0,,6.0,60.0,60.0
2025-10-11T15:27:12.841882,136.140,0.00,0.00,0.00,0.00,0.00,0.00,0.00,0,,7.0,60.0,60.0
2025-10-11T15:27:12.845606,136.144,0.00,0.00,0.00,0.00,0.00,0.00,0.00,0,,7.0,60.0,60.0
2025-10-11T15:27:12.849355,136.148,0.00,0.00,0.00,0.00,0.00,0.00,0.00,0,,7.0,70.0,60.0
2025-10-11T15:27:12.853225,136.152,0.00,0.00,0.00,0.00,0.00,0.00,0.00,0,,7.0,70.0,60.0
2025-10-11T15:27:12.856922,136.156,0.00,0.00,0.00,0.00,0.00,0.00,0.00,0,,7.0,70.0,70.0
2025-10-11T15:27:12.860487,136.159,0.00,0.00,0.00,0.00,0.00,0.00,0.00,0,,7.0,70.0,70.0
2025-10-11T15:27:13.474889,136.773,0.00,0.00,0.00,0.00,0.00,0.00,0.00,0,,8.0,70.0,70.0
2025-10-11T15:27:13.478335,136.777,0.00,0.00,0.00,0.00,0.00,0.00,0.00,0,,8.0,70.0,70.0
2025-10-11T15:27:13.481719,136.780,0.00,0.00,0.00,0.00,0.00,0.00,0.00,0,,8.0,80.0,70.0
2025-10-11T15:27:13.484770,136.783,0.00,0.00,0.00,0.00,0.00,0.00,0.00,0,,8.0,80.0,70.0
2025-10-11T15:27:13.488251,136.787,0.00,0.00,0.00,0.00,0.00,0.00,0.00,0,,8.0,80.0,80.0
2025-10-11T15:27:13.491534,136.790,0.00,0.00,0.00,0.00,0.00,0.00,0.00,0,,8.0,80.0,80.0
2025-10-11T15:27:13.494991,136.794,0.00,0.00,0.00,0.00,0.00,0.00,0.00,0,,9.0,80.0,80.0
2025-10-11T15:27:13.497918,136.797,0.00,0.00,0.00,0.00,0.00,0.00,0.00,0,,9.0,80.0,80.0
2025-10-11T15:27:14.133263,137.432,0.00,0.00,0.00,0.00,0.00,0.00,0.00,0,,9.0,90.0,80.0
2025-10-11T15:27:14.136095,137.435,0.00,0.00,0.00,0.00,0.00,0.00,0.00,0,,9.0,90.0,80.0
2025-10-11T15:27:14.139092,137.438,0.00,0.00,0.00,0.00,0.00,0.00,0.00,0,,9.0,90.0,90.0
2025-10-11T15:27:14.142772,137.441,0.00,0.00,0.00,0.00,0.00,0.00,0.00,0,,9.0,90.0,90.0
2025-10-11T15:27:14.146680,137.445,0.00,0.00,0.00,0.00,0.00,0.00,0.00,0,,8.0,90.0,90.0
2025-10-11T15:27:14.150429,137.449,0.00,0.00,0.00,0.00,0.00,0.00,0.00,0,,8.0,90.0,90.0
2025-10-11T15:27:14.154107,137.453,0.00,0.00,0.00,0.00,0.00,0.00,0.00,0,,8.0,80.0,90.0
2025-10-11T15:27:14.157811,137.456,0.00,0.00,0.00,0.00,0.00,0.00,0.00,0,,8.0,80.0,90.0
2025-10-11T15:27:14.161753,137.460,0.00,0.00,0.00,0.00,0.00,0.00,0.00,0,,8.0,80.0,80.0
2025-10-11T15:27:14.166765,137.465,0.00,0.00,0.00,0.00,0.00,0.00,0.00,0,,8.0,80.0,80.0
2025-10-11T15:27:14.794579,138.093,0.00,0.00,0.00,0.00,0.00,0.00,0.00,0,,7.0,80.0,80.0
2025-10-11T15:27:14.798048,138.097,0.00,0.00,0.00,0.00,0.00,0.00,0.00,0,,7.0,80.0,80.0
2025-10-11T15:27:14.801923,138.101,0.00,0.00,0.00,0.00,0.00,0.00,0.00,0,,7.0,70.0,80.0
2025-10-11T15:27:14.805064,138.104,0.00,0.00,0.00,0.00,0.00,0.00,0.00,0,,7.0,70.0,80.0
2025-10-11T15:27:14.808712,138.107,0.00,0.00,0.00,0.00,0.00,0.00,0.00,0,,7.0,70.0,70.0
2025-10-11T15:27:14.812179,138.111,0.00,0.00,0.00,0.00,0.00,0.00,0.00,0,,7.0,70.0,70.0
2025-10-11T15:27:15.460772,138.759,0.00,0.00,0.00,0.00,0.00,0.00,0.00,0,,6.0,70.0,70.0
2025-10-11T15:27:15.464135,138.763,0.00,0.00,0.00,0.00,0.00,0.00,0.00,0,,6.0,70.0,70.0
2025-10-11T15:27:15.467633,138.766,0.00,0.00,0.00,0.00,0.00,0.00,0.00,0,,6.0,60.0,70.0
2025-10-11T15:27:15.470699,138.769,0.00,0.00,0.00,0.00,0.00,0.00,0.00,0,,6.0,60.0,70.0
2025-10-11T15:27:15.473926,138.773,0.00,0.00,0.00,0.00,0.00,0.00,0.00,0,,6.0,60.0,60.0
2025-10-11T15:27:15.477292,138.776,0.00,0.00,0.00,0.00,0.00,0.00,0.00,0,,6.0,60.0,60.0
2025-10-11T15:27:15.481592,138.780,0.00,0.00,0.00,0.00,0.00,0.00,0.00,0,,5.0,60.0,60.0
2025-10-11T15:27:15.485685,138.784,0.00,0.00,0.00,0.00,0.00,0.00,0.00,0,,5.0,60.0,60.0
2025-10-11T15:27:15.489296,138.788,0.00,0.00,0.00,0.00,0.00,0.00,0.00,0,,5.0,50.0,60.0
2025-10-11T15:27:15.492857,138.791,0.00,0.00,0.00,0.00,0.00,0.00,0.00,0,,5.0,50.0,60.0
2025-10-11T15:27:15.496736,138.795,0.00,0.00,0.00,0.00,0.00,0.00,0.00,0,,5.0,50.0,50.0
2025-10-11T15:27:15.500604,138.799,0.00,0.00,0.00,0.00,0.00,0.00,0.00,0,,5.0,50.0,50.0
2025-10-11T15:27:16.129103,139.428,0.00,0.00,0.00,0.00,0.00,0.00,0.00,0,,4.0,50.0,50.0
2025-10-11T15:27:16.132279,139.431,0.00,0.00,0.00,0.00,0.00,0.00,0.00,0,,4.0,50.0,50.0
2025-10-11T15:27:16.135496,139.434,0.00,0.00,0.00,0.00,0.00,0.00,0.00,0,,4.0,40.0,50.0
2025-10-11T15:27:16.138504,139.437,0.00,0.00,0.00,0.00,0.00,0.00,0.00,0,,4.0,40.0,50.0
2025-10-11T15:27:16.142275,139.441,0.00,0.00,0.00,0.00,0.00,0.00,0.00,0,,4.0,40.0,40.0
2025-10-11T15:27:16.146312,139.445,0.00,0.00,0.00,0.00,0.00,0.00,0.00,0,,4.0,40.0,40.0
2025-10-11T15:27:16.777165,140.076,0.00,0.00,0.00,0.00,0.00,0.00,0.00,0,,3.0,40.0,40.0
2025-10-11T15:27:16.780286,140.079,0.00,0.00,0.00,0.00,0.00,0.00,0.00,0,,3.0,40.0,40.0
2025-10-11T15:27:16.783382,140.082,0.00,0.00,0.00,0.00,0.00,0.00,0.00,0,,3.0,30.0,40.0
2025-10-11T15:27:16.786717,140.085,0.00,0.00,0.00,0.00,0.00,0.00,0.00,0,,3.0,30.0,40.0
2025-10-11T15:27:16.789703,140.088,0.00,0.00,0.00,0.00,0.00,0.00,0.00,0,,3.0,30.0,30.0
2025-10-11T15:27:16.793080,140.092,0.00,0.00,0.00,0.00,0.00,0.00,0.00,0,,3.0,30.0,30.0
2025-10-11T15:27:16.796815,140.095,0.00,0.00,0.00,0.00,0.00,0.00,0.00,0,,2.0,30.0,30.0
2025-10-11T15:27:16.801183,140.100,0.00,0.00,0.00,0.00,0.00,0.00,0.00,0,,2.0,30.0,30.0
2025-10-11T15:27:16.805085,140.104,0.00,0.00,0.00,0.00,0.00,0.00,0.00,0,,2.0,20.0,30.0
2025-10-11T15:27:16.809190,140.108,0.00,0.00,0.00,0.00,0.00,0.00,0.00,0,,2.0,20.0,30.0
2025-10-11T15:27:16.813107,140.112,0.00,0.00,0.00,0.00,0.00,0.00,0.00,0,,2.0,20.0,20.0
2025-10-11T15:27:16.820601,140.119,0.00,0.00,0.00,0.00,0.00,0.00,0.00,0,,2.0,20.0,20.0
2025-10-11T15:27:17.428073,140.727,0.00,0.00,0.00,0.00,0.00,0.00,0.00,0,,1.0,20.0,20.0
2025-10-11T15:27:17.431300,140.730,0.00,0.00,0.00,0.00,0.00,0.00,0.00,0,,1.0,20.0,20.0
2025-10-11T15:27:17.434935,140.734,0.00,0.00,0.00,0.00,0.00,0.00,0.00,0,,1.0,10.0,20.0
2025-10-11T15:27:17.438323,140.737,0.00,0.00,0.00,0.00,0.00,0.00,0.00,0,,1.0,10.0,20.0
2025-10-11T15:27:17.442134,140.741,0.00,0.00,0.00,0.00,0.00,0.00,0.00,0,,1.0,10.0,10.0
2025-10-11T15:27:17.445873,140.744,0.00,0.00,0.00,0.00,0.00,0.00,0.00,0,,1.0,10.0,10.0
2025-10-11T15:27:17.450131,140.749,0.00,0.00,0.00,0.00,0.00,0.00,0.00,0,,2.0,10.0,10.0
2025-10-11T15:27:17.453784,140.752,0.00,0.00,0.00,0.00,0.00,0.00,0.00,0,,2.0,10.0,10.0
2025-10-11T15:27:17.457665,140.756,0.00,0.00,0.00,0.00,0.00,0.00,0.00,0,,2.0,20.0,10.0
2025-10-11T15:27:17.461343,140.760,0.00,0.00,0.00,0.00,0.00,0.00,0.00,0,,2.0,20.0,10.0
2025-10-11T15:27:18.094033,141.393,0.00,0.00,0.00,0.00,0.00,0.00,0.00,0,,2.0,20.0,20.0
2025-10-11T15:27:18.097136,141.396,0.00,0.00,0.00,0.00,0.00,0.00,0.00,0,,2.0,20.0,20.0
2025-10-11T15:27:18.100733,141.399,0.00,0.00,0.00,0.00,0.00,0.00,0.00,0,,3.0,20.0,20.0
2025-10-11T15:27:18.103957,141.403,0.00,0.00,0.00,0.00,0.00,0.00,0.00,0,,3.0,20.0,20.0
2025-10-11T15:27:18.107632,141.406,0.00,0.00,0.00,0.00,0.00,0.00,0.00,0,,3.0,30.0,20.0
2025-10-11T15:27:18.111138,141.410,0.00,0.00,0.00,0.00,0.00,0.00,0.00,0,,3.0,30.0,20.0
2025-10-11T15:27:18.115120,141.414,0.00,0.00,0.00,0.00,0.00,0.00,0.00,0,,3.0,30.0,30.0
2025-10-11T15:27:18.118561,141.417,0.00,0.00,0.00,0.00,0.00,0.00,0.00,0,,3.0,30.0,30.0
2025-10-11T15:27:18.743195,142.042,0.00,0.00,0.00,0.00,0.00,0.00,0.00,0,,4.0,30.0,30.0
2025-10-11T15:27:18.746008,142.045,0.00,0.00,0.00,0.00,0.00,0.00,0.00,0,,4.0,30.0,30.0
2025-10-11T15:27:18.749418,142.048,0.00,0.00,0.00,0.00,0.00,0.00,0.00,0,,4.0,40.0,30.0
2025-10-11T15:27:18.753168,142.052,0.00,0.00,0.00,0.00,0.00,0.00,0.00,0,,4.0,40.0,30.0
2025-10-11T15:27:18.756601,142.055,0.00,0.00,0.00,0.00,0.00,0.00,0.00,0,,4.0,40.0,40.0
2025-10-11T15:27:18.759938,142.059,0.00,0.00,0.00,0.00,0.00,0.00,0.00,0,,4.0,40.0,40.0
2025-10-11T15:27:18.763466,142.062,0.00,0.00,0.00,0.00,0.00,0.00,0.00,0,,5.0,40.0,40.0
2025-10-11T15:27:18.766488,142.065,0.00,0.00,0.00,0.00,0.00,0.00,0.00,0,,5.0,40.0,40.0
2025-10-11T15:27:19.411602,142.710,0.00,0.00,0.00,0.00,0.00,0.00,0.00,0,,5.0,50.0,40.0
2025-10-11T15:27:19.414547,142.713,0.00,0.00,0.00,0.00,0.00,0.00,0.00,0,,5.0,50.0,40.0
2025-10-11T15:27:19.417856,142.716,0.00,0.00,0.00,0.00,0.00,0.00,0.00,0,,5.0,50.0,50.0
2025-10-11T15:27:19.421476,142.720,0.00,0.00,0.00,0.00,0.00,0.00,0.00,0,,5.0,50.0,50.0
2025-10-11T15:27:19.424707,142.723,0.00,0.00,0.00,0.00,0.00,0.00,0.00,0,,6.0,50.0,50.0
2025-10-11T15:27:19.428550,142.727,0.00,0.00,0.00,0.00,0.00,0.00,0.00,0,,6.0,50.0,50.0
2025-10-11T15:27:19.432359,142.731,0.00,0.00,0.00,0.00,0.00,0.00,0.00,0,,6.0,60.0,50.0
2025-10-11T15:27:19.437105,142.736,0.00,0.00,0.00,0.00,0.00,0.00,0.00,0,,6.0,60.0,50.0
2025-10-11T15:27:19.440350,142.739,0.00,0.00,0.00,0.00,0.00,0.00,0.00,0,,6.0,60.0,60.0
2025-10-11T15:27:19.443941,142.743,0.00,0.00,0.00,0.00,0.00,0.00,0.00,0,,6.0,60.0,60.0
2025-10-11T15:27:20.060841,143.359,0.00,0.00,0.00,0.00,0.00,0.00,0.00,0,,7.0,60.0,60.0
2025-10-11T15:27:20.065296,143.364,0.00,0.00,0.00,0.00,0.00,0.00,0.00,0,,7.0,60.0,60.0
2025-10-11T15:27:20.069061,143.368,0.00,0.00,0.00,0.00,0.00,0.00,0.00,0,,7.0,70.0,60.0
2025-10-11T15:27:20.072617,143.371,0.00,0.00,0.00,0.00,0.00,0.00,0.00,0,,7.0,70.0,60.0
2025-10-11T15:27:20.076226,143.375,0.00,0.00,0.00,0.00,0.00,0.00,0.00,0,,7.0,70.0,70.0
2025-10-11T15:27:20.080182,143.379,0.00,0.00,0.00,0.00,0.00,0.00,0.00,0,,7.0,70.0,70.0
2025-10-11T15:27:20.084481,143.383,0.00,0.00,0.00,0.00,0.00,0.00,0.00,0,,8.0,70.0,70.0
2025-10-11T15:27:20.088649,143.387,0.00,0.00,0.00,0.00,0.00,0.00,0.00,0,,8.0,70.0,70.0
2025-10-11T15:27:20.713155,144.012,0.00,0.00,0.00,0.00,0.00,0.00,0.00,0,,8.0,80.0,70.0
2025-10-11T15:27:20.715855,144.014,0.00,0.00,0.00,0.00,0.00,0.00,0.00,0,,8.0,80.0,70.0
2025-10-11T15:27:20.718408,144.017,0.00,0.00,0.00,0.00,0.00,0.00,0.00,0,,8.0,80.0,80.0
2025-10-11T15:27:20.721994,144.021,0.00,0.00,0.00,0.00,0.00,0.00,0.00,0,,8.0,80.0,80.0
2025-10-11T15:27:20.725289,144.024,0.00,0.00,0.00,0.00,0.00,0.00,0.00,0,,9.0,80.0,80.0
2025-10-11T15:27:20.728877,144.027,0.00,0.00,0.00,0.00,0.00,0.00,0.00,0,,9.0,80.0,80.0
2025-10-11T15:27:20.732665,144.031,0.00,0.00,0.00,0.00,0.00,0.00,0.00,0,,9.0,90.0,80.0
2025-10-11T15:27:20.735690,144.034,0.00,0.00,0.00,0.00,0.00,0.00,0.00,0,,9.0,90.0,80.0
2025-10-11T15:27:20.739527,144.038,0.00,0.00,0.00,0.00,0.00,0.00,0.00,0,,9.0,90.0,90.0
2025-10-11T15:27:20.743793,144.042,0.00,0.00,0.00,0.00,0.00,0.00,0.00,0,,9.0,90.0,90.0
2025-10-11T15:27:21.393468,144.692,0.00,0.00,0.00,0.00,0.00,0.00,0.00,0,,8.0,90.0,90.0
2025-10-11T15:27:21.396824,144.695,0.00,0.00,0.00,0.00,0.00,0.00,0.00,0,,8.0,90.0,90.0
2025-10-11T15:27:21.400377,144.699,0.00,0.00,0.00,0.00,0.00,0.00,0.00,0,,8.0,80.0,90.0
2025-10-11T15:27:21.403962,144.703,0.00,0.00,0.00,0.00,0.00,0.00,0.00,0,,8.0,80.0,90.0
2025-10-11T15:27:21.407325,144.706,0.00,0.00,0.00,0.00,0.00,0.00,0.00,0,,8.0,80.0,80.0
2025-10-11T15:27:21.411208,144.710,0.00,0.00,0.00,0.00,0.00,0.00,0.00,0,,8.0,80.0,80.0
2025-10-11T15:27:21.415367,144.714,0.00,0.00,0.00,0.00,0.00,0.00,0.00,0,,7.0,80.0,80.0
2025-10-11T15:27:21.419149,144.718,0.00,0.00,0.00,0.00,0.00,0.00,0.00,0,,7.0,80.0,80.0
2025-10-11T15:27:22.161601,145.460,0.00,0.00,0.00,0.00,0.00,0.00,0.00,0,,7.0,70.0,80.0
2025-10-11T15:27:22.164464,145.463,0.00,0.00,0.00,0.00,0.00,0.00,0.00,0,,7.0,70.0,80.0
2025-10-11T15:27:22.167622,145.466,0.00,0.00,0.00,0.00,0.00,0.00,0.00,0,,7.0,70.0,70.0
2025-10-11T15:27:22.171018,145.470,0.00,0.00,0.00,0.00,0.00,0.00,0.00,0,,7.0,70.0,70.0
2025-10-11T15:27:22.175144,145.474,0.00,0.00,0.00,0.00,0.00,0.00,0.00,0,,6.0,70.0,70.0
2025-10-11T15:27:22.178821,145.477,0.00,0.00,0.00,0.00,0.00,0.00,0.00,0,,6.0,70.0,70.0
2025-10-11T15:27:22.182201,145.481,0.00,0.00,0.00,0.00,0.00,0.00,0.00,0,,6.0,60.0,70.0
2025-10-11T15:27:22.185746,145.484,0.00,0.00,0.00,0.00,0.00,0.00,0.00,0,,6.0,60.0,70.0
2025-10-11T15:27:22.188775,145.487,0.00,0.00,0.00,0.00,0.00,0.00,0.00,0,,6.0,60.0,60.0
2025-10-11T15:27:22.192942,145.492,0.00,0.00,0.00,0.00,0.00,0.00,0.00,0,,6.0,60.0,60.0
2025-10-11T15:27:22.195723,145.494,0.00,0.00,0.00,0.00,0.00,0.00,0.00,0,,5.0,60.0,60.0
2025-10-11T15:27:22.200381,145.499,0.00,0.00,0.00,0.00,0.00,0.00,0.00,0,,5.0,60.0,60.0
2025-10-11T15:27:22.810942,146.110,0.00,0.00,0.00,0.00,0.00,0.00,0.00,0,,5.0,50.0,60.0
2025-10-11T15:27:22.813759,146.112,0.00,0.00,0.00,0.00,0.00,0.00,0.00,0,,5.0,50.0,60.0
2025-10-11T15:27:22.817713,146.116,0.00,0.00,0.00,0.00,0.00,0.00,0.00,0,,5.0,50.0,50.0
2025-10-11T15:27:22.821470,146.120,0.00,0.00,0.00,0.00,0.00,0.00,0.00,0,,5.0,50.0,50.0
2025-10-11T15:27:22.824793,146.123,0.00,0.00,0.00,0.00,0.00,0.00,0.00,0,,4.0,50.0,50.0
2025-10-11T15:27:22.828546,146.127,0.00,0.00,0.00,0.00,0.00,0.00,0.00,0,,4.0,50.0,50.0
2025-10-11T15:27:22.832084,146.131,0.00,0.00,0.00,0.00,0.00,0.00,0.00,0,,4.0,40.0,50.0
2025-10-11T15:27:22.835820,146.134,0.00,0.00,0.00,0.00,0.00,0.00,0.00,0,,4.0,40.0,50.0
2025-10-11T15:27:22.839300,146.138,0.00,0.00,0.00,0.00,0.00,0.00,0.00,0,,4.0,40.0,40.0
2025-10-11T15:27:22.842701,146.141,0.00,0.00,0.00,0.00,0.00,0.00,0.00,0,,4.0,40.0,40.0
2025-10-11T15:27:23.460443,146.759,0.00,0.00,0.00,0.00,0.00,0.00,0.00,0,,3.0,40.0,40.0
2025-10-11T15:27:23.462807,146.761,0.00,0.00,0.00,0.00,0.00,0.00,0.00,0,,3.0,40.0,40.0
2025-10-11T15:27:23.465354,146.764,0.00,0.00,0.00,0.00,0.00,0.00,0.00,0,,3.0,30.0,40.0
2025-10-11T15:27:23.468909,146.768,0.00,0.00,0.00,0.00,0.00,0.00,0.00,0,,3.0,30.0,40.0
2025-10-11T15:27:23.472605,146.771,0.00,0.00,0.00,0.00,0.00,0.00,0.00,0,,3.0,30.0,30.0
2025-10-11T15:27:23.476079,146.775,0.00,0.00,0.00,0.00,0.00,0.00,0.00,0,,3.0,30.0,30.0
2025-10-11T15:27:23.480400,146.779,0.00,0.00,0.00,0.00,0.00,0.00,0.00,0,,2.0,30.0,30.0
2025-10-11T15:27:23.483794,146.782,0.00,0.00,0.00,0.00,0.00,0.00,0.00,0,,2.0,30.0,30.0
2025-10-11T15:27:24.025364,147.324,0.00,0.00,0.00,0.00,0.00,0.00,0.00,0,,2.0,20.0,30.0
2025-10-11T15:27:24.029222,147.328,0.00,0.00,0.00,0.00,0.00,0.00,0.00,0,,2.0,20.0,30.0
2025-10-11T15:27:24.032848,147.331,0.00,0.00,0.00,0.00,0.00,0.00,0.00,0,,2.0,20.0,20.0
2025-10-11T15:27:24.036359,147.335,0.00,0.00,0.00,0.00,0.00,0.00,0.00,0,,2.0,20.0,20.0
2025-10-11T15:27:24.039967,147.339,0.00,0.00,0.00,0.00,0.00,0.00,0.00,0,,1.0,20.0,20.0
2025-10-11T15:27:24.043480,147.342,0.00,0.00,0.00,0.00,0.00,0.00,0.00,0,,1.0,20.0,20.0
2025-10-11T15:27:24.574959,147.874,0.00,0.00,0.00,0.00,0.00,0.00,0.00,0,,1.0,10.0,20.0
2025-10-11T15:27:24.577744,147.876,0.00,0.00,0.00,0.00,0.00,0.00,0.00,0,,1.0,10.0,20.0
2025-10-11T15:27:24.580438,147.879,0.00,0.00,0.00,0.00,0.00,0.00,0.00,0,,1.0,10.0,10.0
2025-10-11T15:27:24.584256,147.883,0.00,0.00,0.00,0.00,0.00,0.00,0.00,0,,1.0,10.0,10.0
2025-10-11T15:27:24.587998,147.887,0.00,0.00,0.00,0.00,0.00,0.00,0.00,0,,2.0,10.0,10.0
2025-10-11T15:27:24.591066,147.890,0.00,0.00,0.00,0.00,0.00,0.00,0.00,0,,2.0,10.0,10.0
2025-10-11T15:27:25.244669,148.543,0.00,0.00,0.00,0.00,0.00,0.00,0.00,0,,2.0,20.0,10.0
2025-10-11T15:27:25.247865,148.546,0.00,0.00,0.00,0.00,0.00,0.00,0.00,0,,2.0,20.0,10.0
2025-10-11T15:27:25.251330,148.550,0.00,0.00,0.00,0.00,0.00,0.00,0.00,0,,2.0,20.0,20.0
2025-10-11T15:27:25.254682,148.553,0.00,0.00,0.00,0.00,0.00,0.00,0.00,0,,2.0,20.0,20.0
2025-10-11T15:27:25.258141,148.557,0.00,0.00,0.00,0.00,0.00,0.00,0.00,0,,3.0,20.0,20.0
2025-10-11T15:27:25.261617,148.560,0.00,0.00,0.00,0.00,0.00,0.00,0.00,0,,3.0,20.0,20.0
2025-10-11T15:27:25.265521,148.564,0.00,0.00,0.00,0.00,0.00,0.00,0.00,0,,3.0,30.0,20.0
2025-10-11T15:27:25.269025,148.568,0.00,0.00,0.00,0.00,0.00,0.00,0.00,0,,3.0,30.0,20.0
2025-10-11T15:27:25.912766,149.211,0.00,0.00,0.00,0.00,0.00,0.00,0.00,0,,3.0,30.0,30.0
2025-10-11T15:27:25.915782,149.214,0.00,0.00,0.00,0.00,0.00,0.00,0.00,0,,3.0,30.0,30.0
2025-10-11T15:27:25.919328,149.218,0.00,0.00,0.00,0.00,0.00,0.00,0.00,0,,4.0,30.0,30.0
2025-10-11T15:27:25.922906,149.221,0.00,0.00,0.00,0.00,0.00,0.00,0.00,0,,4.0,30.0,30.0
2025-10-11T15:27:25.926787,149.225,0.00,0.00,0.00,0.00,0.00,0.00,0.00,0,,4.0,40.0,30.0
2025-10-11T15:27:25.930361,149.229,0.00,0.00,0.00,0.00,0.00,0.00,0.00,0,,4.0,40.0,30.0
2025-10-11T15:27:25.933997,149.233,0.00,0.00,0.00,0.00,0.00,0.00,0.00,0,,4.0,40.0,40.0
2025-10-11T15:27:25.937486,149.236,0.00,0.00,0.00,0.00,0.00,0.00,0.00,0,,4.0,40.0,40.0
2025-10-11T15:27:25.941283,149.240,0.00,0.00,0.00,0.00,0.00,0.00,0.00,0,,5.0,40.0,40.0
2025-10-11T15:27:25.945124,149.244,0.00,0.00,0.00,0.00,0.00,0.00,0.00,0,,5.0,40.0,40.0
2025-10-11T15:27:26.576705,149.875,0.00,0.00,0.00,0.00,0.00,0.00,0.00,0,,5.0,50.0,40.0
2025-10-11T15:27:26.579277,149.878,0.00,0.00,0.00,0.00,0.00,0.00,0.00,0,,5.0,50.0,40.0
2025-10-11T15:27:26.582027,149.881,0.00,0.00,0.00,0.00,0.00,0.00,0.00,0,,5.0,50.0,50.0
2025-10-11T15:27:26.585420,149.884,0.00,0.00,0.00,0.00,0.00,0.00,0.00,0,,5.0,50.0,50.0
2025-10-11T15:27:26.588527,149.887,0.00,0.00,0.00,0.00,0.00,0.00,0.00,0,,6.0,50.0,50.0
2025-10-11T15:27:26.592804,149.891,0.00,0.00,0.00,0.00,0.00,0.00,0.00,0,,6.0,50.0,50.0
2025-10-11T15:27:26.596370,149.895,0.00,0.00,0.00,0.00,0.00,0.00,0.00,0,,6.0,60.0,50.0
2025-10-11T15:27:26.599718,149.898,0.00,0.00,0.00,0.00,0.00,0.00,0.00,0,,6.0,60.0,50.0
2025-10-11T15:27:27.228258,150.527,0.00,0.00,0.00,0.00,0.00,0.00,0.00,0,,6.0,60.0,60.0
2025-10-11T15:27:27.232213,150.531,0.00,0.00,0.00,0.00,0.00,0.00,0.00,0,,6.0,60.0,60.0
2025-10-11T15:27:27.236005,150.535,0.00,0.00,0.00,0.00,0.00,0.00,0.00,0,,7.0,60.0,60.0
2025-10-11T15:27:27.239703,150.538,0.00,0.00,0.00,0.00,0.00,0.00,0.00,0,,7.0,60.0,60.0
2025-10-11T15:27:27.243830,150.542,0.00,0.00,0.00,0.00,0.00,0.00,0.00,0,,7.0,70.0,60.0
2025-10-11T15:27:27.247834,150.546,0.00,0.00,0.00,0.00,0.00,0.00,0.00,0,,7.0,70.0,60.0
2025-10-11T15:27:27.251797,150.550,0.00,0.00,0.00,0.00,0.00,0.00,0.00,0,,7.0,70.0,70.0
2025-10-11T15:27:27.255558,150.554,0.00,0.00,0.00,0.00,0.00,0.00,0.00,0,,7.0,70.0,70.0
2025-10-11T15:27:27.259170,150.558,0.00,0.00,0.00,0.00,0.00,0.00,0.00,0,,8.0,70.0,70.0
2025-10-11T15:27:27.263094,150.562,0.00,0.00,0.00,0.00,0.00,0.00,0.00,0,,8.0,70.0,70.0
2025-10-11T15:27:27.896800,151.195,0.00,0.00,0.00,0.00,0.00,0.00,0.00,0,,8.0,80.0,70.0
2025-10-11T15:27:27.899627,151.198,0.00,0.00,0.00,0.00,0.00,0.00,0.00,0,,8.0,80.0,70.0
2025-10-11T15:27:27.903247,151.202,0.00,0.00,0.00,0.00,0.00,0.00,0.00,0,,8.0,80.0,80.0
2025-10-11T15:27:27.906703,151.205,0.00,0.00,0.00,0.00,0.00,0.00,0.00,0,,8.0,80.0,80.0
2025-10-11T15:27:27.910853,151.209,0.00,0.00,0.00,0.00,0.00,0.00,0.00,0,,9.0,80.0,80.0
2025-10-11T15:27:27.915547,151.214,0.00,0.00,0.00,0.00,0.00,0.00,0.00,0,,9.0,80.0,80.0
2025-10-11T15:27:27.920363,151.219,0.00,0.00,0.00,0.00,0.00,0.00,0.00,0,,9.0,90.0,80.0
2025-10-11T15:27:27.924285,151.223,0.00,0.00,0.00,0.00,0.00,0.00,0.00,0,,9.0,90.0,80.0
2025-10-11T15:27:27.928673,151.227,0.00,0.00,0.00,0.00,0.00,0.00,0.00,0,,9.0,90.0,90.0
2025-10-11T15:27:27.933094,151.232,0.00,0.00,0.00,0.00,0.00,0.00,0.00,0,,9.0,90.0,90.0
2025-10-11T15:27:28.477765,151.776,0.00,0.00,0.00,0.00,0.00,0.00,0.00,0,,8.0,90.0,90.0
2025-10-11T15:27:28.481538,151.780,0.00,0.00,0.00,0.00,0.00,0.00,0.00,0,,8.0,90.0,90.0
2025-10-11T15:27:28.485317,151.784,0.00,0.00,0.00,0.00,0.00,0.00,0.00,0,,8.0,80.0,90.0
2025-10-11T15:27:28.489528,151.788,0.00,0.00,0.00,0.00,0.00,0.00,0.00,0,,8.0,80.0,90.0
2025-10-11T15:27:28.493886,151.792,0.00,0.00,0.00,0.00,0.00,0.00,0.00,0,,8.0,80.0,80.0
2025-10-11T15:27:28.498356,151.797,0.00,0.00,0.00,0.00,0.00,0.00,0.00,0,,8.0,80.0,80.0
2025-10-11T15:27:28.502899,151.801,0.00,0.00,0.00,0.00,0.00,0.00,0.00,0,,7.0,80.0,80.0
2025-10-11T15:27:28.506708,151.805,0.00,0.00,0.00,0.00,0.00,0.00,0.00,0,,7.0,80.0,80.0
2025-10-11T15:27:28.510698,151.809,0.00,0.00,0.00,0.00,0.00,0.00,0.00,0,,7.0,70.0,80.0
2025-10-11T15:27:28.515696,151.814,0.00,0.00,0.00,0.00,0.00,0.00,0.00,0,,7.0,70.0,80.0
2025-10-11T15:27:29.142726,152.441,0.00,0.00,0.00,0.00,0.00,0.00,0.00,0,,7.0,70.0,70.0
2025-10-11T15:27:29.146269,152.445,0.00,0.00,0.00,0.00,0.00,0.00,0.00,0,,7.0,70.0,70.0
2025-10-11T15:27:29.150078,152.449,0.00,0.00,0.00,0.00,0.00,0.00,0.00,0,,6.0,70.0,70.0
2025-10-11T15:27:29.153963,152.453,0.00,0.00,0.00,0.00,0.00,0.00,0.00,0,,6.0,70.0,70.0
2025-10-11T15:27:29.158034,152.457,0.00,0.00,0.00,0.00,0.00,0.00,0.00,0,,6.0,60.0,70.0
2025-10-11T15:27:29.162251,152.461,0.00,0.00,0.00,0.00,0.00,0.00,0.00,0,,6.0,60.0,70.0
2025-10-11T15:27:29.810564,153.109,0.00,0.00,0.00,0.00,0.00,0.00,0.00,0,,6.0,60.0,60.0
2025-10-11T15:27:29.814237,153.113,0.00,0.00,0.00,0.00,0.00,0.00,0.00,0,,6.0,60.0,60.0
2025-10-11T15:27:29.817965,153.117,0.00,0.00,0.00,0.00,0.00,0.00,0.00,0,,5.0,60.0,60.0
2025-10-11T15:27:29.821910,153.121,0.00,0.00,0.00,0.00,0.00,0.00,0.00,0,,5.0,60.0,60.0
2025-10-11T15:27:29.825964,153.125,0.00,0.00,0.00,0.00,0.00,0.00,0.00,0,,5.0,50.0,60.0
2025-10-11T15:27:29.829706,153.128,0.00,0.00,0.00,0.00,0.00,0.00,0.00,0,,5.0,50.0,60.0
2025-10-11T15:27:29.833501,153.132,0.00,0.00,0.00,0.00,0.00,0.00,0.00,0,,5.0,50.0,50.0
2025-10-11T15:27:29.836704,153.135,0.00,0.00,0.00,0.00,0.00,0.00,0.00,0,,5.0,50.0,50.0
2025-10-11T15:27:29.840227,153.139,0.00,0.00,0.00,0.00,0.00,0.00,0.00,0,,4.0,50.0,50.0
2025-10-11T15:27:29.845577,153.144,0.00,0.00,0.00,0.00,0.00,0.00,0.00,0,,4.0,50.0,50.0
2025-10-11T15:27:30.461670,153.760,0.00,0.00,0.00,0.00,0.00,0.00,0.00,0,,4.0,40.0,50.0
2025-10-11T15:27:30.465626,153.764,0.00,0.00,0.00,0.00,0.00,0.00,0.00,0,,4.0,40.0,50.0
2025-10-11T15:27:30.469936,153.769,0.00,0.00,0.00,0.00,0.00,0.00,0.00,0,,4.0,40.0,40.0
2025-10-11T15:27:30.473833,153.772,0.00,0.00,0.00,0.00,0.00,0.00,0.00,0,,4.0,40.0,40.0
2025-10-11T15:27:30.477990,153.777,0.00,0.00,0.00,0.00,0.00,0.00,0.00,0,,3.0,40.0,40.0
2025-10-11T15:27:30.482171,153.781,0.00,0.00,0.00,0.00,0.00,0.00,0.00,0,,3.0,40.0,40.0
2025-10-11T15:27:30.485309,153.784,0.00,0.00,0.00,0.00,0.00,0.00,0.00,0,,3.0,30.0,40.0
2025-10-11T15:27:30.489399,153.788,0.00,0.00,0.00,0.00,0.00,0.00,0.00,0,,3.0,30.0,40.0
2025-10-11T15:27:31.128505,154.427,0.00,0.00,0.00,0.00,0.00,0.00,0.00,0,,3.0,30.0,30.0
2025-10-11T15:27:31.132561,154.431,0.00,0.00,0.00,0.00,0.00,0.00,0.00,0,,3.0,30.0,30.0
2025-10-11T15:27:31.136427,154.435,0.00,0.00,0.00,0.00,0.00,0.00,0.00,0,,2.0,30.0,30.0
2025-10-11T15:27:31.140045,154.439,0.00,0.00,0.00,0.00,0.00,0.00,0.00,0,,2.0,30.0,30.0
2025-10-11T15:27:31.144082,154.443,0.00,0.00,0.00,0.00,0.00,0.00,0.00,0,,2.0,20.0,30.0
2025-10-11T15:27:31.148581,154.447,0.00,0.00,0.00,0.00,0.00,0.00,0.00,0,,2.0,20.0,30.0
2025-10-11T15:27:31.152783,154.451,0.00,0.00,0.00,0.00,0.00,0.00,0.00,0,,2.0,20.0,20.0
2025-10-11T15:27:31.157207,154.456,0.00,0.00,0.00,0.00,0.00,0.00,0.00,0,,2.0,20.0,20.0
2025-10-11T15:27:31.160956,154.460,0.00,0.00,0.00,0.00,0.00,0.00,0.00,0,,1.0,20.0,20.0
2025-10-11T15:27:31.164813,154.463,0.00,0.00,0.00,0.00,0.00,0.00,0.00,0,,1.0,20.0,20.0
2025-10-11T15:27:31.778163,155.077,0.00,0.00,0.00,0.00,0.00,0.00,0.00,0,,1.0,10.0,20.0
2025-10-11T15:27:31.782610,155.081,0.00,0.00,0.00,0.00,0.00,0.00,0.00,0,,1.0,10.0,20.0
2025-10-11T15:27:31.786015,155.085,0.00,0.00,0.00,0.00,0.00,0.00,0.00,0,,1.0,10.0,10.0
2025-10-11T15:27:31.789561,155.088,0.00,0.00,0.00,0.00,0.00,0.00,0.00,0,,1.0,10.0,10.0
2025-10-11T15:27:31.793382,155.092,0.00,0.00,0.00,0.00,0.00,0.00,0.00,0,,2.0,10.0,10.0
2025-10-11T15:27:31.797856,155.096,0.00,0.00,0.00,0.00,0.00,0.00,0.00,0,,2.0,10.0,10.0
2025-10-11T15:27:31.801988,155.101,0.00,0.00,0.00,0.00,0.00,0.00,0.00,0,,2.0,20.0,10.0
2025-10-11T15:27:31.805791,155.104,0.00,0.00,0.00,0.00,0.00,0.00,0.00,0,,2.0,20.0,10.0
2025-10-11T15:27:32.445095,155.744,0.00,0.00,0.00,0.00,0.00,0.00,0.00,0,,2.0,20.0,20.0
2025-10-11T15:27:32.448513,155.747,0.00,0.00,0.00,0.00,0.00,0.00,0.00,0,,2.0,20.0,20.0
2025-10-11T15:27:32.452690,155.751,0.00,0.00,0.00,0.00,0.00,0.00,0.00,0,,3.0,20.0,20.0
2025-10-11T15:27:32.456538,155.755,0.00,0.00,0.00,0.00,0.00,0.00,0.00,0,,3.0,20.0,20.0
2025-10-11T15:27:32.460418,155.759,0.00,0.00,0.00,0.00,0.00,0.00,0.00,0,,3.0,30.0,20.0
2025-10-11T15:27:32.464491,155.763,0.00,0.00,0.00,0.00,0.00,0.00,0.00,0,,3.0,30.0,20.0
2025-10-11T15:27:32.468733,155.767,0.00,0.00,0.00,0.00,0.00,0.00,0.00,0,,3.0,30.0,30.0
2025-10-11T15:27:32.472941,155.772,0.00,0.00,0.00,0.00,0.00,0.00,0.00,0,,3.0,30.0,30.0
2025-10-11T15:27:32.477512,155.776,0.00,0.00,0.00,0.00,0.00,0.00,0.00,0,,4.0,30.0,30.0
2025-10-11T15:27:32.482021,155.781,0.00,0.00,0.00,0.00,0.00,0.00,0.00,0,,4.0,30.0,30.0
2025-10-11T15:27:33.126773,156.425,0.00,0.00,0.00,0.00,0.00,0.00,0.00,0,,4.0,40.0,30.0
2025-10-11T15:27:33.130053,156.429,0.00,0.00,0.00,0.00,0.00,0.00,0.00,0,,4.0,40.0,30.0
2025-10-11T15:27:33.133714,156.432,0.00,0.00,0.00,0.00,0.00,0.00,0.00,0,,4.0,40.0,40.0
2025-10-11T15:27:33.137359,156.436,0.00,0.00,0.00,0.00,0.00,0.00,0.00,0,,4.0,40.0,40.0
2025-10-11T15:27:33.143507,156.442,0.00,0.00,0.00,0.00,0.00,0.00,0.00,0,,5.0,40.0,40.0
2025-10-11T15:27:33.146964,156.446,0.00,0.00,0.00,0.00,0.00,0.00,0.00,0,,5.0,40.0,40.0
2025-10-11T15:27:33.150997,156.450,0.00,0.00,0.00,0.00,0.00,0.00,0.00,0,,5.0,50.0,40.0
2025-10-11T15:27:33.154569,156.453,0.00,0.00,0.00,0.00,0.00,0.00,0.00,0,,5.0,50.0,40.0
2025-10-11T15:27:33.158427,156.457,0.00,0.00,0.00,0.00,0.00,0.00,0.00,0,,5.0,50.0,50.0
2025-10-11T15:27:33.162399,156.461,0.00,0.00,0.00,0.00,0.00,0.00,0.00,0,,5.0,50.0,50.0
2025-10-11T15:27:33.793365,157.092,0.00,0.00,0.00,0.00,0.00,0.00,0.00,0,,6.0,50.0,50.0
2025-10-11T15:27:33.796962,157.096,0.00,0.00,0.00,0.00,0.00,0.00,0.00,0,,6.0,50.0,50.0
2025-10-11T15:27:33.800843,157.099,0.00,0.00,0.00,0.00,0.00,0.00,0.00,0,,6.0,60.0,50.0
2025-10-11T15:27:33.804938,157.104,0.00,0.00,0.00,0.00,0.00,0.00,0.00,0,,6.0,60.0,50.0
2025-10-11T15:27:33.808738,157.107,0.00,0.00,0.00,0.00,0.00,0.00,0.00,0,,6.0,60.0,60.0
2025-10-11T15:27:33.813019,157.112,0.00,0.00,0.00,0.00,0.00,0.00,0.00,0,,6.0,60.0,60.0
2025-10-11T15:27:33.817111,157.116,0.00,0.00,0.00,0.00,0.00,0.00,0.00,0,,7.0,60.0,60.0
2025-10-11T15:27:33.821138,157.120,0.00,0.00,0.00,0.00,0.00,0.00,0.00,0,,7.0,60.0,60.0
2025-10-11T15:27:34.445040,157.744,0.00,0.00,0.00,0.00,0.00,0.00,0.00,0,,7.0,70.0,60.0
2025-10-11T15:27:34.448858,157.747,0.00,0.00,0.00,0.00,0.00,0.00,0.00,0,,7.0,70.0,60.0
2025-10-11T15:27:34.452744,157.751,0.00,0.00,0.00,0.00,0.00,0.00,0.00,0,,7.0,70.0,70.0
2025-10-11T15:27:34.455834,157.754,0.00,0.00,0.00,0.00,0.00,0.00,0.00,0,,7.0,70.0,70.0
2025-10-11T15:27:34.459384,157.758,0.00,0.00,0.00,0.00,0.00,0.00,0.00,0,,8.0,70.0,70.0
2025-10-11T15:27:34.463948,157.763,0.00,0.00,0.00,0.00,0.00,0.00,0.00,0,,8.0,70.0,70.0
2025-10-11T15:27:34.468297,157.767,0.00,0.00,0.00,0.00,0.00,0.00,0.00,0,,8.0,80.0,70.0
2025-10-11T15:27:34.472470,157.771,0.00,0.00,0.00,0.00,0.00,0.00,0.00,0,,8.0,80.0,70.0
2025-10-11T15:27:34.477275,157.776,0.00,0.00,0.00,0.00,0.00,0.00,0.00,0,,8.0,80.0,80.0
2025-10-11T15:27:34.481186,157.780,0.00,0.00,0.00,0.00,0.00,0.00,0.00,0,,8.0,80.0,80.0
2025-10-11T15:27:35.107993,158.407,0.00,0.00,0.00,0.00,0.00,0.00,0.00,0,,9.0,80.0,80.0
2025-10-11T15:27:35.112144,158.411,0.00,0.00,0.00,0.00,0.00,0.00,0.00,0,,9.0,80.0,80.0
2025-10-11T15:27:35.116445,158.415,0.00,0.00,0.00,0.00,0.00,0.00,0.00,0,,9.0,90.0,80.0
2025-10-11T15:27:35.121137,158.420,0.00,0.00,0.00,0.00,0.00,0.00,0.00,0,,9.0,90.0,80.0
2025-10-11T15:27:35.124680,158.423,0.00,0.00,0.00,0.00,0.00,0.00,0.00,0,,9.0,90.0,90.0
2025-10-11T15:27:35.129300,158.428,0.00,0.00,0.00,0.00,0.00,0.00,0.00,0,,9.0,90.0,90.0
2025-10-11T15:27:35.133932,158.433,0.00,0.00,0.00,0.00,0.00,0.00,0.00,0,,8.0,90.0,90.0
2025-10-11T15:27:35.138669,158.437,0.00,0.00,0.00,0.00,0.00,0.00,0.00,0,,8.0,90.0,90.0
2025-10-11T15:27:35.794259,159.093,0.00,0.00,0.00,0.00,0.00,0.00,0.00,0,,8.0,80.0,90.0
2025-10-11T15:27:35.798049,159.097,0.00,0.00,0.00,0.00,0.00,0.00,0.00,0,,8.0,80.0,90.0
2025-10-11T15:27:35.801689,159.100,0.00,0.00,0.00,0.00,0.00,0.00,0.00,0,,8.0,80.0,80.0
2025-10-11T15:27:35.805552,159.104,0.00,0.00,0.00,0.00,0.00,0.00,0.00,0,,8.0,80.0,80.0
2025-10-11T15:27:35.809687,159.108,0.00,0.00,0.00,0.00,0.00,0.00,0.00,0,,7.0,80.0,80.0
2025-10-11T15:27:35.814044,159.113,0.00,0.00,0.00,0.00,0.00,0.00,0.00,0,,7.0,80.0,80.0
2025-10-11T15:27:35.817649,159.116,0.00,0.00,0.00,0.00,0.00,0.00,0.00,0,,7.0,70.0,80.0
2025-10-11T15:27:35.821312,159.120,0.00,0.00,0.00,0.00,0.00,0.00,0.00,0,,7.0,70.0,80.0
2025-10-11T15:27:35.827478,159.126,0.00,0.00,0.00,0.00,0.00,0.00,0.00,0,,7.0,70.0,70.0
2025-10-11T15:27:35.831553,159.130,0.00,0.00,0.00,0.00,0.00,0.00,0.00,0,,7.0,70.0,70.0
2025-10-11T15:27:36.460696,159.759,0.00,0.00,0.00,0.00,0.00,0.00,0.00,0,,6.0,70.0,70.0
2025-10-11T15:27:36.464742,159.763,0.00,0.00,0.00,0.00,0.00,0.00,0.00,0,,6.0,70.0,70.0
2025-10-11T15:27:36.468927,159.768,0.00,0.00,0.00,0.00,0.00,0.00,0.00,0,,6.0,60.0,70.0
2025-10-11T15:27:36.472431,159.771,0.00,0.00,0.00,0.00,0.00,0.00,0.00,0,,6.0,60.0,70.0
2025-10-11T15:27:36.477488,159.776,0.00,0.00,0.00,0.00,0.00,0.00,0.00,0,,6.0,60.0,60.0
2025-10-11T15:27:36.482008,159.781,0.00,0.00,0.00,0.00,0.00,0.00,0.00,0,,6.0,60.0,60.0
2025-10-11T15:27:36.486115,159.785,0.00,0.00,0.00,0.00,0.00,0.00,0.00,0,,5.0,60.0,60.0
2025-10-11T15:27:36.490090,159.789,0.00,0.00,0.00,0.00,0.00,0.00,0.00,0,,5.0,60.0,60.0
2025-10-11T15:27:36.494330,159.793,0.00,0.00,0.00,0.00,0.00,0.00,0.00,0,,5.0,50.0,60.0
2025-10-11T15:27:36.498705,159.797,0.00,0.00,0.00,0.00,0.00,0.00,0.00,0,,5.0,50.0,60.0
2025-10-11T15:27:36.502699,159.801,0.00,0.00,0.00,0.00,0.00,0.00,0.00,0,,5.0,50.0,50.0
2025-10-11T15:27:36.506966,159.806,0.00,0.00,0.00,0.00,0.00,0.00,0.00,0,,5.0,50.0,50.0
2025-10-11T15:27:37.125195,160.424,0.00,0.00,0.00,0.00,0.00,0.00,0.00,0,,4.0,50.0,50.0
2025-10-11T15:27:37.129119,160.428,0.00,0.00,0.00,0.00,0.00,0.00,0.00,0,,4.0,50.0,50.0
2025-10-11T15:27:37.132458,160.431,0.00,0.00,0.00,0.00,0.00,0.00,0.00,0,,4.0,40.0,50.0
2025-10-11T15:27:37.136156,160.435,0.00,0.00,0.00,0.00,0.00,0.00,0.00,0,,4.0,40.0,50.0
2025-10-11T15:27:37.140103,160.439,0.00,0.00,0.00,0.00,0.00,0.00,0.00,0,,4.0,40.0,40.0
2025-10-11T15:27:37.145279,160.444,0.00,0.00,0.00,0.00,0.00,0.00,0.00,0,,4.0,40.0,40.0
2025-10-11T15:27:37.148610,160.447,0.00,0.00,0.00,0.00,0.00,0.00,0.00,0,,3.0,40.0,40.0
2025-10-11T15:27:37.152489,160.451,0.00,0.00,0.00,0.00,0.00,0.00,0.00,0,,3.0,40.0,40.0
2025-10-11T15:27:37.776599,161.075,0.00,0.00,0.00,0.00,0.00,0.00,0.00,0,,3.0,30.0,40.0
2025-10-11T15:27:37.780633,161.079,0.00,0.00,0.00,0.00,0.00,0.00,0.00,0,,3.0,30.0,40.0
2025-10-11T15:27:37.785139,161.084,0.00,0.00,0.00,0.00,0.00,0.00,0.00,0,,3.0,30.0,30.0
2025-10-11T15:27:37.791017,161.090,0.00,0.00,0.00,0.00,0.00,0.00,0.00,0,,3.0,30.0,30.0
2025-10-11T15:27:37.796493,161.095,0.00,0.00,0.00,0.00,0.00,0.00,0.00,0,,2.0,30.0,30.0
2025-10-11T15:27:37.801482,161.100,0.00,0.00,0.00,0.00,0.00,0.00,0.00,0,,2.0,30.0,30.0
2025-10-11T15:27:37.806311,161.105,0.00,0.00,0.00,0.00,0.00,0.00,0.00,0,,2.0,20.0,30.0
2025-10-11T15:27:37.810972,161.110,0.00,0.00,0.00,0.00,0.00,0.00,0.00,0,,2.0,20.0,30.0
2025-10-11T15:27:37.815471,161.114,0.00,0.00,0.00,0.00,0.00,0.00,0.00,0,,2.0,20.0,20.0
2025-10-11T15:27:37.819271,161.118,0.00,0.00,0.00,0.00,0.00,0.00,0.00,0,,2.0,20.0,20.0
2025-10-11T15:27:38.428620,161.727,0.00,0.00,0.00,0.00,0.00,0.00,0.00,0,,1.0,20.0,20.0
2025-10-11T15:27:38.432908,161.732,0.00,0.00,0.00,0.00,0.00,0.00,0.00,0,,1.0,20.0,20.0
2025-10-11T15:27:38.437310,161.736,0.00,0.00,0.00,0.00,0.00,0.00,0.00,0,,1.0,10.0,20.0
2025-10-11T15:27:38.441482,161.740,0.00,0.00,0.00,0.00,0.00,0.00,0.00,0,,1.0,10.0,20.0
2025-10-11T15:27:38.446383,161.745,0.00,0.00,0.00,0.00,0.00,0.00,0.00,0,,1.0,10.0,10.0
2025-10-11T15:27:38.450651,161.749,0.00,0.00,0.00,0.00,0.00,0.00,0.00,0,,1.0,10.0,10.0
2025-10-11T15:27:38.454467,161.753,0.00,0.00,0.00,0.00,0.00,0.00,0.00,0,,2.0,10.0,10.0
2025-10-11T15:27:38.458500,161.757,0.00,0.00,0.00,0.00,0.00,0.00,0.00,0,,2.0,10.0,10.0
2025-10-11T15:27:38.463240,161.762,0.00,0.00,0.00,0.00,0.00,0.00,0.00,0,,2.0,20.0,10.0
2025-10-11T15:27:38.467036,161.766,0.00,0.00,0.00,0.00,0.00,0.00,0.00,0,,2.0,20.0,10.0
2025-10-11T15:27:39.095431,162.394,0.00,0.00,0.00,0.00,0.00,0.00,0.00,0,,2.0,20.0,20.0
2025-10-11T15:27:39.099452,162.398,0.00,0.00,0.00,0.00,0.00,0.00,0.00,0,,2.0,20.0,20.0
2025-10-11T15:27:39.102954,162.402,0.00,0.00,0.00,0.00,0.00,0.00,0.00,0,,3.0,20.0,20.0
2025-10-11T15:27:39.106755,162.405,0.00,0.00,0.00,0.00,0.00,0.00,0.00,0,,3.0,20.0,20.0
2025-10-11T15:27:39.110742,162.409,0.00,0.00,0.00,0.00,0.00,0.00,0.00,0,,3.0,30.0,20.0
2025-10-11T15:27:39.114956,162.414,0.00,0.00,0.00,0.00,0.00,0.00,0.00,0,,3.0,30.0,20.0
2025-10-11T15:27:39.119513,162.418,0.00,0.00,0.00,0.00,0.00,0.00,0.00,0,,3.0,30.0,30.0
2025-10-11T15:27:39.123533,162.422,0.00,0.00,0.00,0.00,0.00,0.00,0.00,0,,3.0,30.0,30.0
2025-10-11T15:27:39.763057,163.062,0.00,0.00,0.00,0.00,0.00,0.00,0.00,0,,4.0,30.0,30.0
2025-10-11T15:27:39.766578,163.065,0.00,0.00,0.00,0.00,0.00,0.00,0.00,0,,4.0,30.0,30.0
2025-10-11T15:27:39.770417,163.069,0.00,0.00,0.00,0.00,0.00,0.00,0.00,0,,4.0,40.0,30.0
2025-10-11T15:27:39.774617,163.073,0.00,0.00,0.00,0.00,0.00,0.00,0.00,0,,4.0,40.0,30.0
2025-10-11T15:27:39.779073,163.078,0.00,0.00,0.00,0.00,0.00,0.00,0.00,0,,4.0,40.0,40.0
2025-10-11T15:27:39.782801,163.081,0.00,0.00,0.00,0.00,0.00,0.00,0.00,0,,4.0,40.0,40.0
2025-10-11T15:27:39.786709,163.085,0.00,0.00,0.00,0.00,0.00,0.00,0.00,0,,5.0,40.0,40.0
2025-10-11T15:27:39.790834,163.089,0.00,0.00,0.00,0.00,0.00,0.00,0.00,0,,5.0,40.0,40.0
2025-10-11T15:27:39.795867,163.094,0.00,0.00,0.00,0.00,0.00,0.00,0.00,0,,5.0,50.0,40.0
2025-10-11T15:27:39.800090,163.099,0.00,0.00,0.00,0.00,0.00,0.00,0.00,0,,5.0,50.0,40.0
2025-10-11T15:27:39.804387,163.103,0.00,0.00,0.00,0.00,0.00,0.00,0.00,0,,5.0,50.0,50.0
2025-10-11T15:27:39.809511,163.108,0.00,0.00,0.00,0.00,0.00,0.00,0.00,0,,5.0,50.0,50.0
2025-10-11T15:27:40.423615,163.722,0.00,0.00,0.00,0.00,0.00,0.00,0.00,0,,6.0,50.0,50.0
2025-10-11T15:27:40.429063,163.728,0.00,0.00,0.00,0.00,0.00,0.00,0.00,0,,6.0,50.0,50.0
2025-10-11T15:27:40.433733,163.732,0.00,0.00,0.00,0.00,0.00,0.00,0.00,0,,6.0,60.0,50.0
2025-10-11T15:27:40.437794,163.736,0.00,0.00,0.00,0.00,0.00,0.00,0.00,0,,6.0,60.0,50.0
2025-10-11T15:27:40.441719,163.740,0.00,0.00,0.00,0.00,0.00,0.00,0.00,0,,6.0,60.0,60.0
2025-10-11T15:27:40.446689,163.745,0.00,0.00,0.00,0.00,0.00,0.00,0.00,0,,6.0,60.0,60.0
2025-10-11T15:27:40.451197,163.750,0.00,0.00,0.00,0.00,0.00,0.00,0.00,0,,7.0,60.0,60.0
2025-10-11T15:27:40.455061,163.754,0.00,0.00,0.00,0.00,0.00,0.00,0.00,0,,7.0,60.0,60.0
2025-10-11T15:27:40.459164,163.758,0.00,0.00,0.00,0.00,0.00,0.00,0.00,0,,7.0,70.0,60.0
2025-10-11T15:27:40.465170,163.764,0.00,0.00,0.00,0.00,0.00,0.00,0.00,0,,7.0,70.0,60.0
2025-10-11T15:27:41.078438,164.377,0.00,0.00,0.00,0.00,0.00,0.00,0.00,0,,7.0,70.0,70.0
2025-10-11T15:27:41.082751,164.381,0.00,0.00,0.00,0.00,0.00,0.00,0.00,0,,7.0,70.0,70.0
2025-10-11T15:27:41.086734,164.385,0.00,0.00,0.00,0.00,0.00,0.00,0.00,0,,8.0,70.0,70.0
2025-10-11T15:27:41.089956,164.389,0.00,0.00,0.00,0.00,0.00,0.00,0.00,0,,8.0,70.0,70.0
2025-10-11T15:27:41.094242,164.393,0.00,0.00,0.00,0.00,0.00,0.00,0.00,0,,8.0,80.0,70.0
2025-10-11T15:27:41.099395,164.398,0.00,0.00,0.00,0.00,0.00,0.00,0.00,0,,8.0,80.0,70.0
2025-10-11T15:27:41.103343,164.402,0.00,0.00,0.00,0.00,0.00,0.00,0.00,0,,8.0,80.0,80.0
2025-10-11T15:27:41.107257,164.406,0.00,0.00,0.00,0.00,0.00,0.00,0.00,0,,8.0,80.0,80.0
2025-10-11T15:27:41.726872,165.025,0.00,0.00,0.00,0.00,0.00,0.00,0.00,0,,9.0,80.0,80.0
2025-10-11T15:27:41.730208,165.029,0.00,0.00,0.00,0.00,0.00,0.00,0.00,0,,9.0,80.0,80.0
2025-10-11T15:27:41.734145,165.033,0.00,0.00,0.00,0.00,0.00,0.00,0.00,0,,9.0,90.0,80.0
2025-10-11T15:27:41.737762,165.036,0.00,0.00,0.00,0.00,0.00,0.00,0.00,0,,9.0,90.0,80.0
2025-10-11T15:27:41.743234,165.042,0.00,0.00,0.00,0.00,0.00,0.00,0.00,0,,9.0,90.0,90.0
2025-10-11T15:27:41.747946,165.047,0.00,0.00,0.00,0.00,0.00,0.00,0.00,0,,9.0,90.0,90.0
2025-10-11T15:27:41.751730,165.050,0.00,0.00,0.00,0.00,0.00,0.00,0.00,0,,8.0,90.0,90.0
2025-10-11T15:27:41.755610,165.054,0.00,0.00,0.00,0.00,0.00,0.00,0.00,0,,8.0,90.0,90.0
2025-10-11T15:27:41.759295,165.058,0.00,0.00,0.00,0.00,0.00,0.00,0.00,0,,8.0,80.0,90.0
2025-10-11T15:27:41.763569,165.062,0.00,0.00,0.00,0.00,0.00,0.00,0.00,0,,8.0,80.0,90.0
2025-10-11T15:27:42.398272,165.697,0.00,0.00,0.00,0.00,0.00,0.00,0.00,0,,8.0,80.0,80.0
2025-10-11T15:27:42.402820,165.701,0.00,0.00,0.00,0.00,0.00,0.00,0.00,0,,8.0,80.0,80.0
2025-10-11T15:27:42.406986,165.706,0.00,0.00,0.00,0.00,0.00,0.00,0.00,0,,7.0,80.0,80.0
2025-10-11T15:27:42.411096,165.710,0.00,0.00,0.00,0.00,0.00,0.00,0.00,0,,7.0,80.0,80.0
2025-10-11T15:27:42.415642,165.714,0.00,0.00,0.00,0.00,0.00,0.00,0.00,0,,7.0,70.0,80.0
2025-10-11T15:27:42.420045,165.719,0.00,0.00,0.00,0.00,0.00,0.00,0.00,0,,7.0,70.0,80.0
2025-10-11T15:27:42.424777,165.723,0.00,0.00,0.00,0.00,0.00,0.00,0.00,0,,7.0,70.0,70.0
2025-10-11T15:27:42.429917,165.729,0.00,0.00,0.00,0.00,0.00,0.00,0.00,0,,7.0,70.0,70.0
2025-10-11T15:27:42.434661,165.733,0.00,0.00,0.00,0.00,0.00,0.00,0.00,0,,6.0,70.0,70.0
2025-10-11T15:27:42.442060,165.741,0.00,0.00,0.00,0.00,0.00,0.00,0.00,0,,6.0,70.0,70.0
2025-10-11T15:27:43.058424,166.357,0.00,0.00,0.00,0.00,0.00,0.00,0.00,0,,6.0,60.0,70.0
2025-10-11T15:27:43.062000,166.361,0.00,0.00,0.00,0.00,0.00,0.00,0.00,0,,6.0,60.0,70.0
2025-10-11T15:27:43.066170,166.365,0.00,0.00,0.00,0.00,0.00,0.00,0.00,0,,6.0,60.0,60.0
2025-10-11T15:27:43.070235,166.369,0.00,0.00,0.00,0.00,0.00,0.00,0.00,0,,6.0,60.0,60.0
2025-10-11T15:27:43.074239,166.373,0.00,0.00,0.00,0.00,0.00,0.00,0.00,0,,5.0,60.0,60.0
2025-10-11T15:27:43.078641,166.377,0.00,0.00,0.00,0.00,0.00,0.00,0.00,0,,5.0,60.0,60.0
2025-10-11T15:27:43.083905,166.382,0.00,0.00,0.00,0.00,0.00,0.00,0.00,0,,5.0,50.0,60.0
2025-10-11T15:27:43.088675,166.387,0.00,0.00,0.00,0.00,0.00,0.00,0.00,0,,5.0,50.0,60.0
2025-10-11T15:27:43.092874,166.391,0.00,0.00,0.00,0.00,0.00,0.00,0.00,0,,5.0,50.0,50.0
2025-10-11T15:27:43.097164,166.396,0.00,0.00,0.00,0.00,0.00,0.00,0.00,0,,5.0,50.0,50.0
2025-10-11T15:27:43.715183,167.014,0.00,0.00,0.00,0.00,0.00,0.00,0.00,0,,4.0,50.0,50.0
2025-10-11T15:27:43.719098,167.018,0.00,0.00,0.00,0.00,0.00,0.00,0.00,0,,4.0,50.0,50.0
2025-10-11T15:27:43.722990,167.022,0.00,0.00,0.00,0.00,0.00,0.00,0.00,0,,4.0,40.0,50.0
2025-10-11T15:27:43.727867,167.026,0.00,0.00,0.00,0.00,0.00,0.00,0.00,0,,4.0,40.0,50.0
2025-10-11T15:27:43.732522,167.031,0.00,0.00,0.00,0.00,0.00,0.00,0.00,0,,4.0,40.0,40.0
2025-10-11T15:27:43.736728,167.035,0.00,0.00,0.00,0.00,0.00,0.00,0.00,0,,4.0,40.0,40.0
2025-10-11T15:27:43.756419,167.055,0.00,0.00,0.00,0.00,0.00,0.00,0.00,0,,3.0,40.0,40.0
2025-10-11T15:27:43.759925,167.059,0.00,0.00,0.00,0.00,0.00,0.00,0.00,0,,3.0,40.0,40.0
2025-10-11T15:27:43.764284,167.063,0.00,0.00,0.00,0.00,0.00,0.00,0.00,0,,3.0,30.0,40.0
2025-10-11T15:27:43.768465,167.067,0.00,0.00,0.00,0.00,0.00,0.00,0.00,0,,3.0,30.0,40.0
2025-10-11T15:27:44.378045,167.677,0.00,0.00,0.00,0.00,0.00,0.00,0.00,0,,3.0,30.0,30.0
2025-10-11T15:27:44.382027,167.681,0.00,0.00,0.00,0.00,0.00,0.00,0.00,0,,3.0,30.0,30.0
2025-10-11T15:27:44.386256,167.685,0.00,0.00,0.00,0.00,0.00,0.00,0.00,0,,2.0,30.0,30.0
2025-10-11T15:27:44.390767,167.689,0.00,0.00,0.00,0.00,0.00,0.00,0.00,0,,2.0,30.0,30.0
2025-10-11T15:27:44.394924,167.694,0.00,0.00,0.00,0.00,0.00,0.00,0.00,0,,2.0,20.0,30.0
2025-10-11T15:27:44.399738,167.698,0.00,0.00,0.00,0.00,0.00,0.00,0.00,0,,2.0,20.0,30.0
2025-10-11T15:27:44.404583,167.703,0.00,0.00,0.00,0.00,0.00,0.00,0.00,0,,2.0,20.0,20.0
2025-10-11T15:27:44.408820,167.707,0.00,0.00,0.00,0.00,0.00,0.00,0.00,0,,2.0,20.0,20.0
2025-10-11T15:27:45.027554,168.326,0.00,0.00,0.00,0.00,0.00,0.00,0.00,0,,1.0,20.0,20.0
2025-10-11T15:27:45.030953,168.330,0.00,0.00,0.00,0.00,0.00,0.00,0.00,0,,1.0,20.0,20.0
2025-10-11T15:27:45.034895,168.333,0.00,0.00,0.00,0.00,0.00,0.00,0.00,0,,1.0,10.0,20.0
2025-10-11T15:27:45.039072,168.338,0.00,0.00,0.00,0.00,0.00,0.00,0.00,0,,1.0,10.0,20.0
2025-10-11T15:27:45.044775,168.343,0.00,0.00,0.00,0.00,0.00,0.00,0.00,0,,1.0,10.0,10.0
2025-10-11T15:27:45.049339,168.348,0.00,0.00,0.00,0.00,0.00,0.00,0.00,0,,1.0,10.0,10.0
2025-10-11T15:27:45.054256,168.353,0.00,0.00,0.00,0.00,0.00,0.00,0.00,0,,2.0,10.0,10.0
2025-10-11T15:27:45.059219,168.358,0.00,0.00,0.00,0.00,0.00,0.00,0.00,0,,2.0,10.0,10.0
2025-10-11T15:27:45.063985,168.363,0.00,0.00,0.00,0.00,0.00,0.00,0.00,0,,2.0,20.0,10.0
2025-10-11T15:27:45.069132,168.368,0.00,0.00,0.00,0.00,0.00,0.00,0.00,0,,2.0,20.0,10.0
2025-10-11T15:27:45.680112,168.979,0.00,0.00,0.00,0.00,0.00,0.00,0.00,0,,2.0,20.0,20.0
2025-10-11T15:27:45.684206,168.983,0.00,0.00,0.00,0.00,0.00,0.00,0.00,0,,2.0,20.0,20.0
2025-10-11T15:27:45.688619,168.987,0.00,0.00,0.00,0.00,0.00,0.00,0.00,0,,3.0,20.0,20.0
2025-10-11T15:27:45.692792,168.991,0.00,0.00,0.00,0.00,0.00,0.00,0.00,0,,3.0,20.0,20.0
2025-10-11T15:27:45.698070,168.997,0.00,0.00,0.00,0.00,0.00,0.00,0.00,0,,3.0,30.0,20.0
2025-10-11T15:27:45.701896,169.000,0.00,0.00,0.00,0.00,0.00,0.00,0.00,0,,3.0,30.0,20.0
2025-10-11T15:27:45.706262,169.005,0.00,0.00,0.00,0.00,0.00,0.00,0.00,0,,3.0,30.0,30.0
2025-10-11T15:27:45.710196,169.009,0.00,0.00,0.00,0.00,0.00,0.00,0.00,0,,3.0,30.0,30.0
2025-10-11T15:27:45.713989,169.013,0.00,0.00,0.00,0.00,0.00,0.00,0.00,0,,4.0,30.0,30.0
2025-10-11T15:27:45.717900,169.016,0.00,0.00,0.00,0.00,0.00,0.00,0.00,0,,4.0,30.0,30.0
2025-10-11T15:27:46.345315,169.644,0.00,0.00,0.00,0.00,0.00,0.00,0.00,0,,4.0,40.0,30.0
2025-10-11T15:27:46.350312,169.649,0.00,0.00,0.00,0.00,0.00,0.00,0.00,0,,4.0,40.0,30.0
2025-10-11T15:27:46.355080,169.654,0.00,0.00,0.00,0.00,0.00,0.00,0.00,0,,4.0,40.0,40.0
2025-10-11T15:27:46.359671,169.658,0.00,0.00,0.00,0.00,0.00,0.00,0.00,0,,4.0,40.0,40.0
2025-10-11T15:27:46.364486,169.663,0.00,0.00,0.00,0.00,0.00,0.00,0.00,0,,5.0,40.0,40.0
2025-10-11T15:27:46.369043,169.668,0.00,0.00,0.00,0.00,0.00,0.00,0.00,0,,5.0,40.0,40.0
2025-10-11T15:27:46.373548,169.672,0.00,0.00,0.00,0.00,0.00,0.00,0.00,0,,5.0,50.0,40.0
2025-10-11T15:27:46.378334,169.677,0.00,0.00,0.00,0.00,0.00,0.00,0.00,0,,5.0,50.0,40.0
2025-10-11T15:27:47.014308,170.313,0.00,0.00,0.00,0.00,0.00,0.00,0.00,0,,5.0,50.0,50.0
2025-10-11T15:27:47.019467,170.318,0.00,0.00,0.00,0.00,0.00,0.00,0.00,0,,5.0,50.0,50.0
2025-10-11T15:27:47.023363,170.322,0.00,0.00,0.00,0.00,0.00,0.00,0.00,0,,6.0,50.0,50.0
2025-10-11T15:27:47.028009,170.327,0.00,0.00,0.00,0.00,0.00,0.00,0.00,0,,6.0,50.0,50.0
2025-10-11T15:27:47.032852,170.331,0.00,0.00,0.00,0.00,0.00,0.00,0.00,0,,6.0,60.0,50.0
2025-10-11T15:27:47.037801,170.336,0.00,0.00,0.00,0.00,0.00,0.00,0.00,0,,6.0,60.0,50.0
2025-10-11T15:27:47.042676,170.341,0.00,0.00,0.00,0.00,0.00,0.00,0.00,0,,6.0,60.0,60.0
2025-10-11T15:27:47.047702,170.346,0.00,0.00,0.00,0.00,0.00,0.00,0.00,0,,6.0,60.0,60.0
2025-10-11T15:27:47.052601,170.351,0.00,0.00,0.00,0.00,0.00,0.00,0.00,0,,7.0,60.0,60.0
2025-10-11T15:27:47.057905,170.356,0.00,0.00,0.00,0.00,0.00,0.00,0.00,0,,7.0,60.0,60.0
2025-10-11T15:27:47.664542,170.963,0.00,0.00,0.00,0.00,0.00,0.00,0.00,0,,7.0,70.0,60.0
2025-10-11T15:27:47.668361,170.967,0.00,0.00,0.00,0.00,0.00,0.00,0.00,0,,7.0,70.0,60.0
2025-10-11T15:27:47.672306,170.971,0.00,0.00,0.00,0.00,0.00,0.00,0.00,0,,7.0,70.0,70.0
2025-10-11T15:27:47.676384,170.975,0.00,0.00,0.00,0.00,0.00,0.00,0.00,0,,7.0,70.0,70.0
2025-10-11T15:27:47.681278,170.980,0.00,0.00,0.00,0.00,0.00,0.00,0.00,0,,8.0,70.0,70.0
2025-10-11T15:27:47.685934,170.985,0.00,0.00,0.00,0.00,0.00,0.00,0.00,0,,8.0,70.0,70.0
2025-10-11T15:27:47.689876,170.988,0.00,0.00,0.00,0.00,0.00,0.00,0.00,0,,8.0,80.0,70.0
2025-10-11T15:27:47.694647,170.993,0.00,0.00,0.00,0.00,0.00,0.00,0.00,0,,8.0,80.0,70.0
2025-10-11T15:27:47.699635,170.998,0.00,0.00,0.00,0.00,0.00,0.00,0.00,0,,8.0,80.0,80.0
2025-10-11T15:27:47.703515,171.002,0.00,0.00,0.00,0.00,0.00,0.00,0.00,0,,8.0,80.0,80.0
2025-10-11T15:27:48.330504,171.629,0.00,0.00,0.00,0.00,0.00,0.00,0.00,0,,9.0,80.0,80.0
2025-10-11T15:27:48.334223,171.633,0.00,0.00,0.00,0.00,0.00,0.00,0.00,0,,9.0,80.0,80.0
2025-10-11T15:27:48.337974,171.637,0.00,0.00,0.00,0.00,0.00,0.00,0.00,0,,9.0,90.0,80.0
2025-10-11T15:27:48.342504,171.641,0.00,0.00,0.00,0.00,0.00,0.00,0.00,0,,9.0,90.0,80.0
2025-10-11T15:27:48.347490,171.646,0.00,0.00,0.00,0.00,0.00,0.00,0.00,0,,9.0,90.0,90.0
2025-10-11T15:27:48.352432,171.651,0.00,0.00,0.00,0.00,0.00,0.00,0.00,0,,9.0,90.0,90.0
2025-10-11T15:27:48.356619,171.655,0.00,0.00,0.00,0.00,0.00,0.00,0.00,0,,8.0,90.0,90.0
2025-10-11T15:27:48.360868,171.659,0.00,0.00,0.00,0.00,0.00,0.00,0.00,0,,8.0,90.0,90.0
2025-10-11T15:27:48.993510,172.292,0.00,0.00,0.00,0.00,0.00,0.00,0.00,0,,8.0,80.0,90.0
2025-10-11T15:27:48.998344,172.297,0.00,0.00,0.00,0.00,0.00,0.00,0.00,0,,8.0,80.0,90.0
2025-10-11T15:27:49.003626,172.302,0.00,0.00,0.00,0.00,0.00,0.00,0.00,0,,8.0,80.0,80.0
2025-10-11T15:27:49.008346,172.307,0.00,0.00,0.00,0.00,0.00,0.00,0.00,0,,8.0,80.0,80.0
2025-10-11T15:27:49.014130,172.313,0.00,0.00,0.00,0.00,0.00,0.00,0.00,0,,7.0,80.0,80.0
2025-10-11T15:27:49.018905,172.318,0.00,0.00,0.00,0.00,0.00,0.00,0.00,0,,7.0,80.0,80.0
2025-10-11T15:27:49.023806,172.322,0.00,0.00,0.00,0.00,0.00,0.00,0.00,0,,7.0,70.0,80.0
2025-10-11T15:27:49.029032,172.328,0.00,0.00,0.00,0.00,0.00,0.00,0.00,0,,7.0,70.0,80.0
2025-10-11T15:27:49.663986,172.963,0.00,0.00,0.00,0.00,0.00,0.00,0.00,0,,7.0,70.0,70.0
2025-10-11T15:27:49.668347,172.967,0.00,0.00,0.00,0.00,0.00,0.00,0.00,0,,7.0,70.0,70.0
2025-10-11T15:27:49.672521,172.971,0.00,0.00,0.00,0.00,0.00,0.00,0.00,0,,6.0,70.0,70.0
2025-10-11T15:27:49.676893,172.975,0.00,0.00,0.00,0.00,0.00,0.00,0.00,0,,6.0,70.0,70.0
2025-10-11T15:27:49.681502,172.980,0.00,0.00,0.00,0.00,0.00,0.00,0.00,0,,6.0,60.0,70.0
2025-10-11T15:27:49.686512,172.985,0.00,0.00,0.00,0.00,0.00,0.00,0.00,0,,6.0,60.0,70.0
2025-10-11T15:27:49.690968,172.990,0.00,0.00,0.00,0.00,0.00,0.00,0.00,0,,6.0,60.0,60.0
2025-10-11T15:27:49.695831,172.994,0.00,0.00,0.00,0.00,0.00,0.00,0.00,0,,6.0,60.0,60.0
2025-10-11T15:27:50.330556,173.629,0.00,0.00,0.00,0.00,0.00,0.00,0.00,0,,5.0,60.0,60.0
2025-10-11T15:27:50.334193,173.633,0.00,0.00,0.00,0.00,0.00,0.00,0.00,0,,5.0,60.0,60.0
2025-10-11T15:27:50.338593,173.637,0.00,0.00,0.00,0.00,0.00,0.00,0.00,0,,5.0,50.0,60.0
2025-10-11T15:27:50.343018,173.642,0.00,0.00,0.00,0.00,0.00,0.00,0.00,0,,5.0,50.0,60.0
2025-10-11T15:27:50.347671,173.646,0.00,0.00,0.00,0.00,0.00,0.00,0.00,0,,5.0,50.0,50.0
2025-10-11T15:27:50.352074,173.651,0.00,0.00,0.00,0.00,0.00,0.00,0.00,0,,5.0,50.0,50.0
2025-10-11T15:27:50.357094,173.656,0.00,0.00,0.00,0.00,0.00,0.00,0.00,0,,4.0,50.0,50.0
2025-10-11T15:27:50.362119,173.661,0.00,0.00,0.00,0.00,0.00,0.00,0.00,0,,4.0,50.0,50.0
2025-10-11T15:27:50.366507,173.665,0.00,0.00,0.00,0.00,0.00,0.00,0.00,0,,4.0,40.0,50.0
2025-10-11T15:27:50.370660,173.669,0.00,0.00,0.00,0.00,0.00,0.00,0.00,0,,4.0,40.0,50.0
2025-10-11T15:27:50.978664,174.277,0.00,0.00,0.00,0.00,0.00,0.00,0.00,0,,4.0,40.0,40.0
2025-10-11T15:27:50.982979,174.282,0.00,0.00,0.00,0.00,0.00,0.00,0.00,0,,4.0,40.0,40.0
2025-10-11T15:27:50.987470,174.286,0.00,0.00,0.00,0.00,0.00,0.00,0.00,0,,3.0,40.0,40.0
2025-10-11T15:27:50.991927,174.291,0.00,0.00,0.00,0.00,0.00,0.00,0.00,0,,3.0,40.0,40.0
2025-10-11T15:27:50.997187,174.296,0.00,0.00,0.00,0.00,0.00,0.00,0.00,0,,3.0,30.0,40.0
2025-10-11T15:27:51.001014,174.300,0.00,0.00,0.00,0.00,0.00,0.00,0.00,0,,3.0,30.0,40.0
2025-10-11T15:27:51.005136,174.304,0.00,0.00,0.00,0.00,0.00,0.00,0.00,0,,3.0,30.0,30.0
2025-10-11T15:27:51.009367,174.308,0.00,0.00,0.00,0.00,0.00,0.00,0.00,0,,3.0,30.0,30.0
2025-10-11T15:27:51.631929,174.931,0.00,0.00,0.00,0.00,0.00,0.00,0.00,0,,2.0,30.0,30.0
2025-10-11T15:27:51.635844,174.934,0.00,0.00,0.00,0.00,0.00,0.00,0.00,0,,2.0,30.0,30.0
2025-10-11T15:27:51.640377,174.939,0.00,0.00,0.00,0.00,0.00,0.00,0.00,0,,2.0,20.0,30.0
2025-10-11T15:27:51.644583,174.943,0.00,0.00,0.00,0.00,0.00,0.00,0.00,0,,2.0,20.0,30.0
2025-10-11T15:27:51.649401,174.948,0.00,0.00,0.00,0.00,0.00,0.00,0.00,0,,2.0,20.0,20.0
2025-10-11T15:27:51.654293,174.953,0.00,0.00,0.00,0.00,0.00,0.00,0.00,0,,2.0,20.0,20.0
2025-10-11T15:27:51.658803,174.957,0.00,0.00,0.00,0.00,0.00,0.00,0.00,0,,1.0,20.0,20.0
2025-10-11T15:27:51.664042,174.963,0.00,0.00,0.00,0.00,0.00,0.00,0.00,0,,1.0,20.0,20.0
2025-10-11T15:27:52.294615,175.593,0.00,0.00,0.00,0.00,0.00,0.00,0.00,0,,1.0,10.0,20.0
2025-10-11T15:27:52.298333,175.597,0.00,0.00,0.00,0.00,0.00,0.00,0.00,0,,1.0,10.0,20.0
2025-10-11T15:27:52.302595,175.601,0.00,0.00,0.00,0.00,0.00,0.00,0.00,0,,1.0,10.0,10.0
2025-10-11T15:27:52.306980,175.606,0.00,0.00,0.00,0.00,0.00,0.00,0.00,0,,1.0,10.0,10.0
2025-10-11T15:27:52.311408,175.610,0.00,0.00,0.00,0.00,0.00,0.00,0.00,0,,2.0,10.0,10.0
2025-10-11T15:27:52.317266,175.616,0.00,0.00,0.00,0.00,0.00,0.00,0.00,0,,2.0,10.0,10.0
2025-10-11T15:27:52.322013,175.621,0.00,0.00,0.00,0.00,0.00,0.00,0.00,0,,2.0,20.0,10.0
2025-10-11T15:27:52.326662,175.625,0.00,0.00,0.00,0.00,0.00,0.00,0.00,0,,2.0,20.0,10.0
2025-10-11T15:27:52.331858,175.630,0.00,0.00,0.00,0.00,0.00,0.00,0.00,0,,2.0,20.0,20.0
2025-10-11T15:27:52.336723,175.635,0.00,0.00,0.00,0.00,0.00,0.00,0.00,0,,2.0,20.0,20.0
2025-10-11T15:27:53.061489,176.360,0.00,0.00,0.00,0.00,0.00,0.00,0.00,0,,3.0,20.0,20.0
2025-10-11T15:27:53.065604,176.364,0.00,0.00,0.00,0.00,0.00,0.00,0.00,0,,3.0,20.0,20.0
2025-10-11T15:27:53.070349,176.369,0.00,0.00,0.00,0.00,0.00,0.00,0.00,0,,3.0,30.0,20.0
2025-10-11T15:27:53.074994,176.374,0.00,0.00,0.00,0.00,0.00,0.00,0.00,0,,3.0,30.0,20.0
2025-10-11T15:27:53.079498,176.378,0.00,0.00,0.00,0.00,0.00,0.00,0.00,0,,3.0,30.0,30.0
2025-10-11T15:27:53.084289,176.383,0.00,0.00,0.00,0.00,0.00,0.00,0.00,0,,3.0,30.0,30.0
2025-10-11T15:27:53.088307,176.387,0.00,0.00,0.00,0.00,0.00,0.00,0.00,0,,4.0,30.0,30.0
2025-10-11T15:27:53.092782,176.391,0.00,0.00,0.00,0.00,0.00,0.00,0.00,0,,4.0,30.0,30.0
2025-10-11T15:27:53.097625,176.396,0.00,0.00,0.00,0.00,0.00,0.00,0.00,0,,4.0,40.0,30.0
2025-10-11T15:27:53.102797,176.401,0.00,0.00,0.00,0.00,0.00,0.00,0.00,0,,4.0,40.0,30.0
2025-10-11T15:27:53.107899,176.406,0.00,0.00,0.00,0.00,0.00,0.00,0.00,0,,4.0,40.0,40.0
2025-10-11T15:27:53.113631,176.412,0.00,0.00,0.00,0.00,0.00,0.00,0.00,0,,4.0,40.0,40.0
2025-10-11T15:27:53.723813,177.022,0.00,0.00,0.00,0.00,0.00,0.00,0.00,0,,5.0,40.0,40.0
2025-10-11T15:27:53.727498,177.026,0.00,0.00,0.00,0.00,0.00,0.00,0.00,0,,5.0,40.0,40.0
2025-10-11T15:27:53.731239,177.030,0.00,0.00,0.00,0.00,0.00,0.00,0.00,0,,5.0,50.0,40.0
2025-10-11T15:27:53.735690,177.034,0.00,0.00,0.00,0.00,0.00,0.00,0.00,0,,5.0,50.0,40.0
2025-10-11T15:27:54.380730,177.679,0.00,0.00,0.00,0.00,0.00,0.00,0.00,0,,5.0,50.0,50.0
2025-10-11T15:27:54.384717,177.683,0.00,0.00,0.00,0.00,0.00,0.00,0.00,0,,5.0,50.0,50.0
2025-10-11T15:27:54.388847,177.687,0.00,0.00,0.00,0.00,0.00,0.00,0.00,0,,6.0,50.0,50.0
2025-10-11T15:27:54.393502,177.692,0.00,0.00,0.00,0.00,0.00,0.00,0.00,0,,6.0,50.0,50.0
2025-10-11T15:27:54.398380,177.697,0.00,0.00,0.00,0.00,0.00,0.00,0.00,0,,6.0,60.0,50.0
2025-10-11T15:27:54.403049,177.702,0.00,0.00,0.00,0.00,0.00,0.00,0.00,0,,6.0,60.0,50.0
2025-10-11T15:27:54.407834,177.706,0.00,0.00,0.00,0.00,0.00,0.00,0.00,0,,6.0,60.0,60.0
2025-10-11T15:27:54.412664,177.711,0.00,0.00,0.00,0.00,0.00,0.00,0.00,0,,6.0,60.0,60.0
2025-10-11T15:27:54.417167,177.716,0.00,0.00,0.00,0.00,0.00,0.00,0.00,0,,7.0,60.0,60.0
2025-10-11T15:27:54.421842,177.720,0.00,0.00,0.00,0.00,0.00,0.00,0.00,0,,7.0,60.0,60.0
2025-10-11T15:27:55.043273,178.342,0.00,0.00,0.00,0.00,0.00,0.00,0.00,0,,7.0,70.0,60.0
2025-10-11T15:27:55.047235,178.346,0.00,0.00,0.00,0.00,0.00,0.00,0.00,0,,7.0,70.0,60.0
2025-10-11T15:27:55.051648,178.350,0.00,0.00,0.00,0.00,0.00,0.00,0.00,0,,7.0,70.0,70.0
2025-10-11T15:27:55.056096,178.355,0.00,0.00,0.00,0.00,0.00,0.00,0.00,0,,7.0,70.0,70.0
2025-10-11T15:27:55.060596,178.359,0.00,0.00,0.00,0.00,0.00,0.00,0.00,0,,8.0,70.0,70.0
2025-10-11T15:27:55.064882,178.363,0.00,0.00,0.00,0.00,0.00,0.00,0.00,0,,8.0,70.0,70.0
2025-10-11T15:27:55.071123,178.370,0.00,0.00,0.00,0.00,0.00,0.00,0.00,0,,8.0,80.0,70.0
2025-10-11T15:27:55.075779,178.374,0.00,0.00,0.00,0.00,0.00,0.00,0.00,0,,8.0,80.0,70.0
2025-10-11T15:27:55.714993,179.014,0.00,0.00,0.00,0.00,0.00,0.00,0.00,0,,8.0,80.0,80.0
2025-10-11T15:27:55.719133,179.018,0.00,0.00,0.00,0.00,0.00,0.00,0.00,0,,8.0,80.0,80.0
2025-10-11T15:27:55.723265,179.022,0.00,0.00,0.00,0.00,0.00,0.00,0.00,0,,9.0,80.0,80.0
2025-10-11T15:27:55.726752,179.025,0.00,0.00,0.00,0.00,0.00,0.00,0.00,0,,9.0,80.0,80.0
2025-10-11T15:27:55.731607,179.030,0.00,0.00,0.00,0.00,0.00,0.00,0.00,0,,9.0,90.0,80.0
2025-10-11T15:27:55.736013,179.035,0.00,0.00,0.00,0.00,0.00,0.00,0.00,0,,9.0,90.0,80.0
2025-10-11T15:27:55.739940,179.039,0.00,0.00,0.00,0.00,0.00,0.00,0.00,0,,9.0,90.0,90.0
2025-10-11T15:27:55.744433,179.043,0.00,0.00,0.00,0.00,0.00,0.00,0.00,0,,9.0,90.0,90.0
2025-10-11T15:27:55.748696,179.047,0.00,0.00,0.00,0.00,0.00,0.00,0.00,0,,8.0,90.0,90.0
2025-10-11T15:27:55.753679,179.052,0.00,0.00,0.00,0.00,0.00,0.00,0.00,0,,8.0,90.0,90.0
2025-10-11T15:27:56.397942,179.697,0.00,0.00,0.00,0.00,0.00,0.00,0.00,0,,8.0,80.0,90.0
2025-10-11T15:27:56.402264,179.701,0.00,0.00,0.00,0.00,0.00,0.00,0.00,0,,8.0,80.0,90.0
2025-10-11T15:27:56.407081,179.706,0.00,0.00,0.00,0.00,0.00,0.00,0.00,0,,8.0,80.0,80.0
2025-10-11T15:27:56.412017,179.711,0.00,0.00,0.00,0.00,0.00,0.00,0.00,0,,8.0,80.0,80.0
2025-10-11T15:27:56.416704,179.715,0.00,0.00,0.00,0.00,0.00,0.00,0.00,0,,7.0,80.0,80.0
2025-10-11T15:27:56.422216,179.721,0.00,0.00,0.00,0.00,0.00,0.00,0.00,0,,7.0,80.0,80.0
2025-10-11T15:27:56.427002,179.726,0.00,0.00,0.00,0.00,0.00,0.00,0.00,0,,7.0,70.0,80.0
2025-10-11T15:27:56.431952,179.731,0.00,0.00,0.00,0.00,0.00,0.00,0.00,0,,7.0,70.0,80.0
2025-10-11T15:27:56.436377,179.735,0.00,0.00,0.00,0.00,0.00,0.00,0.00,0,,7.0,70.0,70.0
2025-10-11T15:27:56.440612,179.739,0.00,0.00,0.00,0.00,0.00,0.00,0.00,0,,7.0,70.0,70.0
2025-10-11T15:27:57.059403,180.358,0.00,0.00,0.00,0.00,0.00,0.00,0.00,0,,6.0,70.0,70.0
2025-10-11T15:27:57.063277,180.362,0.00,0.00,0.00,0.00,0.00,0.00,0.00,0,,6.0,70.0,70.0
2025-10-11T15:27:57.067149,180.366,0.00,0.00,0.00,0.00,0.00,0.00,0.00,0,,6.0,60.0,70.0
2025-10-11T15:27:57.071528,180.370,0.00,0.00,0.00,0.00,0.00,0.00,0.00,0,,6.0,60.0,70.0
2025-10-11T15:27:57.075879,180.374,0.00,0.00,0.00,0.00,0.00,0.00,0.00,0,,6.0,60.0,60.0
2025-10-11T15:27:57.080724,180.379,0.00,0.00,0.00,0.00,0.00,0.00,0.00,0,,6.0,60.0,60.0
2025-10-11T15:27:57.085237,180.384,0.00,0.00,0.00,0.00,0.00,0.00,0.00,0,,5.0,60.0,60.0
2025-10-11T15:27:57.089397,180.388,0.00,0.00,0.00,0.00,0.00,0.00,0.00,0,,5.0,60.0,60.0
2025-10-11T15:27:57.713461,181.012,0.00,0.00,0.00,0.00,0.00,0.00,0.00,0,,5.0,50.0,60.0
2025-10-11T15:27:57.717836,181.016,0.00,0.00,0.00,0.00,0.00,0.00,0.00,0,,5.0,50.0,60.0
2025-10-11T15:27:57.722902,181.022,0.00,0.00,0.00,0.00,0.00,0.00,0.00,0,,5.0,50.0,50.0
2025-10-11T15:27:57.727599,181.026,0.00,0.00,0.00,0.00,0.00,0.00,0.00,0,,5.0,50.0,50.0
2025-10-11T15:27:57.733745,181.032,0.00,0.00,0.00,0.00,0.00,0.00,0.00,0,,4.0,50.0,50.0
2025-10-11T15:27:57.738409,181.037,0.00,0.00,0.00,0.00,0.00,0.00,0.00,0,,4.0,50.0,50.0
2025-10-11T15:27:57.743151,181.042,0.00,0.00,0.00,0.00,0.00,0.00,0.00,0,,4.0,40.0,50.0
2025-10-11T15:27:57.749519,181.048,0.00,0.00,0.00,0.00,0.00,0.00,0.00,0,,4.0,40.0,50.0
2025-10-11T15:27:57.755192,181.054,0.00,0.00,0.00,0.00,0.00,0.00,0.00,0,,4.0,40.0,40.0
2025-10-11T15:27:57.760964,181.060,0.00,0.00,0.00,0.00,0.00,0.00,0.00,0,,4.0,40.0,40.0
2025-10-11T15:27:57.765795,181.064,0.00,0.00,0.00,0.00,0.00,0.00,0.00,0,,3.0,40.0,40.0
2025-10-11T15:27:57.770340,181.069,0.00,0.00,0.00,0.00,0.00,0.00,0.00,0,,3.0,40.0,40.0
2025-10-11T15:27:58.477349,181.776,0.00,0.00,0.00,0.00,0.00,0.00,0.00,0,,3.0,30.0,40.0
2025-10-11T15:27:58.483020,181.782,0.00,0.00,0.00,0.00,0.00,0.00,0.00,0,,3.0,30.0,40.0
2025-10-11T15:27:58.487170,181.786,0.00,0.00,0.00,0.00,0.00,0.00,0.00,0,,3.0,30.0,30.0
2025-10-11T15:27:58.491893,181.790,0.00,0.00,0.00,0.00,0.00,0.00,0.00,0,,3.0,30.0,30.0
2025-10-11T15:27:58.496881,181.795,0.00,0.00,0.00,0.00,0.00,0.00,0.00,0,,2.0,30.0,30.0
2025-10-11T15:27:58.502435,181.801,0.00,0.00,0.00,0.00,0.00,0.00,0.00,0,,2.0,30.0,30.0
2025-10-11T15:27:58.507166,181.806,0.00,0.00,0.00,0.00,0.00,0.00,0.00,0,,2.0,20.0,30.0
2025-10-11T15:27:58.511890,181.810,0.00,0.00,0.00,0.00,0.00,0.00,0.00,0,,2.0,20.0,30.0
2025-10-11T15:27:58.517057,181.816,0.00,0.00,0.00,0.00,0.00,0.00,0.00,0,,2.0,20.0,20.0
2025-10-11T15:27:58.521608,181.820,0.00,0.00,0.00,0.00,0.00,0.00,0.00,0,,2.0,20.0,20.0
2025-10-11T15:27:59.143074,182.442,0.00,0.00,0.00,0.00,0.00,0.00,0.00,0,,1.0,20.0,20.0
2025-10-11T15:27:59.146341,182.445,0.00,0.00,0.00,0.00,0.00,0.00,0.00,0,,1.0,20.0,20.0
2025-10-11T15:27:59.150621,182.449,0.00,0.00,0.00,0.00,0.00,0.00,0.00,0,,1.0,10.0,20.0
2025-10-11T15:27:59.155293,182.454,0.00,0.00,0.00,0.00,0.00,0.00,0.00,0,,1.0,10.0,20.0
2025-10-11T15:27:59.159998,182.459,0.00,0.00,0.00,0.00,0.00,0.00,0.00,0,,1.0,10.0,10.0
2025-10-11T15:27:59.164797,182.463,0.00,0.00,0.00,0.00,0.00,0.00,0.00,0,,1.0,10.0,10.0
2025-10-11T15:27:59.169800,182.468,0.00,0.00,0.00,0.00,0.00,0.00,0.00,0,,2.0,10.0,10.0
2025-10-11T15:27:59.174548,182.473,0.00,0.00,0.00,0.00,0.00,0.00,0.00,0,,2.0,10.0,10.0
2025-10-11T15:27:59.796771,183.095,0.00,0.00,0.00,0.00,0.00,0.00,0.00,0,,2.0,20.0,10.0
2025-10-11T15:27:59.801121,183.100,0.00,0.00,0.00,0.00,0.00,0.00,0.00,0,,2.0,20.0,10.0
2025-10-11T15:27:59.805336,183.104,0.00,0.00,0.00,0.00,0.00,0.00,0.00,0,,2.0,20.0,20.0
2025-10-11T15:27:59.809644,183.108,0.00,0.00,0.00,0.00,0.00,0.00,0.00,0,,2.0,20.0,20.0
2025-10-11T15:27:59.816123,183.115,0.00,0.00,0.00,0.00,0.00,0.00,0.00,0,,3.0,20.0,20.0
2025-10-11T15:27:59.820892,183.119,0.00,0.00,0.00,0.00,0.00,0.00,0.00,0,,3.0,20.0,20.0
2025-10-11T15:27:59.825683,183.124,0.00,0.00,0.00,0.00,0.00,0.00,0.00,0,,3.0,30.0,20.0
2025-10-11T15:27:59.830693,183.129,0.00,0.00,0.00,0.00,0.00,0.00,0.00,0,,3.0,30.0,20.0
2025-10-11T15:27:59.835303,183.134,0.00,0.00,0.00,0.00,0.00,0.00,0.00,0,,3.0,30.0,30.0
2025-10-11T15:27:59.840218,183.139,0.00,0.00,0.00,0.00,0.00,0.00,0.00,0,,3.0,30.0,30.0
2025-10-11T15:28:00.450729,183.749,0.00,0.00,0.00,0.00,0.00,0.00,0.00,0,,4.0,30.0,30.0
2025-10-11T15:28:00.454488,183.753,0.00,0.00,0.00,0.00,0.00,0.00,0.00,0,,4.0,30.0,30.0
2025-10-11T15:28:00.459235,183.758,0.00,0.00,0.00,0.00,0.00,0.00,0.00,0,,4.0,40.0,30.0
2025-10-11T15:28:00.464530,183.763,0.00,0.00,0.00,0.00,0.00,0.00,0.00,0,,4.0,40.0,30.0
2025-10-11T15:28:00.470173,183.769,0.00,0.00,0.00,0.00,0.00,0.00,0.00,0,,4.0,40.0,40.0
2025-10-11T15:28:00.475133,183.774,0.00,0.00,0.00,0.00,0.00,0.00,0.00,0,,4.0,40.0,40.0
2025-10-11T15:28:00.481864,183.780,0.00,0.00,0.00,0.00,0.00,0.00,0.00,0,,5.0,40.0,40.0
2025-10-11T15:28:00.486286,183.785,0.00,0.00,0.00,0.00,0.00,0.00,0.00,0,,5.0,40.0,40.0
2025-10-11T15:28:01.115369,184.414,0.00,0.00,0.00,0.00,0.00,0.00,0.00,0,,5.0,50.0,40.0
2025-10-11T15:28:01.119060,184.418,0.00,0.00,0.00,0.00,0.00,0.00,0.00,0,,5.0,50.0,40.0
2025-10-11T15:28:01.123305,184.422,0.00,0.00,0.00,0.00,0.00,0.00,0.00,0,,5.0,50.0,50.0
2025-10-11T15:28:01.128084,184.427,0.00,0.00,0.00,0.00,0.00,0.00,0.00,0,,5.0,50.0,50.0
2025-10-11T15:28:01.133169,184.432,0.00,0.00,0.00,0.00,0.00,0.00,0.00,0,,6.0,50.0,50.0
2025-10-11T15:28:01.138229,184.437,0.00,0.00,0.00,0.00,0.00,0.00,0.00,0,,6.0,50.0,50.0
2025-10-11T15:28:01.144141,184.443,0.00,0.00,0.00,0.00,0.00,0.00,0.00,0,,6.0,60.0,50.0
2025-10-11T15:28:01.149319,184.448,0.00,0.00,0.00,0.00,0.00,0.00,0.00,0,,6.0,60.0,50.0
2025-10-11T15:28:01.154365,184.453,0.00,0.00,0.00,0.00,0.00,0.00,0.00,0,,6.0,60.0,60.0
2025-10-11T15:28:01.158906,184.457,0.00,0.00,0.00,0.00,0.00,0.00,0.00,0,,6.0,60.0,60.0
2025-10-11T15:28:01.780324,185.079,0.00,0.00,0.00,0.00,0.00,0.00,0.00,0,,7.0,60.0,60.0
2025-10-11T15:28:01.784821,185.083,0.00,0.00,0.00,0.00,0.00,0.00,0.00,0,,7.0,60.0,60.0
2025-10-11T15:28:01.789218,185.088,0.00,0.00,0.00,0.00,0.00,0.00,0.00,0,,7.0,70.0,60.0
2025-10-11T15:28:01.794418,185.093,0.00,0.00,0.00,0.00,0.00,0.00,0.00,0,,7.0,70.0,60.0
2025-10-11T15:28:01.799908,185.099,0.00,0.00,0.00,0.00,0.00,0.00,0.00,0,,7.0,70.0,70.0
2025-10-11T15:28:01.804670,185.103,0.00,0.00,0.00,0.00,0.00,0.00,0.00,0,,7.0,70.0,70.0
2025-10-11T15:28:01.808789,185.107,0.00,0.00,0.00,0.00,0.00,0.00,0.00,0,,8.0,70.0,70.0
2025-10-11T15:28:01.814185,185.113,0.00,0.00,0.00,0.00,0.00,0.00,0.00,0,,8.0,70.0,70.0
2025-10-11T15:28:01.817951,185.117,0.00,0.00,0.00,0.00,0.00,0.00,0.00,0,,8.0,80.0,70.0
2025-10-11T15:28:01.823286,185.122,0.00,0.00,0.00,0.00,0.00,0.00,0.00,0,,8.0,80.0,70.0
2025-10-11T15:28:01.828416,185.127,0.00,0.00,0.00,0.00,0.00,0.00,0.00,0,,8.0,80.0,80.0
2025-10-11T15:28:01.833660,185.132,0.00,0.00,0.00,0.00,0.00,0.00,0.00,0,,8.0,80.0,80.0
2025-10-11T15:28:02.546174,185.845,0.00,0.00,0.00,0.00,0.00,0.00,0.00,0,,9.0,80.0,80.0
2025-10-11T15:28:02.549834,185.848,0.00,0.00,0.00,0.00,0.00,0.00,0.00,0,,9.0,80.0,80.0
2025-10-11T15:28:02.553870,185.852,0.00,0.00,0.00,0.00,0.00,0.00,0.00,0,,9.0,90.0,80.0
2025-10-11T15:28:02.558340,185.857,0.00,0.00,0.00,0.00,0.00,0.00,0.00,0,,9.0,90.0,80.0
2025-10-11T15:28:02.562876,185.861,0.00,0.00,0.00,0.00,0.00,0.00,0.00,0,,9.0,90.0,90.0
2025-10-11T15:28:02.567988,185.867,0.00,0.00,0.00,0.00,0.00,0.00,0.00,0,,9.0,90.0,90.0
2025-10-11T15:28:02.572399,185.871,0.00,0.00,0.00,0.00,0.00,0.00,0.00,0,,8.0,90.0,90.0
2025-10-11T15:28:02.577499,185.876,0.00,0.00,0.00,0.00,0.00,0.00,0.00,0,,8.0,90.0,90.0
2025-10-11T15:28:02.582561,185.881,0.00,0.00,0.00,0.00,0.00,0.00,0.00,0,,8.0,80.0,90.0
2025-10-11T15:28:02.587857,185.886,0.00,0.00,0.00,0.00,0.00,0.00,0.00,0,,8.0,80.0,90.0
2025-10-11T15:28:03.196323,186.495,0.00,0.00,0.00,0.00,0.00,0.00,0.00,0,,8.0,80.0,80.0
2025-10-11T15:28:03.201408,186.500,0.00,0.00,0.00,0.00,0.00,0.00,0.00,0,,8.0,80.0,80.0
2025-10-11T15:28:03.206141,186.505,0.00,0.00,0.00,0.00,0.00,0.00,0.00,0,,7.0,80.0,80.0
2025-10-11T15:28:03.211281,186.510,0.00,0.00,0.00,0.00,0.00,0.00,0.00,0,,7.0,80.0,80.0
2025-10-11T15:28:03.216271,186.515,0.00,0.00,0.00,0.00,0.00,0.00,0.00,0,,7.0,70.0,80.0
2025-10-11T15:28:03.220896,186.519,0.00,0.00,0.00,0.00,0.00,0.00,0.00,0,,7.0,70.0,80.0
2025-10-11T15:28:03.977910,187.277,0.00,0.00,0.00,0.00,0.00,0.00,0.00,0,,7.0,70.0,70.0
2025-10-11T15:28:03.983117,187.282,0.00,0.00,0.00,0.00,0.00,0.00,0.00,0,,7.0,70.0,70.0
2025-10-11T15:28:03.988351,187.287,0.00,0.00,0.00,0.00,0.00,0.00,0.00,0,,6.0,70.0,70.0
2025-10-11T15:28:03.993891,187.292,0.00,0.00,0.00,0.00,0.00,0.00,0.00,0,,6.0,70.0,70.0
2025-10-11T15:28:03.999442,187.298,0.00,0.00,0.00,0.00,0.00,0.00,0.00,0,,6.0,60.0,70.0
2025-10-11T15:28:04.005912,187.305,0.00,0.00,0.00,0.00,0.00,0.00,0.00,0,,6.0,60.0,70.0
2025-10-11T15:28:04.010724,187.309,0.00,0.00,0.00,0.00,0.00,0.00,0.00,0,,6.0,60.0,60.0
2025-10-11T15:28:04.017869,187.316,0.00,0.00,0.00,0.00,0.00,0.00,0.00,0,,6.0,60.0,60.0
2025-10-11T15:28:04.023331,187.322,0.00,0.00,0.00,0.00,0.00,0.00,0.00,0,,5.0,60.0,60.0
2025-10-11T15:28:04.028625,187.327,0.00,0.00,0.00,0.00,0.00,0.00,0.00,0,,5.0,60.0,60.0
2025-10-11T15:28:04.033997,187.333,0.00,0.00,0.00,0.00,0.00,0.00,0.00,0,,5.0,50.0,60.0
2025-10-11T15:28:04.039788,187.338,0.00,0.00,0.00,0.00,0.00,0.00,0.00,0,,5.0,50.0,60.0
2025-10-11T15:28:04.044848,187.343,0.00,0.00,0.00,0.00,0.00,0.00,0.00,0,,5.0,50.0,50.0
2025-10-11T15:28:04.050141,187.349,0.00,0.00,0.00,0.00,0.00,0.00,0.00,0,,5.0,50.0,50.0
2025-10-11T15:28:04.744346,188.043,0.00,0.00,0.00,0.00,0.00,0.00,0.00,0,,4.0,50.0,50.0
2025-10-11T15:28:04.748590,188.047,0.00,0.00,0.00,0.00,0.00,0.00,0.00,0,,4.0,50.0,50.0
2025-10-11T15:28:04.752712,188.051,0.00,0.00,0.00,0.00,0.00,0.00,0.00,0,,4.0,40.0,50.0
2025-10-11T15:28:04.757417,188.056,0.00,0.00,0.00,0.00,0.00,0.00,0.00,0,,4.0,40.0,50.0
2025-10-11T15:28:04.763713,188.062,0.00,0.00,0.00,0.00,0.00,0.00,0.00,0,,4.0,40.0,40.0
2025-10-11T15:28:04.768862,188.067,0.00,0.00,0.00,0.00,0.00,0.00,0.00,0,,4.0,40.0,40.0
2025-10-11T15:28:04.773957,188.073,0.00,0.00,0.00,0.00,0.00,0.00,0.00,0,,3.0,40.0,40.0
2025-10-11T15:28:04.779038,188.078,0.00,0.00,0.00,0.00,0.00,0.00,0.00,0,,3.0,40.0,40.0
2025-10-11T15:28:04.784863,188.083,0.00,0.00,0.00,0.00,0.00,0.00,0.00,0,,3.0,30.0,40.0
2025-10-11T15:28:04.791564,188.090,0.00,0.00,0.00,0.00,0.00,0.00,0.00,0,,3.0,30.0,40.0
2025-10-11T15:28:04.796823,188.095,0.00,0.00,0.00,0.00,0.00,0.00,0.00,0,,3.0,30.0,30.0
2025-10-11T15:28:04.802823,188.101,0.00,0.00,0.00,0.00,0.00,0.00,0.00,0,,3.0,30.0,30.0
2025-10-11T15:28:05.626160,188.925,0.00,0.00,0.00,0.00,0.00,0.00,0.00,0,,2.0,30.0,30.0
2025-10-11T15:28:05.631366,188.930,0.00,0.00,0.00,0.00,0.00,0.00,0.00,0,,2.0,30.0,30.0
2025-10-11T15:28:05.637007,188.936,0.00,0.00,0.00,0.00,0.00,0.00,0.00,0,,2.0,20.0,30.0
2025-10-11T15:28:05.642389,188.941,0.00,0.00,0.00,0.00,0.00,0.00,0.00,0,,2.0,20.0,30.0
2025-10-11T15:28:05.647836,188.946,0.00,0.00,0.00,0.00,0.00,0.00,0.00,0,,2.0,20.0,20.0
2025-10-11T15:28:05.653846,188.952,0.00,0.00,0.00,0.00,0.00,0.00,0.00,0,,2.0,20.0,20.0
2025-10-11T15:28:05.659159,188.958,0.00,0.00,0.00,0.00,0.00,0.00,0.00,0,,1.0,20.0,20.0
2025-10-11T15:28:05.664655,188.963,0.00,0.00,0.00,0.00,0.00,0.00,0.00,0,,1.0,20.0,20.0
2025-10-11T15:28:05.669329,188.968,0.00,0.00,0.00,0.00,0.00,0.00,0.00,0,,1.0,10.0,20.0
2025-10-11T15:28:05.673911,188.973,0.00,0.00,0.00,0.00,0.00,0.00,0.00,0,,1.0,10.0,20.0
2025-10-11T15:28:05.678776,188.977,0.00,0.00,0.00,0.00,0.00,0.00,0.00,0,,1.0,10.0,10.0
2025-10-11T15:28:05.683588,188.982,0.00,0.00,0.00,0.00,0.00,0.00,0.00,0,,1.0,10.0,10.0
2025-10-11T15:28:06.397802,189.696,0.00,0.00,0.00,0.00,0.00,0.00,0.00,0,,2.0,10.0,10.0
2025-10-11T15:28:06.402992,189.702,0.00,0.00,0.00,0.00,0.00,0.00,0.00,0,,2.0,10.0,10.0
2025-10-11T15:28:06.408394,189.707,0.00,0.00,0.00,0.00,0.00,0.00,0.00,0,,2.0,20.0,10.0
2025-10-11T15:28:06.413946,189.713,0.00,0.00,0.00,0.00,0.00,0.00,0.00,0,,2.0,20.0,10.0
2025-10-11T15:28:06.418816,189.717,0.00,0.00,0.00,0.00,0.00,0.00,0.00,0,,2.0,20.0,20.0
2025-10-11T15:28:06.423913,189.723,0.00,0.00,0.00,0.00,0.00,0.00,0.00,0,,2.0,20.0,20.0
2025-10-11T15:28:06.428819,189.727,0.00,0.00,0.00,0.00,0.00,0.00,0.00,0,,3.0,20.0,20.0
2025-10-11T15:28:06.433800,189.732,0.00,0.00,0.00,0.00,0.00,0.00,0.00,0,,3.0,20.0,20.0
2025-10-11T15:28:06.439315,189.738,0.00,0.00,0.00,0.00,0.00,0.00,0.00,0,,3.0,30.0,20.0
2025-10-11T15:28:06.444188,189.743,0.00,0.00,0.00,0.00,0.00,0.00,0.00,0,,3.0,30.0,20.0
2025-10-11T15:28:06.448664,189.747,0.00,0.00,0.00,0.00,0.00,0.00,0.00,0,,3.0,30.0,30.0
2025-10-11T15:28:06.453718,189.752,0.00,0.00,0.00,0.00,0.00,0.00,0.00,0,,3.0,30.0,30.0
2025-10-11T15:28:07.177192,190.476,0.00,0.00,0.00,0.00,0.00,0.00,0.00,0,,4.0,30.0,30.0
2025-10-11T15:28:07.180479,190.479,0.00,0.00,0.00,0.00,0.00,0.00,0.00,0,,4.0,30.0,30.0
2025-10-11T15:28:07.183881,190.482,0.00,0.00,0.00,0.00,0.00,0.00,0.00,0,,4.0,40.0,30.0
2025-10-11T15:28:07.189115,190.488,0.00,0.00,0.00,0.00,0.00,0.00,0.00,0,,4.0,40.0,30.0
2025-10-11T15:28:07.193908,190.493,0.00,0.00,0.00,0.00,0.00,0.00,0.00,0,,4.0,40.0,40.0
2025-10-11T15:28:07.198658,190.497,0.00,0.00,0.00,0.00,0.00,0.00,0.00,0,,4.0,40.0,40.0
2025-10-11T15:28:07.202461,190.501,0.00,0.00,0.00,0.00,0.00,0.00,0.00,0,,5.0,40.0,40.0
2025-10-11T15:28:07.207274,190.506,0.00,0.00,0.00,0.00,0.00,0.00,0.00,0,,5.0,40.0,40.0
2025-10-11T15:28:07.212271,190.511,0.00,0.00,0.00,0.00,0.00,0.00,0.00,0,,5.0,50.0,40.0
2025-10-11T15:28:07.216876,190.515,0.00,0.00,0.00,0.00,0.00,0.00,0.00,0,,5.0,50.0,40.0
2025-10-11T15:28:07.843680,191.142,0.00,0.00,0.00,0.00,0.00,0.00,0.00,0,,5.0,50.0,50.0
2025-10-11T15:28:07.848365,191.147,0.00,0.00,0.00,0.00,0.00,0.00,0.00,0,,5.0,50.0,50.0
2025-10-11T15:28:07.853442,191.152,0.00,0.00,0.00,0.00,0.00,0.00,0.00,0,,6.0,50.0,50.0
2025-10-11T15:28:07.857840,191.156,0.00,0.00,0.00,0.00,0.00,0.00,0.00,0,,6.0,50.0,50.0
2025-10-11T15:28:07.862681,191.161,0.00,0.00,0.00,0.00,0.00,0.00,0.00,0,,6.0,60.0,50.0
2025-10-11T15:28:07.868034,191.167,0.00,0.00,0.00,0.00,0.00,0.00,0.00,0,,6.0,60.0,50.0
2025-10-11T15:28:07.872567,191.171,0.00,0.00,0.00,0.00,0.00,0.00,0.00,0,,6.0,60.0,60.0
2025-10-11T15:28:07.876842,191.175,0.00,0.00,0.00,0.00,0.00,0.00,0.00,0,,6.0,60.0,60.0
2025-10-11T15:28:08.513770,191.812,0.00,0.00,0.00,0.00,0.00,0.00,0.00,0,,7.0,60.0,60.0
2025-10-11T15:28:08.518102,191.817,0.00,0.00,0.00,0.00,0.00,0.00,0.00,0,,7.0,60.0,60.0
2025-10-11T15:28:08.522563,191.821,0.00,0.00,0.00,0.00,0.00,0.00,0.00,0,,7.0,70.0,60.0
2025-10-11T15:28:08.527305,191.826,0.00,0.00,0.00,0.00,0.00,0.00,0.00,0,,7.0,70.0,60.0
2025-10-11T15:28:08.532096,191.831,0.00,0.00,0.00,0.00,0.00,0.00,0.00,0,,7.0,70.0,70.0
2025-10-11T15:28:08.536885,191.835,0.00,0.00,0.00,0.00,0.00,0.00,0.00,0,,7.0,70.0,70.0
2025-10-11T15:28:08.541792,191.840,0.00,0.00,0.00,0.00,0.00,0.00,0.00,0,,8.0,70.0,70.0
2025-10-11T15:28:08.546911,191.846,0.00,0.00,0.00,0.00,0.00,0.00,0.00,0,,8.0,70.0,70.0
2025-10-11T15:28:09.382865,192.681,0.00,0.00,0.00,0.00,0.00,0.00,0.00,0,,8.0,80.0,70.0
2025-10-11T15:28:09.387933,192.687,0.00,0.00,0.00,0.00,0.00,0.00,0.00,0,,8.0,80.0,70.0
2025-10-11T15:28:09.392836,192.691,0.00,0.00,0.00,0.00,0.00,0.00,0.00,0,,8.0,80.0,80.0
2025-10-11T15:28:09.398488,192.697,0.00,0.00,0.00,0.00,0.00,0.00,0.00,0,,8.0,80.0,80.0
2025-10-11T15:28:09.404071,192.703,0.00,0.00,0.00,0.00,0.00,0.00,0.00,0,,9.0,80.0,80.0
2025-10-11T15:28:09.408890,192.707,0.00,0.00,0.00,0.00,0.00,0.00,0.00,0,,9.0,80.0,80.0
2025-10-11T15:28:09.416862,192.715,0.00,0.00,0.00,0.00,0.00,0.00,0.00,0,,9.0,90.0,80.0
2025-10-11T15:28:09.421875,192.720,0.00,0.00,0.00,0.00,0.00,0.00,0.00,0,,9.0,90.0,80.0
2025-10-11T15:28:09.426922,192.726,0.00,0.00,0.00,0.00,0.00,0.00,0.00,0,,9.0,90.0,90.0
2025-10-11T15:28:09.432444,192.731,0.00,0.00,0.00,0.00,0.00,0.00,0.00,0,,9.0,90.0,90.0
2025-10-11T15:28:10.271914,193.571,0.00,0.00,0.00,0.00,0.00,0.00,0.00,0,,8.0,90.0,90.0
2025-10-11T15:28:10.276750,193.575,0.00,0.00,0.00,0.00,0.00,0.00,0.00,0,,8.0,90.0,90.0
2025-10-11T15:28:10.281727,193.580,0.00,0.00,0.00,0.00,0.00,0.00,0.00,0,,8.0,80.0,90.0
2025-10-11T15:28:10.287656,193.586,0.00,0.00,0.00,0.00,0.00,0.00,0.00,0,,8.0,80.0,90.0
2025-10-11T15:28:10.292826,193.591,0.00,0.00,0.00,0.00,0.00,0.00,0.00,0,,8.0,80.0,80.0
2025-10-11T15:28:10.297849,193.596,0.00,0.00,0.00,0.00,0.00,0.00,0.00,0,,8.0,80.0,80.0
2025-10-11T15:28:10.303148,193.602,0.00,0.00,0.00,0.00,0.00,0.00,0.00,0,,7.0,80.0,80.0
2025-10-11T15:28:10.307901,193.606,0.00,0.00,0.00,0.00,0.00,0.00,0.00,0,,7.0,80.0,80.0
2025-10-11T15:28:10.313335,193.612,0.00,0.00,0.00,0.00,0.00,0.00,0.00,0,,7.0,70.0,80.0
2025-10-11T15:28:10.318591,193.617,0.00,0.00,0.00,0.00,0.00,0.00,0.00,0,,7.0,70.0,80.0
2025-10-11T15:28:10.323806,193.622,0.00,0.00,0.00,0.00,0.00,0.00,0.00,0,,7.0,70.0,70.0
2025-10-11T15:28:10.328334,193.627,0.00,0.00,0.00,0.00,0.00,0.00,0.00,0,,7.0,70.0,70.0
