Timestamp,Elapsed_Time_s,Temp1_C,Temp2_C,Temp3_C,Volt1_V,Volt2_V,Volt3_V,Volt4_V,Set_Rudder_deg,Actual_Rudder_deg,pH,Water_Temp,Salinity
2025-10-16T21:37:57.783424,5.855,0.00,0.00,0.00,0.00,0.00,0.00,0.00,0,,7.88,0,0
2025-10-16T21:37:58.662622,6.734,0.00,0.00,0.00,0.00,0.00,0.00,0.00,0,,7.88,0,784.6
2025-10-16T21:37:59.444187,7.516,0.00,0.00,0.00,0.00,0.00,0.00,0.00,0,,7.88,19.776,784.6
2025-10-16T21:38:00.344202,8.416,0.00,0.00,0.00,0.00,0.00,0.00,0.00,0,,7.82,19.776,784.6
2025-10-16T21:38:01.418660,9.490,0.00,0.00,0.00,0.00,0.00,0.00,0.00,0,,7.82,19.776,783.8
2025-10-16T21:38:01.421028,9.492,0.00,0.00,0.00,0.00,0.00,0.00,0.00,0,,7.82,19.78,783.8
2025-10-16T21:38:02.187842,10.259,0.00,0.00,0.00,0.00,0.00,0.00,0.00,0,,7.9,19.78,783.8
2025-10-16T21:38:03.071054,11.143,0.00,0.00,0.00,0.00,0.00,0.00,0.00,0,,7.9,19.78,783.3
2025-10-16T21:38:03.073270,11.145,0.00,0.00,0.00,0.00,0.00,0.00,0.00,0,,7.9,19.783,783.3
2025-10-16T21:38:03.943615,12.015,0.00,0.00,0.00,0.00,0.00,0.00,0.00,0,,7.84,19.783,783.3
2025-10-16T21:38:04.727119,12.799,0.00,0.00,0.00,0.00,0.00,0.00,0.00,0,,7.84,19.783,781.9
2025-10-16T21:38:05.721115,13.793,0.00,0.00,0.00,0.00,0.00,0.00,0.00,0,,7.84,19.787,781.9
2025-10-16T21:38:06.803833,14.875,0.00,0.00,0.00,0.00,0.00,0.00,0.00,0,,7.86,19.787,781.9
2025-10-16T21:38:06.805808,14.877,0.00,0.00,0.00,0.00,0.00,0.00,0.00,0,,7.86,19.787,782.6
2025-10-16T21:38:07.909097,15.981,0.00,0.00,0.00,0.00,0.00,0.00,0.00,0,,7.86,19.791,782.6
2025-10-16T21:38:07.911516,15.983,0.00,0.00,0.00,0.00,0.00,0.00,0.00,0,,7.83,19.791,782.6
2025-10-16T21:38:08.990109,17.062,0.00,0.00,0.00,0.00,0.00,0.00,0.00,0,,7.83,19.791,782.5
2025-10-16T21:38:08.992813,17.064,0.00,0.00,0.00,0.00,0.00,0.00,0.00,0,,7.83,19.794,782.5
2025-10-16T21:38:10.114590,18.186,0.00,0.00,0.00,0.00,0.00,0.00,0.00,0,,7.83,19.794,782.5
2025-10-16T21:38:11.196203,19.268,0.00,0.00,0.00,0.00,0.00,0.00,0.00,0,,7.83,19.794,781.3
2025-10-16T21:38:11.198560,19.270,0.00,0.00,0.00,0.00,0.00,0.00,0.00,0,,7.83,19.798,781.3
2025-10-16T21:38:12.301982,20.373,0.00,0.00,0.00,0.00,0.00,0.00,0.00,0,,7.78,19.798,781.3
2025-10-16T21:38:13.609686,21.681,0.00,0.00,0.00,0.00,0.00,0.00,0.00,0,,7.78,19.798,781.3
2025-10-16T21:38:13.611626,21.683,0.00,0.00,0.00,0.00,0.00,0.00,0.00,0,,7.78,19.802,781.3
2025-10-16T21:38:14.713902,22.785,0.00,0.00,0.00,0.00,0.00,0.00,0.00,0,,7.82,19.802,781.3
2025-10-16T21:38:14.715982,22.787,0.00,0.00,0.00,0.00,0.00,0.00,0.00,0,,7.82,19.802,779.3
2025-10-16T21:38:15.701916,23.773,0.00,0.00,0.00,0.00,0.00,0.00,0.00,0,,7.82,19.806,779.3
2025-10-16T21:38:15.704939,23.776,0.00,0.00,0.00,0.00,0.00,0.00,0.00,0,,7.93,19.806,779.3
2025-10-16T21:38:16.799131,24.871,0.00,0.00,0.00,0.00,0.00,0.00,0.00,0,,7.93,19.806,778.6
2025-10-16T21:38:16.801357,24.873,0.00,0.00,0.00,0.00,0.00,0.00,0.00,0,,7.93,19.811,778.6
2025-10-16T21:38:18.868412,26.940,0.00,0.00,0.00,0.00,0.00,0.00,0.00,0,,7.77,19.811,778.6
2025-10-16T21:38:18.870557,26.942,0.00,0.00,0.00,0.00,0.00,0.00,0.00,0,,7.77,19.811,776.9
2025-10-16T21:38:18.872781,26.944,0.00,0.00,0.00,0.00,0.00,0.00,0.00,0,,7.77,19.815,776.9
2025-10-16T21:38:19.965632,28.037,0.00,0.00,0.00,0.00,0.00,0.00,0.00,0,,7.81,19.815,776.9
2025-10-16T21:38:21.058687,29.130,0.00,0.00,0.00,0.00,0.00,0.00,0.00,0,,7.81,19.815,779.1
2025-10-16T21:38:21.061482,29.133,0.00,0.00,0.00,0.00,0.00,0.00,0.00,0,,7.81,19.819,779.1
2025-10-16T21:38:22.146768,30.218,0.00,0.00,0.00,0.00,0.00,0.00,0.00,0,,7.79,19.819,779.1
2025-10-16T21:38:23.243300,31.315,0.00,0.00,0.00,0.00,0.00,0.00,0.00,0,,7.79,19.819,779.0
2025-10-16T21:38:23.245626,31.317,0.00,0.00,0.00,0.00,0.00,0.00,0.00,0,,7.79,19.824,779.0
2025-10-16T21:38:24.342363,32.414,0.00,0.00,0.00,0.00,0.00,0.00,0.00,0,,7.82,19.824,779.0
2025-10-16T21:38:24.344488,32.416,0.00,0.00,0.00,0.00,0.00,0.00,0.00,0,,7.82,19.824,777.6
2025-10-16T21:38:25.440254,33.512,0.00,0.00,0.00,0.00,0.00,0.00,0.00,0,,7.82,19.828,777.6
2025-10-16T21:38:26.536536,34.608,0.00,0.00,0.00,0.00,0.00,0.00,0.00,0,,7.83,19.828,777.6
2025-10-16T21:38:26.538684,34.610,0.00,0.00,0.00,0.00,0.00,0.00,0.00,0,,7.83,19.828,776.9
2025-10-16T21:38:27.619142,35.691,0.00,0.00,0.00,0.00,0.00,0.00,0.00,0,,7.83,19.832,776.9
2025-10-16T21:38:27.621144,35.693,0.00,0.00,0.00,0.00,0.00,0.00,0.00,0,,7.8,19.832,776.9
2025-10-16T21:38:28.718621,36.790,0.00,0.00,0.00,0.00,0.00,0.00,0.00,0,,7.8,19.832,776.8
2025-10-16T21:38:29.815532,37.887,0.00,0.00,0.00,0.00,0.00,0.00,0.00,0,,7.8,19.836,776.8
2025-10-16T21:38:29.817968,37.889,0.00,0.00,0.00,0.00,0.00,0.00,0.00,0,,7.24,19.836,776.8
2025-10-16T21:38:30.897306,38.969,0.00,0.00,0.00,0.00,0.00,0.00,0.00,0,,7.24,19.836,776.1
2025-10-16T21:38:30.900739,38.972,0.00,0.00,0.00,0.00,0.00,0.00,0.00,0,,7.24,19.84,776.1
2025-10-16T21:38:32.004036,40.075,0.00,0.00,0.00,0.00,0.00,0.00,0.00,0,,8.07,19.84,776.1
2025-10-16T21:38:33.312420,41.384,0.00,0.00,0.00,0.00,0.00,0.00,0.00,0,,8.07,19.84,774.6
2025-10-16T21:38:33.314560,41.386,0.00,0.00,0.00,0.00,0.00,0.00,0.00,0,,8.07,19.844,774.6
2025-10-16T21:38:34.631466,42.703,0.00,0.00,0.00,0.00,0.00,0.00,0.00,0,,7.83,19.844,774.6
2025-10-16T21:38:34.633838,42.705,0.00,0.00,0.00,0.00,0.00,0.00,0.00,0,,7.83,19.844,773.2
2025-10-16T21:38:35.729700,43.801,0.00,0.00,0.00,0.00,0.00,0.00,0.00,0,,7.83,19.847,773.2
2025-10-16T21:38:35.732192,43.804,0.00,0.00,0.00,0.00,0.00,0.00,0.00,0,,7.81,19.847,773.2
2025-10-16T21:38:36.937223,45.009,0.00,0.00,0.00,0.00,0.00,0.00,0.00,0,,7.81,19.847,773.3
2025-10-16T21:38:36.939594,45.011,0.00,0.00,0.00,0.00,0.00,0.00,0.00,0,,7.81,19.851,773.3
2025-10-16T21:38:38.141124,46.213,0.00,0.00,0.00,0.00,0.00,0.00,0.00,0,,7.74,19.851,773.3
2025-10-16T21:38:39.224816,47.296,0.00,0.00,0.00,0.00,0.00,0.00,0.00,0,,7.74,19.851,773.0
2025-10-16T21:38:39.227309,47.299,0.00,0.00,0.00,0.00,0.00,0.00,0.00,0,,7.74,19.857,773.0
2025-10-16T21:38:40.210687,48.282,0.00,0.00,0.00,0.00,0.00,0.00,0.00,0,,7.86,19.857,773.0
2025-10-16T21:38:41.210796,49.282,0.00,0.00,0.00,0.00,0.00,0.00,0.00,0,,7.86,19.857,771.8
2025-10-16T21:38:41.212797,49.284,0.00,0.00,0.00,0.00,0.00,0.00,0.00,0,,7.86,19.864,771.8
2025-10-16T21:38:42.193753,50.265,0.00,0.00,0.00,0.00,0.00,0.00,0.00,0,,7.78,19.864,771.8
2025-10-16T21:38:42.195803,50.267,0.00,0.00,0.00,0.00,0.00,0.00,0.00,0,,7.78,19.864,771.5
2025-10-16T21:38:43.313142,51.385,0.00,0.00,0.00,0.00,0.00,0.00,0.00,0,,7.78,19.871,771.5
2025-10-16T21:38:44.397766,52.469,0.00,0.00,0.00,0.00,0.00,0.00,0.00,0,,7.88,19.871,771.5
2025-10-16T21:38:44.399963,52.471,0.00,0.00,0.00,0.00,0.00,0.00,0.00,0,,7.88,19.871,771.0
2025-10-16T21:38:45.506261,53.578,0.00,0.00,0.00,0.00,0.00,0.00,0.00,0,,7.88,19.878,771.0
2025-10-16T21:38:46.512363,54.584,0.00,0.00,0.00,0.00,0.00,0.00,0.00,0,,7.84,19.878,771.0
2025-10-16T21:38:46.516884,54.588,0.00,0.00,0.00,0.00,0.00,0.00,0.00,0,,7.84,19.878,768.4
2025-10-16T21:38:47.613585,55.685,0.00,0.00,0.00,0.00,0.00,0.00,0.00,0,,7.84,19.885,768.4
2025-10-16T21:38:47.615928,55.687,0.00,0.00,0.00,0.00,0.00,0.00,0.00,0,,7.83,19.885,768.4
2025-10-16T21:38:48.702646,56.774,0.00,0.00,0.00,0.00,0.00,0.00,0.00,0,,7.83,19.885,768.8
2025-10-16T21:38:49.787100,57.859,0.00,0.00,0.00,0.00,0.00,0.00,0.00,0,,7.83,19.891,768.8
2025-10-16T21:38:49.789392,57.861,0.00,0.00,0.00,0.00,0.00,0.00,0.00,0,,7.84,19.891,768.8
2025-10-16T21:38:51.001673,59.073,0.00,0.00,0.00,0.00,0.00,0.00,0.00,0,,7.84,19.891,767.5
2025-10-16T21:38:51.003908,59.075,0.00,0.00,0.00,0.00,0.00,0.00,0.00,0,,7.84,19.896,767.5
2025-10-16T21:38:52.099728,60.171,0.00,0.00,0.00,0.00,0.00,0.00,0.00,0,,7.81,19.896,767.5
2025-10-16T21:38:52.102415,60.174,0.00,0.00,0.00,0.00,0.00,0.00,0.00,0,,7.81,19.896,767.8
2025-10-16T21:38:53.211156,61.283,0.00,0.00,0.00,0.00,0.00,0.00,0.00,0,,7.81,19.901,767.8
2025-10-16T21:38:54.318240,62.390,0.00,0.00,0.00,0.00,0.00,0.00,0.00,0,,7.8,19.901,767.8
2025-10-16T21:38:54.320403,62.392,0.00,0.00,0.00,0.00,0.00,0.00,0.00,0,,7.8,19.901,767.4
2025-10-16T21:38:55.413326,63.485,0.00,0.00,0.00,0.00,0.00,0.00,0.00,0,,7.8,19.904,767.4
2025-10-16T21:38:55.415377,63.487,0.00,0.00,0.00,0.00,0.00,0.00,0.00,0,,8.14,19.904,767.4
2025-10-16T21:38:56.532721,64.604,0.00,0.00,0.00,0.00,0.00,0.00,0.00,0,,8.14,19.904,766.1
2025-10-16T21:38:56.535147,64.607,0.00,0.00,0.00,0.00,0.00,0.00,0.00,0,,8.14,19.907,766.1
2025-10-16T21:38:57.629981,65.701,0.00,0.00,0.00,0.00,0.00,0.00,0.00,0,,7.91,19.907,766.1
2025-10-16T21:38:58.712702,66.784,0.00,0.00,0.00,0.00,0.00,0.00,0.00,0,,7.91,19.907,765.9
2025-10-16T21:38:58.715070,66.787,0.00,0.00,0.00,0.00,0.00,0.00,0.00,0,,7.91,19.908,765.9
2025-10-16T21:38:59.811415,67.883,0.00,0.00,0.00,0.00,0.00,0.00,0.00,0,,7.82,19.908,765.9
2025-10-16T21:39:00.905415,68.977,0.00,0.00,0.00,0.00,0.00,0.00,0.00,0,,7.82,19.908,764.9
2025-10-16T21:39:00.907610,68.979,0.00,0.00,0.00,0.00,0.00,0.00,0.00,0,,7.82,19.909,764.9
2025-10-16T21:39:02.006999,70.078,0.00,0.00,0.00,0.00,0.00,0.00,0.00,0,,7.81,19.909,764.9
2025-10-16T21:39:02.009635,70.081,0.00,0.00,0.00,0.00,0.00,0.00,0.00,0,,7.81,19.909,763.9
2025-10-16T21:39:03.121153,71.193,0.00,0.00,0.00,0.00,0.00,0.00,0.00,0,,7.81,19.909,763.9
2025-10-16T21:39:04.218150,72.290,0.00,0.00,0.00,0.00,0.00,0.00,0.00,0,,7.83,19.909,763.9
2025-10-16T21:39:04.220238,72.292,0.00,0.00,0.00,0.00,0.00,0.00,0.00,0,,7.83,19.909,764.9
2025-10-16T21:39:05.206846,73.278,0.00,0.00,0.00,0.00,0.00,0.00,0.00,0,,7.83,19.91,764.9
2025-10-16T21:39:06.202385,74.274,0.00,0.00,0.00,0.00,0.00,0.00,0.00,0,,7.75,19.91,764.9
2025-10-16T21:39:06.205233,74.277,0.00,0.00,0.00,0.00,0.00,0.00,0.00,0,,7.75,19.91,762.7
2025-10-16T21:39:07.291419,75.363,0.00,0.00,0.00,0.00,0.00,0.00,0.00,0,,7.75,19.912,762.7
2025-10-16T21:39:08.391310,76.463,0.00,0.00,0.00,0.00,0.00,0.00,0.00,0,,7.75,19.912,762.7
2025-10-16T21:39:08.393415,76.465,0.00,0.00,0.00,0.00,0.00,0.00,0.00,0,,7.75,19.912,763.2
2025-10-16T21:39:09.409049,77.481,0.00,0.00,0.00,0.00,0.00,0.00,0.00,0,,7.75,19.915,763.2
2025-10-16T21:39:09.411133,77.483,0.00,0.00,0.00,0.00,0.00,0.00,0.00,0,,7.73,19.915,763.2
2025-10-16T21:39:10.492321,78.564,0.00,0.00,0.00,0.00,0.00,0.00,0.00,0,,7.73,19.915,763.9
2025-10-16T21:39:10.494485,78.566,0.00,0.00,0.00,0.00,0.00,0.00,0.00,0,,7.73,19.919,763.9
2025-10-16T21:39:11.587595,79.659,0.00,0.00,0.00,0.00,0.00,0.00,0.00,0,,7.78,19.919,763.9
2025-10-16T21:39:12.686105,80.758,0.00,0.00,0.00,0.00,0.00,0.00,0.00,0,,7.78,19.919,763.4
2025-10-16T21:39:12.688164,80.760,0.00,0.00,0.00,0.00,0.00,0.00,0.00,0,,7.78,19.923,763.4
2025-10-16T21:39:13.786059,81.858,0.00,0.00,0.00,0.00,0.00,0.00,0.00,0,,7.69,19.923,763.4
2025-10-16T21:39:14.978924,83.050,0.00,0.00,0.00,0.00,0.00,0.00,0.00,0,,7.69,19.923,762.9
2025-10-16T21:39:14.980950,83.052,0.00,0.00,0.00,0.00,0.00,0.00,0.00,0,,7.69,19.927,762.9
2025-10-16T21:39:16.070395,84.142,0.00,0.00,0.00,0.00,0.00,0.00,0.00,0,,7.52,19.927,762.9
2025-10-16T21:39:16.072752,84.144,0.00,0.00,0.00,0.00,0.00,0.00,0.00,0,,7.52,19.927,762.2
2025-10-16T21:39:17.170161,85.242,0.00,0.00,0.00,0.00,0.00,0.00,0.00,0,,7.52,19.933,762.2
2025-10-16T21:39:18.267890,86.339,0.00,0.00,0.00,0.00,0.00,0.00,0.00,0,,7.69,19.933,762.2
2025-10-16T21:39:18.270836,86.342,0.00,0.00,0.00,0.00,0.00,0.00,0.00,0,,7.69,19.933,762.6
2025-10-16T21:39:19.351059,87.423,0.00,0.00,0.00,0.00,0.00,0.00,0.00,0,,7.69,19.938,762.6
2025-10-16T21:39:19.353772,87.425,0.00,0.00,0.00,0.00,0.00,0.00,0.00,0,,7.72,19.938,762.6
2025-10-16T21:39:20.463375,88.535,0.00,0.00,0.00,0.00,0.00,0.00,0.00,0,,7.72,19.938,761.6
2025-10-16T21:39:20.465462,88.537,0.00,0.00,0.00,0.00,0.00,0.00,0.00,0,,7.72,19.942,761.6
2025-10-16T21:39:21.562314,89.634,0.00,0.00,0.00,0.00,0.00,0.00,0.00,0,,7.78,19.942,761.6
2025-10-16T21:39:22.660029,90.731,0.00,0.00,0.00,0.00,0.00,0.00,0.00,0,,7.78,19.942,759.9
2025-10-16T21:39:22.661923,90.733,0.00,0.00,0.00,0.00,0.00,0.00,0.00,0,,7.78,19.945,759.9
2025-10-16T21:39:23.740092,91.812,0.00,0.00,0.00,0.00,0.00,0.00,0.00,0,,7.81,19.945,759.9
2025-10-16T21:39:24.840182,92.912,0.00,0.00,0.00,0.00,0.00,0.00,0.00,0,,7.81,19.945,760.6
2025-10-16T21:39:24.842595,92.914,0.00,0.00,0.00,0.00,0.00,0.00,0.00,0,,7.81,19.949,760.6
2025-10-16T21:39:25.937273,94.009,0.00,0.00,0.00,0.00,0.00,0.00,0.00,0,,7.81,19.949,760.6
2025-10-16T21:39:25.939482,94.011,0.00,0.00,0.00,0.00,0.00,0.00,0.00,0,,7.81,19.949,759.5
2025-10-16T21:39:27.031827,95.103,0.00,0.00,0.00,0.00,0.00,0.00,0.00,0,,7.81,19.955,759.5
2025-10-16T21:39:28.132582,96.204,0.00,0.00,0.00,0.00,0.00,0.00,0.00,0,,7.75,19.955,759.5
2025-10-16T21:39:28.134653,96.206,0.00,0.00,0.00,0.00,0.00,0.00,0.00,0,,7.75,19.955,761.5
2025-10-16T21:39:29.232514,97.304,0.00,0.00,0.00,0.00,0.00,0.00,0.00,0,,7.75,19.963,761.5
2025-10-16T21:39:30.327816,98.399,0.00,0.00,0.00,0.00,0.00,0.00,0.00,0,,7.81,19.963,761.5
2025-10-16T21:39:30.329923,98.401,0.00,0.00,0.00,0.00,0.00,0.00,0.00,0,,7.81,19.963,758.7
2025-10-16T21:39:31.426582,99.498,0.00,0.00,0.00,0.00,0.00,0.00,0.00,0,,7.81,19.974,758.7
2025-10-16T21:39:31.428465,99.500,0.00,0.00,0.00,0.00,0.00,0.00,0.00,0,,7.85,19.974,758.7
2025-10-16T21:39:32.510133,100.582,0.00,0.00,0.00,0.00,0.00,0.00,0.00,0,,7.85,19.974,759.0
2025-10-16T21:39:32.512087,100.584,0.00,0.00,0.00,0.00,0.00,0.00,0.00,0,,7.85,19.984,759.0
2025-10-16T21:39:33.599861,101.671,0.00,0.00,0.00,0.00,0.00,0.00,0.00,0,,7.77,19.984,759.0
2025-10-16T21:39:34.698655,102.770,0.00,0.00,0.00,0.00,0.00,0.00,0.00,0,,7.77,19.984,757.1
2025-10-16T21:39:34.700678,102.772,0.00,0.00,0.00,0.00,0.00,0.00,0.00,0,,7.77,19.993,757.1
2025-10-16T21:39:35.797663,103.869,0.00,0.00,0.00,0.00,0.00,0.00,0.00,0,,7.79,19.993,757.1
2025-10-16T21:39:35.799756,103.871,0.00,0.00,0.00,0.00,0.00,0.00,0.00,0,,7.79,19.993,757.1
2025-10-16T21:39:36.894471,104.966,0.00,0.00,0.00,0.00,0.00,0.00,0.00,0,,7.79,20.001,757.1
2025-10-16T21:39:37.979626,106.051,0.00,0.00,0.00,0.00,0.00,0.00,0.00,0,,7.8,20.001,757.1
2025-10-16T21:39:37.981487,106.053,0.00,0.00,0.00,0.00,0.00,0.00,0.00,0,,7.8,20.001,756.6
2025-10-16T21:39:39.092355,107.164,0.00,0.00,0.00,0.00,0.00,0.00,0.00,0,,7.8,20.009,756.6
2025-10-16T21:39:39.094343,107.166,0.00,0.00,0.00,0.00,0.00,0.00,0.00,0,,7.84,20.009,756.6
2025-10-16T21:39:40.190818,108.262,0.00,0.00,0.00,0.00,0.00,0.00,0.00,0,,7.84,20.009,756.2
2025-10-16T21:39:40.193202,108.265,0.00,0.00,0.00,0.00,0.00,0.00,0.00,0,,7.84,20.016,756.2
2025-10-16T21:39:41.288971,109.360,0.00,0.00,0.00,0.00,0.00,0.00,0.00,0,,7.7,20.016,756.2
2025-10-16T21:39:42.388116,110.460,0.00,0.00,0.00,0.00,0.00,0.00,0.00,0,,7.7,20.016,754.9
2025-10-16T21:39:42.390167,110.462,0.00,0.00,0.00,0.00,0.00,0.00,0.00,0,,7.7,20.023,754.9
2025-10-16T21:39:43.483145,111.555,0.00,0.00,0.00,0.00,0.00,0.00,0.00,0,,7.77,20.023,754.9
2025-10-16T21:39:44.576986,112.648,0.00,0.00,0.00,0.00,0.00,0.00,0.00,0,,7.77,20.023,754.8
2025-10-16T21:39:44.579110,112.651,0.00,0.00,0.00,0.00,0.00,0.00,0.00,0,,7.77,20.029,754.8
2025-10-16T21:39:45.663773,113.735,0.00,0.00,0.00,0.00,0.00,0.00,0.00,0,,7.84,20.029,754.8
2025-10-16T21:39:45.665795,113.737,0.00,0.00,0.00,0.00,0.00,0.00,0.00,0,,7.84,20.029,752.7
2025-10-16T21:39:46.761449,114.833,0.00,0.00,0.00,0.00,0.00,0.00,0.00,0,,7.84,20.035,752.7
2025-10-16T21:39:47.747472,115.819,0.00,0.00,0.00,0.00,0.00,0.00,0.00,0,,7.93,20.035,752.7
2025-10-16T21:39:47.749601,115.821,0.00,0.00,0.00,0.00,0.00,0.00,0.00,0,,7.93,20.035,753.9
2025-10-16T21:39:48.851388,116.923,0.00,0.00,0.00,0.00,0.00,0.00,0.00,0,,7.93,20.041,753.9
2025-10-16T21:39:49.962079,118.034,0.00,0.00,0.00,0.00,0.00,0.00,0.00,0,,7.85,20.041,753.9
2025-10-16T21:39:49.964155,118.036,0.00,0.00,0.00,0.00,0.00,0.00,0.00,0,,7.85,20.041,753.8
2025-10-16T21:39:51.054905,119.126,0.00,0.00,0.00,0.00,0.00,0.00,0.00,0,,7.85,20.046,753.8
2025-10-16T21:39:51.057279,119.129,0.00,0.00,0.00,0.00,0.00,0.00,0.00,0,,7.83,20.046,753.8
2025-10-16T21:39:52.154311,120.226,0.00,0.00,0.00,0.00,0.00,0.00,0.00,0,,7.83,20.046,753.3
2025-10-16T21:39:52.156559,120.228,0.00,0.00,0.00,0.00,0.00,0.00,0.00,0,,7.83,20.051,753.3
2025-10-16T21:39:53.251580,121.323,0.00,0.00,0.00,0.00,0.00,0.00,0.00,0,,7.92,20.051,753.3
2025-10-16T21:39:54.358934,122.430,0.00,0.00,0.00,0.00,0.00,0.00,0.00,0,,7.92,20.051,751.9
2025-10-16T21:39:54.361296,122.433,0.00,0.00,0.00,0.00,0.00,0.00,0.00,0,,7.92,20.056,751.9
2025-10-16T21:39:55.444371,123.516,0.00,0.00,0.00,0.00,0.00,0.00,0.00,0,,7.87,20.056,751.9
2025-10-16T21:39:56.434219,124.506,0.00,0.00,0.00,0.00,0.00,0.00,0.00,0,,7.87,20.056,750.3
2025-10-16T21:39:56.436764,124.508,0.00,0.00,0.00,0.00,0.00,0.00,0.00,0,,7.87,20.059,750.3
2025-10-16T21:39:57.422051,125.494,0.00,0.00,0.00,0.00,0.00,0.00,0.00,0,,7.83,20.059,750.3
2025-10-16T21:39:58.396067,126.468,0.00,0.00,0.00,0.00,0.00,0.00,0.00,0,,7.83,20.059,751.0
2025-10-16T21:39:58.398258,126.470,0.00,0.00,0.00,0.00,0.00,0.00,0.00,0,,7.83,20.063,751.0
2025-10-16T21:39:59.495126,127.567,0.00,0.00,0.00,0.00,0.00,0.00,0.00,0,,7.84,20.063,751.0
2025-10-16T21:40:00.595081,128.667,0.00,0.00,0.00,0.00,0.00,0.00,0.00,0,,7.84,20.063,752.6
2025-10-16T21:40:00.597302,128.669,0.00,0.00,0.00,0.00,0.00,0.00,0.00,0,,7.84,20.059,752.6
2025-10-16T21:40:01.687674,129.759,0.00,0.00,0.00,0.00,0.00,0.00,0.00,0,,7.9,20.059,752.6
2025-10-16T21:40:01.689678,129.761,0.00,0.00,0.00,0.00,0.00,0.00,0.00,0,,7.9,20.059,751.8
2025-10-16T21:40:02.674327,130.746,0.00,0.00,0.00,0.00,0.00,0.00,0.00,0,,7.9,20.057,751.8
2025-10-16T21:40:03.760236,131.832,0.00,0.00,0.00,0.00,0.00,0.00,0.00,0,,7.71,20.057,751.8
2025-10-16T21:40:03.762451,131.834,0.00,0.00,0.00,0.00,0.00,0.00,0.00,0,,7.71,20.057,752.6
2025-10-16T21:40:04.854715,132.926,0.00,0.00,0.00,0.00,0.00,0.00,0.00,0,,7.71,20.059,752.6
2025-10-16T21:40:05.953073,134.025,0.00,0.00,0.00,0.00,0.00,0.00,0.00,0,,7.8,20.059,752.6
2025-10-16T21:40:05.955147,134.027,0.00,0.00,0.00,0.00,0.00,0.00,0.00,0,,7.8,20.059,752.4
2025-10-16T21:40:07.049348,135.121,0.00,0.00,0.00,0.00,0.00,0.00,0.00,0,,7.8,20.066,752.4
2025-10-16T21:40:07.051557,135.123,0.00,0.00,0.00,0.00,0.00,0.00,0.00,0,,7.88,20.066,752.4
2025-10-16T21:40:08.041100,136.113,0.00,0.00,0.00,0.00,0.00,0.00,0.00,0,,7.88,20.066,751.2
2025-10-16T21:40:09.132050,137.204,0.00,0.00,0.00,0.00,0.00,0.00,0.00,0,,7.88,20.074,751.2
2025-10-16T21:40:09.134151,137.206,0.00,0.00,0.00,0.00,0.00,0.00,0.00,0,,7.91,20.074,751.2
2025-10-16T21:40:10.138698,138.210,0.00,0.00,0.00,0.00,0.00,0.00,0.00,0,,7.91,20.074,750.5
2025-10-16T21:40:10.141061,138.213,0.00,0.00,0.00,0.00,0.00,0.00,0.00,0,,7.91,20.083,750.5
2025-10-16T21:40:11.230917,139.302,0.00,0.00,0.00,0.00,0.00,0.00,0.00,0,,7.89,20.083,750.5
2025-10-16T21:40:12.331175,140.403,0.00,0.00,0.00,0.00,0.00,0.00,0.00,0,,7.89,20.083,750.9
2025-10-16T21:40:12.333207,140.405,0.00,0.00,0.00,0.00,0.00,0.00,0.00,0,,7.89,20.093,750.9
2025-10-16T21:40:13.432877,141.504,0.00,0.00,0.00,0.00,0.00,0.00,0.00,0,,7.88,20.093,750.9
2025-10-16T21:40:14.531891,142.603,0.00,0.00,0.00,0.00,0.00,0.00,0.00,0,,7.88,20.093,750.1
2025-10-16T21:40:14.534031,142.605,0.00,0.00,0.00,0.00,0.00,0.00,0.00,0,,7.88,20.102,750.1
2025-10-16T21:40:15.532242,143.604,0.00,0.00,0.00,0.00,0.00,0.00,0.00,0,,7.88,20.102,750.1
2025-10-16T21:40:15.534704,143.606,0.00,0.00,0.00,0.00,0.00,0.00,0.00,0,,7.88,20.102,749.9
2025-10-16T21:40:16.631313,144.703,0.00,0.00,0.00,0.00,0.00,0.00,0.00,0,,7.88,20.11,749.9
2025-10-16T21:40:17.729254,145.801,0.00,0.00,0.00,0.00,0.00,0.00,0.00,0,,7.89,20.11,749.9
2025-10-16T21:40:17.731340,145.803,0.00,0.00,0.00,0.00,0.00,0.00,0.00,0,,7.89,20.11,748.4
2025-10-16T21:40:18.733906,146.805,0.00,0.00,0.00,0.00,0.00,0.00,0.00,0,,7.89,20.119,748.4
2025-10-16T21:40:19.830773,147.902,0.00,0.00,0.00,0.00,0.00,0.00,0.00,0,,7.88,20.119,748.4
2025-10-16T21:40:19.833044,147.905,0.00,0.00,0.00,0.00,0.00,0.00,0.00,0,,7.88,20.119,749.4
2025-10-16T21:40:20.839172,148.911,0.00,0.00,0.00,0.00,0.00,0.00,0.00,0,,7.88,20.126,749.4
2025-10-16T21:40:21.930824,150.002,0.00,0.00,0.00,0.00,0.00,0.00,0.00,0,,7.9,20.126,749.4
2025-10-16T21:40:21.933218,150.005,0.00,0.00,0.00,0.00,0.00,0.00,0.00,0,,7.9,20.126,747.8
2025-10-16T21:40:23.029443,151.101,0.00,0.00,0.00,0.00,0.00,0.00,0.00,0,,7.9,20.133,747.8
2025-10-16T21:40:23.031751,151.103,0.00,0.00,0.00,0.00,0.00,0.00,0.00,0,,7.88,20.133,747.8
2025-10-16T21:40:24.128967,152.200,0.00,0.00,0.00,0.00,0.00,0.00,0.00,0,,7.88,20.133,746.5
2025-10-16T21:40:24.131069,152.203,0.00,0.00,0.00,0.00,0.00,0.00,0.00,0,,7.88,20.14,746.5
2025-10-16T21:40:25.219567,153.291,0.00,0.00,0.00,0.00,0.00,0.00,0.00,0,,7.91,20.14,746.5
2025-10-16T21:40:26.199765,154.271,0.00,0.00,0.00,0.00,0.00,0.00,0.00,0,,7.91,20.14,744.1
2025-10-16T21:40:26.202170,154.274,0.00,0.00,0.00,0.00,0.00,0.00,0.00,0,,7.91,20.146,744.1
2025-10-16T21:40:27.185076,155.257,0.00,0.00,0.00,0.00,0.00,0.00,0.00,0,,7.87,20.146,744.1
2025-10-16T21:40:28.282517,156.354,0.00,0.00,0.00,0.00,0.00,0.00,0.00,0,,7.87,20.146,740.8
2025-10-16T21:40:28.285771,156.357,0.00,0.00,0.00,0.00,0.00,0.00,0.00,0,,7.87,20.151,740.8
2025-10-16T21:40:29.366043,157.438,0.00,0.00,0.00,0.00,0.00,0.00,0.00,0,,7.88,20.151,740.8
2025-10-16T21:40:30.461496,158.533,0.00,0.00,0.00,0.00,0.00,0.00,0.00,0,,7.88,20.151,739.8
2025-10-16T21:40:30.463742,158.535,0.00,0.00,0.00,0.00,0.00,0.00,0.00,0,,7.88,20.156,739.8
2025-10-16T21:40:31.451087,159.523,0.00,0.00,0.00,0.00,0.00,0.00,0.00,0,,7.88,20.156,739.8
2025-10-16T21:40:31.454101,159.526,0.00,0.00,0.00,0.00,0.00,0.00,0.00,0,,7.88,20.156,738.6
2025-10-16T21:40:32.446345,160.518,0.00,0.00,0.00,0.00,0.00,0.00,0.00,0,,7.88,20.16,738.6
2025-10-16T21:40:33.551710,161.623,0.00,0.00,0.00,0.00,0.00,0.00,0.00,0,,7.88,20.16,738.6
2025-10-16T21:40:33.553750,161.625,0.00,0.00,0.00,0.00,0.00,0.00,0.00,0,,7.88,20.16,736.3
2025-10-16T21:40:34.645668,162.717,0.00,0.00,0.00,0.00,0.00,0.00,0.00,0,,7.88,20.165,736.3
2025-10-16T21:40:35.730192,163.802,0.00,0.00,0.00,0.00,0.00,0.00,0.00,0,,7.88,20.165,736.3
2025-10-16T21:40:35.732657,163.804,0.00,0.00,0.00,0.00,0.00,0.00,0.00,0,,7.88,20.165,735.3
2025-10-16T21:40:36.935373,165.007,0.00,0.00,0.00,0.00,0.00,0.00,0.00,0,,7.88,20.168,735.3
2025-10-16T21:40:36.937640,165.009,0.00,0.00,0.00,0.00,0.00,0.00,0.00,0,,7.86,20.168,735.3
2025-10-16T21:40:38.022387,166.094,0.00,0.00,0.00,0.00,0.00,0.00,0.00,0,,7.86,20.168,735.4
2025-10-16T21:40:38.024770,166.096,0.00,0.00,0.00,0.00,0.00,0.00,0.00,0,,7.86,20.172,735.4
2025-10-16T21:40:39.136461,167.208,0.00,0.00,0.00,0.00,0.00,0.00,0.00,0,,7.87,20.172,735.4
2025-10-16T21:40:39.139037,167.210,0.00,0.00,0.00,0.00,0.00,0.00,0.00,0,,7.87,20.172,735.9
2025-10-16T21:40:40.233834,168.305,0.00,0.00,0.00,0.00,0.00,0.00,0.00,0,,7.87,20.176,735.9
2025-10-16T21:40:41.332563,169.404,0.00,0.00,0.00,0.00,0.00,0.00,0.00,0,,7.87,20.176,735.9
2025-10-16T21:40:41.334735,169.406,0.00,0.00,0.00,0.00,0.00,0.00,0.00,0,,7.87,20.176,735.3
2025-10-16T21:40:42.421452,170.493,0.00,0.00,0.00,0.00,0.00,0.00,0.00,0,,7.87,20.179,735.3
2025-10-16T21:40:43.512745,171.584,0.00,0.00,0.00,0.00,0.00,0.00,0.00,0,,7.88,20.179,735.3
2025-10-16T21:40:43.515173,171.587,0.00,0.00,0.00,0.00,0.00,0.00,0.00,0,,7.88,20.179,735.1
2025-10-16T21:40:44.614428,172.686,0.00,0.00,0.00,0.00,0.00,0.00,0.00,0,,7.88,20.182,735.1
2025-10-16T21:40:44.616669,172.688,0.00,0.00,0.00,0.00,0.00,0.00,0.00,0,,7.88,20.182,735.1
2025-10-16T21:40:45.702852,173.774,0.00,0.00,0.00,0.00,0.00,0.00,0.00,0,,7.88,20.182,735.0
2025-10-16T21:40:46.801615,174.873,0.00,0.00,0.00,0.00,0.00,0.00,0.00,0,,7.88,20.185,735.0
2025-10-16T21:40:46.804157,174.876,0.00,0.00,0.00,0.00,0.00,0.00,0.00,0,,7.87,20.185,735.0
2025-10-16T21:40:47.884277,175.956,0.00,0.00,0.00,0.00,0.00,0.00,0.00,0,,7.87,20.185,734.2
2025-10-16T21:40:47.887109,175.959,0.00,0.00,0.00,0.00,0.00,0.00,0.00,0,,7.87,20.188,734.2
2025-10-16T21:40:48.975321,177.047,0.00,0.00,0.00,0.00,0.00,0.00,0.00,0,,7.88,20.188,734.2
2025-10-16T21:40:50.078902,178.150,0.00,0.00,0.00,0.00,0.00,0.00,0.00,0,,7.88,20.188,733.8
2025-10-16T21:40:50.081017,178.152,0.00,0.00,0.00,0.00,0.00,0.00,0.00,0,,7.88,20.191,733.8
2025-10-16T21:40:51.066123,179.138,0.00,0.00,0.00,0.00,0.00,0.00,0.00,0,,7.88,20.191,733.8
2025-10-16T21:40:52.164181,180.236,0.00,0.00,0.00,0.00,0.00,0.00,0.00,0,,7.88,20.191,733.3
2025-10-16T21:40:52.166340,180.238,0.00,0.00,0.00,0.00,0.00,0.00,0.00,0,,7.88,20.194,733.3
2025-10-16T21:40:53.286342,181.358,0.00,0.00,0.00,0.00,0.00,0.00,0.00,0,,7.88,20.194,733.3
2025-10-16T21:40:53.288634,181.360,0.00,0.00,0.00,0.00,0.00,0.00,0.00,0,,7.88,20.194,733.3
2025-10-16T21:40:54.375299,182.447,0.00,0.00,0.00,0.00,0.00,0.00,0.00,0,,7.88,20.197,733.3
2025-10-16T21:40:55.458392,183.530,0.00,0.00,0.00,0.00,0.00,0.00,0.00,0,,7.88,20.197,733.3
2025-10-16T21:40:55.460420,183.532,0.00,0.00,0.00,0.00,0.00,0.00,0.00,0,,7.88,20.197,732.8
2025-10-16T21:40:56.588551,184.660,0.00,0.00,0.00,0.00,0.00,0.00,0.00,0,,7.88,20.199,732.8
2025-10-16T21:40:56.590805,184.662,0.00,0.00,0.00,0.00,0.00,0.00,0.00,0,,7.88,20.199,732.8
2025-10-16T21:40:57.688395,185.760,0.00,0.00,0.00,0.00,0.00,0.00,0.00,0,,7.88,20.199,732.3
2025-10-16T21:40:58.673768,186.745,0.00,0.00,0.00,0.00,0.00,0.00,0.00,0,,7.88,20.201,732.3
2025-10-16T21:40:58.676203,186.748,0.00,0.00,0.00,0.00,0.00,0.00,0.00,0,,7.88,20.201,732.3
2025-10-16T21:40:59.786628,187.858,0.00,0.00,0.00,0.00,0.00,0.00,0.00,0,,7.88,20.201,731.9
2025-10-16T21:40:59.789209,187.861,0.00,0.00,0.00,0.00,0.00,0.00,0.00,0,,7.88,20.203,731.9
2025-10-16T21:41:00.870354,188.942,0.00,0.00,0.00,0.00,0.00,0.00,0.00,0,,7.87,20.203,731.9
2025-10-16T21:41:01.966647,190.038,0.00,0.00,0.00,0.00,0.00,0.00,0.00,0,,7.87,20.203,731.5
2025-10-16T21:41:01.968648,190.040,0.00,0.00,0.00,0.00,0.00,0.00,0.00,0,,7.87,20.205,731.5
2025-10-16T21:41:03.065248,191.137,0.00,0.00,0.00,0.00,0.00,0.00,0.00,0,,7.87,20.205,731.5
2025-10-16T21:41:03.067318,191.139,0.00,0.00,0.00,0.00,0.00,0.00,0.00,0,,7.87,20.205,730.2
2025-10-16T21:41:04.160846,192.232,0.00,0.00,0.00,0.00,0.00,0.00,0.00,0,,7.87,20.207,730.2
2025-10-16T21:41:05.247194,193.319,0.00,0.00,0.00,0.00,0.00,0.00,0.00,0,,7.9,20.207,730.2
2025-10-16T21:41:05.249142,193.321,0.00,0.00,0.00,0.00,0.00,0.00,0.00,0,,7.9,20.207,729.0
2025-10-16T21:41:06.339936,194.411,0.00,0.00,0.00,0.00,0.00,0.00,0.00,0,,7.9,20.209,729.0
2025-10-16T21:41:07.434700,195.506,0.00,0.00,0.00,0.00,0.00,0.00,0.00,0,,7.88,20.209,729.0
2025-10-16T21:41:07.436636,195.508,0.00,0.00,0.00,0.00,0.00,0.00,0.00,0,,7.88,20.209,730.9
2025-10-16T21:41:08.533899,196.605,0.00,0.00,0.00,0.00,0.00,0.00,0.00,0,,7.88,20.21,730.9
2025-10-16T21:41:08.536150,196.608,0.00,0.00,0.00,0.00,0.00,0.00,0.00,0,,7.87,20.21,730.9
2025-10-16T21:41:09.619202,197.691,0.00,0.00,0.00,0.00,0.00,0.00,0.00,0,,7.87,20.21,728.2
2025-10-16T21:41:09.621486,197.693,0.00,0.00,0.00,0.00,0.00,0.00,0.00,0,,7.87,20.209,728.2
2025-10-16T21:41:10.715542,198.787,0.00,0.00,0.00,0.00,0.00,0.00,0.00,0,,7.66,20.209,728.2
2025-10-16T21:41:11.814048,199.886,0.00,0.00,0.00,0.00,0.00,0.00,0.00,0,,7.66,20.209,725.1
2025-10-16T21:41:11.816215,199.888,0.00,0.00,0.00,0.00,0.00,0.00,0.00,0,,7.66,20.209,725.1
2025-10-16T21:41:12.907841,200.979,0.00,0.00,0.00,0.00,0.00,0.00,0.00,0,,7.85,20.209,725.1
2025-10-16T21:41:14.004113,202.076,0.00,0.00,0.00,0.00,0.00,0.00,0.00,0,,7.85,20.209,724.6
2025-10-16T21:41:14.006334,202.078,0.00,0.00,0.00,0.00,0.00,0.00,0.00,0,,7.85,20.207,724.6
2025-10-16T21:41:15.091289,203.163,0.00,0.00,0.00,0.00,0.00,0.00,0.00,0,,7.88,20.207,724.6
2025-10-16T21:41:15.093627,203.165,0.00,0.00,0.00,0.00,0.00,0.00,0.00,0,,7.88,20.207,723.9
2025-10-16T21:41:16.189937,204.261,0.00,0.00,0.00,0.00,0.00,0.00,0.00,0,,7.88,20.206,723.9
2025-10-16T21:41:17.302437,205.374,0.00,0.00,0.00,0.00,0.00,0.00,0.00,0,,7.86,20.206,723.9
2025-10-16T21:41:17.304586,205.376,0.00,0.00,0.00,0.00,0.00,0.00,0.00,0,,7.86,20.206,723.4
2025-10-16T21:41:18.393189,206.465,0.00,0.00,0.00,0.00,0.00,0.00,0.00,0,,7.86,20.204,723.4
2025-10-16T21:41:18.395536,206.467,0.00,0.00,0.00,0.00,0.00,0.00,0.00,0,,7.82,20.204,723.4
2025-10-16T21:41:19.405133,207.477,0.00,0.00,0.00,0.00,0.00,0.00,0.00,0,,7.82,20.204,724.4
2025-10-16T21:41:20.500502,208.572,0.00,0.00,0.00,0.00,0.00,0.00,0.00,0,,7.82,20.202,724.4
2025-10-16T21:41:20.502794,208.574,0.00,0.00,0.00,0.00,0.00,0.00,0.00,0,,7.86,20.202,724.4
2025-10-16T21:41:21.597504,209.669,0.00,0.00,0.00,0.00,0.00,0.00,0.00,0,,7.86,20.202,724.1
2025-10-16T21:41:22.683025,210.754,0.00,0.00,0.00,0.00,0.00,0.00,0.00,0,,7.86,20.199,724.1
2025-10-16T21:41:22.685298,210.757,0.00,0.00,0.00,0.00,0.00,0.00,0.00,0,,7.92,20.199,724.1
2025-10-16T21:41:23.778753,211.850,0.00,0.00,0.00,0.00,0.00,0.00,0.00,0,,7.92,20.199,724.9
2025-10-16T21:41:23.781114,211.853,0.00,0.00,0.00,0.00,0.00,0.00,0.00,0,,7.92,20.198,724.9
2025-10-16T21:41:24.874047,212.946,0.00,0.00,0.00,0.00,0.00,0.00,0.00,0,,7.85,20.198,724.9
2025-10-16T21:41:24.876172,212.948,0.00,0.00,0.00,0.00,0.00,0.00,0.00,0,,7.85,20.198,724.2
2025-10-16T21:41:25.966120,214.038,0.00,0.00,0.00,0.00,0.00,0.00,0.00,0,,7.85,20.196,724.2
2025-10-16T21:41:27.067219,215.139,0.00,0.00,0.00,0.00,0.00,0.00,0.00,0,,7.9,20.196,724.2
2025-10-16T21:41:27.069408,215.141,0.00,0.00,0.00,0.00,0.00,0.00,0.00,0,,7.9,20.196,722.9
2025-10-16T21:41:28.057475,216.129,0.00,0.00,0.00,0.00,0.00,0.00,0.00,0,,7.9,20.194,722.9
2025-10-16T21:41:29.053129,217.125,0.00,0.00,0.00,0.00,0.00,0.00,0.00,0,,7.85,20.194,722.9
2025-10-16T21:41:29.056085,217.128,0.00,0.00,0.00,0.00,0.00,0.00,0.00,0,,7.85,20.194,723.2
2025-10-16T21:41:30.131760,218.203,0.00,0.00,0.00,0.00,0.00,0.00,0.00,0,,7.85,20.192,723.2
2025-10-16T21:41:31.249034,219.320,0.00,0.00,0.00,0.00,0.00,0.00,0.00,0,,7.91,20.192,723.2
2025-10-16T21:41:31.251180,219.323,0.00,0.00,0.00,0.00,0.00,0.00,0.00,0,,7.91,20.192,722.2
2025-10-16T21:41:32.346441,220.418,0.00,0.00,0.00,0.00,0.00,0.00,0.00,0,,7.91,20.19,722.2
2025-10-16T21:41:32.348810,220.420,0.00,0.00,0.00,0.00,0.00,0.00,0.00,0,,7.87,20.19,722.2
2025-10-16T21:41:33.435275,221.507,0.00,0.00,0.00,0.00,0.00,0.00,0.00,0,,7.87,20.19,722.4
2025-10-16T21:41:33.437477,221.509,0.00,0.00,0.00,0.00,0.00,0.00,0.00,0,,7.87,20.188,722.4
2025-10-16T21:41:34.531139,222.603,0.00,0.00,0.00,0.00,0.00,0.00,0.00,0,,7.89,20.188,722.4
2025-10-16T21:41:35.616862,223.688,0.00,0.00,0.00,0.00,0.00,0.00,0.00,0,,7.89,20.188,720.4
2025-10-16T21:41:35.618976,223.690,0.00,0.00,0.00,0.00,0.00,0.00,0.00,0,,7.89,20.187,720.4
2025-10-16T21:41:36.825535,224.897,0.00,0.00,0.00,0.00,0.00,0.00,0.00,0,,7.84,20.187,720.4
2025-10-16T21:41:36.828168,224.900,0.00,0.00,0.00,0.00,0.00,0.00,0.00,0,,7.84,20.187,720.2
2025-10-16T21:41:37.939769,226.011,0.00,0.00,0.00,0.00,0.00,0.00,0.00,0,,7.84,20.184,720.2
2025-10-16T21:41:39.034859,227.106,0.00,0.00,0.00,0.00,0.00,0.00,0.00,0,,7.87,20.184,720.2
2025-10-16T21:41:39.037106,227.109,0.00,0.00,0.00,0.00,0.00,0.00,0.00,0,,7.87,20.184,718.3
2025-10-16T21:41:40.135106,228.207,0.00,0.00,0.00,0.00,0.00,0.00,0.00,0,,7.87,20.181,718.3
2025-10-16T21:41:41.233053,229.305,0.00,0.00,0.00,0.00,0.00,0.00,0.00,0,,7.89,20.181,718.3
2025-10-16T21:41:41.235191,229.307,0.00,0.00,0.00,0.00,0.00,0.00,0.00,0,,7.89,20.181,717.2
2025-10-16T21:41:42.326008,230.397,0.00,0.00,0.00,0.00,0.00,0.00,0.00,0,,7.89,20.177,717.2
2025-10-16T21:41:42.328033,230.399,0.00,0.00,0.00,0.00,0.00,0.00,0.00,0,,7.86,20.177,717.2
2025-10-16T21:41:43.432940,231.504,0.00,0.00,0.00,0.00,0.00,0.00,0.00,0,,7.86,20.177,718.6
2025-10-16T21:41:43.435998,231.507,0.00,0.00,0.00,0.00,0.00,0.00,0.00,0,,7.86,20.173,718.6
2025-10-16T21:41:44.534859,232.606,0.00,0.00,0.00,0.00,0.00,0.00,0.00,0,,7.86,20.173,718.6
2025-10-16T21:41:45.621437,233.693,0.00,0.00,0.00,0.00,0.00,0.00,0.00,0,,7.86,20.173,716.0
2025-10-16T21:41:45.623740,233.695,0.00,0.00,0.00,0.00,0.00,0.00,0.00,0,,7.86,20.169,716.0
2025-10-16T21:41:46.719610,234.791,0.00,0.00,0.00,0.00,0.00,0.00,0.00,0,,7.79,20.169,716.0
2025-10-16T21:41:47.726959,235.798,0.00,0.00,0.00,0.00,0.00,0.00,0.00,0,,7.79,20.169,717.1
2025-10-16T21:41:47.729390,235.801,0.00,0.00,0.00,0.00,0.00,0.00,0.00,0,,7.79,20.165,717.1
2025-10-16T21:41:48.716839,236.788,0.00,0.00,0.00,0.00,0.00,0.00,0.00,0,,7.9,20.165,717.1
2025-10-16T21:41:48.719038,236.790,0.00,0.00,0.00,0.00,0.00,0.00,0.00,0,,7.9,20.165,717.1
2025-10-16T21:41:49.807010,237.878,0.00,0.00,0.00,0.00,0.00,0.00,0.00,0,,7.9,20.155,717.1
2025-10-16T21:41:50.904556,238.976,0.00,0.00,0.00,0.00,0.00,0.00,0.00,0,,7.95,20.155,717.1
2025-10-16T21:41:50.906726,238.978,0.00,0.00,0.00,0.00,0.00,0.00,0.00,0,,7.95,20.155,714.3
2025-10-16T21:41:52.002720,240.074,0.00,0.00,0.00,0.00,0.00,0.00,0.00,0,,7.95,20.145,714.3
2025-10-16T21:41:53.097743,241.169,0.00,0.00,0.00,0.00,0.00,0.00,0.00,0,,7.99,20.145,714.3
2025-10-16T21:41:53.099757,241.171,0.00,0.00,0.00,0.00,0.00,0.00,0.00,0,,7.99,20.145,714.0
2025-10-16T21:41:54.180957,242.252,0.00,0.00,0.00,0.00,0.00,0.00,0.00,0,,7.99,20.135,714.0
2025-10-16T21:41:54.183421,242.255,0.00,0.00,0.00,0.00,0.00,0.00,0.00,0,,7.89,20.135,714.0
2025-10-16T21:41:55.276993,243.348,0.00,0.00,0.00,0.00,0.00,0.00,0.00,0,,7.89,20.135,712.7
2025-10-16T21:41:55.279124,243.351,0.00,0.00,0.00,0.00,0.00,0.00,0.00,0,,7.89,20.127,712.7
2025-10-16T21:41:56.284192,244.356,0.00,0.00,0.00,0.00,0.00,0.00,0.00,0,,7.95,20.127,712.7
2025-10-16T21:41:57.272465,245.344,0.00,0.00,0.00,0.00,0.00,0.00,0.00,0,,7.95,20.127,711.8
2025-10-16T21:41:58.368940,246.440,0.00,0.00,0.00,0.00,0.00,0.00,0.00,0,,7.95,20.12,711.8
2025-10-16T21:41:58.371128,246.443,0.00,0.00,0.00,0.00,0.00,0.00,0.00,0,,8.0,20.12,711.8
2025-10-16T21:41:59.464574,247.536,0.00,0.00,0.00,0.00,0.00,0.00,0.00,0,,8.0,20.12,712.9
2025-10-16T21:41:59.467366,247.539,0.00,0.00,0.00,0.00,0.00,0.00,0.00,0,,8.0,20.113,712.9
2025-10-16T21:42:00.469523,248.541,0.00,0.00,0.00,0.00,0.00,0.00,0.00,0,,7.91,20.113,712.9
2025-10-16T21:42:01.474697,249.546,0.00,0.00,0.00,0.00,0.00,0.00,0.00,0,,7.91,20.113,710.2
2025-10-16T21:42:01.476976,249.548,0.00,0.00,0.00,0.00,0.00,0.00,0.00,0,,7.91,20.107,710.2
2025-10-16T21:42:02.556078,250.628,0.00,0.00,0.00,0.00,0.00,0.00,0.00,0,,7.91,20.107,710.2
2025-10-16T21:42:03.538074,251.610,0.00,0.00,0.00,0.00,0.00,0.00,0.00,0,,7.91,20.107,709.2
2025-10-16T21:42:03.540782,251.612,0.00,0.00,0.00,0.00,0.00,0.00,0.00,0,,7.91,20.101,709.2
2025-10-16T21:42:04.640374,252.712,0.00,0.00,0.00,0.00,0.00,0.00,0.00,0,,7.93,20.101,709.2
2025-10-16T21:42:04.643141,252.715,0.00,0.00,0.00,0.00,0.00,0.00,0.00,0,,7.93,20.101,710.0
2025-10-16T21:42:05.849114,253.921,0.00,0.00,0.00,0.00,0.00,0.00,0.00,0,,7.93,20.096,710.0
2025-10-16T21:42:06.934039,255.005,0.00,0.00,0.00,0.00,0.00,0.00,0.00,0,,7.93,20.096,710.0
2025-10-16T21:42:06.936282,255.008,0.00,0.00,0.00,0.00,0.00,0.00,0.00,0,,7.93,20.096,709.4
2025-10-16T21:42:08.028521,256.100,0.00,0.00,0.00,0.00,0.00,0.00,0.00,0,,7.93,20.093,709.4
2025-10-16T21:42:08.030690,256.102,0.00,0.00,0.00,0.00,0.00,0.00,0.00,0,,7.96,20.093,709.4
2025-10-16T21:42:09.123467,257.195,0.00,0.00,0.00,0.00,0.00,0.00,0.00,0,,7.96,20.093,708.8
2025-10-16T21:42:10.222373,258.294,0.00,0.00,0.00,0.00,0.00,0.00,0.00,0,,7.96,20.091,708.8
2025-10-16T21:42:10.224476,258.296,0.00,0.00,0.00,0.00,0.00,0.00,0.00,0,,7.91,20.091,708.8
2025-10-16T21:42:11.307111,259.379,0.00,0.00,0.00,0.00,0.00,0.00,0.00,0,,7.91,20.091,707.8
2025-10-16T21:42:11.309121,259.381,0.00,0.00,0.00,0.00,0.00,0.00,0.00,0,,7.91,20.088,707.8
2025-10-16T21:42:12.294628,260.366,0.00,0.00,0.00,0.00,0.00,0.00,0.00,0,,7.76,20.088,707.8
2025-10-16T21:42:13.392259,261.464,0.00,0.00,0.00,0.00,0.00,0.00,0.00,0,,7.76,20.088,706.4
2025-10-16T21:42:13.394503,261.466,0.00,0.00,0.00,0.00,0.00,0.00,0.00,0,,7.76,20.085,706.4
2025-10-16T21:42:14.475825,262.547,0.00,0.00,0.00,0.00,0.00,0.00,0.00,0,,7.66,20.085,706.4
2025-10-16T21:42:15.588661,263.660,0.00,0.00,0.00,0.00,0.00,0.00,0.00,0,,7.66,20.085,704.8
2025-10-16T21:42:15.590814,263.662,0.00,0.00,0.00,0.00,0.00,0.00,0.00,0,,7.66,20.083,704.8
2025-10-16T21:42:16.685016,264.756,0.00,0.00,0.00,0.00,0.00,0.00,0.00,0,,7.63,20.083,704.8
2025-10-16T21:42:16.687056,264.759,0.00,0.00,0.00,0.00,0.00,0.00,0.00,0,,7.63,20.083,706.4
2025-10-16T21:42:17.781122,265.853,0.00,0.00,0.00,0.00,0.00,0.00,0.00,0,,7.63,20.083,706.4
2025-10-16T21:42:18.882844,266.954,0.00,0.00,0.00,0.00,0.00,0.00,0.00,0,,7.63,20.083,706.4
2025-10-16T21:42:18.884762,266.956,0.00,0.00,0.00,0.00,0.00,0.00,0.00,0,,7.63,20.083,705.4
2025-10-16T21:42:19.868607,267.940,0.00,0.00,0.00,0.00,0.00,0.00,0.00,0,,7.63,20.084,705.4
2025-10-16T21:42:19.870630,267.942,0.00,0.00,0.00,0.00,0.00,0.00,0.00,0,,7.61,20.084,705.4
2025-10-16T21:42:20.982685,269.054,0.00,0.00,0.00,0.00,0.00,0.00,0.00,0,,7.61,20.084,706.5
2025-10-16T21:42:20.984794,269.056,0.00,0.00,0.00,0.00,0.00,0.00,0.00,0,,7.61,20.087,706.5
2025-10-16T21:42:22.081025,270.152,0.00,0.00,0.00,0.00,0.00,0.00,0.00,0,,7.54,20.087,706.5
2025-10-16T21:42:23.190767,271.262,0.00,0.00,0.00,0.00,0.00,0.00,0.00,0,,7.54,20.087,708.0
2025-10-16T21:42:23.193030,271.264,0.00,0.00,0.00,0.00,0.00,0.00,0.00,0,,7.54,20.09,708.0
2025-10-16T21:42:24.180646,272.252,0.00,0.00,0.00,0.00,0.00,0.00,0.00,0,,7.57,20.09,708.0
2025-10-16T21:42:25.167925,273.239,0.00,0.00,0.00,0.00,0.00,0.00,0.00,0,,7.57,20.09,706.2
2025-10-16T21:42:25.170148,273.242,0.00,0.00,0.00,0.00,0.00,0.00,0.00,0,,7.57,20.095,706.2
2025-10-16T21:42:26.159207,274.231,0.00,0.00,0.00,0.00,0.00,0.00,0.00,0,,7.52,20.095,706.2
2025-10-16T21:42:27.144685,275.216,0.00,0.00,0.00,0.00,0.00,0.00,0.00,0,,7.52,20.095,707.9
2025-10-16T21:42:27.146621,275.218,0.00,0.00,0.00,0.00,0.00,0.00,0.00,0,,7.52,20.1,707.9
2025-10-16T21:42:28.141482,276.213,0.00,0.00,0.00,0.00,0.00,0.00,0.00,0,,7.37,20.1,707.9
2025-10-16T21:42:29.126914,277.198,0.00,0.00,0.00,0.00,0.00,0.00,0.00,0,,7.37,20.1,707.1
2025-10-16T21:42:29.129091,277.201,0.00,0.00,0.00,0.00,0.00,0.00,0.00,0,,7.37,20.104,707.1
2025-10-16T21:42:30.107570,278.179,0.00,0.00,0.00,0.00,0.00,0.00,0.00,0,,7.16,20.104,707.1
2025-10-16T21:42:30.983612,279.055,0.00,0.00,0.00,0.00,0.00,0.00,0.00,0,,7.16,20.104,707.2
2025-10-16T21:42:30.985810,279.057,0.00,0.00,0.00,0.00,0.00,0.00,0.00,0,,7.16,20.108,707.2
2025-10-16T21:42:31.970780,280.042,0.00,0.00,0.00,0.00,0.00,0.00,0.00,0,,8.23,20.108,707.2
2025-10-16T21:42:33.083553,281.155,0.00,0.00,0.00,0.00,0.00,0.00,0.00,0,,8.23,20.108,705.3
2025-10-16T21:42:33.085699,281.157,0.00,0.00,0.00,0.00,0.00,0.00,0.00,0,,8.23,20.112,705.3
2025-10-16T21:42:34.170808,282.242,0.00,0.00,0.00,0.00,0.00,0.00,0.00,0,,7.76,20.112,705.3
2025-10-16T21:42:35.270427,283.342,0.00,0.00,0.00,0.00,0.00,0.00,0.00,0,,7.76,20.112,704.1
2025-10-16T21:42:35.272798,283.344,0.00,0.00,0.00,0.00,0.00,0.00,0.00,0,,7.76,20.114,704.1
2025-10-16T21:42:36.349873,284.421,0.00,0.00,0.00,0.00,0.00,0.00,0.00,0,,7.52,20.114,704.1
2025-10-16T21:42:36.352158,284.424,0.00,0.00,0.00,0.00,0.00,0.00,0.00,0,,7.52,20.114,703.6
2025-10-16T21:42:37.446783,285.518,0.00,0.00,0.00,0.00,0.00,0.00,0.00,0,,7.52,20.116,703.6
2025-10-16T21:42:38.542301,286.614,0.00,0.00,0.00,0.00,0.00,0.00,0.00,0,,7.06,20.116,703.6
2025-10-16T21:42:38.544532,286.616,0.00,0.00,0.00,0.00,0.00,0.00,0.00,0,,7.06,20.116,699.4
2025-10-16T21:42:39.640000,287.711,0.00,0.00,0.00,0.00,0.00,0.00,0.00,0,,7.06,20.117,699.4
2025-10-16T21:42:40.754659,288.826,0.00,0.00,0.00,0.00,0.00,0.00,0.00,0,,7.57,20.117,699.4
2025-10-16T21:42:40.756841,288.828,0.00,0.00,0.00,0.00,0.00,0.00,0.00,0,,7.57,20.117,696.0
2025-10-16T21:42:41.838532,289.910,0.00,0.00,0.00,0.00,0.00,0.00,0.00,0,,7.57,20.118,696.0
2025-10-16T21:42:41.840783,289.912,0.00,0.00,0.00,0.00,0.00,0.00,0.00,0,,7.23,20.118,696.0
2025-10-16T21:42:42.930267,291.002,0.00,0.00,0.00,0.00,0.00,0.00,0.00,0,,7.23,20.118,696.3
2025-10-16T21:42:42.932458,291.004,0.00,0.00,0.00,0.00,0.00,0.00,0.00,0,,7.23,20.119,696.3
2025-10-16T21:42:44.035785,292.107,0.00,0.00,0.00,0.00,0.00,0.00,0.00,0,,6.83,20.119,696.3
2025-10-16T21:42:45.023069,293.095,0.00,0.00,0.00,0.00,0.00,0.00,0.00,0,,6.83,20.119,699.8
2025-10-16T21:42:46.101120,294.173,0.00,0.00,0.00,0.00,0.00,0.00,0.00,0,,6.83,20.119,699.8
2025-10-16T21:42:46.103081,294.175,0.00,0.00,0.00,0.00,0.00,0.00,0.00,0,,6.84,20.119,699.8
2025-10-16T21:42:47.111289,295.183,0.00,0.00,0.00,0.00,0.00,0.00,0.00,0,,6.84,20.119,699.8
2025-10-16T21:42:47.113670,295.185,0.00,0.00,0.00,0.00,0.00,0.00,0.00,0,,6.84,20.119,699.8
2025-10-16T21:42:48.084944,296.156,0.00,0.00,0.00,0.00,0.00,0.00,0.00,0,,7.08,20.119,699.8
2025-10-16T21:42:49.190824,297.262,0.00,0.00,0.00,0.00,0.00,0.00,0.00,0,,7.08,20.119,699.6
2025-10-16T21:42:49.193295,297.265,0.00,0.00,0.00,0.00,0.00,0.00,0.00,0,,7.08,20.119,699.6
2025-10-16T21:42:50.305359,298.377,0.00,0.00,0.00,0.00,0.00,0.00,0.00,0,,6.93,20.119,699.6
2025-10-16T21:42:51.402152,299.474,0.00,0.00,0.00,0.00,0.00,0.00,0.00,0,,6.93,20.119,700.2
2025-10-16T21:42:51.404355,299.476,0.00,0.00,0.00,0.00,0.00,0.00,0.00,0,,6.93,20.118,700.2
2025-10-16T21:42:52.499995,300.571,0.00,0.00,0.00,0.00,0.00,0.00,0.00,0,,4.87,20.118,700.2
2025-10-16T21:42:52.502218,300.574,0.00,0.00,0.00,0.00,0.00,0.00,0.00,0,,4.87,20.118,698.2
2025-10-16T21:42:53.597254,301.669,0.00,0.00,0.00,0.00,0.00,0.00,0.00,0,,4.87,20.118,698.2
2025-10-16T21:42:54.709511,302.781,0.00,0.00,0.00,0.00,0.00,0.00,0.00,0,,6.62,20.118,698.2
2025-10-16T21:42:54.711479,302.783,0.00,0.00,0.00,0.00,0.00,0.00,0.00,0,,6.62,20.118,697.4
2025-10-16T21:42:55.827505,303.899,0.00,0.00,0.00,0.00,0.00,0.00,0.00,0,,6.62,20.117,697.4
2025-10-16T21:42:55.829687,303.901,0.00,0.00,0.00,0.00,0.00,0.00,0.00,0,,6.59,20.117,697.4
2025-10-16T21:42:56.812877,304.884,0.00,0.00,0.00,0.00,0.00,0.00,0.00,0,,6.59,20.117,697.6
2025-10-16T21:42:57.911384,305.983,0.00,0.00,0.00,0.00,0.00,0.00,0.00,0,,6.59,20.117,697.6
2025-10-16T21:42:59.000812,307.072,0.00,0.00,0.00,0.00,0.00,0.00,0.00,0,,6.85,20.117,697.6
2025-10-16T21:42:59.002934,307.074,0.00,0.00,0.00,0.00,0.00,0.00,0.00,0,,6.85,20.117,697.2
2025-10-16T21:42:59.005123,307.077,0.00,0.00,0.00,0.00,0.00,0.00,0.00,0,,6.85,20.116,697.2
2025-10-16T21:43:00.091390,308.163,0.00,0.00,0.00,0.00,0.00,0.00,0.00,0,,7.22,20.116,697.2
2025-10-16T21:43:01.077996,309.149,0.00,0.00,0.00,0.00,0.00,0.00,0.00,0,,7.22,20.116,695.1
2025-10-16T21:43:01.080240,309.152,0.00,0.00,0.00,0.00,0.00,0.00,0.00,0,,7.22,20.115,695.1
2025-10-16T21:43:02.176754,310.248,0.00,0.00,0.00,0.00,0.00,0.00,0.00,0,,6.95,20.115,695.1
2025-10-16T21:43:02.178785,310.250,0.00,0.00,0.00,0.00,0.00,0.00,0.00,0,,6.95,20.115,693.6
2025-10-16T21:43:03.267090,311.339,0.00,0.00,0.00,0.00,0.00,0.00,0.00,0,,6.95,20.114,693.6
2025-10-16T21:43:04.363421,312.435,0.00,0.00,0.00,0.00,0.00,0.00,0.00,0,,6.88,20.114,693.6
2025-10-16T21:43:04.365742,312.437,0.00,0.00,0.00,0.00,0.00,0.00,0.00,0,,6.88,20.114,691.9
2025-10-16T21:43:05.464588,313.536,0.00,0.00,0.00,0.00,0.00,0.00,0.00,0,,6.88,20.113,691.9
2025-10-16T21:43:06.568473,314.640,0.00,0.00,0.00,0.00,0.00,0.00,0.00,0,,6.67,20.113,691.9
2025-10-16T21:43:06.570943,314.642,0.00,0.00,0.00,0.00,0.00,0.00,0.00,0,,6.67,20.113,690.7
2025-10-16T21:43:07.555674,315.627,0.00,0.00,0.00,0.00,0.00,0.00,0.00,0,,6.67,20.112,690.7
2025-10-16T21:43:08.638747,316.710,0.00,0.00,0.00,0.00,0.00,0.00,0.00,0,,6.74,20.112,690.7
2025-10-16T21:43:08.641028,316.712,0.00,0.00,0.00,0.00,0.00,0.00,0.00,0,,6.74,20.112,688.4
2025-10-16T21:43:09.730779,317.802,0.00,0.00,0.00,0.00,0.00,0.00,0.00,0,,6.74,20.111,688.4
2025-10-16T21:43:09.732984,317.804,0.00,0.00,0.00,0.00,0.00,0.00,0.00,0,,6.83,20.111,688.4
2025-10-16T21:43:10.831114,318.903,0.00,0.00,0.00,0.00,0.00,0.00,0.00,0,,6.83,20.111,688.5
2025-10-16T21:43:10.835279,318.907,0.00,0.00,0.00,0.00,0.00,0.00,0.00,0,,6.83,20.112,688.5
2025-10-16T21:43:11.925305,319.997,0.00,0.00,0.00,0.00,0.00,0.00,0.00,0,,6.82,20.112,688.5
2025-10-16T21:43:12.902962,320.974,0.00,0.00,0.00,0.00,0.00,0.00,0.00,0,,6.82,20.112,688.0
2025-10-16T21:43:12.906634,320.978,0.00,0.00,0.00,0.00,0.00,0.00,0.00,0,,6.82,20.112,688.0
2025-10-16T21:43:14.001592,322.073,0.00,0.00,0.00,0.00,0.00,0.00,0.00,0,,5.85,20.112,688.0
2025-10-16T21:43:15.098827,323.170,0.00,0.00,0.00,0.00,0.00,0.00,0.00,0,,5.85,20.112,688.4
2025-10-16T21:43:15.101245,323.173,0.00,0.00,0.00,0.00,0.00,0.00,0.00,0,,5.85,20.112,688.4
2025-10-16T21:43:16.191720,324.263,0.00,0.00,0.00,0.00,0.00,0.00,0.00,0,,6.58,20.112,688.4
2025-10-16T21:43:16.193968,324.265,0.00,0.00,0.00,0.00,0.00,0.00,0.00,0,,6.58,20.112,687.4
2025-10-16T21:43:17.282302,325.354,0.00,0.00,0.00,0.00,0.00,0.00,0.00,0,,6.58,20.113,687.4
2025-10-16T21:43:18.370390,326.442,0.00,0.00,0.00,0.00,0.00,0.00,0.00,0,,6.68,20.113,687.4
2025-10-16T21:43:18.372562,326.444,0.00,0.00,0.00,0.00,0.00,0.00,0.00,0,,6.68,20.113,687.1
2025-10-16T21:43:19.359886,327.431,0.00,0.00,0.00,0.00,0.00,0.00,0.00,0,,6.68,20.114,687.1
2025-10-16T21:43:19.362312,327.434,0.00,0.00,0.00,0.00,0.00,0.00,0.00,0,,6.52,20.114,687.1
2025-10-16T21:43:20.337887,328.409,0.00,0.00,0.00,0.00,0.00,0.00,0.00,0,,6.52,20.114,711.0
2025-10-16T21:43:21.432695,329.504,0.00,0.00,0.00,0.00,0.00,0.00,0.00,0,,6.52,20.114,711.0
2025-10-16T21:43:22.527118,330.599,0.00,0.00,0.00,0.00,0.00,0.00,0.00,0,,6.77,20.114,711.0
2025-10-16T21:43:22.529451,330.601,0.00,0.00,0.00,0.00,0.00,0.00,0.00,0,,6.77,20.114,747.1
2025-10-16T21:43:23.640784,331.712,0.00,0.00,0.00,0.00,0.00,0.00,0.00,0,,6.77,20.114,747.1
2025-10-16T21:43:23.643151,331.715,0.00,0.00,0.00,0.00,0.00,0.00,0.00,0,,6.69,20.114,747.1
2025-10-16T21:43:24.738438,332.810,0.00,0.00,0.00,0.00,0.00,0.00,0.00,0,,6.69,20.114,768.5
2025-10-16T21:43:24.740471,332.812,0.00,0.00,0.00,0.00,0.00,0.00,0.00,0,,6.69,20.113,768.5
2025-10-16T21:43:25.818525,333.890,0.00,0.00,0.00,0.00,0.00,0.00,0.00,0,,6.94,20.113,768.5
2025-10-16T21:43:26.809673,334.881,0.00,0.00,0.00,0.00,0.00,0.00,0.00,0,,6.94,20.113,781.6
2025-10-16T21:43:26.811932,334.883,0.00,0.00,0.00,0.00,0.00,0.00,0.00,0,,6.94,20.11,781.6
2025-10-16T21:43:27.905077,335.977,0.00,0.00,0.00,0.00,0.00,0.00,0.00,0,,7.27,20.11,781.6
2025-10-16T21:43:27.907314,335.979,0.00,0.00,0.00,0.00,0.00,0.00,0.00,0,,7.27,20.11,790.9
2025-10-16T21:43:29.004045,337.076,0.00,0.00,0.00,0.00,0.00,0.00,0.00,0,,7.27,20.106,790.9
2025-10-16T21:43:30.087927,338.159,0.00,0.00,0.00,0.00,0.00,0.00,0.00,0,,7.38,20.106,790.9
2025-10-16T21:43:30.090120,338.162,0.00,0.00,0.00,0.00,0.00,0.00,0.00,0,,7.38,20.106,796.1
2025-10-16T21:43:31.185813,339.257,0.00,0.00,0.00,0.00,0.00,0.00,0.00,0,,7.38,20.102,796.1
2025-10-16T21:43:32.283038,340.355,0.00,0.00,0.00,0.00,0.00,0.00,0.00,0,,8.01,20.102,796.1
2025-10-16T21:43:32.285453,340.357,0.00,0.00,0.00,0.00,0.00,0.00,0.00,0,,8.01,20.102,800.4
2025-10-16T21:43:33.380514,341.452,0.00,0.00,0.00,0.00,0.00,0.00,0.00,0,,8.01,20.1,800.4
2025-10-16T21:43:33.382499,341.454,0.00,0.00,0.00,0.00,0.00,0.00,0.00,0,,8.29,20.1,800.4
2025-10-16T21:43:34.475742,342.547,0.00,0.00,0.00,0.00,0.00,0.00,0.00,0,,8.29,20.1,805.4
2025-10-16T21:43:34.477997,342.549,0.00,0.00,0.00,0.00,0.00,0.00,0.00,0,,8.29,20.098,805.4
2025-10-16T21:43:35.575579,343.647,0.00,0.00,0.00,0.00,0.00,0.00,0.00,0,,8.39,20.098,805.4
2025-10-16T21:43:36.675284,344.747,0.00,0.00,0.00,0.00,0.00,0.00,0.00,0,,8.39,20.098,807.0
2025-10-16T21:43:36.677148,344.749,0.00,0.00,0.00,0.00,0.00,0.00,0.00,0,,8.39,20.097,807.0
2025-10-16T21:43:37.770515,345.842,0.00,0.00,0.00,0.00,0.00,0.00,0.00,0,,8.49,20.097,807.0
2025-10-16T21:43:38.851249,346.923,0.00,0.00,0.00,0.00,0.00,0.00,0.00,0,,8.49,20.097,809.5
2025-10-16T21:43:38.853259,346.925,0.00,0.00,0.00,0.00,0.00,0.00,0.00,0,,8.49,20.097,809.5
2025-10-16T21:43:39.951191,348.023,0.00,0.00,0.00,0.00,0.00,0.00,0.00,0,,8.54,20.097,809.5
2025-10-16T21:43:39.953308,348.025,0.00,0.00,0.00,0.00,0.00,0.00,0.00,0,,8.54,20.097,809.7
2025-10-16T21:43:41.049799,349.121,0.00,0.00,0.00,0.00,0.00,0.00,0.00,0,,8.54,20.098,809.7
2025-10-16T21:43:42.154356,350.226,0.00,0.00,0.00,0.00,0.00,0.00,0.00,0,,8.54,20.098,809.7
2025-10-16T21:43:42.156616,350.228,0.00,0.00,0.00,0.00,0.00,0.00,0.00,0,,8.54,20.098,807.7
2025-10-16T21:43:43.242780,351.314,0.00,0.00,0.00,0.00,0.00,0.00,0.00,0,,8.54,20.099,807.7
2025-10-16T21:43:44.339356,352.411,0.00,0.00,0.00,0.00,0.00,0.00,0.00,0,,8.5,20.099,807.7
2025-10-16T21:43:44.341631,352.413,0.00,0.00,0.00,0.00,0.00,0.00,0.00,0,,8.5,20.099,807.4
2025-10-16T21:43:45.451555,353.523,0.00,0.00,0.00,0.00,0.00,0.00,0.00,0,,8.5,20.1,807.4
2025-10-16T21:43:45.453569,353.525,0.00,0.00,0.00,0.00,0.00,0.00,0.00,0,,8.55,20.1,807.4
2025-10-16T21:43:46.536610,354.608,0.00,0.00,0.00,0.00,0.00,0.00,0.00,0,,8.55,20.1,803.2
2025-10-16T21:43:46.538744,354.610,0.00,0.00,0.00,0.00,0.00,0.00,0.00,0,,8.55,20.102,803.2
2025-10-16T21:43:47.634340,355.706,0.00,0.00,0.00,0.00,0.00,0.00,0.00,0,,8.13,20.102,803.2
2025-10-16T21:43:48.748019,356.819,0.00,0.00,0.00,0.00,0.00,0.00,0.00,0,,8.13,20.102,804.5
2025-10-16T21:43:48.750022,356.821,0.00,0.00,0.00,0.00,0.00,0.00,0.00,0,,8.13,20.104,804.5
2025-10-16T21:43:49.845095,357.917,0.00,0.00,0.00,0.00,0.00,0.00,0.00,0,,9.01,20.104,804.5
2025-10-16T21:43:49.847482,357.919,0.00,0.00,0.00,0.00,0.00,0.00,0.00,0,,9.01,20.104,804.5
2025-10-16T21:43:50.943026,359.014,0.00,0.00,0.00,0.00,0.00,0.00,0.00,0,,9.01,20.105,804.5
2025-10-16T21:43:52.041356,360.113,0.00,0.00,0.00,0.00,0.00,0.00,0.00,0,,8.79,20.105,804.5
2025-10-16T21:43:52.043573,360.115,0.00,0.00,0.00,0.00,0.00,0.00,0.00,0,,8.79,20.105,804.2
2025-10-16T21:43:53.153712,361.225,0.00,0.00,0.00,0.00,0.00,0.00,0.00,0,,8.79,20.108,804.2
2025-10-16T21:43:54.252501,362.324,0.00,0.00,0.00,0.00,0.00,0.00,0.00,0,,8.68,20.108,804.2
2025-10-16T21:43:54.254473,362.326,0.00,0.00,0.00,0.00,0.00,0.00,0.00,0,,8.68,20.108,804.9
2025-10-16T21:43:55.334308,363.406,0.00,0.00,0.00,0.00,0.00,0.00,0.00,0,,8.68,20.11,804.9
2025-10-16T21:43:55.336459,363.408,0.00,0.00,0.00,0.00,0.00,0.00,0.00,0,,8.63,20.11,804.9
2025-10-16T21:43:56.325586,364.397,0.00,0.00,0.00,0.00,0.00,0.00,0.00,0,,8.63,20.11,805.2
2025-10-16T21:43:56.327915,364.399,0.00,0.00,0.00,0.00,0.00,0.00,0.00,0,,8.63,20.112,805.2
2025-10-16T21:43:57.321991,365.393,0.00,0.00,0.00,0.00,0.00,0.00,0.00,0,,8.72,20.112,805.2
2025-10-16T21:43:58.426057,366.498,0.00,0.00,0.00,0.00,0.00,0.00,0.00,0,,8.72,20.112,803.9
2025-10-16T21:43:58.428028,366.499,0.00,0.00,0.00,0.00,0.00,0.00,0.00,0,,8.72,20.115,803.9
2025-10-16T21:43:59.517108,367.589,0.00,0.00,0.00,0.00,0.00,0.00,0.00,0,,8.64,20.115,803.9
2025-10-16T21:44:00.601477,368.673,0.00,0.00,0.00,0.00,0.00,0.00,0.00,0,,8.64,20.115,798.4
2025-10-16T21:44:00.603765,368.675,0.00,0.00,0.00,0.00,0.00,0.00,0.00,0,,8.64,20.117,798.4
2025-10-16T21:44:01.700985,369.772,0.00,0.00,0.00,0.00,0.00,0.00,0.00,0,,8.68,20.117,798.4
2025-10-16T21:44:01.703241,369.775,0.00,0.00,0.00,0.00,0.00,0.00,0.00,0,,8.68,20.117,795.2
2025-10-16T21:44:02.799274,370.871,0.00,0.00,0.00,0.00,0.00,0.00,0.00,0,,8.68,20.12,795.2
2025-10-16T21:44:03.907207,371.979,0.00,0.00,0.00,0.00,0.00,0.00,0.00,0,,8.64,20.12,795.2
2025-10-16T21:44:03.909531,371.981,0.00,0.00,0.00,0.00,0.00,0.00,0.00,0,,8.64,20.12,794.1
2025-10-16T21:44:04.990931,373.062,0.00,0.00,0.00,0.00,0.00,0.00,0.00,0,,8.64,20.122,794.1
2025-10-16T21:44:06.087185,374.159,0.00,0.00,0.00,0.00,0.00,0.00,0.00,0,,8.38,20.122,794.1
2025-10-16T21:44:06.089052,374.161,0.00,0.00,0.00,0.00,0.00,0.00,0.00,0,,8.38,20.122,791.0
2025-10-16T21:44:07.187399,375.259,0.00,0.00,0.00,0.00,0.00,0.00,0.00,0,,8.38,20.125,791.0
2025-10-16T21:44:07.189304,375.261,0.00,0.00,0.00,0.00,0.00,0.00,0.00,0,,8.59,20.125,791.0
2025-10-16T21:44:08.285534,376.357,0.00,0.00,0.00,0.00,0.00,0.00,0.00,0,,8.59,20.125,789.0
2025-10-16T21:44:08.287544,376.359,0.00,0.00,0.00,0.00,0.00,0.00,0.00,0,,8.59,20.127,789.0
2025-10-16T21:44:09.383869,377.455,0.00,0.00,0.00,0.00,0.00,0.00,0.00,0,,8.72,20.127,789.0
2025-10-16T21:44:10.479954,378.551,0.00,0.00,0.00,0.00,0.00,0.00,0.00,0,,8.72,20.127,787.7
2025-10-16T21:44:10.482169,378.554,0.00,0.00,0.00,0.00,0.00,0.00,0.00,0,,8.72,20.129,787.7
2025-10-16T21:44:11.587975,379.659,0.00,0.00,0.00,0.00,0.00,0.00,0.00,0,,8.62,20.129,787.7
2025-10-16T21:44:12.692515,380.764,0.00,0.00,0.00,0.00,0.00,0.00,0.00,0,,8.62,20.129,785.8
2025-10-16T21:44:12.694636,380.766,0.00,0.00,0.00,0.00,0.00,0.00,0.00,0,,8.62,20.131,785.8
2025-10-16T21:44:13.790105,381.862,0.00,0.00,0.00,0.00,0.00,0.00,0.00,0,,8.66,20.131,785.8
2025-10-16T21:44:13.792278,381.864,0.00,0.00,0.00,0.00,0.00,0.00,0.00,0,,8.66,20.131,784.4
2025-10-16T21:44:14.889788,382.961,0.00,0.00,0.00,0.00,0.00,0.00,0.00,0,,8.66,20.133,784.4
2025-10-16T21:44:15.979802,384.051,0.00,0.00,0.00,0.00,0.00,0.00,0.00,0,,8.69,20.133,784.4
2025-10-16T21:44:15.982901,384.054,0.00,0.00,0.00,0.00,0.00,0.00,0.00,0,,8.69,20.133,782.8
2025-10-16T21:44:16.960069,385.032,0.00,0.00,0.00,0.00,0.00,0.00,0.00,0,,8.69,20.135,782.8
2025-10-16T21:44:18.056680,386.128,0.00,0.00,0.00,0.00,0.00,0.00,0.00,0,,8.79,20.135,782.8
2025-10-16T21:44:18.059250,386.131,0.00,0.00,0.00,0.00,0.00,0.00,0.00,0,,8.79,20.135,780.4
2025-10-16T21:44:19.153460,387.225,0.00,0.00,0.00,0.00,0.00,0.00,0.00,0,,8.79,20.138,780.4
2025-10-16T21:44:19.155641,387.227,0.00,0.00,0.00,0.00,0.00,0.00,0.00,0,,8.86,20.138,780.4
2025-10-16T21:44:20.254500,388.326,0.00,0.00,0.00,0.00,0.00,0.00,0.00,0,,8.86,20.138,777.1
2025-10-16T21:44:21.333552,389.405,0.00,0.00,0.00,0.00,0.00,0.00,0.00,0,,8.86,20.14,777.1
2025-10-16T21:44:21.335644,389.407,0.00,0.00,0.00,0.00,0.00,0.00,0.00,0,,8.88,20.14,777.1
2025-10-16T21:44:22.443469,390.515,0.00,0.00,0.00,0.00,0.00,0.00,0.00,0,,8.88,20.14,776.4
2025-10-16T21:44:22.445724,390.517,0.00,0.00,0.00,0.00,0.00,0.00,0.00,0,,8.88,20.142,776.4
2025-10-16T21:44:23.553108,391.625,0.00,0.00,0.00,0.00,0.00,0.00,0.00,0,,8.89,20.142,776.4
2025-10-16T21:44:23.555142,391.627,0.00,0.00,0.00,0.00,0.00,0.00,0.00,0,,8.89,20.142,774.4
2025-10-16T21:44:24.656832,392.728,0.00,0.00,0.00,0.00,0.00,0.00,0.00,0,,8.89,20.138,774.4
2025-10-16T21:44:25.753370,393.825,0.00,0.00,0.00,0.00,0.00,0.00,0.00,0,,8.9,20.138,774.4
2025-10-16T21:44:25.755503,393.827,0.00,0.00,0.00,0.00,0.00,0.00,0.00,0,,8.9,20.138,773.6
2025-10-16T21:44:26.741544,394.813,0.00,0.00,0.00,0.00,0.00,0.00,0.00,0,,8.9,20.109,773.6
2025-10-16T21:44:27.848185,395.920,0.00,0.00,0.00,0.00,0.00,0.00,0.00,0,,8.91,20.109,773.6
2025-10-16T21:44:27.850483,395.922,0.00,0.00,0.00,0.00,0.00,0.00,0.00,0,,8.91,20.109,771.0
2025-10-16T21:44:28.937643,397.009,0.00,0.00,0.00,0.00,0.00,0.00,0.00,0,,8.91,19.848,771.0
2025-10-16T21:44:30.035939,398.107,0.00,0.00,0.00,0.00,0.00,0.00,0.00,0,,8.94,19.848,771.0
2025-10-16T21:44:30.038608,398.110,0.00,0.00,0.00,0.00,0.00,0.00,0.00,0,,8.94,19.848,768.0
2025-10-16T21:44:31.115789,399.187,0.00,0.00,0.00,0.00,0.00,0.00,0.00,0,,8.94,19.644,768.0
2025-10-16T21:44:31.118051,399.190,0.00,0.00,0.00,0.00,0.00,0.00,0.00,0,,8.92,19.644,768.0
2025-10-16T21:44:32.215523,400.287,0.00,0.00,0.00,0.00,0.00,0.00,0.00,0,,8.92,19.644,765.3
2025-10-16T21:44:32.217807,400.289,0.00,0.00,0.00,0.00,0.00,0.00,0.00,0,,8.92,19.442,765.3
2025-10-16T21:44:33.311135,401.383,0.00,0.00,0.00,0.00,0.00,0.00,0.00,0,,8.94,19.442,765.3
2025-10-16T21:44:34.410281,402.482,0.00,0.00,0.00,0.00,0.00,0.00,0.00,0,,8.94,19.442,765.4
2025-10-16T21:44:34.412589,402.484,0.00,0.00,0.00,0.00,0.00,0.00,0.00,0,,8.94,19.261,765.4
2025-10-16T21:44:35.510503,403.582,0.00,0.00,0.00,0.00,0.00,0.00,0.00,0,,8.95,19.261,765.4
2025-10-16T21:44:35.512824,403.584,0.00,0.00,0.00,0.00,0.00,0.00,0.00,0,,8.95,19.261,765.0
2025-10-16T21:44:36.605114,404.677,0.00,0.00,0.00,0.00,0.00,0.00,0.00,0,,8.95,19.102,765.0
2025-10-16T21:44:37.718791,405.790,0.00,0.00,0.00,0.00,0.00,0.00,0.00,0,,8.96,19.102,765.0
2025-10-16T21:44:37.721078,405.793,0.00,0.00,0.00,0.00,0.00,0.00,0.00,0,,8.96,19.102,763.3
2025-10-16T21:44:38.817622,406.889,0.00,0.00,0.00,0.00,0.00,0.00,0.00,0,,8.96,18.957,763.3
2025-10-16T21:44:38.819698,406.891,0.00,0.00,0.00,0.00,0.00,0.00,0.00,0,,8.96,18.957,763.3
2025-10-16T21:44:39.912331,407.984,0.00,0.00,0.00,0.00,0.00,0.00,0.00,0,,8.96,18.957,761.9
2025-10-16T21:44:41.019439,409.091,0.00,0.00,0.00,0.00,0.00,0.00,0.00,0,,8.96,18.815,761.9
2025-10-16T21:44:41.021984,409.093,0.00,0.00,0.00,0.00,0.00,0.00,0.00,0,,8.97,18.815,761.9
2025-10-16T21:44:42.108080,410.180,0.00,0.00,0.00,0.00,0.00,0.00,0.00,0,,8.97,18.815,762.3
2025-10-16T21:44:42.110534,410.182,0.00,0.00,0.00,0.00,0.00,0.00,0.00,0,,8.97,18.785,762.3
2025-10-16T21:44:43.206230,411.278,0.00,0.00,0.00,0.00,0.00,0.00,0.00,0,,8.98,18.785,762.3
2025-10-16T21:44:44.289493,412.361,0.00,0.00,0.00,0.00,0.00,0.00,0.00,0,,8.98,18.785,761.1
2025-10-16T21:44:44.291996,412.363,0.00,0.00,0.00,0.00,0.00,0.00,0.00,0,,8.98,18.571,761.1
2025-10-16T21:44:45.402341,413.474,0.00,0.00,0.00,0.00,0.00,0.00,0.00,0,,8.98,18.571,761.1
2025-10-16T21:44:45.404372,413.476,0.00,0.00,0.00,0.00,0.00,0.00,0.00,0,,8.98,18.571,758.9
2025-10-16T21:44:46.499493,414.571,0.00,0.00,0.00,0.00,0.00,0.00,0.00,0,,8.98,18.546,758.9
2025-10-16T21:44:47.588659,415.660,0.00,0.00,0.00,0.00,0.00,0.00,0.00,0,,9.0,18.546,758.9
2025-10-16T21:44:47.590728,415.662,0.00,0.00,0.00,0.00,0.00,0.00,0.00,0,,9.0,18.546,758.8
2025-10-16T21:44:48.679927,416.751,0.00,0.00,0.00,0.00,0.00,0.00,0.00,0,,9.0,18.364,758.8
2025-10-16T21:44:49.667000,417.738,0.00,0.00,0.00,0.00,0.00,0.00,0.00,0,,8.98,18.364,758.8
2025-10-16T21:44:49.669151,417.741,0.00,0.00,0.00,0.00,0.00,0.00,0.00,0,,8.98,18.364,758.7
2025-10-16T21:44:50.655251,418.727,0.00,0.00,0.00,0.00,0.00,0.00,0.00,0,,8.98,18.341,758.7
2025-10-16T21:44:51.753088,419.825,0.00,0.00,0.00,0.00,0.00,0.00,0.00,0,,8.99,18.341,758.7
2025-10-16T21:44:51.755184,419.827,0.00,0.00,0.00,0.00,0.00,0.00,0.00,0,,8.99,18.341,757.2
2025-10-16T21:44:52.744006,420.815,0.00,0.00,0.00,0.00,0.00,0.00,0.00,0,,8.99,18.175,757.2
2025-10-16T21:44:52.746720,420.818,0.00,0.00,0.00,0.00,0.00,0.00,0.00,0,,8.99,18.175,757.2
2025-10-16T21:44:53.839035,421.910,0.00,0.00,0.00,0.00,0.00,0.00,0.00,0,,8.99,18.175,755.6
2025-10-16T21:44:54.935682,423.007,0.00,0.00,0.00,0.00,0.00,0.00,0.00,0,,8.99,18.153,755.6
2025-10-16T21:44:54.937775,423.009,0.00,0.00,0.00,0.00,0.00,0.00,0.00,0,,9.0,18.153,755.6
2025-10-16T21:44:56.035747,424.107,0.00,0.00,0.00,0.00,0.00,0.00,0.00,0,,9.0,18.153,753.4
2025-10-16T21:44:56.037925,424.109,0.00,0.00,0.00,0.00,0.00,0.00,0.00,0,,9.0,18.004,753.4
2025-10-16T21:44:57.018171,425.090,0.00,0.00,0.00,0.00,0.00,0.00,0.00,0,,9.0,18.004,753.4
2025-10-16T21:44:58.118914,426.190,0.00,0.00,0.00,0.00,0.00,0.00,0.00,0,,9.0,18.004,752.4
2025-10-16T21:44:58.120943,426.192,0.00,0.00,0.00,0.00,0.00,0.00,0.00,0,,9.0,17.986,752.4
2025-10-16T21:44:59.221292,427.293,0.00,0.00,0.00,0.00,0.00,0.00,0.00,0,,9.0,17.986,752.4
2025-10-16T21:44:59.223673,427.295,0.00,0.00,0.00,0.00,0.00,0.00,0.00,0,,9.0,17.986,750.4
2025-10-16T21:45:00.534377,428.606,0.00,0.00,0.00,0.00,0.00,0.00,0.00,0,,9.0,17.955,750.4
2025-10-16T21:45:01.629290,429.701,0.00,0.00,0.00,0.00,0.00,0.00,0.00,0,,9.0,17.955,750.4
2025-10-16T21:45:01.631181,429.703,0.00,0.00,0.00,0.00,0.00,0.00,0.00,0,,9.0,17.955,749.7
2025-10-16T21:45:02.712581,430.784,0.00,0.00,0.00,0.00,0.00,0.00,0.00,0,,9.0,17.791,749.7
2025-10-16T21:45:02.714516,430.786,0.00,0.00,0.00,0.00,0.00,0.00,0.00,0,,9.0,17.791,749.7
2025-10-16T21:45:03.822005,431.893,0.00,0.00,0.00,0.00,0.00,0.00,0.00,0,,9.0,17.791,748.2
2025-10-16T21:45:03.824288,431.896,0.00,0.00,0.00,0.00,0.00,0.00,0.00,0,,9.0,17.777,748.2
2025-10-16T21:45:04.924098,432.996,0.00,0.00,0.00,0.00,0.00,0.00,0.00,0,,9.0,17.777,748.2
2025-10-16T21:45:06.005845,434.077,0.00,0.00,0.00,0.00,0.00,0.00,0.00,0,,9.0,17.777,747.1
2025-10-16T21:45:06.008145,434.080,0.00,0.00,0.00,0.00,0.00,0.00,0.00,0,,9.0,17.752,747.1
2025-10-16T21:45:07.009795,435.081,0.00,0.00,0.00,0.00,0.00,0.00,0.00,0,,8.92,17.752,747.1
2025-10-16T21:45:08.106682,436.178,0.00,0.00,0.00,0.00,0.00,0.00,0.00,0,,8.92,17.752,1268
2025-10-16T21:45:08.108952,436.180,0.00,0.00,0.00,0.00,0.00,0.00,0.00,0,,8.92,17.616,1268
2025-10-16T21:45:09.206818,437.278,0.00,0.00,0.00,0.00,0.00,0.00,0.00,0,,8.93,17.616,1268
2025-10-16T21:45:09.208830,437.280,0.00,0.00,0.00,0.00,0.00,0.00,0.00,0,,8.93,17.616,10720.0
2025-10-16T21:45:10.287724,438.359,0.00,0.00,0.00,0.00,0.00,0.00,0.00,0,,8.93,17.604,10720.0
2025-10-16T21:45:11.274678,439.346,0.00,0.00,0.00,0.00,0.00,0.00,0.00,0,,8.98,17.604,10720.0
2025-10-16T21:45:11.276892,439.348,0.00,0.00,0.00,0.00,0.00,0.00,0.00,0,,8.98,17.604,10600.0
2025-10-16T21:45:12.390008,440.461,0.00,0.00,0.00,0.00,0.00,0.00,0.00,0,,8.98,17.581,10600.0
2025-10-16T21:45:13.487039,441.558,0.00,0.00,0.00,0.00,0.00,0.00,0.00,0,,8.99,17.581,10600.0
2025-10-16T21:45:13.489125,441.561,0.00,0.00,0.00,0.00,0.00,0.00,0.00,0,,8.99,17.581,10460.0
2025-10-16T21:45:14.575894,442.647,0.00,0.00,0.00,0.00,0.00,0.00,0.00,0,,8.99,17.552,10460.0
2025-10-16T21:45:14.577816,442.649,0.00,0.00,0.00,0.00,0.00,0.00,0.00,0,,8.99,17.552,10460.0
2025-10-16T21:45:15.681722,443.753,0.00,0.00,0.00,0.00,0.00,0.00,0.00,0,,8.99,17.552,14860.0
2025-10-16T21:45:16.778981,444.850,0.00,0.00,0.00,0.00,0.00,0.00,0.00,0,,8.99,17.406,14860.0
2025-10-16T21:45:16.781131,444.853,0.00,0.00,0.00,0.00,0.00,0.00,0.00,0,,9.02,17.406,14860.0
2025-10-16T21:45:17.878454,445.950,0.00,0.00,0.00,0.00,0.00,0.00,0.00,0,,9.02,17.406,14910.0
2025-10-16T21:45:18.963387,447.035,0.00,0.00,0.00,0.00,0.00,0.00,0.00,0,,9.02,17.394,14910.0
2025-10-16T21:45:18.965665,447.037,0.00,0.00,0.00,0.00,0.00,0.00,0.00,0,,9.01,17.394,14910.0
2025-10-16T21:45:20.058438,448.130,0.00,0.00,0.00,0.00,0.00,0.00,0.00,0,,9.01,17.394,15080.0
2025-10-16T21:45:20.061017,448.132,0.00,0.00,0.00,0.00,0.00,0.00,0.00,0,,9.01,17.376,15080.0
2025-10-16T21:45:21.046708,449.118,0.00,0.00,0.00,0.00,0.00,0.00,0.00,0,,8.99,17.376,15080.0
2025-10-16T21:45:22.142549,450.214,0.00,0.00,0.00,0.00,0.00,0.00,0.00,0,,8.99,17.376,15130.0
2025-10-16T21:45:22.144792,450.216,0.00,0.00,0.00,0.00,0.00,0.00,0.00,0,,8.99,17.351,15130.0
2025-10-16T21:45:23.242091,451.314,0.00,0.00,0.00,0.00,0.00,0.00,0.00,0,,8.99,17.351,15130.0
2025-10-16T21:45:23.244632,451.316,0.00,0.00,0.00,0.00,0.00,0.00,0.00,0,,8.99,17.351,15070.0
2025-10-16T21:45:24.337240,452.409,0.00,0.00,0.00,0.00,0.00,0.00,0.00,0,,8.99,17.321,15070.0
2025-10-16T21:45:25.437199,453.509,0.00,0.00,0.00,0.00,0.00,0.00,0.00,0,,8.99,17.321,15070.0
2025-10-16T21:45:25.439347,453.511,0.00,0.00,0.00,0.00,0.00,0.00,0.00,0,,8.99,17.321,14980.0
2025-10-16T21:45:26.426203,454.498,0.00,0.00,0.00,0.00,0.00,0.00,0.00,0,,8.99,17.177,14980.0
2025-10-16T21:45:26.429162,454.501,0.00,0.00,0.00,0.00,0.00,0.00,0.00,0,,8.99,17.177,14980.0
2025-10-16T21:45:27.520497,455.592,0.00,0.00,0.00,0.00,0.00,0.00,0.00,0,,8.99,17.177,14910.0
2025-10-16T21:45:28.612830,456.684,0.00,0.00,0.00,0.00,0.00,0.00,0.00,0,,8.99,17.167,14910.0
2025-10-16T21:45:28.615053,456.687,0.00,0.00,0.00,0.00,0.00,0.00,0.00,0,,8.99,17.167,14910.0
2025-10-16T21:45:29.703259,457.775,0.00,0.00,0.00,0.00,0.00,0.00,0.00,0,,8.99,17.167,14820.0
2025-10-16T21:45:29.705594,457.777,0.00,0.00,0.00,0.00,0.00,0.00,0.00,0,,8.99,17.151,14820.0
2025-10-16T21:45:30.800468,458.872,0.00,0.00,0.00,0.00,0.00,0.00,0.00,0,,8.98,17.151,14820.0
2025-10-16T21:45:31.911545,459.983,0.00,0.00,0.00,0.00,0.00,0.00,0.00,0,,8.98,17.151,14740.0
2025-10-16T21:45:31.913758,459.985,0.00,0.00,0.00,0.00,0.00,0.00,0.00,0,,8.98,17.129,14740.0
2025-10-16T21:45:33.001205,461.073,0.00,0.00,0.00,0.00,0.00,0.00,0.00,0,,8.98,17.129,14740.0
2025-10-16T21:45:34.090637,462.162,0.00,0.00,0.00,0.00,0.00,0.00,0.00,0,,8.98,17.129,14680.0
2025-10-16T21:45:34.092632,462.164,0.00,0.00,0.00,0.00,0.00,0.00,0.00,0,,8.98,17.103,14680.0
2025-10-16T21:45:35.188992,463.260,0.00,0.00,0.00,0.00,0.00,0.00,0.00,0,,8.97,17.103,14680.0
2025-10-16T21:45:35.191247,463.263,0.00,0.00,0.00,0.00,0.00,0.00,0.00,0,,8.97,17.103,14630.0
2025-10-16T21:45:36.398508,464.470,0.00,0.00,0.00,0.00,0.00,0.00,0.00,0,,8.97,17.073,14630.0
2025-10-16T21:45:36.417240,464.489,0.00,0.00,0.00,0.00,0.00,0.00,0.00,0,,8.97,17.073,14630.0
2025-10-16T21:45:37.494509,465.566,0.00,0.00,0.00,0.00,0.00,0.00,0.00,0,,8.97,17.073,14580.0
2025-10-16T21:45:38.592228,466.664,0.00,0.00,0.00,0.00,0.00,0.00,0.00,0,,8.97,16.937,14580.0
2025-10-16T21:45:38.594439,466.666,0.00,0.00,0.00,0.00,0.00,0.00,0.00,0,,8.96,16.937,14580.0
2025-10-16T21:45:39.690592,467.762,0.00,0.00,0.00,0.00,0.00,0.00,0.00,0,,8.96,16.937,14530.0
2025-10-16T21:45:39.692875,467.764,0.00,0.00,0.00,0.00,0.00,0.00,0.00,0,,8.96,16.928,14530.0
2025-10-16T21:45:40.772632,468.844,0.00,0.00,0.00,0.00,0.00,0.00,0.00,0,,8.93,16.928,14530.0
2025-10-16T21:45:41.777997,469.849,0.00,0.00,0.00,0.00,0.00,0.00,0.00,0,,8.93,16.928,11140.0
2025-10-16T21:45:41.781017,469.852,0.00,0.00,0.00,0.00,0.00,0.00,0.00,0,,8.93,16.914,11140.0
2025-10-16T21:45:42.762073,470.834,0.00,0.00,0.00,0.00,0.00,0.00,0.00,0,,8.95,16.914,11140.0
2025-10-16T21:45:43.860177,471.932,0.00,0.00,0.00,0.00,0.00,0.00,0.00,0,,8.95,16.914,4991
2025-10-16T21:45:43.862534,471.934,0.00,0.00,0.00,0.00,0.00,0.00,0.00,0,,8.95,16.896,4991
2025-10-16T21:45:44.974916,473.046,0.00,0.00,0.00,0.00,0.00,0.00,0.00,0,,8.91,16.896,4991
2025-10-16T21:45:44.977097,473.049,0.00,0.00,0.00,0.00,0.00,0.00,0.00,0,,8.91,16.896,5046
2025-10-16T21:45:46.072726,474.144,0.00,0.00,0.00,0.00,0.00,0.00,0.00,0,,8.91,16.876,5046
2025-10-16T21:45:47.185138,475.257,0.00,0.00,0.00,0.00,0.00,0.00,0.00,0,,8.8,16.876,5046
2025-10-16T21:45:47.187097,475.259,0.00,0.00,0.00,0.00,0.00,0.00,0.00,0,,8.8,16.876,5081
2025-10-16T21:45:48.280287,476.352,0.00,0.00,0.00,0.00,0.00,0.00,0.00,0,,8.8,16.855,5081
2025-10-16T21:45:49.266261,477.338,0.00,0.00,0.00,0.00,0.00,0.00,0.00,0,,8.84,16.855,5081
2025-10-16T21:45:49.268553,477.340,0.00,0.00,0.00,0.00,0.00,0.00,0.00,0,,8.84,16.855,5088
2025-10-16T21:45:50.367331,478.439,0.00,0.00,0.00,0.00,0.00,0.00,0.00,0,,8.84,16.833,5088
2025-10-16T21:45:50.369579,478.441,0.00,0.00,0.00,0.00,0.00,0.00,0.00,0,,8.88,16.833,5088
2025-10-16T21:45:51.353097,479.425,0.00,0.00,0.00,0.00,0.00,0.00,0.00,0,,8.88,16.833,5083
2025-10-16T21:45:52.343037,480.414,0.00,0.00,0.00,0.00,0.00,0.00,0.00,0,,8.88,16.811,5083
2025-10-16T21:45:52.345393,480.417,0.00,0.00,0.00,0.00,0.00,0.00,0.00,0,,8.88,16.811,5083
2025-10-16T21:45:53.427769,481.499,0.00,0.00,0.00,0.00,0.00,0.00,0.00,0,,8.88,16.811,5080
2025-10-16T21:45:53.429990,481.501,0.00,0.00,0.00,0.00,0.00,0.00,0.00,0,,8.88,16.791,5080
2025-10-16T21:45:54.547483,482.619,0.00,0.00,0.00,0.00,0.00,0.00,0.00,0,,8.9,16.791,5080
2025-10-16T21:45:55.638587,483.710,0.00,0.00,0.00,0.00,0.00,0.00,0.00,0,,8.9,16.791,5067
2025-10-16T21:45:55.640774,483.712,0.00,0.00,0.00,0.00,0.00,0.00,0.00,0,,8.9,16.772,5067
2025-10-16T21:45:56.835573,484.907,0.00,0.00,0.00,0.00,0.00,0.00,0.00,0,,8.95,16.772,5067
2025-10-16T21:45:57.956813,486.028,0.00,0.00,0.00,0.00,0.00,0.00,0.00,0,,8.95,16.772,5074
2025-10-16T21:45:57.959110,486.031,0.00,0.00,0.00,0.00,0.00,0.00,0.00,0,,8.95,16.753,5074
2025-10-16T21:45:59.038839,487.110,0.00,0.00,0.00,0.00,0.00,0.00,0.00,0,,8.98,16.753,5074
2025-10-16T21:45:59.040912,487.112,0.00,0.00,0.00,0.00,0.00,0.00,0.00,0,,8.98,16.753,5086
2025-10-16T21:46:00.137482,488.209,0.00,0.00,0.00,0.00,0.00,0.00,0.00,0,,8.98,16.733,5086
2025-10-16T21:46:01.227598,489.299,0.00,0.00,0.00,0.00,0.00,0.00,0.00,0,,8.95,16.733,5086
2025-10-16T21:46:01.229840,489.301,0.00,0.00,0.00,0.00,0.00,0.00,0.00,0,,8.95,16.733,5083
2025-10-16T21:46:02.225235,490.297,0.00,0.00,0.00,0.00,0.00,0.00,0.00,0,,8.95,16.713,5083
2025-10-16T21:46:03.320664,491.392,0.00,0.00,0.00,0.00,0.00,0.00,0.00,0,,8.84,16.713,5083
2025-10-16T21:46:03.322859,491.394,0.00,0.00,0.00,0.00,0.00,0.00,0.00,0,,8.84,16.713,4969
2025-10-16T21:46:04.415132,492.487,0.00,0.00,0.00,0.00,0.00,0.00,0.00,0,,8.84,16.692,4969
2025-10-16T21:46:04.417296,492.489,0.00,0.00,0.00,0.00,0.00,0.00,0.00,0,,8.84,16.692,4969
2025-10-16T21:46:05.516874,493.588,0.00,0.00,0.00,0.00,0.00,0.00,0.00,0,,8.84,16.692,508.5
2025-10-16T21:46:05.519428,493.591,0.00,0.00,0.00,0.00,0.00,0.00,0.00,0,,8.84,16.672,508.5
2025-10-16T21:46:06.613828,494.685,0.00,0.00,0.00,0.00,0.00,0.00,0.00,0,,8.91,16.672,508.5
2025-10-16T21:46:07.707599,495.779,0.00,0.00,0.00,0.00,0.00,0.00,0.00,0,,8.91,16.672,214.5
2025-10-16T21:46:07.709575,495.781,0.00,0.00,0.00,0.00,0.00,0.00,0.00,0,,8.91,16.651,214.5
2025-10-16T21:46:08.788505,496.860,0.00,0.00,0.00,0.00,0.00,0.00,0.00,0,,8.91,16.651,214.5
2025-10-16T21:46:08.790783,496.862,0.00,0.00,0.00,0.00,0.00,0.00,0.00,0,,8.91,16.651,152.0
2025-10-16T21:46:09.890840,497.962,0.00,0.00,0.00,0.00,0.00,0.00,0.00,0,,8.91,16.631,152.0
2025-10-16T21:46:10.989361,499.061,0.00,0.00,0.00,0.00,0.00,0.00,0.00,0,,9.16,16.631,152.0
2025-10-16T21:46:10.991957,499.063,0.00,0.00,0.00,0.00,0.00,0.00,0.00,0,,9.16,16.631,55.73
2025-10-16T21:46:12.085672,500.157,0.00,0.00,0.00,0.00,0.00,0.00,0.00,0,,9.16,16.612,55.73
2025-10-16T21:46:12.088058,500.160,0.00,0.00,0.00,0.00,0.00,0.00,0.00,0,,9.05,16.612,55.73
2025-10-16T21:46:13.078407,501.150,0.00,0.00,0.00,0.00,0.00,0.00,0.00,0,,9.05,16.612,49.36
2025-10-16T21:46:14.171040,502.242,0.00,0.00,0.00,0.00,0.00,0.00,0.00,0,,9.05,16.595,49.36
2025-10-16T21:46:15.270163,503.342,0.00,0.00,0.00,0.00,0.00,0.00,0.00,0,,8.97,16.595,49.36
2025-10-16T21:46:15.272376,503.344,0.00,0.00,0.00,0.00,0.00,0.00,0.00,0,,8.97,16.595,41.17
2025-10-16T21:46:16.365026,504.436,0.00,0.00,0.00,0.00,0.00,0.00,0.00,0,,8.97,16.581,41.17
2025-10-16T21:46:16.367282,504.439,0.00,0.00,0.00,0.00,0.00,0.00,0.00,0,,8.97,16.581,41.17
2025-10-16T21:46:17.479377,505.551,0.00,0.00,0.00,0.00,0.00,0.00,0.00,0,,8.97,16.581,38.93
2025-10-16T21:46:17.481844,505.553,0.00,0.00,0.00,0.00,0.00,0.00,0.00,0,,8.97,16.569,38.93
2025-10-16T21:46:18.577448,506.649,0.00,0.00,0.00,0.00,0.00,0.00,0.00,0,,8.96,16.569,38.93
2025-10-16T21:46:19.673251,507.745,0.00,0.00,0.00,0.00,0.00,0.00,0.00,0,,8.96,16.569,35.96
2025-10-16T21:46:19.675466,507.747,0.00,0.00,0.00,0.00,0.00,0.00,0.00,0,,8.96,16.559,35.96
2025-10-16T21:46:20.756968,508.828,0.00,0.00,0.00,0.00,0.00,0.00,0.00,0,,8.94,16.559,35.96
2025-10-16T21:46:20.759178,508.831,0.00,0.00,0.00,0.00,0.00,0.00,0.00,0,,8.94,16.559,34.29
2025-10-16T21:46:21.776191,509.848,0.00,0.00,0.00,0.00,0.00,0.00,0.00,0,,8.94,16.55,34.29
2025-10-16T21:46:22.865849,510.937,0.00,0.00,0.00,0.00,0.00,0.00,0.00,0,,8.93,16.55,34.29
2025-10-16T21:46:22.867929,510.939,0.00,0.00,0.00,0.00,0.00,0.00,0.00,0,,8.93,16.55,32.99
2025-10-16T21:46:23.971649,512.043,0.00,0.00,0.00,0.00,0.00,0.00,0.00,0,,8.93,16.541,32.99
2025-10-16T21:46:23.973875,512.045,0.00,0.00,0.00,0.00,0.00,0.00,0.00,0,,8.92,16.541,32.99
2025-10-16T21:46:25.054186,513.126,0.00,0.00,0.00,0.00,0.00,0.00,0.00,0,,8.92,16.541,31.14
2025-10-16T21:46:26.159781,514.231,0.00,0.00,0.00,0.00,0.00,0.00,0.00,0,,8.92,16.532,31.14
2025-10-16T21:46:26.162043,514.233,0.00,0.00,0.00,0.00,0.00,0.00,0.00,0,,8.9,16.532,31.14
2025-10-16T21:46:27.248839,515.320,0.00,0.00,0.00,0.00,0.00,0.00,0.00,0,,8.9,16.532,30.03
2025-10-16T21:46:27.251361,515.323,0.00,0.00,0.00,0.00,0.00,0.00,0.00,0,,8.9,16.522,30.03
2025-10-16T21:46:28.341870,516.413,0.00,0.00,0.00,0.00,0.00,0.00,0.00,0,,8.9,16.522,30.03
2025-10-16T21:46:29.348834,517.420,0.00,0.00,0.00,0.00,0.00,0.00,0.00,0,,8.9,16.522,29.28
2025-10-16T21:46:29.351199,517.423,0.00,0.00,0.00,0.00,0.00,0.00,0.00,0,,8.9,16.511,29.28
2025-10-16T21:46:30.338788,518.410,0.00,0.00,0.00,0.00,0.00,0.00,0.00,0,,8.9,16.511,29.28
2025-10-16T21:46:31.327694,519.399,0.00,0.00,0.00,0.00,0.00,0.00,0.00,0,,8.9,16.511,28.37
2025-10-16T21:46:31.329994,519.401,0.00,0.00,0.00,0.00,0.00,0.00,0.00,0,,8.9,16.499,28.37
2025-10-16T21:46:32.422897,520.494,0.00,0.00,0.00,0.00,0.00,0.00,0.00,0,,8.89,16.499,28.37
2025-10-16T21:46:33.536232,521.608,0.00,0.00,0.00,0.00,0.00,0.00,0.00,0,,8.89,16.499,27.07
2025-10-16T21:46:33.538510,521.610,0.00,0.00,0.00,0.00,0.00,0.00,0.00,0,,8.89,16.486,27.07
2025-10-16T21:46:34.618960,522.690,0.00,0.00,0.00,0.00,0.00,0.00,0.00,0,,8.88,16.486,27.07
2025-10-16T21:46:34.620939,522.692,0.00,0.00,0.00,0.00,0.00,0.00,0.00,0,,8.88,16.486,26.33
2025-10-16T21:46:35.717113,523.789,0.00,0.00,0.00,0.00,0.00,0.00,0.00,0,,8.88,16.473,26.33
2025-10-16T21:46:36.807730,524.879,0.00,0.00,0.00,0.00,0.00,0.00,0.00,0,,8.88,16.473,26.33
2025-10-16T21:46:36.809948,524.881,0.00,0.00,0.00,0.00,0.00,0.00,0.00,0,,8.88,16.473,25.59
2025-10-16T21:46:37.898067,525.970,0.00,0.00,0.00,0.00,0.00,0.00,0.00,0,,8.88,16.46,25.59
2025-10-16T21:46:37.900200,525.972,0.00,0.00,0.00,0.00,0.00,0.00,0.00,0,,8.87,16.46,25.59
2025-10-16T21:46:38.995366,527.067,0.00,0.00,0.00,0.00,0.00,0.00,0.00,0,,8.87,16.46,24.66
2025-10-16T21:46:40.093209,528.165,0.00,0.00,0.00,0.00,0.00,0.00,0.00,0,,8.87,16.446,24.66
2025-10-16T21:46:40.095447,528.167,0.00,0.00,0.00,0.00,0.00,0.00,0.00,0,,8.87,16.446,24.66
2025-10-16T21:46:41.191397,529.263,0.00,0.00,0.00,0.00,0.00,0.00,0.00,0,,8.87,16.446,23.01
2025-10-16T21:46:41.193816,529.265,0.00,0.00,0.00,0.00,0.00,0.00,0.00,0,,8.87,16.433,23.01
2025-10-16T21:46:42.381788,530.453,0.00,0.00,0.00,0.00,0.00,0.00,0.00,0,,8.87,16.433,23.01
2025-10-16T21:46:43.477295,531.549,0.00,0.00,0.00,0.00,0.00,0.00,0.00,0,,8.87,16.433,22.08
2025-10-16T21:46:43.479506,531.551,0.00,0.00,0.00,0.00,0.00,0.00,0.00,0,,8.87,16.42,22.08
2025-10-16T21:46:44.576675,532.648,0.00,0.00,0.00,0.00,0.00,0.00,0.00,0,,8.86,16.42,22.08
2025-10-16T21:46:44.579472,532.651,0.00,0.00,0.00,0.00,0.00,0.00,0.00,0,,8.86,16.42,21.16
2025-10-16T21:46:45.673304,533.745,0.00,0.00,0.00,0.00,0.00,0.00,0.00,0,,8.86,16.408,21.16
2025-10-16T21:46:46.756718,534.828,0.00,0.00,0.00,0.00,0.00,0.00,0.00,0,,8.85,16.408,21.16
2025-10-16T21:46:46.758665,534.830,0.00,0.00,0.00,0.00,0.00,0.00,0.00,0,,8.85,16.408,18.21
2025-10-16T21:46:47.868700,535.940,0.00,0.00,0.00,0.00,0.00,0.00,0.00,0,,8.85,16.396,18.21
2025-10-16T21:46:47.871033,535.942,0.00,0.00,0.00,0.00,0.00,0.00,0.00,0,,8.86,16.396,18.21
2025-10-16T21:46:48.966876,537.038,0.00,0.00,0.00,0.00,0.00,0.00,0.00,0,,8.86,16.396,15.27
2025-10-16T21:46:50.064962,538.136,0.00,0.00,0.00,0.00,0.00,0.00,0.00,0,,8.86,16.385,15.27
2025-10-16T21:46:50.067286,538.139,0.00,0.00,0.00,0.00,0.00,0.00,0.00,0,,8.82,16.385,15.27
2025-10-16T21:46:51.062587,539.134,0.00,0.00,0.00,0.00,0.00,0.00,0.00,0,,8.82,16.385,12.32
2025-10-16T21:46:51.065442,539.137,0.00,0.00,0.00,0.00,0.00,0.00,0.00,0,,8.82,16.375,12.32
2025-10-16T21:46:52.177608,540.249,0.00,0.00,0.00,0.00,0.00,0.00,0.00,0,,8.79,16.375,12.32
2025-10-16T21:46:53.169879,541.241,0.00,0.00,0.00,0.00,0.00,0.00,0.00,0,,8.79,16.375,3.51
2025-10-16T21:46:53.172000,541.243,0.00,0.00,0.00,0.00,0.00,0.00,0.00,0,,8.79,16.366,3.51
2025-10-16T21:46:54.267449,542.339,0.00,0.00,0.00,0.00,0.00,0.00,0.00,0,,8.76,16.366,3.51
2025-10-16T21:46:55.382490,543.454,0.00,0.00,0.00,0.00,0.00,0.00,0.00,0,,8.76,16.366,4.61
2025-10-16T21:46:55.384995,543.456,0.00,0.00,0.00,0.00,0.00,0.00,0.00,0,,8.76,16.357,4.61
2025-10-16T21:46:56.368304,544.440,0.00,0.00,0.00,0.00,0.00,0.00,0.00,0,,8.77,16.357,4.61
2025-10-16T21:46:57.356799,545.428,0.00,0.00,0.00,0.00,0.00,0.00,0.00,0,,8.77,16.357,18.94
2025-10-16T21:46:57.358817,545.430,0.00,0.00,0.00,0.00,0.00,0.00,0.00,0,,8.77,16.348,18.94
2025-10-16T21:46:58.453554,546.525,0.00,0.00,0.00,0.00,0.00,0.00,0.00,0,,8.75,16.348,18.94
2025-10-16T21:46:58.455610,546.527,0.00,0.00,0.00,0.00,0.00,0.00,0.00,0,,8.75,16.348,9.93
2025-10-16T21:46:59.551877,547.623,0.00,0.00,0.00,0.00,0.00,0.00,0.00,0,,8.75,16.34,9.93
2025-10-16T21:47:00.663795,548.735,0.00,0.00,0.00,0.00,0.00,0.00,0.00,0,,8.77,16.34,9.93
2025-10-16T21:47:00.665799,548.737,0.00,0.00,0.00,0.00,0.00,0.00,0.00,0,,8.77,16.34,15.45
2025-10-16T21:47:01.784215,549.856,0.00,0.00,0.00,0.00,0.00,0.00,0.00,0,,8.77,16.333,15.45
2025-10-16T21:47:02.877645,550.949,0.00,0.00,0.00,0.00,0.00,0.00,0.00,0,,8.77,16.333,15.45
2025-10-16T21:47:02.879656,550.951,0.00,0.00,0.00,0.00,0.00,0.00,0.00,0,,8.77,16.333,14.34
2025-10-16T21:47:03.974680,552.046,0.00,0.00,0.00,0.00,0.00,0.00,0.00,0,,8.77,16.328,14.34
2025-10-16T21:47:03.976939,552.048,0.00,0.00,0.00,0.00,0.00,0.00,0.00,0,,8.78,16.328,14.34
2025-10-16T21:47:05.076635,553.148,0.00,0.00,0.00,0.00,0.00,0.00,0.00,0,,8.78,16.328,11.95
2025-10-16T21:47:05.078748,553.150,0.00,0.00,0.00,0.00,0.00,0.00,0.00,0,,8.78,16.323,11.95
2025-10-16T21:47:06.193706,554.265,0.00,0.00,0.00,0.00,0.00,0.00,0.00,0,,8.77,16.323,11.95
2025-10-16T21:47:07.196089,555.268,0.00,0.00,0.00,0.00,0.00,0.00,0.00,0,,8.77,16.323,104.7
2025-10-16T21:47:07.198751,555.270,0.00,0.00,0.00,0.00,0.00,0.00,0.00,0,,8.77,16.319,104.7
2025-10-16T21:47:08.288580,556.360,0.00,0.00,0.00,0.00,0.00,0.00,0.00,0,,8.73,16.319,104.7
2025-10-16T21:47:09.399515,557.471,0.00,0.00,0.00,0.00,0.00,0.00,0.00,0,,8.73,16.319,86.23
2025-10-16T21:47:09.401726,557.473,0.00,0.00,0.00,0.00,0.00,0.00,0.00,0,,8.73,16.314,86.23
2025-10-16T21:47:10.497080,558.569,0.00,0.00,0.00,0.00,0.00,0.00,0.00,0,,8.74,16.314,86.23
2025-10-16T21:47:10.499290,558.571,0.00,0.00,0.00,0.00,0.00,0.00,0.00,0,,8.74,16.314,125.9
2025-10-16T21:47:11.588801,559.660,0.00,0.00,0.00,0.00,0.00,0.00,0.00,0,,8.74,16.311,125.9
2025-10-16T21:47:12.372137,560.444,0.00,0.00,0.00,0.00,0.00,0.00,0.00,0,,8.75,16.311,125.9
2025-10-16T21:47:12.374440,560.446,0.00,0.00,0.00,0.00,0.00,0.00,0.00,0,,8.75,16.311,131.5
2025-10-16T21:47:13.492941,561.564,0.00,0.00,0.00,0.00,0.00,0.00,0.00,0,,8.75,16.307,131.5
2025-10-16T21:47:14.586152,562.658,0.00,0.00,0.00,0.00,0.00,0.00,0.00,0,,8.75,16.307,131.5
2025-10-16T21:47:14.588212,562.660,0.00,0.00,0.00,0.00,0.00,0.00,0.00,0,,8.75,16.307,133.4
2025-10-16T21:47:15.577162,563.649,0.00,0.00,0.00,0.00,0.00,0.00,0.00,0,,8.75,16.304,133.4
2025-10-16T21:47:16.666694,564.738,0.00,0.00,0.00,0.00,0.00,0.00,0.00,0,,8.75,16.304,133.4
2025-10-16T21:47:16.669491,564.741,0.00,0.00,0.00,0.00,0.00,0.00,0.00,0,,8.75,16.304,135.5
2025-10-16T21:47:17.763287,565.835,0.00,0.00,0.00,0.00,0.00,0.00,0.00,0,,8.75,16.301,135.5
2025-10-16T21:47:17.765937,565.837,0.00,0.00,0.00,0.00,0.00,0.00,0.00,0,,8.75,16.301,135.5
2025-10-16T21:47:18.854278,566.926,0.00,0.00,0.00,0.00,0.00,0.00,0.00,0,,8.75,16.301,139.2
2025-10-16T21:47:18.856635,566.928,0.00,0.00,0.00,0.00,0.00,0.00,0.00,0,,8.75,16.299,139.2
2025-10-16T21:47:19.957593,568.029,0.00,0.00,0.00,0.00,0.00,0.00,0.00,0,,8.75,16.299,139.2
2025-10-16T21:47:21.049533,569.121,0.00,0.00,0.00,0.00,0.00,0.00,0.00,0,,8.75,16.299,137.5
2025-10-16T21:47:21.051854,569.123,0.00,0.00,0.00,0.00,0.00,0.00,0.00,0,,8.75,16.297,137.5
2025-10-16T21:47:22.171345,570.243,0.00,0.00,0.00,0.00,0.00,0.00,0.00,0,,8.75,16.297,137.5
2025-10-16T21:47:22.174002,570.245,0.00,0.00,0.00,0.00,0.00,0.00,0.00,0,,8.75,16.297,138.8
2025-10-16T21:47:23.256092,571.328,0.00,0.00,0.00,0.00,0.00,0.00,0.00,0,,8.75,16.294,138.8
2025-10-16T21:47:24.365799,572.437,0.00,0.00,0.00,0.00,0.00,0.00,0.00,0,,8.74,16.294,138.8
2025-10-16T21:47:24.367891,572.439,0.00,0.00,0.00,0.00,0.00,0.00,0.00,0,,8.74,16.294,136.5
2025-10-16T21:47:25.465286,573.537,0.00,0.00,0.00,0.00,0.00,0.00,0.00,0,,8.74,16.291,136.5
2025-10-16T21:47:26.572663,574.644,0.00,0.00,0.00,0.00,0.00,0.00,0.00,0,,8.74,16.291,136.5
2025-10-16T21:47:26.574904,574.646,0.00,0.00,0.00,0.00,0.00,0.00,0.00,0,,8.74,16.291,177.2
2025-10-16T21:47:27.665701,575.737,0.00,0.00,0.00,0.00,0.00,0.00,0.00,0,,8.74,16.289,177.2
2025-10-16T21:47:27.667873,575.739,0.00,0.00,0.00,0.00,0.00,0.00,0.00,0,,8.75,16.289,177.2
2025-10-16T21:47:28.767926,576.839,0.00,0.00,0.00,0.00,0.00,0.00,0.00,0,,8.75,16.289,183.9
2025-10-16T21:47:28.769956,576.841,0.00,0.00,0.00,0.00,0.00,0.00,0.00,0,,8.75,16.286,183.9
2025-10-16T21:47:29.861794,577.933,0.00,0.00,0.00,0.00,0.00,0.00,0.00,0,,8.74,16.286,183.9
2025-10-16T21:47:30.973892,579.045,0.00,0.00,0.00,0.00,0.00,0.00,0.00,0,,8.74,16.286,177.3
2025-10-16T21:47:30.976393,579.048,0.00,0.00,0.00,0.00,0.00,0.00,0.00,0,,8.74,16.283,177.3
2025-10-16T21:47:32.053742,580.125,0.00,0.00,0.00,0.00,0.00,0.00,0.00,0,,8.75,16.283,177.3
2025-10-16T21:47:33.265033,581.336,0.00,0.00,0.00,0.00,0.00,0.00,0.00,0,,8.75,16.283,197.8
2025-10-16T21:47:33.267372,581.339,0.00,0.00,0.00,0.00,0.00,0.00,0.00,0,,8.75,16.28,197.8
2025-10-16T21:47:34.360054,582.432,0.00,0.00,0.00,0.00,0.00,0.00,0.00,0,,8.75,16.28,197.8
2025-10-16T21:47:34.362892,582.434,0.00,0.00,0.00,0.00,0.00,0.00,0.00,0,,8.75,16.28,176.4
2025-10-16T21:47:35.462383,583.534,0.00,0.00,0.00,0.00,0.00,0.00,0.00,0,,8.75,16.275,176.4
2025-10-16T21:47:36.560854,584.632,0.00,0.00,0.00,0.00,0.00,0.00,0.00,0,,8.74,16.275,176.4
2025-10-16T21:47:36.563335,584.635,0.00,0.00,0.00,0.00,0.00,0.00,0.00,0,,8.74,16.275,179.8
2025-10-16T21:47:37.657843,585.729,0.00,0.00,0.00,0.00,0.00,0.00,0.00,0,,8.74,16.27,179.8
2025-10-16T21:47:37.660246,585.732,0.00,0.00,0.00,0.00,0.00,0.00,0.00,0,,8.74,16.27,179.8
2025-10-16T21:47:38.756042,586.828,0.00,0.00,0.00,0.00,0.00,0.00,0.00,0,,8.74,16.27,173.1
2025-10-16T21:47:38.758666,586.830,0.00,0.00,0.00,0.00,0.00,0.00,0.00,0,,8.74,16.265,173.1
2025-10-16T21:47:39.863133,587.935,0.00,0.00,0.00,0.00,0.00,0.00,0.00,0,,8.74,16.265,173.1
2025-10-16T21:47:40.973174,589.045,0.00,0.00,0.00,0.00,0.00,0.00,0.00,0,,8.74,16.265,165.9
2025-10-16T21:47:40.975451,589.047,0.00,0.00,0.00,0.00,0.00,0.00,0.00,0,,8.74,16.26,165.9
2025-10-16T21:47:42.083632,590.155,0.00,0.00,0.00,0.00,0.00,0.00,0.00,0,,8.73,16.26,165.9
2025-10-16T21:47:42.085698,590.157,0.00,0.00,0.00,0.00,0.00,0.00,0.00,0,,8.73,16.26,155.7
2025-10-16T21:47:43.206938,591.278,0.00,0.00,0.00,0.00,0.00,0.00,0.00,0,,8.73,16.256,155.7
2025-10-16T21:47:44.296834,592.368,0.00,0.00,0.00,0.00,0.00,0.00,0.00,0,,8.75,16.256,155.7
2025-10-16T21:47:44.299083,592.371,0.00,0.00,0.00,0.00,0.00,0.00,0.00,0,,8.75,16.256,149.7
2025-10-16T21:47:45.402514,593.474,0.00,0.00,0.00,0.00,0.00,0.00,0.00,0,,8.75,16.253,149.7
2025-10-16T21:47:45.404489,593.476,0.00,0.00,0.00,0.00,0.00,0.00,0.00,0,,8.74,16.253,149.7
2025-10-16T21:47:46.412348,594.484,0.00,0.00,0.00,0.00,0.00,0.00,0.00,0,,8.74,16.253,151.0
2025-10-16T21:47:47.497691,595.569,0.00,0.00,0.00,0.00,0.00,0.00,0.00,0,,8.74,16.25,151.0
2025-10-16T21:47:47.499601,595.571,0.00,0.00,0.00,0.00,0.00,0.00,0.00,0,,8.74,16.25,151.0
2025-10-16T21:47:48.600734,596.672,0.00,0.00,0.00,0.00,0.00,0.00,0.00,0,,8.74,16.25,151.2
2025-10-16T21:47:48.602998,596.674,0.00,0.00,0.00,0.00,0.00,0.00,0.00,0,,8.74,16.248,151.2
2025-10-16T21:47:49.696913,597.768,0.00,0.00,0.00,0.00,0.00,0.00,0.00,0,,8.74,16.248,151.2
2025-10-16T21:47:50.824461,598.896,0.00,0.00,0.00,0.00,0.00,0.00,0.00,0,,8.74,16.248,150.0
2025-10-16T21:47:50.826682,598.898,0.00,0.00,0.00,0.00,0.00,0.00,0.00,0,,8.74,16.246,150.0
2025-10-16T21:47:51.910854,599.982,0.00,0.00,0.00,0.00,0.00,0.00,0.00,0,,8.74,16.246,150.0
2025-10-16T21:47:51.913137,599.985,0.00,0.00,0.00,0.00,0.00,0.00,0.00,0,,8.74,16.246,117.0
2025-10-16T21:47:53.133550,601.205,0.00,0.00,0.00,0.00,0.00,0.00,0.00,0,,8.74,16.244,117.0
2025-10-16T21:47:54.230335,602.302,0.00,0.00,0.00,0.00,0.00,0.00,0.00,0,,8.74,16.244,117.0
2025-10-16T21:47:54.232925,602.304,0.00,0.00,0.00,0.00,0.00,0.00,0.00,0,,8.74,16.244,137.9
2025-10-16T21:47:55.333664,603.405,0.00,0.00,0.00,0.00,0.00,0.00,0.00,0,,8.74,16.241,137.9
2025-10-16T21:47:55.335921,603.407,0.00,0.00,0.00,0.00,0.00,0.00,0.00,0,,8.73,16.241,137.9
2025-10-16T21:47:56.427059,604.499,0.00,0.00,0.00,0.00,0.00,0.00,0.00,0,,8.73,16.241,140.0
2025-10-16T21:47:57.615706,605.687,0.00,0.00,0.00,0.00,0.00,0.00,0.00,0,,8.73,16.239,140.0
2025-10-16T21:47:57.618040,605.690,0.00,0.00,0.00,0.00,0.00,0.00,0.00,0,,8.73,16.239,140.0
2025-10-16T21:47:58.724519,606.796,0.00,0.00,0.00,0.00,0.00,0.00,0.00,0,,8.73,16.239,139.4
2025-10-16T21:47:58.726753,606.798,0.00,0.00,0.00,0.00,0.00,0.00,0.00,0,,8.73,16.237,139.4
2025-10-16T21:47:59.844130,607.916,0.00,0.00,0.00,0.00,0.00,0.00,0.00,0,,8.73,16.237,139.4
2025-10-16T21:48:00.960111,609.032,0.00,0.00,0.00,0.00,0.00,0.00,0.00,0,,8.73,16.237,142.1
2025-10-16T21:48:00.962650,609.034,0.00,0.00,0.00,0.00,0.00,0.00,0.00,0,,8.73,16.234,142.1
2025-10-16T21:48:01.953104,610.025,0.00,0.00,0.00,0.00,0.00,0.00,0.00,0,,8.73,16.234,142.1
2025-10-16T21:48:01.955378,610.027,0.00,0.00,0.00,0.00,0.00,0.00,0.00,0,,8.73,16.234,144.4
2025-10-16T21:48:03.052301,611.124,0.00,0.00,0.00,0.00,0.00,0.00,0.00,0,,8.73,16.234,144.4
2025-10-16T21:48:04.150905,612.222,0.00,0.00,0.00,0.00,0.00,0.00,0.00,0,,8.73,16.234,144.4
2025-10-16T21:48:04.153345,612.225,0.00,0.00,0.00,0.00,0.00,0.00,0.00,0,,8.73,16.234,144.8
2025-10-16T21:48:05.257754,613.329,0.00,0.00,0.00,0.00,0.00,0.00,0.00,0,,8.73,16.233,144.8
2025-10-16T21:48:05.259843,613.331,0.00,0.00,0.00,0.00,0.00,0.00,0.00,0,,8.73,16.233,144.8
2025-10-16T21:48:06.365878,614.437,0.00,0.00,0.00,0.00,0.00,0.00,0.00,0,,8.73,16.233,150.2
2025-10-16T21:48:07.476620,615.548,0.00,0.00,0.00,0.00,0.00,0.00,0.00,0,,8.73,16.235,150.2
2025-10-16T21:48:07.478763,615.550,0.00,0.00,0.00,0.00,0.00,0.00,0.00,0,,8.73,16.235,150.2
2025-10-16T21:48:08.579123,616.651,0.00,0.00,0.00,0.00,0.00,0.00,0.00,0,,8.73,16.235,177.6
2025-10-16T21:48:08.581114,616.653,0.00,0.00,0.00,0.00,0.00,0.00,0.00,0,,8.73,16.237,177.6
2025-10-16T21:48:09.674404,617.746,0.00,0.00,0.00,0.00,0.00,0.00,0.00,0,,8.73,16.237,177.6
2025-10-16T21:48:10.774185,618.846,0.00,0.00,0.00,0.00,0.00,0.00,0.00,0,,8.73,16.237,179.6
2025-10-16T21:48:10.776202,618.848,0.00,0.00,0.00,0.00,0.00,0.00,0.00,0,,8.73,16.24,179.6
2025-10-16T21:48:11.878755,619.950,0.00,0.00,0.00,0.00,0.00,0.00,0.00,0,,8.72,16.24,179.6
2025-10-16T21:48:12.977100,621.049,0.00,0.00,0.00,0.00,0.00,0.00,0.00,0,,8.72,16.24,178.6
2025-10-16T21:48:12.979463,621.051,0.00,0.00,0.00,0.00,0.00,0.00,0.00,0,,8.72,16.243,178.6
2025-10-16T21:48:14.098560,622.170,0.00,0.00,0.00,0.00,0.00,0.00,0.00,0,,8.72,16.243,178.6
2025-10-16T21:48:14.101220,622.173,0.00,0.00,0.00,0.00,0.00,0.00,0.00,0,,8.72,16.243,178.8
2025-10-16T21:48:15.189815,623.261,0.00,0.00,0.00,0.00,0.00,0.00,0.00,0,,8.72,16.247,178.8
2025-10-16T21:48:16.287175,624.359,0.00,0.00,0.00,0.00,0.00,0.00,0.00,0,,8.72,16.247,178.8
2025-10-16T21:48:16.289148,624.361,0.00,0.00,0.00,0.00,0.00,0.00,0.00,0,,8.72,16.247,176.8
2025-10-16T21:48:17.393795,625.465,0.00,0.00,0.00,0.00,0.00,0.00,0.00,0,,8.72,16.251,176.8
2025-10-16T21:48:17.395958,625.467,0.00,0.00,0.00,0.00,0.00,0.00,0.00,0,,8.72,16.251,176.8
2025-10-16T21:48:18.490706,626.562,0.00,0.00,0.00,0.00,0.00,0.00,0.00,0,,8.72,16.251,176.4
2025-10-16T21:48:18.492656,626.564,0.00,0.00,0.00,0.00,0.00,0.00,0.00,0,,8.72,16.256,176.4
2025-10-16T21:48:19.603212,627.675,0.00,0.00,0.00,0.00,0.00,0.00,0.00,0,,8.72,16.256,176.4
2025-10-16T21:48:20.728762,628.800,0.00,0.00,0.00,0.00,0.00,0.00,0.00,0,,8.72,16.256,177.0
2025-10-16T21:48:20.730978,628.802,0.00,0.00,0.00,0.00,0.00,0.00,0.00,0,,8.72,16.26,177.0
2025-10-16T21:48:21.836964,629.908,0.00,0.00,0.00,0.00,0.00,0.00,0.00,0,,8.73,16.26,177.0
2025-10-16T21:48:21.839239,629.911,0.00,0.00,0.00,0.00,0.00,0.00,0.00,0,,8.73,16.26,181.0
2025-10-16T21:48:22.927919,630.999,0.00,0.00,0.00,0.00,0.00,0.00,0.00,0,,8.73,16.266,181.0
2025-10-16T21:48:24.038427,632.110,0.00,0.00,0.00,0.00,0.00,0.00,0.00,0,,8.72,16.266,181.0
2025-10-16T21:48:24.040431,632.112,0.00,0.00,0.00,0.00,0.00,0.00,0.00,0,,8.72,16.266,181.0
2025-10-16T21:48:25.058668,633.130,0.00,0.00,0.00,0.00,0.00,0.00,0.00,0,,8.72,16.271,181.0
2025-10-16T21:48:25.060893,633.132,0.00,0.00,0.00,0.00,0.00,0.00,0.00,0,,8.71,16.271,181.0
2025-10-16T21:48:26.174397,634.246,0.00,0.00,0.00,0.00,0.00,0.00,0.00,0,,8.71,16.271,181.2
2025-10-16T21:48:27.264426,635.336,0.00,0.00,0.00,0.00,0.00,0.00,0.00,0,,8.71,16.274,181.2
2025-10-16T21:48:27.266719,635.338,0.00,0.00,0.00,0.00,0.00,0.00,0.00,0,,8.71,16.274,181.2
2025-10-16T21:48:28.391371,636.463,0.00,0.00,0.00,0.00,0.00,0.00,0.00,0,,8.71,16.274,182.8
2025-10-16T21:48:28.393653,636.465,0.00,0.00,0.00,0.00,0.00,0.00,0.00,0,,8.71,16.277,182.8
2025-10-16T21:48:29.496781,637.568,0.00,0.00,0.00,0.00,0.00,0.00,0.00,0,,8.72,16.277,182.8
2025-10-16T21:48:30.596411,638.668,0.00,0.00,0.00,0.00,0.00,0.00,0.00,0,,8.72,16.277,182.8
2025-10-16T21:48:30.598752,638.670,0.00,0.00,0.00,0.00,0.00,0.00,0.00,0,,8.72,16.278,182.8
2025-10-16T21:48:31.693607,639.765,0.00,0.00,0.00,0.00,0.00,0.00,0.00,0,,8.71,16.278,182.8
2025-10-16T21:48:31.695596,639.767,0.00,0.00,0.00,0.00,0.00,0.00,0.00,0,,8.71,16.278,185.1
2025-10-16T21:48:32.700842,640.772,0.00,0.00,0.00,0.00,0.00,0.00,0.00,0,,8.71,16.278,185.1
2025-10-16T21:48:33.723857,641.795,0.00,0.00,0.00,0.00,0.00,0.00,0.00,0,,8.69,16.278,185.1
2025-10-16T21:48:33.726097,641.798,0.00,0.00,0.00,0.00,0.00,0.00,0.00,0,,8.69,16.278,185.7
2025-10-16T21:48:34.808012,642.879,0.00,0.00,0.00,0.00,0.00,0.00,0.00,0,,8.69,16.276,185.7
2025-10-16T21:48:35.921318,643.993,0.00,0.00,0.00,0.00,0.00,0.00,0.00,0,,8.7,16.276,185.7
2025-10-16T21:48:35.923469,643.995,0.00,0.00,0.00,0.00,0.00,0.00,0.00,0,,8.7,16.276,186.2
2025-10-16T21:48:37.007801,645.079,0.00,0.00,0.00,0.00,0.00,0.00,0.00,0,,8.7,16.274,186.2
2025-10-16T21:48:37.010259,645.082,0.00,0.00,0.00,0.00,0.00,0.00,0.00,0,,8.68,16.274,186.2
2025-10-16T21:48:38.124382,646.196,0.00,0.00,0.00,0.00,0.00,0.00,0.00,0,,8.68,16.274,208.3
2025-10-16T21:48:39.222805,647.294,0.00,0.00,0.00,0.00,0.00,0.00,0.00,0,,8.68,16.272,208.3
2025-10-16T21:48:39.224876,647.296,0.00,0.00,0.00,0.00,0.00,0.00,0.00,0,,8.69,16.272,208.3
2025-10-16T21:48:40.303713,648.375,0.00,0.00,0.00,0.00,0.00,0.00,0.00,0,,8.69,16.272,209.0
2025-10-16T21:48:41.299397,649.371,0.00,0.00,0.00,0.00,0.00,0.00,0.00,0,,8.69,16.271,209.0
2025-10-16T21:48:41.301841,649.373,0.00,0.00,0.00,0.00,0.00,0.00,0.00,0,,8.68,16.271,209.0
2025-10-16T21:48:42.382121,650.454,0.00,0.00,0.00,0.00,0.00,0.00,0.00,0,,8.68,16.271,208.4
2025-10-16T21:48:42.384444,650.456,0.00,0.00,0.00,0.00,0.00,0.00,0.00,0,,8.68,16.27,208.4
2025-10-16T21:48:43.497272,651.569,0.00,0.00,0.00,0.00,0.00,0.00,0.00,0,,8.7,16.27,208.4
2025-10-16T21:48:44.483138,652.555,0.00,0.00,0.00,0.00,0.00,0.00,0.00,0,,8.7,16.27,207.8
2025-10-16T21:48:44.485699,652.557,0.00,0.00,0.00,0.00,0.00,0.00,0.00,0,,8.7,16.269,207.8
2025-10-16T21:48:45.599467,653.671,0.00,0.00,0.00,0.00,0.00,0.00,0.00,0,,8.7,16.269,207.8
2025-10-16T21:48:46.683474,654.755,0.00,0.00,0.00,0.00,0.00,0.00,0.00,0,,8.7,16.269,207.6
2025-10-16T21:48:46.685539,654.757,0.00,0.00,0.00,0.00,0.00,0.00,0.00,0,,8.7,16.269,207.6
2025-10-16T21:48:47.795876,655.867,0.00,0.00,0.00,0.00,0.00,0.00,0.00,0,,8.7,16.269,207.6
2025-10-16T21:48:47.798351,655.870,0.00,0.00,0.00,0.00,0.00,0.00,0.00,0,,8.7,16.269,208.4
2025-10-16T21:48:48.807307,656.879,0.00,0.00,0.00,0.00,0.00,0.00,0.00,0,,8.7,16.27,208.4
2025-10-16T21:48:49.881072,657.953,0.00,0.00,0.00,0.00,0.00,0.00,0.00,0,,8.7,16.27,208.4
2025-10-16T21:48:49.883381,657.955,0.00,0.00,0.00,0.00,0.00,0.00,0.00,0,,8.7,16.27,209.0
2025-10-16T21:48:50.978547,659.050,0.00,0.00,0.00,0.00,0.00,0.00,0.00,0,,8.7,16.27,209.0
2025-10-16T21:48:50.980888,659.052,0.00,0.00,0.00,0.00,0.00,0.00,0.00,0,,8.7,16.27,209.0
2025-10-16T21:48:52.084973,660.156,0.00,0.00,0.00,0.00,0.00,0.00,0.00,0,,8.7,16.27,210.3
2025-10-16T21:48:52.087400,660.159,0.00,0.00,0.00,0.00,0.00,0.00,0.00,0,,8.7,16.27,210.3
2025-10-16T21:48:53.182333,661.254,0.00,0.00,0.00,0.00,0.00,0.00,0.00,0,,8.7,16.27,210.3
2025-10-16T21:48:54.184115,662.256,0.00,0.00,0.00,0.00,0.00,0.00,0.00,0,,8.7,16.27,209.6
2025-10-16T21:48:54.186424,662.258,0.00,0.00,0.00,0.00,0.00,0.00,0.00,0,,8.7,16.27,209.6
2025-10-16T21:48:55.283580,663.355,0.00,0.00,0.00,0.00,0.00,0.00,0.00,0,,8.71,16.27,209.6
2025-10-16T21:48:56.380438,664.452,0.00,0.00,0.00,0.00,0.00,0.00,0.00,0,,8.71,16.27,211.4
2025-10-16T21:48:56.382794,664.454,0.00,0.00,0.00,0.00,0.00,0.00,0.00,0,,8.71,16.269,211.4
2025-10-16T21:48:57.471630,665.543,0.00,0.00,0.00,0.00,0.00,0.00,0.00,0,,8.7,16.269,211.4
2025-10-16T21:48:58.578729,666.650,0.00,0.00,0.00,0.00,0.00,0.00,0.00,0,,8.7,16.269,211.1
2025-10-16T21:48:58.581128,666.653,0.00,0.00,0.00,0.00,0.00,0.00,0.00,0,,8.7,16.268,211.1
2025-10-16T21:48:59.692493,667.764,0.00,0.00,0.00,0.00,0.00,0.00,0.00,0,,8.7,16.268,211.1
2025-10-16T21:48:59.694876,667.766,0.00,0.00,0.00,0.00,0.00,0.00,0.00,0,,8.7,16.268,210.8
2025-10-16T21:49:00.797431,668.869,0.00,0.00,0.00,0.00,0.00,0.00,0.00,0,,8.7,16.268,210.8
2025-10-16T21:49:01.895143,669.967,0.00,0.00,0.00,0.00,0.00,0.00,0.00,0,,8.7,16.268,210.8
2025-10-16T21:49:01.897342,669.969,0.00,0.00,0.00,0.00,0.00,0.00,0.00,0,,8.7,16.268,211.1
2025-10-16T21:49:02.978308,671.050,0.00,0.00,0.00,0.00,0.00,0.00,0.00,0,,8.7,16.268,211.1
2025-10-16T21:49:02.980762,671.052,0.00,0.00,0.00,0.00,0.00,0.00,0.00,0,,8.69,16.268,211.1
2025-10-16T21:49:04.085363,672.157,0.00,0.00,0.00,0.00,0.00,0.00,0.00,0,,8.69,16.268,210.9
2025-10-16T21:49:05.201285,673.273,0.00,0.00,0.00,0.00,0.00,0.00,0.00,0,,8.69,16.268,210.9
2025-10-16T21:49:05.203746,673.275,0.00,0.00,0.00,0.00,0.00,0.00,0.00,0,,8.69,16.268,210.9
2025-10-16T21:49:06.287860,674.359,0.00,0.00,0.00,0.00,0.00,0.00,0.00,0,,8.69,16.268,211.0
2025-10-16T21:49:06.289889,674.361,0.00,0.00,0.00,0.00,0.00,0.00,0.00,0,,8.69,16.269,211.0
2025-10-16T21:49:07.395342,675.467,0.00,0.00,0.00,0.00,0.00,0.00,0.00,0,,8.69,16.269,211.0
2025-10-16T21:49:07.397295,675.469,0.00,0.00,0.00,0.00,0.00,0.00,0.00,0,,8.69,16.269,211.3
2025-10-16T21:49:08.500704,676.572,0.00,0.00,0.00,0.00,0.00,0.00,0.00,0,,8.69,16.269,211.3
2025-10-16T21:49:09.595592,677.667,0.00,0.00,0.00,0.00,0.00,0.00,0.00,0,,8.69,16.269,211.3
2025-10-16T21:49:09.597700,677.669,0.00,0.00,0.00,0.00,0.00,0.00,0.00,0,,8.69,16.269,210.8
2025-10-16T21:49:10.688031,678.759,0.00,0.00,0.00,0.00,0.00,0.00,0.00,0,,8.69,16.269,210.8
2025-10-16T21:49:11.786876,679.858,0.00,0.00,0.00,0.00,0.00,0.00,0.00,0,,8.69,16.269,210.8
2025-10-16T21:49:11.789882,679.861,0.00,0.00,0.00,0.00,0.00,0.00,0.00,0,,8.69,16.269,211.8
2025-10-16T21:49:12.869027,680.940,0.00,0.00,0.00,0.00,0.00,0.00,0.00,0,,8.69,16.269,211.8
2025-10-16T21:49:12.871256,680.943,0.00,0.00,0.00,0.00,0.00,0.00,0.00,0,,8.68,16.269,211.8
2025-10-16T21:49:13.962411,682.034,0.00,0.00,0.00,0.00,0.00,0.00,0.00,0,,8.68,16.269,210.6
2025-10-16T21:49:13.964669,682.036,0.00,0.00,0.00,0.00,0.00,0.00,0.00,0,,8.68,16.269,210.6
2025-10-16T21:49:15.075411,683.147,0.00,0.00,0.00,0.00,0.00,0.00,0.00,0,,8.69,16.269,210.6
2025-10-16T21:49:16.189902,684.261,0.00,0.00,0.00,0.00,0.00,0.00,0.00,0,,8.69,16.269,211.7
2025-10-16T21:49:16.192011,684.263,0.00,0.00,0.00,0.00,0.00,0.00,0.00,0,,8.69,16.268,211.7
2025-10-16T21:49:17.278667,685.350,0.00,0.00,0.00,0.00,0.00,0.00,0.00,0,,8.69,16.268,211.7
2025-10-16T21:49:18.391754,686.463,0.00,0.00,0.00,0.00,0.00,0.00,0.00,0,,8.69,16.268,212.0
2025-10-16T21:49:18.393966,686.465,0.00,0.00,0.00,0.00,0.00,0.00,0.00,0,,8.69,16.268,212.0
2025-10-16T21:49:19.489562,687.561,0.00,0.00,0.00,0.00,0.00,0.00,0.00,0,,8.68,16.268,212.0
2025-10-16T21:49:19.491629,687.563,0.00,0.00,0.00,0.00,0.00,0.00,0.00,0,,8.68,16.268,211.8
2025-10-16T21:49:20.509617,688.581,0.00,0.00,0.00,0.00,0.00,0.00,0.00,0,,8.68,16.269,211.8
2025-10-16T21:49:21.607436,689.679,0.00,0.00,0.00,0.00,0.00,0.00,0.00,0,,8.68,16.269,211.8
2025-10-16T21:49:21.609302,689.681,0.00,0.00,0.00,0.00,0.00,0.00,0.00,0,,8.68,16.269,211.8
2025-10-16T21:49:22.715293,690.787,0.00,0.00,0.00,0.00,0.00,0.00,0.00,0,,8.68,16.27,211.8
2025-10-16T21:49:23.815178,691.887,0.00,0.00,0.00,0.00,0.00,0.00,0.00,0,,8.68,16.27,211.8
2025-10-16T21:49:23.817302,691.889,0.00,0.00,0.00,0.00,0.00,0.00,0.00,0,,8.68,16.27,211.2
2025-10-16T21:49:24.929097,693.001,0.00,0.00,0.00,0.00,0.00,0.00,0.00,0,,8.68,16.272,211.2
2025-10-16T21:49:24.931067,693.003,0.00,0.00,0.00,0.00,0.00,0.00,0.00,0,,8.68,16.272,211.2
2025-10-16T21:49:26.027379,694.099,0.00,0.00,0.00,0.00,0.00,0.00,0.00,0,,8.68,16.272,211.9
2025-10-16T21:49:26.029770,694.101,0.00,0.00,0.00,0.00,0.00,0.00,0.00,0,,8.68,16.272,211.9
2025-10-16T21:49:27.013585,695.085,0.00,0.00,0.00,0.00,0.00,0.00,0.00,0,,8.66,16.272,211.9
2025-10-16T21:49:28.128330,696.200,0.00,0.00,0.00,0.00,0.00,0.00,0.00,0,,8.66,16.272,212.5
2025-10-16T21:49:28.147080,696.219,0.00,0.00,0.00,0.00,0.00,0.00,0.00,0,,8.66,16.272,212.5
2025-10-16T21:49:29.216970,697.288,0.00,0.00,0.00,0.00,0.00,0.00,0.00,0,,8.66,16.272,212.5
2025-10-16T21:49:30.312262,698.384,0.00,0.00,0.00,0.00,0.00,0.00,0.00,0,,8.66,16.272,212.4
2025-10-16T21:49:30.314464,698.386,0.00,0.00,0.00,0.00,0.00,0.00,0.00,0,,8.66,16.272,212.4
2025-10-16T21:49:31.397876,699.469,0.00,0.00,0.00,0.00,0.00,0.00,0.00,0,,8.67,16.272,212.4
2025-10-16T21:49:31.399906,699.471,0.00,0.00,0.00,0.00,0.00,0.00,0.00,0,,8.67,16.272,212.5
2025-10-16T21:49:32.496322,700.568,0.00,0.00,0.00,0.00,0.00,0.00,0.00,0,,8.67,16.273,212.5
2025-10-16T21:49:33.600997,701.672,0.00,0.00,0.00,0.00,0.00,0.00,0.00,0,,8.67,16.273,212.5
2025-10-16T21:49:33.603295,701.675,0.00,0.00,0.00,0.00,0.00,0.00,0.00,0,,8.67,16.273,212.3
2025-10-16T21:49:34.706381,702.778,0.00,0.00,0.00,0.00,0.00,0.00,0.00,0,,8.67,16.274,212.3
2025-10-16T21:49:34.708613,702.780,0.00,0.00,0.00,0.00,0.00,0.00,0.00,0,,8.67,16.274,212.3
2025-10-16T21:49:35.812794,703.884,0.00,0.00,0.00,0.00,0.00,0.00,0.00,0,,8.67,16.274,212.0
2025-10-16T21:49:36.902956,704.974,0.00,0.00,0.00,0.00,0.00,0.00,0.00,0,,8.67,16.275,212.0
2025-10-16T21:49:36.904923,704.976,0.00,0.00,0.00,0.00,0.00,0.00,0.00,0,,8.64,16.275,212.0
2025-10-16T21:49:38.009022,706.080,0.00,0.00,0.00,0.00,0.00,0.00,0.00,0,,8.64,16.275,212.2
2025-10-16T21:49:38.011157,706.083,0.00,0.00,0.00,0.00,0.00,0.00,0.00,0,,8.64,16.276,212.2
2025-10-16T21:49:39.100766,707.172,0.00,0.00,0.00,0.00,0.00,0.00,0.00,0,,8.6,16.276,212.2
2025-10-16T21:49:39.102903,707.174,0.00,0.00,0.00,0.00,0.00,0.00,0.00,0,,8.6,16.276,212.8
2025-10-16T21:49:40.219680,708.291,0.00,0.00,0.00,0.00,0.00,0.00,0.00,0,,8.6,16.276,212.8
2025-10-16T21:49:41.318951,709.390,0.00,0.00,0.00,0.00,0.00,0.00,0.00,0,,8.65,16.276,212.8
2025-10-16T21:49:41.321138,709.393,0.00,0.00,0.00,0.00,0.00,0.00,0.00,0,,8.65,16.276,212.9
2025-10-16T21:49:42.427108,710.499,0.00,0.00,0.00,0.00,0.00,0.00,0.00,0,,8.65,16.276,212.9
2025-10-16T21:49:43.529900,711.601,0.00,0.00,0.00,0.00,0.00,0.00,0.00,0,,8.66,16.276,212.9
2025-10-16T21:49:43.532623,711.604,0.00,0.00,0.00,0.00,0.00,0.00,0.00,0,,8.66,16.276,213.1
2025-10-16T21:49:44.626061,712.698,0.00,0.00,0.00,0.00,0.00,0.00,0.00,0,,8.66,16.275,213.1
2025-10-16T21:49:44.628479,712.700,0.00,0.00,0.00,0.00,0.00,0.00,0.00,0,,8.66,16.275,213.1
2025-10-16T21:49:45.712133,713.784,0.00,0.00,0.00,0.00,0.00,0.00,0.00,0,,8.66,16.275,212.7
2025-10-16T21:49:45.714873,713.786,0.00,0.00,0.00,0.00,0.00,0.00,0.00,0,,8.66,16.276,212.7
2025-10-16T21:49:46.817804,714.889,0.00,0.00,0.00,0.00,0.00,0.00,0.00,0,,8.66,16.276,212.7
2025-10-16T21:49:47.925883,715.997,0.00,0.00,0.00,0.00,0.00,0.00,0.00,0,,8.66,16.276,212.7
2025-10-16T21:49:47.928370,716.000,0.00,0.00,0.00,0.00,0.00,0.00,0.00,0,,8.66,16.276,212.7
2025-10-16T21:49:49.008365,717.080,0.00,0.00,0.00,0.00,0.00,0.00,0.00,0,,8.67,16.276,212.7
2025-10-16T21:49:50.126079,718.198,0.00,0.00,0.00,0.00,0.00,0.00,0.00,0,,8.67,16.276,213.0
2025-10-16T21:49:50.128695,718.200,0.00,0.00,0.00,0.00,0.00,0.00,0.00,0,,8.67,16.277,213.0
2025-10-16T21:49:51.212020,719.283,0.00,0.00,0.00,0.00,0.00,0.00,0.00,0,,8.7,16.277,213.0
2025-10-16T21:49:51.214352,719.286,0.00,0.00,0.00,0.00,0.00,0.00,0.00,0,,8.7,16.277,212.7
2025-10-16T21:49:52.333948,720.405,0.00,0.00,0.00,0.00,0.00,0.00,0.00,0,,8.7,16.278,212.7
2025-10-16T21:49:53.441093,721.513,0.00,0.00,0.00,0.00,0.00,0.00,0.00,0,,8.68,16.278,212.7
2025-10-16T21:49:53.443415,721.515,0.00,0.00,0.00,0.00,0.00,0.00,0.00,0,,8.68,16.278,212.0
2025-10-16T21:49:54.535719,722.607,0.00,0.00,0.00,0.00,0.00,0.00,0.00,0,,8.68,16.279,212.0
2025-10-16T21:49:54.537940,722.609,0.00,0.00,0.00,0.00,0.00,0.00,0.00,0,,8.68,16.279,212.0
2025-10-16T21:49:55.631472,723.703,0.00,0.00,0.00,0.00,0.00,0.00,0.00,0,,8.68,16.279,212.5
2025-10-16T21:49:56.743973,724.815,0.00,0.00,0.00,0.00,0.00,0.00,0.00,0,,8.68,16.282,212.5
2025-10-16T21:49:56.745972,724.817,0.00,0.00,0.00,0.00,0.00,0.00,0.00,0,,8.66,16.282,212.5
2025-10-16T21:49:57.842659,725.914,0.00,0.00,0.00,0.00,0.00,0.00,0.00,0,,8.66,16.282,213.2
2025-10-16T21:49:57.845727,725.917,0.00,0.00,0.00,0.00,0.00,0.00,0.00,0,,8.66,16.285,213.2
2025-10-16T21:49:58.941257,727.013,0.00,0.00,0.00,0.00,0.00,0.00,0.00,0,,8.67,16.285,213.2
2025-10-16T21:49:59.937277,728.009,0.00,0.00,0.00,0.00,0.00,0.00,0.00,0,,8.67,16.285,212.4
2025-10-16T21:49:59.939655,728.011,0.00,0.00,0.00,0.00,0.00,0.00,0.00,0,,8.67,16.29,212.4
2025-10-16T21:50:00.936425,729.008,0.00,0.00,0.00,0.00,0.00,0.00,0.00,0,,8.65,16.29,212.4
2025-10-16T21:50:02.046158,730.118,0.00,0.00,0.00,0.00,0.00,0.00,0.00,0,,8.65,16.29,211.8
2025-10-16T21:50:02.049229,730.121,0.00,0.00,0.00,0.00,0.00,0.00,0.00,0,,8.65,16.294,211.8
2025-10-16T21:50:03.158681,731.230,0.00,0.00,0.00,0.00,0.00,0.00,0.00,0,,8.67,16.294,211.8
2025-10-16T21:50:03.161123,731.233,0.00,0.00,0.00,0.00,0.00,0.00,0.00,0,,8.67,16.294,212.2
2025-10-16T21:50:04.245981,732.317,0.00,0.00,0.00,0.00,0.00,0.00,0.00,0,,8.67,16.296,212.2
2025-10-16T21:50:05.337063,733.409,0.00,0.00,0.00,0.00,0.00,0.00,0.00,0,,8.66,16.296,212.2
2025-10-16T21:50:05.339359,733.411,0.00,0.00,0.00,0.00,0.00,0.00,0.00,0,,8.66,16.296,212.0
2025-10-16T21:50:06.452113,734.524,0.00,0.00,0.00,0.00,0.00,0.00,0.00,0,,8.66,16.299,212.0
2025-10-16T21:50:06.454124,734.526,0.00,0.00,0.00,0.00,0.00,0.00,0.00,0,,8.64,16.299,212.0
2025-10-16T21:50:07.559421,735.631,0.00,0.00,0.00,0.00,0.00,0.00,0.00,0,,8.64,16.299,212.8
2025-10-16T21:50:08.648079,736.720,0.00,0.00,0.00,0.00,0.00,0.00,0.00,0,,8.64,16.302,212.8
2025-10-16T21:50:08.650202,736.722,0.00,0.00,0.00,0.00,0.00,0.00,0.00,0,,8.65,16.302,212.8
2025-10-16T21:50:09.745563,737.817,0.00,0.00,0.00,0.00,0.00,0.00,0.00,0,,8.65,16.302,212.6
2025-10-16T21:50:09.747561,737.819,0.00,0.00,0.00,0.00,0.00,0.00,0.00,0,,8.65,16.305,212.6
2025-10-16T21:50:10.854532,738.926,0.00,0.00,0.00,0.00,0.00,0.00,0.00,0,,8.65,16.305,212.6
2025-10-16T21:50:11.969024,740.040,0.00,0.00,0.00,0.00,0.00,0.00,0.00,0,,8.65,16.305,212.8
2025-10-16T21:50:11.971596,740.043,0.00,0.00,0.00,0.00,0.00,0.00,0.00,0,,8.65,16.308,212.8
2025-10-16T21:50:13.089086,741.161,0.00,0.00,0.00,0.00,0.00,0.00,0.00,0,,8.64,16.308,212.8
2025-10-16T21:50:13.091280,741.163,0.00,0.00,0.00,0.00,0.00,0.00,0.00,0,,8.64,16.308,214.3
2025-10-16T21:50:14.203315,742.275,0.00,0.00,0.00,0.00,0.00,0.00,0.00,0,,8.64,16.311,214.3
2025-10-16T21:50:15.310422,743.382,0.00,0.00,0.00,0.00,0.00,0.00,0.00,0,,8.64,16.311,214.3
2025-10-16T21:50:15.312971,743.384,0.00,0.00,0.00,0.00,0.00,0.00,0.00,0,,8.64,16.311,214.6
2025-10-16T21:50:16.409578,744.481,0.00,0.00,0.00,0.00,0.00,0.00,0.00,0,,8.64,16.313,214.6
2025-10-16T21:50:16.412203,744.484,0.00,0.00,0.00,0.00,0.00,0.00,0.00,0,,8.64,16.313,214.6
2025-10-16T21:50:17.514184,745.586,0.00,0.00,0.00,0.00,0.00,0.00,0.00,0,,8.64,16.313,221.1
2025-10-16T21:50:18.620685,746.692,0.00,0.00,0.00,0.00,0.00,0.00,0.00,0,,8.64,16.315,221.1
2025-10-16T21:50:18.623137,746.695,0.00,0.00,0.00,0.00,0.00,0.00,0.00,0,,8.64,16.315,221.1
2025-10-16T21:50:19.742799,747.814,0.00,0.00,0.00,0.00,0.00,0.00,0.00,0,,8.64,16.315,227.3
2025-10-16T21:50:19.745139,747.817,0.00,0.00,0.00,0.00,0.00,0.00,0.00,0,,8.64,16.316,227.3
2025-10-16T21:50:20.863583,748.935,0.00,0.00,0.00,0.00,0.00,0.00,0.00,0,,8.64,16.316,227.3
2025-10-16T21:50:20.865658,748.937,0.00,0.00,0.00,0.00,0.00,0.00,0.00,0,,8.64,16.316,229.5
2025-10-16T21:50:21.962527,750.034,0.00,0.00,0.00,0.00,0.00,0.00,0.00,0,,8.64,16.317,229.5
2025-10-16T21:50:23.061699,751.133,0.00,0.00,0.00,0.00,0.00,0.00,0.00,0,,8.64,16.317,229.5
2025-10-16T21:50:23.064347,751.136,0.00,0.00,0.00,0.00,0.00,0.00,0.00,0,,8.64,16.317,223.9
2025-10-16T21:50:24.174400,752.246,0.00,0.00,0.00,0.00,0.00,0.00,0.00,0,,8.64,16.318,223.9
2025-10-16T21:50:24.176761,752.248,0.00,0.00,0.00,0.00,0.00,0.00,0.00,0,,8.63,16.318,223.9
2025-10-16T21:50:25.270759,753.342,0.00,0.00,0.00,0.00,0.00,0.00,0.00,0,,8.63,16.318,224.7
2025-10-16T21:50:26.363904,754.435,0.00,0.00,0.00,0.00,0.00,0.00,0.00,0,,8.63,16.319,224.7
2025-10-16T21:50:26.366300,754.438,0.00,0.00,0.00,0.00,0.00,0.00,0.00,0,,8.61,16.319,224.7
2025-10-16T21:50:27.464142,755.536,0.00,0.00,0.00,0.00,0.00,0.00,0.00,0,,8.61,16.319,227.7
2025-10-16T21:50:27.466863,755.538,0.00,0.00,0.00,0.00,0.00,0.00,0.00,0,,8.61,16.32,227.7
2025-10-16T21:50:28.568836,756.640,0.00,0.00,0.00,0.00,0.00,0.00,0.00,0,,8.61,16.32,227.7
2025-10-16T21:50:29.696638,757.768,0.00,0.00,0.00,0.00,0.00,0.00,0.00,0,,8.61,16.32,226.3
2025-10-16T21:50:29.698872,757.770,0.00,0.00,0.00,0.00,0.00,0.00,0.00,0,,8.61,16.32,226.3
2025-10-16T21:50:30.828543,758.900,0.00,0.00,0.00,0.00,0.00,0.00,0.00,0,,8.61,16.32,226.3
2025-10-16T21:50:31.916978,759.988,0.00,0.00,0.00,0.00,0.00,0.00,0.00,0,,8.61,16.32,228.5
2025-10-16T21:50:31.919231,759.991,0.00,0.00,0.00,0.00,0.00,0.00,0.00,0,,8.61,16.319,228.5
2025-10-16T21:50:33.011860,761.083,0.00,0.00,0.00,0.00,0.00,0.00,0.00,0,,8.61,16.319,228.5
2025-10-16T21:50:33.013940,761.085,0.00,0.00,0.00,0.00,0.00,0.00,0.00,0,,8.61,16.319,229.3
2025-10-16T21:50:34.115147,762.187,0.00,0.00,0.00,0.00,0.00,0.00,0.00,0,,8.61,16.318,229.3
2025-10-16T21:50:35.208904,763.280,0.00,0.00,0.00,0.00,0.00,0.00,0.00,0,,8.6,16.318,229.3
2025-10-16T21:50:35.210877,763.282,0.00,0.00,0.00,0.00,0.00,0.00,0.00,0,,8.6,16.318,231.3
2025-10-16T21:50:36.302845,764.374,0.00,0.00,0.00,0.00,0.00,0.00,0.00,0,,8.6,16.317,231.3
2025-10-16T21:50:36.305190,764.377,0.00,0.00,0.00,0.00,0.00,0.00,0.00,0,,8.62,16.317,231.3
2025-10-16T21:50:37.424388,765.496,0.00,0.00,0.00,0.00,0.00,0.00,0.00,0,,8.62,16.317,232.5
2025-10-16T21:50:37.427003,765.498,0.00,0.00,0.00,0.00,0.00,0.00,0.00,0,,8.62,16.317,232.5
2025-10-16T21:50:39.493981,767.565,0.00,0.00,0.00,0.00,0.00,0.00,0.00,0,,8.6,16.317,232.5
2025-10-16T21:50:39.496019,767.567,0.00,0.00,0.00,0.00,0.00,0.00,0.00,0,,8.6,16.317,233.1
2025-10-16T21:50:39.497923,767.569,0.00,0.00,0.00,0.00,0.00,0.00,0.00,0,,8.6,16.316,233.1
2025-10-16T21:50:40.600399,768.672,0.00,0.00,0.00,0.00,0.00,0.00,0.00,0,,8.62,16.316,233.1
2025-10-16T21:50:41.707701,769.779,0.00,0.00,0.00,0.00,0.00,0.00,0.00,0,,8.62,16.316,232.9
2025-10-16T21:50:41.710017,769.781,0.00,0.00,0.00,0.00,0.00,0.00,0.00,0,,8.62,16.315,232.9
2025-10-16T21:50:42.814279,770.886,0.00,0.00,0.00,0.00,0.00,0.00,0.00,0,,8.61,16.315,232.9
2025-10-16T21:50:42.816201,770.888,0.00,0.00,0.00,0.00,0.00,0.00,0.00,0,,8.61,16.315,234.3
2025-10-16T21:50:43.919444,771.991,0.00,0.00,0.00,0.00,0.00,0.00,0.00,0,,8.61,16.315,234.3
2025-10-16T21:50:45.034242,773.106,0.00,0.00,0.00,0.00,0.00,0.00,0.00,0,,8.6,16.315,234.3
2025-10-16T21:50:45.036493,773.108,0.00,0.00,0.00,0.00,0.00,0.00,0.00,0,,8.6,16.315,231.6
2025-10-16T21:50:46.130753,774.202,0.00,0.00,0.00,0.00,0.00,0.00,0.00,0,,8.6,16.314,231.6
2025-10-16T21:50:46.133069,774.205,0.00,0.00,0.00,0.00,0.00,0.00,0.00,0,,8.59,16.314,231.6
2025-10-16T21:50:47.232208,775.304,0.00,0.00,0.00,0.00,0.00,0.00,0.00,0,,8.59,16.314,234.9
2025-10-16T21:50:48.235260,776.307,0.00,0.00,0.00,0.00,0.00,0.00,0.00,0,,8.59,16.314,234.9
2025-10-16T21:50:48.238013,776.309,0.00,0.00,0.00,0.00,0.00,0.00,0.00,0,,8.57,16.314,234.9
2025-10-16T21:50:49.337963,777.409,0.00,0.00,0.00,0.00,0.00,0.00,0.00,0,,8.57,16.314,234.7
2025-10-16T21:50:49.340346,777.412,0.00,0.00,0.00,0.00,0.00,0.00,0.00,0,,8.57,16.314,234.7
2025-10-16T21:50:50.430018,778.501,0.00,0.00,0.00,0.00,0.00,0.00,0.00,0,,8.6,16.314,234.7
2025-10-16T21:50:51.533663,779.605,0.00,0.00,0.00,0.00,0.00,0.00,0.00,0,,8.6,16.314,234.5
2025-10-16T21:50:51.536496,779.608,0.00,0.00,0.00,0.00,0.00,0.00,0.00,0,,8.6,16.314,234.5
2025-10-16T21:50:52.625393,780.697,0.00,0.00,0.00,0.00,0.00,0.00,0.00,0,,8.59,16.314,234.5
2025-10-16T21:50:52.627781,780.699,0.00,0.00,0.00,0.00,0.00,0.00,0.00,0,,8.59,16.314,235.1
2025-10-16T21:50:53.738552,781.810,0.00,0.00,0.00,0.00,0.00,0.00,0.00,0,,8.59,16.314,235.1
2025-10-16T21:50:54.826813,782.898,0.00,0.00,0.00,0.00,0.00,0.00,0.00,0,,8.58,16.314,235.1
2025-10-16T21:50:54.829282,782.901,0.00,0.00,0.00,0.00,0.00,0.00,0.00,0,,8.58,16.314,234.9
2025-10-16T21:50:55.920035,783.991,0.00,0.00,0.00,0.00,0.00,0.00,0.00,0,,8.58,16.314,234.9
2025-10-16T21:50:55.922739,783.994,0.00,0.00,0.00,0.00,0.00,0.00,0.00,0,,8.59,16.314,234.9
2025-10-16T21:50:56.938984,785.010,0.00,0.00,0.00,0.00,0.00,0.00,0.00,0,,8.59,16.314,236.9
2025-10-16T21:50:57.948117,786.020,0.00,0.00,0.00,0.00,0.00,0.00,0.00,0,,8.59,16.313,236.9
2025-10-16T21:50:57.950113,786.022,0.00,0.00,0.00,0.00,0.00,0.00,0.00,0,,8.58,16.313,236.9
2025-10-16T21:50:59.062413,787.134,0.00,0.00,0.00,0.00,0.00,0.00,0.00,0,,8.58,16.313,236.2
2025-10-16T21:51:00.155593,788.227,0.00,0.00,0.00,0.00,0.00,0.00,0.00,0,,8.58,16.312,236.2
2025-10-16T21:51:00.157874,788.229,0.00,0.00,0.00,0.00,0.00,0.00,0.00,0,,8.58,16.312,236.2
2025-10-16T21:51:01.266196,789.338,0.00,0.00,0.00,0.00,0.00,0.00,0.00,0,,8.58,16.312,237.3
2025-10-16T21:51:01.268392,789.340,0.00,0.00,0.00,0.00,0.00,0.00,0.00,0,,8.58,16.313,237.3
2025-10-16T21:51:02.354227,790.426,0.00,0.00,0.00,0.00,0.00,0.00,0.00,0,,8.58,16.313,237.3
2025-10-16T21:51:03.454512,791.526,0.00,0.00,0.00,0.00,0.00,0.00,0.00,0,,8.58,16.313,237.3
2025-10-16T21:51:03.456694,791.528,0.00,0.00,0.00,0.00,0.00,0.00,0.00,0,,8.58,16.315,237.3
2025-10-16T21:51:04.550920,792.622,0.00,0.00,0.00,0.00,0.00,0.00,0.00,0,,8.57,16.315,237.3
2025-10-16T21:51:04.553257,792.625,0.00,0.00,0.00,0.00,0.00,0.00,0.00,0,,8.57,16.315,236.9
2025-10-16T21:51:05.632707,793.704,0.00,0.00,0.00,0.00,0.00,0.00,0.00,0,,8.57,16.315,236.9
2025-10-16T21:51:06.744707,794.816,0.00,0.00,0.00,0.00,0.00,0.00,0.00,0,,8.54,16.315,236.9
2025-10-16T21:51:06.746748,794.818,0.00,0.00,0.00,0.00,0.00,0.00,0.00,0,,8.54,16.315,236.8
2025-10-16T21:51:07.852816,795.924,0.00,0.00,0.00,0.00,0.00,0.00,0.00,0,,8.54,16.316,236.8
2025-10-16T21:51:07.854923,795.926,0.00,0.00,0.00,0.00,0.00,0.00,0.00,0,,8.59,16.316,236.8
2025-10-16T21:51:08.962024,797.033,0.00,0.00,0.00,0.00,0.00,0.00,0.00,0,,8.59,16.316,236.5
2025-10-16T21:51:10.053084,798.125,0.00,0.00,0.00,0.00,0.00,0.00,0.00,0,,8.59,16.315,236.5
2025-10-16T21:51:10.055554,798.127,0.00,0.00,0.00,0.00,0.00,0.00,0.00,0,,8.56,16.315,236.5
2025-10-16T21:51:11.150147,799.222,0.00,0.00,0.00,0.00,0.00,0.00,0.00,0,,8.56,16.315,236.5
2025-10-16T21:51:11.152658,799.224,0.00,0.00,0.00,0.00,0.00,0.00,0.00,0,,8.56,16.315,236.5
2025-10-16T21:51:12.248502,800.320,0.00,0.00,0.00,0.00,0.00,0.00,0.00,0,,8.57,16.315,236.5
2025-10-16T21:51:13.354134,801.426,0.00,0.00,0.00,0.00,0.00,0.00,0.00,0,,8.57,16.315,235.7
2025-10-16T21:51:13.356274,801.428,0.00,0.00,0.00,0.00,0.00,0.00,0.00,0,,8.57,16.314,235.7
2025-10-16T21:51:14.458602,802.530,0.00,0.00,0.00,0.00,0.00,0.00,0.00,0,,8.56,16.314,235.7
2025-10-16T21:51:15.539474,803.611,0.00,0.00,0.00,0.00,0.00,0.00,0.00,0,,8.56,16.314,234.5
2025-10-16T21:51:15.541538,803.613,0.00,0.00,0.00,0.00,0.00,0.00,0.00,0,,8.56,16.313,234.5
2025-10-16T21:51:16.639569,804.711,0.00,0.00,0.00,0.00,0.00,0.00,0.00,0,,8.56,16.313,234.5
2025-10-16T21:51:16.641706,804.713,0.00,0.00,0.00,0.00,0.00,0.00,0.00,0,,8.56,16.313,236.1
2025-10-16T21:51:17.738215,805.810,0.00,0.00,0.00,0.00,0.00,0.00,0.00,0,,8.56,16.312,236.1
2025-10-16T21:51:18.831392,806.903,0.00,0.00,0.00,0.00,0.00,0.00,0.00,0,,8.56,16.312,236.1
2025-10-16T21:51:18.833538,806.905,0.00,0.00,0.00,0.00,0.00,0.00,0.00,0,,8.56,16.312,235.5
2025-10-16T21:51:19.916496,807.988,0.00,0.00,0.00,0.00,0.00,0.00,0.00,0,,8.56,16.311,235.5
2025-10-16T21:51:21.014492,809.086,0.00,0.00,0.00,0.00,0.00,0.00,0.00,0,,8.56,16.311,235.5
2025-10-16T21:51:21.016791,809.088,0.00,0.00,0.00,0.00,0.00,0.00,0.00,0,,8.56,16.311,235.6
2025-10-16T21:51:22.108775,810.180,0.00,0.00,0.00,0.00,0.00,0.00,0.00,0,,8.56,16.311,235.6
2025-10-16T21:51:22.110816,810.182,0.00,0.00,0.00,0.00,0.00,0.00,0.00,0,,8.56,16.311,235.6
2025-10-16T21:51:23.202710,811.274,0.00,0.00,0.00,0.00,0.00,0.00,0.00,0,,8.56,16.311,235.2
2025-10-16T21:51:23.205384,811.277,0.00,0.00,0.00,0.00,0.00,0.00,0.00,0,,8.56,16.311,235.2
2025-10-16T21:51:24.302797,812.374,0.00,0.00,0.00,0.00,0.00,0.00,0.00,0,,8.56,16.311,235.2
2025-10-16T21:51:25.414415,813.486,0.00,0.00,0.00,0.00,0.00,0.00,0.00,0,,8.56,16.311,236.5
2025-10-16T21:51:25.416899,813.488,0.00,0.00,0.00,0.00,0.00,0.00,0.00,0,,8.56,16.311,236.5
2025-10-16T21:51:26.411299,814.483,0.00,0.00,0.00,0.00,0.00,0.00,0.00,0,,8.54,16.311,236.5
2025-10-16T21:51:27.498971,815.570,0.00,0.00,0.00,0.00,0.00,0.00,0.00,0,,8.54,16.311,235.8
2025-10-16T21:51:27.501073,815.573,0.00,0.00,0.00,0.00,0.00,0.00,0.00,0,,8.54,16.312,235.8
2025-10-16T21:51:28.594715,816.666,0.00,0.00,0.00,0.00,0.00,0.00,0.00,0,,8.55,16.312,235.8
2025-10-16T21:51:28.596999,816.668,0.00,0.00,0.00,0.00,0.00,0.00,0.00,0,,8.55,16.312,236.7
2025-10-16T21:51:29.684002,817.755,0.00,0.00,0.00,0.00,0.00,0.00,0.00,0,,8.55,16.312,236.7
2025-10-16T21:51:30.782931,818.854,0.00,0.00,0.00,0.00,0.00,0.00,0.00,0,,8.56,16.312,236.7
2025-10-16T21:51:30.785070,818.857,0.00,0.00,0.00,0.00,0.00,0.00,0.00,0,,8.56,16.312,234.9
2025-10-16T21:51:31.873504,819.945,0.00,0.00,0.00,0.00,0.00,0.00,0.00,0,,8.56,16.311,234.9
2025-10-16T21:51:31.876185,819.948,0.00,0.00,0.00,0.00,0.00,0.00,0.00,0,,8.56,16.311,234.9
2025-10-16T21:51:32.963318,821.035,0.00,0.00,0.00,0.00,0.00,0.00,0.00,0,,8.56,16.311,236.5
2025-10-16T21:51:32.965390,821.037,0.00,0.00,0.00,0.00,0.00,0.00,0.00,0,,8.56,16.31,236.5
2025-10-16T21:51:34.060844,822.132,0.00,0.00,0.00,0.00,0.00,0.00,0.00,0,,8.52,16.31,236.5
2025-10-16T21:51:35.151462,823.223,0.00,0.00,0.00,0.00,0.00,0.00,0.00,0,,8.52,16.31,236.1
2025-10-16T21:51:35.153704,823.225,0.00,0.00,0.00,0.00,0.00,0.00,0.00,0,,8.52,16.309,236.1
2025-10-16T21:51:36.249122,824.321,0.00,0.00,0.00,0.00,0.00,0.00,0.00,0,,8.56,16.309,236.1
2025-10-16T21:51:37.336013,825.407,0.00,0.00,0.00,0.00,0.00,0.00,0.00,0,,8.56,16.309,235.3
2025-10-16T21:51:37.338758,825.410,0.00,0.00,0.00,0.00,0.00,0.00,0.00,0,,8.56,16.308,235.3
2025-10-16T21:51:38.435354,826.507,0.00,0.00,0.00,0.00,0.00,0.00,0.00,0,,8.56,16.308,235.3
2025-10-16T21:51:38.437700,826.509,0.00,0.00,0.00,0.00,0.00,0.00,0.00,0,,8.56,16.308,233.9
2025-10-16T21:51:39.533401,827.605,0.00,0.00,0.00,0.00,0.00,0.00,0.00,0,,8.56,16.306,233.9
2025-10-16T21:51:40.632614,828.704,0.00,0.00,0.00,0.00,0.00,0.00,0.00,0,,8.56,16.306,233.9
2025-10-16T21:51:40.634876,828.706,0.00,0.00,0.00,0.00,0.00,0.00,0.00,0,,8.56,16.306,234.5
2025-10-16T21:51:41.752554,829.824,0.00,0.00,0.00,0.00,0.00,0.00,0.00,0,,8.56,16.305,234.5
2025-10-16T21:51:41.754771,829.826,0.00,0.00,0.00,0.00,0.00,0.00,0.00,0,,8.55,16.305,234.5
2025-10-16T21:51:42.844307,830.916,0.00,0.00,0.00,0.00,0.00,0.00,0.00,0,,8.55,16.305,234.3
2025-10-16T21:51:44.049559,832.121,0.00,0.00,0.00,0.00,0.00,0.00,0.00,0,,8.55,16.305,234.3
2025-10-16T21:51:44.051871,832.123,0.00,0.00,0.00,0.00,0.00,0.00,0.00,0,,8.54,16.305,234.3
2025-10-16T21:51:45.131570,833.203,0.00,0.00,0.00,0.00,0.00,0.00,0.00,0,,8.54,16.305,233.5
2025-10-16T21:51:45.133977,833.205,0.00,0.00,0.00,0.00,0.00,0.00,0.00,0,,8.54,16.305,233.5
2025-10-16T21:51:46.244208,834.316,0.00,0.00,0.00,0.00,0.00,0.00,0.00,0,,8.54,16.305,233.5
2025-10-16T21:51:46.246315,834.318,0.00,0.00,0.00,0.00,0.00,0.00,0.00,0,,8.54,16.305,232.1
2025-10-16T21:51:47.340809,835.412,0.00,0.00,0.00,0.00,0.00,0.00,0.00,0,,8.54,16.305,232.1
2025-10-16T21:51:48.432607,836.504,0.00,0.00,0.00,0.00,0.00,0.00,0.00,0,,8.56,16.305,232.1
2025-10-16T21:51:48.434968,836.506,0.00,0.00,0.00,0.00,0.00,0.00,0.00,0,,8.56,16.305,233.2
2025-10-16T21:51:49.537882,837.609,0.00,0.00,0.00,0.00,0.00,0.00,0.00,0,,8.56,16.305,233.2
2025-10-16T21:51:49.540056,837.612,0.00,0.00,0.00,0.00,0.00,0.00,0.00,0,,8.55,16.305,233.2
2025-10-16T21:51:50.651329,838.723,0.00,0.00,0.00,0.00,0.00,0.00,0.00,0,,8.55,16.305,232.5
2025-10-16T21:51:51.748567,839.820,0.00,0.00,0.00,0.00,0.00,0.00,0.00,0,,8.55,16.305,232.5
2025-10-16T21:51:51.750655,839.822,0.00,0.00,0.00,0.00,0.00,0.00,0.00,0,,8.55,16.305,232.5
2025-10-16T21:51:52.848438,840.920,0.00,0.00,0.00,0.00,0.00,0.00,0.00,0,,8.55,16.305,232.1
2025-10-16T21:51:52.851299,840.923,0.00,0.00,0.00,0.00,0.00,0.00,0.00,0,,8.55,16.305,232.1
2025-10-16T21:51:53.931759,842.003,0.00,0.00,0.00,0.00,0.00,0.00,0.00,0,,8.55,16.305,232.1
2025-10-16T21:51:55.027531,843.099,0.00,0.00,0.00,0.00,0.00,0.00,0.00,0,,8.55,16.305,232.9
2025-10-16T21:51:56.245428,844.317,0.00,0.00,0.00,0.00,0.00,0.00,0.00,0,,8.55,16.305,232.9
2025-10-16T21:51:56.247777,844.319,0.00,0.00,0.00,0.00,0.00,0.00,0.00,0,,8.54,16.305,232.9
2025-10-16T21:51:56.250213,844.322,0.00,0.00,0.00,0.00,0.00,0.00,0.00,0,,8.54,16.305,232.7
2025-10-16T21:51:57.234747,845.306,0.00,0.00,0.00,0.00,0.00,0.00,0.00,0,,8.54,16.305,232.7
2025-10-16T21:51:58.332574,846.404,0.00,0.00,0.00,0.00,0.00,0.00,0.00,0,,8.55,16.305,232.7
2025-10-16T21:51:58.334834,846.406,0.00,0.00,0.00,0.00,0.00,0.00,0.00,0,,8.55,16.305,233.1
2025-10-16T21:51:59.306441,847.378,0.00,0.00,0.00,0.00,0.00,0.00,0.00,0,,8.55,16.305,233.1
2025-10-16T21:52:00.403719,848.475,0.00,0.00,0.00,0.00,0.00,0.00,0.00,0,,8.55,16.305,233.1
2025-10-16T21:52:00.405889,848.477,0.00,0.00,0.00,0.00,0.00,0.00,0.00,0,,8.55,16.305,232.9
2025-10-16T21:52:01.502993,849.574,0.00,0.00,0.00,0.00,0.00,0.00,0.00,0,,8.55,16.304,232.9
2025-10-16T21:52:02.598363,850.670,0.00,0.00,0.00,0.00,0.00,0.00,0.00,0,,8.54,16.304,232.9
2025-10-16T21:52:02.600590,850.672,0.00,0.00,0.00,0.00,0.00,0.00,0.00,0,,8.54,16.304,169.3
2025-10-16T21:52:03.704825,851.776,0.00,0.00,0.00,0.00,0.00,0.00,0.00,0,,8.54,16.303,169.3
2025-10-16T21:52:03.706875,851.778,0.00,0.00,0.00,0.00,0.00,0.00,0.00,0,,8.55,16.303,169.3
2025-10-16T21:52:04.794938,852.866,0.00,0.00,0.00,0.00,0.00,0.00,0.00,0,,8.55,16.303,153.0
2025-10-16T21:52:04.797177,852.869,0.00,0.00,0.00,0.00,0.00,0.00,0.00,0,,8.55,16.304,153.0
2025-10-16T21:52:05.893143,853.965,0.00,0.00,0.00,0.00,0.00,0.00,0.00,0,,8.55,16.304,153.0
2025-10-16T21:52:06.900022,854.971,0.00,0.00,0.00,0.00,0.00,0.00,0.00,0,,8.55,16.304,160.9
2025-10-16T21:52:06.902233,854.974,0.00,0.00,0.00,0.00,0.00,0.00,0.00,0,,8.55,16.305,160.9
2025-10-16T21:52:07.977766,856.049,0.00,0.00,0.00,0.00,0.00,0.00,0.00,0,,8.53,16.305,160.9
2025-10-16T21:52:09.077515,857.149,0.00,0.00,0.00,0.00,0.00,0.00,0.00,0,,8.53,16.305,4.06
2025-10-16T21:52:09.079937,857.151,0.00,0.00,0.00,0.00,0.00,0.00,0.00,0,,8.53,16.308,4.06
2025-10-16T21:52:10.174020,858.245,0.00,0.00,0.00,0.00,0.00,0.00,0.00,0,,8.52,16.308,4.06
2025-10-16T21:52:10.176135,858.248,0.00,0.00,0.00,0.00,0.00,0.00,0.00,0,,8.52,16.308,0.0
2025-10-16T21:52:11.264318,859.336,0.00,0.00,0.00,0.00,0.00,0.00,0.00,0,,8.52,16.311,0.0
2025-10-16T21:52:12.365474,860.437,0.00,0.00,0.00,0.00,0.00,0.00,0.00,0,,8.53,16.311,0.0
2025-10-16T21:52:12.367351,860.439,0.00,0.00,0.00,0.00,0.00,0.00,0.00,0,,8.53,16.311,0.0
2025-10-16T21:52:13.481882,861.553,0.00,0.00,0.00,0.00,0.00,0.00,0.00,0,,8.53,16.315,0.0
2025-10-16T21:52:13.484344,861.556,0.00,0.00,0.00,0.00,0.00,0.00,0.00,0,,8.55,16.315,0.0
2025-10-16T21:52:14.598561,862.670,0.00,0.00,0.00,0.00,0.00,0.00,0.00,0,,8.55,16.315,0.0
2025-10-16T21:52:14.600534,862.672,0.00,0.00,0.00,0.00,0.00,0.00,0.00,0,,8.55,16.318,0.0
2025-10-16T21:52:15.694221,863.766,0.00,0.00,0.00,0.00,0.00,0.00,0.00,0,,8.54,16.318,0.0
2025-10-16T21:52:16.805501,864.877,0.00,0.00,0.00,0.00,0.00,0.00,0.00,0,,8.54,16.318,0.0
2025-10-16T21:52:16.807752,864.879,0.00,0.00,0.00,0.00,0.00,0.00,0.00,0,,8.54,16.321,0.0
2025-10-16T21:52:17.914810,865.986,0.00,0.00,0.00,0.00,0.00,0.00,0.00,0,,8.56,16.321,0.0
2025-10-16T21:52:19.014039,867.085,0.00,0.00,0.00,0.00,0.00,0.00,0.00,0,,8.56,16.321,0.0
2025-10-16T21:52:19.016335,867.088,0.00,0.00,0.00,0.00,0.00,0.00,0.00,0,,8.56,16.324,0.0
2025-10-16T21:52:20.107509,868.179,0.00,0.00,0.00,0.00,0.00,0.00,0.00,0,,8.56,16.324,0.0
2025-10-16T21:52:20.109588,868.181,0.00,0.00,0.00,0.00,0.00,0.00,0.00,0,,8.56,16.324,0.0
2025-10-16T21:52:21.197210,869.269,0.00,0.00,0.00,0.00,0.00,0.00,0.00,0,,8.56,16.327,0.0
2025-10-16T21:52:22.294291,870.366,0.00,0.00,0.00,0.00,0.00,0.00,0.00,0,,8.57,16.327,0.0
2025-10-16T21:52:22.296598,870.368,0.00,0.00,0.00,0.00,0.00,0.00,0.00,0,,8.57,16.327,0.0
2025-10-16T21:52:23.393374,871.465,0.00,0.00,0.00,0.00,0.00,0.00,0.00,0,,8.57,16.33,0.0
2025-10-16T21:52:23.395556,871.467,0.00,0.00,0.00,0.00,0.00,0.00,0.00,0,,8.58,16.33,0.0
2025-10-16T21:52:24.409819,872.481,0.00,0.00,0.00,0.00,0.00,0.00,0.00,0,,8.58,16.33,0.0
2025-10-16T21:52:25.492497,873.564,0.00,0.00,0.00,0.00,0.00,0.00,0.00,0,,8.58,16.332,0.0
2025-10-16T21:52:25.494496,873.566,0.00,0.00,0.00,0.00,0.00,0.00,0.00,0,,8.58,16.332,0.0
2025-10-16T21:52:26.591786,874.663,0.00,0.00,0.00,0.00,0.00,0.00,0.00,0,,8.58,16.332,0.0
2025-10-16T21:52:26.593800,874.665,0.00,0.00,0.00,0.00,0.00,0.00,0.00,0,,8.58,16.333,0.0
2025-10-16T21:52:27.689875,875.761,0.00,0.00,0.00,0.00,0.00,0.00,0.00,0,,8.59,16.333,0.0
2025-10-16T21:52:28.771450,876.843,0.00,0.00,0.00,0.00,0.00,0.00,0.00,0,,8.59,16.333,0.0
2025-10-16T21:52:28.773667,876.845,0.00,0.00,0.00,0.00,0.00,0.00,0.00,0,,8.59,16.334,0.0
2025-10-16T21:52:29.869448,877.941,0.00,0.00,0.00,0.00,0.00,0.00,0.00,0,,8.59,16.334,0.0
2025-10-16T21:52:30.967075,879.039,0.00,0.00,0.00,0.00,0.00,0.00,0.00,0,,8.59,16.334,0.0
2025-10-16T21:52:30.969081,879.041,0.00,0.00,0.00,0.00,0.00,0.00,0.00,0,,8.59,16.333,0.0
2025-10-16T21:52:32.066057,880.138,0.00,0.00,0.00,0.00,0.00,0.00,0.00,0,,8.6,16.333,0.0
2025-10-16T21:52:32.068101,880.140,0.00,0.00,0.00,0.00,0.00,0.00,0.00,0,,8.6,16.333,0.0
2025-10-16T21:52:33.159168,881.231,0.00,0.00,0.00,0.00,0.00,0.00,0.00,0,,8.6,16.332,0.0
2025-10-16T21:52:34.246591,882.318,0.00,0.00,0.00,0.00,0.00,0.00,0.00,0,,8.6,16.332,0.0
2025-10-16T21:52:34.248664,882.320,0.00,0.00,0.00,0.00,0.00,0.00,0.00,0,,8.6,16.332,0.0
2025-10-16T21:52:35.347995,883.419,0.00,0.00,0.00,0.00,0.00,0.00,0.00,0,,8.6,16.332,0.0
2025-10-16T21:52:35.350120,883.422,0.00,0.00,0.00,0.00,0.00,0.00,0.00,0,,8.6,16.332,0.0
2025-10-16T21:52:36.438289,884.510,0.00,0.00,0.00,0.00,0.00,0.00,0.00,0,,8.6,16.332,0.0
2025-10-16T21:52:36.440578,884.512,0.00,0.00,0.00,0.00,0.00,0.00,0.00,0,,8.6,16.332,0.0
2025-10-16T21:52:37.536326,885.608,0.00,0.00,0.00,0.00,0.00,0.00,0.00,0,,8.6,16.332,0.0
2025-10-16T21:52:38.618160,886.690,0.00,0.00,0.00,0.00,0.00,0.00,0.00,0,,8.6,16.332,0.0
2025-10-16T21:52:39.735543,887.807,0.00,0.00,0.00,0.00,0.00,0.00,0.00,0,,8.6,16.332,0.0
2025-10-16T21:52:39.737598,887.809,0.00,0.00,0.00,0.00,0.00,0.00,0.00,0,,8.61,16.332,0.0
2025-10-16T21:52:40.830050,888.902,0.00,0.00,0.00,0.00,0.00,0.00,0.00,0,,8.61,16.332,0.0
2025-10-16T21:52:40.835457,888.907,0.00,0.00,0.00,0.00,0.00,0.00,0.00,0,,8.61,16.332,0.0
2025-10-16T21:52:41.924044,889.996,0.00,0.00,0.00,0.00,0.00,0.00,0.00,0,,8.6,16.332,0.0
2025-10-16T21:52:41.926095,889.998,0.00,0.00,0.00,0.00,0.00,0.00,0.00,0,,8.6,16.332,0.0
2025-10-16T21:52:43.010819,891.082,0.00,0.00,0.00,0.00,0.00,0.00,0.00,0,,8.6,16.334,0.0
2025-10-16T21:52:44.108015,892.179,0.00,0.00,0.00,0.00,0.00,0.00,0.00,0,,8.61,16.334,0.0
2025-10-16T21:52:44.110397,892.182,0.00,0.00,0.00,0.00,0.00,0.00,0.00,0,,8.61,16.334,0.0
2025-10-16T21:52:45.205185,893.277,0.00,0.00,0.00,0.00,0.00,0.00,0.00,0,,8.61,16.335,0.0
2025-10-16T21:52:45.207367,893.279,0.00,0.00,0.00,0.00,0.00,0.00,0.00,0,,8.61,16.335,0.0
2025-10-16T21:52:46.320003,894.391,0.00,0.00,0.00,0.00,0.00,0.00,0.00,0,,8.61,16.335,0.0
2025-10-16T21:52:46.322230,894.394,0.00,0.00,0.00,0.00,0.00,0.00,0.00,0,,8.61,16.336,0.0
2025-10-16T21:52:47.433058,895.505,0.00,0.00,0.00,0.00,0.00,0.00,0.00,0,,8.62,16.336,0.0
2025-10-16T21:52:48.436550,896.508,0.00,0.00,0.00,0.00,0.00,0.00,0.00,0,,8.62,16.336,0.0
2025-10-16T21:52:48.439131,896.511,0.00,0.00,0.00,0.00,0.00,0.00,0.00,0,,8.62,16.336,0.0
2025-10-16T21:52:49.533475,897.605,0.00,0.00,0.00,0.00,0.00,0.00,0.00,0,,8.61,16.336,0.0
2025-10-16T21:52:50.615547,898.687,0.00,0.00,0.00,0.00,0.00,0.00,0.00,0,,8.61,16.336,0.0
2025-10-16T21:52:50.617558,898.689,0.00,0.00,0.00,0.00,0.00,0.00,0.00,0,,8.61,16.335,0.0
2025-10-16T21:52:51.633688,899.705,0.00,0.00,0.00,0.00,0.00,0.00,0.00,0,,8.62,16.335,0.0
2025-10-16T21:52:51.635875,899.707,0.00,0.00,0.00,0.00,0.00,0.00,0.00,0,,8.62,16.335,0.0
2025-10-16T21:52:52.717552,900.789,0.00,0.00,0.00,0.00,0.00,0.00,0.00,0,,8.62,16.336,0.0
2025-10-16T21:52:53.814237,901.886,0.00,0.00,0.00,0.00,0.00,0.00,0.00,0,,8.62,16.336,0.0
2025-10-16T21:52:53.816429,901.888,0.00,0.00,0.00,0.00,0.00,0.00,0.00,0,,8.62,16.336,0.0
2025-10-16T21:52:54.924272,902.996,0.00,0.00,0.00,0.00,0.00,0.00,0.00,0,,8.62,16.336,0.0
2025-10-16T21:52:56.022124,904.094,0.00,0.00,0.00,0.00,0.00,0.00,0.00,0,,8.62,16.336,0.0
2025-10-16T21:52:56.024518,904.096,0.00,0.00,0.00,0.00,0.00,0.00,0.00,0,,8.62,16.336,0.0
2025-10-16T21:52:57.121189,905.193,0.00,0.00,0.00,0.00,0.00,0.00,0.00,0,,8.62,16.336,0.0
2025-10-16T21:52:57.123603,905.195,0.00,0.00,0.00,0.00,0.00,0.00,0.00,0,,8.6,16.336,0.0
2025-10-16T21:52:58.218707,906.290,0.00,0.00,0.00,0.00,0.00,0.00,0.00,0,,8.6,16.336,0.0
2025-10-16T21:52:59.313976,907.385,0.00,0.00,0.00,0.00,0.00,0.00,0.00,0,,8.6,16.336,0.0
2025-10-16T21:52:59.316230,907.388,0.00,0.00,0.00,0.00,0.00,0.00,0.00,0,,8.62,16.336,0.0
2025-10-16T21:53:00.398230,908.470,0.00,0.00,0.00,0.00,0.00,0.00,0.00,0,,8.62,16.336,0.0
2025-10-16T21:53:00.401034,908.472,0.00,0.00,0.00,0.00,0.00,0.00,0.00,0,,8.62,16.335,0.0
2025-10-16T21:53:01.415692,909.487,0.00,0.00,0.00,0.00,0.00,0.00,0.00,0,,8.56,16.335,0.0
2025-10-16T21:53:02.399046,910.471,0.00,0.00,0.00,0.00,0.00,0.00,0.00,0,,8.56,16.335,0.0
2025-10-16T21:53:02.401172,910.473,0.00,0.00,0.00,0.00,0.00,0.00,0.00,0,,8.56,16.335,0.0
2025-10-16T21:53:03.503790,911.575,0.00,0.00,0.00,0.00,0.00,0.00,0.00,0,,8.62,16.335,0.0
2025-10-16T21:53:04.807099,912.879,0.00,0.00,0.00,0.00,0.00,0.00,0.00,0,,8.62,16.335,0.0
2025-10-16T21:53:04.809840,912.881,0.00,0.00,0.00,0.00,0.00,0.00,0.00,0,,8.62,16.334,0.0
2025-10-16T21:53:06.019647,914.091,0.00,0.00,0.00,0.00,0.00,0.00,0.00,0,,8.62,16.334,0.0
2025-10-16T21:53:06.021923,914.093,0.00,0.00,0.00,0.00,0.00,0.00,0.00,0,,8.62,16.334,0.0
2025-10-16T21:53:07.231848,915.303,0.00,0.00,0.00,0.00,0.00,0.00,0.00,0,,8.62,16.333,0.0
2025-10-16T21:53:07.233825,915.305,0.00,0.00,0.00,0.00,0.00,0.00,0.00,0,,8.62,16.333,0.0
2025-10-16T21:53:08.332045,916.404,0.00,0.00,0.00,0.00,0.00,0.00,0.00,0,,8.62,16.333,0.0
2025-10-16T21:53:08.334249,916.406,0.00,0.00,0.00,0.00,0.00,0.00,0.00,0,,8.62,16.332,0.0
2025-10-16T21:53:09.586461,917.658,0.00,0.00,0.00,0.00,0.00,0.00,0.00,0,,8.61,16.332,0.0
2025-10-16T21:53:09.588967,917.660,0.00,0.00,0.00,0.00,0.00,0.00,0.00,0,,8.61,16.332,0.0
2025-10-16T21:53:10.628164,918.700,0.00,0.00,0.00,0.00,0.00,0.00,0.00,0,,8.61,16.331,0.0
2025-10-16T21:53:12.008020,920.080,0.00,0.00,0.00,0.00,0.00,0.00,0.00,0,,8.62,16.331,0.0
2025-10-16T21:53:12.015258,920.087,0.00,0.00,0.00,0.00,0.00,0.00,0.00,0,,8.62,16.331,0.0
2025-10-16T21:53:13.141250,921.213,0.00,0.00,0.00,0.00,0.00,0.00,0.00,0,,8.62,16.33,0.0
2025-10-16T21:53:13.143750,921.215,0.00,0.00,0.00,0.00,0.00,0.00,0.00,0,,8.61,16.33,0.0
2025-10-16T21:53:14.416554,922.488,0.00,0.00,0.00,0.00,0.00,0.00,0.00,0,,8.61,16.33,0.0
2025-10-16T21:53:14.418676,922.490,0.00,0.00,0.00,0.00,0.00,0.00,0.00,0,,8.61,16.33,0.0
2025-10-16T21:53:15.478579,923.550,0.00,0.00,0.00,0.00,0.00,0.00,0.00,0,,8.61,16.33,0.0
2025-10-16T21:53:15.480779,923.552,0.00,0.00,0.00,0.00,0.00,0.00,0.00,0,,8.61,16.33,0.0
2025-10-16T21:53:16.690813,924.762,0.00,0.00,0.00,0.00,0.00,0.00,0.00,0,,8.61,16.329,0.0
2025-10-16T21:53:17.691501,925.763,0.00,0.00,0.00,0.00,0.00,0.00,0.00,0,,8.61,16.329,0.0
2025-10-16T21:53:17.693453,925.765,0.00,0.00,0.00,0.00,0.00,0.00,0.00,0,,8.61,16.329,0.0
2025-10-16T21:53:18.970382,927.042,0.00,0.00,0.00,0.00,0.00,0.00,0.00,0,,8.61,16.329,0.0
2025-10-16T21:53:18.973712,927.045,0.00,0.00,0.00,0.00,0.00,0.00,0.00,0,,8.61,16.329,0.0
2025-10-16T21:53:20.006201,928.078,0.00,0.00,0.00,0.00,0.00,0.00,0.00,0,,8.61,16.329,0.0
2025-10-16T21:53:21.099832,929.171,0.00,0.00,0.00,0.00,0.00,0.00,0.00,0,,8.61,16.33,0.0
2025-10-16T21:53:21.101792,929.173,0.00,0.00,0.00,0.00,0.00,0.00,0.00,0,,8.61,16.33,0.0
2025-10-16T21:53:22.197569,930.269,0.00,0.00,0.00,0.00,0.00,0.00,0.00,0,,8.61,16.33,0.0
2025-10-16T21:53:22.199642,930.271,0.00,0.00,0.00,0.00,0.00,0.00,0.00,0,,8.61,16.332,0.0
2025-10-16T21:53:23.302185,931.374,0.00,0.00,0.00,0.00,0.00,0.00,0.00,0,,8.6,16.332,0.0
2025-10-16T21:53:24.417454,932.489,0.00,0.00,0.00,0.00,0.00,0.00,0.00,0,,8.6,16.332,0.0
2025-10-16T21:53:24.419364,932.491,0.00,0.00,0.00,0.00,0.00,0.00,0.00,0,,8.6,16.335,0.0
2025-10-16T21:53:25.510411,933.582,0.00,0.00,0.00,0.00,0.00,0.00,0.00,0,,8.6,16.335,0.0
2025-10-16T21:53:25.512313,933.584,0.00,0.00,0.00,0.00,0.00,0.00,0.00,0,,8.6,16.335,0.0
2025-10-16T21:53:26.625135,934.697,0.00,0.00,0.00,0.00,0.00,0.00,0.00,0,,8.6,16.338,0.0
2025-10-16T21:53:27.710690,935.782,0.00,0.00,0.00,0.00,0.00,0.00,0.00,0,,8.61,16.338,0.0
2025-10-16T21:53:27.712862,935.784,0.00,0.00,0.00,0.00,0.00,0.00,0.00,0,,8.61,16.338,0.0
2025-10-16T21:53:28.809130,936.881,0.00,0.00,0.00,0.00,0.00,0.00,0.00,0,,8.61,16.339,0.0
2025-10-16T21:53:30.079928,938.151,0.00,0.00,0.00,0.00,0.00,0.00,0.00,0,,8.61,16.339,0.0
2025-10-16T21:53:30.083145,938.155,0.00,0.00,0.00,0.00,0.00,0.00,0.00,0,,8.61,16.339,0.0
2025-10-16T21:53:30.099474,938.171,0.00,0.00,0.00,0.00,0.00,0.00,0.00,0,,8.61,16.341,0.0
2025-10-16T21:53:31.218754,939.290,0.00,0.00,0.00,0.00,0.00,0.00,0.00,0,,8.6,16.341,0.0
2025-10-16T21:53:32.492271,940.564,0.00,0.00,0.00,0.00,0.00,0.00,0.00,0,,8.6,16.341,0.0
2025-10-16T21:53:32.494355,940.566,0.00,0.00,0.00,0.00,0.00,0.00,0.00,0,,8.6,16.341,0.0
2025-10-16T21:53:33.628898,941.700,0.00,0.00,0.00,0.00,0.00,0.00,0.00,0,,8.6,16.341,0.0
2025-10-16T21:53:33.631477,941.703,0.00,0.00,0.00,0.00,0.00,0.00,0.00,0,,8.6,16.341,0.0
2025-10-16T21:53:34.901766,942.973,0.00,0.00,0.00,0.00,0.00,0.00,0.00,0,,8.6,16.341,0.0
2025-10-16T21:53:34.904086,942.976,0.00,0.00,0.00,0.00,0.00,0.00,0.00,0,,8.6,16.341,0.0
2025-10-16T21:53:35.947178,944.019,0.00,0.00,0.00,0.00,0.00,0.00,0.00,0,,8.6,16.341,0.0
2025-10-16T21:53:37.084733,945.156,0.00,0.00,0.00,0.00,0.00,0.00,0.00,0,,8.6,16.34,0.0
2025-10-16T21:53:37.086714,945.158,0.00,0.00,0.00,0.00,0.00,0.00,0.00,0,,8.6,16.34,0.0
2025-10-16T21:53:38.270845,946.342,0.00,0.00,0.00,0.00,0.00,0.00,0.00,0,,8.6,16.34,0.0
2025-10-16T21:53:38.273230,946.345,0.00,0.00,0.00,0.00,0.00,0.00,0.00,0,,8.6,16.338,0.0
2025-10-16T21:53:39.379808,947.451,0.00,0.00,0.00,0.00,0.00,0.00,0.00,0,,8.6,16.338,0.0
2025-10-16T21:53:40.449706,948.521,0.00,0.00,0.00,0.00,0.00,0.00,0.00,0,,8.6,16.338,0.0
2025-10-16T21:53:40.451785,948.523,0.00,0.00,0.00,0.00,0.00,0.00,0.00,0,,8.6,16.336,0.0
2025-10-16T21:53:41.555748,949.627,0.00,0.00,0.00,0.00,0.00,0.00,0.00,0,,8.6,16.336,0.0
2025-10-16T21:53:41.557978,949.629,0.00,0.00,0.00,0.00,0.00,0.00,0.00,0,,8.6,16.336,0.0
2025-10-16T21:53:42.599794,950.671,0.00,0.00,0.00,0.00,0.00,0.00,0.00,0,,8.6,16.336,0.0
2025-10-16T21:53:43.708961,951.780,0.00,0.00,0.00,0.00,0.00,0.00,0.00,0,,8.59,16.336,0.0
2025-10-16T21:53:43.711581,951.783,0.00,0.00,0.00,0.00,0.00,0.00,0.00,0,,8.59,16.336,0.0
2025-10-16T21:53:44.781302,952.853,0.00,0.00,0.00,0.00,0.00,0.00,0.00,0,,8.59,16.336,0.0
2025-10-16T21:53:44.783531,952.855,0.00,0.00,0.00,0.00,0.00,0.00,0.00,0,,8.59,16.336,0.0
2025-10-16T21:53:45.855950,953.927,0.00,0.00,0.00,0.00,0.00,0.00,0.00,0,,8.59,16.336,0.0
2025-10-16T21:53:46.967438,955.039,0.00,0.00,0.00,0.00,0.00,0.00,0.00,0,,8.59,16.337,0.0
2025-10-16T21:53:46.969418,955.041,0.00,0.00,0.00,0.00,0.00,0.00,0.00,0,,8.59,16.337,0.0
2025-10-16T21:53:48.063781,956.135,0.00,0.00,0.00,0.00,0.00,0.00,0.00,0,,8.59,16.337,0.0
2025-10-16T21:53:48.066700,956.138,0.00,0.00,0.00,0.00,0.00,0.00,0.00,0,,8.59,16.341,0.0
2025-10-16T21:53:49.147188,957.219,0.00,0.00,0.00,0.00,0.00,0.00,0.00,0,,8.59,16.341,0.0
2025-10-16T21:53:50.250952,958.322,0.00,0.00,0.00,0.00,0.00,0.00,0.00,0,,8.59,16.341,0.0
2025-10-16T21:53:50.253205,958.325,0.00,0.00,0.00,0.00,0.00,0.00,0.00,0,,8.59,16.346,0.0
2025-10-16T21:53:51.347576,959.419,0.00,0.00,0.00,0.00,0.00,0.00,0.00,0,,8.6,16.346,0.0
2025-10-16T21:53:51.349923,959.421,0.00,0.00,0.00,0.00,0.00,0.00,0.00,0,,8.6,16.346,0.0
2025-10-16T21:53:52.439516,960.511,0.00,0.00,0.00,0.00,0.00,0.00,0.00,0,,8.6,16.353,0.0
2025-10-16T21:53:53.531362,961.603,0.00,0.00,0.00,0.00,0.00,0.00,0.00,0,,8.59,16.353,0.0
2025-10-16T21:53:53.533347,961.605,0.00,0.00,0.00,0.00,0.00,0.00,0.00,0,,8.59,16.353,0.0
2025-10-16T21:53:54.616154,962.688,0.00,0.00,0.00,0.00,0.00,0.00,0.00,0,,8.59,16.36,0.0
2025-10-16T21:53:55.729975,963.801,0.00,0.00,0.00,0.00,0.00,0.00,0.00,0,,8.59,16.36,0.0
2025-10-16T21:53:55.732015,963.803,0.00,0.00,0.00,0.00,0.00,0.00,0.00,0,,8.59,16.36,0.0
2025-10-16T21:53:56.879982,964.951,0.00,0.00,0.00,0.00,0.00,0.00,0.00,0,,8.59,16.367,0.0
2025-10-16T21:53:56.882012,964.953,0.00,0.00,0.00,0.00,0.00,0.00,0.00,0,,8.59,16.367,0.0
2025-10-16T21:53:57.934236,966.006,0.00,0.00,0.00,0.00,0.00,0.00,0.00,0,,8.59,16.367,0.0
2025-10-16T21:53:59.034120,967.106,0.00,0.00,0.00,0.00,0.00,0.00,0.00,0,,8.59,16.373,0.0
2025-10-16T21:53:59.036075,967.108,0.00,0.00,0.00,0.00,0.00,0.00,0.00,0,,8.59,16.373,0.0
2025-10-16T21:54:00.128020,968.199,0.00,0.00,0.00,0.00,0.00,0.00,0.00,0,,8.59,16.373,0.0
2025-10-16T21:54:00.130372,968.202,0.00,0.00,0.00,0.00,0.00,0.00,0.00,0,,8.59,16.379,0.0
2025-10-16T21:54:01.228295,969.300,0.00,0.00,0.00,0.00,0.00,0.00,0.00,0,,8.59,16.379,0.0
2025-10-16T21:54:02.333376,970.405,0.00,0.00,0.00,0.00,0.00,0.00,0.00,0,,8.59,16.379,0.0
2025-10-16T21:54:02.335419,970.407,0.00,0.00,0.00,0.00,0.00,0.00,0.00,0,,8.59,16.384,0.0
2025-10-16T21:54:03.427147,971.499,0.00,0.00,0.00,0.00,0.00,0.00,0.00,0,,8.59,16.384,0.0
2025-10-16T21:54:03.429600,971.501,0.00,0.00,0.00,0.00,0.00,0.00,0.00,0,,8.59,16.384,0.0
2025-10-16T21:54:04.515619,972.587,0.00,0.00,0.00,0.00,0.00,0.00,0.00,0,,8.59,16.387,0.0
2025-10-16T21:54:05.606050,973.678,0.00,0.00,0.00,0.00,0.00,0.00,0.00,0,,8.58,16.387,0.0
2025-10-16T21:54:05.608112,973.680,0.00,0.00,0.00,0.00,0.00,0.00,0.00,0,,8.58,16.387,0.0
2025-10-16T21:54:06.713596,974.785,0.00,0.00,0.00,0.00,0.00,0.00,0.00,0,,8.58,16.389,0.0
2025-10-16T21:54:06.716231,974.788,0.00,0.00,0.00,0.00,0.00,0.00,0.00,0,,8.59,16.389,0.0
2025-10-16T21:54:07.830797,975.902,0.00,0.00,0.00,0.00,0.00,0.00,0.00,0,,8.59,16.389,0.0
2025-10-16T21:54:08.911725,976.983,0.00,0.00,0.00,0.00,0.00,0.00,0.00,0,,8.59,16.39,0.0
2025-10-16T21:54:08.913820,976.985,0.00,0.00,0.00,0.00,0.00,0.00,0.00,0,,8.58,16.39,0.0
2025-10-16T21:54:10.121174,978.193,0.00,0.00,0.00,0.00,0.00,0.00,0.00,0,,8.58,16.39,0.0
2025-10-16T21:54:10.123184,978.195,0.00,0.00,0.00,0.00,0.00,0.00,0.00,0,,8.58,16.391,0.0
2025-10-16T21:54:11.123009,979.194,0.00,0.00,0.00,0.00,0.00,0.00,0.00,0,,8.58,16.391,0.0
2025-10-16T21:54:11.125394,979.197,0.00,0.00,0.00,0.00,0.00,0.00,0.00,0,,8.58,16.391,0.0
2025-10-16T21:54:12.226509,980.298,0.00,0.00,0.00,0.00,0.00,0.00,0.00,0,,8.58,16.391,0.0
2025-10-16T21:54:13.654084,981.726,0.00,0.00,0.00,0.00,0.00,0.00,0.00,0,,8.58,16.391,0.0
2025-10-16T21:54:13.656863,981.728,0.00,0.00,0.00,0.00,0.00,0.00,0.00,0,,8.58,16.391,0.0
2025-10-16T21:54:15.382885,983.454,0.00,0.00,0.00,0.00,0.00,0.00,0.00,0,,8.58,16.391,0.0
2025-10-16T21:54:15.386858,983.458,0.00,0.00,0.00,0.00,0.00,0.00,0.00,0,,8.59,16.391,0.0
2025-10-16T21:54:15.396302,983.468,0.00,0.00,0.00,0.00,0.00,0.00,0.00,0,,8.59,16.391,0.0
2025-10-16T21:54:16.723385,984.795,0.00,0.00,0.00,0.00,0.00,0.00,0.00,0,,8.59,16.389,0.0
2025-10-16T21:54:16.725582,984.797,0.00,0.00,0.00,0.00,0.00,0.00,0.00,0,,8.59,16.389,0.0
2025-10-16T21:54:17.603226,985.675,0.00,0.00,0.00,0.00,0.00,0.00,0.00,0,,8.59,16.389,0.0
2025-10-16T21:54:17.605210,985.677,0.00,0.00,0.00,0.00,0.00,0.00,0.00,0,,8.59,16.389,0.0
2025-10-16T21:54:19.608084,987.680,0.00,0.00,0.00,0.00,0.00,0.00,0.00,0,,8.58,16.389,0.0
2025-10-16T21:54:19.610328,987.682,0.00,0.00,0.00,0.00,0.00,0.00,0.00,0,,8.58,16.389,0.0
2025-10-16T21:54:20.601863,988.673,0.00,0.00,0.00,0.00,0.00,0.00,0.00,0,,8.58,16.388,0.0
2025-10-16T21:54:20.604414,988.676,0.00,0.00,0.00,0.00,0.00,0.00,0.00,0,,8.57,16.388,0.0
2025-10-16T21:54:21.587208,989.659,0.00,0.00,0.00,0.00,0.00,0.00,0.00,0,,8.57,16.388,0.0
2025-10-16T21:54:22.572052,990.644,0.00,0.00,0.00,0.00,0.00,0.00,0.00,0,,8.57,16.388,0.0
2025-10-16T21:54:22.591115,990.663,0.00,0.00,0.00,0.00,0.00,0.00,0.00,0,,8.57,16.388,0.0
2025-10-16T21:54:23.686481,991.758,0.00,0.00,0.00,0.00,0.00,0.00,0.00,0,,8.57,16.388,0.0
2025-10-16T21:54:24.673237,992.745,0.00,0.00,0.00,0.00,0.00,0.00,0.00,0,,8.57,16.389,0.0
2025-10-16T21:54:24.675486,992.747,0.00,0.00,0.00,0.00,0.00,0.00,0.00,0,,8.56,16.389,0.0
2025-10-16T21:54:25.665920,993.737,0.00,0.00,0.00,0.00,0.00,0.00,0.00,0,,8.56,16.389,0.0
2025-10-16T21:54:25.668024,993.739,0.00,0.00,0.00,0.00,0.00,0.00,0.00,0,,8.56,16.39,0.0
2025-10-16T21:54:26.579863,994.651,0.00,0.00,0.00,0.00,0.00,0.00,0.00,0,,8.57,16.39,0.0
2025-10-16T21:54:27.580250,995.652,0.00,0.00,0.00,0.00,0.00,0.00,0.00,0,,8.57,16.39,0.0
2025-10-16T21:54:28.568275,996.640,0.00,0.00,0.00,0.00,0.00,0.00,0.00,0,,8.57,16.392,0.0
2025-10-16T21:54:28.570390,996.642,0.00,0.00,0.00,0.00,0.00,0.00,0.00,0,,8.57,16.392,0.0
2025-10-16T21:54:29.570373,997.642,0.00,0.00,0.00,0.00,0.00,0.00,0.00,0,,8.57,16.392,0.0
2025-10-16T21:54:29.572495,997.644,0.00,0.00,0.00,0.00,0.00,0.00,0.00,0,,8.57,16.395,0.0
2025-10-16T21:54:30.575799,998.647,0.00,0.00,0.00,0.00,0.00,0.00,0.00,0,,8.57,16.395,0.0
2025-10-16T21:54:31.556249,999.628,0.00,0.00,0.00,0.00,0.00,0.00,0.00,0,,8.57,16.395,0.0
2025-10-16T21:54:31.558363,999.630,0.00,0.00,0.00,0.00,0.00,0.00,0.00,0,,8.57,16.399,0.0
2025-10-16T21:54:32.566973,1000.638,0.00,0.00,0.00,0.00,0.00,0.00,0.00,0,,8.56,16.399,0.0
2025-10-16T21:54:33.551790,1001.623,0.00,0.00,0.00,0.00,0.00,0.00,0.00,0,,8.56,16.399,0.0
2025-10-16T21:54:33.554214,1001.626,0.00,0.00,0.00,0.00,0.00,0.00,0.00,0,,8.56,16.404,0.0
2025-10-16T21:54:34.530928,1002.602,0.00,0.00,0.00,0.00,0.00,0.00,0.00,0,,8.55,16.404,0.0
2025-10-16T21:54:35.620894,1003.692,0.00,0.00,0.00,0.00,0.00,0.00,0.00,0,,8.55,16.404,0.0
2025-10-16T21:54:35.622982,1003.694,0.00,0.00,0.00,0.00,0.00,0.00,0.00,0,,8.55,16.408,0.0
2025-10-16T21:54:36.616695,1004.688,0.00,0.00,0.00,0.00,0.00,0.00,0.00,0,,8.56,16.408,0.0
2025-10-16T21:54:37.602577,1005.674,0.00,0.00,0.00,0.00,0.00,0.00,0.00,0,,8.56,16.408,0.0
2025-10-16T21:54:37.604933,1005.676,0.00,0.00,0.00,0.00,0.00,0.00,0.00,0,,8.56,16.412,0.0
2025-10-16T21:54:39.687490,1007.759,0.00,0.00,0.00,0.00,0.00,0.00,0.00,0,,8.54,16.412,0.0
2025-10-16T21:54:39.689429,1007.761,0.00,0.00,0.00,0.00,0.00,0.00,0.00,0,,8.54,16.412,0.0
2025-10-16T21:54:39.691528,1007.763,0.00,0.00,0.00,0.00,0.00,0.00,0.00,0,,8.54,16.414,0.0
2025-10-16T21:54:40.690950,1008.762,0.00,0.00,0.00,0.00,0.00,0.00,0.00,0,,8.54,16.414,0.0
2025-10-16T21:54:41.701363,1009.773,0.00,0.00,0.00,0.00,0.00,0.00,0.00,0,,8.54,16.414,0.0
2025-10-16T21:54:41.703613,1009.775,0.00,0.00,0.00,0.00,0.00,0.00,0.00,0,,8.54,16.415,0.0
2025-10-16T21:54:42.817497,1010.889,0.00,0.00,0.00,0.00,0.00,0.00,0.00,0,,8.56,16.415,0.0
2025-10-16T21:54:43.805099,1011.877,0.00,0.00,0.00,0.00,0.00,0.00,0.00,0,,8.56,16.415,0.0
2025-10-16T21:54:43.807130,1011.879,0.00,0.00,0.00,0.00,0.00,0.00,0.00,0,,8.56,16.417,0.0
2025-10-16T21:54:44.682468,1012.754,0.00,0.00,0.00,0.00,0.00,0.00,0.00,0,,8.55,16.417,0.0
2025-10-16T21:54:45.674816,1013.746,0.00,0.00,0.00,0.00,0.00,0.00,0.00,0,,8.55,16.417,0.0
2025-10-16T21:54:45.677145,1013.749,0.00,0.00,0.00,0.00,0.00,0.00,0.00,0,,8.55,16.418,0.0
2025-10-16T21:54:46.660970,1014.732,0.00,0.00,0.00,0.00,0.00,0.00,0.00,0,,8.55,16.418,0.0
2025-10-16T21:54:47.636078,1015.708,0.00,0.00,0.00,0.00,0.00,0.00,0.00,0,,8.55,16.418,0.0
2025-10-16T21:54:47.638372,1015.710,0.00,0.00,0.00,0.00,0.00,0.00,0.00,0,,8.55,16.419,0.0
2025-10-16T21:54:48.635248,1016.707,0.00,0.00,0.00,0.00,0.00,0.00,0.00,0,,8.46,16.419,0.0
2025-10-16T21:54:49.654780,1017.726,0.00,0.00,0.00,0.00,0.00,0.00,0.00,0,,8.46,16.419,0.0
2025-10-16T21:54:49.656525,1017.728,0.00,0.00,0.00,0.00,0.00,0.00,0.00,0,,8.46,16.42,0.0
2025-10-16T21:54:50.672444,1018.744,0.00,0.00,0.00,0.00,0.00,0.00,0.00,0,,8.56,16.42,0.0
2025-10-16T21:54:51.768193,1019.840,0.00,0.00,0.00,0.00,0.00,0.00,0.00,0,,8.56,16.42,0.0
2025-10-16T21:54:51.770304,1019.842,0.00,0.00,0.00,0.00,0.00,0.00,0.00,0,,8.56,16.42,0.0
2025-10-16T21:54:52.674787,1020.746,0.00,0.00,0.00,0.00,0.00,0.00,0.00,0,,8.6,16.42,0.0
2025-10-16T21:54:53.765230,1021.837,0.00,0.00,0.00,0.00,0.00,0.00,0.00,0,,8.6,16.42,0.0
2025-10-16T21:54:53.767510,1021.839,0.00,0.00,0.00,0.00,0.00,0.00,0.00,0,,8.6,16.42,0.0
2025-10-16T21:54:54.768122,1022.840,0.00,0.00,0.00,0.00,0.00,0.00,0.00,0,,8.47,16.42,0.0
2025-10-16T21:54:54.770315,1022.842,0.00,0.00,0.00,0.00,0.00,0.00,0.00,0,,8.47,16.42,0.0
2025-10-16T21:54:55.860451,1023.932,0.00,0.00,0.00,0.00,0.00,0.00,0.00,0,,8.47,16.419,0.0
2025-10-16T21:54:56.957448,1025.029,0.00,0.00,0.00,0.00,0.00,0.00,0.00,0,,8.51,16.419,0.0
2025-10-16T21:54:56.959634,1025.031,0.00,0.00,0.00,0.00,0.00,0.00,0.00,0,,8.51,16.419,0.0
2025-10-16T21:54:57.961839,1026.033,0.00,0.00,0.00,0.00,0.00,0.00,0.00,0,,8.51,16.417,0.0
2025-10-16T21:54:59.058644,1027.130,0.00,0.00,0.00,0.00,0.00,0.00,0.00,0,,8.52,16.417,0.0
2025-10-16T21:54:59.060645,1027.132,0.00,0.00,0.00,0.00,0.00,0.00,0.00,0,,8.52,16.417,0.0
2025-10-16T21:55:00.060681,1028.132,0.00,0.00,0.00,0.00,0.00,0.00,0.00,0,,8.52,16.415,0.0
2025-10-16T21:55:01.159367,1029.231,0.00,0.00,0.00,0.00,0.00,0.00,0.00,0,,8.45,16.415,0.0
2025-10-16T21:55:01.161216,1029.233,0.00,0.00,0.00,0.00,0.00,0.00,0.00,0,,8.45,16.415,0.0
2025-10-16T21:55:02.152787,1030.224,0.00,0.00,0.00,0.00,0.00,0.00,0.00,0,,8.45,16.415,0.0
2025-10-16T21:55:02.154920,1030.226,0.00,0.00,0.00,0.00,0.00,0.00,0.00,0,,8.45,16.415,0.0
2025-10-16T21:55:03.144512,1031.216,0.00,0.00,0.00,0.00,0.00,0.00,0.00,0,,8.45,16.415,0.0
2025-10-16T21:55:04.120382,1032.192,0.00,0.00,0.00,0.00,0.00,0.00,0.00,0,,8.45,16.415,0.0
2025-10-16T21:55:04.122447,1032.194,0.00,0.00,0.00,0.00,0.00,0.00,0.00,0,,8.6,16.415,0.0
2025-10-16T21:55:05.137231,1033.209,0.00,0.00,0.00,0.00,0.00,0.00,0.00,0,,8.6,16.415,0.0
2025-10-16T21:55:06.121900,1034.193,0.00,0.00,0.00,0.00,0.00,0.00,0.00,0,,8.6,16.416,0.0
2025-10-16T21:55:07.128346,1035.200,0.00,0.00,0.00,0.00,0.00,0.00,0.00,0,,8.56,16.416,0.0
2025-10-16T21:55:07.130764,1035.202,0.00,0.00,0.00,0.00,0.00,0.00,0.00,0,,8.56,16.416,0.0
2025-10-16T21:55:08.210263,1036.282,0.00,0.00,0.00,0.00,0.00,0.00,0.00,0,,8.56,16.416,0.0
2025-10-16T21:55:08.212566,1036.284,0.00,0.00,0.00,0.00,0.00,0.00,0.00,0,,8.55,16.416,0.0
2025-10-16T21:55:09.206043,1037.278,0.00,0.00,0.00,0.00,0.00,0.00,0.00,0,,8.55,16.416,0.0
2025-10-16T21:55:10.207818,1038.279,0.00,0.00,0.00,0.00,0.00,0.00,0.00,0,,8.55,16.416,0.0
2025-10-16T21:55:10.209833,1038.281,0.00,0.00,0.00,0.00,0.00,0.00,0.00,0,,8.51,16.416,0.0
2025-10-16T21:55:11.185794,1039.257,0.00,0.00,0.00,0.00,0.00,0.00,0.00,0,,8.51,16.416,0.0
2025-10-16T21:55:12.283238,1040.355,0.00,0.00,0.00,0.00,0.00,0.00,0.00,0,,8.51,16.417,0.0
2025-10-16T21:55:12.285308,1040.357,0.00,0.00,0.00,0.00,0.00,0.00,0.00,0,,8.54,16.417,0.0
2025-10-16T21:55:13.271545,1041.343,0.00,0.00,0.00,0.00,0.00,0.00,0.00,0,,8.54,16.417,0.0
2025-10-16T21:55:13.273816,1041.345,0.00,0.00,0.00,0.00,0.00,0.00,0.00,0,,8.54,16.417,0.0
2025-10-16T21:55:14.376351,1042.448,0.00,0.00,0.00,0.00,0.00,0.00,0.00,0,,8.52,16.417,0.0
2025-10-16T21:55:15.460590,1043.532,0.00,0.00,0.00,0.00,0.00,0.00,0.00,0,,8.52,16.417,0.0
2025-10-16T21:55:15.462926,1043.534,0.00,0.00,0.00,0.00,0.00,0.00,0.00,0,,8.52,16.418,0.0
2025-10-16T21:55:16.470740,1044.542,0.00,0.00,0.00,0.00,0.00,0.00,0.00,0,,8.52,16.418,0.0
2025-10-16T21:55:17.562256,1045.634,0.00,0.00,0.00,0.00,0.00,0.00,0.00,0,,8.52,16.418,0.0
2025-10-16T21:55:17.564229,1045.636,0.00,0.00,0.00,0.00,0.00,0.00,0.00,0,,8.52,16.42,0.0
2025-10-16T21:55:18.539381,1046.611,0.00,0.00,0.00,0.00,0.00,0.00,0.00,0,,8.51,16.42,0.0
2025-10-16T21:55:19.534342,1047.606,0.00,0.00,0.00,0.00,0.00,0.00,0.00,0,,8.51,16.42,0.0
2025-10-16T21:55:19.537090,1047.609,0.00,0.00,0.00,0.00,0.00,0.00,0.00,0,,8.51,16.423,0.0
2025-10-16T21:55:20.505893,1048.577,0.00,0.00,0.00,0.00,0.00,0.00,0.00,0,,8.51,16.423,0.0
2025-10-16T21:55:21.519880,1049.591,0.00,0.00,0.00,0.00,0.00,0.00,0.00,0,,8.51,16.423,0.0
2025-10-16T21:55:21.521968,1049.593,0.00,0.00,0.00,0.00,0.00,0.00,0.00,0,,8.51,16.427,0.0
2025-10-16T21:55:22.490822,1050.562,0.00,0.00,0.00,0.00,0.00,0.00,0.00,0,,8.51,16.427,0.0
2025-10-16T21:55:22.493569,1050.565,0.00,0.00,0.00,0.00,0.00,0.00,0.00,0,,8.51,16.427,0.0
2025-10-16T21:55:23.490530,1051.562,0.00,0.00,0.00,0.00,0.00,0.00,0.00,0,,8.51,16.43,0.0
2025-10-16T21:55:24.595130,1052.667,0.00,0.00,0.00,0.00,0.00,0.00,0.00,0,,8.5,16.43,0.0
2025-10-16T21:55:24.597145,1052.669,0.00,0.00,0.00,0.00,0.00,0.00,0.00,0,,8.5,16.43,0.0
2025-10-16T21:55:25.597725,1053.669,0.00,0.00,0.00,0.00,0.00,0.00,0.00,0,,8.5,16.433,0.0
2025-10-16T21:55:26.598999,1054.670,0.00,0.00,0.00,0.00,0.00,0.00,0.00,0,,8.49,16.433,0.0
2025-10-16T21:55:26.601423,1054.673,0.00,0.00,0.00,0.00,0.00,0.00,0.00,0,,8.49,16.433,0.0
2025-10-16T21:55:27.699799,1055.771,0.00,0.00,0.00,0.00,0.00,0.00,0.00,0,,8.49,16.436,0.0
2025-10-16T21:55:28.685206,1056.757,0.00,0.00,0.00,0.00,0.00,0.00,0.00,0,,8.49,16.436,0.0
2025-10-16T21:55:28.687634,1056.759,0.00,0.00,0.00,0.00,0.00,0.00,0.00,0,,8.49,16.436,0.0
2025-10-16T21:55:29.784747,1057.856,0.00,0.00,0.00,0.00,0.00,0.00,0.00,0,,8.49,16.439,0.0
2025-10-16T21:55:30.770721,1058.842,0.00,0.00,0.00,0.00,0.00,0.00,0.00,0,,8.49,16.439,0.0
2025-10-16T21:55:30.773089,1058.845,0.00,0.00,0.00,0.00,0.00,0.00,0.00,0,,8.49,16.439,0.0
2025-10-16T21:55:31.864444,1059.936,0.00,0.00,0.00,0.00,0.00,0.00,0.00,0,,8.49,16.441,0.0
2025-10-16T21:55:31.866503,1059.938,0.00,0.00,0.00,0.00,0.00,0.00,0.00,0,,8.49,16.441,0.0
2025-10-16T21:55:32.855622,1060.927,0.00,0.00,0.00,0.00,0.00,0.00,0.00,0,,8.49,16.441,0.0
2025-10-16T21:55:33.852599,1061.924,0.00,0.00,0.00,0.00,0.00,0.00,0.00,0,,8.49,16.444,0.0
2025-10-16T21:55:33.854697,1061.926,0.00,0.00,0.00,0.00,0.00,0.00,0.00,0,,8.48,16.444,0.0
2025-10-16T21:55:34.869931,1062.941,0.00,0.00,0.00,0.00,0.00,0.00,0.00,0,,8.48,16.444,0.0
2025-10-16T21:55:35.862566,1063.934,0.00,0.00,0.00,0.00,0.00,0.00,0.00,0,,8.48,16.447,0.0
2025-10-16T21:55:35.864812,1063.936,0.00,0.00,0.00,0.00,0.00,0.00,0.00,0,,8.56,16.447,0.0
2025-10-16T21:55:37.056667,1065.128,0.00,0.00,0.00,0.00,0.00,0.00,0.00,0,,8.56,16.447,0.0
2025-10-16T21:55:38.148950,1066.220,0.00,0.00,0.00,0.00,0.00,0.00,0.00,0,,8.56,16.45,0.0
2025-10-16T21:55:38.151030,1066.222,0.00,0.00,0.00,0.00,0.00,0.00,0.00,0,,8.47,16.45,0.0
2025-10-16T21:55:39.186098,1067.258,0.00,0.00,0.00,0.00,0.00,0.00,0.00,0,,8.47,16.45,0.0
2025-10-16T21:55:39.188793,1067.260,0.00,0.00,0.00,0.00,0.00,0.00,0.00,0,,8.47,16.453,0.0
2025-10-16T21:55:40.181166,1068.253,0.00,0.00,0.00,0.00,0.00,0.00,0.00,0,,8.48,16.453,0.0
2025-10-16T21:55:41.176897,1069.248,0.00,0.00,0.00,0.00,0.00,0.00,0.00,0,,8.48,16.453,0.0
2025-10-16T21:55:41.179018,1069.250,0.00,0.00,0.00,0.00,0.00,0.00,0.00,0,,8.48,16.456,0.0
2025-10-16T21:55:42.264410,1070.336,0.00,0.00,0.00,0.00,0.00,0.00,0.00,0,,8.47,16.456,0.0
2025-10-16T21:55:43.370141,1071.442,0.00,0.00,0.00,0.00,0.00,0.00,0.00,0,,8.47,16.456,0.0
2025-10-16T21:55:43.372404,1071.444,0.00,0.00,0.00,0.00,0.00,0.00,0.00,0,,8.47,16.458,0.0
2025-10-16T21:55:44.477465,1072.549,0.00,0.00,0.00,0.00,0.00,0.00,0.00,0,,8.48,16.458,0.0
2025-10-16T21:55:44.479922,1072.551,0.00,0.00,0.00,0.00,0.00,0.00,0.00,0,,8.48,16.458,0.0
2025-10-16T21:55:45.469335,1073.541,0.00,0.00,0.00,0.00,0.00,0.00,0.00,0,,8.48,16.46,0.0
2025-10-16T21:55:46.561548,1074.633,0.00,0.00,0.00,0.00,0.00,0.00,0.00,0,,8.47,16.46,0.0
2025-10-16T21:55:46.563710,1074.635,0.00,0.00,0.00,0.00,0.00,0.00,0.00,0,,8.47,16.46,0.0
2025-10-16T21:55:47.669099,1075.741,0.00,0.00,0.00,0.00,0.00,0.00,0.00,0,,8.47,16.461,0.0
2025-10-16T21:55:48.797305,1076.869,0.00,0.00,0.00,0.00,0.00,0.00,0.00,0,,8.47,16.461,0.0
2025-10-16T21:55:48.799607,1076.871,0.00,0.00,0.00,0.00,0.00,0.00,0.00,0,,8.47,16.461,0.0
2025-10-16T21:55:49.784362,1077.856,0.00,0.00,0.00,0.00,0.00,0.00,0.00,0,,8.47,16.464,0.0
2025-10-16T21:55:49.786478,1077.858,0.00,0.00,0.00,0.00,0.00,0.00,0.00,0,,8.48,16.464,0.0
2025-10-16T21:55:50.769835,1078.841,0.00,0.00,0.00,0.00,0.00,0.00,0.00,0,,8.48,16.464,0.0
2025-10-16T21:55:51.879739,1079.951,0.00,0.00,0.00,0.00,0.00,0.00,0.00,0,,8.48,16.467,0.0
2025-10-16T21:55:51.882164,1079.954,0.00,0.00,0.00,0.00,0.00,0.00,0.00,0,,8.47,16.467,0.0
2025-10-16T21:55:52.861981,1080.933,0.00,0.00,0.00,0.00,0.00,0.00,0.00,0,,8.47,16.467,0.0
2025-10-16T21:55:53.842338,1081.914,0.00,0.00,0.00,0.00,0.00,0.00,0.00,0,,8.47,16.472,0.0
2025-10-16T21:55:54.825364,1082.897,0.00,0.00,0.00,0.00,0.00,0.00,0.00,0,,8.47,16.472,0.0
2025-10-16T21:55:54.827560,1082.899,0.00,0.00,0.00,0.00,0.00,0.00,0.00,0,,8.47,16.472,0.0
2025-10-16T21:55:55.810581,1083.882,0.00,0.00,0.00,0.00,0.00,0.00,0.00,0,,8.47,16.476,0.0
2025-10-16T21:55:55.812765,1083.884,0.00,0.00,0.00,0.00,0.00,0.00,0.00,0,,8.47,16.476,0.0
2025-10-16T21:55:56.899262,1084.971,0.00,0.00,0.00,0.00,0.00,0.00,0.00,0,,8.47,16.476,0.0
2025-10-16T21:55:57.908669,1085.980,0.00,0.00,0.00,0.00,0.00,0.00,0.00,0,,8.47,16.48,0.0
2025-10-16T21:55:57.911100,1085.983,0.00,0.00,0.00,0.00,0.00,0.00,0.00,0,,8.47,16.48,0.0
2025-10-16T21:55:58.993064,1087.065,0.00,0.00,0.00,0.00,0.00,0.00,0.00,0,,8.47,16.48,0.0
2025-10-16T21:55:58.995140,1087.067,0.00,0.00,0.00,0.00,0.00,0.00,0.00,0,,8.47,16.483,0.0
2025-10-16T21:55:59.984649,1088.056,0.00,0.00,0.00,0.00,0.00,0.00,0.00,0,,8.47,16.483,0.0
2025-10-16T21:56:00.995931,1089.067,0.00,0.00,0.00,0.00,0.00,0.00,0.00,0,,8.47,16.483,0.0
2025-10-16T21:56:00.998184,1089.070,0.00,0.00,0.00,0.00,0.00,0.00,0.00,0,,8.47,16.487,0.0
2025-10-16T21:56:01.984790,1090.056,0.00,0.00,0.00,0.00,0.00,0.00,0.00,0,,8.48,16.487,0.0
2025-10-16T21:56:03.072745,1091.144,0.00,0.00,0.00,0.00,0.00,0.00,0.00,0,,8.48,16.487,0.0
2025-10-16T21:56:03.074843,1091.146,0.00,0.00,0.00,0.00,0.00,0.00,0.00,0,,8.48,16.49,0.0
2025-10-16T21:56:04.167235,1092.239,0.00,0.00,0.00,0.00,0.00,0.00,0.00,0,,8.35,16.49,0.0
2025-10-16T21:56:05.284416,1093.356,0.00,0.00,0.00,0.00,0.00,0.00,0.00,0,,8.35,16.49,0.0
2025-10-16T21:56:05.286627,1093.358,0.00,0.00,0.00,0.00,0.00,0.00,0.00,0,,8.35,16.493,0.0
2025-10-16T21:56:06.369176,1094.441,0.00,0.00,0.00,0.00,0.00,0.00,0.00,0,,8.44,16.493,0.0
2025-10-16T21:56:07.369362,1095.441,0.00,0.00,0.00,0.00,0.00,0.00,0.00,0,,8.44,16.493,0.0
2025-10-16T21:56:07.371586,1095.443,0.00,0.00,0.00,0.00,0.00,0.00,0.00,0,,8.44,16.495,0.0
2025-10-16T21:56:08.460181,1096.532,0.00,0.00,0.00,0.00,0.00,0.00,0.00,0,,8.46,16.495,0.0
2025-10-16T21:56:08.462268,1096.534,0.00,0.00,0.00,0.00,0.00,0.00,0.00,0,,8.46,16.495,0.0
2025-10-16T21:56:09.560589,1097.632,0.00,0.00,0.00,0.00,0.00,0.00,0.00,0,,8.46,16.497,0.0
2025-10-16T21:56:10.563896,1098.635,0.00,0.00,0.00,0.00,0.00,0.00,0.00,0,,8.46,16.497,0.0
2025-10-16T21:56:10.566336,1098.638,0.00,0.00,0.00,0.00,0.00,0.00,0.00,0,,8.46,16.497,0.0
2025-10-16T21:56:11.555396,1099.627,0.00,0.00,0.00,0.00,0.00,0.00,0.00,0,,8.46,16.498,0.0
2025-10-16T21:56:12.653399,1100.725,0.00,0.00,0.00,0.00,0.00,0.00,0.00,0,,8.47,16.498,0.0
2025-10-16T21:56:12.655803,1100.727,0.00,0.00,0.00,0.00,0.00,0.00,0.00,0,,8.47,16.498,0.0
2025-10-16T21:56:13.746027,1101.817,0.00,0.00,0.00,0.00,0.00,0.00,0.00,0,,8.47,16.5,0.0
2025-10-16T21:56:13.748169,1101.820,0.00,0.00,0.00,0.00,0.00,0.00,0.00,0,,8.47,16.5,0.0
2025-10-16T21:56:14.883544,1102.955,0.00,0.00,0.00,0.00,0.00,0.00,0.00,0,,8.47,16.5,0.0
2025-10-16T21:56:14.885837,1102.957,0.00,0.00,0.00,0.00,0.00,0.00,0.00,0,,8.47,16.502,0.0
2025-10-16T21:56:15.990967,1104.062,0.00,0.00,0.00,0.00,0.00,0.00,0.00,0,,8.47,16.502,0.0
2025-10-16T21:56:16.978405,1105.050,0.00,0.00,0.00,0.00,0.00,0.00,0.00,0,,8.47,16.502,0.0
2025-10-16T21:56:16.981316,1105.053,0.00,0.00,0.00,0.00,0.00,0.00,0.00,0,,8.47,16.505,0.0
2025-10-16T21:56:18.077633,1106.149,0.00,0.00,0.00,0.00,0.00,0.00,0.00,0,,8.47,16.505,0.0
2025-10-16T21:56:19.067651,1107.139,0.00,0.00,0.00,0.00,0.00,0.00,0.00,0,,8.47,16.505,0.0
2025-10-16T21:56:19.070007,1107.141,0.00,0.00,0.00,0.00,0.00,0.00,0.00,0,,8.47,16.508,0.0
2025-10-16T21:56:20.150095,1108.222,0.00,0.00,0.00,0.00,0.00,0.00,0.00,0,,8.47,16.508,0.0
2025-10-16T21:56:21.137064,1109.209,0.00,0.00,0.00,0.00,0.00,0.00,0.00,0,,8.47,16.508,0.0
2025-10-16T21:56:21.139728,1109.211,0.00,0.00,0.00,0.00,0.00,0.00,0.00,0,,8.47,16.51,0.0
2025-10-16T21:56:22.117702,1110.189,0.00,0.00,0.00,0.00,0.00,0.00,0.00,0,,8.47,16.51,0.0
2025-10-16T21:56:23.230832,1111.302,0.00,0.00,0.00,0.00,0.00,0.00,0.00,0,,8.47,16.51,0.0
2025-10-16T21:56:23.232797,1111.304,0.00,0.00,0.00,0.00,0.00,0.00,0.00,0,,8.47,16.512,0.0
2025-10-16T21:56:24.218228,1112.290,0.00,0.00,0.00,0.00,0.00,0.00,0.00,0,,8.47,16.512,0.0
2025-10-16T21:56:24.220414,1112.292,0.00,0.00,0.00,0.00,0.00,0.00,0.00,0,,8.47,16.512,0.0
2025-10-16T21:56:25.199245,1113.271,0.00,0.00,0.00,0.00,0.00,0.00,0.00,0,,8.47,16.513,0.0
2025-10-16T21:56:26.288288,1114.360,0.00,0.00,0.00,0.00,0.00,0.00,0.00,0,,8.47,16.513,0.0
2025-10-16T21:56:26.290476,1114.362,0.00,0.00,0.00,0.00,0.00,0.00,0.00,0,,8.47,16.513,0.0
2025-10-16T21:56:27.300492,1115.372,0.00,0.00,0.00,0.00,0.00,0.00,0.00,0,,8.47,16.515,0.0
2025-10-16T21:56:28.281458,1116.353,0.00,0.00,0.00,0.00,0.00,0.00,0.00,0,,8.47,16.515,0.0
2025-10-16T21:56:28.283678,1116.355,0.00,0.00,0.00,0.00,0.00,0.00,0.00,0,,8.47,16.515,0.0
2025-10-16T21:56:29.295013,1117.366,0.00,0.00,0.00,0.00,0.00,0.00,0.00,0,,8.47,16.516,0.0
2025-10-16T21:56:30.299598,1118.371,0.00,0.00,0.00,0.00,0.00,0.00,0.00,0,,8.47,16.516,0.0
2025-10-16T21:56:30.302043,1118.374,0.00,0.00,0.00,0.00,0.00,0.00,0.00,0,,8.47,16.516,0.0
2025-10-16T21:56:31.279782,1119.351,0.00,0.00,0.00,0.00,0.00,0.00,0.00,0,,8.47,16.518,0.0
2025-10-16T21:56:32.279617,1120.351,0.00,0.00,0.00,0.00,0.00,0.00,0.00,0,,8.47,16.518,0.0
2025-10-16T21:56:32.281530,1120.353,0.00,0.00,0.00,0.00,0.00,0.00,0.00,0,,8.47,16.518,0.0
2025-10-16T21:56:33.380596,1121.452,0.00,0.00,0.00,0.00,0.00,0.00,0.00,0,,8.47,16.52,0.0
2025-10-16T21:56:34.381081,1122.453,0.00,0.00,0.00,0.00,0.00,0.00,0.00,0,,8.47,16.52,0.0
2025-10-16T21:56:34.383313,1122.455,0.00,0.00,0.00,0.00,0.00,0.00,0.00,0,,8.47,16.52,0.0
2025-10-16T21:56:35.495823,1123.567,0.00,0.00,0.00,0.00,0.00,0.00,0.00,0,,8.47,16.522,0.0
2025-10-16T21:56:35.497847,1123.569,0.00,0.00,0.00,0.00,0.00,0.00,0.00,0,,8.47,16.522,0.0
2025-10-16T21:56:36.373396,1124.445,0.00,0.00,0.00,0.00,0.00,0.00,0.00,0,,8.47,16.522,0.0
2025-10-16T21:56:37.485626,1125.557,0.00,0.00,0.00,0.00,0.00,0.00,0.00,0,,8.47,16.526,0.0
2025-10-16T21:56:37.487790,1125.559,0.00,0.00,0.00,0.00,0.00,0.00,0.00,0,,8.47,16.526,0.0
2025-10-16T21:56:38.487664,1126.559,0.00,0.00,0.00,0.00,0.00,0.00,0.00,0,,8.47,16.526,0.0
2025-10-16T21:56:39.475506,1127.547,0.00,0.00,0.00,0.00,0.00,0.00,0.00,0,,8.47,16.529,0.0
2025-10-16T21:56:39.477610,1127.549,0.00,0.00,0.00,0.00,0.00,0.00,0.00,0,,8.47,16.529,0.0
2025-10-16T21:56:40.486098,1128.558,0.00,0.00,0.00,0.00,0.00,0.00,0.00,0,,8.47,16.529,0.0
2025-10-16T21:56:41.575978,1129.647,0.00,0.00,0.00,0.00,0.00,0.00,0.00,0,,8.47,16.532,0.0
2025-10-16T21:56:41.578196,1129.650,0.00,0.00,0.00,0.00,0.00,0.00,0.00,0,,8.47,16.532,0.0
2025-10-16T21:56:42.575908,1130.647,0.00,0.00,0.00,0.00,0.00,0.00,0.00,0,,8.47,16.532,0.0
2025-10-16T21:56:43.677086,1131.749,0.00,0.00,0.00,0.00,0.00,0.00,0.00,0,,8.47,16.535,0.0
2025-10-16T21:56:43.679186,1131.751,0.00,0.00,0.00,0.00,0.00,0.00,0.00,0,,8.46,16.535,0.0
2025-10-16T21:56:44.657788,1132.729,0.00,0.00,0.00,0.00,0.00,0.00,0.00,0,,8.46,16.535,0.0
2025-10-16T21:56:45.659861,1133.731,0.00,0.00,0.00,0.00,0.00,0.00,0.00,0,,8.46,16.537,0.0
2025-10-16T21:56:45.662082,1133.734,0.00,0.00,0.00,0.00,0.00,0.00,0.00,0,,8.42,16.537,0.0
2025-10-16T21:56:46.645699,1134.717,0.00,0.00,0.00,0.00,0.00,0.00,0.00,0,,8.42,16.537,0.0
2025-10-16T21:56:46.647738,1134.719,0.00,0.00,0.00,0.00,0.00,0.00,0.00,0,,8.42,16.539,0.0
2025-10-16T21:56:47.533273,1135.605,0.00,0.00,0.00,0.00,0.00,0.00,0.00,0,,8.46,16.539,0.0
2025-10-16T21:56:48.522747,1136.594,0.00,0.00,0.00,0.00,0.00,0.00,0.00,0,,8.46,16.539,0.0
2025-10-16T21:56:49.533503,1137.605,0.00,0.00,0.00,0.00,0.00,0.00,0.00,0,,8.46,16.541,0.0
2025-10-16T21:56:49.535526,1137.607,0.00,0.00,0.00,0.00,0.00,0.00,0.00,0,,8.45,16.541,0.0
2025-10-16T21:56:50.527579,1138.599,0.00,0.00,0.00,0.00,0.00,0.00,0.00,0,,8.45,16.541,0.0
2025-10-16T21:56:51.515171,1139.587,0.00,0.00,0.00,0.00,0.00,0.00,0.00,0,,8.45,16.542,0.0
2025-10-16T21:56:51.517163,1139.589,0.00,0.00,0.00,0.00,0.00,0.00,0.00,0,,8.46,16.542,0.0
2025-10-16T21:56:52.605801,1140.677,0.00,0.00,0.00,0.00,0.00,0.00,0.00,0,,8.46,16.542,0.0
2025-10-16T21:56:52.607852,1140.679,0.00,0.00,0.00,0.00,0.00,0.00,0.00,0,,8.46,16.543,0.0
2025-10-16T21:56:53.613682,1141.685,0.00,0.00,0.00,0.00,0.00,0.00,0.00,0,,8.46,16.543,0.0
2025-10-16T21:56:54.708196,1142.780,0.00,0.00,0.00,0.00,0.00,0.00,0.00,0,,8.46,16.543,0.0
2025-10-16T21:56:54.710569,1142.782,0.00,0.00,0.00,0.00,0.00,0.00,0.00,0,,8.46,16.543,0.0
2025-10-16T21:56:55.806984,1143.878,0.00,0.00,0.00,0.00,0.00,0.00,0.00,0,,8.46,16.543,0.0
2025-10-16T21:56:56.695919,1144.767,0.00,0.00,0.00,0.00,0.00,0.00,0.00,0,,8.46,16.543,0.0
2025-10-16T21:56:56.698278,1144.770,0.00,0.00,0.00,0.00,0.00,0.00,0.00,0,,8.46,16.544,0.0
2025-10-16T21:56:57.583083,1145.655,0.00,0.00,0.00,0.00,0.00,0.00,0.00,0,,8.46,16.544,0.0
2025-10-16T21:56:58.557962,1146.629,0.00,0.00,0.00,0.00,0.00,0.00,0.00,0,,8.46,16.544,0.0
2025-10-16T21:56:58.560408,1146.632,0.00,0.00,0.00,0.00,0.00,0.00,0.00,0,,8.46,16.544,0.0
2025-10-16T21:56:59.560277,1147.632,0.00,0.00,0.00,0.00,0.00,0.00,0.00,0,,8.46,16.544,0.0
2025-10-16T21:57:00.554328,1148.626,0.00,0.00,0.00,0.00,0.00,0.00,0.00,0,,8.46,16.544,0.0
2025-10-16T21:57:01.559089,1149.631,0.00,0.00,0.00,0.00,0.00,0.00,0.00,0,,8.46,16.545,0.0
2025-10-16T21:57:01.561202,1149.633,0.00,0.00,0.00,0.00,0.00,0.00,0.00,0,,8.46,16.545,0.0
2025-10-16T21:57:02.563328,1150.635,0.00,0.00,0.00,0.00,0.00,0.00,0.00,0,,8.46,16.545,0.0
2025-10-16T21:57:02.566472,1150.638,0.00,0.00,0.00,0.00,0.00,0.00,0.00,0,,8.46,16.547,0.0
2025-10-16T21:57:03.659639,1151.731,0.00,0.00,0.00,0.00,0.00,0.00,0.00,0,,8.46,16.547,0.0
2025-10-16T21:57:04.646170,1152.718,0.00,0.00,0.00,0.00,0.00,0.00,0.00,0,,8.46,16.547,0.0
2025-10-16T21:57:04.649448,1152.721,0.00,0.00,0.00,0.00,0.00,0.00,0.00,0,,8.46,16.55,0.0
2025-10-16T21:57:05.640144,1153.712,0.00,0.00,0.00,0.00,0.00,0.00,0.00,0,,8.46,16.55,0.0
2025-10-16T21:57:06.747730,1154.819,0.00,0.00,0.00,0.00,0.00,0.00,0.00,0,,8.46,16.55,0.0
2025-10-16T21:57:06.749858,1154.821,0.00,0.00,0.00,0.00,0.00,0.00,0.00,0,,8.46,16.554,0.0
2025-10-16T21:57:07.742071,1155.814,0.00,0.00,0.00,0.00,0.00,0.00,0.00,0,,8.45,16.554,0.0
2025-10-16T21:57:08.739206,1156.811,0.00,0.00,0.00,0.00,0.00,0.00,0.00,0,,8.45,16.554,0.0
2025-10-16T21:57:08.741412,1156.813,0.00,0.00,0.00,0.00,0.00,0.00,0.00,0,,8.45,16.557,0.0
2025-10-16T21:57:09.613144,1157.685,0.00,0.00,0.00,0.00,0.00,0.00,0.00,0,,8.45,16.557,0.0
2025-10-16T21:57:10.607782,1158.679,0.00,0.00,0.00,0.00,0.00,0.00,0.00,0,,8.45,16.557,0.0
2025-10-16T21:57:10.610052,1158.682,0.00,0.00,0.00,0.00,0.00,0.00,0.00,0,,8.45,16.559,0.0
2025-10-16T21:57:11.706993,1159.778,0.00,0.00,0.00,0.00,0.00,0.00,0.00,0,,8.45,16.559,0.0
2025-10-16T21:57:12.806031,1160.877,0.00,0.00,0.00,0.00,0.00,0.00,0.00,0,,8.45,16.559,0.0
2025-10-16T21:57:12.808005,1160.879,0.00,0.00,0.00,0.00,0.00,0.00,0.00,0,,8.45,16.561,0.0
2025-10-16T21:57:13.808875,1161.880,0.00,0.00,0.00,0.00,0.00,0.00,0.00,0,,8.45,16.561,0.0
2025-10-16T21:57:14.811955,1162.883,0.00,0.00,0.00,0.00,0.00,0.00,0.00,0,,8.45,16.561,0.0
2025-10-16T21:57:14.814098,1162.886,0.00,0.00,0.00,0.00,0.00,0.00,0.00,0,,8.45,16.564,0.0
2025-10-16T21:57:15.815046,1163.887,0.00,0.00,0.00,0.00,0.00,0.00,0.00,0,,8.45,16.564,0.0
2025-10-16T21:57:15.817223,1163.889,0.00,0.00,0.00,0.00,0.00,0.00,0.00,0,,8.45,16.564,0.0
2025-10-16T21:57:16.900321,1164.972,0.00,0.00,0.00,0.00,0.00,0.00,0.00,0,,8.45,16.565,0.0
2025-10-16T21:57:18.014548,1166.086,0.00,0.00,0.00,0.00,0.00,0.00,0.00,0,,8.45,16.565,0.0
2025-10-16T21:57:18.016658,1166.088,0.00,0.00,0.00,0.00,0.00,0.00,0.00,0,,8.45,16.565,0.0
2025-10-16T21:57:19.114226,1167.186,0.00,0.00,0.00,0.00,0.00,0.00,0.00,0,,8.45,16.567,0.0
2025-10-16T21:57:20.102776,1168.174,0.00,0.00,0.00,0.00,0.00,0.00,0.00,0,,8.45,16.567,0.0
2025-10-16T21:57:20.105954,1168.177,0.00,0.00,0.00,0.00,0.00,0.00,0.00,0,,8.45,16.567,0.0
2025-10-16T21:57:21.085862,1169.157,0.00,0.00,0.00,0.00,0.00,0.00,0.00,0,,8.45,16.57,0.0
2025-10-16T21:57:22.089622,1170.161,0.00,0.00,0.00,0.00,0.00,0.00,0.00,0,,8.45,16.57,0.0
2025-10-16T21:57:22.091739,1170.163,0.00,0.00,0.00,0.00,0.00,0.00,0.00,0,,8.45,16.57,0.0
2025-10-16T21:57:23.077806,1171.149,0.00,0.00,0.00,0.00,0.00,0.00,0.00,0,,8.45,16.572,0.0
2025-10-16T21:57:23.080036,1171.151,0.00,0.00,0.00,0.00,0.00,0.00,0.00,0,,8.45,16.572,0.0
2025-10-16T21:57:24.173783,1172.245,0.00,0.00,0.00,0.00,0.00,0.00,0.00,0,,8.45,16.572,0.0
2025-10-16T21:57:25.165374,1173.237,0.00,0.00,0.00,0.00,0.00,0.00,0.00,0,,8.45,16.575,0.0
2025-10-16T21:57:25.167725,1173.239,0.00,0.00,0.00,0.00,0.00,0.00,0.00,0,,8.45,16.575,0.0
2025-10-16T21:57:26.266847,1174.338,0.00,0.00,0.00,0.00,0.00,0.00,0.00,0,,8.45,16.575,0.0
2025-10-16T21:57:26.269070,1174.341,0.00,0.00,0.00,0.00,0.00,0.00,0.00,0,,8.45,16.577,0.0
2025-10-16T21:57:27.374127,1175.446,0.00,0.00,0.00,0.00,0.00,0.00,0.00,0,,8.45,16.577,0.0
2025-10-16T21:57:28.249319,1176.321,0.00,0.00,0.00,0.00,0.00,0.00,0.00,0,,8.45,16.577,0.0
2025-10-16T21:57:28.251361,1176.323,0.00,0.00,0.00,0.00,0.00,0.00,0.00,0,,8.45,16.578,0.0
2025-10-16T21:57:29.354804,1177.426,0.00,0.00,0.00,0.00,0.00,0.00,0.00,0,,8.45,16.578,0.0
2025-10-16T21:57:30.453903,1178.525,0.00,0.00,0.00,0.00,0.00,0.00,0.00,0,,8.45,16.578,0.0
2025-10-16T21:57:30.455791,1178.527,0.00,0.00,0.00,0.00,0.00,0.00,0.00,0,,8.45,16.579,0.0
2025-10-16T21:57:31.442061,1179.514,0.00,0.00,0.00,0.00,0.00,0.00,0.00,0,,8.45,16.579,0.0
2025-10-16T21:57:32.441982,1180.513,0.00,0.00,0.00,0.00,0.00,0.00,0.00,0,,8.45,16.579,0.0
2025-10-16T21:57:32.444262,1180.516,0.00,0.00,0.00,0.00,0.00,0.00,0.00,0,,8.45,16.58,0.0
2025-10-16T21:57:33.535861,1181.607,0.00,0.00,0.00,0.00,0.00,0.00,0.00,0,,8.44,16.58,0.0
2025-10-16T21:57:34.508985,1182.580,0.00,0.00,0.00,0.00,0.00,0.00,0.00,0,,8.44,16.58,0.0
2025-10-16T21:57:34.511496,1182.583,0.00,0.00,0.00,0.00,0.00,0.00,0.00,0,,8.44,16.58,0.0
2025-10-16T21:57:35.612117,1183.684,0.00,0.00,0.00,0.00,0.00,0.00,0.00,0,,8.44,16.58,0.0
2025-10-16T21:57:35.614178,1183.686,0.00,0.00,0.00,0.00,0.00,0.00,0.00,0,,8.44,16.58,0.0
2025-10-16T21:57:37.695608,1185.767,0.00,0.00,0.00,0.00,0.00,0.00,0.00,0,,8.44,16.58,0.0
2025-10-16T21:57:37.697719,1185.769,0.00,0.00,0.00,0.00,0.00,0.00,0.00,0,,8.43,16.58,0.0
2025-10-16T21:57:37.699572,1185.771,0.00,0.00,0.00,0.00,0.00,0.00,0.00,0,,8.43,16.58,0.0
2025-10-16T21:57:38.690599,1186.762,0.00,0.00,0.00,0.00,0.00,0.00,0.00,0,,8.43,16.58,0.0
2025-10-16T21:57:39.663357,1187.735,0.00,0.00,0.00,0.00,0.00,0.00,0.00,0,,8.44,16.58,0.0
2025-10-16T21:57:39.666170,1187.738,0.00,0.00,0.00,0.00,0.00,0.00,0.00,0,,8.44,16.58,0.0
2025-10-16T21:57:40.680505,1188.752,0.00,0.00,0.00,0.00,0.00,0.00,0.00,0,,8.44,16.58,0.0
2025-10-16T21:57:41.668512,1189.740,0.00,0.00,0.00,0.00,0.00,0.00,0.00,0,,8.41,16.58,0.0
2025-10-16T21:57:42.765927,1190.837,0.00,0.00,0.00,0.00,0.00,0.00,0.00,0,,8.41,16.58,0.0
2025-10-16T21:57:42.768056,1190.840,0.00,0.00,0.00,0.00,0.00,0.00,0.00,0,,8.41,16.58,0.0
2025-10-16T21:57:43.749123,1191.821,0.00,0.00,0.00,0.00,0.00,0.00,0.00,0,,8.43,16.58,0.0
2025-10-16T21:57:43.751048,1191.823,0.00,0.00,0.00,0.00,0.00,0.00,0.00,0,,8.43,16.58,0.0
2025-10-16T21:57:44.641620,1192.713,0.00,0.00,0.00,0.00,0.00,0.00,0.00,0,,8.43,16.581,0.0
2025-10-16T21:57:45.629520,1193.701,0.00,0.00,0.00,0.00,0.00,0.00,0.00,0,,8.43,16.581,0.0
2025-10-16T21:57:45.631711,1193.703,0.00,0.00,0.00,0.00,0.00,0.00,0.00,0,,8.43,16.581,0.0
2025-10-16T21:57:46.712999,1194.784,0.00,0.00,0.00,0.00,0.00,0.00,0.00,0,,8.43,16.582,0.0
2025-10-16T21:57:47.693877,1195.765,0.00,0.00,0.00,0.00,0.00,0.00,0.00,0,,8.42,16.582,0.0
2025-10-16T21:57:47.695871,1195.767,0.00,0.00,0.00,0.00,0.00,0.00,0.00,0,,8.42,16.582,0.0
2025-10-16T21:57:48.681155,1196.753,0.00,0.00,0.00,0.00,0.00,0.00,0.00,0,,8.42,16.584,0.0
2025-10-16T21:57:49.777100,1197.849,0.00,0.00,0.00,0.00,0.00,0.00,0.00,0,,8.43,16.584,0.0
2025-10-16T21:57:49.779090,1197.851,0.00,0.00,0.00,0.00,0.00,0.00,0.00,0,,8.43,16.584,0.0
2025-10-16T21:57:50.770251,1198.842,0.00,0.00,0.00,0.00,0.00,0.00,0.00,0,,8.43,16.587,0.0
2025-10-16T21:57:51.741302,1199.813,0.00,0.00,0.00,0.00,0.00,0.00,0.00,0,,8.43,16.587,0.0
2025-10-16T21:57:51.743360,1199.815,0.00,0.00,0.00,0.00,0.00,0.00,0.00,0,,8.43,16.587,0.0
2025-10-16T21:57:52.752985,1200.824,0.00,0.00,0.00,0.00,0.00,0.00,0.00,0,,8.43,16.588,0.0
2025-10-16T21:57:53.850474,1201.922,0.00,0.00,0.00,0.00,0.00,0.00,0.00,0,,8.44,16.588,0.0
2025-10-16T21:57:53.852571,1201.924,0.00,0.00,0.00,0.00,0.00,0.00,0.00,0,,8.44,16.588,0.0
2025-10-16T21:57:54.838959,1202.910,0.00,0.00,0.00,0.00,0.00,0.00,0.00,0,,8.44,16.591,0.0
2025-10-16T21:57:54.841185,1202.913,0.00,0.00,0.00,0.00,0.00,0.00,0.00,0,,8.43,16.591,0.0
2025-10-16T21:57:55.825629,1203.897,0.00,0.00,0.00,0.00,0.00,0.00,0.00,0,,8.43,16.591,0.0
2025-10-16T21:57:56.931395,1205.003,0.00,0.00,0.00,0.00,0.00,0.00,0.00,0,,8.43,16.593,0.0
2025-10-16T21:57:56.933568,1205.005,0.00,0.00,0.00,0.00,0.00,0.00,0.00,0,,8.43,16.593,0.0
2025-10-16T21:57:57.923889,1205.995,0.00,0.00,0.00,0.00,0.00,0.00,0.00,0,,8.43,16.593,0.0
2025-10-16T21:57:59.019720,1207.091,0.00,0.00,0.00,0.00,0.00,0.00,0.00,0,,8.43,16.596,0.0
2025-10-16T21:57:59.022435,1207.094,0.00,0.00,0.00,0.00,0.00,0.00,0.00,0,,8.43,16.596,0.0
2025-10-16T21:58:00.123575,1208.195,0.00,0.00,0.00,0.00,0.00,0.00,0.00,0,,8.43,16.596,0.0
2025-10-16T21:58:00.125667,1208.197,0.00,0.00,0.00,0.00,0.00,0.00,0.00,0,,8.43,16.598,0.0
2025-10-16T21:58:01.236077,1209.308,0.00,0.00,0.00,0.00,0.00,0.00,0.00,0,,8.43,16.598,0.0
2025-10-16T21:58:02.223234,1210.295,0.00,0.00,0.00,0.00,0.00,0.00,0.00,0,,8.43,16.598,0.0
2025-10-16T21:58:02.225178,1210.297,0.00,0.00,0.00,0.00,0.00,0.00,0.00,0,,8.43,16.601,0.0
2025-10-16T21:58:03.316353,1211.388,0.00,0.00,0.00,0.00,0.00,0.00,0.00,0,,8.44,16.601,0.0
2025-10-16T21:58:03.318628,1211.390,0.00,0.00,0.00,0.00,0.00,0.00,0.00,0,,8.44,16.601,0.0
2025-10-16T21:58:04.291389,1212.363,0.00,0.00,0.00,0.00,0.00,0.00,0.00,0,,8.44,16.604,0.0
2025-10-16T21:58:05.388351,1213.460,0.00,0.00,0.00,0.00,0.00,0.00,0.00,0,,8.43,16.604,0.0
2025-10-16T21:58:06.370804,1214.442,0.00,0.00,0.00,0.00,0.00,0.00,0.00,0,,8.43,16.604,0.0
2025-10-16T21:58:06.372946,1214.444,0.00,0.00,0.00,0.00,0.00,0.00,0.00,0,,8.43,16.606,0.0
2025-10-16T21:58:07.356105,1215.428,0.00,0.00,0.00,0.00,0.00,0.00,0.00,0,,8.43,16.606,0.0
2025-10-16T21:58:08.362401,1216.434,0.00,0.00,0.00,0.00,0.00,0.00,0.00,0,,8.43,16.606,0.0
2025-10-16T21:58:08.364621,1216.436,0.00,0.00,0.00,0.00,0.00,0.00,0.00,0,,8.43,16.608,0.0
2025-10-16T21:58:09.464015,1217.535,0.00,0.00,0.00,0.00,0.00,0.00,0.00,0,,8.43,16.608,0.0
2025-10-16T21:58:09.466015,1217.537,0.00,0.00,0.00,0.00,0.00,0.00,0.00,0,,8.43,16.608,0.0
2025-10-16T21:58:10.467055,1218.539,0.00,0.00,0.00,0.00,0.00,0.00,0.00,0,,8.43,16.61,0.0
2025-10-16T21:58:11.463218,1219.535,0.00,0.00,0.00,0.00,0.00,0.00,0.00,0,,8.43,16.61,0.0
2025-10-16T21:58:11.465758,1219.537,0.00,0.00,0.00,0.00,0.00,0.00,0.00,0,,8.43,16.61,0.0
2025-10-16T21:58:12.472343,1220.544,0.00,0.00,0.00,0.00,0.00,0.00,0.00,0,,8.43,16.612,0.0
2025-10-16T21:58:13.571072,1221.643,0.00,0.00,0.00,0.00,0.00,0.00,0.00,0,,8.44,16.612,0.0
2025-10-16T21:58:13.573514,1221.645,0.00,0.00,0.00,0.00,0.00,0.00,0.00,0,,8.44,16.612,0.0
2025-10-16T21:58:14.557604,1222.629,0.00,0.00,0.00,0.00,0.00,0.00,0.00,0,,8.44,16.612,0.0
2025-10-16T21:58:15.539027,1223.610,0.00,0.00,0.00,0.00,0.00,0.00,0.00,0,,8.43,16.612,0.0
2025-10-16T21:58:15.541723,1223.613,0.00,0.00,0.00,0.00,0.00,0.00,0.00,0,,8.43,16.612,0.0
2025-10-16T21:58:16.651989,1224.723,0.00,0.00,0.00,0.00,0.00,0.00,0.00,0,,8.43,16.613,0.0
2025-10-16T21:58:16.654248,1224.726,0.00,0.00,0.00,0.00,0.00,0.00,0.00,0,,8.43,16.613,0.0
2025-10-16T21:58:17.862417,1225.934,0.00,0.00,0.00,0.00,0.00,0.00,0.00,0,,8.43,16.613,0.0
2025-10-16T21:58:18.958615,1227.030,0.00,0.00,0.00,0.00,0.00,0.00,0.00,0,,8.43,16.613,0.0
2025-10-16T21:58:18.960931,1227.032,0.00,0.00,0.00,0.00,0.00,0.00,0.00,0,,8.43,16.613,0.0
2025-10-16T21:58:19.947987,1228.019,0.00,0.00,0.00,0.00,0.00,0.00,0.00,0,,8.43,16.613,0.0
2025-10-16T21:58:19.950367,1228.022,0.00,0.00,0.00,0.00,0.00,0.00,0.00,0,,8.43,16.613,0.0
2025-10-16T21:58:21.045846,1229.117,0.00,0.00,0.00,0.00,0.00,0.00,0.00,0,,8.43,16.613,0.0
2025-10-16T21:58:22.021513,1230.093,0.00,0.00,0.00,0.00,0.00,0.00,0.00,0,,8.43,16.613,0.0
2025-10-16T21:58:22.023698,1230.095,0.00,0.00,0.00,0.00,0.00,0.00,0.00,0,,8.43,16.614,0.0
2025-10-16T21:58:23.041299,1231.113,0.00,0.00,0.00,0.00,0.00,0.00,0.00,0,,8.42,16.614,0.0
2025-10-16T21:58:24.028735,1232.100,0.00,0.00,0.00,0.00,0.00,0.00,0.00,0,,8.42,16.614,0.0
2025-10-16T21:58:24.031023,1232.102,0.00,0.00,0.00,0.00,0.00,0.00,0.00,0,,8.42,16.615,0.0
2025-10-16T21:58:25.136930,1233.208,0.00,0.00,0.00,0.00,0.00,0.00,0.00,0,,8.42,16.615,0.0
2025-10-16T21:58:26.158297,1234.230,0.00,0.00,0.00,0.00,0.00,0.00,0.00,0,,8.42,16.615,0.0
2025-10-16T21:58:26.160723,1234.232,0.00,0.00,0.00,0.00,0.00,0.00,0.00,0,,8.42,16.615,0.0
2025-10-16T21:58:27.269721,1235.341,0.00,0.00,0.00,0.00,0.00,0.00,0.00,0,,8.42,16.615,0.0
2025-10-16T21:58:28.357399,1236.429,0.00,0.00,0.00,0.00,0.00,0.00,0.00,0,,8.42,16.615,0.0
2025-10-16T21:58:28.359557,1236.431,0.00,0.00,0.00,0.00,0.00,0.00,0.00,0,,8.42,16.616,0.0
2025-10-16T21:58:29.454854,1237.526,0.00,0.00,0.00,0.00,0.00,0.00,0.00,0,,8.4,16.616,0.0
2025-10-16T21:58:29.457077,1237.529,0.00,0.00,0.00,0.00,0.00,0.00,0.00,0,,8.4,16.616,0.0
2025-10-16T21:58:30.442062,1238.514,0.00,0.00,0.00,0.00,0.00,0.00,0.00,0,,8.4,16.617,0.0
2025-10-16T21:58:31.436908,1239.508,0.00,0.00,0.00,0.00,0.00,0.00,0.00,0,,8.43,16.617,0.0
2025-10-16T21:58:31.439509,1239.511,0.00,0.00,0.00,0.00,0.00,0.00,0.00,0,,8.43,16.617,0.0
2025-10-16T21:58:32.526491,1240.598,0.00,0.00,0.00,0.00,0.00,0.00,0.00,0,,8.43,16.617,0.0
2025-10-16T21:58:32.532249,1240.604,0.00,0.00,0.00,0.00,0.00,0.00,0.00,0,,8.42,16.617,0.0
2025-10-16T21:58:33.949317,1242.021,0.00,0.00,0.00,0.00,0.00,0.00,0.00,0,,8.42,16.617,0.0
2025-10-16T21:58:35.043852,1243.115,0.00,0.00,0.00,0.00,0.00,0.00,0.00,0,,8.42,16.618,0.0
2025-10-16T21:58:35.046169,1243.118,0.00,0.00,0.00,0.00,0.00,0.00,0.00,0,,8.43,16.618,0.0
2025-10-16T21:58:36.025541,1244.097,0.00,0.00,0.00,0.00,0.00,0.00,0.00,0,,8.43,16.618,0.0
2025-10-16T21:58:36.027676,1244.099,0.00,0.00,0.00,0.00,0.00,0.00,0.00,0,,8.43,16.62,0.0
2025-10-16T21:58:37.009621,1245.081,0.00,0.00,0.00,0.00,0.00,0.00,0.00,0,,8.43,16.62,0.0
2025-10-16T21:58:37.905176,1245.977,0.00,0.00,0.00,0.00,0.00,0.00,0.00,0,,8.43,16.62,0.0
2025-10-16T21:58:37.907313,1245.979,0.00,0.00,0.00,0.00,0.00,0.00,0.00,0,,8.43,16.625,0.0
2025-10-16T21:58:39.107418,1247.179,0.00,0.00,0.00,0.00,0.00,0.00,0.00,0,,8.42,16.625,0.0
2025-10-16T21:58:40.111402,1248.183,0.00,0.00,0.00,0.00,0.00,0.00,0.00,0,,8.42,16.625,0.0
2025-10-16T21:58:40.113730,1248.185,0.00,0.00,0.00,0.00,0.00,0.00,0.00,0,,8.42,16.629,0.0
2025-10-16T21:58:41.210839,1249.282,0.00,0.00,0.00,0.00,0.00,0.00,0.00,0,,8.42,16.629,0.0
2025-10-16T21:58:42.537930,1250.609,0.00,0.00,0.00,0.00,0.00,0.00,0.00,0,,8.42,16.629,0.0
2025-10-16T21:58:42.540499,1250.612,0.00,0.00,0.00,0.00,0.00,0.00,0.00,0,,8.42,16.634,0.0
2025-10-16T21:58:42.543384,1250.615,0.00,0.00,0.00,0.00,0.00,0.00,0.00,0,,8.42,16.634,0.0
2025-10-16T21:58:43.544023,1251.615,0.00,0.00,0.00,0.00,0.00,0.00,0.00,0,,8.42,16.634,0.0
2025-10-16T21:58:44.752005,1252.823,0.00,0.00,0.00,0.00,0.00,0.00,0.00,0,,8.42,16.639,0.0
2025-10-16T21:58:44.754899,1252.826,0.00,0.00,0.00,0.00,0.00,0.00,0.00,0,,8.42,16.639,0.0
2025-10-16T21:58:45.842422,1253.914,0.00,0.00,0.00,0.00,0.00,0.00,0.00,0,,8.42,16.639,0.0
2025-10-16T21:58:45.845256,1253.917,0.00,0.00,0.00,0.00,0.00,0.00,0.00,0,,8.42,16.644,0.0
2025-10-16T21:58:46.929299,1255.001,0.00,0.00,0.00,0.00,0.00,0.00,0.00,0,,8.42,16.644,0.0
2025-10-16T21:58:48.030358,1256.102,0.00,0.00,0.00,0.00,0.00,0.00,0.00,0,,8.42,16.644,0.0
2025-10-16T21:58:48.032532,1256.104,0.00,0.00,0.00,0.00,0.00,0.00,0.00,0,,8.42,16.648,0.0
2025-10-16T21:58:49.118380,1257.190,0.00,0.00,0.00,0.00,0.00,0.00,0.00,0,,8.42,16.648,0.0
2025-10-16T21:58:49.120500,1257.192,0.00,0.00,0.00,0.00,0.00,0.00,0.00,0,,8.42,16.648,0.0
2025-10-16T21:58:50.209995,1258.281,0.00,0.00,0.00,0.00,0.00,0.00,0.00,0,,8.42,16.652,0.0
2025-10-16T21:58:51.302108,1259.374,0.00,0.00,0.00,0.00,0.00,0.00,0.00,0,,8.42,16.652,0.0
2025-10-16T21:58:51.304738,1259.376,0.00,0.00,0.00,0.00,0.00,0.00,0.00,0,,8.42,16.652,0.0
2025-10-16T21:58:52.406903,1260.478,0.00,0.00,0.00,0.00,0.00,0.00,0.00,0,,8.42,16.656,0.0
2025-10-16T21:58:52.409223,1260.481,0.00,0.00,0.00,0.00,0.00,0.00,0.00,0,,8.42,16.656,0.0
2025-10-16T21:58:53.505953,1261.577,0.00,0.00,0.00,0.00,0.00,0.00,0.00,0,,8.42,16.656,0.0
2025-10-16T21:58:54.604951,1262.676,0.00,0.00,0.00,0.00,0.00,0.00,0.00,0,,8.42,16.66,0.0
2025-10-16T21:58:54.606987,1262.678,0.00,0.00,0.00,0.00,0.00,0.00,0.00,0,,8.42,16.66,0.0
2025-10-16T21:58:55.714564,1263.786,0.00,0.00,0.00,0.00,0.00,0.00,0.00,0,,8.42,16.66,0.0
2025-10-16T21:58:55.716583,1263.788,0.00,0.00,0.00,0.00,0.00,0.00,0.00,0,,8.42,16.663,0.0
2025-10-16T21:58:56.919221,1264.991,0.00,0.00,0.00,0.00,0.00,0.00,0.00,0,,8.42,16.663,0.0
2025-10-16T21:58:58.011301,1266.083,0.00,0.00,0.00,0.00,0.00,0.00,0.00,0,,8.42,16.663,0.0
2025-10-16T21:58:58.013349,1266.085,0.00,0.00,0.00,0.00,0.00,0.00,0.00,0,,8.42,16.666,0.0
2025-10-16T21:58:59.104399,1267.176,0.00,0.00,0.00,0.00,0.00,0.00,0.00,0,,8.42,16.666,0.0
2025-10-16T21:58:59.106580,1267.178,0.00,0.00,0.00,0.00,0.00,0.00,0.00,0,,8.42,16.666,0.0
2025-10-16T21:59:00.209436,1268.281,0.00,0.00,0.00,0.00,0.00,0.00,0.00,0,,8.42,16.669,0.0
2025-10-16T21:59:01.312665,1269.384,0.00,0.00,0.00,0.00,0.00,0.00,0.00,0,,8.42,16.669,0.0
2025-10-16T21:59:01.314619,1269.386,0.00,0.00,0.00,0.00,0.00,0.00,0.00,0,,8.42,16.669,0.0
