Timestamp,Elapsed_Time_s,Temp1_C,Temp2_C,Temp3_C,Volt1_V,Volt2_V,Volt3_V,Volt4_V,Set_Rudder_deg,Actual_Rudder_deg,pH,Water_Temp,Salinity
2025-10-11T16:12:44.795894,2.722,0.00,0.00,0.00,0.00,0.00,0.00,0.00,0,,6.0,0,0
2025-10-11T16:12:44.797302,2.723,0.00,0.00,0.00,0.00,0.00,0.00,0.00,0,,6.0,0,0
2025-10-11T16:12:45.348889,3.275,0.00,0.00,0.00,0.00,0.00,0.00,0.00,0,,6.0,440.0,0
2025-10-11T16:12:45.350420,3.276,0.00,0.00,0.00,0.00,0.00,0.00,0.00,0,,6.0,440.0,0
2025-10-11T16:12:45.352303,3.278,0.00,0.00,0.00,0.00,0.00,0.00,0.00,0,,6.0,440.0,230000.0
2025-10-11T16:12:45.353552,3.279,0.00,0.00,0.00,0.00,0.00,0.00,0.00,0,,6.0,440.0,230000.0
2025-10-11T16:12:46.434672,4.360,0.00,0.00,0.00,0.00,0.00,0.00,0.00,0,,8.0,440.0,230000.0
2025-10-11T16:12:46.436327,4.362,0.00,0.00,0.00,0.00,0.00,0.00,0.00,0,,8.0,440.0,230000.0
2025-10-11T16:12:46.438236,4.364,0.00,0.00,0.00,0.00,0.00,0.00,0.00,0,,8.0,550.0,230000.0
2025-10-11T16:12:46.439645,4.365,0.00,0.00,0.00,0.00,0.00,0.00,0.00,0,,8.0,550.0,230000.0
2025-10-11T16:12:46.441684,4.367,0.00,0.00,0.00,0.00,0.00,0.00,0.00,0,,8.0,550.0,287500.0
2025-10-11T16:12:46.443292,4.369,0.00,0.00,0.00,0.00,0.00,0.00,0.00,0,,8.0,550.0,287500.0
2025-10-11T16:12:47.415926,5.342,0.00,0.00,0.00,0.00,0.00,0.00,0.00,0,,9.0,550.0,287500.0
2025-10-11T16:12:47.417636,5.343,0.00,0.00,0.00,0.00,0.00,0.00,0.00,0,,9.0,550.0,287500.0
2025-10-11T16:12:47.418982,5.345,0.00,0.00,0.00,0.00,0.00,0.00,0.00,0,,9.0,660.0,287500.0
2025-10-11T16:12:47.420356,5.346,0.00,0.00,0.00,0.00,0.00,0.00,0.00,0,,9.0,660.0,287500.0
2025-10-11T16:12:47.864745,5.790,0.00,0.00,0.00,0.00,0.00,0.00,0.00,0,,9.0,660.0,345000.0
2025-10-11T16:12:47.866395,5.792,0.00,0.00,0.00,0.00,0.00,0.00,0.00,0,,9.0,660.0,345000.0
2025-10-11T16:12:48.861347,6.787,0.00,0.00,0.00,0.00,0.00,0.00,0.00,0,,10.0,660.0,345000.0
2025-10-11T16:12:48.862686,6.788,0.00,0.00,0.00,0.00,0.00,0.00,0.00,0,,10.0,660.0,345000.0
2025-10-11T16:12:48.864102,6.790,0.00,0.00,0.00,0.00,0.00,0.00,0.00,0,,10.0,770.0,345000.0
2025-10-11T16:12:48.865540,6.791,0.00,0.00,0.00,0.00,0.00,0.00,0.00,0,,10.0,770.0,345000.0
2025-10-11T16:12:48.867977,6.794,0.00,0.00,0.00,0.00,0.00,0.00,0.00,0,,10.0,770.0,402500.0
2025-10-11T16:12:48.869852,6.796,0.00,0.00,0.00,0.00,0.00,0.00,0.00,0,,10.0,770.0,402500.0
2025-10-11T16:12:49.945654,7.871,0.00,0.00,0.00,0.00,0.00,0.00,0.00,0,,12.0,770.0,402500.0
2025-10-11T16:12:49.947013,7.873,0.00,0.00,0.00,0.00,0.00,0.00,0.00,0,,12.0,770.0,402500.0
2025-10-11T16:12:50.518914,8.445,0.00,0.00,0.00,0.00,0.00,0.00,0.00,0,,12.0,880.0,402500.0
2025-10-11T16:12:50.520393,8.446,0.00,0.00,0.00,0.00,0.00,0.00,0.00,0,,12.0,880.0,402500.0
2025-10-11T16:12:50.521955,8.448,0.00,0.00,0.00,0.00,0.00,0.00,0.00,0,,12.0,880.0,460000.0
2025-10-11T16:12:50.523345,8.449,0.00,0.00,0.00,0.00,0.00,0.00,0.00,0,,12.0,880.0,460000.0
2025-10-11T16:12:51.514260,9.440,0.00,0.00,0.00,0.00,0.00,0.00,0.00,0,,13.0,880.0,460000.0
2025-10-11T16:12:51.515668,9.441,0.00,0.00,0.00,0.00,0.00,0.00,0.00,0,,13.0,880.0,460000.0
2025-10-11T16:12:51.517009,9.443,0.00,0.00,0.00,0.00,0.00,0.00,0.00,0,,13.0,990.0,460000.0
2025-10-11T16:12:51.518464,9.444,0.00,0.00,0.00,0.00,0.00,0.00,0.00,0,,13.0,990.0,460000.0
2025-10-11T16:12:51.949774,9.875,0.00,0.00,0.00,0.00,0.00,0.00,0.00,0,,13.0,990.0,517500.0
2025-10-11T16:12:51.951365,9.877,0.00,0.00,0.00,0.00,0.00,0.00,0.00,0,,13.0,990.0,517500.0
2025-10-11T16:12:52.932935,10.859,0.00,0.00,0.00,0.00,0.00,0.00,0.00,0,,12.0,990.0,517500.0
2025-10-11T16:12:52.934809,10.860,0.00,0.00,0.00,0.00,0.00,0.00,0.00,0,,12.0,990.0,517500.0
2025-10-11T16:12:52.936489,10.862,0.00,0.00,0.00,0.00,0.00,0.00,0.00,0,,12.0,880.0,517500.0
2025-10-11T16:12:52.939809,10.865,0.00,0.00,0.00,0.00,0.00,0.00,0.00,0,,12.0,880.0,517500.0
2025-10-11T16:12:52.941804,10.867,0.00,0.00,0.00,0.00,0.00,0.00,0.00,0,,12.0,880.0,460000.0
2025-10-11T16:12:52.944478,10.870,0.00,0.00,0.00,0.00,0.00,0.00,0.00,0,,12.0,880.0,460000.0
2025-10-11T16:12:54.031319,11.957,0.00,0.00,0.00,0.00,0.00,0.00,0.00,0,,10.0,880.0,460000.0
2025-10-11T16:12:54.032742,11.958,0.00,0.00,0.00,0.00,0.00,0.00,0.00,0,,10.0,880.0,460000.0
2025-10-11T16:12:54.035393,11.961,0.00,0.00,0.00,0.00,0.00,0.00,0.00,0,,10.0,770.0,460000.0
2025-10-11T16:12:54.038107,11.964,0.00,0.00,0.00,0.00,0.00,0.00,0.00,0,,10.0,770.0,460000.0
2025-10-11T16:12:54.468747,12.394,0.00,0.00,0.00,0.00,0.00,0.00,0.00,0,,10.0,770.0,402500.0
2025-10-11T16:12:54.470387,12.396,0.00,0.00,0.00,0.00,0.00,0.00,0.00,0,,10.0,770.0,402500.0
2025-10-11T16:12:55.452975,13.379,0.00,0.00,0.00,0.00,0.00,0.00,0.00,0,,9.0,770.0,402500.0
2025-10-11T16:12:55.455068,13.381,0.00,0.00,0.00,0.00,0.00,0.00,0.00,0,,9.0,770.0,402500.0
2025-10-11T16:12:55.457551,13.383,0.00,0.00,0.00,0.00,0.00,0.00,0.00,0,,9.0,660.0,402500.0
2025-10-11T16:12:55.459698,13.385,0.00,0.00,0.00,0.00,0.00,0.00,0.00,0,,9.0,660.0,402500.0
2025-10-11T16:12:55.462021,13.388,0.00,0.00,0.00,0.00,0.00,0.00,0.00,0,,9.0,660.0,345000.0
2025-10-11T16:12:55.464928,13.391,0.00,0.00,0.00,0.00,0.00,0.00,0.00,0,,9.0,660.0,345000.0
2025-10-11T16:12:56.549155,14.475,0.00,0.00,0.00,0.00,0.00,0.00,0.00,0,,8.0,660.0,345000.0
2025-10-11T16:12:56.550606,14.476,0.00,0.00,0.00,0.00,0.00,0.00,0.00,0,,8.0,660.0,345000.0
2025-10-11T16:12:56.552216,14.478,0.00,0.00,0.00,0.00,0.00,0.00,0.00,0,,8.0,550.0,345000.0
2025-10-11T16:12:56.553836,14.479,0.00,0.00,0.00,0.00,0.00,0.00,0.00,0,,8.0,550.0,345000.0
2025-10-11T16:12:56.983394,14.909,0.00,0.00,0.00,0.00,0.00,0.00,0.00,0,,8.0,550.0,287500.0
2025-10-11T16:12:56.985290,14.911,0.00,0.00,0.00,0.00,0.00,0.00,0.00,0,,8.0,550.0,287500.0
2025-10-11T16:12:57.976390,15.902,0.00,0.00,0.00,0.00,0.00,0.00,0.00,0,,6.0,550.0,287500.0
2025-10-11T16:12:57.977895,15.904,0.00,0.00,0.00,0.00,0.00,0.00,0.00,0,,6.0,550.0,287500.0
2025-10-11T16:12:57.979303,15.905,0.00,0.00,0.00,0.00,0.00,0.00,0.00,0,,6.0,440.0,287500.0
2025-10-11T16:12:57.980944,15.907,0.00,0.00,0.00,0.00,0.00,0.00,0.00,0,,6.0,440.0,287500.0
2025-10-11T16:12:57.983257,15.909,0.00,0.00,0.00,0.00,0.00,0.00,0.00,0,,6.0,440.0,230000.0
2025-10-11T16:12:57.985260,15.911,0.00,0.00,0.00,0.00,0.00,0.00,0.00,0,,6.0,440.0,230000.0
2025-10-11T16:12:59.431198,17.357,0.00,0.00,0.00,0.00,0.00,0.00,0.00,0,,5.0,440.0,230000.0
2025-10-11T16:12:59.432875,17.359,0.00,0.00,0.00,0.00,0.00,0.00,0.00,0,,5.0,440.0,230000.0
2025-10-11T16:12:59.434537,17.360,0.00,0.00,0.00,0.00,0.00,0.00,0.00,0,,5.0,330.0,230000.0
2025-10-11T16:12:59.436194,17.362,0.00,0.00,0.00,0.00,0.00,0.00,0.00,0,,5.0,330.0,230000.0
2025-10-11T16:12:59.438479,17.364,0.00,0.00,0.00,0.00,0.00,0.00,0.00,0,,5.0,330.0,172500.0
2025-10-11T16:12:59.440910,17.367,0.00,0.00,0.00,0.00,0.00,0.00,0.00,0,,5.0,330.0,172500.0
2025-10-11T16:13:00.527498,18.453,0.00,0.00,0.00,0.00,0.00,0.00,0.00,0,,3.0,330.0,172500.0
2025-10-11T16:13:00.530578,18.456,0.00,0.00,0.00,0.00,0.00,0.00,0.00,0,,3.0,330.0,172500.0
2025-10-11T16:13:00.532470,18.458,0.00,0.00,0.00,0.00,0.00,0.00,0.00,0,,3.0,220.0,172500.0
2025-10-11T16:13:00.534585,18.460,0.00,0.00,0.00,0.00,0.00,0.00,0.00,0,,3.0,220.0,172500.0
2025-10-11T16:13:00.536890,18.463,0.00,0.00,0.00,0.00,0.00,0.00,0.00,0,,3.0,220.0,115000.0
2025-10-11T16:13:00.539258,18.465,0.00,0.00,0.00,0.00,0.00,0.00,0.00,0,,3.0,220.0,115000.0
2025-10-11T16:13:01.629303,19.555,0.00,0.00,0.00,0.00,0.00,0.00,0.00,0,,2.0,220.0,115000.0
2025-10-11T16:13:01.631541,19.557,0.00,0.00,0.00,0.00,0.00,0.00,0.00,0,,2.0,220.0,115000.0
2025-10-11T16:13:01.635061,19.561,0.00,0.00,0.00,0.00,0.00,0.00,0.00,0,,2.0,110.0,115000.0
2025-10-11T16:13:01.637164,19.563,0.00,0.00,0.00,0.00,0.00,0.00,0.00,0,,2.0,110.0,115000.0
2025-10-11T16:13:02.177281,20.103,0.00,0.00,0.00,0.00,0.00,0.00,0.00,0,,2.0,110.0,57500.0
2025-10-11T16:13:02.178965,20.105,0.00,0.00,0.00,0.00,0.00,0.00,0.00,0,,2.0,110.0,57500.0
2025-10-11T16:13:02.829930,20.756,0.00,0.00,0.00,0.00,0.00,0.00,0.00,0,,3.0,110.0,57500.0
2025-10-11T16:13:02.832531,20.758,0.00,0.00,0.00,0.00,0.00,0.00,0.00,0,,3.0,110.0,57500.0
2025-10-11T16:13:03.477479,21.403,0.00,0.00,0.00,0.00,0.00,0.00,0.00,0,,3.0,220.0,57500.0
2025-10-11T16:13:03.479117,21.405,0.00,0.00,0.00,0.00,0.00,0.00,0.00,0,,3.0,220.0,57500.0
2025-10-11T16:13:03.480692,21.406,0.00,0.00,0.00,0.00,0.00,0.00,0.00,0,,3.0,220.0,115000.0
2025-10-11T16:13:03.482364,21.408,0.00,0.00,0.00,0.00,0.00,0.00,0.00,0,,3.0,220.0,115000.0
2025-10-11T16:13:04.589077,22.515,0.00,0.00,0.00,0.00,0.00,0.00,0.00,0,,5.0,220.0,115000.0
2025-10-11T16:13:04.591162,22.517,0.00,0.00,0.00,0.00,0.00,0.00,0.00,0,,5.0,220.0,115000.0
2025-10-11T16:13:04.593347,22.519,0.00,0.00,0.00,0.00,0.00,0.00,0.00,0,,5.0,330.0,115000.0
2025-10-11T16:13:04.595846,22.522,0.00,0.00,0.00,0.00,0.00,0.00,0.00,0,,5.0,330.0,115000.0
2025-10-11T16:13:04.598809,22.524,0.00,0.00,0.00,0.00,0.00,0.00,0.00,0,,5.0,330.0,172500.0
2025-10-11T16:13:04.601801,22.527,0.00,0.00,0.00,0.00,0.00,0.00,0.00,0,,5.0,330.0,172500.0
2025-10-11T16:13:05.680620,23.606,0.00,0.00,0.00,0.00,0.00,0.00,0.00,0,,6.0,330.0,172500.0
2025-10-11T16:13:05.682560,23.608,0.00,0.00,0.00,0.00,0.00,0.00,0.00,0,,6.0,330.0,172500.0
2025-10-11T16:13:05.684095,23.610,0.00,0.00,0.00,0.00,0.00,0.00,0.00,0,,6.0,440.0,172500.0
2025-10-11T16:13:05.685629,23.611,0.00,0.00,0.00,0.00,0.00,0.00,0.00,0,,6.0,440.0,172500.0
2025-10-11T16:13:05.687662,23.613,0.00,0.00,0.00,0.00,0.00,0.00,0.00,0,,6.0,440.0,230000.0
2025-10-11T16:13:05.689826,23.615,0.00,0.00,0.00,0.00,0.00,0.00,0.00,0,,6.0,440.0,230000.0
2025-10-11T16:13:07.125076,25.051,0.00,0.00,0.00,0.00,0.00,0.00,0.00,0,,8.0,440.0,230000.0
2025-10-11T16:13:07.126784,25.052,0.00,0.00,0.00,0.00,0.00,0.00,0.00,0,,8.0,440.0,230000.0
2025-10-11T16:13:07.128386,25.054,0.00,0.00,0.00,0.00,0.00,0.00,0.00,0,,8.0,550.0,230000.0
2025-10-11T16:13:07.129926,25.056,0.00,0.00,0.00,0.00,0.00,0.00,0.00,0,,8.0,550.0,230000.0
2025-10-11T16:13:07.132201,25.058,0.00,0.00,0.00,0.00,0.00,0.00,0.00,0,,8.0,550.0,287500.0
2025-10-11T16:13:07.134727,25.060,0.00,0.00,0.00,0.00,0.00,0.00,0.00,0,,8.0,550.0,287500.0
2025-10-11T16:13:08.442556,26.368,0.00,0.00,0.00,0.00,0.00,0.00,0.00,0,,9.0,550.0,287500.0
2025-10-11T16:13:08.444176,26.370,0.00,0.00,0.00,0.00,0.00,0.00,0.00,0,,9.0,550.0,287500.0
2025-10-11T16:13:08.445903,26.372,0.00,0.00,0.00,0.00,0.00,0.00,0.00,0,,9.0,660.0,287500.0
2025-10-11T16:13:08.447712,26.373,0.00,0.00,0.00,0.00,0.00,0.00,0.00,0,,9.0,660.0,287500.0
2025-10-11T16:13:08.449974,26.376,0.00,0.00,0.00,0.00,0.00,0.00,0.00,0,,9.0,660.0,345000.0
2025-10-11T16:13:08.452299,26.378,0.00,0.00,0.00,0.00,0.00,0.00,0.00,0,,9.0,660.0,345000.0
2025-10-11T16:13:09.332993,27.259,0.00,0.00,0.00,0.00,0.00,0.00,0.00,0,,10.0,660.0,345000.0
2025-10-11T16:13:09.335368,27.261,0.00,0.00,0.00,0.00,0.00,0.00,0.00,0,,10.0,660.0,345000.0
2025-10-11T16:13:09.755983,27.682,0.00,0.00,0.00,0.00,0.00,0.00,0.00,0,,10.0,770.0,345000.0
2025-10-11T16:13:09.757718,27.683,0.00,0.00,0.00,0.00,0.00,0.00,0.00,0,,10.0,770.0,345000.0
2025-10-11T16:13:09.759487,27.685,0.00,0.00,0.00,0.00,0.00,0.00,0.00,0,,10.0,770.0,402500.0
2025-10-11T16:13:09.762160,27.688,0.00,0.00,0.00,0.00,0.00,0.00,0.00,0,,10.0,770.0,402500.0
2025-10-11T16:13:10.648482,28.574,0.00,0.00,0.00,0.00,0.00,0.00,0.00,0,,12.0,770.0,402500.0
2025-10-11T16:13:10.650172,28.576,0.00,0.00,0.00,0.00,0.00,0.00,0.00,0,,12.0,770.0,402500.0
2025-10-11T16:13:11.104331,29.030,0.00,0.00,0.00,0.00,0.00,0.00,0.00,0,,12.0,880.0,402500.0
2025-10-11T16:13:11.105964,29.032,0.00,0.00,0.00,0.00,0.00,0.00,0.00,0,,12.0,880.0,402500.0
2025-10-11T16:13:11.107637,29.033,0.00,0.00,0.00,0.00,0.00,0.00,0.00,0,,12.0,880.0,460000.0
2025-10-11T16:13:11.109316,29.035,0.00,0.00,0.00,0.00,0.00,0.00,0.00,0,,12.0,880.0,460000.0
2025-10-11T16:13:11.980940,29.907,0.00,0.00,0.00,0.00,0.00,0.00,0.00,0,,13.0,880.0,460000.0
2025-10-11T16:13:11.983167,29.909,0.00,0.00,0.00,0.00,0.00,0.00,0.00,0,,13.0,880.0,460000.0
2025-10-11T16:13:12.422681,30.348,0.00,0.00,0.00,0.00,0.00,0.00,0.00,0,,13.0,990.0,460000.0
2025-10-11T16:13:12.424360,30.350,0.00,0.00,0.00,0.00,0.00,0.00,0.00,0,,13.0,990.0,460000.0
2025-10-11T16:13:12.426597,30.352,0.00,0.00,0.00,0.00,0.00,0.00,0.00,0,,13.0,990.0,517500.0
2025-10-11T16:13:12.429453,30.355,0.00,0.00,0.00,0.00,0.00,0.00,0.00,0,,13.0,990.0,517500.0
2025-10-11T16:13:13.511972,31.438,0.00,0.00,0.00,0.00,0.00,0.00,0.00,0,,12.0,990.0,517500.0
2025-10-11T16:13:13.513634,31.439,0.00,0.00,0.00,0.00,0.00,0.00,0.00,0,,12.0,990.0,517500.0
2025-10-11T16:13:13.515421,31.441,0.00,0.00,0.00,0.00,0.00,0.00,0.00,0,,12.0,880.0,517500.0
2025-10-11T16:13:13.518203,31.444,0.00,0.00,0.00,0.00,0.00,0.00,0.00,0,,12.0,880.0,517500.0
2025-10-11T16:13:13.520371,31.446,0.00,0.00,0.00,0.00,0.00,0.00,0.00,0,,12.0,880.0,460000.0
2025-10-11T16:13:13.523545,31.449,0.00,0.00,0.00,0.00,0.00,0.00,0.00,0,,12.0,880.0,460000.0
2025-10-11T16:13:14.939968,32.866,0.00,0.00,0.00,0.00,0.00,0.00,0.00,0,,10.0,880.0,460000.0
2025-10-11T16:13:14.941560,32.867,0.00,0.00,0.00,0.00,0.00,0.00,0.00,0,,10.0,880.0,460000.0
2025-10-11T16:13:14.943139,32.869,0.00,0.00,0.00,0.00,0.00,0.00,0.00,0,,10.0,770.0,460000.0
2025-10-11T16:13:14.944760,32.870,0.00,0.00,0.00,0.00,0.00,0.00,0.00,0,,10.0,770.0,460000.0
2025-10-11T16:13:14.946922,32.873,0.00,0.00,0.00,0.00,0.00,0.00,0.00,0,,10.0,770.0,402500.0
2025-10-11T16:13:14.949306,32.875,0.00,0.00,0.00,0.00,0.00,0.00,0.00,0,,10.0,770.0,402500.0
2025-10-11T16:13:15.924547,33.850,0.00,0.00,0.00,0.00,0.00,0.00,0.00,0,,9.0,770.0,402500.0
2025-10-11T16:13:15.927039,33.853,0.00,0.00,0.00,0.00,0.00,0.00,0.00,0,,9.0,770.0,402500.0
2025-10-11T16:13:16.463398,34.389,0.00,0.00,0.00,0.00,0.00,0.00,0.00,0,,9.0,660.0,402500.0
2025-10-11T16:13:16.465077,34.391,0.00,0.00,0.00,0.00,0.00,0.00,0.00,0,,9.0,660.0,402500.0
2025-10-11T16:13:16.466858,34.393,0.00,0.00,0.00,0.00,0.00,0.00,0.00,0,,9.0,660.0,345000.0
2025-10-11T16:13:16.468447,34.394,0.00,0.00,0.00,0.00,0.00,0.00,0.00,0,,9.0,660.0,345000.0
2025-10-11T16:13:17.363704,35.289,0.00,0.00,0.00,0.00,0.00,0.00,0.00,0,,8.0,660.0,345000.0
2025-10-11T16:13:17.365696,35.291,0.00,0.00,0.00,0.00,0.00,0.00,0.00,0,,8.0,660.0,345000.0
2025-10-11T16:13:17.367581,35.293,0.00,0.00,0.00,0.00,0.00,0.00,0.00,0,,8.0,550.0,345000.0
2025-10-11T16:13:17.370097,35.296,0.00,0.00,0.00,0.00,0.00,0.00,0.00,0,,8.0,550.0,345000.0
2025-10-11T16:13:17.910738,35.836,0.00,0.00,0.00,0.00,0.00,0.00,0.00,0,,8.0,550.0,287500.0
2025-10-11T16:13:17.912422,35.838,0.00,0.00,0.00,0.00,0.00,0.00,0.00,0,,8.0,550.0,287500.0
2025-10-11T16:13:18.892767,36.818,0.00,0.00,0.00,0.00,0.00,0.00,0.00,0,,6.0,550.0,287500.0
2025-10-11T16:13:18.894382,36.820,0.00,0.00,0.00,0.00,0.00,0.00,0.00,0,,6.0,550.0,287500.0
2025-10-11T16:13:18.896007,36.822,0.00,0.00,0.00,0.00,0.00,0.00,0.00,0,,6.0,440.0,287500.0
2025-10-11T16:13:18.897820,36.823,0.00,0.00,0.00,0.00,0.00,0.00,0.00,0,,6.0,440.0,287500.0
2025-10-11T16:13:18.900452,36.826,0.00,0.00,0.00,0.00,0.00,0.00,0.00,0,,6.0,440.0,230000.0
2025-10-11T16:13:18.903094,36.829,0.00,0.00,0.00,0.00,0.00,0.00,0.00,0,,6.0,440.0,230000.0
2025-10-11T16:13:19.882524,37.808,0.00,0.00,0.00,0.00,0.00,0.00,0.00,0,,5.0,440.0,230000.0
2025-10-11T16:13:19.884587,37.810,0.00,0.00,0.00,0.00,0.00,0.00,0.00,0,,5.0,440.0,230000.0
2025-10-11T16:13:20.430501,38.356,0.00,0.00,0.00,0.00,0.00,0.00,0.00,0,,5.0,330.0,230000.0
2025-10-11T16:13:20.432203,38.358,0.00,0.00,0.00,0.00,0.00,0.00,0.00,0,,5.0,330.0,230000.0
2025-10-11T16:13:20.433862,38.360,0.00,0.00,0.00,0.00,0.00,0.00,0.00,0,,5.0,330.0,172500.0
2025-10-11T16:13:20.435499,38.361,0.00,0.00,0.00,0.00,0.00,0.00,0.00,0,,5.0,330.0,172500.0
2025-10-11T16:13:21.634838,39.560,0.00,0.00,0.00,0.00,0.00,0.00,0.00,0,,3.0,330.0,172500.0
2025-10-11T16:13:21.637117,39.563,0.00,0.00,0.00,0.00,0.00,0.00,0.00,0,,3.0,330.0,172500.0
2025-10-11T16:13:21.639183,39.565,0.00,0.00,0.00,0.00,0.00,0.00,0.00,0,,3.0,220.0,172500.0
2025-10-11T16:13:21.641297,39.567,0.00,0.00,0.00,0.00,0.00,0.00,0.00,0,,3.0,220.0,172500.0
2025-10-11T16:13:21.643795,39.569,0.00,0.00,0.00,0.00,0.00,0.00,0.00,0,,3.0,220.0,115000.0
2025-10-11T16:13:21.646531,39.572,0.00,0.00,0.00,0.00,0.00,0.00,0.00,0,,3.0,220.0,115000.0
2025-10-11T16:13:22.628202,40.554,0.00,0.00,0.00,0.00,0.00,0.00,0.00,0,,2.0,220.0,115000.0
2025-10-11T16:13:22.629837,40.555,0.00,0.00,0.00,0.00,0.00,0.00,0.00,0,,2.0,220.0,115000.0
2025-10-11T16:13:22.631762,40.557,0.00,0.00,0.00,0.00,0.00,0.00,0.00,0,,2.0,110.0,115000.0
2025-10-11T16:13:22.634040,40.560,0.00,0.00,0.00,0.00,0.00,0.00,0.00,0,,2.0,110.0,115000.0
2025-10-11T16:13:23.162550,41.088,0.00,0.00,0.00,0.00,0.00,0.00,0.00,0,,2.0,110.0,57500.0
2025-10-11T16:13:23.164292,41.090,0.00,0.00,0.00,0.00,0.00,0.00,0.00,0,,2.0,110.0,57500.0
2025-10-11T16:13:23.717071,41.643,0.00,0.00,0.00,0.00,0.00,0.00,0.00,0,,3.0,110.0,57500.0
2025-10-11T16:13:23.718935,41.645,0.00,0.00,0.00,0.00,0.00,0.00,0.00,0,,3.0,110.0,57500.0
2025-10-11T16:13:24.268262,42.194,0.00,0.00,0.00,0.00,0.00,0.00,0.00,0,,3.0,220.0,57500.0
2025-10-11T16:13:24.269849,42.196,0.00,0.00,0.00,0.00,0.00,0.00,0.00,0,,3.0,220.0,57500.0
2025-10-11T16:13:24.271481,42.197,0.00,0.00,0.00,0.00,0.00,0.00,0.00,0,,3.0,220.0,115000.0
2025-10-11T16:13:24.273027,42.199,0.00,0.00,0.00,0.00,0.00,0.00,0.00,0,,3.0,220.0,115000.0
2025-10-11T16:13:25.363623,43.289,0.00,0.00,0.00,0.00,0.00,0.00,0.00,0,,5.0,220.0,115000.0
2025-10-11T16:13:25.365637,43.291,0.00,0.00,0.00,0.00,0.00,0.00,0.00,0,,5.0,220.0,115000.0
2025-10-11T16:13:25.367471,43.293,0.00,0.00,0.00,0.00,0.00,0.00,0.00,0,,5.0,330.0,115000.0
2025-10-11T16:13:25.370257,43.296,0.00,0.00,0.00,0.00,0.00,0.00,0.00,0,,5.0,330.0,115000.0
2025-10-11T16:13:25.372797,43.298,0.00,0.00,0.00,0.00,0.00,0.00,0.00,0,,5.0,330.0,172500.0
2025-10-11T16:13:25.375829,43.301,0.00,0.00,0.00,0.00,0.00,0.00,0.00,0,,5.0,330.0,172500.0
2025-10-11T16:13:26.445278,44.371,0.00,0.00,0.00,0.00,0.00,0.00,0.00,0,,6.0,330.0,172500.0
2025-10-11T16:13:26.449170,44.375,0.00,0.00,0.00,0.00,0.00,0.00,0.00,0,,6.0,330.0,172500.0
2025-10-11T16:13:27.000334,44.926,0.00,0.00,0.00,0.00,0.00,0.00,0.00,0,,6.0,440.0,172500.0
2025-10-11T16:13:27.002946,44.929,0.00,0.00,0.00,0.00,0.00,0.00,0.00,0,,6.0,440.0,172500.0
2025-10-11T16:13:27.004740,44.930,0.00,0.00,0.00,0.00,0.00,0.00,0.00,0,,6.0,440.0,230000.0
2025-10-11T16:13:27.007419,44.933,0.00,0.00,0.00,0.00,0.00,0.00,0.00,0,,6.0,440.0,230000.0
2025-10-11T16:13:27.979106,45.905,0.00,0.00,0.00,0.00,0.00,0.00,0.00,0,,8.0,440.0,230000.0
2025-10-11T16:13:27.980938,45.907,0.00,0.00,0.00,0.00,0.00,0.00,0.00,0,,8.0,440.0,230000.0
2025-10-11T16:13:27.983241,45.909,0.00,0.00,0.00,0.00,0.00,0.00,0.00,0,,8.0,550.0,230000.0
2025-10-11T16:13:27.985760,45.911,0.00,0.00,0.00,0.00,0.00,0.00,0.00,0,,8.0,550.0,230000.0
2025-10-11T16:13:28.418056,46.344,0.00,0.00,0.00,0.00,0.00,0.00,0.00,0,,8.0,550.0,287500.0
2025-10-11T16:13:28.419859,46.346,0.00,0.00,0.00,0.00,0.00,0.00,0.00,0,,8.0,550.0,287500.0
2025-10-11T16:13:29.294896,47.221,0.00,0.00,0.00,0.00,0.00,0.00,0.00,0,,9.0,550.0,287500.0
2025-10-11T16:13:29.296674,47.222,0.00,0.00,0.00,0.00,0.00,0.00,0.00,0,,9.0,550.0,287500.0
2025-10-11T16:13:29.298639,47.224,0.00,0.00,0.00,0.00,0.00,0.00,0.00,0,,9.0,660.0,287500.0
2025-10-11T16:13:29.301534,47.227,0.00,0.00,0.00,0.00,0.00,0.00,0.00,0,,9.0,660.0,287500.0
2025-10-11T16:13:29.733508,47.659,0.00,0.00,0.00,0.00,0.00,0.00,0.00,0,,9.0,660.0,345000.0
2025-10-11T16:13:29.735212,47.661,0.00,0.00,0.00,0.00,0.00,0.00,0.00,0,,9.0,660.0,345000.0
2025-10-11T16:13:30.612504,48.538,0.00,0.00,0.00,0.00,0.00,0.00,0.00,0,,10.0,660.0,345000.0
2025-10-11T16:13:30.614675,48.540,0.00,0.00,0.00,0.00,0.00,0.00,0.00,0,,10.0,660.0,345000.0
2025-10-11T16:13:30.616717,48.542,0.00,0.00,0.00,0.00,0.00,0.00,0.00,0,,10.0,770.0,345000.0
2025-10-11T16:13:30.619495,48.545,0.00,0.00,0.00,0.00,0.00,0.00,0.00,0,,10.0,770.0,345000.0
2025-10-11T16:13:30.621944,48.548,0.00,0.00,0.00,0.00,0.00,0.00,0.00,0,,10.0,770.0,402500.0
2025-10-11T16:13:30.624719,48.550,0.00,0.00,0.00,0.00,0.00,0.00,0.00,0,,10.0,770.0,402500.0
2025-10-11T16:13:31.941989,49.868,0.00,0.00,0.00,0.00,0.00,0.00,0.00,0,,12.0,770.0,402500.0
2025-10-11T16:13:31.943817,49.869,0.00,0.00,0.00,0.00,0.00,0.00,0.00,0,,12.0,770.0,402500.0
2025-10-11T16:13:31.945781,49.871,0.00,0.00,0.00,0.00,0.00,0.00,0.00,0,,12.0,880.0,402500.0
2025-10-11T16:13:31.948323,49.874,0.00,0.00,0.00,0.00,0.00,0.00,0.00,0,,12.0,880.0,402500.0
2025-10-11T16:13:31.951192,49.877,0.00,0.00,0.00,0.00,0.00,0.00,0.00,0,,12.0,880.0,460000.0
2025-10-11T16:13:31.954006,49.880,0.00,0.00,0.00,0.00,0.00,0.00,0.00,0,,12.0,880.0,460000.0
2025-10-11T16:13:32.933100,50.859,0.00,0.00,0.00,0.00,0.00,0.00,0.00,0,,13.0,880.0,460000.0
2025-10-11T16:13:32.935032,50.861,0.00,0.00,0.00,0.00,0.00,0.00,0.00,0,,13.0,880.0,460000.0
2025-10-11T16:13:32.936857,50.863,0.00,0.00,0.00,0.00,0.00,0.00,0.00,0,,13.0,990.0,460000.0
2025-10-11T16:13:32.939372,50.865,0.00,0.00,0.00,0.00,0.00,0.00,0.00,0,,13.0,990.0,460000.0
2025-10-11T16:13:33.479200,51.405,0.00,0.00,0.00,0.00,0.00,0.00,0.00,0,,13.0,990.0,517500.0
2025-10-11T16:13:33.480974,51.407,0.00,0.00,0.00,0.00,0.00,0.00,0.00,0,,13.0,990.0,517500.0
2025-10-11T16:13:34.380278,52.306,0.00,0.00,0.00,0.00,0.00,0.00,0.00,0,,12.0,990.0,517500.0
2025-10-11T16:13:34.382909,52.309,0.00,0.00,0.00,0.00,0.00,0.00,0.00,0,,12.0,990.0,517500.0
2025-10-11T16:13:34.385562,52.311,0.00,0.00,0.00,0.00,0.00,0.00,0.00,0,,12.0,880.0,517500.0
2025-10-11T16:13:34.388447,52.314,0.00,0.00,0.00,0.00,0.00,0.00,0.00,0,,12.0,880.0,517500.0
2025-10-11T16:13:34.391407,52.317,0.00,0.00,0.00,0.00,0.00,0.00,0.00,0,,12.0,880.0,460000.0
2025-10-11T16:13:34.394116,52.320,0.00,0.00,0.00,0.00,0.00,0.00,0.00,0,,12.0,880.0,460000.0
2025-10-11T16:13:35.679519,53.605,0.00,0.00,0.00,0.00,0.00,0.00,0.00,0,,10.0,880.0,460000.0
2025-10-11T16:13:35.681327,53.607,0.00,0.00,0.00,0.00,0.00,0.00,0.00,0,,10.0,880.0,460000.0
2025-10-11T16:13:35.683605,53.609,0.00,0.00,0.00,0.00,0.00,0.00,0.00,0,,10.0,770.0,460000.0
2025-10-11T16:13:35.686724,53.612,0.00,0.00,0.00,0.00,0.00,0.00,0.00,0,,10.0,770.0,460000.0
2025-10-11T16:13:35.689825,53.615,0.00,0.00,0.00,0.00,0.00,0.00,0.00,0,,10.0,770.0,402500.0
2025-10-11T16:13:35.692943,53.619,0.00,0.00,0.00,0.00,0.00,0.00,0.00,0,,10.0,770.0,402500.0
2025-10-11T16:13:36.780816,54.706,0.00,0.00,0.00,0.00,0.00,0.00,0.00,0,,9.0,770.0,402500.0
2025-10-11T16:13:36.782845,54.709,0.00,0.00,0.00,0.00,0.00,0.00,0.00,0,,9.0,770.0,402500.0
2025-10-11T16:13:37.332702,55.258,0.00,0.00,0.00,0.00,0.00,0.00,0.00,0,,9.0,660.0,402500.0
2025-10-11T16:13:37.334503,55.260,0.00,0.00,0.00,0.00,0.00,0.00,0.00,0,,9.0,660.0,402500.0
2025-10-11T16:13:37.336366,55.262,0.00,0.00,0.00,0.00,0.00,0.00,0.00,0,,9.0,660.0,345000.0
2025-10-11T16:13:37.339161,55.265,0.00,0.00,0.00,0.00,0.00,0.00,0.00,0,,9.0,660.0,345000.0
2025-10-11T16:13:38.312639,56.238,0.00,0.00,0.00,0.00,0.00,0.00,0.00,0,,8.0,660.0,345000.0
2025-10-11T16:13:38.314466,56.240,0.00,0.00,0.00,0.00,0.00,0.00,0.00,0,,8.0,660.0,345000.0
2025-10-11T16:13:38.316479,56.242,0.00,0.00,0.00,0.00,0.00,0.00,0.00,0,,8.0,550.0,345000.0
2025-10-11T16:13:38.319355,56.245,0.00,0.00,0.00,0.00,0.00,0.00,0.00,0,,8.0,550.0,345000.0
2025-10-11T16:13:38.322088,56.248,0.00,0.00,0.00,0.00,0.00,0.00,0.00,0,,8.0,550.0,287500.0
2025-10-11T16:13:38.325126,56.251,0.00,0.00,0.00,0.00,0.00,0.00,0.00,0,,8.0,550.0,287500.0
2025-10-11T16:13:39.646024,57.572,0.00,0.00,0.00,0.00,0.00,0.00,0.00,0,,6.0,550.0,287500.0
2025-10-11T16:13:39.648781,57.574,0.00,0.00,0.00,0.00,0.00,0.00,0.00,0,,6.0,550.0,287500.0
2025-10-11T16:13:39.650965,57.577,0.00,0.00,0.00,0.00,0.00,0.00,0.00,0,,6.0,440.0,287500.0
2025-10-11T16:13:39.653411,57.579,0.00,0.00,0.00,0.00,0.00,0.00,0.00,0,,6.0,440.0,287500.0
2025-10-11T16:13:39.655924,57.582,0.00,0.00,0.00,0.00,0.00,0.00,0.00,0,,6.0,440.0,230000.0
2025-10-11T16:13:39.658995,57.585,0.00,0.00,0.00,0.00,0.00,0.00,0.00,0,,6.0,440.0,230000.0
2025-10-11T16:13:40.949741,58.875,0.00,0.00,0.00,0.00,0.00,0.00,0.00,0,,5.0,440.0,230000.0
2025-10-11T16:13:40.951551,58.877,0.00,0.00,0.00,0.00,0.00,0.00,0.00,0,,5.0,440.0,230000.0
2025-10-11T16:13:40.953295,58.879,0.00,0.00,0.00,0.00,0.00,0.00,0.00,0,,5.0,330.0,230000.0
2025-10-11T16:13:40.956173,58.882,0.00,0.00,0.00,0.00,0.00,0.00,0.00,0,,5.0,330.0,230000.0
2025-10-11T16:13:40.958614,58.884,0.00,0.00,0.00,0.00,0.00,0.00,0.00,0,,5.0,330.0,172500.0
2025-10-11T16:13:40.961895,58.888,0.00,0.00,0.00,0.00,0.00,0.00,0.00,0,,5.0,330.0,172500.0
2025-10-11T16:13:42.481734,60.407,0.00,0.00,0.00,0.00,0.00,0.00,0.00,0,,3.0,330.0,172500.0
2025-10-11T16:13:42.483715,60.409,0.00,0.00,0.00,0.00,0.00,0.00,0.00,0,,3.0,330.0,172500.0
2025-10-11T16:13:42.485714,60.411,0.00,0.00,0.00,0.00,0.00,0.00,0.00,0,,3.0,220.0,172500.0
2025-10-11T16:13:42.488742,60.414,0.00,0.00,0.00,0.00,0.00,0.00,0.00,0,,3.0,220.0,172500.0
2025-10-11T16:13:42.491482,60.417,0.00,0.00,0.00,0.00,0.00,0.00,0.00,0,,3.0,220.0,115000.0
2025-10-11T16:13:42.495282,60.421,0.00,0.00,0.00,0.00,0.00,0.00,0.00,0,,3.0,220.0,115000.0
2025-10-11T16:13:43.358415,61.284,0.00,0.00,0.00,0.00,0.00,0.00,0.00,0,,2.0,220.0,115000.0
2025-10-11T16:13:43.360521,61.286,0.00,0.00,0.00,0.00,0.00,0.00,0.00,0,,2.0,220.0,115000.0
2025-10-11T16:13:43.362565,61.288,0.00,0.00,0.00,0.00,0.00,0.00,0.00,0,,2.0,110.0,115000.0
2025-10-11T16:13:43.365991,61.292,0.00,0.00,0.00,0.00,0.00,0.00,0.00,0,,2.0,110.0,115000.0
2025-10-11T16:13:43.369004,61.295,0.00,0.00,0.00,0.00,0.00,0.00,0.00,0,,2.0,110.0,57500.0
2025-10-11T16:13:43.371614,61.297,0.00,0.00,0.00,0.00,0.00,0.00,0.00,0,,2.0,110.0,57500.0
2025-10-11T16:13:44.794787,62.720,0.00,0.00,0.00,0.00,0.00,0.00,0.00,0,,3.0,110.0,57500.0
2025-10-11T16:13:44.796801,62.722,0.00,0.00,0.00,0.00,0.00,0.00,0.00,0,,3.0,110.0,57500.0
2025-10-11T16:13:44.798906,62.725,0.00,0.00,0.00,0.00,0.00,0.00,0.00,0,,3.0,220.0,57500.0
2025-10-11T16:13:44.801534,62.727,0.00,0.00,0.00,0.00,0.00,0.00,0.00,0,,3.0,220.0,57500.0
2025-10-11T16:13:44.804233,62.730,0.00,0.00,0.00,0.00,0.00,0.00,0.00,0,,3.0,220.0,115000.0
2025-10-11T16:13:44.807233,62.733,0.00,0.00,0.00,0.00,0.00,0.00,0.00,0,,3.0,220.0,115000.0
2025-10-11T16:13:46.110768,64.036,0.00,0.00,0.00,0.00,0.00,0.00,0.00,0,,5.0,220.0,115000.0
2025-10-11T16:13:46.113024,64.039,0.00,0.00,0.00,0.00,0.00,0.00,0.00,0,,5.0,220.0,115000.0
2025-10-11T16:13:46.114983,64.041,0.00,0.00,0.00,0.00,0.00,0.00,0.00,0,,5.0,330.0,115000.0
2025-10-11T16:13:46.117567,64.043,0.00,0.00,0.00,0.00,0.00,0.00,0.00,0,,5.0,330.0,115000.0
2025-10-11T16:13:46.120341,64.046,0.00,0.00,0.00,0.00,0.00,0.00,0.00,0,,5.0,330.0,172500.0
2025-10-11T16:13:46.123515,64.049,0.00,0.00,0.00,0.00,0.00,0.00,0.00,0,,5.0,330.0,172500.0
2025-10-11T16:13:47.430806,65.356,0.00,0.00,0.00,0.00,0.00,0.00,0.00,0,,6.0,330.0,172500.0
2025-10-11T16:13:47.433739,65.359,0.00,0.00,0.00,0.00,0.00,0.00,0.00,0,,6.0,330.0,172500.0
2025-10-11T16:13:47.436367,65.362,0.00,0.00,0.00,0.00,0.00,0.00,0.00,0,,6.0,440.0,172500.0
2025-10-11T16:13:47.440006,65.366,0.00,0.00,0.00,0.00,0.00,0.00,0.00,0,,6.0,440.0,172500.0
2025-10-11T16:13:47.444622,65.370,0.00,0.00,0.00,0.00,0.00,0.00,0.00,0,,6.0,440.0,230000.0
2025-10-11T16:13:47.447059,65.373,0.00,0.00,0.00,0.00,0.00,0.00,0.00,0,,6.0,440.0,230000.0
2025-10-11T16:13:48.416412,66.342,0.00,0.00,0.00,0.00,0.00,0.00,0.00,0,,8.0,440.0,230000.0
2025-10-11T16:13:48.419084,66.345,0.00,0.00,0.00,0.00,0.00,0.00,0.00,0,,8.0,440.0,230000.0
2025-10-11T16:13:48.969335,66.895,0.00,0.00,0.00,0.00,0.00,0.00,0.00,0,,8.0,550.0,230000.0
2025-10-11T16:13:48.971213,66.897,0.00,0.00,0.00,0.00,0.00,0.00,0.00,0,,8.0,550.0,230000.0
2025-10-11T16:13:48.973045,66.899,0.00,0.00,0.00,0.00,0.00,0.00,0.00,0,,8.0,550.0,287500.0
2025-10-11T16:13:48.974989,66.901,0.00,0.00,0.00,0.00,0.00,0.00,0.00,0,,8.0,550.0,287500.0
2025-10-11T16:13:49.864982,67.791,0.00,0.00,0.00,0.00,0.00,0.00,0.00,0,,9.0,550.0,287500.0
2025-10-11T16:13:49.867651,67.793,0.00,0.00,0.00,0.00,0.00,0.00,0.00,0,,9.0,550.0,287500.0
2025-10-11T16:13:50.399444,68.325,0.00,0.00,0.00,0.00,0.00,0.00,0.00,0,,9.0,660.0,287500.0
2025-10-11T16:13:50.402443,68.328,0.00,0.00,0.00,0.00,0.00,0.00,0.00,0,,9.0,660.0,287500.0
2025-10-11T16:13:50.405343,68.331,0.00,0.00,0.00,0.00,0.00,0.00,0.00,0,,9.0,660.0,345000.0
2025-10-11T16:13:50.408331,68.334,0.00,0.00,0.00,0.00,0.00,0.00,0.00,0,,9.0,660.0,345000.0
2025-10-11T16:13:51.397387,69.323,0.00,0.00,0.00,0.00,0.00,0.00,0.00,0,,10.0,660.0,345000.0
2025-10-11T16:13:51.399767,69.325,0.00,0.00,0.00,0.00,0.00,0.00,0.00,0,,10.0,660.0,345000.0
2025-10-11T16:13:51.402310,69.328,0.00,0.00,0.00,0.00,0.00,0.00,0.00,0,,10.0,770.0,345000.0
2025-10-11T16:13:51.405202,69.331,0.00,0.00,0.00,0.00,0.00,0.00,0.00,0,,10.0,770.0,345000.0
2025-10-11T16:13:51.408181,69.334,0.00,0.00,0.00,0.00,0.00,0.00,0.00,0,,10.0,770.0,402500.0
2025-10-11T16:13:51.411722,69.337,0.00,0.00,0.00,0.00,0.00,0.00,0.00,0,,10.0,770.0,402500.0
2025-10-11T16:13:52.829214,70.755,0.00,0.00,0.00,0.00,0.00,0.00,0.00,0,,12.0,770.0,402500.0
2025-10-11T16:13:52.831273,70.757,0.00,0.00,0.00,0.00,0.00,0.00,0.00,0,,12.0,770.0,402500.0
2025-10-11T16:13:52.833628,70.759,0.00,0.00,0.00,0.00,0.00,0.00,0.00,0,,12.0,880.0,402500.0
2025-10-11T16:13:52.836639,70.762,0.00,0.00,0.00,0.00,0.00,0.00,0.00,0,,12.0,880.0,402500.0
2025-10-11T16:13:52.839485,70.765,0.00,0.00,0.00,0.00,0.00,0.00,0.00,0,,12.0,880.0,460000.0
2025-10-11T16:13:52.842983,70.769,0.00,0.00,0.00,0.00,0.00,0.00,0.00,0,,12.0,880.0,460000.0
2025-10-11T16:13:54.142575,72.068,0.00,0.00,0.00,0.00,0.00,0.00,0.00,0,,13.0,880.0,460000.0
2025-10-11T16:13:54.144609,72.070,0.00,0.00,0.00,0.00,0.00,0.00,0.00,0,,13.0,880.0,460000.0
2025-10-11T16:13:54.146630,72.072,0.00,0.00,0.00,0.00,0.00,0.00,0.00,0,,13.0,990.0,460000.0
2025-10-11T16:13:54.149643,72.075,0.00,0.00,0.00,0.00,0.00,0.00,0.00,0,,13.0,990.0,460000.0
2025-10-11T16:13:54.152595,72.078,0.00,0.00,0.00,0.00,0.00,0.00,0.00,0,,13.0,990.0,517500.0
2025-10-11T16:13:54.155570,72.081,0.00,0.00,0.00,0.00,0.00,0.00,0.00,0,,13.0,990.0,517500.0
2025-10-11T16:13:55.115287,73.041,0.00,0.00,0.00,0.00,0.00,0.00,0.00,0,,12.0,990.0,517500.0
2025-10-11T16:13:55.117619,73.043,0.00,0.00,0.00,0.00,0.00,0.00,0.00,0,,12.0,990.0,517500.0
2025-10-11T16:13:55.665855,73.592,0.00,0.00,0.00,0.00,0.00,0.00,0.00,0,,12.0,880.0,517500.0
2025-10-11T16:13:55.667997,73.594,0.00,0.00,0.00,0.00,0.00,0.00,0.00,0,,12.0,880.0,517500.0
2025-10-11T16:13:55.670148,73.596,0.00,0.00,0.00,0.00,0.00,0.00,0.00,0,,12.0,880.0,460000.0
2025-10-11T16:13:55.672909,73.599,0.00,0.00,0.00,0.00,0.00,0.00,0.00,0,,12.0,880.0,460000.0
2025-10-11T16:13:56.546824,74.472,0.00,0.00,0.00,0.00,0.00,0.00,0.00,0,,10.0,880.0,460000.0
2025-10-11T16:13:56.548962,74.475,0.00,0.00,0.00,0.00,0.00,0.00,0.00,0,,10.0,880.0,460000.0
2025-10-11T16:13:56.551092,74.477,0.00,0.00,0.00,0.00,0.00,0.00,0.00,0,,10.0,770.0,460000.0
2025-10-11T16:13:56.553909,74.480,0.00,0.00,0.00,0.00,0.00,0.00,0.00,0,,10.0,770.0,460000.0
2025-10-11T16:13:56.984156,74.910,0.00,0.00,0.00,0.00,0.00,0.00,0.00,0,,10.0,770.0,402500.0
2025-10-11T16:13:56.986714,74.912,0.00,0.00,0.00,0.00,0.00,0.00,0.00,0,,10.0,770.0,402500.0
2025-10-11T16:13:57.982942,75.909,0.00,0.00,0.00,0.00,0.00,0.00,0.00,0,,9.0,770.0,402500.0
2025-10-11T16:13:57.985194,75.911,0.00,0.00,0.00,0.00,0.00,0.00,0.00,0,,9.0,770.0,402500.0
2025-10-11T16:13:57.987407,75.913,0.00,0.00,0.00,0.00,0.00,0.00,0.00,0,,9.0,660.0,402500.0
2025-10-11T16:13:57.990188,75.916,0.00,0.00,0.00,0.00,0.00,0.00,0.00,0,,9.0,660.0,402500.0
2025-10-11T16:13:57.992577,75.918,0.00,0.00,0.00,0.00,0.00,0.00,0.00,0,,9.0,660.0,345000.0
2025-10-11T16:13:57.995030,75.921,0.00,0.00,0.00,0.00,0.00,0.00,0.00,0,,9.0,660.0,345000.0
2025-10-11T16:13:59.422161,77.348,0.00,0.00,0.00,0.00,0.00,0.00,0.00,0,,8.0,660.0,345000.0
2025-10-11T16:13:59.424786,77.350,0.00,0.00,0.00,0.00,0.00,0.00,0.00,0,,8.0,660.0,345000.0
2025-10-11T16:13:59.426943,77.353,0.00,0.00,0.00,0.00,0.00,0.00,0.00,0,,8.0,550.0,345000.0
2025-10-11T16:13:59.429715,77.355,0.00,0.00,0.00,0.00,0.00,0.00,0.00,0,,8.0,550.0,345000.0
2025-10-11T16:13:59.433007,77.359,0.00,0.00,0.00,0.00,0.00,0.00,0.00,0,,8.0,550.0,287500.0
2025-10-11T16:13:59.437191,77.363,0.00,0.00,0.00,0.00,0.00,0.00,0.00,0,,8.0,550.0,287500.0
2025-10-11T16:14:00.398860,78.325,0.00,0.00,0.00,0.00,0.00,0.00,0.00,0,,6.0,550.0,287500.0
2025-10-11T16:14:00.401572,78.327,0.00,0.00,0.00,0.00,0.00,0.00,0.00,0,,6.0,550.0,287500.0
2025-10-11T16:14:00.405392,78.331,0.00,0.00,0.00,0.00,0.00,0.00,0.00,0,,6.0,440.0,287500.0
2025-10-11T16:14:00.407817,78.333,0.00,0.00,0.00,0.00,0.00,0.00,0.00,0,,6.0,440.0,287500.0
2025-10-11T16:14:00.851605,78.777,0.00,0.00,0.00,0.00,0.00,0.00,0.00,0,,6.0,440.0,230000.0
2025-10-11T16:14:00.853988,78.780,0.00,0.00,0.00,0.00,0.00,0.00,0.00,0,,6.0,440.0,230000.0
2025-10-11T16:14:01.842390,79.768,0.00,0.00,0.00,0.00,0.00,0.00,0.00,0,,5.0,440.0,230000.0
2025-10-11T16:14:01.844798,79.770,0.00,0.00,0.00,0.00,0.00,0.00,0.00,0,,5.0,440.0,230000.0
2025-10-11T16:14:01.847044,79.773,0.00,0.00,0.00,0.00,0.00,0.00,0.00,0,,5.0,330.0,230000.0
2025-10-11T16:14:01.849800,79.775,0.00,0.00,0.00,0.00,0.00,0.00,0.00,0,,5.0,330.0,230000.0
2025-10-11T16:14:01.852347,79.778,0.00,0.00,0.00,0.00,0.00,0.00,0.00,0,,5.0,330.0,172500.0
2025-10-11T16:14:01.855228,79.781,0.00,0.00,0.00,0.00,0.00,0.00,0.00,0,,5.0,330.0,172500.0
2025-10-11T16:14:02.932135,80.858,0.00,0.00,0.00,0.00,0.00,0.00,0.00,0,,3.0,330.0,172500.0
2025-10-11T16:14:02.934667,80.860,0.00,0.00,0.00,0.00,0.00,0.00,0.00,0,,3.0,330.0,172500.0
2025-10-11T16:14:02.936720,80.862,0.00,0.00,0.00,0.00,0.00,0.00,0.00,0,,3.0,220.0,172500.0
2025-10-11T16:14:02.939603,80.865,0.00,0.00,0.00,0.00,0.00,0.00,0.00,0,,3.0,220.0,172500.0
2025-10-11T16:14:03.383008,81.309,0.00,0.00,0.00,0.00,0.00,0.00,0.00,0,,3.0,220.0,115000.0
2025-10-11T16:14:03.385756,81.311,0.00,0.00,0.00,0.00,0.00,0.00,0.00,0,,3.0,220.0,115000.0
2025-10-11T16:14:04.375397,82.301,0.00,0.00,0.00,0.00,0.00,0.00,0.00,0,,2.0,220.0,115000.0
2025-10-11T16:14:04.377679,82.303,0.00,0.00,0.00,0.00,0.00,0.00,0.00,0,,2.0,220.0,115000.0
2025-10-11T16:14:04.380197,82.306,0.00,0.00,0.00,0.00,0.00,0.00,0.00,0,,2.0,110.0,115000.0
2025-10-11T16:14:04.383109,82.309,0.00,0.00,0.00,0.00,0.00,0.00,0.00,0,,2.0,110.0,115000.0
2025-10-11T16:14:04.386304,82.312,0.00,0.00,0.00,0.00,0.00,0.00,0.00,0,,2.0,110.0,57500.0
2025-10-11T16:14:04.389024,82.315,0.00,0.00,0.00,0.00,0.00,0.00,0.00,0,,2.0,110.0,57500.0
2025-10-11T16:14:05.367768,83.293,0.00,0.00,0.00,0.00,0.00,0.00,0.00,0,,3.0,110.0,57500.0
2025-10-11T16:14:05.370284,83.296,0.00,0.00,0.00,0.00,0.00,0.00,0.00,0,,3.0,110.0,57500.0
2025-10-11T16:14:05.823056,83.749,0.00,0.00,0.00,0.00,0.00,0.00,0.00,0,,3.0,220.0,57500.0
2025-10-11T16:14:05.826223,83.752,0.00,0.00,0.00,0.00,0.00,0.00,0.00,0,,3.0,220.0,57500.0
2025-10-11T16:14:05.829732,83.755,0.00,0.00,0.00,0.00,0.00,0.00,0.00,0,,3.0,220.0,115000.0
2025-10-11T16:14:05.832758,83.758,0.00,0.00,0.00,0.00,0.00,0.00,0.00,0,,3.0,220.0,115000.0
2025-10-11T16:14:06.833460,84.759,0.00,0.00,0.00,0.00,0.00,0.00,0.00,0,,5.0,220.0,115000.0
2025-10-11T16:14:06.836070,84.762,0.00,0.00,0.00,0.00,0.00,0.00,0.00,0,,5.0,220.0,115000.0
2025-10-11T16:14:06.838795,84.764,0.00,0.00,0.00,0.00,0.00,0.00,0.00,0,,5.0,330.0,115000.0
2025-10-11T16:14:06.842881,84.769,0.00,0.00,0.00,0.00,0.00,0.00,0.00,0,,5.0,330.0,115000.0
2025-10-11T16:14:06.846485,84.772,0.00,0.00,0.00,0.00,0.00,0.00,0.00,0,,5.0,330.0,172500.0
2025-10-11T16:14:06.849651,84.775,0.00,0.00,0.00,0.00,0.00,0.00,0.00,0,,5.0,330.0,172500.0
2025-10-11T16:14:07.917130,85.843,0.00,0.00,0.00,0.00,0.00,0.00,0.00,0,,6.0,330.0,172500.0
2025-10-11T16:14:07.919151,85.845,0.00,0.00,0.00,0.00,0.00,0.00,0.00,0,,6.0,330.0,172500.0
2025-10-11T16:14:08.576328,86.502,0.00,0.00,0.00,0.00,0.00,0.00,0.00,0,,6.0,440.0,172500.0
2025-10-11T16:14:08.578436,86.504,0.00,0.00,0.00,0.00,0.00,0.00,0.00,0,,6.0,440.0,172500.0
2025-10-11T16:14:08.580620,86.506,0.00,0.00,0.00,0.00,0.00,0.00,0.00,0,,6.0,440.0,230000.0
2025-10-11T16:14:08.583830,86.509,0.00,0.00,0.00,0.00,0.00,0.00,0.00,0,,6.0,440.0,230000.0
2025-10-11T16:14:09.231488,87.157,0.00,0.00,0.00,0.00,0.00,0.00,0.00,0,,8.0,440.0,230000.0
2025-10-11T16:14:09.234407,87.160,0.00,0.00,0.00,0.00,0.00,0.00,0.00,0,,8.0,440.0,230000.0
2025-10-11T16:14:09.789064,87.715,0.00,0.00,0.00,0.00,0.00,0.00,0.00,0,,8.0,550.0,230000.0
2025-10-11T16:14:09.791145,87.717,0.00,0.00,0.00,0.00,0.00,0.00,0.00,0,,8.0,550.0,230000.0
2025-10-11T16:14:09.793142,87.719,0.00,0.00,0.00,0.00,0.00,0.00,0.00,0,,8.0,550.0,287500.0
2025-10-11T16:14:09.795916,87.722,0.00,0.00,0.00,0.00,0.00,0.00,0.00,0,,8.0,550.0,287500.0
2025-10-11T16:14:10.776214,88.702,0.00,0.00,0.00,0.00,0.00,0.00,0.00,0,,9.0,550.0,287500.0
2025-10-11T16:14:10.779225,88.705,0.00,0.00,0.00,0.00,0.00,0.00,0.00,0,,9.0,550.0,287500.0
2025-10-11T16:14:10.782133,88.708,0.00,0.00,0.00,0.00,0.00,0.00,0.00,0,,9.0,660.0,287500.0
2025-10-11T16:14:10.785808,88.711,0.00,0.00,0.00,0.00,0.00,0.00,0.00,0,,9.0,660.0,287500.0
2025-10-11T16:14:10.789463,88.715,0.00,0.00,0.00,0.00,0.00,0.00,0.00,0,,9.0,660.0,345000.0
2025-10-11T16:14:10.792572,88.718,0.00,0.00,0.00,0.00,0.00,0.00,0.00,0,,9.0,660.0,345000.0
2025-10-11T16:14:11.883620,89.809,0.00,0.00,0.00,0.00,0.00,0.00,0.00,0,,10.0,660.0,345000.0
2025-10-11T16:14:11.885857,89.812,0.00,0.00,0.00,0.00,0.00,0.00,0.00,0,,10.0,660.0,345000.0
2025-10-11T16:14:11.887848,89.814,0.00,0.00,0.00,0.00,0.00,0.00,0.00,0,,10.0,770.0,345000.0
2025-10-11T16:14:11.890393,89.816,0.00,0.00,0.00,0.00,0.00,0.00,0.00,0,,10.0,770.0,345000.0
2025-10-11T16:14:12.429149,90.355,0.00,0.00,0.00,0.00,0.00,0.00,0.00,0,,10.0,770.0,402500.0
2025-10-11T16:14:12.431434,90.357,0.00,0.00,0.00,0.00,0.00,0.00,0.00,0,,10.0,770.0,402500.0
2025-10-11T16:14:13.442074,91.368,0.00,0.00,0.00,0.00,0.00,0.00,0.00,0,,12.0,770.0,402500.0
2025-10-11T16:14:13.444214,91.370,0.00,0.00,0.00,0.00,0.00,0.00,0.00,0,,12.0,770.0,402500.0
2025-10-11T16:14:13.446193,91.372,0.00,0.00,0.00,0.00,0.00,0.00,0.00,0,,12.0,880.0,402500.0
2025-10-11T16:14:13.449967,91.376,0.00,0.00,0.00,0.00,0.00,0.00,0.00,0,,12.0,880.0,402500.0
2025-10-11T16:14:13.454098,91.380,0.00,0.00,0.00,0.00,0.00,0.00,0.00,0,,12.0,880.0,460000.0
2025-10-11T16:14:13.457387,91.383,0.00,0.00,0.00,0.00,0.00,0.00,0.00,0,,12.0,880.0,460000.0
2025-10-11T16:14:14.415085,92.341,0.00,0.00,0.00,0.00,0.00,0.00,0.00,0,,13.0,880.0,460000.0
2025-10-11T16:14:14.418462,92.344,0.00,0.00,0.00,0.00,0.00,0.00,0.00,0,,13.0,880.0,460000.0
2025-10-11T16:14:14.421503,92.347,0.00,0.00,0.00,0.00,0.00,0.00,0.00,0,,13.0,990.0,460000.0
2025-10-11T16:14:14.424009,92.350,0.00,0.00,0.00,0.00,0.00,0.00,0.00,0,,13.0,990.0,460000.0
2025-10-11T16:14:14.962532,92.888,0.00,0.00,0.00,0.00,0.00,0.00,0.00,0,,13.0,990.0,517500.0
2025-10-11T16:14:14.964708,92.890,0.00,0.00,0.00,0.00,0.00,0.00,0.00,0,,13.0,990.0,517500.0
2025-10-11T16:14:15.859980,93.786,0.00,0.00,0.00,0.00,0.00,0.00,0.00,0,,12.0,990.0,517500.0
2025-10-11T16:14:15.862826,93.788,0.00,0.00,0.00,0.00,0.00,0.00,0.00,0,,12.0,990.0,517500.0
2025-10-11T16:14:15.866467,93.792,0.00,0.00,0.00,0.00,0.00,0.00,0.00,0,,12.0,880.0,517500.0
2025-10-11T16:14:15.870313,93.796,0.00,0.00,0.00,0.00,0.00,0.00,0.00,0,,12.0,880.0,517500.0
2025-10-11T16:14:15.873705,93.799,0.00,0.00,0.00,0.00,0.00,0.00,0.00,0,,12.0,880.0,460000.0
2025-10-11T16:14:15.877272,93.803,0.00,0.00,0.00,0.00,0.00,0.00,0.00,0,,12.0,880.0,460000.0
2025-10-11T16:14:16.867082,94.793,0.00,0.00,0.00,0.00,0.00,0.00,0.00,0,,10.0,880.0,460000.0
2025-10-11T16:14:16.869316,94.795,0.00,0.00,0.00,0.00,0.00,0.00,0.00,0,,10.0,880.0,460000.0
2025-10-11T16:14:17.291074,95.217,0.00,0.00,0.00,0.00,0.00,0.00,0.00,0,,10.0,770.0,460000.0
2025-10-11T16:14:17.293220,95.219,0.00,0.00,0.00,0.00,0.00,0.00,0.00,0,,10.0,770.0,460000.0
2025-10-11T16:14:17.295440,95.221,0.00,0.00,0.00,0.00,0.00,0.00,0.00,0,,10.0,770.0,402500.0
2025-10-11T16:14:17.299026,95.225,0.00,0.00,0.00,0.00,0.00,0.00,0.00,0,,10.0,770.0,402500.0
2025-10-11T16:14:18.284139,96.210,0.00,0.00,0.00,0.00,0.00,0.00,0.00,0,,9.0,770.0,402500.0
2025-10-11T16:14:18.286604,96.212,0.00,0.00,0.00,0.00,0.00,0.00,0.00,0,,9.0,770.0,402500.0
2025-10-11T16:14:18.288916,96.215,0.00,0.00,0.00,0.00,0.00,0.00,0.00,0,,9.0,660.0,402500.0
2025-10-11T16:14:18.291927,96.218,0.00,0.00,0.00,0.00,0.00,0.00,0.00,0,,9.0,660.0,402500.0
2025-10-11T16:14:18.295583,96.221,0.00,0.00,0.00,0.00,0.00,0.00,0.00,0,,9.0,660.0,345000.0
2025-10-11T16:14:18.298195,96.224,0.00,0.00,0.00,0.00,0.00,0.00,0.00,0,,9.0,660.0,345000.0
2025-10-11T16:14:19.706041,97.632,0.00,0.00,0.00,0.00,0.00,0.00,0.00,0,,8.0,660.0,345000.0
2025-10-11T16:14:19.708316,97.634,0.00,0.00,0.00,0.00,0.00,0.00,0.00,0,,8.0,660.0,345000.0
2025-10-11T16:14:19.710405,97.636,0.00,0.00,0.00,0.00,0.00,0.00,0.00,0,,8.0,550.0,345000.0
2025-10-11T16:14:19.713307,97.639,0.00,0.00,0.00,0.00,0.00,0.00,0.00,0,,8.0,550.0,345000.0
2025-10-11T16:14:19.716749,97.642,0.00,0.00,0.00,0.00,0.00,0.00,0.00,0,,8.0,550.0,287500.0
2025-10-11T16:14:19.720497,97.646,0.00,0.00,0.00,0.00,0.00,0.00,0.00,0,,8.0,550.0,287500.0
2025-10-11T16:14:20.800638,98.726,0.00,0.00,0.00,0.00,0.00,0.00,0.00,0,,6.0,550.0,287500.0
2025-10-11T16:14:20.802831,98.728,0.00,0.00,0.00,0.00,0.00,0.00,0.00,0,,6.0,550.0,287500.0
2025-10-11T16:14:20.805090,98.731,0.00,0.00,0.00,0.00,0.00,0.00,0.00,0,,6.0,440.0,287500.0
2025-10-11T16:14:20.808018,98.734,0.00,0.00,0.00,0.00,0.00,0.00,0.00,0,,6.0,440.0,287500.0
2025-10-11T16:14:21.346684,99.272,0.00,0.00,0.00,0.00,0.00,0.00,0.00,0,,6.0,440.0,230000.0
2025-10-11T16:14:21.349010,99.275,0.00,0.00,0.00,0.00,0.00,0.00,0.00,0,,6.0,440.0,230000.0
2025-10-11T16:14:21.882124,99.808,0.00,0.00,0.00,0.00,0.00,0.00,0.00,0,,5.0,440.0,230000.0
2025-10-11T16:14:21.884562,99.810,0.00,0.00,0.00,0.00,0.00,0.00,0.00,0,,5.0,440.0,230000.0
2025-10-11T16:14:22.437437,100.363,0.00,0.00,0.00,0.00,0.00,0.00,0.00,0,,5.0,330.0,230000.0
2025-10-11T16:14:22.439652,100.365,0.00,0.00,0.00,0.00,0.00,0.00,0.00,0,,5.0,330.0,230000.0
2025-10-11T16:14:22.442128,100.368,0.00,0.00,0.00,0.00,0.00,0.00,0.00,0,,5.0,330.0,172500.0
2025-10-11T16:14:22.445298,100.371,0.00,0.00,0.00,0.00,0.00,0.00,0.00,0,,5.0,330.0,172500.0
2025-10-11T16:14:23.527511,101.453,0.00,0.00,0.00,0.00,0.00,0.00,0.00,0,,3.0,330.0,172500.0
2025-10-11T16:14:23.530105,101.456,0.00,0.00,0.00,0.00,0.00,0.00,0.00,0,,3.0,330.0,172500.0
2025-10-11T16:14:23.532337,101.458,0.00,0.00,0.00,0.00,0.00,0.00,0.00,0,,3.0,220.0,172500.0
2025-10-11T16:14:23.535464,101.461,0.00,0.00,0.00,0.00,0.00,0.00,0.00,0,,3.0,220.0,172500.0
2025-10-11T16:14:23.539583,101.465,0.00,0.00,0.00,0.00,0.00,0.00,0.00,0,,3.0,220.0,115000.0
2025-10-11T16:14:23.542537,101.468,0.00,0.00,0.00,0.00,0.00,0.00,0.00,0,,3.0,220.0,115000.0
2025-10-11T16:14:24.516271,102.442,0.00,0.00,0.00,0.00,0.00,0.00,0.00,0,,2.0,220.0,115000.0
2025-10-11T16:14:24.519592,102.445,0.00,0.00,0.00,0.00,0.00,0.00,0.00,0,,2.0,220.0,115000.0
2025-10-11T16:14:24.957109,102.883,0.00,0.00,0.00,0.00,0.00,0.00,0.00,0,,2.0,110.0,115000.0
2025-10-11T16:14:24.960580,102.886,0.00,0.00,0.00,0.00,0.00,0.00,0.00,0,,2.0,110.0,115000.0
2025-10-11T16:14:24.964283,102.890,0.00,0.00,0.00,0.00,0.00,0.00,0.00,0,,2.0,110.0,57500.0
2025-10-11T16:14:24.968140,102.894,0.00,0.00,0.00,0.00,0.00,0.00,0.00,0,,2.0,110.0,57500.0
2025-10-11T16:14:26.058178,103.984,0.00,0.00,0.00,0.00,0.00,0.00,0.00,0,,3.0,110.0,57500.0
2025-10-11T16:14:26.060569,103.986,0.00,0.00,0.00,0.00,0.00,0.00,0.00,0,,3.0,110.0,57500.0
2025-10-11T16:14:26.063052,103.989,0.00,0.00,0.00,0.00,0.00,0.00,0.00,0,,3.0,220.0,57500.0
2025-10-11T16:14:26.066216,103.992,0.00,0.00,0.00,0.00,0.00,0.00,0.00,0,,3.0,220.0,57500.0
2025-10-11T16:14:26.070619,103.996,0.00,0.00,0.00,0.00,0.00,0.00,0.00,0,,3.0,220.0,115000.0
2025-10-11T16:14:26.073603,103.999,0.00,0.00,0.00,0.00,0.00,0.00,0.00,0,,3.0,220.0,115000.0
2025-10-11T16:14:27.158188,105.084,0.00,0.00,0.00,0.00,0.00,0.00,0.00,0,,5.0,220.0,115000.0
2025-10-11T16:14:27.160712,105.086,0.00,0.00,0.00,0.00,0.00,0.00,0.00,0,,5.0,220.0,115000.0
2025-10-11T16:14:27.164243,105.090,0.00,0.00,0.00,0.00,0.00,0.00,0.00,0,,5.0,330.0,115000.0
2025-10-11T16:14:27.167570,105.093,0.00,0.00,0.00,0.00,0.00,0.00,0.00,0,,5.0,330.0,115000.0
2025-10-11T16:14:27.700413,105.626,0.00,0.00,0.00,0.00,0.00,0.00,0.00,0,,5.0,330.0,172500.0
2025-10-11T16:14:27.703818,105.629,0.00,0.00,0.00,0.00,0.00,0.00,0.00,0,,5.0,330.0,172500.0
2025-10-11T16:14:28.568930,106.495,0.00,0.00,0.00,0.00,0.00,0.00,0.00,0,,6.0,330.0,172500.0
2025-10-11T16:14:28.571533,106.497,0.00,0.00,0.00,0.00,0.00,0.00,0.00,0,,6.0,330.0,172500.0
2025-10-11T16:14:28.574140,106.500,0.00,0.00,0.00,0.00,0.00,0.00,0.00,0,,6.0,440.0,172500.0
2025-10-11T16:14:28.577218,106.503,0.00,0.00,0.00,0.00,0.00,0.00,0.00,0,,6.0,440.0,172500.0
2025-10-11T16:14:29.129944,107.056,0.00,0.00,0.00,0.00,0.00,0.00,0.00,0,,6.0,440.0,230000.0
2025-10-11T16:14:29.149612,107.075,0.00,0.00,0.00,0.00,0.00,0.00,0.00,0,,6.0,440.0,230000.0
2025-10-11T16:14:30.125356,108.051,0.00,0.00,0.00,0.00,0.00,0.00,0.00,0,,8.0,440.0,230000.0
2025-10-11T16:14:30.128418,108.054,0.00,0.00,0.00,0.00,0.00,0.00,0.00,0,,8.0,440.0,230000.0
2025-10-11T16:14:30.131461,108.057,0.00,0.00,0.00,0.00,0.00,0.00,0.00,0,,8.0,550.0,230000.0
2025-10-11T16:14:30.134615,108.060,0.00,0.00,0.00,0.00,0.00,0.00,0.00,0,,8.0,550.0,230000.0
2025-10-11T16:14:30.138616,108.064,0.00,0.00,0.00,0.00,0.00,0.00,0.00,0,,8.0,550.0,287500.0
2025-10-11T16:14:30.141504,108.067,0.00,0.00,0.00,0.00,0.00,0.00,0.00,0,,8.0,550.0,287500.0
2025-10-11T16:14:31.214545,109.140,0.00,0.00,0.00,0.00,0.00,0.00,0.00,0,,9.0,550.0,287500.0
2025-10-11T16:14:31.217226,109.143,0.00,0.00,0.00,0.00,0.00,0.00,0.00,0,,9.0,550.0,287500.0
2025-10-11T16:14:31.219568,109.145,0.00,0.00,0.00,0.00,0.00,0.00,0.00,0,,9.0,660.0,287500.0
2025-10-11T16:14:31.222791,109.148,0.00,0.00,0.00,0.00,0.00,0.00,0.00,0,,9.0,660.0,287500.0
2025-10-11T16:14:31.226191,109.152,0.00,0.00,0.00,0.00,0.00,0.00,0.00,0,,9.0,660.0,345000.0
2025-10-11T16:14:31.229414,109.155,0.00,0.00,0.00,0.00,0.00,0.00,0.00,0,,9.0,660.0,345000.0
2025-10-11T16:14:32.558938,110.485,0.00,0.00,0.00,0.00,0.00,0.00,0.00,0,,10.0,660.0,345000.0
2025-10-11T16:14:32.561383,110.487,0.00,0.00,0.00,0.00,0.00,0.00,0.00,0,,10.0,660.0,345000.0
2025-10-11T16:14:32.563913,110.490,0.00,0.00,0.00,0.00,0.00,0.00,0.00,0,,10.0,770.0,345000.0
2025-10-11T16:14:32.567339,110.493,0.00,0.00,0.00,0.00,0.00,0.00,0.00,0,,10.0,770.0,345000.0
2025-10-11T16:14:32.571501,110.497,0.00,0.00,0.00,0.00,0.00,0.00,0.00,0,,10.0,770.0,402500.0
2025-10-11T16:14:32.574166,110.500,0.00,0.00,0.00,0.00,0.00,0.00,0.00,0,,10.0,770.0,402500.0
2025-10-11T16:14:33.568296,111.494,0.00,0.00,0.00,0.00,0.00,0.00,0.00,0,,12.0,770.0,402500.0
2025-10-11T16:14:33.570558,111.496,0.00,0.00,0.00,0.00,0.00,0.00,0.00,0,,12.0,770.0,402500.0
2025-10-11T16:14:33.573264,111.499,0.00,0.00,0.00,0.00,0.00,0.00,0.00,0,,12.0,880.0,402500.0
2025-10-11T16:14:33.576556,111.502,0.00,0.00,0.00,0.00,0.00,0.00,0.00,0,,12.0,880.0,402500.0
2025-10-11T16:14:34.002871,111.929,0.00,0.00,0.00,0.00,0.00,0.00,0.00,0,,12.0,880.0,460000.0
2025-10-11T16:14:34.005765,111.931,0.00,0.00,0.00,0.00,0.00,0.00,0.00,0,,12.0,880.0,460000.0
2025-10-11T16:14:34.880168,112.806,0.00,0.00,0.00,0.00,0.00,0.00,0.00,0,,13.0,880.0,460000.0
2025-10-11T16:14:34.883053,112.809,0.00,0.00,0.00,0.00,0.00,0.00,0.00,0,,13.0,880.0,460000.0
2025-10-11T16:14:34.885611,112.811,0.00,0.00,0.00,0.00,0.00,0.00,0.00,0,,13.0,990.0,460000.0
2025-10-11T16:14:34.888544,112.814,0.00,0.00,0.00,0.00,0.00,0.00,0.00,0,,13.0,990.0,460000.0
2025-10-11T16:14:34.891212,112.817,0.00,0.00,0.00,0.00,0.00,0.00,0.00,0,,13.0,990.0,517500.0
2025-10-11T16:14:34.894059,112.820,0.00,0.00,0.00,0.00,0.00,0.00,0.00,0,,13.0,990.0,517500.0
2025-10-11T16:14:36.087276,114.013,0.00,0.00,0.00,0.00,0.00,0.00,0.00,0,,12.0,990.0,517500.0
2025-10-11T16:14:36.090782,114.016,0.00,0.00,0.00,0.00,0.00,0.00,0.00,0,,12.0,990.0,517500.0
2025-10-11T16:14:36.094212,114.020,0.00,0.00,0.00,0.00,0.00,0.00,0.00,0,,12.0,880.0,517500.0
2025-10-11T16:14:36.097430,114.023,0.00,0.00,0.00,0.00,0.00,0.00,0.00,0,,12.0,880.0,517500.0
2025-10-11T16:14:36.744397,114.670,0.00,0.00,0.00,0.00,0.00,0.00,0.00,0,,12.0,880.0,460000.0
2025-10-11T16:14:36.746938,114.673,0.00,0.00,0.00,0.00,0.00,0.00,0.00,0,,12.0,880.0,460000.0
2025-10-11T16:14:37.300106,115.226,0.00,0.00,0.00,0.00,0.00,0.00,0.00,0,,10.0,880.0,460000.0
2025-10-11T16:14:37.320533,115.246,0.00,0.00,0.00,0.00,0.00,0.00,0.00,0,,10.0,880.0,460000.0
2025-10-11T16:14:37.837072,115.763,0.00,0.00,0.00,0.00,0.00,0.00,0.00,0,,10.0,770.0,460000.0
2025-10-11T16:14:37.840355,115.766,0.00,0.00,0.00,0.00,0.00,0.00,0.00,0,,10.0,770.0,460000.0
2025-10-11T16:14:37.844291,115.770,0.00,0.00,0.00,0.00,0.00,0.00,0.00,0,,10.0,770.0,402500.0
2025-10-11T16:14:37.846841,115.772,0.00,0.00,0.00,0.00,0.00,0.00,0.00,0,,10.0,770.0,402500.0
2025-10-11T16:14:38.936682,116.862,0.00,0.00,0.00,0.00,0.00,0.00,0.00,0,,9.0,770.0,402500.0
2025-10-11T16:14:38.938998,116.865,0.00,0.00,0.00,0.00,0.00,0.00,0.00,0,,9.0,770.0,402500.0
2025-10-11T16:14:38.941315,116.867,0.00,0.00,0.00,0.00,0.00,0.00,0.00,0,,9.0,660.0,402500.0
2025-10-11T16:14:38.944830,116.870,0.00,0.00,0.00,0.00,0.00,0.00,0.00,0,,9.0,660.0,402500.0
2025-10-11T16:14:38.947959,116.874,0.00,0.00,0.00,0.00,0.00,0.00,0.00,0,,9.0,660.0,345000.0
2025-10-11T16:14:38.951254,116.877,0.00,0.00,0.00,0.00,0.00,0.00,0.00,0,,9.0,660.0,345000.0
2025-10-11T16:14:40.052482,117.978,0.00,0.00,0.00,0.00,0.00,0.00,0.00,0,,8.0,660.0,345000.0
2025-10-11T16:14:40.055121,117.981,0.00,0.00,0.00,0.00,0.00,0.00,0.00,0,,8.0,660.0,345000.0
2025-10-11T16:14:40.057512,117.983,0.00,0.00,0.00,0.00,0.00,0.00,0.00,0,,8.0,550.0,345000.0
2025-10-11T16:14:40.060652,117.986,0.00,0.00,0.00,0.00,0.00,0.00,0.00,0,,8.0,550.0,345000.0
2025-10-11T16:14:40.063409,117.989,0.00,0.00,0.00,0.00,0.00,0.00,0.00,0,,8.0,550.0,287500.0
2025-10-11T16:14:40.066234,117.992,0.00,0.00,0.00,0.00,0.00,0.00,0.00,0,,8.0,550.0,287500.0
2025-10-11T16:14:41.253685,119.179,0.00,0.00,0.00,0.00,0.00,0.00,0.00,0,,6.0,550.0,287500.0
2025-10-11T16:14:41.256607,119.182,0.00,0.00,0.00,0.00,0.00,0.00,0.00,0,,6.0,550.0,287500.0
2025-10-11T16:14:41.260007,119.186,0.00,0.00,0.00,0.00,0.00,0.00,0.00,0,,6.0,440.0,287500.0
2025-10-11T16:14:41.262857,119.189,0.00,0.00,0.00,0.00,0.00,0.00,0.00,0,,6.0,440.0,287500.0
2025-10-11T16:14:41.265960,119.192,0.00,0.00,0.00,0.00,0.00,0.00,0.00,0,,6.0,440.0,230000.0
2025-10-11T16:14:41.269078,119.195,0.00,0.00,0.00,0.00,0.00,0.00,0.00,0,,6.0,440.0,230000.0
2025-10-11T16:14:43.654398,121.580,0.00,0.00,0.00,0.00,0.00,0.00,0.00,0,,5.0,440.0,230000.0
2025-10-11T16:14:43.659788,121.585,0.00,0.00,0.00,0.00,0.00,0.00,0.00,0,,5.0,440.0,230000.0
2025-10-11T16:14:43.664103,121.590,0.00,0.00,0.00,0.00,0.00,0.00,0.00,0,,5.0,330.0,230000.0
2025-10-11T16:14:43.668150,121.594,0.00,0.00,0.00,0.00,0.00,0.00,0.00,0,,5.0,330.0,230000.0
2025-10-11T16:14:43.671612,121.597,0.00,0.00,0.00,0.00,0.00,0.00,0.00,0,,5.0,330.0,172500.0
2025-10-11T16:14:43.675402,121.601,0.00,0.00,0.00,0.00,0.00,0.00,0.00,0,,5.0,330.0,172500.0
2025-10-11T16:14:43.680568,121.606,0.00,0.00,0.00,0.00,0.00,0.00,0.00,0,,3.0,330.0,172500.0
2025-10-11T16:14:43.685950,121.612,0.00,0.00,0.00,0.00,0.00,0.00,0.00,0,,3.0,330.0,172500.0
2025-10-11T16:14:44.635583,122.561,0.00,0.00,0.00,0.00,0.00,0.00,0.00,0,,3.0,220.0,172500.0
2025-10-11T16:14:44.639828,122.565,0.00,0.00,0.00,0.00,0.00,0.00,0.00,0,,3.0,220.0,172500.0
2025-10-11T16:14:44.642987,122.569,0.00,0.00,0.00,0.00,0.00,0.00,0.00,0,,3.0,220.0,115000.0
2025-10-11T16:14:44.646928,122.573,0.00,0.00,0.00,0.00,0.00,0.00,0.00,0,,3.0,220.0,115000.0
2025-10-11T16:14:45.617802,123.543,0.00,0.00,0.00,0.00,0.00,0.00,0.00,0,,2.0,220.0,115000.0
2025-10-11T16:14:45.620562,123.546,0.00,0.00,0.00,0.00,0.00,0.00,0.00,0,,2.0,220.0,115000.0
2025-10-11T16:14:45.625684,123.551,0.00,0.00,0.00,0.00,0.00,0.00,0.00,0,,2.0,110.0,115000.0
2025-10-11T16:14:45.629443,123.555,0.00,0.00,0.00,0.00,0.00,0.00,0.00,0,,2.0,110.0,115000.0
2025-10-11T16:14:45.634897,123.561,0.00,0.00,0.00,0.00,0.00,0.00,0.00,0,,2.0,110.0,57500.0
2025-10-11T16:14:45.638740,123.564,0.00,0.00,0.00,0.00,0.00,0.00,0.00,0,,2.0,110.0,57500.0
2025-10-11T16:14:46.715620,124.641,0.00,0.00,0.00,0.00,0.00,0.00,0.00,0,,3.0,110.0,57500.0
2025-10-11T16:14:46.718928,124.645,0.00,0.00,0.00,0.00,0.00,0.00,0.00,0,,3.0,110.0,57500.0
2025-10-11T16:14:46.722406,124.648,0.00,0.00,0.00,0.00,0.00,0.00,0.00,0,,3.0,220.0,57500.0
2025-10-11T16:14:46.726506,124.652,0.00,0.00,0.00,0.00,0.00,0.00,0.00,0,,3.0,220.0,57500.0
2025-10-11T16:14:46.731108,124.657,0.00,0.00,0.00,0.00,0.00,0.00,0.00,0,,3.0,220.0,115000.0
2025-10-11T16:14:46.734363,124.660,0.00,0.00,0.00,0.00,0.00,0.00,0.00,0,,3.0,220.0,115000.0
2025-10-11T16:14:47.601479,125.527,0.00,0.00,0.00,0.00,0.00,0.00,0.00,0,,5.0,220.0,115000.0
2025-10-11T16:14:47.604525,125.530,0.00,0.00,0.00,0.00,0.00,0.00,0.00,0,,5.0,220.0,115000.0
2025-10-11T16:14:48.478072,126.404,0.00,0.00,0.00,0.00,0.00,0.00,0.00,0,,5.0,330.0,115000.0
2025-10-11T16:14:48.481299,126.407,0.00,0.00,0.00,0.00,0.00,0.00,0.00,0,,5.0,330.0,115000.0
2025-10-11T16:14:48.484858,126.411,0.00,0.00,0.00,0.00,0.00,0.00,0.00,0,,5.0,330.0,172500.0
2025-10-11T16:14:48.487391,126.413,0.00,0.00,0.00,0.00,0.00,0.00,0.00,0,,5.0,330.0,172500.0
2025-10-11T16:14:49.461835,127.387,0.00,0.00,0.00,0.00,0.00,0.00,0.00,0,,6.0,330.0,172500.0
2025-10-11T16:14:49.464677,127.390,0.00,0.00,0.00,0.00,0.00,0.00,0.00,0,,6.0,330.0,172500.0
2025-10-11T16:14:49.468367,127.394,0.00,0.00,0.00,0.00,0.00,0.00,0.00,0,,6.0,440.0,172500.0
2025-10-11T16:14:49.473063,127.399,0.00,0.00,0.00,0.00,0.00,0.00,0.00,0,,6.0,440.0,172500.0
2025-10-11T16:14:49.547144,127.473,0.00,0.00,0.00,0.00,0.00,0.00,0.00,0,,6.0,440.0,230000.0
2025-10-11T16:14:49.567541,127.493,0.00,0.00,0.00,0.00,0.00,0.00,0.00,0,,6.0,440.0,230000.0
2025-10-11T16:14:50.445430,128.371,0.00,0.00,0.00,0.00,0.00,0.00,0.00,0,,8.0,440.0,230000.0
2025-10-11T16:14:50.448818,128.374,0.00,0.00,0.00,0.00,0.00,0.00,0.00,0,,8.0,440.0,230000.0
2025-10-11T16:14:50.452703,128.378,0.00,0.00,0.00,0.00,0.00,0.00,0.00,0,,8.0,550.0,230000.0
2025-10-11T16:14:50.456358,128.382,0.00,0.00,0.00,0.00,0.00,0.00,0.00,0,,8.0,550.0,230000.0
2025-10-11T16:14:50.460385,128.386,0.00,0.00,0.00,0.00,0.00,0.00,0.00,0,,8.0,550.0,287500.0
2025-10-11T16:14:50.463835,128.389,0.00,0.00,0.00,0.00,0.00,0.00,0.00,0,,8.0,550.0,287500.0
2025-10-11T16:14:52.314917,130.241,0.00,0.00,0.00,0.00,0.00,0.00,0.00,0,,9.0,550.0,287500.0
2025-10-11T16:14:52.317681,130.243,0.00,0.00,0.00,0.00,0.00,0.00,0.00,0,,9.0,550.0,287500.0
2025-10-11T16:14:52.321895,130.248,0.00,0.00,0.00,0.00,0.00,0.00,0.00,0,,9.0,660.0,287500.0
2025-10-11T16:14:52.326924,130.253,0.00,0.00,0.00,0.00,0.00,0.00,0.00,0,,9.0,660.0,287500.0
2025-10-11T16:14:52.330584,130.256,0.00,0.00,0.00,0.00,0.00,0.00,0.00,0,,9.0,660.0,345000.0
2025-10-11T16:14:52.334488,130.260,0.00,0.00,0.00,0.00,0.00,0.00,0.00,0,,9.0,660.0,345000.0
2025-10-11T16:14:53.186739,131.112,0.00,0.00,0.00,0.00,0.00,0.00,0.00,0,,10.0,660.0,345000.0
2025-10-11T16:14:53.189918,131.116,0.00,0.00,0.00,0.00,0.00,0.00,0.00,0,,10.0,660.0,345000.0
2025-10-11T16:14:53.193510,131.119,0.00,0.00,0.00,0.00,0.00,0.00,0.00,0,,10.0,770.0,345000.0
2025-10-11T16:14:53.196537,131.122,0.00,0.00,0.00,0.00,0.00,0.00,0.00,0,,10.0,770.0,345000.0
2025-10-11T16:14:53.200131,131.126,0.00,0.00,0.00,0.00,0.00,0.00,0.00,0,,10.0,770.0,402500.0
2025-10-11T16:14:53.203758,131.129,0.00,0.00,0.00,0.00,0.00,0.00,0.00,0,,10.0,770.0,402500.0
2025-10-11T16:14:54.055739,131.981,0.00,0.00,0.00,0.00,0.00,0.00,0.00,0,,12.0,770.0,402500.0
2025-10-11T16:14:54.058535,131.984,0.00,0.00,0.00,0.00,0.00,0.00,0.00,0,,12.0,770.0,402500.0
2025-10-11T16:14:54.062667,131.988,0.00,0.00,0.00,0.00,0.00,0.00,0.00,0,,12.0,880.0,402500.0
2025-10-11T16:14:54.066074,131.992,0.00,0.00,0.00,0.00,0.00,0.00,0.00,0,,12.0,880.0,402500.0
2025-10-11T16:14:55.053356,132.979,0.00,0.00,0.00,0.00,0.00,0.00,0.00,0,,12.0,880.0,460000.0
2025-10-11T16:14:55.056781,132.982,0.00,0.00,0.00,0.00,0.00,0.00,0.00,0,,12.0,880.0,460000.0
2025-10-11T16:14:56.038835,133.964,0.00,0.00,0.00,0.00,0.00,0.00,0.00,0,,13.0,880.0,460000.0
2025-10-11T16:14:56.041855,133.968,0.00,0.00,0.00,0.00,0.00,0.00,0.00,0,,13.0,880.0,460000.0
2025-10-11T16:14:56.045376,133.971,0.00,0.00,0.00,0.00,0.00,0.00,0.00,0,,13.0,990.0,460000.0
2025-10-11T16:14:56.048791,133.974,0.00,0.00,0.00,0.00,0.00,0.00,0.00,0,,13.0,990.0,460000.0
2025-10-11T16:14:56.052170,133.978,0.00,0.00,0.00,0.00,0.00,0.00,0.00,0,,13.0,990.0,517500.0
2025-10-11T16:14:56.056442,133.982,0.00,0.00,0.00,0.00,0.00,0.00,0.00,0,,13.0,990.0,517500.0
2025-10-11T16:14:57.031952,134.958,0.00,0.00,0.00,0.00,0.00,0.00,0.00,0,,12.0,990.0,517500.0
2025-10-11T16:14:57.034849,134.961,0.00,0.00,0.00,0.00,0.00,0.00,0.00,0,,12.0,990.0,517500.0
2025-10-11T16:14:57.038813,134.964,0.00,0.00,0.00,0.00,0.00,0.00,0.00,0,,12.0,880.0,517500.0
2025-10-11T16:14:57.042192,134.968,0.00,0.00,0.00,0.00,0.00,0.00,0.00,0,,12.0,880.0,517500.0
2025-10-11T16:14:57.045851,134.972,0.00,0.00,0.00,0.00,0.00,0.00,0.00,0,,12.0,880.0,460000.0
2025-10-11T16:14:57.050058,134.976,0.00,0.00,0.00,0.00,0.00,0.00,0.00,0,,12.0,880.0,460000.0
2025-10-11T16:14:58.017357,135.943,0.00,0.00,0.00,0.00,0.00,0.00,0.00,0,,10.0,880.0,460000.0
2025-10-11T16:14:58.020813,135.946,0.00,0.00,0.00,0.00,0.00,0.00,0.00,0,,10.0,880.0,460000.0
2025-10-11T16:14:58.024414,135.950,0.00,0.00,0.00,0.00,0.00,0.00,0.00,0,,10.0,770.0,460000.0
2025-10-11T16:14:58.029116,135.955,0.00,0.00,0.00,0.00,0.00,0.00,0.00,0,,10.0,770.0,460000.0
2025-10-11T16:14:58.894400,136.820,0.00,0.00,0.00,0.00,0.00,0.00,0.00,0,,10.0,770.0,402500.0
2025-10-11T16:14:58.896986,136.823,0.00,0.00,0.00,0.00,0.00,0.00,0.00,0,,10.0,770.0,402500.0
2025-10-11T16:14:59.872707,137.798,0.00,0.00,0.00,0.00,0.00,0.00,0.00,0,,9.0,770.0,402500.0
2025-10-11T16:14:59.875908,137.802,0.00,0.00,0.00,0.00,0.00,0.00,0.00,0,,9.0,770.0,402500.0
2025-10-11T16:14:59.879626,137.805,0.00,0.00,0.00,0.00,0.00,0.00,0.00,0,,9.0,660.0,402500.0
2025-10-11T16:14:59.883015,137.809,0.00,0.00,0.00,0.00,0.00,0.00,0.00,0,,9.0,660.0,402500.0
2025-10-11T16:14:59.886767,137.812,0.00,0.00,0.00,0.00,0.00,0.00,0.00,0,,9.0,660.0,345000.0
2025-10-11T16:14:59.890647,137.816,0.00,0.00,0.00,0.00,0.00,0.00,0.00,0,,9.0,660.0,345000.0
2025-10-11T16:15:00.856417,138.782,0.00,0.00,0.00,0.00,0.00,0.00,0.00,0,,8.0,660.0,345000.0
2025-10-11T16:15:00.859301,138.785,0.00,0.00,0.00,0.00,0.00,0.00,0.00,0,,8.0,660.0,345000.0
2025-10-11T16:15:00.863242,138.789,0.00,0.00,0.00,0.00,0.00,0.00,0.00,0,,8.0,550.0,345000.0
2025-10-11T16:15:00.866665,138.792,0.00,0.00,0.00,0.00,0.00,0.00,0.00,0,,8.0,550.0,345000.0
2025-10-11T16:15:00.870249,138.796,0.00,0.00,0.00,0.00,0.00,0.00,0.00,0,,8.0,550.0,287500.0
2025-10-11T16:15:00.873803,138.799,0.00,0.00,0.00,0.00,0.00,0.00,0.00,0,,8.0,550.0,287500.0
2025-10-11T16:15:02.734517,140.660,0.00,0.00,0.00,0.00,0.00,0.00,0.00,0,,6.0,550.0,287500.0
2025-10-11T16:15:02.737104,140.663,0.00,0.00,0.00,0.00,0.00,0.00,0.00,0,,6.0,550.0,287500.0
2025-10-11T16:15:02.739962,140.666,0.00,0.00,0.00,0.00,0.00,0.00,0.00,0,,6.0,440.0,287500.0
2025-10-11T16:15:02.743219,140.669,0.00,0.00,0.00,0.00,0.00,0.00,0.00,0,,6.0,440.0,287500.0
2025-10-11T16:15:02.746319,140.672,0.00,0.00,0.00,0.00,0.00,0.00,0.00,0,,6.0,440.0,230000.0
2025-10-11T16:15:02.749846,140.676,0.00,0.00,0.00,0.00,0.00,0.00,0.00,0,,6.0,440.0,230000.0
2025-10-11T16:15:03.612693,141.538,0.00,0.00,0.00,0.00,0.00,0.00,0.00,0,,5.0,440.0,230000.0
2025-10-11T16:15:03.615533,141.541,0.00,0.00,0.00,0.00,0.00,0.00,0.00,0,,5.0,440.0,230000.0
2025-10-11T16:15:03.619480,141.545,0.00,0.00,0.00,0.00,0.00,0.00,0.00,0,,5.0,330.0,230000.0
2025-10-11T16:15:03.622133,141.548,0.00,0.00,0.00,0.00,0.00,0.00,0.00,0,,5.0,330.0,230000.0
2025-10-11T16:15:03.625125,141.551,0.00,0.00,0.00,0.00,0.00,0.00,0.00,0,,5.0,330.0,172500.0
2025-10-11T16:15:03.629501,141.555,0.00,0.00,0.00,0.00,0.00,0.00,0.00,0,,5.0,330.0,172500.0
2025-10-11T16:15:04.483124,142.409,0.00,0.00,0.00,0.00,0.00,0.00,0.00,0,,3.0,330.0,172500.0
2025-10-11T16:15:04.486398,142.412,0.00,0.00,0.00,0.00,0.00,0.00,0.00,0,,3.0,330.0,172500.0
2025-10-11T16:15:05.355098,143.281,0.00,0.00,0.00,0.00,0.00,0.00,0.00,0,,3.0,220.0,172500.0
2025-10-11T16:15:05.358351,143.284,0.00,0.00,0.00,0.00,0.00,0.00,0.00,0,,3.0,220.0,172500.0
2025-10-11T16:15:05.361580,143.287,0.00,0.00,0.00,0.00,0.00,0.00,0.00,0,,3.0,220.0,115000.0
2025-10-11T16:15:05.364645,143.290,0.00,0.00,0.00,0.00,0.00,0.00,0.00,0,,3.0,220.0,115000.0
2025-10-11T16:15:06.232172,144.158,0.00,0.00,0.00,0.00,0.00,0.00,0.00,0,,2.0,220.0,115000.0
2025-10-11T16:15:06.235168,144.161,0.00,0.00,0.00,0.00,0.00,0.00,0.00,0,,2.0,220.0,115000.0
2025-10-11T16:15:06.238003,144.164,0.00,0.00,0.00,0.00,0.00,0.00,0.00,0,,2.0,110.0,115000.0
2025-10-11T16:15:06.241275,144.167,0.00,0.00,0.00,0.00,0.00,0.00,0.00,0,,2.0,110.0,115000.0
2025-10-11T16:15:06.244097,144.170,0.00,0.00,0.00,0.00,0.00,0.00,0.00,0,,2.0,110.0,57500.0
2025-10-11T16:15:06.247398,144.173,0.00,0.00,0.00,0.00,0.00,0.00,0.00,0,,2.0,110.0,57500.0
2025-10-11T16:15:07.101458,145.027,0.00,0.00,0.00,0.00,0.00,0.00,0.00,0,,3.0,110.0,57500.0
2025-10-11T16:15:07.104072,145.030,0.00,0.00,0.00,0.00,0.00,0.00,0.00,0,,3.0,110.0,57500.0
2025-10-11T16:15:07.974962,145.901,0.00,0.00,0.00,0.00,0.00,0.00,0.00,0,,3.0,220.0,57500.0
2025-10-11T16:15:07.977791,145.903,0.00,0.00,0.00,0.00,0.00,0.00,0.00,0,,3.0,220.0,57500.0
2025-10-11T16:15:07.981612,145.907,0.00,0.00,0.00,0.00,0.00,0.00,0.00,0,,3.0,220.0,115000.0
2025-10-11T16:15:07.984761,145.910,0.00,0.00,0.00,0.00,0.00,0.00,0.00,0,,3.0,220.0,115000.0
2025-10-11T16:15:08.865794,146.791,0.00,0.00,0.00,0.00,0.00,0.00,0.00,0,,5.0,220.0,115000.0
2025-10-11T16:15:08.868814,146.794,0.00,0.00,0.00,0.00,0.00,0.00,0.00,0,,5.0,220.0,115000.0
2025-10-11T16:15:08.872794,146.798,0.00,0.00,0.00,0.00,0.00,0.00,0.00,0,,5.0,330.0,115000.0
2025-10-11T16:15:08.875253,146.801,0.00,0.00,0.00,0.00,0.00,0.00,0.00,0,,5.0,330.0,115000.0
2025-10-11T16:15:08.878020,146.804,0.00,0.00,0.00,0.00,0.00,0.00,0.00,0,,5.0,330.0,172500.0
2025-10-11T16:15:08.881304,146.807,0.00,0.00,0.00,0.00,0.00,0.00,0.00,0,,5.0,330.0,172500.0
2025-10-11T16:15:09.755440,147.681,0.00,0.00,0.00,0.00,0.00,0.00,0.00,0,,6.0,330.0,172500.0
2025-10-11T16:15:09.758403,147.684,0.00,0.00,0.00,0.00,0.00,0.00,0.00,0,,6.0,330.0,172500.0
2025-10-11T16:15:09.761209,147.687,0.00,0.00,0.00,0.00,0.00,0.00,0.00,0,,6.0,440.0,172500.0
2025-10-11T16:15:09.822678,147.748,0.00,0.00,0.00,0.00,0.00,0.00,0.00,0,,6.0,440.0,172500.0
2025-10-11T16:15:10.729545,148.655,0.00,0.00,0.00,0.00,0.00,0.00,0.00,0,,6.0,440.0,230000.0
2025-10-11T16:15:10.732788,148.658,0.00,0.00,0.00,0.00,0.00,0.00,0.00,0,,6.0,440.0,230000.0
2025-10-11T16:15:11.720173,149.646,0.00,0.00,0.00,0.00,0.00,0.00,0.00,0,,8.0,440.0,230000.0
2025-10-11T16:15:11.722828,149.648,0.00,0.00,0.00,0.00,0.00,0.00,0.00,0,,8.0,440.0,230000.0
2025-10-11T16:15:11.726554,149.652,0.00,0.00,0.00,0.00,0.00,0.00,0.00,0,,8.0,550.0,230000.0
2025-10-11T16:15:11.729916,149.656,0.00,0.00,0.00,0.00,0.00,0.00,0.00,0,,8.0,550.0,230000.0
2025-10-11T16:15:11.734154,149.660,0.00,0.00,0.00,0.00,0.00,0.00,0.00,0,,8.0,550.0,287500.0
2025-10-11T16:15:11.738360,149.664,0.00,0.00,0.00,0.00,0.00,0.00,0.00,0,,8.0,550.0,287500.0
2025-10-11T16:15:12.708082,150.634,0.00,0.00,0.00,0.00,0.00,0.00,0.00,0,,9.0,550.0,287500.0
2025-10-11T16:15:12.710486,150.636,0.00,0.00,0.00,0.00,0.00,0.00,0.00,0,,9.0,550.0,287500.0
2025-10-11T16:15:12.712862,150.639,0.00,0.00,0.00,0.00,0.00,0.00,0.00,0,,9.0,660.0,287500.0
2025-10-11T16:15:12.716267,150.642,0.00,0.00,0.00,0.00,0.00,0.00,0.00,0,,9.0,660.0,287500.0
2025-10-11T16:15:12.719597,150.645,0.00,0.00,0.00,0.00,0.00,0.00,0.00,0,,9.0,660.0,345000.0
2025-10-11T16:15:12.722767,150.648,0.00,0.00,0.00,0.00,0.00,0.00,0.00,0,,9.0,660.0,345000.0
2025-10-11T16:15:13.701943,151.628,0.00,0.00,0.00,0.00,0.00,0.00,0.00,0,,10.0,660.0,345000.0
2025-10-11T16:15:13.704753,151.630,0.00,0.00,0.00,0.00,0.00,0.00,0.00,0,,10.0,660.0,345000.0
2025-10-11T16:15:13.707225,151.633,0.00,0.00,0.00,0.00,0.00,0.00,0.00,0,,10.0,770.0,345000.0
2025-10-11T16:15:13.710807,151.636,0.00,0.00,0.00,0.00,0.00,0.00,0.00,0,,10.0,770.0,345000.0
2025-10-11T16:15:14.593439,152.519,0.00,0.00,0.00,0.00,0.00,0.00,0.00,0,,10.0,770.0,402500.0
2025-10-11T16:15:14.596822,152.522,0.00,0.00,0.00,0.00,0.00,0.00,0.00,0,,10.0,770.0,402500.0
2025-10-11T16:15:15.587929,153.514,0.00,0.00,0.00,0.00,0.00,0.00,0.00,0,,12.0,770.0,402500.0
2025-10-11T16:15:15.591390,153.517,0.00,0.00,0.00,0.00,0.00,0.00,0.00,0,,12.0,770.0,402500.0
2025-10-11T16:15:15.594988,153.521,0.00,0.00,0.00,0.00,0.00,0.00,0.00,0,,12.0,880.0,402500.0
2025-10-11T16:15:15.598607,153.524,0.00,0.00,0.00,0.00,0.00,0.00,0.00,0,,12.0,880.0,402500.0
2025-10-11T16:15:15.603465,153.529,0.00,0.00,0.00,0.00,0.00,0.00,0.00,0,,12.0,880.0,460000.0
2025-10-11T16:15:15.607737,153.533,0.00,0.00,0.00,0.00,0.00,0.00,0.00,0,,12.0,880.0,460000.0
2025-10-11T16:15:16.572334,154.498,0.00,0.00,0.00,0.00,0.00,0.00,0.00,0,,13.0,880.0,460000.0
2025-10-11T16:15:16.575712,154.501,0.00,0.00,0.00,0.00,0.00,0.00,0.00,0,,13.0,880.0,460000.0
2025-10-11T16:15:16.580222,154.506,0.00,0.00,0.00,0.00,0.00,0.00,0.00,0,,13.0,990.0,460000.0
2025-10-11T16:15:16.585139,154.511,0.00,0.00,0.00,0.00,0.00,0.00,0.00,0,,13.0,990.0,460000.0
2025-10-11T16:15:16.590552,154.516,0.00,0.00,0.00,0.00,0.00,0.00,0.00,0,,13.0,990.0,517500.0
2025-10-11T16:15:16.595480,154.521,0.00,0.00,0.00,0.00,0.00,0.00,0.00,0,,13.0,990.0,517500.0
2025-10-11T16:15:17.690507,155.616,0.00,0.00,0.00,0.00,0.00,0.00,0.00,0,,12.0,990.0,517500.0
2025-10-11T16:15:17.693558,155.619,0.00,0.00,0.00,0.00,0.00,0.00,0.00,0,,12.0,990.0,517500.0
2025-10-11T16:15:17.697519,155.623,0.00,0.00,0.00,0.00,0.00,0.00,0.00,0,,12.0,880.0,517500.0
2025-10-11T16:15:17.700512,155.626,0.00,0.00,0.00,0.00,0.00,0.00,0.00,0,,12.0,880.0,517500.0
2025-10-11T16:15:17.704717,155.630,0.00,0.00,0.00,0.00,0.00,0.00,0.00,0,,12.0,880.0,460000.0
2025-10-11T16:15:17.709026,155.635,0.00,0.00,0.00,0.00,0.00,0.00,0.00,0,,12.0,880.0,460000.0
2025-10-11T16:15:19.673382,157.599,0.00,0.00,0.00,0.00,0.00,0.00,0.00,0,,10.0,880.0,460000.0
2025-10-11T16:15:19.676705,157.602,0.00,0.00,0.00,0.00,0.00,0.00,0.00,0,,10.0,880.0,460000.0
2025-10-11T16:15:19.680686,157.606,0.00,0.00,0.00,0.00,0.00,0.00,0.00,0,,10.0,770.0,460000.0
2025-10-11T16:15:19.683730,157.609,0.00,0.00,0.00,0.00,0.00,0.00,0.00,0,,10.0,770.0,460000.0
2025-10-11T16:15:19.686997,157.613,0.00,0.00,0.00,0.00,0.00,0.00,0.00,0,,10.0,770.0,402500.0
2025-10-11T16:15:19.690910,157.617,0.00,0.00,0.00,0.00,0.00,0.00,0.00,0,,10.0,770.0,402500.0
2025-10-11T16:15:20.661120,158.587,0.00,0.00,0.00,0.00,0.00,0.00,0.00,0,,9.0,770.0,402500.0
2025-10-11T16:15:20.664208,158.590,0.00,0.00,0.00,0.00,0.00,0.00,0.00,0,,9.0,770.0,402500.0
2025-10-11T16:15:20.667634,158.593,0.00,0.00,0.00,0.00,0.00,0.00,0.00,0,,9.0,660.0,402500.0
2025-10-11T16:15:20.672035,158.598,0.00,0.00,0.00,0.00,0.00,0.00,0.00,0,,9.0,660.0,402500.0
2025-10-11T16:15:20.675840,158.601,0.00,0.00,0.00,0.00,0.00,0.00,0.00,0,,9.0,660.0,345000.0
2025-10-11T16:15:20.680416,158.606,0.00,0.00,0.00,0.00,0.00,0.00,0.00,0,,9.0,660.0,345000.0
2025-10-11T16:15:21.635555,159.561,0.00,0.00,0.00,0.00,0.00,0.00,0.00,0,,8.0,660.0,345000.0
2025-10-11T16:15:21.639621,159.565,0.00,0.00,0.00,0.00,0.00,0.00,0.00,0,,8.0,660.0,345000.0
2025-10-11T16:15:21.642636,159.568,0.00,0.00,0.00,0.00,0.00,0.00,0.00,0,,8.0,550.0,345000.0
2025-10-11T16:15:21.646121,159.572,0.00,0.00,0.00,0.00,0.00,0.00,0.00,0,,8.0,550.0,345000.0
2025-10-11T16:15:22.643721,160.569,0.00,0.00,0.00,0.00,0.00,0.00,0.00,0,,8.0,550.0,287500.0
2025-10-11T16:15:22.647162,160.573,0.00,0.00,0.00,0.00,0.00,0.00,0.00,0,,8.0,550.0,287500.0
2025-10-11T16:15:23.620863,161.547,0.00,0.00,0.00,0.00,0.00,0.00,0.00,0,,6.0,550.0,287500.0
2025-10-11T16:15:23.624061,161.550,0.00,0.00,0.00,0.00,0.00,0.00,0.00,0,,6.0,550.0,287500.0
2025-10-11T16:15:23.627698,161.553,0.00,0.00,0.00,0.00,0.00,0.00,0.00,0,,6.0,440.0,287500.0
2025-10-11T16:15:23.631362,161.557,0.00,0.00,0.00,0.00,0.00,0.00,0.00,0,,6.0,440.0,287500.0
2025-10-11T16:15:23.635312,161.561,0.00,0.00,0.00,0.00,0.00,0.00,0.00,0,,6.0,440.0,230000.0
2025-10-11T16:15:23.639764,161.565,0.00,0.00,0.00,0.00,0.00,0.00,0.00,0,,6.0,440.0,230000.0
2025-10-11T16:15:24.605065,162.531,0.00,0.00,0.00,0.00,0.00,0.00,0.00,0,,5.0,440.0,230000.0
2025-10-11T16:15:24.608160,162.534,0.00,0.00,0.00,0.00,0.00,0.00,0.00,0,,5.0,440.0,230000.0
2025-10-11T16:15:24.611190,162.537,0.00,0.00,0.00,0.00,0.00,0.00,0.00,0,,5.0,330.0,230000.0
2025-10-11T16:15:24.613929,162.540,0.00,0.00,0.00,0.00,0.00,0.00,0.00,0,,5.0,330.0,230000.0
2025-10-11T16:15:24.617081,162.543,0.00,0.00,0.00,0.00,0.00,0.00,0.00,0,,5.0,330.0,172500.0
2025-10-11T16:15:24.621810,162.547,0.00,0.00,0.00,0.00,0.00,0.00,0.00,0,,5.0,330.0,172500.0
2025-10-11T16:15:25.607478,163.533,0.00,0.00,0.00,0.00,0.00,0.00,0.00,0,,3.0,330.0,172500.0
2025-10-11T16:15:25.610724,163.536,0.00,0.00,0.00,0.00,0.00,0.00,0.00,0,,3.0,330.0,172500.0
2025-10-11T16:15:25.614351,163.540,0.00,0.00,0.00,0.00,0.00,0.00,0.00,0,,3.0,220.0,172500.0
2025-10-11T16:15:25.617624,163.543,0.00,0.00,0.00,0.00,0.00,0.00,0.00,0,,3.0,220.0,172500.0
2025-10-11T16:15:25.622962,163.549,0.00,0.00,0.00,0.00,0.00,0.00,0.00,0,,3.0,220.0,115000.0
2025-10-11T16:15:25.626413,163.552,0.00,0.00,0.00,0.00,0.00,0.00,0.00,0,,3.0,220.0,115000.0
2025-10-11T16:15:27.589032,165.515,0.00,0.00,0.00,0.00,0.00,0.00,0.00,0,,2.0,220.0,115000.0
2025-10-11T16:15:27.592688,165.518,0.00,0.00,0.00,0.00,0.00,0.00,0.00,0,,2.0,220.0,115000.0
2025-10-11T16:15:27.596168,165.522,0.00,0.00,0.00,0.00,0.00,0.00,0.00,0,,2.0,110.0,115000.0
2025-10-11T16:15:27.599240,165.525,0.00,0.00,0.00,0.00,0.00,0.00,0.00,0,,2.0,110.0,115000.0
2025-10-11T16:15:27.603629,165.529,0.00,0.00,0.00,0.00,0.00,0.00,0.00,0,,2.0,110.0,57500.0
2025-10-11T16:15:27.607199,165.533,0.00,0.00,0.00,0.00,0.00,0.00,0.00,0,,2.0,110.0,57500.0
2025-10-11T16:15:28.572291,166.498,0.00,0.00,0.00,0.00,0.00,0.00,0.00,0,,3.0,110.0,57500.0
2025-10-11T16:15:28.576991,166.503,0.00,0.00,0.00,0.00,0.00,0.00,0.00,0,,3.0,110.0,57500.0
2025-10-11T16:15:28.581613,166.507,0.00,0.00,0.00,0.00,0.00,0.00,0.00,0,,3.0,220.0,57500.0
2025-10-11T16:15:28.585473,166.511,0.00,0.00,0.00,0.00,0.00,0.00,0.00,0,,3.0,220.0,57500.0
2025-10-11T16:15:28.590988,166.517,0.00,0.00,0.00,0.00,0.00,0.00,0.00,0,,3.0,220.0,115000.0
2025-10-11T16:15:28.595515,166.521,0.00,0.00,0.00,0.00,0.00,0.00,0.00,0,,3.0,220.0,115000.0
2025-10-11T16:15:29.569419,167.495,0.00,0.00,0.00,0.00,0.00,0.00,0.00,0,,5.0,220.0,115000.0
2025-10-11T16:15:29.572444,167.498,0.00,0.00,0.00,0.00,0.00,0.00,0.00,0,,5.0,220.0,115000.0
2025-10-11T16:15:29.576695,167.502,0.00,0.00,0.00,0.00,0.00,0.00,0.00,0,,5.0,330.0,115000.0
2025-10-11T16:15:29.579372,167.505,0.00,0.00,0.00,0.00,0.00,0.00,0.00,0,,5.0,330.0,115000.0
2025-10-11T16:15:29.583407,167.509,0.00,0.00,0.00,0.00,0.00,0.00,0.00,0,,5.0,330.0,172500.0
2025-10-11T16:15:29.586425,167.512,0.00,0.00,0.00,0.00,0.00,0.00,0.00,0,,5.0,330.0,172500.0
2025-10-11T16:15:31.554085,169.480,0.00,0.00,0.00,0.00,0.00,0.00,0.00,0,,6.0,330.0,172500.0
2025-10-11T16:15:31.557166,169.483,0.00,0.00,0.00,0.00,0.00,0.00,0.00,0,,6.0,330.0,172500.0
2025-10-11T16:15:31.560112,169.486,0.00,0.00,0.00,0.00,0.00,0.00,0.00,0,,6.0,440.0,172500.0
2025-10-11T16:15:31.562874,169.489,0.00,0.00,0.00,0.00,0.00,0.00,0.00,0,,6.0,440.0,172500.0
2025-10-11T16:15:31.566003,169.492,0.00,0.00,0.00,0.00,0.00,0.00,0.00,0,,6.0,440.0,230000.0
2025-10-11T16:15:31.568892,169.495,0.00,0.00,0.00,0.00,0.00,0.00,0.00,0,,6.0,440.0,230000.0
2025-10-11T16:15:32.435889,170.362,0.00,0.00,0.00,0.00,0.00,0.00,0.00,0,,8.0,440.0,230000.0
2025-10-11T16:15:32.439475,170.365,0.00,0.00,0.00,0.00,0.00,0.00,0.00,0,,8.0,440.0,230000.0
2025-10-11T16:15:32.442588,170.368,0.00,0.00,0.00,0.00,0.00,0.00,0.00,0,,8.0,550.0,230000.0
2025-10-11T16:15:32.446000,170.372,0.00,0.00,0.00,0.00,0.00,0.00,0.00,0,,8.0,550.0,230000.0
2025-10-11T16:15:32.449454,170.375,0.00,0.00,0.00,0.00,0.00,0.00,0.00,0,,8.0,550.0,287500.0
2025-10-11T16:15:32.452543,170.378,0.00,0.00,0.00,0.00,0.00,0.00,0.00,0,,8.0,550.0,287500.0
2025-10-11T16:15:33.316520,171.242,0.00,0.00,0.00,0.00,0.00,0.00,0.00,0,,9.0,550.0,287500.0
2025-10-11T16:15:33.320301,171.246,0.00,0.00,0.00,0.00,0.00,0.00,0.00,0,,9.0,550.0,287500.0
2025-10-11T16:15:33.324326,171.250,0.00,0.00,0.00,0.00,0.00,0.00,0.00,0,,9.0,660.0,287500.0
2025-10-11T16:15:33.327438,171.253,0.00,0.00,0.00,0.00,0.00,0.00,0.00,0,,9.0,660.0,287500.0
2025-10-11T16:15:33.331393,171.257,0.00,0.00,0.00,0.00,0.00,0.00,0.00,0,,9.0,660.0,345000.0
2025-10-11T16:15:33.334604,171.260,0.00,0.00,0.00,0.00,0.00,0.00,0.00,0,,9.0,660.0,345000.0
2025-10-11T16:15:34.515627,172.441,0.00,0.00,0.00,0.00,0.00,0.00,0.00,0,,10.0,660.0,345000.0
2025-10-11T16:15:34.519319,172.445,0.00,0.00,0.00,0.00,0.00,0.00,0.00,0,,10.0,660.0,345000.0
2025-10-11T16:15:34.526160,172.452,0.00,0.00,0.00,0.00,0.00,0.00,0.00,0,,10.0,770.0,345000.0
2025-10-11T16:15:34.530492,172.456,0.00,0.00,0.00,0.00,0.00,0.00,0.00,0,,10.0,770.0,345000.0
2025-10-11T16:15:35.719172,173.645,0.00,0.00,0.00,0.00,0.00,0.00,0.00,0,,10.0,770.0,402500.0
2025-10-11T16:15:35.723060,173.649,0.00,0.00,0.00,0.00,0.00,0.00,0.00,0,,10.0,770.0,402500.0
2025-10-11T16:15:35.728573,173.654,0.00,0.00,0.00,0.00,0.00,0.00,0.00,0,,12.0,770.0,402500.0
2025-10-11T16:15:35.732846,173.659,0.00,0.00,0.00,0.00,0.00,0.00,0.00,0,,12.0,770.0,402500.0
2025-10-11T16:15:36.703918,174.630,0.00,0.00,0.00,0.00,0.00,0.00,0.00,0,,12.0,880.0,402500.0
2025-10-11T16:15:36.707194,174.633,0.00,0.00,0.00,0.00,0.00,0.00,0.00,0,,12.0,880.0,402500.0
2025-10-11T16:15:36.710987,174.637,0.00,0.00,0.00,0.00,0.00,0.00,0.00,0,,12.0,880.0,460000.0
2025-10-11T16:15:36.715934,174.642,0.00,0.00,0.00,0.00,0.00,0.00,0.00,0,,12.0,880.0,460000.0
2025-10-11T16:15:37.576472,175.502,0.00,0.00,0.00,0.00,0.00,0.00,0.00,0,,13.0,880.0,460000.0
2025-10-11T16:15:37.580319,175.506,0.00,0.00,0.00,0.00,0.00,0.00,0.00,0,,13.0,880.0,460000.0
2025-10-11T16:15:37.584093,175.510,0.00,0.00,0.00,0.00,0.00,0.00,0.00,0,,13.0,990.0,460000.0
2025-10-11T16:15:37.587723,175.513,0.00,0.00,0.00,0.00,0.00,0.00,0.00,0,,13.0,990.0,460000.0
2025-10-11T16:15:37.592269,175.518,0.00,0.00,0.00,0.00,0.00,0.00,0.00,0,,13.0,990.0,517500.0
2025-10-11T16:15:37.596998,175.523,0.00,0.00,0.00,0.00,0.00,0.00,0.00,0,,13.0,990.0,517500.0
2025-10-11T16:15:38.665542,176.591,0.00,0.00,0.00,0.00,0.00,0.00,0.00,0,,12.0,990.0,517500.0
2025-10-11T16:15:38.668343,176.594,0.00,0.00,0.00,0.00,0.00,0.00,0.00,0,,12.0,990.0,517500.0
2025-10-11T16:15:38.671236,176.597,0.00,0.00,0.00,0.00,0.00,0.00,0.00,0,,12.0,880.0,517500.0
2025-10-11T16:15:38.674538,176.600,0.00,0.00,0.00,0.00,0.00,0.00,0.00,0,,12.0,880.0,517500.0
2025-10-11T16:15:38.677841,176.604,0.00,0.00,0.00,0.00,0.00,0.00,0.00,0,,12.0,880.0,460000.0
2025-10-11T16:15:38.681195,176.607,0.00,0.00,0.00,0.00,0.00,0.00,0.00,0,,12.0,880.0,460000.0
2025-10-11T16:15:39.769210,177.695,0.00,0.00,0.00,0.00,0.00,0.00,0.00,0,,10.0,880.0,460000.0
2025-10-11T16:15:39.771851,177.698,0.00,0.00,0.00,0.00,0.00,0.00,0.00,0,,10.0,880.0,460000.0
2025-10-11T16:15:39.775310,177.701,0.00,0.00,0.00,0.00,0.00,0.00,0.00,0,,10.0,770.0,460000.0
2025-10-11T16:15:39.778031,177.704,0.00,0.00,0.00,0.00,0.00,0.00,0.00,0,,10.0,770.0,460000.0
2025-10-11T16:15:39.781450,177.707,0.00,0.00,0.00,0.00,0.00,0.00,0.00,0,,10.0,770.0,402500.0
2025-10-11T16:15:39.783969,177.710,0.00,0.00,0.00,0.00,0.00,0.00,0.00,0,,10.0,770.0,402500.0
2025-10-11T16:15:41.299957,179.226,0.00,0.00,0.00,0.00,0.00,0.00,0.00,0,,9.0,770.0,402500.0
2025-10-11T16:15:41.302726,179.228,0.00,0.00,0.00,0.00,0.00,0.00,0.00,0,,9.0,770.0,402500.0
2025-10-11T16:15:41.306934,179.233,0.00,0.00,0.00,0.00,0.00,0.00,0.00,0,,9.0,660.0,402500.0
2025-10-11T16:15:41.310058,179.236,0.00,0.00,0.00,0.00,0.00,0.00,0.00,0,,9.0,660.0,402500.0
2025-10-11T16:15:41.313342,179.239,0.00,0.00,0.00,0.00,0.00,0.00,0.00,0,,9.0,660.0,345000.0
2025-10-11T16:15:41.315969,179.242,0.00,0.00,0.00,0.00,0.00,0.00,0.00,0,,9.0,660.0,345000.0
2025-10-11T16:15:42.402058,180.328,0.00,0.00,0.00,0.00,0.00,0.00,0.00,0,,8.0,660.0,345000.0
2025-10-11T16:15:42.404822,180.330,0.00,0.00,0.00,0.00,0.00,0.00,0.00,0,,8.0,660.0,345000.0
2025-10-11T16:15:42.407133,180.333,0.00,0.00,0.00,0.00,0.00,0.00,0.00,0,,8.0,550.0,345000.0
2025-10-11T16:15:42.410188,180.336,0.00,0.00,0.00,0.00,0.00,0.00,0.00,0,,8.0,550.0,345000.0
2025-10-11T16:15:42.412907,180.339,0.00,0.00,0.00,0.00,0.00,0.00,0.00,0,,8.0,550.0,287500.0
2025-10-11T16:15:42.416100,180.342,0.00,0.00,0.00,0.00,0.00,0.00,0.00,0,,8.0,550.0,287500.0
2025-10-11T16:15:43.518858,181.445,0.00,0.00,0.00,0.00,0.00,0.00,0.00,0,,6.0,550.0,287500.0
2025-10-11T16:15:43.522205,181.448,0.00,0.00,0.00,0.00,0.00,0.00,0.00,0,,6.0,550.0,287500.0
2025-10-11T16:15:44.066239,181.992,0.00,0.00,0.00,0.00,0.00,0.00,0.00,0,,6.0,440.0,287500.0
2025-10-11T16:15:44.069558,181.995,0.00,0.00,0.00,0.00,0.00,0.00,0.00,0,,6.0,440.0,287500.0
2025-10-11T16:15:44.072050,181.998,0.00,0.00,0.00,0.00,0.00,0.00,0.00,0,,6.0,440.0,230000.0
2025-10-11T16:15:44.075612,182.001,0.00,0.00,0.00,0.00,0.00,0.00,0.00,0,,6.0,440.0,230000.0
2025-10-11T16:15:44.719301,182.645,0.00,0.00,0.00,0.00,0.00,0.00,0.00,0,,5.0,440.0,230000.0
2025-10-11T16:15:44.722057,182.648,0.00,0.00,0.00,0.00,0.00,0.00,0.00,0,,5.0,440.0,230000.0
2025-10-11T16:15:45.385651,183.311,0.00,0.00,0.00,0.00,0.00,0.00,0.00,0,,5.0,330.0,230000.0
2025-10-11T16:15:45.388485,183.314,0.00,0.00,0.00,0.00,0.00,0.00,0.00,0,,5.0,330.0,230000.0
2025-10-11T16:15:45.391042,183.317,0.00,0.00,0.00,0.00,0.00,0.00,0.00,0,,5.0,330.0,172500.0
2025-10-11T16:15:45.394217,183.320,0.00,0.00,0.00,0.00,0.00,0.00,0.00,0,,5.0,330.0,172500.0
2025-10-11T16:15:46.485598,184.411,0.00,0.00,0.00,0.00,0.00,0.00,0.00,0,,3.0,330.0,172500.0
2025-10-11T16:15:46.488128,184.414,0.00,0.00,0.00,0.00,0.00,0.00,0.00,0,,3.0,330.0,172500.0
2025-10-11T16:15:46.490847,184.417,0.00,0.00,0.00,0.00,0.00,0.00,0.00,0,,3.0,220.0,172500.0
2025-10-11T16:15:46.494133,184.420,0.00,0.00,0.00,0.00,0.00,0.00,0.00,0,,3.0,220.0,172500.0
2025-10-11T16:15:46.498372,184.424,0.00,0.00,0.00,0.00,0.00,0.00,0.00,0,,3.0,220.0,115000.0
2025-10-11T16:15:46.501621,184.427,0.00,0.00,0.00,0.00,0.00,0.00,0.00,0,,3.0,220.0,115000.0
2025-10-11T16:15:47.571666,185.497,0.00,0.00,0.00,0.00,0.00,0.00,0.00,0,,2.0,220.0,115000.0
2025-10-11T16:15:47.574548,185.500,0.00,0.00,0.00,0.00,0.00,0.00,0.00,0,,2.0,220.0,115000.0
2025-10-11T16:15:47.577357,185.503,0.00,0.00,0.00,0.00,0.00,0.00,0.00,0,,2.0,110.0,115000.0
2025-10-11T16:15:47.580508,185.506,0.00,0.00,0.00,0.00,0.00,0.00,0.00,0,,2.0,110.0,115000.0
2025-10-11T16:15:47.583127,185.509,0.00,0.00,0.00,0.00,0.00,0.00,0.00,0,,2.0,110.0,57500.0
2025-10-11T16:15:47.588878,185.515,0.00,0.00,0.00,0.00,0.00,0.00,0.00,0,,2.0,110.0,57500.0
2025-10-11T16:15:48.686787,186.612,0.00,0.00,0.00,0.00,0.00,0.00,0.00,0,,3.0,110.0,57500.0
2025-10-11T16:15:48.689672,186.615,0.00,0.00,0.00,0.00,0.00,0.00,0.00,0,,3.0,110.0,57500.0
2025-10-11T16:15:48.692319,186.618,0.00,0.00,0.00,0.00,0.00,0.00,0.00,0,,3.0,220.0,57500.0
2025-10-11T16:15:48.698135,186.624,0.00,0.00,0.00,0.00,0.00,0.00,0.00,0,,3.0,220.0,57500.0
2025-10-11T16:15:49.457826,187.383,0.00,0.00,0.00,0.00,0.00,0.00,0.00,0,,3.0,220.0,115000.0
2025-10-11T16:15:49.460147,187.386,0.00,0.00,0.00,0.00,0.00,0.00,0.00,0,,3.0,220.0,115000.0
2025-10-11T16:15:50.103708,188.029,0.00,0.00,0.00,0.00,0.00,0.00,0.00,0,,5.0,220.0,115000.0
2025-10-11T16:15:50.106287,188.032,0.00,0.00,0.00,0.00,0.00,0.00,0.00,0,,5.0,220.0,115000.0
2025-10-11T16:15:50.108834,188.034,0.00,0.00,0.00,0.00,0.00,0.00,0.00,0,,5.0,330.0,115000.0
2025-10-11T16:15:50.112580,188.038,0.00,0.00,0.00,0.00,0.00,0.00,0.00,0,,5.0,330.0,115000.0
2025-10-11T16:15:50.870190,188.796,0.00,0.00,0.00,0.00,0.00,0.00,0.00,0,,5.0,330.0,172500.0
2025-10-11T16:15:50.873431,188.799,0.00,0.00,0.00,0.00,0.00,0.00,0.00,0,,5.0,330.0,172500.0
2025-10-11T16:15:51.745994,189.672,0.00,0.00,0.00,0.00,0.00,0.00,0.00,0,,6.0,330.0,172500.0
2025-10-11T16:15:51.748823,189.674,0.00,0.00,0.00,0.00,0.00,0.00,0.00,0,,6.0,330.0,172500.0
2025-10-11T16:15:51.752308,189.678,0.00,0.00,0.00,0.00,0.00,0.00,0.00,0,,6.0,440.0,172500.0
2025-10-11T16:15:51.755791,189.681,0.00,0.00,0.00,0.00,0.00,0.00,0.00,0,,6.0,440.0,172500.0
2025-10-11T16:15:51.759312,189.685,0.00,0.00,0.00,0.00,0.00,0.00,0.00,0,,6.0,440.0,230000.0
2025-10-11T16:15:51.763194,189.689,0.00,0.00,0.00,0.00,0.00,0.00,0.00,0,,6.0,440.0,230000.0
2025-10-11T16:15:52.619888,190.546,0.00,0.00,0.00,0.00,0.00,0.00,0.00,0,,8.0,440.0,230000.0
2025-10-11T16:15:52.622288,190.548,0.00,0.00,0.00,0.00,0.00,0.00,0.00,0,,8.0,440.0,230000.0
2025-10-11T16:15:53.622040,191.548,0.00,0.00,0.00,0.00,0.00,0.00,0.00,0,,8.0,550.0,230000.0
2025-10-11T16:15:53.625086,191.551,0.00,0.00,0.00,0.00,0.00,0.00,0.00,0,,8.0,550.0,230000.0
2025-10-11T16:15:53.628920,191.555,0.00,0.00,0.00,0.00,0.00,0.00,0.00,0,,8.0,550.0,287500.0
2025-10-11T16:15:53.631942,191.558,0.00,0.00,0.00,0.00,0.00,0.00,0.00,0,,8.0,550.0,287500.0
2025-10-11T16:15:54.493059,192.419,0.00,0.00,0.00,0.00,0.00,0.00,0.00,0,,9.0,550.0,287500.0
2025-10-11T16:15:54.495972,192.422,0.00,0.00,0.00,0.00,0.00,0.00,0.00,0,,9.0,550.0,287500.0
2025-10-11T16:15:54.500004,192.426,0.00,0.00,0.00,0.00,0.00,0.00,0.00,0,,9.0,660.0,287500.0
2025-10-11T16:15:54.505222,192.431,0.00,0.00,0.00,0.00,0.00,0.00,0.00,0,,9.0,660.0,287500.0
2025-10-11T16:15:54.509109,192.435,0.00,0.00,0.00,0.00,0.00,0.00,0.00,0,,9.0,660.0,345000.0
2025-10-11T16:15:54.512816,192.438,0.00,0.00,0.00,0.00,0.00,0.00,0.00,0,,9.0,660.0,345000.0
2025-10-11T16:15:55.590140,193.516,0.00,0.00,0.00,0.00,0.00,0.00,0.00,0,,10.0,660.0,345000.0
2025-10-11T16:15:55.595753,193.521,0.00,0.00,0.00,0.00,0.00,0.00,0.00,0,,10.0,660.0,345000.0
2025-10-11T16:15:55.599628,193.525,0.00,0.00,0.00,0.00,0.00,0.00,0.00,0,,10.0,770.0,345000.0
2025-10-11T16:15:55.604727,193.530,0.00,0.00,0.00,0.00,0.00,0.00,0.00,0,,10.0,770.0,345000.0
2025-10-11T16:15:55.609200,193.535,0.00,0.00,0.00,0.00,0.00,0.00,0.00,0,,10.0,770.0,402500.0
2025-10-11T16:15:55.614172,193.540,0.00,0.00,0.00,0.00,0.00,0.00,0.00,0,,10.0,770.0,402500.0
2025-10-11T16:15:56.468883,194.395,0.00,0.00,0.00,0.00,0.00,0.00,0.00,0,,12.0,770.0,402500.0
2025-10-11T16:15:56.471585,194.397,0.00,0.00,0.00,0.00,0.00,0.00,0.00,0,,12.0,770.0,402500.0
2025-10-11T16:15:56.907591,194.833,0.00,0.00,0.00,0.00,0.00,0.00,0.00,0,,12.0,880.0,402500.0
2025-10-11T16:15:56.910168,194.836,0.00,0.00,0.00,0.00,0.00,0.00,0.00,0,,12.0,880.0,402500.0
2025-10-11T16:15:56.912826,194.838,0.00,0.00,0.00,0.00,0.00,0.00,0.00,0,,12.0,880.0,460000.0
2025-10-11T16:15:56.916159,194.842,0.00,0.00,0.00,0.00,0.00,0.00,0.00,0,,12.0,880.0,460000.0
2025-10-11T16:15:58.234918,196.161,0.00,0.00,0.00,0.00,0.00,0.00,0.00,0,,13.0,880.0,460000.0
2025-10-11T16:15:58.238243,196.164,0.00,0.00,0.00,0.00,0.00,0.00,0.00,0,,13.0,880.0,460000.0
2025-10-11T16:15:58.241634,196.167,0.00,0.00,0.00,0.00,0.00,0.00,0.00,0,,13.0,990.0,460000.0
2025-10-11T16:15:58.244929,196.171,0.00,0.00,0.00,0.00,0.00,0.00,0.00,0,,13.0,990.0,460000.0
2025-10-11T16:15:58.248468,196.174,0.00,0.00,0.00,0.00,0.00,0.00,0.00,0,,13.0,990.0,517500.0
2025-10-11T16:15:58.251724,196.177,0.00,0.00,0.00,0.00,0.00,0.00,0.00,0,,13.0,990.0,517500.0
2025-10-11T16:15:59.221740,197.147,0.00,0.00,0.00,0.00,0.00,0.00,0.00,0,,12.0,990.0,517500.0
2025-10-11T16:15:59.225117,197.151,0.00,0.00,0.00,0.00,0.00,0.00,0.00,0,,12.0,990.0,517500.0
2025-10-11T16:15:59.228880,197.155,0.00,0.00,0.00,0.00,0.00,0.00,0.00,0,,12.0,880.0,517500.0
2025-10-11T16:15:59.231786,197.157,0.00,0.00,0.00,0.00,0.00,0.00,0.00,0,,12.0,880.0,517500.0
2025-10-11T16:16:00.198706,198.124,0.00,0.00,0.00,0.00,0.00,0.00,0.00,0,,12.0,880.0,460000.0
2025-10-11T16:16:00.201720,198.127,0.00,0.00,0.00,0.00,0.00,0.00,0.00,0,,12.0,880.0,460000.0
2025-10-11T16:16:01.074935,199.001,0.00,0.00,0.00,0.00,0.00,0.00,0.00,0,,10.0,880.0,460000.0
2025-10-11T16:16:01.078280,199.004,0.00,0.00,0.00,0.00,0.00,0.00,0.00,0,,10.0,880.0,460000.0
2025-10-11T16:16:01.081402,199.007,0.00,0.00,0.00,0.00,0.00,0.00,0.00,0,,10.0,770.0,460000.0
2025-10-11T16:16:01.084840,199.011,0.00,0.00,0.00,0.00,0.00,0.00,0.00,0,,10.0,770.0,460000.0
2025-10-11T16:16:01.089208,199.015,0.00,0.00,0.00,0.00,0.00,0.00,0.00,0,,10.0,770.0,402500.0
2025-10-11T16:16:01.093444,199.019,0.00,0.00,0.00,0.00,0.00,0.00,0.00,0,,10.0,770.0,402500.0
2025-10-11T16:16:01.968666,199.894,0.00,0.00,0.00,0.00,0.00,0.00,0.00,0,,9.0,770.0,402500.0
2025-10-11T16:16:01.971553,199.897,0.00,0.00,0.00,0.00,0.00,0.00,0.00,0,,9.0,770.0,402500.0
2025-10-11T16:16:01.975808,199.901,0.00,0.00,0.00,0.00,0.00,0.00,0.00,0,,9.0,660.0,402500.0
2025-10-11T16:16:01.979972,199.906,0.00,0.00,0.00,0.00,0.00,0.00,0.00,0,,9.0,660.0,402500.0
2025-10-11T16:16:01.983180,199.909,0.00,0.00,0.00,0.00,0.00,0.00,0.00,0,,9.0,660.0,345000.0
2025-10-11T16:16:01.986489,199.912,0.00,0.00,0.00,0.00,0.00,0.00,0.00,0,,9.0,660.0,345000.0
2025-10-11T16:16:03.717052,201.643,0.00,0.00,0.00,0.00,0.00,0.00,0.00,0,,8.0,660.0,345000.0
2025-10-11T16:16:03.720158,201.646,0.00,0.00,0.00,0.00,0.00,0.00,0.00,0,,8.0,660.0,345000.0
2025-10-11T16:16:03.723292,201.649,0.00,0.00,0.00,0.00,0.00,0.00,0.00,0,,8.0,550.0,345000.0
2025-10-11T16:16:03.726271,201.652,0.00,0.00,0.00,0.00,0.00,0.00,0.00,0,,8.0,550.0,345000.0
2025-10-11T16:16:03.731065,201.657,0.00,0.00,0.00,0.00,0.00,0.00,0.00,0,,8.0,550.0,287500.0
2025-10-11T16:16:03.734564,201.660,0.00,0.00,0.00,0.00,0.00,0.00,0.00,0,,8.0,550.0,287500.0
2025-10-11T16:16:05.686096,203.612,0.00,0.00,0.00,0.00,0.00,0.00,0.00,0,,6.0,550.0,287500.0
2025-10-11T16:16:05.688904,203.615,0.00,0.00,0.00,0.00,0.00,0.00,0.00,0,,6.0,550.0,287500.0
2025-10-11T16:16:05.692192,203.618,0.00,0.00,0.00,0.00,0.00,0.00,0.00,0,,6.0,440.0,287500.0
2025-10-11T16:16:05.695154,203.621,0.00,0.00,0.00,0.00,0.00,0.00,0.00,0,,6.0,440.0,287500.0
2025-10-11T16:16:05.698731,203.624,0.00,0.00,0.00,0.00,0.00,0.00,0.00,0,,6.0,440.0,230000.0
2025-10-11T16:16:05.702287,203.628,0.00,0.00,0.00,0.00,0.00,0.00,0.00,0,,6.0,440.0,230000.0
2025-10-11T16:16:06.670077,204.596,0.00,0.00,0.00,0.00,0.00,0.00,0.00,0,,5.0,440.0,230000.0
2025-10-11T16:16:06.673101,204.599,0.00,0.00,0.00,0.00,0.00,0.00,0.00,0,,5.0,440.0,230000.0
2025-10-11T16:16:06.676457,204.602,0.00,0.00,0.00,0.00,0.00,0.00,0.00,0,,5.0,330.0,230000.0
2025-10-11T16:16:06.679122,204.605,0.00,0.00,0.00,0.00,0.00,0.00,0.00,0,,5.0,330.0,230000.0
2025-10-11T16:16:06.682659,204.608,0.00,0.00,0.00,0.00,0.00,0.00,0.00,0,,5.0,330.0,172500.0
2025-10-11T16:16:06.686293,204.612,0.00,0.00,0.00,0.00,0.00,0.00,0.00,0,,5.0,330.0,172500.0
2025-10-11T16:16:07.655477,205.581,0.00,0.00,0.00,0.00,0.00,0.00,0.00,0,,3.0,330.0,172500.0
2025-10-11T16:16:07.658317,205.584,0.00,0.00,0.00,0.00,0.00,0.00,0.00,0,,3.0,330.0,172500.0
2025-10-11T16:16:08.537057,206.463,0.00,0.00,0.00,0.00,0.00,0.00,0.00,0,,3.0,220.0,172500.0
2025-10-11T16:16:08.539492,206.465,0.00,0.00,0.00,0.00,0.00,0.00,0.00,0,,3.0,220.0,172500.0
2025-10-11T16:16:08.543827,206.469,0.00,0.00,0.00,0.00,0.00,0.00,0.00,0,,3.0,220.0,115000.0
2025-10-11T16:16:08.546502,206.472,0.00,0.00,0.00,0.00,0.00,0.00,0.00,0,,3.0,220.0,115000.0
2025-10-11T16:16:09.622982,207.549,0.00,0.00,0.00,0.00,0.00,0.00,0.00,0,,2.0,220.0,115000.0
2025-10-11T16:16:09.626433,207.552,0.00,0.00,0.00,0.00,0.00,0.00,0.00,0,,2.0,220.0,115000.0
2025-10-11T16:16:09.629748,207.555,0.00,0.00,0.00,0.00,0.00,0.00,0.00,0,,2.0,110.0,115000.0
2025-10-11T16:16:09.633157,207.559,0.00,0.00,0.00,0.00,0.00,0.00,0.00,0,,2.0,110.0,115000.0
2025-10-11T16:16:09.636869,207.563,0.00,0.00,0.00,0.00,0.00,0.00,0.00,0,,2.0,110.0,57500.0
2025-10-11T16:16:09.641527,207.567,0.00,0.00,0.00,0.00,0.00,0.00,0.00,0,,2.0,110.0,57500.0
2025-10-11T16:16:10.603540,208.529,0.00,0.00,0.00,0.00,0.00,0.00,0.00,0,,3.0,110.0,57500.0
2025-10-11T16:16:10.606414,208.532,0.00,0.00,0.00,0.00,0.00,0.00,0.00,0,,3.0,110.0,57500.0
2025-10-11T16:16:10.609908,208.536,0.00,0.00,0.00,0.00,0.00,0.00,0.00,0,,3.0,220.0,57500.0
2025-10-11T16:16:10.613627,208.539,0.00,0.00,0.00,0.00,0.00,0.00,0.00,0,,3.0,220.0,57500.0
2025-10-11T16:16:10.617217,208.543,0.00,0.00,0.00,0.00,0.00,0.00,0.00,0,,3.0,220.0,115000.0
2025-10-11T16:16:10.622961,208.549,0.00,0.00,0.00,0.00,0.00,0.00,0.00,0,,3.0,220.0,115000.0
2025-10-11T16:16:11.696786,209.622,0.00,0.00,0.00,0.00,0.00,0.00,0.00,0,,5.0,220.0,115000.0
2025-10-11T16:16:11.699864,209.626,0.00,0.00,0.00,0.00,0.00,0.00,0.00,0,,5.0,220.0,115000.0
2025-10-11T16:16:11.704967,209.631,0.00,0.00,0.00,0.00,0.00,0.00,0.00,0,,5.0,330.0,115000.0
2025-10-11T16:16:11.709916,209.636,0.00,0.00,0.00,0.00,0.00,0.00,0.00,0,,5.0,330.0,115000.0
2025-10-11T16:16:11.713553,209.639,0.00,0.00,0.00,0.00,0.00,0.00,0.00,0,,5.0,330.0,172500.0
2025-10-11T16:16:11.716723,209.642,0.00,0.00,0.00,0.00,0.00,0.00,0.00,0,,5.0,330.0,172500.0
2025-10-11T16:16:12.819065,210.745,0.00,0.00,0.00,0.00,0.00,0.00,0.00,0,,6.0,330.0,172500.0
2025-10-11T16:16:12.823969,210.750,0.00,0.00,0.00,0.00,0.00,0.00,0.00,0,,6.0,330.0,172500.0
2025-10-11T16:16:12.827930,210.754,0.00,0.00,0.00,0.00,0.00,0.00,0.00,0,,6.0,440.0,172500.0
2025-10-11T16:16:12.831417,210.757,0.00,0.00,0.00,0.00,0.00,0.00,0.00,0,,6.0,440.0,172500.0
2025-10-11T16:16:13.353533,211.279,0.00,0.00,0.00,0.00,0.00,0.00,0.00,0,,6.0,440.0,230000.0
2025-10-11T16:16:13.356168,211.282,0.00,0.00,0.00,0.00,0.00,0.00,0.00,0,,6.0,440.0,230000.0
2025-10-11T16:16:14.253412,212.179,0.00,0.00,0.00,0.00,0.00,0.00,0.00,0,,8.0,440.0,230000.0
2025-10-11T16:16:14.256023,212.182,0.00,0.00,0.00,0.00,0.00,0.00,0.00,0,,8.0,440.0,230000.0
2025-10-11T16:16:14.258856,212.185,0.00,0.00,0.00,0.00,0.00,0.00,0.00,0,,8.0,550.0,230000.0
2025-10-11T16:16:14.262338,212.188,0.00,0.00,0.00,0.00,0.00,0.00,0.00,0,,8.0,550.0,230000.0
2025-10-11T16:16:14.688331,212.614,0.00,0.00,0.00,0.00,0.00,0.00,0.00,0,,8.0,550.0,287500.0
2025-10-11T16:16:14.690652,212.616,0.00,0.00,0.00,0.00,0.00,0.00,0.00,0,,8.0,550.0,287500.0
2025-10-11T16:16:15.670058,213.596,0.00,0.00,0.00,0.00,0.00,0.00,0.00,0,,9.0,550.0,287500.0
2025-10-11T16:16:15.672619,213.598,0.00,0.00,0.00,0.00,0.00,0.00,0.00,0,,9.0,550.0,287500.0
2025-10-11T16:16:15.675706,213.601,0.00,0.00,0.00,0.00,0.00,0.00,0.00,0,,9.0,660.0,287500.0
2025-10-11T16:16:15.678617,213.604,0.00,0.00,0.00,0.00,0.00,0.00,0.00,0,,9.0,660.0,287500.0
2025-10-11T16:16:15.681179,213.607,0.00,0.00,0.00,0.00,0.00,0.00,0.00,0,,9.0,660.0,345000.0
2025-10-11T16:16:15.684440,213.610,0.00,0.00,0.00,0.00,0.00,0.00,0.00,0,,9.0,660.0,345000.0
2025-10-11T16:16:17.213931,215.140,0.00,0.00,0.00,0.00,0.00,0.00,0.00,0,,10.0,660.0,345000.0
2025-10-11T16:16:17.216336,215.142,0.00,0.00,0.00,0.00,0.00,0.00,0.00,0,,10.0,660.0,345000.0
2025-10-11T16:16:17.218863,215.145,0.00,0.00,0.00,0.00,0.00,0.00,0.00,0,,10.0,770.0,345000.0
2025-10-11T16:16:17.222338,215.148,0.00,0.00,0.00,0.00,0.00,0.00,0.00,0,,10.0,770.0,345000.0
2025-10-11T16:16:17.225742,215.151,0.00,0.00,0.00,0.00,0.00,0.00,0.00,0,,10.0,770.0,402500.0
2025-10-11T16:16:17.228619,215.154,0.00,0.00,0.00,0.00,0.00,0.00,0.00,0,,10.0,770.0,402500.0
2025-10-11T16:16:18.204363,216.130,0.00,0.00,0.00,0.00,0.00,0.00,0.00,0,,12.0,770.0,402500.0
2025-10-11T16:16:18.207829,216.133,0.00,0.00,0.00,0.00,0.00,0.00,0.00,0,,12.0,770.0,402500.0
2025-10-11T16:16:18.211670,216.137,0.00,0.00,0.00,0.00,0.00,0.00,0.00,0,,12.0,880.0,402500.0
2025-10-11T16:16:18.215735,216.141,0.00,0.00,0.00,0.00,0.00,0.00,0.00,0,,12.0,880.0,402500.0
2025-10-11T16:16:18.747336,216.673,0.00,0.00,0.00,0.00,0.00,0.00,0.00,0,,12.0,880.0,460000.0
2025-10-11T16:16:18.749664,216.675,0.00,0.00,0.00,0.00,0.00,0.00,0.00,0,,12.0,880.0,460000.0
2025-10-11T16:16:19.731237,217.657,0.00,0.00,0.00,0.00,0.00,0.00,0.00,0,,13.0,880.0,460000.0
2025-10-11T16:16:19.734610,217.660,0.00,0.00,0.00,0.00,0.00,0.00,0.00,0,,13.0,880.0,460000.0
2025-10-11T16:16:19.738619,217.664,0.00,0.00,0.00,0.00,0.00,0.00,0.00,0,,13.0,990.0,460000.0
2025-10-11T16:16:19.741880,217.668,0.00,0.00,0.00,0.00,0.00,0.00,0.00,0,,13.0,990.0,460000.0
2025-10-11T16:16:19.745402,217.671,0.00,0.00,0.00,0.00,0.00,0.00,0.00,0,,13.0,990.0,517500.0
2025-10-11T16:16:19.749331,217.675,0.00,0.00,0.00,0.00,0.00,0.00,0.00,0,,13.0,990.0,517500.0
2025-10-11T16:16:20.820912,218.747,0.00,0.00,0.00,0.00,0.00,0.00,0.00,0,,12.0,990.0,517500.0
2025-10-11T16:16:20.825401,218.751,0.00,0.00,0.00,0.00,0.00,0.00,0.00,0,,12.0,990.0,517500.0
2025-10-11T16:16:20.828717,218.754,0.00,0.00,0.00,0.00,0.00,0.00,0.00,0,,12.0,880.0,517500.0
2025-10-11T16:16:20.832993,218.759,0.00,0.00,0.00,0.00,0.00,0.00,0.00,0,,12.0,880.0,517500.0
2025-10-11T16:16:21.377783,219.303,0.00,0.00,0.00,0.00,0.00,0.00,0.00,0,,12.0,880.0,460000.0
2025-10-11T16:16:21.380344,219.306,0.00,0.00,0.00,0.00,0.00,0.00,0.00,0,,12.0,880.0,460000.0
2025-10-11T16:16:22.461391,220.387,0.00,0.00,0.00,0.00,0.00,0.00,0.00,0,,10.0,880.0,460000.0
2025-10-11T16:16:22.463860,220.390,0.00,0.00,0.00,0.00,0.00,0.00,0.00,0,,10.0,880.0,460000.0
2025-10-11T16:16:22.466245,220.392,0.00,0.00,0.00,0.00,0.00,0.00,0.00,0,,10.0,770.0,460000.0
2025-10-11T16:16:22.469215,220.395,0.00,0.00,0.00,0.00,0.00,0.00,0.00,0,,10.0,770.0,460000.0
2025-10-11T16:16:22.471987,220.398,0.00,0.00,0.00,0.00,0.00,0.00,0.00,0,,10.0,770.0,402500.0
2025-10-11T16:16:22.474945,220.401,0.00,0.00,0.00,0.00,0.00,0.00,0.00,0,,10.0,770.0,402500.0
2025-10-11T16:16:23.554362,221.480,0.00,0.00,0.00,0.00,0.00,0.00,0.00,0,,9.0,770.0,402500.0
2025-10-11T16:16:23.557533,221.483,0.00,0.00,0.00,0.00,0.00,0.00,0.00,0,,9.0,770.0,402500.0
2025-10-11T16:16:23.560351,221.486,0.00,0.00,0.00,0.00,0.00,0.00,0.00,0,,9.0,660.0,402500.0
2025-10-11T16:16:23.563419,221.489,0.00,0.00,0.00,0.00,0.00,0.00,0.00,0,,9.0,660.0,402500.0
2025-10-11T16:16:23.566151,221.492,0.00,0.00,0.00,0.00,0.00,0.00,0.00,0,,9.0,660.0,345000.0
2025-10-11T16:16:23.569332,221.495,0.00,0.00,0.00,0.00,0.00,0.00,0.00,0,,9.0,660.0,345000.0
2025-10-11T16:16:24.871330,222.797,0.00,0.00,0.00,0.00,0.00,0.00,0.00,0,,8.0,660.0,345000.0
2025-10-11T16:16:24.874725,222.800,0.00,0.00,0.00,0.00,0.00,0.00,0.00,0,,8.0,660.0,345000.0
2025-10-11T16:16:24.877357,222.803,0.00,0.00,0.00,0.00,0.00,0.00,0.00,0,,8.0,550.0,345000.0
2025-10-11T16:16:24.880876,222.807,0.00,0.00,0.00,0.00,0.00,0.00,0.00,0,,8.0,550.0,345000.0
2025-10-11T16:16:24.884751,222.810,0.00,0.00,0.00,0.00,0.00,0.00,0.00,0,,8.0,550.0,287500.0
2025-10-11T16:16:24.888254,222.814,0.00,0.00,0.00,0.00,0.00,0.00,0.00,0,,8.0,550.0,287500.0
2025-10-11T16:16:25.892439,223.818,0.00,0.00,0.00,0.00,0.00,0.00,0.00,0,,6.0,550.0,287500.0
2025-10-11T16:16:25.895794,223.821,0.00,0.00,0.00,0.00,0.00,0.00,0.00,0,,6.0,550.0,287500.0
2025-10-11T16:16:25.899552,223.825,0.00,0.00,0.00,0.00,0.00,0.00,0.00,0,,6.0,440.0,287500.0
2025-10-11T16:16:25.903053,223.829,0.00,0.00,0.00,0.00,0.00,0.00,0.00,0,,6.0,440.0,287500.0
2025-10-11T16:16:26.403731,224.329,0.00,0.00,0.00,0.00,0.00,0.00,0.00,0,,6.0,440.0,230000.0
2025-10-11T16:16:26.406158,224.332,0.00,0.00,0.00,0.00,0.00,0.00,0.00,0,,6.0,440.0,230000.0
2025-10-11T16:16:27.387383,225.313,0.00,0.00,0.00,0.00,0.00,0.00,0.00,0,,5.0,440.0,230000.0
2025-10-11T16:16:27.389632,225.315,0.00,0.00,0.00,0.00,0.00,0.00,0.00,0,,5.0,440.0,230000.0
2025-10-11T16:16:27.391919,225.318,0.00,0.00,0.00,0.00,0.00,0.00,0.00,0,,5.0,330.0,230000.0
2025-10-11T16:16:27.395222,225.321,0.00,0.00,0.00,0.00,0.00,0.00,0.00,0,,5.0,330.0,230000.0
2025-10-11T16:16:27.397578,225.323,0.00,0.00,0.00,0.00,0.00,0.00,0.00,0,,5.0,330.0,172500.0
2025-10-11T16:16:27.400841,225.327,0.00,0.00,0.00,0.00,0.00,0.00,0.00,0,,5.0,330.0,172500.0
2025-10-11T16:16:28.426102,226.352,0.00,0.00,0.00,0.00,0.00,0.00,0.00,0,,3.0,330.0,172500.0
2025-10-11T16:16:28.430908,226.357,0.00,0.00,0.00,0.00,0.00,0.00,0.00,0,,3.0,330.0,172500.0
2025-10-11T16:16:28.436123,226.362,0.00,0.00,0.00,0.00,0.00,0.00,0.00,0,,3.0,220.0,172500.0
2025-10-11T16:16:28.440828,226.366,0.00,0.00,0.00,0.00,0.00,0.00,0.00,0,,3.0,220.0,172500.0
2025-10-11T16:16:29.032943,226.959,0.00,0.00,0.00,0.00,0.00,0.00,0.00,0,,3.0,220.0,115000.0
2025-10-11T16:16:29.035920,226.962,0.00,0.00,0.00,0.00,0.00,0.00,0.00,0,,3.0,220.0,115000.0
2025-10-11T16:16:29.574074,227.500,0.00,0.00,0.00,0.00,0.00,0.00,0.00,0,,2.0,220.0,115000.0
2025-10-11T16:16:29.576763,227.502,0.00,0.00,0.00,0.00,0.00,0.00,0.00,0,,2.0,220.0,115000.0
2025-10-11T16:16:30.125345,228.051,0.00,0.00,0.00,0.00,0.00,0.00,0.00,0,,2.0,110.0,115000.0
2025-10-11T16:16:30.127820,228.053,0.00,0.00,0.00,0.00,0.00,0.00,0.00,0,,2.0,110.0,115000.0
2025-10-11T16:16:30.130243,228.056,0.00,0.00,0.00,0.00,0.00,0.00,0.00,0,,2.0,110.0,57500.0
2025-10-11T16:16:30.133415,228.059,0.00,0.00,0.00,0.00,0.00,0.00,0.00,0,,2.0,110.0,57500.0
2025-10-11T16:16:31.138482,229.064,0.00,0.00,0.00,0.00,0.00,0.00,0.00,0,,3.0,110.0,57500.0
2025-10-11T16:16:31.141100,229.067,0.00,0.00,0.00,0.00,0.00,0.00,0.00,0,,3.0,110.0,57500.0
2025-10-11T16:16:31.143382,229.069,0.00,0.00,0.00,0.00,0.00,0.00,0.00,0,,3.0,220.0,57500.0
2025-10-11T16:16:31.146459,229.072,0.00,0.00,0.00,0.00,0.00,0.00,0.00,0,,3.0,220.0,57500.0
2025-10-11T16:16:31.149467,229.075,0.00,0.00,0.00,0.00,0.00,0.00,0.00,0,,3.0,220.0,115000.0
2025-10-11T16:16:31.153813,229.079,0.00,0.00,0.00,0.00,0.00,0.00,0.00,0,,3.0,220.0,115000.0
2025-10-11T16:16:32.240394,230.166,0.00,0.00,0.00,0.00,0.00,0.00,0.00,0,,5.0,220.0,115000.0
2025-10-11T16:16:32.242980,230.169,0.00,0.00,0.00,0.00,0.00,0.00,0.00,0,,5.0,220.0,115000.0
2025-10-11T16:16:32.245244,230.171,0.00,0.00,0.00,0.00,0.00,0.00,0.00,0,,5.0,330.0,115000.0
2025-10-11T16:16:32.248589,230.174,0.00,0.00,0.00,0.00,0.00,0.00,0.00,0,,5.0,330.0,115000.0
2025-10-11T16:16:32.801320,230.727,0.00,0.00,0.00,0.00,0.00,0.00,0.00,0,,5.0,330.0,172500.0
2025-10-11T16:16:32.803675,230.729,0.00,0.00,0.00,0.00,0.00,0.00,0.00,0,,5.0,330.0,172500.0
2025-10-11T16:16:33.905327,231.831,0.00,0.00,0.00,0.00,0.00,0.00,0.00,0,,6.0,330.0,172500.0
2025-10-11T16:16:33.908250,231.834,0.00,0.00,0.00,0.00,0.00,0.00,0.00,0,,6.0,330.0,172500.0
2025-10-11T16:16:33.911203,231.837,0.00,0.00,0.00,0.00,0.00,0.00,0.00,0,,6.0,440.0,172500.0
2025-10-11T16:16:33.914776,231.840,0.00,0.00,0.00,0.00,0.00,0.00,0.00,0,,6.0,440.0,172500.0
2025-10-11T16:16:33.918866,231.845,0.00,0.00,0.00,0.00,0.00,0.00,0.00,0,,6.0,440.0,230000.0
2025-10-11T16:16:33.922957,231.849,0.00,0.00,0.00,0.00,0.00,0.00,0.00,0,,6.0,440.0,230000.0
2025-10-11T16:16:35.001906,232.928,0.00,0.00,0.00,0.00,0.00,0.00,0.00,0,,8.0,440.0,230000.0
2025-10-11T16:16:35.004646,232.930,0.00,0.00,0.00,0.00,0.00,0.00,0.00,0,,8.0,440.0,230000.0
2025-10-11T16:16:35.008322,232.934,0.00,0.00,0.00,0.00,0.00,0.00,0.00,0,,8.0,550.0,230000.0
2025-10-11T16:16:35.011195,232.937,0.00,0.00,0.00,0.00,0.00,0.00,0.00,0,,8.0,550.0,230000.0
2025-10-11T16:16:35.014602,232.940,0.00,0.00,0.00,0.00,0.00,0.00,0.00,0,,8.0,550.0,287500.0
2025-10-11T16:16:35.018132,232.944,0.00,0.00,0.00,0.00,0.00,0.00,0.00,0,,8.0,550.0,287500.0
2025-10-11T16:16:36.207198,234.133,0.00,0.00,0.00,0.00,0.00,0.00,0.00,0,,9.0,550.0,287500.0
2025-10-11T16:16:36.210008,234.136,0.00,0.00,0.00,0.00,0.00,0.00,0.00,0,,9.0,550.0,287500.0
2025-10-11T16:16:36.213085,234.139,0.00,0.00,0.00,0.00,0.00,0.00,0.00,0,,9.0,660.0,287500.0
2025-10-11T16:16:36.216283,234.142,0.00,0.00,0.00,0.00,0.00,0.00,0.00,0,,9.0,660.0,287500.0
2025-10-11T16:16:36.755741,234.681,0.00,0.00,0.00,0.00,0.00,0.00,0.00,0,,9.0,660.0,345000.0
2025-10-11T16:16:36.760186,234.686,0.00,0.00,0.00,0.00,0.00,0.00,0.00,0,,9.0,660.0,345000.0
2025-10-11T16:16:37.289811,235.215,0.00,0.00,0.00,0.00,0.00,0.00,0.00,0,,10.0,660.0,345000.0
2025-10-11T16:16:37.292580,235.218,0.00,0.00,0.00,0.00,0.00,0.00,0.00,0,,10.0,660.0,345000.0
2025-10-11T16:16:37.854971,235.781,0.00,0.00,0.00,0.00,0.00,0.00,0.00,0,,10.0,770.0,345000.0
2025-10-11T16:16:37.858629,235.784,0.00,0.00,0.00,0.00,0.00,0.00,0.00,0,,10.0,770.0,345000.0
2025-10-11T16:16:37.862532,235.788,0.00,0.00,0.00,0.00,0.00,0.00,0.00,0,,10.0,770.0,402500.0
2025-10-11T16:16:37.866339,235.792,0.00,0.00,0.00,0.00,0.00,0.00,0.00,0,,10.0,770.0,402500.0
2025-10-11T16:16:38.522269,236.448,0.00,0.00,0.00,0.00,0.00,0.00,0.00,0,,12.0,770.0,402500.0
2025-10-11T16:16:38.525204,236.451,0.00,0.00,0.00,0.00,0.00,0.00,0.00,0,,12.0,770.0,402500.0
2025-10-11T16:16:39.055464,236.981,0.00,0.00,0.00,0.00,0.00,0.00,0.00,0,,12.0,880.0,402500.0
2025-10-11T16:16:39.058472,236.984,0.00,0.00,0.00,0.00,0.00,0.00,0.00,0,,12.0,880.0,402500.0
2025-10-11T16:16:39.062509,236.988,0.00,0.00,0.00,0.00,0.00,0.00,0.00,0,,12.0,880.0,460000.0
2025-10-11T16:16:39.065550,236.991,0.00,0.00,0.00,0.00,0.00,0.00,0.00,0,,12.0,880.0,460000.0
2025-10-11T16:16:40.368757,238.294,0.00,0.00,0.00,0.00,0.00,0.00,0.00,0,,13.0,880.0,460000.0
2025-10-11T16:16:40.371727,238.297,0.00,0.00,0.00,0.00,0.00,0.00,0.00,0,,13.0,880.0,460000.0
2025-10-11T16:16:40.375190,238.301,0.00,0.00,0.00,0.00,0.00,0.00,0.00,0,,13.0,990.0,460000.0
2025-10-11T16:16:40.378167,238.304,0.00,0.00,0.00,0.00,0.00,0.00,0.00,0,,13.0,990.0,460000.0
2025-10-11T16:16:40.381709,238.307,0.00,0.00,0.00,0.00,0.00,0.00,0.00,0,,13.0,990.0,517500.0
2025-10-11T16:16:40.385318,238.311,0.00,0.00,0.00,0.00,0.00,0.00,0.00,0,,13.0,990.0,517500.0
2025-10-11T16:16:41.469136,239.395,0.00,0.00,0.00,0.00,0.00,0.00,0.00,0,,12.0,990.0,517500.0
2025-10-11T16:16:41.472304,239.398,0.00,0.00,0.00,0.00,0.00,0.00,0.00,0,,12.0,990.0,517500.0
2025-10-11T16:16:41.475351,239.401,0.00,0.00,0.00,0.00,0.00,0.00,0.00,0,,12.0,880.0,517500.0
2025-10-11T16:16:41.478693,239.404,0.00,0.00,0.00,0.00,0.00,0.00,0.00,0,,12.0,880.0,517500.0
2025-10-11T16:16:41.482215,239.408,0.00,0.00,0.00,0.00,0.00,0.00,0.00,0,,12.0,880.0,460000.0
2025-10-11T16:16:41.485097,239.411,0.00,0.00,0.00,0.00,0.00,0.00,0.00,0,,12.0,880.0,460000.0
2025-10-11T16:16:42.556464,240.482,0.00,0.00,0.00,0.00,0.00,0.00,0.00,0,,10.0,880.0,460000.0
2025-10-11T16:16:42.560034,240.486,0.00,0.00,0.00,0.00,0.00,0.00,0.00,0,,10.0,880.0,460000.0
2025-10-11T16:16:42.563626,240.489,0.00,0.00,0.00,0.00,0.00,0.00,0.00,0,,10.0,770.0,460000.0
2025-10-11T16:16:42.569274,240.495,0.00,0.00,0.00,0.00,0.00,0.00,0.00,0,,10.0,770.0,460000.0
2025-10-11T16:16:43.102958,241.029,0.00,0.00,0.00,0.00,0.00,0.00,0.00,0,,10.0,770.0,402500.0
2025-10-11T16:16:43.105556,241.031,0.00,0.00,0.00,0.00,0.00,0.00,0.00,0,,10.0,770.0,402500.0
2025-10-11T16:16:43.660316,241.586,0.00,0.00,0.00,0.00,0.00,0.00,0.00,0,,9.0,770.0,402500.0
2025-10-11T16:16:43.662884,241.589,0.00,0.00,0.00,0.00,0.00,0.00,0.00,0,,9.0,770.0,402500.0
2025-10-11T16:16:44.194091,242.120,0.00,0.00,0.00,0.00,0.00,0.00,0.00,0,,9.0,660.0,402500.0
2025-10-11T16:16:44.197397,242.123,0.00,0.00,0.00,0.00,0.00,0.00,0.00,0,,9.0,660.0,402500.0
2025-10-11T16:16:44.200806,242.126,0.00,0.00,0.00,0.00,0.00,0.00,0.00,0,,9.0,660.0,345000.0
2025-10-11T16:16:44.204025,242.130,0.00,0.00,0.00,0.00,0.00,0.00,0.00,0,,9.0,660.0,345000.0
2025-10-11T16:16:45.302433,243.228,0.00,0.00,0.00,0.00,0.00,0.00,0.00,0,,8.0,660.0,345000.0
2025-10-11T16:16:45.305617,243.231,0.00,0.00,0.00,0.00,0.00,0.00,0.00,0,,8.0,660.0,345000.0
2025-10-11T16:16:45.310477,243.236,0.00,0.00,0.00,0.00,0.00,0.00,0.00,0,,8.0,550.0,345000.0
2025-10-11T16:16:45.313257,243.239,0.00,0.00,0.00,0.00,0.00,0.00,0.00,0,,8.0,550.0,345000.0
2025-10-11T16:16:45.316900,243.243,0.00,0.00,0.00,0.00,0.00,0.00,0.00,0,,8.0,550.0,287500.0
2025-10-11T16:16:45.320829,243.246,0.00,0.00,0.00,0.00,0.00,0.00,0.00,0,,8.0,550.0,287500.0
2025-10-11T16:16:46.405687,244.331,0.00,0.00,0.00,0.00,0.00,0.00,0.00,0,,6.0,550.0,287500.0
2025-10-11T16:16:46.408540,244.334,0.00,0.00,0.00,0.00,0.00,0.00,0.00,0,,6.0,550.0,287500.0
2025-10-11T16:16:46.411614,244.337,0.00,0.00,0.00,0.00,0.00,0.00,0.00,0,,6.0,440.0,287500.0
2025-10-11T16:16:46.415198,244.341,0.00,0.00,0.00,0.00,0.00,0.00,0.00,0,,6.0,440.0,287500.0
2025-10-11T16:16:47.057265,244.983,0.00,0.00,0.00,0.00,0.00,0.00,0.00,0,,6.0,440.0,230000.0
2025-10-11T16:16:47.060891,244.987,0.00,0.00,0.00,0.00,0.00,0.00,0.00,0,,6.0,440.0,230000.0
2025-10-11T16:16:47.822452,245.748,0.00,0.00,0.00,0.00,0.00,0.00,0.00,0,,5.0,440.0,230000.0
2025-10-11T16:16:47.826933,245.753,0.00,0.00,0.00,0.00,0.00,0.00,0.00,0,,5.0,440.0,230000.0
2025-10-11T16:16:47.830799,245.756,0.00,0.00,0.00,0.00,0.00,0.00,0.00,0,,5.0,330.0,230000.0
2025-10-11T16:16:47.833385,245.759,0.00,0.00,0.00,0.00,0.00,0.00,0.00,0,,5.0,330.0,230000.0
2025-10-11T16:16:47.837804,245.763,0.00,0.00,0.00,0.00,0.00,0.00,0.00,0,,5.0,330.0,172500.0
2025-10-11T16:16:47.842075,245.768,0.00,0.00,0.00,0.00,0.00,0.00,0.00,0,,5.0,330.0,172500.0
2025-10-11T16:16:49.038764,246.964,0.00,0.00,0.00,0.00,0.00,0.00,0.00,0,,3.0,330.0,172500.0
2025-10-11T16:16:49.041472,246.967,0.00,0.00,0.00,0.00,0.00,0.00,0.00,0,,3.0,330.0,172500.0
2025-10-11T16:16:49.044433,246.970,0.00,0.00,0.00,0.00,0.00,0.00,0.00,0,,3.0,220.0,172500.0
2025-10-11T16:16:49.047663,246.973,0.00,0.00,0.00,0.00,0.00,0.00,0.00,0,,3.0,220.0,172500.0
2025-10-11T16:16:49.604179,247.530,0.00,0.00,0.00,0.00,0.00,0.00,0.00,0,,3.0,220.0,115000.0
2025-10-11T16:16:49.607182,247.533,0.00,0.00,0.00,0.00,0.00,0.00,0.00,0,,3.0,220.0,115000.0
2025-10-11T16:16:50.158771,248.084,0.00,0.00,0.00,0.00,0.00,0.00,0.00,0,,2.0,220.0,115000.0
2025-10-11T16:16:50.161838,248.087,0.00,0.00,0.00,0.00,0.00,0.00,0.00,0,,2.0,220.0,115000.0
2025-10-11T16:16:50.817132,248.743,0.00,0.00,0.00,0.00,0.00,0.00,0.00,0,,2.0,110.0,115000.0
2025-10-11T16:16:50.819725,248.745,0.00,0.00,0.00,0.00,0.00,0.00,0.00,0,,2.0,110.0,115000.0
2025-10-11T16:16:50.822241,248.748,0.00,0.00,0.00,0.00,0.00,0.00,0.00,0,,2.0,110.0,57500.0
2025-10-11T16:16:50.825799,248.751,0.00,0.00,0.00,0.00,0.00,0.00,0.00,0,,2.0,110.0,57500.0
2025-10-11T16:16:51.360405,249.286,0.00,0.00,0.00,0.00,0.00,0.00,0.00,0,,3.0,110.0,57500.0
2025-10-11T16:16:51.362916,249.289,0.00,0.00,0.00,0.00,0.00,0.00,0.00,0,,3.0,110.0,57500.0
2025-10-11T16:16:51.905700,249.831,0.00,0.00,0.00,0.00,0.00,0.00,0.00,0,,3.0,220.0,57500.0
2025-10-11T16:16:51.909486,249.835,0.00,0.00,0.00,0.00,0.00,0.00,0.00,0,,3.0,220.0,57500.0
2025-10-11T16:16:51.913146,249.839,0.00,0.00,0.00,0.00,0.00,0.00,0.00,0,,3.0,220.0,115000.0
2025-10-11T16:16:51.917676,249.843,0.00,0.00,0.00,0.00,0.00,0.00,0.00,0,,3.0,220.0,115000.0
2025-10-11T16:16:53.328426,251.254,0.00,0.00,0.00,0.00,0.00,0.00,0.00,0,,5.0,220.0,115000.0
2025-10-11T16:16:53.331362,251.257,0.00,0.00,0.00,0.00,0.00,0.00,0.00,0,,5.0,220.0,115000.0
2025-10-11T16:16:53.335556,251.261,0.00,0.00,0.00,0.00,0.00,0.00,0.00,0,,5.0,330.0,115000.0
2025-10-11T16:16:53.339309,251.265,0.00,0.00,0.00,0.00,0.00,0.00,0.00,0,,5.0,330.0,115000.0
2025-10-11T16:16:53.342707,251.268,0.00,0.00,0.00,0.00,0.00,0.00,0.00,0,,5.0,330.0,172500.0
2025-10-11T16:16:53.346817,251.272,0.00,0.00,0.00,0.00,0.00,0.00,0.00,0,,5.0,330.0,172500.0
2025-10-11T16:16:54.309364,252.235,0.00,0.00,0.00,0.00,0.00,0.00,0.00,0,,6.0,330.0,172500.0
2025-10-11T16:16:54.314884,252.241,0.00,0.00,0.00,0.00,0.00,0.00,0.00,0,,6.0,330.0,172500.0
2025-10-11T16:16:54.352649,252.278,0.00,0.00,0.00,0.00,0.00,0.00,0.00,0,,6.0,440.0,172500.0
2025-10-11T16:16:54.356657,252.282,0.00,0.00,0.00,0.00,0.00,0.00,0.00,0,,6.0,440.0,172500.0
2025-10-11T16:16:54.360290,252.286,0.00,0.00,0.00,0.00,0.00,0.00,0.00,0,,6.0,440.0,230000.0
2025-10-11T16:16:54.363681,252.289,0.00,0.00,0.00,0.00,0.00,0.00,0.00,0,,6.0,440.0,230000.0
2025-10-11T16:16:55.287116,253.213,0.00,0.00,0.00,0.00,0.00,0.00,0.00,0,,8.0,440.0,230000.0
2025-10-11T16:16:55.290171,253.216,0.00,0.00,0.00,0.00,0.00,0.00,0.00,0,,8.0,440.0,230000.0
2025-10-11T16:16:55.293730,253.219,0.00,0.00,0.00,0.00,0.00,0.00,0.00,0,,8.0,550.0,230000.0
2025-10-11T16:16:55.296123,253.222,0.00,0.00,0.00,0.00,0.00,0.00,0.00,0,,8.0,550.0,230000.0
2025-10-11T16:16:56.164138,254.090,0.00,0.00,0.00,0.00,0.00,0.00,0.00,0,,8.0,550.0,287500.0
2025-10-11T16:16:56.167038,254.093,0.00,0.00,0.00,0.00,0.00,0.00,0.00,0,,8.0,550.0,287500.0
2025-10-11T16:16:57.066544,254.992,0.00,0.00,0.00,0.00,0.00,0.00,0.00,0,,9.0,550.0,287500.0
2025-10-11T16:16:57.069902,254.996,0.00,0.00,0.00,0.00,0.00,0.00,0.00,0,,9.0,550.0,287500.0
2025-10-11T16:16:57.073330,254.999,0.00,0.00,0.00,0.00,0.00,0.00,0.00,0,,9.0,660.0,287500.0
2025-10-11T16:16:57.076330,255.002,0.00,0.00,0.00,0.00,0.00,0.00,0.00,0,,9.0,660.0,287500.0
2025-10-11T16:16:57.079956,255.006,0.00,0.00,0.00,0.00,0.00,0.00,0.00,0,,9.0,660.0,345000.0
2025-10-11T16:16:57.083379,255.009,0.00,0.00,0.00,0.00,0.00,0.00,0.00,0,,9.0,660.0,345000.0
2025-10-11T16:16:57.955396,255.881,0.00,0.00,0.00,0.00,0.00,0.00,0.00,0,,10.0,660.0,345000.0
2025-10-11T16:16:57.958195,255.884,0.00,0.00,0.00,0.00,0.00,0.00,0.00,0,,10.0,660.0,345000.0
2025-10-11T16:16:57.961385,255.887,0.00,0.00,0.00,0.00,0.00,0.00,0.00,0,,10.0,770.0,345000.0
2025-10-11T16:16:57.965415,255.891,0.00,0.00,0.00,0.00,0.00,0.00,0.00,0,,10.0,770.0,345000.0
2025-10-11T16:16:57.968748,255.894,0.00,0.00,0.00,0.00,0.00,0.00,0.00,0,,10.0,770.0,402500.0
2025-10-11T16:16:57.972077,255.898,0.00,0.00,0.00,0.00,0.00,0.00,0.00,0,,10.0,770.0,402500.0
2025-10-11T16:16:59.695315,257.621,0.00,0.00,0.00,0.00,0.00,0.00,0.00,0,,12.0,770.0,402500.0
2025-10-11T16:16:59.698444,257.624,0.00,0.00,0.00,0.00,0.00,0.00,0.00,0,,12.0,770.0,402500.0
2025-10-11T16:16:59.702441,257.628,0.00,0.00,0.00,0.00,0.00,0.00,0.00,0,,12.0,880.0,402500.0
2025-10-11T16:16:59.705334,257.631,0.00,0.00,0.00,0.00,0.00,0.00,0.00,0,,12.0,880.0,402500.0
2025-10-11T16:16:59.709585,257.635,0.00,0.00,0.00,0.00,0.00,0.00,0.00,0,,12.0,880.0,460000.0
2025-10-11T16:16:59.713063,257.639,0.00,0.00,0.00,0.00,0.00,0.00,0.00,0,,12.0,880.0,460000.0
2025-10-11T16:17:00.571124,258.497,0.00,0.00,0.00,0.00,0.00,0.00,0.00,0,,13.0,880.0,460000.0
2025-10-11T16:17:00.574185,258.500,0.00,0.00,0.00,0.00,0.00,0.00,0.00,0,,13.0,880.0,460000.0
2025-10-11T16:17:00.577368,258.503,0.00,0.00,0.00,0.00,0.00,0.00,0.00,0,,13.0,990.0,460000.0
2025-10-11T16:17:00.580721,258.506,0.00,0.00,0.00,0.00,0.00,0.00,0.00,0,,13.0,990.0,460000.0
2025-10-11T16:17:00.583945,258.510,0.00,0.00,0.00,0.00,0.00,0.00,0.00,0,,13.0,990.0,517500.0
2025-10-11T16:17:00.587575,258.513,0.00,0.00,0.00,0.00,0.00,0.00,0.00,0,,13.0,990.0,517500.0
2025-10-11T16:17:02.324990,260.251,0.00,0.00,0.00,0.00,0.00,0.00,0.00,0,,12.0,990.0,517500.0
2025-10-11T16:17:02.327520,260.253,0.00,0.00,0.00,0.00,0.00,0.00,0.00,0,,12.0,990.0,517500.0
2025-10-11T16:17:02.330393,260.256,0.00,0.00,0.00,0.00,0.00,0.00,0.00,0,,12.0,880.0,517500.0
2025-10-11T16:17:02.333378,260.259,0.00,0.00,0.00,0.00,0.00,0.00,0.00,0,,12.0,880.0,517500.0
2025-10-11T16:17:02.337099,260.263,0.00,0.00,0.00,0.00,0.00,0.00,0.00,0,,12.0,880.0,460000.0
2025-10-11T16:17:02.340634,260.266,0.00,0.00,0.00,0.00,0.00,0.00,0.00,0,,12.0,880.0,460000.0
2025-10-11T16:17:03.205988,261.132,0.00,0.00,0.00,0.00,0.00,0.00,0.00,0,,10.0,880.0,460000.0
2025-10-11T16:17:03.209067,261.135,0.00,0.00,0.00,0.00,0.00,0.00,0.00,0,,10.0,880.0,460000.0
2025-10-11T16:17:03.212832,261.138,0.00,0.00,0.00,0.00,0.00,0.00,0.00,0,,10.0,770.0,460000.0
2025-10-11T16:17:03.215131,261.141,0.00,0.00,0.00,0.00,0.00,0.00,0.00,0,,10.0,770.0,460000.0
2025-10-11T16:17:03.218937,261.145,0.00,0.00,0.00,0.00,0.00,0.00,0.00,0,,10.0,770.0,402500.0
2025-10-11T16:17:03.222464,261.148,0.00,0.00,0.00,0.00,0.00,0.00,0.00,0,,10.0,770.0,402500.0
2025-10-11T16:17:04.304966,262.231,0.00,0.00,0.00,0.00,0.00,0.00,0.00,0,,9.0,770.0,402500.0
2025-10-11T16:17:04.308465,262.234,0.00,0.00,0.00,0.00,0.00,0.00,0.00,0,,9.0,770.0,402500.0
2025-10-11T16:17:04.312597,262.238,0.00,0.00,0.00,0.00,0.00,0.00,0.00,0,,9.0,660.0,402500.0
2025-10-11T16:17:04.315853,262.242,0.00,0.00,0.00,0.00,0.00,0.00,0.00,0,,9.0,660.0,402500.0
2025-10-11T16:17:04.319238,262.245,0.00,0.00,0.00,0.00,0.00,0.00,0.00,0,,9.0,660.0,345000.0
2025-10-11T16:17:04.323738,262.249,0.00,0.00,0.00,0.00,0.00,0.00,0.00,0,,9.0,660.0,345000.0
2025-10-11T16:17:05.419518,263.345,0.00,0.00,0.00,0.00,0.00,0.00,0.00,0,,8.0,660.0,345000.0
2025-10-11T16:17:05.422799,263.348,0.00,0.00,0.00,0.00,0.00,0.00,0.00,0,,8.0,660.0,345000.0
2025-10-11T16:17:06.289291,264.215,0.00,0.00,0.00,0.00,0.00,0.00,0.00,0,,8.0,550.0,345000.0
2025-10-11T16:17:06.292498,264.218,0.00,0.00,0.00,0.00,0.00,0.00,0.00,0,,8.0,550.0,345000.0
2025-10-11T16:17:06.295582,264.221,0.00,0.00,0.00,0.00,0.00,0.00,0.00,0,,8.0,550.0,287500.0
2025-10-11T16:17:06.298746,264.224,0.00,0.00,0.00,0.00,0.00,0.00,0.00,0,,8.0,550.0,287500.0
2025-10-11T16:17:07.275289,265.201,0.00,0.00,0.00,0.00,0.00,0.00,0.00,0,,6.0,550.0,287500.0
2025-10-11T16:17:07.280150,265.206,0.00,0.00,0.00,0.00,0.00,0.00,0.00,0,,6.0,550.0,287500.0
2025-10-11T16:17:07.284048,265.210,0.00,0.00,0.00,0.00,0.00,0.00,0.00,0,,6.0,440.0,287500.0
2025-10-11T16:17:07.287406,265.213,0.00,0.00,0.00,0.00,0.00,0.00,0.00,0,,6.0,440.0,287500.0
2025-10-11T16:17:07.290694,265.216,0.00,0.00,0.00,0.00,0.00,0.00,0.00,0,,6.0,440.0,230000.0
2025-10-11T16:17:07.294174,265.220,0.00,0.00,0.00,0.00,0.00,0.00,0.00,0,,6.0,440.0,230000.0
2025-10-11T16:17:08.171899,266.098,0.00,0.00,0.00,0.00,0.00,0.00,0.00,0,,5.0,440.0,230000.0
2025-10-11T16:17:08.174914,266.101,0.00,0.00,0.00,0.00,0.00,0.00,0.00,0,,5.0,440.0,230000.0
2025-10-11T16:17:09.055303,266.981,0.00,0.00,0.00,0.00,0.00,0.00,0.00,0,,5.0,330.0,230000.0
2025-10-11T16:17:09.058316,266.984,0.00,0.00,0.00,0.00,0.00,0.00,0.00,0,,5.0,330.0,230000.0
2025-10-11T16:17:09.062402,266.988,0.00,0.00,0.00,0.00,0.00,0.00,0.00,0,,5.0,330.0,172500.0
2025-10-11T16:17:09.065719,266.991,0.00,0.00,0.00,0.00,0.00,0.00,0.00,0,,5.0,330.0,172500.0
2025-10-11T16:17:09.939170,267.865,0.00,0.00,0.00,0.00,0.00,0.00,0.00,0,,3.0,330.0,172500.0
2025-10-11T16:17:09.941986,267.868,0.00,0.00,0.00,0.00,0.00,0.00,0.00,0,,3.0,330.0,172500.0
2025-10-11T16:17:09.944917,267.871,0.00,0.00,0.00,0.00,0.00,0.00,0.00,0,,3.0,220.0,172500.0
2025-10-11T16:17:09.948470,267.874,0.00,0.00,0.00,0.00,0.00,0.00,0.00,0,,3.0,220.0,172500.0
2025-10-11T16:17:09.952642,267.878,0.00,0.00,0.00,0.00,0.00,0.00,0.00,0,,3.0,220.0,115000.0
2025-10-11T16:17:09.955762,267.881,0.00,0.00,0.00,0.00,0.00,0.00,0.00,0,,3.0,220.0,115000.0
2025-10-11T16:17:10.821122,268.747,0.00,0.00,0.00,0.00,0.00,0.00,0.00,0,,2.0,220.0,115000.0
2025-10-11T16:17:10.824458,268.750,0.00,0.00,0.00,0.00,0.00,0.00,0.00,0,,2.0,220.0,115000.0
2025-10-11T16:17:11.719616,269.645,0.00,0.00,0.00,0.00,0.00,0.00,0.00,0,,2.0,110.0,115000.0
2025-10-11T16:17:11.722572,269.648,0.00,0.00,0.00,0.00,0.00,0.00,0.00,0,,2.0,110.0,115000.0
2025-10-11T16:17:11.725225,269.651,0.00,0.00,0.00,0.00,0.00,0.00,0.00,0,,2.0,110.0,57500.0
2025-10-11T16:17:11.729240,269.655,0.00,0.00,0.00,0.00,0.00,0.00,0.00,0,,2.0,110.0,57500.0
2025-10-11T16:17:12.505914,270.432,0.00,0.00,0.00,0.00,0.00,0.00,0.00,0,,3.0,110.0,57500.0
2025-10-11T16:17:12.509165,270.435,0.00,0.00,0.00,0.00,0.00,0.00,0.00,0,,3.0,110.0,57500.0
2025-10-11T16:17:12.512321,270.438,0.00,0.00,0.00,0.00,0.00,0.00,0.00,0,,3.0,220.0,57500.0
2025-10-11T16:17:12.515277,270.441,0.00,0.00,0.00,0.00,0.00,0.00,0.00,0,,3.0,220.0,57500.0
2025-10-11T16:17:12.518603,270.444,0.00,0.00,0.00,0.00,0.00,0.00,0.00,0,,3.0,220.0,115000.0
2025-10-11T16:17:12.523107,270.449,0.00,0.00,0.00,0.00,0.00,0.00,0.00,0,,3.0,220.0,115000.0
2025-10-11T16:17:14.262776,272.188,0.00,0.00,0.00,0.00,0.00,0.00,0.00,0,,5.0,220.0,115000.0
2025-10-11T16:17:14.265889,272.192,0.00,0.00,0.00,0.00,0.00,0.00,0.00,0,,5.0,220.0,115000.0
2025-10-11T16:17:14.269617,272.195,0.00,0.00,0.00,0.00,0.00,0.00,0.00,0,,5.0,330.0,115000.0
2025-10-11T16:17:14.273043,272.199,0.00,0.00,0.00,0.00,0.00,0.00,0.00,0,,5.0,330.0,115000.0
2025-10-11T16:17:14.276925,272.203,0.00,0.00,0.00,0.00,0.00,0.00,0.00,0,,5.0,330.0,172500.0
2025-10-11T16:17:14.280681,272.206,0.00,0.00,0.00,0.00,0.00,0.00,0.00,0,,5.0,330.0,172500.0
2025-10-11T16:17:15.131555,273.057,0.00,0.00,0.00,0.00,0.00,0.00,0.00,0,,6.0,330.0,172500.0
2025-10-11T16:17:15.134158,273.060,0.00,0.00,0.00,0.00,0.00,0.00,0.00,0,,6.0,330.0,172500.0
2025-10-11T16:17:15.137127,273.063,0.00,0.00,0.00,0.00,0.00,0.00,0.00,0,,6.0,440.0,172500.0
2025-10-11T16:17:15.141292,273.067,0.00,0.00,0.00,0.00,0.00,0.00,0.00,0,,6.0,440.0,172500.0
2025-10-11T16:17:15.144891,273.071,0.00,0.00,0.00,0.00,0.00,0.00,0.00,0,,6.0,440.0,230000.0
2025-10-11T16:17:15.148413,273.074,0.00,0.00,0.00,0.00,0.00,0.00,0.00,0,,6.0,440.0,230000.0
2025-10-11T16:17:16.883562,274.809,0.00,0.00,0.00,0.00,0.00,0.00,0.00,0,,8.0,440.0,230000.0
2025-10-11T16:17:16.886972,274.813,0.00,0.00,0.00,0.00,0.00,0.00,0.00,0,,8.0,440.0,230000.0
2025-10-11T16:17:16.892272,274.818,0.00,0.00,0.00,0.00,0.00,0.00,0.00,0,,8.0,550.0,230000.0
2025-10-11T16:17:16.899442,274.825,0.00,0.00,0.00,0.00,0.00,0.00,0.00,0,,8.0,550.0,230000.0
2025-10-11T16:17:16.904423,274.830,0.00,0.00,0.00,0.00,0.00,0.00,0.00,0,,8.0,550.0,287500.0
2025-10-11T16:17:16.908978,274.835,0.00,0.00,0.00,0.00,0.00,0.00,0.00,0,,8.0,550.0,287500.0
2025-10-11T16:17:17.781840,275.707,0.00,0.00,0.00,0.00,0.00,0.00,0.00,0,,9.0,550.0,287500.0
2025-10-11T16:17:17.784498,275.710,0.00,0.00,0.00,0.00,0.00,0.00,0.00,0,,9.0,550.0,287500.0
2025-10-11T16:17:17.787077,275.713,0.00,0.00,0.00,0.00,0.00,0.00,0.00,0,,9.0,660.0,287500.0
2025-10-11T16:17:17.790499,275.716,0.00,0.00,0.00,0.00,0.00,0.00,0.00,0,,9.0,660.0,287500.0
2025-10-11T16:17:17.793774,275.719,0.00,0.00,0.00,0.00,0.00,0.00,0.00,0,,9.0,660.0,345000.0
2025-10-11T16:17:17.797921,275.724,0.00,0.00,0.00,0.00,0.00,0.00,0.00,0,,9.0,660.0,345000.0
2025-10-11T16:17:18.773647,276.699,0.00,0.00,0.00,0.00,0.00,0.00,0.00,0,,10.0,660.0,345000.0
2025-10-11T16:17:18.776739,276.702,0.00,0.00,0.00,0.00,0.00,0.00,0.00,0,,10.0,660.0,345000.0
2025-10-11T16:17:18.780243,276.706,0.00,0.00,0.00,0.00,0.00,0.00,0.00,0,,10.0,770.0,345000.0
2025-10-11T16:17:18.783156,276.709,0.00,0.00,0.00,0.00,0.00,0.00,0.00,0,,10.0,770.0,345000.0
2025-10-11T16:17:19.669715,277.595,0.00,0.00,0.00,0.00,0.00,0.00,0.00,0,,10.0,770.0,402500.0
2025-10-11T16:17:19.672724,277.598,0.00,0.00,0.00,0.00,0.00,0.00,0.00,0,,10.0,770.0,402500.0
2025-10-11T16:17:20.567853,278.494,0.00,0.00,0.00,0.00,0.00,0.00,0.00,0,,12.0,770.0,402500.0
2025-10-11T16:17:20.570847,278.497,0.00,0.00,0.00,0.00,0.00,0.00,0.00,0,,12.0,770.0,402500.0
2025-10-11T16:17:20.574403,278.500,0.00,0.00,0.00,0.00,0.00,0.00,0.00,0,,12.0,880.0,402500.0
2025-10-11T16:17:20.577049,278.503,0.00,0.00,0.00,0.00,0.00,0.00,0.00,0,,12.0,880.0,402500.0
2025-10-11T16:17:20.580363,278.506,0.00,0.00,0.00,0.00,0.00,0.00,0.00,0,,12.0,880.0,460000.0
2025-10-11T16:17:20.584298,278.510,0.00,0.00,0.00,0.00,0.00,0.00,0.00,0,,12.0,880.0,460000.0
2025-10-11T16:17:21.437535,279.363,0.00,0.00,0.00,0.00,0.00,0.00,0.00,0,,13.0,880.0,460000.0
2025-10-11T16:17:21.441122,279.367,0.00,0.00,0.00,0.00,0.00,0.00,0.00,0,,13.0,880.0,460000.0
2025-10-11T16:17:21.445121,279.371,0.00,0.00,0.00,0.00,0.00,0.00,0.00,0,,13.0,990.0,460000.0
2025-10-11T16:17:21.447613,279.373,0.00,0.00,0.00,0.00,0.00,0.00,0.00,0,,13.0,990.0,460000.0
2025-10-11T16:17:22.302890,280.229,0.00,0.00,0.00,0.00,0.00,0.00,0.00,0,,13.0,990.0,517500.0
2025-10-11T16:17:22.305774,280.231,0.00,0.00,0.00,0.00,0.00,0.00,0.00,0,,13.0,990.0,517500.0
2025-10-11T16:17:23.291403,281.217,0.00,0.00,0.00,0.00,0.00,0.00,0.00,0,,12.0,990.0,517500.0
2025-10-11T16:17:23.294248,281.220,0.00,0.00,0.00,0.00,0.00,0.00,0.00,0,,12.0,990.0,517500.0
2025-10-11T16:17:23.297413,281.223,0.00,0.00,0.00,0.00,0.00,0.00,0.00,0,,12.0,880.0,517500.0
2025-10-11T16:17:23.300430,281.226,0.00,0.00,0.00,0.00,0.00,0.00,0.00,0,,12.0,880.0,517500.0
2025-10-11T16:17:23.304262,281.230,0.00,0.00,0.00,0.00,0.00,0.00,0.00,0,,12.0,880.0,460000.0
2025-10-11T16:17:23.307930,281.234,0.00,0.00,0.00,0.00,0.00,0.00,0.00,0,,12.0,880.0,460000.0
2025-10-11T16:17:24.274732,282.200,0.00,0.00,0.00,0.00,0.00,0.00,0.00,0,,10.0,880.0,460000.0
2025-10-11T16:17:24.277420,282.203,0.00,0.00,0.00,0.00,0.00,0.00,0.00,0,,10.0,880.0,460000.0
2025-10-11T16:17:24.280875,282.207,0.00,0.00,0.00,0.00,0.00,0.00,0.00,0,,10.0,770.0,460000.0
2025-10-11T16:17:24.284110,282.210,0.00,0.00,0.00,0.00,0.00,0.00,0.00,0,,10.0,770.0,460000.0
2025-10-11T16:17:24.287114,282.213,0.00,0.00,0.00,0.00,0.00,0.00,0.00,0,,10.0,770.0,402500.0
2025-10-11T16:17:24.292082,282.218,0.00,0.00,0.00,0.00,0.00,0.00,0.00,0,,10.0,770.0,402500.0
2025-10-11T16:17:25.271840,283.197,0.00,0.00,0.00,0.00,0.00,0.00,0.00,0,,9.0,770.0,402500.0
2025-10-11T16:17:25.274674,283.200,0.00,0.00,0.00,0.00,0.00,0.00,0.00,0,,9.0,770.0,402500.0
2025-10-11T16:17:25.279094,283.205,0.00,0.00,0.00,0.00,0.00,0.00,0.00,0,,9.0,660.0,402500.0
2025-10-11T16:17:25.282501,283.208,0.00,0.00,0.00,0.00,0.00,0.00,0.00,0,,9.0,660.0,402500.0
2025-10-11T16:17:26.256769,284.182,0.00,0.00,0.00,0.00,0.00,0.00,0.00,0,,9.0,660.0,345000.0
2025-10-11T16:17:26.259793,284.185,0.00,0.00,0.00,0.00,0.00,0.00,0.00,0,,9.0,660.0,345000.0
2025-10-11T16:17:27.259845,285.186,0.00,0.00,0.00,0.00,0.00,0.00,0.00,0,,8.0,660.0,345000.0
2025-10-11T16:17:27.262730,285.188,0.00,0.00,0.00,0.00,0.00,0.00,0.00,0,,8.0,660.0,345000.0
2025-10-11T16:17:27.266474,285.192,0.00,0.00,0.00,0.00,0.00,0.00,0.00,0,,8.0,550.0,345000.0
2025-10-11T16:17:27.269833,285.195,0.00,0.00,0.00,0.00,0.00,0.00,0.00,0,,8.0,550.0,345000.0
2025-10-11T16:17:27.273516,285.199,0.00,0.00,0.00,0.00,0.00,0.00,0.00,0,,8.0,550.0,287500.0
2025-10-11T16:17:27.277331,285.203,0.00,0.00,0.00,0.00,0.00,0.00,0.00,0,,8.0,550.0,287500.0
2025-10-11T16:17:28.263807,286.189,0.00,0.00,0.00,0.00,0.00,0.00,0.00,0,,6.0,550.0,287500.0
2025-10-11T16:17:28.266892,286.193,0.00,0.00,0.00,0.00,0.00,0.00,0.00,0,,6.0,550.0,287500.0
2025-10-11T16:17:28.270562,286.196,0.00,0.00,0.00,0.00,0.00,0.00,0.00,0,,6.0,440.0,287500.0
2025-10-11T16:17:28.273767,286.199,0.00,0.00,0.00,0.00,0.00,0.00,0.00,0,,6.0,440.0,287500.0
2025-10-11T16:17:28.277244,286.203,0.00,0.00,0.00,0.00,0.00,0.00,0.00,0,,6.0,440.0,230000.0
2025-10-11T16:17:28.280273,286.206,0.00,0.00,0.00,0.00,0.00,0.00,0.00,0,,6.0,440.0,230000.0
2025-10-11T16:17:29.250531,287.176,0.00,0.00,0.00,0.00,0.00,0.00,0.00,0,,5.0,440.0,230000.0
2025-10-11T16:17:29.253959,287.180,0.00,0.00,0.00,0.00,0.00,0.00,0.00,0,,5.0,440.0,230000.0
2025-10-11T16:17:29.257463,287.183,0.00,0.00,0.00,0.00,0.00,0.00,0.00,0,,5.0,330.0,230000.0
2025-10-11T16:17:29.261209,287.187,0.00,0.00,0.00,0.00,0.00,0.00,0.00,0,,5.0,330.0,230000.0
2025-10-11T16:17:29.264719,287.190,0.00,0.00,0.00,0.00,0.00,0.00,0.00,0,,5.0,330.0,172500.0
2025-10-11T16:17:29.268246,287.194,0.00,0.00,0.00,0.00,0.00,0.00,0.00,0,,5.0,330.0,172500.0
2025-10-11T16:17:30.240220,288.166,0.00,0.00,0.00,0.00,0.00,0.00,0.00,0,,3.0,330.0,172500.0
2025-10-11T16:17:30.242897,288.169,0.00,0.00,0.00,0.00,0.00,0.00,0.00,0,,3.0,330.0,172500.0
2025-10-11T16:17:31.322530,289.248,0.00,0.00,0.00,0.00,0.00,0.00,0.00,0,,3.0,220.0,172500.0
2025-10-11T16:17:31.325170,289.251,0.00,0.00,0.00,0.00,0.00,0.00,0.00,0,,3.0,220.0,172500.0
2025-10-11T16:17:31.327930,289.254,0.00,0.00,0.00,0.00,0.00,0.00,0.00,0,,3.0,220.0,115000.0
2025-10-11T16:17:31.332106,289.258,0.00,0.00,0.00,0.00,0.00,0.00,0.00,0,,3.0,220.0,115000.0
2025-10-11T16:17:32.210644,290.136,0.00,0.00,0.00,0.00,0.00,0.00,0.00,0,,2.0,220.0,115000.0
2025-10-11T16:17:32.213649,290.139,0.00,0.00,0.00,0.00,0.00,0.00,0.00,0,,2.0,220.0,115000.0
2025-10-11T16:17:32.217148,290.143,0.00,0.00,0.00,0.00,0.00,0.00,0.00,0,,2.0,110.0,115000.0
2025-10-11T16:17:32.220774,290.146,0.00,0.00,0.00,0.00,0.00,0.00,0.00,0,,2.0,110.0,115000.0
2025-10-11T16:17:32.224107,290.150,0.00,0.00,0.00,0.00,0.00,0.00,0.00,0,,2.0,110.0,57500.0
2025-10-11T16:17:32.228465,290.154,0.00,0.00,0.00,0.00,0.00,0.00,0.00,0,,2.0,110.0,57500.0
2025-10-11T16:17:33.201675,291.127,0.00,0.00,0.00,0.00,0.00,0.00,0.00,0,,3.0,110.0,57500.0
2025-10-11T16:17:33.204438,291.130,0.00,0.00,0.00,0.00,0.00,0.00,0.00,0,,3.0,110.0,57500.0
2025-10-11T16:17:33.208487,291.134,0.00,0.00,0.00,0.00,0.00,0.00,0.00,0,,3.0,220.0,57500.0
2025-10-11T16:17:33.211871,291.138,0.00,0.00,0.00,0.00,0.00,0.00,0.00,0,,3.0,220.0,57500.0
2025-10-11T16:17:33.216519,291.142,0.00,0.00,0.00,0.00,0.00,0.00,0.00,0,,3.0,220.0,115000.0
2025-10-11T16:17:33.221590,291.147,0.00,0.00,0.00,0.00,0.00,0.00,0.00,0,,3.0,220.0,115000.0
2025-10-11T16:17:34.289509,292.215,0.00,0.00,0.00,0.00,0.00,0.00,0.00,0,,5.0,220.0,115000.0
2025-10-11T16:17:34.292310,292.218,0.00,0.00,0.00,0.00,0.00,0.00,0.00,0,,5.0,220.0,115000.0
2025-10-11T16:17:34.296901,292.223,0.00,0.00,0.00,0.00,0.00,0.00,0.00,0,,5.0,330.0,115000.0
2025-10-11T16:17:34.300405,292.226,0.00,0.00,0.00,0.00,0.00,0.00,0.00,0,,5.0,330.0,115000.0
2025-10-11T16:17:34.304168,292.230,0.00,0.00,0.00,0.00,0.00,0.00,0.00,0,,5.0,330.0,172500.0
2025-10-11T16:17:34.309049,292.235,0.00,0.00,0.00,0.00,0.00,0.00,0.00,0,,5.0,330.0,172500.0
2025-10-11T16:17:36.157371,294.083,0.00,0.00,0.00,0.00,0.00,0.00,0.00,0,,6.0,330.0,172500.0
2025-10-11T16:17:36.160307,294.086,0.00,0.00,0.00,0.00,0.00,0.00,0.00,0,,6.0,330.0,172500.0
2025-10-11T16:17:36.164551,294.090,0.00,0.00,0.00,0.00,0.00,0.00,0.00,0,,6.0,440.0,172500.0
2025-10-11T16:17:36.167680,294.093,0.00,0.00,0.00,0.00,0.00,0.00,0.00,0,,6.0,440.0,172500.0
2025-10-11T16:17:36.171812,294.097,0.00,0.00,0.00,0.00,0.00,0.00,0.00,0,,6.0,440.0,230000.0
2025-10-11T16:17:36.175205,294.101,0.00,0.00,0.00,0.00,0.00,0.00,0.00,0,,6.0,440.0,230000.0
2025-10-11T16:17:37.168499,295.094,0.00,0.00,0.00,0.00,0.00,0.00,0.00,0,,8.0,440.0,230000.0
2025-10-11T16:17:37.171294,295.097,0.00,0.00,0.00,0.00,0.00,0.00,0.00,0,,8.0,440.0,230000.0
2025-10-11T16:17:37.174967,295.101,0.00,0.00,0.00,0.00,0.00,0.00,0.00,0,,8.0,550.0,230000.0
2025-10-11T16:17:37.240035,295.166,0.00,0.00,0.00,0.00,0.00,0.00,0.00,0,,8.0,550.0,230000.0
2025-10-11T16:17:37.243737,295.169,0.00,0.00,0.00,0.00,0.00,0.00,0.00,0,,8.0,550.0,287500.0
2025-10-11T16:17:37.248000,295.174,0.00,0.00,0.00,0.00,0.00,0.00,0.00,0,,8.0,550.0,287500.0
2025-10-11T16:17:38.159678,296.085,0.00,0.00,0.00,0.00,0.00,0.00,0.00,0,,9.0,550.0,287500.0
2025-10-11T16:17:38.162618,296.088,0.00,0.00,0.00,0.00,0.00,0.00,0.00,0,,9.0,550.0,287500.0
2025-10-11T16:17:38.166340,296.092,0.00,0.00,0.00,0.00,0.00,0.00,0.00,0,,9.0,660.0,287500.0
2025-10-11T16:17:38.169619,296.095,0.00,0.00,0.00,0.00,0.00,0.00,0.00,0,,9.0,660.0,287500.0
2025-10-11T16:17:38.174649,296.100,0.00,0.00,0.00,0.00,0.00,0.00,0.00,0,,9.0,660.0,345000.0
2025-10-11T16:17:38.179596,296.105,0.00,0.00,0.00,0.00,0.00,0.00,0.00,0,,9.0,660.0,345000.0
2025-10-11T16:17:39.156981,297.083,0.00,0.00,0.00,0.00,0.00,0.00,0.00,0,,10.0,660.0,345000.0
2025-10-11T16:17:39.160221,297.086,0.00,0.00,0.00,0.00,0.00,0.00,0.00,0,,10.0,660.0,345000.0
2025-10-11T16:17:40.136149,298.062,0.00,0.00,0.00,0.00,0.00,0.00,0.00,0,,10.0,770.0,345000.0
2025-10-11T16:17:40.139479,298.065,0.00,0.00,0.00,0.00,0.00,0.00,0.00,0,,10.0,770.0,345000.0
2025-10-11T16:17:40.143327,298.069,0.00,0.00,0.00,0.00,0.00,0.00,0.00,0,,10.0,770.0,402500.0
2025-10-11T16:17:40.147407,298.073,0.00,0.00,0.00,0.00,0.00,0.00,0.00,0,,10.0,770.0,402500.0
2025-10-11T16:17:41.123650,299.049,0.00,0.00,0.00,0.00,0.00,0.00,0.00,0,,12.0,770.0,402500.0
2025-10-11T16:17:41.127010,299.053,0.00,0.00,0.00,0.00,0.00,0.00,0.00,0,,12.0,770.0,402500.0
2025-10-11T16:17:41.130426,299.056,0.00,0.00,0.00,0.00,0.00,0.00,0.00,0,,12.0,880.0,402500.0
2025-10-11T16:17:41.133628,299.059,0.00,0.00,0.00,0.00,0.00,0.00,0.00,0,,12.0,880.0,402500.0
2025-10-11T16:17:41.137880,299.064,0.00,0.00,0.00,0.00,0.00,0.00,0.00,0,,12.0,880.0,460000.0
2025-10-11T16:17:41.141717,299.067,0.00,0.00,0.00,0.00,0.00,0.00,0.00,0,,12.0,880.0,460000.0
2025-10-11T16:17:42.107627,300.033,0.00,0.00,0.00,0.00,0.00,0.00,0.00,0,,13.0,880.0,460000.0
2025-10-11T16:17:42.110620,300.036,0.00,0.00,0.00,0.00,0.00,0.00,0.00,0,,13.0,880.0,460000.0
2025-10-11T16:17:42.114996,300.041,0.00,0.00,0.00,0.00,0.00,0.00,0.00,0,,13.0,990.0,460000.0
2025-10-11T16:17:42.118363,300.044,0.00,0.00,0.00,0.00,0.00,0.00,0.00,0,,13.0,990.0,460000.0
2025-10-11T16:17:42.122931,300.049,0.00,0.00,0.00,0.00,0.00,0.00,0.00,0,,13.0,990.0,517500.0
2025-10-11T16:17:42.127404,300.053,0.00,0.00,0.00,0.00,0.00,0.00,0.00,0,,13.0,990.0,517500.0
2025-10-11T16:17:43.106288,301.032,0.00,0.00,0.00,0.00,0.00,0.00,0.00,0,,12.0,990.0,517500.0
2025-10-11T16:17:43.109499,301.035,0.00,0.00,0.00,0.00,0.00,0.00,0.00,0,,12.0,990.0,517500.0
2025-10-11T16:17:44.084413,302.010,0.00,0.00,0.00,0.00,0.00,0.00,0.00,0,,12.0,880.0,517500.0
2025-10-11T16:17:44.087574,302.013,0.00,0.00,0.00,0.00,0.00,0.00,0.00,0,,12.0,880.0,517500.0
2025-10-11T16:17:44.091221,302.017,0.00,0.00,0.00,0.00,0.00,0.00,0.00,0,,12.0,880.0,460000.0
2025-10-11T16:17:44.094458,302.020,0.00,0.00,0.00,0.00,0.00,0.00,0.00,0,,12.0,880.0,460000.0
2025-10-11T16:17:45.071990,302.998,0.00,0.00,0.00,0.00,0.00,0.00,0.00,0,,10.0,880.0,460000.0
2025-10-11T16:17:45.074457,303.000,0.00,0.00,0.00,0.00,0.00,0.00,0.00,0,,10.0,880.0,460000.0
2025-10-11T16:17:45.077393,303.003,0.00,0.00,0.00,0.00,0.00,0.00,0.00,0,,10.0,770.0,460000.0
2025-10-11T16:17:45.080606,303.006,0.00,0.00,0.00,0.00,0.00,0.00,0.00,0,,10.0,770.0,460000.0
2025-10-11T16:17:45.084552,303.010,0.00,0.00,0.00,0.00,0.00,0.00,0.00,0,,10.0,770.0,402500.0
2025-10-11T16:17:45.087544,303.013,0.00,0.00,0.00,0.00,0.00,0.00,0.00,0,,10.0,770.0,402500.0
2025-10-11T16:17:45.967400,303.893,0.00,0.00,0.00,0.00,0.00,0.00,0.00,0,,9.0,770.0,402500.0
2025-10-11T16:17:45.970021,303.896,0.00,0.00,0.00,0.00,0.00,0.00,0.00,0,,9.0,770.0,402500.0
2025-10-11T16:17:45.972939,303.899,0.00,0.00,0.00,0.00,0.00,0.00,0.00,0,,9.0,660.0,402500.0
2025-10-11T16:17:45.976080,303.902,0.00,0.00,0.00,0.00,0.00,0.00,0.00,0,,9.0,660.0,402500.0
2025-10-11T16:17:45.979319,303.905,0.00,0.00,0.00,0.00,0.00,0.00,0.00,0,,9.0,660.0,345000.0
2025-10-11T16:17:45.983297,303.909,0.00,0.00,0.00,0.00,0.00,0.00,0.00,0,,9.0,660.0,345000.0
2025-10-11T16:17:47.739608,305.665,0.00,0.00,0.00,0.00,0.00,0.00,0.00,0,,8.0,660.0,345000.0
2025-10-11T16:17:47.742482,305.668,0.00,0.00,0.00,0.00,0.00,0.00,0.00,0,,8.0,660.0,345000.0
2025-10-11T16:17:47.745204,305.671,0.00,0.00,0.00,0.00,0.00,0.00,0.00,0,,8.0,550.0,345000.0
2025-10-11T16:17:47.748240,305.674,0.00,0.00,0.00,0.00,0.00,0.00,0.00,0,,8.0,550.0,345000.0
2025-10-11T16:17:47.752194,305.678,0.00,0.00,0.00,0.00,0.00,0.00,0.00,0,,8.0,550.0,287500.0
2025-10-11T16:17:47.755741,305.681,0.00,0.00,0.00,0.00,0.00,0.00,0.00,0,,8.0,550.0,287500.0
2025-10-11T16:17:48.740106,306.666,0.00,0.00,0.00,0.00,0.00,0.00,0.00,0,,6.0,550.0,287500.0
2025-10-11T16:17:48.742633,306.668,0.00,0.00,0.00,0.00,0.00,0.00,0.00,0,,6.0,550.0,287500.0
2025-10-11T16:17:48.745544,306.671,0.00,0.00,0.00,0.00,0.00,0.00,0.00,0,,6.0,440.0,287500.0
2025-10-11T16:17:48.749201,306.675,0.00,0.00,0.00,0.00,0.00,0.00,0.00,0,,6.0,440.0,287500.0
2025-10-11T16:17:48.752400,306.678,0.00,0.00,0.00,0.00,0.00,0.00,0.00,0,,6.0,440.0,230000.0
2025-10-11T16:17:48.755603,306.681,0.00,0.00,0.00,0.00,0.00,0.00,0.00,0,,6.0,440.0,230000.0
2025-10-11T16:17:49.601077,307.527,0.00,0.00,0.00,0.00,0.00,0.00,0.00,0,,5.0,440.0,230000.0
2025-10-11T16:17:49.603825,307.529,0.00,0.00,0.00,0.00,0.00,0.00,0.00,0,,5.0,440.0,230000.0
2025-10-11T16:17:49.607221,307.533,0.00,0.00,0.00,0.00,0.00,0.00,0.00,0,,5.0,330.0,230000.0
2025-10-11T16:17:49.610516,307.536,0.00,0.00,0.00,0.00,0.00,0.00,0.00,0,,5.0,330.0,230000.0
2025-10-11T16:17:50.483701,308.409,0.00,0.00,0.00,0.00,0.00,0.00,0.00,0,,5.0,330.0,172500.0
2025-10-11T16:17:50.485955,308.412,0.00,0.00,0.00,0.00,0.00,0.00,0.00,0,,5.0,330.0,172500.0
2025-10-11T16:17:51.363972,309.290,0.00,0.00,0.00,0.00,0.00,0.00,0.00,0,,3.0,330.0,172500.0
2025-10-11T16:17:51.366856,309.293,0.00,0.00,0.00,0.00,0.00,0.00,0.00,0,,3.0,330.0,172500.0
2025-10-11T16:17:51.370270,309.296,0.00,0.00,0.00,0.00,0.00,0.00,0.00,0,,3.0,220.0,172500.0
2025-10-11T16:17:51.373498,309.299,0.00,0.00,0.00,0.00,0.00,0.00,0.00,0,,3.0,220.0,172500.0
2025-10-11T16:17:51.377017,309.303,0.00,0.00,0.00,0.00,0.00,0.00,0.00,0,,3.0,220.0,115000.0
2025-10-11T16:17:51.379983,309.306,0.00,0.00,0.00,0.00,0.00,0.00,0.00,0,,3.0,220.0,115000.0
2025-10-11T16:17:52.354599,310.280,0.00,0.00,0.00,0.00,0.00,0.00,0.00,0,,2.0,220.0,115000.0
2025-10-11T16:17:52.357269,310.283,0.00,0.00,0.00,0.00,0.00,0.00,0.00,0,,2.0,220.0,115000.0
2025-10-11T16:17:52.359966,310.286,0.00,0.00,0.00,0.00,0.00,0.00,0.00,0,,2.0,110.0,115000.0
2025-10-11T16:17:52.363497,310.289,0.00,0.00,0.00,0.00,0.00,0.00,0.00,0,,2.0,110.0,115000.0
2025-10-11T16:17:52.367256,310.293,0.00,0.00,0.00,0.00,0.00,0.00,0.00,0,,2.0,110.0,57500.0
2025-10-11T16:17:52.370219,310.296,0.00,0.00,0.00,0.00,0.00,0.00,0.00,0,,2.0,110.0,57500.0
2025-10-11T16:17:54.024658,311.950,0.00,0.00,0.00,0.00,0.00,0.00,0.00,0,,3.0,110.0,57500.0
2025-10-11T16:17:54.027491,311.953,0.00,0.00,0.00,0.00,0.00,0.00,0.00,0,,3.0,110.0,57500.0
2025-10-11T16:17:54.030661,311.956,0.00,0.00,0.00,0.00,0.00,0.00,0.00,0,,3.0,220.0,57500.0
2025-10-11T16:17:54.033804,311.959,0.00,0.00,0.00,0.00,0.00,0.00,0.00,0,,3.0,220.0,57500.0
2025-10-11T16:17:54.036726,311.962,0.00,0.00,0.00,0.00,0.00,0.00,0.00,0,,3.0,220.0,115000.0
2025-10-11T16:17:54.040123,311.966,0.00,0.00,0.00,0.00,0.00,0.00,0.00,0,,3.0,220.0,115000.0
2025-10-11T16:17:54.906121,312.832,0.00,0.00,0.00,0.00,0.00,0.00,0.00,0,,5.0,220.0,115000.0
2025-10-11T16:17:54.909624,312.835,0.00,0.00,0.00,0.00,0.00,0.00,0.00,0,,5.0,220.0,115000.0
2025-10-11T16:17:54.914049,312.840,0.00,0.00,0.00,0.00,0.00,0.00,0.00,0,,5.0,330.0,115000.0
2025-10-11T16:17:54.918539,312.844,0.00,0.00,0.00,0.00,0.00,0.00,0.00,0,,5.0,330.0,115000.0
2025-10-11T16:17:54.921459,312.847,0.00,0.00,0.00,0.00,0.00,0.00,0.00,0,,5.0,330.0,172500.0
2025-10-11T16:17:54.924905,312.851,0.00,0.00,0.00,0.00,0.00,0.00,0.00,0,,5.0,330.0,172500.0
2025-10-11T16:17:56.672908,314.599,0.00,0.00,0.00,0.00,0.00,0.00,0.00,0,,6.0,330.0,172500.0
2025-10-11T16:17:56.675998,314.602,0.00,0.00,0.00,0.00,0.00,0.00,0.00,0,,6.0,330.0,172500.0
2025-10-11T16:17:56.679370,314.605,0.00,0.00,0.00,0.00,0.00,0.00,0.00,0,,6.0,440.0,172500.0
2025-10-11T16:17:56.682813,314.608,0.00,0.00,0.00,0.00,0.00,0.00,0.00,0,,6.0,440.0,172500.0
2025-10-11T16:17:56.686693,314.612,0.00,0.00,0.00,0.00,0.00,0.00,0.00,0,,6.0,440.0,230000.0
2025-10-11T16:17:56.690111,314.616,0.00,0.00,0.00,0.00,0.00,0.00,0.00,0,,6.0,440.0,230000.0
2025-10-11T16:17:57.654699,315.580,0.00,0.00,0.00,0.00,0.00,0.00,0.00,0,,8.0,440.0,230000.0
2025-10-11T16:17:57.657458,315.583,0.00,0.00,0.00,0.00,0.00,0.00,0.00,0,,8.0,440.0,230000.0
2025-10-11T16:17:57.661684,315.587,0.00,0.00,0.00,0.00,0.00,0.00,0.00,0,,8.0,550.0,230000.0
2025-10-11T16:17:57.665312,315.591,0.00,0.00,0.00,0.00,0.00,0.00,0.00,0,,8.0,550.0,230000.0
2025-10-11T16:17:57.668521,315.594,0.00,0.00,0.00,0.00,0.00,0.00,0.00,0,,8.0,550.0,287500.0
2025-10-11T16:17:57.671813,315.597,0.00,0.00,0.00,0.00,0.00,0.00,0.00,0,,8.0,550.0,287500.0
2025-10-11T16:17:59.404274,317.330,0.00,0.00,0.00,0.00,0.00,0.00,0.00,0,,9.0,550.0,287500.0
2025-10-11T16:17:59.406704,317.332,0.00,0.00,0.00,0.00,0.00,0.00,0.00,0,,9.0,550.0,287500.0
2025-10-11T16:17:59.409956,317.336,0.00,0.00,0.00,0.00,0.00,0.00,0.00,0,,9.0,660.0,287500.0
2025-10-11T16:17:59.413947,317.340,0.00,0.00,0.00,0.00,0.00,0.00,0.00,0,,9.0,660.0,287500.0
2025-10-11T16:17:59.417877,317.344,0.00,0.00,0.00,0.00,0.00,0.00,0.00,0,,9.0,660.0,345000.0
2025-10-11T16:17:59.421318,317.347,0.00,0.00,0.00,0.00,0.00,0.00,0.00,0,,9.0,660.0,345000.0
2025-10-11T16:18:00.273067,318.199,0.00,0.00,0.00,0.00,0.00,0.00,0.00,0,,10.0,660.0,345000.0
2025-10-11T16:18:00.276452,318.202,0.00,0.00,0.00,0.00,0.00,0.00,0.00,0,,10.0,660.0,345000.0
2025-10-11T16:18:00.280898,318.207,0.00,0.00,0.00,0.00,0.00,0.00,0.00,0,,10.0,770.0,345000.0
2025-10-11T16:18:00.285545,318.211,0.00,0.00,0.00,0.00,0.00,0.00,0.00,0,,10.0,770.0,345000.0
2025-10-11T16:18:00.298370,318.224,0.00,0.00,0.00,0.00,0.00,0.00,0.00,0,,10.0,770.0,402500.0
2025-10-11T16:18:00.350101,318.276,0.00,0.00,0.00,0.00,0.00,0.00,0.00,0,,10.0,770.0,402500.0
2025-10-11T16:18:01.272268,319.198,0.00,0.00,0.00,0.00,0.00,0.00,0.00,0,,12.0,770.0,402500.0
2025-10-11T16:18:01.275282,319.201,0.00,0.00,0.00,0.00,0.00,0.00,0.00,0,,12.0,770.0,402500.0
2025-10-11T16:18:02.135080,320.061,0.00,0.00,0.00,0.00,0.00,0.00,0.00,0,,12.0,880.0,402500.0
2025-10-11T16:18:02.138240,320.064,0.00,0.00,0.00,0.00,0.00,0.00,0.00,0,,12.0,880.0,402500.0
2025-10-11T16:18:02.142224,320.068,0.00,0.00,0.00,0.00,0.00,0.00,0.00,0,,12.0,880.0,460000.0
2025-10-11T16:18:02.145239,320.071,0.00,0.00,0.00,0.00,0.00,0.00,0.00,0,,12.0,880.0,460000.0
2025-10-11T16:18:03.007918,320.934,0.00,0.00,0.00,0.00,0.00,0.00,0.00,0,,13.0,880.0,460000.0
2025-10-11T16:18:03.011313,320.937,0.00,0.00,0.00,0.00,0.00,0.00,0.00,0,,13.0,880.0,460000.0
2025-10-11T16:18:03.014691,320.940,0.00,0.00,0.00,0.00,0.00,0.00,0.00,0,,13.0,990.0,460000.0
2025-10-11T16:18:03.017839,320.944,0.00,0.00,0.00,0.00,0.00,0.00,0.00,0,,13.0,990.0,460000.0
2025-10-11T16:18:03.021353,320.947,0.00,0.00,0.00,0.00,0.00,0.00,0.00,0,,13.0,990.0,517500.0
2025-10-11T16:18:03.024474,320.950,0.00,0.00,0.00,0.00,0.00,0.00,0.00,0,,13.0,990.0,517500.0
2025-10-11T16:18:03.921014,321.847,0.00,0.00,0.00,0.00,0.00,0.00,0.00,0,,12.0,990.0,517500.0
2025-10-11T16:18:03.924151,321.850,0.00,0.00,0.00,0.00,0.00,0.00,0.00,0,,12.0,990.0,517500.0
2025-10-11T16:18:03.927205,321.853,0.00,0.00,0.00,0.00,0.00,0.00,0.00,0,,12.0,880.0,517500.0
2025-10-11T16:18:03.930346,321.856,0.00,0.00,0.00,0.00,0.00,0.00,0.00,0,,12.0,880.0,517500.0
2025-10-11T16:18:04.802200,322.728,0.00,0.00,0.00,0.00,0.00,0.00,0.00,0,,12.0,880.0,460000.0
2025-10-11T16:18:04.805474,322.731,0.00,0.00,0.00,0.00,0.00,0.00,0.00,0,,12.0,880.0,460000.0
2025-10-11T16:18:05.776579,323.702,0.00,0.00,0.00,0.00,0.00,0.00,0.00,0,,10.0,880.0,460000.0
2025-10-11T16:18:05.779768,323.705,0.00,0.00,0.00,0.00,0.00,0.00,0.00,0,,10.0,880.0,460000.0
2025-10-11T16:18:05.783178,323.709,0.00,0.00,0.00,0.00,0.00,0.00,0.00,0,,10.0,770.0,460000.0
2025-10-11T16:18:05.786557,323.712,0.00,0.00,0.00,0.00,0.00,0.00,0.00,0,,10.0,770.0,460000.0
2025-10-11T16:18:05.791127,323.717,0.00,0.00,0.00,0.00,0.00,0.00,0.00,0,,10.0,770.0,402500.0
2025-10-11T16:18:05.794991,323.721,0.00,0.00,0.00,0.00,0.00,0.00,0.00,0,,10.0,770.0,402500.0
2025-10-11T16:18:06.654308,324.580,0.00,0.00,0.00,0.00,0.00,0.00,0.00,0,,9.0,770.0,402500.0
2025-10-11T16:18:06.657902,324.584,0.00,0.00,0.00,0.00,0.00,0.00,0.00,0,,9.0,770.0,402500.0
2025-10-11T16:18:06.661427,324.587,0.00,0.00,0.00,0.00,0.00,0.00,0.00,0,,9.0,660.0,402500.0
2025-10-11T16:18:06.664884,324.591,0.00,0.00,0.00,0.00,0.00,0.00,0.00,0,,9.0,660.0,402500.0
2025-10-11T16:18:06.668549,324.594,0.00,0.00,0.00,0.00,0.00,0.00,0.00,0,,9.0,660.0,345000.0
2025-10-11T16:18:06.673894,324.600,0.00,0.00,0.00,0.00,0.00,0.00,0.00,0,,9.0,660.0,345000.0
2025-10-11T16:18:07.640522,325.566,0.00,0.00,0.00,0.00,0.00,0.00,0.00,0,,8.0,660.0,345000.0
2025-10-11T16:18:07.643309,325.569,0.00,0.00,0.00,0.00,0.00,0.00,0.00,0,,8.0,660.0,345000.0
2025-10-11T16:18:08.096514,326.022,0.00,0.00,0.00,0.00,0.00,0.00,0.00,0,,8.0,550.0,345000.0
2025-10-11T16:18:08.099565,326.025,0.00,0.00,0.00,0.00,0.00,0.00,0.00,0,,8.0,550.0,345000.0
2025-10-11T16:18:08.102435,326.028,0.00,0.00,0.00,0.00,0.00,0.00,0.00,0,,8.0,550.0,287500.0
2025-10-11T16:18:08.106107,326.032,0.00,0.00,0.00,0.00,0.00,0.00,0.00,0,,8.0,550.0,287500.0
2025-10-11T16:18:09.084350,327.010,0.00,0.00,0.00,0.00,0.00,0.00,0.00,0,,6.0,550.0,287500.0
2025-10-11T16:18:09.087415,327.013,0.00,0.00,0.00,0.00,0.00,0.00,0.00,0,,6.0,550.0,287500.0
2025-10-11T16:18:09.090248,327.016,0.00,0.00,0.00,0.00,0.00,0.00,0.00,0,,6.0,440.0,287500.0
2025-10-11T16:18:09.093922,327.020,0.00,0.00,0.00,0.00,0.00,0.00,0.00,0,,6.0,440.0,287500.0
2025-10-11T16:18:09.521926,327.448,0.00,0.00,0.00,0.00,0.00,0.00,0.00,0,,6.0,440.0,230000.0
2025-10-11T16:18:09.524938,327.451,0.00,0.00,0.00,0.00,0.00,0.00,0.00,0,,6.0,440.0,230000.0
2025-10-11T16:18:10.419753,328.345,0.00,0.00,0.00,0.00,0.00,0.00,0.00,0,,5.0,440.0,230000.0
2025-10-11T16:18:10.422359,328.348,0.00,0.00,0.00,0.00,0.00,0.00,0.00,0,,5.0,440.0,230000.0
2025-10-11T16:18:10.424912,328.351,0.00,0.00,0.00,0.00,0.00,0.00,0.00,0,,5.0,330.0,230000.0
2025-10-11T16:18:10.428990,328.355,0.00,0.00,0.00,0.00,0.00,0.00,0.00,0,,5.0,330.0,230000.0
2025-10-11T16:18:10.858166,328.784,0.00,0.00,0.00,0.00,0.00,0.00,0.00,0,,5.0,330.0,172500.0
2025-10-11T16:18:10.860923,328.787,0.00,0.00,0.00,0.00,0.00,0.00,0.00,0,,5.0,330.0,172500.0
2025-10-11T16:18:11.838914,329.765,0.00,0.00,0.00,0.00,0.00,0.00,0.00,0,,3.0,330.0,172500.0
2025-10-11T16:18:11.841965,329.768,0.00,0.00,0.00,0.00,0.00,0.00,0.00,0,,3.0,330.0,172500.0
2025-10-11T16:18:11.845346,329.771,0.00,0.00,0.00,0.00,0.00,0.00,0.00,0,,3.0,220.0,172500.0
2025-10-11T16:18:11.848050,329.774,0.00,0.00,0.00,0.00,0.00,0.00,0.00,0,,3.0,220.0,172500.0
2025-10-11T16:18:11.851322,329.777,0.00,0.00,0.00,0.00,0.00,0.00,0.00,0,,3.0,220.0,115000.0
2025-10-11T16:18:11.854350,329.780,0.00,0.00,0.00,0.00,0.00,0.00,0.00,0,,3.0,220.0,115000.0
2025-10-11T16:18:13.055379,330.981,0.00,0.00,0.00,0.00,0.00,0.00,0.00,0,,2.0,220.0,115000.0
2025-10-11T16:18:13.058203,330.984,0.00,0.00,0.00,0.00,0.00,0.00,0.00,0,,2.0,220.0,115000.0
2025-10-11T16:18:13.060736,330.986,0.00,0.00,0.00,0.00,0.00,0.00,0.00,0,,2.0,110.0,115000.0
2025-10-11T16:18:13.063996,330.990,0.00,0.00,0.00,0.00,0.00,0.00,0.00,0,,2.0,110.0,115000.0
2025-10-11T16:18:13.604693,331.530,0.00,0.00,0.00,0.00,0.00,0.00,0.00,0,,2.0,110.0,57500.0
2025-10-11T16:18:13.607552,331.533,0.00,0.00,0.00,0.00,0.00,0.00,0.00,0,,2.0,110.0,57500.0
2025-10-11T16:18:14.286434,332.212,0.00,0.00,0.00,0.00,0.00,0.00,0.00,0,,3.0,110.0,57500.0
2025-10-11T16:18:14.289472,332.215,0.00,0.00,0.00,0.00,0.00,0.00,0.00,0,,3.0,110.0,57500.0
2025-10-11T16:18:14.937895,332.864,0.00,0.00,0.00,0.00,0.00,0.00,0.00,0,,3.0,220.0,57500.0
2025-10-11T16:18:14.940525,332.866,0.00,0.00,0.00,0.00,0.00,0.00,0.00,0,,3.0,220.0,57500.0
2025-10-11T16:18:14.943399,332.869,0.00,0.00,0.00,0.00,0.00,0.00,0.00,0,,3.0,220.0,115000.0
2025-10-11T16:18:14.946682,332.872,0.00,0.00,0.00,0.00,0.00,0.00,0.00,0,,3.0,220.0,115000.0
2025-10-11T16:18:16.022530,333.948,0.00,0.00,0.00,0.00,0.00,0.00,0.00,0,,5.0,220.0,115000.0
2025-10-11T16:18:16.024848,333.951,0.00,0.00,0.00,0.00,0.00,0.00,0.00,0,,5.0,220.0,115000.0
2025-10-11T16:18:16.027151,333.953,0.00,0.00,0.00,0.00,0.00,0.00,0.00,0,,5.0,330.0,115000.0
2025-10-11T16:18:16.030223,333.956,0.00,0.00,0.00,0.00,0.00,0.00,0.00,0,,5.0,330.0,115000.0
2025-10-11T16:18:16.033217,333.959,0.00,0.00,0.00,0.00,0.00,0.00,0.00,0,,5.0,330.0,172500.0
2025-10-11T16:18:16.036384,333.962,0.00,0.00,0.00,0.00,0.00,0.00,0.00,0,,5.0,330.0,172500.0
2025-10-11T16:18:17.117732,335.043,0.00,0.00,0.00,0.00,0.00,0.00,0.00,0,,6.0,330.0,172500.0
2025-10-11T16:18:17.120039,335.046,0.00,0.00,0.00,0.00,0.00,0.00,0.00,0,,6.0,330.0,172500.0
2025-10-11T16:18:17.122267,335.048,0.00,0.00,0.00,0.00,0.00,0.00,0.00,0,,6.0,440.0,172500.0
2025-10-11T16:18:17.125330,335.051,0.00,0.00,0.00,0.00,0.00,0.00,0.00,0,,6.0,440.0,172500.0
2025-10-11T16:18:17.128070,335.054,0.00,0.00,0.00,0.00,0.00,0.00,0.00,0,,6.0,440.0,230000.0
2025-10-11T16:18:17.131122,335.057,0.00,0.00,0.00,0.00,0.00,0.00,0.00,0,,6.0,440.0,230000.0
2025-10-11T16:18:18.599969,336.526,0.00,0.00,0.00,0.00,0.00,0.00,0.00,0,,8.0,440.0,230000.0
2025-10-11T16:18:18.603022,336.529,0.00,0.00,0.00,0.00,0.00,0.00,0.00,0,,8.0,440.0,230000.0
2025-10-11T16:18:18.606756,336.532,0.00,0.00,0.00,0.00,0.00,0.00,0.00,0,,8.0,550.0,230000.0
2025-10-11T16:18:18.609641,336.535,0.00,0.00,0.00,0.00,0.00,0.00,0.00,0,,8.0,550.0,230000.0
2025-10-11T16:18:18.613345,336.539,0.00,0.00,0.00,0.00,0.00,0.00,0.00,0,,8.0,550.0,287500.0
2025-10-11T16:18:18.616316,336.542,0.00,0.00,0.00,0.00,0.00,0.00,0.00,0,,8.0,550.0,287500.0
2025-10-11T16:18:19.492007,337.418,0.00,0.00,0.00,0.00,0.00,0.00,0.00,0,,9.0,550.0,287500.0
2025-10-11T16:18:19.494701,337.420,0.00,0.00,0.00,0.00,0.00,0.00,0.00,0,,9.0,550.0,287500.0
2025-10-11T16:18:19.498329,337.424,0.00,0.00,0.00,0.00,0.00,0.00,0.00,0,,9.0,660.0,287500.0
2025-10-11T16:18:19.501276,337.427,0.00,0.00,0.00,0.00,0.00,0.00,0.00,0,,9.0,660.0,287500.0
2025-10-11T16:18:20.372595,338.298,0.00,0.00,0.00,0.00,0.00,0.00,0.00,0,,9.0,660.0,345000.0
2025-10-11T16:18:20.375341,338.301,0.00,0.00,0.00,0.00,0.00,0.00,0.00,0,,9.0,660.0,345000.0
2025-10-11T16:18:21.244078,339.170,0.00,0.00,0.00,0.00,0.00,0.00,0.00,0,,10.0,660.0,345000.0
2025-10-11T16:18:21.247364,339.173,0.00,0.00,0.00,0.00,0.00,0.00,0.00,0,,10.0,660.0,345000.0
2025-10-11T16:18:21.250908,339.177,0.00,0.00,0.00,0.00,0.00,0.00,0.00,0,,10.0,770.0,345000.0
2025-10-11T16:18:21.253906,339.180,0.00,0.00,0.00,0.00,0.00,0.00,0.00,0,,10.0,770.0,345000.0
2025-10-11T16:18:21.258677,339.184,0.00,0.00,0.00,0.00,0.00,0.00,0.00,0,,10.0,770.0,402500.0
2025-10-11T16:18:21.261405,339.187,0.00,0.00,0.00,0.00,0.00,0.00,0.00,0,,10.0,770.0,402500.0
2025-10-11T16:18:22.244367,340.170,0.00,0.00,0.00,0.00,0.00,0.00,0.00,0,,12.0,770.0,402500.0
2025-10-11T16:18:22.248914,340.175,0.00,0.00,0.00,0.00,0.00,0.00,0.00,0,,12.0,770.0,402500.0
2025-10-11T16:18:22.252342,340.178,0.00,0.00,0.00,0.00,0.00,0.00,0.00,0,,12.0,880.0,402500.0
2025-10-11T16:18:22.255577,340.181,0.00,0.00,0.00,0.00,0.00,0.00,0.00,0,,12.0,880.0,402500.0
2025-10-11T16:18:22.259056,340.185,0.00,0.00,0.00,0.00,0.00,0.00,0.00,0,,12.0,880.0,460000.0
2025-10-11T16:18:22.262287,340.188,0.00,0.00,0.00,0.00,0.00,0.00,0.00,0,,12.0,880.0,460000.0
2025-10-11T16:18:23.124056,341.050,0.00,0.00,0.00,0.00,0.00,0.00,0.00,0,,13.0,880.0,460000.0
2025-10-11T16:18:23.126971,341.053,0.00,0.00,0.00,0.00,0.00,0.00,0.00,0,,13.0,880.0,460000.0
2025-10-11T16:18:23.992099,341.918,0.00,0.00,0.00,0.00,0.00,0.00,0.00,0,,13.0,990.0,460000.0
2025-10-11T16:18:23.995349,341.921,0.00,0.00,0.00,0.00,0.00,0.00,0.00,0,,13.0,990.0,460000.0
2025-10-11T16:18:23.998685,341.924,0.00,0.00,0.00,0.00,0.00,0.00,0.00,0,,13.0,990.0,517500.0
2025-10-11T16:18:24.002030,341.928,0.00,0.00,0.00,0.00,0.00,0.00,0.00,0,,13.0,990.0,517500.0
2025-10-11T16:18:24.768143,342.694,0.00,0.00,0.00,0.00,0.00,0.00,0.00,0,,12.0,990.0,517500.0
2025-10-11T16:18:24.771223,342.697,0.00,0.00,0.00,0.00,0.00,0.00,0.00,0,,12.0,990.0,517500.0
2025-10-11T16:18:24.774872,342.701,0.00,0.00,0.00,0.00,0.00,0.00,0.00,0,,12.0,880.0,517500.0
2025-10-11T16:18:24.777763,342.703,0.00,0.00,0.00,0.00,0.00,0.00,0.00,0,,12.0,880.0,517500.0
2025-10-11T16:18:24.781234,342.707,0.00,0.00,0.00,0.00,0.00,0.00,0.00,0,,12.0,880.0,460000.0
2025-10-11T16:18:24.785654,342.711,0.00,0.00,0.00,0.00,0.00,0.00,0.00,0,,12.0,880.0,460000.0
2025-10-11T16:18:26.435097,344.361,0.00,0.00,0.00,0.00,0.00,0.00,0.00,0,,10.0,880.0,460000.0
2025-10-11T16:18:26.438098,344.364,0.00,0.00,0.00,0.00,0.00,0.00,0.00,0,,10.0,880.0,460000.0
2025-10-11T16:18:26.441854,344.368,0.00,0.00,0.00,0.00,0.00,0.00,0.00,0,,10.0,770.0,460000.0
2025-10-11T16:18:26.444497,344.370,0.00,0.00,0.00,0.00,0.00,0.00,0.00,0,,10.0,770.0,460000.0
2025-10-11T16:18:26.448131,344.374,0.00,0.00,0.00,0.00,0.00,0.00,0.00,0,,10.0,770.0,402500.0
2025-10-11T16:18:26.450582,344.376,0.00,0.00,0.00,0.00,0.00,0.00,0.00,0,,10.0,770.0,402500.0
2025-10-11T16:18:27.307621,345.233,0.00,0.00,0.00,0.00,0.00,0.00,0.00,0,,9.0,770.0,402500.0
2025-10-11T16:18:27.310715,345.236,0.00,0.00,0.00,0.00,0.00,0.00,0.00,0,,9.0,770.0,402500.0
2025-10-11T16:18:27.314488,345.240,0.00,0.00,0.00,0.00,0.00,0.00,0.00,0,,9.0,660.0,402500.0
2025-10-11T16:18:27.317491,345.243,0.00,0.00,0.00,0.00,0.00,0.00,0.00,0,,9.0,660.0,402500.0
2025-10-11T16:18:27.321055,345.247,0.00,0.00,0.00,0.00,0.00,0.00,0.00,0,,9.0,660.0,345000.0
2025-10-11T16:18:27.324247,345.250,0.00,0.00,0.00,0.00,0.00,0.00,0.00,0,,9.0,660.0,345000.0
2025-10-11T16:18:28.189504,346.115,0.00,0.00,0.00,0.00,0.00,0.00,0.00,0,,8.0,660.0,345000.0
2025-10-11T16:18:28.193047,346.119,0.00,0.00,0.00,0.00,0.00,0.00,0.00,0,,8.0,660.0,345000.0
2025-10-11T16:18:29.055682,346.981,0.00,0.00,0.00,0.00,0.00,0.00,0.00,0,,8.0,550.0,345000.0
2025-10-11T16:18:29.059711,346.985,0.00,0.00,0.00,0.00,0.00,0.00,0.00,0,,8.0,550.0,345000.0
2025-10-11T16:18:29.062786,346.988,0.00,0.00,0.00,0.00,0.00,0.00,0.00,0,,8.0,550.0,287500.0
2025-10-11T16:18:29.065959,346.992,0.00,0.00,0.00,0.00,0.00,0.00,0.00,0,,8.0,550.0,287500.0
2025-10-11T16:18:29.945160,347.871,0.00,0.00,0.00,0.00,0.00,0.00,0.00,0,,6.0,550.0,287500.0
2025-10-11T16:18:29.948249,347.874,0.00,0.00,0.00,0.00,0.00,0.00,0.00,0,,6.0,550.0,287500.0
2025-10-11T16:18:29.952194,347.878,0.00,0.00,0.00,0.00,0.00,0.00,0.00,0,,6.0,440.0,287500.0
2025-10-11T16:18:29.954786,347.880,0.00,0.00,0.00,0.00,0.00,0.00,0.00,0,,6.0,440.0,287500.0
2025-10-11T16:18:29.958029,347.884,0.00,0.00,0.00,0.00,0.00,0.00,0.00,0,,6.0,440.0,230000.0
2025-10-11T16:18:29.961497,347.887,0.00,0.00,0.00,0.00,0.00,0.00,0.00,0,,6.0,440.0,230000.0
2025-10-11T16:18:30.823984,348.750,0.00,0.00,0.00,0.00,0.00,0.00,0.00,0,,5.0,440.0,230000.0
2025-10-11T16:18:30.826717,348.752,0.00,0.00,0.00,0.00,0.00,0.00,0.00,0,,5.0,440.0,230000.0
2025-10-11T16:18:30.830472,348.756,0.00,0.00,0.00,0.00,0.00,0.00,0.00,0,,5.0,330.0,230000.0
2025-10-11T16:18:30.833958,348.760,0.00,0.00,0.00,0.00,0.00,0.00,0.00,0,,5.0,330.0,230000.0
2025-10-11T16:18:30.837612,348.763,0.00,0.00,0.00,0.00,0.00,0.00,0.00,0,,5.0,330.0,172500.0
2025-10-11T16:18:30.841090,348.767,0.00,0.00,0.00,0.00,0.00,0.00,0.00,0,,5.0,330.0,172500.0
2025-10-11T16:18:32.813444,350.739,0.00,0.00,0.00,0.00,0.00,0.00,0.00,0,,3.0,330.0,172500.0
2025-10-11T16:18:32.816562,350.742,0.00,0.00,0.00,0.00,0.00,0.00,0.00,0,,3.0,330.0,172500.0
2025-10-11T16:18:32.820525,350.746,0.00,0.00,0.00,0.00,0.00,0.00,0.00,0,,3.0,220.0,172500.0
2025-10-11T16:18:32.823982,350.750,0.00,0.00,0.00,0.00,0.00,0.00,0.00,0,,3.0,220.0,172500.0
2025-10-11T16:18:32.827661,350.753,0.00,0.00,0.00,0.00,0.00,0.00,0.00,0,,3.0,220.0,115000.0
2025-10-11T16:18:32.830691,350.756,0.00,0.00,0.00,0.00,0.00,0.00,0.00,0,,3.0,220.0,115000.0
2025-10-11T16:18:33.819201,351.745,0.00,0.00,0.00,0.00,0.00,0.00,0.00,0,,2.0,220.0,115000.0
2025-10-11T16:18:33.822696,351.748,0.00,0.00,0.00,0.00,0.00,0.00,0.00,0,,2.0,220.0,115000.0
2025-10-11T16:18:33.826877,351.753,0.00,0.00,0.00,0.00,0.00,0.00,0.00,0,,2.0,110.0,115000.0
2025-10-11T16:18:33.830719,351.756,0.00,0.00,0.00,0.00,0.00,0.00,0.00,0,,2.0,110.0,115000.0
2025-10-11T16:18:33.834579,351.760,0.00,0.00,0.00,0.00,0.00,0.00,0.00,0,,2.0,110.0,57500.0
2025-10-11T16:18:33.838173,351.764,0.00,0.00,0.00,0.00,0.00,0.00,0.00,0,,2.0,110.0,57500.0
2025-10-11T16:18:34.807380,352.733,0.00,0.00,0.00,0.00,0.00,0.00,0.00,0,,3.0,110.0,57500.0
2025-10-11T16:18:34.810559,352.736,0.00,0.00,0.00,0.00,0.00,0.00,0.00,0,,3.0,110.0,57500.0
2025-10-11T16:18:34.814742,352.740,0.00,0.00,0.00,0.00,0.00,0.00,0.00,0,,3.0,220.0,57500.0
2025-10-11T16:18:34.817695,352.743,0.00,0.00,0.00,0.00,0.00,0.00,0.00,0,,3.0,220.0,57500.0
2025-10-11T16:18:35.791725,353.717,0.00,0.00,0.00,0.00,0.00,0.00,0.00,0,,3.0,220.0,115000.0
2025-10-11T16:18:35.795190,353.721,0.00,0.00,0.00,0.00,0.00,0.00,0.00,0,,3.0,220.0,115000.0
2025-10-11T16:18:36.664741,354.590,0.00,0.00,0.00,0.00,0.00,0.00,0.00,0,,5.0,220.0,115000.0
2025-10-11T16:18:36.667557,354.593,0.00,0.00,0.00,0.00,0.00,0.00,0.00,0,,5.0,220.0,115000.0
2025-10-11T16:18:36.671587,354.597,0.00,0.00,0.00,0.00,0.00,0.00,0.00,0,,5.0,330.0,115000.0
2025-10-11T16:18:36.675049,354.601,0.00,0.00,0.00,0.00,0.00,0.00,0.00,0,,5.0,330.0,115000.0
2025-10-11T16:18:36.679232,354.605,0.00,0.00,0.00,0.00,0.00,0.00,0.00,0,,5.0,330.0,172500.0
2025-10-11T16:18:36.683107,354.609,0.00,0.00,0.00,0.00,0.00,0.00,0.00,0,,5.0,330.0,172500.0
2025-10-11T16:18:37.557475,355.483,0.00,0.00,0.00,0.00,0.00,0.00,0.00,0,,6.0,330.0,172500.0
2025-10-11T16:18:37.560643,355.486,0.00,0.00,0.00,0.00,0.00,0.00,0.00,0,,6.0,330.0,172500.0
2025-10-11T16:18:37.564487,355.490,0.00,0.00,0.00,0.00,0.00,0.00,0.00,0,,6.0,440.0,172500.0
2025-10-11T16:18:37.567707,355.493,0.00,0.00,0.00,0.00,0.00,0.00,0.00,0,,6.0,440.0,172500.0
2025-10-11T16:18:37.571193,355.497,0.00,0.00,0.00,0.00,0.00,0.00,0.00,0,,6.0,440.0,230000.0
2025-10-11T16:18:37.574776,355.500,0.00,0.00,0.00,0.00,0.00,0.00,0.00,0,,6.0,440.0,230000.0
2025-10-11T16:18:39.438658,357.364,0.00,0.00,0.00,0.00,0.00,0.00,0.00,0,,8.0,440.0,230000.0
2025-10-11T16:18:39.441546,357.367,0.00,0.00,0.00,0.00,0.00,0.00,0.00,0,,8.0,440.0,230000.0
2025-10-11T16:18:39.444636,357.370,0.00,0.00,0.00,0.00,0.00,0.00,0.00,0,,8.0,550.0,230000.0
2025-10-11T16:18:39.447804,357.373,0.00,0.00,0.00,0.00,0.00,0.00,0.00,0,,8.0,550.0,230000.0
2025-10-11T16:18:39.451681,357.377,0.00,0.00,0.00,0.00,0.00,0.00,0.00,0,,8.0,550.0,287500.0
2025-10-11T16:18:39.454633,357.380,0.00,0.00,0.00,0.00,0.00,0.00,0.00,0,,8.0,550.0,287500.0
2025-10-11T16:18:40.314930,358.241,0.00,0.00,0.00,0.00,0.00,0.00,0.00,0,,9.0,550.0,287500.0
2025-10-11T16:18:40.317310,358.243,0.00,0.00,0.00,0.00,0.00,0.00,0.00,0,,9.0,550.0,287500.0
2025-10-11T16:18:40.320274,358.246,0.00,0.00,0.00,0.00,0.00,0.00,0.00,0,,9.0,660.0,287500.0
2025-10-11T16:18:40.323679,358.249,0.00,0.00,0.00,0.00,0.00,0.00,0.00,0,,9.0,660.0,287500.0
2025-10-11T16:18:40.327179,358.253,0.00,0.00,0.00,0.00,0.00,0.00,0.00,0,,9.0,660.0,345000.0
2025-10-11T16:18:40.330025,358.256,0.00,0.00,0.00,0.00,0.00,0.00,0.00,0,,9.0,660.0,345000.0
2025-10-11T16:18:41.189119,359.115,0.00,0.00,0.00,0.00,0.00,0.00,0.00,0,,10.0,660.0,345000.0
2025-10-11T16:18:41.192147,359.118,0.00,0.00,0.00,0.00,0.00,0.00,0.00,0,,10.0,660.0,345000.0
2025-10-11T16:18:42.055614,359.981,0.00,0.00,0.00,0.00,0.00,0.00,0.00,0,,10.0,770.0,345000.0
2025-10-11T16:18:42.058696,359.984,0.00,0.00,0.00,0.00,0.00,0.00,0.00,0,,10.0,770.0,345000.0
2025-10-11T16:18:42.062271,359.988,0.00,0.00,0.00,0.00,0.00,0.00,0.00,0,,10.0,770.0,402500.0
2025-10-11T16:18:42.065075,359.991,0.00,0.00,0.00,0.00,0.00,0.00,0.00,0,,10.0,770.0,402500.0
2025-10-11T16:18:42.936638,360.862,0.00,0.00,0.00,0.00,0.00,0.00,0.00,0,,12.0,770.0,402500.0
2025-10-11T16:18:42.939718,360.865,0.00,0.00,0.00,0.00,0.00,0.00,0.00,0,,12.0,770.0,402500.0
2025-10-11T16:18:42.943386,360.869,0.00,0.00,0.00,0.00,0.00,0.00,0.00,0,,12.0,880.0,402500.0
2025-10-11T16:18:42.945905,360.872,0.00,0.00,0.00,0.00,0.00,0.00,0.00,0,,12.0,880.0,402500.0
2025-10-11T16:18:42.948876,360.875,0.00,0.00,0.00,0.00,0.00,0.00,0.00,0,,12.0,880.0,460000.0
2025-10-11T16:18:42.952130,360.878,0.00,0.00,0.00,0.00,0.00,0.00,0.00,0,,12.0,880.0,460000.0
2025-10-11T16:18:43.928804,361.854,0.00,0.00,0.00,0.00,0.00,0.00,0.00,0,,13.0,880.0,460000.0
2025-10-11T16:18:43.931800,361.857,0.00,0.00,0.00,0.00,0.00,0.00,0.00,0,,13.0,880.0,460000.0
2025-10-11T16:18:43.935439,361.861,0.00,0.00,0.00,0.00,0.00,0.00,0.00,0,,13.0,990.0,460000.0
2025-10-11T16:18:43.938661,361.864,0.00,0.00,0.00,0.00,0.00,0.00,0.00,0,,13.0,990.0,460000.0
2025-10-11T16:18:44.808951,362.735,0.00,0.00,0.00,0.00,0.00,0.00,0.00,0,,13.0,990.0,517500.0
2025-10-11T16:18:44.812457,362.738,0.00,0.00,0.00,0.00,0.00,0.00,0.00,0,,13.0,990.0,517500.0
2025-10-11T16:18:45.715099,363.641,0.00,0.00,0.00,0.00,0.00,0.00,0.00,0,,12.0,990.0,517500.0
2025-10-11T16:18:45.717408,363.643,0.00,0.00,0.00,0.00,0.00,0.00,0.00,0,,12.0,990.0,517500.0
2025-10-11T16:18:45.720552,363.646,0.00,0.00,0.00,0.00,0.00,0.00,0.00,0,,12.0,880.0,517500.0
2025-10-11T16:18:45.724512,363.650,0.00,0.00,0.00,0.00,0.00,0.00,0.00,0,,12.0,880.0,517500.0
2025-10-11T16:18:45.728604,363.654,0.00,0.00,0.00,0.00,0.00,0.00,0.00,0,,12.0,880.0,460000.0
2025-10-11T16:18:45.731593,363.657,0.00,0.00,0.00,0.00,0.00,0.00,0.00,0,,12.0,880.0,460000.0
2025-10-11T16:18:46.590293,364.516,0.00,0.00,0.00,0.00,0.00,0.00,0.00,0,,10.0,880.0,460000.0
2025-10-11T16:18:46.593213,364.519,0.00,0.00,0.00,0.00,0.00,0.00,0.00,0,,10.0,880.0,460000.0
2025-10-11T16:18:47.459556,365.385,0.00,0.00,0.00,0.00,0.00,0.00,0.00,0,,10.0,770.0,460000.0
2025-10-11T16:18:47.462684,365.388,0.00,0.00,0.00,0.00,0.00,0.00,0.00,0,,10.0,770.0,460000.0
2025-10-11T16:18:47.466330,365.392,0.00,0.00,0.00,0.00,0.00,0.00,0.00,0,,10.0,770.0,402500.0
2025-10-11T16:18:47.469020,365.395,0.00,0.00,0.00,0.00,0.00,0.00,0.00,0,,10.0,770.0,402500.0
2025-10-11T16:18:48.342692,366.268,0.00,0.00,0.00,0.00,0.00,0.00,0.00,0,,9.0,770.0,402500.0
2025-10-11T16:18:48.345759,366.271,0.00,0.00,0.00,0.00,0.00,0.00,0.00,0,,9.0,770.0,402500.0
2025-10-11T16:18:48.349221,366.275,0.00,0.00,0.00,0.00,0.00,0.00,0.00,0,,9.0,660.0,402500.0
2025-10-11T16:18:48.351884,366.278,0.00,0.00,0.00,0.00,0.00,0.00,0.00,0,,9.0,660.0,402500.0
2025-10-11T16:18:48.355584,366.281,0.00,0.00,0.00,0.00,0.00,0.00,0.00,0,,9.0,660.0,345000.0
2025-10-11T16:18:48.358836,366.284,0.00,0.00,0.00,0.00,0.00,0.00,0.00,0,,9.0,660.0,345000.0
2025-10-11T16:18:49.220838,367.146,0.00,0.00,0.00,0.00,0.00,0.00,0.00,0,,8.0,660.0,345000.0
2025-10-11T16:18:49.223741,367.149,0.00,0.00,0.00,0.00,0.00,0.00,0.00,0,,8.0,660.0,345000.0
2025-10-11T16:18:49.227360,367.153,0.00,0.00,0.00,0.00,0.00,0.00,0.00,0,,8.0,550.0,345000.0
2025-10-11T16:18:49.231254,367.157,0.00,0.00,0.00,0.00,0.00,0.00,0.00,0,,8.0,550.0,345000.0
2025-10-11T16:18:50.091678,368.017,0.00,0.00,0.00,0.00,0.00,0.00,0.00,0,,8.0,550.0,287500.0
2025-10-11T16:18:50.094860,368.021,0.00,0.00,0.00,0.00,0.00,0.00,0.00,0,,8.0,550.0,287500.0
2025-10-11T16:18:50.974107,368.900,0.00,0.00,0.00,0.00,0.00,0.00,0.00,0,,6.0,550.0,287500.0
2025-10-11T16:18:50.977376,368.903,0.00,0.00,0.00,0.00,0.00,0.00,0.00,0,,6.0,550.0,287500.0
2025-10-11T16:18:50.980912,368.907,0.00,0.00,0.00,0.00,0.00,0.00,0.00,0,,6.0,440.0,287500.0
2025-10-11T16:18:50.983740,368.909,0.00,0.00,0.00,0.00,0.00,0.00,0.00,0,,6.0,440.0,287500.0
2025-10-11T16:18:50.987311,368.913,0.00,0.00,0.00,0.00,0.00,0.00,0.00,0,,6.0,440.0,230000.0
2025-10-11T16:18:50.992584,368.918,0.00,0.00,0.00,0.00,0.00,0.00,0.00,0,,6.0,440.0,230000.0
2025-10-11T16:18:51.857294,369.783,0.00,0.00,0.00,0.00,0.00,0.00,0.00,0,,5.0,440.0,230000.0
2025-10-11T16:18:51.860649,369.786,0.00,0.00,0.00,0.00,0.00,0.00,0.00,0,,5.0,440.0,230000.0
2025-10-11T16:18:52.725884,370.652,0.00,0.00,0.00,0.00,0.00,0.00,0.00,0,,5.0,330.0,230000.0
2025-10-11T16:18:52.728528,370.654,0.00,0.00,0.00,0.00,0.00,0.00,0.00,0,,5.0,330.0,230000.0
2025-10-11T16:18:52.733019,370.659,0.00,0.00,0.00,0.00,0.00,0.00,0.00,0,,5.0,330.0,172500.0
2025-10-11T16:18:52.735872,370.662,0.00,0.00,0.00,0.00,0.00,0.00,0.00,0,,5.0,330.0,172500.0
2025-10-11T16:18:53.602464,371.528,0.00,0.00,0.00,0.00,0.00,0.00,0.00,0,,3.0,330.0,172500.0
2025-10-11T16:18:53.605285,371.531,0.00,0.00,0.00,0.00,0.00,0.00,0.00,0,,3.0,330.0,172500.0
2025-10-11T16:18:53.609810,371.535,0.00,0.00,0.00,0.00,0.00,0.00,0.00,0,,3.0,220.0,172500.0
2025-10-11T16:18:53.612562,371.538,0.00,0.00,0.00,0.00,0.00,0.00,0.00,0,,3.0,220.0,172500.0
2025-10-11T16:18:53.616720,371.542,0.00,0.00,0.00,0.00,0.00,0.00,0.00,0,,3.0,220.0,115000.0
2025-10-11T16:18:53.619876,371.546,0.00,0.00,0.00,0.00,0.00,0.00,0.00,0,,3.0,220.0,115000.0
2025-10-11T16:18:54.475114,372.401,0.00,0.00,0.00,0.00,0.00,0.00,0.00,0,,2.0,220.0,115000.0
2025-10-11T16:18:54.479238,372.405,0.00,0.00,0.00,0.00,0.00,0.00,0.00,0,,2.0,220.0,115000.0
2025-10-11T16:18:55.247371,373.173,0.00,0.00,0.00,0.00,0.00,0.00,0.00,0,,2.0,110.0,115000.0
2025-10-11T16:18:55.250646,373.176,0.00,0.00,0.00,0.00,0.00,0.00,0.00,0,,2.0,110.0,115000.0
2025-10-11T16:18:55.254628,373.180,0.00,0.00,0.00,0.00,0.00,0.00,0.00,0,,2.0,110.0,57500.0
2025-10-11T16:18:55.257715,373.183,0.00,0.00,0.00,0.00,0.00,0.00,0.00,0,,2.0,110.0,57500.0
2025-10-11T16:18:56.124140,374.050,0.00,0.00,0.00,0.00,0.00,0.00,0.00,0,,3.0,110.0,57500.0
2025-10-11T16:18:56.127470,374.053,0.00,0.00,0.00,0.00,0.00,0.00,0.00,0,,3.0,110.0,57500.0
2025-10-11T16:18:56.131485,374.057,0.00,0.00,0.00,0.00,0.00,0.00,0.00,0,,3.0,220.0,57500.0
2025-10-11T16:18:56.134405,374.060,0.00,0.00,0.00,0.00,0.00,0.00,0.00,0,,3.0,220.0,57500.0
2025-10-11T16:18:56.138566,374.064,0.00,0.00,0.00,0.00,0.00,0.00,0.00,0,,3.0,220.0,115000.0
2025-10-11T16:18:56.141763,374.067,0.00,0.00,0.00,0.00,0.00,0.00,0.00,0,,3.0,220.0,115000.0
2025-10-11T16:18:57.923072,375.849,0.00,0.00,0.00,0.00,0.00,0.00,0.00,0,,5.0,220.0,115000.0
2025-10-11T16:18:57.926215,375.852,0.00,0.00,0.00,0.00,0.00,0.00,0.00,0,,5.0,220.0,115000.0
2025-10-11T16:18:57.929796,375.855,0.00,0.00,0.00,0.00,0.00,0.00,0.00,0,,5.0,330.0,115000.0
2025-10-11T16:18:57.932790,375.858,0.00,0.00,0.00,0.00,0.00,0.00,0.00,0,,5.0,330.0,115000.0
2025-10-11T16:18:57.936335,375.862,0.00,0.00,0.00,0.00,0.00,0.00,0.00,0,,5.0,330.0,172500.0
2025-10-11T16:18:57.940699,375.866,0.00,0.00,0.00,0.00,0.00,0.00,0.00,0,,5.0,330.0,172500.0
2025-10-11T16:18:58.798778,376.724,0.00,0.00,0.00,0.00,0.00,0.00,0.00,0,,6.0,330.0,172500.0
2025-10-11T16:18:58.801957,376.728,0.00,0.00,0.00,0.00,0.00,0.00,0.00,0,,6.0,330.0,172500.0
2025-10-11T16:18:58.806824,376.732,0.00,0.00,0.00,0.00,0.00,0.00,0.00,0,,6.0,440.0,172500.0
2025-10-11T16:18:58.811621,376.737,0.00,0.00,0.00,0.00,0.00,0.00,0.00,0,,6.0,440.0,172500.0
2025-10-11T16:18:58.814699,376.740,0.00,0.00,0.00,0.00,0.00,0.00,0.00,0,,6.0,440.0,230000.0
2025-10-11T16:18:58.818990,376.745,0.00,0.00,0.00,0.00,0.00,0.00,0.00,0,,6.0,440.0,230000.0
2025-10-11T16:19:00.651661,378.577,0.00,0.00,0.00,0.00,0.00,0.00,0.00,0,,8.0,440.0,230000.0
2025-10-11T16:19:00.654904,378.581,0.00,0.00,0.00,0.00,0.00,0.00,0.00,0,,8.0,440.0,230000.0
2025-10-11T16:19:00.658624,378.584,0.00,0.00,0.00,0.00,0.00,0.00,0.00,0,,8.0,550.0,230000.0
2025-10-11T16:19:00.661594,378.587,0.00,0.00,0.00,0.00,0.00,0.00,0.00,0,,8.0,550.0,230000.0
2025-10-11T16:19:00.664910,378.591,0.00,0.00,0.00,0.00,0.00,0.00,0.00,0,,8.0,550.0,287500.0
2025-10-11T16:19:00.667641,378.593,0.00,0.00,0.00,0.00,0.00,0.00,0.00,0,,8.0,550.0,287500.0
2025-10-11T16:19:01.525084,379.451,0.00,0.00,0.00,0.00,0.00,0.00,0.00,0,,9.0,550.0,287500.0
2025-10-11T16:19:01.528629,379.454,0.00,0.00,0.00,0.00,0.00,0.00,0.00,0,,9.0,550.0,287500.0
2025-10-11T16:19:01.532343,379.458,0.00,0.00,0.00,0.00,0.00,0.00,0.00,0,,9.0,660.0,287500.0
2025-10-11T16:19:01.535793,379.461,0.00,0.00,0.00,0.00,0.00,0.00,0.00,0,,9.0,660.0,287500.0
2025-10-11T16:19:01.539477,379.465,0.00,0.00,0.00,0.00,0.00,0.00,0.00,0,,9.0,660.0,345000.0
2025-10-11T16:19:01.542627,379.468,0.00,0.00,0.00,0.00,0.00,0.00,0.00,0,,9.0,660.0,345000.0
2025-10-11T16:19:02.415031,380.341,0.00,0.00,0.00,0.00,0.00,0.00,0.00,0,,10.0,660.0,345000.0
2025-10-11T16:19:02.418485,380.344,0.00,0.00,0.00,0.00,0.00,0.00,0.00,0,,10.0,660.0,345000.0
2025-10-11T16:19:02.422042,380.348,0.00,0.00,0.00,0.00,0.00,0.00,0.00,0,,10.0,770.0,345000.0
2025-10-11T16:19:02.425677,380.351,0.00,0.00,0.00,0.00,0.00,0.00,0.00,0,,10.0,770.0,345000.0
2025-10-11T16:19:03.199913,381.126,0.00,0.00,0.00,0.00,0.00,0.00,0.00,0,,10.0,770.0,402500.0
2025-10-11T16:19:03.203206,381.129,0.00,0.00,0.00,0.00,0.00,0.00,0.00,0,,10.0,770.0,402500.0
2025-10-11T16:19:04.199343,382.125,0.00,0.00,0.00,0.00,0.00,0.00,0.00,0,,12.0,770.0,402500.0
2025-10-11T16:19:04.201639,382.127,0.00,0.00,0.00,0.00,0.00,0.00,0.00,0,,12.0,770.0,402500.0
2025-10-11T16:19:04.204495,382.130,0.00,0.00,0.00,0.00,0.00,0.00,0.00,0,,12.0,880.0,402500.0
2025-10-11T16:19:04.208064,382.134,0.00,0.00,0.00,0.00,0.00,0.00,0.00,0,,12.0,880.0,402500.0
2025-10-11T16:19:04.212402,382.138,0.00,0.00,0.00,0.00,0.00,0.00,0.00,0,,12.0,880.0,460000.0
2025-10-11T16:19:04.215594,382.141,0.00,0.00,0.00,0.00,0.00,0.00,0.00,0,,12.0,880.0,460000.0
2025-10-11T16:19:05.187078,383.113,0.00,0.00,0.00,0.00,0.00,0.00,0.00,0,,13.0,880.0,460000.0
2025-10-11T16:19:05.189525,383.115,0.00,0.00,0.00,0.00,0.00,0.00,0.00,0,,13.0,880.0,460000.0
2025-10-11T16:19:05.192937,383.119,0.00,0.00,0.00,0.00,0.00,0.00,0.00,0,,13.0,990.0,460000.0
2025-10-11T16:19:05.196990,383.123,0.00,0.00,0.00,0.00,0.00,0.00,0.00,0,,13.0,990.0,460000.0
2025-10-11T16:19:05.200687,383.126,0.00,0.00,0.00,0.00,0.00,0.00,0.00,0,,13.0,990.0,517500.0
2025-10-11T16:19:05.205168,383.131,0.00,0.00,0.00,0.00,0.00,0.00,0.00,0,,13.0,990.0,517500.0
2025-10-11T16:19:06.173602,384.099,0.00,0.00,0.00,0.00,0.00,0.00,0.00,0,,12.0,990.0,517500.0
2025-10-11T16:19:06.176520,384.102,0.00,0.00,0.00,0.00,0.00,0.00,0.00,0,,12.0,990.0,517500.0
2025-10-11T16:19:07.042265,384.968,0.00,0.00,0.00,0.00,0.00,0.00,0.00,0,,12.0,880.0,517500.0
2025-10-11T16:19:07.045405,384.971,0.00,0.00,0.00,0.00,0.00,0.00,0.00,0,,12.0,880.0,517500.0
2025-10-11T16:19:07.049815,384.975,0.00,0.00,0.00,0.00,0.00,0.00,0.00,0,,12.0,880.0,460000.0
2025-10-11T16:19:07.052611,384.978,0.00,0.00,0.00,0.00,0.00,0.00,0.00,0,,12.0,880.0,460000.0
2025-10-11T16:19:07.913791,385.839,0.00,0.00,0.00,0.00,0.00,0.00,0.00,0,,10.0,880.0,460000.0
2025-10-11T16:19:07.917300,385.843,0.00,0.00,0.00,0.00,0.00,0.00,0.00,0,,10.0,880.0,460000.0
2025-10-11T16:19:07.922241,385.848,0.00,0.00,0.00,0.00,0.00,0.00,0.00,0,,10.0,770.0,460000.0
2025-10-11T16:19:07.926888,385.853,0.00,0.00,0.00,0.00,0.00,0.00,0.00,0,,10.0,770.0,460000.0
2025-10-11T16:19:07.930997,385.857,0.00,0.00,0.00,0.00,0.00,0.00,0.00,0,,10.0,770.0,402500.0
2025-10-11T16:19:07.935653,385.861,0.00,0.00,0.00,0.00,0.00,0.00,0.00,0,,10.0,770.0,402500.0
2025-10-11T16:19:08.923905,386.850,0.00,0.00,0.00,0.00,0.00,0.00,0.00,0,,9.0,770.0,402500.0
2025-10-11T16:19:08.927415,386.853,0.00,0.00,0.00,0.00,0.00,0.00,0.00,0,,9.0,770.0,402500.0
2025-10-11T16:19:08.931044,386.857,0.00,0.00,0.00,0.00,0.00,0.00,0.00,0,,9.0,660.0,402500.0
2025-10-11T16:19:08.933823,386.859,0.00,0.00,0.00,0.00,0.00,0.00,0.00,0,,9.0,660.0,402500.0
2025-10-11T16:19:09.789644,387.715,0.00,0.00,0.00,0.00,0.00,0.00,0.00,0,,9.0,660.0,345000.0
2025-10-11T16:19:09.792722,387.718,0.00,0.00,0.00,0.00,0.00,0.00,0.00,0,,9.0,660.0,345000.0
2025-10-11T16:19:10.556537,388.482,0.00,0.00,0.00,0.00,0.00,0.00,0.00,0,,8.0,660.0,345000.0
2025-10-11T16:19:10.559635,388.485,0.00,0.00,0.00,0.00,0.00,0.00,0.00,0,,8.0,660.0,345000.0
2025-10-11T16:19:10.563999,388.490,0.00,0.00,0.00,0.00,0.00,0.00,0.00,0,,8.0,550.0,345000.0
2025-10-11T16:19:10.566904,388.493,0.00,0.00,0.00,0.00,0.00,0.00,0.00,0,,8.0,550.0,345000.0
2025-10-11T16:19:10.570549,388.496,0.00,0.00,0.00,0.00,0.00,0.00,0.00,0,,8.0,550.0,287500.0
2025-10-11T16:19:10.573527,388.499,0.00,0.00,0.00,0.00,0.00,0.00,0.00,0,,8.0,550.0,287500.0
2025-10-11T16:19:11.440085,389.366,0.00,0.00,0.00,0.00,0.00,0.00,0.00,0,,6.0,550.0,287500.0
2025-10-11T16:19:11.442959,389.369,0.00,0.00,0.00,0.00,0.00,0.00,0.00,0,,6.0,550.0,287500.0
2025-10-11T16:19:11.445998,389.372,0.00,0.00,0.00,0.00,0.00,0.00,0.00,0,,6.0,440.0,287500.0
2025-10-11T16:19:11.449324,389.375,0.00,0.00,0.00,0.00,0.00,0.00,0.00,0,,6.0,440.0,287500.0
2025-10-11T16:19:11.452026,389.378,0.00,0.00,0.00,0.00,0.00,0.00,0.00,0,,6.0,440.0,230000.0
2025-10-11T16:19:11.455562,389.381,0.00,0.00,0.00,0.00,0.00,0.00,0.00,0,,6.0,440.0,230000.0
2025-10-11T16:19:13.424657,391.350,0.00,0.00,0.00,0.00,0.00,0.00,0.00,0,,5.0,440.0,230000.0
2025-10-11T16:19:13.427705,391.353,0.00,0.00,0.00,0.00,0.00,0.00,0.00,0,,5.0,440.0,230000.0
2025-10-11T16:19:13.431473,391.357,0.00,0.00,0.00,0.00,0.00,0.00,0.00,0,,5.0,330.0,230000.0
2025-10-11T16:19:13.434540,391.360,0.00,0.00,0.00,0.00,0.00,0.00,0.00,0,,5.0,330.0,230000.0
2025-10-11T16:19:13.437878,391.364,0.00,0.00,0.00,0.00,0.00,0.00,0.00,0,,5.0,330.0,172500.0
2025-10-11T16:19:13.440958,391.367,0.00,0.00,0.00,0.00,0.00,0.00,0.00,0,,5.0,330.0,172500.0
2025-10-11T16:19:14.411679,392.337,0.00,0.00,0.00,0.00,0.00,0.00,0.00,0,,3.0,330.0,172500.0
2025-10-11T16:19:14.414865,392.341,0.00,0.00,0.00,0.00,0.00,0.00,0.00,0,,3.0,330.0,172500.0
2025-10-11T16:19:14.420304,392.346,0.00,0.00,0.00,0.00,0.00,0.00,0.00,0,,3.0,220.0,172500.0
2025-10-11T16:19:14.423592,392.349,0.00,0.00,0.00,0.00,0.00,0.00,0.00,0,,3.0,220.0,172500.0
2025-10-11T16:19:14.427328,392.353,0.00,0.00,0.00,0.00,0.00,0.00,0.00,0,,3.0,220.0,115000.0
2025-10-11T16:19:14.430834,392.356,0.00,0.00,0.00,0.00,0.00,0.00,0.00,0,,3.0,220.0,115000.0
2025-10-11T16:19:15.390605,393.316,0.00,0.00,0.00,0.00,0.00,0.00,0.00,0,,2.0,220.0,115000.0
2025-10-11T16:19:15.410350,393.336,0.00,0.00,0.00,0.00,0.00,0.00,0.00,0,,2.0,220.0,115000.0
2025-10-11T16:19:15.413609,393.339,0.00,0.00,0.00,0.00,0.00,0.00,0.00,0,,2.0,110.0,115000.0
2025-10-11T16:19:15.417119,393.343,0.00,0.00,0.00,0.00,0.00,0.00,0.00,0,,2.0,110.0,115000.0
2025-10-11T16:19:15.420724,393.346,0.00,0.00,0.00,0.00,0.00,0.00,0.00,0,,2.0,110.0,57500.0
2025-10-11T16:19:15.424292,393.350,0.00,0.00,0.00,0.00,0.00,0.00,0.00,0,,2.0,110.0,57500.0
2025-10-11T16:19:17.057616,394.983,0.00,0.00,0.00,0.00,0.00,0.00,0.00,0,,3.0,110.0,57500.0
2025-10-11T16:19:17.060319,394.986,0.00,0.00,0.00,0.00,0.00,0.00,0.00,0,,3.0,110.0,57500.0
2025-10-11T16:19:17.063714,394.989,0.00,0.00,0.00,0.00,0.00,0.00,0.00,0,,3.0,220.0,57500.0
2025-10-11T16:19:17.067065,394.993,0.00,0.00,0.00,0.00,0.00,0.00,0.00,0,,3.0,220.0,57500.0
2025-10-11T16:19:17.071206,394.997,0.00,0.00,0.00,0.00,0.00,0.00,0.00,0,,3.0,220.0,115000.0
2025-10-11T16:19:17.075294,395.001,0.00,0.00,0.00,0.00,0.00,0.00,0.00,0,,3.0,220.0,115000.0
2025-10-11T16:19:17.942436,395.868,0.00,0.00,0.00,0.00,0.00,0.00,0.00,0,,5.0,220.0,115000.0
2025-10-11T16:19:17.945700,395.871,0.00,0.00,0.00,0.00,0.00,0.00,0.00,0,,5.0,220.0,115000.0
2025-10-11T16:19:17.949493,395.875,0.00,0.00,0.00,0.00,0.00,0.00,0.00,0,,5.0,330.0,115000.0
2025-10-11T16:19:17.952612,395.878,0.00,0.00,0.00,0.00,0.00,0.00,0.00,0,,5.0,330.0,115000.0
2025-10-11T16:19:17.956383,395.882,0.00,0.00,0.00,0.00,0.00,0.00,0.00,0,,5.0,330.0,172500.0
2025-10-11T16:19:17.960328,395.886,0.00,0.00,0.00,0.00,0.00,0.00,0.00,0,,5.0,330.0,172500.0
2025-10-11T16:19:19.715444,397.641,0.00,0.00,0.00,0.00,0.00,0.00,0.00,0,,6.0,330.0,172500.0
2025-10-11T16:19:19.718235,397.644,0.00,0.00,0.00,0.00,0.00,0.00,0.00,0,,6.0,330.0,172500.0
2025-10-11T16:19:19.721404,397.647,0.00,0.00,0.00,0.00,0.00,0.00,0.00,0,,6.0,440.0,172500.0
2025-10-11T16:19:19.725007,397.651,0.00,0.00,0.00,0.00,0.00,0.00,0.00,0,,6.0,440.0,172500.0
2025-10-11T16:19:19.727806,397.653,0.00,0.00,0.00,0.00,0.00,0.00,0.00,0,,6.0,440.0,230000.0
2025-10-11T16:19:19.732164,397.658,0.00,0.00,0.00,0.00,0.00,0.00,0.00,0,,6.0,440.0,230000.0
2025-10-11T16:19:20.597150,398.523,0.00,0.00,0.00,0.00,0.00,0.00,0.00,0,,8.0,440.0,230000.0
2025-10-11T16:19:20.600548,398.526,0.00,0.00,0.00,0.00,0.00,0.00,0.00,0,,8.0,440.0,230000.0
2025-10-11T16:19:20.603965,398.530,0.00,0.00,0.00,0.00,0.00,0.00,0.00,0,,8.0,550.0,230000.0
2025-10-11T16:19:20.606739,398.532,0.00,0.00,0.00,0.00,0.00,0.00,0.00,0,,8.0,550.0,230000.0
2025-10-11T16:19:20.610436,398.536,0.00,0.00,0.00,0.00,0.00,0.00,0.00,0,,8.0,550.0,287500.0
2025-10-11T16:19:20.613545,398.539,0.00,0.00,0.00,0.00,0.00,0.00,0.00,0,,8.0,550.0,287500.0
2025-10-11T16:19:21.574792,399.500,0.00,0.00,0.00,0.00,0.00,0.00,0.00,0,,9.0,550.0,287500.0
2025-10-11T16:19:21.577767,399.503,0.00,0.00,0.00,0.00,0.00,0.00,0.00,0,,9.0,550.0,287500.0
2025-10-11T16:19:21.581570,399.507,0.00,0.00,0.00,0.00,0.00,0.00,0.00,0,,9.0,660.0,287500.0
2025-10-11T16:19:21.584588,399.510,0.00,0.00,0.00,0.00,0.00,0.00,0.00,0,,9.0,660.0,287500.0
2025-10-11T16:19:22.575337,400.501,0.00,0.00,0.00,0.00,0.00,0.00,0.00,0,,9.0,660.0,345000.0
2025-10-11T16:19:22.578940,400.505,0.00,0.00,0.00,0.00,0.00,0.00,0.00,0,,9.0,660.0,345000.0
2025-10-11T16:19:23.569894,401.496,0.00,0.00,0.00,0.00,0.00,0.00,0.00,0,,10.0,660.0,345000.0
2025-10-11T16:19:23.573937,401.500,0.00,0.00,0.00,0.00,0.00,0.00,0.00,0,,10.0,660.0,345000.0
2025-10-11T16:19:23.578892,401.505,0.00,0.00,0.00,0.00,0.00,0.00,0.00,0,,10.0,770.0,345000.0
2025-10-11T16:19:23.583149,401.509,0.00,0.00,0.00,0.00,0.00,0.00,0.00,0,,10.0,770.0,345000.0
2025-10-11T16:19:23.587271,401.513,0.00,0.00,0.00,0.00,0.00,0.00,0.00,0,,10.0,770.0,402500.0
2025-10-11T16:19:23.591992,401.518,0.00,0.00,0.00,0.00,0.00,0.00,0.00,0,,10.0,770.0,402500.0
2025-10-11T16:19:24.212730,402.138,0.00,0.00,0.00,0.00,0.00,0.00,0.00,0,,12.0,770.0,402500.0
2025-10-11T16:19:24.215667,402.141,0.00,0.00,0.00,0.00,0.00,0.00,0.00,0,,12.0,770.0,402500.0
2025-10-11T16:19:24.219562,402.145,0.00,0.00,0.00,0.00,0.00,0.00,0.00,0,,12.0,880.0,402500.0
2025-10-11T16:19:24.223075,402.149,0.00,0.00,0.00,0.00,0.00,0.00,0.00,0,,12.0,880.0,402500.0
2025-10-11T16:19:24.226878,402.153,0.00,0.00,0.00,0.00,0.00,0.00,0.00,0,,12.0,880.0,460000.0
2025-10-11T16:19:24.230655,402.156,0.00,0.00,0.00,0.00,0.00,0.00,0.00,0,,12.0,880.0,460000.0
2025-10-11T16:19:25.425153,403.351,0.00,0.00,0.00,0.00,0.00,0.00,0.00,0,,13.0,880.0,460000.0
2025-10-11T16:19:25.427673,403.353,0.00,0.00,0.00,0.00,0.00,0.00,0.00,0,,13.0,880.0,460000.0
2025-10-11T16:19:25.430216,403.356,0.00,0.00,0.00,0.00,0.00,0.00,0.00,0,,13.0,990.0,460000.0
2025-10-11T16:19:25.433774,403.359,0.00,0.00,0.00,0.00,0.00,0.00,0.00,0,,13.0,990.0,460000.0
2025-10-11T16:19:25.437714,403.363,0.00,0.00,0.00,0.00,0.00,0.00,0.00,0,,13.0,990.0,517500.0
2025-10-11T16:19:25.441118,403.367,0.00,0.00,0.00,0.00,0.00,0.00,0.00,0,,13.0,990.0,517500.0
2025-10-11T16:19:26.737405,404.663,0.00,0.00,0.00,0.00,0.00,0.00,0.00,0,,12.0,990.0,517500.0
2025-10-11T16:19:26.740034,404.666,0.00,0.00,0.00,0.00,0.00,0.00,0.00,0,,12.0,990.0,517500.0
2025-10-11T16:19:26.744682,404.670,0.00,0.00,0.00,0.00,0.00,0.00,0.00,0,,12.0,880.0,517500.0
2025-10-11T16:19:26.747870,404.674,0.00,0.00,0.00,0.00,0.00,0.00,0.00,0,,12.0,880.0,517500.0
2025-10-11T16:19:26.751416,404.677,0.00,0.00,0.00,0.00,0.00,0.00,0.00,0,,12.0,880.0,460000.0
2025-10-11T16:19:26.754370,404.680,0.00,0.00,0.00,0.00,0.00,0.00,0.00,0,,12.0,880.0,460000.0
2025-10-11T16:19:28.169105,406.095,0.00,0.00,0.00,0.00,0.00,0.00,0.00,0,,10.0,880.0,460000.0
2025-10-11T16:19:28.171641,406.097,0.00,0.00,0.00,0.00,0.00,0.00,0.00,0,,10.0,880.0,460000.0
2025-10-11T16:19:28.174566,406.100,0.00,0.00,0.00,0.00,0.00,0.00,0.00,0,,10.0,770.0,460000.0
2025-10-11T16:19:28.178547,406.104,0.00,0.00,0.00,0.00,0.00,0.00,0.00,0,,10.0,770.0,460000.0
2025-10-11T16:19:28.182188,406.108,0.00,0.00,0.00,0.00,0.00,0.00,0.00,0,,10.0,770.0,402500.0
2025-10-11T16:19:28.185429,406.111,0.00,0.00,0.00,0.00,0.00,0.00,0.00,0,,10.0,770.0,402500.0
2025-10-11T16:19:29.375480,407.301,0.00,0.00,0.00,0.00,0.00,0.00,0.00,0,,9.0,770.0,402500.0
2025-10-11T16:19:29.378125,407.304,0.00,0.00,0.00,0.00,0.00,0.00,0.00,0,,9.0,770.0,402500.0
2025-10-11T16:19:29.380369,407.306,0.00,0.00,0.00,0.00,0.00,0.00,0.00,0,,9.0,660.0,402500.0
2025-10-11T16:19:29.383731,407.309,0.00,0.00,0.00,0.00,0.00,0.00,0.00,0,,9.0,660.0,402500.0
2025-10-11T16:19:29.386426,407.312,0.00,0.00,0.00,0.00,0.00,0.00,0.00,0,,9.0,660.0,345000.0
2025-10-11T16:19:29.389340,407.315,0.00,0.00,0.00,0.00,0.00,0.00,0.00,0,,9.0,660.0,345000.0
2025-10-11T16:19:30.358755,408.284,0.00,0.00,0.00,0.00,0.00,0.00,0.00,0,,8.0,660.0,345000.0
2025-10-11T16:19:30.361226,408.287,0.00,0.00,0.00,0.00,0.00,0.00,0.00,0,,8.0,660.0,345000.0
2025-10-11T16:19:30.898257,408.824,0.00,0.00,0.00,0.00,0.00,0.00,0.00,0,,8.0,550.0,345000.0
2025-10-11T16:19:30.900867,408.827,0.00,0.00,0.00,0.00,0.00,0.00,0.00,0,,8.0,550.0,345000.0
2025-10-11T16:19:30.903453,408.829,0.00,0.00,0.00,0.00,0.00,0.00,0.00,0,,8.0,550.0,287500.0
2025-10-11T16:19:30.906389,408.832,0.00,0.00,0.00,0.00,0.00,0.00,0.00,0,,8.0,550.0,287500.0
2025-10-11T16:19:32.111782,410.037,0.00,0.00,0.00,0.00,0.00,0.00,0.00,0,,6.0,550.0,287500.0
2025-10-11T16:19:32.114406,410.040,0.00,0.00,0.00,0.00,0.00,0.00,0.00,0,,6.0,550.0,287500.0
2025-10-11T16:19:32.117101,410.043,0.00,0.00,0.00,0.00,0.00,0.00,0.00,0,,6.0,440.0,287500.0
2025-10-11T16:19:32.120759,410.046,0.00,0.00,0.00,0.00,0.00,0.00,0.00,0,,6.0,440.0,287500.0
2025-10-11T16:19:32.124291,410.050,0.00,0.00,0.00,0.00,0.00,0.00,0.00,0,,6.0,440.0,230000.0
2025-10-11T16:19:32.127811,410.053,0.00,0.00,0.00,0.00,0.00,0.00,0.00,0,,6.0,440.0,230000.0
2025-10-11T16:19:33.426532,411.352,0.00,0.00,0.00,0.00,0.00,0.00,0.00,0,,5.0,440.0,230000.0
2025-10-11T16:19:33.429181,411.355,0.00,0.00,0.00,0.00,0.00,0.00,0.00,0,,5.0,440.0,230000.0
2025-10-11T16:19:33.432026,411.358,0.00,0.00,0.00,0.00,0.00,0.00,0.00,0,,5.0,330.0,230000.0
2025-10-11T16:19:33.435742,411.361,0.00,0.00,0.00,0.00,0.00,0.00,0.00,0,,5.0,330.0,230000.0
2025-10-11T16:19:33.438890,411.365,0.00,0.00,0.00,0.00,0.00,0.00,0.00,0,,5.0,330.0,172500.0
2025-10-11T16:19:33.441678,411.367,0.00,0.00,0.00,0.00,0.00,0.00,0.00,0,,5.0,330.0,172500.0
2025-10-11T16:19:35.169704,413.095,0.00,0.00,0.00,0.00,0.00,0.00,0.00,0,,3.0,330.0,172500.0
2025-10-11T16:19:35.172111,413.098,0.00,0.00,0.00,0.00,0.00,0.00,0.00,0,,3.0,330.0,172500.0
2025-10-11T16:19:35.175014,413.101,0.00,0.00,0.00,0.00,0.00,0.00,0.00,0,,3.0,220.0,172500.0
2025-10-11T16:19:35.179518,413.105,0.00,0.00,0.00,0.00,0.00,0.00,0.00,0,,3.0,220.0,172500.0
2025-10-11T16:19:35.240969,413.167,0.00,0.00,0.00,0.00,0.00,0.00,0.00,0,,3.0,220.0,115000.0
2025-10-11T16:19:35.244762,413.170,0.00,0.00,0.00,0.00,0.00,0.00,0.00,0,,3.0,220.0,115000.0
2025-10-11T16:19:36.276389,414.202,0.00,0.00,0.00,0.00,0.00,0.00,0.00,0,,2.0,220.0,115000.0
2025-10-11T16:19:36.279222,414.205,0.00,0.00,0.00,0.00,0.00,0.00,0.00,0,,2.0,220.0,115000.0
2025-10-11T16:19:36.283542,414.209,0.00,0.00,0.00,0.00,0.00,0.00,0.00,0,,2.0,110.0,115000.0
2025-10-11T16:19:36.287130,414.213,0.00,0.00,0.00,0.00,0.00,0.00,0.00,0,,2.0,110.0,115000.0
2025-10-11T16:19:36.290857,414.217,0.00,0.00,0.00,0.00,0.00,0.00,0.00,0,,2.0,110.0,57500.0
2025-10-11T16:19:36.294291,414.220,0.00,0.00,0.00,0.00,0.00,0.00,0.00,0,,2.0,110.0,57500.0
2025-10-11T16:19:37.278688,415.204,0.00,0.00,0.00,0.00,0.00,0.00,0.00,0,,3.0,110.0,57500.0
2025-10-11T16:19:37.281679,415.207,0.00,0.00,0.00,0.00,0.00,0.00,0.00,0,,3.0,110.0,57500.0
2025-10-11T16:19:37.285436,415.211,0.00,0.00,0.00,0.00,0.00,0.00,0.00,0,,3.0,220.0,57500.0
2025-10-11T16:19:37.288308,415.214,0.00,0.00,0.00,0.00,0.00,0.00,0.00,0,,3.0,220.0,57500.0
2025-10-11T16:19:37.291192,415.217,0.00,0.00,0.00,0.00,0.00,0.00,0.00,0,,3.0,220.0,115000.0
2025-10-11T16:19:37.295643,415.221,0.00,0.00,0.00,0.00,0.00,0.00,0.00,0,,3.0,220.0,115000.0
2025-10-11T16:19:39.264274,417.190,0.00,0.00,0.00,0.00,0.00,0.00,0.00,0,,5.0,220.0,115000.0
2025-10-11T16:19:39.267691,417.193,0.00,0.00,0.00,0.00,0.00,0.00,0.00,0,,5.0,220.0,115000.0
2025-10-11T16:19:39.271790,417.197,0.00,0.00,0.00,0.00,0.00,0.00,0.00,0,,5.0,330.0,115000.0
2025-10-11T16:19:39.276341,417.202,0.00,0.00,0.00,0.00,0.00,0.00,0.00,0,,5.0,330.0,115000.0
2025-10-11T16:19:39.280990,417.207,0.00,0.00,0.00,0.00,0.00,0.00,0.00,0,,5.0,330.0,172500.0
2025-10-11T16:19:39.285901,417.212,0.00,0.00,0.00,0.00,0.00,0.00,0.00,0,,5.0,330.0,172500.0
2025-10-11T16:19:40.378868,418.305,0.00,0.00,0.00,0.00,0.00,0.00,0.00,0,,6.0,330.0,172500.0
2025-10-11T16:19:40.382187,418.308,0.00,0.00,0.00,0.00,0.00,0.00,0.00,0,,6.0,330.0,172500.0
2025-10-11T16:19:40.385591,418.311,0.00,0.00,0.00,0.00,0.00,0.00,0.00,0,,6.0,440.0,172500.0
2025-10-11T16:19:40.388872,418.315,0.00,0.00,0.00,0.00,0.00,0.00,0.00,0,,6.0,440.0,172500.0
2025-10-11T16:19:40.394889,418.321,0.00,0.00,0.00,0.00,0.00,0.00,0.00,0,,6.0,440.0,230000.0
2025-10-11T16:19:40.400602,418.326,0.00,0.00,0.00,0.00,0.00,0.00,0.00,0,,6.0,440.0,230000.0
2025-10-11T16:19:41.580618,419.506,0.00,0.00,0.00,0.00,0.00,0.00,0.00,0,,8.0,440.0,230000.0
2025-10-11T16:19:41.583996,419.510,0.00,0.00,0.00,0.00,0.00,0.00,0.00,0,,8.0,440.0,230000.0
2025-10-11T16:19:41.587526,419.513,0.00,0.00,0.00,0.00,0.00,0.00,0.00,0,,8.0,550.0,230000.0
2025-10-11T16:19:41.590877,419.517,0.00,0.00,0.00,0.00,0.00,0.00,0.00,0,,8.0,550.0,230000.0
2025-10-11T16:19:41.594649,419.520,0.00,0.00,0.00,0.00,0.00,0.00,0.00,0,,8.0,550.0,287500.0
2025-10-11T16:19:41.597705,419.523,0.00,0.00,0.00,0.00,0.00,0.00,0.00,0,,8.0,550.0,287500.0
2025-10-11T16:19:42.675208,420.601,0.00,0.00,0.00,0.00,0.00,0.00,0.00,0,,9.0,550.0,287500.0
2025-10-11T16:19:42.678471,420.604,0.00,0.00,0.00,0.00,0.00,0.00,0.00,0,,9.0,550.0,287500.0
2025-10-11T16:19:42.682742,420.608,0.00,0.00,0.00,0.00,0.00,0.00,0.00,0,,9.0,660.0,287500.0
2025-10-11T16:19:42.686519,420.612,0.00,0.00,0.00,0.00,0.00,0.00,0.00,0,,9.0,660.0,287500.0
2025-10-11T16:19:42.690351,420.616,0.00,0.00,0.00,0.00,0.00,0.00,0.00,0,,9.0,660.0,345000.0
2025-10-11T16:19:42.694297,420.620,0.00,0.00,0.00,0.00,0.00,0.00,0.00,0,,9.0,660.0,345000.0
2025-10-11T16:19:43.540805,421.466,0.00,0.00,0.00,0.00,0.00,0.00,0.00,0,,10.0,660.0,345000.0
2025-10-11T16:19:43.543944,421.470,0.00,0.00,0.00,0.00,0.00,0.00,0.00,0,,10.0,660.0,345000.0
2025-10-11T16:19:44.415862,422.342,0.00,0.00,0.00,0.00,0.00,0.00,0.00,0,,10.0,770.0,345000.0
2025-10-11T16:19:44.419274,422.345,0.00,0.00,0.00,0.00,0.00,0.00,0.00,0,,10.0,770.0,345000.0
2025-10-11T16:19:44.423505,422.349,0.00,0.00,0.00,0.00,0.00,0.00,0.00,0,,10.0,770.0,402500.0
2025-10-11T16:19:44.427556,422.353,0.00,0.00,0.00,0.00,0.00,0.00,0.00,0,,10.0,770.0,402500.0
2025-10-11T16:19:45.297261,423.223,0.00,0.00,0.00,0.00,0.00,0.00,0.00,0,,12.0,770.0,402500.0
2025-10-11T16:19:45.300371,423.226,0.00,0.00,0.00,0.00,0.00,0.00,0.00,0,,12.0,770.0,402500.0
2025-10-11T16:19:45.304771,423.230,0.00,0.00,0.00,0.00,0.00,0.00,0.00,0,,12.0,880.0,402500.0
2025-10-11T16:19:45.307751,423.233,0.00,0.00,0.00,0.00,0.00,0.00,0.00,0,,12.0,880.0,402500.0
2025-10-11T16:19:45.313069,423.239,0.00,0.00,0.00,0.00,0.00,0.00,0.00,0,,12.0,880.0,460000.0
2025-10-11T16:19:45.316806,423.242,0.00,0.00,0.00,0.00,0.00,0.00,0.00,0,,12.0,880.0,460000.0
2025-10-11T16:19:46.181584,424.107,0.00,0.00,0.00,0.00,0.00,0.00,0.00,0,,13.0,880.0,460000.0
2025-10-11T16:19:46.185165,424.111,0.00,0.00,0.00,0.00,0.00,0.00,0.00,0,,13.0,880.0,460000.0
2025-10-11T16:19:47.062187,424.988,0.00,0.00,0.00,0.00,0.00,0.00,0.00,0,,13.0,990.0,460000.0
2025-10-11T16:19:47.065211,424.991,0.00,0.00,0.00,0.00,0.00,0.00,0.00,0,,13.0,990.0,460000.0
2025-10-11T16:19:47.069400,424.995,0.00,0.00,0.00,0.00,0.00,0.00,0.00,0,,13.0,990.0,517500.0
2025-10-11T16:19:47.072352,424.998,0.00,0.00,0.00,0.00,0.00,0.00,0.00,0,,13.0,990.0,517500.0
2025-10-11T16:19:48.043060,425.969,0.00,0.00,0.00,0.00,0.00,0.00,0.00,0,,12.0,990.0,517500.0
2025-10-11T16:19:48.045928,425.972,0.00,0.00,0.00,0.00,0.00,0.00,0.00,0,,12.0,990.0,517500.0
2025-10-11T16:19:48.049766,425.975,0.00,0.00,0.00,0.00,0.00,0.00,0.00,0,,12.0,880.0,517500.0
2025-10-11T16:19:48.053007,425.979,0.00,0.00,0.00,0.00,0.00,0.00,0.00,0,,12.0,880.0,517500.0
2025-10-11T16:19:48.056418,425.982,0.00,0.00,0.00,0.00,0.00,0.00,0.00,0,,12.0,880.0,460000.0
2025-10-11T16:19:48.061088,425.987,0.00,0.00,0.00,0.00,0.00,0.00,0.00,0,,12.0,880.0,460000.0
2025-10-11T16:19:48.921698,426.847,0.00,0.00,0.00,0.00,0.00,0.00,0.00,0,,10.0,880.0,460000.0
2025-10-11T16:19:48.924520,426.850,0.00,0.00,0.00,0.00,0.00,0.00,0.00,0,,10.0,880.0,460000.0
2025-10-11T16:19:48.928429,426.854,0.00,0.00,0.00,0.00,0.00,0.00,0.00,0,,10.0,770.0,460000.0
2025-10-11T16:19:48.931223,426.857,0.00,0.00,0.00,0.00,0.00,0.00,0.00,0,,10.0,770.0,460000.0
2025-10-11T16:19:49.807762,427.733,0.00,0.00,0.00,0.00,0.00,0.00,0.00,0,,10.0,770.0,402500.0
2025-10-11T16:19:49.811240,427.737,0.00,0.00,0.00,0.00,0.00,0.00,0.00,0,,10.0,770.0,402500.0
2025-10-11T16:19:50.685113,428.611,0.00,0.00,0.00,0.00,0.00,0.00,0.00,0,,9.0,770.0,402500.0
2025-10-11T16:19:50.687692,428.613,0.00,0.00,0.00,0.00,0.00,0.00,0.00,0,,9.0,770.0,402500.0
2025-10-11T16:19:50.690581,428.616,0.00,0.00,0.00,0.00,0.00,0.00,0.00,0,,9.0,660.0,402500.0
2025-10-11T16:19:50.694656,428.620,0.00,0.00,0.00,0.00,0.00,0.00,0.00,0,,9.0,660.0,402500.0
2025-10-11T16:19:50.697122,428.623,0.00,0.00,0.00,0.00,0.00,0.00,0.00,0,,9.0,660.0,345000.0
2025-10-11T16:19:50.700268,428.626,0.00,0.00,0.00,0.00,0.00,0.00,0.00,0,,9.0,660.0,345000.0
2025-10-11T16:19:51.555608,429.481,0.00,0.00,0.00,0.00,0.00,0.00,0.00,0,,8.0,660.0,345000.0
2025-10-11T16:19:51.559022,429.485,0.00,0.00,0.00,0.00,0.00,0.00,0.00,0,,8.0,660.0,345000.0
2025-10-11T16:19:51.562472,429.488,0.00,0.00,0.00,0.00,0.00,0.00,0.00,0,,8.0,550.0,345000.0
2025-10-11T16:19:51.565290,429.491,0.00,0.00,0.00,0.00,0.00,0.00,0.00,0,,8.0,550.0,345000.0
2025-10-11T16:19:51.568916,429.495,0.00,0.00,0.00,0.00,0.00,0.00,0.00,0,,8.0,550.0,287500.0
2025-10-11T16:19:51.572368,429.498,0.00,0.00,0.00,0.00,0.00,0.00,0.00,0,,8.0,550.0,287500.0
2025-10-11T16:19:53.314634,431.240,0.00,0.00,0.00,0.00,0.00,0.00,0.00,0,,6.0,550.0,287500.0
2025-10-11T16:19:53.317418,431.243,0.00,0.00,0.00,0.00,0.00,0.00,0.00,0,,6.0,550.0,287500.0
2025-10-11T16:19:53.319984,431.246,0.00,0.00,0.00,0.00,0.00,0.00,0.00,0,,6.0,440.0,287500.0
2025-10-11T16:19:53.323428,431.249,0.00,0.00,0.00,0.00,0.00,0.00,0.00,0,,6.0,440.0,287500.0
2025-10-11T16:19:53.327485,431.253,0.00,0.00,0.00,0.00,0.00,0.00,0.00,0,,6.0,440.0,230000.0
2025-10-11T16:19:53.331016,431.257,0.00,0.00,0.00,0.00,0.00,0.00,0.00,0,,6.0,440.0,230000.0
2025-10-11T16:19:54.187230,432.113,0.00,0.00,0.00,0.00,0.00,0.00,0.00,0,,5.0,440.0,230000.0
2025-10-11T16:19:54.190370,432.116,0.00,0.00,0.00,0.00,0.00,0.00,0.00,0,,5.0,440.0,230000.0
2025-10-11T16:19:54.194016,432.120,0.00,0.00,0.00,0.00,0.00,0.00,0.00,0,,5.0,330.0,230000.0
2025-10-11T16:19:54.196912,432.123,0.00,0.00,0.00,0.00,0.00,0.00,0.00,0,,5.0,330.0,230000.0
2025-10-11T16:19:54.200370,432.126,0.00,0.00,0.00,0.00,0.00,0.00,0.00,0,,5.0,330.0,172500.0
2025-10-11T16:19:54.204240,432.130,0.00,0.00,0.00,0.00,0.00,0.00,0.00,0,,5.0,330.0,172500.0
2025-10-11T16:19:55.164543,433.090,0.00,0.00,0.00,0.00,0.00,0.00,0.00,0,,3.0,330.0,172500.0
2025-10-11T16:19:55.167799,433.093,0.00,0.00,0.00,0.00,0.00,0.00,0.00,0,,3.0,330.0,172500.0
2025-10-11T16:19:56.158815,434.084,0.00,0.00,0.00,0.00,0.00,0.00,0.00,0,,3.0,220.0,172500.0
2025-10-11T16:19:56.161697,434.087,0.00,0.00,0.00,0.00,0.00,0.00,0.00,0,,3.0,220.0,172500.0
2025-10-11T16:19:56.165622,434.091,0.00,0.00,0.00,0.00,0.00,0.00,0.00,0,,3.0,220.0,115000.0
2025-10-11T16:19:56.168672,434.094,0.00,0.00,0.00,0.00,0.00,0.00,0.00,0,,3.0,220.0,115000.0
2025-10-11T16:19:56.722250,434.648,0.00,0.00,0.00,0.00,0.00,0.00,0.00,0,,2.0,220.0,115000.0
2025-10-11T16:19:56.724687,434.650,0.00,0.00,0.00,0.00,0.00,0.00,0.00,0,,2.0,220.0,115000.0
2025-10-11T16:19:56.727373,434.653,0.00,0.00,0.00,0.00,0.00,0.00,0.00,0,,2.0,110.0,115000.0
2025-10-11T16:19:56.731296,434.657,0.00,0.00,0.00,0.00,0.00,0.00,0.00,0,,2.0,110.0,115000.0
2025-10-11T16:19:56.735768,434.661,0.00,0.00,0.00,0.00,0.00,0.00,0.00,0,,2.0,110.0,57500.0
2025-10-11T16:19:56.738988,434.665,0.00,0.00,0.00,0.00,0.00,0.00,0.00,0,,2.0,110.0,57500.0
2025-10-11T16:19:57.708828,435.634,0.00,0.00,0.00,0.00,0.00,0.00,0.00,0,,3.0,110.0,57500.0
2025-10-11T16:19:57.711663,435.637,0.00,0.00,0.00,0.00,0.00,0.00,0.00,0,,3.0,110.0,57500.0
2025-10-11T16:19:58.256042,436.182,0.00,0.00,0.00,0.00,0.00,0.00,0.00,0,,3.0,220.0,57500.0
2025-10-11T16:19:58.258677,436.184,0.00,0.00,0.00,0.00,0.00,0.00,0.00,0,,3.0,220.0,57500.0
2025-10-11T16:19:58.261405,436.187,0.00,0.00,0.00,0.00,0.00,0.00,0.00,0,,3.0,220.0,115000.0
2025-10-11T16:19:58.264541,436.190,0.00,0.00,0.00,0.00,0.00,0.00,0.00,0,,3.0,220.0,115000.0
2025-10-11T16:19:59.158101,437.084,0.00,0.00,0.00,0.00,0.00,0.00,0.00,0,,5.0,220.0,115000.0
2025-10-11T16:19:59.160999,437.087,0.00,0.00,0.00,0.00,0.00,0.00,0.00,0,,5.0,220.0,115000.0
2025-10-11T16:19:59.164027,437.090,0.00,0.00,0.00,0.00,0.00,0.00,0.00,0,,5.0,330.0,115000.0
2025-10-11T16:19:59.167001,437.093,0.00,0.00,0.00,0.00,0.00,0.00,0.00,0,,5.0,330.0,115000.0
2025-10-11T16:19:59.595516,437.521,0.00,0.00,0.00,0.00,0.00,0.00,0.00,0,,5.0,330.0,172500.0
2025-10-11T16:19:59.598164,437.524,0.00,0.00,0.00,0.00,0.00,0.00,0.00,0,,5.0,330.0,172500.0
2025-10-11T16:20:00.459079,438.385,0.00,0.00,0.00,0.00,0.00,0.00,0.00,0,,6.0,330.0,172500.0
2025-10-11T16:20:00.461487,438.387,0.00,0.00,0.00,0.00,0.00,0.00,0.00,0,,6.0,330.0,172500.0
2025-10-11T16:20:00.463805,438.389,0.00,0.00,0.00,0.00,0.00,0.00,0.00,0,,6.0,440.0,172500.0
2025-10-11T16:20:00.467160,438.393,0.00,0.00,0.00,0.00,0.00,0.00,0.00,0,,6.0,440.0,172500.0
2025-10-11T16:20:00.910317,438.836,0.00,0.00,0.00,0.00,0.00,0.00,0.00,0,,6.0,440.0,230000.0
2025-10-11T16:20:00.912707,438.838,0.00,0.00,0.00,0.00,0.00,0.00,0.00,0,,6.0,440.0,230000.0
2025-10-11T16:20:01.890773,439.816,0.00,0.00,0.00,0.00,0.00,0.00,0.00,0,,8.0,440.0,230000.0
2025-10-11T16:20:01.893646,439.819,0.00,0.00,0.00,0.00,0.00,0.00,0.00,0,,8.0,440.0,230000.0
2025-10-11T16:20:01.895933,439.822,0.00,0.00,0.00,0.00,0.00,0.00,0.00,0,,8.0,550.0,230000.0
2025-10-11T16:20:01.899076,439.825,0.00,0.00,0.00,0.00,0.00,0.00,0.00,0,,8.0,550.0,230000.0
2025-10-11T16:20:01.902029,439.828,0.00,0.00,0.00,0.00,0.00,0.00,0.00,0,,8.0,550.0,287500.0
2025-10-11T16:20:01.904820,439.830,0.00,0.00,0.00,0.00,0.00,0.00,0.00,0,,8.0,550.0,287500.0
2025-10-11T16:20:02.991584,440.917,0.00,0.00,0.00,0.00,0.00,0.00,0.00,0,,9.0,550.0,287500.0
2025-10-11T16:20:02.994028,440.920,0.00,0.00,0.00,0.00,0.00,0.00,0.00,0,,9.0,550.0,287500.0
2025-10-11T16:20:02.996330,440.922,0.00,0.00,0.00,0.00,0.00,0.00,0.00,0,,9.0,660.0,287500.0
2025-10-11T16:20:03.000076,440.926,0.00,0.00,0.00,0.00,0.00,0.00,0.00,0,,9.0,660.0,287500.0
2025-10-11T16:20:03.537764,441.463,0.00,0.00,0.00,0.00,0.00,0.00,0.00,0,,9.0,660.0,345000.0
2025-10-11T16:20:03.540023,441.466,0.00,0.00,0.00,0.00,0.00,0.00,0.00,0,,9.0,660.0,345000.0
2025-10-11T16:20:04.521698,442.447,0.00,0.00,0.00,0.00,0.00,0.00,0.00,0,,10.0,660.0,345000.0
2025-10-11T16:20:04.524819,442.450,0.00,0.00,0.00,0.00,0.00,0.00,0.00,0,,10.0,660.0,345000.0
2025-10-11T16:20:04.528638,442.454,0.00,0.00,0.00,0.00,0.00,0.00,0.00,0,,10.0,770.0,345000.0
2025-10-11T16:20:04.531655,442.457,0.00,0.00,0.00,0.00,0.00,0.00,0.00,0,,10.0,770.0,345000.0
2025-10-11T16:20:04.534649,442.460,0.00,0.00,0.00,0.00,0.00,0.00,0.00,0,,10.0,770.0,402500.0
2025-10-11T16:20:04.537845,442.464,0.00,0.00,0.00,0.00,0.00,0.00,0.00,0,,10.0,770.0,402500.0
2025-10-11T16:20:05.510384,443.436,0.00,0.00,0.00,0.00,0.00,0.00,0.00,0,,12.0,770.0,402500.0
2025-10-11T16:20:05.512553,443.438,0.00,0.00,0.00,0.00,0.00,0.00,0.00,0,,12.0,770.0,402500.0
2025-10-11T16:20:05.964403,443.890,0.00,0.00,0.00,0.00,0.00,0.00,0.00,0,,12.0,880.0,402500.0
2025-10-11T16:20:05.966684,443.892,0.00,0.00,0.00,0.00,0.00,0.00,0.00,0,,12.0,880.0,402500.0
2025-10-11T16:20:05.968964,443.895,0.00,0.00,0.00,0.00,0.00,0.00,0.00,0,,12.0,880.0,460000.0
2025-10-11T16:20:05.971919,443.898,0.00,0.00,0.00,0.00,0.00,0.00,0.00,0,,12.0,880.0,460000.0
2025-10-11T16:20:06.958864,444.885,0.00,0.00,0.00,0.00,0.00,0.00,0.00,0,,13.0,880.0,460000.0
2025-10-11T16:20:06.961658,444.887,0.00,0.00,0.00,0.00,0.00,0.00,0.00,0,,13.0,880.0,460000.0
2025-10-11T16:20:06.965493,444.891,0.00,0.00,0.00,0.00,0.00,0.00,0.00,0,,13.0,990.0,460000.0
2025-10-11T16:20:06.968086,444.894,0.00,0.00,0.00,0.00,0.00,0.00,0.00,0,,13.0,990.0,460000.0
2025-10-11T16:20:07.520634,445.446,0.00,0.00,0.00,0.00,0.00,0.00,0.00,0,,13.0,990.0,517500.0
2025-10-11T16:20:07.523083,445.449,0.00,0.00,0.00,0.00,0.00,0.00,0.00,0,,13.0,990.0,517500.0
2025-10-11T16:20:08.499980,446.426,0.00,0.00,0.00,0.00,0.00,0.00,0.00,0,,12.0,990.0,517500.0
2025-10-11T16:20:08.502734,446.428,0.00,0.00,0.00,0.00,0.00,0.00,0.00,0,,12.0,990.0,517500.0
2025-10-11T16:20:08.506274,446.432,0.00,0.00,0.00,0.00,0.00,0.00,0.00,0,,12.0,880.0,517500.0
2025-10-11T16:20:08.508983,446.435,0.00,0.00,0.00,0.00,0.00,0.00,0.00,0,,12.0,880.0,517500.0
2025-10-11T16:20:08.512087,446.438,0.00,0.00,0.00,0.00,0.00,0.00,0.00,0,,12.0,880.0,460000.0
2025-10-11T16:20:08.515553,446.441,0.00,0.00,0.00,0.00,0.00,0.00,0.00,0,,12.0,880.0,460000.0
2025-10-11T16:20:09.594420,447.520,0.00,0.00,0.00,0.00,0.00,0.00,0.00,0,,10.0,880.0,460000.0
2025-10-11T16:20:09.598310,447.524,0.00,0.00,0.00,0.00,0.00,0.00,0.00,0,,10.0,880.0,460000.0
2025-10-11T16:20:09.601967,447.528,0.00,0.00,0.00,0.00,0.00,0.00,0.00,0,,10.0,770.0,460000.0
2025-10-11T16:20:09.605770,447.531,0.00,0.00,0.00,0.00,0.00,0.00,0.00,0,,10.0,770.0,460000.0
2025-10-11T16:20:09.608897,447.535,0.00,0.00,0.00,0.00,0.00,0.00,0.00,0,,10.0,770.0,402500.0
2025-10-11T16:20:09.613931,447.540,0.00,0.00,0.00,0.00,0.00,0.00,0.00,0,,10.0,770.0,402500.0
2025-10-11T16:20:10.693955,448.620,0.00,0.00,0.00,0.00,0.00,0.00,0.00,0,,9.0,770.0,402500.0
2025-10-11T16:20:10.696461,448.622,0.00,0.00,0.00,0.00,0.00,0.00,0.00,0,,9.0,770.0,402500.0
2025-10-11T16:20:11.237833,449.163,0.00,0.00,0.00,0.00,0.00,0.00,0.00,0,,9.0,660.0,402500.0
2025-10-11T16:20:11.240463,449.166,0.00,0.00,0.00,0.00,0.00,0.00,0.00,0,,9.0,660.0,402500.0
2025-10-11T16:20:11.243170,449.169,0.00,0.00,0.00,0.00,0.00,0.00,0.00,0,,9.0,660.0,345000.0
2025-10-11T16:20:11.246461,449.172,0.00,0.00,0.00,0.00,0.00,0.00,0.00,0,,9.0,660.0,345000.0
2025-10-11T16:20:12.220334,450.146,0.00,0.00,0.00,0.00,0.00,0.00,0.00,0,,8.0,660.0,345000.0
2025-10-11T16:20:12.223237,450.149,0.00,0.00,0.00,0.00,0.00,0.00,0.00,0,,8.0,660.0,345000.0
2025-10-11T16:20:12.226186,450.152,0.00,0.00,0.00,0.00,0.00,0.00,0.00,0,,8.0,550.0,345000.0
2025-10-11T16:20:12.230654,450.156,0.00,0.00,0.00,0.00,0.00,0.00,0.00,0,,8.0,550.0,345000.0
2025-10-11T16:20:12.233922,450.160,0.00,0.00,0.00,0.00,0.00,0.00,0.00,0,,8.0,550.0,287500.0
2025-10-11T16:20:12.237366,450.163,0.00,0.00,0.00,0.00,0.00,0.00,0.00,0,,8.0,550.0,287500.0
2025-10-11T16:20:13.306286,451.232,0.00,0.00,0.00,0.00,0.00,0.00,0.00,0,,6.0,550.0,287500.0
2025-10-11T16:20:13.309108,451.235,0.00,0.00,0.00,0.00,0.00,0.00,0.00,0,,6.0,550.0,287500.0
2025-10-11T16:20:13.855923,451.782,0.00,0.00,0.00,0.00,0.00,0.00,0.00,0,,6.0,440.0,287500.0
2025-10-11T16:20:13.858436,451.784,0.00,0.00,0.00,0.00,0.00,0.00,0.00,0,,6.0,440.0,287500.0
2025-10-11T16:20:13.860609,451.786,0.00,0.00,0.00,0.00,0.00,0.00,0.00,0,,6.0,440.0,230000.0
2025-10-11T16:20:13.864805,451.790,0.00,0.00,0.00,0.00,0.00,0.00,0.00,0,,6.0,440.0,230000.0
2025-10-11T16:20:14.944392,452.870,0.00,0.00,0.00,0.00,0.00,0.00,0.00,0,,5.0,440.0,230000.0
2025-10-11T16:20:14.946818,452.872,0.00,0.00,0.00,0.00,0.00,0.00,0.00,0,,5.0,440.0,230000.0
2025-10-11T16:20:14.949268,452.875,0.00,0.00,0.00,0.00,0.00,0.00,0.00,0,,5.0,330.0,230000.0
2025-10-11T16:20:14.952370,452.878,0.00,0.00,0.00,0.00,0.00,0.00,0.00,0,,5.0,330.0,230000.0
2025-10-11T16:20:14.955056,452.881,0.00,0.00,0.00,0.00,0.00,0.00,0.00,0,,5.0,330.0,172500.0
2025-10-11T16:20:14.958050,452.884,0.00,0.00,0.00,0.00,0.00,0.00,0.00,0,,5.0,330.0,172500.0
2025-10-11T16:20:15.940835,453.866,0.00,0.00,0.00,0.00,0.00,0.00,0.00,0,,3.0,330.0,172500.0
2025-10-11T16:20:15.943684,453.869,0.00,0.00,0.00,0.00,0.00,0.00,0.00,0,,3.0,330.0,172500.0
2025-10-11T16:20:15.947484,453.873,0.00,0.00,0.00,0.00,0.00,0.00,0.00,0,,3.0,220.0,172500.0
2025-10-11T16:20:15.950205,453.876,0.00,0.00,0.00,0.00,0.00,0.00,0.00,0,,3.0,220.0,172500.0
2025-10-11T16:20:16.489248,454.415,0.00,0.00,0.00,0.00,0.00,0.00,0.00,0,,3.0,220.0,115000.0
2025-10-11T16:20:16.492041,454.418,0.00,0.00,0.00,0.00,0.00,0.00,0.00,0,,3.0,220.0,115000.0
2025-10-11T16:20:17.358128,455.284,0.00,0.00,0.00,0.00,0.00,0.00,0.00,0,,2.0,220.0,115000.0
2025-10-11T16:20:17.361288,455.287,0.00,0.00,0.00,0.00,0.00,0.00,0.00,0,,2.0,220.0,115000.0
2025-10-11T16:20:17.364468,455.290,0.00,0.00,0.00,0.00,0.00,0.00,0.00,0,,2.0,110.0,115000.0
2025-10-11T16:20:17.368222,455.294,0.00,0.00,0.00,0.00,0.00,0.00,0.00,0,,2.0,110.0,115000.0
2025-10-11T16:20:17.371378,455.297,0.00,0.00,0.00,0.00,0.00,0.00,0.00,0,,2.0,110.0,57500.0
2025-10-11T16:20:17.374171,455.300,0.00,0.00,0.00,0.00,0.00,0.00,0.00,0,,2.0,110.0,57500.0
2025-10-11T16:20:18.454932,456.381,0.00,0.00,0.00,0.00,0.00,0.00,0.00,0,,3.0,110.0,57500.0
2025-10-11T16:20:18.457613,456.383,0.00,0.00,0.00,0.00,0.00,0.00,0.00,0,,3.0,110.0,57500.0
2025-10-11T16:20:18.461337,456.387,0.00,0.00,0.00,0.00,0.00,0.00,0.00,0,,3.0,220.0,57500.0
2025-10-11T16:20:18.464245,456.390,0.00,0.00,0.00,0.00,0.00,0.00,0.00,0,,3.0,220.0,57500.0
2025-10-11T16:20:18.895913,456.822,0.00,0.00,0.00,0.00,0.00,0.00,0.00,0,,3.0,220.0,115000.0
2025-10-11T16:20:18.898738,456.824,0.00,0.00,0.00,0.00,0.00,0.00,0.00,0,,3.0,220.0,115000.0
2025-10-11T16:20:20.085008,458.011,0.00,0.00,0.00,0.00,0.00,0.00,0.00,0,,5.0,220.0,115000.0
2025-10-11T16:20:20.087463,458.013,0.00,0.00,0.00,0.00,0.00,0.00,0.00,0,,5.0,220.0,115000.0
2025-10-11T16:20:20.090019,458.016,0.00,0.00,0.00,0.00,0.00,0.00,0.00,0,,5.0,330.0,115000.0
2025-10-11T16:20:20.093357,458.019,0.00,0.00,0.00,0.00,0.00,0.00,0.00,0,,5.0,330.0,115000.0
2025-10-11T16:20:20.096096,458.022,0.00,0.00,0.00,0.00,0.00,0.00,0.00,0,,5.0,330.0,172500.0
2025-10-11T16:20:20.099160,458.025,0.00,0.00,0.00,0.00,0.00,0.00,0.00,0,,5.0,330.0,172500.0
2025-10-11T16:20:20.975641,458.901,0.00,0.00,0.00,0.00,0.00,0.00,0.00,0,,6.0,330.0,172500.0
2025-10-11T16:20:20.978209,458.904,0.00,0.00,0.00,0.00,0.00,0.00,0.00,0,,6.0,330.0,172500.0
2025-10-11T16:20:20.980989,458.907,0.00,0.00,0.00,0.00,0.00,0.00,0.00,0,,6.0,440.0,172500.0
2025-10-11T16:20:20.984599,458.910,0.00,0.00,0.00,0.00,0.00,0.00,0.00,0,,6.0,440.0,172500.0
2025-10-11T16:20:21.521985,459.448,0.00,0.00,0.00,0.00,0.00,0.00,0.00,0,,6.0,440.0,230000.0
2025-10-11T16:20:21.524602,459.450,0.00,0.00,0.00,0.00,0.00,0.00,0.00,0,,6.0,440.0,230000.0
2025-10-11T16:20:22.407723,460.333,0.00,0.00,0.00,0.00,0.00,0.00,0.00,0,,8.0,440.0,230000.0
2025-10-11T16:20:22.410248,460.336,0.00,0.00,0.00,0.00,0.00,0.00,0.00,0,,8.0,440.0,230000.0
2025-10-11T16:20:22.412589,460.338,0.00,0.00,0.00,0.00,0.00,0.00,0.00,0,,8.0,550.0,230000.0
2025-10-11T16:20:22.416167,460.342,0.00,0.00,0.00,0.00,0.00,0.00,0.00,0,,8.0,550.0,230000.0
2025-10-11T16:20:22.418693,460.344,0.00,0.00,0.00,0.00,0.00,0.00,0.00,0,,8.0,550.0,287500.0
2025-10-11T16:20:22.422301,460.348,0.00,0.00,0.00,0.00,0.00,0.00,0.00,0,,8.0,550.0,287500.0
2025-10-11T16:20:23.395169,461.321,0.00,0.00,0.00,0.00,0.00,0.00,0.00,0,,9.0,550.0,287500.0
2025-10-11T16:20:23.399026,461.325,0.00,0.00,0.00,0.00,0.00,0.00,0.00,0,,9.0,550.0,287500.0
2025-10-11T16:20:24.060695,461.986,0.00,0.00,0.00,0.00,0.00,0.00,0.00,0,,9.0,660.0,287500.0
2025-10-11T16:20:24.063179,461.989,0.00,0.00,0.00,0.00,0.00,0.00,0.00,0,,9.0,660.0,287500.0
2025-10-11T16:20:24.066203,461.992,0.00,0.00,0.00,0.00,0.00,0.00,0.00,0,,9.0,660.0,345000.0
2025-10-11T16:20:24.069767,461.995,0.00,0.00,0.00,0.00,0.00,0.00,0.00,0,,9.0,660.0,345000.0
2025-10-11T16:20:25.276597,463.202,0.00,0.00,0.00,0.00,0.00,0.00,0.00,0,,10.0,660.0,345000.0
2025-10-11T16:20:25.278961,463.205,0.00,0.00,0.00,0.00,0.00,0.00,0.00,0,,10.0,660.0,345000.0
2025-10-11T16:20:25.281360,463.207,0.00,0.00,0.00,0.00,0.00,0.00,0.00,0,,10.0,770.0,345000.0
2025-10-11T16:20:25.284646,463.210,0.00,0.00,0.00,0.00,0.00,0.00,0.00,0,,10.0,770.0,345000.0
2025-10-11T16:20:25.288146,463.214,0.00,0.00,0.00,0.00,0.00,0.00,0.00,0,,10.0,770.0,402500.0
2025-10-11T16:20:25.291304,463.217,0.00,0.00,0.00,0.00,0.00,0.00,0.00,0,,10.0,770.0,402500.0
2025-10-11T16:20:26.279868,464.206,0.00,0.00,0.00,0.00,0.00,0.00,0.00,0,,12.0,770.0,402500.0
2025-10-11T16:20:26.284061,464.210,0.00,0.00,0.00,0.00,0.00,0.00,0.00,0,,12.0,770.0,402500.0
2025-10-11T16:20:26.820353,464.746,0.00,0.00,0.00,0.00,0.00,0.00,0.00,0,,12.0,880.0,402500.0
2025-10-11T16:20:26.823029,464.749,0.00,0.00,0.00,0.00,0.00,0.00,0.00,0,,12.0,880.0,402500.0
2025-10-11T16:20:26.826396,464.752,0.00,0.00,0.00,0.00,0.00,0.00,0.00,0,,12.0,880.0,460000.0
2025-10-11T16:20:26.830849,464.757,0.00,0.00,0.00,0.00,0.00,0.00,0.00,0,,12.0,880.0,460000.0
2025-10-11T16:20:28.032885,465.959,0.00,0.00,0.00,0.00,0.00,0.00,0.00,0,,13.0,880.0,460000.0
2025-10-11T16:20:28.036339,465.962,0.00,0.00,0.00,0.00,0.00,0.00,0.00,0,,13.0,880.0,460000.0
2025-10-11T16:20:28.041692,465.967,0.00,0.00,0.00,0.00,0.00,0.00,0.00,0,,13.0,990.0,460000.0
2025-10-11T16:20:28.048462,465.974,0.00,0.00,0.00,0.00,0.00,0.00,0.00,0,,13.0,990.0,460000.0
2025-10-11T16:20:28.051719,465.977,0.00,0.00,0.00,0.00,0.00,0.00,0.00,0,,13.0,990.0,517500.0
2025-10-11T16:20:28.054676,465.980,0.00,0.00,0.00,0.00,0.00,0.00,0.00,0,,13.0,990.0,517500.0
2025-10-11T16:20:29.123866,467.050,0.00,0.00,0.00,0.00,0.00,0.00,0.00,0,,12.0,990.0,517500.0
2025-10-11T16:20:29.126538,467.052,0.00,0.00,0.00,0.00,0.00,0.00,0.00,0,,12.0,990.0,517500.0
2025-10-11T16:20:29.130448,467.056,0.00,0.00,0.00,0.00,0.00,0.00,0.00,0,,12.0,880.0,517500.0
2025-10-11T16:20:29.133352,467.059,0.00,0.00,0.00,0.00,0.00,0.00,0.00,0,,12.0,880.0,517500.0
2025-10-11T16:20:29.136820,467.062,0.00,0.00,0.00,0.00,0.00,0.00,0.00,0,,12.0,880.0,460000.0
2025-10-11T16:20:29.140604,467.066,0.00,0.00,0.00,0.00,0.00,0.00,0.00,0,,12.0,880.0,460000.0
2025-10-11T16:20:30.127299,468.053,0.00,0.00,0.00,0.00,0.00,0.00,0.00,0,,10.0,880.0,460000.0
2025-10-11T16:20:30.130848,468.057,0.00,0.00,0.00,0.00,0.00,0.00,0.00,0,,10.0,880.0,460000.0
2025-10-11T16:20:30.134287,468.060,0.00,0.00,0.00,0.00,0.00,0.00,0.00,0,,10.0,770.0,460000.0
2025-10-11T16:20:30.136978,468.063,0.00,0.00,0.00,0.00,0.00,0.00,0.00,0,,10.0,770.0,460000.0
2025-10-11T16:20:31.115497,469.041,0.00,0.00,0.00,0.00,0.00,0.00,0.00,0,,10.0,770.0,402500.0
2025-10-11T16:20:31.118347,469.044,0.00,0.00,0.00,0.00,0.00,0.00,0.00,0,,10.0,770.0,402500.0
2025-10-11T16:20:32.111240,470.037,0.00,0.00,0.00,0.00,0.00,0.00,0.00,0,,9.0,770.0,402500.0
2025-10-11T16:20:32.114290,470.040,0.00,0.00,0.00,0.00,0.00,0.00,0.00,0,,9.0,770.0,402500.0
2025-10-11T16:20:32.117610,470.043,0.00,0.00,0.00,0.00,0.00,0.00,0.00,0,,9.0,660.0,402500.0
2025-10-11T16:20:32.121397,470.047,0.00,0.00,0.00,0.00,0.00,0.00,0.00,0,,9.0,660.0,402500.0
2025-10-11T16:20:32.125520,470.051,0.00,0.00,0.00,0.00,0.00,0.00,0.00,0,,9.0,660.0,345000.0
2025-10-11T16:20:32.128723,470.054,0.00,0.00,0.00,0.00,0.00,0.00,0.00,0,,9.0,660.0,345000.0
2025-10-11T16:20:33.106744,471.032,0.00,0.00,0.00,0.00,0.00,0.00,0.00,0,,8.0,660.0,345000.0
2025-10-11T16:20:33.109948,471.036,0.00,0.00,0.00,0.00,0.00,0.00,0.00,0,,8.0,660.0,345000.0
2025-10-11T16:20:33.113483,471.039,0.00,0.00,0.00,0.00,0.00,0.00,0.00,0,,8.0,550.0,345000.0
2025-10-11T16:20:33.116189,471.042,0.00,0.00,0.00,0.00,0.00,0.00,0.00,0,,8.0,550.0,345000.0
2025-10-11T16:20:33.119837,471.046,0.00,0.00,0.00,0.00,0.00,0.00,0.00,0,,8.0,550.0,287500.0
2025-10-11T16:20:33.123436,471.049,0.00,0.00,0.00,0.00,0.00,0.00,0.00,0,,8.0,550.0,287500.0
2025-10-11T16:20:33.988584,471.914,0.00,0.00,0.00,0.00,0.00,0.00,0.00,0,,6.0,550.0,287500.0
2025-10-11T16:20:33.992238,471.918,0.00,0.00,0.00,0.00,0.00,0.00,0.00,0,,6.0,550.0,287500.0
2025-10-11T16:20:33.995657,471.921,0.00,0.00,0.00,0.00,0.00,0.00,0.00,0,,6.0,440.0,287500.0
2025-10-11T16:20:33.998613,471.924,0.00,0.00,0.00,0.00,0.00,0.00,0.00,0,,6.0,440.0,287500.0
2025-10-11T16:20:35.073754,472.999,0.00,0.00,0.00,0.00,0.00,0.00,0.00,0,,6.0,440.0,230000.0
2025-10-11T16:20:35.077724,473.003,0.00,0.00,0.00,0.00,0.00,0.00,0.00,0,,6.0,440.0,230000.0
