Timestamp,Elapsed_Time_s,Temp1_C,Temp2_C,Temp3_C,Volt1_V,Volt2_V,Volt3_V,Volt4_V,Set_Rudder_deg,Actual_Rudder_deg,pH,Water_Temp,Salinity
2025-10-11T14:34:05.878829,6.153,0.00,0.00,0.00,0.00,0.00,0.00,0.00,0,,8.0,0,0
2025-10-11T14:34:05.880078,6.154,0.00,0.00,0.00,0.00,0.00,0.00,0.00,0,,8.0,0,0
2025-10-11T14:34:05.881596,6.156,0.00,0.00,0.00,0.00,0.00,0.00,0.00,0,,8.0,80.0,0
2025-10-11T14:34:05.884381,6.159,0.00,0.00,0.00,0.00,0.00,0.00,0.00,0,,8.0,80.0,0
2025-10-11T14:34:07.948274,8.222,0.00,0.00,0.00,0.00,0.00,0.00,0.00,0,,9.0,80.0,0
2025-10-11T14:34:07.949405,8.224,0.00,0.00,0.00,0.00,0.00,0.00,0.00,0,,9.0,80.0,0
2025-10-11T14:34:07.971297,8.245,0.00,0.00,0.00,0.00,0.00,0.00,0.00,0,,9.0,90.0,0
2025-10-11T14:34:07.972745,8.247,0.00,0.00,0.00,0.00,0.00,0.00,0.00,0,,9.0,90.0,0
2025-10-11T14:34:10.022907,10.297,0.00,0.00,0.00,0.00,0.00,0.00,0.00,0,,8.0,90.0,0
2025-10-11T14:34:10.024621,10.299,0.00,0.00,0.00,0.00,0.00,0.00,0.00,0,,8.0,90.0,0
2025-10-11T14:34:10.026085,10.300,0.00,0.00,0.00,0.00,0.00,0.00,0.00,0,,8.0,80.0,0
2025-10-11T14:34:10.027498,10.302,0.00,0.00,0.00,0.00,0.00,0.00,0.00,0,,8.0,80.0,0
2025-10-11T14:34:12.219659,12.494,0.00,0.00,0.00,0.00,0.00,0.00,0.00,0,,7.0,80.0,0
2025-10-11T14:34:12.221291,12.495,0.00,0.00,0.00,0.00,0.00,0.00,0.00,0,,7.0,80.0,0
2025-10-11T14:34:12.222747,12.497,0.00,0.00,0.00,0.00,0.00,0.00,0.00,0,,7.0,70.0,0
2025-10-11T14:34:12.224277,12.498,0.00,0.00,0.00,0.00,0.00,0.00,0.00,0,,7.0,70.0,0
2025-10-11T14:34:14.398333,14.673,0.00,0.00,0.00,0.00,0.00,0.00,0.00,0,,6.0,70.0,0
2025-10-11T14:34:14.399807,14.674,0.00,0.00,0.00,0.00,0.00,0.00,0.00,0,,6.0,70.0,0
2025-10-11T14:34:14.401204,14.675,0.00,0.00,0.00,0.00,0.00,0.00,0.00,0,,6.0,60.0,0
2025-10-11T14:34:14.402623,14.677,0.00,0.00,0.00,0.00,0.00,0.00,0.00,0,,6.0,60.0,0
2025-10-11T14:34:16.612095,16.886,0.00,0.00,0.00,0.00,0.00,0.00,0.00,0,,5.0,60.0,0
2025-10-11T14:34:16.613313,16.887,0.00,0.00,0.00,0.00,0.00,0.00,0.00,0,,5.0,60.0,0
2025-10-11T14:34:16.614678,16.889,0.00,0.00,0.00,0.00,0.00,0.00,0.00,0,,5.0,50.0,0
2025-10-11T14:34:16.616218,16.890,0.00,0.00,0.00,0.00,0.00,0.00,0.00,0,,5.0,50.0,0
2025-10-11T14:34:18.491425,18.766,0.00,0.00,0.00,0.00,0.00,0.00,0.00,0,,4.0,50.0,0
2025-10-11T14:34:18.493142,18.767,0.00,0.00,0.00,0.00,0.00,0.00,0.00,0,,4.0,50.0,0
2025-10-11T14:34:19.134059,19.408,0.00,0.00,0.00,0.00,0.00,0.00,0.00,0,,4.0,40.0,0
2025-10-11T14:34:19.136112,19.410,0.00,0.00,0.00,0.00,0.00,0.00,0.00,0,,4.0,40.0,0
2025-10-11T14:34:20.898626,21.173,0.00,0.00,0.00,0.00,0.00,0.00,0.00,0,,3.0,40.0,0
2025-10-11T14:34:20.900365,21.175,0.00,0.00,0.00,0.00,0.00,0.00,0.00,0,,3.0,40.0,0
2025-10-11T14:34:20.902182,21.176,0.00,0.00,0.00,0.00,0.00,0.00,0.00,0,,3.0,30.0,0
2025-10-11T14:34:20.903858,21.178,0.00,0.00,0.00,0.00,0.00,0.00,0.00,0,,3.0,30.0,0
2025-10-11T14:34:23.094560,23.369,0.00,0.00,0.00,0.00,0.00,0.00,0.00,0,,2.0,30.0,0
2025-10-11T14:34:23.096016,23.370,0.00,0.00,0.00,0.00,0.00,0.00,0.00,0,,2.0,30.0,0
2025-10-11T14:34:23.097367,23.372,0.00,0.00,0.00,0.00,0.00,0.00,0.00,0,,2.0,20.0,0
2025-10-11T14:34:23.098885,23.373,0.00,0.00,0.00,0.00,0.00,0.00,0.00,0,,2.0,20.0,0
2025-10-11T14:34:24.975376,25.250,0.00,0.00,0.00,0.00,0.00,0.00,0.00,0,,1.0,20.0,0
2025-10-11T14:34:24.976758,25.251,0.00,0.00,0.00,0.00,0.00,0.00,0.00,0,,1.0,20.0,0
2025-10-11T14:34:24.978301,25.252,0.00,0.00,0.00,0.00,0.00,0.00,0.00,0,,1.0,10.0,0
2025-10-11T14:34:24.979909,25.254,0.00,0.00,0.00,0.00,0.00,0.00,0.00,0,,1.0,10.0,0
2025-10-11T14:34:27.398501,27.673,0.00,0.00,0.00,0.00,0.00,0.00,0.00,0,,2.0,10.0,0
2025-10-11T14:34:27.400025,27.674,0.00,0.00,0.00,0.00,0.00,0.00,0.00,0,,2.0,10.0,0
2025-10-11T14:34:27.401533,27.676,0.00,0.00,0.00,0.00,0.00,0.00,0.00,0,,2.0,20.0,0
2025-10-11T14:34:27.403035,27.677,0.00,0.00,0.00,0.00,0.00,0.00,0.00,0,,2.0,20.0,0
2025-10-11T14:34:29.489272,29.763,0.00,0.00,0.00,0.00,0.00,0.00,0.00,0,,3.0,20.0,0
2025-10-11T14:34:29.490688,29.765,0.00,0.00,0.00,0.00,0.00,0.00,0.00,0,,3.0,20.0,0
2025-10-11T14:34:29.492262,29.766,0.00,0.00,0.00,0.00,0.00,0.00,0.00,0,,3.0,30.0,0
2025-10-11T14:34:29.493783,29.768,0.00,0.00,0.00,0.00,0.00,0.00,0.00,0,,3.0,30.0,0
2025-10-11T14:34:31.673780,31.948,0.00,0.00,0.00,0.00,0.00,0.00,0.00,0,,4.0,30.0,0
2025-10-11T14:34:31.675098,31.949,0.00,0.00,0.00,0.00,0.00,0.00,0.00,0,,4.0,30.0,0
2025-10-11T14:34:31.676441,31.951,0.00,0.00,0.00,0.00,0.00,0.00,0.00,0,,4.0,40.0,0
2025-10-11T14:34:31.677964,31.952,0.00,0.00,0.00,0.00,0.00,0.00,0.00,0,,4.0,40.0,0
2025-10-11T14:34:33.856749,34.131,0.00,0.00,0.00,0.00,0.00,0.00,0.00,0,,5.0,40.0,0
2025-10-11T14:34:33.858390,34.133,0.00,0.00,0.00,0.00,0.00,0.00,0.00,0,,5.0,40.0,0
2025-10-11T14:34:33.859999,34.134,0.00,0.00,0.00,0.00,0.00,0.00,0.00,0,,5.0,50.0,0
2025-10-11T14:34:33.861514,34.136,0.00,0.00,0.00,0.00,0.00,0.00,0.00,0,,5.0,50.0,0
2025-10-11T14:34:36.067142,36.341,0.00,0.00,0.00,0.00,0.00,0.00,0.00,0,,6.0,50.0,0
2025-10-11T14:34:36.068633,36.343,0.00,0.00,0.00,0.00,0.00,0.00,0.00,0,,6.0,50.0,0
2025-10-11T14:34:36.070184,36.344,0.00,0.00,0.00,0.00,0.00,0.00,0.00,0,,6.0,60.0,0
2025-10-11T14:34:36.071674,36.346,0.00,0.00,0.00,0.00,0.00,0.00,0.00,0,,6.0,60.0,0
2025-10-11T14:34:38.360342,38.635,0.00,0.00,0.00,0.00,0.00,0.00,0.00,0,,7.0,60.0,0
2025-10-11T14:34:38.362265,38.636,0.00,0.00,0.00,0.00,0.00,0.00,0.00,0,,7.0,60.0,0
2025-10-11T14:34:38.364110,38.638,0.00,0.00,0.00,0.00,0.00,0.00,0.00,0,,7.0,70.0,0
2025-10-11T14:34:38.366092,38.640,0.00,0.00,0.00,0.00,0.00,0.00,0.00,0,,7.0,70.0,0
2025-10-11T14:34:40.575653,40.850,0.00,0.00,0.00,0.00,0.00,0.00,0.00,0,,8.0,70.0,0
2025-10-11T14:34:40.577148,40.851,0.00,0.00,0.00,0.00,0.00,0.00,0.00,0,,8.0,70.0,0
2025-10-11T14:34:40.578767,40.853,0.00,0.00,0.00,0.00,0.00,0.00,0.00,0,,8.0,80.0,0
2025-10-11T14:34:40.580363,40.855,0.00,0.00,0.00,0.00,0.00,0.00,0.00,0,,8.0,80.0,0
2025-10-11T14:34:42.757115,43.031,0.00,0.00,0.00,0.00,0.00,0.00,0.00,0,,9.0,80.0,0
2025-10-11T14:34:42.758613,43.033,0.00,0.00,0.00,0.00,0.00,0.00,0.00,0,,9.0,80.0,0
2025-10-11T14:34:42.760086,43.034,0.00,0.00,0.00,0.00,0.00,0.00,0.00,0,,9.0,90.0,0
2025-10-11T14:34:42.761441,43.036,0.00,0.00,0.00,0.00,0.00,0.00,0.00,0,,9.0,90.0,0
2025-10-11T14:34:44.409552,44.684,0.00,0.00,0.00,0.00,0.00,0.00,0.00,0,,8.0,90.0,0
2025-10-11T14:34:44.411010,44.685,0.00,0.00,0.00,0.00,0.00,0.00,0.00,0,,8.0,90.0,0
2025-10-11T14:34:44.955798,45.230,0.00,0.00,0.00,0.00,0.00,0.00,0.00,0,,8.0,80.0,0
2025-10-11T14:34:44.957273,45.231,0.00,0.00,0.00,0.00,0.00,0.00,0.00,0,,8.0,80.0,0
2025-10-11T14:34:47.022194,47.296,0.00,0.00,0.00,0.00,0.00,0.00,0.00,0,,7.0,80.0,0
2025-10-11T14:34:47.023567,47.298,0.00,0.00,0.00,0.00,0.00,0.00,0.00,0,,7.0,80.0,0
2025-10-11T14:34:47.025339,47.300,0.00,0.00,0.00,0.00,0.00,0.00,0.00,0,,7.0,70.0,0
2025-10-11T14:34:47.026977,47.301,0.00,0.00,0.00,0.00,0.00,0.00,0.00,0,,7.0,70.0,0
2025-10-11T14:34:49.213029,49.487,0.00,0.00,0.00,0.00,0.00,0.00,0.00,0,,6.0,70.0,0
2025-10-11T14:34:49.214393,49.489,0.00,0.00,0.00,0.00,0.00,0.00,0.00,0,,6.0,70.0,0
2025-10-11T14:34:49.215777,49.490,0.00,0.00,0.00,0.00,0.00,0.00,0.00,0,,6.0,60.0,0
2025-10-11T14:34:49.217418,49.492,0.00,0.00,0.00,0.00,0.00,0.00,0.00,0,,6.0,60.0,0
2025-10-11T14:34:51.186779,51.461,0.00,0.00,0.00,0.00,0.00,0.00,0.00,0,,5.0,60.0,0
2025-10-11T14:34:51.188235,51.462,0.00,0.00,0.00,0.00,0.00,0.00,0.00,0,,5.0,60.0,0
2025-10-11T14:34:51.189677,51.464,0.00,0.00,0.00,0.00,0.00,0.00,0.00,0,,5.0,50.0,0
2025-10-11T14:34:51.191071,51.465,0.00,0.00,0.00,0.00,0.00,0.00,0.00,0,,5.0,50.0,0
2025-10-11T14:34:53.275332,53.549,0.00,0.00,0.00,0.00,0.00,0.00,0.00,0,,4.0,50.0,0
2025-10-11T14:34:53.277191,53.551,0.00,0.00,0.00,0.00,0.00,0.00,0.00,0,,4.0,50.0,0
2025-10-11T14:34:53.278968,53.553,0.00,0.00,0.00,0.00,0.00,0.00,0.00,0,,4.0,40.0,0
2025-10-11T14:34:53.280563,53.555,0.00,0.00,0.00,0.00,0.00,0.00,0.00,0,,4.0,40.0,0
2025-10-11T14:34:55.374253,55.648,0.00,0.00,0.00,0.00,0.00,0.00,0.00,0,,3.0,40.0,0
2025-10-11T14:34:55.376479,55.651,0.00,0.00,0.00,0.00,0.00,0.00,0.00,0,,3.0,40.0,0
2025-10-11T14:34:55.378401,55.653,0.00,0.00,0.00,0.00,0.00,0.00,0.00,0,,3.0,30.0,0
2025-10-11T14:34:55.381275,55.655,0.00,0.00,0.00,0.00,0.00,0.00,0.00,0,,3.0,30.0,0
2025-10-11T14:34:57.909192,58.183,0.00,0.00,0.00,0.00,0.00,0.00,0.00,0,,2.0,30.0,0
2025-10-11T14:34:57.911158,58.185,0.00,0.00,0.00,0.00,0.00,0.00,0.00,0,,2.0,30.0,0
2025-10-11T14:34:57.912854,58.187,0.00,0.00,0.00,0.00,0.00,0.00,0.00,0,,2.0,20.0,0
2025-10-11T14:34:57.914356,58.189,0.00,0.00,0.00,0.00,0.00,0.00,0.00,0,,2.0,20.0,0
2025-10-11T14:35:00.098809,60.373,0.00,0.00,0.00,0.00,0.00,0.00,0.00,0,,1.0,20.0,0
2025-10-11T14:35:00.100695,60.375,0.00,0.00,0.00,0.00,0.00,0.00,0.00,0,,1.0,20.0,0
2025-10-11T14:35:00.102310,60.376,0.00,0.00,0.00,0.00,0.00,0.00,0.00,0,,1.0,10.0,0
2025-10-11T14:35:00.105193,60.379,0.00,0.00,0.00,0.00,0.00,0.00,0.00,0,,1.0,10.0,0
2025-10-11T14:35:02.169449,62.444,0.00,0.00,0.00,0.00,0.00,0.00,0.00,0,,2.0,10.0,0
2025-10-11T14:35:02.171121,62.445,0.00,0.00,0.00,0.00,0.00,0.00,0.00,0,,2.0,10.0,0
2025-10-11T14:35:02.172764,62.447,0.00,0.00,0.00,0.00,0.00,0.00,0.00,0,,2.0,20.0,0
2025-10-11T14:35:02.174662,62.449,0.00,0.00,0.00,0.00,0.00,0.00,0.00,0,,2.0,20.0,0
2025-10-11T14:35:04.571656,64.846,0.00,0.00,0.00,0.00,0.00,0.00,0.00,0,,3.0,20.0,0
2025-10-11T14:35:04.573753,64.848,0.00,0.00,0.00,0.00,0.00,0.00,0.00,0,,3.0,20.0,0
2025-10-11T14:35:04.575912,64.850,0.00,0.00,0.00,0.00,0.00,0.00,0.00,0,,3.0,30.0,0
2025-10-11T14:35:04.578577,64.853,0.00,0.00,0.00,0.00,0.00,0.00,0.00,0,,3.0,30.0,0
2025-10-11T14:35:06.564812,66.839,0.00,0.00,0.00,0.00,0.00,0.00,0.00,0,,4.0,30.0,0
2025-10-11T14:35:06.566275,66.840,0.00,0.00,0.00,0.00,0.00,0.00,0.00,0,,4.0,30.0,0
2025-10-11T14:35:06.567720,66.842,0.00,0.00,0.00,0.00,0.00,0.00,0.00,0,,4.0,40.0,0
2025-10-11T14:35:06.569263,66.843,0.00,0.00,0.00,0.00,0.00,0.00,0.00,0,,4.0,40.0,0
2025-10-11T14:35:08.541963,68.816,0.00,0.00,0.00,0.00,0.00,0.00,0.00,0,,5.0,40.0,0
2025-10-11T14:35:08.543479,68.818,0.00,0.00,0.00,0.00,0.00,0.00,0.00,0,,5.0,40.0,0
2025-10-11T14:35:08.545133,68.819,0.00,0.00,0.00,0.00,0.00,0.00,0.00,0,,5.0,50.0,0
2025-10-11T14:35:08.546597,68.821,0.00,0.00,0.00,0.00,0.00,0.00,0.00,0,,5.0,50.0,0
2025-10-11T14:35:10.739347,71.014,0.00,0.00,0.00,0.00,0.00,0.00,0.00,0,,6.0,50.0,0
2025-10-11T14:35:10.740787,71.015,0.00,0.00,0.00,0.00,0.00,0.00,0.00,0,,6.0,50.0,0
2025-10-11T14:35:10.742316,71.016,0.00,0.00,0.00,0.00,0.00,0.00,0.00,0,,6.0,60.0,0
2025-10-11T14:35:10.743769,71.018,0.00,0.00,0.00,0.00,0.00,0.00,0.00,0,,6.0,60.0,0
2025-10-11T14:35:12.709750,72.984,0.00,0.00,0.00,0.00,0.00,0.00,0.00,0,,7.0,60.0,0
2025-10-11T14:35:12.711910,72.986,0.00,0.00,0.00,0.00,0.00,0.00,0.00,0,,7.0,60.0,0
2025-10-11T14:35:13.242834,73.517,0.00,0.00,0.00,0.00,0.00,0.00,0.00,0,,7.0,70.0,0
2025-10-11T14:35:13.244388,73.519,0.00,0.00,0.00,0.00,0.00,0.00,0.00,0,,7.0,70.0,0
2025-10-11T14:35:15.327904,75.602,0.00,0.00,0.00,0.00,0.00,0.00,0.00,0,,8.0,70.0,0
2025-10-11T14:35:15.329862,75.604,0.00,0.00,0.00,0.00,0.00,0.00,0.00,0,,8.0,70.0,0
2025-10-11T14:35:15.331657,75.606,0.00,0.00,0.00,0.00,0.00,0.00,0.00,0,,8.0,80.0,0
2025-10-11T14:35:15.334114,75.608,0.00,0.00,0.00,0.00,0.00,0.00,0.00,0,,8.0,80.0,0
2025-10-11T14:35:17.510585,77.785,0.00,0.00,0.00,0.00,0.00,0.00,0.00,0,,9.0,80.0,0
2025-10-11T14:35:17.512517,77.787,0.00,0.00,0.00,0.00,0.00,0.00,0.00,0,,9.0,80.0,0
2025-10-11T14:35:17.514393,77.789,0.00,0.00,0.00,0.00,0.00,0.00,0.00,0,,9.0,90.0,0
2025-10-11T14:35:17.516019,77.790,0.00,0.00,0.00,0.00,0.00,0.00,0.00,0,,9.0,90.0,0
2025-10-11T14:35:19.630233,79.904,0.00,0.00,0.00,0.00,0.00,0.00,0.00,0,,8.0,90.0,0
2025-10-11T14:35:19.631974,79.906,0.00,0.00,0.00,0.00,0.00,0.00,0.00,0,,8.0,90.0,0
2025-10-11T14:35:19.633609,79.908,0.00,0.00,0.00,0.00,0.00,0.00,0.00,0,,8.0,80.0,0
2025-10-11T14:35:19.635153,79.909,0.00,0.00,0.00,0.00,0.00,0.00,0.00,0,,8.0,80.0,0
2025-10-11T14:35:21.829594,82.104,0.00,0.00,0.00,0.00,0.00,0.00,0.00,0,,7.0,80.0,0
2025-10-11T14:35:21.831121,82.105,0.00,0.00,0.00,0.00,0.00,0.00,0.00,0,,7.0,80.0,0
2025-10-11T14:35:21.832677,82.107,0.00,0.00,0.00,0.00,0.00,0.00,0.00,0,,7.0,70.0,0
2025-10-11T14:35:21.834259,82.108,0.00,0.00,0.00,0.00,0.00,0.00,0.00,0,,7.0,70.0,0
2025-10-11T14:35:23.806986,84.081,0.00,0.00,0.00,0.00,0.00,0.00,0.00,0,,6.0,70.0,0
2025-10-11T14:35:23.808810,84.083,0.00,0.00,0.00,0.00,0.00,0.00,0.00,0,,6.0,70.0,0
2025-10-11T14:35:23.810751,84.085,0.00,0.00,0.00,0.00,0.00,0.00,0.00,0,,6.0,60.0,0
2025-10-11T14:35:23.813528,84.088,0.00,0.00,0.00,0.00,0.00,0.00,0.00,0,,6.0,60.0,0
2025-10-11T14:35:26.099482,86.374,0.00,0.00,0.00,0.00,0.00,0.00,0.00,0,,5.0,60.0,0
2025-10-11T14:35:26.101237,86.375,0.00,0.00,0.00,0.00,0.00,0.00,0.00,0,,5.0,60.0,0
2025-10-11T14:35:26.102925,86.377,0.00,0.00,0.00,0.00,0.00,0.00,0.00,0,,5.0,50.0,0
2025-10-11T14:35:26.104624,86.379,0.00,0.00,0.00,0.00,0.00,0.00,0.00,0,,5.0,50.0,0
2025-10-11T14:35:28.207810,88.482,0.00,0.00,0.00,0.00,0.00,0.00,0.00,0,,4.0,50.0,0
2025-10-11T14:35:28.209174,88.483,0.00,0.00,0.00,0.00,0.00,0.00,0.00,0,,4.0,50.0,0
2025-10-11T14:35:28.210673,88.485,0.00,0.00,0.00,0.00,0.00,0.00,0.00,0,,4.0,40.0,0
2025-10-11T14:35:28.212148,88.486,0.00,0.00,0.00,0.00,0.00,0.00,0.00,0,,4.0,40.0,0
2025-10-11T14:35:30.391015,90.665,0.00,0.00,0.00,0.00,0.00,0.00,0.00,0,,3.0,40.0,0
2025-10-11T14:35:30.392378,90.667,0.00,0.00,0.00,0.00,0.00,0.00,0.00,0,,3.0,40.0,0
2025-10-11T14:35:30.394080,90.668,0.00,0.00,0.00,0.00,0.00,0.00,0.00,0,,3.0,30.0,0
2025-10-11T14:35:30.395435,90.670,0.00,0.00,0.00,0.00,0.00,0.00,0.00,0,,3.0,30.0,0
2025-10-11T14:35:32.376145,92.650,0.00,0.00,0.00,0.00,0.00,0.00,0.00,0,,2.0,30.0,0
2025-10-11T14:35:32.378164,92.652,0.00,0.00,0.00,0.00,0.00,0.00,0.00,0,,2.0,30.0,0
2025-10-11T14:35:32.922816,93.197,0.00,0.00,0.00,0.00,0.00,0.00,0.00,0,,2.0,20.0,0
2025-10-11T14:35:32.924310,93.198,0.00,0.00,0.00,0.00,0.00,0.00,0.00,0,,2.0,20.0,0
2025-10-11T14:35:35.211626,95.486,0.00,0.00,0.00,0.00,0.00,0.00,0.00,0,,1.0,20.0,0
2025-10-11T14:35:35.213870,95.488,0.00,0.00,0.00,0.00,0.00,0.00,0.00,0,,1.0,20.0,0
2025-10-11T14:35:35.215911,95.490,0.00,0.00,0.00,0.00,0.00,0.00,0.00,0,,1.0,10.0,0
2025-10-11T14:35:35.218170,95.492,0.00,0.00,0.00,0.00,0.00,0.00,0.00,0,,1.0,10.0,0
2025-10-11T14:35:36.981868,97.256,0.00,0.00,0.00,0.00,0.00,0.00,0.00,0,,2.0,10.0,0
2025-10-11T14:35:36.984844,97.259,0.00,0.00,0.00,0.00,0.00,0.00,0.00,0,,2.0,10.0,0
2025-10-11T14:35:36.987516,97.262,0.00,0.00,0.00,0.00,0.00,0.00,0.00,0,,2.0,20.0,0
2025-10-11T14:35:36.989706,97.264,0.00,0.00,0.00,0.00,0.00,0.00,0.00,0,,2.0,20.0,0
2025-10-11T14:35:39.179021,99.453,0.00,0.00,0.00,0.00,0.00,0.00,0.00,0,,3.0,20.0,0
2025-10-11T14:35:39.180852,99.455,0.00,0.00,0.00,0.00,0.00,0.00,0.00,0,,3.0,20.0,0
2025-10-11T14:35:39.182683,99.457,0.00,0.00,0.00,0.00,0.00,0.00,0.00,0,,3.0,30.0,0
2025-10-11T14:35:39.185189,99.459,0.00,0.00,0.00,0.00,0.00,0.00,0.00,0,,3.0,30.0,0
2025-10-11T14:35:41.161703,101.436,0.00,0.00,0.00,0.00,0.00,0.00,0.00,0,,4.0,30.0,0
2025-10-11T14:35:41.164098,101.438,0.00,0.00,0.00,0.00,0.00,0.00,0.00,0,,4.0,30.0,0
2025-10-11T14:35:41.165727,101.440,0.00,0.00,0.00,0.00,0.00,0.00,0.00,0,,4.0,40.0,0
2025-10-11T14:35:41.168118,101.442,0.00,0.00,0.00,0.00,0.00,0.00,0.00,0,,4.0,40.0,0
2025-10-11T14:35:43.776985,104.051,0.00,0.00,0.00,0.00,0.00,0.00,0.00,0,,5.0,40.0,0
2025-10-11T14:35:43.779860,104.054,0.00,0.00,0.00,0.00,0.00,0.00,0.00,0,,5.0,40.0,0
2025-10-11T14:35:43.782903,104.057,0.00,0.00,0.00,0.00,0.00,0.00,0.00,0,,5.0,50.0,0
2025-10-11T14:35:43.785594,104.060,0.00,0.00,0.00,0.00,0.00,0.00,0.00,0,,5.0,50.0,0
2025-10-11T14:35:45.783028,106.057,0.00,0.00,0.00,0.00,0.00,0.00,0.00,0,,6.0,50.0,0
2025-10-11T14:35:45.784723,106.059,0.00,0.00,0.00,0.00,0.00,0.00,0.00,0,,6.0,50.0,0
2025-10-11T14:35:45.786722,106.061,0.00,0.00,0.00,0.00,0.00,0.00,0.00,0,,6.0,60.0,0
2025-10-11T14:35:45.789417,106.064,0.00,0.00,0.00,0.00,0.00,0.00,0.00,0,,6.0,60.0,0
2025-10-11T14:35:47.644908,107.919,0.00,0.00,0.00,0.00,0.00,0.00,0.00,0,,7.0,60.0,0
2025-10-11T14:35:47.647052,107.921,0.00,0.00,0.00,0.00,0.00,0.00,0.00,0,,7.0,60.0,0
2025-10-11T14:35:47.649157,107.923,0.00,0.00,0.00,0.00,0.00,0.00,0.00,0,,7.0,70.0,0
2025-10-11T14:35:47.651417,107.926,0.00,0.00,0.00,0.00,0.00,0.00,0.00,0,,7.0,70.0,0
2025-10-11T14:35:50.595797,110.870,0.00,0.00,0.00,0.00,0.00,0.00,0.00,0,,8.0,70.0,0
2025-10-11T14:35:50.597713,110.872,0.00,0.00,0.00,0.00,0.00,0.00,0.00,0,,8.0,70.0,0
2025-10-11T14:35:50.600020,110.874,0.00,0.00,0.00,0.00,0.00,0.00,0.00,0,,8.0,80.0,0
2025-10-11T14:35:50.602105,110.876,0.00,0.00,0.00,0.00,0.00,0.00,0.00,0,,8.0,80.0,0
2025-10-11T14:35:52.246891,112.521,0.00,0.00,0.00,0.00,0.00,0.00,0.00,0,,9.0,80.0,0
2025-10-11T14:35:52.248773,112.523,0.00,0.00,0.00,0.00,0.00,0.00,0.00,0,,9.0,80.0,0
2025-10-11T14:35:52.250539,112.525,0.00,0.00,0.00,0.00,0.00,0.00,0.00,0,,9.0,90.0,0
2025-10-11T14:35:52.253162,112.527,0.00,0.00,0.00,0.00,0.00,0.00,0.00,0,,9.0,90.0,0
2025-10-11T14:35:54.210135,114.484,0.00,0.00,0.00,0.00,0.00,0.00,0.00,0,,8.0,90.0,0
2025-10-11T14:35:54.211849,114.486,0.00,0.00,0.00,0.00,0.00,0.00,0.00,0,,8.0,90.0,0
2025-10-11T14:35:54.213469,114.488,0.00,0.00,0.00,0.00,0.00,0.00,0.00,0,,8.0,80.0,0
2025-10-11T14:35:54.216125,114.490,0.00,0.00,0.00,0.00,0.00,0.00,0.00,0,,8.0,80.0,0
2025-10-11T14:35:56.289651,116.564,0.00,0.00,0.00,0.00,0.00,0.00,0.00,0,,7.0,80.0,0
2025-10-11T14:35:56.291604,116.566,0.00,0.00,0.00,0.00,0.00,0.00,0.00,0,,7.0,80.0,0
2025-10-11T14:35:56.294009,116.568,0.00,0.00,0.00,0.00,0.00,0.00,0.00,0,,7.0,70.0,0
2025-10-11T14:35:56.296151,116.570,0.00,0.00,0.00,0.00,0.00,0.00,0.00,0,,7.0,70.0,0
2025-10-11T14:35:58.476441,118.751,0.00,0.00,0.00,0.00,0.00,0.00,0.00,0,,6.0,70.0,0
2025-10-11T14:35:58.478124,118.752,0.00,0.00,0.00,0.00,0.00,0.00,0.00,0,,6.0,70.0,0
2025-10-11T14:35:58.479817,118.754,0.00,0.00,0.00,0.00,0.00,0.00,0.00,0,,6.0,60.0,0
2025-10-11T14:35:58.481415,118.756,0.00,0.00,0.00,0.00,0.00,0.00,0.00,0,,6.0,60.0,0
2025-10-11T14:36:00.674074,120.948,0.00,0.00,0.00,0.00,0.00,0.00,0.00,0,,5.0,60.0,0
2025-10-11T14:36:00.676100,120.950,0.00,0.00,0.00,0.00,0.00,0.00,0.00,0,,5.0,60.0,0
2025-10-11T14:36:00.678144,120.952,0.00,0.00,0.00,0.00,0.00,0.00,0.00,0,,5.0,50.0,0
2025-10-11T14:36:00.681825,120.956,0.00,0.00,0.00,0.00,0.00,0.00,0.00,0,,5.0,50.0,0
2025-10-11T14:36:02.870374,123.145,0.00,0.00,0.00,0.00,0.00,0.00,0.00,0,,4.0,50.0,0
2025-10-11T14:36:02.872125,123.146,0.00,0.00,0.00,0.00,0.00,0.00,0.00,0,,4.0,50.0,0
2025-10-11T14:36:02.873784,123.148,0.00,0.00,0.00,0.00,0.00,0.00,0.00,0,,4.0,40.0,0
2025-10-11T14:36:02.875337,123.150,0.00,0.00,0.00,0.00,0.00,0.00,0.00,0,,4.0,40.0,0
2025-10-11T14:36:05.074438,125.349,0.00,0.00,0.00,0.00,0.00,0.00,0.00,0,,3.0,40.0,0
2025-10-11T14:36:05.076118,125.350,0.00,0.00,0.00,0.00,0.00,0.00,0.00,0,,3.0,40.0,0
2025-10-11T14:36:05.077995,125.352,0.00,0.00,0.00,0.00,0.00,0.00,0.00,0,,3.0,30.0,0
2025-10-11T14:36:05.079561,125.354,0.00,0.00,0.00,0.00,0.00,0.00,0.00,0,,3.0,30.0,0
2025-10-11T14:36:07.380921,127.655,0.00,0.00,0.00,0.00,0.00,0.00,0.00,0,,2.0,30.0,0
2025-10-11T14:36:07.382817,127.657,0.00,0.00,0.00,0.00,0.00,0.00,0.00,0,,2.0,30.0,0
2025-10-11T14:36:07.384866,127.659,0.00,0.00,0.00,0.00,0.00,0.00,0.00,0,,2.0,20.0,0
2025-10-11T14:36:07.387205,127.661,0.00,0.00,0.00,0.00,0.00,0.00,0.00,0,,2.0,20.0,0
2025-10-11T14:36:09.570720,129.845,0.00,0.00,0.00,0.00,0.00,0.00,0.00,0,,1.0,20.0,0
2025-10-11T14:36:09.572771,129.847,0.00,0.00,0.00,0.00,0.00,0.00,0.00,0,,1.0,20.0,0
2025-10-11T14:36:09.574628,129.849,0.00,0.00,0.00,0.00,0.00,0.00,0.00,0,,1.0,10.0,0
2025-10-11T14:36:09.578747,129.853,0.00,0.00,0.00,0.00,0.00,0.00,0.00,0,,1.0,10.0,0
2025-10-11T14:36:11.794204,132.068,0.00,0.00,0.00,0.00,0.00,0.00,0.00,0,,2.0,10.0,0
2025-10-11T14:36:11.797499,132.072,0.00,0.00,0.00,0.00,0.00,0.00,0.00,0,,2.0,10.0,0
2025-10-11T14:36:11.800241,132.074,0.00,0.00,0.00,0.00,0.00,0.00,0.00,0,,2.0,20.0,0
2025-10-11T14:36:11.802443,132.077,0.00,0.00,0.00,0.00,0.00,0.00,0.00,0,,2.0,20.0,0
2025-10-11T14:36:14.107976,134.382,0.00,0.00,0.00,0.00,0.00,0.00,0.00,0,,3.0,20.0,0
2025-10-11T14:36:14.113168,134.387,0.00,0.00,0.00,0.00,0.00,0.00,0.00,0,,3.0,20.0,0
2025-10-11T14:36:14.115939,134.390,0.00,0.00,0.00,0.00,0.00,0.00,0.00,0,,3.0,30.0,0
2025-10-11T14:36:14.119654,134.394,0.00,0.00,0.00,0.00,0.00,0.00,0.00,0,,3.0,30.0,0
2025-10-11T14:36:15.879849,136.154,0.00,0.00,0.00,0.00,0.00,0.00,0.00,0,,4.0,30.0,0
2025-10-11T14:36:15.882220,136.156,0.00,0.00,0.00,0.00,0.00,0.00,0.00,0,,4.0,30.0,0
2025-10-11T14:36:15.884780,136.159,0.00,0.00,0.00,0.00,0.00,0.00,0.00,0,,4.0,40.0,0
2025-10-11T14:36:15.887225,136.161,0.00,0.00,0.00,0.00,0.00,0.00,0.00,0,,4.0,40.0,0
2025-10-11T14:36:18.063646,138.338,0.00,0.00,0.00,0.00,0.00,0.00,0.00,0,,5.0,40.0,0
2025-10-11T14:36:18.065870,138.340,0.00,0.00,0.00,0.00,0.00,0.00,0.00,0,,5.0,40.0,0
2025-10-11T14:36:18.068341,138.343,0.00,0.00,0.00,0.00,0.00,0.00,0.00,0,,5.0,50.0,0
2025-10-11T14:36:18.070585,138.345,0.00,0.00,0.00,0.00,0.00,0.00,0.00,0,,5.0,50.0,0
2025-10-11T14:36:20.586787,140.861,0.00,0.00,0.00,0.00,0.00,0.00,0.00,0,,6.0,50.0,0
2025-10-11T14:36:20.589952,140.864,0.00,0.00,0.00,0.00,0.00,0.00,0.00,0,,6.0,50.0,0
2025-10-11T14:36:20.593594,140.868,0.00,0.00,0.00,0.00,0.00,0.00,0.00,0,,6.0,60.0,0
2025-10-11T14:36:20.597411,140.872,0.00,0.00,0.00,0.00,0.00,0.00,0.00,0,,6.0,60.0,0
2025-10-11T14:36:22.669185,142.943,0.00,0.00,0.00,0.00,0.00,0.00,0.00,0,,7.0,60.0,0
2025-10-11T14:36:22.672053,142.946,0.00,0.00,0.00,0.00,0.00,0.00,0.00,0,,7.0,60.0,0
2025-10-11T14:36:22.674268,142.948,0.00,0.00,0.00,0.00,0.00,0.00,0.00,0,,7.0,70.0,0
2025-10-11T14:36:22.676615,142.951,0.00,0.00,0.00,0.00,0.00,0.00,0.00,0,,7.0,70.0,0
2025-10-11T14:36:24.769231,145.043,0.00,0.00,0.00,0.00,0.00,0.00,0.00,0,,8.0,70.0,0
2025-10-11T14:36:24.771516,145.046,0.00,0.00,0.00,0.00,0.00,0.00,0.00,0,,8.0,70.0,0
2025-10-11T14:36:24.773541,145.048,0.00,0.00,0.00,0.00,0.00,0.00,0.00,0,,8.0,80.0,0
2025-10-11T14:36:24.776528,145.051,0.00,0.00,0.00,0.00,0.00,0.00,0.00,0,,8.0,80.0,0
2025-10-11T14:36:26.745023,147.019,0.00,0.00,0.00,0.00,0.00,0.00,0.00,0,,9.0,80.0,0
2025-10-11T14:36:26.746948,147.021,0.00,0.00,0.00,0.00,0.00,0.00,0.00,0,,9.0,80.0,0
2025-10-11T14:36:26.748825,147.023,0.00,0.00,0.00,0.00,0.00,0.00,0.00,0,,9.0,90.0,0
2025-10-11T14:36:26.751251,147.025,0.00,0.00,0.00,0.00,0.00,0.00,0.00,0,,9.0,90.0,0
2025-10-11T14:36:29.704328,149.978,0.00,0.00,0.00,0.00,0.00,0.00,0.00,0,,8.0,90.0,0
2025-10-11T14:36:29.706124,149.980,0.00,0.00,0.00,0.00,0.00,0.00,0.00,0,,8.0,90.0,0
2025-10-11T14:36:29.708209,149.982,0.00,0.00,0.00,0.00,0.00,0.00,0.00,0,,8.0,80.0,0
2025-10-11T14:36:29.710473,149.985,0.00,0.00,0.00,0.00,0.00,0.00,0.00,0,,8.0,80.0,0
2025-10-11T14:36:31.886920,152.161,0.00,0.00,0.00,0.00,0.00,0.00,0.00,0,,7.0,80.0,0
2025-10-11T14:36:31.889147,152.163,0.00,0.00,0.00,0.00,0.00,0.00,0.00,0,,7.0,80.0,0
2025-10-11T14:36:31.891626,152.166,0.00,0.00,0.00,0.00,0.00,0.00,0.00,0,,7.0,70.0,0
2025-10-11T14:36:31.894670,152.169,0.00,0.00,0.00,0.00,0.00,0.00,0.00,0,,7.0,70.0,0
2025-10-11T14:36:33.971773,154.246,0.00,0.00,0.00,0.00,0.00,0.00,0.00,0,,6.0,70.0,0
2025-10-11T14:36:33.975950,154.250,0.00,0.00,0.00,0.00,0.00,0.00,0.00,0,,6.0,70.0,0
2025-10-11T14:36:33.980304,154.254,0.00,0.00,0.00,0.00,0.00,0.00,0.00,0,,6.0,60.0,0
2025-10-11T14:36:33.983876,154.258,0.00,0.00,0.00,0.00,0.00,0.00,0.00,0,,6.0,60.0,0
2025-10-11T14:36:36.049782,156.324,0.00,0.00,0.00,0.00,0.00,0.00,0.00,0,,5.0,60.0,0
2025-10-11T14:36:36.051702,156.326,0.00,0.00,0.00,0.00,0.00,0.00,0.00,0,,5.0,60.0,0
2025-10-11T14:36:36.053873,156.328,0.00,0.00,0.00,0.00,0.00,0.00,0.00,0,,5.0,50.0,0
2025-10-11T14:36:36.055985,156.330,0.00,0.00,0.00,0.00,0.00,0.00,0.00,0,,5.0,50.0,0
2025-10-11T14:36:38.336315,158.610,0.00,0.00,0.00,0.00,0.00,0.00,0.00,0,,4.0,50.0,0
2025-10-11T14:36:38.338302,158.612,0.00,0.00,0.00,0.00,0.00,0.00,0.00,0,,4.0,50.0,0
2025-10-11T14:36:38.340319,158.614,0.00,0.00,0.00,0.00,0.00,0.00,0.00,0,,4.0,40.0,0
2025-10-11T14:36:38.343825,158.618,0.00,0.00,0.00,0.00,0.00,0.00,0.00,0,,4.0,40.0,0
2025-10-11T14:36:40.319029,160.593,0.00,0.00,0.00,0.00,0.00,0.00,0.00,0,,3.0,40.0,0
2025-10-11T14:36:40.321065,160.595,0.00,0.00,0.00,0.00,0.00,0.00,0.00,0,,3.0,40.0,0
2025-10-11T14:36:40.322681,160.597,0.00,0.00,0.00,0.00,0.00,0.00,0.00,0,,3.0,30.0,0
2025-10-11T14:36:40.325479,160.600,0.00,0.00,0.00,0.00,0.00,0.00,0.00,0,,3.0,30.0,0
2025-10-11T14:36:42.324190,162.598,0.00,0.00,0.00,0.00,0.00,0.00,0.00,0,,2.0,30.0,0
2025-10-11T14:36:42.326275,162.600,0.00,0.00,0.00,0.00,0.00,0.00,0.00,0,,2.0,30.0,0
2025-10-11T14:36:42.328739,162.603,0.00,0.00,0.00,0.00,0.00,0.00,0.00,0,,2.0,20.0,0
2025-10-11T14:36:42.331840,162.606,0.00,0.00,0.00,0.00,0.00,0.00,0.00,0,,2.0,20.0,0
2025-10-11T14:36:44.295796,164.570,0.00,0.00,0.00,0.00,0.00,0.00,0.00,0,,1.0,20.0,0
2025-10-11T14:36:44.299163,164.573,0.00,0.00,0.00,0.00,0.00,0.00,0.00,0,,1.0,20.0,0
2025-10-11T14:36:44.302740,164.577,0.00,0.00,0.00,0.00,0.00,0.00,0.00,0,,1.0,10.0,0
2025-10-11T14:36:44.304633,164.579,0.00,0.00,0.00,0.00,0.00,0.00,0.00,0,,1.0,10.0,0
2025-10-11T14:36:46.385631,166.660,0.00,0.00,0.00,0.00,0.00,0.00,0.00,0,,2.0,10.0,0
2025-10-11T14:36:46.387756,166.662,0.00,0.00,0.00,0.00,0.00,0.00,0.00,0,,2.0,10.0,0
2025-10-11T14:36:46.389593,166.664,0.00,0.00,0.00,0.00,0.00,0.00,0.00,0,,2.0,20.0,0
2025-10-11T14:36:46.392366,166.667,0.00,0.00,0.00,0.00,0.00,0.00,0.00,0,,2.0,20.0,0
2025-10-11T14:36:48.462761,168.737,0.00,0.00,0.00,0.00,0.00,0.00,0.00,0,,3.0,20.0,0
2025-10-11T14:36:48.464702,168.739,0.00,0.00,0.00,0.00,0.00,0.00,0.00,0,,3.0,20.0,0
2025-10-11T14:36:48.466812,168.741,0.00,0.00,0.00,0.00,0.00,0.00,0.00,0,,3.0,30.0,0
2025-10-11T14:36:48.469258,168.743,0.00,0.00,0.00,0.00,0.00,0.00,0.00,0,,3.0,30.0,0
2025-10-11T14:36:51.205726,171.480,0.00,0.00,0.00,0.00,0.00,0.00,0.00,0,,4.0,30.0,0
2025-10-11T14:36:51.207928,171.482,0.00,0.00,0.00,0.00,0.00,0.00,0.00,0,,4.0,30.0,0
2025-10-11T14:36:51.209823,171.484,0.00,0.00,0.00,0.00,0.00,0.00,0.00,0,,4.0,40.0,0
2025-10-11T14:36:51.212386,171.487,0.00,0.00,0.00,0.00,0.00,0.00,0.00,0,,4.0,40.0,0
2025-10-11T14:36:53.169301,173.443,0.00,0.00,0.00,0.00,0.00,0.00,0.00,0,,5.0,40.0,0
2025-10-11T14:36:53.171290,173.445,0.00,0.00,0.00,0.00,0.00,0.00,0.00,0,,5.0,40.0,0
2025-10-11T14:36:53.173030,173.447,0.00,0.00,0.00,0.00,0.00,0.00,0.00,0,,5.0,50.0,0
2025-10-11T14:36:53.174937,173.449,0.00,0.00,0.00,0.00,0.00,0.00,0.00,0,,5.0,50.0,0
2025-10-11T14:36:55.249657,175.524,0.00,0.00,0.00,0.00,0.00,0.00,0.00,0,,6.0,50.0,0
2025-10-11T14:36:55.251774,175.526,0.00,0.00,0.00,0.00,0.00,0.00,0.00,0,,6.0,50.0,0
2025-10-11T14:36:55.254129,175.528,0.00,0.00,0.00,0.00,0.00,0.00,0.00,0,,6.0,60.0,0
2025-10-11T14:36:55.257703,175.532,0.00,0.00,0.00,0.00,0.00,0.00,0.00,0,,6.0,60.0,0
2025-10-11T14:36:57.335238,177.609,0.00,0.00,0.00,0.00,0.00,0.00,0.00,0,,7.0,60.0,0
2025-10-11T14:36:57.337399,177.612,0.00,0.00,0.00,0.00,0.00,0.00,0.00,0,,7.0,60.0,0
2025-10-11T14:36:57.339296,177.613,0.00,0.00,0.00,0.00,0.00,0.00,0.00,0,,7.0,70.0,0
2025-10-11T14:36:57.342187,177.616,0.00,0.00,0.00,0.00,0.00,0.00,0.00,0,,7.0,70.0,0
2025-10-11T14:36:59.420567,179.695,0.00,0.00,0.00,0.00,0.00,0.00,0.00,0,,8.0,70.0,0
2025-10-11T14:36:59.422847,179.697,0.00,0.00,0.00,0.00,0.00,0.00,0.00,0,,8.0,70.0,0
2025-10-11T14:36:59.424734,179.699,0.00,0.00,0.00,0.00,0.00,0.00,0.00,0,,8.0,80.0,0
2025-10-11T14:36:59.427365,179.702,0.00,0.00,0.00,0.00,0.00,0.00,0.00,0,,8.0,80.0,0
2025-10-11T14:37:02.154763,182.429,0.00,0.00,0.00,0.00,0.00,0.00,0.00,0,,9.0,80.0,0
2025-10-11T14:37:02.156976,182.431,0.00,0.00,0.00,0.00,0.00,0.00,0.00,0,,9.0,80.0,0
2025-10-11T14:37:02.159415,182.434,0.00,0.00,0.00,0.00,0.00,0.00,0.00,0,,9.0,90.0,0
2025-10-11T14:37:02.162389,182.437,0.00,0.00,0.00,0.00,0.00,0.00,0.00,0,,9.0,90.0,0
2025-10-11T14:37:04.122095,184.396,0.00,0.00,0.00,0.00,0.00,0.00,0.00,0,,8.0,90.0,0
2025-10-11T14:37:04.124630,184.399,0.00,0.00,0.00,0.00,0.00,0.00,0.00,0,,8.0,90.0,0
2025-10-11T14:37:04.127068,184.401,0.00,0.00,0.00,0.00,0.00,0.00,0.00,0,,8.0,80.0,0
2025-10-11T14:37:04.129439,184.404,0.00,0.00,0.00,0.00,0.00,0.00,0.00,0,,8.0,80.0,0
2025-10-11T14:37:06.112929,186.387,0.00,0.00,0.00,0.00,0.00,0.00,0.00,0,,7.0,80.0,0
2025-10-11T14:37:06.114980,186.389,0.00,0.00,0.00,0.00,0.00,0.00,0.00,0,,7.0,80.0,0
2025-10-11T14:37:06.117190,186.391,0.00,0.00,0.00,0.00,0.00,0.00,0.00,0,,7.0,70.0,0
2025-10-11T14:37:06.119820,186.394,0.00,0.00,0.00,0.00,0.00,0.00,0.00,0,,7.0,70.0,0
2025-10-11T14:37:08.189578,188.464,0.00,0.00,0.00,0.00,0.00,0.00,0.00,0,,6.0,70.0,0
2025-10-11T14:37:08.191538,188.466,0.00,0.00,0.00,0.00,0.00,0.00,0.00,0,,6.0,70.0,0
2025-10-11T14:37:08.193589,188.468,0.00,0.00,0.00,0.00,0.00,0.00,0.00,0,,6.0,60.0,0
2025-10-11T14:37:08.197051,188.471,0.00,0.00,0.00,0.00,0.00,0.00,0.00,0,,6.0,60.0,0
2025-10-11T14:37:10.045010,190.319,0.00,0.00,0.00,0.00,0.00,0.00,0.00,0,,5.0,60.0,0
2025-10-11T14:37:10.047424,190.322,0.00,0.00,0.00,0.00,0.00,0.00,0.00,0,,5.0,60.0,0
2025-10-11T14:37:10.049655,190.324,0.00,0.00,0.00,0.00,0.00,0.00,0.00,0,,5.0,50.0,0
2025-10-11T14:37:10.052168,190.326,0.00,0.00,0.00,0.00,0.00,0.00,0.00,0,,5.0,50.0,0
2025-10-11T14:37:12.129208,192.403,0.00,0.00,0.00,0.00,0.00,0.00,0.00,0,,4.0,50.0,0
2025-10-11T14:37:12.132036,192.406,0.00,0.00,0.00,0.00,0.00,0.00,0.00,0,,4.0,50.0,0
2025-10-11T14:37:13.218691,193.493,0.00,0.00,0.00,0.00,0.00,0.00,0.00,0,,4.0,40.0,0
2025-10-11T14:37:13.221158,193.495,0.00,0.00,0.00,0.00,0.00,0.00,0.00,0,,4.0,40.0,0
2025-10-11T14:37:15.193783,195.468,0.00,0.00,0.00,0.00,0.00,0.00,0.00,0,,3.0,40.0,0
2025-10-11T14:37:15.195813,195.470,0.00,0.00,0.00,0.00,0.00,0.00,0.00,0,,3.0,40.0,0
2025-10-11T14:37:15.198747,195.473,0.00,0.00,0.00,0.00,0.00,0.00,0.00,0,,3.0,30.0,0
2025-10-11T14:37:15.201939,195.476,0.00,0.00,0.00,0.00,0.00,0.00,0.00,0,,3.0,30.0,0
2025-10-11T14:37:17.060074,197.334,0.00,0.00,0.00,0.00,0.00,0.00,0.00,0,,2.0,30.0,0
2025-10-11T14:37:17.062117,197.336,0.00,0.00,0.00,0.00,0.00,0.00,0.00,0,,2.0,30.0,0
2025-10-11T14:37:17.064247,197.338,0.00,0.00,0.00,0.00,0.00,0.00,0.00,0,,2.0,20.0,0
2025-10-11T14:37:17.066807,197.341,0.00,0.00,0.00,0.00,0.00,0.00,0.00,0,,2.0,20.0,0
2025-10-11T14:37:19.027609,199.302,0.00,0.00,0.00,0.00,0.00,0.00,0.00,0,,1.0,20.0,0
2025-10-11T14:37:19.029555,199.304,0.00,0.00,0.00,0.00,0.00,0.00,0.00,0,,1.0,20.0,0
2025-10-11T14:37:19.031771,199.306,0.00,0.00,0.00,0.00,0.00,0.00,0.00,0,,1.0,10.0,0
2025-10-11T14:37:19.034236,199.308,0.00,0.00,0.00,0.00,0.00,0.00,0.00,0,,1.0,10.0,0
2025-10-11T14:37:20.897793,201.172,0.00,0.00,0.00,0.00,0.00,0.00,0.00,0,,2.0,10.0,0
2025-10-11T14:37:20.899658,201.174,0.00,0.00,0.00,0.00,0.00,0.00,0.00,0,,2.0,10.0,0
2025-10-11T14:37:20.901694,201.176,0.00,0.00,0.00,0.00,0.00,0.00,0.00,0,,2.0,20.0,0
2025-10-11T14:37:20.904346,201.179,0.00,0.00,0.00,0.00,0.00,0.00,0.00,0,,2.0,20.0,0
2025-10-11T14:37:23.660468,203.935,0.00,0.00,0.00,0.00,0.00,0.00,0.00,0,,3.0,20.0,0
2025-10-11T14:37:23.662600,203.937,0.00,0.00,0.00,0.00,0.00,0.00,0.00,0,,3.0,20.0,0
2025-10-11T14:37:23.664415,203.939,0.00,0.00,0.00,0.00,0.00,0.00,0.00,0,,3.0,30.0,0
2025-10-11T14:37:23.667531,203.942,0.00,0.00,0.00,0.00,0.00,0.00,0.00,0,,3.0,30.0,0
2025-10-11T14:37:25.528016,205.802,0.00,0.00,0.00,0.00,0.00,0.00,0.00,0,,4.0,30.0,0
2025-10-11T14:37:25.529807,205.804,0.00,0.00,0.00,0.00,0.00,0.00,0.00,0,,4.0,30.0,0
2025-10-11T14:37:25.531638,205.806,0.00,0.00,0.00,0.00,0.00,0.00,0.00,0,,4.0,40.0,0
2025-10-11T14:37:25.534532,205.809,0.00,0.00,0.00,0.00,0.00,0.00,0.00,0,,4.0,40.0,0
2025-10-11T14:37:27.396414,207.671,0.00,0.00,0.00,0.00,0.00,0.00,0.00,0,,5.0,40.0,0
2025-10-11T14:37:27.398497,207.673,0.00,0.00,0.00,0.00,0.00,0.00,0.00,0,,5.0,40.0,0
2025-10-11T14:37:28.381839,208.656,0.00,0.00,0.00,0.00,0.00,0.00,0.00,0,,5.0,50.0,0
2025-10-11T14:37:28.384288,208.658,0.00,0.00,0.00,0.00,0.00,0.00,0.00,0,,5.0,50.0,0
2025-10-11T14:37:30.248229,210.522,0.00,0.00,0.00,0.00,0.00,0.00,0.00,0,,6.0,50.0,0
2025-10-11T14:37:30.250754,210.525,0.00,0.00,0.00,0.00,0.00,0.00,0.00,0,,6.0,50.0,0
2025-10-11T14:37:30.252862,210.527,0.00,0.00,0.00,0.00,0.00,0.00,0.00,0,,6.0,60.0,0
2025-10-11T14:37:30.255415,210.530,0.00,0.00,0.00,0.00,0.00,0.00,0.00,0,,6.0,60.0,0
2025-10-11T14:37:31.997473,212.272,0.00,0.00,0.00,0.00,0.00,0.00,0.00,0,,7.0,60.0,0
2025-10-11T14:37:31.999334,212.274,0.00,0.00,0.00,0.00,0.00,0.00,0.00,0,,7.0,60.0,0
2025-10-11T14:37:32.001489,212.276,0.00,0.00,0.00,0.00,0.00,0.00,0.00,0,,7.0,70.0,0
2025-10-11T14:37:32.004644,212.279,0.00,0.00,0.00,0.00,0.00,0.00,0.00,0,,7.0,70.0,0
2025-10-11T14:37:34.730048,215.004,0.00,0.00,0.00,0.00,0.00,0.00,0.00,0,,8.0,70.0,0
2025-10-11T14:37:34.732296,215.006,0.00,0.00,0.00,0.00,0.00,0.00,0.00,0,,8.0,70.0,0
2025-10-11T14:37:34.734509,215.009,0.00,0.00,0.00,0.00,0.00,0.00,0.00,0,,8.0,80.0,0
2025-10-11T14:37:34.737106,215.011,0.00,0.00,0.00,0.00,0.00,0.00,0.00,0,,8.0,80.0,0
2025-10-11T14:37:36.719192,216.993,0.00,0.00,0.00,0.00,0.00,0.00,0.00,0,,9.0,80.0,0
2025-10-11T14:37:36.721382,216.996,0.00,0.00,0.00,0.00,0.00,0.00,0.00,0,,9.0,80.0,0
2025-10-11T14:37:36.723774,216.998,0.00,0.00,0.00,0.00,0.00,0.00,0.00,0,,9.0,90.0,0
2025-10-11T14:37:36.726724,217.001,0.00,0.00,0.00,0.00,0.00,0.00,0.00,0,,9.0,90.0,0
2025-10-11T14:37:38.924561,219.199,0.00,0.00,0.00,0.00,0.00,0.00,0.00,0,,8.0,90.0,0
2025-10-11T14:37:38.926772,219.201,0.00,0.00,0.00,0.00,0.00,0.00,0.00,0,,8.0,90.0,0
2025-10-11T14:37:38.929117,219.203,0.00,0.00,0.00,0.00,0.00,0.00,0.00,0,,8.0,80.0,0
2025-10-11T14:37:38.932940,219.207,0.00,0.00,0.00,0.00,0.00,0.00,0.00,0,,8.0,80.0,0
2025-10-11T14:37:40.896162,221.170,0.00,0.00,0.00,0.00,0.00,0.00,0.00,0,,7.0,80.0,0
2025-10-11T14:37:40.898223,221.172,0.00,0.00,0.00,0.00,0.00,0.00,0.00,0,,7.0,80.0,0
2025-10-11T14:37:40.900221,221.174,0.00,0.00,0.00,0.00,0.00,0.00,0.00,0,,7.0,70.0,0
2025-10-11T14:37:40.903373,221.178,0.00,0.00,0.00,0.00,0.00,0.00,0.00,0,,7.0,70.0,0
2025-10-11T14:37:42.853878,223.128,0.00,0.00,0.00,0.00,0.00,0.00,0.00,0,,6.0,70.0,0
2025-10-11T14:37:42.856176,223.130,0.00,0.00,0.00,0.00,0.00,0.00,0.00,0,,6.0,70.0,0
2025-10-11T14:37:42.858411,223.133,0.00,0.00,0.00,0.00,0.00,0.00,0.00,0,,6.0,60.0,0
2025-10-11T14:37:42.861144,223.135,0.00,0.00,0.00,0.00,0.00,0.00,0.00,0,,6.0,60.0,0
2025-10-11T14:37:44.711668,224.986,0.00,0.00,0.00,0.00,0.00,0.00,0.00,0,,5.0,60.0,0
2025-10-11T14:37:44.713607,224.988,0.00,0.00,0.00,0.00,0.00,0.00,0.00,0,,5.0,60.0,0
2025-10-11T14:37:44.715544,224.990,0.00,0.00,0.00,0.00,0.00,0.00,0.00,0,,5.0,50.0,0
2025-10-11T14:37:44.718483,224.993,0.00,0.00,0.00,0.00,0.00,0.00,0.00,0,,5.0,50.0,0
2025-10-11T14:37:47.463603,227.738,0.00,0.00,0.00,0.00,0.00,0.00,0.00,0,,4.0,50.0,0
2025-10-11T14:37:47.465674,227.740,0.00,0.00,0.00,0.00,0.00,0.00,0.00,0,,4.0,50.0,0
2025-10-11T14:37:47.467957,227.742,0.00,0.00,0.00,0.00,0.00,0.00,0.00,0,,4.0,40.0,0
2025-10-11T14:37:47.470537,227.745,0.00,0.00,0.00,0.00,0.00,0.00,0.00,0,,4.0,40.0,0
2025-10-11T14:37:49.318474,229.593,0.00,0.00,0.00,0.00,0.00,0.00,0.00,0,,3.0,40.0,0
2025-10-11T14:37:49.320520,229.595,0.00,0.00,0.00,0.00,0.00,0.00,0.00,0,,3.0,40.0,0
2025-10-11T14:37:49.322515,229.597,0.00,0.00,0.00,0.00,0.00,0.00,0.00,0,,3.0,30.0,0
2025-10-11T14:37:49.325601,229.600,0.00,0.00,0.00,0.00,0.00,0.00,0.00,0,,3.0,30.0,0
2025-10-11T14:37:51.197703,231.472,0.00,0.00,0.00,0.00,0.00,0.00,0.00,0,,2.0,30.0,0
2025-10-11T14:37:51.199899,231.474,0.00,0.00,0.00,0.00,0.00,0.00,0.00,0,,2.0,30.0,0
2025-10-11T14:37:52.188425,232.463,0.00,0.00,0.00,0.00,0.00,0.00,0.00,0,,2.0,20.0,0
2025-10-11T14:37:52.190743,232.465,0.00,0.00,0.00,0.00,0.00,0.00,0.00,0,,2.0,20.0,0
2025-10-11T14:37:53.941900,234.216,0.00,0.00,0.00,0.00,0.00,0.00,0.00,0,,1.0,20.0,0
2025-10-11T14:37:53.943647,234.218,0.00,0.00,0.00,0.00,0.00,0.00,0.00,0,,1.0,20.0,0
2025-10-11T14:37:53.945575,234.220,0.00,0.00,0.00,0.00,0.00,0.00,0.00,0,,1.0,10.0,0
2025-10-11T14:37:53.948789,234.223,0.00,0.00,0.00,0.00,0.00,0.00,0.00,0,,1.0,10.0,0
2025-10-11T14:37:55.897108,236.171,0.00,0.00,0.00,0.00,0.00,0.00,0.00,0,,2.0,10.0,0
2025-10-11T14:37:55.898988,236.173,0.00,0.00,0.00,0.00,0.00,0.00,0.00,0,,2.0,10.0,0
2025-10-11T14:37:55.900790,236.175,0.00,0.00,0.00,0.00,0.00,0.00,0.00,0,,2.0,20.0,0
2025-10-11T14:37:55.903458,236.178,0.00,0.00,0.00,0.00,0.00,0.00,0.00,0,,2.0,20.0,0
2025-10-11T14:37:57.664342,237.939,0.00,0.00,0.00,0.00,0.00,0.00,0.00,0,,3.0,20.0,0
2025-10-11T14:37:57.666531,237.941,0.00,0.00,0.00,0.00,0.00,0.00,0.00,0,,3.0,20.0,0
2025-10-11T14:37:57.669037,237.943,0.00,0.00,0.00,0.00,0.00,0.00,0.00,0,,3.0,30.0,0
2025-10-11T14:37:57.672720,237.947,0.00,0.00,0.00,0.00,0.00,0.00,0.00,0,,3.0,30.0,0
2025-10-11T14:38:00.315268,240.589,0.00,0.00,0.00,0.00,0.00,0.00,0.00,0,,4.0,30.0,0
2025-10-11T14:38:00.317729,240.592,0.00,0.00,0.00,0.00,0.00,0.00,0.00,0,,4.0,30.0,0
2025-10-11T14:38:00.319947,240.594,0.00,0.00,0.00,0.00,0.00,0.00,0.00,0,,4.0,40.0,0
2025-10-11T14:38:00.322814,240.597,0.00,0.00,0.00,0.00,0.00,0.00,0.00,0,,4.0,40.0,0
2025-10-11T14:38:02.175644,242.450,0.00,0.00,0.00,0.00,0.00,0.00,0.00,0,,5.0,40.0,0
2025-10-11T14:38:02.177669,242.452,0.00,0.00,0.00,0.00,0.00,0.00,0.00,0,,5.0,40.0,0
2025-10-11T14:38:02.179496,242.454,0.00,0.00,0.00,0.00,0.00,0.00,0.00,0,,5.0,50.0,0
2025-10-11T14:38:02.182545,242.457,0.00,0.00,0.00,0.00,0.00,0.00,0.00,0,,5.0,50.0,0
2025-10-11T14:38:04.814298,245.088,0.00,0.00,0.00,0.00,0.00,0.00,0.00,0,,6.0,50.0,0
2025-10-11T14:38:04.816862,245.091,0.00,0.00,0.00,0.00,0.00,0.00,0.00,0,,6.0,50.0,0
2025-10-11T14:38:04.820384,245.095,0.00,0.00,0.00,0.00,0.00,0.00,0.00,0,,6.0,60.0,0
2025-10-11T14:38:04.822524,245.097,0.00,0.00,0.00,0.00,0.00,0.00,0.00,0,,6.0,60.0,0
2025-10-11T14:38:06.783787,247.058,0.00,0.00,0.00,0.00,0.00,0.00,0.00,0,,7.0,60.0,0
2025-10-11T14:38:06.785606,247.060,0.00,0.00,0.00,0.00,0.00,0.00,0.00,0,,7.0,60.0,0
2025-10-11T14:38:06.787597,247.062,0.00,0.00,0.00,0.00,0.00,0.00,0.00,0,,7.0,70.0,0
2025-10-11T14:38:06.790531,247.065,0.00,0.00,0.00,0.00,0.00,0.00,0.00,0,,7.0,70.0,0
2025-10-11T14:38:08.751419,249.026,0.00,0.00,0.00,0.00,0.00,0.00,0.00,0,,8.0,70.0,0
2025-10-11T14:38:08.754202,249.028,0.00,0.00,0.00,0.00,0.00,0.00,0.00,0,,8.0,70.0,0
2025-10-11T14:38:08.756602,249.031,0.00,0.00,0.00,0.00,0.00,0.00,0.00,0,,8.0,80.0,0
2025-10-11T14:38:08.759427,249.034,0.00,0.00,0.00,0.00,0.00,0.00,0.00,0,,8.0,80.0,0
2025-10-11T14:38:10.940684,251.215,0.00,0.00,0.00,0.00,0.00,0.00,0.00,0,,9.0,80.0,0
2025-10-11T14:38:10.943212,251.217,0.00,0.00,0.00,0.00,0.00,0.00,0.00,0,,9.0,80.0,0
2025-10-11T14:38:10.945383,251.220,0.00,0.00,0.00,0.00,0.00,0.00,0.00,0,,9.0,90.0,0
2025-10-11T14:38:10.947867,251.222,0.00,0.00,0.00,0.00,0.00,0.00,0.00,0,,9.0,90.0,0
2025-10-11T14:38:12.914280,253.188,0.00,0.00,0.00,0.00,0.00,0.00,0.00,0,,8.0,90.0,0
2025-10-11T14:38:12.916166,253.190,0.00,0.00,0.00,0.00,0.00,0.00,0.00,0,,8.0,90.0,0
2025-10-11T14:38:13.474015,253.748,0.00,0.00,0.00,0.00,0.00,0.00,0.00,0,,8.0,80.0,0
2025-10-11T14:38:13.475908,253.750,0.00,0.00,0.00,0.00,0.00,0.00,0.00,0,,8.0,80.0,0
2025-10-11T14:38:15.233347,255.508,0.00,0.00,0.00,0.00,0.00,0.00,0.00,0,,7.0,80.0,0
2025-10-11T14:38:15.235840,255.510,0.00,0.00,0.00,0.00,0.00,0.00,0.00,0,,7.0,80.0,0
2025-10-11T14:38:15.238047,255.512,0.00,0.00,0.00,0.00,0.00,0.00,0.00,0,,7.0,70.0,0
2025-10-11T14:38:15.240313,255.514,0.00,0.00,0.00,0.00,0.00,0.00,0.00,0,,7.0,70.0,0
2025-10-11T14:38:17.539448,257.814,0.00,0.00,0.00,0.00,0.00,0.00,0.00,0,,6.0,70.0,0
2025-10-11T14:38:17.541644,257.816,0.00,0.00,0.00,0.00,0.00,0.00,0.00,0,,6.0,70.0,0
2025-10-11T14:38:17.543783,257.818,0.00,0.00,0.00,0.00,0.00,0.00,0.00,0,,6.0,60.0,0
2025-10-11T14:38:17.546244,257.820,0.00,0.00,0.00,0.00,0.00,0.00,0.00,0,,6.0,60.0,0
2025-10-11T14:38:19.513477,259.788,0.00,0.00,0.00,0.00,0.00,0.00,0.00,0,,5.0,60.0,0
2025-10-11T14:38:19.515783,259.790,0.00,0.00,0.00,0.00,0.00,0.00,0.00,0,,5.0,60.0,0
2025-10-11T14:38:19.517596,259.792,0.00,0.00,0.00,0.00,0.00,0.00,0.00,0,,5.0,50.0,0
2025-10-11T14:38:19.520681,259.795,0.00,0.00,0.00,0.00,0.00,0.00,0.00,0,,5.0,50.0,0
2025-10-11T14:38:21.809582,262.084,0.00,0.00,0.00,0.00,0.00,0.00,0.00,0,,4.0,50.0,0
2025-10-11T14:38:21.812102,262.086,0.00,0.00,0.00,0.00,0.00,0.00,0.00,0,,4.0,50.0,0
2025-10-11T14:38:21.814681,262.089,0.00,0.00,0.00,0.00,0.00,0.00,0.00,0,,4.0,40.0,0
2025-10-11T14:38:21.817599,262.092,0.00,0.00,0.00,0.00,0.00,0.00,0.00,0,,4.0,40.0,0
2025-10-11T14:38:23.992884,264.267,0.00,0.00,0.00,0.00,0.00,0.00,0.00,0,,3.0,40.0,0
2025-10-11T14:38:23.995145,264.269,0.00,0.00,0.00,0.00,0.00,0.00,0.00,0,,3.0,40.0,0
2025-10-11T14:38:23.997412,264.272,0.00,0.00,0.00,0.00,0.00,0.00,0.00,0,,3.0,30.0,0
2025-10-11T14:38:24.000241,264.274,0.00,0.00,0.00,0.00,0.00,0.00,0.00,0,,3.0,30.0,0
2025-10-11T14:38:26.191893,266.466,0.00,0.00,0.00,0.00,0.00,0.00,0.00,0,,2.0,30.0,0
2025-10-11T14:38:26.194372,266.469,0.00,0.00,0.00,0.00,0.00,0.00,0.00,0,,2.0,30.0,0
2025-10-11T14:38:26.196844,266.471,0.00,0.00,0.00,0.00,0.00,0.00,0.00,0,,2.0,20.0,0
2025-10-11T14:38:26.199486,266.474,0.00,0.00,0.00,0.00,0.00,0.00,0.00,0,,2.0,20.0,0
2025-10-11T14:38:28.388914,268.663,0.00,0.00,0.00,0.00,0.00,0.00,0.00,0,,1.0,20.0,0
2025-10-11T14:38:28.391000,268.665,0.00,0.00,0.00,0.00,0.00,0.00,0.00,0,,1.0,20.0,0
2025-10-11T14:38:28.393120,268.667,0.00,0.00,0.00,0.00,0.00,0.00,0.00,0,,1.0,10.0,0
2025-10-11T14:38:28.395787,268.670,0.00,0.00,0.00,0.00,0.00,0.00,0.00,0,,1.0,10.0,0
2025-10-11T14:38:30.248255,270.522,0.00,0.00,0.00,0.00,0.00,0.00,0.00,0,,2.0,10.0,0
2025-10-11T14:38:30.250167,270.524,0.00,0.00,0.00,0.00,0.00,0.00,0.00,0,,2.0,10.0,0
2025-10-11T14:38:30.892655,271.167,0.00,0.00,0.00,0.00,0.00,0.00,0.00,0,,2.0,20.0,0
2025-10-11T14:38:30.895488,271.170,0.00,0.00,0.00,0.00,0.00,0.00,0.00,0,,2.0,20.0,0
2025-10-11T14:38:32.974418,273.249,0.00,0.00,0.00,0.00,0.00,0.00,0.00,0,,3.0,20.0,0
2025-10-11T14:38:32.976474,273.251,0.00,0.00,0.00,0.00,0.00,0.00,0.00,0,,3.0,20.0,0
2025-10-11T14:38:32.979709,273.254,0.00,0.00,0.00,0.00,0.00,0.00,0.00,0,,3.0,30.0,0
2025-10-11T14:38:32.984686,273.259,0.00,0.00,0.00,0.00,0.00,0.00,0.00,0,,3.0,30.0,0
2025-10-11T14:38:35.071438,275.346,0.00,0.00,0.00,0.00,0.00,0.00,0.00,0,,4.0,30.0,0
2025-10-11T14:38:35.076175,275.350,0.00,0.00,0.00,0.00,0.00,0.00,0.00,0,,4.0,30.0,0
2025-10-11T14:38:35.079045,275.353,0.00,0.00,0.00,0.00,0.00,0.00,0.00,0,,4.0,40.0,0
2025-10-11T14:38:35.082034,275.356,0.00,0.00,0.00,0.00,0.00,0.00,0.00,0,,4.0,40.0,0
2025-10-11T14:38:37.617325,277.891,0.00,0.00,0.00,0.00,0.00,0.00,0.00,0,,5.0,40.0,0
2025-10-11T14:38:37.619428,277.894,0.00,0.00,0.00,0.00,0.00,0.00,0.00,0,,5.0,40.0,0
2025-10-11T14:38:37.621559,277.896,0.00,0.00,0.00,0.00,0.00,0.00,0.00,0,,5.0,50.0,0
2025-10-11T14:38:37.624685,277.899,0.00,0.00,0.00,0.00,0.00,0.00,0.00,0,,5.0,50.0,0
2025-10-11T14:38:39.811431,280.086,0.00,0.00,0.00,0.00,0.00,0.00,0.00,0,,6.0,50.0,0
2025-10-11T14:38:39.813657,280.088,0.00,0.00,0.00,0.00,0.00,0.00,0.00,0,,6.0,50.0,0
2025-10-11T14:38:39.817383,280.092,0.00,0.00,0.00,0.00,0.00,0.00,0.00,0,,6.0,60.0,0
2025-10-11T14:38:39.819671,280.094,0.00,0.00,0.00,0.00,0.00,0.00,0.00,0,,6.0,60.0,0
2025-10-11T14:38:41.993019,282.267,0.00,0.00,0.00,0.00,0.00,0.00,0.00,0,,7.0,60.0,0
2025-10-11T14:38:41.995660,282.270,0.00,0.00,0.00,0.00,0.00,0.00,0.00,0,,7.0,60.0,0
2025-10-11T14:38:41.999442,282.274,0.00,0.00,0.00,0.00,0.00,0.00,0.00,0,,7.0,70.0,0
2025-10-11T14:38:42.002300,282.276,0.00,0.00,0.00,0.00,0.00,0.00,0.00,0,,7.0,70.0,0
2025-10-11T14:38:44.298661,284.573,0.00,0.00,0.00,0.00,0.00,0.00,0.00,0,,8.0,70.0,0
2025-10-11T14:38:44.300736,284.575,0.00,0.00,0.00,0.00,0.00,0.00,0.00,0,,8.0,70.0,0
2025-10-11T14:38:44.302699,284.577,0.00,0.00,0.00,0.00,0.00,0.00,0.00,0,,8.0,80.0,0
2025-10-11T14:38:44.305612,284.580,0.00,0.00,0.00,0.00,0.00,0.00,0.00,0,,8.0,80.0,0
2025-10-11T14:38:46.385748,286.660,0.00,0.00,0.00,0.00,0.00,0.00,0.00,0,,9.0,80.0,0
2025-10-11T14:38:46.388419,286.663,0.00,0.00,0.00,0.00,0.00,0.00,0.00,0,,9.0,80.0,0
2025-10-11T14:38:46.390970,286.665,0.00,0.00,0.00,0.00,0.00,0.00,0.00,0,,9.0,90.0,0
2025-10-11T14:38:46.395018,286.669,0.00,0.00,0.00,0.00,0.00,0.00,0.00,0,,9.0,90.0,0
2025-10-11T14:38:51.333557,291.608,0.00,0.00,0.00,0.00,0.00,0.00,0.00,0,,9.0,90.0,30.0
2025-10-11T14:38:51.336173,291.610,0.00,0.00,0.00,0.00,0.00,0.00,0.00,0,,9.0,90.0,30.0
2025-10-11T14:38:51.338718,291.613,0.00,0.00,0.00,0.00,0.00,0.00,0.00,0,,3.0,90.0,30.0
2025-10-11T14:38:51.341107,291.615,0.00,0.00,0.00,0.00,0.00,0.00,0.00,0,,3.0,90.0,30.0
2025-10-11T14:38:52.317229,292.591,0.00,0.00,0.00,0.00,0.00,0.00,0.00,0,,3.0,30.0,30.0
2025-10-11T14:38:52.319312,292.593,0.00,0.00,0.00,0.00,0.00,0.00,0.00,0,,3.0,30.0,30.0
2025-10-11T14:38:53.402385,293.677,0.00,0.00,0.00,0.00,0.00,0.00,0.00,0,,3.0,30.0,40.0
2025-10-11T14:38:53.404874,293.679,0.00,0.00,0.00,0.00,0.00,0.00,0.00,0,,3.0,30.0,40.0
2025-10-11T14:38:54.053194,294.327,0.00,0.00,0.00,0.00,0.00,0.00,0.00,0,,4.0,30.0,40.0
2025-10-11T14:38:54.055482,294.330,0.00,0.00,0.00,0.00,0.00,0.00,0.00,0,,4.0,30.0,40.0
2025-10-11T14:38:54.057409,294.332,0.00,0.00,0.00,0.00,0.00,0.00,0.00,0,,4.0,40.0,40.0
2025-10-11T14:38:54.060654,294.335,0.00,0.00,0.00,0.00,0.00,0.00,0.00,0,,4.0,40.0,40.0
2025-10-11T14:38:56.048962,296.323,0.00,0.00,0.00,0.00,0.00,0.00,0.00,0,,4.0,40.0,50.0
2025-10-11T14:38:56.051503,296.326,0.00,0.00,0.00,0.00,0.00,0.00,0.00,0,,4.0,40.0,50.0
2025-10-11T14:38:56.053603,296.328,0.00,0.00,0.00,0.00,0.00,0.00,0.00,0,,5.0,40.0,50.0
2025-10-11T14:38:56.056330,296.331,0.00,0.00,0.00,0.00,0.00,0.00,0.00,0,,5.0,40.0,50.0
2025-10-11T14:38:56.058861,296.333,0.00,0.00,0.00,0.00,0.00,0.00,0.00,0,,5.0,50.0,50.0
2025-10-11T14:38:56.061447,296.336,0.00,0.00,0.00,0.00,0.00,0.00,0.00,0,,5.0,50.0,50.0
2025-10-11T14:38:58.132381,298.407,0.00,0.00,0.00,0.00,0.00,0.00,0.00,0,,5.0,50.0,60.0
2025-10-11T14:38:58.134465,298.409,0.00,0.00,0.00,0.00,0.00,0.00,0.00,0,,5.0,50.0,60.0
2025-10-11T14:38:58.136514,298.411,0.00,0.00,0.00,0.00,0.00,0.00,0.00,0,,6.0,50.0,60.0
2025-10-11T14:38:58.139822,298.414,0.00,0.00,0.00,0.00,0.00,0.00,0.00,0,,6.0,50.0,60.0
2025-10-11T14:38:58.679719,298.954,0.00,0.00,0.00,0.00,0.00,0.00,0.00,0,,6.0,60.0,60.0
2025-10-11T14:38:58.681658,298.956,0.00,0.00,0.00,0.00,0.00,0.00,0.00,0,,6.0,60.0,60.0
2025-10-11T14:39:00.566792,300.841,0.00,0.00,0.00,0.00,0.00,0.00,0.00,0,,6.0,60.0,70.0
2025-10-11T14:39:00.569350,300.844,0.00,0.00,0.00,0.00,0.00,0.00,0.00,0,,6.0,60.0,70.0
2025-10-11T14:39:00.571818,300.846,0.00,0.00,0.00,0.00,0.00,0.00,0.00,0,,7.0,60.0,70.0
2025-10-11T14:39:00.574553,300.849,0.00,0.00,0.00,0.00,0.00,0.00,0.00,0,,7.0,60.0,70.0
2025-10-11T14:39:00.576535,300.851,0.00,0.00,0.00,0.00,0.00,0.00,0.00,0,,7.0,70.0,70.0
2025-10-11T14:39:00.579496,300.854,0.00,0.00,0.00,0.00,0.00,0.00,0.00,0,,7.0,70.0,70.0
2025-10-11T14:39:02.769758,303.044,0.00,0.00,0.00,0.00,0.00,0.00,0.00,0,,7.0,70.0,80.0
2025-10-11T14:39:02.772043,303.046,0.00,0.00,0.00,0.00,0.00,0.00,0.00,0,,7.0,70.0,80.0
2025-10-11T14:39:02.774370,303.049,0.00,0.00,0.00,0.00,0.00,0.00,0.00,0,,8.0,70.0,80.0
2025-10-11T14:39:02.777126,303.051,0.00,0.00,0.00,0.00,0.00,0.00,0.00,0,,8.0,70.0,80.0
2025-10-11T14:39:02.779315,303.053,0.00,0.00,0.00,0.00,0.00,0.00,0.00,0,,8.0,80.0,80.0
2025-10-11T14:39:02.781961,303.056,0.00,0.00,0.00,0.00,0.00,0.00,0.00,0,,8.0,80.0,80.0
2025-10-11T14:39:05.154422,305.429,0.00,0.00,0.00,0.00,0.00,0.00,0.00,0,,8.0,80.0,90.0
2025-10-11T14:39:05.157028,305.431,0.00,0.00,0.00,0.00,0.00,0.00,0.00,0,,8.0,80.0,90.0
2025-10-11T14:39:05.159371,305.434,0.00,0.00,0.00,0.00,0.00,0.00,0.00,0,,9.0,80.0,90.0
2025-10-11T14:39:05.162057,305.436,0.00,0.00,0.00,0.00,0.00,0.00,0.00,0,,9.0,80.0,90.0
2025-10-11T14:39:05.164451,305.439,0.00,0.00,0.00,0.00,0.00,0.00,0.00,0,,9.0,90.0,90.0
2025-10-11T14:39:05.168120,305.442,0.00,0.00,0.00,0.00,0.00,0.00,0.00,0,,9.0,90.0,90.0
2025-10-11T14:39:07.133273,307.407,0.00,0.00,0.00,0.00,0.00,0.00,0.00,0,,9.0,90.0,80.0
2025-10-11T14:39:07.135815,307.410,0.00,0.00,0.00,0.00,0.00,0.00,0.00,0,,9.0,90.0,80.0
2025-10-11T14:39:07.138354,307.413,0.00,0.00,0.00,0.00,0.00,0.00,0.00,0,,8.0,90.0,80.0
2025-10-11T14:39:07.140935,307.415,0.00,0.00,0.00,0.00,0.00,0.00,0.00,0,,8.0,90.0,80.0
2025-10-11T14:39:07.684480,307.959,0.00,0.00,0.00,0.00,0.00,0.00,0.00,0,,8.0,80.0,80.0
2025-10-11T14:39:07.686690,307.961,0.00,0.00,0.00,0.00,0.00,0.00,0.00,0,,8.0,80.0,80.0
2025-10-11T14:39:09.875625,310.150,0.00,0.00,0.00,0.00,0.00,0.00,0.00,0,,8.0,80.0,70.0
2025-10-11T14:39:09.878064,310.152,0.00,0.00,0.00,0.00,0.00,0.00,0.00,0,,8.0,80.0,70.0
2025-10-11T14:39:09.880579,310.155,0.00,0.00,0.00,0.00,0.00,0.00,0.00,0,,7.0,80.0,70.0
2025-10-11T14:39:09.883442,310.158,0.00,0.00,0.00,0.00,0.00,0.00,0.00,0,,7.0,80.0,70.0
2025-10-11T14:39:09.886250,310.160,0.00,0.00,0.00,0.00,0.00,0.00,0.00,0,,7.0,70.0,70.0
2025-10-11T14:39:09.888931,310.163,0.00,0.00,0.00,0.00,0.00,0.00,0.00,0,,7.0,70.0,70.0
2025-10-11T14:39:11.850286,312.124,0.00,0.00,0.00,0.00,0.00,0.00,0.00,0,,7.0,70.0,60.0
2025-10-11T14:39:11.852591,312.127,0.00,0.00,0.00,0.00,0.00,0.00,0.00,0,,7.0,70.0,60.0
2025-10-11T14:39:12.421368,312.696,0.00,0.00,0.00,0.00,0.00,0.00,0.00,0,,6.0,70.0,60.0
2025-10-11T14:39:12.423259,312.697,0.00,0.00,0.00,0.00,0.00,0.00,0.00,0,,6.0,70.0,60.0
2025-10-11T14:39:12.425062,312.699,0.00,0.00,0.00,0.00,0.00,0.00,0.00,0,,6.0,60.0,60.0
2025-10-11T14:39:12.427060,312.701,0.00,0.00,0.00,0.00,0.00,0.00,0.00,0,,6.0,60.0,60.0
2025-10-11T14:39:14.499837,314.774,0.00,0.00,0.00,0.00,0.00,0.00,0.00,0,,6.0,60.0,50.0
2025-10-11T14:39:14.502204,314.776,0.00,0.00,0.00,0.00,0.00,0.00,0.00,0,,6.0,60.0,50.0
2025-10-11T14:39:14.504702,314.779,0.00,0.00,0.00,0.00,0.00,0.00,0.00,0,,5.0,60.0,50.0
2025-10-11T14:39:14.507263,314.781,0.00,0.00,0.00,0.00,0.00,0.00,0.00,0,,5.0,60.0,50.0
2025-10-11T14:39:14.509571,314.784,0.00,0.00,0.00,0.00,0.00,0.00,0.00,0,,5.0,50.0,50.0
2025-10-11T14:39:14.512857,314.787,0.00,0.00,0.00,0.00,0.00,0.00,0.00,0,,5.0,50.0,50.0
2025-10-11T14:39:16.603425,316.878,0.00,0.00,0.00,0.00,0.00,0.00,0.00,0,,5.0,50.0,40.0
2025-10-11T14:39:16.605837,316.880,0.00,0.00,0.00,0.00,0.00,0.00,0.00,0,,5.0,50.0,40.0
2025-10-11T14:39:16.608339,316.883,0.00,0.00,0.00,0.00,0.00,0.00,0.00,0,,4.0,50.0,40.0
2025-10-11T14:39:16.610987,316.885,0.00,0.00,0.00,0.00,0.00,0.00,0.00,0,,4.0,50.0,40.0
2025-10-11T14:39:16.613420,316.888,0.00,0.00,0.00,0.00,0.00,0.00,0.00,0,,4.0,40.0,40.0
2025-10-11T14:39:16.616191,316.890,0.00,0.00,0.00,0.00,0.00,0.00,0.00,0,,4.0,40.0,40.0
2025-10-11T14:39:19.235209,319.509,0.00,0.00,0.00,0.00,0.00,0.00,0.00,0,,4.0,40.0,30.0
2025-10-11T14:39:19.237929,319.512,0.00,0.00,0.00,0.00,0.00,0.00,0.00,0,,4.0,40.0,30.0
2025-10-11T14:39:19.241423,319.516,0.00,0.00,0.00,0.00,0.00,0.00,0.00,0,,3.0,40.0,30.0
2025-10-11T14:39:19.244369,319.519,0.00,0.00,0.00,0.00,0.00,0.00,0.00,0,,3.0,40.0,30.0
2025-10-11T14:39:19.247320,319.521,0.00,0.00,0.00,0.00,0.00,0.00,0.00,0,,3.0,30.0,30.0
2025-10-11T14:39:19.249826,319.524,0.00,0.00,0.00,0.00,0.00,0.00,0.00,0,,3.0,30.0,30.0
2025-10-11T14:39:21.439802,321.714,0.00,0.00,0.00,0.00,0.00,0.00,0.00,0,,3.0,30.0,20.0
2025-10-11T14:39:21.441934,321.716,0.00,0.00,0.00,0.00,0.00,0.00,0.00,0,,3.0,30.0,20.0
2025-10-11T14:39:21.444110,321.718,0.00,0.00,0.00,0.00,0.00,0.00,0.00,0,,2.0,30.0,20.0
2025-10-11T14:39:21.447119,321.721,0.00,0.00,0.00,0.00,0.00,0.00,0.00,0,,2.0,30.0,20.0
2025-10-11T14:39:21.449841,321.724,0.00,0.00,0.00,0.00,0.00,0.00,0.00,0,,2.0,20.0,20.0
2025-10-11T14:39:21.452513,321.727,0.00,0.00,0.00,0.00,0.00,0.00,0.00,0,,2.0,20.0,20.0
2025-10-11T14:39:23.630757,323.905,0.00,0.00,0.00,0.00,0.00,0.00,0.00,0,,2.0,20.0,10.0
2025-10-11T14:39:23.633174,323.907,0.00,0.00,0.00,0.00,0.00,0.00,0.00,0,,2.0,20.0,10.0
2025-10-11T14:39:23.635640,323.910,0.00,0.00,0.00,0.00,0.00,0.00,0.00,0,,1.0,20.0,10.0
2025-10-11T14:39:23.639183,323.913,0.00,0.00,0.00,0.00,0.00,0.00,0.00,0,,1.0,20.0,10.0
2025-10-11T14:39:23.642206,323.916,0.00,0.00,0.00,0.00,0.00,0.00,0.00,0,,1.0,10.0,10.0
2025-10-11T14:39:23.644732,323.919,0.00,0.00,0.00,0.00,0.00,0.00,0.00,0,,1.0,10.0,10.0
2025-10-11T14:39:25.721482,325.996,0.00,0.00,0.00,0.00,0.00,0.00,0.00,0,,1.0,10.0,20.0
2025-10-11T14:39:25.724390,325.999,0.00,0.00,0.00,0.00,0.00,0.00,0.00,0,,1.0,10.0,20.0
2025-10-11T14:39:25.727175,326.001,0.00,0.00,0.00,0.00,0.00,0.00,0.00,0,,2.0,10.0,20.0
2025-10-11T14:39:25.730195,326.004,0.00,0.00,0.00,0.00,0.00,0.00,0.00,0,,2.0,10.0,20.0
2025-10-11T14:39:26.260924,326.535,0.00,0.00,0.00,0.00,0.00,0.00,0.00,0,,2.0,20.0,20.0
2025-10-11T14:39:26.263386,326.538,0.00,0.00,0.00,0.00,0.00,0.00,0.00,0,,2.0,20.0,20.0
2025-10-11T14:39:27.803686,328.078,0.00,0.00,0.00,0.00,0.00,0.00,0.00,0,,2.0,20.0,30.0
2025-10-11T14:39:27.805673,328.080,0.00,0.00,0.00,0.00,0.00,0.00,0.00,0,,2.0,20.0,30.0
2025-10-11T14:39:28.355530,328.630,0.00,0.00,0.00,0.00,0.00,0.00,0.00,0,,3.0,20.0,30.0
2025-10-11T14:39:28.358028,328.632,0.00,0.00,0.00,0.00,0.00,0.00,0.00,0,,3.0,20.0,30.0
2025-10-11T14:39:28.360315,328.634,0.00,0.00,0.00,0.00,0.00,0.00,0.00,0,,3.0,30.0,30.0
2025-10-11T14:39:28.363315,328.637,0.00,0.00,0.00,0.00,0.00,0.00,0.00,0,,3.0,30.0,30.0
2025-10-11T14:39:30.548714,330.823,0.00,0.00,0.00,0.00,0.00,0.00,0.00,0,,3.0,30.0,40.0
2025-10-11T14:39:30.551929,330.826,0.00,0.00,0.00,0.00,0.00,0.00,0.00,0,,3.0,30.0,40.0
2025-10-11T14:39:30.555721,330.830,0.00,0.00,0.00,0.00,0.00,0.00,0.00,0,,4.0,30.0,40.0
2025-10-11T14:39:30.558275,330.832,0.00,0.00,0.00,0.00,0.00,0.00,0.00,0,,4.0,30.0,40.0
2025-10-11T14:39:30.561143,330.835,0.00,0.00,0.00,0.00,0.00,0.00,0.00,0,,4.0,40.0,40.0
2025-10-11T14:39:30.563535,330.838,0.00,0.00,0.00,0.00,0.00,0.00,0.00,0,,4.0,40.0,40.0
2025-10-11T14:39:32.518714,332.793,0.00,0.00,0.00,0.00,0.00,0.00,0.00,0,,4.0,40.0,50.0
2025-10-11T14:39:32.520921,332.795,0.00,0.00,0.00,0.00,0.00,0.00,0.00,0,,4.0,40.0,50.0
2025-10-11T14:39:33.055446,333.330,0.00,0.00,0.00,0.00,0.00,0.00,0.00,0,,5.0,40.0,50.0
2025-10-11T14:39:33.057631,333.332,0.00,0.00,0.00,0.00,0.00,0.00,0.00,0,,5.0,40.0,50.0
2025-10-11T14:39:33.059565,333.334,0.00,0.00,0.00,0.00,0.00,0.00,0.00,0,,5.0,50.0,50.0
2025-10-11T14:39:33.062492,333.337,0.00,0.00,0.00,0.00,0.00,0.00,0.00,0,,5.0,50.0,50.0
2025-10-11T14:39:34.920890,335.195,0.00,0.00,0.00,0.00,0.00,0.00,0.00,0,,5.0,50.0,60.0
2025-10-11T14:39:34.922998,335.197,0.00,0.00,0.00,0.00,0.00,0.00,0.00,0,,5.0,50.0,60.0
2025-10-11T14:39:34.926508,335.201,0.00,0.00,0.00,0.00,0.00,0.00,0.00,0,,6.0,50.0,60.0
2025-10-11T14:39:34.929238,335.203,0.00,0.00,0.00,0.00,0.00,0.00,0.00,0,,6.0,50.0,60.0
2025-10-11T14:39:35.918241,336.192,0.00,0.00,0.00,0.00,0.00,0.00,0.00,0,,6.0,60.0,60.0
2025-10-11T14:39:35.921349,336.196,0.00,0.00,0.00,0.00,0.00,0.00,0.00,0,,6.0,60.0,60.0
2025-10-11T14:39:37.553724,337.828,0.00,0.00,0.00,0.00,0.00,0.00,0.00,0,,6.0,60.0,70.0
2025-10-11T14:39:37.555748,337.830,0.00,0.00,0.00,0.00,0.00,0.00,0.00,0,,6.0,60.0,70.0
2025-10-11T14:39:37.557844,337.832,0.00,0.00,0.00,0.00,0.00,0.00,0.00,0,,7.0,60.0,70.0
2025-10-11T14:39:37.560337,337.835,0.00,0.00,0.00,0.00,0.00,0.00,0.00,0,,7.0,60.0,70.0
2025-10-11T14:39:37.562636,337.837,0.00,0.00,0.00,0.00,0.00,0.00,0.00,0,,7.0,70.0,70.0
2025-10-11T14:39:37.565605,337.840,0.00,0.00,0.00,0.00,0.00,0.00,0.00,0,,7.0,70.0,70.0
2025-10-11T14:39:39.631458,339.906,0.00,0.00,0.00,0.00,0.00,0.00,0.00,0,,7.0,70.0,80.0
2025-10-11T14:39:39.633997,339.908,0.00,0.00,0.00,0.00,0.00,0.00,0.00,0,,7.0,70.0,80.0
2025-10-11T14:39:39.637049,339.911,0.00,0.00,0.00,0.00,0.00,0.00,0.00,0,,8.0,70.0,80.0
2025-10-11T14:39:39.639800,339.914,0.00,0.00,0.00,0.00,0.00,0.00,0.00,0,,8.0,70.0,80.0
2025-10-11T14:39:39.642301,339.916,0.00,0.00,0.00,0.00,0.00,0.00,0.00,0,,8.0,80.0,80.0
2025-10-11T14:39:39.645493,339.920,0.00,0.00,0.00,0.00,0.00,0.00,0.00,0,,8.0,80.0,80.0
2025-10-11T14:39:42.592963,342.867,0.00,0.00,0.00,0.00,0.00,0.00,0.00,0,,8.0,80.0,90.0
2025-10-11T14:39:42.595621,342.870,0.00,0.00,0.00,0.00,0.00,0.00,0.00,0,,8.0,80.0,90.0
2025-10-11T14:39:42.598573,342.873,0.00,0.00,0.00,0.00,0.00,0.00,0.00,0,,9.0,80.0,90.0
2025-10-11T14:39:42.601645,342.876,0.00,0.00,0.00,0.00,0.00,0.00,0.00,0,,9.0,80.0,90.0
2025-10-11T14:39:42.605442,342.880,0.00,0.00,0.00,0.00,0.00,0.00,0.00,0,,9.0,90.0,90.0
2025-10-11T14:39:42.608062,342.882,0.00,0.00,0.00,0.00,0.00,0.00,0.00,0,,9.0,90.0,90.0
2025-10-11T14:39:44.561373,344.836,0.00,0.00,0.00,0.00,0.00,0.00,0.00,0,,9.0,90.0,80.0
2025-10-11T14:39:44.564158,344.838,0.00,0.00,0.00,0.00,0.00,0.00,0.00,0,,9.0,90.0,80.0
2025-10-11T14:39:44.568529,344.843,0.00,0.00,0.00,0.00,0.00,0.00,0.00,0,,8.0,90.0,80.0
2025-10-11T14:39:44.571647,344.846,0.00,0.00,0.00,0.00,0.00,0.00,0.00,0,,8.0,90.0,80.0
2025-10-11T14:39:44.574335,344.849,0.00,0.00,0.00,0.00,0.00,0.00,0.00,0,,8.0,80.0,80.0
2025-10-11T14:39:44.577065,344.851,0.00,0.00,0.00,0.00,0.00,0.00,0.00,0,,8.0,80.0,80.0
2025-10-11T14:39:46.631712,346.906,0.00,0.00,0.00,0.00,0.00,0.00,0.00,0,,8.0,80.0,70.0
2025-10-11T14:39:46.634188,346.908,0.00,0.00,0.00,0.00,0.00,0.00,0.00,0,,8.0,80.0,70.0
2025-10-11T14:39:46.637050,346.911,0.00,0.00,0.00,0.00,0.00,0.00,0.00,0,,7.0,80.0,70.0
2025-10-11T14:39:46.640254,346.914,0.00,0.00,0.00,0.00,0.00,0.00,0.00,0,,7.0,80.0,70.0
2025-10-11T14:39:46.642835,346.917,0.00,0.00,0.00,0.00,0.00,0.00,0.00,0,,7.0,70.0,70.0
2025-10-11T14:39:46.646061,346.920,0.00,0.00,0.00,0.00,0.00,0.00,0.00,0,,7.0,70.0,70.0
2025-10-11T14:39:48.819015,349.093,0.00,0.00,0.00,0.00,0.00,0.00,0.00,0,,7.0,70.0,60.0
2025-10-11T14:39:48.822424,349.097,0.00,0.00,0.00,0.00,0.00,0.00,0.00,0,,7.0,70.0,60.0
2025-10-11T14:39:48.826197,349.100,0.00,0.00,0.00,0.00,0.00,0.00,0.00,0,,6.0,70.0,60.0
2025-10-11T14:39:48.829150,349.103,0.00,0.00,0.00,0.00,0.00,0.00,0.00,0,,6.0,70.0,60.0
2025-10-11T14:39:48.832553,349.107,0.00,0.00,0.00,0.00,0.00,0.00,0.00,0,,6.0,60.0,60.0
2025-10-11T14:39:48.836161,349.110,0.00,0.00,0.00,0.00,0.00,0.00,0.00,0,,6.0,60.0,60.0
2025-10-11T14:39:50.900623,351.175,0.00,0.00,0.00,0.00,0.00,0.00,0.00,0,,6.0,60.0,50.0
2025-10-11T14:39:50.903292,351.177,0.00,0.00,0.00,0.00,0.00,0.00,0.00,0,,6.0,60.0,50.0
2025-10-11T14:39:51.883644,352.158,0.00,0.00,0.00,0.00,0.00,0.00,0.00,0,,5.0,60.0,50.0
2025-10-11T14:39:51.886811,352.161,0.00,0.00,0.00,0.00,0.00,0.00,0.00,0,,5.0,60.0,50.0
2025-10-11T14:39:51.890456,352.165,0.00,0.00,0.00,0.00,0.00,0.00,0.00,0,,5.0,50.0,50.0
2025-10-11T14:39:51.894907,352.169,0.00,0.00,0.00,0.00,0.00,0.00,0.00,0,,5.0,50.0,50.0
2025-10-11T14:39:53.969500,354.244,0.00,0.00,0.00,0.00,0.00,0.00,0.00,0,,5.0,50.0,40.0
2025-10-11T14:39:53.972213,354.246,0.00,0.00,0.00,0.00,0.00,0.00,0.00,0,,5.0,50.0,40.0
2025-10-11T14:39:53.974935,354.249,0.00,0.00,0.00,0.00,0.00,0.00,0.00,0,,4.0,50.0,40.0
2025-10-11T14:39:53.979668,354.254,0.00,0.00,0.00,0.00,0.00,0.00,0.00,0,,4.0,50.0,40.0
2025-10-11T14:39:53.983718,354.258,0.00,0.00,0.00,0.00,0.00,0.00,0.00,0,,4.0,40.0,40.0
2025-10-11T14:39:53.987013,354.261,0.00,0.00,0.00,0.00,0.00,0.00,0.00,0,,4.0,40.0,40.0
2025-10-11T14:39:55.827632,356.102,0.00,0.00,0.00,0.00,0.00,0.00,0.00,0,,4.0,40.0,30.0
2025-10-11T14:39:55.830369,356.105,0.00,0.00,0.00,0.00,0.00,0.00,0.00,0,,4.0,40.0,30.0
2025-10-11T14:39:55.832718,356.107,0.00,0.00,0.00,0.00,0.00,0.00,0.00,0,,3.0,40.0,30.0
2025-10-11T14:39:55.836014,356.110,0.00,0.00,0.00,0.00,0.00,0.00,0.00,0,,3.0,40.0,30.0
2025-10-11T14:39:55.839048,356.113,0.00,0.00,0.00,0.00,0.00,0.00,0.00,0,,3.0,30.0,30.0
2025-10-11T14:39:55.842485,356.117,0.00,0.00,0.00,0.00,0.00,0.00,0.00,0,,3.0,30.0,30.0
2025-10-11T14:39:57.804125,358.078,0.00,0.00,0.00,0.00,0.00,0.00,0.00,0,,3.0,30.0,20.0
2025-10-11T14:39:57.806783,358.081,0.00,0.00,0.00,0.00,0.00,0.00,0.00,0,,3.0,30.0,20.0
2025-10-11T14:39:57.809158,358.083,0.00,0.00,0.00,0.00,0.00,0.00,0.00,0,,2.0,30.0,20.0
2025-10-11T14:39:57.812388,358.087,0.00,0.00,0.00,0.00,0.00,0.00,0.00,0,,2.0,30.0,20.0
2025-10-11T14:39:58.790228,359.064,0.00,0.00,0.00,0.00,0.00,0.00,0.00,0,,2.0,20.0,20.0
2025-10-11T14:39:58.794291,359.068,0.00,0.00,0.00,0.00,0.00,0.00,0.00,0,,2.0,20.0,20.0
2025-10-11T14:40:00.764010,361.038,0.00,0.00,0.00,0.00,0.00,0.00,0.00,0,,2.0,20.0,10.0
2025-10-11T14:40:00.766217,361.040,0.00,0.00,0.00,0.00,0.00,0.00,0.00,0,,2.0,20.0,10.0
2025-10-11T14:40:00.768800,361.043,0.00,0.00,0.00,0.00,0.00,0.00,0.00,0,,1.0,20.0,10.0
2025-10-11T14:40:00.771947,361.046,0.00,0.00,0.00,0.00,0.00,0.00,0.00,0,,1.0,20.0,10.0
2025-10-11T14:40:00.774442,361.049,0.00,0.00,0.00,0.00,0.00,0.00,0.00,0,,1.0,10.0,10.0
2025-10-11T14:40:00.777815,361.052,0.00,0.00,0.00,0.00,0.00,0.00,0.00,0,,1.0,10.0,10.0
2025-10-11T14:40:02.731240,363.005,0.00,0.00,0.00,0.00,0.00,0.00,0.00,0,,1.0,10.0,20.0
2025-10-11T14:40:02.734180,363.008,0.00,0.00,0.00,0.00,0.00,0.00,0.00,0,,1.0,10.0,20.0
2025-10-11T14:40:02.739354,363.014,0.00,0.00,0.00,0.00,0.00,0.00,0.00,0,,2.0,10.0,20.0
2025-10-11T14:40:02.744899,363.019,0.00,0.00,0.00,0.00,0.00,0.00,0.00,0,,2.0,10.0,20.0
2025-10-11T14:40:02.748304,363.022,0.00,0.00,0.00,0.00,0.00,0.00,0.00,0,,2.0,20.0,20.0
2025-10-11T14:40:02.754763,363.029,0.00,0.00,0.00,0.00,0.00,0.00,0.00,0,,2.0,20.0,20.0
2025-10-11T14:40:04.914450,365.189,0.00,0.00,0.00,0.00,0.00,0.00,0.00,0,,2.0,20.0,30.0
2025-10-11T14:40:04.918818,365.193,0.00,0.00,0.00,0.00,0.00,0.00,0.00,0,,2.0,20.0,30.0
2025-10-11T14:40:04.923574,365.198,0.00,0.00,0.00,0.00,0.00,0.00,0.00,0,,3.0,20.0,30.0
2025-10-11T14:40:04.928295,365.202,0.00,0.00,0.00,0.00,0.00,0.00,0.00,0,,3.0,20.0,30.0
2025-10-11T14:40:04.931283,365.205,0.00,0.00,0.00,0.00,0.00,0.00,0.00,0,,3.0,30.0,30.0
2025-10-11T14:40:04.934704,365.209,0.00,0.00,0.00,0.00,0.00,0.00,0.00,0,,3.0,30.0,30.0
2025-10-11T14:40:07.012908,367.287,0.00,0.00,0.00,0.00,0.00,0.00,0.00,0,,3.0,30.0,40.0
2025-10-11T14:40:07.015388,367.290,0.00,0.00,0.00,0.00,0.00,0.00,0.00,0,,3.0,30.0,40.0
2025-10-11T14:40:07.017989,367.292,0.00,0.00,0.00,0.00,0.00,0.00,0.00,0,,4.0,30.0,40.0
2025-10-11T14:40:07.022606,367.297,0.00,0.00,0.00,0.00,0.00,0.00,0.00,0,,4.0,30.0,40.0
2025-10-11T14:40:08.003786,368.278,0.00,0.00,0.00,0.00,0.00,0.00,0.00,0,,4.0,40.0,40.0
2025-10-11T14:40:08.006418,368.281,0.00,0.00,0.00,0.00,0.00,0.00,0.00,0,,4.0,40.0,40.0
2025-10-11T14:40:09.959727,370.234,0.00,0.00,0.00,0.00,0.00,0.00,0.00,0,,4.0,40.0,50.0
2025-10-11T14:40:09.962373,370.237,0.00,0.00,0.00,0.00,0.00,0.00,0.00,0,,4.0,40.0,50.0
2025-10-11T14:40:09.965071,370.239,0.00,0.00,0.00,0.00,0.00,0.00,0.00,0,,5.0,40.0,50.0
2025-10-11T14:40:09.968434,370.243,0.00,0.00,0.00,0.00,0.00,0.00,0.00,0,,5.0,40.0,50.0
2025-10-11T14:40:09.971625,370.246,0.00,0.00,0.00,0.00,0.00,0.00,0.00,0,,5.0,50.0,50.0
2025-10-11T14:40:09.974244,370.248,0.00,0.00,0.00,0.00,0.00,0.00,0.00,0,,5.0,50.0,50.0
2025-10-11T14:40:11.949942,372.224,0.00,0.00,0.00,0.00,0.00,0.00,0.00,0,,5.0,50.0,60.0
2025-10-11T14:40:11.953267,372.227,0.00,0.00,0.00,0.00,0.00,0.00,0.00,0,,5.0,50.0,60.0
2025-10-11T14:40:11.956144,372.230,0.00,0.00,0.00,0.00,0.00,0.00,0.00,0,,6.0,50.0,60.0
2025-10-11T14:40:11.959650,372.234,0.00,0.00,0.00,0.00,0.00,0.00,0.00,0,,6.0,50.0,60.0
2025-10-11T14:40:11.962860,372.237,0.00,0.00,0.00,0.00,0.00,0.00,0.00,0,,6.0,60.0,60.0
2025-10-11T14:40:11.966939,372.241,0.00,0.00,0.00,0.00,0.00,0.00,0.00,0,,6.0,60.0,60.0
2025-10-11T14:40:14.805655,375.080,0.00,0.00,0.00,0.00,0.00,0.00,0.00,0,,6.0,60.0,70.0
2025-10-11T14:40:14.808882,375.083,0.00,0.00,0.00,0.00,0.00,0.00,0.00,0,,6.0,60.0,70.0
2025-10-11T14:40:14.811669,375.086,0.00,0.00,0.00,0.00,0.00,0.00,0.00,0,,7.0,60.0,70.0
2025-10-11T14:40:14.823656,375.098,0.00,0.00,0.00,0.00,0.00,0.00,0.00,0,,7.0,60.0,70.0
2025-10-11T14:40:14.879145,375.153,0.00,0.00,0.00,0.00,0.00,0.00,0.00,0,,7.0,70.0,70.0
2025-10-11T14:40:14.884846,375.159,0.00,0.00,0.00,0.00,0.00,0.00,0.00,0,,7.0,70.0,70.0
2025-10-11T14:40:16.885442,377.160,0.00,0.00,0.00,0.00,0.00,0.00,0.00,0,,7.0,70.0,80.0
2025-10-11T14:40:16.888108,377.162,0.00,0.00,0.00,0.00,0.00,0.00,0.00,0,,7.0,70.0,80.0
2025-10-11T14:40:16.890974,377.165,0.00,0.00,0.00,0.00,0.00,0.00,0.00,0,,8.0,70.0,80.0
2025-10-11T14:40:16.895148,377.169,0.00,0.00,0.00,0.00,0.00,0.00,0.00,0,,8.0,70.0,80.0
2025-10-11T14:40:16.898448,377.173,0.00,0.00,0.00,0.00,0.00,0.00,0.00,0,,8.0,80.0,80.0
2025-10-11T14:40:16.903510,377.178,0.00,0.00,0.00,0.00,0.00,0.00,0.00,0,,8.0,80.0,80.0
2025-10-11T14:40:19.069891,379.344,0.00,0.00,0.00,0.00,0.00,0.00,0.00,0,,8.0,80.0,90.0
2025-10-11T14:40:19.072862,379.347,0.00,0.00,0.00,0.00,0.00,0.00,0.00,0,,8.0,80.0,90.0
2025-10-11T14:40:19.076654,379.351,0.00,0.00,0.00,0.00,0.00,0.00,0.00,0,,9.0,80.0,90.0
2025-10-11T14:40:19.079877,379.354,0.00,0.00,0.00,0.00,0.00,0.00,0.00,0,,9.0,80.0,90.0
2025-10-11T14:40:19.083393,379.358,0.00,0.00,0.00,0.00,0.00,0.00,0.00,0,,9.0,90.0,90.0
2025-10-11T14:40:19.086696,379.361,0.00,0.00,0.00,0.00,0.00,0.00,0.00,0,,9.0,90.0,90.0
2025-10-11T14:40:21.052082,381.326,0.00,0.00,0.00,0.00,0.00,0.00,0.00,0,,9.0,90.0,80.0
2025-10-11T14:40:21.054940,381.329,0.00,0.00,0.00,0.00,0.00,0.00,0.00,0,,9.0,90.0,80.0
2025-10-11T14:40:21.058354,381.333,0.00,0.00,0.00,0.00,0.00,0.00,0.00,0,,8.0,90.0,80.0
2025-10-11T14:40:21.060937,381.335,0.00,0.00,0.00,0.00,0.00,0.00,0.00,0,,8.0,90.0,80.0
2025-10-11T14:40:22.035919,382.310,0.00,0.00,0.00,0.00,0.00,0.00,0.00,0,,8.0,80.0,80.0
2025-10-11T14:40:22.038517,382.313,0.00,0.00,0.00,0.00,0.00,0.00,0.00,0,,8.0,80.0,80.0
2025-10-11T14:40:23.339844,383.614,0.00,0.00,0.00,0.00,0.00,0.00,0.00,0,,8.0,80.0,70.0
2025-10-11T14:40:23.343137,383.617,0.00,0.00,0.00,0.00,0.00,0.00,0.00,0,,8.0,80.0,70.0
2025-10-11T14:40:24.319283,384.593,0.00,0.00,0.00,0.00,0.00,0.00,0.00,0,,7.0,80.0,70.0
2025-10-11T14:40:24.322578,384.597,0.00,0.00,0.00,0.00,0.00,0.00,0.00,0,,7.0,80.0,70.0
2025-10-11T14:40:24.325969,384.600,0.00,0.00,0.00,0.00,0.00,0.00,0.00,0,,7.0,70.0,70.0
2025-10-11T14:40:24.329118,384.603,0.00,0.00,0.00,0.00,0.00,0.00,0.00,0,,7.0,70.0,70.0
2025-10-11T14:40:25.785452,386.060,0.00,0.00,0.00,0.00,0.00,0.00,0.00,0,,7.0,70.0,60.0
2025-10-11T14:40:25.788009,386.062,0.00,0.00,0.00,0.00,0.00,0.00,0.00,0,,7.0,70.0,60.0
2025-10-11T14:40:25.790296,386.064,0.00,0.00,0.00,0.00,0.00,0.00,0.00,0,,6.0,70.0,60.0
2025-10-11T14:40:25.792992,386.067,0.00,0.00,0.00,0.00,0.00,0.00,0.00,0,,6.0,70.0,60.0
2025-10-11T14:40:25.795310,386.069,0.00,0.00,0.00,0.00,0.00,0.00,0.00,0,,6.0,60.0,60.0
2025-10-11T14:40:25.798277,386.072,0.00,0.00,0.00,0.00,0.00,0.00,0.00,0,,6.0,60.0,60.0
2025-10-11T14:40:27.985224,388.259,0.00,0.00,0.00,0.00,0.00,0.00,0.00,0,,6.0,60.0,50.0
2025-10-11T14:40:27.988457,388.263,0.00,0.00,0.00,0.00,0.00,0.00,0.00,0,,6.0,60.0,50.0
2025-10-11T14:40:27.990944,388.265,0.00,0.00,0.00,0.00,0.00,0.00,0.00,0,,5.0,60.0,50.0
2025-10-11T14:40:27.993915,388.268,0.00,0.00,0.00,0.00,0.00,0.00,0.00,0,,5.0,60.0,50.0
2025-10-11T14:40:28.538743,388.813,0.00,0.00,0.00,0.00,0.00,0.00,0.00,0,,5.0,50.0,50.0
2025-10-11T14:40:28.541267,388.815,0.00,0.00,0.00,0.00,0.00,0.00,0.00,0,,5.0,50.0,50.0
2025-10-11T14:40:30.188792,390.463,0.00,0.00,0.00,0.00,0.00,0.00,0.00,0,,5.0,50.0,40.0
2025-10-11T14:40:30.191401,390.466,0.00,0.00,0.00,0.00,0.00,0.00,0.00,0,,5.0,50.0,40.0
2025-10-11T14:40:31.179450,391.454,0.00,0.00,0.00,0.00,0.00,0.00,0.00,0,,4.0,50.0,40.0
2025-10-11T14:40:31.182053,391.456,0.00,0.00,0.00,0.00,0.00,0.00,0.00,0,,4.0,50.0,40.0
2025-10-11T14:40:31.185575,391.460,0.00,0.00,0.00,0.00,0.00,0.00,0.00,0,,4.0,40.0,40.0
2025-10-11T14:40:31.188411,391.463,0.00,0.00,0.00,0.00,0.00,0.00,0.00,0,,4.0,40.0,40.0
2025-10-11T14:40:33.265510,393.540,0.00,0.00,0.00,0.00,0.00,0.00,0.00,0,,4.0,40.0,30.0
2025-10-11T14:40:33.268195,393.542,0.00,0.00,0.00,0.00,0.00,0.00,0.00,0,,4.0,40.0,30.0
2025-10-11T14:40:33.271332,393.546,0.00,0.00,0.00,0.00,0.00,0.00,0.00,0,,3.0,40.0,30.0
2025-10-11T14:40:33.274470,393.549,0.00,0.00,0.00,0.00,0.00,0.00,0.00,0,,3.0,40.0,30.0
2025-10-11T14:40:33.277543,393.552,0.00,0.00,0.00,0.00,0.00,0.00,0.00,0,,3.0,30.0,30.0
2025-10-11T14:40:33.279990,393.554,0.00,0.00,0.00,0.00,0.00,0.00,0.00,0,,3.0,30.0,30.0
2025-10-11T14:40:35.778268,396.052,0.00,0.00,0.00,0.00,0.00,0.00,0.00,0,,3.0,30.0,20.0
2025-10-11T14:40:35.780921,396.055,0.00,0.00,0.00,0.00,0.00,0.00,0.00,0,,3.0,30.0,20.0
2025-10-11T14:40:35.784017,396.058,0.00,0.00,0.00,0.00,0.00,0.00,0.00,0,,2.0,30.0,20.0
2025-10-11T14:40:35.788313,396.062,0.00,0.00,0.00,0.00,0.00,0.00,0.00,0,,2.0,30.0,20.0
2025-10-11T14:40:35.792626,396.067,0.00,0.00,0.00,0.00,0.00,0.00,0.00,0,,2.0,20.0,20.0
2025-10-11T14:40:35.795930,396.070,0.00,0.00,0.00,0.00,0.00,0.00,0.00,0,,2.0,20.0,20.0
2025-10-11T14:40:38.002478,398.277,0.00,0.00,0.00,0.00,0.00,0.00,0.00,0,,2.0,20.0,10.0
2025-10-11T14:40:38.004742,398.279,0.00,0.00,0.00,0.00,0.00,0.00,0.00,0,,2.0,20.0,10.0
2025-10-11T14:40:38.007414,398.282,0.00,0.00,0.00,0.00,0.00,0.00,0.00,0,,1.0,20.0,10.0
2025-10-11T14:40:38.010665,398.285,0.00,0.00,0.00,0.00,0.00,0.00,0.00,0,,1.0,20.0,10.0
2025-10-11T14:40:38.013109,398.287,0.00,0.00,0.00,0.00,0.00,0.00,0.00,0,,1.0,10.0,10.0
2025-10-11T14:40:38.016438,398.291,0.00,0.00,0.00,0.00,0.00,0.00,0.00,0,,1.0,10.0,10.0
2025-10-11T14:40:40.071769,400.346,0.00,0.00,0.00,0.00,0.00,0.00,0.00,0,,1.0,10.0,20.0
2025-10-11T14:40:40.074324,400.348,0.00,0.00,0.00,0.00,0.00,0.00,0.00,0,,1.0,10.0,20.0
2025-10-11T14:40:40.077309,400.351,0.00,0.00,0.00,0.00,0.00,0.00,0.00,0,,2.0,10.0,20.0
2025-10-11T14:40:40.080986,400.355,0.00,0.00,0.00,0.00,0.00,0.00,0.00,0,,2.0,10.0,20.0
2025-10-11T14:40:40.085025,400.359,0.00,0.00,0.00,0.00,0.00,0.00,0.00,0,,2.0,20.0,20.0
2025-10-11T14:40:40.089760,400.364,0.00,0.00,0.00,0.00,0.00,0.00,0.00,0,,2.0,20.0,20.0
2025-10-11T14:40:45.004494,405.279,0.00,0.00,0.00,0.00,0.00,0.00,0.00,0,,3.0,20.0,20.0
2025-10-11T14:40:45.007777,405.282,0.00,0.00,0.00,0.00,0.00,0.00,0.00,0,,3.0,20.0,20.0
2025-10-11T14:40:45.010817,405.285,0.00,0.00,0.00,0.00,0.00,0.00,0.00,0,,3.0,30.0,20.0
2025-10-11T14:40:45.014080,405.288,0.00,0.00,0.00,0.00,0.00,0.00,0.00,0,,3.0,30.0,20.0
2025-10-11T14:40:45.651069,405.925,0.00,0.00,0.00,0.00,0.00,0.00,0.00,0,,3.0,30.0,30.0
2025-10-11T14:40:45.653615,405.928,0.00,0.00,0.00,0.00,0.00,0.00,0.00,0,,3.0,30.0,30.0
2025-10-11T14:40:47.185510,407.460,0.00,0.00,0.00,0.00,0.00,0.00,0.00,0,,4.0,30.0,30.0
2025-10-11T14:40:47.188289,407.462,0.00,0.00,0.00,0.00,0.00,0.00,0.00,0,,4.0,30.0,30.0
2025-10-11T14:40:47.190896,407.465,0.00,0.00,0.00,0.00,0.00,0.00,0.00,0,,4.0,40.0,30.0
2025-10-11T14:40:47.194354,407.469,0.00,0.00,0.00,0.00,0.00,0.00,0.00,0,,4.0,40.0,30.0
2025-10-11T14:40:47.732874,408.007,0.00,0.00,0.00,0.00,0.00,0.00,0.00,0,,4.0,40.0,40.0
2025-10-11T14:40:47.735395,408.010,0.00,0.00,0.00,0.00,0.00,0.00,0.00,0,,4.0,40.0,40.0
2025-10-11T14:40:49.586772,409.861,0.00,0.00,0.00,0.00,0.00,0.00,0.00,0,,5.0,40.0,40.0
2025-10-11T14:40:49.589489,409.864,0.00,0.00,0.00,0.00,0.00,0.00,0.00,0,,5.0,40.0,40.0
2025-10-11T14:40:49.592241,409.866,0.00,0.00,0.00,0.00,0.00,0.00,0.00,0,,5.0,50.0,40.0
2025-10-11T14:40:49.595436,409.870,0.00,0.00,0.00,0.00,0.00,0.00,0.00,0,,5.0,50.0,40.0
2025-10-11T14:40:49.598279,409.872,0.00,0.00,0.00,0.00,0.00,0.00,0.00,0,,5.0,50.0,50.0
2025-10-11T14:40:49.601488,409.876,0.00,0.00,0.00,0.00,0.00,0.00,0.00,0,,5.0,50.0,50.0
2025-10-11T14:40:51.803745,412.078,0.00,0.00,0.00,0.00,0.00,0.00,0.00,0,,6.0,50.0,50.0
2025-10-11T14:40:51.806073,412.080,0.00,0.00,0.00,0.00,0.00,0.00,0.00,0,,6.0,50.0,50.0
2025-10-11T14:40:51.808113,412.082,0.00,0.00,0.00,0.00,0.00,0.00,0.00,0,,6.0,60.0,50.0
2025-10-11T14:40:51.811198,412.085,0.00,0.00,0.00,0.00,0.00,0.00,0.00,0,,6.0,60.0,50.0
2025-10-11T14:40:52.350540,412.625,0.00,0.00,0.00,0.00,0.00,0.00,0.00,0,,6.0,60.0,60.0
2025-10-11T14:40:52.353183,412.627,0.00,0.00,0.00,0.00,0.00,0.00,0.00,0,,6.0,60.0,60.0
2025-10-11T14:40:54.220039,414.494,0.00,0.00,0.00,0.00,0.00,0.00,0.00,0,,7.0,60.0,60.0
2025-10-11T14:40:54.223171,414.497,0.00,0.00,0.00,0.00,0.00,0.00,0.00,0,,7.0,60.0,60.0
2025-10-11T14:40:54.226759,414.501,0.00,0.00,0.00,0.00,0.00,0.00,0.00,0,,7.0,70.0,60.0
2025-10-11T14:40:54.230120,414.504,0.00,0.00,0.00,0.00,0.00,0.00,0.00,0,,7.0,70.0,60.0
2025-10-11T14:40:54.233728,414.508,0.00,0.00,0.00,0.00,0.00,0.00,0.00,0,,7.0,70.0,70.0
2025-10-11T14:40:54.237114,414.511,0.00,0.00,0.00,0.00,0.00,0.00,0.00,0,,7.0,70.0,70.0
2025-10-11T14:40:56.745216,417.019,0.00,0.00,0.00,0.00,0.00,0.00,0.00,0,,8.0,70.0,70.0
2025-10-11T14:40:56.748162,417.022,0.00,0.00,0.00,0.00,0.00,0.00,0.00,0,,8.0,70.0,70.0
2025-10-11T14:40:56.751470,417.026,0.00,0.00,0.00,0.00,0.00,0.00,0.00,0,,8.0,80.0,70.0
2025-10-11T14:40:56.754942,417.029,0.00,0.00,0.00,0.00,0.00,0.00,0.00,0,,8.0,80.0,70.0
2025-10-11T14:40:56.759346,417.034,0.00,0.00,0.00,0.00,0.00,0.00,0.00,0,,8.0,80.0,80.0
2025-10-11T14:40:56.762780,417.037,0.00,0.00,0.00,0.00,0.00,0.00,0.00,0,,8.0,80.0,80.0
2025-10-11T14:40:58.970379,419.245,0.00,0.00,0.00,0.00,0.00,0.00,0.00,0,,9.0,80.0,80.0
2025-10-11T14:40:58.973306,419.247,0.00,0.00,0.00,0.00,0.00,0.00,0.00,0,,9.0,80.0,80.0
2025-10-11T14:40:58.976468,419.251,0.00,0.00,0.00,0.00,0.00,0.00,0.00,0,,9.0,90.0,80.0
2025-10-11T14:40:58.979342,419.254,0.00,0.00,0.00,0.00,0.00,0.00,0.00,0,,9.0,90.0,80.0
2025-10-11T14:40:58.982553,419.257,0.00,0.00,0.00,0.00,0.00,0.00,0.00,0,,9.0,90.0,90.0
2025-10-11T14:40:58.985266,419.259,0.00,0.00,0.00,0.00,0.00,0.00,0.00,0,,9.0,90.0,90.0
2025-10-11T14:41:01.367328,421.641,0.00,0.00,0.00,0.00,0.00,0.00,0.00,0,,8.0,90.0,90.0
2025-10-11T14:41:01.371485,421.646,0.00,0.00,0.00,0.00,0.00,0.00,0.00,0,,8.0,90.0,90.0
2025-10-11T14:41:01.374714,421.649,0.00,0.00,0.00,0.00,0.00,0.00,0.00,0,,8.0,80.0,90.0
2025-10-11T14:41:01.377714,421.652,0.00,0.00,0.00,0.00,0.00,0.00,0.00,0,,8.0,80.0,90.0
2025-10-11T14:41:01.380922,421.655,0.00,0.00,0.00,0.00,0.00,0.00,0.00,0,,8.0,80.0,80.0
2025-10-11T14:41:01.383461,421.658,0.00,0.00,0.00,0.00,0.00,0.00,0.00,0,,8.0,80.0,80.0
2025-10-11T14:41:03.453247,423.727,0.00,0.00,0.00,0.00,0.00,0.00,0.00,0,,7.0,80.0,80.0
2025-10-11T14:41:03.455873,423.730,0.00,0.00,0.00,0.00,0.00,0.00,0.00,0,,7.0,80.0,80.0
2025-10-11T14:41:03.459160,423.733,0.00,0.00,0.00,0.00,0.00,0.00,0.00,0,,7.0,70.0,80.0
2025-10-11T14:41:03.463503,423.738,0.00,0.00,0.00,0.00,0.00,0.00,0.00,0,,7.0,70.0,80.0
2025-10-11T14:41:03.466963,423.741,0.00,0.00,0.00,0.00,0.00,0.00,0.00,0,,7.0,70.0,70.0
2025-10-11T14:41:03.470067,423.744,0.00,0.00,0.00,0.00,0.00,0.00,0.00,0,,7.0,70.0,70.0
2025-10-11T14:41:05.420063,425.694,0.00,0.00,0.00,0.00,0.00,0.00,0.00,0,,6.0,70.0,70.0
2025-10-11T14:41:05.423252,425.697,0.00,0.00,0.00,0.00,0.00,0.00,0.00,0,,6.0,70.0,70.0
2025-10-11T14:41:05.426847,425.701,0.00,0.00,0.00,0.00,0.00,0.00,0.00,0,,6.0,60.0,70.0
2025-10-11T14:41:05.429656,425.704,0.00,0.00,0.00,0.00,0.00,0.00,0.00,0,,6.0,60.0,70.0
2025-10-11T14:41:06.404027,426.678,0.00,0.00,0.00,0.00,0.00,0.00,0.00,0,,6.0,60.0,60.0
2025-10-11T14:41:06.407062,426.681,0.00,0.00,0.00,0.00,0.00,0.00,0.00,0,,6.0,60.0,60.0
2025-10-11T14:41:08.373029,428.647,0.00,0.00,0.00,0.00,0.00,0.00,0.00,0,,5.0,60.0,60.0
2025-10-11T14:41:08.376232,428.650,0.00,0.00,0.00,0.00,0.00,0.00,0.00,0,,5.0,60.0,60.0
2025-10-11T14:41:08.379658,428.654,0.00,0.00,0.00,0.00,0.00,0.00,0.00,0,,5.0,50.0,60.0
2025-10-11T14:41:08.383136,428.657,0.00,0.00,0.00,0.00,0.00,0.00,0.00,0,,5.0,50.0,60.0
2025-10-11T14:41:08.386940,428.661,0.00,0.00,0.00,0.00,0.00,0.00,0.00,0,,5.0,50.0,50.0
2025-10-11T14:41:08.389748,428.664,0.00,0.00,0.00,0.00,0.00,0.00,0.00,0,,5.0,50.0,50.0
2025-10-11T14:41:10.274153,430.548,0.00,0.00,0.00,0.00,0.00,0.00,0.00,0,,4.0,50.0,50.0
2025-10-11T14:41:10.277318,430.551,0.00,0.00,0.00,0.00,0.00,0.00,0.00,0,,4.0,50.0,50.0
2025-10-11T14:41:10.280742,430.555,0.00,0.00,0.00,0.00,0.00,0.00,0.00,0,,4.0,40.0,50.0
2025-10-11T14:41:10.283830,430.558,0.00,0.00,0.00,0.00,0.00,0.00,0.00,0,,4.0,40.0,50.0
2025-10-11T14:41:10.288231,430.562,0.00,0.00,0.00,0.00,0.00,0.00,0.00,0,,4.0,40.0,40.0
2025-10-11T14:41:10.291145,430.565,0.00,0.00,0.00,0.00,0.00,0.00,0.00,0,,4.0,40.0,40.0
2025-10-11T14:41:13.053461,433.328,0.00,0.00,0.00,0.00,0.00,0.00,0.00,0,,3.0,40.0,40.0
2025-10-11T14:41:13.056227,433.330,0.00,0.00,0.00,0.00,0.00,0.00,0.00,0,,3.0,40.0,40.0
2025-10-11T14:41:13.059044,433.333,0.00,0.00,0.00,0.00,0.00,0.00,0.00,0,,3.0,30.0,40.0
2025-10-11T14:41:13.063187,433.337,0.00,0.00,0.00,0.00,0.00,0.00,0.00,0,,3.0,30.0,40.0
2025-10-11T14:41:13.066598,433.341,0.00,0.00,0.00,0.00,0.00,0.00,0.00,0,,3.0,30.0,30.0
2025-10-11T14:41:13.069664,433.344,0.00,0.00,0.00,0.00,0.00,0.00,0.00,0,,3.0,30.0,30.0
2025-10-11T14:41:15.051661,435.326,0.00,0.00,0.00,0.00,0.00,0.00,0.00,0,,2.0,30.0,30.0
2025-10-11T14:41:15.055404,435.330,0.00,0.00,0.00,0.00,0.00,0.00,0.00,0,,2.0,30.0,30.0
2025-10-11T14:41:15.060119,435.334,0.00,0.00,0.00,0.00,0.00,0.00,0.00,0,,2.0,20.0,30.0
2025-10-11T14:41:15.064552,435.339,0.00,0.00,0.00,0.00,0.00,0.00,0.00,0,,2.0,20.0,30.0
2025-10-11T14:41:15.068775,435.343,0.00,0.00,0.00,0.00,0.00,0.00,0.00,0,,2.0,20.0,20.0
2025-10-11T14:41:15.073263,435.347,0.00,0.00,0.00,0.00,0.00,0.00,0.00,0,,2.0,20.0,20.0
2025-10-11T14:41:16.787626,437.062,0.00,0.00,0.00,0.00,0.00,0.00,0.00,0,,1.0,20.0,20.0
2025-10-11T14:41:16.790825,437.065,0.00,0.00,0.00,0.00,0.00,0.00,0.00,0,,1.0,20.0,20.0
2025-10-11T14:41:17.787233,438.061,0.00,0.00,0.00,0.00,0.00,0.00,0.00,0,,1.0,10.0,20.0
2025-10-11T14:41:17.789757,438.064,0.00,0.00,0.00,0.00,0.00,0.00,0.00,0,,1.0,10.0,20.0
2025-10-11T14:41:17.792239,438.066,0.00,0.00,0.00,0.00,0.00,0.00,0.00,0,,1.0,10.0,10.0
2025-10-11T14:41:17.795409,438.070,0.00,0.00,0.00,0.00,0.00,0.00,0.00,0,,1.0,10.0,10.0
2025-10-11T14:41:19.786071,440.060,0.00,0.00,0.00,0.00,0.00,0.00,0.00,0,,2.0,10.0,10.0
2025-10-11T14:41:19.788934,440.063,0.00,0.00,0.00,0.00,0.00,0.00,0.00,0,,2.0,10.0,10.0
2025-10-11T14:41:19.792351,440.067,0.00,0.00,0.00,0.00,0.00,0.00,0.00,0,,2.0,20.0,10.0
2025-10-11T14:41:19.795085,440.069,0.00,0.00,0.00,0.00,0.00,0.00,0.00,0,,2.0,20.0,10.0
2025-10-11T14:41:19.798302,440.072,0.00,0.00,0.00,0.00,0.00,0.00,0.00,0,,2.0,20.0,20.0
2025-10-11T14:41:19.801060,440.075,0.00,0.00,0.00,0.00,0.00,0.00,0.00,0,,2.0,20.0,20.0
2025-10-11T14:41:21.748969,442.023,0.00,0.00,0.00,0.00,0.00,0.00,0.00,0,,3.0,20.0,20.0
2025-10-11T14:41:21.751965,442.026,0.00,0.00,0.00,0.00,0.00,0.00,0.00,0,,3.0,20.0,20.0
2025-10-11T14:41:21.755192,442.029,0.00,0.00,0.00,0.00,0.00,0.00,0.00,0,,3.0,30.0,20.0
2025-10-11T14:41:21.758063,442.032,0.00,0.00,0.00,0.00,0.00,0.00,0.00,0,,3.0,30.0,20.0
2025-10-11T14:41:21.760823,442.035,0.00,0.00,0.00,0.00,0.00,0.00,0.00,0,,3.0,30.0,30.0
2025-10-11T14:41:21.763635,442.038,0.00,0.00,0.00,0.00,0.00,0.00,0.00,0,,3.0,30.0,30.0
2025-10-11T14:41:24.485409,444.760,0.00,0.00,0.00,0.00,0.00,0.00,0.00,0,,4.0,30.0,30.0
2025-10-11T14:41:24.488540,444.763,0.00,0.00,0.00,0.00,0.00,0.00,0.00,0,,4.0,30.0,30.0
2025-10-11T14:41:24.491241,444.765,0.00,0.00,0.00,0.00,0.00,0.00,0.00,0,,4.0,40.0,30.0
2025-10-11T14:41:24.494477,444.769,0.00,0.00,0.00,0.00,0.00,0.00,0.00,0,,4.0,40.0,30.0
2025-10-11T14:41:24.497613,444.772,0.00,0.00,0.00,0.00,0.00,0.00,0.00,0,,4.0,40.0,40.0
2025-10-11T14:41:24.501047,444.775,0.00,0.00,0.00,0.00,0.00,0.00,0.00,0,,4.0,40.0,40.0
2025-10-11T14:41:26.363424,446.638,0.00,0.00,0.00,0.00,0.00,0.00,0.00,0,,5.0,40.0,40.0
2025-10-11T14:41:26.365732,446.640,0.00,0.00,0.00,0.00,0.00,0.00,0.00,0,,5.0,40.0,40.0
2025-10-11T14:41:26.368412,446.643,0.00,0.00,0.00,0.00,0.00,0.00,0.00,0,,5.0,50.0,40.0
2025-10-11T14:41:26.372038,446.646,0.00,0.00,0.00,0.00,0.00,0.00,0.00,0,,5.0,50.0,40.0
2025-10-11T14:41:26.374766,446.649,0.00,0.00,0.00,0.00,0.00,0.00,0.00,0,,5.0,50.0,50.0
2025-10-11T14:41:26.378344,446.653,0.00,0.00,0.00,0.00,0.00,0.00,0.00,0,,5.0,50.0,50.0
2025-10-11T14:41:28.257050,448.531,0.00,0.00,0.00,0.00,0.00,0.00,0.00,0,,6.0,50.0,50.0
2025-10-11T14:41:28.260073,448.534,0.00,0.00,0.00,0.00,0.00,0.00,0.00,0,,6.0,50.0,50.0
2025-10-11T14:41:29.132218,449.406,0.00,0.00,0.00,0.00,0.00,0.00,0.00,0,,6.0,60.0,50.0
2025-10-11T14:41:29.135429,449.410,0.00,0.00,0.00,0.00,0.00,0.00,0.00,0,,6.0,60.0,50.0
2025-10-11T14:41:29.139065,449.413,0.00,0.00,0.00,0.00,0.00,0.00,0.00,0,,6.0,60.0,60.0
2025-10-11T14:41:29.141806,449.416,0.00,0.00,0.00,0.00,0.00,0.00,0.00,0,,6.0,60.0,60.0
2025-10-11T14:41:31.019846,451.294,0.00,0.00,0.00,0.00,0.00,0.00,0.00,0,,7.0,60.0,60.0
2025-10-11T14:41:31.023323,451.297,0.00,0.00,0.00,0.00,0.00,0.00,0.00,0,,7.0,60.0,60.0
2025-10-11T14:41:31.026482,451.301,0.00,0.00,0.00,0.00,0.00,0.00,0.00,0,,7.0,70.0,60.0
2025-10-11T14:41:31.029018,451.303,0.00,0.00,0.00,0.00,0.00,0.00,0.00,0,,7.0,70.0,60.0
2025-10-11T14:41:31.032331,451.306,0.00,0.00,0.00,0.00,0.00,0.00,0.00,0,,7.0,70.0,70.0
2025-10-11T14:41:31.035258,451.309,0.00,0.00,0.00,0.00,0.00,0.00,0.00,0,,7.0,70.0,70.0
2025-10-11T14:41:33.761311,454.035,0.00,0.00,0.00,0.00,0.00,0.00,0.00,0,,8.0,70.0,70.0
2025-10-11T14:41:33.765674,454.040,0.00,0.00,0.00,0.00,0.00,0.00,0.00,0,,8.0,70.0,70.0
2025-10-11T14:41:33.769826,454.044,0.00,0.00,0.00,0.00,0.00,0.00,0.00,0,,8.0,80.0,70.0
2025-10-11T14:41:33.772503,454.047,0.00,0.00,0.00,0.00,0.00,0.00,0.00,0,,8.0,80.0,70.0
2025-10-11T14:41:33.776101,454.050,0.00,0.00,0.00,0.00,0.00,0.00,0.00,0,,8.0,80.0,80.0
2025-10-11T14:41:33.778941,454.053,0.00,0.00,0.00,0.00,0.00,0.00,0.00,0,,8.0,80.0,80.0
2025-10-11T14:41:35.736726,456.011,0.00,0.00,0.00,0.00,0.00,0.00,0.00,0,,9.0,80.0,80.0
2025-10-11T14:41:35.739295,456.013,0.00,0.00,0.00,0.00,0.00,0.00,0.00,0,,9.0,80.0,80.0
2025-10-11T14:41:35.743476,456.018,0.00,0.00,0.00,0.00,0.00,0.00,0.00,0,,9.0,90.0,80.0
2025-10-11T14:41:35.746527,456.021,0.00,0.00,0.00,0.00,0.00,0.00,0.00,0,,9.0,90.0,80.0
2025-10-11T14:41:35.749170,456.023,0.00,0.00,0.00,0.00,0.00,0.00,0.00,0,,9.0,90.0,90.0
2025-10-11T14:41:35.752463,456.027,0.00,0.00,0.00,0.00,0.00,0.00,0.00,0,,9.0,90.0,90.0
2025-10-11T14:41:37.522465,457.797,0.00,0.00,0.00,0.00,0.00,0.00,0.00,0,,8.0,90.0,90.0
2025-10-11T14:41:37.525572,457.800,0.00,0.00,0.00,0.00,0.00,0.00,0.00,0,,8.0,90.0,90.0
2025-10-11T14:41:38.503504,458.778,0.00,0.00,0.00,0.00,0.00,0.00,0.00,0,,8.0,80.0,90.0
2025-10-11T14:41:38.506906,458.781,0.00,0.00,0.00,0.00,0.00,0.00,0.00,0,,8.0,80.0,90.0
2025-10-11T14:41:38.510838,458.785,0.00,0.00,0.00,0.00,0.00,0.00,0.00,0,,8.0,80.0,80.0
2025-10-11T14:41:38.513507,458.788,0.00,0.00,0.00,0.00,0.00,0.00,0.00,0,,8.0,80.0,80.0
2025-10-11T14:41:40.371389,460.646,0.00,0.00,0.00,0.00,0.00,0.00,0.00,0,,7.0,80.0,80.0
2025-10-11T14:41:40.375184,460.649,0.00,0.00,0.00,0.00,0.00,0.00,0.00,0,,7.0,80.0,80.0
2025-10-11T14:41:40.378569,460.653,0.00,0.00,0.00,0.00,0.00,0.00,0.00,0,,7.0,70.0,80.0
2025-10-11T14:41:40.382385,460.657,0.00,0.00,0.00,0.00,0.00,0.00,0.00,0,,7.0,70.0,80.0
2025-10-11T14:41:40.386375,460.661,0.00,0.00,0.00,0.00,0.00,0.00,0.00,0,,7.0,70.0,70.0
2025-10-11T14:41:40.389664,460.664,0.00,0.00,0.00,0.00,0.00,0.00,0.00,0,,7.0,70.0,70.0
2025-10-11T14:41:42.268664,462.543,0.00,0.00,0.00,0.00,0.00,0.00,0.00,0,,6.0,70.0,70.0
2025-10-11T14:41:42.272038,462.546,0.00,0.00,0.00,0.00,0.00,0.00,0.00,0,,6.0,70.0,70.0
2025-10-11T14:41:42.275636,462.550,0.00,0.00,0.00,0.00,0.00,0.00,0.00,0,,6.0,60.0,70.0
2025-10-11T14:41:42.279463,462.554,0.00,0.00,0.00,0.00,0.00,0.00,0.00,0,,6.0,60.0,70.0
2025-10-11T14:41:42.282913,462.557,0.00,0.00,0.00,0.00,0.00,0.00,0.00,0,,6.0,60.0,60.0
2025-10-11T14:41:42.286037,462.560,0.00,0.00,0.00,0.00,0.00,0.00,0.00,0,,6.0,60.0,60.0
2025-10-11T14:41:45.140782,465.415,0.00,0.00,0.00,0.00,0.00,0.00,0.00,0,,5.0,60.0,60.0
2025-10-11T14:41:45.144153,465.418,0.00,0.00,0.00,0.00,0.00,0.00,0.00,0,,5.0,60.0,60.0
2025-10-11T14:41:45.147838,465.422,0.00,0.00,0.00,0.00,0.00,0.00,0.00,0,,5.0,50.0,60.0
2025-10-11T14:41:45.151180,465.425,0.00,0.00,0.00,0.00,0.00,0.00,0.00,0,,5.0,50.0,60.0
2025-10-11T14:41:45.155184,465.429,0.00,0.00,0.00,0.00,0.00,0.00,0.00,0,,5.0,50.0,50.0
2025-10-11T14:41:45.160014,465.434,0.00,0.00,0.00,0.00,0.00,0.00,0.00,0,,5.0,50.0,50.0
2025-10-11T14:41:46.900865,467.175,0.00,0.00,0.00,0.00,0.00,0.00,0.00,0,,4.0,50.0,50.0
2025-10-11T14:41:46.903857,467.178,0.00,0.00,0.00,0.00,0.00,0.00,0.00,0,,4.0,50.0,50.0
2025-10-11T14:41:46.906812,467.181,0.00,0.00,0.00,0.00,0.00,0.00,0.00,0,,4.0,40.0,50.0
2025-10-11T14:41:46.910281,467.184,0.00,0.00,0.00,0.00,0.00,0.00,0.00,0,,4.0,40.0,50.0
2025-10-11T14:41:46.914287,467.188,0.00,0.00,0.00,0.00,0.00,0.00,0.00,0,,4.0,40.0,40.0
2025-10-11T14:41:46.917394,467.192,0.00,0.00,0.00,0.00,0.00,0.00,0.00,0,,4.0,40.0,40.0
2025-10-11T14:41:49.417095,469.691,0.00,0.00,0.00,0.00,0.00,0.00,0.00,0,,3.0,40.0,40.0
2025-10-11T14:41:49.420285,469.694,0.00,0.00,0.00,0.00,0.00,0.00,0.00,0,,3.0,40.0,40.0
2025-10-11T14:41:49.424269,469.698,0.00,0.00,0.00,0.00,0.00,0.00,0.00,0,,3.0,30.0,40.0
2025-10-11T14:41:49.427865,469.702,0.00,0.00,0.00,0.00,0.00,0.00,0.00,0,,3.0,30.0,40.0
2025-10-11T14:41:49.431279,469.705,0.00,0.00,0.00,0.00,0.00,0.00,0.00,0,,3.0,30.0,30.0
2025-10-11T14:41:49.434629,469.709,0.00,0.00,0.00,0.00,0.00,0.00,0.00,0,,3.0,30.0,30.0
2025-10-11T14:41:51.404419,471.679,0.00,0.00,0.00,0.00,0.00,0.00,0.00,0,,2.0,30.0,30.0
2025-10-11T14:41:51.407072,471.681,0.00,0.00,0.00,0.00,0.00,0.00,0.00,0,,2.0,30.0,30.0
2025-10-11T14:41:51.409599,471.684,0.00,0.00,0.00,0.00,0.00,0.00,0.00,0,,2.0,20.0,30.0
2025-10-11T14:41:51.413678,471.688,0.00,0.00,0.00,0.00,0.00,0.00,0.00,0,,2.0,20.0,30.0
2025-10-11T14:41:51.417487,471.692,0.00,0.00,0.00,0.00,0.00,0.00,0.00,0,,2.0,20.0,20.0
2025-10-11T14:41:51.421621,471.696,0.00,0.00,0.00,0.00,0.00,0.00,0.00,0,,2.0,20.0,20.0
2025-10-11T14:41:53.752614,474.027,0.00,0.00,0.00,0.00,0.00,0.00,0.00,0,,1.0,20.0,20.0
2025-10-11T14:41:53.755541,474.030,0.00,0.00,0.00,0.00,0.00,0.00,0.00,0,,1.0,20.0,20.0
2025-10-11T14:41:53.758609,474.033,0.00,0.00,0.00,0.00,0.00,0.00,0.00,0,,1.0,10.0,20.0
2025-10-11T14:41:53.761883,474.036,0.00,0.00,0.00,0.00,0.00,0.00,0.00,0,,1.0,10.0,20.0
2025-10-11T14:41:53.764582,474.039,0.00,0.00,0.00,0.00,0.00,0.00,0.00,0,,1.0,10.0,10.0
2025-10-11T14:41:53.768467,474.043,0.00,0.00,0.00,0.00,0.00,0.00,0.00,0,,1.0,10.0,10.0
2025-10-11T14:41:56.037793,476.312,0.00,0.00,0.00,0.00,0.00,0.00,0.00,0,,2.0,10.0,10.0
2025-10-11T14:41:56.040373,476.315,0.00,0.00,0.00,0.00,0.00,0.00,0.00,0,,2.0,10.0,10.0
2025-10-11T14:41:56.043069,476.317,0.00,0.00,0.00,0.00,0.00,0.00,0.00,0,,2.0,20.0,10.0
2025-10-11T14:41:56.046391,476.321,0.00,0.00,0.00,0.00,0.00,0.00,0.00,0,,2.0,20.0,10.0
2025-10-11T14:41:56.049485,476.324,0.00,0.00,0.00,0.00,0.00,0.00,0.00,0,,2.0,20.0,20.0
2025-10-11T14:41:56.052841,476.327,0.00,0.00,0.00,0.00,0.00,0.00,0.00,0,,2.0,20.0,20.0
2025-10-11T14:41:58.237402,478.512,0.00,0.00,0.00,0.00,0.00,0.00,0.00,0,,3.0,20.0,20.0
2025-10-11T14:41:58.240626,478.515,0.00,0.00,0.00,0.00,0.00,0.00,0.00,0,,3.0,20.0,20.0
2025-10-11T14:41:58.243430,478.518,0.00,0.00,0.00,0.00,0.00,0.00,0.00,0,,3.0,30.0,20.0
2025-10-11T14:41:58.246590,478.521,0.00,0.00,0.00,0.00,0.00,0.00,0.00,0,,3.0,30.0,20.0
2025-10-11T14:41:58.248991,478.523,0.00,0.00,0.00,0.00,0.00,0.00,0.00,0,,3.0,30.0,30.0
2025-10-11T14:41:58.252780,478.527,0.00,0.00,0.00,0.00,0.00,0.00,0.00,0,,3.0,30.0,30.0
2025-10-11T14:42:00.195695,480.470,0.00,0.00,0.00,0.00,0.00,0.00,0.00,0,,4.0,30.0,30.0
2025-10-11T14:42:00.200417,480.475,0.00,0.00,0.00,0.00,0.00,0.00,0.00,0,,4.0,30.0,30.0
2025-10-11T14:42:01.072377,481.347,0.00,0.00,0.00,0.00,0.00,0.00,0.00,0,,4.0,40.0,30.0
2025-10-11T14:42:01.077482,481.352,0.00,0.00,0.00,0.00,0.00,0.00,0.00,0,,4.0,40.0,30.0
2025-10-11T14:42:01.082166,481.356,0.00,0.00,0.00,0.00,0.00,0.00,0.00,0,,4.0,40.0,40.0
2025-10-11T14:42:01.086521,481.361,0.00,0.00,0.00,0.00,0.00,0.00,0.00,0,,4.0,40.0,40.0
2025-10-11T14:42:02.944674,483.219,0.00,0.00,0.00,0.00,0.00,0.00,0.00,0,,5.0,40.0,40.0
2025-10-11T14:42:02.949792,483.224,0.00,0.00,0.00,0.00,0.00,0.00,0.00,0,,5.0,40.0,40.0
2025-10-11T14:42:02.954164,483.228,0.00,0.00,0.00,0.00,0.00,0.00,0.00,0,,5.0,50.0,40.0
2025-10-11T14:42:02.957405,483.232,0.00,0.00,0.00,0.00,0.00,0.00,0.00,0,,5.0,50.0,40.0
2025-10-11T14:42:02.961055,483.235,0.00,0.00,0.00,0.00,0.00,0.00,0.00,0,,5.0,50.0,50.0
2025-10-11T14:42:02.964501,483.239,0.00,0.00,0.00,0.00,0.00,0.00,0.00,0,,5.0,50.0,50.0
2025-10-11T14:42:05.366517,485.641,0.00,0.00,0.00,0.00,0.00,0.00,0.00,0,,6.0,50.0,50.0
2025-10-11T14:42:05.369222,485.643,0.00,0.00,0.00,0.00,0.00,0.00,0.00,0,,6.0,50.0,50.0
2025-10-11T14:42:05.371916,485.646,0.00,0.00,0.00,0.00,0.00,0.00,0.00,0,,6.0,60.0,50.0
2025-10-11T14:42:05.375386,485.650,0.00,0.00,0.00,0.00,0.00,0.00,0.00,0,,6.0,60.0,50.0
2025-10-11T14:42:05.378378,485.653,0.00,0.00,0.00,0.00,0.00,0.00,0.00,0,,6.0,60.0,60.0
2025-10-11T14:42:05.381695,485.656,0.00,0.00,0.00,0.00,0.00,0.00,0.00,0,,6.0,60.0,60.0
2025-10-11T14:42:07.123000,487.397,0.00,0.00,0.00,0.00,0.00,0.00,0.00,0,,7.0,60.0,60.0
2025-10-11T14:42:07.126395,487.401,0.00,0.00,0.00,0.00,0.00,0.00,0.00,0,,7.0,60.0,60.0
2025-10-11T14:42:07.129538,487.404,0.00,0.00,0.00,0.00,0.00,0.00,0.00,0,,7.0,70.0,60.0
2025-10-11T14:42:07.133129,487.407,0.00,0.00,0.00,0.00,0.00,0.00,0.00,0,,7.0,70.0,60.0
2025-10-11T14:42:07.898406,488.173,0.00,0.00,0.00,0.00,0.00,0.00,0.00,0,,7.0,70.0,70.0
2025-10-11T14:42:07.916263,488.190,0.00,0.00,0.00,0.00,0.00,0.00,0.00,0,,7.0,70.0,70.0
2025-10-11T14:42:09.438792,489.713,0.00,0.00,0.00,0.00,0.00,0.00,0.00,0,,8.0,70.0,70.0
2025-10-11T14:42:09.442544,489.717,0.00,0.00,0.00,0.00,0.00,0.00,0.00,0,,8.0,70.0,70.0
2025-10-11T14:42:09.446318,489.720,0.00,0.00,0.00,0.00,0.00,0.00,0.00,0,,8.0,80.0,70.0
2025-10-11T14:42:09.449182,489.723,0.00,0.00,0.00,0.00,0.00,0.00,0.00,0,,8.0,80.0,70.0
2025-10-11T14:42:10.311382,490.586,0.00,0.00,0.00,0.00,0.00,0.00,0.00,0,,8.0,80.0,80.0
2025-10-11T14:42:10.313985,490.588,0.00,0.00,0.00,0.00,0.00,0.00,0.00,0,,8.0,80.0,80.0
2025-10-11T14:42:12.054081,492.328,0.00,0.00,0.00,0.00,0.00,0.00,0.00,0,,9.0,80.0,80.0
2025-10-11T14:42:12.056823,492.331,0.00,0.00,0.00,0.00,0.00,0.00,0.00,0,,9.0,80.0,80.0
2025-10-11T14:42:12.059514,492.334,0.00,0.00,0.00,0.00,0.00,0.00,0.00,0,,9.0,90.0,80.0
2025-10-11T14:42:12.062795,492.337,0.00,0.00,0.00,0.00,0.00,0.00,0.00,0,,9.0,90.0,80.0
2025-10-11T14:42:12.065700,492.340,0.00,0.00,0.00,0.00,0.00,0.00,0.00,0,,9.0,90.0,90.0
2025-10-11T14:42:12.069115,492.343,0.00,0.00,0.00,0.00,0.00,0.00,0.00,0,,9.0,90.0,90.0
2025-10-11T14:42:14.702629,494.977,0.00,0.00,0.00,0.00,0.00,0.00,0.00,0,,8.0,90.0,90.0
2025-10-11T14:42:14.705318,494.979,0.00,0.00,0.00,0.00,0.00,0.00,0.00,0,,8.0,90.0,90.0
2025-10-11T14:42:14.709066,494.983,0.00,0.00,0.00,0.00,0.00,0.00,0.00,0,,8.0,80.0,90.0
2025-10-11T14:42:14.712472,494.987,0.00,0.00,0.00,0.00,0.00,0.00,0.00,0,,8.0,80.0,90.0
2025-10-11T14:42:14.716319,494.990,0.00,0.00,0.00,0.00,0.00,0.00,0.00,0,,8.0,80.0,80.0
2025-10-11T14:42:14.719933,494.994,0.00,0.00,0.00,0.00,0.00,0.00,0.00,0,,8.0,80.0,80.0
2025-10-11T14:42:16.883355,497.158,0.00,0.00,0.00,0.00,0.00,0.00,0.00,0,,7.0,80.0,80.0
2025-10-11T14:42:16.886185,497.160,0.00,0.00,0.00,0.00,0.00,0.00,0.00,0,,7.0,80.0,80.0
2025-10-11T14:42:16.889007,497.163,0.00,0.00,0.00,0.00,0.00,0.00,0.00,0,,7.0,70.0,80.0
2025-10-11T14:42:16.892689,497.167,0.00,0.00,0.00,0.00,0.00,0.00,0.00,0,,7.0,70.0,80.0
2025-10-11T14:42:16.896466,497.171,0.00,0.00,0.00,0.00,0.00,0.00,0.00,0,,7.0,70.0,70.0
2025-10-11T14:42:16.899862,497.174,0.00,0.00,0.00,0.00,0.00,0.00,0.00,0,,7.0,70.0,70.0
2025-10-11T14:42:19.200250,499.474,0.00,0.00,0.00,0.00,0.00,0.00,0.00,0,,6.0,70.0,70.0
2025-10-11T14:42:19.203246,499.477,0.00,0.00,0.00,0.00,0.00,0.00,0.00,0,,6.0,70.0,70.0
2025-10-11T14:42:19.206695,499.481,0.00,0.00,0.00,0.00,0.00,0.00,0.00,0,,6.0,60.0,70.0
2025-10-11T14:42:19.212676,499.487,0.00,0.00,0.00,0.00,0.00,0.00,0.00,0,,6.0,60.0,70.0
2025-10-11T14:42:19.216313,499.490,0.00,0.00,0.00,0.00,0.00,0.00,0.00,0,,6.0,60.0,60.0
2025-10-11T14:42:19.221020,499.495,0.00,0.00,0.00,0.00,0.00,0.00,0.00,0,,6.0,60.0,60.0
2025-10-11T14:42:21.505774,501.780,0.00,0.00,0.00,0.00,0.00,0.00,0.00,0,,5.0,60.0,60.0
2025-10-11T14:42:21.510097,501.784,0.00,0.00,0.00,0.00,0.00,0.00,0.00,0,,5.0,60.0,60.0
2025-10-11T14:42:21.513588,501.788,0.00,0.00,0.00,0.00,0.00,0.00,0.00,0,,5.0,50.0,60.0
2025-10-11T14:42:21.516810,501.791,0.00,0.00,0.00,0.00,0.00,0.00,0.00,0,,5.0,50.0,60.0
2025-10-11T14:42:21.519913,501.794,0.00,0.00,0.00,0.00,0.00,0.00,0.00,0,,5.0,50.0,50.0
2025-10-11T14:42:21.526056,501.800,0.00,0.00,0.00,0.00,0.00,0.00,0.00,0,,5.0,50.0,50.0
2025-10-11T14:42:23.919158,504.193,0.00,0.00,0.00,0.00,0.00,0.00,0.00,0,,4.0,50.0,50.0
2025-10-11T14:42:23.921954,504.196,0.00,0.00,0.00,0.00,0.00,0.00,0.00,0,,4.0,50.0,50.0
2025-10-11T14:42:23.924703,504.199,0.00,0.00,0.00,0.00,0.00,0.00,0.00,0,,4.0,40.0,50.0
2025-10-11T14:42:23.929336,504.204,0.00,0.00,0.00,0.00,0.00,0.00,0.00,0,,4.0,40.0,50.0
2025-10-11T14:42:23.932532,504.207,0.00,0.00,0.00,0.00,0.00,0.00,0.00,0,,4.0,40.0,40.0
2025-10-11T14:42:23.935496,504.210,0.00,0.00,0.00,0.00,0.00,0.00,0.00,0,,4.0,40.0,40.0
2025-10-11T14:42:26.230309,506.504,0.00,0.00,0.00,0.00,0.00,0.00,0.00,0,,3.0,40.0,40.0
2025-10-11T14:42:26.233069,506.507,0.00,0.00,0.00,0.00,0.00,0.00,0.00,0,,3.0,40.0,40.0
2025-10-11T14:42:26.235585,506.510,0.00,0.00,0.00,0.00,0.00,0.00,0.00,0,,3.0,30.0,40.0
2025-10-11T14:42:26.239472,506.514,0.00,0.00,0.00,0.00,0.00,0.00,0.00,0,,3.0,30.0,40.0
2025-10-11T14:42:26.242680,506.517,0.00,0.00,0.00,0.00,0.00,0.00,0.00,0,,3.0,30.0,30.0
2025-10-11T14:42:26.247057,506.521,0.00,0.00,0.00,0.00,0.00,0.00,0.00,0,,3.0,30.0,30.0
2025-10-11T14:42:28.540631,508.815,0.00,0.00,0.00,0.00,0.00,0.00,0.00,0,,2.0,30.0,30.0
2025-10-11T14:42:28.543831,508.818,0.00,0.00,0.00,0.00,0.00,0.00,0.00,0,,2.0,30.0,30.0
2025-10-11T14:42:28.547266,508.821,0.00,0.00,0.00,0.00,0.00,0.00,0.00,0,,2.0,20.0,30.0
2025-10-11T14:42:28.551491,508.826,0.00,0.00,0.00,0.00,0.00,0.00,0.00,0,,2.0,20.0,30.0
2025-10-11T14:42:28.557009,508.831,0.00,0.00,0.00,0.00,0.00,0.00,0.00,0,,2.0,20.0,20.0
2025-10-11T14:42:28.586824,508.861,0.00,0.00,0.00,0.00,0.00,0.00,0.00,0,,2.0,20.0,20.0
2025-10-11T14:42:30.956224,511.230,0.00,0.00,0.00,0.00,0.00,0.00,0.00,0,,1.0,20.0,20.0
2025-10-11T14:42:30.959936,511.234,0.00,0.00,0.00,0.00,0.00,0.00,0.00,0,,1.0,20.0,20.0
2025-10-11T14:42:30.963455,511.238,0.00,0.00,0.00,0.00,0.00,0.00,0.00,0,,1.0,10.0,20.0
2025-10-11T14:42:30.966930,511.241,0.00,0.00,0.00,0.00,0.00,0.00,0.00,0,,1.0,10.0,20.0
2025-10-11T14:42:30.971156,511.245,0.00,0.00,0.00,0.00,0.00,0.00,0.00,0,,1.0,10.0,10.0
2025-10-11T14:42:30.974852,511.249,0.00,0.00,0.00,0.00,0.00,0.00,0.00,0,,1.0,10.0,10.0
2025-10-11T14:42:33.147677,513.422,0.00,0.00,0.00,0.00,0.00,0.00,0.00,0,,2.0,10.0,10.0
2025-10-11T14:42:33.150428,513.425,0.00,0.00,0.00,0.00,0.00,0.00,0.00,0,,2.0,10.0,10.0
2025-10-11T14:42:33.153549,513.428,0.00,0.00,0.00,0.00,0.00,0.00,0.00,0,,2.0,20.0,10.0
2025-10-11T14:42:33.157306,513.431,0.00,0.00,0.00,0.00,0.00,0.00,0.00,0,,2.0,20.0,10.0
2025-10-11T14:42:33.160974,513.435,0.00,0.00,0.00,0.00,0.00,0.00,0.00,0,,2.0,20.0,20.0
2025-10-11T14:42:33.164361,513.439,0.00,0.00,0.00,0.00,0.00,0.00,0.00,0,,2.0,20.0,20.0
2025-10-11T14:42:35.468474,515.743,0.00,0.00,0.00,0.00,0.00,0.00,0.00,0,,3.0,20.0,20.0
2025-10-11T14:42:35.471291,515.745,0.00,0.00,0.00,0.00,0.00,0.00,0.00,0,,3.0,20.0,20.0
2025-10-11T14:42:35.474377,515.749,0.00,0.00,0.00,0.00,0.00,0.00,0.00,0,,3.0,30.0,20.0
2025-10-11T14:42:35.477994,515.752,0.00,0.00,0.00,0.00,0.00,0.00,0.00,0,,3.0,30.0,20.0
2025-10-11T14:42:35.481701,515.756,0.00,0.00,0.00,0.00,0.00,0.00,0.00,0,,3.0,30.0,30.0
2025-10-11T14:42:35.484257,515.758,0.00,0.00,0.00,0.00,0.00,0.00,0.00,0,,3.0,30.0,30.0
2025-10-11T14:42:37.796891,518.071,0.00,0.00,0.00,0.00,0.00,0.00,0.00,0,,4.0,30.0,30.0
2025-10-11T14:42:37.800115,518.074,0.00,0.00,0.00,0.00,0.00,0.00,0.00,0,,4.0,30.0,30.0
2025-10-11T14:42:37.803918,518.078,0.00,0.00,0.00,0.00,0.00,0.00,0.00,0,,4.0,40.0,30.0
2025-10-11T14:42:37.807368,518.082,0.00,0.00,0.00,0.00,0.00,0.00,0.00,0,,4.0,40.0,30.0
2025-10-11T14:42:37.811563,518.086,0.00,0.00,0.00,0.00,0.00,0.00,0.00,0,,4.0,40.0,40.0
2025-10-11T14:42:37.815332,518.090,0.00,0.00,0.00,0.00,0.00,0.00,0.00,0,,4.0,40.0,40.0
2025-10-11T14:42:40.443218,520.717,0.00,0.00,0.00,0.00,0.00,0.00,0.00,0,,5.0,40.0,40.0
2025-10-11T14:42:40.446582,520.721,0.00,0.00,0.00,0.00,0.00,0.00,0.00,0,,5.0,40.0,40.0
2025-10-11T14:42:40.450622,520.725,0.00,0.00,0.00,0.00,0.00,0.00,0.00,0,,5.0,50.0,40.0
2025-10-11T14:42:40.454004,520.728,0.00,0.00,0.00,0.00,0.00,0.00,0.00,0,,5.0,50.0,40.0
2025-10-11T14:42:40.458887,520.733,0.00,0.00,0.00,0.00,0.00,0.00,0.00,0,,5.0,50.0,50.0
2025-10-11T14:42:40.463215,520.737,0.00,0.00,0.00,0.00,0.00,0.00,0.00,0,,5.0,50.0,50.0
2025-10-11T14:42:42.289173,522.563,0.00,0.00,0.00,0.00,0.00,0.00,0.00,0,,6.0,50.0,50.0
2025-10-11T14:42:42.291956,522.566,0.00,0.00,0.00,0.00,0.00,0.00,0.00,0,,6.0,50.0,50.0
2025-10-11T14:42:42.294808,522.569,0.00,0.00,0.00,0.00,0.00,0.00,0.00,0,,6.0,60.0,50.0
2025-10-11T14:42:42.298638,522.573,0.00,0.00,0.00,0.00,0.00,0.00,0.00,0,,6.0,60.0,50.0
2025-10-11T14:42:42.301745,522.576,0.00,0.00,0.00,0.00,0.00,0.00,0.00,0,,6.0,60.0,60.0
2025-10-11T14:42:42.305294,522.579,0.00,0.00,0.00,0.00,0.00,0.00,0.00,0,,6.0,60.0,60.0
2025-10-11T14:42:44.612579,524.887,0.00,0.00,0.00,0.00,0.00,0.00,0.00,0,,7.0,60.0,60.0
2025-10-11T14:42:44.615631,524.890,0.00,0.00,0.00,0.00,0.00,0.00,0.00,0,,7.0,60.0,60.0
2025-10-11T14:42:44.618381,524.893,0.00,0.00,0.00,0.00,0.00,0.00,0.00,0,,7.0,70.0,60.0
2025-10-11T14:42:44.623268,524.897,0.00,0.00,0.00,0.00,0.00,0.00,0.00,0,,7.0,70.0,60.0
2025-10-11T14:42:45.592964,525.867,0.00,0.00,0.00,0.00,0.00,0.00,0.00,0,,7.0,70.0,70.0
2025-10-11T14:42:45.595680,525.870,0.00,0.00,0.00,0.00,0.00,0.00,0.00,0,,7.0,70.0,70.0
2025-10-11T14:42:47.230741,527.505,0.00,0.00,0.00,0.00,0.00,0.00,0.00,0,,8.0,70.0,70.0
2025-10-11T14:42:47.233646,527.508,0.00,0.00,0.00,0.00,0.00,0.00,0.00,0,,8.0,70.0,70.0
2025-10-11T14:42:47.236684,527.511,0.00,0.00,0.00,0.00,0.00,0.00,0.00,0,,8.0,80.0,70.0
2025-10-11T14:42:47.242237,527.516,0.00,0.00,0.00,0.00,0.00,0.00,0.00,0,,8.0,80.0,70.0
2025-10-11T14:42:47.245685,527.520,0.00,0.00,0.00,0.00,0.00,0.00,0.00,0,,8.0,80.0,80.0
2025-10-11T14:42:47.250233,527.524,0.00,0.00,0.00,0.00,0.00,0.00,0.00,0,,8.0,80.0,80.0
2025-10-11T14:42:49.753001,530.027,0.00,0.00,0.00,0.00,0.00,0.00,0.00,0,,9.0,80.0,80.0
2025-10-11T14:42:49.756078,530.030,0.00,0.00,0.00,0.00,0.00,0.00,0.00,0,,9.0,80.0,80.0
2025-10-11T14:42:49.759503,530.034,0.00,0.00,0.00,0.00,0.00,0.00,0.00,0,,9.0,90.0,80.0
2025-10-11T14:42:49.762654,530.037,0.00,0.00,0.00,0.00,0.00,0.00,0.00,0,,9.0,90.0,80.0
2025-10-11T14:42:49.766426,530.041,0.00,0.00,0.00,0.00,0.00,0.00,0.00,0,,9.0,90.0,90.0
2025-10-11T14:42:49.770400,530.045,0.00,0.00,0.00,0.00,0.00,0.00,0.00,0,,9.0,90.0,90.0
2025-10-11T14:42:51.955179,532.229,0.00,0.00,0.00,0.00,0.00,0.00,0.00,0,,8.0,90.0,90.0
2025-10-11T14:42:51.959051,532.233,0.00,0.00,0.00,0.00,0.00,0.00,0.00,0,,8.0,90.0,90.0
2025-10-11T14:42:51.963864,532.238,0.00,0.00,0.00,0.00,0.00,0.00,0.00,0,,8.0,80.0,90.0
2025-10-11T14:42:51.968003,532.242,0.00,0.00,0.00,0.00,0.00,0.00,0.00,0,,8.0,80.0,90.0
2025-10-11T14:42:51.972450,532.247,0.00,0.00,0.00,0.00,0.00,0.00,0.00,0,,8.0,80.0,80.0
2025-10-11T14:42:51.976787,532.251,0.00,0.00,0.00,0.00,0.00,0.00,0.00,0,,8.0,80.0,80.0
2025-10-11T14:42:54.256886,534.531,0.00,0.00,0.00,0.00,0.00,0.00,0.00,0,,7.0,80.0,80.0
2025-10-11T14:42:54.259678,534.534,0.00,0.00,0.00,0.00,0.00,0.00,0.00,0,,7.0,80.0,80.0
2025-10-11T14:42:54.262175,534.536,0.00,0.00,0.00,0.00,0.00,0.00,0.00,0,,7.0,70.0,80.0
2025-10-11T14:42:54.265473,534.540,0.00,0.00,0.00,0.00,0.00,0.00,0.00,0,,7.0,70.0,80.0
2025-10-11T14:42:54.268333,534.543,0.00,0.00,0.00,0.00,0.00,0.00,0.00,0,,7.0,70.0,70.0
2025-10-11T14:42:54.271941,534.546,0.00,0.00,0.00,0.00,0.00,0.00,0.00,0,,7.0,70.0,70.0
2025-10-11T14:42:56.677615,536.952,0.00,0.00,0.00,0.00,0.00,0.00,0.00,0,,6.0,70.0,70.0
2025-10-11T14:42:56.680153,536.954,0.00,0.00,0.00,0.00,0.00,0.00,0.00,0,,6.0,70.0,70.0
2025-10-11T14:42:56.682539,536.957,0.00,0.00,0.00,0.00,0.00,0.00,0.00,0,,6.0,60.0,70.0
2025-10-11T14:42:56.685664,536.960,0.00,0.00,0.00,0.00,0.00,0.00,0.00,0,,6.0,60.0,70.0
2025-10-11T14:42:56.688657,536.963,0.00,0.00,0.00,0.00,0.00,0.00,0.00,0,,6.0,60.0,60.0
2025-10-11T14:42:56.692090,536.966,0.00,0.00,0.00,0.00,0.00,0.00,0.00,0,,6.0,60.0,60.0
2025-10-11T14:42:58.458449,538.733,0.00,0.00,0.00,0.00,0.00,0.00,0.00,0,,5.0,60.0,60.0
2025-10-11T14:42:58.462300,538.736,0.00,0.00,0.00,0.00,0.00,0.00,0.00,0,,5.0,60.0,60.0
2025-10-11T14:42:58.467043,538.741,0.00,0.00,0.00,0.00,0.00,0.00,0.00,0,,5.0,50.0,60.0
2025-10-11T14:42:58.470471,538.745,0.00,0.00,0.00,0.00,0.00,0.00,0.00,0,,5.0,50.0,60.0
2025-10-11T14:42:58.474776,538.749,0.00,0.00,0.00,0.00,0.00,0.00,0.00,0,,5.0,50.0,50.0
2025-10-11T14:42:58.478552,538.753,0.00,0.00,0.00,0.00,0.00,0.00,0.00,0,,5.0,50.0,50.0
2025-10-11T14:43:00.871038,541.145,0.00,0.00,0.00,0.00,0.00,0.00,0.00,0,,4.0,50.0,50.0
2025-10-11T14:43:00.874443,541.149,0.00,0.00,0.00,0.00,0.00,0.00,0.00,0,,4.0,50.0,50.0
2025-10-11T14:43:00.877801,541.152,0.00,0.00,0.00,0.00,0.00,0.00,0.00,0,,4.0,40.0,50.0
2025-10-11T14:43:00.880763,541.155,0.00,0.00,0.00,0.00,0.00,0.00,0.00,0,,4.0,40.0,50.0
2025-10-11T14:43:00.883824,541.158,0.00,0.00,0.00,0.00,0.00,0.00,0.00,0,,4.0,40.0,40.0
2025-10-11T14:43:00.887643,541.162,0.00,0.00,0.00,0.00,0.00,0.00,0.00,0,,4.0,40.0,40.0
2025-10-11T14:43:03.170728,543.445,0.00,0.00,0.00,0.00,0.00,0.00,0.00,0,,3.0,40.0,40.0
2025-10-11T14:43:03.173642,543.448,0.00,0.00,0.00,0.00,0.00,0.00,0.00,0,,3.0,40.0,40.0
2025-10-11T14:43:03.176366,543.451,0.00,0.00,0.00,0.00,0.00,0.00,0.00,0,,3.0,30.0,40.0
2025-10-11T14:43:03.180168,543.454,0.00,0.00,0.00,0.00,0.00,0.00,0.00,0,,3.0,30.0,40.0
2025-10-11T14:43:03.183447,543.458,0.00,0.00,0.00,0.00,0.00,0.00,0.00,0,,3.0,30.0,30.0
2025-10-11T14:43:03.186994,543.461,0.00,0.00,0.00,0.00,0.00,0.00,0.00,0,,3.0,30.0,30.0
2025-10-11T14:43:04.805726,545.080,0.00,0.00,0.00,0.00,0.00,0.00,0.00,0,,2.0,30.0,30.0
2025-10-11T14:43:04.809514,545.084,0.00,0.00,0.00,0.00,0.00,0.00,0.00,0,,2.0,30.0,30.0
2025-10-11T14:43:05.696161,545.970,0.00,0.00,0.00,0.00,0.00,0.00,0.00,0,,2.0,20.0,30.0
2025-10-11T14:43:05.701462,545.976,0.00,0.00,0.00,0.00,0.00,0.00,0.00,0,,2.0,20.0,30.0
2025-10-11T14:43:05.706414,545.981,0.00,0.00,0.00,0.00,0.00,0.00,0.00,0,,2.0,20.0,20.0
2025-10-11T14:43:05.711691,545.986,0.00,0.00,0.00,0.00,0.00,0.00,0.00,0,,2.0,20.0,20.0
2025-10-11T14:43:07.452710,547.727,0.00,0.00,0.00,0.00,0.00,0.00,0.00,0,,1.0,20.0,20.0
2025-10-11T14:43:07.456595,547.731,0.00,0.00,0.00,0.00,0.00,0.00,0.00,0,,1.0,20.0,20.0
2025-10-11T14:43:07.460672,547.735,0.00,0.00,0.00,0.00,0.00,0.00,0.00,0,,1.0,10.0,20.0
2025-10-11T14:43:07.464688,547.739,0.00,0.00,0.00,0.00,0.00,0.00,0.00,0,,1.0,10.0,20.0
2025-10-11T14:43:07.469274,547.743,0.00,0.00,0.00,0.00,0.00,0.00,0.00,0,,1.0,10.0,10.0
2025-10-11T14:43:07.474079,547.748,0.00,0.00,0.00,0.00,0.00,0.00,0.00,0,,1.0,10.0,10.0
2025-10-11T14:43:09.857474,550.132,0.00,0.00,0.00,0.00,0.00,0.00,0.00,0,,2.0,10.0,10.0
2025-10-11T14:43:09.860379,550.135,0.00,0.00,0.00,0.00,0.00,0.00,0.00,0,,2.0,10.0,10.0
2025-10-11T14:43:09.863863,550.138,0.00,0.00,0.00,0.00,0.00,0.00,0.00,0,,2.0,20.0,10.0
2025-10-11T14:43:09.867138,550.141,0.00,0.00,0.00,0.00,0.00,0.00,0.00,0,,2.0,20.0,10.0
2025-10-11T14:43:09.870836,550.145,0.00,0.00,0.00,0.00,0.00,0.00,0.00,0,,2.0,20.0,20.0
2025-10-11T14:43:09.875248,550.149,0.00,0.00,0.00,0.00,0.00,0.00,0.00,0,,2.0,20.0,20.0
2025-10-11T14:43:12.155586,552.430,0.00,0.00,0.00,0.00,0.00,0.00,0.00,0,,3.0,20.0,20.0
2025-10-11T14:43:12.158496,552.433,0.00,0.00,0.00,0.00,0.00,0.00,0.00,0,,3.0,20.0,20.0
2025-10-11T14:43:12.161479,552.436,0.00,0.00,0.00,0.00,0.00,0.00,0.00,0,,3.0,30.0,20.0
2025-10-11T14:43:12.165735,552.440,0.00,0.00,0.00,0.00,0.00,0.00,0.00,0,,3.0,30.0,20.0
2025-10-11T14:43:12.169587,552.444,0.00,0.00,0.00,0.00,0.00,0.00,0.00,0,,3.0,30.0,30.0
2025-10-11T14:43:12.173348,552.448,0.00,0.00,0.00,0.00,0.00,0.00,0.00,0,,3.0,30.0,30.0
2025-10-11T14:43:14.270499,554.545,0.00,0.00,0.00,0.00,0.00,0.00,0.00,0,,4.0,30.0,30.0
2025-10-11T14:43:14.273823,554.548,0.00,0.00,0.00,0.00,0.00,0.00,0.00,0,,4.0,30.0,30.0
2025-10-11T14:43:14.277332,554.552,0.00,0.00,0.00,0.00,0.00,0.00,0.00,0,,4.0,40.0,30.0
2025-10-11T14:43:14.345984,554.620,0.00,0.00,0.00,0.00,0.00,0.00,0.00,0,,4.0,40.0,30.0
2025-10-11T14:43:14.349984,554.624,0.00,0.00,0.00,0.00,0.00,0.00,0.00,0,,4.0,40.0,40.0
2025-10-11T14:43:14.353587,554.628,0.00,0.00,0.00,0.00,0.00,0.00,0.00,0,,4.0,40.0,40.0
2025-10-11T14:43:16.565604,556.840,0.00,0.00,0.00,0.00,0.00,0.00,0.00,0,,5.0,40.0,40.0
2025-10-11T14:43:16.568476,556.843,0.00,0.00,0.00,0.00,0.00,0.00,0.00,0,,5.0,40.0,40.0
2025-10-11T14:43:16.571855,556.846,0.00,0.00,0.00,0.00,0.00,0.00,0.00,0,,5.0,50.0,40.0
2025-10-11T14:43:16.575977,556.850,0.00,0.00,0.00,0.00,0.00,0.00,0.00,0,,5.0,50.0,40.0
2025-10-11T14:43:16.579270,556.853,0.00,0.00,0.00,0.00,0.00,0.00,0.00,0,,5.0,50.0,50.0
2025-10-11T14:43:16.582766,556.857,0.00,0.00,0.00,0.00,0.00,0.00,0.00,0,,5.0,50.0,50.0
2025-10-11T14:43:19.075242,559.349,0.00,0.00,0.00,0.00,0.00,0.00,0.00,0,,6.0,50.0,50.0
2025-10-11T14:43:19.079535,559.354,0.00,0.00,0.00,0.00,0.00,0.00,0.00,0,,6.0,50.0,50.0
2025-10-11T14:43:19.083634,559.358,0.00,0.00,0.00,0.00,0.00,0.00,0.00,0,,6.0,60.0,50.0
2025-10-11T14:43:19.087516,559.362,0.00,0.00,0.00,0.00,0.00,0.00,0.00,0,,6.0,60.0,50.0
2025-10-11T14:43:19.091990,559.366,0.00,0.00,0.00,0.00,0.00,0.00,0.00,0,,6.0,60.0,60.0
2025-10-11T14:43:19.095325,559.369,0.00,0.00,0.00,0.00,0.00,0.00,0.00,0,,6.0,60.0,60.0
2025-10-11T14:43:20.742028,561.016,0.00,0.00,0.00,0.00,0.00,0.00,0.00,0,,7.0,60.0,60.0
2025-10-11T14:43:20.746408,561.021,0.00,0.00,0.00,0.00,0.00,0.00,0.00,0,,7.0,60.0,60.0
2025-10-11T14:43:21.523614,561.798,0.00,0.00,0.00,0.00,0.00,0.00,0.00,0,,7.0,70.0,60.0
2025-10-11T14:43:21.527262,561.801,0.00,0.00,0.00,0.00,0.00,0.00,0.00,0,,7.0,70.0,60.0
2025-10-11T14:43:21.530928,561.805,0.00,0.00,0.00,0.00,0.00,0.00,0.00,0,,7.0,70.0,70.0
2025-10-11T14:43:21.536042,561.810,0.00,0.00,0.00,0.00,0.00,0.00,0.00,0,,7.0,70.0,70.0
2025-10-11T14:43:23.058304,563.332,0.00,0.00,0.00,0.00,0.00,0.00,0.00,0,,8.0,70.0,70.0
2025-10-11T14:43:23.061701,563.336,0.00,0.00,0.00,0.00,0.00,0.00,0.00,0,,8.0,70.0,70.0
2025-10-11T14:43:23.825086,564.099,0.00,0.00,0.00,0.00,0.00,0.00,0.00,0,,8.0,80.0,70.0
2025-10-11T14:43:23.828843,564.103,0.00,0.00,0.00,0.00,0.00,0.00,0.00,0,,8.0,80.0,70.0
2025-10-11T14:43:23.832019,564.106,0.00,0.00,0.00,0.00,0.00,0.00,0.00,0,,8.0,80.0,80.0
2025-10-11T14:43:23.835542,564.110,0.00,0.00,0.00,0.00,0.00,0.00,0.00,0,,8.0,80.0,80.0
2025-10-11T14:43:25.355041,565.629,0.00,0.00,0.00,0.00,0.00,0.00,0.00,0,,9.0,80.0,80.0
2025-10-11T14:43:25.358182,565.632,0.00,0.00,0.00,0.00,0.00,0.00,0.00,0,,9.0,80.0,80.0
2025-10-11T14:43:26.124454,566.399,0.00,0.00,0.00,0.00,0.00,0.00,0.00,0,,9.0,90.0,80.0
2025-10-11T14:43:26.127868,566.402,0.00,0.00,0.00,0.00,0.00,0.00,0.00,0,,9.0,90.0,80.0
2025-10-11T14:43:26.131360,566.406,0.00,0.00,0.00,0.00,0.00,0.00,0.00,0,,9.0,90.0,90.0
2025-10-11T14:43:26.135181,566.409,0.00,0.00,0.00,0.00,0.00,0.00,0.00,0,,9.0,90.0,90.0
2025-10-11T14:43:28.089113,568.363,0.00,0.00,0.00,0.00,0.00,0.00,0.00,0,,8.0,90.0,90.0
2025-10-11T14:43:28.092251,568.366,0.00,0.00,0.00,0.00,0.00,0.00,0.00,0,,8.0,90.0,90.0
2025-10-11T14:43:28.095635,568.370,0.00,0.00,0.00,0.00,0.00,0.00,0.00,0,,8.0,80.0,90.0
2025-10-11T14:43:28.099514,568.374,0.00,0.00,0.00,0.00,0.00,0.00,0.00,0,,8.0,80.0,90.0
2025-10-11T14:43:28.103532,568.378,0.00,0.00,0.00,0.00,0.00,0.00,0.00,0,,8.0,80.0,80.0
2025-10-11T14:43:28.107307,568.381,0.00,0.00,0.00,0.00,0.00,0.00,0.00,0,,8.0,80.0,80.0
2025-10-11T14:43:30.419182,570.693,0.00,0.00,0.00,0.00,0.00,0.00,0.00,0,,7.0,80.0,80.0
2025-10-11T14:43:30.422650,570.697,0.00,0.00,0.00,0.00,0.00,0.00,0.00,0,,7.0,80.0,80.0
2025-10-11T14:43:30.425757,570.700,0.00,0.00,0.00,0.00,0.00,0.00,0.00,0,,7.0,70.0,80.0
2025-10-11T14:43:30.429670,570.704,0.00,0.00,0.00,0.00,0.00,0.00,0.00,0,,7.0,70.0,80.0
2025-10-11T14:43:30.433586,570.708,0.00,0.00,0.00,0.00,0.00,0.00,0.00,0,,7.0,70.0,70.0
2025-10-11T14:43:30.437400,570.712,0.00,0.00,0.00,0.00,0.00,0.00,0.00,0,,7.0,70.0,70.0
2025-10-11T14:43:32.071820,572.346,0.00,0.00,0.00,0.00,0.00,0.00,0.00,0,,6.0,70.0,70.0
2025-10-11T14:43:32.075135,572.349,0.00,0.00,0.00,0.00,0.00,0.00,0.00,0,,6.0,70.0,70.0
2025-10-11T14:43:32.626632,572.901,0.00,0.00,0.00,0.00,0.00,0.00,0.00,0,,6.0,60.0,70.0
2025-10-11T14:43:32.630110,572.904,0.00,0.00,0.00,0.00,0.00,0.00,0.00,0,,6.0,60.0,70.0
2025-10-11T14:43:32.633861,572.908,0.00,0.00,0.00,0.00,0.00,0.00,0.00,0,,6.0,60.0,60.0
2025-10-11T14:43:32.637584,572.912,0.00,0.00,0.00,0.00,0.00,0.00,0.00,0,,6.0,60.0,60.0
2025-10-11T14:43:34.806461,575.081,0.00,0.00,0.00,0.00,0.00,0.00,0.00,0,,5.0,60.0,60.0
2025-10-11T14:43:34.809373,575.084,0.00,0.00,0.00,0.00,0.00,0.00,0.00,0,,5.0,60.0,60.0
2025-10-11T14:43:34.812416,575.087,0.00,0.00,0.00,0.00,0.00,0.00,0.00,0,,5.0,50.0,60.0
2025-10-11T14:43:34.816196,575.090,0.00,0.00,0.00,0.00,0.00,0.00,0.00,0,,5.0,50.0,60.0
2025-10-11T14:43:34.820695,575.095,0.00,0.00,0.00,0.00,0.00,0.00,0.00,0,,5.0,50.0,50.0
2025-10-11T14:43:34.825177,575.099,0.00,0.00,0.00,0.00,0.00,0.00,0.00,0,,5.0,50.0,50.0
