Timestamp,Elapsed_Time_s,CAN_Message
2025-11-08T01:55:43.827,3.188,can0  204  [16]  72 1F 50 46 50 46 50 46 21 1F 20 4E 30 75 00 00
2025-11-08T01:55:43.827,3.188,can0  204  [16]  72 1F 50 46 50 46 50 46 21 1F 20 4E 30 75 00 00
2025-11-08T01:55:44.693,4.054,can0  206  [16]  9F 0C D3 07 9F 0C 3A DF E9 07 BB 0C AF 0C 00 00
2025-11-08T01:55:44.693,4.054,can0  204  [16]  72 1F 50 46 50 46 50 46 21 1F 20 4E 30 75 00 00
2025-11-08T01:55:44.693,4.054,can0  041  [04]  E4 00 00 00
2025-11-08T01:55:44.693,4.054,can0  204  [16]  72 1F 50 46 50 46 50 46 21 1F 20 4E 30 75 00 00
2025-11-08T01:55:44.703,4.064,can0  204  [16]  72 1F 50 46 50 46 50 46 21 1F 20 4E 30 75 00 00
2025-11-08T01:55:44.704,4.064,can0  206  [16]  A3 0C D3 07 9B 0C DA DC ED 07 C7 0C A7 0C 00 00
2025-11-08T01:55:44.704,4.064,can0  204  [16]  72 1F 50 46 50 46 50 46 21 1F 20 4E 30 75 00 00
2025-11-08T01:55:44.704,4.064,can0  204  [16]  72 1F 50 46 50 46 50 46 21 1F 20 4E 30 75 00 00
2025-11-08T01:55:44.704,4.064,can0  041  [04]  3F 01 00 00
2025-11-08T01:55:44.704,4.064,can0  204  [16]  72 1F 50 46 50 46 50 46 21 1F 20 4E 30 75 00 00
2025-11-08T01:55:44.704,4.064,can0  206  [16]  9F 0C CB 07 9F 0C B1 E0 EB 07 BB 0C AB 0C 00 00
2025-11-08T01:55:44.704,4.064,can0  204  [16]  72 1F 50 46 50 46 50 46 21 1F 20 4E 30 75 00 00
2025-11-08T01:55:44.704,4.064,can0  204  [16]  72 1F 50 46 50 46 50 46 21 1F 20 4E 30 75 00 00
2025-11-08T01:55:44.704,4.064,can0  206  [16]  A3 0C D6 07 9B 0C DA DC EB 07 C3 0C AB 0C 00 00
2025-11-08T01:55:44.704,4.065,can0  204  [16]  72 1F 50 46 50 46 50 46 21 1F 20 4E 30 75 00 00
2025-11-08T01:55:44.705,4.065,can0  041  [04]  3F 01 00 00
2025-11-08T01:55:44.705,4.065,can0  204  [16]  72 1F 50 46 50 46 50 46 21 1F 20 4E 30 75 00 00
2025-11-08T01:55:44.705,4.065,can0  204  [16]  72 1F 50 46 50 46 50 46 21 1F 20 4E 30 75 00 00
2025-11-08T01:55:44.705,4.065,can0  206  [16]  9F 0C D6 07 A3 0C 99 C6 ED 07 BB 0C A7 0C 00 00
2025-11-08T01:55:44.705,4.065,can0  204  [16]  72 1F 50 46 50 46 50 46 21 1F 20 4E 30 75 00 00
2025-11-08T01:55:44.705,4.065,can0  204  [16]  72 1F 50 46 50 46 50 46 21 1F 20 4E 30 75 00 00
2025-11-08T01:55:44.705,4.065,can0  204  [16]  72 1F 50 46 50 46 50 46 21 1F 20 4E 30 75 00 00
2025-11-08T01:55:44.705,4.065,can0  041  [04]  3F 01 00 00
2025-11-08T01:55:44.705,4.065,can0  206  [16]  AB 0C DE 07 A3 0C DA DC ED 07 B7 0C 9F 0C 00 00
2025-11-08T01:55:46.047,5.407,can0  204  [16]  72 1F 50 46 50 46 50 46 21 1F 20 4E 30 75 00 00
2025-11-08T01:55:46.047,5.408,can0  204  [16]  72 1F 50 46 50 46 50 46 21 1F 20 4E 30 75 00 00
2025-11-08T01:55:46.058,5.418,can0  206  [16]  A3 0C E0 07 9B 0C 99 C6 ED 07 C7 0C A3 0C 00 00
2025-11-08T01:55:46.058,5.419,can0  204  [16]  72 1F 50 46 50 46 50 46 21 1F 20 4E 30 75 00 00
2025-11-08T01:55:46.058,5.419,can0  204  [16]  72 1F 50 46 50 46 50 46 21 1F 20 4E 30 75 00 00
2025-11-08T01:55:46.058,5.419,can0  041  [04]  02 00 00 00
2025-11-08T01:55:46.058,5.419,can0  204  [16]  72 1F 50 46 50 46 50 46 21 1F 20 4E 30 75 00 00
2025-11-08T01:55:46.058,5.419,can0  206  [16]  A7 0C D6 07 AB 0C B1 E0 E9 07 C3 0C 9B 0C 00 00
2025-11-08T01:55:46.058,5.419,can0  204  [16]  72 1F 50 46 50 46 50 46 21 1F 20 4E 30 75 00 00
2025-11-08T01:55:46.058,5.419,can0  204  [16]  72 1F 50 46 50 46 50 46 21 1F 20 4E 30 75 00 00
2025-11-08T01:55:46.058,5.419,can0  206  [16]  A7 0C DC 07 AB 0C DA DC ED 07 B3 0C A3 0C 00 00
2025-11-08T01:55:46.058,5.419,can0  204  [16]  72 1F 50 46 50 46 50 46 21 1F 20 4E 30 75 00 00
2025-11-08T01:55:46.058,5.419,can0  041  [04]  02 00 00 00
2025-11-08T01:55:46.058,5.419,can0  204  [16]  72 1F 50 46 50 46 50 46 21 1F 20 4E 30 75 00 00
2025-11-08T01:55:46.058,5.419,can0  204  [16]  72 1F 50 46 50 46 50 46 21 1F 20 4E 30 75 00 00
2025-11-08T01:55:46.058,5.419,can0  206  [16]  A3 0C D6 07 97 0C B1 E0 EB 07 C3 0C AF 0C 00 00
2025-11-08T01:55:46.069,5.429,can0  204  [16]  72 1F 50 46 50 46 50 46 21 1F 20 4E 30 75 00 00
2025-11-08T01:55:46.069,5.429,can0  204  [16]  72 1F 50 46 50 46 50 46 21 1F 20 4E 30 75 00 00
2025-11-08T01:55:46.069,5.430,can0  041  [04]  3F 01 00 00
2025-11-08T01:55:46.069,5.430,can0  204  [16]  72 1F 50 46 50 46 50 46 21 1F 20 4E 30 75 00 00
2025-11-08T01:55:46.069,5.430,can0  206  [16]  A3 0C D3 07 87 0C DA DC E5 07 DB 0C A7 0C 00 00
2025-11-08T01:55:46.069,5.430,can0  204  [16]  72 1F 50 46 50 46 50 46 21 1F 20 4E 30 75 00 00
2025-11-08T01:55:46.069,5.430,can0  204  [16]  72 1F 50 46 50 46 50 46 21 1F 20 4E 30 75 00 00
2025-11-08T01:55:46.069,5.430,can0  204  [16]  72 1F 50 46 50 46 50 46 21 1F 20 4E 30 75 00 00
2025-11-08T01:55:46.069,5.430,can0  206  [16]  A7 0C D3 07 97 0C DA DC EB 07 C3 0C A7 0C 00 00
2025-11-08T01:55:46.070,5.431,can0  204  [16]  72 1F 50 46 50 46 50 46 21 1F 20 4E 30 75 00 00
2025-11-08T01:55:46.070,5.431,can0  041  [04]  3F 01 00 00
2025-11-08T01:55:46.070,5.431,can0  204  [16]  72 1F 50 46 50 46 50 46 21 1F 20 4E 30 75 00 00
2025-11-08T01:55:46.070,5.431,can0  204  [16]  72 1F 50 46 50 46 50 46 21 1F 20 4E 30 75 00 00
2025-11-08T01:55:46.070,5.431,can0  206  [16]  AB 0C D3 07 97 0C DA DC ED 07 BB 0C A7 0C 00 00
2025-11-08T01:55:46.071,5.431,can0  204  [16]  72 1F 50 46 50 46 50 46 21 1F 20 4E 30 75 00 00
2025-11-08T01:55:46.071,5.431,can0  204  [16]  72 1F 50 46 50 46 50 46 21 1F 20 4E 30 75 00 00
2025-11-08T01:55:46.071,5.431,can0  206  [16]  A7 0C D3 07 9B 0C 99 C6 ED 07 BF 0C A3 0C 00 00
2025-11-08T01:55:46.082,5.443,can0  041  [04]  02 00 00 00
2025-11-08T01:55:46.082,5.443,can0  204  [16]  72 1F 50 46 50 46 50 46 21 1F 20 4E 30 75 00 00
2025-11-08T01:55:46.095,5.455,can0  204  [16]  72 1F 50 46 50 46 50 46 21 1F 20 4E 30 75 00 00
2025-11-08T01:55:47.320,6.681,can0  204  [16]  72 1F 50 46 50 46 50 46 21 1F 20 4E 30 75 00 00
2025-11-08T01:55:47.321,6.681,can0  206  [16]  97 0C D3 07 A3 0C B1 E0 EB 07 BB 0C B3 0C 00 00
2025-11-08T01:55:47.332,6.692,can0  204  [16]  72 1F 50 46 50 46 50 46 21 1F 20 4E 30 75 00 00
2025-11-08T01:55:47.332,6.692,can0  041  [04]  02 00 00 00
2025-11-08T01:55:47.332,6.692,can0  204  [16]  72 1F 50 46 50 46 50 46 21 1F 20 4E 30 75 00 00
2025-11-08T01:55:47.332,6.692,can0  206  [16]  AB 0C D3 07 97 0C 99 C6 EB 07 CF 0C A3 0C 00 00
2025-11-08T01:55:47.332,6.692,can0  204  [16]  72 1F 50 46 50 46 50 46 21 1F 20 4E 30 75 00 00
2025-11-08T01:55:47.332,6.692,can0  204  [16]  72 1F 50 46 50 46 50 46 21 1F 20 4E 30 75 00 00
2025-11-08T01:55:47.332,6.692,can0  204  [16]  72 1F 50 46 50 46 50 46 21 1F 20 4E 30 75 00 00
2025-11-08T01:55:47.332,6.692,can0  206  [16]  9B 0C D3 07 A3 0C 3A DF EF 07 C7 0C A7 0C 00 00
2025-11-08T01:55:47.332,6.693,can0  204  [16]  72 1F 50 46 50 46 50 46 21 1F 20 4E 30 75 00 00
2025-11-08T01:55:47.332,6.693,can0  041  [04]  3F 01 00 00
2025-11-08T01:55:47.332,6.693,can0  204  [16]  72 1F 50 46 50 46 50 46 21 1F 20 4E 30 75 00 00
2025-11-08T01:55:47.332,6.693,can0  204  [16]  72 1F 50 46 50 46 50 46 21 1F 20 4E 30 75 00 00
2025-11-08T01:55:47.332,6.693,can0  206  [16]  A3 0C D3 07 9B 0C 3A DF E9 07 C7 0C AB 0C 00 00
2025-11-08T01:55:47.332,6.693,can0  204  [16]  72 1F 50 46 50 46 50 46 21 1F 20 4E 30 75 00 00
2025-11-08T01:55:47.332,6.693,can0  204  [16]  72 1F 50 46 50 46 50 46 21 1F 20 4E 30 75 00 00
2025-11-08T01:55:47.332,6.693,can0  041  [04]  02 00 02 00
2025-11-08T01:55:47.332,6.693,can0  204  [16]  72 1F 50 46 50 46 50 46 21 1F 20 4E 30 75 00 00
2025-11-08T01:55:47.332,6.693,can0  206  [16]  A3 0C D6 07 C3 0C 99 C6 EB 07 A3 0C A7 0C 00 00
2025-11-08T01:55:47.344,6.704,can0  204  [16]  72 1F 50 46 50 46 50 46 21 1F 20 4E 30 75 00 00
2025-11-08T01:55:47.344,6.704,can0  204  [16]  72 1F 50 46 50 46 50 46 21 1F 20 4E 30 75 00 00
2025-11-08T01:55:47.344,6.704,can0  206  [16]  A3 0C D6 07 9B 0C 99 C6 EF 07 C7 0C A7 0C 00 00
2025-11-08T01:55:47.344,6.704,can0  204  [16]  72 1F 50 46 50 46 50 46 21 1F 20 4E 30 75 00 00
2025-11-08T01:55:47.344,6.704,can0  204  [16]  72 1F 50 46 50 46 50 46 21 1F 20 4E 30 75 00 00
2025-11-08T01:55:47.344,6.704,can0  041  [04]  3F 01 00 00
2025-11-08T01:55:47.344,6.704,can0  204  [16]  72 1F 50 46 50 46 50 46 21 1F 20 4E 30 75 00 00
2025-11-08T01:55:47.344,6.705,can0  206  [16]  AB 0C EF 07 9F 0C DA DC EB 07 B7 0C A3 0C 00 00
2025-11-08T01:55:47.344,6.705,can0  204  [16]  72 1F 50 46 50 46 50 46 21 1F 20 4E 30 75 00 00
2025-11-08T01:55:47.344,6.705,can0  204  [16]  72 1F 50 46 50 46 50 46 21 1F 20 4E 30 75 00 00
2025-11-08T01:55:48.117,7.478,can0  206  [16]  7B 0C D6 07 9F 0C DA DC ED 07 BB 0C CF 0C 00 00
2025-11-08T01:55:48.117,7.478,can0  204  [16]  72 1F 50 46 50 46 50 46 21 1F 20 4E 30 75 00 00
2025-11-08T01:55:48.117,7.478,can0  041  [04]  02 00 00 00
2025-11-08T01:55:48.117,7.478,can0  204  [16]  72 1F 50 46 50 46 50 46 21 1F 20 4E 30 75 00 00
2025-11-08T01:55:48.117,7.478,can0  204  [16]  72 1F 50 46 50 46 50 46 21 1F 20 4E 30 75 00 00
2025-11-08T01:55:48.117,7.478,can0  206  [16]  A7 0C D6 07 97 0C 3A DF ED 07 C3 0C A7 0C 00 00
2025-11-08T01:55:48.117,7.478,can0  204  [16]  72 1F 50 46 50 46 50 46 21 1F 20 4E 30 75 00 00
2025-11-08T01:55:48.129,7.489,can0  204  [16]  72 1F 50 46 50 46 50 46 21 1F 20 4E 30 75 00 00
2025-11-08T01:55:48.129,7.489,can0  041  [04]  02 00 02 00
2025-11-08T01:55:48.129,7.489,can0  204  [16]  72 1F 50 46 50 46 50 46 21 1F 20 4E 30 75 00 00
2025-11-08T01:55:48.129,7.489,can0  206  [16]  9B 0C D6 07 9F 0C 3A DF E9 07 C3 0C B3 0C 00 00
2025-11-08T01:55:48.129,7.489,can0  204  [16]  72 1F 50 46 50 46 50 46 21 1F 20 4E 30 75 00 00
2025-11-08T01:55:48.129,7.489,can0  204  [16]  72 1F 50 46 50 46 50 46 21 1F 20 4E 30 75 00 00
2025-11-08T01:55:48.129,7.489,can0  204  [16]  72 1F 50 46 50 46 50 46 21 1F 20 4E 30 75 00 00
2025-11-08T01:55:48.129,7.489,can0  206  [16]  9B 0C D3 07 A7 0C 99 C6 ED 07 C3 0C AB 0C 00 00
2025-11-08T01:55:48.129,7.489,can0  041  [04]  52 01 02 00
2025-11-08T01:55:48.129,7.489,can0  204  [16]  72 1F 50 46 50 46 50 46 21 1F 20 4E 30 75 00 00
2025-11-08T01:55:48.129,7.489,can0  204  [16]  72 1F 50 46 50 46 50 46 21 1F 20 4E 30 75 00 00
2025-11-08T01:55:48.129,7.489,can0  204  [16]  72 1F 50 46 50 46 50 46 21 1F 20 4E 30 75 00 00
2025-11-08T01:55:48.129,7.489,can0  206  [16]  A7 0C CD 07 9B 0C B1 E0 EB 07 C3 0C A7 0C 00 00
2025-11-08T01:55:48.129,7.489,can0  204  [16]  72 1F 50 46 50 46 50 46 21 1F 20 4E 30 75 00 00
2025-11-08T01:55:48.758,8.119,can0  204  [16]  72 1F 50 46 50 46 50 46 21 1F 20 4E 30 75 00 00
2025-11-08T01:55:48.759,8.119,can0  041  [04]  02 00 00 00
2025-11-08T01:55:48.759,8.119,can0  206  [16]  9B 0C D8 07 A7 0C C5 E1 ED 07 BF 0C AB 0C 00 00
2025-11-08T01:55:48.759,8.119,can0  204  [16]  72 1F 50 46 50 46 50 46 21 1F 20 4E 30 75 00 00
2025-11-08T01:55:48.759,8.119,can0  204  [16]  72 1F 50 46 50 46 50 46 21 1F 20 4E 30 75 00 00
2025-11-08T01:55:48.759,8.119,can0  204  [16]  72 1F 50 46 50 46 50 46 21 1F 20 4E 30 75 00 00
2025-11-08T01:55:48.759,8.119,can0  206  [16]  A3 0C D3 07 9B 0C C5 E1 EB 07 C3 0C AB 0C 00 00
2025-11-08T01:55:48.759,8.119,can0  204  [16]  72 1F 50 46 50 46 50 46 21 1F 20 4E 30 75 00 00
2025-11-08T01:55:48.759,8.119,can0  041  [04]  02 00 00 00
2025-11-08T01:55:48.769,8.130,can0  204  [16]  72 1F 50 46 50 46 50 46 21 1F 20 4E 30 75 00 00
2025-11-08T01:55:48.769,8.130,can0  206  [16]  A3 0C D3 07 9F 0C 99 C6 E9 07 BF 0C A3 0C 00 00
2025-11-08T01:55:48.769,8.130,can0  204  [16]  72 1F 50 46 50 46 50 46 21 1F 20 4E 30 75 00 00
2025-11-08T01:55:48.769,8.130,can0  204  [16]  72 1F 50 46 50 46 50 46 21 1F 20 4E 30 75 00 00
2025-11-08T01:55:48.769,8.130,can0  204  [16]  72 1F 50 46 50 46 50 46 21 1F 20 4E 30 75 00 00
2025-11-08T01:55:48.773,8.134,can0  206  [16]  A3 0C BA 07 A3 0C 99 C6 ED 07 BF 0C A7 0C 00 00
2025-11-08T01:55:48.773,8.134,can0  041  [04]  02 00 00 00
2025-11-08T01:55:48.773,8.134,can0  204  [16]  72 1F 50 46 50 46 50 46 21 1F 20 4E 30 75 00 00
2025-11-08T01:55:48.773,8.134,can0  204  [16]  72 1F 50 46 50 46 50 46 21 1F 20 4E 30 75 00 00
2025-11-08T01:55:48.773,8.134,can0  204  [16]  72 1F 50 46 50 46 50 46 21 1F 20 4E 30 75 00 00
2025-11-08T01:55:49.417,8.777,can0  206  [16]  A7 0C D3 07 9F 0C 99 C6 EB 07 BF 0C A3 0C 00 00
2025-11-08T01:55:49.417,8.778,can0  204  [16]  72 1F 50 46 50 46 50 46 21 1F 20 4E 30 75 00 00
2025-11-08T01:55:49.417,8.778,can0  204  [16]  72 1F 50 46 50 46 50 46 21 1F 20 4E 30 75 00 00
2025-11-08T01:55:49.417,8.778,can0  041  [04]  02 00 00 00
2025-11-08T01:55:49.417,8.778,can0  204  [16]  72 1F 50 46 50 46 50 46 21 1F 20 4E 30 75 00 00
2025-11-08T01:55:49.417,8.778,can0  206  [16]  A3 0C D3 07 A3 0C 3A DF EB 07 BF 0C A3 0C 00 00
2025-11-08T01:55:49.417,8.778,can0  204  [16]  72 1F 50 46 50 46 50 46 21 1F 20 4E 30 75 00 00
2025-11-08T01:55:49.417,8.778,can0  204  [16]  72 1F 50 46 50 46 50 46 21 1F 20 4E 30 75 00 00
2025-11-08T01:55:49.417,8.778,can0  206  [16]  A3 0C D6 07 97 0C B1 E0 EB 07 BB 0C AB 0C 00 00
2025-11-08T01:55:49.417,8.778,can0  204  [16]  72 1F 50 46 50 46 50 46 21 1F 20 4E 30 75 00 00
2025-11-08T01:55:49.417,8.778,can0  041  [04]  2F 00 00 00
2025-11-08T01:55:49.428,8.788,can0  204  [16]  72 1F 50 46 50 46 50 46 21 1F 20 4E 30 75 00 00
2025-11-08T01:55:49.428,8.788,can0  204  [16]  72 1F 50 46 50 46 50 46 21 1F 20 4E 30 75 00 00
2025-11-08T01:55:49.428,8.788,can0  206  [16]  AB 0C CF 07 93 0C DA DC EB 07 C7 0C AB 0C 00 00
2025-11-08T01:55:49.428,8.789,can0  204  [16]  72 1F 50 46 50 46 50 46 21 1F 20 4E 30 75 00 00
2025-11-08T01:55:49.962,9.322,can0  204  [16]  72 1F 50 46 50 46 50 46 21 1F 20 4E 30 75 00 00
2025-11-08T01:55:49.962,9.323,can0  041  [04]  02 00 00 00
2025-11-08T01:55:49.962,9.323,can0  206  [16]  A3 0C D6 07 9F 0C C5 E1 ED 07 BF 0C A7 0C 00 00
2025-11-08T01:55:49.962,9.323,can0  204  [16]  72 1F 50 46 50 46 50 46 21 1F 20 4E 30 75 00 00
2025-11-08T01:55:49.963,9.323,can0  204  [16]  72 1F 50 46 50 46 50 46 21 1F 20 4E 30 75 00 00
2025-11-08T01:55:49.963,9.323,can0  204  [16]  72 1F 50 46 50 46 50 46 21 1F 20 4E 30 75 00 00
2025-11-08T01:55:49.963,9.323,can0  206  [16]  A3 0C D6 07 9B 0C DA DC EB 07 B7 0C A7 0C 00 00
2025-11-08T01:55:49.963,9.324,can0  204  [16]  72 1F 50 46 50 46 50 46 21 1F 20 4E 30 75 00 00
2025-11-08T01:55:49.963,9.324,can0  204  [16]  72 1F 50 46 50 46 50 46 21 1F 20 4E 30 75 00 00
2025-11-08T01:55:49.963,9.324,can0  041  [04]  02 00 00 00
2025-11-08T01:55:49.963,9.324,can0  204  [16]  72 1F 50 46 50 46 50 46 21 1F 20 4E 30 75 00 00
2025-11-08T01:55:49.963,9.324,can0  206  [16]  AB 0C D3 07 97 0C DA DC EB 07 C7 0C 9F 0C 00 00
2025-11-08T01:55:49.963,9.324,can0  204  [16]  72 1F 50 46 50 46 50 46 21 1F 20 4E 30 75 00 00
2025-11-08T01:55:50.476,9.837,can0  204  [16]  72 1F 50 46 50 46 50 46 21 1F 20 4E 30 75 00 00
2025-11-08T01:55:50.477,9.837,can0  206  [16]  AB 0C D3 07 9B 0C 99 C6 EB 07 BF 0C A3 0C 00 00
2025-11-08T01:55:50.477,9.837,can0  204  [16]  72 1F 50 46 50 46 50 46 21 1F 20 4E 30 75 00 00
2025-11-08T01:55:50.477,9.837,can0  041  [04]  3F 01 00 00
2025-11-08T01:55:50.490,9.850,can0  204  [16]  72 1F 50 46 50 46 50 46 21 1F 20 4E 30 75 00 00
2025-11-08T01:55:50.490,9.850,can0  204  [16]  72 1F 50 46 50 46 50 46 21 1F 20 4E 30 75 00 00
2025-11-08T01:55:50.490,9.850,can0  206  [16]  D7 0C D1 07 97 0C 99 C6 E7 07 BF 0C 7B 0C 00 00
2025-11-08T01:55:50.490,9.850,can0  204  [16]  72 1F 50 46 50 46 50 46 21 1F 20 4E 30 75 00 00
2025-11-08T01:55:50.490,9.850,can0  204  [16]  72 1F 50 46 50 46 50 46 21 1F 20 4E 30 75 00 00
2025-11-08T01:55:50.490,9.850,can0  041  [04]  2F 00 00 00
2025-11-08T01:55:50.490,9.850,can0  204  [16]  72 1F 50 46 50 46 50 46 21 1F 20 4E 30 75 00 00
2025-11-08T01:55:50.490,9.851,can0  206  [16]  B7 0C D6 07 8F 0C 99 C6 ED 07 C7 0C A3 0C 00 00
2025-11-08T01:55:50.490,9.851,can0  204  [16]  72 1F 50 46 50 46 50 46 21 1F 20 4E 30 75 00 00
2025-11-08T01:55:50.490,9.851,can0  204  [16]  72 1F 50 46 50 46 50 46 21 1F 20 4E 30 75 00 00
2025-11-08T01:55:50.490,9.851,can0  206  [16]  AB 0C D6 07 8F 0C C5 E1 EB 07 D3 0C A3 0C 00 00
2025-11-08T01:55:51.102,10.463,can0  204  [16]  72 1F 50 46 50 46 50 46 21 1F 20 4E 30 75 00 00
2025-11-08T01:55:51.108,10.469,can0  041  [04]  02 00 00 00
2025-11-08T01:55:51.119,10.480,can0  204  [16]  72 1F 50 46 50 46 50 46 21 1F 20 4E 30 75 00 00
2025-11-08T01:55:51.119,10.480,can0  204  [16]  72 1F 50 46 50 46 50 46 21 1F 20 4E 30 75 00 00
2025-11-08T01:55:51.119,10.480,can0  206  [16]  9F 0C D1 07 77 0C DA DC EB 07 EC 0C AB 0C 00 00
2025-11-08T01:55:51.119,10.480,can0  204  [16]  72 1F 50 46 50 46 50 46 21 1F 20 4E 30 75 00 00
2025-11-08T01:55:51.119,10.480,can0  204  [16]  72 1F 50 46 50 46 50 46 21 1F 20 4E 30 75 00 00
2025-11-08T01:55:51.119,10.480,can0  204  [16]  72 1F 50 46 50 46 50 46 21 1F 20 4E 30 75 00 00
2025-11-08T01:55:51.119,10.480,can0  206  [16]  9F 0C D3 07 9B 0C 99 C6 EF 07 C7 0C AB 0C 00 00
2025-11-08T01:55:51.119,10.480,can0  041  [04]  02 00 00 00
2025-11-08T01:55:51.130,10.490,can0  204  [16]  72 1F 50 46 50 46 50 46 21 1F 20 4E 30 75 00 00
2025-11-08T01:55:51.130,10.491,can0  204  [16]  72 1F 50 46 50 46 50 46 21 1F 20 4E 30 75 00 00
2025-11-08T01:55:51.130,10.491,can0  204  [16]  72 1F 50 46 50 46 50 46 21 1F 20 4E 30 75 00 00
2025-11-08T01:55:51.130,10.491,can0  206  [16]  AB 0C D6 07 9B 0C DA DC EB 07 BF 0C A3 0C 00 00
2025-11-08T01:55:51.948,11.308,can0  204  [16]  72 1F 50 46 50 46 50 46 21 1F 20 4E 30 75 00 00
2025-11-08T01:55:51.948,11.309,can0  041  [04]  02 00 00 00
2025-11-08T01:55:51.948,11.309,can0  204  [16]  72 1F 50 46 50 46 50 46 21 1F 20 4E 30 75 00 00
2025-11-08T01:55:51.948,11.309,can0  206  [16]  9F 0C D6 07 A3 0C 99 C6 ED 07 C7 0C AB 0C 00 00
2025-11-08T01:55:51.948,11.309,can0  204  [16]  72 1F 50 46 50 46 50 46 21 1F 20 4E 30 75 00 00
2025-11-08T01:55:51.948,11.309,can0  204  [16]  72 1F 50 46 50 46 50 46 21 1F 20 4E 30 75 00 00
2025-11-08T01:55:51.958,11.319,can0  204  [16]  72 1F 50 46 50 46 50 46 21 1F 20 4E 30 75 00 00
2025-11-08T01:55:51.958,11.319,can0  206  [16]  A7 0C D1 07 97 0C 57 E3 E7 07 C3 0C A7 0C 00 00
2025-11-08T01:55:51.958,11.319,can0  041  [04]  02 00 02 00
2025-11-08T01:55:51.958,11.319,can0  204  [16]  72 1F 50 46 50 46 50 46 21 1F 20 4E 30 75 00 00
2025-11-08T01:55:51.958,11.319,can0  204  [16]  72 1F 50 46 50 46 50 46 21 1F 20 4E 30 75 00 00
2025-11-08T01:55:51.958,11.319,can0  206  [16]  9B 0C CD 07 9F 0C B1 E0 EB 07 BF 0C AB 0C 00 00
2025-11-08T01:55:51.958,11.319,can0  204  [16]  72 1F 50 46 50 46 50 46 21 1F 20 4E 30 75 00 00
2025-11-08T01:55:51.958,11.319,can0  204  [16]  72 1F 50 46 50 46 50 46 21 1F 20 4E 30 75 00 00
2025-11-08T01:55:51.959,11.319,can0  204  [16]  72 1F 50 46 50 46 50 46 21 1F 20 4E 30 75 00 00
2025-11-08T01:55:51.959,11.319,can0  041  [04]  3F 01 02 00
2025-11-08T01:55:51.959,11.319,can0  206  [16]  A7 0C D8 07 9F 0C DA DC E9 07 F4 0C A3 0C 00 00
2025-11-08T01:55:51.959,11.319,can0  204  [16]  72 1F 50 46 50 46 50 46 21 1F 20 4E 30 75 00 00
2025-11-08T01:55:51.959,11.319,can0  204  [16]  72 1F 50 46 50 46 50 46 21 1F 20 4E 30 75 00 00
2025-11-08T01:55:51.959,11.319,can0  204  [16]  72 1F 50 46 50 46 50 46 21 1F 20 4E 30 75 00 00
2025-11-08T01:55:51.959,11.319,can0  206  [16]  9F 0C D3 07 9B 0C 99 C6 ED 07 C3 0C AB 0C 00 00
2025-11-08T01:55:51.959,11.319,can0  204  [16]  72 1F 50 46 50 46 50 46 21 1F 20 4E 30 75 00 00
2025-11-08T01:55:51.969,11.329,can0  041  [04]  E4 00 02 00
2025-11-08T01:55:51.999,11.360,can0  204  [16]  72 1F 50 46 50 46 50 46 21 1F 20 4E 30 75 00 00
2025-11-08T01:55:52.555,11.915,can0  204  [16]  72 1F 50 46 50 46 50 46 21 1F 20 4E 30 75 00 00
2025-11-08T01:55:52.555,11.916,can0  206  [16]  0C 0D D8 07 A7 0C A0 E2 EF 07 BF 0C 3A 0C 00 00
2025-11-08T01:55:52.555,11.916,can0  204  [16]  72 1F 50 46 50 46 50 46 21 1F 20 4E 30 75 00 00
2025-11-08T01:55:52.555,11.916,can0  204  [16]  72 1F 50 46 50 46 50 46 21 1F 20 4E 30 75 00 00
2025-11-08T01:55:52.555,11.916,can0  206  [16]  9F 0C D8 07 97 0C DA DC EB 07 B3 0C AF 0C 00 00
2025-11-08T01:55:52.555,11.916,can0  041  [04]  B5 00 02 00
2025-11-08T01:55:52.565,11.926,can0  204  [16]  72 1F 50 46 50 46 50 46 21 1F 20 4E 30 75 00 00
2025-11-08T01:55:52.565,11.926,can0  204  [16]  72 1F 50 46 50 46 50 46 21 1F 20 4E 30 75 00 00
2025-11-08T01:55:52.565,11.926,can0  204  [16]  72 1F 50 46 50 46 50 46 21 1F 20 4E 30 75 00 00
2025-11-08T01:55:52.565,11.926,can0  206  [16]  9F 0C D6 07 A3 0C 3A DF E9 07 BF 0C A7 0C 00 00
2025-11-08T01:55:52.565,11.926,can0  204  [16]  72 1F 50 46 50 46 50 46 21 1F 20 4E 30 75 00 00
2025-11-08T01:55:52.565,11.926,can0  204  [16]  72 1F 50 46 50 46 50 46 21 1F 20 4E 30 75 00 00
2025-11-08T01:55:52.565,11.926,can0  041  [04]  3F 01 00 00
2025-11-08T01:55:52.565,11.926,can0  206  [16]  9F 0C DA 07 9F 0C 99 C6 E5 07 C7 0C AB 0C 00 00
2025-11-08T01:55:52.565,11.926,can0  204  [16]  72 1F 50 46 50 46 50 46 21 1F 20 4E 30 75 00 00
2025-11-08T01:55:52.576,11.936,can0  204  [16]  72 1F 50 46 50 46 50 46 21 1F 20 4E 30 75 00 00
2025-11-08T01:55:53.172,12.533,can0  204  [16]  72 1F 50 46 50 46 50 46 21 1F 20 4E 30 75 00 00
2025-11-08T01:55:53.172,12.533,can0  206  [16]  9F 0C D3 07 9F 0C 99 C6 E7 07 BF 0C AB 0C 00 00
2025-11-08T01:55:53.172,12.533,can0  204  [16]  72 1F 50 46 50 46 50 46 21 1F 20 4E 30 75 00 00
2025-11-08T01:55:53.172,12.533,can0  041  [04]  3F 01 00 00
2025-11-08T01:55:53.172,12.533,can0  204  [16]  72 1F 50 46 50 46 50 46 21 1F 20 4E 30 75 00 00
2025-11-08T01:55:53.172,12.533,can0  204  [16]  72 1F 50 46 50 46 50 46 21 1F 20 4E 30 75 00 00
2025-11-08T01:55:53.172,12.533,can0  206  [16]  A3 0C D8 07 8F 0C 99 C6 EB 07 CF 0C AB 0C 00 00
2025-11-08T01:55:53.172,12.533,can0  204  [16]  72 1F 50 46 50 46 50 46 21 1F 20 4E 30 75 00 00
2025-11-08T01:55:53.184,12.544,can0  204  [16]  72 1F 50 46 50 46 50 46 21 1F 20 4E 30 75 00 00
2025-11-08T01:55:53.184,12.544,can0  041  [04]  3F 01 00 00
2025-11-08T01:55:53.184,12.544,can0  206  [16]  A3 0C D1 07 9F 0C DA DC F2 07 BF 0C A7 0C 00 00
2025-11-08T01:55:53.184,12.544,can0  204  [16]  72 1F 50 46 50 46 50 46 21 1F 20 4E 30 75 00 00
2025-11-08T01:55:53.184,12.544,can0  204  [16]  72 1F 50 46 50 46 50 46 21 1F 20 4E 30 75 00 00
2025-11-08T01:55:53.184,12.544,can0  204  [16]  72 1F 50 46 50 46 50 46 21 1F 20 4E 30 75 00 00
2025-11-08T01:55:53.184,12.544,can0  206  [16]  A3 0C D6 07 93 0C DA DC E9 07 C7 0C AF 0C 00 00
2025-11-08T01:55:53.845,13.206,can0  204  [16]  72 1F 50 46 50 46 50 46 21 1F 20 4E 30 75 00 00
2025-11-08T01:55:53.846,13.206,can0  041  [04]  E4 00 00 00
2025-11-08T01:55:53.846,13.206,can0  204  [16]  72 1F 50 46 50 46 50 46 21 1F 20 4E 30 75 00 00
2025-11-08T01:55:53.846,13.206,can0  206  [16]  9F 0C D6 07 9B 0C 3A DF ED 07 C3 0C AB 0C 00 00
2025-11-08T01:55:53.846,13.206,can0  204  [16]  72 1F 50 46 50 46 50 46 21 1F 20 4E 30 75 00 00
2025-11-08T01:55:53.856,13.217,can0  204  [16]  72 1F 50 46 50 46 50 46 21 1F 20 4E 30 75 00 00
2025-11-08T01:55:53.856,13.217,can0  204  [16]  72 1F 50 46 50 46 50 46 21 1F 20 4E 30 75 00 00
2025-11-08T01:55:53.856,13.217,can0  206  [16]  A7 0C D6 07 A3 0C DA DC E9 07 BF 0C A3 0C 00 00
2025-11-08T01:55:53.856,13.217,can0  204  [16]  72 1F 50 46 50 46 50 46 21 1F 20 4E 30 75 00 00
2025-11-08T01:55:53.856,13.217,can0  041  [04]  E4 00 00 00
2025-11-08T01:55:53.856,13.217,can0  204  [16]  72 1F 50 46 50 46 50 46 21 1F 20 4E 30 75 00 00
2025-11-08T01:55:53.856,13.217,can0  204  [16]  72 1F 50 46 50 46 50 46 21 1F 20 4E 30 75 00 00
2025-11-08T01:55:53.856,13.217,can0  206  [16]  A3 0C D3 07 9B 0C B1 E0 E9 07 C3 0C A7 0C 00 00
2025-11-08T01:55:53.856,13.217,can0  204  [16]  72 1F 50 46 50 46 50 46 21 1F 20 4E 30 75 00 00
2025-11-08T01:55:53.867,13.227,can0  204  [16]  72 1F 50 46 50 46 50 46 21 1F 20 4E 30 75 00 00
2025-11-08T01:55:53.867,13.227,can0  041  [04]  E4 00 00 00
2025-11-08T01:55:53.867,13.227,can0  204  [16]  72 1F 50 46 50 46 50 46 21 1F 20 4E 30 75 00 00
2025-11-08T01:55:53.870,13.230,can0  206  [16]  9F 0C D1 07 97 0C F4 E3 EB 07 CF 0C A7 0C 00 00
2025-11-08T01:55:53.870,13.230,can0  204  [16]  72 1F 50 46 50 46 50 46 21 1F 20 4E 30 75 00 00
2025-11-08T01:55:54.665,14.026,can0  204  [16]  72 1F 50 46 50 46 50 46 21 1F 20 4E 30 75 00 00
2025-11-08T01:55:54.665,14.026,can0  204  [16]  72 1F 50 46 50 46 50 46 21 1F 20 4E 30 75 00 00
2025-11-08T01:55:54.677,14.038,can0  206  [16]  A7 0C DA 07 9F 0C DA DC EF 07 B3 0C A3 0C 00 00
2025-11-08T01:55:54.678,14.038,can0  204  [16]  72 1F 50 46 50 46 50 46 21 1F 20 4E 30 75 00 00
2025-11-08T01:55:54.678,14.038,can0  041  [04]  8B 00 00 00
2025-11-08T01:55:54.678,14.038,can0  204  [16]  72 1F 50 46 50 46 50 46 21 1F 20 4E 30 75 00 00
2025-11-08T01:55:54.678,14.038,can0  206  [16]  AB 0C D6 07 9F 0C 99 C6 E9 07 B7 0C A3 0C 00 00
2025-11-08T01:55:54.678,14.038,can0  204  [16]  72 1F 50 46 50 46 50 46 21 1F 20 4E 30 75 00 00
2025-11-08T01:55:54.678,14.038,can0  204  [16]  72 1F 50 46 50 46 50 46 21 1F 20 4E 30 75 00 00
2025-11-08T01:55:54.678,14.038,can0  204  [16]  72 1F 50 46 50 46 50 46 21 1F 20 4E 30 75 00 00
2025-11-08T01:55:54.678,14.038,can0  206  [16]  A7 0C D6 07 9F 0C DA DC EB 07 BF 0C A3 0C 00 00
2025-11-08T01:55:54.678,14.038,can0  041  [04]  E4 00 00 00
2025-11-08T01:55:54.678,14.038,can0  204  [16]  72 1F 50 46 50 46 50 46 21 1F 20 4E 30 75 00 00
2025-11-08T01:55:54.688,14.049,can0  204  [16]  72 1F 50 46 50 46 50 46 21 1F 20 4E 30 75 00 00
2025-11-08T01:55:54.688,14.049,can0  206  [16]  AF 0C D6 07 9B 0C 3A DF E9 07 C3 0C 9B 0C 00 00
2025-11-08T01:55:54.688,14.049,can0  204  [16]  72 1F 50 46 50 46 50 46 21 1F 20 4E 30 75 00 00
2025-11-08T01:55:54.688,14.049,can0  204  [16]  72 1F 50 46 50 46 50 46 21 1F 20 4E 30 75 00 00
2025-11-08T01:55:54.688,14.049,can0  041  [04]  3F 01 00 00
2025-11-08T01:55:54.688,14.049,can0  204  [16]  72 1F 50 46 50 46 50 46 21 1F 20 4E 30 75 00 00
2025-11-08T01:55:54.688,14.049,can0  206  [16]  A3 0C CB 07 9F 0C DA DC F4 07 CB 0C A7 0C 00 00
2025-11-08T01:55:54.688,14.049,can0  204  [16]  72 1F 50 46 50 46 50 46 21 1F 20 4E 30 75 00 00
2025-11-08T01:55:55.584,14.945,can0  204  [16]  72 1F 50 46 50 46 50 46 21 1F 20 4E 30 75 00 00
2025-11-08T01:55:55.584,14.945,can0  204  [16]  72 1F 50 46 50 46 50 46 21 1F 20 4E 30 75 00 00
2025-11-08T01:55:55.584,14.945,can0  206  [16]  A3 0C D6 07 9F 0C DA DC EB 07 C7 0C AB 0C 00 00
2025-11-08T01:55:55.595,14.955,can0  041  [04]  3F 01 00 00
2025-11-08T01:55:55.595,14.955,can0  204  [16]  72 1F 50 46 50 46 50 46 21 1F 20 4E 30 75 00 00
2025-11-08T01:55:55.595,14.955,can0  204  [16]  72 1F 50 46 50 46 50 46 21 1F 20 4E 30 75 00 00
2025-11-08T01:55:55.595,14.956,can0  204  [16]  72 1F 50 46 50 46 50 46 21 1F 20 4E 30 75 00 00
2025-11-08T01:55:55.595,14.956,can0  206  [16]  A7 0C CF 07 9F 0C 3A DF EB 07 BF 0C A3 0C 00 00
2025-11-08T01:55:55.595,14.956,can0  204  [16]  72 1F 50 46 50 46 50 46 21 1F 20 4E 30 75 00 00
2025-11-08T01:55:55.595,14.956,can0  204  [16]  72 1F 50 46 50 46 50 46 21 1F 20 4E 30 75 00 00
2025-11-08T01:55:55.595,14.956,can0  041  [04]  E4 00 00 00
2025-11-08T01:55:55.595,14.956,can0  206  [16]  9F 0C D3 07 A3 0C C5 E1 EB 07 C3 0C A7 0C 00 00
2025-11-08T01:55:55.595,14.956,can0  204  [16]  72 1F 50 46 50 46 50 46 21 1F 20 4E 30 75 00 00
2025-11-08T01:55:55.605,14.966,can0  204  [16]  72 1F 50 46 50 46 50 46 21 1F 20 4E 30 75 00 00
2025-11-08T01:55:55.605,14.966,can0  204  [16]  72 1F 50 46 50 46 50 46 21 1F 20 4E 30 75 00 00
2025-11-08T01:55:55.605,14.966,can0  206  [16]  A3 0C DA 07 A3 0C 99 C6 EB 07 CB 0C A3 0C 00 00
2025-11-08T01:55:55.605,14.966,can0  204  [16]  72 1F 50 46 50 46 50 46 21 1F 20 4E 30 75 00 00
2025-11-08T01:55:55.605,14.966,can0  041  [04]  3F 01 02 00
2025-11-08T01:55:55.605,14.966,can0  204  [16]  72 1F 50 46 50 46 50 46 21 1F 20 4E 30 75 00 00
2025-11-08T01:55:55.605,14.966,can0  206  [16]  A3 0C D6 07 9F 0C 3A DF DA 07 AB 0C A7 0C 00 00
2025-11-08T01:55:55.605,14.966,can0  204  [16]  72 1F 50 46 50 46 50 46 21 1F 20 4E 30 75 00 00
2025-11-08T01:55:55.605,14.966,can0  204  [16]  72 1F 50 46 50 46 50 46 21 1F 20 4E 30 75 00 00
2025-11-08T01:55:55.616,14.976,can0  204  [16]  72 1F 50 46 50 46 50 46 21 1F 20 4E 30 75 00 00
2025-11-08T01:55:55.616,14.976,can0  206  [16]  9B 0C C0 07 9F 0C DA DC E9 07 C7 0C AB 0C 00 00
2025-11-08T01:55:55.616,14.976,can0  041  [04]  02 00 00 00
2025-11-08T01:55:55.616,14.976,can0  204  [16]  72 1F 50 46 50 46 50 46 21 1F 20 4E 30 75 00 00
2025-11-08T01:55:56.266,15.626,can0  204  [16]  72 1F 50 46 50 46 50 46 21 1F 20 4E 30 75 00 00
2025-11-08T01:55:56.266,15.627,can0  204  [16]  72 1F 50 46 50 46 50 46 21 1F 20 4E 30 75 00 00
2025-11-08T01:55:56.266,15.627,can0  206  [16]  A7 0C D6 07 9F 0C DA DC E7 07 B7 0C A7 0C 00 00
2025-11-08T01:55:56.266,15.627,can0  204  [16]  72 1F 50 46 50 46 50 46 21 1F 20 4E 30 75 00 00
2025-11-08T01:55:56.266,15.627,can0  204  [16]  72 1F 50 46 50 46 50 46 21 1F 20 4E 30 75 00 00
2025-11-08T01:55:56.266,15.627,can0  041  [04]  3F 01 00 00
2025-11-08T01:55:56.266,15.627,can0  204  [16]  72 1F 50 46 50 46 50 46 21 1F 20 4E 30 75 00 00
2025-11-08T01:55:56.266,15.627,can0  206  [16]  9F 0C DC 07 9F 0C 99 C6 ED 07 BB 0C AB 0C 00 00
2025-11-08T01:55:56.266,15.627,can0  204  [16]  72 1F 50 46 50 46 50 46 21 1F 20 4E 30 75 00 00
2025-11-08T01:55:56.278,15.639,can0  204  [16]  72 1F 50 46 50 46 50 46 21 1F 20 4E 30 75 00 00
2025-11-08T01:55:56.278,15.639,can0  206  [16]  A3 0C D6 07 9F 0C B1 E0 EF 07 BB 0C A7 0C 00 00
2025-11-08T01:55:56.278,15.639,can0  204  [16]  72 1F 50 46 50 46 50 46 21 1F 20 4E 30 75 00 00
2025-11-08T01:55:56.278,15.639,can0  041  [04]  02 00 00 00
2025-11-08T01:55:56.278,15.639,can0  204  [16]  72 1F 50 46 50 46 50 46 21 1F 20 4E 30 75 00 00
2025-11-08T01:55:56.278,15.639,can0  204  [16]  72 1F 50 46 50 46 50 46 21 1F 20 4E 30 75 00 00
2025-11-08T01:55:56.290,15.650,can0  206  [16]  A3 0C D1 07 9B 0C 99 C6 EB 07 BF 0C AB 0C 00 00
2025-11-08T01:55:56.907,16.268,can0  204  [16]  72 1F 50 46 50 46 50 46 21 1F 20 4E 30 75 00 00
2025-11-08T01:55:56.907,16.268,can0  204  [16]  72 1F 50 46 50 46 50 46 21 1F 20 4E 30 75 00 00
2025-11-08T01:55:56.908,16.268,can0  041  [04]  02 00 02 00
2025-11-08T01:55:56.908,16.268,can0  206  [16]  A7 0C D3 07 9F 0C 3A DF E7 07 BF 0C A3 0C 00 00
2025-11-08T01:55:56.908,16.268,can0  204  [16]  72 1F 50 46 50 46 50 46 21 1F 20 4E 30 75 00 00
2025-11-08T01:55:56.908,16.268,can0  204  [16]  72 1F 50 46 50 46 50 46 21 1F 20 4E 30 75 00 00
2025-11-08T01:55:56.908,16.268,can0  204  [16]  72 1F 50 46 50 46 50 46 21 1F 20 4E 30 75 00 00
2025-11-08T01:55:56.918,16.278,can0  206  [16]  9F 0C D6 07 A3 0C 3A DF EF 07 BB 0C AB 0C 00 00
2025-11-08T01:55:56.918,16.279,can0  204  [16]  72 1F 50 46 50 46 50 46 21 1F 20 4E 30 75 00 00
2025-11-08T01:55:56.918,16.279,can0  204  [16]  72 1F 50 46 50 46 50 46 21 1F 20 4E 30 75 00 00
2025-11-08T01:55:56.918,16.279,can0  041  [04]  02 00 00 00
2025-11-08T01:55:56.918,16.279,can0  204  [16]  72 1F 50 46 50 46 50 46 21 1F 20 4E 30 75 00 00
2025-11-08T01:55:56.918,16.279,can0  206  [16]  A3 0C D6 07 97 0C 99 C6 ED 07 B3 0C A7 0C 00 00
2025-11-08T01:55:56.918,16.279,can0  204  [16]  72 1F 50 46 50 46 50 46 21 1F 20 4E 30 75 00 00
2025-11-08T01:55:56.918,16.279,can0  204  [16]  72 1F 50 46 50 46 50 46 21 1F 20 4E 30 75 00 00
2025-11-08T01:55:56.918,16.279,can0  206  [16]  A3 0C D6 07 9B 0C 3A DF EB 07 BF 0C AB 0C 00 00
2025-11-08T01:55:56.918,16.279,can0  204  [16]  72 1F 50 46 50 46 50 46 21 1F 20 4E 30 75 00 00
2025-11-08T01:55:56.918,16.279,can0  041  [04]  02 00 00 00
2025-11-08T01:55:57.549,16.910,can0  204  [16]  72 1F 50 46 50 46 50 46 21 1F 20 4E 30 75 00 00
2025-11-08T01:55:57.550,16.910,can0  204  [16]  72 1F 50 46 50 46 50 46 21 1F 20 4E 30 75 00 00
2025-11-08T01:55:57.550,16.910,can0  206  [16]  9B 0C D1 07 A7 0C 99 C6 E7 07 BB 0C AB 0C 00 00
2025-11-08T01:55:57.550,16.911,can0  204  [16]  72 1F 50 46 50 46 50 46 21 1F 20 4E 30 75 00 00
2025-11-08T01:55:57.562,16.923,can0  204  [16]  72 1F 50 46 50 46 50 46 21 1F 20 4E 30 75 00 00
2025-11-08T01:55:57.562,16.923,can0  041  [04]  02 00 00 00
2025-11-08T01:55:57.562,16.923,can0  206  [16]  A7 0C D3 07 9B 0C 3A DF ED 07 CB 0C A7 0C 00 00
2025-11-08T01:55:57.562,16.923,can0  204  [16]  72 1F 50 46 50 46 50 46 21 1F 20 4E 30 75 00 00
2025-11-08T01:55:57.562,16.923,can0  204  [16]  72 1F 50 46 50 46 50 46 21 1F 20 4E 30 75 00 00
2025-11-08T01:55:57.562,16.923,can0  204  [16]  72 1F 50 46 50 46 50 46 21 1F 20 4E 30 75 00 00
2025-11-08T01:55:57.562,16.923,can0  206  [16]  AB 0C D6 07 9B 0C B1 E0 ED 07 C7 0C A3 0C 00 00
2025-11-08T01:55:57.562,16.923,can0  204  [16]  72 1F 50 46 50 46 50 46 21 1F 20 4E 30 75 00 00
2025-11-08T01:55:57.562,16.923,can0  041  [04]  3F 01 00 00
2025-11-08T01:55:57.563,16.923,can0  204  [16]  72 1F 50 46 50 46 50 46 21 1F 20 4E 30 75 00 00
2025-11-08T01:55:57.563,16.923,can0  204  [16]  72 1F 50 46 50 46 50 46 21 1F 20 4E 30 75 00 00
2025-11-08T01:55:57.563,16.923,can0  206  [16]  A3 0C D3 07 9B 0C DA DC EF 07 BF 0C A7 0C 00 00
2025-11-08T01:55:58.183,17.544,can0  204  [16]  72 1F 50 46 50 46 50 46 21 1F 20 4E 30 75 00 00
2025-11-08T01:55:58.183,17.544,can0  204  [16]  72 1F 50 46 50 46 50 46 21 1F 20 4E 30 75 00 00
2025-11-08T01:55:58.183,17.544,can0  204  [16]  72 1F 50 46 50 46 50 46 21 1F 20 4E 30 75 00 00
2025-11-08T01:55:58.183,17.544,can0  206  [16]  AB 0C DA 07 87 0C DA DC EB 07 CF 0C A3 0C 00 00
2025-11-08T01:55:58.183,17.544,can0  041  [04]  3F 01 00 00
2025-11-08T01:55:58.183,17.544,can0  204  [16]  72 1F 50 46 50 46 50 46 21 1F 20 4E 30 75 00 00
2025-11-08T01:55:58.196,17.557,can0  204  [16]  72 1F 50 46 50 46 50 46 21 1F 20 4E 30 75 00 00
2025-11-08T01:55:58.196,17.557,can0  206  [16]  9F 0C D6 07 8F 0C 3A DF F2 07 DB 0C AB 0C 00 00
2025-11-08T01:55:58.196,17.557,can0  204  [16]  72 1F 50 46 50 46 50 46 21 1F 20 4E 30 75 00 00
2025-11-08T01:55:58.196,17.557,can0  204  [16]  72 1F 50 46 50 46 50 46 21 1F 20 4E 30 75 00 00
2025-11-08T01:55:58.196,17.557,can0  041  [04]  3F 01 00 00
2025-11-08T01:55:58.196,17.557,can0  204  [16]  72 1F 50 46 50 46 50 46 21 1F 20 4E 30 75 00 00
2025-11-08T01:55:58.196,17.557,can0  206  [16]  A3 0C D3 07 97 0C DA DC E9 07 CB 0C A7 0C 00 00
2025-11-08T01:55:58.196,17.557,can0  204  [16]  72 1F 50 46 50 46 50 46 21 1F 20 4E 30 75 00 00
2025-11-08T01:55:58.196,17.557,can0  204  [16]  72 1F 50 46 50 46 50 46 21 1F 20 4E 30 75 00 00
2025-11-08T01:55:58.814,18.174,can0  206  [16]  A7 0C DC 07 A3 0C DA DC F4 07 BF 0C A3 0C 00 00
2025-11-08T01:55:58.814,18.175,can0  204  [16]  72 1F 50 46 50 46 50 46 21 1F 20 4E 30 75 00 00
2025-11-08T01:55:58.814,18.175,can0  041  [04]  02 00 00 00
2025-11-08T01:55:58.814,18.175,can0  204  [16]  72 1F 50 46 50 46 50 46 21 1F 20 4E 30 75 00 00
2025-11-08T01:55:58.814,18.175,can0  204  [16]  72 1F 50 46 50 46 50 46 21 1F 20 4E 30 75 00 00
2025-11-08T01:55:58.814,18.175,can0  206  [16]  A7 0C DC 07 97 0C 3A DF ED 07 C3 0C AB 0C 00 00
2025-11-08T01:55:58.814,18.175,can0  204  [16]  72 1F 50 46 50 46 50 46 21 1F 20 4E 30 75 00 00
2025-11-08T01:55:58.814,18.175,can0  204  [16]  72 1F 50 46 50 46 50 46 21 1F 20 4E 30 75 00 00
2025-11-08T01:55:58.825,18.186,can0  204  [16]  72 1F 50 46 50 46 50 46 21 1F 20 4E 30 75 00 00
2025-11-08T01:55:58.825,18.186,can0  041  [04]  02 00 00 00
2025-11-08T01:55:58.825,18.186,can0  206  [16]  B7 0C D3 07 9F 0C 99 C6 E9 07 C3 0C 97 0C 00 00
2025-11-08T01:55:58.825,18.186,can0  204  [16]  72 1F 50 46 50 46 50 46 21 1F 20 4E 30 75 00 00
2025-11-08T01:55:58.825,18.186,can0  204  [16]  72 1F 50 46 50 46 50 46 21 1F 20 4E 30 75 00 00
2025-11-08T01:55:58.825,18.186,can0  206  [16]  A3 0C CB 07 9F 0C 99 C6 E9 07 BF 0C A3 0C 00 00
2025-11-08T01:55:58.825,18.186,can0  204  [16]  72 1F 50 46 50 46 50 46 21 1F 20 4E 30 75 00 00
2025-11-08T01:55:58.825,18.186,can0  204  [16]  72 1F 50 46 50 46 50 46 21 1F 20 4E 30 75 00 00
2025-11-08T01:55:58.825,18.186,can0  041  [04]  3F 01 00 00
2025-11-08T01:55:58.825,18.186,can0  204  [16]  72 1F 50 46 50 46 50 46 21 1F 20 4E 30 75 00 00
2025-11-08T01:55:58.825,18.186,can0  206  [16]  9B 0C D6 07 9F 0C F4 E3 ED 07 C7 0C AB 0C 00 00
2025-11-08T01:55:59.466,18.827,can0  204  [16]  72 1F 50 46 50 46 50 46 21 1F 20 4E 30 75 00 00
2025-11-08T01:55:59.467,18.827,can0  204  [16]  72 1F 50 46 50 46 50 46 21 1F 20 4E 30 75 00 00
2025-11-08T01:55:59.467,18.827,can0  204  [16]  72 1F 50 46 50 46 50 46 21 1F 20 4E 30 75 00 00
2025-11-08T01:55:59.478,18.839,can0  206  [16]  A7 0C D1 07 9B 0C B1 E0 ED 07 C7 0C A7 0C 00 00
2025-11-08T01:55:59.478,18.839,can0  041  [04]  02 00 00 00
2025-11-08T01:55:59.478,18.839,can0  204  [16]  72 1F 50 46 50 46 50 46 21 1F 20 4E 30 75 00 00
2025-11-08T01:55:59.479,18.839,can0  204  [16]  72 1F 50 46 50 46 50 46 21 1F 20 4E 30 75 00 00
2025-11-08T01:55:59.479,18.839,can0  206  [16]  AB 0C D3 07 97 0C 99 C6 F6 07 C3 0C A3 0C 00 00
2025-11-08T01:55:59.479,18.839,can0  204  [16]  72 1F 50 46 50 46 50 46 21 1F 20 4E 30 75 00 00
2025-11-08T01:55:59.479,18.839,can0  204  [16]  72 1F 50 46 50 46 50 46 21 1F 20 4E 30 75 00 00
2025-11-08T01:55:59.479,18.839,can0  041  [04]  3F 01 00 00
2025-11-08T01:55:59.479,18.839,can0  204  [16]  72 1F 50 46 50 46 50 46 21 1F 20 4E 30 75 00 00
2025-11-08T01:55:59.479,18.839,can0  206  [16]  B3 0C D3 07 97 0C 3A DF ED 07 CB 0C 9B 0C 00 00
2025-11-08T01:55:59.479,18.839,can0  204  [16]  72 1F 50 46 50 46 50 46 21 1F 20 4E 30 75 00 00
2025-11-08T01:55:59.479,18.839,can0  204  [16]  72 1F 50 46 50 46 50 46 21 1F 20 4E 30 75 00 00
2025-11-08T01:56:00.110,19.470,can0  204  [16]  72 1F 50 46 50 46 50 46 21 1F 20 4E 30 75 00 00
2025-11-08T01:56:00.110,19.470,can0  206  [16]  A3 0C D3 07 A3 0C 3A DF ED 07 BB 0C A7 0C 00 00
2025-11-08T01:56:00.110,19.471,can0  204  [16]  72 1F 50 46 50 46 50 46 21 1F 20 4E 30 75 00 00
2025-11-08T01:56:00.110,19.471,can0  041  [04]  3F 01 00 00
2025-11-08T01:56:00.110,19.471,can0  204  [16]  72 1F 50 46 50 46 50 46 21 1F 20 4E 30 75 00 00
2025-11-08T01:56:00.110,19.471,can0  204  [16]  72 1F 50 46 50 46 50 46 21 1F 20 4E 30 75 00 00
2025-11-08T01:56:00.110,19.471,can0  206  [16]  9F 0C D6 07 9B 0C B1 E0 E9 07 BF 0C AB 0C 00 00
2025-11-08T01:56:00.110,19.471,can0  204  [16]  72 1F 50 46 50 46 50 46 21 1F 20 4E 30 75 00 00
2025-11-08T01:56:00.110,19.471,can0  204  [16]  72 1F 50 46 50 46 50 46 21 1F 20 4E 30 75 00 00
2025-11-08T01:56:00.110,19.471,can0  206  [16]  AF 0C D6 07 93 0C 3A DF E9 07 D3 0C 9F 0C 00 00
2025-11-08T01:56:00.120,19.481,can0  041  [04]  3F 01 00 00
2025-11-08T01:56:00.120,19.481,can0  204  [16]  72 1F 50 46 50 46 50 46 21 1F 20 4E 30 75 00 00
2025-11-08T01:56:00.120,19.481,can0  204  [16]  72 1F 50 46 50 46 50 46 21 1F 20 4E 30 75 00 00
2025-11-08T01:56:00.120,19.481,can0  204  [16]  72 1F 50 46 50 46 50 46 21 1F 20 4E 30 75 00 00
2025-11-08T01:56:00.120,19.481,can0  206  [16]  AB 0C D8 07 97 0C 99 C6 E9 07 BF 0C 9B 0C 00 00
2025-11-08T01:56:00.120,19.481,can0  204  [16]  72 1F 50 46 50 46 50 46 21 1F 20 4E 30 75 00 00
2025-11-08T01:56:00.120,19.481,can0  041  [04]  02 00 00 00
2025-11-08T01:56:00.120,19.481,can0  204  [16]  72 1F 50 46 50 46 50 46 21 1F 20 4E 30 75 00 00
2025-11-08T01:56:00.120,19.481,can0  206  [16]  AB 0C D3 07 97 0C 99 C6 ED 07 BF 0C A3 0C 00 00
2025-11-08T01:56:00.584,19.945,can0  204  [16]  72 1F 50 46 50 46 50 46 21 1F 20 4E 30 75 00 00
2025-11-08T01:56:00.584,19.945,can0  204  [16]  72 1F 50 46 50 46 50 46 21 1F 20 4E 30 75 00 00
2025-11-08T01:56:00.584,19.945,can0  204  [16]  72 1F 50 46 50 46 50 46 21 1F 20 4E 30 75 00 00
2025-11-08T01:56:00.584,19.945,can0  206  [16]  A3 0C DC 07 9B 0C DA DC EB 07 C7 0C A7 0C 00 00
2025-11-08T01:56:00.584,19.945,can0  204  [16]  72 1F 50 46 50 46 50 46 21 1F 20 4E 30 75 00 00
2025-11-08T01:56:00.584,19.945,can0  041  [04]  02 00 00 00
2025-11-08T01:56:00.584,19.945,can0  204  [16]  72 1F 50 46 50 46 50 46 21 1F 20 4E 30 75 00 00
2025-11-08T01:56:00.584,19.945,can0  204  [16]  72 1F 50 46 50 46 50 46 21 1F 20 4E 30 75 00 00
2025-11-08T01:56:00.585,19.945,can0  206  [16]  97 0C D8 07 A7 0C B1 E0 E9 07 C3 0C A7 0C 00 00
2025-11-08T01:56:00.585,19.945,can0  204  [16]  72 1F 50 46 50 46 50 46 21 1F 20 4E 30 75 00 00
2025-11-08T01:56:01.371,20.732,can0  204  [16]  72 1F 50 46 50 46 50 46 21 1F 20 4E 30 75 00 00
2025-11-08T01:56:01.371,20.732,can0  041  [04]  02 00 02 00
2025-11-08T01:56:01.371,20.732,can0  204  [16]  72 1F 50 46 50 46 50 46 21 1F 20 4E 30 75 00 00
2025-11-08T01:56:01.371,20.732,can0  206  [16]  A7 0C D6 07 9B 0C C5 E1 ED 07 C7 0C A3 0C 00 00
2025-11-08T01:56:01.371,20.732,can0  204  [16]  72 1F 50 46 50 46 50 46 21 1F 20 4E 30 75 00 00
2025-11-08T01:56:01.371,20.732,can0  204  [16]  72 1F 50 46 50 46 50 46 21 1F 20 4E 30 75 00 00
2025-11-08T01:56:01.371,20.732,can0  206  [16]  A3 0C D3 07 A3 0C B1 E0 E9 07 C7 0C A3 0C 00 00
2025-11-08T01:56:01.371,20.732,can0  204  [16]  72 1F 50 46 50 46 50 46 21 1F 20 4E 30 75 00 00
2025-11-08T01:56:01.371,20.732,can0  041  [04]  02 00 02 00
2025-11-08T01:56:01.371,20.732,can0  204  [16]  72 1F 50 46 50 46 50 46 21 1F 20 4E 30 75 00 00
2025-11-08T01:56:01.382,20.742,can0  204  [16]  72 1F 50 46 50 46 50 46 21 1F 20 4E 30 75 00 00
2025-11-08T01:56:01.382,20.742,can0  206  [16]  97 0C D8 07 9F 0C DA DC ED 07 BF 0C B3 0C 00 00
2025-11-08T01:56:01.382,20.742,can0  204  [16]  72 1F 50 46 50 46 50 46 21 1F 20 4E 30 75 00 00
2025-11-08T01:56:01.382,20.742,can0  204  [16]  72 1F 50 46 50 46 50 46 21 1F 20 4E 30 75 00 00
2025-11-08T01:56:01.382,20.742,can0  206  [16]  9B 0C D3 07 A3 0C DA DC E9 07 C7 0C AB 0C 00 00
2025-11-08T01:56:01.382,20.742,can0  204  [16]  72 1F 50 46 50 46 50 46 21 1F 20 4E 30 75 00 00
2025-11-08T01:56:01.382,20.742,can0  041  [04]  02 00 02 00
2025-11-08T01:56:01.382,20.742,can0  204  [16]  72 1F 50 46 50 46 50 46 21 1F 20 4E 30 75 00 00
2025-11-08T01:56:01.382,20.742,can0  204  [16]  72 1F 50 46 50 46 50 46 21 1F 20 4E 30 75 00 00
2025-11-08T01:56:01.382,20.742,can0  206  [16]  9F 0C DC 07 9F 0C DA DC E9 07 BF 0C A7 0C 00 00
2025-11-08T01:56:01.382,20.742,can0  204  [16]  72 1F 50 46 50 46 50 46 21 1F 20 4E 30 75 00 00
2025-11-08T01:56:01.970,21.331,can0  204  [16]  72 1F 50 46 50 46 50 46 21 1F 20 4E 30 75 00 00
2025-11-08T01:56:01.971,21.331,can0  041  [04]  02 00 02 00
2025-11-08T01:56:01.971,21.331,can0  204  [16]  72 1F 50 46 50 46 50 46 21 1F 20 4E 30 75 00 00
2025-11-08T01:56:01.971,21.331,can0  206  [16]  A3 0C D6 07 9F 0C B1 E0 EF 07 BF 0C AB 0C 00 00
2025-11-08T01:56:01.971,21.331,can0  204  [16]  72 1F 50 46 50 46 50 46 21 1F 20 4E 30 75 00 00
2025-11-08T01:56:01.971,21.331,can0  204  [16]  72 1F 50 46 50 46 50 46 21 1F 20 4E 30 75 00 00
2025-11-08T01:56:01.971,21.331,can0  204  [16]  72 1F 50 46 50 46 50 46 21 1F 20 4E 30 75 00 00
2025-11-08T01:56:01.971,21.331,can0  206  [16]  AF 0C D3 07 9F 0C DA DC EF 07 C7 0C 97 0C 00 00
2025-11-08T01:56:01.971,21.331,can0  041  [04]  52 01 02 00
2025-11-08T01:56:01.971,21.331,can0  204  [16]  72 1F 50 46 50 46 50 46 21 1F 20 4E 30 75 00 00
2025-11-08T01:56:01.971,21.331,can0  204  [16]  72 1F 50 46 50 46 50 46 21 1F 20 4E 30 75 00 00
2025-11-08T01:56:01.971,21.332,can0  206  [16]  A7 0C D3 07 9B 0C 99 C6 E9 07 BF 0C A3 0C 00 00
2025-11-08T01:56:01.971,21.332,can0  204  [16]  72 1F 50 46 50 46 50 46 21 1F 20 4E 30 75 00 00
2025-11-08T01:56:01.971,21.332,can0  204  [16]  72 1F 50 46 50 46 50 46 21 1F 20 4E 30 75 00 00
2025-11-08T01:56:01.981,21.342,can0  204  [16]  72 1F 50 46 50 46 50 46 21 1F 20 4E 30 75 00 00
2025-11-08T01:56:02.545,21.905,can0  041  [04]  02 00 02 00
2025-11-08T01:56:02.546,21.906,can0  206  [16]  9F 0C D3 07 97 0C 99 C6 EB 07 B7 0C AB 0C 00 00
2025-11-08T01:56:02.546,21.907,can0  204  [16]  72 1F 50 46 50 46 50 46 21 1F 20 4E 30 75 00 00
2025-11-08T01:56:02.546,21.907,can0  204  [16]  72 1F 50 46 50 46 50 46 21 1F 20 4E 30 75 00 00
2025-11-08T01:56:02.546,21.907,can0  206  [16]  A3 0C D3 07 9F 0C 99 C6 EB 07 C3 0C A7 0C 00 00
2025-11-08T01:56:02.546,21.907,can0  204  [16]  72 1F 50 46 50 46 50 46 21 1F 20 4E 30 75 00 00
2025-11-08T01:56:02.546,21.907,can0  204  [16]  72 1F 50 46 50 46 50 46 21 1F 20 4E 30 75 00 00
2025-11-08T01:56:02.546,21.907,can0  041  [04]  2F 00 02 00
2025-11-08T01:56:02.546,21.907,can0  204  [16]  72 1F 50 46 50 46 50 46 21 1F 20 4E 30 75 00 00
2025-11-08T01:56:02.557,21.918,can0  206  [16]  97 0C D3 07 A3 0C 3A DF EB 07 C3 0C AF 0C 00 00
2025-11-08T01:56:02.557,21.918,can0  204  [16]  72 1F 50 46 50 46 50 46 21 1F 20 4E 30 75 00 00
2025-11-08T01:56:02.557,21.918,can0  204  [16]  72 1F 50 46 50 46 50 46 21 1F 20 4E 30 75 00 00
2025-11-08T01:56:02.557,21.918,can0  204  [16]  72 1F 50 46 50 46 50 46 21 1F 20 4E 30 75 00 00
2025-11-08T01:56:02.557,21.918,can0  206  [16]  9B 0C D6 07 9B 0C 99 C6 EF 07 BF 0C B3 0C 00 00
2025-11-08T01:56:02.557,21.918,can0  041  [04]  02 00 02 00
2025-11-08T01:56:02.557,21.918,can0  204  [16]  72 1F 50 46 50 46 50 46 21 1F 20 4E 30 75 00 00
2025-11-08T01:56:03.125,22.486,can0  204  [16]  72 1F 50 46 50 46 50 46 21 1F 20 4E 30 75 00 00
2025-11-08T01:56:03.125,22.486,can0  204  [16]  72 1F 50 46 50 46 50 46 21 1F 20 4E 30 75 00 00
2025-11-08T01:56:03.136,22.497,can0  206  [16]  BB 0C D6 07 9B 0C DA DC ED 07 CF 0C 8F 0C 00 00
2025-11-08T01:56:03.136,22.497,can0  204  [16]  72 1F 50 46 50 46 50 46 21 1F 20 4E 30 75 00 00
2025-11-08T01:56:03.136,22.497,can0  204  [16]  72 1F 50 46 50 46 50 46 21 1F 20 4E 30 75 00 00
2025-11-08T01:56:03.136,22.497,can0  041  [04]  02 00 02 00
2025-11-08T01:56:03.136,22.497,can0  206  [16]  A3 0C D3 07 9F 0C 3A DF ED 07 C3 0C A7 0C 00 00
2025-11-08T01:56:03.137,22.497,can0  204  [16]  72 1F 50 46 50 46 50 46 21 1F 20 4E 30 75 00 00
2025-11-08T01:56:03.137,22.497,can0  204  [16]  72 1F 50 46 50 46 50 46 21 1F 20 4E 30 75 00 00
2025-11-08T01:56:03.137,22.497,can0  204  [16]  72 1F 50 46 50 46 50 46 21 1F 20 4E 30 75 00 00
2025-11-08T01:56:03.137,22.497,can0  206  [16]  9F 0C DC 07 9F 0C B1 E0 E9 07 C3 0C AB 0C 00 00
2025-11-08T01:56:03.137,22.497,can0  204  [16]  72 1F 50 46 50 46 50 46 21 1F 20 4E 30 75 00 00
2025-11-08T01:56:03.137,22.497,can0  041  [04]  02 00 00 00
2025-11-08T01:56:03.137,22.497,can0  204  [16]  72 1F 50 46 50 46 50 46 21 1F 20 4E 30 75 00 00
2025-11-08T01:56:03.137,22.497,can0  206  [16]  A3 0C D8 07 9B 0C 99 C6 ED 07 C3 0C AB 0C 00 00
2025-11-08T01:56:03.137,22.497,can0  204  [16]  72 1F 50 46 50 46 50 46 21 1F 20 4E 30 75 00 00
2025-11-08T01:56:03.716,23.077,can0  204  [16]  72 1F 50 46 50 46 50 46 21 1F 20 4E 30 75 00 00
2025-11-08T01:56:03.716,23.077,can0  204  [16]  72 1F 50 46 50 46 50 46 21 1F 20 4E 30 75 00 00
2025-11-08T01:56:03.716,23.077,can0  206  [16]  9B 0C D8 07 A3 0C DA DC EB 07 C3 0C AB 0C 00 00
2025-11-08T01:56:03.716,23.077,can0  041  [04]  02 00 00 00
2025-11-08T01:56:03.716,23.077,can0  204  [16]  72 1F 50 46 50 46 50 46 21 1F 20 4E 30 75 00 00
2025-11-08T01:56:03.716,23.077,can0  204  [16]  72 1F 50 46 50 46 50 46 21 1F 20 4E 30 75 00 00
2025-11-08T01:56:03.716,23.077,can0  204  [16]  72 1F 50 46 50 46 50 46 21 1F 20 4E 30 75 00 00
2025-11-08T01:56:03.716,23.077,can0  206  [16]  AB 0C D3 07 8F 0C 99 C6 E9 07 CB 0C A7 0C 00 00
2025-11-08T01:56:03.716,23.077,can0  204  [16]  72 1F 50 46 50 46 50 46 21 1F 20 4E 30 75 00 00
2025-11-08T01:56:03.716,23.077,can0  204  [16]  72 1F 50 46 50 46 50 46 21 1F 20 4E 30 75 00 00
2025-11-08T01:56:03.716,23.077,can0  041  [04]  02 00 02 00
2025-11-08T01:56:03.716,23.077,can0  204  [16]  72 1F 50 46 50 46 50 46 21 1F 20 4E 30 75 00 00
2025-11-08T01:56:03.716,23.077,can0  206  [16]  9F 0C D6 07 A3 0C DA DC E9 07 BF 0C A7 0C 00 00
2025-11-08T01:56:04.316,23.677,can0  204  [16]  72 1F 50 46 50 46 50 46 21 1F 20 4E 30 75 00 00
2025-11-08T01:56:04.317,23.677,can0  204  [16]  72 1F 50 46 50 46 50 46 21 1F 20 4E 30 75 00 00
2025-11-08T01:56:04.317,23.677,can0  206  [16]  A3 0C D6 07 9B 0C C5 E1 ED 07 BF 0C AB 0C 00 00
2025-11-08T01:56:04.317,23.677,can0  204  [16]  72 1F 50 46 50 46 50 46 21 1F 20 4E 30 75 00 00
2025-11-08T01:56:04.317,23.677,can0  041  [04]  2F 00 02 00
2025-11-08T01:56:04.317,23.677,can0  204  [16]  72 1F 50 46 50 46 50 46 21 1F 20 4E 30 75 00 00
2025-11-08T01:56:04.327,23.688,can0  204  [16]  72 1F 50 46 50 46 50 46 21 1F 20 4E 30 75 00 00
2025-11-08T01:56:04.327,23.688,can0  206  [16]  9F 0C D1 07 8B 0C DA DC ED 07 D7 0C A7 0C 00 00
2025-11-08T01:56:04.327,23.688,can0  204  [16]  72 1F 50 46 50 46 50 46 21 1F 20 4E 30 75 00 00
2025-11-08T01:56:04.327,23.688,can0  204  [16]  72 1F 50 46 50 46 50 46 21 1F 20 4E 30 75 00 00
2025-11-08T01:56:04.916,24.277,can0  041  [04]  B5 00 02 00
2025-11-08T01:56:04.916,24.277,can0  206  [16]  AB 0C D3 07 93 0C 99 C6 E9 07 BF 0C A7 0C 00 00
2025-11-08T01:56:04.916,24.277,can0  204  [16]  72 1F 50 46 50 46 50 46 21 1F 20 4E 30 75 00 00
2025-11-08T01:56:04.916,24.277,can0  204  [16]  72 1F 50 46 50 46 50 46 21 1F 20 4E 30 75 00 00
2025-11-08T01:56:04.916,24.277,can0  204  [16]  72 1F 50 46 50 46 50 46 21 1F 20 4E 30 75 00 00
2025-11-08T01:56:04.916,24.277,can0  206  [16]  9B 0C D6 07 A7 0C 99 C6 EB 07 B7 0C AB 0C 00 00
2025-11-08T01:56:04.916,24.277,can0  204  [16]  72 1F 50 46 50 46 50 46 21 1F 20 4E 30 75 00 00
2025-11-08T01:56:04.916,24.277,can0  041  [04]  B5 00 02 00
2025-11-08T01:56:04.916,24.277,can0  204  [16]  72 1F 50 46 50 46 50 46 21 1F 20 4E 30 75 00 00
2025-11-08T01:56:04.916,24.277,can0  204  [16]  72 1F 50 46 50 46 50 46 21 1F 20 4E 30 75 00 00
2025-11-08T01:56:04.916,24.277,can0  206  [16]  9F 0C D3 07 9B 0C DA DC EB 07 BB 0C AB 0C 00 00
2025-11-08T01:56:04.927,24.287,can0  204  [16]  72 1F 50 46 50 46 50 46 21 1F 20 4E 30 75 00 00
2025-11-08T01:56:04.927,24.287,can0  204  [16]  72 1F 50 46 50 46 50 46 21 1F 20 4E 30 75 00 00
2025-11-08T01:56:04.927,24.287,can0  204  [16]  72 1F 50 46 50 46 50 46 21 1F 20 4E 30 75 00 00
2025-11-08T01:56:04.927,24.287,can0  206  [16]  A7 0C D8 07 A3 0C 3A DF ED 07 BF 0C 9F 0C 00 00
2025-11-08T01:56:04.927,24.287,can0  041  [04]  E4 00 00 00
2025-11-08T01:56:04.927,24.287,can0  204  [16]  72 1F 50 46 50 46 50 46 21 1F 20 4E 30 75 00 00
2025-11-08T01:56:04.927,24.287,can0  204  [16]  72 1F 50 46 50 46 50 46 21 1F 20 4E 30 75 00 00
2025-11-08T01:56:04.927,24.287,can0  206  [16]  A7 0C D6 07 9B 0C 3A DF E7 07 BF 0C A7 0C 00 00
2025-11-08T01:56:04.927,24.287,can0  204  [16]  72 1F 50 46 50 46 50 46 21 1F 20 4E 30 75 00 00
2025-11-08T01:56:04.927,24.287,can0  204  [16]  72 1F 50 46 50 46 50 46 21 1F 20 4E 30 75 00 00
2025-11-08T01:56:04.927,24.287,can0  041  [04]  E4 00 00 00
2025-11-08T01:56:04.927,24.287,can0  204  [16]  72 1F 50 46 50 46 50 46 21 1F 20 4E 30 75 00 00
2025-11-08T01:56:04.927,24.287,can0  206  [16]  8F 0C D8 07 97 0C B1 E0 F6 07 C3 0C BF 0C 00 00
2025-11-08T01:56:05.527,24.888,can0  204  [16]  72 1F 50 46 50 46 50 46 21 1F 20 4E 30 75 00 00
2025-11-08T01:56:05.528,24.888,can0  204  [16]  72 1F 50 46 50 46 50 46 21 1F 20 4E 30 75 00 00
2025-11-08T01:56:05.528,24.888,can0  206  [16]  A3 0C D3 07 9F 0C 3A DF ED 07 BF 0C A7 0C 00 00
2025-11-08T01:56:05.528,24.888,can0  204  [16]  72 1F 50 46 50 46 50 46 21 1F 20 4E 30 75 00 00
2025-11-08T01:56:05.528,24.888,can0  041  [04]  02 00 00 00
2025-11-08T01:56:05.528,24.888,can0  204  [16]  72 1F 50 46 50 46 50 46 21 1F 20 4E 30 75 00 00
2025-11-08T01:56:05.528,24.888,can0  204  [16]  72 1F 50 46 50 46 50 46 21 1F 20 4E 30 75 00 00
2025-11-08T01:56:05.528,24.888,can0  206  [16]  A7 0C D6 07 A3 0C DA DC E9 07 C3 0C 9F 0C 00 00
2025-11-08T01:56:05.528,24.888,can0  204  [16]  72 1F 50 46 50 46 50 46 21 1F 20 4E 30 75 00 00
2025-11-08T01:56:05.528,24.888,can0  204  [16]  72 1F 50 46 50 46 50 46 21 1F 20 4E 30 75 00 00
2025-11-08T01:56:05.528,24.888,can0  204  [16]  72 1F 50 46 50 46 50 46 21 1F 20 4E 30 75 00 00
2025-11-08T01:56:05.528,24.888,can0  041  [04]  3F 01 00 00
2025-11-08T01:56:05.528,24.888,can0  206  [16]  A3 0C E3 07 97 0C 3A DF ED 07 C3 0C AB 0C 00 00
2025-11-08T01:56:05.538,24.899,can0  204  [16]  72 1F 50 46 50 46 50 46 21 1F 20 4E 30 75 00 00
2025-11-08T01:56:05.538,24.899,can0  204  [16]  72 1F 50 46 50 46 50 46 21 1F 20 4E 30 75 00 00
2025-11-08T01:56:06.082,25.443,can0  204  [16]  72 1F 50 46 50 46 50 46 21 1F 20 4E 30 75 00 00
2025-11-08T01:56:06.082,25.443,can0  206  [16]  A7 0C DA 07 9B 0C 99 C6 E9 07 C3 0C A3 0C 00 00
2025-11-08T01:56:06.082,25.443,can0  204  [16]  72 1F 50 46 50 46 50 46 21 1F 20 4E 30 75 00 00
2025-11-08T01:56:06.082,25.443,can0  041  [04]  3F 01 00 00
2025-11-08T01:56:06.082,25.443,can0  204  [16]  72 1F 50 46 50 46 50 46 21 1F 20 4E 30 75 00 00
2025-11-08T01:56:06.082,25.443,can0  206  [16]  A3 0C DA 07 97 0C 3A DF E9 07 CB 0C A7 0C 00 00
2025-11-08T01:56:06.082,25.443,can0  204  [16]  72 1F 50 46 50 46 50 46 21 1F 20 4E 30 75 00 00
2025-11-08T01:56:06.082,25.443,can0  204  [16]  72 1F 50 46 50 46 50 46 21 1F 20 4E 30 75 00 00
2025-11-08T01:56:06.082,25.443,can0  204  [16]  72 1F 50 46 50 46 50 46 21 1F 20 4E 30 75 00 00
2025-11-08T01:56:06.082,25.443,can0  206  [16]  9F 0C DA 07 93 0C 99 C6 EF 07 C7 0C AF 0C 00 00
2025-11-08T01:56:06.082,25.443,can0  041  [04]  3F 01 00 00
2025-11-08T01:56:06.093,25.454,can0  204  [16]  72 1F 50 46 50 46 50 46 21 1F 20 4E 30 75 00 00
2025-11-08T01:56:06.673,26.033,can0  204  [16]  72 1F 50 46 50 46 50 46 21 1F 20 4E 30 75 00 00
2025-11-08T01:56:06.673,26.034,can0  204  [16]  72 1F 50 46 50 46 50 46 21 1F 20 4E 30 75 00 00
2025-11-08T01:56:06.673,26.034,can0  206  [16]  9F 0C CB 07 A3 0C C5 E1 ED 07 BB 0C A7 0C 00 00
2025-11-08T01:56:06.673,26.034,can0  204  [16]  72 1F 50 46 50 46 50 46 21 1F 20 4E 30 75 00 00
2025-11-08T01:56:06.673,26.034,can0  204  [16]  72 1F 50 46 50 46 50 46 21 1F 20 4E 30 75 00 00
2025-11-08T01:56:06.673,26.034,can0  041  [04]  02 00 00 00
2025-11-08T01:56:06.673,26.034,can0  206  [16]  C7 0C D3 07 A3 0C 99 C6 E9 07 BB 0C 83 0C 00 00
2025-11-08T01:56:06.673,26.034,can0  204  [16]  72 1F 50 46 50 46 50 46 21 1F 20 4E 30 75 00 00
2025-11-08T01:56:06.673,26.034,can0  204  [16]  72 1F 50 46 50 46 50 46 21 1F 20 4E 30 75 00 00
2025-11-08T01:56:06.673,26.034,can0  204  [16]  72 1F 50 46 50 46 50 46 21 1F 20 4E 30 75 00 00
2025-11-08T01:56:06.683,26.044,can0  206  [16]  C3 0C D6 07 A3 0C DA DC EB 07 BF 0C 83 0C 00 00
2025-11-08T01:56:06.683,26.044,can0  204  [16]  72 1F 50 46 50 46 50 46 21 1F 20 4E 30 75 00 00
2025-11-08T01:56:06.683,26.044,can0  041  [04]  02 00 00 00
2025-11-08T01:56:06.683,26.044,can0  204  [16]  72 1F 50 46 50 46 50 46 21 1F 20 4E 30 75 00 00
2025-11-08T01:56:07.273,26.634,can0  204  [16]  72 1F 50 46 50 46 50 46 21 1F 20 4E 30 75 00 00
2025-11-08T01:56:07.273,26.634,can0  206  [16]  9B 0C D3 07 9F 0C 3A DF EB 07 C7 0C AB 0C 00 00
2025-11-08T01:56:07.273,26.634,can0  204  [16]  72 1F 50 46 50 46 50 46 21 1F 20 4E 30 75 00 00
2025-11-08T01:56:07.273,26.634,can0  204  [16]  72 1F 50 46 50 46 50 46 21 1F 20 4E 30 75 00 00
2025-11-08T01:56:07.273,26.634,can0  206  [16]  A3 0C D3 07 9F 0C 3A DF EB 07 C3 0C A7 0C 00 00
2025-11-08T01:56:07.273,26.634,can0  041  [04]  52 01 00 00
2025-11-08T01:56:07.273,26.634,can0  204  [16]  72 1F 50 46 50 46 50 46 21 1F 20 4E 30 75 00 00
2025-11-08T01:56:07.273,26.634,can0  204  [16]  72 1F 50 46 50 46 50 46 21 1F 20 4E 30 75 00 00
2025-11-08T01:56:07.273,26.634,can0  204  [16]  72 1F 50 46 50 46 50 46 21 1F 20 4E 30 75 00 00
2025-11-08T01:56:07.273,26.634,can0  206  [16]  AB 0C D3 07 9B 0C DA DC E9 07 D3 0C A3 0C 00 00
2025-11-08T01:56:07.273,26.634,can0  204  [16]  72 1F 50 46 50 46 50 46 21 1F 20 4E 30 75 00 00
2025-11-08T01:56:07.273,26.634,can0  204  [16]  72 1F 50 46 50 46 50 46 21 1F 20 4E 30 75 00 00
2025-11-08T01:56:07.273,26.634,can0  041  [04]  02 00 00 00
2025-11-08T01:56:07.274,26.634,can0  204  [16]  72 1F 50 46 50 46 50 46 21 1F 20 4E 30 75 00 00
2025-11-08T01:56:07.284,26.645,can0  206  [16]  9F 0C D6 07 A3 0C 99 C6 E9 07 BF 0C AB 0C 00 00
2025-11-08T01:56:07.284,26.645,can0  204  [16]  72 1F 50 46 50 46 50 46 21 1F 20 4E 30 75 00 00
2025-11-08T01:56:07.871,27.232,can0  204  [16]  72 1F 50 46 50 46 50 46 21 1F 20 4E 30 75 00 00
2025-11-08T01:56:07.872,27.232,can0  206  [16]  9B 0C D8 07 A3 0C 3A DF E7 07 C3 0C AB 0C 00 00
2025-11-08T01:56:07.882,27.242,can0  204  [16]  72 1F 50 46 50 46 50 46 21 1F 20 4E 30 75 00 00
2025-11-08T01:56:07.882,27.242,can0  041  [04]  02 00 00 00
2025-11-08T01:56:07.882,27.243,can0  204  [16]  72 1F 50 46 50 46 50 46 21 1F 20 4E 30 75 00 00
2025-11-08T01:56:07.882,27.243,can0  204  [16]  72 1F 50 46 50 46 50 46 21 1F 20 4E 30 75 00 00
2025-11-08T01:56:07.882,27.243,can0  206  [16]  BB 0C D6 07 93 0C 99 C6 ED 07 CB 0C 97 0C 00 00
2025-11-08T01:56:07.882,27.243,can0  204  [16]  72 1F 50 46 50 46 50 46 21 1F 20 4E 30 75 00 00
2025-11-08T01:56:07.882,27.243,can0  204  [16]  72 1F 50 46 50 46 50 46 21 1F 20 4E 30 75 00 00
2025-11-08T01:56:07.882,27.243,can0  041  [04]  02 00 00 00
2025-11-08T01:56:07.882,27.243,can0  204  [16]  72 1F 50 46 50 46 50 46 21 1F 20 4E 30 75 00 00
2025-11-08T01:56:07.882,27.243,can0  206  [16]  A3 0C D3 07 9F 0C DA DC E9 07 BF 0C A7 0C 00 00
2025-11-08T01:56:07.882,27.243,can0  204  [16]  72 1F 50 46 50 46 50 46 21 1F 20 4E 30 75 00 00
2025-11-08T01:56:07.882,27.243,can0  204  [16]  72 1F 50 46 50 46 50 46 21 1F 20 4E 30 75 00 00
2025-11-08T01:56:07.882,27.243,can0  206  [16]  9F 0C D8 07 A3 0C B1 E0 FA 07 BF 0C A7 0C 00 00
2025-11-08T01:56:07.894,27.255,can0  204  [16]  72 1F 50 46 50 46 50 46 21 1F 20 4E 30 75 00 00
2025-11-08T01:56:07.894,27.255,can0  204  [16]  72 1F 50 46 50 46 50 46 21 1F 20 4E 30 75 00 00
2025-11-08T01:56:07.894,27.255,can0  041  [04]  02 00 00 00
2025-11-08T01:56:08.491,27.852,can0  204  [16]  72 1F 50 46 50 46 50 46 21 1F 20 4E 30 75 00 00
2025-11-08T01:56:08.492,27.852,can0  206  [16]  9F 0C DC 07 A3 0C DA DC E9 07 C7 0C A7 0C 00 00
2025-11-08T01:56:08.492,27.852,can0  204  [16]  72 1F 50 46 50 46 50 46 21 1F 20 4E 30 75 00 00
2025-11-08T01:56:08.492,27.852,can0  204  [16]  72 1F 50 46 50 46 50 46 21 1F 20 4E 30 75 00 00
2025-11-08T01:56:08.492,27.852,can0  204  [16]  72 1F 50 46 50 46 50 46 21 1F 20 4E 30 75 00 00
2025-11-08T01:56:08.492,27.852,can0  206  [16]  AF 0C D3 07 9F 0C 3A DF E9 07 CB 0C 9F 0C 00 00
2025-11-08T01:56:08.492,27.852,can0  041  [04]  02 00 00 00
2025-11-08T01:56:08.492,27.852,can0  204  [16]  72 1F 50 46 50 46 50 46 21 1F 20 4E 30 75 00 00
2025-11-08T01:56:08.492,27.852,can0  204  [16]  72 1F 50 46 50 46 50 46 21 1F 20 4E 30 75 00 00
2025-11-08T01:56:08.492,27.852,can0  206  [16]  A3 0C D8 07 9F 0C 3A DF F2 07 C7 0C A7 0C 00 00
2025-11-08T01:56:08.492,27.852,can0  204  [16]  72 1F 50 46 50 46 50 46 21 1F 20 4E 30 75 00 00
2025-11-08T01:56:08.492,27.852,can0  204  [16]  72 1F 50 46 50 46 50 46 21 1F 20 4E 30 75 00 00
2025-11-08T01:56:08.492,27.852,can0  041  [04]  E4 00 02 00
2025-11-08T01:56:08.492,27.852,can0  204  [16]  72 1F 50 46 50 46 50 46 21 1F 20 4E 30 75 00 00
2025-11-08T01:56:08.502,27.863,can0  206  [16]  A7 0C D1 07 9B 0C 99 C6 ED 07 C3 0C A3 0C 00 00
2025-11-08T01:56:08.502,27.863,can0  204  [16]  72 1F 50 46 50 46 50 46 21 1F 20 4E 30 75 00 00
2025-11-08T01:56:09.090,28.451,can0  204  [16]  72 1F 50 46 50 46 50 46 21 1F 20 4E 30 75 00 00
2025-11-08T01:56:09.090,28.451,can0  204  [16]  72 1F 50 46 50 46 50 46 21 1F 20 4E 30 75 00 00
2025-11-08T01:56:09.090,28.451,can0  206  [16]  97 0C D3 07 A3 0C 99 C6 ED 07 BF 0C AF 0C 00 00
2025-11-08T01:56:09.090,28.451,can0  041  [04]  E4 00 02 00
2025-11-08T01:56:09.090,28.451,can0  204  [16]  72 1F 50 46 50 46 50 46 21 1F 20 4E 30 75 00 00
2025-11-08T01:56:09.090,28.451,can0  204  [16]  72 1F 50 46 50 46 50 46 21 1F 20 4E 30 75 00 00
2025-11-08T01:56:09.090,28.451,can0  204  [16]  72 1F 50 46 50 46 50 46 21 1F 20 4E 30 75 00 00
2025-11-08T01:56:09.100,28.461,can0  206  [16]  DF 0C D6 07 9F 0C 57 E3 ED 07 C3 0C 6B 0C 00 00
2025-11-08T01:56:09.101,28.461,can0  204  [16]  72 1F 50 46 50 46 50 46 21 1F 20 4E 30 75 00 00
2025-11-08T01:56:09.101,28.461,can0  204  [16]  72 1F 50 46 50 46 50 46 21 1F 20 4E 30 75 00 00
2025-11-08T01:56:09.101,28.461,can0  041  [04]  3F 01 02 00
2025-11-08T01:56:09.101,28.461,can0  206  [16]  A3 0C D6 07 A3 0C DA DC EB 07 BB 0C A7 0C 00 00
2025-11-08T01:56:09.101,28.461,can0  204  [16]  72 1F 50 46 50 46 50 46 21 1F 20 4E 30 75 00 00
2025-11-08T01:56:09.101,28.461,can0  204  [16]  72 1F 50 46 50 46 50 46 21 1F 20 4E 30 75 00 00
2025-11-08T01:56:09.101,28.461,can0  204  [16]  72 1F 50 46 50 46 50 46 21 1F 20 4E 30 75 00 00
2025-11-08T01:56:09.101,28.461,can0  206  [16]  A3 0C D6 07 9B 0C B1 E0 EF 07 C3 0C AB 0C 00 00
2025-11-08T01:56:09.710,29.071,can0  204  [16]  72 1F 50 46 50 46 50 46 21 1F 20 4E 30 75 00 00
2025-11-08T01:56:09.710,29.071,can0  041  [04]  B5 00 02 00
2025-11-08T01:56:09.721,29.082,can0  204  [16]  72 1F 50 46 50 46 50 46 21 1F 20 4E 30 75 00 00
2025-11-08T01:56:09.721,29.082,can0  206  [16]  9B 0C D6 07 93 0C 99 C6 ED 07 D3 0C AF 0C 00 00
2025-11-08T01:56:09.721,29.082,can0  204  [16]  72 1F 50 46 50 46 50 46 21 1F 20 4E 30 75 00 00
2025-11-08T01:56:09.721,29.082,can0  204  [16]  72 1F 50 46 50 46 50 46 21 1F 20 4E 30 75 00 00
2025-11-08T01:56:09.721,29.082,can0  204  [16]  72 1F 50 46 50 46 50 46 21 1F 20 4E 30 75 00 00
2025-11-08T01:56:09.721,29.082,can0  206  [16]  9B 0C D6 07 A3 0C 3A DF ED 07 CB 0C AB 0C 00 00
2025-11-08T01:56:09.721,29.082,can0  041  [04]  E4 00 02 00
2025-11-08T01:56:09.721,29.082,can0  204  [16]  72 1F 50 46 50 46 50 46 21 1F 20 4E 30 75 00 00
2025-11-08T01:56:09.721,29.082,can0  204  [16]  72 1F 50 46 50 46 50 46 21 1F 20 4E 30 75 00 00
2025-11-08T01:56:09.721,29.082,can0  204  [16]  72 1F 50 46 50 46 50 46 21 1F 20 4E 30 75 00 00
2025-11-08T01:56:09.721,29.082,can0  206  [16]  A3 0C D6 07 9B 0C B1 E0 ED 07 CF 0C AB 0C 00 00
2025-11-08T01:56:09.721,29.082,can0  204  [16]  72 1F 50 46 50 46 50 46 21 1F 20 4E 30 75 00 00
2025-11-08T01:56:09.721,29.082,can0  204  [16]  72 1F 50 46 50 46 50 46 21 1F 20 4E 30 75 00 00
2025-11-08T01:56:10.336,29.696,can0  041  [04]  02 00 00 00
2025-11-08T01:56:10.336,29.697,can0  204  [16]  72 1F 50 46 50 46 50 46 21 1F 20 4E 30 75 00 00
2025-11-08T01:56:10.336,29.697,can0  206  [16]  87 0C DA 07 A3 0C DA DC E5 07 C7 0C BF 0C 00 00
2025-11-08T01:56:10.336,29.697,can0  204  [16]  72 1F 50 46 50 46 50 46 21 1F 20 4E 30 75 00 00
2025-11-08T01:56:10.336,29.697,can0  204  [16]  72 1F 50 46 50 46 50 46 21 1F 20 4E 30 75 00 00
2025-11-08T01:56:10.336,29.697,can0  206  [16]  A3 0C D6 07 9B 0C 3A DF ED 07 C3 0C A7 0C 00 00
2025-11-08T01:56:10.336,29.697,can0  204  [16]  72 1F 50 46 50 46 50 46 21 1F 20 4E 30 75 00 00
2025-11-08T01:56:10.336,29.697,can0  041  [04]  02 00 00 00
2025-11-08T01:56:10.336,29.697,can0  204  [16]  72 1F 50 46 50 46 50 46 21 1F 20 4E 30 75 00 00
2025-11-08T01:56:10.336,29.697,can0  204  [16]  72 1F 50 46 50 46 50 46 21 1F 20 4E 30 75 00 00
2025-11-08T01:56:10.336,29.697,can0  206  [16]  AB 0C D6 07 9F 0C 99 C6 ED 07 C3 0C 9F 0C 00 00
2025-11-08T01:56:10.348,29.709,can0  204  [16]  72 1F 50 46 50 46 50 46 21 1F 20 4E 30 75 00 00
2025-11-08T01:56:10.348,29.709,can0  204  [16]  72 1F 50 46 50 46 50 46 21 1F 20 4E 30 75 00 00
2025-11-08T01:56:10.348,29.709,can0  041  [04]  E4 00 00 00
2025-11-08T01:56:10.348,29.709,can0  206  [16]  AF 0C D3 07 93 0C 99 C6 E9 07 BF 0C A7 0C 00 00
2025-11-08T01:56:10.348,29.709,can0  204  [16]  72 1F 50 46 50 46 50 46 21 1F 20 4E 30 75 00 00
2025-11-08T01:56:10.956,30.317,can0  204  [16]  72 1F 50 46 50 46 50 46 21 1F 20 4E 30 75 00 00
2025-11-08T01:56:10.956,30.317,can0  204  [16]  72 1F 50 46 50 46 50 46 21 1F 20 4E 30 75 00 00
2025-11-08T01:56:10.956,30.317,can0  206  [16]  A7 0C DA 07 9B 0C DA DC F8 07 C3 0C A7 0C 00 00
2025-11-08T01:56:10.956,30.317,can0  204  [16]  72 1F 50 46 50 46 50 46 21 1F 20 4E 30 75 00 00
2025-11-08T01:56:10.957,30.317,can0  204  [16]  72 1F 50 46 50 46 50 46 21 1F 20 4E 30 75 00 00
2025-11-08T01:56:10.957,30.317,can0  041  [04]  3F 01 00 00
2025-11-08T01:56:10.957,30.317,can0  204  [16]  72 1F 50 46 50 46 50 46 21 1F 20 4E 30 75 00 00
2025-11-08T01:56:10.957,30.317,can0  206  [16]  93 0C D3 07 AB 0C 99 C6 E9 07 BF 0C A7 0C 00 00
2025-11-08T01:56:10.957,30.317,can0  204  [16]  72 1F 50 46 50 46 50 46 21 1F 20 4E 30 75 00 00
2025-11-08T01:56:10.957,30.317,can0  204  [16]  72 1F 50 46 50 46 50 46 21 1F 20 4E 30 75 00 00
2025-11-08T01:56:10.967,30.328,can0  204  [16]  72 1F 50 46 50 46 50 46 21 1F 20 4E 30 75 00 00
2025-11-08T01:56:10.967,30.328,can0  206  [16]  9F 0C D8 07 A7 0C 99 C6 ED 07 CB 0C A7 0C 00 00
2025-11-08T01:56:10.967,30.328,can0  041  [04]  02 00 02 00
2025-11-08T01:56:10.967,30.328,can0  204  [16]  72 1F 50 46 50 46 50 46 21 1F 20 4E 30 75 00 00
2025-11-08T01:56:10.967,30.328,can0  204  [16]  72 1F 50 46 50 46 50 46 21 1F 20 4E 30 75 00 00
2025-11-08T01:56:10.967,30.328,can0  206  [16]  AB 0C CB 07 9B 0C DA DC E9 07 C7 0C A3 0C 00 00
2025-11-08T01:56:10.967,30.328,can0  204  [16]  72 1F 50 46 50 46 50 46 21 1F 20 4E 30 75 00 00
2025-11-08T01:56:10.967,30.328,can0  204  [16]  72 1F 50 46 50 46 50 46 21 1F 20 4E 30 75 00 00
2025-11-08T01:56:11.373,30.733,can0  041  [04]  02 00 02 00
2025-11-08T01:56:11.373,30.733,can0  204  [16]  72 1F 50 46 50 46 50 46 21 1F 20 4E 30 75 00 00
2025-11-08T01:56:11.373,30.733,can0  206  [16]  BF 0C D6 07 9F 0C 3A DF EB 07 C3 0C 8F 0C 00 00
2025-11-08T01:56:11.373,30.733,can0  204  [16]  72 1F 50 46 50 46 50 46 21 1F 20 4E 30 75 00 00
2025-11-08T01:56:11.373,30.733,can0  204  [16]  72 1F 50 46 50 46 50 46 21 1F 20 4E 30 75 00 00
2025-11-08T01:56:11.373,30.733,can0  206  [16]  9F 0C D3 07 9B 0C DA DC ED 07 C3 0C AB 0C 00 00
2025-11-08T01:56:11.373,30.733,can0  204  [16]  72 1F 50 46 50 46 50 46 21 1F 20 4E 30 75 00 00
2025-11-08T01:56:11.373,30.733,can0  204  [16]  72 1F 50 46 50 46 50 46 21 1F 20 4E 30 75 00 00
2025-11-08T01:56:11.373,30.733,can0  041  [04]  02 00 02 00
2025-11-08T01:56:11.373,30.733,can0  204  [16]  72 1F 50 46 50 46 50 46 21 1F 20 4E 30 75 00 00
2025-11-08T01:56:11.970,31.331,can0  206  [16]  BB 0C D1 07 9F 0C DA DC ED 07 BB 0C 8F 0C 00 00
2025-11-08T01:56:11.972,31.333,can0  204  [16]  72 1F 50 46 50 46 50 46 21 1F 20 4E 30 75 00 00
2025-11-08T01:56:11.972,31.333,can0  204  [16]  72 1F 50 46 50 46 50 46 21 1F 20 4E 30 75 00 00
2025-11-08T01:56:11.972,31.333,can0  204  [16]  72 1F 50 46 50 46 50 46 21 1F 20 4E 30 75 00 00
2025-11-08T01:56:11.972,31.333,can0  041  [04]  3F 01 02 00
2025-11-08T01:56:11.972,31.333,can0  206  [16]  B3 0C D3 07 9F 0C DA DC ED 07 C7 0C 97 0C 00 00
2025-11-08T01:56:11.973,31.333,can0  204  [16]  72 1F 50 46 50 46 50 46 21 1F 20 4E 30 75 00 00
2025-11-08T01:56:11.973,31.334,can0  204  [16]  72 1F 50 46 50 46 50 46 21 1F 20 4E 30 75 00 00
2025-11-08T01:56:11.973,31.334,can0  204  [16]  72 1F 50 46 50 46 50 46 21 1F 20 4E 30 75 00 00
2025-11-08T01:56:11.973,31.334,can0  206  [16]  9F 0C E3 07 A3 0C DA DC ED 07 BF 0C A7 0C 00 00
2025-11-08T01:56:11.973,31.334,can0  204  [16]  72 1F 50 46 50 46 50 46 21 1F 20 4E 30 75 00 00
2025-11-08T01:56:11.973,31.334,can0  041  [04]  3F 01 00 00
2025-11-08T01:56:11.973,31.334,can0  204  [16]  72 1F 50 46 50 46 50 46 21 1F 20 4E 30 75 00 00
2025-11-08T01:56:11.973,31.334,can0  204  [16]  72 1F 50 46 50 46 50 46 21 1F 20 4E 30 75 00 00
2025-11-08T01:56:11.985,31.346,can0  206  [16]  A3 0C D3 07 9B 0C 99 C6 ED 07 C3 0C A7 0C 00 00
2025-11-08T01:56:11.985,31.346,can0  204  [16]  72 1F 50 46 50 46 50 46 21 1F 20 4E 30 75 00 00
2025-11-08T01:56:12.670,32.031,can0  204  [16]  72 1F 50 46 50 46 50 46 21 1F 20 4E 30 75 00 00
2025-11-08T01:56:12.671,32.031,can0  206  [16]  97 0C D8 07 A3 0C 3A DF EB 07 BF 0C AF 0C 00 00
2025-11-08T01:56:12.671,32.031,can0  041  [04]  3F 01 00 00
2025-11-08T01:56:12.671,32.031,can0  204  [16]  72 1F 50 46 50 46 50 46 21 1F 20 4E 30 75 00 00
2025-11-08T01:56:12.671,32.031,can0  204  [16]  72 1F 50 46 50 46 50 46 21 1F 20 4E 30 75 00 00
2025-11-08T01:56:12.671,32.031,can0  204  [16]  72 1F 50 46 50 46 50 46 21 1F 20 4E 30 75 00 00
2025-11-08T01:56:12.671,32.031,can0  206  [16]  A3 0C CD 07 9F 0C 99 C6 EB 07 C7 0C A7 0C 00 00
2025-11-08T01:56:12.671,32.031,can0  204  [16]  72 1F 50 46 50 46 50 46 21 1F 20 4E 30 75 00 00
2025-11-08T01:56:12.671,32.031,can0  204  [16]  72 1F 50 46 50 46 50 46 21 1F 20 4E 30 75 00 00
2025-11-08T01:56:12.681,32.042,can0  041  [04]  02 00 00 00
2025-11-08T01:56:12.681,32.042,can0  206  [16]  A3 0C D6 07 B7 0C B1 E0 ED 07 AB 0C A7 0C 00 00
2025-11-08T01:56:12.681,32.042,can0  204  [16]  72 1F 50 46 50 46 50 46 21 1F 20 4E 30 75 00 00
2025-11-08T01:56:12.681,32.042,can0  204  [16]  72 1F 50 46 50 46 50 46 21 1F 20 4E 30 75 00 00
2025-11-08T01:56:12.681,32.042,can0  204  [16]  72 1F 50 46 50 46 50 46 21 1F 20 4E 30 75 00 00
2025-11-08T01:56:12.681,32.042,can0  206  [16]  AF 0C DC 07 9B 0C B1 E0 E9 07 C7 0C 9B 0C 00 00
2025-11-08T01:56:12.681,32.042,can0  204  [16]  72 1F 50 46 50 46 50 46 21 1F 20 4E 30 75 00 00
2025-11-08T01:56:12.681,32.042,can0  041  [04]  3F 01 00 00
2025-11-08T01:56:12.681,32.042,can0  204  [16]  72 1F 50 46 50 46 50 46 21 1F 20 4E 30 75 00 00
2025-11-08T01:56:13.390,32.750,can0  204  [16]  72 1F 50 46 50 46 50 46 21 1F 20 4E 30 75 00 00
2025-11-08T01:56:13.390,32.751,can0  206  [16]  A3 0C D6 07 9F 0C DA DC EB 07 BF 0C A7 0C 00 00
2025-11-08T01:56:13.390,32.751,can0  204  [16]  72 1F 50 46 50 46 50 46 21 1F 20 4E 30 75 00 00
2025-11-08T01:56:13.390,32.751,can0  204  [16]  72 1F 50 46 50 46 50 46 21 1F 20 4E 30 75 00 00
2025-11-08T01:56:13.390,32.751,can0  206  [16]  9B 0C CD 07 A3 0C B1 E0 EB 07 B3 0C AF 0C 00 00
2025-11-08T01:56:13.390,32.751,can0  204  [16]  72 1F 50 46 50 46 50 46 21 1F 20 4E 30 75 00 00
2025-11-08T01:56:13.390,32.751,can0  041  [04]  E4 00 00 00
2025-11-08T01:56:13.390,32.751,can0  204  [16]  72 1F 50 46 50 46 50 46 21 1F 20 4E 30 75 00 00
2025-11-08T01:56:13.390,32.751,can0  204  [16]  72 1F 50 46 50 46 50 46 21 1F 20 4E 30 75 00 00
2025-11-08T01:56:13.401,32.762,can0  206  [16]  9F 0C D3 07 9B 0C DA DC ED 07 BF 0C AB 0C 00 00
2025-11-08T01:56:13.401,32.762,can0  204  [16]  72 1F 50 46 50 46 50 46 21 1F 20 4E 30 75 00 00
2025-11-08T01:56:13.401,32.762,can0  204  [16]  72 1F 50 46 50 46 50 46 21 1F 20 4E 30 75 00 00
2025-11-08T01:56:13.401,32.762,can0  041  [04]  E4 00 00 00
2025-11-08T01:56:13.401,32.762,can0  206  [16]  A7 0C D6 07 9B 0C DA DC E9 07 CB 0C A7 0C 00 00
2025-11-08T01:56:13.401,32.762,can0  204  [16]  72 1F 50 46 50 46 50 46 21 1F 20 4E 30 75 00 00
2025-11-08T01:56:13.401,32.762,can0  204  [16]  72 1F 50 46 50 46 50 46 21 1F 20 4E 30 75 00 00
2025-11-08T01:56:13.401,32.762,can0  204  [16]  72 1F 50 46 50 46 50 46 21 1F 20 4E 30 75 00 00
2025-11-08T01:56:13.401,32.762,can0  206  [16]  A3 0C CF 07 9F 0C 99 C6 ED 07 BF 0C A7 0C 00 00
2025-11-08T01:56:13.401,32.762,can0  204  [16]  72 1F 50 46 50 46 50 46 21 1F 20 4E 30 75 00 00
2025-11-08T01:56:14.038,33.399,can0  041  [04]  3F 01 02 00
2025-11-08T01:56:14.038,33.399,can0  204  [16]  72 1F 50 46 50 46 50 46 21 1F 20 4E 30 75 00 00
2025-11-08T01:56:14.038,33.399,can0  204  [16]  72 1F 50 46 50 46 50 46 21 1F 20 4E 30 75 00 00
2025-11-08T01:56:14.038,33.399,can0  206  [16]  A7 0C D6 07 9F 0C B1 E0 EB 07 BB 0C A7 0C 00 00
2025-11-08T01:56:14.038,33.399,can0  204  [16]  72 1F 50 46 50 46 50 46 21 1F 20 4E 30 75 00 00
2025-11-08T01:56:14.038,33.399,can0  204  [16]  72 1F 50 46 50 46 50 46 21 1F 20 4E 30 75 00 00
2025-11-08T01:56:14.049,33.409,can0  041  [04]  3F 01 02 00
2025-11-08T01:56:14.049,33.409,can0  204  [16]  72 1F 50 46 50 46 50 46 21 1F 20 4E 30 75 00 00
2025-11-08T01:56:14.049,33.409,can0  206  [16]  A3 0C DA 07 9F 0C DA DC ED 07 CB 0C A7 0C 00 00
2025-11-08T01:56:14.049,33.409,can0  204  [16]  72 1F 50 46 50 46 50 46 21 1F 20 4E 30 75 00 00
2025-11-08T01:56:14.049,33.409,can0  204  [16]  72 1F 50 46 50 46 50 46 21 1F 20 4E 30 75 00 00
2025-11-08T01:56:14.049,33.409,can0  206  [16]  AB 0C DA 07 A3 0C DA DC EB 07 BB 0C 9F 0C 00 00
2025-11-08T01:56:14.049,33.409,can0  204  [16]  72 1F 50 46 50 46 50 46 21 1F 20 4E 30 75 00 00
2025-11-08T01:56:14.049,33.409,can0  204  [16]  72 1F 50 46 50 46 50 46 21 1F 20 4E 30 75 00 00
2025-11-08T01:56:14.049,33.409,can0  041  [04]  02 00 02 00
2025-11-08T01:56:14.049,33.409,can0  204  [16]  72 1F 50 46 50 46 50 46 21 1F 20 4E 30 75 00 00
2025-11-08T01:56:14.754,34.115,can0  206  [16]  93 0C D1 07 B3 0C 99 C6 E9 07 BF 0C A3 0C 00 00
2025-11-08T01:56:14.755,34.115,can0  204  [16]  72 1F 50 46 50 46 50 46 21 1F 20 4E 30 75 00 00
2025-11-08T01:56:14.765,34.125,can0  204  [16]  72 1F 50 46 50 46 50 46 21 1F 20 4E 30 75 00 00
2025-11-08T01:56:14.765,34.125,can0  206  [16]  AB 0C D6 07 97 0C DA DC EB 07 CB 0C A3 0C 00 00
2025-11-08T01:56:14.765,34.125,can0  204  [16]  72 1F 50 46 50 46 50 46 21 1F 20 4E 30 75 00 00
2025-11-08T01:56:14.765,34.125,can0  041  [04]  02 00 02 00
2025-11-08T01:56:14.765,34.125,can0  204  [16]  72 1F 50 46 50 46 50 46 21 1F 20 4E 30 75 00 00
2025-11-08T01:56:14.765,34.125,can0  204  [16]  72 1F 50 46 50 46 50 46 21 1F 20 4E 30 75 00 00
2025-11-08T01:56:14.765,34.125,can0  206  [16]  AF 0C D3 07 B7 0C DA DC E9 07 AF 0C 9B 0C 00 00
2025-11-08T01:56:14.765,34.126,can0  204  [16]  72 1F 50 46 50 46 50 46 21 1F 20 4E 30 75 00 00
2025-11-08T01:56:14.765,34.126,can0  204  [16]  72 1F 50 46 50 46 50 46 21 1F 20 4E 30 75 00 00
2025-11-08T01:56:14.765,34.126,can0  041  [04]  02 00 02 00
2025-11-08T01:56:14.765,34.126,can0  204  [16]  72 1F 50 46 50 46 50 46 21 1F 20 4E 30 75 00 00
2025-11-08T01:56:14.779,34.139,can0  206  [16]  97 0C E0 07 A7 0C DA DC EB 07 B7 0C AF 0C 00 00
2025-11-08T01:56:14.779,34.139,can0  204  [16]  72 1F 50 46 50 46 50 46 21 1F 20 4E 30 75 00 00
2025-11-08T01:56:14.779,34.139,can0  204  [16]  72 1F 50 46 50 46 50 46 21 1F 20 4E 30 75 00 00
2025-11-08T01:56:14.779,34.139,can0  204  [16]  72 1F 50 46 50 46 50 46 21 1F 20 4E 30 75 00 00
2025-11-08T01:56:14.779,34.139,can0  206  [16]  A3 0C D3 07 A3 0C DA DC EB 07 BF 0C A7 0C 00 00
2025-11-08T01:56:14.779,34.139,can0  204  [16]  72 1F 50 46 50 46 50 46 21 1F 20 4E 30 75 00 00
2025-11-08T01:56:14.779,34.139,can0  041  [04]  02 00 02 00
2025-11-08T01:56:15.486,34.847,can0  204  [16]  72 1F 50 46 50 46 50 46 21 1F 20 4E 30 75 00 00
2025-11-08T01:56:15.486,34.847,can0  206  [16]  AB 0C D6 07 97 0C DA DC ED 07 9F 0C A3 0C 00 00
2025-11-08T01:56:15.486,34.847,can0  204  [16]  72 1F 50 46 50 46 50 46 21 1F 20 4E 30 75 00 00
2025-11-08T01:56:15.486,34.847,can0  204  [16]  72 1F 50 46 50 46 50 46 21 1F 20 4E 30 75 00 00
2025-11-08T01:56:15.486,34.847,can0  204  [16]  72 1F 50 46 50 46 50 46 21 1F 20 4E 30 75 00 00
2025-11-08T01:56:15.486,34.847,can0  041  [04]  3F 01 02 00
2025-11-08T01:56:15.497,34.857,can0  206  [16]  9F 0C D6 07 9B 0C DA DC ED 07 C3 0C AB 0C 00 00
2025-11-08T01:56:15.497,34.858,can0  204  [16]  72 1F 50 46 50 46 50 46 21 1F 20 4E 30 75 00 00
2025-11-08T01:56:15.497,34.858,can0  204  [16]  72 1F 50 46 50 46 50 46 21 1F 20 4E 30 75 00 00
2025-11-08T01:56:15.497,34.858,can0  206  [16]  97 0C D6 07 A3 0C 99 C6 ED 07 BF 0C AB 0C 00 00
2025-11-08T01:56:15.497,34.858,can0  204  [16]  72 1F 50 46 50 46 50 46 21 1F 20 4E 30 75 00 00
2025-11-08T01:56:15.497,34.858,can0  204  [16]  72 1F 50 46 50 46 50 46 21 1F 20 4E 30 75 00 00
2025-11-08T01:56:15.497,34.858,can0  041  [04]  3F 01 02 00
2025-11-08T01:56:15.498,34.858,can0  204  [16]  72 1F 50 46 50 46 50 46 21 1F 20 4E 30 75 00 00
2025-11-08T01:56:15.498,34.858,can0  206  [16]  A3 0C D6 07 A3 0C A0 E2 ED 07 C3 0C A3 0C 00 00
2025-11-08T01:56:15.498,34.859,can0  204  [16]  72 1F 50 46 50 46 50 46 21 1F 20 4E 30 75 00 00
2025-11-08T01:56:15.511,34.872,can0  204  [16]  72 1F 50 46 50 46 50 46 21 1F 20 4E 30 75 00 00
2025-11-08T01:56:15.511,34.872,can0  204  [16]  72 1F 50 46 50 46 50 46 21 1F 20 4E 30 75 00 00
2025-11-08T01:56:16.197,35.558,can0  206  [16]  A7 0C D1 07 9B 0C DA DC EB 07 BF 0C A7 0C 00 00
2025-11-08T01:56:16.198,35.558,can0  041  [04]  02 00 02 00
2025-11-08T01:56:16.198,35.558,can0  204  [16]  72 1F 50 46 50 46 50 46 21 1F 20 4E 30 75 00 00
2025-11-08T01:56:16.198,35.558,can0  204  [16]  72 1F 50 46 50 46 50 46 21 1F 20 4E 30 75 00 00
2025-11-08T01:56:16.198,35.558,can0  204  [16]  72 1F 50 46 50 46 50 46 21 1F 20 4E 30 75 00 00
2025-11-08T01:56:16.208,35.568,can0  206  [16]  9F 0C D3 07 97 0C B1 E0 EB 07 CF 0C AB 0C 00 00
2025-11-08T01:56:16.208,35.568,can0  204  [16]  72 1F 50 46 50 46 50 46 21 1F 20 4E 30 75 00 00
2025-11-08T01:56:16.208,35.568,can0  204  [16]  72 1F 50 46 50 46 50 46 21 1F 20 4E 30 75 00 00
2025-11-08T01:56:16.208,35.568,can0  041  [04]  02 00 02 00
2025-11-08T01:56:16.208,35.568,can0  206  [16]  9B 0C D1 07 6F 0C DA DC F2 07 FC 0C A7 0C 00 00
2025-11-08T01:56:16.208,35.569,can0  204  [16]  72 1F 50 46 50 46 50 46 21 1F 20 4E 30 75 00 00
2025-11-08T01:56:16.208,35.569,can0  204  [16]  72 1F 50 46 50 46 50 46 21 1F 20 4E 30 75 00 00
2025-11-08T01:56:16.208,35.569,can0  204  [16]  72 1F 50 46 50 46 50 46 21 1F 20 4E 30 75 00 00
2025-11-08T01:56:16.208,35.569,can0  206  [16]  A3 0C D6 07 8B 0C 3A DF EB 07 CB 0C AB 0C 00 00
2025-11-08T01:56:16.208,35.569,can0  204  [16]  72 1F 50 46 50 46 50 46 21 1F 20 4E 30 75 00 00
2025-11-08T01:56:16.208,35.569,can0  041  [04]  3F 01 02 00
2025-11-08T01:56:16.218,35.579,can0  204  [16]  72 1F 50 46 50 46 50 46 21 1F 20 4E 30 75 00 00
2025-11-08T01:56:16.218,35.579,can0  204  [16]  72 1F 50 46 50 46 50 46 21 1F 20 4E 30 75 00 00
2025-11-08T01:56:16.218,35.579,can0  206  [16]  93 0C CD 07 9B 0C DA DC E9 07 BF 0C B7 0C 00 00
2025-11-08T01:56:16.858,36.219,can0  204  [16]  72 1F 50 46 50 46 50 46 21 1F 20 4E 30 75 00 00
2025-11-08T01:56:16.858,36.219,can0  204  [16]  72 1F 50 46 50 46 50 46 21 1F 20 4E 30 75 00 00
2025-11-08T01:56:16.858,36.219,can0  206  [16]  BB 0C D3 07 A7 0C DA DC ED 07 C3 0C 87 0C 00 00
2025-11-08T01:56:16.858,36.219,can0  041  [04]  02 00 02 00
2025-11-08T01:56:16.858,36.219,can0  204  [16]  72 1F 50 46 50 46 50 46 21 1F 20 4E 30 75 00 00
2025-11-08T01:56:16.869,36.229,can0  204  [16]  72 1F 50 46 50 46 50 46 21 1F 20 4E 30 75 00 00
2025-11-08T01:56:16.869,36.229,can0  204  [16]  72 1F 50 46 50 46 50 46 21 1F 20 4E 30 75 00 00
2025-11-08T01:56:16.869,36.229,can0  206  [16]  A3 0C D6 07 9F 0C 3A DF E7 07 B7 0C A7 0C 00 00
2025-11-08T01:56:16.869,36.229,can0  204  [16]  72 1F 50 46 50 46 50 46 21 1F 20 4E 30 75 00 00
2025-11-08T01:56:16.869,36.229,can0  204  [16]  72 1F 50 46 50 46 50 46 21 1F 20 4E 30 75 00 00
2025-11-08T01:56:16.869,36.229,can0  041  [04]  02 00 02 00
2025-11-08T01:56:16.869,36.229,can0  204  [16]  72 1F 50 46 50 46 50 46 21 1F 20 4E 30 75 00 00
2025-11-08T01:56:16.869,36.229,can0  206  [16]  A3 0C D6 07 A3 0C DA DC E9 07 BB 0C A3 0C 00 00
2025-11-08T01:56:16.869,36.229,can0  204  [16]  72 1F 50 46 50 46 50 46 21 1F 20 4E 30 75 00 00
2025-11-08T01:56:16.879,36.240,can0  204  [16]  72 1F 50 46 50 46 50 46 21 1F 20 4E 30 75 00 00
2025-11-08T01:56:16.879,36.240,can0  204  [16]  72 1F 50 46 50 46 50 46 21 1F 20 4E 30 75 00 00
2025-11-08T01:56:16.879,36.240,can0  206  [16]  A7 0C D6 07 A3 0C DA DC 03 08 BF 0C 9F 0C 00 00
2025-11-08T01:56:16.879,36.240,can0  041  [04]  E4 00 02 00
2025-11-08T01:56:16.879,36.240,can0  204  [16]  72 1F 50 46 50 46 50 46 21 1F 20 4E 30 75 00 00
2025-11-08T01:56:17.598,36.959,can0  204  [16]  72 1F 50 46 50 46 50 46 21 1F 20 4E 30 75 00 00
2025-11-08T01:56:17.598,36.959,can0  206  [16]  9F 0C D1 07 9F 0C 3A DF EB 07 CB 0C AB 0C 00 00
2025-11-08T01:56:17.598,36.959,can0  204  [16]  72 1F 50 46 50 46 50 46 21 1F 20 4E 30 75 00 00
2025-11-08T01:56:17.598,36.959,can0  204  [16]  72 1F 50 46 50 46 50 46 21 1F 20 4E 30 75 00 00
2025-11-08T01:56:17.599,36.959,can0  041  [04]  B5 00 02 00
2025-11-08T01:56:17.599,36.959,can0  204  [16]  72 1F 50 46 50 46 50 46 21 1F 20 4E 30 75 00 00
2025-11-08T01:56:17.599,36.959,can0  206  [16]  9B 0C D6 07 A3 0C 3A DF E9 07 C3 0C AB 0C 00 00
2025-11-08T01:56:17.599,36.959,can0  204  [16]  72 1F 50 46 50 46 50 46 21 1F 20 4E 30 75 00 00
2025-11-08T01:56:17.599,36.959,can0  204  [16]  72 1F 50 46 50 46 50 46 21 1F 20 4E 30 75 00 00
2025-11-08T01:56:17.609,36.970,can0  206  [16]  A7 0C D1 07 97 0C 99 C6 EB 07 CF 0C A3 0C 00 00
2025-11-08T01:56:17.609,36.970,can0  204  [16]  72 1F 50 46 50 46 50 46 21 1F 20 4E 30 75 00 00
2025-11-08T01:56:17.609,36.970,can0  204  [16]  72 1F 50 46 50 46 50 46 21 1F 20 4E 30 75 00 00
2025-11-08T01:56:17.609,36.970,can0  041  [04]  B5 00 02 00
2025-11-08T01:56:17.609,36.970,can0  204  [16]  72 1F 50 46 50 46 50 46 21 1F 20 4E 30 75 00 00
2025-11-08T01:56:17.610,36.970,can0  206  [16]  AB 0C D6 07 8F 0C 3A DF ED 07 CB 0C A3 0C 00 00
2025-11-08T01:56:17.610,36.970,can0  204  [16]  72 1F 50 46 50 46 50 46 21 1F 20 4E 30 75 00 00
2025-11-08T01:56:17.610,36.970,can0  204  [16]  72 1F 50 46 50 46 50 46 21 1F 20 4E 30 75 00 00
2025-11-08T01:56:18.312,37.673,can0  204  [16]  72 1F 50 46 50 46 50 46 21 1F 20 4E 30 75 00 00
2025-11-08T01:56:18.315,37.676,can0  206  [16]  A7 0C D8 07 9B 0C DA DC EB 07 BF 0C A7 0C 00 00
2025-11-08T01:56:18.328,37.689,can0  041  [04]  E4 00 00 00
2025-11-08T01:56:18.328,37.689,can0  204  [16]  72 1F 50 46 50 46 50 46 21 1F 20 4E 30 75 00 00
2025-11-08T01:56:18.328,37.689,can0  204  [16]  72 1F 50 46 50 46 50 46 21 1F 20 4E 30 75 00 00
2025-11-08T01:56:18.328,37.689,can0  204  [16]  72 1F 50 46 50 46 50 46 21 1F 20 4E 30 75 00 00
2025-11-08T01:56:18.328,37.689,can0  206  [16]  BB 0C D3 07 9B 0C B1 E0 E5 07 BF 0C 97 0C 00 00
2025-11-08T01:56:18.328,37.689,can0  204  [16]  72 1F 50 46 50 46 50 46 21 1F 20 4E 30 75 00 00
2025-11-08T01:56:18.328,37.689,can0  041  [04]  E4 00 02 00
2025-11-08T01:56:18.328,37.689,can0  204  [16]  72 1F 50 46 50 46 50 46 21 1F 20 4E 30 75 00 00
2025-11-08T01:56:18.328,37.689,can0  206  [16]  A7 0C CF 07 97 0C 99 C6 EB 07 C3 0C AB 0C 00 00
2025-11-08T01:56:18.328,37.689,can0  204  [16]  72 1F 50 46 50 46 50 46 21 1F 20 4E 30 75 00 00
2025-11-08T01:56:18.328,37.689,can0  204  [16]  72 1F 50 46 50 46 50 46 21 1F 20 4E 30 75 00 00
2025-11-08T01:56:18.328,37.689,can0  204  [16]  72 1F 50 46 50 46 50 46 21 1F 20 4E 30 75 00 00
2025-11-08T01:56:18.328,37.689,can0  206  [16]  9F 0C D6 07 9B 0C 99 C6 EB 07 BF 0C AB 0C 00 00
2025-11-08T01:56:18.342,37.703,can0  041  [04]  E4 00 00 00
2025-11-08T01:56:18.342,37.703,can0  204  [16]  72 1F 50 46 50 46 50 46 21 1F 20 4E 30 75 00 00
2025-11-08T01:56:18.342,37.703,can0  204  [16]  72 1F 50 46 50 46 50 46 21 1F 20 4E 30 75 00 00
2025-11-08T01:56:18.954,38.315,can0  206  [16]  A3 0C D3 07 A3 0C 3A DF EB 07 BB 0C A7 0C 00 00
2025-11-08T01:56:18.955,38.315,can0  204  [16]  72 1F 50 46 50 46 50 46 21 1F 20 4E 30 75 00 00
2025-11-08T01:56:18.955,38.315,can0  204  [16]  72 1F 50 46 50 46 50 46 21 1F 20 4E 30 75 00 00
2025-11-08T01:56:18.955,38.316,can0  204  [16]  72 1F 50 46 50 46 50 46 21 1F 20 4E 30 75 00 00
2025-11-08T01:56:18.955,38.316,can0  041  [04]  E4 00 02 00
2025-11-08T01:56:18.955,38.316,can0  206  [16]  AF 0C D3 07 9F 0C DA DC EB 07 C7 0C 9B 0C 00 00
2025-11-08T01:56:18.955,38.316,can0  204  [16]  72 1F 50 46 50 46 50 46 21 1F 20 4E 30 75 00 00
2025-11-08T01:56:18.955,38.316,can0  204  [16]  72 1F 50 46 50 46 50 46 21 1F 20 4E 30 75 00 00
2025-11-08T01:56:18.955,38.316,can0  204  [16]  72 1F 50 46 50 46 50 46 21 1F 20 4E 30 75 00 00
2025-11-08T01:56:18.955,38.316,can0  206  [16]  9B 0C D6 07 AB 0C DA DC EB 07 BF 0C A7 0C 00 00
2025-11-08T01:56:18.967,38.327,can0  204  [16]  72 1F 50 46 50 46 50 46 21 1F 20 4E 30 75 00 00
2025-11-08T01:56:18.967,38.328,can0  041  [04]  02 00 00 00
2025-11-08T01:56:18.967,38.328,can0  204  [16]  72 1F 50 46 50 46 50 46 21 1F 20 4E 30 75 00 00
2025-11-08T01:56:18.967,38.328,can0  204  [16]  72 1F 50 46 50 46 50 46 21 1F 20 4E 30 75 00 00
2025-11-08T01:56:18.967,38.328,can0  206  [16]  A7 0C D6 07 AF 0C DA DC EB 07 B7 0C A3 0C 00 00
2025-11-08T01:56:18.967,38.328,can0  204  [16]  72 1F 50 46 50 46 50 46 21 1F 20 4E 30 75 00 00
2025-11-08T01:56:19.706,39.066,can0  204  [16]  72 1F 50 46 50 46 50 46 21 1F 20 4E 30 75 00 00
2025-11-08T01:56:19.706,39.067,can0  206  [16]  97 0C D6 07 A7 0C DA DC ED 07 BF 0C AB 0C 00 00
2025-11-08T01:56:19.718,39.078,can0  204  [16]  72 1F 50 46 50 46 50 46 21 1F 20 4E 30 75 00 00
2025-11-08T01:56:19.718,39.078,can0  041  [04]  02 00 00 00
2025-11-08T01:56:19.718,39.078,can0  204  [16]  72 1F 50 46 50 46 50 46 21 1F 20 4E 30 75 00 00
2025-11-08T01:56:19.718,39.079,can0  204  [16]  72 1F 50 46 50 46 50 46 21 1F 20 4E 30 75 00 00
2025-11-08T01:56:19.718,39.079,can0  206  [16]  A3 0C D3 07 A3 0C 99 C6 E9 07 8F 0C A3 0C 00 00
2025-11-08T01:56:19.718,39.079,can0  204  [16]  72 1F 50 46 50 46 50 46 21 1F 20 4E 30 75 00 00
2025-11-08T01:56:19.718,39.079,can0  204  [16]  72 1F 50 46 50 46 50 46 21 1F 20 4E 30 75 00 00
2025-11-08T01:56:19.718,39.079,can0  041  [04]  02 00 00 00
2025-11-08T01:56:19.718,39.079,can0  206  [16]  9F 0C D3 07 9F 0C DA DC EB 07 BB 0C AB 0C 00 00
2025-11-08T01:56:19.718,39.079,can0  204  [16]  72 1F 50 46 50 46 50 46 21 1F 20 4E 30 75 00 00
2025-11-08T01:56:19.718,39.079,can0  204  [16]  72 1F 50 46 50 46 50 46 21 1F 20 4E 30 75 00 00
2025-11-08T01:56:19.729,39.090,can0  204  [16]  72 1F 50 46 50 46 50 46 21 1F 20 4E 30 75 00 00
2025-11-08T01:56:19.729,39.090,can0  206  [16]  AB 0C D3 07 A7 0C 3A DF EB 07 BF 0C 9B 0C 00 00
2025-11-08T01:56:19.729,39.090,can0  204  [16]  72 1F 50 46 50 46 50 46 21 1F 20 4E 30 75 00 00
2025-11-08T01:56:19.729,39.090,can0  041  [04]  E4 00 02 00
2025-11-08T01:56:19.729,39.090,can0  204  [16]  72 1F 50 46 50 46 50 46 21 1F 20 4E 30 75 00 00
2025-11-08T01:56:19.729,39.090,can0  204  [16]  72 1F 50 46 50 46 50 46 21 1F 20 4E 30 75 00 00
2025-11-08T01:56:19.729,39.090,can0  206  [16]  A7 0C D6 07 9F 0C 3A DF ED 07 BB 0C A3 0C 00 00
2025-11-08T01:56:19.729,39.090,can0  204  [16]  72 1F 50 46 50 46 50 46 21 1F 20 4E 30 75 00 00
2025-11-08T01:56:20.471,39.832,can0  204  [16]  72 1F 50 46 50 46 50 46 21 1F 20 4E 30 75 00 00
2025-11-08T01:56:20.472,39.832,can0  041  [04]  3F 01 02 00
2025-11-08T01:56:20.472,39.832,can0  204  [16]  72 1F 50 46 50 46 50 46 21 1F 20 4E 30 75 00 00
2025-11-08T01:56:20.473,39.833,can0  206  [16]  A7 0C D3 07 9B 0C B1 E0 E9 07 C7 0C A7 0C 00 00
2025-11-08T01:56:20.473,39.833,can0  204  [16]  72 1F 50 46 50 46 50 46 21 1F 20 4E 30 75 00 00
2025-11-08T01:56:20.473,39.833,can0  204  [16]  72 1F 50 46 50 46 50 46 21 1F 20 4E 30 75 00 00
2025-11-08T01:56:20.483,39.844,can0  206  [16]  AB 0C D6 07 9B 0C DA DC E5 07 C7 0C A3 0C 00 00
2025-11-08T01:56:20.483,39.844,can0  204  [16]  72 1F 50 46 50 46 50 46 21 1F 20 4E 30 75 00 00
2025-11-08T01:56:20.483,39.844,can0  204  [16]  72 1F 50 46 50 46 50 46 21 1F 20 4E 30 75 00 00
2025-11-08T01:56:20.483,39.844,can0  041  [04]  E4 00 02 00
2025-11-08T01:56:20.483,39.844,can0  204  [16]  72 1F 50 46 50 46 50 46 21 1F 20 4E 30 75 00 00
2025-11-08T01:56:20.483,39.844,can0  206  [16]  AB 0C D8 07 97 0C 99 C6 E9 07 9B 0C A3 0C 00 00
2025-11-08T01:56:20.483,39.844,can0  204  [16]  72 1F 50 46 50 46 50 46 21 1F 20 4E 30 75 00 00
2025-11-08T01:56:20.483,39.844,can0  204  [16]  72 1F 50 46 50 46 50 46 21 1F 20 4E 30 75 00 00
2025-11-08T01:56:20.483,39.844,can0  206  [16]  AB 0C D3 07 9F 0C 3A DF E7 07 C3 0C 9F 0C 00 00
2025-11-08T01:56:20.483,39.844,can0  204  [16]  72 1F 50 46 50 46 50 46 21 1F 20 4E 30 75 00 00
2025-11-08T01:56:20.483,39.844,can0  041  [04]  3F 01 02 00
2025-11-08T01:56:20.483,39.844,can0  204  [16]  72 1F 50 46 50 46 50 46 21 1F 20 4E 30 75 00 00
2025-11-08T01:56:20.483,39.844,can0  204  [16]  72 1F 50 46 50 46 50 46 21 1F 20 4E 30 75 00 00
2025-11-08T01:56:21.231,40.591,can0  206  [16]  9B 0C D6 07 9B 0C 3A DF E9 07 C3 0C AF 0C 00 00
2025-11-08T01:56:21.241,40.602,can0  204  [16]  72 1F 50 46 50 46 50 46 21 1F 20 4E 30 75 00 00
2025-11-08T01:56:21.242,40.602,can0  204  [16]  72 1F 50 46 50 46 50 46 21 1F 20 4E 30 75 00 00
2025-11-08T01:56:21.242,40.602,can0  041  [04]  3F 01 02 00
2025-11-08T01:56:21.242,40.602,can0  204  [16]  72 1F 50 46 50 46 50 46 21 1F 20 4E 30 75 00 00
2025-11-08T01:56:21.242,40.602,can0  206  [16]  9F 0C D3 07 9F 0C 3A DF EB 07 BF 0C AB 0C 00 00
2025-11-08T01:56:21.242,40.602,can0  204  [16]  72 1F 50 46 50 46 50 46 21 1F 20 4E 30 75 00 00
2025-11-08T01:56:21.242,40.603,can0  204  [16]  72 1F 50 46 50 46 50 46 21 1F 20 4E 30 75 00 00
2025-11-08T01:56:21.242,40.603,can0  204  [16]  72 1F 50 46 50 46 50 46 21 1F 20 4E 30 75 00 00
2025-11-08T01:56:21.242,40.603,can0  206  [16]  A3 0C D6 07 9F 0C DA DC EB 07 BB 0C A7 0C 00 00
2025-11-08T01:56:21.242,40.603,can0  204  [16]  72 1F 50 46 50 46 50 46 21 1F 20 4E 30 75 00 00
2025-11-08T01:56:21.242,40.603,can0  041  [04]  02 00 00 00
2025-11-08T01:56:21.242,40.603,can0  204  [16]  72 1F 50 46 50 46 50 46 21 1F 20 4E 30 75 00 00
2025-11-08T01:56:21.242,40.603,can0  206  [16]  A3 0C D8 07 9B 0C DA DC EB 07 C3 0C A7 0C 00 00
2025-11-08T01:56:21.254,40.615,can0  204  [16]  72 1F 50 46 50 46 50 46 21 1F 20 4E 30 75 00 00
2025-11-08T01:56:21.254,40.615,can0  204  [16]  72 1F 50 46 50 46 50 46 21 1F 20 4E 30 75 00 00
2025-11-08T01:56:22.011,41.371,can0  204  [16]  72 1F 50 46 50 46 50 46 21 1F 20 4E 30 75 00 00
2025-11-08T01:56:22.011,41.371,can0  206  [16]  A7 0C D6 07 A3 0C DA DC EB 07 C7 0C 9B 0C 00 00
2025-11-08T01:56:22.011,41.371,can0  041  [04]  3F 01 00 00
2025-11-08T01:56:22.011,41.372,can0  204  [16]  72 1F 50 46 50 46 50 46 21 1F 20 4E 30 75 00 00
2025-11-08T01:56:22.011,41.372,can0  204  [16]  72 1F 50 46 50 46 50 46 21 1F 20 4E 30 75 00 00
2025-11-08T01:56:22.011,41.372,can0  206  [16]  9B 0C D6 07 A7 0C 3A DF EF 07 C3 0C A7 0C 00 00
2025-11-08T01:56:22.011,41.372,can0  204  [16]  72 1F 50 46 50 46 50 46 21 1F 20 4E 30 75 00 00
2025-11-08T01:56:22.011,41.372,can0  204  [16]  72 1F 50 46 50 46 50 46 21 1F 20 4E 30 75 00 00
2025-11-08T01:56:22.011,41.372,can0  041  [04]  8B 00 00 00
2025-11-08T01:56:22.011,41.372,can0  204  [16]  72 1F 50 46 50 46 50 46 21 1F 20 4E 30 75 00 00
2025-11-08T01:56:22.011,41.372,can0  206  [16]  9F 0C D6 07 9B 0C DA DC EB 07 C3 0C AB 0C 00 00
2025-11-08T01:56:22.011,41.372,can0  204  [16]  72 1F 50 46 50 46 50 46 21 1F 20 4E 30 75 00 00
2025-11-08T01:56:22.022,41.383,can0  204  [16]  72 1F 50 46 50 46 50 46 21 1F 20 4E 30 75 00 00
2025-11-08T01:56:22.022,41.383,can0  204  [16]  72 1F 50 46 50 46 50 46 21 1F 20 4E 30 75 00 00
2025-11-08T01:56:22.022,41.383,can0  206  [16]  A3 0C D3 07 9B 0C 3A DF ED 07 C7 0C AB 0C 00 00
2025-11-08T01:56:22.022,41.383,can0  204  [16]  72 1F 50 46 50 46 50 46 21 1F 20 4E 30 75 00 00
2025-11-08T01:56:22.022,41.383,can0  041  [04]  8B 00 00 00
2025-11-08T01:56:22.022,41.383,can0  204  [16]  72 1F 50 46 50 46 50 46 21 1F 20 4E 30 75 00 00
2025-11-08T01:56:22.022,41.383,can0  204  [16]  72 1F 50 46 50 46 50 46 21 1F 20 4E 30 75 00 00
2025-11-08T01:56:22.022,41.383,can0  206  [16]  A3 0C D3 07 9B 0C DA DC ED 07 C3 0C AB 0C 00 00
2025-11-08T01:56:22.022,41.383,can0  204  [16]  72 1F 50 46 50 46 50 46 21 1F 20 4E 30 75 00 00
2025-11-08T01:56:22.022,41.383,can0  204  [16]  72 1F 50 46 50 46 50 46 21 1F 20 4E 30 75 00 00
2025-11-08T01:56:22.022,41.383,can0  041  [04]  8B 00 02 00
2025-11-08T01:56:22.022,41.383,can0  204  [16]  72 1F 50 46 50 46 50 46 21 1F 20 4E 30 75 00 00
2025-11-08T01:56:22.022,41.383,can0  206  [16]  D7 0C D1 07 97 0C 3A DF ED 07 CF 0C 77 0C 00 00
2025-11-08T01:56:22.883,42.244,can0  204  [16]  72 1F 50 46 50 46 50 46 21 1F 20 4E 30 75 00 00
2025-11-08T01:56:22.883,42.244,can0  204  [16]  72 1F 50 46 50 46 50 46 21 1F 20 4E 30 75 00 00
2025-11-08T01:56:22.883,42.244,can0  206  [16]  9F 0C D3 07 9B 0C DA DC DC 07 BF 0C AB 0C 00 00
2025-11-08T01:56:22.894,42.254,can0  204  [16]  72 1F 50 46 50 46 50 46 21 1F 20 4E 30 75 00 00
2025-11-08T01:56:22.894,42.254,can0  041  [04]  8B 00 02 00
2025-11-08T01:56:22.894,42.254,can0  204  [16]  72 1F 50 46 50 46 50 46 21 1F 20 4E 30 75 00 00
2025-11-08T01:56:22.894,42.254,can0  204  [16]  72 1F 50 46 50 46 50 46 21 1F 20 4E 30 75 00 00
2025-11-08T01:56:22.894,42.254,can0  206  [16]  A3 0C D6 07 9F 0C DA DC E7 07 C3 0C A7 0C 00 00
2025-11-08T01:56:22.904,42.265,can0  204  [16]  72 1F 50 46 50 46 50 46 21 1F 20 4E 30 75 00 00
2025-11-08T01:56:22.904,42.265,can0  204  [16]  72 1F 50 46 50 46 50 46 21 1F 20 4E 30 75 00 00
2025-11-08T01:56:22.904,42.265,can0  206  [16]  A3 0C D3 07 A3 0C 99 C6 E9 07 BB 0C A7 0C 00 00
2025-11-08T01:56:22.904,42.265,can0  041  [04]  9F 00 02 00
2025-11-08T01:56:22.904,42.265,can0  204  [16]  72 1F 50 46 50 46 50 46 21 1F 20 4E 30 75 00 00
2025-11-08T01:56:22.904,42.265,can0  204  [16]  72 1F 50 46 50 46 50 46 21 1F 20 4E 30 75 00 00
2025-11-08T01:56:22.904,42.265,can0  204  [16]  72 1F 50 46 50 46 50 46 21 1F 20 4E 30 75 00 00
2025-11-08T01:56:22.915,42.275,can0  206  [16]  A3 0C D6 07 9B 0C DA DC E9 07 C7 0C A7 0C 00 00
2025-11-08T01:56:22.915,42.275,can0  204  [16]  72 1F 50 46 50 46 50 46 21 1F 20 4E 30 75 00 00
2025-11-08T01:56:22.915,42.275,can0  204  [16]  72 1F 50 46 50 46 50 46 21 1F 20 4E 30 75 00 00
2025-11-08T01:56:22.915,42.275,can0  041  [04]  B5 00 02 00
2025-11-08T01:56:22.915,42.275,can0  204  [16]  72 1F 50 46 50 46 50 46 21 1F 20 4E 30 75 00 00
2025-11-08T01:56:22.915,42.275,can0  206  [16]  A7 0C CD 07 9B 0C 99 C6 E9 07 BF 0C A3 0C 00 00
2025-11-08T01:56:22.915,42.275,can0  204  [16]  72 1F 50 46 50 46 50 46 21 1F 20 4E 30 75 00 00
2025-11-08T01:56:22.925,42.285,can0  204  [16]  72 1F 50 46 50 46 50 46 21 1F 20 4E 30 75 00 00
2025-11-08T01:56:23.886,43.247,can0  204  [16]  72 1F 50 46 50 46 50 46 21 1F 20 4E 30 75 00 00
2025-11-08T01:56:23.887,43.247,can0  206  [16]  9F 0C D6 07 9B 0C DA DC EF 07 CB 0C AB 0C 00 00
2025-11-08T01:56:23.887,43.247,can0  041  [04]  B5 00 02 00
2025-11-08T01:56:23.887,43.248,can0  204  [16]  72 1F 50 46 50 46 50 46 21 1F 20 4E 30 75 00 00
2025-11-08T01:56:23.887,43.248,can0  204  [16]  72 1F 50 46 50 46 50 46 21 1F 20 4E 30 75 00 00
2025-11-08T01:56:23.887,43.248,can0  206  [16]  9B 0C D1 07 83 0C B1 E0 03 08 E8 0C AB 0C 00 00
2025-11-08T01:56:23.887,43.248,can0  204  [16]  72 1F 50 46 50 46 50 46 21 1F 20 4E 30 75 00 00
2025-11-08T01:56:23.887,43.248,can0  204  [16]  72 1F 50 46 50 46 50 46 21 1F 20 4E 30 75 00 00
2025-11-08T01:56:23.899,43.260,can0  041  [04]  E4 00 02 00
2025-11-08T01:56:23.899,43.260,can0  204  [16]  72 1F 50 46 50 46 50 46 21 1F 20 4E 30 75 00 00
2025-11-08T01:56:23.899,43.260,can0  206  [16]  A3 0C D6 07 9F 0C DA DC EB 07 C3 0C A7 0C 00 00
2025-11-08T01:56:23.899,43.260,can0  204  [16]  72 1F 50 46 50 46 50 46 21 1F 20 4E 30 75 00 00
2025-11-08T01:56:23.899,43.260,can0  204  [16]  72 1F 50 46 50 46 50 46 21 1F 20 4E 30 75 00 00
2025-11-08T01:56:23.911,43.272,can0  206  [16]  AB 0C D3 07 9B 0C 3A DF EB 07 BF 0C 9F 0C 00 00
2025-11-08T01:56:23.911,43.272,can0  204  [16]  72 1F 50 46 50 46 50 46 21 1F 20 4E 30 75 00 00
2025-11-08T01:56:23.911,43.272,can0  204  [16]  72 1F 50 46 50 46 50 46 21 1F 20 4E 30 75 00 00
2025-11-08T01:56:23.911,43.272,can0  041  [04]  3F 01 02 00
2025-11-08T01:56:23.922,43.283,can0  204  [16]  72 1F 50 46 50 46 50 46 21 1F 20 4E 30 75 00 00
2025-11-08T01:56:23.922,43.283,can0  206  [16]  9F 0C D8 07 A3 0C 99 C6 EB 07 D3 0C A7 0C 00 00
2025-11-08T01:56:23.923,43.283,can0  204  [16]  72 1F 50 46 50 46 50 46 21 1F 20 4E 30 75 00 00
2025-11-08T01:56:23.923,43.283,can0  204  [16]  72 1F 50 46 50 46 50 46 21 1F 20 4E 30 75 00 00
2025-11-08T01:56:23.933,43.293,can0  204  [16]  72 1F 50 46 50 46 50 46 21 1F 20 4E 30 75 00 00
2025-11-08T01:56:23.943,43.303,can0  206  [16]  9F 0C D8 07 97 0C DA DC DA 07 BB 0C AB 0C 00 00
2025-11-08T01:56:23.943,43.304,can0  041  [04]  B5 00 02 00
2025-11-08T01:56:23.953,43.314,can0  204  [16]  72 1F 50 46 50 46 50 46 21 1F 20 4E 30 75 00 00
2025-11-08T01:56:23.953,43.314,can0  204  [16]  72 1F 50 46 50 46 50 46 21 1F 20 4E 30 75 00 00
2025-11-08T01:56:23.974,43.334,can0  204  [16]  72 1F 50 46 50 46 50 46 21 1F 20 4E 30 75 00 00
2025-11-08T01:56:24.721,44.081,can0  206  [16]  9B 0C D1 07 A3 0C 99 C6 ED 07 C3 0C AB 0C 00 00
2025-11-08T01:56:24.721,44.082,can0  204  [16]  72 1F 50 46 50 46 50 46 21 1F 20 4E 30 75 00 00
2025-11-08T01:56:24.721,44.082,can0  041  [04]  9F 00 02 00
2025-11-08T01:56:24.731,44.092,can0  204  [16]  72 1F 50 46 50 46 50 46 21 1F 20 4E 30 75 00 00
2025-11-08T01:56:24.731,44.092,can0  206  [16]  AF 0C D3 07 8F 0C DA DC EB 07 BF 0C AB 0C 00 00
2025-11-08T01:56:24.732,44.092,can0  204  [16]  72 1F 50 46 50 46 50 46 21 1F 20 4E 30 75 00 00
2025-11-08T01:56:24.742,44.102,can0  204  [16]  72 1F 50 46 50 46 50 46 21 1F 20 4E 30 75 00 00
2025-11-08T01:56:24.742,44.102,can0  204  [16]  72 1F 50 46 50 46 50 46 21 1F 20 4E 30 75 00 00
2025-11-08T01:56:24.742,44.102,can0  206  [16]  A3 0C D6 07 A7 0C DA DC EB 07 C3 0C 9F 0C 00 00
2025-11-08T01:56:24.752,44.112,can0  204  [16]  72 1F 50 46 50 46 50 46 21 1F 20 4E 30 75 00 00
2025-11-08T01:56:24.752,44.113,can0  041  [04]  8B 00 02 00
2025-11-08T01:56:24.752,44.113,can0  204  [16]  72 1F 50 46 50 46 50 46 21 1F 20 4E 30 75 00 00
2025-11-08T01:56:24.752,44.113,can0  206  [16]  A7 0C D6 07 A7 0C DA DC ED 07 BB 0C 9F 0C 00 00
2025-11-08T01:56:24.763,44.123,can0  204  [16]  72 1F 50 46 50 46 50 46 21 1F 20 4E 30 75 00 00
2025-11-08T01:56:24.763,44.123,can0  204  [16]  72 1F 50 46 50 46 50 46 21 1F 20 4E 30 75 00 00
2025-11-08T01:56:24.763,44.123,can0  204  [16]  72 1F 50 46 50 46 50 46 21 1F 20 4E 30 75 00 00
2025-11-08T01:56:24.763,44.123,can0  041  [04]  8B 00 02 00
2025-11-08T01:56:24.763,44.123,can0  206  [16]  9F 0C D6 07 9B 0C 99 C6 ED 07 C3 0C AB 0C 00 00
2025-11-08T01:56:24.773,44.134,can0  204  [16]  72 1F 50 46 50 46 50 46 21 1F 20 4E 30 75 00 00
2025-11-08T01:56:24.773,44.134,can0  204  [16]  72 1F 50 46 50 46 50 46 21 1F 20 4E 30 75 00 00
2025-11-08T01:56:24.773,44.134,can0  204  [16]  72 1F 50 46 50 46 50 46 21 1F 20 4E 30 75 00 00
2025-11-08T01:56:25.517,44.878,can0  206  [16]  A3 0C D6 07 9F 0C 99 C6 EB 07 C3 0C A3 0C 00 00
2025-11-08T01:56:25.517,44.878,can0  204  [16]  72 1F 50 46 50 46 50 46 21 1F 20 4E 30 75 00 00
2025-11-08T01:56:25.517,44.878,can0  041  [04]  2F 00 02 00
2025-11-08T01:56:25.517,44.878,can0  204  [16]  72 1F 50 46 50 46 50 46 21 1F 20 4E 30 75 00 00
2025-11-08T01:56:25.528,44.888,can0  204  [16]  72 1F 50 46 50 46 50 46 21 1F 20 4E 30 75 00 00
2025-11-08T01:56:25.528,44.888,can0  206  [16]  A3 0C C9 07 9B 0C DA DC EF 07 C3 0C AB 0C 00 00
2025-11-08T01:56:25.528,44.888,can0  204  [16]  72 1F 50 46 50 46 50 46 21 1F 20 4E 30 75 00 00
2025-11-08T01:56:25.528,44.888,can0  204  [16]  72 1F 50 46 50 46 50 46 21 1F 20 4E 30 75 00 00
2025-11-08T01:56:25.528,44.889,can0  206  [16]  9B 0C CF 07 93 0C 3A DF EB 07 DB 0C AB 0C 00 00
2025-11-08T01:56:25.528,44.889,can0  041  [04]  B5 00 02 00
2025-11-08T01:56:25.528,44.889,can0  204  [16]  72 1F 50 46 50 46 50 46 21 1F 20 4E 30 75 00 00
2025-11-08T01:56:25.528,44.889,can0  204  [16]  72 1F 50 46 50 46 50 46 21 1F 20 4E 30 75 00 00
2025-11-08T01:56:25.528,44.889,can0  204  [16]  72 1F 50 46 50 46 50 46 21 1F 20 4E 30 75 00 00
2025-11-08T01:56:25.528,44.889,can0  206  [16]  A3 0C D6 07 9F 0C 99 C6 ED 07 C7 0C A7 0C 00 00
2025-11-08T01:56:25.528,44.889,can0  204  [16]  72 1F 50 46 50 46 50 46 21 1F 20 4E 30 75 00 00
2025-11-08T01:56:25.539,44.900,can0  204  [16]  72 1F 50 46 50 46 50 46 21 1F 20 4E 30 75 00 00
2025-11-08T01:56:25.539,44.900,can0  041  [04]  B5 00 02 00
2025-11-08T01:56:25.539,44.900,can0  206  [16]  9F 0C D3 07 9B 0C B1 E0 EB 07 C7 0C AB 0C 00 00
2025-11-08T01:56:25.539,44.900,can0  204  [16]  72 1F 50 46 50 46 50 46 21 1F 20 4E 30 75 00 00
2025-11-08T01:56:25.539,44.900,can0  204  [16]  72 1F 50 46 50 46 50 46 21 1F 20 4E 30 75 00 00
2025-11-08T01:56:26.165,45.526,can0  204  [16]  72 1F 50 46 50 46 50 46 21 1F 20 4E 30 75 00 00
2025-11-08T01:56:26.165,45.526,can0  206  [16]  97 0C D3 07 A3 0C 3A DF E9 07 D7 0C AB 0C 00 00
2025-11-08T01:56:26.165,45.526,can0  204  [16]  72 1F 50 46 50 46 50 46 21 1F 20 4E 30 75 00 00
2025-11-08T01:56:26.165,45.526,can0  041  [04]  B5 00 00 00
2025-11-08T01:56:26.165,45.526,can0  204  [16]  72 1F 50 46 50 46 50 46 21 1F 20 4E 30 75 00 00
2025-11-08T01:56:26.165,45.526,can0  204  [16]  72 1F 50 46 50 46 50 46 21 1F 20 4E 30 75 00 00
2025-11-08T01:56:26.165,45.526,can0  206  [16]  A3 0C D3 07 9F 0C B1 E0 EB 07 CF 0C A3 0C 00 00
2025-11-08T01:56:26.165,45.526,can0  204  [16]  72 1F 50 46 50 46 50 46 21 1F 20 4E 30 75 00 00
2025-11-08T01:56:26.165,45.526,can0  204  [16]  72 1F 50 46 50 46 50 46 21 1F 20 4E 30 75 00 00
2025-11-08T01:56:26.165,45.526,can0  206  [16]  A7 0C D8 07 9B 0C 99 C6 E9 07 BF 0C A7 0C 00 00
2025-11-08T01:56:26.166,45.526,can0  204  [16]  72 1F 50 46 50 46 50 46 21 1F 20 4E 30 75 00 00
2025-11-08T01:56:26.176,45.536,can0  041  [04]  8B 00 00 00
2025-11-08T01:56:26.176,45.536,can0  204  [16]  72 1F 50 46 50 46 50 46 21 1F 20 4E 30 75 00 00
2025-11-08T01:56:26.176,45.536,can0  204  [16]  72 1F 50 46 50 46 50 46 21 1F 20 4E 30 75 00 00
2025-11-08T01:56:26.176,45.536,can0  206  [16]  9F 0C D3 07 A3 0C DA DC E9 07 BF 0C AB 0C 00 00
2025-11-08T01:56:26.176,45.536,can0  204  [16]  72 1F 50 46 50 46 50 46 21 1F 20 4E 30 75 00 00
2025-11-08T01:56:26.696,46.057,can0  204  [16]  72 1F 50 46 50 46 50 46 21 1F 20 4E 30 75 00 00
2025-11-08T01:56:26.696,46.057,can0  041  [04]  8B 00 00 00
2025-11-08T01:56:26.696,46.057,can0  204  [16]  72 1F 50 46 50 46 50 46 21 1F 20 4E 30 75 00 00
2025-11-08T01:56:26.696,46.057,can0  206  [16]  A7 0C D6 07 9B 0C B1 E0 EB 07 BF 0C A3 0C 00 00
2025-11-08T01:56:26.696,46.057,can0  204  [16]  72 1F 50 46 50 46 50 46 21 1F 20 4E 30 75 00 00
2025-11-08T01:56:26.696,46.057,can0  204  [16]  72 1F 50 46 50 46 50 46 21 1F 20 4E 30 75 00 00
2025-11-08T01:56:26.696,46.057,can0  206  [16]  A3 0C D6 07 97 0C 3A DF ED 07 C3 0C A7 0C 00 00
2025-11-08T01:56:26.696,46.057,can0  204  [16]  72 1F 50 46 50 46 50 46 21 1F 20 4E 30 75 00 00
2025-11-08T01:56:26.696,46.057,can0  041  [04]  8B 00 00 00
2025-11-08T01:56:26.696,46.057,can0  204  [16]  72 1F 50 46 50 46 50 46 21 1F 20 4E 30 75 00 00
2025-11-08T01:56:26.707,46.068,can0  204  [16]  72 1F 50 46 50 46 50 46 21 1F 20 4E 30 75 00 00
2025-11-08T01:56:26.707,46.068,can0  206  [16]  9F 0C D6 07 A3 0C 99 C6 EF 07 C3 0C AB 0C 00 00
2025-11-08T01:56:26.707,46.068,can0  204  [16]  72 1F 50 46 50 46 50 46 21 1F 20 4E 30 75 00 00
2025-11-08T01:56:27.288,46.648,can0  204  [16]  72 1F 50 46 50 46 50 46 21 1F 20 4E 30 75 00 00
2025-11-08T01:56:27.288,46.649,can0  204  [16]  72 1F 50 46 50 46 50 46 21 1F 20 4E 30 75 00 00
2025-11-08T01:56:27.288,46.649,can0  041  [04]  5E 00 00 00
2025-11-08T01:56:27.299,46.659,can0  206  [16]  A7 0C D6 07 93 0C 99 C6 EB 07 CF 0C A3 0C 00 00
2025-11-08T01:56:27.299,46.660,can0  204  [16]  72 1F 50 46 50 46 50 46 21 1F 20 4E 30 75 00 00
2025-11-08T01:56:27.299,46.660,can0  204  [16]  72 1F 50 46 50 46 50 46 21 1F 20 4E 30 75 00 00
2025-11-08T01:56:27.299,46.660,can0  206  [16]  AB 0C D3 07 9B 0C 99 C6 EB 07 C7 0C 9F 0C 00 00
2025-11-08T01:56:27.299,46.660,can0  204  [16]  72 1F 50 46 50 46 50 46 21 1F 20 4E 30 75 00 00
2025-11-08T01:56:27.299,46.660,can0  204  [16]  72 1F 50 46 50 46 50 46 21 1F 20 4E 30 75 00 00
2025-11-08T01:56:27.299,46.660,can0  041  [04]  8B 00 00 00
2025-11-08T01:56:27.299,46.660,can0  204  [16]  72 1F 50 46 50 46 50 46 21 1F 20 4E 30 75 00 00
2025-11-08T01:56:27.299,46.660,can0  206  [16]  A7 0C D1 07 9F 0C DA DC ED 07 B3 0C A3 0C 00 00
2025-11-08T01:56:27.299,46.660,can0  204  [16]  72 1F 50 46 50 46 50 46 21 1F 20 4E 30 75 00 00
2025-11-08T01:56:27.299,46.660,can0  204  [16]  72 1F 50 46 50 46 50 46 21 1F 20 4E 30 75 00 00
2025-11-08T01:56:27.888,47.248,can0  206  [16]  9F 0C E0 07 A3 0C DA DC E7 07 BF 0C A7 0C 00 00
2025-11-08T01:56:27.888,47.249,can0  204  [16]  72 1F 50 46 50 46 50 46 21 1F 20 4E 30 75 00 00
2025-11-08T01:56:27.888,47.249,can0  041  [04]  2F 00 00 00
2025-11-08T01:56:27.899,47.260,can0  204  [16]  72 1F 50 46 50 46 50 46 21 1F 20 4E 30 75 00 00
2025-11-08T01:56:27.899,47.260,can0  204  [16]  72 1F 50 46 50 46 50 46 21 1F 20 4E 30 75 00 00
2025-11-08T01:56:27.899,47.260,can0  206  [16]  9B 0C DA 07 A3 0C B1 E0 ED 07 BF 0C A7 0C 00 00
2025-11-08T01:56:27.899,47.260,can0  204  [16]  72 1F 50 46 50 46 50 46 21 1F 20 4E 30 75 00 00
2025-11-08T01:56:27.899,47.260,can0  204  [16]  72 1F 50 46 50 46 50 46 21 1F 20 4E 30 75 00 00
2025-11-08T01:56:27.899,47.260,can0  041  [04]  5E 00 02 00
2025-11-08T01:56:27.899,47.260,can0  204  [16]  72 1F 50 46 50 46 50 46 21 1F 20 4E 30 75 00 00
2025-11-08T01:56:27.899,47.260,can0  206  [16]  97 0C D1 07 A3 0C 99 C6 ED 07 C7 0C AB 0C 00 00
2025-11-08T01:56:27.900,47.261,can0  204  [16]  72 1F 50 46 50 46 50 46 21 1F 20 4E 30 75 00 00
2025-11-08T01:56:27.901,47.261,can0  204  [16]  72 1F 50 46 50 46 50 46 21 1F 20 4E 30 75 00 00
2025-11-08T01:56:27.901,47.261,can0  204  [16]  72 1F 50 46 50 46 50 46 21 1F 20 4E 30 75 00 00
2025-11-08T01:56:27.901,47.261,can0  206  [16]  A7 0C D6 07 9F 0C DA DC E9 07 B7 0C A7 0C 00 00
2025-11-08T01:56:27.901,47.261,can0  204  [16]  72 1F 50 46 50 46 50 46 21 1F 20 4E 30 75 00 00
2025-11-08T01:56:27.901,47.261,can0  041  [04]  B5 00 02 00
2025-11-08T01:56:27.911,47.271,can0  204  [16]  72 1F 50 46 50 46 50 46 21 1F 20 4E 30 75 00 00
2025-11-08T01:56:28.480,47.841,can0  204  [16]  72 1F 50 46 50 46 50 46 21 1F 20 4E 30 75 00 00
2025-11-08T01:56:28.487,47.847,can0  206  [16]  A7 0C D3 07 9B 0C 99 C6 EB 07 C3 0C A7 0C 00 00
2025-11-08T01:56:28.498,47.858,can0  204  [16]  72 1F 50 46 50 46 50 46 21 1F 20 4E 30 75 00 00
2025-11-08T01:56:28.498,47.858,can0  204  [16]  72 1F 50 46 50 46 50 46 21 1F 20 4E 30 75 00 00
2025-11-08T01:56:28.498,47.858,can0  041  [04]  B5 00 02 00
2025-11-08T01:56:28.498,47.858,can0  206  [16]  A7 0C D3 07 97 0C DA DC EB 07 C7 0C A7 0C 00 00
2025-11-08T01:56:28.498,47.858,can0  204  [16]  72 1F 50 46 50 46 50 46 21 1F 20 4E 30 75 00 00
2025-11-08T01:56:28.498,47.859,can0  204  [16]  72 1F 50 46 50 46 50 46 21 1F 20 4E 30 75 00 00
2025-11-08T01:56:28.498,47.859,can0  204  [16]  72 1F 50 46 50 46 50 46 21 1F 20 4E 30 75 00 00
2025-11-08T01:56:28.498,47.859,can0  206  [16]  9F 0C D6 07 9F 0C DA DC ED 07 BF 0C AB 0C 00 00
2025-11-08T01:56:28.498,47.859,can0  204  [16]  72 1F 50 46 50 46 50 46 21 1F 20 4E 30 75 00 00
2025-11-08T01:56:28.498,47.859,can0  041  [04]  B5 00 02 00
2025-11-08T01:56:28.509,47.869,can0  204  [16]  72 1F 50 46 50 46 50 46 21 1F 20 4E 30 75 00 00
2025-11-08T01:56:28.510,47.871,can0  206  [16]  A3 0C D6 07 9B 0C 99 C6 EB 07 C3 0C AB 0C 00 00
2025-11-08T01:56:28.510,47.871,can0  204  [16]  72 1F 50 46 50 46 50 46 21 1F 20 4E 30 75 00 00
2025-11-08T01:56:29.172,48.533,can0  204  [16]  72 1F 50 46 50 46 50 46 21 1F 20 4E 30 75 00 00
2025-11-08T01:56:29.172,48.533,can0  204  [16]  72 1F 50 46 50 46 50 46 21 1F 20 4E 30 75 00 00
2025-11-08T01:56:29.172,48.533,can0  206  [16]  9F 0C D3 07 A3 0C DA DC ED 07 B7 0C AB 0C 00 00
2025-11-08T01:56:29.172,48.533,can0  204  [16]  72 1F 50 46 50 46 50 46 21 1F 20 4E 30 75 00 00
2025-11-08T01:56:29.172,48.533,can0  041  [04]  B5 00 02 00
2025-11-08T01:56:29.183,48.544,can0  204  [16]  72 1F 50 46 50 46 50 46 21 1F 20 4E 30 75 00 00
2025-11-08T01:56:29.183,48.544,can0  204  [16]  72 1F 50 46 50 46 50 46 21 1F 20 4E 30 75 00 00
2025-11-08T01:56:29.183,48.544,can0  206  [16]  9B 0C D6 07 9F 0C 99 C6 ED 07 C3 0C AF 0C 00 00
2025-11-08T01:56:29.183,48.544,can0  204  [16]  72 1F 50 46 50 46 50 46 21 1F 20 4E 30 75 00 00
2025-11-08T01:56:29.183,48.544,can0  204  [16]  72 1F 50 46 50 46 50 46 21 1F 20 4E 30 75 00 00
2025-11-08T01:56:29.183,48.544,can0  041  [04]  B5 00 02 00
2025-11-08T01:56:29.183,48.544,can0  204  [16]  72 1F 50 46 50 46 50 46 21 1F 20 4E 30 75 00 00
2025-11-08T01:56:29.183,48.544,can0  206  [16]  A3 0C D6 07 9B 0C 3A DF E5 07 BF 0C AB 0C 00 00
2025-11-08T01:56:29.193,48.554,can0  204  [16]  72 1F 50 46 50 46 50 46 21 1F 20 4E 30 75 00 00
2025-11-08T01:56:29.194,48.554,can0  204  [16]  72 1F 50 46 50 46 50 46 21 1F 20 4E 30 75 00 00
2025-11-08T01:56:29.194,48.554,can0  206  [16]  B3 0C D6 07 A7 0C 99 C6 E9 07 A7 0C A7 0C 00 00
2025-11-08T01:56:29.194,48.554,can0  204  [16]  72 1F 50 46 50 46 50 46 21 1F 20 4E 30 75 00 00
2025-11-08T01:56:29.194,48.554,can0  041  [04]  8B 00 02 00
2025-11-08T01:56:29.194,48.554,can0  204  [16]  72 1F 50 46 50 46 50 46 21 1F 20 4E 30 75 00 00
2025-11-08T01:56:29.711,49.072,can0  204  [16]  72 1F 50 46 50 46 50 46 21 1F 20 4E 30 75 00 00
2025-11-08T01:56:29.711,49.072,can0  206  [16]  A7 0C D3 07 A3 0C DA DC F6 07 BF 0C A3 0C 00 00
2025-11-08T01:56:29.711,49.072,can0  204  [16]  72 1F 50 46 50 46 50 46 21 1F 20 4E 30 75 00 00
2025-11-08T01:56:29.711,49.072,can0  204  [16]  72 1F 50 46 50 46 50 46 21 1F 20 4E 30 75 00 00
2025-11-08T01:56:29.711,49.072,can0  041  [04]  2F 00 02 00
2025-11-08T01:56:29.712,49.072,can0  204  [16]  72 1F 50 46 50 46 50 46 21 1F 20 4E 30 75 00 00
2025-11-08T01:56:29.722,49.082,can0  206  [16]  9B 0C D1 07 9F 0C DA DC ED 07 C3 0C AB 0C 00 00
2025-11-08T01:56:29.722,49.082,can0  204  [16]  72 1F 50 46 50 46 50 46 21 1F 20 4E 30 75 00 00
2025-11-08T01:56:29.722,49.082,can0  204  [16]  72 1F 50 46 50 46 50 46 21 1F 20 4E 30 75 00 00
2025-11-08T01:56:29.722,49.082,can0  206  [16]  B3 0C D3 07 8B 0C 3A DF ED 07 BF 0C A7 0C 00 00
2025-11-08T01:56:29.722,49.082,can0  204  [16]  72 1F 50 46 50 46 50 46 21 1F 20 4E 30 75 00 00
2025-11-08T01:56:29.722,49.082,can0  204  [16]  72 1F 50 46 50 46 50 46 21 1F 20 4E 30 75 00 00
2025-11-08T01:56:29.722,49.082,can0  041  [04]  2F 00 02 00
2025-11-08T01:56:30.354,49.715,can0  204  [16]  72 1F 50 46 50 46 50 46 21 1F 20 4E 30 75 00 00
2025-11-08T01:56:30.354,49.715,can0  206  [16]  A3 0C D6 07 A3 0C DA DC EB 07 BF 0C A7 0C 00 00
2025-11-08T01:56:30.354,49.715,can0  204  [16]  72 1F 50 46 50 46 50 46 21 1F 20 4E 30 75 00 00
2025-11-08T01:56:30.365,49.725,can0  204  [16]  72 1F 50 46 50 46 50 46 21 1F 20 4E 30 75 00 00
2025-11-08T01:56:30.365,49.725,can0  204  [16]  72 1F 50 46 50 46 50 46 21 1F 20 4E 30 75 00 00
2025-11-08T01:56:30.365,49.725,can0  206  [16]  9F 0C D1 07 9B 0C B1 E0 E9 07 BF 0C AB 0C 00 00
2025-11-08T01:56:30.365,49.725,can0  041  [04]  8B 00 02 00
2025-11-08T01:56:30.365,49.725,can0  204  [16]  72 1F 50 46 50 46 50 46 21 1F 20 4E 30 75 00 00
2025-11-08T01:56:30.365,49.725,can0  204  [16]  72 1F 50 46 50 46 50 46 21 1F 20 4E 30 75 00 00
2025-11-08T01:56:30.365,49.725,can0  206  [16]  9F 0C D6 07 9B 0C DA DC E9 07 C7 0C AB 0C 00 00
2025-11-08T01:56:30.365,49.725,can0  204  [16]  72 1F 50 46 50 46 50 46 21 1F 20 4E 30 75 00 00
2025-11-08T01:56:30.365,49.725,can0  204  [16]  72 1F 50 46 50 46 50 46 21 1F 20 4E 30 75 00 00
2025-11-08T01:56:30.365,49.725,can0  041  [04]  B5 00 02 00
2025-11-08T01:56:30.375,49.736,can0  204  [16]  72 1F 50 46 50 46 50 46 21 1F 20 4E 30 75 00 00
2025-11-08T01:56:30.375,49.736,can0  206  [16]  A3 0C D1 07 9B 0C 3A DF E9 07 C3 0C A7 0C 00 00
2025-11-08T01:56:30.375,49.736,can0  204  [16]  72 1F 50 46 50 46 50 46 21 1F 20 4E 30 75 00 00
2025-11-08T01:56:30.375,49.736,can0  204  [16]  72 1F 50 46 50 46 50 46 21 1F 20 4E 30 75 00 00
2025-11-08T01:56:30.973,50.334,can0  204  [16]  72 1F 50 46 50 46 50 46 21 1F 20 4E 30 75 00 00
2025-11-08T01:56:30.973,50.334,can0  206  [16]  A7 0C D3 07 9B 0C 99 C6 EB 07 CB 0C A3 0C 00 00
2025-11-08T01:56:30.986,50.346,can0  204  [16]  72 1F 50 46 50 46 50 46 21 1F 20 4E 30 75 00 00
2025-11-08T01:56:30.986,50.346,can0  041  [04]  8B 00 02 00
2025-11-08T01:56:30.986,50.346,can0  204  [16]  72 1F 50 46 50 46 50 46 21 1F 20 4E 30 75 00 00
2025-11-08T01:56:30.986,50.346,can0  206  [16]  AB 0C CD 07 9B 0C 99 C6 EB 07 BB 0C A3 0C 00 00
2025-11-08T01:56:30.986,50.347,can0  204  [16]  72 1F 50 46 50 46 50 46 21 1F 20 4E 30 75 00 00
2025-11-08T01:56:30.986,50.347,can0  204  [16]  72 1F 50 46 50 46 50 46 21 1F 20 4E 30 75 00 00
2025-11-08T01:56:30.986,50.347,can0  204  [16]  72 1F 50 46 50 46 50 46 21 1F 20 4E 30 75 00 00
2025-11-08T01:56:30.986,50.347,can0  206  [16]  9F 0C D6 07 9F 0C 3A DF E3 07 CF 0C A7 0C 00 00
2025-11-08T01:56:30.986,50.347,can0  041  [04]  2F 00 02 00
2025-11-08T01:56:30.986,50.347,can0  204  [16]  72 1F 50 46 50 46 50 46 21 1F 20 4E 30 75 00 00
2025-11-08T01:56:30.986,50.347,can0  204  [16]  72 1F 50 46 50 46 50 46 21 1F 20 4E 30 75 00 00
2025-11-08T01:56:30.986,50.347,can0  204  [16]  72 1F 50 46 50 46 50 46 21 1F 20 4E 30 75 00 00
2025-11-08T01:56:30.986,50.347,can0  206  [16]  83 0C D3 07 7F 0C 3A DF EB 07 DB 0C CB 0C 00 00
2025-11-08T01:56:30.986,50.347,can0  204  [16]  72 1F 50 46 50 46 50 46 21 1F 20 4E 30 75 00 00
2025-11-08T01:56:31.585,50.945,can0  204  [16]  72 1F 50 46 50 46 50 46 21 1F 20 4E 30 75 00 00
2025-11-08T01:56:31.585,50.945,can0  041  [04]  2F 00 02 00
2025-11-08T01:56:31.585,50.945,can0  206  [16]  A3 0C D6 07 9F 0C DA DC EB 07 BB 0C AB 0C 00 00
2025-11-08T01:56:31.585,50.945,can0  204  [16]  72 1F 50 46 50 46 50 46 21 1F 20 4E 30 75 00 00
2025-11-08T01:56:31.585,50.945,can0  204  [16]  72 1F 50 46 50 46 50 46 21 1F 20 4E 30 75 00 00
2025-11-08T01:56:31.585,50.945,can0  204  [16]  72 1F 50 46 50 46 50 46 21 1F 20 4E 30 75 00 00
2025-11-08T01:56:31.585,50.945,can0  206  [16]  AB 0C D3 07 9F 0C DA DC E9 07 C7 0C 9F 0C 00 00
2025-11-08T01:56:31.585,50.945,can0  204  [16]  72 1F 50 46 50 46 50 46 21 1F 20 4E 30 75 00 00
2025-11-08T01:56:31.595,50.956,can0  041  [04]  B5 00 02 00
2025-11-08T01:56:31.596,50.956,can0  204  [16]  72 1F 50 46 50 46 50 46 21 1F 20 4E 30 75 00 00
2025-11-08T01:56:31.596,50.956,can0  204  [16]  72 1F 50 46 50 46 50 46 21 1F 20 4E 30 75 00 00
2025-11-08T01:56:31.596,50.956,can0  206  [16]  A7 0C D6 07 9F 0C DA DC EF 07 C3 0C A3 0C 00 00
2025-11-08T01:56:31.596,50.956,can0  204  [16]  72 1F 50 46 50 46 50 46 21 1F 20 4E 30 75 00 00
2025-11-08T01:56:31.596,50.956,can0  204  [16]  72 1F 50 46 50 46 50 46 21 1F 20 4E 30 75 00 00
2025-11-08T01:56:31.596,50.956,can0  041  [04]  B5 00 02 00
2025-11-08T01:56:31.596,50.956,can0  206  [16]  9F 0C D8 07 9F 0C B1 E0 ED 07 B7 0C AB 0C 00 00
2025-11-08T01:56:31.596,50.956,can0  204  [16]  72 1F 50 46 50 46 50 46 21 1F 20 4E 30 75 00 00
2025-11-08T01:56:32.198,51.559,can0  204  [16]  72 1F 50 46 50 46 50 46 21 1F 20 4E 30 75 00 00
2025-11-08T01:56:32.198,51.559,can0  204  [16]  72 1F 50 46 50 46 50 46 21 1F 20 4E 30 75 00 00
2025-11-08T01:56:32.198,51.559,can0  206  [16]  A3 0C D1 07 9B 0C B1 E0 ED 07 C7 0C A7 0C 00 00
2025-11-08T01:56:32.198,51.559,can0  204  [16]  72 1F 50 46 50 46 50 46 21 1F 20 4E 30 75 00 00
2025-11-08T01:56:32.198,51.559,can0  041  [04]  B5 00 02 00
2025-11-08T01:56:32.198,51.559,can0  204  [16]  72 1F 50 46 50 46 50 46 21 1F 20 4E 30 75 00 00
2025-11-08T01:56:32.198,51.559,can0  204  [16]  72 1F 50 46 50 46 50 46 21 1F 20 4E 30 75 00 00
2025-11-08T01:56:32.198,51.559,can0  206  [16]  8B 0C D6 07 A3 0C 7E E4 EB 07 C3 0C BB 0C 00 00
2025-11-08T01:56:32.198,51.559,can0  204  [16]  72 1F 50 46 50 46 50 46 21 1F 20 4E 30 75 00 00
2025-11-08T01:56:32.198,51.559,can0  204  [16]  72 1F 50 46 50 46 50 46 21 1F 20 4E 30 75 00 00
2025-11-08T01:56:32.198,51.559,can0  206  [16]  93 0C D3 07 AB 0C 3A DF F6 07 C3 0C A7 0C 00 00
2025-11-08T01:56:32.198,51.559,can0  204  [16]  72 1F 50 46 50 46 50 46 21 1F 20 4E 30 75 00 00
2025-11-08T01:56:32.198,51.559,can0  041  [04]  B5 00 02 00
2025-11-08T01:56:32.208,51.569,can0  204  [16]  72 1F 50 46 50 46 50 46 21 1F 20 4E 30 75 00 00
2025-11-08T01:56:32.836,52.197,can0  204  [16]  72 1F 50 46 50 46 50 46 21 1F 20 4E 30 75 00 00
2025-11-08T01:56:32.837,52.197,can0  206  [16]  AB 0C D1 07 97 0C DA DC EB 07 BB 0C A7 0C 00 00
2025-11-08T01:56:32.837,52.198,can0  204  [16]  72 1F 50 46 50 46 50 46 21 1F 20 4E 30 75 00 00
2025-11-08T01:56:32.837,52.198,can0  204  [16]  72 1F 50 46 50 46 50 46 21 1F 20 4E 30 75 00 00
2025-11-08T01:56:32.837,52.198,can0  041  [04]  8B 00 02 00
2025-11-08T01:56:32.837,52.198,can0  206  [16]  A3 0C DC 07 9B 0C 99 C6 EB 07 C3 0C A7 0C 00 00
2025-11-08T01:56:32.837,52.198,can0  204  [16]  72 1F 50 46 50 46 50 46 21 1F 20 4E 30 75 00 00
2025-11-08T01:56:32.837,52.198,can0  204  [16]  72 1F 50 46 50 46 50 46 21 1F 20 4E 30 75 00 00
2025-11-08T01:56:32.848,52.208,can0  204  [16]  72 1F 50 46 50 46 50 46 21 1F 20 4E 30 75 00 00
2025-11-08T01:56:32.848,52.208,can0  206  [16]  9B 0C D1 07 A7 0C DA DC E9 07 BF 0C AB 0C 00 00
2025-11-08T01:56:32.848,52.208,can0  204  [16]  72 1F 50 46 50 46 50 46 21 1F 20 4E 30 75 00 00
2025-11-08T01:56:32.848,52.209,can0  041  [04]  2F 00 02 00
2025-11-08T01:56:32.848,52.209,can0  204  [16]  72 1F 50 46 50 46 50 46 21 1F 20 4E 30 75 00 00
2025-11-08T01:56:32.848,52.209,can0  204  [16]  72 1F 50 46 50 46 50 46 21 1F 20 4E 30 75 00 00
2025-11-08T01:56:32.848,52.209,can0  206  [16]  B7 0C D3 07 8F 0C DA DC E0 07 C3 0C A3 0C 00 00
2025-11-08T01:56:32.848,52.209,can0  204  [16]  72 1F 50 46 50 46 50 46 21 1F 20 4E 30 75 00 00
2025-11-08T01:56:32.848,52.209,can0  204  [16]  72 1F 50 46 50 46 50 46 21 1F 20 4E 30 75 00 00
2025-11-08T01:56:32.848,52.209,can0  206  [16]  A3 0C D6 07 93 0C 99 C6 ED 07 C7 0C A7 0C 00 00
2025-11-08T01:56:32.848,52.209,can0  204  [16]  72 1F 50 46 50 46 50 46 21 1F 20 4E 30 75 00 00
2025-11-08T01:56:32.858,52.219,can0  041  [04]  02 00 02 00
2025-11-08T01:56:33.337,52.697,can0  204  [16]  72 1F 50 46 50 46 50 46 21 1F 20 4E 30 75 00 00
2025-11-08T01:56:33.337,52.698,can0  204  [16]  72 1F 50 46 50 46 50 46 21 1F 20 4E 30 75 00 00
2025-11-08T01:56:33.337,52.698,can0  206  [16]  A7 0C D3 07 9B 0C DA DC E9 07 BF 0C A3 0C 00 00
2025-11-08T01:56:33.337,52.698,can0  204  [16]  72 1F 50 46 50 46 50 46 21 1F 20 4E 30 75 00 00
2025-11-08T01:56:33.337,52.698,can0  204  [16]  72 1F 50 46 50 46 50 46 21 1F 20 4E 30 75 00 00
2025-11-08T01:56:33.337,52.698,can0  041  [04]  2F 00 02 00
2025-11-08T01:56:33.337,52.698,can0  204  [16]  72 1F 50 46 50 46 50 46 21 1F 20 4E 30 75 00 00
2025-11-08T01:56:33.337,52.698,can0  206  [16]  AF 0C D6 07 97 0C 99 C6 E9 07 C3 0C 9F 0C 00 00
2025-11-08T01:56:33.337,52.698,can0  204  [16]  72 1F 50 46 50 46 50 46 21 1F 20 4E 30 75 00 00
2025-11-08T01:56:33.337,52.698,can0  204  [16]  72 1F 50 46 50 46 50 46 21 1F 20 4E 30 75 00 00
2025-11-08T01:56:33.337,52.698,can0  206  [16]  9B 0C D6 07 A3 0C 99 C6 ED 07 C7 0C AB 0C 00 00
2025-11-08T01:56:33.337,52.698,can0  204  [16]  72 1F 50 46 50 46 50 46 21 1F 20 4E 30 75 00 00
2025-11-08T01:56:33.748,53.109,can0  041  [04]  2F 00 02 00
2025-11-08T01:56:33.748,53.109,can0  204  [16]  72 1F 50 46 50 46 50 46 21 1F 20 4E 30 75 00 00
2025-11-08T01:56:33.759,53.119,can0  204  [16]  72 1F 50 46 50 46 50 46 21 1F 20 4E 30 75 00 00
2025-11-08T01:56:33.759,53.119,can0  206  [16]  97 0C D6 07 AB 0C C5 E1 ED 07 C3 0C A7 0C 00 00
2025-11-08T01:56:33.759,53.119,can0  204  [16]  72 1F 50 46 50 46 50 46 21 1F 20 4E 30 75 00 00
2025-11-08T01:56:33.759,53.119,can0  204  [16]  72 1F 50 46 50 46 50 46 21 1F 20 4E 30 75 00 00
2025-11-08T01:56:33.759,53.119,can0  204  [16]  72 1F 50 46 50 46 50 46 21 1F 20 4E 30 75 00 00
2025-11-08T01:56:33.759,53.119,can0  041  [04]  2F 00 02 00
2025-11-08T01:56:33.759,53.119,can0  206  [16]  A7 0C D3 07 97 0C 99 C6 EF 07 C3 0C A7 0C 00 00
2025-11-08T01:56:33.769,53.130,can0  204  [16]  72 1F 50 46 50 46 50 46 21 1F 20 4E 30 75 00 00
2025-11-08T01:56:33.770,53.130,can0  204  [16]  72 1F 50 46 50 46 50 46 21 1F 20 4E 30 75 00 00
2025-11-08T01:56:34.396,53.757,can0  206  [16]  9F 0C D3 07 9F 0C DA DC EB 07 C7 0C AB 0C 00 00
2025-11-08T01:56:34.397,53.757,can0  204  [16]  72 1F 50 46 50 46 50 46 21 1F 20 4E 30 75 00 00
2025-11-08T01:56:34.397,53.757,can0  204  [16]  72 1F 50 46 50 46 50 46 21 1F 20 4E 30 75 00 00
2025-11-08T01:56:34.397,53.757,can0  041  [04]  2F 00 02 00
2025-11-08T01:56:34.397,53.757,can0  204  [16]  72 1F 50 46 50 46 50 46 21 1F 20 4E 30 75 00 00
2025-11-08T01:56:34.397,53.757,can0  206  [16]  A7 0C D1 07 9F 0C B1 E0 EB 07 BB 0C A7 0C 00 00
2025-11-08T01:56:34.397,53.757,can0  204  [16]  72 1F 50 46 50 46 50 46 21 1F 20 4E 30 75 00 00
2025-11-08T01:56:34.397,53.757,can0  204  [16]  72 1F 50 46 50 46 50 46 21 1F 20 4E 30 75 00 00
2025-11-08T01:56:34.397,53.757,can0  204  [16]  72 1F 50 46 50 46 50 46 21 1F 20 4E 30 75 00 00
2025-11-08T01:56:34.397,53.757,can0  206  [16]  A3 0C DA 07 A3 0C DA DC E7 07 BF 0C A3 0C 00 00
2025-11-08T01:56:34.397,53.757,can0  041  [04]  8B 00 02 00
2025-11-08T01:56:34.397,53.758,can0  204  [16]  72 1F 50 46 50 46 50 46 21 1F 20 4E 30 75 00 00
2025-11-08T01:56:34.985,54.346,can0  204  [16]  72 1F 50 46 50 46 50 46 21 1F 20 4E 30 75 00 00
2025-11-08T01:56:34.995,54.356,can0  206  [16]  A3 0C D6 07 9F 0C DA DC EB 07 C3 0C A7 0C 00 00
2025-11-08T01:56:34.995,54.356,can0  204  [16]  72 1F 50 46 50 46 50 46 21 1F 20 4E 30 75 00 00
2025-11-08T01:56:34.995,54.356,can0  204  [16]  72 1F 50 46 50 46 50 46 21 1F 20 4E 30 75 00 00
2025-11-08T01:56:34.995,54.356,can0  041  [04]  B5 00 02 00
2025-11-08T01:56:34.995,54.356,can0  204  [16]  72 1F 50 46 50 46 50 46 21 1F 20 4E 30 75 00 00
2025-11-08T01:56:34.995,54.356,can0  206  [16]  9B 0C D6 07 A3 0C 99 C6 ED 07 C3 0C AB 0C 00 00
2025-11-08T01:56:34.995,54.356,can0  204  [16]  72 1F 50 46 50 46 50 46 21 1F 20 4E 30 75 00 00
2025-11-08T01:56:34.995,54.356,can0  204  [16]  72 1F 50 46 50 46 50 46 21 1F 20 4E 30 75 00 00
2025-11-08T01:56:34.995,54.356,can0  204  [16]  72 1F 50 46 50 46 50 46 21 1F 20 4E 30 75 00 00
2025-11-08T01:56:35.006,54.366,can0  206  [16]  DF 0C D3 07 97 0C 3A DF EB 07 CB 0C 6B 0C 00 00
2025-11-08T01:56:35.006,54.366,can0  204  [16]  72 1F 50 46 50 46 50 46 21 1F 20 4E 30 75 00 00
2025-11-08T01:56:35.006,54.366,can0  041  [04]  B5 00 02 00
2025-11-08T01:56:35.006,54.366,can0  204  [16]  72 1F 50 46 50 46 50 46 21 1F 20 4E 30 75 00 00
2025-11-08T01:56:35.006,54.366,can0  204  [16]  72 1F 50 46 50 46 50 46 21 1F 20 4E 30 75 00 00
2025-11-08T01:56:35.006,54.366,can0  206  [16]  9B 0C D3 07 A3 0C 3A DF F2 07 C3 0C A7 0C 00 00
2025-11-08T01:56:35.006,54.366,can0  204  [16]  72 1F 50 46 50 46 50 46 21 1F 20 4E 30 75 00 00
2025-11-08T01:56:35.006,54.366,can0  204  [16]  72 1F 50 46 50 46 50 46 21 1F 20 4E 30 75 00 00
2025-11-08T01:56:35.597,54.957,can0  206  [16]  B3 0C D6 07 B7 0C 99 C6 ED 07 A7 0C 97 0C 00 00
2025-11-08T01:56:35.597,54.958,can0  041  [04]  8B 00 02 00
2025-11-08T01:56:35.597,54.958,can0  204  [16]  72 1F 50 46 50 46 50 46 21 1F 20 4E 30 75 00 00
2025-11-08T01:56:35.608,54.969,can0  204  [16]  72 1F 50 46 50 46 50 46 21 1F 20 4E 30 75 00 00
2025-11-08T01:56:35.608,54.969,can0  204  [16]  72 1F 50 46 50 46 50 46 21 1F 20 4E 30 75 00 00
2025-11-08T01:56:35.608,54.969,can0  206  [16]  A3 0C D3 07 A3 0C 3A DF F2 07 BB 0C A3 0C 00 00
2025-11-08T01:56:35.608,54.969,can0  204  [16]  72 1F 50 46 50 46 50 46 21 1F 20 4E 30 75 00 00
2025-11-08T01:56:35.608,54.969,can0  041  [04]  2F 00 02 00
2025-11-08T01:56:35.608,54.969,can0  204  [16]  72 1F 50 46 50 46 50 46 21 1F 20 4E 30 75 00 00
2025-11-08T01:56:35.608,54.969,can0  206  [16]  A3 0C D8 07 9F 0C DA DC E9 07 BF 0C A7 0C 00 00
2025-11-08T01:56:35.608,54.969,can0  204  [16]  72 1F 50 46 50 46 50 46 21 1F 20 4E 30 75 00 00
2025-11-08T01:56:35.608,54.969,can0  204  [16]  72 1F 50 46 50 46 50 46 21 1F 20 4E 30 75 00 00
2025-11-08T01:56:35.608,54.969,can0  204  [16]  72 1F 50 46 50 46 50 46 21 1F 20 4E 30 75 00 00
2025-11-08T01:56:35.608,54.969,can0  206  [16]  9B 0C D6 07 9F 0C B1 E0 E7 07 C7 0C AB 0C 00 00
2025-11-08T01:56:35.608,54.969,can0  204  [16]  72 1F 50 46 50 46 50 46 21 1F 20 4E 30 75 00 00
2025-11-08T01:56:36.208,55.568,can0  041  [04]  8B 00 02 00
2025-11-08T01:56:36.210,55.571,can0  204  [16]  72 1F 50 46 50 46 50 46 21 1F 20 4E 30 75 00 00
2025-11-08T01:56:36.210,55.571,can0  204  [16]  72 1F 50 46 50 46 50 46 21 1F 20 4E 30 75 00 00
2025-11-08T01:56:36.210,55.571,can0  206  [16]  A3 0C D1 07 A7 0C 99 C6 E9 07 D7 0C A3 0C 00 00
2025-11-08T01:56:36.210,55.571,can0  204  [16]  72 1F 50 46 50 46 50 46 21 1F 20 4E 30 75 00 00
2025-11-08T01:56:36.210,55.571,can0  204  [16]  72 1F 50 46 50 46 50 46 21 1F 20 4E 30 75 00 00
2025-11-08T01:56:36.210,55.571,can0  041  [04]  2F 00 02 00
2025-11-08T01:56:36.210,55.571,can0  204  [16]  72 1F 50 46 50 46 50 46 21 1F 20 4E 30 75 00 00
2025-11-08T01:56:36.210,55.571,can0  206  [16]  A3 0C D6 07 9F 0C 3A DF ED 07 C3 0C A7 0C 00 00
2025-11-08T01:56:36.210,55.571,can0  204  [16]  72 1F 50 46 50 46 50 46 21 1F 20 4E 30 75 00 00
2025-11-08T01:56:36.210,55.571,can0  204  [16]  72 1F 50 46 50 46 50 46 21 1F 20 4E 30 75 00 00
2025-11-08T01:56:36.210,55.571,can0  206  [16]  9F 0C D8 07 9F 0C 3A DF ED 07 C7 0C A7 0C 00 00
2025-11-08T01:56:36.210,55.571,can0  204  [16]  72 1F 50 46 50 46 50 46 21 1F 20 4E 30 75 00 00
2025-11-08T01:56:36.220,55.581,can0  204  [16]  72 1F 50 46 50 46 50 46 21 1F 20 4E 30 75 00 00
2025-11-08T01:56:36.220,55.581,can0  041  [04]  2F 00 02 00
2025-11-08T01:56:36.806,56.166,can0  204  [16]  72 1F 50 46 50 46 50 46 21 1F 20 4E 30 75 00 00
2025-11-08T01:56:36.817,56.178,can0  206  [16]  A7 0C D8 07 9F 0C DA DC EB 07 BB 0C A3 0C 00 00
2025-11-08T01:56:36.817,56.178,can0  204  [16]  72 1F 50 46 50 46 50 46 21 1F 20 4E 30 75 00 00
2025-11-08T01:56:36.817,56.178,can0  204  [16]  72 1F 50 46 50 46 50 46 21 1F 20 4E 30 75 00 00
2025-11-08T01:56:36.817,56.178,can0  206  [16]  9F 0C D3 07 93 0C 3A DF ED 07 C3 0C AB 0C 00 00
2025-11-08T01:56:36.817,56.178,can0  204  [16]  72 1F 50 46 50 46 50 46 21 1F 20 4E 30 75 00 00
2025-11-08T01:56:36.817,56.178,can0  041  [04]  8B 00 02 00
2025-11-08T01:56:36.817,56.178,can0  204  [16]  72 1F 50 46 50 46 50 46 21 1F 20 4E 30 75 00 00
2025-11-08T01:56:36.817,56.178,can0  204  [16]  72 1F 50 46 50 46 50 46 21 1F 20 4E 30 75 00 00
2025-11-08T01:56:36.817,56.178,can0  206  [16]  A3 0C D6 07 9B 0C DA DC EB 07 BF 0C A7 0C 00 00
2025-11-08T01:56:36.817,56.178,can0  204  [16]  72 1F 50 46 50 46 50 46 21 1F 20 4E 30 75 00 00
2025-11-08T01:56:36.828,56.189,can0  204  [16]  72 1F 50 46 50 46 50 46 21 1F 20 4E 30 75 00 00
2025-11-08T01:56:36.828,56.189,can0  041  [04]  B5 00 02 00
2025-11-08T01:56:36.828,56.189,can0  204  [16]  72 1F 50 46 50 46 50 46 21 1F 20 4E 30 75 00 00
2025-11-08T01:56:36.828,56.189,can0  206  [16]  AB 0C D3 07 93 0C 3A DF E9 07 EC 0C A3 0C 00 00
2025-11-08T01:56:36.828,56.189,can0  204  [16]  72 1F 50 46 50 46 50 46 21 1F 20 4E 30 75 00 00
2025-11-08T01:56:37.467,56.827,can0  204  [16]  72 1F 50 46 50 46 50 46 21 1F 20 4E 30 75 00 00
2025-11-08T01:56:37.467,56.828,can0  204  [16]  72 1F 50 46 50 46 50 46 21 1F 20 4E 30 75 00 00
2025-11-08T01:56:37.467,56.828,can0  206  [16]  9F 0C D6 07 A3 0C B1 E0 EB 07 BF 0C A7 0C 00 00
2025-11-08T01:56:37.467,56.828,can0  041  [04]  8B 00 02 00
2025-11-08T01:56:37.467,56.828,can0  204  [16]  72 1F 50 46 50 46 50 46 21 1F 20 4E 30 75 00 00
2025-11-08T01:56:37.467,56.828,can0  204  [16]  72 1F 50 46 50 46 50 46 21 1F 20 4E 30 75 00 00
2025-11-08T01:56:37.477,56.838,can0  204  [16]  72 1F 50 46 50 46 50 46 21 1F 20 4E 30 75 00 00
2025-11-08T01:56:37.477,56.838,can0  206  [16]  9F 0C DC 07 A3 0C DA DC EB 07 C7 0C A7 0C 00 00
2025-11-08T01:56:37.477,56.838,can0  204  [16]  72 1F 50 46 50 46 50 46 21 1F 20 4E 30 75 00 00
2025-11-08T01:56:37.477,56.838,can0  041  [04]  2F 00 02 00
2025-11-08T01:56:37.477,56.838,can0  204  [16]  72 1F 50 46 50 46 50 46 21 1F 20 4E 30 75 00 00
2025-11-08T01:56:37.477,56.838,can0  206  [16]  A3 0C DC 07 A3 0C 99 C6 ED 07 BB 0C A3 0C 00 00
2025-11-08T01:56:37.477,56.838,can0  204  [16]  72 1F 50 46 50 46 50 46 21 1F 20 4E 30 75 00 00
2025-11-08T01:56:37.477,56.838,can0  204  [16]  72 1F 50 46 50 46 50 46 21 1F 20 4E 30 75 00 00
2025-11-08T01:56:37.477,56.838,can0  204  [16]  72 1F 50 46 50 46 50 46 21 1F 20 4E 30 75 00 00
2025-11-08T01:56:37.477,56.838,can0  206  [16]  B3 0C D1 07 9B 0C B1 E0 EB 07 B7 0C 9B 0C 00 00
2025-11-08T01:56:37.488,56.849,can0  204  [16]  72 1F 50 46 50 46 50 46 21 1F 20 4E 30 75 00 00
2025-11-08T01:56:37.488,56.849,can0  041  [04]  2F 00 02 00
2025-11-08T01:56:37.488,56.849,can0  204  [16]  72 1F 50 46 50 46 50 46 21 1F 20 4E 30 75 00 00
2025-11-08T01:56:38.096,57.456,can0  206  [16]  A7 0C CB 07 9B 0C C5 E1 ED 07 C3 0C A7 0C 00 00
2025-11-08T01:56:38.096,57.456,can0  204  [16]  72 1F 50 46 50 46 50 46 21 1F 20 4E 30 75 00 00
2025-11-08T01:56:38.096,57.456,can0  204  [16]  72 1F 50 46 50 46 50 46 21 1F 20 4E 30 75 00 00
2025-11-08T01:56:38.096,57.456,can0  204  [16]  72 1F 50 46 50 46 50 46 21 1F 20 4E 30 75 00 00
2025-11-08T01:56:38.096,57.456,can0  206  [16]  A3 0C D3 07 9F 0C B1 E0 ED 07 BB 0C A7 0C 00 00
2025-11-08T01:56:38.096,57.456,can0  041  [04]  2F 00 02 00
2025-11-08T01:56:38.096,57.456,can0  204  [16]  72 1F 50 46 50 46 50 46 21 1F 20 4E 30 75 00 00
2025-11-08T01:56:38.096,57.456,can0  204  [16]  72 1F 50 46 50 46 50 46 21 1F 20 4E 30 75 00 00
2025-11-08T01:56:38.096,57.457,can0  204  [16]  72 1F 50 46 50 46 50 46 21 1F 20 4E 30 75 00 00
2025-11-08T01:56:38.096,57.457,can0  206  [16]  9F 0C D3 07 A3 0C 3A DF F4 07 C3 0C AB 0C 00 00
2025-11-08T01:56:38.107,57.467,can0  204  [16]  72 1F 50 46 50 46 50 46 21 1F 20 4E 30 75 00 00
2025-11-08T01:56:38.107,57.467,can0  204  [16]  72 1F 50 46 50 46 50 46 21 1F 20 4E 30 75 00 00
2025-11-08T01:56:38.107,57.467,can0  041  [04]  2F 00 02 00
2025-11-08T01:56:38.107,57.467,can0  204  [16]  72 1F 50 46 50 46 50 46 21 1F 20 4E 30 75 00 00
2025-11-08T01:56:38.107,57.467,can0  206  [16]  A3 0C D3 07 9B 0C DA DC EF 07 BF 0C AB 0C 00 00
2025-11-08T01:56:38.107,57.467,can0  204  [16]  72 1F 50 46 50 46 50 46 21 1F 20 4E 30 75 00 00
2025-11-08T01:56:38.594,57.955,can0  204  [16]  72 1F 50 46 50 46 50 46 21 1F 20 4E 30 75 00 00
2025-11-08T01:56:38.594,57.955,can0  206  [16]  A3 0C D3 07 A7 0C 99 C6 EB 07 C7 0C A3 0C 00 00
2025-11-08T01:56:38.594,57.955,can0  204  [16]  72 1F 50 46 50 46 50 46 21 1F 20 4E 30 75 00 00
2025-11-08T01:56:38.594,57.955,can0  041  [04]  2F 00 02 00
2025-11-08T01:56:38.604,57.965,can0  204  [16]  72 1F 50 46 50 46 50 46 21 1F 20 4E 30 75 00 00
2025-11-08T01:56:38.605,57.965,can0  204  [16]  72 1F 50 46 50 46 50 46 21 1F 20 4E 30 75 00 00
2025-11-08T01:56:38.605,57.965,can0  206  [16]  B7 0C D8 07 97 0C C5 E1 EF 07 C7 0C 9B 0C 00 00
2025-11-08T01:56:38.605,57.965,can0  204  [16]  72 1F 50 46 50 46 50 46 21 1F 20 4E 30 75 00 00
2025-11-08T01:56:38.605,57.965,can0  204  [16]  72 1F 50 46 50 46 50 46 21 1F 20 4E 30 75 00 00
2025-11-08T01:56:38.605,57.965,can0  041  [04]  2F 00 02 00
2025-11-08T01:56:38.605,57.965,can0  204  [16]  72 1F 50 46 50 46 50 46 21 1F 20 4E 30 75 00 00
2025-11-08T01:56:38.605,57.965,can0  206  [16]  9F 0C D3 07 8F 0C 99 C6 EB 07 D3 0C AB 0C 00 00
2025-11-08T01:56:38.605,57.965,can0  204  [16]  72 1F 50 46 50 46 50 46 21 1F 20 4E 30 75 00 00
2025-11-08T01:56:38.605,57.965,can0  204  [16]  72 1F 50 46 50 46 50 46 21 1F 20 4E 30 75 00 00
2025-11-08T01:56:38.628,57.989,can0   00  [05]  05 80 f0 20 08 0
2025-11-08T01:56:39.206,58.567,can0  206  [16]  AF 0C D8 07 9B 0C 99 C6 EB 07 BF 0C 9F 0C 00 00
2025-11-08T01:56:39.210,58.571,can0  204  [16]  72 1F 50 46 50 46 50 46 21 1F 20 4E 30 75 00 00
2025-11-08T01:56:39.221,58.581,can0  001  [05]  58 0F 02 00 80
2025-11-08T01:56:39.221,58.581,can0  204  [16]  72 1F 50 46 50 46 50 46 21 1F 20 4E 30 75 00 00
2025-11-08T01:56:39.221,58.581,can0  041  [04]  8B 00 02 00
2025-11-08T01:56:39.221,58.581,can0  204  [16]  72 1F 50 46 50 46 50 46 21 1F 20 4E 30 75 00 00
2025-11-08T01:56:39.221,58.581,can0  206  [16]  4E 0C D3 07 97 0C DA DC E7 07 C3 0C FC 0C 00 00
2025-11-08T01:56:39.221,58.581,can0  204  [16]  72 1F 50 46 50 46 50 46 BC 34 20 4E 30 75 00 00
2025-11-08T01:56:39.221,58.582,can0  204  [16]  72 1F 50 46 50 46 50 46 BC 34 20 4E 30 75 00 00
2025-11-08T01:56:39.221,58.582,can0  204  [16]  72 1F 50 46 50 46 50 46 BC 34 20 4E 30 75 00 00
2025-11-08T01:56:39.221,58.582,can0  206  [16]  8B 0C D6 07 93 0C 99 C6 EB 07 77 0C 9B 0C 00 00
2025-11-08T01:56:39.221,58.582,can0  041  [04]  B5 00 02 00
2025-11-08T01:56:39.221,58.582,can0  204  [16]  72 1F 50 46 50 46 50 46 BC 34 20 4E 30 75 00 00
2025-11-08T01:56:39.232,58.592,can0  204  [16]  72 1F 50 46 50 46 50 46 BC 34 20 4E 30 75 00 00
2025-11-08T01:56:39.232,58.592,can0  204  [16]  95 1F 50 46 50 46 50 46 BC 34 20 4E 30 75 00 00
2025-11-08T01:56:39.232,58.592,can0  206  [16]  8F 0C D6 07 97 0C 99 C6 EB 07 97 0C 97 0C 00 00
2025-11-08T01:56:39.232,58.592,can0  204  [16]  DC 1F 50 46 50 46 50 46 BC 34 20 4E 30 75 00 00
2025-11-08T01:56:39.832,59.193,can0  041  [04]  2F 00 02 00
2025-11-08T01:56:39.832,59.193,can0  204  [16]  45 20 50 46 50 46 50 46 BC 34 20 4E 30 75 00 00
2025-11-08T01:56:39.832,59.193,can0  204  [16]  AF 20 50 46 50 46 50 46 BC 34 20 4E 30 75 00 00
2025-11-08T01:56:39.832,59.193,can0  206  [16]  87 0C D6 07 87 0C 99 C6 ED 07 A3 0C A3 0C 00 00
2025-11-08T01:56:39.832,59.193,can0  204  [16]  3B 21 50 46 50 46 50 46 BC 34 20 4E 30 75 00 00
2025-11-08T01:56:39.832,59.193,can0  204  [16]  A5 21 50 46 50 46 50 46 BC 34 20 4E 30 75 00 00
2025-11-08T01:56:39.843,59.203,can0  206  [16]  A7 0C D3 07 8F 0C DA DC EB 07 A3 0C 7F 0C 00 00
2025-11-08T01:56:39.843,59.203,can0  204  [16]  0E 22 50 46 50 46 50 46 BC 34 20 4E 30 75 00 00
2025-11-08T01:56:39.843,59.203,can0  041  [04]  2F 00 02 00
2025-11-08T01:56:39.843,59.203,can0  204  [16]  9B 22 50 46 50 46 50 46 BC 34 20 4E 30 75 00 00
2025-11-08T01:56:39.843,59.203,can0  204  [16]  E1 22 50 46 50 46 50 46 BC 34 20 4E 30 75 00 00
2025-11-08T01:56:39.843,59.203,can0  206  [16]  87 0C DE 07 8F 0C 3A DF EB 07 9B 0C 9F 0C 00 00
2025-11-08T01:56:39.843,59.203,can0  204  [16]  4B 23 50 46 50 46 50 46 BC 34 20 4E 30 75 00 00
2025-11-08T01:56:39.843,59.203,can0  204  [16]  D7 23 50 46 50 46 50 46 BC 34 20 4E 30 75 00 00
2025-11-08T01:56:39.843,59.203,can0  204  [16]  41 24 50 46 50 46 50 46 BC 34 20 4E 30 75 00 00
2025-11-08T01:56:39.843,59.203,can0  041  [04]  2F 00 02 00
2025-11-08T01:56:40.246,59.607,can0  206  [16]  7B 0C D6 07 9F 0C DA DC ED 07 A3 0C 9B 0C 00 00
2025-11-08T01:56:40.258,59.618,can0  204  [16]  CD 24 50 46 50 46 50 46 BC 34 20 4E 30 75 00 00
2025-11-08T01:56:40.258,59.618,can0  204  [16]  37 25 50 46 50 46 50 46 BC 34 20 4E 30 75 00 00
2025-11-08T01:56:40.258,59.618,can0  204  [16]  A0 25 50 46 50 46 50 46 BC 34 20 4E 30 75 00 00
2025-11-08T01:56:40.258,59.618,can0  206  [16]  8F 0C D6 07 87 0C DA DC EF 07 C3 0C 97 0C 00 00
2025-11-08T01:56:40.258,59.618,can0  204  [16]  2D 26 50 46 50 46 50 46 BC 34 20 4E 30 75 00 00
2025-11-08T01:56:40.258,59.618,can0  041  [04]  2F 00 02 00
2025-11-08T01:56:40.258,59.618,can0  204  [16]  73 26 50 46 50 46 50 46 BC 34 20 4E 30 75 00 00
2025-11-08T01:56:40.258,59.618,can0  204  [16]  23 27 50 46 50 46 50 46 BC 34 20 4E 30 75 00 00
2025-11-08T01:56:40.258,59.618,can0  206  [16]  9B 0C D6 07 9B 0C 99 C6 EB 07 97 0C 8B 0C 00 00
2025-11-08T01:56:40.258,59.618,can0  204  [16]  8D 27 50 46 50 46 50 46 BC 34 20 4E 30 75 00 00
2025-11-08T01:56:40.258,59.618,can0  204  [16]  19 28 50 46 50 46 50 46 BC 34 20 4E 30 75 00 00
2025-11-08T01:56:40.258,59.618,can0  206  [16]  8B 0C D6 07 48 0D DA DC EF 07 D6 0B 9B 0C 00 00
2025-11-08T01:56:40.850,60.210,can0  204  [16]  83 28 50 46 50 46 50 46 BC 34 20 4E 30 75 00 00
2025-11-08T01:56:40.850,60.211,can0  041  [04]  2F 00 02 00
2025-11-08T01:56:40.850,60.211,can0  204  [16]  0F 29 50 46 50 46 50 46 BC 34 20 4E 30 75 00 00
2025-11-08T01:56:40.860,60.221,can0  204  [16]  79 29 50 46 50 46 50 46 BC 34 20 4E 30 75 00 00
2025-11-08T01:56:40.860,60.221,can0  206  [16]  7F 0C CF 07 8B 0C 69 E5 F2 07 DB 0C A3 0C 00 00
2025-11-08T01:56:40.860,60.221,can0  204  [16]  BF 29 50 46 50 46 50 46 BC 34 20 4E 30 75 00 00
2025-11-08T01:56:40.860,60.221,can0  204  [16]  4C 2A 50 46 50 46 50 46 BC 34 20 4E 30 75 00 00
2025-11-08T01:56:40.860,60.221,can0  041  [04]  2F 00 02 00
2025-11-08T01:56:40.860,60.221,can0  204  [16]  D8 2A 50 46 50 46 50 46 BC 34 20 4E 30 75 00 00
2025-11-08T01:56:40.871,60.231,can0  206  [16]  87 0C D6 07 9B 0C B1 E0 EB 07 93 0C 9B 0C 00 00
2025-11-08T01:56:40.871,60.231,can0  204  [16]  42 2B 50 46 50 46 50 46 BC 34 20 4E 30 75 00 00
2025-11-08T01:56:40.871,60.231,can0  204  [16]  CE 2B 50 46 50 46 50 46 BC 34 20 4E 30 75 00 00
2025-11-08T01:56:40.871,60.231,can0  204  [16]  38 2C 50 46 50 46 50 46 BC 34 20 4E 30 75 00 00
2025-11-08T01:56:40.881,60.241,can0  206  [16]  8B 0C D6 07 87 0C 3A DF ED 07 A7 0C 9B 0C 00 00
2025-11-08T01:56:40.881,60.241,can0  204  [16]  C4 2C 50 46 50 46 50 46 BC 34 20 4E 30 75 00 00
2025-11-08T01:56:40.881,60.241,can0  041  [04]  10 01 02 00
2025-11-08T01:56:40.891,60.252,can0  204  [16]  2E 2D 50 46 50 46 50 46 BC 34 20 4E 30 75 00 00
2025-11-08T01:56:41.350,60.710,can0  204  [16]  97 2D 50 46 50 46 50 46 BC 34 20 4E 30 75 00 00
2025-11-08T01:56:41.350,60.710,can0  206  [16]  87 0C D8 07 8F 0C 3A DF ED 07 9F 0C 9F 0C 00 00
2025-11-08T01:56:41.350,60.711,can0  204  [16]  01 2E 50 46 50 46 50 46 BC 34 20 4E 30 75 00 00
2025-11-08T01:56:41.350,60.711,can0  204  [16]  6A 2E 50 46 50 46 50 46 BC 34 20 4E 30 75 00 00
2025-11-08T01:56:41.350,60.711,can0  041  [04]  3F 01 02 00
2025-11-08T01:56:41.350,60.711,can0  206  [16]  87 0C D3 07 87 0C B1 E0 EB 07 AB 0C 9B 0C 00 00
2025-11-08T01:56:41.350,60.711,can0  204  [16]  F7 2E 50 46 50 46 50 46 BC 34 20 4E 30 75 00 00
2025-11-08T01:56:41.350,60.711,can0  204  [16]  84 2F 50 46 50 46 50 46 BC 34 20 4E 30 75 00 00
2025-11-08T01:56:41.361,60.721,can0  204  [16]  ED 2F 50 46 50 46 50 46 BC 34 20 4E 30 75 00 00
2025-11-08T01:56:41.361,60.721,can0  206  [16]  8B 0C D3 07 8B 0C 3A DF DE 07 9F 0C 9F 0C 00 00
2025-11-08T01:56:41.361,60.721,can0  204  [16]  7A 30 50 46 50 46 50 46 BC 34 20 4E 30 75 00 00
2025-11-08T01:56:41.770,61.131,can0  204  [16]  E3 30 50 46 50 46 50 46 BC 34 20 4E 30 75 00 00
2025-11-08T01:56:41.770,61.131,can0  041  [04]  3F 01 02 00
2025-11-08T01:56:41.770,61.131,can0  204  [16]  29 31 50 46 50 46 50 46 BC 34 20 4E 30 75 00 00
2025-11-08T01:56:41.770,61.131,can0  206  [16]  93 0C D6 07 93 0C DA DC EF 07 B3 0C 9F 0C 00 00
2025-11-08T01:56:41.770,61.131,can0  204  [16]  93 31 50 46 50 46 50 46 BC 34 20 4E 30 75 00 00
2025-11-08T01:56:41.770,61.131,can0  204  [16]  D9 31 50 46 50 46 50 46 BC 34 20 4E 30 75 00 00
2025-11-08T01:56:41.770,61.131,can0  204  [16]  20 32 50 46 50 46 50 46 BC 34 20 4E 30 75 00 00
2025-11-08T01:56:41.780,61.141,can0  206  [16]  A3 0C D1 07 93 0C B1 E0 EB 07 B7 0C 97 0C 00 00
2025-11-08T01:56:41.780,61.141,can0  041  [04]  3F 01 02 00
2025-11-08T01:56:41.780,61.141,can0  204  [16]  66 32 50 46 50 46 50 46 BC 34 20 4E 30 75 00 00
2025-11-08T01:56:41.780,61.141,can0  204  [16]  AC 32 50 46 50 46 50 46 BC 34 20 4E 30 75 00 00
2025-11-08T01:56:41.780,61.141,can0  204  [16]  F2 32 50 46 50 46 50 46 BC 34 20 4E 30 75 00 00
2025-11-08T01:56:41.780,61.141,can0  206  [16]  97 0C D6 07 97 0C DA DC E5 07 BF 0C 9F 0C 00 00
2025-11-08T01:56:42.187,61.547,can0  204  [16]  16 33 50 46 50 46 50 46 BC 34 20 4E 30 75 00 00
2025-11-08T01:56:42.187,61.548,can0  204  [16]  39 33 50 46 50 46 50 46 BC 34 20 4E 30 75 00 00
2025-11-08T01:56:42.187,61.548,can0  041  [04]  B5 00 02 00
2025-11-08T01:56:42.187,61.548,can0  204  [16]  7F 33 50 46 50 46 50 46 BC 34 20 4E 30 75 00 00
2025-11-08T01:56:42.187,61.548,can0  206  [16]  A7 0C D6 07 97 0C 3A DF ED 07 B7 0C 9B 0C 00 00
2025-11-08T01:56:42.187,61.548,can0  204  [16]  A2 33 50 46 50 46 50 46 BC 34 20 4E 30 75 00 00
2025-11-08T01:56:42.187,61.548,can0  204  [16]  C5 33 50 46 50 46 50 46 BC 34 20 4E 30 75 00 00
2025-11-08T01:56:42.197,61.558,can0  206  [16]  9B 0C D6 07 97 0C B1 E0 EB 07 C3 0C A3 0C 00 00
2025-11-08T01:56:42.197,61.558,can0  204  [16]  E9 33 50 46 50 46 50 46 BC 34 20 4E 30 75 00 00
2025-11-08T01:56:42.197,61.558,can0  041  [04]  B5 00 02 00
2025-11-08T01:56:42.197,61.558,can0  204  [16]  0C 34 50 46 50 46 50 46 BC 34 20 4E 30 75 00 00
2025-11-08T01:56:42.595,61.956,can0  204  [16]  2F 34 50 46 50 46 50 46 BC 34 20 4E 30 75 00 00
2025-11-08T01:56:42.595,61.956,can0  206  [16]  8B 0C D3 07 A3 0C DA DC E9 07 BB 0C B3 0C 00 00
2025-11-08T01:56:42.595,61.956,can0  204  [16]  2F 34 50 46 50 46 50 46 BC 34 20 4E 30 75 00 00
2025-11-08T01:56:42.595,61.956,can0  204  [16]  52 34 50 46 50 46 50 46 BC 34 20 4E 30 75 00 00
2025-11-08T01:56:42.595,61.956,can0  204  [16]  75 34 50 46 50 46 50 46 BC 34 20 4E 30 75 00 00
2025-11-08T01:56:42.595,61.956,can0  041  [04]  9F 00 02 00
2025-11-08T01:56:42.596,61.956,can0  206  [16]  9B 0C D8 07 9F 0C B1 E0 ED 07 C3 0C AB 0C 00 00
2025-11-08T01:56:42.606,61.967,can0  204  [16]  75 34 50 46 50 46 50 46 BC 34 20 4E 30 75 00 00
2025-11-08T01:56:42.606,61.967,can0  204  [16]  75 34 50 46 50 46 50 46 BC 34 20 4E 30 75 00 00
2025-11-08T01:56:42.626,61.987,can0  204  [16]  75 34 50 46 50 46 50 46 BC 34 20 4E 30 75 00 00
2025-11-08T01:56:43.046,62.407,can0  206  [16]  CB 0C D3 07 77 0C 7E E4 EB 07 C3 0C A3 0C 00 00
2025-11-08T01:56:43.047,62.407,can0  204  [16]  75 34 50 46 50 46 50 46 BC 34 20 4E 30 75 00 00
2025-11-08T01:56:43.047,62.407,can0  204  [16]  75 34 50 46 50 46 50 46 BC 34 20 4E 30 75 00 00
2025-11-08T01:56:43.047,62.407,can0  041  [04]  9F 00 02 00
2025-11-08T01:56:43.047,62.407,can0  204  [16]  75 34 50 46 50 46 50 46 BC 34 20 4E 30 75 00 00
2025-11-08T01:56:43.047,62.407,can0  206  [16]  9F 0C D6 07 A7 0C 99 C6 E0 07 BB 0C A7 0C 00 00
2025-11-08T01:56:43.047,62.407,can0  204  [16]  75 34 50 46 50 46 50 46 BC 34 20 4E 30 75 00 00
2025-11-08T01:56:43.047,62.407,can0  204  [16]  75 34 50 46 50 46 50 46 BC 34 20 4E 30 75 00 00
2025-11-08T01:56:43.058,62.419,can0  204  [16]  75 34 50 46 50 46 50 46 BC 34 20 4E 30 75 00 00
2025-11-08T01:56:43.058,62.419,can0  206  [16]  9F 0C D3 07 9F 0C DA DC EB 07 C3 0C AB 0C 00 00
2025-11-08T01:56:43.058,62.419,can0  041  [04]  B5 00 02 00
2025-11-08T01:56:43.058,62.419,can0  204  [16]  75 34 50 46 50 46 50 46 BC 34 20 4E 30 75 00 00
2025-11-08T01:56:43.666,63.026,can0  204  [16]  75 34 50 46 50 46 50 46 BC 34 20 4E 30 75 00 00
2025-11-08T01:56:43.666,63.026,can0  204  [16]  75 34 50 46 50 46 50 46 BC 34 20 4E 30 75 00 00
2025-11-08T01:56:43.666,63.026,can0  206  [16]  73 0C D3 07 CF 0C 99 C6 E9 07 BB 0C A7 0C 00 00
2025-11-08T01:56:43.666,63.026,can0  204  [16]  75 34 50 46 50 46 50 46 BC 34 20 4E 30 75 00 00
2025-11-08T01:56:43.666,63.026,can0  204  [16]  75 34 50 46 50 46 50 46 BC 34 20 4E 30 75 00 00
2025-11-08T01:56:43.666,63.026,can0  041  [04]  8B 00 02 00
2025-11-08T01:56:43.666,63.026,can0  206  [16]  A7 0C D3 07 9B 0C DA DC E9 07 C7 0C A7 0C 00 00
2025-11-08T01:56:43.676,63.037,can0  204  [16]  75 34 50 46 50 46 50 46 BC 34 20 4E 30 75 00 00
2025-11-08T01:56:43.676,63.037,can0  204  [16]  75 34 50 46 50 46 50 46 BC 34 20 4E 30 75 00 00
2025-11-08T01:56:43.676,63.037,can0  204  [16]  75 34 50 46 50 46 50 46 BC 34 20 4E 30 75 00 00
2025-11-08T01:56:43.676,63.037,can0  206  [16]  B3 0C D6 07 A7 0C B1 E0 ED 07 BF 0C 97 0C 00 00
2025-11-08T01:56:43.676,63.037,can0  204  [16]  75 34 50 46 50 46 50 46 BC 34 20 4E 30 75 00 00
2025-11-08T01:56:43.676,63.037,can0  041  [04]  B5 00 02 00
2025-11-08T01:56:43.676,63.037,can0  204  [16]  75 34 50 46 50 46 50 46 BC 34 20 4E 30 75 00 00
2025-11-08T01:56:43.676,63.037,can0  204  [16]  75 34 50 46 50 46 50 46 BC 34 20 4E 30 75 00 00
2025-11-08T01:56:43.676,63.037,can0  206  [16]  AB 0C D8 07 97 0C DA DC EB 07 C3 0C A3 0C 00 00
2025-11-08T01:56:43.687,63.047,can0  204  [16]  75 34 50 46 50 46 50 46 BC 34 20 4E 30 75 00 00
2025-11-08T01:56:43.687,63.048,can0  204  [16]  75 34 50 46 50 46 50 46 BC 34 20 4E 30 75 00 00
2025-11-08T01:56:44.207,63.567,can0  204  [16]  75 34 50 46 50 46 50 46 BC 34 20 4E 30 75 00 00
2025-11-08T01:56:44.211,63.572,can0  041  [04]  8B 00 02 00
2025-11-08T01:56:44.211,63.572,can0  206  [16]  83 0C D3 07 B7 0C 99 C6 E9 07 C3 0C AB 0C 00 00
2025-11-08T01:56:44.211,63.572,can0  204  [16]  75 34 50 46 50 46 50 46 BC 34 20 4E 30 75 00 00
2025-11-08T01:56:44.211,63.572,can0  204  [16]  75 34 50 46 50 46 50 46 BC 34 20 4E 30 75 00 00
2025-11-08T01:56:44.211,63.572,can0  204  [16]  75 34 50 46 50 46 50 46 BC 34 20 4E 30 75 00 00
2025-11-08T01:56:44.211,63.572,can0  206  [16]  9F 0C D6 07 A3 0C B1 E0 ED 07 BB 0C A7 0C 00 00
2025-11-08T01:56:44.222,63.582,can0  204  [16]  75 34 50 46 50 46 50 46 BC 34 20 4E 30 75 00 00
2025-11-08T01:56:44.222,63.582,can0  204  [16]  75 34 50 46 50 46 50 46 BC 34 20 4E 30 75 00 00
2025-11-08T01:56:44.222,63.582,can0  041  [04]  8B 00 02 00
2025-11-08T01:56:44.222,63.582,can0  206  [16]  9F 0C D1 07 A3 0C 3A DF FC 07 C7 0C A7 0C 00 00
2025-11-08T01:56:44.222,63.582,can0  204  [16]  75 34 50 46 50 46 50 46 BC 34 20 4E 30 75 00 00
2025-11-08T01:56:44.232,63.592,can0  204  [16]  75 34 50 46 50 46 50 46 BC 34 20 4E 30 75 00 00
2025-11-08T01:56:44.858,64.219,can0  204  [16]  75 34 50 46 50 46 50 46 BC 34 20 4E 30 75 00 00
2025-11-08T01:56:44.859,64.219,can0  206  [16]  7F 0C D3 07 9F 0C DA DC EF 07 C3 0C CB 0C 00 00
2025-11-08T01:56:44.859,64.219,can0  204  [16]  75 34 50 46 50 46 50 46 BC 34 20 4E 30 75 00 00
2025-11-08T01:56:44.859,64.219,can0  041  [04]  8B 00 02 00
2025-11-08T01:56:44.859,64.219,can0  204  [16]  75 34 50 46 50 46 50 46 BC 34 20 4E 30 75 00 00
2025-11-08T01:56:44.859,64.219,can0  204  [16]  75 34 50 46 50 46 50 46 BC 34 20 4E 30 75 00 00
2025-11-08T01:56:44.859,64.219,can0  206  [16]  AB 0C DA 07 9B 0C 3A DF EB 07 C7 0C 9F 0C 00 00
2025-11-08T01:56:44.859,64.219,can0  204  [16]  75 34 50 46 50 46 50 46 BC 34 20 4E 30 75 00 00
2025-11-08T01:56:44.859,64.219,can0  204  [16]  75 34 50 46 50 46 50 46 BC 34 20 4E 30 75 00 00
2025-11-08T01:56:44.869,64.229,can0  041  [04]  B5 00 02 00
2025-11-08T01:56:44.869,64.229,can0  204  [16]  75 34 50 46 50 46 50 46 BC 34 20 4E 30 75 00 00
2025-11-08T01:56:44.869,64.230,can0  206  [16]  B7 0C CF 07 93 0C DA DC E9 07 BF 0C 9B 0C 00 00
2025-11-08T01:56:44.869,64.230,can0  204  [16]  75 34 50 46 50 46 50 46 BC 34 20 4E 30 75 00 00
2025-11-08T01:56:44.869,64.230,can0  204  [16]  75 34 50 46 50 46 50 46 BC 34 20 4E 30 75 00 00
2025-11-08T01:56:44.869,64.230,can0  204  [16]  75 34 50 46 50 46 50 46 BC 34 20 4E 30 75 00 00
2025-11-08T01:56:44.880,64.241,can0  206  [16]  A3 0C D3 07 9B 0C DA DC ED 07 BF 0C A7 0C 00 00
2025-11-08T01:56:44.880,64.241,can0  204  [16]  75 34 50 46 50 46 50 46 BC 34 20 4E 30 75 00 00
2025-11-08T01:56:45.386,64.746,can0  041  [04]  B5 00 00 00
2025-11-08T01:56:45.396,64.757,can0  204  [16]  75 34 50 46 50 46 50 46 BC 34 20 4E 30 75 00 00
2025-11-08T01:56:45.396,64.757,can0  204  [16]  75 34 50 46 50 46 50 46 BC 34 20 4E 30 75 00 00
2025-11-08T01:56:45.406,64.767,can0  206  [16]  A3 0C D6 07 97 0C 3A DF EB 07 C3 0C AB 0C 00 00
2025-11-08T01:56:45.406,64.767,can0  204  [16]  75 34 50 46 50 46 50 46 BC 34 20 4E 30 75 00 00
2025-11-08T01:56:45.406,64.767,can0  204  [16]  75 34 50 46 50 46 50 46 BC 34 20 4E 30 75 00 00
2025-11-08T01:56:45.406,64.767,can0  206  [16]  9F 0C D8 07 9B 0C 3A DF EB 07 C3 0C AB 0C 00 00
2025-11-08T01:56:45.406,64.767,can0  041  [04]  8B 00 00 00
2025-11-08T01:56:45.417,64.777,can0  204  [16]  75 34 50 46 50 46 50 46 BC 34 20 4E 30 75 00 00
2025-11-08T01:56:45.417,64.777,can0  204  [16]  75 34 50 46 50 46 50 46 BC 34 20 4E 30 75 00 00
2025-11-08T01:56:45.417,64.777,can0  204  [16]  75 34 50 46 50 46 50 46 BC 34 20 4E 30 75 00 00
2025-11-08T01:56:45.427,64.788,can0  206  [16]  A3 0C D3 07 9B 0C 3A DF ED 07 C3 0C AB 0C 00 00
2025-11-08T01:56:45.427,64.788,can0  204  [16]  75 34 50 46 50 46 50 46 BC 34 20 4E 30 75 00 00
2025-11-08T01:56:45.437,64.798,can0  204  [16]  75 34 50 46 50 46 50 46 BC 34 20 4E 30 75 00 00
2025-11-08T01:56:45.437,64.798,can0  041  [04]  8B 00 00 00
2025-11-08T01:56:45.437,64.798,can0  204  [16]  75 34 50 46 50 46 50 46 BC 34 20 4E 30 75 00 00
2025-11-08T01:56:46.074,65.434,can0  206  [16]  B3 0C D3 07 87 0C DA DC ED 07 C7 0C AB 0C 00 00
2025-11-08T01:56:46.074,65.435,can0  204  [16]  75 34 50 46 50 46 50 46 BC 34 20 4E 30 75 00 00
2025-11-08T01:56:46.074,65.435,can0  204  [16]  75 34 50 46 50 46 50 46 BC 34 20 4E 30 75 00 00
2025-11-08T01:56:46.086,65.446,can0  204  [16]  75 34 50 46 50 46 50 46 BC 34 20 4E 30 75 00 00
2025-11-08T01:56:46.086,65.446,can0  206  [16]  B3 0C D3 07 A3 0C 99 C6 E9 07 CB 0C 93 0C 00 00
2025-11-08T01:56:46.086,65.447,can0  204  [16]  75 34 50 46 50 46 50 46 BC 34 20 4E 30 75 00 00
2025-11-08T01:56:46.086,65.447,can0  041  [04]  2F 00 02 00
2025-11-08T01:56:46.086,65.447,can0  204  [16]  75 34 50 46 50 46 50 46 BC 34 20 4E 30 75 00 00
2025-11-08T01:56:46.086,65.447,can0  204  [16]  75 34 50 46 50 46 50 46 BC 34 20 4E 30 75 00 00
2025-11-08T01:56:46.086,65.447,can0  206  [16]  A3 0C DE 07 A3 0C DA DC E9 07 C7 0C A3 0C 00 00
2025-11-08T01:56:46.086,65.447,can0  204  [16]  75 34 50 46 50 46 50 46 BC 34 20 4E 30 75 00 00
2025-11-08T01:56:46.086,65.447,can0  204  [16]  75 34 50 46 50 46 50 46 BC 34 20 4E 30 75 00 00
2025-11-08T01:56:46.086,65.447,can0  041  [04]  2F 00 02 00
2025-11-08T01:56:46.097,65.458,can0  204  [16]  75 34 50 46 50 46 50 46 BC 34 20 4E 30 75 00 00
2025-11-08T01:56:46.097,65.458,can0  206  [16]  A3 0C D3 07 9F 0C 3A DF EB 07 C7 0C A7 0C 00 00
2025-11-08T01:56:46.097,65.458,can0  204  [16]  75 34 50 46 50 46 50 46 BC 34 20 4E 30 75 00 00
2025-11-08T01:56:46.097,65.458,can0  204  [16]  75 34 50 46 50 46 50 46 BC 34 20 4E 30 75 00 00
2025-11-08T01:56:46.097,65.458,can0  206  [16]  A3 0C F6 07 A3 0C F4 E3 ED 07 CB 0C A3 0C 00 00
2025-11-08T01:56:46.097,65.458,can0  204  [16]  75 34 50 46 50 46 50 46 BC 34 20 4E 30 75 00 00
2025-11-08T01:56:46.707,66.067,can0  204  [16]  75 34 50 46 50 46 50 46 BC 34 20 4E 30 75 00 00
2025-11-08T01:56:46.707,66.067,can0  041  [04]  8B 00 02 00
2025-11-08T01:56:46.707,66.067,can0  204  [16]  75 34 50 46 50 46 50 46 BC 34 20 4E 30 75 00 00
2025-11-08T01:56:46.707,66.067,can0  206  [16]  9F 0C D6 07 9F 0C 99 C6 E9 07 A7 0C A7 0C 00 00
2025-11-08T01:56:46.707,66.067,can0  204  [16]  75 34 50 46 50 46 50 46 BC 34 20 4E 30 75 00 00
2025-11-08T01:56:46.707,66.067,can0  204  [16]  75 34 50 46 50 46 50 46 BC 34 20 4E 30 75 00 00
2025-11-08T01:56:46.707,66.067,can0  204  [16]  75 34 50 46 50 46 50 46 BC 34 20 4E 30 75 00 00
2025-11-08T01:56:46.717,66.078,can0  206  [16]  A3 0C E5 07 4E 0C 3A DF EF 07 10 0D A7 0C 00 00
2025-11-08T01:56:46.717,66.078,can0  041  [04]  2F 00 02 00
2025-11-08T01:56:46.717,66.078,can0  204  [16]  75 34 50 46 50 46 50 46 BC 34 20 4E 30 75 00 00
2025-11-08T01:56:46.717,66.078,can0  204  [16]  75 34 50 46 50 46 50 46 BC 34 20 4E 30 75 00 00
2025-11-08T01:56:46.717,66.078,can0  204  [16]  75 34 50 46 50 46 50 46 BC 34 20 4E 30 75 00 00
2025-11-08T01:56:46.717,66.078,can0  206  [16]  9F 0C D6 07 9F 0C 3A DF ED 07 BF 0C AB 0C 00 00
2025-11-08T01:56:46.717,66.078,can0  204  [16]  75 34 50 46 50 46 50 46 BC 34 20 4E 30 75 00 00
2025-11-08T01:56:46.718,66.079,can0  204  [16]  75 34 50 46 50 46 50 46 BC 34 20 4E 30 75 00 00
2025-11-08T01:56:46.718,66.079,can0  041  [04]  02 00 02 00
2025-11-08T01:56:47.413,66.774,can0  204  [16]  75 34 50 46 50 46 50 46 BC 34 20 4E 30 75 00 00
2025-11-08T01:56:47.424,66.784,can0  206  [16]  A3 0C D3 07 8B 0C DA DC ED 07 CF 0C A7 0C 00 00
2025-11-08T01:56:47.424,66.784,can0  204  [16]  75 34 50 46 50 46 50 46 BC 34 20 4E 30 75 00 00
2025-11-08T01:56:47.424,66.784,can0  204  [16]  75 34 50 46 50 46 50 46 BC 34 20 4E 30 75 00 00
2025-11-08T01:56:47.424,66.784,can0  204  [16]  75 34 50 46 50 46 50 46 BC 34 20 4E 30 75 00 00
2025-11-08T01:56:47.424,66.784,can0  206  [16]  AB 0C D3 07 93 0C 99 C6 EF 07 CB 0C A7 0C 00 00
2025-11-08T01:56:47.424,66.785,can0  204  [16]  75 34 50 46 50 46 50 46 BC 34 20 4E 30 75 00 00
2025-11-08T01:56:47.434,66.795,can0  041  [04]  02 00 02 00
2025-11-08T01:56:47.434,66.795,can0  204  [16]  75 34 50 46 50 46 50 46 BC 34 20 4E 30 75 00 00
2025-11-08T01:56:47.434,66.795,can0  204  [16]  75 34 50 46 50 46 50 46 BC 34 20 4E 30 75 00 00
2025-11-08T01:56:47.434,66.795,can0  206  [16]  A7 0C D3 07 9B 0C B1 E0 ED 07 C3 0C 9F 0C 00 00
2025-11-08T01:56:47.434,66.795,can0  204  [16]  75 34 50 46 50 46 50 46 BC 34 20 4E 30 75 00 00
2025-11-08T01:56:47.434,66.795,can0  204  [16]  75 34 50 46 50 46 50 46 BC 34 20 4E 30 75 00 00
2025-11-08T01:56:47.434,66.795,can0  041  [04]  8B 00 02 00
2025-11-08T01:56:47.435,66.795,can0  204  [16]  75 34 50 46 50 46 50 46 BC 34 20 4E 30 75 00 00
2025-11-08T01:56:47.445,66.805,can0  206  [16]  9F 0C B5 07 A3 0C DA DC E9 07 BF 0C A7 0C 00 00
2025-11-08T01:56:47.445,66.806,can0  204  [16]  75 34 50 46 50 46 50 46 BC 34 20 4E 30 75 00 00
2025-11-08T01:56:47.445,66.806,can0  204  [16]  75 34 50 46 50 46 50 46 BC 34 20 4E 30 75 00 00
2025-11-08T01:56:48.210,67.571,can0  206  [16]  A3 0C DC 07 A3 0C DA DC ED 07 C3 0C A3 0C 00 00
2025-11-08T01:56:48.210,67.571,can0  204  [16]  75 34 50 46 50 46 50 46 BC 34 20 4E 30 75 00 00
2025-11-08T01:56:48.210,67.571,can0  041  [04]  B5 00 02 00
2025-11-08T01:56:48.210,67.571,can0  204  [16]  75 34 50 46 50 46 50 46 BC 34 20 4E 30 75 00 00
2025-11-08T01:56:48.210,67.571,can0  204  [16]  75 34 50 46 50 46 50 46 BC 34 20 4E 30 75 00 00
2025-11-08T01:56:48.221,67.581,can0  206  [16]  C7 0C D3 07 9B 0C 99 C6 ED 07 C7 0C 83 0C 00 00
2025-11-08T01:56:48.221,67.581,can0  204  [16]  75 34 50 46 50 46 50 46 BC 34 20 4E 30 75 00 00
2025-11-08T01:56:48.221,67.581,can0  204  [16]  75 34 50 46 50 46 50 46 BC 34 20 4E 30 75 00 00
2025-11-08T01:56:48.221,67.581,can0  204  [16]  75 34 50 46 50 46 50 46 BC 34 20 4E 30 75 00 00
2025-11-08T01:56:48.221,67.581,can0  041  [04]  8B 00 02 00
2025-11-08T01:56:48.221,67.581,can0  206  [16]  A3 0C D3 07 8F 0C 99 C6 EB 07 DB 0C A3 0C 00 00
2025-11-08T01:56:48.221,67.581,can0  204  [16]  75 34 50 46 50 46 50 46 BC 34 20 4E 30 75 00 00
2025-11-08T01:56:48.222,67.583,can0  204  [16]  75 34 50 46 50 46 50 46 BC 34 20 4E 30 75 00 00
2025-11-08T01:56:48.222,67.583,can0  204  [16]  75 34 50 46 50 46 50 46 BC 34 20 4E 30 75 00 00
2025-11-08T01:56:48.222,67.583,can0  206  [16]  A3 0C D3 07 9F 0C DA DC E9 07 BF 0C A7 0C 00 00
2025-11-08T01:56:48.222,67.583,can0  204  [16]  75 34 50 46 50 46 50 46 BC 34 20 4E 30 75 00 00
2025-11-08T01:56:48.232,67.593,can0  204  [16]  75 34 50 46 50 46 50 46 BC 34 20 4E 30 75 00 00
2025-11-08T01:56:48.232,67.593,can0  041  [04]  B5 00 02 00
2025-11-08T01:56:48.232,67.593,can0  204  [16]  75 34 50 46 50 46 50 46 BC 34 20 4E 30 75 00 00
2025-11-08T01:56:48.232,67.593,can0  206  [16]  9F 0C D6 07 9F 0C 99 C6 EB 07 BF 0C AB 0C 00 00
2025-11-08T01:56:48.232,67.593,can0  204  [16]  75 34 50 46 50 46 50 46 BC 34 20 4E 30 75 00 00
2025-11-08T01:56:48.232,67.593,can0  204  [16]  75 34 50 46 50 46 50 46 BC 34 20 4E 30 75 00 00
2025-11-08T01:56:48.694,68.055,can0  206  [16]  A3 0C CD 07 97 0C 99 C6 E5 07 E8 0C A7 0C 00 00
2025-11-08T01:56:48.694,68.055,can0  204  [16]  75 34 50 46 50 46 50 46 BC 34 20 4E 30 75 00 00
2025-11-08T01:56:48.694,68.055,can0  041  [04]  B5 00 02 00
2025-11-08T01:56:48.694,68.055,can0  204  [16]  75 34 50 46 50 46 50 46 BC 34 20 4E 30 75 00 00
2025-11-08T01:56:48.694,68.055,can0  204  [16]  75 34 50 46 50 46 50 46 BC 34 20 4E 30 75 00 00
2025-11-08T01:56:48.694,68.055,can0  206  [16]  A3 0C DA 07 97 0C B1 E0 EB 07 C7 0C AF 0C 00 00
2025-11-08T01:56:48.694,68.055,can0  204  [16]  75 34 50 46 50 46 50 46 BC 34 20 4E 30 75 00 00
2025-11-08T01:56:48.694,68.055,can0  204  [16]  75 34 50 46 50 46 50 46 BC 34 20 4E 30 75 00 00
2025-11-08T01:56:48.694,68.055,can0  204  [16]  75 34 50 46 50 46 50 46 BC 34 20 4E 30 75 00 00
2025-11-08T01:56:48.694,68.055,can0  041  [04]  B5 00 00 00
2025-11-08T01:56:48.694,68.055,can0  206  [16]  A3 0C D8 07 9F 0C DA DC ED 07 C3 0C A3 0C 00 00
2025-11-08T01:56:48.706,68.067,can0  204  [16]  75 34 50 46 50 46 50 46 BC 34 20 4E 30 75 00 00
2025-11-08T01:56:48.706,68.067,can0  204  [16]  75 34 50 46 50 46 50 46 BC 34 20 4E 30 75 00 00
2025-11-08T01:56:48.706,68.067,can0  204  [16]  75 34 50 46 50 46 50 46 BC 34 20 4E 30 75 00 00
2025-11-08T01:56:49.317,68.678,can0  206  [16]  A3 0C D3 07 A3 0C C5 E1 EB 07 C7 0C A7 0C 00 00
2025-11-08T01:56:49.318,68.678,can0  204  [16]  75 34 50 46 50 46 50 46 BC 34 20 4E 30 75 00 00
2025-11-08T01:56:49.318,68.678,can0  041  [04]  8B 00 00 00
2025-11-08T01:56:49.330,68.691,can0  204  [16]  75 34 50 46 50 46 50 46 BC 34 20 4E 30 75 00 00
2025-11-08T01:56:49.330,68.691,can0  204  [16]  75 34 50 46 50 46 50 46 BC 34 20 4E 30 75 00 00
2025-11-08T01:56:49.330,68.691,can0  206  [16]  A7 0C D6 07 97 0C B1 E0 ED 07 C7 0C A7 0C 00 00
2025-11-08T01:56:49.330,68.691,can0  204  [16]  75 34 50 46 50 46 50 46 BC 34 20 4E 30 75 00 00
2025-11-08T01:56:49.330,68.691,can0  204  [16]  75 34 50 46 50 46 50 46 BC 34 20 4E 30 75 00 00
2025-11-08T01:56:49.330,68.691,can0  204  [16]  75 34 50 46 50 46 50 46 BC 34 20 4E 30 75 00 00
2025-11-08T01:56:49.330,68.691,can0  206  [16]  9B 0C D6 07 A3 0C 99 C6 EB 07 BB 0C AB 0C 00 00
2025-11-08T01:56:49.330,68.691,can0  041  [04]  8B 00 00 00
2025-11-08T01:56:49.330,68.691,can0  204  [16]  75 34 50 46 50 46 50 46 BC 34 20 4E 30 75 00 00
2025-11-08T01:56:50.026,69.386,can0  204  [16]  75 34 50 46 50 46 50 46 BC 34 20 4E 30 75 00 00
2025-11-08T01:56:50.026,69.386,can0  206  [16]  A7 0C D6 07 9B 0C 3A DF EB 07 C7 0C A3 0C 00 00
2025-11-08T01:56:50.026,69.386,can0  204  [16]  75 34 50 46 50 46 50 46 BC 34 20 4E 30 75 00 00
2025-11-08T01:56:50.026,69.386,can0  204  [16]  75 34 50 46 50 46 50 46 BC 34 20 4E 30 75 00 00
2025-11-08T01:56:50.026,69.387,can0  041  [04]  2F 00 00 00
2025-11-08T01:56:50.026,69.387,can0  204  [16]  75 34 50 46 50 46 50 46 BC 34 20 4E 30 75 00 00
2025-11-08T01:56:50.037,69.397,can0  206  [16]  A3 0C D8 07 9B 0C B1 E0 E3 07 C7 0C A7 0C 00 00
2025-11-08T01:56:50.037,69.397,can0  204  [16]  75 34 50 46 50 46 50 46 BC 34 20 4E 30 75 00 00
2025-11-08T01:56:50.037,69.397,can0  204  [16]  75 34 50 46 50 46 50 46 BC 34 20 4E 30 75 00 00
2025-11-08T01:56:50.037,69.397,can0  204  [16]  75 34 50 46 50 46 50 46 BC 34 20 4E 30 75 00 00
2025-11-08T01:56:50.037,69.397,can0  206  [16]  A3 0C D6 07 9F 0C A0 E2 E7 07 BF 0C A7 0C 00 00
2025-11-08T01:56:50.037,69.397,can0  204  [16]  75 34 50 46 50 46 50 46 BC 34 20 4E 30 75 00 00
2025-11-08T01:56:50.047,69.407,can0  041  [04]  B5 00 02 00
2025-11-08T01:56:50.047,69.407,can0  204  [16]  75 34 50 46 50 46 50 46 BC 34 20 4E 30 75 00 00
2025-11-08T01:56:50.047,69.407,can0  204  [16]  75 34 50 46 50 46 50 46 BC 34 20 4E 30 75 00 00
2025-11-08T01:56:50.047,69.408,can0  206  [16]  AF 0C D6 07 97 0C DA DC EB 07 BB 0C A3 0C 00 00
2025-11-08T01:56:50.047,69.408,can0  204  [16]  75 34 50 46 50 46 50 46 BC 34 20 4E 30 75 00 00
2025-11-08T01:56:50.047,69.408,can0  204  [16]  75 34 50 46 50 46 50 46 BC 34 20 4E 30 75 00 00
2025-11-08T01:56:50.047,69.408,can0  041  [04]  B5 00 02 00
2025-11-08T01:56:50.047,69.408,can0  204  [16]  75 34 50 46 50 46 50 46 BC 34 20 4E 30 75 00 00
2025-11-08T01:56:50.058,69.419,can0  206  [16]  9F 0C D6 07 97 0C DA DC ED 07 C7 0C AB 0C 00 00
2025-11-08T01:56:50.058,69.419,can0  204  [16]  75 34 50 46 50 46 50 46 BC 34 20 4E 30 75 00 00
2025-11-08T01:56:50.758,70.118,can0  204  [16]  75 34 50 46 50 46 50 46 BC 34 20 4E 30 75 00 00
2025-11-08T01:56:50.758,70.119,can0  204  [16]  75 34 50 46 50 46 50 46 BC 34 20 4E 30 75 00 00
2025-11-08T01:56:50.758,70.119,can0  206  [16]  9F 0C CD 07 9F 0C DA DC E9 07 C3 0C A7 0C 00 00
2025-11-08T01:56:50.758,70.119,can0  204  [16]  75 34 50 46 50 46 50 46 BC 34 20 4E 30 75 00 00
2025-11-08T01:56:50.758,70.119,can0  041  [04]  8B 00 02 00
2025-11-08T01:56:50.758,70.119,can0  204  [16]  75 34 50 46 50 46 50 46 BC 34 20 4E 30 75 00 00
2025-11-08T01:56:50.758,70.119,can0  206  [16]  A3 0C D6 07 9F 0C DA DC ED 07 BB 0C A7 0C 00 00
2025-11-08T01:56:50.758,70.119,can0  204  [16]  75 34 50 46 50 46 50 46 BC 34 20 4E 30 75 00 00
2025-11-08T01:56:50.768,70.129,can0  204  [16]  75 34 50 46 50 46 50 46 BC 34 20 4E 30 75 00 00
2025-11-08T01:56:50.768,70.129,can0  204  [16]  75 34 50 46 50 46 50 46 BC 34 20 4E 30 75 00 00
2025-11-08T01:56:50.768,70.129,can0  206  [16]  9B 0C D3 07 9F 0C 99 C6 E9 07 C7 0C AB 0C 00 00
2025-11-08T01:56:50.768,70.129,can0  041  [04]  2F 00 02 00
2025-11-08T01:56:50.768,70.129,can0  204  [16]  75 34 50 46 50 46 50 46 BC 34 20 4E 30 75 00 00
2025-11-08T01:56:50.768,70.129,can0  204  [16]  75 34 50 46 50 46 50 46 BC 34 20 4E 30 75 00 00
2025-11-08T01:56:50.768,70.129,can0  204  [16]  75 34 50 46 50 46 50 46 BC 34 20 4E 30 75 00 00
2025-11-08T01:56:50.768,70.129,can0  206  [16]  9F 0C D1 07 9F 0C 99 C6 E9 07 B7 0C A7 0C 00 00
2025-11-08T01:56:50.779,70.139,can0  204  [16]  75 34 50 46 50 46 50 46 BC 34 20 4E 30 75 00 00
2025-11-08T01:56:50.779,70.139,can0  204  [16]  75 34 50 46 50 46 50 46 BC 34 20 4E 30 75 00 00
2025-11-08T01:56:51.495,70.856,can0  041  [04]  2F 00 02 00
2025-11-08T01:56:51.495,70.856,can0  204  [16]  75 34 50 46 50 46 50 46 BC 34 20 4E 30 75 00 00
2025-11-08T01:56:51.495,70.856,can0  206  [16]  B7 0C D6 07 A3 0C 99 C6 EB 07 C3 0C 8F 0C 00 00
2025-11-08T01:56:51.495,70.856,can0  204  [16]  75 34 50 46 50 46 50 46 BC 34 20 4E 30 75 00 00
2025-11-08T01:56:51.506,70.866,can0  204  [16]  75 34 50 46 50 46 50 46 BC 34 20 4E 30 75 00 00
2025-11-08T01:56:51.506,70.866,can0  204  [16]  75 34 50 46 50 46 50 46 BC 34 20 4E 30 75 00 00
2025-11-08T01:56:51.506,70.866,can0  206  [16]  A7 0C D6 07 A3 0C DA DC E7 07 B7 0C A3 0C 00 00
2025-11-08T01:56:51.506,70.866,can0  204  [16]  75 34 50 46 50 46 50 46 BC 34 20 4E 30 75 00 00
2025-11-08T01:56:51.506,70.866,can0  041  [04]  8B 00 02 00
2025-11-08T01:56:51.506,70.866,can0  204  [16]  75 34 50 46 50 46 50 46 BC 34 20 4E 30 75 00 00
2025-11-08T01:56:51.506,70.866,can0  204  [16]  75 34 50 46 50 46 50 46 BC 34 20 4E 30 75 00 00
2025-11-08T01:56:51.506,70.866,can0  206  [16]  97 0C D3 07 9F 0C C5 E1 EB 07 C3 0C AF 0C 00 00
2025-11-08T01:56:51.506,70.866,can0  204  [16]  75 34 50 46 50 46 50 46 BC 34 20 4E 30 75 00 00
2025-11-08T01:56:51.516,70.876,can0  204  [16]  75 34 50 46 50 46 50 46 BC 34 20 4E 30 75 00 00
2025-11-08T01:56:51.516,70.876,can0  041  [04]  B5 00 02 00
2025-11-08T01:56:51.516,70.877,can0  204  [16]  75 34 50 46 50 46 50 46 BC 34 20 4E 30 75 00 00
2025-11-08T01:56:51.516,70.877,can0  206  [16]  A3 0C D1 07 A3 0C 3A DF ED 07 B7 0C AB 0C 00 00
2025-11-08T01:56:51.516,70.877,can0  204  [16]  75 34 50 46 50 46 50 46 BC 34 20 4E 30 75 00 00
2025-11-08T01:56:51.516,70.877,can0  204  [16]  75 34 50 46 50 46 50 46 BC 34 20 4E 30 75 00 00
2025-11-08T01:56:51.516,70.877,can0  206  [16]  A3 0C D8 07 9B 0C B1 E0 EB 07 C7 0C A7 0C 00 00
2025-11-08T01:56:51.516,70.877,can0  204  [16]  75 34 50 46 50 46 50 46 BC 34 20 4E 30 75 00 00
2025-11-08T01:56:51.527,70.888,can0  204  [16]  75 34 50 46 50 46 50 46 BC 34 20 4E 30 75 00 00
2025-11-08T01:56:51.527,70.888,can0  041  [04]  B5 00 02 00
2025-11-08T01:56:51.527,70.888,can0  204  [16]  75 34 50 46 50 46 50 46 BC 34 20 4E 30 75 00 00
2025-11-08T01:56:52.217,71.578,can0  206  [16]  A7 0C D3 07 9B 0C DA DC EB 07 CB 0C A3 0C 00 00
2025-11-08T01:56:52.228,71.588,can0  204  [16]  75 34 50 46 50 46 50 46 BC 34 20 4E 30 75 00 00
2025-11-08T01:56:52.228,71.588,can0  204  [16]  75 34 50 46 50 46 50 46 BC 34 20 4E 30 75 00 00
2025-11-08T01:56:52.228,71.588,can0  204  [16]  75 34 50 46 50 46 50 46 BC 34 20 4E 30 75 00 00
2025-11-08T01:56:52.228,71.588,can0  206  [16]  97 0C D6 07 9B 0C C5 E1 EB 07 C3 0C B3 0C 00 00
2025-11-08T01:56:52.228,71.588,can0  041  [04]  9F 00 02 00
2025-11-08T01:56:52.228,71.588,can0  204  [16]  75 34 50 46 50 46 50 46 BC 34 20 4E 30 75 00 00
2025-11-08T01:56:52.228,71.588,can0  204  [16]  75 34 50 46 50 46 50 46 BC 34 20 4E 30 75 00 00
2025-11-08T01:56:52.228,71.589,can0  204  [16]  75 34 50 46 50 46 50 46 BC 34 20 4E 30 75 00 00
2025-11-08T01:56:52.228,71.589,can0  206  [16]  9F 0C D6 07 A3 0C DA DC E7 07 BF 0C AB 0C 00 00
2025-11-08T01:56:52.239,71.599,can0  204  [16]  75 34 50 46 50 46 50 46 BC 34 20 4E 30 75 00 00
2025-11-08T01:56:52.239,71.599,can0  204  [16]  75 34 50 46 50 46 50 46 BC 34 20 4E 30 75 00 00
2025-11-08T01:56:52.239,71.599,can0  041  [04]  B5 00 02 00
2025-11-08T01:56:52.239,71.599,can0  204  [16]  75 34 50 46 50 46 50 46 BC 34 20 4E 30 75 00 00
2025-11-08T01:56:52.239,71.599,can0  206  [16]  A7 0C D6 07 97 0C 3A DF ED 07 C3 0C A7 0C 00 00
2025-11-08T01:56:52.239,71.599,can0  204  [16]  75 34 50 46 50 46 50 46 BC 34 20 4E 30 75 00 00
2025-11-08T01:56:52.239,71.599,can0  204  [16]  75 34 50 46 50 46 50 46 BC 34 20 4E 30 75 00 00
2025-11-08T01:56:52.239,71.599,can0  204  [16]  75 34 50 46 50 46 50 46 BC 34 20 4E 30 75 00 00
2025-11-08T01:56:52.249,71.609,can0  206  [16]  C7 0C D3 07 7B 0C DA DC EB 07 C7 0C A3 0C 00 00
2025-11-08T01:56:52.914,72.274,can0  041  [04]  9F 00 02 00
2025-11-08T01:56:52.914,72.274,can0  204  [16]  75 34 50 46 50 46 50 46 BC 34 20 4E 30 75 00 00
2025-11-08T01:56:52.914,72.274,can0  204  [16]  75 34 50 46 50 46 50 46 BC 34 20 4E 30 75 00 00
2025-11-08T01:56:52.925,72.286,can0  204  [16]  75 34 50 46 50 46 50 46 BC 34 20 4E 30 75 00 00
2025-11-08T01:56:52.925,72.286,can0  206  [16]  A7 0C D8 07 9F 0C DA DC EB 07 C7 0C 9F 0C 00 00
2025-11-08T01:56:52.925,72.286,can0  204  [16]  75 34 50 46 50 46 50 46 BC 34 20 4E 30 75 00 00
2025-11-08T01:56:52.925,72.286,can0  204  [16]  75 34 50 46 50 46 50 46 BC 34 20 4E 30 75 00 00
2025-11-08T01:56:52.925,72.286,can0  041  [04]  8B 00 02 00
2025-11-08T01:56:52.925,72.286,can0  206  [16]  9F 0C D1 07 9B 0C DA DC EB 07 CB 0C AB 0C 00 00
2025-11-08T01:56:52.925,72.286,can0  204  [16]  75 34 50 46 50 46 50 46 BC 34 20 4E 30 75 00 00
2025-11-08T01:56:52.925,72.286,can0  204  [16]  75 34 50 46 50 46 50 46 BC 34 20 4E 30 75 00 00
2025-11-08T01:56:52.925,72.286,can0  204  [16]  75 34 50 46 50 46 50 46 BC 34 20 4E 30 75 00 00
2025-11-08T01:56:52.936,72.297,can0  206  [16]  AB 0C D8 07 9B 0C DA DC EF 07 BF 0C 9F 0C 00 00
2025-11-08T01:56:52.936,72.297,can0  204  [16]  75 34 50 46 50 46 50 46 BC 34 20 4E 30 75 00 00
2025-11-08T01:56:52.936,72.297,can0  204  [16]  75 34 50 46 50 46 50 46 BC 34 20 4E 30 75 00 00
2025-11-08T01:56:52.936,72.297,can0  041  [04]  8B 00 02 00
2025-11-08T01:56:52.936,72.297,can0  204  [16]  75 34 50 46 50 46 50 46 BC 34 20 4E 30 75 00 00
2025-11-08T01:56:52.936,72.297,can0  206  [16]  A3 0C D8 07 9B 0C B1 E0 E5 07 BB 0C A7 0C 00 00
2025-11-08T01:56:52.936,72.297,can0  204  [16]  75 34 50 46 50 46 50 46 BC 34 20 4E 30 75 00 00
2025-11-08T01:56:53.552,72.913,can0  204  [16]  75 34 50 46 50 46 50 46 BC 34 20 4E 30 75 00 00
2025-11-08T01:56:53.552,72.913,can0  204  [16]  75 34 50 46 50 46 50 46 BC 34 20 4E 30 75 00 00
2025-11-08T01:56:53.552,72.913,can0  206  [16]  9B 0C D6 07 9B 0C DA DC E9 07 C3 0C AF 0C 00 00
2025-11-08T01:56:53.552,72.913,can0  041  [04]  8B 00 00 00
2025-11-08T01:56:53.552,72.913,can0  204  [16]  75 34 50 46 50 46 50 46 BC 34 20 4E 30 75 00 00
2025-11-08T01:56:53.552,72.913,can0  204  [16]  75 34 50 46 50 46 50 46 BC 34 20 4E 30 75 00 00
2025-11-08T01:56:53.553,72.913,can0  204  [16]  75 34 50 46 50 46 50 46 BC 34 20 4E 30 75 00 00
2025-11-08T01:56:53.553,72.913,can0  206  [16]  8F 0C D3 07 A3 0C DA DC ED 07 CB 0C B3 0C 00 00
2025-11-08T01:56:53.553,72.913,can0  204  [16]  75 34 50 46 50 46 50 46 BC 34 20 4E 30 75 00 00
2025-11-08T01:56:53.563,72.924,can0  041  [04]  7A 00 02 00
2025-11-08T01:56:53.563,72.924,can0  204  [16]  75 34 50 46 50 46 50 46 BC 34 20 4E 30 75 00 00
2025-11-08T01:56:53.563,72.924,can0  204  [16]  75 34 50 46 50 46 50 46 BC 34 20 4E 30 75 00 00
2025-11-08T01:56:53.563,72.924,can0  206  [16]  A7 0C D6 07 9B 0C 99 C6 F6 07 BB 0C A7 0C 00 00
2025-11-08T01:56:53.563,72.924,can0  204  [16]  75 34 50 46 50 46 50 46 BC 34 20 4E 30 75 00 00
2025-11-08T01:56:53.563,72.924,can0  204  [16]  75 34 50 46 50 46 50 46 BC 34 20 4E 30 75 00 00
2025-11-08T01:56:54.336,73.697,can0  206  [16]  A3 0C D6 07 9F 0C C5 E1 ED 07 BF 0C A7 0C 00 00
2025-11-08T01:56:54.337,73.697,can0  204  [16]  75 34 50 46 50 46 50 46 BC 34 20 4E 30 75 00 00
2025-11-08T01:56:54.337,73.697,can0  041  [04]  5E 00 02 00
2025-11-08T01:56:54.347,73.707,can0  204  [16]  75 34 50 46 50 46 50 46 BC 34 20 4E 30 75 00 00
2025-11-08T01:56:54.347,73.707,can0  204  [16]  75 34 50 46 50 46 50 46 BC 34 20 4E 30 75 00 00
2025-11-08T01:56:54.347,73.707,can0  206  [16]  A7 0C CF 07 8F 0C B1 E0 EF 07 CB 0C A7 0C 00 00
2025-11-08T01:56:54.347,73.707,can0  204  [16]  75 34 50 46 50 46 50 46 BC 34 20 4E 30 75 00 00
2025-11-08T01:56:54.347,73.707,can0  204  [16]  75 34 50 46 50 46 50 46 BC 34 20 4E 30 75 00 00
2025-11-08T01:56:54.357,73.718,can0  204  [16]  75 34 50 46 50 46 50 46 BC 34 20 4E 30 75 00 00
2025-11-08T01:56:54.357,73.718,can0  041  [04]  2F 00 02 00
2025-11-08T01:56:54.357,73.718,can0  206  [16]  A7 0C D3 07 A3 0C B1 E0 E9 07 C3 0C A3 0C 00 00
2025-11-08T01:56:54.368,73.729,can0  204  [16]  75 34 50 46 50 46 50 46 BC 34 20 4E 30 75 00 00
2025-11-08T01:56:54.368,73.729,can0  204  [16]  75 34 50 46 50 46 50 46 BC 34 20 4E 30 75 00 00
2025-11-08T01:56:54.368,73.729,can0  204  [16]  75 34 50 46 50 46 50 46 BC 34 20 4E 30 75 00 00
2025-11-08T01:56:54.368,73.729,can0  206  [16]  AB 0C D3 07 9B 0C 3A DF ED 07 B7 0C 9F 0C 00 00
2025-11-08T01:56:54.368,73.729,can0  204  [16]  75 34 50 46 50 46 50 46 BC 34 20 4E 30 75 00 00
2025-11-08T01:56:54.378,73.739,can0  041  [04]  02 00 00 00
2025-11-08T01:56:54.378,73.739,can0  204  [16]  75 34 50 46 50 46 50 46 BC 34 20 4E 30 75 00 00
2025-11-08T01:56:54.378,73.739,can0  204  [16]  75 34 50 46 50 46 50 46 BC 34 20 4E 30 75 00 00
2025-11-08T01:56:54.378,73.739,can0  206  [16]  B3 0C DA 07 9F 0C 99 C6 EB 07 BF 0C 97 0C 00 00
2025-11-08T01:56:54.388,73.749,can0  204  [16]  75 34 50 46 50 46 50 46 BC 34 20 4E 30 75 00 00
2025-11-08T01:56:54.388,73.749,can0  204  [16]  75 34 50 46 50 46 50 46 BC 34 20 4E 30 75 00 00
2025-11-08T01:56:54.907,74.267,can0  206  [16]  AB 0C D1 07 97 0C B1 E0 ED 07 C7 0C A3 0C 00 00
2025-11-08T01:56:54.907,74.267,can0  204  [16]  75 34 50 46 50 46 50 46 BC 34 20 4E 30 75 00 00
2025-11-08T01:56:54.907,74.268,can0  041  [04]  2F 00 00 00
2025-11-08T01:56:54.907,74.268,can0  204  [16]  75 34 50 46 50 46 50 46 BC 34 20 4E 30 75 00 00
2025-11-08T01:56:54.907,74.268,can0  204  [16]  75 34 50 46 50 46 50 46 BC 34 20 4E 30 75 00 00
2025-11-08T01:56:54.907,74.268,can0  206  [16]  A3 0C D6 07 9B 0C 99 C6 E9 07 BF 0C A7 0C 00 00
2025-11-08T01:56:54.907,74.268,can0  204  [16]  75 34 50 46 50 46 50 46 BC 34 20 4E 30 75 00 00
2025-11-08T01:56:54.907,74.268,can0  204  [16]  75 34 50 46 50 46 50 46 BC 34 20 4E 30 75 00 00
2025-11-08T01:56:54.907,74.268,can0  041  [04]  8B 00 00 00
2025-11-08T01:56:54.907,74.268,can0  204  [16]  75 34 50 46 50 46 50 46 BC 34 20 4E 30 75 00 00
2025-11-08T01:56:54.907,74.268,can0  206  [16]  A7 0C D8 07 9F 0C B1 E0 ED 07 BB 0C A3 0C 00 00
2025-11-08T01:56:54.907,74.268,can0  204  [16]  75 34 50 46 50 46 50 46 BC 34 20 4E 30 75 00 00
2025-11-08T01:56:54.918,74.278,can0  204  [16]  75 34 50 46 50 46 50 46 BC 34 20 4E 30 75 00 00
2025-11-08T01:56:55.389,74.750,can0  204  [16]  75 34 50 46 50 46 50 46 BC 34 20 4E 30 75 00 00
2025-11-08T01:56:55.389,74.750,can0  206  [16]  A3 0C D1 07 9B 0C DA DC E7 07 BF 0C A7 0C 00 00
2025-11-08T01:56:55.389,74.750,can0  204  [16]  75 34 50 46 50 46 50 46 BC 34 20 4E 30 75 00 00
2025-11-08T01:56:55.389,74.750,can0  041  [04]  B5 00 00 00
2025-11-08T01:56:55.389,74.750,can0  204  [16]  75 34 50 46 50 46 50 46 BC 34 20 4E 30 75 00 00
2025-11-08T01:56:55.402,74.762,can0  204  [16]  75 34 50 46 50 46 50 46 BC 34 20 4E 30 75 00 00
2025-11-08T01:56:55.402,74.762,can0  206  [16]  9F 0C D1 07 9F 0C DA DC E9 07 C3 0C AB 0C 00 00
2025-11-08T01:56:55.402,74.762,can0  204  [16]  75 34 50 46 50 46 50 46 BC 34 20 4E 30 75 00 00
2025-11-08T01:56:55.402,74.762,can0  204  [16]  75 34 50 46 50 46 50 46 BC 34 20 4E 30 75 00 00
2025-11-08T01:56:55.402,74.762,can0  041  [04]  B5 00 02 00
2025-11-08T01:56:55.433,74.793,can0  204  [16]  75 34 50 46 50 46 50 46 BC 34 20 4E 30 75 00 00
2025-11-08T01:56:55.433,74.794,can0  206  [16]  A3 0C D6 07 93 0C 99 C6 ED 07 CF 0C AB 0C 00 00
2025-11-08T01:56:55.433,74.794,can0  204  [16]  75 34 50 46 50 46 50 46 BC 34 20 4E 30 75 00 00
2025-11-08T01:56:55.433,74.794,can0  204  [16]  75 34 50 46 50 46 50 46 BC 34 20 4E 30 75 00 00
2025-11-08T01:56:55.935,75.295,can0  204  [16]  75 34 50 46 50 46 50 46 BC 34 20 4E 30 75 00 00
2025-11-08T01:56:55.935,75.295,can0  206  [16]  9B 0C D6 07 9B 0C DA DC EB 07 BB 0C B3 0C 00 00
2025-11-08T01:56:55.935,75.296,can0  204  [16]  75 34 50 46 50 46 50 46 BC 34 20 4E 30 75 00 00
2025-11-08T01:56:55.935,75.296,can0  041  [04]  9F 00 02 00
2025-11-08T01:56:55.936,75.296,can0  204  [16]  75 34 50 46 50 46 50 46 BC 34 20 4E 30 75 00 00
2025-11-08T01:56:55.938,75.299,can0  204  [16]  75 34 50 46 50 46 50 46 BC 34 20 4E 30 75 00 00
2025-11-08T01:56:55.938,75.299,can0  206  [16]  9F 0C D6 07 9B 0C 99 C6 E9 07 BB 0C AB 0C 00 00
2025-11-08T01:56:55.938,75.299,can0  204  [16]  75 34 50 46 50 46 50 46 BC 34 20 4E 30 75 00 00
2025-11-08T01:56:55.938,75.299,can0  204  [16]  75 34 50 46 50 46 50 46 BC 34 20 4E 30 75 00 00
2025-11-08T01:56:55.938,75.299,can0  206  [16]  A7 0C B1 07 9F 0C DA DC EB 07 C3 0C A3 0C 00 00
2025-11-08T01:56:55.938,75.299,can0  204  [16]  75 34 50 46 50 46 50 46 BC 34 20 4E 30 75 00 00
2025-11-08T01:56:55.938,75.299,can0  041  [04]  9F 00 02 00
2025-11-08T01:56:55.938,75.299,can0  204  [16]  75 34 50 46 50 46 50 46 BC 34 20 4E 30 75 00 00
2025-11-08T01:56:55.938,75.299,can0  204  [16]  75 34 50 46 50 46 50 46 BC 34 20 4E 30 75 00 00
2025-11-08T01:56:55.938,75.299,can0  206  [16]  9B 0C D1 07 9B 0C DA DC E7 07 C7 0C AF 0C 00 00
2025-11-08T01:56:55.938,75.299,can0  204  [16]  75 34 50 46 50 46 50 46 BC 34 20 4E 30 75 00 00
2025-11-08T01:56:56.675,76.035,can0  204  [16]  75 34 50 46 50 46 50 46 BC 34 20 4E 30 75 00 00
2025-11-08T01:56:56.675,76.035,can0  041  [04]  97 00 05 00
2025-11-08T01:56:56.675,76.035,can0  204  [16]  75 34 50 46 50 46 50 46 BC 34 20 4E 30 75 00 00
2025-11-08T01:56:56.675,76.035,can0  206  [16]  A3 0C D6 07 9B 0C DA DC EB 07 C3 0C A7 0C 00 00
2025-11-08T01:56:56.675,76.036,can0  204  [16]  75 34 50 46 50 46 50 46 BC 34 20 4E 30 75 00 00
2025-11-08T01:56:56.685,76.046,can0  204  [16]  75 34 50 46 50 46 50 46 BC 34 20 4E 30 75 00 00
2025-11-08T01:56:56.685,76.046,can0  204  [16]  75 34 50 46 50 46 50 46 BC 34 20 4E 30 75 00 00
2025-11-08T01:56:56.685,76.046,can0  206  [16]  AB 0C D3 07 9F 0C 99 C6 E9 07 BF 0C 9F 0C 00 00
2025-11-08T01:56:56.685,76.046,can0  041  [04]  5E 00 02 00
2025-11-08T01:56:56.685,76.046,can0  204  [16]  75 34 50 46 50 46 50 46 BC 34 20 4E 30 75 00 00
2025-11-08T01:56:56.686,76.046,can0  204  [16]  75 34 50 46 50 46 50 46 BC 34 20 4E 30 75 00 00
2025-11-08T01:56:56.686,76.046,can0  204  [16]  75 34 50 46 50 46 50 46 BC 34 20 4E 30 75 00 00
2025-11-08T01:56:56.686,76.046,can0  206  [16]  A3 0C D6 07 9B 0C 99 C6 EF 07 BF 0C AB 0C 00 00
2025-11-08T01:56:56.686,76.046,can0  204  [16]  75 34 50 46 50 46 50 46 BC 34 20 4E 30 75 00 00
2025-11-08T01:56:56.697,76.058,can0  204  [16]  75 34 50 46 50 46 50 46 BC 34 20 4E 30 75 00 00
2025-11-08T01:56:56.697,76.058,can0  041  [04]  8B 00 02 00
2025-11-08T01:56:56.697,76.058,can0  204  [16]  75 34 50 46 50 46 50 46 BC 34 20 4E 30 75 00 00
2025-11-08T01:56:56.697,76.058,can0  206  [16]  9F 0C D6 07 9F 0C DA DC ED 07 C3 0C A7 0C 00 00
2025-11-08T01:56:56.697,76.058,can0  204  [16]  75 34 50 46 50 46 50 46 BC 34 20 4E 30 75 00 00
2025-11-08T01:56:57.286,76.647,can0  204  [16]  75 34 50 46 50 46 50 46 BC 34 20 4E 30 75 00 00
2025-11-08T01:56:57.287,76.647,can0  206  [16]  AF 0C DA 07 9F 0C DA DC EF 07 BB 0C 9B 0C 00 00
2025-11-08T01:56:57.297,76.657,can0  204  [16]  75 34 50 46 50 46 50 46 BC 34 20 4E 30 75 00 00
2025-11-08T01:56:57.297,76.657,can0  204  [16]  75 34 50 46 50 46 50 46 BC 34 20 4E 30 75 00 00
2025-11-08T01:56:57.297,76.657,can0  041  [04]  2F 00 02 00
2025-11-08T01:56:57.297,76.657,can0  204  [16]  75 34 50 46 50 46 50 46 BC 34 20 4E 30 75 00 00
2025-11-08T01:56:57.297,76.657,can0  206  [16]  9B 0C DE 07 9B 0C DA DC E9 07 BF 0C AF 0C 00 00
2025-11-08T01:56:57.297,76.657,can0  204  [16]  75 34 50 46 50 46 50 46 BC 34 20 4E 30 75 00 00
2025-11-08T01:56:57.297,76.657,can0  204  [16]  75 34 50 46 50 46 50 46 BC 34 20 4E 30 75 00 00
2025-11-08T01:56:57.297,76.658,can0  204  [16]  75 34 50 46 50 46 50 46 BC 34 20 4E 30 75 00 00
2025-11-08T01:56:57.297,76.658,can0  206  [16]  9B 0C D6 07 9F 0C DA DC EB 07 BF 0C AB 0C 00 00
2025-11-08T01:56:57.297,76.658,can0  041  [04]  8B 00 02 00
2025-11-08T01:56:57.297,76.658,can0  204  [16]  75 34 50 46 50 46 50 46 BC 34 20 4E 30 75 00 00
2025-11-08T01:56:57.297,76.658,can0  204  [16]  75 34 50 46 50 46 50 46 BC 34 20 4E 30 75 00 00
2025-11-08T01:56:57.297,76.658,can0  204  [16]  75 34 50 46 50 46 50 46 BC 34 20 4E 30 75 00 00
2025-11-08T01:56:57.307,76.668,can0  206  [16]  A3 0C D1 07 97 0C 99 C6 EF 07 CF 0C A7 0C 00 00
2025-11-08T01:56:57.830,77.190,can0  204  [16]  75 34 50 46 50 46 50 46 BC 34 20 4E 30 75 00 00
2025-11-08T01:56:57.831,77.192,can0  204  [16]  75 34 50 46 50 46 50 46 BC 34 20 4E 30 75 00 00
2025-11-08T01:56:57.831,77.192,can0  041  [04]  8B 00 02 00
2025-11-08T01:56:57.831,77.192,can0  204  [16]  75 34 50 46 50 46 50 46 BC 34 20 4E 30 75 00 00
2025-11-08T01:56:57.841,77.202,can0  206  [16]  9B 0C D3 07 A3 0C 3A DF ED 07 C3 0C A7 0C 00 00
2025-11-08T01:56:57.841,77.202,can0  204  [16]  75 34 50 46 50 46 50 46 BC 34 20 4E 30 75 00 00
2025-11-08T01:56:57.841,77.202,can0  204  [16]  75 34 50 46 50 46 50 46 BC 34 20 4E 30 75 00 00
2025-11-08T01:56:57.841,77.202,can0  204  [16]  75 34 50 46 50 46 50 46 BC 34 20 4E 30 75 00 00
2025-11-08T01:56:57.841,77.202,can0  206  [16]  9B 0C D6 07 A7 0C DA DC E9 07 BF 0C A7 0C 00 00
2025-11-08T01:56:57.842,77.202,can0  041  [04]  B5 00 02 00
2025-11-08T01:56:57.842,77.202,can0  204  [16]  75 34 50 46 50 46 50 46 BC 34 20 4E 30 75 00 00
2025-11-08T01:56:57.842,77.202,can0  204  [16]  75 34 50 46 50 46 50 46 BC 34 20 4E 30 75 00 00
2025-11-08T01:56:57.842,77.202,can0  204  [16]  75 34 50 46 50 46 50 46 BC 34 20 4E 30 75 00 00
2025-11-08T01:56:57.852,77.213,can0  206  [16]  A3 0C D1 07 9F 0C 99 C6 E9 07 C3 0C A3 0C 00 00
2025-11-08T01:56:57.852,77.213,can0  204  [16]  75 34 50 46 50 46 50 46 BC 34 20 4E 30 75 00 00
2025-11-08T01:56:57.863,77.223,can0  204  [16]  75 34 50 46 50 46 50 46 BC 34 20 4E 30 75 00 00
2025-11-08T01:56:58.523,77.884,can0  041  [04]  B5 00 02 00
2025-11-08T01:56:58.523,77.884,can0  204  [16]  75 34 50 46 50 46 50 46 BC 34 20 4E 30 75 00 00
2025-11-08T01:56:58.523,77.884,can0  206  [16]  9F 0C DA 07 A3 0C B1 E0 E9 07 B7 0C A7 0C 00 00
2025-11-08T01:56:58.523,77.884,can0  204  [16]  75 34 50 46 50 46 50 46 BC 34 20 4E 30 75 00 00
2025-11-08T01:56:58.523,77.884,can0  204  [16]  75 34 50 46 50 46 50 46 BC 34 20 4E 30 75 00 00
2025-11-08T01:56:58.523,77.884,can0  206  [16]  97 0C D3 07 A3 0C DA DC E9 07 BF 0C AB 0C 00 00
2025-11-08T01:56:58.523,77.884,can0  204  [16]  75 34 50 46 50 46 50 46 BC 34 20 4E 30 75 00 00
2025-11-08T01:56:58.534,77.894,can0  041  [04]  B5 00 02 00
2025-11-08T01:56:58.534,77.894,can0  204  [16]  75 34 50 46 50 46 50 46 BC 34 20 4E 30 75 00 00
2025-11-08T01:56:58.534,77.894,can0  204  [16]  75 34 50 46 50 46 50 46 BC 34 20 4E 30 75 00 00
2025-11-08T01:56:58.534,77.894,can0  206  [16]  9F 0C D8 07 9F 0C DA DC EB 07 C7 0C A7 0C 00 00
2025-11-08T01:56:58.534,77.894,can0  204  [16]  75 34 50 46 50 46 50 46 BC 34 20 4E 30 75 00 00
2025-11-08T01:56:58.534,77.895,can0  204  [16]  75 34 50 46 50 46 50 46 BC 34 20 4E 30 75 00 00
2025-11-08T01:56:58.534,77.895,can0  204  [16]  75 34 50 46 50 46 50 46 BC 34 20 4E 30 75 00 00
2025-11-08T01:56:58.546,77.907,can0  206  [16]  9F 0C DE 07 AB 0C 99 C6 ED 07 B7 0C A7 0C 00 00
2025-11-08T01:56:58.546,77.907,can0  041  [04]  8B 00 02 00
2025-11-08T01:56:58.546,77.907,can0  204  [16]  75 34 50 46 50 46 50 46 BC 34 20 4E 30 75 00 00
2025-11-08T01:56:58.547,77.907,can0  204  [16]  75 34 50 46 50 46 50 46 BC 34 20 4E 30 75 00 00
2025-11-08T01:56:58.547,77.907,can0  204  [16]  75 34 50 46 50 46 50 46 BC 34 20 4E 30 75 00 00
2025-11-08T01:56:59.419,78.780,can0  206  [16]  BF 0C D1 07 93 0C 3A DF FF 07 BF 0C 93 0C 00 00
2025-11-08T01:56:59.421,78.782,can0  204  [16]  75 34 50 46 50 46 50 46 BC 34 20 4E 30 75 00 00
2025-11-08T01:56:59.421,78.782,can0  041  [04]  2F 00 02 00
2025-11-08T01:56:59.421,78.782,can0  204  [16]  75 34 50 46 50 46 50 46 BC 34 20 4E 30 75 00 00
2025-11-08T01:56:59.421,78.782,can0  204  [16]  75 34 50 46 50 46 50 46 BC 34 20 4E 30 75 00 00
2025-11-08T01:56:59.421,78.782,can0  206  [16]  A7 0C D6 07 97 0C 3A DF ED 07 DF 0C A3 0C 00 00
2025-11-08T01:56:59.421,78.782,can0  204  [16]  75 34 50 46 50 46 50 46 BC 34 20 4E 30 75 00 00
2025-11-08T01:56:59.421,78.782,can0  204  [16]  75 34 50 46 50 46 50 46 BC 34 20 4E 30 75 00 00
2025-11-08T01:56:59.421,78.782,can0  204  [16]  75 34 50 46 50 46 50 46 BC 34 20 4E 30 75 00 00
2025-11-08T01:56:59.421,78.782,can0  206  [16]  A7 0C D3 07 9B 0C 99 C6 EF 07 CF 0C A3 0C 00 00
2025-11-08T01:56:59.432,78.793,can0  041  [04]  2F 00 02 00
2025-11-08T01:56:59.432,78.793,can0  204  [16]  75 34 50 46 50 46 50 46 BC 34 20 4E 30 75 00 00
2025-11-08T01:56:59.432,78.793,can0  204  [16]  75 34 50 46 50 46 50 46 BC 34 20 4E 30 75 00 00
2025-11-08T01:56:59.432,78.793,can0  206  [16]  A7 0C D3 07 9B 0C DA DC E9 07 C3 0C A3 0C 00 00
2025-11-08T01:56:59.432,78.793,can0  204  [16]  75 34 50 46 50 46 50 46 BC 34 20 4E 30 75 00 00
2025-11-08T01:56:59.432,78.793,can0  204  [16]  75 34 50 46 50 46 50 46 BC 34 20 4E 30 75 00 00
2025-11-08T01:56:59.432,78.793,can0  041  [04]  02 00 02 00
2025-11-08T01:56:59.432,78.793,can0  204  [16]  75 34 50 46 50 46 50 46 BC 34 20 4E 30 75 00 00
2025-11-08T01:56:59.432,78.793,can0  206  [16]  A3 0C D1 07 9B 0C 3A DF ED 07 BF 0C A7 0C 00 00
2025-11-08T01:56:59.432,78.793,can0  204  [16]  75 34 50 46 50 46 50 46 BC 34 20 4E 30 75 00 00
2025-11-08T01:56:59.443,78.803,can0  204  [16]  75 34 50 46 50 46 50 46 BC 34 20 4E 30 75 00 00
2025-11-08T01:56:59.443,78.803,can0  204  [16]  75 34 50 46 50 46 50 46 BC 34 20 4E 30 75 00 00
2025-11-08T01:56:59.443,78.803,can0  206  [16]  AB 0C D6 07 9B 0C DA DC EF 07 C7 0C A3 0C 00 00
2025-11-08T01:56:59.443,78.803,can0  204  [16]  75 34 50 46 50 46 50 46 BC 34 20 4E 30 75 00 00
2025-11-08T01:57:00.169,79.530,can0  041  [04]  8B 00 02 00
2025-11-08T01:57:00.170,79.530,can0  204  [16]  75 34 50 46 50 46 50 46 BC 34 20 4E 30 75 00 00
2025-11-08T01:57:00.170,79.530,can0  204  [16]  75 34 50 46 50 46 50 46 BC 34 20 4E 30 75 00 00
2025-11-08T01:57:00.170,79.530,can0  206  [16]  A3 0C D6 07 9F 0C 99 C6 EF 07 C7 0C A3 0C 00 00
2025-11-08T01:57:00.170,79.530,can0  204  [16]  75 34 50 46 50 46 50 46 BC 34 20 4E 30 75 00 00
2025-11-08T01:57:00.170,79.530,can0  204  [16]  75 34 50 46 50 46 50 46 BC 34 20 4E 30 75 00 00
2025-11-08T01:57:00.170,79.530,can0  204  [16]  75 34 50 46 50 46 50 46 BC 34 20 4E 30 75 00 00
2025-11-08T01:57:00.180,79.540,can0  041  [04]  8B 00 02 00
2025-11-08T01:57:00.180,79.541,can0  206  [16]  A3 0C D3 07 8B 0C 99 C6 ED 07 CF 0C AB 0C 00 00
2025-11-08T01:57:00.180,79.541,can0  204  [16]  75 34 50 46 50 46 50 46 BC 34 20 4E 30 75 00 00
2025-11-08T01:57:00.180,79.541,can0  204  [16]  75 34 50 46 50 46 50 46 BC 34 20 4E 30 75 00 00
2025-11-08T01:57:00.180,79.541,can0  204  [16]  75 34 50 46 50 46 50 46 BC 34 20 4E 30 75 00 00
2025-11-08T01:57:00.190,79.551,can0  206  [16]  A3 0C D3 07 A3 0C 99 C6 E9 07 BB 0C A3 0C 00 00
2025-11-08T01:57:00.190,79.551,can0  204  [16]  75 34 50 46 50 46 50 46 BC 34 20 4E 30 75 00 00
2025-11-08T01:57:00.190,79.551,can0  041  [04]  B5 00 02 00
2025-11-08T01:57:00.190,79.551,can0  204  [16]  75 34 50 46 50 46 50 46 BC 34 20 4E 30 75 00 00
2025-11-08T01:57:00.190,79.551,can0  204  [16]  75 34 50 46 50 46 50 46 BC 34 20 4E 30 75 00 00
2025-11-08T01:57:00.190,79.551,can0  206  [16]  A7 0C D3 07 97 0C 3A DF EB 07 CB 0C A3 0C 00 00
2025-11-08T01:57:00.190,79.551,can0  204  [16]  75 34 50 46 50 46 50 46 BC 34 20 4E 30 75 00 00
2025-11-08T01:57:00.960,80.321,can0  204  [16]  75 34 50 46 50 46 50 46 BC 34 20 4E 30 75 00 00
2025-11-08T01:57:00.961,80.321,can0  206  [16]  9F 0C E0 07 A3 0C DA DC EB 07 BF 0C AB 0C 00 00
2025-11-08T01:57:00.961,80.321,can0  204  [16]  75 34 50 46 50 46 50 46 BC 34 20 4E 30 75 00 00
2025-11-08T01:57:00.961,80.321,can0  041  [04]  B5 00 02 00
2025-11-08T01:57:00.961,80.321,can0  204  [16]  75 34 50 46 50 46 50 46 BC 34 20 4E 30 75 00 00
2025-11-08T01:57:00.971,80.332,can0  204  [16]  75 34 50 46 50 46 50 46 BC 34 20 4E 30 75 00 00
2025-11-08T01:57:00.971,80.332,can0  206  [16]  A3 0C D8 07 A3 0C 3A DF EB 07 BF 0C A3 0C 00 00
2025-11-08T01:57:00.971,80.332,can0  204  [16]  75 34 50 46 50 46 50 46 BC 34 20 4E 30 75 00 00
2025-11-08T01:57:00.971,80.332,can0  204  [16]  75 34 50 46 50 46 50 46 BC 34 20 4E 30 75 00 00
2025-11-08T01:57:00.971,80.332,can0  041  [04]  8B 00 02 00
2025-11-08T01:57:00.971,80.332,can0  204  [16]  75 34 50 46 50 46 50 46 BC 34 20 4E 30 75 00 00
2025-11-08T01:57:00.971,80.332,can0  206  [16]  A7 0C D6 07 93 0C DA DC EF 07 C7 0C A7 0C 00 00
2025-11-08T01:57:00.971,80.332,can0  204  [16]  75 34 50 46 50 46 50 46 BC 34 20 4E 30 75 00 00
2025-11-08T01:57:00.971,80.332,can0  204  [16]  75 34 50 46 50 46 50 46 BC 34 20 4E 30 75 00 00
2025-11-08T01:57:00.971,80.332,can0  204  [16]  75 34 50 46 50 46 50 46 BC 34 20 4E 30 75 00 00
2025-11-08T01:57:00.984,80.345,can0  206  [16]  A3 0C D1 07 97 0C 99 C6 EB 07 D3 0C A7 0C 00 00
2025-11-08T01:57:00.984,80.345,can0  204  [16]  75 34 50 46 50 46 50 46 BC 34 20 4E 30 75 00 00
2025-11-08T01:57:00.984,80.345,can0  041  [04]  2F 00 02 00
2025-11-08T01:57:00.984,80.345,can0  204  [16]  75 34 50 46 50 46 50 46 BC 34 20 4E 30 75 00 00
2025-11-08T01:57:00.984,80.345,can0  204  [16]  75 34 50 46 50 46 50 46 BC 34 20 4E 30 75 00 00
2025-11-08T01:57:00.984,80.345,can0  206  [16]  97 0C D6 07 7F 0C C5 E1 ED 07 DF 0C AF 0C 00 00
2025-11-08T01:57:00.984,80.345,can0  204  [16]  75 34 50 46 50 46 50 46 BC 34 20 4E 30 75 00 00
2025-11-08T01:57:01.738,81.098,can0  204  [16]  75 34 50 46 50 46 50 46 BC 34 20 4E 30 75 00 00
2025-11-08T01:57:01.738,81.098,can0  041  [04]  02 00 00 00
2025-11-08T01:57:01.738,81.099,can0  206  [16]  9F 0C D8 07 9F 0C DA DC ED 07 BB 0C AB 0C 00 00
2025-11-08T01:57:01.739,81.099,can0  204  [16]  75 34 50 46 50 46 50 46 BC 34 20 4E 30 75 00 00
2025-11-08T01:57:01.739,81.099,can0  204  [16]  75 34 50 46 50 46 50 46 BC 34 20 4E 30 75 00 00
2025-11-08T01:57:01.739,81.099,can0  204  [16]  75 34 50 46 50 46 50 46 BC 34 20 4E 30 75 00 00
2025-11-08T01:57:01.749,81.109,can0  206  [16]  9F 0C D3 07 9F 0C 99 C6 E9 07 B7 0C AB 0C 00 00
2025-11-08T01:57:01.749,81.110,can0  204  [16]  75 34 50 46 50 46 50 46 BC 34 20 4E 30 75 00 00
2025-11-08T01:57:01.749,81.110,can0  204  [16]  75 34 50 46 50 46 50 46 BC 34 20 4E 30 75 00 00
2025-11-08T01:57:01.749,81.110,can0  041  [04]  02 00 00 00
2025-11-08T01:57:01.749,81.110,can0  204  [16]  75 34 50 46 50 46 50 46 BC 34 20 4E 30 75 00 00
2025-11-08T01:57:01.749,81.110,can0  206  [16]  9F 0C CF 07 9F 0C 3A DF EB 07 BF 0C AB 0C 00 00
2025-11-08T01:57:01.749,81.110,can0  204  [16]  75 34 50 46 50 46 50 46 BC 34 20 4E 30 75 00 00
2025-11-08T01:57:01.749,81.110,can0  204  [16]  75 34 50 46 50 46 50 46 BC 34 20 4E 30 75 00 00
2025-11-08T01:57:01.749,81.110,can0  204  [16]  75 34 50 46 50 46 50 46 BC 34 20 4E 30 75 00 00
2025-11-08T01:57:01.749,81.110,can0  206  [16]  8F 0C D6 07 B3 0C B1 E0 EB 07 BF 0C AB 0C 00 00
2025-11-08T01:57:01.749,81.110,can0  041  [04]  3F 01 00 00
2025-11-08T01:57:01.760,81.121,can0  204  [16]  75 34 50 46 50 46 50 46 BC 34 20 4E 30 75 00 00
2025-11-08T01:57:01.760,81.121,can0  204  [16]  75 34 50 46 50 46 50 46 BC 34 20 4E 30 75 00 00
2025-11-08T01:57:01.760,81.121,can0  204  [16]  75 34 50 46 50 46 50 46 BC 34 20 4E 30 75 00 00
2025-11-08T01:57:01.760,81.121,can0  206  [16]  AF 0C D3 07 9B 0C 99 C6 F2 07 C7 0C 9F 0C 00 00
2025-11-08T01:57:01.760,81.121,can0  204  [16]  75 34 50 46 50 46 50 46 BC 34 20 4E 30 75 00 00
2025-11-08T01:57:02.430,81.791,can0  204  [16]  75 34 50 46 50 46 50 46 BC 34 20 4E 30 75 00 00
2025-11-08T01:57:02.430,81.791,can0  041  [04]  02 00 00 00
2025-11-08T01:57:02.431,81.791,can0  204  [16]  75 34 50 46 50 46 50 46 BC 34 20 4E 30 75 00 00
2025-11-08T01:57:02.431,81.791,can0  206  [16]  A7 0C D3 07 9B 0C 99 C6 ED 07 BF 0C A3 0C 00 00
2025-11-08T01:57:02.441,81.801,can0  204  [16]  75 34 50 46 50 46 50 46 BC 34 20 4E 30 75 00 00
2025-11-08T01:57:02.441,81.801,can0  204  [16]  75 34 50 46 50 46 50 46 BC 34 20 4E 30 75 00 00
2025-11-08T01:57:02.441,81.801,can0  204  [16]  75 34 50 46 50 46 50 46 BC 34 20 4E 30 75 00 00
2025-11-08T01:57:02.441,81.801,can0  206  [16]  A7 0C D6 07 A3 0C DA DC E3 07 C3 0C 9F 0C 00 00
2025-11-08T01:57:02.441,81.802,can0  041  [04]  02 00 00 00
2025-11-08T01:57:02.441,81.802,can0  204  [16]  75 34 50 46 50 46 50 46 BC 34 20 4E 30 75 00 00
2025-11-08T01:57:02.441,81.802,can0  204  [16]  75 34 50 46 50 46 50 46 BC 34 20 4E 30 75 00 00
2025-11-08T01:57:02.441,81.802,can0  204  [16]  75 34 50 46 50 46 50 46 BC 34 20 4E 30 75 00 00
2025-11-08T01:57:02.441,81.802,can0  206  [16]  A3 0C D6 07 9B 0C 3A DF EB 07 C3 0C A7 0C 00 00
2025-11-08T01:57:02.441,81.802,can0  204  [16]  75 34 50 46 50 46 50 46 BC 34 20 4E 30 75 00 00
2025-11-08T01:57:02.441,81.802,can0  204  [16]  75 34 50 46 50 46 50 46 BC 34 20 4E 30 75 00 00
2025-11-08T01:57:03.188,82.548,can0  041  [04]  3F 01 00 00
2025-11-08T01:57:03.188,82.548,can0  206  [16]  93 0C C4 07 AB 0C DA DC ED 07 C3 0C AF 0C 00 00
2025-11-08T01:57:03.188,82.548,can0  204  [16]  75 34 50 46 50 46 50 46 BC 34 20 4E 30 75 00 00
2025-11-08T01:57:03.188,82.548,can0  204  [16]  75 34 50 46 50 46 50 46 BC 34 20 4E 30 75 00 00
2025-11-08T01:57:03.188,82.548,can0  204  [16]  75 34 50 46 50 46 50 46 BC 34 20 4E 30 75 00 00
2025-11-08T01:57:03.188,82.548,can0  206  [16]  A7 0C D6 07 9F 0C 99 C6 ED 07 C3 0C A3 0C 00 00
2025-11-08T01:57:03.188,82.548,can0  204  [16]  75 34 50 46 50 46 50 46 BC 34 20 4E 30 75 00 00
2025-11-08T01:57:03.188,82.549,can0  204  [16]  75 34 50 46 50 46 50 46 BC 34 20 4E 30 75 00 00
2025-11-08T01:57:03.188,82.549,can0  041  [04]  3F 01 00 00
2025-11-08T01:57:03.198,82.559,can0  204  [16]  75 34 50 46 50 46 50 46 BC 34 20 4E 30 75 00 00
2025-11-08T01:57:03.198,82.559,can0  206  [16]  9B 0C D1 07 9F 0C 99 C6 E9 07 CB 0C AF 0C 00 00
2025-11-08T01:57:03.198,82.559,can0  204  [16]  75 34 50 46 50 46 50 46 BC 34 20 4E 30 75 00 00
2025-11-08T01:57:03.198,82.559,can0  204  [16]  75 34 50 46 50 46 50 46 BC 34 20 4E 30 75 00 00
2025-11-08T01:57:03.198,82.559,can0  204  [16]  75 34 50 46 50 46 50 46 BC 34 20 4E 30 75 00 00
2025-11-08T01:57:03.198,82.559,can0  206  [16]  A7 0C D6 07 93 0C 3A DF EB 07 CB 0C A7 0C 00 00
2025-11-08T01:57:03.198,82.559,can0  041  [04]  3F 01 02 00
2025-11-08T01:57:03.198,82.559,can0  204  [16]  75 34 50 46 50 46 50 46 BC 34 20 4E 30 75 00 00
2025-11-08T01:57:03.198,82.559,can0  204  [16]  75 34 50 46 50 46 50 46 BC 34 20 4E 30 75 00 00
2025-11-08T01:57:03.208,82.569,can0  204  [16]  75 34 50 46 50 46 50 46 BC 34 20 4E 30 75 00 00
2025-11-08T01:57:03.208,82.569,can0  206  [16]  A3 0C CF 07 A3 0C 3A DF ED 07 BF 0C A3 0C 00 00
2025-11-08T01:57:03.209,82.569,can0  204  [16]  75 34 50 46 50 46 50 46 BC 34 20 4E 30 75 00 00
2025-11-08T01:57:03.209,82.569,can0  204  [16]  75 34 50 46 50 46 50 46 BC 34 20 4E 30 75 00 00
2025-11-08T01:57:03.767,83.127,can0  041  [04]  3F 01 00 00
2025-11-08T01:57:03.767,83.127,can0  206  [16]  A3 0C D6 07 9B 0C 99 C6 ED 07 C3 0C A7 0C 00 00
2025-11-08T01:57:03.767,83.127,can0  204  [16]  75 34 50 46 50 46 50 46 BC 34 20 4E 30 75 00 00
2025-11-08T01:57:03.767,83.127,can0  204  [16]  75 34 50 46 50 46 50 46 BC 34 20 4E 30 75 00 00
2025-11-08T01:57:03.767,83.128,can0  204  [16]  75 34 50 46 50 46 50 46 BC 34 20 4E 30 75 00 00
2025-11-08T01:57:03.767,83.128,can0  206  [16]  A3 0C D3 07 9F 0C 99 C6 EB 07 C3 0C A3 0C 00 00
2025-11-08T01:57:03.767,83.128,can0  204  [16]  75 34 50 46 50 46 50 46 BC 34 20 4E 30 75 00 00
2025-11-08T01:57:03.767,83.128,can0  041  [04]  02 00 02 00
2025-11-08T01:57:03.767,83.128,can0  204  [16]  75 34 50 46 50 46 50 46 BC 34 20 4E 30 75 00 00
2025-11-08T01:57:03.778,83.139,can0  204  [16]  75 34 50 46 50 46 50 46 BC 34 20 4E 30 75 00 00
2025-11-08T01:57:03.778,83.139,can0  206  [16]  A7 0C D6 07 97 0C DA DC E9 07 C3 0C A7 0C 00 00
2025-11-08T01:57:03.778,83.139,can0  204  [16]  75 34 50 46 50 46 50 46 BC 34 20 4E 30 75 00 00
2025-11-08T01:57:03.778,83.139,can0  204  [16]  75 34 50 46 50 46 50 46 BC 34 20 4E 30 75 00 00
2025-11-08T01:57:03.778,83.139,can0  204  [16]  75 34 50 46 50 46 50 46 BC 34 20 4E 30 75 00 00
2025-11-08T01:57:03.778,83.139,can0  041  [04]  3F 01 02 00
2025-11-08T01:57:03.778,83.139,can0  206  [16]  A7 0C D6 07 9F 0C DA DC E5 07 B7 0C A3 0C 00 00
2025-11-08T01:57:03.778,83.139,can0  204  [16]  75 34 50 46 50 46 50 46 BC 34 20 4E 30 75 00 00
2025-11-08T01:57:04.288,83.649,can0  204  [16]  75 34 50 46 50 46 50 46 BC 34 20 4E 30 75 00 00
2025-11-08T01:57:04.288,83.649,can0  204  [16]  75 34 50 46 50 46 50 46 BC 34 20 4E 30 75 00 00
2025-11-08T01:57:04.288,83.649,can0  206  [16]  9F 0C D8 07 9F 0C 7E E4 ED 07 BF 0C AB 0C 00 00
2025-11-08T01:57:04.288,83.649,can0  204  [16]  75 34 50 46 50 46 50 46 BC 34 20 4E 30 75 00 00
2025-11-08T01:57:04.288,83.649,can0  204  [16]  75 34 50 46 50 46 50 46 BC 34 20 4E 30 75 00 00
2025-11-08T01:57:04.288,83.649,can0  041  [04]  02 00 02 00
2025-11-08T01:57:04.288,83.649,can0  204  [16]  75 34 50 46 50 46 50 46 BC 34 20 4E 30 75 00 00
2025-11-08T01:57:04.288,83.649,can0  206  [16]  A3 0C D6 07 9B 0C 57 E3 EB 07 C3 0C A7 0C 00 00
2025-11-08T01:57:04.298,83.659,can0  204  [16]  75 34 50 46 50 46 50 46 BC 34 20 4E 30 75 00 00
2025-11-08T01:57:04.298,83.659,can0  204  [16]  75 34 50 46 50 46 50 46 BC 34 20 4E 30 75 00 00
2025-11-08T01:57:04.298,83.659,can0  206  [16]  A7 0C DA 07 9F 0C 99 C6 E9 07 BF 0C A3 0C 00 00
2025-11-08T01:57:04.298,83.659,can0  204  [16]  75 34 50 46 50 46 50 46 BC 34 20 4E 30 75 00 00
2025-11-08T01:57:04.871,84.232,can0  041  [04]  E4 00 02 00
2025-11-08T01:57:04.882,84.242,can0  204  [16]  75 34 50 46 50 46 50 46 BC 34 20 4E 30 75 00 00
2025-11-08T01:57:04.882,84.242,can0  204  [16]  75 34 50 46 50 46 50 46 BC 34 20 4E 30 75 00 00
2025-11-08T01:57:04.882,84.242,can0  206  [16]  A3 0C DA 07 9F 0C 99 C6 EF 07 C7 0C A7 0C 00 00
2025-11-08T01:57:04.882,84.242,can0  204  [16]  75 34 50 46 50 46 50 46 BC 34 20 4E 30 75 00 00
2025-11-08T01:57:04.882,84.242,can0  204  [16]  75 34 50 46 50 46 50 46 BC 34 20 4E 30 75 00 00
2025-11-08T01:57:04.882,84.242,can0  204  [16]  75 34 50 46 50 46 50 46 BC 34 20 4E 30 75 00 00
2025-11-08T01:57:04.882,84.242,can0  041  [04]  B5 00 00 00
2025-11-08T01:57:04.882,84.242,can0  206  [16]  AF 0C D6 07 9B 0C B1 E0 EB 07 C3 0C 9F 0C 00 00
2025-11-08T01:57:04.892,84.253,can0  204  [16]  75 34 50 46 50 46 50 46 BC 34 20 4E 30 75 00 00
2025-11-08T01:57:04.892,84.253,can0  204  [16]  75 34 50 46 50 46 50 46 BC 34 20 4E 30 75 00 00
2025-11-08T01:57:04.892,84.253,can0  204  [16]  75 34 50 46 50 46 50 46 BC 34 20 4E 30 75 00 00
2025-11-08T01:57:04.892,84.253,can0  206  [16]  A7 0C D6 07 9B 0C 3A DF ED 07 CB 0C A3 0C 00 00
2025-11-08T01:57:04.892,84.253,can0  204  [16]  75 34 50 46 50 46 50 46 BC 34 20 4E 30 75 00 00
2025-11-08T01:57:04.892,84.253,can0  041  [04]  E4 00 00 00
2025-11-08T01:57:04.902,84.263,can0  204  [16]  75 34 50 46 50 46 50 46 BC 34 20 4E 30 75 00 00
2025-11-08T01:57:04.902,84.263,can0  204  [16]  75 34 50 46 50 46 50 46 BC 34 20 4E 30 75 00 00
2025-11-08T01:57:05.567,84.927,can0  206  [16]  A7 0C D6 07 7B 0C 3A DF ED 07 E3 0C A7 0C 00 00
2025-11-08T01:57:05.567,84.927,can0  204  [16]  75 34 50 46 50 46 50 46 BC 34 20 4E 30 75 00 00
2025-11-08T01:57:05.567,84.927,can0  204  [16]  75 34 50 46 50 46 50 46 BC 34 20 4E 30 75 00 00
2025-11-08T01:57:05.567,84.927,can0  204  [16]  75 34 50 46 50 46 50 46 BC 34 20 4E 30 75 00 00
2025-11-08T01:57:05.577,84.938,can0  206  [16]  9B 0C D1 07 9F 0C A0 E2 EB 07 CB 0C AB 0C 00 00
2025-11-08T01:57:05.577,84.938,can0  041  [04]  3F 01 00 00
2025-11-08T01:57:05.577,84.938,can0  204  [16]  75 34 50 46 50 46 50 46 BC 34 20 4E 30 75 00 00
2025-11-08T01:57:05.577,84.938,can0  204  [16]  75 34 50 46 50 46 50 46 BC 34 20 4E 30 75 00 00
2025-11-08T01:57:05.577,84.938,can0  206  [16]  97 0C D3 07 A3 0C DA DC EB 07 C3 0C B3 0C 00 00
2025-11-08T01:57:05.577,84.938,can0  204  [16]  75 34 50 46 50 46 50 46 BC 34 20 4E 30 75 00 00
2025-11-08T01:57:05.587,84.948,can0  204  [16]  75 34 50 46 50 46 50 46 BC 34 20 4E 30 75 00 00
2025-11-08T01:57:05.587,84.948,can0  041  [04]  02 00 00 00
2025-11-08T01:57:05.587,84.948,can0  204  [16]  75 34 50 46 50 46 50 46 BC 34 20 4E 30 75 00 00
2025-11-08T01:57:05.587,84.948,can0  206  [16]  A3 0C D8 07 9B 0C 99 C6 ED 07 C3 0C AB 0C 00 00
2025-11-08T01:57:05.587,84.948,can0  204  [16]  75 34 50 46 50 46 50 46 BC 34 20 4E 30 75 00 00
2025-11-08T01:57:05.587,84.948,can0  204  [16]  75 34 50 46 50 46 50 46 BC 34 20 4E 30 75 00 00
2025-11-08T01:57:05.587,84.948,can0  204  [16]  75 34 50 46 50 46 50 46 BC 34 20 4E 30 75 00 00
2025-11-08T01:57:05.598,84.958,can0  206  [16]  9B 0C D8 07 A3 0C 57 E3 EB 07 C7 0C AB 0C 00 00
2025-11-08T01:57:05.598,84.958,can0  204  [16]  75 34 50 46 50 46 50 46 BC 34 20 4E 30 75 00 00
2025-11-08T01:57:05.598,84.958,can0  041  [04]  02 00 00 00
2025-11-08T01:57:06.346,85.707,can0  204  [16]  75 34 50 46 50 46 50 46 BC 34 20 4E 30 75 00 00
2025-11-08T01:57:06.351,85.711,can0  204  [16]  75 34 50 46 50 46 50 46 BC 34 20 4E 30 75 00 00
2025-11-08T01:57:06.361,85.722,can0  206  [16]  A7 0C D6 07 9F 0C 99 C6 EB 07 CB 0C 9F 0C 00 00
2025-11-08T01:57:06.361,85.722,can0  204  [16]  75 34 50 46 50 46 50 46 BC 34 20 4E 30 75 00 00
2025-11-08T01:57:06.361,85.722,can0  204  [16]  75 34 50 46 50 46 50 46 BC 34 20 4E 30 75 00 00
2025-11-08T01:57:06.361,85.722,can0  041  [04]  E4 00 02 00
2025-11-08T01:57:06.361,85.722,can0  204  [16]  75 34 50 46 50 46 50 46 BC 34 20 4E 30 75 00 00
2025-11-08T01:57:06.361,85.722,can0  206  [16]  9F 0C D6 07 9B 0C 99 C6 EB 07 C7 0C AB 0C 00 00
2025-11-08T01:57:06.361,85.722,can0  204  [16]  75 34 50 46 50 46 50 46 BC 34 20 4E 30 75 00 00
2025-11-08T01:57:06.372,85.732,can0  204  [16]  75 34 50 46 50 46 50 46 BC 34 20 4E 30 75 00 00
2025-11-08T01:57:06.372,85.732,can0  204  [16]  75 34 50 46 50 46 50 46 BC 34 20 4E 30 75 00 00
2025-11-08T01:57:06.372,85.732,can0  206  [16]  A3 0C D6 07 97 0C 3A DF ED 07 BF 0C AB 0C 00 00
2025-11-08T01:57:06.372,85.732,can0  204  [16]  75 34 50 46 50 46 50 46 BC 34 20 4E 30 75 00 00
2025-11-08T01:57:06.372,85.732,can0  041  [04]  B5 00 00 00
2025-11-08T01:57:06.372,85.733,can0  204  [16]  75 34 50 46 50 46 50 46 BC 34 20 4E 30 75 00 00
2025-11-08T01:57:06.372,85.733,can0  206  [16]  A7 0C D3 07 A3 0C DA DC E9 07 BB 0C A3 0C 00 00
2025-11-08T01:57:06.382,85.743,can0  204  [16]  75 34 50 46 50 46 50 46 BC 34 20 4E 30 75 00 00
2025-11-08T01:57:06.382,85.743,can0  204  [16]  75 34 50 46 50 46 50 46 BC 34 20 4E 30 75 00 00
2025-11-08T01:57:06.382,85.743,can0  204  [16]  75 34 50 46 50 46 50 46 BC 34 20 4E 30 75 00 00
2025-11-08T01:57:07.049,86.410,can0  206  [16]  9F 0C D6 07 9F 0C DA DC E9 07 BB 0C AB 0C 00 00
2025-11-08T01:57:07.049,86.410,can0  041  [04]  3F 01 00 00
2025-11-08T01:57:07.049,86.410,can0  204  [16]  75 34 50 46 50 46 50 46 BC 34 20 4E 30 75 00 00
2025-11-08T01:57:07.049,86.410,can0  204  [16]  75 34 50 46 50 46 50 46 BC 34 20 4E 30 75 00 00
2025-11-08T01:57:07.049,86.410,can0  204  [16]  75 34 50 46 50 46 50 46 BC 34 20 4E 30 75 00 00
2025-11-08T01:57:07.049,86.410,can0  206  [16]  A3 0C D6 07 9B 0C DA DC EB 07 BF 0C A7 0C 00 00
2025-11-08T01:57:07.049,86.410,can0  204  [16]  75 34 50 46 50 46 50 46 BC 34 20 4E 30 75 00 00
2025-11-08T01:57:07.049,86.410,can0  204  [16]  75 34 50 46 50 46 50 46 BC 34 20 4E 30 75 00 00
2025-11-08T01:57:07.060,86.421,can0  041  [04]  02 00 00 00
2025-11-08T01:57:07.060,86.421,can0  204  [16]  75 34 50 46 50 46 50 46 BC 34 20 4E 30 75 00 00
2025-11-08T01:57:07.060,86.421,can0  206  [16]  7B 0C D3 07 C3 0C 99 C6 F8 07 BF 0C AB 0C 00 00
2025-11-08T01:57:07.060,86.421,can0  204  [16]  75 34 50 46 50 46 50 46 BC 34 20 4E 30 75 00 00
2025-11-08T01:57:07.060,86.421,can0  204  [16]  75 34 50 46 50 46 50 46 BC 34 20 4E 30 75 00 00
2025-11-08T01:57:07.060,86.421,can0  204  [16]  75 34 50 46 50 46 50 46 BC 34 20 4E 30 75 00 00
2025-11-08T01:57:07.060,86.421,can0  206  [16]  9B 0C CD 07 97 0C DA DC EB 07 CF 0C AF 0C 00 00
2025-11-08T01:57:07.060,86.421,can0  204  [16]  75 34 50 46 50 46 50 46 BC 34 20 4E 30 75 00 00
2025-11-08T01:57:07.060,86.421,can0  041  [04]  02 00 00 00
2025-11-08T01:57:07.060,86.421,can0  204  [16]  75 34 50 46 50 46 50 46 BC 34 20 4E 30 75 00 00
2025-11-08T01:57:07.654,87.014,can0  204  [16]  75 34 50 46 50 46 50 46 BC 34 20 4E 30 75 00 00
2025-11-08T01:57:07.654,87.014,can0  206  [16]  A7 0C D6 07 A3 0C 99 C6 EB 07 BF 0C A3 0C 00 00
2025-11-08T01:57:07.654,87.014,can0  204  [16]  75 34 50 46 50 46 50 46 BC 34 20 4E 30 75 00 00
2025-11-08T01:57:07.654,87.014,can0  204  [16]  75 34 50 46 50 46 50 46 BC 34 20 4E 30 75 00 00
2025-11-08T01:57:07.654,87.014,can0  041  [04]  3F 01 00 00
2025-11-08T01:57:07.664,87.025,can0  206  [16]  A7 0C D6 07 97 0C 99 C6 ED 07 CB 0C A7 0C 00 00
2025-11-08T01:57:07.664,87.025,can0  204  [16]  75 34 50 46 50 46 50 46 BC 34 20 4E 30 75 00 00
2025-11-08T01:57:07.664,87.025,can0  204  [16]  75 34 50 46 50 46 50 46 BC 34 20 4E 30 75 00 00
2025-11-08T01:57:07.664,87.025,can0  204  [16]  75 34 50 46 50 46 50 46 BC 34 20 4E 30 75 00 00
2025-11-08T01:57:07.664,87.025,can0  206  [16]  97 0C D3 07 9F 0C DA DC ED 07 CF 0C A3 0C 00 00
2025-11-08T01:57:07.664,87.025,can0  204  [16]  75 34 50 46 50 46 50 46 BC 34 20 4E 30 75 00 00
2025-11-08T01:57:07.664,87.025,can0  041  [04]  3F 01 00 00
2025-11-08T01:57:07.664,87.025,can0  204  [16]  75 34 50 46 50 46 50 46 BC 34 20 4E 30 75 00 00
2025-11-08T01:57:07.664,87.025,can0  204  [16]  75 34 50 46 50 46 50 46 BC 34 20 4E 30 75 00 00
2025-11-08T01:57:07.664,87.025,can0  206  [16]  A3 0C D6 07 9F 0C B1 E0 EB 07 AF 0C A7 0C 00 00
2025-11-08T01:57:07.664,87.025,can0  204  [16]  75 34 50 46 50 46 50 46 BC 34 20 4E 30 75 00 00
2025-11-08T01:57:08.285,87.646,can0  204  [16]  75 34 50 46 50 46 50 46 BC 34 20 4E 30 75 00 00
2025-11-08T01:57:08.286,87.646,can0  204  [16]  75 34 50 46 50 46 50 46 BC 34 20 4E 30 75 00 00
2025-11-08T01:57:08.286,87.646,can0  206  [16]  A3 0C D1 07 9B 0C B1 E0 EB 07 C7 0C AB 0C 00 00
2025-11-08T01:57:08.296,87.656,can0  041  [04]  02 00 00 00
2025-11-08T01:57:08.296,87.656,can0  204  [16]  75 34 50 46 50 46 50 46 BC 34 20 4E 30 75 00 00
2025-11-08T01:57:08.296,87.656,can0  204  [16]  75 34 50 46 50 46 50 46 BC 34 20 4E 30 75 00 00
2025-11-08T01:57:08.296,87.656,can0  204  [16]  75 34 50 46 50 46 50 46 BC 34 20 4E 30 75 00 00
2025-11-08T01:57:08.296,87.657,can0  206  [16]  AB 0C D1 07 9F 0C 99 C6 E9 07 BF 0C 9F 0C 00 00
2025-11-08T01:57:08.296,87.657,can0  204  [16]  75 34 50 46 50 46 50 46 BC 34 20 4E 30 75 00 00
2025-11-08T01:57:08.296,87.657,can0  204  [16]  75 34 50 46 50 46 50 46 BC 34 20 4E 30 75 00 00
2025-11-08T01:57:08.296,87.657,can0  041  [04]  52 01 00 00
2025-11-08T01:57:08.296,87.657,can0  204  [16]  75 34 50 46 50 46 50 46 BC 34 20 4E 30 75 00 00
2025-11-08T01:57:08.296,87.657,can0  206  [16]  AF 0C D3 07 97 0C DA DC EB 07 C3 0C A3 0C 00 00
2025-11-08T01:57:08.296,87.657,can0  204  [16]  75 34 50 46 50 46 50 46 BC 34 20 4E 30 75 00 00
2025-11-08T01:57:08.296,87.657,can0  204  [16]  75 34 50 46 50 46 50 46 BC 34 20 4E 30 75 00 00
2025-11-08T01:57:08.307,87.668,can0  206  [16]  97 0C D3 07 97 0C DA DC EB 07 C3 0C B7 0C 00 00
2025-11-08T01:57:08.307,87.668,can0  204  [16]  75 34 50 46 50 46 50 46 BC 34 20 4E 30 75 00 00
2025-11-08T01:57:08.307,87.668,can0  041  [04]  3F 01 00 00
2025-11-08T01:57:08.307,87.668,can0  204  [16]  75 34 50 46 50 46 50 46 BC 34 20 4E 30 75 00 00
2025-11-08T01:57:09.066,88.427,can0  204  [16]  75 34 50 46 50 46 50 46 BC 34 20 4E 30 75 00 00
2025-11-08T01:57:09.067,88.427,can0  206  [16]  A3 0C D3 07 9B 0C DA DC ED 07 C7 0C A7 0C 00 00
2025-11-08T01:57:09.067,88.427,can0  204  [16]  75 34 50 46 50 46 50 46 BC 34 20 4E 30 75 00 00
2025-11-08T01:57:09.067,88.427,can0  204  [16]  75 34 50 46 50 46 50 46 BC 34 20 4E 30 75 00 00
2025-11-08T01:57:09.067,88.427,can0  204  [16]  75 34 50 46 50 46 50 46 BC 34 20 4E 30 75 00 00
2025-11-08T01:57:09.067,88.427,can0  041  [04]  3F 01 00 00
2025-11-08T01:57:09.067,88.427,can0  206  [16]  9F 0C D3 07 9F 0C 99 C6 EB 07 CB 0C AB 0C 00 00
2025-11-08T01:57:09.067,88.427,can0  204  [16]  75 34 50 46 50 46 50 46 BC 34 20 4E 30 75 00 00
2025-11-08T01:57:09.067,88.427,can0  204  [16]  75 34 50 46 50 46 50 46 BC 34 20 4E 30 75 00 00
2025-11-08T01:57:09.067,88.427,can0  204  [16]  75 34 50 46 50 46 50 46 BC 34 20 4E 30 75 00 00
2025-11-08T01:57:09.077,88.438,can0  206  [16]  9B 0C D3 07 A3 0C DA DC EB 07 BF 0C AB 0C 00 00
2025-11-08T01:57:09.077,88.438,can0  204  [16]  75 34 50 46 50 46 50 46 BC 34 20 4E 30 75 00 00
2025-11-08T01:57:09.077,88.438,can0  041  [04]  E4 00 00 00
2025-11-08T01:57:09.077,88.438,can0  204  [16]  75 34 50 46 50 46 50 46 BC 34 20 4E 30 75 00 00
2025-11-08T01:57:09.077,88.438,can0  204  [16]  75 34 50 46 50 46 50 46 BC 34 20 4E 30 75 00 00
2025-11-08T01:57:09.077,88.438,can0  206  [16]  A7 0C D3 07 9B 0C 99 C6 EB 07 C7 0C A3 0C 00 00
2025-11-08T01:57:09.077,88.438,can0  204  [16]  75 34 50 46 50 46 50 46 BC 34 20 4E 30 75 00 00
2025-11-08T01:57:09.077,88.438,can0  204  [16]  75 34 50 46 50 46 50 46 BC 34 20 4E 30 75 00 00
2025-11-08T01:57:09.981,89.342,can0  204  [16]  75 34 50 46 50 46 50 46 BC 34 20 4E 30 75 00 00
2025-11-08T01:57:09.992,89.352,can0  206  [16]  AB 0C D6 07 9B 0C DA DC E5 07 BB 0C A3 0C 00 00
2025-11-08T01:57:09.992,89.352,can0  041  [04]  3F 01 00 00
2025-11-08T01:57:09.992,89.352,can0  204  [16]  75 34 50 46 50 46 50 46 BC 34 20 4E 30 75 00 00
2025-11-08T01:57:09.992,89.352,can0  204  [16]  75 34 50 46 50 46 50 46 BC 34 20 4E 30 75 00 00
2025-11-08T01:57:09.992,89.352,can0  206  [16]  A3 0C D3 07 9B 0C 7E E4 EB 07 C3 0C AB 0C 00 00
2025-11-08T01:57:09.992,89.352,can0  204  [16]  75 34 50 46 50 46 50 46 BC 34 20 4E 30 75 00 00
2025-11-08T01:57:09.992,89.352,can0  204  [16]  75 34 50 46 50 46 50 46 BC 34 20 4E 30 75 00 00
2025-11-08T01:57:10.002,89.363,can0  041  [04]  3F 01 02 00
2025-11-08T01:57:10.002,89.363,can0  204  [16]  75 34 50 46 50 46 50 46 BC 34 20 4E 30 75 00 00
2025-11-08T01:57:10.002,89.363,can0  206  [16]  B7 0C D1 07 9B 0C 3A DF EB 07 C3 0C 97 0C 00 00
2025-11-08T01:57:10.002,89.363,can0  204  [16]  75 34 50 46 50 46 50 46 BC 34 20 4E 30 75 00 00
2025-11-08T01:57:10.002,89.363,can0  204  [16]  75 34 50 46 50 46 50 46 BC 34 20 4E 30 75 00 00
2025-11-08T01:57:10.002,89.363,can0  204  [16]  75 34 50 46 50 46 50 46 BC 34 20 4E 30 75 00 00
2025-11-08T01:57:10.002,89.363,can0  206  [16]  97 0C D6 07 9F 0C DA DC EB 07 BF 0C B3 0C 00 00
2025-11-08T01:57:10.002,89.363,can0  204  [16]  75 34 50 46 50 46 50 46 BC 34 20 4E 30 75 00 00
2025-11-08T01:57:10.013,89.374,can0  041  [04]  02 00 02 00
2025-11-08T01:57:10.013,89.374,can0  204  [16]  75 34 50 46 50 46 50 46 BC 34 20 4E 30 75 00 00
2025-11-08T01:57:10.013,89.374,can0  204  [16]  75 34 50 46 50 46 50 46 BC 34 20 4E 30 75 00 00
2025-11-08T01:57:10.013,89.374,can0  206  [16]  9F 0C D6 07 A7 0C DA DC EB 07 BB 0C A7 0C 00 00
2025-11-08T01:57:10.013,89.374,can0  204  [16]  75 34 50 46 50 46 50 46 BC 34 20 4E 30 75 00 00
2025-11-08T01:57:10.013,89.374,can0  204  [16]  75 34 50 46 50 46 50 46 BC 34 20 4E 30 75 00 00
2025-11-08T01:57:10.013,89.374,can0  204  [16]  75 34 50 46 50 46 50 46 BC 34 20 4E 30 75 00 00
2025-11-08T01:57:10.013,89.374,can0  041  [04]  02 00 02 00
2025-11-08T01:57:10.013,89.374,can0  206  [16]  9F 0C D1 07 9B 0C 57 E3 EB 07 C7 0C AB 0C 00 00
2025-11-08T01:57:10.013,89.374,can0  204  [16]  75 34 50 46 50 46 50 46 BC 34 20 4E 30 75 00 00
2025-11-08T01:57:10.023,89.384,can0  204  [16]  75 34 50 46 50 46 50 46 BC 34 20 4E 30 75 00 00
2025-11-08T01:57:10.453,89.814,can0  204  [16]  75 34 50 46 50 46 50 46 BC 34 20 4E 30 75 00 00
2025-11-08T01:57:10.453,89.814,can0  206  [16]  9B 0C D6 07 9B 0C 99 C6 EB 07 C3 0C B3 0C 00 00
2025-11-08T01:57:10.453,89.814,can0  204  [16]  75 34 50 46 50 46 50 46 BC 34 20 4E 30 75 00 00
2025-11-08T01:57:10.453,89.814,can0  041  [04]  02 00 02 00
2025-11-08T01:57:10.453,89.814,can0  204  [16]  75 34 50 46 50 46 50 46 BC 34 20 4E 30 75 00 00
2025-11-08T01:57:10.453,89.814,can0  206  [16]  C7 0C D6 07 9F 0C 99 C6 EB 07 C7 0C 83 0C 00 00
2025-11-08T01:57:10.453,89.814,can0  204  [16]  75 34 50 46 50 46 50 46 BC 34 20 4E 30 75 00 00
2025-11-08T01:57:10.453,89.814,can0  204  [16]  75 34 50 46 50 46 50 46 BC 34 20 4E 30 75 00 00
2025-11-08T01:57:10.464,89.825,can0  204  [16]  75 34 50 46 50 46 50 46 BC 34 20 4E 30 75 00 00
2025-11-08T01:57:10.464,89.825,can0  206  [16]  8F 0C D6 07 93 0C 99 C6 EB 07 BF 0C C3 0C 00 00
2025-11-08T01:57:10.464,89.825,can0  041  [04]  02 00 00 00
2025-11-08T01:57:10.464,89.825,can0  204  [16]  75 34 50 46 50 46 50 46 BC 34 20 4E 30 75 00 00
2025-11-08T01:57:10.886,90.246,can0  204  [16]  75 34 50 46 50 46 50 46 BC 34 20 4E 30 75 00 00
2025-11-08T01:57:10.886,90.246,can0  204  [16]  75 34 50 46 50 46 50 46 BC 34 20 4E 30 75 00 00
2025-11-08T01:57:10.896,90.257,can0  206  [16]  A3 0C BE 07 AB 0C 3A DF EB 07 B3 0C A7 0C 00 00
2025-11-08T01:57:10.897,90.257,can0  204  [16]  75 34 50 46 50 46 50 46 BC 34 20 4E 30 75 00 00
2025-11-08T01:57:10.897,90.257,can0  204  [16]  75 34 50 46 50 46 50 46 BC 34 20 4E 30 75 00 00
2025-11-08T01:57:10.897,90.257,can0  041  [04]  52 01 00 00
2025-11-08T01:57:10.897,90.257,can0  204  [16]  75 34 50 46 50 46 50 46 BC 34 20 4E 30 75 00 00
2025-11-08T01:57:10.897,90.257,can0  206  [16]  B3 0C D1 07 8B 0C B1 E0 EB 07 C3 0C A7 0C 00 00
2025-11-08T01:57:10.897,90.257,can0  204  [16]  75 34 50 46 50 46 50 46 BC 34 20 4E 30 75 00 00
2025-11-08T01:57:10.897,90.257,can0  204  [16]  75 34 50 46 50 46 50 46 BC 34 20 4E 30 75 00 00
2025-11-08T01:57:10.897,90.257,can0  204  [16]  75 34 50 46 50 46 50 46 BC 34 20 4E 30 75 00 00
2025-11-08T01:57:10.897,90.257,can0  206  [16]  9B 0C D6 07 AB 0C DA DC EB 07 BF 0C AB 0C 00 00
2025-11-08T01:57:10.897,90.257,can0  204  [16]  75 34 50 46 50 46 50 46 BC 34 20 4E 30 75 00 00
2025-11-08T01:57:10.897,90.257,can0  041  [04]  52 01 02 00
2025-11-08T01:57:11.536,90.897,can0  204  [16]  75 34 50 46 50 46 50 46 BC 34 20 4E 30 75 00 00
2025-11-08T01:57:11.538,90.898,can0  204  [16]  75 34 50 46 50 46 50 46 BC 34 20 4E 30 75 00 00
2025-11-08T01:57:11.548,90.909,can0  206  [16]  9F 0C D1 07 9B 0C 3A DF ED 07 CB 0C AB 0C 00 00
2025-11-08T01:57:11.548,90.909,can0  204  [16]  75 34 50 46 50 46 50 46 BC 34 20 4E 30 75 00 00
2025-11-08T01:57:11.548,90.909,can0  204  [16]  75 34 50 46 50 46 50 46 BC 34 20 4E 30 75 00 00
2025-11-08T01:57:11.548,90.909,can0  041  [04]  02 00 00 00
2025-11-08T01:57:11.548,90.909,can0  206  [16]  B3 0C DE 07 9B 0C DA DC EB 07 C7 0C 9B 0C 00 00
2025-11-08T01:57:11.548,90.909,can0  204  [16]  75 34 50 46 50 46 50 46 BC 34 20 4E 30 75 00 00
2025-11-08T01:57:11.559,90.920,can0  204  [16]  75 34 50 46 50 46 50 46 BC 34 20 4E 30 75 00 00
2025-11-08T01:57:11.559,90.920,can0  204  [16]  75 34 50 46 50 46 50 46 BC 34 20 4E 30 75 00 00
2025-11-08T01:57:11.560,90.920,can0  206  [16]  9F 0C D3 07 A3 0C 3A DF E3 07 B7 0C A3 0C 00 00
2025-11-08T01:57:11.560,90.920,can0  204  [16]  75 34 50 46 50 46 50 46 BC 34 20 4E 30 75 00 00
2025-11-08T01:57:11.560,90.920,can0  204  [16]  75 34 50 46 50 46 50 46 BC 34 20 4E 30 75 00 00
2025-11-08T01:57:11.560,90.920,can0  041  [04]  02 00 00 00
2025-11-08T01:57:11.560,90.920,can0  204  [16]  75 34 50 46 50 46 50 46 BC 34 20 4E 30 75 00 00
2025-11-08T01:57:12.040,91.401,can0  206  [16]  A7 0C D6 07 9B 0C 99 C6 E9 07 C3 0C A3 0C 00 00
2025-11-08T01:57:12.040,91.401,can0  204  [16]  75 34 50 46 50 46 50 46 BC 34 20 4E 30 75 00 00
2025-11-08T01:57:12.040,91.401,can0  204  [16]  75 34 50 46 50 46 50 46 BC 34 20 4E 30 75 00 00
2025-11-08T01:57:12.040,91.401,can0  204  [16]  75 34 50 46 50 46 50 46 BC 34 20 4E 30 75 00 00
2025-11-08T01:57:12.040,91.401,can0  206  [16]  A7 0C D6 07 9F 0C B1 E0 EB 07 BF 0C A3 0C 00 00
2025-11-08T01:57:12.051,91.412,can0  041  [04]  02 00 00 00
2025-11-08T01:57:12.051,91.412,can0  204  [16]  75 34 50 46 50 46 50 46 BC 34 20 4E 30 75 00 00
2025-11-08T01:57:12.051,91.412,can0  204  [16]  75 34 50 46 50 46 50 46 BC 34 20 4E 30 75 00 00
2025-11-08T01:57:12.051,91.412,can0  204  [16]  75 34 50 46 50 46 50 46 BC 34 20 4E 30 75 00 00
2025-11-08T01:57:12.051,91.412,can0  206  [16]  7B 0C E0 07 A7 0C 99 C6 E7 07 CB 0C C3 0C 00 00
2025-11-08T01:57:12.051,91.412,can0  204  [16]  75 34 50 46 50 46 50 46 BC 34 20 4E 30 75 00 00
2025-11-08T01:57:12.051,91.412,can0  204  [16]  75 34 50 46 50 46 50 46 BC 34 20 4E 30 75 00 00
2025-11-08T01:57:12.051,91.412,can0  041  [04]  02 00 02 00
2025-11-08T01:57:12.051,91.412,can0  204  [16]  75 34 50 46 50 46 50 46 BC 34 20 4E 30 75 00 00
2025-11-08T01:57:12.789,92.149,can0  206  [16]  A3 0C D8 07 A3 0C DA DC EB 07 BF 0C A7 0C 00 00
2025-11-08T01:57:12.789,92.149,can0  204  [16]  75 34 50 46 50 46 50 46 BC 34 20 4E 30 75 00 00
2025-11-08T01:57:12.789,92.149,can0  204  [16]  75 34 50 46 50 46 50 46 BC 34 20 4E 30 75 00 00
2025-11-08T01:57:12.789,92.149,can0  206  [16]  B7 0C D6 07 8F 0C 3A DF E9 07 BB 0C A3 0C 00 00
2025-11-08T01:57:12.789,92.149,can0  204  [16]  75 34 50 46 50 46 50 46 BC 34 20 4E 30 75 00 00
2025-11-08T01:57:12.789,92.149,can0  041  [04]  02 00 02 00
2025-11-08T01:57:12.789,92.149,can0  204  [16]  75 34 50 46 50 46 50 46 BC 34 20 4E 30 75 00 00
2025-11-08T01:57:12.800,92.161,can0  204  [16]  75 34 50 46 50 46 50 46 BC 34 20 4E 30 75 00 00
2025-11-08T01:57:12.800,92.161,can0  206  [16]  AB 0C D8 07 9B 0C DA DC F2 07 C3 0C A3 0C 00 00
2025-11-08T01:57:12.800,92.161,can0  204  [16]  75 34 50 46 50 46 50 46 BC 34 20 4E 30 75 00 00
2025-11-08T01:57:12.800,92.161,can0  204  [16]  75 34 50 46 50 46 50 46 BC 34 20 4E 30 75 00 00
2025-11-08T01:57:12.800,92.161,can0  204  [16]  75 34 50 46 50 46 50 46 BC 34 20 4E 30 75 00 00
2025-11-08T01:57:12.800,92.161,can0  041  [04]  02 00 00 00
2025-11-08T01:57:12.800,92.161,can0  206  [16]  9F 0C D8 07 A3 0C DA DC EB 07 C3 0C AB 0C 00 00
2025-11-08T01:57:12.800,92.161,can0  204  [16]  75 34 50 46 50 46 50 46 BC 34 20 4E 30 75 00 00
2025-11-08T01:57:12.811,92.172,can0  204  [16]  75 34 50 46 50 46 50 46 BC 34 20 4E 30 75 00 00
2025-11-08T01:57:12.811,92.172,can0  204  [16]  75 34 50 46 50 46 50 46 BC 34 20 4E 30 75 00 00
2025-11-08T01:57:12.811,92.172,can0  206  [16]  97 0C C9 07 9F 0C DA DC EF 07 C7 0C AF 0C 00 00
2025-11-08T01:57:12.811,92.172,can0  204  [16]  75 34 50 46 50 46 50 46 BC 34 20 4E 30 75 00 00
2025-11-08T01:57:12.811,92.172,can0  204  [16]  75 34 50 46 50 46 50 46 BC 34 20 4E 30 75 00 00
2025-11-08T01:57:12.811,92.172,can0  041  [04]  02 00 00 00
2025-11-08T01:57:13.489,92.850,can0  204  [16]  75 34 50 46 50 46 50 46 BC 34 20 4E 30 75 00 00
2025-11-08T01:57:13.490,92.851,can0  206  [16]  9F 0C D3 07 A3 0C DA DC CB 07 C7 0C A7 0C 00 00
2025-11-08T01:57:13.491,92.851,can0  204  [16]  75 34 50 46 50 46 50 46 BC 34 20 4E 30 75 00 00
2025-11-08T01:57:13.491,92.851,can0  204  [16]  75 34 50 46 50 46 50 46 BC 34 20 4E 30 75 00 00
2025-11-08T01:57:13.501,92.862,can0  204  [16]  75 34 50 46 50 46 50 46 BC 34 20 4E 30 75 00 00
2025-11-08T01:57:13.501,92.862,can0  206  [16]  A3 0C D6 07 97 0C B1 E0 ED 07 CB 0C A7 0C 00 00
2025-11-08T01:57:13.501,92.862,can0  041  [04]  52 01 02 00
2025-11-08T01:57:13.501,92.862,can0  204  [16]  75 34 50 46 50 46 50 46 BC 34 20 4E 30 75 00 00
2025-11-08T01:57:13.501,92.862,can0  204  [16]  75 34 50 46 50 46 50 46 BC 34 20 4E 30 75 00 00
2025-11-08T01:57:13.501,92.862,can0  206  [16]  97 0C D6 07 9F 0C DA DC EF 07 C3 0C B3 0C 00 00
2025-11-08T01:57:13.501,92.862,can0  204  [16]  75 34 50 46 50 46 50 46 BC 34 20 4E 30 75 00 00
2025-11-08T01:57:13.501,92.862,can0  204  [16]  75 34 50 46 50 46 50 46 BC 34 20 4E 30 75 00 00
2025-11-08T01:57:13.501,92.862,can0  041  [04]  02 00 00 00
2025-11-08T01:57:13.501,92.862,can0  204  [16]  75 34 50 46 50 46 50 46 BC 34 20 4E 30 75 00 00
2025-11-08T01:57:13.502,92.862,can0  206  [16]  8F 0C C4 07 A7 0C DA DC EB 07 C7 0C AF 0C 00 00
2025-11-08T01:57:13.513,92.873,can0  204  [16]  75 34 50 46 50 46 50 46 BC 34 20 4E 30 75 00 00
2025-11-08T01:57:13.513,92.873,can0  204  [16]  75 34 50 46 50 46 50 46 BC 34 20 4E 30 75 00 00
2025-11-08T01:57:13.513,92.873,can0  204  [16]  75 34 50 46 50 46 50 46 BC 34 20 4E 30 75 00 00
2025-11-08T01:57:13.553,92.914,can0  206  [16]  A3 0C D6 07 97 0C DA DC EB 07 CB 0C A7 0C 00 00
2025-11-08T01:57:13.949,93.310,can0  204  [16]  75 34 50 46 50 46 50 46 BC 34 20 4E 30 75 00 00
2025-11-08T01:57:13.949,93.310,can0  041  [04]  02 00 00 00
2025-11-08T01:57:13.949,93.310,can0  204  [16]  75 34 50 46 50 46 50 46 BC 34 20 4E 30 75 00 00
2025-11-08T01:57:13.949,93.310,can0  204  [16]  75 34 50 46 50 46 50 46 BC 34 20 4E 30 75 00 00
2025-11-08T01:57:13.959,93.320,can0  206  [16]  9F 0C D3 07 A7 0C 99 C6 EB 07 BF 0C A7 0C 00 00
2025-11-08T01:57:13.960,93.320,can0  204  [16]  75 34 50 46 50 46 50 46 BC 34 20 4E 30 75 00 00
2025-11-08T01:57:13.960,93.320,can0  204  [16]  75 34 50 46 50 46 50 46 BC 34 20 4E 30 75 00 00
2025-11-08T01:57:13.960,93.320,can0  204  [16]  75 34 50 46 50 46 50 46 BC 34 20 4E 30 75 00 00
2025-11-08T01:57:13.960,93.320,can0  041  [04]  02 00 00 00
2025-11-08T01:57:13.960,93.320,can0  206  [16]  8F 0C D3 07 AB 0C B1 E0 E7 07 C3 0C AB 0C 00 00
2025-11-08T01:57:13.960,93.320,can0  204  [16]  75 34 50 46 50 46 50 46 BC 34 20 4E 30 75 00 00
2025-11-08T01:57:14.557,93.918,can0  204  [16]  75 34 50 46 50 46 50 46 BC 34 20 4E 30 75 00 00
2025-11-08T01:57:14.558,93.918,can0  204  [16]  75 34 50 46 50 46 50 46 BC 34 20 4E 30 75 00 00
2025-11-08T01:57:14.558,93.918,can0  206  [16]  A3 0C D6 07 9F 0C 99 C6 E3 07 CB 0C A7 0C 00 00
2025-11-08T01:57:14.558,93.919,can0  204  [16]  75 34 50 46 50 46 50 46 BC 34 20 4E 30 75 00 00
2025-11-08T01:57:14.558,93.919,can0  041  [04]  02 00 00 00
2025-11-08T01:57:14.558,93.919,can0  204  [16]  75 34 50 46 50 46 50 46 BC 34 20 4E 30 75 00 00
2025-11-08T01:57:14.558,93.919,can0  206  [16]  A7 0C D3 07 9B 0C 99 C6 EB 07 BF 0C A7 0C 00 00
2025-11-08T01:57:14.559,93.919,can0  204  [16]  75 34 50 46 50 46 50 46 BC 34 20 4E 30 75 00 00
2025-11-08T01:57:14.570,93.930,can0  204  [16]  75 34 50 46 50 46 50 46 BC 34 20 4E 30 75 00 00
2025-11-08T01:57:14.570,93.930,can0  204  [16]  75 34 50 46 50 46 50 46 BC 34 20 4E 30 75 00 00
2025-11-08T01:57:14.570,93.930,can0  206  [16]  A3 0C D3 07 9F 0C 99 C6 EF 07 C7 0C A7 0C 00 00
2025-11-08T01:57:14.570,93.930,can0  204  [16]  75 34 50 46 50 46 50 46 BC 34 20 4E 30 75 00 00
2025-11-08T01:57:14.570,93.930,can0  041  [04]  02 00 00 00
2025-11-08T01:57:14.570,93.930,can0  204  [16]  75 34 50 46 50 46 50 46 BC 34 20 4E 30 75 00 00
2025-11-08T01:57:14.570,93.930,can0  204  [16]  75 34 50 46 50 46 50 46 BC 34 20 4E 30 75 00 00
2025-11-08T01:57:14.570,93.931,can0  206  [16]  93 0C D8 07 A7 0C C5 E1 E9 07 BF 0C AB 0C 00 00
2025-11-08T01:57:15.048,94.409,can0  204  [16]  75 34 50 46 50 46 50 46 BC 34 20 4E 30 75 00 00
2025-11-08T01:57:15.048,94.409,can0  204  [16]  75 34 50 46 50 46 50 46 BC 34 20 4E 30 75 00 00
2025-11-08T01:57:15.048,94.409,can0  041  [04]  E4 00 00 00
2025-11-08T01:57:15.048,94.409,can0  204  [16]  75 34 50 46 50 46 50 46 BC 34 20 4E 30 75 00 00
2025-11-08T01:57:15.048,94.409,can0  206  [16]  9F 0C D6 07 8F 0C DA DC EB 07 C3 0C AB 0C 00 00
2025-11-08T01:57:15.048,94.409,can0  204  [16]  75 34 50 46 50 46 50 46 BC 34 20 4E 30 75 00 00
2025-11-08T01:57:15.048,94.409,can0  204  [16]  75 34 50 46 50 46 50 46 BC 34 20 4E 30 75 00 00
2025-11-08T01:57:15.048,94.409,can0  204  [16]  75 34 50 46 50 46 50 46 BC 34 20 4E 30 75 00 00
2025-11-08T01:57:15.048,94.409,can0  206  [16]  9B 0C D6 07 A3 0C DA DC EB 07 C3 0C AB 0C 00 00
2025-11-08T01:57:15.048,94.409,can0  204  [16]  75 34 50 46 50 46 50 46 BC 34 20 4E 30 75 00 00
2025-11-08T01:57:15.048,94.409,can0  041  [04]  3F 01 02 00
2025-11-08T01:57:15.048,94.409,can0  204  [16]  75 34 50 46 50 46 50 46 BC 34 20 4E 30 75 00 00
2025-11-08T01:57:15.048,94.409,can0  204  [16]  75 34 50 46 50 46 50 46 BC 34 20 4E 30 75 00 00
2025-11-08T01:57:15.060,94.420,can0  206  [16]  A3 0C D3 07 9F 0C 99 C6 EB 07 C3 0C A3 0C 00 00
2025-11-08T01:57:15.484,94.845,can0  204  [16]  75 34 50 46 50 46 50 46 BC 34 20 4E 30 75 00 00
2025-11-08T01:57:15.484,94.845,can0  204  [16]  75 34 50 46 50 46 50 46 BC 34 20 4E 30 75 00 00
2025-11-08T01:57:15.484,94.845,can0  206  [16]  9B 0C D6 07 A3 0C DA DC EB 07 C3 0C AB 0C 00 00
2025-11-08T01:57:15.484,94.845,can0  041  [04]  02 00 00 00
2025-11-08T01:57:15.485,94.845,can0  204  [16]  75 34 50 46 50 46 50 46 BC 34 20 4E 30 75 00 00
2025-11-08T01:57:15.485,94.845,can0  204  [16]  75 34 50 46 50 46 50 46 BC 34 20 4E 30 75 00 00
2025-11-08T01:57:15.485,94.845,can0  204  [16]  75 34 50 46 50 46 50 46 BC 34 20 4E 30 75 00 00
2025-11-08T01:57:15.485,94.845,can0  206  [16]  A7 0C D6 07 9B 0C DA DC ED 07 BB 0C A3 0C 00 00
2025-11-08T01:57:15.485,94.845,can0  204  [16]  75 34 50 46 50 46 50 46 BC 34 20 4E 30 75 00 00
2025-11-08T01:57:15.485,94.845,can0  204  [16]  75 34 50 46 50 46 50 46 BC 34 20 4E 30 75 00 00
2025-11-08T01:57:15.485,94.845,can0  041  [04]  02 00 00 00
2025-11-08T01:57:16.228,95.588,can0  204  [16]  75 34 50 46 50 46 50 46 BC 34 20 4E 30 75 00 00
2025-11-08T01:57:16.228,95.588,can0  206  [16]  9B 0C D3 07 9F 0C 99 C6 E9 07 BF 0C B3 0C 00 00
2025-11-08T01:57:16.228,95.588,can0  204  [16]  75 34 50 46 50 46 50 46 BC 34 20 4E 30 75 00 00
2025-11-08T01:57:16.228,95.588,can0  204  [16]  75 34 50 46 50 46 50 46 BC 34 20 4E 30 75 00 00
2025-11-08T01:57:16.228,95.588,can0  204  [16]  75 34 50 46 50 46 50 46 BC 34 20 4E 30 75 00 00
2025-11-08T01:57:16.228,95.588,can0  206  [16]  A3 0C D1 07 9B 0C B1 E0 E7 07 BF 0C A7 0C 00 00
2025-11-08T01:57:16.228,95.589,can0  204  [16]  75 34 50 46 50 46 50 46 BC 34 20 4E 30 75 00 00
2025-11-08T01:57:16.228,95.589,can0  041  [04]  02 00 02 00
2025-11-08T01:57:16.228,95.589,can0  204  [16]  75 34 50 46 50 46 50 46 BC 34 20 4E 30 75 00 00
2025-11-08T01:57:16.228,95.589,can0  204  [16]  75 34 50 46 50 46 50 46 BC 34 20 4E 30 75 00 00
2025-11-08T01:57:16.228,95.589,can0  206  [16]  9B 0C D1 07 A3 0C DA DC EF 07 C7 0C AB 0C 00 00
2025-11-08T01:57:16.228,95.589,can0  204  [16]  75 34 50 46 50 46 50 46 BC 34 20 4E 30 75 00 00
2025-11-08T01:57:16.238,95.599,can0  204  [16]  75 34 50 46 50 46 50 46 BC 34 20 4E 30 75 00 00
2025-11-08T01:57:16.238,95.599,can0  041  [04]  02 00 00 00
2025-11-08T01:57:16.238,95.599,can0  204  [16]  75 34 50 46 50 46 50 46 BC 34 20 4E 30 75 00 00
2025-11-08T01:57:16.238,95.599,can0  206  [16]  9F 0C D8 07 A7 0C DA DC EB 07 C3 0C A7 0C 00 00
2025-11-08T01:57:16.238,95.599,can0  204  [16]  75 34 50 46 50 46 50 46 BC 34 20 4E 30 75 00 00
2025-11-08T01:57:16.238,95.599,can0  204  [16]  75 34 50 46 50 46 50 46 BC 34 20 4E 30 75 00 00
2025-11-08T01:57:16.238,95.599,can0  204  [16]  75 34 50 46 50 46 50 46 BC 34 20 4E 30 75 00 00
2025-11-08T01:57:16.238,95.599,can0  206  [16]  8F 0C DA 07 AF 0C 99 C6 EB 07 C7 0C A7 0C 00 00
2025-11-08T01:57:16.828,96.189,can0  041  [04]  E4 00 00 00
2025-11-08T01:57:16.828,96.189,can0  204  [16]  75 34 50 46 50 46 50 46 BC 34 20 4E 30 75 00 00
2025-11-08T01:57:16.839,96.199,can0  204  [16]  75 34 50 46 50 46 50 46 BC 34 20 4E 30 75 00 00
2025-11-08T01:57:16.839,96.199,can0  206  [16]  A7 0C D3 07 9F 0C 99 C6 EB 07 BF 0C A3 0C 00 00
2025-11-08T01:57:16.839,96.199,can0  204  [16]  75 34 50 46 50 46 50 46 BC 34 20 4E 30 75 00 00
2025-11-08T01:57:16.839,96.199,can0  204  [16]  75 34 50 46 50 46 50 46 BC 34 20 4E 30 75 00 00
2025-11-08T01:57:16.839,96.199,can0  204  [16]  75 34 50 46 50 46 50 46 BC 34 20 4E 30 75 00 00
2025-11-08T01:57:16.839,96.199,can0  041  [04]  B5 00 00 00
2025-11-08T01:57:16.839,96.199,can0  206  [16]  A3 0C D3 07 97 0C B1 E0 EB 07 C3 0C AB 0C 00 00
2025-11-08T01:57:16.849,96.209,can0  204  [16]  75 34 50 46 50 46 50 46 BC 34 20 4E 30 75 00 00
2025-11-08T01:57:16.849,96.209,can0  204  [16]  75 34 50 46 50 46 50 46 BC 34 20 4E 30 75 00 00
2025-11-08T01:57:16.849,96.210,can0  204  [16]  75 34 50 46 50 46 50 46 BC 34 20 4E 30 75 00 00
2025-11-08T01:57:16.849,96.210,can0  206  [16]  C7 0C D3 07 73 0C 99 C6 EB 07 C3 0C AB 0C 00 00
2025-11-08T01:57:16.849,96.210,can0  204  [16]  75 34 50 46 50 46 50 46 BC 34 20 4E 30 75 00 00
2025-11-08T01:57:16.849,96.210,can0  204  [16]  75 34 50 46 50 46 50 46 BC 34 20 4E 30 75 00 00
2025-11-08T01:57:16.849,96.210,can0  041  [04]  E4 00 02 00
2025-11-08T01:57:16.849,96.210,can0  204  [16]  75 34 50 46 50 46 50 46 BC 34 20 4E 30 75 00 00
2025-11-08T01:57:16.849,96.210,can0  206  [16]  A7 0C D1 07 A3 0C 3A DF E9 07 BB 0C A3 0C 00 00
2025-11-08T01:57:17.477,96.837,can0  204  [16]  75 34 50 46 50 46 50 46 BC 34 20 4E 30 75 00 00
2025-11-08T01:57:17.477,96.838,can0  204  [16]  75 34 50 46 50 46 50 46 BC 34 20 4E 30 75 00 00
2025-11-08T01:57:17.477,96.838,can0  204  [16]  75 34 50 46 50 46 50 46 BC 34 20 4E 30 75 00 00
2025-11-08T01:57:17.477,96.838,can0  206  [16]  A7 0C D3 07 9F 0C 99 C6 ED 07 BF 0C A3 0C 00 00
2025-11-08T01:57:17.477,96.838,can0  041  [04]  3F 01 00 00
2025-11-08T01:57:17.477,96.838,can0  204  [16]  75 34 50 46 50 46 50 46 BC 34 20 4E 30 75 00 00
2025-11-08T01:57:17.477,96.838,can0  204  [16]  75 34 50 46 50 46 50 46 BC 34 20 4E 30 75 00 00
2025-11-08T01:57:17.477,96.838,can0  206  [16]  97 0C D6 07 AB 0C 99 C6 E9 07 C7 0C AB 0C 00 00
2025-11-08T01:57:17.477,96.838,can0  204  [16]  75 34 50 46 50 46 50 46 BC 34 20 4E 30 75 00 00
2025-11-08T01:57:17.488,96.848,can0  204  [16]  75 34 50 46 50 46 50 46 BC 34 20 4E 30 75 00 00
2025-11-08T01:57:17.489,96.850,can0  204  [16]  75 34 50 46 50 46 50 46 BC 34 20 4E 30 75 00 00
2025-11-08T01:57:17.489,96.850,can0  041  [04]  3F 01 00 00
2025-11-08T01:57:17.489,96.850,can0  206  [16]  A7 0C D6 07 9B 0C 57 E3 ED 07 C3 0C A3 0C 00 00
2025-11-08T01:57:17.489,96.850,can0  204  [16]  75 34 50 46 50 46 50 46 BC 34 20 4E 30 75 00 00
2025-11-08T01:57:17.489,96.850,can0  204  [16]  75 34 50 46 50 46 50 46 BC 34 20 4E 30 75 00 00
2025-11-08T01:57:18.152,97.513,can0  204  [16]  75 34 50 46 50 46 50 46 BC 34 20 4E 30 75 00 00
2025-11-08T01:57:18.152,97.513,can0  206  [16]  BB 0C D6 07 9B 0C DA DC ED 07 BF 0C 8F 0C 00 00
2025-11-08T01:57:18.163,97.523,can0  204  [16]  75 34 50 46 50 46 50 46 BC 34 20 4E 30 75 00 00
2025-11-08T01:57:18.163,97.523,can0  041  [04]  3F 01 00 00
2025-11-08T01:57:18.163,97.523,can0  204  [16]  75 34 50 46 50 46 50 46 BC 34 20 4E 30 75 00 00
2025-11-08T01:57:18.163,97.523,can0  204  [16]  75 34 50 46 50 46 50 46 BC 34 20 4E 30 75 00 00
2025-11-08T01:57:18.163,97.523,can0  206  [16]  A7 0C D3 07 9B 0C DA DC E9 07 C3 0C A3 0C 00 00
2025-11-08T01:57:18.163,97.523,can0  204  [16]  75 34 50 46 50 46 50 46 BC 34 20 4E 30 75 00 00
2025-11-08T01:57:18.163,97.523,can0  204  [16]  75 34 50 46 50 46 50 46 BC 34 20 4E 30 75 00 00
2025-11-08T01:57:18.163,97.523,can0  204  [16]  75 34 50 46 50 46 50 46 BC 34 20 4E 30 75 00 00
2025-11-08T01:57:18.163,97.523,can0  041  [04]  B5 00 02 00
2025-11-08T01:57:18.173,97.533,can0  206  [16]  9B 0C D3 07 9F 0C 3A DF ED 07 BF 0C AF 0C 00 00
2025-11-08T01:57:18.173,97.534,can0  204  [16]  75 34 50 46 50 46 50 46 BC 34 20 4E 30 75 00 00
2025-11-08T01:57:18.173,97.534,can0  204  [16]  75 34 50 46 50 46 50 46 BC 34 20 4E 30 75 00 00
2025-11-08T01:57:18.173,97.534,can0  204  [16]  75 34 50 46 50 46 50 46 BC 34 20 4E 30 75 00 00
2025-11-08T01:57:18.173,97.534,can0  206  [16]  9B 0C D6 07 A7 0C 3A DF EB 07 C3 0C A7 0C 00 00
2025-11-08T01:57:18.173,97.534,can0  204  [16]  75 34 50 46 50 46 50 46 BC 34 20 4E 30 75 00 00
2025-11-08T01:57:18.173,97.534,can0  041  [04]  3F 01 00 00
2025-11-08T01:57:18.173,97.534,can0  204  [16]  75 34 50 46 50 46 50 46 BC 34 20 4E 30 75 00 00
2025-11-08T01:57:18.793,98.154,can0  206  [16]  A3 0C D6 07 97 0C DA DC E9 07 C7 0C A7 0C 00 00
2025-11-08T01:57:18.793,98.154,can0  204  [16]  75 34 50 46 50 46 50 46 BC 34 20 4E 30 75 00 00
2025-11-08T01:57:18.793,98.154,can0  204  [16]  75 34 50 46 50 46 50 46 BC 34 20 4E 30 75 00 00
2025-11-08T01:57:18.793,98.154,can0  204  [16]  75 34 50 46 50 46 50 46 BC 34 20 4E 30 75 00 00
2025-11-08T01:57:18.793,98.154,can0  206  [16]  A7 0C D8 07 9B 0C 3A DF EF 07 C3 0C A7 0C 00 00
2025-11-08T01:57:18.793,98.154,can0  204  [16]  75 34 50 46 50 46 50 46 BC 34 20 4E 30 75 00 00
2025-11-08T01:57:18.793,98.154,can0  041  [04]  3F 01 00 00
2025-11-08T01:57:18.805,98.166,can0  204  [16]  75 34 50 46 50 46 50 46 BC 34 20 4E 30 75 00 00
2025-11-08T01:57:18.805,98.166,can0  204  [16]  75 34 50 46 50 46 50 46 BC 34 20 4E 30 75 00 00
2025-11-08T01:57:18.805,98.166,can0  206  [16]  AB 0C DA 07 97 0C 99 C6 EB 07 C7 0C A3 0C 00 00
2025-11-08T01:57:18.805,98.166,can0  204  [16]  75 34 50 46 50 46 50 46 BC 34 20 4E 30 75 00 00
2025-11-08T01:57:18.806,98.166,can0  204  [16]  75 34 50 46 50 46 50 46 BC 34 20 4E 30 75 00 00
2025-11-08T01:57:18.806,98.166,can0  204  [16]  75 34 50 46 50 46 50 46 BC 34 20 4E 30 75 00 00
2025-11-08T01:57:18.806,98.166,can0  041  [04]  3F 01 00 00
2025-11-08T01:57:18.806,98.166,can0  206  [16]  A7 0C D6 07 9F 0C DA DC EB 07 C7 0C A3 0C 00 00
2025-11-08T01:57:18.806,98.166,can0  204  [16]  75 34 50 46 50 46 50 46 BC 34 20 4E 30 75 00 00
2025-11-08T01:57:18.806,98.166,can0  204  [16]  75 34 50 46 50 46 50 46 BC 34 20 4E 30 75 00 00
2025-11-08T01:57:19.555,98.916,can0  204  [16]  75 34 50 46 50 46 50 46 BC 34 20 4E 30 75 00 00
2025-11-08T01:57:19.555,98.916,can0  206  [16]  A7 0C D3 07 9B 0C C5 E1 E9 07 BF 0C A7 0C 00 00
2025-11-08T01:57:19.555,98.916,can0  204  [16]  75 34 50 46 50 46 50 46 BC 34 20 4E 30 75 00 00
2025-11-08T01:57:19.555,98.916,can0  041  [04]  3F 01 02 00
2025-11-08T01:57:19.555,98.916,can0  204  [16]  75 34 50 46 50 46 50 46 BC 34 20 4E 30 75 00 00
2025-11-08T01:57:19.555,98.916,can0  204  [16]  75 34 50 46 50 46 50 46 BC 34 20 4E 30 75 00 00
2025-11-08T01:57:19.555,98.916,can0  206  [16]  9B 0C D1 07 A3 0C 3A DF EB 07 C7 0C A7 0C 00 00
2025-11-08T01:57:19.555,98.916,can0  204  [16]  75 34 50 46 50 46 50 46 BC 34 20 4E 30 75 00 00
2025-11-08T01:57:19.555,98.916,can0  204  [16]  75 34 50 46 50 46 50 46 BC 34 20 4E 30 75 00 00
2025-11-08T01:57:19.555,98.916,can0  206  [16]  A3 0C D6 07 9F 0C DA DC ED 07 C7 0C A3 0C 00 00
2025-11-08T01:57:19.555,98.916,can0  041  [04]  3F 01 02 00
2025-11-08T01:57:19.566,98.927,can0  204  [16]  75 34 50 46 50 46 50 46 BC 34 20 4E 30 75 00 00
2025-11-08T01:57:19.566,98.927,can0  204  [16]  75 34 50 46 50 46 50 46 BC 34 20 4E 30 75 00 00
2025-11-08T01:57:19.566,98.927,can0  204  [16]  75 34 50 46 50 46 50 46 BC 34 20 4E 30 75 00 00
2025-11-08T01:57:19.566,98.927,can0  206  [16]  A3 0C D3 07 A3 0C 3A DF ED 07 BF 0C A3 0C 00 00
2025-11-08T01:57:19.566,98.927,can0  204  [16]  75 34 50 46 50 46 50 46 BC 34 20 4E 30 75 00 00
2025-11-08T01:57:19.566,98.927,can0  204  [16]  75 34 50 46 50 46 50 46 BC 34 20 4E 30 75 00 00
2025-11-08T01:57:19.566,98.927,can0  041  [04]  3F 01 00 00
2025-11-08T01:57:19.566,98.927,can0  204  [16]  75 34 50 46 50 46 50 46 BC 34 20 4E 30 75 00 00
2025-11-08T01:57:19.566,98.927,can0  206  [16]  9F 0C D6 07 A3 0C 99 C6 EB 07 BF 0C A7 0C 00 00
2025-11-08T01:57:19.576,98.937,can0  204  [16]  75 34 50 46 50 46 50 46 BC 34 20 4E 30 75 00 00
2025-11-08T01:57:20.073,99.434,can0  204  [16]  75 34 50 46 50 46 50 46 BC 34 20 4E 30 75 00 00
2025-11-08T01:57:20.073,99.434,can0  204  [16]  75 34 50 46 50 46 50 46 BC 34 20 4E 30 75 00 00
2025-11-08T01:57:20.073,99.434,can0  206  [16]  9B 0C D8 07 A3 0C 99 C6 E5 07 C7 0C AB 0C 00 00
2025-11-08T01:57:20.073,99.434,can0  204  [16]  75 34 50 46 50 46 50 46 BC 34 20 4E 30 75 00 00
2025-11-08T01:57:20.073,99.434,can0  041  [04]  02 00 00 00
2025-11-08T01:57:20.073,99.434,can0  204  [16]  75 34 50 46 50 46 50 46 BC 34 20 4E 30 75 00 00
2025-11-08T01:57:20.073,99.434,can0  204  [16]  75 34 50 46 50 46 50 46 BC 34 20 4E 30 75 00 00
2025-11-08T01:57:20.085,99.446,can0  206  [16]  AB 0C D8 07 9B 0C DA DC EB 07 CF 0C 9F 0C 00 00
2025-11-08T01:57:20.085,99.446,can0  204  [16]  75 34 50 46 50 46 50 46 BC 34 20 4E 30 75 00 00
2025-11-08T01:57:20.085,99.446,can0  204  [16]  75 34 50 46 50 46 50 46 BC 34 20 4E 30 75 00 00
2025-11-08T01:57:20.085,99.446,can0  041  [04]  02 00 00 00
2025-11-08T01:57:20.085,99.446,can0  204  [16]  75 34 50 46 50 46 50 46 BC 34 20 4E 30 75 00 00
2025-11-08T01:57:20.085,99.446,can0  206  [16]  A7 0C D3 07 A3 0C 99 C6 EB 07 BF 0C A3 0C 00 00
2025-11-08T01:57:20.085,99.446,can0  204  [16]  75 34 50 46 50 46 50 46 BC 34 20 4E 30 75 00 00
2025-11-08T01:57:20.677,100.037,can0  204  [16]  75 34 50 46 50 46 50 46 BC 34 20 4E 30 75 00 00
2025-11-08T01:57:20.677,100.038,can0  206  [16]  9F 0C D3 07 A7 0C B1 E0 ED 07 BB 0C AB 0C 00 00
2025-11-08T01:57:20.677,100.038,can0  204  [16]  75 34 50 46 50 46 50 46 BC 34 20 4E 30 75 00 00
2025-11-08T01:57:20.677,100.038,can0  204  [16]  75 34 50 46 50 46 50 46 BC 34 20 4E 30 75 00 00
2025-11-08T01:57:20.677,100.038,can0  041  [04]  02 00 00 00
2025-11-08T01:57:20.677,100.038,can0  204  [16]  75 34 50 46 50 46 50 46 BC 34 20 4E 30 75 00 00
2025-11-08T01:57:20.677,100.038,can0  206  [16]  B3 0C D3 07 9B 0C 99 C6 ED 07 BB 0C 9B 0C 00 00
2025-11-08T01:57:20.688,100.049,can0  204  [16]  75 34 50 46 50 46 50 46 BC 34 20 4E 30 75 00 00
2025-11-08T01:57:20.688,100.049,can0  204  [16]  75 34 50 46 50 46 50 46 BC 34 20 4E 30 75 00 00
2025-11-08T01:57:20.688,100.049,can0  204  [16]  75 34 50 46 50 46 50 46 BC 34 20 4E 30 75 00 00
2025-11-08T01:57:20.688,100.049,can0  206  [16]  9F 0C D3 07 97 0C 99 C6 E7 07 C7 0C AB 0C 00 00
2025-11-08T01:57:20.688,100.049,can0  041  [04]  3F 01 00 00
2025-11-08T01:57:20.688,100.049,can0  204  [16]  75 34 50 46 50 46 50 46 BC 34 20 4E 30 75 00 00
2025-11-08T01:57:20.688,100.049,can0  204  [16]  75 34 50 46 50 46 50 46 BC 34 20 4E 30 75 00 00
2025-11-08T01:57:20.688,100.049,can0  204  [16]  75 34 50 46 50 46 50 46 BC 34 20 4E 30 75 00 00
2025-11-08T01:57:21.289,100.650,can0  206  [16]  97 0C D6 07 A7 0C 3A DF E9 07 B7 0C AF 0C 00 00
2025-11-08T01:57:21.289,100.650,can0  204  [16]  75 34 50 46 50 46 50 46 BC 34 20 4E 30 75 00 00
2025-11-08T01:57:21.289,100.650,can0  204  [16]  75 34 50 46 50 46 50 46 BC 34 20 4E 30 75 00 00
2025-11-08T01:57:21.289,100.650,can0  041  [04]  E4 00 02 00
2025-11-08T01:57:21.301,100.662,can0  204  [16]  75 34 50 46 50 46 50 46 BC 34 20 4E 30 75 00 00
2025-11-08T01:57:21.301,100.662,can0  206  [16]  97 0C D6 07 9F 0C A0 E2 ED 07 BF 0C B3 0C 00 00
2025-11-08T01:57:21.301,100.662,can0  204  [16]  75 34 50 46 50 46 50 46 BC 34 20 4E 30 75 00 00
2025-11-08T01:57:21.301,100.662,can0  204  [16]  75 34 50 46 50 46 50 46 BC 34 20 4E 30 75 00 00
2025-11-08T01:57:21.301,100.662,can0  204  [16]  75 34 50 46 50 46 50 46 BC 34 20 4E 30 75 00 00
2025-11-08T01:57:21.301,100.662,can0  206  [16]  A3 0C D6 07 9F 0C A0 E2 ED 07 BB 0C A7 0C 00 00
2025-11-08T01:57:21.301,100.662,can0  204  [16]  75 34 50 46 50 46 50 46 BC 34 20 4E 30 75 00 00
2025-11-08T01:57:21.301,100.662,can0  041  [04]  E4 00 02 00
2025-11-08T01:57:21.311,100.672,can0  204  [16]  75 34 50 46 50 46 50 46 BC 34 20 4E 30 75 00 00
2025-11-08T01:57:21.311,100.672,can0  204  [16]  75 34 50 46 50 46 50 46 BC 34 20 4E 30 75 00 00
2025-11-08T01:57:21.311,100.672,can0  206  [16]  9F 0C D8 07 9B 0C B1 E0 EB 07 C7 0C AB 0C 00 00
2025-11-08T01:57:21.311,100.672,can0  204  [16]  75 34 50 46 50 46 50 46 BC 34 20 4E 30 75 00 00
2025-11-08T01:57:21.953,101.314,can0  204  [16]  75 34 50 46 50 46 50 46 BC 34 20 4E 30 75 00 00
2025-11-08T01:57:21.963,101.324,can0  041  [04]  3F 01 02 00
2025-11-08T01:57:21.974,101.334,can0  206  [16]  B7 0C D3 07 87 0C DA DC EF 07 C3 0C AB 0C 00 00
2025-11-08T01:57:21.974,101.334,can0  204  [16]  75 34 50 46 50 46 50 46 BC 34 20 4E 30 75 00 00
2025-11-08T01:57:21.974,101.334,can0  204  [16]  75 34 50 46 50 46 50 46 BC 34 20 4E 30 75 00 00
2025-11-08T01:57:21.974,101.334,can0  204  [16]  75 34 50 46 50 46 50 46 BC 34 20 4E 30 75 00 00
2025-11-08T01:57:21.984,101.344,can0  206  [16]  9F 0C D3 07 A3 0C 3A DF E9 07 BF 0C A7 0C 00 00
2025-11-08T01:57:21.984,101.345,can0  204  [16]  75 34 50 46 50 46 50 46 BC 34 20 4E 30 75 00 00
2025-11-08T01:57:21.984,101.345,can0  204  [16]  75 34 50 46 50 46 50 46 BC 34 20 4E 30 75 00 00
2025-11-08T01:57:21.984,101.345,can0  041  [04]  02 00 02 00
2025-11-08T01:57:21.984,101.345,can0  204  [16]  75 34 50 46 50 46 50 46 BC 34 20 4E 30 75 00 00
2025-11-08T01:57:21.984,101.345,can0  206  [16]  9F 0C D6 07 9B 0C 99 C6 EB 07 CB 0C AB 0C 00 00
2025-11-08T01:57:21.984,101.345,can0  204  [16]  75 34 50 46 50 46 50 46 BC 34 20 4E 30 75 00 00
2025-11-08T01:57:21.995,101.355,can0  204  [16]  75 34 50 46 50 46 50 46 BC 34 20 4E 30 75 00 00
2025-11-08T01:57:21.995,101.355,can0  204  [16]  75 34 50 46 50 46 50 46 BC 34 20 4E 30 75 00 00
2025-11-08T01:57:21.995,101.355,can0  206  [16]  A3 0C D6 07 9F 0C DA DC F2 07 C3 0C A7 0C 00 00
2025-11-08T01:57:21.995,101.356,can0  041  [04]  02 00 00 00
2025-11-08T01:57:21.995,101.356,can0  204  [16]  75 34 50 46 50 46 50 46 BC 34 20 4E 30 75 00 00
2025-11-08T01:57:21.995,101.356,can0  204  [16]  75 34 50 46 50 46 50 46 BC 34 20 4E 30 75 00 00
2025-11-08T01:57:22.716,102.077,can0  204  [16]  75 34 50 46 50 46 50 46 BC 34 20 4E 30 75 00 00
2025-11-08T01:57:22.716,102.077,can0  206  [16]  AB 0C D3 07 97 0C B1 E0 ED 07 CB 0C 9F 0C 00 00
2025-11-08T01:57:22.716,102.077,can0  204  [16]  75 34 50 46 50 46 50 46 BC 34 20 4E 30 75 00 00
2025-11-08T01:57:22.716,102.077,can0  204  [16]  75 34 50 46 50 46 50 46 BC 34 20 4E 30 75 00 00
2025-11-08T01:57:22.716,102.077,can0  041  [04]  02 00 00 00
2025-11-08T01:57:22.716,102.077,can0  204  [16]  75 34 50 46 50 46 50 46 BC 34 20 4E 30 75 00 00
2025-11-08T01:57:22.716,102.077,can0  206  [16]  A7 0C D8 07 9B 0C 3A DF E9 07 BF 0C A7 0C 00 00
2025-11-08T01:57:22.727,102.088,can0  204  [16]  75 34 50 46 50 46 50 46 BC 34 20 4E 30 75 00 00
2025-11-08T01:57:22.727,102.088,can0  204  [16]  75 34 50 46 50 46 50 46 BC 34 20 4E 30 75 00 00
2025-11-08T01:57:22.727,102.088,can0  204  [16]  75 34 50 46 50 46 50 46 BC 34 20 4E 30 75 00 00
2025-11-08T01:57:22.727,102.088,can0  206  [16]  A7 0C CF 07 97 0C DA DC ED 07 C7 0C A3 0C 00 00
2025-11-08T01:57:22.727,102.088,can0  041  [04]  02 00 00 00
2025-11-08T01:57:22.727,102.088,can0  204  [16]  75 34 50 46 50 46 50 46 BC 34 20 4E 30 75 00 00
2025-11-08T01:57:22.727,102.088,can0  204  [16]  75 34 50 46 50 46 50 46 BC 34 20 4E 30 75 00 00
2025-11-08T01:57:22.738,102.098,can0  206  [16]  A3 0C D6 07 97 0C 99 C6 EB 07 C7 0C A7 0C 00 00
2025-11-08T01:57:22.738,102.098,can0  204  [16]  75 34 50 46 50 46 50 46 BC 34 20 4E 30 75 00 00
2025-11-08T01:57:22.738,102.098,can0  204  [16]  75 34 50 46 50 46 50 46 BC 34 20 4E 30 75 00 00
2025-11-08T01:57:22.738,102.098,can0  204  [16]  75 34 50 46 50 46 50 46 BC 34 20 4E 30 75 00 00
2025-11-08T01:57:22.738,102.098,can0  041  [04]  02 00 00 00
2025-11-08T01:57:22.738,102.098,can0  206  [16]  A3 0C D3 07 9F 0C DA DC ED 07 C7 0C A7 0C 00 00
2025-11-08T01:57:22.738,102.098,can0  204  [16]  75 34 50 46 50 46 50 46 BC 34 20 4E 30 75 00 00
2025-11-08T01:57:23.429,102.790,can0  204  [16]  75 34 50 46 50 46 50 46 BC 34 20 4E 30 75 00 00
2025-11-08T01:57:23.429,102.790,can0  204  [16]  75 34 50 46 50 46 50 46 BC 34 20 4E 30 75 00 00
2025-11-08T01:57:23.429,102.790,can0  206  [16]  A3 0C D3 07 9F 0C A0 E2 EF 07 BB 0C A7 0C 00 00
2025-11-08T01:57:23.429,102.790,can0  204  [16]  75 34 50 46 50 46 50 46 BC 34 20 4E 30 75 00 00
2025-11-08T01:57:23.429,102.790,can0  041  [04]  E4 00 00 00
2025-11-08T01:57:23.429,102.790,can0  204  [16]  75 34 50 46 50 46 50 46 BC 34 20 4E 30 75 00 00
2025-11-08T01:57:23.429,102.790,can0  204  [16]  75 34 50 46 50 46 50 46 BC 34 20 4E 30 75 00 00
2025-11-08T01:57:23.441,102.802,can0  206  [16]  B3 0C D1 07 93 0C DA DC E9 07 C7 0C 9F 0C 00 00
2025-11-08T01:57:23.441,102.802,can0  204  [16]  75 34 50 46 50 46 50 46 BC 34 20 4E 30 75 00 00
2025-11-08T01:57:23.441,102.802,can0  204  [16]  75 34 50 46 50 46 50 46 BC 34 20 4E 30 75 00 00
2025-11-08T01:57:23.441,102.802,can0  204  [16]  75 34 50 46 50 46 50 46 BC 34 20 4E 30 75 00 00
2025-11-08T01:57:23.441,102.802,can0  206  [16]  9F 0C DC 07 A7 0C DA DC ED 07 BB 0C A3 0C 00 00
2025-11-08T01:57:23.441,102.802,can0  041  [04]  B5 00 02 00
2025-11-08T01:57:23.441,102.802,can0  204  [16]  75 34 50 46 50 46 50 46 BC 34 20 4E 30 75 00 00
2025-11-08T01:57:23.453,102.813,can0  204  [16]  75 34 50 46 50 46 50 46 BC 34 20 4E 30 75 00 00
2025-11-08T01:57:23.453,102.813,can0  204  [16]  75 34 50 46 50 46 50 46 BC 34 20 4E 30 75 00 00
2025-11-08T01:57:23.453,102.813,can0  206  [16]  9F 0C D6 07 9B 0C DA DC EB 07 C3 0C AB 0C 00 00
2025-11-08T01:57:23.453,102.813,can0  204  [16]  75 34 50 46 50 46 50 46 BC 34 20 4E 30 75 00 00
2025-11-08T01:57:23.453,102.813,can0  041  [04]  B5 00 02 00
2025-11-08T01:57:23.453,102.813,can0  204  [16]  75 34 50 46 50 46 50 46 BC 34 20 4E 30 75 00 00
2025-11-08T01:57:24.105,103.466,can0  206  [16]  A3 0C D6 07 97 0C DA DC E7 07 BF 0C AB 0C 00 00
2025-11-08T01:57:24.116,103.477,can0  204  [16]  75 34 50 46 50 46 50 46 BC 34 20 4E 30 75 00 00
2025-11-08T01:57:24.117,103.477,can0  204  [16]  75 34 50 46 50 46 50 46 BC 34 20 4E 30 75 00 00
2025-11-08T01:57:24.117,103.477,can0  204  [16]  75 34 50 46 50 46 50 46 BC 34 20 4E 30 75 00 00
2025-11-08T01:57:24.117,103.477,can0  206  [16]  9F 0C D8 07 9B 0C C5 E1 EB 07 BF 0C AB 0C 00 00
2025-11-08T01:57:24.117,103.477,can0  204  [16]  75 34 50 46 50 46 50 46 BC 34 20 4E 30 75 00 00
2025-11-08T01:57:24.117,103.477,can0  041  [04]  B5 00 00 00
2025-11-08T01:57:24.117,103.477,can0  204  [16]  75 34 50 46 50 46 50 46 BC 34 20 4E 30 75 00 00
2025-11-08T01:57:24.117,103.477,can0  204  [16]  75 34 50 46 50 46 50 46 BC 34 20 4E 30 75 00 00
2025-11-08T01:57:24.117,103.477,can0  206  [16]  A3 0C D3 07 9B 0C DA DC E9 07 BB 0C AB 0C 00 00
2025-11-08T01:57:24.117,103.477,can0  204  [16]  75 34 50 46 50 46 50 46 BC 34 20 4E 30 75 00 00
2025-11-08T01:57:24.127,103.488,can0  204  [16]  75 34 50 46 50 46 50 46 BC 34 20 4E 30 75 00 00
2025-11-08T01:57:24.127,103.488,can0  204  [16]  75 34 50 46 50 46 50 46 BC 34 20 4E 30 75 00 00
2025-11-08T01:57:24.127,103.488,can0  041  [04]  3F 01 00 00
2025-11-08T01:57:24.128,103.488,can0  206  [16]  E8 0C D8 07 9B 0C 3A DF EF 07 BF 0C 67 0C 00 00
2025-11-08T01:57:24.128,103.488,can0  204  [16]  75 34 50 46 50 46 50 46 BC 34 20 4E 30 75 00 00
2025-11-08T01:57:24.876,104.237,can0  204  [16]  75 34 50 46 50 46 50 46 BC 34 20 4E 30 75 00 00
2025-11-08T01:57:24.887,104.247,can0  204  [16]  75 34 50 46 50 46 50 46 BC 34 20 4E 30 75 00 00
2025-11-08T01:57:24.887,104.247,can0  206  [16]  9F 0C D8 07 9F 0C DA DC EB 07 C7 0C AB 0C 00 00
2025-11-08T01:57:24.887,104.247,can0  204  [16]  75 34 50 46 50 46 50 46 BC 34 20 4E 30 75 00 00
2025-11-08T01:57:24.897,104.258,can0  041  [04]  02 00 02 00
2025-11-08T01:57:24.897,104.258,can0  204  [16]  75 34 50 46 50 46 50 46 BC 34 20 4E 30 75 00 00
2025-11-08T01:57:24.897,104.258,can0  204  [16]  75 34 50 46 50 46 50 46 BC 34 20 4E 30 75 00 00
2025-11-08T01:57:24.897,104.258,can0  206  [16]  93 0C D3 07 A3 0C DA DC EF 07 C3 0C AF 0C 00 00
2025-11-08T01:57:24.897,104.258,can0  204  [16]  75 34 50 46 50 46 50 46 BC 34 20 4E 30 75 00 00
2025-11-08T01:57:24.907,104.268,can0  204  [16]  75 34 50 46 50 46 50 46 BC 34 20 4E 30 75 00 00
2025-11-08T01:57:24.907,104.268,can0  206  [16]  A7 0C D3 07 9B 0C DA DC E9 07 A3 0C A3 0C 00 00
2025-11-08T01:57:24.907,104.268,can0  204  [16]  75 34 50 46 50 46 50 46 BC 34 20 4E 30 75 00 00
2025-11-08T01:57:24.907,104.268,can0  041  [04]  02 00 02 00
2025-11-08T01:57:24.907,104.268,can0  204  [16]  75 34 50 46 50 46 50 46 BC 34 20 4E 30 75 00 00
2025-11-08T01:57:24.907,104.268,can0  204  [16]  75 34 50 46 50 46 50 46 BC 34 20 4E 30 75 00 00
2025-11-08T01:57:24.917,104.278,can0  206  [16]  A3 0C DE 07 9F 0C DA DC EB 07 BF 0C A7 0C 00 00
2025-11-08T01:57:24.918,104.278,can0  204  [16]  75 34 50 46 50 46 50 46 BC 34 20 4E 30 75 00 00
2025-11-08T01:57:24.918,104.278,can0  204  [16]  75 34 50 46 50 46 50 46 BC 34 20 4E 30 75 00 00
2025-11-08T01:57:24.918,104.278,can0  041  [04]  02 00 02 00
2025-11-08T01:57:24.928,104.288,can0  204  [16]  75 34 50 46 50 46 50 46 BC 34 20 4E 30 75 00 00
2025-11-08T01:57:24.928,104.288,can0  206  [16]  9B 0C D3 07 AB 0C C5 E1 EB 07 BF 0C A7 0C 00 00
2025-11-08T01:57:24.928,104.288,can0  204  [16]  75 34 50 46 50 46 50 46 BC 34 20 4E 30 75 00 00
2025-11-08T01:57:25.709,105.070,can0  204  [16]  75 34 50 46 50 46 50 46 BC 34 20 4E 30 75 00 00
2025-11-08T01:57:25.709,105.070,can0  204  [16]  75 34 50 46 50 46 50 46 BC 34 20 4E 30 75 00 00
2025-11-08T01:57:25.709,105.070,can0  206  [16]  9B 0C D6 07 9F 0C 99 C6 EB 07 DB 0C AB 0C 00 00
2025-11-08T01:57:25.709,105.070,can0  204  [16]  75 34 50 46 50 46 50 46 BC 34 20 4E 30 75 00 00
2025-11-08T01:57:25.709,105.070,can0  041  [04]  02 00 02 00
2025-11-08T01:57:25.709,105.070,can0  204  [16]  75 34 50 46 50 46 50 46 BC 34 20 4E 30 75 00 00
2025-11-08T01:57:25.709,105.070,can0  204  [16]  75 34 50 46 50 46 50 46 BC 34 20 4E 30 75 00 00
2025-11-08T01:57:25.709,105.070,can0  206  [16]  B3 0C D6 07 93 0C DA DC EB 07 BB 0C A7 0C 00 00
2025-11-08T01:57:25.709,105.070,can0  204  [16]  75 34 50 46 50 46 50 46 BC 34 20 4E 30 75 00 00
2025-11-08T01:57:25.709,105.070,can0  204  [16]  75 34 50 46 50 46 50 46 BC 34 20 4E 30 75 00 00
2025-11-08T01:57:25.709,105.070,can0  041  [04]  02 00 00 00
2025-11-08T01:57:25.709,105.070,can0  204  [16]  75 34 50 46 50 46 50 46 BC 34 20 4E 30 75 00 00
2025-11-08T01:57:25.709,105.070,can0  206  [16]  9F 0C D6 07 9B 0C 3A DF ED 07 C7 0C A7 0C 00 00
2025-11-08T01:57:25.720,105.080,can0  204  [16]  75 34 50 46 50 46 50 46 BC 34 20 4E 30 75 00 00
2025-11-08T01:57:25.720,105.080,can0  204  [16]  75 34 50 46 50 46 50 46 BC 34 20 4E 30 75 00 00
2025-11-08T01:57:25.720,105.080,can0  206  [16]  9B 0C D3 07 A3 0C 99 C6 EB 07 CB 0C AB 0C 00 00
2025-11-08T01:57:25.720,105.080,can0  204  [16]  75 34 50 46 50 46 50 46 BC 34 20 4E 30 75 00 00
2025-11-08T01:57:25.720,105.080,can0  204  [16]  75 34 50 46 50 46 50 46 BC 34 20 4E 30 75 00 00
2025-11-08T01:57:25.720,105.080,can0  041  [04]  02 00 00 00
2025-11-08T01:57:25.720,105.080,can0  204  [16]  75 34 50 46 50 46 50 46 BC 34 20 4E 30 75 00 00
2025-11-08T01:57:25.730,105.090,can0  206  [16]  A3 0C D6 07 A7 0C 57 E3 E9 07 BF 0C A7 0C 00 00
2025-11-08T01:57:25.730,105.090,can0  204  [16]  75 34 50 46 50 46 50 46 BC 34 20 4E 30 75 00 00
2025-11-08T01:57:26.171,105.531,can0  204  [16]  75 34 50 46 50 46 50 46 BC 34 20 4E 30 75 00 00
2025-11-08T01:57:26.171,105.531,can0  204  [16]  75 34 50 46 50 46 50 46 BC 34 20 4E 30 75 00 00
2025-11-08T01:57:26.171,105.531,can0  206  [16]  9F 0C D6 07 93 0C 3A DF E9 07 CF 0C A7 0C 00 00
2025-11-08T01:57:26.171,105.531,can0  041  [04]  02 00 00 00
2025-11-08T01:57:26.171,105.532,can0  204  [16]  75 34 50 46 50 46 50 46 BC 34 20 4E 30 75 00 00
2025-11-08T01:57:26.171,105.532,can0  204  [16]  75 34 50 46 50 46 50 46 BC 34 20 4E 30 75 00 00
2025-11-08T01:57:26.171,105.532,can0  204  [16]  75 34 50 46 50 46 50 46 BC 34 20 4E 30 75 00 00
2025-11-08T01:57:26.171,105.532,can0  206  [16]  A3 0C D1 07 9F 0C DA DC EB 07 CB 0C A3 0C 00 00
2025-11-08T01:57:26.171,105.532,can0  204  [16]  75 34 50 46 50 46 50 46 BC 34 20 4E 30 75 00 00
2025-11-08T01:57:26.171,105.532,can0  204  [16]  75 34 50 46 50 46 50 46 BC 34 20 4E 30 75 00 00
2025-11-08T01:57:26.171,105.532,can0  041  [04]  3F 01 02 00
2025-11-08T01:57:26.181,105.542,can0  204  [16]  75 34 50 46 50 46 50 46 BC 34 20 4E 30 75 00 00
2025-11-08T01:57:26.181,105.542,can0  206  [16]  A7 0C D6 07 9B 0C DA DC EB 07 BF 0C A3 0C 00 00
2025-11-08T01:57:26.580,105.941,can0  204  [16]  75 34 50 46 50 46 50 46 BC 34 20 4E 30 75 00 00
2025-11-08T01:57:26.580,105.941,can0  204  [16]  75 34 50 46 50 46 50 46 BC 34 20 4E 30 75 00 00
2025-11-08T01:57:26.580,105.941,can0  204  [16]  75 34 50 46 50 46 50 46 BC 34 20 4E 30 75 00 00
2025-11-08T01:57:26.580,105.941,can0  206  [16]  AB 0C D1 07 9B 0C B1 E0 E7 07 C3 0C A3 0C 00 00
2025-11-08T01:57:26.580,105.941,can0  041  [04]  3F 01 02 00
2025-11-08T01:57:26.580,105.941,can0  204  [16]  75 34 50 46 50 46 50 46 BC 34 20 4E 30 75 00 00
2025-11-08T01:57:26.580,105.941,can0  204  [16]  75 34 50 46 50 46 50 46 BC 34 20 4E 30 75 00 00
2025-11-08T01:57:26.580,105.941,can0  204  [16]  75 34 50 46 50 46 50 46 BC 34 20 4E 30 75 00 00
2025-11-08T01:57:26.580,105.941,can0  206  [16]  9F 0C D6 07 A3 0C DA DC ED 07 C7 0C A7 0C 00 00
2025-11-08T01:57:26.580,105.941,can0  204  [16]  75 34 50 46 50 46 50 46 BC 34 20 4E 30 75 00 00
2025-11-08T01:57:27.022,106.383,can0  204  [16]  75 34 50 46 50 46 50 46 BC 34 20 4E 30 75 00 00
2025-11-08T01:57:27.022,106.383,can0  041  [04]  02 00 00 00
2025-11-08T01:57:27.033,106.393,can0  206  [16]  9F 0C DA 07 9F 0C DA DC ED 07 BF 0C AB 0C 00 00
2025-11-08T01:57:27.033,106.393,can0  204  [16]  75 34 50 46 50 46 50 46 BC 34 20 4E 30 75 00 00
2025-11-08T01:57:27.033,106.394,can0  204  [16]  75 34 50 46 50 46 50 46 BC 34 20 4E 30 75 00 00
2025-11-08T01:57:27.033,106.394,can0  204  [16]  75 34 50 46 50 46 50 46 BC 34 20 4E 30 75 00 00
2025-11-08T01:57:27.033,106.394,can0  206  [16]  A3 0C D3 07 A3 0C 3A DF E9 07 BB 0C A3 0C 00 00
2025-11-08T01:57:27.033,106.394,can0  204  [16]  75 34 50 46 50 46 50 46 BC 34 20 4E 30 75 00 00
2025-11-08T01:57:27.033,106.394,can0  204  [16]  75 34 50 46 50 46 50 46 BC 34 20 4E 30 75 00 00
2025-11-08T01:57:27.033,106.394,can0  041  [04]  E4 00 00 00
2025-11-08T01:57:27.033,106.394,can0  204  [16]  75 34 50 46 50 46 50 46 BC 34 20 4E 30 75 00 00
2025-11-08T01:57:27.033,106.394,can0  206  [16]  A7 0C D3 07 9B 0C 99 C6 EF 07 D3 0C A3 0C 00 00
2025-11-08T01:57:27.538,106.898,can0  204  [16]  75 34 50 46 50 46 50 46 BC 34 20 4E 30 75 00 00
2025-11-08T01:57:27.538,106.898,can0  204  [16]  75 34 50 46 50 46 50 46 BC 34 20 4E 30 75 00 00
2025-11-08T01:57:27.538,106.899,can0  204  [16]  75 34 50 46 50 46 50 46 BC 34 20 4E 30 75 00 00
2025-11-08T01:57:27.538,106.899,can0  206  [16]  9B 0C D3 07 A3 0C 3A DF E9 07 BB 0C AB 0C 00 00
2025-11-08T01:57:27.548,106.909,can0  041  [04]  B5 00 00 00
2025-11-08T01:57:27.549,106.909,can0  204  [16]  75 34 50 46 50 46 50 46 BC 34 20 4E 30 75 00 00
2025-11-08T01:57:27.549,106.909,can0  204  [16]  75 34 50 46 50 46 50 46 BC 34 20 4E 30 75 00 00
2025-11-08T01:57:27.549,106.909,can0  204  [16]  75 34 50 46 50 46 50 46 BC 34 20 4E 30 75 00 00
2025-11-08T01:57:27.549,106.909,can0  206  [16]  A3 0C DA 07 9F 0C 99 C6 ED 07 B7 0C AB 0C 00 00
2025-11-08T01:57:27.549,106.909,can0  204  [16]  75 34 50 46 50 46 50 46 BC 34 20 4E 30 75 00 00
2025-11-08T01:57:27.549,106.909,can0  204  [16]  75 34 50 46 50 46 50 46 BC 34 20 4E 30 75 00 00
2025-11-08T01:57:27.549,106.909,can0  041  [04]  E4 00 00 00
2025-11-08T01:57:27.549,106.909,can0  204  [16]  75 34 50 46 50 46 50 46 BC 34 20 4E 30 75 00 00
2025-11-08T01:57:27.549,106.909,can0  206  [16]  9F 0C D3 07 9F 0C 99 C6 E9 07 BF 0C AB 0C 00 00
2025-11-08T01:57:28.189,107.550,can0  204  [16]  75 34 50 46 50 46 50 46 BC 34 20 4E 30 75 00 00
2025-11-08T01:57:28.189,107.550,can0  204  [16]  75 34 50 46 50 46 50 46 BC 34 20 4E 30 75 00 00
2025-11-08T01:57:28.199,107.560,can0  204  [16]  75 34 50 46 50 46 50 46 BC 34 20 4E 30 75 00 00
2025-11-08T01:57:28.199,107.560,can0  206  [16]  9F 0C D3 07 8B 0C 57 E3 EB 07 D3 0C AB 0C 00 00
2025-11-08T01:57:28.199,107.560,can0  041  [04]  3F 01 00 00
2025-11-08T01:57:28.199,107.560,can0  204  [16]  75 34 50 46 50 46 50 46 BC 34 20 4E 30 75 00 00
2025-11-08T01:57:28.199,107.560,can0  204  [16]  75 34 50 46 50 46 50 46 BC 34 20 4E 30 75 00 00
2025-11-08T01:57:28.199,107.560,can0  206  [16]  AB 0C D6 07 9B 0C 3A DF ED 07 BF 0C A3 0C 00 00
2025-11-08T01:57:28.209,107.570,can0  204  [16]  75 34 50 46 50 46 50 46 BC 34 20 4E 30 75 00 00
2025-11-08T01:57:28.210,107.570,can0  204  [16]  75 34 50 46 50 46 50 46 BC 34 20 4E 30 75 00 00
2025-11-08T01:57:28.210,107.570,can0  204  [16]  75 34 50 46 50 46 50 46 BC 34 20 4E 30 75 00 00
2025-11-08T01:57:28.210,107.570,can0  041  [04]  02 00 02 00
2025-11-08T01:57:28.210,107.570,can0  206  [16]  9B 0C D3 07 9B 0C DA DC ED 07 CF 0C AB 0C 00 00
2025-11-08T01:57:28.210,107.570,can0  204  [16]  75 34 50 46 50 46 50 46 BC 34 20 4E 30 75 00 00
2025-11-08T01:57:28.210,107.570,can0  204  [16]  75 34 50 46 50 46 50 46 BC 34 20 4E 30 75 00 00
2025-11-08T01:57:28.210,107.570,can0  204  [16]  75 34 50 46 50 46 50 46 BC 34 20 4E 30 75 00 00
2025-11-08T01:57:28.210,107.570,can0  206  [16]  9F 0C D6 07 9F 0C DA DC EB 07 BF 0C AB 0C 00 00
2025-11-08T01:57:28.210,107.570,can0  204  [16]  75 34 50 46 50 46 50 46 BC 34 20 4E 30 75 00 00
2025-11-08T01:57:29.078,108.439,can0  041  [04]  3F 01 02 00
2025-11-08T01:57:29.078,108.439,can0  204  [16]  75 34 50 46 50 46 50 46 BC 34 20 4E 30 75 00 00
2025-11-08T01:57:29.079,108.439,can0  204  [16]  75 34 50 46 50 46 50 46 BC 34 20 4E 30 75 00 00
2025-11-08T01:57:29.089,108.450,can0  206  [16]  9F 0C D6 07 9B 0C DA DC EB 07 CB 0C AB 0C 00 00
2025-11-08T01:57:29.100,108.460,can0  204  [16]  75 34 50 46 50 46 50 46 BC 34 20 4E 30 75 00 00
2025-11-08T01:57:29.102,108.462,can0  204  [16]  75 34 50 46 50 46 50 46 BC 34 20 4E 30 75 00 00
2025-11-08T01:57:29.102,108.462,can0  204  [16]  75 34 50 46 50 46 50 46 BC 34 20 4E 30 75 00 00
2025-11-08T01:57:29.114,108.475,can0  206  [16]  B3 0C D3 07 A3 0C 3A DF ED 07 C3 0C 93 0C 00 00
2025-11-08T01:57:29.114,108.475,can0  041  [04]  02 00 00 00
2025-11-08T01:57:29.114,108.475,can0  204  [16]  75 34 50 46 50 46 50 46 BC 34 20 4E 30 75 00 00
2025-11-08T01:57:29.114,108.475,can0  204  [16]  75 34 50 46 50 46 50 46 BC 34 20 4E 30 75 00 00
2025-11-08T01:57:29.114,108.475,can0  206  [16]  9F 0C D3 07 9B 0C DA DC EF 07 C3 0C AB 0C 00 00
2025-11-08T01:57:29.124,108.485,can0  204  [16]  75 34 50 46 50 46 50 46 BC 34 20 4E 30 75 00 00
2025-11-08T01:57:29.124,108.485,can0  204  [16]  75 34 50 46 50 46 50 46 BC 34 20 4E 30 75 00 00
2025-11-08T01:57:29.124,108.485,can0  041  [04]  02 00 00 00
2025-11-08T01:57:29.136,108.497,can0  204  [16]  75 34 50 46 50 46 50 46 BC 34 20 4E 30 75 00 00
2025-11-08T01:57:29.136,108.497,can0  206  [16]  AB 0C D3 07 9F 0C DA DC ED 07 BF 0C 9F 0C 00 00
2025-11-08T01:57:29.146,108.507,can0  204  [16]  75 34 50 46 50 46 50 46 BC 34 20 4E 30 75 00 00
2025-11-08T01:57:29.146,108.507,can0  204  [16]  75 34 50 46 50 46 50 46 BC 34 20 4E 30 75 00 00
2025-11-08T01:57:29.146,108.507,can0  204  [16]  75 34 50 46 50 46 50 46 BC 34 20 4E 30 75 00 00
2025-11-08T01:57:29.157,108.517,can0  206  [16]  A3 0C D8 07 97 0C DA DC ED 07 D3 0C AB 0C 00 00
2025-11-08T01:57:29.157,108.517,can0  204  [16]  75 34 50 46 50 46 50 46 BC 34 20 4E 30 75 00 00
2025-11-08T01:57:29.157,108.517,can0  041  [04]  02 00 02 00
2025-11-08T01:57:29.157,108.517,can0  204  [16]  75 34 50 46 50 46 50 46 BC 34 20 4E 30 75 00 00
2025-11-08T01:57:29.872,109.232,can0  204  [16]  75 34 50 46 50 46 50 46 BC 34 20 4E 30 75 00 00
2025-11-08T01:57:29.872,109.233,can0  206  [16]  9F 0C CD 07 9F 0C 99 C6 ED 07 CB 0C A7 0C 00 00
2025-11-08T01:57:29.872,109.233,can0  204  [16]  75 34 50 46 50 46 50 46 BC 34 20 4E 30 75 00 00
2025-11-08T01:57:29.883,109.243,can0  204  [16]  75 34 50 46 50 46 50 46 BC 34 20 4E 30 75 00 00
2025-11-08T01:57:29.883,109.243,can0  041  [04]  02 00 02 00
2025-11-08T01:57:29.883,109.243,can0  204  [16]  75 34 50 46 50 46 50 46 BC 34 20 4E 30 75 00 00
2025-11-08T01:57:29.883,109.243,can0  206  [16]  A7 0C D6 07 9F 0C B1 E0 EB 07 BF 0C A7 0C 00 00
2025-11-08T01:57:29.883,109.243,can0  204  [16]  75 34 50 46 50 46 50 46 BC 34 20 4E 30 75 00 00
2025-11-08T01:57:29.883,109.243,can0  204  [16]  75 34 50 46 50 46 50 46 BC 34 20 4E 30 75 00 00
2025-11-08T01:57:29.883,109.243,can0  204  [16]  75 34 50 46 50 46 50 46 BC 34 20 4E 30 75 00 00
2025-11-08T01:57:29.894,109.255,can0  206  [16]  A7 0C DC 07 9B 0C B1 E0 EB 07 C3 0C A7 0C 00 00
2025-11-08T01:57:29.894,109.255,can0  204  [16]  75 34 50 46 50 46 50 46 BC 34 20 4E 30 75 00 00
2025-11-08T01:57:29.894,109.255,can0  041  [04]  3F 01 02 00
2025-11-08T01:57:29.895,109.255,can0  204  [16]  75 34 50 46 50 46 50 46 BC 34 20 4E 30 75 00 00
2025-11-08T01:57:29.895,109.255,can0  206  [16]  9B 0C D6 07 A3 0C C5 E1 EB 07 C7 0C A7 0C 00 00
2025-11-08T01:57:29.895,109.255,can0  204  [16]  75 34 50 46 50 46 50 46 BC 34 20 4E 30 75 00 00
2025-11-08T01:57:29.895,109.255,can0  204  [16]  75 34 50 46 50 46 50 46 BC 34 20 4E 30 75 00 00
2025-11-08T01:57:29.905,109.265,can0  204  [16]  75 34 50 46 50 46 50 46 BC 34 20 4E 30 75 00 00
2025-11-08T01:57:29.905,109.265,can0  206  [16]  9B 0C D3 07 A7 0C DA DC EF 07 BB 0C AB 0C 00 00
2025-11-08T01:57:29.905,109.265,can0  204  [16]  75 34 50 46 50 46 50 46 BC 34 20 4E 30 75 00 00
2025-11-08T01:57:29.905,109.265,can0  041  [04]  B5 00 02 00
2025-11-08T01:57:29.905,109.265,can0  204  [16]  75 34 50 46 50 46 50 46 BC 34 20 4E 30 75 00 00
2025-11-08T01:57:30.455,109.816,can0  204  [16]  75 34 50 46 50 46 50 46 BC 34 20 4E 30 75 00 00
2025-11-08T01:57:30.456,109.816,can0  206  [16]  9B 0C D3 07 A7 0C B1 E0 EB 07 C3 0C AB 0C 00 00
2025-11-08T01:57:30.456,109.816,can0  204  [16]  75 34 50 46 50 46 50 46 BC 34 20 4E 30 75 00 00
2025-11-08T01:57:30.456,109.816,can0  204  [16]  75 34 50 46 50 46 50 46 BC 34 20 4E 30 75 00 00
2025-11-08T01:57:30.456,109.816,can0  041  [04]  E4 00 02 00
2025-11-08T01:57:30.456,109.816,can0  204  [16]  75 34 50 46 50 46 50 46 BC 34 20 4E 30 75 00 00
2025-11-08T01:57:30.456,109.816,can0  206  [16]  9F 0C CF 07 9F 0C 99 C6 EB 07 C3 0C AB 0C 00 00
2025-11-08T01:57:30.456,109.816,can0  204  [16]  75 34 50 46 50 46 50 46 BC 34 20 4E 30 75 00 00
2025-11-08T01:57:30.456,109.816,can0  204  [16]  75 34 50 46 50 46 50 46 BC 34 20 4E 30 75 00 00
2025-11-08T01:57:30.466,109.827,can0  204  [16]  75 34 50 46 50 46 50 46 BC 34 20 4E 30 75 00 00
2025-11-08T01:57:30.466,109.827,can0  206  [16]  9B 0C CD 07 97 0C DA DC ED 07 C7 0C AB 0C 00 00
2025-11-08T01:57:30.466,109.827,can0  204  [16]  75 34 50 46 50 46 50 46 BC 34 20 4E 30 75 00 00
2025-11-08T01:57:30.466,109.827,can0  041  [04]  E4 00 02 00
2025-11-08T01:57:30.935,110.295,can0  204  [16]  75 34 50 46 50 46 50 46 BC 34 20 4E 30 75 00 00
2025-11-08T01:57:30.935,110.295,can0  204  [16]  75 34 50 46 50 46 50 46 BC 34 20 4E 30 75 00 00
2025-11-08T01:57:30.935,110.295,can0  206  [16]  9B 0C D3 07 A7 0C F4 E3 E9 07 BB 0C AB 0C 00 00
2025-11-08T01:57:30.945,110.306,can0  204  [16]  75 34 50 46 50 46 50 46 BC 34 20 4E 30 75 00 00
2025-11-08T01:57:30.945,110.306,can0  204  [16]  75 34 50 46 50 46 50 46 BC 34 20 4E 30 75 00 00
2025-11-08T01:57:30.945,110.306,can0  041  [04]  3F 01 02 00
2025-11-08T01:57:30.945,110.306,can0  206  [16]  A7 0C D8 07 AB 0C DA DC E9 07 C7 0C 97 0C 00 00
2025-11-08T01:57:30.945,110.306,can0  204  [16]  75 34 50 46 50 46 50 46 BC 34 20 4E 30 75 00 00
2025-11-08T01:57:30.945,110.306,can0  204  [16]  75 34 50 46 50 46 50 46 BC 34 20 4E 30 75 00 00
2025-11-08T01:57:30.945,110.306,can0  204  [16]  75 34 50 46 50 46 50 46 BC 34 20 4E 30 75 00 00
2025-11-08T01:57:30.945,110.306,can0  206  [16]  A7 0C D3 07 9F 0C 57 E3 EB 07 C3 0C A7 0C 00 00
2025-11-08T01:57:30.945,110.306,can0  204  [16]  75 34 50 46 50 46 50 46 BC 34 20 4E 30 75 00 00
2025-11-08T01:57:30.945,110.306,can0  204  [16]  75 34 50 46 50 46 50 46 BC 34 20 4E 30 75 00 00
2025-11-08T01:57:30.955,110.316,can0  041  [04]  02 00 00 00
2025-11-08T01:57:31.635,110.995,can0  204  [16]  75 34 50 46 50 46 50 46 BC 34 20 4E 30 75 00 00
2025-11-08T01:57:31.635,110.995,can0  206  [16]  A7 0C DA 07 9B 0C B1 E0 07 08 C3 0C A3 0C 00 00
2025-11-08T01:57:31.635,110.995,can0  204  [16]  75 34 50 46 50 46 50 46 BC 34 20 4E 30 75 00 00
2025-11-08T01:57:31.635,110.996,can0  204  [16]  75 34 50 46 50 46 50 46 BC 34 20 4E 30 75 00 00
2025-11-08T01:57:31.635,110.996,can0  204  [16]  75 34 50 46 50 46 50 46 BC 34 20 4E 30 75 00 00
2025-11-08T01:57:31.635,110.996,can0  206  [16]  9B 0C D6 07 A7 0C DA DC EB 07 C3 0C AB 0C 00 00
2025-11-08T01:57:31.646,111.006,can0  041  [04]  02 00 00 00
2025-11-08T01:57:31.646,111.006,can0  204  [16]  75 34 50 46 50 46 50 46 BC 34 20 4E 30 75 00 00
2025-11-08T01:57:31.646,111.006,can0  204  [16]  75 34 50 46 50 46 50 46 BC 34 20 4E 30 75 00 00
2025-11-08T01:57:31.646,111.006,can0  204  [16]  75 34 50 46 50 46 50 46 BC 34 20 4E 30 75 00 00
2025-11-08T01:57:31.646,111.006,can0  206  [16]  9F 0C DC 07 9F 0C DA DC EF 07 BB 0C AB 0C 00 00
2025-11-08T01:57:31.646,111.006,can0  204  [16]  75 34 50 46 50 46 50 46 BC 34 20 4E 30 75 00 00
2025-11-08T01:57:31.646,111.006,can0  204  [16]  75 34 50 46 50 46 50 46 BC 34 20 4E 30 75 00 00
2025-11-08T01:57:31.646,111.006,can0  041  [04]  3F 01 00 00
2025-11-08T01:57:31.646,111.006,can0  204  [16]  75 34 50 46 50 46 50 46 BC 34 20 4E 30 75 00 00
2025-11-08T01:57:31.646,111.006,can0  206  [16]  A7 0C D6 07 9F 0C 99 C6 EB 07 BF 0C A3 0C 00 00
2025-11-08T01:57:31.646,111.007,can0  204  [16]  75 34 50 46 50 46 50 46 BC 34 20 4E 30 75 00 00
2025-11-08T01:57:31.646,111.007,can0  204  [16]  75 34 50 46 50 46 50 46 BC 34 20 4E 30 75 00 00
2025-11-08T01:57:32.246,111.606,can0  206  [16]  9F 0C D3 07 9F 0C DA DC EB 07 CF 0C AB 0C 00 00
2025-11-08T01:57:32.246,111.606,can0  204  [16]  75 34 50 46 50 46 50 46 BC 34 20 4E 30 75 00 00
2025-11-08T01:57:32.246,111.606,can0  041  [04]  3F 01 02 00
2025-11-08T01:57:32.246,111.606,can0  204  [16]  75 34 50 46 50 46 50 46 BC 34 20 4E 30 75 00 00
2025-11-08T01:57:32.246,111.606,can0  204  [16]  75 34 50 46 50 46 50 46 BC 34 20 4E 30 75 00 00
2025-11-08T01:57:32.246,111.606,can0  206  [16]  A3 0C D8 07 9B 0C 57 E3 ED 07 BB 0C AB 0C 00 00
2025-11-08T01:57:32.246,111.606,can0  204  [16]  75 34 50 46 50 46 50 46 BC 34 20 4E 30 75 00 00
2025-11-08T01:57:32.246,111.607,can0  204  [16]  75 34 50 46 50 46 50 46 BC 34 20 4E 30 75 00 00
2025-11-08T01:57:32.246,111.607,can0  204  [16]  75 34 50 46 50 46 50 46 BC 34 20 4E 30 75 00 00
2025-11-08T01:57:32.256,111.617,can0  041  [04]  3F 01 02 00
2025-11-08T01:57:32.256,111.617,can0  206  [16]  A7 0C D3 07 9F 0C 99 C6 EB 07 C3 0C A3 0C 00 00
2025-11-08T01:57:32.256,111.617,can0  204  [16]  75 34 50 46 50 46 50 46 BC 34 20 4E 30 75 00 00
2025-11-08T01:57:32.256,111.617,can0  204  [16]  75 34 50 46 50 46 50 46 BC 34 20 4E 30 75 00 00
2025-11-08T01:57:32.256,111.617,can0  204  [16]  75 34 50 46 50 46 50 46 BC 34 20 4E 30 75 00 00
2025-11-08T01:57:32.256,111.617,can0  206  [16]  9B 0C D6 07 87 0C DA DC ED 07 FC 0C AF 0C 00 00
2025-11-08T01:57:32.256,111.617,can0  204  [16]  75 34 50 46 50 46 50 46 BC 34 20 4E 30 75 00 00
2025-11-08T01:57:32.782,112.142,can0  041  [04]  02 00 02 00
2025-11-08T01:57:32.782,112.143,can0  204  [16]  75 34 50 46 50 46 50 46 BC 34 20 4E 30 75 00 00
2025-11-08T01:57:32.782,112.143,can0  204  [16]  75 34 50 46 50 46 50 46 BC 34 20 4E 30 75 00 00
2025-11-08T01:57:32.782,112.143,can0  206  [16]  9F 0C D1 07 9F 0C 99 C6 C7 07 C3 0C A7 0C 00 00
2025-11-08T01:57:32.782,112.143,can0  204  [16]  75 34 50 46 50 46 50 46 BC 34 20 4E 30 75 00 00
2025-11-08T01:57:32.792,112.153,can0  204  [16]  75 34 50 46 50 46 50 46 BC 34 20 4E 30 75 00 00
2025-11-08T01:57:32.792,112.153,can0  206  [16]  87 0C D8 07 9B 0C DA DC EB 07 CB 0C C3 0C 00 00
2025-11-08T01:57:32.792,112.153,can0  204  [16]  75 34 50 46 50 46 50 46 BC 34 20 4E 30 75 00 00
2025-11-08T01:57:32.792,112.153,can0  041  [04]  3F 01 02 00
2025-11-08T01:57:32.792,112.153,can0  204  [16]  75 34 50 46 50 46 50 46 BC 34 20 4E 30 75 00 00
2025-11-08T01:57:32.792,112.153,can0  204  [16]  75 34 50 46 50 46 50 46 BC 34 20 4E 30 75 00 00
2025-11-08T01:57:32.792,112.153,can0  206  [16]  A3 0C D8 07 9B 0C 99 C6 EB 07 CB 0C 9F 0C 00 00
2025-11-08T01:57:32.792,112.153,can0  204  [16]  75 34 50 46 50 46 50 46 BC 34 20 4E 30 75 00 00
2025-11-08T01:57:32.792,112.153,can0  204  [16]  75 34 50 46 50 46 50 46 BC 34 20 4E 30 75 00 00
2025-11-08T01:57:32.792,112.153,can0  204  [16]  75 34 50 46 50 46 50 46 BC 34 20 4E 30 75 00 00
2025-11-08T01:57:32.792,112.153,can0  041  [04]  02 00 02 00
2025-11-08T01:57:32.793,112.153,can0  206  [16]  A7 0C D3 07 9B 0C 99 C6 ED 07 BB 0C A3 0C 00 00
2025-11-08T01:57:32.803,112.163,can0  204  [16]  75 34 50 46 50 46 50 46 BC 34 20 4E 30 75 00 00
2025-11-08T01:57:33.411,112.771,can0  204  [16]  75 34 50 46 50 46 50 46 BC 34 20 4E 30 75 00 00
2025-11-08T01:57:33.418,112.779,can0  204  [16]  75 34 50 46 50 46 50 46 BC 34 20 4E 30 75 00 00
2025-11-08T01:57:33.428,112.789,can0  206  [16]  DF 0C D8 07 9B 0C 99 C6 EF 07 C7 0C 6B 0C 00 00
2025-11-08T01:57:33.428,112.789,can0  204  [16]  75 34 50 46 50 46 50 46 BC 34 20 4E 30 75 00 00
2025-11-08T01:57:33.428,112.789,can0  041  [04]  3F 01 02 00
2025-11-08T01:57:33.428,112.789,can0  204  [16]  75 34 50 46 50 46 50 46 BC 34 20 4E 30 75 00 00
2025-11-08T01:57:33.428,112.789,can0  204  [16]  75 34 50 46 50 46 50 46 BC 34 20 4E 30 75 00 00
2025-11-08T01:57:33.429,112.789,can0  206  [16]  AF 0C D3 07 A3 0C 99 C6 EB 07 C3 0C 97 0C 00 00
2025-11-08T01:57:33.429,112.789,can0  204  [16]  75 34 50 46 50 46 50 46 BC 34 20 4E 30 75 00 00
2025-11-08T01:57:33.429,112.789,can0  204  [16]  75 34 50 46 50 46 50 46 BC 34 20 4E 30 75 00 00
2025-11-08T01:57:33.429,112.789,can0  206  [16]  9F 0C DC 07 9B 0C DA DC EB 07 BB 0C AF 0C 00 00
2025-11-08T01:57:33.429,112.789,can0  204  [16]  75 34 50 46 50 46 50 46 BC 34 20 4E 30 75 00 00
2025-11-08T01:57:33.439,112.799,can0  041  [04]  02 00 02 00
2025-11-08T01:57:33.439,112.799,can0  204  [16]  75 34 50 46 50 46 50 46 BC 34 20 4E 30 75 00 00
2025-11-08T01:57:33.439,112.799,can0  204  [16]  75 34 50 46 50 46 50 46 BC 34 20 4E 30 75 00 00
2025-11-08T01:57:34.094,113.455,can0  206  [16]  9B 0C E3 07 A3 0C 99 C6 ED 07 BF 0C AB 0C 00 00
2025-11-08T01:57:34.095,113.455,can0  204  [16]  75 34 50 46 50 46 50 46 BC 34 20 4E 30 75 00 00
2025-11-08T01:57:34.105,113.465,can0  204  [16]  75 34 50 46 50 46 50 46 BC 34 20 4E 30 75 00 00
2025-11-08T01:57:34.105,113.465,can0  041  [04]  02 00 02 00
2025-11-08T01:57:34.105,113.466,can0  204  [16]  75 34 50 46 50 46 50 46 BC 34 20 4E 30 75 00 00
2025-11-08T01:57:34.105,113.466,can0  206  [16]  A3 0C D6 07 9F 0C 3A DF EF 07 BF 0C A7 0C 00 00
2025-11-08T01:57:34.105,113.466,can0  204  [16]  75 34 50 46 50 46 50 46 BC 34 20 4E 30 75 00 00
2025-11-08T01:57:34.105,113.466,can0  204  [16]  75 34 50 46 50 46 50 46 BC 34 20 4E 30 75 00 00
2025-11-08T01:57:34.105,113.466,can0  204  [16]  75 34 50 46 50 46 50 46 BC 34 20 4E 30 75 00 00
2025-11-08T01:57:34.105,113.466,can0  206  [16]  A7 0C D3 07 9B 0C 99 C6 E9 07 C7 0C A3 0C 00 00
2025-11-08T01:57:34.115,113.476,can0  204  [16]  75 34 50 46 50 46 50 46 BC 34 20 4E 30 75 00 00
2025-11-08T01:57:34.115,113.476,can0  041  [04]  02 00 02 00
2025-11-08T01:57:34.115,113.476,can0  204  [16]  75 34 50 46 50 46 50 46 BC 34 20 4E 30 75 00 00
2025-11-08T01:57:34.115,113.476,can0  204  [16]  75 34 50 46 50 46 50 46 BC 34 20 4E 30 75 00 00
2025-11-08T01:57:34.115,113.476,can0  206  [16]  A3 0C E9 07 9B 0C 99 C6 EB 07 BF 0C A7 0C 00 00
2025-11-08T01:57:34.115,113.476,can0  204  [16]  75 34 50 46 50 46 50 46 BC 34 20 4E 30 75 00 00
2025-11-08T01:57:34.735,114.096,can0  204  [16]  75 34 50 46 50 46 50 46 BC 34 20 4E 30 75 00 00
2025-11-08T01:57:34.737,114.098,can0  041  [04]  02 00 02 00
2025-11-08T01:57:34.737,114.098,can0  204  [16]  75 34 50 46 50 46 50 46 BC 34 20 4E 30 75 00 00
2025-11-08T01:57:34.737,114.098,can0  206  [16]  97 0C D6 07 9F 0C DA DC ED 07 B3 0C B3 0C 00 00
2025-11-08T01:57:34.737,114.098,can0  204  [16]  75 34 50 46 50 46 50 46 BC 34 20 4E 30 75 00 00
2025-11-08T01:57:34.737,114.098,can0  204  [16]  75 34 50 46 50 46 50 46 BC 34 20 4E 30 75 00 00
2025-11-08T01:57:34.737,114.098,can0  206  [16]  6B 0C D6 07 A7 0C 3A DF EB 07 C3 0C D3 0C 00 00
2025-11-08T01:57:34.737,114.098,can0  204  [16]  75 34 50 46 50 46 50 46 BC 34 20 4E 30 75 00 00
2025-11-08T01:57:34.737,114.098,can0  204  [16]  75 34 50 46 50 46 50 46 BC 34 20 4E 30 75 00 00
2025-11-08T01:57:34.748,114.109,can0  041  [04]  02 00 02 00
2025-11-08T01:57:34.748,114.109,can0  204  [16]  75 34 50 46 50 46 50 46 BC 34 20 4E 30 75 00 00
2025-11-08T01:57:34.748,114.109,can0  206  [16]  9F 0C D3 07 A3 0C 3A DF EB 07 BF 0C A7 0C 00 00
2025-11-08T01:57:34.748,114.109,can0  204  [16]  75 34 50 46 50 46 50 46 BC 34 20 4E 30 75 00 00
2025-11-08T01:57:34.748,114.109,can0  204  [16]  75 34 50 46 50 46 50 46 BC 34 20 4E 30 75 00 00
2025-11-08T01:57:34.748,114.109,can0  204  [16]  75 34 50 46 50 46 50 46 BC 34 20 4E 30 75 00 00
2025-11-08T01:57:34.748,114.109,can0  206  [16]  A3 0C D1 07 97 0C 99 C6 EB 07 CB 0C A7 0C 00 00
2025-11-08T01:57:34.748,114.109,can0  041  [04]  3F 01 02 00
2025-11-08T01:57:34.748,114.109,can0  204  [16]  75 34 50 46 50 46 50 46 BC 34 20 4E 30 75 00 00
2025-11-08T01:57:34.779,114.139,can0  204  [16]  75 34 50 46 50 46 50 46 BC 34 20 4E 30 75 00 00
2025-11-08T01:57:35.340,114.701,can0  204  [16]  75 34 50 46 50 46 50 46 BC 34 20 4E 30 75 00 00
2025-11-08T01:57:35.342,114.703,can0  206  [16]  9F 0C C4 07 A3 0C A0 E2 ED 07 BB 0C A7 0C 00 00
2025-11-08T01:57:35.342,114.703,can0  204  [16]  75 34 50 46 50 46 50 46 BC 34 20 4E 30 75 00 00
2025-11-08T01:57:35.342,114.703,can0  204  [16]  75 34 50 46 50 46 50 46 BC 34 20 4E 30 75 00 00
2025-11-08T01:57:35.342,114.703,can0  041  [04]  E4 00 02 00
2025-11-08T01:57:35.342,114.703,can0  204  [16]  75 34 50 46 50 46 50 46 BC 34 20 4E 30 75 00 00
2025-11-08T01:57:35.356,114.717,can0  206  [16]  CF 0C D3 07 97 0C C5 E1 EB 07 CB 0C 7B 0C 00 00
2025-11-08T01:57:35.356,114.717,can0  204  [16]  75 34 50 46 50 46 50 46 BC 34 20 4E 30 75 00 00
2025-11-08T01:57:35.356,114.717,can0  204  [16]  75 34 50 46 50 46 50 46 BC 34 20 4E 30 75 00 00
2025-11-08T01:57:35.356,114.717,can0  204  [16]  75 34 50 46 50 46 50 46 BC 34 20 4E 30 75 00 00
2025-11-08T01:57:35.356,114.717,can0  206  [16]  9F 0C D3 07 A3 0C DA DC EB 07 C3 0C AB 0C 00 00
2025-11-08T01:57:35.356,114.717,can0  041  [04]  B5 00 02 00
2025-11-08T01:57:35.356,114.717,can0  204  [16]  75 34 50 46 50 46 50 46 BC 34 20 4E 30 75 00 00
2025-11-08T01:57:35.377,114.738,can0  204  [16]  75 34 50 46 50 46 50 46 BC 34 20 4E 30 75 00 00
2025-11-08T01:57:35.377,114.738,can0  204  [16]  75 34 50 46 50 46 50 46 BC 34 20 4E 30 75 00 00
2025-11-08T01:57:35.377,114.738,can0  206  [16]  A7 0C D6 07 9F 0C 3A DF E9 07 B7 0C A7 0C 00 00
2025-11-08T01:57:36.000,115.360,can0  204  [16]  75 34 50 46 50 46 50 46 BC 34 20 4E 30 75 00 00
2025-11-08T01:57:36.010,115.371,can0  204  [16]  75 34 50 46 50 46 50 46 BC 34 20 4E 30 75 00 00
2025-11-08T01:57:36.011,115.372,can0  041  [04]  B5 00 02 00
2025-11-08T01:57:36.011,115.372,can0  204  [16]  75 34 50 46 50 46 50 46 BC 34 20 4E 30 75 00 00
2025-11-08T01:57:36.011,115.372,can0  206  [16]  9F 0C D3 07 9F 0C DA DC ED 07 BF 0C AB 0C 00 00
2025-11-08T01:57:36.011,115.372,can0  204  [16]  75 34 50 46 50 46 50 46 BC 34 20 4E 30 75 00 00
2025-11-08T01:57:36.011,115.372,can0  204  [16]  75 34 50 46 50 46 50 46 BC 34 20 4E 30 75 00 00
2025-11-08T01:57:36.011,115.372,can0  204  [16]  75 34 50 46 50 46 50 46 BC 34 20 4E 30 75 00 00
2025-11-08T01:57:36.011,115.372,can0  206  [16]  AF 0C D3 07 93 0C 99 C6 F8 07 C7 0C 9F 0C 00 00
2025-11-08T01:57:36.011,115.372,can0  204  [16]  75 34 50 46 50 46 50 46 BC 34 20 4E 30 75 00 00
2025-11-08T01:57:36.011,115.372,can0  041  [04]  B5 00 02 00
2025-11-08T01:57:36.022,115.383,can0  204  [16]  75 34 50 46 50 46 50 46 BC 34 20 4E 30 75 00 00
2025-11-08T01:57:36.022,115.383,can0  206  [16]  AB 0C D3 07 9F 0C 3A DF EB 07 BF 0C 9F 0C 00 00
2025-11-08T01:57:36.022,115.383,can0  204  [16]  75 34 50 46 50 46 50 46 BC 34 20 4E 30 75 00 00
2025-11-08T01:57:36.022,115.383,can0  204  [16]  75 34 50 46 50 46 50 46 BC 34 20 4E 30 75 00 00
2025-11-08T01:57:36.022,115.383,can0  204  [16]  75 34 50 46 50 46 50 46 BC 34 20 4E 30 75 00 00
2025-11-08T01:57:36.023,115.383,can0  041  [04]  B5 00 00 00
2025-11-08T01:57:36.023,115.383,can0  206  [16]  A7 0C D6 07 9B 0C C5 E1 EB 07 BF 0C A7 0C 00 00
2025-11-08T01:57:36.023,115.383,can0  204  [16]  75 34 50 46 50 46 50 46 BC 34 20 4E 30 75 00 00
2025-11-08T01:57:36.833,116.194,can0  204  [16]  75 34 50 46 50 46 50 46 BC 34 20 4E 30 75 00 00
2025-11-08T01:57:36.843,116.204,can0  204  [16]  75 34 50 46 50 46 50 46 BC 34 20 4E 30 75 00 00
2025-11-08T01:57:36.843,116.204,can0  206  [16]  A3 0C D6 07 9B 0C 3A DF ED 07 C7 0C A7 0C 00 00
2025-11-08T01:57:36.843,116.204,can0  204  [16]  75 34 50 46 50 46 50 46 BC 34 20 4E 30 75 00 00
2025-11-08T01:57:36.843,116.204,can0  204  [16]  75 34 50 46 50 46 50 46 BC 34 20 4E 30 75 00 00
2025-11-08T01:57:36.854,116.214,can0  041  [04]  E4 00 00 00
2025-11-08T01:57:36.854,116.214,can0  204  [16]  75 34 50 46 50 46 50 46 BC 34 20 4E 30 75 00 00
2025-11-08T01:57:36.854,116.214,can0  206  [16]  97 0C D3 07 A7 0C DA DC ED 07 BB 0C AB 0C 00 00
2025-11-08T01:57:36.864,116.225,can0  204  [16]  75 34 50 46 50 46 50 46 BC 34 20 4E 30 75 00 00
2025-11-08T01:57:36.864,116.225,can0  204  [16]  75 34 50 46 50 46 50 46 BC 34 20 4E 30 75 00 00
2025-11-08T01:57:36.864,116.225,can0  204  [16]  75 34 50 46 50 46 50 46 BC 34 20 4E 30 75 00 00
2025-11-08T01:57:36.864,116.225,can0  206  [16]  6B 0C D3 07 9F 0C DA DC EB 07 C7 0C DF 0C 00 00
2025-11-08T01:57:36.884,116.245,can0  041  [04]  E4 00 00 00
2025-11-08T01:57:36.884,116.245,can0  204  [16]  75 34 50 46 50 46 50 46 BC 34 20 4E 30 75 00 00
2025-11-08T01:57:36.884,116.245,can0  204  [16]  75 34 50 46 50 46 50 46 BC 34 20 4E 30 75 00 00
2025-11-08T01:57:36.900,116.261,can0  204  [16]  75 34 50 46 50 46 50 46 BC 34 20 4E 30 75 00 00
2025-11-08T01:57:36.900,116.261,can0  206  [16]  9B 0C D3 07 8F 0C 99 C6 ED 07 CF 0C AB 0C 00 00
2025-11-08T01:57:36.910,116.271,can0  204  [16]  75 34 50 46 50 46 50 46 BC 34 20 4E 30 75 00 00
2025-11-08T01:57:36.920,116.281,can0  204  [16]  75 34 50 46 50 46 50 46 BC 34 20 4E 30 75 00 00
2025-11-08T01:57:36.920,116.281,can0  041  [04]  3F 01 00 00
2025-11-08T01:57:36.931,116.291,can0  204  [16]  75 34 50 46 50 46 50 46 BC 34 20 4E 30 75 00 00
2025-11-08T01:57:36.931,116.291,can0  206  [16]  A3 0C D3 07 9F 0C B1 E0 ED 07 C7 0C A7 0C 00 00
2025-11-08T01:57:36.931,116.291,can0  204  [16]  75 34 50 46 50 46 50 46 BC 34 20 4E 30 75 00 00
2025-11-08T01:57:36.951,116.312,can0  204  [16]  75 34 50 46 50 46 50 46 BC 34 20 4E 30 75 00 00
2025-11-08T01:57:37.700,117.061,can0  204  [16]  75 34 50 46 50 46 50 46 BC 34 20 4E 30 75 00 00
2025-11-08T01:57:37.713,117.074,can0  206  [16]  A3 0C D3 07 9F 0C 3A DF E9 07 C3 0C A7 0C 00 00
2025-11-08T01:57:37.713,117.074,can0  041  [04]  3F 01 00 00
2025-11-08T01:57:37.713,117.074,can0  204  [16]  75 34 50 46 50 46 50 46 BC 34 20 4E 30 75 00 00
2025-11-08T01:57:37.713,117.074,can0  204  [16]  75 34 50 46 50 46 50 46 BC 34 20 4E 30 75 00 00
2025-11-08T01:57:37.713,117.074,can0  206  [16]  A7 0C D6 07 9F 0C DA DC EB 07 BF 0C A3 0C 00 00
2025-11-08T01:57:37.713,117.074,can0  204  [16]  75 34 50 46 50 46 50 46 BC 34 20 4E 30 75 00 00
2025-11-08T01:57:37.713,117.074,can0  204  [16]  75 34 50 46 50 46 50 46 BC 34 20 4E 30 75 00 00
2025-11-08T01:57:37.713,117.074,can0  204  [16]  75 34 50 46 50 46 50 46 BC 34 20 4E 30 75 00 00
2025-11-08T01:57:37.713,117.074,can0  041  [04]  3F 01 00 00
2025-11-08T01:57:37.723,117.084,can0  206  [16]  97 0C D3 07 9B 0C B1 E0 E7 07 C3 0C B3 0C 00 00
2025-11-08T01:57:37.723,117.084,can0  204  [16]  75 34 50 46 50 46 50 46 BC 34 20 4E 30 75 00 00
2025-11-08T01:57:37.723,117.084,can0  204  [16]  75 34 50 46 50 46 50 46 BC 34 20 4E 30 75 00 00
2025-11-08T01:57:37.723,117.084,can0  204  [16]  75 34 50 46 50 46 50 46 BC 34 20 4E 30 75 00 00
2025-11-08T01:57:37.723,117.084,can0  206  [16]  A7 0C D6 07 9B 0C DA DC ED 07 C7 0C A7 0C 00 00
2025-11-08T01:57:37.723,117.084,can0  204  [16]  75 34 50 46 50 46 50 46 BC 34 20 4E 30 75 00 00
2025-11-08T01:57:37.723,117.084,can0  041  [04]  02 00 00 00
2025-11-08T01:57:37.723,117.084,can0  204  [16]  75 34 50 46 50 46 50 46 BC 34 20 4E 30 75 00 00
2025-11-08T01:57:37.723,117.084,can0  204  [16]  75 34 50 46 50 46 50 46 BC 34 20 4E 30 75 00 00
2025-11-08T01:57:37.734,117.094,can0  206  [16]  A7 0C CD 07 9F 0C B1 E0 ED 07 B7 0C A3 0C 00 00
2025-11-08T01:57:37.734,117.094,can0  204  [16]  75 34 50 46 50 46 50 46 BC 34 20 4E 30 75 00 00
2025-11-08T01:57:37.734,117.094,can0  204  [16]  75 34 50 46 50 46 50 46 BC 34 20 4E 30 75 00 00
2025-11-08T01:57:38.314,117.675,can0  204  [16]  75 34 50 46 50 46 50 46 BC 34 20 4E 30 75 00 00
2025-11-08T01:57:38.325,117.685,can0  206  [16]  AF 0C D3 07 9B 0C B1 E0 ED 07 CB 0C 9B 0C 00 00
2025-11-08T01:57:38.325,117.685,can0  041  [04]  02 00 00 00
2025-11-08T01:57:38.325,117.685,can0  204  [16]  75 34 50 46 50 46 50 46 BC 34 20 4E 30 75 00 00
2025-11-08T01:57:38.325,117.685,can0  204  [16]  75 34 50 46 50 46 50 46 BC 34 20 4E 30 75 00 00
2025-11-08T01:57:38.325,117.685,can0  206  [16]  97 0C DA 07 9B 0C 3A DF ED 07 BF 0C AF 0C 00 00
2025-11-08T01:57:38.325,117.685,can0  204  [16]  75 34 50 46 50 46 50 46 BC 34 20 4E 30 75 00 00
2025-11-08T01:57:38.325,117.685,can0  204  [16]  75 34 50 46 50 46 50 46 BC 34 20 4E 30 75 00 00
2025-11-08T01:57:38.325,117.686,can0  041  [04]  02 00 00 00
2025-11-08T01:57:38.325,117.686,can0  204  [16]  75 34 50 46 50 46 50 46 BC 34 20 4E 30 75 00 00
2025-11-08T01:57:38.325,117.686,can0  206  [16]  9B 0C D3 07 A3 0C 99 C6 EB 07 BF 0C A7 0C 00 00
2025-11-08T01:57:38.325,117.686,can0  204  [16]  75 34 50 46 50 46 50 46 BC 34 20 4E 30 75 00 00
2025-11-08T01:57:38.325,117.686,can0  204  [16]  75 34 50 46 50 46 50 46 BC 34 20 4E 30 75 00 00
2025-11-08T01:57:38.335,117.696,can0  204  [16]  75 34 50 46 50 46 50 46 BC 34 20 4E 30 75 00 00
2025-11-08T01:57:38.335,117.696,can0  206  [16]  BF 0C D8 07 9F 0C DA DC EB 07 C7 0C 8B 0C 00 00
2025-11-08T01:57:38.335,117.696,can0  204  [16]  75 34 50 46 50 46 50 46 BC 34 20 4E 30 75 00 00
2025-11-08T01:57:38.798,118.159,can0  041  [04]  3F 01 00 00
2025-11-08T01:57:38.798,118.159,can0  204  [16]  75 34 50 46 50 46 50 46 BC 34 20 4E 30 75 00 00
2025-11-08T01:57:38.808,118.169,can0  204  [16]  75 34 50 46 50 46 50 46 BC 34 20 4E 30 75 00 00
2025-11-08T01:57:38.808,118.169,can0  206  [16]  9B 0C D6 07 A3 0C 3A DF EB 07 BF 0C AB 0C 00 00
2025-11-08T01:57:38.808,118.169,can0  204  [16]  75 34 50 46 50 46 50 46 BC 34 20 4E 30 75 00 00
2025-11-08T01:57:38.808,118.169,can0  204  [16]  75 34 50 46 50 46 50 46 BC 34 20 4E 30 75 00 00
2025-11-08T01:57:38.808,118.169,can0  204  [16]  75 34 50 46 50 46 50 46 BC 34 20 4E 30 75 00 00
2025-11-08T01:57:38.808,118.169,can0  041  [04]  B5 00 00 00
2025-11-08T01:57:38.808,118.169,can0  206  [16]  9F 0C D6 07 9B 0C B1 E0 E9 07 C7 0C AB 0C 00 00
2025-11-08T01:57:38.808,118.169,can0  204  [16]  75 34 50 46 50 46 50 46 BC 34 20 4E 30 75 00 00
2025-11-08T01:57:38.808,118.169,can0  204  [16]  75 34 50 46 50 46 50 46 BC 34 20 4E 30 75 00 00
2025-11-08T01:57:38.808,118.169,can0  206  [16]  8B 0C C4 07 A3 0C B1 E0 EB 07 B7 0C C3 0C 00 00
2025-11-08T01:57:38.819,118.180,can0  204  [16]  75 34 50 46 50 46 50 46 BC 34 20 4E 30 75 00 00
2025-11-08T01:57:38.819,118.180,can0  204  [16]  75 34 50 46 50 46 50 46 BC 34 20 4E 30 75 00 00
2025-11-08T01:57:39.291,118.652,can0  041  [04]  E4 00 02 00
2025-11-08T01:57:39.291,118.652,can0  204  [16]  75 34 50 46 50 46 50 46 BC 34 20 4E 30 75 00 00
2025-11-08T01:57:39.291,118.652,can0  206  [16]  AB 0C D8 07 93 0C 3A DF ED 07 C7 0C A3 0C 00 00
2025-11-08T01:57:39.291,118.652,can0  204  [16]  75 34 50 46 50 46 50 46 BC 34 20 4E 30 75 00 00
2025-11-08T01:57:39.291,118.652,can0  204  [16]  75 34 50 46 50 46 50 46 BC 34 20 4E 30 75 00 00
2025-11-08T01:57:39.291,118.652,can0  204  [16]  75 34 50 46 50 46 50 46 BC 34 20 4E 30 75 00 00
2025-11-08T01:57:39.291,118.652,can0  206  [16]  CF 0C D6 07 9B 0C DA DC ED 07 BF 0C 7F 0C 00 00
2025-11-08T01:57:39.291,118.652,can0  204  [16]  75 34 50 46 50 46 50 46 BC 34 20 4E 30 75 00 00
2025-11-08T01:57:39.292,118.652,can0  041  [04]  E4 00 00 00
2025-11-08T01:57:39.292,118.652,can0  204  [16]  75 34 50 46 50 46 50 46 BC 34 20 4E 30 75 00 00
2025-11-08T01:57:39.938,119.298,can0  204  [16]  75 34 50 46 50 46 50 46 BC 34 20 4E 30 75 00 00
