Timestamp,Elapsed_Time_s,Temp1,Temp2,Temp3,Volt1,Volt2,Volt3,Volt4,Actual_rdr_deg,Set_rdr_deg,IMU_roll,IMU_pitch,IMU_integral,IMU_derivative,IMU_heading,Desired_heading,Data_wind_spd,Data_wind_dir
2025-11-08T01:48:21.917914,5.477,None,None,None,None,None,None,None,-9.5,-10.31,0.0,0.0,-10000.0,0.0,180.0,None,None,None
2025-11-08T01:48:21.918904,5.478,None,None,None,None,None,None,None,-9.5,-10.31,0.0,0.0,-10000.0,0.0,180.0,None,0.0,228.0
2025-11-08T01:48:21.920126,5.479,20.03,575.21,20.25,3.24,3.23,3.23,3.26,-9.5,-10.31,0.0,0.0,-10000.0,0.0,180.0,None,0.0,228.0
2025-11-08T01:48:21.921001,5.480,20.03,575.21,20.25,3.24,3.23,3.23,3.26,-9.5,-10.31,0.0,0.0,-10000.0,0.0,180.0,None,0.0,228.0
2025-11-08T01:48:22.918312,6.477,20.03,575.21,20.25,3.24,3.23,3.23,3.26,-9.5,-10.31,0.0,0.0,-10000.0,0.0,180.0,None,0.0,228.0
2025-11-08T01:48:22.919382,6.479,20.03,575.21,20.25,3.24,3.23,3.23,3.26,-9.5,-10.31,0.0,0.0,-10000.0,0.0,180.0,None,0.0,228.0
2025-11-08T01:48:22.920129,6.479,20.08,508.41,20.27,3.24,3.23,3.23,3.26,-9.5,-10.31,0.0,0.0,-10000.0,0.0,180.0,None,0.0,228.0
2025-11-08T01:48:22.920865,6.480,20.08,508.41,20.27,3.24,3.23,3.23,3.26,-9.5,-10.31,0.0,0.0,-10000.0,0.0,180.0,None,0.0,228.0
2025-11-08T01:48:22.921502,6.481,20.08,508.41,20.27,3.24,3.23,3.23,3.26,-9.5,-10.31,0.0,0.0,-10000.0,0.0,180.0,None,0.0,228.0
2025-11-08T01:48:22.922149,6.481,20.08,508.41,20.27,3.24,3.23,3.23,3.26,-9.5,-10.31,0.0,0.0,-10000.0,0.0,180.0,None,0.0,228.0
2025-11-08T01:48:22.922599,6.482,20.03,565.38,20.29,3.24,3.23,3.23,3.27,-9.5,-10.31,0.0,0.0,-10000.0,0.0,180.0,None,0.0,228.0
2025-11-08T01:48:22.926704,6.486,20.03,565.38,20.29,3.24,3.23,3.23,3.27,-9.5,-10.31,0.0,0.0,-10000.0,0.0,180.0,None,0.0,228.0
2025-11-08T01:48:22.927277,6.486,20.03,565.38,20.29,3.24,3.23,3.23,3.27,-9.5,-10.31,0.0,0.0,-10000.0,0.0,180.0,None,0.0,228.0
2025-11-08T01:48:22.927922,6.487,20.03,565.38,20.29,3.24,3.23,3.23,3.27,-9.5,-10.31,0.0,0.0,-10000.0,0.0,180.0,None,0.0,228.0
2025-11-08T01:48:22.928395,6.488,20.03,575.21,20.27,3.24,3.23,3.23,3.27,-9.5,-10.31,0.0,0.0,-10000.0,0.0,180.0,None,0.0,228.0
2025-11-08T01:48:22.928834,6.488,20.03,575.21,20.27,3.24,3.23,3.23,3.27,-9.5,-10.31,0.0,0.0,-10000.0,0.0,180.0,None,0.0,228.0
2025-11-08T01:48:22.929203,6.488,20.03,575.21,20.27,3.24,3.23,3.23,3.27,-9.5,-10.31,0.0,0.0,-10000.0,0.0,180.0,None,0.0,181.0
2025-11-08T01:48:22.929629,6.489,20.03,575.21,20.27,3.24,3.23,3.23,3.27,-9.5,-10.31,0.0,0.0,-10000.0,0.0,180.0,None,0.0,181.0
2025-11-08T01:48:22.930061,6.489,20.03,575.21,20.27,3.24,3.23,3.23,3.27,-9.5,-10.31,0.0,0.0,-10000.0,0.0,180.0,None,0.0,181.0
2025-11-08T01:48:22.934085,6.493,20.01,571.46,20.25,3.25,3.23,3.23,3.27,-9.5,-10.31,0.0,0.0,-10000.0,0.0,180.0,None,0.0,181.0
2025-11-08T01:48:22.934908,6.494,20.01,571.46,20.25,3.25,3.23,3.23,3.27,-9.5,-10.31,0.0,0.0,-10000.0,0.0,180.0,None,0.0,181.0
2025-11-08T01:48:22.937906,6.497,20.01,571.46,20.25,3.25,3.23,3.23,3.27,-9.5,-10.31,0.0,0.0,-10000.0,0.0,180.0,None,0.0,181.0
2025-11-08T01:48:22.938893,6.498,20.01,571.46,20.25,3.25,3.23,3.23,3.27,-9.5,-10.31,0.0,0.0,-10000.0,0.0,180.0,None,0.0,181.0
2025-11-08T01:48:22.939721,6.499,20.01,571.46,20.25,3.25,3.23,3.23,3.27,-9.5,-10.31,0.0,0.0,-10000.0,0.0,180.0,None,0.0,181.0
2025-11-08T01:48:22.941896,6.501,20.03,565.38,20.19,3.23,3.24,3.23,3.27,-9.5,-10.31,0.0,0.0,-10000.0,0.0,180.0,None,0.0,181.0
2025-11-08T01:48:22.942349,6.501,20.03,565.38,20.19,3.23,3.24,3.23,3.27,-9.5,-10.31,0.0,0.0,-10000.0,0.0,180.0,None,0.0,181.0
2025-11-08T01:48:22.942818,6.502,20.03,565.38,20.19,3.23,3.24,3.23,3.27,-9.5,-10.31,0.0,0.0,-10000.0,0.0,180.0,None,0.0,181.0
2025-11-08T01:48:22.943293,6.502,20.03,565.38,20.25,3.23,3.24,3.23,3.26,-9.5,-10.31,0.0,0.0,-10000.0,0.0,180.0,None,0.0,181.0
2025-11-08T01:48:22.946274,6.505,20.03,565.38,20.25,3.23,3.24,3.23,3.26,-9.5,-10.31,0.0,0.0,-10000.0,0.0,180.0,None,0.0,181.0
2025-11-08T01:48:23.998614,7.558,20.03,565.38,20.25,3.23,3.24,3.23,3.26,-9.5,-10.31,0.0,0.0,-10000.0,0.0,180.0,None,0.0,159.0
2025-11-08T01:48:23.999673,7.559,20.03,565.38,20.25,3.23,3.24,3.23,3.26,-9.5,-10.31,0.0,0.0,-10000.0,0.0,180.0,None,0.0,159.0
2025-11-08T01:48:24.000427,7.560,20.03,565.38,20.25,3.23,3.24,3.23,3.26,-9.5,-10.31,0.0,0.0,-10000.0,0.0,180.0,None,0.0,159.0
2025-11-08T01:48:24.001137,7.560,20.03,565.38,20.23,3.24,3.24,3.23,3.26,-9.5,-10.31,0.0,0.0,-10000.0,0.0,180.0,None,0.0,159.0
2025-11-08T01:48:24.001837,7.561,20.03,565.38,20.23,3.24,3.24,3.23,3.26,-9.5,-10.31,0.0,0.0,-10000.0,0.0,180.0,None,0.0,159.0
2025-11-08T01:48:24.002532,7.562,20.03,565.38,20.23,3.24,3.24,3.23,3.26,-9.5,-10.31,0.0,0.0,-10000.0,0.0,180.0,None,0.0,159.0
2025-11-08T01:48:24.003236,7.562,19.95,565.38,20.27,3.24,3.23,3.23,3.26,-9.5,-10.31,0.0,0.0,-10000.0,0.0,180.0,None,0.0,159.0
2025-11-08T01:48:24.003925,7.563,19.95,565.38,20.27,3.24,3.23,3.23,3.26,-9.5,-10.31,0.0,0.0,-10000.0,0.0,180.0,None,0.0,159.0
2025-11-08T01:48:24.004481,7.564,19.95,565.38,20.27,3.24,3.23,3.23,3.26,-9.5,-10.31,0.0,0.0,-10000.0,0.0,180.0,None,0.0,159.0
2025-11-08T01:48:24.007367,7.566,19.95,565.38,20.27,3.24,3.23,3.23,3.26,-9.5,-10.31,0.0,0.0,-10000.0,0.0,180.0,None,0.0,159.0
2025-11-08T01:48:24.008382,7.568,19.95,565.38,20.27,3.24,3.23,3.23,3.26,-9.5,-10.31,0.0,0.0,-10000.0,0.0,180.0,None,0.0,159.0
2025-11-08T01:48:24.009167,7.568,20.06,571.46,20.27,3.24,3.23,3.23,3.27,-9.5,-10.31,0.0,0.0,-10000.0,0.0,180.0,None,0.0,159.0
2025-11-08T01:48:24.010390,7.570,20.06,571.46,20.27,3.24,3.23,3.23,3.27,-9.5,-10.31,0.0,0.0,-10000.0,0.0,180.0,None,0.0,159.0
2025-11-08T01:48:24.011874,7.571,20.06,571.46,20.27,3.24,3.23,3.23,3.27,-9.5,-10.31,0.0,0.0,-10000.0,0.0,180.0,None,0.0,159.0
2025-11-08T01:48:24.012532,7.572,20.06,571.46,20.27,3.24,3.23,3.23,3.27,-9.5,-10.31,0.0,0.0,-10000.0,0.0,180.0,None,0.0,139.0
2025-11-08T01:48:24.013273,7.572,20.06,571.46,20.27,3.24,3.23,3.23,3.27,-9.5,-10.31,0.0,0.0,-10000.0,0.0,180.0,None,0.0,139.0
2025-11-08T01:48:24.014071,7.573,20.03,565.38,20.31,3.24,3.23,3.24,3.25,-9.5,-10.31,0.0,0.0,-10000.0,0.0,180.0,None,0.0,139.0
2025-11-08T01:48:24.014810,7.574,20.03,565.38,20.31,3.24,3.23,3.24,3.25,-9.5,-10.31,0.0,0.0,-10000.0,0.0,180.0,None,0.0,139.0
2025-11-08T01:48:24.017847,7.577,20.03,565.38,20.31,3.24,3.23,3.24,3.25,-9.5,-10.31,0.0,0.0,-10000.0,0.0,180.0,None,0.0,139.0
2025-11-08T01:48:24.019199,7.578,20.06,508.41,20.25,3.24,3.24,3.23,3.28,-9.5,-10.31,0.0,0.0,-10000.0,0.0,180.0,None,0.0,139.0
2025-11-08T01:48:24.020386,7.580,20.06,508.41,20.25,3.24,3.24,3.23,3.28,-9.5,-10.31,0.0,0.0,-10000.0,0.0,180.0,None,0.0,139.0
2025-11-08T01:48:24.021425,7.581,20.06,508.41,20.25,3.24,3.24,3.23,3.28,-9.5,-10.31,0.0,0.0,-10000.0,0.0,180.0,None,0.0,139.0
2025-11-08T01:48:24.022190,7.581,20.06,508.41,20.25,3.24,3.24,3.23,3.28,-9.5,-10.31,0.0,0.0,-10000.0,0.0,180.0,None,0.0,139.0
2025-11-08T01:48:24.022884,7.582,20.06,508.41,20.25,3.24,3.24,3.23,3.28,-9.5,-10.31,0.0,0.0,-10000.0,0.0,180.0,None,0.0,139.0
2025-11-08T01:48:24.023627,7.583,20.03,565.38,20.25,3.24,3.23,3.23,3.27,-9.5,-10.31,0.0,0.0,-10000.0,0.0,180.0,None,0.0,139.0
2025-11-08T01:48:24.024420,7.584,20.03,565.38,20.25,3.24,3.23,3.23,3.27,-9.5,-10.31,0.0,0.0,-10000.0,0.0,180.0,None,0.0,139.0
2025-11-08T01:48:24.025621,7.585,20.03,565.38,20.25,3.24,3.23,3.23,3.27,-9.5,-10.31,0.0,0.0,-10000.0,0.0,180.0,None,0.0,139.0
2025-11-08T01:48:24.027184,7.586,20.03,565.38,20.25,3.24,3.23,3.23,3.27,-9.5,-10.31,0.0,0.0,-10000.0,0.0,180.0,None,0.0,139.0
2025-11-08T01:48:24.027906,7.587,20.03,565.38,20.25,3.24,3.23,3.23,3.27,-9.5,-10.31,0.0,0.0,-10000.0,0.0,180.0,None,0.0,139.0
2025-11-08T01:48:24.028677,7.588,20.03,571.46,20.25,3.23,3.24,3.24,3.25,-9.5,-10.31,0.0,0.0,-10000.0,0.0,180.0,None,0.0,139.0
2025-11-08T01:48:24.828430,8.388,20.03,571.46,20.25,3.23,3.24,3.24,3.25,-9.5,-10.31,0.0,0.0,-10000.0,0.0,180.0,None,0.0,139.0
2025-11-08T01:48:24.829708,8.389,20.03,571.46,20.25,3.23,3.24,3.24,3.25,-9.5,-10.31,0.0,0.0,-10000.0,0.0,180.0,None,0.0,139.0
2025-11-08T01:48:24.830624,8.390,20.01,577.97,20.27,3.24,3.21,3.25,3.26,-9.5,-10.31,0.0,0.0,-10000.0,0.0,180.0,None,0.0,139.0
2025-11-08T01:48:24.831429,8.391,20.01,577.97,20.27,3.24,3.21,3.25,3.26,-9.5,-10.31,0.0,0.0,-10000.0,0.0,180.0,None,0.0,139.0
2025-11-08T01:48:24.832146,8.391,20.01,577.97,20.27,3.24,3.21,3.25,3.26,-9.5,-10.31,0.0,0.0,-10000.0,0.0,180.0,None,0.0,139.0
2025-11-08T01:48:24.833458,8.393,20.01,577.97,20.27,3.24,3.21,3.25,3.26,-9.5,-10.31,0.0,0.0,-10000.0,0.0,180.0,None,0.0,139.0
2025-11-08T01:48:24.834471,8.394,20.01,577.97,20.27,3.24,3.21,3.25,3.26,-9.5,-10.31,0.0,0.0,-10000.0,0.0,180.0,None,0.0,139.0
2025-11-08T01:48:24.835697,8.395,20.06,571.46,20.27,3.23,3.24,3.22,3.27,-9.5,-10.31,0.0,0.0,-10000.0,0.0,180.0,None,0.0,139.0
2025-11-08T01:48:24.836369,8.395,20.06,571.46,20.27,3.23,3.24,3.22,3.27,-9.5,-10.31,0.0,0.0,-10000.0,0.0,180.0,None,0.0,139.0
2025-11-08T01:48:24.840838,8.400,20.06,571.46,20.27,3.23,3.24,3.22,3.27,-9.5,-10.31,0.0,0.0,-10000.0,0.0,180.0,None,0.0,139.0
2025-11-08T01:48:24.841847,8.401,20.06,571.46,20.27,3.23,3.24,3.22,3.27,-9.5,-10.31,0.0,0.0,-10000.0,0.0,180.0,None,0.0,139.0
2025-11-08T01:48:24.842547,8.402,20.03,508.41,20.27,3.24,3.23,3.23,3.26,-9.5,-10.31,0.0,0.0,-10000.0,0.0,180.0,None,0.0,139.0
2025-11-08T01:48:24.843758,8.403,20.03,508.41,20.27,3.24,3.23,3.23,3.26,-9.5,-10.31,0.0,0.0,-10000.0,0.0,180.0,None,0.0,139.0
2025-11-08T01:48:24.844912,8.404,20.03,508.41,20.27,3.24,3.23,3.23,3.26,-9.5,-10.31,0.0,0.0,-10000.0,0.0,180.0,None,0.0,139.0
2025-11-08T01:48:24.846098,8.405,20.03,508.41,20.27,3.24,3.23,3.23,3.26,-9.5,-10.31,0.0,0.0,-10000.0,0.0,180.0,None,0.0,139.0
2025-11-08T01:48:24.846805,8.406,20.03,508.41,20.27,3.24,3.23,3.23,3.26,-9.5,-10.31,0.0,0.0,-10000.0,0.0,180.0,None,0.0,139.0
2025-11-08T01:48:24.847960,8.407,19.95,571.46,20.27,3.23,3.24,3.22,3.27,-9.5,-10.31,0.0,0.0,-10000.0,0.0,180.0,None,0.0,139.0
2025-11-08T01:48:24.848635,8.408,19.95,571.46,20.27,3.23,3.24,3.22,3.27,-9.5,-10.31,0.0,0.0,-10000.0,0.0,180.0,None,0.0,139.0
2025-11-08T01:48:24.849417,8.409,19.95,571.46,20.27,3.23,3.24,3.22,3.27,-9.5,-10.31,0.0,0.0,-10000.0,0.0,180.0,None,0.0,139.0
2025-11-08T01:48:24.850095,8.409,19.95,571.46,20.27,3.23,3.24,3.22,3.27,-9.5,-10.31,0.0,0.0,-10000.0,0.0,180.0,None,0.0,139.0
2025-11-08T01:48:24.852656,8.412,20.06,571.46,20.25,3.24,3.24,3.22,3.27,-9.5,-10.31,0.0,0.0,-10000.0,0.0,180.0,None,0.0,139.0
2025-11-08T01:48:25.594247,9.153,20.06,571.46,20.25,3.24,3.24,3.22,3.27,-9.5,-10.31,0.0,0.0,-10000.0,0.0,180.0,None,0.0,139.0
2025-11-08T01:48:25.594937,9.154,20.06,571.46,20.25,3.24,3.24,3.22,3.27,-9.5,-10.31,0.0,0.0,-10000.0,0.0,180.0,None,0.0,139.0
2025-11-08T01:48:25.595595,9.155,20.06,571.46,20.25,3.24,3.24,3.22,3.27,-9.5,-10.31,0.0,0.0,-10000.0,0.0,180.0,None,0.0,139.0
2025-11-08T01:48:25.596143,9.155,20.1,508.41,20.27,3.24,3.23,3.23,3.26,-9.5,-10.31,0.0,0.0,-10000.0,0.0,180.0,None,0.0,139.0
2025-11-08T01:48:25.596675,9.156,20.1,508.41,20.27,3.24,3.23,3.23,3.26,-9.5,-10.31,0.0,0.0,-10000.0,0.0,180.0,None,0.0,139.0
2025-11-08T01:48:25.597302,9.156,20.1,508.41,20.27,3.24,3.23,3.23,3.26,-9.5,-10.31,0.0,0.0,-10000.0,0.0,180.0,None,0.0,181.0
2025-11-08T01:48:25.597827,9.157,20.1,508.41,20.27,3.24,3.23,3.23,3.26,-9.5,-10.31,0.0,0.0,-10000.0,0.0,180.0,None,0.0,181.0
2025-11-08T01:48:25.598362,9.157,20.03,580.16,20.21,3.24,3.24,3.23,3.26,-9.5,-10.31,0.0,0.0,-10000.0,0.0,180.0,None,0.0,181.0
2025-11-08T01:48:25.598857,9.158,20.03,580.16,20.21,3.24,3.24,3.23,3.26,-9.5,-10.31,0.0,0.0,-10000.0,0.0,180.0,None,0.0,181.0
2025-11-08T01:48:25.601856,9.161,20.03,580.16,20.21,3.24,3.24,3.23,3.26,-9.5,-10.31,0.0,0.0,-10000.0,0.0,180.0,None,0.0,181.0
2025-11-08T01:48:25.602363,9.161,20.03,580.16,20.21,3.24,3.24,3.23,3.26,-9.5,-10.31,0.0,0.0,-10000.0,0.0,180.0,None,0.0,181.0
2025-11-08T01:48:25.604101,9.163,20.08,565.38,20.27,3.23,3.24,3.23,3.23,-9.5,-10.31,0.0,0.0,-10000.0,0.0,180.0,None,0.0,181.0
2025-11-08T01:48:25.604575,9.164,20.08,565.38,20.27,3.23,3.24,3.23,3.23,-9.5,-10.31,0.0,0.0,-10000.0,0.0,180.0,None,0.0,139.0
2025-11-08T01:48:25.605059,9.164,20.08,565.38,20.27,3.23,3.24,3.23,3.23,-9.5,-10.31,0.0,0.0,-10000.0,0.0,180.0,None,0.0,139.0
2025-11-08T01:48:25.605935,9.165,20.08,565.38,20.27,3.23,3.24,3.23,3.23,-9.5,-10.31,0.0,0.0,-10000.0,0.0,180.0,None,0.0,139.0
2025-11-08T01:48:25.606435,9.166,20.08,565.38,20.27,3.23,3.24,3.23,3.23,-9.5,-10.31,0.0,0.0,-10000.0,0.0,180.0,None,0.0,139.0
2025-11-08T01:48:25.607063,9.166,20.03,508.41,20.27,3.24,3.22,3.24,3.26,-9.5,-10.31,0.0,0.0,-10000.0,0.0,180.0,None,0.0,139.0
2025-11-08T01:48:25.607586,9.167,20.03,508.41,20.27,3.24,3.22,3.24,3.26,-9.5,-10.31,0.0,0.0,-10000.0,0.0,180.0,None,0.0,139.0
2025-11-08T01:48:25.608040,9.167,20.03,508.41,20.27,3.24,3.22,3.24,3.26,-9.5,-10.31,0.0,0.0,-10000.0,0.0,180.0,None,0.0,159.0
2025-11-08T01:48:25.608535,9.168,20.03,508.41,20.27,3.24,3.22,3.24,3.26,-9.5,-10.31,0.0,0.0,-10000.0,0.0,180.0,None,0.0,159.0
2025-11-08T01:48:26.245541,9.805,20.03,508.41,20.27,3.24,3.22,3.24,3.26,-9.5,-10.31,0.0,0.0,-10000.0,0.0,180.0,None,0.0,159.0
2025-11-08T01:48:26.246763,9.806,20.06,508.41,20.25,3.23,3.24,3.23,3.26,-9.5,-10.31,0.0,0.0,-10000.0,0.0,180.0,None,0.0,159.0
2025-11-08T01:48:26.251003,9.810,20.06,508.41,20.25,3.23,3.24,3.23,3.26,-9.5,-10.31,0.0,0.0,-10000.0,0.0,180.0,None,0.0,159.0
2025-11-08T01:48:26.252472,9.812,20.06,508.41,20.25,3.23,3.24,3.23,3.26,-9.5,-10.31,0.0,0.0,-10000.0,0.0,180.0,None,0.0,159.0
2025-11-08T01:48:26.253400,9.813,20.01,508.41,20.27,3.24,3.23,3.23,3.27,-9.5,-10.31,0.0,0.0,-10000.0,0.0,180.0,None,0.0,159.0
2025-11-08T01:48:26.254313,9.813,20.01,508.41,20.27,3.24,3.23,3.23,3.27,-9.5,-10.31,0.0,0.0,-10000.0,0.0,180.0,None,0.0,159.0
2025-11-08T01:48:26.255087,9.814,20.01,508.41,20.27,3.24,3.23,3.23,3.27,-9.5,-10.31,0.0,0.0,-10000.0,0.0,180.0,None,0.0,151.0
2025-11-08T01:48:26.256450,9.816,20.01,508.41,20.27,3.24,3.23,3.23,3.27,-9.5,-10.31,0.0,0.0,-10000.0,0.0,180.0,None,0.0,151.0
2025-11-08T01:48:26.257288,9.816,20.01,508.41,20.27,3.24,3.23,3.23,3.27,-9.5,-10.31,0.0,0.0,-10000.0,0.0,180.0,None,0.0,151.0
2025-11-08T01:48:26.257958,9.817,20.06,565.38,20.29,3.23,3.24,3.23,3.27,-9.5,-10.31,0.0,0.0,-10000.0,0.0,180.0,None,0.0,151.0
2025-11-08T01:48:26.258886,9.818,20.06,565.38,20.29,3.23,3.24,3.23,3.27,-9.5,-10.31,0.0,0.0,-10000.0,0.0,180.0,None,0.0,151.0
2025-11-08T01:48:26.259685,9.819,20.06,565.38,20.29,3.23,3.24,3.23,3.27,-9.5,-10.31,0.0,0.0,-10000.0,0.0,180.0,None,0.0,151.0
2025-11-08T01:48:26.260485,9.820,20.06,565.38,20.29,3.23,3.24,3.23,3.27,-9.5,-10.31,0.0,0.0,-10000.0,0.0,180.0,None,0.0,151.0
2025-11-08T01:48:26.261338,9.820,20.03,508.41,20.29,3.24,3.23,3.23,3.27,-9.5,-10.31,0.0,0.0,-10000.0,0.0,180.0,None,0.0,151.0
2025-11-08T01:48:26.262272,9.821,20.03,508.41,20.29,3.24,3.23,3.23,3.27,-9.5,-10.31,0.0,0.0,-10000.0,0.0,180.0,None,0.0,151.0
2025-11-08T01:48:26.263154,9.822,20.03,508.41,20.29,3.24,3.23,3.23,3.27,-9.5,-10.31,0.0,0.0,-10000.0,0.0,180.0,None,0.0,151.0
2025-11-08T01:48:26.905588,10.465,20.03,508.41,20.29,3.24,3.23,3.23,3.27,-9.5,-10.31,0.0,0.0,-10000.0,0.0,180.0,None,0.0,151.0
2025-11-08T01:48:26.906822,10.466,20.06,565.38,20.29,3.24,3.23,3.24,3.25,-9.5,-10.31,0.0,0.0,-10000.0,0.0,180.0,None,0.0,151.0
2025-11-08T01:48:26.907646,10.467,20.06,565.38,20.29,3.24,3.23,3.24,3.25,-9.5,-10.31,0.0,0.0,-10000.0,0.0,180.0,None,0.0,151.0
2025-11-08T01:48:26.908334,10.467,20.06,565.38,20.29,3.24,3.23,3.24,3.25,-9.5,-10.31,0.0,0.0,-10000.0,0.0,180.0,None,0.0,139.0
2025-11-08T01:48:26.909053,10.468,20.06,565.38,20.29,3.24,3.23,3.24,3.25,-9.5,-10.31,0.0,0.0,-10000.0,0.0,180.0,None,0.0,139.0
2025-11-08T01:48:26.909799,10.469,20.06,565.38,20.29,3.24,3.23,3.24,3.25,-9.5,-10.31,0.0,0.0,-10000.0,0.0,180.0,None,0.0,139.0
2025-11-08T01:48:26.910748,10.470,20.01,571.46,20.25,3.24,3.22,3.25,3.29,-9.5,-10.31,0.0,0.0,-10000.0,0.0,180.0,None,0.0,139.0
2025-11-08T01:48:26.911624,10.471,20.01,571.46,20.25,3.24,3.22,3.25,3.29,-9.5,-10.31,0.0,0.0,-10000.0,0.0,180.0,None,0.0,139.0
2025-11-08T01:48:26.912437,10.472,20.01,571.46,20.25,3.24,3.22,3.25,3.29,-9.5,-10.31,0.0,0.0,-10000.0,0.0,180.0,None,0.0,139.0
2025-11-08T01:48:26.913198,10.472,20.08,565.38,20.29,3.24,3.23,3.22,3.27,-9.5,-10.31,0.0,0.0,-10000.0,0.0,180.0,None,0.0,139.0
2025-11-08T01:48:26.913861,10.473,20.08,565.38,20.29,3.24,3.23,3.22,3.27,-9.5,-10.31,0.0,0.0,-10000.0,0.0,180.0,None,0.0,139.0
2025-11-08T01:48:26.914594,10.474,20.08,565.38,20.29,3.24,3.23,3.22,3.27,-9.5,-10.31,0.0,0.0,-10000.0,0.0,180.0,None,0.0,139.0
2025-11-08T01:48:26.915280,10.474,20.08,565.38,20.29,3.24,3.23,3.22,3.27,-9.5,-10.31,0.0,0.0,-10000.0,0.0,180.0,None,0.0,139.0
2025-11-08T01:48:26.916223,10.475,20.08,565.38,20.29,3.24,3.23,3.22,3.27,-9.5,-10.31,0.0,0.0,-10000.0,0.0,180.0,None,0.0,139.0
2025-11-08T01:48:26.917627,10.477,20.03,577.97,20.29,3.24,3.23,3.23,3.26,-9.5,-10.31,0.0,0.0,-10000.0,0.0,180.0,None,0.0,139.0
2025-11-08T01:48:26.919047,10.478,20.03,577.97,20.29,3.24,3.23,3.23,3.26,-9.5,-10.31,0.0,0.0,-10000.0,0.0,180.0,None,0.0,139.0
2025-11-08T01:48:26.919826,10.479,20.03,577.97,20.29,3.24,3.23,3.23,3.26,-9.5,-10.31,0.0,0.0,-10000.0,0.0,180.0,None,0.0,139.0
2025-11-08T01:48:26.920524,10.480,20.03,577.97,20.29,3.24,3.23,3.23,3.26,-9.5,-10.31,0.0,0.0,-10000.0,0.0,180.0,None,0.0,159.0
2025-11-08T01:48:27.590656,11.150,20.03,577.97,20.29,3.24,3.23,3.23,3.26,-9.5,-10.31,0.0,0.0,-10000.0,0.0,180.0,None,0.0,159.0
2025-11-08T01:48:27.591328,11.150,20.03,575.21,20.27,3.25,3.23,3.23,3.27,-9.5,-10.31,0.0,0.0,-10000.0,0.0,180.0,None,0.0,159.0
2025-11-08T01:48:27.591945,11.151,20.03,575.21,20.27,3.25,3.23,3.23,3.27,-9.5,-10.31,0.0,0.0,-10000.0,0.0,180.0,None,0.0,159.0
2025-11-08T01:48:27.592459,11.152,20.03,575.21,20.27,3.25,3.23,3.23,3.27,-9.5,-10.31,0.0,0.0,-10000.0,0.0,180.0,None,0.0,159.0
2025-11-08T01:48:27.592980,11.152,20.03,508.41,20.12,3.23,3.24,3.23,3.27,-9.5,-10.31,0.0,0.0,-10000.0,0.0,180.0,None,0.0,159.0
2025-11-08T01:48:27.593487,11.153,20.03,508.41,20.12,3.23,3.24,3.23,3.27,-9.5,-10.31,0.0,0.0,-10000.0,0.0,180.0,None,0.0,159.0
2025-11-08T01:48:27.593910,11.153,20.03,508.41,20.12,3.23,3.24,3.23,3.27,-9.5,-10.31,0.0,0.0,-10000.0,0.0,180.0,None,0.0,181.0
2025-11-08T01:48:27.594401,11.154,20.03,508.41,20.12,3.23,3.24,3.23,3.27,-9.5,-10.31,0.0,0.0,-10000.0,0.0,180.0,None,0.0,181.0
2025-11-08T01:48:27.594916,11.154,20.03,508.41,20.12,3.23,3.24,3.23,3.27,-9.5,-10.31,0.0,0.0,-10000.0,0.0,180.0,None,0.0,181.0
2025-11-08T01:48:27.595428,11.155,20.03,571.46,20.36,3.25,3.23,3.23,3.27,-9.5,-10.31,0.0,0.0,-10000.0,0.0,180.0,None,0.0,181.0
2025-11-08T01:48:27.595908,11.155,20.03,571.46,20.36,3.25,3.23,3.23,3.27,-9.5,-10.31,0.0,0.0,-10000.0,0.0,180.0,None,0.0,181.0
2025-11-08T01:48:27.596390,11.156,20.03,571.46,20.36,3.25,3.23,3.23,3.27,-9.5,-10.31,0.0,0.0,-10000.0,0.0,180.0,None,0.0,181.0
2025-11-08T01:48:27.596869,11.156,20.03,571.46,20.36,3.25,3.23,3.23,3.27,-9.5,-10.31,0.0,0.0,-10000.0,0.0,180.0,None,0.0,181.0
2025-11-08T01:48:27.597276,11.156,20.03,571.46,20.36,3.25,3.23,3.23,3.27,-9.5,-10.31,0.0,0.0,-10000.0,0.0,180.0,None,0.0,181.0
2025-11-08T01:48:27.597767,11.157,20.03,565.38,20.23,3.24,3.23,3.23,3.27,-9.5,-10.31,0.0,0.0,-10000.0,0.0,180.0,None,0.0,181.0
2025-11-08T01:48:27.600909,11.160,20.03,565.38,20.23,3.24,3.23,3.23,3.27,-9.5,-10.31,0.0,0.0,-10000.0,0.0,180.0,None,0.0,181.0
2025-11-08T01:48:27.601397,11.161,20.03,565.38,20.23,3.24,3.23,3.23,3.27,-9.5,-10.31,0.0,0.0,-10000.0,0.0,180.0,None,0.0,181.0
2025-11-08T01:48:27.601916,11.161,20.03,565.38,20.23,3.24,3.23,3.23,3.27,-9.5,-10.31,0.0,0.0,-10000.0,0.0,180.0,None,0.0,181.0
2025-11-08T01:48:27.602444,11.162,20.06,588.32,20.27,3.25,3.22,3.23,3.27,-9.5,-10.31,0.0,0.0,-10000.0,0.0,180.0,None,0.0,181.0
2025-11-08T01:48:28.280329,11.839,20.06,588.32,20.27,3.25,3.22,3.23,3.27,-9.5,-10.31,0.0,0.0,-10000.0,0.0,180.0,None,0.0,181.0
2025-11-08T01:48:28.281130,11.840,20.06,588.32,20.27,3.25,3.22,3.23,3.27,-9.5,-10.31,0.0,0.0,-10000.0,0.0,180.0,None,0.0,181.0
2025-11-08T01:48:28.281827,11.841,20.06,588.32,20.27,3.25,3.22,3.23,3.27,-9.5,-10.31,0.0,0.0,-10000.0,0.0,180.0,None,0.0,181.0
2025-11-08T01:48:28.282517,11.842,20.03,571.46,20.25,3.24,3.24,3.23,3.26,-9.5,-10.31,0.0,0.0,-10000.0,0.0,180.0,None,0.0,181.0
2025-11-08T01:48:28.283183,11.842,20.03,571.46,20.25,3.24,3.24,3.23,3.26,-9.5,-10.31,0.0,0.0,-10000.0,0.0,180.0,None,0.0,181.0
2025-11-08T01:48:28.283809,11.843,20.03,571.46,20.25,3.24,3.24,3.23,3.26,-9.5,-10.31,0.0,0.0,-10000.0,0.0,180.0,None,0.0,181.0
2025-11-08T01:48:28.285703,11.845,20.03,571.46,20.25,3.24,3.24,3.23,3.26,-9.5,-10.31,0.0,0.0,-10000.0,0.0,180.0,None,0.0,181.0
2025-11-08T01:48:28.286834,11.846,20.03,565.38,20.25,3.25,3.21,3.25,3.3,-9.5,-10.31,0.0,0.0,-10000.0,0.0,180.0,None,0.0,181.0
2025-11-08T01:48:28.288302,11.847,20.03,565.38,20.25,3.25,3.21,3.25,3.3,-9.5,-10.31,0.0,0.0,-10000.0,0.0,180.0,None,0.0,47.0
2025-11-08T01:48:28.289913,11.849,20.03,565.38,20.25,3.25,3.21,3.25,3.3,-9.5,-10.31,0.0,0.0,-10000.0,0.0,180.0,None,0.0,47.0
2025-11-08T01:48:28.292265,11.851,20.03,565.38,20.25,3.25,3.21,3.25,3.3,-9.5,-10.31,0.0,0.0,-10000.0,0.0,180.0,None,0.0,47.0
2025-11-08T01:48:28.293839,11.853,20.06,508.41,20.27,3.3,3.18,3.27,3.23,-9.5,-10.31,0.0,0.0,-10000.0,0.0,180.0,None,0.0,47.0
2025-11-08T01:48:28.294828,11.854,20.06,508.41,20.27,3.3,3.18,3.27,3.23,-9.5,-10.31,0.0,0.0,-10000.0,0.0,180.0,None,0.0,47.0
2025-11-08T01:48:28.295731,11.855,20.06,508.41,20.27,3.3,3.18,3.27,3.23,-9.5,-10.31,0.0,0.0,-10000.0,0.0,180.0,None,0.0,47.0
2025-11-08T01:48:28.915342,12.474,20.06,508.41,20.27,3.3,3.18,3.27,3.23,-9.5,-10.31,0.0,0.0,-10000.0,0.0,180.0,None,0.0,47.0
2025-11-08T01:48:28.916719,12.476,20.06,508.41,20.27,3.3,3.18,3.27,3.23,-9.5,-10.31,0.0,0.0,-10000.0,0.0,180.0,None,0.0,47.0
2025-11-08T01:48:28.917729,12.477,20.03,508.41,20.27,3.23,3.24,3.23,3.26,-9.5,-10.31,0.0,0.0,-10000.0,0.0,180.0,None,0.0,47.0
2025-11-08T01:48:28.918704,12.478,20.03,508.41,20.27,3.23,3.24,3.23,3.26,-9.5,-10.31,0.0,0.0,-10000.0,0.0,180.0,None,0.0,47.0
2025-11-08T01:48:28.920192,12.479,20.03,508.41,20.27,3.23,3.24,3.23,3.26,-9.5,-10.31,0.0,0.0,-10000.0,0.0,180.0,None,0.0,47.0
2025-11-08T01:48:28.921198,12.480,20.03,508.41,20.27,3.23,3.24,3.23,3.26,-9.5,-10.31,0.0,0.0,-10000.0,0.0,180.0,None,0.0,47.0
2025-11-08T01:48:28.922190,12.481,20.03,565.38,20.27,3.24,3.23,3.23,3.27,-9.5,-10.31,0.0,0.0,-10000.0,0.0,180.0,None,0.0,47.0
2025-11-08T01:48:28.923150,12.482,20.03,565.38,20.27,3.24,3.23,3.23,3.27,-9.5,-10.31,0.0,0.0,-10000.0,0.0,180.0,None,0.0,47.0
2025-11-08T01:48:28.924090,12.483,20.03,565.38,20.27,3.24,3.23,3.23,3.27,-9.5,-10.31,0.0,0.0,-10000.0,0.0,180.0,None,0.0,2.0
2025-11-08T01:48:28.925765,12.485,20.03,565.38,20.27,3.24,3.23,3.23,3.27,-9.5,-10.31,0.0,0.0,-10000.0,0.0,180.0,None,0.0,2.0
2025-11-08T01:48:28.926792,12.486,20.03,565.38,20.27,3.24,3.23,3.23,3.27,-9.5,-10.31,0.0,0.0,-10000.0,0.0,180.0,None,0.0,2.0
2025-11-08T01:48:28.927791,12.487,20.06,565.38,20.25,3.24,3.23,3.23,3.27,-9.5,-10.31,0.0,0.0,-10000.0,0.0,180.0,None,0.0,2.0
2025-11-08T01:48:28.928760,12.488,20.06,565.38,20.25,3.24,3.23,3.23,3.27,-9.5,-10.31,0.0,0.0,-10000.0,0.0,180.0,None,0.0,2.0
2025-11-08T01:48:28.929723,12.489,20.06,565.38,20.25,3.24,3.23,3.23,3.27,-9.5,-10.31,0.0,0.0,-10000.0,0.0,180.0,None,0.0,2.0
2025-11-08T01:48:28.931238,12.490,20.06,565.38,20.25,3.24,3.23,3.23,3.27,-9.5,-10.31,0.0,0.0,-10000.0,0.0,180.0,None,0.0,2.0
2025-11-08T01:48:28.932100,12.491,20.03,565.38,20.29,3.24,3.23,3.24,3.26,-9.5,-10.31,0.0,0.0,-10000.0,0.0,180.0,None,0.0,2.0
2025-11-08T01:48:28.932675,12.492,20.03,565.38,20.29,3.24,3.23,3.24,3.26,-9.5,-10.31,0.0,0.0,-10000.0,0.0,180.0,None,0.0,2.0
2025-11-08T01:48:28.933207,12.492,20.03,565.38,20.29,3.24,3.23,3.24,3.26,-9.5,-10.31,0.0,0.0,-10000.0,0.0,180.0,None,0.0,2.0
2025-11-08T01:48:28.934242,12.493,20.03,565.38,20.29,3.24,3.23,3.24,3.26,-9.5,-10.31,0.0,0.0,-10000.0,0.0,180.0,None,0.0,2.0
2025-11-08T01:48:29.561360,13.121,20.03,565.38,20.27,3.24,3.24,3.23,3.27,-9.5,-10.31,0.0,0.0,-10000.0,0.0,180.0,None,0.0,2.0
2025-11-08T01:48:29.562587,13.122,20.03,565.38,20.27,3.24,3.24,3.23,3.27,-9.5,-10.31,0.0,0.0,-10000.0,0.0,180.0,None,0.0,2.0
2025-11-08T01:48:29.569938,13.129,20.03,565.38,20.27,3.24,3.24,3.23,3.27,-9.5,-10.31,0.0,0.0,-10000.0,0.0,180.0,None,0.0,2.0
2025-11-08T01:48:29.570762,13.130,20.03,565.38,20.27,3.24,3.24,3.23,3.27,-9.5,-10.31,0.0,0.0,-10000.0,0.0,180.0,None,0.0,2.0
2025-11-08T01:48:29.571723,13.131,20.03,571.46,20.27,3.23,3.25,3.23,3.26,-9.5,-10.31,0.0,0.0,-10000.0,0.0,180.0,None,0.0,2.0
2025-11-08T01:48:29.572924,13.132,20.03,571.46,20.27,3.23,3.25,3.23,3.26,-9.5,-10.31,0.0,0.0,-10000.0,0.0,180.0,None,0.0,2.0
2025-11-08T01:48:29.573677,13.133,20.03,571.46,20.27,3.23,3.25,3.23,3.26,-9.5,-10.31,0.0,0.0,-10000.0,0.0,180.0,None,0.0,2.0
2025-11-08T01:48:29.574355,13.133,20.03,571.46,20.27,3.23,3.25,3.23,3.26,-9.5,-10.31,0.0,0.0,-10000.0,0.0,180.0,None,0.0,2.0
2025-11-08T01:48:29.575053,13.134,19.91,508.41,20.27,3.23,3.23,3.23,3.27,-9.5,-10.31,0.0,0.0,-10000.0,0.0,180.0,None,0.0,2.0
2025-11-08T01:48:29.575804,13.135,19.91,508.41,20.27,3.23,3.23,3.23,3.27,-9.5,-10.31,0.0,0.0,-10000.0,0.0,180.0,None,0.0,2.0
2025-11-08T01:48:29.577046,13.136,19.91,508.41,20.27,3.23,3.23,3.23,3.27,-9.5,-10.31,0.0,0.0,-10000.0,0.0,180.0,None,0.0,319.0
2025-11-08T01:48:29.577971,13.137,19.91,508.41,20.27,3.23,3.23,3.23,3.27,-9.5,-10.31,0.0,0.0,-10000.0,0.0,180.0,None,0.0,319.0
2025-11-08T01:48:29.578875,13.138,19.91,508.41,20.27,3.23,3.23,3.23,3.27,-9.5,-10.31,0.0,0.0,-10000.0,0.0,180.0,None,0.0,319.0
2025-11-08T01:48:29.579771,13.139,20.06,575.21,20.27,3.24,3.23,3.23,3.27,-9.5,-10.31,0.0,0.0,-10000.0,0.0,180.0,None,0.0,319.0
2025-11-08T01:48:29.581339,13.140,20.06,575.21,20.27,3.24,3.23,3.23,3.27,-9.5,-10.31,0.0,0.0,-10000.0,0.0,180.0,None,0.0,319.0
2025-11-08T01:48:30.333289,13.892,20.06,575.21,20.27,3.24,3.23,3.23,3.27,-9.5,-10.31,0.0,0.0,-10000.0,0.0,180.0,None,0.0,319.0
2025-11-08T01:48:30.334339,13.893,20.06,575.21,20.27,3.24,3.23,3.23,3.27,-9.5,-10.31,0.0,0.0,-10000.0,0.0,180.0,None,0.0,2.0
2025-11-08T01:48:30.335107,13.894,20.06,575.21,20.27,3.24,3.23,3.23,3.27,-9.5,-10.31,0.0,0.0,-10000.0,0.0,180.0,None,0.0,2.0
2025-11-08T01:48:30.335866,13.895,20.06,565.38,20.25,3.23,3.24,3.23,3.27,-9.5,-10.31,0.0,0.0,-10000.0,0.0,180.0,None,0.0,2.0
2025-11-08T01:48:30.336642,13.896,20.06,565.38,20.25,3.23,3.24,3.23,3.27,-9.5,-10.31,0.0,0.0,-10000.0,0.0,180.0,None,0.0,2.0
2025-11-08T01:48:30.337373,13.896,20.06,565.38,20.25,3.23,3.24,3.23,3.27,-9.5,-10.31,0.0,0.0,-10000.0,0.0,180.0,None,0.0,2.0
2025-11-08T01:48:30.338116,13.897,20.03,565.38,20.31,3.24,3.23,3.23,3.25,-9.5,-10.31,0.0,0.0,-10000.0,0.0,180.0,None,0.0,2.0
2025-11-08T01:48:30.338933,13.898,20.03,565.38,20.31,3.24,3.23,3.23,3.25,-9.5,-10.31,0.0,0.0,-10000.0,0.0,180.0,None,0.0,2.0
2025-11-08T01:48:30.339824,13.899,20.03,565.38,20.31,3.24,3.23,3.23,3.25,-9.5,-10.31,0.0,0.0,-10000.0,0.0,180.0,None,0.0,2.0
2025-11-08T01:48:30.340755,13.900,20.03,565.38,20.31,3.24,3.23,3.23,3.25,-9.5,-10.31,0.0,0.0,-10000.0,0.0,180.0,None,0.0,2.0
2025-11-08T01:48:30.341693,13.901,20.03,565.38,20.31,3.24,3.23,3.23,3.25,-9.5,-10.31,0.0,0.0,-10000.0,0.0,180.0,None,0.0,2.0
2025-11-08T01:48:30.342618,13.902,20.03,577.97,20.29,3.24,3.23,3.26,3.23,-9.5,-10.31,0.0,0.0,-10000.0,0.0,180.0,None,0.0,2.0
2025-11-08T01:48:30.343486,13.903,20.03,577.97,20.29,3.24,3.23,3.26,3.23,-9.5,-10.31,0.0,0.0,-10000.0,0.0,180.0,None,0.0,2.0
2025-11-08T01:48:30.345010,13.904,20.03,577.97,20.29,3.24,3.23,3.26,3.23,-9.5,-10.31,0.0,0.0,-10000.0,0.0,180.0,None,0.0,2.0
2025-11-08T01:48:30.347702,13.907,20.03,565.38,20.27,3.24,3.23,3.25,3.25,-9.5,-10.31,0.0,0.0,-10000.0,0.0,180.0,None,0.0,2.0
2025-11-08T01:48:30.350061,13.909,20.03,565.38,20.27,3.24,3.23,3.25,3.25,-9.5,-10.31,0.0,0.0,-10000.0,0.0,180.0,None,0.0,2.0
2025-11-08T01:48:30.351644,13.911,20.03,565.38,20.27,3.24,3.23,3.25,3.25,-9.5,-10.31,0.0,0.0,-10000.0,0.0,180.0,None,0.0,2.0
2025-11-08T01:48:30.352807,13.912,20.03,565.38,20.27,3.24,3.23,3.25,3.25,-9.5,-10.31,0.0,0.0,-10000.0,0.0,180.0,None,0.0,2.0
2025-11-08T01:48:30.354115,13.913,20.03,565.38,20.27,3.24,3.23,3.25,3.25,-9.5,-10.31,0.0,0.0,-10000.0,0.0,180.0,None,0.0,2.0
2025-11-08T01:48:30.355222,13.914,20.03,565.38,20.25,3.23,3.24,3.23,3.27,-9.5,-10.31,0.0,0.0,-10000.0,0.0,180.0,None,0.0,2.0
2025-11-08T01:48:30.356921,13.916,20.03,565.38,20.25,3.23,3.24,3.23,3.27,-9.5,-10.31,0.0,0.0,-10000.0,0.0,180.0,None,0.0,2.0
2025-11-08T01:48:30.997892,14.557,20.03,565.38,20.25,3.23,3.24,3.23,3.27,-9.5,-10.31,0.0,0.0,-10000.0,0.0,180.0,None,0.0,2.0
2025-11-08T01:48:30.998796,14.558,20.03,565.38,20.25,3.23,3.24,3.23,3.27,-9.5,-10.31,0.0,0.0,-10000.0,0.0,180.0,None,0.0,2.0
2025-11-08T01:48:30.999333,14.558,20.03,565.38,20.25,3.23,3.24,3.23,3.27,-9.5,-10.31,0.0,0.0,-10000.0,0.0,180.0,None,0.0,2.0
2025-11-08T01:48:30.999892,14.559,20.03,575.21,20.25,3.24,3.23,3.23,3.27,-9.5,-10.31,0.0,0.0,-10000.0,0.0,180.0,None,0.0,2.0
2025-11-08T01:48:31.000706,14.560,20.03,575.21,20.25,3.24,3.23,3.23,3.27,-9.5,-10.31,0.0,0.0,-10000.0,0.0,180.0,None,0.0,2.0
2025-11-08T01:48:31.001324,14.560,20.03,575.21,20.25,3.24,3.23,3.23,3.27,-9.5,-10.31,0.0,0.0,-10000.0,0.0,180.0,None,0.0,2.0
2025-11-08T01:48:31.001896,14.561,20.03,575.21,20.25,3.24,3.23,3.23,3.27,-9.5,-10.31,0.0,0.0,-10000.0,0.0,180.0,None,0.0,2.0
2025-11-08T01:48:31.002468,14.562,20.06,571.46,20.25,3.24,3.25,3.21,3.26,-9.5,-10.31,0.0,0.0,-10000.0,0.0,180.0,None,0.0,2.0
2025-11-08T01:48:31.002968,14.562,20.06,571.46,20.25,3.24,3.25,3.21,3.26,-9.5,-10.31,0.0,0.0,-10000.0,0.0,180.0,None,0.0,2.0
2025-11-08T01:48:31.006220,14.565,20.06,571.46,20.25,3.24,3.25,3.21,3.26,-9.5,-10.31,0.0,0.0,-10000.0,0.0,180.0,None,0.0,2.0
2025-11-08T01:48:31.006812,14.566,20.06,571.46,20.25,3.24,3.25,3.21,3.26,-9.5,-10.31,0.0,0.0,-10000.0,0.0,180.0,None,0.0,2.0
2025-11-08T01:48:31.007524,14.567,20.01,565.38,20.27,3.24,3.22,3.24,3.27,-9.5,-10.31,0.0,0.0,-10000.0,0.0,180.0,None,0.0,2.0
2025-11-08T01:48:31.008305,14.567,20.01,565.38,20.27,3.24,3.22,3.24,3.27,-9.5,-10.31,0.0,0.0,-10000.0,0.0,180.0,None,0.0,2.0
2025-11-08T01:48:31.010381,14.570,20.01,565.38,20.27,3.24,3.22,3.24,3.27,-9.5,-10.31,0.0,0.0,-10000.0,0.0,180.0,None,0.0,2.0
2025-11-08T01:48:31.011730,14.571,20.01,565.38,20.27,3.24,3.22,3.24,3.27,-9.5,-10.31,0.0,0.0,-10000.0,0.0,180.0,None,0.0,2.0
2025-11-08T01:48:31.012367,14.571,20.01,565.38,20.27,3.24,3.22,3.24,3.27,-9.5,-10.31,0.0,0.0,-10000.0,0.0,180.0,None,0.0,319.0
2025-11-08T01:48:31.013008,14.572,20.1,565.38,20.29,3.24,3.23,3.22,3.27,-9.5,-10.31,0.0,0.0,-10000.0,0.0,180.0,None,0.0,319.0
2025-11-08T01:48:31.013806,14.573,20.1,565.38,20.29,3.24,3.23,3.22,3.27,-9.5,-10.31,0.0,0.0,-10000.0,0.0,180.0,None,0.0,319.0
2025-11-08T01:48:31.015013,14.574,20.1,565.38,20.29,3.24,3.23,3.22,3.27,-9.5,-10.31,0.0,0.0,-10000.0,0.0,180.0,None,0.0,319.0
2025-11-08T01:48:31.707404,15.267,20.01,565.38,20.27,3.24,3.23,3.23,3.26,-9.5,-10.31,0.0,0.0,-10000.0,0.0,180.0,None,0.0,319.0
2025-11-08T01:48:31.708492,15.268,20.01,565.38,20.27,3.24,3.23,3.23,3.26,-9.5,-10.31,0.0,0.0,-10000.0,0.0,180.0,None,0.0,319.0
2025-11-08T01:48:31.709305,15.268,20.01,565.38,20.27,3.24,3.23,3.23,3.26,-9.5,-10.31,0.0,0.0,-10000.0,0.0,180.0,None,0.0,319.0
2025-11-08T01:48:31.710277,15.269,20.01,565.38,20.27,3.24,3.23,3.23,3.26,-9.5,-10.31,0.0,0.0,-10000.0,0.0,180.0,None,0.0,47.0
2025-11-08T01:48:31.711073,15.270,20.01,565.38,20.27,3.24,3.23,3.23,3.26,-9.5,-10.31,0.0,0.0,-10000.0,0.0,180.0,None,0.0,47.0
2025-11-08T01:48:31.711856,15.271,20.01,565.38,20.27,3.24,3.23,3.23,3.26,-9.5,-10.31,0.0,0.0,-10000.0,0.0,180.0,None,0.0,47.0
2025-11-08T01:48:31.712592,15.272,20.01,565.38,20.27,3.24,3.23,3.23,3.26,-9.5,-10.31,0.0,0.0,-10000.0,0.0,180.0,None,0.0,47.0
2025-11-08T01:48:31.713520,15.273,20.01,565.38,20.27,3.24,3.23,3.23,3.26,-9.5,-10.31,0.0,0.0,-10000.0,0.0,180.0,None,0.0,47.0
2025-11-08T01:48:31.714633,15.274,20.01,565.38,20.27,3.24,3.23,3.23,3.26,-9.5,-10.31,0.0,0.0,-10000.0,0.0,180.0,None,0.0,47.0
2025-11-08T01:48:31.715661,15.275,20.06,571.46,20.29,3.23,3.24,3.22,3.27,-9.5,-10.31,0.0,0.0,-10000.0,0.0,180.0,None,0.0,47.0
2025-11-08T01:48:31.716848,15.276,20.06,571.46,20.29,3.23,3.24,3.22,3.27,-9.5,-10.31,0.0,0.0,-10000.0,0.0,180.0,None,0.0,319.0
2025-11-08T01:48:31.717864,15.277,20.06,571.46,20.29,3.23,3.24,3.22,3.27,-9.5,-10.31,0.0,0.0,-10000.0,0.0,180.0,None,0.0,319.0
2025-11-08T01:48:31.718797,15.278,20.06,571.46,20.29,3.23,3.24,3.22,3.27,-9.5,-10.31,0.0,0.0,-10000.0,0.0,180.0,None,0.0,319.0
2025-11-08T01:48:31.719713,15.279,20.06,571.46,20.29,3.23,3.24,3.22,3.27,-9.5,-10.31,0.0,0.0,-10000.0,0.0,180.0,None,0.0,319.0
2025-11-08T01:48:31.721037,15.280,20.03,571.46,20.25,3.24,3.23,3.24,3.26,-9.5,-10.31,0.0,0.0,-10000.0,0.0,180.0,None,0.0,319.0
2025-11-08T01:48:31.721654,15.281,20.03,571.46,20.25,3.24,3.23,3.24,3.26,-9.5,-10.31,0.0,0.0,-10000.0,0.0,180.0,None,0.0,319.0
2025-11-08T01:48:31.722225,15.281,20.03,571.46,20.25,3.24,3.23,3.24,3.26,-9.5,-10.31,0.0,0.0,-10000.0,0.0,180.0,None,0.0,319.0
2025-11-08T01:48:31.727366,15.286,20.03,571.46,20.25,3.24,3.23,3.24,3.26,-9.5,-10.31,0.0,0.0,-10000.0,0.0,180.0,None,0.0,319.0
2025-11-08T01:48:32.408327,15.967,20.03,571.46,20.25,3.24,3.23,3.24,3.26,-9.5,-10.31,0.0,0.0,-10000.0,0.0,180.0,None,0.0,319.0
2025-11-08T01:48:32.409794,15.969,20.03,577.97,20.27,3.25,3.23,3.23,3.26,-9.5,-10.31,0.0,0.0,-10000.0,0.0,180.0,None,0.0,319.0
2025-11-08T01:48:32.411839,15.971,20.03,577.97,20.27,3.25,3.23,3.23,3.26,-9.5,-10.31,0.0,0.0,-10000.0,0.0,180.0,None,0.0,319.0
2025-11-08T01:48:32.412752,15.972,20.03,577.97,20.27,3.25,3.23,3.23,3.26,-9.5,-10.31,0.0,0.0,-10000.0,0.0,180.0,None,0.0,319.0
2025-11-08T01:48:32.413580,15.973,20.01,508.41,20.27,3.24,3.23,3.23,3.26,-9.5,-10.31,0.0,0.0,-10000.0,0.0,180.0,None,0.0,319.0
2025-11-08T01:48:32.416871,15.976,20.01,508.41,20.27,3.24,3.23,3.23,3.26,-9.5,-10.31,0.0,0.0,-10000.0,0.0,180.0,None,0.0,319.0
2025-11-08T01:48:32.417393,15.977,20.01,508.41,20.27,3.24,3.23,3.23,3.26,-9.5,-10.31,0.0,0.0,-10000.0,0.0,180.0,None,0.0,319.0
2025-11-08T01:48:32.417973,15.977,20.01,508.41,20.27,3.24,3.23,3.23,3.26,-9.5,-10.31,0.0,0.0,-10000.0,0.0,180.0,None,0.0,319.0
2025-11-08T01:48:32.419190,15.978,20.01,508.41,20.27,3.24,3.23,3.23,3.26,-9.5,-10.31,0.0,0.0,-10000.0,0.0,180.0,None,0.0,319.0
2025-11-08T01:48:32.422977,15.982,20.03,565.38,20.29,3.24,3.23,3.23,3.26,-9.5,-10.31,0.0,0.0,-10000.0,0.0,180.0,None,0.0,319.0
2025-11-08T01:48:32.425120,15.984,20.03,565.38,20.29,3.24,3.23,3.23,3.26,-9.5,-10.31,0.0,0.0,-10000.0,0.0,180.0,None,0.0,319.0
2025-11-08T01:48:32.426522,15.986,20.03,565.38,20.29,3.24,3.23,3.23,3.26,-9.5,-10.31,0.0,0.0,-10000.0,0.0,180.0,None,0.0,319.0
2025-11-08T01:48:32.427559,15.987,20.03,565.38,20.29,3.24,3.23,3.23,3.26,-9.5,-10.31,0.0,0.0,-10000.0,0.0,180.0,None,0.0,319.0
2025-11-08T01:48:32.428345,15.987,20.03,575.21,20.27,3.24,3.23,3.23,3.28,-9.5,-10.31,0.0,0.0,-10000.0,0.0,180.0,None,0.0,319.0
2025-11-08T01:48:32.429114,15.988,20.03,575.21,20.27,3.24,3.23,3.23,3.28,-9.5,-10.31,0.0,0.0,-10000.0,0.0,180.0,None,0.0,319.0
2025-11-08T01:48:32.429874,15.989,20.03,575.21,20.27,3.24,3.23,3.23,3.28,-9.5,-10.31,0.0,0.0,-10000.0,0.0,180.0,None,0.0,319.0
2025-11-08T01:48:32.430624,15.990,20.03,575.21,20.27,3.24,3.23,3.23,3.28,-9.5,-10.31,0.0,0.0,-10000.0,0.0,180.0,None,0.0,319.0
2025-11-08T01:48:32.431397,15.991,20.08,565.38,20.27,3.23,3.24,3.23,3.27,-9.5,-10.31,0.0,0.0,-10000.0,0.0,180.0,None,0.0,319.0
2025-11-08T01:48:33.067988,16.627,20.08,565.38,20.27,3.23,3.24,3.23,3.27,-9.5,-10.31,0.0,0.0,-10000.0,0.0,180.0,None,0.0,319.0
2025-11-08T01:48:33.068917,16.628,20.08,565.38,20.27,3.23,3.24,3.23,3.27,-9.5,-10.31,0.0,0.0,-10000.0,0.0,180.0,None,0.0,2.0
2025-11-08T01:48:33.069730,16.629,20.08,565.38,20.27,3.23,3.24,3.23,3.27,-9.5,-10.31,0.0,0.0,-10000.0,0.0,180.0,None,0.0,2.0
2025-11-08T01:48:33.070532,16.630,20.08,565.38,20.27,3.23,3.24,3.23,3.27,-9.5,-10.31,0.0,0.0,-10000.0,0.0,180.0,None,0.0,2.0
2025-11-08T01:48:33.071326,16.630,20.03,575.21,20.19,3.24,3.23,3.23,3.27,-9.5,-10.31,0.0,0.0,-10000.0,0.0,180.0,None,0.0,2.0
2025-11-08T01:48:33.072108,16.631,20.03,575.21,20.19,3.24,3.23,3.23,3.27,-9.5,-10.31,0.0,0.0,-10000.0,0.0,180.0,None,0.0,2.0
2025-11-08T01:48:33.072880,16.632,20.03,575.21,20.19,3.24,3.23,3.23,3.27,-9.5,-10.31,0.0,0.0,-10000.0,0.0,180.0,None,0.0,2.0
2025-11-08T01:48:33.073772,16.633,20.03,575.21,20.19,3.24,3.23,3.23,3.27,-9.5,-10.31,0.0,0.0,-10000.0,0.0,180.0,None,0.0,2.0
2025-11-08T01:48:33.074558,16.634,20.08,508.41,20.27,3.23,3.24,3.23,3.27,-9.5,-10.31,0.0,0.0,-10000.0,0.0,180.0,None,0.0,2.0
2025-11-08T01:48:33.075248,16.634,20.08,508.41,20.27,3.23,3.24,3.23,3.27,-9.5,-10.31,0.0,0.0,-10000.0,0.0,180.0,None,0.0,338.0
2025-11-08T01:48:33.076177,16.635,20.08,508.41,20.27,3.23,3.24,3.23,3.27,-9.5,-10.31,0.0,0.0,-10000.0,0.0,180.0,None,0.0,338.0
2025-11-08T01:48:33.077087,16.636,20.08,508.41,20.27,3.23,3.24,3.23,3.27,-9.5,-10.31,0.0,0.0,-10000.0,0.0,180.0,None,0.0,338.0
2025-11-08T01:48:33.078025,16.637,20.03,575.21,20.25,3.25,3.23,3.23,3.26,-9.5,-10.31,0.0,0.0,-10000.0,0.0,180.0,None,0.0,338.0
2025-11-08T01:48:33.079106,16.638,20.03,575.21,20.25,3.25,3.23,3.23,3.26,-9.5,-10.31,0.0,0.0,-10000.0,0.0,180.0,None,0.0,338.0
2025-11-08T01:48:33.081018,16.640,20.03,575.21,20.25,3.25,3.23,3.23,3.26,-9.5,-10.31,0.0,0.0,-10000.0,0.0,180.0,None,0.0,338.0
2025-11-08T01:48:33.082649,16.642,20.03,575.21,20.25,3.25,3.23,3.23,3.26,-9.5,-10.31,0.0,0.0,-10000.0,0.0,180.0,None,0.0,2.0
2025-11-08T01:48:33.812931,17.372,20.03,575.21,20.25,3.25,3.23,3.23,3.26,-9.5,-10.31,0.0,0.0,-10000.0,0.0,180.0,None,0.0,2.0
2025-11-08T01:48:33.814318,17.373,20.06,577.97,20.29,3.23,3.24,3.23,3.26,-9.5,-10.31,0.0,0.0,-10000.0,0.0,180.0,None,0.0,2.0
2025-11-08T01:48:33.815148,17.374,20.06,577.97,20.29,3.23,3.24,3.23,3.26,-9.5,-10.31,0.0,0.0,-10000.0,0.0,180.0,None,0.0,2.0
2025-11-08T01:48:33.815932,17.375,20.06,577.97,20.29,3.23,3.24,3.23,3.26,-9.5,-10.31,0.0,0.0,-10000.0,0.0,180.0,None,0.0,2.0
2025-11-08T01:48:33.816706,17.376,20.03,588.32,20.4,3.25,3.23,3.23,3.26,-9.5,-10.31,0.0,0.0,-10000.0,0.0,180.0,None,0.0,2.0
2025-11-08T01:48:33.817476,17.377,20.03,588.32,20.4,3.25,3.23,3.23,3.26,-9.5,-10.31,0.0,0.0,-10000.0,0.0,180.0,None,0.0,2.0
2025-11-08T01:48:33.818416,17.378,20.03,588.32,20.4,3.25,3.23,3.23,3.26,-9.5,-10.31,0.0,0.0,-10000.0,0.0,180.0,None,0.0,319.0
2025-11-08T01:48:33.818937,17.378,20.03,588.32,20.4,3.25,3.23,3.23,3.26,-9.5,-10.31,0.0,0.0,-10000.0,0.0,180.0,None,0.0,319.0
2025-11-08T01:48:33.819700,17.379,20.03,588.32,20.4,3.25,3.23,3.23,3.26,-9.5,-10.31,0.0,0.0,-10000.0,0.0,180.0,None,0.0,319.0
2025-11-08T01:48:33.820397,17.380,20.03,565.38,20.21,3.25,3.22,3.23,3.26,-9.5,-10.31,0.0,0.0,-10000.0,0.0,180.0,None,0.0,319.0
2025-11-08T01:48:33.821036,17.380,20.03,565.38,20.21,3.25,3.22,3.23,3.26,-9.5,-10.31,0.0,0.0,-10000.0,0.0,180.0,None,0.0,319.0
2025-11-08T01:48:33.821669,17.381,20.03,565.38,20.21,3.25,3.22,3.23,3.26,-9.5,-10.31,0.0,0.0,-10000.0,0.0,180.0,None,0.0,319.0
2025-11-08T01:48:33.822317,17.381,20.03,565.38,20.21,3.25,3.22,3.23,3.26,-9.5,-10.31,0.0,0.0,-10000.0,0.0,180.0,None,0.0,319.0
2025-11-08T01:48:33.822911,17.382,20.03,565.38,20.21,3.25,3.22,3.23,3.26,-9.5,-10.31,0.0,0.0,-10000.0,0.0,180.0,None,0.0,319.0
2025-11-08T01:48:33.823569,17.383,20.03,571.46,20.27,3.25,3.22,3.23,3.26,-9.5,-10.31,0.0,0.0,-10000.0,0.0,180.0,None,0.0,319.0
2025-11-08T01:48:33.824241,17.383,20.03,571.46,20.27,3.25,3.22,3.23,3.26,-9.5,-10.31,0.0,0.0,-10000.0,0.0,180.0,None,0.0,319.0
2025-11-08T01:48:33.825649,17.385,20.03,571.46,20.27,3.25,3.22,3.23,3.26,-9.5,-10.31,0.0,0.0,-10000.0,0.0,180.0,None,0.0,319.0
2025-11-08T01:48:33.827767,17.387,19.93,565.38,20.06,3.23,3.24,3.22,3.28,-9.5,-10.31,0.0,0.0,-10000.0,0.0,180.0,None,0.0,319.0
2025-11-08T01:48:33.828626,17.388,19.93,565.38,20.06,3.23,3.24,3.22,3.28,-9.5,-10.31,0.0,0.0,-10000.0,0.0,180.0,None,0.0,319.0
2025-11-08T01:48:33.829887,17.389,19.93,565.38,20.06,3.23,3.24,3.22,3.28,-9.5,-10.31,0.0,0.0,-10000.0,0.0,180.0,None,0.0,319.0
2025-11-08T01:48:33.831221,17.390,19.93,565.38,20.06,3.23,3.24,3.22,3.28,-9.5,-10.31,0.0,0.0,-10000.0,0.0,180.0,None,0.0,139.0
2025-11-08T01:48:34.681423,18.241,19.93,565.38,20.06,3.23,3.24,3.22,3.28,-9.5,-10.31,0.0,0.0,-10000.0,0.0,180.0,None,0.0,139.0
2025-11-08T01:48:34.682308,18.241,20.03,565.38,20.21,3.23,3.25,3.23,3.27,-9.5,-10.31,0.0,0.0,-10000.0,0.0,180.0,None,0.0,139.0
2025-11-08T01:48:34.690551,18.250,20.03,565.38,20.21,3.23,3.25,3.23,3.27,-9.5,-10.31,0.0,0.0,-10000.0,0.0,180.0,None,0.0,139.0
2025-11-08T01:48:34.691176,18.250,20.03,565.38,20.21,3.23,3.25,3.23,3.27,-9.5,-10.31,0.0,0.0,-10000.0,0.0,180.0,None,0.0,139.0
2025-11-08T01:48:34.691753,18.251,20.03,565.38,20.21,3.23,3.25,3.23,3.27,-9.5,-10.31,0.0,0.0,-10000.0,0.0,180.0,None,0.0,139.0
2025-11-08T01:48:34.692360,18.251,20.03,577.97,20.25,3.23,3.23,3.23,3.26,-9.5,-10.31,0.0,0.0,-10000.0,0.0,180.0,None,0.0,139.0
2025-11-08T01:48:34.698427,18.258,20.03,577.97,20.25,3.23,3.23,3.23,3.26,-9.5,-10.31,0.0,0.0,-10000.0,0.0,180.0,None,0.0,47.0
2025-11-08T01:48:34.699128,18.258,20.03,577.97,20.25,3.23,3.23,3.23,3.26,-9.5,-10.31,0.0,0.0,-10000.0,0.0,180.0,None,0.0,47.0
2025-11-08T01:48:34.700695,18.260,20.03,577.97,20.25,3.23,3.23,3.23,3.26,-9.5,-10.31,0.0,0.0,-10000.0,0.0,180.0,None,0.0,47.0
2025-11-08T01:48:34.701586,18.261,20.06,565.38,20.25,3.24,3.23,3.22,3.27,-9.5,-10.31,0.0,0.0,-10000.0,0.0,180.0,None,0.0,47.0
2025-11-08T01:48:34.702437,18.262,20.06,565.38,20.25,3.24,3.23,3.22,3.27,-9.5,-10.31,0.0,0.0,-10000.0,0.0,180.0,None,0.0,47.0
2025-11-08T01:48:34.703610,18.263,20.06,565.38,20.25,3.24,3.23,3.22,3.27,-9.5,-10.31,0.0,0.0,-10000.0,0.0,180.0,None,0.0,47.0
2025-11-08T01:48:34.704455,18.264,20.06,565.38,20.25,3.24,3.23,3.22,3.27,-9.5,-10.31,0.0,0.0,-10000.0,0.0,180.0,None,0.0,47.0
2025-11-08T01:48:34.706452,18.266,20.06,565.38,20.25,3.24,3.23,3.22,3.27,-9.5,-10.31,0.0,0.0,-10000.0,0.0,180.0,None,0.0,2.0
2025-11-08T01:48:34.707117,18.266,20.03,565.38,20.29,3.23,3.23,3.23,3.26,-9.5,-10.31,0.0,0.0,-10000.0,0.0,180.0,None,0.0,2.0
2025-11-08T01:48:34.709578,18.269,20.03,565.38,20.29,3.23,3.23,3.23,3.26,-9.5,-10.31,0.0,0.0,-10000.0,0.0,180.0,None,0.0,2.0
2025-11-08T01:48:34.711109,18.270,20.03,565.38,20.29,3.23,3.23,3.23,3.26,-9.5,-10.31,0.0,0.0,-10000.0,0.0,180.0,None,0.0,2.0
2025-11-08T01:48:34.712149,18.271,20.03,565.38,20.29,3.23,3.23,3.23,3.26,-9.5,-10.31,0.0,0.0,-10000.0,0.0,180.0,None,0.0,2.0
2025-11-08T01:48:34.712992,18.272,19.97,508.41,20.25,3.23,3.23,3.24,3.27,-9.5,-10.31,0.0,0.0,-10000.0,0.0,180.0,None,0.0,2.0
2025-11-08T01:48:34.713883,18.273,19.97,508.41,20.25,3.23,3.23,3.24,3.27,-9.5,-10.31,0.0,0.0,-10000.0,0.0,180.0,None,0.0,2.0
2025-11-08T01:48:34.714648,18.274,19.97,508.41,20.25,3.23,3.23,3.24,3.27,-9.5,-10.31,0.0,0.0,-10000.0,0.0,180.0,None,0.0,47.0
2025-11-08T01:48:35.448914,19.008,19.97,508.41,20.25,3.23,3.23,3.24,3.27,-9.5,-10.31,0.0,0.0,-10000.0,0.0,180.0,None,0.0,47.0
2025-11-08T01:48:35.450292,19.009,20.06,508.41,20.29,3.24,3.23,3.23,3.27,-9.5,-10.31,0.0,0.0,-10000.0,0.0,180.0,None,0.0,47.0
2025-11-08T01:48:35.451115,19.010,20.06,508.41,20.29,3.24,3.23,3.23,3.27,-9.5,-10.31,0.0,0.0,-10000.0,0.0,180.0,None,0.0,47.0
2025-11-08T01:48:35.451863,19.011,20.06,508.41,20.29,3.24,3.23,3.23,3.27,-9.5,-10.31,0.0,0.0,-10000.0,0.0,180.0,None,0.0,47.0
2025-11-08T01:48:35.452592,19.012,20.06,508.41,20.29,3.24,3.23,3.23,3.27,-9.5,-10.31,0.0,0.0,-10000.0,0.0,180.0,None,0.0,47.0
2025-11-08T01:48:35.453098,19.012,19.95,508.41,20.25,3.25,3.23,3.21,3.28,-9.5,-10.31,0.0,0.0,-10000.0,0.0,180.0,None,0.0,47.0
2025-11-08T01:48:35.453895,19.013,19.95,508.41,20.25,3.25,3.23,3.21,3.28,-9.5,-10.31,0.0,0.0,-10000.0,0.0,180.0,None,0.0,181.0
2025-11-08T01:48:35.454598,19.014,19.95,508.41,20.25,3.25,3.23,3.21,3.28,-9.5,-10.31,0.0,0.0,-10000.0,0.0,180.0,None,0.0,181.0
2025-11-08T01:48:35.455325,19.014,19.95,508.41,20.25,3.25,3.23,3.21,3.28,-9.5,-10.31,0.0,0.0,-10000.0,0.0,180.0,None,0.0,181.0
2025-11-08T01:48:35.456053,19.015,19.95,508.41,20.25,3.25,3.23,3.21,3.28,-9.5,-10.31,0.0,0.0,-10000.0,0.0,180.0,None,0.0,181.0
2025-11-08T01:48:35.456810,19.016,20.06,565.38,20.27,3.24,3.23,3.23,3.27,-9.5,-10.31,0.0,0.0,-10000.0,0.0,180.0,None,0.0,181.0
2025-11-08T01:48:35.457612,19.017,20.06,565.38,20.27,3.24,3.23,3.23,3.27,-9.5,-10.31,0.0,0.0,-10000.0,0.0,180.0,None,0.0,181.0
2025-11-08T01:48:35.459370,19.019,20.06,565.38,20.27,3.24,3.23,3.23,3.27,-9.5,-10.31,0.0,0.0,-10000.0,0.0,180.0,None,0.0,181.0
2025-11-08T01:48:35.460645,19.020,20.06,565.38,20.27,3.24,3.23,3.23,3.27,-9.5,-10.31,0.0,0.0,-10000.0,0.0,180.0,None,0.0,181.0
2025-11-08T01:48:35.461605,19.021,20.03,565.38,20.23,3.24,3.23,3.23,3.27,-9.5,-10.31,0.0,0.0,-10000.0,0.0,180.0,None,0.0,181.0
2025-11-08T01:48:35.462418,19.022,20.03,565.38,20.23,3.24,3.23,3.23,3.27,-9.5,-10.31,0.0,0.0,-10000.0,0.0,180.0,None,0.0,181.0
2025-11-08T01:48:35.463181,19.022,20.03,565.38,20.23,3.24,3.23,3.23,3.27,-9.5,-10.31,0.0,0.0,-10000.0,0.0,180.0,None,0.0,181.0
2025-11-08T01:48:35.465903,19.025,20.03,565.38,20.23,3.24,3.23,3.23,3.27,-9.5,-10.31,0.0,0.0,-10000.0,0.0,180.0,None,0.0,181.0
2025-11-08T01:48:36.122630,19.682,20.06,565.38,20.29,3.24,3.24,3.23,3.27,-9.5,-10.31,0.0,0.0,-10000.0,0.0,180.0,None,0.0,181.0
2025-11-08T01:48:36.123630,19.683,20.06,565.38,20.29,3.24,3.24,3.23,3.27,-9.5,-10.31,0.0,0.0,-10000.0,0.0,180.0,None,0.0,181.0
2025-11-08T01:48:36.124108,19.683,20.06,565.38,20.29,3.24,3.24,3.23,3.27,-9.5,-10.31,0.0,0.0,-10000.0,0.0,180.0,None,0.0,181.0
2025-11-08T01:48:36.124642,19.684,20.06,565.38,20.29,3.24,3.24,3.23,3.27,-9.5,-10.31,0.0,0.0,-10000.0,0.0,180.0,None,0.0,181.0
2025-11-08T01:48:36.125177,19.684,20.06,565.38,20.29,3.24,3.24,3.23,3.27,-9.5,-10.31,0.0,0.0,-10000.0,0.0,180.0,None,0.0,181.0
2025-11-08T01:48:36.126418,19.686,20.12,571.46,20.31,3.24,3.23,3.22,3.27,-9.5,-10.31,0.0,0.0,-10000.0,0.0,180.0,None,0.0,181.0
2025-11-08T01:48:36.127229,19.686,20.12,571.46,20.31,3.24,3.23,3.22,3.27,-9.5,-10.31,0.0,0.0,-10000.0,0.0,180.0,None,0.0,181.0
2025-11-08T01:48:36.128025,19.687,20.12,571.46,20.31,3.24,3.23,3.22,3.27,-9.5,-10.31,0.0,0.0,-10000.0,0.0,180.0,None,0.0,181.0
2025-11-08T01:48:36.131393,19.691,20.12,571.46,20.31,3.24,3.23,3.22,3.27,-9.5,-10.31,0.0,0.0,-10000.0,0.0,180.0,None,0.0,181.0
2025-11-08T01:48:36.132453,19.692,19.84,571.46,20.31,3.24,3.23,3.23,3.28,-9.5,-10.31,0.0,0.0,-10000.0,0.0,180.0,None,0.0,181.0
2025-11-08T01:48:36.133033,19.692,19.84,571.46,20.31,3.24,3.23,3.23,3.28,-9.5,-10.31,0.0,0.0,-10000.0,0.0,180.0,None,0.0,181.0
2025-11-08T01:48:36.133583,19.693,19.84,571.46,20.31,3.24,3.23,3.23,3.28,-9.5,-10.31,0.0,0.0,-10000.0,0.0,180.0,None,0.0,181.0
2025-11-08T01:48:36.134129,19.693,19.84,571.46,20.31,3.24,3.23,3.23,3.28,-9.5,-10.31,0.0,0.0,-10000.0,0.0,180.0,None,0.0,181.0
2025-11-08T01:48:36.140668,19.700,20.03,565.38,20.27,3.24,3.23,3.23,3.26,-9.5,-10.31,0.0,0.0,-10000.0,0.0,180.0,None,0.0,181.0
2025-11-08T01:48:36.142220,19.701,20.03,565.38,20.27,3.24,3.23,3.23,3.26,-9.5,-10.31,0.0,0.0,-10000.0,0.0,180.0,None,0.0,181.0
2025-11-08T01:48:36.143110,19.702,20.03,565.38,20.27,3.24,3.23,3.23,3.26,-9.5,-10.31,0.0,0.0,-10000.0,0.0,180.0,None,0.0,181.0
2025-11-08T01:48:36.143813,19.703,20.03,565.38,20.27,3.24,3.23,3.23,3.26,-9.5,-10.31,0.0,0.0,-10000.0,0.0,180.0,None,0.0,181.0
2025-11-08T01:48:36.144579,19.704,20.03,565.38,20.27,3.24,3.23,3.23,3.26,-9.5,-10.31,0.0,0.0,-10000.0,0.0,180.0,None,0.0,181.0
2025-11-08T01:48:36.145785,19.705,20.03,565.38,20.25,3.23,3.24,3.23,3.27,-9.5,-10.31,0.0,0.0,-10000.0,0.0,180.0,None,0.0,181.0
2025-11-08T01:48:36.918521,20.478,20.03,565.38,20.25,3.23,3.24,3.23,3.27,-9.5,-10.31,0.0,0.0,-10000.0,0.0,180.0,None,0.0,181.0
2025-11-08T01:48:36.919786,20.479,20.03,565.38,20.25,3.23,3.24,3.23,3.27,-9.5,-10.31,0.0,0.0,-10000.0,0.0,180.0,None,0.0,181.0
2025-11-08T01:48:36.920650,20.480,20.03,508.41,20.25,3.24,3.23,3.23,3.26,-9.5,-10.31,0.0,0.0,-10000.0,0.0,180.0,None,0.0,181.0
2025-11-08T01:48:36.921468,20.481,20.03,508.41,20.25,3.24,3.23,3.23,3.26,-9.5,-10.31,0.0,0.0,-10000.0,0.0,180.0,None,0.0,181.0
2025-11-08T01:48:36.922175,20.481,20.03,508.41,20.25,3.24,3.23,3.23,3.26,-9.5,-10.31,0.0,0.0,-10000.0,0.0,180.0,None,0.0,181.0
2025-11-08T01:48:36.922950,20.482,20.03,508.41,20.25,3.24,3.23,3.23,3.26,-9.5,-10.31,0.0,0.0,-10000.0,0.0,180.0,None,0.0,181.0
2025-11-08T01:48:36.923735,20.483,20.03,508.41,20.25,3.24,3.23,3.23,3.26,-9.5,-10.31,0.0,0.0,-10000.0,0.0,180.0,None,0.0,181.0
2025-11-08T01:48:36.924545,20.484,20.06,575.21,20.27,3.25,3.23,3.23,3.27,-9.5,-10.31,0.0,0.0,-10000.0,0.0,180.0,None,0.0,181.0
2025-11-08T01:48:36.925340,20.484,20.06,575.21,20.27,3.25,3.23,3.23,3.27,-9.5,-10.31,0.0,0.0,-10000.0,0.0,180.0,None,0.0,181.0
2025-11-08T01:48:36.926128,20.485,20.06,575.21,20.27,3.25,3.23,3.23,3.27,-9.5,-10.31,0.0,0.0,-10000.0,0.0,180.0,None,0.0,181.0
2025-11-08T01:48:36.926841,20.486,20.06,575.21,20.27,3.25,3.23,3.23,3.27,-9.5,-10.31,0.0,0.0,-10000.0,0.0,180.0,None,0.0,181.0
2025-11-08T01:48:36.927616,20.487,20.06,575.21,20.27,3.25,3.23,3.23,3.27,-9.5,-10.31,0.0,0.0,-10000.0,0.0,180.0,None,0.0,181.0
2025-11-08T01:48:36.928428,20.488,20.03,565.38,20.16,3.24,3.23,3.23,3.26,-9.5,-10.31,0.0,0.0,-10000.0,0.0,180.0,None,0.0,181.0
2025-11-08T01:48:36.929223,20.488,20.03,565.38,20.16,3.24,3.23,3.23,3.26,-9.5,-10.31,0.0,0.0,-10000.0,0.0,180.0,None,0.0,181.0
2025-11-08T01:48:36.930028,20.489,20.03,565.38,20.16,3.24,3.23,3.23,3.26,-9.5,-10.31,0.0,0.0,-10000.0,0.0,180.0,None,0.0,181.0
2025-11-08T01:48:36.930846,20.490,20.03,575.21,20.27,3.24,3.23,3.23,3.26,-9.5,-10.31,0.0,0.0,-10000.0,0.0,180.0,None,0.0,181.0
2025-11-08T01:48:36.931684,20.491,20.03,575.21,20.27,3.24,3.23,3.23,3.26,-9.5,-10.31,0.0,0.0,-10000.0,0.0,180.0,None,0.0,181.0
2025-11-08T01:48:36.932408,20.492,20.03,575.21,20.27,3.24,3.23,3.23,3.26,-9.5,-10.31,0.0,0.0,-10000.0,0.0,180.0,None,0.0,228.0
2025-11-08T01:48:37.678836,21.238,20.03,575.21,20.27,3.24,3.23,3.23,3.26,-9.5,-10.31,0.0,0.0,-10000.0,0.0,180.0,None,0.0,228.0
2025-11-08T01:48:37.680137,21.239,20.03,575.21,20.27,3.24,3.23,3.23,3.26,-9.5,-10.31,0.0,0.0,-10000.0,0.0,180.0,None,0.0,228.0
2025-11-08T01:48:37.681053,21.240,20.06,565.38,20.27,3.24,3.23,3.23,3.27,-9.5,-10.31,0.0,0.0,-10000.0,0.0,180.0,None,0.0,228.0
2025-11-08T01:48:37.681912,21.241,20.06,565.38,20.27,3.24,3.23,3.23,3.27,-9.5,-10.31,0.0,0.0,-10000.0,0.0,180.0,None,0.0,228.0
2025-11-08T01:48:37.682689,21.242,20.06,565.38,20.27,3.24,3.23,3.23,3.27,-9.5,-10.31,0.0,0.0,-10000.0,0.0,180.0,None,0.0,228.0
2025-11-08T01:48:37.683460,21.243,20.06,565.38,20.27,3.24,3.23,3.23,3.27,-9.5,-10.31,0.0,0.0,-10000.0,0.0,180.0,None,0.0,228.0
2025-11-08T01:48:37.684279,21.243,20.03,575.21,20.29,3.23,3.24,3.23,3.26,-9.5,-10.31,0.0,0.0,-10000.0,0.0,180.0,None,0.0,228.0
2025-11-08T01:48:37.685210,21.244,20.03,575.21,20.29,3.23,3.24,3.23,3.26,-9.5,-10.31,0.0,0.0,-10000.0,0.0,180.0,None,0.0,319.0
2025-11-08T01:48:37.686004,21.245,20.03,575.21,20.29,3.23,3.24,3.23,3.26,-9.5,-10.31,0.0,0.0,-10000.0,0.0,180.0,None,0.0,319.0
2025-11-08T01:48:37.686760,21.246,20.03,575.21,20.29,3.23,3.24,3.23,3.26,-9.5,-10.31,0.0,0.0,-10000.0,0.0,180.0,None,0.0,319.0
2025-11-08T01:48:37.687563,21.247,20.12,565.38,20.29,3.2,3.27,3.23,3.27,-9.5,-10.31,0.0,0.0,-10000.0,0.0,180.0,None,0.0,319.0
2025-11-08T01:48:37.688419,21.248,20.12,565.38,20.29,3.2,3.27,3.23,3.27,-9.5,-10.31,0.0,0.0,-10000.0,0.0,180.0,None,0.0,319.0
2025-11-08T01:48:37.689258,21.248,20.12,565.38,20.29,3.2,3.27,3.23,3.27,-9.5,-10.31,0.0,0.0,-10000.0,0.0,180.0,None,0.0,319.0
2025-11-08T01:48:37.691881,21.251,20.12,565.38,20.29,3.2,3.27,3.23,3.27,-9.5,-10.31,0.0,0.0,-10000.0,0.0,180.0,None,0.0,319.0
2025-11-08T01:48:37.692738,21.252,20.12,565.38,20.29,3.2,3.27,3.23,3.27,-9.5,-10.31,0.0,0.0,-10000.0,0.0,180.0,None,0.0,319.0
2025-11-08T01:48:37.693342,21.252,20.03,565.38,20.25,3.24,3.23,3.23,3.26,-9.5,-10.31,0.0,0.0,-10000.0,0.0,180.0,None,0.0,319.0
2025-11-08T01:48:37.695484,21.255,20.03,565.38,20.25,3.24,3.23,3.23,3.26,-9.5,-10.31,0.0,0.0,-10000.0,0.0,180.0,None,0.0,319.0
2025-11-08T01:48:37.696294,21.255,20.03,565.38,20.25,3.24,3.23,3.23,3.26,-9.5,-10.31,0.0,0.0,-10000.0,0.0,180.0,None,0.0,319.0
2025-11-08T01:48:37.697157,21.256,20.03,565.38,20.25,3.24,3.23,3.23,3.26,-9.5,-10.31,0.0,0.0,-10000.0,0.0,180.0,None,0.0,319.0
2025-11-08T01:48:37.697991,21.257,20.01,571.46,20.27,3.24,3.23,3.22,3.27,-9.5,-10.31,0.0,0.0,-10000.0,0.0,180.0,None,0.0,319.0
2025-11-08T01:48:37.698649,21.258,20.01,571.46,20.27,3.24,3.23,3.22,3.27,-9.5,-10.31,0.0,0.0,-10000.0,0.0,180.0,None,0.0,319.0
2025-11-08T01:48:37.699401,21.259,20.01,571.46,20.27,3.24,3.23,3.22,3.27,-9.5,-10.31,0.0,0.0,-10000.0,0.0,180.0,None,0.0,319.0
2025-11-08T01:48:37.700203,21.259,20.01,571.46,20.27,3.24,3.23,3.22,3.27,-9.5,-10.31,0.0,0.0,-10000.0,0.0,180.0,None,0.0,319.0
2025-11-08T01:48:38.373480,21.933,20.03,571.46,20.29,3.25,3.22,3.23,3.26,-9.5,-10.31,0.0,0.0,-10000.0,0.0,180.0,None,0.0,319.0
2025-11-08T01:48:38.374667,21.934,20.03,571.46,20.29,3.25,3.22,3.23,3.26,-9.5,-10.31,0.0,0.0,-10000.0,0.0,180.0,None,0.0,319.0
2025-11-08T01:48:38.375512,21.935,20.03,571.46,20.29,3.25,3.22,3.23,3.26,-9.5,-10.31,0.0,0.0,-10000.0,0.0,180.0,None,0.0,319.0
2025-11-08T01:48:38.376320,21.935,20.03,571.46,20.29,3.25,3.22,3.23,3.26,-9.5,-10.31,0.0,0.0,-10000.0,0.0,180.0,None,0.0,319.0
2025-11-08T01:48:38.377056,21.936,20.03,571.46,20.29,3.25,3.22,3.23,3.26,-9.5,-10.31,0.0,0.0,-10000.0,0.0,180.0,None,0.0,319.0
2025-11-08T01:48:38.377886,21.937,20.03,575.21,20.27,3.24,3.23,3.23,3.26,-9.5,-10.31,0.0,0.0,-10000.0,0.0,180.0,None,0.0,319.0
2025-11-08T01:48:38.378660,21.938,20.03,575.21,20.27,3.24,3.23,3.23,3.26,-9.5,-10.31,0.0,0.0,-10000.0,0.0,180.0,None,0.0,319.0
2025-11-08T01:48:38.379669,21.939,20.03,575.21,20.27,3.24,3.23,3.23,3.26,-9.5,-10.31,0.0,0.0,-10000.0,0.0,180.0,None,0.0,319.0
2025-11-08T01:48:38.380656,21.940,20.03,575.21,20.27,3.24,3.23,3.23,3.26,-9.5,-10.31,0.0,0.0,-10000.0,0.0,180.0,None,0.0,319.0
2025-11-08T01:48:38.381503,21.941,20.06,575.21,20.27,3.24,3.23,3.23,3.23,-9.5,-10.31,0.0,0.0,-10000.0,0.0,180.0,None,0.0,319.0
2025-11-08T01:48:38.382315,21.941,20.06,575.21,20.27,3.24,3.23,3.23,3.23,-9.5,-10.31,0.0,0.0,-10000.0,0.0,180.0,None,0.0,319.0
2025-11-08T01:48:38.383043,21.942,20.06,575.21,20.27,3.24,3.23,3.23,3.23,-9.5,-10.31,0.0,0.0,-10000.0,0.0,180.0,None,0.0,319.0
2025-11-08T01:48:38.383814,21.943,20.06,575.21,20.27,3.24,3.23,3.23,3.23,-9.5,-10.31,0.0,0.0,-10000.0,0.0,180.0,None,0.0,319.0
2025-11-08T01:48:38.384756,21.944,19.99,571.46,20.27,3.24,3.23,3.23,3.28,-9.5,-10.31,0.0,0.0,-10000.0,0.0,180.0,None,0.0,319.0
2025-11-08T01:48:38.385533,21.945,19.99,571.46,20.27,3.24,3.23,3.23,3.28,-9.5,-10.31,0.0,0.0,-10000.0,0.0,180.0,None,0.0,319.0
2025-11-08T01:48:38.386319,21.945,19.99,571.46,20.27,3.24,3.23,3.23,3.28,-9.5,-10.31,0.0,0.0,-10000.0,0.0,180.0,None,0.0,319.0
2025-11-08T01:48:38.387118,21.946,19.99,571.46,20.27,3.24,3.23,3.23,3.28,-9.5,-10.31,0.0,0.0,-10000.0,0.0,180.0,None,0.0,319.0
2025-11-08T01:48:38.388589,21.948,20.03,565.38,20.27,3.24,3.23,3.23,3.26,-9.5,-10.31,0.0,0.0,-10000.0,0.0,180.0,None,0.0,319.0
2025-11-08T01:48:38.389112,21.948,20.03,565.38,20.27,3.24,3.23,3.23,3.26,-9.5,-10.31,0.0,0.0,-10000.0,0.0,180.0,None,0.0,319.0
2025-11-08T01:48:39.087461,22.647,20.03,565.38,20.27,3.24,3.23,3.23,3.26,-9.5,-10.31,0.0,0.0,-10000.0,0.0,180.0,None,0.0,319.0
2025-11-08T01:48:39.088691,22.648,20.03,565.38,20.27,3.24,3.23,3.23,3.26,-9.5,-10.31,0.0,0.0,-10000.0,0.0,180.0,None,0.0,319.0
2025-11-08T01:48:39.089606,22.649,20.03,565.38,20.27,3.24,3.23,3.23,3.26,-9.5,-10.31,0.0,0.0,-10000.0,0.0,180.0,None,0.0,319.0
2025-11-08T01:48:39.090477,22.650,20.03,565.38,20.25,3.24,3.23,3.23,3.2,-9.5,-10.31,0.0,0.0,-10000.0,0.0,180.0,None,0.0,319.0
2025-11-08T01:48:39.091310,22.650,20.03,565.38,20.25,3.24,3.23,3.23,3.2,-9.5,-10.31,0.0,0.0,-10000.0,0.0,180.0,None,0.0,319.0
2025-11-08T01:48:39.092149,22.651,20.03,565.38,20.25,3.24,3.23,3.23,3.2,-9.5,-10.31,0.0,0.0,-10000.0,0.0,180.0,None,0.0,319.0
2025-11-08T01:48:39.093311,22.652,20.03,565.38,20.25,3.24,3.23,3.23,3.2,-9.5,-10.31,0.0,0.0,-10000.0,0.0,180.0,None,0.0,319.0
2025-11-08T01:48:39.094130,22.653,20.03,565.38,20.25,3.24,3.23,3.23,3.2,-9.5,-10.31,0.0,0.0,-10000.0,0.0,180.0,None,0.0,319.0
2025-11-08T01:48:39.095012,22.654,20.01,565.38,20.27,3.24,3.23,3.24,3.25,-9.5,-10.31,0.0,0.0,-10000.0,0.0,180.0,None,0.0,319.0
2025-11-08T01:48:39.095889,22.655,20.01,565.38,20.27,3.24,3.23,3.24,3.25,-9.5,-10.31,0.0,0.0,-10000.0,0.0,180.0,None,0.0,319.0
2025-11-08T01:48:39.096758,22.656,20.01,565.38,20.27,3.24,3.23,3.24,3.25,-9.5,-10.31,0.0,0.0,-10000.0,0.0,180.0,None,0.0,319.0
2025-11-08T01:48:39.097808,22.657,20.03,508.41,20.25,3.24,3.24,3.22,3.27,-9.5,-10.31,0.0,0.0,-10000.0,0.0,180.0,None,0.0,319.0
2025-11-08T01:48:39.098633,22.658,20.03,508.41,20.25,3.24,3.24,3.22,3.27,-9.5,-10.31,0.0,0.0,-10000.0,0.0,180.0,None,0.0,319.0
2025-11-08T01:48:39.099415,22.659,20.03,508.41,20.25,3.24,3.24,3.22,3.27,-9.5,-10.31,0.0,0.0,-10000.0,0.0,180.0,None,0.0,319.0
2025-11-08T01:48:39.100167,22.659,20.03,508.41,20.25,3.24,3.24,3.22,3.27,-9.5,-10.31,0.0,0.0,-10000.0,0.0,180.0,None,0.0,319.0
2025-11-08T01:48:39.101564,22.661,20.03,508.41,20.25,3.24,3.24,3.22,3.27,-9.5,-10.31,0.0,0.0,-10000.0,0.0,180.0,None,0.0,319.0
2025-11-08T01:48:39.102563,22.662,20.03,580.16,20.27,3.23,3.24,3.23,3.27,-9.5,-10.31,0.0,0.0,-10000.0,0.0,180.0,None,0.0,319.0
2025-11-08T01:48:39.103417,22.663,20.03,580.16,20.27,3.23,3.24,3.23,3.27,-9.5,-10.31,0.0,0.0,-10000.0,0.0,180.0,None,0.0,319.0
2025-11-08T01:48:39.710705,23.270,20.03,580.16,20.27,3.23,3.24,3.23,3.27,-9.5,-10.31,0.0,0.0,-10000.0,0.0,180.0,None,0.0,319.0
2025-11-08T01:48:39.712026,23.271,20.03,580.16,20.27,3.23,3.24,3.23,3.27,-9.5,-10.31,0.0,0.0,-10000.0,0.0,180.0,None,0.0,319.0
2025-11-08T01:48:39.712948,23.272,20.03,565.38,20.27,3.24,3.23,3.22,3.27,-9.5,-10.31,0.0,0.0,-10000.0,0.0,180.0,None,0.0,319.0
2025-11-08T01:48:39.713839,23.273,20.03,565.38,20.27,3.24,3.23,3.22,3.27,-9.5,-10.31,0.0,0.0,-10000.0,0.0,180.0,None,0.0,319.0
2025-11-08T01:48:39.714697,23.274,20.03,565.38,20.27,3.24,3.23,3.22,3.27,-9.5,-10.31,0.0,0.0,-10000.0,0.0,180.0,None,0.0,319.0
2025-11-08T01:48:39.715549,23.275,20.03,565.38,20.27,3.24,3.23,3.22,3.27,-9.5,-10.31,0.0,0.0,-10000.0,0.0,180.0,None,0.0,319.0
2025-11-08T01:48:39.716371,23.276,20.06,565.38,20.29,3.25,3.23,3.23,3.27,-9.5,-10.31,0.0,0.0,-10000.0,0.0,180.0,None,0.0,319.0
2025-11-08T01:48:39.717276,23.276,20.06,565.38,20.29,3.25,3.23,3.23,3.27,-9.5,-10.31,0.0,0.0,-10000.0,0.0,180.0,None,0.0,319.0
2025-11-08T01:48:39.718055,23.277,20.06,565.38,20.29,3.25,3.23,3.23,3.27,-9.5,-10.31,0.0,0.0,-10000.0,0.0,180.0,None,0.0,2.0
2025-11-08T01:48:39.718846,23.278,20.06,565.38,20.29,3.25,3.23,3.23,3.27,-9.5,-10.31,0.0,0.0,-10000.0,0.0,180.0,None,0.0,2.0
2025-11-08T01:48:39.719797,23.279,20.06,565.38,20.29,3.25,3.23,3.23,3.27,-9.5,-10.31,0.0,0.0,-10000.0,0.0,180.0,None,0.0,2.0
2025-11-08T01:48:39.720598,23.280,20.01,508.41,20.25,3.24,3.23,3.23,3.29,-9.5,-10.31,0.0,0.0,-10000.0,0.0,180.0,None,0.0,2.0
2025-11-08T01:48:39.721319,23.280,20.01,508.41,20.25,3.24,3.23,3.23,3.29,-9.5,-10.31,0.0,0.0,-10000.0,0.0,180.0,None,0.0,2.0
2025-11-08T01:48:39.722093,23.281,20.01,508.41,20.25,3.24,3.23,3.23,3.29,-9.5,-10.31,0.0,0.0,-10000.0,0.0,180.0,None,0.0,2.0
2025-11-08T01:48:39.722881,23.282,20.01,508.41,20.25,3.24,3.23,3.23,3.29,-9.5,-10.31,0.0,0.0,-10000.0,0.0,180.0,None,0.0,2.0
2025-11-08T01:48:40.346052,23.905,20.01,565.38,20.27,3.23,3.24,3.27,3.22,-9.5,-10.31,0.0,0.0,-10000.0,0.0,180.0,None,0.0,2.0
2025-11-08T01:48:40.347184,23.906,20.01,565.38,20.27,3.23,3.24,3.27,3.22,-9.5,-10.31,0.0,0.0,-10000.0,0.0,180.0,None,0.0,319.0
2025-11-08T01:48:40.348027,23.907,20.01,565.38,20.27,3.23,3.24,3.27,3.22,-9.5,-10.31,0.0,0.0,-10000.0,0.0,180.0,None,0.0,319.0
2025-11-08T01:48:40.348832,23.908,20.01,565.38,20.27,3.23,3.24,3.27,3.22,-9.5,-10.31,0.0,0.0,-10000.0,0.0,180.0,None,0.0,319.0
2025-11-08T01:48:40.349659,23.909,20.03,571.46,20.27,3.24,3.24,3.23,3.27,-9.5,-10.31,0.0,0.0,-10000.0,0.0,180.0,None,0.0,319.0
2025-11-08T01:48:40.350469,23.910,20.03,571.46,20.27,3.24,3.24,3.23,3.27,-9.5,-10.31,0.0,0.0,-10000.0,0.0,180.0,None,0.0,319.0
2025-11-08T01:48:40.351275,23.910,20.03,571.46,20.27,3.24,3.24,3.23,3.27,-9.5,-10.31,0.0,0.0,-10000.0,0.0,180.0,None,0.0,319.0
2025-11-08T01:48:40.352006,23.911,20.03,571.46,20.27,3.24,3.24,3.23,3.27,-9.5,-10.31,0.0,0.0,-10000.0,0.0,180.0,None,0.0,319.0
2025-11-08T01:48:40.352759,23.912,20.03,571.46,20.27,3.24,3.24,3.23,3.27,-9.5,-10.31,0.0,0.0,-10000.0,0.0,180.0,None,0.0,319.0
2025-11-08T01:48:40.353305,23.912,19.97,565.38,20.31,3.24,3.23,3.23,3.26,-9.5,-10.31,0.0,0.0,-10000.0,0.0,180.0,None,0.0,319.0
2025-11-08T01:48:40.353860,23.913,19.97,565.38,20.31,3.24,3.23,3.23,3.26,-9.5,-10.31,0.0,0.0,-10000.0,0.0,180.0,None,0.0,319.0
2025-11-08T01:48:40.354534,23.914,19.97,565.38,20.31,3.24,3.23,3.23,3.26,-9.5,-10.31,0.0,0.0,-10000.0,0.0,180.0,None,0.0,319.0
2025-11-08T01:48:40.355469,23.915,19.97,565.38,20.31,3.24,3.23,3.23,3.26,-9.5,-10.31,0.0,0.0,-10000.0,0.0,180.0,None,0.0,319.0
2025-11-08T01:48:40.356307,23.915,20.03,565.38,20.25,3.24,3.23,3.23,3.27,-9.5,-10.31,0.0,0.0,-10000.0,0.0,180.0,None,0.0,319.0
2025-11-08T01:48:40.357400,23.917,20.03,565.38,20.25,3.24,3.23,3.23,3.27,-9.5,-10.31,0.0,0.0,-10000.0,0.0,180.0,None,0.0,139.0
2025-11-08T01:48:40.360003,23.919,20.03,565.38,20.25,3.24,3.23,3.23,3.27,-9.5,-10.31,0.0,0.0,-10000.0,0.0,180.0,None,0.0,139.0
2025-11-08T01:48:40.363540,23.923,20.03,565.38,20.25,3.24,3.23,3.23,3.27,-9.5,-10.31,0.0,0.0,-10000.0,0.0,180.0,None,0.0,139.0
2025-11-08T01:48:40.364684,23.924,20.03,565.38,20.25,3.23,3.24,3.23,3.25,-9.5,-10.31,0.0,0.0,-10000.0,0.0,180.0,None,0.0,139.0
2025-11-08T01:48:40.365572,23.925,20.03,565.38,20.25,3.23,3.24,3.23,3.25,-9.5,-10.31,0.0,0.0,-10000.0,0.0,180.0,None,0.0,139.0
2025-11-08T01:48:40.971996,24.531,20.03,565.38,20.25,3.23,3.24,3.23,3.25,-9.5,-10.31,0.0,0.0,-10000.0,0.0,180.0,None,0.0,139.0
2025-11-08T01:48:40.973258,24.532,20.03,565.38,20.25,3.23,3.24,3.23,3.25,-9.5,-10.31,0.0,0.0,-10000.0,0.0,180.0,None,0.0,139.0
2025-11-08T01:48:40.974081,24.533,20.03,565.38,20.25,3.23,3.24,3.23,3.25,-9.5,-10.31,0.0,0.0,-10000.0,0.0,180.0,None,0.0,181.0
2025-11-08T01:48:40.974950,24.534,20.03,508.41,20.25,3.23,3.23,3.23,3.27,-9.5,-10.31,0.0,0.0,-10000.0,0.0,180.0,None,0.0,181.0
2025-11-08T01:48:40.975820,24.535,20.03,508.41,20.25,3.23,3.23,3.23,3.27,-9.5,-10.31,0.0,0.0,-10000.0,0.0,180.0,None,0.0,181.0
2025-11-08T01:48:40.976669,24.536,20.03,508.41,20.25,3.23,3.23,3.23,3.27,-9.5,-10.31,0.0,0.0,-10000.0,0.0,180.0,None,0.0,181.0
2025-11-08T01:48:40.977423,24.537,20.03,508.41,20.25,3.23,3.23,3.23,3.27,-9.5,-10.31,0.0,0.0,-10000.0,0.0,180.0,None,0.0,181.0
2025-11-08T01:48:40.978225,24.537,20.01,565.38,20.25,3.24,3.23,3.23,3.26,-9.5,-10.31,0.0,0.0,-10000.0,0.0,180.0,None,0.0,181.0
2025-11-08T01:48:40.979061,24.538,20.01,565.38,20.25,3.24,3.23,3.23,3.26,-9.5,-10.31,0.0,0.0,-10000.0,0.0,180.0,None,0.0,181.0
2025-11-08T01:48:40.979774,24.539,20.01,565.38,20.25,3.24,3.23,3.23,3.26,-9.5,-10.31,0.0,0.0,-10000.0,0.0,180.0,None,0.0,181.0
2025-11-08T01:48:40.980639,24.540,20.01,565.38,20.25,3.24,3.23,3.23,3.26,-9.5,-10.31,0.0,0.0,-10000.0,0.0,180.0,None,0.0,181.0
2025-11-08T01:48:40.981503,24.541,20.03,577.97,20.27,3.24,3.23,3.23,3.27,-9.5,-10.31,0.0,0.0,-10000.0,0.0,180.0,None,0.0,181.0
2025-11-08T01:48:40.982370,24.541,20.03,577.97,20.27,3.24,3.23,3.23,3.27,-9.5,-10.31,0.0,0.0,-10000.0,0.0,180.0,None,0.0,181.0
2025-11-08T01:48:40.983781,24.543,20.03,577.97,20.27,3.24,3.23,3.23,3.27,-9.5,-10.31,0.0,0.0,-10000.0,0.0,180.0,None,0.0,181.0
2025-11-08T01:48:40.985834,24.545,20.03,577.97,20.27,3.24,3.23,3.23,3.27,-9.5,-10.31,0.0,0.0,-10000.0,0.0,180.0,None,0.0,181.0
2025-11-08T01:48:41.607427,25.167,19.99,565.38,20.27,3.23,3.25,3.23,3.26,-9.5,-10.31,0.0,0.0,-10000.0,0.0,180.0,None,0.0,181.0
2025-11-08T01:48:41.608782,25.168,19.99,565.38,20.27,3.23,3.25,3.23,3.26,-9.5,-10.31,0.0,0.0,-10000.0,0.0,180.0,None,0.0,181.0
2025-11-08T01:48:41.609883,25.169,19.99,565.38,20.27,3.23,3.25,3.23,3.26,-9.5,-10.31,0.0,0.0,-10000.0,0.0,180.0,None,0.0,181.0
2025-11-08T01:48:41.610949,25.170,19.99,565.38,20.27,3.23,3.25,3.23,3.26,-9.5,-10.31,0.0,0.0,-10000.0,0.0,180.0,None,0.0,181.0
2025-11-08T01:48:41.612793,25.172,19.99,565.38,20.27,3.23,3.25,3.23,3.26,-9.5,-10.31,0.0,0.0,-10000.0,0.0,180.0,None,0.0,181.0
2025-11-08T01:48:41.614011,25.173,20.06,508.41,20.27,3.24,3.24,3.22,3.27,-9.5,-10.31,0.0,0.0,-10000.0,0.0,180.0,None,0.0,181.0
2025-11-08T01:48:41.615073,25.174,20.06,508.41,20.27,3.24,3.24,3.22,3.27,-9.5,-10.31,0.0,0.0,-10000.0,0.0,180.0,None,0.0,181.0
2025-11-08T01:48:41.616034,25.175,20.06,508.41,20.27,3.24,3.24,3.22,3.27,-9.5,-10.31,0.0,0.0,-10000.0,0.0,180.0,None,0.0,47.0
2025-11-08T01:48:41.617630,25.177,20.06,508.41,20.27,3.24,3.24,3.22,3.27,-9.5,-10.31,0.0,0.0,-10000.0,0.0,180.0,None,0.0,47.0
2025-11-08T01:48:41.618772,25.178,20.03,508.41,20.27,3.23,3.24,3.23,3.26,-9.5,-10.31,0.0,0.0,-10000.0,0.0,180.0,None,0.0,47.0
2025-11-08T01:48:41.619816,25.179,20.03,508.41,20.27,3.23,3.24,3.23,3.26,-9.5,-10.31,0.0,0.0,-10000.0,0.0,180.0,None,0.0,47.0
2025-11-08T01:48:41.620854,25.180,20.03,508.41,20.27,3.23,3.24,3.23,3.26,-9.5,-10.31,0.0,0.0,-10000.0,0.0,180.0,None,0.0,47.0
2025-11-08T01:48:41.622245,25.181,20.03,508.41,20.27,3.23,3.24,3.23,3.26,-9.5,-10.31,0.0,0.0,-10000.0,0.0,180.0,None,0.0,47.0
2025-11-08T01:48:41.623485,25.183,20.01,508.41,20.31,3.23,3.24,3.23,3.27,-9.5,-10.31,0.0,0.0,-10000.0,0.0,180.0,None,0.0,47.0
2025-11-08T01:48:41.624554,25.184,20.01,508.41,20.31,3.23,3.24,3.23,3.27,-9.5,-10.31,0.0,0.0,-10000.0,0.0,180.0,None,0.0,47.0
2025-11-08T01:48:41.625549,25.185,20.01,508.41,20.31,3.23,3.24,3.23,3.27,-9.5,-10.31,0.0,0.0,-10000.0,0.0,180.0,None,0.0,2.0
2025-11-08T01:48:42.398979,25.958,20.01,508.41,20.31,3.23,3.24,3.23,3.27,-9.5,-10.31,0.0,0.0,-10000.0,0.0,180.0,None,0.0,2.0
2025-11-08T01:48:42.400551,25.960,20.01,508.41,20.31,3.23,3.24,3.23,3.27,-9.5,-10.31,0.0,0.0,-10000.0,0.0,180.0,None,0.0,2.0
2025-11-08T01:48:42.401924,25.961,20.06,565.38,20.25,3.23,3.24,3.22,3.27,-9.5,-10.31,0.0,0.0,-10000.0,0.0,180.0,None,0.0,2.0
2025-11-08T01:48:42.403091,25.962,20.06,565.38,20.25,3.23,3.24,3.22,3.27,-9.5,-10.31,0.0,0.0,-10000.0,0.0,180.0,None,0.0,2.0
2025-11-08T01:48:42.404738,25.964,20.06,565.38,20.25,3.23,3.24,3.22,3.27,-9.5,-10.31,0.0,0.0,-10000.0,0.0,180.0,None,0.0,2.0
2025-11-08T01:48:42.405811,25.965,20.06,565.38,20.25,3.23,3.24,3.22,3.27,-9.5,-10.31,0.0,0.0,-10000.0,0.0,180.0,None,0.0,2.0
2025-11-08T01:48:42.407077,25.966,20.03,508.41,20.29,3.24,3.23,3.23,3.25,-9.5,-10.31,0.0,0.0,-10000.0,0.0,180.0,None,0.0,2.0
2025-11-08T01:48:42.408419,25.968,20.03,508.41,20.29,3.24,3.23,3.23,3.25,-9.5,-10.31,0.0,0.0,-10000.0,0.0,180.0,None,0.0,2.0
2025-11-08T01:48:42.410125,25.969,20.03,508.41,20.29,3.24,3.23,3.23,3.25,-9.5,-10.31,0.0,0.0,-10000.0,0.0,180.0,None,0.0,2.0
2025-11-08T01:48:42.411228,25.970,20.03,508.41,20.29,3.24,3.23,3.23,3.25,-9.5,-10.31,0.0,0.0,-10000.0,0.0,180.0,None,0.0,2.0
2025-11-08T01:48:42.412110,25.971,20.01,565.38,20.34,3.24,3.23,3.23,3.27,-9.5,-10.31,0.0,0.0,-10000.0,0.0,180.0,None,0.0,2.0
2025-11-08T01:48:42.412966,25.972,20.01,565.38,20.34,3.24,3.23,3.23,3.27,-9.5,-10.31,0.0,0.0,-10000.0,0.0,180.0,None,0.0,2.0
2025-11-08T01:48:42.413634,25.973,20.01,565.38,20.34,3.24,3.23,3.23,3.27,-9.5,-10.31,0.0,0.0,-10000.0,0.0,180.0,None,0.0,319.0
2025-11-08T01:48:42.414653,25.974,20.01,565.38,20.34,3.24,3.23,3.23,3.27,-9.5,-10.31,0.0,0.0,-10000.0,0.0,180.0,None,0.0,319.0
2025-11-08T01:48:42.416869,25.976,20.03,571.46,20.23,3.23,3.29,3.19,3.25,-9.5,-10.31,0.0,0.0,-10000.0,0.0,180.0,None,0.0,319.0
2025-11-08T01:48:42.417990,25.977,20.03,571.46,20.23,3.23,3.29,3.19,3.25,-9.5,-10.31,0.0,0.0,-10000.0,0.0,180.0,None,0.0,319.0
2025-11-08T01:48:42.419414,25.979,20.03,571.46,20.23,3.23,3.29,3.19,3.25,-9.5,-10.31,0.0,0.0,-10000.0,0.0,180.0,None,0.0,319.0
2025-11-08T01:48:42.422993,25.982,20.03,571.46,20.23,3.23,3.29,3.19,3.25,-9.5,-10.31,0.0,0.0,-10000.0,0.0,180.0,None,0.0,319.0
2025-11-08T01:48:42.425215,25.984,20.12,565.38,20.27,3.23,3.25,3.23,3.24,-9.5,-10.31,0.0,0.0,-10000.0,0.0,180.0,None,0.0,319.0
2025-11-08T01:48:42.427833,25.987,20.12,565.38,20.27,3.23,3.25,3.23,3.24,-9.5,-10.31,0.0,0.0,-10000.0,0.0,180.0,None,0.0,319.0
2025-11-08T01:48:42.429341,25.988,20.12,565.38,20.27,3.23,3.25,3.23,3.24,-9.5,-10.31,0.0,0.0,-10000.0,0.0,180.0,None,0.0,2.0
2025-11-08T01:48:43.058864,26.618,20.12,565.38,20.27,3.23,3.25,3.23,3.24,-9.5,-10.31,0.0,0.0,-10000.0,0.0,180.0,None,0.0,2.0
2025-11-08T01:48:43.060382,26.620,20.12,565.38,20.27,3.23,3.25,3.23,3.24,-9.5,-10.31,0.0,0.0,-10000.0,0.0,180.0,None,0.0,2.0
2025-11-08T01:48:43.061699,26.621,20.06,508.41,20.27,3.24,3.23,3.23,3.26,-9.5,-10.31,0.0,0.0,-10000.0,0.0,180.0,None,0.0,2.0
2025-11-08T01:48:43.063136,26.622,20.06,508.41,20.27,3.24,3.23,3.23,3.26,-9.5,-10.31,0.0,0.0,-10000.0,0.0,180.0,None,0.0,2.0
2025-11-08T01:48:43.064346,26.623,20.06,508.41,20.27,3.24,3.23,3.23,3.26,-9.5,-10.31,0.0,0.0,-10000.0,0.0,180.0,None,0.0,2.0
2025-11-08T01:48:43.065289,26.624,20.06,508.41,20.27,3.24,3.23,3.23,3.26,-9.5,-10.31,0.0,0.0,-10000.0,0.0,180.0,None,0.0,2.0
2025-11-08T01:48:43.066290,26.625,20.06,508.41,20.27,3.24,3.23,3.23,3.26,-9.5,-10.31,0.0,0.0,-10000.0,0.0,180.0,None,0.0,2.0
2025-11-08T01:48:43.067292,26.626,20.03,565.38,20.25,3.24,3.23,3.23,3.27,-9.5,-10.31,0.0,0.0,-10000.0,0.0,180.0,None,0.0,2.0
2025-11-08T01:48:43.069309,26.628,20.03,565.38,20.25,3.24,3.23,3.23,3.27,-9.5,-10.31,0.0,0.0,-10000.0,0.0,180.0,None,0.0,2.0
2025-11-08T01:48:43.070402,26.630,20.03,565.38,20.25,3.24,3.23,3.23,3.27,-9.5,-10.31,0.0,0.0,-10000.0,0.0,180.0,None,0.0,2.0
2025-11-08T01:48:43.071432,26.631,20.03,575.21,20.29,3.23,3.24,3.23,3.27,-9.5,-10.31,0.0,0.0,-10000.0,0.0,180.0,None,0.0,2.0
2025-11-08T01:48:43.072369,26.631,20.03,575.21,20.29,3.23,3.24,3.23,3.27,-9.5,-10.31,0.0,0.0,-10000.0,0.0,180.0,None,0.0,2.0
2025-11-08T01:48:43.073345,26.632,20.03,575.21,20.29,3.23,3.24,3.23,3.27,-9.5,-10.31,0.0,0.0,-10000.0,0.0,180.0,None,0.0,2.0
2025-11-08T01:48:43.075189,26.634,20.03,575.21,20.29,3.23,3.24,3.23,3.27,-9.5,-10.31,0.0,0.0,-10000.0,0.0,180.0,None,0.0,2.0
2025-11-08T01:48:43.076309,26.635,20.03,575.21,20.29,3.23,3.24,3.23,3.27,-9.5,-10.31,0.0,0.0,-10000.0,0.0,180.0,None,0.0,2.0
2025-11-08T01:48:43.077392,26.637,20.03,508.41,20.25,3.23,3.25,3.22,3.26,-9.5,-10.31,0.0,0.0,-10000.0,0.0,180.0,None,0.0,2.0
2025-11-08T01:48:43.078536,26.638,20.03,508.41,20.25,3.23,3.25,3.22,3.26,-9.5,-10.31,0.0,0.0,-10000.0,0.0,180.0,None,0.0,2.0
2025-11-08T01:48:43.083078,26.642,20.03,508.41,20.25,3.23,3.25,3.22,3.26,-9.5,-10.31,0.0,0.0,-10000.0,0.0,180.0,None,0.0,2.0
2025-11-08T01:48:43.740454,27.300,20.03,565.38,20.25,3.24,3.23,3.23,3.27,-9.5,-10.31,0.0,0.0,-10000.0,0.0,180.0,None,0.0,2.0
2025-11-08T01:48:43.742062,27.301,20.03,565.38,20.25,3.24,3.23,3.23,3.27,-9.5,-10.31,0.0,0.0,-10000.0,0.0,180.0,None,0.0,2.0
2025-11-08T01:48:43.743029,27.302,20.03,565.38,20.25,3.24,3.23,3.23,3.27,-9.5,-10.31,0.0,0.0,-10000.0,0.0,180.0,None,0.0,2.0
2025-11-08T01:48:43.744007,27.303,20.03,565.38,20.25,3.24,3.23,3.23,3.27,-9.5,-10.31,0.0,0.0,-10000.0,0.0,180.0,None,0.0,2.0
2025-11-08T01:48:43.749636,27.309,20.03,565.38,20.25,3.24,3.23,3.23,3.27,-9.5,-10.31,0.0,0.0,-10000.0,0.0,180.0,None,0.0,2.0
2025-11-08T01:48:43.750895,27.310,20.03,571.46,20.29,3.23,3.27,3.2,3.27,-9.5,-10.31,0.0,0.0,-10000.0,0.0,180.0,None,0.0,2.0
2025-11-08T01:48:43.751770,27.311,20.03,571.46,20.29,3.23,3.27,3.2,3.27,-9.5,-10.31,0.0,0.0,-10000.0,0.0,180.0,None,0.0,2.0
2025-11-08T01:48:43.753136,27.312,20.03,571.46,20.29,3.23,3.27,3.2,3.27,-9.5,-10.31,0.0,0.0,-10000.0,0.0,180.0,None,0.0,2.0
2025-11-08T01:48:43.756490,27.316,20.03,571.46,20.29,3.23,3.27,3.2,3.27,-9.5,-10.31,0.0,0.0,-10000.0,0.0,180.0,None,0.0,2.0
2025-11-08T01:48:43.757577,27.317,20.03,571.46,20.29,3.23,3.27,3.2,3.27,-9.5,-10.31,0.0,0.0,-10000.0,0.0,180.0,None,0.0,2.0
2025-11-08T01:48:43.760617,27.320,20.03,571.46,20.27,3.22,3.25,3.23,3.26,-9.5,-10.31,0.0,0.0,-10000.0,0.0,180.0,None,0.0,2.0
2025-11-08T01:48:43.762697,27.322,20.03,571.46,20.27,3.22,3.25,3.23,3.26,-9.5,-10.31,0.0,0.0,-10000.0,0.0,180.0,None,0.0,2.0
2025-11-08T01:48:43.765578,27.325,20.03,571.46,20.27,3.22,3.25,3.23,3.26,-9.5,-10.31,0.0,0.0,-10000.0,0.0,180.0,None,0.0,2.0
2025-11-08T01:48:43.769416,27.329,20.03,571.46,20.27,3.22,3.25,3.23,3.26,-9.5,-10.31,0.0,0.0,-10000.0,0.0,180.0,None,0.0,2.0
2025-11-08T01:48:43.772317,27.331,20.06,565.38,20.25,3.23,3.24,3.21,3.28,-9.5,-10.31,0.0,0.0,-10000.0,0.0,180.0,None,0.0,2.0
2025-11-08T01:48:43.774191,27.333,20.06,565.38,20.25,3.23,3.24,3.21,3.28,-9.5,-10.31,0.0,0.0,-10000.0,0.0,180.0,None,0.0,2.0
2025-11-08T01:48:43.778640,27.338,20.06,565.38,20.25,3.23,3.24,3.21,3.28,-9.5,-10.31,0.0,0.0,-10000.0,0.0,180.0,None,0.0,2.0
2025-11-08T01:48:43.782173,27.341,20.06,565.38,20.25,3.23,3.24,3.21,3.28,-9.5,-10.31,0.0,0.0,-10000.0,0.0,180.0,None,0.0,2.0
2025-11-08T01:48:44.478154,28.037,20.03,565.38,20.27,3.24,3.22,3.24,3.27,-9.5,-10.31,0.0,0.0,-10000.0,0.0,180.0,None,0.0,2.0
2025-11-08T01:48:44.479686,28.039,20.03,565.38,20.27,3.24,3.22,3.24,3.27,-9.5,-10.31,0.0,0.0,-10000.0,0.0,180.0,None,0.0,2.0
2025-11-08T01:48:44.480780,28.040,20.03,565.38,20.27,3.24,3.22,3.24,3.27,-9.5,-10.31,0.0,0.0,-10000.0,0.0,180.0,None,0.0,2.0
2025-11-08T01:48:44.481838,28.041,20.03,565.38,20.27,3.24,3.22,3.24,3.27,-9.5,-10.31,0.0,0.0,-10000.0,0.0,180.0,None,0.0,2.0
2025-11-08T01:48:44.484188,28.043,20.03,565.38,20.27,3.24,3.22,3.24,3.27,-9.5,-10.31,0.0,0.0,-10000.0,0.0,180.0,None,0.0,2.0
2025-11-08T01:48:44.485252,28.044,20.03,571.46,20.25,3.24,3.23,3.23,3.25,-9.5,-10.31,0.0,0.0,-10000.0,0.0,180.0,None,0.0,2.0
2025-11-08T01:48:44.486416,28.046,20.03,571.46,20.25,3.24,3.23,3.23,3.25,-9.5,-10.31,0.0,0.0,-10000.0,0.0,180.0,None,0.0,2.0
2025-11-08T01:48:44.487502,28.047,20.03,571.46,20.25,3.24,3.23,3.23,3.25,-9.5,-10.31,0.0,0.0,-10000.0,0.0,180.0,None,0.0,2.0
2025-11-08T01:48:44.489283,28.048,20.03,565.38,20.31,3.23,3.23,3.25,3.26,-9.5,-10.31,0.0,0.0,-10000.0,0.0,180.0,None,0.0,2.0
2025-11-08T01:48:44.490489,28.050,20.03,565.38,20.31,3.23,3.23,3.25,3.26,-9.5,-10.31,0.0,0.0,-10000.0,0.0,180.0,None,0.0,2.0
2025-11-08T01:48:44.491671,28.051,20.03,565.38,20.31,3.23,3.23,3.25,3.26,-9.5,-10.31,0.0,0.0,-10000.0,0.0,180.0,None,0.0,2.0
2025-11-08T01:48:44.492649,28.052,20.03,565.38,20.31,3.23,3.23,3.25,3.26,-9.5,-10.31,0.0,0.0,-10000.0,0.0,180.0,None,0.0,228.0
2025-11-08T01:48:44.493704,28.053,20.03,565.38,20.31,3.23,3.23,3.25,3.26,-9.5,-10.31,0.0,0.0,-10000.0,0.0,180.0,None,0.0,228.0
2025-11-08T01:48:44.495292,28.054,20.03,571.46,20.29,3.24,3.23,3.23,3.27,-9.5,-10.31,0.0,0.0,-10000.0,0.0,180.0,None,0.0,228.0
2025-11-08T01:48:44.496320,28.055,20.03,571.46,20.29,3.24,3.23,3.23,3.27,-9.5,-10.31,0.0,0.0,-10000.0,0.0,180.0,None,0.0,228.0
2025-11-08T01:48:44.497731,28.057,20.03,571.46,20.29,3.24,3.23,3.23,3.27,-9.5,-10.31,0.0,0.0,-10000.0,0.0,180.0,None,0.0,228.0
2025-11-08T01:48:44.501757,28.061,20.03,571.46,20.29,3.24,3.23,3.23,3.27,-9.5,-10.31,0.0,0.0,-10000.0,0.0,180.0,None,0.0,228.0
2025-11-08T01:48:44.502873,28.062,20.03,575.21,20.29,3.23,3.24,3.23,3.27,-9.5,-10.31,0.0,0.0,-10000.0,0.0,180.0,None,0.0,228.0
2025-11-08T01:48:44.503742,28.063,20.03,575.21,20.29,3.23,3.24,3.23,3.27,-9.5,-10.31,0.0,0.0,-10000.0,0.0,180.0,None,0.0,181.0
2025-11-08T01:48:45.155418,28.715,20.03,575.21,20.29,3.23,3.24,3.23,3.27,-9.5,-10.31,0.0,0.0,-10000.0,0.0,180.0,None,0.0,181.0
2025-11-08T01:48:45.156773,28.716,20.03,575.21,20.29,3.23,3.24,3.23,3.27,-9.5,-10.31,0.0,0.0,-10000.0,0.0,180.0,None,0.0,181.0
2025-11-08T01:48:45.157672,28.717,20.03,575.21,20.29,3.23,3.24,3.23,3.27,-9.5,-10.31,0.0,0.0,-10000.0,0.0,180.0,None,0.0,181.0
2025-11-08T01:48:45.158511,28.718,20.08,508.41,20.27,3.23,3.24,3.23,3.26,-9.5,-10.31,0.0,0.0,-10000.0,0.0,180.0,None,0.0,181.0
2025-11-08T01:48:45.159409,28.719,20.08,508.41,20.27,3.23,3.24,3.23,3.26,-9.5,-10.31,0.0,0.0,-10000.0,0.0,180.0,None,0.0,181.0
2025-11-08T01:48:45.160191,28.719,20.08,508.41,20.27,3.23,3.24,3.23,3.26,-9.5,-10.31,0.0,0.0,-10000.0,0.0,180.0,None,0.0,181.0
2025-11-08T01:48:45.161241,28.720,20.08,508.41,20.27,3.23,3.24,3.23,3.26,-9.5,-10.31,0.0,0.0,-10000.0,0.0,180.0,None,0.0,181.0
2025-11-08T01:48:45.162187,28.721,20.08,508.41,20.27,3.23,3.24,3.23,3.26,-9.5,-10.31,0.0,0.0,-10000.0,0.0,180.0,None,0.0,181.0
2025-11-08T01:48:45.163609,28.723,20.14,571.46,20.27,3.24,3.23,3.22,3.27,-9.5,-10.31,0.0,0.0,-10000.0,0.0,180.0,None,0.0,181.0
2025-11-08T01:48:45.164677,28.724,20.14,571.46,20.27,3.24,3.23,3.22,3.27,-9.5,-10.31,0.0,0.0,-10000.0,0.0,180.0,None,0.0,181.0
2025-11-08T01:48:45.165665,28.725,20.14,571.46,20.27,3.24,3.23,3.22,3.27,-9.5,-10.31,0.0,0.0,-10000.0,0.0,180.0,None,0.0,181.0
2025-11-08T01:48:45.166854,28.726,20.03,565.38,20.25,3.24,3.23,3.23,3.29,-9.5,-10.31,0.0,0.0,-10000.0,0.0,180.0,None,0.0,181.0
2025-11-08T01:48:45.168107,28.727,20.03,565.38,20.25,3.24,3.23,3.23,3.29,-9.5,-10.31,0.0,0.0,-10000.0,0.0,180.0,None,0.0,181.0
2025-11-08T01:48:45.169166,28.728,20.03,565.38,20.25,3.24,3.23,3.23,3.29,-9.5,-10.31,0.0,0.0,-10000.0,0.0,180.0,None,0.0,181.0
2025-11-08T01:48:45.169939,28.729,20.03,565.38,20.25,3.24,3.23,3.23,3.29,-9.5,-10.31,0.0,0.0,-10000.0,0.0,180.0,None,0.0,181.0
2025-11-08T01:48:45.170756,28.730,20.03,565.38,20.25,3.24,3.23,3.23,3.29,-9.5,-10.31,0.0,0.0,-10000.0,0.0,180.0,None,0.0,181.0
2025-11-08T01:48:45.171866,28.731,20.03,577.97,20.25,3.24,3.23,3.23,3.26,-9.5,-10.31,0.0,0.0,-10000.0,0.0,180.0,None,0.0,181.0
2025-11-08T01:48:45.172860,28.732,20.03,577.97,20.25,3.24,3.23,3.23,3.26,-9.5,-10.31,0.0,0.0,-10000.0,0.0,180.0,None,0.0,181.0
2025-11-08T01:48:45.911736,29.471,20.03,577.97,20.25,3.24,3.23,3.23,3.26,-9.5,-10.31,0.0,0.0,-10000.0,0.0,180.0,None,0.0,181.0
2025-11-08T01:48:45.913051,29.472,20.03,577.97,20.25,3.24,3.23,3.23,3.26,-9.5,-10.31,0.0,0.0,-10000.0,0.0,180.0,None,0.0,181.0
2025-11-08T01:48:45.914200,29.473,20.03,577.97,20.25,3.24,3.23,3.23,3.26,-9.5,-10.31,0.0,0.0,-10000.0,0.0,180.0,None,0.0,181.0
2025-11-08T01:48:45.915270,29.474,20.06,575.21,20.27,3.23,3.24,3.23,3.27,-9.5,-10.31,0.0,0.0,-10000.0,0.0,180.0,None,0.0,181.0
2025-11-08T01:48:45.916928,29.476,20.06,575.21,20.27,3.23,3.24,3.23,3.27,-9.5,-10.31,0.0,0.0,-10000.0,0.0,180.0,None,0.0,181.0
2025-11-08T01:48:45.918448,29.478,20.06,575.21,20.27,3.23,3.24,3.23,3.27,-9.5,-10.31,0.0,0.0,-10000.0,0.0,180.0,None,0.0,181.0
2025-11-08T01:48:45.919715,29.479,19.99,575.21,20.27,3.23,3.24,3.22,3.28,-9.5,-10.31,0.0,0.0,-10000.0,0.0,180.0,None,0.0,181.0
2025-11-08T01:48:45.921332,29.480,19.99,575.21,20.27,3.23,3.24,3.22,3.28,-9.5,-10.31,0.0,0.0,-10000.0,0.0,180.0,None,0.0,181.0
2025-11-08T01:48:45.923059,29.482,19.99,575.21,20.27,3.23,3.24,3.22,3.28,-9.5,-10.31,0.0,0.0,-10000.0,0.0,180.0,None,0.0,228.0
2025-11-08T01:48:45.924153,29.483,19.99,575.21,20.27,3.23,3.24,3.22,3.28,-9.5,-10.31,0.0,0.0,-10000.0,0.0,180.0,None,0.0,228.0
2025-11-08T01:48:45.925211,29.484,19.99,575.21,20.27,3.23,3.24,3.22,3.28,-9.5,-10.31,0.0,0.0,-10000.0,0.0,180.0,None,0.0,228.0
2025-11-08T01:48:45.926311,29.485,20.08,508.41,20.31,3.24,3.23,3.23,3.27,-9.5,-10.31,0.0,0.0,-10000.0,0.0,180.0,None,0.0,228.0
2025-11-08T01:48:45.927436,29.487,20.08,508.41,20.31,3.24,3.23,3.23,3.27,-9.5,-10.31,0.0,0.0,-10000.0,0.0,180.0,None,0.0,228.0
2025-11-08T01:48:45.931197,29.490,20.08,508.41,20.31,3.24,3.23,3.23,3.27,-9.5,-10.31,0.0,0.0,-10000.0,0.0,180.0,None,0.0,228.0
2025-11-08T01:48:45.936205,29.495,20.08,508.41,20.31,3.24,3.23,3.23,3.27,-9.5,-10.31,0.0,0.0,-10000.0,0.0,180.0,None,0.0,228.0
2025-11-08T01:48:45.937589,29.497,20.01,565.38,20.27,3.25,3.22,3.23,3.25,-9.5,-10.31,0.0,0.0,-10000.0,0.0,180.0,None,0.0,228.0
2025-11-08T01:48:45.939034,29.498,20.01,565.38,20.27,3.25,3.22,3.23,3.25,-9.5,-10.31,0.0,0.0,-10000.0,0.0,180.0,None,0.0,228.0
2025-11-08T01:48:45.940086,29.499,20.01,565.38,20.27,3.25,3.22,3.23,3.25,-9.5,-10.31,0.0,0.0,-10000.0,0.0,180.0,None,0.0,228.0
2025-11-08T01:48:46.651677,30.211,20.01,565.38,20.27,3.25,3.22,3.23,3.25,-9.5,-10.31,0.0,0.0,-10000.0,0.0,180.0,None,0.0,228.0
2025-11-08T01:48:46.653295,30.212,20.03,571.46,20.27,3.24,3.2,3.26,3.27,-9.5,-10.31,0.0,0.0,-10000.0,0.0,180.0,None,0.0,228.0
2025-11-08T01:48:46.654484,30.214,20.03,571.46,20.27,3.24,3.2,3.26,3.27,-9.5,-10.31,0.0,0.0,-10000.0,0.0,180.0,None,0.0,228.0
2025-11-08T01:48:46.655699,30.215,20.03,571.46,20.27,3.24,3.2,3.26,3.27,-9.5,-10.31,0.0,0.0,-10000.0,0.0,180.0,None,0.0,228.0
2025-11-08T01:48:46.657592,30.217,20.03,571.46,20.27,3.24,3.2,3.26,3.27,-9.5,-10.31,0.0,0.0,-10000.0,0.0,180.0,None,0.0,228.0
2025-11-08T01:48:46.660492,30.220,20.03,571.46,20.27,3.24,3.2,3.26,3.27,-9.5,-10.31,0.0,0.0,-10000.0,0.0,180.0,None,0.0,228.0
2025-11-08T01:48:46.662800,30.222,20.03,577.97,20.27,3.24,3.23,3.23,3.26,-9.5,-10.31,0.0,0.0,-10000.0,0.0,180.0,None,0.0,228.0
2025-11-08T01:48:46.664543,30.224,20.03,577.97,20.27,3.24,3.23,3.23,3.26,-9.5,-10.31,0.0,0.0,-10000.0,0.0,180.0,None,0.0,228.0
2025-11-08T01:48:46.666517,30.226,20.03,577.97,20.27,3.24,3.23,3.23,3.26,-9.5,-10.31,0.0,0.0,-10000.0,0.0,180.0,None,0.0,228.0
2025-11-08T01:48:46.669158,30.228,20.03,577.97,20.27,3.24,3.23,3.23,3.26,-9.5,-10.31,0.0,0.0,-10000.0,0.0,180.0,None,0.0,228.0
2025-11-08T01:48:46.670806,30.230,20.03,571.46,20.29,3.24,3.23,3.23,3.26,-9.5,-10.31,0.0,0.0,-10000.0,0.0,180.0,None,0.0,228.0
2025-11-08T01:48:46.673511,30.233,20.03,571.46,20.29,3.24,3.23,3.23,3.26,-9.5,-10.31,0.0,0.0,-10000.0,0.0,180.0,None,0.0,181.0
2025-11-08T01:48:46.678784,30.238,20.03,571.46,20.29,3.24,3.23,3.23,3.26,-9.5,-10.31,0.0,0.0,-10000.0,0.0,180.0,None,0.0,181.0
2025-11-08T01:48:46.682197,30.241,20.03,571.46,20.29,3.24,3.23,3.23,3.26,-9.5,-10.31,0.0,0.0,-10000.0,0.0,180.0,None,0.0,181.0
2025-11-08T01:48:46.690230,30.249,20.06,590.13,20.27,3.23,3.23,3.23,3.26,-9.5,-10.31,0.0,0.0,-10000.0,0.0,180.0,None,0.0,181.0
2025-11-08T01:48:46.693357,30.252,20.06,590.13,20.27,3.23,3.23,3.23,3.26,-9.5,-10.31,0.0,0.0,-10000.0,0.0,180.0,None,0.0,181.0
2025-11-08T01:48:46.700256,30.259,20.06,590.13,20.27,3.23,3.23,3.23,3.26,-9.5,-10.31,0.0,0.0,-10000.0,0.0,180.0,None,0.0,181.0
2025-11-08T01:48:46.701738,30.261,20.06,590.13,20.27,3.23,3.23,3.23,3.26,-9.5,-10.31,0.0,0.0,-10000.0,0.0,180.0,None,0.0,181.0
2025-11-08T01:48:46.702629,30.262,20.06,590.13,20.27,3.23,3.23,3.23,3.26,-9.5,-10.31,0.0,0.0,-10000.0,0.0,180.0,None,0.0,181.0
2025-11-08T01:48:46.708687,30.268,20.03,508.41,20.27,3.24,3.27,3.19,3.27,-9.5,-10.31,0.0,0.0,-10000.0,0.0,180.0,None,0.0,181.0
2025-11-08T01:48:46.709926,30.269,20.03,508.41,20.27,3.24,3.27,3.19,3.27,-9.5,-10.31,0.0,0.0,-10000.0,0.0,180.0,None,0.0,181.0
2025-11-08T01:48:47.402672,30.962,20.03,508.41,20.27,3.24,3.27,3.19,3.27,-9.5,-10.31,0.0,0.0,-10000.0,0.0,180.0,None,0.0,181.0
2025-11-08T01:48:47.406410,30.966,20.03,508.41,20.27,3.24,3.27,3.19,3.27,-9.5,-10.31,0.0,0.0,-10000.0,0.0,180.0,None,0.0,181.0
2025-11-08T01:48:47.407274,30.966,20.03,577.97,20.21,3.24,3.23,3.24,3.26,-9.5,-10.31,0.0,0.0,-10000.0,0.0,180.0,None,0.0,181.0
2025-11-08T01:48:47.407993,30.967,20.03,577.97,20.21,3.24,3.23,3.24,3.26,-9.5,-10.31,0.0,0.0,-10000.0,0.0,180.0,None,0.0,181.0
2025-11-08T01:48:47.411536,30.971,20.03,577.97,20.21,3.24,3.23,3.24,3.26,-9.5,-10.31,0.0,0.0,-10000.0,0.0,180.0,None,0.0,181.0
2025-11-08T01:48:47.412525,30.972,20.03,577.97,20.21,3.24,3.23,3.24,3.26,-9.5,-10.31,0.0,0.0,-10000.0,0.0,180.0,None,0.0,181.0
2025-11-08T01:48:47.413323,30.972,20.03,575.21,20.27,3.24,3.23,3.23,3.27,-9.5,-10.31,0.0,0.0,-10000.0,0.0,180.0,None,0.0,181.0
2025-11-08T01:48:47.414029,30.973,20.03,575.21,20.27,3.24,3.23,3.23,3.27,-9.5,-10.31,0.0,0.0,-10000.0,0.0,180.0,None,0.0,181.0
2025-11-08T01:48:47.417698,30.977,20.03,575.21,20.27,3.24,3.23,3.23,3.27,-9.5,-10.31,0.0,0.0,-10000.0,0.0,180.0,None,0.0,181.0
2025-11-08T01:48:47.418495,30.978,20.03,575.21,20.27,3.24,3.23,3.23,3.27,-9.5,-10.31,0.0,0.0,-10000.0,0.0,180.0,None,0.0,181.0
2025-11-08T01:48:47.419176,30.978,20.08,565.38,20.27,3.24,3.23,3.23,3.27,-9.5,-10.31,0.0,0.0,-10000.0,0.0,180.0,None,0.0,181.0
2025-11-08T01:48:47.419765,30.979,20.08,565.38,20.27,3.24,3.23,3.23,3.27,-9.5,-10.31,0.0,0.0,-10000.0,0.0,180.0,None,0.0,181.0
2025-11-08T01:48:47.422705,30.982,20.08,565.38,20.27,3.24,3.23,3.23,3.27,-9.5,-10.31,0.0,0.0,-10000.0,0.0,180.0,None,0.0,181.0
2025-11-08T01:48:47.423514,30.983,20.08,565.38,20.27,3.24,3.23,3.23,3.27,-9.5,-10.31,0.0,0.0,-10000.0,0.0,180.0,None,0.0,181.0
2025-11-08T01:48:47.424190,30.983,20.08,565.38,20.27,3.24,3.23,3.23,3.27,-9.5,-10.31,0.0,0.0,-10000.0,0.0,180.0,None,0.0,181.0
2025-11-08T01:48:47.427426,30.987,20.06,575.21,20.27,3.24,3.23,3.23,3.25,-9.5,-10.31,0.0,0.0,-10000.0,0.0,180.0,None,0.0,181.0
2025-11-08T01:48:47.428472,30.988,20.06,575.21,20.27,3.24,3.23,3.23,3.25,-9.5,-10.31,0.0,0.0,-10000.0,0.0,180.0,None,0.0,181.0
2025-11-08T01:48:48.105284,31.664,20.06,575.21,20.27,3.24,3.23,3.23,3.25,-9.5,-10.31,0.0,0.0,-10000.0,0.0,180.0,None,0.0,181.0
2025-11-08T01:48:48.106165,31.665,20.06,575.21,20.27,3.24,3.23,3.23,3.25,-9.5,-10.31,0.0,0.0,-10000.0,0.0,180.0,None,0.0,181.0
2025-11-08T01:48:48.106897,31.666,20.08,575.21,20.29,3.23,3.24,3.23,3.25,-9.5,-10.31,0.0,0.0,-10000.0,0.0,180.0,None,0.0,181.0
2025-11-08T01:48:48.107822,31.667,20.08,575.21,20.29,3.23,3.24,3.23,3.25,-9.5,-10.31,0.0,0.0,-10000.0,0.0,180.0,None,0.0,181.0
2025-11-08T01:48:48.108703,31.668,20.08,575.21,20.29,3.23,3.24,3.23,3.25,-9.5,-10.31,0.0,0.0,-10000.0,0.0,180.0,None,0.0,181.0
2025-11-08T01:48:48.109746,31.669,20.08,575.21,20.29,3.23,3.24,3.23,3.25,-9.5,-10.31,0.0,0.0,-10000.0,0.0,180.0,None,0.0,181.0
2025-11-08T01:48:48.110884,31.670,20.03,577.97,20.25,3.24,3.24,3.22,3.27,-9.5,-10.31,0.0,0.0,-10000.0,0.0,180.0,None,0.0,181.0
2025-11-08T01:48:48.112043,31.671,20.03,577.97,20.25,3.24,3.24,3.22,3.27,-9.5,-10.31,0.0,0.0,-10000.0,0.0,180.0,None,0.0,181.0
2025-11-08T01:48:48.112925,31.672,20.03,577.97,20.25,3.24,3.24,3.22,3.27,-9.5,-10.31,0.0,0.0,-10000.0,0.0,180.0,None,0.0,181.0
2025-11-08T01:48:48.113802,31.673,20.03,577.97,20.25,3.24,3.24,3.22,3.27,-9.5,-10.31,0.0,0.0,-10000.0,0.0,180.0,None,0.0,181.0
2025-11-08T01:48:48.114570,31.674,20.03,577.97,20.25,3.24,3.24,3.22,3.27,-9.5,-10.31,0.0,0.0,-10000.0,0.0,180.0,None,0.0,181.0
2025-11-08T01:48:48.115486,31.675,20.03,571.46,20.27,3.23,3.24,3.23,3.27,-9.5,-10.31,0.0,0.0,-10000.0,0.0,180.0,None,0.0,181.0
2025-11-08T01:48:48.119927,31.679,20.03,571.46,20.27,3.23,3.24,3.23,3.27,-9.5,-10.31,0.0,0.0,-10000.0,0.0,180.0,None,0.0,181.0
2025-11-08T01:48:48.121539,31.681,20.03,571.46,20.27,3.23,3.24,3.23,3.27,-9.5,-10.31,0.0,0.0,-10000.0,0.0,180.0,None,0.0,181.0
2025-11-08T01:48:48.122545,31.682,20.03,571.46,20.27,3.23,3.24,3.23,3.27,-9.5,-10.31,0.0,0.0,-10000.0,0.0,180.0,None,0.0,181.0
2025-11-08T01:48:48.125882,31.685,19.97,575.21,20.27,3.24,3.23,3.23,3.27,-9.5,-10.31,0.0,0.0,-10000.0,0.0,180.0,None,0.0,181.0
2025-11-08T01:48:48.127150,31.686,19.97,575.21,20.27,3.24,3.23,3.23,3.27,-9.5,-10.31,0.0,0.0,-10000.0,0.0,180.0,None,0.0,181.0
2025-11-08T01:48:48.128144,31.687,19.97,575.21,20.27,3.24,3.23,3.23,3.27,-9.5,-10.31,0.0,0.0,-10000.0,0.0,180.0,None,0.0,181.0
2025-11-08T01:48:48.129033,31.688,19.97,575.21,20.27,3.24,3.23,3.23,3.27,-9.5,-10.31,0.0,0.0,-10000.0,0.0,180.0,None,0.0,181.0
2025-11-08T01:48:48.129904,31.689,20.1,571.46,20.27,3.23,3.24,3.23,3.26,-9.5,-10.31,0.0,0.0,-10000.0,0.0,180.0,None,0.0,181.0
2025-11-08T01:48:48.780534,32.340,20.1,571.46,20.27,3.23,3.24,3.23,3.26,-9.5,-10.31,0.0,0.0,-10000.0,0.0,180.0,None,0.0,181.0
2025-11-08T01:48:48.781530,32.341,20.1,571.46,20.27,3.23,3.24,3.23,3.26,-9.5,-10.31,0.0,0.0,-10000.0,0.0,180.0,None,0.0,181.0
2025-11-08T01:48:48.795363,32.354,20.1,571.46,20.27,3.23,3.24,3.23,3.26,-9.5,-10.31,0.0,0.0,-10000.0,0.0,180.0,None,0.0,181.0
2025-11-08T01:48:48.797232,32.356,20.1,571.46,20.27,3.23,3.24,3.23,3.26,-9.5,-10.31,0.0,0.0,-10000.0,0.0,180.0,None,0.0,181.0
2025-11-08T01:48:48.798423,32.358,20.01,508.41,20.29,3.24,3.23,3.23,3.26,-9.5,-10.31,0.0,0.0,-10000.0,0.0,180.0,None,0.0,181.0
2025-11-08T01:48:48.799527,32.359,20.01,508.41,20.29,3.24,3.23,3.23,3.26,-9.5,-10.31,0.0,0.0,-10000.0,0.0,180.0,None,0.0,181.0
2025-11-08T01:48:48.801300,32.360,20.01,508.41,20.29,3.24,3.23,3.23,3.26,-9.5,-10.31,0.0,0.0,-10000.0,0.0,180.0,None,0.0,181.0
2025-11-08T01:48:48.802791,32.362,19.95,565.38,20.29,3.23,3.24,3.23,3.27,-9.5,-10.31,0.0,0.0,-10000.0,0.0,180.0,None,0.0,181.0
2025-11-08T01:48:48.803878,32.363,19.95,565.38,20.29,3.23,3.24,3.23,3.27,-9.5,-10.31,0.0,0.0,-10000.0,0.0,180.0,None,0.0,181.0
2025-11-08T01:48:48.806207,32.365,19.95,565.38,20.29,3.23,3.24,3.23,3.27,-9.5,-10.31,0.0,0.0,-10000.0,0.0,180.0,None,0.0,181.0
2025-11-08T01:48:48.813988,32.373,19.95,565.38,20.29,3.23,3.24,3.23,3.27,-9.5,-10.31,0.0,0.0,-10000.0,0.0,180.0,None,0.0,181.0
2025-11-08T01:48:48.817757,32.377,19.95,565.38,20.29,3.23,3.24,3.23,3.27,-9.5,-10.31,0.0,0.0,-10000.0,0.0,180.0,None,0.0,181.0
2025-11-08T01:48:48.819434,32.379,20.06,575.21,20.25,3.23,3.24,3.23,3.26,-9.5,-10.31,0.0,0.0,-10000.0,0.0,180.0,None,0.0,181.0
2025-11-08T01:48:48.820601,32.380,20.06,575.21,20.25,3.23,3.24,3.23,3.26,-9.5,-10.31,0.0,0.0,-10000.0,0.0,180.0,None,0.0,181.0
2025-11-08T01:48:48.821703,32.381,20.06,575.21,20.25,3.23,3.24,3.23,3.26,-9.5,-10.31,0.0,0.0,-10000.0,0.0,180.0,None,0.0,181.0
2025-11-08T01:48:48.823544,32.383,20.06,575.21,20.25,3.23,3.24,3.23,3.26,-9.5,-10.31,0.0,0.0,-10000.0,0.0,180.0,None,0.0,181.0
2025-11-08T01:48:48.830721,32.390,20.06,575.21,20.25,3.23,3.24,3.23,3.26,-9.5,-10.31,0.0,0.0,-10000.0,0.0,180.0,None,0.0,181.0
2025-11-08T01:48:48.835076,32.394,20.03,575.21,20.29,3.24,3.24,3.23,3.26,-9.5,-10.31,0.0,0.0,-10000.0,0.0,180.0,None,0.0,181.0
2025-11-08T01:48:49.550854,33.110,20.03,575.21,20.29,3.24,3.24,3.23,3.26,-9.5,-10.31,0.0,0.0,-10000.0,0.0,180.0,None,0.0,181.0
2025-11-08T01:48:49.552206,33.111,20.03,575.21,20.29,3.24,3.24,3.23,3.26,-9.5,-10.31,0.0,0.0,-10000.0,0.0,180.0,None,0.0,181.0
2025-11-08T01:48:49.553199,33.112,20.08,571.46,20.31,3.23,3.25,3.23,3.26,-9.5,-10.31,0.0,0.0,-10000.0,0.0,180.0,None,0.0,181.0
2025-11-08T01:48:49.554135,33.113,20.08,571.46,20.31,3.23,3.25,3.23,3.26,-9.5,-10.31,0.0,0.0,-10000.0,0.0,180.0,None,0.0,181.0
2025-11-08T01:48:49.555060,33.114,20.08,571.46,20.31,3.23,3.25,3.23,3.26,-9.5,-10.31,0.0,0.0,-10000.0,0.0,180.0,None,0.0,181.0
2025-11-08T01:48:49.555866,33.115,20.08,571.46,20.31,3.23,3.25,3.23,3.26,-9.5,-10.31,0.0,0.0,-10000.0,0.0,180.0,None,0.0,181.0
2025-11-08T01:48:49.556637,33.116,20.08,571.46,20.31,3.23,3.25,3.23,3.26,-9.5,-10.31,0.0,0.0,-10000.0,0.0,180.0,None,0.0,181.0
2025-11-08T01:48:49.557712,33.117,20.03,508.41,20.29,3.25,3.23,3.22,3.26,-9.5,-10.31,0.0,0.0,-10000.0,0.0,180.0,None,0.0,181.0
2025-11-08T01:48:49.558560,33.118,20.03,508.41,20.29,3.25,3.23,3.22,3.26,-9.5,-10.31,0.0,0.0,-10000.0,0.0,180.0,None,0.0,181.0
2025-11-08T01:48:49.559584,33.119,20.03,508.41,20.29,3.25,3.23,3.22,3.26,-9.5,-10.31,0.0,0.0,-10000.0,0.0,180.0,None,0.0,181.0
2025-11-08T01:48:49.560380,33.120,20.03,508.41,20.29,3.25,3.23,3.22,3.26,-9.5,-10.31,0.0,0.0,-10000.0,0.0,180.0,None,0.0,181.0
2025-11-08T01:48:49.561453,33.121,20.03,565.38,20.27,3.24,3.23,3.23,3.27,-9.5,-10.31,0.0,0.0,-10000.0,0.0,180.0,None,0.0,181.0
2025-11-08T01:48:49.563693,33.123,20.03,565.38,20.27,3.24,3.23,3.23,3.27,-9.5,-10.31,0.0,0.0,-10000.0,0.0,180.0,None,0.0,181.0
2025-11-08T01:48:49.566631,33.126,20.03,565.38,20.27,3.24,3.23,3.23,3.27,-9.5,-10.31,0.0,0.0,-10000.0,0.0,180.0,None,0.0,181.0
2025-11-08T01:48:49.567673,33.127,20.03,565.38,20.27,3.24,3.23,3.23,3.27,-9.5,-10.31,0.0,0.0,-10000.0,0.0,180.0,None,0.0,181.0
2025-11-08T01:48:49.568628,33.128,20.01,565.38,20.27,3.24,3.23,3.24,3.25,-9.5,-10.31,0.0,0.0,-10000.0,0.0,180.0,None,0.0,181.0
2025-11-08T01:48:49.569674,33.129,20.01,565.38,20.27,3.24,3.23,3.24,3.25,-9.5,-10.31,0.0,0.0,-10000.0,0.0,180.0,None,0.0,181.0
2025-11-08T01:48:50.202759,33.762,20.01,565.38,20.27,3.24,3.23,3.24,3.25,-9.5,-10.31,0.0,0.0,-10000.0,0.0,180.0,None,0.0,181.0
2025-11-08T01:48:50.203963,33.763,20.01,565.38,20.27,3.24,3.23,3.24,3.25,-9.5,-10.31,0.0,0.0,-10000.0,0.0,180.0,None,0.0,181.0
2025-11-08T01:48:50.204919,33.764,20.01,565.38,20.27,3.24,3.23,3.24,3.25,-9.5,-10.31,0.0,0.0,-10000.0,0.0,180.0,None,0.0,181.0
2025-11-08T01:48:50.205739,33.765,20.03,508.41,20.27,3.23,3.24,3.23,3.26,-9.5,-10.31,0.0,0.0,-10000.0,0.0,180.0,None,0.0,181.0
2025-11-08T01:48:50.206649,33.766,20.03,508.41,20.27,3.23,3.24,3.23,3.26,-9.5,-10.31,0.0,0.0,-10000.0,0.0,180.0,None,0.0,181.0
2025-11-08T01:48:50.207316,33.766,20.03,508.41,20.27,3.23,3.24,3.23,3.26,-9.5,-10.31,0.0,0.0,-10000.0,0.0,180.0,None,0.0,181.0
2025-11-08T01:48:50.208705,33.768,20.03,508.41,20.27,3.23,3.24,3.23,3.26,-9.5,-10.31,0.0,0.0,-10000.0,0.0,180.0,None,0.0,181.0
2025-11-08T01:48:50.211545,33.771,20.08,508.41,20.27,3.24,3.23,3.23,3.27,-9.5,-10.31,0.0,0.0,-10000.0,0.0,180.0,None,0.0,181.0
2025-11-08T01:48:50.213029,33.772,20.08,508.41,20.27,3.24,3.23,3.23,3.27,-9.5,-10.31,0.0,0.0,-10000.0,0.0,180.0,None,0.0,181.0
2025-11-08T01:48:50.215578,33.775,20.08,508.41,20.27,3.24,3.23,3.23,3.27,-9.5,-10.31,0.0,0.0,-10000.0,0.0,180.0,None,0.0,181.0
2025-11-08T01:48:50.218343,33.777,20.08,508.41,20.27,3.24,3.23,3.23,3.27,-9.5,-10.31,0.0,0.0,-10000.0,0.0,180.0,None,0.0,181.0
2025-11-08T01:48:50.220205,33.779,20.03,508.41,20.23,3.24,3.23,3.23,3.26,-9.5,-10.31,0.0,0.0,-10000.0,0.0,180.0,None,0.0,181.0
2025-11-08T01:48:50.221291,33.780,20.03,508.41,20.23,3.24,3.23,3.23,3.26,-9.5,-10.31,0.0,0.0,-10000.0,0.0,180.0,None,0.0,181.0
2025-11-08T01:48:50.222220,33.781,20.03,508.41,20.23,3.24,3.23,3.23,3.26,-9.5,-10.31,0.0,0.0,-10000.0,0.0,180.0,None,0.0,181.0
2025-11-08T01:48:50.222992,33.782,20.03,508.41,20.23,3.24,3.23,3.23,3.26,-9.5,-10.31,0.0,0.0,-10000.0,0.0,180.0,None,0.0,319.0
2025-11-08T01:48:50.224103,33.783,20.03,508.41,20.23,3.24,3.23,3.23,3.26,-9.5,-10.31,0.0,0.0,-10000.0,0.0,180.0,None,0.0,319.0
2025-11-08T01:48:50.225000,33.784,20.06,508.41,20.27,3.25,3.23,3.22,3.27,-9.5,-10.31,0.0,0.0,-10000.0,0.0,180.0,None,0.0,319.0
2025-11-08T01:48:50.225860,33.785,20.06,508.41,20.27,3.25,3.23,3.22,3.27,-9.5,-10.31,0.0,0.0,-10000.0,0.0,180.0,None,0.0,319.0
2025-11-08T01:48:50.226595,33.786,20.06,508.41,20.27,3.25,3.23,3.22,3.27,-9.5,-10.31,0.0,0.0,-10000.0,0.0,180.0,None,0.0,319.0
2025-11-08T01:48:51.046149,34.605,20.06,508.41,20.27,3.25,3.23,3.22,3.27,-9.5,-10.31,0.0,0.0,-10000.0,0.0,180.0,None,0.0,319.0
2025-11-08T01:48:51.047639,34.607,20.14,565.38,20.19,3.23,3.25,3.22,3.27,-9.5,-10.31,0.0,0.0,-10000.0,0.0,180.0,None,0.0,319.0
2025-11-08T01:48:51.048604,34.608,20.14,565.38,20.19,3.23,3.25,3.22,3.27,-9.5,-10.31,0.0,0.0,-10000.0,0.0,180.0,None,0.0,319.0
2025-11-08T01:48:51.049208,34.608,20.14,565.38,20.19,3.23,3.25,3.22,3.27,-9.5,-10.31,0.0,0.0,-10000.0,0.0,180.0,None,0.0,319.0
2025-11-08T01:48:51.050041,34.609,20.14,565.38,20.19,3.23,3.25,3.22,3.27,-9.5,-10.31,0.0,0.0,-10000.0,0.0,180.0,None,0.0,319.0
2025-11-08T01:48:51.050788,34.610,20.03,565.38,20.27,3.23,3.25,3.23,3.27,-9.5,-10.31,0.0,0.0,-10000.0,0.0,180.0,None,0.0,319.0
2025-11-08T01:48:51.051468,34.611,20.03,565.38,20.27,3.23,3.25,3.23,3.27,-9.5,-10.31,0.0,0.0,-10000.0,0.0,180.0,None,0.0,319.0
2025-11-08T01:48:51.052358,34.611,20.03,565.38,20.27,3.23,3.25,3.23,3.27,-9.5,-10.31,0.0,0.0,-10000.0,0.0,180.0,None,0.0,319.0
2025-11-08T01:48:51.053282,34.612,20.03,565.38,20.27,3.23,3.25,3.23,3.27,-9.5,-10.31,0.0,0.0,-10000.0,0.0,180.0,None,0.0,319.0
2025-11-08T01:48:51.054164,34.613,20.19,571.46,20.27,3.25,3.23,3.23,3.25,-9.5,-10.31,0.0,0.0,-10000.0,0.0,180.0,None,0.0,319.0
2025-11-08T01:48:51.055027,34.614,20.19,571.46,20.27,3.25,3.23,3.23,3.25,-9.5,-10.31,0.0,0.0,-10000.0,0.0,180.0,None,0.0,47.0
2025-11-08T01:48:51.056038,34.615,20.19,571.46,20.27,3.25,3.23,3.23,3.25,-9.5,-10.31,0.0,0.0,-10000.0,0.0,180.0,None,0.0,47.0
2025-11-08T01:48:51.057379,34.617,20.19,571.46,20.27,3.25,3.23,3.23,3.25,-9.5,-10.31,0.0,0.0,-10000.0,0.0,180.0,None,0.0,47.0
2025-11-08T01:48:51.058279,34.617,20.19,571.46,20.27,3.25,3.23,3.23,3.25,-9.5,-10.31,0.0,0.0,-10000.0,0.0,180.0,None,0.0,47.0
2025-11-08T01:48:51.059019,34.618,20.06,565.38,20.29,3.24,3.24,3.22,3.27,-9.5,-10.31,0.0,0.0,-10000.0,0.0,180.0,None,0.0,47.0
2025-11-08T01:48:51.059722,34.619,20.06,565.38,20.29,3.24,3.24,3.22,3.27,-9.5,-10.31,0.0,0.0,-10000.0,0.0,180.0,None,0.0,47.0
2025-11-08T01:48:51.060469,34.620,20.06,565.38,20.29,3.24,3.24,3.22,3.27,-9.5,-10.31,0.0,0.0,-10000.0,0.0,180.0,None,0.0,47.0
2025-11-08T01:48:51.061144,34.620,20.06,565.38,20.29,3.24,3.24,3.22,3.27,-9.5,-10.31,0.0,0.0,-10000.0,0.0,180.0,None,0.0,47.0
2025-11-08T01:48:51.061866,34.621,20.06,565.38,20.29,3.24,3.24,3.22,3.27,-9.5,-10.31,0.0,0.0,-10000.0,0.0,180.0,None,0.0,47.0
2025-11-08T01:48:51.062686,34.622,20.06,508.41,20.27,3.24,3.23,3.23,3.27,-9.5,-10.31,0.0,0.0,-10000.0,0.0,180.0,None,0.0,47.0
2025-11-08T01:48:51.063569,34.623,20.06,508.41,20.27,3.24,3.23,3.23,3.27,-9.5,-10.31,0.0,0.0,-10000.0,0.0,180.0,None,0.0,47.0
2025-11-08T01:48:51.731290,35.290,20.06,508.41,20.27,3.24,3.23,3.23,3.27,-9.5,-10.31,0.0,0.0,-10000.0,0.0,180.0,None,0.0,47.0
2025-11-08T01:48:51.732329,35.291,20.03,508.41,20.27,3.26,3.21,3.23,3.26,-9.5,-10.31,0.0,0.0,-10000.0,0.0,180.0,None,0.0,47.0
2025-11-08T01:48:51.733529,35.293,20.03,508.41,20.27,3.26,3.21,3.23,3.26,-9.5,-10.31,0.0,0.0,-10000.0,0.0,180.0,None,0.0,47.0
2025-11-08T01:48:51.734488,35.294,20.03,508.41,20.27,3.26,3.21,3.23,3.26,-9.5,-10.31,0.0,0.0,-10000.0,0.0,180.0,None,0.0,47.0
2025-11-08T01:48:51.735527,35.295,20.03,508.41,20.27,3.26,3.21,3.23,3.26,-9.5,-10.31,0.0,0.0,-10000.0,0.0,180.0,None,0.0,47.0
2025-11-08T01:48:51.742539,35.302,20.03,508.41,20.27,3.26,3.21,3.23,3.26,-9.5,-10.31,0.0,0.0,-10000.0,0.0,180.0,None,0.0,47.0
2025-11-08T01:48:51.746046,35.305,19.93,565.38,20.27,3.24,3.24,3.22,3.27,-9.5,-10.31,0.0,0.0,-10000.0,0.0,180.0,None,0.0,47.0
2025-11-08T01:48:51.747913,35.307,19.93,565.38,20.27,3.24,3.24,3.22,3.27,-9.5,-10.31,0.0,0.0,-10000.0,0.0,180.0,None,0.0,47.0
2025-11-08T01:48:51.749056,35.308,19.93,565.38,20.27,3.24,3.24,3.22,3.27,-9.5,-10.31,0.0,0.0,-10000.0,0.0,180.0,None,0.0,47.0
2025-11-08T01:48:51.751125,35.310,19.93,565.38,20.27,3.24,3.24,3.22,3.27,-9.5,-10.31,0.0,0.0,-10000.0,0.0,180.0,None,0.0,139.0
2025-11-08T01:48:51.752238,35.311,19.93,565.38,20.27,3.24,3.24,3.22,3.27,-9.5,-10.31,0.0,0.0,-10000.0,0.0,180.0,None,0.0,139.0
2025-11-08T01:48:51.753347,35.312,20.06,575.21,20.27,3.24,3.23,3.24,3.26,-9.5,-10.31,0.0,0.0,-10000.0,0.0,180.0,None,0.0,139.0
2025-11-08T01:48:51.755971,35.315,20.06,575.21,20.27,3.24,3.23,3.24,3.26,-9.5,-10.31,0.0,0.0,-10000.0,0.0,180.0,None,0.0,139.0
2025-11-08T01:48:51.760662,35.320,20.06,575.21,20.27,3.24,3.23,3.24,3.26,-9.5,-10.31,0.0,0.0,-10000.0,0.0,180.0,None,0.0,139.0
2025-11-08T01:48:51.763176,35.322,19.78,575.21,20.01,3.24,3.23,3.25,3.25,-9.5,-10.31,0.0,0.0,-10000.0,0.0,180.0,None,0.0,139.0
2025-11-08T01:48:51.769138,35.328,19.78,575.21,20.01,3.24,3.23,3.25,3.25,-9.5,-10.31,0.0,0.0,-10000.0,0.0,180.0,None,0.0,139.0
2025-11-08T01:48:51.769831,35.329,19.78,575.21,20.01,3.24,3.23,3.25,3.25,-9.5,-10.31,0.0,0.0,-10000.0,0.0,180.0,None,0.0,228.0
2025-11-08T01:48:51.776432,35.336,19.78,575.21,20.01,3.24,3.23,3.25,3.25,-9.5,-10.31,0.0,0.0,-10000.0,0.0,180.0,None,0.0,228.0
2025-11-08T01:48:51.777854,35.337,19.78,575.21,20.01,3.24,3.23,3.25,3.25,-9.5,-10.31,0.0,0.0,-10000.0,0.0,180.0,None,0.0,228.0
2025-11-08T01:48:52.478339,36.037,19.97,565.38,20.27,3.23,3.24,3.23,3.26,-9.5,-10.31,0.0,0.0,-10000.0,0.0,180.0,None,0.0,228.0
2025-11-08T01:48:52.479301,36.038,19.97,565.38,20.27,3.23,3.24,3.23,3.26,-9.5,-10.31,0.0,0.0,-10000.0,0.0,180.0,None,0.0,228.0
2025-11-08T01:48:52.480293,36.039,19.97,565.38,20.27,3.23,3.24,3.23,3.26,-9.5,-10.31,0.0,0.0,-10000.0,0.0,180.0,None,0.0,228.0
2025-11-08T01:48:52.481238,36.040,19.97,565.38,20.27,3.23,3.24,3.23,3.26,-9.5,-10.31,0.0,0.0,-10000.0,0.0,180.0,None,0.0,228.0
2025-11-08T01:48:52.482075,36.041,20.01,565.38,20.23,3.24,3.23,3.23,3.27,-9.5,-10.31,0.0,0.0,-10000.0,0.0,180.0,None,0.0,228.0
2025-11-08T01:48:52.482879,36.042,20.01,565.38,20.23,3.24,3.23,3.23,3.27,-9.5,-10.31,0.0,0.0,-10000.0,0.0,180.0,None,0.0,228.0
2025-11-08T01:48:52.485313,36.044,20.01,565.38,20.23,3.24,3.23,3.23,3.27,-9.5,-10.31,0.0,0.0,-10000.0,0.0,180.0,None,0.0,228.0
2025-11-08T01:48:52.490749,36.050,20.01,565.38,20.23,3.24,3.23,3.23,3.27,-9.5,-10.31,0.0,0.0,-10000.0,0.0,180.0,None,0.0,228.0
2025-11-08T01:48:52.492776,36.052,20.06,571.46,20.34,3.24,3.23,3.23,3.26,-9.5,-10.31,0.0,0.0,-10000.0,0.0,180.0,None,0.0,228.0
2025-11-08T01:48:52.496517,36.056,20.06,571.46,20.34,3.24,3.23,3.23,3.26,-9.5,-10.31,0.0,0.0,-10000.0,0.0,180.0,None,0.0,228.0
2025-11-08T01:48:52.497183,36.056,20.06,571.46,20.34,3.24,3.23,3.23,3.26,-9.5,-10.31,0.0,0.0,-10000.0,0.0,180.0,None,0.0,228.0
2025-11-08T01:48:52.497715,36.057,20.06,571.46,20.34,3.24,3.23,3.23,3.26,-9.5,-10.31,0.0,0.0,-10000.0,0.0,180.0,None,0.0,319.0
2025-11-08T01:48:52.498317,36.057,20.06,571.46,20.34,3.24,3.23,3.23,3.26,-9.5,-10.31,0.0,0.0,-10000.0,0.0,180.0,None,0.0,319.0
2025-11-08T01:48:52.508656,36.068,20.06,575.21,20.25,3.23,3.23,3.24,3.26,-9.5,-10.31,0.0,0.0,-10000.0,0.0,180.0,None,0.0,319.0
2025-11-08T01:48:52.509518,36.069,20.06,575.21,20.25,3.23,3.23,3.24,3.26,-9.5,-10.31,0.0,0.0,-10000.0,0.0,180.0,None,0.0,319.0
2025-11-08T01:48:52.510158,36.069,20.06,575.21,20.25,3.23,3.23,3.24,3.26,-9.5,-10.31,0.0,0.0,-10000.0,0.0,180.0,None,0.0,319.0
2025-11-08T01:48:52.516558,36.076,20.06,575.21,20.25,3.23,3.23,3.24,3.26,-9.5,-10.31,0.0,0.0,-10000.0,0.0,180.0,None,0.0,319.0
2025-11-08T01:48:52.517441,36.077,20.01,571.46,20.31,3.23,3.25,3.22,3.27,-9.5,-10.31,0.0,0.0,-10000.0,0.0,180.0,None,0.0,319.0
2025-11-08T01:48:52.517963,36.077,20.01,571.46,20.31,3.23,3.25,3.22,3.27,-9.5,-10.31,0.0,0.0,-10000.0,0.0,180.0,None,0.0,319.0
2025-11-08T01:48:52.522772,36.082,20.01,571.46,20.31,3.23,3.25,3.22,3.27,-9.5,-10.31,0.0,0.0,-10000.0,0.0,180.0,None,0.0,319.0
2025-11-08T01:48:52.523631,36.083,20.01,571.46,20.31,3.23,3.25,3.22,3.27,-9.5,-10.31,0.0,0.0,-10000.0,0.0,180.0,None,0.0,319.0
2025-11-08T01:48:53.328651,36.888,20.06,508.41,20.25,3.24,3.23,3.23,3.27,-9.5,-10.31,0.0,0.0,-10000.0,0.0,180.0,None,0.0,319.0
2025-11-08T01:48:53.329981,36.889,20.06,508.41,20.25,3.24,3.23,3.23,3.27,-9.5,-10.31,0.0,0.0,-10000.0,0.0,180.0,None,0.0,319.0
2025-11-08T01:48:53.331130,36.890,20.06,508.41,20.25,3.24,3.23,3.23,3.27,-9.5,-10.31,0.0,0.0,-10000.0,0.0,180.0,None,0.0,319.0
2025-11-08T01:48:53.332048,36.891,20.06,508.41,20.25,3.24,3.23,3.23,3.27,-9.5,-10.31,0.0,0.0,-10000.0,0.0,180.0,None,0.0,319.0
2025-11-08T01:48:53.332879,36.892,20.06,508.41,20.25,3.24,3.23,3.23,3.27,-9.5,-10.31,0.0,0.0,-10000.0,0.0,180.0,None,0.0,139.0
2025-11-08T01:48:53.333767,36.893,20.06,571.46,20.25,3.25,3.22,3.23,3.26,-9.5,-10.31,0.0,0.0,-10000.0,0.0,180.0,None,0.0,139.0
2025-11-08T01:48:53.334669,36.894,20.06,571.46,20.25,3.25,3.22,3.23,3.26,-9.5,-10.31,0.0,0.0,-10000.0,0.0,180.0,None,0.0,139.0
2025-11-08T01:48:53.335552,36.895,20.06,571.46,20.25,3.25,3.22,3.23,3.26,-9.5,-10.31,0.0,0.0,-10000.0,0.0,180.0,None,0.0,139.0
2025-11-08T01:48:53.336459,36.896,20.06,571.46,20.25,3.25,3.22,3.23,3.26,-9.5,-10.31,0.0,0.0,-10000.0,0.0,180.0,None,0.0,139.0
2025-11-08T01:48:53.337279,36.896,20.03,571.46,20.27,3.24,3.23,3.23,3.27,-9.5,-10.31,0.0,0.0,-10000.0,0.0,180.0,None,0.0,139.0
2025-11-08T01:48:53.338145,36.897,20.03,571.46,20.27,3.24,3.23,3.23,3.27,-9.5,-10.31,0.0,0.0,-10000.0,0.0,180.0,None,0.0,139.0
2025-11-08T01:48:53.338937,36.898,20.03,571.46,20.27,3.24,3.23,3.23,3.27,-9.5,-10.31,0.0,0.0,-10000.0,0.0,180.0,None,0.0,139.0
2025-11-08T01:48:53.339837,36.899,20.03,571.46,20.27,3.24,3.23,3.23,3.27,-9.5,-10.31,0.0,0.0,-10000.0,0.0,180.0,None,0.0,139.0
2025-11-08T01:48:53.340757,36.900,19.97,565.38,20.27,3.24,3.23,3.23,3.27,-9.5,-10.31,0.0,0.0,-10000.0,0.0,180.0,None,0.0,139.0
2025-11-08T01:48:53.341631,36.901,19.97,565.38,20.27,3.24,3.23,3.23,3.27,-9.5,-10.31,0.0,0.0,-10000.0,0.0,180.0,None,0.0,139.0
2025-11-08T01:48:53.342788,36.902,19.97,565.38,20.27,3.24,3.23,3.23,3.27,-9.5,-10.31,0.0,0.0,-10000.0,0.0,180.0,None,0.0,139.0
2025-11-08T01:48:53.343730,36.903,19.97,565.38,20.27,3.24,3.23,3.23,3.27,-9.5,-10.31,0.0,0.0,-10000.0,0.0,180.0,None,0.0,139.0
2025-11-08T01:48:53.344633,36.904,20.03,571.46,20.27,3.24,3.24,3.23,3.26,-9.5,-10.31,0.0,0.0,-10000.0,0.0,180.0,None,0.0,139.0
2025-11-08T01:48:53.345432,36.905,20.03,571.46,20.27,3.24,3.24,3.23,3.26,-9.5,-10.31,0.0,0.0,-10000.0,0.0,180.0,None,0.0,181.0
2025-11-08T01:48:53.346301,36.905,20.03,571.46,20.27,3.24,3.24,3.23,3.26,-9.5,-10.31,0.0,0.0,-10000.0,0.0,180.0,None,0.0,181.0
2025-11-08T01:48:54.235021,37.794,20.03,571.46,20.27,3.24,3.24,3.23,3.26,-9.5,-10.31,0.0,0.0,-10000.0,0.0,180.0,None,0.0,181.0
2025-11-08T01:48:54.236455,37.796,20.03,571.46,20.27,3.24,3.24,3.23,3.26,-9.5,-10.31,0.0,0.0,-10000.0,0.0,180.0,None,0.0,181.0
2025-11-08T01:48:54.243793,37.803,20.01,565.38,20.27,3.24,3.23,3.23,3.27,-9.5,-10.31,0.0,0.0,-10000.0,0.0,180.0,None,0.0,181.0
2025-11-08T01:48:54.244620,37.804,20.01,565.38,20.27,3.24,3.23,3.23,3.27,-9.5,-10.31,0.0,0.0,-10000.0,0.0,180.0,None,0.0,181.0
2025-11-08T01:48:54.245523,37.805,20.01,565.38,20.27,3.24,3.23,3.23,3.27,-9.5,-10.31,0.0,0.0,-10000.0,0.0,180.0,None,0.0,181.0
2025-11-08T01:48:54.246298,37.805,20.01,565.38,20.27,3.24,3.23,3.23,3.27,-9.5,-10.31,0.0,0.0,-10000.0,0.0,180.0,None,0.0,181.0
2025-11-08T01:48:54.248820,37.808,20.06,508.41,20.27,3.23,3.24,3.23,3.27,-9.5,-10.31,0.0,0.0,-10000.0,0.0,180.0,None,0.0,181.0
2025-11-08T01:48:54.250551,37.810,20.06,508.41,20.27,3.23,3.24,3.23,3.27,-9.5,-10.31,0.0,0.0,-10000.0,0.0,180.0,None,0.0,181.0
2025-11-08T01:48:54.251774,37.811,20.06,508.41,20.27,3.23,3.24,3.23,3.27,-9.5,-10.31,0.0,0.0,-10000.0,0.0,180.0,None,0.0,181.0
2025-11-08T01:48:54.252855,37.812,20.06,508.41,20.27,3.23,3.24,3.23,3.27,-9.5,-10.31,0.0,0.0,-10000.0,0.0,180.0,None,0.0,181.0
2025-11-08T01:48:54.253959,37.813,20.03,565.38,20.25,3.24,3.23,3.22,3.27,-9.5,-10.31,0.0,0.0,-10000.0,0.0,180.0,None,0.0,181.0
2025-11-08T01:48:54.255249,37.814,20.03,565.38,20.25,3.24,3.23,3.22,3.27,-9.5,-10.31,0.0,0.0,-10000.0,0.0,180.0,None,0.0,181.0
2025-11-08T01:48:54.256245,37.815,20.03,565.38,20.25,3.24,3.23,3.22,3.27,-9.5,-10.31,0.0,0.0,-10000.0,0.0,180.0,None,0.0,181.0
2025-11-08T01:48:54.257421,37.817,20.03,565.38,20.25,3.24,3.23,3.22,3.27,-9.5,-10.31,0.0,0.0,-10000.0,0.0,180.0,None,0.0,181.0
2025-11-08T01:48:54.258496,37.818,20.03,565.38,20.25,3.24,3.23,3.22,3.27,-9.5,-10.31,0.0,0.0,-10000.0,0.0,180.0,None,0.0,181.0
2025-11-08T01:48:54.260925,37.820,20.06,565.38,20.23,3.23,3.23,3.23,3.26,-9.5,-10.31,0.0,0.0,-10000.0,0.0,180.0,None,0.0,181.0
2025-11-08T01:48:54.262577,37.822,20.06,565.38,20.23,3.23,3.23,3.23,3.26,-9.5,-10.31,0.0,0.0,-10000.0,0.0,180.0,None,0.0,181.0
2025-11-08T01:48:54.264116,37.823,20.06,565.38,20.23,3.23,3.23,3.23,3.26,-9.5,-10.31,0.0,0.0,-10000.0,0.0,180.0,None,0.0,181.0
2025-11-08T01:48:54.265448,37.825,20.01,508.41,20.21,3.24,3.24,3.23,3.26,-9.5,-10.31,0.0,0.0,-10000.0,0.0,180.0,None,0.0,181.0
2025-11-08T01:48:54.267392,37.827,20.01,508.41,20.21,3.24,3.24,3.23,3.26,-9.5,-10.31,0.0,0.0,-10000.0,0.0,180.0,None,0.0,181.0
2025-11-08T01:48:54.268852,37.828,20.01,508.41,20.21,3.24,3.24,3.23,3.26,-9.5,-10.31,0.0,0.0,-10000.0,0.0,180.0,None,0.0,181.0
2025-11-08T01:48:54.270179,37.829,20.01,508.41,20.21,3.24,3.24,3.23,3.26,-9.5,-10.31,0.0,0.0,-10000.0,0.0,180.0,None,0.0,181.0
2025-11-08T01:48:54.271329,37.830,20.01,508.41,20.21,3.24,3.24,3.23,3.26,-9.5,-10.31,0.0,0.0,-10000.0,0.0,180.0,None,0.0,181.0
2025-11-08T01:48:54.272818,37.832,20.08,565.38,20.25,3.24,3.23,3.23,3.26,-9.5,-10.31,0.0,0.0,-10000.0,0.0,180.0,None,0.0,181.0
2025-11-08T01:48:55.007243,38.566,20.08,565.38,20.25,3.24,3.23,3.23,3.26,-9.5,-10.31,0.0,0.0,-10000.0,0.0,180.0,None,0.0,181.0
2025-11-08T01:48:55.008079,38.567,20.08,565.38,20.25,3.24,3.23,3.23,3.26,-9.5,-10.31,0.0,0.0,-10000.0,0.0,180.0,None,0.0,181.0
2025-11-08T01:48:55.008870,38.568,20.08,565.38,20.25,3.24,3.23,3.23,3.26,-9.5,-10.31,0.0,0.0,-10000.0,0.0,180.0,None,0.0,181.0
2025-11-08T01:48:55.009649,38.569,20.08,565.38,20.25,3.24,3.23,3.23,3.26,-9.5,-10.31,0.0,0.0,-10000.0,0.0,180.0,None,0.0,181.0
2025-11-08T01:48:55.010445,38.570,20.06,565.38,20.27,3.23,3.25,3.22,3.27,-9.5,-10.31,0.0,0.0,-10000.0,0.0,180.0,None,0.0,181.0
2025-11-08T01:48:55.011203,38.570,20.06,565.38,20.27,3.23,3.25,3.22,3.27,-9.5,-10.31,0.0,0.0,-10000.0,0.0,180.0,None,0.0,181.0
2025-11-08T01:48:55.011940,38.571,20.06,565.38,20.27,3.23,3.25,3.22,3.27,-9.5,-10.31,0.0,0.0,-10000.0,0.0,180.0,None,0.0,181.0
2025-11-08T01:48:55.012670,38.572,20.01,571.46,20.29,3.24,3.23,3.23,3.27,-9.5,-10.31,0.0,0.0,-10000.0,0.0,180.0,None,0.0,181.0
2025-11-08T01:48:55.013349,38.572,20.01,571.46,20.29,3.24,3.23,3.23,3.27,-9.5,-10.31,0.0,0.0,-10000.0,0.0,180.0,None,0.0,181.0
2025-11-08T01:48:55.013946,38.573,20.01,571.46,20.29,3.24,3.23,3.23,3.27,-9.5,-10.31,0.0,0.0,-10000.0,0.0,180.0,None,0.0,47.0
2025-11-08T01:48:55.014583,38.574,20.01,571.46,20.29,3.24,3.23,3.23,3.27,-9.5,-10.31,0.0,0.0,-10000.0,0.0,180.0,None,0.0,47.0
2025-11-08T01:48:55.015209,38.574,20.01,571.46,20.29,3.24,3.23,3.23,3.27,-9.5,-10.31,0.0,0.0,-10000.0,0.0,180.0,None,0.0,47.0
2025-11-08T01:48:55.015940,38.575,19.99,565.38,20.27,3.24,3.23,3.23,3.27,-9.5,-10.31,0.0,0.0,-10000.0,0.0,180.0,None,0.0,47.0
2025-11-08T01:48:55.016874,38.576,19.99,565.38,20.27,3.24,3.23,3.23,3.27,-9.5,-10.31,0.0,0.0,-10000.0,0.0,180.0,None,0.0,47.0
2025-11-08T01:48:55.017568,38.577,19.99,565.38,20.27,3.24,3.23,3.23,3.27,-9.5,-10.31,0.0,0.0,-10000.0,0.0,180.0,None,0.0,47.0
2025-11-08T01:48:55.018136,38.577,19.99,565.38,20.27,3.24,3.23,3.23,3.27,-9.5,-10.31,0.0,0.0,-10000.0,0.0,180.0,None,0.0,47.0
2025-11-08T01:48:55.018827,38.578,19.99,565.38,20.27,3.24,3.23,3.23,3.27,-9.5,-10.31,0.0,0.0,-10000.0,0.0,180.0,None,0.0,47.0
2025-11-08T01:48:55.019496,38.579,20.03,508.41,20.25,3.25,3.22,3.23,3.27,-9.5,-10.31,0.0,0.0,-10000.0,0.0,180.0,None,0.0,47.0
2025-11-08T01:48:55.020219,38.579,20.03,508.41,20.25,3.25,3.22,3.23,3.27,-9.5,-10.31,0.0,0.0,-10000.0,0.0,180.0,None,0.0,47.0
2025-11-08T01:48:55.702729,39.262,20.03,508.41,20.25,3.25,3.22,3.23,3.27,-9.5,-10.31,0.0,0.0,-10000.0,0.0,180.0,None,0.0,47.0
2025-11-08T01:48:55.703621,39.263,20.12,565.38,20.27,3.24,3.23,3.23,3.25,-9.5,-10.31,0.0,0.0,-10000.0,0.0,180.0,None,0.0,47.0
2025-11-08T01:48:55.704535,39.264,20.12,565.38,20.27,3.24,3.23,3.23,3.25,-9.5,-10.31,0.0,0.0,-10000.0,0.0,180.0,None,0.0,47.0
2025-11-08T01:48:55.705097,39.264,20.12,565.38,20.27,3.24,3.23,3.23,3.25,-9.5,-10.31,0.0,0.0,-10000.0,0.0,180.0,None,0.0,2.0
2025-11-08T01:48:55.705926,39.265,20.12,565.38,20.27,3.24,3.23,3.23,3.25,-9.5,-10.31,0.0,0.0,-10000.0,0.0,180.0,None,0.0,2.0
2025-11-08T01:48:55.706626,39.266,20.12,565.38,20.27,3.24,3.23,3.23,3.25,-9.5,-10.31,0.0,0.0,-10000.0,0.0,180.0,None,0.0,2.0
2025-11-08T01:48:55.707325,39.266,20.06,571.46,20.25,3.24,3.23,3.22,3.27,-9.5,-10.31,0.0,0.0,-10000.0,0.0,180.0,None,0.0,2.0
2025-11-08T01:48:55.708007,39.267,20.06,571.46,20.25,3.24,3.23,3.22,3.27,-9.5,-10.31,0.0,0.0,-10000.0,0.0,180.0,None,0.0,2.0
2025-11-08T01:48:55.711008,39.270,20.06,571.46,20.25,3.24,3.23,3.22,3.27,-9.5,-10.31,0.0,0.0,-10000.0,0.0,180.0,None,0.0,2.0
2025-11-08T01:48:55.712708,39.272,20.06,571.46,20.25,3.24,3.23,3.22,3.27,-9.5,-10.31,0.0,0.0,-10000.0,0.0,180.0,None,0.0,2.0
2025-11-08T01:48:55.713676,39.273,20.03,508.41,20.29,3.23,3.23,3.23,3.28,-9.5,-10.31,0.0,0.0,-10000.0,0.0,180.0,None,0.0,2.0
2025-11-08T01:48:55.714935,39.274,20.03,508.41,20.29,3.23,3.23,3.23,3.28,-9.5,-10.31,0.0,0.0,-10000.0,0.0,180.0,None,0.0,2.0
2025-11-08T01:48:55.716994,39.276,20.03,508.41,20.29,3.23,3.23,3.23,3.28,-9.5,-10.31,0.0,0.0,-10000.0,0.0,180.0,None,0.0,2.0
2025-11-08T01:48:55.718297,39.277,20.03,508.41,20.29,3.23,3.23,3.23,3.28,-9.5,-10.31,0.0,0.0,-10000.0,0.0,180.0,None,0.0,2.0
2025-11-08T01:48:55.719344,39.278,20.03,565.38,20.29,3.24,3.23,3.23,3.27,-9.5,-10.31,0.0,0.0,-10000.0,0.0,180.0,None,0.0,2.0
2025-11-08T01:48:55.720210,39.279,20.03,565.38,20.29,3.24,3.23,3.23,3.27,-9.5,-10.31,0.0,0.0,-10000.0,0.0,180.0,None,0.0,2.0
2025-11-08T01:48:55.721202,39.280,20.03,565.38,20.29,3.24,3.23,3.23,3.27,-9.5,-10.31,0.0,0.0,-10000.0,0.0,180.0,None,0.0,2.0
2025-11-08T01:48:56.517479,40.077,20.03,565.38,20.29,3.24,3.23,3.23,3.27,-9.5,-10.31,0.0,0.0,-10000.0,0.0,180.0,None,0.0,2.0
2025-11-08T01:48:56.518807,40.078,20.03,565.38,20.29,3.24,3.23,3.23,3.27,-9.5,-10.31,0.0,0.0,-10000.0,0.0,180.0,None,0.0,2.0
2025-11-08T01:48:56.519941,40.079,19.99,571.46,20.25,3.24,3.23,3.22,3.27,-9.5,-10.31,0.0,0.0,-10000.0,0.0,180.0,None,0.0,2.0
2025-11-08T01:48:56.521030,40.080,19.99,571.46,20.25,3.24,3.23,3.22,3.27,-9.5,-10.31,0.0,0.0,-10000.0,0.0,180.0,None,0.0,2.0
2025-11-08T01:48:56.522729,40.082,19.99,571.46,20.25,3.24,3.23,3.22,3.27,-9.5,-10.31,0.0,0.0,-10000.0,0.0,180.0,None,0.0,2.0
2025-11-08T01:48:56.523708,40.083,19.99,571.46,20.25,3.24,3.23,3.22,3.27,-9.5,-10.31,0.0,0.0,-10000.0,0.0,180.0,None,0.0,2.0
2025-11-08T01:48:56.524751,40.084,20.01,575.21,20.27,3.24,3.23,3.25,3.24,-9.5,-10.31,0.0,0.0,-10000.0,0.0,180.0,None,0.0,2.0
2025-11-08T01:48:56.526185,40.085,20.01,575.21,20.27,3.24,3.23,3.25,3.24,-9.5,-10.31,0.0,0.0,-10000.0,0.0,180.0,None,0.0,2.0
2025-11-08T01:48:56.527306,40.086,20.01,575.21,20.27,3.24,3.23,3.25,3.24,-9.5,-10.31,0.0,0.0,-10000.0,0.0,180.0,None,0.0,47.0
2025-11-08T01:48:56.528791,40.088,20.01,575.21,20.27,3.24,3.23,3.25,3.24,-9.5,-10.31,0.0,0.0,-10000.0,0.0,180.0,None,0.0,47.0
2025-11-08T01:48:56.529682,40.089,20.06,565.38,20.29,3.24,3.23,3.22,3.29,-9.5,-10.31,0.0,0.0,-10000.0,0.0,180.0,None,0.0,47.0
2025-11-08T01:48:56.530559,40.090,20.06,565.38,20.29,3.24,3.23,3.22,3.29,-9.5,-10.31,0.0,0.0,-10000.0,0.0,180.0,None,0.0,47.0
2025-11-08T01:48:56.531567,40.091,20.06,565.38,20.29,3.24,3.23,3.22,3.29,-9.5,-10.31,0.0,0.0,-10000.0,0.0,180.0,None,0.0,47.0
2025-11-08T01:48:56.532539,40.092,20.06,565.38,20.29,3.24,3.23,3.22,3.29,-9.5,-10.31,0.0,0.0,-10000.0,0.0,180.0,None,0.0,47.0
2025-11-08T01:48:56.536848,40.096,20.06,565.38,20.29,3.24,3.23,3.22,3.29,-9.5,-10.31,0.0,0.0,-10000.0,0.0,180.0,None,0.0,2.0
2025-11-08T01:48:56.539819,40.099,20.03,565.38,20.27,3.24,3.23,3.23,3.27,-9.5,-10.31,0.0,0.0,-10000.0,0.0,180.0,None,0.0,2.0
2025-11-08T01:48:56.540870,40.100,20.03,565.38,20.27,3.24,3.23,3.23,3.27,-9.5,-10.31,0.0,0.0,-10000.0,0.0,180.0,None,0.0,2.0
2025-11-08T01:48:56.542070,40.101,20.03,565.38,20.27,3.24,3.23,3.23,3.27,-9.5,-10.31,0.0,0.0,-10000.0,0.0,180.0,None,0.0,2.0
2025-11-08T01:48:56.543759,40.103,20.03,565.38,20.34,3.24,3.23,3.26,3.24,-9.5,-10.31,0.0,0.0,-10000.0,0.0,180.0,None,0.0,2.0
2025-11-08T01:48:56.545710,40.105,20.03,565.38,20.34,3.24,3.23,3.26,3.24,-9.5,-10.31,0.0,0.0,-10000.0,0.0,180.0,None,0.0,2.0
2025-11-08T01:48:56.546725,40.106,20.03,565.38,20.34,3.24,3.23,3.26,3.24,-9.5,-10.31,0.0,0.0,-10000.0,0.0,180.0,None,0.0,2.0
2025-11-08T01:48:56.547591,40.107,20.03,565.38,20.34,3.24,3.23,3.26,3.24,-9.5,-10.31,0.0,0.0,-10000.0,0.0,180.0,None,0.0,2.0
2025-11-08T01:48:56.548535,40.108,20.03,565.38,20.34,3.24,3.23,3.26,3.24,-9.5,-10.31,0.0,0.0,-10000.0,0.0,180.0,None,0.0,2.0
2025-11-08T01:48:56.550000,40.112,20.06,571.46,20.27,3.24,3.23,3.23,3.26,-9.5,-10.31,0.0,0.0,-10000.0,0.0,180.0,None,0.0,2.0
2025-11-08T01:48:56.555540,40.115,20.06,571.46,20.27,3.24,3.23,3.23,3.26,-9.5,-10.31,0.0,0.0,-10000.0,0.0,180.0,None,0.0,2.0
2025-11-08T01:48:57.255396,40.815,20.06,571.46,20.27,3.24,3.23,3.23,3.26,-9.5,-10.31,0.0,0.0,-10000.0,0.0,180.0,None,0.0,2.0
2025-11-08T01:48:57.256943,40.816,20.06,571.46,20.27,3.24,3.23,3.23,3.26,-9.5,-10.31,0.0,0.0,-10000.0,0.0,180.0,None,0.0,2.0
2025-11-08T01:48:57.258189,40.817,20.06,508.41,20.29,3.23,3.24,3.23,3.25,-9.5,-10.31,0.0,0.0,-10000.0,0.0,180.0,None,0.0,2.0
2025-11-08T01:48:57.259260,40.818,20.06,508.41,20.29,3.23,3.24,3.23,3.25,-9.5,-10.31,0.0,0.0,-10000.0,0.0,180.0,None,0.0,2.0
2025-11-08T01:48:57.261075,40.820,20.06,508.41,20.29,3.23,3.24,3.23,3.25,-9.5,-10.31,0.0,0.0,-10000.0,0.0,180.0,None,0.0,2.0
2025-11-08T01:48:57.262263,40.821,20.06,508.41,20.29,3.23,3.24,3.23,3.25,-9.5,-10.31,0.0,0.0,-10000.0,0.0,180.0,None,0.0,2.0
2025-11-08T01:48:57.263360,40.822,20.06,508.41,20.29,3.23,3.24,3.23,3.25,-9.5,-10.31,0.0,0.0,-10000.0,0.0,180.0,None,0.0,2.0
2025-11-08T01:48:57.264829,40.824,20.06,508.41,20.29,3.23,3.24,3.23,3.27,-9.5,-10.31,0.0,0.0,-10000.0,0.0,180.0,None,0.0,2.0
2025-11-08T01:48:57.266960,40.826,20.06,508.41,20.29,3.23,3.24,3.23,3.27,-9.5,-10.31,0.0,0.0,-10000.0,0.0,180.0,None,0.0,2.0
2025-11-08T01:48:57.268088,40.827,20.06,508.41,20.29,3.23,3.24,3.23,3.27,-9.5,-10.31,0.0,0.0,-10000.0,0.0,180.0,None,0.0,2.0
2025-11-08T01:48:57.269410,40.829,20.06,508.41,20.29,3.23,3.24,3.23,3.27,-9.5,-10.31,0.0,0.0,-10000.0,0.0,180.0,None,0.0,2.0
2025-11-08T01:48:57.270587,40.830,20.06,565.38,20.27,3.23,3.23,3.24,3.26,-9.5,-10.31,0.0,0.0,-10000.0,0.0,180.0,None,0.0,2.0
2025-11-08T01:48:57.273364,40.833,20.06,565.38,20.27,3.23,3.23,3.24,3.26,-9.5,-10.31,0.0,0.0,-10000.0,0.0,180.0,None,0.0,2.0
2025-11-08T01:48:57.275862,40.835,20.06,565.38,20.27,3.23,3.23,3.24,3.26,-9.5,-10.31,0.0,0.0,-10000.0,0.0,180.0,None,0.0,2.0
2025-11-08T01:48:57.277166,40.836,20.06,565.38,20.27,3.23,3.23,3.24,3.26,-9.5,-10.31,0.0,0.0,-10000.0,0.0,180.0,None,0.0,2.0
2025-11-08T01:48:57.278432,40.838,20.01,565.38,20.25,3.24,3.23,3.23,3.26,-9.5,-10.31,0.0,0.0,-10000.0,0.0,180.0,None,0.0,2.0
2025-11-08T01:48:57.280120,40.839,20.01,565.38,20.25,3.24,3.23,3.23,3.26,-9.5,-10.31,0.0,0.0,-10000.0,0.0,180.0,None,0.0,2.0
2025-11-08T01:48:57.281371,40.840,20.01,565.38,20.25,3.24,3.23,3.23,3.26,-9.5,-10.31,0.0,0.0,-10000.0,0.0,180.0,None,0.0,319.0
2025-11-08T01:48:58.027865,41.587,20.01,565.38,20.25,3.24,3.23,3.23,3.26,-9.5,-10.31,0.0,0.0,-10000.0,0.0,180.0,None,0.0,319.0
2025-11-08T01:48:58.029568,41.589,20.01,565.38,20.25,3.24,3.23,3.23,3.26,-9.5,-10.31,0.0,0.0,-10000.0,0.0,180.0,None,0.0,319.0
2025-11-08T01:48:58.030640,41.590,20.03,577.97,20.27,3.24,3.23,3.23,3.26,-9.5,-10.31,0.0,0.0,-10000.0,0.0,180.0,None,0.0,319.0
2025-11-08T01:48:58.031699,41.591,20.03,577.97,20.27,3.24,3.23,3.23,3.26,-9.5,-10.31,0.0,0.0,-10000.0,0.0,180.0,None,0.0,319.0
2025-11-08T01:48:58.033051,41.592,20.03,577.97,20.27,3.24,3.23,3.23,3.26,-9.5,-10.31,0.0,0.0,-10000.0,0.0,180.0,None,0.0,319.0
2025-11-08T01:48:58.034115,41.593,20.01,508.41,20.31,3.24,3.22,3.23,3.32,-9.5,-10.31,0.0,0.0,-10000.0,0.0,180.0,None,0.0,319.0
2025-11-08T01:48:58.034958,41.594,20.01,508.41,20.31,3.24,3.22,3.23,3.32,-9.5,-10.31,0.0,0.0,-10000.0,0.0,180.0,None,0.0,228.0
2025-11-08T01:48:58.036194,41.595,20.01,508.41,20.31,3.24,3.22,3.23,3.32,-9.5,-10.31,0.0,0.0,-10000.0,0.0,180.0,None,0.0,228.0
2025-11-08T01:48:58.037076,41.596,20.01,508.41,20.31,3.24,3.22,3.23,3.32,-9.5,-10.31,0.0,0.0,-10000.0,0.0,180.0,None,0.0,228.0
2025-11-08T01:48:58.038344,41.597,20.01,508.41,20.31,3.24,3.22,3.23,3.32,-9.5,-10.31,0.0,0.0,-10000.0,0.0,180.0,None,0.0,228.0
2025-11-08T01:48:58.039701,41.599,20.01,565.38,20.27,3.25,3.22,3.24,3.27,-9.5,-10.31,0.0,0.0,-10000.0,0.0,180.0,None,0.0,228.0
2025-11-08T01:48:58.044106,41.603,20.01,565.38,20.27,3.25,3.22,3.24,3.27,-9.5,-10.31,0.0,0.0,-10000.0,0.0,180.0,None,0.0,228.0
2025-11-08T01:48:58.045450,41.605,20.01,565.38,20.27,3.25,3.22,3.24,3.27,-9.5,-10.31,0.0,0.0,-10000.0,0.0,180.0,None,0.0,228.0
2025-11-08T01:48:58.046074,41.605,20.01,565.38,20.27,3.25,3.22,3.24,3.27,-9.5,-10.31,0.0,0.0,-10000.0,0.0,180.0,None,0.0,228.0
2025-11-08T01:48:58.046752,41.606,20.01,565.38,20.27,3.25,3.22,3.24,3.27,-9.5,-10.31,0.0,0.0,-10000.0,0.0,180.0,None,0.0,228.0
2025-11-08T01:48:58.050487,41.610,20.06,575.21,20.27,3.29,3.19,3.21,3.27,-9.5,-10.31,0.0,0.0,-10000.0,0.0,180.0,None,0.0,228.0
2025-11-08T01:48:58.051472,41.611,20.06,575.21,20.27,3.29,3.19,3.21,3.27,-9.5,-10.31,0.0,0.0,-10000.0,0.0,180.0,None,0.0,228.0
2025-11-08T01:48:58.052222,41.611,20.06,575.21,20.27,3.29,3.19,3.21,3.27,-9.5,-10.31,0.0,0.0,-10000.0,0.0,180.0,None,0.0,228.0
2025-11-08T01:48:58.052935,41.612,20.03,508.41,20.23,3.23,3.24,3.24,3.26,-9.5,-10.31,0.0,0.0,-10000.0,0.0,180.0,None,0.0,228.0
2025-11-08T01:48:58.056733,41.616,20.03,508.41,20.23,3.23,3.24,3.24,3.26,-9.5,-10.31,0.0,0.0,-10000.0,0.0,180.0,None,0.0,228.0
2025-11-08T01:48:58.057734,41.617,20.03,508.41,20.23,3.23,3.24,3.24,3.26,-9.5,-10.31,0.0,0.0,-10000.0,0.0,180.0,None,0.0,319.0
2025-11-08T01:48:58.746528,42.306,20.03,508.41,20.23,3.23,3.24,3.24,3.26,-9.5,-10.31,0.0,0.0,-10000.0,0.0,180.0,None,0.0,319.0
2025-11-08T01:48:58.747948,42.307,20.03,508.41,20.23,3.23,3.24,3.24,3.26,-9.5,-10.31,0.0,0.0,-10000.0,0.0,180.0,None,0.0,319.0
2025-11-08T01:48:58.749105,42.308,20.01,584.94,20.25,3.24,3.24,3.22,3.26,-9.5,-10.31,0.0,0.0,-10000.0,0.0,180.0,None,0.0,319.0
2025-11-08T01:48:58.750207,42.309,20.01,584.94,20.25,3.24,3.24,3.22,3.26,-9.5,-10.31,0.0,0.0,-10000.0,0.0,180.0,None,0.0,319.0
2025-11-08T01:48:58.751362,42.310,20.01,584.94,20.25,3.24,3.24,3.22,3.26,-9.5,-10.31,0.0,0.0,-10000.0,0.0,180.0,None,0.0,319.0
2025-11-08T01:48:58.752583,42.312,20.01,584.94,20.25,3.24,3.24,3.22,3.26,-9.5,-10.31,0.0,0.0,-10000.0,0.0,180.0,None,0.0,319.0
2025-11-08T01:48:58.753712,42.313,20.01,584.94,20.25,3.24,3.24,3.22,3.26,-9.5,-10.31,0.0,0.0,-10000.0,0.0,180.0,None,0.0,319.0
2025-11-08T01:48:58.755266,42.314,20.03,565.38,20.29,3.25,3.23,3.23,3.26,-9.5,-10.31,0.0,0.0,-10000.0,0.0,180.0,None,0.0,319.0
2025-11-08T01:48:58.756385,42.316,20.03,565.38,20.29,3.25,3.23,3.23,3.26,-9.5,-10.31,0.0,0.0,-10000.0,0.0,180.0,None,0.0,319.0
2025-11-08T01:48:58.757780,42.317,20.03,565.38,20.29,3.25,3.23,3.23,3.26,-9.5,-10.31,0.0,0.0,-10000.0,0.0,180.0,None,0.0,319.0
2025-11-08T01:48:58.758999,42.318,19.97,565.38,20.29,3.23,3.23,3.23,3.26,-9.5,-10.31,0.0,0.0,-10000.0,0.0,180.0,None,0.0,319.0
2025-11-08T01:48:58.760086,42.319,19.97,565.38,20.29,3.23,3.23,3.23,3.26,-9.5,-10.31,0.0,0.0,-10000.0,0.0,180.0,None,0.0,319.0
2025-11-08T01:48:58.761223,42.320,19.97,565.38,20.29,3.23,3.23,3.23,3.26,-9.5,-10.31,0.0,0.0,-10000.0,0.0,180.0,None,0.0,319.0
2025-11-08T01:48:58.762362,42.321,19.97,565.38,20.29,3.23,3.23,3.23,3.26,-9.5,-10.31,0.0,0.0,-10000.0,0.0,180.0,None,0.0,319.0
2025-11-08T01:48:58.763746,42.323,19.97,565.38,20.29,3.23,3.23,3.23,3.26,-9.5,-10.31,0.0,0.0,-10000.0,0.0,180.0,None,0.0,319.0
2025-11-08T01:48:58.768747,42.328,20.03,508.41,20.25,3.24,3.23,3.23,3.26,-9.5,-10.31,0.0,0.0,-10000.0,0.0,180.0,None,0.0,319.0
2025-11-08T01:48:58.771849,42.331,20.03,508.41,20.25,3.24,3.23,3.23,3.26,-9.5,-10.31,0.0,0.0,-10000.0,0.0,180.0,None,0.0,319.0
2025-11-08T01:48:59.445096,43.004,20.03,508.41,20.25,3.24,3.23,3.23,3.26,-9.5,-10.31,0.0,0.0,-10000.0,0.0,180.0,None,0.0,319.0
2025-11-08T01:48:59.446641,43.006,20.03,508.41,20.25,3.24,3.23,3.23,3.26,-9.5,-10.31,0.0,0.0,-10000.0,0.0,180.0,None,0.0,319.0
2025-11-08T01:48:59.454995,43.014,20.03,581.99,20.27,3.23,3.24,3.23,3.27,-9.5,-10.31,0.0,0.0,-10000.0,0.0,180.0,None,0.0,319.0
2025-11-08T01:48:59.458471,43.018,20.03,581.99,20.27,3.23,3.24,3.23,3.27,-9.5,-10.31,0.0,0.0,-10000.0,0.0,180.0,None,0.0,319.0
2025-11-08T01:48:59.461832,43.021,20.03,581.99,20.27,3.23,3.24,3.23,3.27,-9.5,-10.31,0.0,0.0,-10000.0,0.0,180.0,None,0.0,319.0
2025-11-08T01:48:59.463019,43.022,20.03,581.99,20.27,3.23,3.24,3.23,3.27,-9.5,-10.31,0.0,0.0,-10000.0,0.0,180.0,None,0.0,319.0
2025-11-08T01:48:59.464062,43.023,20.1,571.46,20.29,3.22,3.25,3.23,3.26,-9.5,-10.31,0.0,0.0,-10000.0,0.0,180.0,None,0.0,319.0
2025-11-08T01:48:59.465035,43.024,20.1,571.46,20.29,3.22,3.25,3.23,3.26,-9.5,-10.31,0.0,0.0,-10000.0,0.0,180.0,None,0.0,319.0
2025-11-08T01:48:59.465904,43.025,20.1,571.46,20.29,3.22,3.25,3.23,3.26,-9.5,-10.31,0.0,0.0,-10000.0,0.0,180.0,None,0.0,319.0
2025-11-08T01:48:59.467134,43.026,20.1,571.46,20.29,3.22,3.25,3.23,3.26,-9.5,-10.31,0.0,0.0,-10000.0,0.0,180.0,None,0.0,2.0
2025-11-08T01:48:59.468057,43.027,20.1,571.46,20.29,3.22,3.25,3.23,3.26,-9.5,-10.31,0.0,0.0,-10000.0,0.0,180.0,None,0.0,2.0
2025-11-08T01:48:59.469336,43.028,20.06,508.41,20.25,3.23,3.24,3.23,3.26,-9.5,-10.31,0.0,0.0,-10000.0,0.0,180.0,None,0.0,2.0
2025-11-08T01:48:59.470120,43.029,20.06,508.41,20.25,3.23,3.24,3.23,3.26,-9.5,-10.31,0.0,0.0,-10000.0,0.0,180.0,None,0.0,2.0
2025-11-08T01:48:59.470870,43.030,20.06,508.41,20.25,3.23,3.24,3.23,3.26,-9.5,-10.31,0.0,0.0,-10000.0,0.0,180.0,None,0.0,2.0
2025-11-08T01:48:59.476981,43.036,20.06,508.41,20.25,3.23,3.24,3.23,3.26,-9.5,-10.31,0.0,0.0,-10000.0,0.0,180.0,None,0.0,2.0
2025-11-08T01:48:59.479429,43.039,20.03,571.46,20.27,3.23,3.23,3.24,3.27,-9.5,-10.31,0.0,0.0,-10000.0,0.0,180.0,None,0.0,2.0
2025-11-08T01:48:59.480233,43.039,20.03,571.46,20.27,3.23,3.23,3.24,3.27,-9.5,-10.31,0.0,0.0,-10000.0,0.0,180.0,None,0.0,272.0
2025-11-08T01:48:59.480947,43.040,20.03,571.46,20.27,3.23,3.23,3.24,3.27,-9.5,-10.31,0.0,0.0,-10000.0,0.0,180.0,None,0.0,272.0
2025-11-08T01:48:59.482188,43.041,20.03,571.46,20.27,3.23,3.23,3.24,3.27,-9.5,-10.31,0.0,0.0,-10000.0,0.0,180.0,None,0.0,272.0
2025-11-08T01:49:00.259680,43.819,20.03,571.46,20.27,3.23,3.23,3.24,3.27,-9.5,-10.31,0.0,0.0,-10000.0,0.0,180.0,None,0.0,272.0
2025-11-08T01:49:00.260759,43.820,20.03,571.46,20.27,3.24,3.23,3.23,3.27,-9.5,-10.31,0.0,0.0,-10000.0,0.0,180.0,None,0.0,272.0
2025-11-08T01:49:00.261903,43.821,20.03,571.46,20.27,3.24,3.23,3.23,3.27,-9.5,-10.31,0.0,0.0,-10000.0,0.0,180.0,None,0.0,272.0
2025-11-08T01:49:00.262937,43.822,20.03,571.46,20.27,3.24,3.23,3.23,3.27,-9.5,-10.31,0.0,0.0,-10000.0,0.0,180.0,None,0.0,272.0
2025-11-08T01:49:00.263756,43.823,20.03,571.46,20.27,3.24,3.23,3.23,3.27,-9.5,-10.31,0.0,0.0,-10000.0,0.0,180.0,None,0.0,228.0
2025-11-08T01:49:00.264667,43.824,20.03,571.46,20.25,3.24,3.23,3.23,3.26,-9.5,-10.31,0.0,0.0,-10000.0,0.0,180.0,None,0.0,228.0
2025-11-08T01:49:00.269640,43.829,20.03,571.46,20.25,3.24,3.23,3.23,3.26,-9.5,-10.31,0.0,0.0,-10000.0,0.0,180.0,None,0.0,228.0
2025-11-08T01:49:00.270946,43.830,20.03,571.46,20.25,3.24,3.23,3.23,3.26,-9.5,-10.31,0.0,0.0,-10000.0,0.0,180.0,None,0.0,228.0
2025-11-08T01:49:00.275132,43.834,20.03,571.46,20.25,3.24,3.23,3.23,3.26,-9.5,-10.31,0.0,0.0,-10000.0,0.0,180.0,None,0.0,228.0
2025-11-08T01:49:00.279767,43.839,20.03,508.41,20.25,3.22,3.25,3.23,3.25,-9.5,-10.31,0.0,0.0,-10000.0,0.0,180.0,None,0.0,228.0
2025-11-08T01:49:00.281845,43.841,20.03,508.41,20.25,3.22,3.25,3.23,3.25,-9.5,-10.31,0.0,0.0,-10000.0,0.0,180.0,None,0.0,228.0
2025-11-08T01:49:00.282746,43.842,20.03,508.41,20.25,3.22,3.25,3.23,3.25,-9.5,-10.31,0.0,0.0,-10000.0,0.0,180.0,None,0.0,47.0
2025-11-08T01:49:00.283668,43.843,20.03,508.41,20.25,3.22,3.25,3.23,3.25,-9.5,-10.31,0.0,0.0,-10000.0,0.0,180.0,None,0.0,47.0
2025-11-08T01:49:00.284595,43.844,20.03,508.41,20.25,3.22,3.25,3.23,3.25,-9.5,-10.31,0.0,0.0,-10000.0,0.0,180.0,None,0.0,47.0
2025-11-08T01:49:00.285866,43.845,20.03,571.46,20.27,3.23,3.25,3.23,3.28,-9.5,-10.31,0.0,0.0,-10000.0,0.0,180.0,None,0.0,47.0
2025-11-08T01:49:00.287418,43.847,20.03,571.46,20.27,3.23,3.25,3.23,3.28,-9.5,-10.31,0.0,0.0,-10000.0,0.0,180.0,None,0.0,47.0
2025-11-08T01:49:00.293005,43.852,20.03,571.46,20.27,3.23,3.25,3.23,3.28,-9.5,-10.31,0.0,0.0,-10000.0,0.0,180.0,None,0.0,47.0
2025-11-08T01:49:00.296429,43.856,20.03,571.46,20.23,3.24,3.23,3.23,3.25,-9.5,-10.31,0.0,0.0,-10000.0,0.0,180.0,None,0.0,47.0
2025-11-08T01:49:00.297486,43.857,20.03,571.46,20.23,3.24,3.23,3.23,3.25,-9.5,-10.31,0.0,0.0,-10000.0,0.0,180.0,None,0.0,47.0
2025-11-08T01:49:00.298458,43.858,20.03,571.46,20.23,3.24,3.23,3.23,3.25,-9.5,-10.31,0.0,0.0,-10000.0,0.0,180.0,None,0.0,47.0
2025-11-08T01:49:00.299403,43.859,20.03,571.46,20.23,3.24,3.23,3.23,3.25,-9.5,-10.31,0.0,0.0,-10000.0,0.0,180.0,None,0.0,47.0
2025-11-08T01:49:00.991000,44.550,20.03,571.46,20.23,3.24,3.23,3.23,3.25,-9.5,-10.31,0.0,0.0,-10000.0,0.0,180.0,None,0.0,47.0
2025-11-08T01:49:00.992171,44.551,19.73,575.21,20.29,3.24,3.23,3.23,3.27,-9.5,-10.31,0.0,0.0,-10000.0,0.0,180.0,None,0.0,47.0
2025-11-08T01:49:00.993144,44.552,19.73,575.21,20.29,3.24,3.23,3.23,3.27,-9.5,-10.31,0.0,0.0,-10000.0,0.0,180.0,None,0.0,47.0
2025-11-08T01:49:00.994070,44.553,19.73,575.21,20.29,3.24,3.23,3.23,3.27,-9.5,-10.31,0.0,0.0,-10000.0,0.0,180.0,None,0.0,47.0
2025-11-08T01:49:00.994890,44.554,19.73,575.21,20.29,3.24,3.23,3.23,3.27,-9.5,-10.31,0.0,0.0,-10000.0,0.0,180.0,None,0.0,47.0
2025-11-08T01:49:00.995760,44.555,19.73,575.21,20.29,3.24,3.23,3.23,3.27,-9.5,-10.31,0.0,0.0,-10000.0,0.0,180.0,None,0.0,47.0
2025-11-08T01:49:00.999237,44.558,20.06,581.99,20.25,3.24,3.23,3.23,3.26,-9.5,-10.31,0.0,0.0,-10000.0,0.0,180.0,None,0.0,47.0
2025-11-08T01:49:01.000169,44.559,20.06,581.99,20.25,3.24,3.23,3.23,3.26,-9.5,-10.31,0.0,0.0,-10000.0,0.0,180.0,None,0.0,47.0
2025-11-08T01:49:01.006209,44.565,20.06,581.99,20.25,3.24,3.23,3.23,3.26,-9.5,-10.31,0.0,0.0,-10000.0,0.0,180.0,None,0.0,47.0
2025-11-08T01:49:01.007819,44.567,20.03,571.46,20.25,3.23,3.24,3.24,3.26,-9.5,-10.31,0.0,0.0,-10000.0,0.0,180.0,None,0.0,47.0
2025-11-08T01:49:01.008848,44.568,20.03,571.46,20.25,3.23,3.24,3.24,3.26,-9.5,-10.31,0.0,0.0,-10000.0,0.0,180.0,None,0.0,47.0
2025-11-08T01:49:01.009739,44.569,20.03,571.46,20.25,3.23,3.24,3.24,3.26,-9.5,-10.31,0.0,0.0,-10000.0,0.0,180.0,None,0.0,47.0
2025-11-08T01:49:01.011562,44.571,20.03,571.46,20.25,3.23,3.24,3.24,3.26,-9.5,-10.31,0.0,0.0,-10000.0,0.0,180.0,None,0.0,47.0
2025-11-08T01:49:01.012566,44.572,20.03,571.46,20.25,3.23,3.24,3.24,3.26,-9.5,-10.31,0.0,0.0,-10000.0,0.0,180.0,None,0.0,47.0
2025-11-08T01:49:01.013558,44.573,20.03,565.38,20.36,3.22,3.25,3.23,3.27,-9.5,-10.31,0.0,0.0,-10000.0,0.0,180.0,None,0.0,47.0
2025-11-08T01:49:01.016970,44.576,20.03,565.38,20.36,3.22,3.25,3.23,3.27,-9.5,-10.31,0.0,0.0,-10000.0,0.0,180.0,None,0.0,47.0
2025-11-08T01:49:01.017810,44.577,20.03,565.38,20.36,3.22,3.25,3.23,3.27,-9.5,-10.31,0.0,0.0,-10000.0,0.0,180.0,None,0.0,47.0
2025-11-08T01:49:01.734227,45.293,20.03,565.38,20.36,3.22,3.25,3.23,3.27,-9.5,-10.31,0.0,0.0,-10000.0,0.0,180.0,None,0.0,139.0
2025-11-08T01:49:01.735700,45.295,20.03,565.38,20.36,3.22,3.25,3.23,3.27,-9.5,-10.31,0.0,0.0,-10000.0,0.0,180.0,None,0.0,139.0
2025-11-08T01:49:01.736804,45.296,20.06,565.38,20.27,3.23,3.24,3.21,3.32,-9.5,-10.31,0.0,0.0,-10000.0,0.0,180.0,None,0.0,139.0
2025-11-08T01:49:01.737863,45.297,20.06,565.38,20.27,3.23,3.24,3.21,3.32,-9.5,-10.31,0.0,0.0,-10000.0,0.0,180.0,None,0.0,139.0
2025-11-08T01:49:01.741600,45.301,20.06,565.38,20.27,3.23,3.24,3.21,3.32,-9.5,-10.31,0.0,0.0,-10000.0,0.0,180.0,None,0.0,139.0
2025-11-08T01:49:01.744791,45.304,20.06,575.21,20.27,3.24,3.23,3.23,3.26,-9.5,-10.31,0.0,0.0,-10000.0,0.0,180.0,None,0.0,139.0
2025-11-08T01:49:01.747789,45.307,20.06,575.21,20.27,3.24,3.23,3.23,3.26,-9.5,-10.31,0.0,0.0,-10000.0,0.0,180.0,None,0.0,139.0
2025-11-08T01:49:01.749158,45.308,20.06,575.21,20.27,3.24,3.23,3.23,3.26,-9.5,-10.31,0.0,0.0,-10000.0,0.0,180.0,None,0.0,139.0
2025-11-08T01:49:01.750074,45.309,20.06,575.21,20.27,3.24,3.23,3.23,3.26,-9.5,-10.31,0.0,0.0,-10000.0,0.0,180.0,None,0.0,181.0
2025-11-08T01:49:01.751044,45.310,20.06,575.21,20.27,3.24,3.23,3.23,3.26,-9.5,-10.31,0.0,0.0,-10000.0,0.0,180.0,None,0.0,181.0
2025-11-08T01:49:01.752257,45.311,20.03,508.41,20.27,3.24,3.23,3.23,3.27,-9.5,-10.31,0.0,0.0,-10000.0,0.0,180.0,None,0.0,181.0
2025-11-08T01:49:01.755111,45.314,20.03,508.41,20.27,3.24,3.23,3.23,3.27,-9.5,-10.31,0.0,0.0,-10000.0,0.0,180.0,None,0.0,181.0
2025-11-08T01:49:01.757725,45.317,20.03,508.41,20.27,3.24,3.23,3.23,3.27,-9.5,-10.31,0.0,0.0,-10000.0,0.0,180.0,None,0.0,181.0
2025-11-08T01:49:01.761206,45.320,20.03,508.41,20.27,3.24,3.23,3.23,3.27,-9.5,-10.31,0.0,0.0,-10000.0,0.0,180.0,None,0.0,181.0
2025-11-08T01:49:01.762383,45.322,20.08,565.38,20.25,3.23,3.24,3.23,3.25,-9.5,-10.31,0.0,0.0,-10000.0,0.0,180.0,None,0.0,181.0
2025-11-08T01:49:01.763310,45.322,20.08,565.38,20.25,3.23,3.24,3.23,3.25,-9.5,-10.31,0.0,0.0,-10000.0,0.0,180.0,None,0.0,181.0
2025-11-08T01:49:01.764303,45.323,20.08,565.38,20.25,3.23,3.24,3.23,3.25,-9.5,-10.31,0.0,0.0,-10000.0,0.0,180.0,None,0.0,181.0
2025-11-08T01:49:01.765676,45.325,20.08,565.38,20.25,3.23,3.24,3.23,3.25,-9.5,-10.31,0.0,0.0,-10000.0,0.0,180.0,None,0.0,181.0
2025-11-08T01:49:01.766679,45.326,20.03,565.38,20.25,3.24,3.23,3.23,3.27,-9.5,-10.31,0.0,0.0,-10000.0,0.0,180.0,None,0.0,181.0
2025-11-08T01:49:01.767707,45.327,20.03,565.38,20.25,3.24,3.23,3.23,3.27,-9.5,-10.31,0.0,0.0,-10000.0,0.0,180.0,None,0.0,181.0
2025-11-08T01:49:01.768699,45.328,20.03,565.38,20.25,3.24,3.23,3.23,3.27,-9.5,-10.31,0.0,0.0,-10000.0,0.0,180.0,None,0.0,181.0
2025-11-08T01:49:01.769585,45.329,20.03,565.38,20.25,3.24,3.23,3.23,3.27,-9.5,-10.31,0.0,0.0,-10000.0,0.0,180.0,None,0.0,319.0
2025-11-08T01:49:02.386943,45.946,20.03,565.38,20.25,3.24,3.23,3.23,3.27,-9.5,-10.31,0.0,0.0,-10000.0,0.0,180.0,None,0.0,319.0
2025-11-08T01:49:02.388369,45.947,20.06,565.38,20.31,3.24,3.23,3.23,3.26,-9.5,-10.31,0.0,0.0,-10000.0,0.0,180.0,None,0.0,319.0
2025-11-08T01:49:02.389458,45.949,20.06,565.38,20.31,3.24,3.23,3.23,3.26,-9.5,-10.31,0.0,0.0,-10000.0,0.0,180.0,None,0.0,319.0
2025-11-08T01:49:02.390762,45.950,20.06,565.38,20.31,3.24,3.23,3.23,3.26,-9.5,-10.31,0.0,0.0,-10000.0,0.0,180.0,None,0.0,319.0
2025-11-08T01:49:02.391767,45.951,20.06,565.38,20.31,3.24,3.23,3.23,3.26,-9.5,-10.31,0.0,0.0,-10000.0,0.0,180.0,None,0.0,319.0
2025-11-08T01:49:02.392786,45.952,19.99,508.41,20.31,3.23,3.24,3.23,3.27,-9.5,-10.31,0.0,0.0,-10000.0,0.0,180.0,None,0.0,319.0
2025-11-08T01:49:02.393687,45.953,19.99,508.41,20.31,3.23,3.24,3.23,3.27,-9.5,-10.31,0.0,0.0,-10000.0,0.0,180.0,None,0.0,2.0
2025-11-08T01:49:02.394674,45.954,19.99,508.41,20.31,3.23,3.24,3.23,3.27,-9.5,-10.31,0.0,0.0,-10000.0,0.0,180.0,None,0.0,2.0
2025-11-08T01:49:02.395691,45.955,19.99,508.41,20.31,3.23,3.24,3.23,3.27,-9.5,-10.31,0.0,0.0,-10000.0,0.0,180.0,None,0.0,2.0
2025-11-08T01:49:02.396675,45.956,19.69,583.56,20.27,3.24,3.24,3.23,3.27,-9.5,-10.31,0.0,0.0,-10000.0,0.0,180.0,None,0.0,2.0
2025-11-08T01:49:02.397818,45.957,19.69,583.56,20.27,3.24,3.24,3.23,3.27,-9.5,-10.31,0.0,0.0,-10000.0,0.0,180.0,None,0.0,2.0
2025-11-08T01:49:02.398747,45.958,19.69,583.56,20.27,3.24,3.24,3.23,3.27,-9.5,-10.31,0.0,0.0,-10000.0,0.0,180.0,None,0.0,2.0
2025-11-08T01:49:02.399566,45.959,19.69,583.56,20.27,3.24,3.24,3.23,3.27,-9.5,-10.31,0.0,0.0,-10000.0,0.0,180.0,None,0.0,2.0
2025-11-08T01:49:02.400101,45.959,19.69,583.56,20.27,3.24,3.24,3.23,3.27,-9.5,-10.31,0.0,0.0,-10000.0,0.0,180.0,None,0.0,2.0
2025-11-08T01:49:02.400734,45.960,20.03,571.46,20.29,3.24,3.23,3.23,3.27,-9.5,-10.31,0.0,0.0,-10000.0,0.0,180.0,None,0.0,2.0
2025-11-08T01:49:02.401979,45.961,20.03,571.46,20.29,3.24,3.23,3.23,3.27,-9.5,-10.31,0.0,0.0,-10000.0,0.0,180.0,None,0.0,2.0
2025-11-08T01:49:03.023972,46.583,20.03,571.46,20.29,3.24,3.23,3.23,3.27,-9.5,-10.31,0.0,0.0,-10000.0,0.0,180.0,None,0.0,2.0
2025-11-08T01:49:03.025562,46.585,20.03,571.46,20.29,3.24,3.23,3.23,3.27,-9.5,-10.31,0.0,0.0,-10000.0,0.0,180.0,None,0.0,2.0
2025-11-08T01:49:03.026771,46.586,20.01,571.46,20.29,3.24,3.23,3.22,3.27,-9.5,-10.31,0.0,0.0,-10000.0,0.0,180.0,None,0.0,2.0
2025-11-08T01:49:03.027931,46.587,20.01,571.46,20.29,3.24,3.23,3.22,3.27,-9.5,-10.31,0.0,0.0,-10000.0,0.0,180.0,None,0.0,2.0
2025-11-08T01:49:03.029183,46.588,20.01,571.46,20.29,3.24,3.23,3.22,3.27,-9.5,-10.31,0.0,0.0,-10000.0,0.0,180.0,None,0.0,228.0
2025-11-08T01:49:03.030404,46.590,20.01,571.46,20.29,3.24,3.23,3.22,3.27,-9.5,-10.31,0.0,0.0,-10000.0,0.0,180.0,None,0.0,228.0
2025-11-08T01:49:03.031593,46.591,20.01,575.21,20.27,3.24,3.24,3.23,3.26,-9.5,-10.31,0.0,0.0,-10000.0,0.0,180.0,None,0.0,228.0
2025-11-08T01:49:03.032757,46.592,20.01,575.21,20.27,3.24,3.24,3.23,3.26,-9.5,-10.31,0.0,0.0,-10000.0,0.0,180.0,None,0.0,228.0
2025-11-08T01:49:03.034014,46.593,20.01,575.21,20.27,3.24,3.24,3.23,3.26,-9.5,-10.31,0.0,0.0,-10000.0,0.0,180.0,None,0.0,228.0
2025-11-08T01:49:03.035255,46.594,20.01,575.21,20.27,3.24,3.24,3.23,3.26,-9.5,-10.31,0.0,0.0,-10000.0,0.0,180.0,None,0.0,228.0
2025-11-08T01:49:03.036471,46.596,20.03,571.46,20.21,3.23,3.24,3.23,3.27,-9.5,-10.31,0.0,0.0,-10000.0,0.0,180.0,None,0.0,228.0
2025-11-08T01:49:03.037619,46.597,20.03,571.46,20.21,3.23,3.24,3.23,3.27,-9.5,-10.31,0.0,0.0,-10000.0,0.0,180.0,None,0.0,228.0
2025-11-08T01:49:03.038893,46.598,20.03,571.46,20.21,3.23,3.24,3.23,3.27,-9.5,-10.31,0.0,0.0,-10000.0,0.0,180.0,None,0.0,139.0
2025-11-08T01:49:03.040980,46.600,20.03,571.46,20.21,3.23,3.24,3.23,3.27,-9.5,-10.31,0.0,0.0,-10000.0,0.0,180.0,None,0.0,139.0
2025-11-08T01:49:03.042270,46.601,20.03,571.46,20.21,3.23,3.24,3.23,3.27,-9.5,-10.31,0.0,0.0,-10000.0,0.0,180.0,None,0.0,139.0
2025-11-08T01:49:03.044048,46.603,20.06,508.41,20.29,3.24,3.23,3.23,3.26,-9.5,-10.31,0.0,0.0,-10000.0,0.0,180.0,None,0.0,139.0
2025-11-08T01:49:03.781702,47.341,20.06,508.41,20.29,3.24,3.23,3.23,3.26,-9.5,-10.31,0.0,0.0,-10000.0,0.0,180.0,None,0.0,139.0
2025-11-08T01:49:03.783058,47.342,20.06,508.41,20.29,3.24,3.23,3.23,3.26,-9.5,-10.31,0.0,0.0,-10000.0,0.0,180.0,None,0.0,139.0
2025-11-08T01:49:03.783906,47.343,20.06,508.41,20.29,3.24,3.23,3.23,3.26,-9.5,-10.31,0.0,0.0,-10000.0,0.0,180.0,None,0.0,139.0
2025-11-08T01:49:03.784778,47.344,20.01,565.38,20.27,3.24,3.23,3.23,3.27,-9.5,-10.31,0.0,0.0,-10000.0,0.0,180.0,None,0.0,139.0
2025-11-08T01:49:03.785580,47.345,20.01,565.38,20.27,3.24,3.23,3.23,3.27,-9.5,-10.31,0.0,0.0,-10000.0,0.0,180.0,None,0.0,139.0
2025-11-08T01:49:03.786513,47.346,20.01,565.38,20.27,3.24,3.23,3.23,3.27,-9.5,-10.31,0.0,0.0,-10000.0,0.0,180.0,None,0.0,139.0
2025-11-08T01:49:03.787661,47.347,20.01,565.38,20.27,3.24,3.23,3.23,3.27,-9.5,-10.31,0.0,0.0,-10000.0,0.0,180.0,None,0.0,139.0
2025-11-08T01:49:03.788357,47.347,20.03,565.38,20.19,3.24,3.23,3.23,3.27,-9.5,-10.31,0.0,0.0,-10000.0,0.0,180.0,None,0.0,139.0
2025-11-08T01:49:03.789079,47.348,20.03,565.38,20.19,3.24,3.23,3.23,3.27,-9.5,-10.31,0.0,0.0,-10000.0,0.0,180.0,None,0.0,139.0
2025-11-08T01:49:03.789830,47.349,20.03,565.38,20.19,3.24,3.23,3.23,3.27,-9.5,-10.31,0.0,0.0,-10000.0,0.0,180.0,None,0.0,47.0
2025-11-08T01:49:03.790740,47.350,20.03,565.38,20.19,3.24,3.23,3.23,3.27,-9.5,-10.31,0.0,0.0,-10000.0,0.0,180.0,None,0.0,47.0
2025-11-08T01:49:03.791466,47.351,20.03,565.38,20.19,3.24,3.23,3.23,3.27,-9.5,-10.31,0.0,0.0,-10000.0,0.0,180.0,None,0.0,47.0
2025-11-08T01:49:03.792246,47.351,20.06,565.38,20.31,3.23,3.23,3.23,3.29,-9.5,-10.31,0.0,0.0,-10000.0,0.0,180.0,None,0.0,47.0
2025-11-08T01:49:03.796041,47.355,20.06,565.38,20.31,3.23,3.23,3.23,3.29,-9.5,-10.31,0.0,0.0,-10000.0,0.0,180.0,None,0.0,47.0
2025-11-08T01:49:03.797681,47.357,20.06,565.38,20.31,3.23,3.23,3.23,3.29,-9.5,-10.31,0.0,0.0,-10000.0,0.0,180.0,None,0.0,47.0
2025-11-08T01:49:03.799282,47.358,20.16,508.41,20.27,3.24,3.23,3.23,3.26,-9.5,-10.31,0.0,0.0,-10000.0,0.0,180.0,None,0.0,47.0
2025-11-08T01:49:03.800218,47.359,20.16,508.41,20.27,3.24,3.23,3.23,3.26,-9.5,-10.31,0.0,0.0,-10000.0,0.0,180.0,None,0.0,139.0
2025-11-08T01:49:03.801134,47.360,20.16,508.41,20.27,3.24,3.23,3.23,3.26,-9.5,-10.31,0.0,0.0,-10000.0,0.0,180.0,None,0.0,139.0
2025-11-08T01:49:03.802166,47.361,20.16,508.41,20.27,3.24,3.23,3.23,3.26,-9.5,-10.31,0.0,0.0,-10000.0,0.0,180.0,None,0.0,139.0
2025-11-08T01:49:03.803425,47.363,20.16,508.41,20.27,3.24,3.23,3.23,3.26,-9.5,-10.31,0.0,0.0,-10000.0,0.0,180.0,None,0.0,139.0
2025-11-08T01:49:04.438535,47.998,20.06,565.38,20.25,3.24,3.23,3.23,3.26,-9.5,-10.31,0.0,0.0,-10000.0,0.0,180.0,None,0.0,139.0
2025-11-08T01:49:04.439953,47.999,20.06,565.38,20.25,3.24,3.23,3.23,3.26,-9.5,-10.31,0.0,0.0,-10000.0,0.0,180.0,None,0.0,139.0
2025-11-08T01:49:04.440983,48.000,20.06,565.38,20.25,3.24,3.23,3.23,3.26,-9.5,-10.31,0.0,0.0,-10000.0,0.0,180.0,None,0.0,139.0
2025-11-08T01:49:04.441922,48.001,20.06,565.38,20.25,3.24,3.23,3.23,3.26,-9.5,-10.31,0.0,0.0,-10000.0,0.0,180.0,None,0.0,139.0
2025-11-08T01:49:04.443040,48.002,20.06,565.38,20.25,3.24,3.23,3.23,3.26,-9.5,-10.31,0.0,0.0,-10000.0,0.0,180.0,None,0.0,139.0
2025-11-08T01:49:04.444032,48.003,19.99,565.38,20.29,3.24,3.23,3.22,3.27,-9.5,-10.31,0.0,0.0,-10000.0,0.0,180.0,None,0.0,139.0
2025-11-08T01:49:04.449439,48.009,19.99,565.38,20.29,3.24,3.23,3.22,3.27,-9.5,-10.31,0.0,0.0,-10000.0,0.0,180.0,None,0.0,139.0
2025-11-08T01:49:04.450665,48.010,19.99,565.38,20.29,3.24,3.23,3.22,3.27,-9.5,-10.31,0.0,0.0,-10000.0,0.0,180.0,None,0.0,139.0
2025-11-08T01:49:04.460120,48.019,20.01,565.38,20.27,3.22,3.25,3.23,3.26,-9.5,-10.31,0.0,0.0,-10000.0,0.0,180.0,None,0.0,139.0
2025-11-08T01:49:04.468324,48.027,20.01,565.38,20.27,3.22,3.25,3.23,3.26,-9.5,-10.31,0.0,0.0,-10000.0,0.0,180.0,None,0.0,139.0
2025-11-08T01:49:04.472053,48.031,20.01,565.38,20.27,3.22,3.25,3.23,3.26,-9.5,-10.31,0.0,0.0,-10000.0,0.0,180.0,None,0.0,181.0
2025-11-08T01:49:04.473428,48.033,20.01,565.38,20.27,3.22,3.25,3.23,3.26,-9.5,-10.31,0.0,0.0,-10000.0,0.0,180.0,None,0.0,181.0
2025-11-08T01:49:04.479490,48.039,20.01,565.38,20.27,3.22,3.25,3.23,3.26,-9.5,-10.31,0.0,0.0,-10000.0,0.0,180.0,None,0.0,181.0
2025-11-08T01:49:04.485295,48.044,20.06,571.46,20.27,3.23,3.23,3.23,3.27,-9.5,-10.31,0.0,0.0,-10000.0,0.0,180.0,None,0.0,181.0
2025-11-08T01:49:04.491431,48.051,20.06,571.46,20.27,3.23,3.23,3.23,3.27,-9.5,-10.31,0.0,0.0,-10000.0,0.0,180.0,None,0.0,181.0
2025-11-08T01:49:05.257143,48.816,20.06,571.46,20.27,3.23,3.23,3.23,3.27,-9.5,-10.31,0.0,0.0,-10000.0,0.0,180.0,None,0.0,181.0
2025-11-08T01:49:05.258674,48.818,20.06,571.46,20.27,3.23,3.23,3.23,3.27,-9.5,-10.31,0.0,0.0,-10000.0,0.0,180.0,None,0.0,139.0
2025-11-08T01:49:05.260178,48.819,20.06,571.46,20.27,3.23,3.23,3.23,3.27,-9.5,-10.31,0.0,0.0,-10000.0,0.0,180.0,None,0.0,139.0
2025-11-08T01:49:05.261445,48.821,20.06,508.41,20.27,3.24,3.24,3.22,3.27,-9.5,-10.31,0.0,0.0,-10000.0,0.0,180.0,None,0.0,139.0
2025-11-08T01:49:05.263573,48.823,20.06,508.41,20.27,3.24,3.24,3.22,3.27,-9.5,-10.31,0.0,0.0,-10000.0,0.0,180.0,None,0.0,139.0
2025-11-08T01:49:05.264997,48.824,20.06,508.41,20.27,3.24,3.24,3.22,3.27,-9.5,-10.31,0.0,0.0,-10000.0,0.0,180.0,None,0.0,139.0
2025-11-08T01:49:05.266608,48.826,20.06,508.41,20.29,3.24,3.24,3.23,3.26,-9.5,-10.31,0.0,0.0,-10000.0,0.0,180.0,None,0.0,139.0
2025-11-08T01:49:05.268704,48.828,20.06,508.41,20.29,3.24,3.24,3.23,3.26,-9.5,-10.31,0.0,0.0,-10000.0,0.0,180.0,None,0.0,139.0
2025-11-08T01:49:05.270115,48.829,20.06,508.41,20.29,3.24,3.24,3.23,3.26,-9.5,-10.31,0.0,0.0,-10000.0,0.0,180.0,None,0.0,139.0
2025-11-08T01:49:05.271589,48.831,20.06,508.41,20.29,3.24,3.24,3.23,3.26,-9.5,-10.31,0.0,0.0,-10000.0,0.0,180.0,None,0.0,139.0
2025-11-08T01:49:05.273850,48.833,20.06,508.41,20.29,3.24,3.24,3.23,3.26,-9.5,-10.31,0.0,0.0,-10000.0,0.0,180.0,None,0.0,139.0
2025-11-08T01:49:05.275148,48.834,20.01,571.46,20.25,3.24,3.23,3.23,3.25,-9.5,-10.31,0.0,0.0,-10000.0,0.0,180.0,None,0.0,139.0
2025-11-08T01:49:05.276308,48.835,20.01,571.46,20.25,3.24,3.23,3.23,3.25,-9.5,-10.31,0.0,0.0,-10000.0,0.0,180.0,None,0.0,139.0
2025-11-08T01:49:05.277682,48.837,20.01,571.46,20.25,3.24,3.23,3.23,3.25,-9.5,-10.31,0.0,0.0,-10000.0,0.0,180.0,None,0.0,139.0
2025-11-08T01:49:05.278952,48.838,20.01,571.46,20.25,3.24,3.23,3.23,3.25,-9.5,-10.31,0.0,0.0,-10000.0,0.0,180.0,None,0.0,139.0
2025-11-08T01:49:05.280869,48.840,20.03,508.41,20.27,3.23,3.24,3.23,3.26,-9.5,-10.31,0.0,0.0,-10000.0,0.0,180.0,None,0.0,139.0
2025-11-08T01:49:05.281911,48.841,20.03,508.41,20.27,3.23,3.24,3.23,3.26,-9.5,-10.31,0.0,0.0,-10000.0,0.0,180.0,None,0.0,151.0
2025-11-08T01:49:05.283102,48.842,20.03,508.41,20.27,3.23,3.24,3.23,3.26,-9.5,-10.31,0.0,0.0,-10000.0,0.0,180.0,None,0.0,151.0
2025-11-08T01:49:05.284304,48.843,20.03,508.41,20.27,3.23,3.24,3.23,3.26,-9.5,-10.31,0.0,0.0,-10000.0,0.0,180.0,None,0.0,151.0
2025-11-08T01:49:05.286123,48.845,20.06,571.46,20.31,3.23,3.25,3.23,3.27,-9.5,-10.31,0.0,0.0,-10000.0,0.0,180.0,None,0.0,151.0
2025-11-08T01:49:05.288206,48.847,20.06,571.46,20.31,3.23,3.25,3.23,3.27,-9.5,-10.31,0.0,0.0,-10000.0,0.0,180.0,None,0.0,151.0
2025-11-08T01:49:05.289372,48.849,20.06,571.46,20.31,3.23,3.25,3.23,3.27,-9.5,-10.31,0.0,0.0,-10000.0,0.0,180.0,None,0.0,151.0
2025-11-08T01:49:05.290461,48.850,20.06,571.46,20.31,3.23,3.25,3.23,3.27,-9.5,-10.31,0.0,0.0,-10000.0,0.0,180.0,None,0.0,159.0
2025-11-08T01:49:05.292045,48.851,20.06,571.46,20.31,3.23,3.25,3.23,3.27,-9.5,-10.31,0.0,0.0,-10000.0,0.0,180.0,None,0.0,159.0
2025-11-08T01:49:05.921613,49.481,20.01,565.38,20.27,3.23,3.25,3.22,3.27,-9.5,-10.31,0.0,0.0,-10000.0,0.0,180.0,None,0.0,159.0
2025-11-08T01:49:05.923224,49.482,20.01,565.38,20.27,3.23,3.25,3.22,3.27,-9.5,-10.31,0.0,0.0,-10000.0,0.0,180.0,None,0.0,159.0
2025-11-08T01:49:05.924360,49.483,20.01,565.38,20.27,3.23,3.25,3.22,3.27,-9.5,-10.31,0.0,0.0,-10000.0,0.0,180.0,None,0.0,159.0
2025-11-08T01:49:05.925359,49.484,20.01,565.38,20.27,3.23,3.25,3.22,3.27,-9.5,-10.31,0.0,0.0,-10000.0,0.0,180.0,None,0.0,159.0
2025-11-08T01:49:05.926323,49.485,20.12,571.46,20.27,3.24,3.23,3.23,3.26,-9.5,-10.31,0.0,0.0,-10000.0,0.0,180.0,None,0.0,159.0
2025-11-08T01:49:05.927500,49.487,20.12,571.46,20.27,3.24,3.23,3.23,3.26,-9.5,-10.31,0.0,0.0,-10000.0,0.0,180.0,None,0.0,159.0
2025-11-08T01:49:05.928418,49.488,20.12,571.46,20.27,3.24,3.23,3.23,3.26,-9.5,-10.31,0.0,0.0,-10000.0,0.0,180.0,None,0.0,181.0
2025-11-08T01:49:05.929138,49.488,20.12,571.46,20.27,3.24,3.23,3.23,3.26,-9.5,-10.31,0.0,0.0,-10000.0,0.0,180.0,None,0.0,181.0
2025-11-08T01:49:05.929920,49.489,20.03,565.38,20.25,3.24,3.23,3.23,3.25,-9.5,-10.31,0.0,0.0,-10000.0,0.0,180.0,None,0.0,181.0
2025-11-08T01:49:05.931056,49.490,20.03,565.38,20.25,3.24,3.23,3.23,3.25,-9.5,-10.31,0.0,0.0,-10000.0,0.0,180.0,None,0.0,181.0
2025-11-08T01:49:05.934758,49.494,20.03,565.38,20.25,3.24,3.23,3.23,3.25,-9.5,-10.31,0.0,0.0,-10000.0,0.0,180.0,None,0.0,181.0
2025-11-08T01:49:05.936438,49.496,20.03,565.38,20.25,3.24,3.23,3.23,3.25,-9.5,-10.31,0.0,0.0,-10000.0,0.0,180.0,None,0.0,181.0
2025-11-08T01:49:05.937460,49.497,20.03,565.38,20.25,3.24,3.23,3.23,3.25,-9.5,-10.31,0.0,0.0,-10000.0,0.0,180.0,None,0.0,181.0
2025-11-08T01:49:05.938483,49.498,20.01,508.41,20.27,3.24,3.23,3.22,3.27,-9.5,-10.31,0.0,0.0,-10000.0,0.0,180.0,None,0.0,181.0
2025-11-08T01:49:06.702031,50.261,20.01,508.41,20.27,3.24,3.23,3.22,3.27,-9.5,-10.31,0.0,0.0,-10000.0,0.0,180.0,None,0.0,181.0
2025-11-08T01:49:06.703747,50.263,20.01,508.41,20.27,3.24,3.23,3.22,3.27,-9.5,-10.31,0.0,0.0,-10000.0,0.0,180.0,None,0.0,181.0
2025-11-08T01:49:06.704779,50.264,20.01,508.41,20.27,3.24,3.23,3.22,3.27,-9.5,-10.31,0.0,0.0,-10000.0,0.0,180.0,None,0.0,181.0
2025-11-08T01:49:06.705806,50.265,20.03,571.46,20.21,3.24,3.23,3.23,3.27,-9.5,-10.31,0.0,0.0,-10000.0,0.0,180.0,None,0.0,181.0
2025-11-08T01:49:06.706639,50.266,20.03,571.46,20.21,3.24,3.23,3.23,3.27,-9.5,-10.31,0.0,0.0,-10000.0,0.0,180.0,None,0.0,181.0
2025-11-08T01:49:06.707347,50.266,20.03,571.46,20.21,3.24,3.23,3.23,3.27,-9.5,-10.31,0.0,0.0,-10000.0,0.0,180.0,None,0.0,181.0
2025-11-08T01:49:06.708142,50.267,20.03,571.46,20.21,3.24,3.23,3.23,3.27,-9.5,-10.31,0.0,0.0,-10000.0,0.0,180.0,None,0.0,181.0
2025-11-08T01:49:06.708994,50.268,20.06,508.41,20.23,3.24,3.23,3.23,3.27,-9.5,-10.31,0.0,0.0,-10000.0,0.0,180.0,None,0.0,181.0
2025-11-08T01:49:06.709757,50.269,20.06,508.41,20.23,3.24,3.23,3.23,3.27,-9.5,-10.31,0.0,0.0,-10000.0,0.0,180.0,None,0.0,181.0
2025-11-08T01:49:06.710517,50.270,20.06,508.41,20.23,3.24,3.23,3.23,3.27,-9.5,-10.31,0.0,0.0,-10000.0,0.0,180.0,None,0.0,181.0
2025-11-08T01:49:06.711316,50.270,20.06,508.41,20.23,3.24,3.23,3.23,3.27,-9.5,-10.31,0.0,0.0,-10000.0,0.0,180.0,None,0.0,181.0
2025-11-08T01:49:06.712127,50.271,20.03,571.46,20.29,3.22,3.25,3.23,3.26,-9.5,-10.31,0.0,0.0,-10000.0,0.0,180.0,None,0.0,181.0
2025-11-08T01:49:06.712845,50.272,20.03,571.46,20.29,3.22,3.25,3.23,3.26,-9.5,-10.31,0.0,0.0,-10000.0,0.0,180.0,None,0.0,181.0
2025-11-08T01:49:06.713565,50.273,20.03,571.46,20.29,3.22,3.25,3.23,3.26,-9.5,-10.31,0.0,0.0,-10000.0,0.0,180.0,None,0.0,181.0
2025-11-08T01:49:06.714346,50.273,20.03,571.46,20.29,3.22,3.25,3.23,3.26,-9.5,-10.31,0.0,0.0,-10000.0,0.0,180.0,None,0.0,181.0
2025-11-08T01:49:06.715154,50.274,20.03,571.46,20.29,3.22,3.25,3.23,3.26,-9.5,-10.31,0.0,0.0,-10000.0,0.0,180.0,None,0.0,181.0
2025-11-08T01:49:06.715943,50.275,20.03,565.38,20.27,3.23,3.25,3.23,3.27,-9.5,-10.31,0.0,0.0,-10000.0,0.0,180.0,None,0.0,181.0
2025-11-08T01:49:06.716713,50.276,20.03,565.38,20.27,3.23,3.25,3.23,3.27,-9.5,-10.31,0.0,0.0,-10000.0,0.0,180.0,None,0.0,181.0
2025-11-08T01:49:06.717534,50.277,20.03,565.38,20.27,3.23,3.25,3.23,3.27,-9.5,-10.31,0.0,0.0,-10000.0,0.0,180.0,None,0.0,181.0
2025-11-08T01:49:06.718235,50.277,20.03,565.38,20.27,3.23,3.25,3.23,3.27,-9.5,-10.31,0.0,0.0,-10000.0,0.0,180.0,None,0.0,181.0
2025-11-08T01:49:06.719055,50.278,20.03,565.38,20.27,3.23,3.25,3.23,3.27,-9.5,-10.31,0.0,0.0,-10000.0,0.0,180.0,None,0.0,181.0
2025-11-08T01:49:06.719892,50.279,20.01,575.21,20.27,3.24,3.23,3.23,3.32,-9.5,-10.31,0.0,0.0,-10000.0,0.0,180.0,None,0.0,181.0
2025-11-08T01:49:06.720735,50.280,20.01,575.21,20.27,3.24,3.23,3.23,3.32,-9.5,-10.31,0.0,0.0,-10000.0,0.0,180.0,None,0.0,181.0
2025-11-08T01:49:07.386191,50.945,20.01,575.21,20.27,3.24,3.23,3.23,3.32,-9.5,-10.31,0.0,0.0,-10000.0,0.0,180.0,None,0.0,181.0
2025-11-08T01:49:07.387910,50.947,19.97,508.41,20.25,3.24,3.23,3.23,3.27,-9.5,-10.31,0.0,0.0,-10000.0,0.0,180.0,None,0.0,181.0
2025-11-08T01:49:07.389242,50.948,19.97,508.41,20.25,3.24,3.23,3.23,3.27,-9.5,-10.31,0.0,0.0,-10000.0,0.0,180.0,None,0.0,181.0
2025-11-08T01:49:07.390430,50.950,19.97,508.41,20.25,3.24,3.23,3.23,3.27,-9.5,-10.31,0.0,0.0,-10000.0,0.0,180.0,None,0.0,181.0
2025-11-08T01:49:07.392456,50.952,19.97,508.41,20.25,3.24,3.23,3.23,3.27,-9.5,-10.31,0.0,0.0,-10000.0,0.0,180.0,None,0.0,181.0
2025-11-08T01:49:07.393765,50.953,19.97,508.41,20.25,3.24,3.23,3.23,3.27,-9.5,-10.31,0.0,0.0,-10000.0,0.0,180.0,None,0.0,181.0
2025-11-08T01:49:07.395004,50.954,20.14,581.99,20.27,3.24,3.23,3.23,3.26,-9.5,-10.31,0.0,0.0,-10000.0,0.0,180.0,None,0.0,181.0
2025-11-08T01:49:07.396500,50.956,20.14,581.99,20.27,3.24,3.23,3.23,3.26,-9.5,-10.31,0.0,0.0,-10000.0,0.0,180.0,None,0.0,181.0
2025-11-08T01:49:07.398171,50.957,20.14,581.99,20.27,3.24,3.23,3.23,3.26,-9.5,-10.31,0.0,0.0,-10000.0,0.0,180.0,None,0.0,181.0
2025-11-08T01:49:07.399356,50.958,20.14,581.99,20.27,3.24,3.23,3.23,3.26,-9.5,-10.31,0.0,0.0,-10000.0,0.0,180.0,None,0.0,139.0
2025-11-08T01:49:07.400652,50.960,20.06,575.21,20.29,3.23,3.25,3.21,3.28,-9.5,-10.31,0.0,0.0,-10000.0,0.0,180.0,None,0.0,139.0
2025-11-08T01:49:07.401903,50.961,20.06,575.21,20.29,3.23,3.25,3.21,3.28,-9.5,-10.31,0.0,0.0,-10000.0,0.0,180.0,None,0.0,139.0
2025-11-08T01:49:07.403493,50.963,20.06,575.21,20.29,3.23,3.25,3.21,3.28,-9.5,-10.31,0.0,0.0,-10000.0,0.0,180.0,None,0.0,139.0
2025-11-08T01:49:07.405115,50.964,20.06,575.21,20.29,3.23,3.25,3.21,3.28,-9.5,-10.31,0.0,0.0,-10000.0,0.0,180.0,None,0.0,139.0
2025-11-08T01:49:07.406322,50.965,20.08,508.41,20.27,3.23,3.24,3.23,3.26,-9.5,-10.31,0.0,0.0,-10000.0,0.0,180.0,None,0.0,139.0
2025-11-08T01:49:07.410445,50.970,20.08,508.41,20.27,3.23,3.24,3.23,3.26,-9.5,-10.31,0.0,0.0,-10000.0,0.0,180.0,None,0.0,139.0
2025-11-08T01:49:07.412095,50.971,20.08,508.41,20.27,3.23,3.24,3.23,3.26,-9.5,-10.31,0.0,0.0,-10000.0,0.0,180.0,None,0.0,139.0
2025-11-08T01:49:07.414683,50.974,20.08,508.41,20.27,3.23,3.24,3.23,3.26,-9.5,-10.31,0.0,0.0,-10000.0,0.0,180.0,None,0.0,181.0
2025-11-08T01:49:08.234096,51.793,20.08,508.41,20.27,3.23,3.24,3.23,3.26,-9.5,-10.31,0.0,0.0,-10000.0,0.0,180.0,None,0.0,181.0
2025-11-08T01:49:08.235295,51.794,20.06,575.21,20.29,3.23,3.23,3.24,3.27,-9.5,-10.31,0.0,0.0,-10000.0,0.0,180.0,None,0.0,181.0
2025-11-08T01:49:08.237816,51.797,20.06,575.21,20.29,3.23,3.23,3.24,3.27,-9.5,-10.31,0.0,0.0,-10000.0,0.0,180.0,None,0.0,181.0
2025-11-08T01:49:08.239468,51.799,20.06,575.21,20.29,3.23,3.23,3.24,3.27,-9.5,-10.31,0.0,0.0,-10000.0,0.0,180.0,None,0.0,181.0
2025-11-08T01:49:08.240732,51.800,20.06,575.21,20.29,3.23,3.23,3.24,3.27,-9.5,-10.31,0.0,0.0,-10000.0,0.0,180.0,None,0.0,181.0
2025-11-08T01:49:08.241872,51.801,20.01,508.41,20.25,3.23,3.24,3.23,3.25,-9.5,-10.31,0.0,0.0,-10000.0,0.0,180.0,None,0.0,181.0
2025-11-08T01:49:08.244474,51.804,20.01,508.41,20.25,3.23,3.24,3.23,3.25,-9.5,-10.31,0.0,0.0,-10000.0,0.0,180.0,None,0.0,319.0
2025-11-08T01:49:08.246175,51.805,20.01,508.41,20.25,3.23,3.24,3.23,3.25,-9.5,-10.31,0.0,0.0,-10000.0,0.0,180.0,None,0.0,319.0
2025-11-08T01:49:08.247629,51.807,20.01,508.41,20.25,3.23,3.24,3.23,3.25,-9.5,-10.31,0.0,0.0,-10000.0,0.0,180.0,None,0.0,319.0
2025-11-08T01:49:08.249085,51.808,19.93,577.97,20.29,3.24,3.24,3.22,3.27,-9.5,-10.31,0.0,0.0,-10000.0,0.0,180.0,None,0.0,319.0
2025-11-08T01:49:08.252058,51.811,19.93,577.97,20.29,3.24,3.24,3.22,3.27,-9.5,-10.31,0.0,0.0,-10000.0,0.0,180.0,None,0.0,319.0
2025-11-08T01:49:08.254395,51.814,19.93,577.97,20.29,3.24,3.24,3.22,3.27,-9.5,-10.31,0.0,0.0,-10000.0,0.0,180.0,None,0.0,319.0
2025-11-08T01:49:08.257686,51.817,19.93,577.97,20.29,3.24,3.24,3.22,3.27,-9.5,-10.31,0.0,0.0,-10000.0,0.0,180.0,None,0.0,319.0
2025-11-08T01:49:08.261558,51.821,19.93,577.97,20.29,3.24,3.24,3.22,3.27,-9.5,-10.31,0.0,0.0,-10000.0,0.0,180.0,None,0.0,319.0
2025-11-08T01:49:08.263731,51.823,20.03,565.38,20.27,3.23,3.25,3.23,3.27,-9.5,-10.31,0.0,0.0,-10000.0,0.0,180.0,None,0.0,319.0
2025-11-08T01:49:08.266173,51.825,20.03,565.38,20.27,3.23,3.25,3.23,3.27,-9.5,-10.31,0.0,0.0,-10000.0,0.0,180.0,None,0.0,319.0
2025-11-08T01:49:08.267711,51.827,20.03,565.38,20.27,3.23,3.25,3.23,3.27,-9.5,-10.31,0.0,0.0,-10000.0,0.0,180.0,None,0.0,319.0
2025-11-08T01:49:08.270307,51.829,20.06,575.21,20.27,3.19,3.29,3.22,3.27,-9.5,-10.31,0.0,0.0,-10000.0,0.0,180.0,None,0.0,319.0
2025-11-08T01:49:08.273305,51.832,20.06,575.21,20.27,3.19,3.29,3.22,3.27,-9.5,-10.31,0.0,0.0,-10000.0,0.0,180.0,None,0.0,319.0
2025-11-08T01:49:08.274529,51.834,20.06,575.21,20.27,3.19,3.29,3.22,3.27,-9.5,-10.31,0.0,0.0,-10000.0,0.0,180.0,None,0.0,319.0
2025-11-08T01:49:08.275576,51.835,20.06,575.21,20.27,3.19,3.29,3.22,3.27,-9.5,-10.31,0.0,0.0,-10000.0,0.0,180.0,None,0.0,139.0
2025-11-08T01:49:09.033131,52.592,20.06,575.21,20.27,3.19,3.29,3.22,3.27,-9.5,-10.31,0.0,0.0,-10000.0,0.0,180.0,None,0.0,139.0
2025-11-08T01:49:09.034319,52.593,20.08,565.38,20.25,3.23,3.24,3.22,3.26,-9.5,-10.31,0.0,0.0,-10000.0,0.0,180.0,None,0.0,139.0
2025-11-08T01:49:09.035339,52.594,20.08,565.38,20.25,3.23,3.24,3.22,3.26,-9.5,-10.31,0.0,0.0,-10000.0,0.0,180.0,None,0.0,139.0
2025-11-08T01:49:09.036318,52.595,20.08,565.38,20.25,3.23,3.24,3.22,3.26,-9.5,-10.31,0.0,0.0,-10000.0,0.0,180.0,None,0.0,139.0
2025-11-08T01:49:09.037502,52.597,20.08,565.38,20.25,3.23,3.24,3.22,3.26,-9.5,-10.31,0.0,0.0,-10000.0,0.0,180.0,None,0.0,139.0
2025-11-08T01:49:09.038488,52.598,20.06,565.38,20.27,3.24,3.23,3.22,3.27,-9.5,-10.31,0.0,0.0,-10000.0,0.0,180.0,None,0.0,139.0
2025-11-08T01:49:09.039366,52.598,20.06,565.38,20.27,3.24,3.23,3.22,3.27,-9.5,-10.31,0.0,0.0,-10000.0,0.0,180.0,None,0.0,181.0
2025-11-08T01:49:09.040372,52.599,20.06,565.38,20.27,3.24,3.23,3.22,3.27,-9.5,-10.31,0.0,0.0,-10000.0,0.0,180.0,None,0.0,181.0
2025-11-08T01:49:09.041411,52.601,20.06,565.38,20.27,3.24,3.23,3.22,3.27,-9.5,-10.31,0.0,0.0,-10000.0,0.0,180.0,None,0.0,181.0
2025-11-08T01:49:09.042431,52.602,20.06,565.38,20.27,3.24,3.23,3.22,3.27,-9.5,-10.31,0.0,0.0,-10000.0,0.0,180.0,None,0.0,181.0
2025-11-08T01:49:09.043454,52.603,19.99,571.46,20.27,3.23,3.24,3.23,3.27,-9.5,-10.31,0.0,0.0,-10000.0,0.0,180.0,None,0.0,181.0
2025-11-08T01:49:09.044478,52.604,19.99,571.46,20.27,3.23,3.24,3.23,3.27,-9.5,-10.31,0.0,0.0,-10000.0,0.0,180.0,None,0.0,181.0
2025-11-08T01:49:09.045397,52.605,19.99,571.46,20.27,3.23,3.24,3.23,3.27,-9.5,-10.31,0.0,0.0,-10000.0,0.0,180.0,None,0.0,181.0
2025-11-08T01:49:09.047249,52.606,19.99,571.46,20.27,3.23,3.24,3.23,3.27,-9.5,-10.31,0.0,0.0,-10000.0,0.0,180.0,None,0.0,181.0
2025-11-08T01:49:09.048541,52.608,20.06,508.41,20.29,3.24,3.23,3.23,3.26,-9.5,-10.31,0.0,0.0,-10000.0,0.0,180.0,None,0.0,181.0
2025-11-08T01:49:09.050141,52.609,20.06,508.41,20.29,3.24,3.23,3.23,3.26,-9.5,-10.31,0.0,0.0,-10000.0,0.0,180.0,None,0.0,181.0
2025-11-08T01:49:09.050927,52.610,20.06,508.41,20.29,3.24,3.23,3.23,3.26,-9.5,-10.31,0.0,0.0,-10000.0,0.0,180.0,None,0.0,181.0
2025-11-08T01:49:09.051687,52.611,20.06,508.41,20.29,3.24,3.23,3.23,3.26,-9.5,-10.31,0.0,0.0,-10000.0,0.0,180.0,None,0.0,181.0
2025-11-08T01:49:09.052716,52.612,20.06,571.46,20.25,3.23,3.25,3.22,3.27,-9.5,-10.31,0.0,0.0,-10000.0,0.0,180.0,None,0.0,181.0
2025-11-08T01:49:09.053873,52.613,20.06,571.46,20.25,3.23,3.25,3.22,3.27,-9.5,-10.31,0.0,0.0,-10000.0,0.0,180.0,None,0.0,181.0
2025-11-08T01:49:09.055563,52.615,20.06,571.46,20.25,3.23,3.25,3.22,3.27,-9.5,-10.31,0.0,0.0,-10000.0,0.0,180.0,None,0.0,181.0
2025-11-08T01:49:09.707004,53.266,20.06,571.46,20.25,3.23,3.25,3.22,3.27,-9.5,-10.31,0.0,0.0,-10000.0,0.0,180.0,None,0.0,181.0
2025-11-08T01:49:09.709452,53.269,20.06,571.46,20.25,3.23,3.25,3.22,3.27,-9.5,-10.31,0.0,0.0,-10000.0,0.0,180.0,None,0.0,181.0
2025-11-08T01:49:09.710667,53.270,20.06,508.41,20.29,3.23,3.23,3.24,3.26,-9.5,-10.31,0.0,0.0,-10000.0,0.0,180.0,None,0.0,181.0
2025-11-08T01:49:09.711715,53.271,20.06,508.41,20.29,3.23,3.23,3.24,3.26,-9.5,-10.31,0.0,0.0,-10000.0,0.0,180.0,None,0.0,181.0
2025-11-08T01:49:09.712667,53.272,20.06,508.41,20.29,3.23,3.23,3.24,3.26,-9.5,-10.31,0.0,0.0,-10000.0,0.0,180.0,None,0.0,181.0
2025-11-08T01:49:09.713393,53.273,20.06,508.41,20.29,3.23,3.23,3.24,3.26,-9.5,-10.31,0.0,0.0,-10000.0,0.0,180.0,None,0.0,181.0
2025-11-08T01:49:09.714302,53.273,20.03,508.41,20.25,3.23,3.24,3.23,3.27,-9.5,-10.31,0.0,0.0,-10000.0,0.0,180.0,None,0.0,181.0
2025-11-08T01:49:09.715883,53.275,20.03,508.41,20.25,3.23,3.24,3.23,3.27,-9.5,-10.31,0.0,0.0,-10000.0,0.0,180.0,None,0.0,181.0
2025-11-08T01:49:09.716744,53.276,20.03,508.41,20.25,3.23,3.24,3.23,3.27,-9.5,-10.31,0.0,0.0,-10000.0,0.0,180.0,None,0.0,181.0
2025-11-08T01:49:09.717563,53.277,20.03,508.41,20.25,3.23,3.24,3.23,3.27,-9.5,-10.31,0.0,0.0,-10000.0,0.0,180.0,None,0.0,181.0
2025-11-08T01:49:09.718408,53.278,20.03,565.38,20.29,3.24,3.23,3.23,3.16,-9.5,-10.31,0.0,0.0,-10000.0,0.0,180.0,None,0.0,181.0
2025-11-08T01:49:09.719250,53.278,20.03,565.38,20.29,3.24,3.23,3.23,3.16,-9.5,-10.31,0.0,0.0,-10000.0,0.0,180.0,None,0.0,181.0
2025-11-08T01:49:09.720022,53.279,20.03,565.38,20.29,3.24,3.23,3.23,3.16,-9.5,-10.31,0.0,0.0,-10000.0,0.0,180.0,None,0.0,319.0
2025-11-08T01:49:09.720893,53.280,20.03,565.38,20.29,3.24,3.23,3.23,3.16,-9.5,-10.31,0.0,0.0,-10000.0,0.0,180.0,None,0.0,319.0
2025-11-08T01:49:09.722621,53.282,20.03,565.38,20.29,3.24,3.23,3.23,3.16,-9.5,-10.31,0.0,0.0,-10000.0,0.0,180.0,None,0.0,319.0
2025-11-08T01:49:09.723673,53.283,20.06,571.46,20.31,3.24,3.23,3.23,3.27,-9.5,-10.31,0.0,0.0,-10000.0,0.0,180.0,None,0.0,319.0
2025-11-08T01:49:09.724640,53.284,20.06,571.46,20.31,3.24,3.23,3.23,3.27,-9.5,-10.31,0.0,0.0,-10000.0,0.0,180.0,None,0.0,319.0
2025-11-08T01:49:09.725444,53.285,20.06,571.46,20.31,3.24,3.23,3.23,3.27,-9.5,-10.31,0.0,0.0,-10000.0,0.0,180.0,None,0.0,319.0
2025-11-08T01:49:10.399662,53.959,20.12,586.18,20.29,3.24,3.23,3.23,3.27,-9.5,-10.31,0.0,0.0,-10000.0,0.0,180.0,None,0.0,319.0
2025-11-08T01:49:10.401325,53.960,20.12,586.18,20.29,3.24,3.23,3.23,3.27,-9.5,-10.31,0.0,0.0,-10000.0,0.0,180.0,None,0.0,319.0
2025-11-08T01:49:10.402431,53.962,20.12,586.18,20.29,3.24,3.23,3.23,3.27,-9.5,-10.31,0.0,0.0,-10000.0,0.0,180.0,None,0.0,319.0
2025-11-08T01:49:10.404068,53.963,20.12,586.18,20.29,3.24,3.23,3.23,3.27,-9.5,-10.31,0.0,0.0,-10000.0,0.0,180.0,None,0.0,319.0
2025-11-08T01:49:10.406079,53.965,20.12,586.18,20.29,3.24,3.23,3.23,3.27,-9.5,-10.31,0.0,0.0,-10000.0,0.0,180.0,None,0.0,319.0
2025-11-08T01:49:10.407228,53.966,20.25,508.41,20.29,3.24,3.23,3.23,3.27,-9.5,-10.31,0.0,0.0,-10000.0,0.0,180.0,None,0.0,319.0
2025-11-08T01:49:10.408386,53.968,20.25,508.41,20.29,3.24,3.23,3.23,3.27,-9.5,-10.31,0.0,0.0,-10000.0,0.0,180.0,None,0.0,319.0
2025-11-08T01:49:10.409556,53.969,20.25,508.41,20.29,3.24,3.23,3.23,3.27,-9.5,-10.31,0.0,0.0,-10000.0,0.0,180.0,None,0.0,319.0
2025-11-08T01:49:10.411043,53.970,20.25,508.41,20.29,3.24,3.23,3.23,3.27,-9.5,-10.31,0.0,0.0,-10000.0,0.0,180.0,None,0.0,319.0
2025-11-08T01:49:10.413054,53.972,20.03,565.38,20.27,3.24,3.23,3.23,3.27,-9.5,-10.31,0.0,0.0,-10000.0,0.0,180.0,None,0.0,319.0
2025-11-08T01:49:10.414255,53.973,20.03,565.38,20.27,3.24,3.23,3.23,3.27,-9.5,-10.31,0.0,0.0,-10000.0,0.0,180.0,None,0.0,319.0
2025-11-08T01:49:10.417103,53.976,20.03,565.38,20.27,3.24,3.23,3.23,3.27,-9.5,-10.31,0.0,0.0,-10000.0,0.0,180.0,None,0.0,319.0
2025-11-08T01:49:10.419559,53.979,20.03,565.38,20.27,3.24,3.23,3.23,3.27,-9.5,-10.31,0.0,0.0,-10000.0,0.0,180.0,None,0.0,319.0
2025-11-08T01:49:10.420898,53.980,20.06,508.41,20.29,3.24,3.23,3.22,3.27,-9.5,-10.31,0.0,0.0,-10000.0,0.0,180.0,None,0.0,319.0
2025-11-08T01:49:10.422554,53.982,20.06,508.41,20.29,3.24,3.23,3.22,3.27,-9.5,-10.31,0.0,0.0,-10000.0,0.0,180.0,None,0.0,319.0
2025-11-08T01:49:10.424645,53.984,20.06,508.41,20.29,3.24,3.23,3.22,3.27,-9.5,-10.31,0.0,0.0,-10000.0,0.0,180.0,None,0.0,319.0
2025-11-08T01:49:10.426517,53.986,20.06,508.41,20.29,3.24,3.23,3.22,3.27,-9.5,-10.31,0.0,0.0,-10000.0,0.0,180.0,None,0.0,319.0
2025-11-08T01:49:10.427760,53.987,20.06,508.41,20.29,3.24,3.23,3.22,3.27,-9.5,-10.31,0.0,0.0,-10000.0,0.0,180.0,None,0.0,319.0
2025-11-08T01:49:10.429665,53.989,20.03,565.38,20.27,3.24,3.23,3.23,3.26,-9.5,-10.31,0.0,0.0,-10000.0,0.0,180.0,None,0.0,319.0
2025-11-08T01:49:11.133343,54.692,20.03,565.38,20.27,3.24,3.23,3.23,3.26,-9.5,-10.31,0.0,0.0,-10000.0,0.0,180.0,None,0.0,319.0
2025-11-08T01:49:11.135099,54.694,20.03,565.38,20.27,3.24,3.23,3.23,3.26,-9.5,-10.31,0.0,0.0,-10000.0,0.0,180.0,None,0.0,319.0
2025-11-08T01:49:11.136233,54.695,20.03,565.38,20.27,3.24,3.23,3.23,3.26,-9.5,-10.31,0.0,0.0,-10000.0,0.0,180.0,None,0.0,319.0
2025-11-08T01:49:11.137522,54.697,20.03,565.38,20.27,3.24,3.23,3.23,3.26,-9.5,-10.31,0.0,0.0,-10000.0,0.0,180.0,None,0.0,319.0
2025-11-08T01:49:11.139032,54.698,19.93,508.41,20.23,3.24,3.19,3.27,3.27,-9.5,-10.31,0.0,0.0,-10000.0,0.0,180.0,None,0.0,319.0
2025-11-08T01:49:11.140583,54.700,19.93,508.41,20.23,3.24,3.19,3.27,3.27,-9.5,-10.31,0.0,0.0,-10000.0,0.0,180.0,None,0.0,319.0
2025-11-08T01:49:11.141823,54.701,19.93,508.41,20.23,3.24,3.19,3.27,3.27,-9.5,-10.31,0.0,0.0,-10000.0,0.0,180.0,None,0.0,319.0
2025-11-08T01:49:11.143075,54.702,20.06,565.38,20.25,3.24,3.23,3.22,3.26,-9.5,-10.31,0.0,0.0,-10000.0,0.0,180.0,None,0.0,319.0
2025-11-08T01:49:11.144536,54.704,20.06,565.38,20.25,3.24,3.23,3.22,3.26,-9.5,-10.31,0.0,0.0,-10000.0,0.0,180.0,None,0.0,319.0
2025-11-08T01:49:11.146217,54.705,20.06,565.38,20.25,3.24,3.23,3.22,3.26,-9.5,-10.31,0.0,0.0,-10000.0,0.0,180.0,None,0.0,319.0
2025-11-08T01:49:11.147539,54.707,20.06,565.38,20.25,3.24,3.23,3.22,3.26,-9.5,-10.31,0.0,0.0,-10000.0,0.0,180.0,None,0.0,47.0
2025-11-08T01:49:11.151046,54.710,20.06,565.38,20.25,3.24,3.23,3.22,3.26,-9.5,-10.31,0.0,0.0,-10000.0,0.0,180.0,None,0.0,47.0
2025-11-08T01:49:11.152550,54.712,19.93,565.38,20.27,3.24,3.23,3.23,3.27,-9.5,-10.31,0.0,0.0,-10000.0,0.0,180.0,None,0.0,47.0
2025-11-08T01:49:11.153796,54.713,19.93,565.38,20.27,3.24,3.23,3.23,3.27,-9.5,-10.31,0.0,0.0,-10000.0,0.0,180.0,None,0.0,47.0
2025-11-08T01:49:11.155037,54.714,19.93,565.38,20.27,3.24,3.23,3.23,3.27,-9.5,-10.31,0.0,0.0,-10000.0,0.0,180.0,None,0.0,47.0
2025-11-08T01:49:11.156754,54.716,19.93,565.38,20.27,3.24,3.23,3.23,3.27,-9.5,-10.31,0.0,0.0,-10000.0,0.0,180.0,None,0.0,47.0
2025-11-08T01:49:11.158146,54.717,20.06,571.46,20.29,3.24,3.23,3.23,3.27,-9.5,-10.31,0.0,0.0,-10000.0,0.0,180.0,None,0.0,47.0
2025-11-08T01:49:11.159270,54.718,20.06,571.46,20.29,3.24,3.23,3.23,3.27,-9.5,-10.31,0.0,0.0,-10000.0,0.0,180.0,None,0.0,181.0
2025-11-08T01:49:11.818122,55.377,20.06,571.46,20.29,3.24,3.23,3.23,3.27,-9.5,-10.31,0.0,0.0,-10000.0,0.0,180.0,None,0.0,181.0
2025-11-08T01:49:11.819082,55.378,20.06,571.46,20.29,3.24,3.23,3.23,3.27,-9.5,-10.31,0.0,0.0,-10000.0,0.0,180.0,None,0.0,181.0
2025-11-08T01:49:11.829407,55.389,20.03,580.16,20.23,3.23,3.24,3.23,3.28,-9.5,-10.31,0.0,0.0,-10000.0,0.0,180.0,None,0.0,181.0
2025-11-08T01:49:11.831722,55.391,20.03,580.16,20.23,3.23,3.24,3.23,3.28,-9.5,-10.31,0.0,0.0,-10000.0,0.0,180.0,None,0.0,181.0
2025-11-08T01:49:11.834543,55.394,20.03,580.16,20.23,3.23,3.24,3.23,3.28,-9.5,-10.31,0.0,0.0,-10000.0,0.0,180.0,None,0.0,181.0
2025-11-08T01:49:11.838535,55.398,20.03,580.16,20.23,3.23,3.24,3.23,3.28,-9.5,-10.31,0.0,0.0,-10000.0,0.0,180.0,None,0.0,139.0
2025-11-08T01:49:11.839873,55.399,20.03,580.16,20.23,3.23,3.24,3.23,3.28,-9.5,-10.31,0.0,0.0,-10000.0,0.0,180.0,None,0.0,139.0
2025-11-08T01:49:11.841283,55.400,20.06,565.38,20.25,3.23,3.24,3.23,3.28,-9.5,-10.31,0.0,0.0,-10000.0,0.0,180.0,None,0.0,139.0
2025-11-08T01:49:11.845152,55.404,20.06,565.38,20.25,3.23,3.24,3.23,3.28,-9.5,-10.31,0.0,0.0,-10000.0,0.0,180.0,None,0.0,139.0
2025-11-08T01:49:11.846516,55.406,20.06,565.38,20.25,3.23,3.24,3.23,3.28,-9.5,-10.31,0.0,0.0,-10000.0,0.0,180.0,None,0.0,139.0
2025-11-08T01:49:11.847924,55.407,20.06,565.38,20.25,3.23,3.24,3.23,3.28,-9.5,-10.31,0.0,0.0,-10000.0,0.0,180.0,None,0.0,139.0
2025-11-08T01:49:11.849155,55.408,20.03,575.21,20.27,3.23,3.24,3.23,3.25,-9.5,-10.31,0.0,0.0,-10000.0,0.0,180.0,None,0.0,139.0
2025-11-08T01:49:11.853914,55.413,20.03,575.21,20.27,3.23,3.24,3.23,3.25,-9.5,-10.31,0.0,0.0,-10000.0,0.0,180.0,None,0.0,139.0
2025-11-08T01:49:11.857896,55.417,20.03,575.21,20.27,3.23,3.24,3.23,3.25,-9.5,-10.31,0.0,0.0,-10000.0,0.0,180.0,None,0.0,139.0
2025-11-08T01:49:11.860900,55.420,20.03,575.21,20.27,3.23,3.24,3.23,3.25,-9.5,-10.31,0.0,0.0,-10000.0,0.0,180.0,None,0.0,139.0
2025-11-08T01:49:11.862853,55.422,20.03,575.21,20.27,3.23,3.24,3.23,3.25,-9.5,-10.31,0.0,0.0,-10000.0,0.0,180.0,None,0.0,139.0
2025-11-08T01:49:11.864692,55.424,20.03,571.46,20.25,3.24,3.23,3.23,3.25,-9.5,-10.31,0.0,0.0,-10000.0,0.0,180.0,None,0.0,139.0
2025-11-08T01:49:11.865994,55.425,20.03,571.46,20.25,3.24,3.23,3.23,3.25,-9.5,-10.31,0.0,0.0,-10000.0,0.0,180.0,None,0.0,139.0
2025-11-08T01:49:12.516327,56.075,20.03,571.46,20.25,3.24,3.23,3.23,3.25,-9.5,-10.31,0.0,0.0,-10000.0,0.0,180.0,None,0.0,139.0
2025-11-08T01:49:12.517549,56.077,20.03,571.46,20.25,3.24,3.23,3.23,3.25,-9.5,-10.31,0.0,0.0,-10000.0,0.0,180.0,None,0.0,181.0
2025-11-08T01:49:12.518798,56.078,20.03,565.38,20.21,3.24,3.21,3.25,3.27,-9.5,-10.31,0.0,0.0,-10000.0,0.0,180.0,None,0.0,181.0
2025-11-08T01:49:12.520012,56.079,20.03,565.38,20.21,3.24,3.21,3.25,3.27,-9.5,-10.31,0.0,0.0,-10000.0,0.0,180.0,None,0.0,181.0
2025-11-08T01:49:12.521512,56.081,20.03,565.38,20.21,3.24,3.21,3.25,3.27,-9.5,-10.31,0.0,0.0,-10000.0,0.0,180.0,None,0.0,181.0
2025-11-08T01:49:12.522625,56.082,20.03,565.38,20.21,3.24,3.21,3.25,3.27,-9.5,-10.31,0.0,0.0,-10000.0,0.0,180.0,None,0.0,181.0
2025-11-08T01:49:12.523718,56.083,20.03,508.41,20.29,3.24,3.23,3.23,3.28,-9.5,-10.31,0.0,0.0,-10000.0,0.0,180.0,None,0.0,181.0
2025-11-08T01:49:12.525200,56.084,20.03,508.41,20.29,3.24,3.23,3.23,3.28,-9.5,-10.31,0.0,0.0,-10000.0,0.0,180.0,None,0.0,181.0
2025-11-08T01:49:12.526216,56.085,20.03,508.41,20.29,3.24,3.23,3.23,3.28,-9.5,-10.31,0.0,0.0,-10000.0,0.0,180.0,None,0.0,181.0
2025-11-08T01:49:12.528222,56.087,20.03,508.41,20.29,3.24,3.23,3.23,3.28,-9.5,-10.31,0.0,0.0,-10000.0,0.0,180.0,None,0.0,181.0
2025-11-08T01:49:12.532587,56.092,20.08,565.38,20.29,3.24,3.24,3.23,3.26,-9.5,-10.31,0.0,0.0,-10000.0,0.0,180.0,None,0.0,181.0
2025-11-08T01:49:12.534584,56.094,20.08,565.38,20.29,3.24,3.24,3.23,3.26,-9.5,-10.31,0.0,0.0,-10000.0,0.0,180.0,None,0.0,181.0
2025-11-08T01:49:12.535651,56.095,20.08,565.38,20.29,3.24,3.24,3.23,3.26,-9.5,-10.31,0.0,0.0,-10000.0,0.0,180.0,None,0.0,181.0
2025-11-08T01:49:12.536503,56.096,20.08,565.38,20.29,3.24,3.24,3.23,3.26,-9.5,-10.31,0.0,0.0,-10000.0,0.0,180.0,None,0.0,181.0
2025-11-08T01:49:12.537553,56.097,20.01,508.41,20.29,3.24,3.23,3.23,3.27,-9.5,-10.31,0.0,0.0,-10000.0,0.0,180.0,None,0.0,181.0
2025-11-08T01:49:12.538629,56.098,20.01,508.41,20.29,3.24,3.23,3.23,3.27,-9.5,-10.31,0.0,0.0,-10000.0,0.0,180.0,None,0.0,181.0
2025-11-08T01:49:12.539539,56.099,20.01,508.41,20.29,3.24,3.23,3.23,3.27,-9.5,-10.31,0.0,0.0,-10000.0,0.0,180.0,None,0.0,181.0
2025-11-08T01:49:12.540512,56.100,20.01,508.41,20.29,3.24,3.23,3.23,3.27,-9.5,-10.31,0.0,0.0,-10000.0,0.0,180.0,None,0.0,181.0
2025-11-08T01:49:13.190758,56.750,20.01,508.41,20.29,3.24,3.23,3.23,3.27,-9.5,-10.31,0.0,0.0,-10000.0,0.0,180.0,None,0.0,181.0
2025-11-08T01:49:13.192155,56.751,20.03,577.97,20.29,3.24,3.24,3.23,3.26,-9.5,-10.31,0.0,0.0,-10000.0,0.0,180.0,None,0.0,181.0
2025-11-08T01:49:13.193054,56.752,20.03,577.97,20.29,3.24,3.24,3.23,3.26,-9.5,-10.31,0.0,0.0,-10000.0,0.0,180.0,None,0.0,181.0
2025-11-08T01:49:13.193889,56.753,20.03,577.97,20.29,3.24,3.24,3.23,3.26,-9.5,-10.31,0.0,0.0,-10000.0,0.0,180.0,None,0.0,181.0
2025-11-08T01:49:13.194782,56.754,20.03,577.97,20.29,3.24,3.24,3.23,3.26,-9.5,-10.31,0.0,0.0,-10000.0,0.0,180.0,None,0.0,181.0
2025-11-08T01:49:13.195499,56.755,20.03,577.97,20.29,3.24,3.24,3.23,3.26,-9.5,-10.31,0.0,0.0,-10000.0,0.0,180.0,None,0.0,181.0
2025-11-08T01:49:13.196660,56.756,20.01,565.38,20.25,3.24,3.23,3.23,3.26,-9.5,-10.31,0.0,0.0,-10000.0,0.0,180.0,None,0.0,181.0
2025-11-08T01:49:13.198008,56.757,20.01,565.38,20.25,3.24,3.23,3.23,3.26,-9.5,-10.31,0.0,0.0,-10000.0,0.0,180.0,None,0.0,181.0
2025-11-08T01:49:13.198988,56.758,20.01,565.38,20.25,3.24,3.23,3.23,3.26,-9.5,-10.31,0.0,0.0,-10000.0,0.0,180.0,None,0.0,181.0
2025-11-08T01:49:13.200007,56.759,20.06,565.38,20.27,3.24,3.23,3.23,3.26,-9.5,-10.31,0.0,0.0,-10000.0,0.0,180.0,None,0.0,181.0
2025-11-08T01:49:13.201043,56.760,20.06,565.38,20.27,3.24,3.23,3.23,3.26,-9.5,-10.31,0.0,0.0,-10000.0,0.0,180.0,None,0.0,181.0
2025-11-08T01:49:13.201909,56.761,20.06,565.38,20.27,3.24,3.23,3.23,3.26,-9.5,-10.31,0.0,0.0,-10000.0,0.0,180.0,None,0.0,181.0
2025-11-08T01:49:13.202993,56.762,20.06,565.38,20.27,3.24,3.23,3.23,3.26,-9.5,-10.31,0.0,0.0,-10000.0,0.0,180.0,None,0.0,181.0
2025-11-08T01:49:13.203936,56.763,20.06,565.38,20.27,3.24,3.23,3.23,3.26,-9.5,-10.31,0.0,0.0,-10000.0,0.0,180.0,None,0.0,181.0
2025-11-08T01:49:13.204882,56.764,20.03,565.38,20.27,3.24,3.23,3.23,3.26,-9.5,-10.31,0.0,0.0,-10000.0,0.0,180.0,None,0.0,181.0
2025-11-08T01:49:13.206333,56.765,20.03,565.38,20.27,3.24,3.23,3.23,3.26,-9.5,-10.31,0.0,0.0,-10000.0,0.0,180.0,None,0.0,181.0
2025-11-08T01:49:13.207492,56.767,20.03,565.38,20.27,3.24,3.23,3.23,3.26,-9.5,-10.31,0.0,0.0,-10000.0,0.0,180.0,None,0.0,181.0
2025-11-08T01:49:13.208819,56.768,20.03,508.41,20.31,3.24,3.23,3.22,3.27,-9.5,-10.31,0.0,0.0,-10000.0,0.0,180.0,None,0.0,181.0
2025-11-08T01:49:13.881768,57.441,20.03,508.41,20.31,3.24,3.23,3.22,3.27,-9.5,-10.31,0.0,0.0,-10000.0,0.0,180.0,None,0.0,181.0
2025-11-08T01:49:13.883089,57.442,20.03,508.41,20.31,3.24,3.23,3.22,3.27,-9.5,-10.31,0.0,0.0,-10000.0,0.0,180.0,None,0.0,181.0
2025-11-08T01:49:13.884168,57.443,20.03,508.41,20.31,3.24,3.23,3.22,3.27,-9.5,-10.31,0.0,0.0,-10000.0,0.0,180.0,None,0.0,181.0
2025-11-08T01:49:13.885349,57.444,20.03,508.41,20.31,3.24,3.23,3.22,3.27,-9.5,-10.31,0.0,0.0,-10000.0,0.0,180.0,None,0.0,181.0
2025-11-08T01:49:13.886501,57.446,20.06,508.41,20.29,3.24,3.23,3.24,3.29,-9.5,-10.31,0.0,0.0,-10000.0,0.0,180.0,None,0.0,181.0
2025-11-08T01:49:13.887449,57.447,20.06,508.41,20.29,3.24,3.23,3.24,3.29,-9.5,-10.31,0.0,0.0,-10000.0,0.0,180.0,None,0.0,181.0
2025-11-08T01:49:13.888824,57.448,20.06,508.41,20.29,3.24,3.23,3.24,3.29,-9.5,-10.31,0.0,0.0,-10000.0,0.0,180.0,None,0.0,181.0
2025-11-08T01:49:13.889768,57.449,20.06,508.41,20.29,3.24,3.23,3.24,3.29,-9.5,-10.31,0.0,0.0,-10000.0,0.0,180.0,None,0.0,139.0
2025-11-08T01:49:13.890817,57.450,20.06,508.41,20.29,3.24,3.23,3.24,3.29,-9.5,-10.31,0.0,0.0,-10000.0,0.0,180.0,None,0.0,139.0
2025-11-08T01:49:13.891983,57.451,20.06,571.46,20.29,3.23,3.24,3.23,3.27,-9.5,-10.31,0.0,0.0,-10000.0,0.0,180.0,None,0.0,139.0
2025-11-08T01:49:13.893347,57.452,20.06,571.46,20.29,3.23,3.24,3.23,3.27,-9.5,-10.31,0.0,0.0,-10000.0,0.0,180.0,None,0.0,139.0
2025-11-08T01:49:13.894282,57.453,20.06,571.46,20.29,3.23,3.24,3.23,3.27,-9.5,-10.31,0.0,0.0,-10000.0,0.0,180.0,None,0.0,139.0
2025-11-08T01:49:13.895602,57.455,20.06,571.46,20.29,3.23,3.24,3.23,3.27,-9.5,-10.31,0.0,0.0,-10000.0,0.0,180.0,None,0.0,139.0
2025-11-08T01:49:13.898279,57.457,20.03,508.41,20.27,3.23,3.24,3.23,3.26,-9.5,-10.31,0.0,0.0,-10000.0,0.0,180.0,None,0.0,139.0
2025-11-08T01:49:13.900990,57.460,20.03,508.41,20.27,3.23,3.24,3.23,3.26,-9.5,-10.31,0.0,0.0,-10000.0,0.0,180.0,None,0.0,181.0
2025-11-08T01:49:13.903025,57.462,20.03,508.41,20.27,3.23,3.24,3.23,3.26,-9.5,-10.31,0.0,0.0,-10000.0,0.0,180.0,None,0.0,181.0
2025-11-08T01:49:13.904135,57.463,20.03,508.41,20.27,3.23,3.24,3.23,3.26,-9.5,-10.31,0.0,0.0,-10000.0,0.0,180.0,None,0.0,181.0
2025-11-08T01:49:13.907191,57.466,20.06,565.38,20.29,3.3,3.17,3.22,3.28,-9.5,-10.31,0.0,0.0,-10000.0,0.0,180.0,None,0.0,181.0
2025-11-08T01:49:13.908590,57.468,20.06,565.38,20.29,3.3,3.17,3.22,3.28,-9.5,-10.31,0.0,0.0,-10000.0,0.0,180.0,None,0.0,181.0
2025-11-08T01:49:14.589918,58.149,20.06,565.38,20.29,3.3,3.17,3.22,3.28,-9.5,-10.31,0.0,0.0,-10000.0,0.0,180.0,None,0.0,181.0
2025-11-08T01:49:14.591331,58.150,20.06,565.38,20.29,3.3,3.17,3.22,3.28,-9.5,-10.31,0.0,0.0,-10000.0,0.0,180.0,None,0.0,181.0
2025-11-08T01:49:14.592540,58.152,20.06,565.38,20.29,3.3,3.17,3.22,3.28,-9.5,-10.31,0.0,0.0,-10000.0,0.0,180.0,None,0.0,181.0
2025-11-08T01:49:14.593910,58.153,20.01,581.99,20.23,3.23,3.25,3.23,3.26,-9.5,-10.31,0.0,0.0,-10000.0,0.0,180.0,None,0.0,181.0
2025-11-08T01:49:14.595014,58.154,20.01,581.99,20.23,3.23,3.25,3.23,3.26,-9.5,-10.31,0.0,0.0,-10000.0,0.0,180.0,None,0.0,181.0
2025-11-08T01:49:14.596068,58.155,20.01,581.99,20.23,3.23,3.25,3.23,3.26,-9.5,-10.31,0.0,0.0,-10000.0,0.0,180.0,None,0.0,181.0
2025-11-08T01:49:14.597384,58.157,20.06,565.38,20.29,3.24,3.24,3.22,3.26,-9.5,-10.31,0.0,0.0,-10000.0,0.0,180.0,None,0.0,181.0
2025-11-08T01:49:14.598539,58.158,20.06,565.38,20.29,3.24,3.24,3.22,3.26,-9.5,-10.31,0.0,0.0,-10000.0,0.0,180.0,None,0.0,181.0
2025-11-08T01:49:14.599753,58.159,20.06,565.38,20.29,3.24,3.24,3.22,3.26,-9.5,-10.31,0.0,0.0,-10000.0,0.0,180.0,None,0.0,181.0
2025-11-08T01:49:14.600698,58.160,20.06,565.38,20.29,3.24,3.24,3.22,3.26,-9.5,-10.31,0.0,0.0,-10000.0,0.0,180.0,None,0.0,181.0
2025-11-08T01:49:14.601813,58.161,20.06,565.38,20.29,3.24,3.24,3.22,3.26,-9.5,-10.31,0.0,0.0,-10000.0,0.0,180.0,None,0.0,181.0
2025-11-08T01:49:14.602993,58.162,20.03,565.38,20.23,3.24,3.23,3.23,3.26,-9.5,-10.31,0.0,0.0,-10000.0,0.0,180.0,None,0.0,181.0
2025-11-08T01:49:14.604087,58.163,20.03,565.38,20.23,3.24,3.23,3.23,3.26,-9.5,-10.31,0.0,0.0,-10000.0,0.0,180.0,None,0.0,181.0
2025-11-08T01:49:14.606312,58.165,20.03,565.38,20.23,3.24,3.23,3.23,3.26,-9.5,-10.31,0.0,0.0,-10000.0,0.0,180.0,None,0.0,181.0
2025-11-08T01:49:14.608665,58.168,20.03,565.38,20.23,3.24,3.23,3.23,3.26,-9.5,-10.31,0.0,0.0,-10000.0,0.0,180.0,None,0.0,181.0
2025-11-08T01:49:14.609915,58.169,20.03,565.38,20.27,3.23,3.24,3.23,3.26,-9.5,-10.31,0.0,0.0,-10000.0,0.0,180.0,None,0.0,181.0
2025-11-08T01:49:14.610912,58.170,20.03,565.38,20.27,3.23,3.24,3.23,3.26,-9.5,-10.31,0.0,0.0,-10000.0,0.0,180.0,None,0.0,181.0
2025-11-08T01:49:14.612341,58.171,20.03,565.38,20.27,3.23,3.24,3.23,3.26,-9.5,-10.31,0.0,0.0,-10000.0,0.0,180.0,None,0.0,181.0
2025-11-08T01:49:15.285046,58.844,20.03,565.38,20.27,3.23,3.24,3.23,3.26,-9.5,-10.31,0.0,0.0,-10000.0,0.0,180.0,None,0.0,181.0
2025-11-08T01:49:15.286662,58.846,20.03,565.38,20.27,3.23,3.24,3.23,3.26,-9.5,-10.31,0.0,0.0,-10000.0,0.0,180.0,None,0.0,181.0
2025-11-08T01:49:15.287716,58.847,20.01,508.41,20.27,3.23,3.24,3.23,3.27,-9.5,-10.31,0.0,0.0,-10000.0,0.0,180.0,None,0.0,181.0
2025-11-08T01:49:15.288689,58.848,20.01,508.41,20.27,3.23,3.24,3.23,3.27,-9.5,-10.31,0.0,0.0,-10000.0,0.0,180.0,None,0.0,181.0
2025-11-08T01:49:15.289308,58.848,20.01,508.41,20.27,3.23,3.24,3.23,3.27,-9.5,-10.31,0.0,0.0,-10000.0,0.0,180.0,None,0.0,181.0
2025-11-08T01:49:15.290026,58.849,20.01,508.41,20.27,3.23,3.24,3.23,3.27,-9.5,-10.31,0.0,0.0,-10000.0,0.0,180.0,None,0.0,181.0
2025-11-08T01:49:15.290883,58.850,20.03,508.41,20.27,3.24,3.23,3.23,3.27,-9.5,-10.31,0.0,0.0,-10000.0,0.0,180.0,None,0.0,181.0
2025-11-08T01:49:15.291718,58.851,20.03,508.41,20.27,3.24,3.23,3.23,3.27,-9.5,-10.31,0.0,0.0,-10000.0,0.0,180.0,None,0.0,181.0
2025-11-08T01:49:15.292527,58.852,20.03,508.41,20.27,3.24,3.23,3.23,3.27,-9.5,-10.31,0.0,0.0,-10000.0,0.0,180.0,None,0.0,181.0
2025-11-08T01:49:15.293617,58.853,20.03,508.41,20.27,3.24,3.23,3.23,3.27,-9.5,-10.31,0.0,0.0,-10000.0,0.0,180.0,None,0.0,181.0
2025-11-08T01:49:15.294897,58.854,20.03,508.41,20.27,3.25,3.22,3.23,3.27,-9.5,-10.31,0.0,0.0,-10000.0,0.0,180.0,None,0.0,181.0
2025-11-08T01:49:15.295790,58.855,20.03,508.41,20.27,3.25,3.22,3.23,3.27,-9.5,-10.31,0.0,0.0,-10000.0,0.0,180.0,None,0.0,181.0
2025-11-08T01:49:15.296765,58.856,20.03,508.41,20.27,3.25,3.22,3.23,3.27,-9.5,-10.31,0.0,0.0,-10000.0,0.0,180.0,None,0.0,181.0
2025-11-08T01:49:15.298258,58.857,20.03,508.41,20.27,3.25,3.22,3.23,3.27,-9.5,-10.31,0.0,0.0,-10000.0,0.0,180.0,None,0.0,181.0
2025-11-08T01:49:15.300482,58.860,20.03,508.41,20.27,3.25,3.22,3.23,3.27,-9.5,-10.31,0.0,0.0,-10000.0,0.0,180.0,None,0.0,181.0
2025-11-08T01:49:15.302316,58.861,20.03,565.38,20.27,3.24,3.24,3.22,3.27,-9.5,-10.31,0.0,0.0,-10000.0,0.0,180.0,None,0.0,181.0
2025-11-08T01:49:15.938760,59.498,20.03,565.38,20.27,3.24,3.24,3.22,3.27,-9.5,-10.31,0.0,0.0,-10000.0,0.0,180.0,None,0.0,181.0
2025-11-08T01:49:15.940201,59.499,20.03,565.38,20.27,3.24,3.24,3.22,3.27,-9.5,-10.31,0.0,0.0,-10000.0,0.0,180.0,None,0.0,181.0
2025-11-08T01:49:15.941165,59.500,20.03,565.38,20.27,3.24,3.24,3.22,3.27,-9.5,-10.31,0.0,0.0,-10000.0,0.0,180.0,None,0.0,319.0
2025-11-08T01:49:15.942229,59.501,20.06,577.97,20.29,3.22,3.25,3.23,3.26,-9.5,-10.31,0.0,0.0,-10000.0,0.0,180.0,None,0.0,319.0
2025-11-08T01:49:15.943276,59.502,20.06,577.97,20.29,3.22,3.25,3.23,3.26,-9.5,-10.31,0.0,0.0,-10000.0,0.0,180.0,None,0.0,319.0
2025-11-08T01:49:15.944306,59.503,20.06,577.97,20.29,3.22,3.25,3.23,3.26,-9.5,-10.31,0.0,0.0,-10000.0,0.0,180.0,None,0.0,319.0
2025-11-08T01:49:15.945457,59.505,20.06,577.97,20.29,3.22,3.25,3.23,3.26,-9.5,-10.31,0.0,0.0,-10000.0,0.0,180.0,None,0.0,319.0
2025-11-08T01:49:15.946600,59.506,20.08,565.38,20.25,3.24,3.22,3.24,3.27,-9.5,-10.31,0.0,0.0,-10000.0,0.0,180.0,None,0.0,319.0
2025-11-08T01:49:15.947799,59.507,20.08,565.38,20.25,3.24,3.22,3.24,3.27,-9.5,-10.31,0.0,0.0,-10000.0,0.0,180.0,None,0.0,319.0
2025-11-08T01:49:15.948740,59.508,20.08,565.38,20.25,3.24,3.22,3.24,3.27,-9.5,-10.31,0.0,0.0,-10000.0,0.0,180.0,None,0.0,139.0
2025-11-08T01:49:15.949627,59.509,20.08,565.38,20.25,3.24,3.22,3.24,3.27,-9.5,-10.31,0.0,0.0,-10000.0,0.0,180.0,None,0.0,139.0
2025-11-08T01:49:15.950715,59.510,20.08,565.38,20.25,3.24,3.22,3.24,3.27,-9.5,-10.31,0.0,0.0,-10000.0,0.0,180.0,None,0.0,139.0
2025-11-08T01:49:15.951703,59.511,20.06,508.41,20.23,3.24,3.23,3.23,3.26,-9.5,-10.31,0.0,0.0,-10000.0,0.0,180.0,None,0.0,139.0
2025-11-08T01:49:15.952708,59.512,20.06,508.41,20.23,3.24,3.23,3.23,3.26,-9.5,-10.31,0.0,0.0,-10000.0,0.0,180.0,None,0.0,139.0
2025-11-08T01:49:15.953700,59.513,20.06,508.41,20.23,3.24,3.23,3.23,3.26,-9.5,-10.31,0.0,0.0,-10000.0,0.0,180.0,None,0.0,139.0
2025-11-08T01:49:15.954914,59.514,20.01,565.38,20.25,3.23,3.23,3.23,3.27,-9.5,-10.31,0.0,0.0,-10000.0,0.0,180.0,None,0.0,139.0
2025-11-08T01:49:15.956599,59.516,20.01,565.38,20.25,3.23,3.23,3.23,3.27,-9.5,-10.31,0.0,0.0,-10000.0,0.0,180.0,None,0.0,139.0
2025-11-08T01:49:15.957791,59.517,20.01,565.38,20.25,3.23,3.23,3.23,3.27,-9.5,-10.31,0.0,0.0,-10000.0,0.0,180.0,None,0.0,181.0
2025-11-08T01:49:16.589742,60.149,20.01,565.38,20.25,3.23,3.23,3.23,3.27,-9.5,-10.31,0.0,0.0,-10000.0,0.0,180.0,None,0.0,181.0
2025-11-08T01:49:16.591661,60.151,20.01,565.38,20.25,3.23,3.23,3.23,3.27,-9.5,-10.31,0.0,0.0,-10000.0,0.0,180.0,None,0.0,181.0
2025-11-08T01:49:16.592955,60.152,20.06,508.41,20.31,3.25,3.23,3.23,3.26,-9.5,-10.31,0.0,0.0,-10000.0,0.0,180.0,None,0.0,181.0
2025-11-08T01:49:16.594056,60.153,20.06,508.41,20.31,3.25,3.23,3.23,3.26,-9.5,-10.31,0.0,0.0,-10000.0,0.0,180.0,None,0.0,181.0
2025-11-08T01:49:16.595135,60.154,20.06,508.41,20.31,3.25,3.23,3.23,3.26,-9.5,-10.31,0.0,0.0,-10000.0,0.0,180.0,None,0.0,181.0
2025-11-08T01:49:16.596181,60.155,20.06,508.41,20.31,3.25,3.23,3.23,3.26,-9.5,-10.31,0.0,0.0,-10000.0,0.0,180.0,None,0.0,181.0
2025-11-08T01:49:16.597250,60.156,20.06,508.41,20.31,3.25,3.23,3.23,3.26,-9.5,-10.31,0.0,0.0,-10000.0,0.0,180.0,None,0.0,181.0
2025-11-08T01:49:16.598166,60.157,20.06,575.21,20.29,3.24,3.24,3.22,3.27,-9.5,-10.31,0.0,0.0,-10000.0,0.0,180.0,None,0.0,181.0
2025-11-08T01:49:16.599071,60.158,20.06,575.21,20.29,3.24,3.24,3.22,3.27,-9.5,-10.31,0.0,0.0,-10000.0,0.0,180.0,None,0.0,181.0
2025-11-08T01:49:16.600013,60.159,20.06,575.21,20.29,3.24,3.24,3.22,3.27,-9.5,-10.31,0.0,0.0,-10000.0,0.0,180.0,None,0.0,181.0
2025-11-08T01:49:16.600845,60.160,20.06,575.21,20.21,3.23,3.24,3.23,3.27,-9.5,-10.31,0.0,0.0,-10000.0,0.0,180.0,None,0.0,181.0
2025-11-08T01:49:16.602097,60.161,20.06,575.21,20.21,3.23,3.24,3.23,3.27,-9.5,-10.31,0.0,0.0,-10000.0,0.0,180.0,None,0.0,181.0
2025-11-08T01:49:16.603105,60.162,20.06,575.21,20.21,3.23,3.24,3.23,3.27,-9.5,-10.31,0.0,0.0,-10000.0,0.0,180.0,None,0.0,181.0
2025-11-08T01:49:16.604577,60.164,20.06,575.21,20.21,3.23,3.24,3.23,3.27,-9.5,-10.31,0.0,0.0,-10000.0,0.0,180.0,None,0.0,181.0
2025-11-08T01:49:16.605872,60.165,20.06,575.21,20.21,3.23,3.24,3.23,3.27,-9.5,-10.31,0.0,0.0,-10000.0,0.0,180.0,None,0.0,181.0
2025-11-08T01:49:17.231971,60.791,20.06,571.46,20.25,3.25,3.23,3.24,3.25,-9.5,-10.31,0.0,0.0,-10000.0,0.0,180.0,None,0.0,181.0
2025-11-08T01:49:17.233079,60.792,20.06,571.46,20.25,3.25,3.23,3.24,3.25,-9.5,-10.31,0.0,0.0,-10000.0,0.0,180.0,None,0.0,181.0
2025-11-08T01:49:17.240758,60.800,20.06,571.46,20.25,3.25,3.23,3.24,3.25,-9.5,-10.31,0.0,0.0,-10000.0,0.0,180.0,None,0.0,181.0
2025-11-08T01:49:17.241644,60.801,20.06,571.46,20.25,3.25,3.23,3.24,3.25,-9.5,-10.31,0.0,0.0,-10000.0,0.0,180.0,None,0.0,181.0
2025-11-08T01:49:17.242363,60.801,20.06,571.46,20.25,3.25,3.23,3.24,3.25,-9.5,-10.31,0.0,0.0,-10000.0,0.0,180.0,None,0.0,181.0
2025-11-08T01:49:17.244425,60.804,20.03,565.38,20.38,3.23,3.25,3.23,3.27,-9.5,-10.31,0.0,0.0,-10000.0,0.0,180.0,None,0.0,181.0
2025-11-08T01:49:17.246168,60.805,20.03,565.38,20.38,3.23,3.25,3.23,3.27,-9.5,-10.31,0.0,0.0,-10000.0,0.0,180.0,None,0.0,181.0
2025-11-08T01:49:17.250746,60.810,20.03,565.38,20.38,3.23,3.25,3.23,3.27,-9.5,-10.31,0.0,0.0,-10000.0,0.0,180.0,None,0.0,181.0
2025-11-08T01:49:17.252191,60.811,20.01,575.21,20.03,3.24,3.23,3.23,3.26,-9.5,-10.31,0.0,0.0,-10000.0,0.0,180.0,None,0.0,181.0
2025-11-08T01:49:17.253426,60.813,20.01,575.21,20.03,3.24,3.23,3.23,3.26,-9.5,-10.31,0.0,0.0,-10000.0,0.0,180.0,None,0.0,181.0
2025-11-08T01:49:17.254799,60.814,20.01,575.21,20.03,3.24,3.23,3.23,3.26,-9.5,-10.31,0.0,0.0,-10000.0,0.0,180.0,None,0.0,181.0
2025-11-08T01:49:17.255757,60.815,20.01,575.21,20.03,3.24,3.23,3.23,3.26,-9.5,-10.31,0.0,0.0,-10000.0,0.0,180.0,None,0.0,181.0
2025-11-08T01:49:17.256878,60.816,20.01,575.21,20.03,3.24,3.23,3.23,3.26,-9.5,-10.31,0.0,0.0,-10000.0,0.0,180.0,None,0.0,181.0
2025-11-08T01:49:17.257988,60.817,20.01,508.41,20.25,3.23,3.24,3.21,3.3,-9.5,-10.31,0.0,0.0,-10000.0,0.0,180.0,None,0.0,181.0
2025-11-08T01:49:17.259011,60.818,20.01,508.41,20.25,3.23,3.24,3.21,3.3,-9.5,-10.31,0.0,0.0,-10000.0,0.0,180.0,None,0.0,181.0
2025-11-08T01:49:17.260538,60.820,20.01,508.41,20.25,3.23,3.24,3.21,3.3,-9.5,-10.31,0.0,0.0,-10000.0,0.0,180.0,None,0.0,181.0
2025-11-08T01:49:17.261899,60.821,20.03,571.46,20.27,3.25,3.23,3.23,3.26,-9.5,-10.31,0.0,0.0,-10000.0,0.0,180.0,None,0.0,181.0
2025-11-08T01:49:17.263859,60.823,20.03,571.46,20.27,3.25,3.23,3.23,3.26,-9.5,-10.31,0.0,0.0,-10000.0,0.0,180.0,None,0.0,181.0
2025-11-08T01:49:17.264864,60.824,20.03,571.46,20.27,3.25,3.23,3.23,3.26,-9.5,-10.31,0.0,0.0,-10000.0,0.0,180.0,None,0.0,181.0
2025-11-08T01:49:17.922760,61.482,20.03,571.46,20.27,3.25,3.23,3.23,3.26,-9.5,-10.31,0.0,0.0,-10000.0,0.0,180.0,None,0.0,181.0
2025-11-08T01:49:17.924219,61.483,20.03,571.46,20.27,3.25,3.23,3.23,3.26,-9.5,-10.31,0.0,0.0,-10000.0,0.0,180.0,None,0.0,181.0
2025-11-08T01:49:17.925372,61.485,20.06,508.41,20.25,3.24,3.23,3.23,3.26,-9.5,-10.31,0.0,0.0,-10000.0,0.0,180.0,None,0.0,181.0
2025-11-08T01:49:17.926452,61.486,20.06,508.41,20.25,3.24,3.23,3.23,3.26,-9.5,-10.31,0.0,0.0,-10000.0,0.0,180.0,None,0.0,181.0
2025-11-08T01:49:17.927478,61.487,20.06,508.41,20.25,3.24,3.23,3.23,3.26,-9.5,-10.31,0.0,0.0,-10000.0,0.0,180.0,None,0.0,181.0
2025-11-08T01:49:17.928320,61.487,20.06,508.41,20.25,3.24,3.23,3.23,3.26,-9.5,-10.31,0.0,0.0,-10000.0,0.0,180.0,None,0.0,181.0
2025-11-08T01:49:17.929453,61.489,20.06,508.41,20.25,3.24,3.23,3.23,3.26,-9.5,-10.31,0.0,0.0,-10000.0,0.0,180.0,None,0.0,181.0
2025-11-08T01:49:17.930887,61.490,20.06,508.41,20.29,3.24,3.23,3.23,3.27,-9.5,-10.31,0.0,0.0,-10000.0,0.0,180.0,None,0.0,181.0
2025-11-08T01:49:17.931935,61.491,20.06,508.41,20.29,3.24,3.23,3.23,3.27,-9.5,-10.31,0.0,0.0,-10000.0,0.0,180.0,None,0.0,181.0
2025-11-08T01:49:17.932912,61.492,20.06,508.41,20.29,3.24,3.23,3.23,3.27,-9.5,-10.31,0.0,0.0,-10000.0,0.0,180.0,None,0.0,181.0
2025-11-08T01:49:17.933935,61.493,20.06,508.41,20.29,3.24,3.23,3.23,3.27,-9.5,-10.31,0.0,0.0,-10000.0,0.0,180.0,None,0.0,181.0
2025-11-08T01:49:17.934925,61.494,19.97,508.41,20.27,3.24,3.23,3.23,3.26,-9.5,-10.31,0.0,0.0,-10000.0,0.0,180.0,None,0.0,181.0
2025-11-08T01:49:17.935682,61.495,19.97,508.41,20.27,3.24,3.23,3.23,3.26,-9.5,-10.31,0.0,0.0,-10000.0,0.0,180.0,None,0.0,181.0
2025-11-08T01:49:17.937194,61.496,19.97,508.41,20.27,3.24,3.23,3.23,3.26,-9.5,-10.31,0.0,0.0,-10000.0,0.0,180.0,None,0.0,139.0
2025-11-08T01:49:17.939217,61.498,19.97,508.41,20.27,3.24,3.23,3.23,3.26,-9.5,-10.31,0.0,0.0,-10000.0,0.0,180.0,None,0.0,139.0
2025-11-08T01:49:17.940317,61.499,20.03,571.46,20.27,3.23,3.24,3.23,3.27,-9.5,-10.31,0.0,0.0,-10000.0,0.0,180.0,None,0.0,139.0
2025-11-08T01:49:17.943965,61.503,20.03,571.46,20.27,3.23,3.24,3.23,3.27,-9.5,-10.31,0.0,0.0,-10000.0,0.0,180.0,None,0.0,139.0
2025-11-08T01:49:18.601549,62.161,20.03,571.46,20.27,3.23,3.24,3.23,3.27,-9.5,-10.31,0.0,0.0,-10000.0,0.0,180.0,None,0.0,139.0
2025-11-08T01:49:18.603032,62.162,20.03,571.46,20.27,3.23,3.24,3.23,3.27,-9.5,-10.31,0.0,0.0,-10000.0,0.0,180.0,None,0.0,139.0
2025-11-08T01:49:18.604032,62.163,20.03,571.46,20.27,3.23,3.24,3.23,3.27,-9.5,-10.31,0.0,0.0,-10000.0,0.0,180.0,None,0.0,139.0
2025-11-08T01:49:18.605163,62.164,20.03,565.38,20.31,3.21,3.26,3.23,3.27,-9.5,-10.31,0.0,0.0,-10000.0,0.0,180.0,None,0.0,139.0
2025-11-08T01:49:18.606260,62.165,20.03,565.38,20.31,3.21,3.26,3.23,3.27,-9.5,-10.31,0.0,0.0,-10000.0,0.0,180.0,None,0.0,139.0
2025-11-08T01:49:18.607321,62.166,20.03,565.38,20.31,3.21,3.26,3.23,3.27,-9.5,-10.31,0.0,0.0,-10000.0,0.0,180.0,None,0.0,139.0
2025-11-08T01:49:18.608318,62.167,20.03,565.38,20.31,3.21,3.26,3.23,3.27,-9.5,-10.31,0.0,0.0,-10000.0,0.0,180.0,None,0.0,139.0
2025-11-08T01:49:18.609404,62.169,20.03,508.41,20.27,3.23,3.24,3.23,3.27,-9.5,-10.31,0.0,0.0,-10000.0,0.0,180.0,None,0.0,139.0
2025-11-08T01:49:18.610415,62.170,20.03,508.41,20.27,3.23,3.24,3.23,3.27,-9.5,-10.31,0.0,0.0,-10000.0,0.0,180.0,None,0.0,139.0
2025-11-08T01:49:18.611358,62.170,20.03,508.41,20.27,3.23,3.24,3.23,3.27,-9.5,-10.31,0.0,0.0,-10000.0,0.0,180.0,None,0.0,139.0
2025-11-08T01:49:18.612431,62.172,20.03,508.41,20.27,3.23,3.24,3.23,3.27,-9.5,-10.31,0.0,0.0,-10000.0,0.0,180.0,None,0.0,139.0
2025-11-08T01:49:18.613577,62.173,20.06,565.38,20.27,3.23,3.24,3.21,3.27,-9.5,-10.31,0.0,0.0,-10000.0,0.0,180.0,None,0.0,139.0
2025-11-08T01:49:18.614577,62.174,20.06,565.38,20.27,3.23,3.24,3.21,3.27,-9.5,-10.31,0.0,0.0,-10000.0,0.0,180.0,None,0.0,139.0
2025-11-08T01:49:18.615581,62.175,20.06,565.38,20.27,3.23,3.24,3.21,3.27,-9.5,-10.31,0.0,0.0,-10000.0,0.0,180.0,None,0.0,139.0
2025-11-08T01:49:18.616595,62.176,20.06,565.38,20.27,3.23,3.24,3.21,3.27,-9.5,-10.31,0.0,0.0,-10000.0,0.0,180.0,None,0.0,139.0
2025-11-08T01:49:18.618049,62.177,20.1,508.41,20.27,3.23,3.24,3.23,3.27,-9.5,-10.31,0.0,0.0,-10000.0,0.0,180.0,None,0.0,139.0
2025-11-08T01:49:18.619287,62.178,20.1,508.41,20.27,3.23,3.24,3.23,3.27,-9.5,-10.31,0.0,0.0,-10000.0,0.0,180.0,None,0.0,139.0
2025-11-08T01:49:18.622070,62.181,20.1,508.41,20.27,3.23,3.24,3.23,3.27,-9.5,-10.31,0.0,0.0,-10000.0,0.0,180.0,None,0.0,139.0
2025-11-08T01:49:18.623282,62.182,20.1,508.41,20.27,3.23,3.24,3.23,3.27,-9.5,-10.31,0.0,0.0,-10000.0,0.0,180.0,None,0.0,139.0
2025-11-08T01:49:19.282600,62.842,20.1,508.41,20.27,3.23,3.24,3.23,3.27,-9.5,-10.31,0.0,0.0,-10000.0,0.0,180.0,None,0.0,139.0
2025-11-08T01:49:19.284094,62.843,20.03,508.41,20.25,3.23,3.24,3.23,3.26,-9.5,-10.31,0.0,0.0,-10000.0,0.0,180.0,None,0.0,139.0
2025-11-08T01:49:19.285195,62.844,20.03,508.41,20.25,3.23,3.24,3.23,3.26,-9.5,-10.31,0.0,0.0,-10000.0,0.0,180.0,None,0.0,139.0
2025-11-08T01:49:19.286188,62.845,20.03,508.41,20.25,3.23,3.24,3.23,3.26,-9.5,-10.31,0.0,0.0,-10000.0,0.0,180.0,None,0.0,139.0
2025-11-08T01:49:19.287361,62.846,20.03,508.41,20.25,3.23,3.24,3.23,3.26,-9.5,-10.31,0.0,0.0,-10000.0,0.0,180.0,None,0.0,181.0
2025-11-08T01:49:19.288171,62.847,20.03,508.41,20.25,3.23,3.24,3.23,3.26,-9.5,-10.31,0.0,0.0,-10000.0,0.0,180.0,None,0.0,181.0
2025-11-08T01:49:19.289089,62.848,20.06,565.38,20.27,3.25,3.23,3.23,3.27,-9.5,-10.31,0.0,0.0,-10000.0,0.0,180.0,None,0.0,181.0
2025-11-08T01:49:19.289966,62.849,20.06,565.38,20.27,3.25,3.23,3.23,3.27,-9.5,-10.31,0.0,0.0,-10000.0,0.0,180.0,None,0.0,181.0
2025-11-08T01:49:19.290761,62.850,20.06,565.38,20.27,3.25,3.23,3.23,3.27,-9.5,-10.31,0.0,0.0,-10000.0,0.0,180.0,None,0.0,181.0
2025-11-08T01:49:19.291591,62.851,20.01,571.46,20.27,3.24,3.23,3.23,3.27,-9.5,-10.31,0.0,0.0,-10000.0,0.0,180.0,None,0.0,181.0
2025-11-08T01:49:19.292643,62.852,20.01,571.46,20.27,3.24,3.23,3.23,3.27,-9.5,-10.31,0.0,0.0,-10000.0,0.0,180.0,None,0.0,181.0
2025-11-08T01:49:19.293524,62.853,20.01,571.46,20.27,3.24,3.23,3.23,3.27,-9.5,-10.31,0.0,0.0,-10000.0,0.0,180.0,None,0.0,139.0
2025-11-08T01:49:19.295751,62.855,20.01,571.46,20.27,3.24,3.23,3.23,3.27,-9.5,-10.31,0.0,0.0,-10000.0,0.0,180.0,None,0.0,139.0
2025-11-08T01:49:20.013562,63.573,20.01,571.46,20.27,3.24,3.23,3.23,3.27,-9.5,-10.31,0.0,0.0,-10000.0,0.0,180.0,None,0.0,139.0
2025-11-08T01:49:20.014957,63.574,20.08,575.21,20.29,3.24,3.23,3.23,3.26,-9.5,-10.31,0.0,0.0,-10000.0,0.0,180.0,None,0.0,139.0
2025-11-08T01:49:20.016198,63.575,20.08,575.21,20.29,3.24,3.23,3.23,3.26,-9.5,-10.31,0.0,0.0,-10000.0,0.0,180.0,None,0.0,139.0
2025-11-08T01:49:20.017295,63.576,20.08,575.21,20.29,3.24,3.23,3.23,3.26,-9.5,-10.31,0.0,0.0,-10000.0,0.0,180.0,None,0.0,139.0
2025-11-08T01:49:20.018419,63.578,20.08,575.21,20.29,3.24,3.23,3.23,3.26,-9.5,-10.31,0.0,0.0,-10000.0,0.0,180.0,None,0.0,139.0
2025-11-08T01:49:20.019942,63.579,20.08,565.38,20.27,3.25,3.23,3.23,3.27,-9.5,-10.31,0.0,0.0,-10000.0,0.0,180.0,None,0.0,139.0
2025-11-08T01:49:20.022974,63.582,20.08,565.38,20.27,3.25,3.23,3.23,3.27,-9.5,-10.31,0.0,0.0,-10000.0,0.0,180.0,None,0.0,139.0
2025-11-08T01:49:20.024926,63.584,20.08,565.38,20.27,3.25,3.23,3.23,3.27,-9.5,-10.31,0.0,0.0,-10000.0,0.0,180.0,None,0.0,139.0
2025-11-08T01:49:20.026635,63.586,20.08,565.38,20.27,3.25,3.23,3.23,3.27,-9.5,-10.31,0.0,0.0,-10000.0,0.0,180.0,None,0.0,139.0
2025-11-08T01:49:20.027944,63.587,20.03,565.38,20.25,3.24,3.23,3.23,3.27,-9.5,-10.31,0.0,0.0,-10000.0,0.0,180.0,None,0.0,139.0
2025-11-08T01:49:20.029058,63.588,20.03,565.38,20.25,3.24,3.23,3.23,3.27,-9.5,-10.31,0.0,0.0,-10000.0,0.0,180.0,None,0.0,139.0
2025-11-08T01:49:20.030132,63.589,20.03,565.38,20.25,3.24,3.23,3.23,3.27,-9.5,-10.31,0.0,0.0,-10000.0,0.0,180.0,None,0.0,139.0
2025-11-08T01:49:20.031389,63.591,20.03,565.38,20.25,3.24,3.23,3.23,3.27,-9.5,-10.31,0.0,0.0,-10000.0,0.0,180.0,None,0.0,139.0
2025-11-08T01:49:20.033574,63.593,20.03,565.38,20.25,3.24,3.23,3.23,3.27,-9.5,-10.31,0.0,0.0,-10000.0,0.0,180.0,None,0.0,139.0
2025-11-08T01:49:20.034999,63.594,20.08,508.41,20.25,3.24,3.24,3.22,3.27,-9.5,-10.31,0.0,0.0,-10000.0,0.0,180.0,None,0.0,139.0
2025-11-08T01:49:20.036183,63.595,20.08,508.41,20.25,3.24,3.24,3.22,3.27,-9.5,-10.31,0.0,0.0,-10000.0,0.0,180.0,None,0.0,139.0
2025-11-08T01:49:20.037237,63.596,20.08,508.41,20.25,3.24,3.24,3.22,3.27,-9.5,-10.31,0.0,0.0,-10000.0,0.0,180.0,None,0.0,139.0
2025-11-08T01:49:20.039978,63.599,20.08,508.41,20.25,3.24,3.24,3.22,3.27,-9.5,-10.31,0.0,0.0,-10000.0,0.0,180.0,None,0.0,139.0
2025-11-08T01:49:20.041422,63.601,20.03,571.46,20.25,3.23,3.24,3.22,3.27,-9.5,-10.31,0.0,0.0,-10000.0,0.0,180.0,None,0.0,139.0
2025-11-08T01:49:20.043087,63.602,20.03,571.46,20.25,3.23,3.24,3.22,3.27,-9.5,-10.31,0.0,0.0,-10000.0,0.0,180.0,None,0.0,139.0
2025-11-08T01:49:20.044254,63.603,20.03,571.46,20.25,3.23,3.24,3.22,3.27,-9.5,-10.31,0.0,0.0,-10000.0,0.0,180.0,None,0.0,139.0
2025-11-08T01:49:20.045353,63.604,20.03,571.46,20.25,3.23,3.24,3.22,3.27,-9.5,-10.31,0.0,0.0,-10000.0,0.0,180.0,None,0.0,139.0
2025-11-08T01:49:20.688326,64.247,19.95,508.41,20.27,3.24,3.21,3.24,3.27,-9.5,-10.31,0.0,0.0,-10000.0,0.0,180.0,None,0.0,139.0
2025-11-08T01:49:20.689828,64.249,19.95,508.41,20.27,3.24,3.21,3.24,3.27,-9.5,-10.31,0.0,0.0,-10000.0,0.0,180.0,None,0.0,139.0
2025-11-08T01:49:20.690926,64.250,19.95,508.41,20.27,3.24,3.21,3.24,3.27,-9.5,-10.31,0.0,0.0,-10000.0,0.0,180.0,None,0.0,139.0
2025-11-08T01:49:20.691888,64.251,19.95,508.41,20.27,3.24,3.21,3.24,3.27,-9.5,-10.31,0.0,0.0,-10000.0,0.0,180.0,None,0.0,272.0
2025-11-08T01:49:20.692946,64.252,19.95,508.41,20.27,3.24,3.21,3.24,3.27,-9.5,-10.31,0.0,0.0,-10000.0,0.0,180.0,None,0.0,272.0
2025-11-08T01:49:20.697624,64.257,20.01,565.38,20.27,3.24,3.27,3.19,3.28,-9.5,-10.31,0.0,0.0,-10000.0,0.0,180.0,None,0.0,272.0
2025-11-08T01:49:20.698989,64.258,20.01,565.38,20.27,3.24,3.27,3.19,3.28,-9.5,-10.31,0.0,0.0,-10000.0,0.0,180.0,None,0.0,272.0
2025-11-08T01:49:20.699853,64.259,20.01,565.38,20.27,3.24,3.27,3.19,3.28,-9.5,-10.31,0.0,0.0,-10000.0,0.0,180.0,None,0.0,272.0
2025-11-08T01:49:20.700640,64.260,20.01,565.38,20.27,3.24,3.27,3.19,3.28,-9.5,-10.31,0.0,0.0,-10000.0,0.0,180.0,None,0.0,272.0
2025-11-08T01:49:20.703059,64.262,20.03,565.38,20.29,3.24,3.23,3.23,3.27,-9.5,-10.31,0.0,0.0,-10000.0,0.0,180.0,None,0.0,272.0
2025-11-08T01:49:20.705124,64.264,20.03,565.38,20.29,3.24,3.23,3.23,3.27,-9.5,-10.31,0.0,0.0,-10000.0,0.0,180.0,None,0.0,272.0
2025-11-08T01:49:20.706263,64.265,20.03,565.38,20.29,3.24,3.23,3.23,3.27,-9.5,-10.31,0.0,0.0,-10000.0,0.0,180.0,None,0.0,272.0
2025-11-08T01:49:20.707603,64.267,20.03,565.38,20.29,3.24,3.23,3.23,3.27,-9.5,-10.31,0.0,0.0,-10000.0,0.0,180.0,None,0.0,272.0
2025-11-08T01:49:20.708717,64.268,20.03,508.41,20.31,3.24,3.23,3.23,3.27,-9.5,-10.31,0.0,0.0,-10000.0,0.0,180.0,None,0.0,272.0
2025-11-08T01:49:20.709852,64.269,20.03,508.41,20.31,3.24,3.23,3.23,3.27,-9.5,-10.31,0.0,0.0,-10000.0,0.0,180.0,None,0.0,272.0
2025-11-08T01:49:20.710855,64.270,20.03,508.41,20.31,3.24,3.23,3.23,3.27,-9.5,-10.31,0.0,0.0,-10000.0,0.0,180.0,None,0.0,272.0
