Timestamp,Elapsed_Time_s,Temp1,Temp2,Temp3,Volt1,Volt2,Volt3,Volt4,MPPT_curr_hull_port,MPPT_curr_hull_starbd,MPPT_curr_sail_port,MPPT_curr_sail_starbd,Actual_rdr_deg,Set_rdr_deg,Speed_over_gnd,IMU_roll,IMU_pitch,IMU_integral,IMU_derivative,IMU_heading,Desired_heading,Data_wind_spd,Data_wind_dir
2025-11-08T01:39:05.726711,4.966,None,None,None,None,None,None,None,None,None,None,None,-9.5,-10.31,0.0,0.0,0.0,-10000.0,0.0,180.0,None,None,None
2025-11-08T01:39:05.735076,4.974,20.1,508.41,20.27,3.23,3.24,3.23,3.26,0.0,0.0,0.0,0.0,-9.5,-10.31,0.0,0.0,0.0,-10000.0,0.0,180.0,None,None,None
2025-11-08T01:39:07.221188,6.460,20.1,508.41,20.27,3.23,3.24,3.23,3.26,0.0,0.0,0.0,0.0,-9.5,-10.31,0.0,0.0,0.0,-10000.0,0.0,180.0,None,None,None
2025-11-08T01:39:07.222218,6.461,20.1,508.41,20.27,3.23,3.24,3.23,3.26,0.0,0.0,0.0,0.0,-9.5,-10.31,0.0,0.0,0.0,-10000.0,0.0,180.0,None,None,None
2025-11-08T01:39:07.224872,6.464,20.1,508.41,20.27,3.23,3.24,3.23,3.26,0.0,0.0,0.0,0.0,-9.5,-10.31,0.0,0.0,0.0,-10000.0,0.0,180.0,None,None,None
2025-11-08T01:39:07.226392,6.465,20.01,508.41,20.25,3.24,3.23,3.23,3.27,0.0,0.0,0.0,0.0,-9.5,-10.31,0.0,0.0,0.0,-10000.0,0.0,180.0,None,None,None
2025-11-08T01:39:07.228046,6.467,20.01,508.41,20.25,3.24,3.23,3.23,3.27,0.0,0.0,0.0,0.0,-9.5,-10.31,0.0,0.0,0.0,-10000.0,0.0,180.0,None,0.0,319.0
2025-11-08T01:39:07.229629,6.469,20.01,508.41,20.25,3.24,3.23,3.23,3.27,0.0,0.0,0.0,0.0,-9.5,-10.31,0.0,0.0,0.0,-10000.0,0.0,180.0,None,0.0,319.0
2025-11-08T01:39:07.231797,6.471,20.01,508.41,20.25,3.24,3.23,3.23,3.27,0.0,0.0,0.0,0.0,-9.5,-10.31,0.0,0.0,0.0,-10000.0,0.0,180.0,None,0.0,319.0
2025-11-08T01:39:07.233358,6.472,19.99,565.38,20.27,3.24,3.23,3.23,3.26,0.0,0.0,0.0,0.0,-9.5,-10.31,0.0,0.0,0.0,-10000.0,0.0,180.0,None,0.0,319.0
2025-11-08T01:39:07.236722,6.476,19.99,565.38,20.27,3.24,3.23,3.23,3.26,0.0,0.0,0.0,0.0,-9.5,-10.31,0.0,0.0,0.0,-10000.0,0.0,180.0,None,0.0,319.0
2025-11-08T01:39:07.239269,6.478,19.99,565.38,20.27,3.24,3.23,3.23,3.26,0.0,0.0,0.0,0.0,-9.5,-10.31,0.0,0.0,0.0,-10000.0,0.0,180.0,None,0.0,319.0
2025-11-08T01:39:07.240912,6.480,19.99,565.38,20.27,3.24,3.23,3.23,3.26,0.0,0.0,0.0,0.0,-9.5,-10.31,0.0,0.0,0.0,-10000.0,0.0,180.0,None,0.0,319.0
2025-11-08T01:39:07.243338,6.482,19.99,565.38,20.27,3.24,3.23,3.23,3.26,0.0,0.0,0.0,0.0,-9.5,-10.31,0.0,0.0,0.0,-10000.0,0.0,180.0,None,0.0,319.0
2025-11-08T01:39:07.248431,6.488,20.03,565.38,20.25,3.22,3.25,3.23,3.26,0.0,0.0,0.0,0.0,-9.5,-10.31,0.0,0.0,0.0,-10000.0,0.0,180.0,None,0.0,319.0
2025-11-08T01:39:07.251338,6.490,20.03,565.38,20.25,3.22,3.25,3.23,3.26,0.0,0.0,0.0,0.0,-9.5,-10.31,0.0,0.0,0.0,-10000.0,0.0,180.0,None,0.0,319.0
2025-11-08T01:39:07.252419,6.491,20.03,565.38,20.25,3.22,3.25,3.23,3.26,0.0,0.0,0.0,0.0,-9.5,-10.31,0.0,0.0,0.0,-10000.0,0.0,180.0,None,0.0,319.0
2025-11-08T01:39:07.253913,6.493,20.03,565.38,20.25,3.22,3.25,3.23,3.26,0.0,0.0,0.0,0.0,-9.5,-10.31,0.0,0.0,0.0,-10000.0,0.0,180.0,None,0.0,319.0
2025-11-08T01:39:07.256165,6.495,20.01,575.21,20.25,3.25,3.23,3.22,3.27,0.0,0.0,0.0,0.0,-9.5,-10.31,0.0,0.0,0.0,-10000.0,0.0,180.0,None,0.0,319.0
2025-11-08T01:39:07.256637,6.496,20.01,575.21,20.25,3.25,3.23,3.22,3.27,0.0,0.0,0.0,0.0,-9.5,-10.31,0.0,0.0,0.0,-10000.0,0.0,180.0,None,0.0,319.0
2025-11-08T01:39:07.258769,6.498,20.01,575.21,20.25,3.25,3.23,3.22,3.27,0.0,0.0,0.0,0.0,-9.5,-10.31,0.0,0.0,0.0,-10000.0,0.0,180.0,None,0.0,319.0
2025-11-08T01:39:07.259337,6.498,20.01,575.21,20.25,3.25,3.23,3.22,3.27,0.0,0.0,0.0,0.0,-9.5,-10.31,0.0,0.0,0.0,-10000.0,0.0,180.0,None,0.0,319.0
2025-11-08T01:39:07.259910,6.499,20.01,571.46,20.25,3.25,3.22,3.23,3.27,0.0,0.0,0.0,0.0,-9.5,-10.31,0.0,0.0,0.0,-10000.0,0.0,180.0,None,0.0,319.0
2025-11-08T01:39:07.260457,6.500,20.01,571.46,20.25,3.25,3.22,3.23,3.27,0.0,0.0,0.0,0.0,-9.5,-10.31,0.0,0.0,0.0,-10000.0,0.0,180.0,None,0.0,319.0
2025-11-08T01:39:07.261809,6.501,20.01,571.46,20.25,3.25,3.22,3.23,3.27,0.0,0.0,0.0,0.0,-9.5,-10.31,0.0,0.0,0.0,-10000.0,0.0,180.0,None,0.0,319.0
2025-11-08T01:39:07.262272,6.501,20.01,571.46,20.25,3.25,3.22,3.23,3.27,0.0,0.0,0.0,0.0,-9.5,-10.31,0.0,0.0,0.0,-10000.0,0.0,180.0,None,0.0,319.0
2025-11-08T01:39:07.262676,6.502,20.01,571.46,20.25,3.25,3.22,3.23,3.27,0.0,0.0,0.0,0.0,-9.5,-10.31,0.0,0.0,0.0,-10000.0,0.0,180.0,None,0.0,319.0
2025-11-08T01:39:07.263194,6.502,20.01,565.38,20.29,3.24,3.23,3.23,3.26,0.0,0.0,0.0,0.0,-9.5,-10.31,0.0,0.0,0.0,-10000.0,0.0,180.0,None,0.0,319.0
2025-11-08T01:39:07.264923,6.504,20.01,565.38,20.29,3.24,3.23,3.23,3.26,0.0,0.0,0.0,0.0,-9.5,-10.31,0.0,0.0,0.0,-10000.0,0.0,180.0,None,0.0,319.0
2025-11-08T01:39:07.268670,6.508,20.01,565.38,20.29,3.24,3.23,3.23,3.26,0.0,0.0,0.0,0.0,-9.5,-10.31,0.0,0.0,0.0,-10000.0,0.0,180.0,None,0.0,319.0
2025-11-08T01:39:07.270541,6.510,20.01,565.38,20.29,3.24,3.23,3.23,3.26,0.0,0.0,0.0,0.0,-9.5,-10.31,0.0,0.0,0.0,-10000.0,0.0,180.0,None,0.0,319.0
2025-11-08T01:39:07.271924,6.511,20.01,571.46,20.29,3.23,3.24,3.22,3.27,0.0,0.0,0.0,0.0,-9.5,-10.31,0.0,0.0,0.0,-10000.0,0.0,180.0,None,0.0,319.0
2025-11-08T01:39:07.272974,6.512,20.01,571.46,20.29,3.23,3.24,3.22,3.27,0.0,0.0,0.0,0.0,-9.5,-10.31,0.0,0.0,0.0,-10000.0,0.0,180.0,None,0.0,319.0
2025-11-08T01:39:07.292596,6.532,20.01,571.46,20.29,3.23,3.24,3.22,3.27,0.0,0.0,0.0,0.0,-9.5,-10.31,0.0,0.0,0.0,-10000.0,0.0,180.0,None,0.0,319.0
2025-11-08T01:39:07.294610,6.534,20.01,571.46,20.29,3.23,3.24,3.22,3.27,0.0,0.0,0.0,0.0,-9.5,-10.31,0.0,0.0,0.0,-10000.0,0.0,180.0,None,0.0,319.0
2025-11-08T01:39:07.297616,6.537,20.03,508.41,20.01,3.24,3.23,3.26,3.22,0.0,0.0,0.0,0.0,-9.5,-10.31,0.0,0.0,0.0,-10000.0,0.0,180.0,None,0.0,319.0
2025-11-08T01:39:07.298323,6.537,20.03,508.41,20.01,3.24,3.23,3.26,3.22,0.0,0.0,0.0,0.0,-9.5,-10.31,0.0,0.0,0.0,-10000.0,0.0,180.0,None,0.0,319.0
2025-11-08T01:39:07.299431,6.538,20.03,508.41,20.01,3.24,3.23,3.26,3.22,0.0,0.0,0.0,0.0,-9.5,-10.31,0.0,0.0,0.0,-10000.0,0.0,180.0,None,0.0,319.0
2025-11-08T01:39:07.302409,6.541,20.03,508.41,20.01,3.24,3.23,3.26,3.22,0.0,0.0,0.0,0.0,-9.5,-10.31,0.0,0.0,0.0,-10000.0,0.0,180.0,None,0.0,319.0
2025-11-08T01:39:07.303725,6.543,20.01,571.46,20.27,3.24,3.23,3.23,3.27,0.0,0.0,0.0,0.0,-9.5,-10.31,0.0,0.0,0.0,-10000.0,0.0,180.0,None,0.0,319.0
2025-11-08T01:39:07.305753,6.545,20.01,571.46,20.27,3.24,3.23,3.23,3.27,0.0,0.0,0.0,0.0,-9.5,-10.31,0.0,0.0,0.0,-10000.0,0.0,180.0,None,0.0,319.0
2025-11-08T01:39:07.308960,6.548,20.01,571.46,20.27,3.24,3.23,3.23,3.27,0.0,0.0,0.0,0.0,-9.5,-10.31,0.0,0.0,0.0,-10000.0,0.0,180.0,None,0.0,319.0
2025-11-08T01:39:07.313635,6.553,20.01,571.46,20.27,3.24,3.23,3.23,3.27,0.0,0.0,0.0,0.0,-9.5,-10.31,0.0,0.0,0.0,-10000.0,0.0,180.0,None,0.0,319.0
2025-11-08T01:39:09.058774,8.298,20.01,571.46,20.27,3.24,3.23,3.23,3.27,0.0,0.0,0.0,0.0,-9.5,-10.31,0.0,0.0,0.0,-10000.0,0.0,180.0,None,0.0,319.0
2025-11-08T01:39:09.064855,8.304,20.01,571.46,20.29,3.22,3.25,3.23,3.27,0.0,0.0,0.0,0.0,-9.5,-10.31,0.0,0.0,0.0,-10000.0,0.0,180.0,None,0.0,319.0
2025-11-08T01:39:09.071813,8.311,20.01,571.46,20.29,3.22,3.25,3.23,3.27,0.0,0.0,0.0,0.0,-9.5,-10.31,0.0,0.0,0.0,-10000.0,0.0,180.0,None,0.0,319.0
2025-11-08T01:39:09.072550,8.312,20.01,571.46,20.29,3.22,3.25,3.23,3.27,0.0,0.0,0.0,0.0,-9.5,-10.31,0.0,0.0,0.0,-10000.0,0.0,180.0,None,0.0,319.0
2025-11-08T01:39:09.073110,8.312,20.01,571.46,20.29,3.22,3.25,3.23,3.27,0.0,0.0,0.0,0.0,-9.5,-10.31,0.0,0.0,0.0,-10000.0,0.0,180.0,None,0.0,319.0
2025-11-08T01:39:09.073702,8.313,20.06,565.38,20.25,3.25,3.22,3.23,3.28,0.0,0.0,0.0,0.0,-9.5,-10.31,0.0,0.0,0.0,-10000.0,0.0,180.0,None,0.0,319.0
2025-11-08T01:39:09.074211,8.313,20.06,565.38,20.25,3.25,3.22,3.23,3.28,0.0,0.0,0.0,0.0,-9.5,-10.31,0.0,0.0,0.0,-10000.0,0.0,180.0,None,0.0,319.0
2025-11-08T01:39:09.099019,8.338,20.06,565.38,20.25,3.25,3.22,3.23,3.28,0.0,0.0,0.0,0.0,-9.5,-10.31,0.0,0.0,0.0,-10000.0,0.0,180.0,None,0.0,319.0
2025-11-08T01:39:09.100263,8.339,20.06,565.38,20.25,3.25,3.22,3.23,3.28,0.0,0.0,0.0,0.0,-9.5,-10.31,0.0,0.0,0.0,-10000.0,0.0,180.0,None,0.0,319.0
2025-11-08T01:39:09.118692,8.358,20.03,508.41,20.27,3.24,3.24,3.23,3.25,0.0,0.0,0.0,0.0,-9.5,-10.31,0.0,0.0,0.0,-10000.0,0.0,180.0,None,0.0,319.0
2025-11-08T01:39:09.119562,8.359,20.03,508.41,20.27,3.24,3.24,3.23,3.25,0.0,0.0,0.0,0.0,-9.5,-10.31,0.0,0.0,0.0,-10000.0,0.0,180.0,None,0.0,319.0
2025-11-08T01:39:09.134732,8.374,20.03,508.41,20.27,3.24,3.24,3.23,3.25,0.0,0.0,0.0,0.0,-9.5,-10.31,0.0,0.0,0.0,-10000.0,0.0,180.0,None,0.0,272.0
2025-11-08T01:39:09.135565,8.375,20.03,508.41,20.27,3.24,3.24,3.23,3.25,0.0,0.0,0.0,0.0,-9.5,-10.31,0.0,0.0,0.0,-10000.0,0.0,180.0,None,0.0,272.0
2025-11-08T01:39:09.136165,8.375,20.03,508.41,20.27,3.24,3.24,3.23,3.25,0.0,0.0,0.0,0.0,-9.5,-10.31,0.0,0.0,0.0,-10000.0,0.0,180.0,None,0.0,272.0
2025-11-08T01:39:09.136754,8.376,20.03,580.16,20.27,3.23,3.24,3.23,3.26,0.0,0.0,0.0,0.0,-9.5,-10.31,0.0,0.0,0.0,-10000.0,0.0,180.0,None,0.0,272.0
2025-11-08T01:39:09.137255,8.376,20.03,580.16,20.27,3.23,3.24,3.23,3.26,0.0,0.0,0.0,0.0,-9.5,-10.31,0.0,0.0,0.0,-10000.0,0.0,180.0,None,0.0,272.0
2025-11-08T01:39:09.150010,8.389,20.03,580.16,20.27,3.23,3.24,3.23,3.26,0.0,0.0,0.0,0.0,-9.5,-10.31,0.0,0.0,0.0,-10000.0,0.0,180.0,None,0.0,272.0
2025-11-08T01:39:09.184576,8.424,20.03,580.16,20.27,3.23,3.24,3.23,3.26,0.0,0.0,0.0,0.0,-9.5,-10.31,0.0,0.0,0.0,-10000.0,0.0,180.0,None,0.0,319.0
2025-11-08T01:39:09.193892,8.433,20.01,508.41,20.27,3.23,3.23,3.23,3.27,0.0,0.0,0.0,0.0,-9.5,-10.31,0.0,0.0,0.0,-10000.0,0.0,180.0,None,0.0,319.0
2025-11-08T01:39:09.196664,8.436,20.01,508.41,20.27,3.23,3.23,3.23,3.27,0.0,0.0,0.0,0.0,-9.5,-10.31,0.0,0.0,0.0,-10000.0,0.0,180.0,None,0.0,319.0
2025-11-08T01:39:09.197318,8.436,20.01,508.41,20.27,3.23,3.23,3.23,3.27,0.0,0.0,0.0,0.0,-9.5,-10.31,0.0,0.0,0.0,-10000.0,0.0,180.0,None,0.0,319.0
2025-11-08T01:39:09.208093,8.447,20.01,508.41,20.27,3.23,3.23,3.23,3.27,0.0,0.0,0.0,0.0,-9.5,-10.31,0.0,0.0,0.0,-10000.0,0.0,180.0,None,0.0,319.0
2025-11-08T01:39:09.208985,8.448,20.01,583.56,20.21,3.25,3.23,3.23,3.27,0.0,0.0,0.0,0.0,-9.5,-10.31,0.0,0.0,0.0,-10000.0,0.0,180.0,None,0.0,319.0
2025-11-08T01:39:09.223188,8.462,20.01,583.56,20.21,3.25,3.23,3.23,3.27,0.0,0.0,0.0,0.0,-9.5,-10.31,0.0,0.0,0.0,-10000.0,0.0,180.0,None,0.0,319.0
2025-11-08T01:39:09.223873,8.463,20.01,583.56,20.21,3.25,3.23,3.23,3.27,0.0,0.0,0.0,0.0,-9.5,-10.31,0.0,0.0,0.0,-10000.0,0.0,180.0,None,0.0,319.0
2025-11-08T01:39:09.237880,8.477,20.01,583.56,20.21,3.25,3.23,3.23,3.27,0.0,0.0,0.0,0.0,-9.5,-10.31,0.0,0.0,0.0,-10000.0,0.0,180.0,None,0.0,319.0
2025-11-08T01:39:09.241988,8.481,20.03,508.41,20.31,3.17,3.29,3.24,3.27,0.0,0.0,0.0,0.0,-9.5,-10.31,0.0,0.0,0.0,-10000.0,0.0,180.0,None,0.0,319.0
2025-11-08T01:39:09.242656,8.482,20.03,508.41,20.31,3.17,3.29,3.24,3.27,0.0,0.0,0.0,0.0,-9.5,-10.31,0.0,0.0,0.0,-10000.0,0.0,180.0,None,0.0,319.0
2025-11-08T01:39:09.243195,8.482,20.03,508.41,20.31,3.17,3.29,3.24,3.27,0.0,0.0,0.0,0.0,-9.5,-10.31,0.0,0.0,0.0,-10000.0,0.0,180.0,None,0.0,319.0
2025-11-08T01:39:09.272727,8.512,20.03,508.41,20.31,3.17,3.29,3.24,3.27,0.0,0.0,0.0,0.0,-9.5,-10.31,0.0,0.0,0.0,-10000.0,0.0,180.0,None,0.0,319.0
2025-11-08T01:39:09.274385,8.513,19.95,575.21,20.25,3.23,3.23,3.23,3.27,0.0,0.0,0.0,0.0,-9.5,-10.31,0.0,0.0,0.0,-10000.0,0.0,180.0,None,0.0,319.0
2025-11-08T01:39:09.348670,8.588,19.95,575.21,20.25,3.23,3.23,3.23,3.27,0.0,0.0,0.0,0.0,-9.5,-10.31,0.0,0.0,0.0,-10000.0,0.0,180.0,None,0.0,319.0
2025-11-08T01:39:09.349333,8.588,19.95,575.21,20.25,3.23,3.23,3.23,3.27,0.0,0.0,0.0,0.0,-9.5,-10.31,0.0,0.0,0.0,-10000.0,0.0,180.0,None,0.0,47.0
2025-11-08T01:39:09.349853,8.589,19.95,575.21,20.25,3.23,3.23,3.23,3.27,0.0,0.0,0.0,0.0,-9.5,-10.31,0.0,0.0,0.0,-10000.0,0.0,180.0,None,0.0,47.0
2025-11-08T01:39:09.350368,8.589,19.95,575.21,20.25,3.23,3.23,3.23,3.27,0.0,0.0,0.0,0.0,-9.5,-10.31,0.0,0.0,0.0,-10000.0,0.0,180.0,None,0.0,47.0
2025-11-08T01:39:09.356539,8.596,20.03,508.41,20.27,3.23,3.24,3.23,3.27,0.0,0.0,0.0,0.0,-9.5,-10.31,0.0,0.0,0.0,-10000.0,0.0,180.0,None,0.0,47.0
2025-11-08T01:39:09.360628,8.600,20.03,508.41,20.27,3.23,3.24,3.23,3.27,0.0,0.0,0.0,0.0,-9.5,-10.31,0.0,0.0,0.0,-10000.0,0.0,180.0,None,0.0,47.0
2025-11-08T01:39:09.361925,8.601,20.03,508.41,20.27,3.23,3.24,3.23,3.27,0.0,0.0,0.0,0.0,-9.5,-10.31,0.0,0.0,0.0,-10000.0,0.0,180.0,None,0.0,47.0
2025-11-08T01:39:09.362313,8.601,20.03,508.41,20.27,3.23,3.24,3.23,3.27,0.0,0.0,0.0,0.0,-9.5,-10.31,0.0,0.0,0.0,-10000.0,0.0,180.0,None,0.0,2.0
2025-11-08T01:39:09.373395,8.615,20.03,508.41,20.27,3.23,3.24,3.23,3.27,0.0,0.0,0.0,0.0,-9.5,-10.31,0.0,0.0,0.0,-10000.0,0.0,180.0,None,0.0,2.0
2025-11-08T01:39:09.386204,8.625,20.03,571.46,20.27,3.24,3.24,3.24,3.25,0.0,0.0,0.0,0.0,-9.5,-10.31,0.0,0.0,0.0,-10000.0,0.0,180.0,None,0.0,2.0
2025-11-08T01:39:09.387180,8.626,20.03,571.46,20.27,3.24,3.24,3.24,3.25,0.0,0.0,0.0,0.0,-9.5,-10.31,0.0,0.0,0.0,-10000.0,0.0,180.0,None,0.0,2.0
2025-11-08T01:39:09.387807,8.627,20.03,571.46,20.27,3.24,3.24,3.24,3.25,0.0,0.0,0.0,0.0,-9.5,-10.31,0.0,0.0,0.0,-10000.0,0.0,180.0,None,0.0,2.0
2025-11-08T01:39:09.461221,8.700,20.01,508.41,20.31,3.23,3.24,3.23,3.27,0.0,0.0,0.0,0.0,-9.5,-10.31,0.0,0.0,0.0,-10000.0,0.0,180.0,None,0.0,2.0
2025-11-08T01:39:09.461982,8.701,20.01,508.41,20.31,3.23,3.24,3.23,3.27,0.0,0.0,0.0,0.0,-9.5,-10.31,0.0,0.0,0.0,-10000.0,0.0,180.0,None,0.0,2.0
2025-11-08T01:39:09.462860,8.702,20.01,508.41,20.31,3.23,3.24,3.23,3.27,0.0,0.0,0.0,0.0,-9.5,-10.31,0.0,0.0,0.0,-10000.0,0.0,180.0,None,0.0,47.0
2025-11-08T01:39:09.473030,8.712,20.01,508.41,20.31,3.23,3.24,3.23,3.27,0.0,0.0,0.0,0.0,-9.5,-10.31,0.0,0.0,0.0,-10000.0,0.0,180.0,None,0.0,47.0
2025-11-08T01:39:09.473747,8.713,20.01,508.41,20.31,3.23,3.24,3.23,3.27,0.0,0.0,0.0,0.0,-9.5,-10.31,0.0,0.0,0.0,-10000.0,0.0,180.0,None,0.0,47.0
2025-11-08T01:39:09.474323,8.713,20.03,577.97,20.27,3.24,3.24,3.23,3.27,0.0,0.0,0.0,0.0,-9.5,-10.31,0.0,0.0,0.0,-10000.0,0.0,180.0,None,0.0,47.0
2025-11-08T01:39:09.474806,8.714,20.03,577.97,20.27,3.24,3.24,3.23,3.27,0.0,0.0,0.0,0.0,-9.5,-10.31,0.0,0.0,0.0,-10000.0,0.0,180.0,None,0.0,47.0
2025-11-08T01:39:09.475276,8.714,20.03,577.97,20.27,3.24,3.24,3.23,3.27,0.0,0.0,0.0,0.0,-9.5,-10.31,0.0,0.0,0.0,-10000.0,0.0,180.0,None,0.0,47.0
2025-11-08T01:39:09.489659,8.729,20.03,577.97,20.27,3.24,3.24,3.23,3.27,0.0,0.0,0.0,0.0,-9.5,-10.31,0.0,0.0,0.0,-10000.0,0.0,180.0,None,0.0,47.0
2025-11-08T01:39:09.491219,8.730,20.08,565.38,20.31,3.22,3.25,3.23,3.26,0.0,0.0,0.0,0.0,-9.5,-10.31,0.0,0.0,0.0,-10000.0,0.0,180.0,None,0.0,47.0
2025-11-08T01:39:09.491709,8.731,20.08,565.38,20.31,3.22,3.25,3.23,3.26,0.0,0.0,0.0,0.0,-9.5,-10.31,0.0,0.0,0.0,-10000.0,0.0,180.0,None,0.0,47.0
2025-11-08T01:39:09.492175,8.731,20.08,565.38,20.31,3.22,3.25,3.23,3.26,0.0,0.0,0.0,0.0,-9.5,-10.31,0.0,0.0,0.0,-10000.0,0.0,180.0,None,0.0,47.0
2025-11-08T01:39:09.495880,8.735,20.08,565.38,20.31,3.22,3.25,3.23,3.26,0.0,0.0,0.0,0.0,-9.5,-10.31,0.0,0.0,0.0,-10000.0,0.0,180.0,None,0.0,47.0
2025-11-08T01:39:09.506684,8.746,20.01,577.97,20.38,3.23,3.24,3.23,3.27,0.0,0.0,0.0,0.0,-9.5,-10.31,0.0,0.0,0.0,-10000.0,0.0,180.0,None,0.0,47.0
2025-11-08T01:39:09.518215,8.757,20.01,577.97,20.38,3.23,3.24,3.23,3.27,0.0,0.0,0.0,0.0,-9.5,-10.31,0.0,0.0,0.0,-10000.0,0.0,180.0,None,0.0,47.0
2025-11-08T01:39:10.632483,9.872,20.01,577.97,20.38,3.23,3.24,3.23,3.27,0.0,0.0,0.0,0.0,-9.5,-10.31,0.0,0.0,0.0,-10000.0,0.0,180.0,None,0.0,47.0
2025-11-08T01:39:10.635165,9.874,20.01,577.97,20.38,3.23,3.24,3.23,3.27,0.0,0.0,0.0,0.0,-9.5,-10.31,0.0,0.0,0.0,-10000.0,0.0,180.0,None,0.0,47.0
2025-11-08T01:39:10.637732,9.877,20.01,577.97,20.38,3.23,3.24,3.23,3.27,0.0,0.0,0.0,0.0,-9.5,-10.31,0.0,0.0,0.0,-10000.0,0.0,180.0,None,0.0,47.0
2025-11-08T01:39:10.639945,9.879,19.97,575.21,20.25,3.23,3.23,3.25,3.26,0.0,0.0,0.0,0.0,-9.5,-10.31,0.0,0.0,0.0,-10000.0,0.0,180.0,None,0.0,47.0
2025-11-08T01:39:10.643154,9.882,19.97,575.21,20.25,3.23,3.23,3.25,3.26,0.0,0.0,0.0,0.0,-9.5,-10.31,0.0,0.0,0.0,-10000.0,0.0,180.0,None,0.0,47.0
2025-11-08T01:39:10.646012,9.885,19.97,575.21,20.25,3.23,3.23,3.25,3.26,0.0,0.0,0.0,0.0,-9.5,-10.31,0.0,0.0,0.0,-10000.0,0.0,180.0,None,0.0,47.0
2025-11-08T01:39:10.646819,9.886,19.97,575.21,20.25,3.23,3.23,3.25,3.26,0.0,0.0,0.0,0.0,-9.5,-10.31,0.0,0.0,0.0,-10000.0,0.0,180.0,None,0.0,47.0
2025-11-08T01:39:10.648666,9.888,20.03,571.46,20.23,3.24,3.23,3.23,3.27,0.0,0.0,0.0,0.0,-9.5,-10.31,0.0,0.0,0.0,-10000.0,0.0,180.0,None,0.0,47.0
2025-11-08T01:39:10.649304,9.888,20.03,571.46,20.23,3.24,3.23,3.23,3.27,0.0,0.0,0.0,0.0,-9.5,-10.31,0.0,0.0,0.0,-10000.0,0.0,180.0,None,0.0,47.0
2025-11-08T01:39:10.649934,9.889,20.03,571.46,20.23,3.24,3.23,3.23,3.27,0.0,0.0,0.0,0.0,-9.5,-10.31,0.0,0.0,0.0,-10000.0,0.0,180.0,None,0.0,47.0
2025-11-08T01:39:10.650523,9.890,20.03,571.46,20.23,3.24,3.23,3.23,3.27,0.0,0.0,0.0,0.0,-9.5,-10.31,0.0,0.0,0.0,-10000.0,0.0,180.0,None,0.0,47.0
2025-11-08T01:39:10.651149,9.890,19.91,508.41,20.25,3.24,3.23,3.23,3.27,0.0,0.0,0.0,0.0,-9.5,-10.31,0.0,0.0,0.0,-10000.0,0.0,180.0,None,0.0,47.0
2025-11-08T01:39:10.651704,9.891,19.91,508.41,20.25,3.24,3.23,3.23,3.27,0.0,0.0,0.0,0.0,-9.5,-10.31,0.0,0.0,0.0,-10000.0,0.0,180.0,None,0.0,47.0
2025-11-08T01:39:10.652251,9.891,19.91,508.41,20.25,3.24,3.23,3.23,3.27,0.0,0.0,0.0,0.0,-9.5,-10.31,0.0,0.0,0.0,-10000.0,0.0,180.0,None,0.0,47.0
2025-11-08T01:39:10.653221,9.892,19.91,508.41,20.25,3.24,3.23,3.23,3.27,0.0,0.0,0.0,0.0,-9.5,-10.31,0.0,0.0,0.0,-10000.0,0.0,180.0,None,0.0,47.0
2025-11-08T01:39:10.654807,9.894,19.91,508.41,20.25,3.24,3.23,3.23,3.27,0.0,0.0,0.0,0.0,-9.5,-10.31,0.0,0.0,0.0,-10000.0,0.0,180.0,None,0.0,47.0
2025-11-08T01:39:10.656177,9.895,20.01,565.38,20.27,3.24,3.24,3.23,3.27,0.0,0.0,0.0,0.0,-9.5,-10.31,0.0,0.0,0.0,-10000.0,0.0,180.0,None,0.0,47.0
2025-11-08T01:39:10.657816,9.897,20.01,565.38,20.27,3.24,3.24,3.23,3.27,0.0,0.0,0.0,0.0,-9.5,-10.31,0.0,0.0,0.0,-10000.0,0.0,180.0,None,0.0,47.0
2025-11-08T01:39:10.660119,9.899,20.01,565.38,20.27,3.24,3.24,3.23,3.27,0.0,0.0,0.0,0.0,-9.5,-10.31,0.0,0.0,0.0,-10000.0,0.0,180.0,None,0.0,47.0
2025-11-08T01:39:10.661405,9.900,20.01,565.38,20.27,3.24,3.24,3.23,3.27,0.0,0.0,0.0,0.0,-9.5,-10.31,0.0,0.0,0.0,-10000.0,0.0,180.0,None,0.0,47.0
2025-11-08T01:39:10.665576,9.905,20.03,571.46,20.25,3.25,3.23,3.23,3.26,0.0,0.0,0.0,0.0,-9.5,-10.31,0.0,0.0,0.0,-10000.0,0.0,180.0,None,0.0,47.0
2025-11-08T01:39:10.667889,9.907,20.03,571.46,20.25,3.25,3.23,3.23,3.26,0.0,0.0,0.0,0.0,-9.5,-10.31,0.0,0.0,0.0,-10000.0,0.0,180.0,None,0.0,47.0
2025-11-08T01:39:10.670507,9.910,20.03,571.46,20.25,3.25,3.23,3.23,3.26,0.0,0.0,0.0,0.0,-9.5,-10.31,0.0,0.0,0.0,-10000.0,0.0,180.0,None,0.0,47.0
2025-11-08T01:39:10.685946,9.925,20.03,571.46,20.25,3.25,3.23,3.23,3.26,0.0,0.0,0.0,0.0,-9.5,-10.31,0.0,0.0,0.0,-10000.0,0.0,180.0,None,0.0,47.0
2025-11-08T01:39:10.688324,9.927,20.03,571.46,20.25,3.25,3.23,3.23,3.26,0.0,0.0,0.0,0.0,-9.5,-10.31,0.0,0.0,0.0,-10000.0,0.0,180.0,None,0.0,47.0
2025-11-08T01:39:10.690558,9.930,20.03,508.41,20.27,3.23,3.24,3.23,3.27,0.0,0.0,0.0,0.0,-9.5,-10.31,0.0,0.0,0.0,-10000.0,0.0,180.0,None,0.0,47.0
2025-11-08T01:39:10.692293,9.931,20.03,508.41,20.27,3.23,3.24,3.23,3.27,0.0,0.0,0.0,0.0,-9.5,-10.31,0.0,0.0,0.0,-10000.0,0.0,180.0,None,0.0,47.0
2025-11-08T01:39:10.695018,9.934,20.03,508.41,20.27,3.23,3.24,3.23,3.27,0.0,0.0,0.0,0.0,-9.5,-10.31,0.0,0.0,0.0,-10000.0,0.0,180.0,None,0.0,47.0
2025-11-08T01:39:10.696801,9.936,20.01,571.46,20.21,3.24,3.24,3.23,3.26,0.0,0.0,0.0,0.0,-9.5,-10.31,0.0,0.0,0.0,-10000.0,0.0,180.0,None,0.0,47.0
2025-11-08T01:39:10.698591,9.938,20.01,571.46,20.21,3.24,3.24,3.23,3.26,0.0,0.0,0.0,0.0,-9.5,-10.31,0.0,0.0,0.0,-10000.0,0.0,180.0,None,0.0,47.0
2025-11-08T01:39:10.700235,9.939,20.01,571.46,20.21,3.24,3.24,3.23,3.26,0.0,0.0,0.0,0.0,-9.5,-10.31,0.0,0.0,0.0,-10000.0,0.0,180.0,None,0.0,47.0
2025-11-08T01:39:12.222221,11.461,20.01,571.46,20.21,3.24,3.24,3.23,3.26,0.0,0.0,0.0,0.0,-9.5,-10.31,0.0,0.0,0.0,-10000.0,0.0,180.0,None,0.0,47.0
2025-11-08T01:39:12.229751,11.469,20.01,571.46,20.21,3.24,3.24,3.23,3.26,0.0,0.0,0.0,0.0,-9.5,-10.31,0.0,0.0,0.0,-10000.0,0.0,180.0,None,0.0,47.0
2025-11-08T01:39:12.236655,11.476,20.03,508.41,20.25,3.24,3.24,3.23,3.26,0.0,0.0,0.0,0.0,-9.5,-10.31,0.0,0.0,0.0,-10000.0,0.0,180.0,None,0.0,47.0
2025-11-08T01:39:12.241219,11.480,20.03,508.41,20.25,3.24,3.24,3.23,3.26,0.0,0.0,0.0,0.0,-9.5,-10.31,0.0,0.0,0.0,-10000.0,0.0,180.0,None,0.0,47.0
2025-11-08T01:39:12.242070,11.481,20.03,508.41,20.25,3.24,3.24,3.23,3.26,0.0,0.0,0.0,0.0,-9.5,-10.31,0.0,0.0,0.0,-10000.0,0.0,180.0,None,0.0,47.0
2025-11-08T01:39:12.242833,11.482,20.03,508.41,20.25,3.24,3.24,3.23,3.26,0.0,0.0,0.0,0.0,-9.5,-10.31,0.0,0.0,0.0,-10000.0,0.0,180.0,None,0.0,139.0
2025-11-08T01:39:12.243329,11.482,20.03,508.41,20.25,3.24,3.24,3.23,3.26,0.0,0.0,0.0,0.0,-9.5,-10.31,0.0,0.0,0.0,-10000.0,0.0,180.0,None,0.0,139.0
2025-11-08T01:39:12.246903,11.486,19.99,565.38,20.25,3.24,3.23,3.23,3.25,0.0,0.0,0.0,0.0,-9.5,-10.31,0.0,0.0,0.0,-10000.0,0.0,180.0,None,0.0,139.0
2025-11-08T01:39:12.253089,11.492,19.99,565.38,20.25,3.24,3.23,3.23,3.25,0.0,0.0,0.0,0.0,-9.5,-10.31,0.0,0.0,0.0,-10000.0,0.0,180.0,None,0.0,139.0
2025-11-08T01:39:12.256215,11.495,19.99,565.38,20.25,3.24,3.23,3.23,3.25,0.0,0.0,0.0,0.0,-9.5,-10.31,0.0,0.0,0.0,-10000.0,0.0,180.0,None,0.0,139.0
2025-11-08T01:39:12.260165,11.499,20.03,565.38,20.27,3.23,3.23,3.19,3.32,0.0,0.0,0.0,0.0,-9.5,-10.31,0.0,0.0,0.0,-10000.0,0.0,180.0,None,0.0,139.0
2025-11-08T01:39:12.263194,11.502,20.03,565.38,20.27,3.23,3.23,3.19,3.32,0.0,0.0,0.0,0.0,-9.5,-10.31,0.0,0.0,0.0,-10000.0,0.0,180.0,None,0.0,139.0
2025-11-08T01:39:12.268743,11.508,20.03,565.38,20.27,3.23,3.23,3.19,3.32,0.0,0.0,0.0,0.0,-9.5,-10.31,0.0,0.0,0.0,-10000.0,0.0,180.0,None,0.0,139.0
2025-11-08T01:39:12.269464,11.509,20.03,565.38,20.27,3.23,3.23,3.19,3.32,0.0,0.0,0.0,0.0,-9.5,-10.31,0.0,0.0,0.0,-10000.0,0.0,180.0,None,0.0,139.0
2025-11-08T01:39:12.271598,11.511,20.03,565.38,20.27,3.23,3.23,3.19,3.32,0.0,0.0,0.0,0.0,-9.5,-10.31,0.0,0.0,0.0,-10000.0,0.0,180.0,None,0.0,139.0
2025-11-08T01:39:12.275862,11.515,20.06,571.46,20.27,3.23,3.24,3.23,3.27,0.0,0.0,0.0,0.0,-9.5,-10.31,0.0,0.0,0.0,-10000.0,0.0,180.0,None,0.0,139.0
2025-11-08T01:39:12.279591,11.519,20.06,571.46,20.27,3.23,3.24,3.23,3.27,0.0,0.0,0.0,0.0,-9.5,-10.31,0.0,0.0,0.0,-10000.0,0.0,180.0,None,0.0,139.0
2025-11-08T01:39:12.281833,11.521,20.06,571.46,20.27,3.23,3.24,3.23,3.27,0.0,0.0,0.0,0.0,-9.5,-10.31,0.0,0.0,0.0,-10000.0,0.0,180.0,None,0.0,139.0
2025-11-08T01:39:12.283416,11.522,20.06,571.46,20.27,3.23,3.24,3.23,3.27,0.0,0.0,0.0,0.0,-9.5,-10.31,0.0,0.0,0.0,-10000.0,0.0,180.0,None,0.0,47.0
2025-11-08T01:39:12.285618,11.525,20.06,571.46,20.27,3.23,3.24,3.23,3.27,0.0,0.0,0.0,0.0,-9.5,-10.31,0.0,0.0,0.0,-10000.0,0.0,180.0,None,0.0,47.0
2025-11-08T01:39:12.288874,11.528,20.03,508.41,20.25,3.24,3.23,3.22,3.27,0.0,0.0,0.0,0.0,-9.5,-10.31,0.0,0.0,0.0,-10000.0,0.0,180.0,None,0.0,47.0
2025-11-08T01:39:12.289887,11.529,20.03,508.41,20.25,3.24,3.23,3.22,3.27,0.0,0.0,0.0,0.0,-9.5,-10.31,0.0,0.0,0.0,-10000.0,0.0,180.0,None,0.0,47.0
2025-11-08T01:39:12.295765,11.535,20.03,508.41,20.25,3.24,3.23,3.22,3.27,0.0,0.0,0.0,0.0,-9.5,-10.31,0.0,0.0,0.0,-10000.0,0.0,180.0,None,0.0,47.0
2025-11-08T01:39:12.297311,11.536,20.03,577.97,20.25,3.24,3.23,3.23,3.27,0.0,0.0,0.0,0.0,-9.5,-10.31,0.0,0.0,0.0,-10000.0,0.0,180.0,None,0.0,47.0
2025-11-08T01:39:12.300459,11.540,20.03,577.97,20.25,3.24,3.23,3.23,3.27,0.0,0.0,0.0,0.0,-9.5,-10.31,0.0,0.0,0.0,-10000.0,0.0,180.0,None,0.0,47.0
2025-11-08T01:39:12.302459,11.542,20.03,577.97,20.25,3.24,3.23,3.23,3.27,0.0,0.0,0.0,0.0,-9.5,-10.31,0.0,0.0,0.0,-10000.0,0.0,180.0,None,0.0,47.0
2025-11-08T01:39:12.305782,11.545,20.03,577.97,20.25,3.24,3.23,3.23,3.27,0.0,0.0,0.0,0.0,-9.5,-10.31,0.0,0.0,0.0,-10000.0,0.0,180.0,None,0.0,2.0
2025-11-08T01:39:12.309506,11.549,20.03,577.97,20.25,3.24,3.23,3.23,3.27,0.0,0.0,0.0,0.0,-9.5,-10.31,0.0,0.0,0.0,-10000.0,0.0,180.0,None,0.0,2.0
2025-11-08T01:39:12.312563,11.552,20.12,565.38,20.27,3.24,3.23,3.23,3.27,0.0,0.0,0.0,0.0,-9.5,-10.31,0.0,0.0,0.0,-10000.0,0.0,180.0,None,0.0,2.0
2025-11-08T01:39:12.316305,11.555,20.12,565.38,20.27,3.24,3.23,3.23,3.27,0.0,0.0,0.0,0.0,-9.5,-10.31,0.0,0.0,0.0,-10000.0,0.0,180.0,None,0.0,2.0
2025-11-08T01:39:12.318909,11.558,20.12,565.38,20.27,3.24,3.23,3.23,3.27,0.0,0.0,0.0,0.0,-9.5,-10.31,0.0,0.0,0.0,-10000.0,0.0,180.0,None,0.0,2.0
2025-11-08T01:39:12.321790,11.561,20.12,565.38,20.27,3.24,3.23,3.23,3.27,0.0,0.0,0.0,0.0,-9.5,-10.31,0.0,0.0,0.0,-10000.0,0.0,180.0,None,0.0,2.0
2025-11-08T01:39:12.346142,11.585,20.08,508.41,20.29,3.24,3.23,3.23,3.26,0.0,0.0,0.0,0.0,-9.5,-10.31,0.0,0.0,0.0,-10000.0,0.0,180.0,None,0.0,2.0
2025-11-08T01:39:12.351355,11.590,20.08,508.41,20.29,3.24,3.23,3.23,3.26,0.0,0.0,0.0,0.0,-9.5,-10.31,0.0,0.0,0.0,-10000.0,0.0,180.0,None,0.0,319.0
2025-11-08T01:39:12.357954,11.597,20.08,508.41,20.29,3.24,3.23,3.23,3.26,0.0,0.0,0.0,0.0,-9.5,-10.31,0.0,0.0,0.0,-10000.0,0.0,180.0,None,0.0,319.0
2025-11-08T01:39:12.364621,11.604,20.08,508.41,20.29,3.24,3.23,3.23,3.26,0.0,0.0,0.0,0.0,-9.5,-10.31,0.0,0.0,0.0,-10000.0,0.0,180.0,None,0.0,319.0
2025-11-08T01:39:12.365656,11.605,20.03,508.41,20.27,3.24,3.23,3.23,3.26,0.0,0.0,0.0,0.0,-9.5,-10.31,0.0,0.0,0.0,-10000.0,0.0,180.0,None,0.0,319.0
2025-11-08T01:39:12.369697,11.609,20.03,508.41,20.27,3.24,3.23,3.23,3.26,0.0,0.0,0.0,0.0,-9.5,-10.31,0.0,0.0,0.0,-10000.0,0.0,180.0,None,0.0,319.0
2025-11-08T01:39:12.370460,11.610,20.03,508.41,20.27,3.24,3.23,3.23,3.26,0.0,0.0,0.0,0.0,-9.5,-10.31,0.0,0.0,0.0,-10000.0,0.0,180.0,None,0.0,319.0
2025-11-08T01:39:12.371682,11.611,20.03,508.41,20.27,3.24,3.23,3.23,3.26,0.0,0.0,0.0,0.0,-9.5,-10.31,0.0,0.0,0.0,-10000.0,0.0,180.0,None,0.0,2.0
2025-11-08T01:39:12.378538,11.618,20.03,508.41,20.27,3.24,3.23,3.23,3.26,0.0,0.0,0.0,0.0,-9.5,-10.31,0.0,0.0,0.0,-10000.0,0.0,180.0,None,0.0,2.0
2025-11-08T01:39:12.379568,11.619,19.95,565.38,20.34,3.24,3.24,3.22,3.27,0.0,0.0,0.0,0.0,-9.5,-10.31,0.0,0.0,0.0,-10000.0,0.0,180.0,None,0.0,2.0
2025-11-08T01:39:12.382516,11.622,19.95,565.38,20.34,3.24,3.24,3.22,3.27,0.0,0.0,0.0,0.0,-9.5,-10.31,0.0,0.0,0.0,-10000.0,0.0,180.0,None,0.0,2.0
2025-11-08T01:39:14.163513,13.403,19.95,565.38,20.34,3.24,3.24,3.22,3.27,0.0,0.0,0.0,0.0,-9.5,-10.31,0.0,0.0,0.0,-10000.0,0.0,180.0,None,0.0,2.0
2025-11-08T01:39:14.166400,13.405,19.95,565.38,20.34,3.24,3.24,3.22,3.27,0.0,0.0,0.0,0.0,-9.5,-10.31,0.0,0.0,0.0,-10000.0,0.0,180.0,None,0.0,2.0
2025-11-08T01:39:14.169850,13.409,20.03,565.38,20.27,3.23,3.24,3.23,3.27,0.0,0.0,0.0,0.0,-9.5,-10.31,0.0,0.0,0.0,-10000.0,0.0,180.0,None,0.0,2.0
2025-11-08T01:39:14.170935,13.410,20.03,565.38,20.27,3.23,3.24,3.23,3.27,0.0,0.0,0.0,0.0,-9.5,-10.31,0.0,0.0,0.0,-10000.0,0.0,180.0,None,0.0,2.0
2025-11-08T01:39:14.173718,13.413,20.03,565.38,20.27,3.23,3.24,3.23,3.27,0.0,0.0,0.0,0.0,-9.5,-10.31,0.0,0.0,0.0,-10000.0,0.0,180.0,None,0.0,2.0
2025-11-08T01:39:14.177455,13.417,20.03,565.38,20.27,3.23,3.24,3.23,3.27,0.0,0.0,0.0,0.0,-9.5,-10.31,0.0,0.0,0.0,-10000.0,0.0,180.0,None,0.0,2.0
2025-11-08T01:39:14.178235,13.417,20.03,565.38,20.27,3.23,3.24,3.23,3.27,0.0,0.0,0.0,0.0,-9.5,-10.31,0.0,0.0,0.0,-10000.0,0.0,180.0,None,0.0,2.0
2025-11-08T01:39:14.178880,13.418,20.1,565.38,20.23,3.24,3.23,3.23,3.27,0.0,0.0,0.0,0.0,-9.5,-10.31,0.0,0.0,0.0,-10000.0,0.0,180.0,None,0.0,2.0
2025-11-08T01:39:14.182465,13.422,20.1,565.38,20.23,3.24,3.23,3.23,3.27,0.0,0.0,0.0,0.0,-9.5,-10.31,0.0,0.0,0.0,-10000.0,0.0,180.0,None,0.0,2.0
2025-11-08T01:39:14.192602,13.432,20.1,565.38,20.23,3.24,3.23,3.23,3.27,0.0,0.0,0.0,0.0,-9.5,-10.31,0.0,0.0,0.0,-10000.0,0.0,180.0,None,0.0,2.0
2025-11-08T01:39:14.196065,13.435,20.1,565.38,20.23,3.24,3.23,3.23,3.27,0.0,0.0,0.0,0.0,-9.5,-10.31,0.0,0.0,0.0,-10000.0,0.0,180.0,None,0.0,2.0
2025-11-08T01:39:14.200504,13.440,20.01,565.38,20.25,3.25,3.23,3.23,3.27,0.0,0.0,0.0,0.0,-9.5,-10.31,0.0,0.0,0.0,-10000.0,0.0,180.0,None,0.0,2.0
2025-11-08T01:39:14.204606,13.444,20.01,565.38,20.25,3.25,3.23,3.23,3.27,0.0,0.0,0.0,0.0,-9.5,-10.31,0.0,0.0,0.0,-10000.0,0.0,180.0,None,0.0,2.0
2025-11-08T01:39:14.205294,13.444,20.01,565.38,20.25,3.25,3.23,3.23,3.27,0.0,0.0,0.0,0.0,-9.5,-10.31,0.0,0.0,0.0,-10000.0,0.0,180.0,None,0.0,2.0
2025-11-08T01:39:14.206620,13.446,20.01,565.38,20.25,3.25,3.23,3.23,3.27,0.0,0.0,0.0,0.0,-9.5,-10.31,0.0,0.0,0.0,-10000.0,0.0,180.0,None,0.0,2.0
2025-11-08T01:39:14.209033,13.448,20.03,580.16,20.25,3.25,3.23,3.23,3.26,0.0,0.0,0.0,0.0,-9.5,-10.31,0.0,0.0,0.0,-10000.0,0.0,180.0,None,0.0,2.0
2025-11-08T01:39:14.218854,13.458,20.03,580.16,20.25,3.25,3.23,3.23,3.26,0.0,0.0,0.0,0.0,-9.5,-10.31,0.0,0.0,0.0,-10000.0,0.0,180.0,None,0.0,2.0
2025-11-08T01:39:14.220203,13.459,20.03,580.16,20.25,3.25,3.23,3.23,3.26,0.0,0.0,0.0,0.0,-9.5,-10.31,0.0,0.0,0.0,-10000.0,0.0,180.0,None,0.0,2.0
2025-11-08T01:39:14.225590,13.465,20.03,580.16,20.25,3.25,3.23,3.23,3.26,0.0,0.0,0.0,0.0,-9.5,-10.31,0.0,0.0,0.0,-10000.0,0.0,180.0,None,0.0,2.0
2025-11-08T01:39:14.233370,13.472,20.06,571.46,20.25,3.24,3.23,3.23,3.26,0.0,0.0,0.0,0.0,-9.5,-10.31,0.0,0.0,0.0,-10000.0,0.0,180.0,None,0.0,2.0
2025-11-08T01:39:14.238779,13.478,20.06,571.46,20.25,3.24,3.23,3.23,3.26,0.0,0.0,0.0,0.0,-9.5,-10.31,0.0,0.0,0.0,-10000.0,0.0,180.0,None,0.0,2.0
2025-11-08T01:39:14.244779,13.484,20.06,571.46,20.25,3.24,3.23,3.23,3.26,0.0,0.0,0.0,0.0,-9.5,-10.31,0.0,0.0,0.0,-10000.0,0.0,180.0,None,0.0,2.0
2025-11-08T01:39:14.245736,13.485,20.06,571.46,20.25,3.24,3.23,3.23,3.26,0.0,0.0,0.0,0.0,-9.5,-10.31,0.0,0.0,0.0,-10000.0,0.0,180.0,None,0.0,2.0
2025-11-08T01:39:14.246373,13.491,20.06,508.41,20.29,3.24,3.23,3.23,3.26,0.0,0.0,0.0,0.0,-9.5,-10.31,0.0,0.0,0.0,-10000.0,0.0,180.0,None,0.0,2.0
2025-11-08T01:39:14.267392,13.506,20.06,508.41,20.29,3.24,3.23,3.23,3.26,0.0,0.0,0.0,0.0,-9.5,-10.31,0.0,0.0,0.0,-10000.0,0.0,180.0,None,0.0,2.0
2025-11-08T01:39:14.269607,13.509,20.06,508.41,20.29,3.24,3.23,3.23,3.26,0.0,0.0,0.0,0.0,-9.5,-10.31,0.0,0.0,0.0,-10000.0,0.0,180.0,None,0.0,2.0
2025-11-08T01:39:14.270690,13.510,20.06,508.41,20.29,3.24,3.23,3.23,3.26,0.0,0.0,0.0,0.0,-9.5,-10.31,0.0,0.0,0.0,-10000.0,0.0,180.0,None,0.0,2.0
2025-11-08T01:39:14.272948,13.512,20.06,508.41,20.29,3.24,3.23,3.23,3.26,0.0,0.0,0.0,0.0,-9.5,-10.31,0.0,0.0,0.0,-10000.0,0.0,180.0,None,0.0,2.0
2025-11-08T01:39:14.273849,13.513,19.97,565.38,20.25,3.24,3.23,3.22,3.27,0.0,0.0,0.0,0.0,-9.5,-10.31,0.0,0.0,0.0,-10000.0,0.0,180.0,None,0.0,2.0
2025-11-08T01:39:14.277201,13.516,19.97,565.38,20.25,3.24,3.23,3.22,3.27,0.0,0.0,0.0,0.0,-9.5,-10.31,0.0,0.0,0.0,-10000.0,0.0,180.0,None,0.0,2.0
2025-11-08T01:39:14.277934,13.517,19.97,565.38,20.25,3.24,3.23,3.22,3.27,0.0,0.0,0.0,0.0,-9.5,-10.31,0.0,0.0,0.0,-10000.0,0.0,180.0,None,0.0,2.0
2025-11-08T01:39:14.278402,13.517,19.97,565.38,20.25,3.24,3.23,3.22,3.27,0.0,0.0,0.0,0.0,-9.5,-10.31,0.0,0.0,0.0,-10000.0,0.0,180.0,None,0.0,319.0
2025-11-08T01:39:14.278939,13.518,20.01,508.41,20.25,3.24,3.23,3.23,3.27,0.0,0.0,0.0,0.0,-9.5,-10.31,0.0,0.0,0.0,-10000.0,0.0,180.0,None,0.0,319.0
2025-11-08T01:39:14.283507,13.523,20.01,508.41,20.25,3.24,3.23,3.23,3.27,0.0,0.0,0.0,0.0,-9.5,-10.31,0.0,0.0,0.0,-10000.0,0.0,180.0,None,0.0,319.0
2025-11-08T01:39:14.286966,13.526,20.01,508.41,20.25,3.24,3.23,3.23,3.27,0.0,0.0,0.0,0.0,-9.5,-10.31,0.0,0.0,0.0,-10000.0,0.0,180.0,None,0.0,319.0
2025-11-08T01:39:14.299485,13.539,20.01,508.41,20.25,3.24,3.23,3.23,3.27,0.0,0.0,0.0,0.0,-9.5,-10.31,0.0,0.0,0.0,-10000.0,0.0,180.0,None,0.0,319.0
2025-11-08T01:39:14.300989,13.540,20.03,571.46,20.27,3.23,3.24,3.24,3.26,0.0,0.0,0.0,0.0,-9.5,-10.31,0.0,0.0,0.0,-10000.0,0.0,180.0,None,0.0,319.0
2025-11-08T01:39:14.302302,13.541,20.03,571.46,20.27,3.23,3.24,3.24,3.26,0.0,0.0,0.0,0.0,-9.5,-10.31,0.0,0.0,0.0,-10000.0,0.0,180.0,None,0.0,319.0
2025-11-08T01:39:14.302912,13.542,20.03,571.46,20.27,3.23,3.24,3.24,3.26,0.0,0.0,0.0,0.0,-9.5,-10.31,0.0,0.0,0.0,-10000.0,0.0,180.0,None,0.0,319.0
2025-11-08T01:39:14.303522,13.543,20.03,571.46,20.27,3.23,3.24,3.24,3.26,0.0,0.0,0.0,0.0,-9.5,-10.31,0.0,0.0,0.0,-10000.0,0.0,180.0,None,0.0,319.0
2025-11-08T01:39:14.304150,13.543,20.03,571.46,20.27,3.23,3.24,3.24,3.26,0.0,0.0,0.0,0.0,-9.5,-10.31,0.0,0.0,0.0,-10000.0,0.0,180.0,None,0.0,319.0
2025-11-08T01:39:14.306026,13.545,20.01,565.38,20.25,3.23,3.25,3.22,3.27,0.0,0.0,0.0,0.0,-9.5,-10.31,0.0,0.0,0.0,-10000.0,0.0,180.0,None,0.0,319.0
2025-11-08T01:39:14.306570,13.546,20.01,565.38,20.25,3.23,3.25,3.22,3.27,0.0,0.0,0.0,0.0,-9.5,-10.31,0.0,0.0,0.0,-10000.0,0.0,180.0,None,0.0,319.0
2025-11-08T01:39:14.307067,13.546,20.01,565.38,20.25,3.23,3.25,3.22,3.27,0.0,0.0,0.0,0.0,-9.5,-10.31,0.0,0.0,0.0,-10000.0,0.0,180.0,None,0.0,319.0
2025-11-08T01:39:14.307611,13.547,20.03,571.46,20.34,3.22,3.25,3.23,3.27,0.0,0.0,0.0,0.0,-9.5,-10.31,0.0,0.0,0.0,-10000.0,0.0,180.0,None,0.0,319.0
2025-11-08T01:39:14.311069,13.550,20.03,571.46,20.34,3.22,3.25,3.23,3.27,0.0,0.0,0.0,0.0,-9.5,-10.31,0.0,0.0,0.0,-10000.0,0.0,180.0,None,0.0,319.0
2025-11-08T01:39:14.312912,13.552,20.03,571.46,20.34,3.22,3.25,3.23,3.27,0.0,0.0,0.0,0.0,-9.5,-10.31,0.0,0.0,0.0,-10000.0,0.0,180.0,None,0.0,319.0
2025-11-08T01:39:14.313660,13.553,20.03,571.46,20.34,3.22,3.25,3.23,3.27,0.0,0.0,0.0,0.0,-9.5,-10.31,0.0,0.0,0.0,-10000.0,0.0,180.0,None,0.0,319.0
2025-11-08T01:39:14.314214,13.553,20.03,571.46,20.34,3.22,3.25,3.23,3.27,0.0,0.0,0.0,0.0,-9.5,-10.31,0.0,0.0,0.0,-10000.0,0.0,180.0,None,0.0,319.0
2025-11-08T01:39:14.314810,13.554,20.03,508.41,20.29,3.23,3.24,3.23,3.27,0.0,0.0,0.0,0.0,-9.5,-10.31,0.0,0.0,0.0,-10000.0,0.0,180.0,None,0.0,319.0
2025-11-08T01:39:15.760726,15.000,20.03,508.41,20.29,3.23,3.24,3.23,3.27,0.0,0.0,0.0,0.0,-9.5,-10.31,0.0,0.0,0.0,-10000.0,0.0,180.0,None,0.0,319.0
2025-11-08T01:39:15.761349,15.000,20.03,508.41,20.29,3.23,3.24,3.23,3.27,0.0,0.0,0.0,0.0,-9.5,-10.31,0.0,0.0,0.0,-10000.0,0.0,180.0,None,0.0,319.0
2025-11-08T01:39:15.761919,15.001,20.03,508.41,20.29,3.23,3.24,3.23,3.27,0.0,0.0,0.0,0.0,-9.5,-10.31,0.0,0.0,0.0,-10000.0,0.0,180.0,None,0.0,319.0
2025-11-08T01:39:15.768045,15.007,20.03,508.41,20.29,3.23,3.24,3.23,3.27,0.0,0.0,0.0,0.0,-9.5,-10.31,0.0,0.0,0.0,-10000.0,0.0,180.0,None,0.0,319.0
2025-11-08T01:39:15.769979,15.009,20.01,580.16,20.25,3.23,3.23,3.23,3.26,0.0,0.0,0.0,0.0,-9.5,-10.31,0.0,0.0,0.0,-10000.0,0.0,180.0,None,0.0,319.0
2025-11-08T01:39:15.770624,15.010,20.01,580.16,20.25,3.23,3.23,3.23,3.26,0.0,0.0,0.0,0.0,-9.5,-10.31,0.0,0.0,0.0,-10000.0,0.0,180.0,None,0.0,319.0
2025-11-08T01:39:15.771183,15.010,20.01,580.16,20.25,3.23,3.23,3.23,3.26,0.0,0.0,0.0,0.0,-9.5,-10.31,0.0,0.0,0.0,-10000.0,0.0,180.0,None,0.0,319.0
2025-11-08T01:39:15.771789,15.011,20.01,571.46,20.27,3.24,3.23,3.23,3.27,0.0,0.0,0.0,0.0,-9.5,-10.31,0.0,0.0,0.0,-10000.0,0.0,180.0,None,0.0,319.0
2025-11-08T01:39:15.772345,15.011,20.01,571.46,20.27,3.24,3.23,3.23,3.27,0.0,0.0,0.0,0.0,-9.5,-10.31,0.0,0.0,0.0,-10000.0,0.0,180.0,None,0.0,319.0
2025-11-08T01:39:15.778397,15.017,20.01,571.46,20.27,3.24,3.23,3.23,3.27,0.0,0.0,0.0,0.0,-9.5,-10.31,0.0,0.0,0.0,-10000.0,0.0,180.0,None,0.0,319.0
2025-11-08T01:39:15.779188,15.018,20.01,571.46,20.27,3.24,3.23,3.23,3.27,0.0,0.0,0.0,0.0,-9.5,-10.31,0.0,0.0,0.0,-10000.0,0.0,180.0,None,0.0,319.0
2025-11-08T01:39:15.779773,15.019,20.01,571.46,20.27,3.24,3.23,3.23,3.27,0.0,0.0,0.0,0.0,-9.5,-10.31,0.0,0.0,0.0,-10000.0,0.0,180.0,None,0.0,319.0
2025-11-08T01:39:15.804137,15.043,20.01,565.38,20.27,3.24,3.23,3.23,3.27,0.0,0.0,0.0,0.0,-9.5,-10.31,0.0,0.0,0.0,-10000.0,0.0,180.0,None,0.0,319.0
2025-11-08T01:39:15.808540,15.048,20.01,565.38,20.27,3.24,3.23,3.23,3.27,0.0,0.0,0.0,0.0,-9.5,-10.31,0.0,0.0,0.0,-10000.0,0.0,180.0,None,0.0,319.0
2025-11-08T01:39:15.811290,15.050,20.01,565.38,20.27,3.24,3.23,3.23,3.27,0.0,0.0,0.0,0.0,-9.5,-10.31,0.0,0.0,0.0,-10000.0,0.0,180.0,None,0.0,319.0
2025-11-08T01:39:15.817200,15.056,20.01,565.38,20.27,3.24,3.23,3.23,3.27,0.0,0.0,0.0,0.0,-9.5,-10.31,0.0,0.0,0.0,-10000.0,0.0,180.0,None,0.0,319.0
2025-11-08T01:39:15.820709,15.060,20.01,565.38,20.27,3.24,3.23,3.23,3.27,0.0,0.0,0.0,0.0,-9.5,-10.31,0.0,0.0,0.0,-10000.0,0.0,180.0,None,0.0,319.0
2025-11-08T01:39:15.827349,15.066,20.01,581.99,20.25,3.24,3.23,3.22,3.27,0.0,0.0,0.0,0.0,-9.5,-10.31,0.0,0.0,0.0,-10000.0,0.0,180.0,None,0.0,319.0
2025-11-08T01:39:15.828837,15.068,20.01,581.99,20.25,3.24,3.23,3.22,3.27,0.0,0.0,0.0,0.0,-9.5,-10.31,0.0,0.0,0.0,-10000.0,0.0,180.0,None,0.0,319.0
2025-11-08T01:39:15.830148,15.069,20.01,581.99,20.25,3.24,3.23,3.22,3.27,0.0,0.0,0.0,0.0,-9.5,-10.31,0.0,0.0,0.0,-10000.0,0.0,180.0,None,0.0,319.0
2025-11-08T01:39:15.832180,15.071,20.06,508.41,20.27,3.23,3.24,3.26,3.24,0.0,0.0,0.0,0.0,-9.5,-10.31,0.0,0.0,0.0,-10000.0,0.0,180.0,None,0.0,319.0
2025-11-08T01:39:15.834178,15.073,20.06,508.41,20.27,3.23,3.24,3.26,3.24,0.0,0.0,0.0,0.0,-9.5,-10.31,0.0,0.0,0.0,-10000.0,0.0,180.0,None,0.0,319.0
2025-11-08T01:39:15.837990,15.077,20.06,508.41,20.27,3.23,3.24,3.26,3.24,0.0,0.0,0.0,0.0,-9.5,-10.31,0.0,0.0,0.0,-10000.0,0.0,180.0,None,0.0,319.0
2025-11-08T01:39:15.841607,15.081,20.06,508.41,20.27,3.23,3.24,3.26,3.24,0.0,0.0,0.0,0.0,-9.5,-10.31,0.0,0.0,0.0,-10000.0,0.0,180.0,None,0.0,319.0
2025-11-08T01:39:15.844856,15.084,20.06,508.41,20.27,3.23,3.24,3.26,3.24,0.0,0.0,0.0,0.0,-9.5,-10.31,0.0,0.0,0.0,-10000.0,0.0,180.0,None,0.0,319.0
2025-11-08T01:39:15.851358,15.090,20.01,594.98,20.27,3.24,3.23,3.22,3.18,0.0,0.0,0.0,0.0,-9.5,-10.31,0.0,0.0,0.0,-10000.0,0.0,180.0,None,0.0,319.0
2025-11-08T01:39:15.852910,15.092,20.01,594.98,20.27,3.24,3.23,3.22,3.18,0.0,0.0,0.0,0.0,-9.5,-10.31,0.0,0.0,0.0,-10000.0,0.0,180.0,None,0.0,319.0
2025-11-08T01:39:15.853684,15.093,20.01,594.98,20.27,3.24,3.23,3.22,3.18,0.0,0.0,0.0,0.0,-9.5,-10.31,0.0,0.0,0.0,-10000.0,0.0,180.0,None,0.0,319.0
2025-11-08T01:39:15.854212,15.093,20.01,594.98,20.27,3.24,3.23,3.22,3.18,0.0,0.0,0.0,0.0,-9.5,-10.31,0.0,0.0,0.0,-10000.0,0.0,180.0,None,0.0,319.0
2025-11-08T01:39:15.865114,15.104,20.06,508.41,20.27,3.24,3.23,3.23,3.27,0.0,0.0,0.0,0.0,-9.5,-10.31,0.0,0.0,0.0,-10000.0,0.0,180.0,None,0.0,319.0
2025-11-08T01:39:15.865880,15.105,20.06,508.41,20.27,3.24,3.23,3.23,3.27,0.0,0.0,0.0,0.0,-9.5,-10.31,0.0,0.0,0.0,-10000.0,0.0,180.0,None,0.0,2.0
2025-11-08T01:39:15.866508,15.106,20.06,508.41,20.27,3.24,3.23,3.23,3.27,0.0,0.0,0.0,0.0,-9.5,-10.31,0.0,0.0,0.0,-10000.0,0.0,180.0,None,0.0,2.0
2025-11-08T01:39:15.867109,15.106,20.06,508.41,20.27,3.24,3.23,3.23,3.27,0.0,0.0,0.0,0.0,-9.5,-10.31,0.0,0.0,0.0,-10000.0,0.0,180.0,None,0.0,2.0
2025-11-08T01:39:15.873797,15.113,20.01,586.18,20.29,3.25,3.23,3.23,3.27,0.0,0.0,0.0,0.0,-9.5,-10.31,0.0,0.0,0.0,-10000.0,0.0,180.0,None,0.0,2.0
2025-11-08T01:39:15.875519,15.115,20.01,586.18,20.29,3.25,3.23,3.23,3.27,0.0,0.0,0.0,0.0,-9.5,-10.31,0.0,0.0,0.0,-10000.0,0.0,180.0,None,0.0,2.0
2025-11-08T01:39:15.880690,15.120,20.01,586.18,20.29,3.25,3.23,3.23,3.27,0.0,0.0,0.0,0.0,-9.5,-10.31,0.0,0.0,0.0,-10000.0,0.0,180.0,None,0.0,2.0
2025-11-08T01:39:15.882080,15.121,20.01,586.18,20.29,3.25,3.23,3.23,3.27,0.0,0.0,0.0,0.0,-9.5,-10.31,0.0,0.0,0.0,-10000.0,0.0,180.0,None,0.0,319.0
2025-11-08T01:39:15.885415,15.124,20.01,586.18,20.29,3.25,3.23,3.23,3.27,0.0,0.0,0.0,0.0,-9.5,-10.31,0.0,0.0,0.0,-10000.0,0.0,180.0,None,0.0,319.0
2025-11-08T01:39:15.888779,15.128,19.99,565.38,20.25,3.24,3.23,3.22,3.28,0.0,0.0,0.0,0.0,-9.5,-10.31,0.0,0.0,0.0,-10000.0,0.0,180.0,None,0.0,319.0
2025-11-08T01:39:15.904637,15.144,19.99,565.38,20.25,3.24,3.23,3.22,3.28,0.0,0.0,0.0,0.0,-9.5,-10.31,0.0,0.0,0.0,-10000.0,0.0,180.0,None,0.0,319.0
2025-11-08T01:39:15.907100,15.146,19.99,565.38,20.25,3.24,3.23,3.22,3.28,0.0,0.0,0.0,0.0,-9.5,-10.31,0.0,0.0,0.0,-10000.0,0.0,180.0,None,0.0,319.0
2025-11-08T01:39:15.907735,15.147,19.99,565.38,20.25,3.24,3.23,3.22,3.28,0.0,0.0,0.0,0.0,-9.5,-10.31,0.0,0.0,0.0,-10000.0,0.0,180.0,None,0.0,319.0
2025-11-08T01:39:17.419405,16.658,20.06,565.38,20.31,3.24,3.23,3.23,3.27,0.0,0.0,0.0,0.0,-9.5,-10.31,0.0,0.0,0.0,-10000.0,0.0,180.0,None,0.0,319.0
2025-11-08T01:39:17.422463,16.662,20.06,565.38,20.31,3.24,3.23,3.23,3.27,0.0,0.0,0.0,0.0,-9.5,-10.31,0.0,0.0,0.0,-10000.0,0.0,180.0,None,0.0,319.0
2025-11-08T01:39:17.431842,16.671,20.06,565.38,20.31,3.24,3.23,3.23,3.27,0.0,0.0,0.0,0.0,-9.5,-10.31,0.0,0.0,0.0,-10000.0,0.0,180.0,None,0.0,319.0
2025-11-08T01:39:17.432571,16.672,20.06,565.38,20.31,3.24,3.23,3.23,3.27,0.0,0.0,0.0,0.0,-9.5,-10.31,0.0,0.0,0.0,-10000.0,0.0,180.0,None,0.0,319.0
2025-11-08T01:39:17.433164,16.672,20.08,508.41,20.16,3.24,3.23,3.23,3.27,0.0,0.0,0.0,0.0,-9.5,-10.31,0.0,0.0,0.0,-10000.0,0.0,180.0,None,0.0,319.0
2025-11-08T01:39:17.462352,16.701,20.08,508.41,20.16,3.24,3.23,3.23,3.27,0.0,0.0,0.0,0.0,-9.5,-10.31,0.0,0.0,0.0,-10000.0,0.0,180.0,None,0.0,319.0
2025-11-08T01:39:17.463926,16.703,20.08,508.41,20.16,3.24,3.23,3.23,3.27,0.0,0.0,0.0,0.0,-9.5,-10.31,0.0,0.0,0.0,-10000.0,0.0,180.0,None,0.0,319.0
2025-11-08T01:39:17.465029,16.704,20.08,508.41,20.16,3.24,3.23,3.23,3.27,0.0,0.0,0.0,0.0,-9.5,-10.31,0.0,0.0,0.0,-10000.0,0.0,180.0,None,0.0,319.0
2025-11-08T01:39:17.466291,16.705,20.08,508.41,20.16,3.24,3.23,3.23,3.27,0.0,0.0,0.0,0.0,-9.5,-10.31,0.0,0.0,0.0,-10000.0,0.0,180.0,None,0.0,319.0
2025-11-08T01:39:17.468637,16.708,20.01,565.38,20.25,3.24,3.23,3.23,3.26,0.0,0.0,0.0,0.0,-9.5,-10.31,0.0,0.0,0.0,-10000.0,0.0,180.0,None,0.0,319.0
2025-11-08T01:39:17.470016,16.709,20.01,565.38,20.25,3.24,3.23,3.23,3.26,0.0,0.0,0.0,0.0,-9.5,-10.31,0.0,0.0,0.0,-10000.0,0.0,180.0,None,0.0,319.0
2025-11-08T01:39:17.471850,16.711,20.01,565.38,20.25,3.24,3.23,3.23,3.26,0.0,0.0,0.0,0.0,-9.5,-10.31,0.0,0.0,0.0,-10000.0,0.0,180.0,None,0.0,319.0
2025-11-08T01:39:17.473768,16.713,20.01,565.38,20.25,3.24,3.23,3.23,3.26,0.0,0.0,0.0,0.0,-9.5,-10.31,0.0,0.0,0.0,-10000.0,0.0,180.0,None,0.0,319.0
2025-11-08T01:39:17.477208,16.716,20.01,565.38,20.27,3.23,3.25,3.22,3.27,0.0,0.0,0.0,0.0,-9.5,-10.31,0.0,0.0,0.0,-10000.0,0.0,180.0,None,0.0,319.0
2025-11-08T01:39:17.480482,16.720,20.01,565.38,20.27,3.23,3.25,3.22,3.27,0.0,0.0,0.0,0.0,-9.5,-10.31,0.0,0.0,0.0,-10000.0,0.0,180.0,None,0.0,319.0
2025-11-08T01:39:17.483589,16.723,20.01,565.38,20.27,3.23,3.25,3.22,3.27,0.0,0.0,0.0,0.0,-9.5,-10.31,0.0,0.0,0.0,-10000.0,0.0,180.0,None,0.0,228.0
2025-11-08T01:39:17.486244,16.725,20.01,565.38,20.27,3.23,3.25,3.22,3.27,0.0,0.0,0.0,0.0,-9.5,-10.31,0.0,0.0,0.0,-10000.0,0.0,180.0,None,0.0,228.0
2025-11-08T01:39:17.488999,16.728,20.01,565.38,20.27,3.23,3.25,3.22,3.27,0.0,0.0,0.0,0.0,-9.5,-10.31,0.0,0.0,0.0,-10000.0,0.0,180.0,None,0.0,228.0
2025-11-08T01:39:17.491482,16.731,19.99,565.38,20.25,3.24,3.23,3.23,3.28,0.0,0.0,0.0,0.0,-9.5,-10.31,0.0,0.0,0.0,-10000.0,0.0,180.0,None,0.0,228.0
2025-11-08T01:39:17.495246,16.734,19.99,565.38,20.25,3.24,3.23,3.23,3.28,0.0,0.0,0.0,0.0,-9.5,-10.31,0.0,0.0,0.0,-10000.0,0.0,180.0,None,0.0,228.0
2025-11-08T01:39:17.500326,16.739,19.99,565.38,20.25,3.24,3.23,3.23,3.28,0.0,0.0,0.0,0.0,-9.5,-10.31,0.0,0.0,0.0,-10000.0,0.0,180.0,None,0.0,228.0
2025-11-08T01:39:17.503666,16.743,20.06,571.46,20.25,3.16,3.31,3.23,3.27,0.0,0.0,0.0,0.0,-9.5,-10.31,0.0,0.0,0.0,-10000.0,0.0,180.0,None,0.0,228.0
2025-11-08T01:39:17.506373,16.746,20.06,571.46,20.25,3.16,3.31,3.23,3.27,0.0,0.0,0.0,0.0,-9.5,-10.31,0.0,0.0,0.0,-10000.0,0.0,180.0,None,0.0,319.0
2025-11-08T01:39:17.507933,16.747,20.06,571.46,20.25,3.16,3.31,3.23,3.27,0.0,0.0,0.0,0.0,-9.5,-10.31,0.0,0.0,0.0,-10000.0,0.0,180.0,None,0.0,319.0
2025-11-08T01:39:17.509175,16.748,20.06,571.46,20.25,3.16,3.31,3.23,3.27,0.0,0.0,0.0,0.0,-9.5,-10.31,0.0,0.0,0.0,-10000.0,0.0,180.0,None,0.0,319.0
2025-11-08T01:39:17.509845,16.749,20.06,571.46,20.25,3.16,3.31,3.23,3.27,0.0,0.0,0.0,0.0,-9.5,-10.31,0.0,0.0,0.0,-10000.0,0.0,180.0,None,0.0,319.0
2025-11-08T01:39:17.511341,16.750,20.03,508.41,20.25,3.24,3.23,3.23,3.26,0.0,0.0,0.0,0.0,-9.5,-10.31,0.0,0.0,0.0,-10000.0,0.0,180.0,None,0.0,319.0
2025-11-08T01:39:17.512333,16.751,20.03,508.41,20.25,3.24,3.23,3.23,3.26,0.0,0.0,0.0,0.0,-9.5,-10.31,0.0,0.0,0.0,-10000.0,0.0,180.0,None,0.0,319.0
2025-11-08T01:39:17.513757,16.753,20.03,508.41,20.25,3.24,3.23,3.23,3.26,0.0,0.0,0.0,0.0,-9.5,-10.31,0.0,0.0,0.0,-10000.0,0.0,180.0,None,0.0,319.0
2025-11-08T01:39:17.514263,16.753,20.03,508.41,20.25,3.24,3.23,3.23,3.26,0.0,0.0,0.0,0.0,-9.5,-10.31,0.0,0.0,0.0,-10000.0,0.0,180.0,None,0.0,319.0
2025-11-08T01:39:17.514917,16.754,20.03,571.46,20.23,3.25,3.23,3.23,3.26,0.0,0.0,0.0,0.0,-9.5,-10.31,0.0,0.0,0.0,-10000.0,0.0,180.0,None,0.0,319.0
2025-11-08T01:39:17.515520,16.755,20.03,571.46,20.23,3.25,3.23,3.23,3.26,0.0,0.0,0.0,0.0,-9.5,-10.31,0.0,0.0,0.0,-10000.0,0.0,180.0,None,0.0,319.0
2025-11-08T01:39:17.516099,16.755,20.03,571.46,20.23,3.25,3.23,3.23,3.26,0.0,0.0,0.0,0.0,-9.5,-10.31,0.0,0.0,0.0,-10000.0,0.0,180.0,None,0.0,319.0
2025-11-08T01:39:17.516939,16.756,20.03,571.46,20.23,3.25,3.23,3.23,3.26,0.0,0.0,0.0,0.0,-9.5,-10.31,0.0,0.0,0.0,-10000.0,0.0,180.0,None,0.0,319.0
2025-11-08T01:39:17.518282,16.757,20.06,565.38,20.21,3.24,3.23,3.23,3.27,0.0,0.0,0.0,0.0,-9.5,-10.31,0.0,0.0,0.0,-10000.0,0.0,180.0,None,0.0,319.0
2025-11-08T01:39:17.523198,16.762,20.06,565.38,20.21,3.24,3.23,3.23,3.27,0.0,0.0,0.0,0.0,-9.5,-10.31,0.0,0.0,0.0,-10000.0,0.0,180.0,None,0.0,319.0
2025-11-08T01:39:17.525935,16.765,20.06,565.38,20.21,3.24,3.23,3.23,3.27,0.0,0.0,0.0,0.0,-9.5,-10.31,0.0,0.0,0.0,-10000.0,0.0,180.0,None,0.0,228.0
2025-11-08T01:39:17.527612,16.767,20.06,565.38,20.21,3.24,3.23,3.23,3.27,0.0,0.0,0.0,0.0,-9.5,-10.31,0.0,0.0,0.0,-10000.0,0.0,180.0,None,0.0,228.0
2025-11-08T01:39:17.529211,16.768,20.06,565.38,20.21,3.24,3.23,3.23,3.27,0.0,0.0,0.0,0.0,-9.5,-10.31,0.0,0.0,0.0,-10000.0,0.0,180.0,None,0.0,228.0
2025-11-08T01:39:17.531065,16.770,20.08,565.38,20.31,3.25,3.23,3.22,3.27,0.0,0.0,0.0,0.0,-9.5,-10.31,0.0,0.0,0.0,-10000.0,0.0,180.0,None,0.0,228.0
2025-11-08T01:39:17.532660,16.772,20.08,565.38,20.31,3.25,3.23,3.22,3.27,0.0,0.0,0.0,0.0,-9.5,-10.31,0.0,0.0,0.0,-10000.0,0.0,180.0,None,0.0,228.0
2025-11-08T01:39:17.534432,16.774,20.08,565.38,20.31,3.25,3.23,3.22,3.27,0.0,0.0,0.0,0.0,-9.5,-10.31,0.0,0.0,0.0,-10000.0,0.0,180.0,None,0.0,228.0
2025-11-08T01:39:18.812012,18.051,20.08,565.38,20.31,3.25,3.23,3.22,3.27,0.0,0.0,0.0,0.0,-9.5,-10.31,0.0,0.0,0.0,-10000.0,0.0,180.0,None,0.0,181.0
2025-11-08T01:39:18.815820,18.055,20.08,571.46,20.25,3.25,3.23,3.23,3.24,0.0,0.0,0.0,0.0,-9.5,-10.31,0.0,0.0,0.0,-10000.0,0.0,180.0,None,0.0,181.0
2025-11-08T01:39:18.819035,18.058,20.08,571.46,20.25,3.25,3.23,3.23,3.24,0.0,0.0,0.0,0.0,-9.5,-10.31,0.0,0.0,0.0,-10000.0,0.0,180.0,None,0.0,181.0
2025-11-08T01:39:18.820257,18.059,20.08,571.46,20.25,3.25,3.23,3.23,3.24,0.0,0.0,0.0,0.0,-9.5,-10.31,0.0,0.0,0.0,-10000.0,0.0,180.0,None,0.0,181.0
2025-11-08T01:39:18.820902,18.060,20.08,571.46,20.25,3.25,3.23,3.23,3.24,0.0,0.0,0.0,0.0,-9.5,-10.31,0.0,0.0,0.0,-10000.0,0.0,180.0,None,0.0,181.0
2025-11-08T01:39:18.826979,18.066,20.01,587.29,20.27,3.24,3.23,3.23,3.27,0.0,0.0,0.0,0.0,-9.5,-10.31,0.0,0.0,0.0,-10000.0,0.0,180.0,None,0.0,181.0
2025-11-08T01:39:18.830206,18.069,20.01,587.29,20.27,3.24,3.23,3.23,3.27,0.0,0.0,0.0,0.0,-9.5,-10.31,0.0,0.0,0.0,-10000.0,0.0,180.0,None,0.0,181.0
2025-11-08T01:39:18.831057,18.070,20.01,587.29,20.27,3.24,3.23,3.23,3.27,0.0,0.0,0.0,0.0,-9.5,-10.31,0.0,0.0,0.0,-10000.0,0.0,180.0,None,0.0,181.0
2025-11-08T01:39:18.836132,18.075,20.01,587.29,20.27,3.24,3.23,3.23,3.27,0.0,0.0,0.0,0.0,-9.5,-10.31,0.0,0.0,0.0,-10000.0,0.0,180.0,None,0.0,181.0
2025-11-08T01:39:18.837068,18.076,20.01,587.29,20.27,3.24,3.23,3.23,3.27,0.0,0.0,0.0,0.0,-9.5,-10.31,0.0,0.0,0.0,-10000.0,0.0,180.0,None,0.0,181.0
2025-11-08T01:39:18.837808,18.077,20.06,571.46,20.25,3.23,3.25,3.22,3.25,0.0,0.0,0.0,0.0,-9.5,-10.31,0.0,0.0,0.0,-10000.0,0.0,180.0,None,0.0,181.0
2025-11-08T01:39:18.843073,18.082,20.06,571.46,20.25,3.23,3.25,3.22,3.25,0.0,0.0,0.0,0.0,-9.5,-10.31,0.0,0.0,0.0,-10000.0,0.0,180.0,None,0.0,181.0
2025-11-08T01:39:18.843984,18.083,20.06,571.46,20.25,3.23,3.25,3.22,3.25,0.0,0.0,0.0,0.0,-9.5,-10.31,0.0,0.0,0.0,-10000.0,0.0,180.0,None,0.0,181.0
2025-11-08T01:39:18.846165,18.085,20.03,571.46,20.27,3.25,3.23,3.23,3.26,0.0,0.0,0.0,0.0,-9.5,-10.31,0.0,0.0,0.0,-10000.0,0.0,180.0,None,0.0,181.0
2025-11-08T01:39:18.855284,18.094,20.03,571.46,20.27,3.25,3.23,3.23,3.26,0.0,0.0,0.0,0.0,-9.5,-10.31,0.0,0.0,0.0,-10000.0,0.0,180.0,None,0.0,181.0
2025-11-08T01:39:18.857044,18.096,20.03,571.46,20.27,3.25,3.23,3.23,3.26,0.0,0.0,0.0,0.0,-9.5,-10.31,0.0,0.0,0.0,-10000.0,0.0,180.0,None,0.0,181.0
2025-11-08T01:39:18.860876,18.100,20.03,571.46,20.27,3.25,3.23,3.23,3.26,0.0,0.0,0.0,0.0,-9.5,-10.31,0.0,0.0,0.0,-10000.0,0.0,180.0,None,0.0,181.0
2025-11-08T01:39:18.861880,18.101,20.03,571.46,20.27,3.25,3.23,3.23,3.26,0.0,0.0,0.0,0.0,-9.5,-10.31,0.0,0.0,0.0,-10000.0,0.0,180.0,None,0.0,181.0
2025-11-08T01:39:18.868749,18.108,20.08,508.41,20.27,3.24,3.23,3.23,3.26,0.0,0.0,0.0,0.0,-9.5,-10.31,0.0,0.0,0.0,-10000.0,0.0,180.0,None,0.0,181.0
2025-11-08T01:39:18.889730,18.129,20.08,508.41,20.27,3.24,3.23,3.23,3.26,0.0,0.0,0.0,0.0,-9.5,-10.31,0.0,0.0,0.0,-10000.0,0.0,180.0,None,0.0,181.0
2025-11-08T01:39:18.890805,18.130,20.08,508.41,20.27,3.24,3.23,3.23,3.26,0.0,0.0,0.0,0.0,-9.5,-10.31,0.0,0.0,0.0,-10000.0,0.0,180.0,None,0.0,181.0
2025-11-08T01:39:18.892410,18.131,20.08,508.41,20.27,3.24,3.23,3.23,3.26,0.0,0.0,0.0,0.0,-9.5,-10.31,0.0,0.0,0.0,-10000.0,0.0,180.0,None,0.0,181.0
2025-11-08T01:39:18.894041,18.133,20.08,508.41,20.27,3.24,3.23,3.23,3.26,0.0,0.0,0.0,0.0,-9.5,-10.31,0.0,0.0,0.0,-10000.0,0.0,180.0,None,0.0,181.0
2025-11-08T01:39:18.898018,18.137,20.03,565.38,20.25,3.24,3.23,3.23,3.25,0.0,0.0,0.0,0.0,-9.5,-10.31,0.0,0.0,0.0,-10000.0,0.0,180.0,None,0.0,181.0
2025-11-08T01:39:18.898714,18.138,20.03,565.38,20.25,3.24,3.23,3.23,3.25,0.0,0.0,0.0,0.0,-9.5,-10.31,0.0,0.0,0.0,-10000.0,0.0,180.0,None,0.0,181.0
2025-11-08T01:39:18.905030,18.144,20.03,565.38,20.25,3.24,3.23,3.23,3.25,0.0,0.0,0.0,0.0,-9.5,-10.31,0.0,0.0,0.0,-10000.0,0.0,180.0,None,0.0,181.0
2025-11-08T01:39:18.907476,18.147,20.03,577.97,20.25,3.24,3.23,3.23,3.26,0.0,0.0,0.0,0.0,-9.5,-10.31,0.0,0.0,0.0,-10000.0,0.0,180.0,None,0.0,181.0
2025-11-08T01:39:18.908333,18.147,20.03,577.97,20.25,3.24,3.23,3.23,3.26,0.0,0.0,0.0,0.0,-9.5,-10.31,0.0,0.0,0.0,-10000.0,0.0,180.0,None,0.0,181.0
2025-11-08T01:39:18.914559,18.154,20.03,577.97,20.25,3.24,3.23,3.23,3.26,0.0,0.0,0.0,0.0,-9.5,-10.31,0.0,0.0,0.0,-10000.0,0.0,180.0,None,0.0,181.0
2025-11-08T01:39:18.931920,18.171,20.03,577.97,20.25,3.24,3.23,3.23,3.26,0.0,0.0,0.0,0.0,-9.5,-10.31,0.0,0.0,0.0,-10000.0,0.0,180.0,None,0.0,181.0
2025-11-08T01:39:18.934831,18.174,20.03,577.97,20.25,3.24,3.23,3.23,3.26,0.0,0.0,0.0,0.0,-9.5,-10.31,0.0,0.0,0.0,-10000.0,0.0,180.0,None,0.0,181.0
2025-11-08T01:39:18.940898,18.180,20.01,583.56,20.23,3.23,3.24,3.24,3.25,0.0,0.0,0.0,0.0,-9.5,-10.31,0.0,0.0,0.0,-10000.0,0.0,180.0,None,0.0,181.0
2025-11-08T01:39:18.945027,18.184,20.01,583.56,20.23,3.23,3.24,3.24,3.25,0.0,0.0,0.0,0.0,-9.5,-10.31,0.0,0.0,0.0,-10000.0,0.0,180.0,None,0.0,181.0
2025-11-08T01:39:18.950508,18.190,20.01,583.56,20.23,3.23,3.24,3.24,3.25,0.0,0.0,0.0,0.0,-9.5,-10.31,0.0,0.0,0.0,-10000.0,0.0,180.0,None,0.0,181.0
2025-11-08T01:39:20.634172,19.873,20.01,583.56,20.23,3.23,3.24,3.24,3.25,0.0,0.0,0.0,0.0,-9.5,-10.31,0.0,0.0,0.0,-10000.0,0.0,180.0,None,0.0,181.0
2025-11-08T01:39:20.635363,19.874,20.03,571.46,20.29,3.25,3.22,3.23,3.26,0.0,0.0,0.0,0.0,-9.5,-10.31,0.0,0.0,0.0,-10000.0,0.0,180.0,None,0.0,181.0
2025-11-08T01:39:20.635984,19.875,20.03,571.46,20.29,3.25,3.22,3.23,3.26,0.0,0.0,0.0,0.0,-9.5,-10.31,0.0,0.0,0.0,-10000.0,0.0,180.0,None,0.0,228.0
2025-11-08T01:39:20.636768,19.876,20.03,571.46,20.29,3.25,3.22,3.23,3.26,0.0,0.0,0.0,0.0,-9.5,-10.31,0.0,0.0,0.0,-10000.0,0.0,180.0,None,0.0,228.0
2025-11-08T01:39:20.637451,19.877,20.03,571.46,20.29,3.25,3.22,3.23,3.26,0.0,0.0,0.0,0.0,-9.5,-10.31,0.0,0.0,0.0,-10000.0,0.0,180.0,None,0.0,228.0
2025-11-08T01:39:20.638156,19.877,20.03,571.46,20.08,3.23,3.24,3.23,3.25,0.0,0.0,0.0,0.0,-9.5,-10.31,0.0,0.0,0.0,-10000.0,0.0,180.0,None,0.0,228.0
2025-11-08T01:39:20.642551,19.882,20.03,571.46,20.08,3.23,3.24,3.23,3.25,0.0,0.0,0.0,0.0,-9.5,-10.31,0.0,0.0,0.0,-10000.0,0.0,180.0,None,0.0,228.0
2025-11-08T01:39:20.643466,19.883,20.03,571.46,20.08,3.23,3.24,3.23,3.25,0.0,0.0,0.0,0.0,-9.5,-10.31,0.0,0.0,0.0,-10000.0,0.0,180.0,None,0.0,228.0
2025-11-08T01:39:20.643991,19.883,20.03,571.46,20.08,3.23,3.24,3.23,3.25,0.0,0.0,0.0,0.0,-9.5,-10.31,0.0,0.0,0.0,-10000.0,0.0,180.0,None,0.0,228.0
2025-11-08T01:39:20.646690,19.886,20.03,571.46,20.08,3.23,3.24,3.23,3.25,0.0,0.0,0.0,0.0,-9.5,-10.31,0.0,0.0,0.0,-10000.0,0.0,180.0,None,0.0,228.0
2025-11-08T01:39:20.647446,19.887,20.01,508.41,20.29,3.24,3.23,3.23,3.27,0.0,0.0,0.0,0.0,-9.5,-10.31,0.0,0.0,0.0,-10000.0,0.0,180.0,None,0.0,228.0
2025-11-08T01:39:20.649578,19.889,20.01,508.41,20.29,3.24,3.23,3.23,3.27,0.0,0.0,0.0,0.0,-9.5,-10.31,0.0,0.0,0.0,-10000.0,0.0,180.0,None,0.0,228.0
2025-11-08T01:39:20.650207,19.889,20.01,508.41,20.29,3.24,3.23,3.23,3.27,0.0,0.0,0.0,0.0,-9.5,-10.31,0.0,0.0,0.0,-10000.0,0.0,180.0,None,0.0,228.0
2025-11-08T01:39:20.650811,19.890,20.01,508.41,20.29,3.24,3.23,3.23,3.27,0.0,0.0,0.0,0.0,-9.5,-10.31,0.0,0.0,0.0,-10000.0,0.0,180.0,None,0.0,228.0
2025-11-08T01:39:20.651444,19.891,19.97,508.41,20.27,3.24,3.24,3.22,3.27,0.0,0.0,0.0,0.0,-9.5,-10.31,0.0,0.0,0.0,-10000.0,0.0,180.0,None,0.0,228.0
2025-11-08T01:39:20.657554,19.897,19.97,508.41,20.27,3.24,3.24,3.22,3.27,0.0,0.0,0.0,0.0,-9.5,-10.31,0.0,0.0,0.0,-10000.0,0.0,180.0,None,0.0,2.0
2025-11-08T01:39:20.663034,19.902,19.97,508.41,20.27,3.24,3.24,3.22,3.27,0.0,0.0,0.0,0.0,-9.5,-10.31,0.0,0.0,0.0,-10000.0,0.0,180.0,None,0.0,2.0
2025-11-08T01:39:20.663895,19.903,19.97,508.41,20.27,3.24,3.24,3.22,3.27,0.0,0.0,0.0,0.0,-9.5,-10.31,0.0,0.0,0.0,-10000.0,0.0,180.0,None,0.0,2.0
2025-11-08T01:39:20.664657,19.904,19.99,508.41,20.23,3.23,3.24,3.23,3.26,0.0,0.0,0.0,0.0,-9.5,-10.31,0.0,0.0,0.0,-10000.0,0.0,180.0,None,0.0,2.0
2025-11-08T01:39:20.665263,19.904,19.99,508.41,20.23,3.23,3.24,3.23,3.26,0.0,0.0,0.0,0.0,-9.5,-10.31,0.0,0.0,0.0,-10000.0,0.0,180.0,None,0.0,2.0
2025-11-08T01:39:20.674307,19.913,19.99,508.41,20.23,3.23,3.24,3.23,3.26,0.0,0.0,0.0,0.0,-9.5,-10.31,0.0,0.0,0.0,-10000.0,0.0,180.0,None,0.0,2.0
2025-11-08T01:39:20.675958,19.915,19.99,508.41,20.23,3.23,3.24,3.23,3.26,0.0,0.0,0.0,0.0,-9.5,-10.31,0.0,0.0,0.0,-10000.0,0.0,180.0,None,0.0,2.0
2025-11-08T01:39:20.677503,19.917,19.99,508.41,20.23,3.23,3.24,3.23,3.26,0.0,0.0,0.0,0.0,-9.5,-10.31,0.0,0.0,0.0,-10000.0,0.0,180.0,None,0.0,2.0
2025-11-08T01:39:20.678247,19.917,20.03,565.38,20.31,3.23,3.24,3.23,3.27,0.0,0.0,0.0,0.0,-9.5,-10.31,0.0,0.0,0.0,-10000.0,0.0,180.0,None,0.0,2.0
2025-11-08T01:39:20.692520,19.932,20.03,565.38,20.31,3.23,3.24,3.23,3.27,0.0,0.0,0.0,0.0,-9.5,-10.31,0.0,0.0,0.0,-10000.0,0.0,180.0,None,0.0,2.0
2025-11-08T01:39:20.694083,19.933,20.03,565.38,20.31,3.23,3.24,3.23,3.27,0.0,0.0,0.0,0.0,-9.5,-10.31,0.0,0.0,0.0,-10000.0,0.0,180.0,None,0.0,2.0
2025-11-08T01:39:20.700840,19.940,20.03,565.38,20.31,3.23,3.24,3.23,3.27,0.0,0.0,0.0,0.0,-9.5,-10.31,0.0,0.0,0.0,-10000.0,0.0,180.0,None,0.0,2.0
2025-11-08T01:39:20.704600,19.944,19.97,571.46,20.25,3.24,3.23,3.23,3.27,0.0,0.0,0.0,0.0,-9.5,-10.31,0.0,0.0,0.0,-10000.0,0.0,180.0,None,0.0,2.0
2025-11-08T01:39:20.705451,19.945,19.97,571.46,20.25,3.24,3.23,3.23,3.27,0.0,0.0,0.0,0.0,-9.5,-10.31,0.0,0.0,0.0,-10000.0,0.0,180.0,None,0.0,2.0
2025-11-08T01:39:20.706013,19.945,19.97,571.46,20.25,3.24,3.23,3.23,3.27,0.0,0.0,0.0,0.0,-9.5,-10.31,0.0,0.0,0.0,-10000.0,0.0,180.0,None,0.0,2.0
2025-11-08T01:39:20.722163,19.961,19.97,571.46,20.25,3.24,3.23,3.23,3.27,0.0,0.0,0.0,0.0,-9.5,-10.31,0.0,0.0,0.0,-10000.0,0.0,180.0,None,0.0,2.0
2025-11-08T01:39:20.723150,19.962,19.99,565.38,20.27,3.24,3.23,3.23,3.27,0.0,0.0,0.0,0.0,-9.5,-10.31,0.0,0.0,0.0,-10000.0,0.0,180.0,None,0.0,2.0
2025-11-08T01:39:20.723814,19.963,19.99,565.38,20.27,3.24,3.23,3.23,3.27,0.0,0.0,0.0,0.0,-9.5,-10.31,0.0,0.0,0.0,-10000.0,0.0,180.0,None,0.0,2.0
2025-11-08T01:39:20.729073,19.968,19.99,565.38,20.27,3.24,3.23,3.23,3.27,0.0,0.0,0.0,0.0,-9.5,-10.31,0.0,0.0,0.0,-10000.0,0.0,180.0,None,0.0,2.0
2025-11-08T01:39:20.731794,19.971,19.99,565.38,20.27,3.24,3.23,3.23,3.27,0.0,0.0,0.0,0.0,-9.5,-10.31,0.0,0.0,0.0,-10000.0,0.0,180.0,None,0.0,2.0
2025-11-08T01:39:20.732683,19.972,20.01,508.41,20.29,3.24,3.23,3.22,3.27,0.0,0.0,0.0,0.0,-9.5,-10.31,0.0,0.0,0.0,-10000.0,0.0,180.0,None,0.0,2.0
2025-11-08T01:39:20.733235,19.972,20.01,508.41,20.29,3.24,3.23,3.22,3.27,0.0,0.0,0.0,0.0,-9.5,-10.31,0.0,0.0,0.0,-10000.0,0.0,180.0,None,0.0,319.0
2025-11-08T01:39:20.733824,19.973,20.01,508.41,20.29,3.24,3.23,3.22,3.27,0.0,0.0,0.0,0.0,-9.5,-10.31,0.0,0.0,0.0,-10000.0,0.0,180.0,None,0.0,319.0
2025-11-08T01:39:20.739365,19.978,20.01,508.41,20.29,3.24,3.23,3.22,3.27,0.0,0.0,0.0,0.0,-9.5,-10.31,0.0,0.0,0.0,-10000.0,0.0,180.0,None,0.0,319.0
2025-11-08T01:39:20.740107,19.979,20.01,508.41,20.29,3.24,3.23,3.22,3.27,0.0,0.0,0.0,0.0,-9.5,-10.31,0.0,0.0,0.0,-10000.0,0.0,180.0,None,0.0,319.0
2025-11-08T01:39:20.746892,19.986,20.06,508.41,20.27,3.23,3.24,3.23,3.27,0.0,0.0,0.0,0.0,-9.5,-10.31,0.0,0.0,0.0,-10000.0,0.0,180.0,None,0.0,319.0
2025-11-08T01:39:20.749514,19.989,20.06,508.41,20.27,3.23,3.24,3.23,3.27,0.0,0.0,0.0,0.0,-9.5,-10.31,0.0,0.0,0.0,-10000.0,0.0,180.0,None,0.0,319.0
2025-11-08T01:39:20.754107,19.993,20.06,508.41,20.27,3.23,3.24,3.23,3.27,0.0,0.0,0.0,0.0,-9.5,-10.31,0.0,0.0,0.0,-10000.0,0.0,180.0,None,0.0,319.0
2025-11-08T01:39:20.754928,19.994,20.06,508.41,20.27,3.23,3.24,3.23,3.27,0.0,0.0,0.0,0.0,-9.5,-10.31,0.0,0.0,0.0,-10000.0,0.0,180.0,None,0.0,2.0
2025-11-08T01:39:20.755652,19.995,20.03,571.46,20.21,3.24,3.23,3.23,3.27,0.0,0.0,0.0,0.0,-9.5,-10.31,0.0,0.0,0.0,-10000.0,0.0,180.0,None,0.0,2.0
2025-11-08T01:39:20.756259,19.995,20.03,571.46,20.21,3.24,3.23,3.23,3.27,0.0,0.0,0.0,0.0,-9.5,-10.31,0.0,0.0,0.0,-10000.0,0.0,180.0,None,0.0,2.0
2025-11-08T01:39:20.779498,20.019,20.03,571.46,20.21,3.24,3.23,3.23,3.27,0.0,0.0,0.0,0.0,-9.5,-10.31,0.0,0.0,0.0,-10000.0,0.0,180.0,None,0.0,2.0
2025-11-08T01:39:22.195185,21.434,20.03,571.46,20.21,3.24,3.23,3.23,3.27,0.0,0.0,0.0,0.0,-9.5,-10.31,0.0,0.0,0.0,-10000.0,0.0,180.0,None,0.0,2.0
2025-11-08T01:39:22.197727,21.437,20.06,565.38,20.23,3.24,3.23,3.23,3.26,0.0,0.0,0.0,0.0,-9.5,-10.31,0.0,0.0,0.0,-10000.0,0.0,180.0,None,0.0,2.0
2025-11-08T01:39:22.199048,21.438,20.06,565.38,20.23,3.24,3.23,3.23,3.26,0.0,0.0,0.0,0.0,-9.5,-10.31,0.0,0.0,0.0,-10000.0,0.0,180.0,None,0.0,2.0
2025-11-08T01:39:22.203087,21.442,20.06,565.38,20.23,3.24,3.23,3.23,3.26,0.0,0.0,0.0,0.0,-9.5,-10.31,0.0,0.0,0.0,-10000.0,0.0,180.0,None,0.0,2.0
2025-11-08T01:39:22.203768,21.443,20.06,565.38,20.23,3.24,3.23,3.23,3.26,0.0,0.0,0.0,0.0,-9.5,-10.31,0.0,0.0,0.0,-10000.0,0.0,180.0,None,0.0,2.0
2025-11-08T01:39:22.204308,21.443,20.06,565.38,20.23,3.24,3.23,3.23,3.26,0.0,0.0,0.0,0.0,-9.5,-10.31,0.0,0.0,0.0,-10000.0,0.0,180.0,None,0.0,2.0
2025-11-08T01:39:22.204864,21.444,20.06,565.38,20.25,3.24,3.23,3.22,3.28,0.0,0.0,0.0,0.0,-9.5,-10.31,0.0,0.0,0.0,-10000.0,0.0,180.0,None,0.0,2.0
2025-11-08T01:39:22.208822,21.448,20.06,565.38,20.25,3.24,3.23,3.22,3.28,0.0,0.0,0.0,0.0,-9.5,-10.31,0.0,0.0,0.0,-10000.0,0.0,180.0,None,0.0,2.0
2025-11-08T01:39:22.209788,21.449,20.06,565.38,20.25,3.24,3.23,3.22,3.28,0.0,0.0,0.0,0.0,-9.5,-10.31,0.0,0.0,0.0,-10000.0,0.0,180.0,None,0.0,2.0
2025-11-08T01:39:22.211891,21.451,20.01,508.41,20.27,3.23,3.25,3.23,3.27,0.0,0.0,0.0,0.0,-9.5,-10.31,0.0,0.0,0.0,-10000.0,0.0,180.0,None,0.0,2.0
2025-11-08T01:39:22.214235,21.453,20.01,508.41,20.27,3.23,3.25,3.23,3.27,0.0,0.0,0.0,0.0,-9.5,-10.31,0.0,0.0,0.0,-10000.0,0.0,180.0,None,0.0,319.0
2025-11-08T01:39:22.218151,21.457,20.01,508.41,20.27,3.23,3.25,3.23,3.27,0.0,0.0,0.0,0.0,-9.5,-10.31,0.0,0.0,0.0,-10000.0,0.0,180.0,None,0.0,319.0
2025-11-08T01:39:22.219318,21.458,20.01,508.41,20.27,3.23,3.25,3.23,3.27,0.0,0.0,0.0,0.0,-9.5,-10.31,0.0,0.0,0.0,-10000.0,0.0,180.0,None,0.0,319.0
2025-11-08T01:39:22.219863,21.459,20.01,508.41,20.27,3.23,3.25,3.23,3.27,0.0,0.0,0.0,0.0,-9.5,-10.31,0.0,0.0,0.0,-10000.0,0.0,180.0,None,0.0,319.0
2025-11-08T01:39:22.222503,21.462,19.97,508.41,20.29,3.24,3.23,3.21,3.28,0.0,0.0,0.0,0.0,-9.5,-10.31,0.0,0.0,0.0,-10000.0,0.0,180.0,None,0.0,319.0
2025-11-08T01:39:22.224491,21.464,19.97,508.41,20.29,3.24,3.23,3.21,3.28,0.0,0.0,0.0,0.0,-9.5,-10.31,0.0,0.0,0.0,-10000.0,0.0,180.0,None,0.0,319.0
2025-11-08T01:39:22.225169,21.464,19.97,508.41,20.29,3.24,3.23,3.21,3.28,0.0,0.0,0.0,0.0,-9.5,-10.31,0.0,0.0,0.0,-10000.0,0.0,180.0,None,0.0,319.0
2025-11-08T01:39:22.230028,21.469,19.97,508.41,20.29,3.24,3.23,3.21,3.28,0.0,0.0,0.0,0.0,-9.5,-10.31,0.0,0.0,0.0,-10000.0,0.0,180.0,None,0.0,2.0
2025-11-08T01:39:22.237231,21.476,19.97,508.41,20.29,3.24,3.23,3.21,3.28,0.0,0.0,0.0,0.0,-9.5,-10.31,0.0,0.0,0.0,-10000.0,0.0,180.0,None,0.0,2.0
2025-11-08T01:39:22.244923,21.484,20.03,565.38,20.25,3.25,3.23,3.23,3.25,0.0,0.0,0.0,0.0,-9.5,-10.31,0.0,0.0,0.0,-10000.0,0.0,180.0,None,0.0,2.0
2025-11-08T01:39:22.248610,21.488,20.03,565.38,20.25,3.25,3.23,3.23,3.25,0.0,0.0,0.0,0.0,-9.5,-10.31,0.0,0.0,0.0,-10000.0,0.0,180.0,None,0.0,2.0
2025-11-08T01:39:22.255661,21.495,20.03,565.38,20.25,3.25,3.23,3.23,3.25,0.0,0.0,0.0,0.0,-9.5,-10.31,0.0,0.0,0.0,-10000.0,0.0,180.0,None,0.0,2.0
2025-11-08T01:39:22.257619,21.497,19.97,575.21,20.53,3.29,3.17,3.25,3.26,0.0,0.0,0.0,0.0,-9.5,-10.31,0.0,0.0,0.0,-10000.0,0.0,180.0,None,0.0,2.0
2025-11-08T01:39:22.264251,21.503,19.97,575.21,20.53,3.29,3.17,3.25,3.26,0.0,0.0,0.0,0.0,-9.5,-10.31,0.0,0.0,0.0,-10000.0,0.0,180.0,None,0.0,2.0
2025-11-08T01:39:22.268477,21.508,19.97,575.21,20.53,3.29,3.17,3.25,3.26,0.0,0.0,0.0,0.0,-9.5,-10.31,0.0,0.0,0.0,-10000.0,0.0,180.0,None,0.0,2.0
2025-11-08T01:39:22.277016,21.516,19.97,575.21,20.53,3.29,3.17,3.25,3.26,0.0,0.0,0.0,0.0,-9.5,-10.31,0.0,0.0,0.0,-10000.0,0.0,180.0,None,0.0,2.0
2025-11-08T01:39:22.279718,21.519,19.97,575.21,20.53,3.29,3.17,3.25,3.26,0.0,0.0,0.0,0.0,-9.5,-10.31,0.0,0.0,0.0,-10000.0,0.0,180.0,None,0.0,2.0
2025-11-08T01:39:22.282506,21.522,20.06,571.46,20.19,3.24,3.23,3.23,3.27,0.0,0.0,0.0,0.0,-9.5,-10.31,0.0,0.0,0.0,-10000.0,0.0,180.0,None,0.0,2.0
2025-11-08T01:39:22.284939,21.524,20.06,571.46,20.19,3.24,3.23,3.23,3.27,0.0,0.0,0.0,0.0,-9.5,-10.31,0.0,0.0,0.0,-10000.0,0.0,180.0,None,0.0,2.0
2025-11-08T01:39:22.287627,21.527,20.06,571.46,20.19,3.24,3.23,3.23,3.27,0.0,0.0,0.0,0.0,-9.5,-10.31,0.0,0.0,0.0,-10000.0,0.0,180.0,None,0.0,2.0
2025-11-08T01:39:22.292358,21.531,20.06,571.46,20.19,3.24,3.23,3.23,3.27,0.0,0.0,0.0,0.0,-9.5,-10.31,0.0,0.0,0.0,-10000.0,0.0,180.0,None,0.0,319.0
2025-11-08T01:39:22.296271,21.535,20.06,571.46,20.19,3.24,3.23,3.23,3.27,0.0,0.0,0.0,0.0,-9.5,-10.31,0.0,0.0,0.0,-10000.0,0.0,180.0,None,0.0,319.0
2025-11-08T01:39:22.298543,21.538,20.06,571.46,20.27,3.24,3.23,3.23,3.27,0.0,0.0,0.0,0.0,-9.5,-10.31,0.0,0.0,0.0,-10000.0,0.0,180.0,None,0.0,319.0
2025-11-08T01:39:22.300299,21.539,20.06,571.46,20.27,3.24,3.23,3.23,3.27,0.0,0.0,0.0,0.0,-9.5,-10.31,0.0,0.0,0.0,-10000.0,0.0,180.0,None,0.0,319.0
2025-11-08T01:39:22.303819,21.543,20.06,571.46,20.27,3.24,3.23,3.23,3.27,0.0,0.0,0.0,0.0,-9.5,-10.31,0.0,0.0,0.0,-10000.0,0.0,180.0,None,0.0,319.0
2025-11-08T01:39:22.308165,21.547,20.03,565.38,20.27,3.24,3.24,3.23,3.26,0.0,0.0,0.0,0.0,-9.5,-10.31,0.0,0.0,0.0,-10000.0,0.0,180.0,None,0.0,319.0
2025-11-08T01:39:22.312145,21.551,20.03,565.38,20.27,3.24,3.24,3.23,3.26,0.0,0.0,0.0,0.0,-9.5,-10.31,0.0,0.0,0.0,-10000.0,0.0,180.0,None,0.0,319.0
2025-11-08T01:39:22.313963,21.553,20.03,565.38,20.27,3.24,3.24,3.23,3.26,0.0,0.0,0.0,0.0,-9.5,-10.31,0.0,0.0,0.0,-10000.0,0.0,180.0,None,0.0,319.0
2025-11-08T01:39:22.316345,21.555,20.03,565.38,20.27,3.24,3.24,3.23,3.26,0.0,0.0,0.0,0.0,-9.5,-10.31,0.0,0.0,0.0,-10000.0,0.0,180.0,None,0.0,319.0
2025-11-08T01:39:22.318983,21.558,20.03,565.38,20.27,3.24,3.24,3.23,3.26,0.0,0.0,0.0,0.0,-9.5,-10.31,0.0,0.0,0.0,-10000.0,0.0,180.0,None,0.0,319.0
2025-11-08T01:39:22.322291,21.561,20.03,565.38,20.25,3.24,3.23,3.22,3.26,0.0,0.0,0.0,0.0,-9.5,-10.31,0.0,0.0,0.0,-10000.0,0.0,180.0,None,0.0,319.0
2025-11-08T01:39:22.325227,21.564,20.03,565.38,20.25,3.24,3.23,3.22,3.26,0.0,0.0,0.0,0.0,-9.5,-10.31,0.0,0.0,0.0,-10000.0,0.0,180.0,None,0.0,319.0
2025-11-08T01:39:22.329314,21.568,20.03,565.38,20.25,3.24,3.23,3.22,3.26,0.0,0.0,0.0,0.0,-9.5,-10.31,0.0,0.0,0.0,-10000.0,0.0,180.0,None,0.0,319.0
2025-11-08T01:39:23.853990,23.093,20.03,565.38,20.25,3.24,3.23,3.22,3.26,0.0,0.0,0.0,0.0,-9.5,-10.31,0.0,0.0,0.0,-10000.0,0.0,180.0,None,0.0,319.0
2025-11-08T01:39:23.856604,23.096,20.03,565.38,20.25,3.24,3.23,3.22,3.26,0.0,0.0,0.0,0.0,-9.5,-10.31,0.0,0.0,0.0,-10000.0,0.0,180.0,None,0.0,319.0
2025-11-08T01:39:23.863846,23.103,20.03,571.46,20.23,3.24,3.24,3.21,3.27,0.0,0.0,0.0,0.0,-9.5,-10.31,0.0,0.0,0.0,-10000.0,0.0,180.0,None,0.0,319.0
2025-11-08T01:39:23.865185,23.104,20.03,571.46,20.23,3.24,3.24,3.21,3.27,0.0,0.0,0.0,0.0,-9.5,-10.31,0.0,0.0,0.0,-10000.0,0.0,180.0,None,0.0,319.0
2025-11-08T01:39:23.873656,23.113,20.03,571.46,20.23,3.24,3.24,3.21,3.27,0.0,0.0,0.0,0.0,-9.5,-10.31,0.0,0.0,0.0,-10000.0,0.0,180.0,None,0.0,319.0
2025-11-08T01:39:23.911586,23.151,20.03,571.46,20.23,3.24,3.24,3.21,3.27,0.0,0.0,0.0,0.0,-9.5,-10.31,0.0,0.0,0.0,-10000.0,0.0,180.0,None,0.0,319.0
2025-11-08T01:39:23.912552,23.152,20.01,575.21,20.27,3.23,3.24,3.23,3.27,0.0,0.0,0.0,0.0,-9.5,-10.31,0.0,0.0,0.0,-10000.0,0.0,180.0,None,0.0,319.0
2025-11-08T01:39:23.913251,23.152,20.01,575.21,20.27,3.23,3.24,3.23,3.27,0.0,0.0,0.0,0.0,-9.5,-10.31,0.0,0.0,0.0,-10000.0,0.0,180.0,None,0.0,319.0
2025-11-08T01:39:23.913777,23.153,20.01,575.21,20.27,3.23,3.24,3.23,3.27,0.0,0.0,0.0,0.0,-9.5,-10.31,0.0,0.0,0.0,-10000.0,0.0,180.0,None,0.0,319.0
2025-11-08T01:39:23.914356,23.153,20.01,575.21,20.27,3.23,3.24,3.23,3.27,0.0,0.0,0.0,0.0,-9.5,-10.31,0.0,0.0,0.0,-10000.0,0.0,180.0,None,0.0,319.0
2025-11-08T01:39:23.926022,23.165,19.99,565.38,20.29,3.24,3.23,3.23,3.27,0.0,0.0,0.0,0.0,-9.5,-10.31,0.0,0.0,0.0,-10000.0,0.0,180.0,None,0.0,319.0
2025-11-08T01:39:23.938881,23.178,19.99,565.38,20.29,3.24,3.23,3.23,3.27,0.0,0.0,0.0,0.0,-9.5,-10.31,0.0,0.0,0.0,-10000.0,0.0,180.0,None,0.0,319.0
2025-11-08T01:39:23.944799,23.184,19.99,565.38,20.29,3.24,3.23,3.23,3.27,0.0,0.0,0.0,0.0,-9.5,-10.31,0.0,0.0,0.0,-10000.0,0.0,180.0,None,0.0,319.0
2025-11-08T01:39:23.949682,23.189,19.99,565.38,20.29,3.24,3.23,3.23,3.27,0.0,0.0,0.0,0.0,-9.5,-10.31,0.0,0.0,0.0,-10000.0,0.0,180.0,None,0.0,319.0
2025-11-08T01:39:23.958039,23.197,20.1,508.41,20.25,3.24,3.22,3.24,3.26,0.0,0.0,0.0,0.0,-9.5,-10.31,0.0,0.0,0.0,-10000.0,0.0,180.0,None,0.0,319.0
2025-11-08T01:39:23.962419,23.201,20.1,508.41,20.25,3.24,3.22,3.24,3.26,0.0,0.0,0.0,0.0,-9.5,-10.31,0.0,0.0,0.0,-10000.0,0.0,180.0,None,0.0,319.0
2025-11-08T01:39:23.967670,23.207,20.1,508.41,20.25,3.24,3.22,3.24,3.26,0.0,0.0,0.0,0.0,-9.5,-10.31,0.0,0.0,0.0,-10000.0,0.0,180.0,None,0.0,2.0
2025-11-08T01:39:23.971973,23.211,20.1,508.41,20.25,3.24,3.22,3.24,3.26,0.0,0.0,0.0,0.0,-9.5,-10.31,0.0,0.0,0.0,-10000.0,0.0,180.0,None,0.0,2.0
2025-11-08T01:39:23.972967,23.212,20.01,565.38,20.27,3.23,3.23,3.23,3.27,0.0,0.0,0.0,0.0,-9.5,-10.31,0.0,0.0,0.0,-10000.0,0.0,180.0,None,0.0,2.0
2025-11-08T01:39:23.974568,23.214,20.01,565.38,20.27,3.23,3.23,3.23,3.27,0.0,0.0,0.0,0.0,-9.5,-10.31,0.0,0.0,0.0,-10000.0,0.0,180.0,None,0.0,2.0
2025-11-08T01:39:23.975989,23.215,20.01,565.38,20.27,3.23,3.23,3.23,3.27,0.0,0.0,0.0,0.0,-9.5,-10.31,0.0,0.0,0.0,-10000.0,0.0,180.0,None,0.0,2.0
2025-11-08T01:39:23.977697,23.217,20.01,565.38,20.27,3.23,3.23,3.23,3.27,0.0,0.0,0.0,0.0,-9.5,-10.31,0.0,0.0,0.0,-10000.0,0.0,180.0,None,0.0,2.0
2025-11-08T01:39:23.979996,23.219,20.01,565.38,20.27,3.23,3.23,3.23,3.27,0.0,0.0,0.0,0.0,-9.5,-10.31,0.0,0.0,0.0,-10000.0,0.0,180.0,None,0.0,2.0
2025-11-08T01:39:23.981705,23.221,20.06,565.38,20.27,3.24,3.23,3.24,3.26,0.0,0.0,0.0,0.0,-9.5,-10.31,0.0,0.0,0.0,-10000.0,0.0,180.0,None,0.0,2.0
2025-11-08T01:39:23.984403,23.223,20.06,565.38,20.27,3.24,3.23,3.24,3.26,0.0,0.0,0.0,0.0,-9.5,-10.31,0.0,0.0,0.0,-10000.0,0.0,180.0,None,0.0,2.0
2025-11-08T01:39:23.985155,23.224,20.06,565.38,20.27,3.24,3.23,3.24,3.26,0.0,0.0,0.0,0.0,-9.5,-10.31,0.0,0.0,0.0,-10000.0,0.0,180.0,None,0.0,2.0
2025-11-08T01:39:23.985823,23.225,20.06,565.38,20.27,3.24,3.23,3.24,3.26,0.0,0.0,0.0,0.0,-9.5,-10.31,0.0,0.0,0.0,-10000.0,0.0,180.0,None,0.0,2.0
2025-11-08T01:39:23.988872,23.228,19.99,577.97,20.27,3.24,3.23,3.23,3.29,0.0,0.0,0.0,0.0,-9.5,-10.31,0.0,0.0,0.0,-10000.0,0.0,180.0,None,0.0,2.0
2025-11-08T01:39:23.992971,23.232,19.99,577.97,20.27,3.24,3.23,3.23,3.29,0.0,0.0,0.0,0.0,-9.5,-10.31,0.0,0.0,0.0,-10000.0,0.0,180.0,None,0.0,2.0
2025-11-08T01:39:23.995496,23.235,19.99,577.97,20.27,3.24,3.23,3.23,3.29,0.0,0.0,0.0,0.0,-9.5,-10.31,0.0,0.0,0.0,-10000.0,0.0,180.0,None,0.0,319.0
2025-11-08T01:39:23.996166,23.235,19.99,577.97,20.27,3.24,3.23,3.23,3.29,0.0,0.0,0.0,0.0,-9.5,-10.31,0.0,0.0,0.0,-10000.0,0.0,180.0,None,0.0,319.0
2025-11-08T01:39:23.996725,23.236,19.99,577.97,20.27,3.24,3.23,3.23,3.29,0.0,0.0,0.0,0.0,-9.5,-10.31,0.0,0.0,0.0,-10000.0,0.0,180.0,None,0.0,319.0
2025-11-08T01:39:24.000500,23.240,20.01,508.41,20.27,3.24,3.24,3.23,3.27,0.0,0.0,0.0,0.0,-9.5,-10.31,0.0,0.0,0.0,-10000.0,0.0,180.0,None,0.0,319.0
2025-11-08T01:39:24.003417,23.242,20.01,508.41,20.27,3.24,3.24,3.23,3.27,0.0,0.0,0.0,0.0,-9.5,-10.31,0.0,0.0,0.0,-10000.0,0.0,180.0,None,0.0,319.0
2025-11-08T01:39:24.004175,23.243,20.01,508.41,20.27,3.24,3.24,3.23,3.27,0.0,0.0,0.0,0.0,-9.5,-10.31,0.0,0.0,0.0,-10000.0,0.0,180.0,None,0.0,319.0
2025-11-08T01:39:24.005716,23.245,19.97,571.46,20.27,3.24,3.23,3.23,3.27,0.0,0.0,0.0,0.0,-9.5,-10.31,0.0,0.0,0.0,-10000.0,0.0,180.0,None,0.0,319.0
2025-11-08T01:39:24.006232,23.245,19.97,571.46,20.27,3.24,3.23,3.23,3.27,0.0,0.0,0.0,0.0,-9.5,-10.31,0.0,0.0,0.0,-10000.0,0.0,180.0,None,0.0,319.0
2025-11-08T01:39:24.009734,23.249,19.97,571.46,20.27,3.24,3.23,3.23,3.27,0.0,0.0,0.0,0.0,-9.5,-10.31,0.0,0.0,0.0,-10000.0,0.0,180.0,None,0.0,319.0
2025-11-08T01:39:24.010696,23.250,19.97,571.46,20.27,3.24,3.23,3.23,3.27,0.0,0.0,0.0,0.0,-9.5,-10.31,0.0,0.0,0.0,-10000.0,0.0,180.0,None,0.0,319.0
2025-11-08T01:39:24.011790,23.251,19.97,571.46,20.27,3.24,3.23,3.23,3.27,0.0,0.0,0.0,0.0,-9.5,-10.31,0.0,0.0,0.0,-10000.0,0.0,180.0,None,0.0,319.0
2025-11-08T01:39:24.012561,23.252,19.95,565.38,20.25,3.24,3.23,3.23,3.26,0.0,0.0,0.0,0.0,-9.5,-10.31,0.0,0.0,0.0,-10000.0,0.0,180.0,None,0.0,319.0
2025-11-08T01:39:24.014661,23.254,19.95,565.38,20.25,3.24,3.23,3.23,3.26,0.0,0.0,0.0,0.0,-9.5,-10.31,0.0,0.0,0.0,-10000.0,0.0,180.0,None,0.0,319.0
2025-11-08T01:39:24.015425,23.254,19.95,565.38,20.25,3.24,3.23,3.23,3.26,0.0,0.0,0.0,0.0,-9.5,-10.31,0.0,0.0,0.0,-10000.0,0.0,180.0,None,0.0,319.0
2025-11-08T01:39:24.017583,23.257,19.95,565.38,20.25,3.24,3.23,3.23,3.26,0.0,0.0,0.0,0.0,-9.5,-10.31,0.0,0.0,0.0,-10000.0,0.0,180.0,None,0.0,319.0
2025-11-08T01:39:25.603769,24.843,19.95,565.38,20.25,3.24,3.23,3.23,3.26,0.0,0.0,0.0,0.0,-9.5,-10.31,0.0,0.0,0.0,-10000.0,0.0,180.0,None,0.0,319.0
2025-11-08T01:39:25.607807,24.847,20.01,575.21,20.21,3.24,3.23,3.22,3.27,0.0,0.0,0.0,0.0,-9.5,-10.31,0.0,0.0,0.0,-10000.0,0.0,180.0,None,0.0,319.0
2025-11-08T01:39:25.608763,24.848,20.01,575.21,20.21,3.24,3.23,3.22,3.27,0.0,0.0,0.0,0.0,-9.5,-10.31,0.0,0.0,0.0,-10000.0,0.0,180.0,None,0.0,319.0
2025-11-08T01:39:25.610111,24.849,20.01,575.21,20.21,3.24,3.23,3.22,3.27,0.0,0.0,0.0,0.0,-9.5,-10.31,0.0,0.0,0.0,-10000.0,0.0,180.0,None,0.0,319.0
2025-11-08T01:39:25.613748,24.853,20.01,565.38,20.23,3.25,3.22,3.23,3.27,0.0,0.0,0.0,0.0,-9.5,-10.31,0.0,0.0,0.0,-10000.0,0.0,180.0,None,0.0,319.0
2025-11-08T01:39:25.615477,24.855,20.01,565.38,20.23,3.25,3.22,3.23,3.27,0.0,0.0,0.0,0.0,-9.5,-10.31,0.0,0.0,0.0,-10000.0,0.0,180.0,None,0.0,319.0
2025-11-08T01:39:25.617647,24.857,20.01,565.38,20.23,3.25,3.22,3.23,3.27,0.0,0.0,0.0,0.0,-9.5,-10.31,0.0,0.0,0.0,-10000.0,0.0,180.0,None,0.0,2.0
2025-11-08T01:39:25.618700,24.858,20.01,565.38,20.23,3.25,3.22,3.23,3.27,0.0,0.0,0.0,0.0,-9.5,-10.31,0.0,0.0,0.0,-10000.0,0.0,180.0,None,0.0,2.0
2025-11-08T01:39:25.619415,24.858,20.01,565.38,20.23,3.25,3.22,3.23,3.27,0.0,0.0,0.0,0.0,-9.5,-10.31,0.0,0.0,0.0,-10000.0,0.0,180.0,None,0.0,2.0
2025-11-08T01:39:25.621445,24.861,20.01,508.41,20.25,3.28,3.19,3.21,3.29,0.0,0.0,0.0,0.0,-9.5,-10.31,0.0,0.0,0.0,-10000.0,0.0,180.0,None,0.0,2.0
2025-11-08T01:39:25.622204,24.861,20.01,508.41,20.25,3.28,3.19,3.21,3.29,0.0,0.0,0.0,0.0,-9.5,-10.31,0.0,0.0,0.0,-10000.0,0.0,180.0,None,0.0,2.0
2025-11-08T01:39:25.623469,24.863,20.01,508.41,20.25,3.28,3.19,3.21,3.29,0.0,0.0,0.0,0.0,-9.5,-10.31,0.0,0.0,0.0,-10000.0,0.0,180.0,None,0.0,2.0
2025-11-08T01:39:25.624045,24.863,20.01,508.41,20.25,3.28,3.19,3.21,3.29,0.0,0.0,0.0,0.0,-9.5,-10.31,0.0,0.0,0.0,-10000.0,0.0,180.0,None,0.0,2.0
2025-11-08T01:39:25.624637,24.864,20.01,508.41,20.25,3.28,3.19,3.21,3.29,0.0,0.0,0.0,0.0,-9.5,-10.31,0.0,0.0,0.0,-10000.0,0.0,180.0,None,0.0,2.0
2025-11-08T01:39:25.626191,24.865,20.03,565.38,20.23,3.21,3.26,3.23,3.27,0.0,0.0,0.0,0.0,-9.5,-10.31,0.0,0.0,0.0,-10000.0,0.0,180.0,None,0.0,2.0
2025-11-08T01:39:25.630078,24.869,20.03,565.38,20.23,3.21,3.26,3.23,3.27,0.0,0.0,0.0,0.0,-9.5,-10.31,0.0,0.0,0.0,-10000.0,0.0,180.0,None,0.0,2.0
2025-11-08T01:39:25.630843,24.870,20.03,565.38,20.23,3.21,3.26,3.23,3.27,0.0,0.0,0.0,0.0,-9.5,-10.31,0.0,0.0,0.0,-10000.0,0.0,180.0,None,0.0,2.0
2025-11-08T01:39:25.631572,24.871,20.03,571.46,20.25,3.24,3.23,3.23,3.31,0.0,0.0,0.0,0.0,-9.5,-10.31,0.0,0.0,0.0,-10000.0,0.0,180.0,None,0.0,2.0
2025-11-08T01:39:25.632253,24.871,20.03,571.46,20.25,3.24,3.23,3.23,3.31,0.0,0.0,0.0,0.0,-9.5,-10.31,0.0,0.0,0.0,-10000.0,0.0,180.0,None,0.0,2.0
2025-11-08T01:39:25.634628,24.874,20.03,571.46,20.25,3.24,3.23,3.23,3.31,0.0,0.0,0.0,0.0,-9.5,-10.31,0.0,0.0,0.0,-10000.0,0.0,180.0,None,0.0,2.0
2025-11-08T01:39:25.635330,24.874,20.03,571.46,20.25,3.24,3.23,3.23,3.31,0.0,0.0,0.0,0.0,-9.5,-10.31,0.0,0.0,0.0,-10000.0,0.0,180.0,None,0.0,319.0
2025-11-08T01:39:25.635975,24.875,20.03,571.46,20.25,3.24,3.23,3.23,3.31,0.0,0.0,0.0,0.0,-9.5,-10.31,0.0,0.0,0.0,-10000.0,0.0,180.0,None,0.0,319.0
2025-11-08T01:39:25.637603,24.877,20.03,565.38,20.27,3.24,3.23,3.23,3.27,0.0,0.0,0.0,0.0,-9.5,-10.31,0.0,0.0,0.0,-10000.0,0.0,180.0,None,0.0,319.0
2025-11-08T01:39:25.638563,24.878,20.03,565.38,20.27,3.24,3.23,3.23,3.27,0.0,0.0,0.0,0.0,-9.5,-10.31,0.0,0.0,0.0,-10000.0,0.0,180.0,None,0.0,319.0
2025-11-08T01:39:25.662222,24.901,20.03,565.38,20.27,3.24,3.23,3.23,3.27,0.0,0.0,0.0,0.0,-9.5,-10.31,0.0,0.0,0.0,-10000.0,0.0,180.0,None,0.0,319.0
2025-11-08T01:39:25.667698,24.907,20.03,565.38,20.27,3.24,3.23,3.23,3.27,0.0,0.0,0.0,0.0,-9.5,-10.31,0.0,0.0,0.0,-10000.0,0.0,180.0,None,0.0,319.0
2025-11-08T01:39:25.670827,24.910,19.88,575.21,20.25,3.24,3.24,3.23,3.26,0.0,0.0,0.0,0.0,-9.5,-10.31,0.0,0.0,0.0,-10000.0,0.0,180.0,None,0.0,319.0
2025-11-08T01:39:25.675120,24.914,19.88,575.21,20.25,3.24,3.24,3.23,3.26,0.0,0.0,0.0,0.0,-9.5,-10.31,0.0,0.0,0.0,-10000.0,0.0,180.0,None,0.0,2.0
2025-11-08T01:39:25.679876,24.919,19.88,575.21,20.25,3.24,3.24,3.23,3.26,0.0,0.0,0.0,0.0,-9.5,-10.31,0.0,0.0,0.0,-10000.0,0.0,180.0,None,0.0,2.0
2025-11-08T01:39:25.681202,24.920,19.88,575.21,20.25,3.24,3.24,3.23,3.26,0.0,0.0,0.0,0.0,-9.5,-10.31,0.0,0.0,0.0,-10000.0,0.0,180.0,None,0.0,2.0
2025-11-08T01:39:25.684865,24.924,20.03,565.38,20.25,3.24,3.24,3.22,3.26,0.0,0.0,0.0,0.0,-9.5,-10.31,0.0,0.0,0.0,-10000.0,0.0,180.0,None,0.0,2.0
2025-11-08T01:39:25.689837,24.929,20.03,565.38,20.25,3.24,3.24,3.22,3.26,0.0,0.0,0.0,0.0,-9.5,-10.31,0.0,0.0,0.0,-10000.0,0.0,180.0,None,0.0,2.0
2025-11-08T01:39:25.694693,24.934,20.03,565.38,20.25,3.24,3.24,3.22,3.26,0.0,0.0,0.0,0.0,-9.5,-10.31,0.0,0.0,0.0,-10000.0,0.0,180.0,None,0.0,2.0
2025-11-08T01:39:25.698273,24.937,20.03,565.38,20.25,3.24,3.24,3.22,3.26,0.0,0.0,0.0,0.0,-9.5,-10.31,0.0,0.0,0.0,-10000.0,0.0,180.0,None,0.0,2.0
2025-11-08T01:39:25.702848,24.942,20.03,565.38,20.25,3.24,3.24,3.22,3.26,0.0,0.0,0.0,0.0,-9.5,-10.31,0.0,0.0,0.0,-10000.0,0.0,180.0,None,0.0,2.0
2025-11-08T01:39:25.706430,24.946,20.03,565.38,20.29,3.24,3.23,3.23,3.26,0.0,0.0,0.0,0.0,-9.5,-10.31,0.0,0.0,0.0,-10000.0,0.0,180.0,None,0.0,2.0
2025-11-08T01:39:25.710900,24.950,20.03,565.38,20.29,3.24,3.23,3.23,3.26,0.0,0.0,0.0,0.0,-9.5,-10.31,0.0,0.0,0.0,-10000.0,0.0,180.0,None,0.0,2.0
2025-11-08T01:39:25.714654,24.954,20.03,565.38,20.29,3.24,3.23,3.23,3.26,0.0,0.0,0.0,0.0,-9.5,-10.31,0.0,0.0,0.0,-10000.0,0.0,180.0,None,0.0,2.0
2025-11-08T01:39:25.717476,24.957,20.03,565.38,20.29,3.24,3.23,3.23,3.26,0.0,0.0,0.0,0.0,-9.5,-10.31,0.0,0.0,0.0,-10000.0,0.0,180.0,None,0.0,2.0
2025-11-08T01:39:25.720947,24.960,20.01,575.21,20.25,3.24,3.23,3.24,3.26,0.0,0.0,0.0,0.0,-9.5,-10.31,0.0,0.0,0.0,-10000.0,0.0,180.0,None,0.0,2.0
2025-11-08T01:39:25.725656,24.965,20.01,575.21,20.25,3.24,3.23,3.24,3.26,0.0,0.0,0.0,0.0,-9.5,-10.31,0.0,0.0,0.0,-10000.0,0.0,180.0,None,0.0,2.0
2025-11-08T01:39:25.729570,24.969,20.01,575.21,20.25,3.24,3.23,3.24,3.26,0.0,0.0,0.0,0.0,-9.5,-10.31,0.0,0.0,0.0,-10000.0,0.0,180.0,None,0.0,319.0
2025-11-08T01:39:25.735392,24.974,20.01,575.21,20.25,3.24,3.23,3.24,3.26,0.0,0.0,0.0,0.0,-9.5,-10.31,0.0,0.0,0.0,-10000.0,0.0,180.0,None,0.0,319.0
2025-11-08T01:39:25.738117,24.977,20.01,575.21,20.25,3.24,3.23,3.24,3.26,0.0,0.0,0.0,0.0,-9.5,-10.31,0.0,0.0,0.0,-10000.0,0.0,180.0,None,0.0,319.0
2025-11-08T01:39:25.742976,24.982,20.06,565.38,20.23,3.25,3.23,3.23,3.27,0.0,0.0,0.0,0.0,-9.5,-10.31,0.0,0.0,0.0,-10000.0,0.0,180.0,None,0.0,319.0
2025-11-08T01:39:25.746744,24.986,20.06,565.38,20.23,3.25,3.23,3.23,3.27,0.0,0.0,0.0,0.0,-9.5,-10.31,0.0,0.0,0.0,-10000.0,0.0,180.0,None,0.0,319.0
2025-11-08T01:39:26.625962,25.865,20.06,565.38,20.23,3.25,3.23,3.23,3.27,0.0,0.0,0.0,0.0,-9.5,-10.31,0.0,0.0,0.0,-10000.0,0.0,180.0,None,0.0,319.0
2025-11-08T01:39:26.629090,25.868,20.06,565.38,20.23,3.25,3.23,3.23,3.27,0.0,0.0,0.0,0.0,-9.5,-10.31,0.0,0.0,0.0,-10000.0,0.0,180.0,None,0.0,319.0
2025-11-08T01:39:26.629778,25.869,20.03,571.46,20.23,3.24,3.22,3.24,3.27,0.0,0.0,0.0,0.0,-9.5,-10.31,0.0,0.0,0.0,-10000.0,0.0,180.0,None,0.0,319.0
2025-11-08T01:39:26.630362,25.869,20.03,571.46,20.23,3.24,3.22,3.24,3.27,0.0,0.0,0.0,0.0,-9.5,-10.31,0.0,0.0,0.0,-10000.0,0.0,180.0,None,0.0,319.0
2025-11-08T01:39:26.637655,25.877,20.03,571.46,20.23,3.24,3.22,3.24,3.27,0.0,0.0,0.0,0.0,-9.5,-10.31,0.0,0.0,0.0,-10000.0,0.0,180.0,None,0.0,319.0
2025-11-08T01:39:26.638518,25.878,20.03,571.46,20.23,3.24,3.22,3.24,3.27,0.0,0.0,0.0,0.0,-9.5,-10.31,0.0,0.0,0.0,-10000.0,0.0,180.0,None,0.0,319.0
2025-11-08T01:39:26.639240,25.878,20.03,508.41,20.27,3.24,3.23,3.23,3.26,0.0,0.0,0.0,0.0,-9.5,-10.31,0.0,0.0,0.0,-10000.0,0.0,180.0,None,0.0,319.0
2025-11-08T01:39:26.639857,25.879,20.03,508.41,20.27,3.24,3.23,3.23,3.26,0.0,0.0,0.0,0.0,-9.5,-10.31,0.0,0.0,0.0,-10000.0,0.0,180.0,None,0.0,319.0
2025-11-08T01:39:26.641853,25.881,20.03,508.41,20.27,3.24,3.23,3.23,3.26,0.0,0.0,0.0,0.0,-9.5,-10.31,0.0,0.0,0.0,-10000.0,0.0,180.0,None,0.0,2.0
2025-11-08T01:39:26.657625,25.897,20.03,508.41,20.27,3.24,3.23,3.23,3.26,0.0,0.0,0.0,0.0,-9.5,-10.31,0.0,0.0,0.0,-10000.0,0.0,180.0,None,0.0,2.0
2025-11-08T01:39:26.659485,25.899,20.01,508.41,20.29,3.24,3.23,3.23,3.27,0.0,0.0,0.0,0.0,-9.5,-10.31,0.0,0.0,0.0,-10000.0,0.0,180.0,None,0.0,2.0
2025-11-08T01:39:26.660218,25.899,20.01,508.41,20.29,3.24,3.23,3.23,3.27,0.0,0.0,0.0,0.0,-9.5,-10.31,0.0,0.0,0.0,-10000.0,0.0,180.0,None,0.0,2.0
2025-11-08T01:39:26.664540,25.904,20.01,508.41,20.29,3.24,3.23,3.23,3.27,0.0,0.0,0.0,0.0,-9.5,-10.31,0.0,0.0,0.0,-10000.0,0.0,180.0,None,0.0,2.0
2025-11-08T01:39:26.665187,25.904,20.01,508.41,20.29,3.24,3.23,3.23,3.27,0.0,0.0,0.0,0.0,-9.5,-10.31,0.0,0.0,0.0,-10000.0,0.0,180.0,None,0.0,2.0
2025-11-08T01:39:26.668295,25.907,20.03,565.38,20.27,3.24,3.23,3.23,3.26,0.0,0.0,0.0,0.0,-9.5,-10.31,0.0,0.0,0.0,-10000.0,0.0,180.0,None,0.0,2.0
2025-11-08T01:39:26.671087,25.910,20.03,565.38,20.27,3.24,3.23,3.23,3.26,0.0,0.0,0.0,0.0,-9.5,-10.31,0.0,0.0,0.0,-10000.0,0.0,180.0,None,0.0,2.0
2025-11-08T01:39:26.671728,25.911,20.03,565.38,20.27,3.24,3.23,3.23,3.26,0.0,0.0,0.0,0.0,-9.5,-10.31,0.0,0.0,0.0,-10000.0,0.0,180.0,None,0.0,2.0
2025-11-08T01:39:26.672307,25.911,20.03,565.38,20.27,3.24,3.23,3.23,3.26,0.0,0.0,0.0,0.0,-9.5,-10.31,0.0,0.0,0.0,-10000.0,0.0,180.0,None,0.0,2.0
2025-11-08T01:39:26.687123,25.926,20.03,565.38,20.27,3.24,3.23,3.23,3.26,0.0,0.0,0.0,0.0,-9.5,-10.31,0.0,0.0,0.0,-10000.0,0.0,180.0,None,0.0,2.0
2025-11-08T01:39:26.688047,25.927,20.01,571.46,20.25,3.23,3.24,3.23,3.27,0.0,0.0,0.0,0.0,-9.5,-10.31,0.0,0.0,0.0,-10000.0,0.0,180.0,None,0.0,2.0
2025-11-08T01:39:26.688750,25.928,20.01,571.46,20.25,3.23,3.24,3.23,3.27,0.0,0.0,0.0,0.0,-9.5,-10.31,0.0,0.0,0.0,-10000.0,0.0,180.0,None,0.0,2.0
2025-11-08T01:39:26.690586,25.930,20.01,571.46,20.25,3.23,3.24,3.23,3.27,0.0,0.0,0.0,0.0,-9.5,-10.31,0.0,0.0,0.0,-10000.0,0.0,180.0,None,0.0,2.0
2025-11-08T01:39:26.692252,25.931,20.01,571.46,20.25,3.23,3.24,3.23,3.27,0.0,0.0,0.0,0.0,-9.5,-10.31,0.0,0.0,0.0,-10000.0,0.0,180.0,None,0.0,2.0
2025-11-08T01:39:26.695662,25.935,20.01,571.46,20.25,3.23,3.24,3.23,3.27,0.0,0.0,0.0,0.0,-9.5,-10.31,0.0,0.0,0.0,-10000.0,0.0,180.0,None,0.0,2.0
2025-11-08T01:39:26.697249,25.936,20.06,508.41,20.27,3.24,3.23,3.23,3.27,0.0,0.0,0.0,0.0,-9.5,-10.31,0.0,0.0,0.0,-10000.0,0.0,180.0,None,0.0,2.0
2025-11-08T01:39:28.100205,27.339,20.06,508.41,20.27,3.24,3.23,3.23,3.27,0.0,0.0,0.0,0.0,-9.5,-10.31,0.0,0.0,0.0,-10000.0,0.0,180.0,None,0.0,2.0
2025-11-08T01:39:28.103936,27.343,20.06,508.41,20.27,3.24,3.23,3.23,3.27,0.0,0.0,0.0,0.0,-9.5,-10.31,0.0,0.0,0.0,-10000.0,0.0,180.0,None,0.0,2.0
2025-11-08T01:39:28.104876,27.344,20.03,593.77,20.25,3.24,3.23,3.23,3.26,0.0,0.0,0.0,0.0,-9.5,-10.31,0.0,0.0,0.0,-10000.0,0.0,180.0,None,0.0,2.0
2025-11-08T01:39:28.105826,27.345,20.03,593.77,20.25,3.24,3.23,3.23,3.26,0.0,0.0,0.0,0.0,-9.5,-10.31,0.0,0.0,0.0,-10000.0,0.0,180.0,None,0.0,2.0
2025-11-08T01:39:28.113526,27.353,20.03,593.77,20.25,3.24,3.23,3.23,3.26,0.0,0.0,0.0,0.0,-9.5,-10.31,0.0,0.0,0.0,-10000.0,0.0,180.0,None,0.0,2.0
2025-11-08T01:39:28.114829,27.354,20.03,593.77,20.25,3.24,3.23,3.23,3.26,0.0,0.0,0.0,0.0,-9.5,-10.31,0.0,0.0,0.0,-10000.0,0.0,180.0,None,0.0,2.0
2025-11-08T01:39:28.119552,27.359,20.03,593.77,20.25,3.24,3.23,3.23,3.26,0.0,0.0,0.0,0.0,-9.5,-10.31,0.0,0.0,0.0,-10000.0,0.0,180.0,None,0.0,2.0
2025-11-08T01:39:28.124092,27.363,20.01,581.99,20.27,3.23,3.25,3.23,3.27,0.0,0.0,0.0,0.0,-9.5,-10.31,0.0,0.0,0.0,-10000.0,0.0,180.0,None,0.0,2.0
2025-11-08T01:39:28.128654,27.368,20.01,581.99,20.27,3.23,3.25,3.23,3.27,0.0,0.0,0.0,0.0,-9.5,-10.31,0.0,0.0,0.0,-10000.0,0.0,180.0,None,0.0,2.0
2025-11-08T01:39:28.133727,27.373,20.01,581.99,20.27,3.23,3.25,3.23,3.27,0.0,0.0,0.0,0.0,-9.5,-10.31,0.0,0.0,0.0,-10000.0,0.0,180.0,None,0.0,2.0
2025-11-08T01:39:28.134733,27.374,20.01,581.99,20.27,3.23,3.25,3.23,3.27,0.0,0.0,0.0,0.0,-9.5,-10.31,0.0,0.0,0.0,-10000.0,0.0,180.0,None,0.0,319.0
2025-11-08T01:39:28.138414,27.378,20.12,571.46,20.23,3.25,3.22,3.23,3.26,0.0,0.0,0.0,0.0,-9.5,-10.31,0.0,0.0,0.0,-10000.0,0.0,180.0,None,0.0,319.0
2025-11-08T01:39:28.145309,27.384,20.12,571.46,20.23,3.25,3.22,3.23,3.26,0.0,0.0,0.0,0.0,-9.5,-10.31,0.0,0.0,0.0,-10000.0,0.0,180.0,None,0.0,319.0
2025-11-08T01:39:28.153733,27.393,20.12,571.46,20.23,3.25,3.22,3.23,3.26,0.0,0.0,0.0,0.0,-9.5,-10.31,0.0,0.0,0.0,-10000.0,0.0,180.0,None,0.0,319.0
2025-11-08T01:39:28.156096,27.395,20.12,571.46,20.23,3.25,3.22,3.23,3.26,0.0,0.0,0.0,0.0,-9.5,-10.31,0.0,0.0,0.0,-10000.0,0.0,180.0,None,0.0,319.0
2025-11-08T01:39:28.163589,27.403,19.99,565.38,20.25,3.24,3.23,3.23,3.25,0.0,0.0,0.0,0.0,-9.5,-10.31,0.0,0.0,0.0,-10000.0,0.0,180.0,None,0.0,319.0
2025-11-08T01:39:28.228144,27.467,19.99,565.38,20.25,3.24,3.23,3.23,3.25,0.0,0.0,0.0,0.0,-9.5,-10.31,0.0,0.0,0.0,-10000.0,0.0,180.0,None,0.0,319.0
2025-11-08T01:39:28.241228,27.480,19.99,565.38,20.25,3.24,3.23,3.23,3.25,0.0,0.0,0.0,0.0,-9.5,-10.31,0.0,0.0,0.0,-10000.0,0.0,180.0,None,0.0,319.0
2025-11-08T01:39:28.242063,27.481,19.99,565.38,20.25,3.24,3.23,3.23,3.25,0.0,0.0,0.0,0.0,-9.5,-10.31,0.0,0.0,0.0,-10000.0,0.0,180.0,None,0.0,319.0
2025-11-08T01:39:28.242742,27.482,19.99,565.38,20.25,3.24,3.23,3.23,3.25,0.0,0.0,0.0,0.0,-9.5,-10.31,0.0,0.0,0.0,-10000.0,0.0,180.0,None,0.0,319.0
2025-11-08T01:39:28.251533,27.491,20.03,571.46,20.31,3.25,3.23,3.22,3.27,0.0,0.0,0.0,0.0,-9.5,-10.31,0.0,0.0,0.0,-10000.0,0.0,180.0,None,0.0,319.0
2025-11-08T01:39:28.252448,27.492,20.03,571.46,20.31,3.25,3.23,3.22,3.27,0.0,0.0,0.0,0.0,-9.5,-10.31,0.0,0.0,0.0,-10000.0,0.0,180.0,None,0.0,319.0
2025-11-08T01:39:28.253119,27.492,20.03,571.46,20.31,3.25,3.23,3.22,3.27,0.0,0.0,0.0,0.0,-9.5,-10.31,0.0,0.0,0.0,-10000.0,0.0,180.0,None,0.0,319.0
2025-11-08T01:39:28.253746,27.493,20.03,571.46,20.31,3.25,3.23,3.22,3.27,0.0,0.0,0.0,0.0,-9.5,-10.31,0.0,0.0,0.0,-10000.0,0.0,180.0,None,0.0,319.0
2025-11-08T01:39:28.264935,27.504,20.01,571.46,19.91,3.24,3.23,3.23,3.27,0.0,0.0,0.0,0.0,-9.5,-10.31,0.0,0.0,0.0,-10000.0,0.0,180.0,None,0.0,319.0
2025-11-08T01:39:28.275793,27.515,20.01,571.46,19.91,3.24,3.23,3.23,3.27,0.0,0.0,0.0,0.0,-9.5,-10.31,0.0,0.0,0.0,-10000.0,0.0,180.0,None,0.0,319.0
2025-11-08T01:39:28.276711,27.516,20.01,571.46,19.91,3.24,3.23,3.23,3.27,0.0,0.0,0.0,0.0,-9.5,-10.31,0.0,0.0,0.0,-10000.0,0.0,180.0,None,0.0,319.0
2025-11-08T01:39:28.277381,27.516,20.01,571.46,19.91,3.24,3.23,3.23,3.27,0.0,0.0,0.0,0.0,-9.5,-10.31,0.0,0.0,0.0,-10000.0,0.0,180.0,None,0.0,319.0
2025-11-08T01:39:28.277995,27.517,20.01,571.46,19.91,3.24,3.23,3.23,3.27,0.0,0.0,0.0,0.0,-9.5,-10.31,0.0,0.0,0.0,-10000.0,0.0,180.0,None,0.0,319.0
2025-11-08T01:39:28.346995,27.586,19.99,577.97,20.25,3.24,3.23,3.23,3.26,0.0,0.0,0.0,0.0,-9.5,-10.31,0.0,0.0,0.0,-10000.0,0.0,180.0,None,0.0,319.0
2025-11-08T01:39:28.347943,27.587,19.99,577.97,20.25,3.24,3.23,3.23,3.26,0.0,0.0,0.0,0.0,-9.5,-10.31,0.0,0.0,0.0,-10000.0,0.0,180.0,None,0.0,319.0
2025-11-08T01:39:28.348552,27.588,19.99,577.97,20.25,3.24,3.23,3.23,3.26,0.0,0.0,0.0,0.0,-9.5,-10.31,0.0,0.0,0.0,-10000.0,0.0,180.0,None,0.0,319.0
2025-11-08T01:39:28.349275,27.588,19.99,577.97,20.25,3.24,3.23,3.23,3.26,0.0,0.0,0.0,0.0,-9.5,-10.31,0.0,0.0,0.0,-10000.0,0.0,180.0,None,0.0,319.0
2025-11-08T01:39:28.363265,27.602,19.99,583.56,20.25,3.24,3.23,3.23,3.25,0.0,0.0,0.0,0.0,-9.5,-10.31,0.0,0.0,0.0,-10000.0,0.0,180.0,None,0.0,319.0
2025-11-08T01:39:28.375047,27.614,19.99,583.56,20.25,3.24,3.23,3.23,3.25,0.0,0.0,0.0,0.0,-9.5,-10.31,0.0,0.0,0.0,-10000.0,0.0,180.0,None,0.0,319.0
2025-11-08T01:39:28.381040,27.620,19.99,583.56,20.25,3.24,3.23,3.23,3.25,0.0,0.0,0.0,0.0,-9.5,-10.31,0.0,0.0,0.0,-10000.0,0.0,180.0,None,0.0,319.0
2025-11-08T01:39:28.386201,27.625,19.99,583.56,20.25,3.24,3.23,3.23,3.25,0.0,0.0,0.0,0.0,-9.5,-10.31,0.0,0.0,0.0,-10000.0,0.0,180.0,None,0.0,319.0
2025-11-08T01:39:28.387137,27.626,20.03,575.21,20.27,3.33,3.16,3.22,3.25,0.0,0.0,0.0,0.0,-9.5,-10.31,0.0,0.0,0.0,-10000.0,0.0,180.0,None,0.0,319.0
2025-11-08T01:39:28.390701,27.630,20.03,575.21,20.27,3.33,3.16,3.22,3.25,0.0,0.0,0.0,0.0,-9.5,-10.31,0.0,0.0,0.0,-10000.0,0.0,180.0,None,0.0,319.0
2025-11-08T01:39:28.393313,27.632,20.03,575.21,20.27,3.33,3.16,3.22,3.25,0.0,0.0,0.0,0.0,-9.5,-10.31,0.0,0.0,0.0,-10000.0,0.0,180.0,None,0.0,319.0
2025-11-08T01:39:28.401608,27.641,20.03,575.21,20.27,3.33,3.16,3.22,3.25,0.0,0.0,0.0,0.0,-9.5,-10.31,0.0,0.0,0.0,-10000.0,0.0,180.0,None,0.0,319.0
2025-11-08T01:39:28.402557,27.642,19.99,571.46,20.25,3.24,3.23,3.23,3.25,0.0,0.0,0.0,0.0,-9.5,-10.31,0.0,0.0,0.0,-10000.0,0.0,180.0,None,0.0,319.0
2025-11-08T01:39:28.407625,27.647,19.99,571.46,20.25,3.24,3.23,3.23,3.25,0.0,0.0,0.0,0.0,-9.5,-10.31,0.0,0.0,0.0,-10000.0,0.0,180.0,None,0.0,319.0
2025-11-08T01:39:28.408325,27.647,19.99,571.46,20.25,3.24,3.23,3.23,3.25,0.0,0.0,0.0,0.0,-9.5,-10.31,0.0,0.0,0.0,-10000.0,0.0,180.0,None,0.0,319.0
2025-11-08T01:39:29.766633,29.006,19.99,571.46,20.25,3.24,3.23,3.23,3.25,0.0,0.0,0.0,0.0,-9.5,-10.31,0.0,0.0,0.0,-10000.0,0.0,180.0,None,0.0,319.0
2025-11-08T01:39:29.768599,29.008,19.99,571.46,20.25,3.24,3.23,3.23,3.25,0.0,0.0,0.0,0.0,-9.5,-10.31,0.0,0.0,0.0,-10000.0,0.0,180.0,None,0.0,139.0
2025-11-08T01:39:29.770952,29.010,20.06,565.38,20.29,3.24,3.23,3.24,3.26,0.0,0.0,0.0,0.0,-9.5,-10.31,0.0,0.0,0.0,-10000.0,0.0,180.0,None,0.0,139.0
2025-11-08T01:39:29.774179,29.013,20.06,565.38,20.29,3.24,3.23,3.24,3.26,0.0,0.0,0.0,0.0,-9.5,-10.31,0.0,0.0,0.0,-10000.0,0.0,180.0,None,0.0,139.0
2025-11-08T01:39:29.776400,29.015,20.06,565.38,20.29,3.24,3.23,3.24,3.26,0.0,0.0,0.0,0.0,-9.5,-10.31,0.0,0.0,0.0,-10000.0,0.0,180.0,None,0.0,139.0
2025-11-08T01:39:29.780542,29.020,20.06,565.38,20.29,3.24,3.23,3.24,3.26,0.0,0.0,0.0,0.0,-9.5,-10.31,0.0,0.0,0.0,-10000.0,0.0,180.0,None,0.0,139.0
2025-11-08T01:39:29.783946,29.023,20.01,571.46,20.29,3.24,3.23,3.23,3.27,0.0,0.0,0.0,0.0,-9.5,-10.31,0.0,0.0,0.0,-10000.0,0.0,180.0,None,0.0,139.0
2025-11-08T01:39:29.789101,29.028,20.01,571.46,20.29,3.24,3.23,3.23,3.27,0.0,0.0,0.0,0.0,-9.5,-10.31,0.0,0.0,0.0,-10000.0,0.0,180.0,None,0.0,139.0
2025-11-08T01:39:29.792099,29.031,20.01,571.46,20.29,3.24,3.23,3.23,3.27,0.0,0.0,0.0,0.0,-9.5,-10.31,0.0,0.0,0.0,-10000.0,0.0,180.0,None,0.0,139.0
2025-11-08T01:39:29.794652,29.034,20.01,571.46,20.29,3.24,3.23,3.23,3.27,0.0,0.0,0.0,0.0,-9.5,-10.31,0.0,0.0,0.0,-10000.0,0.0,180.0,None,0.0,139.0
2025-11-08T01:39:29.797996,29.037,20.03,575.21,20.27,3.24,3.24,3.23,3.26,0.0,0.0,0.0,0.0,-9.5,-10.31,0.0,0.0,0.0,-10000.0,0.0,180.0,None,0.0,139.0
2025-11-08T01:39:29.802107,29.041,20.03,575.21,20.27,3.24,3.24,3.23,3.26,0.0,0.0,0.0,0.0,-9.5,-10.31,0.0,0.0,0.0,-10000.0,0.0,180.0,None,0.0,139.0
2025-11-08T01:39:29.806369,29.045,20.03,575.21,20.27,3.24,3.24,3.23,3.26,0.0,0.0,0.0,0.0,-9.5,-10.31,0.0,0.0,0.0,-10000.0,0.0,180.0,None,0.0,139.0
2025-11-08T01:39:29.809438,29.049,20.03,575.21,20.27,3.24,3.24,3.23,3.26,0.0,0.0,0.0,0.0,-9.5,-10.31,0.0,0.0,0.0,-10000.0,0.0,180.0,None,0.0,139.0
2025-11-08T01:39:29.811808,29.051,19.91,508.41,20.27,3.25,3.23,3.23,3.27,0.0,0.0,0.0,0.0,-9.5,-10.31,0.0,0.0,0.0,-10000.0,0.0,180.0,None,0.0,139.0
2025-11-08T01:39:29.814996,29.054,19.91,508.41,20.27,3.25,3.23,3.23,3.27,0.0,0.0,0.0,0.0,-9.5,-10.31,0.0,0.0,0.0,-10000.0,0.0,180.0,None,0.0,47.0
2025-11-08T01:39:29.818803,29.058,19.91,508.41,20.27,3.25,3.23,3.23,3.27,0.0,0.0,0.0,0.0,-9.5,-10.31,0.0,0.0,0.0,-10000.0,0.0,180.0,None,0.0,47.0
2025-11-08T01:39:29.821025,29.060,19.91,508.41,20.27,3.25,3.23,3.23,3.27,0.0,0.0,0.0,0.0,-9.5,-10.31,0.0,0.0,0.0,-10000.0,0.0,180.0,None,0.0,47.0
2025-11-08T01:39:29.823814,29.063,19.91,508.41,20.27,3.25,3.23,3.23,3.27,0.0,0.0,0.0,0.0,-9.5,-10.31,0.0,0.0,0.0,-10000.0,0.0,180.0,None,0.0,47.0
2025-11-08T01:39:29.827348,29.066,20.01,565.38,20.27,3.23,3.24,3.23,3.27,0.0,0.0,0.0,0.0,-9.5,-10.31,0.0,0.0,0.0,-10000.0,0.0,180.0,None,0.0,47.0
2025-11-08T01:39:29.830920,29.070,20.01,565.38,20.27,3.23,3.24,3.23,3.27,0.0,0.0,0.0,0.0,-9.5,-10.31,0.0,0.0,0.0,-10000.0,0.0,180.0,None,0.0,47.0
2025-11-08T01:39:29.834385,29.073,20.01,565.38,20.27,3.23,3.24,3.23,3.27,0.0,0.0,0.0,0.0,-9.5,-10.31,0.0,0.0,0.0,-10000.0,0.0,180.0,None,0.0,47.0
2025-11-08T01:39:29.837714,29.077,20.01,565.38,20.27,3.23,3.24,3.23,3.27,0.0,0.0,0.0,0.0,-9.5,-10.31,0.0,0.0,0.0,-10000.0,0.0,180.0,None,0.0,47.0
2025-11-08T01:39:29.840490,29.080,20.01,575.21,20.27,3.23,3.23,3.23,3.26,0.0,0.0,0.0,0.0,-9.5,-10.31,0.0,0.0,0.0,-10000.0,0.0,180.0,None,0.0,47.0
2025-11-08T01:39:29.842973,29.082,20.01,575.21,20.27,3.23,3.23,3.23,3.26,0.0,0.0,0.0,0.0,-9.5,-10.31,0.0,0.0,0.0,-10000.0,0.0,180.0,None,0.0,47.0
2025-11-08T01:39:29.845235,29.084,20.01,575.21,20.27,3.23,3.23,3.23,3.26,0.0,0.0,0.0,0.0,-9.5,-10.31,0.0,0.0,0.0,-10000.0,0.0,180.0,None,0.0,47.0
2025-11-08T01:39:29.848124,29.087,20.01,575.21,20.27,3.23,3.23,3.23,3.26,0.0,0.0,0.0,0.0,-9.5,-10.31,0.0,0.0,0.0,-10000.0,0.0,180.0,None,0.0,47.0
2025-11-08T01:39:29.851499,29.091,20.06,575.21,20.27,3.24,3.23,3.23,3.27,0.0,0.0,0.0,0.0,-9.5,-10.31,0.0,0.0,0.0,-10000.0,0.0,180.0,None,0.0,47.0
2025-11-08T01:39:29.854502,29.094,20.06,575.21,20.27,3.24,3.23,3.23,3.27,0.0,0.0,0.0,0.0,-9.5,-10.31,0.0,0.0,0.0,-10000.0,0.0,180.0,None,0.0,47.0
2025-11-08T01:39:29.857981,29.097,20.06,575.21,20.27,3.24,3.23,3.23,3.27,0.0,0.0,0.0,0.0,-9.5,-10.31,0.0,0.0,0.0,-10000.0,0.0,180.0,None,0.0,319.0
2025-11-08T01:39:29.861257,29.100,20.06,575.21,20.27,3.24,3.23,3.23,3.27,0.0,0.0,0.0,0.0,-9.5,-10.31,0.0,0.0,0.0,-10000.0,0.0,180.0,None,0.0,319.0
2025-11-08T01:39:29.864628,29.104,20.06,575.21,20.27,3.24,3.23,3.23,3.27,0.0,0.0,0.0,0.0,-9.5,-10.31,0.0,0.0,0.0,-10000.0,0.0,180.0,None,0.0,319.0
2025-11-08T01:39:29.869829,29.109,20.03,571.46,20.25,3.24,3.23,3.23,3.27,0.0,0.0,0.0,0.0,-9.5,-10.31,0.0,0.0,0.0,-10000.0,0.0,180.0,None,0.0,319.0
2025-11-08T01:39:29.874821,29.114,20.03,571.46,20.25,3.24,3.23,3.23,3.27,0.0,0.0,0.0,0.0,-9.5,-10.31,0.0,0.0,0.0,-10000.0,0.0,180.0,None,0.0,319.0
2025-11-08T01:39:29.876590,29.116,20.03,571.46,20.25,3.24,3.23,3.23,3.27,0.0,0.0,0.0,0.0,-9.5,-10.31,0.0,0.0,0.0,-10000.0,0.0,180.0,None,0.0,319.0
2025-11-08T01:39:29.881275,29.120,20.03,508.41,20.27,3.23,3.23,3.23,3.27,0.0,0.0,0.0,0.0,-9.5,-10.31,0.0,0.0,0.0,-10000.0,0.0,180.0,None,0.0,319.0
2025-11-08T01:39:29.884174,29.123,20.03,508.41,20.27,3.23,3.23,3.23,3.27,0.0,0.0,0.0,0.0,-9.5,-10.31,0.0,0.0,0.0,-10000.0,0.0,180.0,None,0.0,319.0
2025-11-08T01:39:29.888505,29.128,20.03,508.41,20.27,3.23,3.23,3.23,3.27,0.0,0.0,0.0,0.0,-9.5,-10.31,0.0,0.0,0.0,-10000.0,0.0,180.0,None,0.0,319.0
2025-11-08T01:39:29.892443,29.132,20.03,508.41,20.27,3.23,3.23,3.23,3.27,0.0,0.0,0.0,0.0,-9.5,-10.31,0.0,0.0,0.0,-10000.0,0.0,180.0,None,0.0,319.0
2025-11-08T01:39:31.432951,30.672,20.03,508.41,20.27,3.23,3.23,3.23,3.27,0.0,0.0,0.0,0.0,-9.5,-10.31,0.0,0.0,0.0,-10000.0,0.0,180.0,None,0.0,319.0
2025-11-08T01:39:31.437070,30.676,20.06,565.38,20.29,3.24,3.24,3.22,3.26,0.0,0.0,0.0,0.0,-9.5,-10.31,0.0,0.0,0.0,-10000.0,0.0,180.0,None,0.0,319.0
2025-11-08T01:39:31.438321,30.677,20.06,565.38,20.29,3.24,3.24,3.22,3.26,0.0,0.0,0.0,0.0,-9.5,-10.31,0.0,0.0,0.0,-10000.0,0.0,180.0,None,0.0,319.0
2025-11-08T01:39:31.454517,30.694,20.06,565.38,20.29,3.24,3.24,3.22,3.26,0.0,0.0,0.0,0.0,-9.5,-10.31,0.0,0.0,0.0,-10000.0,0.0,180.0,None,0.0,319.0
2025-11-08T01:39:31.455362,30.694,20.06,565.38,20.29,3.24,3.24,3.22,3.26,0.0,0.0,0.0,0.0,-9.5,-10.31,0.0,0.0,0.0,-10000.0,0.0,180.0,None,0.0,2.0
2025-11-08T01:39:31.456091,30.695,20.06,565.38,20.29,3.24,3.24,3.22,3.26,0.0,0.0,0.0,0.0,-9.5,-10.31,0.0,0.0,0.0,-10000.0,0.0,180.0,None,0.0,2.0
2025-11-08T01:39:31.463738,30.703,20.06,571.46,20.27,3.24,3.23,3.23,3.26,0.0,0.0,0.0,0.0,-9.5,-10.31,0.0,0.0,0.0,-10000.0,0.0,180.0,None,0.0,2.0
2025-11-08T01:39:31.464573,30.704,20.06,571.46,20.27,3.24,3.23,3.23,3.26,0.0,0.0,0.0,0.0,-9.5,-10.31,0.0,0.0,0.0,-10000.0,0.0,180.0,None,0.0,2.0
2025-11-08T01:39:31.465387,30.704,20.06,571.46,20.27,3.24,3.23,3.23,3.26,0.0,0.0,0.0,0.0,-9.5,-10.31,0.0,0.0,0.0,-10000.0,0.0,180.0,None,0.0,2.0
2025-11-08T01:39:31.466138,30.705,20.06,508.41,20.29,3.24,3.23,3.25,3.25,0.0,0.0,0.0,0.0,-9.5,-10.31,0.0,0.0,0.0,-10000.0,0.0,180.0,None,0.0,2.0
2025-11-08T01:39:31.478658,30.718,20.06,508.41,20.29,3.24,3.23,3.25,3.25,0.0,0.0,0.0,0.0,-9.5,-10.31,0.0,0.0,0.0,-10000.0,0.0,180.0,None,0.0,2.0
2025-11-08T01:39:31.479488,30.719,20.06,508.41,20.29,3.24,3.23,3.25,3.25,0.0,0.0,0.0,0.0,-9.5,-10.31,0.0,0.0,0.0,-10000.0,0.0,180.0,None,0.0,2.0
2025-11-08T01:39:31.480176,30.719,20.06,508.41,20.29,3.24,3.23,3.25,3.25,0.0,0.0,0.0,0.0,-9.5,-10.31,0.0,0.0,0.0,-10000.0,0.0,180.0,None,0.0,2.0
2025-11-08T01:39:31.485778,30.725,20.06,508.41,20.29,3.24,3.23,3.25,3.25,0.0,0.0,0.0,0.0,-9.5,-10.31,0.0,0.0,0.0,-10000.0,0.0,180.0,None,0.0,2.0
2025-11-08T01:39:31.486718,30.726,20.01,565.38,20.27,3.24,3.23,3.23,3.26,0.0,0.0,0.0,0.0,-9.5,-10.31,0.0,0.0,0.0,-10000.0,0.0,180.0,None,0.0,2.0
2025-11-08T01:39:31.487433,30.727,20.01,565.38,20.27,3.24,3.23,3.23,3.26,0.0,0.0,0.0,0.0,-9.5,-10.31,0.0,0.0,0.0,-10000.0,0.0,180.0,None,0.0,2.0
2025-11-08T01:39:31.488095,30.727,20.01,565.38,20.27,3.24,3.23,3.23,3.26,0.0,0.0,0.0,0.0,-9.5,-10.31,0.0,0.0,0.0,-10000.0,0.0,180.0,None,0.0,2.0
2025-11-08T01:39:31.517043,30.756,20.01,565.38,20.27,3.24,3.23,3.23,3.26,0.0,0.0,0.0,0.0,-9.5,-10.31,0.0,0.0,0.0,-10000.0,0.0,180.0,None,0.0,319.0
2025-11-08T01:39:31.523551,30.763,20.01,565.38,20.27,3.24,3.23,3.23,3.26,0.0,0.0,0.0,0.0,-9.5,-10.31,0.0,0.0,0.0,-10000.0,0.0,180.0,None,0.0,319.0
2025-11-08T01:39:31.524608,30.764,20.06,565.38,20.27,3.24,3.22,3.24,3.25,0.0,0.0,0.0,0.0,-9.5,-10.31,0.0,0.0,0.0,-10000.0,0.0,180.0,None,0.0,319.0
2025-11-08T01:39:31.525339,30.764,20.06,565.38,20.27,3.24,3.22,3.24,3.25,0.0,0.0,0.0,0.0,-9.5,-10.31,0.0,0.0,0.0,-10000.0,0.0,180.0,None,0.0,319.0
2025-11-08T01:39:31.530890,30.770,20.06,565.38,20.27,3.24,3.22,3.24,3.25,0.0,0.0,0.0,0.0,-9.5,-10.31,0.0,0.0,0.0,-10000.0,0.0,180.0,None,0.0,319.0
2025-11-08T01:39:31.537323,30.776,20.06,565.38,20.27,3.24,3.22,3.24,3.25,0.0,0.0,0.0,0.0,-9.5,-10.31,0.0,0.0,0.0,-10000.0,0.0,180.0,None,0.0,319.0
2025-11-08T01:39:31.538325,30.777,20.01,508.41,20.25,3.24,3.23,3.23,3.26,0.0,0.0,0.0,0.0,-9.5,-10.31,0.0,0.0,0.0,-10000.0,0.0,180.0,None,0.0,319.0
2025-11-08T01:39:31.538972,30.778,20.01,508.41,20.25,3.24,3.23,3.23,3.26,0.0,0.0,0.0,0.0,-9.5,-10.31,0.0,0.0,0.0,-10000.0,0.0,180.0,None,0.0,319.0
2025-11-08T01:39:31.553228,30.792,20.01,508.41,20.25,3.24,3.23,3.23,3.26,0.0,0.0,0.0,0.0,-9.5,-10.31,0.0,0.0,0.0,-10000.0,0.0,180.0,None,0.0,2.0
2025-11-08T01:39:31.556206,30.795,20.01,508.41,20.25,3.24,3.23,3.23,3.26,0.0,0.0,0.0,0.0,-9.5,-10.31,0.0,0.0,0.0,-10000.0,0.0,180.0,None,0.0,2.0
2025-11-08T01:39:31.556969,30.796,19.99,565.38,20.25,3.24,3.23,3.23,3.27,0.0,0.0,0.0,0.0,-9.5,-10.31,0.0,0.0,0.0,-10000.0,0.0,180.0,None,0.0,2.0
2025-11-08T01:39:31.562300,30.801,19.99,565.38,20.25,3.24,3.23,3.23,3.27,0.0,0.0,0.0,0.0,-9.5,-10.31,0.0,0.0,0.0,-10000.0,0.0,180.0,None,0.0,2.0
2025-11-08T01:39:31.568016,30.807,19.99,565.38,20.25,3.24,3.23,3.23,3.27,0.0,0.0,0.0,0.0,-9.5,-10.31,0.0,0.0,0.0,-10000.0,0.0,180.0,None,0.0,2.0
2025-11-08T01:39:31.568696,30.808,19.99,565.38,20.25,3.24,3.23,3.23,3.27,0.0,0.0,0.0,0.0,-9.5,-10.31,0.0,0.0,0.0,-10000.0,0.0,180.0,None,0.0,2.0
2025-11-08T01:39:31.574180,30.813,20.01,575.21,20.27,3.24,3.23,3.19,3.31,0.0,0.0,0.0,0.0,-9.5,-10.31,0.0,0.0,0.0,-10000.0,0.0,180.0,None,0.0,2.0
2025-11-08T01:39:31.578751,30.818,20.01,575.21,20.27,3.24,3.23,3.19,3.31,0.0,0.0,0.0,0.0,-9.5,-10.31,0.0,0.0,0.0,-10000.0,0.0,180.0,None,0.0,338.0
2025-11-08T01:39:31.579715,30.819,20.01,575.21,20.27,3.24,3.23,3.19,3.31,0.0,0.0,0.0,0.0,-9.5,-10.31,0.0,0.0,0.0,-10000.0,0.0,180.0,None,0.0,338.0
2025-11-08T01:39:31.580349,30.819,20.01,575.21,20.27,3.24,3.23,3.19,3.31,0.0,0.0,0.0,0.0,-9.5,-10.31,0.0,0.0,0.0,-10000.0,0.0,180.0,None,0.0,338.0
2025-11-08T01:39:31.580923,30.820,20.01,575.21,20.27,3.24,3.23,3.19,3.31,0.0,0.0,0.0,0.0,-9.5,-10.31,0.0,0.0,0.0,-10000.0,0.0,180.0,None,0.0,338.0
2025-11-08T01:39:31.595293,30.834,20.06,571.46,20.34,3.2,3.28,3.22,3.27,0.0,0.0,0.0,0.0,-9.5,-10.31,0.0,0.0,0.0,-10000.0,0.0,180.0,None,0.0,338.0
2025-11-08T01:39:31.596218,30.835,20.06,571.46,20.34,3.2,3.28,3.22,3.27,0.0,0.0,0.0,0.0,-9.5,-10.31,0.0,0.0,0.0,-10000.0,0.0,180.0,None,0.0,338.0
2025-11-08T01:39:31.596828,30.836,20.06,571.46,20.34,3.2,3.28,3.22,3.27,0.0,0.0,0.0,0.0,-9.5,-10.31,0.0,0.0,0.0,-10000.0,0.0,180.0,None,0.0,319.0
2025-11-08T01:39:31.603664,30.843,20.06,571.46,20.34,3.2,3.28,3.22,3.27,0.0,0.0,0.0,0.0,-9.5,-10.31,0.0,0.0,0.0,-10000.0,0.0,180.0,None,0.0,319.0
2025-11-08T01:39:31.619354,30.858,20.03,565.38,20.25,3.24,3.23,3.23,3.26,0.0,0.0,0.0,0.0,-9.5,-10.31,0.0,0.0,0.0,-10000.0,0.0,180.0,None,0.0,319.0
2025-11-08T01:39:31.621331,30.860,20.03,565.38,20.25,3.24,3.23,3.23,3.26,0.0,0.0,0.0,0.0,-9.5,-10.31,0.0,0.0,0.0,-10000.0,0.0,180.0,None,0.0,319.0
2025-11-08T01:39:31.622010,30.861,20.03,565.38,20.25,3.24,3.23,3.23,3.26,0.0,0.0,0.0,0.0,-9.5,-10.31,0.0,0.0,0.0,-10000.0,0.0,180.0,None,0.0,319.0
2025-11-08T01:39:32.960644,32.200,20.03,565.38,20.25,3.24,3.23,3.23,3.26,0.0,0.0,0.0,0.0,-9.5,-10.31,0.0,0.0,0.0,-10000.0,0.0,180.0,None,0.0,319.0
2025-11-08T01:39:32.963738,32.203,20.03,571.46,20.29,3.24,3.24,3.22,3.27,0.0,0.0,0.0,0.0,-9.5,-10.31,0.0,0.0,0.0,-10000.0,0.0,180.0,None,0.0,319.0
2025-11-08T01:39:32.970833,32.210,20.03,571.46,20.29,3.24,3.24,3.22,3.27,0.0,0.0,0.0,0.0,-9.5,-10.31,0.0,0.0,0.0,-10000.0,0.0,180.0,None,0.0,319.0
2025-11-08T01:39:32.974049,32.213,20.03,571.46,20.29,3.24,3.24,3.22,3.27,0.0,0.0,0.0,0.0,-9.5,-10.31,0.0,0.0,0.0,-10000.0,0.0,180.0,None,0.0,319.0
2025-11-08T01:39:32.976787,32.216,20.03,571.46,20.29,3.24,3.24,3.22,3.27,0.0,0.0,0.0,0.0,-9.5,-10.31,0.0,0.0,0.0,-10000.0,0.0,180.0,None,0.0,319.0
2025-11-08T01:39:32.979357,32.218,20.03,571.46,20.29,3.24,3.24,3.22,3.27,0.0,0.0,0.0,0.0,-9.5,-10.31,0.0,0.0,0.0,-10000.0,0.0,180.0,None,0.0,319.0
2025-11-08T01:39:32.981962,32.221,20.03,575.21,20.25,3.24,3.23,3.23,3.26,0.0,0.0,0.0,0.0,-9.5,-10.31,0.0,0.0,0.0,-10000.0,0.0,180.0,None,0.0,319.0
2025-11-08T01:39:32.984368,32.223,20.03,575.21,20.25,3.24,3.23,3.23,3.26,0.0,0.0,0.0,0.0,-9.5,-10.31,0.0,0.0,0.0,-10000.0,0.0,180.0,None,0.0,319.0
2025-11-08T01:39:32.986981,32.226,20.03,575.21,20.25,3.24,3.23,3.23,3.26,0.0,0.0,0.0,0.0,-9.5,-10.31,0.0,0.0,0.0,-10000.0,0.0,180.0,None,0.0,319.0
2025-11-08T01:39:32.988987,32.228,20.03,575.21,20.25,3.24,3.23,3.23,3.26,0.0,0.0,0.0,0.0,-9.5,-10.31,0.0,0.0,0.0,-10000.0,0.0,180.0,None,0.0,319.0
2025-11-08T01:39:32.991634,32.231,20.12,508.41,20.27,3.24,3.2,3.26,3.26,0.0,0.0,0.0,0.0,-9.5,-10.31,0.0,0.0,0.0,-10000.0,0.0,180.0,None,0.0,319.0
2025-11-08T01:39:32.995493,32.235,20.12,508.41,20.27,3.24,3.2,3.26,3.26,0.0,0.0,0.0,0.0,-9.5,-10.31,0.0,0.0,0.0,-10000.0,0.0,180.0,None,0.0,319.0
2025-11-08T01:39:32.997511,32.237,20.12,508.41,20.27,3.24,3.2,3.26,3.26,0.0,0.0,0.0,0.0,-9.5,-10.31,0.0,0.0,0.0,-10000.0,0.0,180.0,None,0.0,319.0
2025-11-08T01:39:32.999632,32.239,20.12,508.41,20.27,3.24,3.2,3.26,3.26,0.0,0.0,0.0,0.0,-9.5,-10.31,0.0,0.0,0.0,-10000.0,0.0,180.0,None,0.0,319.0
2025-11-08T01:39:33.004782,32.244,20.03,565.38,20.21,3.24,3.23,3.24,3.26,0.0,0.0,0.0,0.0,-9.5,-10.31,0.0,0.0,0.0,-10000.0,0.0,180.0,None,0.0,319.0
2025-11-08T01:39:33.009002,32.248,20.03,565.38,20.21,3.24,3.23,3.24,3.26,0.0,0.0,0.0,0.0,-9.5,-10.31,0.0,0.0,0.0,-10000.0,0.0,180.0,None,0.0,319.0
2025-11-08T01:39:33.011459,32.251,20.03,565.38,20.21,3.24,3.23,3.24,3.26,0.0,0.0,0.0,0.0,-9.5,-10.31,0.0,0.0,0.0,-10000.0,0.0,180.0,None,0.0,139.0
2025-11-08T01:39:33.013335,32.252,20.03,565.38,20.21,3.24,3.23,3.24,3.26,0.0,0.0,0.0,0.0,-9.5,-10.31,0.0,0.0,0.0,-10000.0,0.0,180.0,None,0.0,139.0
2025-11-08T01:39:33.015614,32.255,20.03,565.38,20.21,3.24,3.23,3.24,3.26,0.0,0.0,0.0,0.0,-9.5,-10.31,0.0,0.0,0.0,-10000.0,0.0,180.0,None,0.0,139.0
2025-11-08T01:39:33.017396,32.256,20.03,508.41,20.27,3.24,3.24,3.22,3.28,0.0,0.0,0.0,0.0,-9.5,-10.31,0.0,0.0,0.0,-10000.0,0.0,180.0,None,0.0,139.0
2025-11-08T01:39:33.020089,32.259,20.03,508.41,20.27,3.24,3.24,3.22,3.28,0.0,0.0,0.0,0.0,-9.5,-10.31,0.0,0.0,0.0,-10000.0,0.0,180.0,None,0.0,139.0
2025-11-08T01:39:33.022634,32.262,20.03,508.41,20.27,3.24,3.24,3.22,3.28,0.0,0.0,0.0,0.0,-9.5,-10.31,0.0,0.0,0.0,-10000.0,0.0,180.0,None,0.0,139.0
2025-11-08T01:39:33.026270,32.265,19.97,508.41,20.25,3.24,3.23,3.23,3.25,0.0,0.0,0.0,0.0,-9.5,-10.31,0.0,0.0,0.0,-10000.0,0.0,180.0,None,0.0,139.0
2025-11-08T01:39:33.045393,32.284,19.97,508.41,20.25,3.24,3.23,3.23,3.25,0.0,0.0,0.0,0.0,-9.5,-10.31,0.0,0.0,0.0,-10000.0,0.0,180.0,None,0.0,139.0
2025-11-08T01:39:33.046594,32.286,19.97,508.41,20.25,3.24,3.23,3.23,3.25,0.0,0.0,0.0,0.0,-9.5,-10.31,0.0,0.0,0.0,-10000.0,0.0,180.0,None,0.0,139.0
2025-11-08T01:39:33.047277,32.286,19.97,508.41,20.25,3.24,3.23,3.23,3.25,0.0,0.0,0.0,0.0,-9.5,-10.31,0.0,0.0,0.0,-10000.0,0.0,180.0,None,0.0,139.0
2025-11-08T01:39:33.047943,32.287,19.97,508.41,20.25,3.24,3.23,3.23,3.25,0.0,0.0,0.0,0.0,-9.5,-10.31,0.0,0.0,0.0,-10000.0,0.0,180.0,None,0.0,139.0
2025-11-08T01:39:33.048687,32.288,20.06,565.38,20.25,3.24,3.23,3.23,3.27,0.0,0.0,0.0,0.0,-9.5,-10.31,0.0,0.0,0.0,-10000.0,0.0,180.0,None,0.0,139.0
2025-11-08T01:39:33.049420,32.288,20.06,565.38,20.25,3.24,3.23,3.23,3.27,0.0,0.0,0.0,0.0,-9.5,-10.31,0.0,0.0,0.0,-10000.0,0.0,180.0,None,0.0,139.0
2025-11-08T01:39:33.050373,32.289,20.06,565.38,20.25,3.24,3.23,3.23,3.27,0.0,0.0,0.0,0.0,-9.5,-10.31,0.0,0.0,0.0,-10000.0,0.0,180.0,None,0.0,139.0
2025-11-08T01:39:33.051029,32.290,20.06,565.38,20.25,3.24,3.23,3.23,3.27,0.0,0.0,0.0,0.0,-9.5,-10.31,0.0,0.0,0.0,-10000.0,0.0,180.0,None,0.0,47.0
2025-11-08T01:39:33.052184,32.291,20.06,565.38,20.25,3.24,3.23,3.23,3.27,0.0,0.0,0.0,0.0,-9.5,-10.31,0.0,0.0,0.0,-10000.0,0.0,180.0,None,0.0,47.0
2025-11-08T01:39:33.052973,32.292,20.08,575.21,20.27,3.24,3.23,3.23,3.27,0.0,0.0,0.0,0.0,-9.5,-10.31,0.0,0.0,0.0,-10000.0,0.0,180.0,None,0.0,47.0
2025-11-08T01:39:33.053991,32.293,20.08,575.21,20.27,3.24,3.23,3.23,3.27,0.0,0.0,0.0,0.0,-9.5,-10.31,0.0,0.0,0.0,-10000.0,0.0,180.0,None,0.0,47.0
2025-11-08T01:39:33.057299,32.296,20.08,575.21,20.27,3.24,3.23,3.23,3.27,0.0,0.0,0.0,0.0,-9.5,-10.31,0.0,0.0,0.0,-10000.0,0.0,180.0,None,0.0,47.0
2025-11-08T01:39:33.059758,32.299,20.03,571.46,20.25,3.23,3.23,3.23,3.27,0.0,0.0,0.0,0.0,-9.5,-10.31,0.0,0.0,0.0,-10000.0,0.0,180.0,None,0.0,47.0
2025-11-08T01:39:33.061359,32.300,20.03,571.46,20.25,3.23,3.23,3.23,3.27,0.0,0.0,0.0,0.0,-9.5,-10.31,0.0,0.0,0.0,-10000.0,0.0,180.0,None,0.0,47.0
2025-11-08T01:39:33.062837,32.302,20.03,571.46,20.25,3.23,3.23,3.23,3.27,0.0,0.0,0.0,0.0,-9.5,-10.31,0.0,0.0,0.0,-10000.0,0.0,180.0,None,0.0,319.0
2025-11-08T01:39:33.063510,32.303,20.03,571.46,20.25,3.23,3.23,3.23,3.27,0.0,0.0,0.0,0.0,-9.5,-10.31,0.0,0.0,0.0,-10000.0,0.0,180.0,None,0.0,319.0
2025-11-08T01:39:34.500625,33.740,20.03,571.46,20.25,3.23,3.23,3.23,3.27,0.0,0.0,0.0,0.0,-9.5,-10.31,0.0,0.0,0.0,-10000.0,0.0,180.0,None,0.0,319.0
2025-11-08T01:39:34.503061,33.742,20.03,575.21,20.25,3.25,3.22,3.22,3.27,0.0,0.0,0.0,0.0,-9.5,-10.31,0.0,0.0,0.0,-10000.0,0.0,180.0,None,0.0,319.0
2025-11-08T01:39:34.507308,33.746,20.03,575.21,20.25,3.25,3.22,3.22,3.27,0.0,0.0,0.0,0.0,-9.5,-10.31,0.0,0.0,0.0,-10000.0,0.0,180.0,None,0.0,319.0
2025-11-08T01:39:34.509965,33.749,20.03,575.21,20.25,3.25,3.22,3.22,3.27,0.0,0.0,0.0,0.0,-9.5,-10.31,0.0,0.0,0.0,-10000.0,0.0,180.0,None,0.0,319.0
2025-11-08T01:39:34.514816,33.754,20.03,575.21,20.25,3.25,3.22,3.22,3.27,0.0,0.0,0.0,0.0,-9.5,-10.31,0.0,0.0,0.0,-10000.0,0.0,180.0,None,0.0,319.0
2025-11-08T01:39:34.516710,33.756,20.03,575.21,20.25,3.25,3.22,3.22,3.27,0.0,0.0,0.0,0.0,-9.5,-10.31,0.0,0.0,0.0,-10000.0,0.0,180.0,None,0.0,319.0
2025-11-08T01:39:34.520241,33.759,20.03,575.21,20.25,3.24,3.24,3.23,3.27,0.0,0.0,0.0,0.0,-9.5,-10.31,0.0,0.0,0.0,-10000.0,0.0,180.0,None,0.0,319.0
2025-11-08T01:39:34.522433,33.762,20.03,575.21,20.25,3.24,3.24,3.23,3.27,0.0,0.0,0.0,0.0,-9.5,-10.31,0.0,0.0,0.0,-10000.0,0.0,180.0,None,0.0,319.0
2025-11-08T01:39:34.527405,33.766,20.03,575.21,20.25,3.24,3.24,3.23,3.27,0.0,0.0,0.0,0.0,-9.5,-10.31,0.0,0.0,0.0,-10000.0,0.0,180.0,None,0.0,319.0
2025-11-08T01:39:34.529239,33.768,20.03,575.21,20.25,3.24,3.24,3.23,3.27,0.0,0.0,0.0,0.0,-9.5,-10.31,0.0,0.0,0.0,-10000.0,0.0,180.0,None,0.0,319.0
2025-11-08T01:39:34.532937,33.772,19.93,575.21,20.25,3.24,3.23,3.23,3.27,0.0,0.0,0.0,0.0,-9.5,-10.31,0.0,0.0,0.0,-10000.0,0.0,180.0,None,0.0,319.0
2025-11-08T01:39:34.535287,33.774,19.93,575.21,20.25,3.24,3.23,3.23,3.27,0.0,0.0,0.0,0.0,-9.5,-10.31,0.0,0.0,0.0,-10000.0,0.0,180.0,None,0.0,319.0
2025-11-08T01:39:34.541849,33.781,19.93,575.21,20.25,3.24,3.23,3.23,3.27,0.0,0.0,0.0,0.0,-9.5,-10.31,0.0,0.0,0.0,-10000.0,0.0,180.0,None,0.0,319.0
2025-11-08T01:39:34.643275,33.882,19.93,575.21,20.25,3.24,3.23,3.23,3.27,0.0,0.0,0.0,0.0,-9.5,-10.31,0.0,0.0,0.0,-10000.0,0.0,180.0,None,0.0,319.0
2025-11-08T01:39:34.650731,33.890,20.03,571.46,20.31,3.23,3.24,3.23,3.26,0.0,0.0,0.0,0.0,-9.5,-10.31,0.0,0.0,0.0,-10000.0,0.0,180.0,None,0.0,319.0
2025-11-08T01:39:34.655665,33.895,20.03,571.46,20.31,3.23,3.24,3.23,3.26,0.0,0.0,0.0,0.0,-9.5,-10.31,0.0,0.0,0.0,-10000.0,0.0,180.0,None,0.0,319.0
2025-11-08T01:39:34.656529,33.896,20.03,571.46,20.31,3.23,3.24,3.23,3.26,0.0,0.0,0.0,0.0,-9.5,-10.31,0.0,0.0,0.0,-10000.0,0.0,180.0,None,0.0,319.0
2025-11-08T01:39:34.659592,33.899,20.03,571.46,20.31,3.23,3.24,3.23,3.26,0.0,0.0,0.0,0.0,-9.5,-10.31,0.0,0.0,0.0,-10000.0,0.0,180.0,None,0.0,319.0
2025-11-08T01:39:34.665439,33.905,20.03,565.38,20.27,3.25,3.23,3.24,3.26,0.0,0.0,0.0,0.0,-9.5,-10.31,0.0,0.0,0.0,-10000.0,0.0,180.0,None,0.0,319.0
2025-11-08T01:39:34.668792,33.908,20.03,565.38,20.27,3.25,3.23,3.24,3.26,0.0,0.0,0.0,0.0,-9.5,-10.31,0.0,0.0,0.0,-10000.0,0.0,180.0,None,0.0,319.0
2025-11-08T01:39:34.669614,33.909,20.03,565.38,20.27,3.25,3.23,3.24,3.26,0.0,0.0,0.0,0.0,-9.5,-10.31,0.0,0.0,0.0,-10000.0,0.0,180.0,None,0.0,319.0
2025-11-08T01:39:34.670222,33.909,20.03,565.38,20.27,3.25,3.23,3.24,3.26,0.0,0.0,0.0,0.0,-9.5,-10.31,0.0,0.0,0.0,-10000.0,0.0,180.0,None,0.0,319.0
2025-11-08T01:39:34.670757,33.910,20.03,565.38,20.27,3.25,3.23,3.24,3.26,0.0,0.0,0.0,0.0,-9.5,-10.31,0.0,0.0,0.0,-10000.0,0.0,180.0,None,0.0,319.0
2025-11-08T01:39:34.671349,33.910,20.03,565.38,20.27,3.23,3.23,3.24,3.27,0.0,0.0,0.0,0.0,-9.5,-10.31,0.0,0.0,0.0,-10000.0,0.0,180.0,None,0.0,319.0
2025-11-08T01:39:34.730589,33.970,20.03,565.38,20.27,3.23,3.23,3.24,3.27,0.0,0.0,0.0,0.0,-9.5,-10.31,0.0,0.0,0.0,-10000.0,0.0,180.0,None,0.0,319.0
2025-11-08T01:39:34.732755,33.972,20.03,565.38,20.27,3.23,3.23,3.24,3.27,0.0,0.0,0.0,0.0,-9.5,-10.31,0.0,0.0,0.0,-10000.0,0.0,180.0,None,0.0,319.0
2025-11-08T01:39:34.737364,33.979,20.03,565.38,20.27,3.23,3.23,3.24,3.27,0.0,0.0,0.0,0.0,-9.5,-10.31,0.0,0.0,0.0,-10000.0,0.0,180.0,None,0.0,319.0
2025-11-08T01:39:34.742761,33.982,19.97,565.38,20.21,3.24,3.24,3.23,3.26,0.0,0.0,0.0,0.0,-9.5,-10.31,0.0,0.0,0.0,-10000.0,0.0,180.0,None,0.0,319.0
2025-11-08T01:39:34.746739,33.986,19.97,565.38,20.21,3.24,3.24,3.23,3.26,0.0,0.0,0.0,0.0,-9.5,-10.31,0.0,0.0,0.0,-10000.0,0.0,180.0,None,0.0,319.0
2025-11-08T01:39:34.754061,33.993,19.97,565.38,20.21,3.24,3.24,3.23,3.26,0.0,0.0,0.0,0.0,-9.5,-10.31,0.0,0.0,0.0,-10000.0,0.0,180.0,None,0.0,319.0
2025-11-08T01:39:34.757551,33.997,19.97,565.38,20.21,3.24,3.24,3.23,3.26,0.0,0.0,0.0,0.0,-9.5,-10.31,0.0,0.0,0.0,-10000.0,0.0,180.0,None,0.0,319.0
2025-11-08T01:39:34.762489,34.002,20.01,565.38,20.27,3.23,3.24,3.23,3.26,0.0,0.0,0.0,0.0,-9.5,-10.31,0.0,0.0,0.0,-10000.0,0.0,180.0,None,0.0,319.0
2025-11-08T01:39:34.776538,34.016,20.01,565.38,20.27,3.23,3.24,3.23,3.26,0.0,0.0,0.0,0.0,-9.5,-10.31,0.0,0.0,0.0,-10000.0,0.0,180.0,None,0.0,319.0
2025-11-08T01:39:34.777322,34.016,20.01,565.38,20.27,3.23,3.24,3.23,3.26,0.0,0.0,0.0,0.0,-9.5,-10.31,0.0,0.0,0.0,-10000.0,0.0,180.0,None,0.0,319.0
2025-11-08T01:39:34.777978,34.017,20.01,565.38,20.27,3.23,3.24,3.23,3.26,0.0,0.0,0.0,0.0,-9.5,-10.31,0.0,0.0,0.0,-10000.0,0.0,180.0,None,0.0,319.0
2025-11-08T01:39:34.789434,34.029,20.01,565.38,20.27,3.23,3.24,3.23,3.26,0.0,0.0,0.0,0.0,-9.5,-10.31,0.0,0.0,0.0,-10000.0,0.0,180.0,None,0.0,319.0
2025-11-08T01:39:34.798124,34.037,20.01,575.21,20.25,3.24,3.23,3.23,3.27,0.0,0.0,0.0,0.0,-9.5,-10.31,0.0,0.0,0.0,-10000.0,0.0,180.0,None,0.0,319.0
2025-11-08T01:39:34.808658,34.048,20.01,575.21,20.25,3.24,3.23,3.23,3.27,0.0,0.0,0.0,0.0,-9.5,-10.31,0.0,0.0,0.0,-10000.0,0.0,180.0,None,0.0,319.0
2025-11-08T01:39:34.817900,34.057,20.01,575.21,20.25,3.24,3.23,3.23,3.27,0.0,0.0,0.0,0.0,-9.5,-10.31,0.0,0.0,0.0,-10000.0,0.0,180.0,None,0.0,319.0
2025-11-08T01:39:34.818702,34.058,20.01,575.21,20.25,3.24,3.23,3.23,3.27,0.0,0.0,0.0,0.0,-9.5,-10.31,0.0,0.0,0.0,-10000.0,0.0,180.0,None,0.0,319.0
2025-11-08T01:39:34.847763,34.087,20.01,565.38,20.23,3.23,3.24,3.23,3.27,0.0,0.0,0.0,0.0,-9.5,-10.31,0.0,0.0,0.0,-10000.0,0.0,180.0,None,0.0,319.0
2025-11-08T01:39:34.851298,34.090,20.01,565.38,20.23,3.23,3.24,3.23,3.27,0.0,0.0,0.0,0.0,-9.5,-10.31,0.0,0.0,0.0,-10000.0,0.0,180.0,None,0.0,319.0
2025-11-08T01:39:34.852005,34.091,20.01,565.38,20.23,3.23,3.24,3.23,3.27,0.0,0.0,0.0,0.0,-9.5,-10.31,0.0,0.0,0.0,-10000.0,0.0,180.0,None,0.0,319.0
2025-11-08T01:39:34.859459,34.099,20.01,565.38,20.23,3.23,3.24,3.23,3.27,0.0,0.0,0.0,0.0,-9.5,-10.31,0.0,0.0,0.0,-10000.0,0.0,180.0,None,0.0,319.0
2025-11-08T01:39:34.861219,34.100,20.03,508.41,20.25,3.24,3.24,3.23,3.26,0.0,0.0,0.0,0.0,-9.5,-10.31,0.0,0.0,0.0,-10000.0,0.0,180.0,None,0.0,319.0
2025-11-08T01:39:34.861907,34.101,20.03,508.41,20.25,3.24,3.24,3.23,3.26,0.0,0.0,0.0,0.0,-9.5,-10.31,0.0,0.0,0.0,-10000.0,0.0,180.0,None,0.0,319.0
2025-11-08T01:39:36.387813,35.627,20.03,508.41,20.25,3.24,3.24,3.23,3.26,0.0,0.0,0.0,0.0,-9.5,-10.31,0.0,0.0,0.0,-10000.0,0.0,180.0,None,0.0,2.0
2025-11-08T01:39:36.389654,35.629,20.03,508.41,20.25,3.24,3.24,3.23,3.26,0.0,0.0,0.0,0.0,-9.5,-10.31,0.0,0.0,0.0,-10000.0,0.0,180.0,None,0.0,2.0
2025-11-08T01:39:36.390510,35.630,20.03,508.41,20.25,3.24,3.24,3.23,3.26,0.0,0.0,0.0,0.0,-9.5,-10.31,0.0,0.0,0.0,-10000.0,0.0,180.0,None,0.0,2.0
2025-11-08T01:39:36.391262,35.630,20.03,575.21,20.19,3.24,3.23,3.23,3.27,0.0,0.0,0.0,0.0,-9.5,-10.31,0.0,0.0,0.0,-10000.0,0.0,180.0,None,0.0,2.0
2025-11-08T01:39:36.392029,35.631,20.03,575.21,20.19,3.24,3.23,3.23,3.27,0.0,0.0,0.0,0.0,-9.5,-10.31,0.0,0.0,0.0,-10000.0,0.0,180.0,None,0.0,2.0
2025-11-08T01:39:36.392824,35.632,20.03,575.21,20.19,3.24,3.23,3.23,3.27,0.0,0.0,0.0,0.0,-9.5,-10.31,0.0,0.0,0.0,-10000.0,0.0,180.0,None,0.0,2.0
2025-11-08T01:39:36.393591,35.633,20.03,565.38,20.29,3.24,3.24,3.23,3.26,0.0,0.0,0.0,0.0,-9.5,-10.31,0.0,0.0,0.0,-10000.0,0.0,180.0,None,0.0,2.0
2025-11-08T01:39:36.394350,35.633,20.03,565.38,20.29,3.24,3.24,3.23,3.26,0.0,0.0,0.0,0.0,-9.5,-10.31,0.0,0.0,0.0,-10000.0,0.0,180.0,None,0.0,2.0
2025-11-08T01:39:36.394977,35.634,20.03,565.38,20.29,3.24,3.24,3.23,3.26,0.0,0.0,0.0,0.0,-9.5,-10.31,0.0,0.0,0.0,-10000.0,0.0,180.0,None,0.0,2.0
2025-11-08T01:39:36.395717,35.635,20.03,565.38,20.29,3.24,3.24,3.23,3.26,0.0,0.0,0.0,0.0,-9.5,-10.31,0.0,0.0,0.0,-10000.0,0.0,180.0,None,0.0,2.0
2025-11-08T01:39:36.397916,35.637,20.03,565.38,20.29,3.24,3.24,3.23,3.26,0.0,0.0,0.0,0.0,-9.5,-10.31,0.0,0.0,0.0,-10000.0,0.0,180.0,None,0.0,2.0
2025-11-08T01:39:36.400300,35.639,20.01,565.38,20.31,3.23,3.24,3.26,3.25,0.0,0.0,0.0,0.0,-9.5,-10.31,0.0,0.0,0.0,-10000.0,0.0,180.0,None,0.0,2.0
2025-11-08T01:39:36.405990,35.645,20.01,565.38,20.31,3.23,3.24,3.26,3.25,0.0,0.0,0.0,0.0,-9.5,-10.31,0.0,0.0,0.0,-10000.0,0.0,180.0,None,0.0,2.0
2025-11-08T01:39:36.406946,35.646,20.01,565.38,20.31,3.23,3.24,3.26,3.25,0.0,0.0,0.0,0.0,-9.5,-10.31,0.0,0.0,0.0,-10000.0,0.0,180.0,None,0.0,2.0
2025-11-08T01:39:36.407604,35.647,20.01,565.38,20.31,3.23,3.24,3.26,3.25,0.0,0.0,0.0,0.0,-9.5,-10.31,0.0,0.0,0.0,-10000.0,0.0,180.0,None,0.0,2.0
2025-11-08T01:39:36.408279,35.647,20.01,565.38,20.31,3.23,3.24,3.26,3.25,0.0,0.0,0.0,0.0,-9.5,-10.31,0.0,0.0,0.0,-10000.0,0.0,180.0,None,0.0,2.0
2025-11-08T01:39:36.413696,35.653,19.99,577.97,20.31,3.24,3.26,3.21,3.28,0.0,0.0,0.0,0.0,-9.5,-10.31,0.0,0.0,0.0,-10000.0,0.0,180.0,None,0.0,2.0
2025-11-08T01:39:36.416824,35.656,19.99,577.97,20.31,3.24,3.26,3.21,3.28,0.0,0.0,0.0,0.0,-9.5,-10.31,0.0,0.0,0.0,-10000.0,0.0,180.0,None,0.0,2.0
2025-11-08T01:39:36.417569,35.657,19.99,577.97,20.31,3.24,3.26,3.21,3.28,0.0,0.0,0.0,0.0,-9.5,-10.31,0.0,0.0,0.0,-10000.0,0.0,180.0,None,0.0,2.0
2025-11-08T01:39:36.420016,35.659,20.03,508.41,20.25,3.24,3.25,3.21,3.28,0.0,0.0,0.0,0.0,-9.5,-10.31,0.0,0.0,0.0,-10000.0,0.0,180.0,None,0.0,2.0
2025-11-08T01:39:36.425950,35.665,20.03,508.41,20.25,3.24,3.25,3.21,3.28,0.0,0.0,0.0,0.0,-9.5,-10.31,0.0,0.0,0.0,-10000.0,0.0,180.0,None,0.0,2.0
2025-11-08T01:39:36.429738,35.669,20.03,508.41,20.25,3.24,3.25,3.21,3.28,0.0,0.0,0.0,0.0,-9.5,-10.31,0.0,0.0,0.0,-10000.0,0.0,180.0,None,0.0,319.0
2025-11-08T01:39:36.431755,35.671,20.03,508.41,20.25,3.24,3.25,3.21,3.28,0.0,0.0,0.0,0.0,-9.5,-10.31,0.0,0.0,0.0,-10000.0,0.0,180.0,None,0.0,319.0
2025-11-08T01:39:36.432632,35.672,20.03,508.41,20.25,3.24,3.25,3.21,3.28,0.0,0.0,0.0,0.0,-9.5,-10.31,0.0,0.0,0.0,-10000.0,0.0,180.0,None,0.0,319.0
2025-11-08T01:39:36.433648,35.673,19.97,575.21,20.25,3.24,3.24,3.23,3.26,0.0,0.0,0.0,0.0,-9.5,-10.31,0.0,0.0,0.0,-10000.0,0.0,180.0,None,0.0,319.0
2025-11-08T01:39:36.434394,35.673,19.97,575.21,20.25,3.24,3.24,3.23,3.26,0.0,0.0,0.0,0.0,-9.5,-10.31,0.0,0.0,0.0,-10000.0,0.0,180.0,None,0.0,319.0
2025-11-08T01:39:36.435189,35.674,19.97,575.21,20.25,3.24,3.24,3.23,3.26,0.0,0.0,0.0,0.0,-9.5,-10.31,0.0,0.0,0.0,-10000.0,0.0,180.0,None,0.0,319.0
2025-11-08T01:39:36.435898,35.675,19.97,575.21,20.25,3.24,3.24,3.23,3.26,0.0,0.0,0.0,0.0,-9.5,-10.31,0.0,0.0,0.0,-10000.0,0.0,180.0,None,0.0,319.0
2025-11-08T01:39:36.436495,35.676,19.97,575.21,20.25,3.24,3.24,3.23,3.26,0.0,0.0,0.0,0.0,-9.5,-10.31,0.0,0.0,0.0,-10000.0,0.0,180.0,None,0.0,338.0
2025-11-08T01:39:36.437271,35.676,20.03,508.41,20.27,3.23,3.24,3.25,3.27,0.0,0.0,0.0,0.0,-9.5,-10.31,0.0,0.0,0.0,-10000.0,0.0,180.0,None,0.0,338.0
2025-11-08T01:39:36.443002,35.682,20.03,508.41,20.27,3.23,3.24,3.25,3.27,0.0,0.0,0.0,0.0,-9.5,-10.31,0.0,0.0,0.0,-10000.0,0.0,180.0,None,0.0,338.0
2025-11-08T01:39:36.443853,35.683,20.03,508.41,20.27,3.23,3.24,3.25,3.27,0.0,0.0,0.0,0.0,-9.5,-10.31,0.0,0.0,0.0,-10000.0,0.0,180.0,None,0.0,338.0
2025-11-08T01:39:36.520516,35.760,20.01,571.46,20.29,3.24,3.23,3.23,3.27,0.0,0.0,0.0,0.0,-9.5,-10.31,0.0,0.0,0.0,-10000.0,0.0,180.0,None,0.0,338.0
2025-11-08T01:39:36.525556,35.765,20.01,571.46,20.29,3.24,3.23,3.23,3.27,0.0,0.0,0.0,0.0,-9.5,-10.31,0.0,0.0,0.0,-10000.0,0.0,180.0,None,0.0,338.0
2025-11-08T01:39:36.528121,35.767,20.01,571.46,20.29,3.24,3.23,3.23,3.27,0.0,0.0,0.0,0.0,-9.5,-10.31,0.0,0.0,0.0,-10000.0,0.0,180.0,None,0.0,338.0
2025-11-08T01:39:36.528745,35.768,20.01,571.46,20.29,3.24,3.23,3.23,3.27,0.0,0.0,0.0,0.0,-9.5,-10.31,0.0,0.0,0.0,-10000.0,0.0,180.0,None,0.0,2.0
2025-11-08T01:39:36.529365,35.768,20.01,571.46,20.29,3.24,3.23,3.23,3.27,0.0,0.0,0.0,0.0,-9.5,-10.31,0.0,0.0,0.0,-10000.0,0.0,180.0,None,0.0,2.0
2025-11-08T01:39:36.530053,35.769,20.03,508.41,20.27,3.25,3.23,3.23,3.25,0.0,0.0,0.0,0.0,-9.5,-10.31,0.0,0.0,0.0,-10000.0,0.0,180.0,None,0.0,2.0
2025-11-08T01:39:36.544344,35.783,20.03,508.41,20.27,3.25,3.23,3.23,3.25,0.0,0.0,0.0,0.0,-9.5,-10.31,0.0,0.0,0.0,-10000.0,0.0,180.0,None,0.0,2.0
2025-11-08T01:39:36.545149,35.784,20.03,508.41,20.27,3.25,3.23,3.23,3.25,0.0,0.0,0.0,0.0,-9.5,-10.31,0.0,0.0,0.0,-10000.0,0.0,180.0,None,0.0,2.0
2025-11-08T01:39:36.545799,35.785,20.03,508.41,20.27,3.25,3.23,3.23,3.25,0.0,0.0,0.0,0.0,-9.5,-10.31,0.0,0.0,0.0,-10000.0,0.0,180.0,None,0.0,2.0
2025-11-08T01:39:36.547053,35.786,20.03,565.38,20.23,3.24,3.23,3.23,3.27,0.0,0.0,0.0,0.0,-9.5,-10.31,0.0,0.0,0.0,-10000.0,0.0,180.0,None,0.0,2.0
2025-11-08T01:39:36.547621,35.787,20.03,565.38,20.23,3.24,3.23,3.23,3.27,0.0,0.0,0.0,0.0,-9.5,-10.31,0.0,0.0,0.0,-10000.0,0.0,180.0,None,0.0,2.0
2025-11-08T01:39:36.550038,35.789,20.03,565.38,20.23,3.24,3.23,3.23,3.27,0.0,0.0,0.0,0.0,-9.5,-10.31,0.0,0.0,0.0,-10000.0,0.0,180.0,None,0.0,2.0
2025-11-08T01:39:36.551651,35.791,20.03,565.38,20.23,3.24,3.23,3.23,3.27,0.0,0.0,0.0,0.0,-9.5,-10.31,0.0,0.0,0.0,-10000.0,0.0,180.0,None,0.0,2.0
2025-11-08T01:39:38.098611,37.338,20.03,565.38,20.23,3.24,3.23,3.23,3.27,0.0,0.0,0.0,0.0,-9.5,-10.31,0.0,0.0,0.0,-10000.0,0.0,180.0,None,0.0,2.0
2025-11-08T01:39:38.099482,37.339,20.01,575.21,20.27,3.24,3.23,3.23,3.26,0.0,0.0,0.0,0.0,-9.5,-10.31,0.0,0.0,0.0,-10000.0,0.0,180.0,None,0.0,2.0
2025-11-08T01:39:38.100159,37.339,20.01,575.21,20.27,3.24,3.23,3.23,3.26,0.0,0.0,0.0,0.0,-9.5,-10.31,0.0,0.0,0.0,-10000.0,0.0,180.0,None,0.0,2.0
2025-11-08T01:39:38.107952,37.347,20.01,575.21,20.27,3.24,3.23,3.23,3.26,0.0,0.0,0.0,0.0,-9.5,-10.31,0.0,0.0,0.0,-10000.0,0.0,180.0,None,0.0,2.0
2025-11-08T01:39:38.109779,37.349,20.01,575.21,20.27,3.24,3.23,3.23,3.26,0.0,0.0,0.0,0.0,-9.5,-10.31,0.0,0.0,0.0,-10000.0,0.0,180.0,None,0.0,2.0
2025-11-08T01:39:38.115813,37.355,20.1,565.38,20.03,3.25,3.23,3.23,3.26,0.0,0.0,0.0,0.0,-9.5,-10.31,0.0,0.0,0.0,-10000.0,0.0,180.0,None,0.0,2.0
2025-11-08T01:39:38.116724,37.356,20.1,565.38,20.03,3.25,3.23,3.23,3.26,0.0,0.0,0.0,0.0,-9.5,-10.31,0.0,0.0,0.0,-10000.0,0.0,180.0,None,0.0,2.0
2025-11-08T01:39:38.119037,37.358,20.1,565.38,20.03,3.25,3.23,3.23,3.26,0.0,0.0,0.0,0.0,-9.5,-10.31,0.0,0.0,0.0,-10000.0,0.0,180.0,None,0.0,2.0
2025-11-08T01:39:38.121982,37.361,20.1,565.38,20.03,3.25,3.23,3.23,3.26,0.0,0.0,0.0,0.0,-9.5,-10.31,0.0,0.0,0.0,-10000.0,0.0,180.0,None,0.0,2.0
2025-11-08T01:39:38.123619,37.363,20.01,508.41,20.29,3.24,3.23,3.23,3.27,0.0,0.0,0.0,0.0,-9.5,-10.31,0.0,0.0,0.0,-10000.0,0.0,180.0,None,0.0,2.0
2025-11-08T01:39:38.128820,37.368,20.01,508.41,20.29,3.24,3.23,3.23,3.27,0.0,0.0,0.0,0.0,-9.5,-10.31,0.0,0.0,0.0,-10000.0,0.0,180.0,None,0.0,2.0
2025-11-08T01:39:38.131623,37.371,20.01,508.41,20.29,3.24,3.23,3.23,3.27,0.0,0.0,0.0,0.0,-9.5,-10.31,0.0,0.0,0.0,-10000.0,0.0,180.0,None,0.0,2.0
2025-11-08T01:39:38.132461,37.372,20.01,508.41,20.29,3.24,3.23,3.23,3.27,0.0,0.0,0.0,0.0,-9.5,-10.31,0.0,0.0,0.0,-10000.0,0.0,180.0,None,0.0,2.0
2025-11-08T01:39:38.133182,37.372,20.06,565.38,20.25,3.24,3.23,3.23,3.27,0.0,0.0,0.0,0.0,-9.5,-10.31,0.0,0.0,0.0,-10000.0,0.0,180.0,None,0.0,2.0
2025-11-08T01:39:38.152116,37.391,20.06,565.38,20.25,3.24,3.23,3.23,3.27,0.0,0.0,0.0,0.0,-9.5,-10.31,0.0,0.0,0.0,-10000.0,0.0,180.0,None,0.0,2.0
2025-11-08T01:39:38.153205,37.392,20.06,565.38,20.25,3.24,3.23,3.23,3.27,0.0,0.0,0.0,0.0,-9.5,-10.31,0.0,0.0,0.0,-10000.0,0.0,180.0,None,0.0,2.0
2025-11-08T01:39:38.153881,37.393,20.06,565.38,20.25,3.24,3.23,3.23,3.27,0.0,0.0,0.0,0.0,-9.5,-10.31,0.0,0.0,0.0,-10000.0,0.0,180.0,None,0.0,2.0
2025-11-08T01:39:38.157221,37.396,20.03,571.46,20.27,3.24,3.23,3.23,3.28,0.0,0.0,0.0,0.0,-9.5,-10.31,0.0,0.0,0.0,-10000.0,0.0,180.0,None,0.0,2.0
2025-11-08T01:39:38.157819,37.397,20.03,571.46,20.27,3.24,3.23,3.23,3.28,0.0,0.0,0.0,0.0,-9.5,-10.31,0.0,0.0,0.0,-10000.0,0.0,180.0,None,0.0,2.0
2025-11-08T01:39:38.161246,37.400,20.03,571.46,20.27,3.24,3.23,3.23,3.28,0.0,0.0,0.0,0.0,-9.5,-10.31,0.0,0.0,0.0,-10000.0,0.0,180.0,None,0.0,2.0
2025-11-08T01:39:38.165591,37.405,20.03,571.46,20.27,3.24,3.23,3.23,3.28,0.0,0.0,0.0,0.0,-9.5,-10.31,0.0,0.0,0.0,-10000.0,0.0,180.0,None,0.0,2.0
2025-11-08T01:39:38.168364,37.407,20.03,571.46,20.27,3.24,3.23,3.23,3.28,0.0,0.0,0.0,0.0,-9.5,-10.31,0.0,0.0,0.0,-10000.0,0.0,180.0,None,0.0,2.0
2025-11-08T01:39:38.187535,37.427,20.03,581.99,20.29,3.24,3.23,3.23,3.26,0.0,0.0,0.0,0.0,-9.5,-10.31,0.0,0.0,0.0,-10000.0,0.0,180.0,None,0.0,2.0
2025-11-08T01:39:38.190558,37.430,20.03,581.99,20.29,3.24,3.23,3.23,3.26,0.0,0.0,0.0,0.0,-9.5,-10.31,0.0,0.0,0.0,-10000.0,0.0,180.0,None,0.0,2.0
2025-11-08T01:39:38.193765,37.433,20.03,581.99,20.29,3.24,3.23,3.23,3.26,0.0,0.0,0.0,0.0,-9.5,-10.31,0.0,0.0,0.0,-10000.0,0.0,180.0,None,0.0,2.0
2025-11-08T01:39:38.196286,37.436,20.03,581.99,20.29,3.24,3.23,3.23,3.26,0.0,0.0,0.0,0.0,-9.5,-10.31,0.0,0.0,0.0,-10000.0,0.0,180.0,None,0.0,2.0
2025-11-08T01:39:38.198326,37.437,20.03,581.99,20.29,3.24,3.23,3.23,3.26,0.0,0.0,0.0,0.0,-9.5,-10.31,0.0,0.0,0.0,-10000.0,0.0,180.0,None,0.0,2.0
2025-11-08T01:39:38.199274,37.438,20.03,508.41,20.27,3.23,3.24,3.23,3.26,0.0,0.0,0.0,0.0,-9.5,-10.31,0.0,0.0,0.0,-10000.0,0.0,180.0,None,0.0,2.0
2025-11-08T01:39:38.200304,37.439,20.03,508.41,20.27,3.23,3.24,3.23,3.26,0.0,0.0,0.0,0.0,-9.5,-10.31,0.0,0.0,0.0,-10000.0,0.0,180.0,None,0.0,2.0
2025-11-08T01:39:38.200989,37.440,20.03,508.41,20.27,3.23,3.24,3.23,3.26,0.0,0.0,0.0,0.0,-9.5,-10.31,0.0,0.0,0.0,-10000.0,0.0,180.0,None,0.0,2.0
2025-11-08T01:39:38.201784,37.441,19.97,565.38,20.25,3.24,3.23,3.23,3.26,0.0,0.0,0.0,0.0,-9.5,-10.31,0.0,0.0,0.0,-10000.0,0.0,180.0,None,0.0,2.0
2025-11-08T01:39:38.202457,37.442,19.97,565.38,20.25,3.24,3.23,3.23,3.26,0.0,0.0,0.0,0.0,-9.5,-10.31,0.0,0.0,0.0,-10000.0,0.0,180.0,None,0.0,2.0
2025-11-08T01:39:38.203443,37.443,19.97,565.38,20.25,3.24,3.23,3.23,3.26,0.0,0.0,0.0,0.0,-9.5,-10.31,0.0,0.0,0.0,-10000.0,0.0,180.0,None,0.0,319.0
2025-11-08T01:39:38.204088,37.443,19.97,565.38,20.25,3.24,3.23,3.23,3.26,0.0,0.0,0.0,0.0,-9.5,-10.31,0.0,0.0,0.0,-10000.0,0.0,180.0,None,0.0,319.0
2025-11-08T01:39:38.204760,37.444,19.97,565.38,20.25,3.24,3.23,3.23,3.26,0.0,0.0,0.0,0.0,-9.5,-10.31,0.0,0.0,0.0,-10000.0,0.0,180.0,None,0.0,319.0
2025-11-08T01:39:38.205885,37.445,20.03,565.38,20.27,3.24,3.23,3.22,3.27,0.0,0.0,0.0,0.0,-9.5,-10.31,0.0,0.0,0.0,-10000.0,0.0,180.0,None,0.0,319.0
2025-11-08T01:39:38.209233,37.448,20.03,565.38,20.27,3.24,3.23,3.22,3.27,0.0,0.0,0.0,0.0,-9.5,-10.31,0.0,0.0,0.0,-10000.0,0.0,180.0,None,0.0,319.0
2025-11-08T01:39:38.212209,37.451,20.03,565.38,20.27,3.24,3.23,3.22,3.27,0.0,0.0,0.0,0.0,-9.5,-10.31,0.0,0.0,0.0,-10000.0,0.0,180.0,None,0.0,319.0
2025-11-08T01:39:38.212862,37.452,20.03,565.38,20.27,3.24,3.23,3.22,3.27,0.0,0.0,0.0,0.0,-9.5,-10.31,0.0,0.0,0.0,-10000.0,0.0,180.0,None,0.0,2.0
2025-11-08T01:39:38.213550,37.453,20.01,565.38,20.23,3.23,3.25,3.22,3.26,0.0,0.0,0.0,0.0,-9.5,-10.31,0.0,0.0,0.0,-10000.0,0.0,180.0,None,0.0,2.0
2025-11-08T01:39:38.214234,37.453,20.01,565.38,20.23,3.23,3.25,3.22,3.26,0.0,0.0,0.0,0.0,-9.5,-10.31,0.0,0.0,0.0,-10000.0,0.0,180.0,None,0.0,2.0
2025-11-08T01:39:38.227776,37.467,20.01,565.38,20.23,3.23,3.25,3.22,3.26,0.0,0.0,0.0,0.0,-9.5,-10.31,0.0,0.0,0.0,-10000.0,0.0,180.0,None,0.0,2.0
2025-11-08T01:39:38.229684,37.469,20.01,565.38,20.23,3.23,3.25,3.22,3.26,0.0,0.0,0.0,0.0,-9.5,-10.31,0.0,0.0,0.0,-10000.0,0.0,180.0,None,0.0,2.0
2025-11-08T01:39:39.568924,38.808,20.06,575.21,20.29,3.23,3.24,3.23,3.27,0.0,0.0,0.0,0.0,-9.5,-10.31,0.0,0.0,0.0,-10000.0,0.0,180.0,None,0.0,2.0
2025-11-08T01:39:39.571601,38.811,20.06,575.21,20.29,3.23,3.24,3.23,3.27,0.0,0.0,0.0,0.0,-9.5,-10.31,0.0,0.0,0.0,-10000.0,0.0,180.0,None,0.0,2.0
2025-11-08T01:39:39.572332,38.811,20.06,575.21,20.29,3.23,3.24,3.23,3.27,0.0,0.0,0.0,0.0,-9.5,-10.31,0.0,0.0,0.0,-10000.0,0.0,180.0,None,0.0,319.0
2025-11-08T01:39:39.576286,38.815,20.06,575.21,20.29,3.23,3.24,3.23,3.27,0.0,0.0,0.0,0.0,-9.5,-10.31,0.0,0.0,0.0,-10000.0,0.0,180.0,None,0.0,319.0
2025-11-08T01:39:39.577110,38.816,20.06,575.21,20.29,3.23,3.24,3.23,3.27,0.0,0.0,0.0,0.0,-9.5,-10.31,0.0,0.0,0.0,-10000.0,0.0,180.0,None,0.0,319.0
2025-11-08T01:39:39.579198,38.818,19.99,508.41,20.29,3.24,3.24,3.23,3.27,0.0,0.0,0.0,0.0,-9.5,-10.31,0.0,0.0,0.0,-10000.0,0.0,180.0,None,0.0,319.0
2025-11-08T01:39:39.589239,38.828,19.99,508.41,20.29,3.24,3.24,3.23,3.27,0.0,0.0,0.0,0.0,-9.5,-10.31,0.0,0.0,0.0,-10000.0,0.0,180.0,None,0.0,319.0
2025-11-08T01:39:39.591994,38.831,19.99,508.41,20.29,3.24,3.24,3.23,3.27,0.0,0.0,0.0,0.0,-9.5,-10.31,0.0,0.0,0.0,-10000.0,0.0,180.0,None,0.0,319.0
2025-11-08T01:39:39.594629,38.834,19.97,565.38,20.23,3.24,3.23,3.23,3.25,0.0,0.0,0.0,0.0,-9.5,-10.31,0.0,0.0,0.0,-10000.0,0.0,180.0,None,0.0,319.0
2025-11-08T01:39:39.596300,38.835,19.97,565.38,20.23,3.24,3.23,3.23,3.25,0.0,0.0,0.0,0.0,-9.5,-10.31,0.0,0.0,0.0,-10000.0,0.0,180.0,None,0.0,319.0
2025-11-08T01:39:39.601064,38.840,19.97,565.38,20.23,3.24,3.23,3.23,3.25,0.0,0.0,0.0,0.0,-9.5,-10.31,0.0,0.0,0.0,-10000.0,0.0,180.0,None,0.0,2.0
2025-11-08T01:39:39.604884,38.844,19.97,565.38,20.23,3.24,3.23,3.23,3.25,0.0,0.0,0.0,0.0,-9.5,-10.31,0.0,0.0,0.0,-10000.0,0.0,180.0,None,0.0,2.0
2025-11-08T01:39:39.607656,38.847,19.97,565.38,20.23,3.24,3.23,3.23,3.25,0.0,0.0,0.0,0.0,-9.5,-10.31,0.0,0.0,0.0,-10000.0,0.0,180.0,None,0.0,2.0
2025-11-08T01:39:39.609219,38.848,20.08,565.38,20.27,3.23,3.24,3.23,3.26,0.0,0.0,0.0,0.0,-9.5,-10.31,0.0,0.0,0.0,-10000.0,0.0,180.0,None,0.0,2.0
2025-11-08T01:39:39.610022,38.849,20.08,565.38,20.27,3.23,3.24,3.23,3.26,0.0,0.0,0.0,0.0,-9.5,-10.31,0.0,0.0,0.0,-10000.0,0.0,180.0,None,0.0,2.0
2025-11-08T01:39:39.611907,38.851,20.08,565.38,20.27,3.23,3.24,3.23,3.26,0.0,0.0,0.0,0.0,-9.5,-10.31,0.0,0.0,0.0,-10000.0,0.0,180.0,None,0.0,2.0
2025-11-08T01:39:39.614703,38.854,20.08,565.38,20.27,3.23,3.24,3.23,3.26,0.0,0.0,0.0,0.0,-9.5,-10.31,0.0,0.0,0.0,-10000.0,0.0,180.0,None,0.0,319.0
2025-11-08T01:39:39.618332,38.857,20.08,565.38,20.27,3.23,3.24,3.23,3.26,0.0,0.0,0.0,0.0,-9.5,-10.31,0.0,0.0,0.0,-10000.0,0.0,180.0,None,0.0,319.0
2025-11-08T01:39:39.621461,38.861,19.99,565.38,20.21,3.24,3.23,3.23,3.26,0.0,0.0,0.0,0.0,-9.5,-10.31,0.0,0.0,0.0,-10000.0,0.0,180.0,None,0.0,319.0
2025-11-08T01:39:39.624122,38.863,19.99,565.38,20.21,3.24,3.23,3.23,3.26,0.0,0.0,0.0,0.0,-9.5,-10.31,0.0,0.0,0.0,-10000.0,0.0,180.0,None,0.0,319.0
2025-11-08T01:39:39.626609,38.866,19.99,565.38,20.21,3.24,3.23,3.23,3.26,0.0,0.0,0.0,0.0,-9.5,-10.31,0.0,0.0,0.0,-10000.0,0.0,180.0,None,0.0,319.0
2025-11-08T01:39:39.628644,38.868,19.97,508.41,20.4,3.24,3.23,3.23,3.25,0.0,0.0,0.0,0.0,-9.5,-10.31,0.0,0.0,0.0,-10000.0,0.0,180.0,None,0.0,319.0
2025-11-08T01:39:39.631605,38.871,19.97,508.41,20.4,3.24,3.23,3.23,3.25,0.0,0.0,0.0,0.0,-9.5,-10.31,0.0,0.0,0.0,-10000.0,0.0,180.0,None,0.0,319.0
2025-11-08T01:39:39.633805,38.873,19.97,508.41,20.4,3.24,3.23,3.23,3.25,0.0,0.0,0.0,0.0,-9.5,-10.31,0.0,0.0,0.0,-10000.0,0.0,180.0,None,0.0,228.0
2025-11-08T01:39:39.638717,38.878,19.97,508.41,20.4,3.24,3.23,3.23,3.25,0.0,0.0,0.0,0.0,-9.5,-10.31,0.0,0.0,0.0,-10000.0,0.0,180.0,None,0.0,228.0
2025-11-08T01:39:39.642540,38.882,19.97,508.41,20.4,3.24,3.23,3.23,3.25,0.0,0.0,0.0,0.0,-9.5,-10.31,0.0,0.0,0.0,-10000.0,0.0,180.0,None,0.0,228.0
2025-11-08T01:39:39.646217,38.885,20.06,508.41,20.25,3.24,3.23,3.23,3.26,0.0,0.0,0.0,0.0,-9.5,-10.31,0.0,0.0,0.0,-10000.0,0.0,180.0,None,0.0,228.0
2025-11-08T01:39:39.649054,38.888,20.06,508.41,20.25,3.24,3.23,3.23,3.26,0.0,0.0,0.0,0.0,-9.5,-10.31,0.0,0.0,0.0,-10000.0,0.0,180.0,None,0.0,228.0
2025-11-08T01:39:39.653078,38.892,20.06,508.41,20.25,3.24,3.23,3.23,3.26,0.0,0.0,0.0,0.0,-9.5,-10.31,0.0,0.0,0.0,-10000.0,0.0,180.0,None,0.0,228.0
2025-11-08T01:39:39.659963,38.899,20.06,508.41,20.25,3.24,3.23,3.23,3.26,0.0,0.0,0.0,0.0,-9.5,-10.31,0.0,0.0,0.0,-10000.0,0.0,180.0,None,0.0,228.0
2025-11-08T01:39:39.664246,38.903,20.06,508.41,20.25,3.24,3.23,3.23,3.26,0.0,0.0,0.0,0.0,-9.5,-10.31,0.0,0.0,0.0,-10000.0,0.0,180.0,None,0.0,181.0
2025-11-08T01:39:39.668922,38.908,20.1,565.38,20.25,3.23,3.25,3.25,3.25,0.0,0.0,0.0,0.0,-9.5,-10.31,0.0,0.0,0.0,-10000.0,0.0,180.0,None,0.0,181.0
2025-11-08T01:39:39.673116,38.912,20.1,565.38,20.25,3.23,3.25,3.25,3.25,0.0,0.0,0.0,0.0,-9.5,-10.31,0.0,0.0,0.0,-10000.0,0.0,180.0,None,0.0,181.0
2025-11-08T01:39:39.675770,38.915,20.1,565.38,20.25,3.23,3.25,3.25,3.25,0.0,0.0,0.0,0.0,-9.5,-10.31,0.0,0.0,0.0,-10000.0,0.0,180.0,None,0.0,181.0
2025-11-08T01:39:39.678920,38.918,20.03,565.38,20.29,3.25,3.23,3.23,3.27,0.0,0.0,0.0,0.0,-9.5,-10.31,0.0,0.0,0.0,-10000.0,0.0,180.0,None,0.0,181.0
2025-11-08T01:39:39.695165,38.934,20.03,565.38,20.29,3.25,3.23,3.23,3.27,0.0,0.0,0.0,0.0,-9.5,-10.31,0.0,0.0,0.0,-10000.0,0.0,180.0,None,0.0,181.0
2025-11-08T01:39:39.696159,38.935,20.03,565.38,20.29,3.25,3.23,3.23,3.27,0.0,0.0,0.0,0.0,-9.5,-10.31,0.0,0.0,0.0,-10000.0,0.0,180.0,None,0.0,181.0
2025-11-08T01:39:39.697012,38.936,20.03,565.38,20.29,3.25,3.23,3.23,3.27,0.0,0.0,0.0,0.0,-9.5,-10.31,0.0,0.0,0.0,-10000.0,0.0,180.0,None,0.0,139.0
2025-11-08T01:39:41.426768,40.666,20.03,565.38,20.29,3.25,3.23,3.23,3.27,0.0,0.0,0.0,0.0,-9.5,-10.31,0.0,0.0,0.0,-10000.0,0.0,180.0,None,0.0,139.0
2025-11-08T01:39:41.427970,40.667,20.03,565.38,20.23,3.24,3.23,3.22,3.27,0.0,0.0,0.0,0.0,-9.5,-10.31,0.0,0.0,0.0,-10000.0,0.0,180.0,None,0.0,139.0
2025-11-08T01:39:41.430417,40.669,20.03,565.38,20.23,3.24,3.23,3.22,3.27,0.0,0.0,0.0,0.0,-9.5,-10.31,0.0,0.0,0.0,-10000.0,0.0,180.0,None,0.0,139.0
2025-11-08T01:39:41.433919,40.673,20.03,565.38,20.23,3.24,3.23,3.22,3.27,0.0,0.0,0.0,0.0,-9.5,-10.31,0.0,0.0,0.0,-10000.0,0.0,180.0,None,0.0,139.0
2025-11-08T01:39:41.436793,40.676,20.03,565.38,20.23,3.24,3.23,3.22,3.27,0.0,0.0,0.0,0.0,-9.5,-10.31,0.0,0.0,0.0,-10000.0,0.0,180.0,None,0.0,139.0
2025-11-08T01:39:41.440014,40.679,20.08,508.41,20.27,3.24,3.23,3.23,3.27,0.0,0.0,0.0,0.0,-9.5,-10.31,0.0,0.0,0.0,-10000.0,0.0,180.0,None,0.0,139.0
2025-11-08T01:39:41.450713,40.690,20.08,508.41,20.27,3.24,3.23,3.23,3.27,0.0,0.0,0.0,0.0,-9.5,-10.31,0.0,0.0,0.0,-10000.0,0.0,180.0,None,0.0,319.0
2025-11-08T01:39:41.453804,40.693,20.08,508.41,20.27,3.24,3.23,3.23,3.27,0.0,0.0,0.0,0.0,-9.5,-10.31,0.0,0.0,0.0,-10000.0,0.0,180.0,None,0.0,319.0
2025-11-08T01:39:41.464311,40.703,20.08,508.41,20.27,3.24,3.23,3.23,3.27,0.0,0.0,0.0,0.0,-9.5,-10.31,0.0,0.0,0.0,-10000.0,0.0,180.0,None,0.0,319.0
2025-11-08T01:39:41.465302,40.704,20.01,508.41,20.08,3.24,3.23,3.23,3.26,0.0,0.0,0.0,0.0,-9.5,-10.31,0.0,0.0,0.0,-10000.0,0.0,180.0,None,0.0,319.0
2025-11-08T01:39:41.466039,40.705,20.01,508.41,20.08,3.24,3.23,3.23,3.26,0.0,0.0,0.0,0.0,-9.5,-10.31,0.0,0.0,0.0,-10000.0,0.0,180.0,None,0.0,319.0
2025-11-08T01:39:41.613660,40.853,20.01,508.41,20.08,3.24,3.23,3.23,3.26,0.0,0.0,0.0,0.0,-9.5,-10.31,0.0,0.0,0.0,-10000.0,0.0,180.0,None,0.0,319.0
2025-11-08T01:39:41.616156,40.855,20.01,508.41,20.08,3.24,3.23,3.23,3.26,0.0,0.0,0.0,0.0,-9.5,-10.31,0.0,0.0,0.0,-10000.0,0.0,180.0,None,0.0,319.0
2025-11-08T01:39:41.624614,40.864,20.01,508.41,20.08,3.24,3.23,3.23,3.26,0.0,0.0,0.0,0.0,-9.5,-10.31,0.0,0.0,0.0,-10000.0,0.0,180.0,None,0.0,319.0
2025-11-08T01:39:41.628978,40.868,20.03,565.38,20.27,3.24,3.23,3.23,3.27,0.0,0.0,0.0,0.0,-9.5,-10.31,0.0,0.0,0.0,-10000.0,0.0,180.0,None,0.0,319.0
2025-11-08T01:39:41.641458,40.881,20.03,565.38,20.27,3.24,3.23,3.23,3.27,0.0,0.0,0.0,0.0,-9.5,-10.31,0.0,0.0,0.0,-10000.0,0.0,180.0,None,0.0,319.0
2025-11-08T01:39:41.646114,40.885,20.03,565.38,20.27,3.24,3.23,3.23,3.27,0.0,0.0,0.0,0.0,-9.5,-10.31,0.0,0.0,0.0,-10000.0,0.0,180.0,None,0.0,319.0
2025-11-08T01:39:41.650602,40.890,20.03,565.38,20.27,3.24,3.23,3.23,3.27,0.0,0.0,0.0,0.0,-9.5,-10.31,0.0,0.0,0.0,-10000.0,0.0,180.0,None,0.0,319.0
2025-11-08T01:39:41.657720,40.897,20.01,508.41,20.21,3.24,3.23,3.22,3.28,0.0,0.0,0.0,0.0,-9.5,-10.31,0.0,0.0,0.0,-10000.0,0.0,180.0,None,0.0,319.0
2025-11-08T01:39:41.664497,40.904,20.01,508.41,20.21,3.24,3.23,3.22,3.28,0.0,0.0,0.0,0.0,-9.5,-10.31,0.0,0.0,0.0,-10000.0,0.0,180.0,None,0.0,319.0
2025-11-08T01:39:41.676645,40.916,20.01,508.41,20.21,3.24,3.23,3.22,3.28,0.0,0.0,0.0,0.0,-9.5,-10.31,0.0,0.0,0.0,-10000.0,0.0,180.0,None,0.0,319.0
2025-11-08T01:39:41.687046,40.926,20.01,508.41,20.21,3.24,3.23,3.22,3.28,0.0,0.0,0.0,0.0,-9.5,-10.31,0.0,0.0,0.0,-10000.0,0.0,180.0,None,0.0,319.0
2025-11-08T01:39:41.693619,40.933,20.06,571.46,20.27,3.23,3.24,3.23,3.26,0.0,0.0,0.0,0.0,-9.5,-10.31,0.0,0.0,0.0,-10000.0,0.0,180.0,None,0.0,319.0
2025-11-08T01:39:41.706902,40.946,20.06,571.46,20.27,3.23,3.24,3.23,3.26,0.0,0.0,0.0,0.0,-9.5,-10.31,0.0,0.0,0.0,-10000.0,0.0,180.0,None,0.0,319.0
2025-11-08T01:39:41.712672,40.952,20.06,571.46,20.27,3.23,3.24,3.23,3.26,0.0,0.0,0.0,0.0,-9.5,-10.31,0.0,0.0,0.0,-10000.0,0.0,180.0,None,0.0,319.0
2025-11-08T01:39:41.725419,40.964,20.06,571.46,20.27,3.23,3.24,3.23,3.26,0.0,0.0,0.0,0.0,-9.5,-10.31,0.0,0.0,0.0,-10000.0,0.0,180.0,None,0.0,319.0
2025-11-08T01:39:41.729886,40.969,20.01,565.38,20.27,3.24,3.24,3.23,3.26,0.0,0.0,0.0,0.0,-9.5,-10.31,0.0,0.0,0.0,-10000.0,0.0,180.0,None,0.0,319.0
2025-11-08T01:39:41.740310,40.979,20.01,565.38,20.27,3.24,3.24,3.23,3.26,0.0,0.0,0.0,0.0,-9.5,-10.31,0.0,0.0,0.0,-10000.0,0.0,180.0,None,0.0,139.0
2025-11-08T01:39:41.746940,40.986,20.01,565.38,20.27,3.24,3.24,3.23,3.26,0.0,0.0,0.0,0.0,-9.5,-10.31,0.0,0.0,0.0,-10000.0,0.0,180.0,None,0.0,139.0
2025-11-08T01:39:41.753907,40.993,20.01,565.38,20.27,3.24,3.24,3.23,3.26,0.0,0.0,0.0,0.0,-9.5,-10.31,0.0,0.0,0.0,-10000.0,0.0,180.0,None,0.0,139.0
2025-11-08T01:39:41.763753,41.003,20.01,565.38,20.27,3.24,3.24,3.23,3.26,0.0,0.0,0.0,0.0,-9.5,-10.31,0.0,0.0,0.0,-10000.0,0.0,180.0,None,0.0,139.0
2025-11-08T01:39:41.764801,41.004,20.06,508.41,20.25,3.25,3.23,3.22,3.27,0.0,0.0,0.0,0.0,-9.5,-10.31,0.0,0.0,0.0,-10000.0,0.0,180.0,None,0.0,139.0
2025-11-08T01:39:41.771768,41.011,20.06,508.41,20.25,3.25,3.23,3.22,3.27,0.0,0.0,0.0,0.0,-9.5,-10.31,0.0,0.0,0.0,-10000.0,0.0,180.0,None,0.0,139.0
2025-11-08T01:39:41.778062,41.017,20.06,508.41,20.25,3.25,3.23,3.22,3.27,0.0,0.0,0.0,0.0,-9.5,-10.31,0.0,0.0,0.0,-10000.0,0.0,180.0,None,0.0,139.0
2025-11-08T01:39:41.778985,41.018,20.06,508.41,20.25,3.25,3.23,3.22,3.27,0.0,0.0,0.0,0.0,-9.5,-10.31,0.0,0.0,0.0,-10000.0,0.0,180.0,None,0.0,139.0
2025-11-08T01:39:41.786785,41.026,20.01,571.46,20.31,3.24,3.22,3.24,3.27,0.0,0.0,0.0,0.0,-9.5,-10.31,0.0,0.0,0.0,-10000.0,0.0,180.0,None,0.0,139.0
2025-11-08T01:39:41.791679,41.031,20.01,571.46,20.31,3.24,3.22,3.24,3.27,0.0,0.0,0.0,0.0,-9.5,-10.31,0.0,0.0,0.0,-10000.0,0.0,180.0,None,0.0,139.0
2025-11-08T01:39:41.799418,41.038,20.01,571.46,20.31,3.24,3.22,3.24,3.27,0.0,0.0,0.0,0.0,-9.5,-10.31,0.0,0.0,0.0,-10000.0,0.0,180.0,None,0.0,139.0
2025-11-08T01:39:41.804288,41.043,20.01,571.46,20.31,3.24,3.22,3.24,3.27,0.0,0.0,0.0,0.0,-9.5,-10.31,0.0,0.0,0.0,-10000.0,0.0,180.0,None,0.0,139.0
2025-11-08T01:39:41.820121,41.059,20.03,508.41,20.25,3.23,3.24,3.23,3.26,0.0,0.0,0.0,0.0,-9.5,-10.31,0.0,0.0,0.0,-10000.0,0.0,180.0,None,0.0,139.0
2025-11-08T01:39:41.826924,41.066,20.03,508.41,20.25,3.23,3.24,3.23,3.26,0.0,0.0,0.0,0.0,-9.5,-10.31,0.0,0.0,0.0,-10000.0,0.0,180.0,None,0.0,139.0
2025-11-08T01:39:41.836600,41.076,20.03,508.41,20.25,3.23,3.24,3.23,3.26,0.0,0.0,0.0,0.0,-9.5,-10.31,0.0,0.0,0.0,-10000.0,0.0,180.0,None,0.0,139.0
2025-11-08T01:39:41.839846,41.079,20.03,508.41,20.25,3.23,3.24,3.23,3.26,0.0,0.0,0.0,0.0,-9.5,-10.31,0.0,0.0,0.0,-10000.0,0.0,180.0,None,0.0,139.0
2025-11-08T01:39:41.853031,41.092,20.03,508.41,20.25,3.23,3.24,3.23,3.26,0.0,0.0,0.0,0.0,-9.5,-10.31,0.0,0.0,0.0,-10000.0,0.0,180.0,None,0.0,139.0
2025-11-08T01:39:41.888894,41.128,20.01,571.46,20.27,3.23,3.23,3.23,3.27,0.0,0.0,0.0,0.0,-9.5,-10.31,0.0,0.0,0.0,-10000.0,0.0,180.0,None,0.0,139.0
2025-11-08T01:39:41.897565,41.137,20.01,571.46,20.27,3.23,3.23,3.23,3.27,0.0,0.0,0.0,0.0,-9.5,-10.31,0.0,0.0,0.0,-10000.0,0.0,180.0,None,0.0,139.0
2025-11-08T01:39:41.993229,41.232,20.01,571.46,20.27,3.23,3.23,3.23,3.27,0.0,0.0,0.0,0.0,-9.5,-10.31,0.0,0.0,0.0,-10000.0,0.0,180.0,None,0.0,139.0
2025-11-08T01:39:41.995670,41.235,20.01,571.46,20.27,3.23,3.23,3.23,3.27,0.0,0.0,0.0,0.0,-9.5,-10.31,0.0,0.0,0.0,-10000.0,0.0,180.0,None,0.0,228.0
2025-11-08T01:39:41.999626,41.239,20.01,571.46,20.27,3.23,3.23,3.23,3.27,0.0,0.0,0.0,0.0,-9.5,-10.31,0.0,0.0,0.0,-10000.0,0.0,180.0,None,0.0,228.0
2025-11-08T01:39:42.000560,41.240,20.03,571.46,20.29,3.24,3.24,3.23,3.27,0.0,0.0,0.0,0.0,-9.5,-10.31,0.0,0.0,0.0,-10000.0,0.0,180.0,None,0.0,228.0
2025-11-08T01:39:42.008131,41.247,20.03,571.46,20.29,3.24,3.24,3.23,3.27,0.0,0.0,0.0,0.0,-9.5,-10.31,0.0,0.0,0.0,-10000.0,0.0,180.0,None,0.0,228.0
2025-11-08T01:39:42.009249,41.248,20.03,571.46,20.29,3.24,3.24,3.23,3.27,0.0,0.0,0.0,0.0,-9.5,-10.31,0.0,0.0,0.0,-10000.0,0.0,180.0,None,0.0,228.0
2025-11-08T01:39:42.010021,41.249,19.97,581.99,20.29,3.24,3.23,3.23,3.27,0.0,0.0,0.0,0.0,-9.5,-10.31,0.0,0.0,0.0,-10000.0,0.0,180.0,None,0.0,228.0
2025-11-08T01:39:42.023087,41.262,19.97,581.99,20.29,3.24,3.23,3.23,3.27,0.0,0.0,0.0,0.0,-9.5,-10.31,0.0,0.0,0.0,-10000.0,0.0,180.0,None,0.0,228.0
2025-11-08T01:39:42.023907,41.263,19.97,581.99,20.29,3.24,3.23,3.23,3.27,0.0,0.0,0.0,0.0,-9.5,-10.31,0.0,0.0,0.0,-10000.0,0.0,180.0,None,0.0,228.0
2025-11-08T01:39:42.024629,41.264,19.97,581.99,20.29,3.24,3.23,3.23,3.27,0.0,0.0,0.0,0.0,-9.5,-10.31,0.0,0.0,0.0,-10000.0,0.0,180.0,None,0.0,228.0
2025-11-08T01:39:42.082892,41.322,19.97,581.99,20.29,3.24,3.23,3.23,3.27,0.0,0.0,0.0,0.0,-9.5,-10.31,0.0,0.0,0.0,-10000.0,0.0,180.0,None,0.0,228.0
2025-11-08T01:39:42.083899,41.323,20.06,565.38,20.23,3.23,3.24,3.23,3.29,0.0,0.0,0.0,0.0,-9.5,-10.31,0.0,0.0,0.0,-10000.0,0.0,180.0,None,0.0,228.0
2025-11-08T01:39:42.084591,41.324,20.06,565.38,20.23,3.23,3.24,3.23,3.29,0.0,0.0,0.0,0.0,-9.5,-10.31,0.0,0.0,0.0,-10000.0,0.0,180.0,None,0.0,228.0
2025-11-08T01:39:42.085199,41.324,20.06,565.38,20.23,3.23,3.24,3.23,3.29,0.0,0.0,0.0,0.0,-9.5,-10.31,0.0,0.0,0.0,-10000.0,0.0,180.0,None,0.0,228.0
2025-11-08T01:39:42.100821,41.340,20.06,565.38,20.23,3.23,3.24,3.23,3.29,0.0,0.0,0.0,0.0,-9.5,-10.31,0.0,0.0,0.0,-10000.0,0.0,180.0,None,0.0,228.0
2025-11-08T01:39:42.101711,41.341,20.06,565.38,20.23,3.23,3.24,3.23,3.29,0.0,0.0,0.0,0.0,-9.5,-10.31,0.0,0.0,0.0,-10000.0,0.0,180.0,None,0.0,319.0
2025-11-08T01:39:42.102444,41.342,20.08,508.41,20.21,3.24,3.23,3.23,3.26,0.0,0.0,0.0,0.0,-9.5,-10.31,0.0,0.0,0.0,-10000.0,0.0,180.0,None,0.0,319.0
