Timestamp,Elapsed_Time_s,Temp1,Temp2,Temp3,Volt1,Volt2,Volt3,Volt4,MPPT_curr_hull_port,MPPT_curr_hull_starbd,MPPT_curr_sail_port,MPPT_curr_sail_starbd,Actual_rdr_deg,Set_rdr_deg,Speed_over_gnd,IMU_roll,IMU_pitch,IMU_integral,IMU_derivative,IMU_heading,Desired_heading,Data_wind_spd,Data_wind_dir
2025-11-07T22:12:41.917199,2.494,None,None,None,None,None,None,None,None,None,None,None,0.7,0.0,0.0,0.0,0.0,0.0,0.0,180.0,None,None,None
2025-11-07T22:12:41.917909,2.495,None,None,None,None,None,None,None,None,None,None,None,0.7,0.0,0.0,0.0,0.0,0.0,0.0,180.0,None,None,None
2025-11-07T22:12:42.336058,2.913,None,None,None,None,None,None,None,None,None,None,None,0.7,0.0,0.0,0.0,0.0,0.0,0.0,180.0,None,None,None
2025-11-07T22:12:42.336569,2.913,None,None,None,None,None,None,None,None,None,None,None,0.7,0.0,0.0,0.0,0.0,0.0,0.0,180.0,None,None,None
2025-11-07T22:12:42.336956,2.914,None,None,None,None,None,None,None,None,None,None,None,0.7,0.0,0.0,0.0,0.0,0.0,0.0,180.0,None,None,None
2025-11-07T22:12:42.337584,2.914,None,None,None,None,None,None,None,None,None,None,None,0.7,0.0,0.0,0.0,0.0,0.0,0.0,180.0,None,None,None
2025-11-07T22:12:42.337978,2.915,None,None,None,None,None,None,None,None,None,None,None,0.7,0.0,0.0,0.0,0.0,0.0,0.0,180.0,None,None,None
2025-11-07T22:12:42.338452,2.915,None,None,None,None,None,None,None,None,None,None,None,0.7,0.0,0.0,0.0,0.0,0.0,0.0,180.0,None,None,None
2025-11-07T22:12:42.338801,2.916,None,None,None,None,None,None,None,None,None,None,None,0.7,0.0,0.0,0.0,0.0,0.0,0.0,180.0,None,None,None
2025-11-07T22:12:42.756679,3.334,None,None,None,None,None,None,None,None,None,None,None,0.7,0.0,0.0,0.0,0.0,0.0,0.0,180.0,None,None,None
2025-11-07T22:12:42.757343,3.334,None,None,None,None,None,None,None,None,None,None,None,0.7,0.0,0.0,0.0,0.0,0.0,0.0,180.0,None,None,None
2025-11-07T22:12:42.757773,3.335,None,None,None,None,None,None,None,None,None,None,None,0.7,0.0,0.0,0.0,0.0,0.0,0.0,180.0,None,None,None
2025-11-07T22:12:42.758140,3.335,None,None,None,None,None,None,None,None,None,None,None,0.7,0.0,0.0,0.0,0.0,0.0,0.0,180.0,None,None,None
2025-11-07T22:12:42.758505,3.335,None,None,None,None,None,None,None,None,None,None,None,0.7,0.0,0.0,0.0,0.0,0.0,0.0,180.0,None,None,None
2025-11-07T22:12:42.758856,3.336,None,None,None,None,None,None,None,None,None,None,None,0.7,0.0,0.0,0.0,0.0,0.0,0.0,180.0,None,None,None
2025-11-07T22:12:42.759206,3.336,None,None,None,None,None,None,None,None,None,None,None,0.7,0.0,0.0,0.0,0.0,0.0,0.0,180.0,None,None,None
2025-11-07T22:12:42.759569,3.336,None,None,None,None,None,None,None,None,None,None,None,0.7,0.0,0.0,0.0,0.0,0.0,0.0,180.0,None,None,None
2025-11-07T22:12:42.759929,3.337,None,None,None,None,None,None,None,None,None,None,None,0.7,0.0,0.0,0.0,0.0,0.0,0.0,180.0,None,None,None
2025-11-07T22:12:43.250216,3.827,None,None,None,None,None,None,None,None,None,None,None,0.7,0.0,0.0,0.0,0.0,0.0,0.0,180.0,None,None,None
2025-11-07T22:12:43.250994,3.828,None,None,None,None,None,None,None,None,None,None,None,0.7,0.0,0.0,0.0,0.0,0.0,0.0,180.0,None,None,None
2025-11-07T22:12:43.251469,3.828,None,None,None,None,None,None,None,None,None,None,None,0.7,0.0,0.0,0.0,0.0,0.0,0.0,180.0,None,None,None
2025-11-07T22:12:43.251888,3.829,None,None,None,None,None,None,None,None,None,None,None,0.7,0.0,0.0,0.0,0.0,0.0,0.0,180.0,None,None,None
2025-11-07T22:12:43.252284,3.829,None,None,None,None,None,None,None,None,None,None,None,0.7,0.0,0.0,0.0,0.0,0.0,0.0,180.0,None,None,None
2025-11-07T22:12:43.252662,3.829,None,None,None,None,None,None,None,None,None,None,None,0.7,0.0,0.0,0.0,0.0,0.0,0.0,180.0,None,None,None
2025-11-07T22:12:43.253007,3.830,None,None,None,None,None,None,None,None,None,None,None,0.7,0.0,0.0,0.0,0.0,0.0,0.0,180.0,None,None,None
2025-11-07T22:12:43.253352,3.830,None,None,None,None,None,None,None,None,None,None,None,0.7,0.0,0.0,0.0,0.0,0.0,0.0,180.0,None,None,None
2025-11-07T22:12:43.253754,3.831,None,None,None,None,None,None,None,None,None,None,None,0.7,0.0,0.0,0.0,0.0,0.0,0.0,180.0,None,None,None
2025-11-07T22:12:43.804686,4.382,None,None,None,None,None,None,None,None,None,None,None,0.7,0.0,0.0,0.0,0.0,0.0,0.0,180.0,None,None,None
2025-11-07T22:12:43.805261,4.382,None,None,None,None,None,None,None,None,None,None,None,0.7,0.0,0.0,0.0,0.0,0.0,0.0,180.0,None,None,None
2025-11-07T22:12:43.805693,4.383,None,None,None,None,None,None,None,None,None,None,None,0.7,0.0,0.0,0.0,0.0,0.0,0.0,180.0,None,None,None
2025-11-07T22:12:43.806062,4.383,None,None,None,None,None,None,None,None,None,None,None,0.7,0.0,0.0,0.0,0.0,0.0,0.0,180.0,None,None,None
2025-11-07T22:12:43.806429,4.383,None,None,None,None,None,None,None,None,None,None,None,0.7,0.0,0.0,0.0,0.0,0.0,0.0,180.0,None,None,None
2025-11-07T22:12:43.806830,4.384,None,None,None,None,None,None,None,None,None,None,None,0.7,0.0,0.0,0.0,0.0,0.0,0.0,180.0,None,None,None
2025-11-07T22:12:43.807231,4.384,None,None,None,None,None,None,None,None,None,None,None,0.7,0.0,0.0,0.0,0.0,0.0,0.0,180.0,None,None,None
2025-11-07T22:12:43.807677,4.384,None,None,None,None,None,None,None,None,None,None,None,0.7,0.0,0.0,0.0,0.0,0.0,0.0,180.0,None,None,None
2025-11-07T22:12:43.808100,4.385,None,None,None,None,None,None,None,None,None,None,None,0.7,0.0,0.0,0.0,0.0,0.0,0.0,180.0,None,None,None
2025-11-07T22:12:44.330404,4.907,None,None,None,None,None,None,None,None,None,None,None,0.7,0.0,0.0,0.0,0.0,0.0,0.0,180.0,None,None,None
2025-11-07T22:12:44.330962,4.908,None,None,None,None,None,None,None,None,None,None,None,0.7,0.0,0.0,0.0,0.0,0.0,0.0,180.0,None,None,None
2025-11-07T22:12:44.331368,4.908,None,None,None,None,None,None,None,None,None,None,None,0.7,0.0,0.0,0.0,0.0,0.0,0.0,180.0,None,None,None
2025-11-07T22:12:44.331704,4.909,None,None,None,None,None,None,None,None,None,None,None,0.7,0.0,0.0,0.0,0.0,0.0,0.0,180.0,None,None,None
2025-11-07T22:12:44.332079,4.909,None,None,None,None,None,None,None,None,None,None,None,0.7,0.0,0.0,0.0,0.0,0.0,0.0,180.0,None,None,None
2025-11-07T22:12:44.332443,4.909,None,None,None,None,None,None,None,None,None,None,None,0.7,0.0,0.0,0.0,0.0,0.0,0.0,180.0,None,None,None
2025-11-07T22:12:44.332823,4.910,None,None,None,None,None,None,None,None,None,None,None,0.7,0.0,0.0,0.0,0.0,0.0,0.0,180.0,None,None,None
2025-11-07T22:12:44.333195,4.910,None,None,None,None,None,None,None,None,None,None,None,0.7,0.0,0.0,0.0,0.0,0.0,0.0,180.0,None,None,None
2025-11-07T22:12:44.333576,4.910,None,None,None,None,None,None,None,None,None,None,None,0.7,0.0,0.0,0.0,0.0,0.0,0.0,180.0,None,None,None
2025-11-07T22:12:44.786904,5.364,None,None,None,None,None,None,None,None,None,None,None,0.7,0.0,0.0,0.0,0.0,0.0,0.0,180.0,None,None,None
2025-11-07T22:12:44.787648,5.364,None,None,None,None,None,None,None,None,None,None,None,0.7,0.0,0.0,0.0,0.0,0.0,0.0,180.0,None,None,None
2025-11-07T22:12:44.788142,5.365,None,None,None,None,None,None,None,None,None,None,None,0.7,0.0,0.0,0.0,0.0,0.0,0.0,180.0,None,None,None
2025-11-07T22:12:44.788575,5.365,None,None,None,None,None,None,None,None,None,None,None,0.7,0.0,0.0,0.0,0.0,0.0,0.0,180.0,None,None,None
2025-11-07T22:12:44.788969,5.366,None,None,None,None,None,None,None,None,None,None,None,0.7,0.0,0.0,0.0,0.0,0.0,0.0,180.0,None,None,None
2025-11-07T22:12:44.789392,5.366,None,None,None,None,None,None,None,None,None,None,None,0.7,0.0,0.0,0.0,0.0,0.0,0.0,180.0,None,None,None
2025-11-07T22:12:44.789788,5.367,None,None,None,None,None,None,None,None,None,None,None,0.7,0.0,0.0,0.0,0.0,0.0,0.0,180.0,None,None,None
2025-11-07T22:12:44.790270,5.367,None,None,None,None,None,None,None,None,None,None,None,0.7,0.0,0.0,0.0,0.0,0.0,0.0,180.0,None,None,None
2025-11-07T22:12:45.239817,5.817,None,None,None,None,None,None,None,None,None,None,None,0.7,0.0,0.0,0.0,0.0,0.0,0.0,180.0,None,None,None
2025-11-07T22:12:45.240547,5.817,None,None,None,None,None,None,None,None,None,None,None,0.7,0.0,0.0,0.0,0.0,0.0,0.0,180.0,None,None,None
2025-11-07T22:12:45.241026,5.818,None,None,None,None,None,None,None,None,None,None,None,0.7,0.0,0.0,0.0,0.0,0.0,0.0,180.0,None,None,None
2025-11-07T22:12:45.241495,5.818,None,None,None,None,None,None,None,None,None,None,None,0.7,0.0,0.0,0.0,0.0,0.0,0.0,180.0,None,None,None
2025-11-07T22:12:45.241903,5.819,None,None,None,None,None,None,None,None,None,None,None,0.7,0.0,0.0,0.0,0.0,0.0,0.0,180.0,None,None,None
2025-11-07T22:12:45.242222,5.819,None,None,None,None,None,None,None,None,None,None,None,0.7,0.0,0.0,0.0,0.0,0.0,0.0,180.0,None,None,None
2025-11-07T22:12:45.242593,5.819,None,None,None,None,None,None,None,None,None,None,None,0.7,0.0,0.0,0.0,0.0,0.0,0.0,180.0,None,None,None
2025-11-07T22:12:45.656447,6.233,None,None,None,None,None,None,None,None,None,None,None,0.7,0.0,0.0,0.0,0.0,0.0,0.0,180.0,None,None,None
2025-11-07T22:12:45.657024,6.234,None,None,None,None,None,None,None,None,None,None,None,0.7,0.0,0.0,0.0,0.0,0.0,0.0,180.0,None,None,None
2025-11-07T22:12:45.657557,6.234,None,None,None,None,None,None,None,None,None,None,None,0.7,0.0,0.0,0.0,0.0,0.0,0.0,180.0,None,None,None
2025-11-07T22:12:45.657937,6.235,None,None,None,None,None,None,None,None,None,None,None,0.7,0.0,0.0,0.0,0.0,0.0,0.0,180.0,None,None,None
2025-11-07T22:12:45.658303,6.235,None,None,None,None,None,None,None,None,None,None,None,0.7,0.0,0.0,0.0,0.0,0.0,0.0,180.0,None,None,None
2025-11-07T22:12:45.658619,6.235,None,None,None,None,None,None,None,None,None,None,None,0.7,0.0,0.0,0.0,0.0,0.0,0.0,180.0,None,None,None
2025-11-07T22:12:45.658923,6.236,None,None,None,None,None,None,None,None,None,None,None,0.7,0.0,0.0,0.0,0.0,0.0,0.0,180.0,None,None,None
2025-11-07T22:12:45.659267,6.236,None,None,None,None,None,None,None,None,None,None,None,0.7,0.0,0.0,0.0,0.0,0.0,0.0,180.0,None,None,None
2025-11-07T22:12:45.659554,6.236,None,None,None,None,None,None,None,None,None,None,None,0.7,0.0,0.0,0.0,0.0,0.0,0.0,180.0,None,None,None
2025-11-07T22:12:46.099492,6.676,None,None,None,None,None,None,None,None,None,None,None,0.7,0.0,0.0,0.0,0.0,0.0,0.0,180.0,None,None,None
2025-11-07T22:12:46.100858,6.678,None,None,None,None,None,None,None,None,None,None,None,0.7,0.0,0.0,0.0,0.0,0.0,0.0,180.0,None,None,None
2025-11-07T22:12:46.101250,6.678,None,None,None,None,None,None,None,None,None,None,None,0.7,0.0,0.0,0.0,0.0,0.0,0.0,180.0,None,None,None
2025-11-07T22:12:46.101625,6.678,None,None,None,None,None,None,None,None,None,None,None,0.7,0.0,0.0,0.0,0.0,0.0,0.0,180.0,None,None,None
2025-11-07T22:12:46.101997,6.679,None,None,None,None,None,None,None,None,None,None,None,0.7,0.0,0.0,0.0,0.0,0.0,0.0,180.0,None,None,None
2025-11-07T22:12:46.102360,6.679,None,None,None,None,None,None,None,None,None,None,None,0.7,0.0,0.0,0.0,0.0,0.0,0.0,180.0,None,None,None
2025-11-07T22:12:46.102715,6.680,None,None,None,None,None,None,None,None,None,None,None,0.7,0.0,0.0,0.0,0.0,0.0,0.0,180.0,None,None,None
2025-11-07T22:12:46.103104,6.680,None,None,None,None,None,None,None,None,None,None,None,0.7,0.0,0.0,0.0,0.0,0.0,0.0,180.0,None,None,None
2025-11-07T22:12:46.526000,7.103,None,None,None,None,None,None,None,None,None,None,None,0.7,0.0,0.0,0.0,0.0,0.0,0.0,180.0,None,None,None
2025-11-07T22:12:46.526716,7.104,None,None,None,None,None,None,None,None,None,None,None,0.7,0.0,0.0,0.0,0.0,0.0,0.0,180.0,None,None,None
2025-11-07T22:12:46.527156,7.104,None,None,None,None,None,None,None,None,None,None,None,0.7,0.0,0.0,0.0,0.0,0.0,0.0,180.0,None,None,None
2025-11-07T22:12:46.527541,7.104,None,None,None,None,None,None,None,None,None,None,None,0.7,0.0,0.0,0.0,0.0,0.0,0.0,180.0,None,None,None
2025-11-07T22:12:46.527912,7.105,None,None,None,None,None,None,None,None,None,None,None,0.7,0.0,0.0,0.0,0.0,0.0,0.0,180.0,None,None,None
2025-11-07T22:12:46.528318,7.105,None,None,None,None,None,None,None,None,None,None,None,0.7,0.0,0.0,0.0,0.0,0.0,0.0,180.0,None,None,None
2025-11-07T22:12:46.528721,7.106,None,None,None,None,None,None,None,None,None,None,None,0.7,0.0,0.0,0.0,0.0,0.0,0.0,180.0,None,None,None
2025-11-07T22:12:46.979172,7.556,None,None,None,None,None,None,None,None,None,None,None,0.7,0.0,0.0,0.0,0.0,0.0,0.0,180.0,None,None,None
2025-11-07T22:12:46.979833,7.557,None,None,None,None,None,None,None,None,None,None,None,0.7,0.0,0.0,0.0,0.0,0.0,0.0,180.0,None,None,None
2025-11-07T22:12:46.980284,7.557,None,None,None,None,None,None,None,None,None,None,None,0.7,0.0,0.0,0.0,0.0,0.0,0.0,180.0,None,None,None
2025-11-07T22:12:46.980846,7.558,None,None,None,None,None,None,None,None,None,None,None,0.7,0.0,0.0,0.0,0.0,0.0,0.0,180.0,None,None,None
2025-11-07T22:12:46.981306,7.558,None,None,None,None,None,None,None,None,None,None,None,0.7,0.0,0.0,0.0,0.0,0.0,0.0,180.0,None,None,None
2025-11-07T22:12:46.981687,7.559,None,None,None,None,None,None,None,None,None,None,None,0.7,0.0,0.0,0.0,0.0,0.0,0.0,180.0,None,None,None
2025-11-07T22:12:46.982019,7.559,None,None,None,None,None,None,None,None,None,None,None,0.7,0.0,0.0,0.0,0.0,0.0,0.0,180.0,None,None,None
2025-11-07T22:12:46.982339,7.559,None,None,None,None,None,None,None,None,None,None,None,0.7,0.0,0.0,0.0,0.0,0.0,0.0,180.0,None,None,None
2025-11-07T22:12:46.982639,7.559,None,None,None,None,None,None,None,None,None,None,None,0.7,0.0,0.0,0.0,0.0,0.0,0.0,180.0,None,None,None
2025-11-07T22:12:47.419266,7.996,None,None,None,None,None,None,None,None,None,None,None,0.7,0.0,0.0,0.0,0.0,0.0,0.0,180.0,None,None,None
2025-11-07T22:12:47.420008,7.997,None,None,None,None,None,None,None,None,None,None,None,0.7,0.0,0.0,0.0,0.0,0.0,0.0,180.0,None,None,None
2025-11-07T22:12:47.420546,7.997,None,None,None,None,None,None,None,None,None,None,None,0.7,0.0,0.0,0.0,0.0,0.0,0.0,180.0,None,None,None
2025-11-07T22:12:47.420990,7.998,None,None,None,None,None,None,None,None,None,None,None,0.7,0.0,0.0,0.0,0.0,0.0,0.0,180.0,None,None,None
2025-11-07T22:12:47.421410,7.998,None,None,None,None,None,None,None,None,None,None,None,0.7,0.0,0.0,0.0,0.0,0.0,0.0,180.0,None,None,None
2025-11-07T22:12:47.421742,7.999,None,None,None,None,None,None,None,None,None,None,None,0.7,0.0,0.0,0.0,0.0,0.0,0.0,180.0,None,None,None
2025-11-07T22:12:47.859305,8.436,None,None,None,None,None,None,None,None,None,None,None,0.7,0.0,0.0,0.0,0.0,0.0,0.0,180.0,None,None,None
2025-11-07T22:12:47.859892,8.437,None,None,None,None,None,None,None,None,None,None,None,0.7,0.0,0.0,0.0,0.0,0.0,0.0,180.0,None,None,None
2025-11-07T22:12:47.860303,8.437,None,None,None,None,None,None,None,None,None,None,None,0.7,0.0,0.0,0.0,0.0,0.0,0.0,180.0,None,None,None
2025-11-07T22:12:47.860619,8.437,None,None,None,None,None,None,None,None,None,None,None,0.7,0.0,0.0,0.0,0.0,0.0,0.0,180.0,None,None,None
2025-11-07T22:12:47.860917,8.438,None,None,None,None,None,None,None,None,None,None,None,0.7,0.0,0.0,0.0,0.0,0.0,0.0,180.0,None,None,None
2025-11-07T22:12:47.861240,8.438,None,None,None,None,None,None,None,None,None,None,None,0.7,0.0,0.0,0.0,0.0,0.0,0.0,180.0,None,None,None
2025-11-07T22:12:47.861613,8.438,None,None,None,None,None,None,None,None,None,None,None,0.7,0.0,0.0,0.0,0.0,0.0,0.0,180.0,None,None,None
2025-11-07T22:12:47.861908,8.439,None,None,None,None,None,None,None,None,None,None,None,0.7,0.0,0.0,0.0,0.0,0.0,0.0,180.0,None,None,None
2025-11-07T22:12:47.862196,8.439,None,None,None,None,None,None,None,None,None,None,None,0.7,0.0,0.0,0.0,0.0,0.0,0.0,180.0,None,None,None
2025-11-07T22:12:48.368720,8.946,None,None,None,None,None,None,None,None,None,None,None,0.7,0.0,0.0,0.0,0.0,0.0,0.0,180.0,None,None,None
2025-11-07T22:12:48.369402,8.946,None,None,None,None,None,None,None,None,None,None,None,0.7,0.0,0.0,0.0,0.0,0.0,0.0,180.0,None,None,None
2025-11-07T22:12:48.369822,8.947,None,None,None,None,None,None,None,None,None,None,None,0.7,0.0,0.0,0.0,0.0,0.0,0.0,180.0,None,None,None
2025-11-07T22:12:48.370219,8.947,None,None,None,None,None,None,None,None,None,None,None,0.7,0.0,0.0,0.0,0.0,0.0,0.0,180.0,None,None,None
2025-11-07T22:12:48.370657,8.947,None,None,None,None,None,None,None,None,None,None,None,0.7,0.0,0.0,0.0,0.0,0.0,0.0,180.0,None,None,None
2025-11-07T22:12:48.371221,8.948,None,None,None,None,None,None,None,None,None,None,None,0.7,0.0,0.0,0.0,0.0,0.0,0.0,180.0,None,None,None
2025-11-07T22:12:48.371635,8.948,None,None,None,None,None,None,None,None,None,None,None,0.7,0.0,0.0,0.0,0.0,0.0,0.0,180.0,None,None,None
2025-11-07T22:12:48.372018,8.949,None,None,None,None,None,None,None,None,None,None,None,0.7,0.0,0.0,0.0,0.0,0.0,0.0,180.0,None,None,None
2025-11-07T22:12:48.372415,8.949,None,None,None,None,None,None,None,None,None,None,None,0.7,0.0,0.0,0.0,0.0,0.0,0.0,180.0,None,None,None
2025-11-07T22:12:48.877063,9.454,None,None,None,None,None,None,None,None,None,None,None,0.7,0.0,0.0,0.0,0.0,0.0,0.0,180.0,None,None,None
2025-11-07T22:12:48.877677,9.454,None,None,None,None,None,None,None,None,None,None,None,0.7,0.0,0.0,0.0,0.0,0.0,0.0,180.0,None,None,None
2025-11-07T22:12:48.885599,9.462,None,None,None,None,None,None,None,None,None,None,None,0.7,0.0,0.0,0.0,0.0,0.0,0.0,180.0,None,None,None
2025-11-07T22:12:48.886161,9.463,None,None,None,None,None,None,None,None,None,None,None,0.7,0.0,0.0,0.0,0.0,0.0,0.0,180.0,None,None,None
2025-11-07T22:12:48.886551,9.463,None,None,None,None,None,None,None,None,None,None,None,0.7,0.0,0.0,0.0,0.0,0.0,0.0,180.0,None,None,None
2025-11-07T22:12:48.886944,9.464,None,None,None,None,None,None,None,None,None,None,None,0.7,0.0,0.0,0.0,0.0,0.0,0.0,180.0,None,None,None
2025-11-07T22:12:48.887282,9.464,None,None,None,None,None,None,None,None,None,None,None,0.7,0.0,0.0,0.0,0.0,0.0,0.0,180.0,None,None,None
2025-11-07T22:12:48.887667,9.464,None,None,None,None,None,None,None,None,None,None,None,0.7,0.0,0.0,0.0,0.0,0.0,0.0,180.0,None,None,None
2025-11-07T22:12:48.888079,9.465,None,None,None,None,None,None,None,None,None,None,None,0.7,0.0,0.0,0.0,0.0,0.0,0.0,180.0,None,None,None
2025-11-07T22:12:49.289023,9.866,None,None,None,None,None,None,None,None,None,None,None,0.7,0.0,0.0,0.0,0.0,0.0,0.0,180.0,None,None,None
2025-11-07T22:12:49.289728,9.867,None,None,None,None,None,None,None,None,None,None,None,0.7,0.0,0.0,0.0,0.0,0.0,0.0,180.0,None,None,None
2025-11-07T22:12:49.290223,9.867,None,None,None,None,None,None,None,None,None,None,None,0.7,0.0,0.0,0.0,0.0,0.0,0.0,180.0,None,None,None
2025-11-07T22:12:49.290681,9.868,None,None,None,None,None,None,None,None,None,None,None,0.7,0.0,0.0,0.0,0.0,0.0,0.0,180.0,None,None,None
2025-11-07T22:12:49.291105,9.868,None,None,None,None,None,None,None,None,None,None,None,0.7,0.0,0.0,0.0,0.0,0.0,0.0,180.0,None,None,None
2025-11-07T22:12:49.291484,9.868,None,None,None,None,None,None,None,None,None,None,None,0.7,0.0,0.0,0.0,0.0,0.0,0.0,180.0,None,None,None
2025-11-07T22:12:49.291827,9.869,None,None,None,None,None,None,None,None,None,None,None,0.7,0.0,0.0,0.0,0.0,0.0,0.0,180.0,None,None,None
2025-11-07T22:12:49.688979,10.266,None,None,None,None,None,None,None,None,None,None,None,0.7,0.0,0.0,0.0,0.0,0.0,0.0,180.0,None,None,None
2025-11-07T22:12:49.689682,10.267,None,None,None,None,None,None,None,None,None,None,None,0.7,0.0,0.0,0.0,0.0,0.0,0.0,180.0,None,None,None
2025-11-07T22:12:49.690123,10.267,None,None,None,None,None,None,None,None,None,None,None,0.7,0.0,0.0,0.0,0.0,0.0,0.0,180.0,None,None,None
2025-11-07T22:12:49.690548,10.267,None,None,None,None,None,None,None,None,None,None,None,0.7,0.0,0.0,0.0,0.0,0.0,0.0,180.0,None,None,None
2025-11-07T22:12:49.690961,10.268,None,None,None,None,None,None,None,None,None,None,None,0.7,0.0,0.0,0.0,0.0,0.0,0.0,180.0,None,None,None
2025-11-07T22:12:49.691325,10.268,None,None,None,None,None,None,None,None,None,None,None,0.7,0.0,0.0,0.0,0.0,0.0,0.0,180.0,None,None,None
2025-11-07T22:12:49.691679,10.268,None,None,None,None,None,None,None,None,None,None,None,0.7,0.0,0.0,0.0,0.0,0.0,0.0,180.0,None,None,None
2025-11-07T22:12:50.123962,10.701,None,None,None,None,None,None,None,None,None,None,None,0.7,0.0,0.0,0.0,0.0,0.0,0.0,180.0,None,None,None
2025-11-07T22:12:50.124704,10.702,None,None,None,None,None,None,None,None,None,None,None,0.7,0.0,0.0,0.0,0.0,0.0,0.0,180.0,None,None,None
2025-11-07T22:12:50.125132,10.702,None,None,None,None,None,None,None,None,None,None,None,0.7,0.0,0.0,0.0,0.0,0.0,0.0,180.0,None,None,None
2025-11-07T22:12:50.125555,10.702,None,None,None,None,None,None,None,None,None,None,None,0.7,0.0,0.0,0.0,0.0,0.0,0.0,180.0,None,None,None
2025-11-07T22:12:50.125921,10.703,None,None,None,None,None,None,None,None,None,None,None,0.7,0.0,0.0,0.0,0.0,0.0,0.0,180.0,None,None,None
2025-11-07T22:12:50.126288,10.703,None,None,None,None,None,None,None,None,None,None,None,0.7,0.0,0.0,0.0,0.0,0.0,0.0,180.0,None,None,None
2025-11-07T22:12:50.126669,10.703,None,None,None,None,None,None,None,None,None,None,None,0.7,0.0,0.0,0.0,0.0,0.0,0.0,180.0,None,None,None
2025-11-07T22:12:50.532829,11.110,None,None,None,None,None,None,None,None,None,None,None,0.7,0.0,0.0,0.0,0.0,0.0,0.0,180.0,None,None,None
2025-11-07T22:12:50.533461,11.110,None,None,None,None,None,None,None,None,None,None,None,0.7,0.0,0.0,0.0,0.0,0.0,0.0,180.0,None,None,None
2025-11-07T22:12:50.533917,11.111,None,None,None,None,None,None,None,None,None,None,None,0.7,0.0,0.0,0.0,0.0,0.0,0.0,180.0,None,None,None
2025-11-07T22:12:50.534313,11.111,None,None,None,None,None,None,None,None,None,None,None,0.7,0.0,0.0,0.0,0.0,0.0,0.0,180.0,None,None,None
2025-11-07T22:12:50.534677,11.111,None,None,None,None,None,None,None,None,None,None,None,0.7,0.0,0.0,0.0,0.0,0.0,0.0,180.0,None,None,None
2025-11-07T22:12:50.535028,11.112,None,None,None,None,None,None,None,None,None,None,None,0.7,0.0,0.0,0.0,0.0,0.0,0.0,180.0,None,None,None
2025-11-07T22:12:50.535447,11.112,None,None,None,None,None,None,None,None,None,None,None,0.7,0.0,0.0,0.0,0.0,0.0,0.0,180.0,None,None,None
2025-11-07T22:12:50.956245,11.533,None,None,None,None,None,None,None,None,None,None,None,0.7,0.0,0.0,0.0,0.0,0.0,0.0,180.0,None,None,None
2025-11-07T22:12:50.957004,11.534,None,None,None,None,None,None,None,None,None,None,None,0.7,0.0,0.0,0.0,0.0,0.0,0.0,180.0,None,None,None
2025-11-07T22:12:50.957593,11.534,None,None,None,None,None,None,None,None,None,None,None,0.7,0.0,0.0,0.0,0.0,0.0,0.0,180.0,None,None,None
2025-11-07T22:12:50.957983,11.535,None,None,None,None,None,None,None,None,None,None,None,0.7,0.0,0.0,0.0,0.0,0.0,0.0,180.0,None,None,None
2025-11-07T22:12:50.958372,11.535,None,None,None,None,None,None,None,None,None,None,None,0.7,0.0,0.0,0.0,0.0,0.0,0.0,180.0,None,None,None
2025-11-07T22:12:50.958776,11.536,None,None,None,None,None,None,None,None,None,None,None,0.7,0.0,0.0,0.0,0.0,0.0,0.0,180.0,None,None,None
2025-11-07T22:12:50.959166,11.536,None,None,None,None,None,None,None,None,None,None,None,0.7,0.0,0.0,0.0,0.0,0.0,0.0,180.0,None,None,None
2025-11-07T22:12:50.959593,11.536,None,None,None,None,None,None,None,None,None,None,None,0.7,0.0,0.0,0.0,0.0,0.0,0.0,180.0,None,None,None
2025-11-07T22:12:51.391407,11.968,None,None,None,None,None,None,None,None,None,None,None,0.7,0.0,0.0,0.0,0.0,0.0,0.0,180.0,None,None,None
2025-11-07T22:12:51.391954,11.969,None,None,None,None,None,None,None,None,None,None,None,0.7,0.0,0.0,0.0,0.0,0.0,0.0,180.0,None,None,None
2025-11-07T22:12:51.392325,11.969,None,None,None,None,None,None,None,None,None,None,None,0.7,0.0,0.0,0.0,0.0,0.0,0.0,180.0,None,None,None
2025-11-07T22:12:51.392684,11.970,None,None,None,None,None,None,None,None,None,None,None,0.7,0.0,0.0,0.0,0.0,0.0,0.0,180.0,None,None,None
2025-11-07T22:12:51.393024,11.970,None,None,None,None,None,None,None,None,None,None,None,0.7,0.0,0.0,0.0,0.0,0.0,0.0,180.0,None,None,None
2025-11-07T22:12:51.393334,11.970,None,None,None,None,None,None,None,None,None,None,None,0.7,0.0,0.0,0.0,0.0,0.0,0.0,180.0,None,None,None
2025-11-07T22:12:51.393659,11.970,None,None,None,None,None,None,None,None,None,None,None,0.7,0.0,0.0,0.0,0.0,0.0,0.0,180.0,None,None,None
2025-11-07T22:12:51.393971,11.971,None,None,None,None,None,None,None,None,None,None,None,0.7,0.0,0.0,0.0,0.0,0.0,0.0,180.0,None,None,None
2025-11-07T22:12:51.811498,12.388,None,None,None,None,None,None,None,None,None,None,None,0.7,0.0,0.0,0.0,0.0,0.0,0.0,180.0,None,None,None
2025-11-07T22:12:51.812176,12.389,None,None,None,None,None,None,None,None,None,None,None,0.7,0.0,0.0,0.0,0.0,0.0,0.0,180.0,None,None,None
2025-11-07T22:12:51.812660,12.389,None,None,None,None,None,None,None,None,None,None,None,0.7,0.0,0.0,0.0,0.0,0.0,0.0,180.0,None,None,None
2025-11-07T22:12:51.813074,12.390,None,None,None,None,None,None,None,None,None,None,None,0.7,0.0,0.0,0.0,0.0,0.0,0.0,180.0,None,None,None
2025-11-07T22:12:51.813438,12.390,None,None,None,None,None,None,None,None,None,None,None,0.7,0.0,0.0,0.0,0.0,0.0,0.0,180.0,None,None,None
2025-11-07T22:12:51.813850,12.391,None,None,None,None,None,None,None,None,None,None,None,0.7,0.0,0.0,0.0,0.0,0.0,0.0,180.0,None,None,None
2025-11-07T22:12:51.814203,12.391,None,None,None,None,None,None,None,None,None,None,None,0.7,0.0,0.0,0.0,0.0,0.0,0.0,180.0,None,None,None
2025-11-07T22:12:52.248734,12.826,None,None,None,None,None,None,None,None,None,None,None,0.7,0.0,0.0,0.0,0.0,0.0,0.0,180.0,None,None,None
2025-11-07T22:12:52.249441,12.826,None,None,None,None,None,None,None,None,None,None,None,0.7,0.0,0.0,0.0,0.0,0.0,0.0,180.0,None,None,None
2025-11-07T22:12:52.249897,12.827,None,None,None,None,None,None,None,None,None,None,None,0.7,0.0,0.0,0.0,0.0,0.0,0.0,180.0,None,None,None
2025-11-07T22:12:52.250305,12.827,None,None,None,None,None,None,None,None,None,None,None,0.7,0.0,0.0,0.0,0.0,0.0,0.0,180.0,None,None,None
2025-11-07T22:12:52.250703,12.828,None,None,None,None,None,None,None,None,None,None,None,0.7,0.0,0.0,0.0,0.0,0.0,0.0,180.0,None,None,None
2025-11-07T22:12:52.251104,12.828,None,None,None,None,None,None,None,None,None,None,None,0.7,0.0,0.0,0.0,0.0,0.0,0.0,180.0,None,None,None
2025-11-07T22:12:52.251452,12.828,None,None,None,None,None,None,None,None,None,None,None,0.7,0.0,0.0,0.0,0.0,0.0,0.0,180.0,None,None,None
2025-11-07T22:12:52.251930,12.829,None,None,None,None,None,None,None,None,None,None,None,0.7,0.0,0.0,0.0,0.0,0.0,0.0,180.0,None,None,None
2025-11-07T22:12:52.673687,13.251,None,None,None,None,None,None,None,None,None,None,None,0.7,0.0,0.0,0.0,0.0,0.0,0.0,180.0,None,None,None
2025-11-07T22:12:52.674287,13.251,None,None,None,None,None,None,None,None,None,None,None,0.7,0.0,0.0,0.0,0.0,0.0,0.0,180.0,None,None,None
2025-11-07T22:12:52.674695,13.252,None,None,None,None,None,None,None,None,None,None,None,0.7,0.0,0.0,0.0,0.0,0.0,0.0,180.0,None,None,None
2025-11-07T22:12:52.675054,13.252,None,None,None,None,None,None,None,None,None,None,None,0.7,0.0,0.0,0.0,0.0,0.0,0.0,180.0,None,None,None
2025-11-07T22:12:52.675368,13.252,None,None,None,None,None,None,None,None,None,None,None,0.7,0.0,0.0,0.0,0.0,0.0,0.0,180.0,None,None,None
2025-11-07T22:12:52.675691,13.253,None,None,None,None,None,None,None,None,None,None,None,0.7,0.0,0.0,0.0,0.0,0.0,0.0,180.0,None,None,None
2025-11-07T22:12:52.676002,13.253,None,None,None,None,None,None,None,None,None,None,None,0.7,0.0,0.0,0.0,0.0,0.0,0.0,180.0,None,None,None
2025-11-07T22:12:52.676292,13.253,None,None,None,None,None,None,None,None,None,None,None,0.7,0.0,0.0,0.0,0.0,0.0,0.0,180.0,None,None,None
2025-11-07T22:12:53.105408,13.682,None,None,None,None,None,None,None,None,None,None,None,0.7,0.0,0.0,0.0,0.0,0.0,0.0,180.0,None,None,None
2025-11-07T22:12:53.105961,13.683,None,None,None,None,None,None,None,None,None,None,None,0.7,0.0,0.0,0.0,0.0,0.0,0.0,180.0,None,None,None
2025-11-07T22:12:53.106331,13.683,None,None,None,None,None,None,None,None,None,None,None,0.7,0.0,0.0,0.0,0.0,0.0,0.0,180.0,None,None,None
2025-11-07T22:12:53.106690,13.684,None,None,None,None,None,None,None,None,None,None,None,0.7,0.0,0.0,0.0,0.0,0.0,0.0,180.0,None,None,None
2025-11-07T22:12:53.107008,13.684,None,None,None,None,None,None,None,None,None,None,None,0.7,0.0,0.0,0.0,0.0,0.0,0.0,180.0,None,None,None
2025-11-07T22:12:53.107283,13.684,None,None,None,None,None,None,None,None,None,None,None,0.7,0.0,0.0,0.0,0.0,0.0,0.0,180.0,None,None,None
2025-11-07T22:12:53.107571,13.684,None,None,None,None,None,None,None,None,None,None,None,0.7,0.0,0.0,0.0,0.0,0.0,0.0,180.0,None,None,None
2025-11-07T22:12:53.107848,13.685,None,None,None,None,None,None,None,None,None,None,None,0.7,0.0,0.0,0.0,0.0,0.0,0.0,180.0,None,None,None
2025-11-07T22:12:53.535044,14.112,None,None,None,None,None,None,None,None,None,None,None,0.7,0.0,0.0,0.0,0.0,0.0,0.0,180.0,None,None,None
2025-11-07T22:12:53.535764,14.113,None,None,None,None,None,None,None,None,None,None,None,0.7,0.0,0.0,0.0,0.0,0.0,0.0,180.0,None,None,None
2025-11-07T22:12:53.536276,14.113,None,None,None,None,None,None,None,None,None,None,None,0.7,0.0,0.0,0.0,0.0,0.0,0.0,180.0,None,None,None
2025-11-07T22:12:53.536791,14.114,None,None,None,None,None,None,None,None,None,None,None,0.7,0.0,0.0,0.0,0.0,0.0,0.0,180.0,None,None,None
2025-11-07T22:12:53.537127,14.114,None,None,None,None,None,None,None,None,None,None,None,0.7,0.0,0.0,0.0,0.0,0.0,0.0,180.0,None,None,None
2025-11-07T22:12:53.537503,14.114,None,None,None,None,None,None,None,None,None,None,None,0.7,0.0,0.0,0.0,0.0,0.0,0.0,180.0,None,None,None
2025-11-07T22:12:53.537854,14.115,None,None,None,None,None,None,None,None,None,None,None,0.7,0.0,0.0,0.0,0.0,0.0,0.0,180.0,None,None,None
2025-11-07T22:12:53.983101,14.560,None,None,None,None,None,None,None,None,None,None,None,0.7,0.0,0.0,0.0,0.0,0.0,0.0,180.0,None,None,None
2025-11-07T22:12:53.984129,14.561,None,None,None,None,None,None,None,None,None,None,None,0.7,0.0,0.0,0.0,0.0,0.0,0.0,180.0,None,None,None
2025-11-07T22:12:53.984813,14.562,None,None,None,None,None,None,None,None,None,None,None,0.7,0.0,0.0,0.0,0.0,0.0,0.0,180.0,None,None,None
2025-11-07T22:12:53.985506,14.562,None,None,None,None,None,None,None,None,None,None,None,0.7,0.0,0.0,0.0,0.0,0.0,0.0,180.0,None,None,None
2025-11-07T22:12:53.986121,14.563,None,None,None,None,None,None,None,None,None,None,None,0.7,0.0,0.0,0.0,0.0,0.0,0.0,180.0,None,None,None
2025-11-07T22:12:53.986867,14.564,None,None,None,None,None,None,None,None,None,None,None,0.7,0.0,0.0,0.0,0.0,0.0,0.0,180.0,None,None,None
2025-11-07T22:12:53.987506,14.564,None,None,None,None,None,None,None,None,None,None,None,0.7,0.0,0.0,0.0,0.0,0.0,0.0,180.0,None,None,None
2025-11-07T22:12:53.988013,14.565,None,None,None,None,None,None,None,None,None,None,None,0.7,0.0,0.0,0.0,0.0,0.0,0.0,180.0,None,None,None
2025-11-07T22:12:53.988580,14.565,None,None,None,None,None,None,None,None,None,None,None,0.7,0.0,0.0,0.0,0.0,0.0,0.0,180.0,None,None,None
2025-11-07T22:12:54.433355,15.010,None,None,None,None,None,None,None,None,None,None,None,0.7,0.0,0.0,0.0,0.0,0.0,0.0,180.0,None,None,None
2025-11-07T22:12:54.433891,15.011,None,None,None,None,None,None,None,None,None,None,None,0.7,0.0,0.0,0.0,0.0,0.0,0.0,180.0,None,None,None
2025-11-07T22:12:54.434268,15.011,None,None,None,None,None,None,None,None,None,None,None,0.7,0.0,0.0,0.0,0.0,0.0,0.0,180.0,None,None,None
2025-11-07T22:12:54.434624,15.011,None,None,None,None,None,None,None,None,None,None,None,0.7,0.0,0.0,0.0,0.0,0.0,0.0,180.0,None,None,None
2025-11-07T22:12:54.435043,15.012,None,None,None,None,None,None,None,None,None,None,None,0.7,0.0,0.0,0.0,0.0,0.0,0.0,180.0,None,None,None
2025-11-07T22:12:54.435359,15.012,None,None,None,None,None,None,None,None,None,None,None,0.7,0.0,0.0,0.0,0.0,0.0,0.0,180.0,None,None,None
2025-11-07T22:12:54.931526,15.508,None,None,None,None,None,None,None,None,None,None,None,0.7,0.0,0.0,0.0,0.0,0.0,0.0,180.0,None,None,None
2025-11-07T22:12:54.932484,15.509,None,None,None,None,None,None,None,None,None,None,None,0.7,0.0,0.0,0.0,0.0,0.0,0.0,180.0,None,None,None
2025-11-07T22:12:54.934243,15.511,None,None,None,None,None,None,None,None,None,None,None,0.7,0.0,0.0,0.0,0.0,0.0,0.0,180.0,None,None,None
2025-11-07T22:12:54.934724,15.512,None,None,None,None,None,None,None,None,None,None,None,0.7,0.0,0.0,0.0,0.0,0.0,0.0,180.0,None,None,None
2025-11-07T22:12:54.935267,15.512,None,None,None,None,None,None,None,None,None,None,None,0.7,0.0,0.0,0.0,0.0,0.0,0.0,180.0,None,None,None
2025-11-07T22:12:54.935920,15.513,None,None,None,None,None,None,None,None,None,None,None,0.7,0.0,0.0,0.0,0.0,0.0,0.0,180.0,None,None,None
2025-11-07T22:12:54.936325,15.513,None,None,None,None,None,None,None,None,None,None,None,0.7,0.0,0.0,0.0,0.0,0.0,0.0,180.0,None,None,None
2025-11-07T22:12:54.936668,15.513,None,None,None,None,None,None,None,None,None,None,None,0.7,0.0,0.0,0.0,0.0,0.0,0.0,180.0,None,None,None
2025-11-07T22:12:54.937052,15.514,None,None,None,None,None,None,None,None,None,None,None,0.7,0.0,0.0,0.0,0.0,0.0,0.0,180.0,None,None,None
2025-11-07T22:12:55.397784,15.975,None,None,None,None,None,None,None,None,None,None,None,0.7,0.0,0.0,0.0,0.0,0.0,0.0,180.0,None,None,None
2025-11-07T22:12:55.398364,15.975,None,None,None,None,None,None,None,None,None,None,None,0.7,0.0,0.0,0.0,0.0,0.0,0.0,180.0,None,None,None
2025-11-07T22:12:55.398785,15.976,None,None,None,None,None,None,None,None,None,None,None,0.7,0.0,0.0,0.0,0.0,0.0,0.0,180.0,None,None,None
2025-11-07T22:12:55.399131,15.976,None,None,None,None,None,None,None,None,None,None,None,0.7,0.0,0.0,0.0,0.0,0.0,0.0,180.0,None,None,None
2025-11-07T22:12:55.399483,15.976,None,None,None,None,None,None,None,None,None,None,None,0.7,0.0,0.0,0.0,0.0,0.0,0.0,180.0,None,None,None
2025-11-07T22:12:55.399821,15.977,None,None,None,None,None,None,None,None,None,None,None,0.7,0.0,0.0,0.0,0.0,0.0,0.0,180.0,None,None,None
2025-11-07T22:12:55.400170,15.977,None,None,None,None,None,None,None,None,None,None,None,0.7,0.0,0.0,0.0,0.0,0.0,0.0,180.0,None,None,None
2025-11-07T22:12:55.400584,15.977,None,None,None,None,None,None,None,None,None,None,None,0.7,0.0,0.0,0.0,0.0,0.0,0.0,180.0,None,None,None
2025-11-07T22:12:55.400973,15.978,None,None,None,None,None,None,None,None,None,None,None,0.7,0.0,0.0,0.0,0.0,0.0,0.0,180.0,None,None,None
2025-11-07T22:12:55.837262,16.414,None,None,None,None,None,None,None,None,None,None,None,0.7,0.0,0.0,0.0,0.0,0.0,0.0,180.0,None,None,None
2025-11-07T22:12:55.837972,16.415,None,None,None,None,None,None,None,None,None,None,None,0.7,0.0,0.0,0.0,0.0,0.0,0.0,180.0,None,None,None
2025-11-07T22:12:55.838521,16.415,None,None,None,None,None,None,None,None,None,None,None,0.7,0.0,0.0,0.0,0.0,0.0,0.0,180.0,None,None,None
2025-11-07T22:12:55.838959,16.416,None,None,None,None,None,None,None,None,None,None,None,0.7,0.0,0.0,0.0,0.0,0.0,0.0,180.0,None,None,None
2025-11-07T22:12:55.839344,16.416,None,None,None,None,None,None,None,None,None,None,None,0.7,0.0,0.0,0.0,0.0,0.0,0.0,180.0,None,None,None
2025-11-07T22:12:55.839736,16.417,None,None,None,None,None,None,None,None,None,None,None,0.7,0.0,0.0,0.0,0.0,0.0,0.0,180.0,None,None,None
2025-11-07T22:12:55.840039,16.417,None,None,None,None,None,None,None,None,None,None,None,0.7,0.0,0.0,0.0,0.0,0.0,0.0,180.0,None,None,None
2025-11-07T22:12:56.326553,16.903,None,None,None,None,None,None,None,None,None,None,None,0.7,0.0,0.0,0.0,0.0,0.0,0.0,180.0,None,None,None
2025-11-07T22:12:56.327502,16.904,None,None,None,None,None,None,None,None,None,None,None,0.7,0.0,0.0,0.0,0.0,0.0,0.0,180.0,None,None,None
2025-11-07T22:12:56.327988,16.905,None,None,None,None,None,None,None,None,None,None,None,0.7,0.0,0.0,0.0,0.0,0.0,0.0,180.0,None,None,None
2025-11-07T22:12:56.328435,16.905,None,None,None,None,None,None,None,None,None,None,None,0.7,0.0,0.0,0.0,0.0,0.0,0.0,180.0,None,None,None
2025-11-07T22:12:56.328844,16.906,None,None,None,None,None,None,None,None,None,None,None,0.7,0.0,0.0,0.0,0.0,0.0,0.0,180.0,None,None,None
2025-11-07T22:12:56.329164,16.906,None,None,None,None,None,None,None,None,None,None,None,0.7,0.0,0.0,0.0,0.0,0.0,0.0,180.0,None,None,None
2025-11-07T22:12:56.329489,16.906,None,None,None,None,None,None,None,None,None,None,None,0.7,0.0,0.0,0.0,0.0,0.0,0.0,180.0,None,None,None
2025-11-07T22:12:56.329811,16.907,None,None,None,None,None,None,None,None,None,None,None,0.7,0.0,0.0,0.0,0.0,0.0,0.0,180.0,None,None,None
2025-11-07T22:12:56.330136,16.907,None,None,None,None,None,None,None,None,None,None,None,0.7,0.0,0.0,0.0,0.0,0.0,0.0,180.0,None,None,None
2025-11-07T22:12:56.778029,17.355,None,None,None,None,None,None,None,None,None,None,None,0.7,0.0,0.0,0.0,0.0,0.0,0.0,180.0,None,None,None
2025-11-07T22:12:56.778713,17.356,None,None,None,None,None,None,None,None,None,None,None,0.7,0.0,0.0,0.0,0.0,0.0,0.0,180.0,None,None,None
2025-11-07T22:12:56.779190,17.356,None,None,None,None,None,None,None,None,None,None,None,0.7,0.0,0.0,0.0,0.0,0.0,0.0,180.0,None,None,None
2025-11-07T22:12:56.779613,17.356,None,None,None,None,None,None,None,None,None,None,None,0.7,0.0,0.0,0.0,0.0,0.0,0.0,180.0,None,None,None
2025-11-07T22:12:56.779942,17.357,None,None,None,None,None,None,None,None,None,None,None,0.7,0.0,0.0,0.0,0.0,0.0,0.0,180.0,None,None,None
2025-11-07T22:12:56.780263,17.357,None,None,None,None,None,None,None,None,None,None,None,0.7,0.0,0.0,0.0,0.0,0.0,0.0,180.0,None,None,None
2025-11-07T22:12:56.780585,17.357,None,None,None,None,None,None,None,None,None,None,None,0.7,0.0,0.0,0.0,0.0,0.0,0.0,180.0,None,None,None
2025-11-07T22:12:56.780902,17.358,None,None,None,None,None,None,None,None,None,None,None,0.7,0.0,0.0,0.0,0.0,0.0,0.0,180.0,None,None,None
2025-11-07T22:12:56.781245,17.358,None,None,None,None,None,None,None,None,None,None,None,0.7,0.0,0.0,0.0,0.0,0.0,0.0,180.0,None,None,None
2025-11-07T22:12:57.291031,17.868,None,None,None,None,None,None,None,None,None,None,None,0.7,0.0,0.0,0.0,0.0,0.0,0.0,180.0,None,None,None
2025-11-07T22:12:57.291530,17.868,None,None,None,None,None,None,None,None,None,None,None,0.7,0.0,0.0,0.0,0.0,0.0,0.0,180.0,None,None,None
2025-11-07T22:12:57.291950,17.869,None,None,None,None,None,None,None,None,None,None,None,0.7,0.0,0.0,0.0,0.0,0.0,0.0,180.0,None,None,None
2025-11-07T22:12:57.292361,17.869,None,None,None,None,None,None,None,None,None,None,None,0.7,0.0,0.0,0.0,0.0,0.0,0.0,180.0,None,None,None
2025-11-07T22:12:57.292763,17.870,None,None,None,None,None,None,None,None,None,None,None,0.7,0.0,0.0,0.0,0.0,0.0,0.0,180.0,None,None,None
2025-11-07T22:12:57.293469,17.870,None,None,None,None,None,None,None,None,None,None,None,0.7,0.0,0.0,0.0,0.0,0.0,0.0,180.0,None,None,None
2025-11-07T22:12:57.293977,17.871,None,None,None,None,None,None,None,None,None,None,None,0.7,0.0,0.0,0.0,0.0,0.0,0.0,180.0,None,None,None
2025-11-07T22:12:57.294493,17.871,None,None,None,None,None,None,None,None,None,None,None,0.7,0.0,0.0,0.0,0.0,0.0,0.0,180.0,None,None,None
2025-11-07T22:12:57.294983,17.872,None,None,None,None,None,None,None,None,None,None,None,0.7,0.0,0.0,0.0,0.0,0.0,0.0,180.0,None,None,None
2025-11-07T22:12:57.798136,18.375,None,None,None,None,None,None,None,None,None,None,None,0.7,0.0,0.0,0.0,0.0,0.0,0.0,180.0,None,None,None
2025-11-07T22:12:57.798736,18.376,None,None,None,None,None,None,None,None,None,None,None,0.7,0.0,0.0,0.0,0.0,0.0,0.0,180.0,None,None,None
2025-11-07T22:12:57.799153,18.376,None,None,None,None,None,None,None,None,None,None,None,0.7,0.0,0.0,0.0,0.0,0.0,0.0,180.0,None,None,None
2025-11-07T22:12:57.799497,18.376,None,None,None,None,None,None,None,None,None,None,None,0.7,0.0,0.0,0.0,0.0,0.0,0.0,180.0,None,None,None
2025-11-07T22:12:57.800157,18.377,None,None,None,None,None,None,None,None,None,None,None,0.7,0.0,0.0,0.0,0.0,0.0,0.0,180.0,None,None,None
2025-11-07T22:12:57.800735,18.378,None,None,None,None,None,None,None,None,None,None,None,0.7,0.0,0.0,0.0,0.0,0.0,0.0,180.0,None,None,None
2025-11-07T22:12:57.801243,18.378,None,None,None,None,None,None,None,None,None,None,None,0.7,0.0,0.0,0.0,0.0,0.0,0.0,180.0,None,None,None
2025-11-07T22:12:57.801744,18.379,None,None,None,None,None,None,None,None,None,None,None,0.7,0.0,0.0,0.0,0.0,0.0,0.0,180.0,None,None,None
2025-11-07T22:12:57.802204,18.379,None,None,None,None,None,None,None,None,None,None,None,0.7,0.0,0.0,0.0,0.0,0.0,0.0,180.0,None,None,None
2025-11-07T22:12:58.336215,18.913,None,None,None,None,None,None,None,None,None,None,None,0.7,0.0,0.0,0.0,0.0,0.0,0.0,180.0,None,None,None
2025-11-07T22:12:58.336908,18.914,None,None,None,None,None,None,None,None,None,None,None,0.7,0.0,0.0,0.0,0.0,0.0,0.0,180.0,None,None,None
2025-11-07T22:12:58.337367,18.914,None,None,None,None,None,None,None,None,None,None,None,0.7,0.0,0.0,0.0,0.0,0.0,0.0,180.0,None,None,None
2025-11-07T22:12:58.337813,18.915,None,None,None,None,None,None,None,None,None,None,None,0.7,0.0,0.0,0.0,0.0,0.0,0.0,180.0,None,None,None
2025-11-07T22:12:58.338189,18.915,None,None,None,None,None,None,None,None,None,None,None,0.7,0.0,0.0,0.0,0.0,0.0,0.0,180.0,None,None,None
2025-11-07T22:12:58.338601,18.915,None,None,None,None,None,None,None,None,None,None,None,0.7,0.0,0.0,0.0,0.0,0.0,0.0,180.0,None,None,None
2025-11-07T22:12:58.339127,18.916,None,None,None,None,None,None,None,None,None,None,None,0.7,0.0,0.0,0.0,0.0,0.0,0.0,180.0,None,None,None
2025-11-07T22:12:58.339577,18.916,None,None,None,None,None,None,None,None,None,None,None,0.7,0.0,0.0,0.0,0.0,0.0,0.0,180.0,None,None,None
2025-11-07T22:12:58.339998,18.917,None,None,None,None,None,None,None,None,None,None,None,0.7,0.0,0.0,0.0,0.0,0.0,0.0,180.0,None,None,None
2025-11-07T22:12:58.773538,19.350,None,None,None,None,None,None,None,None,None,None,None,0.7,0.0,0.0,0.0,0.0,0.0,0.0,180.0,None,None,None
2025-11-07T22:12:58.774270,19.351,None,None,None,None,None,None,None,None,None,None,None,0.7,0.0,0.0,0.0,0.0,0.0,0.0,180.0,None,None,None
2025-11-07T22:12:58.774826,19.352,None,None,None,None,None,None,None,None,None,None,None,0.7,0.0,0.0,0.0,0.0,0.0,0.0,180.0,None,None,None
2025-11-07T22:12:58.775218,19.352,None,None,None,None,None,None,None,None,None,None,None,0.7,0.0,0.0,0.0,0.0,0.0,0.0,180.0,None,None,None
2025-11-07T22:12:58.775630,19.352,None,None,None,None,None,None,None,None,None,None,None,0.7,0.0,0.0,0.0,0.0,0.0,0.0,180.0,None,None,None
2025-11-07T22:12:58.776079,19.353,None,None,None,None,None,None,None,None,None,None,None,0.7,0.0,0.0,0.0,0.0,0.0,0.0,180.0,None,None,None
2025-11-07T22:12:58.776579,19.353,None,None,None,None,None,None,None,None,None,None,None,0.7,0.0,0.0,0.0,0.0,0.0,0.0,180.0,None,None,None
2025-11-07T22:12:58.777057,19.354,None,None,None,None,None,None,None,None,None,None,None,0.7,0.0,0.0,0.0,0.0,0.0,0.0,180.0,None,None,None
2025-11-07T22:12:58.777521,19.354,None,None,None,None,None,None,None,None,None,None,None,0.7,0.0,0.0,0.0,0.0,0.0,0.0,180.0,None,None,None
2025-11-07T22:12:59.217775,19.795,None,None,None,None,None,None,None,None,None,None,None,0.7,0.0,0.0,0.0,0.0,0.0,0.0,180.0,None,None,None
2025-11-07T22:12:59.218455,19.795,None,None,None,None,None,None,None,None,None,None,None,0.7,0.0,0.0,0.0,0.0,0.0,0.0,180.0,None,None,None
2025-11-07T22:12:59.218994,19.796,None,None,None,None,None,None,None,None,None,None,None,0.7,0.0,0.0,0.0,0.0,0.0,0.0,180.0,None,None,None
2025-11-07T22:12:59.219497,19.796,None,None,None,None,None,None,None,None,None,None,None,0.7,0.0,0.0,0.0,0.0,0.0,0.0,180.0,None,None,None
2025-11-07T22:12:59.219955,19.797,None,None,None,None,None,None,None,None,None,None,None,0.7,0.0,0.0,0.0,0.0,0.0,0.0,180.0,None,None,None
2025-11-07T22:12:59.220416,19.797,None,None,None,None,None,None,None,None,None,None,None,0.7,0.0,0.0,0.0,0.0,0.0,0.0,180.0,None,None,None
2025-11-07T22:12:59.220871,19.798,None,None,None,None,None,None,None,None,None,None,None,0.7,0.0,0.0,0.0,0.0,0.0,0.0,180.0,None,None,None
2025-11-07T22:12:59.661029,20.238,None,None,None,None,None,None,None,None,None,None,None,0.7,0.0,0.0,0.0,0.0,0.0,0.0,180.0,None,None,None
2025-11-07T22:12:59.661802,20.239,None,None,None,None,None,None,None,None,None,None,None,0.7,0.0,0.0,0.0,0.0,0.0,0.0,180.0,None,None,None
2025-11-07T22:12:59.662340,20.239,None,None,None,None,None,None,None,None,None,None,None,0.7,0.0,0.0,0.0,0.0,0.0,0.0,180.0,None,None,None
2025-11-07T22:12:59.662822,20.240,None,None,None,None,None,None,None,None,None,None,None,0.7,0.0,0.0,0.0,0.0,0.0,0.0,180.0,None,None,None
2025-11-07T22:12:59.663206,20.240,None,None,None,None,None,None,None,None,None,None,None,0.7,0.0,0.0,0.0,0.0,0.0,0.0,180.0,None,None,None
2025-11-07T22:12:59.663622,20.240,None,None,None,None,None,None,None,None,None,None,None,0.7,0.0,0.0,0.0,0.0,0.0,0.0,180.0,None,None,None
2025-11-07T22:12:59.664024,20.241,None,None,None,None,None,None,None,None,None,None,None,0.7,0.0,0.0,0.0,0.0,0.0,0.0,180.0,None,None,None
2025-11-07T22:13:00.133752,20.711,None,None,None,None,None,None,None,None,None,None,None,0.7,0.0,0.0,0.0,0.0,0.0,0.0,180.0,None,None,None
2025-11-07T22:13:00.134630,20.711,None,None,None,None,None,None,None,None,None,None,None,0.7,0.0,0.0,0.0,0.0,0.0,0.0,180.0,None,None,None
2025-11-07T22:13:00.135294,20.712,None,None,None,None,None,None,None,None,None,None,None,0.7,0.0,0.0,0.0,0.0,0.0,0.0,180.0,None,None,None
2025-11-07T22:13:00.135808,20.713,None,None,None,None,None,None,None,None,None,None,None,0.7,0.0,0.0,0.0,0.0,0.0,0.0,180.0,None,None,None
2025-11-07T22:13:00.136248,20.713,None,None,None,None,None,None,None,None,None,None,None,0.7,0.0,0.0,0.0,0.0,0.0,0.0,180.0,None,None,None
2025-11-07T22:13:00.136670,20.713,None,None,None,None,None,None,None,None,None,None,None,0.7,0.0,0.0,0.0,0.0,0.0,0.0,180.0,None,None,None
2025-11-07T22:13:00.137096,20.714,None,None,None,None,None,None,None,None,None,None,None,0.7,0.0,0.0,0.0,0.0,0.0,0.0,180.0,None,None,None
2025-11-07T22:13:00.137564,20.714,None,None,None,None,None,None,None,None,None,None,None,0.7,0.0,0.0,0.0,0.0,0.0,0.0,180.0,None,None,None
2025-11-07T22:13:00.138014,20.715,None,None,None,None,None,None,None,None,None,None,None,0.7,0.0,0.0,0.0,0.0,0.0,0.0,180.0,None,None,None
2025-11-07T22:13:00.594684,21.172,None,None,None,None,None,None,None,None,None,None,None,0.7,0.0,0.0,0.0,0.0,0.0,0.0,180.0,None,None,None
2025-11-07T22:13:00.595334,21.172,None,None,None,None,None,None,None,None,None,None,None,0.7,0.0,0.0,0.0,0.0,0.0,0.0,180.0,None,None,None
2025-11-07T22:13:00.595793,21.173,None,None,None,None,None,None,None,None,None,None,None,0.7,0.0,0.0,0.0,0.0,0.0,0.0,180.0,None,None,None
2025-11-07T22:13:00.596192,21.173,None,None,None,None,None,None,None,None,None,None,None,0.7,0.0,0.0,0.0,0.0,0.0,0.0,180.0,None,None,None
2025-11-07T22:13:00.596595,21.173,None,None,None,None,None,None,None,None,None,None,None,0.7,0.0,0.0,0.0,0.0,0.0,0.0,180.0,None,None,None
2025-11-07T22:13:00.597002,21.174,None,None,None,None,None,None,None,None,None,None,None,0.7,0.0,0.0,0.0,0.0,0.0,0.0,180.0,None,None,None
2025-11-07T22:13:00.597411,21.174,None,None,None,None,None,None,None,None,None,None,None,0.7,0.0,0.0,0.0,0.0,0.0,0.0,180.0,None,None,None
2025-11-07T22:13:00.597830,21.175,None,None,None,None,None,None,None,None,None,None,None,0.7,0.0,0.0,0.0,0.0,0.0,0.0,180.0,None,None,None
2025-11-07T22:13:01.082773,21.660,None,None,None,None,None,None,None,None,None,None,None,0.7,0.0,0.0,0.0,0.0,0.0,0.0,180.0,None,None,None
2025-11-07T22:13:01.083464,21.660,None,None,None,None,None,None,None,None,None,None,None,0.7,0.0,0.0,0.0,0.0,0.0,0.0,180.0,None,None,None
2025-11-07T22:13:01.091194,21.668,None,None,None,None,None,None,None,None,None,None,None,0.7,0.0,0.0,0.0,0.0,0.0,0.0,180.0,None,None,None
2025-11-07T22:13:01.091644,21.668,None,None,None,None,None,None,None,None,None,None,None,0.7,0.0,0.0,0.0,0.0,0.0,0.0,180.0,None,None,None
2025-11-07T22:13:01.092413,21.669,None,None,None,None,None,None,None,None,None,None,None,0.7,0.0,0.0,0.0,0.0,0.0,0.0,180.0,None,None,None
2025-11-07T22:13:01.092830,21.670,None,None,None,None,None,None,None,None,None,None,None,0.7,0.0,0.0,0.0,0.0,0.0,0.0,180.0,None,None,None
2025-11-07T22:13:01.093240,21.670,None,None,None,None,None,None,None,None,None,None,None,0.7,0.0,0.0,0.0,0.0,0.0,0.0,180.0,None,None,None
2025-11-07T22:13:01.094023,21.671,None,None,None,None,None,None,None,None,None,None,None,0.7,0.0,0.0,0.0,0.0,0.0,0.0,180.0,None,None,None
2025-11-07T22:13:01.094600,21.671,None,None,None,None,None,None,None,None,None,None,None,0.7,0.0,0.0,0.0,0.0,0.0,0.0,180.0,None,None,None
2025-11-07T22:13:01.568704,22.146,None,None,None,None,None,None,None,None,None,None,None,0.7,0.0,0.0,0.0,0.0,0.0,0.0,180.0,None,None,None
2025-11-07T22:13:01.569408,22.146,None,None,None,None,None,None,None,None,None,None,None,0.7,0.0,0.0,0.0,0.0,0.0,0.0,180.0,None,None,None
2025-11-07T22:13:01.569843,22.147,None,None,None,None,None,None,None,None,None,None,None,0.7,0.0,0.0,0.0,0.0,0.0,0.0,180.0,None,None,None
2025-11-07T22:13:01.570246,22.147,None,None,None,None,None,None,None,None,None,None,None,0.7,0.0,0.0,0.0,0.0,0.0,0.0,180.0,None,None,None
2025-11-07T22:13:01.570662,22.147,None,None,None,None,None,None,None,None,None,None,None,0.7,0.0,0.0,0.0,0.0,0.0,0.0,180.0,None,None,None
2025-11-07T22:13:01.571081,22.148,None,None,None,None,None,None,None,None,None,None,None,0.7,0.0,0.0,0.0,0.0,0.0,0.0,180.0,None,None,None
2025-11-07T22:13:01.571507,22.148,None,None,None,None,None,None,None,None,None,None,None,0.7,0.0,0.0,0.0,0.0,0.0,0.0,180.0,None,None,None
2025-11-07T22:13:02.079489,22.656,None,None,None,None,None,None,None,None,None,None,None,0.7,0.0,0.0,0.0,0.0,0.0,0.0,180.0,None,None,None
2025-11-07T22:13:02.080319,22.657,None,None,None,None,None,None,None,None,None,None,None,0.7,0.0,0.0,0.0,0.0,0.0,0.0,180.0,None,None,None
2025-11-07T22:13:02.080855,22.658,None,None,None,None,None,None,None,None,None,None,None,0.7,0.0,0.0,0.0,0.0,0.0,0.0,180.0,None,None,None
2025-11-07T22:13:02.081337,22.658,None,None,None,None,None,None,None,None,None,None,None,0.7,0.0,0.0,0.0,0.0,0.0,0.0,180.0,None,None,None
2025-11-07T22:13:02.081834,22.659,None,None,None,None,None,None,None,None,None,None,None,0.7,0.0,0.0,0.0,0.0,0.0,0.0,180.0,None,None,None
2025-11-07T22:13:02.082283,22.659,None,None,None,None,None,None,None,None,None,None,None,0.7,0.0,0.0,0.0,0.0,0.0,0.0,180.0,None,None,None
2025-11-07T22:13:02.082771,22.660,None,None,None,None,None,None,None,None,None,None,None,0.7,0.0,0.0,0.0,0.0,0.0,0.0,180.0,None,None,None
2025-11-07T22:13:02.083154,22.660,None,None,None,None,None,None,None,None,None,None,None,0.7,0.0,0.0,0.0,0.0,0.0,0.0,180.0,None,None,None
2025-11-07T22:13:02.083548,22.660,None,None,None,None,None,None,None,None,None,None,None,0.7,0.0,0.0,0.0,0.0,0.0,0.0,180.0,None,None,None
2025-11-07T22:13:02.083944,22.661,None,None,None,None,None,None,None,None,None,None,None,0.7,0.0,0.0,0.0,0.0,0.0,0.0,180.0,None,None,None
2025-11-07T22:13:02.084407,22.661,None,None,None,None,None,None,None,None,None,None,None,0.7,0.0,0.0,0.0,0.0,0.0,0.0,180.0,None,None,None
2025-11-07T22:13:02.500003,23.077,None,None,None,None,None,None,None,None,None,None,None,0.7,0.0,0.0,0.0,0.0,0.0,0.0,180.0,None,None,None
2025-11-07T22:13:02.500697,23.078,None,None,None,None,None,None,None,None,None,None,None,0.7,0.0,0.0,0.0,0.0,0.0,0.0,180.0,None,None,None
2025-11-07T22:13:02.501237,23.078,None,None,None,None,None,None,None,None,None,None,None,0.7,0.0,0.0,0.0,0.0,0.0,0.0,180.0,None,None,None
2025-11-07T22:13:02.501687,23.079,None,None,None,None,None,None,None,None,None,None,None,0.7,0.0,0.0,0.0,0.0,0.0,0.0,180.0,None,None,None
2025-11-07T22:13:02.502095,23.079,None,None,None,None,None,None,None,None,None,None,None,0.7,0.0,0.0,0.0,0.0,0.0,0.0,180.0,None,None,None
2025-11-07T22:13:02.502524,23.079,None,None,None,None,None,None,None,None,None,None,None,0.7,0.0,0.0,0.0,0.0,0.0,0.0,180.0,None,None,None
2025-11-07T22:13:02.502946,23.080,None,None,None,None,None,None,None,None,None,None,None,0.7,0.0,0.0,0.0,0.0,0.0,0.0,180.0,None,None,None
2025-11-07T22:13:02.909058,23.486,None,None,None,None,None,None,None,None,None,None,None,0.7,0.0,0.0,0.0,0.0,0.0,0.0,180.0,None,None,None
2025-11-07T22:13:02.909833,23.487,None,None,None,None,None,None,None,None,None,None,None,0.7,0.0,0.0,0.0,0.0,0.0,0.0,180.0,None,None,None
2025-11-07T22:13:02.910423,23.487,None,None,None,None,None,None,None,None,None,None,None,0.7,0.0,0.0,0.0,0.0,0.0,0.0,180.0,None,None,None
2025-11-07T22:13:02.910888,23.488,None,None,None,None,None,None,None,None,None,None,None,0.7,0.0,0.0,0.0,0.0,0.0,0.0,180.0,None,None,None
2025-11-07T22:13:02.911339,23.488,None,None,None,None,None,None,None,None,None,None,None,0.7,0.0,0.0,0.0,0.0,0.0,0.0,180.0,None,None,None
2025-11-07T22:13:02.912039,23.489,None,None,None,None,None,None,None,None,None,None,None,0.7,0.0,0.0,0.0,0.0,0.0,0.0,180.0,None,None,None
2025-11-07T22:13:02.912630,23.489,None,None,None,None,None,None,None,None,None,None,None,0.7,0.0,0.0,0.0,0.0,0.0,0.0,180.0,None,None,None
2025-11-07T22:13:03.335935,23.913,None,None,None,None,None,None,None,None,None,None,None,0.7,0.0,0.0,0.0,0.0,0.0,0.0,180.0,None,None,None
2025-11-07T22:13:03.336660,23.913,None,None,None,None,None,None,None,None,None,None,None,0.7,0.0,0.0,0.0,0.0,0.0,0.0,180.0,None,None,None
2025-11-07T22:13:03.337168,23.914,None,None,None,None,None,None,None,None,None,None,None,0.7,0.0,0.0,0.0,0.0,0.0,0.0,180.0,None,None,None
2025-11-07T22:13:03.337585,23.914,None,None,None,None,None,None,None,None,None,None,None,0.7,0.0,0.0,0.0,0.0,0.0,0.0,180.0,None,None,None
2025-11-07T22:13:03.337968,23.915,None,None,None,None,None,None,None,None,None,None,None,0.7,0.0,0.0,0.0,0.0,0.0,0.0,180.0,None,None,None
2025-11-07T22:13:03.338336,23.915,None,None,None,None,None,None,None,None,None,None,None,0.7,0.0,0.0,0.0,0.0,0.0,0.0,180.0,None,None,None
2025-11-07T22:13:03.338709,23.916,None,None,None,None,None,None,None,None,None,None,None,0.7,0.0,0.0,0.0,0.0,0.0,0.0,180.0,None,None,None
2025-11-07T22:13:03.741491,24.318,None,None,None,None,None,None,None,None,None,None,None,0.7,0.0,0.0,0.0,0.0,0.0,0.0,180.0,None,None,None
2025-11-07T22:13:03.742271,24.319,None,None,None,None,None,None,None,None,None,None,None,0.7,0.0,0.0,0.0,0.0,0.0,0.0,180.0,None,None,None
2025-11-07T22:13:03.742964,24.320,None,None,None,None,None,None,None,None,None,None,None,0.7,0.0,0.0,0.0,0.0,0.0,0.0,180.0,None,None,None
2025-11-07T22:13:03.743549,24.320,None,None,None,None,None,None,None,None,None,None,None,0.7,0.0,0.0,0.0,0.0,0.0,0.0,180.0,None,None,None
2025-11-07T22:13:03.744017,24.321,None,None,None,None,None,None,None,None,None,None,None,0.7,0.0,0.0,0.0,0.0,0.0,0.0,180.0,None,None,None
2025-11-07T22:13:03.744534,24.321,None,None,None,None,None,None,None,None,None,None,None,0.7,0.0,0.0,0.0,0.0,0.0,0.0,180.0,None,None,None
2025-11-07T22:13:03.745085,24.322,None,None,None,None,None,None,None,None,None,None,None,0.7,0.0,0.0,0.0,0.0,0.0,0.0,180.0,None,None,None
2025-11-07T22:13:04.167037,24.744,None,None,None,None,None,None,None,None,None,None,None,0.7,0.0,0.0,0.0,0.0,0.0,0.0,180.0,None,None,None
2025-11-07T22:13:04.167757,24.745,None,None,None,None,None,None,None,None,None,None,None,0.7,0.0,0.0,0.0,0.0,0.0,0.0,180.0,None,None,None
2025-11-07T22:13:04.168331,24.745,None,None,None,None,None,None,None,None,None,None,None,0.7,0.0,0.0,0.0,0.0,0.0,0.0,180.0,None,None,None
2025-11-07T22:13:04.168815,24.746,None,None,None,None,None,None,None,None,None,None,None,0.7,0.0,0.0,0.0,0.0,0.0,0.0,180.0,None,None,None
2025-11-07T22:13:04.169273,24.746,None,None,None,None,None,None,None,None,None,None,None,0.7,0.0,0.0,0.0,0.0,0.0,0.0,180.0,None,None,None
2025-11-07T22:13:04.169679,24.746,None,None,None,None,None,None,None,None,None,None,None,0.7,0.0,0.0,0.0,0.0,0.0,0.0,180.0,None,None,None
2025-11-07T22:13:04.170037,24.747,None,None,None,None,None,None,None,None,None,None,None,0.7,0.0,0.0,0.0,0.0,0.0,0.0,180.0,None,None,None
2025-11-07T22:13:04.170414,24.747,None,None,None,None,None,None,None,None,None,None,None,0.7,0.0,0.0,0.0,0.0,0.0,0.0,180.0,None,None,None
2025-11-07T22:13:04.567078,25.144,None,None,None,None,None,None,None,None,None,None,None,0.7,0.0,0.0,0.0,0.0,0.0,0.0,180.0,None,None,None
2025-11-07T22:13:04.567667,25.144,None,None,None,None,None,None,None,None,None,None,None,0.7,0.0,0.0,0.0,0.0,0.0,0.0,180.0,None,None,None
2025-11-07T22:13:04.568164,25.145,None,None,None,None,None,None,None,None,None,None,None,0.7,0.0,0.0,0.0,0.0,0.0,0.0,180.0,None,None,None
2025-11-07T22:13:04.568549,25.145,None,None,None,None,None,None,None,None,None,None,None,0.7,0.0,0.0,0.0,0.0,0.0,0.0,180.0,None,None,None
2025-11-07T22:13:04.568901,25.146,None,None,None,None,None,None,None,None,None,None,None,0.7,0.0,0.0,0.0,0.0,0.0,0.0,180.0,None,None,None
2025-11-07T22:13:04.569245,25.146,None,None,None,None,None,None,None,None,None,None,None,0.7,0.0,0.0,0.0,0.0,0.0,0.0,180.0,None,None,None
2025-11-07T22:13:05.003282,25.580,None,None,None,None,None,None,None,None,None,None,None,0.7,0.0,0.0,0.0,0.0,0.0,0.0,180.0,None,None,None
2025-11-07T22:13:05.004143,25.581,None,None,None,None,None,None,None,None,None,None,None,0.7,0.0,0.0,0.0,0.0,0.0,0.0,180.0,None,None,None
2025-11-07T22:13:05.004627,25.581,None,None,None,None,None,None,None,None,None,None,None,0.7,0.0,0.0,0.0,0.0,0.0,0.0,180.0,None,None,None
2025-11-07T22:13:05.005029,25.582,None,None,None,None,None,None,None,None,None,None,None,0.7,0.0,0.0,0.0,0.0,0.0,0.0,180.0,None,None,None
2025-11-07T22:13:05.005425,25.582,None,None,None,None,None,None,None,None,None,None,None,0.7,0.0,0.0,0.0,0.0,0.0,0.0,180.0,None,None,None
2025-11-07T22:13:05.005789,25.583,None,None,None,None,None,None,None,None,None,None,None,0.7,0.0,0.0,0.0,0.0,0.0,0.0,180.0,None,None,None
2025-11-07T22:13:05.006146,25.583,None,None,None,None,None,None,None,None,None,None,None,0.7,0.0,0.0,0.0,0.0,0.0,0.0,180.0,None,None,None
2025-11-07T22:13:05.006554,25.583,None,None,None,None,None,None,None,None,None,None,None,0.7,0.0,0.0,0.0,0.0,0.0,0.0,180.0,None,None,None
2025-11-07T22:13:05.006938,25.584,None,None,None,None,None,None,None,None,None,None,None,0.7,0.0,0.0,0.0,0.0,0.0,0.0,180.0,None,None,None
2025-11-07T22:13:05.416848,25.994,None,None,None,None,None,None,None,None,None,None,None,0.7,0.0,0.0,0.0,0.0,0.0,0.0,180.0,None,None,None
2025-11-07T22:13:05.417592,25.994,None,None,None,None,None,None,None,None,None,None,None,0.7,0.0,0.0,0.0,0.0,0.0,0.0,180.0,None,None,None
2025-11-07T22:13:05.418101,25.995,None,None,None,None,None,None,None,None,None,None,None,0.7,0.0,0.0,0.0,0.0,0.0,0.0,180.0,None,None,None
2025-11-07T22:13:05.418512,25.995,None,None,None,None,None,None,None,None,None,None,None,0.7,0.0,0.0,0.0,0.0,0.0,0.0,180.0,None,None,None
2025-11-07T22:13:05.418892,25.996,None,None,None,None,None,None,None,None,None,None,None,0.7,0.0,0.0,0.0,0.0,0.0,0.0,180.0,None,None,None
2025-11-07T22:13:05.419267,25.996,None,None,None,None,None,None,None,None,None,None,None,0.7,0.0,0.0,0.0,0.0,0.0,0.0,180.0,None,None,None
2025-11-07T22:13:05.419652,25.996,None,None,None,None,None,None,None,None,None,None,None,0.7,0.0,0.0,0.0,0.0,0.0,0.0,180.0,None,None,None
2025-11-07T22:13:05.834362,26.411,None,None,None,None,None,None,None,None,None,None,None,0.7,0.0,0.0,0.0,0.0,0.0,0.0,180.0,None,None,None
2025-11-07T22:13:05.835036,26.412,None,None,None,None,None,None,None,None,None,None,None,0.7,0.0,0.0,0.0,0.0,0.0,0.0,180.0,None,None,None
2025-11-07T22:13:05.835517,26.412,None,None,None,None,None,None,None,None,None,None,None,0.7,0.0,0.0,0.0,0.0,0.0,0.0,180.0,None,None,None
2025-11-07T22:13:05.835909,26.413,None,None,None,None,None,None,None,None,None,None,None,0.7,0.0,0.0,0.0,0.0,0.0,0.0,180.0,None,None,None
2025-11-07T22:13:05.836288,26.413,None,None,None,None,None,None,None,None,None,None,None,0.7,0.0,0.0,0.0,0.0,0.0,0.0,180.0,None,None,None
2025-11-07T22:13:05.836686,26.414,None,None,None,None,None,None,None,None,None,None,None,0.7,0.0,0.0,0.0,0.0,0.0,0.0,180.0,None,None,None
2025-11-07T22:13:05.837078,26.414,None,None,None,None,None,None,None,None,None,None,None,0.7,0.0,0.0,0.0,0.0,0.0,0.0,180.0,None,None,None
2025-11-07T22:13:05.837485,26.414,None,None,None,None,None,None,None,None,None,None,None,0.7,0.0,0.0,0.0,0.0,0.0,0.0,180.0,None,None,None
2025-11-07T22:13:06.261329,26.838,None,None,None,None,None,None,None,None,None,None,None,0.7,0.0,0.0,0.0,0.0,0.0,0.0,180.0,None,None,None
2025-11-07T22:13:06.262034,26.839,None,None,None,None,None,None,None,None,None,None,None,0.7,0.0,0.0,0.0,0.0,0.0,0.0,180.0,None,None,None
2025-11-07T22:13:06.262481,26.839,None,None,None,None,None,None,None,None,None,None,None,0.7,0.0,0.0,0.0,0.0,0.0,0.0,180.0,None,None,None
2025-11-07T22:13:06.262860,26.840,None,None,None,None,None,None,None,None,None,None,None,0.7,0.0,0.0,0.0,0.0,0.0,0.0,180.0,None,None,None
2025-11-07T22:13:06.263245,26.840,None,None,None,None,None,None,None,None,None,None,None,0.7,0.0,0.0,0.0,0.0,0.0,0.0,180.0,None,None,None
2025-11-07T22:13:06.263645,26.840,None,None,None,None,None,None,None,None,None,None,None,0.7,0.0,0.0,0.0,0.0,0.0,0.0,180.0,None,None,None
2025-11-07T22:13:06.264061,26.841,None,None,None,None,None,None,None,None,None,None,None,0.7,0.0,0.0,0.0,0.0,0.0,0.0,180.0,None,None,None
2025-11-07T22:13:06.684418,27.261,None,None,None,None,None,None,None,None,None,None,None,0.7,0.0,0.0,0.0,0.0,0.0,0.0,180.0,None,None,None
2025-11-07T22:13:06.685061,27.262,None,None,None,None,None,None,None,None,None,None,None,0.7,0.0,0.0,0.0,0.0,0.0,0.0,180.0,None,None,None
2025-11-07T22:13:06.685512,27.262,None,None,None,None,None,None,None,None,None,None,None,0.7,0.0,0.0,0.0,0.0,0.0,0.0,180.0,None,None,None
2025-11-07T22:13:06.685897,27.263,None,None,None,None,None,None,None,None,None,None,None,0.7,0.0,0.0,0.0,0.0,0.0,0.0,180.0,None,None,None
2025-11-07T22:13:06.686272,27.263,None,None,None,None,None,None,None,None,None,None,None,0.7,0.0,0.0,0.0,0.0,0.0,0.0,180.0,None,None,None
2025-11-07T22:13:06.686635,27.263,None,None,None,None,None,None,None,None,None,None,None,0.7,0.0,0.0,0.0,0.0,0.0,0.0,180.0,None,None,None
2025-11-07T22:13:06.686991,27.264,None,None,None,None,None,None,None,None,None,None,None,0.7,0.0,0.0,0.0,0.0,0.0,0.0,180.0,None,None,None
2025-11-07T22:13:07.108776,27.686,None,None,None,None,None,None,None,None,None,None,None,0.7,0.0,0.0,0.0,0.0,0.0,0.0,180.0,None,None,None
2025-11-07T22:13:07.109604,27.686,None,None,None,None,None,None,None,None,None,None,None,0.7,0.0,0.0,0.0,0.0,0.0,0.0,180.0,None,None,None
2025-11-07T22:13:07.110129,27.687,None,None,None,None,None,None,None,None,None,None,None,0.7,0.0,0.0,0.0,0.0,0.0,0.0,180.0,None,None,None
2025-11-07T22:13:07.110539,27.687,None,None,None,None,None,None,None,None,None,None,None,0.7,0.0,0.0,0.0,0.0,0.0,0.0,180.0,None,None,None
2025-11-07T22:13:07.110930,27.688,None,None,None,None,None,None,None,None,None,None,None,0.7,0.0,0.0,0.0,0.0,0.0,0.0,180.0,None,None,None
2025-11-07T22:13:07.111308,27.688,None,None,None,None,None,None,None,None,None,None,None,0.7,0.0,0.0,0.0,0.0,0.0,0.0,180.0,None,None,None
2025-11-07T22:13:07.111694,27.689,None,None,None,None,None,None,None,None,None,None,None,0.7,0.0,0.0,0.0,0.0,0.0,0.0,180.0,None,None,None
2025-11-07T22:13:07.112081,27.689,None,None,None,None,None,None,None,None,None,None,None,0.7,0.0,0.0,0.0,0.0,0.0,0.0,180.0,None,None,None
2025-11-07T22:13:07.112496,27.689,None,None,None,None,None,None,None,None,None,None,None,0.7,0.0,0.0,0.0,0.0,0.0,0.0,180.0,None,None,None
2025-11-07T22:13:07.524677,28.102,None,None,None,None,None,None,None,None,None,None,None,0.7,0.0,0.0,0.0,0.0,0.0,0.0,180.0,None,None,None
2025-11-07T22:13:07.525240,28.102,None,None,None,None,None,None,None,None,None,None,None,0.7,0.0,0.0,0.0,0.0,0.0,0.0,180.0,None,None,None
2025-11-07T22:13:07.525700,28.103,None,None,None,None,None,None,None,None,None,None,None,0.7,0.0,0.0,0.0,0.0,0.0,0.0,180.0,None,None,None
2025-11-07T22:13:07.526114,28.103,None,None,None,None,None,None,None,None,None,None,None,0.7,0.0,0.0,0.0,0.0,0.0,0.0,180.0,None,None,None
2025-11-07T22:13:07.526486,28.103,None,None,None,None,None,None,None,None,None,None,None,0.7,0.0,0.0,0.0,0.0,0.0,0.0,180.0,None,None,None
2025-11-07T22:13:07.526852,28.104,None,None,None,None,None,None,None,None,None,None,None,0.7,0.0,0.0,0.0,0.0,0.0,0.0,180.0,None,None,None
2025-11-07T22:13:07.527226,28.104,None,None,None,None,None,None,None,None,None,None,None,0.7,0.0,0.0,0.0,0.0,0.0,0.0,180.0,None,None,None
2025-11-07T22:13:07.944139,28.521,None,None,None,None,None,None,None,None,None,None,None,0.7,0.0,0.0,0.0,0.0,0.0,0.0,180.0,None,None,None
2025-11-07T22:13:07.944941,28.522,None,None,None,None,None,None,None,None,None,None,None,0.7,0.0,0.0,0.0,0.0,0.0,0.0,180.0,None,None,None
2025-11-07T22:13:07.945484,28.522,None,None,None,None,None,None,None,None,None,None,None,0.7,0.0,0.0,0.0,0.0,0.0,0.0,180.0,None,None,None
2025-11-07T22:13:07.945925,28.523,None,None,None,None,None,None,None,None,None,None,None,0.7,0.0,0.0,0.0,0.0,0.0,0.0,180.0,None,None,None
2025-11-07T22:13:07.946367,28.523,None,None,None,None,None,None,None,None,None,None,None,0.7,0.0,0.0,0.0,0.0,0.0,0.0,180.0,None,None,None
2025-11-07T22:13:07.946858,28.524,None,None,None,None,None,None,None,None,None,None,None,0.7,0.0,0.0,0.0,0.0,0.0,0.0,180.0,None,None,None
2025-11-07T22:13:07.947599,28.524,None,None,None,None,None,None,None,None,None,None,None,0.7,0.0,0.0,0.0,0.0,0.0,0.0,180.0,None,None,None
2025-11-07T22:13:08.372169,28.949,None,None,None,None,None,None,None,None,None,None,None,0.7,0.0,0.0,0.0,0.0,0.0,0.0,180.0,None,None,None
2025-11-07T22:13:08.372936,28.950,None,None,None,None,None,None,None,None,None,None,None,0.7,0.0,0.0,0.0,0.0,0.0,0.0,180.0,None,None,None
2025-11-07T22:13:08.373479,28.950,None,None,None,None,None,None,None,None,None,None,None,0.7,0.0,0.0,0.0,0.0,0.0,0.0,180.0,None,None,None
2025-11-07T22:13:08.373990,28.951,None,None,None,None,None,None,None,None,None,None,None,0.7,0.0,0.0,0.0,0.0,0.0,0.0,180.0,None,None,None
2025-11-07T22:13:08.374440,28.951,None,None,None,None,None,None,None,None,None,None,None,0.7,0.0,0.0,0.0,0.0,0.0,0.0,180.0,None,None,None
2025-11-07T22:13:08.374858,28.952,None,None,None,None,None,None,None,None,None,None,None,0.7,0.0,0.0,0.0,0.0,0.0,0.0,180.0,None,None,None
2025-11-07T22:13:08.375298,28.952,None,None,None,None,None,None,None,None,None,None,None,0.7,0.0,0.0,0.0,0.0,0.0,0.0,180.0,None,None,None
2025-11-07T22:13:08.786718,29.364,None,None,None,None,None,None,None,None,None,None,None,0.7,0.0,0.0,0.0,0.0,0.0,0.0,180.0,None,None,None
2025-11-07T22:13:08.787372,29.364,None,None,None,None,None,None,None,None,None,None,None,0.7,0.0,0.0,0.0,0.0,0.0,0.0,180.0,None,None,None
2025-11-07T22:13:08.787851,29.365,None,None,None,None,None,None,None,None,None,None,None,0.7,0.0,0.0,0.0,0.0,0.0,0.0,180.0,None,None,None
2025-11-07T22:13:08.788301,29.365,None,None,None,None,None,None,None,None,None,None,None,0.7,0.0,0.0,0.0,0.0,0.0,0.0,180.0,None,None,None
2025-11-07T22:13:08.788748,29.366,None,None,None,None,None,None,None,None,None,None,None,0.7,0.0,0.0,0.0,0.0,0.0,0.0,180.0,None,None,None
2025-11-07T22:13:08.789187,29.366,None,None,None,None,None,None,None,None,None,None,None,0.7,0.0,0.0,0.0,0.0,0.0,0.0,180.0,None,None,None
2025-11-07T22:13:08.789652,29.366,None,None,None,None,None,None,None,None,None,None,None,0.7,0.0,0.0,0.0,0.0,0.0,0.0,180.0,None,None,None
2025-11-07T22:13:09.209868,29.787,None,None,None,None,None,None,None,None,None,None,None,0.7,0.0,0.0,0.0,0.0,0.0,0.0,180.0,None,None,None
2025-11-07T22:13:09.210673,29.787,None,None,None,None,None,None,None,None,None,None,None,0.7,0.0,0.0,0.0,0.0,0.0,0.0,180.0,None,None,None
2025-11-07T22:13:09.211210,29.788,None,None,None,None,None,None,None,None,None,None,None,0.7,0.0,0.0,0.0,0.0,0.0,0.0,180.0,None,None,None
2025-11-07T22:13:09.211678,29.788,None,None,None,None,None,None,None,None,None,None,None,0.7,0.0,0.0,0.0,0.0,0.0,0.0,180.0,None,None,None
2025-11-07T22:13:09.212127,29.789,None,None,None,None,None,None,None,None,None,None,None,0.7,0.0,0.0,0.0,0.0,0.0,0.0,180.0,None,None,None
2025-11-07T22:13:09.212556,29.789,None,None,None,None,None,None,None,None,None,None,None,0.7,0.0,0.0,0.0,0.0,0.0,0.0,180.0,None,None,None
2025-11-07T22:13:09.212989,29.790,None,None,None,None,None,None,None,None,None,None,None,0.7,0.0,0.0,0.0,0.0,0.0,0.0,180.0,None,None,None
2025-11-07T22:13:09.213467,29.790,None,None,None,None,None,None,None,None,None,None,None,0.7,0.0,0.0,0.0,0.0,0.0,0.0,180.0,None,None,None
2025-11-07T22:13:09.213945,29.791,None,None,None,None,None,None,None,None,None,None,None,0.7,0.0,0.0,0.0,0.0,0.0,0.0,180.0,None,None,None
2025-11-07T22:13:09.622605,30.199,None,None,None,None,None,None,None,None,None,None,None,0.7,0.0,0.0,0.0,0.0,0.0,0.0,180.0,None,None,None
2025-11-07T22:13:09.623199,30.200,None,None,None,None,None,None,None,None,None,None,None,0.7,0.0,0.0,0.0,0.0,0.0,0.0,180.0,None,None,None
2025-11-07T22:13:09.623636,30.200,None,None,None,None,None,None,None,None,None,None,None,0.7,0.0,0.0,0.0,0.0,0.0,0.0,180.0,None,None,None
2025-11-07T22:13:09.624005,30.201,None,None,None,None,None,None,None,None,None,None,None,0.7,0.0,0.0,0.0,0.0,0.0,0.0,180.0,None,None,None
2025-11-07T22:13:09.624346,30.201,None,None,None,None,None,None,None,None,None,None,None,0.7,0.0,0.0,0.0,0.0,0.0,0.0,180.0,None,None,None
2025-11-07T22:13:09.624713,30.202,None,None,None,None,None,None,None,None,None,None,None,0.7,0.0,0.0,0.0,0.0,0.0,0.0,180.0,None,None,None
2025-11-07T22:13:09.625066,30.202,None,None,None,None,None,None,None,None,None,None,None,0.7,0.0,0.0,0.0,0.0,0.0,0.0,180.0,None,None,None
2025-11-07T22:13:10.074373,30.651,None,None,None,None,None,None,None,None,None,None,None,0.7,0.0,0.0,0.0,0.0,0.0,0.0,180.0,None,None,None
2025-11-07T22:13:10.074945,30.652,None,None,None,None,None,None,None,None,None,None,None,0.7,0.0,0.0,0.0,0.0,0.0,0.0,180.0,None,None,None
2025-11-07T22:13:10.075388,30.652,None,None,None,None,None,None,None,None,None,None,None,0.7,0.0,0.0,0.0,0.0,0.0,0.0,180.0,None,None,None
2025-11-07T22:13:10.075798,30.653,None,None,None,None,None,None,None,None,None,None,None,0.7,0.0,0.0,0.0,0.0,0.0,0.0,180.0,None,None,None
2025-11-07T22:13:10.076200,30.653,None,None,None,None,None,None,None,None,None,None,None,0.7,0.0,0.0,0.0,0.0,0.0,0.0,180.0,None,None,None
2025-11-07T22:13:10.076605,30.653,None,None,None,None,None,None,None,None,None,None,None,0.7,0.0,0.0,0.0,0.0,0.0,0.0,180.0,None,None,None
2025-11-07T22:13:10.077004,30.654,None,None,None,None,None,None,None,None,None,None,None,0.7,0.0,0.0,0.0,0.0,0.0,0.0,180.0,None,None,None
2025-11-07T22:13:10.502311,31.079,None,None,None,None,None,None,None,None,None,None,None,0.7,0.0,0.0,0.0,0.0,0.0,0.0,180.0,None,None,None
2025-11-07T22:13:10.502964,31.080,None,None,None,None,None,None,None,None,None,None,None,0.7,0.0,0.0,0.0,0.0,0.0,0.0,180.0,None,None,None
2025-11-07T22:13:10.503502,31.080,None,None,None,None,None,None,None,None,None,None,None,0.7,0.0,0.0,0.0,0.0,0.0,0.0,180.0,None,None,None
2025-11-07T22:13:10.503966,31.081,None,None,None,None,None,None,None,None,None,None,None,0.7,0.0,0.0,0.0,0.0,0.0,0.0,180.0,None,None,None
2025-11-07T22:13:10.504356,31.081,None,None,None,None,None,None,None,None,None,None,None,0.7,0.0,0.0,0.0,0.0,0.0,0.0,180.0,None,None,None
2025-11-07T22:13:10.504770,31.082,None,None,None,None,None,None,None,None,None,None,None,0.7,0.0,0.0,0.0,0.0,0.0,0.0,180.0,None,None,None
2025-11-07T22:13:10.505167,31.082,None,None,None,None,None,None,None,None,None,None,None,0.7,0.0,0.0,0.0,0.0,0.0,0.0,180.0,None,None,None
2025-11-07T22:13:10.505575,31.082,None,None,None,None,None,None,None,None,None,None,None,0.7,0.0,0.0,0.0,0.0,0.0,0.0,180.0,None,None,None
2025-11-07T22:13:10.505976,31.083,None,None,None,None,None,None,None,None,None,None,None,0.7,0.0,0.0,0.0,0.0,0.0,0.0,180.0,None,None,None
2025-11-07T22:13:10.932802,31.510,None,None,None,None,None,None,None,None,None,None,None,0.7,0.0,0.0,0.0,0.0,0.0,0.0,180.0,None,None,None
2025-11-07T22:13:10.933441,31.510,None,None,None,None,None,None,None,None,None,None,None,0.7,0.0,0.0,0.0,0.0,0.0,0.0,180.0,None,None,None
2025-11-07T22:13:10.933947,31.511,None,None,None,None,None,None,None,None,None,None,None,0.7,0.0,0.0,0.0,0.0,0.0,0.0,180.0,None,None,None
2025-11-07T22:13:10.934347,31.511,None,None,None,None,None,None,None,None,None,None,None,0.7,0.0,0.0,0.0,0.0,0.0,0.0,180.0,None,None,None
2025-11-07T22:13:10.934735,31.512,None,None,None,None,None,None,None,None,None,None,None,0.7,0.0,0.0,0.0,0.0,0.0,0.0,180.0,None,None,None
2025-11-07T22:13:10.935117,31.512,None,None,None,None,None,None,None,None,None,None,None,0.7,0.0,0.0,0.0,0.0,0.0,0.0,180.0,None,None,None
2025-11-07T22:13:10.935553,31.512,None,None,None,None,None,None,None,None,None,None,None,0.7,0.0,0.0,0.0,0.0,0.0,0.0,180.0,None,None,None
2025-11-07T22:13:11.371116,31.948,None,None,None,None,None,None,None,None,None,None,None,0.7,0.0,0.0,0.0,0.0,0.0,0.0,180.0,None,None,None
2025-11-07T22:13:11.371800,31.949,None,None,None,None,None,None,None,None,None,None,None,0.7,0.0,0.0,0.0,0.0,0.0,0.0,180.0,None,None,None
2025-11-07T22:13:11.372263,31.949,None,None,None,None,None,None,None,None,None,None,None,0.7,0.0,0.0,0.0,0.0,0.0,0.0,180.0,None,None,None
2025-11-07T22:13:11.372733,31.950,None,None,None,None,None,None,None,None,None,None,None,0.7,0.0,0.0,0.0,0.0,0.0,0.0,180.0,None,None,None
2025-11-07T22:13:11.373185,31.950,None,None,None,None,None,None,None,None,None,None,None,0.7,0.0,0.0,0.0,0.0,0.0,0.0,180.0,None,None,None
2025-11-07T22:13:11.373621,31.950,None,None,None,None,None,None,None,None,None,None,None,0.7,0.0,0.0,0.0,0.0,0.0,0.0,180.0,None,None,None
2025-11-07T22:13:11.374093,31.951,None,None,None,None,None,None,None,None,None,None,None,0.7,0.0,0.0,0.0,0.0,0.0,0.0,180.0,None,None,None
2025-11-07T22:13:11.795335,32.372,None,None,None,None,None,None,None,None,None,None,None,0.7,0.0,0.0,0.0,0.0,0.0,0.0,180.0,None,None,None
2025-11-07T22:13:11.795966,32.373,None,None,None,None,None,None,None,None,None,None,None,0.7,0.0,0.0,0.0,0.0,0.0,0.0,180.0,None,None,None
2025-11-07T22:13:11.803839,32.381,None,None,None,None,None,None,None,None,None,None,None,0.7,0.0,0.0,0.0,0.0,0.0,0.0,180.0,None,None,None
2025-11-07T22:13:11.804364,32.381,None,None,None,None,None,None,None,None,None,None,None,0.7,0.0,0.0,0.0,0.0,0.0,0.0,180.0,None,None,None
2025-11-07T22:13:11.804798,32.382,None,None,None,None,None,None,None,None,None,None,None,0.7,0.0,0.0,0.0,0.0,0.0,0.0,180.0,None,None,None
2025-11-07T22:13:11.805142,32.382,None,None,None,None,None,None,None,None,None,None,None,0.7,0.0,0.0,0.0,0.0,0.0,0.0,180.0,None,None,None
2025-11-07T22:13:11.805504,32.382,None,None,None,None,None,None,None,None,None,None,None,0.7,0.0,0.0,0.0,0.0,0.0,0.0,180.0,None,None,None
2025-11-07T22:13:11.806034,32.383,None,None,None,None,None,None,None,None,None,None,None,0.7,0.0,0.0,0.0,0.0,0.0,0.0,180.0,None,None,None
2025-11-07T22:13:11.806914,32.384,None,None,None,None,None,None,None,None,None,None,None,0.7,0.0,0.0,0.0,0.0,0.0,0.0,180.0,None,None,None
2025-11-07T22:13:12.234630,32.811,None,None,None,None,None,None,None,None,None,None,None,0.7,0.0,0.0,0.0,0.0,0.0,0.0,180.0,None,None,None
2025-11-07T22:13:12.235252,32.812,None,None,None,None,None,None,None,None,None,None,None,0.7,0.0,0.0,0.0,0.0,0.0,0.0,180.0,None,None,None
2025-11-07T22:13:12.235807,32.813,None,None,None,None,None,None,None,None,None,None,None,0.7,0.0,0.0,0.0,0.0,0.0,0.0,180.0,None,None,None
2025-11-07T22:13:12.236256,32.813,None,None,None,None,None,None,None,None,None,None,None,0.7,0.0,0.0,0.0,0.0,0.0,0.0,180.0,None,None,None
2025-11-07T22:13:12.236666,32.813,None,None,None,None,None,None,None,None,None,None,None,0.7,0.0,0.0,0.0,0.0,0.0,0.0,180.0,None,None,None
2025-11-07T22:13:12.237142,32.814,None,None,None,None,None,None,None,None,None,None,None,0.7,0.0,0.0,0.0,0.0,0.0,0.0,180.0,None,None,None
2025-11-07T22:13:12.237576,32.814,None,None,None,None,None,None,None,None,None,None,None,0.7,0.0,0.0,0.0,0.0,0.0,0.0,180.0,None,None,None
2025-11-07T22:13:12.712394,33.289,None,None,None,None,None,None,None,None,None,None,None,0.7,0.0,0.0,0.0,0.0,0.0,0.0,180.0,None,None,None
2025-11-07T22:13:12.713045,33.290,None,None,None,None,None,None,None,None,None,None,None,0.7,0.0,0.0,0.0,0.0,0.0,0.0,180.0,None,None,None
2025-11-07T22:13:12.713492,33.290,None,None,None,None,None,None,None,None,None,None,None,0.7,0.0,0.0,0.0,0.0,0.0,0.0,180.0,None,None,None
2025-11-07T22:13:12.713982,33.291,None,None,None,None,None,None,None,None,None,None,None,0.7,0.0,0.0,0.0,0.0,0.0,0.0,180.0,None,None,None
2025-11-07T22:13:12.714459,33.291,None,None,None,None,None,None,None,None,None,None,None,0.7,0.0,0.0,0.0,0.0,0.0,0.0,180.0,None,None,None
2025-11-07T22:13:12.714920,33.292,None,None,None,None,None,None,None,None,None,None,None,0.7,0.0,0.0,0.0,0.0,0.0,0.0,180.0,None,None,None
2025-11-07T22:13:12.715379,33.292,None,None,None,None,None,None,None,None,None,None,None,0.7,0.0,0.0,0.0,0.0,0.0,0.0,180.0,None,None,None
2025-11-07T22:13:12.715834,33.293,None,None,None,None,None,None,None,None,None,None,None,0.7,0.0,0.0,0.0,0.0,0.0,0.0,180.0,None,None,None
2025-11-07T22:13:12.716267,33.293,None,None,None,None,None,None,None,None,None,None,None,0.7,0.0,0.0,0.0,0.0,0.0,0.0,180.0,None,None,None
2025-11-07T22:13:13.142818,33.720,None,None,None,None,None,None,None,None,None,None,None,0.7,0.0,0.0,0.0,0.0,0.0,0.0,180.0,None,None,None
2025-11-07T22:13:13.143581,33.720,None,None,None,None,None,None,None,None,None,None,None,0.7,0.0,0.0,0.0,0.0,0.0,0.0,180.0,None,None,None
2025-11-07T22:13:13.144088,33.721,None,None,None,None,None,None,None,None,None,None,None,0.7,0.0,0.0,0.0,0.0,0.0,0.0,180.0,None,None,None
2025-11-07T22:13:13.144538,33.721,None,None,None,None,None,None,None,None,None,None,None,0.7,0.0,0.0,0.0,0.0,0.0,0.0,180.0,None,None,None
2025-11-07T22:13:13.144967,33.722,None,None,None,None,None,None,None,None,None,None,None,0.7,0.0,0.0,0.0,0.0,0.0,0.0,180.0,None,None,None
2025-11-07T22:13:13.145428,33.722,None,None,None,None,None,None,None,None,None,None,None,0.7,0.0,0.0,0.0,0.0,0.0,0.0,180.0,None,None,None
2025-11-07T22:13:13.145880,33.723,None,None,None,None,None,None,None,None,None,None,None,0.7,0.0,0.0,0.0,0.0,0.0,0.0,180.0,None,None,None
2025-11-07T22:13:13.565467,34.142,None,None,None,None,None,None,None,None,None,None,None,0.7,0.0,0.0,0.0,0.0,0.0,0.0,180.0,None,None,None
2025-11-07T22:13:13.566194,34.143,None,None,None,None,None,None,None,None,None,None,None,0.7,0.0,0.0,0.0,0.0,0.0,0.0,180.0,None,None,None
2025-11-07T22:13:13.566787,34.144,None,None,None,None,None,None,None,None,None,None,None,0.7,0.0,0.0,0.0,0.0,0.0,0.0,180.0,None,None,None
2025-11-07T22:13:13.567208,34.144,None,None,None,None,None,None,None,None,None,None,None,0.7,0.0,0.0,0.0,0.0,0.0,0.0,180.0,None,None,None
2025-11-07T22:13:13.567734,34.145,None,None,None,None,None,None,None,None,None,None,None,0.7,0.0,0.0,0.0,0.0,0.0,0.0,180.0,None,None,None
2025-11-07T22:13:13.568222,34.145,None,None,None,None,None,None,None,None,None,None,None,0.7,0.0,0.0,0.0,0.0,0.0,0.0,180.0,None,None,None
2025-11-07T22:13:13.568735,34.146,None,None,None,None,None,None,None,None,None,None,None,0.7,0.0,0.0,0.0,0.0,0.0,0.0,180.0,None,None,None
2025-11-07T22:13:13.995684,34.573,None,None,None,None,None,None,None,None,None,None,None,0.7,0.0,0.0,0.0,0.0,0.0,0.0,180.0,None,None,None
2025-11-07T22:13:13.996269,34.573,None,None,None,None,None,None,None,None,None,None,None,0.7,0.0,0.0,0.0,0.0,0.0,0.0,180.0,None,None,None
2025-11-07T22:13:13.996741,34.574,None,None,None,None,None,None,None,None,None,None,None,0.7,0.0,0.0,0.0,0.0,0.0,0.0,180.0,None,None,None
2025-11-07T22:13:13.997401,34.574,None,None,None,None,None,None,None,None,None,None,None,0.7,0.0,0.0,0.0,0.0,0.0,0.0,180.0,None,None,None
2025-11-07T22:13:13.998138,34.575,None,None,None,None,None,None,None,None,None,None,None,0.7,0.0,0.0,0.0,0.0,0.0,0.0,180.0,None,None,None
2025-11-07T22:13:13.999206,34.576,None,None,None,None,None,None,None,None,None,None,None,0.7,0.0,0.0,0.0,0.0,0.0,0.0,180.0,None,None,None
2025-11-07T22:13:14.001215,34.578,None,None,None,None,None,None,None,None,None,None,None,0.7,0.0,0.0,0.0,0.0,0.0,0.0,180.0,None,None,None
2025-11-07T22:13:14.001971,34.579,None,None,None,None,None,None,None,None,None,None,None,0.7,0.0,0.0,0.0,0.0,0.0,0.0,180.0,None,None,None
2025-11-07T22:13:14.003086,34.580,None,None,None,None,None,None,None,None,None,None,None,0.7,0.0,0.0,0.0,0.0,0.0,0.0,180.0,None,None,None
2025-11-07T22:13:14.460803,35.038,None,None,None,None,None,None,None,None,None,None,None,0.7,0.0,0.0,0.0,0.0,0.0,0.0,180.0,None,None,None
2025-11-07T22:13:14.461466,35.038,None,None,None,None,None,None,None,None,None,None,None,0.7,0.0,0.0,0.0,0.0,0.0,0.0,180.0,None,None,None
2025-11-07T22:13:14.461995,35.039,None,None,None,None,None,None,None,None,None,None,None,0.7,0.0,0.0,0.0,0.0,0.0,0.0,180.0,None,None,None
2025-11-07T22:13:14.462487,35.039,None,None,None,None,None,None,None,None,None,None,None,0.7,0.0,0.0,0.0,0.0,0.0,0.0,180.0,None,None,None
2025-11-07T22:13:14.462957,35.040,None,None,None,None,None,None,None,None,None,None,None,0.7,0.0,0.0,0.0,0.0,0.0,0.0,180.0,None,None,None
2025-11-07T22:13:14.463430,35.040,None,None,None,None,None,None,None,None,None,None,None,0.7,0.0,0.0,0.0,0.0,0.0,0.0,180.0,None,None,None
2025-11-07T22:13:14.463902,35.041,None,None,None,None,None,None,None,None,None,None,None,0.7,0.0,0.0,0.0,0.0,0.0,0.0,180.0,None,None,None
2025-11-07T22:13:14.930787,35.508,None,None,None,None,None,None,None,None,None,None,None,0.7,0.0,0.0,0.0,0.0,0.0,0.0,180.0,None,None,None
2025-11-07T22:13:14.931655,35.508,None,None,None,None,None,None,None,None,None,None,None,0.7,0.0,0.0,0.0,0.0,0.0,0.0,180.0,None,None,None
2025-11-07T22:13:14.932180,35.509,None,None,None,None,None,None,None,None,None,None,None,0.7,0.0,0.0,0.0,0.0,0.0,0.0,180.0,None,None,None
2025-11-07T22:13:14.932709,35.510,None,None,None,None,None,None,None,None,None,None,None,0.7,0.0,0.0,0.0,0.0,0.0,0.0,180.0,None,None,None
2025-11-07T22:13:14.933218,35.510,None,None,None,None,None,None,None,None,None,None,None,0.7,0.0,0.0,0.0,0.0,0.0,0.0,180.0,None,None,None
2025-11-07T22:13:14.933729,35.511,None,None,None,None,None,None,None,None,None,None,None,0.7,0.0,0.0,0.0,0.0,0.0,0.0,180.0,None,None,None
2025-11-07T22:13:14.934371,35.511,None,None,None,None,None,None,None,None,None,None,None,0.7,0.0,0.0,0.0,0.0,0.0,0.0,180.0,None,None,None
2025-11-07T22:13:14.934968,35.512,None,None,None,None,None,None,None,None,None,None,None,0.7,0.0,0.0,0.0,0.0,0.0,0.0,180.0,None,None,None
2025-11-07T22:13:14.935576,35.512,None,None,None,None,None,None,None,None,None,None,None,0.7,0.0,0.0,0.0,0.0,0.0,0.0,180.0,None,None,None
2025-11-07T22:13:15.407181,35.984,None,None,None,None,None,None,None,None,None,None,None,0.7,0.0,0.0,0.0,0.0,0.0,0.0,180.0,None,None,None
2025-11-07T22:13:15.407928,35.985,None,None,None,None,None,None,None,None,None,None,None,0.7,0.0,0.0,0.0,0.0,0.0,0.0,180.0,None,None,None
2025-11-07T22:13:15.408517,35.985,None,None,None,None,None,None,None,None,None,None,None,0.7,0.0,0.0,0.0,0.0,0.0,0.0,180.0,None,None,None
2025-11-07T22:13:15.409012,35.986,None,None,None,None,None,None,None,None,None,None,None,0.7,0.0,0.0,0.0,0.0,0.0,0.0,180.0,None,None,None
2025-11-07T22:13:15.409476,35.986,None,None,None,None,None,None,None,None,None,None,None,0.7,0.0,0.0,0.0,0.0,0.0,0.0,180.0,None,None,None
2025-11-07T22:13:15.409914,35.987,None,None,None,None,None,None,None,None,None,None,None,0.7,0.0,0.0,0.0,0.0,0.0,0.0,180.0,None,None,None
2025-11-07T22:13:15.410340,35.987,None,None,None,None,None,None,None,None,None,None,None,0.7,0.0,0.0,0.0,0.0,0.0,0.0,180.0,None,None,None
2025-11-07T22:13:15.410778,35.988,None,None,None,None,None,None,None,None,None,None,None,0.7,0.0,0.0,0.0,0.0,0.0,0.0,180.0,None,None,None
2025-11-07T22:13:15.411204,35.988,None,None,None,None,None,None,None,None,None,None,None,0.7,0.0,0.0,0.0,0.0,0.0,0.0,180.0,None,None,None
2025-11-07T22:13:15.865769,36.443,None,None,None,None,None,None,None,None,None,None,None,0.7,0.0,0.0,0.0,0.0,0.0,0.0,180.0,None,None,None
2025-11-07T22:13:15.866398,36.443,None,None,None,None,None,None,None,None,None,None,None,0.7,0.0,0.0,0.0,0.0,0.0,0.0,180.0,None,None,None
2025-11-07T22:13:15.866912,36.444,None,None,None,None,None,None,None,None,None,None,None,0.7,0.0,0.0,0.0,0.0,0.0,0.0,180.0,None,None,None
2025-11-07T22:13:15.867396,36.444,None,None,None,None,None,None,None,None,None,None,None,0.7,0.0,0.0,0.0,0.0,0.0,0.0,180.0,None,None,None
2025-11-07T22:13:15.867867,36.445,None,None,None,None,None,None,None,None,None,None,None,0.7,0.0,0.0,0.0,0.0,0.0,0.0,180.0,None,None,None
2025-11-07T22:13:15.868323,36.445,None,None,None,None,None,None,None,None,None,None,None,0.7,0.0,0.0,0.0,0.0,0.0,0.0,180.0,None,None,None
2025-11-07T22:13:15.868859,36.446,None,None,None,None,None,None,None,None,None,None,None,0.7,0.0,0.0,0.0,0.0,0.0,0.0,180.0,None,None,None
2025-11-07T22:13:16.332037,36.909,None,None,None,None,None,None,None,None,None,None,None,0.7,0.0,0.0,0.0,0.0,0.0,0.0,180.0,None,None,None
2025-11-07T22:13:16.332751,36.910,None,None,None,None,None,None,None,None,None,None,None,0.7,0.0,0.0,0.0,0.0,0.0,0.0,180.0,None,None,None
2025-11-07T22:13:16.333310,36.910,None,None,None,None,None,None,None,None,None,None,None,0.7,0.0,0.0,0.0,0.0,0.0,0.0,180.0,None,None,None
2025-11-07T22:13:16.334043,36.911,None,None,None,None,None,None,None,None,None,None,None,0.7,0.0,0.0,0.0,0.0,0.0,0.0,180.0,None,None,None
2025-11-07T22:13:16.334937,36.912,None,None,None,None,None,None,None,None,None,None,None,0.7,0.0,0.0,0.0,0.0,0.0,0.0,180.0,None,None,None
2025-11-07T22:13:16.335683,36.913,None,None,None,None,None,None,None,None,None,None,None,0.7,0.0,0.0,0.0,0.0,0.0,0.0,180.0,None,None,None
2025-11-07T22:13:16.336262,36.913,None,None,None,None,None,None,None,None,None,None,None,0.7,0.0,0.0,0.0,0.0,0.0,0.0,180.0,None,None,None
2025-11-07T22:13:16.336922,36.914,None,None,None,None,None,None,None,None,None,None,None,0.7,0.0,0.0,0.0,0.0,0.0,0.0,180.0,None,None,None
2025-11-07T22:13:16.337542,36.914,None,None,None,None,None,None,None,None,None,None,None,0.7,0.0,0.0,0.0,0.0,0.0,0.0,180.0,None,None,None
2025-11-07T22:13:16.826121,37.403,None,None,None,None,None,None,None,None,None,None,None,0.7,0.0,0.0,0.0,0.0,0.0,0.0,180.0,None,None,None
2025-11-07T22:13:16.826826,37.404,None,None,None,None,None,None,None,None,None,None,None,0.7,0.0,0.0,0.0,0.0,0.0,0.0,180.0,None,None,None
2025-11-07T22:13:16.827383,37.404,None,None,None,None,None,None,None,None,None,None,None,0.7,0.0,0.0,0.0,0.0,0.0,0.0,180.0,None,None,None
2025-11-07T22:13:16.827862,37.405,None,None,None,None,None,None,None,None,None,None,None,0.7,0.0,0.0,0.0,0.0,0.0,0.0,180.0,None,None,None
2025-11-07T22:13:16.828268,37.405,None,None,None,None,None,None,None,None,None,None,None,0.7,0.0,0.0,0.0,0.0,0.0,0.0,180.0,None,None,None
2025-11-07T22:13:16.828678,37.405,None,None,None,None,None,None,None,None,None,None,None,0.7,0.0,0.0,0.0,0.0,0.0,0.0,180.0,None,None,None
2025-11-07T22:13:16.829115,37.406,None,None,None,None,None,None,None,None,None,None,None,0.7,0.0,0.0,0.0,0.0,0.0,0.0,180.0,None,None,None
2025-11-07T22:13:16.829553,37.406,None,None,None,None,None,None,None,None,None,None,None,0.7,0.0,0.0,0.0,0.0,0.0,0.0,180.0,None,None,None
2025-11-07T22:13:17.285769,37.863,None,None,None,None,None,None,None,None,None,None,None,0.7,0.0,0.0,0.0,0.0,0.0,0.0,180.0,None,None,None
2025-11-07T22:13:17.286428,37.863,None,None,None,None,None,None,None,None,None,None,None,0.7,0.0,0.0,0.0,0.0,0.0,0.0,180.0,None,None,None
2025-11-07T22:13:17.286917,37.864,None,None,None,None,None,None,None,None,None,None,None,0.7,0.0,0.0,0.0,0.0,0.0,0.0,180.0,None,None,None
2025-11-07T22:13:17.287359,37.864,None,None,None,None,None,None,None,None,None,None,None,0.7,0.0,0.0,0.0,0.0,0.0,0.0,180.0,None,None,None
2025-11-07T22:13:17.287811,37.865,None,None,None,None,None,None,None,None,None,None,None,0.7,0.0,0.0,0.0,0.0,0.0,0.0,180.0,None,None,None
2025-11-07T22:13:17.288341,37.865,None,None,None,None,None,None,None,None,None,None,None,0.7,0.0,0.0,0.0,0.0,0.0,0.0,180.0,None,None,None
2025-11-07T22:13:17.288832,37.866,None,None,None,None,None,None,None,None,None,None,None,0.7,0.0,0.0,0.0,0.0,0.0,0.0,180.0,None,None,None
2025-11-07T22:13:17.289302,37.866,None,None,None,None,None,None,None,None,None,None,None,0.7,0.0,0.0,0.0,0.0,0.0,0.0,180.0,None,None,None
2025-11-07T22:13:17.736523,38.313,None,None,None,None,None,None,None,None,None,None,None,0.7,0.0,0.0,0.0,0.0,0.0,0.0,180.0,None,None,None
2025-11-07T22:13:17.737209,38.314,None,None,None,None,None,None,None,None,None,None,None,0.7,0.0,0.0,0.0,0.0,0.0,0.0,180.0,None,None,None
2025-11-07T22:13:17.737845,38.315,None,None,None,None,None,None,None,None,None,None,None,0.7,0.0,0.0,0.0,0.0,0.0,0.0,180.0,None,None,None
2025-11-07T22:13:17.738451,38.315,None,None,None,None,None,None,None,None,None,None,None,0.7,0.0,0.0,0.0,0.0,0.0,0.0,180.0,None,None,None
2025-11-07T22:13:17.738974,38.316,None,None,None,None,None,None,None,None,None,None,None,0.7,0.0,0.0,0.0,0.0,0.0,0.0,180.0,None,None,None
2025-11-07T22:13:17.739512,38.316,None,None,None,None,None,None,None,None,None,None,None,0.7,0.0,0.0,0.0,0.0,0.0,0.0,180.0,None,None,None
2025-11-07T22:13:17.739956,38.317,None,None,None,None,None,None,None,None,None,None,None,0.7,0.0,0.0,0.0,0.0,0.0,0.0,180.0,None,None,None
2025-11-07T22:13:17.740362,38.317,None,None,None,None,None,None,None,None,None,None,None,0.7,0.0,0.0,0.0,0.0,0.0,0.0,180.0,None,None,None
2025-11-07T22:13:18.196729,38.774,None,None,None,None,None,None,None,None,None,None,None,0.7,0.0,0.0,0.0,0.0,0.0,0.0,180.0,None,None,None
2025-11-07T22:13:18.197550,38.774,None,None,None,None,None,None,None,None,None,None,None,0.7,0.0,0.0,0.0,0.0,0.0,0.0,180.0,None,None,None
2025-11-07T22:13:18.198060,38.775,None,None,None,None,None,None,None,None,None,None,None,0.7,0.0,0.0,0.0,0.0,0.0,0.0,180.0,None,None,None
2025-11-07T22:13:18.198551,38.775,None,None,None,None,None,None,None,None,None,None,None,0.7,0.0,0.0,0.0,0.0,0.0,0.0,180.0,None,None,None
2025-11-07T22:13:18.199042,38.776,None,None,None,None,None,None,None,None,None,None,None,0.7,0.0,0.0,0.0,0.0,0.0,0.0,180.0,None,None,None
2025-11-07T22:13:18.199566,38.776,None,None,None,None,None,None,None,None,None,None,None,0.7,0.0,0.0,0.0,0.0,0.0,0.0,180.0,None,None,None
2025-11-07T22:13:18.200096,38.777,None,None,None,None,None,None,None,None,None,None,None,0.7,0.0,0.0,0.0,0.0,0.0,0.0,180.0,None,None,None
2025-11-07T22:13:18.200632,38.777,None,None,None,None,None,None,None,None,None,None,None,0.7,0.0,0.0,0.0,0.0,0.0,0.0,180.0,None,None,None
2025-11-07T22:13:18.647198,39.224,None,None,None,None,None,None,None,None,None,None,None,0.7,0.0,0.0,0.0,0.0,0.0,0.0,180.0,None,None,None
2025-11-07T22:13:18.647883,39.225,None,None,None,None,None,None,None,None,None,None,None,0.7,0.0,0.0,0.0,0.0,0.0,0.0,180.0,None,None,None
2025-11-07T22:13:18.648439,39.225,None,None,None,None,None,None,None,None,None,None,None,0.7,0.0,0.0,0.0,0.0,0.0,0.0,180.0,None,None,None
2025-11-07T22:13:18.648901,39.226,None,None,None,None,None,None,None,None,None,None,None,0.7,0.0,0.0,0.0,0.0,0.0,0.0,180.0,None,None,None
2025-11-07T22:13:18.649364,39.226,None,None,None,None,None,None,None,None,None,None,None,0.7,0.0,0.0,0.0,0.0,0.0,0.0,180.0,None,None,None
2025-11-07T22:13:18.649793,39.227,None,None,None,None,None,None,None,None,None,None,None,0.7,0.0,0.0,0.0,0.0,0.0,0.0,180.0,None,None,None
2025-11-07T22:13:18.650293,39.227,None,None,None,None,None,None,None,None,None,None,None,0.7,0.0,0.0,0.0,0.0,0.0,0.0,180.0,None,None,None
2025-11-07T22:13:18.650770,39.228,None,None,None,None,None,None,None,None,None,None,None,0.7,0.0,0.0,0.0,0.0,0.0,0.0,180.0,None,None,None
2025-11-07T22:13:19.107119,39.684,None,None,None,None,None,None,None,None,None,None,None,0.7,0.0,0.0,0.0,0.0,0.0,0.0,180.0,None,None,None
2025-11-07T22:13:19.107821,39.685,None,None,None,None,None,None,None,None,None,None,None,0.7,0.0,0.0,0.0,0.0,0.0,0.0,180.0,None,None,None
2025-11-07T22:13:19.108297,39.685,None,None,None,None,None,None,None,None,None,None,None,0.7,0.0,0.0,0.0,0.0,0.0,0.0,180.0,None,None,None
2025-11-07T22:13:19.108716,39.686,None,None,None,None,None,None,None,None,None,None,None,0.7,0.0,0.0,0.0,0.0,0.0,0.0,180.0,None,None,None
2025-11-07T22:13:19.109112,39.686,None,None,None,None,None,None,None,None,None,None,None,0.7,0.0,0.0,0.0,0.0,0.0,0.0,180.0,None,None,None
2025-11-07T22:13:19.109510,39.686,None,None,None,None,None,None,None,None,None,None,None,0.7,0.0,0.0,0.0,0.0,0.0,0.0,180.0,None,None,None
2025-11-07T22:13:19.109934,39.687,None,None,None,None,None,None,None,None,None,None,None,0.7,0.0,0.0,0.0,0.0,0.0,0.0,180.0,None,None,None
2025-11-07T22:13:19.110434,39.687,None,None,None,None,None,None,None,None,None,None,None,0.7,0.0,0.0,0.0,0.0,0.0,0.0,180.0,None,None,None
2025-11-07T22:13:19.110964,39.688,None,None,None,None,None,None,None,None,None,None,None,0.7,0.0,0.0,0.0,0.0,0.0,0.0,180.0,None,None,None
2025-11-07T22:13:19.558047,40.135,None,None,None,None,None,None,None,None,None,None,None,0.7,0.0,0.0,0.0,0.0,0.0,0.0,180.0,None,None,None
2025-11-07T22:13:19.558625,40.135,None,None,None,None,None,None,None,None,None,None,None,0.7,0.0,0.0,0.0,0.0,0.0,0.0,180.0,None,None,None
2025-11-07T22:13:19.559075,40.136,None,None,None,None,None,None,None,None,None,None,None,0.7,0.0,0.0,0.0,0.0,0.0,0.0,180.0,None,None,None
2025-11-07T22:13:19.559549,40.136,None,None,None,None,None,None,None,None,None,None,None,0.7,0.0,0.0,0.0,0.0,0.0,0.0,180.0,None,None,None
2025-11-07T22:13:19.560005,40.137,None,None,None,None,None,None,None,None,None,None,None,0.7,0.0,0.0,0.0,0.0,0.0,0.0,180.0,None,None,None
2025-11-07T22:13:19.560481,40.137,None,None,None,None,None,None,None,None,None,None,None,0.7,0.0,0.0,0.0,0.0,0.0,0.0,180.0,None,None,None
2025-11-07T22:13:19.560901,40.138,None,None,None,None,None,None,None,None,None,None,None,0.7,0.0,0.0,0.0,0.0,0.0,0.0,180.0,None,None,None
2025-11-07T22:13:20.041015,40.618,None,None,None,None,None,None,None,None,None,None,None,0.7,0.0,0.0,0.0,0.0,0.0,0.0,180.0,None,None,None
2025-11-07T22:13:20.041650,40.618,None,None,None,None,None,None,None,None,None,None,None,0.7,0.0,0.0,0.0,0.0,0.0,0.0,180.0,None,None,None
2025-11-07T22:13:20.042154,40.619,None,None,None,None,None,None,None,None,None,None,None,0.7,0.0,0.0,0.0,0.0,0.0,0.0,180.0,None,None,None
2025-11-07T22:13:20.042633,40.619,None,None,None,None,None,None,None,None,None,None,None,0.7,0.0,0.0,0.0,0.0,0.0,0.0,180.0,None,None,None
2025-11-07T22:13:20.043041,40.620,None,None,None,None,None,None,None,None,None,None,None,0.7,0.0,0.0,0.0,0.0,0.0,0.0,180.0,None,None,None
2025-11-07T22:13:20.043441,40.620,None,None,None,None,None,None,None,None,None,None,None,0.7,0.0,0.0,0.0,0.0,0.0,0.0,180.0,None,None,None
2025-11-07T22:13:20.043835,40.621,None,None,None,None,None,None,None,None,None,None,None,0.7,0.0,0.0,0.0,0.0,0.0,0.0,180.0,None,None,None
2025-11-07T22:13:20.044245,40.621,None,None,None,None,None,None,None,None,None,None,None,0.7,0.0,0.0,0.0,0.0,0.0,0.0,180.0,None,None,None
2025-11-07T22:13:20.044668,40.621,None,None,None,None,None,None,None,None,None,None,None,0.7,0.0,0.0,0.0,0.0,0.0,0.0,180.0,None,None,None
2025-11-07T22:13:20.503926,41.081,None,None,None,None,None,None,None,None,None,None,None,0.7,0.0,0.0,0.0,0.0,0.0,0.0,180.0,None,None,None
2025-11-07T22:13:20.504693,41.082,None,None,None,None,None,None,None,None,None,None,None,0.7,0.0,0.0,0.0,0.0,0.0,0.0,180.0,None,None,None
2025-11-07T22:13:20.505385,41.082,None,None,None,None,None,None,None,None,None,None,None,0.7,0.0,0.0,0.0,0.0,0.0,0.0,180.0,None,None,None
2025-11-07T22:13:20.506258,41.083,None,None,None,None,None,None,None,None,None,None,None,0.7,0.0,0.0,0.0,0.0,0.0,0.0,180.0,None,None,None
2025-11-07T22:13:20.507039,41.084,None,None,None,None,None,None,None,None,None,None,None,0.7,0.0,0.0,0.0,0.0,0.0,0.0,180.0,None,None,None
2025-11-07T22:13:20.507542,41.084,None,None,None,None,None,None,None,None,None,None,None,0.7,0.0,0.0,0.0,0.0,0.0,0.0,180.0,None,None,None
2025-11-07T22:13:20.508153,41.085,None,None,None,None,None,None,None,None,None,None,None,0.7,0.0,0.0,0.0,0.0,0.0,0.0,180.0,None,None,None
2025-11-07T22:13:20.976172,41.553,None,None,None,None,None,None,None,None,None,None,None,0.7,0.0,0.0,0.0,0.0,0.0,0.0,180.0,None,None,None
2025-11-07T22:13:20.976903,41.554,None,None,None,None,None,None,None,None,None,None,None,0.7,0.0,0.0,0.0,0.0,0.0,0.0,180.0,None,None,None
2025-11-07T22:13:20.977545,41.554,None,None,None,None,None,None,None,None,None,None,None,0.7,0.0,0.0,0.0,0.0,0.0,0.0,180.0,None,None,None
2025-11-07T22:13:20.978153,41.555,None,None,None,None,None,None,None,None,None,None,None,0.7,0.0,0.0,0.0,0.0,0.0,0.0,180.0,None,None,None
2025-11-07T22:13:20.978725,41.556,None,None,None,None,None,None,None,None,None,None,None,0.7,0.0,0.0,0.0,0.0,0.0,0.0,180.0,None,None,None
2025-11-07T22:13:20.979524,41.556,None,None,None,None,None,None,None,None,None,None,None,0.7,0.0,0.0,0.0,0.0,0.0,0.0,180.0,None,None,None
2025-11-07T22:13:20.980257,41.557,None,None,None,None,None,None,None,None,None,None,None,0.7,0.0,0.0,0.0,0.0,0.0,0.0,180.0,None,None,None
2025-11-07T22:13:20.980860,41.558,None,None,None,None,None,None,None,None,None,None,None,0.7,0.0,0.0,0.0,0.0,0.0,0.0,180.0,None,None,None
2025-11-07T22:13:20.981490,41.558,None,None,None,None,None,None,None,None,None,None,None,0.7,0.0,0.0,0.0,0.0,0.0,0.0,180.0,None,None,None
2025-11-07T22:13:21.455578,42.032,None,None,None,None,None,None,None,None,None,None,None,0.7,0.0,0.0,0.0,0.0,0.0,0.0,180.0,None,None,None
2025-11-07T22:13:21.456186,42.033,None,None,None,None,None,None,None,None,None,None,None,0.7,0.0,0.0,0.0,0.0,0.0,0.0,180.0,None,None,None
2025-11-07T22:13:21.456650,42.033,None,None,None,None,None,None,None,None,None,None,None,0.7,0.0,0.0,0.0,0.0,0.0,0.0,180.0,None,None,None
2025-11-07T22:13:21.457050,42.034,None,None,None,None,None,None,None,None,None,None,None,0.7,0.0,0.0,0.0,0.0,0.0,0.0,180.0,None,None,None
2025-11-07T22:13:21.457479,42.034,None,None,None,None,None,None,None,None,None,None,None,0.7,0.0,0.0,0.0,0.0,0.0,0.0,180.0,None,None,None
2025-11-07T22:13:21.458036,42.035,None,None,None,None,None,None,None,None,None,None,None,0.7,0.0,0.0,0.0,0.0,0.0,0.0,180.0,None,None,None
2025-11-07T22:13:21.458598,42.035,None,None,None,None,None,None,None,None,None,None,None,0.7,0.0,0.0,0.0,0.0,0.0,0.0,180.0,None,None,None
2025-11-07T22:13:21.459186,42.036,None,None,None,None,None,None,None,None,None,None,None,0.7,0.0,0.0,0.0,0.0,0.0,0.0,180.0,None,None,None
2025-11-07T22:13:21.459757,42.037,None,None,None,None,None,None,None,None,None,None,None,0.7,0.0,0.0,0.0,0.0,0.0,0.0,180.0,None,None,None
2025-11-07T22:13:21.936348,42.513,None,None,None,None,None,None,None,None,None,None,None,0.7,0.0,0.0,0.0,0.0,0.0,0.0,180.0,None,None,None
2025-11-07T22:13:21.937427,42.514,None,None,None,None,None,None,None,None,None,None,None,0.7,0.0,0.0,0.0,0.0,0.0,0.0,180.0,None,None,None
2025-11-07T22:13:21.938127,42.515,None,None,None,None,None,None,None,None,None,None,None,0.7,0.0,0.0,0.0,0.0,0.0,0.0,180.0,None,None,None
2025-11-07T22:13:21.938837,42.516,None,None,None,None,None,None,None,None,None,None,None,0.7,0.0,0.0,0.0,0.0,0.0,0.0,180.0,None,None,None
2025-11-07T22:13:21.939608,42.516,None,None,None,None,None,None,None,None,None,None,None,0.7,0.0,0.0,0.0,0.0,0.0,0.0,180.0,None,None,None
2025-11-07T22:13:21.940538,42.517,None,None,None,None,None,None,None,None,None,None,None,0.7,0.0,0.0,0.0,0.0,0.0,0.0,180.0,None,None,None
2025-11-07T22:13:21.941246,42.518,None,None,None,None,None,None,None,None,None,None,None,0.7,0.0,0.0,0.0,0.0,0.0,0.0,180.0,None,None,None
2025-11-07T22:13:21.942104,42.519,None,None,None,None,None,None,None,None,None,None,None,0.7,0.0,0.0,0.0,0.0,0.0,0.0,180.0,None,None,None
2025-11-07T22:13:21.942957,42.520,None,None,None,None,None,None,None,None,None,None,None,0.7,0.0,0.0,0.0,0.0,0.0,0.0,180.0,None,None,None
2025-11-07T22:13:22.415038,42.992,None,None,None,None,None,None,None,None,None,None,None,0.7,0.0,0.0,0.0,0.0,0.0,0.0,180.0,None,None,None
2025-11-07T22:13:22.415787,42.993,None,None,None,None,None,None,None,None,None,None,None,0.7,0.0,0.0,0.0,0.0,0.0,0.0,180.0,None,None,None
2025-11-07T22:13:22.416396,42.993,None,None,None,None,None,None,None,None,None,None,None,0.7,0.0,0.0,0.0,0.0,0.0,0.0,180.0,None,None,None
2025-11-07T22:13:22.416896,42.994,None,None,None,None,None,None,None,None,None,None,None,0.7,0.0,0.0,0.0,0.0,0.0,0.0,180.0,None,None,None
2025-11-07T22:13:22.417416,42.994,None,None,None,None,None,None,None,None,None,None,None,0.7,0.0,0.0,0.0,0.0,0.0,0.0,180.0,None,None,None
2025-11-07T22:13:22.417944,42.995,None,None,None,None,None,None,None,None,None,None,None,0.7,0.0,0.0,0.0,0.0,0.0,0.0,180.0,None,None,None
2025-11-07T22:13:22.418479,42.995,None,None,None,None,None,None,None,None,None,None,None,0.7,0.0,0.0,0.0,0.0,0.0,0.0,180.0,None,None,None
2025-11-07T22:13:22.418990,42.996,None,None,None,None,None,None,None,None,None,None,None,0.7,0.0,0.0,0.0,0.0,0.0,0.0,180.0,None,None,None
2025-11-07T22:13:22.419518,42.996,None,None,None,None,None,None,None,None,None,None,None,0.7,0.0,0.0,0.0,0.0,0.0,0.0,180.0,None,None,None
2025-11-07T22:13:22.887008,43.464,None,None,None,None,None,None,None,None,None,None,None,0.7,0.0,0.0,0.0,0.0,0.0,0.0,180.0,None,None,None
2025-11-07T22:13:22.888139,43.465,None,None,None,None,None,None,None,None,None,None,None,0.7,0.0,0.0,0.0,0.0,0.0,0.0,180.0,None,None,None
2025-11-07T22:13:22.888857,43.466,None,None,None,None,None,None,None,None,None,None,None,0.7,0.0,0.0,0.0,0.0,0.0,0.0,180.0,None,None,None
2025-11-07T22:13:22.889482,43.466,None,None,None,None,None,None,None,None,None,None,None,0.7,0.0,0.0,0.0,0.0,0.0,0.0,180.0,None,None,None
2025-11-07T22:13:22.890137,43.467,None,None,None,None,None,None,None,None,None,None,None,0.7,0.0,0.0,0.0,0.0,0.0,0.0,180.0,None,None,None
2025-11-07T22:13:22.890805,43.468,None,None,None,None,None,None,None,None,None,None,None,0.7,0.0,0.0,0.0,0.0,0.0,0.0,180.0,None,None,None
2025-11-07T22:13:22.891504,43.468,None,None,None,None,None,None,None,None,None,None,None,0.7,0.0,0.0,0.0,0.0,0.0,0.0,180.0,None,None,None
2025-11-07T22:13:23.389800,43.967,None,None,None,None,None,None,None,None,None,None,None,0.7,0.0,0.0,0.0,0.0,0.0,0.0,180.0,None,None,None
2025-11-07T22:13:23.390437,43.967,None,None,None,None,None,None,None,None,None,None,None,0.7,0.0,0.0,0.0,0.0,0.0,0.0,180.0,None,None,None
2025-11-07T22:13:23.390957,43.968,None,None,None,None,None,None,None,None,None,None,None,0.7,0.0,0.0,0.0,0.0,0.0,0.0,180.0,None,None,None
2025-11-07T22:13:23.391433,43.968,None,None,None,None,None,None,None,None,None,None,None,0.7,0.0,0.0,0.0,0.0,0.0,0.0,180.0,None,None,None
2025-11-07T22:13:23.391885,43.969,None,None,None,None,None,None,None,None,None,None,None,0.7,0.0,0.0,0.0,0.0,0.0,0.0,180.0,None,None,None
2025-11-07T22:13:23.392345,43.969,None,None,None,None,None,None,None,None,None,None,None,0.7,0.0,0.0,0.0,0.0,0.0,0.0,180.0,None,None,None
2025-11-07T22:13:23.392773,43.970,None,None,None,None,None,None,None,None,None,None,None,0.7,0.0,0.0,0.0,0.0,0.0,0.0,180.0,None,None,None
2025-11-07T22:13:23.393197,43.970,None,None,None,None,None,None,None,None,None,None,None,0.7,0.0,0.0,0.0,0.0,0.0,0.0,180.0,None,None,None
2025-11-07T22:13:23.393650,43.970,None,None,None,None,None,None,None,None,None,None,None,0.7,0.0,0.0,0.0,0.0,0.0,0.0,180.0,None,None,None
2025-11-07T22:13:23.852095,44.429,None,None,None,None,None,None,None,None,None,None,None,0.7,0.0,0.0,0.0,0.0,0.0,0.0,180.0,None,None,None
2025-11-07T22:13:23.852681,44.430,None,None,None,None,None,None,None,None,None,None,None,0.7,0.0,0.0,0.0,0.0,0.0,0.0,180.0,None,None,None
2025-11-07T22:13:23.853135,44.430,None,None,None,None,None,None,None,None,None,None,None,0.7,0.0,0.0,0.0,0.0,0.0,0.0,180.0,None,None,None
2025-11-07T22:13:23.853550,44.430,None,None,None,None,None,None,None,None,None,None,None,0.7,0.0,0.0,0.0,0.0,0.0,0.0,180.0,None,None,None
2025-11-07T22:13:23.853948,44.431,None,None,None,None,None,None,None,None,None,None,None,0.7,0.0,0.0,0.0,0.0,0.0,0.0,180.0,None,None,None
2025-11-07T22:13:23.854337,44.431,None,None,None,None,None,None,None,None,None,None,None,0.7,0.0,0.0,0.0,0.0,0.0,0.0,180.0,None,None,None
2025-11-07T22:13:23.854775,44.432,None,None,None,None,None,None,None,None,None,None,None,0.7,0.0,0.0,0.0,0.0,0.0,0.0,180.0,None,None,None
2025-11-07T22:13:23.855180,44.432,None,None,None,None,None,None,None,None,None,None,None,0.7,0.0,0.0,0.0,0.0,0.0,0.0,180.0,None,None,None
2025-11-07T22:13:24.322508,44.899,None,None,None,None,None,None,None,None,None,None,None,0.7,0.0,0.0,0.0,0.0,0.0,0.0,180.0,None,None,None
2025-11-07T22:13:24.323210,44.900,None,None,None,None,None,None,None,None,None,None,None,0.7,0.0,0.0,0.0,0.0,0.0,0.0,180.0,None,None,None
2025-11-07T22:13:24.323703,44.901,None,None,None,None,None,None,None,None,None,None,None,0.7,0.0,0.0,0.0,0.0,0.0,0.0,180.0,None,None,None
2025-11-07T22:13:24.324157,44.901,None,None,None,None,None,None,None,None,None,None,None,0.7,0.0,0.0,0.0,0.0,0.0,0.0,180.0,None,None,None
2025-11-07T22:13:24.324620,44.901,None,None,None,None,None,None,None,None,None,None,None,0.7,0.0,0.0,0.0,0.0,0.0,0.0,180.0,None,None,None
2025-11-07T22:13:24.325064,44.902,None,None,None,None,None,None,None,None,None,None,None,0.7,0.0,0.0,0.0,0.0,0.0,0.0,180.0,None,None,None
2025-11-07T22:13:24.325527,44.902,None,None,None,None,None,None,None,None,None,None,None,0.7,0.0,0.0,0.0,0.0,0.0,0.0,180.0,None,None,None
2025-11-07T22:13:24.325983,44.903,None,None,None,None,None,None,None,None,None,None,None,0.7,0.0,0.0,0.0,0.0,0.0,0.0,180.0,None,None,None
2025-11-07T22:13:24.326433,44.903,None,None,None,None,None,None,None,None,None,None,None,0.7,0.0,0.0,0.0,0.0,0.0,0.0,180.0,None,None,None
2025-11-07T22:13:24.839521,45.416,None,None,None,None,None,None,None,None,None,None,None,0.7,0.0,0.0,0.0,0.0,0.0,0.0,180.0,None,None,None
2025-11-07T22:13:24.840359,45.417,None,None,None,None,None,None,None,None,None,None,None,0.7,0.0,0.0,0.0,0.0,0.0,0.0,180.0,None,None,None
2025-11-07T22:13:24.841015,45.418,None,None,None,None,None,None,None,None,None,None,None,0.7,0.0,0.0,0.0,0.0,0.0,0.0,180.0,None,None,None
2025-11-07T22:13:24.841511,45.418,None,None,None,None,None,None,None,None,None,None,None,0.7,0.0,0.0,0.0,0.0,0.0,0.0,180.0,None,None,None
2025-11-07T22:13:24.841948,45.419,None,None,None,None,None,None,None,None,None,None,None,0.7,0.0,0.0,0.0,0.0,0.0,0.0,180.0,None,None,None
2025-11-07T22:13:24.842448,45.419,None,None,None,None,None,None,None,None,None,None,None,0.7,0.0,0.0,0.0,0.0,0.0,0.0,180.0,None,None,None
2025-11-07T22:13:24.842978,45.420,None,None,None,None,None,None,None,None,None,None,None,0.7,0.0,0.0,0.0,0.0,0.0,0.0,180.0,None,None,None
2025-11-07T22:13:24.843473,45.420,None,None,None,None,None,None,None,None,None,None,None,0.7,0.0,0.0,0.0,0.0,0.0,0.0,180.0,None,None,None
2025-11-07T22:13:24.844061,45.421,None,None,None,None,None,None,None,None,None,None,None,0.7,0.0,0.0,0.0,0.0,0.0,0.0,180.0,None,None,None
2025-11-07T22:13:25.288170,45.865,None,None,None,None,None,None,None,None,None,None,None,0.7,0.0,0.0,0.0,0.0,0.0,0.0,180.0,None,None,None
2025-11-07T22:13:25.288865,45.866,None,None,None,None,None,None,None,None,None,None,None,0.7,0.0,0.0,0.0,0.0,0.0,0.0,180.0,None,None,None
2025-11-07T22:13:25.289417,45.866,None,None,None,None,None,None,None,None,None,None,None,0.7,0.0,0.0,0.0,0.0,0.0,0.0,180.0,None,None,None
2025-11-07T22:13:25.289939,45.867,None,None,None,None,None,None,None,None,None,None,None,0.7,0.0,0.0,0.0,0.0,0.0,0.0,180.0,None,None,None
2025-11-07T22:13:25.290477,45.867,None,None,None,None,None,None,None,None,None,None,None,0.7,0.0,0.0,0.0,0.0,0.0,0.0,180.0,None,None,None
2025-11-07T22:13:25.291011,45.868,None,None,None,None,None,None,None,None,None,None,None,0.7,0.0,0.0,0.0,0.0,0.0,0.0,180.0,None,None,None
2025-11-07T22:13:25.291547,45.868,None,None,None,None,None,None,None,None,None,None,None,0.7,0.0,0.0,0.0,0.0,0.0,0.0,180.0,None,None,None
2025-11-07T22:13:25.292071,45.869,None,None,None,None,None,None,None,None,None,None,None,0.7,0.0,0.0,0.0,0.0,0.0,0.0,180.0,None,None,None
2025-11-07T22:13:25.706473,46.283,None,None,None,None,None,None,None,None,None,None,None,0.7,0.0,0.0,0.0,0.0,0.0,0.0,180.0,None,None,None
2025-11-07T22:13:25.707132,46.284,None,None,None,None,None,None,None,None,None,None,None,0.7,0.0,0.0,0.0,0.0,0.0,0.0,180.0,None,None,None
2025-11-07T22:13:25.707656,46.284,None,None,None,None,None,None,None,None,None,None,None,0.7,0.0,0.0,0.0,0.0,0.0,0.0,180.0,None,None,None
2025-11-07T22:13:25.708152,46.285,None,None,None,None,None,None,None,None,None,None,None,0.7,0.0,0.0,0.0,0.0,0.0,0.0,180.0,None,None,None
2025-11-07T22:13:25.708653,46.285,None,None,None,None,None,None,None,None,None,None,None,0.7,0.0,0.0,0.0,0.0,0.0,0.0,180.0,None,None,None
2025-11-07T22:13:25.709158,46.286,None,None,None,None,None,None,None,None,None,None,None,0.7,0.0,0.0,0.0,0.0,0.0,0.0,180.0,None,None,None
2025-11-07T22:13:26.152423,46.729,None,None,None,None,None,None,None,None,None,None,None,0.7,0.0,0.0,0.0,0.0,0.0,0.0,180.0,None,None,None
2025-11-07T22:13:26.153127,46.730,None,None,None,None,None,None,None,None,None,None,None,0.7,0.0,0.0,0.0,0.0,0.0,0.0,180.0,None,None,None
2025-11-07T22:13:26.153697,46.731,None,None,None,None,None,None,None,None,None,None,None,0.7,0.0,0.0,0.0,0.0,0.0,0.0,180.0,None,None,None
2025-11-07T22:13:26.154224,46.731,None,None,None,None,None,None,None,None,None,None,None,0.7,0.0,0.0,0.0,0.0,0.0,0.0,180.0,None,None,None
2025-11-07T22:13:26.154750,46.732,None,None,None,None,None,None,None,None,None,None,None,0.7,0.0,0.0,0.0,0.0,0.0,0.0,180.0,None,None,None
2025-11-07T22:13:26.155275,46.732,None,None,None,None,None,None,None,None,None,None,None,0.7,0.0,0.0,0.0,0.0,0.0,0.0,180.0,None,None,None
2025-11-07T22:13:26.155817,46.733,None,None,None,None,None,None,None,None,None,None,None,0.7,0.0,0.0,0.0,0.0,0.0,0.0,180.0,None,None,None
2025-11-07T22:13:26.156349,46.733,None,None,None,None,None,None,None,None,None,None,None,0.7,0.0,0.0,0.0,0.0,0.0,0.0,180.0,None,None,None
2025-11-07T22:13:26.156898,46.734,None,None,None,None,None,None,None,None,None,None,None,0.7,0.0,0.0,0.0,0.0,0.0,0.0,180.0,None,None,None
2025-11-07T22:13:26.575875,47.153,None,None,None,None,None,None,None,None,None,None,None,0.7,0.0,0.0,0.0,0.0,0.0,0.0,180.0,None,None,None
2025-11-07T22:13:26.576614,47.153,None,None,None,None,None,None,None,None,None,None,None,0.7,0.0,0.0,0.0,0.0,0.0,0.0,180.0,None,None,None
2025-11-07T22:13:26.577159,47.154,None,None,None,None,None,None,None,None,None,None,None,0.7,0.0,0.0,0.0,0.0,0.0,0.0,180.0,None,None,None
2025-11-07T22:13:26.577696,47.155,None,None,None,None,None,None,None,None,None,None,None,0.7,0.0,0.0,0.0,0.0,0.0,0.0,180.0,None,None,None
2025-11-07T22:13:26.578238,47.155,None,None,None,None,None,None,None,None,None,None,None,0.7,0.0,0.0,0.0,0.0,0.0,0.0,180.0,None,None,None
2025-11-07T22:13:26.578828,47.156,None,None,None,None,None,None,None,None,None,None,None,0.7,0.0,0.0,0.0,0.0,0.0,0.0,180.0,None,None,None
2025-11-07T22:13:26.579386,47.156,None,None,None,None,None,None,None,None,None,None,None,0.7,0.0,0.0,0.0,0.0,0.0,0.0,180.0,None,None,None
2025-11-07T22:13:27.001488,47.578,None,None,None,None,None,None,None,None,None,None,None,0.7,0.0,0.0,0.0,0.0,0.0,0.0,180.0,None,None,None
2025-11-07T22:13:27.002205,47.579,None,None,None,None,None,None,None,None,None,None,None,0.7,0.0,0.0,0.0,0.0,0.0,0.0,180.0,None,None,None
2025-11-07T22:13:27.002740,47.580,None,None,None,None,None,None,None,None,None,None,None,0.7,0.0,0.0,0.0,0.0,0.0,0.0,180.0,None,None,None
2025-11-07T22:13:27.003241,47.580,None,None,None,None,None,None,None,None,None,None,None,0.7,0.0,0.0,0.0,0.0,0.0,0.0,180.0,None,None,None
2025-11-07T22:13:27.003745,47.581,None,None,None,None,None,None,None,None,None,None,None,0.7,0.0,0.0,0.0,0.0,0.0,0.0,180.0,None,None,None
2025-11-07T22:13:27.004236,47.581,None,None,None,None,None,None,None,None,None,None,None,0.7,0.0,0.0,0.0,0.0,0.0,0.0,180.0,None,None,None
2025-11-07T22:13:27.004738,47.582,None,None,None,None,None,None,None,None,None,None,None,0.7,0.0,0.0,0.0,0.0,0.0,0.0,180.0,None,None,None
2025-11-07T22:13:27.005233,47.582,None,None,None,None,None,None,None,None,None,None,None,0.7,0.0,0.0,0.0,0.0,0.0,0.0,180.0,None,None,None
2025-11-07T22:13:27.425924,48.003,None,None,None,None,None,None,None,None,None,None,None,0.7,0.0,0.0,0.0,0.0,0.0,0.0,180.0,None,None,None
2025-11-07T22:13:27.426649,48.003,None,None,None,None,None,None,None,None,None,None,None,0.7,0.0,0.0,0.0,0.0,0.0,0.0,180.0,None,None,None
2025-11-07T22:13:27.427236,48.004,None,None,None,None,None,None,None,None,None,None,None,0.7,0.0,0.0,0.0,0.0,0.0,0.0,180.0,None,None,None
2025-11-07T22:13:27.427761,48.005,None,None,None,None,None,None,None,None,None,None,None,0.7,0.0,0.0,0.0,0.0,0.0,0.0,180.0,None,None,None
2025-11-07T22:13:27.428270,48.005,None,None,None,None,None,None,None,None,None,None,None,0.7,0.0,0.0,0.0,0.0,0.0,0.0,180.0,None,None,None
2025-11-07T22:13:27.428794,48.006,None,None,None,None,None,None,None,None,None,None,None,0.7,0.0,0.0,0.0,0.0,0.0,0.0,180.0,None,None,None
2025-11-07T22:13:27.429311,48.006,None,None,None,None,None,None,None,None,None,None,None,0.7,0.0,0.0,0.0,0.0,0.0,0.0,180.0,None,None,None
2025-11-07T22:13:27.429818,48.007,None,None,None,None,None,None,None,None,None,None,None,0.7,0.0,0.0,0.0,0.0,0.0,0.0,180.0,None,None,None
2025-11-07T22:13:27.848337,48.425,None,None,None,None,None,None,None,None,None,None,None,0.7,0.0,0.0,0.0,0.0,0.0,0.0,180.0,None,None,None
2025-11-07T22:13:27.849048,48.426,None,None,None,None,None,None,None,None,None,None,None,0.7,0.0,0.0,0.0,0.0,0.0,0.0,180.0,None,None,None
2025-11-07T22:13:27.849863,48.427,None,None,None,None,None,None,None,None,None,None,None,0.7,0.0,0.0,0.0,0.0,0.0,0.0,180.0,None,None,None
2025-11-07T22:13:27.850420,48.427,None,None,None,None,None,None,None,None,None,None,None,0.7,0.0,0.0,0.0,0.0,0.0,0.0,180.0,None,None,None
2025-11-07T22:13:27.850981,48.428,None,None,None,None,None,None,None,None,None,None,None,0.7,0.0,0.0,0.0,0.0,0.0,0.0,180.0,None,None,None
2025-11-07T22:13:27.851453,48.428,None,None,None,None,None,None,None,None,None,None,None,0.7,0.0,0.0,0.0,0.0,0.0,0.0,180.0,None,None,None
2025-11-07T22:13:27.851882,48.429,None,None,None,None,None,None,None,None,None,None,None,0.7,0.0,0.0,0.0,0.0,0.0,0.0,180.0,None,None,None
2025-11-07T22:13:28.271541,48.848,None,None,None,None,None,None,None,None,None,None,None,0.7,0.0,0.0,0.0,0.0,0.0,0.0,180.0,None,None,None
2025-11-07T22:13:28.272190,48.849,None,None,None,None,None,None,None,None,None,None,None,0.7,0.0,0.0,0.0,0.0,0.0,0.0,180.0,None,None,None
2025-11-07T22:13:28.272650,48.849,None,None,None,None,None,None,None,None,None,None,None,0.7,0.0,0.0,0.0,0.0,0.0,0.0,180.0,None,None,None
2025-11-07T22:13:28.273081,48.850,None,None,None,None,None,None,None,None,None,None,None,0.7,0.0,0.0,0.0,0.0,0.0,0.0,180.0,None,None,None
2025-11-07T22:13:28.273587,48.850,None,None,None,None,None,None,None,None,None,None,None,0.7,0.0,0.0,0.0,0.0,0.0,0.0,180.0,None,None,None
2025-11-07T22:13:28.274219,48.851,None,None,None,None,None,None,None,None,None,None,None,0.7,0.0,0.0,0.0,0.0,0.0,0.0,180.0,None,None,None
2025-11-07T22:13:28.274859,48.852,None,None,None,None,None,None,None,None,None,None,None,0.7,0.0,0.0,0.0,0.0,0.0,0.0,180.0,None,None,None
2025-11-07T22:13:28.275426,48.852,None,None,None,None,None,None,None,None,None,None,None,0.7,0.0,0.0,0.0,0.0,0.0,0.0,180.0,None,None,None
2025-11-07T22:13:28.695407,49.272,None,None,None,None,None,None,None,None,None,None,None,0.7,0.0,0.0,0.0,0.0,0.0,0.0,180.0,None,None,None
2025-11-07T22:13:28.696067,49.273,None,None,None,None,None,None,None,None,None,None,None,0.7,0.0,0.0,0.0,0.0,0.0,0.0,180.0,None,None,None
2025-11-07T22:13:28.696535,49.273,None,None,None,None,None,None,None,None,None,None,None,0.7,0.0,0.0,0.0,0.0,0.0,0.0,180.0,None,None,None
2025-11-07T22:13:28.696955,49.274,None,None,None,None,None,None,None,None,None,None,None,0.7,0.0,0.0,0.0,0.0,0.0,0.0,180.0,None,None,None
2025-11-07T22:13:28.697438,49.274,None,None,None,None,None,None,None,None,None,None,None,0.7,0.0,0.0,0.0,0.0,0.0,0.0,180.0,None,None,None
2025-11-07T22:13:28.697979,49.275,None,None,None,None,None,None,None,None,None,None,None,0.7,0.0,0.0,0.0,0.0,0.0,0.0,180.0,None,None,None
2025-11-07T22:13:28.698517,49.275,None,None,None,None,None,None,None,None,None,None,None,0.7,0.0,0.0,0.0,0.0,0.0,0.0,180.0,None,None,None
2025-11-07T22:13:29.122600,49.699,None,None,None,None,None,None,None,None,None,None,None,0.7,0.0,0.0,0.0,0.0,0.0,0.0,180.0,None,None,None
2025-11-07T22:13:29.123327,49.700,None,None,None,None,None,None,None,None,None,None,None,0.7,0.0,0.0,0.0,0.0,0.0,0.0,180.0,None,None,None
2025-11-07T22:13:29.126083,49.703,None,None,None,None,None,None,None,None,None,None,None,0.7,0.0,0.0,0.0,0.0,0.0,0.0,180.0,None,None,None
2025-11-07T22:13:29.127012,49.704,None,None,None,None,None,None,None,None,None,None,None,0.7,0.0,0.0,0.0,0.0,0.0,0.0,180.0,None,None,None
2025-11-07T22:13:29.128108,49.705,None,None,None,None,None,None,None,None,None,None,None,0.7,0.0,0.0,0.0,0.0,0.0,0.0,180.0,None,None,None
2025-11-07T22:13:29.129035,49.706,None,None,None,None,None,None,None,None,None,None,None,0.7,0.0,0.0,0.0,0.0,0.0,0.0,180.0,None,None,None
2025-11-07T22:13:29.129929,49.707,None,None,None,None,None,None,None,None,None,None,None,0.7,0.0,0.0,0.0,0.0,0.0,0.0,180.0,None,None,None
2025-11-07T22:13:29.130675,49.707,None,None,None,None,None,None,None,None,None,None,None,0.7,0.0,0.0,0.0,0.0,0.0,0.0,180.0,None,None,None
2025-11-07T22:13:29.131650,49.708,None,None,None,None,None,None,None,None,None,None,None,0.7,0.0,0.0,0.0,0.0,0.0,0.0,180.0,None,None,None
2025-11-07T22:13:29.562700,50.140,None,None,None,None,None,None,None,None,None,None,None,0.7,0.0,0.0,0.0,0.0,0.0,0.0,180.0,None,None,None
2025-11-07T22:13:29.563326,50.140,None,None,None,None,None,None,None,None,None,None,None,0.7,0.0,0.0,0.0,0.0,0.0,0.0,180.0,None,None,None
2025-11-07T22:13:29.563854,50.141,None,None,None,None,None,None,None,None,None,None,None,0.7,0.0,0.0,0.0,0.0,0.0,0.0,180.0,None,None,None
2025-11-07T22:13:29.564398,50.141,None,None,None,None,None,None,None,None,None,None,None,0.7,0.0,0.0,0.0,0.0,0.0,0.0,180.0,None,None,None
2025-11-07T22:13:29.564921,50.142,None,None,None,None,None,None,None,None,None,None,None,0.7,0.0,0.0,0.0,0.0,0.0,0.0,180.0,None,None,None
2025-11-07T22:13:29.565442,50.142,None,None,None,None,None,None,None,None,None,None,None,0.7,0.0,0.0,0.0,0.0,0.0,0.0,180.0,None,None,None
2025-11-07T22:13:29.566000,50.143,None,None,None,None,None,None,None,None,None,None,None,0.7,0.0,0.0,0.0,0.0,0.0,0.0,180.0,None,None,None
2025-11-07T22:13:30.005928,50.583,None,None,None,None,None,None,None,None,None,None,None,0.7,0.0,0.0,0.0,0.0,0.0,0.0,180.0,None,None,None
2025-11-07T22:13:30.006631,50.583,None,None,None,None,None,None,None,None,None,None,None,0.7,0.0,0.0,0.0,0.0,0.0,0.0,180.0,None,None,None
2025-11-07T22:13:30.007201,50.584,None,None,None,None,None,None,None,None,None,None,None,0.7,0.0,0.0,0.0,0.0,0.0,0.0,180.0,None,None,None
2025-11-07T22:13:30.007751,50.585,None,None,None,None,None,None,None,None,None,None,None,0.7,0.0,0.0,0.0,0.0,0.0,0.0,180.0,None,None,None
2025-11-07T22:13:30.008230,50.585,None,None,None,None,None,None,None,None,None,None,None,0.7,0.0,0.0,0.0,0.0,0.0,0.0,180.0,None,None,None
2025-11-07T22:13:30.008769,50.586,None,None,None,None,None,None,None,None,None,None,None,0.7,0.0,0.0,0.0,0.0,0.0,0.0,180.0,None,None,None
2025-11-07T22:13:30.009286,50.586,None,None,None,None,None,None,None,None,None,None,None,0.7,0.0,0.0,0.0,0.0,0.0,0.0,180.0,None,None,None
2025-11-07T22:13:30.442227,51.019,None,None,None,None,None,None,None,None,None,None,None,0.7,0.0,0.0,0.0,0.0,0.0,0.0,180.0,None,None,None
2025-11-07T22:13:30.442973,51.020,None,None,None,None,None,None,None,None,None,None,None,0.7,0.0,0.0,0.0,0.0,0.0,0.0,180.0,None,None,None
2025-11-07T22:13:30.443518,51.020,None,None,None,None,None,None,None,None,None,None,None,0.7,0.0,0.0,0.0,0.0,0.0,0.0,180.0,None,None,None
2025-11-07T22:13:30.444032,51.021,None,None,None,None,None,None,None,None,None,None,None,0.7,0.0,0.0,0.0,0.0,0.0,0.0,180.0,None,None,None
2025-11-07T22:13:30.444567,51.021,None,None,None,None,None,None,None,None,None,None,None,0.7,0.0,0.0,0.0,0.0,0.0,0.0,180.0,None,None,None
2025-11-07T22:13:30.445079,51.022,None,None,None,None,None,None,None,None,None,None,None,0.7,0.0,0.0,0.0,0.0,0.0,0.0,180.0,None,None,None
2025-11-07T22:13:30.445593,51.022,None,None,None,None,None,None,None,None,None,None,None,0.7,0.0,0.0,0.0,0.0,0.0,0.0,180.0,None,None,None
2025-11-07T22:13:30.446097,51.023,None,None,None,None,None,None,None,None,None,None,None,0.7,0.0,0.0,0.0,0.0,0.0,0.0,180.0,None,None,None
2025-11-07T22:13:30.918908,51.496,None,None,None,None,None,None,None,None,None,None,None,0.7,0.0,0.0,0.0,0.0,0.0,0.0,180.0,None,None,None
2025-11-07T22:13:30.920053,51.497,None,None,None,None,None,None,None,None,None,None,None,0.7,0.0,0.0,0.0,0.0,0.0,0.0,180.0,None,None,None
2025-11-07T22:13:30.920920,51.498,None,None,None,None,None,None,None,None,None,None,None,0.7,0.0,0.0,0.0,0.0,0.0,0.0,180.0,None,None,None
2025-11-07T22:13:30.929276,51.506,None,None,None,None,None,None,None,None,None,None,None,0.7,0.0,0.0,0.0,0.0,0.0,0.0,180.0,None,None,None
2025-11-07T22:13:30.930441,51.507,None,None,None,None,None,None,None,None,None,None,None,0.7,0.0,0.0,0.0,0.0,0.0,0.0,180.0,None,None,None
2025-11-07T22:13:30.931334,51.508,None,None,None,None,None,None,None,None,None,None,None,0.7,0.0,0.0,0.0,0.0,0.0,0.0,180.0,None,None,None
2025-11-07T22:13:30.932565,51.509,None,None,None,None,None,None,None,None,None,None,None,0.7,0.0,0.0,0.0,0.0,0.0,0.0,180.0,None,None,None
2025-11-07T22:13:30.933878,51.511,None,None,None,None,None,None,None,None,None,None,None,0.7,0.0,0.0,0.0,0.0,0.0,0.0,180.0,None,None,None
2025-11-07T22:13:30.934759,51.512,None,None,None,None,None,None,None,None,None,None,None,0.7,0.0,0.0,0.0,0.0,0.0,0.0,180.0,None,None,None
2025-11-07T22:13:31.425336,52.002,None,None,None,None,None,None,None,None,None,None,None,0.7,0.0,0.0,0.0,0.0,0.0,0.0,180.0,None,None,None
2025-11-07T22:13:31.426006,52.003,None,None,None,None,None,None,None,None,None,None,None,0.7,0.0,0.0,0.0,0.0,0.0,0.0,180.0,None,None,None
2025-11-07T22:13:31.426631,52.003,None,None,None,None,None,None,None,None,None,None,None,0.7,0.0,0.0,0.0,0.0,0.0,0.0,180.0,None,None,None
2025-11-07T22:13:31.427219,52.004,None,None,None,None,None,None,None,None,None,None,None,0.7,0.0,0.0,0.0,0.0,0.0,0.0,180.0,None,None,None
2025-11-07T22:13:31.427806,52.005,None,None,None,None,None,None,None,None,None,None,None,0.7,0.0,0.0,0.0,0.0,0.0,0.0,180.0,None,None,None
2025-11-07T22:13:31.428373,52.005,None,None,None,None,None,None,None,None,None,None,None,0.7,0.0,0.0,0.0,0.0,0.0,0.0,180.0,None,None,None
2025-11-07T22:13:31.428949,52.006,None,None,None,None,None,None,None,None,None,None,None,0.7,0.0,0.0,0.0,0.0,0.0,0.0,180.0,None,None,None
2025-11-07T22:13:31.904899,52.482,None,None,None,None,None,None,None,None,None,None,None,0.7,0.0,0.0,0.0,0.0,0.0,0.0,180.0,None,None,None
2025-11-07T22:13:31.905792,52.483,None,None,None,None,None,None,None,None,None,None,None,0.7,0.0,0.0,0.0,0.0,0.0,0.0,180.0,None,None,None
2025-11-07T22:13:31.906392,52.483,None,None,None,None,None,None,None,None,None,None,None,0.7,0.0,0.0,0.0,0.0,0.0,0.0,180.0,None,None,None
2025-11-07T22:13:31.906947,52.484,None,None,None,None,None,None,None,None,None,None,None,0.7,0.0,0.0,0.0,0.0,0.0,0.0,180.0,None,None,None
2025-11-07T22:13:31.907572,52.484,None,None,None,None,None,None,None,None,None,None,None,0.7,0.0,0.0,0.0,0.0,0.0,0.0,180.0,None,None,None
2025-11-07T22:13:31.908139,52.485,None,None,None,None,None,None,None,None,None,None,None,0.7,0.0,0.0,0.0,0.0,0.0,0.0,180.0,None,None,None
2025-11-07T22:13:31.908660,52.485,None,None,None,None,None,None,None,None,None,None,None,0.7,0.0,0.0,0.0,0.0,0.0,0.0,180.0,None,None,None
2025-11-07T22:13:31.909164,52.486,None,None,None,None,None,None,None,None,None,None,None,0.7,0.0,0.0,0.0,0.0,0.0,0.0,180.0,None,None,None
2025-11-07T22:13:31.909665,52.486,None,None,None,None,None,None,None,None,None,None,None,0.7,0.0,0.0,0.0,0.0,0.0,0.0,180.0,None,None,None
2025-11-07T22:13:32.389407,52.966,None,None,None,None,None,None,None,None,None,None,None,0.7,0.0,0.0,0.0,0.0,0.0,0.0,180.0,None,None,None
2025-11-07T22:13:32.390076,52.967,None,None,None,None,None,None,None,None,None,None,None,0.7,0.0,0.0,0.0,0.0,0.0,0.0,180.0,None,None,None
2025-11-07T22:13:32.390631,52.967,None,None,None,None,None,None,None,None,None,None,None,0.7,0.0,0.0,0.0,0.0,0.0,0.0,180.0,None,None,None
2025-11-07T22:13:32.391157,52.968,None,None,None,None,None,None,None,None,None,None,None,0.7,0.0,0.0,0.0,0.0,0.0,0.0,180.0,None,None,None
2025-11-07T22:13:32.391695,52.969,None,None,None,None,None,None,None,None,None,None,None,0.7,0.0,0.0,0.0,0.0,0.0,0.0,180.0,None,None,None
2025-11-07T22:13:32.392214,52.969,None,None,None,None,None,None,None,None,None,None,None,0.7,0.0,0.0,0.0,0.0,0.0,0.0,180.0,None,None,None
2025-11-07T22:13:32.392744,52.970,None,None,None,None,None,None,None,None,None,None,None,0.7,0.0,0.0,0.0,0.0,0.0,0.0,180.0,None,None,None
2025-11-07T22:13:32.393256,52.970,None,None,None,None,None,None,None,None,None,None,None,0.7,0.0,0.0,0.0,0.0,0.0,0.0,180.0,None,None,None
2025-11-07T22:13:32.393777,52.971,None,None,None,None,None,None,None,None,None,None,None,0.7,0.0,0.0,0.0,0.0,0.0,0.0,180.0,None,None,None
2025-11-07T22:13:32.872767,53.450,None,None,None,None,None,None,None,None,None,None,None,0.7,0.0,0.0,0.0,0.0,0.0,0.0,180.0,None,None,None
2025-11-07T22:13:32.873473,53.450,None,None,None,None,None,None,None,None,None,None,None,0.7,0.0,0.0,0.0,0.0,0.0,0.0,180.0,None,None,None
2025-11-07T22:13:32.874059,53.451,None,None,None,None,None,None,None,None,None,None,None,0.7,0.0,0.0,0.0,0.0,0.0,0.0,180.0,None,None,None
2025-11-07T22:13:32.874624,53.451,None,None,None,None,None,None,None,None,None,None,None,0.7,0.0,0.0,0.0,0.0,0.0,0.0,180.0,None,None,None
2025-11-07T22:13:32.875293,53.452,None,None,None,None,None,None,None,None,None,None,None,0.7,0.0,0.0,0.0,0.0,0.0,0.0,180.0,None,None,None
2025-11-07T22:13:32.875891,53.453,None,None,None,None,None,None,None,None,None,None,None,0.7,0.0,0.0,0.0,0.0,0.0,0.0,180.0,None,None,None
2025-11-07T22:13:32.876463,53.453,None,None,None,None,None,None,None,None,None,None,None,0.7,0.0,0.0,0.0,0.0,0.0,0.0,180.0,None,None,None
2025-11-07T22:13:32.877025,53.454,None,None,None,None,None,None,None,None,None,None,None,0.7,0.0,0.0,0.0,0.0,0.0,0.0,180.0,None,None,None
2025-11-07T22:13:32.877598,53.454,None,None,None,None,None,None,None,None,None,None,None,0.7,0.0,0.0,0.0,0.0,0.0,0.0,180.0,None,None,None
2025-11-07T22:13:33.358043,53.935,None,None,None,None,None,None,None,None,None,None,None,0.7,0.0,0.0,0.0,0.0,0.0,0.0,180.0,None,None,None
2025-11-07T22:13:33.358804,53.936,None,None,None,None,None,None,None,None,None,None,None,0.7,0.0,0.0,0.0,0.0,0.0,0.0,180.0,None,None,None
2025-11-07T22:13:33.359507,53.936,None,None,None,None,None,None,None,None,None,None,None,0.7,0.0,0.0,0.0,0.0,0.0,0.0,180.0,None,None,None
2025-11-07T22:13:33.360100,53.937,None,None,None,None,None,None,None,None,None,None,None,0.7,0.0,0.0,0.0,0.0,0.0,0.0,180.0,None,None,None
2025-11-07T22:13:33.360693,53.938,None,None,None,None,None,None,None,None,None,None,None,0.7,0.0,0.0,0.0,0.0,0.0,0.0,180.0,None,None,None
2025-11-07T22:13:33.361284,53.938,None,None,None,None,None,None,None,None,None,None,None,0.7,0.0,0.0,0.0,0.0,0.0,0.0,180.0,None,None,None
2025-11-07T22:13:33.361870,53.939,None,None,None,None,None,None,None,None,None,None,None,0.7,0.0,0.0,0.0,0.0,0.0,0.0,180.0,None,None,None
2025-11-07T22:13:33.362459,53.939,None,None,None,None,None,None,None,None,None,None,None,0.7,0.0,0.0,0.0,0.0,0.0,0.0,180.0,None,None,None
2025-11-07T22:13:33.363034,53.940,None,None,None,None,None,None,None,None,None,None,None,0.7,0.0,0.0,0.0,0.0,0.0,0.0,180.0,None,None,None
2025-11-07T22:13:33.838335,54.415,None,None,None,None,None,None,None,None,None,None,None,0.7,0.0,0.0,0.0,0.0,0.0,0.0,180.0,None,None,None
2025-11-07T22:13:33.839612,54.416,None,None,None,None,None,None,None,None,None,None,None,0.7,0.0,0.0,0.0,0.0,0.0,0.0,180.0,None,None,None
2025-11-07T22:13:33.840321,54.417,None,None,None,None,None,None,None,None,None,None,None,0.7,0.0,0.0,0.0,0.0,0.0,0.0,180.0,None,None,None
2025-11-07T22:13:33.840833,54.418,None,None,None,None,None,None,None,None,None,None,None,0.7,0.0,0.0,0.0,0.0,0.0,0.0,180.0,None,None,None
2025-11-07T22:13:33.841316,54.418,None,None,None,None,None,None,None,None,None,None,None,0.7,0.0,0.0,0.0,0.0,0.0,0.0,180.0,None,None,None
2025-11-07T22:13:33.841803,54.419,None,None,None,None,None,None,None,None,None,None,None,0.7,0.0,0.0,0.0,0.0,0.0,0.0,180.0,None,None,None
2025-11-07T22:13:33.842279,54.419,None,None,None,None,None,None,None,None,None,None,None,0.7,0.0,0.0,0.0,0.0,0.0,0.0,180.0,None,None,None
2025-11-07T22:13:33.842857,54.420,None,None,None,None,None,None,None,None,None,None,None,0.7,0.0,0.0,0.0,0.0,0.0,0.0,180.0,None,None,None
2025-11-07T22:13:33.843579,54.420,None,None,None,None,None,None,None,None,None,None,None,0.7,0.0,0.0,0.0,0.0,0.0,0.0,180.0,None,None,None
2025-11-07T22:13:34.340596,54.917,None,None,None,None,None,None,None,None,None,None,None,0.7,0.0,0.0,0.0,0.0,0.0,0.0,180.0,None,None,None
2025-11-07T22:13:34.341796,54.919,None,None,None,None,None,None,None,None,None,None,None,0.7,0.0,0.0,0.0,0.0,0.0,0.0,180.0,None,None,None
2025-11-07T22:13:34.342516,54.919,None,None,None,None,None,None,None,None,None,None,None,0.7,0.0,0.0,0.0,0.0,0.0,0.0,180.0,None,None,None
2025-11-07T22:13:34.343141,54.920,None,None,None,None,None,None,None,None,None,None,None,0.7,0.0,0.0,0.0,0.0,0.0,0.0,180.0,None,None,None
2025-11-07T22:13:34.343843,54.921,None,None,None,None,None,None,None,None,None,None,None,0.7,0.0,0.0,0.0,0.0,0.0,0.0,180.0,None,None,None
2025-11-07T22:13:34.344466,54.921,None,None,None,None,None,None,None,None,None,None,None,0.7,0.0,0.0,0.0,0.0,0.0,0.0,180.0,None,None,None
2025-11-07T22:13:34.345064,54.922,None,None,None,None,None,None,None,None,None,None,None,0.7,0.0,0.0,0.0,0.0,0.0,0.0,180.0,None,None,None
2025-11-07T22:13:34.345708,54.923,None,None,None,None,None,None,None,None,None,None,None,0.7,0.0,0.0,0.0,0.0,0.0,0.0,180.0,None,None,None
2025-11-07T22:13:34.346504,54.923,None,None,None,None,None,None,None,None,None,None,None,0.7,0.0,0.0,0.0,0.0,0.0,0.0,180.0,None,None,None
2025-11-07T22:13:34.823986,55.401,None,None,None,None,None,None,None,None,None,None,None,0.7,0.0,0.0,0.0,0.0,0.0,0.0,180.0,None,None,None
2025-11-07T22:13:34.824737,55.402,None,None,None,None,None,None,None,None,None,None,None,0.7,0.0,0.0,0.0,0.0,0.0,0.0,180.0,None,None,None
2025-11-07T22:13:34.825349,55.402,None,None,None,None,None,None,None,None,None,None,None,0.7,0.0,0.0,0.0,0.0,0.0,0.0,180.0,None,None,None
2025-11-07T22:13:34.825970,55.403,None,None,None,None,None,None,None,None,None,None,None,0.7,0.0,0.0,0.0,0.0,0.0,0.0,180.0,None,None,None
2025-11-07T22:13:34.826553,55.403,None,None,None,None,None,None,None,None,None,None,None,0.7,0.0,0.0,0.0,0.0,0.0,0.0,180.0,None,None,None
2025-11-07T22:13:34.827162,55.404,None,None,None,None,None,None,None,None,None,None,None,0.7,0.0,0.0,0.0,0.0,0.0,0.0,180.0,None,None,None
2025-11-07T22:13:34.827773,55.405,None,None,None,None,None,None,None,None,None,None,None,0.7,0.0,0.0,0.0,0.0,0.0,0.0,180.0,None,None,None
2025-11-07T22:13:35.324561,55.901,None,None,None,None,None,None,None,None,None,None,None,0.7,0.0,0.0,0.0,0.0,0.0,0.0,180.0,None,None,None
2025-11-07T22:13:35.325322,55.902,None,None,None,None,None,None,None,None,None,None,None,0.7,0.0,0.0,0.0,0.0,0.0,0.0,180.0,None,None,None
2025-11-07T22:13:35.325949,55.903,None,None,None,None,None,None,None,None,None,None,None,0.7,0.0,0.0,0.0,0.0,0.0,0.0,180.0,None,None,None
2025-11-07T22:13:35.326611,55.903,None,None,None,None,None,None,None,None,None,None,None,0.7,0.0,0.0,0.0,0.0,0.0,0.0,180.0,None,None,None
2025-11-07T22:13:35.327218,55.904,None,None,None,None,None,None,None,None,None,None,None,0.7,0.0,0.0,0.0,0.0,0.0,0.0,180.0,None,None,None
2025-11-07T22:13:35.327881,55.905,None,None,None,None,None,None,None,None,None,None,None,0.7,0.0,0.0,0.0,0.0,0.0,0.0,180.0,None,None,None
2025-11-07T22:13:35.328490,55.905,None,None,None,None,None,None,None,None,None,None,None,0.7,0.0,0.0,0.0,0.0,0.0,0.0,180.0,None,None,None
2025-11-07T22:13:35.329079,55.906,None,None,None,None,None,None,None,None,None,None,None,0.7,0.0,0.0,0.0,0.0,0.0,0.0,180.0,None,None,None
2025-11-07T22:13:35.329665,55.906,None,None,None,None,None,None,None,None,None,None,None,0.7,0.0,0.0,0.0,0.0,0.0,0.0,180.0,None,None,None
2025-11-07T22:13:35.805182,56.382,None,None,None,None,None,None,None,None,None,None,None,0.7,0.0,0.0,0.0,0.0,0.0,0.0,180.0,None,None,None
2025-11-07T22:13:35.806080,56.383,None,None,None,None,None,None,None,None,None,None,None,0.7,0.0,0.0,0.0,0.0,0.0,0.0,180.0,None,None,None
2025-11-07T22:13:35.806678,56.383,None,None,None,None,None,None,None,None,None,None,None,0.7,0.0,0.0,0.0,0.0,0.0,0.0,180.0,None,None,None
2025-11-07T22:13:35.807222,56.384,None,None,None,None,None,None,None,None,None,None,None,0.7,0.0,0.0,0.0,0.0,0.0,0.0,180.0,None,None,None
2025-11-07T22:13:35.807765,56.385,None,None,None,None,None,None,None,None,None,None,None,0.7,0.0,0.0,0.0,0.0,0.0,0.0,180.0,None,None,None
2025-11-07T22:13:35.808301,56.385,None,None,None,None,None,None,None,None,None,None,None,0.7,0.0,0.0,0.0,0.0,0.0,0.0,180.0,None,None,None
2025-11-07T22:13:35.808879,56.386,None,None,None,None,None,None,None,None,None,None,None,0.7,0.0,0.0,0.0,0.0,0.0,0.0,180.0,None,None,None
2025-11-07T22:13:35.809416,56.386,None,None,None,None,None,None,None,None,None,None,None,0.7,0.0,0.0,0.0,0.0,0.0,0.0,180.0,None,None,None
2025-11-07T22:13:36.298398,56.875,None,None,None,None,None,None,None,None,None,None,None,0.7,0.0,0.0,0.0,0.0,0.0,0.0,180.0,None,None,None
2025-11-07T22:13:36.299158,56.876,None,None,None,None,None,None,None,None,None,None,None,0.7,0.0,0.0,0.0,0.0,0.0,0.0,180.0,None,None,None
2025-11-07T22:13:36.299792,56.877,None,None,None,None,None,None,None,None,None,None,None,0.7,0.0,0.0,0.0,0.0,0.0,0.0,180.0,None,None,None
2025-11-07T22:13:36.300427,56.877,None,None,None,None,None,None,None,None,None,None,None,0.7,0.0,0.0,0.0,0.0,0.0,0.0,180.0,None,None,None
2025-11-07T22:13:36.301047,56.878,None,None,None,None,None,None,None,None,None,None,None,0.7,0.0,0.0,0.0,0.0,0.0,0.0,180.0,None,None,None
2025-11-07T22:13:36.301643,56.878,None,None,None,None,None,None,None,None,None,None,None,0.7,0.0,0.0,0.0,0.0,0.0,0.0,180.0,None,None,None
2025-11-07T22:13:36.302224,56.879,None,None,None,None,None,None,None,None,None,None,None,0.7,0.0,0.0,0.0,0.0,0.0,0.0,180.0,None,None,None
2025-11-07T22:13:36.302797,56.880,None,None,None,None,None,None,None,None,None,None,None,0.7,0.0,0.0,0.0,0.0,0.0,0.0,180.0,None,None,None
2025-11-07T22:13:36.303575,56.880,None,None,None,None,None,None,None,None,None,None,None,0.7,0.0,0.0,0.0,0.0,0.0,0.0,180.0,None,None,None
2025-11-07T22:13:36.783128,57.360,None,None,None,None,None,None,None,None,None,None,None,0.7,0.0,0.0,0.0,0.0,0.0,0.0,180.0,None,None,None
2025-11-07T22:13:36.783903,57.361,None,None,None,None,None,None,None,None,None,None,None,0.7,0.0,0.0,0.0,0.0,0.0,0.0,180.0,None,None,None
2025-11-07T22:13:36.784566,57.361,None,None,None,None,None,None,None,None,None,None,None,0.7,0.0,0.0,0.0,0.0,0.0,0.0,180.0,None,None,None
2025-11-07T22:13:36.785174,57.362,None,None,None,None,None,None,None,None,None,None,None,0.7,0.0,0.0,0.0,0.0,0.0,0.0,180.0,None,None,None
2025-11-07T22:13:36.785773,57.363,None,None,None,None,None,None,None,None,None,None,None,0.7,0.0,0.0,0.0,0.0,0.0,0.0,180.0,None,None,None
2025-11-07T22:13:36.786358,57.363,None,None,None,None,None,None,None,None,None,None,None,0.7,0.0,0.0,0.0,0.0,0.0,0.0,180.0,None,None,None
2025-11-07T22:13:36.786949,57.364,None,None,None,None,None,None,None,None,None,None,None,0.7,0.0,0.0,0.0,0.0,0.0,0.0,180.0,None,None,None
2025-11-07T22:13:36.787536,57.364,None,None,None,None,None,None,None,None,None,None,None,0.7,0.0,0.0,0.0,0.0,0.0,0.0,180.0,None,None,None
2025-11-07T22:13:36.788365,57.365,None,None,None,None,None,None,None,None,None,None,None,0.7,0.0,0.0,0.0,0.0,0.0,0.0,180.0,None,None,None
2025-11-07T22:13:37.277007,57.854,None,None,None,None,None,None,None,None,None,None,None,0.7,0.0,0.0,0.0,0.0,0.0,0.0,180.0,None,None,None
2025-11-07T22:13:37.277783,57.855,None,None,None,None,None,None,None,None,None,None,None,0.7,0.0,0.0,0.0,0.0,0.0,0.0,180.0,None,None,None
2025-11-07T22:13:37.278418,57.855,None,None,None,None,None,None,None,None,None,None,None,0.7,0.0,0.0,0.0,0.0,0.0,0.0,180.0,None,None,None
2025-11-07T22:13:37.279495,57.856,None,None,None,None,None,None,None,None,None,None,None,0.7,0.0,0.0,0.0,0.0,0.0,0.0,180.0,None,None,None
2025-11-07T22:13:37.280326,57.857,None,None,None,None,None,None,None,None,None,None,None,0.7,0.0,0.0,0.0,0.0,0.0,0.0,180.0,None,None,None
2025-11-07T22:13:37.281160,57.858,None,None,None,None,None,None,None,None,None,None,None,0.7,0.0,0.0,0.0,0.0,0.0,0.0,180.0,None,None,None
2025-11-07T22:13:37.281977,57.859,None,None,None,None,None,None,None,None,None,None,None,0.7,0.0,0.0,0.0,0.0,0.0,0.0,180.0,None,None,None
2025-11-07T22:13:37.283688,57.861,None,None,None,None,None,None,None,None,None,None,None,0.7,0.0,0.0,0.0,0.0,0.0,0.0,180.0,None,None,None
2025-11-07T22:13:37.284485,57.861,None,None,None,None,None,None,None,None,None,None,None,0.7,0.0,0.0,0.0,0.0,0.0,0.0,180.0,None,None,None
2025-11-07T22:13:37.760393,58.337,None,None,None,None,None,None,None,None,None,None,None,0.7,0.0,0.0,0.0,0.0,0.0,0.0,180.0,None,None,None
2025-11-07T22:13:37.761168,58.338,None,None,None,None,None,None,None,None,None,None,None,0.7,0.0,0.0,0.0,0.0,0.0,0.0,180.0,None,None,None
2025-11-07T22:13:37.761811,58.339,None,None,None,None,None,None,None,None,None,None,None,0.7,0.0,0.0,0.0,0.0,0.0,0.0,180.0,None,None,None
2025-11-07T22:13:37.762447,58.339,None,None,None,None,None,None,None,None,None,None,None,0.7,0.0,0.0,0.0,0.0,0.0,0.0,180.0,None,None,None
2025-11-07T22:13:37.763073,58.340,None,None,None,None,None,None,None,None,None,None,None,0.7,0.0,0.0,0.0,0.0,0.0,0.0,180.0,None,None,None
2025-11-07T22:13:37.763759,58.341,None,None,None,None,None,None,None,None,None,None,None,0.7,0.0,0.0,0.0,0.0,0.0,0.0,180.0,None,None,None
2025-11-07T22:13:37.764387,58.341,None,None,None,None,None,None,None,None,None,None,None,0.7,0.0,0.0,0.0,0.0,0.0,0.0,180.0,None,None,None
2025-11-07T22:13:37.765349,58.342,None,None,None,None,None,None,None,None,None,None,None,0.7,0.0,0.0,0.0,0.0,0.0,0.0,180.0,None,None,None
2025-11-07T22:13:37.766188,58.343,None,None,None,None,None,None,None,None,None,None,None,0.7,0.0,0.0,0.0,0.0,0.0,0.0,180.0,None,None,None
2025-11-07T22:13:38.395970,58.973,None,None,None,None,None,None,None,None,None,None,None,0.7,0.0,0.0,0.0,0.0,0.0,0.0,180.0,None,None,None
2025-11-07T22:13:38.396935,58.974,None,None,None,None,None,None,None,None,None,None,None,0.7,0.0,0.0,0.0,0.0,0.0,0.0,180.0,None,None,None
2025-11-07T22:13:38.397576,58.974,None,None,None,None,None,None,None,None,None,None,None,0.7,0.0,0.0,0.0,0.0,0.0,0.0,180.0,None,None,None
2025-11-07T22:13:38.398332,58.975,None,None,None,None,None,None,None,None,None,None,None,0.7,0.0,0.0,0.0,0.0,0.0,0.0,180.0,None,None,None
2025-11-07T22:13:38.399187,58.976,None,None,None,None,None,None,None,None,None,None,None,0.7,0.0,0.0,0.0,0.0,0.0,0.0,180.0,None,None,None
2025-11-07T22:13:38.399753,58.977,None,None,None,None,None,None,None,None,None,None,None,0.7,0.0,0.0,0.0,0.0,0.0,0.0,180.0,None,None,None
2025-11-07T22:13:38.400301,58.977,None,None,None,None,None,None,None,None,None,None,None,0.7,0.0,0.0,0.0,0.0,0.0,0.0,180.0,None,None,None
2025-11-07T22:13:38.400891,58.978,None,None,None,None,None,None,None,None,None,None,None,0.7,0.0,0.0,0.0,0.0,0.0,0.0,180.0,None,None,None
2025-11-07T22:13:38.401639,58.978,None,None,None,None,None,None,None,None,None,None,None,0.7,0.0,0.0,0.0,0.0,0.0,0.0,180.0,None,None,None
2025-11-07T22:13:38.402345,58.979,None,None,None,None,None,None,None,None,None,None,None,0.7,0.0,0.0,0.0,0.0,0.0,0.0,180.0,None,None,None
2025-11-07T22:13:38.884517,59.461,None,None,None,None,None,None,None,None,None,None,None,0.7,0.0,0.0,0.0,0.0,0.0,0.0,180.0,None,None,None
2025-11-07T22:13:38.885341,59.462,None,None,None,None,None,None,None,None,None,None,None,0.7,0.0,0.0,0.0,0.0,0.0,0.0,180.0,None,None,None
2025-11-07T22:13:38.885993,59.463,None,None,None,None,None,None,None,None,None,None,None,0.7,0.0,0.0,0.0,0.0,0.0,0.0,180.0,None,None,None
2025-11-07T22:13:38.886603,59.463,None,None,None,None,None,None,None,None,None,None,None,0.7,0.0,0.0,0.0,0.0,0.0,0.0,180.0,None,None,None
2025-11-07T22:13:38.887195,59.464,None,None,None,None,None,None,None,None,None,None,None,0.7,0.0,0.0,0.0,0.0,0.0,0.0,180.0,None,None,None
2025-11-07T22:13:38.887797,59.465,None,None,None,None,None,None,None,None,None,None,None,0.7,0.0,0.0,0.0,0.0,0.0,0.0,180.0,None,None,None
2025-11-07T22:13:38.888410,59.465,None,None,None,None,None,None,None,None,None,None,None,0.7,0.0,0.0,0.0,0.0,0.0,0.0,180.0,None,None,None
2025-11-07T22:13:38.889004,59.466,None,None,None,None,None,None,None,None,None,None,None,0.7,0.0,0.0,0.0,0.0,0.0,0.0,180.0,None,None,None
2025-11-07T22:13:38.889826,59.467,None,None,None,None,None,None,None,None,None,None,None,0.7,0.0,0.0,0.0,0.0,0.0,0.0,180.0,None,None,None
2025-11-07T22:13:39.377544,59.954,None,None,None,None,None,None,None,None,None,None,None,0.7,0.0,0.0,0.0,0.0,0.0,0.0,180.0,None,None,None
2025-11-07T22:13:39.378332,59.955,None,None,None,None,None,None,None,None,None,None,None,0.7,0.0,0.0,0.0,0.0,0.0,0.0,180.0,None,None,None
2025-11-07T22:13:39.386240,59.963,None,None,None,None,None,None,None,None,None,None,None,0.7,0.0,0.0,0.0,0.0,0.0,0.0,180.0,None,None,None
2025-11-07T22:13:39.387364,59.964,None,None,None,None,None,None,None,None,None,None,None,0.7,0.0,0.0,0.0,0.0,0.0,0.0,180.0,None,None,None
2025-11-07T22:13:39.388597,59.965,None,None,None,None,None,None,None,None,None,None,None,0.7,0.0,0.0,0.0,0.0,0.0,0.0,180.0,None,None,None
2025-11-07T22:13:39.389838,59.967,None,None,None,None,None,None,None,None,None,None,None,0.7,0.0,0.0,0.0,0.0,0.0,0.0,180.0,None,None,None
2025-11-07T22:13:39.391221,59.968,None,None,None,None,None,None,None,None,None,None,None,0.7,0.0,0.0,0.0,0.0,0.0,0.0,180.0,None,None,None
2025-11-07T22:13:39.392332,59.969,None,None,None,None,None,None,None,None,None,None,None,0.7,0.0,0.0,0.0,0.0,0.0,0.0,180.0,None,None,None
2025-11-07T22:13:39.393232,59.970,None,None,None,None,None,None,None,None,None,None,None,0.7,0.0,0.0,0.0,0.0,0.0,0.0,180.0,None,None,None
2025-11-07T22:13:39.872363,60.449,None,None,None,None,None,None,None,None,None,None,None,0.7,0.0,0.0,0.0,0.0,0.0,0.0,180.0,None,None,None
2025-11-07T22:13:39.873292,60.450,None,None,None,None,None,None,None,None,None,None,None,0.7,0.0,0.0,0.0,0.0,0.0,0.0,180.0,None,None,None
2025-11-07T22:13:39.874162,60.451,None,None,None,None,None,None,None,None,None,None,None,0.7,0.0,0.0,0.0,0.0,0.0,0.0,180.0,None,None,None
2025-11-07T22:13:39.875273,60.452,None,None,None,None,None,None,None,None,None,None,None,0.7,0.0,0.0,0.0,0.0,0.0,0.0,180.0,None,None,None
2025-11-07T22:13:39.876226,60.453,None,None,None,None,None,None,None,None,None,None,None,0.7,0.0,0.0,0.0,0.0,0.0,0.0,180.0,None,None,None
2025-11-07T22:13:39.877119,60.454,None,None,None,None,None,None,None,None,None,None,None,0.7,0.0,0.0,0.0,0.0,0.0,0.0,180.0,None,None,None
2025-11-07T22:13:39.878180,60.455,None,None,None,None,None,None,None,None,None,None,None,0.7,0.0,0.0,0.0,0.0,0.0,0.0,180.0,None,None,None
2025-11-07T22:13:39.879118,60.456,None,None,None,None,None,None,None,None,None,None,None,0.7,0.0,0.0,0.0,0.0,0.0,0.0,180.0,None,None,None
2025-11-07T22:13:39.880062,60.457,None,None,None,None,None,None,None,None,None,None,None,0.7,0.0,0.0,0.0,0.0,0.0,0.0,180.0,None,None,None
2025-11-07T22:13:40.388288,60.965,None,None,None,None,None,None,None,None,None,None,None,0.7,0.0,0.0,0.0,0.0,0.0,0.0,180.0,None,None,None
2025-11-07T22:13:40.390594,60.967,None,None,None,None,None,None,None,None,None,None,None,0.7,0.0,0.0,0.0,0.0,0.0,0.0,180.0,None,None,None
2025-11-07T22:13:40.391669,60.968,None,None,None,None,None,None,None,None,None,None,None,0.7,0.0,0.0,0.0,0.0,0.0,0.0,180.0,None,None,None
2025-11-07T22:13:40.392847,60.970,None,None,None,None,None,None,None,None,None,None,None,0.7,0.0,0.0,0.0,0.0,0.0,0.0,180.0,None,None,None
2025-11-07T22:13:40.393921,60.971,None,None,None,None,None,None,None,None,None,None,None,0.7,0.0,0.0,0.0,0.0,0.0,0.0,180.0,None,None,None
2025-11-07T22:13:40.394979,60.972,None,None,None,None,None,None,None,None,None,None,None,0.7,0.0,0.0,0.0,0.0,0.0,0.0,180.0,None,None,None
2025-11-07T22:13:40.395946,60.973,None,None,None,None,None,None,None,None,None,None,None,0.7,0.0,0.0,0.0,0.0,0.0,0.0,180.0,None,None,None
2025-11-07T22:13:40.396930,60.974,None,None,None,None,None,None,None,None,None,None,None,0.7,0.0,0.0,0.0,0.0,0.0,0.0,180.0,None,None,None
2025-11-07T22:13:40.398409,60.975,None,None,None,None,None,None,None,None,None,None,None,0.7,0.0,0.0,0.0,0.0,0.0,0.0,180.0,None,None,None
2025-11-07T22:13:40.988541,61.565,None,None,None,None,None,None,None,None,None,None,None,0.7,0.0,0.0,0.0,0.0,0.0,0.0,180.0,None,None,None
2025-11-07T22:13:40.989580,61.566,None,None,None,None,None,None,None,None,None,None,None,0.7,0.0,0.0,0.0,0.0,0.0,0.0,180.0,None,None,None
2025-11-07T22:13:40.990567,61.567,None,None,None,None,None,None,None,None,None,None,None,0.7,0.0,0.0,0.0,0.0,0.0,0.0,180.0,None,None,None
2025-11-07T22:13:40.991595,61.568,None,None,None,None,None,None,None,None,None,None,None,0.7,0.0,0.0,0.0,0.0,0.0,0.0,180.0,None,None,None
2025-11-07T22:13:40.992542,61.569,None,None,None,None,None,None,None,None,None,None,None,0.7,0.0,0.0,0.0,0.0,0.0,0.0,180.0,None,None,None
2025-11-07T22:13:40.993449,61.570,None,None,None,None,None,None,None,None,None,None,None,0.7,0.0,0.0,0.0,0.0,0.0,0.0,180.0,None,None,None
2025-11-07T22:13:40.994361,61.571,None,None,None,None,None,None,None,None,None,None,None,0.7,0.0,0.0,0.0,0.0,0.0,0.0,180.0,None,None,None
2025-11-07T22:13:40.995268,61.572,None,None,None,None,None,None,None,None,None,None,None,0.7,0.0,0.0,0.0,0.0,0.0,0.0,180.0,None,None,None
2025-11-07T22:13:40.996155,61.573,None,None,None,None,None,None,None,None,None,None,None,0.7,0.0,0.0,0.0,0.0,0.0,0.0,180.0,None,None,None
2025-11-07T22:13:40.997046,61.574,None,None,None,None,None,None,None,None,None,None,None,0.7,0.0,0.0,0.0,0.0,0.0,0.0,180.0,None,None,None
2025-11-07T22:13:40.998693,61.576,None,None,None,None,None,None,None,None,None,None,None,0.7,0.0,0.0,0.0,0.0,0.0,0.0,180.0,None,None,None
2025-11-07T22:13:41.504322,62.081,None,None,None,None,None,None,None,None,None,None,None,0.7,0.0,0.0,0.0,0.0,0.0,0.0,180.0,None,None,None
2025-11-07T22:13:41.505085,62.082,None,None,None,None,None,None,None,None,None,None,None,0.7,0.0,0.0,0.0,0.0,0.0,0.0,180.0,None,None,None
2025-11-07T22:13:41.505714,62.083,None,None,None,None,None,None,None,None,None,None,None,0.7,0.0,0.0,0.0,0.0,0.0,0.0,180.0,None,None,None
2025-11-07T22:13:41.506310,62.083,None,None,None,None,None,None,None,None,None,None,None,0.7,0.0,0.0,0.0,0.0,0.0,0.0,180.0,None,None,None
2025-11-07T22:13:41.506911,62.084,None,None,None,None,None,None,None,None,None,None,None,0.7,0.0,0.0,0.0,0.0,0.0,0.0,180.0,None,None,None
2025-11-07T22:13:41.507505,62.084,None,None,None,None,None,None,None,None,None,None,None,0.7,0.0,0.0,0.0,0.0,0.0,0.0,180.0,None,None,None
2025-11-07T22:13:41.508088,62.085,None,None,None,None,None,None,None,None,None,None,None,0.7,0.0,0.0,0.0,0.0,0.0,0.0,180.0,None,None,None
2025-11-07T22:13:41.508669,62.085,None,None,None,None,None,None,None,None,None,None,None,0.7,0.0,0.0,0.0,0.0,0.0,0.0,180.0,None,None,None
2025-11-07T22:13:41.982266,62.559,None,None,None,None,None,None,None,None,None,None,None,0.7,0.0,0.0,0.0,0.0,0.0,0.0,180.0,None,None,None
2025-11-07T22:13:41.982965,62.560,None,None,None,None,None,None,None,None,None,None,None,0.7,0.0,0.0,0.0,0.0,0.0,0.0,180.0,None,None,None
2025-11-07T22:13:41.983541,62.560,None,None,None,None,None,None,None,None,None,None,None,0.7,0.0,0.0,0.0,0.0,0.0,0.0,180.0,None,None,None
2025-11-07T22:13:41.984085,62.561,None,None,None,None,None,None,None,None,None,None,None,0.7,0.0,0.0,0.0,0.0,0.0,0.0,180.0,None,None,None
2025-11-07T22:13:41.984627,62.561,None,None,None,None,None,None,None,None,None,None,None,0.7,0.0,0.0,0.0,0.0,0.0,0.0,180.0,None,None,None
2025-11-07T22:13:41.985192,62.562,None,None,None,None,None,None,None,None,None,None,None,0.7,0.0,0.0,0.0,0.0,0.0,0.0,180.0,None,None,None
2025-11-07T22:13:41.985748,62.563,None,None,None,None,None,None,None,None,None,None,None,0.7,0.0,0.0,0.0,0.0,0.0,0.0,180.0,None,None,None
2025-11-07T22:13:41.986352,62.563,None,None,None,None,None,None,None,None,None,None,None,0.7,0.0,0.0,0.0,0.0,0.0,0.0,180.0,None,None,None
2025-11-07T22:13:41.986888,62.564,None,None,None,None,None,None,None,None,None,None,None,0.7,0.0,0.0,0.0,0.0,0.0,0.0,180.0,None,None,None
2025-11-07T22:13:42.459783,63.037,None,None,None,None,None,None,None,None,None,None,None,0.7,0.0,0.0,0.0,0.0,0.0,0.0,180.0,None,None,None
2025-11-07T22:13:42.460935,63.038,None,None,None,None,None,None,None,None,None,None,None,0.7,0.0,0.0,0.0,0.0,0.0,0.0,180.0,None,None,None
2025-11-07T22:13:42.462045,63.039,None,None,None,None,None,None,None,None,None,None,None,0.7,0.0,0.0,0.0,0.0,0.0,0.0,180.0,None,None,None
2025-11-07T22:13:42.462978,63.040,None,None,None,None,None,None,None,None,None,None,None,0.7,0.0,0.0,0.0,0.0,0.0,0.0,180.0,None,None,None
2025-11-07T22:13:42.463868,63.041,None,None,None,None,None,None,None,None,None,None,None,0.7,0.0,0.0,0.0,0.0,0.0,0.0,180.0,None,None,None
2025-11-07T22:13:42.464797,63.042,None,None,None,None,None,None,None,None,None,None,None,0.7,0.0,0.0,0.0,0.0,0.0,0.0,180.0,None,None,None
2025-11-07T22:13:42.465737,63.043,None,None,None,None,None,None,None,None,None,None,None,0.7,0.0,0.0,0.0,0.0,0.0,0.0,180.0,None,None,None
2025-11-07T22:13:42.466671,63.043,None,None,None,None,None,None,None,None,None,None,None,0.7,0.0,0.0,0.0,0.0,0.0,0.0,180.0,None,None,None
2025-11-07T22:13:42.467846,63.045,None,None,None,None,None,None,None,None,None,None,None,0.7,0.0,0.0,0.0,0.0,0.0,0.0,180.0,None,None,None
2025-11-07T22:13:42.974516,63.551,None,None,None,None,None,None,None,None,None,None,None,0.7,0.0,0.0,0.0,0.0,0.0,0.0,180.0,None,None,None
2025-11-07T22:13:42.975313,63.552,None,None,None,None,None,None,None,None,None,None,None,0.7,0.0,0.0,0.0,0.0,0.0,0.0,180.0,None,None,None
2025-11-07T22:13:42.975977,63.553,None,None,None,None,None,None,None,None,None,None,None,0.7,0.0,0.0,0.0,0.0,0.0,0.0,180.0,None,None,None
2025-11-07T22:13:42.976647,63.553,None,None,None,None,None,None,None,None,None,None,None,0.7,0.0,0.0,0.0,0.0,0.0,0.0,180.0,None,None,None
2025-11-07T22:13:42.977270,63.554,None,None,None,None,None,None,None,None,None,None,None,0.7,0.0,0.0,0.0,0.0,0.0,0.0,180.0,None,None,None
2025-11-07T22:13:42.977890,63.555,None,None,None,None,None,None,None,None,None,None,None,0.7,0.0,0.0,0.0,0.0,0.0,0.0,180.0,None,None,None
2025-11-07T22:13:42.978515,63.555,None,None,None,None,None,None,None,None,None,None,None,0.7,0.0,0.0,0.0,0.0,0.0,0.0,180.0,None,None,None
2025-11-07T22:13:42.979133,63.556,None,None,None,None,None,None,None,None,None,None,None,0.7,0.0,0.0,0.0,0.0,0.0,0.0,180.0,None,None,None
2025-11-07T22:13:42.979789,63.557,None,None,None,None,None,None,None,None,None,None,None,0.7,0.0,0.0,0.0,0.0,0.0,0.0,180.0,None,None,None
2025-11-07T22:13:43.466039,64.043,None,None,None,None,None,None,None,None,None,None,None,0.7,0.0,0.0,0.0,0.0,0.0,0.0,180.0,None,None,None
2025-11-07T22:13:43.466851,64.044,None,None,None,None,None,None,None,None,None,None,None,0.7,0.0,0.0,0.0,0.0,0.0,0.0,180.0,None,None,None
2025-11-07T22:13:43.467545,64.044,None,None,None,None,None,None,None,None,None,None,None,0.7,0.0,0.0,0.0,0.0,0.0,0.0,180.0,None,None,None
2025-11-07T22:13:43.468196,64.045,None,None,None,None,None,None,None,None,None,None,None,0.7,0.0,0.0,0.0,0.0,0.0,0.0,180.0,None,None,None
2025-11-07T22:13:43.468838,64.046,None,None,None,None,None,None,None,None,None,None,None,0.7,0.0,0.0,0.0,0.0,0.0,0.0,180.0,None,None,None
2025-11-07T22:13:43.469484,64.046,None,None,None,None,None,None,None,None,None,None,None,0.7,0.0,0.0,0.0,0.0,0.0,0.0,180.0,None,None,None
2025-11-07T22:13:43.470180,64.047,None,None,None,None,None,None,None,None,None,None,None,0.7,0.0,0.0,0.0,0.0,0.0,0.0,180.0,None,None,None
2025-11-07T22:13:43.470837,64.048,None,None,None,None,None,None,None,None,None,None,None,0.7,0.0,0.0,0.0,0.0,0.0,0.0,180.0,None,None,None
2025-11-07T22:13:43.471757,64.049,None,None,None,None,None,None,None,None,None,None,None,0.7,0.0,0.0,0.0,0.0,0.0,0.0,180.0,None,None,None
2025-11-07T22:13:43.951041,64.528,None,None,None,None,None,None,None,None,None,None,None,0.7,0.0,0.0,0.0,0.0,0.0,0.0,180.0,None,None,None
2025-11-07T22:13:43.952038,64.529,None,None,None,None,None,None,None,None,None,None,None,0.7,0.0,0.0,0.0,0.0,0.0,0.0,180.0,None,None,None
2025-11-07T22:13:43.952886,64.530,None,None,None,None,None,None,None,None,None,None,None,0.7,0.0,0.0,0.0,0.0,0.0,0.0,180.0,None,None,None
2025-11-07T22:13:43.953663,64.530,None,None,None,None,None,None,None,None,None,None,None,0.7,0.0,0.0,0.0,0.0,0.0,0.0,180.0,None,None,None
2025-11-07T22:13:43.954312,64.531,None,None,None,None,None,None,None,None,None,None,None,0.7,0.0,0.0,0.0,0.0,0.0,0.0,180.0,None,None,None
2025-11-07T22:13:43.954942,64.532,None,None,None,None,None,None,None,None,None,None,None,0.7,0.0,0.0,0.0,0.0,0.0,0.0,180.0,None,None,None
2025-11-07T22:13:43.955566,64.532,None,None,None,None,None,None,None,None,None,None,None,0.7,0.0,0.0,0.0,0.0,0.0,0.0,180.0,None,None,None
2025-11-07T22:13:43.956135,64.533,None,None,None,None,None,None,None,None,None,None,None,0.7,0.0,0.0,0.0,0.0,0.0,0.0,180.0,None,None,None
2025-11-07T22:13:43.956752,64.534,None,None,None,None,None,None,None,None,None,None,None,0.7,0.0,0.0,0.0,0.0,0.0,0.0,180.0,None,None,None
2025-11-07T22:13:44.436086,65.013,None,None,None,None,None,None,None,None,None,None,None,0.7,0.0,0.0,0.0,0.0,0.0,0.0,180.0,None,None,None
2025-11-07T22:13:44.436856,65.014,None,None,None,None,None,None,None,None,None,None,None,0.7,0.0,0.0,0.0,0.0,0.0,0.0,180.0,None,None,None
2025-11-07T22:13:44.437550,65.014,None,None,None,None,None,None,None,None,None,None,None,0.7,0.0,0.0,0.0,0.0,0.0,0.0,180.0,None,None,None
2025-11-07T22:13:44.438153,65.015,None,None,None,None,None,None,None,None,None,None,None,0.7,0.0,0.0,0.0,0.0,0.0,0.0,180.0,None,None,None
2025-11-07T22:13:44.438783,65.016,None,None,None,None,None,None,None,None,None,None,None,0.7,0.0,0.0,0.0,0.0,0.0,0.0,180.0,None,None,None
2025-11-07T22:13:44.439415,65.016,None,None,None,None,None,None,None,None,None,None,None,0.7,0.0,0.0,0.0,0.0,0.0,0.0,180.0,None,None,None
2025-11-07T22:13:44.439967,65.017,None,None,None,None,None,None,None,None,None,None,None,0.7,0.0,0.0,0.0,0.0,0.0,0.0,180.0,None,None,None
2025-11-07T22:13:44.917313,65.494,None,None,None,None,None,None,None,None,None,None,None,0.7,0.0,0.0,0.0,0.0,0.0,0.0,180.0,None,None,None
2025-11-07T22:13:44.918085,65.495,None,None,None,None,None,None,None,None,None,None,None,0.7,0.0,0.0,0.0,0.0,0.0,0.0,180.0,None,None,None
2025-11-07T22:13:44.918692,65.496,None,None,None,None,None,None,None,None,None,None,None,0.7,0.0,0.0,0.0,0.0,0.0,0.0,180.0,None,None,None
2025-11-07T22:13:44.919330,65.496,None,None,None,None,None,None,None,None,None,None,None,0.7,0.0,0.0,0.0,0.0,0.0,0.0,180.0,None,None,None
2025-11-07T22:13:44.920131,65.497,None,None,None,None,None,None,None,None,None,None,None,0.7,0.0,0.0,0.0,0.0,0.0,0.0,180.0,None,None,None
2025-11-07T22:13:44.920787,65.498,None,None,None,None,None,None,None,None,None,None,None,0.7,0.0,0.0,0.0,0.0,0.0,0.0,180.0,None,None,None
2025-11-07T22:13:44.921341,65.498,None,None,None,None,None,None,None,None,None,None,None,0.7,0.0,0.0,0.0,0.0,0.0,0.0,180.0,None,None,None
2025-11-07T22:13:44.922058,65.499,None,None,None,None,None,None,None,None,None,None,None,0.7,0.0,0.0,0.0,0.0,0.0,0.0,180.0,None,None,None
2025-11-07T22:13:44.922803,65.500,None,None,None,None,None,None,None,None,None,None,None,0.7,0.0,0.0,0.0,0.0,0.0,0.0,180.0,None,None,None
2025-11-07T22:13:45.428857,66.006,None,None,None,None,None,None,None,None,None,None,None,0.7,0.0,0.0,0.0,0.0,0.0,0.0,180.0,None,None,None
2025-11-07T22:13:45.429598,66.006,None,None,None,None,None,None,None,None,None,None,None,0.7,0.0,0.0,0.0,0.0,0.0,0.0,180.0,None,None,None
2025-11-07T22:13:45.430262,66.007,None,None,None,None,None,None,None,None,None,None,None,0.7,0.0,0.0,0.0,0.0,0.0,0.0,180.0,None,None,None
2025-11-07T22:13:45.430917,66.008,None,None,None,None,None,None,None,None,None,None,None,0.7,0.0,0.0,0.0,0.0,0.0,0.0,180.0,None,None,None
2025-11-07T22:13:45.431531,66.008,None,None,None,None,None,None,None,None,None,None,None,0.7,0.0,0.0,0.0,0.0,0.0,0.0,180.0,None,None,None
2025-11-07T22:13:45.432135,66.009,None,None,None,None,None,None,None,None,None,None,None,0.7,0.0,0.0,0.0,0.0,0.0,0.0,180.0,None,None,None
2025-11-07T22:13:45.432738,66.010,None,None,None,None,None,None,None,None,None,None,None,0.7,0.0,0.0,0.0,0.0,0.0,0.0,180.0,None,None,None
2025-11-07T22:13:45.433337,66.010,None,None,None,None,None,None,None,None,None,None,None,0.7,0.0,0.0,0.0,0.0,0.0,0.0,180.0,None,None,None
2025-11-07T22:13:45.913890,66.491,None,None,None,None,None,None,None,None,None,None,None,0.7,0.0,0.0,0.0,0.0,0.0,0.0,180.0,None,None,None
2025-11-07T22:13:45.914727,66.492,None,None,None,None,None,None,None,None,None,None,None,0.7,0.0,0.0,0.0,0.0,0.0,0.0,180.0,None,None,None
2025-11-07T22:13:45.915419,66.492,None,None,None,None,None,None,None,None,None,None,None,0.7,0.0,0.0,0.0,0.0,0.0,0.0,180.0,None,None,None
2025-11-07T22:13:45.916097,66.493,None,None,None,None,None,None,None,None,None,None,None,0.7,0.0,0.0,0.0,0.0,0.0,0.0,180.0,None,None,None
2025-11-07T22:13:45.916743,66.494,None,None,None,None,None,None,None,None,None,None,None,0.7,0.0,0.0,0.0,0.0,0.0,0.0,180.0,None,None,None
2025-11-07T22:13:45.917506,66.494,None,None,None,None,None,None,None,None,None,None,None,0.7,0.0,0.0,0.0,0.0,0.0,0.0,180.0,None,None,None
2025-11-07T22:13:45.918201,66.495,None,None,None,None,None,None,None,None,None,None,None,0.7,0.0,0.0,0.0,0.0,0.0,0.0,180.0,None,None,None
2025-11-07T22:13:45.918953,66.496,None,None,None,None,None,None,None,None,None,None,None,0.7,0.0,0.0,0.0,0.0,0.0,0.0,180.0,None,None,None
2025-11-07T22:13:45.919905,66.497,None,None,None,None,None,None,None,None,None,None,None,0.7,0.0,0.0,0.0,0.0,0.0,0.0,180.0,None,None,None
2025-11-07T22:13:46.413193,66.990,None,None,None,None,None,None,None,None,None,None,None,0.7,0.0,0.0,0.0,0.0,0.0,0.0,180.0,None,None,None
2025-11-07T22:13:46.413965,66.991,None,None,None,None,None,None,None,None,None,None,None,0.7,0.0,0.0,0.0,0.0,0.0,0.0,180.0,None,None,None
2025-11-07T22:13:46.414766,66.992,None,None,None,None,None,None,None,None,None,None,None,0.7,0.0,0.0,0.0,0.0,0.0,0.0,180.0,None,None,None
2025-11-07T22:13:46.415753,66.993,None,None,None,None,None,None,None,None,None,None,None,0.7,0.0,0.0,0.0,0.0,0.0,0.0,180.0,None,None,None
2025-11-07T22:13:46.416473,66.993,None,None,None,None,None,None,None,None,None,None,None,0.7,0.0,0.0,0.0,0.0,0.0,0.0,180.0,None,None,None
2025-11-07T22:13:46.417126,66.994,None,None,None,None,None,None,None,None,None,None,None,0.7,0.0,0.0,0.0,0.0,0.0,0.0,180.0,None,None,None
2025-11-07T22:13:46.417822,66.995,None,None,None,None,None,None,None,None,None,None,None,0.7,0.0,0.0,0.0,0.0,0.0,0.0,180.0,None,None,None
2025-11-07T22:13:46.418733,66.996,None,None,None,None,None,None,None,None,None,None,None,0.7,0.0,0.0,0.0,0.0,0.0,0.0,180.0,None,None,None
2025-11-07T22:13:46.419723,66.997,None,None,None,None,None,None,None,None,None,None,None,0.7,0.0,0.0,0.0,0.0,0.0,0.0,180.0,None,None,None
2025-11-07T22:13:46.902470,67.479,None,None,None,None,None,None,None,None,None,None,None,0.7,0.0,0.0,0.0,0.0,0.0,0.0,180.0,None,None,None
2025-11-07T22:13:46.903205,67.480,None,None,None,None,None,None,None,None,None,None,None,0.7,0.0,0.0,0.0,0.0,0.0,0.0,180.0,None,None,None
2025-11-07T22:13:46.903906,67.481,None,None,None,None,None,None,None,None,None,None,None,0.7,0.0,0.0,0.0,0.0,0.0,0.0,180.0,None,None,None
2025-11-07T22:13:46.904558,67.481,None,None,None,None,None,None,None,None,None,None,None,0.7,0.0,0.0,0.0,0.0,0.0,0.0,180.0,None,None,None
2025-11-07T22:13:46.905192,67.482,None,None,None,None,None,None,None,None,None,None,None,0.7,0.0,0.0,0.0,0.0,0.0,0.0,180.0,None,None,None
2025-11-07T22:13:46.905857,67.483,None,None,None,None,None,None,None,None,None,None,None,0.7,0.0,0.0,0.0,0.0,0.0,0.0,180.0,None,None,None
2025-11-07T22:13:46.906516,67.483,None,None,None,None,None,None,None,None,None,None,None,0.7,0.0,0.0,0.0,0.0,0.0,0.0,180.0,None,None,None
2025-11-07T22:13:46.907399,67.484,None,None,None,None,None,None,None,None,None,None,None,0.7,0.0,0.0,0.0,0.0,0.0,0.0,180.0,None,None,None
2025-11-07T22:13:46.908160,67.485,None,None,None,None,None,None,None,None,None,None,None,0.7,0.0,0.0,0.0,0.0,0.0,0.0,180.0,None,None,None
2025-11-07T22:13:47.405174,67.982,None,None,None,None,None,None,None,None,None,None,None,0.7,0.0,0.0,0.0,0.0,0.0,0.0,180.0,None,None,None
2025-11-07T22:13:47.405942,67.983,None,None,None,None,None,None,None,None,None,None,None,0.7,0.0,0.0,0.0,0.0,0.0,0.0,180.0,None,None,None
2025-11-07T22:13:47.406584,67.983,None,None,None,None,None,None,None,None,None,None,None,0.7,0.0,0.0,0.0,0.0,0.0,0.0,180.0,None,None,None
2025-11-07T22:13:47.407269,67.984,None,None,None,None,None,None,None,None,None,None,None,0.7,0.0,0.0,0.0,0.0,0.0,0.0,180.0,None,None,None
2025-11-07T22:13:47.407948,67.985,None,None,None,None,None,None,None,None,None,None,None,0.7,0.0,0.0,0.0,0.0,0.0,0.0,180.0,None,None,None
2025-11-07T22:13:47.408658,67.985,None,None,None,None,None,None,None,None,None,None,None,0.7,0.0,0.0,0.0,0.0,0.0,0.0,180.0,None,None,None
2025-11-07T22:13:47.409251,67.986,None,None,None,None,None,None,None,None,None,None,None,0.7,0.0,0.0,0.0,0.0,0.0,0.0,180.0,None,None,None
2025-11-07T22:13:47.409848,67.987,None,None,None,None,None,None,None,None,None,None,None,0.7,0.0,0.0,0.0,0.0,0.0,0.0,180.0,None,None,None
2025-11-07T22:13:47.410652,67.987,None,None,None,None,None,None,None,None,None,None,None,0.7,0.0,0.0,0.0,0.0,0.0,0.0,180.0,None,None,None
2025-11-07T22:13:47.885395,68.462,None,None,None,None,None,None,None,None,None,None,None,0.7,0.0,0.0,0.0,0.0,0.0,0.0,180.0,None,None,None
2025-11-07T22:13:47.886214,68.463,None,None,None,None,None,None,None,None,None,None,None,0.7,0.0,0.0,0.0,0.0,0.0,0.0,180.0,None,None,None
2025-11-07T22:13:47.886808,68.464,None,None,None,None,None,None,None,None,None,None,None,0.7,0.0,0.0,0.0,0.0,0.0,0.0,180.0,None,None,None
2025-11-07T22:13:47.887363,68.464,None,None,None,None,None,None,None,None,None,None,None,0.7,0.0,0.0,0.0,0.0,0.0,0.0,180.0,None,None,None
2025-11-07T22:13:47.887953,68.465,None,None,None,None,None,None,None,None,None,None,None,0.7,0.0,0.0,0.0,0.0,0.0,0.0,180.0,None,None,None
2025-11-07T22:13:47.888491,68.465,None,None,None,None,None,None,None,None,None,None,None,0.7,0.0,0.0,0.0,0.0,0.0,0.0,180.0,None,None,None
2025-11-07T22:13:47.889029,68.466,None,None,None,None,None,None,None,None,None,None,None,0.7,0.0,0.0,0.0,0.0,0.0,0.0,180.0,None,None,None
2025-11-07T22:13:47.889559,68.466,None,None,None,None,None,None,None,None,None,None,None,0.7,0.0,0.0,0.0,0.0,0.0,0.0,180.0,None,None,None
2025-11-07T22:13:47.890278,68.467,None,None,None,None,None,None,None,None,None,None,None,0.7,0.0,0.0,0.0,0.0,0.0,0.0,180.0,None,None,None
2025-11-07T22:13:48.375257,68.952,None,None,None,None,None,None,None,None,None,None,None,0.7,0.0,0.0,0.0,0.0,0.0,0.0,180.0,None,None,None
2025-11-07T22:13:48.375985,68.953,None,None,None,None,None,None,None,None,None,None,None,0.7,0.0,0.0,0.0,0.0,0.0,0.0,180.0,None,None,None
2025-11-07T22:13:48.376671,68.953,None,None,None,None,None,None,None,None,None,None,None,0.7,0.0,0.0,0.0,0.0,0.0,0.0,180.0,None,None,None
2025-11-07T22:13:48.377291,68.954,None,None,None,None,None,None,None,None,None,None,None,0.7,0.0,0.0,0.0,0.0,0.0,0.0,180.0,None,None,None
2025-11-07T22:13:48.377910,68.955,None,None,None,None,None,None,None,None,None,None,None,0.7,0.0,0.0,0.0,0.0,0.0,0.0,180.0,None,None,None
2025-11-07T22:13:48.378522,68.955,None,None,None,None,None,None,None,None,None,None,None,0.7,0.0,0.0,0.0,0.0,0.0,0.0,180.0,None,None,None
2025-11-07T22:13:48.379131,68.956,None,None,None,None,None,None,None,None,None,None,None,0.7,0.0,0.0,0.0,0.0,0.0,0.0,180.0,None,None,None
2025-11-07T22:13:48.379736,68.957,None,None,None,None,None,None,None,None,None,None,None,0.7,0.0,0.0,0.0,0.0,0.0,0.0,180.0,None,None,None
2025-11-07T22:13:48.380545,68.957,None,None,None,None,None,None,None,None,None,None,None,0.7,0.0,0.0,0.0,0.0,0.0,0.0,180.0,None,None,None
2025-11-07T22:13:48.863148,69.440,None,None,None,None,None,None,None,None,None,None,None,0.7,0.0,0.0,0.0,0.0,0.0,0.0,180.0,None,None,None
2025-11-07T22:13:48.864460,69.441,None,None,None,None,None,None,None,None,None,None,None,0.7,0.0,0.0,0.0,0.0,0.0,0.0,180.0,None,None,None
2025-11-07T22:13:48.865394,69.442,None,None,None,None,None,None,None,None,None,None,None,0.7,0.0,0.0,0.0,0.0,0.0,0.0,180.0,None,None,None
2025-11-07T22:13:48.866277,69.443,None,None,None,None,None,None,None,None,None,None,None,0.7,0.0,0.0,0.0,0.0,0.0,0.0,180.0,None,None,None
2025-11-07T22:13:48.867323,69.444,None,None,None,None,None,None,None,None,None,None,None,0.7,0.0,0.0,0.0,0.0,0.0,0.0,180.0,None,None,None
2025-11-07T22:13:48.868317,69.445,None,None,None,None,None,None,None,None,None,None,None,0.7,0.0,0.0,0.0,0.0,0.0,0.0,180.0,None,None,None
2025-11-07T22:13:48.869476,69.446,None,None,None,None,None,None,None,None,None,None,None,0.7,0.0,0.0,0.0,0.0,0.0,0.0,180.0,None,None,None
2025-11-07T22:13:48.870315,69.447,None,None,None,None,None,None,None,None,None,None,None,0.7,0.0,0.0,0.0,0.0,0.0,0.0,180.0,None,None,None
2025-11-07T22:13:48.871202,69.448,None,None,None,None,None,None,None,None,None,None,None,0.7,0.0,0.0,0.0,0.0,0.0,0.0,180.0,None,None,None
2025-11-07T22:13:49.363913,69.941,None,None,None,None,None,None,None,None,None,None,None,0.7,0.0,0.0,0.0,0.0,0.0,0.0,180.0,None,None,None
2025-11-07T22:13:49.364713,69.942,None,None,None,None,None,None,None,None,None,None,None,0.7,0.0,0.0,0.0,0.0,0.0,0.0,180.0,None,None,None
2025-11-07T22:13:49.365330,69.942,None,None,None,None,None,None,None,None,None,None,None,0.7,0.0,0.0,0.0,0.0,0.0,0.0,180.0,None,None,None
2025-11-07T22:13:49.366023,69.943,None,None,None,None,None,None,None,None,None,None,None,0.7,0.0,0.0,0.0,0.0,0.0,0.0,180.0,None,None,None
2025-11-07T22:13:49.366667,69.943,None,None,None,None,None,None,None,None,None,None,None,0.7,0.0,0.0,0.0,0.0,0.0,0.0,180.0,None,None,None
2025-11-07T22:13:49.367292,69.944,None,None,None,None,None,None,None,None,None,None,None,0.7,0.0,0.0,0.0,0.0,0.0,0.0,180.0,None,None,None
2025-11-07T22:13:49.367926,69.945,None,None,None,None,None,None,None,None,None,None,None,0.7,0.0,0.0,0.0,0.0,0.0,0.0,180.0,None,None,None
2025-11-07T22:13:49.368544,69.945,None,None,None,None,None,None,None,None,None,None,None,0.7,0.0,0.0,0.0,0.0,0.0,0.0,180.0,None,None,None
2025-11-07T22:13:49.840837,70.418,None,None,None,None,None,None,None,None,None,None,None,0.7,0.0,0.0,0.0,0.0,0.0,0.0,180.0,None,None,None
2025-11-07T22:13:49.841640,70.418,None,None,None,None,None,None,None,None,None,None,None,0.7,0.0,0.0,0.0,0.0,0.0,0.0,180.0,None,None,None
2025-11-07T22:13:49.849742,70.427,None,None,None,None,None,None,None,None,None,None,None,0.7,0.0,0.0,0.0,0.0,0.0,0.0,180.0,None,None,None
2025-11-07T22:13:49.850872,70.428,None,None,None,None,None,None,None,None,None,None,None,0.7,0.0,0.0,0.0,0.0,0.0,0.0,180.0,None,None,None
2025-11-07T22:13:49.851829,70.429,None,None,None,None,None,None,None,None,None,None,None,0.7,0.0,0.0,0.0,0.0,0.0,0.0,180.0,None,None,None
2025-11-07T22:13:49.852972,70.430,None,None,None,None,None,None,None,None,None,None,None,0.7,0.0,0.0,0.0,0.0,0.0,0.0,180.0,None,None,None
2025-11-07T22:13:49.854039,70.431,None,None,None,None,None,None,None,None,None,None,None,0.7,0.0,0.0,0.0,0.0,0.0,0.0,180.0,None,None,None
2025-11-07T22:13:49.854943,70.432,None,None,None,None,None,None,None,None,None,None,None,0.7,0.0,0.0,0.0,0.0,0.0,0.0,180.0,None,None,None
2025-11-07T22:13:50.356543,70.933,None,None,None,None,None,None,None,None,None,None,None,0.7,0.0,0.0,0.0,0.0,0.0,0.0,180.0,None,None,None
2025-11-07T22:13:50.357278,70.934,None,None,None,None,None,None,None,None,None,None,None,0.7,0.0,0.0,0.0,0.0,0.0,0.0,180.0,None,None,None
2025-11-07T22:13:50.357888,70.935,None,None,None,None,None,None,None,None,None,None,None,0.7,0.0,0.0,0.0,0.0,0.0,0.0,180.0,None,None,None
2025-11-07T22:13:50.358476,70.935,None,None,None,None,None,None,None,None,None,None,None,0.7,0.0,0.0,0.0,0.0,0.0,0.0,180.0,None,None,None
2025-11-07T22:13:50.359050,70.936,None,None,None,None,None,None,None,None,None,None,None,0.7,0.0,0.0,0.0,0.0,0.0,0.0,180.0,None,None,None
2025-11-07T22:13:50.359622,70.936,None,None,None,None,None,None,None,None,None,None,None,0.7,0.0,0.0,0.0,0.0,0.0,0.0,180.0,None,None,None
2025-11-07T22:13:50.360190,70.937,None,None,None,None,None,None,None,None,None,None,None,0.7,0.0,0.0,0.0,0.0,0.0,0.0,180.0,None,None,None
2025-11-07T22:13:50.360763,70.938,None,None,None,None,None,None,None,None,None,None,None,0.7,0.0,0.0,0.0,0.0,0.0,0.0,180.0,None,None,None
2025-11-07T22:13:50.838232,71.415,None,None,None,None,None,None,None,None,None,None,None,0.7,0.0,0.0,0.0,0.0,0.0,0.0,180.0,None,None,None
2025-11-07T22:13:50.839476,71.416,None,None,None,None,None,None,None,None,None,None,None,0.7,0.0,0.0,0.0,0.0,0.0,0.0,180.0,None,None,None
2025-11-07T22:13:50.840420,71.417,None,None,None,None,None,None,None,None,None,None,None,0.7,0.0,0.0,0.0,0.0,0.0,0.0,180.0,None,None,None
2025-11-07T22:13:50.841344,71.418,None,None,None,None,None,None,None,None,None,None,None,0.7,0.0,0.0,0.0,0.0,0.0,0.0,180.0,None,None,None
2025-11-07T22:13:50.842001,71.419,None,None,None,None,None,None,None,None,None,None,None,0.7,0.0,0.0,0.0,0.0,0.0,0.0,180.0,None,None,None
2025-11-07T22:13:50.842658,71.419,None,None,None,None,None,None,None,None,None,None,None,0.7,0.0,0.0,0.0,0.0,0.0,0.0,180.0,None,None,None
2025-11-07T22:13:50.843287,71.420,None,None,None,None,None,None,None,None,None,None,None,0.7,0.0,0.0,0.0,0.0,0.0,0.0,180.0,None,None,None
2025-11-07T22:13:50.843942,71.421,None,None,None,None,None,None,None,None,None,None,None,0.7,0.0,0.0,0.0,0.0,0.0,0.0,180.0,None,None,None
2025-11-07T22:13:50.844625,71.421,None,None,None,None,None,None,None,None,None,None,None,0.7,0.0,0.0,0.0,0.0,0.0,0.0,180.0,None,None,None
2025-11-07T22:13:51.332151,71.909,None,None,None,None,None,None,None,None,None,None,None,0.7,0.0,0.0,0.0,0.0,0.0,0.0,180.0,None,None,None
2025-11-07T22:13:51.332878,71.910,None,None,None,None,None,None,None,None,None,None,None,0.7,0.0,0.0,0.0,0.0,0.0,0.0,180.0,None,None,None
2025-11-07T22:13:51.333554,71.910,None,None,None,None,None,None,None,None,None,None,None,0.7,0.0,0.0,0.0,0.0,0.0,0.0,180.0,None,None,None
2025-11-07T22:13:51.334165,71.911,None,None,None,None,None,None,None,None,None,None,None,0.7,0.0,0.0,0.0,0.0,0.0,0.0,180.0,None,None,None
2025-11-07T22:13:51.334772,71.912,None,None,None,None,None,None,None,None,None,None,None,0.7,0.0,0.0,0.0,0.0,0.0,0.0,180.0,None,None,None
2025-11-07T22:13:51.335365,71.912,None,None,None,None,None,None,None,None,None,None,None,0.7,0.0,0.0,0.0,0.0,0.0,0.0,180.0,None,None,None
2025-11-07T22:13:51.335963,71.913,None,None,None,None,None,None,None,None,None,None,None,0.7,0.0,0.0,0.0,0.0,0.0,0.0,180.0,None,None,None
2025-11-07T22:13:51.336552,71.913,None,None,None,None,None,None,None,None,None,None,None,0.7,0.0,0.0,0.0,0.0,0.0,0.0,180.0,None,None,None
2025-11-07T22:13:51.337391,71.914,None,None,None,None,None,None,None,None,None,None,None,0.7,0.0,0.0,0.0,0.0,0.0,0.0,180.0,None,None,None
2025-11-07T22:13:51.817193,72.394,None,None,None,None,None,None,None,None,None,None,None,0.7,0.0,0.0,0.0,0.0,0.0,0.0,180.0,None,None,None
2025-11-07T22:13:51.817949,72.395,None,None,None,None,None,None,None,None,None,None,None,0.7,0.0,0.0,0.0,0.0,0.0,0.0,180.0,None,None,None
2025-11-07T22:13:51.818643,72.395,None,None,None,None,None,None,None,None,None,None,None,0.7,0.0,0.0,0.0,0.0,0.0,0.0,180.0,None,None,None
2025-11-07T22:13:51.819285,72.396,None,None,None,None,None,None,None,None,None,None,None,0.7,0.0,0.0,0.0,0.0,0.0,0.0,180.0,None,None,None
2025-11-07T22:13:51.819920,72.397,None,None,None,None,None,None,None,None,None,None,None,0.7,0.0,0.0,0.0,0.0,0.0,0.0,180.0,None,None,None
2025-11-07T22:13:51.820549,72.397,None,None,None,None,None,None,None,None,None,None,None,0.7,0.0,0.0,0.0,0.0,0.0,0.0,180.0,None,None,None
2025-11-07T22:13:51.821171,72.398,None,None,None,None,None,None,None,None,None,None,None,0.7,0.0,0.0,0.0,0.0,0.0,0.0,180.0,None,None,None
2025-11-07T22:13:51.821949,72.399,None,None,None,None,None,None,None,None,None,None,None,0.7,0.0,0.0,0.0,0.0,0.0,0.0,180.0,None,None,None
2025-11-07T22:13:51.822782,72.400,None,None,None,None,None,None,None,None,None,None,None,0.7,0.0,0.0,0.0,0.0,0.0,0.0,180.0,None,None,None
2025-11-07T22:13:52.351734,72.929,None,None,None,None,None,None,None,None,None,None,None,0.7,0.0,0.0,0.0,0.0,0.0,0.0,180.0,None,None,None
2025-11-07T22:13:52.352808,72.930,None,None,None,None,None,None,None,None,None,None,None,0.7,0.0,0.0,0.0,0.0,0.0,0.0,180.0,None,None,None
2025-11-07T22:13:52.353648,72.930,None,None,None,None,None,None,None,None,None,None,None,0.7,0.0,0.0,0.0,0.0,0.0,0.0,180.0,None,None,None
2025-11-07T22:13:52.354460,72.931,None,None,None,None,None,None,None,None,None,None,None,0.7,0.0,0.0,0.0,0.0,0.0,0.0,180.0,None,None,None
2025-11-07T22:13:52.355259,72.932,None,None,None,None,None,None,None,None,None,None,None,0.7,0.0,0.0,0.0,0.0,0.0,0.0,180.0,None,None,None
2025-11-07T22:13:52.356057,72.933,None,None,None,None,None,None,None,None,None,None,None,0.7,0.0,0.0,0.0,0.0,0.0,0.0,180.0,None,None,None
2025-11-07T22:13:52.356861,72.934,None,None,None,None,None,None,None,None,None,None,None,0.7,0.0,0.0,0.0,0.0,0.0,0.0,180.0,None,None,None
2025-11-07T22:13:52.357681,72.935,None,None,None,None,None,None,None,None,None,None,None,0.7,0.0,0.0,0.0,0.0,0.0,0.0,180.0,None,None,None
2025-11-07T22:13:52.358797,72.936,None,None,None,None,None,None,None,None,None,None,None,0.7,0.0,0.0,0.0,0.0,0.0,0.0,180.0,None,None,None
2025-11-07T22:13:52.801360,73.378,None,None,None,None,None,None,None,None,None,None,None,0.7,0.0,0.0,0.0,0.0,0.0,0.0,180.0,None,None,None
2025-11-07T22:13:52.802133,73.379,None,None,None,None,None,None,None,None,None,None,None,0.7,0.0,0.0,0.0,0.0,0.0,0.0,180.0,None,None,None
2025-11-07T22:13:52.802720,73.380,None,None,None,None,None,None,None,None,None,None,None,0.7,0.0,0.0,0.0,0.0,0.0,0.0,180.0,None,None,None
2025-11-07T22:13:52.803273,73.380,None,None,None,None,None,None,None,None,None,None,None,0.7,0.0,0.0,0.0,0.0,0.0,0.0,180.0,None,None,None
2025-11-07T22:13:52.803824,73.381,None,None,None,None,None,None,None,None,None,None,None,0.7,0.0,0.0,0.0,0.0,0.0,0.0,180.0,None,None,None
2025-11-07T22:13:52.804365,73.381,None,None,None,None,None,None,None,None,None,None,None,0.7,0.0,0.0,0.0,0.0,0.0,0.0,180.0,None,None,None
2025-11-07T22:13:52.804921,73.382,None,None,None,None,None,None,None,None,None,None,None,0.7,0.0,0.0,0.0,0.0,0.0,0.0,180.0,None,None,None
2025-11-07T22:13:52.805477,73.382,None,None,None,None,None,None,None,None,None,None,None,0.7,0.0,0.0,0.0,0.0,0.0,0.0,180.0,None,None,None
2025-11-07T22:13:52.806242,73.383,None,None,None,None,None,None,None,None,None,None,None,0.7,0.0,0.0,0.0,0.0,0.0,0.0,180.0,None,None,None
2025-11-07T22:13:53.245466,73.822,None,None,None,None,None,None,None,None,None,None,None,0.7,0.0,0.0,0.0,0.0,0.0,0.0,180.0,None,None,None
2025-11-07T22:13:53.246175,73.823,None,None,None,None,None,None,None,None,None,None,None,0.7,0.0,0.0,0.0,0.0,0.0,0.0,180.0,None,None,None
2025-11-07T22:13:53.246860,73.824,None,None,None,None,None,None,None,None,None,None,None,0.7,0.0,0.0,0.0,0.0,0.0,0.0,180.0,None,None,None
2025-11-07T22:13:53.247469,73.824,None,None,None,None,None,None,None,None,None,None,None,0.7,0.0,0.0,0.0,0.0,0.0,0.0,180.0,None,None,None
2025-11-07T22:13:53.248556,73.825,None,None,None,None,None,None,None,None,None,None,None,0.7,0.0,0.0,0.0,0.0,0.0,0.0,180.0,None,None,None
2025-11-07T22:13:53.249425,73.826,None,None,None,None,None,None,None,None,None,None,None,0.7,0.0,0.0,0.0,0.0,0.0,0.0,180.0,None,None,None
2025-11-07T22:13:53.250217,73.827,None,None,None,None,None,None,None,None,None,None,None,0.7,0.0,0.0,0.0,0.0,0.0,0.0,180.0,None,None,None
2025-11-07T22:13:53.670561,74.247,None,None,None,None,None,None,None,None,None,None,None,0.7,0.0,0.0,0.0,0.0,0.0,0.0,180.0,None,None,None
2025-11-07T22:13:53.671320,74.248,None,None,None,None,None,None,None,None,None,None,None,0.7,0.0,0.0,0.0,0.0,0.0,0.0,180.0,None,None,None
2025-11-07T22:13:53.671956,74.249,None,None,None,None,None,None,None,None,None,None,None,0.7,0.0,0.0,0.0,0.0,0.0,0.0,180.0,None,None,None
2025-11-07T22:13:53.672567,74.249,None,None,None,None,None,None,None,None,None,None,None,0.7,0.0,0.0,0.0,0.0,0.0,0.0,180.0,None,None,None
2025-11-07T22:13:53.673115,74.250,None,None,None,None,None,None,None,None,None,None,None,0.7,0.0,0.0,0.0,0.0,0.0,0.0,180.0,None,None,None
2025-11-07T22:13:53.673682,74.251,None,None,None,None,None,None,None,None,None,None,None,0.7,0.0,0.0,0.0,0.0,0.0,0.0,180.0,None,None,None
2025-11-07T22:13:53.674200,74.251,None,None,None,None,None,None,None,None,None,None,None,0.7,0.0,0.0,0.0,0.0,0.0,0.0,180.0,None,None,None
2025-11-07T22:13:53.674741,74.252,None,None,None,None,None,None,None,None,None,None,None,0.7,0.0,0.0,0.0,0.0,0.0,0.0,180.0,None,None,None
2025-11-07T22:13:53.675262,74.252,None,None,None,None,None,None,None,None,None,None,None,0.7,0.0,0.0,0.0,0.0,0.0,0.0,180.0,None,None,None
2025-11-07T22:13:54.107089,74.684,None,None,None,None,None,None,None,None,None,None,None,0.7,0.0,0.0,0.0,0.0,0.0,0.0,180.0,None,None,None
2025-11-07T22:13:54.108077,74.685,None,None,None,None,None,None,None,None,None,None,None,0.7,0.0,0.0,0.0,0.0,0.0,0.0,180.0,None,None,None
2025-11-07T22:13:54.108857,74.686,None,None,None,None,None,None,None,None,None,None,None,0.7,0.0,0.0,0.0,0.0,0.0,0.0,180.0,None,None,None
2025-11-07T22:13:54.109463,74.686,None,None,None,None,None,None,None,None,None,None,None,0.7,0.0,0.0,0.0,0.0,0.0,0.0,180.0,None,None,None
2025-11-07T22:13:54.110074,74.687,None,None,None,None,None,None,None,None,None,None,None,0.7,0.0,0.0,0.0,0.0,0.0,0.0,180.0,None,None,None
2025-11-07T22:13:54.110702,74.688,None,None,None,None,None,None,None,None,None,None,None,0.7,0.0,0.0,0.0,0.0,0.0,0.0,180.0,None,None,None
2025-11-07T22:13:54.111302,74.688,None,None,None,None,None,None,None,None,None,None,None,0.7,0.0,0.0,0.0,0.0,0.0,0.0,180.0,None,None,None
2025-11-07T22:13:54.538109,75.115,None,None,None,None,None,None,None,None,None,None,None,0.7,0.0,0.0,0.0,0.0,0.0,0.0,180.0,None,None,None
2025-11-07T22:13:54.538844,75.116,None,None,None,None,None,None,None,None,None,None,None,0.7,0.0,0.0,0.0,0.0,0.0,0.0,180.0,None,None,None
2025-11-07T22:13:54.539405,75.116,None,None,None,None,None,None,None,None,None,None,None,0.7,0.0,0.0,0.0,0.0,0.0,0.0,180.0,None,None,None
2025-11-07T22:13:54.539935,75.117,None,None,None,None,None,None,None,None,None,None,None,0.7,0.0,0.0,0.0,0.0,0.0,0.0,180.0,None,None,None
2025-11-07T22:13:54.540465,75.117,None,None,None,None,None,None,None,None,None,None,None,0.7,0.0,0.0,0.0,0.0,0.0,0.0,180.0,None,None,None
2025-11-07T22:13:54.541004,75.118,None,None,None,None,None,None,None,None,None,None,None,0.7,0.0,0.0,0.0,0.0,0.0,0.0,180.0,None,None,None
2025-11-07T22:13:54.541540,75.118,None,None,None,None,None,None,None,None,None,None,None,0.7,0.0,0.0,0.0,0.0,0.0,0.0,180.0,None,None,None
2025-11-07T22:13:54.981733,75.559,None,None,None,None,None,None,None,None,None,None,None,0.7,0.0,0.0,0.0,0.0,0.0,0.0,180.0,None,None,None
2025-11-07T22:13:54.982481,75.559,None,None,None,None,None,None,None,None,None,None,None,0.7,0.0,0.0,0.0,0.0,0.0,0.0,180.0,None,None,None
2025-11-07T22:13:54.983087,75.560,None,None,None,None,None,None,None,None,None,None,None,0.7,0.0,0.0,0.0,0.0,0.0,0.0,180.0,None,None,None
2025-11-07T22:13:54.983684,75.561,None,None,None,None,None,None,None,None,None,None,None,0.7,0.0,0.0,0.0,0.0,0.0,0.0,180.0,None,None,None
2025-11-07T22:13:54.984252,75.561,None,None,None,None,None,None,None,None,None,None,None,0.7,0.0,0.0,0.0,0.0,0.0,0.0,180.0,None,None,None
2025-11-07T22:13:54.984819,75.562,None,None,None,None,None,None,None,None,None,None,None,0.7,0.0,0.0,0.0,0.0,0.0,0.0,180.0,None,None,None
2025-11-07T22:13:54.985365,75.562,None,None,None,None,None,None,None,None,None,None,None,0.7,0.0,0.0,0.0,0.0,0.0,0.0,180.0,None,None,None
2025-11-07T22:13:54.985922,75.563,None,None,None,None,None,None,None,None,None,None,None,0.7,0.0,0.0,0.0,0.0,0.0,0.0,180.0,None,None,None
2025-11-07T22:13:54.986470,75.563,None,None,None,None,None,None,None,None,None,None,None,0.7,0.0,0.0,0.0,0.0,0.0,0.0,180.0,None,None,None
2025-11-07T22:13:55.419150,75.996,None,None,None,None,None,None,None,None,None,None,None,0.7,0.0,0.0,0.0,0.0,0.0,0.0,180.0,None,None,None
2025-11-07T22:13:55.419861,75.997,None,None,None,None,None,None,None,None,None,None,None,0.7,0.0,0.0,0.0,0.0,0.0,0.0,180.0,None,None,None
2025-11-07T22:13:55.420419,75.997,None,None,None,None,None,None,None,None,None,None,None,0.7,0.0,0.0,0.0,0.0,0.0,0.0,180.0,None,None,None
2025-11-07T22:13:55.420989,75.998,None,None,None,None,None,None,None,None,None,None,None,0.7,0.0,0.0,0.0,0.0,0.0,0.0,180.0,None,None,None
2025-11-07T22:13:55.421525,75.998,None,None,None,None,None,None,None,None,None,None,None,0.7,0.0,0.0,0.0,0.0,0.0,0.0,180.0,None,None,None
2025-11-07T22:13:55.422126,75.999,None,None,None,None,None,None,None,None,None,None,None,0.7,0.0,0.0,0.0,0.0,0.0,0.0,180.0,None,None,None
2025-11-07T22:13:55.422785,76.000,None,None,None,None,None,None,None,None,None,None,None,0.7,0.0,0.0,0.0,0.0,0.0,0.0,180.0,None,None,None
2025-11-07T22:13:55.848661,76.425,None,None,None,None,None,None,None,None,None,None,None,0.7,0.0,0.0,0.0,0.0,0.0,0.0,180.0,None,None,None
2025-11-07T22:13:55.849490,76.426,None,None,None,None,None,None,None,None,None,None,None,0.7,0.0,0.0,0.0,0.0,0.0,0.0,180.0,None,None,None
2025-11-07T22:13:55.850038,76.427,None,None,None,None,None,None,None,None,None,None,None,0.7,0.0,0.0,0.0,0.0,0.0,0.0,180.0,None,None,None
2025-11-07T22:13:55.850532,76.427,None,None,None,None,None,None,None,None,None,None,None,0.7,0.0,0.0,0.0,0.0,0.0,0.0,180.0,None,None,None
2025-11-07T22:13:55.851099,76.428,None,None,None,None,None,None,None,None,None,None,None,0.7,0.0,0.0,0.0,0.0,0.0,0.0,180.0,None,None,None
2025-11-07T22:13:55.851655,76.428,None,None,None,None,None,None,None,None,None,None,None,0.7,0.0,0.0,0.0,0.0,0.0,0.0,180.0,None,None,None
2025-11-07T22:13:55.852129,76.429,None,None,None,None,None,None,None,None,None,None,None,0.7,0.0,0.0,0.0,0.0,0.0,0.0,180.0,None,None,None
2025-11-07T22:13:56.291677,76.869,None,None,None,None,None,None,None,None,None,None,None,0.7,0.0,0.0,0.0,0.0,0.0,0.0,180.0,None,None,None
2025-11-07T22:13:56.292576,76.869,None,None,None,None,None,None,None,None,None,None,None,0.7,0.0,0.0,0.0,0.0,0.0,0.0,180.0,None,None,None
2025-11-07T22:13:56.293160,76.870,None,None,None,None,None,None,None,None,None,None,None,0.7,0.0,0.0,0.0,0.0,0.0,0.0,180.0,None,None,None
2025-11-07T22:13:56.293713,76.871,None,None,None,None,None,None,None,None,None,None,None,0.7,0.0,0.0,0.0,0.0,0.0,0.0,180.0,None,None,None
2025-11-07T22:13:56.294315,76.871,None,None,None,None,None,None,None,None,None,None,None,0.7,0.0,0.0,0.0,0.0,0.0,0.0,180.0,None,None,None
2025-11-07T22:13:56.294930,76.872,None,None,None,None,None,None,None,None,None,None,None,0.7,0.0,0.0,0.0,0.0,0.0,0.0,180.0,None,None,None
2025-11-07T22:13:56.295542,76.872,None,None,None,None,None,None,None,None,None,None,None,0.7,0.0,0.0,0.0,0.0,0.0,0.0,180.0,None,None,None
2025-11-07T22:13:56.296096,76.873,None,None,None,None,None,None,None,None,None,None,None,0.7,0.0,0.0,0.0,0.0,0.0,0.0,180.0,None,None,None
2025-11-07T22:13:56.296698,76.874,None,None,None,None,None,None,None,None,None,None,None,0.7,0.0,0.0,0.0,0.0,0.0,0.0,180.0,None,None,None
2025-11-07T22:13:56.728277,77.305,None,None,None,None,None,None,None,None,None,None,None,0.7,0.0,0.0,0.0,0.0,0.0,0.0,180.0,None,None,None
2025-11-07T22:13:56.729142,77.306,None,None,None,None,None,None,None,None,None,None,None,0.7,0.0,0.0,0.0,0.0,0.0,0.0,180.0,None,None,None
2025-11-07T22:13:56.736922,77.314,None,None,None,None,None,None,None,None,None,None,None,0.7,0.0,0.0,0.0,0.0,0.0,0.0,180.0,None,None,None
2025-11-07T22:13:56.737631,77.314,None,None,None,None,None,None,None,None,None,None,None,0.7,0.0,0.0,0.0,0.0,0.0,0.0,180.0,None,None,None
2025-11-07T22:13:56.738165,77.315,None,None,None,None,None,None,None,None,None,None,None,0.7,0.0,0.0,0.0,0.0,0.0,0.0,180.0,None,None,None
2025-11-07T22:13:56.738662,77.315,None,None,None,None,None,None,None,None,None,None,None,0.7,0.0,0.0,0.0,0.0,0.0,0.0,180.0,None,None,None
2025-11-07T22:13:56.739293,77.316,None,None,None,None,None,None,None,None,None,None,None,0.7,0.0,0.0,0.0,0.0,0.0,0.0,180.0,None,None,None
2025-11-07T22:13:57.178280,77.755,None,None,None,None,None,None,None,None,None,None,None,0.7,0.0,0.0,0.0,0.0,0.0,0.0,180.0,None,None,None
2025-11-07T22:13:57.179017,77.756,None,None,None,None,None,None,None,None,None,None,None,0.7,0.0,0.0,0.0,0.0,0.0,0.0,180.0,None,None,None
2025-11-07T22:13:57.179623,77.756,None,None,None,None,None,None,None,None,None,None,None,0.7,0.0,0.0,0.0,0.0,0.0,0.0,180.0,None,None,None
2025-11-07T22:13:57.180201,77.757,None,None,None,None,None,None,None,None,None,None,None,0.7,0.0,0.0,0.0,0.0,0.0,0.0,180.0,None,None,None
2025-11-07T22:13:57.180983,77.758,None,None,None,None,None,None,None,None,None,None,None,0.7,0.0,0.0,0.0,0.0,0.0,0.0,180.0,None,None,None
2025-11-07T22:13:57.181727,77.759,None,None,None,None,None,None,None,None,None,None,None,0.7,0.0,0.0,0.0,0.0,0.0,0.0,180.0,None,None,None
2025-11-07T22:13:57.182364,77.759,None,None,None,None,None,None,None,None,None,None,None,0.7,0.0,0.0,0.0,0.0,0.0,0.0,180.0,None,None,None
2025-11-07T22:13:57.182962,77.760,None,None,None,None,None,None,None,None,None,None,None,0.7,0.0,0.0,0.0,0.0,0.0,0.0,180.0,None,None,None
2025-11-07T22:13:57.183758,77.761,None,None,None,None,None,None,None,None,None,None,None,0.7,0.0,0.0,0.0,0.0,0.0,0.0,180.0,None,None,None
2025-11-07T22:13:57.613173,78.190,None,None,None,None,None,None,None,None,None,None,None,0.7,0.0,0.0,0.0,0.0,0.0,0.0,180.0,None,None,None
2025-11-07T22:13:57.613923,78.191,None,None,None,None,None,None,None,None,None,None,None,0.7,0.0,0.0,0.0,0.0,0.0,0.0,180.0,None,None,None
2025-11-07T22:13:57.614488,78.191,None,None,None,None,None,None,None,None,None,None,None,0.7,0.0,0.0,0.0,0.0,0.0,0.0,180.0,None,None,None
2025-11-07T22:13:57.615085,78.192,None,None,None,None,None,None,None,None,None,None,None,0.7,0.0,0.0,0.0,0.0,0.0,0.0,180.0,None,None,None
2025-11-07T22:13:57.615690,78.193,None,None,None,None,None,None,None,None,None,None,None,0.7,0.0,0.0,0.0,0.0,0.0,0.0,180.0,None,None,None
2025-11-07T22:13:57.616297,78.193,None,None,None,None,None,None,None,None,None,None,None,0.7,0.0,0.0,0.0,0.0,0.0,0.0,180.0,None,None,None
2025-11-07T22:13:57.616867,78.194,None,None,None,None,None,None,None,None,None,None,None,0.7,0.0,0.0,0.0,0.0,0.0,0.0,180.0,None,None,None
2025-11-07T22:13:58.047598,78.624,None,None,None,None,None,None,None,None,None,None,None,0.7,0.0,0.0,0.0,0.0,0.0,0.0,180.0,None,None,None
2025-11-07T22:13:58.048412,78.625,None,None,None,None,None,None,None,None,None,None,None,0.7,0.0,0.0,0.0,0.0,0.0,0.0,180.0,None,None,None
2025-11-07T22:13:58.048985,78.626,None,None,None,None,None,None,None,None,None,None,None,0.7,0.0,0.0,0.0,0.0,0.0,0.0,180.0,None,None,None
2025-11-07T22:13:58.049556,78.626,None,None,None,None,None,None,None,None,None,None,None,0.7,0.0,0.0,0.0,0.0,0.0,0.0,180.0,None,None,None
2025-11-07T22:13:58.050123,78.627,None,None,None,None,None,None,None,None,None,None,None,0.7,0.0,0.0,0.0,0.0,0.0,0.0,180.0,None,None,None
2025-11-07T22:13:58.050706,78.628,None,None,None,None,None,None,None,None,None,None,None,0.7,0.0,0.0,0.0,0.0,0.0,0.0,180.0,None,None,None
2025-11-07T22:13:58.051280,78.628,None,None,None,None,None,None,None,None,None,None,None,0.7,0.0,0.0,0.0,0.0,0.0,0.0,180.0,None,None,None
2025-11-07T22:13:58.481924,79.059,None,None,None,None,None,None,None,None,None,None,None,0.7,0.0,0.0,0.0,0.0,0.0,0.0,180.0,None,None,None
2025-11-07T22:13:58.482655,79.059,None,None,None,None,None,None,None,None,None,None,None,0.7,0.0,0.0,0.0,0.0,0.0,0.0,180.0,None,None,None
2025-11-07T22:13:58.483226,79.060,None,None,None,None,None,None,None,None,None,None,None,0.7,0.0,0.0,0.0,0.0,0.0,0.0,180.0,None,None,None
2025-11-07T22:13:58.483823,79.061,None,None,None,None,None,None,None,None,None,None,None,0.7,0.0,0.0,0.0,0.0,0.0,0.0,180.0,None,None,None
2025-11-07T22:13:58.484406,79.061,None,None,None,None,None,None,None,None,None,None,None,0.7,0.0,0.0,0.0,0.0,0.0,0.0,180.0,None,None,None
2025-11-07T22:13:58.485004,79.062,None,None,None,None,None,None,None,None,None,None,None,0.7,0.0,0.0,0.0,0.0,0.0,0.0,180.0,None,None,None
2025-11-07T22:13:58.485678,79.062,None,None,None,None,None,None,None,None,None,None,None,0.7,0.0,0.0,0.0,0.0,0.0,0.0,180.0,None,None,None
2025-11-07T22:13:58.486216,79.063,None,None,None,None,None,None,None,None,None,None,None,0.7,0.0,0.0,0.0,0.0,0.0,0.0,180.0,None,None,None
2025-11-07T22:13:58.486810,79.064,None,None,None,None,None,None,None,None,None,None,None,0.7,0.0,0.0,0.0,0.0,0.0,0.0,180.0,None,None,None
2025-11-07T22:13:58.916423,79.493,None,None,None,None,None,None,None,None,None,None,None,0.7,0.0,0.0,0.0,0.0,0.0,0.0,180.0,None,None,None
2025-11-07T22:13:58.917337,79.494,None,None,None,None,None,None,None,None,None,None,None,0.7,0.0,0.0,0.0,0.0,0.0,0.0,180.0,None,None,None
2025-11-07T22:13:58.918006,79.495,None,None,None,None,None,None,None,None,None,None,None,0.7,0.0,0.0,0.0,0.0,0.0,0.0,180.0,None,None,None
2025-11-07T22:13:58.918694,79.496,None,None,None,None,None,None,None,None,None,None,None,0.7,0.0,0.0,0.0,0.0,0.0,0.0,180.0,None,None,None
2025-11-07T22:13:58.920478,79.497,None,None,None,None,None,None,None,None,None,None,None,0.7,0.0,0.0,0.0,0.0,0.0,0.0,180.0,None,None,None
2025-11-07T22:13:58.921406,79.498,None,None,None,None,None,None,None,None,None,None,None,0.7,0.0,0.0,0.0,0.0,0.0,0.0,180.0,None,None,None
2025-11-07T22:13:58.922340,79.499,None,None,None,None,None,None,None,None,None,None,None,0.7,0.0,0.0,0.0,0.0,0.0,0.0,180.0,None,None,None
2025-11-07T22:13:59.358739,79.936,None,None,None,None,None,None,None,None,None,None,None,0.7,0.0,0.0,0.0,0.0,0.0,0.0,180.0,None,None,None
2025-11-07T22:13:59.359517,79.936,None,None,None,None,None,None,None,None,None,None,None,0.7,0.0,0.0,0.0,0.0,0.0,0.0,180.0,None,None,None
2025-11-07T22:13:59.360055,79.937,None,None,None,None,None,None,None,None,None,None,None,0.7,0.0,0.0,0.0,0.0,0.0,0.0,180.0,None,None,None
2025-11-07T22:13:59.360597,79.937,None,None,None,None,None,None,None,None,None,None,None,0.7,0.0,0.0,0.0,0.0,0.0,0.0,180.0,None,None,None
2025-11-07T22:13:59.361172,79.938,None,None,None,None,None,None,None,None,None,None,None,0.7,0.0,0.0,0.0,0.0,0.0,0.0,180.0,None,None,None
2025-11-07T22:13:59.361780,79.939,None,None,None,None,None,None,None,None,None,None,None,0.7,0.0,0.0,0.0,0.0,0.0,0.0,180.0,None,None,None
2025-11-07T22:13:59.362360,79.939,None,None,None,None,None,None,None,None,None,None,None,0.7,0.0,0.0,0.0,0.0,0.0,0.0,180.0,None,None,None
2025-11-07T22:13:59.789826,80.367,None,None,None,None,None,None,None,None,None,None,None,0.7,0.0,0.0,0.0,0.0,0.0,0.0,180.0,None,None,None
2025-11-07T22:13:59.790606,80.367,None,None,None,None,None,None,None,None,None,None,None,0.7,0.0,0.0,0.0,0.0,0.0,0.0,180.0,None,None,None
2025-11-07T22:13:59.791136,80.368,None,None,None,None,None,None,None,None,None,None,None,0.7,0.0,0.0,0.0,0.0,0.0,0.0,180.0,None,None,None
2025-11-07T22:13:59.791900,80.369,None,None,None,None,None,None,None,None,None,None,None,0.7,0.0,0.0,0.0,0.0,0.0,0.0,180.0,None,None,None
2025-11-07T22:13:59.792538,80.369,None,None,None,None,None,None,None,None,None,None,None,0.7,0.0,0.0,0.0,0.0,0.0,0.0,180.0,None,None,None
2025-11-07T22:13:59.793121,80.370,None,None,None,None,None,None,None,None,None,None,None,0.7,0.0,0.0,0.0,0.0,0.0,0.0,180.0,None,None,None
2025-11-07T22:13:59.793678,80.370,None,None,None,None,None,None,None,None,None,None,None,0.7,0.0,0.0,0.0,0.0,0.0,0.0,180.0,None,None,None
2025-11-07T22:13:59.794203,80.371,None,None,None,None,None,None,None,None,None,None,None,0.7,0.0,0.0,0.0,0.0,0.0,0.0,180.0,None,None,None
2025-11-07T22:13:59.794754,80.372,None,None,None,None,None,None,None,None,None,None,None,0.7,0.0,0.0,0.0,0.0,0.0,0.0,180.0,None,None,None
2025-11-07T22:14:00.246293,80.823,None,None,None,None,None,None,None,None,None,None,None,0.7,0.0,0.0,0.0,0.0,0.0,0.0,180.0,None,None,None
2025-11-07T22:14:00.247172,80.824,None,None,None,None,None,None,None,None,None,None,None,0.7,0.0,0.0,0.0,0.0,0.0,0.0,180.0,None,None,None
2025-11-07T22:14:00.247792,80.825,None,None,None,None,None,None,None,None,None,None,None,0.7,0.0,0.0,0.0,0.0,0.0,0.0,180.0,None,None,None
2025-11-07T22:14:00.248343,80.825,None,None,None,None,None,None,None,None,None,None,None,0.7,0.0,0.0,0.0,0.0,0.0,0.0,180.0,None,None,None
2025-11-07T22:14:00.248943,80.826,None,None,None,None,None,None,None,None,None,None,None,0.7,0.0,0.0,0.0,0.0,0.0,0.0,180.0,None,None,None
2025-11-07T22:14:00.249508,80.826,None,None,None,None,None,None,None,None,None,None,None,0.7,0.0,0.0,0.0,0.0,0.0,0.0,180.0,None,None,None
2025-11-07T22:14:00.250066,80.827,None,None,None,None,None,None,None,None,None,None,None,0.7,0.0,0.0,0.0,0.0,0.0,0.0,180.0,None,None,None
2025-11-07T22:14:00.675849,81.253,None,None,None,None,None,None,None,None,None,None,None,0.7,0.0,0.0,0.0,0.0,0.0,0.0,180.0,None,None,None
2025-11-07T22:14:00.676635,81.253,None,None,None,None,None,None,None,None,None,None,None,0.7,0.0,0.0,0.0,0.0,0.0,0.0,180.0,None,None,None
2025-11-07T22:14:00.677175,81.254,None,None,None,None,None,None,None,None,None,None,None,0.7,0.0,0.0,0.0,0.0,0.0,0.0,180.0,None,None,None
2025-11-07T22:14:00.677757,81.255,None,None,None,None,None,None,None,None,None,None,None,0.7,0.0,0.0,0.0,0.0,0.0,0.0,180.0,None,None,None
2025-11-07T22:14:00.678325,81.255,None,None,None,None,None,None,None,None,None,None,None,0.7,0.0,0.0,0.0,0.0,0.0,0.0,180.0,None,None,None
2025-11-07T22:14:00.678920,81.256,None,None,None,None,None,None,None,None,None,None,None,0.7,0.0,0.0,0.0,0.0,0.0,0.0,180.0,None,None,None
2025-11-07T22:14:00.679538,81.256,None,None,None,None,None,None,None,None,None,None,None,0.7,0.0,0.0,0.0,0.0,0.0,0.0,180.0,None,None,None
2025-11-07T22:14:01.127555,81.704,None,None,None,None,None,None,None,None,None,None,None,0.7,0.0,0.0,0.0,0.0,0.0,0.0,180.0,None,None,None
2025-11-07T22:14:01.128367,81.705,None,None,None,None,None,None,None,None,None,None,None,0.7,0.0,0.0,0.0,0.0,0.0,0.0,180.0,None,None,None
2025-11-07T22:14:01.128944,81.706,None,None,None,None,None,None,None,None,None,None,None,0.7,0.0,0.0,0.0,0.0,0.0,0.0,180.0,None,None,None
2025-11-07T22:14:01.129516,81.706,None,None,None,None,None,None,None,None,None,None,None,0.7,0.0,0.0,0.0,0.0,0.0,0.0,180.0,None,None,None
2025-11-07T22:14:01.130090,81.707,None,None,None,None,None,None,None,None,None,None,None,0.7,0.0,0.0,0.0,0.0,0.0,0.0,180.0,None,None,None
2025-11-07T22:14:01.130679,81.707,None,None,None,None,None,None,None,None,None,None,None,0.7,0.0,0.0,0.0,0.0,0.0,0.0,180.0,None,None,None
2025-11-07T22:14:01.131265,81.708,None,None,None,None,None,None,None,None,None,None,None,0.7,0.0,0.0,0.0,0.0,0.0,0.0,180.0,None,None,None
2025-11-07T22:14:01.131836,81.709,None,None,None,None,None,None,None,None,None,None,None,0.7,0.0,0.0,0.0,0.0,0.0,0.0,180.0,None,None,None
2025-11-07T22:14:01.132399,81.709,None,None,None,None,None,None,None,None,None,None,None,0.7,0.0,0.0,0.0,0.0,0.0,0.0,180.0,None,None,None
2025-11-07T22:14:01.563685,82.141,None,None,None,None,None,None,None,None,None,None,None,0.7,0.0,0.0,0.0,0.0,0.0,0.0,180.0,None,None,None
2025-11-07T22:14:01.564404,82.141,None,None,None,None,None,None,None,None,None,None,None,0.7,0.0,0.0,0.0,0.0,0.0,0.0,180.0,None,None,None
2025-11-07T22:14:01.564894,82.142,None,None,None,None,None,None,None,None,None,None,None,0.7,0.0,0.0,0.0,0.0,0.0,0.0,180.0,None,None,None
2025-11-07T22:14:01.565359,82.142,None,None,None,None,None,None,None,None,None,None,None,0.7,0.0,0.0,0.0,0.0,0.0,0.0,180.0,None,None,None
2025-11-07T22:14:01.565889,82.143,None,None,None,None,None,None,None,None,None,None,None,0.7,0.0,0.0,0.0,0.0,0.0,0.0,180.0,None,None,None
2025-11-07T22:14:01.566399,82.143,None,None,None,None,None,None,None,None,None,None,None,0.7,0.0,0.0,0.0,0.0,0.0,0.0,180.0,None,None,None
2025-11-07T22:14:01.566935,82.144,None,None,None,None,None,None,None,None,None,None,None,0.7,0.0,0.0,0.0,0.0,0.0,0.0,180.0,None,None,None
2025-11-07T22:14:02.001256,82.578,None,None,None,None,None,None,None,None,None,None,None,0.7,0.0,0.0,0.0,0.0,0.0,0.0,180.0,None,None,None
2025-11-07T22:14:02.002043,82.579,None,None,None,None,None,None,None,None,None,None,None,0.7,0.0,0.0,0.0,0.0,0.0,0.0,180.0,None,None,None
2025-11-07T22:14:02.009909,82.587,None,None,None,None,None,None,None,None,None,None,None,0.7,0.0,0.0,0.0,0.0,0.0,0.0,180.0,None,None,None
2025-11-07T22:14:02.010884,82.588,None,None,None,None,None,None,None,None,None,None,None,0.7,0.0,0.0,0.0,0.0,0.0,0.0,180.0,None,None,None
2025-11-07T22:14:02.011551,82.588,None,None,None,None,None,None,None,None,None,None,None,0.7,0.0,0.0,0.0,0.0,0.0,0.0,180.0,None,None,None
2025-11-07T22:14:02.012404,82.589,None,None,None,None,None,None,None,None,None,None,None,0.7,0.0,0.0,0.0,0.0,0.0,0.0,180.0,None,None,None
2025-11-07T22:14:02.013223,82.590,None,None,None,None,None,None,None,None,None,None,None,0.7,0.0,0.0,0.0,0.0,0.0,0.0,180.0,None,None,None
2025-11-07T22:14:02.014069,82.591,None,None,None,None,None,None,None,None,None,None,None,0.7,0.0,0.0,0.0,0.0,0.0,0.0,180.0,None,None,None
2025-11-07T22:14:02.015071,82.592,None,None,None,None,None,None,None,None,None,None,None,0.7,0.0,0.0,0.0,0.0,0.0,0.0,180.0,None,None,None
2025-11-07T22:14:02.459316,83.036,None,None,None,None,None,None,None,None,None,None,None,0.7,0.0,0.0,0.0,0.0,0.0,0.0,180.0,None,None,None
2025-11-07T22:14:02.460487,83.037,None,None,None,None,None,None,None,None,None,None,None,0.7,0.0,0.0,0.0,0.0,0.0,0.0,180.0,None,None,None
2025-11-07T22:14:02.461233,83.038,None,None,None,None,None,None,None,None,None,None,None,0.7,0.0,0.0,0.0,0.0,0.0,0.0,180.0,None,None,None
2025-11-07T22:14:02.461923,83.039,None,None,None,None,None,None,None,None,None,None,None,0.7,0.0,0.0,0.0,0.0,0.0,0.0,180.0,None,None,None
2025-11-07T22:14:02.462658,83.039,None,None,None,None,None,None,None,None,None,None,None,0.7,0.0,0.0,0.0,0.0,0.0,0.0,180.0,None,None,None
2025-11-07T22:14:02.463412,83.040,None,None,None,None,None,None,None,None,None,None,None,0.7,0.0,0.0,0.0,0.0,0.0,0.0,180.0,None,None,None
2025-11-07T22:14:02.464142,83.041,None,None,None,None,None,None,None,None,None,None,None,0.7,0.0,0.0,0.0,0.0,0.0,0.0,180.0,None,None,None
2025-11-07T22:14:02.961687,83.539,None,None,None,None,None,None,None,None,None,None,None,0.7,0.0,0.0,0.0,0.0,0.0,0.0,180.0,None,None,None
2025-11-07T22:14:02.962498,83.539,None,None,None,None,None,None,None,None,None,None,None,0.7,0.0,0.0,0.0,0.0,0.0,0.0,180.0,None,None,None
2025-11-07T22:14:02.963402,83.540,None,None,None,None,None,None,None,None,None,None,None,0.7,0.0,0.0,0.0,0.0,0.0,0.0,180.0,None,None,None
2025-11-07T22:14:02.964179,83.541,None,None,None,None,None,None,None,None,None,None,None,0.7,0.0,0.0,0.0,0.0,0.0,0.0,180.0,None,None,None
2025-11-07T22:14:02.964886,83.542,None,None,None,None,None,None,None,None,None,None,None,0.7,0.0,0.0,0.0,0.0,0.0,0.0,180.0,None,None,None
2025-11-07T22:14:02.965629,83.542,None,None,None,None,None,None,None,None,None,None,None,0.7,0.0,0.0,0.0,0.0,0.0,0.0,180.0,None,None,None
2025-11-07T22:14:02.966392,83.543,None,None,None,None,None,None,None,None,None,None,None,0.7,0.0,0.0,0.0,0.0,0.0,0.0,180.0,None,None,None
2025-11-07T22:14:02.967222,83.544,None,None,None,None,None,None,None,None,None,None,None,0.7,0.0,0.0,0.0,0.0,0.0,0.0,180.0,None,None,None
2025-11-07T22:14:02.967986,83.545,None,None,None,None,None,None,None,None,None,None,None,0.7,0.0,0.0,0.0,0.0,0.0,0.0,180.0,None,None,None
2025-11-07T22:14:03.451527,84.028,None,None,None,None,None,None,None,None,None,None,None,0.7,0.0,0.0,0.0,0.0,0.0,0.0,180.0,None,None,None
2025-11-07T22:14:03.452477,84.029,None,None,None,None,None,None,None,None,None,None,None,0.7,0.0,0.0,0.0,0.0,0.0,0.0,180.0,None,None,None
2025-11-07T22:14:03.453156,84.030,None,None,None,None,None,None,None,None,None,None,None,0.7,0.0,0.0,0.0,0.0,0.0,0.0,180.0,None,None,None
2025-11-07T22:14:03.453663,84.030,None,None,None,None,None,None,None,None,None,None,None,0.7,0.0,0.0,0.0,0.0,0.0,0.0,180.0,None,None,None
2025-11-07T22:14:03.454145,84.031,None,None,None,None,None,None,None,None,None,None,None,0.7,0.0,0.0,0.0,0.0,0.0,0.0,180.0,None,None,None
2025-11-07T22:14:03.454633,84.031,None,None,None,None,None,None,None,None,None,None,None,0.7,0.0,0.0,0.0,0.0,0.0,0.0,180.0,None,None,None
2025-11-07T22:14:03.455109,84.032,None,None,None,None,None,None,None,None,None,None,None,0.7,0.0,0.0,0.0,0.0,0.0,0.0,180.0,None,None,None
2025-11-07T22:14:03.455635,84.032,None,None,None,None,None,None,None,None,None,None,None,0.7,0.0,0.0,0.0,0.0,0.0,0.0,180.0,None,None,None
2025-11-07T22:14:03.881973,84.459,None,None,None,None,None,None,None,None,None,None,None,0.7,0.0,0.0,0.0,0.0,0.0,0.0,180.0,None,None,None
2025-11-07T22:14:03.882747,84.460,None,None,None,None,None,None,None,None,None,None,None,0.7,0.0,0.0,0.0,0.0,0.0,0.0,180.0,None,None,None
2025-11-07T22:14:03.883295,84.460,None,None,None,None,None,None,None,None,None,None,None,0.7,0.0,0.0,0.0,0.0,0.0,0.0,180.0,None,None,None
2025-11-07T22:14:03.883853,84.461,None,None,None,None,None,None,None,None,None,None,None,0.7,0.0,0.0,0.0,0.0,0.0,0.0,180.0,None,None,None
2025-11-07T22:14:03.884470,84.461,None,None,None,None,None,None,None,None,None,None,None,0.7,0.0,0.0,0.0,0.0,0.0,0.0,180.0,None,None,None
2025-11-07T22:14:03.885024,84.462,None,None,None,None,None,None,None,None,None,None,None,0.7,0.0,0.0,0.0,0.0,0.0,0.0,180.0,None,None,None
2025-11-07T22:14:03.885619,84.462,None,None,None,None,None,None,None,None,None,None,None,0.7,0.0,0.0,0.0,0.0,0.0,0.0,180.0,None,None,None
2025-11-07T22:14:03.886219,84.463,None,None,None,None,None,None,None,None,None,None,None,0.7,0.0,0.0,0.0,0.0,0.0,0.0,180.0,None,None,None
2025-11-07T22:14:03.886763,84.464,None,None,None,None,None,None,None,None,None,None,None,0.7,0.0,0.0,0.0,0.0,0.0,0.0,180.0,None,None,None
2025-11-07T22:14:04.323332,84.900,None,None,None,None,None,None,None,None,None,None,None,0.7,0.0,0.0,0.0,0.0,0.0,0.0,180.0,None,None,None
2025-11-07T22:14:04.324078,84.901,None,None,None,None,None,None,None,None,None,None,None,0.7,0.0,0.0,0.0,0.0,0.0,0.0,180.0,None,None,None
2025-11-07T22:14:04.324692,84.902,None,None,None,None,None,None,None,None,None,None,None,0.7,0.0,0.0,0.0,0.0,0.0,0.0,180.0,None,None,None
2025-11-07T22:14:04.325348,84.902,None,None,None,None,None,None,None,None,None,None,None,0.7,0.0,0.0,0.0,0.0,0.0,0.0,180.0,None,None,None
2025-11-07T22:14:04.325972,84.903,None,None,None,None,None,None,None,None,None,None,None,0.7,0.0,0.0,0.0,0.0,0.0,0.0,180.0,None,None,None
2025-11-07T22:14:04.326562,84.903,None,None,None,None,None,None,None,None,None,None,None,0.7,0.0,0.0,0.0,0.0,0.0,0.0,180.0,None,None,None
2025-11-07T22:14:04.327144,84.904,None,None,None,None,None,None,None,None,None,None,None,0.7,0.0,0.0,0.0,0.0,0.0,0.0,180.0,None,None,None
2025-11-07T22:14:04.327734,84.905,None,None,None,None,None,None,None,None,None,None,None,0.7,0.0,0.0,0.0,0.0,0.0,0.0,180.0,None,None,None
2025-11-07T22:14:04.790244,85.367,None,None,None,None,None,None,None,None,None,None,None,0.7,0.0,0.0,0.0,0.0,0.0,0.0,180.0,None,None,None
2025-11-07T22:14:04.791049,85.368,None,None,None,None,None,None,None,None,None,None,None,0.7,0.0,0.0,0.0,0.0,0.0,0.0,180.0,None,None,None
2025-11-07T22:14:04.791741,85.369,None,None,None,None,None,None,None,None,None,None,None,0.7,0.0,0.0,0.0,0.0,0.0,0.0,180.0,None,None,None
2025-11-07T22:14:04.792460,85.369,None,None,None,None,None,None,None,None,None,None,None,0.7,0.0,0.0,0.0,0.0,0.0,0.0,180.0,None,None,None
2025-11-07T22:14:04.793055,85.370,None,None,None,None,None,None,None,None,None,None,None,0.7,0.0,0.0,0.0,0.0,0.0,0.0,180.0,None,None,None
2025-11-07T22:14:04.793646,85.370,None,None,None,None,None,None,None,None,None,None,None,0.7,0.0,0.0,0.0,0.0,0.0,0.0,180.0,None,None,None
2025-11-07T22:14:04.794230,85.371,None,None,None,None,None,None,None,None,None,None,None,0.7,0.0,0.0,0.0,0.0,0.0,0.0,180.0,None,None,None
2025-11-07T22:14:04.794808,85.372,None,None,None,None,None,None,None,None,None,None,None,0.7,0.0,0.0,0.0,0.0,0.0,0.0,180.0,None,None,None
2025-11-07T22:14:05.289056,85.866,None,None,None,None,None,None,None,None,None,None,None,0.7,0.0,0.0,0.0,0.0,0.0,0.0,180.0,None,None,None
2025-11-07T22:14:05.289821,85.867,None,None,None,None,None,None,None,None,None,None,None,0.7,0.0,0.0,0.0,0.0,0.0,0.0,180.0,None,None,None
2025-11-07T22:14:05.290459,85.867,None,None,None,None,None,None,None,None,None,None,None,0.7,0.0,0.0,0.0,0.0,0.0,0.0,180.0,None,None,None
2025-11-07T22:14:05.291089,85.868,None,None,None,None,None,None,None,None,None,None,None,0.7,0.0,0.0,0.0,0.0,0.0,0.0,180.0,None,None,None
2025-11-07T22:14:05.291703,85.869,None,None,None,None,None,None,None,None,None,None,None,0.7,0.0,0.0,0.0,0.0,0.0,0.0,180.0,None,None,None
2025-11-07T22:14:05.292290,85.869,None,None,None,None,None,None,None,None,None,None,None,0.7,0.0,0.0,0.0,0.0,0.0,0.0,180.0,None,None,None
2025-11-07T22:14:05.292953,85.870,None,None,None,None,None,None,None,None,None,None,None,0.7,0.0,0.0,0.0,0.0,0.0,0.0,180.0,None,None,None
2025-11-07T22:14:05.293544,85.870,None,None,None,None,None,None,None,None,None,None,None,0.7,0.0,0.0,0.0,0.0,0.0,0.0,180.0,None,None,None
2025-11-07T22:14:05.294453,85.871,None,None,None,None,None,None,None,None,None,None,None,0.7,0.0,0.0,0.0,0.0,0.0,0.0,180.0,None,None,None
2025-11-07T22:14:05.778677,86.356,None,None,None,None,None,None,None,None,None,None,None,0.7,0.0,0.0,0.0,0.0,0.0,0.0,180.0,None,None,None
2025-11-07T22:14:05.779466,86.356,None,None,None,None,None,None,None,None,None,None,None,0.7,0.0,0.0,0.0,0.0,0.0,0.0,180.0,None,None,None
2025-11-07T22:14:05.780099,86.357,None,None,None,None,None,None,None,None,None,None,None,0.7,0.0,0.0,0.0,0.0,0.0,0.0,180.0,None,None,None
2025-11-07T22:14:05.780740,86.358,None,None,None,None,None,None,None,None,None,None,None,0.7,0.0,0.0,0.0,0.0,0.0,0.0,180.0,None,None,None
2025-11-07T22:14:05.781339,86.358,None,None,None,None,None,None,None,None,None,None,None,0.7,0.0,0.0,0.0,0.0,0.0,0.0,180.0,None,None,None
2025-11-07T22:14:05.781944,86.359,None,None,None,None,None,None,None,None,None,None,None,0.7,0.0,0.0,0.0,0.0,0.0,0.0,180.0,None,None,None
2025-11-07T22:14:05.782546,86.359,None,None,None,None,None,None,None,None,None,None,None,0.7,0.0,0.0,0.0,0.0,0.0,0.0,180.0,None,None,None
2025-11-07T22:14:06.268674,86.845,None,None,None,None,None,None,None,None,None,None,None,0.7,0.0,0.0,0.0,0.0,0.0,0.0,180.0,None,None,None
2025-11-07T22:14:06.269581,86.846,None,None,None,None,None,None,None,None,None,None,None,0.7,0.0,0.0,0.0,0.0,0.0,0.0,180.0,None,None,None
2025-11-07T22:14:06.270221,86.847,None,None,None,None,None,None,None,None,None,None,None,0.7,0.0,0.0,0.0,0.0,0.0,0.0,180.0,None,None,None
2025-11-07T22:14:06.270833,86.848,None,None,None,None,None,None,None,None,None,None,None,0.7,0.0,0.0,0.0,0.0,0.0,0.0,180.0,None,None,None
2025-11-07T22:14:06.271432,86.848,None,None,None,None,None,None,None,None,None,None,None,0.7,0.0,0.0,0.0,0.0,0.0,0.0,180.0,None,None,None
2025-11-07T22:14:06.272028,86.849,None,None,None,None,None,None,None,None,None,None,None,0.7,0.0,0.0,0.0,0.0,0.0,0.0,180.0,None,None,None
2025-11-07T22:14:06.272629,86.849,None,None,None,None,None,None,None,None,None,None,None,0.7,0.0,0.0,0.0,0.0,0.0,0.0,180.0,None,None,None
2025-11-07T22:14:06.273219,86.850,None,None,None,None,None,None,None,None,None,None,None,0.7,0.0,0.0,0.0,0.0,0.0,0.0,180.0,None,None,None
2025-11-07T22:14:06.273817,86.851,None,None,None,None,None,None,None,None,None,None,None,0.7,0.0,0.0,0.0,0.0,0.0,0.0,180.0,None,None,None
2025-11-07T22:14:06.745266,87.322,None,None,None,None,None,None,None,None,None,None,None,0.7,0.0,0.0,0.0,0.0,0.0,0.0,180.0,None,None,None
2025-11-07T22:14:06.746043,87.323,None,None,None,None,None,None,None,None,None,None,None,0.7,0.0,0.0,0.0,0.0,0.0,0.0,180.0,None,None,None
2025-11-07T22:14:06.746689,87.324,None,None,None,None,None,None,None,None,None,None,None,0.7,0.0,0.0,0.0,0.0,0.0,0.0,180.0,None,None,None
2025-11-07T22:14:06.747307,87.324,None,None,None,None,None,None,None,None,None,None,None,0.7,0.0,0.0,0.0,0.0,0.0,0.0,180.0,None,None,None
2025-11-07T22:14:06.747918,87.325,None,None,None,None,None,None,None,None,None,None,None,0.7,0.0,0.0,0.0,0.0,0.0,0.0,180.0,None,None,None
2025-11-07T22:14:06.748532,87.325,None,None,None,None,None,None,None,None,None,None,None,0.7,0.0,0.0,0.0,0.0,0.0,0.0,180.0,None,None,None
2025-11-07T22:14:06.749132,87.326,None,None,None,None,None,None,None,None,None,None,None,0.7,0.0,0.0,0.0,0.0,0.0,0.0,180.0,None,None,None
2025-11-07T22:14:06.749731,87.327,None,None,None,None,None,None,None,None,None,None,None,0.7,0.0,0.0,0.0,0.0,0.0,0.0,180.0,None,None,None
2025-11-07T22:14:06.750596,87.327,None,None,None,None,None,None,None,None,None,None,None,0.7,0.0,0.0,0.0,0.0,0.0,0.0,180.0,None,None,None
2025-11-07T22:14:07.234489,87.811,None,None,None,None,None,None,None,None,None,None,None,0.7,0.0,0.0,0.0,0.0,0.0,0.0,180.0,None,None,None
2025-11-07T22:14:07.235284,87.812,None,None,None,None,None,None,None,None,None,None,None,0.7,0.0,0.0,0.0,0.0,0.0,0.0,180.0,None,None,None
2025-11-07T22:14:07.235948,87.813,None,None,None,None,None,None,None,None,None,None,None,0.7,0.0,0.0,0.0,0.0,0.0,0.0,180.0,None,None,None
2025-11-07T22:14:07.236611,87.813,None,None,None,None,None,None,None,None,None,None,None,0.7,0.0,0.0,0.0,0.0,0.0,0.0,180.0,None,None,None
2025-11-07T22:14:07.237238,87.814,None,None,None,None,None,None,None,None,None,None,None,0.7,0.0,0.0,0.0,0.0,0.0,0.0,180.0,None,None,None
2025-11-07T22:14:07.237862,87.815,None,None,None,None,None,None,None,None,None,None,None,0.7,0.0,0.0,0.0,0.0,0.0,0.0,180.0,None,None,None
2025-11-07T22:14:07.238506,87.815,None,None,None,None,None,None,None,None,None,None,None,0.7,0.0,0.0,0.0,0.0,0.0,0.0,180.0,None,None,None
2025-11-07T22:14:07.239347,87.816,None,None,None,None,None,None,None,None,None,None,None,0.7,0.0,0.0,0.0,0.0,0.0,0.0,180.0,None,None,None
2025-11-07T22:14:07.240102,87.817,None,None,None,None,None,None,None,None,None,None,None,0.7,0.0,0.0,0.0,0.0,0.0,0.0,180.0,None,None,None
2025-11-07T22:14:07.720641,88.297,None,None,None,None,None,None,None,None,None,None,None,0.7,0.0,0.0,0.0,0.0,0.0,0.0,180.0,None,None,None
2025-11-07T22:14:07.721836,88.299,None,None,None,None,None,None,None,None,None,None,None,0.7,0.0,0.0,0.0,0.0,0.0,0.0,180.0,None,None,None
2025-11-07T22:14:07.722798,88.300,None,None,None,None,None,None,None,None,None,None,None,0.7,0.0,0.0,0.0,0.0,0.0,0.0,180.0,None,None,None
2025-11-07T22:14:07.723742,88.301,None,None,None,None,None,None,None,None,None,None,None,0.7,0.0,0.0,0.0,0.0,0.0,0.0,180.0,None,None,None
2025-11-07T22:14:07.724664,88.301,None,None,None,None,None,None,None,None,None,None,None,0.7,0.0,0.0,0.0,0.0,0.0,0.0,180.0,None,None,None
2025-11-07T22:14:07.725579,88.302,None,None,None,None,None,None,None,None,None,None,None,0.7,0.0,0.0,0.0,0.0,0.0,0.0,180.0,None,None,None
2025-11-07T22:14:07.726617,88.303,None,None,None,None,None,None,None,None,None,None,None,0.7,0.0,0.0,0.0,0.0,0.0,0.0,180.0,None,None,None
2025-11-07T22:14:07.727662,88.304,None,None,None,None,None,None,None,None,None,None,None,0.7,0.0,0.0,0.0,0.0,0.0,0.0,180.0,None,None,None
2025-11-07T22:14:07.728688,88.306,None,None,None,None,None,None,None,None,None,None,None,0.7,0.0,0.0,0.0,0.0,0.0,0.0,180.0,None,None,None
2025-11-07T22:14:08.238894,88.816,None,None,None,None,None,None,None,None,None,None,None,0.7,0.0,0.0,0.0,0.0,0.0,0.0,180.0,None,None,None
2025-11-07T22:14:08.240076,88.817,None,None,None,None,None,None,None,None,None,None,None,0.7,0.0,0.0,0.0,0.0,0.0,0.0,180.0,None,None,None
2025-11-07T22:14:08.241256,88.818,None,None,None,None,None,None,None,None,None,None,None,0.7,0.0,0.0,0.0,0.0,0.0,0.0,180.0,None,None,None
2025-11-07T22:14:08.241992,88.819,None,None,None,None,None,None,None,None,None,None,None,0.7,0.0,0.0,0.0,0.0,0.0,0.0,180.0,None,None,None
2025-11-07T22:14:08.242855,88.820,None,None,None,None,None,None,None,None,None,None,None,0.7,0.0,0.0,0.0,0.0,0.0,0.0,180.0,None,None,None
2025-11-07T22:14:08.243635,88.820,None,None,None,None,None,None,None,None,None,None,None,0.7,0.0,0.0,0.0,0.0,0.0,0.0,180.0,None,None,None
2025-11-07T22:14:08.244705,88.822,None,None,None,None,None,None,None,None,None,None,None,0.7,0.0,0.0,0.0,0.0,0.0,0.0,180.0,None,None,None
2025-11-07T22:14:08.245484,88.822,None,None,None,None,None,None,None,None,None,None,None,0.7,0.0,0.0,0.0,0.0,0.0,0.0,180.0,None,None,None
2025-11-07T22:14:08.246305,88.823,None,None,None,None,None,None,None,None,None,None,None,0.7,0.0,0.0,0.0,0.0,0.0,0.0,180.0,None,None,None
2025-11-07T22:14:08.716093,89.293,None,None,None,None,None,None,None,None,None,None,None,0.7,0.0,0.0,0.0,0.0,0.0,0.0,180.0,None,None,None
2025-11-07T22:14:08.716921,89.294,None,None,None,None,None,None,None,None,None,None,None,0.7,0.0,0.0,0.0,0.0,0.0,0.0,180.0,None,None,None
2025-11-07T22:14:08.717636,89.294,None,None,None,None,None,None,None,None,None,None,None,0.7,0.0,0.0,0.0,0.0,0.0,0.0,180.0,None,None,None
2025-11-07T22:14:08.718296,89.295,None,None,None,None,None,None,None,None,None,None,None,0.7,0.0,0.0,0.0,0.0,0.0,0.0,180.0,None,None,None
2025-11-07T22:14:08.718988,89.296,None,None,None,None,None,None,None,None,None,None,None,0.7,0.0,0.0,0.0,0.0,0.0,0.0,180.0,None,None,None
2025-11-07T22:14:08.720060,89.297,None,None,None,None,None,None,None,None,None,None,None,0.7,0.0,0.0,0.0,0.0,0.0,0.0,180.0,None,None,None
2025-11-07T22:14:08.720991,89.298,None,None,None,None,None,None,None,None,None,None,None,0.7,0.0,0.0,0.0,0.0,0.0,0.0,180.0,None,None,None
2025-11-07T22:14:08.722070,89.299,None,None,None,None,None,None,None,None,None,None,None,0.7,0.0,0.0,0.0,0.0,0.0,0.0,180.0,None,None,None
2025-11-07T22:14:09.232519,89.809,None,None,None,None,None,None,None,None,None,None,None,0.7,0.0,0.0,0.0,0.0,0.0,0.0,180.0,None,None,None
2025-11-07T22:14:09.233246,89.810,None,None,None,None,None,None,None,None,None,None,None,0.7,0.0,0.0,0.0,0.0,0.0,0.0,180.0,None,None,None
2025-11-07T22:14:09.233838,89.811,None,None,None,None,None,None,None,None,None,None,None,0.7,0.0,0.0,0.0,0.0,0.0,0.0,180.0,None,None,None
2025-11-07T22:14:09.234393,89.811,None,None,None,None,None,None,None,None,None,None,None,0.7,0.0,0.0,0.0,0.0,0.0,0.0,180.0,None,None,None
2025-11-07T22:14:09.234942,89.812,None,None,None,None,None,None,None,None,None,None,None,0.7,0.0,0.0,0.0,0.0,0.0,0.0,180.0,None,None,None
2025-11-07T22:14:09.235484,89.812,None,None,None,None,None,None,None,None,None,None,None,0.7,0.0,0.0,0.0,0.0,0.0,0.0,180.0,None,None,None
2025-11-07T22:14:09.236021,89.813,None,None,None,None,None,None,None,None,None,None,None,0.7,0.0,0.0,0.0,0.0,0.0,0.0,180.0,None,None,None
2025-11-07T22:14:09.236560,89.813,None,None,None,None,None,None,None,None,None,None,None,0.7,0.0,0.0,0.0,0.0,0.0,0.0,180.0,None,None,None
2025-11-07T22:14:09.237360,89.814,None,None,None,None,None,None,None,None,None,None,None,0.7,0.0,0.0,0.0,0.0,0.0,0.0,180.0,None,None,None
2025-11-07T22:14:09.717398,90.294,None,None,None,None,None,None,None,None,None,None,None,0.7,0.0,0.0,0.0,0.0,0.0,0.0,180.0,None,None,None
2025-11-07T22:14:09.718656,90.295,None,None,None,None,None,None,None,None,None,None,None,0.7,0.0,0.0,0.0,0.0,0.0,0.0,180.0,None,None,None
2025-11-07T22:14:09.725949,90.303,None,None,None,None,None,None,None,None,None,None,None,0.7,0.0,0.0,0.0,0.0,0.0,0.0,180.0,None,None,None
2025-11-07T22:14:09.726623,90.303,None,None,None,None,None,None,None,None,None,None,None,0.7,0.0,0.0,0.0,0.0,0.0,0.0,180.0,None,None,None
2025-11-07T22:14:09.727217,90.304,None,None,None,None,None,None,None,None,None,None,None,0.7,0.0,0.0,0.0,0.0,0.0,0.0,180.0,None,None,None
2025-11-07T22:14:09.728001,90.305,None,None,None,None,None,None,None,None,None,None,None,0.7,0.0,0.0,0.0,0.0,0.0,0.0,180.0,None,None,None
2025-11-07T22:14:09.728722,90.306,None,None,None,None,None,None,None,None,None,None,None,0.7,0.0,0.0,0.0,0.0,0.0,0.0,180.0,None,None,None
2025-11-07T22:14:09.729774,90.307,None,None,None,None,None,None,None,None,None,None,None,0.7,0.0,0.0,0.0,0.0,0.0,0.0,180.0,None,None,None
2025-11-07T22:14:09.730910,90.308,None,None,None,None,None,None,None,None,None,None,None,0.7,0.0,0.0,0.0,0.0,0.0,0.0,180.0,None,None,None
2025-11-07T22:14:10.268949,90.846,None,None,None,None,None,None,None,None,None,None,None,0.7,0.0,0.0,0.0,0.0,0.0,0.0,180.0,None,None,None
2025-11-07T22:14:10.269795,90.847,None,None,None,None,None,None,None,None,None,None,None,0.7,0.0,0.0,0.0,0.0,0.0,0.0,180.0,None,None,None
2025-11-07T22:14:10.270502,90.847,None,None,None,None,None,None,None,None,None,None,None,0.7,0.0,0.0,0.0,0.0,0.0,0.0,180.0,None,None,None
2025-11-07T22:14:10.271167,90.848,None,None,None,None,None,None,None,None,None,None,None,0.7,0.0,0.0,0.0,0.0,0.0,0.0,180.0,None,None,None
2025-11-07T22:14:10.271822,90.849,None,None,None,None,None,None,None,None,None,None,None,0.7,0.0,0.0,0.0,0.0,0.0,0.0,180.0,None,None,None
2025-11-07T22:14:10.272485,90.849,None,None,None,None,None,None,None,None,None,None,None,0.7,0.0,0.0,0.0,0.0,0.0,0.0,180.0,None,None,None
2025-11-07T22:14:10.273120,90.850,None,None,None,None,None,None,None,None,None,None,None,0.7,0.0,0.0,0.0,0.0,0.0,0.0,180.0,None,None,None
2025-11-07T22:14:10.273798,90.851,None,None,None,None,None,None,None,None,None,None,None,0.7,0.0,0.0,0.0,0.0,0.0,0.0,180.0,None,None,None
2025-11-07T22:14:10.274684,90.852,None,None,None,None,None,None,None,None,None,None,None,0.7,0.0,0.0,0.0,0.0,0.0,0.0,180.0,None,None,None
2025-11-07T22:14:10.748745,91.326,None,None,None,None,None,None,None,None,None,None,None,0.7,0.0,0.0,0.0,0.0,0.0,0.0,180.0,None,None,None
2025-11-07T22:14:10.749591,91.326,None,None,None,None,None,None,None,None,None,None,None,0.7,0.0,0.0,0.0,0.0,0.0,0.0,180.0,None,None,None
2025-11-07T22:14:10.750235,91.327,None,None,None,None,None,None,None,None,None,None,None,0.7,0.0,0.0,0.0,0.0,0.0,0.0,180.0,None,None,None
2025-11-07T22:14:10.750879,91.328,None,None,None,None,None,None,None,None,None,None,None,0.7,0.0,0.0,0.0,0.0,0.0,0.0,180.0,None,None,None
2025-11-07T22:14:10.751481,91.328,None,None,None,None,None,None,None,None,None,None,None,0.7,0.0,0.0,0.0,0.0,0.0,0.0,180.0,None,None,None
2025-11-07T22:14:10.752061,91.329,None,None,None,None,None,None,None,None,None,None,None,0.7,0.0,0.0,0.0,0.0,0.0,0.0,180.0,None,None,None
2025-11-07T22:14:10.752646,91.329,None,None,None,None,None,None,None,None,None,None,None,0.7,0.0,0.0,0.0,0.0,0.0,0.0,180.0,None,None,None
2025-11-07T22:14:10.753224,91.330,None,None,None,None,None,None,None,None,None,None,None,0.7,0.0,0.0,0.0,0.0,0.0,0.0,180.0,None,None,None
2025-11-07T22:14:10.753844,91.331,None,None,None,None,None,None,None,None,None,None,None,0.7,0.0,0.0,0.0,0.0,0.0,0.0,180.0,None,None,None
2025-11-07T22:14:11.243939,91.821,None,None,None,None,None,None,None,None,None,None,None,0.7,0.0,0.0,0.0,0.0,0.0,0.0,180.0,None,None,None
2025-11-07T22:14:11.244721,91.822,None,None,None,None,None,None,None,None,None,None,None,0.7,0.0,0.0,0.0,0.0,0.0,0.0,180.0,None,None,None
2025-11-07T22:14:11.245352,91.822,None,None,None,None,None,None,None,None,None,None,None,0.7,0.0,0.0,0.0,0.0,0.0,0.0,180.0,None,None,None
2025-11-07T22:14:11.245970,91.823,None,None,None,None,None,None,None,None,None,None,None,0.7,0.0,0.0,0.0,0.0,0.0,0.0,180.0,None,None,None
2025-11-07T22:14:11.246571,91.823,None,None,None,None,None,None,None,None,None,None,None,0.7,0.0,0.0,0.0,0.0,0.0,0.0,180.0,None,None,None
2025-11-07T22:14:11.247204,91.824,None,None,None,None,None,None,None,None,None,None,None,0.7,0.0,0.0,0.0,0.0,0.0,0.0,180.0,None,None,None
2025-11-07T22:14:11.247811,91.825,None,None,None,None,None,None,None,None,None,None,None,0.7,0.0,0.0,0.0,0.0,0.0,0.0,180.0,None,None,None
2025-11-07T22:14:11.248416,91.825,None,None,None,None,None,None,None,None,None,None,None,0.7,0.0,0.0,0.0,0.0,0.0,0.0,180.0,None,None,None
2025-11-07T22:14:11.249086,91.826,None,None,None,None,None,None,None,None,None,None,None,0.7,0.0,0.0,0.0,0.0,0.0,0.0,180.0,None,None,None
2025-11-07T22:14:11.724678,92.302,None,None,None,None,None,None,None,None,None,None,None,0.7,0.0,0.0,0.0,0.0,0.0,0.0,180.0,None,None,None
2025-11-07T22:14:11.725814,92.303,None,None,None,None,None,None,None,None,None,None,None,0.7,0.0,0.0,0.0,0.0,0.0,0.0,180.0,None,None,None
2025-11-07T22:14:11.726551,92.303,None,None,None,None,None,None,None,None,None,None,None,0.7,0.0,0.0,0.0,0.0,0.0,0.0,180.0,None,None,None
2025-11-07T22:14:11.727229,92.304,None,None,None,None,None,None,None,None,None,None,None,0.7,0.0,0.0,0.0,0.0,0.0,0.0,180.0,None,None,None
2025-11-07T22:14:11.727851,92.305,None,None,None,None,None,None,None,None,None,None,None,0.7,0.0,0.0,0.0,0.0,0.0,0.0,180.0,None,None,None
2025-11-07T22:14:11.728466,92.305,None,None,None,None,None,None,None,None,None,None,None,0.7,0.0,0.0,0.0,0.0,0.0,0.0,180.0,None,None,None
2025-11-07T22:14:11.729069,92.306,None,None,None,None,None,None,None,None,None,None,None,0.7,0.0,0.0,0.0,0.0,0.0,0.0,180.0,None,None,None
2025-11-07T22:14:11.729725,92.307,None,None,None,None,None,None,None,None,None,None,None,0.7,0.0,0.0,0.0,0.0,0.0,0.0,180.0,None,None,None
2025-11-07T22:14:12.213389,92.790,None,None,None,None,None,None,None,None,None,None,None,0.7,0.0,0.0,0.0,0.0,0.0,0.0,180.0,None,None,None
2025-11-07T22:14:12.214218,92.791,None,None,None,None,None,None,None,None,None,None,None,0.7,0.0,0.0,0.0,0.0,0.0,0.0,180.0,None,None,None
2025-11-07T22:14:12.214912,92.792,None,None,None,None,None,None,None,None,None,None,None,0.7,0.0,0.0,0.0,0.0,0.0,0.0,180.0,None,None,None
2025-11-07T22:14:12.215561,92.792,None,None,None,None,None,None,None,None,None,None,None,0.7,0.0,0.0,0.0,0.0,0.0,0.0,180.0,None,None,None
2025-11-07T22:14:12.216196,92.793,None,None,None,None,None,None,None,None,None,None,None,0.7,0.0,0.0,0.0,0.0,0.0,0.0,180.0,None,None,None
2025-11-07T22:14:12.216892,92.794,None,None,None,None,None,None,None,None,None,None,None,0.7,0.0,0.0,0.0,0.0,0.0,0.0,180.0,None,None,None
2025-11-07T22:14:12.217565,92.794,None,None,None,None,None,None,None,None,None,None,None,0.7,0.0,0.0,0.0,0.0,0.0,0.0,180.0,None,None,None
2025-11-07T22:14:12.218363,92.795,None,None,None,None,None,None,None,None,None,None,None,0.7,0.0,0.0,0.0,0.0,0.0,0.0,180.0,None,None,None
2025-11-07T22:14:12.219261,92.796,None,None,None,None,None,None,None,None,None,None,None,0.7,0.0,0.0,0.0,0.0,0.0,0.0,180.0,None,None,None
2025-11-07T22:14:12.698051,93.275,None,None,None,None,None,None,None,None,None,None,None,0.7,0.0,0.0,0.0,0.0,0.0,0.0,180.0,None,None,None
2025-11-07T22:14:12.698841,93.276,None,None,None,None,None,None,None,None,None,None,None,0.7,0.0,0.0,0.0,0.0,0.0,0.0,180.0,None,None,None
2025-11-07T22:14:12.699470,93.276,None,None,None,None,None,None,None,None,None,None,None,0.7,0.0,0.0,0.0,0.0,0.0,0.0,180.0,None,None,None
2025-11-07T22:14:12.700055,93.277,None,None,None,None,None,None,None,None,None,None,None,0.7,0.0,0.0,0.0,0.0,0.0,0.0,180.0,None,None,None
2025-11-07T22:14:12.700677,93.277,None,None,None,None,None,None,None,None,None,None,None,0.7,0.0,0.0,0.0,0.0,0.0,0.0,180.0,None,None,None
2025-11-07T22:14:12.701244,93.278,None,None,None,None,None,None,None,None,None,None,None,0.7,0.0,0.0,0.0,0.0,0.0,0.0,180.0,None,None,None
2025-11-07T22:14:12.701819,93.279,None,None,None,None,None,None,None,None,None,None,None,0.7,0.0,0.0,0.0,0.0,0.0,0.0,180.0,None,None,None
2025-11-07T22:14:12.702391,93.279,None,None,None,None,None,None,None,None,None,None,None,0.7,0.0,0.0,0.0,0.0,0.0,0.0,180.0,None,None,None
2025-11-07T22:14:12.702996,93.280,None,None,None,None,None,None,None,None,None,None,None,0.7,0.0,0.0,0.0,0.0,0.0,0.0,180.0,None,None,None
2025-11-07T22:14:13.187296,93.764,None,None,None,None,None,None,None,None,None,None,None,0.7,0.0,0.0,0.0,0.0,0.0,0.0,180.0,None,None,None
2025-11-07T22:14:13.188109,93.765,None,None,None,None,None,None,None,None,None,None,None,0.7,0.0,0.0,0.0,0.0,0.0,0.0,180.0,None,None,None
2025-11-07T22:14:13.188760,93.766,None,None,None,None,None,None,None,None,None,None,None,0.7,0.0,0.0,0.0,0.0,0.0,0.0,180.0,None,None,None
2025-11-07T22:14:13.189368,93.766,None,None,None,None,None,None,None,None,None,None,None,0.7,0.0,0.0,0.0,0.0,0.0,0.0,180.0,None,None,None
2025-11-07T22:14:13.189944,93.767,None,None,None,None,None,None,None,None,None,None,None,0.7,0.0,0.0,0.0,0.0,0.0,0.0,180.0,None,None,None
2025-11-07T22:14:13.190563,93.767,None,None,None,None,None,None,None,None,None,None,None,0.7,0.0,0.0,0.0,0.0,0.0,0.0,180.0,None,None,None
2025-11-07T22:14:13.191166,93.768,None,None,None,None,None,None,None,None,None,None,None,0.7,0.0,0.0,0.0,0.0,0.0,0.0,180.0,None,None,None
2025-11-07T22:14:13.665964,94.243,None,None,None,None,None,None,None,None,None,None,None,0.7,0.0,0.0,0.0,0.0,0.0,0.0,180.0,None,None,None
2025-11-07T22:14:13.666752,94.244,None,None,None,None,None,None,None,None,None,None,None,0.7,0.0,0.0,0.0,0.0,0.0,0.0,180.0,None,None,None
2025-11-07T22:14:13.667403,94.244,None,None,None,None,None,None,None,None,None,None,None,0.7,0.0,0.0,0.0,0.0,0.0,0.0,180.0,None,None,None
2025-11-07T22:14:13.668074,94.245,None,None,None,None,None,None,None,None,None,None,None,0.7,0.0,0.0,0.0,0.0,0.0,0.0,180.0,None,None,None
2025-11-07T22:14:13.668749,94.246,None,None,None,None,None,None,None,None,None,None,None,0.7,0.0,0.0,0.0,0.0,0.0,0.0,180.0,None,None,None
2025-11-07T22:14:13.669344,94.246,None,None,None,None,None,None,None,None,None,None,None,0.7,0.0,0.0,0.0,0.0,0.0,0.0,180.0,None,None,None
2025-11-07T22:14:13.669946,94.247,None,None,None,None,None,None,None,None,None,None,None,0.7,0.0,0.0,0.0,0.0,0.0,0.0,180.0,None,None,None
2025-11-07T22:14:13.670548,94.247,None,None,None,None,None,None,None,None,None,None,None,0.7,0.0,0.0,0.0,0.0,0.0,0.0,180.0,None,None,None
2025-11-07T22:14:13.671304,94.248,None,None,None,None,None,None,None,None,None,None,None,0.7,0.0,0.0,0.0,0.0,0.0,0.0,180.0,None,None,None
2025-11-07T22:14:14.154279,94.731,None,None,None,None,None,None,None,None,None,None,None,0.7,0.0,0.0,0.0,0.0,0.0,0.0,180.0,None,None,None
2025-11-07T22:14:14.155074,94.732,None,None,None,None,None,None,None,None,None,None,None,0.7,0.0,0.0,0.0,0.0,0.0,0.0,180.0,None,None,None
2025-11-07T22:14:14.155757,94.733,None,None,None,None,None,None,None,None,None,None,None,0.7,0.0,0.0,0.0,0.0,0.0,0.0,180.0,None,None,None
2025-11-07T22:14:14.156386,94.733,None,None,None,None,None,None,None,None,None,None,None,0.7,0.0,0.0,0.0,0.0,0.0,0.0,180.0,None,None,None
2025-11-07T22:14:14.157006,94.734,None,None,None,None,None,None,None,None,None,None,None,0.7,0.0,0.0,0.0,0.0,0.0,0.0,180.0,None,None,None
2025-11-07T22:14:14.157633,94.734,None,None,None,None,None,None,None,None,None,None,None,0.7,0.0,0.0,0.0,0.0,0.0,0.0,180.0,None,None,None
2025-11-07T22:14:14.158248,94.735,None,None,None,None,None,None,None,None,None,None,None,0.7,0.0,0.0,0.0,0.0,0.0,0.0,180.0,None,None,None
2025-11-07T22:14:14.158856,94.736,None,None,None,None,None,None,None,None,None,None,None,0.7,0.0,0.0,0.0,0.0,0.0,0.0,180.0,None,None,None
2025-11-07T22:14:14.159699,94.737,None,None,None,None,None,None,None,None,None,None,None,0.7,0.0,0.0,0.0,0.0,0.0,0.0,180.0,None,None,None
2025-11-07T22:14:14.734536,95.311,None,None,None,None,None,None,None,None,None,None,None,0.7,0.0,0.0,0.0,0.0,0.0,0.0,180.0,None,None,None
2025-11-07T22:14:14.735412,95.312,None,None,None,None,None,None,None,None,None,None,None,0.7,0.0,0.0,0.0,0.0,0.0,0.0,180.0,None,None,None
2025-11-07T22:14:14.743091,95.320,None,None,None,None,None,None,None,None,None,None,None,0.7,0.0,0.0,0.0,0.0,0.0,0.0,180.0,None,None,None
2025-11-07T22:14:14.744219,95.321,None,None,None,None,None,None,None,None,None,None,None,0.7,0.0,0.0,0.0,0.0,0.0,0.0,180.0,None,None,None
2025-11-07T22:14:14.745434,95.322,None,None,None,None,None,None,None,None,None,None,None,0.7,0.0,0.0,0.0,0.0,0.0,0.0,180.0,None,None,None
2025-11-07T22:14:14.746419,95.323,None,None,None,None,None,None,None,None,None,None,None,0.7,0.0,0.0,0.0,0.0,0.0,0.0,180.0,None,None,None
2025-11-07T22:14:14.747382,95.324,None,None,None,None,None,None,None,None,None,None,None,0.7,0.0,0.0,0.0,0.0,0.0,0.0,180.0,None,None,None
2025-11-07T22:14:14.748490,95.325,None,None,None,None,None,None,None,None,None,None,None,0.7,0.0,0.0,0.0,0.0,0.0,0.0,180.0,None,None,None
2025-11-07T22:14:14.751128,95.328,None,None,None,None,None,None,None,None,None,None,None,0.7,0.0,0.0,0.0,0.0,0.0,0.0,180.0,None,None,None
2025-11-07T22:14:14.753877,95.331,None,None,None,None,None,None,None,None,None,None,None,0.7,0.0,0.0,0.0,0.0,0.0,0.0,180.0,None,None,None
2025-11-07T22:14:14.755170,95.332,None,None,None,None,None,None,None,None,None,None,None,0.7,0.0,0.0,0.0,0.0,0.0,0.0,180.0,None,None,None
2025-11-07T22:14:15.331528,95.908,None,None,None,None,None,None,None,None,None,None,None,0.7,0.0,0.0,0.0,0.0,0.0,0.0,180.0,None,None,None
2025-11-07T22:14:15.332428,95.909,None,None,None,None,None,None,None,None,None,None,None,0.7,0.0,0.0,0.0,0.0,0.0,0.0,180.0,None,None,None
2025-11-07T22:14:15.333158,95.910,None,None,None,None,None,None,None,None,None,None,None,0.7,0.0,0.0,0.0,0.0,0.0,0.0,180.0,None,None,None
2025-11-07T22:14:15.333791,95.911,None,None,None,None,None,None,None,None,None,None,None,0.7,0.0,0.0,0.0,0.0,0.0,0.0,180.0,None,None,None
2025-11-07T22:14:15.334412,95.911,None,None,None,None,None,None,None,None,None,None,None,0.7,0.0,0.0,0.0,0.0,0.0,0.0,180.0,None,None,None
2025-11-07T22:14:15.335836,95.913,None,None,None,None,None,None,None,None,None,None,None,0.7,0.0,0.0,0.0,0.0,0.0,0.0,180.0,None,None,None
2025-11-07T22:14:15.336812,95.914,None,None,None,None,None,None,None,None,None,None,None,0.7,0.0,0.0,0.0,0.0,0.0,0.0,180.0,None,None,None
2025-11-07T22:14:15.337708,95.915,None,None,None,None,None,None,None,None,None,None,None,0.7,0.0,0.0,0.0,0.0,0.0,0.0,180.0,None,None,None
2025-11-07T22:14:15.338553,95.915,None,None,None,None,None,None,None,None,None,None,None,0.7,0.0,0.0,0.0,0.0,0.0,0.0,180.0,None,None,None
2025-11-07T22:14:15.339251,95.916,None,None,None,None,None,None,None,None,None,None,None,0.7,0.0,0.0,0.0,0.0,0.0,0.0,180.0,None,None,None
2025-11-07T22:14:15.871076,96.448,None,None,None,None,None,None,None,None,None,None,None,0.7,0.0,0.0,0.0,0.0,0.0,0.0,180.0,None,None,None
2025-11-07T22:14:15.872220,96.449,None,None,None,None,None,None,None,None,None,None,None,0.7,0.0,0.0,0.0,0.0,0.0,0.0,180.0,None,None,None
2025-11-07T22:14:15.872953,96.450,None,None,None,None,None,None,None,None,None,None,None,0.7,0.0,0.0,0.0,0.0,0.0,0.0,180.0,None,None,None
2025-11-07T22:14:15.873582,96.450,None,None,None,None,None,None,None,None,None,None,None,0.7,0.0,0.0,0.0,0.0,0.0,0.0,180.0,None,None,None
2025-11-07T22:14:15.874186,96.451,None,None,None,None,None,None,None,None,None,None,None,0.7,0.0,0.0,0.0,0.0,0.0,0.0,180.0,None,None,None
2025-11-07T22:14:15.874848,96.452,None,None,None,None,None,None,None,None,None,None,None,0.7,0.0,0.0,0.0,0.0,0.0,0.0,180.0,None,None,None
2025-11-07T22:14:15.875473,96.452,None,None,None,None,None,None,None,None,None,None,None,0.7,0.0,0.0,0.0,0.0,0.0,0.0,180.0,None,None,None
2025-11-07T22:14:15.876120,96.453,None,None,None,None,None,None,None,None,None,None,None,0.7,0.0,0.0,0.0,0.0,0.0,0.0,180.0,None,None,None
2025-11-07T22:14:15.877070,96.454,None,None,None,None,None,None,None,None,None,None,None,0.7,0.0,0.0,0.0,0.0,0.0,0.0,180.0,None,None,None
2025-11-07T22:14:16.398287,96.975,None,None,None,None,None,None,None,None,None,None,None,0.7,0.0,0.0,0.0,0.0,0.0,0.0,180.0,None,None,None
2025-11-07T22:14:16.399196,96.976,None,None,None,None,None,None,None,None,None,None,None,0.7,0.0,0.0,0.0,0.0,0.0,0.0,180.0,None,None,None
2025-11-07T22:14:16.399990,96.977,None,None,None,None,None,None,None,None,None,None,None,0.7,0.0,0.0,0.0,0.0,0.0,0.0,180.0,None,None,None
2025-11-07T22:14:16.400764,96.978,None,None,None,None,None,None,None,None,None,None,None,0.7,0.0,0.0,0.0,0.0,0.0,0.0,180.0,None,None,None
2025-11-07T22:14:16.401887,96.979,None,None,None,None,None,None,None,None,None,None,None,0.7,0.0,0.0,0.0,0.0,0.0,0.0,180.0,None,None,None
2025-11-07T22:14:16.402830,96.980,None,None,None,None,None,None,None,None,None,None,None,0.7,0.0,0.0,0.0,0.0,0.0,0.0,180.0,None,None,None
2025-11-07T22:14:16.403819,96.981,None,None,None,None,None,None,None,None,None,None,None,0.7,0.0,0.0,0.0,0.0,0.0,0.0,180.0,None,None,None
2025-11-07T22:14:16.405136,96.982,None,None,None,None,None,None,None,None,None,None,None,0.7,0.0,0.0,0.0,0.0,0.0,0.0,180.0,None,None,None
2025-11-07T22:14:16.406062,96.983,None,None,None,None,None,None,None,None,None,None,None,0.7,0.0,0.0,0.0,0.0,0.0,0.0,180.0,None,None,None
2025-11-07T22:14:16.407413,96.984,None,None,None,None,None,None,None,None,None,None,None,0.7,0.0,0.0,0.0,0.0,0.0,0.0,180.0,None,None,None
2025-11-07T22:14:16.408501,96.985,None,None,None,None,None,None,None,None,None,None,None,0.7,0.0,0.0,0.0,0.0,0.0,0.0,180.0,None,None,None
2025-11-07T22:14:16.926193,97.503,None,None,None,None,None,None,None,None,None,None,None,0.7,0.0,0.0,0.0,0.0,0.0,0.0,180.0,None,None,None
2025-11-07T22:14:16.926910,97.504,None,None,None,None,None,None,None,None,None,None,None,0.7,0.0,0.0,0.0,0.0,0.0,0.0,180.0,None,None,None
2025-11-07T22:14:16.927587,97.504,None,None,None,None,None,None,None,None,None,None,None,0.7,0.0,0.0,0.0,0.0,0.0,0.0,180.0,None,None,None
2025-11-07T22:14:16.928227,97.505,None,None,None,None,None,None,None,None,None,None,None,0.7,0.0,0.0,0.0,0.0,0.0,0.0,180.0,None,None,None
2025-11-07T22:14:16.928859,97.506,None,None,None,None,None,None,None,None,None,None,None,0.7,0.0,0.0,0.0,0.0,0.0,0.0,180.0,None,None,None
2025-11-07T22:14:16.929477,97.506,None,None,None,None,None,None,None,None,None,None,None,0.7,0.0,0.0,0.0,0.0,0.0,0.0,180.0,None,None,None
2025-11-07T22:14:16.930093,97.507,None,None,None,None,None,None,None,None,None,None,None,0.7,0.0,0.0,0.0,0.0,0.0,0.0,180.0,None,None,None
2025-11-07T22:14:16.930702,97.508,None,None,None,None,None,None,None,None,None,None,None,0.7,0.0,0.0,0.0,0.0,0.0,0.0,180.0,None,None,None
2025-11-07T22:14:16.931517,97.508,None,None,None,None,None,None,None,None,None,None,None,0.7,0.0,0.0,0.0,0.0,0.0,0.0,180.0,None,None,None
2025-11-07T22:14:17.419848,97.997,None,None,None,None,None,None,None,None,None,None,None,0.7,0.0,0.0,0.0,0.0,0.0,0.0,180.0,None,None,None
2025-11-07T22:14:17.420584,97.997,None,None,None,None,None,None,None,None,None,None,None,0.7,0.0,0.0,0.0,0.0,0.0,0.0,180.0,None,None,None
2025-11-07T22:14:17.421169,97.998,None,None,None,None,None,None,None,None,None,None,None,0.7,0.0,0.0,0.0,0.0,0.0,0.0,180.0,None,None,None
2025-11-07T22:14:17.421785,97.999,None,None,None,None,None,None,None,None,None,None,None,0.7,0.0,0.0,0.0,0.0,0.0,0.0,180.0,None,None,None
2025-11-07T22:14:17.422421,97.999,None,None,None,None,None,None,None,None,None,None,None,0.7,0.0,0.0,0.0,0.0,0.0,0.0,180.0,None,None,None
2025-11-07T22:14:17.423306,98.000,None,None,None,None,None,None,None,None,None,None,None,0.7,0.0,0.0,0.0,0.0,0.0,0.0,180.0,None,None,None
2025-11-07T22:14:17.423973,98.001,None,None,None,None,None,None,None,None,None,None,None,0.7,0.0,0.0,0.0,0.0,0.0,0.0,180.0,None,None,None
2025-11-07T22:14:17.424660,98.001,None,None,None,None,None,None,None,None,None,None,None,0.7,0.0,0.0,0.0,0.0,0.0,0.0,180.0,None,None,None
2025-11-07T22:14:17.903461,98.480,None,None,None,None,None,None,None,None,None,None,None,0.7,0.0,0.0,0.0,0.0,0.0,0.0,180.0,None,None,None
2025-11-07T22:14:17.904262,98.481,None,None,None,None,None,None,None,None,None,None,None,0.7,0.0,0.0,0.0,0.0,0.0,0.0,180.0,None,None,None
2025-11-07T22:14:17.904931,98.482,None,None,None,None,None,None,None,None,None,None,None,0.7,0.0,0.0,0.0,0.0,0.0,0.0,180.0,None,None,None
2025-11-07T22:14:17.905562,98.482,None,None,None,None,None,None,None,None,None,None,None,0.7,0.0,0.0,0.0,0.0,0.0,0.0,180.0,None,None,None
2025-11-07T22:14:17.906236,98.483,None,None,None,None,None,None,None,None,None,None,None,0.7,0.0,0.0,0.0,0.0,0.0,0.0,180.0,None,None,None
2025-11-07T22:14:17.906813,98.484,None,None,None,None,None,None,None,None,None,None,None,0.7,0.0,0.0,0.0,0.0,0.0,0.0,180.0,None,None,None
2025-11-07T22:14:17.907371,98.484,None,None,None,None,None,None,None,None,None,None,None,0.7,0.0,0.0,0.0,0.0,0.0,0.0,180.0,None,None,None
2025-11-07T22:14:17.907971,98.485,None,None,None,None,None,None,None,None,None,None,None,0.7,0.0,0.0,0.0,0.0,0.0,0.0,180.0,None,None,None
2025-11-07T22:14:17.908784,98.486,None,None,None,None,None,None,None,None,None,None,None,0.7,0.0,0.0,0.0,0.0,0.0,0.0,180.0,None,None,None
2025-11-07T22:14:18.397650,98.974,None,None,None,None,None,None,None,None,None,None,None,0.7,0.0,0.0,0.0,0.0,0.0,0.0,180.0,None,None,None
2025-11-07T22:14:18.398488,98.975,None,None,None,None,None,None,None,None,None,None,None,0.7,0.0,0.0,0.0,0.0,0.0,0.0,180.0,None,None,None
2025-11-07T22:14:18.399153,98.976,None,None,None,None,None,None,None,None,None,None,None,0.7,0.0,0.0,0.0,0.0,0.0,0.0,180.0,None,None,None
2025-11-07T22:14:18.399808,98.977,None,None,None,None,None,None,None,None,None,None,None,0.7,0.0,0.0,0.0,0.0,0.0,0.0,180.0,None,None,None
2025-11-07T22:14:18.400486,98.977,None,None,None,None,None,None,None,None,None,None,None,0.7,0.0,0.0,0.0,0.0,0.0,0.0,180.0,None,None,None
2025-11-07T22:14:18.401242,98.978,None,None,None,None,None,None,None,None,None,None,None,0.7,0.0,0.0,0.0,0.0,0.0,0.0,180.0,None,None,None
2025-11-07T22:14:18.402058,98.979,None,None,None,None,None,None,None,None,None,None,None,0.7,0.0,0.0,0.0,0.0,0.0,0.0,180.0,None,None,None
2025-11-07T22:14:18.402769,98.980,None,None,None,None,None,None,None,None,None,None,None,0.7,0.0,0.0,0.0,0.0,0.0,0.0,180.0,None,None,None
2025-11-07T22:14:18.930279,99.507,None,None,None,None,None,None,None,None,None,None,None,0.7,0.0,0.0,0.0,0.0,0.0,0.0,180.0,None,None,None
2025-11-07T22:14:18.931329,99.508,None,None,None,None,None,None,None,None,None,None,None,0.7,0.0,0.0,0.0,0.0,0.0,0.0,180.0,None,None,None
2025-11-07T22:14:18.932200,99.509,None,None,None,None,None,None,None,None,None,None,None,0.7,0.0,0.0,0.0,0.0,0.0,0.0,180.0,None,None,None
2025-11-07T22:14:18.933004,99.510,None,None,None,None,None,None,None,None,None,None,None,0.7,0.0,0.0,0.0,0.0,0.0,0.0,180.0,None,None,None
2025-11-07T22:14:18.933811,99.511,None,None,None,None,None,None,None,None,None,None,None,0.7,0.0,0.0,0.0,0.0,0.0,0.0,180.0,None,None,None
2025-11-07T22:14:18.934753,99.512,None,None,None,None,None,None,None,None,None,None,None,0.7,0.0,0.0,0.0,0.0,0.0,0.0,180.0,None,None,None
2025-11-07T22:14:18.935459,99.512,None,None,None,None,None,None,None,None,None,None,None,0.7,0.0,0.0,0.0,0.0,0.0,0.0,180.0,None,None,None
2025-11-07T22:14:18.936155,99.513,None,None,None,None,None,None,None,None,None,None,None,0.7,0.0,0.0,0.0,0.0,0.0,0.0,180.0,None,None,None
2025-11-07T22:14:18.936940,99.514,None,None,None,None,None,None,None,None,None,None,None,0.7,0.0,0.0,0.0,0.0,0.0,0.0,180.0,None,None,None
2025-11-07T22:14:18.937713,99.515,None,None,None,None,None,None,None,None,None,None,None,0.7,0.0,0.0,0.0,0.0,0.0,0.0,180.0,None,None,None
2025-11-07T22:14:19.444346,100.021,None,None,None,None,None,None,None,None,None,None,None,0.7,0.0,0.0,0.0,0.0,0.0,0.0,180.0,None,None,None
2025-11-07T22:14:19.445401,100.022,None,None,None,None,None,None,None,None,None,None,None,0.7,0.0,0.0,0.0,0.0,0.0,0.0,180.0,None,None,None
2025-11-07T22:14:19.446593,100.023,None,None,None,None,None,None,None,None,None,None,None,0.7,0.0,0.0,0.0,0.0,0.0,0.0,180.0,None,None,None
2025-11-07T22:14:19.447868,100.025,None,None,None,None,None,None,None,None,None,None,None,0.7,0.0,0.0,0.0,0.0,0.0,0.0,180.0,None,None,None
2025-11-07T22:14:19.449935,100.027,None,None,None,None,None,None,None,None,None,None,None,0.7,0.0,0.0,0.0,0.0,0.0,0.0,180.0,None,None,None
2025-11-07T22:14:19.451936,100.029,None,None,None,None,None,None,None,None,None,None,None,0.7,0.0,0.0,0.0,0.0,0.0,0.0,180.0,None,None,None
2025-11-07T22:14:19.452969,100.030,None,None,None,None,None,None,None,None,None,None,None,0.7,0.0,0.0,0.0,0.0,0.0,0.0,180.0,None,None,None
2025-11-07T22:14:19.453859,100.031,None,None,None,None,None,None,None,None,None,None,None,0.7,0.0,0.0,0.0,0.0,0.0,0.0,180.0,None,None,None
2025-11-07T22:14:19.454784,100.032,None,None,None,None,None,None,None,None,None,None,None,0.7,0.0,0.0,0.0,0.0,0.0,0.0,180.0,None,None,None
2025-11-07T22:14:19.945585,100.522,None,None,None,None,None,None,None,None,None,None,None,0.7,0.0,0.0,0.0,0.0,0.0,0.0,180.0,None,None,None
2025-11-07T22:14:19.946720,100.524,None,None,None,None,None,None,None,None,None,None,None,0.7,0.0,0.0,0.0,0.0,0.0,0.0,180.0,None,None,None
2025-11-07T22:14:19.954186,100.531,None,None,None,None,None,None,None,None,None,None,None,0.7,0.0,0.0,0.0,0.0,0.0,0.0,180.0,None,None,None
2025-11-07T22:14:19.955505,100.532,None,None,None,None,None,None,None,None,None,None,None,0.7,0.0,0.0,0.0,0.0,0.0,0.0,180.0,None,None,None
2025-11-07T22:14:19.956577,100.533,None,None,None,None,None,None,None,None,None,None,None,0.7,0.0,0.0,0.0,0.0,0.0,0.0,180.0,None,None,None
2025-11-07T22:14:19.957560,100.534,None,None,None,None,None,None,None,None,None,None,None,0.7,0.0,0.0,0.0,0.0,0.0,0.0,180.0,None,None,None
2025-11-07T22:14:19.958485,100.535,None,None,None,None,None,None,None,None,None,None,None,0.7,0.0,0.0,0.0,0.0,0.0,0.0,180.0,None,None,None
2025-11-07T22:14:19.959511,100.536,None,None,None,None,None,None,None,None,None,None,None,0.7,0.0,0.0,0.0,0.0,0.0,0.0,180.0,None,None,None
2025-11-07T22:14:19.961386,100.538,None,None,None,None,None,None,None,None,None,None,None,0.7,0.0,0.0,0.0,0.0,0.0,0.0,180.0,None,None,None
2025-11-07T22:14:20.481200,101.058,None,None,None,None,None,None,None,None,None,None,None,0.7,0.0,0.0,0.0,0.0,0.0,0.0,180.0,None,None,None
2025-11-07T22:14:20.482193,101.059,None,None,None,None,None,None,None,None,None,None,None,0.7,0.0,0.0,0.0,0.0,0.0,0.0,180.0,None,None,None
2025-11-07T22:14:20.482841,101.060,None,None,None,None,None,None,None,None,None,None,None,0.7,0.0,0.0,0.0,0.0,0.0,0.0,180.0,None,None,None
2025-11-07T22:14:20.483506,101.060,None,None,None,None,None,None,None,None,None,None,None,0.7,0.0,0.0,0.0,0.0,0.0,0.0,180.0,None,None,None
2025-11-07T22:14:20.484154,101.061,None,None,None,None,None,None,None,None,None,None,None,0.7,0.0,0.0,0.0,0.0,0.0,0.0,180.0,None,None,None
2025-11-07T22:14:20.484786,101.062,None,None,None,None,None,None,None,None,None,None,None,0.7,0.0,0.0,0.0,0.0,0.0,0.0,180.0,None,None,None
2025-11-07T22:14:20.485426,101.062,None,None,None,None,None,None,None,None,None,None,None,0.7,0.0,0.0,0.0,0.0,0.0,0.0,180.0,None,None,None
2025-11-07T22:14:20.486107,101.063,None,None,None,None,None,None,None,None,None,None,None,0.7,0.0,0.0,0.0,0.0,0.0,0.0,180.0,None,None,None
2025-11-07T22:14:20.487005,101.064,None,None,None,None,None,None,None,None,None,None,None,0.7,0.0,0.0,0.0,0.0,0.0,0.0,180.0,None,None,None
2025-11-07T22:14:20.994622,101.571,None,None,None,None,None,None,None,None,None,None,None,0.7,0.0,0.0,0.0,0.0,0.0,0.0,180.0,None,None,None
2025-11-07T22:14:20.995403,101.572,None,None,None,None,None,None,None,None,None,None,None,0.7,0.0,0.0,0.0,0.0,0.0,0.0,180.0,None,None,None
2025-11-07T22:14:20.996084,101.573,None,None,None,None,None,None,None,None,None,None,None,0.7,0.0,0.0,0.0,0.0,0.0,0.0,180.0,None,None,None
2025-11-07T22:14:20.996763,101.574,None,None,None,None,None,None,None,None,None,None,None,0.7,0.0,0.0,0.0,0.0,0.0,0.0,180.0,None,None,None
2025-11-07T22:14:20.997390,101.574,None,None,None,None,None,None,None,None,None,None,None,0.7,0.0,0.0,0.0,0.0,0.0,0.0,180.0,None,None,None
2025-11-07T22:14:20.997949,101.575,None,None,None,None,None,None,None,None,None,None,None,0.7,0.0,0.0,0.0,0.0,0.0,0.0,180.0,None,None,None
2025-11-07T22:14:20.998620,101.575,None,None,None,None,None,None,None,None,None,None,None,0.7,0.0,0.0,0.0,0.0,0.0,0.0,180.0,None,None,None
2025-11-07T22:14:20.999451,101.576,None,None,None,None,None,None,None,None,None,None,None,0.7,0.0,0.0,0.0,0.0,0.0,0.0,180.0,None,None,None
2025-11-07T22:14:21.000522,101.577,None,None,None,None,None,None,None,None,None,None,None,0.7,0.0,0.0,0.0,0.0,0.0,0.0,180.0,None,None,None
2025-11-07T22:14:21.525404,102.102,None,None,None,None,None,None,None,None,None,None,None,0.7,0.0,0.0,0.0,0.0,0.0,0.0,180.0,None,None,None
2025-11-07T22:14:21.526347,102.103,None,None,None,None,None,None,None,None,None,None,None,0.7,0.0,0.0,0.0,0.0,0.0,0.0,180.0,None,None,None
2025-11-07T22:14:21.527116,102.104,None,None,None,None,None,None,None,None,None,None,None,0.7,0.0,0.0,0.0,0.0,0.0,0.0,180.0,None,None,None
2025-11-07T22:14:21.527806,102.105,None,None,None,None,None,None,None,None,None,None,None,0.7,0.0,0.0,0.0,0.0,0.0,0.0,180.0,None,None,None
2025-11-07T22:14:21.528461,102.105,None,None,None,None,None,None,None,None,None,None,None,0.7,0.0,0.0,0.0,0.0,0.0,0.0,180.0,None,None,None
2025-11-07T22:14:21.529104,102.106,None,None,None,None,None,None,None,None,None,None,None,0.7,0.0,0.0,0.0,0.0,0.0,0.0,180.0,None,None,None
2025-11-07T22:14:21.529766,102.107,None,None,None,None,None,None,None,None,None,None,None,0.7,0.0,0.0,0.0,0.0,0.0,0.0,180.0,None,None,None
2025-11-07T22:14:21.530776,102.108,None,None,None,None,None,None,None,None,None,None,None,0.7,0.0,0.0,0.0,0.0,0.0,0.0,180.0,None,None,None
2025-11-07T22:14:21.531608,102.108,None,None,None,None,None,None,None,None,None,None,None,0.7,0.0,0.0,0.0,0.0,0.0,0.0,180.0,None,None,None
2025-11-07T22:14:21.532380,102.109,None,None,None,None,None,None,None,None,None,None,None,0.7,0.0,0.0,0.0,0.0,0.0,0.0,180.0,None,None,None
2025-11-07T22:14:21.985055,102.562,None,None,None,None,None,None,None,None,None,None,None,0.7,0.0,0.0,0.0,0.0,0.0,0.0,180.0,None,None,None
2025-11-07T22:14:21.986037,102.563,None,None,None,None,None,None,None,None,None,None,None,0.7,0.0,0.0,0.0,0.0,0.0,0.0,180.0,None,None,None
2025-11-07T22:14:21.986773,102.564,None,None,None,None,None,None,None,None,None,None,None,0.7,0.0,0.0,0.0,0.0,0.0,0.0,180.0,None,None,None
2025-11-07T22:14:21.987295,102.564,None,None,None,None,None,None,None,None,None,None,None,0.7,0.0,0.0,0.0,0.0,0.0,0.0,180.0,None,None,None
2025-11-07T22:14:21.987803,102.565,None,None,None,None,None,None,None,None,None,None,None,0.7,0.0,0.0,0.0,0.0,0.0,0.0,180.0,None,None,None
2025-11-07T22:14:21.988326,102.565,None,None,None,None,None,None,None,None,None,None,None,0.7,0.0,0.0,0.0,0.0,0.0,0.0,180.0,None,None,None
2025-11-07T22:14:21.988847,102.566,None,None,None,None,None,None,None,None,None,None,None,0.7,0.0,0.0,0.0,0.0,0.0,0.0,180.0,None,None,None
2025-11-07T22:14:22.428307,103.005,None,None,None,None,None,None,None,None,None,None,None,0.7,0.0,0.0,0.0,0.0,0.0,0.0,180.0,None,None,None
2025-11-07T22:14:22.429041,103.006,None,None,None,None,None,None,None,None,None,None,None,0.7,0.0,0.0,0.0,0.0,0.0,0.0,180.0,None,None,None
2025-11-07T22:14:22.429658,103.006,None,None,None,None,None,None,None,None,None,None,None,0.7,0.0,0.0,0.0,0.0,0.0,0.0,180.0,None,None,None
2025-11-07T22:14:22.430254,103.007,None,None,None,None,None,None,None,None,None,None,None,0.7,0.0,0.0,0.0,0.0,0.0,0.0,180.0,None,None,None
2025-11-07T22:14:22.431010,103.008,None,None,None,None,None,None,None,None,None,None,None,0.7,0.0,0.0,0.0,0.0,0.0,0.0,180.0,None,None,None
2025-11-07T22:14:22.431876,103.009,None,None,None,None,None,None,None,None,None,None,None,0.7,0.0,0.0,0.0,0.0,0.0,0.0,180.0,None,None,None
2025-11-07T22:14:22.432643,103.009,None,None,None,None,None,None,None,None,None,None,None,0.7,0.0,0.0,0.0,0.0,0.0,0.0,180.0,None,None,None
2025-11-07T22:14:22.433532,103.010,None,None,None,None,None,None,None,None,None,None,None,0.7,0.0,0.0,0.0,0.0,0.0,0.0,180.0,None,None,None
2025-11-07T22:14:22.434429,103.011,None,None,None,None,None,None,None,None,None,None,None,0.7,0.0,0.0,0.0,0.0,0.0,0.0,180.0,None,None,None
2025-11-07T22:14:22.871812,103.449,None,None,None,None,None,None,None,None,None,None,None,0.7,0.0,0.0,0.0,0.0,0.0,0.0,180.0,None,None,None
2025-11-07T22:14:22.872889,103.450,None,None,None,None,None,None,None,None,None,None,None,0.7,0.0,0.0,0.0,0.0,0.0,0.0,180.0,None,None,None
2025-11-07T22:14:22.873694,103.451,None,None,None,None,None,None,None,None,None,None,None,0.7,0.0,0.0,0.0,0.0,0.0,0.0,180.0,None,None,None
2025-11-07T22:14:22.874662,103.451,None,None,None,None,None,None,None,None,None,None,None,0.7,0.0,0.0,0.0,0.0,0.0,0.0,180.0,None,None,None
2025-11-07T22:14:22.875425,103.452,None,None,None,None,None,None,None,None,None,None,None,0.7,0.0,0.0,0.0,0.0,0.0,0.0,180.0,None,None,None
2025-11-07T22:14:22.876169,103.453,None,None,None,None,None,None,None,None,None,None,None,0.7,0.0,0.0,0.0,0.0,0.0,0.0,180.0,None,None,None
2025-11-07T22:14:22.876913,103.454,None,None,None,None,None,None,None,None,None,None,None,0.7,0.0,0.0,0.0,0.0,0.0,0.0,180.0,None,None,None
2025-11-07T22:14:23.355165,103.932,None,None,None,None,None,None,None,None,None,None,None,0.7,0.0,0.0,0.0,0.0,0.0,0.0,180.0,None,None,None
2025-11-07T22:14:23.356097,103.933,None,None,None,None,None,None,None,None,None,None,None,0.7,0.0,0.0,0.0,0.0,0.0,0.0,180.0,None,None,None
2025-11-07T22:14:23.357337,103.934,None,None,None,None,None,None,None,None,None,None,None,0.7,0.0,0.0,0.0,0.0,0.0,0.0,180.0,None,None,None
2025-11-07T22:14:23.358251,103.935,None,None,None,None,None,None,None,None,None,None,None,0.7,0.0,0.0,0.0,0.0,0.0,0.0,180.0,None,None,None
2025-11-07T22:14:23.359058,103.936,None,None,None,None,None,None,None,None,None,None,None,0.7,0.0,0.0,0.0,0.0,0.0,0.0,180.0,None,None,None
2025-11-07T22:14:23.359886,103.937,None,None,None,None,None,None,None,None,None,None,None,0.7,0.0,0.0,0.0,0.0,0.0,0.0,180.0,None,None,None
2025-11-07T22:14:23.360856,103.938,None,None,None,None,None,None,None,None,None,None,None,0.7,0.0,0.0,0.0,0.0,0.0,0.0,180.0,None,None,None
2025-11-07T22:14:23.361623,103.938,None,None,None,None,None,None,None,None,None,None,None,0.7,0.0,0.0,0.0,0.0,0.0,0.0,180.0,None,None,None
2025-11-07T22:14:23.362353,103.939,None,None,None,None,None,None,None,None,None,None,None,0.7,0.0,0.0,0.0,0.0,0.0,0.0,180.0,None,None,None
2025-11-07T22:14:24.019779,104.597,None,None,None,None,None,None,None,None,None,None,None,0.7,0.0,0.0,0.0,0.0,0.0,0.0,180.0,None,None,None
2025-11-07T22:14:24.020648,104.597,None,None,None,None,None,None,None,None,None,None,None,0.7,0.0,0.0,0.0,0.0,0.0,0.0,180.0,None,None,None
2025-11-07T22:14:24.021260,104.598,None,None,None,None,None,None,None,None,None,None,None,0.7,0.0,0.0,0.0,0.0,0.0,0.0,180.0,None,None,None
2025-11-07T22:14:24.021826,104.599,None,None,None,None,None,None,None,None,None,None,None,0.7,0.0,0.0,0.0,0.0,0.0,0.0,180.0,None,None,None
2025-11-07T22:14:24.022384,104.599,None,None,None,None,None,None,None,None,None,None,None,0.7,0.0,0.0,0.0,0.0,0.0,0.0,180.0,None,None,None
2025-11-07T22:14:24.022965,104.600,None,None,None,None,None,None,None,None,None,None,None,0.7,0.0,0.0,0.0,0.0,0.0,0.0,180.0,None,None,None
2025-11-07T22:14:24.023846,104.601,None,None,None,None,None,None,None,None,None,None,None,0.7,0.0,0.0,0.0,0.0,0.0,0.0,180.0,None,None,None
2025-11-07T22:14:24.024692,104.602,None,None,None,None,None,None,None,None,None,None,None,0.7,0.0,0.0,0.0,0.0,0.0,0.0,180.0,None,None,None
2025-11-07T22:14:24.026713,104.604,None,None,None,None,None,None,None,None,None,None,None,0.7,0.0,0.0,0.0,0.0,0.0,0.0,180.0,None,None,None
2025-11-07T22:14:24.028115,104.605,None,None,None,None,None,None,None,None,None,None,None,0.7,0.0,0.0,0.0,0.0,0.0,0.0,180.0,None,None,None
2025-11-07T22:14:24.029358,104.606,None,None,None,None,None,None,None,None,None,None,None,0.7,0.0,0.0,0.0,0.0,0.0,0.0,180.0,None,None,None
2025-11-07T22:14:24.030108,104.607,None,None,None,None,None,None,None,None,None,None,None,0.7,0.0,0.0,0.0,0.0,0.0,0.0,180.0,None,None,None
2025-11-07T22:14:24.030910,104.608,None,None,None,None,None,None,None,None,None,None,None,0.7,0.0,0.0,0.0,0.0,0.0,0.0,180.0,None,None,None
2025-11-07T22:14:24.565896,105.143,None,None,None,None,None,None,None,None,None,None,None,0.7,0.0,0.0,0.0,0.0,0.0,0.0,180.0,None,None,None
2025-11-07T22:14:24.566814,105.144,None,None,None,None,None,None,None,None,None,None,None,0.7,0.0,0.0,0.0,0.0,0.0,0.0,180.0,None,None,None
2025-11-07T22:14:24.567393,105.144,None,None,None,None,None,None,None,None,None,None,None,0.7,0.0,0.0,0.0,0.0,0.0,0.0,180.0,None,None,None
2025-11-07T22:14:24.567944,105.145,None,None,None,None,None,None,None,None,None,None,None,0.7,0.0,0.0,0.0,0.0,0.0,0.0,180.0,None,None,None
2025-11-07T22:14:24.568447,105.145,None,None,None,None,None,None,None,None,None,None,None,0.7,0.0,0.0,0.0,0.0,0.0,0.0,180.0,None,None,None
2025-11-07T22:14:24.568929,105.146,None,None,None,None,None,None,None,None,None,None,None,0.7,0.0,0.0,0.0,0.0,0.0,0.0,180.0,None,None,None
2025-11-07T22:14:24.569441,105.146,None,None,None,None,None,None,None,None,None,None,None,0.7,0.0,0.0,0.0,0.0,0.0,0.0,180.0,None,None,None
2025-11-07T22:14:24.569964,105.147,None,None,None,None,None,None,None,None,None,None,None,0.7,0.0,0.0,0.0,0.0,0.0,0.0,180.0,None,None,None
2025-11-07T22:14:25.031480,105.608,None,None,None,None,None,None,None,None,None,None,None,0.7,0.0,0.0,0.0,0.0,0.0,0.0,180.0,None,None,None
2025-11-07T22:14:25.032362,105.609,None,None,None,None,None,None,None,None,None,None,None,0.7,0.0,0.0,0.0,0.0,0.0,0.0,180.0,None,None,None
2025-11-07T22:14:25.039966,105.617,None,None,None,None,None,None,None,None,None,None,None,0.7,0.0,0.0,0.0,0.0,0.0,0.0,180.0,None,None,None
2025-11-07T22:14:25.040584,105.617,None,None,None,None,None,None,None,None,None,None,None,0.7,0.0,0.0,0.0,0.0,0.0,0.0,180.0,None,None,None
2025-11-07T22:14:25.041072,105.618,None,None,None,None,None,None,None,None,None,None,None,0.7,0.0,0.0,0.0,0.0,0.0,0.0,180.0,None,None,None
2025-11-07T22:14:25.041526,105.618,None,None,None,None,None,None,None,None,None,None,None,0.7,0.0,0.0,0.0,0.0,0.0,0.0,180.0,None,None,None
2025-11-07T22:14:25.042007,105.619,None,None,None,None,None,None,None,None,None,None,None,0.7,0.0,0.0,0.0,0.0,0.0,0.0,180.0,None,None,None
2025-11-07T22:14:25.042747,105.620,None,None,None,None,None,None,None,None,None,None,None,0.7,0.0,0.0,0.0,0.0,0.0,0.0,180.0,None,None,None
2025-11-07T22:14:25.043601,105.620,None,None,None,None,None,None,None,None,None,None,None,0.7,0.0,0.0,0.0,0.0,0.0,0.0,180.0,None,None,None
2025-11-07T22:14:25.479027,106.056,None,None,None,None,None,None,None,None,None,None,None,0.7,0.0,0.0,0.0,0.0,0.0,0.0,180.0,None,None,None
2025-11-07T22:14:25.479738,106.057,None,None,None,None,None,None,None,None,None,None,None,0.7,0.0,0.0,0.0,0.0,0.0,0.0,180.0,None,None,None
2025-11-07T22:14:25.480315,106.057,None,None,None,None,None,None,None,None,None,None,None,0.7,0.0,0.0,0.0,0.0,0.0,0.0,180.0,None,None,None
2025-11-07T22:14:25.480987,106.058,None,None,None,None,None,None,None,None,None,None,None,0.7,0.0,0.0,0.0,0.0,0.0,0.0,180.0,None,None,None
2025-11-07T22:14:25.481589,106.058,None,None,None,None,None,None,None,None,None,None,None,0.7,0.0,0.0,0.0,0.0,0.0,0.0,180.0,None,None,None
2025-11-07T22:14:25.482165,106.059,None,None,None,None,None,None,None,None,None,None,None,0.7,0.0,0.0,0.0,0.0,0.0,0.0,180.0,None,None,None
2025-11-07T22:14:25.482784,106.060,None,None,None,None,None,None,None,None,None,None,None,0.7,0.0,0.0,0.0,0.0,0.0,0.0,180.0,None,None,None
2025-11-07T22:14:25.968148,106.545,None,None,None,None,None,None,None,None,None,None,None,0.7,0.0,0.0,0.0,0.0,0.0,0.0,180.0,None,None,None
2025-11-07T22:14:25.968940,106.546,None,None,None,None,None,None,None,None,None,None,None,0.7,0.0,0.0,0.0,0.0,0.0,0.0,180.0,None,None,None
2025-11-07T22:14:25.969550,106.546,None,None,None,None,None,None,None,None,None,None,None,0.7,0.0,0.0,0.0,0.0,0.0,0.0,180.0,None,None,None
2025-11-07T22:14:25.970104,106.547,None,None,None,None,None,None,None,None,None,None,None,0.7,0.0,0.0,0.0,0.0,0.0,0.0,180.0,None,None,None
2025-11-07T22:14:25.970602,106.547,None,None,None,None,None,None,None,None,None,None,None,0.7,0.0,0.0,0.0,0.0,0.0,0.0,180.0,None,None,None
2025-11-07T22:14:25.971097,106.548,None,None,None,None,None,None,None,None,None,None,None,0.7,0.0,0.0,0.0,0.0,0.0,0.0,180.0,None,None,None
2025-11-07T22:14:25.971636,106.548,None,None,None,None,None,None,None,None,None,None,None,0.7,0.0,0.0,0.0,0.0,0.0,0.0,180.0,None,None,None
2025-11-07T22:14:25.972153,106.549,None,None,None,None,None,None,None,None,None,None,None,0.7,0.0,0.0,0.0,0.0,0.0,0.0,180.0,None,None,None
2025-11-07T22:14:25.972702,106.550,None,None,None,None,None,None,None,None,None,None,None,0.7,0.0,0.0,0.0,0.0,0.0,0.0,180.0,None,None,None
2025-11-07T22:14:26.408894,106.986,None,None,None,None,None,None,None,None,None,None,None,0.7,0.0,0.0,0.0,0.0,0.0,0.0,180.0,None,None,None
2025-11-07T22:14:26.409797,106.987,None,None,None,None,None,None,None,None,None,None,None,0.7,0.0,0.0,0.0,0.0,0.0,0.0,180.0,None,None,None
2025-11-07T22:14:26.410432,106.987,None,None,None,None,None,None,None,None,None,None,None,0.7,0.0,0.0,0.0,0.0,0.0,0.0,180.0,None,None,None
2025-11-07T22:14:26.410996,106.988,None,None,None,None,None,None,None,None,None,None,None,0.7,0.0,0.0,0.0,0.0,0.0,0.0,180.0,None,None,None
2025-11-07T22:14:26.411458,106.988,None,None,None,None,None,None,None,None,None,None,None,0.7,0.0,0.0,0.0,0.0,0.0,0.0,180.0,None,None,None
2025-11-07T22:14:26.411927,106.989,None,None,None,None,None,None,None,None,None,None,None,0.7,0.0,0.0,0.0,0.0,0.0,0.0,180.0,None,None,None
2025-11-07T22:14:26.412442,106.989,None,None,None,None,None,None,None,None,None,None,None,0.7,0.0,0.0,0.0,0.0,0.0,0.0,180.0,None,None,None
2025-11-07T22:14:26.828773,107.406,None,None,None,None,None,None,None,None,None,None,None,0.7,0.0,0.0,0.0,0.0,0.0,0.0,180.0,None,None,None
2025-11-07T22:14:26.829631,107.406,None,None,None,None,None,None,None,None,None,None,None,0.7,0.0,0.0,0.0,0.0,0.0,0.0,180.0,None,None,None
2025-11-07T22:14:26.830224,107.407,None,None,None,None,None,None,None,None,None,None,None,0.7,0.0,0.0,0.0,0.0,0.0,0.0,180.0,None,None,None
2025-11-07T22:14:26.830810,107.408,None,None,None,None,None,None,None,None,None,None,None,0.7,0.0,0.0,0.0,0.0,0.0,0.0,180.0,None,None,None
2025-11-07T22:14:26.831370,107.408,None,None,None,None,None,None,None,None,None,None,None,0.7,0.0,0.0,0.0,0.0,0.0,0.0,180.0,None,None,None
2025-11-07T22:14:26.831999,107.409,None,None,None,None,None,None,None,None,None,None,None,0.7,0.0,0.0,0.0,0.0,0.0,0.0,180.0,None,None,None
2025-11-07T22:14:26.832626,107.409,None,None,None,None,None,None,None,None,None,None,None,0.7,0.0,0.0,0.0,0.0,0.0,0.0,180.0,None,None,None
2025-11-07T22:14:26.833218,107.410,None,None,None,None,None,None,None,None,None,None,None,0.7,0.0,0.0,0.0,0.0,0.0,0.0,180.0,None,None,None
2025-11-07T22:14:26.833817,107.411,None,None,None,None,None,None,None,None,None,None,None,0.7,0.0,0.0,0.0,0.0,0.0,0.0,180.0,None,None,None
2025-11-07T22:14:27.290798,107.868,None,None,None,None,None,None,None,None,None,None,None,0.7,0.0,0.0,0.0,0.0,0.0,0.0,180.0,None,None,None
2025-11-07T22:14:27.291679,107.868,None,None,None,None,None,None,None,None,None,None,None,0.7,0.0,0.0,0.0,0.0,0.0,0.0,180.0,None,None,None
2025-11-07T22:14:27.292308,107.869,None,None,None,None,None,None,None,None,None,None,None,0.7,0.0,0.0,0.0,0.0,0.0,0.0,180.0,None,None,None
2025-11-07T22:14:27.292884,107.870,None,None,None,None,None,None,None,None,None,None,None,0.7,0.0,0.0,0.0,0.0,0.0,0.0,180.0,None,None,None
2025-11-07T22:14:27.293449,107.870,None,None,None,None,None,None,None,None,None,None,None,0.7,0.0,0.0,0.0,0.0,0.0,0.0,180.0,None,None,None
2025-11-07T22:14:27.294005,107.871,None,None,None,None,None,None,None,None,None,None,None,0.7,0.0,0.0,0.0,0.0,0.0,0.0,180.0,None,None,None
2025-11-07T22:14:27.294565,107.871,None,None,None,None,None,None,None,None,None,None,None,0.7,0.0,0.0,0.0,0.0,0.0,0.0,180.0,None,None,None
2025-11-07T22:14:27.755255,108.332,None,None,None,None,None,None,None,None,None,None,None,0.7,0.0,0.0,0.0,0.0,0.0,0.0,180.0,None,None,None
2025-11-07T22:14:27.756073,108.333,None,None,None,None,None,None,None,None,None,None,None,0.7,0.0,0.0,0.0,0.0,0.0,0.0,180.0,None,None,None
2025-11-07T22:14:27.756726,108.334,None,None,None,None,None,None,None,None,None,None,None,0.7,0.0,0.0,0.0,0.0,0.0,0.0,180.0,None,None,None
2025-11-07T22:14:27.757328,108.334,None,None,None,None,None,None,None,None,None,None,None,0.7,0.0,0.0,0.0,0.0,0.0,0.0,180.0,None,None,None
2025-11-07T22:14:27.757939,108.335,None,None,None,None,None,None,None,None,None,None,None,0.7,0.0,0.0,0.0,0.0,0.0,0.0,180.0,None,None,None
2025-11-07T22:14:27.758523,108.335,None,None,None,None,None,None,None,None,None,None,None,0.7,0.0,0.0,0.0,0.0,0.0,0.0,180.0,None,None,None
2025-11-07T22:14:27.759147,108.336,None,None,None,None,None,None,None,None,None,None,None,0.7,0.0,0.0,0.0,0.0,0.0,0.0,180.0,None,None,None
2025-11-07T22:14:27.759771,108.337,None,None,None,None,None,None,None,None,None,None,None,0.7,0.0,0.0,0.0,0.0,0.0,0.0,180.0,None,None,None
2025-11-07T22:14:27.760596,108.337,None,None,None,None,None,None,None,None,None,None,None,0.7,0.0,0.0,0.0,0.0,0.0,0.0,180.0,None,None,None
2025-11-07T22:14:28.238990,108.816,None,None,None,None,None,None,None,None,None,None,None,0.7,0.0,0.0,0.0,0.0,0.0,0.0,180.0,None,None,None
2025-11-07T22:14:28.239853,108.817,None,None,None,None,None,None,None,None,None,None,None,0.7,0.0,0.0,0.0,0.0,0.0,0.0,180.0,None,None,None
2025-11-07T22:14:28.240515,108.817,None,None,None,None,None,None,None,None,None,None,None,0.7,0.0,0.0,0.0,0.0,0.0,0.0,180.0,None,None,None
2025-11-07T22:14:28.241143,108.818,None,None,None,None,None,None,None,None,None,None,None,0.7,0.0,0.0,0.0,0.0,0.0,0.0,180.0,None,None,None
2025-11-07T22:14:28.241822,108.819,None,None,None,None,None,None,None,None,None,None,None,0.7,0.0,0.0,0.0,0.0,0.0,0.0,180.0,None,None,None
2025-11-07T22:14:28.242452,108.819,None,None,None,None,None,None,None,None,None,None,None,0.7,0.0,0.0,0.0,0.0,0.0,0.0,180.0,None,None,None
2025-11-07T22:14:28.243068,108.820,None,None,None,None,None,None,None,None,None,None,None,0.7,0.0,0.0,0.0,0.0,0.0,0.0,180.0,None,None,None
2025-11-07T22:14:28.243678,108.820,None,None,None,None,None,None,None,None,None,None,None,0.7,0.0,0.0,0.0,0.0,0.0,0.0,180.0,None,None,None
2025-11-07T22:14:28.244509,108.821,None,None,None,None,None,None,None,None,None,None,None,0.7,0.0,0.0,0.0,0.0,0.0,0.0,180.0,None,None,None
2025-11-07T22:14:28.719168,109.296,None,None,None,None,None,None,None,None,None,None,None,0.7,0.0,0.0,0.0,0.0,0.0,0.0,180.0,None,None,None
2025-11-07T22:14:28.719936,109.297,None,None,None,None,None,None,None,None,None,None,None,0.7,0.0,0.0,0.0,0.0,0.0,0.0,180.0,None,None,None
2025-11-07T22:14:28.720594,109.297,None,None,None,None,None,None,None,None,None,None,None,0.7,0.0,0.0,0.0,0.0,0.0,0.0,180.0,None,None,None
2025-11-07T22:14:28.721194,109.298,None,None,None,None,None,None,None,None,None,None,None,0.7,0.0,0.0,0.0,0.0,0.0,0.0,180.0,None,None,None
2025-11-07T22:14:28.721821,109.299,None,None,None,None,None,None,None,None,None,None,None,0.7,0.0,0.0,0.0,0.0,0.0,0.0,180.0,None,None,None
2025-11-07T22:14:28.722428,109.299,None,None,None,None,None,None,None,None,None,None,None,0.7,0.0,0.0,0.0,0.0,0.0,0.0,180.0,None,None,None
2025-11-07T22:14:28.723016,109.300,None,None,None,None,None,None,None,None,None,None,None,0.7,0.0,0.0,0.0,0.0,0.0,0.0,180.0,None,None,None
2025-11-07T22:14:29.189116,109.766,None,None,None,None,None,None,None,None,None,None,None,0.7,0.0,0.0,0.0,0.0,0.0,0.0,180.0,None,None,None
2025-11-07T22:14:29.189871,109.767,None,None,None,None,None,None,None,None,None,None,None,0.7,0.0,0.0,0.0,0.0,0.0,0.0,180.0,None,None,None
2025-11-07T22:14:29.190497,109.767,None,None,None,None,None,None,None,None,None,None,None,0.7,0.0,0.0,0.0,0.0,0.0,0.0,180.0,None,None,None
2025-11-07T22:14:29.191087,109.768,None,None,None,None,None,None,None,None,None,None,None,0.7,0.0,0.0,0.0,0.0,0.0,0.0,180.0,None,None,None
2025-11-07T22:14:29.191766,109.769,None,None,None,None,None,None,None,None,None,None,None,0.7,0.0,0.0,0.0,0.0,0.0,0.0,180.0,None,None,None
2025-11-07T22:14:29.192351,109.769,None,None,None,None,None,None,None,None,None,None,None,0.7,0.0,0.0,0.0,0.0,0.0,0.0,180.0,None,None,None
2025-11-07T22:14:29.192944,109.770,None,None,None,None,None,None,None,None,None,None,None,0.7,0.0,0.0,0.0,0.0,0.0,0.0,180.0,None,None,None
2025-11-07T22:14:29.193518,109.770,None,None,None,None,None,None,None,None,None,None,None,0.7,0.0,0.0,0.0,0.0,0.0,0.0,180.0,None,None,None
2025-11-07T22:14:29.194257,109.771,None,None,None,None,None,None,None,None,None,None,None,0.7,0.0,0.0,0.0,0.0,0.0,0.0,180.0,None,None,None
2025-11-07T22:14:29.667932,110.245,None,None,None,None,None,None,None,None,None,None,None,0.7,0.0,0.0,0.0,0.0,0.0,0.0,180.0,None,None,None
2025-11-07T22:14:29.668835,110.246,None,None,None,None,None,None,None,None,None,None,None,0.7,0.0,0.0,0.0,0.0,0.0,0.0,180.0,None,None,None
2025-11-07T22:14:29.669502,110.246,None,None,None,None,None,None,None,None,None,None,None,0.7,0.0,0.0,0.0,0.0,0.0,0.0,180.0,None,None,None
2025-11-07T22:14:29.670105,110.247,None,None,None,None,None,None,None,None,None,None,None,0.7,0.0,0.0,0.0,0.0,0.0,0.0,180.0,None,None,None
2025-11-07T22:14:29.670840,110.248,None,None,None,None,None,None,None,None,None,None,None,0.7,0.0,0.0,0.0,0.0,0.0,0.0,180.0,None,None,None
2025-11-07T22:14:29.671458,110.248,None,None,None,None,None,None,None,None,None,None,None,0.7,0.0,0.0,0.0,0.0,0.0,0.0,180.0,None,None,None
2025-11-07T22:14:29.672058,110.249,None,None,None,None,None,None,None,None,None,None,None,0.7,0.0,0.0,0.0,0.0,0.0,0.0,180.0,None,None,None
2025-11-07T22:14:29.672650,110.249,None,None,None,None,None,None,None,None,None,None,None,0.7,0.0,0.0,0.0,0.0,0.0,0.0,180.0,None,None,None
2025-11-07T22:14:29.673451,110.250,None,None,None,None,None,None,None,None,None,None,None,0.7,0.0,0.0,0.0,0.0,0.0,0.0,180.0,None,None,None
2025-11-07T22:14:30.155724,110.733,None,None,None,None,None,None,None,None,None,None,None,0.7,0.0,0.0,0.0,0.0,0.0,0.0,180.0,None,None,None
2025-11-07T22:14:30.156522,110.733,None,None,None,None,None,None,None,None,None,None,None,0.7,0.0,0.0,0.0,0.0,0.0,0.0,180.0,None,None,None
2025-11-07T22:14:30.157182,110.734,None,None,None,None,None,None,None,None,None,None,None,0.7,0.0,0.0,0.0,0.0,0.0,0.0,180.0,None,None,None
2025-11-07T22:14:30.157820,110.735,None,None,None,None,None,None,None,None,None,None,None,0.7,0.0,0.0,0.0,0.0,0.0,0.0,180.0,None,None,None
2025-11-07T22:14:30.158462,110.735,None,None,None,None,None,None,None,None,None,None,None,0.7,0.0,0.0,0.0,0.0,0.0,0.0,180.0,None,None,None
2025-11-07T22:14:30.159086,110.736,None,None,None,None,None,None,None,None,None,None,None,0.7,0.0,0.0,0.0,0.0,0.0,0.0,180.0,None,None,None
2025-11-07T22:14:30.159699,110.737,None,None,None,None,None,None,None,None,None,None,None,0.7,0.0,0.0,0.0,0.0,0.0,0.0,180.0,None,None,None
2025-11-07T22:14:30.160303,110.737,None,None,None,None,None,None,None,None,None,None,None,0.7,0.0,0.0,0.0,0.0,0.0,0.0,180.0,None,None,None
2025-11-07T22:14:30.160900,110.738,None,None,None,None,None,None,None,None,None,None,None,0.7,0.0,0.0,0.0,0.0,0.0,0.0,180.0,None,None,None
2025-11-07T22:14:30.634718,111.212,None,None,None,None,None,None,None,None,None,None,None,0.7,0.0,0.0,0.0,0.0,0.0,0.0,180.0,None,None,None
2025-11-07T22:14:30.635618,111.212,None,None,None,None,None,None,None,None,None,None,None,0.7,0.0,0.0,0.0,0.0,0.0,0.0,180.0,None,None,None
2025-11-07T22:14:30.636807,111.214,None,None,None,None,None,None,None,None,None,None,None,0.7,0.0,0.0,0.0,0.0,0.0,0.0,180.0,None,None,None
2025-11-07T22:14:30.637811,111.215,None,None,None,None,None,None,None,None,None,None,None,0.7,0.0,0.0,0.0,0.0,0.0,0.0,180.0,None,None,None
2025-11-07T22:14:30.638792,111.216,None,None,None,None,None,None,None,None,None,None,None,0.7,0.0,0.0,0.0,0.0,0.0,0.0,180.0,None,None,None
2025-11-07T22:14:30.639530,111.216,None,None,None,None,None,None,None,None,None,None,None,0.7,0.0,0.0,0.0,0.0,0.0,0.0,180.0,None,None,None
2025-11-07T22:14:30.640491,111.217,None,None,None,None,None,None,None,None,None,None,None,0.7,0.0,0.0,0.0,0.0,0.0,0.0,180.0,None,None,None
2025-11-07T22:14:30.641568,111.218,None,None,None,None,None,None,None,None,None,None,None,0.7,0.0,0.0,0.0,0.0,0.0,0.0,180.0,None,None,None
2025-11-07T22:14:31.148569,111.725,None,None,None,None,None,None,None,None,None,None,None,0.7,0.0,0.0,0.0,0.0,0.0,0.0,180.0,None,None,None
2025-11-07T22:14:31.149332,111.726,None,None,None,None,None,None,None,None,None,None,None,0.7,0.0,0.0,0.0,0.0,0.0,0.0,180.0,None,None,None
2025-11-07T22:14:31.149982,111.727,None,None,None,None,None,None,None,None,None,None,None,0.7,0.0,0.0,0.0,0.0,0.0,0.0,180.0,None,None,None
2025-11-07T22:14:31.150576,111.727,None,None,None,None,None,None,None,None,None,None,None,0.7,0.0,0.0,0.0,0.0,0.0,0.0,180.0,None,None,None
2025-11-07T22:14:31.151123,111.728,None,None,None,None,None,None,None,None,None,None,None,0.7,0.0,0.0,0.0,0.0,0.0,0.0,180.0,None,None,None
2025-11-07T22:14:31.151675,111.728,None,None,None,None,None,None,None,None,None,None,None,0.7,0.0,0.0,0.0,0.0,0.0,0.0,180.0,None,None,None
2025-11-07T22:14:31.152214,111.729,None,None,None,None,None,None,None,None,None,None,None,0.7,0.0,0.0,0.0,0.0,0.0,0.0,180.0,None,None,None
2025-11-07T22:14:31.152757,111.730,None,None,None,None,None,None,None,None,None,None,None,0.7,0.0,0.0,0.0,0.0,0.0,0.0,180.0,None,None,None
2025-11-07T22:14:31.153403,111.730,None,None,None,None,None,None,None,None,None,None,None,0.7,0.0,0.0,0.0,0.0,0.0,0.0,180.0,None,None,None
2025-11-07T22:14:31.630273,112.207,None,None,None,None,None,None,None,None,None,None,None,0.7,0.0,0.0,0.0,0.0,0.0,0.0,180.0,None,None,None
2025-11-07T22:14:31.631005,112.208,None,None,None,None,None,None,None,None,None,None,None,0.7,0.0,0.0,0.0,0.0,0.0,0.0,180.0,None,None,None
2025-11-07T22:14:31.631613,112.208,None,None,None,None,None,None,None,None,None,None,None,0.7,0.0,0.0,0.0,0.0,0.0,0.0,180.0,None,None,None
2025-11-07T22:14:31.632183,112.209,None,None,None,None,None,None,None,None,None,None,None,0.7,0.0,0.0,0.0,0.0,0.0,0.0,180.0,None,None,None
2025-11-07T22:14:31.632757,112.210,None,None,None,None,None,None,None,None,None,None,None,0.7,0.0,0.0,0.0,0.0,0.0,0.0,180.0,None,None,None
2025-11-07T22:14:31.633406,112.210,None,None,None,None,None,None,None,None,None,None,None,0.7,0.0,0.0,0.0,0.0,0.0,0.0,180.0,None,None,None
2025-11-07T22:14:31.634247,112.211,None,None,None,None,None,None,None,None,None,None,None,0.7,0.0,0.0,0.0,0.0,0.0,0.0,180.0,None,None,None
2025-11-07T22:14:31.635004,112.212,None,None,None,None,None,None,None,None,None,None,None,0.7,0.0,0.0,0.0,0.0,0.0,0.0,180.0,None,None,None
2025-11-07T22:14:31.635924,112.213,None,None,None,None,None,None,None,None,None,None,None,0.7,0.0,0.0,0.0,0.0,0.0,0.0,180.0,None,None,None
2025-11-07T22:14:32.116889,112.694,None,None,None,None,None,None,None,None,None,None,None,0.7,0.0,0.0,0.0,0.0,0.0,0.0,180.0,None,None,None
2025-11-07T22:14:32.117715,112.695,None,None,None,None,None,None,None,None,None,None,None,0.7,0.0,0.0,0.0,0.0,0.0,0.0,180.0,None,None,None
2025-11-07T22:14:32.118552,112.695,None,None,None,None,None,None,None,None,None,None,None,0.7,0.0,0.0,0.0,0.0,0.0,0.0,180.0,None,None,None
2025-11-07T22:14:32.119427,112.696,None,None,None,None,None,None,None,None,None,None,None,0.7,0.0,0.0,0.0,0.0,0.0,0.0,180.0,None,None,None
2025-11-07T22:14:32.120120,112.697,None,None,None,None,None,None,None,None,None,None,None,0.7,0.0,0.0,0.0,0.0,0.0,0.0,180.0,None,None,None
2025-11-07T22:14:32.120788,112.698,None,None,None,None,None,None,None,None,None,None,None,0.7,0.0,0.0,0.0,0.0,0.0,0.0,180.0,None,None,None
2025-11-07T22:14:32.121416,112.698,None,None,None,None,None,None,None,None,None,None,None,0.7,0.0,0.0,0.0,0.0,0.0,0.0,180.0,None,None,None
2025-11-07T22:14:32.599331,113.176,None,None,None,None,None,None,None,None,None,None,None,0.7,0.0,0.0,0.0,0.0,0.0,0.0,180.0,None,None,None
2025-11-07T22:14:32.600249,113.177,None,None,None,None,None,None,None,None,None,None,None,0.7,0.0,0.0,0.0,0.0,0.0,0.0,180.0,None,None,None
2025-11-07T22:14:32.600907,113.178,None,None,None,None,None,None,None,None,None,None,None,0.7,0.0,0.0,0.0,0.0,0.0,0.0,180.0,None,None,None
2025-11-07T22:14:32.601534,113.178,None,None,None,None,None,None,None,None,None,None,None,0.7,0.0,0.0,0.0,0.0,0.0,0.0,180.0,None,None,None
2025-11-07T22:14:32.602142,113.179,None,None,None,None,None,None,None,None,None,None,None,0.7,0.0,0.0,0.0,0.0,0.0,0.0,180.0,None,None,None
2025-11-07T22:14:32.602755,113.180,None,None,None,None,None,None,None,None,None,None,None,0.7,0.0,0.0,0.0,0.0,0.0,0.0,180.0,None,None,None
2025-11-07T22:14:32.603347,113.180,None,None,None,None,None,None,None,None,None,None,None,0.7,0.0,0.0,0.0,0.0,0.0,0.0,180.0,None,None,None
2025-11-07T22:14:32.603985,113.181,None,None,None,None,None,None,None,None,None,None,None,0.7,0.0,0.0,0.0,0.0,0.0,0.0,180.0,None,None,None
2025-11-07T22:14:32.604754,113.182,None,None,None,None,None,None,None,None,None,None,None,0.7,0.0,0.0,0.0,0.0,0.0,0.0,180.0,None,None,None
2025-11-07T22:14:33.087136,113.664,None,None,None,None,None,None,None,None,None,None,None,0.7,0.0,0.0,0.0,0.0,0.0,0.0,180.0,None,None,None
2025-11-07T22:14:33.087896,113.665,None,None,None,None,None,None,None,None,None,None,None,0.7,0.0,0.0,0.0,0.0,0.0,0.0,180.0,None,None,None
2025-11-07T22:14:33.088525,113.665,None,None,None,None,None,None,None,None,None,None,None,0.7,0.0,0.0,0.0,0.0,0.0,0.0,180.0,None,None,None
2025-11-07T22:14:33.089120,113.666,None,None,None,None,None,None,None,None,None,None,None,0.7,0.0,0.0,0.0,0.0,0.0,0.0,180.0,None,None,None
2025-11-07T22:14:33.089718,113.667,None,None,None,None,None,None,None,None,None,None,None,0.7,0.0,0.0,0.0,0.0,0.0,0.0,180.0,None,None,None
2025-11-07T22:14:33.090306,113.667,None,None,None,None,None,None,None,None,None,None,None,0.7,0.0,0.0,0.0,0.0,0.0,0.0,180.0,None,None,None
2025-11-07T22:14:33.090974,113.668,None,None,None,None,None,None,None,None,None,None,None,0.7,0.0,0.0,0.0,0.0,0.0,0.0,180.0,None,None,None
2025-11-07T22:14:33.091570,113.668,None,None,None,None,None,None,None,None,None,None,None,0.7,0.0,0.0,0.0,0.0,0.0,0.0,180.0,None,None,None
2025-11-07T22:14:33.092332,113.669,None,None,None,None,None,None,None,None,None,None,None,0.7,0.0,0.0,0.0,0.0,0.0,0.0,180.0,None,None,None
2025-11-07T22:14:33.577582,114.154,None,None,None,None,None,None,None,None,None,None,None,0.7,0.0,0.0,0.0,0.0,0.0,0.0,180.0,None,None,None
2025-11-07T22:14:33.578441,114.155,None,None,None,None,None,None,None,None,None,None,None,0.7,0.0,0.0,0.0,0.0,0.0,0.0,180.0,None,None,None
2025-11-07T22:14:33.579293,114.156,None,None,None,None,None,None,None,None,None,None,None,0.7,0.0,0.0,0.0,0.0,0.0,0.0,180.0,None,None,None
2025-11-07T22:14:33.579952,114.157,None,None,None,None,None,None,None,None,None,None,None,0.7,0.0,0.0,0.0,0.0,0.0,0.0,180.0,None,None,None
2025-11-07T22:14:33.580555,114.157,None,None,None,None,None,None,None,None,None,None,None,0.7,0.0,0.0,0.0,0.0,0.0,0.0,180.0,None,None,None
2025-11-07T22:14:33.581125,114.158,None,None,None,None,None,None,None,None,None,None,None,0.7,0.0,0.0,0.0,0.0,0.0,0.0,180.0,None,None,None
2025-11-07T22:14:33.581774,114.159,None,None,None,None,None,None,None,None,None,None,None,0.7,0.0,0.0,0.0,0.0,0.0,0.0,180.0,None,None,None
2025-11-07T22:14:33.582737,114.160,None,None,None,None,None,None,None,None,None,None,None,0.7,0.0,0.0,0.0,0.0,0.0,0.0,180.0,None,None,None
2025-11-07T22:14:33.583426,114.160,None,None,None,None,None,None,None,None,None,None,None,0.7,0.0,0.0,0.0,0.0,0.0,0.0,180.0,None,None,None
2025-11-07T22:14:34.072686,114.650,None,None,None,None,None,None,None,None,None,None,None,0.7,0.0,0.0,0.0,0.0,0.0,0.0,180.0,None,None,None
2025-11-07T22:14:34.074286,114.651,None,None,None,None,None,None,None,None,None,None,None,0.7,0.0,0.0,0.0,0.0,0.0,0.0,180.0,None,None,None
2025-11-07T22:14:34.075309,114.652,None,None,None,None,None,None,None,None,None,None,None,0.7,0.0,0.0,0.0,0.0,0.0,0.0,180.0,None,None,None
2025-11-07T22:14:34.076077,114.653,None,None,None,None,None,None,None,None,None,None,None,0.7,0.0,0.0,0.0,0.0,0.0,0.0,180.0,None,None,None
2025-11-07T22:14:34.076802,114.654,None,None,None,None,None,None,None,None,None,None,None,0.7,0.0,0.0,0.0,0.0,0.0,0.0,180.0,None,None,None
2025-11-07T22:14:34.077396,114.654,None,None,None,None,None,None,None,None,None,None,None,0.7,0.0,0.0,0.0,0.0,0.0,0.0,180.0,None,None,None
2025-11-07T22:14:34.077946,114.655,None,None,None,None,None,None,None,None,None,None,None,0.7,0.0,0.0,0.0,0.0,0.0,0.0,180.0,None,None,None
2025-11-07T22:14:34.078726,114.656,None,None,None,None,None,None,None,None,None,None,None,0.7,0.0,0.0,0.0,0.0,0.0,0.0,180.0,None,None,None
2025-11-07T22:14:34.079791,114.657,None,None,None,None,None,None,None,None,None,None,None,0.7,0.0,0.0,0.0,0.0,0.0,0.0,180.0,None,None,None
2025-11-07T22:14:34.553941,115.131,None,None,None,None,None,None,None,None,None,None,None,0.7,0.0,0.0,0.0,0.0,0.0,0.0,180.0,None,None,None
2025-11-07T22:14:34.554886,115.132,None,None,None,None,None,None,None,None,None,None,None,0.7,0.0,0.0,0.0,0.0,0.0,0.0,180.0,None,None,None
2025-11-07T22:14:34.555529,115.132,None,None,None,None,None,None,None,None,None,None,None,0.7,0.0,0.0,0.0,0.0,0.0,0.0,180.0,None,None,None
2025-11-07T22:14:34.556136,115.133,None,None,None,None,None,None,None,None,None,None,None,0.7,0.0,0.0,0.0,0.0,0.0,0.0,180.0,None,None,None
2025-11-07T22:14:34.556735,115.134,None,None,None,None,None,None,None,None,None,None,None,0.7,0.0,0.0,0.0,0.0,0.0,0.0,180.0,None,None,None
2025-11-07T22:14:34.557313,115.134,None,None,None,None,None,None,None,None,None,None,None,0.7,0.0,0.0,0.0,0.0,0.0,0.0,180.0,None,None,None
2025-11-07T22:14:34.557954,115.135,None,None,None,None,None,None,None,None,None,None,None,0.7,0.0,0.0,0.0,0.0,0.0,0.0,180.0,None,None,None
2025-11-07T22:14:34.558589,115.135,None,None,None,None,None,None,None,None,None,None,None,0.7,0.0,0.0,0.0,0.0,0.0,0.0,180.0,None,None,None
2025-11-07T22:14:34.999310,115.576,None,None,None,None,None,None,None,None,None,None,None,0.7,0.0,0.0,0.0,0.0,0.0,0.0,180.0,None,None,None
2025-11-07T22:14:35.000060,115.577,None,None,None,None,None,None,None,None,None,None,None,0.7,0.0,0.0,0.0,0.0,0.0,0.0,180.0,None,None,None
2025-11-07T22:14:35.008125,115.585,None,None,None,None,None,None,None,None,None,None,None,0.7,0.0,0.0,0.0,0.0,0.0,0.0,180.0,None,None,None
2025-11-07T22:14:35.008955,115.586,None,None,None,None,None,None,None,None,None,None,None,0.7,0.0,0.0,0.0,0.0,0.0,0.0,180.0,None,None,None
2025-11-07T22:14:35.009623,115.586,None,None,None,None,None,None,None,None,None,None,None,0.7,0.0,0.0,0.0,0.0,0.0,0.0,180.0,None,None,None
2025-11-07T22:14:35.010268,115.587,None,None,None,None,None,None,None,None,None,None,None,0.7,0.0,0.0,0.0,0.0,0.0,0.0,180.0,None,None,None
2025-11-07T22:14:35.010985,115.588,None,None,None,None,None,None,None,None,None,None,None,0.7,0.0,0.0,0.0,0.0,0.0,0.0,180.0,None,None,None
2025-11-07T22:14:35.011575,115.588,None,None,None,None,None,None,None,None,None,None,None,0.7,0.0,0.0,0.0,0.0,0.0,0.0,180.0,None,None,None
2025-11-07T22:14:35.450077,116.027,None,None,None,None,None,None,None,None,None,None,None,0.7,0.0,0.0,0.0,0.0,0.0,0.0,180.0,None,None,None
2025-11-07T22:14:35.450797,116.028,None,None,None,None,None,None,None,None,None,None,None,0.7,0.0,0.0,0.0,0.0,0.0,0.0,180.0,None,None,None
2025-11-07T22:14:35.451365,116.028,None,None,None,None,None,None,None,None,None,None,None,0.7,0.0,0.0,0.0,0.0,0.0,0.0,180.0,None,None,None
2025-11-07T22:14:35.451935,116.029,None,None,None,None,None,None,None,None,None,None,None,0.7,0.0,0.0,0.0,0.0,0.0,0.0,180.0,None,None,None
2025-11-07T22:14:35.452497,116.029,None,None,None,None,None,None,None,None,None,None,None,0.7,0.0,0.0,0.0,0.0,0.0,0.0,180.0,None,None,None
2025-11-07T22:14:35.453027,116.030,None,None,None,None,None,None,None,None,None,None,None,0.7,0.0,0.0,0.0,0.0,0.0,0.0,180.0,None,None,None
2025-11-07T22:14:35.453562,116.030,None,None,None,None,None,None,None,None,None,None,None,0.7,0.0,0.0,0.0,0.0,0.0,0.0,180.0,None,None,None
2025-11-07T22:14:35.454100,116.031,None,None,None,None,None,None,None,None,None,None,None,0.7,0.0,0.0,0.0,0.0,0.0,0.0,180.0,None,None,None
2025-11-07T22:14:35.882577,116.459,None,None,None,None,None,None,None,None,None,None,None,0.7,0.0,0.0,0.0,0.0,0.0,0.0,180.0,None,None,None
2025-11-07T22:14:35.883266,116.460,None,None,None,None,None,None,None,None,None,None,None,0.7,0.0,0.0,0.0,0.0,0.0,0.0,180.0,None,None,None
2025-11-07T22:14:35.883835,116.461,None,None,None,None,None,None,None,None,None,None,None,0.7,0.0,0.0,0.0,0.0,0.0,0.0,180.0,None,None,None
2025-11-07T22:14:35.884329,116.461,None,None,None,None,None,None,None,None,None,None,None,0.7,0.0,0.0,0.0,0.0,0.0,0.0,180.0,None,None,None
2025-11-07T22:14:35.884856,116.462,None,None,None,None,None,None,None,None,None,None,None,0.7,0.0,0.0,0.0,0.0,0.0,0.0,180.0,None,None,None
2025-11-07T22:14:35.885426,116.462,None,None,None,None,None,None,None,None,None,None,None,0.7,0.0,0.0,0.0,0.0,0.0,0.0,180.0,None,None,None
2025-11-07T22:14:35.886000,116.463,None,None,None,None,None,None,None,None,None,None,None,0.7,0.0,0.0,0.0,0.0,0.0,0.0,180.0,None,None,None
2025-11-07T22:14:35.886560,116.463,None,None,None,None,None,None,None,None,None,None,None,0.7,0.0,0.0,0.0,0.0,0.0,0.0,180.0,None,None,None
2025-11-07T22:14:36.329620,116.906,None,None,None,None,None,None,None,None,None,None,None,0.7,0.0,0.0,0.0,0.0,0.0,0.0,180.0,None,None,None
2025-11-07T22:14:36.330405,116.907,None,None,None,None,None,None,None,None,None,None,None,0.7,0.0,0.0,0.0,0.0,0.0,0.0,180.0,None,None,None
2025-11-07T22:14:36.330980,116.908,None,None,None,None,None,None,None,None,None,None,None,0.7,0.0,0.0,0.0,0.0,0.0,0.0,180.0,None,None,None
2025-11-07T22:14:36.331517,116.908,None,None,None,None,None,None,None,None,None,None,None,0.7,0.0,0.0,0.0,0.0,0.0,0.0,180.0,None,None,None
2025-11-07T22:14:36.332033,116.909,None,None,None,None,None,None,None,None,None,None,None,0.7,0.0,0.0,0.0,0.0,0.0,0.0,180.0,None,None,None
2025-11-07T22:14:36.332550,116.909,None,None,None,None,None,None,None,None,None,None,None,0.7,0.0,0.0,0.0,0.0,0.0,0.0,180.0,None,None,None
2025-11-07T22:14:36.333110,116.910,None,None,None,None,None,None,None,None,None,None,None,0.7,0.0,0.0,0.0,0.0,0.0,0.0,180.0,None,None,None
2025-11-07T22:14:36.766913,117.344,None,None,None,None,None,None,None,None,None,None,None,0.7,0.0,0.0,0.0,0.0,0.0,0.0,180.0,None,None,None
2025-11-07T22:14:36.767704,117.345,None,None,None,None,None,None,None,None,None,None,None,0.7,0.0,0.0,0.0,0.0,0.0,0.0,180.0,None,None,None
2025-11-07T22:14:36.768269,117.345,None,None,None,None,None,None,None,None,None,None,None,0.7,0.0,0.0,0.0,0.0,0.0,0.0,180.0,None,None,None
2025-11-07T22:14:36.768916,117.346,None,None,None,None,None,None,None,None,None,None,None,0.7,0.0,0.0,0.0,0.0,0.0,0.0,180.0,None,None,None
2025-11-07T22:14:36.769488,117.346,None,None,None,None,None,None,None,None,None,None,None,0.7,0.0,0.0,0.0,0.0,0.0,0.0,180.0,None,None,None
2025-11-07T22:14:36.770096,117.347,None,None,None,None,None,None,None,None,None,None,None,0.7,0.0,0.0,0.0,0.0,0.0,0.0,180.0,None,None,None
2025-11-07T22:14:36.770686,117.348,None,None,None,None,None,None,None,None,None,None,None,0.7,0.0,0.0,0.0,0.0,0.0,0.0,180.0,None,None,None
2025-11-07T22:14:36.771268,117.348,None,None,None,None,None,None,None,None,None,None,None,0.7,0.0,0.0,0.0,0.0,0.0,0.0,180.0,None,None,None
2025-11-07T22:14:37.258023,117.835,None,None,None,None,None,None,None,None,None,None,None,0.7,0.0,0.0,0.0,0.0,0.0,0.0,180.0,None,None,None
2025-11-07T22:14:37.259037,117.836,None,None,None,None,None,None,None,None,None,None,None,0.7,0.0,0.0,0.0,0.0,0.0,0.0,180.0,None,None,None
2025-11-07T22:14:37.259840,117.837,None,None,None,None,None,None,None,None,None,None,None,0.7,0.0,0.0,0.0,0.0,0.0,0.0,180.0,None,None,None
2025-11-07T22:14:37.260578,117.837,None,None,None,None,None,None,None,None,None,None,None,0.7,0.0,0.0,0.0,0.0,0.0,0.0,180.0,None,None,None
2025-11-07T22:14:37.261284,117.838,None,None,None,None,None,None,None,None,None,None,None,0.7,0.0,0.0,0.0,0.0,0.0,0.0,180.0,None,None,None
2025-11-07T22:14:37.261987,117.839,None,None,None,None,None,None,None,None,None,None,None,0.7,0.0,0.0,0.0,0.0,0.0,0.0,180.0,None,None,None
2025-11-07T22:14:37.262699,117.840,None,None,None,None,None,None,None,None,None,None,None,0.7,0.0,0.0,0.0,0.0,0.0,0.0,180.0,None,None,None
2025-11-07T22:14:37.263462,117.840,None,None,None,None,None,None,None,None,None,None,None,0.7,0.0,0.0,0.0,0.0,0.0,0.0,180.0,None,None,None
2025-11-07T22:14:37.264333,117.841,None,None,None,None,None,None,None,None,None,None,None,0.7,0.0,0.0,0.0,0.0,0.0,0.0,180.0,None,None,None
2025-11-07T22:14:37.265236,117.842,None,None,None,None,None,None,None,None,None,None,None,0.7,0.0,0.0,0.0,0.0,0.0,0.0,180.0,None,None,None
2025-11-07T22:14:37.717559,118.294,None,None,None,None,None,None,None,None,None,None,None,0.7,0.0,0.0,0.0,0.0,0.0,0.0,180.0,None,None,None
2025-11-07T22:14:37.718210,118.295,None,None,None,None,None,None,None,None,None,None,None,0.7,0.0,0.0,0.0,0.0,0.0,0.0,180.0,None,None,None
2025-11-07T22:14:37.718789,118.296,None,None,None,None,None,None,None,None,None,None,None,0.7,0.0,0.0,0.0,0.0,0.0,0.0,180.0,None,None,None
2025-11-07T22:14:37.719359,118.296,None,None,None,None,None,None,None,None,None,None,None,0.7,0.0,0.0,0.0,0.0,0.0,0.0,180.0,None,None,None
2025-11-07T22:14:37.719891,118.297,None,None,None,None,None,None,None,None,None,None,None,0.7,0.0,0.0,0.0,0.0,0.0,0.0,180.0,None,None,None
2025-11-07T22:14:37.720393,118.297,None,None,None,None,None,None,None,None,None,None,None,0.7,0.0,0.0,0.0,0.0,0.0,0.0,180.0,None,None,None
2025-11-07T22:14:38.156932,118.734,None,None,None,None,None,None,None,None,None,None,None,0.7,0.0,0.0,0.0,0.0,0.0,0.0,180.0,None,None,None
2025-11-07T22:14:38.157721,118.735,None,None,None,None,None,None,None,None,None,None,None,0.7,0.0,0.0,0.0,0.0,0.0,0.0,180.0,None,None,None
2025-11-07T22:14:38.158254,118.735,None,None,None,None,None,None,None,None,None,None,None,0.7,0.0,0.0,0.0,0.0,0.0,0.0,180.0,None,None,None
2025-11-07T22:14:38.158845,118.736,None,None,None,None,None,None,None,None,None,None,None,0.7,0.0,0.0,0.0,0.0,0.0,0.0,180.0,None,None,None
2025-11-07T22:14:38.159416,118.736,None,None,None,None,None,None,None,None,None,None,None,0.7,0.0,0.0,0.0,0.0,0.0,0.0,180.0,None,None,None
2025-11-07T22:14:38.160012,118.737,None,None,None,None,None,None,None,None,None,None,None,0.7,0.0,0.0,0.0,0.0,0.0,0.0,180.0,None,None,None
2025-11-07T22:14:38.160692,118.738,None,None,None,None,None,None,None,None,None,None,None,0.7,0.0,0.0,0.0,0.0,0.0,0.0,180.0,None,None,None
2025-11-07T22:14:38.161309,118.738,None,None,None,None,None,None,None,None,None,None,None,0.7,0.0,0.0,0.0,0.0,0.0,0.0,180.0,None,None,None
2025-11-07T22:14:38.161886,118.739,None,None,None,None,None,None,None,None,None,None,None,0.7,0.0,0.0,0.0,0.0,0.0,0.0,180.0,None,None,None
2025-11-07T22:14:38.591449,119.168,None,None,None,None,None,None,None,None,None,None,None,0.7,0.0,0.0,0.0,0.0,0.0,0.0,180.0,None,None,None
2025-11-07T22:14:38.592199,119.169,None,None,None,None,None,None,None,None,None,None,None,0.7,0.0,0.0,0.0,0.0,0.0,0.0,180.0,None,None,None
2025-11-07T22:14:38.592797,119.170,None,None,None,None,None,None,None,None,None,None,None,0.7,0.0,0.0,0.0,0.0,0.0,0.0,180.0,None,None,None
2025-11-07T22:14:38.593338,119.170,None,None,None,None,None,None,None,None,None,None,None,0.7,0.0,0.0,0.0,0.0,0.0,0.0,180.0,None,None,None
2025-11-07T22:14:38.593920,119.171,None,None,None,None,None,None,None,None,None,None,None,0.7,0.0,0.0,0.0,0.0,0.0,0.0,180.0,None,None,None
2025-11-07T22:14:38.594563,119.171,None,None,None,None,None,None,None,None,None,None,None,0.7,0.0,0.0,0.0,0.0,0.0,0.0,180.0,None,None,None
2025-11-07T22:14:38.595182,119.172,None,None,None,None,None,None,None,None,None,None,None,0.7,0.0,0.0,0.0,0.0,0.0,0.0,180.0,None,None,None
2025-11-07T22:14:39.022517,119.599,None,None,None,None,None,None,None,None,None,None,None,0.7,0.0,0.0,0.0,0.0,0.0,0.0,180.0,None,None,None
2025-11-07T22:14:39.023237,119.600,None,None,None,None,None,None,None,None,None,None,None,0.7,0.0,0.0,0.0,0.0,0.0,0.0,180.0,None,None,None
2025-11-07T22:14:39.023813,119.601,None,None,None,None,None,None,None,None,None,None,None,0.7,0.0,0.0,0.0,0.0,0.0,0.0,180.0,None,None,None
2025-11-07T22:14:39.024356,119.601,None,None,None,None,None,None,None,None,None,None,None,0.7,0.0,0.0,0.0,0.0,0.0,0.0,180.0,None,None,None
2025-11-07T22:14:39.024947,119.602,None,None,None,None,None,None,None,None,None,None,None,0.7,0.0,0.0,0.0,0.0,0.0,0.0,180.0,None,None,None
2025-11-07T22:14:39.025556,119.602,None,None,None,None,None,None,None,None,None,None,None,0.7,0.0,0.0,0.0,0.0,0.0,0.0,180.0,None,None,None
2025-11-07T22:14:39.026145,119.603,None,None,None,None,None,None,None,None,None,None,None,0.7,0.0,0.0,0.0,0.0,0.0,0.0,180.0,None,None,None
2025-11-07T22:14:39.026707,119.604,None,None,None,None,None,None,None,None,None,None,None,0.7,0.0,0.0,0.0,0.0,0.0,0.0,180.0,None,None,None
2025-11-07T22:14:39.455942,120.033,None,None,None,None,None,None,None,None,None,None,None,0.7,0.0,0.0,0.0,0.0,0.0,0.0,180.0,None,None,None
2025-11-07T22:14:39.456984,120.034,None,None,None,None,None,None,None,None,None,None,None,0.7,0.0,0.0,0.0,0.0,0.0,0.0,180.0,None,None,None
2025-11-07T22:14:39.457794,120.035,None,None,None,None,None,None,None,None,None,None,None,0.7,0.0,0.0,0.0,0.0,0.0,0.0,180.0,None,None,None
2025-11-07T22:14:39.458619,120.035,None,None,None,None,None,None,None,None,None,None,None,0.7,0.0,0.0,0.0,0.0,0.0,0.0,180.0,None,None,None
2025-11-07T22:14:39.459205,120.036,None,None,None,None,None,None,None,None,None,None,None,0.7,0.0,0.0,0.0,0.0,0.0,0.0,180.0,None,None,None
2025-11-07T22:14:39.459740,120.037,None,None,None,None,None,None,None,None,None,None,None,0.7,0.0,0.0,0.0,0.0,0.0,0.0,180.0,None,None,None
2025-11-07T22:14:39.460222,120.037,None,None,None,None,None,None,None,None,None,None,None,0.7,0.0,0.0,0.0,0.0,0.0,0.0,180.0,None,None,None
2025-11-07T22:14:39.460702,120.038,None,None,None,None,None,None,None,None,None,None,None,0.7,0.0,0.0,0.0,0.0,0.0,0.0,180.0,None,None,None
2025-11-07T22:14:39.888683,120.466,None,None,None,None,None,None,None,None,None,None,None,0.7,0.0,0.0,0.0,0.0,0.0,0.0,180.0,None,None,None
2025-11-07T22:14:39.889386,120.466,None,None,None,None,None,None,None,None,None,None,None,0.7,0.0,0.0,0.0,0.0,0.0,0.0,180.0,None,None,None
2025-11-07T22:14:39.889969,120.467,None,None,None,None,None,None,None,None,None,None,None,0.7,0.0,0.0,0.0,0.0,0.0,0.0,180.0,None,None,None
2025-11-07T22:14:39.890452,120.467,None,None,None,None,None,None,None,None,None,None,None,0.7,0.0,0.0,0.0,0.0,0.0,0.0,180.0,None,None,None
2025-11-07T22:14:39.890987,120.468,None,None,None,None,None,None,None,None,None,None,None,0.7,0.0,0.0,0.0,0.0,0.0,0.0,180.0,None,None,None
2025-11-07T22:14:39.891489,120.468,None,None,None,None,None,None,None,None,None,None,None,0.7,0.0,0.0,0.0,0.0,0.0,0.0,180.0,None,None,None
2025-11-07T22:14:39.891994,120.469,None,None,None,None,None,None,None,None,None,None,None,0.7,0.0,0.0,0.0,0.0,0.0,0.0,180.0,None,None,None
2025-11-07T22:14:40.343666,120.920,None,None,None,None,None,None,None,None,None,None,None,0.7,0.0,0.0,0.0,0.0,0.0,0.0,180.0,None,None,None
2025-11-07T22:14:40.344515,120.921,None,None,None,None,None,None,None,None,None,None,None,0.7,0.0,0.0,0.0,0.0,0.0,0.0,180.0,None,None,None
2025-11-07T22:14:40.352209,120.929,None,None,None,None,None,None,None,None,None,None,None,0.7,0.0,0.0,0.0,0.0,0.0,0.0,180.0,None,None,None
2025-11-07T22:14:40.352895,120.930,None,None,None,None,None,None,None,None,None,None,None,0.7,0.0,0.0,0.0,0.0,0.0,0.0,180.0,None,None,None
2025-11-07T22:14:40.353407,120.930,None,None,None,None,None,None,None,None,None,None,None,0.7,0.0,0.0,0.0,0.0,0.0,0.0,180.0,None,None,None
2025-11-07T22:14:40.353883,120.931,None,None,None,None,None,None,None,None,None,None,None,0.7,0.0,0.0,0.0,0.0,0.0,0.0,180.0,None,None,None
2025-11-07T22:14:40.354534,120.931,None,None,None,None,None,None,None,None,None,None,None,0.7,0.0,0.0,0.0,0.0,0.0,0.0,180.0,None,None,None
2025-11-07T22:14:40.355186,120.932,None,None,None,None,None,None,None,None,None,None,None,0.7,0.0,0.0,0.0,0.0,0.0,0.0,180.0,None,None,None
2025-11-07T22:14:40.356326,120.933,None,None,None,None,None,None,None,None,None,None,None,0.7,0.0,0.0,0.0,0.0,0.0,0.0,180.0,None,None,None
2025-11-07T22:14:40.792303,121.369,None,None,None,None,None,None,None,None,None,None,None,0.7,0.0,0.0,0.0,0.0,0.0,0.0,180.0,None,None,None
2025-11-07T22:14:40.793004,121.370,None,None,None,None,None,None,None,None,None,None,None,0.7,0.0,0.0,0.0,0.0,0.0,0.0,180.0,None,None,None
2025-11-07T22:14:40.793557,121.370,None,None,None,None,None,None,None,None,None,None,None,0.7,0.0,0.0,0.0,0.0,0.0,0.0,180.0,None,None,None
2025-11-07T22:14:40.794014,121.371,None,None,None,None,None,None,None,None,None,None,None,0.7,0.0,0.0,0.0,0.0,0.0,0.0,180.0,None,None,None
2025-11-07T22:14:40.794492,121.371,None,None,None,None,None,None,None,None,None,None,None,0.7,0.0,0.0,0.0,0.0,0.0,0.0,180.0,None,None,None
2025-11-07T22:14:40.795016,121.372,None,None,None,None,None,None,None,None,None,None,None,0.7,0.0,0.0,0.0,0.0,0.0,0.0,180.0,None,None,None
2025-11-07T22:14:40.795535,121.372,None,None,None,None,None,None,None,None,None,None,None,0.7,0.0,0.0,0.0,0.0,0.0,0.0,180.0,None,None,None
2025-11-07T22:14:41.230413,121.807,None,None,None,None,None,None,None,None,None,None,None,0.7,0.0,0.0,0.0,0.0,0.0,0.0,180.0,None,None,None
2025-11-07T22:14:41.231050,121.808,None,None,None,None,None,None,None,None,None,None,None,0.7,0.0,0.0,0.0,0.0,0.0,0.0,180.0,None,None,None
2025-11-07T22:14:41.231569,121.808,None,None,None,None,None,None,None,None,None,None,None,0.7,0.0,0.0,0.0,0.0,0.0,0.0,180.0,None,None,None
2025-11-07T22:14:41.232051,121.809,None,None,None,None,None,None,None,None,None,None,None,0.7,0.0,0.0,0.0,0.0,0.0,0.0,180.0,None,None,None
2025-11-07T22:14:41.232542,121.809,None,None,None,None,None,None,None,None,None,None,None,0.7,0.0,0.0,0.0,0.0,0.0,0.0,180.0,None,None,None
2025-11-07T22:14:41.233050,121.810,None,None,None,None,None,None,None,None,None,None,None,0.7,0.0,0.0,0.0,0.0,0.0,0.0,180.0,None,None,None
2025-11-07T22:14:41.233559,121.810,None,None,None,None,None,None,None,None,None,None,None,0.7,0.0,0.0,0.0,0.0,0.0,0.0,180.0,None,None,None
2025-11-07T22:14:41.234048,121.811,None,None,None,None,None,None,None,None,None,None,None,0.7,0.0,0.0,0.0,0.0,0.0,0.0,180.0,None,None,None
2025-11-07T22:14:41.667614,122.244,None,None,None,None,None,None,None,None,None,None,None,0.7,0.0,0.0,0.0,0.0,0.0,0.0,180.0,None,None,None
2025-11-07T22:14:41.668672,122.245,None,None,None,None,None,None,None,None,None,None,None,0.7,0.0,0.0,0.0,0.0,0.0,0.0,180.0,None,None,None
2025-11-07T22:14:41.669826,122.247,None,None,None,None,None,None,None,None,None,None,None,0.7,0.0,0.0,0.0,0.0,0.0,0.0,180.0,None,None,None
2025-11-07T22:14:41.670515,122.247,None,None,None,None,None,None,None,None,None,None,None,0.7,0.0,0.0,0.0,0.0,0.0,0.0,180.0,None,None,None
2025-11-07T22:14:41.671120,122.248,None,None,None,None,None,None,None,None,None,None,None,0.7,0.0,0.0,0.0,0.0,0.0,0.0,180.0,None,None,None
2025-11-07T22:14:41.671685,122.249,None,None,None,None,None,None,None,None,None,None,None,0.7,0.0,0.0,0.0,0.0,0.0,0.0,180.0,None,None,None
2025-11-07T22:14:41.672216,122.249,None,None,None,None,None,None,None,None,None,None,None,0.7,0.0,0.0,0.0,0.0,0.0,0.0,180.0,None,None,None
2025-11-07T22:14:41.672822,122.250,None,None,None,None,None,None,None,None,None,None,None,0.7,0.0,0.0,0.0,0.0,0.0,0.0,180.0,None,None,None
2025-11-07T22:14:42.103502,122.680,None,None,None,None,None,None,None,None,None,None,None,0.7,0.0,0.0,0.0,0.0,0.0,0.0,180.0,None,None,None
2025-11-07T22:14:42.104544,122.681,None,None,None,None,None,None,None,None,None,None,None,0.7,0.0,0.0,0.0,0.0,0.0,0.0,180.0,None,None,None
2025-11-07T22:14:42.105427,122.682,None,None,None,None,None,None,None,None,None,None,None,0.7,0.0,0.0,0.0,0.0,0.0,0.0,180.0,None,None,None
2025-11-07T22:14:42.106249,122.683,None,None,None,None,None,None,None,None,None,None,None,0.7,0.0,0.0,0.0,0.0,0.0,0.0,180.0,None,None,None
2025-11-07T22:14:42.106952,122.684,None,None,None,None,None,None,None,None,None,None,None,0.7,0.0,0.0,0.0,0.0,0.0,0.0,180.0,None,None,None
2025-11-07T22:14:42.107578,122.684,None,None,None,None,None,None,None,None,None,None,None,0.7,0.0,0.0,0.0,0.0,0.0,0.0,180.0,None,None,None
2025-11-07T22:14:42.108459,122.685,None,None,None,None,None,None,None,None,None,None,None,0.7,0.0,0.0,0.0,0.0,0.0,0.0,180.0,None,None,None
2025-11-07T22:14:42.550137,123.127,None,None,None,None,None,None,None,None,None,None,None,0.7,0.0,0.0,0.0,0.0,0.0,0.0,180.0,None,None,None
2025-11-07T22:14:42.551003,123.128,None,None,None,None,None,None,None,None,None,None,None,0.7,0.0,0.0,0.0,0.0,0.0,0.0,180.0,None,None,None
2025-11-07T22:14:42.551627,123.128,None,None,None,None,None,None,None,None,None,None,None,0.7,0.0,0.0,0.0,0.0,0.0,0.0,180.0,None,None,None
2025-11-07T22:14:42.552194,123.129,None,None,None,None,None,None,None,None,None,None,None,0.7,0.0,0.0,0.0,0.0,0.0,0.0,180.0,None,None,None
2025-11-07T22:14:42.552758,123.130,None,None,None,None,None,None,None,None,None,None,None,0.7,0.0,0.0,0.0,0.0,0.0,0.0,180.0,None,None,None
2025-11-07T22:14:42.553324,123.130,None,None,None,None,None,None,None,None,None,None,None,0.7,0.0,0.0,0.0,0.0,0.0,0.0,180.0,None,None,None
2025-11-07T22:14:42.553858,123.131,None,None,None,None,None,None,None,None,None,None,None,0.7,0.0,0.0,0.0,0.0,0.0,0.0,180.0,None,None,None
2025-11-07T22:14:42.554385,123.131,None,None,None,None,None,None,None,None,None,None,None,0.7,0.0,0.0,0.0,0.0,0.0,0.0,180.0,None,None,None
2025-11-07T22:14:42.554840,123.132,None,None,None,None,None,None,None,None,None,None,None,0.7,0.0,0.0,0.0,0.0,0.0,0.0,180.0,None,None,None
2025-11-07T22:14:42.984851,123.562,None,None,None,None,None,None,None,None,None,None,None,0.7,0.0,0.0,0.0,0.0,0.0,0.0,180.0,None,None,None
2025-11-07T22:14:42.985580,123.562,None,None,None,None,None,None,None,None,None,None,None,0.7,0.0,0.0,0.0,0.0,0.0,0.0,180.0,None,None,None
2025-11-07T22:14:42.986078,123.563,None,None,None,None,None,None,None,None,None,None,None,0.7,0.0,0.0,0.0,0.0,0.0,0.0,180.0,None,None,None
2025-11-07T22:14:42.986588,123.563,None,None,None,None,None,None,None,None,None,None,None,0.7,0.0,0.0,0.0,0.0,0.0,0.0,180.0,None,None,None
2025-11-07T22:14:42.987075,123.564,None,None,None,None,None,None,None,None,None,None,None,0.7,0.0,0.0,0.0,0.0,0.0,0.0,180.0,None,None,None
2025-11-07T22:14:42.987607,123.564,None,None,None,None,None,None,None,None,None,None,None,0.7,0.0,0.0,0.0,0.0,0.0,0.0,180.0,None,None,None
2025-11-07T22:14:42.988112,123.565,None,None,None,None,None,None,None,None,None,None,None,0.7,0.0,0.0,0.0,0.0,0.0,0.0,180.0,None,None,None
2025-11-07T22:14:43.422765,124.000,None,None,None,None,None,None,None,None,None,None,None,0.7,0.0,0.0,0.0,0.0,0.0,0.0,180.0,None,None,None
2025-11-07T22:14:43.423495,124.000,None,None,None,None,None,None,None,None,None,None,None,0.7,0.0,0.0,0.0,0.0,0.0,0.0,180.0,None,None,None
2025-11-07T22:14:43.424327,124.001,None,None,None,None,None,None,None,None,None,None,None,0.7,0.0,0.0,0.0,0.0,0.0,0.0,180.0,None,None,None
2025-11-07T22:14:43.425102,124.002,None,None,None,None,None,None,None,None,None,None,None,0.7,0.0,0.0,0.0,0.0,0.0,0.0,180.0,None,None,None
2025-11-07T22:14:43.425867,124.003,None,None,None,None,None,None,None,None,None,None,None,0.7,0.0,0.0,0.0,0.0,0.0,0.0,180.0,None,None,None
2025-11-07T22:14:43.427525,124.004,None,None,None,None,None,None,None,None,None,None,None,0.7,0.0,0.0,0.0,0.0,0.0,0.0,180.0,None,None,None
2025-11-07T22:14:43.428906,124.006,None,None,None,None,None,None,None,None,None,None,None,0.7,0.0,0.0,0.0,0.0,0.0,0.0,180.0,None,None,None
2025-11-07T22:14:43.900093,124.477,None,None,None,None,None,None,None,None,None,None,None,0.7,0.0,0.0,0.0,0.0,0.0,0.0,180.0,None,None,None
2025-11-07T22:14:43.900765,124.478,None,None,None,None,None,None,None,None,None,None,None,0.7,0.0,0.0,0.0,0.0,0.0,0.0,180.0,None,None,None
2025-11-07T22:14:43.901265,124.478,None,None,None,None,None,None,None,None,None,None,None,0.7,0.0,0.0,0.0,0.0,0.0,0.0,180.0,None,None,None
2025-11-07T22:14:43.901930,124.479,None,None,None,None,None,None,None,None,None,None,None,0.7,0.0,0.0,0.0,0.0,0.0,0.0,180.0,None,None,None
2025-11-07T22:14:43.902523,124.479,None,None,None,None,None,None,None,None,None,None,None,0.7,0.0,0.0,0.0,0.0,0.0,0.0,180.0,None,None,None
2025-11-07T22:14:43.903094,124.480,None,None,None,None,None,None,None,None,None,None,None,0.7,0.0,0.0,0.0,0.0,0.0,0.0,180.0,None,None,None
2025-11-07T22:14:43.903582,124.480,None,None,None,None,None,None,None,None,None,None,None,0.7,0.0,0.0,0.0,0.0,0.0,0.0,180.0,None,None,None
2025-11-07T22:14:43.904016,124.481,None,None,None,None,None,None,None,None,None,None,None,0.7,0.0,0.0,0.0,0.0,0.0,0.0,180.0,None,None,None
2025-11-07T22:14:43.904507,124.481,None,None,None,None,None,None,None,None,None,None,None,0.7,0.0,0.0,0.0,0.0,0.0,0.0,180.0,None,None,None
2025-11-07T22:14:44.339238,124.916,None,None,None,None,None,None,None,None,None,None,None,0.7,0.0,0.0,0.0,0.0,0.0,0.0,180.0,None,None,None
2025-11-07T22:14:44.339882,124.917,None,None,None,None,None,None,None,None,None,None,None,0.7,0.0,0.0,0.0,0.0,0.0,0.0,180.0,None,None,None
2025-11-07T22:14:44.340424,124.917,None,None,None,None,None,None,None,None,None,None,None,0.7,0.0,0.0,0.0,0.0,0.0,0.0,180.0,None,None,None
2025-11-07T22:14:44.340947,124.918,None,None,None,None,None,None,None,None,None,None,None,0.7,0.0,0.0,0.0,0.0,0.0,0.0,180.0,None,None,None
2025-11-07T22:14:44.341462,124.918,None,None,None,None,None,None,None,None,None,None,None,0.7,0.0,0.0,0.0,0.0,0.0,0.0,180.0,None,None,None
2025-11-07T22:14:44.341970,124.919,None,None,None,None,None,None,None,None,None,None,None,0.7,0.0,0.0,0.0,0.0,0.0,0.0,180.0,None,None,None
2025-11-07T22:14:44.342481,124.919,None,None,None,None,None,None,None,None,None,None,None,0.7,0.0,0.0,0.0,0.0,0.0,0.0,180.0,None,None,None
2025-11-07T22:14:44.774265,125.351,None,None,None,None,None,None,None,None,None,None,None,0.7,0.0,0.0,0.0,0.0,0.0,0.0,180.0,None,None,None
2025-11-07T22:14:44.774944,125.352,None,None,None,None,None,None,None,None,None,None,None,0.7,0.0,0.0,0.0,0.0,0.0,0.0,180.0,None,None,None
2025-11-07T22:14:44.775527,125.352,None,None,None,None,None,None,None,None,None,None,None,0.7,0.0,0.0,0.0,0.0,0.0,0.0,180.0,None,None,None
2025-11-07T22:14:44.776071,125.353,None,None,None,None,None,None,None,None,None,None,None,0.7,0.0,0.0,0.0,0.0,0.0,0.0,180.0,None,None,None
2025-11-07T22:14:44.776612,125.353,None,None,None,None,None,None,None,None,None,None,None,0.7,0.0,0.0,0.0,0.0,0.0,0.0,180.0,None,None,None
2025-11-07T22:14:44.777142,125.354,None,None,None,None,None,None,None,None,None,None,None,0.7,0.0,0.0,0.0,0.0,0.0,0.0,180.0,None,None,None
2025-11-07T22:14:44.777678,125.354,None,None,None,None,None,None,None,None,None,None,None,0.7,0.0,0.0,0.0,0.0,0.0,0.0,180.0,None,None,None
2025-11-07T22:14:44.778203,125.355,None,None,None,None,None,None,None,None,None,None,None,0.7,0.0,0.0,0.0,0.0,0.0,0.0,180.0,None,None,None
2025-11-07T22:14:44.778765,125.356,None,None,None,None,None,None,None,None,None,None,None,0.7,0.0,0.0,0.0,0.0,0.0,0.0,180.0,None,None,None
2025-11-07T22:14:45.236292,125.813,None,None,None,None,None,None,None,None,None,None,None,0.7,0.0,0.0,0.0,0.0,0.0,0.0,180.0,None,None,None
2025-11-07T22:14:45.237228,125.814,None,None,None,None,None,None,None,None,None,None,None,0.7,0.0,0.0,0.0,0.0,0.0,0.0,180.0,None,None,None
2025-11-07T22:14:45.237861,125.815,None,None,None,None,None,None,None,None,None,None,None,0.7,0.0,0.0,0.0,0.0,0.0,0.0,180.0,None,None,None
2025-11-07T22:14:45.238446,125.815,None,None,None,None,None,None,None,None,None,None,None,0.7,0.0,0.0,0.0,0.0,0.0,0.0,180.0,None,None,None
2025-11-07T22:14:45.239051,125.816,None,None,None,None,None,None,None,None,None,None,None,0.7,0.0,0.0,0.0,0.0,0.0,0.0,180.0,None,None,None
2025-11-07T22:14:45.239685,125.817,None,None,None,None,None,None,None,None,None,None,None,0.7,0.0,0.0,0.0,0.0,0.0,0.0,180.0,None,None,None
2025-11-07T22:14:45.240276,125.817,None,None,None,None,None,None,None,None,None,None,None,0.7,0.0,0.0,0.0,0.0,0.0,0.0,180.0,None,None,None
2025-11-07T22:14:45.673272,126.250,None,None,None,None,None,None,None,None,None,None,None,0.7,0.0,0.0,0.0,0.0,0.0,0.0,180.0,None,None,None
2025-11-07T22:14:45.674144,126.251,None,None,None,None,None,None,None,None,None,None,None,0.7,0.0,0.0,0.0,0.0,0.0,0.0,180.0,None,None,None
2025-11-07T22:14:45.682079,126.259,None,None,None,None,None,None,None,None,None,None,None,0.7,0.0,0.0,0.0,0.0,0.0,0.0,180.0,None,None,None
2025-11-07T22:14:45.682967,126.260,None,None,None,None,None,None,None,None,None,None,None,0.7,0.0,0.0,0.0,0.0,0.0,0.0,180.0,None,None,None
2025-11-07T22:14:45.683718,126.261,None,None,None,None,None,None,None,None,None,None,None,0.7,0.0,0.0,0.0,0.0,0.0,0.0,180.0,None,None,None
2025-11-07T22:14:45.684608,126.261,None,None,None,None,None,None,None,None,None,None,None,0.7,0.0,0.0,0.0,0.0,0.0,0.0,180.0,None,None,None
2025-11-07T22:14:45.685596,126.262,None,None,None,None,None,None,None,None,None,None,None,0.7,0.0,0.0,0.0,0.0,0.0,0.0,180.0,None,None,None
2025-11-07T22:14:45.686326,126.263,None,None,None,None,None,None,None,None,None,None,None,0.7,0.0,0.0,0.0,0.0,0.0,0.0,180.0,None,None,None
2025-11-07T22:14:45.687204,126.264,None,None,None,None,None,None,None,None,None,None,None,0.7,0.0,0.0,0.0,0.0,0.0,0.0,180.0,None,None,None
2025-11-07T22:14:46.153467,126.730,None,None,None,None,None,None,None,None,None,None,None,0.7,0.0,0.0,0.0,0.0,0.0,0.0,180.0,None,None,None
2025-11-07T22:14:46.154123,126.731,None,None,None,None,None,None,None,None,None,None,None,0.7,0.0,0.0,0.0,0.0,0.0,0.0,180.0,None,None,None
2025-11-07T22:14:46.154650,126.731,None,None,None,None,None,None,None,None,None,None,None,0.7,0.0,0.0,0.0,0.0,0.0,0.0,180.0,None,None,None
2025-11-07T22:14:46.155150,126.732,None,None,None,None,None,None,None,None,None,None,None,0.7,0.0,0.0,0.0,0.0,0.0,0.0,180.0,None,None,None
2025-11-07T22:14:46.155686,126.733,None,None,None,None,None,None,None,None,None,None,None,0.7,0.0,0.0,0.0,0.0,0.0,0.0,180.0,None,None,None
2025-11-07T22:14:46.156148,126.733,None,None,None,None,None,None,None,None,None,None,None,0.7,0.0,0.0,0.0,0.0,0.0,0.0,180.0,None,None,None
2025-11-07T22:14:46.156625,126.733,None,None,None,None,None,None,None,None,None,None,None,0.7,0.0,0.0,0.0,0.0,0.0,0.0,180.0,None,None,None
2025-11-07T22:14:46.157084,126.734,None,None,None,None,None,None,None,None,None,None,None,0.7,0.0,0.0,0.0,0.0,0.0,0.0,180.0,None,None,None
2025-11-07T22:14:46.157561,126.734,None,None,None,None,None,None,None,None,None,None,None,0.7,0.0,0.0,0.0,0.0,0.0,0.0,180.0,None,None,None
2025-11-07T22:14:46.585550,127.162,None,None,None,None,None,None,None,None,None,None,None,0.7,0.0,0.0,0.0,0.0,0.0,0.0,180.0,None,None,None
2025-11-07T22:14:46.586341,127.163,None,None,None,None,None,None,None,None,None,None,None,0.7,0.0,0.0,0.0,0.0,0.0,0.0,180.0,None,None,None
2025-11-07T22:14:46.586931,127.164,None,None,None,None,None,None,None,None,None,None,None,0.7,0.0,0.0,0.0,0.0,0.0,0.0,180.0,None,None,None
2025-11-07T22:14:46.587527,127.164,None,None,None,None,None,None,None,None,None,None,None,0.7,0.0,0.0,0.0,0.0,0.0,0.0,180.0,None,None,None
2025-11-07T22:14:46.588100,127.165,None,None,None,None,None,None,None,None,None,None,None,0.7,0.0,0.0,0.0,0.0,0.0,0.0,180.0,None,None,None
2025-11-07T22:14:46.588722,127.166,None,None,None,None,None,None,None,None,None,None,None,0.7,0.0,0.0,0.0,0.0,0.0,0.0,180.0,None,None,None
2025-11-07T22:14:46.589260,127.166,None,None,None,None,None,None,None,None,None,None,None,0.7,0.0,0.0,0.0,0.0,0.0,0.0,180.0,None,None,None
2025-11-07T22:14:47.019199,127.596,None,None,None,None,None,None,None,None,None,None,None,0.7,0.0,0.0,0.0,0.0,0.0,0.0,180.0,None,None,None
2025-11-07T22:14:47.020163,127.597,None,None,None,None,None,None,None,None,None,None,None,0.7,0.0,0.0,0.0,0.0,0.0,0.0,180.0,None,None,None
2025-11-07T22:14:47.020793,127.598,None,None,None,None,None,None,None,None,None,None,None,0.7,0.0,0.0,0.0,0.0,0.0,0.0,180.0,None,None,None
2025-11-07T22:14:47.021617,127.598,None,None,None,None,None,None,None,None,None,None,None,0.7,0.0,0.0,0.0,0.0,0.0,0.0,180.0,None,None,None
2025-11-07T22:14:47.022544,127.599,None,None,None,None,None,None,None,None,None,None,None,0.7,0.0,0.0,0.0,0.0,0.0,0.0,180.0,None,None,None
2025-11-07T22:14:47.023549,127.600,None,None,None,None,None,None,None,None,None,None,None,0.7,0.0,0.0,0.0,0.0,0.0,0.0,180.0,None,None,None
2025-11-07T22:14:47.024131,127.601,None,None,None,None,None,None,None,None,None,None,None,0.7,0.0,0.0,0.0,0.0,0.0,0.0,180.0,None,None,None
2025-11-07T22:14:47.563046,128.140,None,None,None,None,None,None,None,None,None,None,None,0.7,0.0,0.0,0.0,0.0,0.0,0.0,180.0,None,None,None
2025-11-07T22:14:47.564515,128.141,None,None,None,None,None,None,None,None,None,None,None,0.7,0.0,0.0,0.0,0.0,0.0,0.0,180.0,None,None,None
2025-11-07T22:14:47.565542,128.142,None,None,None,None,None,None,None,None,None,None,None,0.7,0.0,0.0,0.0,0.0,0.0,0.0,180.0,None,None,None
2025-11-07T22:14:47.566533,128.143,None,None,None,None,None,None,None,None,None,None,None,0.7,0.0,0.0,0.0,0.0,0.0,0.0,180.0,None,None,None
2025-11-07T22:14:47.567510,128.144,None,None,None,None,None,None,None,None,None,None,None,0.7,0.0,0.0,0.0,0.0,0.0,0.0,180.0,None,None,None
2025-11-07T22:14:47.568670,128.145,None,None,None,None,None,None,None,None,None,None,None,0.7,0.0,0.0,0.0,0.0,0.0,0.0,180.0,None,None,None
2025-11-07T22:14:47.569682,128.147,None,None,None,None,None,None,None,None,None,None,None,0.7,0.0,0.0,0.0,0.0,0.0,0.0,180.0,None,None,None
2025-11-07T22:14:47.570664,128.147,None,None,None,None,None,None,None,None,None,None,None,0.7,0.0,0.0,0.0,0.0,0.0,0.0,180.0,None,None,None
2025-11-07T22:14:47.571599,128.148,None,None,None,None,None,None,None,None,None,None,None,0.7,0.0,0.0,0.0,0.0,0.0,0.0,180.0,None,None,None
2025-11-07T22:14:47.572645,128.149,None,None,None,None,None,None,None,None,None,None,None,0.7,0.0,0.0,0.0,0.0,0.0,0.0,180.0,None,None,None
2025-11-07T22:14:47.573497,128.150,None,None,None,None,None,None,None,None,None,None,None,0.7,0.0,0.0,0.0,0.0,0.0,0.0,180.0,None,None,None
2025-11-07T22:14:48.081794,128.659,None,None,None,None,None,None,None,None,None,None,None,0.7,0.0,0.0,0.0,0.0,0.0,0.0,180.0,None,None,None
2025-11-07T22:14:48.082609,128.659,None,None,None,None,None,None,None,None,None,None,None,0.7,0.0,0.0,0.0,0.0,0.0,0.0,180.0,None,None,None
2025-11-07T22:14:48.083247,128.660,None,None,None,None,None,None,None,None,None,None,None,0.7,0.0,0.0,0.0,0.0,0.0,0.0,180.0,None,None,None
2025-11-07T22:14:48.083821,128.661,None,None,None,None,None,None,None,None,None,None,None,0.7,0.0,0.0,0.0,0.0,0.0,0.0,180.0,None,None,None
2025-11-07T22:14:48.084429,128.661,None,None,None,None,None,None,None,None,None,None,None,0.7,0.0,0.0,0.0,0.0,0.0,0.0,180.0,None,None,None
2025-11-07T22:14:48.085063,128.662,None,None,None,None,None,None,None,None,None,None,None,0.7,0.0,0.0,0.0,0.0,0.0,0.0,180.0,None,None,None
2025-11-07T22:14:48.085673,128.662,None,None,None,None,None,None,None,None,None,None,None,0.7,0.0,0.0,0.0,0.0,0.0,0.0,180.0,None,None,None
2025-11-07T22:14:48.086259,128.663,None,None,None,None,None,None,None,None,None,None,None,0.7,0.0,0.0,0.0,0.0,0.0,0.0,180.0,None,None,None
2025-11-07T22:14:48.086841,128.664,None,None,None,None,None,None,None,None,None,None,None,0.7,0.0,0.0,0.0,0.0,0.0,0.0,180.0,None,None,None
2025-11-07T22:14:48.529000,129.106,None,None,None,None,None,None,None,None,None,None,None,0.7,0.0,0.0,0.0,0.0,0.0,0.0,180.0,None,None,None
2025-11-07T22:14:48.529740,129.107,None,None,None,None,None,None,None,None,None,None,None,0.7,0.0,0.0,0.0,0.0,0.0,0.0,180.0,None,None,None
2025-11-07T22:14:48.530313,129.107,None,None,None,None,None,None,None,None,None,None,None,0.7,0.0,0.0,0.0,0.0,0.0,0.0,180.0,None,None,None
2025-11-07T22:14:48.530992,129.108,None,None,None,None,None,None,None,None,None,None,None,0.7,0.0,0.0,0.0,0.0,0.0,0.0,180.0,None,None,None
2025-11-07T22:14:48.531629,129.108,None,None,None,None,None,None,None,None,None,None,None,0.7,0.0,0.0,0.0,0.0,0.0,0.0,180.0,None,None,None
2025-11-07T22:14:48.532206,129.109,None,None,None,None,None,None,None,None,None,None,None,0.7,0.0,0.0,0.0,0.0,0.0,0.0,180.0,None,None,None
2025-11-07T22:14:48.532779,129.110,None,None,None,None,None,None,None,None,None,None,None,0.7,0.0,0.0,0.0,0.0,0.0,0.0,180.0,None,None,None
2025-11-07T22:14:48.963695,129.541,None,None,None,None,None,None,None,None,None,None,None,0.7,0.0,0.0,0.0,0.0,0.0,0.0,180.0,None,None,None
2025-11-07T22:14:48.964457,129.541,None,None,None,None,None,None,None,None,None,None,None,0.7,0.0,0.0,0.0,0.0,0.0,0.0,180.0,None,None,None
2025-11-07T22:14:48.965085,129.542,None,None,None,None,None,None,None,None,None,None,None,0.7,0.0,0.0,0.0,0.0,0.0,0.0,180.0,None,None,None
2025-11-07T22:14:48.965715,129.543,None,None,None,None,None,None,None,None,None,None,None,0.7,0.0,0.0,0.0,0.0,0.0,0.0,180.0,None,None,None
2025-11-07T22:14:48.966290,129.543,None,None,None,None,None,None,None,None,None,None,None,0.7,0.0,0.0,0.0,0.0,0.0,0.0,180.0,None,None,None
2025-11-07T22:14:48.966855,129.544,None,None,None,None,None,None,None,None,None,None,None,0.7,0.0,0.0,0.0,0.0,0.0,0.0,180.0,None,None,None
2025-11-07T22:14:48.967447,129.544,None,None,None,None,None,None,None,None,None,None,None,0.7,0.0,0.0,0.0,0.0,0.0,0.0,180.0,None,None,None
2025-11-07T22:14:48.968030,129.545,None,None,None,None,None,None,None,None,None,None,None,0.7,0.0,0.0,0.0,0.0,0.0,0.0,180.0,None,None,None
2025-11-07T22:14:48.968695,129.546,None,None,None,None,None,None,None,None,None,None,None,0.7,0.0,0.0,0.0,0.0,0.0,0.0,180.0,None,None,None
2025-11-07T22:14:49.407087,129.984,None,None,None,None,None,None,None,None,None,None,None,0.7,0.0,0.0,0.0,0.0,0.0,0.0,180.0,None,None,None
2025-11-07T22:14:49.407989,129.985,None,None,None,None,None,None,None,None,None,None,None,0.7,0.0,0.0,0.0,0.0,0.0,0.0,180.0,None,None,None
2025-11-07T22:14:49.408815,129.986,None,None,None,None,None,None,None,None,None,None,None,0.7,0.0,0.0,0.0,0.0,0.0,0.0,180.0,None,None,None
2025-11-07T22:14:49.409916,129.987,None,None,None,None,None,None,None,None,None,None,None,0.7,0.0,0.0,0.0,0.0,0.0,0.0,180.0,None,None,None
2025-11-07T22:14:49.410763,129.988,None,None,None,None,None,None,None,None,None,None,None,0.7,0.0,0.0,0.0,0.0,0.0,0.0,180.0,None,None,None
2025-11-07T22:14:49.411515,129.988,None,None,None,None,None,None,None,None,None,None,None,0.7,0.0,0.0,0.0,0.0,0.0,0.0,180.0,None,None,None
2025-11-07T22:14:49.412394,129.989,None,None,None,None,None,None,None,None,None,None,None,0.7,0.0,0.0,0.0,0.0,0.0,0.0,180.0,None,None,None
2025-11-07T22:14:49.845035,130.422,None,None,None,None,None,None,None,None,None,None,None,0.7,0.0,0.0,0.0,0.0,0.0,0.0,180.0,None,None,None
2025-11-07T22:14:49.845726,130.423,None,None,None,None,None,None,None,None,None,None,None,0.7,0.0,0.0,0.0,0.0,0.0,0.0,180.0,None,None,None
2025-11-07T22:14:49.846246,130.423,None,None,None,None,None,None,None,None,None,None,None,0.7,0.0,0.0,0.0,0.0,0.0,0.0,180.0,None,None,None
2025-11-07T22:14:49.846736,130.424,None,None,None,None,None,None,None,None,None,None,None,0.7,0.0,0.0,0.0,0.0,0.0,0.0,180.0,None,None,None
2025-11-07T22:14:49.847399,130.424,None,None,None,None,None,None,None,None,None,None,None,0.7,0.0,0.0,0.0,0.0,0.0,0.0,180.0,None,None,None
2025-11-07T22:14:49.848099,130.425,None,None,None,None,None,None,None,None,None,None,None,0.7,0.0,0.0,0.0,0.0,0.0,0.0,180.0,None,None,None
2025-11-07T22:14:49.848772,130.426,None,None,None,None,None,None,None,None,None,None,None,0.7,0.0,0.0,0.0,0.0,0.0,0.0,180.0,None,None,None
2025-11-07T22:14:50.302475,130.879,None,None,None,None,None,None,None,None,None,None,None,0.7,0.0,0.0,0.0,0.0,0.0,0.0,180.0,None,None,None
2025-11-07T22:14:50.303217,130.880,None,None,None,None,None,None,None,None,None,None,None,0.7,0.0,0.0,0.0,0.0,0.0,0.0,180.0,None,None,None
2025-11-07T22:14:50.303784,130.881,None,None,None,None,None,None,None,None,None,None,None,0.7,0.0,0.0,0.0,0.0,0.0,0.0,180.0,None,None,None
2025-11-07T22:14:50.304358,130.881,None,None,None,None,None,None,None,None,None,None,None,0.7,0.0,0.0,0.0,0.0,0.0,0.0,180.0,None,None,None
2025-11-07T22:14:50.304981,130.882,None,None,None,None,None,None,None,None,None,None,None,0.7,0.0,0.0,0.0,0.0,0.0,0.0,180.0,None,None,None
2025-11-07T22:14:50.305583,130.882,None,None,None,None,None,None,None,None,None,None,None,0.7,0.0,0.0,0.0,0.0,0.0,0.0,180.0,None,None,None
2025-11-07T22:14:50.306148,130.883,None,None,None,None,None,None,None,None,None,None,None,0.7,0.0,0.0,0.0,0.0,0.0,0.0,180.0,None,None,None
2025-11-07T22:14:50.306734,130.884,None,None,None,None,None,None,None,None,None,None,None,0.7,0.0,0.0,0.0,0.0,0.0,0.0,180.0,None,None,None
2025-11-07T22:14:50.307415,130.884,None,None,None,None,None,None,None,None,None,None,None,0.7,0.0,0.0,0.0,0.0,0.0,0.0,180.0,None,None,None
2025-11-07T22:14:50.742835,131.320,None,None,None,None,None,None,None,None,None,None,None,0.7,0.0,0.0,0.0,0.0,0.0,0.0,180.0,None,None,None
2025-11-07T22:14:50.743618,131.320,None,None,None,None,None,None,None,None,None,None,None,0.7,0.0,0.0,0.0,0.0,0.0,0.0,180.0,None,None,None
2025-11-07T22:14:50.751678,131.329,None,None,None,None,None,None,None,None,None,None,None,0.7,0.0,0.0,0.0,0.0,0.0,0.0,180.0,None,None,None
2025-11-07T22:14:50.752820,131.330,None,None,None,None,None,None,None,None,None,None,None,0.7,0.0,0.0,0.0,0.0,0.0,0.0,180.0,None,None,None
2025-11-07T22:14:50.753601,131.330,None,None,None,None,None,None,None,None,None,None,None,0.7,0.0,0.0,0.0,0.0,0.0,0.0,180.0,None,None,None
2025-11-07T22:14:50.754328,131.331,None,None,None,None,None,None,None,None,None,None,None,0.7,0.0,0.0,0.0,0.0,0.0,0.0,180.0,None,None,None
2025-11-07T22:14:50.755220,131.332,None,None,None,None,None,None,None,None,None,None,None,0.7,0.0,0.0,0.0,0.0,0.0,0.0,180.0,None,None,None
2025-11-07T22:14:51.206388,131.783,None,None,None,None,None,None,None,None,None,None,None,0.7,0.0,0.0,0.0,0.0,0.0,0.0,180.0,None,None,None
2025-11-07T22:14:51.207523,131.784,None,None,None,None,None,None,None,None,None,None,None,0.7,0.0,0.0,0.0,0.0,0.0,0.0,180.0,None,None,None
2025-11-07T22:14:51.208528,131.785,None,None,None,None,None,None,None,None,None,None,None,0.7,0.0,0.0,0.0,0.0,0.0,0.0,180.0,None,None,None
2025-11-07T22:14:51.209480,131.786,None,None,None,None,None,None,None,None,None,None,None,0.7,0.0,0.0,0.0,0.0,0.0,0.0,180.0,None,None,None
2025-11-07T22:14:51.210348,131.787,None,None,None,None,None,None,None,None,None,None,None,0.7,0.0,0.0,0.0,0.0,0.0,0.0,180.0,None,None,None
2025-11-07T22:14:51.210945,131.788,None,None,None,None,None,None,None,None,None,None,None,0.7,0.0,0.0,0.0,0.0,0.0,0.0,180.0,None,None,None
2025-11-07T22:14:51.211840,131.789,None,None,None,None,None,None,None,None,None,None,None,0.7,0.0,0.0,0.0,0.0,0.0,0.0,180.0,None,None,None
2025-11-07T22:14:51.212521,131.789,None,None,None,None,None,None,None,None,None,None,None,0.7,0.0,0.0,0.0,0.0,0.0,0.0,180.0,None,None,None
2025-11-07T22:14:51.213294,131.790,None,None,None,None,None,None,None,None,None,None,None,0.7,0.0,0.0,0.0,0.0,0.0,0.0,180.0,None,None,None
2025-11-07T22:14:51.680699,132.258,None,None,None,None,None,None,None,None,None,None,None,0.7,0.0,0.0,0.0,0.0,0.0,0.0,180.0,None,None,None
2025-11-07T22:14:51.681490,132.258,None,None,None,None,None,None,None,None,None,None,None,0.7,0.0,0.0,0.0,0.0,0.0,0.0,180.0,None,None,None
2025-11-07T22:14:51.682138,132.259,None,None,None,None,None,None,None,None,None,None,None,0.7,0.0,0.0,0.0,0.0,0.0,0.0,180.0,None,None,None
2025-11-07T22:14:51.682796,132.260,None,None,None,None,None,None,None,None,None,None,None,0.7,0.0,0.0,0.0,0.0,0.0,0.0,180.0,None,None,None
2025-11-07T22:14:51.683432,132.260,None,None,None,None,None,None,None,None,None,None,None,0.7,0.0,0.0,0.0,0.0,0.0,0.0,180.0,None,None,None
2025-11-07T22:14:51.684052,132.261,None,None,None,None,None,None,None,None,None,None,None,0.7,0.0,0.0,0.0,0.0,0.0,0.0,180.0,None,None,None
2025-11-07T22:14:51.684706,132.262,None,None,None,None,None,None,None,None,None,None,None,0.7,0.0,0.0,0.0,0.0,0.0,0.0,180.0,None,None,None
