Timestamp,Elapsed_Time_s,CAN_Message
2025-11-08T03:08:13.226454,2.829,can0  204  [16]  E1 22 50 46 50 46 50 46 28 23 20 4E 30 75 00 00
2025-11-08T03:08:13.268527,2.871,can0  204  [16]  E1 22 50 46 50 46 50 46 28 23 20 4E 30 75 00 00
2025-11-08T03:08:13.316112,2.918,can0  206  [16]  9F 0C DC 07 9F 0C 57 E3 E0 07 BB 0C A7 0C 00 00
2025-11-08T03:08:13.342923,2.945,can0  204  [16]  E1 22 50 46 50 46 50 46 28 23 20 4E 30 75 00 00
2025-11-08T03:08:13.343461,2.946,can0  041  [04]  3F 01 00 00
2025-11-08T03:08:13.383183,2.985,can0  204  [16]  E1 22 50 46 50 46 50 46 28 23 20 4E 30 75 00 00
2025-11-08T03:08:13.445939,3.048,can0  204  [16]  E1 22 50 46 50 46 50 46 28 23 20 4E 30 75 00 00
2025-11-08T03:08:13.479982,3.082,can0  206  [16]  A3 0C DA 07 9F 0C F4 E3 F2 07 BF 0C A3 0C 00 00
2025-11-08T03:08:13.494591,3.097,can0  204  [16]  E1 22 50 46 50 46 50 46 28 23 20 4E 30 75 00 00
2025-11-08T03:08:13.557819,3.160,can0  204  [16]  E1 22 50 46 50 46 50 46 28 23 20 4E 30 75 00 00
2025-11-08T03:08:13.607064,3.209,can0  041  [04]  3F 01 00 00
2025-11-08T03:08:13.610307,3.213,can0  204  [16]  E1 22 50 46 50 46 50 46 28 23 20 4E 30 75 00 00
2025-11-08T03:08:13.647427,3.250,can0  206  [16]  8F 0C DA 07 A7 0C DA DC F6 07 BB 0C AB 0C 00 00
2025-11-08T03:08:13.668132,3.270,can0  204  [16]  E1 22 50 46 50 46 50 46 28 23 20 4E 30 75 00 00
2025-11-08T03:08:13.723507,3.326,can0  204  [16]  E1 22 50 46 50 46 50 46 28 23 20 4E 30 75 00 00
2025-11-08T03:08:13.782852,3.385,can0  204  [16]  E1 22 50 46 50 46 50 46 28 23 20 4E 30 75 00 00
2025-11-08T03:08:13.823032,3.425,can0  206  [16]  9F 0C DC 07 9F 0C 3A DF F2 07 BF 0C A7 0C 00 00
2025-11-08T03:08:13.838264,3.441,can0  204  [16]  E1 22 50 46 50 46 50 46 28 23 20 4E 30 75 00 00
2025-11-08T03:08:13.874657,3.477,can0  041  [04]  E4 00 00 00
2025-11-08T03:08:13.899233,3.502,can0  204  [16]  E1 22 50 46 50 46 50 46 28 23 20 4E 30 75 00 00
2025-11-08T03:08:13.970332,3.573,can0  204  [16]  E1 22 50 46 50 46 50 46 28 23 20 4E 30 75 00 00
2025-11-08T03:08:14.008048,3.610,can0  206  [16]  A7 0C DE 07 9B 0C B1 E0 EF 07 BB 0C A3 0C 00 00
2025-11-08T03:08:14.033079,3.635,can0  204  [16]  E1 22 50 46 50 46 50 46 28 23 20 4E 30 75 00 00
2025-11-08T03:08:14.086334,3.689,can0  204  [16]  E1 22 50 46 50 46 50 46 28 23 20 4E 30 75 00 00
2025-11-08T03:08:14.141044,3.743,can0  041  [04]  8B 00 00 00
2025-11-08T03:08:14.146632,3.749,can0  204  [16]  E1 22 50 46 50 46 50 46 28 23 20 4E 30 75 00 00
2025-11-08T03:08:14.154672,3.757,can0  206  [16]  A7 0C DC 07 97 0C B1 E0 F8 07 CB 0C 9F 0C 00 00
2025-11-08T03:08:14.211810,3.814,can0  204  [16]  E1 22 50 46 50 46 50 46 28 23 20 4E 30 75 00 00
2025-11-08T03:08:14.270316,3.873,can0  204  [16]  E1 22 50 46 50 46 50 46 28 23 20 4E 30 75 00 00
2025-11-08T03:08:14.316808,3.919,can0  206  [16]  9F 0C DE 07 A3 0C DA DC F4 07 C3 0C A3 0C 00 00
2025-11-08T03:08:14.318422,3.921,can0  204  [16]  E1 22 50 46 50 46 50 46 28 23 20 4E 30 75 00 00
2025-11-08T03:08:14.374572,3.977,can0  204  [16]  E1 22 50 46 50 46 50 46 28 23 20 4E 30 75 00 00
2025-11-08T03:08:14.417785,4.020,can0  041  [04]  2F 00 00 00
2025-11-08T03:08:14.431317,4.034,can0  204  [16]  E1 22 50 46 50 46 50 46 28 23 20 4E 30 75 00 00
2025-11-08T03:08:14.489055,4.091,can0  206  [16]  A7 0C DC 07 97 0C B1 E0 F2 07 BB 0C A3 0C 00 00
2025-11-08T03:08:14.489347,4.092,can0  204  [16]  E1 22 50 46 50 46 50 46 28 23 20 4E 30 75 00 00
2025-11-08T03:08:14.546334,4.149,can0  204  [16]  E1 22 50 46 50 46 50 46 28 23 20 4E 30 75 00 00
2025-11-08T03:08:14.606053,4.208,can0  204  [16]  E1 22 50 46 50 46 50 46 28 23 20 4E 30 75 00 00
2025-11-08T03:08:14.647423,4.250,can0  206  [16]  A7 0C DC 07 97 0C B1 E0 F2 07 C3 0C A3 0C 00 00
2025-11-08T03:08:14.674690,4.277,can0  204  [16]  E1 22 50 46 50 46 50 46 28 23 20 4E 30 75 00 00
2025-11-08T03:08:14.674754,4.277,can0  041  [04]  2F 00 00 00
2025-11-08T03:08:14.724248,4.327,can0  204  [16]  E1 22 50 46 50 46 50 46 28 23 20 4E 30 75 00 00
2025-11-08T03:08:14.786077,4.388,can0  204  [16]  E1 22 50 46 50 46 50 46 28 23 20 4E 30 75 00 00
2025-11-08T03:08:14.826797,4.429,can0  206  [16]  AB 0C DC 07 AB 0C DA DC F4 07 A7 0C 9B 0C 00 00
2025-11-08T03:08:14.833649,4.436,can0  204  [16]  E1 22 50 46 50 46 50 46 28 23 20 4E 30 75 00 00
2025-11-08T03:08:14.896418,4.499,can0  204  [16]  E1 22 50 46 50 46 50 46 28 23 20 4E 30 75 00 00
2025-11-08T03:08:14.936756,4.539,can0  041  [04]  8B 00 00 00
2025-11-08T03:08:14.981292,4.584,can0  204  [16]  E1 22 50 46 50 46 50 46 28 23 20 4E 30 75 00 00
2025-11-08T03:08:14.985259,4.588,can0  206  [16]  A7 0C DE 07 9F 0C 3A DF EF 07 BF 0C 9F 0C 00 00
2025-11-08T03:08:15.026102,4.628,can0  204  [16]  E1 22 50 46 50 46 50 46 28 23 20 4E 30 75 00 00
2025-11-08T03:08:15.086577,4.689,can0  204  [16]  E1 22 50 46 50 46 50 46 28 23 20 4E 30 75 00 00
2025-11-08T03:08:15.141190,4.743,can0  204  [16]  E1 22 50 46 50 46 50 46 28 23 20 4E 30 75 00 00
2025-11-08T03:08:15.151991,4.754,can0  206  [16]  A3 0C DC 07 97 0C 3A DF F2 07 C7 0C A7 0C 00 00
2025-11-08T03:08:15.197106,4.799,can0  204  [16]  E1 22 50 46 50 46 50 46 28 23 20 4E 30 75 00 00
2025-11-08T03:08:15.227600,4.830,can0  041  [04]  2F 00 00 00
2025-11-08T03:08:15.264095,4.866,can0  204  [16]  E1 22 50 46 50 46 50 46 28 23 20 4E 30 75 00 00
2025-11-08T03:08:15.314999,4.917,can0  204  [16]  E1 22 50 46 50 46 50 46 28 23 20 4E 30 75 00 00
2025-11-08T03:08:15.322902,4.925,can0  206  [16]  A3 0C DE 07 9B 0C 99 C6 F2 07 C3 0C A7 0C 00 00
2025-11-08T03:08:15.402783,5.005,can0  204  [16]  E1 22 50 46 50 46 50 46 28 23 20 4E 30 75 00 00
2025-11-08T03:08:15.430832,5.033,can0  204  [16]  E1 22 50 46 50 46 50 46 28 23 20 4E 30 75 00 00
2025-11-08T03:08:15.471816,5.074,can0  041  [04]  2F 00 00 00
2025-11-08T03:08:15.502117,5.104,can0  206  [16]  A7 0C DC 07 97 0C 2E E6 F4 07 C3 0C A3 0C 00 00
2025-11-08T03:08:15.502326,5.105,can0  204  [16]  E1 22 50 46 50 46 50 46 28 23 20 4E 30 75 00 00
2025-11-08T03:08:15.547653,5.150,can0  204  [16]  E1 22 50 46 50 46 50 46 28 23 20 4E 30 75 00 00
2025-11-08T03:08:15.612020,5.214,can0  204  [16]  E1 22 50 46 50 46 50 46 28 23 20 4E 30 75 00 00
2025-11-08T03:08:15.645160,5.247,can0  206  [16]  9F 0C DC 07 9F 0C DA DC EF 07 BF 0C A7 0C 00 00
2025-11-08T03:08:15.661509,5.264,can0  204  [16]  E1 22 50 46 50 46 50 46 28 23 20 4E 30 75 00 00
2025-11-08T03:08:15.716152,5.318,can0  204  [16]  E1 22 50 46 50 46 50 46 28 23 20 4E 30 75 00 00
2025-11-08T03:08:15.755253,5.358,can0  041  [04]  2F 00 00 00
2025-11-08T03:08:15.776213,5.378,can0  204  [16]  E1 22 50 46 50 46 50 46 28 23 20 4E 30 75 00 00
2025-11-08T03:08:15.817076,5.419,can0  206  [16]  9F 0C DC 07 9F 0C 99 C6 EF 07 BF 0C A7 0C 00 00
2025-11-08T03:08:15.834053,5.436,can0  204  [16]  E1 22 50 46 50 46 50 46 28 23 20 4E 30 75 00 00
2025-11-08T03:08:15.903524,5.506,can0  204  [16]  E1 22 50 46 50 46 50 46 28 23 20 4E 30 75 00 00
2025-11-08T03:08:15.966415,5.569,can0  204  [16]  E1 22 50 46 50 46 50 46 28 23 20 4E 30 75 00 00
2025-11-08T03:08:16.009579,5.612,can0  206  [16]  97 0C DE 07 9F 0C 99 C6 F2 07 C3 0C AF 0C 00 00
2025-11-08T03:08:16.023083,5.625,can0  041  [04]  8B 00 00 00
2025-11-08T03:08:16.024078,5.626,can0  204  [16]  E1 22 50 46 50 46 50 46 28 23 20 4E 30 75 00 00
2025-11-08T03:08:16.082734,5.685,can0  204  [16]  E1 22 50 46 50 46 50 46 28 23 20 4E 30 75 00 00
2025-11-08T03:08:16.138394,5.741,can0  204  [16]  E1 22 50 46 50 46 50 46 28 23 20 4E 30 75 00 00
2025-11-08T03:08:16.160032,5.762,can0  206  [16]  A7 0C DA 07 97 0C 99 C6 F6 07 C7 0C A3 0C 00 00
2025-11-08T03:08:16.226659,5.829,can0  204  [16]  E1 22 50 46 50 46 50 46 28 23 20 4E 30 75 00 00
2025-11-08T03:08:16.251367,5.854,can0  204  [16]  E1 22 50 46 50 46 50 46 28 23 20 4E 30 75 00 00
2025-11-08T03:08:16.268615,5.871,can0  041  [04]  8B 00 00 00
2025-11-08T03:08:16.326571,5.929,can0  204  [16]  E1 22 50 46 50 46 50 46 28 23 20 4E 30 75 00 00
2025-11-08T03:08:16.326632,5.929,can0  206  [16]  9F 0C 07 08 97 0C 99 C6 F2 07 C7 0C AB 0C 00 00
2025-11-08T03:08:16.369199,5.971,can0  204  [16]  E1 22 50 46 50 46 50 46 28 23 20 4E 30 75 00 00
2025-11-08T03:08:16.423585,6.026,can0  204  [16]  E1 22 50 46 50 46 50 46 28 23 20 4E 30 75 00 00
2025-11-08T03:08:16.474749,6.077,can0  206  [16]  A3 0C DC 07 97 0C DA DC F4 07 BB 0C AB 0C 00 00
2025-11-08T03:08:16.481122,6.083,can0  204  [16]  E1 22 50 46 50 46 50 46 28 23 20 4E 30 75 00 00
2025-11-08T03:08:16.534298,6.137,can0  041  [04]  8B 00 00 00
2025-11-08T03:08:16.549246,6.152,can0  204  [16]  E1 22 50 46 50 46 50 46 28 23 20 4E 30 75 00 00
2025-11-08T03:08:16.627677,6.230,can0  204  [16]  E1 22 50 46 50 46 50 46 28 23 20 4E 30 75 00 00
2025-11-08T03:08:16.645351,6.248,can0  206  [16]  A3 0C E0 07 9B 0C DA DC ED 07 C3 0C A3 0C 00 00
2025-11-08T03:08:16.657613,6.260,can0  204  [16]  E1 22 50 46 50 46 50 46 28 23 20 4E 30 75 00 00
2025-11-08T03:08:16.719530,6.322,can0  204  [16]  E1 22 50 46 50 46 50 46 28 23 20 4E 30 75 00 00
2025-11-08T03:08:16.773318,6.376,can0  204  [16]  E1 22 50 46 50 46 50 46 28 23 20 4E 30 75 00 00
2025-11-08T03:08:16.803257,6.406,can0  041  [04]  02 00 00 00
2025-11-08T03:08:16.841076,6.443,can0  206  [16]  A3 0C DC 07 97 0C 99 C6 EF 07 C3 0C A3 0C 00 00
2025-11-08T03:08:16.841128,6.443,can0  204  [16]  E1 22 50 46 50 46 50 46 28 23 20 4E 30 75 00 00
2025-11-08T03:08:16.884498,6.487,can0  204  [16]  E1 22 50 46 50 46 50 46 28 23 20 4E 30 75 00 00
2025-11-08T03:08:16.964802,6.567,can0  204  [16]  E1 22 50 46 50 46 50 46 28 23 20 4E 30 75 00 00
2025-11-08T03:08:16.984990,6.587,can0  206  [16]  A7 0C DC 07 9B 0C 3A DF F2 07 C3 0C 9F 0C 00 00
2025-11-08T03:08:17.042097,6.644,can0  204  [16]  E1 22 50 46 50 46 50 46 28 23 20 4E 30 75 00 00
2025-11-08T03:08:17.067016,6.669,can0  041  [04]  3F 01 00 00
2025-11-08T03:08:17.080013,6.682,can0  204  [16]  E1 22 50 46 50 46 50 46 28 23 20 4E 30 75 00 00
2025-11-08T03:08:17.148206,6.750,can0  204  [16]  E1 22 50 46 50 46 50 46 28 23 20 4E 30 75 00 00
2025-11-08T03:08:17.148272,6.751,can0  206  [16]  AB 0C DE 07 9F 0C B1 E0 1D 08 BB 0C 9F 0C 00 00
2025-11-08T03:08:17.190215,6.792,can0  204  [16]  E1 22 50 46 50 46 50 46 28 23 20 4E 30 75 00 00
2025-11-08T03:08:17.251991,6.854,can0  204  [16]  E1 22 50 46 50 46 50 46 28 23 20 4E 30 75 00 00
2025-11-08T03:08:17.305444,6.908,can0  204  [16]  E1 22 50 46 50 46 50 46 28 23 20 4E 30 75 00 00
2025-11-08T03:08:17.315059,6.917,can0  206  [16]  9B 0C DC 07 97 0C 3A DF EF 07 C7 0C AB 0C 00 00
2025-11-08T03:08:17.335959,6.938,can0  041  [04]  8B 00 00 00
2025-11-08T03:08:17.368119,6.970,can0  204  [16]  E1 22 50 46 50 46 50 46 28 23 20 4E 30 75 00 00
2025-11-08T03:08:17.465116,7.067,can0  204  [16]  E1 22 50 46 50 46 50 46 28 23 20 4E 30 75 00 00
2025-11-08T03:08:17.473319,7.076,can0  206  [16]  A7 0C DA 07 8F 0C C5 E1 F4 07 CF 0C A3 0C 00 00
2025-11-08T03:08:17.492900,7.095,can0  204  [16]  E1 22 50 46 50 46 50 46 28 23 20 4E 30 75 00 00
2025-11-08T03:08:17.558328,7.161,can0  204  [16]  E1 22 50 46 50 46 50 46 28 23 20 4E 30 75 00 00
2025-11-08T03:08:17.592897,7.195,can0  204  [16]  E1 22 50 46 50 46 50 46 28 23 20 4E 30 75 00 00
2025-11-08T03:08:17.598818,7.201,can0  041  [04]  E4 00 00 00
2025-11-08T03:08:17.644645,7.247,can0  206  [16]  9B 0C DE 07 77 0C DA DC EF 07 E3 0C AB 0C 00 00
2025-11-08T03:08:17.661554,7.264,can0  204  [16]  E1 22 50 46 50 46 50 46 28 23 20 4E 30 75 00 00
2025-11-08T03:08:17.707778,7.310,can0  204  [16]  E1 22 50 46 50 46 50 46 28 23 20 4E 30 75 00 00
2025-11-08T03:08:17.772276,7.375,can0  204  [16]  E1 22 50 46 50 46 50 46 28 23 20 4E 30 75 00 00
2025-11-08T03:08:17.803064,7.405,can0  206  [16]  A3 0C DC 07 9F 0C DA DC F8 07 B7 0C A3 0C 00 00
2025-11-08T03:08:17.823720,7.426,can0  204  [16]  E1 22 50 46 50 46 50 46 28 23 20 4E 30 75 00 00
2025-11-08T03:08:17.871985,7.474,can0  041  [04]  3F 01 00 00
2025-11-08T03:08:17.893285,7.496,can0  204  [16]  E1 22 50 46 50 46 50 46 28 23 20 4E 30 75 00 00
2025-11-08T03:08:17.976762,7.579,can0  204  [16]  E1 22 50 46 50 46 50 46 28 23 20 4E 30 75 00 00
2025-11-08T03:08:17.977134,7.579,can0  206  [16]  9B 0C DE 07 A3 0C DA DC F2 07 BB 0C A7 0C 00 00
2025-11-08T03:08:18.015437,7.618,can0  204  [16]  E1 22 50 46 50 46 50 46 28 23 20 4E 30 75 00 00
2025-11-08T03:08:18.073241,7.676,can0  204  [16]  E1 22 50 46 50 46 50 46 28 23 20 4E 30 75 00 00
2025-11-08T03:08:18.137491,7.740,can0  204  [16]  E1 22 50 46 50 46 50 46 28 23 20 4E 30 75 00 00
2025-11-08T03:08:18.138088,7.740,can0  041  [04]  3F 01 00 00
2025-11-08T03:08:18.138124,7.740,can0  206  [16]  8F 0C DE 07 AB 0C 3A DF F2 07 BF 0C AB 0C 00 00
2025-11-08T03:08:18.194303,7.797,can0  204  [16]  E1 22 50 46 50 46 50 46 28 23 20 4E 30 75 00 00
2025-11-08T03:08:18.266261,7.869,can0  204  [16]  E1 22 50 46 50 46 50 46 28 23 20 4E 30 75 00 00
2025-11-08T03:08:18.289250,7.892,can0  206  [16]  8F 0C DC 07 9F 0C B1 E0 F4 07 C7 0C B3 0C 00 00
2025-11-08T03:08:18.310141,7.912,can0  204  [16]  E1 22 50 46 50 46 50 46 28 23 20 4E 30 75 00 00
2025-11-08T03:08:18.376098,7.978,can0  204  [16]  E1 22 50 46 50 46 50 46 28 23 20 4E 30 75 00 00
2025-11-08T03:08:18.398497,8.001,can0  041  [04]  8B 00 00 00
2025-11-08T03:08:18.418536,8.021,can0  204  [16]  E1 22 50 46 50 46 50 46 28 23 20 4E 30 75 00 00
2025-11-08T03:08:18.463858,8.066,can0  206  [16]  A3 0C D8 07 9B 0C DA DC EF 07 B7 0C A3 0C 00 00
2025-11-08T03:08:18.474045,8.076,can0  204  [16]  E1 22 50 46 50 46 50 46 28 23 20 4E 30 75 00 00
2025-11-08T03:08:18.532454,8.135,can0  204  [16]  E1 22 50 46 50 46 50 46 28 23 20 4E 30 75 00 00
2025-11-08T03:08:18.592546,8.195,can0  204  [16]  E1 22 50 46 50 46 50 46 28 23 20 4E 30 75 00 00
2025-11-08T03:08:18.623919,8.226,can0  206  [16]  A7 0C DC 07 9F 0C DA DC F2 07 BF 0C 9B 0C 00 00
2025-11-08T03:08:18.649308,8.252,can0  204  [16]  E1 22 50 46 50 46 50 46 28 23 20 4E 30 75 00 00
2025-11-08T03:08:18.665847,8.268,can0  041  [04]  8B 00 00 00
2025-11-08T03:08:18.718382,8.321,can0  204  [16]  E1 22 50 46 50 46 50 46 28 23 20 4E 30 75 00 00
2025-11-08T03:08:18.784704,8.387,can0  204  [16]  E1 22 50 46 50 46 50 46 28 23 20 4E 30 75 00 00
2025-11-08T03:08:18.806688,8.409,can0  206  [16]  AB 0C DC 07 9F 0C B1 E0 F4 07 B3 0C 9F 0C 00 00
2025-11-08T03:08:18.821860,8.424,can0  204  [16]  E1 22 50 46 50 46 50 46 28 23 20 4E 30 75 00 00
2025-11-08T03:08:18.886199,8.488,can0  204  [16]  E1 22 50 46 50 46 50 46 28 23 20 4E 30 75 00 00
2025-11-08T03:08:19.226269,8.829,can0  041  [04]  8B 00 00 00
2025-11-08T03:08:19.226684,8.829,can0  204  [16]  E1 22 50 46 50 46 50 46 28 23 20 4E 30 75 00 00
2025-11-08T03:08:19.226983,8.829,can0  206  [16]  A3 0C DE 07 9B 0C DA DC F2 07 BF 0C A7 0C 00 00
2025-11-08T03:08:19.227286,8.830,can0  204  [16]  E1 22 50 46 50 46 50 46 28 23 20 4E 30 75 00 00
2025-11-08T03:08:19.227624,8.830,can0  204  [16]  E1 22 50 46 50 46 50 46 28 23 20 4E 30 75 00 00
2025-11-08T03:08:19.227773,8.830,can0  206  [16]  A3 0C E5 07 9B 0C B1 E0 EF 07 C3 0C A3 0C 00 00
2025-11-08T03:08:19.230966,8.833,can0  204  [16]  E1 22 50 46 50 46 50 46 28 23 20 4E 30 75 00 00
2025-11-08T03:08:19.233645,8.836,can0  204  [16]  E1 22 50 46 50 46 50 46 28 23 20 4E 30 75 00 00
2025-11-08T03:08:19.233843,8.836,can0  041  [04]  3F 01 00 00
2025-11-08T03:08:19.243050,8.845,can0  204  [16]  E1 22 50 46 50 46 50 46 28 23 20 4E 30 75 00 00
2025-11-08T03:08:19.305128,8.907,can0  206  [16]  7B 0C E3 07 97 0C 99 C6 F2 07 C7 0C CB 0C 00 00
2025-11-08T03:08:19.305189,8.907,can0  204  [16]  E1 22 50 46 50 46 50 46 28 23 20 4E 30 75 00 00
2025-11-08T03:08:19.426545,9.029,can0  204  [16]  E1 22 50 46 50 46 50 46 28 23 20 4E 30 75 00 00
2025-11-08T03:08:19.426872,9.029,can0  204  [16]  E1 22 50 46 50 46 50 46 28 23 20 4E 30 75 00 00
2025-11-08T03:08:19.718779,9.321,can0  206  [16]  9B 0C DE 07 97 0C 3A DF F8 07 BF 0C AB 0C 00 00
2025-11-08T03:08:19.718914,9.321,can0  041  [04]  3F 01 00 00
2025-11-08T03:08:19.718935,9.321,can0  204  [16]  E1 22 50 46 50 46 50 46 28 23 20 4E 30 75 00 00
2025-11-08T03:08:19.718951,9.321,can0  204  [16]  E1 22 50 46 50 46 50 46 28 23 20 4E 30 75 00 00
2025-11-08T03:08:19.718966,9.321,can0  204  [16]  E1 22 50 46 50 46 50 46 28 23 20 4E 30 75 00 00
2025-11-08T03:08:19.720373,9.323,can0  206  [16]  AB 0C DC 07 9B 0C A0 E2 F4 07 C7 0C 9F 0C 00 00
2025-11-08T03:08:19.720571,9.323,can0  204  [16]  E1 22 50 46 50 46 50 46 28 23 20 4E 30 75 00 00
2025-11-08T03:08:19.755208,9.357,can0  204  [16]  E1 22 50 46 50 46 50 46 28 23 20 4E 30 75 00 00
2025-11-08T03:08:19.755475,9.358,can0  041  [04]  3F 01 00 00
2025-11-08T03:08:19.759528,9.362,can0  204  [16]  E1 22 50 46 50 46 50 46 28 23 20 4E 30 75 00 00
2025-11-08T03:08:19.813310,9.416,can0  206  [16]  9B 0C DC 07 9F 0C 3A DF EF 07 BB 0C AB 0C 00 00
2025-11-08T03:08:19.845571,9.448,can0  204  [16]  E1 22 50 46 50 46 50 46 28 23 20 4E 30 75 00 00
2025-11-08T03:08:19.891993,9.494,can0  204  [16]  E1 22 50 46 50 46 50 46 28 23 20 4E 30 75 00 00
2025-11-08T03:08:20.157602,9.760,can0  204  [16]  E1 22 50 46 50 46 50 46 28 23 20 4E 30 75 00 00
2025-11-08T03:08:20.157828,9.760,can0  206  [16]  A3 0C DC 07 97 0C B1 E0 F2 07 BF 0C A7 0C 00 00
2025-11-08T03:08:20.157888,9.760,can0  041  [04]  2F 00 00 00
2025-11-08T03:08:20.157941,9.760,can0  204  [16]  E1 22 50 46 50 46 50 46 28 23 20 4E 30 75 00 00
2025-11-08T03:08:20.157982,9.760,can0  204  [16]  E1 22 50 46 50 46 50 46 28 23 20 4E 30 75 00 00
2025-11-08T03:08:20.158141,9.760,can0  204  [16]  E1 22 50 46 50 46 50 46 28 23 20 4E 30 75 00 00
2025-11-08T03:08:20.158168,9.760,can0  206  [16]  A7 0C DC 07 9F 0C 99 C6 F4 07 C3 0C 9F 0C 00 00
2025-11-08T03:08:20.305997,9.908,can0  204  [16]  E1 22 50 46 50 46 50 46 28 23 20 4E 30 75 00 00
2025-11-08T03:08:20.307835,9.910,can0  204  [16]  E1 22 50 46 50 46 50 46 28 23 20 4E 30 75 00 00
2025-11-08T03:08:20.307889,9.910,can0  041  [04]  2F 00 00 00
2025-11-08T03:08:20.307910,9.910,can0  204  [16]  E1 22 50 46 50 46 50 46 28 23 20 4E 30 75 00 00
2025-11-08T03:08:20.308143,9.910,can0  206  [16]  9F 0C DC 07 9F 0C 3A DF F2 07 BB 0C A7 0C 00 00
2025-11-08T03:08:20.357156,9.959,can0  204  [16]  E1 22 50 46 50 46 50 46 28 23 20 4E 30 75 00 00
2025-11-08T03:08:20.488695,10.091,can0  204  [16]  E1 22 50 46 50 46 50 46 28 23 20 4E 30 75 00 00
2025-11-08T03:08:20.488766,10.091,can0  206  [16]  9F 0C DC 07 9F 0C B1 E0 EF 07 AF 0C A7 0C 00 00
2025-11-08T03:08:20.488789,10.091,can0  204  [16]  E1 22 50 46 50 46 50 46 28 23 20 4E 30 75 00 00
2025-11-08T03:08:20.530415,10.133,can0  204  [16]  E1 22 50 46 50 46 50 46 28 23 20 4E 30 75 00 00
2025-11-08T03:08:20.530480,10.133,can0  041  [04]  2F 00 00 00
2025-11-08T03:08:20.588029,10.190,can0  204  [16]  E1 22 50 46 50 46 50 46 28 23 20 4E 30 75 00 00
2025-11-08T03:08:20.630949,10.233,can0  206  [16]  AF 0C DC 07 9F 0C DA DC EF 07 B7 0C 97 0C 00 00
2025-11-08T03:08:20.639887,10.242,can0  204  [16]  E1 22 50 46 50 46 50 46 28 23 20 4E 30 75 00 00
2025-11-08T03:08:20.721058,10.323,can0  204  [16]  E1 22 50 46 50 46 50 46 28 23 20 4E 30 75 00 00
2025-11-08T03:08:20.870831,10.473,can0  204  [16]  E1 22 50 46 50 46 50 46 28 23 20 4E 30 75 00 00
2025-11-08T03:08:20.870899,10.473,can0  041  [04]  3F 01 00 00
2025-11-08T03:08:20.870922,10.473,can0  206  [16]  A3 0C DE 07 A7 0C DA DC F4 07 BB 0C A3 0C 00 00
2025-11-08T03:08:20.870941,10.473,can0  204  [16]  E1 22 50 46 50 46 50 46 28 23 20 4E 30 75 00 00
2025-11-08T03:08:20.871210,10.473,can0  204  [16]  E1 22 50 46 50 46 50 46 28 23 20 4E 30 75 00 00
2025-11-08T03:08:20.947225,10.549,can0  204  [16]  E1 22 50 46 50 46 50 46 28 23 20 4E 30 75 00 00
2025-11-08T03:08:21.068877,10.671,can0  206  [16]  9F 0C DC 07 9F 0C 7E E4 EF 07 BF 0C A7 0C 00 00
2025-11-08T03:08:21.076781,10.679,can0  204  [16]  E1 22 50 46 50 46 50 46 28 23 20 4E 30 75 00 00
2025-11-08T03:08:21.126224,10.728,can0  204  [16]  E1 22 50 46 50 46 50 46 28 23 20 4E 30 75 00 00
2025-11-08T03:08:21.126289,10.729,can0  041  [04]  3F 01 00 00
2025-11-08T03:08:21.126316,10.729,can0  204  [16]  E1 22 50 46 50 46 50 46 28 23 20 4E 30 75 00 00
2025-11-08T03:08:21.144187,10.746,can0  206  [16]  A7 0C DC 07 97 0C 99 C6 0E 08 BB 0C 9F 0C 00 00
2025-11-08T03:08:21.177700,10.780,can0  204  [16]  E1 22 50 46 50 46 50 46 28 23 20 4E 30 75 00 00
2025-11-08T03:08:21.234097,10.836,can0  204  [16]  E1 22 50 46 50 46 50 46 28 23 20 4E 30 75 00 00
2025-11-08T03:08:21.291551,10.894,can0  204  [16]  E1 22 50 46 50 46 50 46 28 23 20 4E 30 75 00 00
2025-11-08T03:08:21.303936,10.906,can0  206  [16]  9F 0C DC 07 97 0C DA DC EF 07 B7 0C AB 0C 00 00
2025-11-08T03:08:21.331401,10.934,can0  041  [04]  3F 01 00 00
2025-11-08T03:08:21.348174,10.950,can0  204  [16]  E1 22 50 46 50 46 50 46 28 23 20 4E 30 75 00 00
2025-11-08T03:08:21.410079,11.012,can0  204  [16]  E1 22 50 46 50 46 50 46 28 23 20 4E 30 75 00 00
2025-11-08T03:08:21.467982,11.070,can0  204  [16]  E1 22 50 46 50 46 50 46 28 23 20 4E 30 75 00 00
2025-11-08T03:08:21.484431,11.087,can0  206  [16]  AB 0C DC 07 93 0C 99 C6 F4 07 C3 0C A3 0C 00 00
2025-11-08T03:08:21.539219,11.141,can0  204  [16]  E1 22 50 46 50 46 50 46 28 23 20 4E 30 75 00 00
2025-11-08T03:08:21.576737,11.179,can0  204  [16]  E1 22 50 46 50 46 50 46 28 23 20 4E 30 75 00 00
2025-11-08T03:08:21.593456,11.196,can0  041  [04]  3F 01 00 00
2025-11-08T03:08:21.642899,11.245,can0  206  [16]  A3 0C B8 07 9B 0C DA DC EF 07 C3 0C A3 0C 00 00
2025-11-08T03:08:21.642965,11.245,can0  204  [16]  E1 22 50 46 50 46 50 46 28 23 20 4E 30 75 00 00
2025-11-08T03:08:21.691354,11.294,can0  204  [16]  E1 22 50 46 50 46 50 46 28 23 20 4E 30 75 00 00
2025-11-08T03:08:21.758636,11.361,can0  204  [16]  E1 22 50 46 50 46 50 46 28 23 20 4E 30 75 00 00
2025-11-08T03:08:21.785447,11.388,can0  206  [16]  7B 0C D1 07 BF 0C 99 C6 F2 07 BF 0C AB 0C 00 00
2025-11-08T03:08:21.812924,11.415,can0  204  [16]  E1 22 50 46 50 46 50 46 28 23 20 4E 30 75 00 00
2025-11-08T03:08:21.861715,11.464,can0  041  [04]  3F 01 00 00
2025-11-08T03:08:21.863903,11.466,can0  204  [16]  E1 22 50 46 50 46 50 46 28 23 20 4E 30 75 00 00
2025-11-08T03:08:21.949996,11.552,can0  204  [16]  E1 22 50 46 50 46 50 46 28 23 20 4E 30 75 00 00
2025-11-08T03:08:21.957740,11.560,can0  206  [16]  A7 0C DA 07 9B 0C B1 E0 F4 07 BB 0C A3 0C 00 00
2025-11-08T03:08:22.002737,11.605,can0  204  [16]  E1 22 50 46 50 46 50 46 28 23 20 4E 30 75 00 00
2025-11-08T03:08:22.062201,11.664,can0  204  [16]  E1 22 50 46 50 46 50 46 28 23 20 4E 30 75 00 00
2025-11-08T03:08:22.111897,11.714,can0  204  [16]  E1 22 50 46 50 46 50 46 28 23 20 4E 30 75 00 00
2025-11-08T03:08:22.120657,11.723,can0  206  [16]  97 0C DC 07 97 0C 99 C6 F6 07 C3 0C AF 0C 00 00
2025-11-08T03:08:22.154149,11.756,can0  041  [04]  02 00 00 00
2025-11-08T03:08:22.177006,11.779,can0  204  [16]  E1 22 50 46 50 46 50 46 28 23 20 4E 30 75 00 00
2025-11-08T03:08:22.227864,11.830,can0  204  [16]  E1 22 50 46 50 46 50 46 28 23 20 4E 30 75 00 00
2025-11-08T03:08:22.286738,11.889,can0  204  [16]  E1 22 50 46 50 46 50 46 28 23 20 4E 30 75 00 00
2025-11-08T03:08:22.297533,11.900,can0  206  [16]  97 0C DC 07 CB 0C DA DC F2 07 9B 0C AB 0C 00 00
2025-11-08T03:08:22.355595,11.958,can0  204  [16]  E1 22 50 46 50 46 50 46 28 23 20 4E 30 75 00 00
2025-11-08T03:08:22.405319,12.008,can0  041  [04]  10 01 00 00
2025-11-08T03:08:22.405784,12.008,can0  204  [16]  E1 22 50 46 50 46 50 46 28 23 20 4E 30 75 00 00
2025-11-08T03:08:22.465424,12.068,can0  204  [16]  E1 22 50 46 50 46 50 46 28 23 20 4E 30 75 00 00
2025-11-08T03:08:22.465488,12.068,can0  206  [16]  9B 0C DA 07 9B 0C 99 C6 F2 07 C3 0C AB 0C 00 00
2025-11-08T03:08:22.515789,12.118,can0  204  [16]  E1 22 50 46 50 46 50 46 28 23 20 4E 30 75 00 00
2025-11-08T03:08:22.575741,12.178,can0  204  [16]  E1 22 50 46 50 46 50 46 28 23 20 4E 30 75 00 00
2025-11-08T03:08:22.620308,12.223,can0  206  [16]  AB 0C DC 07 9B 0C 99 C6 F4 07 C3 0C 9B 0C 00 00
2025-11-08T03:08:22.672339,12.275,can0  204  [16]  E1 22 50 46 50 46 50 46 28 23 20 4E 30 75 00 00
2025-11-08T03:08:22.673224,12.275,can0  041  [04]  10 01 00 00
2025-11-08T03:08:22.693597,12.296,can0  204  [16]  E1 22 50 46 50 46 50 46 28 23 20 4E 30 75 00 00
2025-11-08T03:08:22.764321,12.367,can0  204  [16]  E1 22 50 46 50 46 50 46 28 23 20 4E 30 75 00 00
2025-11-08T03:08:22.785415,12.388,can0  206  [16]  9B 0C DC 07 9F 0C DA DC E9 07 BF 0C AB 0C 00 00
2025-11-08T03:08:22.802308,12.405,can0  204  [16]  E1 22 50 46 50 46 50 46 28 23 20 4E 30 75 00 00
2025-11-08T03:08:22.880527,12.483,can0  204  [16]  E1 22 50 46 50 46 50 46 28 23 20 4E 30 75 00 00
2025-11-08T03:08:22.925600,12.528,can0  041  [04]  3F 01 00 00
2025-11-08T03:08:22.930639,12.533,can0  204  [16]  E1 22 50 46 50 46 50 46 28 23 20 4E 30 75 00 00
2025-11-08T03:08:22.986726,12.589,can0  206  [16]  9B 0C E0 07 9B 0C A0 E2 F2 07 BF 0C AB 0C 00 00
2025-11-08T03:08:22.995389,12.598,can0  204  [16]  E1 22 50 46 50 46 50 46 28 23 20 4E 30 75 00 00
2025-11-08T03:08:23.071802,12.674,can0  204  [16]  E1 22 50 46 50 46 50 46 28 23 20 4E 30 75 00 00
2025-11-08T03:08:23.116216,12.718,can0  204  [16]  E1 22 50 46 50 46 50 46 28 23 20 4E 30 75 00 00
2025-11-08T03:08:23.124301,12.727,can0  206  [16]  B3 0C E0 07 A3 0C 3A DF F2 07 BF 0C 8F 0C 00 00
2025-11-08T03:08:23.174914,12.777,can0  204  [16]  E1 22 50 46 50 46 50 46 28 23 20 4E 30 75 00 00
2025-11-08T03:08:23.190929,12.793,can0  041  [04]  10 01 00 00
2025-11-08T03:08:23.227690,12.830,can0  204  [16]  E1 22 50 46 50 46 50 46 28 23 20 4E 30 75 00 00
2025-11-08T03:08:23.303585,12.906,can0  204  [16]  E1 22 50 46 50 46 50 46 28 23 20 4E 30 75 00 00
2025-11-08T03:08:23.303654,12.906,can0  206  [16]  AB 0C DA 07 9F 0C 99 C6 F4 07 BF 0C 9B 0C 00 00
2025-11-08T03:08:23.339532,12.942,can0  204  [16]  E1 22 50 46 50 46 50 46 28 23 20 4E 30 75 00 00
2025-11-08T03:08:23.398644,13.001,can0  204  [16]  E1 22 50 46 50 46 50 46 28 23 20 4E 30 75 00 00
2025-11-08T03:08:23.447940,13.050,can0  206  [16]  9F 0C DE 07 A3 0C B1 E0 F2 07 B3 0C A7 0C 00 00
2025-11-08T03:08:23.455819,13.058,can0  204  [16]  E1 22 50 46 50 46 50 46 28 23 20 4E 30 75 00 00
2025-11-08T03:08:23.461137,13.063,can0  041  [04]  3F 01 00 00
2025-11-08T03:08:23.515590,13.118,can0  204  [16]  E1 22 50 46 50 46 50 46 28 23 20 4E 30 75 00 00
2025-11-08T03:08:23.581255,13.184,can0  204  [16]  E1 22 50 46 50 46 50 46 28 23 20 4E 30 75 00 00
2025-11-08T03:08:23.621403,13.224,can0  206  [16]  9F 0C E0 07 9B 0C DA DC EF 07 BB 0C AB 0C 00 00
2025-11-08T03:08:23.628749,13.231,can0  204  [16]  E1 22 50 46 50 46 50 46 28 23 20 4E 30 75 00 00
2025-11-08T03:08:23.690157,13.292,can0  204  [16]  E1 22 50 46 50 46 50 46 28 23 20 4E 30 75 00 00
2025-11-08T03:08:23.728178,13.330,can0  041  [04]  02 00 00 00
2025-11-08T03:08:23.739892,13.342,can0  204  [16]  E1 22 50 46 50 46 50 46 28 23 20 4E 30 75 00 00
2025-11-08T03:08:23.806336,13.409,can0  206  [16]  9F 0C E5 07 9B 0C DA DC F2 07 C3 0C A7 0C 00 00
2025-11-08T03:08:23.806821,13.409,can0  204  [16]  E1 22 50 46 50 46 50 46 28 23 20 4E 30 75 00 00
2025-11-08T03:08:23.858454,13.461,can0  204  [16]  E1 22 50 46 50 46 50 46 28 23 20 4E 30 75 00 00
2025-11-08T03:08:23.928592,13.531,can0  204  [16]  E1 22 50 46 50 46 50 46 28 23 20 4E 30 75 00 00
2025-11-08T03:08:23.954052,13.556,can0  206  [16]  A7 0C DA 07 93 0C DA DC F6 07 C3 0C A7 0C 00 00
2025-11-08T03:08:24.005192,13.607,can0  204  [16]  E1 22 50 46 50 46 50 46 28 23 20 4E 30 75 00 00
2025-11-08T03:08:24.005259,13.608,can0  041  [04]  3F 01 02 00
2025-11-08T03:08:24.047445,13.650,can0  204  [16]  E1 22 50 46 50 46 50 46 28 23 20 4E 30 75 00 00
2025-11-08T03:08:24.110901,13.713,can0  204  [16]  E1 22 50 46 50 46 50 46 28 23 20 4E 30 75 00 00
2025-11-08T03:08:24.122024,13.724,can0  206  [16]  A7 0C DC 07 97 0C DA DC F6 07 C7 0C 9F 0C 00 00
2025-11-08T03:08:24.159547,13.762,can0  204  [16]  E1 22 50 46 50 46 50 46 28 23 20 4E 30 75 00 00
2025-11-08T03:08:24.216778,13.819,can0  204  [16]  E1 22 50 46 50 46 50 46 28 23 20 4E 30 75 00 00
2025-11-08T03:08:24.257696,13.860,can0  041  [04]  3F 01 00 00
2025-11-08T03:08:24.274240,13.877,can0  204  [16]  E1 22 50 46 50 46 50 46 28 23 20 4E 30 75 00 00
2025-11-08T03:08:24.298153,13.900,can0  206  [16]  A3 0C DE 07 A3 0C 3A DF EB 07 BF 0C A3 0C 00 00
2025-11-08T03:08:24.335020,13.937,can0  204  [16]  E1 22 50 46 50 46 50 46 28 23 20 4E 30 75 00 00
2025-11-08T03:08:24.419638,14.022,can0  204  [16]  E1 22 50 46 50 46 50 46 28 23 20 4E 30 75 00 00
2025-11-08T03:08:24.453697,14.056,can0  204  [16]  E1 22 50 46 50 46 50 46 28 23 20 4E 30 75 00 00
2025-11-08T03:08:24.460521,14.063,can0  206  [16]  9F 0C DC 07 8B 0C 99 C6 EF 07 CF 0C AB 0C 00 00
2025-11-08T03:08:24.523489,14.126,can0  204  [16]  E1 22 50 46 50 46 50 46 28 23 20 4E 30 75 00 00
2025-11-08T03:08:24.523566,14.126,can0  041  [04]  3F 01 00 00
2025-11-08T03:08:24.562550,14.165,can0  204  [16]  E1 22 50 46 50 46 50 46 28 23 20 4E 30 75 00 00
2025-11-08T03:08:24.629665,14.232,can0  206  [16]  97 0C DC 07 9B 0C 3A DF EF 07 DF 0C AF 0C 00 00
2025-11-08T03:08:24.629727,14.232,can0  204  [16]  E1 22 50 46 50 46 50 46 28 23 20 4E 30 75 00 00
2025-11-08T03:08:24.680669,14.283,can0  204  [16]  E1 22 50 46 50 46 50 46 28 23 20 4E 30 75 00 00
2025-11-08T03:08:24.745505,14.348,can0  204  [16]  E1 22 50 46 50 46 50 46 28 23 20 4E 30 75 00 00
2025-11-08T03:08:24.787680,14.390,can0  206  [16]  9B 0C DC 07 9B 0C DA DC F2 07 C3 0C AB 0C 00 00
2025-11-08T03:08:24.822196,14.424,can0  041  [04]  02 00 02 00
2025-11-08T03:08:24.822261,14.425,can0  204  [16]  E1 22 50 46 50 46 50 46 28 23 20 4E 30 75 00 00
2025-11-08T03:08:24.850604,14.453,can0  204  [16]  E1 22 50 46 50 46 50 46 28 23 20 4E 30 75 00 00
2025-11-08T03:08:24.928952,14.531,can0  204  [16]  E1 22 50 46 50 46 50 46 28 23 20 4E 30 75 00 00
2025-11-08T03:08:24.952973,14.555,can0  206  [16]  A7 0C D8 07 9B 0C 99 C6 FA 07 B3 0C A3 0C 00 00
2025-11-08T03:08:24.984346,14.587,can0  204  [16]  E1 22 50 46 50 46 50 46 28 23 20 4E 30 75 00 00
2025-11-08T03:08:25.044274,14.647,can0  204  [16]  E1 22 50 46 50 46 50 46 28 23 20 4E 30 75 00 00
2025-11-08T03:08:25.055472,14.658,can0  041  [04]  02 00 02 00
2025-11-08T03:08:25.130520,14.733,can0  204  [16]  E1 22 50 46 50 46 50 46 28 23 20 4E 30 75 00 00
2025-11-08T03:08:25.133778,14.736,can0  206  [16]  9B 0C DA 07 9F 0C DA DC F2 07 C3 0C AB 0C 00 00
2025-11-08T03:08:25.157577,14.760,can0  204  [16]  E1 22 50 46 50 46 50 46 28 23 20 4E 30 75 00 00
2025-11-08T03:08:25.222726,14.825,can0  204  [16]  E1 22 50 46 50 46 50 46 28 23 20 4E 30 75 00 00
2025-11-08T03:08:25.273768,14.876,can0  204  [16]  E1 22 50 46 50 46 50 46 28 23 20 4E 30 75 00 00
2025-11-08T03:08:25.285412,14.888,can0  206  [16]  9B 0C E3 07 A3 0C B1 E0 EF 07 BB 0C A3 0C 00 00
2025-11-08T03:08:25.331025,14.933,can0  041  [04]  3F 01 00 00
2025-11-08T03:08:25.342596,14.945,can0  204  [16]  E1 22 50 46 50 46 50 46 28 23 20 4E 30 75 00 00
2025-11-08T03:08:25.387811,14.990,can0  204  [16]  E1 22 50 46 50 46 50 46 28 23 20 4E 30 75 00 00
2025-11-08T03:08:25.443949,15.046,can0  204  [16]  E1 22 50 46 50 46 50 46 28 23 20 4E 30 75 00 00
2025-11-08T03:08:25.453351,15.056,can0  206  [16]  9B 0C DC 07 A7 0C 99 C6 F2 07 B7 0C A7 0C 00 00
2025-11-08T03:08:25.511066,15.113,can0  204  [16]  E1 22 50 46 50 46 50 46 28 23 20 4E 30 75 00 00
2025-11-08T03:08:25.560483,15.163,can0  204  [16]  E1 22 50 46 50 46 50 46 28 23 20 4E 30 75 00 00
2025-11-08T03:08:25.588140,15.190,can0  041  [04]  10 01 00 00
2025-11-08T03:08:25.631413,15.234,can0  204  [16]  E1 22 50 46 50 46 50 46 28 23 20 4E 30 75 00 00
2025-11-08T03:08:25.631479,15.234,can0  206  [16]  97 0C DE 07 A3 0C B1 E0 EF 07 BF 0C AB 0C 00 00
2025-11-08T03:08:25.677563,15.280,can0  204  [16]  E1 22 50 46 50 46 50 46 28 23 20 4E 30 75 00 00
2025-11-08T03:08:25.751400,15.354,can0  204  [16]  E1 22 50 46 50 46 50 46 28 23 20 4E 30 75 00 00
2025-11-08T03:08:25.779330,15.382,can0  206  [16]  A7 0C DC 07 9F 0C DA DC F6 07 BF 0C 9F 0C 00 00
2025-11-08T03:08:25.791079,15.393,can0  204  [16]  E1 22 50 46 50 46 50 46 28 23 20 4E 30 75 00 00
2025-11-08T03:08:25.849556,15.452,can0  204  [16]  E1 22 50 46 50 46 50 46 28 23 20 4E 30 75 00 00
2025-11-08T03:08:25.854881,15.457,can0  041  [04]  10 01 00 00
2025-11-08T03:08:25.909890,15.512,can0  204  [16]  E1 22 50 46 50 46 50 46 28 23 20 4E 30 75 00 00
2025-11-08T03:08:25.953681,15.556,can0  206  [16]  A3 0C DC 07 9B 0C DA DC EF 07 C3 0C A3 0C 00 00
2025-11-08T03:08:25.981434,15.584,can0  204  [16]  E1 22 50 46 50 46 50 46 28 23 20 4E 30 75 00 00
2025-11-08T03:08:26.038258,15.641,can0  204  [16]  E1 22 50 46 50 46 50 46 28 23 20 4E 30 75 00 00
2025-11-08T03:08:26.093153,15.695,can0  204  [16]  E1 22 50 46 50 46 50 46 28 23 20 4E 30 75 00 00
2025-11-08T03:08:26.114271,15.717,can0  206  [16]  93 0C DC 07 9F 0C 99 C6 EF 07 C3 0C AF 0C 00 00
2025-11-08T03:08:26.122834,15.725,can0  041  [04]  3F 01 00 00
2025-11-08T03:08:26.150738,15.753,can0  204  [16]  E1 22 50 46 50 46 50 46 28 23 20 4E 30 75 00 00
2025-11-08T03:08:26.208036,15.810,can0  204  [16]  E1 22 50 46 50 46 50 46 28 23 20 4E 30 75 00 00
2025-11-08T03:08:26.266097,15.868,can0  204  [16]  E1 22 50 46 50 46 50 46 28 23 20 4E 30 75 00 00
2025-11-08T03:08:26.281384,15.884,can0  206  [16]  A3 0C DA 07 9B 0C DA DC EF 07 BB 0C A7 0C 00 00
2025-11-08T03:08:26.323913,15.926,can0  204  [16]  E1 22 50 46 50 46 50 46 28 23 20 4E 30 75 00 00
2025-11-08T03:08:26.380502,15.983,can0  204  [16]  E1 22 50 46 50 46 50 46 28 23 20 4E 30 75 00 00
2025-11-08T03:08:26.390288,15.993,can0  041  [04]  3F 01 00 00
2025-11-08T03:08:26.448692,16.051,can0  204  [16]  E1 22 50 46 50 46 50 46 28 23 20 4E 30 75 00 00
2025-11-08T03:08:26.452955,16.055,can0  206  [16]  9F 0C D1 07 A3 0C 99 C6 F2 07 BB 0C A7 0C 00 00
2025-11-08T03:08:26.495668,16.098,can0  204  [16]  E1 22 50 46 50 46 50 46 28 23 20 4E 30 75 00 00
2025-11-08T03:08:26.553202,16.155,can0  204  [16]  E1 22 50 46 50 46 50 46 28 23 20 4E 30 75 00 00
2025-11-08T03:08:26.610741,16.213,can0  204  [16]  E1 22 50 46 50 46 50 46 28 23 20 4E 30 75 00 00
2025-11-08T03:08:26.619033,16.221,can0  206  [16]  AB 0C DA 07 93 0C DA DC EF 07 C3 0C A3 0C 00 00
2025-11-08T03:08:26.653251,16.256,can0  041  [04]  3F 01 02 00
2025-11-08T03:08:26.673463,16.276,can0  204  [16]  E1 22 50 46 50 46 50 46 28 23 20 4E 30 75 00 00
2025-11-08T03:08:26.727882,16.330,can0  204  [16]  E1 22 50 46 50 46 50 46 28 23 20 4E 30 75 00 00
2025-11-08T03:08:26.784683,16.387,can0  204  [16]  E1 22 50 46 50 46 50 46 28 23 20 4E 30 75 00 00
2025-11-08T03:08:26.787961,16.390,can0  206  [16]  AB 0C DC 07 97 0C 99 C6 F2 07 CF 0C 97 0C 00 00
2025-11-08T03:08:26.861957,16.464,can0  204  [16]  E1 22 50 46 50 46 50 46 28 23 20 4E 30 75 00 00
2025-11-08T03:08:26.898662,16.501,can0  204  [16]  E1 22 50 46 50 46 50 46 28 23 20 4E 30 75 00 00
2025-11-08T03:08:26.920134,16.522,can0  041  [04]  52 01 02 00
2025-11-08T03:08:26.948331,16.551,can0  206  [16]  97 0C DC 07 A3 0C 99 C6 F6 07 BF 0C AB 0C 00 00
2025-11-08T03:08:26.974814,16.577,can0  204  [16]  E1 22 50 46 50 46 50 46 28 23 20 4E 30 75 00 00
2025-11-08T03:08:27.033547,16.636,can0  204  [16]  E1 22 50 46 50 46 50 46 28 23 20 4E 30 75 00 00
2025-11-08T03:08:27.094414,16.697,can0  204  [16]  E1 22 50 46 50 46 50 46 28 23 20 4E 30 75 00 00
2025-11-08T03:08:27.108510,16.711,can0  206  [16]  9B 0C E3 07 93 0C 99 C6 EF 07 C7 0C AB 0C 00 00
2025-11-08T03:08:27.146703,16.749,can0  204  [16]  E1 22 50 46 50 46 50 46 28 23 20 4E 30 75 00 00
2025-11-08T03:08:27.187455,16.790,can0  041  [04]  02 00 02 00
2025-11-08T03:08:27.206314,16.809,can0  204  [16]  E1 22 50 46 50 46 50 46 28 23 20 4E 30 75 00 00
2025-11-08T03:08:27.285637,16.888,can0  204  [16]  E1 22 50 46 50 46 50 46 28 23 20 4E 30 75 00 00
2025-11-08T03:08:27.286473,16.889,can0  206  [16]  A3 0C DC 07 9F 0C 99 C6 EF 07 BF 0C A3 0C 00 00
2025-11-08T03:08:27.319456,16.922,can0  204  [16]  E1 22 50 46 50 46 50 46 28 23 20 4E 30 75 00 00
2025-11-08T03:08:27.376820,16.979,can0  204  [16]  E1 22 50 46 50 46 50 46 28 23 20 4E 30 75 00 00
2025-11-08T03:08:27.436426,17.039,can0  204  [16]  E1 22 50 46 50 46 50 46 28 23 20 4E 30 75 00 00
2025-11-08T03:08:27.441507,17.044,can0  206  [16]  9F 0C DE 07 A3 0C 99 C6 F2 07 BB 0C AB 0C 00 00
2025-11-08T03:08:27.457212,17.059,can0  041  [04]  02 00 00 00
2025-11-08T03:08:27.495228,17.097,can0  204  [16]  E1 22 50 46 50 46 50 46 28 23 20 4E 30 75 00 00
2025-11-08T03:08:27.560335,17.163,can0  204  [16]  E1 22 50 46 50 46 50 46 28 23 20 4E 30 75 00 00
2025-11-08T03:08:27.615355,17.218,can0  204  [16]  E1 22 50 46 50 46 50 46 28 23 20 4E 30 75 00 00
2025-11-08T03:08:27.615761,17.218,can0  206  [16]  A7 0C DC 07 A3 0C DA DC F2 07 C7 0C 9B 0C 00 00
2025-11-08T03:08:27.692329,17.295,can0  204  [16]  E1 22 50 46 50 46 50 46 28 23 20 4E 30 75 00 00
2025-11-08T03:08:27.718158,17.320,can0  041  [04]  02 00 00 00
2025-11-08T03:08:27.725221,17.327,can0  204  [16]  E1 22 50 46 50 46 50 46 28 23 20 4E 30 75 00 00
2025-11-08T03:08:27.794406,17.397,can0  206  [16]  9F 0C C7 07 97 0C DA DC EF 07 C3 0C AB 0C 00 00
2025-11-08T03:08:27.794471,17.397,can0  204  [16]  E1 22 50 46 50 46 50 46 28 23 20 4E 30 75 00 00
2025-11-08T03:08:27.839822,17.442,can0  204  [16]  E1 22 50 46 50 46 50 46 28 23 20 4E 30 75 00 00
2025-11-08T03:08:27.910888,17.513,can0  204  [16]  E1 22 50 46 50 46 50 46 28 23 20 4E 30 75 00 00
2025-11-08T03:08:27.935333,17.538,can0  206  [16]  AF 0C DC 07 9F 0C 99 C6 F2 07 C3 0C 97 0C 00 00
2025-11-08T03:08:27.984601,17.587,can0  204  [16]  E1 22 50 46 50 46 50 46 28 23 20 4E 30 75 00 00
2025-11-08T03:08:28.004331,17.607,can0  041  [04]  02 00 00 00
2025-11-08T03:08:28.038097,17.640,can0  204  [16]  E1 22 50 46 50 46 50 46 28 23 20 4E 30 75 00 00
2025-11-08T03:08:28.115834,17.718,can0  204  [16]  E1 22 50 46 50 46 50 46 28 23 20 4E 30 75 00 00
2025-11-08T03:08:28.115904,17.718,can0  206  [16]  8F 0C E0 07 97 0C DA DC F4 07 CF 0C B7 0C 00 00
2025-11-08T03:08:28.142873,17.745,can0  204  [16]  E1 22 50 46 50 46 50 46 28 23 20 4E 30 75 00 00
2025-11-08T03:08:28.202360,17.805,can0  204  [16]  E1 22 50 46 50 46 50 46 28 23 20 4E 30 75 00 00
2025-11-08T03:08:28.251632,17.854,can0  041  [04]  02 00 00 00
2025-11-08T03:08:28.259918,17.862,can0  204  [16]  E1 22 50 46 50 46 50 46 28 23 20 4E 30 75 00 00
2025-11-08T03:08:28.278041,17.880,can0  206  [16]  9F 0C DE 07 9B 0C 99 C6 E0 07 BF 0C A7 0C 00 00
2025-11-08T03:08:28.320880,17.923,can0  204  [16]  E1 22 50 46 50 46 50 46 28 23 20 4E 30 75 00 00
2025-11-08T03:08:28.375961,17.978,can0  204  [16]  E1 22 50 46 50 46 50 46 28 23 20 4E 30 75 00 00
2025-11-08T03:08:28.441775,18.044,can0  204  [16]  E1 22 50 46 50 46 50 46 28 23 20 4E 30 75 00 00
2025-11-08T03:08:28.448054,18.050,can0  206  [16]  AB 0C DE 07 97 0C DA DC F2 07 CB 0C 9F 0C 00 00
2025-11-08T03:08:28.510472,18.113,can0  204  [16]  E1 22 50 46 50 46 50 46 28 23 20 4E 30 75 00 00
2025-11-08T03:08:28.516386,18.119,can0  041  [04]  02 00 00 00
2025-11-08T03:08:28.550531,18.153,can0  204  [16]  E1 22 50 46 50 46 50 46 28 23 20 4E 30 75 00 00
2025-11-08T03:08:28.605959,18.208,can0  206  [16]  A7 0C DC 07 97 0C B1 E0 F4 07 BF 0C A3 0C 00 00
2025-11-08T03:08:28.606022,18.208,can0  204  [16]  E1 22 50 46 50 46 50 46 28 23 20 4E 30 75 00 00
2025-11-08T03:08:28.661070,18.263,can0  204  [16]  E1 22 50 46 50 46 50 46 28 23 20 4E 30 75 00 00
2025-11-08T03:08:28.730529,18.333,can0  204  [16]  E1 22 50 46 50 46 50 46 28 23 20 4E 30 75 00 00
2025-11-08T03:08:28.768898,18.371,can0  206  [16]  9F 0C DA 07 8F 0C DA DC F2 07 BB 0C A7 0C 00 00
2025-11-08T03:08:28.781454,18.384,can0  204  [16]  E1 22 50 46 50 46 50 46 28 23 20 4E 30 75 00 00
2025-11-08T03:08:28.784900,18.387,can0  041  [04]  02 00 00 00
2025-11-08T03:08:28.834427,18.437,can0  204  [16]  E1 22 50 46 50 46 50 46 28 23 20 4E 30 75 00 00
2025-11-08T03:08:28.894748,18.497,can0  204  [16]  E1 22 50 46 50 46 50 46 28 23 20 4E 30 75 00 00
2025-11-08T03:08:28.935518,18.538,can0  206  [16]  A3 0C C4 07 9B 0C 3A DF F2 07 BF 0C A3 0C 00 00
2025-11-08T03:08:28.968770,18.571,can0  204  [16]  E1 22 50 46 50 46 50 46 28 23 20 4E 30 75 00 00
2025-11-08T03:08:29.030904,18.633,can0  204  [16]  E1 22 50 46 50 46 50 46 28 23 20 4E 30 75 00 00
2025-11-08T03:08:29.075620,18.678,can0  041  [04]  02 00 00 00
2025-11-08T03:08:29.084436,18.687,can0  204  [16]  E1 22 50 46 50 46 50 46 28 23 20 4E 30 75 00 00
2025-11-08T03:08:29.111805,18.714,can0  206  [16]  A3 0C DE 07 9B 0C 99 C6 F2 07 CB 0C A7 0C 00 00
2025-11-08T03:08:29.140095,18.742,can0  204  [16]  E1 22 50 46 50 46 50 46 28 23 20 4E 30 75 00 00
2025-11-08T03:08:29.198308,18.801,can0  204  [16]  E1 22 50 46 50 46 50 46 28 23 20 4E 30 75 00 00
2025-11-08T03:08:29.257994,18.860,can0  204  [16]  E1 22 50 46 50 46 50 46 28 23 20 4E 30 75 00 00
2025-11-08T03:08:29.270167,18.872,can0  206  [16]  A7 0C DC 07 9F 0C 99 C6 F2 07 BF 0C 9F 0C 00 00
2025-11-08T03:08:29.317731,18.920,can0  204  [16]  E1 22 50 46 50 46 50 46 28 23 20 4E 30 75 00 00
2025-11-08T03:08:29.320257,18.923,can0  041  [04]  3F 01 00 00
2025-11-08T03:08:29.370253,18.973,can0  204  [16]  E1 22 50 46 50 46 50 46 28 23 20 4E 30 75 00 00
2025-11-08T03:08:29.429414,19.032,can0  204  [16]  E1 22 50 46 50 46 50 46 28 23 20 4E 30 75 00 00
2025-11-08T03:08:29.440341,19.043,can0  206  [16]  A3 0C DC 07 9B 0C DA DC EF 07 C3 0C A3 0C 00 00
2025-11-08T03:08:29.484774,19.087,can0  204  [16]  E1 22 50 46 50 46 50 46 28 23 20 4E 30 75 00 00
2025-11-08T03:08:29.542776,19.145,can0  204  [16]  E1 22 50 46 50 46 50 46 28 23 20 4E 30 75 00 00
2025-11-08T03:08:29.582760,19.185,can0  041  [04]  02 00 02 00
2025-11-08T03:08:29.602351,19.205,can0  204  [16]  E1 22 50 46 50 46 50 46 28 23 20 4E 30 75 00 00
2025-11-08T03:08:29.604064,19.206,can0  206  [16]  BF 0C DC 07 8F 0C 3A DF F2 07 C3 0C 97 0C 00 00
2025-11-08T03:08:29.677597,19.280,can0  204  [16]  E1 22 50 46 50 46 50 46 28 23 20 4E 30 75 00 00
2025-11-08T03:08:29.739061,19.341,can0  204  [16]  E1 22 50 46 50 46 50 46 28 23 20 4E 30 75 00 00
2025-11-08T03:08:29.763117,19.365,can0  206  [16]  A7 0C DC 07 9B 0C DA DC F6 07 BB 0C A3 0C 00 00
2025-11-08T03:08:29.773295,19.376,can0  204  [16]  E1 22 50 46 50 46 50 46 28 23 20 4E 30 75 00 00
2025-11-08T03:08:29.848858,19.451,can0  204  [16]  E1 22 50 46 50 46 50 46 28 23 20 4E 30 75 00 00
2025-11-08T03:08:29.848925,19.451,can0  041  [04]  02 00 00 00
2025-11-08T03:08:29.889666,19.492,can0  204  [16]  E1 22 50 46 50 46 50 46 28 23 20 4E 30 75 00 00
2025-11-08T03:08:29.931537,19.534,can0  206  [16]  9F 0C DC 07 9F 0C B1 E0 F2 07 B7 0C A7 0C 00 00
2025-11-08T03:08:29.964470,19.567,can0  204  [16]  E1 22 50 46 50 46 50 46 28 23 20 4E 30 75 00 00
2025-11-08T03:08:30.035533,19.638,can0  204  [16]  E1 22 50 46 50 46 50 46 28 23 20 4E 30 75 00 00
2025-11-08T03:08:30.087477,19.690,can0  204  [16]  E1 22 50 46 50 46 50 46 28 23 20 4E 30 75 00 00
2025-11-08T03:08:30.099291,19.702,can0  206  [16]  8F 0C DE 07 9B 0C 99 C6 EF 07 BB 0C BB 0C 00 00
2025-11-08T03:08:30.122055,19.724,can0  041  [04]  3F 01 00 00
2025-11-08T03:08:30.135664,19.738,can0  204  [16]  E1 22 50 46 50 46 50 46 28 23 20 4E 30 75 00 00
2025-11-08T03:08:30.195388,19.798,can0  204  [16]  E1 22 50 46 50 46 50 46 28 23 20 4E 30 75 00 00
2025-11-08T03:08:30.250669,19.853,can0  204  [16]  E1 22 50 46 50 46 50 46 28 23 20 4E 30 75 00 00
2025-11-08T03:08:30.268019,19.870,can0  206  [16]  9B 0C DC 07 9F 0C DA DC F4 07 C7 0C A7 0C 00 00
2025-11-08T03:08:30.310934,19.913,can0  204  [16]  E1 22 50 46 50 46 50 46 28 23 20 4E 30 75 00 00
2025-11-08T03:08:30.380584,19.983,can0  204  [16]  E1 22 50 46 50 46 50 46 28 23 20 4E 30 75 00 00
2025-11-08T03:08:30.384471,19.987,can0  041  [04]  3F 01 00 00
2025-11-08T03:08:30.424527,20.027,can0  204  [16]  E1 22 50 46 50 46 50 46 28 23 20 4E 30 75 00 00
2025-11-08T03:08:30.447061,20.049,can0  206  [16]  A3 0C DE 07 9F 0C B1 E0 F2 07 C3 0C A3 0C 00 00
2025-11-08T03:08:30.483265,20.086,can0  204  [16]  E1 22 50 46 50 46 50 46 28 23 20 4E 30 75 00 00
2025-11-08T03:08:30.541748,20.144,can0  204  [16]  E1 22 50 46 50 46 50 46 28 23 20 4E 30 75 00 00
2025-11-08T03:08:30.598814,20.201,can0  204  [16]  E1 22 50 46 50 46 50 46 28 23 20 4E 30 75 00 00
2025-11-08T03:08:30.601040,20.203,can0  206  [16]  A3 0C DC 07 9B 0C B0 E7 F4 07 C3 0C A3 0C 00 00
2025-11-08T03:08:30.651071,20.253,can0  041  [04]  3F 01 00 00
2025-11-08T03:08:30.656756,20.259,can0  204  [16]  E1 22 50 46 50 46 50 46 28 23 20 4E 30 75 00 00
2025-11-08T03:08:30.713435,20.316,can0  204  [16]  E1 22 50 46 50 46 50 46 28 23 20 4E 30 75 00 00
2025-11-08T03:08:30.766303,20.369,can0  206  [16]  A3 0C E0 07 93 0C 3A DF F4 07 CF 0C A3 0C 00 00
2025-11-08T03:08:30.768837,20.371,can0  204  [16]  E1 22 50 46 50 46 50 46 28 23 20 4E 30 75 00 00
2025-11-08T03:08:30.832844,20.435,can0  204  [16]  E1 22 50 46 50 46 50 46 28 23 20 4E 30 75 00 00
2025-11-08T03:08:30.885929,20.488,can0  204  [16]  E1 22 50 46 50 46 50 46 28 23 20 4E 30 75 00 00
2025-11-08T03:08:30.916498,20.519,can0  041  [04]  3F 01 00 00
2025-11-08T03:08:30.931745,20.534,can0  206  [16]  A3 0C DC 07 9B 0C DA DC 10 08 BB 0C A3 0C 00 00
2025-11-08T03:08:30.961967,20.564,can0  204  [16]  E1 22 50 46 50 46 50 46 28 23 20 4E 30 75 00 00
2025-11-08T03:08:31.016814,20.619,can0  204  [16]  E1 22 50 46 50 46 50 46 28 23 20 4E 30 75 00 00
2025-11-08T03:08:31.078564,20.681,can0  204  [16]  E1 22 50 46 50 46 50 46 28 23 20 4E 30 75 00 00
2025-11-08T03:08:31.108067,20.710,can0  206  [16]  A3 0C E0 07 9F 0C 99 C6 F8 07 BB 0C A3 0C 00 00
2025-11-08T03:08:31.159330,20.762,can0  204  [16]  E1 22 50 46 50 46 50 46 28 23 20 4E 30 75 00 00
2025-11-08T03:08:31.179686,20.782,can0  041  [04]  2F 00 00 00
2025-11-08T03:08:31.189979,20.792,can0  204  [16]  E1 22 50 46 50 46 50 46 28 23 20 4E 30 75 00 00
2025-11-08T03:08:31.265168,20.867,can0  204  [16]  E1 22 50 46 50 46 50 46 28 23 20 4E 30 75 00 00
2025-11-08T03:08:31.285624,20.888,can0  206  [16]  9F 0C DE 07 A7 0C DA DC F2 07 B7 0C A3 0C 00 00
2025-11-08T03:08:31.317124,20.919,can0  204  [16]  E1 22 50 46 50 46 50 46 28 23 20 4E 30 75 00 00
2025-11-08T03:08:31.386829,20.989,can0  204  [16]  E1 22 50 46 50 46 50 46 28 23 20 4E 30 75 00 00
2025-11-08T03:08:31.420320,21.023,can0  204  [16]  E1 22 50 46 50 46 50 46 28 23 20 4E 30 75 00 00
2025-11-08T03:08:31.424621,21.027,can0  206  [16]  A3 0C DA 07 83 0C DA DC F4 07 CF 0C AB 0C 00 00
2025-11-08T03:08:31.448402,21.051,can0  041  [04]  8B 00 00 00
2025-11-08T03:08:31.481678,21.084,can0  204  [16]  E1 22 50 46 50 46 50 46 28 23 20 4E 30 75 00 00
2025-11-08T03:08:31.538367,21.141,can0  204  [16]  E1 22 50 46 50 46 50 46 28 23 20 4E 30 75 00 00
2025-11-08T03:08:31.589048,21.191,can0  206  [16]  C3 0C DA 07 A3 0C 99 C6 F4 07 C3 0C 83 0C 00 00
2025-11-08T03:08:31.621361,21.224,can0  204  [16]  E1 22 50 46 50 46 50 46 28 23 20 4E 30 75 00 00
2025-11-08T03:08:31.677334,21.280,can0  204  [16]  E1 22 50 46 50 46 50 46 28 23 20 4E 30 75 00 00
2025-11-08T03:08:31.708741,21.311,can0  204  [16]  E1 22 50 46 50 46 50 46 28 23 20 4E 30 75 00 00
2025-11-08T03:08:31.719209,21.321,can0  041  [04]  8B 00 00 00
2025-11-08T03:08:31.751518,21.354,can0  206  [16]  A3 0C DE 07 97 0C 99 C6 F6 07 CB 0C A3 0C 00 00
2025-11-08T03:08:31.773778,21.376,can0  204  [16]  E1 22 50 46 50 46 50 46 28 23 20 4E 30 75 00 00
2025-11-08T03:08:31.825174,21.427,can0  204  [16]  E1 22 50 46 50 46 50 46 28 23 20 4E 30 75 00 00
2025-11-08T03:08:31.892301,21.495,can0  204  [16]  E1 22 50 46 50 46 50 46 28 23 20 4E 30 75 00 00
2025-11-08T03:08:31.913614,21.516,can0  206  [16]  9B 0C DC 07 9F 0C DA DC EF 07 C3 0C A7 0C 00 00
2025-11-08T03:08:31.960051,21.562,can0  204  [16]  E1 22 50 46 50 46 50 46 28 23 20 4E 30 75 00 00
2025-11-08T03:08:31.986369,21.589,can0  041  [04]  8B 00 00 00
2025-11-08T03:08:32.016110,21.618,can0  204  [16]  E1 22 50 46 50 46 50 46 28 23 20 4E 30 75 00 00
2025-11-08T03:08:32.084815,21.687,can0  204  [16]  E1 22 50 46 50 46 50 46 28 23 20 4E 30 75 00 00
2025-11-08T03:08:32.099438,21.702,can0  206  [16]  C7 0C D8 07 7B 0C DA DC F2 07 BF 0C A3 0C 00 00
2025-11-08T03:08:32.128912,21.731,can0  204  [16]  E1 22 50 46 50 46 50 46 28 23 20 4E 30 75 00 00
2025-11-08T03:08:32.186782,21.789,can0  204  [16]  E1 22 50 46 50 46 50 46 28 23 20 4E 30 75 00 00
2025-11-08T03:08:32.243683,21.846,can0  204  [16]  E1 22 50 46 50 46 50 46 28 23 20 4E 30 75 00 00
2025-11-08T03:08:32.245199,21.847,can0  041  [04]  E4 00 00 00
2025-11-08T03:08:32.249499,21.852,can0  206  [16]  AB 0C DE 07 9F 0C DA DC F4 07 B7 0C A3 0C 00 00
2025-11-08T03:08:32.303716,21.906,can0  204  [16]  E1 22 50 46 50 46 50 46 28 23 20 4E 30 75 00 00
2025-11-08T03:08:32.361579,21.964,can0  204  [16]  E1 22 50 46 50 46 50 46 28 23 20 4E 30 75 00 00
2025-11-08T03:08:32.403496,22.006,can0  206  [16]  9F 0C DE 07 97 0C C5 E1 F2 07 C7 0C A7 0C 00 00
2025-11-08T03:08:32.422271,22.025,can0  204  [16]  E1 22 50 46 50 46 50 46 28 23 20 4E 30 75 00 00
2025-11-08T03:08:32.473726,22.076,can0  204  [16]  E1 22 50 46 50 46 50 46 28 23 20 4E 30 75 00 00
2025-11-08T03:08:32.511160,22.113,can0  041  [04]  E4 00 00 00
2025-11-08T03:08:32.531392,22.134,can0  204  [16]  E1 22 50 46 50 46 50 46 28 23 20 4E 30 75 00 00
2025-11-08T03:08:32.577712,22.180,can0  206  [16]  AF 0C DE 07 6B 0C 99 C6 F2 07 F0 0C 9F 0C 00 00
2025-11-08T03:08:32.606665,22.209,can0  204  [16]  E1 22 50 46 50 46 50 46 28 23 20 4E 30 75 00 00
2025-11-08T03:08:32.647523,22.250,can0  204  [16]  E1 22 50 46 50 46 50 46 28 23 20 4E 30 75 00 00
2025-11-08T03:08:32.709967,22.312,can0  204  [16]  E1 22 50 46 50 46 50 46 28 23 20 4E 30 75 00 00
2025-11-08T03:08:32.744491,22.347,can0  206  [16]  9F 0C E0 07 97 0C DA DC F2 07 C7 0C AB 0C 00 00
2025-11-08T03:08:32.762012,22.364,can0  204  [16]  E1 22 50 46 50 46 50 46 28 23 20 4E 30 75 00 00
2025-11-08T03:08:32.779512,22.382,can0  041  [04]  E4 00 00 00
2025-11-08T03:08:32.819432,22.422,can0  204  [16]  E1 22 50 46 50 46 50 46 28 23 20 4E 30 75 00 00
2025-11-08T03:08:32.908990,22.511,can0  204  [16]  E1 22 50 46 50 46 50 46 28 23 20 4E 30 75 00 00
2025-11-08T03:08:32.909422,22.512,can0  206  [16]  9B 0C DC 07 9B 0C DA DC F2 07 C3 0C AB 0C 00 00
2025-11-08T03:08:32.960934,22.563,can0  204  [16]  E1 22 50 46 50 46 50 46 28 23 20 4E 30 75 00 00
2025-11-08T03:08:33.014946,22.617,can0  204  [16]  E1 22 50 46 50 46 50 46 28 23 20 4E 30 75 00 00
2025-11-08T03:08:33.043784,22.646,can0  041  [04]  10 01 00 00
2025-11-08T03:08:33.072339,22.675,can0  204  [16]  E1 22 50 46 50 46 50 46 28 23 20 4E 30 75 00 00
2025-11-08T03:08:33.072412,22.675,can0  206  [16]  8B 0C DC 07 93 0C C5 E1 F2 07 CF 0C BB 0C 00 00
2025-11-08T03:08:33.134969,22.737,can0  204  [16]  E1 22 50 46 50 46 50 46 28 23 20 4E 30 75 00 00
2025-11-08T03:08:33.185499,22.788,can0  204  [16]  E1 22 50 46 50 46 50 46 28 23 20 4E 30 75 00 00
2025-11-08T03:08:33.237657,22.840,can0  206  [16]  9F 0C DE 07 A3 0C 3A DF FC 07 BF 0C A3 0C 00 00
2025-11-08T03:08:33.244856,22.847,can0  204  [16]  E1 22 50 46 50 46 50 46 28 23 20 4E 30 75 00 00
2025-11-08T03:08:33.314514,22.917,can0  204  [16]  E1 22 50 46 50 46 50 46 28 23 20 4E 30 75 00 00
2025-11-08T03:08:33.314583,22.917,can0  041  [04]  E4 00 00 00
2025-11-08T03:08:33.364348,22.967,can0  204  [16]  E1 22 50 46 50 46 50 46 28 23 20 4E 30 75 00 00
2025-11-08T03:08:33.412575,23.015,can0  206  [16]  AB 0C D6 07 93 0C DA DC EF 07 BF 0C A3 0C 00 00
2025-11-08T03:08:33.473917,23.076,can0  204  [16]  E1 22 50 46 50 46 50 46 28 23 20 4E 30 75 00 00
2025-11-08T03:08:33.473984,23.076,can0  204  [16]  E1 22 50 46 50 46 50 46 28 23 20 4E 30 75 00 00
2025-11-08T03:08:33.528667,23.131,can0  204  [16]  E1 22 50 46 50 46 50 46 28 23 20 4E 30 75 00 00
2025-11-08T03:08:33.569975,23.172,can0  206  [16]  9B 0C DC 07 9F 0C 3A DF E9 07 BB 0C AB 0C 00 00
2025-11-08T03:08:33.575772,23.178,can0  041  [04]  3F 01 00 00
2025-11-08T03:08:33.595181,23.197,can0  204  [16]  E1 22 50 46 50 46 50 46 28 23 20 4E 30 75 00 00
2025-11-08T03:08:33.646125,23.248,can0  204  [16]  E1 22 50 46 50 46 50 46 28 23 20 4E 30 75 00 00
2025-11-08T03:08:33.701248,23.304,can0  204  [16]  E1 22 50 46 50 46 50 46 28 23 20 4E 30 75 00 00
2025-11-08T03:08:33.741458,23.344,can0  206  [16]  A3 0C DE 07 97 0C DA DC F2 07 C7 0C A7 0C 00 00
2025-11-08T03:08:33.772732,23.375,can0  204  [16]  E1 22 50 46 50 46 50 46 28 23 20 4E 30 75 00 00
2025-11-08T03:08:33.823558,23.426,can0  204  [16]  E1 22 50 46 50 46 50 46 28 23 20 4E 30 75 00 00
2025-11-08T03:08:33.842781,23.445,can0  041  [04]  3F 01 00 00
2025-11-08T03:08:34.037388,23.640,can0  204  [16]  E1 22 50 46 50 46 50 46 28 23 20 4E 30 75 00 00
2025-11-08T03:08:34.039510,23.642,can0  206  [16]  9B 0C DC 07 9B 0C 99 C6 F4 07 C3 0C AB 0C 00 00
2025-11-08T03:08:34.039564,23.642,can0  204  [16]  E1 22 50 46 50 46 50 46 28 23 20 4E 30 75 00 00
2025-11-08T03:08:34.039586,23.642,can0  204  [16]  E1 22 50 46 50 46 50 46 28 23 20 4E 30 75 00 00
2025-11-08T03:08:34.265984,23.868,can0  204  [16]  E1 22 50 46 50 46 50 46 28 23 20 4E 30 75 00 00
2025-11-08T03:08:34.368510,23.971,can0  206  [16]  A7 0C DE 07 97 0C DA DC EF 07 C3 0C A3 0C 00 00
2025-11-08T03:08:34.368573,23.971,can0  041  [04]  10 01 00 00
2025-11-08T03:08:34.368593,23.971,can0  204  [16]  E1 22 50 46 50 46 50 46 28 23 20 4E 30 75 00 00
2025-11-08T03:08:34.368623,23.971,can0  204  [16]  E1 22 50 46 50 46 50 46 28 23 20 4E 30 75 00 00
2025-11-08T03:08:34.368640,23.971,can0  204  [16]  E1 22 50 46 50 46 50 46 28 23 20 4E 30 75 00 00
2025-11-08T03:08:34.368657,23.971,can0  206  [16]  AF 0C E7 07 97 0C DA DC EF 07 BF 0C 9F 0C 00 00
2025-11-08T03:08:34.388411,23.991,can0  204  [16]  E1 22 50 46 50 46 50 46 28 23 20 4E 30 75 00 00
2025-11-08T03:08:34.388886,23.991,can0  204  [16]  E1 22 50 46 50 46 50 46 28 23 20 4E 30 75 00 00
2025-11-08T03:08:34.389059,23.991,can0  041  [04]  10 01 00 00
2025-11-08T03:08:34.461468,24.064,can0  206  [16]  A3 0C DC 07 93 0C DA DC F2 07 C7 0C A7 0C 00 00
2025-11-08T03:08:34.461828,24.064,can0  204  [16]  E1 22 50 46 50 46 50 46 28 23 20 4E 30 75 00 00
2025-11-08T03:08:34.696829,24.299,can0  204  [16]  E1 22 50 46 50 46 50 46 28 23 20 4E 30 75 00 00
2025-11-08T03:08:34.696905,24.299,can0  204  [16]  E1 22 50 46 50 46 50 46 28 23 20 4E 30 75 00 00
2025-11-08T03:08:34.696928,24.299,can0  206  [16]  9F 0C DC 07 87 0C DA DC EF 07 DB 0C AB 0C 00 00
2025-11-08T03:08:34.696946,24.299,can0  204  [16]  E1 22 50 46 50 46 50 46 28 23 20 4E 30 75 00 00
2025-11-08T03:08:34.696962,24.299,can0  204  [16]  E1 22 50 46 50 46 50 46 28 23 20 4E 30 75 00 00
2025-11-08T03:08:34.696978,24.299,can0  041  [04]  10 01 00 00
2025-11-08T03:08:34.696994,24.299,can0  204  [16]  E1 22 50 46 50 46 50 46 28 23 20 4E 30 75 00 00
2025-11-08T03:08:34.764201,24.366,can0  206  [16]  9B 0C DE 07 A3 0C 3A DF ED 07 C3 0C A3 0C 00 00
2025-11-08T03:08:34.764617,24.367,can0  204  [16]  E1 22 50 46 50 46 50 46 28 23 20 4E 30 75 00 00
2025-11-08T03:08:34.813047,24.415,can0  204  [16]  E1 22 50 46 50 46 50 46 28 23 20 4E 30 75 00 00
2025-11-08T03:08:34.868360,24.471,can0  204  [16]  E1 22 50 46 50 46 50 46 28 23 20 4E 30 75 00 00
2025-11-08T03:08:35.003613,24.606,can0  206  [16]  9F 0C DC 07 87 0C B1 E0 F2 07 CF 0C AB 0C 00 00
2025-11-08T03:08:35.003943,24.606,can0  041  [04]  8B 00 00 00
2025-11-08T03:08:35.003979,24.606,can0  204  [16]  E1 22 50 46 50 46 50 46 28 23 20 4E 30 75 00 00
2025-11-08T03:08:35.004000,24.606,can0  204  [16]  E1 22 50 46 50 46 50 46 28 23 20 4E 30 75 00 00
2025-11-08T03:08:35.068554,24.671,can0  204  [16]  E1 22 50 46 50 46 50 46 28 23 20 4E 30 75 00 00
2025-11-08T03:08:35.073881,24.676,can0  206  [16]  A3 0C DC 07 87 0C DA DC F2 07 DB 0C A3 0C 00 00
2025-11-08T03:08:35.118944,24.721,can0  204  [16]  E1 22 50 46 50 46 50 46 28 23 20 4E 30 75 00 00
2025-11-08T03:08:35.260424,24.863,can0  204  [16]  E1 22 50 46 50 46 50 46 28 23 20 4E 30 75 00 00
2025-11-08T03:08:35.261024,24.863,can0  041  [04]  5E 00 00 00
2025-11-08T03:08:35.261068,24.863,can0  204  [16]  E1 22 50 46 50 46 50 46 28 23 20 4E 30 75 00 00
2025-11-08T03:08:35.261091,24.863,can0  206  [16]  6F 0C D8 07 9F 0C 3A DF F2 07 BF 0C D7 0C 00 00
2025-11-08T03:08:35.310575,24.913,can0  204  [16]  E1 22 50 46 50 46 50 46 28 23 20 4E 30 75 00 00
2025-11-08T03:08:35.483045,25.085,can0  204  [16]  E1 22 50 46 50 46 50 46 28 23 20 4E 30 75 00 00
2025-11-08T03:08:35.483113,25.085,can0  204  [16]  E1 22 50 46 50 46 50 46 28 23 20 4E 30 75 00 00
2025-11-08T03:08:35.483134,25.085,can0  206  [16]  9F 0C E0 07 9B 0C DA DC EF 07 C3 0C A7 0C 00 00
2025-11-08T03:08:35.483151,25.085,can0  041  [04]  8B 00 00 00
2025-11-08T03:08:35.483168,25.085,can0  204  [16]  E1 22 50 46 50 46 50 46 28 23 20 4E 30 75 00 00
2025-11-08T03:08:35.520822,25.123,can0  204  [16]  E1 22 50 46 50 46 50 46 28 23 20 4E 30 75 00 00
2025-11-08T03:08:35.584828,25.187,can0  204  [16]  E1 22 50 46 50 46 50 46 28 23 20 4E 30 75 00 00
2025-11-08T03:08:35.586893,25.189,can0  206  [16]  A7 0C DA 07 9B 0C F4 E3 F2 07 C7 0C 9F 0C 00 00
2025-11-08T03:08:35.638301,25.241,can0  204  [16]  E1 22 50 46 50 46 50 46 28 23 20 4E 30 75 00 00
2025-11-08T03:08:35.694469,25.297,can0  204  [16]  E1 22 50 46 50 46 50 46 28 23 20 4E 30 75 00 00
2025-11-08T03:08:35.814537,25.417,can0  041  [04]  2F 00 00 00
2025-11-08T03:08:35.814604,25.417,can0  206  [16]  9B 0C DC 07 5B 0C DA DC F2 07 04 0D AB 0C 00 00
2025-11-08T03:08:35.814639,25.417,can0  204  [16]  E1 22 50 46 50 46 50 46 28 23 20 4E 30 75 00 00
2025-11-08T03:08:35.814659,25.417,can0  204  [16]  E1 22 50 46 50 46 50 46 28 23 20 4E 30 75 00 00
2025-11-08T03:08:35.891269,25.494,can0  204  [16]  E1 22 50 46 50 46 50 46 28 23 20 4E 30 75 00 00
2025-11-08T03:08:36.112723,25.715,can0  206  [16]  9F 0C DE 07 97 0C C5 E1 F4 07 BF 0C AB 0C 00 00
2025-11-08T03:08:36.115537,25.718,can0  204  [16]  E1 22 50 46 50 46 50 46 28 23 20 4E 30 75 00 00
2025-11-08T03:08:36.115945,25.718,can0  041  [04]  2F 00 00 00
2025-11-08T03:08:36.116391,25.719,can0  204  [16]  E1 22 50 46 50 46 50 46 28 23 20 4E 30 75 00 00
2025-11-08T03:08:36.116426,25.719,can0  204  [16]  E1 22 50 46 50 46 50 46 28 23 20 4E 30 75 00 00
2025-11-08T03:08:36.116447,25.719,can0  206  [16]  A3 0C DE 07 9B 0C 99 C6 F2 07 C3 0C A3 0C 00 00
2025-11-08T03:08:36.127773,25.730,can0  204  [16]  E1 22 50 46 50 46 50 46 28 23 20 4E 30 75 00 00
2025-11-08T03:08:36.181963,25.784,can0  204  [16]  E1 22 50 46 50 46 50 46 28 23 20 4E 30 75 00 00
2025-11-08T03:08:36.228539,25.831,can0  204  [16]  E1 22 50 46 50 46 50 46 28 23 20 4E 30 75 00 00
2025-11-08T03:08:36.235867,25.838,can0  206  [16]  9F 0C D3 07 9F 0C C5 E1 F2 07 BF 0C A3 0C 00 00
2025-11-08T03:08:36.242043,25.844,can0  041  [04]  3F 01 00 00
2025-11-08T03:08:36.293607,25.896,can0  204  [16]  E1 22 50 46 50 46 50 46 28 23 20 4E 30 75 00 00
2025-11-08T03:08:36.341724,25.944,can0  204  [16]  E1 22 50 46 50 46 50 46 28 23 20 4E 30 75 00 00
2025-11-08T03:08:36.411672,26.014,can0  204  [16]  E1 22 50 46 50 46 50 46 28 23 20 4E 30 75 00 00
2025-11-08T03:08:36.411739,26.014,can0  206  [16]  9B 0C E5 07 9F 0C DA DC FA 07 BF 0C A7 0C 00 00
2025-11-08T03:08:36.458019,26.060,can0  204  [16]  E1 22 50 46 50 46 50 46 28 23 20 4E 30 75 00 00
2025-11-08T03:08:36.505182,26.107,can0  041  [04]  8B 00 00 00
2025-11-08T03:08:36.514160,26.116,can0  204  [16]  E1 22 50 46 50 46 50 46 28 23 20 4E 30 75 00 00
2025-11-08T03:08:36.594581,26.197,can0  204  [16]  E1 22 50 46 50 46 50 46 28 23 20 4E 30 75 00 00
2025-11-08T03:08:36.594648,26.197,can0  206  [16]  A7 0C D8 07 97 0C DA DC F2 07 C3 0C A3 0C 00 00
2025-11-08T03:08:36.642631,26.245,can0  204  [16]  E1 22 50 46 50 46 50 46 28 23 20 4E 30 75 00 00
2025-11-08T03:08:36.693852,26.296,can0  204  [16]  E1 22 50 46 50 46 50 46 28 23 20 4E 30 75 00 00
2025-11-08T03:08:36.746723,26.349,can0  206  [16]  9B 0C DC 07 9F 0C DA DC F6 07 BF 0C AB 0C 00 00
2025-11-08T03:08:36.747502,26.350,can0  204  [16]  E1 22 50 46 50 46 50 46 28 23 20 4E 30 75 00 00
2025-11-08T03:08:36.804164,26.406,can0  041  [04]  8B 00 00 00
2025-11-08T03:08:36.805042,26.407,can0  204  [16]  E1 22 50 46 50 46 50 46 28 23 20 4E 30 75 00 00
2025-11-08T03:08:36.860346,26.463,can0  204  [16]  E1 22 50 46 50 46 50 46 28 23 20 4E 30 75 00 00
2025-11-08T03:08:36.905300,26.508,can0  206  [16]  9B 0C DC 07 9B 0C 3A DF F2 07 BF 0C AB 0C 00 00
2025-11-08T03:08:36.935059,26.537,can0  204  [16]  E1 22 50 46 50 46 50 46 28 23 20 4E 30 75 00 00
2025-11-08T03:08:37.009834,26.612,can0  204  [16]  E1 22 50 46 50 46 50 46 28 23 20 4E 30 75 00 00
2025-11-08T03:08:37.051530,26.654,can0  041  [04]  3F 01 00 00
2025-11-08T03:08:37.052182,26.654,can0  204  [16]  E1 22 50 46 50 46 50 46 28 23 20 4E 30 75 00 00
2025-11-08T03:08:37.072483,26.675,can0  206  [16]  9B 0C DE 07 9F 0C DA DC F4 07 BB 0C AB 0C 00 00
2025-11-08T03:08:37.123208,26.725,can0  204  [16]  E1 22 50 46 50 46 50 46 28 23 20 4E 30 75 00 00
2025-11-08T03:08:37.173059,26.775,can0  204  [16]  E1 22 50 46 50 46 50 46 28 23 20 4E 30 75 00 00
2025-11-08T03:08:37.237680,26.840,can0  204  [16]  E1 22 50 46 50 46 50 46 28 23 20 4E 30 75 00 00
2025-11-08T03:08:37.237750,26.840,can0  206  [16]  AB 0C DC 07 97 0C 3A DF F2 07 BB 0C A3 0C 00 00
2025-11-08T03:08:37.314415,26.917,can0  204  [16]  E1 22 50 46 50 46 50 46 28 23 20 4E 30 75 00 00
2025-11-08T03:08:37.322428,26.925,can0  041  [04]  3F 01 00 00
2025-11-08T03:08:37.348570,26.951,can0  204  [16]  E1 22 50 46 50 46 50 46 28 23 20 4E 30 75 00 00
2025-11-08T03:08:37.426980,27.029,can0  204  [16]  E1 22 50 46 50 46 50 46 28 23 20 4E 30 75 00 00
2025-11-08T03:08:37.427048,27.029,can0  206  [16]  9B 0C DC 07 A3 0C B1 E0 EF 07 BB 0C A7 0C 00 00
2025-11-08T03:08:37.454535,27.057,can0  204  [16]  E1 22 50 46 50 46 50 46 28 23 20 4E 30 75 00 00
2025-11-08T03:08:37.518088,27.120,can0  204  [16]  E1 22 50 46 50 46 50 46 28 23 20 4E 30 75 00 00
2025-11-08T03:08:37.568789,27.171,can0  204  [16]  E1 22 50 46 50 46 50 46 28 23 20 4E 30 75 00 00
2025-11-08T03:08:37.574032,27.176,can0  206  [16]  A3 0C DE 07 97 0C DA DC F6 07 C3 0C A3 0C 00 00
2025-11-08T03:08:37.574086,27.176,can0  041  [04]  3F 01 00 00
2025-11-08T03:08:37.635701,27.238,can0  204  [16]  E1 22 50 46 50 46 50 46 28 23 20 4E 30 75 00 00
2025-11-08T03:08:37.733021,27.335,can0  204  [16]  E1 22 50 46 50 46 50 46 28 23 20 4E 30 75 00 00
2025-11-08T03:08:37.733661,27.336,can0  206  [16]  A3 0C E9 07 9F 0C 99 C6 F2 07 C3 0C A3 0C 00 00
2025-11-08T03:08:37.742656,27.345,can0  204  [16]  E1 22 50 46 50 46 50 46 28 23 20 4E 30 75 00 00
2025-11-08T03:08:37.797878,27.400,can0  204  [16]  E1 22 50 46 50 46 50 46 28 23 20 4E 30 75 00 00
2025-11-08T03:08:37.837386,27.440,can0  041  [04]  3F 01 00 00
2025-11-08T03:08:37.863901,27.466,can0  204  [16]  E1 22 50 46 50 46 50 46 28 23 20 4E 30 75 00 00
2025-11-08T03:08:37.898949,27.501,can0  206  [16]  B3 0C DA 07 8F 0C DA DC F2 07 CF 0C 97 0C 00 00
2025-11-08T03:08:37.940658,27.543,can0  204  [16]  E1 22 50 46 50 46 50 46 28 23 20 4E 30 75 00 00
2025-11-08T03:08:37.988914,27.591,can0  204  [16]  E1 22 50 46 50 46 50 46 28 23 20 4E 30 75 00 00
2025-11-08T03:08:38.044547,27.647,can0  204  [16]  E1 22 50 46 50 46 50 46 28 23 20 4E 30 75 00 00
2025-11-08T03:08:38.074682,27.677,can0  206  [16]  A7 0C DA 07 9B 0C DA DC F2 07 C3 0C A3 0C 00 00
2025-11-08T03:08:38.105647,27.708,can0  204  [16]  E1 22 50 46 50 46 50 46 28 23 20 4E 30 75 00 00
2025-11-08T03:08:38.105710,27.708,can0  041  [04]  3F 01 00 00
2025-11-08T03:08:38.174403,27.777,can0  204  [16]  E1 22 50 46 50 46 50 46 28 23 20 4E 30 75 00 00
2025-11-08T03:08:38.226185,27.828,can0  204  [16]  E1 22 50 46 50 46 50 46 28 23 20 4E 30 75 00 00
2025-11-08T03:08:38.241540,27.844,can0  206  [16]  6F 0C DC 07 9F 0C DA DC F4 07 BF 0C D7 0C 00 00
2025-11-08T03:08:38.279726,27.882,can0  204  [16]  E1 22 50 46 50 46 50 46 28 23 20 4E 30 75 00 00
2025-11-08T03:08:38.351488,27.954,can0  204  [16]  E1 22 50 46 50 46 50 46 28 23 20 4E 30 75 00 00
2025-11-08T03:08:38.369595,27.972,can0  041  [04]  3F 01 00 00
2025-11-08T03:08:38.389546,27.992,can0  204  [16]  E1 22 50 46 50 46 50 46 28 23 20 4E 30 75 00 00
2025-11-08T03:08:38.404023,28.006,can0  206  [16]  9F 0C DC 07 9F 0C 3A DF F2 07 C3 0C A7 0C 00 00
2025-11-08T03:08:38.448503,28.051,can0  204  [16]  E1 22 50 46 50 46 50 46 28 23 20 4E 30 75 00 00
2025-11-08T03:08:38.506293,28.109,can0  204  [16]  E1 22 50 46 50 46 50 46 28 23 20 4E 30 75 00 00
2025-11-08T03:08:38.562695,28.165,can0  204  [16]  E1 22 50 46 50 46 50 46 28 23 20 4E 30 75 00 00
2025-11-08T03:08:38.580491,28.183,can0  206  [16]  9B 0C DA 07 A3 0C 3A DF F2 07 BB 0C AB 0C 00 00
2025-11-08T03:08:38.636283,28.239,can0  204  [16]  E1 22 50 46 50 46 50 46 28 23 20 4E 30 75 00 00
2025-11-08T03:08:38.636349,28.239,can0  041  [04]  3F 01 00 00
2025-11-08T03:08:38.679696,28.282,can0  204  [16]  E1 22 50 46 50 46 50 46 28 23 20 4E 30 75 00 00
2025-11-08T03:08:38.741989,28.344,can0  204  [16]  E1 22 50 46 50 46 50 46 28 23 20 4E 30 75 00 00
2025-11-08T03:08:38.750687,28.353,can0  206  [16]  9F 0C DE 07 A3 0C 57 E3 EF 07 BF 0C A3 0C 00 00
2025-11-08T03:08:38.797701,28.400,can0  204  [16]  E1 22 50 46 50 46 50 46 28 23 20 4E 30 75 00 00
2025-11-08T03:08:38.862135,28.464,can0  204  [16]  E1 22 50 46 50 46 50 46 28 23 20 4E 30 75 00 00
2025-11-08T03:08:38.902672,28.505,can0  041  [04]  3F 01 00 00
2025-11-08T03:08:38.920783,28.523,can0  206  [16]  9F 0C E0 07 9F 0C 99 C6 F2 07 BF 0C A7 0C 00 00
2025-11-08T03:08:38.921145,28.523,can0  204  [16]  E1 22 50 46 50 46 50 46 28 23 20 4E 30 75 00 00
2025-11-08T03:08:38.990506,28.593,can0  204  [16]  E1 22 50 46 50 46 50 46 28 23 20 4E 30 75 00 00
2025-11-08T03:08:39.051816,28.654,can0  204  [16]  E1 22 50 46 50 46 50 46 28 23 20 4E 30 75 00 00
2025-11-08T03:08:39.074222,28.676,can0  206  [16]  A3 0C DC 07 9F 0C DA DC F6 07 BF 0C A3 0C 00 00
2025-11-08T03:08:39.097383,28.700,can0  204  [16]  E1 22 50 46 50 46 50 46 28 23 20 4E 30 75 00 00
2025-11-08T03:08:39.160845,28.763,can0  204  [16]  E1 22 50 46 50 46 50 46 28 23 20 4E 30 75 00 00
2025-11-08T03:08:39.168574,28.771,can0  041  [04]  8B 00 00 00
2025-11-08T03:08:39.213736,28.816,can0  204  [16]  E1 22 50 46 50 46 50 46 28 23 20 4E 30 75 00 00
2025-11-08T03:08:39.252404,28.855,can0  206  [16]  9F 0C DC 07 9B 0C DA DC EF 07 C3 0C A7 0C 00 00
2025-11-08T03:08:39.270343,28.873,can0  204  [16]  E1 22 50 46 50 46 50 46 28 23 20 4E 30 75 00 00
2025-11-08T03:08:39.330728,28.933,can0  204  [16]  E1 22 50 46 50 46 50 46 28 23 20 4E 30 75 00 00
2025-11-08T03:08:39.389721,28.992,can0  204  [16]  E1 22 50 46 50 46 50 46 28 23 20 4E 30 75 00 00
2025-11-08T03:08:39.407295,29.010,can0  206  [16]  A3 0C DE 07 9B 0C 3A DF EF 07 BB 0C A7 0C 00 00
2025-11-08T03:08:39.446426,29.049,can0  041  [04]  8B 00 00 00
2025-11-08T03:08:39.451717,29.054,can0  204  [16]  E1 22 50 46 50 46 50 46 28 23 20 4E 30 75 00 00
2025-11-08T03:08:39.503242,29.106,can0  204  [16]  E1 22 50 46 50 46 50 46 28 23 20 4E 30 75 00 00
2025-11-08T03:08:39.559119,29.161,can0  204  [16]  E1 22 50 46 50 46 50 46 28 23 20 4E 30 75 00 00
2025-11-08T03:08:39.578268,29.181,can0  206  [16]  AB 0C E0 07 9B 0C 99 C6 F2 07 CB 0C 9B 0C 00 00
2025-11-08T03:08:39.618046,29.220,can0  204  [16]  E1 22 50 46 50 46 50 46 28 23 20 4E 30 75 00 00
2025-11-08T03:08:39.673357,29.276,can0  204  [16]  E1 22 50 46 50 46 50 46 28 23 20 4E 30 75 00 00
2025-11-08T03:08:39.714336,29.317,can0  041  [04]  E4 00 00 00
2025-11-08T03:08:39.731548,29.334,can0  204  [16]  E1 22 50 46 50 46 50 46 28 23 20 4E 30 75 00 00
2025-11-08T03:08:39.744864,29.347,can0  206  [16]  97 0C DA 07 A3 0C DA DC F2 07 C7 0C A7 0C 00 00
2025-11-08T03:08:39.796755,29.399,can0  204  [16]  E1 22 50 46 50 46 50 46 28 23 20 4E 30 75 00 00
2025-11-08T03:08:39.846561,29.449,can0  204  [16]  E1 22 50 46 50 46 50 46 28 23 20 4E 30 75 00 00
2025-11-08T03:08:39.918188,29.520,can0  204  [16]  E1 22 50 46 50 46 50 46 28 23 20 4E 30 75 00 00
2025-11-08T03:08:39.918751,29.521,can0  206  [16]  AB 0C DA 07 A3 0C DA DC EF 07 BB 0C 97 0C 00 00
2025-11-08T03:08:39.967125,29.569,can0  041  [04]  3F 01 00 00
2025-11-08T03:08:39.989494,29.592,can0  204  [16]  E1 22 50 46 50 46 50 46 28 23 20 4E 30 75 00 00
2025-11-08T03:08:40.039021,29.641,can0  204  [16]  E1 22 50 46 50 46 50 46 28 23 20 4E 30 75 00 00
2025-11-08T03:08:40.088836,29.691,can0  206  [16]  A3 0C DC 07 97 0C DA DC EF 07 CB 0C 9F 0C 00 00
2025-11-08T03:08:40.122236,29.725,can0  204  [16]  E1 22 50 46 50 46 50 46 28 23 20 4E 30 75 00 00
2025-11-08T03:08:40.178629,29.781,can0  204  [16]  E1 22 50 46 50 46 50 46 28 23 20 4E 30 75 00 00
2025-11-08T03:08:40.211861,29.814,can0  204  [16]  E1 22 50 46 50 46 50 46 28 23 20 4E 30 75 00 00
2025-11-08T03:08:40.234061,29.836,can0  041  [04]  3F 01 00 00
2025-11-08T03:08:40.238414,29.841,can0  206  [16]  A7 0C DE 07 97 0C 99 C6 EF 07 C3 0C A3 0C 00 00
2025-11-08T03:08:40.289345,29.892,can0  204  [16]  E1 22 50 46 50 46 50 46 28 23 20 4E 30 75 00 00
2025-11-08T03:08:40.324832,29.927,can0  204  [16]  E1 22 50 46 50 46 50 46 28 23 20 4E 30 75 00 00
2025-11-08T03:08:40.385088,29.987,can0  204  [16]  E1 22 50 46 50 46 50 46 28 23 20 4E 30 75 00 00
2025-11-08T03:08:40.400607,30.003,can0  206  [16]  AB 0C DC 07 9F 0C 99 C6 F2 07 BF 0C 9F 0C 00 00
2025-11-08T03:08:40.439144,30.041,can0  204  [16]  E1 22 50 46 50 46 50 46 28 23 20 4E 30 75 00 00
2025-11-08T03:08:40.498252,30.101,can0  204  [16]  E1 22 50 46 50 46 50 46 28 23 20 4E 30 75 00 00
2025-11-08T03:08:40.499231,30.102,can0  041  [04]  3F 01 00 00
2025-11-08T03:08:40.554545,30.157,can0  204  [16]  E1 22 50 46 50 46 50 46 28 23 20 4E 30 75 00 00
2025-11-08T03:08:40.590953,30.193,can0  206  [16]  93 0C DC 07 A7 0C DA DC F2 07 C3 0C AB 0C 00 00
2025-11-08T03:08:40.621750,30.224,can0  204  [16]  E1 22 50 46 50 46 50 46 28 23 20 4E 30 75 00 00
2025-11-08T03:08:40.700597,30.303,can0  204  [16]  E1 22 50 46 50 46 50 46 28 23 20 4E 30 75 00 00
2025-11-08T03:08:40.737200,30.339,can0  204  [16]  E1 22 50 46 50 46 50 46 28 23 20 4E 30 75 00 00
2025-11-08T03:08:40.738683,30.341,can0  206  [16]  A3 0C DA 07 9B 0C DA DC FC 07 BF 0C A3 0C 00 00
2025-11-08T03:08:40.770942,30.373,can0  041  [04]  3F 01 00 00
2025-11-08T03:08:40.810204,30.412,can0  204  [16]  E1 22 50 46 50 46 50 46 28 23 20 4E 30 75 00 00
2025-11-08T03:08:40.846482,30.449,can0  204  [16]  E1 22 50 46 50 46 50 46 28 23 20 4E 30 75 00 00
2025-11-08T03:08:40.906739,30.509,can0  204  [16]  E1 22 50 46 50 46 50 46 28 23 20 4E 30 75 00 00
2025-11-08T03:08:40.907138,30.509,can0  206  [16]  A3 0C DC 07 A7 0C DA DC F6 07 AF 0C A3 0C 00 00
2025-11-08T03:08:41.133639,30.736,can0  204  [16]  E1 22 50 46 50 46 50 46 28 23 20 4E 30 75 00 00
2025-11-08T03:08:41.138410,30.741,can0  041  [04]  3F 01 00 00
2025-11-08T03:08:41.138468,30.741,can0  204  [16]  E1 22 50 46 50 46 50 46 28 23 20 4E 30 75 00 00
2025-11-08T03:08:41.138491,30.741,can0  206  [16]  A3 0C DE 07 9B 0C 99 C6 F2 07 DF 0C A3 0C 00 00
2025-11-08T03:08:41.138509,30.741,can0  204  [16]  E1 22 50 46 50 46 50 46 28 23 20 4E 30 75 00 00
2025-11-08T03:08:41.152094,30.754,can0  204  [16]  E1 22 50 46 50 46 50 46 28 23 20 4E 30 75 00 00
2025-11-08T03:08:41.215083,30.817,can0  204  [16]  E1 22 50 46 50 46 50 46 28 23 20 4E 30 75 00 00
2025-11-08T03:08:41.236219,30.838,can0  206  [16]  A3 0C DC 07 9F 0C B1 E0 F2 07 BF 0C A3 0C 00 00
2025-11-08T03:08:41.262921,30.865,can0  204  [16]  E1 22 50 46 50 46 50 46 28 23 20 4E 30 75 00 00
2025-11-08T03:08:41.300655,30.903,can0  041  [04]  3F 01 00 00
2025-11-08T03:08:41.320808,30.923,can0  204  [16]  E1 22 50 46 50 46 50 46 28 23 20 4E 30 75 00 00
2025-11-08T03:08:41.401750,31.004,can0  204  [16]  E1 22 50 46 50 46 50 46 28 23 20 4E 30 75 00 00
2025-11-08T03:08:41.404266,31.007,can0  206  [16]  97 0C DE 07 A7 0C 99 C6 F2 07 BB 0C AB 0C 00 00
2025-11-08T03:08:41.440957,31.043,can0  204  [16]  E1 22 50 46 50 46 50 46 28 23 20 4E 30 75 00 00
2025-11-08T03:08:41.505461,31.108,can0  204  [16]  E1 22 50 46 50 46 50 46 28 23 20 4E 30 75 00 00
2025-11-08T03:08:41.559898,31.162,can0  204  [16]  E1 22 50 46 50 46 50 46 28 23 20 4E 30 75 00 00
2025-11-08T03:08:41.564804,31.167,can0  041  [04]  10 01 00 00
2025-11-08T03:08:41.567637,31.170,can0  206  [16]  9F 0C E5 07 97 0C C5 E1 F2 07 C3 0C AB 0C 00 00
2025-11-08T03:08:41.608110,31.210,can0  204  [16]  E1 22 50 46 50 46 50 46 28 23 20 4E 30 75 00 00
2025-11-08T03:08:41.668026,31.270,can0  204  [16]  E1 22 50 46 50 46 50 46 28 23 20 4E 30 75 00 00
2025-11-08T03:08:41.728201,31.330,can0  204  [16]  E1 22 50 46 50 46 50 46 28 23 20 4E 30 75 00 00
2025-11-08T03:08:41.728634,31.331,can0  206  [16]  A7 0C DC 07 A3 0C B1 E0 F2 07 C3 0C 9B 0C 00 00
2025-11-08T03:08:41.783469,31.386,can0  204  [16]  E1 22 50 46 50 46 50 46 28 23 20 4E 30 75 00 00
2025-11-08T03:08:41.834284,31.437,can0  041  [04]  10 01 00 00
2025-11-08T03:08:41.839455,31.442,can0  204  [16]  E1 22 50 46 50 46 50 46 28 23 20 4E 30 75 00 00
2025-11-08T03:08:41.901388,31.504,can0  204  [16]  E1 22 50 46 50 46 50 46 28 23 20 4E 30 75 00 00
2025-11-08T03:08:41.901458,31.504,can0  206  [16]  9F 0C DE 07 9B 0C 99 C6 EF 07 BF 0C A7 0C 00 00
2025-11-08T03:08:41.972510,31.575,can0  204  [16]  E1 22 50 46 50 46 50 46 28 23 20 4E 30 75 00 00
2025-11-08T03:08:42.029412,31.632,can0  204  [16]  E1 22 50 46 50 46 50 46 28 23 20 4E 30 75 00 00
2025-11-08T03:08:42.068756,31.671,can0  206  [16]  A3 0C DE 07 9B 0C C5 E1 EF 07 B7 0C A7 0C 00 00
2025-11-08T03:08:42.087028,31.689,can0  204  [16]  E1 22 50 46 50 46 50 46 28 23 20 4E 30 75 00 00
2025-11-08T03:08:42.097135,31.699,can0  041  [04]  10 01 00 00
2025-11-08T03:08:42.146591,31.749,can0  204  [16]  E1 22 50 46 50 46 50 46 28 23 20 4E 30 75 00 00
2025-11-08T03:08:42.220866,31.823,can0  204  [16]  E1 22 50 46 50 46 50 46 28 23 20 4E 30 75 00 00
2025-11-08T03:08:42.239690,31.842,can0  206  [16]  93 0C DE 07 9F 0C B1 E0 EF 07 BB 0C B3 0C 00 00
2025-11-08T03:08:42.264281,31.867,can0  204  [16]  E1 22 50 46 50 46 50 46 28 23 20 4E 30 75 00 00
2025-11-08T03:08:42.339655,31.942,can0  204  [16]  E1 22 50 46 50 46 50 46 28 23 20 4E 30 75 00 00
2025-11-08T03:08:42.368119,31.970,can0  041  [04]  10 01 00 00
2025-11-08T03:08:42.377010,31.979,can0  204  [16]  E1 22 50 46 50 46 50 46 28 23 20 4E 30 75 00 00
2025-11-08T03:08:42.398838,32.001,can0  206  [16]  97 0C DC 07 A3 0C 6C E7 F4 07 BB 0C AB 0C 00 00
2025-11-08T03:08:42.444852,32.047,can0  204  [16]  E1 22 50 46 50 46 50 46 28 23 20 4E 30 75 00 00
2025-11-08T03:08:42.491132,32.093,can0  204  [16]  E1 22 50 46 50 46 50 46 28 23 20 4E 30 75 00 00
2025-11-08T03:08:42.547643,32.150,can0  204  [16]  E1 22 50 46 50 46 50 46 28 23 20 4E 30 75 00 00
2025-11-08T03:08:42.567573,32.170,can0  206  [16]  AB 0C DC 07 9F 0C 99 C6 EF 07 BF 0C 9B 0C 00 00
2025-11-08T03:08:42.606400,32.209,can0  204  [16]  E1 22 50 46 50 46 50 46 28 23 20 4E 30 75 00 00
2025-11-08T03:08:42.637671,32.240,can0  041  [04]  3F 01 00 00
2025-11-08T03:08:42.673541,32.276,can0  204  [16]  E1 22 50 46 50 46 50 46 28 23 20 4E 30 75 00 00
2025-11-08T03:08:42.731972,32.334,can0  204  [16]  E1 22 50 46 50 46 50 46 28 23 20 4E 30 75 00 00
2025-11-08T03:08:42.744964,32.347,can0  206  [16]  AB 0C DA 07 97 0C DA DC EF 07 B7 0C 9F 0C 00 00
2025-11-08T03:08:42.779682,32.382,can0  204  [16]  E1 22 50 46 50 46 50 46 28 23 20 4E 30 75 00 00
2025-11-08T03:08:42.848236,32.451,can0  204  [16]  E1 22 50 46 50 46 50 46 28 23 20 4E 30 75 00 00
2025-11-08T03:08:42.894436,32.497,can0  204  [16]  E1 22 50 46 50 46 50 46 28 23 20 4E 30 75 00 00
2025-11-08T03:08:42.904772,32.507,can0  206  [16]  B3 0C DC 07 87 0C DA DC F4 07 C7 0C A7 0C 00 00
2025-11-08T03:08:42.904845,32.507,can0  041  [04]  3F 01 00 00
2025-11-08T03:08:42.970992,32.573,can0  204  [16]  E1 22 50 46 50 46 50 46 28 23 20 4E 30 75 00 00
2025-11-08T03:08:43.045883,32.648,can0  204  [16]  E1 22 50 46 50 46 50 46 28 23 20 4E 30 75 00 00
2025-11-08T03:08:43.058906,32.661,can0  206  [16]  9F 0C DE 07 97 0C DA DC F2 07 EC 0C AB 0C 00 00
2025-11-08T03:08:43.086625,32.689,can0  204  [16]  E1 22 50 46 50 46 50 46 28 23 20 4E 30 75 00 00
2025-11-08T03:08:43.150909,32.753,can0  204  [16]  E1 22 50 46 50 46 50 46 28 23 20 4E 30 75 00 00
2025-11-08T03:08:43.162655,32.765,can0  041  [04]  3F 01 00 00
2025-11-08T03:08:43.202221,32.804,can0  204  [16]  E1 22 50 46 50 46 50 46 28 23 20 4E 30 75 00 00
2025-11-08T03:08:43.229601,32.832,can0  206  [16]  A7 0C DC 07 9B 0C 3A DF F4 07 CF 0C 9B 0C 00 00
2025-11-08T03:08:43.266036,32.868,can0  204  [16]  E1 22 50 46 50 46 50 46 28 23 20 4E 30 75 00 00
2025-11-08T03:08:43.319269,32.922,can0  204  [16]  E1 22 50 46 50 46 50 46 28 23 20 4E 30 75 00 00
2025-11-08T03:08:43.370987,32.973,can0  204  [16]  E1 22 50 46 50 46 50 46 28 23 20 4E 30 75 00 00
2025-11-08T03:08:43.397187,32.999,can0  206  [16]  97 0C DC 07 A3 0C B1 E0 EF 07 C3 0C A3 0C 00 00
2025-11-08T03:08:43.448817,33.051,can0  204  [16]  E1 22 50 46 50 46 50 46 28 23 20 4E 30 75 00 00
2025-11-08T03:08:43.472170,33.074,can0  041  [04]  3F 01 00 00
2025-11-08T03:08:43.489447,33.092,can0  204  [16]  E1 22 50 46 50 46 50 46 28 23 20 4E 30 75 00 00
2025-11-08T03:08:43.554607,33.157,can0  204  [16]  E1 22 50 46 50 46 50 46 28 23 20 4E 30 75 00 00
2025-11-08T03:08:43.571156,33.173,can0  206  [16]  9F 0C DC 07 9B 0C 99 C6 F6 07 D3 0C A7 0C 00 00
2025-11-08T03:08:43.606224,33.208,can0  204  [16]  E1 22 50 46 50 46 50 46 28 23 20 4E 30 75 00 00
2025-11-08T03:08:43.661415,33.264,can0  204  [16]  E1 22 50 46 50 46 50 46 28 23 20 4E 30 75 00 00
2025-11-08T03:08:43.709160,33.311,can0  041  [04]  10 01 00 00
2025-11-08T03:08:43.716431,33.319,can0  204  [16]  E1 22 50 46 50 46 50 46 28 23 20 4E 30 75 00 00
2025-11-08T03:08:43.734352,33.337,can0  206  [16]  AB 0C DC 07 9B 0C 3A DF 0B 08 BF 0C 9B 0C 00 00
2025-11-08T03:08:43.777741,33.380,can0  204  [16]  E1 22 50 46 50 46 50 46 28 23 20 4E 30 75 00 00
2025-11-08T03:08:43.831785,33.434,can0  204  [16]  E1 22 50 46 50 46 50 46 28 23 20 4E 30 75 00 00
2025-11-08T03:08:43.892216,33.494,can0  204  [16]  E1 22 50 46 50 46 50 46 28 23 20 4E 30 75 00 00
2025-11-08T03:08:43.915432,33.518,can0  206  [16]  9B 0C DA 07 9F 0C 99 C6 F2 07 BB 0C AB 0C 00 00
2025-11-08T03:08:43.964592,33.567,can0  041  [04]  2F 00 00 00
2025-11-08T03:08:43.968457,33.571,can0  204  [16]  E1 22 50 46 50 46 50 46 28 23 20 4E 30 75 00 00
2025-11-08T03:08:44.022052,33.624,can0  204  [16]  E1 22 50 46 50 46 50 46 28 23 20 4E 30 75 00 00
2025-11-08T03:08:44.070922,33.673,can0  206  [16]  AB 0C DA 07 9B 0C 99 C6 EF 07 C3 0C 9B 0C 00 00
2025-11-08T03:08:44.082929,33.685,can0  204  [16]  E1 22 50 46 50 46 50 46 28 23 20 4E 30 75 00 00
2025-11-08T03:08:44.138940,33.741,can0  204  [16]  E1 22 50 46 50 46 50 46 28 23 20 4E 30 75 00 00
2025-11-08T03:08:44.194700,33.797,can0  204  [16]  E1 22 50 46 50 46 50 46 28 23 20 4E 30 75 00 00
2025-11-08T03:08:44.226387,33.829,can0  206  [16]  A3 0C D8 07 87 0C 3A DF F4 07 CF 0C A7 0C 00 00
2025-11-08T03:08:44.226910,33.829,can0  041  [04]  8B 00 00 00
2025-11-08T03:08:44.268256,33.871,can0  204  [16]  E1 22 50 46 50 46 50 46 28 23 20 4E 30 75 00 00
2025-11-08T03:08:44.312166,33.914,can0  204  [16]  E1 22 50 46 50 46 50 46 28 23 20 4E 30 75 00 00
2025-11-08T03:08:44.370678,33.973,can0  204  [16]  E1 22 50 46 50 46 50 46 28 23 20 4E 30 75 00 00
2025-11-08T03:08:44.393465,33.996,can0  206  [16]  C7 0C DE 07 87 0C 3A DF F2 07 B3 0C 9F 0C 00 00
2025-11-08T03:08:44.426414,34.029,can0  204  [16]  E1 22 50 46 50 46 50 46 28 23 20 4E 30 75 00 00
2025-11-08T03:08:44.482207,34.084,can0  204  [16]  E1 22 50 46 50 46 50 46 28 23 20 4E 30 75 00 00
2025-11-08T03:08:44.494124,34.096,can0  041  [04]  2F 00 00 00
2025-11-08T03:08:44.540246,34.143,can0  204  [16]  E1 22 50 46 50 46 50 46 28 23 20 4E 30 75 00 00
2025-11-08T03:08:44.594770,34.197,can0  206  [16]  9F 0C E3 07 9B 0C B1 E0 EF 07 BB 0C A7 0C 00 00
2025-11-08T03:08:44.598149,34.200,can0  204  [16]  E1 22 50 46 50 46 50 46 28 23 20 4E 30 75 00 00
2025-11-08T03:08:44.655266,34.258,can0  204  [16]  E1 22 50 46 50 46 50 46 28 23 20 4E 30 75 00 00
2025-11-08T03:08:44.726611,34.329,can0  204  [16]  E1 22 50 46 50 46 50 46 28 23 20 4E 30 75 00 00
2025-11-08T03:08:44.732607,34.335,can0  206  [16]  A3 0C DE 07 9B 0C 99 C6 10 08 B7 0C A7 0C 00 00
2025-11-08T03:08:44.762277,34.365,can0  041  [04]  2F 00 00 00
2025-11-08T03:08:44.772257,34.375,can0  204  [16]  E1 22 50 46 50 46 50 46 28 23 20 4E 30 75 00 00
2025-11-08T03:08:44.827876,34.430,can0  204  [16]  E1 22 50 46 50 46 50 46 28 23 20 4E 30 75 00 00
2025-11-08T03:08:44.886899,34.489,can0  204  [16]  E1 22 50 46 50 46 50 46 28 23 20 4E 30 75 00 00
2025-11-08T03:08:44.907986,34.510,can0  206  [16]  B3 0C DC 07 A3 0C 3A DF EF 07 B7 0C 93 0C 00 00
2025-11-08T03:08:44.961533,34.564,can0  204  [16]  E1 22 50 46 50 46 50 46 28 23 20 4E 30 75 00 00
2025-11-08T03:08:45.018802,34.621,can0  204  [16]  E1 22 50 46 50 46 50 46 28 23 20 4E 30 75 00 00
2025-11-08T03:08:45.029573,34.632,can0  041  [04]  2F 00 00 00
2025-11-08T03:08:45.060432,34.663,can0  206  [16]  A3 0C D8 07 A3 0C B1 E0 ED 07 BB 0C A3 0C 00 00
2025-11-08T03:08:45.089679,34.692,can0  204  [16]  E1 22 50 46 50 46 50 46 28 23 20 4E 30 75 00 00
2025-11-08T03:08:45.135070,34.737,can0  204  [16]  E1 22 50 46 50 46 50 46 28 23 20 4E 30 75 00 00
2025-11-08T03:08:45.191011,34.793,can0  204  [16]  E1 22 50 46 50 46 50 46 28 23 20 4E 30 75 00 00
2025-11-08T03:08:45.219745,34.822,can0  206  [16]  97 0C DA 07 9B 0C B1 E0 F4 07 BF 0C AF 0C 00 00
2025-11-08T03:08:45.249897,34.852,can0  204  [16]  E1 22 50 46 50 46 50 46 28 23 20 4E 30 75 00 00
2025-11-08T03:08:45.315855,34.918,can0  041  [04]  E4 00 00 00
2025-11-08T03:08:45.316182,34.918,can0  204  [16]  E1 22 50 46 50 46 50 46 28 23 20 4E 30 75 00 00
2025-11-08T03:08:45.364394,34.967,can0  204  [16]  E1 22 50 46 50 46 50 46 28 23 20 4E 30 75 00 00
2025-11-08T03:08:45.395166,34.997,can0  206  [16]  93 0C DC 07 A7 0C 99 C6 EF 07 BF 0C AB 0C 00 00
2025-11-08T03:08:45.423761,35.026,can0  204  [16]  E1 22 50 46 50 46 50 46 28 23 20 4E 30 75 00 00
2025-11-08T03:08:45.480575,35.083,can0  204  [16]  E1 22 50 46 50 46 50 46 28 23 20 4E 30 75 00 00
2025-11-08T03:08:45.550469,35.153,can0  204  [16]  E1 22 50 46 50 46 50 46 28 23 20 4E 30 75 00 00
2025-11-08T03:08:45.551313,35.154,can0  206  [16]  97 0C DC 07 9F 0C DA DC EF 07 BF 0C AB 0C 00 00
2025-11-08T03:08:45.558676,35.161,can0  041  [04]  E4 00 00 00
2025-11-08T03:08:45.613215,35.215,can0  204  [16]  E1 22 50 46 50 46 50 46 28 23 20 4E 30 75 00 00
2025-11-08T03:08:45.659629,35.262,can0  204  [16]  E1 22 50 46 50 46 50 46 28 23 20 4E 30 75 00 00
2025-11-08T03:08:45.711697,35.314,can0  204  [16]  E1 22 50 46 50 46 50 46 28 23 20 4E 30 75 00 00
2025-11-08T03:08:45.719945,35.322,can0  206  [16]  97 0C DC 07 A3 0C 57 E3 F2 07 CB 0C 9F 0C 00 00
2025-11-08T03:08:45.768410,35.371,can0  204  [16]  E1 22 50 46 50 46 50 46 28 23 20 4E 30 75 00 00
2025-11-08T03:08:45.826968,35.429,can0  041  [04]  3F 01 00 00
2025-11-08T03:08:45.827032,35.429,can0  204  [16]  E1 22 50 46 50 46 50 46 28 23 20 4E 30 75 00 00
2025-11-08T03:08:45.886533,35.489,can0  204  [16]  E1 22 50 46 50 46 50 46 28 23 20 4E 30 75 00 00
2025-11-08T03:08:45.890026,35.492,can0  206  [16]  9B 0C D8 07 9F 0C DA DC F2 07 BF 0C A7 0C 00 00
2025-11-08T03:08:45.960425,35.563,can0  204  [16]  E1 22 50 46 50 46 50 46 28 23 20 4E 30 75 00 00
2025-11-08T03:08:46.023082,35.625,can0  204  [16]  E1 22 50 46 50 46 50 46 28 23 20 4E 30 75 00 00
2025-11-08T03:08:46.063147,35.665,can0  206  [16]  A3 0C E5 07 97 0C 3A DF F2 07 C3 0C A7 0C 00 00
2025-11-08T03:08:46.073349,35.676,can0  204  [16]  E1 22 50 46 50 46 50 46 28 23 20 4E 30 75 00 00
2025-11-08T03:08:46.094256,35.697,can0  041  [04]  3F 01 00 00
2025-11-08T03:08:46.130875,35.733,can0  204  [16]  E1 22 50 46 50 46 50 46 28 23 20 4E 30 75 00 00
2025-11-08T03:08:46.191544,35.794,can0  204  [16]  E1 22 50 46 50 46 50 46 28 23 20 4E 30 75 00 00
2025-11-08T03:08:46.223087,35.825,can0  206  [16]  B3 0C FA 07 9B 0C B1 E0 F2 07 BF 0C 93 0C 00 00
2025-11-08T03:08:46.251575,35.854,can0  204  [16]  E1 22 50 46 50 46 50 46 28 23 20 4E 30 75 00 00
2025-11-08T03:08:46.319968,35.922,can0  204  [16]  E1 22 50 46 50 46 50 46 28 23 20 4E 30 75 00 00
2025-11-08T03:08:46.357109,35.959,can0  041  [04]  8B 00 00 00
2025-11-08T03:08:46.370836,35.973,can0  204  [16]  E1 22 50 46 50 46 50 46 28 23 20 4E 30 75 00 00
2025-11-08T03:08:46.382463,35.985,can0  206  [16]  7F 0C D8 07 9B 0C 3A DF F2 07 C3 0C C7 0C 00 00
2025-11-08T03:08:46.434459,36.037,can0  204  [16]  E1 22 50 46 50 46 50 46 28 23 20 4E 30 75 00 00
2025-11-08T03:08:46.478722,36.081,can0  204  [16]  E1 22 50 46 50 46 50 46 28 23 20 4E 30 75 00 00
2025-11-08T03:08:46.544329,36.147,can0  204  [16]  E1 22 50 46 50 46 50 46 28 23 20 4E 30 75 00 00
2025-11-08T03:08:46.544394,36.147,can0  206  [16]  A7 0C DC 07 9B 0C DA DC F2 07 C3 0C 9F 0C 00 00
2025-11-08T03:08:46.599849,36.202,can0  204  [16]  E1 22 50 46 50 46 50 46 28 23 20 4E 30 75 00 00
2025-11-08T03:08:46.624132,36.226,can0  041  [04]  8B 00 00 00
2025-11-08T03:08:46.648035,36.250,can0  204  [16]  E1 22 50 46 50 46 50 46 28 23 20 4E 30 75 00 00
2025-11-08T03:08:46.707709,36.310,can0  204  [16]  E1 22 50 46 50 46 50 46 28 23 20 4E 30 75 00 00
2025-11-08T03:08:46.733011,36.335,can0  206  [16]  BF 0C DE 07 7B 0C B1 E0 F2 07 CB 0C A3 0C 00 00
2025-11-08T03:08:46.763956,36.366,can0  204  [16]  E1 22 50 46 50 46 50 46 28 23 20 4E 30 75 00 00
2025-11-08T03:08:46.828909,36.431,can0  204  [16]  E1 22 50 46 50 46 50 46 28 23 20 4E 30 75 00 00
2025-11-08T03:08:46.883297,36.486,can0  204  [16]  E1 22 50 46 50 46 50 46 28 23 20 4E 30 75 00 00
2025-11-08T03:08:46.883583,36.486,can0  206  [16]  9F 0C DC 07 9F 0C 3A DF EF 07 BB 0C A7 0C 00 00
2025-11-08T03:08:46.894013,36.496,can0  041  [04]  B5 00 00 00
2025-11-08T03:08:46.970506,36.573,can0  204  [16]  E1 22 50 46 50 46 50 46 28 23 20 4E 30 75 00 00
2025-11-08T03:08:47.014477,36.617,can0  204  [16]  E1 22 50 46 50 46 50 46 28 23 20 4E 30 75 00 00
2025-11-08T03:08:47.052744,36.655,can0  206  [16]  A3 0C DC 07 97 0C 3A DF F2 07 C3 0C A7 0C 00 00
2025-11-08T03:08:47.087313,36.690,can0  204  [16]  E1 22 50 46 50 46 50 46 28 23 20 4E 30 75 00 00
2025-11-08T03:08:47.138880,36.741,can0  204  [16]  E1 22 50 46 50 46 50 46 28 23 20 4E 30 75 00 00
2025-11-08T03:08:47.156059,36.758,can0  041  [04]  8B 00 00 00
2025-11-08T03:08:47.189535,36.792,can0  204  [16]  E1 22 50 46 50 46 50 46 28 23 20 4E 30 75 00 00
2025-11-08T03:08:47.207656,36.810,can0  206  [16]  9B 0C DA 07 A3 0C 99 C6 EF 07 B3 0C A7 0C 00 00
2025-11-08T03:08:47.263545,36.866,can0  204  [16]  E1 22 50 46 50 46 50 46 28 23 20 4E 30 75 00 00
2025-11-08T03:08:47.301729,36.904,can0  204  [16]  E1 22 50 46 50 46 50 46 28 23 20 4E 30 75 00 00
2025-11-08T03:08:47.360220,36.962,can0  204  [16]  E1 22 50 46 50 46 50 46 28 23 20 4E 30 75 00 00
2025-11-08T03:08:47.385208,36.987,can0  206  [16]  9B 0C DE 07 9F 0C 99 C6 F2 07 BF 0C AB 0C 00 00
2025-11-08T03:08:47.419010,37.021,can0  204  [16]  E1 22 50 46 50 46 50 46 28 23 20 4E 30 75 00 00
2025-11-08T03:08:47.424339,37.027,can0  041  [04]  5E 00 00 00
2025-11-08T03:08:47.477925,37.080,can0  204  [16]  E1 22 50 46 50 46 50 46 28 23 20 4E 30 75 00 00
2025-11-08T03:08:47.548314,37.151,can0  204  [16]  E1 22 50 46 50 46 50 46 28 23 20 4E 30 75 00 00
2025-11-08T03:08:47.557409,37.160,can0  206  [16]  A7 0C DE 07 9F 0C 3A DF F2 07 B7 0C A3 0C 00 00
2025-11-08T03:08:47.589652,37.192,can0  204  [16]  E1 22 50 46 50 46 50 46 28 23 20 4E 30 75 00 00
2025-11-08T03:08:47.651363,37.254,can0  204  [16]  E1 22 50 46 50 46 50 46 28 23 20 4E 30 75 00 00
2025-11-08T03:08:47.702188,37.304,can0  041  [04]  E4 00 00 00
2025-11-08T03:08:47.703803,37.306,can0  204  [16]  E1 22 50 46 50 46 50 46 28 23 20 4E 30 75 00 00
2025-11-08T03:08:47.715166,37.317,can0  206  [16]  A7 0C DC 07 9B 0C 99 C6 F6 07 BF 0C 9F 0C 00 00
2025-11-08T03:08:47.759894,37.362,can0  204  [16]  E1 22 50 46 50 46 50 46 28 23 20 4E 30 75 00 00
2025-11-08T03:08:47.833759,37.436,can0  204  [16]  E1 22 50 46 50 46 50 46 28 23 20 4E 30 75 00 00
2025-11-08T03:08:47.875496,37.478,can0  204  [16]  E1 22 50 46 50 46 50 46 28 23 20 4E 30 75 00 00
2025-11-08T03:08:47.881705,37.484,can0  206  [16]  A3 0C DC 07 97 0C 3A DF F2 07 D3 0C A3 0C 00 00
2025-11-08T03:08:47.961987,37.564,can0  204  [16]  E1 22 50 46 50 46 50 46 28 23 20 4E 30 75 00 00
2025-11-08T03:08:47.962050,37.564,can0  041  [04]  E4 00 00 00
2025-11-08T03:08:48.015662,37.618,can0  204  [16]  E1 22 50 46 50 46 50 46 28 23 20 4E 30 75 00 00
2025-11-08T03:08:48.062515,37.665,can0  206  [16]  9F 0C DC 07 97 0C 99 C6 F2 07 C3 0C A7 0C 00 00
2025-11-08T03:08:48.070024,37.672,can0  204  [16]  E1 22 50 46 50 46 50 46 28 23 20 4E 30 75 00 00
2025-11-08T03:08:48.123705,37.726,can0  204  [16]  E1 22 50 46 50 46 50 46 28 23 20 4E 30 75 00 00
2025-11-08T03:08:48.180577,37.783,can0  204  [16]  E1 22 50 46 50 46 50 46 28 23 20 4E 30 75 00 00
2025-11-08T03:08:48.213803,37.816,can0  206  [16]  A7 0C DC 07 97 0C 99 C6 F4 07 BF 0C A3 0C 00 00
2025-11-08T03:08:48.221372,37.824,can0  041  [04]  3F 01 00 00
2025-11-08T03:08:48.265668,37.868,can0  204  [16]  E1 22 50 46 50 46 50 46 28 23 20 4E 30 75 00 00
2025-11-08T03:08:48.296103,37.898,can0  204  [16]  E1 22 50 46 50 46 50 46 28 23 20 4E 30 75 00 00
2025-11-08T03:08:48.368131,37.970,can0  204  [16]  E1 22 50 46 50 46 50 46 28 23 20 4E 30 75 00 00
2025-11-08T03:08:48.378541,37.981,can0  206  [16]  A3 0C DE 07 9F 0C 99 C6 F2 07 BF 0C A3 0C 00 00
2025-11-08T03:08:48.412594,38.015,can0  204  [16]  E1 22 50 46 50 46 50 46 28 23 20 4E 30 75 00 00
2025-11-08T03:08:48.477437,38.080,can0  204  [16]  E1 22 50 46 50 46 50 46 28 23 20 4E 30 75 00 00
2025-11-08T03:08:48.488885,38.091,can0  041  [04]  3F 01 00 00
2025-11-08T03:08:48.528217,38.130,can0  204  [16]  E1 22 50 46 50 46 50 46 28 23 20 4E 30 75 00 00
2025-11-08T03:08:48.550904,38.153,can0  206  [16]  A3 0C D1 07 9B 0C B1 E0 F2 07 C3 0C A3 0C 00 00
2025-11-08T03:08:48.587392,38.190,can0  204  [16]  E1 22 50 46 50 46 50 46 28 23 20 4E 30 75 00 00
2025-11-08T03:08:48.645258,38.248,can0  204  [16]  E1 22 50 46 50 46 50 46 28 23 20 4E 30 75 00 00
2025-11-08T03:08:48.700938,38.303,can0  204  [16]  E1 22 50 46 50 46 50 46 28 23 20 4E 30 75 00 00
2025-11-08T03:08:48.719838,38.322,can0  206  [16]  AB 0C DC 07 9F 0C DA DC F2 07 DF 0C 9B 0C 00 00
2025-11-08T03:08:48.758886,38.361,can0  041  [04]  10 01 00 00
2025-11-08T03:08:48.758944,38.361,can0  204  [16]  E1 22 50 46 50 46 50 46 28 23 20 4E 30 75 00 00
2025-11-08T03:08:48.814667,38.417,can0  204  [16]  E1 22 50 46 50 46 50 46 28 23 20 4E 30 75 00 00
2025-11-08T03:08:48.891887,38.494,can0  204  [16]  E1 22 50 46 50 46 50 46 28 23 20 4E 30 75 00 00
2025-11-08T03:08:48.892653,38.495,can0  206  [16]  AF 0C DE 07 93 0C DA DC EF 07 BF 0C 9F 0C 00 00
2025-11-08T03:08:49.002482,38.605,can0  204  [16]  E1 22 50 46 50 46 50 46 28 23 20 4E 30 75 00 00
2025-11-08T03:08:49.009156,38.611,can0  204  [16]  E1 22 50 46 50 46 50 46 28 23 20 4E 30 75 00 00
2025-11-08T03:08:49.331543,38.934,can0  041  [04]  3F 01 00 00
2025-11-08T03:08:49.331604,38.934,can0  206  [16]  9F 0C DE 07 A3 0C 99 C6 EF 07 B7 0C AB 0C 00 00
2025-11-08T03:08:49.331624,38.934,can0  204  [16]  E1 22 50 46 50 46 50 46 28 23 20 4E 30 75 00 00
2025-11-08T03:08:49.331639,38.934,can0  204  [16]  E1 22 50 46 50 46 50 46 28 23 20 4E 30 75 00 00
2025-11-08T03:08:49.331654,38.934,can0  204  [16]  E1 22 50 46 50 46 50 46 28 23 20 4E 30 75 00 00
2025-11-08T03:08:49.331668,38.934,can0  206  [16]  9B 0C DC 07 7F 0C 3A DF F2 07 E8 0C AB 0C 00 00
2025-11-08T03:08:49.331682,38.934,can0  204  [16]  E1 22 50 46 50 46 50 46 28 23 20 4E 30 75 00 00
2025-11-08T03:08:49.331696,38.934,can0  041  [04]  3F 01 00 00
2025-11-08T03:08:49.331710,38.934,can0  204  [16]  E1 22 50 46 50 46 50 46 28 23 20 4E 30 75 00 00
2025-11-08T03:08:49.411502,39.014,can0  204  [16]  E1 22 50 46 50 46 50 46 28 23 20 4E 30 75 00 00
2025-11-08T03:08:49.411564,39.014,can0  206  [16]  A3 0C DC 07 97 0C 99 C6 EF 07 C3 0C A7 0C 00 00
2025-11-08T03:08:49.412214,39.014,can0  204  [16]  E1 22 50 46 50 46 50 46 28 23 20 4E 30 75 00 00
2025-11-08T03:08:49.472485,39.075,can0  204  [16]  E1 22 50 46 50 46 50 46 28 23 20 4E 30 75 00 00
2025-11-08T03:08:49.607021,39.209,can0  204  [16]  E1 22 50 46 50 46 50 46 28 23 20 4E 30 75 00 00
2025-11-08T03:08:49.607085,39.209,can0  206  [16]  A3 0C DE 07 9B 0C B1 E0 F2 07 BF 0C A7 0C 00 00
2025-11-08T03:08:49.607105,39.209,can0  041  [04]  2F 00 00 00
2025-11-08T03:08:49.607121,39.209,can0  204  [16]  E1 22 50 46 50 46 50 46 28 23 20 4E 30 75 00 00
2025-11-08T03:08:49.669210,39.271,can0  204  [16]  E1 22 50 46 50 46 50 46 28 23 20 4E 30 75 00 00
2025-11-08T03:08:49.827059,39.429,can0  204  [16]  E1 22 50 46 50 46 50 46 28 23 20 4E 30 75 00 00
2025-11-08T03:08:49.829223,39.431,can0  206  [16]  A3 0C DE 07 9B 0C DA DC ED 07 C7 0C A3 0C 00 00
2025-11-08T03:08:49.829276,39.432,can0  204  [16]  E1 22 50 46 50 46 50 46 28 23 20 4E 30 75 00 00
2025-11-08T03:08:49.829297,39.432,can0  204  [16]  E1 22 50 46 50 46 50 46 28 23 20 4E 30 75 00 00
2025-11-08T03:08:49.829314,39.432,can0  041  [04]  2F 00 00 00
2025-11-08T03:08:49.873696,39.476,can0  204  [16]  E1 22 50 46 50 46 50 46 28 23 20 4E 30 75 00 00
2025-11-08T03:08:49.972926,39.575,can0  206  [16]  A7 0C DC 07 97 0C DA DC F2 07 08 0D A3 0C 00 00
2025-11-08T03:08:49.980793,39.583,can0  204  [16]  E1 22 50 46 50 46 50 46 28 23 20 4E 30 75 00 00
2025-11-08T03:08:50.032617,39.635,can0  204  [16]  E1 22 50 46 50 46 50 46 28 23 20 4E 30 75 00 00
2025-11-08T03:08:50.056929,39.659,can0  206  [16]  A3 0C DE 07 97 0C B1 E0 F8 07 CB 0C A7 0C 00 00
2025-11-08T03:08:50.057494,39.660,can0  204  [16]  E1 22 50 46 50 46 50 46 28 23 20 4E 30 75 00 00
2025-11-08T03:08:50.126315,39.729,can0  041  [04]  3F 01 00 00
2025-11-08T03:08:50.126373,39.729,can0  204  [16]  E1 22 50 46 50 46 50 46 28 23 20 4E 30 75 00 00
2025-11-08T03:08:50.176159,39.778,can0  204  [16]  E1 22 50 46 50 46 50 46 28 23 20 4E 30 75 00 00
2025-11-08T03:08:50.227909,39.830,can0  206  [16]  9F 0C DC 07 9F 0C DA DC F6 07 C3 0C A7 0C 00 00
2025-11-08T03:08:50.229259,39.832,can0  204  [16]  E1 22 50 46 50 46 50 46 28 23 20 4E 30 75 00 00
2025-11-08T03:08:50.364805,39.967,can0  204  [16]  E1 22 50 46 50 46 50 46 28 23 20 4E 30 75 00 00
2025-11-08T03:08:50.364881,39.967,can0  204  [16]  E1 22 50 46 50 46 50 46 28 23 20 4E 30 75 00 00
2025-11-08T03:08:50.364899,39.967,can0  041  [04]  3F 01 00 00
2025-11-08T03:08:50.375937,39.978,can0  206  [16]  9F 0C E0 07 97 0C DA DC EF 07 AF 0C AB 0C 00 00
2025-11-08T03:08:50.414591,40.017,can0  204  [16]  E1 22 50 46 50 46 50 46 28 23 20 4E 30 75 00 00
2025-11-08T03:08:50.576274,40.179,can0  204  [16]  E1 22 50 46 50 46 50 46 28 23 20 4E 30 75 00 00
2025-11-08T03:08:50.576688,40.179,can0  204  [16]  E1 22 50 46 50 46 50 46 28 23 20 4E 30 75 00 00
2025-11-08T03:08:50.583871,40.186,can0  206  [16]  9F 0C D8 07 97 0C DA DC EF 07 C3 0C A7 0C 00 00
2025-11-08T03:08:50.583902,40.186,can0  204  [16]  E1 22 50 46 50 46 50 46 28 23 20 4E 30 75 00 00
2025-11-08T03:08:50.635026,40.237,can0  041  [04]  3F 01 00 00
2025-11-08T03:08:50.635659,40.238,can0  204  [16]  E1 22 50 46 50 46 50 46 28 23 20 4E 30 75 00 00
2025-11-08T03:08:50.773984,40.376,can0  204  [16]  E1 22 50 46 50 46 50 46 28 23 20 4E 30 75 00 00
2025-11-08T03:08:50.774043,40.376,can0  206  [16]  A7 0C DE 07 97 0C B1 E0 F2 07 C3 0C A3 0C 00 00
2025-11-08T03:08:50.774060,40.376,can0  204  [16]  E1 22 50 46 50 46 50 46 28 23 20 4E 30 75 00 00
2025-11-08T03:08:50.807634,40.410,can0  204  [16]  E1 22 50 46 50 46 50 46 28 23 20 4E 30 75 00 00
2025-11-08T03:08:50.973714,40.576,can0  204  [16]  E1 22 50 46 50 46 50 46 28 23 20 4E 30 75 00 00
2025-11-08T03:08:50.973775,40.576,can0  206  [16]  A3 0C DC 07 9F 0C DA DC EF 07 BF 0C A3 0C 00 00
2025-11-08T03:08:50.973794,40.576,can0  041  [04]  3F 01 00 00
2025-11-08T03:08:50.973812,40.576,can0  204  [16]  E1 22 50 46 50 46 50 46 28 23 20 4E 30 75 00 00
2025-11-08T03:08:50.993412,40.596,can0  204  [16]  E1 22 50 46 50 46 50 46 28 23 20 4E 30 75 00 00
2025-11-08T03:08:51.045734,40.648,can0  206  [16]  A7 0C DC 07 9B 0C 99 C6 EF 07 BF 0C 9F 0C 00 00
2025-11-08T03:08:51.051273,40.654,can0  204  [16]  E1 22 50 46 50 46 50 46 28 23 20 4E 30 75 00 00
2025-11-08T03:08:51.173680,40.776,can0  204  [16]  E1 22 50 46 50 46 50 46 28 23 20 4E 30 75 00 00
2025-11-08T03:08:51.177866,40.780,can0  041  [04]  3F 01 00 00
2025-11-08T03:08:51.177914,40.780,can0  204  [16]  E1 22 50 46 50 46 50 46 28 23 20 4E 30 75 00 00
2025-11-08T03:08:51.197941,40.800,can0  206  [16]  A3 0C DE 07 9B 0C DA DC F2 07 B7 0C A3 0C 00 00
2025-11-08T03:08:51.244523,40.847,can0  204  [16]  E1 22 50 46 50 46 50 46 28 23 20 4E 30 75 00 00
2025-11-08T03:08:51.386442,40.989,can0  204  [16]  E1 22 50 46 50 46 50 46 28 23 20 4E 30 75 00 00
2025-11-08T03:08:51.386503,40.989,can0  204  [16]  E1 22 50 46 50 46 50 46 28 23 20 4E 30 75 00 00
2025-11-08T03:08:51.386521,40.989,can0  206  [16]  A3 0C DE 07 93 0C DA DC F2 07 CB 0C A7 0C 00 00
2025-11-08T03:08:51.396302,40.999,can0  204  [16]  E1 22 50 46 50 46 50 46 28 23 20 4E 30 75 00 00
2025-11-08T03:08:51.421459,41.024,can0  041  [04]  02 00 00 00
2025-11-08T03:08:51.458842,41.061,can0  204  [16]  E1 22 50 46 50 46 50 46 28 23 20 4E 30 75 00 00
2025-11-08T03:08:51.587913,41.190,can0  204  [16]  E1 22 50 46 50 46 50 46 28 23 20 4E 30 75 00 00
2025-11-08T03:08:51.587974,41.190,can0  206  [16]  9F 0C DA 07 A3 0C DA DC F2 07 C3 0C 9F 0C 00 00
2025-11-08T03:08:51.587992,41.190,can0  204  [16]  E1 22 50 46 50 46 50 46 28 23 20 4E 30 75 00 00
2025-11-08T03:08:51.660815,41.263,can0  204  [16]  E1 22 50 46 50 46 50 46 28 23 20 4E 30 75 00 00
2025-11-08T03:08:51.794762,41.397,can0  041  [04]  3F 01 00 00
2025-11-08T03:08:51.794825,41.397,can0  204  [16]  E1 22 50 46 50 46 50 46 28 23 20 4E 30 75 00 00
2025-11-08T03:08:51.794843,41.397,can0  206  [16]  9F 0C DC 07 9B 0C 99 C6 EF 07 C7 0C A7 0C 00 00
2025-11-08T03:08:51.794860,41.397,can0  204  [16]  E1 22 50 46 50 46 50 46 28 23 20 4E 30 75 00 00
2025-11-08T03:08:51.799723,41.402,can0  204  [16]  E1 22 50 46 50 46 50 46 28 23 20 4E 30 75 00 00
2025-11-08T03:08:51.865664,41.468,can0  204  [16]  E1 22 50 46 50 46 50 46 28 23 20 4E 30 75 00 00
2025-11-08T03:08:51.866757,41.469,can0  206  [16]  93 0C D3 07 83 0C DA DC F4 07 D7 0C BB 0C 00 00
2025-11-08T03:08:51.997872,41.600,can0  204  [16]  E1 22 50 46 50 46 50 46 28 23 20 4E 30 75 00 00
2025-11-08T03:08:51.997935,41.600,can0  041  [04]  02 00 00 00
2025-11-08T03:08:51.997953,41.600,can0  204  [16]  E1 22 50 46 50 46 50 46 28 23 20 4E 30 75 00 00
2025-11-08T03:08:52.032690,41.635,can0  206  [16]  9F 0C DC 07 9F 0C B1 E0 ED 07 BF 0C A7 0C 00 00
2025-11-08T03:08:52.070581,41.673,can0  204  [16]  E1 22 50 46 50 46 50 46 28 23 20 4E 30 75 00 00
2025-11-08T03:08:52.198848,41.801,can0  204  [16]  E1 22 50 46 50 46 50 46 28 23 20 4E 30 75 00 00
2025-11-08T03:08:52.198910,41.801,can0  204  [16]  E1 22 50 46 50 46 50 46 28 23 20 4E 30 75 00 00
2025-11-08T03:08:52.198928,41.801,can0  206  [16]  AF 0C E9 07 97 0C B1 E0 F2 07 EC 0C 9B 0C 00 00
2025-11-08T03:08:52.215979,41.818,can0  041  [04]  3F 01 00 00
2025-11-08T03:08:52.220502,41.823,can0  204  [16]  E1 22 50 46 50 46 50 46 28 23 20 4E 30 75 00 00
2025-11-08T03:08:52.277574,41.880,can0  204  [16]  E1 22 50 46 50 46 50 46 28 23 20 4E 30 75 00 00
2025-11-08T03:08:52.349526,41.952,can0  204  [16]  E1 22 50 46 50 46 50 46 28 23 20 4E 30 75 00 00
2025-11-08T03:08:52.380687,41.983,can0  206  [16]  83 0C E0 07 9B 0C 99 C6 F2 07 C7 0C C7 0C 00 00
2025-11-08T03:08:52.392405,41.995,can0  204  [16]  E1 22 50 46 50 46 50 46 28 23 20 4E 30 75 00 00
2025-11-08T03:08:52.483722,42.086,can0  204  [16]  E1 22 50 46 50 46 50 46 28 23 20 4E 30 75 00 00
2025-11-08T03:08:52.485410,42.088,can0  041  [04]  3F 01 00 00
2025-11-08T03:08:52.512706,42.115,can0  204  [16]  E1 22 50 46 50 46 50 46 28 23 20 4E 30 75 00 00
2025-11-08T03:08:52.528251,42.131,can0  206  [16]  A7 0C DC 07 9B 0C 3A DF F2 07 BF 0C A3 0C 00 00
2025-11-08T03:08:52.578063,42.180,can0  204  [16]  E1 22 50 46 50 46 50 46 28 23 20 4E 30 75 00 00
2025-11-08T03:08:52.623522,42.226,can0  204  [16]  E1 22 50 46 50 46 50 46 28 23 20 4E 30 75 00 00
2025-11-08T03:08:52.685732,42.288,can0  204  [16]  E1 22 50 46 50 46 50 46 28 23 20 4E 30 75 00 00
2025-11-08T03:08:52.690048,42.292,can0  206  [16]  9F 0C D8 07 A7 0C 3A DF F2 07 BB 0C A3 0C 00 00
2025-11-08T03:08:52.737960,42.340,can0  204  [16]  E1 22 50 46 50 46 50 46 28 23 20 4E 30 75 00 00
2025-11-08T03:08:52.753261,42.356,can0  041  [04]  52 01 02 00
2025-11-08T03:08:52.797655,42.400,can0  204  [16]  E1 22 50 46 50 46 50 46 28 23 20 4E 30 75 00 00
2025-11-08T03:08:52.873792,42.476,can0  204  [16]  E1 22 50 46 50 46 50 46 28 23 20 4E 30 75 00 00
2025-11-08T03:08:52.891776,42.494,can0  206  [16]  A7 0C E3 07 97 0C DA DC F2 07 CF 0C 9F 0C 00 00
2025-11-08T03:08:52.926698,42.529,can0  204  [16]  E1 22 50 46 50 46 50 46 28 23 20 4E 30 75 00 00
2025-11-08T03:08:52.990305,42.593,can0  204  [16]  E1 22 50 46 50 46 50 46 28 23 20 4E 30 75 00 00
2025-11-08T03:08:53.028107,42.630,can0  041  [04]  02 00 02 00
2025-11-08T03:08:53.028432,42.631,can0  206  [16]  B3 0C DE 07 93 0C DA DC F2 07 CF 0C 97 0C 00 00
2025-11-08T03:08:53.041369,42.644,can0  204  [16]  E1 22 50 46 50 46 50 46 28 23 20 4E 30 75 00 00
2025-11-08T03:08:53.099610,42.702,can0  204  [16]  E1 22 50 46 50 46 50 46 28 23 20 4E 30 75 00 00
2025-11-08T03:08:53.187719,42.790,can0  204  [16]  E1 22 50 46 50 46 50 46 28 23 20 4E 30 75 00 00
2025-11-08T03:08:53.194801,42.797,can0  206  [16]  A3 0C DC 07 9F 0C DA DC EF 07 BF 0C A3 0C 00 00
2025-11-08T03:08:53.221778,42.824,can0  204  [16]  E1 22 50 46 50 46 50 46 28 23 20 4E 30 75 00 00
2025-11-08T03:08:53.300427,42.903,can0  204  [16]  E1 22 50 46 50 46 50 46 28 23 20 4E 30 75 00 00
2025-11-08T03:08:53.300706,42.903,can0  041  [04]  52 01 02 00
2025-11-08T03:08:53.334679,42.937,can0  204  [16]  E1 22 50 46 50 46 50 46 28 23 20 4E 30 75 00 00
2025-11-08T03:08:53.352360,42.955,can0  206  [16]  A7 0C DE 07 97 0C 3A DF EF 07 B3 0C A3 0C 00 00
2025-11-08T03:08:53.402770,43.005,can0  204  [16]  E1 22 50 46 50 46 50 46 28 23 20 4E 30 75 00 00
2025-11-08T03:08:53.444882,43.047,can0  204  [16]  E1 22 50 46 50 46 50 46 28 23 20 4E 30 75 00 00
2025-11-08T03:08:53.508498,43.111,can0  204  [16]  E1 22 50 46 50 46 50 46 28 23 20 4E 30 75 00 00
2025-11-08T03:08:53.515392,43.118,can0  206  [16]  A7 0C DC 07 97 0C DA DC D6 07 C7 0C A3 0C 00 00
2025-11-08T03:08:53.547390,43.150,can0  041  [04]  3F 01 00 00
2025-11-08T03:08:53.565421,43.168,can0  204  [16]  E1 22 50 46 50 46 50 46 28 23 20 4E 30 75 00 00
2025-11-08T03:08:53.622211,43.224,can0  204  [16]  E1 22 50 46 50 46 50 46 28 23 20 4E 30 75 00 00
2025-11-08T03:08:53.697954,43.300,can0  204  [16]  E1 22 50 46 50 46 50 46 28 23 20 4E 30 75 00 00
2025-11-08T03:08:53.698032,43.300,can0  206  [16]  A3 0C DE 07 A3 0C 99 C6 FA 07 BB 0C A3 0C 00 00
2025-11-08T03:08:53.744785,43.347,can0  204  [16]  E1 22 50 46 50 46 50 46 28 23 20 4E 30 75 00 00
2025-11-08T03:08:53.812369,43.415,can0  204  [16]  E1 22 50 46 50 46 50 46 28 23 20 4E 30 75 00 00
2025-11-08T03:08:53.821940,43.424,can0  041  [04]  02 00 00 00
2025-11-08T03:08:53.847606,43.450,can0  204  [16]  E1 22 50 46 50 46 50 46 28 23 20 4E 30 75 00 00
2025-11-08T03:08:53.858547,43.461,can0  206  [16]  9B 0C DC 07 97 0C B1 E0 F2 07 C7 0C A7 0C 00 00
2025-11-08T03:08:53.914169,43.516,can0  204  [16]  E1 22 50 46 50 46 50 46 28 23 20 4E 30 75 00 00
2025-11-08T03:08:54.018461,43.621,can0  204  [16]  E1 22 50 46 50 46 50 46 28 23 20 4E 30 75 00 00
2025-11-08T03:08:54.018528,43.621,can0  206  [16]  A7 0C E7 07 97 0C DA DC F2 07 BF 0C A3 0C 00 00
2025-11-08T03:08:54.051491,43.654,can0  204  [16]  E1 22 50 46 50 46 50 46 28 23 20 4E 30 75 00 00
2025-11-08T03:08:54.081163,43.683,can0  041  [04]  3F 01 00 00
2025-11-08T03:08:54.103337,43.706,can0  204  [16]  E1 22 50 46 50 46 50 46 28 23 20 4E 30 75 00 00
2025-11-08T03:08:54.159793,43.762,can0  204  [16]  E1 22 50 46 50 46 50 46 28 23 20 4E 30 75 00 00
2025-11-08T03:08:54.209598,43.812,can0  206  [16]  9F 0C DC 07 9F 0C 99 C6 EF 07 BF 0C A7 0C 00 00
2025-11-08T03:08:54.230588,43.833,can0  204  [16]  E1 22 50 46 50 46 50 46 28 23 20 4E 30 75 00 00
2025-11-08T03:08:54.269033,43.871,can0  204  [16]  E1 22 50 46 50 46 50 46 28 23 20 4E 30 75 00 00
2025-11-08T03:08:54.327101,43.929,can0  204  [16]  E1 22 50 46 50 46 50 46 28 23 20 4E 30 75 00 00
2025-11-08T03:08:54.358048,43.960,can0  041  [04]  02 00 00 00
2025-11-08T03:08:54.358476,43.961,can0  206  [16]  A3 0C DC 07 A3 0C DA DC F2 07 BF 0C A3 0C 00 00
2025-11-08T03:08:54.384689,43.987,can0  204  [16]  E1 22 50 46 50 46 50 46 28 23 20 4E 30 75 00 00
2025-11-08T03:08:54.444479,44.047,can0  204  [16]  E1 22 50 46 50 46 50 46 28 23 20 4E 30 75 00 00
2025-11-08T03:08:54.512908,44.115,can0  204  [16]  E1 22 50 46 50 46 50 46 28 23 20 4E 30 75 00 00
2025-11-08T03:08:54.519815,44.122,can0  206  [16]  A3 0C DC 07 9F 0C 99 C6 F8 07 B7 0C A7 0C 00 00
2025-11-08T03:08:54.557148,44.159,can0  204  [16]  E1 22 50 46 50 46 50 46 28 23 20 4E 30 75 00 00
2025-11-08T03:08:54.612196,44.214,can0  041  [04]  3F 01 00 00
2025-11-08T03:08:54.617998,44.220,can0  204  [16]  E1 22 50 46 50 46 50 46 28 23 20 4E 30 75 00 00
2025-11-08T03:08:54.673551,44.276,can0  204  [16]  E1 22 50 46 50 46 50 46 28 23 20 4E 30 75 00 00
2025-11-08T03:08:54.685828,44.288,can0  206  [16]  A7 0C DC 07 93 0C C5 E1 F2 07 C7 0C A7 0C 00 00
2025-11-08T03:08:54.731514,44.334,can0  204  [16]  E1 22 50 46 50 46 50 46 28 23 20 4E 30 75 00 00
2025-11-08T03:08:54.789638,44.392,can0  204  [16]  E1 22 50 46 50 46 50 46 28 23 20 4E 30 75 00 00
2025-11-08T03:08:54.845132,44.447,can0  204  [16]  E1 22 50 46 50 46 50 46 28 23 20 4E 30 75 00 00
2025-11-08T03:08:54.859535,44.462,can0  206  [16]  AF 0C DC 07 87 0C 99 C6 EF 07 BF 0C AB 0C 00 00
2025-11-08T03:08:54.877908,44.480,can0  041  [04]  3F 01 00 00
2025-11-08T03:08:54.919829,44.522,can0  204  [16]  E1 22 50 46 50 46 50 46 28 23 20 4E 30 75 00 00
2025-11-08T03:08:54.978902,44.581,can0  204  [16]  E1 22 50 46 50 46 50 46 28 23 20 4E 30 75 00 00
2025-11-08T03:08:55.035299,44.638,can0  206  [16]  9F 0C DC 07 9F 0C DA DC EF 07 C3 0C A3 0C 00 00
2025-11-08T03:08:55.037568,44.640,can0  204  [16]  E1 22 50 46 50 46 50 46 28 23 20 4E 30 75 00 00
2025-11-08T03:08:55.096507,44.699,can0  204  [16]  E1 22 50 46 50 46 50 46 28 23 20 4E 30 75 00 00
2025-11-08T03:08:55.145870,44.748,can0  041  [04]  3F 01 00 00
2025-11-08T03:08:55.178229,44.781,can0  204  [16]  E1 22 50 46 50 46 50 46 28 23 20 4E 30 75 00 00
2025-11-08T03:08:55.178781,44.781,can0  206  [16]  C7 0C E0 07 9B 0C DA DC F2 07 BB 0C 83 0C 00 00
2025-11-08T03:08:55.207621,44.810,can0  204  [16]  E1 22 50 46 50 46 50 46 28 23 20 4E 30 75 00 00
2025-11-08T03:08:55.265583,44.868,can0  204  [16]  E1 22 50 46 50 46 50 46 28 23 20 4E 30 75 00 00
2025-11-08T03:08:55.338120,44.940,can0  204  [16]  E1 22 50 46 50 46 50 46 28 23 20 4E 30 75 00 00
2025-11-08T03:08:55.346480,44.949,can0  206  [16]  9B 0C DE 07 9F 0C B1 E0 F2 07 BB 0C AB 0C 00 00
2025-11-08T03:08:55.380762,44.983,can0  204  [16]  E1 22 50 46 50 46 50 46 28 23 20 4E 30 75 00 00
2025-11-08T03:08:55.422988,45.025,can0  041  [04]  3F 01 00 00
2025-11-08T03:08:55.450605,45.053,can0  204  [16]  E1 22 50 46 50 46 50 46 28 23 20 4E 30 75 00 00
2025-11-08T03:08:55.495500,45.098,can0  204  [16]  E1 22 50 46 50 46 50 46 28 23 20 4E 30 75 00 00
2025-11-08T03:08:55.518461,45.121,can0  206  [16]  97 0C E5 07 B3 0C DA DC F2 07 AF 0C A3 0C 00 00
2025-11-08T03:08:55.555786,45.158,can0  204  [16]  E1 22 50 46 50 46 50 46 28 23 20 4E 30 75 00 00
2025-11-08T03:08:55.613612,45.216,can0  204  [16]  E1 22 50 46 50 46 50 46 28 23 20 4E 30 75 00 00
2025-11-08T03:08:55.676859,45.279,can0  204  [16]  E1 22 50 46 50 46 50 46 28 23 20 4E 30 75 00 00
2025-11-08T03:08:55.676932,45.279,can0  206  [16]  A7 0C DC 07 9F 0C 99 C6 F2 07 C7 0C 9F 0C 00 00
2025-11-08T03:08:55.684138,45.286,can0  041  [04]  10 01 00 00
2025-11-08T03:08:55.738829,45.341,can0  204  [16]  E1 22 50 46 50 46 50 46 28 23 20 4E 30 75 00 00
2025-11-08T03:08:55.791877,45.394,can0  204  [16]  E1 22 50 46 50 46 50 46 28 23 20 4E 30 75 00 00
2025-11-08T03:08:55.840795,45.443,can0  204  [16]  E1 22 50 46 50 46 50 46 28 23 20 4E 30 75 00 00
2025-11-08T03:08:55.842747,45.445,can0  206  [16]  9F 0C DC 07 9B 0C 3A DF EF 07 BF 0C A7 0C 00 00
2025-11-08T03:08:55.901149,45.503,can0  204  [16]  E1 22 50 46 50 46 50 46 28 23 20 4E 30 75 00 00
2025-11-08T03:08:55.943461,45.546,can0  041  [04]  10 01 00 00
2025-11-08T03:08:55.976845,45.579,can0  204  [16]  E1 22 50 46 50 46 50 46 28 23 20 4E 30 75 00 00
2025-11-08T03:08:56.009343,45.612,can0  206  [16]  A3 0C DA 07 9F 0C DA DC EF 07 BB 0C A3 0C 00 00
2025-11-08T03:08:56.064602,45.667,can0  204  [16]  E1 22 50 46 50 46 50 46 28 23 20 4E 30 75 00 00
2025-11-08T03:08:56.093395,45.696,can0  204  [16]  E1 22 50 46 50 46 50 46 28 23 20 4E 30 75 00 00
2025-11-08T03:08:56.149810,45.752,can0  204  [16]  E1 22 50 46 50 46 50 46 28 23 20 4E 30 75 00 00
2025-11-08T03:08:56.177828,45.780,can0  206  [16]  AB 0C DC 07 97 0C 3A DF EF 07 C3 0C A3 0C 00 00
2025-11-08T03:08:56.203972,45.806,can0  204  [16]  E1 22 50 46 50 46 50 46 28 23 20 4E 30 75 00 00
2025-11-08T03:08:56.209735,45.812,can0  041  [04]  3F 01 00 00
2025-11-08T03:08:56.261942,45.864,can0  204  [16]  E1 22 50 46 50 46 50 46 28 23 20 4E 30 75 00 00
2025-11-08T03:08:56.322519,45.925,can0  204  [16]  E1 22 50 46 50 46 50 46 28 23 20 4E 30 75 00 00
2025-11-08T03:08:56.353384,45.956,can0  206  [16]  9F 0C DC 07 97 0C DA DC F2 07 CB 0C A3 0C 00 00
2025-11-08T03:08:56.376820,45.979,can0  204  [16]  E1 22 50 46 50 46 50 46 28 23 20 4E 30 75 00 00
2025-11-08T03:08:56.445228,46.047,can0  204  [16]  E1 22 50 46 50 46 50 46 28 23 20 4E 30 75 00 00
2025-11-08T03:08:56.476185,46.078,can0  041  [04]  3F 01 00 00
2025-11-08T03:08:56.499414,46.102,can0  204  [16]  E1 22 50 46 50 46 50 46 28 23 20 4E 30 75 00 00
2025-11-08T03:08:56.510685,46.113,can0  206  [16]  9F 0C DC 07 9B 0C 99 C6 F4 07 C3 0C A7 0C 00 00
2025-11-08T03:08:56.558058,46.160,can0  204  [16]  E1 22 50 46 50 46 50 46 28 23 20 4E 30 75 00 00
2025-11-08T03:08:56.611570,46.214,can0  204  [16]  E1 22 50 46 50 46 50 46 28 23 20 4E 30 75 00 00
2025-11-08T03:08:56.674292,46.277,can0  204  [16]  E1 22 50 46 50 46 50 46 28 23 20 4E 30 75 00 00
2025-11-08T03:08:56.674362,46.277,can0  206  [16]  A3 0C DC 07 9B 0C DA DC F2 07 CF 0C A3 0C 00 00
2025-11-08T03:08:56.722508,46.325,can0  204  [16]  E1 22 50 46 50 46 50 46 28 23 20 4E 30 75 00 00
2025-11-08T03:08:56.744087,46.346,can0  041  [04]  02 00 00 00
2025-11-08T03:08:56.784451,46.387,can0  204  [16]  E1 22 50 46 50 46 50 46 28 23 20 4E 30 75 00 00
2025-11-08T03:08:56.837505,46.440,can0  204  [16]  E1 22 50 46 50 46 50 46 28 23 20 4E 30 75 00 00
2025-11-08T03:08:56.846230,46.448,can0  206  [16]  A7 0C DC 07 9B 0C C5 E1 F2 07 B7 0C A3 0C 00 00
2025-11-08T03:08:56.903876,46.506,can0  204  [16]  E1 22 50 46 50 46 50 46 28 23 20 4E 30 75 00 00
2025-11-08T03:08:56.979148,46.581,can0  204  [16]  E1 22 50 46 50 46 50 46 28 23 20 4E 30 75 00 00
2025-11-08T03:08:57.016836,46.619,can0  206  [16]  A3 0C E3 07 A3 0C B1 E0 F2 07 A3 0C A3 0C 00 00
2025-11-08T03:08:57.016891,46.619,can0  041  [04]  02 00 00 00
2025-11-08T03:08:57.028021,46.630,can0  204  [16]  E1 22 50 46 50 46 50 46 28 23 20 4E 30 75 00 00
2025-11-08T03:08:57.085150,46.687,can0  204  [16]  E1 22 50 46 50 46 50 46 28 23 20 4E 30 75 00 00
2025-11-08T03:08:57.145291,46.748,can0  204  [16]  E1 22 50 46 50 46 50 46 28 23 20 4E 30 75 00 00
2025-11-08T03:08:57.194764,46.797,can0  206  [16]  A3 0C DE 07 9F 0C DA DC EF 07 BF 0C A3 0C 00 00
2025-11-08T03:08:57.201925,46.804,can0  204  [16]  E1 22 50 46 50 46 50 46 28 23 20 4E 30 75 00 00
2025-11-08T03:08:57.293440,46.896,can0  204  [16]  E1 22 50 46 50 46 50 46 28 23 20 4E 30 75 00 00
2025-11-08T03:08:57.293504,46.896,can0  041  [04]  02 00 00 00
2025-11-08T03:08:57.327955,46.930,can0  204  [16]  E1 22 50 46 50 46 50 46 28 23 20 4E 30 75 00 00
2025-11-08T03:08:57.340616,46.943,can0  206  [16]  9F 0C DA 07 9B 0C 3A DF F8 07 C7 0C A7 0C 00 00
2025-11-08T03:08:57.390329,46.993,can0  204  [16]  E1 22 50 46 50 46 50 46 28 23 20 4E 30 75 00 00
2025-11-08T03:08:57.431458,47.034,can0  204  [16]  E1 22 50 46 50 46 50 46 28 23 20 4E 30 75 00 00
2025-11-08T03:08:57.503139,47.105,can0  204  [16]  E1 22 50 46 50 46 50 46 28 23 20 4E 30 75 00 00
2025-11-08T03:08:57.527669,47.130,can0  206  [16]  9B 0C DA 07 9F 0C A0 E2 F2 07 BF 0C AB 0C 00 00
2025-11-08T03:08:57.542970,47.145,can0  041  [04]  02 00 00 00
2025-11-08T03:08:57.545472,47.148,can0  204  [16]  E1 22 50 46 50 46 50 46 28 23 20 4E 30 75 00 00
2025-11-08T03:08:57.604699,47.207,can0  204  [16]  E1 22 50 46 50 46 50 46 28 23 20 4E 30 75 00 00
2025-11-08T03:08:57.663639,47.266,can0  204  [16]  E1 22 50 46 50 46 50 46 28 23 20 4E 30 75 00 00
2025-11-08T03:08:57.684348,47.287,can0  206  [16]  9F 0C DA 07 9B 0C 99 C6 EF 07 BB 0C AB 0C 00 00
2025-11-08T03:08:57.724843,47.327,can0  204  [16]  E1 22 50 46 50 46 50 46 28 23 20 4E 30 75 00 00
2025-11-08T03:08:57.796530,47.399,can0  204  [16]  E1 22 50 46 50 46 50 46 28 23 20 4E 30 75 00 00
2025-11-08T03:08:57.808231,47.411,can0  041  [04]  3F 01 00 00
2025-11-08T03:08:57.839828,47.442,can0  204  [16]  E1 22 50 46 50 46 50 46 28 23 20 4E 30 75 00 00
2025-11-08T03:08:57.841110,47.443,can0  206  [16]  A3 0C DC 07 9B 0C B1 E0 F2 07 A7 0C A3 0C 00 00
2025-11-08T03:08:57.908632,47.511,can0  204  [16]  E1 22 50 46 50 46 50 46 28 23 20 4E 30 75 00 00
2025-11-08T03:08:57.969110,47.571,can0  204  [16]  E1 22 50 46 50 46 50 46 28 23 20 4E 30 75 00 00
2025-11-08T03:08:58.003068,47.605,can0  206  [16]  A3 0C DC 07 9F 0C DA DC F2 07 B7 0C A3 0C 00 00
2025-11-08T03:08:58.025200,47.627,can0  204  [16]  E1 22 50 46 50 46 50 46 28 23 20 4E 30 75 00 00
2025-11-08T03:08:58.076143,47.678,can0  041  [04]  3F 01 00 00
2025-11-08T03:08:58.094309,47.697,can0  204  [16]  E1 22 50 46 50 46 50 46 28 23 20 4E 30 75 00 00
2025-11-08T03:08:58.147981,47.750,can0  204  [16]  E1 22 50 46 50 46 50 46 28 23 20 4E 30 75 00 00
2025-11-08T03:08:58.169465,47.772,can0  206  [16]  9B 0C DC 07 9F 0C DA DC F2 07 BB 0C AB 0C 00 00
2025-11-08T03:08:58.199678,47.802,can0  204  [16]  E1 22 50 46 50 46 50 46 28 23 20 4E 30 75 00 00
2025-11-08T03:08:58.256373,47.859,can0  204  [16]  E1 22 50 46 50 46 50 46 28 23 20 4E 30 75 00 00
2025-11-08T03:08:58.319130,47.921,can0  204  [16]  E1 22 50 46 50 46 50 46 28 23 20 4E 30 75 00 00
2025-11-08T03:08:58.332586,47.935,can0  206  [16]  A7 0C F4 07 9B 0C DA DC F6 07 C3 0C 9F 0C 00 00
2025-11-08T03:08:58.339965,47.942,can0  041  [04]  3F 01 00 00
2025-11-08T03:08:58.373733,47.976,can0  204  [16]  E1 22 50 46 50 46 50 46 28 23 20 4E 30 75 00 00
2025-11-08T03:08:58.430028,48.032,can0  204  [16]  E1 22 50 46 50 46 50 46 28 23 20 4E 30 75 00 00
2025-11-08T03:08:58.488196,48.090,can0  204  [16]  E1 22 50 46 50 46 50 46 28 23 20 4E 30 75 00 00
2025-11-08T03:08:58.504562,48.107,can0  206  [16]  9F 0C DC 07 9B 0C 99 C6 F4 07 C3 0C A7 0C 00 00
2025-11-08T03:08:58.544182,48.146,can0  204  [16]  E1 22 50 46 50 46 50 46 28 23 20 4E 30 75 00 00
2025-11-08T03:08:58.606073,48.208,can0  204  [16]  E1 22 50 46 50 46 50 46 28 23 20 4E 30 75 00 00
2025-11-08T03:08:58.616311,48.219,can0  041  [04]  3F 01 00 00
2025-11-08T03:08:58.657337,48.260,can0  204  [16]  E1 22 50 46 50 46 50 46 28 23 20 4E 30 75 00 00
2025-11-08T03:08:58.673854,48.276,can0  206  [16]  97 0C D1 07 A7 0C 3A DF EF 07 BB 0C AB 0C 00 00
2025-11-08T03:08:58.724384,48.327,can0  204  [16]  E1 22 50 46 50 46 50 46 28 23 20 4E 30 75 00 00
2025-11-08T03:08:58.774271,48.377,can0  204  [16]  E1 22 50 46 50 46 50 46 28 23 20 4E 30 75 00 00
2025-11-08T03:08:58.833348,48.436,can0  204  [16]  E1 22 50 46 50 46 50 46 28 23 20 4E 30 75 00 00
2025-11-08T03:08:58.845186,48.447,can0  206  [16]  A7 0C E5 07 9B 0C DA DC F2 07 BF 0C A3 0C 00 00
2025-11-08T03:08:58.871657,48.474,can0  041  [04]  10 01 00 00
2025-11-08T03:08:58.889678,48.492,can0  204  [16]  E1 22 50 46 50 46 50 46 28 23 20 4E 30 75 00 00
2025-11-08T03:08:58.966653,48.569,can0  204  [16]  E1 22 50 46 50 46 50 46 28 23 20 4E 30 75 00 00
2025-11-08T03:08:59.017825,48.620,can0  206  [16]  97 0C DA 07 A3 0C DA DC F4 07 BF 0C AB 0C 00 00
2025-11-08T03:08:59.038394,48.641,can0  204  [16]  E1 22 50 46 50 46 50 46 28 23 20 4E 30 75 00 00
2025-11-08T03:08:59.080622,48.683,can0  204  [16]  E1 22 50 46 50 46 50 46 28 23 20 4E 30 75 00 00
2025-11-08T03:08:59.138051,48.740,can0  204  [16]  E1 22 50 46 50 46 50 46 28 23 20 4E 30 75 00 00
2025-11-08T03:08:59.138909,48.741,can0  041  [04]  3F 01 00 00
2025-11-08T03:08:59.171280,48.774,can0  206  [16]  9F 0C DC 07 93 0C DA DC F4 07 D3 0C A7 0C 00 00
2025-11-08T03:08:59.194221,48.796,can0  204  [16]  E1 22 50 46 50 46 50 46 28 23 20 4E 30 75 00 00
2025-11-08T03:08:59.257277,48.860,can0  204  [16]  E1 22 50 46 50 46 50 46 28 23 20 4E 30 75 00 00
2025-11-08T03:08:59.323981,48.926,can0  204  [16]  E1 22 50 46 50 46 50 46 28 23 20 4E 30 75 00 00
2025-11-08T03:08:59.357783,48.960,can0  206  [16]  9F 0C E0 07 A3 0C 3A DF F2 07 B7 0C A3 0C 00 00
2025-11-08T03:08:59.375978,48.978,can0  204  [16]  E1 22 50 46 50 46 50 46 28 23 20 4E 30 75 00 00
2025-11-08T03:08:59.408174,49.010,can0  041  [04]  3F 01 00 00
2025-11-08T03:08:59.427719,49.030,can0  204  [16]  E1 22 50 46 50 46 50 46 28 23 20 4E 30 75 00 00
2025-11-08T03:08:59.481646,49.084,can0  204  [16]  E1 22 50 46 50 46 50 46 28 23 20 4E 30 75 00 00
2025-11-08T03:08:59.495926,49.098,can0  206  [16]  9B 0C DA 07 9B 0C 3A DF F2 07 C7 0C AB 0C 00 00
2025-11-08T03:08:59.545949,49.148,can0  204  [16]  E1 22 50 46 50 46 50 46 28 23 20 4E 30 75 00 00
2025-11-08T03:08:59.599408,49.202,can0  204  [16]  E1 22 50 46 50 46 50 46 28 23 20 4E 30 75 00 00
2025-11-08T03:08:59.653730,49.256,can0  204  [16]  E1 22 50 46 50 46 50 46 28 23 20 4E 30 75 00 00
2025-11-08T03:08:59.683153,49.285,can0  206  [16]  A3 0C DE 07 93 0C B1 E0 F6 07 C3 0C AB 0C 00 00
2025-11-08T03:08:59.683994,49.286,can0  041  [04]  3F 01 00 00
2025-11-08T03:08:59.711314,49.314,can0  204  [16]  E1 22 50 46 50 46 50 46 28 23 20 4E 30 75 00 00
2025-11-08T03:08:59.769766,49.372,can0  204  [16]  E1 22 50 46 50 46 50 46 28 23 20 4E 30 75 00 00
2025-11-08T03:08:59.844867,49.447,can0  204  [16]  E1 22 50 46 50 46 50 46 28 23 20 4E 30 75 00 00
2025-11-08T03:08:59.844927,49.447,can0  206  [16]  AB 0C DA 07 A3 0C B1 E0 EF 07 BF 0C 97 0C 00 00
2025-11-08T03:08:59.889463,49.492,can0  204  [16]  E1 22 50 46 50 46 50 46 28 23 20 4E 30 75 00 00
2025-11-08T03:08:59.942300,49.545,can0  041  [04]  10 01 00 00
2025-11-08T03:08:59.959903,49.562,can0  204  [16]  E1 22 50 46 50 46 50 46 28 23 20 4E 30 75 00 00
2025-11-08T03:08:59.998302,49.601,can0  206  [16]  A3 0C DC 07 9B 0C 99 C6 F4 07 BF 0C A3 0C 00 00
2025-11-08T03:09:00.017385,49.620,can0  204  [16]  E1 22 50 46 50 46 50 46 28 23 20 4E 30 75 00 00
2025-11-08T03:09:00.076799,49.679,can0  204  [16]  E1 22 50 46 50 46 50 46 28 23 20 4E 30 75 00 00
2025-11-08T03:09:00.142887,49.745,can0  204  [16]  E1 22 50 46 50 46 50 46 28 23 20 4E 30 75 00 00
2025-11-08T03:09:00.183400,49.786,can0  206  [16]  B3 0C DA 07 97 0C DA DC EF 07 BB 0C 97 0C 00 00
2025-11-08T03:09:00.194269,49.797,can0  204  [16]  E1 22 50 46 50 46 50 46 28 23 20 4E 30 75 00 00
2025-11-08T03:09:00.204197,49.806,can0  041  [04]  3F 01 00 00
2025-11-08T03:09:00.247083,49.849,can0  204  [16]  E1 22 50 46 50 46 50 46 28 23 20 4E 30 75 00 00
2025-11-08T03:09:00.304772,49.907,can0  204  [16]  E1 22 50 46 50 46 50 46 28 23 20 4E 30 75 00 00
2025-11-08T03:09:00.331685,49.934,can0  206  [16]  9F 0C DC 07 9F 0C 3A DF F2 07 BF 0C A7 0C 00 00
2025-11-08T03:09:00.362142,49.964,can0  204  [16]  E1 22 50 46 50 46 50 46 28 23 20 4E 30 75 00 00
2025-11-08T03:09:00.422320,50.025,can0  204  [16]  E1 22 50 46 50 46 50 46 28 23 20 4E 30 75 00 00
2025-11-08T03:09:00.471962,50.074,can0  041  [04]  3F 01 00 00
2025-11-08T03:09:00.478354,50.081,can0  204  [16]  E1 22 50 46 50 46 50 46 28 23 20 4E 30 75 00 00
2025-11-08T03:09:00.496797,50.099,can0  206  [16]  9F 0C DC 07 9F 0C DA DC F2 07 BB 0C A7 0C 00 00
2025-11-08T03:09:00.544839,50.147,can0  204  [16]  E1 22 50 46 50 46 50 46 28 23 20 4E 30 75 00 00
2025-11-08T03:09:00.604838,50.207,can0  204  [16]  E1 22 50 46 50 46 50 46 28 23 20 4E 30 75 00 00
2025-11-08T03:09:00.654243,50.257,can0  204  [16]  E1 22 50 46 50 46 50 46 28 23 20 4E 30 75 00 00
2025-11-08T03:09:00.670823,50.273,can0  206  [16]  9B 0C DA 07 9B 0C 99 C6 F2 07 BB 0C AB 0C 00 00
2025-11-08T03:09:00.708547,50.311,can0  204  [16]  E1 22 50 46 50 46 50 46 28 23 20 4E 30 75 00 00
2025-11-08T03:09:00.738164,50.340,can0  041  [04]  3F 01 00 00
2025-11-08T03:09:00.766544,50.369,can0  204  [16]  E1 22 50 46 50 46 50 46 28 23 20 4E 30 75 00 00
2025-11-08T03:09:00.823930,50.426,can0  204  [16]  E1 22 50 46 50 46 50 46 28 23 20 4E 30 75 00 00
2025-11-08T03:09:00.828271,50.431,can0  206  [16]  A7 0C DC 07 9B 0C 3A DF EF 07 BB 0C A3 0C 00 00
2025-11-08T03:09:00.879923,50.482,can0  204  [16]  E1 22 50 46 50 46 50 46 28 23 20 4E 30 75 00 00
2025-11-08T03:09:00.982874,50.585,can0  204  [16]  E1 22 50 46 50 46 50 46 28 23 20 4E 30 75 00 00
2025-11-08T03:09:00.990385,50.593,can0  206  [16]  9B 0C DA 07 9B 0C C5 E1 EF 07 C3 0C AB 0C 00 00
2025-11-08T03:09:01.015016,50.617,can0  041  [04]  3F 01 00 00
2025-11-08T03:09:01.015078,50.617,can0  204  [16]  E1 22 50 46 50 46 50 46 28 23 20 4E 30 75 00 00
2025-11-08T03:09:01.079427,50.682,can0  204  [16]  E1 22 50 46 50 46 50 46 28 23 20 4E 30 75 00 00
2025-11-08T03:09:01.130370,50.733,can0  204  [16]  E1 22 50 46 50 46 50 46 28 23 20 4E 30 75 00 00
2025-11-08T03:09:01.170383,50.773,can0  206  [16]  97 0C DE 07 9B 0C DA DC F2 07 BF 0C AF 0C 00 00
2025-11-08T03:09:01.191837,50.794,can0  204  [16]  E1 22 50 46 50 46 50 46 28 23 20 4E 30 75 00 00
2025-11-08T03:09:01.245499,50.848,can0  204  [16]  E1 22 50 46 50 46 50 46 28 23 20 4E 30 75 00 00
2025-11-08T03:09:01.277418,50.880,can0  041  [04]  02 00 02 00
2025-11-08T03:09:01.312949,50.915,can0  204  [16]  E1 22 50 46 50 46 50 46 28 23 20 4E 30 75 00 00
2025-11-08T03:09:01.330389,50.933,can0  206  [16]  9F 0C DA 07 9F 0C 99 C6 EF 07 BF 0C A7 0C 00 00
2025-11-08T03:09:01.384043,50.986,can0  204  [16]  E1 22 50 46 50 46 50 46 28 23 20 4E 30 75 00 00
2025-11-08T03:09:01.425998,51.028,can0  204  [16]  E1 22 50 46 50 46 50 46 28 23 20 4E 30 75 00 00
2025-11-08T03:09:01.479060,51.081,can0  204  [16]  E1 22 50 46 50 46 50 46 28 23 20 4E 30 75 00 00
2025-11-08T03:09:01.496820,51.099,can0  206  [16]  9F 0C DE 07 97 0C DA DC F2 07 BF 0C AB 0C 00 00
2025-11-08T03:09:01.536487,51.139,can0  204  [16]  E1 22 50 46 50 46 50 46 28 23 20 4E 30 75 00 00
2025-11-08T03:09:01.537316,51.140,can0  041  [04]  02 00 00 00
2025-11-08T03:09:01.593105,51.195,can0  204  [16]  E1 22 50 46 50 46 50 46 28 23 20 4E 30 75 00 00
2025-11-08T03:09:01.647912,51.250,can0  204  [16]  E1 22 50 46 50 46 50 46 28 23 20 4E 30 75 00 00
2025-11-08T03:09:01.679031,51.281,can0  206  [16]  9B 0C E5 07 9F 0C FA E4 F4 07 C7 0C A7 0C 00 00
2025-11-08T03:09:01.711337,51.314,can0  204  [16]  E1 22 50 46 50 46 50 46 28 23 20 4E 30 75 00 00
2025-11-08T03:09:01.762635,51.365,can0  204  [16]  E1 22 50 46 50 46 50 46 28 23 20 4E 30 75 00 00
2025-11-08T03:09:01.801545,51.404,can0  041  [04]  02 00 02 00
2025-11-08T03:09:01.833666,51.436,can0  204  [16]  E1 22 50 46 50 46 50 46 28 23 20 4E 30 75 00 00
2025-11-08T03:09:01.834397,51.437,can0  206  [16]  9F 0C DA 07 93 0C 99 C6 F6 07 D3 0C A7 0C 00 00
2025-11-08T03:09:01.884166,51.486,can0  204  [16]  E1 22 50 46 50 46 50 46 28 23 20 4E 30 75 00 00
2025-11-08T03:09:01.950750,51.553,can0  204  [16]  E1 22 50 46 50 46 50 46 28 23 20 4E 30 75 00 00
2025-11-08T03:09:01.994545,51.597,can0  206  [16]  97 0C DA 07 AB 0C 99 C6 F2 07 C3 0C A3 0C 00 00
2025-11-08T03:09:02.008428,51.611,can0  204  [16]  E1 22 50 46 50 46 50 46 28 23 20 4E 30 75 00 00
2025-11-08T03:09:02.066089,51.668,can0  204  [16]  E1 22 50 46 50 46 50 46 28 23 20 4E 30 75 00 00
2025-11-08T03:09:02.068640,51.671,can0  041  [04]  02 00 00 00
2025-11-08T03:09:02.133064,51.735,can0  204  [16]  E1 22 50 46 50 46 50 46 28 23 20 4E 30 75 00 00
2025-11-08T03:09:02.166868,51.769,can0  206  [16]  AF 0C DE 07 97 0C DA DC F2 07 BF 0C 9B 0C 00 00
2025-11-08T03:09:02.191984,51.794,can0  204  [16]  E1 22 50 46 50 46 50 46 28 23 20 4E 30 75 00 00
2025-11-08T03:09:02.241335,51.844,can0  204  [16]  E1 22 50 46 50 46 50 46 28 23 20 4E 30 75 00 00
2025-11-08T03:09:02.302775,51.905,can0  204  [16]  E1 22 50 46 50 46 50 46 28 23 20 4E 30 75 00 00
2025-11-08T03:09:02.344207,51.946,can0  206  [16]  A7 0C E0 07 97 0C DA DC F2 07 C7 0C A3 0C 00 00
2025-11-08T03:09:02.344266,51.947,can0  041  [04]  02 00 00 00
2025-11-08T03:09:02.359011,51.961,can0  204  [16]  E1 22 50 46 50 46 50 46 28 23 20 4E 30 75 00 00
2025-11-08T03:09:02.417412,52.020,can0  204  [16]  E1 22 50 46 50 46 50 46 28 23 20 4E 30 75 00 00
2025-11-08T03:09:02.470821,52.073,can0  204  [16]  E1 22 50 46 50 46 50 46 28 23 20 4E 30 75 00 00
2025-11-08T03:09:02.501538,52.104,can0  206  [16]  9B 0C DE 07 93 0C DA DC F6 07 C7 0C AF 0C 00 00
2025-11-08T03:09:02.548297,52.151,can0  204  [16]  E1 22 50 46 50 46 50 46 28 23 20 4E 30 75 00 00
2025-11-08T03:09:02.588950,52.191,can0  204  [16]  E1 22 50 46 50 46 50 46 28 23 20 4E 30 75 00 00
2025-11-08T03:09:02.613627,52.216,can0  041  [04]  02 00 00 00
2025-11-08T03:09:02.644335,52.247,can0  204  [16]  E1 22 50 46 50 46 50 46 28 23 20 4E 30 75 00 00
2025-11-08T03:09:02.675492,52.278,can0  206  [16]  8F 0C E7 07 B3 0C 3A DF EB 07 BF 0C A7 0C 00 00
2025-11-08T03:09:02.715467,52.318,can0  204  [16]  E1 22 50 46 50 46 50 46 28 23 20 4E 30 75 00 00
2025-11-08T03:09:02.760332,52.363,can0  204  [16]  E1 22 50 46 50 46 50 46 28 23 20 4E 30 75 00 00
2025-11-08T03:09:02.824100,52.426,can0  204  [16]  E1 22 50 46 50 46 50 46 28 23 20 4E 30 75 00 00
2025-11-08T03:09:02.840051,52.442,can0  206  [16]  9B 0C DE 07 9F 0C DA DC F2 07 BF 0C A7 0C 00 00
2025-11-08T03:09:02.868328,52.471,can0  041  [04]  02 00 00 00
2025-11-08T03:09:02.874453,52.477,can0  204  [16]  E1 22 50 46 50 46 50 46 28 23 20 4E 30 75 00 00
2025-11-08T03:09:02.950565,52.553,can0  204  [16]  E1 22 50 46 50 46 50 46 28 23 20 4E 30 75 00 00
2025-11-08T03:09:03.023464,52.626,can0  204  [16]  E1 22 50 46 50 46 50 46 28 23 20 4E 30 75 00 00
2025-11-08T03:09:03.024702,52.627,can0  206  [16]  AB 0C DC 07 9B 0C DA DC F4 07 BF 0C 9B 0C 00 00
2025-11-08T03:09:03.063450,52.666,can0  204  [16]  E1 22 50 46 50 46 50 46 28 23 20 4E 30 75 00 00
2025-11-08T03:09:03.122421,52.725,can0  204  [16]  E1 22 50 46 50 46 50 46 28 23 20 4E 30 75 00 00
2025-11-08T03:09:03.134246,52.737,can0  041  [04]  3F 01 00 00
2025-11-08T03:09:03.171958,52.774,can0  206  [16]  A3 0C DC 07 97 0C 3A DF EF 07 BF 0C A7 0C 00 00
2025-11-08T03:09:03.178007,52.780,can0  204  [16]  E1 22 50 46 50 46 50 46 28 23 20 4E 30 75 00 00
2025-11-08T03:09:03.234208,52.836,can0  204  [16]  E1 22 50 46 50 46 50 46 28 23 20 4E 30 75 00 00
2025-11-08T03:09:03.301405,52.904,can0  204  [16]  E1 22 50 46 50 46 50 46 28 23 20 4E 30 75 00 00
2025-11-08T03:09:03.339852,52.942,can0  206  [16]  9B 0C DE 07 9F 0C A0 E2 F4 07 C3 0C AB 0C 00 00
2025-11-08T03:09:03.360950,52.963,can0  204  [16]  E1 22 50 46 50 46 50 46 28 23 20 4E 30 75 00 00
2025-11-08T03:09:03.422629,53.025,can0  041  [04]  3F 01 00 00
2025-11-08T03:09:03.440233,53.043,can0  204  [16]  E1 22 50 46 50 46 50 46 28 23 20 4E 30 75 00 00
2025-11-08T03:09:03.475923,53.078,can0  204  [16]  E1 22 50 46 50 46 50 46 28 23 20 4E 30 75 00 00
2025-11-08T03:09:03.542105,53.144,can0  206  [16]  9F 0C DC 07 9F 0C B1 E0 F8 07 BF 0C A7 0C 00 00
2025-11-08T03:09:03.542166,53.144,can0  204  [16]  E1 22 50 46 50 46 50 46 28 23 20 4E 30 75 00 00
2025-11-08T03:09:03.581977,53.184,can0  204  [16]  E1 22 50 46 50 46 50 46 28 23 20 4E 30 75 00 00
2025-11-08T03:09:03.646546,53.249,can0  204  [16]  E1 22 50 46 50 46 50 46 28 23 20 4E 30 75 00 00
2025-11-08T03:09:03.676876,53.279,can0  041  [04]  02 00 00 00
2025-11-08T03:09:03.677951,53.280,can0  206  [16]  9B 0C DE 07 97 0C DA DC F6 07 C7 0C AB 0C 00 00
2025-11-08T03:09:03.695977,53.298,can0  204  [16]  E1 22 50 46 50 46 50 46 28 23 20 4E 30 75 00 00
2025-11-08T03:09:03.756199,53.358,can0  204  [16]  E1 22 50 46 50 46 50 46 28 23 20 4E 30 75 00 00
2025-11-08T03:09:03.810572,53.413,can0  204  [16]  E1 22 50 46 50 46 50 46 28 23 20 4E 30 75 00 00
2025-11-08T03:09:03.837139,53.439,can0  206  [16]  A3 0C DA 07 8F 0C DA DC EF 07 CB 0C A7 0C 00 00
2025-11-08T03:09:03.885490,53.488,can0  204  [16]  E1 22 50 46 50 46 50 46 28 23 20 4E 30 75 00 00
2025-11-08T03:09:03.931850,53.534,can0  041  [04]  02 00 00 00
2025-11-08T03:09:03.960566,53.563,can0  204  [16]  E1 22 50 46 50 46 50 46 28 23 20 4E 30 75 00 00
2025-11-08T03:09:04.088476,53.691,can0  204  [16]  E1 22 50 46 50 46 50 46 28 23 20 4E 30 75 00 00
2025-11-08T03:09:04.088541,53.691,can0  206  [16]  AF 0C E0 07 97 0C 99 C6 EF 07 BF 0C 9F 0C 00 00
2025-11-08T03:09:04.088558,53.691,can0  204  [16]  E1 22 50 46 50 46 50 46 28 23 20 4E 30 75 00 00
2025-11-08T03:09:04.117760,53.720,can0  204  [16]  E1 22 50 46 50 46 50 46 28 23 20 4E 30 75 00 00
2025-11-08T03:09:04.292137,53.894,can0  206  [16]  9F 0C DC 07 9F 0C D7 E6 EF 07 BF 0C AB 0C 00 00
2025-11-08T03:09:04.293130,53.895,can0  204  [16]  E1 22 50 46 50 46 50 46 28 23 20 4E 30 75 00 00
2025-11-08T03:09:04.293168,53.895,can0  041  [04]  02 00 02 00
2025-11-08T03:09:04.293185,53.895,can0  204  [16]  E1 22 50 46 50 46 50 46 28 23 20 4E 30 75 00 00
2025-11-08T03:09:04.294393,53.897,can0  204  [16]  E1 22 50 46 50 46 50 46 28 23 20 4E 30 75 00 00
2025-11-08T03:09:04.362838,53.965,can0  206  [16]  9F 0C DA 07 8B 0C DA DC EF 07 CB 0C AB 0C 00 00
2025-11-08T03:09:04.362902,53.965,can0  204  [16]  E1 22 50 46 50 46 50 46 28 23 20 4E 30 75 00 00
2025-11-08T03:09:04.481564,54.084,can0  204  [16]  E1 22 50 46 50 46 50 46 28 23 20 4E 30 75 00 00
2025-11-08T03:09:04.481806,54.084,can0  204  [16]  E1 22 50 46 50 46 50 46 28 23 20 4E 30 75 00 00
2025-11-08T03:09:04.481831,54.084,can0  041  [04]  02 00 02 00
2025-11-08T03:09:04.508848,54.111,can0  206  [16]  A3 0C EB 07 9B 0C 3A DF FC 07 C3 0C A3 0C 00 00
2025-11-08T03:09:04.807053,54.409,can0  204  [16]  E1 22 50 46 50 46 50 46 28 23 20 4E 30 75 00 00
2025-11-08T03:09:04.807113,54.409,can0  204  [16]  E1 22 50 46 50 46 50 46 28 23 20 4E 30 75 00 00
2025-11-08T03:09:04.807131,54.409,can0  204  [16]  E1 22 50 46 50 46 50 46 28 23 20 4E 30 75 00 00
2025-11-08T03:09:04.807147,54.409,can0  206  [16]  9B 0C DE 07 9F 0C 99 C6 F2 07 BF 0C AB 0C 00 00
2025-11-08T03:09:04.807173,54.409,can0  204  [16]  E1 22 50 46 50 46 50 46 28 23 20 4E 30 75 00 00
2025-11-08T03:09:04.807189,54.409,can0  041  [04]  02 00 02 00
2025-11-08T03:09:04.807204,54.409,can0  204  [16]  E1 22 50 46 50 46 50 46 28 23 20 4E 30 75 00 00
2025-11-08T03:09:04.807219,54.409,can0  204  [16]  E1 22 50 46 50 46 50 46 28 23 20 4E 30 75 00 00
2025-11-08T03:09:04.876343,54.479,can0  206  [16]  5B 0C DC 07 AB 0C 99 C6 ED 07 BF 0C E8 0C 00 00
2025-11-08T03:09:04.876416,54.479,can0  204  [16]  E1 22 50 46 50 46 50 46 28 23 20 4E 30 75 00 00
2025-11-08T03:09:04.973235,54.576,can0  204  [16]  E1 22 50 46 50 46 50 46 28 23 20 4E 30 75 00 00
2025-11-08T03:09:05.089265,54.692,can0  204  [16]  E1 22 50 46 50 46 50 46 28 23 20 4E 30 75 00 00
2025-11-08T03:09:05.089329,54.692,can0  041  [04]  02 00 02 00
2025-11-08T03:09:05.089347,54.692,can0  206  [16]  9F 0C DC 07 9F 0C B1 E0 F2 07 BF 0C AB 0C 00 00
2025-11-08T03:09:05.089363,54.692,can0  204  [16]  E1 22 50 46 50 46 50 46 28 23 20 4E 30 75 00 00
2025-11-08T03:09:05.114651,54.717,can0  204  [16]  E1 22 50 46 50 46 50 46 28 23 20 4E 30 75 00 00
2025-11-08T03:09:05.165383,54.768,can0  206  [16]  A7 0C DC 07 97 0C DA DC EF 07 C7 0C A3 0C 00 00
2025-11-08T03:09:05.193886,54.796,can0  204  [16]  E1 22 50 46 50 46 50 46 28 23 20 4E 30 75 00 00
2025-11-08T03:09:05.390058,54.992,can0  204  [16]  E1 22 50 46 50 46 50 46 28 23 20 4E 30 75 00 00
2025-11-08T03:09:05.390118,54.992,can0  041  [04]  3F 01 02 00
2025-11-08T03:09:05.390136,54.992,can0  204  [16]  E1 22 50 46 50 46 50 46 28 23 20 4E 30 75 00 00
2025-11-08T03:09:05.390153,54.992,can0  206  [16]  9F 0C DC 07 97 0C 99 C6 EF 07 BB 0C AB 0C 00 00
2025-11-08T03:09:05.390332,54.993,can0  204  [16]  E1 22 50 46 50 46 50 46 28 23 20 4E 30 75 00 00
2025-11-08T03:09:05.411900,55.014,can0  204  [16]  E1 22 50 46 50 46 50 46 28 23 20 4E 30 75 00 00
2025-11-08T03:09:05.496962,55.099,can0  204  [16]  E1 22 50 46 50 46 50 46 28 23 20 4E 30 75 00 00
2025-11-08T03:09:05.515303,55.118,can0  206  [16]  97 0C DC 07 9B 0C 99 C6 EF 07 BF 0C AF 0C 00 00
2025-11-08T03:09:05.521187,55.123,can0  204  [16]  E1 22 50 46 50 46 50 46 28 23 20 4E 30 75 00 00
2025-11-08T03:09:05.530263,55.133,can0  041  [04]  3F 01 00 00
2025-11-08T03:09:05.588163,55.190,can0  204  [16]  E1 22 50 46 50 46 50 46 28 23 20 4E 30 75 00 00
2025-11-08T03:09:05.717009,55.319,can0  204  [16]  E1 22 50 46 50 46 50 46 28 23 20 4E 30 75 00 00
2025-11-08T03:09:05.717073,55.319,can0  206  [16]  A3 0C DC 07 9B 0C 99 C6 F6 07 C3 0C A3 0C 00 00
2025-11-08T03:09:05.717097,55.319,can0  204  [16]  E1 22 50 46 50 46 50 46 28 23 20 4E 30 75 00 00
2025-11-08T03:09:05.788620,55.391,can0  204  [16]  E1 22 50 46 50 46 50 46 28 23 20 4E 30 75 00 00
2025-11-08T03:09:05.804856,55.407,can0  041  [04]  3F 01 00 00
2025-11-08T03:09:05.804909,55.407,can0  204  [16]  E1 22 50 46 50 46 50 46 28 23 20 4E 30 75 00 00
2025-11-08T03:09:05.923897,55.526,can0  206  [16]  9F 0C DC 07 9B 0C DA DC F2 07 C3 0C A7 0C 00 00
2025-11-08T03:09:05.931064,55.533,can0  204  [16]  E1 22 50 46 50 46 50 46 28 23 20 4E 30 75 00 00
2025-11-08T03:09:05.931112,55.533,can0  204  [16]  E1 22 50 46 50 46 50 46 28 23 20 4E 30 75 00 00
2025-11-08T03:09:06.003009,55.605,can0  204  [16]  E1 22 50 46 50 46 50 46 28 23 20 4E 30 75 00 00
2025-11-08T03:09:06.003073,55.605,can0  206  [16]  A7 0C DC 07 9B 0C DA DC ED 07 D3 0C 9F 0C 00 00
2025-11-08T03:09:06.060499,55.663,can0  204  [16]  E1 22 50 46 50 46 50 46 28 23 20 4E 30 75 00 00
2025-11-08T03:09:06.065593,55.668,can0  041  [04]  02 00 00 00
2025-11-08T03:09:06.106400,55.709,can0  204  [16]  E1 22 50 46 50 46 50 46 28 23 20 4E 30 75 00 00
2025-11-08T03:09:06.161251,55.764,can0  206  [16]  A3 0C D8 07 9B 0C 3A DF EF 07 C3 0C A3 0C 00 00
2025-11-08T03:09:06.169403,55.772,can0  204  [16]  E1 22 50 46 50 46 50 46 28 23 20 4E 30 75 00 00
2025-11-08T03:09:06.221832,55.824,can0  204  [16]  E1 22 50 46 50 46 50 46 28 23 20 4E 30 75 00 00
2025-11-08T03:09:06.291076,55.893,can0  204  [16]  E1 22 50 46 50 46 50 46 28 23 20 4E 30 75 00 00
2025-11-08T03:09:06.331101,55.933,can0  206  [16]  A3 0C DE 07 97 0C 99 C6 EF 07 C3 0C A7 0C 00 00
2025-11-08T03:09:06.334669,55.937,can0  041  [04]  02 00 00 00
2025-11-08T03:09:06.340021,55.942,can0  204  [16]  E1 22 50 46 50 46 50 46 28 23 20 4E 30 75 00 00
2025-11-08T03:09:06.403078,56.005,can0  204  [16]  E1 22 50 46 50 46 50 46 28 23 20 4E 30 75 00 00
2025-11-08T03:09:06.451482,56.054,can0  204  [16]  E1 22 50 46 50 46 50 46 28 23 20 4E 30 75 00 00
2025-11-08T03:09:06.499634,56.102,can0  206  [16]  93 0C DA 07 9B 0C 3A DF EF 07 BF 0C B3 0C 00 00
2025-11-08T03:09:06.512182,56.114,can0  204  [16]  E1 22 50 46 50 46 50 46 28 23 20 4E 30 75 00 00
2025-11-08T03:09:06.571853,56.174,can0  204  [16]  E1 22 50 46 50 46 50 46 28 23 20 4E 30 75 00 00
2025-11-08T03:09:06.604618,56.207,can0  041  [04]  02 00 00 00
2025-11-08T03:09:06.636425,56.239,can0  204  [16]  E1 22 50 46 50 46 50 46 28 23 20 4E 30 75 00 00
2025-11-08T03:09:06.662410,56.265,can0  206  [16]  9B 0C DC 07 9F 0C B1 E0 F4 07 AF 0C AB 0C 00 00
2025-11-08T03:09:06.707542,56.310,can0  204  [16]  E1 22 50 46 50 46 50 46 28 23 20 4E 30 75 00 00
2025-11-08T03:09:06.738168,56.340,can0  204  [16]  E1 22 50 46 50 46 50 46 28 23 20 4E 30 75 00 00
2025-11-08T03:09:06.818728,56.421,can0  204  [16]  E1 22 50 46 50 46 50 46 28 23 20 4E 30 75 00 00
2025-11-08T03:09:06.828267,56.431,can0  206  [16]  9F 0C DA 07 9F 0C DA DC F2 07 C3 0C A7 0C 00 00
2025-11-08T03:09:06.853679,56.456,can0  204  [16]  E1 22 50 46 50 46 50 46 28 23 20 4E 30 75 00 00
2025-11-08T03:09:06.860089,56.462,can0  041  [04]  02 00 00 00
2025-11-08T03:09:06.923315,56.526,can0  204  [16]  E1 22 50 46 50 46 50 46 28 23 20 4E 30 75 00 00
2025-11-08T03:09:06.986982,56.589,can0  204  [16]  E1 22 50 46 50 46 50 46 28 23 20 4E 30 75 00 00
2025-11-08T03:09:07.009705,56.612,can0  206  [16]  A3 0C DC 07 97 0C 99 C6 F6 07 C3 0C A7 0C 00 00
2025-11-08T03:09:07.051225,56.653,can0  204  [16]  E1 22 50 46 50 46 50 46 28 23 20 4E 30 75 00 00
2025-11-08T03:09:07.107309,56.710,can0  204  [16]  E1 22 50 46 50 46 50 46 28 23 20 4E 30 75 00 00
2025-11-08T03:09:07.130971,56.733,can0  041  [04]  3F 01 00 00
2025-11-08T03:09:07.159634,56.762,can0  204  [16]  E1 22 50 46 50 46 50 46 28 23 20 4E 30 75 00 00
2025-11-08T03:09:07.161301,56.764,can0  206  [16]  8F 0C DE 07 AB 0C 99 C6 F2 07 C7 0C AB 0C 00 00
2025-11-08T03:09:07.221914,56.824,can0  204  [16]  E1 22 50 46 50 46 50 46 28 23 20 4E 30 75 00 00
2025-11-08T03:09:07.276770,56.879,can0  204  [16]  E1 22 50 46 50 46 50 46 28 23 20 4E 30 75 00 00
2025-11-08T03:09:07.320730,56.923,can0  206  [16]  9F 0C DE 07 97 0C DA DC EF 07 C3 0C AB 0C 00 00
2025-11-08T03:09:07.335339,56.938,can0  204  [16]  E1 22 50 46 50 46 50 46 28 23 20 4E 30 75 00 00
2025-11-08T03:09:07.390256,56.993,can0  204  [16]  E1 22 50 46 50 46 50 46 28 23 20 4E 30 75 00 00
2025-11-08T03:09:07.392515,56.995,can0  041  [04]  02 00 00 00
2025-11-08T03:09:07.447364,57.050,can0  204  [16]  E1 22 50 46 50 46 50 46 28 23 20 4E 30 75 00 00
2025-11-08T03:09:07.493025,57.095,can0  206  [16]  AB 0C D8 07 97 0C 3A DF F4 07 CB 0C 9B 0C 00 00
2025-11-08T03:09:07.520573,57.123,can0  204  [16]  E1 22 50 46 50 46 50 46 28 23 20 4E 30 75 00 00
2025-11-08T03:09:07.563574,57.166,can0  204  [16]  E1 22 50 46 50 46 50 46 28 23 20 4E 30 75 00 00
2025-11-08T03:09:07.627532,57.230,can0  204  [16]  E1 22 50 46 50 46 50 46 28 23 20 4E 30 75 00 00
2025-11-08T03:09:07.665938,57.268,can0  206  [16]  67 0C DE 07 D3 0C 99 C6 F2 07 B7 0C AB 0C 00 00
2025-11-08T03:09:07.672647,57.275,can0  041  [04]  02 00 02 00
2025-11-08T03:09:07.679089,57.281,can0  204  [16]  E1 22 50 46 50 46 50 46 28 23 20 4E 30 75 00 00
2025-11-08T03:09:07.737312,57.340,can0  204  [16]  E1 22 50 46 50 46 50 46 28 23 20 4E 30 75 00 00
2025-11-08T03:09:07.792704,57.395,can0  204  [16]  E1 22 50 46 50 46 50 46 28 23 20 4E 30 75 00 00
2025-11-08T03:09:07.845895,57.448,can0  206  [16]  9F 0C DC 07 A3 0C 3A DF EF 07 BB 0C A3 0C 00 00
2025-11-08T03:09:07.852661,57.455,can0  204  [16]  E1 22 50 46 50 46 50 46 28 23 20 4E 30 75 00 00
2025-11-08T03:09:07.947112,57.549,can0  204  [16]  E1 22 50 46 50 46 50 46 28 23 20 4E 30 75 00 00
2025-11-08T03:09:07.947647,57.550,can0  041  [04]  02 00 02 00
2025-11-08T03:09:07.988086,57.590,can0  204  [16]  E1 22 50 46 50 46 50 46 28 23 20 4E 30 75 00 00
2025-11-08T03:09:07.994622,57.597,can0  206  [16]  A7 0C DA 07 9B 0C DA DC ED 07 BF 0C A3 0C 00 00
2025-11-08T03:09:08.047898,57.650,can0  204  [16]  E1 22 50 46 50 46 50 46 28 23 20 4E 30 75 00 00
2025-11-08T03:09:08.103316,57.706,can0  204  [16]  E1 22 50 46 50 46 50 46 28 23 20 4E 30 75 00 00
2025-11-08T03:09:08.159108,57.761,can0  204  [16]  E1 22 50 46 50 46 50 46 28 23 20 4E 30 75 00 00
2025-11-08T03:09:08.160147,57.762,can0  206  [16]  9B 0C DC 07 9F 0C 99 C6 EF 07 BF 0C AB 0C 00 00
2025-11-08T03:09:08.192078,57.794,can0  041  [04]  02 00 02 00
2025-11-08T03:09:08.213538,57.816,can0  204  [16]  E1 22 50 46 50 46 50 46 28 23 20 4E 30 75 00 00
2025-11-08T03:09:08.280355,57.883,can0  204  [16]  E1 22 50 46 50 46 50 46 28 23 20 4E 30 75 00 00
2025-11-08T03:09:08.361505,57.964,can0  204  [16]  E1 22 50 46 50 46 50 46 28 23 20 4E 30 75 00 00
2025-11-08T03:09:08.361572,57.964,can0  206  [16]  A3 0C D1 07 9B 0C 3A DF EF 07 C3 0C A3 0C 00 00
2025-11-08T03:09:08.397135,57.999,can0  204  [16]  E1 22 50 46 50 46 50 46 28 23 20 4E 30 75 00 00
2025-11-08T03:09:08.459286,58.062,can0  204  [16]  E1 22 50 46 50 46 50 46 28 23 20 4E 30 75 00 00
2025-11-08T03:09:08.459354,58.062,can0  041  [04]  02 00 00 00
2025-11-08T03:09:08.493494,58.096,can0  206  [16]  97 0C DE 07 A7 0C 99 C6 F2 07 BB 0C A7 0C 00 00
2025-11-08T03:09:08.500902,58.103,can0  204  [16]  E1 22 50 46 50 46 50 46 28 23 20 4E 30 75 00 00
2025-11-08T03:09:08.559901,58.162,can0  204  [16]  E1 22 50 46 50 46 50 46 28 23 20 4E 30 75 00 00
2025-11-08T03:09:08.621333,58.224,can0  204  [16]  E1 22 50 46 50 46 50 46 28 23 20 4E 30 75 00 00
2025-11-08T03:09:08.651603,58.254,can0  206  [16]  97 0C E0 07 9F 0C DA DC EF 07 BF 0C AB 0C 00 00
2025-11-08T03:09:08.672813,58.275,can0  204  [16]  E1 22 50 46 50 46 50 46 28 23 20 4E 30 75 00 00
2025-11-08T03:09:08.729702,58.332,can0  041  [04]  02 00 02 00
2025-11-08T03:09:08.785707,58.388,can0  204  [16]  E1 22 50 46 50 46 50 46 28 23 20 4E 30 75 00 00
2025-11-08T03:09:08.802154,58.404,can0  204  [16]  E1 22 50 46 50 46 50 46 28 23 20 4E 30 75 00 00
2025-11-08T03:09:08.821674,58.424,can0  206  [16]  9B 0C D1 07 9B 0C DA DC F2 07 C7 0C A7 0C 00 00
2025-11-08T03:09:08.856945,58.459,can0  204  [16]  E1 22 50 46 50 46 50 46 28 23 20 4E 30 75 00 00
2025-11-08T03:09:08.903276,58.506,can0  204  [16]  E1 22 50 46 50 46 50 46 28 23 20 4E 30 75 00 00
2025-11-08T03:09:09.002953,58.605,can0  204  [16]  E1 22 50 46 50 46 50 46 28 23 20 4E 30 75 00 00
2025-11-08T03:09:09.003331,58.606,can0  206  [16]  9F 0C DC 07 97 0C 99 C6 F2 07 BB 0C AB 0C 00 00
2025-11-08T03:09:09.004312,58.607,can0  041  [04]  02 00 02 00
2025-11-08T03:09:09.056095,58.658,can0  204  [16]  E1 22 50 46 50 46 50 46 28 23 20 4E 30 75 00 00
2025-11-08T03:09:09.096258,58.699,can0  204  [16]  E1 22 50 46 50 46 50 46 28 23 20 4E 30 75 00 00
2025-11-08T03:09:09.161681,58.764,can0  204  [16]  E1 22 50 46 50 46 50 46 28 23 20 4E 30 75 00 00
2025-11-08T03:09:09.169997,58.772,can0  206  [16]  BF 0C DE 07 9F 0C 99 C6 EF 07 B7 0C 87 0C 00 00
2025-11-08T03:09:09.214467,58.817,can0  204  [16]  E1 22 50 46 50 46 50 46 28 23 20 4E 30 75 00 00
2025-11-08T03:09:09.276925,58.879,can0  041  [04]  02 00 02 00
2025-11-08T03:09:09.277400,58.880,can0  204  [16]  E1 22 50 46 50 46 50 46 28 23 20 4E 30 75 00 00
2025-11-08T03:09:09.317675,58.920,can0  206  [16]  A3 0C DE 07 9F 0C 3A DF F8 07 BF 0C A3 0C 00 00
2025-11-08T03:09:09.323882,58.926,can0  204  [16]  E1 22 50 46 50 46 50 46 28 23 20 4E 30 75 00 00
2025-11-08T03:09:09.390614,58.993,can0  204  [16]  E1 22 50 46 50 46 50 46 28 23 20 4E 30 75 00 00
2025-11-08T03:09:09.440251,59.043,can0  204  [16]  E1 22 50 46 50 46 50 46 28 23 20 4E 30 75 00 00
2025-11-08T03:09:09.483209,59.085,can0  206  [16]  97 0C DC 07 9B 0C DA DC EF 07 C3 0C AF 0C 00 00
2025-11-08T03:09:09.502219,59.104,can0  204  [16]  E1 22 50 46 50 46 50 46 28 23 20 4E 30 75 00 00
2025-11-08T03:09:09.523486,59.126,can0  041  [04]  3F 01 02 00
2025-11-08T03:09:09.567892,59.170,can0  204  [16]  E1 22 50 46 50 46 50 46 28 23 20 4E 30 75 00 00
2025-11-08T03:09:09.618477,59.221,can0  204  [16]  E1 22 50 46 50 46 50 46 28 23 20 4E 30 75 00 00
2025-11-08T03:09:09.651185,59.253,can0  206  [16]  8F 0C DC 07 9B 0C 99 C6 F2 07 C7 0C B7 0C 00 00
2025-11-08T03:09:09.689659,59.292,can0  204  [16]  E1 22 50 46 50 46 50 46 28 23 20 4E 30 75 00 00
2025-11-08T03:09:09.726853,59.329,can0  204  [16]  E1 22 50 46 50 46 50 46 28 23 20 4E 30 75 00 00
2025-11-08T03:09:09.788424,59.391,can0  204  [16]  E1 22 50 46 50 46 50 46 28 23 20 4E 30 75 00 00
2025-11-08T03:09:09.790531,59.393,can0  041  [04]  3F 01 00 00
2025-11-08T03:09:09.823031,59.425,can0  206  [16]  AB 0C DE 07 9B 0C 57 E3 F4 07 CF 0C 9B 0C 00 00
2025-11-08T03:09:09.841627,59.444,can0  204  [16]  E1 22 50 46 50 46 50 46 28 23 20 4E 30 75 00 00
2025-11-08T03:09:09.905048,59.507,can0  204  [16]  E1 22 50 46 50 46 50 46 28 23 20 4E 30 75 00 00
2025-11-08T03:09:09.977574,59.580,can0  204  [16]  E1 22 50 46 50 46 50 46 28 23 20 4E 30 75 00 00
2025-11-08T03:09:09.980442,59.583,can0  206  [16]  9B 0C DC 07 9F 0C A0 E2 F2 07 BF 0C A7 0C 00 00
2025-11-08T03:09:10.033537,59.636,can0  204  [16]  E1 22 50 46 50 46 50 46 28 23 20 4E 30 75 00 00
2025-11-08T03:09:10.057536,59.660,can0  041  [04]  3F 01 00 00
2025-11-08T03:09:10.093188,59.695,can0  204  [16]  E1 22 50 46 50 46 50 46 28 23 20 4E 30 75 00 00
2025-11-08T03:09:10.155398,59.758,can0  204  [16]  E1 22 50 46 50 46 50 46 28 23 20 4E 30 75 00 00
2025-11-08T03:09:10.155644,59.758,can0  206  [16]  8B 0C DE 07 A3 0C C5 E1 F4 07 BF 0C B7 0C 00 00
2025-11-08T03:09:10.212554,59.815,can0  204  [16]  E1 22 50 46 50 46 50 46 28 23 20 4E 30 75 00 00
2025-11-08T03:09:10.302494,59.905,can0  204  [16]  E1 22 50 46 50 46 50 46 28 23 20 4E 30 75 00 00
2025-11-08T03:09:10.311160,59.913,can0  206  [16]  9F 0C DC 07 9F 0C DA DC F2 07 CF 0C A7 0C 00 00
2025-11-08T03:09:10.321630,59.924,can0  204  [16]  E1 22 50 46 50 46 50 46 28 23 20 4E 30 75 00 00
2025-11-08T03:09:10.325436,59.928,can0  041  [04]  3F 01 00 00
2025-11-08T03:09:10.383806,59.986,can0  204  [16]  E1 22 50 46 50 46 50 46 28 23 20 4E 30 75 00 00
2025-11-08T03:09:10.436428,60.039,can0  204  [16]  E1 22 50 46 50 46 50 46 28 23 20 4E 30 75 00 00
2025-11-08T03:09:10.489568,60.092,can0  206  [16]  9F 0C D8 07 9B 0C 3A DF F4 07 BF 0C A7 0C 00 00
2025-11-08T03:09:10.493652,60.096,can0  204  [16]  E1 22 50 46 50 46 50 46 28 23 20 4E 30 75 00 00
2025-11-08T03:09:10.551937,60.154,can0  204  [16]  E1 22 50 46 50 46 50 46 28 23 20 4E 30 75 00 00
2025-11-08T03:09:10.591459,60.194,can0  041  [04]  E4 00 02 00
2025-11-08T03:09:10.608539,60.211,can0  204  [16]  E1 22 50 46 50 46 50 46 28 23 20 4E 30 75 00 00
2025-11-08T03:09:10.640073,60.242,can0  206  [16]  9F 0C DE 07 9F 0C DA DC EF 07 BF 0C A7 0C 00 00
2025-11-08T03:09:10.668619,60.271,can0  204  [16]  E1 22 50 46 50 46 50 46 28 23 20 4E 30 75 00 00
2025-11-08T03:09:10.727887,60.330,can0  204  [16]  E1 22 50 46 50 46 50 46 28 23 20 4E 30 75 00 00
2025-11-08T03:09:10.793453,60.396,can0  204  [16]  E1 22 50 46 50 46 50 46 28 23 20 4E 30 75 00 00
2025-11-08T03:09:10.808677,60.411,can0  206  [16]  9F 0C DC 07 9B 0C 99 C6 EF 07 C7 0C A7 0C 00 00
2025-11-08T03:09:10.847095,60.449,can0  204  [16]  E1 22 50 46 50 46 50 46 28 23 20 4E 30 75 00 00
2025-11-08T03:09:10.858822,60.461,can0  041  [04]  E4 00 00 00
2025-11-08T03:09:10.896086,60.498,can0  204  [16]  E1 22 50 46 50 46 50 46 28 23 20 4E 30 75 00 00
2025-11-08T03:09:10.976186,60.578,can0  204  [16]  E1 22 50 46 50 46 50 46 28 23 20 4E 30 75 00 00
2025-11-08T03:09:10.976521,60.579,can0  206  [16]  9B 0C DA 07 9F 0C DA DC EF 07 BB 0C AB 0C 00 00
2025-11-08T03:09:11.031778,60.634,can0  204  [16]  E1 22 50 46 50 46 50 46 28 23 20 4E 30 75 00 00
2025-11-08T03:09:11.103696,60.706,can0  204  [16]  E1 22 50 46 50 46 50 46 28 23 20 4E 30 75 00 00
2025-11-08T03:09:11.122919,60.725,can0  041  [04]  E4 00 00 00
2025-11-08T03:09:11.156733,60.759,can0  206  [16]  AB 0C E5 07 97 0C DA DC EB 07 C3 0C 9F 0C 00 00
2025-11-08T03:09:11.156799,60.759,can0  204  [16]  E1 22 50 46 50 46 50 46 28 23 20 4E 30 75 00 00
2025-11-08T03:09:11.210615,60.813,can0  204  [16]  E1 22 50 46 50 46 50 46 28 23 20 4E 30 75 00 00
2025-11-08T03:09:11.262504,60.865,can0  204  [16]  E1 22 50 46 50 46 50 46 28 23 20 4E 30 75 00 00
2025-11-08T03:09:11.312116,60.914,can0  206  [16]  A3 0C DE 07 9B 0C DA DC DE 07 C3 0C A3 0C 00 00
2025-11-08T03:09:11.316842,60.919,can0  204  [16]  E1 22 50 46 50 46 50 46 28 23 20 4E 30 75 00 00
2025-11-08T03:09:11.380552,60.983,can0  204  [16]  E1 22 50 46 50 46 50 46 28 23 20 4E 30 75 00 00
2025-11-08T03:09:11.389151,60.991,can0  041  [04]  E4 00 00 00
2025-11-08T03:09:11.436930,61.039,can0  204  [16]  E1 22 50 46 50 46 50 46 28 23 20 4E 30 75 00 00
2025-11-08T03:09:11.467948,61.070,can0  206  [16]  8F 0C DE 07 AB 0C DA DC EF 07 BB 0C A7 0C 00 00
2025-11-08T03:09:11.513198,61.115,can0  204  [16]  E1 22 50 46 50 46 50 46 28 23 20 4E 30 75 00 00
2025-11-08T03:09:11.550595,61.153,can0  204  [16]  E1 22 50 46 50 46 50 46 28 23 20 4E 30 75 00 00
2025-11-08T03:09:11.620883,61.223,can0  204  [16]  E1 22 50 46 50 46 50 46 28 23 20 4E 30 75 00 00
2025-11-08T03:09:11.630208,61.232,can0  206  [16]  A7 0C E0 07 93 0C 3A DF F4 07 C7 0C A3 0C 00 00
2025-11-08T03:09:11.659826,61.262,can0  041  [04]  10 01 00 00
2025-11-08T03:09:11.665816,61.268,can0  204  [16]  E1 22 50 46 50 46 50 46 28 23 20 4E 30 75 00 00
2025-11-08T03:09:11.743877,61.346,can0  204  [16]  E1 22 50 46 50 46 50 46 28 23 20 4E 30 75 00 00
2025-11-08T03:09:11.778527,61.381,can0  204  [16]  E1 22 50 46 50 46 50 46 28 23 20 4E 30 75 00 00
2025-11-08T03:09:11.798674,61.401,can0  206  [16]  7B 0C DE 07 A3 0C DA DC EF 07 BB 0C C7 0C 00 00
2025-11-08T03:09:11.834422,61.437,can0  204  [16]  E1 22 50 46 50 46 50 46 28 23 20 4E 30 75 00 00
2025-11-08T03:09:11.892875,61.495,can0  204  [16]  E1 22 50 46 50 46 50 46 28 23 20 4E 30 75 00 00
2025-11-08T03:09:11.923112,61.525,can0  041  [04]  E4 00 00 00
2025-11-08T03:09:11.973742,61.576,can0  206  [16]  9F 0C DC 07 9B 0C 99 C6 EF 07 BF 0C A7 0C 00 00
2025-11-08T03:09:11.974300,61.577,can0  204  [16]  E1 22 50 46 50 46 50 46 28 23 20 4E 30 75 00 00
2025-11-08T03:09:12.042002,61.644,can0  204  [16]  E1 22 50 46 50 46 50 46 28 23 20 4E 30 75 00 00
2025-11-08T03:09:12.083006,61.685,can0  204  [16]  E1 22 50 46 50 46 50 46 28 23 20 4E 30 75 00 00
2025-11-08T03:09:12.128659,61.731,can0  206  [16]  A7 0C DC 07 9B 0C DA DC EF 07 BF 0C 9F 0C 00 00
2025-11-08T03:09:12.141775,61.744,can0  204  [16]  E1 22 50 46 50 46 50 46 28 23 20 4E 30 75 00 00
2025-11-08T03:09:12.185897,61.788,can0  041  [04]  10 01 00 00
2025-11-08T03:09:12.200680,61.803,can0  204  [16]  E1 22 50 46 50 46 50 46 28 23 20 4E 30 75 00 00
2025-11-08T03:09:12.256436,61.859,can0  204  [16]  E1 22 50 46 50 46 50 46 28 23 20 4E 30 75 00 00
2025-11-08T03:09:12.294709,61.897,can0  206  [16]  9F 0C E0 07 9F 0C 99 C6 F2 07 BF 0C A7 0C 00 00
2025-11-08T03:09:12.313986,61.916,can0  204  [16]  E1 22 50 46 50 46 50 46 28 23 20 4E 30 75 00 00
2025-11-08T03:09:12.370503,61.973,can0  204  [16]  E1 22 50 46 50 46 50 46 28 23 20 4E 30 75 00 00
2025-11-08T03:09:12.445539,62.048,can0  204  [16]  E1 22 50 46 50 46 50 46 28 23 20 4E 30 75 00 00
2025-11-08T03:09:12.453455,62.056,can0  041  [04]  3F 01 00 00
2025-11-08T03:09:12.468536,62.071,can0  206  [16]  A3 0C DC 07 9F 0C DA DC F4 07 C3 0C A3 0C 00 00
2025-11-08T03:09:12.491488,62.094,can0  204  [16]  E1 22 50 46 50 46 50 46 28 23 20 4E 30 75 00 00
2025-11-08T03:09:12.559372,62.162,can0  204  [16]  E1 22 50 46 50 46 50 46 28 23 20 4E 30 75 00 00
2025-11-08T03:09:12.601205,62.203,can0  204  [16]  E1 22 50 46 50 46 50 46 28 23 20 4E 30 75 00 00
2025-11-08T03:09:12.639835,62.242,can0  206  [16]  9B 0C E0 07 9F 0C 99 C6 F6 07 C7 0C A7 0C 00 00
2025-11-08T03:09:12.658311,62.261,can0  204  [16]  E1 22 50 46 50 46 50 46 28 23 20 4E 30 75 00 00
2025-11-08T03:09:12.720045,62.322,can0  204  [16]  E1 22 50 46 50 46 50 46 28 23 20 4E 30 75 00 00
2025-11-08T03:09:12.720402,62.323,can0  041  [04]  02 00 02 00
2025-11-08T03:09:12.776085,62.378,can0  204  [16]  E1 22 50 46 50 46 50 46 28 23 20 4E 30 75 00 00
2025-11-08T03:09:12.797366,62.400,can0  206  [16]  9F 0C DE 07 9B 0C 3A DF F2 07 BF 0C A7 0C 00 00
2025-11-08T03:09:12.846853,62.449,can0  204  [16]  E1 22 50 46 50 46 50 46 28 23 20 4E 30 75 00 00
2025-11-08T03:09:12.891048,62.493,can0  204  [16]  E1 22 50 46 50 46 50 46 28 23 20 4E 30 75 00 00
2025-11-08T03:09:12.964609,62.567,can0  206  [16]  A7 0C DC 07 9F 0C C5 E1 EF 07 C7 0C 9F 0C 00 00
2025-11-08T03:09:12.964682,62.567,can0  204  [16]  E1 22 50 46 50 46 50 46 28 23 20 4E 30 75 00 00
2025-11-08T03:09:12.996546,62.599,can0  041  [04]  52 01 02 00
2025-11-08T03:09:13.022244,62.625,can0  204  [16]  E1 22 50 46 50 46 50 46 28 23 20 4E 30 75 00 00
2025-11-08T03:09:13.092278,62.695,can0  204  [16]  E1 22 50 46 50 46 50 46 28 23 20 4E 30 75 00 00
2025-11-08T03:09:13.126744,62.729,can0  206  [16]  A3 0C DA 07 9B 0C DA DC F2 07 CB 0C A3 0C 00 00
2025-11-08T03:09:13.168145,62.770,can0  204  [16]  E1 22 50 46 50 46 50 46 28 23 20 4E 30 75 00 00
2025-11-08T03:09:13.199913,62.802,can0  204  [16]  E1 22 50 46 50 46 50 46 28 23 20 4E 30 75 00 00
2025-11-08T03:09:13.270814,62.873,can0  041  [04]  02 00 02 00
2025-11-08T03:09:13.270896,62.873,can0  204  [16]  E1 22 50 46 50 46 50 46 28 23 20 4E 30 75 00 00
2025-11-08T03:09:13.293614,62.896,can0  206  [16]  B7 0C DC 07 97 0C DA DC F4 07 CB 0C 93 0C 00 00
2025-11-08T03:09:13.309281,62.912,can0  204  [16]  E1 22 50 46 50 46 50 46 28 23 20 4E 30 75 00 00
2025-11-08T03:09:13.367196,62.969,can0  204  [16]  E1 22 50 46 50 46 50 46 28 23 20 4E 30 75 00 00
2025-11-08T03:09:13.425692,63.028,can0  204  [16]  E1 22 50 46 50 46 50 46 28 23 20 4E 30 75 00 00
2025-11-08T03:09:13.475791,63.078,can0  206  [16]  9F 0C DE 07 A3 0C DA DC F2 07 B7 0C AB 0C 00 00
2025-11-08T03:09:13.484819,63.087,can0  204  [16]  E1 22 50 46 50 46 50 46 28 23 20 4E 30 75 00 00
2025-11-08T03:09:13.517350,63.120,can0  041  [04]  02 00 02 00
2025-11-08T03:09:13.543610,63.146,can0  204  [16]  E1 22 50 46 50 46 50 46 28 23 20 4E 30 75 00 00
2025-11-08T03:09:13.612830,63.215,can0  204  [16]  E1 22 50 46 50 46 50 46 28 23 20 4E 30 75 00 00
2025-11-08T03:09:13.626361,63.229,can0  206  [16]  9F 0C DC 07 A3 0C DA DC F2 07 B7 0C A7 0C 00 00
2025-11-08T03:09:13.654762,63.257,can0  204  [16]  E1 22 50 46 50 46 50 46 28 23 20 4E 30 75 00 00
2025-11-08T03:09:13.714064,63.316,can0  204  [16]  E1 22 50 46 50 46 50 46 28 23 20 4E 30 75 00 00
2025-11-08T03:09:13.774248,63.377,can0  204  [16]  E1 22 50 46 50 46 50 46 28 23 20 4E 30 75 00 00
2025-11-08T03:09:13.785152,63.387,can0  041  [04]  02 00 00 00
2025-11-08T03:09:13.793948,63.396,can0  206  [16]  9B 0C DA 07 AF 0C DA DC F2 07 C3 0C A7 0C 00 00
2025-11-08T03:09:13.829086,63.431,can0  204  [16]  E1 22 50 46 50 46 50 46 28 23 20 4E 30 75 00 00
2025-11-08T03:09:13.885794,63.488,can0  204  [16]  E1 22 50 46 50 46 50 46 28 23 20 4E 30 75 00 00
2025-11-08T03:09:13.971691,63.574,can0  206  [16]  A3 0C DE 07 9F 0C DA DC F8 07 BB 0C A3 0C 00 00
2025-11-08T03:09:13.971759,63.574,can0  204  [16]  E1 22 50 46 50 46 50 46 28 23 20 4E 30 75 00 00
2025-11-08T03:09:14.021928,63.624,can0  204  [16]  E1 22 50 46 50 46 50 46 28 23 20 4E 30 75 00 00
2025-11-08T03:09:14.052023,63.654,can0  041  [04]  02 00 02 00
2025-11-08T03:09:14.079240,63.682,can0  204  [16]  E1 22 50 46 50 46 50 46 28 23 20 4E 30 75 00 00
2025-11-08T03:09:14.125485,63.728,can0  206  [16]  A7 0C DE 07 9B 0C DA DC EF 07 C3 0C A3 0C 00 00
2025-11-08T03:09:14.133036,63.735,can0  204  [16]  E1 22 50 46 50 46 50 46 28 23 20 4E 30 75 00 00
2025-11-08T03:09:14.192071,63.794,can0  204  [16]  E1 22 50 46 50 46 50 46 28 23 20 4E 30 75 00 00
2025-11-08T03:09:14.248578,63.851,can0  204  [16]  E1 22 50 46 50 46 50 46 28 23 20 4E 30 75 00 00
2025-11-08T03:09:14.291833,63.894,can0  206  [16]  A3 0C E0 07 9F 0C 3A DF F2 07 C3 0C A3 0C 00 00
2025-11-08T03:09:14.308943,63.911,can0  204  [16]  E1 22 50 46 50 46 50 46 28 23 20 4E 30 75 00 00
2025-11-08T03:09:14.319493,63.922,can0  041  [04]  02 00 00 00
2025-11-08T03:09:14.381327,63.984,can0  204  [16]  E1 22 50 46 50 46 50 46 28 23 20 4E 30 75 00 00
2025-11-08T03:09:14.422810,64.025,can0  204  [16]  E1 22 50 46 50 46 50 46 28 23 20 4E 30 75 00 00
2025-11-08T03:09:14.457794,64.060,can0  206  [16]  8F 0C DC 07 B7 0C DA DC EF 07 B3 0C A7 0C 00 00
2025-11-08T03:09:14.499147,64.101,can0  204  [16]  E1 22 50 46 50 46 50 46 28 23 20 4E 30 75 00 00
2025-11-08T03:09:14.539225,64.141,can0  204  [16]  E1 22 50 46 50 46 50 46 28 23 20 4E 30 75 00 00
2025-11-08T03:09:14.601429,64.204,can0  041  [04]  10 01 00 00
2025-11-08T03:09:14.602101,64.204,can0  204  [16]  E1 22 50 46 50 46 50 46 28 23 20 4E 30 75 00 00
2025-11-08T03:09:14.635553,64.238,can0  206  [16]  9B 0C DC 07 97 0C DA DC EF 07 C3 0C AB 0C 00 00
2025-11-08T03:09:14.657348,64.260,can0  204  [16]  E1 22 50 46 50 46 50 46 28 23 20 4E 30 75 00 00
2025-11-08T03:09:14.714175,64.316,can0  204  [16]  E1 22 50 46 50 46 50 46 28 23 20 4E 30 75 00 00
2025-11-08T03:09:14.768887,64.371,can0  204  [16]  E1 22 50 46 50 46 50 46 28 23 20 4E 30 75 00 00
2025-11-08T03:09:14.801012,64.403,can0  206  [16]  9F 0C E3 07 9F 0C C5 E1 EF 07 C7 0C A3 0C 00 00
2025-11-08T03:09:14.831279,64.434,can0  204  [16]  E1 22 50 46 50 46 50 46 28 23 20 4E 30 75 00 00
2025-11-08T03:09:14.849564,64.452,can0  041  [04]  3F 01 00 00
2025-11-08T03:09:14.923248,64.526,can0  204  [16]  E1 22 50 46 50 46 50 46 28 23 20 4E 30 75 00 00
2025-11-08T03:09:14.956643,64.559,can0  206  [16]  CF 0C DC 07 97 0C DA DC E5 07 C7 0C 7B 0C 00 00
2025-11-08T03:09:14.957738,64.560,can0  204  [16]  E1 22 50 46 50 46 50 46 28 23 20 4E 30 75 00 00
2025-11-08T03:09:15.016898,64.619,can0  204  [16]  E1 22 50 46 50 46 50 46 28 23 20 4E 30 75 00 00
2025-11-08T03:09:15.072045,64.674,can0  204  [16]  E1 22 50 46 50 46 50 46 28 23 20 4E 30 75 00 00
2025-11-08T03:09:15.117849,64.720,can0  041  [04]  3F 01 00 00
2025-11-08T03:09:15.118059,64.720,can0  206  [16]  B7 0C DC 07 9F 0C 99 C6 F8 07 C3 0C 8F 0C 00 00
2025-11-08T03:09:15.131459,64.734,can0  204  [16]  E1 22 50 46 50 46 50 46 28 23 20 4E 30 75 00 00
2025-11-08T03:09:15.202155,64.804,can0  204  [16]  E1 22 50 46 50 46 50 46 28 23 20 4E 30 75 00 00
2025-11-08T03:09:15.248959,64.851,can0  204  [16]  E1 22 50 46 50 46 50 46 28 23 20 4E 30 75 00 00
2025-11-08T03:09:15.280606,64.883,can0  206  [16]  9F 0C DE 07 9F 0C DA DC EF 07 B3 0C AF 0C 00 00
2025-11-08T03:09:15.302840,64.905,can0  204  [16]  E1 22 50 46 50 46 50 46 28 23 20 4E 30 75 00 00
2025-11-08T03:09:15.359859,64.962,can0  204  [16]  E1 22 50 46 50 46 50 46 28 23 20 4E 30 75 00 00
2025-11-08T03:09:15.382578,64.985,can0  041  [04]  3F 01 00 00
2025-11-08T03:09:15.420089,65.022,can0  204  [16]  E1 22 50 46 50 46 50 46 28 23 20 4E 30 75 00 00
2025-11-08T03:09:15.453290,65.056,can0  206  [16]  87 0C E0 07 93 0C 99 C6 F2 07 C7 0C C3 0C 00 00
2025-11-08T03:09:15.476139,65.078,can0  204  [16]  E1 22 50 46 50 46 50 46 28 23 20 4E 30 75 00 00
2025-11-08T03:09:15.533527,65.136,can0  204  [16]  E1 22 50 46 50 46 50 46 28 23 20 4E 30 75 00 00
2025-11-08T03:09:15.592676,65.195,can0  204  [16]  E1 22 50 46 50 46 50 46 28 23 20 4E 30 75 00 00
2025-11-08T03:09:15.612816,65.215,can0  206  [16]  9F 0C DC 07 9F 0C B1 E0 F2 07 BB 0C A7 0C 00 00
2025-11-08T03:09:15.654628,65.257,can0  041  [04]  3F 01 00 00
2025-11-08T03:09:15.654695,65.257,can0  204  [16]  E1 22 50 46 50 46 50 46 28 23 20 4E 30 75 00 00
2025-11-08T03:09:15.715885,65.318,can0  204  [16]  E1 22 50 46 50 46 50 46 28 23 20 4E 30 75 00 00
2025-11-08T03:09:15.763131,65.365,can0  204  [16]  E1 22 50 46 50 46 50 46 28 23 20 4E 30 75 00 00
2025-11-08T03:09:15.787683,65.390,can0  206  [16]  9F 0C DE 07 97 0C 99 C6 F2 07 C3 0C AB 0C 00 00
2025-11-08T03:09:15.824804,65.427,can0  204  [16]  E1 22 50 46 50 46 50 46 28 23 20 4E 30 75 00 00
2025-11-08T03:09:15.878701,65.481,can0  204  [16]  E1 22 50 46 50 46 50 46 28 23 20 4E 30 75 00 00
2025-11-08T03:09:15.925415,65.528,can0  041  [04]  3F 01 00 00
2025-11-08T03:09:15.947512,65.550,can0  206  [16]  9F 0C E0 07 9F 0C A0 E2 F2 07 BB 0C A7 0C 00 00
2025-11-08T03:09:15.948063,65.550,can0  204  [16]  E1 22 50 46 50 46 50 46 28 23 20 4E 30 75 00 00
2025-11-08T03:09:16.014487,65.617,can0  204  [16]  E1 22 50 46 50 46 50 46 28 23 20 4E 30 75 00 00
2025-11-08T03:09:16.067212,65.669,can0  204  [16]  E1 22 50 46 50 46 50 46 28 23 20 4E 30 75 00 00
2025-11-08T03:09:16.118705,65.721,can0  206  [16]  9F 0C DC 07 9B 0C 3A DF F8 07 BB 0C AB 0C 00 00
2025-11-08T03:09:16.125974,65.728,can0  204  [16]  E1 22 50 46 50 46 50 46 28 23 20 4E 30 75 00 00
2025-11-08T03:09:16.179723,65.782,can0  041  [04]  3F 01 00 00
2025-11-08T03:09:16.184751,65.787,can0  204  [16]  E1 22 50 46 50 46 50 46 28 23 20 4E 30 75 00 00
2025-11-08T03:09:16.243310,65.846,can0  204  [16]  E1 22 50 46 50 46 50 46 28 23 20 4E 30 75 00 00
2025-11-08T03:09:16.280859,65.883,can0  206  [16]  9B 0C DA 07 9B 0C 99 C6 F4 07 CB 0C A7 0C 00 00
2025-11-08T03:09:16.299993,65.902,can0  204  [16]  E1 22 50 46 50 46 50 46 28 23 20 4E 30 75 00 00
2025-11-08T03:09:16.356241,65.959,can0  204  [16]  E1 22 50 46 50 46 50 46 28 23 20 4E 30 75 00 00
2025-11-08T03:09:16.448088,66.050,can0  204  [16]  E1 22 50 46 50 46 50 46 28 23 20 4E 30 75 00 00
2025-11-08T03:09:16.448154,66.050,can0  206  [16]  A3 0C DC 07 9F 0C B1 E0 F6 07 BB 0C A3 0C 00 00
2025-11-08T03:09:16.448177,66.050,can0  041  [04]  3F 01 00 00
2025-11-08T03:09:16.473176,66.075,can0  204  [16]  E1 22 50 46 50 46 50 46 28 23 20 4E 30 75 00 00
2025-11-08T03:09:16.536151,66.138,can0  204  [16]  E1 22 50 46 50 46 50 46 28 23 20 4E 30 75 00 00
2025-11-08T03:09:16.588469,66.191,can0  204  [16]  E1 22 50 46 50 46 50 46 28 23 20 4E 30 75 00 00
2025-11-08T03:09:16.612183,66.214,can0  206  [16]  A3 0C DC 07 9B 0C 3A DF F4 07 AB 0C A7 0C 00 00
2025-11-08T03:09:16.646583,66.249,can0  204  [16]  E1 22 50 46 50 46 50 46 28 23 20 4E 30 75 00 00
2025-11-08T03:09:16.705368,66.308,can0  204  [16]  E1 22 50 46 50 46 50 46 28 23 20 4E 30 75 00 00
2025-11-08T03:09:16.714410,66.317,can0  041  [04]  3F 01 00 00
2025-11-08T03:09:16.762316,66.365,can0  204  [16]  E1 22 50 46 50 46 50 46 28 23 20 4E 30 75 00 00
2025-11-08T03:09:16.783929,66.386,can0  206  [16]  A3 0C DC 07 9B 0C 99 C6 EF 07 C3 0C A3 0C 00 00
2025-11-08T03:09:16.816986,66.419,can0  204  [16]  E1 22 50 46 50 46 50 46 28 23 20 4E 30 75 00 00
2025-11-08T03:09:16.874402,66.477,can0  204  [16]  E1 22 50 46 50 46 50 46 28 23 20 4E 30 75 00 00
2025-11-08T03:09:16.948962,66.551,can0  204  [16]  E1 22 50 46 50 46 50 46 28 23 20 4E 30 75 00 00
2025-11-08T03:09:16.979804,66.582,can0  206  [16]  A3 0C DE 07 9B 0C DA DC F4 07 C3 0C A3 0C 00 00
2025-11-08T03:09:16.986117,66.588,can0  041  [04]  3F 01 00 00
2025-11-08T03:09:17.005241,66.608,can0  204  [16]  E1 22 50 46 50 46 50 46 28 23 20 4E 30 75 00 00
2025-11-08T03:09:17.062893,66.665,can0  204  [16]  E1 22 50 46 50 46 50 46 28 23 20 4E 30 75 00 00
2025-11-08T03:09:17.121833,66.724,can0  204  [16]  E1 22 50 46 50 46 50 46 28 23 20 4E 30 75 00 00
2025-11-08T03:09:17.122424,66.725,can0  206  [16]  A3 0C DC 07 97 0C 99 C6 FC 07 BF 0C A7 0C 00 00
2025-11-08T03:09:17.180167,66.782,can0  204  [16]  E1 22 50 46 50 46 50 46 28 23 20 4E 30 75 00 00
2025-11-08T03:09:17.236428,66.839,can0  204  [16]  E1 22 50 46 50 46 50 46 28 23 20 4E 30 75 00 00
2025-11-08T03:09:17.245401,66.848,can0  041  [04]  8B 00 00 00
2025-11-08T03:09:17.282732,66.885,can0  206  [16]  A7 0C DE 07 9F 0C DA DC F6 07 BF 0C 9F 0C 00 00
2025-11-08T03:09:17.293110,66.895,can0  204  [16]  E1 22 50 46 50 46 50 46 28 23 20 4E 30 75 00 00
2025-11-08T03:09:17.367144,66.969,can0  204  [16]  E1 22 50 46 50 46 50 46 28 23 20 4E 30 75 00 00
2025-11-08T03:09:17.408082,67.010,can0  204  [16]  E1 22 50 46 50 46 50 46 28 23 20 4E 30 75 00 00
2025-11-08T03:09:17.450786,67.053,can0  206  [16]  9B 0C DE 07 9F 0C 99 C6 F2 07 C3 0C A7 0C 00 00
2025-11-08T03:09:17.468575,67.071,can0  204  [16]  E1 22 50 46 50 46 50 46 28 23 20 4E 30 75 00 00
2025-11-08T03:09:17.512180,67.114,can0  041  [04]  8B 00 00 00
2025-11-08T03:09:17.525745,67.128,can0  204  [16]  E1 22 50 46 50 46 50 46 28 23 20 4E 30 75 00 00
2025-11-08T03:09:17.582459,67.185,can0  204  [16]  E1 22 50 46 50 46 50 46 28 23 20 4E 30 75 00 00
2025-11-08T03:09:17.614690,67.217,can0  206  [16]  9F 0C DC 07 9F 0C C5 E1 EF 07 C7 0C A7 0C 00 00
2025-11-08T03:09:17.639654,67.242,can0  204  [16]  E1 22 50 46 50 46 50 46 28 23 20 4E 30 75 00 00
2025-11-08T03:09:17.709583,67.312,can0  204  [16]  E1 22 50 46 50 46 50 46 28 23 20 4E 30 75 00 00
2025-11-08T03:09:17.760591,67.363,can0  204  [16]  E1 22 50 46 50 46 50 46 28 23 20 4E 30 75 00 00
2025-11-08T03:09:17.781142,67.383,can0  206  [16]  A3 0C DE 07 97 0C DA DC F4 07 CF 0C A7 0C 00 00
2025-11-08T03:09:17.781209,67.383,can0  041  [04]  8B 00 00 00
2025-11-08T03:09:17.811005,67.413,can0  204  [16]  E1 22 50 46 50 46 50 46 28 23 20 4E 30 75 00 00
2025-11-08T03:09:17.878096,67.480,can0  204  [16]  E1 22 50 46 50 46 50 46 28 23 20 4E 30 75 00 00
2025-11-08T03:09:17.940181,67.542,can0  204  [16]  E1 22 50 46 50 46 50 46 28 23 20 4E 30 75 00 00
2025-11-08T03:09:17.940245,67.543,can0  206  [16]  97 0C DE 07 9B 0C DA DC EF 07 BB 0C AF 0C 00 00
2025-11-08T03:09:18.002656,67.605,can0  204  [16]  E1 22 50 46 50 46 50 46 28 23 20 4E 30 75 00 00
2025-11-08T03:09:18.049178,67.651,can0  041  [04]  B5 00 00 00
2025-11-08T03:09:18.077483,67.680,can0  204  [16]  E1 22 50 46 50 46 50 46 28 23 20 4E 30 75 00 00
2025-11-08T03:09:18.106443,67.709,can0  206  [16]  A3 0C DE 07 9F 0C C5 E1 ED 07 C3 0C A3 0C 00 00
2025-11-08T03:09:18.119268,67.722,can0  204  [16]  E1 22 50 46 50 46 50 46 28 23 20 4E 30 75 00 00
2025-11-08T03:09:18.190819,67.793,can0  204  [16]  E1 22 50 46 50 46 50 46 28 23 20 4E 30 75 00 00
2025-11-08T03:09:18.232686,67.835,can0  204  [16]  E1 22 50 46 50 46 50 46 28 23 20 4E 30 75 00 00
2025-11-08T03:09:18.292245,67.895,can0  206  [16]  A7 0C DC 07 9B 0C 99 C6 EF 07 C3 0C A3 0C 00 00
2025-11-08T03:09:18.292313,67.895,can0  204  [16]  E1 22 50 46 50 46 50 46 28 23 20 4E 30 75 00 00
2025-11-08T03:09:18.323357,67.926,can0  041  [04]  8B 00 00 00
2025-11-08T03:09:18.350192,67.952,can0  204  [16]  E1 22 50 46 50 46 50 46 28 23 20 4E 30 75 00 00
2025-11-08T03:09:18.415504,68.018,can0  204  [16]  E1 22 50 46 50 46 50 46 28 23 20 4E 30 75 00 00
2025-11-08T03:09:18.437856,68.040,can0  206  [16]  97 0C DC 07 A3 0C B1 E0 EF 07 C3 0C A7 0C 00 00
2025-11-08T03:09:18.475743,68.078,can0  204  [16]  E1 22 50 46 50 46 50 46 28 23 20 4E 30 75 00 00
2025-11-08T03:09:18.521927,68.124,can0  204  [16]  E1 22 50 46 50 46 50 46 28 23 20 4E 30 75 00 00
2025-11-08T03:09:18.583917,68.186,can0  204  [16]  E1 22 50 46 50 46 50 46 28 23 20 4E 30 75 00 00
2025-11-08T03:09:18.583982,68.186,can0  041  [04]  8B 00 00 00
2025-11-08T03:09:18.605804,68.208,can0  206  [16]  9B 0C DC 07 9B 0C 99 C6 F2 07 C7 0C AB 0C 00 00
2025-11-08T03:09:18.636673,68.239,can0  204  [16]  E1 22 50 46 50 46 50 46 28 23 20 4E 30 75 00 00
2025-11-08T03:09:18.700387,68.303,can0  204  [16]  E1 22 50 46 50 46 50 46 28 23 20 4E 30 75 00 00
2025-11-08T03:09:18.755642,68.358,can0  204  [16]  E1 22 50 46 50 46 50 46 28 23 20 4E 30 75 00 00
2025-11-08T03:09:18.790805,68.393,can0  206  [16]  A3 0C DE 07 9B 0C 3A DF F2 07 B7 0C A3 0C 00 00
2025-11-08T03:09:18.821746,68.424,can0  204  [16]  E1 22 50 46 50 46 50 46 28 23 20 4E 30 75 00 00
2025-11-08T03:09:18.848475,68.451,can0  041  [04]  8B 00 00 00
2025-11-08T03:09:18.866499,68.469,can0  204  [16]  E1 22 50 46 50 46 50 46 28 23 20 4E 30 75 00 00
2025-11-08T03:09:19.038921,68.641,can0  206  [16]  7B 0C DE 07 9B 0C 99 C6 EF 07 C3 0C CF 0C 00 00
2025-11-08T03:09:19.039510,68.642,can0  204  [16]  E1 22 50 46 50 46 50 46 28 23 20 4E 30 75 00 00
2025-11-08T03:09:19.039557,68.642,can0  204  [16]  E1 22 50 46 50 46 50 46 28 23 20 4E 30 75 00 00
2025-11-08T03:09:19.062542,68.665,can0  204  [16]  E1 22 50 46 50 46 50 46 28 23 20 4E 30 75 00 00
2025-11-08T03:09:19.105141,68.707,can0  206  [16]  9F 0C D6 07 9F 0C 99 C6 ED 07 C3 0C A3 0C 00 00
2025-11-08T03:09:19.110841,68.713,can0  041  [04]  8B 00 00 00
2025-11-08T03:09:19.110906,68.713,can0  204  [16]  E1 22 50 46 50 46 50 46 28 23 20 4E 30 75 00 00
2025-11-08T03:09:19.433914,69.036,can0  204  [16]  E1 22 50 46 50 46 50 46 28 23 20 4E 30 75 00 00
2025-11-08T03:09:19.433987,69.036,can0  204  [16]  E1 22 50 46 50 46 50 46 28 23 20 4E 30 75 00 00
2025-11-08T03:09:19.434008,69.036,can0  206  [16]  A3 0C DC 07 9F 0C 99 C6 EF 07 BF 0C A3 0C 00 00
2025-11-08T03:09:19.434026,69.036,can0  204  [16]  E1 22 50 46 50 46 50 46 28 23 20 4E 30 75 00 00
2025-11-08T03:09:19.452659,69.055,can0  204  [16]  E1 22 50 46 50 46 50 46 28 23 20 4E 30 75 00 00
2025-11-08T03:09:19.452719,69.055,can0  041  [04]  3F 01 00 00
2025-11-08T03:09:19.524295,69.127,can0  204  [16]  E1 22 50 46 50 46 50 46 28 23 20 4E 30 75 00 00
2025-11-08T03:09:19.524364,69.127,can0  206  [16]  A7 0C DC 07 9B 0C DA DC EF 07 B7 0C A7 0C 00 00
2025-11-08T03:09:19.524505,69.127,can0  204  [16]  E1 22 50 46 50 46 50 46 28 23 20 4E 30 75 00 00
2025-11-08T03:09:19.829284,69.432,can0  204  [16]  E1 22 50 46 50 46 50 46 28 23 20 4E 30 75 00 00
2025-11-08T03:09:19.829350,69.432,can0  204  [16]  E1 22 50 46 50 46 50 46 28 23 20 4E 30 75 00 00
2025-11-08T03:09:19.829371,69.432,can0  206  [16]  9F 0C D3 07 9F 0C 3A DF ED 07 BF 0C A3 0C 00 00
2025-11-08T03:09:19.829398,69.432,can0  204  [16]  E1 22 50 46 50 46 50 46 28 23 20 4E 30 75 00 00
2025-11-08T03:09:19.829416,69.432,can0  041  [04]  3F 01 00 00
2025-11-08T03:09:19.829433,69.432,can0  204  [16]  E1 22 50 46 50 46 50 46 28 23 20 4E 30 75 00 00
2025-11-08T03:09:19.829450,69.432,can0  204  [16]  E1 22 50 46 50 46 50 46 28 23 20 4E 30 75 00 00
2025-11-08T03:09:19.829467,69.432,can0  206  [16]  9F 0C DE 07 9B 0C B1 E0 F4 07 CF 0C A7 0C 00 00
2025-11-08T03:09:19.829484,69.432,can0  204  [16]  E1 22 50 46 50 46 50 46 28 23 20 4E 30 75 00 00
2025-11-08T03:09:19.880885,69.483,can0  204  [16]  E1 22 50 46 50 46 50 46 28 23 20 4E 30 75 00 00
2025-11-08T03:09:19.922393,69.525,can0  041  [04]  52 01 02 00
2025-11-08T03:09:19.923854,69.526,can0  206  [16]  9F 0C D8 07 97 0C 99 C6 EF 07 C3 0C AB 0C 00 00
2025-11-08T03:09:19.936874,69.539,can0  204  [16]  E1 22 50 46 50 46 50 46 28 23 20 4E 30 75 00 00
2025-11-08T03:09:20.050950,69.653,can0  204  [16]  E1 22 50 46 50 46 50 46 28 23 20 4E 30 75 00 00
2025-11-08T03:09:20.066347,69.669,can0  204  [16]  E1 22 50 46 50 46 50 46 28 23 20 4E 30 75 00 00
2025-11-08T03:09:20.093880,69.696,can0  206  [16]  A7 0C DE 07 93 0C B1 E0 F4 07 D7 0C A3 0C 00 00
2025-11-08T03:09:20.142639,69.745,can0  204  [16]  E1 22 50 46 50 46 50 46 28 23 20 4E 30 75 00 00
2025-11-08T03:09:20.193923,69.796,can0  204  [16]  E1 22 50 46 50 46 50 46 28 23 20 4E 30 75 00 00
2025-11-08T03:09:20.296355,69.899,can0  041  [04]  52 01 02 00
2025-11-08T03:09:20.296424,69.899,can0  204  [16]  E1 22 50 46 50 46 50 46 28 23 20 4E 30 75 00 00
2025-11-08T03:09:20.296445,69.899,can0  206  [16]  A7 0C DE 07 9B 0C C5 E1 F2 07 BB 0C A7 0C 00 00
2025-11-08T03:09:20.296463,69.899,can0  204  [16]  E1 22 50 46 50 46 50 46 28 23 20 4E 30 75 00 00
2025-11-08T03:09:20.339638,69.942,can0  204  [16]  E1 22 50 46 50 46 50 46 28 23 20 4E 30 75 00 00
2025-11-08T03:09:20.404534,70.007,can0  204  [16]  E1 22 50 46 50 46 50 46 28 23 20 4E 30 75 00 00
2025-11-08T03:09:20.449409,70.052,can0  206  [16]  A7 0C DC 07 9F 0C 3A DF F2 07 BF 0C 9F 0C 00 00
2025-11-08T03:09:20.449475,70.052,can0  041  [04]  3F 01 00 00
2025-11-08T03:09:20.473365,70.076,can0  204  [16]  E1 22 50 46 50 46 50 46 28 23 20 4E 30 75 00 00
2025-11-08T03:09:20.529216,70.131,can0  204  [16]  E1 22 50 46 50 46 50 46 28 23 20 4E 30 75 00 00
2025-11-08T03:09:20.673853,70.276,can0  204  [16]  E1 22 50 46 50 46 50 46 28 23 20 4E 30 75 00 00
2025-11-08T03:09:20.673921,70.276,can0  206  [16]  A7 0C DA 07 9F 0C DA DC ED 07 DF 0C 9F 0C 00 00
2025-11-08T03:09:20.673942,70.276,can0  204  [16]  E1 22 50 46 50 46 50 46 28 23 20 4E 30 75 00 00
2025-11-08T03:09:20.684681,70.287,can0  204  [16]  E1 22 50 46 50 46 50 46 28 23 20 4E 30 75 00 00
2025-11-08T03:09:20.731641,70.334,can0  041  [04]  3F 01 00 00
2025-11-08T03:09:20.883118,70.485,can0  204  [16]  E1 22 50 46 50 46 50 46 28 23 20 4E 30 75 00 00
2025-11-08T03:09:20.883197,70.485,can0  206  [16]  A7 0C DA 07 9F 0C 3A DF ED 07 BF 0C A3 0C 00 00
2025-11-08T03:09:20.883486,70.486,can0  204  [16]  E1 22 50 46 50 46 50 46 28 23 20 4E 30 75 00 00
2025-11-08T03:09:20.883515,70.486,can0  204  [16]  E1 22 50 46 50 46 50 46 28 23 20 4E 30 75 00 00
2025-11-08T03:09:20.937910,70.540,can0  204  [16]  E1 22 50 46 50 46 50 46 28 23 20 4E 30 75 00 00
2025-11-08T03:09:20.937974,70.540,can0  206  [16]  9F 0C DA 07 8F 0C B1 E0 EF 07 C7 0C AB 0C 00 00
2025-11-08T03:09:21.002503,70.605,can0  041  [04]  3F 01 00 00
2025-11-08T03:09:21.002571,70.605,can0  204  [16]  E1 22 50 46 50 46 50 46 28 23 20 4E 30 75 00 00
2025-11-08T03:09:21.048087,70.650,can0  204  [16]  E1 22 50 46 50 46 50 46 28 23 20 4E 30 75 00 00
2025-11-08T03:09:21.088731,70.691,can0  206  [16]  A7 0C DA 07 93 0C 99 C6 F2 07 BB 0C AB 0C 00 00
2025-11-08T03:09:21.106183,70.708,can0  204  [16]  E1 22 50 46 50 46 50 46 28 23 20 4E 30 75 00 00
2025-11-08T03:09:21.161142,70.763,can0  204  [16]  E1 22 50 46 50 46 50 46 28 23 20 4E 30 75 00 00
2025-11-08T03:09:21.220718,70.823,can0  204  [16]  E1 22 50 46 50 46 50 46 28 23 20 4E 30 75 00 00
2025-11-08T03:09:21.239754,70.842,can0  041  [04]  3F 01 00 00
2025-11-08T03:09:21.253121,70.855,can0  206  [16]  97 0C E0 07 93 0C 99 C6 F6 07 C3 0C B7 0C 00 00
2025-11-08T03:09:21.291476,70.894,can0  204  [16]  E1 22 50 46 50 46 50 46 28 23 20 4E 30 75 00 00
2025-11-08T03:09:21.342148,70.944,can0  204  [16]  E1 22 50 46 50 46 50 46 28 23 20 4E 30 75 00 00
2025-11-08T03:09:21.396444,70.999,can0  204  [16]  E1 22 50 46 50 46 50 46 28 23 20 4E 30 75 00 00
2025-11-08T03:09:21.425047,71.027,can0  206  [16]  9F 0C D6 07 A3 0C DA DC F8 07 BB 0C A7 0C 00 00
2025-11-08T03:09:21.463152,71.065,can0  204  [16]  E1 22 50 46 50 46 50 46 28 23 20 4E 30 75 00 00
2025-11-08T03:09:21.506251,71.109,can0  204  [16]  E1 22 50 46 50 46 50 46 28 23 20 4E 30 75 00 00
2025-11-08T03:09:21.510819,71.113,can0  041  [04]  02 00 00 00
2025-11-08T03:09:21.570719,71.173,can0  204  [16]  E1 22 50 46 50 46 50 46 28 23 20 4E 30 75 00 00
2025-11-08T03:09:21.591437,71.194,can0  206  [16]  A3 0C DC 07 9B 0C DA DC ED 07 C7 0C A3 0C 00 00
2025-11-08T03:09:21.630210,71.232,can0  204  [16]  E1 22 50 46 50 46 50 46 28 23 20 4E 30 75 00 00
2025-11-08T03:09:21.679203,71.281,can0  204  [16]  E1 22 50 46 50 46 50 46 28 23 20 4E 30 75 00 00
2025-11-08T03:09:21.758555,71.361,can0  204  [16]  E1 22 50 46 50 46 50 46 28 23 20 4E 30 75 00 00
2025-11-08T03:09:21.758916,71.361,can0  206  [16]  97 0C DC 07 9B 0C 99 C6 F2 07 CB 0C AF 0C 00 00
2025-11-08T03:09:21.771771,71.374,can0  041  [04]  02 00 00 00
2025-11-08T03:09:21.795454,71.398,can0  204  [16]  E1 22 50 46 50 46 50 46 28 23 20 4E 30 75 00 00
2025-11-08T03:09:21.877539,71.480,can0  204  [16]  E1 22 50 46 50 46 50 46 28 23 20 4E 30 75 00 00
2025-11-08T03:09:21.908968,71.511,can0  204  [16]  E1 22 50 46 50 46 50 46 28 23 20 4E 30 75 00 00
2025-11-08T03:09:21.920455,71.523,can0  206  [16]  C7 0C DE 07 9F 0C 99 C6 E3 07 C3 0C 7F 0C 00 00
2025-11-08T03:09:21.988428,71.591,can0  204  [16]  E1 22 50 46 50 46 50 46 28 23 20 4E 30 75 00 00
2025-11-08T03:09:22.049767,71.652,can0  041  [04]  02 00 02 00
2025-11-08T03:09:22.061671,71.664,can0  204  [16]  E1 22 50 46 50 46 50 46 28 23 20 4E 30 75 00 00
2025-11-08T03:09:22.077592,71.680,can0  206  [16]  9B 0C DA 07 9B 0C DA DC F2 07 BF 0C AB 0C 00 00
2025-11-08T03:09:22.113968,71.716,can0  204  [16]  E1 22 50 46 50 46 50 46 28 23 20 4E 30 75 00 00
2025-11-08T03:09:22.172631,71.775,can0  204  [16]  E1 22 50 46 50 46 50 46 28 23 20 4E 30 75 00 00
2025-11-08T03:09:22.214919,71.817,can0  204  [16]  E1 22 50 46 50 46 50 46 28 23 20 4E 30 75 00 00
2025-11-08T03:09:22.284885,71.887,can0  206  [16]  9B 0C DE 07 9B 0C DA DC F2 07 CB 0C A7 0C 00 00
2025-11-08T03:09:22.284952,71.887,can0  204  [16]  E1 22 50 46 50 46 50 46 28 23 20 4E 30 75 00 00
2025-11-08T03:09:22.316773,71.919,can0  041  [04]  3F 01 00 00
2025-11-08T03:09:22.329102,71.931,can0  204  [16]  E1 22 50 46 50 46 50 46 28 23 20 4E 30 75 00 00
2025-11-08T03:09:22.387543,71.990,can0  204  [16]  E1 22 50 46 50 46 50 46 28 23 20 4E 30 75 00 00
2025-11-08T03:09:22.417024,72.019,can0  206  [16]  A7 0C DC 07 9F 0C DA DC F4 07 BF 0C 9F 0C 00 00
2025-11-08T03:09:22.449939,72.052,can0  204  [16]  E1 22 50 46 50 46 50 46 28 23 20 4E 30 75 00 00
2025-11-08T03:09:22.503291,72.106,can0  204  [16]  E1 22 50 46 50 46 50 46 28 23 20 4E 30 75 00 00
2025-11-08T03:09:22.571803,72.174,can0  204  [16]  E1 22 50 46 50 46 50 46 28 23 20 4E 30 75 00 00
2025-11-08T03:09:22.571869,72.174,can0  041  [04]  10 01 00 00
2025-11-08T03:09:22.591433,72.194,can0  206  [16]  9B 0C DC 07 97 0C DA DC EB 07 CB 0C AB 0C 00 00
2025-11-08T03:09:22.621338,72.224,can0  204  [16]  E1 22 50 46 50 46 50 46 28 23 20 4E 30 75 00 00
2025-11-08T03:09:22.693954,72.296,can0  204  [16]  E1 22 50 46 50 46 50 46 28 23 20 4E 30 75 00 00
2025-11-08T03:09:22.733669,72.336,can0  204  [16]  E1 22 50 46 50 46 50 46 28 23 20 4E 30 75 00 00
2025-11-08T03:09:22.739063,72.341,can0  206  [16]  97 0C DC 07 A3 0C DA DC F2 07 BF 0C AB 0C 00 00
2025-11-08T03:09:22.791636,72.394,can0  204  [16]  E1 22 50 46 50 46 50 46 28 23 20 4E 30 75 00 00
2025-11-08T03:09:22.837093,72.439,can0  041  [04]  10 01 00 00
2025-11-08T03:09:22.847303,72.450,can0  204  [16]  E1 22 50 46 50 46 50 46 28 23 20 4E 30 75 00 00
2025-11-08T03:09:22.907303,72.510,can0  204  [16]  E1 22 50 46 50 46 50 46 28 23 20 4E 30 75 00 00
2025-11-08T03:09:22.915390,72.518,can0  206  [16]  9B 0C E3 07 9F 0C 3A DF EF 07 BB 0C A7 0C 00 00
2025-11-08T03:09:22.995906,72.598,can0  204  [16]  E1 22 50 46 50 46 50 46 28 23 20 4E 30 75 00 00
2025-11-08T03:09:23.040818,72.643,can0  204  [16]  E1 22 50 46 50 46 50 46 28 23 20 4E 30 75 00 00
2025-11-08T03:09:23.087157,72.689,can0  206  [16]  97 0C DC 07 9B 0C 3A DF F4 07 C3 0C AF 0C 00 00
2025-11-08T03:09:23.104731,72.707,can0  204  [16]  E1 22 50 46 50 46 50 46 28 23 20 4E 30 75 00 00
2025-11-08T03:09:23.104786,72.707,can0  041  [04]  3F 01 00 00
2025-11-08T03:09:23.157666,72.760,can0  204  [16]  E1 22 50 46 50 46 50 46 28 23 20 4E 30 75 00 00
2025-11-08T03:09:23.214179,72.816,can0  204  [16]  E1 22 50 46 50 46 50 46 28 23 20 4E 30 75 00 00
2025-11-08T03:09:23.238338,72.841,can0  206  [16]  A3 0C DC 07 93 0C C5 E1 F6 07 CF 0C A3 0C 00 00
2025-11-08T03:09:23.316302,72.919,can0  204  [16]  E1 22 50 46 50 46 50 46 28 23 20 4E 30 75 00 00
2025-11-08T03:09:23.335002,72.937,can0  204  [16]  E1 22 50 46 50 46 50 46 28 23 20 4E 30 75 00 00
2025-11-08T03:09:23.370821,72.973,can0  041  [04]  3F 01 00 00
2025-11-08T03:09:23.393308,72.996,can0  204  [16]  E1 22 50 46 50 46 50 46 28 23 20 4E 30 75 00 00
2025-11-08T03:09:23.406342,73.009,can0  206  [16]  9B 0C DA 07 9B 0C 99 C6 F2 07 C3 0C AF 0C 00 00
2025-11-08T03:09:23.442225,73.044,can0  204  [16]  E1 22 50 46 50 46 50 46 28 23 20 4E 30 75 00 00
2025-11-08T03:09:23.499593,73.102,can0  204  [16]  E1 22 50 46 50 46 50 46 28 23 20 4E 30 75 00 00
2025-11-08T03:09:23.558821,73.161,can0  204  [16]  E1 22 50 46 50 46 50 46 28 23 20 4E 30 75 00 00
2025-11-08T03:09:23.571569,73.174,can0  206  [16]  A3 0C DE 07 97 0C 99 C6 EF 07 C3 0C AB 0C 00 00
2025-11-08T03:09:23.632733,73.235,can0  204  [16]  E1 22 50 46 50 46 50 46 28 23 20 4E 30 75 00 00
2025-11-08T03:09:23.639387,73.242,can0  041  [04]  02 00 00 00
2025-11-08T03:09:23.713639,73.316,can0  204  [16]  E1 22 50 46 50 46 50 46 28 23 20 4E 30 75 00 00
2025-11-08T03:09:23.729170,73.331,can0  204  [16]  E1 22 50 46 50 46 50 46 28 23 20 4E 30 75 00 00
2025-11-08T03:09:23.734572,73.337,can0  206  [16]  A3 0C DC 07 A3 0C 3A DF F4 07 BB 0C A3 0C 00 00
2025-11-08T03:09:23.813236,73.416,can0  204  [16]  E1 22 50 46 50 46 50 46 28 23 20 4E 30 75 00 00
2025-11-08T03:09:23.846825,73.449,can0  204  [16]  E1 22 50 46 50 46 50 46 28 23 20 4E 30 75 00 00
2025-11-08T03:09:23.901547,73.504,can0  206  [16]  AB 0C DC 07 9B 0C C5 E1 F2 07 BF 0C 9F 0C 00 00
2025-11-08T03:09:23.916043,73.518,can0  041  [04]  02 00 00 00
2025-11-08T03:09:23.926342,73.529,can0  204  [16]  E1 22 50 46 50 46 50 46 28 23 20 4E 30 75 00 00
2025-11-08T03:09:23.981768,73.584,can0  204  [16]  E1 22 50 46 50 46 50 46 28 23 20 4E 30 75 00 00
2025-11-08T03:09:24.042298,73.645,can0  204  [16]  E1 22 50 46 50 46 50 46 28 23 20 4E 30 75 00 00
2025-11-08T03:09:24.064205,73.666,can0  206  [16]  A3 0C DC 07 9F 0C 3A DF ED 07 C3 0C A3 0C 00 00
2025-11-08T03:09:24.129317,73.732,can0  204  [16]  E1 22 50 46 50 46 50 46 28 23 20 4E 30 75 00 00
2025-11-08T03:09:24.160125,73.762,can0  204  [16]  E1 22 50 46 50 46 50 46 28 23 20 4E 30 75 00 00
2025-11-08T03:09:24.171495,73.774,can0  041  [04]  3F 01 00 00
2025-11-08T03:09:24.211675,73.814,can0  204  [16]  E1 22 50 46 50 46 50 46 28 23 20 4E 30 75 00 00
2025-11-08T03:09:24.233746,73.836,can0  206  [16]  9F 0C E0 07 97 0C DA DC F4 07 C3 0C AB 0C 00 00
2025-11-08T03:09:24.265277,73.868,can0  204  [16]  E1 22 50 46 50 46 50 46 28 23 20 4E 30 75 00 00
2025-11-08T03:09:24.328295,73.931,can0  204  [16]  E1 22 50 46 50 46 50 46 28 23 20 4E 30 75 00 00
2025-11-08T03:09:24.389342,73.992,can0  204  [16]  E1 22 50 46 50 46 50 46 28 23 20 4E 30 75 00 00
2025-11-08T03:09:24.405096,74.007,can0  206  [16]  9F 0C E0 07 9B 0C DA DC F6 07 C3 0C A7 0C 00 00
2025-11-08T03:09:24.436522,74.039,can0  041  [04]  3F 01 00 00
2025-11-08T03:09:24.437047,74.039,can0  204  [16]  E1 22 50 46 50 46 50 46 28 23 20 4E 30 75 00 00
2025-11-08T03:09:24.499024,74.101,can0  204  [16]  E1 22 50 46 50 46 50 46 28 23 20 4E 30 75 00 00
2025-11-08T03:09:24.560408,74.163,can0  204  [16]  E1 22 50 46 50 46 50 46 28 23 20 4E 30 75 00 00
2025-11-08T03:09:24.571190,74.173,can0  206  [16]  BF 0C DE 07 93 0C 99 C6 F4 07 CF 0C 8F 0C 00 00
2025-11-08T03:09:24.622812,74.225,can0  204  [16]  E1 22 50 46 50 46 50 46 28 23 20 4E 30 75 00 00
2025-11-08T03:09:24.673101,74.275,can0  204  [16]  E1 22 50 46 50 46 50 46 28 23 20 4E 30 75 00 00
2025-11-08T03:09:24.706174,74.308,can0  041  [04]  3F 01 00 00
2025-11-08T03:09:24.726585,74.329,can0  204  [16]  E1 22 50 46 50 46 50 46 28 23 20 4E 30 75 00 00
2025-11-08T03:09:24.729281,74.332,can0  206  [16]  97 0C DC 07 A3 0C 99 C6 F6 07 CB 0C A7 0C 00 00
2025-11-08T03:09:24.783014,74.385,can0  204  [16]  E1 22 50 46 50 46 50 46 28 23 20 4E 30 75 00 00
2025-11-08T03:09:24.843591,74.446,can0  204  [16]  E1 22 50 46 50 46 50 46 28 23 20 4E 30 75 00 00
2025-11-08T03:09:24.889497,74.492,can0  206  [16]  97 0C DE 07 9F 0C DA DC F2 07 AF 0C AF 0C 00 00
2025-11-08T03:09:24.899134,74.501,can0  204  [16]  E1 22 50 46 50 46 50 46 28 23 20 4E 30 75 00 00
2025-11-08T03:09:24.966912,74.569,can0  041  [04]  52 01 02 00
2025-11-08T03:09:24.973657,74.576,can0  204  [16]  E1 22 50 46 50 46 50 46 28 23 20 4E 30 75 00 00
2025-11-08T03:09:25.031046,74.633,can0  204  [16]  E1 22 50 46 50 46 50 46 28 23 20 4E 30 75 00 00
2025-11-08T03:09:25.057474,74.660,can0  206  [16]  A3 0C DE 07 9F 0C B1 E0 F6 07 C3 0C A3 0C 00 00
2025-11-08T03:09:25.088571,74.691,can0  204  [16]  E1 22 50 46 50 46 50 46 28 23 20 4E 30 75 00 00
2025-11-08T03:09:25.152860,74.755,can0  204  [16]  E1 22 50 46 50 46 50 46 28 23 20 4E 30 75 00 00
2025-11-08T03:09:25.206395,74.809,can0  204  [16]  E1 22 50 46 50 46 50 46 28 23 20 4E 30 75 00 00
2025-11-08T03:09:25.236913,74.839,can0  206  [16]  A3 0C E0 07 8F 0C B1 E0 F2 07 CB 0C A3 0C 00 00
2025-11-08T03:09:25.246386,74.849,can0  041  [04]  02 00 02 00
2025-11-08T03:09:25.268585,74.871,can0  204  [16]  E1 22 50 46 50 46 50 46 28 23 20 4E 30 75 00 00
2025-11-08T03:09:25.336114,74.938,can0  204  [16]  E1 22 50 46 50 46 50 46 28 23 20 4E 30 75 00 00
2025-11-08T03:09:25.376155,74.978,can0  204  [16]  E1 22 50 46 50 46 50 46 28 23 20 4E 30 75 00 00
2025-11-08T03:09:25.396932,74.999,can0  206  [16]  A7 0C DC 07 9F 0C 3A DF F2 07 CB 0C 9B 0C 00 00
2025-11-08T03:09:25.440915,75.043,can0  204  [16]  E1 22 50 46 50 46 50 46 28 23 20 4E 30 75 00 00
2025-11-08T03:09:25.492030,75.094,can0  204  [16]  E1 22 50 46 50 46 50 46 28 23 20 4E 30 75 00 00
2025-11-08T03:09:25.500708,75.103,can0  041  [04]  5A 01 02 00
2025-11-08T03:09:25.559714,75.162,can0  204  [16]  E1 22 50 46 50 46 50 46 28 23 20 4E 30 75 00 00
2025-11-08T03:09:25.569393,75.172,can0  206  [16]  A7 0C DE 07 8F 0C DA DC F6 07 BB 0C A7 0C 00 00
2025-11-08T03:09:25.606854,75.209,can0  204  [16]  E1 22 50 46 50 46 50 46 28 23 20 4E 30 75 00 00
2025-11-08T03:09:25.664337,75.267,can0  204  [16]  E1 22 50 46 50 46 50 46 28 23 20 4E 30 75 00 00
2025-11-08T03:09:25.721792,75.324,can0  204  [16]  E1 22 50 46 50 46 50 46 28 23 20 4E 30 75 00 00
2025-11-08T03:09:25.729916,75.332,can0  206  [16]  9F 0C DE 07 9B 0C 99 C6 EF 07 C3 0C A7 0C 00 00
2025-11-08T03:09:25.766243,75.369,can0  041  [04]  02 00 02 00
2025-11-08T03:09:25.779262,75.382,can0  204  [16]  E1 22 50 46 50 46 50 46 28 23 20 4E 30 75 00 00
2025-11-08T03:09:25.861185,75.463,can0  204  [16]  E1 22 50 46 50 46 50 46 28 23 20 4E 30 75 00 00
2025-11-08T03:09:25.900761,75.503,can0  204  [16]  E1 22 50 46 50 46 50 46 28 23 20 4E 30 75 00 00
2025-11-08T03:09:25.901793,75.504,can0  206  [16]  63 0C DE 07 93 0C 3A DF EF 07 C7 0C EC 0C 00 00
2025-11-08T03:09:25.970055,75.572,can0  204  [16]  E1 22 50 46 50 46 50 46 28 23 20 4E 30 75 00 00
2025-11-08T03:09:26.055964,75.658,can0  204  [16]  E1 22 50 46 50 46 50 46 28 23 20 4E 30 75 00 00
2025-11-08T03:09:26.056263,75.659,can0  041  [04]  02 00 02 00
2025-11-08T03:09:26.056355,75.659,can0  206  [16]  B7 0C E9 07 9B 0C 3A DF F4 07 C3 0C 93 0C 00 00
2025-11-08T03:09:26.105493,75.708,can0  204  [16]  E1 22 50 46 50 46 50 46 28 23 20 4E 30 75 00 00
2025-11-08T03:09:26.161990,75.764,can0  204  [16]  E1 22 50 46 50 46 50 46 28 23 20 4E 30 75 00 00
2025-11-08T03:09:26.202593,75.805,can0  204  [16]  E1 22 50 46 50 46 50 46 28 23 20 4E 30 75 00 00
2025-11-08T03:09:26.221384,75.824,can0  206  [16]  9F 0C D8 07 9B 0C DA DC F2 07 C7 0C A7 0C 00 00
2025-11-08T03:09:26.261453,75.864,can0  204  [16]  E1 22 50 46 50 46 50 46 28 23 20 4E 30 75 00 00
2025-11-08T03:09:26.312079,75.914,can0  041  [04]  52 01 02 00
2025-11-08T03:09:26.315612,75.918,can0  204  [16]  E1 22 50 46 50 46 50 46 28 23 20 4E 30 75 00 00
2025-11-08T03:09:26.379052,75.981,can0  204  [16]  E1 22 50 46 50 46 50 46 28 23 20 4E 30 75 00 00
2025-11-08T03:09:26.389399,75.992,can0  206  [16]  A3 0C DE 07 97 0C DA DC F2 07 63 0C A3 0C 00 00
2025-11-08T03:09:26.434784,76.037,can0  204  [16]  E1 22 50 46 50 46 50 46 28 23 20 4E 30 75 00 00
2025-11-08T03:09:26.491803,76.094,can0  204  [16]  E1 22 50 46 50 46 50 46 28 23 20 4E 30 75 00 00
2025-11-08T03:09:26.546203,76.148,can0  204  [16]  E1 22 50 46 50 46 50 46 28 23 20 4E 30 75 00 00
2025-11-08T03:09:26.586545,76.189,can0  206  [16]  9B 0C DE 07 9F 0C 99 C6 FA 07 AF 0C AB 0C 00 00
2025-11-08T03:09:26.586603,76.189,can0  041  [04]  02 00 00 00
2025-11-08T03:09:26.605053,76.207,can0  204  [16]  E1 22 50 46 50 46 50 46 28 23 20 4E 30 75 00 00
2025-11-08T03:09:26.689689,76.292,can0  204  [16]  E1 22 50 46 50 46 50 46 28 23 20 4E 30 75 00 00
2025-11-08T03:09:26.720705,76.323,can0  204  [16]  E1 22 50 46 50 46 50 46 28 23 20 4E 30 75 00 00
2025-11-08T03:09:26.721209,76.323,can0  206  [16]  A7 0C DE 07 9B 0C DA DC F6 07 BF 0C A3 0C 00 00
2025-11-08T03:09:26.782887,76.385,can0  204  [16]  E1 22 50 46 50 46 50 46 28 23 20 4E 30 75 00 00
2025-11-08T03:09:26.831161,76.433,can0  041  [04]  3F 01 00 00
2025-11-08T03:09:26.835461,76.438,can0  204  [16]  E1 22 50 46 50 46 50 46 28 23 20 4E 30 75 00 00
2025-11-08T03:09:26.901186,76.503,can0  206  [16]  A3 0C D6 07 9F 0C DA DC F4 07 BF 0C A3 0C 00 00
2025-11-08T03:09:26.901500,76.504,can0  204  [16]  E1 22 50 46 50 46 50 46 28 23 20 4E 30 75 00 00
2025-11-08T03:09:27.001364,76.604,can0  204  [16]  E1 22 50 46 50 46 50 46 28 23 20 4E 30 75 00 00
2025-11-08T03:09:27.034723,76.637,can0  204  [16]  E1 22 50 46 50 46 50 46 28 23 20 4E 30 75 00 00
2025-11-08T03:09:27.049740,76.652,can0  206  [16]  9B 0C DE 07 9B 0C 3A DF F2 07 BF 0C AB 0C 00 00
2025-11-08T03:09:27.081276,76.684,can0  204  [16]  E1 22 50 46 50 46 50 46 28 23 20 4E 30 75 00 00
2025-11-08T03:09:27.098776,76.701,can0  041  [04]  3F 01 00 00
2025-11-08T03:09:27.139358,76.742,can0  204  [16]  E1 22 50 46 50 46 50 46 28 23 20 4E 30 75 00 00
2025-11-08T03:09:27.201008,76.803,can0  204  [16]  E1 22 50 46 50 46 50 46 28 23 20 4E 30 75 00 00
2025-11-08T03:09:27.234008,76.836,can0  206  [16]  AF 0C DE 07 9B 0C 99 C6 F4 07 C3 0C 9B 0C 00 00
2025-11-08T03:09:27.254919,76.857,can0  204  [16]  E1 22 50 46 50 46 50 46 28 23 20 4E 30 75 00 00
2025-11-08T03:09:27.316614,76.919,can0  204  [16]  E1 22 50 46 50 46 50 46 28 23 20 4E 30 75 00 00
2025-11-08T03:09:27.366197,76.968,can0  041  [04]  3F 01 00 00
2025-11-08T03:09:27.372614,76.975,can0  204  [16]  E1 22 50 46 50 46 50 46 28 23 20 4E 30 75 00 00
2025-11-08T03:09:27.401680,77.004,can0  206  [16]  9B 0C DC 07 9F 0C 3A DF ED 07 C7 0C A7 0C 00 00
2025-11-08T03:09:27.437420,77.040,can0  204  [16]  E1 22 50 46 50 46 50 46 28 23 20 4E 30 75 00 00
2025-11-08T03:09:27.487082,77.089,can0  204  [16]  E1 22 50 46 50 46 50 46 28 23 20 4E 30 75 00 00
2025-11-08T03:09:27.543618,77.146,can0  204  [16]  E1 22 50 46 50 46 50 46 28 23 20 4E 30 75 00 00
2025-11-08T03:09:27.545326,77.148,can0  206  [16]  C3 0C DC 07 7F 0C DA DC EF 07 BB 0C A3 0C 00 00
2025-11-08T03:09:27.605636,77.208,can0  204  [16]  E1 22 50 46 50 46 50 46 28 23 20 4E 30 75 00 00
2025-11-08T03:09:27.642133,77.244,can0  041  [04]  02 00 00 00
2025-11-08T03:09:27.660645,77.263,can0  204  [16]  E1 22 50 46 50 46 50 46 28 23 20 4E 30 75 00 00
2025-11-08T03:09:27.720713,77.323,can0  206  [16]  9B 0C DC 07 9B 0C C5 E1 EF 07 C3 0C AB 0C 00 00
2025-11-08T03:09:27.720781,77.323,can0  204  [16]  E1 22 50 46 50 46 50 46 28 23 20 4E 30 75 00 00
2025-11-08T03:09:27.775315,77.378,can0  204  [16]  E1 22 50 46 50 46 50 46 28 23 20 4E 30 75 00 00
2025-11-08T03:09:27.829825,77.432,can0  204  [16]  E1 22 50 46 50 46 50 46 28 23 20 4E 30 75 00 00
2025-11-08T03:09:27.881213,77.483,can0  206  [16]  AF 0C DE 07 8F 0C 3A DF F4 07 CB 0C 9B 0C 00 00
2025-11-08T03:09:27.899970,77.502,can0  204  [16]  E1 22 50 46 50 46 50 46 28 23 20 4E 30 75 00 00
2025-11-08T03:09:27.900286,77.503,can0  041  [04]  52 01 02 00
2025-11-08T03:09:27.962911,77.565,can0  204  [16]  E1 22 50 46 50 46 50 46 28 23 20 4E 30 75 00 00
2025-11-08T03:09:28.020219,77.622,can0  204  [16]  E1 22 50 46 50 46 50 46 28 23 20 4E 30 75 00 00
2025-11-08T03:09:28.055755,77.658,can0  206  [16]  9F 0C E3 07 97 0C 99 C6 F8 07 CB 0C A7 0C 00 00
2025-11-08T03:09:28.085319,77.688,can0  204  [16]  E1 22 50 46 50 46 50 46 28 23 20 4E 30 75 00 00
2025-11-08T03:09:28.138635,77.741,can0  204  [16]  E1 22 50 46 50 46 50 46 28 23 20 4E 30 75 00 00
2025-11-08T03:09:28.163436,77.766,can0  041  [04]  52 01 02 00
2025-11-08T03:09:28.210716,77.813,can0  204  [16]  E1 22 50 46 50 46 50 46 28 23 20 4E 30 75 00 00
2025-11-08T03:09:28.225128,77.827,can0  206  [16]  9F 0C DC 07 9F 0C 3A DF EF 07 BF 0C A3 0C 00 00
2025-11-08T03:09:28.250273,77.853,can0  204  [16]  E1 22 50 46 50 46 50 46 28 23 20 4E 30 75 00 00
2025-11-08T03:09:28.307904,77.910,can0  204  [16]  E1 22 50 46 50 46 50 46 28 23 20 4E 30 75 00 00
2025-11-08T03:09:28.365804,77.968,can0  204  [16]  E1 22 50 46 50 46 50 46 28 23 20 4E 30 75 00 00
2025-11-08T03:09:28.393607,77.996,can0  206  [16]  9F 0C DC 07 A7 0C DA DC EF 07 B3 0C A7 0C 00 00
2025-11-08T03:09:28.427847,78.030,can0  204  [16]  E1 22 50 46 50 46 50 46 28 23 20 4E 30 75 00 00
2025-11-08T03:09:28.428048,78.030,can0  041  [04]  52 01 02 00
2025-11-08T03:09:28.487597,78.090,can0  204  [16]  E1 22 50 46 50 46 50 46 28 23 20 4E 30 75 00 00
2025-11-08T03:09:28.539881,78.142,can0  204  [16]  E1 22 50 46 50 46 50 46 28 23 20 4E 30 75 00 00
2025-11-08T03:09:28.564414,78.167,can0  206  [16]  A3 0C E0 07 97 0C DA DC EF 07 BB 0C A7 0C 00 00
2025-11-08T03:09:28.597449,78.200,can0  204  [16]  E1 22 50 46 50 46 50 46 28 23 20 4E 30 75 00 00
2025-11-08T03:09:28.653761,78.256,can0  204  [16]  E1 22 50 46 50 46 50 46 28 23 20 4E 30 75 00 00
2025-11-08T03:09:28.701464,78.304,can0  041  [04]  3F 01 00 00
2025-11-08T03:09:28.718251,78.321,can0  204  [16]  E1 22 50 46 50 46 50 46 28 23 20 4E 30 75 00 00
2025-11-08T03:09:28.732689,78.335,can0  206  [16]  AB 0C DC 07 8B 0C 99 C6 F6 07 CF 0C A3 0C 00 00
2025-11-08T03:09:28.768618,78.371,can0  204  [16]  E1 22 50 46 50 46 50 46 28 23 20 4E 30 75 00 00
2025-11-08T03:09:28.827254,78.430,can0  204  [16]  E1 22 50 46 50 46 50 46 28 23 20 4E 30 75 00 00
2025-11-08T03:09:28.883837,78.486,can0  204  [16]  E1 22 50 46 50 46 50 46 28 23 20 4E 30 75 00 00
2025-11-08T03:09:28.890086,78.492,can0  206  [16]  9B 0C DE 07 9F 0C DA DC EF 07 BB 0C A7 0C 00 00
2025-11-08T03:09:28.960785,78.563,can0  204  [16]  E1 22 50 46 50 46 50 46 28 23 20 4E 30 75 00 00
2025-11-08T03:09:28.964223,78.566,can0  041  [04]  52 01 02 00
2025-11-08T03:09:29.025852,78.628,can0  204  [16]  E1 22 50 46 50 46 50 46 28 23 20 4E 30 75 00 00
2025-11-08T03:09:29.065234,78.668,can0  206  [16]  9F 0C DC 07 8F 0C 99 C6 EF 07 CB 0C A7 0C 00 00
2025-11-08T03:09:29.076586,78.679,can0  204  [16]  E1 22 50 46 50 46 50 46 28 23 20 4E 30 75 00 00
2025-11-08T03:09:29.133501,78.736,can0  204  [16]  E1 22 50 46 50 46 50 46 28 23 20 4E 30 75 00 00
2025-11-08T03:09:29.189386,78.792,can0  204  [16]  E1 22 50 46 50 46 50 46 28 23 20 4E 30 75 00 00
2025-11-08T03:09:29.231958,78.834,can0  206  [16]  9B 0C DC 07 9F 0C B1 E0 EF 07 BF 0C A7 0C 00 00
2025-11-08T03:09:29.232024,78.834,can0  041  [04]  3F 01 00 00
2025-11-08T03:09:29.246896,78.849,can0  204  [16]  E1 22 50 46 50 46 50 46 28 23 20 4E 30 75 00 00
2025-11-08T03:09:29.306434,78.909,can0  204  [16]  E1 22 50 46 50 46 50 46 28 23 20 4E 30 75 00 00
2025-11-08T03:09:29.364748,78.967,can0  204  [16]  E1 22 50 46 50 46 50 46 28 23 20 4E 30 75 00 00
2025-11-08T03:09:29.396613,78.999,can0  206  [16]  9B 0C DE 07 97 0C DA DC F6 07 C3 0C AF 0C 00 00
2025-11-08T03:09:29.451709,79.054,can0  204  [16]  E1 22 50 46 50 46 50 46 28 23 20 4E 30 75 00 00
2025-11-08T03:09:29.479876,79.082,can0  204  [16]  E1 22 50 46 50 46 50 46 28 23 20 4E 30 75 00 00
2025-11-08T03:09:29.493062,79.095,can0  041  [04]  02 00 00 00
2025-11-08T03:09:29.542386,79.145,can0  204  [16]  E1 22 50 46 50 46 50 46 28 23 20 4E 30 75 00 00
2025-11-08T03:09:29.582405,79.185,can0  206  [16]  A7 0C DA 07 9B 0C 99 C6 EF 07 C3 0C 9F 0C 00 00
2025-11-08T03:09:29.593727,79.196,can0  204  [16]  E1 22 50 46 50 46 50 46 28 23 20 4E 30 75 00 00
2025-11-08T03:09:29.652639,79.255,can0  204  [16]  E1 22 50 46 50 46 50 46 28 23 20 4E 30 75 00 00
2025-11-08T03:09:29.713381,79.316,can0  204  [16]  E1 22 50 46 50 46 50 46 28 23 20 4E 30 75 00 00
2025-11-08T03:09:29.746393,79.349,can0  206  [16]  9F 0C DC 07 9F 0C DA DC EF 07 C7 0C A3 0C 00 00
2025-11-08T03:09:29.762657,79.365,can0  041  [04]  02 00 02 00
2025-11-08T03:09:29.768343,79.371,can0  204  [16]  E1 22 50 46 50 46 50 46 28 23 20 4E 30 75 00 00
2025-11-08T03:09:29.848230,79.451,can0  204  [16]  E1 22 50 46 50 46 50 46 28 23 20 4E 30 75 00 00
2025-11-08T03:09:29.896367,79.499,can0  204  [16]  E1 22 50 46 50 46 50 46 28 23 20 4E 30 75 00 00
2025-11-08T03:09:29.901818,79.504,can0  206  [16]  97 0C E3 07 9B 0C DA DC F2 07 BF 0C AF 0C 00 00
2025-11-08T03:09:29.951598,79.554,can0  204  [16]  E1 22 50 46 50 46 50 46 28 23 20 4E 30 75 00 00
2025-11-08T03:09:30.012104,79.614,can0  204  [16]  E1 22 50 46 50 46 50 46 28 23 20 4E 30 75 00 00
2025-11-08T03:09:30.070787,79.673,can0  041  [04]  3F 01 02 00
2025-11-08T03:09:30.071059,79.673,can0  206  [16]  9B 0C DC 07 93 0C DA DC F4 07 D3 0C A7 0C 00 00
2025-11-08T03:09:30.071102,79.673,can0  204  [16]  E1 22 50 46 50 46 50 46 28 23 20 4E 30 75 00 00
2025-11-08T03:09:30.127399,79.730,can0  204  [16]  E1 22 50 46 50 46 50 46 28 23 20 4E 30 75 00 00
2025-11-08T03:09:30.189687,79.792,can0  204  [16]  E1 22 50 46 50 46 50 46 28 23 20 4E 30 75 00 00
2025-11-08T03:09:30.228321,79.831,can0  206  [16]  A7 0C DE 07 A7 0C C5 E1 F2 07 B7 0C 9B 0C 00 00
2025-11-08T03:09:30.255106,79.857,can0  204  [16]  E1 22 50 46 50 46 50 46 28 23 20 4E 30 75 00 00
2025-11-08T03:09:30.295928,79.898,can0  041  [04]  3F 01 02 00
2025-11-08T03:09:30.304970,79.907,can0  204  [16]  E1 22 50 46 50 46 50 46 28 23 20 4E 30 75 00 00
2025-11-08T03:09:30.376535,79.979,can0  204  [16]  E1 22 50 46 50 46 50 46 28 23 20 4E 30 75 00 00
2025-11-08T03:09:30.392486,79.995,can0  206  [16]  9F 0C DA 07 93 0C DA DC FA 07 C7 0C A7 0C 00 00
2025-11-08T03:09:30.414823,80.017,can0  204  [16]  E1 22 50 46 50 46 50 46 28 23 20 4E 30 75 00 00
2025-11-08T03:09:30.472176,80.074,can0  204  [16]  E1 22 50 46 50 46 50 46 28 23 20 4E 30 75 00 00
2025-11-08T03:09:30.531823,80.134,can0  204  [16]  E1 22 50 46 50 46 50 46 28 23 20 4E 30 75 00 00
2025-11-08T03:09:30.562909,80.165,can0  206  [16]  9F 0C DE 07 97 0C B1 E0 EF 07 C3 0C A7 0C 00 00
2025-11-08T03:09:30.566131,80.168,can0  041  [04]  3F 01 00 00
2025-11-08T03:09:30.588373,80.191,can0  204  [16]  E1 22 50 46 50 46 50 46 28 23 20 4E 30 75 00 00
2025-11-08T03:09:30.690294,80.293,can0  204  [16]  E1 22 50 46 50 46 50 46 28 23 20 4E 30 75 00 00
2025-11-08T03:09:30.708996,80.311,can0  204  [16]  E1 22 50 46 50 46 50 46 28 23 20 4E 30 75 00 00
2025-11-08T03:09:30.727246,80.330,can0  206  [16]  A3 0C D8 07 9F 0C 7E E4 F2 07 B3 0C A3 0C 00 00
2025-11-08T03:09:30.776735,80.379,can0  204  [16]  E1 22 50 46 50 46 50 46 28 23 20 4E 30 75 00 00
2025-11-08T03:09:30.817863,80.420,can0  204  [16]  E1 22 50 46 50 46 50 46 28 23 20 4E 30 75 00 00
2025-11-08T03:09:30.825320,80.428,can0  041  [04]  3F 01 00 00
2025-11-08T03:09:30.890455,80.493,can0  204  [16]  E1 22 50 46 50 46 50 46 28 23 20 4E 30 75 00 00
2025-11-08T03:09:30.896248,80.499,can0  206  [16]  A3 0C DC 07 9F 0C DA DC F6 07 8F 0C A3 0C 00 00
2025-11-08T03:09:30.948811,80.551,can0  204  [16]  E1 22 50 46 50 46 50 46 28 23 20 4E 30 75 00 00
2025-11-08T03:09:31.013599,80.616,can0  204  [16]  E1 22 50 46 50 46 50 46 28 23 20 4E 30 75 00 00
2025-11-08T03:09:31.079111,80.681,can0  206  [16]  9B 0C D8 07 9F 0C 3A DF F2 07 C7 0C AB 0C 00 00
2025-11-08T03:09:31.086453,80.689,can0  204  [16]  E1 22 50 46 50 46 50 46 28 23 20 4E 30 75 00 00
2025-11-08T03:09:31.096579,80.699,can0  041  [04]  3F 01 00 00
2025-11-08T03:09:31.124450,80.727,can0  204  [16]  E1 22 50 46 50 46 50 46 28 23 20 4E 30 75 00 00
2025-11-08T03:09:31.186560,80.789,can0  204  [16]  E1 22 50 46 50 46 50 46 28 23 20 4E 30 75 00 00
2025-11-08T03:09:31.226165,80.828,can0  206  [16]  9F 0C DE 07 87 0C 99 C6 F2 07 CB 0C A7 0C 00 00
2025-11-08T03:09:31.239781,80.842,can0  204  [16]  E1 22 50 46 50 46 50 46 28 23 20 4E 30 75 00 00
2025-11-08T03:09:31.301507,80.904,can0  204  [16]  E1 22 50 46 50 46 50 46 28 23 20 4E 30 75 00 00
2025-11-08T03:09:31.355118,80.957,can0  204  [16]  E1 22 50 46 50 46 50 46 28 23 20 4E 30 75 00 00
2025-11-08T03:09:31.358066,80.960,can0  041  [04]  02 00 02 00
2025-11-08T03:09:31.408429,81.011,can0  206  [16]  A3 0C DC 07 9B 0C 3A DF F2 07 C7 0C A3 0C 00 00
2025-11-08T03:09:31.411975,81.014,can0  204  [16]  E1 22 50 46 50 46 50 46 28 23 20 4E 30 75 00 00
2025-11-08T03:09:31.481950,81.084,can0  204  [16]  E1 22 50 46 50 46 50 46 28 23 20 4E 30 75 00 00
2025-11-08T03:09:31.525688,81.128,can0  204  [16]  E1 22 50 46 50 46 50 46 28 23 20 4E 30 75 00 00
2025-11-08T03:09:31.556131,81.158,can0  206  [16]  97 0C DA 07 9B 0C DA DC F2 07 BF 0C B3 0C 00 00
2025-11-08T03:09:31.586459,81.189,can0  204  [16]  E1 22 50 46 50 46 50 46 28 23 20 4E 30 75 00 00
2025-11-08T03:09:31.630629,81.233,can0  041  [04]  52 01 02 00
2025-11-08T03:09:31.642972,81.245,can0  204  [16]  E1 22 50 46 50 46 50 46 28 23 20 4E 30 75 00 00
2025-11-08T03:09:31.707953,81.310,can0  204  [16]  E1 22 50 46 50 46 50 46 28 23 20 4E 30 75 00 00
2025-11-08T03:09:31.721398,81.324,can0  206  [16]  9F 0C DC 07 9F 0C DA DC EF 07 C3 0C A7 0C 00 00
2025-11-08T03:09:31.757510,81.360,can0  204  [16]  E1 22 50 46 50 46 50 46 28 23 20 4E 30 75 00 00
2025-11-08T03:09:31.822713,81.425,can0  204  [16]  E1 22 50 46 50 46 50 46 28 23 20 4E 30 75 00 00
2025-11-08T03:09:31.872712,81.475,can0  204  [16]  E1 22 50 46 50 46 50 46 28 23 20 4E 30 75 00 00
2025-11-08T03:09:31.894810,81.497,can0  206  [16]  9F 0C DC 07 9F 0C DA DC EF 07 BB 0C A7 0C 00 00
2025-11-08T03:09:31.895713,81.498,can0  041  [04]  02 00 00 00
2025-11-08T03:09:31.944004,81.546,can0  204  [16]  E1 22 50 46 50 46 50 46 28 23 20 4E 30 75 00 00
2025-11-08T03:09:32.009646,81.612,can0  204  [16]  E1 22 50 46 50 46 50 46 28 23 20 4E 30 75 00 00
2025-11-08T03:09:32.052489,81.655,can0  206  [16]  A3 0C DE 07 A3 0C 3A DF F6 07 BB 0C 9F 0C 00 00
2025-11-08T03:09:32.059965,81.662,can0  204  [16]  E1 22 50 46 50 46 50 46 28 23 20 4E 30 75 00 00
2025-11-08T03:09:32.118160,81.720,can0  204  [16]  E1 22 50 46 50 46 50 46 28 23 20 4E 30 75 00 00
2025-11-08T03:09:32.157402,81.760,can0  041  [04]  3F 01 02 00
2025-11-08T03:09:32.180671,81.783,can0  204  [16]  E1 22 50 46 50 46 50 46 28 23 20 4E 30 75 00 00
2025-11-08T03:09:32.238240,81.841,can0  206  [16]  A7 0C DE 07 93 0C 3A DF ED 07 CF 0C 9F 0C 00 00
2025-11-08T03:09:32.241731,81.844,can0  204  [16]  E1 22 50 46 50 46 50 46 28 23 20 4E 30 75 00 00
2025-11-08T03:09:32.302426,81.905,can0  204  [16]  E1 22 50 46 50 46 50 46 28 23 20 4E 30 75 00 00
2025-11-08T03:09:32.352994,81.955,can0  204  [16]  E1 22 50 46 50 46 50 46 28 23 20 4E 30 75 00 00
2025-11-08T03:09:32.403666,82.006,can0  206  [16]  AB 0C DC 07 9B 0C 3A DF F2 07 B3 0C 9B 0C 00 00
2025-11-08T03:09:32.405593,82.008,can0  204  [16]  E1 22 50 46 50 46 50 46 28 23 20 4E 30 75 00 00
2025-11-08T03:09:32.422351,82.025,can0  041  [04]  3F 01 00 00
2025-11-08T03:09:32.463195,82.065,can0  204  [16]  E1 22 50 46 50 46 50 46 28 23 20 4E 30 75 00 00
2025-11-08T03:09:32.524625,82.127,can0  204  [16]  E1 22 50 46 50 46 50 46 28 23 20 4E 30 75 00 00
2025-11-08T03:09:32.558286,82.161,can0  206  [16]  9B 0C D8 07 9B 0C DA DC F2 07 BF 0C AB 0C 00 00
2025-11-08T03:09:32.583691,82.186,can0  204  [16]  E1 22 50 46 50 46 50 46 28 23 20 4E 30 75 00 00
2025-11-08T03:09:32.637821,82.240,can0  204  [16]  E1 22 50 46 50 46 50 46 28 23 20 4E 30 75 00 00
2025-11-08T03:09:32.690949,82.293,can0  041  [04]  3F 01 00 00
2025-11-08T03:09:32.695533,82.298,can0  204  [16]  E1 22 50 46 50 46 50 46 28 23 20 4E 30 75 00 00
2025-11-08T03:09:32.724609,82.327,can0  206  [16]  A3 0C DA 07 93 0C B1 E0 EF 07 C7 0C A7 0C 00 00
2025-11-08T03:09:32.755086,82.357,can0  204  [16]  E1 22 50 46 50 46 50 46 28 23 20 4E 30 75 00 00
2025-11-08T03:09:32.813482,82.416,can0  204  [16]  E1 22 50 46 50 46 50 46 28 23 20 4E 30 75 00 00
2025-11-08T03:09:32.865629,82.468,can0  204  [16]  E1 22 50 46 50 46 50 46 28 23 20 4E 30 75 00 00
2025-11-08T03:09:32.891250,82.494,can0  206  [16]  A3 0C DC 07 97 0C DA DC F2 07 CB 0C A3 0C 00 00
2025-11-08T03:09:32.936673,82.539,can0  204  [16]  E1 22 50 46 50 46 50 46 28 23 20 4E 30 75 00 00
2025-11-08T03:09:32.968209,82.570,can0  041  [04]  3F 01 00 00
2025-11-08T03:09:32.999695,82.602,can0  204  [16]  E1 22 50 46 50 46 50 46 28 23 20 4E 30 75 00 00
2025-11-08T03:09:33.057427,82.660,can0  204  [16]  E1 22 50 46 50 46 50 46 28 23 20 4E 30 75 00 00
2025-11-08T03:09:33.061118,82.663,can0  206  [16]  A3 0C DE 07 9F 0C DA DC EF 07 B7 0C A3 0C 00 00
2025-11-08T03:09:33.119994,82.722,can0  204  [16]  E1 22 50 46 50 46 50 46 28 23 20 4E 30 75 00 00
2025-11-08T03:09:33.172876,82.775,can0  204  [16]  E1 22 50 46 50 46 50 46 28 23 20 4E 30 75 00 00
2025-11-08T03:09:33.244854,82.847,can0  206  [16]  9F 0C DE 07 9F 0C 3A DF F2 07 C3 0C A3 0C 00 00
2025-11-08T03:09:33.245781,82.848,can0  041  [04]  3F 01 00 00
2025-11-08T03:09:33.245820,82.848,can0  204  [16]  E1 22 50 46 50 46 50 46 28 23 20 4E 30 75 00 00
2025-11-08T03:09:33.287777,82.890,can0  204  [16]  E1 22 50 46 50 46 50 46 28 23 20 4E 30 75 00 00
2025-11-08T03:09:33.348252,82.951,can0  204  [16]  E1 22 50 46 50 46 50 46 28 23 20 4E 30 75 00 00
2025-11-08T03:09:33.385553,82.988,can0  206  [16]  AB 0C DC 07 8B 0C DA DC F6 07 CF 0C 9B 0C 00 00
2025-11-08T03:09:33.402876,83.005,can0  204  [16]  E1 22 50 46 50 46 50 46 28 23 20 4E 30 75 00 00
2025-11-08T03:09:33.460801,83.063,can0  204  [16]  E1 22 50 46 50 46 50 46 28 23 20 4E 30 75 00 00
2025-11-08T03:09:33.488161,83.090,can0  041  [04]  3F 01 00 00
2025-11-08T03:09:33.550770,83.153,can0  204  [16]  E1 22 50 46 50 46 50 46 28 23 20 4E 30 75 00 00
2025-11-08T03:09:33.558023,83.160,can0  206  [16]  97 0C DC 07 A3 0C 3A DF EF 07 BF 0C AB 0C 00 00
2025-11-08T03:09:33.576450,83.179,can0  204  [16]  E1 22 50 46 50 46 50 46 28 23 20 4E 30 75 00 00
2025-11-08T03:09:33.651468,83.254,can0  204  [16]  E1 22 50 46 50 46 50 46 28 23 20 4E 30 75 00 00
2025-11-08T03:09:33.691539,83.294,can0  204  [16]  E1 22 50 46 50 46 50 46 28 23 20 4E 30 75 00 00
2025-11-08T03:09:33.748716,83.351,can0  206  [16]  A7 0C DC 07 93 0C 57 E3 F6 07 BF 0C A3 0C 00 00
2025-11-08T03:09:33.748939,83.351,can0  204  [16]  E1 22 50 46 50 46 50 46 28 23 20 4E 30 75 00 00
2025-11-08T03:09:33.755051,83.357,can0  041  [04]  3F 01 00 00
2025-11-08T03:09:33.805132,83.407,can0  204  [16]  E1 22 50 46 50 46 50 46 28 23 20 4E 30 75 00 00
2025-11-08T03:09:33.864874,83.467,can0  204  [16]  E1 22 50 46 50 46 50 46 28 23 20 4E 30 75 00 00
2025-11-08T03:09:33.993257,83.596,can0  206  [16]  BF 0C DE 07 A3 0C C5 E1 F6 07 BF 0C 87 0C 00 00
2025-11-08T03:09:33.993323,83.596,can0  204  [16]  E1 22 50 46 50 46 50 46 28 23 20 4E 30 75 00 00
2025-11-08T03:09:33.996653,83.599,can0  204  [16]  E1 22 50 46 50 46 50 46 28 23 20 4E 30 75 00 00
2025-11-08T03:09:34.022484,83.625,can0  041  [04]  3F 01 00 00
2025-11-08T03:09:34.060336,83.663,can0  204  [16]  E1 22 50 46 50 46 50 46 28 23 20 4E 30 75 00 00
2025-11-08T03:09:34.060405,83.663,can0  206  [16]  AF 0C D6 07 9B 0C 3A DF F2 07 DB 0C 9B 0C 00 00
2025-11-08T03:09:34.398614,84.001,can0  204  [16]  E1 22 50 46 50 46 50 46 28 23 20 4E 30 75 00 00
2025-11-08T03:09:34.398684,84.001,can0  204  [16]  E1 22 50 46 50 46 50 46 28 23 20 4E 30 75 00 00
2025-11-08T03:09:34.398704,84.001,can0  206  [16]  A3 0C E0 07 7B 0C A0 E2 EB 07 E3 0C A3 0C 00 00
2025-11-08T03:09:34.398721,84.001,can0  204  [16]  E1 22 50 46 50 46 50 46 28 23 20 4E 30 75 00 00
2025-11-08T03:09:34.398739,84.001,can0  204  [16]  E1 22 50 46 50 46 50 46 28 23 20 4E 30 75 00 00
2025-11-08T03:09:34.398756,84.001,can0  041  [04]  3F 01 00 00
2025-11-08T03:09:34.468866,84.071,can0  204  [16]  E1 22 50 46 50 46 50 46 28 23 20 4E 30 75 00 00
2025-11-08T03:09:34.469123,84.071,can0  206  [16]  A7 0C DC 07 9F 0C DA DC F2 07 C3 0C 9F 0C 00 00
2025-11-08T03:09:34.469342,84.072,can0  204  [16]  E1 22 50 46 50 46 50 46 28 23 20 4E 30 75 00 00
2025-11-08T03:09:34.685371,84.288,can0  204  [16]  E1 22 50 46 50 46 50 46 28 23 20 4E 30 75 00 00
2025-11-08T03:09:34.685442,84.288,can0  204  [16]  E1 22 50 46 50 46 50 46 28 23 20 4E 30 75 00 00
2025-11-08T03:09:34.685462,84.288,can0  206  [16]  9B 0C DC 07 9B 0C 99 C6 F4 07 C3 0C AB 0C 00 00
2025-11-08T03:09:34.685479,84.288,can0  041  [04]  3F 01 00 00
2025-11-08T03:09:34.685495,84.288,can0  204  [16]  E1 22 50 46 50 46 50 46 28 23 20 4E 30 75 00 00
2025-11-08T03:09:34.685512,84.288,can0  204  [16]  E1 22 50 46 50 46 50 46 28 23 20 4E 30 75 00 00
2025-11-08T03:09:34.685528,84.288,can0  204  [16]  E1 22 50 46 50 46 50 46 28 23 20 4E 30 75 00 00
2025-11-08T03:09:34.731487,84.334,can0  206  [16]  9B 0C DE 07 9F 0C DA DC F2 07 BB 0C AB 0C 00 00
2025-11-08T03:09:34.786777,84.389,can0  204  [16]  E1 22 50 46 50 46 50 46 28 23 20 4E 30 75 00 00
2025-11-08T03:09:34.813956,84.416,can0  204  [16]  E1 22 50 46 50 46 50 46 28 23 20 4E 30 75 00 00
2025-11-08T03:09:34.826490,84.429,can0  041  [04]  02 00 00 00
2025-11-08T03:09:34.866976,84.469,can0  204  [16]  E1 22 50 46 50 46 50 46 28 23 20 4E 30 75 00 00
2025-11-08T03:09:35.001912,84.604,can0  206  [16]  97 0C DC 07 9F 0C 99 C6 EF 07 B3 0C B3 0C 00 00
2025-11-08T03:09:35.001975,84.604,can0  204  [16]  E1 22 50 46 50 46 50 46 28 23 20 4E 30 75 00 00
2025-11-08T03:09:35.002170,84.604,can0  204  [16]  E1 22 50 46 50 46 50 46 28 23 20 4E 30 75 00 00
2025-11-08T03:09:35.046346,84.649,can0  204  [16]  E1 22 50 46 50 46 50 46 28 23 20 4E 30 75 00 00
2025-11-08T03:09:35.105164,84.707,can0  206  [16]  9F 0C DE 07 9B 0C 99 C6 EF 07 BB 0C A7 0C 00 00
2025-11-08T03:09:35.113543,84.716,can0  041  [04]  3F 01 00 00
2025-11-08T03:09:35.113596,84.716,can0  204  [16]  E1 22 50 46 50 46 50 46 28 23 20 4E 30 75 00 00
2025-11-08T03:09:35.246820,84.849,can0  204  [16]  E1 22 50 46 50 46 50 46 28 23 20 4E 30 75 00 00
2025-11-08T03:09:35.247081,84.849,can0  204  [16]  E1 22 50 46 50 46 50 46 28 23 20 4E 30 75 00 00
2025-11-08T03:09:35.247121,84.849,can0  206  [16]  A3 0C DA 07 9F 0C DA DC F2 07 B7 0C A3 0C 00 00
2025-11-08T03:09:35.292844,84.895,can0  204  [16]  E1 22 50 46 50 46 50 46 28 23 20 4E 30 75 00 00
2025-11-08T03:09:35.345950,84.948,can0  204  [16]  E1 22 50 46 50 46 50 46 28 23 20 4E 30 75 00 00
2025-11-08T03:09:35.396641,84.999,can0  041  [04]  3F 01 00 00
2025-11-08T03:09:35.401390,85.004,can0  204  [16]  E1 22 50 46 50 46 50 46 28 23 20 4E 30 75 00 00
2025-11-08T03:09:35.401434,85.004,can0  206  [16]  9F 0C DE 07 A3 0C 99 C6 F8 07 BB 0C A7 0C 00 00
2025-11-08T03:09:35.514628,85.117,can0  204  [16]  E1 22 50 46 50 46 50 46 28 23 20 4E 30 75 00 00
2025-11-08T03:09:35.628512,85.231,can0  204  [16]  E1 22 50 46 50 46 50 46 28 23 20 4E 30 75 00 00
2025-11-08T03:09:35.645497,85.248,can0  206  [16]  AB 0C DC 07 9B 0C DA DC F2 07 BF 0C A3 0C 00 00
2025-11-08T03:09:35.645560,85.248,can0  204  [16]  E1 22 50 46 50 46 50 46 28 23 20 4E 30 75 00 00
2025-11-08T03:09:35.645581,85.248,can0  041  [04]  8B 00 00 00
2025-11-08T03:09:35.645598,85.248,can0  204  [16]  E1 22 50 46 50 46 50 46 28 23 20 4E 30 75 00 00
2025-11-08T03:09:35.690934,85.293,can0  204  [16]  E1 22 50 46 50 46 50 46 28 23 20 4E 30 75 00 00
2025-11-08T03:09:35.826708,85.429,can0  206  [16]  A3 0C D8 07 9F 0C 3A DF F4 07 BB 0C A3 0C 00 00
2025-11-08T03:09:35.826773,85.429,can0  204  [16]  E1 22 50 46 50 46 50 46 28 23 20 4E 30 75 00 00
2025-11-08T03:09:35.826793,85.429,can0  204  [16]  E1 22 50 46 50 46 50 46 28 23 20 4E 30 75 00 00
2025-11-08T03:09:35.865366,85.468,can0  204  [16]  E1 22 50 46 50 46 50 46 28 23 20 4E 30 75 00 00
2025-11-08T03:09:35.906891,85.509,can0  041  [04]  8B 00 00 00
2025-11-08T03:09:35.906953,85.509,can0  206  [16]  9F 0C DE 07 9B 0C 99 C6 E9 07 BF 0C A7 0C 00 00
2025-11-08T03:09:35.927997,85.530,can0  204  [16]  E1 22 50 46 50 46 50 46 28 23 20 4E 30 75 00 00
2025-11-08T03:09:36.004443,85.607,can0  204  [16]  E1 22 50 46 50 46 50 46 28 23 20 4E 30 75 00 00
2025-11-08T03:09:36.042896,85.645,can0  204  [16]  E1 22 50 46 50 46 50 46 28 23 20 4E 30 75 00 00
2025-11-08T03:09:36.053045,85.655,can0  206  [16]  9F 0C DC 07 97 0C 3A DF 01 08 C7 0C A7 0C 00 00
2025-11-08T03:09:36.136828,85.739,can0  204  [16]  E1 22 50 46 50 46 50 46 28 23 20 4E 30 75 00 00
2025-11-08T03:09:36.151130,85.753,can0  041  [04]  8B 00 00 00
2025-11-08T03:09:36.158286,85.761,can0  204  [16]  E1 22 50 46 50 46 50 46 28 23 20 4E 30 75 00 00
2025-11-08T03:09:36.215663,85.818,can0  204  [16]  E1 22 50 46 50 46 50 46 28 23 20 4E 30 75 00 00
2025-11-08T03:09:36.221798,85.824,can0  206  [16]  A3 0C DE 07 9B 0C DA DC EF 07 C3 0C A3 0C 00 00
2025-11-08T03:09:36.274519,85.877,can0  204  [16]  E1 22 50 46 50 46 50 46 28 23 20 4E 30 75 00 00
2025-11-08T03:09:36.332104,85.934,can0  204  [16]  E1 22 50 46 50 46 50 46 28 23 20 4E 30 75 00 00
2025-11-08T03:09:36.380963,85.983,can0  206  [16]  C3 0C D8 07 9B 0C 3A DF EF 07 C3 0C 83 0C 00 00
2025-11-08T03:09:36.419477,86.022,can0  204  [16]  E1 22 50 46 50 46 50 46 28 23 20 4E 30 75 00 00
2025-11-08T03:09:36.419751,86.022,can0  041  [04]  2F 00 00 00
2025-11-08T03:09:36.450148,86.052,can0  204  [16]  E1 22 50 46 50 46 50 46 28 23 20 4E 30 75 00 00
2025-11-08T03:09:36.518669,86.121,can0  204  [16]  E1 22 50 46 50 46 50 46 28 23 20 4E 30 75 00 00
2025-11-08T03:09:36.553330,86.156,can0  206  [16]  A3 0C DC 07 93 0C 3A DF EF 07 C3 0C AB 0C 00 00
2025-11-08T03:09:36.560456,86.163,can0  204  [16]  E1 22 50 46 50 46 50 46 28 23 20 4E 30 75 00 00
2025-11-08T03:09:36.623759,86.226,can0  204  [16]  E1 22 50 46 50 46 50 46 28 23 20 4E 30 75 00 00
2025-11-08T03:09:36.676817,86.279,can0  204  [16]  E1 22 50 46 50 46 50 46 28 23 20 4E 30 75 00 00
2025-11-08T03:09:36.684859,86.287,can0  041  [04]  02 00 00 00
2025-11-08T03:09:36.740986,86.343,can0  206  [16]  9F 0C E5 07 9F 0C 99 C6 F6 07 BF 0C A7 0C 00 00
2025-11-08T03:09:36.741051,86.343,can0  204  [16]  E1 22 50 46 50 46 50 46 28 23 20 4E 30 75 00 00
2025-11-08T03:09:36.832426,86.435,can0  204  [16]  E1 22 50 46 50 46 50 46 28 23 20 4E 30 75 00 00
2025-11-08T03:09:36.857932,86.460,can0  204  [16]  E1 22 50 46 50 46 50 46 28 23 20 4E 30 75 00 00
2025-11-08T03:09:36.889428,86.492,can0  206  [16]  A3 0C DC 07 9B 0C 3A DF EF 07 C3 0C A3 0C 00 00
2025-11-08T03:09:36.912053,86.514,can0  204  [16]  E1 22 50 46 50 46 50 46 28 23 20 4E 30 75 00 00
2025-11-08T03:09:36.964504,86.567,can0  041  [04]  3F 01 02 00
2025-11-08T03:09:36.984106,86.586,can0  204  [16]  E1 22 50 46 50 46 50 46 28 23 20 4E 30 75 00 00
2025-11-08T03:09:37.050310,86.653,can0  204  [16]  E1 22 50 46 50 46 50 46 28 23 20 4E 30 75 00 00
2025-11-08T03:09:37.050386,86.653,can0  206  [16]  9B 0C DC 07 9B 0C DA DC F2 07 C3 0C AB 0C 00 00
2025-11-08T03:09:37.098495,86.701,can0  204  [16]  E1 22 50 46 50 46 50 46 28 23 20 4E 30 75 00 00
2025-11-08T03:09:37.164401,86.767,can0  204  [16]  E1 22 50 46 50 46 50 46 28 23 20 4E 30 75 00 00
2025-11-08T03:09:37.216130,86.818,can0  206  [16]  9F 0C DE 07 9F 0C F4 E3 F2 07 C3 0C A7 0C 00 00
2025-11-08T03:09:37.216694,86.819,can0  204  [16]  E1 22 50 46 50 46 50 46 28 23 20 4E 30 75 00 00
2025-11-08T03:09:37.217112,86.819,can0  041  [04]  3F 01 02 00
2025-11-08T03:09:37.271697,86.874,can0  204  [16]  E1 22 50 46 50 46 50 46 28 23 20 4E 30 75 00 00
2025-11-08T03:09:37.337516,86.940,can0  204  [16]  E1 22 50 46 50 46 50 46 28 23 20 4E 30 75 00 00
2025-11-08T03:09:37.372718,86.975,can0  206  [16]  9F 0C DC 07 9B 0C DA DC 09 08 C3 0C A7 0C 00 00
2025-11-08T03:09:37.385943,86.988,can0  204  [16]  E1 22 50 46 50 46 50 46 28 23 20 4E 30 75 00 00
2025-11-08T03:09:37.442247,87.045,can0  204  [16]  E1 22 50 46 50 46 50 46 28 23 20 4E 30 75 00 00
2025-11-08T03:09:37.482525,87.085,can0  041  [04]  3F 01 00 00
2025-11-08T03:09:37.500533,87.103,can0  204  [16]  E1 22 50 46 50 46 50 46 28 23 20 4E 30 75 00 00
2025-11-08T03:09:37.542640,87.145,can0  206  [16]  8F 0C DE 07 9B 0C DA DC F2 07 BF 0C B7 0C 00 00
2025-11-08T03:09:37.570572,87.173,can0  204  [16]  E1 22 50 46 50 46 50 46 28 23 20 4E 30 75 00 00
2025-11-08T03:09:37.644721,87.247,can0  204  [16]  E1 22 50 46 50 46 50 46 28 23 20 4E 30 75 00 00
2025-11-08T03:09:37.678614,87.281,can0  204  [16]  E1 22 50 46 50 46 50 46 28 23 20 4E 30 75 00 00
2025-11-08T03:09:37.712219,87.314,can0  206  [16]  9F 0C E5 07 9B 0C 99 C6 EF 07 C3 0C A7 0C 00 00
2025-11-08T03:09:37.738432,87.341,can0  204  [16]  E1 22 50 46 50 46 50 46 28 23 20 4E 30 75 00 00
2025-11-08T03:09:37.750202,87.352,can0  041  [04]  3F 01 00 00
2025-11-08T03:09:37.787456,87.390,can0  204  [16]  E1 22 50 46 50 46 50 46 28 23 20 4E 30 75 00 00
2025-11-08T03:09:37.851453,87.454,can0  204  [16]  E1 22 50 46 50 46 50 46 28 23 20 4E 30 75 00 00
2025-11-08T03:09:37.874163,87.476,can0  206  [16]  A7 0C E5 07 97 0C 99 C6 EF 07 C3 0C A3 0C 00 00
2025-11-08T03:09:37.910252,87.513,can0  204  [16]  E1 22 50 46 50 46 50 46 28 23 20 4E 30 75 00 00
2025-11-08T03:09:37.980193,87.583,can0  204  [16]  E1 22 50 46 50 46 50 46 28 23 20 4E 30 75 00 00
2025-11-08T03:09:38.018701,87.621,can0  041  [04]  3F 01 00 00
2025-11-08T03:09:38.052671,87.655,can0  204  [16]  E1 22 50 46 50 46 50 46 28 23 20 4E 30 75 00 00
2025-11-08T03:09:38.053524,87.656,can0  206  [16]  A7 0C E0 07 9B 0C 3A DF EF 07 C7 0C 9F 0C 00 00
2025-11-08T03:09:38.094646,87.697,can0  204  [16]  E1 22 50 46 50 46 50 46 28 23 20 4E 30 75 00 00
2025-11-08T03:09:38.152850,87.755,can0  204  [16]  E1 22 50 46 50 46 50 46 28 23 20 4E 30 75 00 00
2025-11-08T03:09:38.199332,87.802,can0  206  [16]  93 0C DE 07 A7 0C 3A DF F2 07 BF 0C AB 0C 00 00
2025-11-08T03:09:38.209196,87.811,can0  204  [16]  E1 22 50 46 50 46 50 46 28 23 20 4E 30 75 00 00
2025-11-08T03:09:38.269422,87.872,can0  204  [16]  E1 22 50 46 50 46 50 46 28 23 20 4E 30 75 00 00
2025-11-08T03:09:38.287523,87.890,can0  041  [04]  3F 01 00 00
2025-11-08T03:09:38.324722,87.927,can0  204  [16]  E1 22 50 46 50 46 50 46 28 23 20 4E 30 75 00 00
2025-11-08T03:09:38.371650,87.974,can0  206  [16]  A7 0C DE 07 9B 0C DA DC EF 07 BF 0C A3 0C 00 00
2025-11-08T03:09:38.394642,87.997,can0  204  [16]  E1 22 50 46 50 46 50 46 28 23 20 4E 30 75 00 00
2025-11-08T03:09:38.457571,88.060,can0  204  [16]  E1 22 50 46 50 46 50 46 28 23 20 4E 30 75 00 00
2025-11-08T03:09:38.496014,88.098,can0  204  [16]  E1 22 50 46 50 46 50 46 28 23 20 4E 30 75 00 00
2025-11-08T03:09:38.551295,88.154,can0  206  [16]  A3 0C DC 07 9B 0C DA DC F4 07 CB 0C A3 0C 00 00
2025-11-08T03:09:38.551362,88.154,can0  041  [04]  3F 01 00 00
2025-11-08T03:09:38.567773,88.170,can0  204  [16]  E1 22 50 46 50 46 50 46 28 23 20 4E 30 75 00 00
2025-11-08T03:09:38.613068,88.215,can0  204  [16]  E1 22 50 46 50 46 50 46 28 23 20 4E 30 75 00 00
2025-11-08T03:09:38.678837,88.281,can0  204  [16]  E1 22 50 46 50 46 50 46 28 23 20 4E 30 75 00 00
2025-11-08T03:09:38.705602,88.308,can0  206  [16]  AB 0C DC 07 A3 0C 3A DF F6 07 BF 0C 97 0C 00 00
2025-11-08T03:09:38.728168,88.330,can0  204  [16]  E1 22 50 46 50 46 50 46 28 23 20 4E 30 75 00 00
2025-11-08T03:09:38.806080,88.408,can0  204  [16]  E1 22 50 46 50 46 50 46 28 23 20 4E 30 75 00 00
2025-11-08T03:09:38.817631,88.420,can0  041  [04]  3F 01 00 00
2025-11-08T03:09:38.855365,88.458,can0  204  [16]  E1 22 50 46 50 46 50 46 28 23 20 4E 30 75 00 00
2025-11-08T03:09:38.877708,88.480,can0  206  [16]  AF 0C DE 07 8F 0C B1 E0 FF 07 CB 0C 9B 0C 00 00
2025-11-08T03:09:38.901739,88.504,can0  204  [16]  E1 22 50 46 50 46 50 46 28 23 20 4E 30 75 00 00
2025-11-08T03:09:38.976133,88.578,can0  204  [16]  E1 22 50 46 50 46 50 46 28 23 20 4E 30 75 00 00
2025-11-08T03:09:39.033005,88.635,can0  204  [16]  E1 22 50 46 50 46 50 46 28 23 20 4E 30 75 00 00
2025-11-08T03:09:39.041130,88.643,can0  206  [16]  9B 0C DC 07 A3 0C DA DC EF 07 C3 0C AB 0C 00 00
2025-11-08T03:09:39.084333,88.687,can0  041  [04]  3F 01 00 00
2025-11-08T03:09:39.097404,88.700,can0  204  [16]  E1 22 50 46 50 46 50 46 28 23 20 4E 30 75 00 00
2025-11-08T03:09:39.181278,88.784,can0  204  [16]  E1 22 50 46 50 46 50 46 28 23 20 4E 30 75 00 00
2025-11-08T03:09:39.215519,88.818,can0  204  [16]  E1 22 50 46 50 46 50 46 28 23 20 4E 30 75 00 00
2025-11-08T03:09:39.215584,88.818,can0  206  [16]  AB 0C DE 07 9B 0C DA DC EF 07 C3 0C 9F 0C 00 00
2025-11-08T03:09:39.270357,88.873,can0  204  [16]  E1 22 50 46 50 46 50 46 28 23 20 4E 30 75 00 00
2025-11-08T03:09:39.319463,88.922,can0  204  [16]  E1 22 50 46 50 46 50 46 28 23 20 4E 30 75 00 00
2025-11-08T03:09:39.348129,88.950,can0  041  [04]  3F 01 00 00
2025-11-08T03:09:39.387650,88.990,can0  206  [16]  97 0C DE 07 A3 0C DA DC ED 07 BF 0C AB 0C 00 00
2025-11-08T03:09:39.387717,88.990,can0  204  [16]  E1 22 50 46 50 46 50 46 28 23 20 4E 30 75 00 00
2025-11-08T03:09:39.435225,89.037,can0  204  [16]  E1 22 50 46 50 46 50 46 28 23 20 4E 30 75 00 00
2025-11-08T03:09:39.498323,89.101,can0  204  [16]  E1 22 50 46 50 46 50 46 28 23 20 4E 30 75 00 00
2025-11-08T03:09:39.535085,89.137,can0  206  [16]  93 0C DC 07 A7 0C DA DC E0 07 BF 0C AF 0C 00 00
2025-11-08T03:09:39.550944,89.153,can0  204  [16]  E1 22 50 46 50 46 50 46 28 23 20 4E 30 75 00 00
2025-11-08T03:09:39.608757,89.211,can0  204  [16]  E1 22 50 46 50 46 50 46 28 23 20 4E 30 75 00 00
2025-11-08T03:09:39.624641,89.227,can0  041  [04]  3F 01 00 00
2025-11-08T03:09:39.674656,89.277,can0  204  [16]  E1 22 50 46 50 46 50 46 28 23 20 4E 30 75 00 00
2025-11-08T03:09:39.703692,89.306,can0  206  [16]  9B 0C DE 07 9F 0C F4 E3 F6 07 C3 0C AB 0C 00 00
2025-11-08T03:09:39.727059,89.329,can0  204  [16]  E1 22 50 46 50 46 50 46 28 23 20 4E 30 75 00 00
2025-11-08T03:09:39.810272,89.413,can0  204  [16]  E1 22 50 46 50 46 50 46 28 23 20 4E 30 75 00 00
2025-11-08T03:09:39.838580,89.441,can0  204  [16]  E1 22 50 46 50 46 50 46 28 23 20 4E 30 75 00 00
2025-11-08T03:09:39.897677,89.500,can0  206  [16]  A3 0C DC 07 9B 0C B1 E0 F2 07 B3 0C A7 0C 00 00
2025-11-08T03:09:39.901304,89.504,can0  041  [04]  3F 01 00 00
2025-11-08T03:09:39.901360,89.504,can0  204  [16]  E1 22 50 46 50 46 50 46 28 23 20 4E 30 75 00 00
2025-11-08T03:09:39.996508,89.599,can0  204  [16]  E1 22 50 46 50 46 50 46 28 23 20 4E 30 75 00 00
2025-11-08T03:09:40.040014,89.642,can0  204  [16]  E1 22 50 46 50 46 50 46 28 23 20 4E 30 75 00 00
2025-11-08T03:09:40.043749,89.646,can0  206  [16]  9B 0C BA 07 9F 0C 99 C6 EF 07 C3 0C A3 0C 00 00
2025-11-08T03:09:40.112621,89.715,can0  204  [16]  E1 22 50 46 50 46 50 46 28 23 20 4E 30 75 00 00
2025-11-08T03:09:40.146188,89.748,can0  204  [16]  E1 22 50 46 50 46 50 46 28 23 20 4E 30 75 00 00
2025-11-08T03:09:40.146256,89.749,can0  041  [04]  3F 01 00 00
2025-11-08T03:09:40.203932,89.806,can0  206  [16]  AF 0C DC 07 97 0C 57 E3 F2 07 C7 0C 97 0C 00 00
2025-11-08T03:09:40.204803,89.807,can0  204  [16]  E1 22 50 46 50 46 50 46 28 23 20 4E 30 75 00 00
2025-11-08T03:09:40.269084,89.871,can0  204  [16]  E1 22 50 46 50 46 50 46 28 23 20 4E 30 75 00 00
2025-11-08T03:09:40.317409,89.920,can0  204  [16]  E1 22 50 46 50 46 50 46 28 23 20 4E 30 75 00 00
2025-11-08T03:09:40.356492,89.959,can0  206  [16]  A3 0C DC 07 9B 0C 3A DF EB 07 BF 0C A7 0C 00 00
2025-11-08T03:09:40.374488,89.977,can0  204  [16]  E1 22 50 46 50 46 50 46 28 23 20 4E 30 75 00 00
2025-11-08T03:09:40.411185,90.013,can0  041  [04]  3F 01 00 00
2025-11-08T03:09:40.443258,90.046,can0  204  [16]  E1 22 50 46 50 46 50 46 28 23 20 4E 30 75 00 00
2025-11-08T03:09:40.516121,90.118,can0  204  [16]  E1 22 50 46 50 46 50 46 28 23 20 4E 30 75 00 00
2025-11-08T03:09:40.526591,90.129,can0  206  [16]  A7 0C DA 07 97 0C 3A DF EF 07 C3 0C A3 0C 00 00
2025-11-08T03:09:40.547266,90.150,can0  204  [16]  E1 22 50 46 50 46 50 46 28 23 20 4E 30 75 00 00
2025-11-08T03:09:40.604227,90.206,can0  204  [16]  E1 22 50 46 50 46 50 46 28 23 20 4E 30 75 00 00
2025-11-08T03:09:40.661726,90.264,can0  204  [16]  E1 22 50 46 50 46 50 46 28 23 20 4E 30 75 00 00
2025-11-08T03:09:40.683210,90.285,can0  041  [04]  3F 01 00 00
2025-11-08T03:09:40.714080,90.316,can0  206  [16]  A3 0C DE 07 9B 0C 99 C6 F2 07 C3 0C A3 0C 00 00
2025-11-08T03:09:40.721215,90.323,can0  204  [16]  E1 22 50 46 50 46 50 46 28 23 20 4E 30 75 00 00
2025-11-08T03:09:40.782661,90.385,can0  204  [16]  E1 22 50 46 50 46 50 46 28 23 20 4E 30 75 00 00
2025-11-08T03:09:40.848906,90.451,can0  204  [16]  E1 22 50 46 50 46 50 46 28 23 20 4E 30 75 00 00
2025-11-08T03:09:40.857937,90.460,can0  206  [16]  A3 0C DC 07 9B 0C DA DC EF 07 BF 0C A3 0C 00 00
2025-11-08T03:09:40.898750,90.501,can0  204  [16]  E1 22 50 46 50 46 50 46 28 23 20 4E 30 75 00 00
2025-11-08T03:09:40.949753,90.552,can0  041  [04]  3F 01 00 00
2025-11-08T03:09:40.968975,90.571,can0  204  [16]  E1 22 50 46 50 46 50 46 28 23 20 4E 30 75 00 00
2025-11-08T03:09:41.026838,90.629,can0  206  [16]  9B 0C DC 07 9F 0C DA DC EF 07 C7 0C A7 0C 00 00
2025-11-08T03:09:41.028253,90.631,can0  204  [16]  E1 22 50 46 50 46 50 46 28 23 20 4E 30 75 00 00
2025-11-08T03:09:41.085170,90.687,can0  204  [16]  E1 22 50 46 50 46 50 46 28 23 20 4E 30 75 00 00
2025-11-08T03:09:41.144407,90.747,can0  204  [16]  E1 22 50 46 50 46 50 46 28 23 20 4E 30 75 00 00
2025-11-08T03:09:41.187247,90.790,can0  206  [16]  A3 0C DC 07 9F 0C 3A DF F2 07 B7 0C A3 0C 00 00
2025-11-08T03:09:41.203333,90.806,can0  204  [16]  E1 22 50 46 50 46 50 46 28 23 20 4E 30 75 00 00
2025-11-08T03:09:41.233218,90.835,can0  041  [04]  3F 01 00 00
2025-11-08T03:09:41.262452,90.865,can0  204  [16]  E1 22 50 46 50 46 50 46 28 23 20 4E 30 75 00 00
2025-11-08T03:09:41.319688,90.922,can0  204  [16]  E1 22 50 46 50 46 50 46 28 23 20 4E 30 75 00 00
2025-11-08T03:09:41.356040,90.958,can0  206  [16]  B7 0C DC 07 9B 0C 99 C6 F2 07 CB 0C 8F 0C 00 00
2025-11-08T03:09:41.371631,90.974,can0  204  [16]  E1 22 50 46 50 46 50 46 28 23 20 4E 30 75 00 00
2025-11-08T03:09:41.437326,91.040,can0  204  [16]  E1 22 50 46 50 46 50 46 28 23 20 4E 30 75 00 00
2025-11-08T03:09:41.475792,91.078,can0  041  [04]  3F 01 00 00
2025-11-08T03:09:41.486605,91.089,can0  204  [16]  E1 22 50 46 50 46 50 46 28 23 20 4E 30 75 00 00
2025-11-08T03:09:41.534176,91.136,can0  206  [16]  A7 0C DE 07 97 0C A0 E2 CD 07 C7 0C A3 0C 00 00
2025-11-08T03:09:41.546134,91.148,can0  204  [16]  E1 22 50 46 50 46 50 46 28 23 20 4E 30 75 00 00
2025-11-08T03:09:41.600828,91.203,can0  204  [16]  E1 22 50 46 50 46 50 46 28 23 20 4E 30 75 00 00
2025-11-08T03:09:41.672691,91.275,can0  204  [16]  E1 22 50 46 50 46 50 46 28 23 20 4E 30 75 00 00
2025-11-08T03:09:41.687331,91.290,can0  206  [16]  AB 0C DA 07 9B 0C DA DC F2 07 BB 0C 9F 0C 00 00
2025-11-08T03:09:41.722401,91.325,can0  204  [16]  E1 22 50 46 50 46 50 46 28 23 20 4E 30 75 00 00
2025-11-08T03:09:41.746629,91.349,can0  041  [04]  8B 00 00 00
2025-11-08T03:09:41.776533,91.379,can0  204  [16]  E1 22 50 46 50 46 50 46 28 23 20 4E 30 75 00 00
2025-11-08T03:09:41.847032,91.449,can0  204  [16]  E1 22 50 46 50 46 50 46 28 23 20 4E 30 75 00 00
2025-11-08T03:09:41.854005,91.456,can0  206  [16]  9B 0C DC 07 9F 0C A0 E2 EF 07 BB 0C AB 0C 00 00
2025-11-08T03:09:41.890161,91.492,can0  204  [16]  E1 22 50 46 50 46 50 46 28 23 20 4E 30 75 00 00
2025-11-08T03:09:41.967134,91.569,can0  204  [16]  E1 22 50 46 50 46 50 46 28 23 20 4E 30 75 00 00
2025-11-08T03:09:42.011316,91.614,can0  041  [04]  8B 00 00 00
2025-11-08T03:09:42.044546,91.647,can0  206  [16]  97 0C DE 07 9F 0C DA DC F2 07 C7 0C AF 0C 00 00
2025-11-08T03:09:42.048207,91.650,can0  204  [16]  E1 22 50 46 50 46 50 46 28 23 20 4E 30 75 00 00
2025-11-08T03:09:42.083486,91.686,can0  204  [16]  E1 22 50 46 50 46 50 46 28 23 20 4E 30 75 00 00
2025-11-08T03:09:42.154786,91.757,can0  204  [16]  E1 22 50 46 50 46 50 46 28 23 20 4E 30 75 00 00
2025-11-08T03:09:42.183878,91.786,can0  206  [16]  6F 0C DC 07 97 0C F4 E3 F2 07 C7 0C D7 0C 00 00
2025-11-08T03:09:42.194268,91.797,can0  204  [16]  E1 22 50 46 50 46 50 46 28 23 20 4E 30 75 00 00
2025-11-08T03:09:42.255556,91.858,can0  204  [16]  E1 22 50 46 50 46 50 46 28 23 20 4E 30 75 00 00
2025-11-08T03:09:42.287215,91.889,can0  041  [04]  E4 00 00 00
2025-11-08T03:09:42.309361,91.912,can0  204  [16]  E1 22 50 46 50 46 50 46 28 23 20 4E 30 75 00 00
2025-11-08T03:09:42.352791,91.955,can0  206  [16]  AB 0C DC 07 9B 0C 3A DF EF 07 BF 0C 9B 0C 00 00
2025-11-08T03:09:42.376657,91.979,can0  204  [16]  E1 22 50 46 50 46 50 46 28 23 20 4E 30 75 00 00
2025-11-08T03:09:42.432657,92.035,can0  204  [16]  E1 22 50 46 50 46 50 46 28 23 20 4E 30 75 00 00
2025-11-08T03:09:42.483276,92.086,can0  204  [16]  E1 22 50 46 50 46 50 46 28 23 20 4E 30 75 00 00
2025-11-08T03:09:42.519328,92.122,can0  206  [16]  A3 0C DC 07 97 0C 99 C6 F2 07 BB 0C A7 0C 00 00
2025-11-08T03:09:42.548216,92.150,can0  204  [16]  E1 22 50 46 50 46 50 46 28 23 20 4E 30 75 00 00
2025-11-08T03:09:42.548283,92.151,can0  041  [04]  E4 00 00 00
2025-11-08T03:09:42.596503,92.199,can0  204  [16]  E1 22 50 46 50 46 50 46 28 23 20 4E 30 75 00 00
2025-11-08T03:09:42.657794,92.260,can0  204  [16]  E1 22 50 46 50 46 50 46 28 23 20 4E 30 75 00 00
2025-11-08T03:09:42.693786,92.296,can0  206  [16]  9B 0C DC 07 A3 0C 99 C6 EF 07 D7 0C AB 0C 00 00
2025-11-08T03:09:42.712501,92.315,can0  204  [16]  E1 22 50 46 50 46 50 46 28 23 20 4E 30 75 00 00
2025-11-08T03:09:42.769692,92.372,can0  204  [16]  E1 22 50 46 50 46 50 46 28 23 20 4E 30 75 00 00
2025-11-08T03:09:42.808671,92.411,can0  041  [04]  E4 00 00 00
2025-11-08T03:09:42.830971,92.433,can0  204  [16]  E1 22 50 46 50 46 50 46 28 23 20 4E 30 75 00 00
2025-11-08T03:09:42.851147,92.453,can0  206  [16]  AF 0C E0 07 97 0C 99 C6 F2 07 BB 0C 9F 0C 00 00
2025-11-08T03:09:42.892507,92.495,can0  204  [16]  E1 22 50 46 50 46 50 46 28 23 20 4E 30 75 00 00
2025-11-08T03:09:42.966938,92.569,can0  204  [16]  E1 22 50 46 50 46 50 46 28 23 20 4E 30 75 00 00
2025-11-08T03:09:43.010669,92.613,can0  206  [16]  AB 0C DC 07 9F 0C 3A DF EF 07 BB 0C 9B 0C 00 00
2025-11-08T03:09:43.017705,92.620,can0  204  [16]  E1 22 50 46 50 46 50 46 28 23 20 4E 30 75 00 00
2025-11-08T03:09:43.073874,92.676,can0  041  [04]  E4 00 00 00
2025-11-08T03:09:43.075344,92.678,can0  204  [16]  E1 22 50 46 50 46 50 46 28 23 20 4E 30 75 00 00
2025-11-08T03:09:43.175255,92.778,can0  204  [16]  E1 22 50 46 50 46 50 46 28 23 20 4E 30 75 00 00
2025-11-08T03:09:43.179593,92.782,can0  206  [16]  8F 0C DC 07 97 0C 3A DF EF 07 C3 0C BB 0C 00 00
2025-11-08T03:09:43.192942,92.795,can0  204  [16]  E1 22 50 46 50 46 50 46 28 23 20 4E 30 75 00 00
2025-11-08T03:09:43.273886,92.876,can0  204  [16]  E1 22 50 46 50 46 50 46 28 23 20 4E 30 75 00 00
2025-11-08T03:09:43.305818,92.908,can0  204  [16]  E1 22 50 46 50 46 50 46 28 23 20 4E 30 75 00 00
2025-11-08T03:09:43.362424,92.965,can0  041  [04]  10 01 00 00
2025-11-08T03:09:43.362783,92.965,can0  206  [16]  A7 0C DC 07 A7 0C 7E E4 EF 07 BB 0C 9B 0C 00 00
2025-11-08T03:09:43.363239,92.966,can0  204  [16]  E1 22 50 46 50 46 50 46 28 23 20 4E 30 75 00 00
2025-11-08T03:09:43.421130,93.023,can0  204  [16]  E1 22 50 46 50 46 50 46 28 23 20 4E 30 75 00 00
2025-11-08T03:09:43.483368,93.086,can0  204  [16]  E1 22 50 46 50 46 50 46 28 23 20 4E 30 75 00 00
2025-11-08T03:09:43.511047,93.113,can0  206  [16]  9F 0C DE 07 9B 0C DA DC F4 07 C3 0C A7 0C 00 00
2025-11-08T03:09:43.536948,93.139,can0  204  [16]  E1 22 50 46 50 46 50 46 28 23 20 4E 30 75 00 00
2025-11-08T03:09:43.620740,93.223,can0  204  [16]  E1 22 50 46 50 46 50 46 28 23 20 4E 30 75 00 00
2025-11-08T03:09:43.620811,93.223,can0  041  [04]  10 01 00 00
2025-11-08T03:09:43.687242,93.290,can0  204  [16]  E1 22 50 46 50 46 50 46 28 23 20 4E 30 75 00 00
2025-11-08T03:09:43.687348,93.290,can0  206  [16]  A3 0C DC 07 8F 0C 99 C6 EF 07 C7 0C A7 0C 00 00
2025-11-08T03:09:43.716834,93.319,can0  204  [16]  E1 22 50 46 50 46 50 46 28 23 20 4E 30 75 00 00
2025-11-08T03:09:43.777651,93.380,can0  204  [16]  E1 22 50 46 50 46 50 46 28 23 20 4E 30 75 00 00
2025-11-08T03:09:43.824943,93.427,can0  204  [16]  E1 22 50 46 50 46 50 46 28 23 20 4E 30 75 00 00
2025-11-08T03:09:43.848864,93.451,can0  206  [16]  9F 0C DE 07 CF 0C B1 E0 F4 07 8F 0C A7 0C 00 00
2025-11-08T03:09:43.880627,93.483,can0  041  [04]  10 01 00 00
2025-11-08T03:09:43.881850,93.484,can0  204  [16]  E1 22 50 46 50 46 50 46 28 23 20 4E 30 75 00 00
2025-11-08T03:09:43.952244,93.555,can0  204  [16]  E1 22 50 46 50 46 50 46 28 23 20 4E 30 75 00 00
2025-11-08T03:09:44.033308,93.636,can0  204  [16]  E1 22 50 46 50 46 50 46 28 23 20 4E 30 75 00 00
2025-11-08T03:09:44.035510,93.638,can0  206  [16]  9F 0C DE 07 9B 0C DA DC EF 07 C3 0C A7 0C 00 00
2025-11-08T03:09:44.077607,93.680,can0  204  [16]  E1 22 50 46 50 46 50 46 28 23 20 4E 30 75 00 00
2025-11-08T03:09:44.141205,93.743,can0  204  [16]  E1 22 50 46 50 46 50 46 28 23 20 4E 30 75 00 00
2025-11-08T03:09:44.141309,93.744,can0  041  [04]  10 01 00 00
2025-11-08T03:09:44.180407,93.783,can0  206  [16]  9B 0C D8 07 9F 0C 99 C6 F2 07 B3 0C AF 0C 00 00
2025-11-08T03:09:44.217595,93.820,can0  204  [16]  E1 22 50 46 50 46 50 46 28 23 20 4E 30 75 00 00
2025-11-08T03:09:44.245703,93.848,can0  204  [16]  E1 22 50 46 50 46 50 46 28 23 20 4E 30 75 00 00
2025-11-08T03:09:44.312495,93.915,can0  204  [16]  E1 22 50 46 50 46 50 46 28 23 20 4E 30 75 00 00
2025-11-08T03:09:44.336748,93.939,can0  206  [16]  97 0C DC 07 9F 0C A0 E2 F4 07 B7 0C AF 0C 00 00
2025-11-08T03:09:44.359737,93.962,can0  204  [16]  E1 22 50 46 50 46 50 46 28 23 20 4E 30 75 00 00
2025-11-08T03:09:44.405847,94.008,can0  041  [04]  10 01 00 00
2025-11-08T03:09:44.436941,94.039,can0  204  [16]  E1 22 50 46 50 46 50 46 28 23 20 4E 30 75 00 00
2025-11-08T03:09:44.477245,94.080,can0  204  [16]  E1 22 50 46 50 46 50 46 28 23 20 4E 30 75 00 00
2025-11-08T03:09:44.506188,94.108,can0  206  [16]  9F 0C DA 07 93 0C DA DC EF 07 04 0D AB 0C 00 00
2025-11-08T03:09:44.532858,94.135,can0  204  [16]  E1 22 50 46 50 46 50 46 28 23 20 4E 30 75 00 00
2025-11-08T03:09:44.590077,94.192,can0  204  [16]  E1 22 50 46 50 46 50 46 28 23 20 4E 30 75 00 00
2025-11-08T03:09:44.649424,94.252,can0  204  [16]  E1 22 50 46 50 46 50 46 28 23 20 4E 30 75 00 00
2025-11-08T03:09:44.692333,94.295,can0  041  [04]  3F 01 00 00
2025-11-08T03:09:44.692411,94.295,can0  206  [16]  97 0C DA 07 A7 0C DA DC EF 07 97 0C A3 0C 00 00
2025-11-08T03:09:44.713842,94.316,can0  204  [16]  E1 22 50 46 50 46 50 46 28 23 20 4E 30 75 00 00
2025-11-08T03:09:44.769296,94.372,can0  204  [16]  E1 22 50 46 50 46 50 46 28 23 20 4E 30 75 00 00
2025-11-08T03:09:44.832367,94.435,can0  204  [16]  E1 22 50 46 50 46 50 46 28 23 20 4E 30 75 00 00
2025-11-08T03:09:44.835728,94.438,can0  206  [16]  A3 0C DC 07 9F 0C 99 C6 F2 07 BF 0C A3 0C 00 00
2025-11-08T03:09:44.897498,94.500,can0  204  [16]  E1 22 50 46 50 46 50 46 28 23 20 4E 30 75 00 00
2025-11-08T03:09:44.940747,94.543,can0  041  [04]  3F 01 00 00
2025-11-08T03:09:44.949459,94.552,can0  204  [16]  E1 22 50 46 50 46 50 46 28 23 20 4E 30 75 00 00
2025-11-08T03:09:45.005584,94.608,can0  206  [16]  A7 0C DC 07 77 0C 99 C6 ED 07 EC 0C 9F 0C 00 00
2025-11-08T03:09:45.018609,94.621,can0  204  [16]  E1 22 50 46 50 46 50 46 28 23 20 4E 30 75 00 00
2025-11-08T03:09:45.066754,94.669,can0  204  [16]  E1 22 50 46 50 46 50 46 28 23 20 4E 30 75 00 00
2025-11-08T03:09:45.131479,94.734,can0  204  [16]  E1 22 50 46 50 46 50 46 28 23 20 4E 30 75 00 00
2025-11-08T03:09:45.174682,94.777,can0  206  [16]  9F 0C DA 07 9F 0C B1 E0 EF 07 C3 0C A3 0C 00 00
2025-11-08T03:09:45.182170,94.784,can0  204  [16]  E1 22 50 46 50 46 50 46 28 23 20 4E 30 75 00 00
2025-11-08T03:09:45.210739,94.813,can0  041  [04]  3F 01 00 00
2025-11-08T03:09:45.244679,94.847,can0  204  [16]  E1 22 50 46 50 46 50 46 28 23 20 4E 30 75 00 00
2025-11-08T03:09:45.296577,94.899,can0  204  [16]  E1 22 50 46 50 46 50 46 28 23 20 4E 30 75 00 00
2025-11-08T03:09:45.348075,94.950,can0  206  [16]  AB 0C DC 07 9B 0C B1 E0 F6 07 BF 0C 9F 0C 00 00
2025-11-08T03:09:45.359604,94.962,can0  204  [16]  E1 22 50 46 50 46 50 46 28 23 20 4E 30 75 00 00
2025-11-08T03:09:45.469427,95.072,can0  204  [16]  E1 22 50 46 50 46 50 46 28 23 20 4E 30 75 00 00
2025-11-08T03:09:45.469773,95.072,can0  204  [16]  E1 22 50 46 50 46 50 46 28 23 20 4E 30 75 00 00
2025-11-08T03:09:45.474835,95.077,can0  041  [04]  3F 01 00 00
2025-11-08T03:09:45.514516,95.117,can0  206  [16]  A7 0C D6 07 9B 0C 99 C6 10 08 B3 0C A3 0C 00 00
2025-11-08T03:09:45.530189,95.132,can0  204  [16]  E1 22 50 46 50 46 50 46 28 23 20 4E 30 75 00 00
2025-11-08T03:09:45.617568,95.220,can0  204  [16]  E1 22 50 46 50 46 50 46 28 23 20 4E 30 75 00 00
2025-11-08T03:09:45.642787,95.245,can0  204  [16]  E1 22 50 46 50 46 50 46 28 23 20 4E 30 75 00 00
2025-11-08T03:09:45.669416,95.272,can0  206  [16]  9F 0C E0 07 A7 0C 99 C6 F2 07 AB 0C A7 0C 00 00
2025-11-08T03:09:45.701275,95.304,can0  204  [16]  E1 22 50 46 50 46 50 46 28 23 20 4E 30 75 00 00
2025-11-08T03:09:45.736348,95.339,can0  041  [04]  3F 01 00 00
2025-11-08T03:09:45.760313,95.363,can0  204  [16]  E1 22 50 46 50 46 50 46 28 23 20 4E 30 75 00 00
2025-11-08T03:09:45.829340,95.432,can0  204  [16]  E1 22 50 46 50 46 50 46 28 23 20 4E 30 75 00 00
2025-11-08T03:09:45.837836,95.440,can0  206  [16]  AF 0C DC 07 93 0C DA DC F2 07 C3 0C 9B 0C 00 00
2025-11-08T03:09:45.872504,95.475,can0  204  [16]  E1 22 50 46 50 46 50 46 28 23 20 4E 30 75 00 00
2025-11-08T03:09:45.951071,95.553,can0  204  [16]  E1 22 50 46 50 46 50 46 28 23 20 4E 30 75 00 00
2025-11-08T03:09:46.004553,95.607,can0  206  [16]  93 0C E3 07 A7 0C DA DC ED 07 C7 0C A7 0C 00 00
2025-11-08T03:09:46.005408,95.608,can0  041  [04]  3F 01 00 00
2025-11-08T03:09:46.007227,95.609,can0  204  [16]  E1 22 50 46 50 46 50 46 28 23 20 4E 30 75 00 00
2025-11-08T03:09:46.063782,95.666,can0  204  [16]  E1 22 50 46 50 46 50 46 28 23 20 4E 30 75 00 00
2025-11-08T03:09:46.145355,95.748,can0  204  [16]  E1 22 50 46 50 46 50 46 28 23 20 4E 30 75 00 00
2025-11-08T03:09:46.162476,95.765,can0  206  [16]  AB 0C E0 07 9F 0C DA DC F2 07 C7 0C 9B 0C 00 00
2025-11-08T03:09:46.179048,95.781,can0  204  [16]  E1 22 50 46 50 46 50 46 28 23 20 4E 30 75 00 00
2025-11-08T03:09:46.249677,95.852,can0  204  [16]  E1 22 50 46 50 46 50 46 28 23 20 4E 30 75 00 00
2025-11-08T03:09:46.278648,95.881,can0  041  [04]  3F 01 00 00
2025-11-08T03:09:46.294489,95.897,can0  204  [16]  E1 22 50 46 50 46 50 46 28 23 20 4E 30 75 00 00
2025-11-08T03:09:46.338676,95.941,can0  206  [16]  A3 0C DA 07 97 0C 99 C6 F4 07 CF 0C A7 0C 00 00
2025-11-08T03:09:46.351138,95.953,can0  204  [16]  E1 22 50 46 50 46 50 46 28 23 20 4E 30 75 00 00
2025-11-08T03:09:46.411505,96.014,can0  204  [16]  E1 22 50 46 50 46 50 46 28 23 20 4E 30 75 00 00
2025-11-08T03:09:46.466660,96.069,can0  204  [16]  E1 22 50 46 50 46 50 46 28 23 20 4E 30 75 00 00
2025-11-08T03:09:46.504771,96.107,can0  206  [16]  9F 0C DC 07 A3 0C B1 E0 F2 07 AF 0C A7 0C 00 00
2025-11-08T03:09:46.535515,96.138,can0  204  [16]  E1 22 50 46 50 46 50 46 28 23 20 4E 30 75 00 00
2025-11-08T03:09:46.543727,96.146,can0  041  [04]  3F 01 00 00
2025-11-08T03:09:46.587635,96.190,can0  204  [16]  E1 22 50 46 50 46 50 46 28 23 20 4E 30 75 00 00
2025-11-08T03:09:46.678419,96.281,can0  204  [16]  E1 22 50 46 50 46 50 46 28 23 20 4E 30 75 00 00
2025-11-08T03:09:46.690898,96.293,can0  206  [16]  A3 0C DE 07 97 0C 3A DF F6 07 C3 0C A7 0C 00 00
2025-11-08T03:09:46.697617,96.300,can0  204  [16]  E1 22 50 46 50 46 50 46 28 23 20 4E 30 75 00 00
2025-11-08T03:09:46.763519,96.366,can0  204  [16]  E1 22 50 46 50 46 50 46 28 23 20 4E 30 75 00 00
2025-11-08T03:09:46.805740,96.408,can0  041  [04]  3F 01 00 00
2025-11-08T03:09:46.812223,96.414,can0  204  [16]  E1 22 50 46 50 46 50 46 28 23 20 4E 30 75 00 00
2025-11-08T03:09:46.856700,96.459,can0  206  [16]  A3 0C DC 07 A7 0C B1 E0 F2 07 BB 0C A3 0C 00 00
2025-11-08T03:09:46.871548,96.474,can0  204  [16]  E1 22 50 46 50 46 50 46 28 23 20 4E 30 75 00 00
2025-11-08T03:09:46.962316,96.565,can0  204  [16]  E1 22 50 46 50 46 50 46 28 23 20 4E 30 75 00 00
2025-11-08T03:09:47.000163,96.602,can0  204  [16]  E1 22 50 46 50 46 50 46 28 23 20 4E 30 75 00 00
2025-11-08T03:09:47.002916,96.605,can0  206  [16]  9B 0C DC 07 9F 0C DA DC EF 07 C3 0C A7 0C 00 00
2025-11-08T03:09:47.065057,96.667,can0  204  [16]  E1 22 50 46 50 46 50 46 28 23 20 4E 30 75 00 00
2025-11-08T03:09:47.069563,96.672,can0  041  [04]  3F 01 00 00
2025-11-08T03:09:47.122581,96.725,can0  204  [16]  E1 22 50 46 50 46 50 46 28 23 20 4E 30 75 00 00
2025-11-08T03:09:47.178662,96.781,can0  206  [16]  9F 0C DA 07 9F 0C DA DC EF 07 BB 0C A7 0C 00 00
2025-11-08T03:09:47.178727,96.781,can0  204  [16]  E1 22 50 46 50 46 50 46 28 23 20 4E 30 75 00 00
2025-11-08T03:09:47.271782,96.874,can0  204  [16]  E1 22 50 46 50 46 50 46 28 23 20 4E 30 75 00 00
2025-11-08T03:09:47.296112,96.898,can0  204  [16]  E1 22 50 46 50 46 50 46 28 23 20 4E 30 75 00 00
2025-11-08T03:09:47.335170,96.937,can0  206  [16]  9F 0C DC 07 9F 0C 99 C6 EF 07 BB 0C A7 0C 00 00
2025-11-08T03:09:47.336114,96.938,can0  041  [04]  3F 01 00 00
2025-11-08T03:09:47.373631,96.976,can0  204  [16]  E1 22 50 46 50 46 50 46 28 23 20 4E 30 75 00 00
2025-11-08T03:09:47.408973,97.011,can0  204  [16]  E1 22 50 46 50 46 50 46 28 23 20 4E 30 75 00 00
2025-11-08T03:09:47.460530,97.063,can0  204  [16]  E1 22 50 46 50 46 50 46 28 23 20 4E 30 75 00 00
2025-11-08T03:09:47.509939,97.112,can0  206  [16]  B3 0C DC 07 8F 0C C5 E1 F2 07 C7 0C 9B 0C 00 00
2025-11-08T03:09:47.518208,97.120,can0  204  [16]  E1 22 50 46 50 46 50 46 28 23 20 4E 30 75 00 00
2025-11-08T03:09:47.596952,97.199,can0  204  [16]  E1 22 50 46 50 46 50 46 28 23 20 4E 30 75 00 00
2025-11-08T03:09:47.612326,97.215,can0  041  [04]  3F 01 00 00
2025-11-08T03:09:47.638294,97.241,can0  204  [16]  E1 22 50 46 50 46 50 46 28 23 20 4E 30 75 00 00
2025-11-08T03:09:47.672957,97.275,can0  206  [16]  9B 0C D1 07 AB 0C 99 C6 F2 07 B3 0C AB 0C 00 00
2025-11-08T03:09:47.691601,97.294,can0  204  [16]  E1 22 50 46 50 46 50 46 28 23 20 4E 30 75 00 00
2025-11-08T03:09:47.783612,97.386,can0  204  [16]  E1 22 50 46 50 46 50 46 28 23 20 4E 30 75 00 00
2025-11-08T03:09:47.808367,97.411,can0  204  [16]  E1 22 50 46 50 46 50 46 28 23 20 4E 30 75 00 00
2025-11-08T03:09:47.839562,97.442,can0  206  [16]  9F 0C DA 07 8B 0C DA DC F2 07 D7 0C A7 0C 00 00
2025-11-08T03:09:47.869430,97.472,can0  204  [16]  E1 22 50 46 50 46 50 46 28 23 20 4E 30 75 00 00
2025-11-08T03:09:47.869498,97.472,can0  041  [04]  3F 01 00 00
2025-11-08T03:09:47.935919,97.538,can0  204  [16]  E1 22 50 46 50 46 50 46 28 23 20 4E 30 75 00 00
2025-11-08T03:09:48.022059,97.624,can0  204  [16]  E1 22 50 46 50 46 50 46 28 23 20 4E 30 75 00 00
2025-11-08T03:09:48.022778,97.625,can0  206  [16]  9F 0C DC 07 AB 0C DA DC EB 07 B7 0C A7 0C 00 00
2025-11-08T03:09:48.071883,97.674,can0  204  [16]  E1 22 50 46 50 46 50 46 28 23 20 4E 30 75 00 00
2025-11-08T03:09:48.121670,97.724,can0  204  [16]  E1 22 50 46 50 46 50 46 28 23 20 4E 30 75 00 00
2025-11-08T03:09:48.133649,97.736,can0  041  [04]  3F 01 00 00
2025-11-08T03:09:48.177260,97.780,can0  204  [16]  E1 22 50 46 50 46 50 46 28 23 20 4E 30 75 00 00
2025-11-08T03:09:48.196053,97.798,can0  206  [16]  9F 0C DC 07 9F 0C 99 C6 EF 07 BB 0C A7 0C 00 00
2025-11-08T03:09:48.225399,97.828,can0  204  [16]  E1 22 50 46 50 46 50 46 28 23 20 4E 30 75 00 00
2025-11-08T03:09:48.283305,97.886,can0  204  [16]  E1 22 50 46 50 46 50 46 28 23 20 4E 30 75 00 00
2025-11-08T03:09:48.331552,97.934,can0  206  [16]  AF 0C DC 07 8F 0C 3A DF F4 07 BB 0C A7 0C 00 00
2025-11-08T03:09:48.344199,97.946,can0  204  [16]  E1 22 50 46 50 46 50 46 28 23 20 4E 30 75 00 00
2025-11-08T03:09:48.400132,98.002,can0  204  [16]  E1 22 50 46 50 46 50 46 28 23 20 4E 30 75 00 00
2025-11-08T03:09:48.400200,98.002,can0  041  [04]  3F 01 00 00
2025-11-08T03:09:48.457698,98.060,can0  204  [16]  E1 22 50 46 50 46 50 46 28 23 20 4E 30 75 00 00
2025-11-08T03:09:48.504348,98.107,can0  206  [16]  9B 0C DE 07 8F 0C C5 E1 F2 07 CF 0C AB 0C 00 00
2025-11-08T03:09:48.514725,98.117,can0  204  [16]  E1 22 50 46 50 46 50 46 28 23 20 4E 30 75 00 00
2025-11-08T03:09:48.594594,98.197,can0  204  [16]  E1 22 50 46 50 46 50 46 28 23 20 4E 30 75 00 00
2025-11-08T03:09:48.643558,98.246,can0  204  [16]  E1 22 50 46 50 46 50 46 28 23 20 4E 30 75 00 00
2025-11-08T03:09:48.709102,98.311,can0  041  [04]  3F 01 00 00
2025-11-08T03:09:48.709333,98.312,can0  206  [16]  BB 0C DE 07 9F 0C DA DC EF 07 C3 0C 8B 0C 00 00
2025-11-08T03:09:48.709507,98.312,can0  204  [16]  E1 22 50 46 50 46 50 46 28 23 20 4E 30 75 00 00
2025-11-08T03:09:48.746125,98.348,can0  204  [16]  E1 22 50 46 50 46 50 46 28 23 20 4E 30 75 00 00
2025-11-08T03:09:48.808699,98.411,can0  204  [16]  E1 22 50 46 50 46 50 46 28 23 20 4E 30 75 00 00
2025-11-08T03:09:48.849054,98.451,can0  206  [16]  B3 0C DE 07 9F 0C DA DC EF 07 BF 0C 93 0C 00 00
2025-11-08T03:09:49.002975,98.605,can0  204  [16]  E1 22 50 46 50 46 50 46 28 23 20 4E 30 75 00 00
2025-11-08T03:09:49.007084,98.609,can0  204  [16]  E1 22 50 46 50 46 50 46 28 23 20 4E 30 75 00 00
2025-11-08T03:09:49.007144,98.609,can0  041  [04]  02 00 00 00
2025-11-08T03:09:49.011722,98.614,can0  204  [16]  E1 22 50 46 50 46 50 46 28 23 20 4E 30 75 00 00
2025-11-08T03:09:49.022180,98.624,can0  206  [16]  9F 0C DE 07 AB 0C 99 C6 F4 07 B7 0C AB 0C 00 00
2025-11-08T03:09:49.141211,98.743,can0  204  [16]  E1 22 50 46 50 46 50 46 28 23 20 4E 30 75 00 00
2025-11-08T03:09:49.141277,98.744,can0  204  [16]  E1 22 50 46 50 46 50 46 28 23 20 4E 30 75 00 00
2025-11-08T03:09:49.170575,98.773,can0  204  [16]  E1 22 50 46 50 46 50 46 28 23 20 4E 30 75 00 00
2025-11-08T03:09:49.182402,98.785,can0  206  [16]  AB 0C DC 07 9B 0C B1 E0 EF 07 CB 0C 9B 0C 00 00
2025-11-08T03:09:49.204906,98.807,can0  041  [04]  3F 01 00 00
2025-11-08T03:09:49.347899,98.950,can0  204  [16]  E1 22 50 46 50 46 50 46 28 23 20 4E 30 75 00 00
2025-11-08T03:09:49.347965,98.950,can0  204  [16]  E1 22 50 46 50 46 50 46 28 23 20 4E 30 75 00 00
2025-11-08T03:09:49.347986,98.950,can0  204  [16]  E1 22 50 46 50 46 50 46 28 23 20 4E 30 75 00 00
2025-11-08T03:09:49.354260,98.957,can0  206  [16]  C3 0C DC 07 9F 0C DA DC EF 07 C7 0C 83 0C 00 00
2025-11-08T03:09:49.423356,99.026,can0  204  [16]  E1 22 50 46 50 46 50 46 28 23 20 4E 30 75 00 00
2025-11-08T03:09:49.457748,99.060,can0  204  [16]  E1 22 50 46 50 46 50 46 28 23 20 4E 30 75 00 00
2025-11-08T03:09:49.469651,99.072,can0  041  [04]  3F 01 00 00
2025-11-08T03:09:49.524104,99.126,can0  204  [16]  E1 22 50 46 50 46 50 46 28 23 20 4E 30 75 00 00
2025-11-08T03:09:49.524168,99.126,can0  206  [16]  A3 0C DE 07 9B 0C DA DC EF 07 B7 0C A7 0C 00 00
2025-11-08T03:09:49.629803,99.232,can0  204  [16]  E1 22 50 46 50 46 50 46 28 23 20 4E 30 75 00 00
2025-11-08T03:09:49.629870,99.232,can0  204  [16]  E1 22 50 46 50 46 50 46 28 23 20 4E 30 75 00 00
2025-11-08T03:09:49.674742,99.277,can0  206  [16]  A3 0C DE 07 9B 0C DA DC F2 07 C3 0C A7 0C 00 00
2025-11-08T03:09:49.688077,99.290,can0  204  [16]  E1 22 50 46 50 46 50 46 28 23 20 4E 30 75 00 00
2025-11-08T03:09:49.763267,99.366,can0  041  [04]  3F 01 00 00
2025-11-08T03:09:49.763332,99.366,can0  204  [16]  E1 22 50 46 50 46 50 46 28 23 20 4E 30 75 00 00
2025-11-08T03:09:49.815653,99.418,can0  204  [16]  E1 22 50 46 50 46 50 46 28 23 20 4E 30 75 00 00
2025-11-08T03:09:49.953373,99.556,can0  206  [16]  97 0C DE 07 9F 0C 3A DF D6 07 C3 0C AB 0C 00 00
2025-11-08T03:09:49.954014,99.556,can0  204  [16]  E1 22 50 46 50 46 50 46 28 23 20 4E 30 75 00 00
2025-11-08T03:09:49.954048,99.556,can0  204  [16]  E1 22 50 46 50 46 50 46 28 23 20 4E 30 75 00 00
2025-11-08T03:09:49.994824,99.597,can0  204  [16]  E1 22 50 46 50 46 50 46 28 23 20 4E 30 75 00 00
2025-11-08T03:09:50.002787,99.605,can0  041  [04]  02 00 00 00
2025-11-08T03:09:50.008102,99.610,can0  206  [16]  AB 0C DC 07 97 0C DA DC 05 08 C3 0C A3 0C 00 00
2025-11-08T03:09:50.047095,99.649,can0  204  [16]  E1 22 50 46 50 46 50 46 28 23 20 4E 30 75 00 00
2025-11-08T03:09:50.196497,99.799,can0  204  [16]  E1 22 50 46 50 46 50 46 28 23 20 4E 30 75 00 00
2025-11-08T03:09:50.196742,99.799,can0  204  [16]  E1 22 50 46 50 46 50 46 28 23 20 4E 30 75 00 00
2025-11-08T03:09:50.196774,99.799,can0  206  [16]  A3 0C DE 07 9F 0C 99 C6 ED 07 BF 0C A3 0C 00 00
2025-11-08T03:09:50.251325,99.854,can0  204  [16]  E1 22 50 46 50 46 50 46 28 23 20 4E 30 75 00 00
2025-11-08T03:09:50.296181,99.898,can0  041  [04]  3F 01 00 00
2025-11-08T03:09:50.301869,99.904,can0  204  [16]  E1 22 50 46 50 46 50 46 28 23 20 4E 30 75 00 00
2025-11-08T03:09:50.364555,99.967,can0  206  [16]  9B 0C DC 07 97 0C DA DC F2 07 CB 0C AB 0C 00 00
2025-11-08T03:09:50.372582,99.975,can0  204  [16]  E1 22 50 46 50 46 50 46 28 23 20 4E 30 75 00 00
2025-11-08T03:09:50.392788,99.995,can0  204  [16]  E1 22 50 46 50 46 50 46 28 23 20 4E 30 75 00 00
2025-11-08T03:09:50.455933,100.058,can0  204  [16]  E1 22 50 46 50 46 50 46 28 23 20 4E 30 75 00 00
2025-11-08T03:09:50.586769,100.189,can0  206  [16]  C3 0C D8 07 7F 0C DA DC F2 07 BB 0C A7 0C 00 00
2025-11-08T03:09:50.586832,100.189,can0  204  [16]  E1 22 50 46 50 46 50 46 28 23 20 4E 30 75 00 00
2025-11-08T03:09:50.586853,100.189,can0  041  [04]  3F 01 00 00
2025-11-08T03:09:50.586870,100.189,can0  204  [16]  E1 22 50 46 50 46 50 46 28 23 20 4E 30 75 00 00
2025-11-08T03:09:50.644003,100.246,can0  204  [16]  E1 22 50 46 50 46 50 46 28 23 20 4E 30 75 00 00
2025-11-08T03:09:50.778910,100.381,can0  206  [16]  A3 0C DC 07 9B 0C 99 C6 F2 07 C7 0C A3 0C 00 00
2025-11-08T03:09:50.779220,100.381,can0  204  [16]  E1 22 50 46 50 46 50 46 28 23 20 4E 30 75 00 00
2025-11-08T03:09:50.779256,100.382,can0  204  [16]  E1 22 50 46 50 46 50 46 28 23 20 4E 30 75 00 00
2025-11-08T03:09:50.795504,100.398,can0  204  [16]  E1 22 50 46 50 46 50 46 28 23 20 4E 30 75 00 00
2025-11-08T03:09:50.796839,100.399,can0  041  [04]  3F 01 00 00
2025-11-08T03:09:50.858614,100.461,can0  206  [16]  9B 0C DE 07 9F 0C 3A DF F2 07 C7 0C AB 0C 00 00
2025-11-08T03:09:50.858768,100.461,can0  204  [16]  E1 22 50 46 50 46 50 46 28 23 20 4E 30 75 00 00
2025-11-08T03:09:50.912334,100.515,can0  204  [16]  E1 22 50 46 50 46 50 46 28 23 20 4E 30 75 00 00
2025-11-08T03:09:50.986742,100.589,can0  204  [16]  E1 22 50 46 50 46 50 46 28 23 20 4E 30 75 00 00
2025-11-08T03:09:50.992571,100.595,can0  206  [16]  A7 0C DE 07 97 0C 99 C6 F2 07 BB 0C A3 0C 00 00
2025-11-08T03:09:51.045595,100.648,can0  204  [16]  E1 22 50 46 50 46 50 46 28 23 20 4E 30 75 00 00
2025-11-08T03:09:51.065504,100.668,can0  041  [04]  3F 01 00 00
2025-11-08T03:09:51.101797,100.704,can0  204  [16]  E1 22 50 46 50 46 50 46 28 23 20 4E 30 75 00 00
2025-11-08T03:09:51.177447,100.780,can0  206  [16]  9F 0C DC 07 9F 0C 3A DF F6 07 BB 0C A3 0C 00 00
2025-11-08T03:09:51.177509,100.780,can0  204  [16]  E1 22 50 46 50 46 50 46 28 23 20 4E 30 75 00 00
2025-11-08T03:09:51.216760,100.819,can0  204  [16]  E1 22 50 46 50 46 50 46 28 23 20 4E 30 75 00 00
2025-11-08T03:09:51.290514,100.893,can0  204  [16]  E1 22 50 46 50 46 50 46 28 23 20 4E 30 75 00 00
2025-11-08T03:09:51.316949,100.919,can0  206  [16]  A3 0C DA 07 9F 0C 99 C6 F2 07 CB 0C A3 0C 00 00
2025-11-08T03:09:51.330089,100.932,can0  041  [04]  3F 01 00 00
2025-11-08T03:09:51.365523,100.968,can0  204  [16]  E1 22 50 46 50 46 50 46 28 23 20 4E 30 75 00 00
2025-11-08T03:09:51.392447,100.995,can0  204  [16]  E1 22 50 46 50 46 50 46 28 23 20 4E 30 75 00 00
2025-11-08T03:09:51.471980,101.074,can0  204  [16]  E1 22 50 46 50 46 50 46 28 23 20 4E 30 75 00 00
2025-11-08T03:09:51.505512,101.108,can0  206  [16]  A7 0C DE 07 8F 0C 99 C6 F2 07 CB 0C A3 0C 00 00
2025-11-08T03:09:51.505566,101.108,can0  204  [16]  E1 22 50 46 50 46 50 46 28 23 20 4E 30 75 00 00
2025-11-08T03:09:51.566520,101.169,can0  204  [16]  E1 22 50 46 50 46 50 46 28 23 20 4E 30 75 00 00
2025-11-08T03:09:51.598216,101.200,can0  041  [04]  3F 01 00 00
2025-11-08T03:09:51.619477,101.222,can0  204  [16]  E1 22 50 46 50 46 50 46 28 23 20 4E 30 75 00 00
2025-11-08T03:09:51.667445,101.270,can0  206  [16]  AB 0C DE 07 B7 0C 99 C6 F2 07 A7 0C 9B 0C 00 00
2025-11-08T03:09:51.676493,101.279,can0  204  [16]  E1 22 50 46 50 46 50 46 28 23 20 4E 30 75 00 00
2025-11-08T03:09:51.735053,101.337,can0  204  [16]  E1 22 50 46 50 46 50 46 28 23 20 4E 30 75 00 00
2025-11-08T03:09:51.798931,101.401,can0  204  [16]  E1 22 50 46 50 46 50 46 28 23 20 4E 30 75 00 00
2025-11-08T03:09:51.834203,101.436,can0  206  [16]  A3 0C E3 07 9F 0C 99 C6 F6 07 BF 0C A3 0C 00 00
2025-11-08T03:09:51.864420,101.467,can0  204  [16]  E1 22 50 46 50 46 50 46 28 23 20 4E 30 75 00 00
2025-11-08T03:09:51.868329,101.472,can0  041  [04]  3F 01 00 00
2025-11-08T03:09:51.914115,101.516,can0  204  [16]  E1 22 50 46 50 46 50 46 28 23 20 4E 30 75 00 00
2025-11-08T03:09:51.984968,101.587,can0  204  [16]  E1 22 50 46 50 46 50 46 28 23 20 4E 30 75 00 00
2025-11-08T03:09:51.992641,101.595,can0  206  [16]  A3 0C DE 07 9B 0C DA DC D8 07 BB 0C A3 0C 00 00
2025-11-08T03:09:52.043533,101.646,can0  204  [16]  E1 22 50 46 50 46 50 46 28 23 20 4E 30 75 00 00
2025-11-08T03:09:52.102583,101.705,can0  204  [16]  E1 22 50 46 50 46 50 46 28 23 20 4E 30 75 00 00
2025-11-08T03:09:52.131598,101.734,can0  041  [04]  3F 01 00 00
2025-11-08T03:09:52.156467,101.759,can0  204  [16]  E1 22 50 46 50 46 50 46 28 23 20 4E 30 75 00 00
2025-11-08T03:09:52.159947,101.762,can0  206  [16]  A3 0C DE 07 9B 0C 3A DF EF 07 10 0D A3 0C 00 00
2025-11-08T03:09:52.221521,101.824,can0  204  [16]  E1 22 50 46 50 46 50 46 28 23 20 4E 30 75 00 00
2025-11-08T03:09:52.300525,101.903,can0  204  [16]  E1 22 50 46 50 46 50 46 28 23 20 4E 30 75 00 00
2025-11-08T03:09:52.324313,101.927,can0  206  [16]  97 0C E9 07 9B 0C 3A DF DC 07 C3 0C AF 0C 00 00
2025-11-08T03:09:52.330216,101.932,can0  204  [16]  E1 22 50 46 50 46 50 46 28 23 20 4E 30 75 00 00
2025-11-08T03:09:52.388223,101.990,can0  204  [16]  E1 22 50 46 50 46 50 46 28 23 20 4E 30 75 00 00
2025-11-08T03:09:52.394068,101.996,can0  041  [04]  3F 01 00 00
2025-11-08T03:09:52.445819,102.048,can0  204  [16]  E1 22 50 46 50 46 50 46 28 23 20 4E 30 75 00 00
2025-11-08T03:09:52.490010,102.092,can0  206  [16]  B3 0C DC 07 A3 0C 99 C6 F4 07 C3 0C 8F 0C 00 00
2025-11-08T03:09:52.500650,102.103,can0  204  [16]  E1 22 50 46 50 46 50 46 28 23 20 4E 30 75 00 00
2025-11-08T03:09:52.597621,102.200,can0  204  [16]  E1 22 50 46 50 46 50 46 28 23 20 4E 30 75 00 00
2025-11-08T03:09:52.621778,102.224,can0  204  [16]  E1 22 50 46 50 46 50 46 28 23 20 4E 30 75 00 00
2025-11-08T03:09:52.653100,102.255,can0  206  [16]  A3 0C DE 07 97 0C 3A DF EF 07 BF 0C A7 0C 00 00
2025-11-08T03:09:52.680795,102.283,can0  041  [04]  E4 00 00 00
2025-11-08T03:09:52.680867,102.283,can0  204  [16]  E1 22 50 46 50 46 50 46 28 23 20 4E 30 75 00 00
2025-11-08T03:09:52.735567,102.338,can0  204  [16]  E1 22 50 46 50 46 50 46 28 23 20 4E 30 75 00 00
2025-11-08T03:09:52.787384,102.390,can0  204  [16]  E1 22 50 46 50 46 50 46 28 23 20 4E 30 75 00 00
2025-11-08T03:09:52.827489,102.430,can0  206  [16]  AB 0C DE 07 9F 0C 3A DF F4 07 C3 0C 9F 0C 00 00
2025-11-08T03:09:52.844527,102.447,can0  204  [16]  E1 22 50 46 50 46 50 46 28 23 20 4E 30 75 00 00
2025-11-08T03:09:52.907654,102.510,can0  204  [16]  E1 22 50 46 50 46 50 46 28 23 20 4E 30 75 00 00
2025-11-08T03:09:52.933168,102.535,can0  041  [04]  8B 00 00 00
2025-11-08T03:09:52.993733,102.596,can0  204  [16]  E1 22 50 46 50 46 50 46 28 23 20 4E 30 75 00 00
2025-11-08T03:09:52.997792,102.600,can0  206  [16]  A3 0C DE 07 9B 0C DA DC EF 07 C3 0C A3 0C 00 00
2025-11-08T03:09:53.040843,102.643,can0  204  [16]  E1 22 50 46 50 46 50 46 28 23 20 4E 30 75 00 00
2025-11-08T03:09:53.102759,102.705,can0  204  [16]  E1 22 50 46 50 46 50 46 28 23 20 4E 30 75 00 00
2025-11-08T03:09:53.150412,102.753,can0  204  [16]  E1 22 50 46 50 46 50 46 28 23 20 4E 30 75 00 00
2025-11-08T03:09:53.161732,102.764,can0  206  [16]  D3 0C DA 07 77 0C A0 E2 F2 07 BB 0C 9F 0C 00 00
2025-11-08T03:09:53.209038,102.811,can0  041  [04]  8B 00 00 00
2025-11-08T03:09:53.209249,102.812,can0  204  [16]  E1 22 50 46 50 46 50 46 28 23 20 4E 30 75 00 00
2025-11-08T03:09:53.267618,102.870,can0  204  [16]  E1 22 50 46 50 46 50 46 28 23 20 4E 30 75 00 00
2025-11-08T03:09:53.324971,102.927,can0  204  [16]  E1 22 50 46 50 46 50 46 28 23 20 4E 30 75 00 00
2025-11-08T03:09:53.348598,102.951,can0  206  [16]  A3 0C DE 07 9B 0C DA DC F6 07 C7 0C A3 0C 00 00
2025-11-08T03:09:53.388494,102.991,can0  204  [16]  E1 22 50 46 50 46 50 46 28 23 20 4E 30 75 00 00
2025-11-08T03:09:53.441391,103.044,can0  204  [16]  E1 22 50 46 50 46 50 46 28 23 20 4E 30 75 00 00
2025-11-08T03:09:53.458880,103.061,can0  041  [04]  E4 00 00 00
2025-11-08T03:09:53.505527,103.108,can0  206  [16]  A3 0C DC 07 9F 0C 3A DF EF 07 C3 0C A3 0C 00 00
2025-11-08T03:09:53.518516,103.121,can0  204  [16]  E1 22 50 46 50 46 50 46 28 23 20 4E 30 75 00 00
2025-11-08T03:09:53.553428,103.156,can0  204  [16]  E1 22 50 46 50 46 50 46 28 23 20 4E 30 75 00 00
2025-11-08T03:09:53.622026,103.224,can0  204  [16]  E1 22 50 46 50 46 50 46 28 23 20 4E 30 75 00 00
2025-11-08T03:09:53.657002,103.259,can0  206  [16]  9F 0C DC 07 9B 0C DA DC F4 07 BF 0C A7 0C 00 00
2025-11-08T03:09:53.669724,103.272,can0  204  [16]  E1 22 50 46 50 46 50 46 28 23 20 4E 30 75 00 00
2025-11-08T03:09:53.733135,103.335,can0  204  [16]  E1 22 50 46 50 46 50 46 28 23 20 4E 30 75 00 00
2025-11-08T03:09:53.733355,103.336,can0  041  [04]  E4 00 00 00
2025-11-08T03:09:53.788280,103.391,can0  204  [16]  E1 22 50 46 50 46 50 46 28 23 20 4E 30 75 00 00
2025-11-08T03:09:53.820524,103.423,can0  206  [16]  97 0C DC 07 A3 0C DA DC FF 07 C3 0C A7 0C 00 00
2025-11-08T03:09:53.844694,103.447,can0  204  [16]  E1 22 50 46 50 46 50 46 28 23 20 4E 30 75 00 00
2025-11-08T03:09:53.928810,103.531,can0  204  [16]  E1 22 50 46 50 46 50 46 28 23 20 4E 30 75 00 00
2025-11-08T03:09:53.975349,103.578,can0  204  [16]  E1 22 50 46 50 46 50 46 28 23 20 4E 30 75 00 00
2025-11-08T03:09:53.996232,103.599,can0  206  [16]  9F 0C DE 07 93 0C 99 C6 F2 07 CF 0C A7 0C 00 00
2025-11-08T03:09:53.996285,103.599,can0  041  [04]  E4 00 00 00
2025-11-08T03:09:54.031443,103.634,can0  204  [16]  E1 22 50 46 50 46 50 46 28 23 20 4E 30 75 00 00
2025-11-08T03:09:54.095452,103.698,can0  204  [16]  E1 22 50 46 50 46 50 46 28 23 20 4E 30 75 00 00
2025-11-08T03:09:54.147773,103.750,can0  204  [16]  E1 22 50 46 50 46 50 46 28 23 20 4E 30 75 00 00
2025-11-08T03:09:54.161838,103.764,can0  206  [16]  9F 0C DC 07 9F 0C DA DC F2 07 C3 0C A7 0C 00 00
2025-11-08T03:09:54.219934,103.822,can0  204  [16]  E1 22 50 46 50 46 50 46 28 23 20 4E 30 75 00 00
2025-11-08T03:09:54.269026,103.871,can0  041  [04]  8B 00 00 00
2025-11-08T03:09:54.269903,103.872,can0  204  [16]  E1 22 50 46 50 46 50 46 28 23 20 4E 30 75 00 00
2025-11-08T03:09:54.348289,103.951,can0  204  [16]  E1 22 50 46 50 46 50 46 28 23 20 4E 30 75 00 00
2025-11-08T03:09:54.348356,103.951,can0  206  [16]  A3 0C DA 07 97 0C DA DC ED 07 E3 0C A7 0C 00 00
2025-11-08T03:09:54.378819,103.981,can0  204  [16]  E1 22 50 46 50 46 50 46 28 23 20 4E 30 75 00 00
2025-11-08T03:09:54.439156,104.041,can0  204  [16]  E1 22 50 46 50 46 50 46 28 23 20 4E 30 75 00 00
2025-11-08T03:09:54.482675,104.085,can0  206  [16]  A3 0C D8 07 9B 0C DA DC F2 07 C3 0C A3 0C 00 00
2025-11-08T03:09:54.496035,104.098,can0  204  [16]  E1 22 50 46 50 46 50 46 28 23 20 4E 30 75 00 00
2025-11-08T03:09:54.526969,104.129,can0  041  [04]  3F 01 00 00
2025-11-08T03:09:54.553011,104.155,can0  204  [16]  E1 22 50 46 50 46 50 46 28 23 20 4E 30 75 00 00
2025-11-08T03:09:54.660790,104.263,can0  204  [16]  E1 22 50 46 50 46 50 46 28 23 20 4E 30 75 00 00
2025-11-08T03:09:54.664543,104.267,can0  206  [16]  9F 0C DC 07 9F 0C 3A DF F2 07 B7 0C AB 0C 00 00
2025-11-08T03:09:54.667654,104.270,can0  204  [16]  E1 22 50 46 50 46 50 46 28 23 20 4E 30 75 00 00
2025-11-08T03:09:54.770430,104.373,can0  204  [16]  E1 22 50 46 50 46 50 46 28 23 20 4E 30 75 00 00
2025-11-08T03:09:54.784495,104.387,can0  204  [16]  E1 22 50 46 50 46 50 46 28 23 20 4E 30 75 00 00
2025-11-08T03:09:54.795489,104.398,can0  041  [04]  3F 01 00 00
2025-11-08T03:09:54.864521,104.467,can0  206  [16]  A3 0C DA 07 97 0C DA DC EF 07 A7 0C A7 0C 00 00
2025-11-08T03:09:54.864587,104.467,can0  204  [16]  E1 22 50 46 50 46 50 46 28 23 20 4E 30 75 00 00
2025-11-08T03:09:54.897364,104.500,can0  204  [16]  E1 22 50 46 50 46 50 46 28 23 20 4E 30 75 00 00
2025-11-08T03:09:54.980571,104.583,can0  204  [16]  E1 22 50 46 50 46 50 46 28 23 20 4E 30 75 00 00
2025-11-08T03:09:54.988614,104.591,can0  206  [16]  9F 0C DC 07 97 0C B1 E0 F2 07 BF 0C AB 0C 00 00
2025-11-08T03:09:55.039344,104.642,can0  204  [16]  E1 22 50 46 50 46 50 46 28 23 20 4E 30 75 00 00
2025-11-08T03:09:55.056596,104.659,can0  041  [04]  3F 01 02 00
2025-11-08T03:09:55.086963,104.689,can0  204  [16]  E1 22 50 46 50 46 50 46 28 23 20 4E 30 75 00 00
2025-11-08T03:09:55.149565,104.752,can0  204  [16]  E1 22 50 46 50 46 50 46 28 23 20 4E 30 75 00 00
2025-11-08T03:09:55.159654,104.762,can0  206  [16]  AF 0C EB 07 97 0C DA DC F2 07 CB 0C 9B 0C 00 00
2025-11-08T03:09:55.203411,104.806,can0  204  [16]  E1 22 50 46 50 46 50 46 28 23 20 4E 30 75 00 00
2025-11-08T03:09:55.261389,104.864,can0  204  [16]  E1 22 50 46 50 46 50 46 28 23 20 4E 30 75 00 00
2025-11-08T03:09:55.319127,104.921,can0  204  [16]  E1 22 50 46 50 46 50 46 28 23 20 4E 30 75 00 00
2025-11-08T03:09:55.319576,104.922,can0  206  [16]  97 0C DE 07 9F 0C 99 C6 F4 07 C7 0C A7 0C 00 00
2025-11-08T03:09:55.325440,104.928,can0  041  [04]  52 01 02 00
2025-11-08T03:09:55.376810,104.979,can0  204  [16]  E1 22 50 46 50 46 50 46 28 23 20 4E 30 75 00 00
2025-11-08T03:09:55.466285,105.069,can0  204  [16]  E1 22 50 46 50 46 50 46 28 23 20 4E 30 75 00 00
2025-11-08T03:09:55.483794,105.086,can0  206  [16]  A3 0C E0 07 9B 0C DA DC EF 07 C3 0C A3 0C 00 00
2025-11-08T03:09:55.492077,105.094,can0  204  [16]  E1 22 50 46 50 46 50 46 28 23 20 4E 30 75 00 00
2025-11-08T03:09:55.568085,105.170,can0  204  [16]  E1 22 50 46 50 46 50 46 28 23 20 4E 30 75 00 00
2025-11-08T03:09:55.596738,105.199,can0  041  [04]  3F 01 00 00
2025-11-08T03:09:55.603297,105.206,can0  204  [16]  E1 22 50 46 50 46 50 46 28 23 20 4E 30 75 00 00
2025-11-08T03:09:55.660871,105.263,can0  206  [16]  A3 0C DE 07 8F 0C 99 C6 F2 07 D3 0C A3 0C 00 00
2025-11-08T03:09:55.671998,105.274,can0  204  [16]  E1 22 50 46 50 46 50 46 28 23 20 4E 30 75 00 00
2025-11-08T03:09:55.721947,105.324,can0  204  [16]  E1 22 50 46 50 46 50 46 28 23 20 4E 30 75 00 00
2025-11-08T03:09:55.782388,105.385,can0  204  [16]  E1 22 50 46 50 46 50 46 28 23 20 4E 30 75 00 00
2025-11-08T03:09:55.819133,105.421,can0  206  [16]  9F 0C DE 07 9B 0C 99 C6 F2 07 B7 0C AB 0C 00 00
2025-11-08T03:09:55.859083,105.461,can0  204  [16]  E1 22 50 46 50 46 50 46 28 23 20 4E 30 75 00 00
2025-11-08T03:09:55.876261,105.479,can0  041  [04]  02 00 00 00
2025-11-08T03:09:55.904579,105.507,can0  204  [16]  E1 22 50 46 50 46 50 46 28 23 20 4E 30 75 00 00
2025-11-08T03:09:55.978180,105.580,can0  204  [16]  E1 22 50 46 50 46 50 46 28 23 20 4E 30 75 00 00
2025-11-08T03:09:55.987629,105.590,can0  206  [16]  9F 0C D3 07 97 0C C5 E1 F2 07 BF 0C AB 0C 00 00
2025-11-08T03:09:56.025962,105.628,can0  204  [16]  E1 22 50 46 50 46 50 46 28 23 20 4E 30 75 00 00
2025-11-08T03:09:56.093416,105.696,can0  204  [16]  E1 22 50 46 50 46 50 46 28 23 20 4E 30 75 00 00
2025-11-08T03:09:56.122146,105.724,can0  041  [04]  3F 01 00 00
2025-11-08T03:09:56.144863,105.747,can0  204  [16]  E1 22 50 46 50 46 50 46 28 23 20 4E 30 75 00 00
2025-11-08T03:09:56.157385,105.760,can0  206  [16]  9F 0C DC 07 97 0C DA DC F6 07 00 0D A7 0C 00 00
2025-11-08T03:09:56.203577,105.806,can0  204  [16]  E1 22 50 46 50 46 50 46 28 23 20 4E 30 75 00 00
2025-11-08T03:09:56.276783,105.879,can0  204  [16]  E1 22 50 46 50 46 50 46 28 23 20 4E 30 75 00 00
2025-11-08T03:09:56.318313,105.921,can0  204  [16]  E1 22 50 46 50 46 50 46 28 23 20 4E 30 75 00 00
2025-11-08T03:09:56.318931,105.921,can0  206  [16]  9F 0C DC 07 9F 0C DA DC F2 07 B7 0C A7 0C 00 00
2025-11-08T03:09:56.385747,105.988,can0  204  [16]  E1 22 50 46 50 46 50 46 28 23 20 4E 30 75 00 00
2025-11-08T03:09:56.390982,105.993,can0  041  [04]  3F 01 00 00
2025-11-08T03:09:56.427820,106.030,can0  204  [16]  E1 22 50 46 50 46 50 46 28 23 20 4E 30 75 00 00
2025-11-08T03:09:56.492210,106.094,can0  206  [16]  8F 0C DE 07 A3 0C F4 E3 ED 07 CB 0C AB 0C 00 00
2025-11-08T03:09:56.492273,106.095,can0  204  [16]  E1 22 50 46 50 46 50 46 28 23 20 4E 30 75 00 00
2025-11-08T03:09:56.545119,106.147,can0  204  [16]  E1 22 50 46 50 46 50 46 28 23 20 4E 30 75 00 00
2025-11-08T03:09:56.610239,106.213,can0  204  [16]  E1 22 50 46 50 46 50 46 28 23 20 4E 30 75 00 00
2025-11-08T03:09:56.647260,106.250,can0  206  [16]  A3 0C E0 07 9B 0C B1 E0 F6 07 BB 0C A7 0C 00 00
2025-11-08T03:09:56.656467,106.259,can0  041  [04]  3F 01 00 00
2025-11-08T03:09:56.658868,106.261,can0  204  [16]  E1 22 50 46 50 46 50 46 28 23 20 4E 30 75 00 00
2025-11-08T03:09:56.718710,106.321,can0  204  [16]  E1 22 50 46 50 46 50 46 28 23 20 4E 30 75 00 00
2025-11-08T03:09:56.806794,106.409,can0  204  [16]  E1 22 50 46 50 46 50 46 28 23 20 4E 30 75 00 00
2025-11-08T03:09:56.814125,106.416,can0  206  [16]  A3 0C DC 07 9B 0C DA DC F6 07 C3 0C A7 0C 00 00
2025-11-08T03:09:56.830854,106.433,can0  204  [16]  E1 22 50 46 50 46 50 46 28 23 20 4E 30 75 00 00
2025-11-08T03:09:56.890682,106.493,can0  204  [16]  E1 22 50 46 50 46 50 46 28 23 20 4E 30 75 00 00
2025-11-08T03:09:56.934497,106.537,can0  041  [04]  02 00 00 00
2025-11-08T03:09:56.999503,106.602,can0  204  [16]  E1 22 50 46 50 46 50 46 28 23 20 4E 30 75 00 00
2025-11-08T03:09:56.999952,106.602,can0  206  [16]  9F 0C E3 07 9F 0C DA DC EF 07 BB 0C A3 0C 00 00
2025-11-08T03:09:57.022126,106.624,can0  204  [16]  E1 22 50 46 50 46 50 46 28 23 20 4E 30 75 00 00
2025-11-08T03:09:57.085782,106.688,can0  204  [16]  E1 22 50 46 50 46 50 46 28 23 20 4E 30 75 00 00
2025-11-08T03:09:57.137663,106.740,can0  204  [16]  E1 22 50 46 50 46 50 46 28 23 20 4E 30 75 00 00
2025-11-08T03:09:57.151527,106.754,can0  206  [16]  97 0C DA 07 A3 0C DA DC EF 07 BF 0C AB 0C 00 00
2025-11-08T03:09:57.189639,106.792,can0  041  [04]  02 00 00 00
2025-11-08T03:09:57.202870,106.805,can0  204  [16]  E1 22 50 46 50 46 50 46 28 23 20 4E 30 75 00 00
2025-11-08T03:09:57.255183,106.857,can0  204  [16]  E1 22 50 46 50 46 50 46 28 23 20 4E 30 75 00 00
2025-11-08T03:09:57.342233,106.945,can0  204  [16]  E1 22 50 46 50 46 50 46 28 23 20 4E 30 75 00 00
2025-11-08T03:09:57.342439,106.945,can0  206  [16]  9F 0C DA 07 9F 0C 3A DF F2 07 C7 0C A3 0C 00 00
2025-11-08T03:09:57.373455,106.976,can0  204  [16]  E1 22 50 46 50 46 50 46 28 23 20 4E 30 75 00 00
2025-11-08T03:09:57.435276,107.038,can0  204  [16]  E1 22 50 46 50 46 50 46 28 23 20 4E 30 75 00 00
2025-11-08T03:09:57.453971,107.056,can0  041  [04]  2F 00 00 00
2025-11-08T03:09:57.511932,107.114,can0  204  [16]  E1 22 50 46 50 46 50 46 28 23 20 4E 30 75 00 00
2025-11-08T03:09:57.511993,107.114,can0  206  [16]  B3 0C DC 07 8B 0C 99 C6 D3 07 BF 0C A3 0C 00 00
2025-11-08T03:09:57.547217,107.149,can0  204  [16]  E1 22 50 46 50 46 50 46 28 23 20 4E 30 75 00 00
2025-11-08T03:09:57.602516,107.205,can0  204  [16]  E1 22 50 46 50 46 50 46 28 23 20 4E 30 75 00 00
2025-11-08T03:09:57.649368,107.252,can0  206  [16]  9B 0C DC 07 9B 0C 3A DF F6 07 C7 0C A7 0C 00 00
2025-11-08T03:09:57.656893,107.259,can0  204  [16]  E1 22 50 46 50 46 50 46 28 23 20 4E 30 75 00 00
2025-11-08T03:09:57.754031,107.356,can0  204  [16]  E1 22 50 46 50 46 50 46 28 23 20 4E 30 75 00 00
2025-11-08T03:09:57.754098,107.356,can0  041  [04]  8B 00 00 00
2025-11-08T03:09:57.773369,107.376,can0  204  [16]  E1 22 50 46 50 46 50 46 28 23 20 4E 30 75 00 00
2025-11-08T03:09:57.821214,107.423,can0  206  [16]  A3 0C DE 07 97 0C DA DC EF 07 C7 0C A7 0C 00 00
2025-11-08T03:09:57.836502,107.439,can0  204  [16]  E1 22 50 46 50 46 50 46 28 23 20 4E 30 75 00 00
2025-11-08T03:09:57.886839,107.489,can0  204  [16]  E1 22 50 46 50 46 50 46 28 23 20 4E 30 75 00 00
2025-11-08T03:09:57.958030,107.560,can0  204  [16]  E1 22 50 46 50 46 50 46 28 23 20 4E 30 75 00 00
2025-11-08T03:09:57.986773,107.589,can0  206  [16]  A7 0C DC 07 9F 0C DA DC F2 07 BB 0C A3 0C 00 00
2025-11-08T03:09:58.015994,107.618,can0  041  [04]  8B 00 00 00
2025-11-08T03:09:58.023176,107.625,can0  204  [16]  E1 22 50 46 50 46 50 46 28 23 20 4E 30 75 00 00
2025-11-08T03:09:58.077637,107.680,can0  204  [16]  E1 22 50 46 50 46 50 46 28 23 20 4E 30 75 00 00
