Timestamp,Elapsed_Time_s,CAN_Message
2025-08-09T00:02:06.675783,3.298,"can1  206  [16]  5F 62 00 1D 42 64 AD 1B 19 19 D3 68 89 5F 00 00
  can1  206  [16]  5F 62 07 1D 1A 64 D7 1B 10 19 23 69 61 5F 00 00"
2025-08-09T00:02:06.961475,3.584,"can1  206  [16]  5F 62 00 1D C9 63 D7 1B 0B 19 C4 69 61 5F 00 00
  can1  206  [16]  BD 61 00 1D A1 63 E8 1B 0B 19 3D 6A 61 5F 00 00"
2025-08-09T00:02:06.961475,3.584,"can1  206  [16]  95 61 A7 1C 5F 62 8E 1C F8 18 74 69 7E 5D 00 00
  can1  206  [16]  87 62 5C 1C AF 62 A0 1C D2 18 23 69 8C 5C 00 00"
2025-08-09T00:02:06.961475,3.584,"can1  206  [16]  D8 62 43 1C 5F 62 8E 1C BF 18 D3 68 B4 5C 00 00
  can1  206  [16]  0E 62 31 1C BD 61 68 1C B0 18 AA 68 8C 5C 00 00"
2025-08-09T00:02:07.119353,3.742,"can1  206  [16]  AF 62 2B 1C 6D 61 62 1C 90 18 FD 65 EB 5B 00 00
  can1  206  [16]  BB 64 5C 1C 10 5F FA 1B B5 18 6A 64 2D 5D 00 00"
2025-08-09T00:02:07.325781,3.948,"can1  206  [16]  93 64 F3 1C 2B 60 B3 1B 19 19 76 66 B2 5F 00 00
  can1  206  [16]  D8 62 3B 1D 79 63 BF 1B 1E 19 B9 67 02 60 00 00
  can1  206  [16]  D8 62 14 1D A1 63 B9 1B 19 19 E1 67 B2 5F 00 00"
2025-08-09T00:02:07.325781,3.948,"can1  206  [16]  5F 62 0D 1D A1 63 C5 1B 15 19 82 68 B2 5F 00 00
  can1  206  [16]  95 61 E0 1C 00 63 1F 1C 01 19 4C 69 98 5E 00 00"
2025-08-09T00:02:07.548191,4.171,"can1  206  [16]  6D 61 31 1C 1C 61 87 1C 8B 18 BB 64 C2 5B 00 00
  can1  206  [16]  42 64 50 1C E8 5E 13 1C A7 18 42 64 05 5D 00 00"
2025-08-09T00:02:07.548191,4.171,"can1  206  [16]  F2 63 D3 1C 53 60 BF 1B 0B 19 4E 66 B2 5F 00 00
  can1  206  [16]  0E 62 35 1D D8 62 C5 1B 19 19 E1 67 DA 5F 00 00"
2025-08-09T00:02:07.769590,4.392,"can1  206  [16]  0E 62 07 1D 28 63 B3 1B 19 19 AA 68 DA 5F 00 00
  can1  206  [16]  6D 61 F3 1C 28 63 0C 1C 06 19 8E 6A C0 5E 00 00
  can1  206  [16]  45 61 3D 1C E6 61 B3 1C BF 18 FB 68 3B 5C 00 00"
2025-08-09T00:02:07.769590,4.392,"can1  206  [16]  50 63 1F 1C F4 60 87 1C 8B 18 FD 65 3B 5C 00 00
  can1  206  [16]  76 66 62 1C 10 5F 06 1C BF 18 93 64 7E 5D 00 00"
2025-08-09T00:02:07.991806,4.614,"can1  206  [16]  BB 64 1A 1D 7B 60 CB 1B 1E 19 68 67 B2 5F 00 00
  can1  206  [16]  AF 62 28 1D 79 63 DD 1B 1E 19 FB 68 89 5F 00 00"
2025-08-09T00:02:07.991806,4.614,"can1  206  [16]  D8 62 0D 1D F2 63 E3 1B 15 19 74 69 61 5F 00 00
  can1  206  [16]  95 61 DA 1C 00 63 43 1C FD 18 15 6A 6F 5E 00 00"
2025-08-09T00:02:08.213300,4.836,"can1  206  [16]  6D 61 31 1C 1C 61 9A 1C 94 18 D5 65 13 5C 00 00
  can1  206  [16]  D5 65 56 1C 39 5F 25 1C AC 18 E3 64 2D 5D 00 00"
2025-08-09T00:02:08.213300,4.836,can1  206  [16]  6A 64 D3 1C 7B 60 C5 1B 10 19 76 66 DA 5F 00 00
2025-08-09T00:02:08.420158,5.043,"can1  206  [16]  0E 62 35 1D 50 63 B3 1B 19 19 B9 67 DA 5F 00 00
  can1  206  [16]  BD 61 0D 1D 79 63 AD 1B 23 19 AA 68 53 60 00 00"
2025-08-09T00:02:08.420158,5.043,"can1  206  [16]  E6 61 0D 1D 79 63 AD 1B 19 19 FB 68 B2 5F 00 00
  can1  206  [16]  6D 61 E7 1C 28 63 00 1C F3 18 9C 69 98 5E 00 00
  can1  206  [16]  45 61 37 1C 95 61 75 1C 78 18 E3 64 9A 5B 00 00"
2025-08-09T00:02:08.642649,5.265,"can1  206  [16]  1A 64 56 1C 39 5F 13 1C 94 18 6A 64 B4 5C 00 00
  can1  206  [16]  F2 63 CD 1C 53 60 B9 1B FD 18 4E 66 7B 60 00 00"
2025-08-09T00:02:08.642649,5.265,"can1  206  [16]  0E 62 49 1D D8 62 B9 1B 01 19 68 67 02 60 00 00
  can1  206  [16]  E6 61 1A 1D A1 63 AD 1B 23 19 09 68 DA 5F 00 00"
2025-08-09T00:02:08.864480,5.487,"can1  206  [16]  6D 61 07 1D F2 63 E8 1B 10 19 66 6A 39 5F 00 00
  can1  206  [16]  F4 60 56 1C 87 62 94 1C CD 18 FB 68 8C 5C 00 00"
2025-08-09T00:02:08.864480,5.487,"can1  206  [16]  0E 62 2B 1C 95 61 68 1C 90 18 E3 64 13 5C 00 00
  can1  206  [16]  93 64 62 1C 89 5F EE 1B B5 18 E3 64 55 5D 00 00"
2025-08-09T00:02:09.086476,5.709,can1  206  [16]  A1 63 ED 1C 7B 60 BF 1B 2D 19 EF 66 B2 5F 00 00
2025-08-09T00:02:09.086476,5.709,"can1  206  [16]  6D 61 14 1D A1 63 F4 1B 10 19 4C 69 E8 5E 00 00
  can1  206  [16]  CC 60 50 1C 36 62 94 1C C3 18 31 68 8C 5C 00 00
  can1  206  [16]  0E 62 2B 1C 6D 61 56 1C A2 18 BB 64 EB 5B 00 00
  can1  206  [16]  93 64 5C 1C 39 5F E3 1B BF 18 1A 64 55 5D 00 00"
2025-08-09T00:02:09.293045,5.916,"can1  206  [16]  6A 64 FA 1C 2B 60 AD 1B 1E 19 C7 66 89 5F 00 00
  can1  206  [16]  36 62 2E 1D 28 63 BF 1B 23 19 5A 68 B2 5F 00 00"
2025-08-09T00:02:09.308900,5.931,"can1  206  [16]  0E 62 14 1D C9 63 BF 1B 1E 19 AA 68 89 5F 00 00
  can1  206  [16]  BD 61 FA 1C 1A 64 C5 1B 19 19 FB 68 89 5F 00 00"
2025-08-09T00:02:09.516171,6.139,"can1  206  [16]  6D 61 E0 1C 50 63 2B 1C F8 18 74 69 98 5E 00 00
  can1  206  [16]  E6 61 9A 1C 00 63 50 1C E9 18 74 69 1F 5E 00 00"
2025-08-09T00:02:09.737904,6.360,"can1  206  [16]  36 62 8E 1C 28 63 62 1C DB 18 74 69 7E 5D 00 00
  can1  206  [16]  5F 62 62 1C 00 63 68 1C CD 18 74 69 05 5D 00 00
  can1  206  [16]  5F 62 3D 1C 87 62 7B 1C BF 18 4C 69 DC 5C 00 00"
2025-08-09T00:02:09.737904,6.360,"can1  206  [16]  5F 62 2B 1C 36 62 81 1C B0 18 4C 69 64 5C 00 00
  can1  206  [16]  D8 62 2B 1C BD 61 75 1C B0 18 23 69 EB 5B 00 00"
2025-08-09T00:02:09.960548,6.583,"can1  206  [16]  36 62 25 1C 6D 61 62 1C 90 18 FD 65 EB 5B 00 00
  can1  206  [16]  6A 64 62 1C 10 5F FA 1B B5 18 6A 64 05 5D 00 00"
2025-08-09T00:02:09.960548,6.583,"can1  206  [16]  F2 63 E7 1C 02 60 B9 1B 37 19 4E 66 89 5F 00 00
  can1  206  [16]  6D 61 1A 1D D8 62 E8 1B 3C 19 15 6A 10 5F 00 00"
2025-08-09T00:02:10.182404,6.805,"can1  206  [16]  A3 60 56 1C 5F 62 81 1C F8 18 D3 68 DC 5C 00 00
  can1  206  [16]  6D 61 50 1C 61 5F 37 1C B0 18 C9 63 B4 5C 00 00
  can1  206  [16]  A1 63 8E 1C 53 60 AD 1B F3 18 FD 65 E8 5E 00 00"
2025-08-09T00:02:10.182404,6.805,"can1  206  [16]  AF 62 49 1D 36 62 9C 1B 06 19 4E 66 DA 5F 00 00
  can1  206  [16]  AF 62 2E 1D AF 62 A2 1B 06 19 EF 66 02 60 00 00
  can1  206  [16]  36 62 28 1D AF 62 B3 1B 06 19 90 67 53 60 00 00
  can1  206  [16]  0E 62 1A 1D 79 63 B9 1B 1E 19 E1 67 02 60 00 00"
2025-08-09T00:02:10.419720,7.042,"can1  206  [16]  BD 61 14 1D C9 63 D1 1B 23 19 5A 68 B2 5F 00 00
  can1  206  [16]  45 61 F3 1C 79 63 0C 1C 10 19 15 6A 39 5F 00 00"
2025-08-09T00:02:10.419720,7.042,can1  206  [16]  45 61 49 1C 0E 62 A0 1C C8 18 AA 68 8C 5C 00 00
2025-08-09T00:02:10.625408,7.248,"can1  206  [16]  87 62 25 1C 45 61 75 1C 99 18 0C 65 64 5C 00 00
  can1  206  [16]  0C 65 62 1C 61 5F E3 1B BA 18 E3 64 A6 5D 00 00
  can1  206  [16]  1A 64 0D 1D 7B 60 BF 1B 2D 19 40 67 02 60 00 00"
2025-08-09T00:02:10.625408,7.248,can1  206  [16]  E6 61 21 1D C9 63 B9 1B 2D 19 FB 68 B2 5F 00 00
2025-08-09T00:02:10.847661,7.470,"can1  206  [16]  5F 62 1A 1D 42 64 BF 1B 10 19 4C 69 DA 5F 00 00
  can1  206  [16]  0E 62 0D 1D 6A 64 B3 1B 19 19 9C 69 B2 5F 00 00
  can1  206  [16]  F4 60 DA 1C 50 63 25 1C 01 19 C4 69 C0 5E 00 00"
2025-08-09T00:02:10.847661,7.470,"can1  206  [16]  0E 62 8E 1C 00 63 43 1C F3 18 C4 69 F6 5D 00 00
  can1  206  [16]  6D 61 31 1C 53 60 50 1C A2 18 BB 64 64 5C 00 00"
2025-08-09T00:02:11.069017,7.692,can1  206  [16]  42 64 62 1C 89 5F FA 1B BF 18 E3 64 CE 5D 00 00
2025-08-09T00:02:11.069017,7.692,"can1  206  [16]  E3 64 07 1D 7B 60 E3 1B 32 19 17 67 DA 5F 00 00
  can1  206  [16]  36 62 2E 1D 50 63 D7 1B 28 19 E1 67 02 60 00 00"
2025-08-09T00:02:11.290490,7.913,"can1  206  [16]  45 61 FA 1C 50 63 25 1C 10 19 23 69 10 5F 00 00
  can1  206  [16]  6D 61 50 1C 45 61 A7 1C 94 18 0C 65 3B 5C 00 00"
2025-08-09T00:02:11.290490,7.913,"can1  206  [16]  93 64 5C 1C E8 5E 43 1C B0 18 79 63 05 5D 00 00
  can1  206  [16]  6A 64 C7 1C 2B 60 DD 1B 10 19 93 64 B2 5F 00 00"
2025-08-09T00:02:11.496863,8.119,"can1  206  [16]  AF 62 3B 1D AF 62 E3 1B 1E 19 26 66 2B 60 00 00
  can1  206  [16]  0E 62 21 1D 50 63 E3 1B 19 19 9F 66 DA 5F 00 00"
2025-08-09T00:02:11.496863,8.119,"can1  206  [16]  BD 61 14 1D 28 63 DD 1B 28 19 68 67 02 60 00 00
  can1  206  [16]  AF 62 0D 1D 50 63 E3 1B 19 19 E1 67 DA 5F 00 00"
2025-08-09T00:02:11.717575,8.340,"can1  206  [16]  BD 61 00 1D 79 63 E8 1B 19 19 09 68 89 5F 00 00
  can1  206  [16]  87 62 F3 1C 28 63 E3 1B 19 19 82 68 B2 5F 00 00"
2025-08-09T00:02:11.717575,8.340,"can1  206  [16]  BD 61 E7 1C 28 63 DD 1B 15 19 FB 68 61 5F 00 00
  can1  206  [16]  95 61 A7 1C 5F 62 43 1C FD 18 82 68 F6 5D 00 00"
2025-08-09T00:02:11.938167,8.561,"can1  206  [16]  45 61 3D 1C B2 5F 68 1C A2 18 28 63 64 5C 00 00
  can1  206  [16]  D5 65 68 1C C0 5E EE 1B C3 18 C9 63 A6 5D 00 00"
2025-08-09T00:02:11.938167,8.561,"can1  206  [16]  93 64 00 1D DA 5F C5 1B 2D 19 0C 65 02 60 00 00
  can1  206  [16]  45 61 1A 1D D8 62 13 1C 0B 19 AA 68 61 5F 00 00"
2025-08-09T00:02:12.159578,8.782,"can1  206  [16]  45 61 49 1C 6D 61 B3 1C 94 18 6A 64 9A 5B 00 00
  can1  206  [16]  42 64 43 1C C0 5E 68 1C AC 18 D8 62 05 5D 00 00"
2025-08-09T00:02:12.159578,8.782,"can1  206  [16]  6A 64 9A 1C 89 5F DD 1B 01 19 6A 64 B2 5F 00 00
  can1  206  [16]  AF 62 3B 1D 95 61 EE 1B 23 19 31 68 61 5F 00 00"
2025-08-09T00:02:12.159578,8.782,"can1  206  [16]  F4 60 A0 1C 0E 62 75 1C FD 18 09 68 F6 5D 00 00
  can1  206  [16]  45 61 37 1C 89 5F A7 1C A7 18 00 63 8C 5C 00 00"
2025-08-09T00:02:12.381562,9.004,"can1  206  [16]  FD 65 62 1C 98 5E 13 1C BF 18 F2 63 1F 5E 00 00
  can1  206  [16]  A1 63 1A 1D A3 60 00 1C 2D 19 EF 66 02 60 00 00"
2025-08-09T00:02:12.381562,9.004,"can1  206  [16]  BD 61 1A 1D C9 63 FA 1B 1E 19 09 68 B2 5F 00 00
  can1  206  [16]  A3 60 E7 1C 00 63 56 1C 01 19 AA 68 10 5F 00 00"
2025-08-09T00:02:12.603580,9.226,"can1  206  [16]  7B 60 37 1C F4 60 A7 1C 99 18 C9 63 C2 5B 00 00
  can1  206  [16]  A1 63 56 1C 10 5F 25 1C B0 18 C9 63 55 5D 00 00"
2025-08-09T00:02:12.603580,9.226,"can1  206  [16]  28 63 E0 1C 02 60 CB 1B 10 19 0C 65 02 60 00 00
  can1  206  [16]  0E 62 35 1D D8 62 D1 1B 1E 19 17 67 DA 5F 00 00"
2025-08-09T00:02:12.816687,9.439,"can1  206  [16]  BD 61 1A 1D D8 62 C5 1B 1E 19 B9 67 DA 5F 00 00
  can1  206  [16]  95 61 FA 1C AF 62 FA 1B 06 19 FB 68 10 5F 00 00"
2025-08-09T00:02:12.816687,9.439,"can1  206  [16]  45 61 50 1C 45 61 8E 1C 90 18 E3 64 EB 5B 00 00
  can1  206  [16]  28 63 56 1C 98 5E 1F 1C A7 18 A1 63 55 5D 00 00"
2025-08-09T00:02:13.030510,9.653,"can1  206  [16]  50 63 BA 1C 02 60 9C 1B 06 19 93 64 B2 5F 00 00
  can1  206  [16]  BD 61 42 1D 36 62 8A 1B 15 19 BB 64 DA 5F 00 00"
2025-08-09T00:02:13.030510,9.653,"can1  206  [16]  0E 62 21 1D 00 63 8A 1B 19 19 D5 65 02 60 00 00
  can1  206  [16]  45 61 14 1D F2 63 D1 1B 10 19 31 68 39 5F 00 00"
2025-08-09T00:02:13.254378,9.877,"can1  206  [16]  F4 60 62 1C 87 62 81 1C DB 18 90 67 05 5D 00 00
  can1  206  [16]  45 61 49 1C 61 5F 3D 1C AC 18 5F 62 DC 5C 00 00"
2025-08-09T00:02:13.254378,9.877,can1  206  [16]  A1 63 7B 1C 61 5F A7 1B E0 18 1A 64 B2 5F 00 00
2025-08-09T00:02:13.474460,10.097,"can1  206  [16]  AF 62 49 1D 45 61 C5 1B 28 19 68 67 DA 5F 00 00
  can1  206  [16]  2B 60 D3 1C 36 62 5C 1C FD 18 FB 68 6F 5E 00 00"
2025-08-09T00:02:13.474460,10.097,"can1  206  [16]  53 60 3D 1C 02 60 94 1C 99 18 A1 63 8C 5C 00 00
  can1  206  [16]  93 64 62 1C 98 5E 0C 1C BA 18 F2 63 55 5D 00 00
  can1  206  [16]  42 64 00 1D B2 5F EE 1B 1E 19 26 66 DA 5F 00 00"
2025-08-09T00:02:13.696009,10.319,"can1  206  [16]  BD 61 35 1D D8 62 E8 1B 1E 19 B9 67 DA 5F 00 00
  can1  206  [16]  6D 61 ED 1C AF 62 37 1C 06 19 D3 68 10 5F 00 00"
2025-08-09T00:02:13.696009,10.319,"can1  206  [16]  1C 61 37 1C 1C 61 9A 1C 90 18 6A 64 3B 5C 00 00
  can1  206  [16]  A1 63 43 1C 6F 5E 31 1C AC 18 00 63 55 5D 00 00
  can1  206  [16]  A1 63 B3 1C 89 5F DD 1B 01 19 93 64 DA 5F 00 00"
2025-08-09T00:02:13.902802,10.525,"can1  206  [16]  BD 61 3B 1D 0E 62 DD 1B 10 19 26 66 02 60 00 00
  can1  206  [16]  1C 61 07 1D 00 63 00 1C 10 19 FB 68 10 5F 00 00"
2025-08-09T00:02:13.902802,10.525,can1  206  [16]  89 5F 75 1C E6 61 A0 1C CD 18 09 68 05 5D 00 00
2025-08-09T00:02:14.124262,10.747,"can1  206  [16]  CC 60 50 1C C0 5E 7B 1C 9E 18 D8 62 64 5C 00 00
  can1  206  [16]  28 63 6E 1C 10 5F DD 1B D6 18 6A 64 47 5E 00 00"
2025-08-09T00:02:14.126014,10.749,"can1  206  [16]  0E 62 42 1D 1C 61 E8 1B 1E 19 40 67 10 5F 00 00
  can1  206  [16]  1C 61 DA 1C 5F 62 62 1C EE 18 82 68 47 5E 00 00"
2025-08-09T00:02:14.350747,10.973,"can1  206  [16]  F4 60 3D 1C 2B 60 9A 1C 8B 18 79 63 13 5C 00 00
  can1  206  [16]  28 63 56 1C 39 5F 0C 1C A7 18 A1 63 05 5D 00 00"
2025-08-09T00:02:14.350747,10.973,"can1  206  [16]  00 63 FA 1C 7B 60 E8 1B 15 19 0C 65 B2 5F 00 00
  can1  206  [16]  CC 60 1A 1D 79 63 19 1C 01 19 AA 68 C0 5E 00 00"
2025-08-09T00:02:14.565830,11.188,"can1  206  [16]  02 60 50 1C 36 62 B3 1C B5 18 40 67 64 5C 00 00
  can1  206  [16]  6D 61 50 1C 61 5F 5C 1C A2 18 AF 62 8C 5C 00 00"
2025-08-09T00:02:14.565830,11.188,"can1  206  [16]  C9 63 8E 1C 02 60 CB 1B E0 18 1A 64 10 5F 00 00
  can1  206  [16]  D8 62 42 1D 36 62 B9 1B FD 18 BB 64 DA 5F 00 00"
2025-08-09T00:02:14.786473,11.409,"can1  206  [16]  AF 62 2E 1D AF 62 BF 1B 06 19 D5 65 02 60 00 00
  can1  206  [16]  5F 62 1A 1D D8 62 CB 1B 06 19 26 66 B2 5F 00 00"
2025-08-09T00:02:14.786473,11.409,"can1  206  [16]  E6 61 1A 1D 00 63 B9 1B 0B 19 C7 66 B2 5F 00 00
  can1  206  [16]  BD 61 0D 1D 79 63 B9 1B 15 19 17 67 B2 5F 00 00"
2025-08-09T00:02:14.786473,11.409,"can1  206  [16]  45 61 F3 1C 79 63 00 1C FD 18 D3 68 10 5F 00 00
  can1  206  [16]  F4 60 37 1C E6 61 8E 1C A7 18 E1 67 64 5C 00 00"
2025-08-09T00:02:15.009175,11.632,"can1  206  [16]  45 61 5C 1C 39 5F 1F 1C A2 18 28 63 B4 5C 00 00
  can1  206  [16]  D8 62 AD 1C 53 60 AD 1B F8 18 6A 64 89 5F 00 00"
2025-08-09T00:02:15.009175,11.632,can1  206  [16]  6D 61 2E 1D C9 63 DD 1B 15 19 82 68 89 5F 00 00
2025-08-09T00:02:15.214842,11.837,"can1  206  [16]  89 5F 8E 1C AF 62 62 1C E5 18 31 68 CE 5D 00 00
  can1  206  [16]  7B 60 43 1C DA 5F 5C 1C A2 18 D8 62 B4 5C 00 00"
2025-08-09T00:02:15.216858,11.839,"can1  206  [16]  50 63 62 1C 53 60 B9 1B CD 18 A1 63 1F 5E 00 00
  can1  206  [16]  36 62 1A 1D 95 61 CB 1B 2D 19 4E 66 B2 5F 00 00"
2025-08-09T00:02:15.436026,12.059,"can1  206  [16]  B2 5F FA 1C A1 63 1F 1C 06 19 E1 67 47 5E 00 00
  can1  206  [16]  02 60 3D 1C E6 61 AD 1C AC 18 40 67 EB 5B 00 00"
2025-08-09T00:02:15.436026,12.059,"can1  206  [16]  BD 61 2B 1C 45 61 81 1C 99 18 79 63 8C 5C 00 00
  can1  206  [16]  79 63 62 1C 7B 60 C5 1B CD 18 F2 63 6F 5E 00 00"
2025-08-09T00:02:15.659144,12.282,"can1  206  [16]  5F 62 1A 1D BD 61 9C 1B E9 18 6A 64 61 5F 00 00
  can1  206  [16]  87 62 1A 1D 5F 62 96 1B EE 18 BB 64 61 5F 00 00
  can1  206  [16]  5F 62 14 1D AF 62 9C 1B FD 18 6A 64 B2 5F 00 00"
2025-08-09T00:02:15.659144,12.282,"can1  206  [16]  36 62 1A 1D D8 62 9C 1B 06 19 D5 65 89 5F 00 00
  can1  206  [16]  BD 61 28 1D 28 63 9C 1B 0B 19 26 66 B2 5F 00 00"
2025-08-09T00:02:15.881223,12.504,can1  206  [16]  6D 61 0D 1D 6A 64 D1 1B 15 19 AA 68 10 5F 00 00
2025-08-09T00:02:15.883236,12.506,"can1  206  [16]  B2 5F 7B 1C 50 63 50 1C E9 18 EF 66 05 5D 00 00
  can1  206  [16]  A3 60 50 1C B2 5F 5C 1C A2 18 BD 61 64 5C 00 00"
2025-08-09T00:02:16.103459,12.726,"can1  206  [16]  BB 64 6E 1C B2 5F B9 1B D6 18 C9 63 6F 5E 00 00
  can1  206  [16]  C9 63 3B 1D 1C 61 CB 1B 2D 19 17 67 39 5F 00 00"
2025-08-09T00:02:16.103459,12.726,"can1  206  [16]  7B 60 E7 1C AF 62 3D 1C 01 19 E1 67 CE 5D 00 00
  can1  206  [16]  45 61 3D 1C A3 60 94 1C 94 18 D8 62 58 5A 00 00"
2025-08-09T00:02:16.328441,12.951,"can1  206  [16]  6A 64 56 1C E8 5E 1F 1C B0 18 79 63 9A 5B 00 00
  can1  206  [16]  A1 63 E0 1C 2B 60 E3 1B 1E 19 BB 64 C0 5E 00 00"
2025-08-09T00:02:16.328441,12.951,"can1  206  [16]  BD 61 35 1D 79 63 E8 1B 28 19 76 66 E8 5E 00 00
  can1  206  [16]  BD 61 1A 1D F2 63 EE 1B 1E 19 40 67 C0 5E 00 00"
2025-08-09T00:02:16.548399,13.171,"can1  206  [16]  6D 61 FA 1C 79 63 2B 1C 06 19 FB 68 1F 5E 00 00
  can1  206  [16]  6D 61 49 1C 0E 62 CD 1C BA 18 B9 67 13 5C 00 00"
2025-08-09T00:02:16.548399,13.171,"can1  206  [16]  36 62 2B 1C 1C 61 A0 1C 94 18 C9 63 3B 5C 00 00
  can1  206  [16]  93 64 68 1C 89 5F 13 1C BA 18 A1 63 CE 5D 00 00
  can1  206  [16]  C9 63 1A 1D 7B 60 EE 1B 23 19 4E 66 02 60 00 00"
2025-08-09T00:02:16.766453,13.389,"can1  206  [16]  45 61 1A 1D 28 63 19 1C 06 19 23 69 E8 5E 00 00
  can1  206  [16]  95 61 50 1C 0E 62 C0 1C C3 18 09 68 64 5C 00 00"
2025-08-09T00:02:16.768462,13.391,"can1  206  [16]  AF 62 1F 1C 45 61 81 1C 94 18 1A 64 13 5C 00 00
  can1  206  [16]  E3 64 5C 1C 61 5F EE 1B B5 18 F2 63 CE 5D 00 00"
2025-08-09T00:02:16.982807,13.605,"can1  206  [16]  00 63 E7 1C 7B 60 B9 1B 2D 19 4E 66 DA 5F 00 00
  can1  206  [16]  1C 61 0D 1D 28 63 F4 1B 10 19 23 69 10 5F 00 00"
2025-08-09T00:02:16.982807,13.605,"can1  206  [16]  F4 60 49 1C E6 61 9A 1C BF 18 B9 67 8C 5C 00 00
  can1  206  [16]  1C 61 56 1C 39 5F 2B 1C B5 18 50 63 8C 5C 00 00"
2025-08-09T00:02:17.205294,13.828,"can1  206  [16]  D8 62 9A 1C 53 60 AD 1B FD 18 6A 64 39 5F 00 00
  can1  206  [16]  95 61 21 1D F2 63 D7 1B 1E 19 82 68 89 5F 00 00"
2025-08-09T00:02:17.205294,13.828,"can1  206  [16]  89 5F 87 1C D8 62 68 1C F8 18 09 68 CE 5D 00 00
  can1  206  [16]  7B 60 3D 1C 7B 60 6E 1C C8 18 50 63 64 5C 00 00"
2025-08-09T00:02:17.427886,14.050,"can1  206  [16]  28 63 62 1C 53 60 DD 1B E5 18 42 64 CE 5D 00 00
  can1  206  [16]  5F 62 1A 1D BD 61 B3 1B 06 19 BB 64 89 5F 00 00"
2025-08-09T00:02:17.427886,14.050,"can1  206  [16]  00 63 07 1D 5F 62 B9 1B 10 19 BB 64 53 60 00 00
  can1  206  [16]  A1 63 1A 1D D8 62 BF 1B 01 19 0C 65 F4 60 00 00"
2025-08-09T00:02:17.640453,14.263,"can1  206  [16]  AF 62 21 1D A1 63 B9 1B 01 19 E3 64 7B 60 00 00
  can1  206  [16]  50 63 21 1D A1 63 B3 1B 10 19 FD 65 45 61 00 00"
2025-08-09T00:02:17.640453,14.263,"can1  206  [16]  0E 62 1A 1D F2 63 BF 1B 15 19 26 66 45 61 00 00
  can1  206  [16]  5F 62 1A 1D 6A 64 BF 1B 32 19 9F 66 45 61 00 00"
2025-08-09T00:02:18.201740,14.824,"can1  206  [16]  87 62 07 1D BB 64 B9 1B 28 19 C7 66 7B 60 00 00
  can1  206  [16]  A3 60 FA 1C 93 64 EE 1B 32 19 AA 68 89 5F 00 00"
2025-08-09T00:02:18.201740,14.824,"can1  206  [16]  2B 60 31 1C 28 63 A7 1C E9 18 90 67 B4 5C 00 00
  can1  206  [16]  1C 61 50 1C 2B 60 3D 1C B0 18 28 63 B4 5C 00 00"
2025-08-09T00:02:18.201740,14.824,"can1  206  [16]  28 63 94 1C 45 61 BF 1B FD 18 6A 64 89 5F 00 00
  can1  206  [16]  0E 62 2E 1D 28 63 D1 1B 10 19 BB 64 B2 5F 00 00"
2025-08-09T00:02:18.217461,14.840,"can1  206  [16]  BD 61 28 1D F2 63 D7 1B 15 19 FD 65 53 60 00 00
  can1  206  [16]  BD 61 1A 1D C9 63 C5 1B 19 19 9F 66 2B 60 00 00"
2025-08-09T00:02:18.220501,14.843,"can1  206  [16]  F4 60 00 1D A1 63 E8 1B 10 19 23 69 39 5F 00 00
  can1  206  [16]  02 60 5C 1C 36 62 94 1C D6 18 09 68 B4 5C 00 00"
2025-08-09T00:02:18.220501,14.843,"can1  206  [16]  F4 60 49 1C 39 5F 49 1C B0 18 D8 62 B4 5C 00 00
  can1  206  [16]  79 63 7B 1C DA 5F B9 1B EE 18 F2 63 39 5F 00 00"
2025-08-09T00:02:18.410151,15.033,"can1  206  [16]  0E 62 3B 1D 6D 61 D7 1B 28 19 40 67 89 5F 00 00
  can1  206  [16]  B2 5F C7 1C 36 62 49 1C 01 19 AA 68 47 5E 00 00"
2025-08-09T00:02:18.416225,15.039,can1  206  [16]  45 61 43 1C 2B 60 7B 1C 9E 18 79 63 64 5C 00 00
2025-08-09T00:02:18.629957,15.253,"can1  206  [16]  F2 63 6E 1C 39 5F F4 1B BF 18 F2 63 F6 5D 00 00
  can1  206  [16]  79 63 28 1D 2B 60 E8 1B 2D 19 4E 66 02 60 00 00"
2025-08-09T00:02:18.629957,15.253,"can1  206  [16]  F4 60 1A 1D 00 63 25 1C 0B 19 FB 68 39 5F 00 00
  can1  206  [16]  F4 60 56 1C 95 61 AD 1C 94 18 E3 64 EB 5B 00 00"
2025-08-09T00:02:18.840919,15.464,"can1  206  [16]  F2 63 5C 1C C0 5E 56 1C AC 18 79 63 05 5D 00 00
  can1  206  [16]  F2 63 B3 1C 02 60 D7 1B 01 19 F2 63 39 5F 00 00
  can1  206  [16]  D8 62 56 1D 6D 61 FA 1B 1E 19 E1 67 61 5F 00 00"
2025-08-09T00:02:18.842935,15.466,can1  206  [16]  DA 5F AD 1C 5F 62 68 1C F3 18 90 67 F6 5D 00 00
2025-08-09T00:02:19.076731,15.699,"can1  206  [16]  A3 60 62 1C 2B 60 75 1C 99 18 0E 62 B4 5C 00 00
  can1  206  [16]  50 63 7B 1C 89 5F D7 1B C3 18 50 63 6F 5E 00 00"
2025-08-09T00:02:19.076731,15.699,"can1  206  [16]  87 62 2E 1D 7B 60 CB 1B 2D 19 26 66 02 60 00 00
  can1  206  [16]  DA 5F 21 1D D8 62 19 1C FD 18 82 68 10 5F 00 00"
2025-08-09T00:02:19.298365,15.921,"can1  206  [16]  53 60 49 1C 45 61 75 1C 90 18 1A 64 3B 5C 00 00
  can1  206  [16]  50 63 75 1C C0 5E 06 1C A7 18 50 63 1F 5E 00 00"
2025-08-09T00:02:19.298365,15.921,"can1  206  [16]  D8 62 F3 1C 02 60 A7 1B 0B 19 6A 64 A3 60 00 00
  can1  206  [16]  F4 60 3B 1D C9 63 D1 1B 10 19 AA 68 DA 5F 00 00"
2025-08-09T00:02:19.298365,15.921,"can1  206  [16]  45 61 8E 1C AF 62 6E 1C E0 18 E1 67 CE 5D 00 00
  can1  206  [16]  1C 61 62 1C 61 5F 50 1C A7 18 00 63 B4 5C 00 00"
2025-08-09T00:02:19.518097,16.141,"can1  206  [16]  79 63 81 1C B2 5F AD 1B E0 18 1A 64 39 5F 00 00
  can1  206  [16]  D8 62 56 1D 45 61 C5 1B 32 19 90 67 02 60 00 00"
2025-08-09T00:02:19.526454,16.149,"can1  206  [16]  DA 5F F3 1C 00 63 2B 1C 06 19 D3 68 39 5F 00 00
  can1  206  [16]  7B 60 43 1C CC 60 75 1C 99 18 50 63 B4 5C 00 00"
2025-08-09T00:02:19.736929,16.360,can1  206  [16]  79 63 68 1C E8 5E 0C 1C B5 18 28 63 A6 5D 00 00
2025-08-09T00:02:19.736929,16.360,"can1  206  [16]  D8 62 FA 1C 53 60 AD 1B 1E 19 AD 65 53 60 00 00
  can1  206  [16]  CC 60 2E 1D 79 63 DD 1B 0B 19 23 69 61 5F 00 00"
2025-08-09T00:02:19.960586,16.583,"can1  206  [16]  DA 5F 7B 1C AF 62 81 1C D2 18 90 67 DC 5C 00 00
  can1  206  [16]  45 61 68 1C 89 5F 31 1C B0 18 D8 62 B4 5C 00 00"
2025-08-09T00:02:19.962598,16.585,"can1  206  [16]  BB 64 9A 1C 2B 60 A7 1B F8 18 93 64 39 5F 00 00
  can1  206  [16]  79 63 49 1D 0E 62 9C 1B 06 19 AD 65 02 60 00 00"
2025-08-09T00:02:20.184253,16.807,"can1  206  [16]  36 62 35 1D AF 62 A2 1B 10 19 4E 66 2B 60 00 00
  can1  206  [16]  95 61 14 1D C9 63 D7 1B 15 19 82 68 B2 5F 00 00"
2025-08-09T00:02:20.196164,16.820,"can1  206  [16]  B2 5F 94 1C AF 62 7B 1C EE 18 31 68 A6 5D 00 00
  can1  206  [16]  CC 60 62 1C B2 5F 7B 1C A7 18 28 63 8C 5C 00 00"
2025-08-09T00:02:20.405458,17.028,"can1  206  [16]  28 63 81 1C 89 5F E8 1B DB 18 6A 64 98 5E 00 00
  can1  206  [16]  D8 62 42 1D 1C 61 FA 1B 2D 19 E1 67 89 5F 00 00"
2025-08-09T00:02:20.405458,17.028,"can1  206  [16]  2B 60 0D 1D D8 62 37 1C EE 18 74 69 98 5E 00 00
  can1  206  [16]  7B 60 50 1C E6 61 A0 1C A7 18 09 68 C2 5B 00 00"
2025-08-09T00:02:20.405458,17.028,"can1  206  [16]  36 62 3D 1C 1C 61 68 1C A2 18 F2 63 8C 5C 00 00
  can1  206  [16]  C9 63 87 1C CC 60 BF 1B D2 18 E3 64 6F 5E 00 00"
2025-08-09T00:02:20.625675,17.248,"can1  206  [16]  D8 62 42 1D 36 62 9C 1B E9 18 D5 65 61 5F 00 00
  can1  206  [16]  AF 62 28 1D AF 62 9C 1B F8 18 26 66 B2 5F 00 00"
2025-08-09T00:02:20.627694,17.250,"can1  206  [16]  A1 63 3B 1D 00 63 96 1B 01 19 FD 65 02 60 00 00
  can1  206  [16]  28 63 42 1D 50 63 A7 1B 0B 19 76 66 53 60 00 00"
2025-08-09T00:02:20.850202,17.473,"can1  206  [16]  F2 63 35 1D 79 63 B9 1B 15 19 17 67 2B 60 00 00
  can1  206  [16]  36 62 3B 1D F2 63 C5 1B 1E 19 90 67 2B 60 00 00"
2025-08-09T00:02:20.850202,17.473,"can1  206  [16]  6D 61 14 1D 79 63 EE 1B 10 19 74 69 E8 5E 00 00
  can1  206  [16]  7B 60 75 1C 0E 62 A0 1C D2 18 5A 68 DC 5C 00 00"
2025-08-09T00:02:21.069407,17.692,"can1  206  [16]  36 62 3D 1C 1C 61 7B 1C 8B 18 D5 65 3B 5C 00 00
  can1  206  [16]  26 66 68 1C 98 5E 13 1C B5 18 BB 64 7E 5D 00 00"
2025-08-09T00:02:21.071421,17.694,"can1  206  [16]  6A 64 0D 1D B2 5F CB 1B 1E 19 26 66 53 60 00 00
  can1  206  [16]  5F 62 56 1D D8 62 CB 1B 23 19 90 67 02 60 00 00"
2025-08-09T00:02:21.291346,17.914,"can1  206  [16]  87 62 3B 1D 79 63 BF 1B 1E 19 31 68 B2 5F 00 00
  can1  206  [16]  00 63 21 1D C9 63 CB 1B 15 19 FB 68 B2 5F 00 00"
2025-08-09T00:02:21.291346,17.914,"can1  206  [16]  E6 61 1A 1D 1A 64 BF 1B 10 19 FB 68 B2 5F 00 00
  can1  206  [16]  E6 61 14 1D 6A 64 CB 1B 10 19 74 69 B2 5F 00 00"
2025-08-09T00:02:21.515247,18.138,"can1  206  [16]  45 61 D3 1C 00 63 49 1C F8 18 74 69 47 5E 00 00
  can1  206  [16]  6D 61 43 1C 7B 60 81 1C 9E 18 42 64 64 5C 00 00"
2025-08-09T00:02:21.515247,18.138,can1  206  [16]  BB 64 81 1C 39 5F F4 1B B5 18 6A 64 A6 5D 00 00
2025-08-09T00:02:21.737904,18.360,"can1  206  [16]  F2 63 1A 1D A3 60 D7 1B 23 19 76 66 89 5F 00 00
  can1  206  [16]  45 61 28 1D 28 63 06 1C 06 19 C4 69 C0 5E 00 00
  can1  206  [16]  F4 60 6E 1C 95 61 94 1C 8B 18 76 66 C2 5B 00 00"
2025-08-09T00:02:21.739917,18.363,"can1  206  [16]  C9 63 68 1C 39 5F 31 1C AC 18 42 64 B4 5C 00 00
  can1  206  [16]  BB 64 DA 1C B2 5F A2 1B FD 18 26 66 10 5F 00 00"
2025-08-09T00:02:21.956075,18.579,can1  206  [16]  6D 61 49 1D D8 62 D7 1B 1E 19 74 69 89 5F 00 00
2025-08-09T00:02:21.956075,18.579,"can1  206  [16]  89 5F B3 1C 36 62 62 1C F3 18 AA 68 CE 5D 00 00
  can1  206  [16]  CC 60 5C 1C 61 5F 75 1C A7 18 00 63 8C 5C 00 00"
2025-08-09T00:02:21.956075,18.579,"can1  206  [16]  A1 63 94 1C E8 5E D7 1B C8 18 F2 63 47 5E 00 00
  can1  206  [16]  D8 62 42 1D 7B 60 D1 1B 2D 19 C7 66 DA 5F 00 00"
2025-08-09T00:02:22.184905,18.807,"can1  206  [16]  A3 60 1A 1D D8 62 19 1C 01 19 AA 68 10 5F 00 00
  can1  206  [16]  1C 61 56 1C 1C 61 75 1C 94 18 6A 64 EB 5B 00 00"
2025-08-09T00:02:22.184905,18.807,"can1  206  [16]  93 64 68 1C 10 5F 0C 1C A2 18 1A 64 05 5D 00 00
  can1  206  [16]  D8 62 E7 1C B2 5F AD 1B 06 19 D5 65 02 60 00 00"
2025-08-09T00:02:22.400009,19.023,"can1  206  [16]  45 61 4F 1D 79 63 C5 1B 15 19 4C 69 89 5F 00 00
  can1  206  [16]  02 60 9A 1C AF 62 5C 1C DB 18 AA 68 7E 5D 00 00"
2025-08-09T00:02:22.400009,19.023,"can1  206  [16]  36 62 56 1C 36 62 68 1C A7 18 D3 68 7E 5D 00 00
  can1  206  [16]  0E 62 50 1C 95 61 56 1C 86 18 D5 65 B4 5C 00 00"
2025-08-09T00:02:22.605557,19.228,"can1  206  [16]  E3 64 6E 1C 61 5F E8 1B AC 18 C9 63 7E 5D 00 00
  can1  206  [16]  D8 62 0D 1D 53 60 9C 1B 15 19 0C 65 B2 5F 00 00"
2025-08-09T00:02:22.605557,19.228,can1  206  [16]  0E 62 56 1D 00 63 A2 1B 1E 19 EF 66 B2 5F 00 00
2025-08-09T00:02:22.827317,19.450,"can1  206  [16]  1C 61 21 1D 28 63 D7 1B 06 19 D3 68 C0 5E 00 00
  can1  206  [16]  DA 5F 6E 1C E6 61 68 1C C3 18 09 68 8C 5C 00 00
  can1  206  [16]  6D 61 75 1C C0 5E 2B 1C A7 18 00 63 B4 5C 00 00"
2025-08-09T00:02:22.827317,19.450,"can1  206  [16]  6A 64 C0 1C B2 5F D7 1B F8 18 1A 64 61 5F 00 00
  can1  206  [16]  D8 62 63 1D 36 62 CB 1B 06 19 BB 64 02 60 00 00"
2025-08-09T00:02:23.049119,19.672,"can1  206  [16]  79 63 49 1D AF 62 CB 1B 06 19 D5 65 53 60 00 00
  can1  206  [16]  00 63 42 1D 00 63 D7 1B 15 19 26 66 02 60 00 00"
2025-08-09T00:02:23.049119,19.672,"can1  206  [16]  95 61 21 1D 28 63 F4 1B 06 19 AA 68 10 5F 00 00
  can1  206  [16]  45 61 81 1C 36 62 9A 1C CD 18 90 67 DC 5C 00 00"
2025-08-09T00:02:23.276398,19.899,"can1  206  [16]  E6 61 43 1C 5F 62 9A 1C A2 18 E1 67 8C 5C 00 00
  can1  206  [16]  A1 63 2B 1C E6 61 94 1C 94 18 09 68 13 5C 00 00"
2025-08-09T00:02:23.276398,19.899,"can1  206  [16]  A1 63 25 1C BD 61 87 1C 90 18 90 67 13 5C 00 00
  can1  206  [16]  6A 64 2B 1C BD 61 87 1C 90 18 68 67 EB 5B 00 00"
2025-08-09T00:02:23.493643,20.116,can1  206  [16]  A1 63 37 1C 95 61 62 1C 9E 18 1A 64 DC 5C 00 00
2025-08-09T00:02:23.493643,20.116,"can1  206  [16]  E3 64 75 1C F4 60 C5 1B DB 18 BB 64 C0 5E 00 00
  can1  206  [16]  C9 63 35 1D 36 62 A7 1B EE 18 26 66 B2 5F 00 00
  can1  206  [16]  A1 63 35 1D AF 62 A7 1B EE 18 FD 65 2B 60 00 00"
2025-08-09T00:02:23.493643,20.116,"can1  206  [16]  50 63 35 1D 50 63 BF 1B F8 18 76 66 2B 60 00 00
  can1  206  [16]  50 63 28 1D 1A 64 BF 1B 15 19 EF 66 02 60 00 00"
2025-08-09T00:02:23.700087,20.323,can1  206  [16]  D8 62 2E 1D 6A 64 D1 1B 2D 19 17 67 53 60 00 00
2025-08-09T00:02:23.702099,20.325,"can1  206  [16]  6D 61 FA 1C BB 64 FA 1B 0B 19 4C 69 39 5F 00 00
  can1  206  [16]  02 60 6E 1C 79 63 94 1C C3 18 5A 68 7E 5D 00 00"
2025-08-09T00:02:23.924118,20.547,"can1  206  [16]  95 61 50 1C 53 60 50 1C 99 18 28 63 B4 5C 00 00
  can1  206  [16]  C9 63 81 1C F4 60 B3 1B D6 18 BB 64 39 5F 00 00"
2025-08-09T00:02:23.924118,20.547,"can1  206  [16]  87 62 3B 1D 00 63 A7 1B EE 18 4E 66 02 60 00 00
  can1  206  [16]  36 62 35 1D 79 63 AD 1B F8 18 EF 66 02 60 00 00
  can1  206  [16]  E6 61 2E 1D C9 63 A2 1B FD 18 40 67 53 60 00 00"
2025-08-09T00:02:24.144333,20.767,"can1  206  [16]  6D 61 14 1D 93 64 C5 1B 01 19 ED 69 61 5F 00 00
  can1  206  [16]  DA 5F 81 1C 50 63 75 1C CD 18 D3 68 7E 5D 00 00"
2025-08-09T00:02:24.144333,20.767,"can1  206  [16]  CC 60 49 1C 53 60 49 1C 90 18 F2 63 8C 5C 00 00
  can1  206  [16]  28 63 7B 1C A3 60 AD 1B BA 18 0C 65 E8 5E 00 00"
2025-08-09T00:02:24.365938,20.989,"can1  206  [16]  87 62 35 1D 36 62 96 1B D6 18 FD 65 B2 5F 00 00
  can1  206  [16]  5F 62 21 1D D8 62 8A 1B E9 18 FD 65 2B 60 00 00"
2025-08-09T00:02:24.367946,20.991,"can1  206  [16]  36 62 28 1D 50 63 8A 1B F8 18 EF 66 CC 60 00 00
  can1  206  [16]  E6 61 2E 1D C9 63 96 1B 01 19 90 67 F4 60 00 00"
2025-08-09T00:02:24.587990,21.211,"can1  206  [16]  BD 61 21 1D 28 63 A7 1B 0B 19 E1 67 2B 60 00 00
  can1  206  [16]  36 62 21 1D 28 63 B3 1B 0B 19 B9 67 02 60 00 00"
2025-08-09T00:02:24.602057,21.225,"can1  206  [16]  E6 61 1A 1D 79 63 D7 1B 15 19 82 68 2B 60 00 00
  can1  206  [16]  1C 61 00 1D 28 63 2B 1C F8 18 3D 6A 10 5F 00 00"
2025-08-09T00:02:24.811164,21.434,"can1  206  [16]  1C 61 43 1C 45 61 A7 1C 78 18 26 66 EB 5B 00 00
  can1  206  [16]  50 63 50 1C C0 5E 43 1C 90 18 79 63 B4 5C 00 00"
2025-08-09T00:02:24.814680,21.437,can1  206  [16]  F2 63 BA 1C B2 5F D1 1B F3 18 93 64 89 5F 00 00
2025-08-09T00:02:25.031463,21.654,"can1  206  [16]  E6 61 3B 1D 36 62 BF 1B 15 19 26 66 89 5F 00 00
  can1  206  [16]  BD 61 2E 1D D8 62 B9 1B 45 19 4E 66 02 60 00 00
  can1  206  [16]  1C 61 07 1D 79 63 E3 1B 28 19 82 68 E8 5E 00 00"
2025-08-09T00:02:25.037506,21.660,can1  206  [16]  7B 60 6E 1C 0E 62 7B 1C D2 18 17 67 DC 5C 00 00
2025-08-09T00:02:25.254458,21.877,"can1  206  [16]  F4 60 56 1C C0 5E 1F 1C AC 18 00 63 B4 5C 00 00
  can1  206  [16]  79 63 8E 1C B2 5F A2 1B D6 18 BB 64 39 5F 00 00"
2025-08-09T00:02:25.254458,21.877,"can1  206  [16]  28 63 49 1D 45 61 CB 1B 28 19 82 68 89 5F 00 00
  can1  206  [16]  B2 5F C0 1C 36 62 49 1C FD 18 AA 68 47 5E 00 00"
2025-08-09T00:02:25.254458,21.877,"can1  206  [16]  36 62 6E 1C 36 62 5C 1C D2 18 82 68 05 5D 00 00
  can1  206  [16]  E6 61 5C 1C 5F 62 62 1C C8 18 AA 68 B4 5C 00 00"
2025-08-09T00:02:25.481333,22.104,"can1  206  [16]  1C 61 56 1C 61 5F 5C 1C A7 18 D8 62 8C 5C 00 00
  can1  206  [16]  1A 64 81 1C 89 5F CB 1B F8 18 C9 63 47 5E 00 00"
2025-08-09T00:02:25.481333,22.104,"can1  206  [16]  87 62 42 1D 45 61 D7 1B 32 19 40 67 89 5F 00 00
  can1  206  [16]  DA 5F F3 1C D8 62 49 1C 01 19 D3 68 98 5E 00 00"
2025-08-09T00:02:25.695484,22.318,"can1  206  [16]  1C 61 3D 1C F4 60 94 1C 94 18 F2 63 EB 5B 00 00
  can1  206  [16]  A1 63 62 1C 61 5F 0C 1C B0 18 C9 63 05 5D 00 00"
2025-08-09T00:02:25.695484,22.318,"can1  206  [16]  D8 62 FA 1C A3 60 CB 1B 15 19 FD 65 89 5F 00 00
  can1  206  [16]  CC 60 28 1D A1 63 F4 1B 10 19 4C 69 C0 5E 00 00"
2025-08-09T00:02:25.901977,22.525,can1  206  [16]  2B 60 6E 1C 87 62 9A 1C D2 18 E1 67 B4 5C 00 00
2025-08-09T00:02:25.903834,22.526,"can1  206  [16]  1C 61 5C 1C 89 5F 50 1C B0 18 50 63 B4 5C 00 00
  can1  206  [16]  28 63 9A 1C 53 60 B9 1B 06 19 93 64 E8 5E 00 00"
2025-08-09T00:02:26.124171,22.747,"can1  206  [16]  0E 62 56 1D 0E 62 A2 1B 01 19 0C 65 B2 5F 00 00
  can1  206  [16]  5F 62 42 1D 87 62 A7 1B 10 19 FD 65 DA 5F 00 00"
2025-08-09T00:02:26.124171,22.747,"can1  206  [16]  5F 62 2E 1D 00 63 AD 1B 10 19 4E 66 53 60 00 00
  can1  206  [16]  5F 62 3B 1D 79 63 AD 1B 15 19 EF 66 02 60 00 00"
2025-08-09T00:02:26.345141,22.968,"can1  206  [16]  00 63 28 1D 79 63 B3 1B 06 19 68 67 2B 60 00 00
  can1  206  [16]  87 62 1A 1D C9 63 B9 1B 0B 19 09 68 02 60 00 00"
2025-08-09T00:02:26.345141,22.968,"can1  206  [16]  6D 61 FA 1C 28 63 06 1C F3 18 23 69 E8 5E 00 00
  can1  206  [16]  6D 61 49 1C 45 61 81 1C 82 18 BB 64 EB 5B 00 00"
2025-08-09T00:02:26.345141,22.968,"can1  206  [16]  6A 64 62 1C C0 5E 0C 1C A2 18 C9 63 05 5D 00 00
  can1  206  [16]  F2 63 D3 1C 02 60 AD 1B FD 18 0C 65 B2 5F 00 00"
2025-08-09T00:02:26.565053,23.188,"can1  206  [16]  5F 62 56 1D 5F 62 A7 1B 01 19 EF 66 53 60 00 00
  can1  206  [16]  D8 62 28 1D D8 62 A2 1B 0B 19 68 67 2B 60 00 00"
2025-08-09T00:02:26.567066,23.190,"can1  206  [16]  0E 62 1A 1D 79 63 B3 1B 19 19 B9 67 02 60 00 00
  can1  206  [16]  6D 61 00 1D 28 63 FA 1B 06 19 D3 68 10 5F 00 00"
2025-08-09T00:02:26.788963,23.412,"can1  206  [16]  F4 60 49 1C 1C 61 81 1C 90 18 1A 64 13 5C 00 00
  can1  206  [16]  E3 64 5C 1C C0 5E 25 1C A7 18 00 63 05 5D 00 00"
2025-08-09T00:02:26.791607,23.414,"can1  206  [16]  E3 64 C0 1C B2 5F AD 1B F8 18 0C 65 89 5F 00 00
  can1  206  [16]  A1 63 49 1D 36 62 A7 1B 10 19 EF 66 2B 60 00 00"
2025-08-09T00:02:27.011961,23.635,"can1  206  [16]  C9 63 35 1D D8 62 A2 1B 19 19 68 67 2B 60 00 00
  can1  206  [16]  79 63 28 1D 28 63 9C 1B 32 19 B9 67 B2 5F 00 00"
2025-08-09T00:02:27.012902,23.635,"can1  206  [16]  79 63 1A 1D 79 63 9C 1B 40 19 AA 68 DA 5F 00 00
  can1  206  [16]  36 62 0D 1D A1 63 A2 1B 45 19 23 69 B2 5F 00 00"
2025-08-09T00:02:27.232185,23.855,"can1  206  [16]  BD 61 14 1D C9 63 B9 1B 28 19 9C 69 89 5F 00 00
  can1  206  [16]  95 61 DA 1C D8 62 25 1C FD 18 C4 69 98 5E 00 00"
2025-08-09T00:02:27.232185,23.855,"can1  206  [16]  36 62 8E 1C 36 62 43 1C EE 18 74 69 CE 5D 00 00
  can1  206  [16]  D8 62 6E 1C 0E 62 3D 1C D6 18 FB 68 A6 5D 00 00"
2025-08-09T00:02:27.454487,24.077,"can1  206  [16]  5F 62 62 1C 0E 62 49 1C EE 18 FB 68 2D 5D 00 00
  can1  206  [16]  AF 62 50 1C BD 61 43 1C E5 18 4C 69 05 5D 00 00"
2025-08-09T00:02:27.457353,24.080,"can1  206  [16]  D8 62 3D 1C 45 61 43 1C AC 18 9F 66 8C 5C 00 00
  can1  206  [16]  FD 65 5C 1C 6F 5E 00 1C BF 18 42 64 A6 5D 00 00"
2025-08-09T00:02:27.457353,24.080,"can1  206  [16]  E3 64 D3 1C 61 5F B9 1B 10 19 4E 66 DA 5F 00 00
  can1  206  [16]  C9 63 4F 1D 0E 62 D1 1B 1E 19 B9 67 53 60 00 00"
2025-08-09T00:02:27.675890,24.298,"can1  206  [16]  00 63 35 1D AF 62 DD 1B 19 19 31 68 02 60 00 00
  can1  206  [16]  A1 63 14 1D 00 63 DD 1B 19 19 D3 68 2B 60 00 00"
2025-08-09T00:02:27.675890,24.298,"can1  206  [16]  AF 62 14 1D 00 63 E3 1B 19 19 FB 68 B2 5F 00 00
  can1  206  [16]  5F 62 0D 1D A1 63 D7 1B 15 19 74 69 DA 5F 00 00"
2025-08-09T00:02:27.898187,24.521,"can1  206  [16]  00 63 FA 1C A1 63 E3 1B 10 19 9C 69 DA 5F 00 00
  can1  206  [16]  AF 62 00 1D 79 63 E3 1B 0B 19 ED 69 B2 5F 00 00"
2025-08-09T00:02:27.900201,24.523,"can1  206  [16]  87 62 F3 1C 79 63 EE 1B 06 19 ED 69 89 5F 00 00
  can1  206  [16]  AF 62 E7 1C 00 63 E3 1B 01 19 15 6A 61 5F 00 00"
2025-08-09T00:02:28.119855,24.742,"can1  206  [16]  28 63 E7 1C 00 63 E3 1B FD 18 3D 6A 10 5F 00 00
  can1  206  [16]  E6 61 E0 1C 00 63 E3 1B F8 18 3D 6A 98 5E 00 00"
2025-08-09T00:02:28.119855,24.742,"can1  206  [16]  BD 61 D3 1C D8 62 E8 1B F8 18 66 6A E8 5E 00 00
  can1  206  [16]  6D 61 43 1C A3 60 62 1C 90 18 4E 66 C2 5B 00 00"
2025-08-09T00:02:28.331069,24.954,"can1  206  [16]  C9 63 56 1C E8 5E 06 1C 99 18 6A 64 05 5D 00 00
  can1  206  [16]  C9 63 C0 1C 02 60 A2 1B E5 18 76 66 61 5F 00 00"
2025-08-09T00:02:28.331069,24.954,"can1  206  [16]  36 62 42 1D 5F 62 A7 1B FD 18 68 67 02 60 00 00
  can1  206  [16]  36 62 21 1D D8 62 A2 1B 15 19 B9 67 2B 60 00 00"
2025-08-09T00:02:28.553169,25.176,"can1  206  [16]  BD 61 21 1D 28 63 AD 1B 15 19 5A 68 02 60 00 00
  can1  206  [16]  45 61 FA 1C 79 63 E3 1B 01 19 66 6A E8 5E 00 00"
2025-08-09T00:02:28.557725,25.180,"can1  206  [16]  5F 62 CD 1C 50 63 0C 1C F3 18 ED 69 E8 5E 00 00
  can1  206  [16]  00 63 9A 1C 50 63 13 1C E9 18 3D 6A 47 5E 00 00"
2025-08-09T00:02:28.769907,25.392,"can1  206  [16]  E6 61 94 1C A1 63 1F 1C E9 18 15 6A 7E 5D 00 00
  can1  206  [16]  0E 62 81 1C F2 63 2B 1C 01 19 ED 69 CE 5D 00 00"
2025-08-09T00:02:28.769907,25.392,"can1  206  [16]  D8 62 68 1C 1A 64 31 1C E0 18 23 69 7E 5D 00 00
  can1  206  [16]  36 62 56 1C 79 63 43 1C C8 18 C4 69 55 5D 00 00"
2025-08-09T00:02:28.769907,25.392,"can1  206  [16]  D8 62 43 1C 79 63 50 1C B5 18 4C 69 2D 5D 00 00
  can1  206  [16]  D8 62 31 1C 28 63 68 1C B0 18 FB 68 64 5C 00 00"
2025-08-09T00:02:28.992780,25.615,"can1  206  [16]  0E 62 25 1C 87 62 7B 1C A2 18 FB 68 13 5C 00 00
  can1  206  [16]  E6 61 19 1C BD 61 8E 1C 99 18 AA 68 13 5C 00 00"
2025-08-09T00:02:28.992780,25.615,can1  206  [16]  5F 62 19 1C 95 61 6E 1C 94 18 BB 64 8C 5C 00 00
2025-08-09T00:02:29.211689,25.834,"can1  206  [16]  D5 65 5C 1C 53 60 E3 1B AC 18 BB 64 47 5E 00 00
  can1  206  [16]  6A 64 0D 1D BD 61 B9 1B DB 18 FD 65 61 5F 00 00"
2025-08-09T00:02:29.211689,25.834,"can1  206  [16]  79 63 0D 1D 36 62 B9 1B E9 18 4E 66 89 5F 00 00
  can1  206  [16]  A1 63 14 1D 5F 62 B9 1B F8 18 FD 65 DA 5F 00 00
  can1  206  [16]  28 63 0D 1D D8 62 BF 1B 01 19 FD 65 DA 5F 00 00"
2025-08-09T00:02:29.417643,26.040,"can1  206  [16]  AF 62 0D 1D 28 63 AD 1B 06 19 FD 65 39 5F 00 00
  can1  206  [16]  0E 62 14 1D A1 63 A7 1B 10 19 EF 66 39 5F 00 00"
2025-08-09T00:02:29.417643,26.040,"can1  206  [16]  0E 62 1A 1D F2 63 A7 1B 19 19 40 67 89 5F 00 00
  can1  206  [16]  BD 61 14 1D 6A 64 A7 1B 1E 19 90 67 89 5F 00 00"
2025-08-09T00:02:29.639217,26.262,"can1  206  [16]  6D 61 F3 1C 93 64 E3 1B 01 19 23 69 6F 5E 00 00
  can1  206  [16]  E6 61 BA 1C 1A 64 13 1C 19 19 23 69 47 5E 00 00"
2025-08-09T00:02:29.639217,26.262,"can1  206  [16]  E6 61 A7 1C 1A 64 1F 1C 15 19 FB 68 F6 5D 00 00
  can1  206  [16]  45 61 37 1C 0E 62 7B 1C AC 18 E1 67 49 5B 00 00"
2025-08-09T00:02:29.860861,26.483,"can1  206  [16]  00 63 25 1C 6D 61 50 1C 99 18 79 63 EB 5B 00 00
  can1  206  [16]  D5 65 68 1C CC 60 B9 1B CD 18 6A 64 F6 5D 00 00"
2025-08-09T00:02:29.864494,26.487,can1  206  [16]  79 63 28 1D E6 61 9C 1B E5 18 26 66 39 5F 00 00
2025-08-09T00:02:30.083422,26.706,"can1  206  [16]  00 63 07 1D 5F 62 AD 1B F3 18 C7 66 E8 5E 00 00
  can1  206  [16]  79 63 14 1D 0E 62 B9 1B FD 18 C7 66 B2 5F 00 00"
2025-08-09T00:02:30.091566,26.714,"can1  206  [16]  36 62 21 1D 5F 62 CB 1B 01 19 17 67 2B 60 00 00
  can1  206  [16]  5F 62 1A 1D 5F 62 CB 1B 0B 19 40 67 89 5F 00 00"
2025-08-09T00:02:30.305099,26.928,"can1  206  [16]  5F 62 14 1D D8 62 C5 1B 10 19 90 67 B2 5F 00 00
  can1  206  [16]  BD 61 14 1D 50 63 D1 1B 15 19 09 68 DA 5F 00 00"
2025-08-09T00:02:30.308377,26.931,"can1  206  [16]  BD 61 0D 1D 79 63 D7 1B 19 19 82 68 DA 5F 00 00
  can1  206  [16]  F4 60 F3 1C 28 63 1F 1C 01 19 3D 6A E8 5E 00 00"
2025-08-09T00:02:30.308377,26.931,"can1  206  [16]  1C 61 31 1C 95 61 94 1C 94 18 D5 65 EB 5B 00 00
  can1  206  [16]  F2 63 56 1C 98 5E 31 1C A7 18 6A 64 55 5D 00 00"
2025-08-09T00:02:30.531582,27.154,"can1  206  [16]  F2 63 B3 1C B2 5F CB 1B 01 19 0C 65 89 5F 00 00
  can1  206  [16]  0E 62 35 1D 87 62 CB 1B 10 19 EF 66 7B 60 00 00"
2025-08-09T00:02:30.537613,27.160,"can1  206  [16]  AF 62 1A 1D 00 63 CB 1B 06 19 B9 67 2B 60 00 00
  can1  206  [16]  36 62 1A 1D 50 63 CB 1B 1E 19 09 68 2B 60 00 00"
2025-08-09T00:02:30.731943,27.355,"can1  206  [16]  6D 61 ED 1C 00 63 06 1C 01 19 ED 69 39 5F 00 00
  can1  206  [16]  CC 60 56 1C 95 61 94 1C 90 18 26 66 C2 5B 00 00"
2025-08-09T00:02:30.731943,27.355,"can1  206  [16]  A1 63 56 1C E8 5E 49 1C A7 18 42 64 DC 5C 00 00
  can1  206  [16]  F2 63 AD 1C 02 60 C5 1B 01 19 D5 65 89 5F 00 00"
2025-08-09T00:02:30.954138,27.579,"can1  206  [16]  5F 62 3B 1D 87 62 C5 1B 10 19 C7 66 02 60 00 00
  can1  206  [16]  36 62 21 1D 00 63 BF 1B 15 19 EF 66 2B 60 00 00"
2025-08-09T00:02:30.956153,27.579,"can1  206  [16]  AF 62 1A 1D 50 63 C5 1B 19 19 EF 66 02 60 00 00
  can1  206  [16]  E6 61 1A 1D C9 63 CB 1B 1E 19 17 67 02 60 00 00"
2025-08-09T00:02:31.176485,27.799,"can1  206  [16]  95 61 ED 1C 79 63 0C 1C 01 19 FB 68 C0 5E 00 00
  can1  206  [16]  45 61 49 1C AF 62 AD 1C B5 18 31 68 64 5C 00 00"
2025-08-09T00:02:31.176485,27.799,"can1  206  [16]  79 63 2B 1C E6 61 8E 1C 94 18 E1 67 13 5C 00 00
  can1  206  [16]  50 63 25 1C E6 61 7B 1C 90 18 68 67 13 5C 00 00"
2025-08-09T00:02:31.403240,28.026,"can1  206  [16]  A1 63 25 1C 45 61 62 1C 9E 18 A1 63 B4 5C 00 00
  can1  206  [16]  E3 64 62 1C A3 60 D7 1B D6 18 E3 64 98 5E 00 00"
2025-08-09T00:02:31.404253,28.027,"can1  206  [16]  1A 64 28 1D 0E 62 BF 1B EE 18 4E 66 89 5F 00 00
  can1  206  [16]  0C 65 14 1D D8 62 BF 1B F8 18 76 66 89 5F 00 00"
2025-08-09T00:02:31.621218,28.244,"can1  206  [16]  D5 65 21 1D 50 63 BF 1B 01 19 9F 66 DA 5F 00 00
  can1  206  [16]  93 64 1A 1D C9 63 C5 1B 10 19 EF 66 53 60 00 00"
2025-08-09T00:02:31.624456,28.247,"can1  206  [16]  79 63 21 1D 6A 64 CB 1B 10 19 68 67 7B 60 00 00
  can1  206  [16]  D8 62 21 1D BB 64 D1 1B 1E 19 09 68 53 60 00 00"
2025-08-09T00:02:31.628733,28.251,"can1  206  [16]  36 62 07 1D 0C 65 CB 1B 1E 19 82 68 DA 5F 00 00
  can1  206  [16]  BD 61 00 1D 0C 65 B9 1B 19 19 D3 68 B2 5F 00 00"
2025-08-09T00:02:31.842980,28.466,"can1  206  [16]  45 61 E7 1C 93 64 0C 1C F8 18 C4 69 C0 5E 00 00
  can1  206  [16]  5F 62 A7 1C 6A 64 37 1C EE 18 4C 69 98 5E 00 00"
2025-08-09T00:02:31.842980,28.466,can1  206  [16]  C9 63 87 1C 6A 64 43 1C E5 18 23 69 47 5E 00 00
2025-08-09T00:02:32.064873,28.687,"can1  206  [16]  79 63 6E 1C 1A 64 50 1C DB 18 23 69 F6 5D 00 00
  can1  206  [16]  0E 62 50 1C F2 63 56 1C C8 18 FB 68 A6 5D 00 00"
2025-08-09T00:02:32.064873,28.687,"can1  206  [16]  36 62 43 1C 00 63 56 1C BA 18 23 69 DC 5C 00 00
  can1  206  [16]  AF 62 31 1C AF 62 5C 1C B0 18 FB 68 8C 5C 00 00
  can1  206  [16]  00 63 25 1C E6 61 68 1C A7 18 FB 68 13 5C 00 00"
2025-08-09T00:02:32.307609,28.930,can1  206  [16]  87 62 1F 1C BD 61 62 1C 99 18 D3 68 C2 5B 00 00
2025-08-09T00:02:32.310114,28.933,"can1  206  [16]  87 62 13 1C F4 60 50 1C 90 18 0C 65 49 5B 00 00
  can1  206  [16]  4E 66 5C 1C 61 5F D1 1B B5 18 BB 64 8C 5C 00 00"
2025-08-09T00:02:32.507938,29.131,"can1  206  [16]  BB 64 07 1D CC 60 BF 1B 19 19 17 67 E8 5E 00 00
  can1  206  [16]  95 61 FA 1C D8 62 13 1C 01 19 C4 69 1F 5E 00 00"
2025-08-09T00:02:32.509958,29.133,"can1  206  [16]  6D 61 3D 1C 95 61 9A 1C 8B 18 FD 65 F9 5A 00 00
  can1  206  [16]  42 64 49 1C 10 5F 49 1C A7 18 F2 63 9A 5B 00 00"
2025-08-09T00:02:32.715488,29.338,"can1  206  [16]  6A 64 AD 1C 02 60 CB 1B 01 19 E3 64 6F 5E 00 00
  can1  206  [16]  AF 62 2E 1D 87 62 CB 1B 10 19 4E 66 E8 5E 00 00"
2025-08-09T00:02:32.716383,29.339,"can1  206  [16]  36 62 28 1D 00 63 C5 1B 10 19 EF 66 C0 5E 00 00
  can1  206  [16]  E6 61 14 1D 79 63 BF 1B 0B 19 40 67 39 5F 00 00"
2025-08-09T00:02:32.716383,29.339,"can1  206  [16]  BD 61 07 1D A1 63 B3 1B 06 19 31 68 E8 5E 00 00
  can1  206  [16]  95 61 ED 1C 28 63 FA 1B E9 18 C4 69 1F 5E 00 00"
2025-08-09T00:02:32.938820,29.561,"can1  206  [16]  36 62 B3 1C 28 63 1F 1C D6 18 4C 69 F6 5D 00 00
  can1  206  [16]  BD 61 94 1C 28 63 2B 1C D6 18 74 69 A6 5D 00 00"
2025-08-09T00:02:32.938820,29.561,"can1  206  [16]  5F 62 7B 1C D8 62 56 1C CD 18 74 69 05 5D 00 00
  can1  206  [16]  5F 62 68 1C D8 62 75 1C B5 18 9C 69 B4 5C 00 00"
2025-08-09T00:02:33.161797,29.784,"can1  206  [16]  6D 61 43 1C 2B 60 7B 1C 8B 18 1A 64 C2 5B 00 00
  can1  206  [16]  93 64 68 1C 89 5F EE 1B B0 18 E3 64 55 5D 00 00"
2025-08-09T00:02:33.161797,29.784,"can1  206  [16]  F2 63 14 1D CC 60 E8 1B 15 19 68 67 E8 5E 00 00
  can1  206  [16]  7B 60 00 1D D8 62 25 1C F3 18 C4 69 1F 5E 00 00"
2025-08-09T00:02:33.383836,30.006,"can1  206  [16]  2B 60 43 1C 45 61 9A 1C 94 18 D5 65 F9 5A 00 00
  can1  206  [16]  C9 63 50 1C E8 5E 2B 1C BF 18 6A 64 13 5C 00 00"
2025-08-09T00:02:33.390095,30.013,"can1  206  [16]  50 63 C0 1C 02 60 C5 1B 0B 19 0C 65 98 5E 00 00
  can1  206  [16]  BD 61 2E 1D AF 62 D7 1B 0B 19 17 67 61 5F 00 00"
2025-08-09T00:02:33.606729,30.229,"can1  206  [16]  0E 62 14 1D 50 63 BF 1B 15 19 E1 67 39 5F 00 00
  can1  206  [16]  CC 60 FA 1C 79 63 FA 1B 06 19 ED 69 6F 5E 00 00"
2025-08-09T00:02:33.606729,30.229,"can1  206  [16]  53 60 49 1C 36 62 9A 1C BF 18 82 68 B4 5C 00 00
  can1  206  [16]  6D 61 43 1C 10 5F 43 1C A2 18 A1 63 DC 5C 00 00"
2025-08-09T00:02:33.825650,30.448,"can1  206  [16]  A1 63 81 1C 2B 60 C5 1B E9 18 0C 65 39 5F 00 00
  can1  206  [16]  79 63 3B 1D E6 61 A7 1B 01 19 76 66 B2 5F 00 00"
2025-08-09T00:02:33.834218,30.457,"can1  206  [16]  AF 62 1A 1D D8 62 9C 1B 06 19 C7 66 02 60 00 00
  can1  206  [16]  87 62 14 1D 00 63 A2 1B 10 19 68 67 2B 60 00 00"
2025-08-09T00:02:34.051068,30.674,"can1  206  [16]  BD 61 0D 1D 79 63 A7 1B 10 19 B9 67 2B 60 00 00
  can1  206  [16]  1C 61 F3 1C 50 63 DD 1B 01 19 74 69 61 5F 00 00"
2025-08-09T00:02:34.051068,30.674,"can1  206  [16]  2B 60 50 1C BD 61 7B 1C B5 18 E1 67 B4 5C 00 00
  can1  206  [16]  87 62 1F 1C 45 61 49 1C 8B 18 42 64 64 5C 00 00"
2025-08-09T00:02:34.273937,30.897,"can1  206  [16]  D5 65 5C 1C 61 5F D7 1B B0 18 F2 63 A6 5D 00 00
  can1  206  [16]  C9 63 F3 1C A3 60 AD 1B 19 19 76 66 89 5F 00 00"
2025-08-09T00:02:34.273937,30.897,"can1  206  [16]  7B 60 14 1D 28 63 E3 1B 06 19 74 69 6F 5E 00 00
  can1  206  [16]  7B 60 49 1C 0E 62 7B 1C BA 18 82 68 13 5C 00 00"
2025-08-09T00:02:34.610204,31.233,"can1  206  [16]  6D 61 5C 1C 61 5F 1F 1C AC 18 A1 63 64 5C 00 00
  can1  206  [16]  C9 63 A7 1C 53 60 A2 1B F8 18 E3 64 C0 5E 00 00"
2025-08-09T00:02:34.612211,31.235,"can1  206  [16]  AF 62 42 1D 5F 62 A2 1B 10 19 4E 66 61 5F 00 00
  can1  206  [16]  BD 61 28 1D D8 62 A2 1B 10 19 EF 66 89 5F 00 00"
2025-08-09T00:02:34.612211,31.235,"can1  206  [16]  E6 61 1A 1D 79 63 AD 1B 15 19 68 67 39 5F 00 00
  can1  206  [16]  5F 62 14 1D A1 63 AD 1B 10 19 40 67 B2 5F 00 00"
2025-08-09T00:02:34.618032,31.241,"can1  206  [16]  45 61 F3 1C 79 63 EE 1B EE 18 9C 69 10 5F 00 00
  can1  206  [16]  53 60 56 1C 36 62 87 1C A7 18 5A 68 8C 5C 00 00"
2025-08-09T00:02:35.003822,31.626,"can1  206  [16]  BD 61 31 1C 45 61 62 1C 7D 18 6A 64 8C 5C 00 00
  can1  206  [16]  C9 63 68 1C B2 5F E3 1B A7 18 93 64 F6 5D 00 00"
2025-08-09T00:02:35.006036,31.629,"can1  206  [16]  D8 62 0D 1D 53 60 BF 1B 0B 19 C7 66 02 60 00 00
  can1  206  [16]  F4 60 1A 1D D8 62 EE 1B 06 19 9C 69 39 5F 00 00"
2025-08-09T00:02:35.006036,31.629,"can1  206  [16]  CC 60 56 1C BD 61 87 1C AC 18 82 68 13 5C 00 00
  can1  206  [16]  36 62 31 1C 1C 61 5C 1C 7D 18 6A 64 8C 5C 00 00"
2025-08-09T00:02:35.252599,31.875,"can1  206  [16]  BB 64 62 1C 61 5F D1 1B AC 18 42 64 F6 5D 00 00
  can1  206  [16]  A1 63 00 1D CC 60 B3 1B 1E 19 9F 66 DA 5F 00 00"
2025-08-09T00:02:35.252599,31.875,"can1  206  [16]  45 61 1A 1D 28 63 EE 1B 06 19 FB 68 47 5E 00 00
  can1  206  [16]  7B 60 50 1C E6 61 87 1C B5 18 B9 67 EB 5B 00 00"
2025-08-09T00:02:35.252599,31.875,"can1  206  [16]  BD 61 25 1C 1C 61 5C 1C 90 18 C9 63 72 5B 00 00
  can1  206  [16]  79 63 62 1C 39 5F D7 1B B0 18 42 64 7E 5D 00 00"
2025-08-09T00:02:35.471633,32.094,"can1  206  [16]  D8 62 0D 1D 7B 60 BF 1B 1E 19 EF 66 B2 5F 00 00
  can1  206  [16]  53 60 14 1D 28 63 E8 1B 01 19 9C 69 6F 5E 00 00"
2025-08-09T00:02:35.471633,32.094,"can1  206  [16]  7B 60 56 1C 0E 62 81 1C BA 18 82 68 64 5C 00 00
  can1  206  [16]  5F 62 31 1C 1C 61 49 1C 90 18 93 64 64 5C 00 00"
2025-08-09T00:02:35.800335,32.423,"can1  206  [16]  FD 65 6E 1C 89 5F D1 1B B5 18 1A 64 CE 5D 00 00
  can1  206  [16]  A1 63 0D 1D F4 60 A7 1B 19 19 C7 66 2B 60 00 00
  can1  206  [16]  5F 62 28 1D C9 63 A7 1B 19 19 09 68 02 60 00 00"
2025-08-09T00:02:35.800335,32.423,"can1  206  [16]  0E 62 07 1D 93 64 A7 1B 15 19 D3 68 02 60 00 00
  can1  206  [16]  6D 61 DA 1C 50 63 0C 1C FD 18 C4 69 C0 5E 00 00"
2025-08-09T00:02:35.802353,32.425,can1  206  [16]  53 60 31 1C F4 60 81 1C AC 18 BB 64 13 5C 00 00
2025-08-09T00:02:36.015097,32.638,"can1  206  [16]  E3 64 56 1C 10 5F 0C 1C C8 18 6A 64 2D 5D 00 00
  can1  206  [16]  00 63 E7 1C 2B 60 CB 1B 32 19 76 66 2B 60 00 00"
2025-08-09T00:02:36.034865,32.657,"can1  206  [16]  45 61 14 1D 00 63 FA 1B 19 19 ED 69 39 5F 00 00
  can1  206  [16]  A3 60 68 1C 0E 62 B3 1C E9 18 D3 68 2D 5D 00 00"
2025-08-09T00:02:36.236980,32.860,"can1  206  [16]  6D 61 56 1C C0 5E 6E 1C C3 18 C9 63 B4 5C 00 00
  can1  206  [16]  F2 63 81 1C 89 5F D7 1B D6 18 FD 65 6F 5E 00 00"
2025-08-09T00:02:36.236980,32.860,"can1  206  [16]  0E 62 49 1D 45 61 E8 1B 10 19 D3 68 98 5E 00 00
  can1  206  [16]  2B 60 D3 1C 0E 62 43 1C E5 18 FB 68 CE 5D 00 00"
2025-08-09T00:02:36.450722,33.073,"can1  206  [16]  1C 61 37 1C B2 5F 68 1C 94 18 50 63 EB 5B 00 00
  can1  206  [16]  79 63 62 1C 98 5E DD 1B B0 18 1A 64 05 5D 00 00"
2025-08-09T00:02:36.450722,33.073,"can1  206  [16]  1A 64 14 1D B2 5F B3 1B 1E 19 76 66 B2 5F 00 00
  can1  206  [16]  F4 60 1A 1D 87 62 E8 1B 2D 19 ED 69 6F 5E 00 00"
2025-08-09T00:02:36.701343,33.324,"can1  206  [16]  A3 60 50 1C 45 61 75 1C 8B 18 4E 66 72 5B 00 00
  can1  206  [16]  50 63 56 1C E8 5E 25 1C A7 18 1A 64 8C 5C 00 00"
2025-08-09T00:02:36.706679,33.329,"can1  206  [16]  50 63 BA 1C 89 5F A2 1B FD 18 0C 65 10 5F 00 00
  can1  206  [16]  87 62 56 1D E6 61 A2 1B 10 19 76 66 B2 5F 00 00"
2025-08-09T00:02:37.008837,33.631,"can1  206  [16]  D8 62 35 1D AF 62 A7 1B 10 19 EF 66 B2 5F 00 00
  can1  206  [16]  45 61 0D 1D D8 62 CB 1B 06 19 23 69 98 5E 00 00"
2025-08-09T00:02:37.008837,33.631,"can1  206  [16]  B2 5F 62 1C 0E 62 7B 1C D2 18 82 68 64 5C 00 00
  can1  206  [16]  45 61 56 1C 10 5F 3D 1C A7 18 A1 63 64 5C 00 00"
2025-08-09T00:02:37.008837,33.631,can1  206  [16]  50 63 7B 1C B2 5F AD 1B E5 18 0C 65 C0 5E 00 00
2025-08-09T00:02:37.222583,33.845,"can1  206  [16]  0E 62 49 1D 6D 61 CB 1B 23 19 82 68 39 5F 00 00
  can1  206  [16]  89 5F D3 1C 36 62 43 1C F8 18 D3 68 7E 5D 00 00"
2025-08-09T00:02:37.222583,33.845,"can1  206  [16]  A3 60 3D 1C 2B 60 68 1C 94 18 42 64 EB 5B 00 00
  can1  206  [16]  50 63 68 1C 39 5F D7 1B B0 18 BB 64 2D 5D 00 00"
2025-08-09T00:02:37.222583,33.845,"can1  206  [16]  87 62 07 1D 02 60 B9 1B 1E 19 EF 66 89 5F 00 00
  can1  206  [16]  7B 60 1A 1D AF 62 F4 1B 01 19 FB 68 98 5E 00 00"
2025-08-09T00:02:37.438574,34.061,"can1  206  [16]  F4 60 43 1C 6D 61 94 1C 8B 18 E3 64 49 5B 00 00
  can1  206  [16]  50 63 56 1C 10 5F 43 1C 9E 18 28 63 64 5C 00 00"
2025-08-09T00:02:37.438574,34.061,"can1  206  [16]  C9 63 BA 1C 53 60 C5 1B 06 19 93 64 E8 5E 00 00
  can1  206  [16]  5F 62 4F 1D 5F 62 C5 1B 10 19 4E 66 61 5F 00 00"
2025-08-09T00:02:37.659144,34.282,"can1  206  [16]  E6 61 35 1D D8 62 C5 1B 10 19 17 67 89 5F 00 00
  can1  206  [16]  E6 61 21 1D 79 63 CB 1B 3C 19 90 67 89 5F 00 00"
2025-08-09T00:02:37.659144,34.282,"can1  206  [16]  BD 61 14 1D A1 63 CB 1B 37 19 68 67 89 5F 00 00
  can1  206  [16]  A3 60 00 1D 28 63 0C 1C 10 19 23 69 6F 5E 00 00"
2025-08-09T00:02:37.890191,34.513,"can1  206  [16]  CC 60 49 1C 95 61 94 1C 94 18 93 64 49 5B 00 00
  can1  206  [16]  42 64 56 1C 39 5F 2B 1C A7 18 87 62 B4 5C 00 00"
2025-08-09T00:02:37.890191,34.513,"can1  206  [16]  00 63 B3 1C 02 60 BF 1B F8 18 1A 64 10 5F 00 00
  can1  206  [16]  BD 61 42 1D 00 63 BF 1B F8 18 D5 65 89 5F 00 00"
2025-08-09T00:02:38.097444,34.720,can1  206  [16]  45 61 0D 1D F2 63 EE 1B F3 18 D3 68 98 5E 00 00
2025-08-09T00:02:38.097444,34.720,"can1  206  [16]  DA 5F 75 1C 00 63 9A 1C BF 18 90 67 8C 5C 00 00
  can1  206  [16]  F4 60 50 1C B2 5F 62 1C 7D 18 5F 62 EB 5B 00 00
  can1  206  [16]  28 63 7B 1C 2B 60 C5 1B C3 18 C9 63 47 5E 00 00"
2025-08-09T00:02:38.325037,34.948,can1  206  [16]  36 62 42 1D E6 61 B9 1B E5 18 A1 63 C0 5E 00 00
2025-08-09T00:02:38.331505,34.954,"can1  206  [16]  36 62 35 1D 5F 62 B9 1B EE 18 1A 64 E8 5E 00 00
  can1  206  [16]  BD 61 35 1D AF 62 BF 1B 01 19 FD 65 61 5F 00 00
  can1  206  [16]  BD 61 28 1D 00 63 BF 1B 01 19 76 66 B2 5F 00 00"
2025-08-09T00:02:38.537129,35.160,"can1  206  [16]  1C 61 07 1D C9 63 F4 1B F8 18 FB 68 1F 5E 00 00
  can1  206  [16]  02 60 6E 1C 87 62 9A 1C BF 18 31 68 3B 5C 00 00"
2025-08-09T00:02:38.537129,35.160,"can1  206  [16]  6D 61 56 1C 61 5F 62 1C 94 18 00 63 13 5C 00 00
  can1  206  [16]  F2 63 9A 1C 02 60 D7 1B D2 18 BB 64 98 5E 00 00"
2025-08-09T00:02:38.836984,35.460,"can1  206  [16]  50 63 49 1D BD 61 C5 1B F8 18 FD 65 61 5F 00 00
  can1  206  [16]  D8 62 35 1D 5F 62 B9 1B 01 19 0C 65 39 5F 00 00"
2025-08-09T00:02:38.839452,35.462,"can1  206  [16]  5F 62 35 1D D8 62 A7 1B 01 19 FD 65 B2 5F 00 00
  can1  206  [16]  0E 62 21 1D 28 63 A2 1B 06 19 EF 66 89 5F 00 00"
2025-08-09T00:02:38.839452,35.462,"can1  206  [16]  BD 61 28 1D C9 63 A7 1B 06 19 90 67 61 5F 00 00
  can1  206  [16]  45 61 07 1D C9 63 E8 1B F8 18 9C 69 6F 5E 00 00"
2025-08-09T00:02:39.075134,35.698,"can1  206  [16]  7B 60 49 1C 36 62 9A 1C B0 18 D3 68 13 5C 00 00
  can1  206  [16]  0E 62 25 1C 45 61 75 1C 82 18 93 64 C2 5B 00 00"
2025-08-09T00:02:39.077139,35.700,can1  206  [16]  42 64 62 1C 89 5F F4 1B B0 18 93 64 55 5D 00 00
2025-08-09T00:02:39.079738,35.702,"can1  206  [16]  28 63 00 1D CC 60 DD 1B 1E 19 EF 66 61 5F 00 00
  can1  206  [16]  36 62 1A 1D C9 63 DD 1B 06 19 09 68 CC 60 00 00"
2025-08-09T00:02:39.295627,35.918,"can1  206  [16]  45 61 ED 1C A1 63 19 1C EE 18 23 69 39 5F 00 00
  can1  206  [16]  5F 62 A7 1C 00 63 31 1C E0 18 FB 68 98 5E 00 00"
2025-08-09T00:02:39.296935,35.920,"can1  206  [16]  95 61 37 1C 1C 61 62 1C 7D 18 C9 63 64 5C 00 00
  can1  206  [16]  4E 66 5C 1C 39 5F EE 1B 9E 18 C9 63 7E 5D 00 00"
2025-08-09T00:02:39.518632,36.141,"can1  206  [16]  93 64 E0 1C 7B 60 B9 1B 01 19 FD 65 2B 60 00 00
  can1  206  [16]  0E 62 3B 1D 00 63 B9 1B 19 19 90 67 DA 5F 00 00"
2025-08-09T00:02:39.518632,36.141,"can1  206  [16]  BD 61 1A 1D A1 63 96 1B 2D 19 E1 67 02 60 00 00
  can1  206  [16]  45 61 F3 1C 00 63 FA 1B F3 18 4C 69 10 5F 00 00"
2025-08-09T00:02:39.738172,36.361,"can1  206  [16]  BD 61 CD 1C D8 62 25 1C E5 18 D3 68 98 5E 00 00
  can1  206  [16]  36 62 A0 1C D8 62 37 1C E0 18 82 68 6F 5E 00 00"
2025-08-09T00:02:39.739678,36.362,"can1  206  [16]  AF 62 87 1C D8 62 56 1C E0 18 FB 68 1F 5E 00 00
  can1  206  [16]  87 62 6E 1C AF 62 62 1C D6 18 FB 68 7E 5D 00 00"
2025-08-09T00:02:39.958799,36.581,"can1  206  [16]  E6 61 56 1C 87 62 6E 1C C8 18 FB 68 55 5D 00 00
  can1  206  [16]  36 62 3D 1C 5F 62 75 1C BF 18 D3 68 2D 5D 00 00"
2025-08-09T00:02:39.958799,36.581,"can1  206  [16]  00 63 3D 1C E6 61 7B 1C A7 18 FB 68 B4 5C 00 00
  can1  206  [16]  28 63 3D 1C BD 61 6E 1C A2 18 D3 68 64 5C 00 00"
2025-08-09T00:02:40.179471,36.802,"can1  206  [16]  36 62 2B 1C 45 61 5C 1C 90 18 BB 64 13 5C 00 00
  can1  206  [16]  79 63 5C 1C 89 5F DD 1B B5 18 93 64 A6 5D 00 00"
2025-08-09T00:02:40.179471,36.802,"can1  206  [16]  D8 62 00 1D CC 60 B9 1B 1E 19 EF 66 02 60 00 00
  can1  206  [16]  53 60 0D 1D 50 63 E8 1B 06 19 C4 69 10 5F 00 00"
2025-08-09T00:02:40.179471,36.802,"can1  206  [16]  2B 60 56 1C 0E 62 8E 1C BA 18 82 68 B4 5C 00 00
  can1  206  [16]  45 61 6E 1C 39 5F 19 1C A7 18 42 64 05 5D 00 00"
2025-08-09T00:02:40.400566,37.023,"can1  206  [16]  D8 62 B3 1C 53 60 BF 1B FD 18 26 66 89 5F 00 00
  can1  206  [16]  E6 61 49 1D 87 62 CB 1B 06 19 EF 66 2B 60 00 00"
2025-08-09T00:02:40.400566,37.023,"can1  206  [16]  5F 62 35 1D 00 63 DD 1B 15 19 90 67 53 60 00 00
  can1  206  [16]  0E 62 21 1D 28 63 E3 1B 19 19 B9 67 53 60 00 00"
2025-08-09T00:02:40.605487,37.228,"can1  206  [16]  F4 60 07 1D 79 63 00 1C 0B 19 9C 69 10 5F 00 00
  can1  206  [16]  2B 60 62 1C 0E 62 A7 1C C3 18 09 68 B4 5C 00 00"
2025-08-09T00:02:40.828344,37.451,"can1  206  [16]  0E 62 2B 1C 6D 61 7B 1C 90 18 BB 64 B4 5C 00 00
  can1  206  [16]  E3 64 68 1C 61 5F 0C 1C C3 18 42 64 CE 5D 00 00"
2025-08-09T00:02:40.828344,37.451,"can1  206  [16]  00 63 00 1D A3 60 E3 1B 4A 19 9F 66 02 60 00 00
  can1  206  [16]  F4 60 1A 1D A1 63 19 1C 37 19 9C 69 10 5F 00 00
  can1  206  [16]  A3 60 56 1C 36 62 B3 1C E9 18 82 68 DC 5C 00 00
  can1  206  [16]  87 62 1F 1C 6D 61 87 1C 99 18 1A 64 64 5C 00 00"
2025-08-09T00:02:41.049409,37.672,"can1  206  [16]  1A 64 62 1C 89 5F 06 1C B0 18 1A 64 CE 5D 00 00
  can1  206  [16]  28 63 00 1D 6D 61 E3 1B 19 19 EF 66 53 60 00 00"
2025-08-09T00:02:41.050298,37.673,"can1  206  [16]  E6 61 35 1D BB 64 DD 1B 19 19 09 68 B2 5F 00 00
  can1  206  [16]  BD 61 14 1D 0C 65 DD 1B 15 19 5A 68 B2 5F 00 00"
2025-08-09T00:02:41.270938,37.894,can1  206  [16]  7B 60 ED 1C 93 64 37 1C FD 18 4C 69 10 5F 00 00
2025-08-09T00:02:41.270938,37.894,"can1  206  [16]  BD 61 9A 1C 6A 64 5C 1C E9 18 4C 69 47 5E 00 00
  can1  206  [16]  1C 61 31 1C 0E 62 A0 1C 99 18 82 68 EB 5B 00 00
  can1  206  [16]  A1 63 31 1C 45 61 68 1C A2 18 6A 64 05 5D 00 00"
2025-08-09T00:02:41.487459,38.110,"can1  206  [16]  93 64 81 1C 1C 61 B3 1B E0 18 FD 65 E8 5E 00 00
  can1  206  [16]  A1 63 42 1D D8 62 96 1B 19 19 76 66 B2 5F 00 00"
2025-08-09T00:02:41.493313,38.116,"can1  206  [16]  50 63 2E 1D A1 63 90 1B 28 19 FD 65 02 60 00 00
  can1  206  [16]  36 62 28 1D F2 63 9C 1B 06 19 76 66 2B 60 00 00"
2025-08-09T00:02:41.714069,38.337,"can1  206  [16]  6D 61 0D 1D D5 65 CB 1B 15 19 4C 69 61 5F 00 00
  can1  206  [16]  89 5F 81 1C 1A 64 68 1C E5 18 D3 68 CE 5D 00 00"
2025-08-09T00:02:41.714069,38.337,"can1  206  [16]  CC 60 43 1C F4 60 56 1C A2 18 A1 63 8C 5C 00 00
  can1  206  [16]  50 63 75 1C 1C 61 B9 1B D2 18 6A 64 E8 5E 00 00"
2025-08-09T00:02:41.936173,38.559,"can1  206  [16]  D8 62 42 1D 87 62 A2 1B EE 18 BB 64 B2 5F 00 00
  can1  206  [16]  28 63 35 1D 50 63 B3 1B F8 18 E3 64 02 60 00 00"
2025-08-09T00:02:41.938180,38.561,"can1  206  [16]  00 63 2E 1D 79 63 C5 1B 01 19 D5 65 2B 60 00 00
  can1  206  [16]  D8 62 2E 1D A1 63 BF 1B 06 19 26 66 53 60 00 00"
2025-08-09T00:02:42.155512,38.778,"can1  206  [16]  D8 62 21 1D F2 63 CB 1B 10 19 C7 66 2B 60 00 00
  can1  206  [16]  79 63 28 1D BB 64 D7 1B 10 19 40 67 2B 60 00 00"
2025-08-09T00:02:42.155512,38.778,"can1  206  [16]  0E 62 1A 1D 0C 65 D7 1B 10 19 E1 67 DA 5F 00 00
  can1  206  [16]  BD 61 1A 1D D5 65 DD 1B 10 19 E1 67 DA 5F 00 00"
2025-08-09T00:02:42.155512,38.778,"can1  206  [16]  6D 61 ED 1C 42 64 3D 1C 01 19 D3 68 E8 5E 00 00
  can1  206  [16]  45 61 43 1C 87 62 BA 1C A7 18 B9 67 EB 5B 00 00"
2025-08-09T00:02:42.378748,39.001,"can1  206  [16]  1A 64 37 1C 0E 62 9A 1C 86 18 C7 66 EB 5B 00 00
  can1  206  [16]  BB 64 2B 1C BD 61 87 1C 82 18 4E 66 13 5C 00 00"
2025-08-09T00:02:42.378748,39.001,"can1  206  [16]  BB 64 31 1C 1C 61 62 1C A2 18 C9 63 DC 5C 00 00
  can1  206  [16]  E3 64 7B 1C 1C 61 CB 1B DB 18 0C 65 39 5F 00 00"
2025-08-09T00:02:42.598463,39.221,can1  206  [16]  00 63 42 1D 87 62 AD 1B FD 18 26 66 02 60 00 00
2025-08-09T00:02:42.598463,39.221,"can1  206  [16]  D8 62 2E 1D 50 63 A2 1B 06 19 9F 66 DA 5F 00 00
  can1  206  [16]  00 63 2E 1D A1 63 A7 1B 10 19 EF 66 2B 60 00 00
  can1  206  [16]  36 62 2E 1D F2 63 C5 1B 15 19 17 67 2B 60 00 00"
2025-08-09T00:02:42.819930,39.443,"can1  206  [16]  E6 61 14 1D 6A 64 CB 1B 15 19 40 67 2B 60 00 00
  can1  206  [16]  95 61 FA 1C 93 64 0C 1C 01 19 ED 69 47 5E 00 00"
2025-08-09T00:02:42.819930,39.443,"can1  206  [16]  45 61 5C 1C 00 63 B3 1C BA 18 FB 68 C2 5B 00 00
  can1  206  [16]  36 62 37 1C 0E 62 9A 1C 9E 18 82 68 F9 5A 00 00"
2025-08-09T00:02:43.045880,39.668,"can1  206  [16]  28 63 37 1C 95 61 7B 1C 99 18 6A 64 3B 5C 00 00
  can1  206  [16]  6A 64 7B 1C 2B 60 EE 1B C3 18 E3 64 F6 5D 00 00"
2025-08-09T00:02:43.049386,39.672,can1  206  [16]  50 63 28 1D 95 61 E8 1B 2D 19 17 67 02 60 00 00
2025-08-09T00:02:43.263296,39.886,"can1  206  [16]  A3 60 0D 1D 1A 64 25 1C 01 19 23 69 E8 5E 00 00
  can1  206  [16]  CC 60 3D 1C 5F 62 C0 1C AC 18 31 68 3B 5C 00 00"
2025-08-09T00:02:43.263296,39.886,"can1  206  [16]  D8 62 1F 1C BD 61 A0 1C 90 18 17 67 C2 5B 00 00
  can1  206  [16]  D8 62 25 1C 95 61 87 1C 99 18 C9 63 B4 5C 00 00
  can1  206  [16]  26 66 5C 1C CC 60 E8 1B C8 18 6A 64 98 5E 00 00"
2025-08-09T00:02:43.484340,40.107,"can1  206  [16]  93 64 21 1D 0E 62 D7 1B E9 18 E3 64 E8 5E 00 00
  can1  206  [16]  00 63 21 1D 00 63 D7 1B E9 18 D5 65 B2 5F 00 00"
2025-08-09T00:02:43.484340,40.107,"can1  206  [16]  AF 62 1A 1D A1 63 D1 1B FD 18 D5 65 89 5F 00 00
  can1  206  [16]  E6 61 21 1D A1 63 C5 1B 01 19 26 66 89 5F 00 00"
2025-08-09T00:02:43.705974,40.329,"can1  206  [16]  45 61 07 1D 0C 65 F4 1B 0B 19 23 69 98 5E 00 00
  can1  206  [16]  89 5F 81 1C C9 63 94 1C E5 18 82 68 DC 5C 00 00"
2025-08-09T00:02:43.715506,40.338,"can1  206  [16]  53 60 37 1C F4 60 7B 1C 9E 18 D8 62 EB 5B 00 00
  can1  206  [16]  00 63 68 1C 1C 61 E3 1B CD 18 F2 63 F6 5D 00 00"
2025-08-09T00:02:43.927439,40.550,"can1  206  [16]  00 63 28 1D 5F 62 D1 1B EE 18 E3 64 E8 5E 00 00
  can1  206  [16]  A1 63 1A 1D 00 63 C5 1B F3 18 D5 65 10 5F 00 00"
2025-08-09T00:02:43.927439,40.550,"can1  206  [16]  00 63 21 1D 79 63 CB 1B FD 18 4E 66 10 5F 00 00
  can1  206  [16]  42 64 21 1D C9 63 BF 1B 01 19 4E 66 39 5F 00 00"
2025-08-09T00:02:43.927439,40.550,"can1  206  [16]  6A 64 1A 1D 1A 64 B3 1B 0B 19 17 67 39 5F 00 00
  can1  206  [16]  D8 62 14 1D 6A 64 AD 1B 15 19 B9 67 39 5F 00 00"
2025-08-09T00:02:44.150642,40.773,"can1  206  [16]  0E 62 0D 1D BB 64 B9 1B 19 19 E1 67 10 5F 00 00
  can1  206  [16]  1C 61 E7 1C 6A 64 06 1C 01 19 23 69 47 5E 00 00"
2025-08-09T00:02:44.158165,40.781,"can1  206  [16]  F4 60 3D 1C AF 62 9A 1C B0 18 5A 68 9A 5B 00 00
  can1  206  [16]  5F 62 25 1C 6D 61 5C 1C 90 18 42 64 9A 5B 00 00"
2025-08-09T00:02:44.368177,40.991,"can1  206  [16]  93 64 5C 1C 2B 60 D7 1B BA 18 BB 64 05 5D 00 00
  can1  206  [16]  F2 63 07 1D 6D 61 C5 1B 28 19 40 67 39 5F 00 00"
2025-08-09T00:02:44.368177,40.991,"can1  206  [16]  45 61 00 1D F2 63 FA 1B 01 19 74 69 98 5E 00 00
  can1  206  [16]  E6 61 B3 1C F2 63 31 1C F3 18 74 69 C0 5E 00 00"
2025-08-09T00:02:44.590259,41.213,"can1  206  [16]  5F 62 9A 1C 1A 64 56 1C E5 18 74 69 C0 5E 00 00
  can1  206  [16]  0E 62 7B 1C C9 63 62 1C DB 18 23 69 1F 5E 00 00"
2025-08-09T00:02:44.592270,41.215,"can1  206  [16]  BD 61 62 1C A1 63 5C 1C CD 18 23 69 CE 5D 00 00
  can1  206  [16]  0E 62 56 1C F2 63 62 1C C3 18 FB 68 55 5D 00 00"
2025-08-09T00:02:44.812942,41.436,"can1  206  [16]  E6 61 3D 1C A1 63 62 1C B5 18 82 68 B4 5C 00 00
  can1  206  [16]  00 63 2B 1C 50 63 68 1C AC 18 82 68 64 5C 00 00"
2025-08-09T00:02:44.814956,41.438,"can1  206  [16]  D8 62 1F 1C D8 62 68 1C A2 18 31 68 3B 5C 00 00
  can1  206  [16]  79 63 2B 1C 36 62 6E 1C 9E 18 31 68 EB 5B 00 00"
2025-08-09T00:02:45.039939,41.663,"can1  206  [16]  A1 63 1F 1C BD 61 68 1C 90 18 E1 67 C2 5B 00 00
  can1  206  [16]  6A 64 25 1C 45 61 50 1C 94 18 F2 63 B4 5C 00 00"
2025-08-09T00:02:45.039939,41.663,"can1  206  [16]  6A 64 6E 1C 7B 60 C5 1B E0 18 6A 64 47 5E 00 00
  can1  206  [16]  D8 62 21 1D BD 61 9C 1B E9 18 0C 65 39 5F 00 00"
2025-08-09T00:02:45.258302,41.881,"can1  206  [16]  D8 62 1A 1D AF 62 96 1B FD 18 E3 64 B2 5F 00 00
  can1  206  [16]  36 62 28 1D D8 62 9C 1B 1E 19 D5 65 2B 60 00 00"
2025-08-09T00:02:45.258302,41.881,"can1  206  [16]  AF 62 28 1D 50 63 A2 1B 1E 19 FD 65 2B 60 00 00
  can1  206  [16]  87 62 1A 1D C9 63 A7 1B 1E 19 C7 66 7B 60 00 00"
2025-08-09T00:02:45.478588,42.101,"can1  206  [16]  36 62 07 1D 1A 64 B3 1B 3C 19 40 67 2B 60 00 00
  can1  206  [16]  95 61 ED 1C 93 64 E3 1B 15 19 9C 69 10 5F 00 00"
2025-08-09T00:02:45.478588,42.101,"can1  206  [16]  7B 60 56 1C 28 63 81 1C C3 18 5A 68 B4 5C 00 00
  can1  206  [16]  6D 61 49 1C 53 60 37 1C A7 18 C9 63 B4 5C 00 00"
2025-08-09T00:02:45.478588,42.101,"can1  206  [16]  A1 63 8E 1C 7B 60 B3 1B E5 18 0C 65 E8 5E 00 00
  can1  206  [16]  AF 62 3B 1D 5F 62 A7 1B FD 18 FD 65 E8 5E 00 00"
2025-08-09T00:02:45.720431,42.343,"can1  206  [16]  5F 62 28 1D 28 63 AD 1B 06 19 9F 66 39 5F 00 00
  can1  206  [16]  36 62 1A 1D C9 63 AD 1B 0B 19 17 67 39 5F 00 00"
2025-08-09T00:02:45.720431,42.343,"can1  206  [16]  BD 61 0D 1D F2 63 AD 1B 10 19 EF 66 39 5F 00 00
  can1  206  [16]  95 61 E7 1C 6A 64 E3 1B 01 19 4C 69 6F 5E 00 00"
2025-08-09T00:02:45.907229,42.530,"can1  206  [16]  CC 60 43 1C 28 63 87 1C BF 18 31 68 EB 5B 00 00
  can1  206  [16]  0E 62 25 1C 36 62 75 1C 99 18 5A 68 49 5B 00 00"
2025-08-09T00:02:46.127189,42.750,"can1  206  [16]  0E 62 1F 1C E6 61 68 1C 90 18 31 68 21 5B 00 00
  can1  206  [16]  0E 62 25 1C 95 61 5C 1C B5 18 1A 64 C2 5B 00 00
  can1  206  [16]  79 63 68 1C 7B 60 CB 1B E9 18 42 64 7E 5D 00 00"
2025-08-09T00:02:46.127189,42.750,"can1  206  [16]  AF 62 1A 1D BD 61 A7 1B 01 19 93 64 6F 5E 00 00
  can1  206  [16]  D8 62 07 1D 5F 62 A2 1B FD 18 93 64 98 5E 00 00"
2025-08-09T00:02:46.127189,42.750,"can1  206  [16]  5F 62 14 1D D8 62 A7 1B FD 18 93 64 10 5F 00 00
  can1  206  [16]  36 62 1A 1D 50 63 A7 1B 01 19 4E 66 B2 5F 00 00"
2025-08-09T00:02:46.347867,42.970,"can1  206  [16]  E6 61 1A 1D C9 63 A7 1B 0B 19 26 66 B2 5F 00 00
  can1  206  [16]  45 61 ED 1C BB 64 D7 1B 28 19 4C 69 C0 5E 00 00"
2025-08-09T00:02:46.347867,42.970,"can1  206  [16]  02 60 68 1C 79 63 75 1C E5 18 82 68 B4 5C 00 00
  can1  206  [16]  A3 60 3D 1C 7B 60 56 1C A2 18 79 63 3B 5C 00 00"
2025-08-09T00:02:46.568319,43.191,"can1  206  [16]  28 63 68 1C A3 60 B3 1B BF 18 93 64 1F 5E 00 00
  can1  206  [16]  36 62 21 1D 36 62 9C 1B D6 18 D5 65 6F 5E 00 00"
2025-08-09T00:02:46.568319,43.191,"can1  206  [16]  87 62 21 1D D8 62 A7 1B E0 18 E3 64 10 5F 00 00
  can1  206  [16]  D8 62 21 1D 50 63 A7 1B E9 18 26 66 10 5F 00 00"
2025-08-09T00:02:46.790488,43.413,"can1  206  [16]  5F 62 1A 1D C9 63 B9 1B 06 19 EF 66 B2 5F 00 00
  can1  206  [16]  0E 62 0D 1D 42 64 C5 1B 23 19 68 67 DA 5F 00 00"
2025-08-09T00:02:46.790488,43.413,"can1  206  [16]  BD 61 00 1D 6A 64 D7 1B 15 19 40 67 DA 5F 00 00
  can1  206  [16]  45 61 FA 1C 42 64 19 1C 15 19 23 69 1F 5E 00 00"
2025-08-09T00:02:47.010638,43.633,"can1  206  [16]  CC 60 50 1C D8 62 B3 1C D2 18 B9 67 9A 5B 00 00
  can1  206  [16]  6D 61 56 1C 02 60 50 1C BF 18 50 63 B4 5C 00 00"
2025-08-09T00:02:47.022699,43.645,"can1  206  [16]  AF 62 A7 1C 1C 61 D1 1B E5 18 E3 64 B2 5F 00 00
  can1  206  [16]  6D 61 21 1D 93 64 FA 1B FD 18 AA 68 89 5F 00 00"
2025-08-09T00:02:47.215841,43.838,"can1  206  [16]  61 5F 94 1C A1 63 8E 1C CD 18 82 68 CE 5D 00 00
  can1  206  [16]  45 61 37 1C A3 60 8E 1C 7D 18 50 63 B4 5C 00 00"
2025-08-09T00:02:47.216876,43.839,"can1  206  [16]  F2 63 50 1C 7B 60 DD 1B A2 18 BB 64 47 5E 00 00
  can1  206  [16]  28 63 21 1D 95 61 E3 1B 06 19 68 67 DA 5F 00 00"
2025-08-09T00:02:47.437200,44.060,"can1  206  [16]  F4 60 F3 1C F2 63 43 1C E5 18 FB 68 C0 5E 00 00
  can1  206  [16]  45 61 37 1C 0E 62 A0 1C 82 18 B9 67 13 5C 00 00"
2025-08-09T00:02:47.439220,44.062,"can1  206  [16]  AF 62 25 1C 45 61 75 1C 66 18 A1 63 64 5C 00 00
  can1  206  [16]  6A 64 75 1C 7B 60 DD 1B 99 18 6A 64 47 5E 00 00"
2025-08-09T00:02:47.657716,44.280,"can1  206  [16]  50 63 1A 1D BD 61 A2 1B B5 18 E3 64 39 5F 00 00
  can1  206  [16]  0C 65 14 1D 87 62 96 1B CD 18 26 66 61 5F 00 00"
2025-08-09T00:02:47.659732,44.282,"can1  206  [16]  6A 64 21 1D 28 63 90 1B D6 18 4E 66 DA 5F 00 00
  can1  206  [16]  6A 64 21 1D A1 63 8A 1B E5 18 76 66 DA 5F 00 00"
2025-08-09T00:02:47.880055,44.503,"can1  206  [16]  87 62 21 1D C9 63 96 1B F3 18 C7 66 7B 60 00 00
  can1  206  [16]  50 63 1A 1D 1A 64 A2 1B F8 18 68 67 53 60 00 00"
2025-08-09T00:02:47.880055,44.503,"can1  206  [16]  5F 62 14 1D 42 64 A7 1B F8 18 B9 67 7B 60 00 00
  can1  206  [16]  50 63 07 1D BB 64 B3 1B F3 18 31 68 02 60 00 00"
2025-08-09T00:02:48.104135,44.727,"can1  206  [16]  5F 62 00 1D 0C 65 B3 1B 0B 19 AA 68 2B 60 00 00
  can1  206  [16]  6D 61 DA 1C 1A 64 13 1C 01 19 74 69 10 5F 00 00"
2025-08-09T00:02:48.106146,44.729,"can1  206  [16]  45 61 31 1C 36 62 8E 1C A7 18 E1 67 13 5C 00 00
  can1  206  [16]  87 62 31 1C 45 61 56 1C 9E 18 C9 63 8C 5C 00 00"
2025-08-09T00:02:48.106146,44.729,"can1  206  [16]  28 63 62 1C CC 60 B9 1B CD 18 1A 64 47 5E 00 00
  can1  206  [16]  AF 62 21 1D 36 62 96 1B E9 18 BB 64 39 5F 00 00"
2025-08-09T00:02:48.324987,44.948,"can1  206  [16]  87 62 14 1D AF 62 9C 1B F3 18 E3 64 10 5F 00 00
  can1  206  [16]  C9 63 0D 1D 28 63 A7 1B 01 19 D5 65 B2 5F 00 00"
2025-08-09T00:02:48.326036,44.949,"can1  206  [16]  5F 62 1A 1D 1A 64 B3 1B 06 19 26 66 02 60 00 00
  can1  206  [16]  00 63 21 1D 93 64 BF 1B 15 19 C7 66 B2 5F 00 00"
2025-08-09T00:02:48.547644,45.170,"can1  206  [16]  28 63 0D 1D 0C 65 BF 1B 15 19 40 67 B2 5F 00 00
  can1  206  [16]  D8 62 07 1D FD 65 CB 1B 1E 19 B9 67 02 60 00 00"
2025-08-09T00:02:48.551149,45.174,"can1  206  [16]  6D 61 E7 1C D5 65 06 1C 0B 19 9C 69 98 5E 00 00
  can1  206  [16]  F4 60 49 1C 00 63 A7 1C C3 18 82 68 EB 5B 00 00"
2025-08-09T00:02:48.768613,45.391,"can1  206  [16]  36 62 25 1C 0E 62 94 1C 9E 18 09 68 49 5B 00 00
  can1  206  [16]  79 63 25 1C 0E 62 87 1C 94 18 B9 67 49 5B 00 00"
2025-08-09T00:02:48.768613,45.391,"can1  206  [16]  79 63 25 1C 6D 61 6E 1C 9E 18 C9 63 B4 5C 00 00
  can1  206  [16]  6A 64 62 1C CC 60 E3 1B CD 18 93 64 6F 5E 00 00"
2025-08-09T00:02:48.995038,45.618,"can1  206  [16]  93 64 28 1D 0E 62 D1 1B EE 18 E3 64 61 5F 00 00
  can1  206  [16]  A1 63 21 1D D8 62 BF 1B F3 18 0C 65 DA 5F 00 00"
2025-08-09T00:02:48.995038,45.618,can1  206  [16]  00 63 1A 1D D8 62 C5 1B 01 19 FD 65 2B 60 00 00
2025-08-09T00:02:49.212836,45.835,"can1  206  [16]  36 62 21 1D 79 63 CB 1B 06 19 26 66 02 60 00 00
  can1  206  [16]  6D 61 07 1D 93 64 FA 1B 10 19 FB 68 10 5F 00 00"
2025-08-09T00:02:49.215016,45.838,"can1  206  [16]  B2 5F 81 1C 28 63 94 1C E9 18 82 68 7E 5D 00 00
  can1  206  [16]  BD 61 43 1C AF 62 9A 1C BA 18 AA 68 8C 5C 00 00"
2025-08-09T00:02:49.215016,45.838,"can1  206  [16]  36 62 2B 1C AF 62 8E 1C B0 18 82 68 64 5C 00 00
  can1  206  [16]  87 62 25 1C 5F 62 87 1C A2 18 82 68 13 5C 00 00"
2025-08-09T00:02:49.418503,46.041,"can1  206  [16]  BD 61 25 1C E6 61 81 1C 94 18 31 68 EB 5B 00 00
  can1  206  [16]  0E 62 19 1C 6D 61 75 1C 99 18 1A 64 64 5C 00 00"
2025-08-09T00:02:49.418503,46.041,"can1  206  [16]  50 63 6E 1C 53 60 E8 1B BF 18 1A 64 1F 5E 00 00
  can1  206  [16]  D8 62 1A 1D 6D 61 E3 1B 28 19 C7 66 2B 60 00 00"
2025-08-09T00:02:49.642998,46.266,"can1  206  [16]  2B 60 07 1D C9 63 2B 1C 06 19 4C 69 39 5F 00 00
  can1  206  [16]  7B 60 43 1C 36 62 AD 1C AC 18 09 68 8C 5C 00 00"
2025-08-09T00:02:49.642998,46.266,"can1  206  [16]  BD 61 2B 1C BD 61 8E 1C 8B 18 90 67 3B 5C 00 00
  can1  206  [16]  AF 62 31 1C 6D 61 68 1C 99 18 C9 63 B4 5C 00 00"
2025-08-09T00:02:49.863760,46.486,"can1  206  [16]  79 63 50 1C 7B 60 D7 1B CD 18 BB 64 6F 5E 00 00
  can1  206  [16]  C9 63 1A 1D E6 61 B9 1B E5 18 0C 65 39 5F 00 00"
2025-08-09T00:02:49.863760,46.486,"can1  206  [16]  28 63 21 1D AF 62 BF 1B F3 18 0C 65 B2 5F 00 00
  can1  206  [16]  5F 62 1A 1D 87 62 BF 1B 06 19 D5 65 02 60 00 00"
2025-08-09T00:02:50.086149,46.709,"can1  206  [16]  5F 62 21 1D AF 62 C5 1B 06 19 D5 65 02 60 00 00
  can1  206  [16]  E6 61 21 1D 00 63 D1 1B 10 19 76 66 2B 60 00 00"
2025-08-09T00:02:50.086149,46.709,"can1  206  [16]  36 62 1A 1D F2 63 D7 1B 15 19 EF 66 02 60 00 00
  can1  206  [16]  87 62 00 1D 1A 64 DD 1B 15 19 17 67 02 60 00 00"
2025-08-09T00:02:50.303852,46.926,"can1  206  [16]  0E 62 07 1D 42 64 E3 1B 19 19 90 67 02 60 00 00
  can1  206  [16]  E6 61 00 1D 6A 64 E8 1B 19 19 B9 67 02 60 00 00"
2025-08-09T00:02:50.305862,46.928,"can1  206  [16]  A3 60 CD 1C 79 63 37 1C F8 18 D3 68 10 5F 00 00
  can1  206  [16]  95 61 25 1C E6 61 AD 1C A7 18 90 67 64 5C 00 00"
2025-08-09T00:02:50.527914,47.150,"can1  206  [16]  A1 63 25 1C 6D 61 75 1C 99 18 79 63 DC 5C 00 00
  can1  206  [16]  F2 63 68 1C 2B 60 D7 1B CD 18 42 64 47 5E 00 00"
2025-08-09T00:02:50.527914,47.150,"can1  206  [16]  50 63 1A 1D 6D 61 DD 1B 2D 19 40 67 B2 5F 00 00
  can1  206  [16]  95 61 FA 1C C9 63 2B 1C 01 19 D3 68 C0 5E 00 00"
2025-08-09T00:02:50.529947,47.153,"can1  206  [16]  CC 60 3D 1C E6 61 A0 1C A2 18 17 67 EB 5B 00 00
  can1  206  [16]  D8 62 2B 1C 45 61 5C 1C 94 18 79 63 8C 5C 00 00"
2025-08-09T00:02:50.733529,47.356,can1  206  [16]  79 63 62 1C 53 60 B3 1B C3 18 42 64 1F 5E 00 00
2025-08-09T00:02:50.737150,47.360,"can1  206  [16]  5F 62 1A 1D 95 61 B3 1B 23 19 76 66 61 5F 00 00
  can1  206  [16]  53 60 ED 1C C9 63 0C 1C 01 19 FB 68 6F 5E 00 00"
2025-08-09T00:02:50.964257,47.587,"can1  206  [16]  36 62 9A 1C F2 63 3D 1C EE 18 FB 68 1F 5E 00 00
  can1  206  [16]  CC 60 2B 1C BD 61 6E 1C 99 18 90 67 EB 5B 00 00"
2025-08-09T00:02:50.966268,47.589,"can1  206  [16]  87 62 2B 1C F4 60 3D 1C 9E 18 00 63 8C 5C 00 00
  can1  206  [16]  C9 63 6E 1C CC 60 A7 1B D6 18 1A 64 98 5E 00 00"
2025-08-09T00:02:51.175838,47.798,"can1  206  [16]  D8 62 21 1D 36 62 8A 1B F3 18 93 64 B2 5F 00 00
  can1  206  [16]  87 62 14 1D D8 62 8A 1B FD 18 BB 64 89 5F 00 00"
2025-08-09T00:02:51.175838,47.798,"can1  206  [16]  36 62 1A 1D 00 63 96 1B 01 19 6A 64 B2 5F 00 00
  can1  206  [16]  BD 61 1A 1D A1 63 90 1B 10 19 E3 64 B2 5F 00 00"
2025-08-09T00:02:51.714622,48.337,"can1  206  [16]  45 61 FA 1C 6A 64 D7 1B 15 19 23 69 10 5F 00 00
  can1  206  [16]  B2 5F 6E 1C 28 63 6E 1C DB 18 23 69 55 5D 00 00"
2025-08-09T00:02:51.714622,48.337,"can1  206  [16]  A3 60 37 1C 53 60 49 1C AC 18 F2 63 8C 5C 00 00
  can1  206  [16]  28 63 68 1C 53 60 AD 1B E0 18 D5 65 6F 5E 00 00"
2025-08-09T00:02:51.714622,48.337,"can1  206  [16]  00 63 2E 1D E6 61 90 1B FD 18 4E 66 61 5F 00 00
  can1  206  [16]  A1 63 21 1D AF 62 96 1B 01 19 76 66 B2 5F 00 00"
2025-08-09T00:02:51.714622,48.337,"can1  206  [16]  0E 62 21 1D 28 63 A2 1B 06 19 C7 66 02 60 00 00
  can1  206  [16]  E6 61 14 1D 79 63 96 1B 01 19 68 67 02 60 00 00"
2025-08-09T00:02:51.714622,48.337,"can1  206  [16]  6D 61 00 1D 6A 64 D7 1B 0B 19 ED 69 39 5F 00 00
  can1  206  [16]  A3 60 7B 1C 79 63 87 1C D6 18 23 69 55 5D 00 00"
2025-08-09T00:02:51.934120,48.557,"can1  206  [16]  E6 61 3D 1C AF 62 94 1C B0 18 D3 68 8C 5C 00 00
  can1  206  [16]  36 62 2B 1C 5F 62 87 1C A2 18 AA 68 64 5C 00 00"
2025-08-09T00:02:51.936132,48.559,"can1  206  [16]  36 62 25 1C 36 62 7B 1C 90 18 AA 68 3B 5C 00 00
  can1  206  [16]  AF 62 1F 1C E6 61 6E 1C 8B 18 09 68 EB 5B 00 00
  can1  206  [16]  79 63 1F 1C 45 61 50 1C 94 18 93 64 8C 5C 00 00"
2025-08-09T00:02:52.159360,48.782,"can1  206  [16]  BB 64 62 1C A3 60 BF 1B C8 18 E3 64 C0 5E 00 00
  can1  206  [16]  50 63 1A 1D BD 61 A2 1B E5 18 FD 65 61 5F 00 00"
2025-08-09T00:02:52.159360,48.782,"can1  206  [16]  D8 62 0D 1D AF 62 A7 1B F3 18 FD 65 89 5F 00 00
  can1  206  [16]  D8 62 21 1D 00 63 A7 1B 01 19 26 66 B2 5F 00 00"
2025-08-09T00:02:52.378474,49.001,"can1  206  [16]  00 63 2E 1D 50 63 A7 1B 06 19 76 66 2B 60 00 00
  can1  206  [16]  BD 61 2E 1D A1 63 B3 1B 10 19 EF 66 2B 60 00 00"
2025-08-09T00:02:52.380484,49.003,"can1  206  [16]  BD 61 1A 1D C9 63 BF 1B 19 19 76 66 02 60 00 00
  can1  206  [16]  45 61 FA 1C C9 63 EE 1B 06 19 23 69 10 5F 00 00"
2025-08-09T00:02:52.606153,49.229,"can1  206  [16]  45 61 68 1C 5F 62 9A 1C D6 18 09 68 DC 5C 00 00
  can1  206  [16]  1C 61 50 1C 39 5F 56 1C AC 18 00 63 8C 5C 00 00"
2025-08-09T00:02:52.606153,49.229,"can1  206  [16]  A1 63 81 1C B2 5F C5 1B E5 18 6A 64 61 5F 00 00
  can1  206  [16]  D8 62 3B 1D 95 61 EE 1B 23 19 5A 68 02 60 00 00"
2025-08-09T00:02:52.823198,49.446,"can1  206  [16]  2B 60 CD 1C AF 62 49 1C FD 18 23 69 6F 5E 00 00
  can1  206  [16]  0E 62 7B 1C AF 62 5C 1C D6 18 4C 69 55 5D 00 00"
2025-08-09T00:02:52.823198,49.446,"can1  206  [16]  5F 62 62 1C AF 62 56 1C CD 18 4C 69 05 5D 00 00
  can1  206  [16]  D8 62 50 1C 87 62 5C 1C C8 18 AA 68 EB 5B 00 00"
2025-08-09T00:02:52.825213,49.448,"can1  206  [16]  E6 61 3D 1C E6 61 5C 1C B0 18 09 68 EB 5B 00 00
  can1  206  [16]  5F 62 37 1C 1C 61 68 1C 8B 18 E3 64 9A 5B 00 00"
2025-08-09T00:02:53.029089,49.652,"can1  206  [16]  D5 65 6E 1C 6F 5E 1F 1C AC 18 42 64 13 5C 00 00
  can1  206  [16]  1A 64 00 1D B2 5F D7 1B 15 19 4E 66 10 5F 00 00"
2025-08-09T00:02:53.029089,49.652,"can1  206  [16]  5F 62 42 1D 36 62 E3 1B 19 19 E1 67 B2 5F 00 00
  can1  206  [16]  1C 61 07 1D D8 62 13 1C 01 19 ED 69 10 5F 00 00"
2025-08-09T00:02:53.248636,49.871,"can1  206  [16]  2B 60 49 1C 95 61 B3 1C 8B 18 EF 66 C2 5B 00 00
  can1  206  [16]  D8 62 43 1C 6F 5E 6E 1C 9E 18 C9 63 DC 5C 00 00"
2025-08-09T00:02:53.251733,49.874,can1  206  [16]  00 63 87 1C 39 5F E3 1B F3 18 0C 65 89 5F 00 00
2025-08-09T00:02:53.621734,50.244,"can1  206  [16]  E6 61 2E 1D 6D 61 F4 1B 1E 19 23 69 89 5F 00 00
  can1  206  [16]  2B 60 A7 1C E6 61 75 1C F3 18 9C 69 CE 5D 00 00"
2025-08-09T00:02:53.623908,50.246,"can1  206  [16]  F4 60 31 1C 39 5F 8E 1C A2 18 42 64 9A 5B 00 00
  can1  206  [16]  A1 63 68 1C C0 5E D7 1B BF 18 E3 64 DC 5C 00 00"
2025-08-09T00:02:53.623908,50.246,"can1  206  [16]  F2 63 00 1D 02 60 C5 1B 28 19 B9 67 E8 5E 00 00
  can1  206  [16]  6D 61 FA 1C 28 63 06 1C 01 19 3D 6A 1F 5E 00 00"
2025-08-09T00:02:53.780457,50.403,"can1  206  [16]  F4 60 37 1C BD 61 8E 1C B0 18 82 68 9A 5B 00 00
  can1  206  [16]  D8 62 25 1C 45 61 5C 1C 90 18 93 64 8C 5C 00 00"
2025-08-09T00:02:53.915315,50.538,"can1  206  [16]  A1 63 56 1C 02 60 CB 1B BF 18 93 64 47 5E 00 00
  can1  206  [16]  D8 62 07 1D 1C 61 B9 1B 28 19 B9 67 B2 5F 00 00"
2025-08-09T00:02:53.915315,50.538,"can1  206  [16]  53 60 FA 1C A1 63 06 1C 06 19 ED 69 C0 5E 00 00
  can1  206  [16]  F4 60 37 1C 87 62 9A 1C B5 18 D3 68 3B 5C 00 00
  can1  206  [16]  BD 61 1F 1C E6 61 7B 1C 90 18 09 68 64 5C 00 00"
2025-08-09T00:02:54.057862,50.680,"can1  206  [16]  00 63 1F 1C 6D 61 56 1C 99 18 6A 64 3B 5C 00 00
  can1  206  [16]  1A 64 5C 1C A3 60 BF 1B C3 18 E3 64 CE 5D 00 00"
2025-08-09T00:02:54.188483,50.811,"can1  206  [16]  50 63 07 1D BD 61 A7 1B E5 18 D5 65 98 5E 00 00
  can1  206  [16]  A1 63 00 1D 5F 62 B9 1B EE 18 FD 65 10 5F 00 00"
2025-08-09T00:02:54.341678,50.964,"can1  206  [16]  AF 62 0D 1D D8 62 C5 1B FD 18 26 66 61 5F 00 00
  can1  206  [16]  28 63 1A 1D 28 63 CB 1B 01 19 D5 65 39 5F 00 00"
2025-08-09T00:02:54.563968,51.187,"can1  206  [16]  79 63 1A 1D A1 63 D1 1B 10 19 FD 65 39 5F 00 00
  can1  206  [16]  5F 62 14 1D F2 63 D1 1B 10 19 4E 66 DA 5F 00 00
  can1  206  [16]  D8 62 0D 1D 1A 64 C5 1B 15 19 40 67 02 60 00 00
  can1  206  [16]  50 63 07 1D 93 64 CB 1B 15 19 E1 67 DA 5F 00 00"
2025-08-09T00:02:54.563968,51.187,"can1  206  [16]  87 62 FA 1C BB 64 BF 1B 06 19 31 68 DA 5F 00 00
  can1  206  [16]  E6 61 FA 1C E3 64 CB 1B 06 19 AA 68 B2 5F 00 00"
2025-08-09T00:02:54.786479,51.409,"can1  206  [16]  45 61 D3 1C F2 63 31 1C F8 18 FB 68 6F 5E 00 00
  can1  206  [16]  45 61 2B 1C BD 61 9A 1C 99 18 90 67 EB 5B 00 00"
2025-08-09T00:02:54.786479,51.409,"can1  206  [16]  D8 62 25 1C F4 60 62 1C 99 18 C9 63 B4 5C 00 00
  can1  206  [16]  A1 63 62 1C A3 60 BF 1B D6 18 BB 64 98 5E 00 00"
2025-08-09T00:02:55.022980,51.646,"can1  206  [16]  93 64 21 1D 36 62 A2 1B E5 18 D5 65 89 5F 00 00
  can1  206  [16]  A1 63 14 1D AF 62 96 1B EE 18 D5 65 B2 5F 00 00"
2025-08-09T00:02:55.022980,51.646,"can1  206  [16]  5F 62 14 1D 79 63 96 1B 01 19 E3 64 53 60 00 00
  can1  206  [16]  6D 61 00 1D BB 64 D7 1B 0B 19 82 68 89 5F 00 00"
2025-08-09T00:02:55.220822,51.843,"can1  206  [16]  61 5F 81 1C C9 63 68 1C C8 18 82 68 CE 5D 00 00
  can1  206  [16]  53 60 37 1C 45 61 62 1C 74 18 5F 62 8C 5C 00 00"
2025-08-09T00:02:55.220822,51.843,"can1  206  [16]  A1 63 50 1C CC 60 BF 1B 99 18 A1 63 47 5E 00 00
  can1  206  [16]  5F 62 0D 1D 36 62 A2 1B B5 18 0C 65 E8 5E 00 00"
2025-08-09T00:02:55.437090,52.060,"can1  206  [16]  AF 62 00 1D AF 62 9C 1B C3 18 0C 65 89 5F 00 00
  can1  206  [16]  AF 62 0D 1D 00 63 A7 1B D6 18 D5 65 B2 5F 00 00"
2025-08-09T00:02:55.437090,52.060,"can1  206  [16]  D8 62 14 1D 28 63 AD 1B DB 18 26 66 DA 5F 00 00
  can1  206  [16]  87 62 00 1D 79 63 A7 1B E9 18 4E 66 DA 5F 00 00"
2025-08-09T00:02:55.437090,52.060,"can1  206  [16]  36 62 0D 1D C9 63 96 1B E0 18 C7 66 DA 5F 00 00
  can1  206  [16]  1C 61 ED 1C 6A 64 B9 1B E0 18 4C 69 39 5F 00 00"
2025-08-09T00:02:55.658465,52.281,"can1  206  [16]  02 60 5C 1C 28 63 68 1C B0 18 82 68 2D 5D 00 00
  can1  206  [16]  CC 60 49 1C 53 60 3D 1C 8B 18 50 63 DC 5C 00 00"
2025-08-09T00:02:55.666840,52.289,"can1  206  [16]  79 63 7B 1C CC 60 AD 1B C3 18 93 64 10 5F 00 00
  can1  206  [16]  50 63 2E 1D AF 62 B9 1B E0 18 D5 65 B2 5F 00 00"
2025-08-09T00:02:55.879188,52.502,"can1  206  [16]  AF 62 1A 1D 50 63 D1 1B E0 18 26 66 89 5F 00 00
  can1  206  [16]  AF 62 21 1D C9 63 C5 1B F8 18 4E 66 61 5F 00 00"
2025-08-09T00:02:55.879188,52.502,"can1  206  [16]  AF 62 14 1D 1A 64 AD 1B F3 18 C7 66 10 5F 00 00
  can1  206  [16]  6D 61 FA 1C 6A 64 B9 1B F8 18 FB 68 10 5F 00 00"
2025-08-09T00:02:56.100909,52.723,"can1  206  [16]  2B 60 49 1C 79 63 68 1C C3 18 90 67 DC 5C 00 00
  can1  206  [16]  1C 61 43 1C 02 60 37 1C 8B 18 D8 62 8C 5C 00 00"
2025-08-09T00:02:56.100909,52.723,can1  206  [16]  28 63 75 1C 1C 61 9C 1B D6 18 6A 64 E8 5E 00 00
2025-08-09T00:02:56.321876,52.944,"can1  206  [16]  87 62 35 1D AF 62 96 1B F3 18 E3 64 B2 5F 00 00
  can1  206  [16]  36 62 21 1D 50 63 96 1B FD 18 BB 64 DA 5F 00 00"
2025-08-09T00:02:56.321876,52.944,"can1  206  [16]  95 61 FA 1C 93 64 C5 1B 01 19 82 68 10 5F 00 00
  can1  206  [16]  B2 5F 7B 1C 79 63 62 1C E5 18 31 68 7E 5D 00 00"
2025-08-09T00:02:56.535151,53.158,"can1  206  [16]  A3 60 31 1C 7B 60 5C 1C 9E 18 D8 62 B4 5C 00 00
  can1  206  [16]  93 64 62 1C 7B 60 BF 1B CD 18 6A 64 47 5E 00 00"
2025-08-09T00:02:56.535151,53.158,"can1  206  [16]  A1 63 21 1D BD 61 A2 1B E9 18 34 65 10 5F 00 00
  can1  206  [16]  28 63 1A 1D AF 62 9C 1B F3 18 0C 65 DA 5F 00 00"
2025-08-09T00:02:56.750078,53.373,"can1  206  [16]  AF 62 1A 1D 28 63 9C 1B 06 19 0C 65 B2 5F 00 00
  can1  206  [16]  36 62 1A 1D 50 63 9C 1B 06 19 FD 65 DA 5F 00 00"
2025-08-09T00:02:56.750078,53.373,"can1  206  [16]  1C 61 FA 1C 93 64 C5 1B 10 19 82 68 61 5F 00 00
  can1  206  [16]  39 5F 75 1C 79 63 62 1C E9 18 5A 68 A6 5D 00 00"
2025-08-09T00:02:56.984424,53.607,"can1  206  [16]  02 60 3D 1C 7B 60 50 1C AC 18 50 63 DC 5C 00 00
  can1  206  [16]  D8 62 5C 1C A3 60 AD 1B D2 18 42 64 98 5E 00 00"
2025-08-09T00:02:56.984424,53.607,"can1  206  [16]  0E 62 1A 1D 36 62 90 1B EE 18 6A 64 61 5F 00 00
  can1  206  [16]  36 62 14 1D AF 62 90 1B FD 18 D5 65 B2 5F 00 00"
2025-08-09T00:02:56.984424,53.607,"can1  206  [16]  95 61 00 1D 93 64 BF 1B 19 19 09 68 89 5F 00 00
  can1  206  [16]  39 5F 9A 1C A1 63 3D 1C F8 18 5A 68 47 5E 00 00"
2025-08-09T00:02:57.193185,53.816,"can1  206  [16]  CC 60 25 1C CC 60 62 1C 99 18 50 63 64 5C 00 00
  can1  206  [16]  1A 64 5C 1C 2B 60 C5 1B BA 18 1A 64 2D 5D 00 00"
2025-08-09T00:02:57.195202,53.818,"can1  206  [16]  6A 64 FA 1C 1C 61 B3 1B 28 19 C7 66 39 5F 00 00
  can1  206  [16]  E6 61 0D 1D 6A 64 B3 1B 19 19 E1 67 10 5F 00 00"
2025-08-09T00:02:57.414954,54.038,"can1  206  [16]  45 61 DA 1C 1A 64 06 1C FD 18 FB 68 F6 5D 00 00
  can1  206  [16]  36 62 94 1C 1A 64 2B 1C EE 18 82 68 7E 5D 00 00"
2025-08-09T00:02:57.414954,54.038,"can1  206  [16]  0E 62 81 1C 00 63 37 1C EE 18 D3 68 05 5D 00 00
  can1  206  [16]  87 62 6E 1C AF 62 3D 1C 06 19 AA 68 05 5D 00 00"
2025-08-09T00:02:57.629419,54.252,"can1  206  [16]  E6 61 5C 1C 87 62 50 1C D6 18 82 68 8C 5C 00 00
  can1  206  [16]  36 62 3D 1C 5F 62 56 1C C3 18 82 68 EB 5B 00 00"
2025-08-09T00:02:57.631436,54.254,"can1  206  [16]  D8 62 2B 1C 0E 62 62 1C B5 18 5A 68 9A 5B 00 00
  can1  206  [16]  D8 62 25 1C BD 61 62 1C AC 18 82 68 EB 5B 00 00"
2025-08-09T00:02:57.843245,54.466,"can1  206  [16]  00 63 1F 1C 45 61 50 1C 8B 18 1A 64 C2 5B 00 00
  can1  206  [16]  0C 65 50 1C E8 5E DD 1B B0 18 50 63 2D 5D 00 00"
2025-08-09T00:02:57.843245,54.466,"can1  206  [16]  A1 63 DA 1C 2B 60 A7 1B 1E 19 FD 65 02 60 00 00
  can1  206  [16]  BD 61 1A 1D 28 63 A7 1B 1E 19 B9 67 B2 5F 00 00"
2025-08-09T00:02:58.059414,54.682,"can1  206  [16]  45 61 F3 1C 79 63 E3 1B 06 19 FB 68 10 5F 00 00
  can1  206  [16]  1C 61 43 1C 0E 62 81 1C BF 18 31 68 64 5C 00 00"
2025-08-09T00:02:58.060414,54.683,"can1  206  [16]  5F 62 19 1C 45 61 50 1C 90 18 6A 64 13 5C 00 00
  can1  206  [16]  4E 66 5C 1C 61 5F D7 1B B5 18 6A 64 7E 5D 00 00"
2025-08-09T00:02:58.311078,54.934,can1  206  [16]  6A 64 F3 1C 02 60 B3 1B 23 19 9F 66 DA 5F 00 00
2025-08-09T00:02:58.311078,54.934,"can1  206  [16]  BD 61 1A 1D D8 62 B3 1B 37 19 40 67 53 60 00 00
  can1  206  [16]  E6 61 F3 1C 28 63 B3 1B 32 19 90 67 2B 60 00 00"
2025-08-09T00:02:58.311078,54.934,"can1  206  [16]  1C 61 C7 1C 87 62 25 1C 06 19 23 69 C0 5E 00 00
  can1  206  [16]  45 61 1F 1C 7B 60 9A 1C 90 18 6A 64 3B 5C 00 00"
2025-08-09T00:02:58.505547,55.128,"can1  206  [16]  26 66 50 1C 6F 5E 2B 1C B0 18 F2 63 7E 5D 00 00
  can1  206  [16]  F2 63 CD 1C 89 5F D7 1B 15 19 D5 65 DA 5F 00 00"
2025-08-09T00:02:58.509871,55.132,"can1  206  [16]  E6 61 28 1D 5F 62 CB 1B 1E 19 68 67 7B 60 00 00
  can1  206  [16]  E6 61 00 1D 00 63 D7 1B 1E 19 E1 67 B2 5F 00 00
  can1  206  [16]  E6 61 F3 1C 79 63 D7 1B 19 19 5A 68 B2 5F 00 00"
2025-08-09T00:02:58.739959,55.363,can1  206  [16]  95 61 DA 1C AF 62 25 1C 01 19 FB 68 C0 5E 00 00
2025-08-09T00:02:58.947713,55.570,"can1  206  [16]  E6 61 9A 1C AF 62 50 1C EE 18 82 68 47 5E 00 00
  can1  206  [16]  D8 62 87 1C AF 62 5C 1C EE 18 FB 68 47 5E 00 00"
2025-08-09T00:02:58.949729,55.572,"can1  206  [16]  5F 62 6E 1C AF 62 68 1C E5 18 AA 68 A6 5D 00 00
  can1  206  [16]  5F 62 5C 1C 87 62 68 1C D6 18 AA 68 7E 5D 00 00
  can1  206  [16]  95 61 25 1C B2 5F 62 1C 9E 18 28 63 8C 5C 00 00"
2025-08-09T00:02:59.169304,55.792,"can1  206  [16]  42 64 56 1C 61 5F D1 1B C3 18 42 64 47 5E 00 00
  can1  206  [16]  79 63 0D 1D CC 60 CB 1B 28 19 C7 66 B2 5F 00 00"
2025-08-09T00:02:59.169304,55.792,"can1  206  [16]  F4 60 F3 1C 28 63 1F 1C 19 19 D3 68 C0 5E 00 00
  can1  206  [16]  1C 61 2B 1C 45 61 81 1C B5 18 1A 64 C2 5B 00 00"
2025-08-09T00:02:59.171315,55.794,"can1  206  [16]  C9 63 43 1C 61 5F 13 1C B0 18 A1 63 B4 5C 00 00
  can1  206  [16]  A1 63 B3 1C 7B 60 A7 1B 32 19 BB 64 B2 5F 00 00"
2025-08-09T00:02:59.390136,56.013,"can1  206  [16]  0E 62 35 1D 00 63 A7 1B 3C 19 C7 66 53 60 00 00
  can1  206  [16]  5F 62 1A 1D C9 63 A7 1B 45 19 EF 66 2B 60 00 00"
2025-08-09T00:02:59.390136,56.013,"can1  206  [16]  BD 61 00 1D C9 63 A2 1B 4A 19 17 67 B2 5F 00 00
  can1  206  [16]  6D 61 E0 1C 50 63 EE 1B 2D 19 FB 68 61 5F 00 00"
2025-08-09T00:02:59.611898,56.234,"can1  206  [16]  F4 60 2B 1C 95 61 7B 1C A7 18 E3 64 13 5C 00 00
  can1  206  [16]  A1 63 43 1C 39 5F 19 1C A7 18 79 63 05 5D 00 00"
2025-08-09T00:02:59.613909,56.236,"can1  206  [16]  1A 64 A0 1C 2B 60 A7 1B FD 18 BB 64 B2 5F 00 00
  can1  206  [16]  36 62 2E 1D 36 62 A7 1B 10 19 26 66 DA 5F 00 00"
2025-08-09T00:02:59.833152,56.456,can1  206  [16]  5F 62 14 1D 00 63 A2 1B 19 19 76 66 B2 5F 00 00
2025-08-09T00:02:59.833152,56.456,"can1  206  [16]  E6 61 00 1D 28 63 AD 1B 1E 19 EF 66 B2 5F 00 00
  can1  206  [16]  45 61 ED 1C 28 63 E3 1B 01 19 FB 68 C0 5E 00 00
  can1  206  [16]  F4 60 43 1C E6 61 81 1C C3 18 B9 67 8C 5C 00 00"
2025-08-09T00:03:00.055555,56.678,can1  206  [16]  0E 62 1F 1C 1C 61 7B 1C 94 18 F2 63 3B 5C 00 00
2025-08-09T00:03:00.057567,56.680,"can1  206  [16]  42 64 49 1C 39 5F 0C 1C AC 18 F2 63 7E 5D 00 00
  can1  206  [16]  79 63 E7 1C 53 60 DD 1B 19 19 D5 65 DA 5F 00 00"
2025-08-09T00:03:00.275723,56.898,"can1  206  [16]  6D 61 00 1D 28 63 F4 1B 2D 19 82 68 98 5E 00 00
  can1  206  [16]  7B 60 49 1C 0E 62 87 1C EE 18 68 67 8C 5C 00 00"
2025-08-09T00:03:00.275723,56.898,"can1  206  [16]  95 61 49 1C 39 5F 1F 1C B5 18 D8 62 8C 5C 00 00
  can1  206  [16]  79 63 7B 1C B2 5F 9C 1B FD 18 6A 64 39 5F 00 00"
2025-08-09T00:03:00.275723,56.898,"can1  206  [16]  D8 62 2E 1D E6 61 90 1B 06 19 FD 65 DA 5F 00 00
  can1  206  [16]  5F 62 1A 1D 5F 62 90 1B 10 19 C7 66 02 60 00 00"
2025-08-09T00:03:00.484122,57.107,"can1  206  [16]  E6 61 14 1D D8 62 A2 1B 15 19 40 67 2B 60 00 00
  can1  206  [16]  BD 61 00 1D 00 63 A2 1B 32 19 68 67 DA 5F 00 00"
2025-08-09T00:03:00.484122,57.107,"can1  206  [16]  45 61 F3 1C 00 63 D7 1B 0B 19 74 69 39 5F 00 00
  can1  206  [16]  CC 60 50 1C BD 61 7B 1C C8 18 B9 67 B4 5C 00 00"
2025-08-09T00:03:00.703074,57.326,"can1  206  [16]  E6 61 1F 1C 1C 61 50 1C 90 18 6A 64 64 5C 00 00
  can1  206  [16]  F2 63 50 1C 10 5F DD 1B A7 18 1A 64 7E 5D 00 00"
2025-08-09T00:03:00.703074,57.326,"can1  206  [16]  28 63 E0 1C 7B 60 A7 1B 23 19 4E 66 B2 5F 00 00
  can1  206  [16]  95 61 00 1D 28 63 E8 1B 10 19 4C 69 E8 5E 00 00"
2025-08-09T00:03:00.927076,57.550,"can1  206  [16]  45 61 56 1C 5F 62 8E 1C C8 18 31 68 B4 5C 00 00
  can1  206  [16]  6D 61 50 1C E8 5E 2B 1C AC 18 28 63 DC 5C 00 00"
2025-08-09T00:03:00.927076,57.550,"can1  206  [16]  D8 62 8E 1C 02 60 BF 1B F8 18 93 64 61 5F 00 00
  can1  206  [16]  6D 61 21 1D A1 63 EE 1B 1E 19 31 68 89 5F 00 00"
2025-08-09T00:03:01.147415,57.770,can1  206  [16]  89 5F 9A 1C 00 63 7B 1C F8 18 AA 68 F6 5D 00 00
2025-08-09T00:03:01.149429,57.772,"can1  206  [16]  7B 60 2B 1C 02 60 94 1C A2 18 79 63 64 5C 00 00
  can1  206  [16]  79 63 56 1C 89 5F F4 1B BF 18 1A 64 1F 5E 00 00"
2025-08-09T00:03:01.369207,57.992,"can1  206  [16]  28 63 00 1D 7B 60 E3 1B 23 19 C7 66 02 60 00 00
  can1  206  [16]  CC 60 ED 1C 00 63 19 1C 01 19 FB 68 39 5F 00 00"
2025-08-09T00:03:01.371220,57.994,"can1  206  [16]  1C 61 2B 1C 45 61 7B 1C 90 18 6A 64 EB 5B 00 00
  can1  206  [16]  C9 63 49 1C 39 5F 19 1C AC 18 28 63 B4 5C 00 00"
2025-08-09T00:03:01.371220,57.994,"can1  206  [16]  F2 63 A0 1C 53 60 A7 1B 06 19 BB 64 B2 5F 00 00
  can1  206  [16]  45 61 00 1D 79 63 D1 1B FD 18 5A 68 39 5F 00 00"
2025-08-09T00:03:01.574846,58.197,"can1  206  [16]  02 60 7B 1C D8 62 68 1C DB 18 31 68 7E 5D 00 00
  can1  206  [16]  BD 61 37 1C D8 62 7B 1C BF 18 E1 67 B4 5C 00 00"
2025-08-09T00:03:01.574846,58.197,"can1  206  [16]  0E 62 2B 1C E6 61 6E 1C B0 18 E1 67 8C 5C 00 00
  can1  206  [16]  5F 62 25 1C BD 61 68 1C A7 18 B9 67 13 5C 00 00"
2025-08-09T00:03:01.796878,58.419,"can1  206  [16]  5F 62 1F 1C 45 61 5C 1C 94 18 C9 63 EB 5B 00 00
  can1  206  [16]  6A 64 50 1C 7B 60 E3 1B BA 18 50 63 A6 5D 00 00"
2025-08-09T00:03:01.796878,58.419,"can1  206  [16]  C9 63 E7 1C 45 61 B9 1B 1E 19 FD 65 2B 60 00 00
  can1  206  [16]  45 61 00 1D 6A 64 E8 1B 10 19 AA 68 39 5F 00 00"
2025-08-09T00:03:02.018483,58.641,can1  206  [16]  1C 61 37 1C 00 63 81 1C C8 18 E1 67 8C 5C 00 00
2025-08-09T00:03:02.018483,58.641,"can1  206  [16]  87 62 19 1C 36 62 68 1C 9E 18 E1 67 EB 5B 00 00
  can1  206  [16]  0E 62 1F 1C 0E 62 50 1C 94 18 90 67 EB 5B 00 00
  can1  206  [16]  E6 61 13 1C 6D 61 43 1C 99 18 C9 63 8C 5C 00 00"
2025-08-09T00:03:02.244308,58.867,"can1  206  [16]  C9 63 62 1C 7B 60 B3 1B CD 18 BB 64 47 5E 00 00
  can1  206  [16]  5F 62 1A 1D 5F 62 8A 1B E9 18 BB 64 10 5F 00 00"
2025-08-09T00:03:02.244308,58.867,"can1  206  [16]  A1 63 FA 1C 00 63 8A 1B F3 18 BB 64 61 5F 00 00
  can1  206  [16]  79 63 07 1D A1 63 8A 1B 01 19 BB 64 89 5F 00 00"
2025-08-09T00:03:02.461457,59.084,"can1  206  [16]  0E 62 14 1D A1 63 96 1B 10 19 26 66 DA 5F 00 00
  can1  206  [16]  0E 62 1A 1D A1 63 9C 1B 10 19 76 66 02 60 00 00"
2025-08-09T00:03:02.466446,59.089,"can1  206  [16]  45 61 00 1D 6A 64 C5 1B 15 19 FB 68 E8 5E 00 00
  can1  206  [16]  DA 5F 6E 1C 79 63 6E 1C E5 18 09 68 DC 5C 00 00"
2025-08-09T00:03:02.668450,59.291,can1  206  [16]  45 61 43 1C 2B 60 49 1C AC 18 79 63 3B 5C 00 00
2025-08-09T00:03:02.668450,59.291,"can1  206  [16]  42 64 68 1C F4 60 AD 1B DB 18 42 64 98 5E 00 00
  can1  206  [16]  00 63 21 1D 36 62 9C 1B F8 18 E3 64 61 5F 00 00"
2025-08-09T00:03:02.889713,59.512,"can1  206  [16]  79 63 1A 1D D8 62 90 1B 01 19 D5 65 B2 5F 00 00
  can1  206  [16]  D8 62 07 1D 79 63 90 1B 0B 19 FD 65 53 60 00 00"
2025-08-09T00:03:02.889713,59.512,"can1  206  [16]  AF 62 14 1D 79 63 A2 1B 10 19 D5 65 B2 5F 00 00
  can1  206  [16]  36 62 1A 1D C9 63 A7 1B 19 19 26 66 02 60 00 00"
2025-08-09T00:03:03.109343,59.732,"can1  206  [16]  0E 62 07 1D 1A 64 A7 1B 23 19 76 66 DA 5F 00 00
  can1  206  [16]  6D 61 F3 1C 1A 64 DD 1B 10 19 82 68 C0 5E 00 00
  can1  206  [16]  1C 61 50 1C D8 62 7B 1C CD 18 68 67 C2 5B 00 00"
2025-08-09T00:03:03.111370,59.734,"can1  206  [16]  5F 62 25 1C E6 61 62 1C 99 18 40 67 72 5B 00 00
  can1  206  [16]  87 62 1F 1C 95 61 50 1C 99 18 F2 63 13 5C 00 00"
2025-08-09T00:03:03.111370,59.734,can1  206  [16]  E3 64 62 1C 2B 60 D1 1B C3 18 1A 64 A6 5D 00 00
2025-08-09T00:03:03.347132,59.970,"can1  206  [16]  A1 63 FA 1C 45 61 B9 1B 32 19 76 66 39 5F 00 00
  can1  206  [16]  45 61 00 1D F2 63 FA 1B 10 19 74 69 CE 5D 00 00"
2025-08-09T00:03:03.553987,60.177,"can1  206  [16]  AF 62 BA 1C F2 63 3D 1C 01 19 FB 68 A6 5D 00 00
  can1  206  [16]  BD 61 9A 1C F2 63 43 1C FD 18 D3 68 7E 5D 00 00
  can1  206  [16]  95 61 25 1C 0E 62 81 1C A7 18 90 67 21 5B 00 00"
2025-08-09T00:03:03.553987,60.177,"can1  206  [16]  28 63 25 1C 45 61 50 1C A2 18 A1 63 9A 5B 00 00
  can1  206  [16]  26 66 62 1C CC 60 B3 1B D6 18 BB 64 A6 5D 00 00
  can1  206  [16]  A1 63 1A 1D 36 62 9C 1B F3 18 D5 65 98 5E 00 00"
2025-08-09T00:03:03.777318,60.400,"can1  206  [16]  0E 62 0D 1D 00 63 90 1B FD 18 E3 64 47 5E 00 00
  can1  206  [16]  36 62 1A 1D 79 63 90 1B 01 19 0C 65 89 5F 00 00"
2025-08-09T00:03:03.777318,60.400,"can1  206  [16]  95 61 FA 1C 0C 65 BF 1B 23 19 82 68 61 5F 00 00
  can1  206  [16]  89 5F 87 1C F2 63 50 1C F8 18 31 68 2D 5D 00 00"
2025-08-09T00:03:03.997964,60.621,can1  206  [16]  53 60 31 1C 1C 61 56 1C A7 18 00 63 C2 5B 00 00
2025-08-09T00:03:04.003325,60.626,"can1  206  [16]  79 63 62 1C 1C 61 C5 1B C8 18 1A 64 55 5D 00 00
  can1  206  [16]  AF 62 14 1D 36 62 AD 1B E5 18 BB 64 47 5E 00 00
  can1  206  [16]  AF 62 14 1D D8 62 A7 1B EE 18 BB 64 61 5F 00 00"
2025-08-09T00:03:04.219210,60.842,"can1  206  [16]  79 63 1A 1D 28 63 A7 1B F8 18 BB 64 DA 5F 00 00
  can1  206  [16]  79 63 1A 1D 79 63 B3 1B 06 19 E3 64 B2 5F 00 00"
2025-08-09T00:03:04.223837,60.846,"can1  206  [16]  28 63 14 1D 1A 64 B9 1B 10 19 D5 65 DA 5F 00 00
  can1  206  [16]  AF 62 1A 1D 1A 64 BF 1B 19 19 26 66 2B 60 00 00"
2025-08-09T00:03:04.519367,61.142,"can1  206  [16]  AF 62 07 1D 6A 64 C5 1B 19 19 C7 66 2B 60 00 00
  can1  206  [16]  E6 61 0D 1D BB 64 CB 1B 23 19 40 67 DA 5F 00 00"
2025-08-09T00:03:04.521375,61.144,"can1  206  [16]  CC 60 E7 1C 93 64 06 1C 06 19 23 69 10 5F 00 00
  can1  206  [16]  2B 60 37 1C 28 63 8E 1C C3 18 40 67 DC 5C 00 00"
2025-08-09T00:03:04.661202,61.284,"can1  206  [16]  6D 61 49 1C 53 60 1F 1C B0 18 28 63 8C 5C 00 00
  can1  206  [16]  D8 62 A0 1C 6D 61 B9 1B 01 19 93 64 39 5F 00 00"
2025-08-09T00:03:04.661202,61.284,"can1  206  [16]  E6 61 3B 1D A1 63 BF 1B 15 19 0C 65 2B 60 00 00
  can1  206  [16]  E6 61 28 1D 1A 64 CB 1B 19 19 FD 65 2B 60 00 00
  can1  206  [16]  87 62 1A 1D 42 64 D1 1B 1E 19 9F 66 2B 60 00 00
  can1  206  [16]  1C 61 0D 1D E3 64 E8 1B 10 19 FB 68 10 5F 00 00"
2025-08-09T00:03:04.884018,61.507,"can1  206  [16]  02 60 62 1C A1 63 87 1C D6 18 90 67 B4 5C 00 00
  can1  206  [16]  F4 60 56 1C 7B 60 31 1C B5 18 AF 62 DC 5C 00 00"
2025-08-09T00:03:04.884018,61.507,"can1  206  [16]  42 64 94 1C 45 61 A7 1B F3 18 42 64 E8 5E 00 00
  can1  206  [16]  5F 62 49 1D 00 63 A2 1B 0B 19 E3 64 2B 60 00 00"
2025-08-09T00:03:05.103301,61.726,"can1  206  [16]  36 62 35 1D C9 63 A2 1B 10 19 FD 65 89 5F 00 00
  can1  206  [16]  AF 62 2E 1D 1A 64 96 1B 19 19 76 66 61 5F 00 00"
2025-08-09T00:03:05.105313,61.728,"can1  206  [16]  D8 62 21 1D 6A 64 A7 1B 1E 19 17 67 89 5F 00 00
  can1  206  [16]  E6 61 1A 1D BB 64 A7 1B 37 19 40 67 39 5F 00 00"
2025-08-09T00:03:05.311427,61.934,"can1  206  [16]  BD 61 14 1D 0C 65 B9 1B 45 19 B9 67 39 5F 00 00
  can1  206  [16]  2B 60 FA 1C 42 64 F4 1B 28 19 AA 68 1F 5E 00 00"
2025-08-09T00:03:05.311427,61.934,"can1  206  [16]  7B 60 43 1C D8 62 75 1C BF 18 90 67 72 5B 00 00
  can1  206  [16]  95 61 5C 1C 53 60 EE 1B BF 18 00 63 EB 5B 00 00"
2025-08-09T00:03:05.532499,62.155,"can1  206  [16]  C9 63 BA 1C 6D 61 AD 1B 15 19 6A 64 C0 5E 00 00
  can1  206  [16]  D8 62 49 1D F2 63 D1 1B 28 19 D5 65 61 5F 00 00"
2025-08-09T00:03:05.534517,62.157,"can1  206  [16]  45 61 14 1D E3 64 E3 1B 06 19 AA 68 6F 5E 00 00
  can1  206  [16]  DA 5F 87 1C 6A 64 75 1C C8 18 E1 67 C2 5B 00 00"
2025-08-09T00:03:05.748834,62.371,can1  206  [16]  6D 61 56 1C F4 60 3D 1C 99 18 AF 62 72 5B 00 00
2025-08-09T00:03:05.749815,62.372,"can1  206  [16]  79 63 87 1C 45 61 9C 1B BF 18 1A 64 F6 5D 00 00
  can1  206  [16]  36 62 3B 1D AF 62 96 1B E5 18 6A 64 C0 5E 00 00"
2025-08-09T00:03:05.966843,62.589,"can1  206  [16]  F2 63 2E 1D 50 63 A2 1B EE 18 BB 64 10 5F 00 00
  can1  206  [16]  00 63 2E 1D A1 63 A7 1B F8 18 D5 65 E8 5E 00 00"
2025-08-09T00:03:05.973842,62.596,"can1  206  [16]  AF 62 2E 1D 6A 64 A7 1B 01 19 FD 65 10 5F 00 00
  can1  206  [16]  95 61 0D 1D BB 64 DD 1B 01 19 D3 68 A6 5D 00 00"
2025-08-09T00:03:05.973842,62.596,"can1  206  [16]  B2 5F 75 1C A1 63 87 1C C8 18 09 68 EB 5B 00 00
  can1  206  [16]  CC 60 50 1C A3 60 62 1C 94 18 AF 62 C2 5B 00 00"
2025-08-09T00:03:06.188211,62.811,"can1  206  [16]  A1 63 75 1C F4 60 BF 1B CD 18 C9 63 A6 5D 00 00
  can1  206  [16]  C9 63 35 1D D8 62 A7 1B E0 18 E3 64 47 5E 00 00"
2025-08-09T00:03:06.188211,62.811,"can1  206  [16]  AF 62 2E 1D 79 63 9C 1B E9 18 E3 64 10 5F 00 00
  can1  206  [16]  BD 61 28 1D A1 63 C5 1B EE 18 4E 66 89 5F 00 00"
2025-08-09T00:03:06.411331,63.034,"can1  206  [16]  45 61 1A 1D E3 64 F4 1B F8 18 FB 68 6F 5E 00 00
  can1  206  [16]  02 60 87 1C 1A 64 75 1C D6 18 B9 67 64 5C 00 00"
2025-08-09T00:03:06.412040,63.035,"can1  206  [16]  CC 60 49 1C 1C 61 68 1C 90 18 00 63 EB 5B 00 00
  can1  206  [16]  C9 63 75 1C 45 61 AD 1B BF 18 6A 64 1F 5E 00 00"
2025-08-09T00:03:06.632308,63.257,"can1  206  [16]  00 63 42 1D 5F 62 90 1B D6 18 E3 64 39 5F 00 00
  can1  206  [16]  00 63 35 1D D8 62 8A 1B E0 18 E3 64 61 5F 00 00"
2025-08-09T00:03:06.634323,63.257,"can1  206  [16]  5F 62 3B 1D 00 63 9C 1B E9 18 34 65 B2 5F 00 00
  can1  206  [16]  87 62 28 1D 79 63 96 1B F3 18 26 66 02 60 00 00"
2025-08-09T00:03:06.858331,63.481,"can1  206  [16]  36 62 35 1D C9 63 A2 1B FD 18 9F 66 2B 60 00 00
  can1  206  [16]  1C 61 14 1D 93 64 DD 1B F3 18 23 69 39 5F 00 00"
2025-08-09T00:03:06.858331,63.481,"can1  206  [16]  B2 5F 87 1C 79 63 8E 1C BF 18 31 68 05 5D 00 00
  can1  206  [16]  6D 61 62 1C 53 60 62 1C A7 18 00 63 8C 5C 00 00"
2025-08-09T00:03:07.063361,63.686,can1  206  [16]  1A 64 87 1C F4 60 B9 1B DB 18 0C 65 C0 5E 00 00
2025-08-09T00:03:07.063361,63.686,"can1  206  [16]  00 63 4F 1D 87 62 A7 1B E9 18 D5 65 89 5F 00 00
  can1  206  [16]  D8 62 2E 1D 00 63 96 1B E5 18 D5 65 02 60 00 00"
2025-08-09T00:03:07.063361,63.686,"can1  206  [16]  36 62 3B 1D A1 63 96 1B F3 18 26 66 02 60 00 00
  can1  206  [16]  36 62 35 1D F2 63 B3 1B 01 19 76 66 DA 5F 00 00
  can1  002  [04]  D8 53 01 00"
2025-08-09T00:03:07.285022,63.908,"can1  206  [16]  36 62 28 1D 93 64 C5 1B 06 19 EF 66 DA 5F 00 00
  can1  206  [16]  E6 61 28 1D 6A 64 D7 1B 06 19 EF 66 B2 5F 00 00"
2025-08-09T00:03:07.285022,63.908,"can1  206  [16]  E6 61 21 1D 93 64 D7 1B 10 19 68 67 B2 5F 00 00
  can1  206  [16]  CC 60 00 1D F2 63 25 1C 0B 19 74 69 C0 5E 00 00"
2025-08-09T00:03:07.506011,64.129,"can1  206  [16]  7B 60 43 1C AF 62 AD 1C B0 18 E1 67 EB 5B 00 00
  can1  206  [16]  6D 61 5C 1C DA 5F 37 1C B0 18 C9 63 8C 5C 00 00"
2025-08-09T00:03:07.506011,64.129,"can1  206  [16]  00 63 C0 1C F4 60 D1 1B 06 19 BB 64 89 5F 00 00
  can1  206  [16]  BD 61 42 1D 50 63 BF 1B 15 19 9F 66 02 60 00 00"
2025-08-09T00:03:07.729471,64.352,"can1  206  [16]  45 61 07 1D 6A 64 DD 1B 15 19 FB 68 39 5F 00 00
  can1  002  [04]  20 48 01 00
  can1  206  [16]  DA 5F 68 1C 79 63 7B 1C E0 18 09 68 05 5D 00 00"
2025-08-09T00:03:07.729471,64.352,can1  206  [16]  7B 60 43 1C 53 60 56 1C AC 18 D8 62 8C 5C 00 00
2025-08-09T00:03:07.963912,64.586,"can1  206  [16]  A1 63 75 1C 7B 60 B9 1B E0 18 1A 64 C0 5E 00 00
  can1  206  [16]  AF 62 35 1D 5F 62 A7 1B F8 18 93 64 61 5F 00 00
  can1  206  [16]  5F 62 28 1D D8 62 9C 1B 06 19 6A 64 B2 5F 00 00"
2025-08-09T00:03:07.979485,64.602,"can1  206  [16]  95 61 14 1D 93 64 CB 1B 1E 19 B9 67 39 5F 00 00
  can1  206  [16]  89 5F 9A 1C 79 63 5C 1C F8 18 68 67 A6 5D 00 00"
2025-08-09T00:03:08.153862,64.776,"can1  206  [16]  CC 60 37 1C CC 60 56 1C A2 18 87 62 64 5C 00 00
  can1  002  [04]  68 3C 01 00"
2025-08-09T00:03:08.153862,64.776,"can1  206  [16]  79 63 62 1C 53 60 C5 1B BF 18 F2 63 F6 5D 00 00
  can1  206  [16]  AF 62 14 1D 95 61 BF 1B 28 19 76 66 B2 5F 00 00"
2025-08-09T00:03:08.376505,64.999,"can1  206  [16]  02 60 00 1D 1A 64 13 1C 01 19 FB 68 6F 5E 00 00
  can1  206  [16]  45 61 3D 1C AF 62 8E 1C AC 18 09 68 C2 5B 00 00"
2025-08-09T00:03:08.385321,65.008,can1  206  [16]  BD 61 2B 1C 6D 61 56 1C 99 18 F2 63 13 5C 00 00
2025-08-09T00:03:08.385321,65.008,"can1  206  [16]  6A 64 68 1C 53 60 CB 1B BF 18 6A 64 A6 5D 00 00
  can1  206  [16]  AF 62 1A 1D 45 61 BF 1B 23 19 9F 66 61 5F 00 00
  can1  206  [16]  7B 60 0D 1D 42 64 00 1C 01 19 FB 68 98 5E 00 00"
2025-08-09T00:03:08.599302,65.222,"can1  206  [16]  7B 60 43 1C 50 63 81 1C B0 18 E1 67 EB 5B 00 00
  can1  206  [16]  D8 62 25 1C 87 62 62 1C 90 18 EF 66 49 5B 00 00"
2025-08-09T00:03:08.599302,65.222,"can1  206  [16]  50 63 2B 1C 5F 62 49 1C 8B 18 76 66 9A 5B 00 00
  can1  206  [16]  50 63 31 1C E6 61 50 1C 86 18 D5 65 72 5B 00 00"
2025-08-09T00:03:08.819544,65.442,"can1  206  [16]  F2 63 25 1C 6D 61 3D 1C 9E 18 AF 62 64 5C 00 00
  can1  206  [16]  42 64 87 1C 6D 61 A7 1B E5 18 F2 63 98 5E 00 00"
2025-08-09T00:03:08.821553,65.444,"can1  206  [16]  00 63 49 1D 50 63 9C 1B 01 19 0C 65 B2 5F 00 00
  can1  206  [16]  00 63 21 1D F2 63 AD 1B 06 19 4E 66 02 60 00 00"
2025-08-09T00:03:09.041785,65.664,"can1  206  [16]  AF 62 21 1D 1A 64 D1 1B 15 19 9F 66 02 60 00 00
  can1  206  [16]  87 62 21 1D 6A 64 DD 1B 1E 19 C7 66 02 60 00 00"
2025-08-09T00:03:09.043794,65.666,"can1  206  [16]  AF 62 1A 1D BB 64 E8 1B 1E 19 68 67 2B 60 00 00
  can1  206  [16]  87 62 1A 1D 0C 65 E3 1B 23 19 B9 67 DA 5F 00 00"
2025-08-09T00:03:09.247373,65.870,"can1  206  [16]  5F 62 14 1D 26 66 E3 1B 19 19 09 68 DA 5F 00 00
  can1  002  [04]  20 48 01 00
  can1  206  [16]  36 62 00 1D 4E 66 E3 1B 2D 19 E1 67 89 5F 00 00"
2025-08-09T00:03:09.247373,65.870,"can1  206  [16]  36 62 FA 1C 4E 66 E8 1B 15 19 AA 68 B2 5F 00 00
  can1  206  [16]  0E 62 F3 1C 4E 66 E8 1B 06 19 4C 69 61 5F 00 00"
2025-08-09T00:03:09.471870,66.094,"can1  206  [16]  BD 61 FA 1C FD 65 E3 1B 06 19 FB 68 39 5F 00 00
  can1  002  [04]  D8 53 01 00
  can1  206  [16]  BD 61 F3 1C D5 65 E8 1B 01 19 4C 69 39 5F 00 00"
2025-08-09T00:03:09.476905,66.099,"can1  206  [16]  E6 61 E7 1C FD 65 D1 1B 01 19 4C 69 39 5F 00 00
  can1  206  [16]  36 62 F3 1C 0C 65 E8 1B FD 18 4C 69 E8 5E 00 00"
2025-08-09T00:03:09.476905,66.099,"can1  206  [16]  0E 62 DA 1C 0C 65 FA 1B FD 18 23 69 10 5F 00 00
  can1  002  [04]  90 5F 01 00
  can1  206  [16]  CC 60 3D 1C C9 63 7B 1C BF 18 09 68 DC 5C 00 00"
2025-08-09T00:03:09.691979,66.315,"can1  206  [16]  6D 61 5C 1C CC 60 19 1C B0 18 D8 62 B4 5C 00 00
  can1  206  [16]  28 63 A7 1C 95 61 A2 1B F8 18 93 64 39 5F 00 00"
2025-08-09T00:03:09.691979,66.315,"can1  206  [16]  95 61 28 1D 6A 64 CB 1B 19 19 82 68 98 5E 00 00
  can1  002  [04]  48 6B 01 00
  can1  206  [16]  DA 5F A7 1C 79 63 56 1C F3 18 5A 68 55 5D 00 00"
2025-08-09T00:03:09.913583,66.536,can1  206  [16]  7B 60 37 1C CC 60 5C 1C A2 18 36 62 13 5C 00 00
2025-08-09T00:03:09.913583,66.536,"can1  206  [16]  F2 63 62 1C 53 60 BF 1B C8 18 C9 63 98 5E 00 00
  can1  206  [16]  87 62 21 1D 95 61 B9 1B 2D 19 4E 66 7B 60 00 00"
2025-08-09T00:03:10.134749,66.757,"can1  206  [16]  2B 60 00 1D C9 63 06 1C 06 19 FB 68 10 5F 00 00
  can1  206  [16]  6D 61 37 1C 5F 62 8E 1C B5 18 09 68 64 5C 00 00"
2025-08-09T00:03:10.136558,66.759,"can1  206  [16]  BD 61 25 1C BD 61 68 1C 94 18 68 67 B4 5C 00 00
  can1  206  [16]  0E 62 2B 1C 45 61 50 1C 9E 18 79 63 05 5D 00 00"
2025-08-09T00:03:10.356892,66.979,"can1  002  [04]  00 77 01 00
  can1  206  [16]  28 63 6E 1C CC 60 BF 1B D2 18 42 64 E8 5E 00 00
  can1  206  [16]  5F 62 21 1D 0E 62 A7 1B E9 18 6A 64 DA 5F 00 00"
2025-08-09T00:03:10.356892,66.979,"can1  206  [16]  C9 63 21 1D D8 62 AD 1B F8 18 BB 64 89 5F 00 00
  can1  206  [16]  A1 63 1A 1D 28 63 9C 1B 01 19 0C 65 B2 5F 00 00"
2025-08-09T00:03:10.581115,67.204,"can1  206  [16]  C9 63 1A 1D 50 63 9C 1B 0B 19 AD 65 B2 5F 00 00
  can1  206  [16]  79 63 28 1D A1 63 96 1B 15 19 4E 66 B2 5F 00 00"
2025-08-09T00:03:10.581115,67.204,"can1  206  [16]  50 63 0D 1D 1A 64 A7 1B 1E 19 C7 66 B2 5F 00 00
  can1  206  [16]  36 62 07 1D 6A 64 AD 1B 1E 19 C7 66 B2 5F 00 00"
2025-08-09T00:03:10.581115,67.204,"can1  206  [16]  45 61 ED 1C 93 64 E8 1B 06 19 82 68 98 5E 00 00
  can1  206  [16]  7B 60 49 1C 50 63 87 1C BF 18 68 67 3B 5C 00 00"
2025-08-09T00:03:10.803185,67.426,can1  206  [16]  E6 61 25 1C 36 62 7B 1C 99 18 68 67 EB 5B 00 00
2025-08-09T00:03:10.803185,67.426,"can1  206  [16]  E6 61 25 1C E6 61 62 1C 90 18 40 67 C2 5B 00 00
  can1  206  [16]  00 63 31 1C 6D 61 56 1C 90 18 79 63 64 5C 00 00
  can1  206  [16]  79 63 6E 1C 89 5F C5 1B C3 18 42 64 F6 5D 00 00"
2025-08-09T00:03:11.028325,67.651,"can1  206  [16]  AF 62 14 1D 45 61 BF 1B 28 19 76 66 89 5F 00 00
  can1  206  [16]  DA 5F FA 1C F2 63 06 1C 06 19 09 68 47 5E 00 00"
2025-08-09T00:03:11.230667,67.853,"can1  206  [16]  02 60 3D 1C 5F 62 7B 1C A7 18 17 67 C2 5B 00 00
  can1  206  [16]  E6 61 1F 1C 95 61 50 1C 8B 18 00 63 64 5C 00 00
  can1  206  [16]  28 63 62 1C CC 60 BF 1B B5 18 79 63 1F 5E 00 00"
2025-08-09T00:03:11.230667,67.853,"can1  206  [16]  AF 62 1A 1D 6D 61 B9 1B 23 19 26 66 89 5F 00 00
  can1  206  [16]  7B 60 00 1D C9 63 06 1C F3 18 82 68 6F 5E 00 00"
2025-08-09T00:03:11.452468,68.075,"can1  206  [16]  F4 60 37 1C E6 61 94 1C A7 18 68 67 9A 5B 00 00
  can1  206  [16]  BD 61 2B 1C 6D 61 56 1C 94 18 A1 63 72 5B 00 00"
2025-08-09T00:03:11.452468,68.075,"can1  206  [16]  1A 64 6E 1C 7B 60 C5 1B C3 18 1A 64 2D 5D 00 00
  can1  206  [16]  00 63 21 1D BD 61 A2 1B E0 18 93 64 98 5E 00 00"
2025-08-09T00:03:11.673977,68.297,"can1  206  [16]  1A 64 1A 1D 36 62 AD 1B E9 18 BB 64 C0 5E 00 00
  can1  002  [04]  48 6B 01 00
  can1  206  [16]  A1 63 1A 1D D8 62 9C 1B F3 18 BB 64 10 5F 00 00"
2025-08-09T00:03:11.675988,68.299,"can1  206  [16]  C9 63 21 1D 28 63 96 1B 01 19 E3 64 02 60 00 00
  can1  206  [16]  00 63 2E 1D 79 63 90 1B 10 19 0C 65 2B 60 00 00"
2025-08-09T00:03:11.895319,68.518,"can1  206  [16]  28 63 1A 1D C9 63 A2 1B 28 19 26 66 DA 5F 00 00
  can1  206  [16]  36 62 14 1D 1A 64 B9 1B 19 19 C7 66 B2 5F 00 00"
2025-08-09T00:03:11.899138,68.522,"can1  002  [04]  90 5F 01 00
  can1  206  [16]  45 61 00 1D 93 64 E8 1B 0B 19 23 69 39 5F 00 00
  can1  206  [16]  F4 60 56 1C 28 63 94 1C CD 18 09 68 B4 5C 00 00"
2025-08-09T00:03:11.903256,68.526,"can1  206  [16]  E6 61 25 1C 5F 62 75 1C A7 18 09 68 13 5C 00 00
  can1  002  [04]  D8 53 01 00
  can1  206  [16]  95 61 50 1C 53 60 1F 1C AC 18 50 63 8C 5C 00 00"
2025-08-09T00:03:12.121332,68.744,"can1  206  [16]  93 64 A0 1C 1C 61 CB 1B FD 18 93 64 10 5F 00 00
  can1  206  [16]  5F 62 42 1D 79 63 C5 1B 15 19 D5 65 DA 5F 00 00"
2025-08-09T00:03:12.152541,68.775,"can1  206  [16]  E6 61 1A 1D F2 63 BF 1B 19 19 26 66 02 60 00 00
  can1  206  [16]  95 61 07 1D 93 64 F4 1B 10 19 23 69 C0 5E 00 00"
2025-08-09T00:03:12.347299,68.970,"can1  206  [16]  A3 60 62 1C 79 63 87 1C D6 18 E1 67 05 5D 00 00
  can1  206  [16]  87 62 31 1C D8 62 9A 1C B0 18 31 68 64 5C 00 00"
2025-08-09T00:03:12.347299,68.970,"can1  206  [16]  6D 61 56 1C 7B 60 50 1C AC 18 28 63 8C 5C 00 00
  can1  206  [16]  28 63 94 1C 45 61 D7 1B F3 18 F2 63 10 5F 00 00"
2025-08-09T00:03:12.563622,69.186,can1  206  [16]  AF 62 3B 1D 00 63 D7 1B 06 19 E3 64 B2 5F 00 00
2025-08-09T00:03:12.563622,69.186,"can1  002  [04]  90 5F 01 00
  can1  206  [16]  00 63 28 1D 1A 64 CB 1B 06 19 26 66 DA 5F 00 00
  can1  206  [16]  BD 61 1A 1D 42 64 AD 1B 15 19 76 66 02 60 00 00
  can1  206  [16]  45 61 F3 1C 42 64 FA 1B 10 19 AA 68 39 5F 00 00"
2025-08-09T00:03:12.784177,69.407,can1  206  [16]  B2 5F 68 1C 28 63 AD 1C E0 18 E1 67 B4 5C 00 00
2025-08-09T00:03:12.784177,69.407,"can1  206  [16]  CC 60 43 1C B2 5F 75 1C A7 18 D8 62 64 5C 00 00
  can1  206  [16]  F2 63 7B 1C 02 60 DD 1B E0 18 F2 63 6F 5E 00 00"
2025-08-09T00:03:12.784177,69.407,"can1  206  [16]  79 63 42 1D BD 61 C5 1B FD 18 6A 64 61 5F 00 00
  can1  002  [04]  48 6B 01 00
  can1  206  [16]  AF 62 28 1D 36 62 C5 1B 01 19 E3 64 89 5F 00 00"
2025-08-09T00:03:13.010831,69.633,"can1  206  [16]  BD 61 21 1D 87 62 CB 1B 0B 19 D5 65 89 5F 00 00
  can1  206  [16]  45 61 07 1D F2 63 FA 1B 15 19 31 68 10 5F 00 00"
2025-08-09T00:03:13.010831,69.633,"can1  206  [16]  7B 60 87 1C D8 62 9A 1C E9 18 E1 67 DC 5C 00 00
  can1  206  [16]  7B 60 49 1C B2 5F 7B 1C A7 18 D8 62 C2 5B 00 00"
2025-08-09T00:03:13.227684,69.850,"can1  206  [16]  1A 64 6E 1C DA 5F E3 1B DB 18 1A 64 1F 5E 00 00
  can1  002  [04]  00 77 01 00
  can1  206  [16]  AF 62 35 1D 45 61 EE 1B 2D 19 68 67 61 5F 00 00"
2025-08-09T00:03:13.231711,69.854,"can1  206  [16]  1C 61 DA 1C 00 63 50 1C 01 19 82 68 47 5E 00 00
  can1  206  [16]  7B 60 3D 1C 45 61 94 1C A2 18 79 63 13 5C 00 00"
2025-08-09T00:03:13.449085,70.072,"can1  206  [16]  93 64 50 1C 39 5F 19 1C B5 18 50 63 05 5D 00 00
  can1  206  [16]  28 63 E0 1C 53 60 DD 1B 19 19 93 64 B2 5F 00 00"
2025-08-09T00:03:13.449085,70.072,"can1  206  [16]  36 62 2E 1D 28 63 DD 1B 28 19 17 67 B2 5F 00 00
  can1  206  [16]  45 61 00 1D 79 63 06 1C 10 19 FB 68 C0 5E 00 00"
2025-08-09T00:03:13.669909,70.292,can1  206  [16]  F4 60 49 1C 36 62 AD 1C C3 18 E1 67 13 5C 00 00
2025-08-09T00:03:13.669909,70.292,"can1  206  [16]  0E 62 2B 1C 45 61 8E 1C 8B 18 1A 64 EB 5B 00 00
  can1  206  [16]  1A 64 62 1C E8 5E 06 1C B0 18 C9 63 2D 5D 00 00"
2025-08-09T00:03:13.890285,70.513,"can1  206  [16]  5F 62 E7 1C 53 60 D7 1B 19 19 FD 65 B2 5F 00 00
  can1  206  [16]  53 60 14 1D 00 63 06 1C 10 19 82 68 10 5F 00 00"
2025-08-09T00:03:13.890285,70.513,"can1  206  [16]  B2 5F 62 1C 0E 62 AD 1C C3 18 09 68 B4 5C 00 00
  can1  206  [16]  45 61 49 1C 10 5F 49 1C AC 18 00 63 64 5C 00 00"
2025-08-09T00:03:13.890285,70.513,"can1  206  [16]  79 63 8E 1C DA 5F B3 1B F3 18 93 64 39 5F 00 00
  can1  206  [16]  36 62 3B 1D E6 61 A7 1B 01 19 D5 65 DA 5F 00 00"
2025-08-09T00:03:14.114089,70.737,"can1  206  [16]  E6 61 2E 1D 5F 62 AD 1B 10 19 4E 66 61 5F 00 00
  can1  206  [16]  0E 62 1A 1D AF 62 AD 1B 15 19 9F 66 39 5F 00 00"
2025-08-09T00:03:14.114089,70.737,"can1  206  [16]  6D 61 14 1D 79 63 DD 1B 10 19 FB 68 6F 5E 00 00
  can1  206  [16]  A3 60 62 1C 36 62 81 1C D6 18 5A 68 64 5C 00 00"
2025-08-09T00:03:14.334777,70.957,"can1  206  [16]  6D 61 43 1C 89 5F 5C 1C AC 18 00 63 8C 5C 00 00
  can1  206  [16]  C9 63 75 1C DA 5F BF 1B E0 18 1A 64 47 5E 00 00"
2025-08-09T00:03:14.334777,70.957,"can1  206  [16]  AF 62 42 1D BD 61 96 1B 19 19 6A 64 C0 5E 00 00
  can1  206  [16]  87 62 28 1D 36 62 9C 1B 2D 19 E3 64 39 5F 00 00"
2025-08-09T00:03:14.557765,71.180,"can1  206  [16]  E6 61 1A 1D D8 62 A7 1B 37 19 FD 65 61 5F 00 00
  can1  206  [16]  6D 61 00 1D C9 63 DD 1B 37 19 5A 68 39 5F 00 00"
2025-08-09T00:03:14.557765,71.180,can1  206  [16]  6D 61 75 1C D8 62 7B 1C 06 19 90 67 05 5D 00 00
2025-08-09T00:03:14.763070,71.386,"can1  206  [16]  1C 61 49 1C DA 5F 62 1C D2 18 5F 62 8C 5C 00 00
  can1  206  [16]  50 63 68 1C 02 60 BF 1B F3 18 C9 63 6F 5E 00 00"
2025-08-09T00:03:14.769104,71.392,"can1  206  [16]  D8 62 3B 1D 95 61 CB 1B 37 19 EF 66 DA 5F 00 00
  can1  206  [16]  2B 60 DA 1C 28 63 25 1C 01 19 5A 68 98 5E 00 00"
2025-08-09T00:03:14.986964,71.610,"can1  206  [16]  6D 61 31 1C 1C 61 6E 1C 94 18 D8 62 13 5C 00 00
  can1  002  [04]  48 6B 01 00
  can1  206  [16]  6A 64 50 1C 61 5F FA 1B AC 18 AF 62 05 5D 00 00"
2025-08-09T00:03:14.986964,71.610,"can1  206  [16]  6A 64 DA 1C 53 60 D1 1B 19 19 93 64 DA 5F 00 00
  can1  206  [16]  BD 61 28 1D 00 63 CB 1B 32 19 EF 66 B2 5F 00 00"
2025-08-09T00:03:15.207187,71.830,"can1  206  [16]  BD 61 00 1D A1 63 BF 1B 4A 19 68 67 DA 5F 00 00
  can1  206  [16]  1C 61 FA 1C 79 63 00 1C 19 19 FB 68 10 5F 00 00"
2025-08-09T00:03:15.209202,71.832,"can1  206  [16]  1C 61 43 1C 95 61 7B 1C B0 18 E3 64 9A 5B 00 00
  can1  206  [16]  F2 63 56 1C 10 5F 1F 1C C8 18 79 63 05 5D 00 00"
2025-08-09T00:03:15.209202,71.832,"can1  206  [16]  C9 63 AD 1C 02 60 B3 1B 32 19 42 64 B2 5F 00 00
  can1  206  [16]  87 62 35 1D AF 62 AD 1B 15 19 4E 66 53 60 00 00"
2025-08-09T00:03:15.429363,72.052,"can1  206  [16]  5F 62 14 1D 28 63 AD 1B 0B 19 9F 66 53 60 00 00
  can1  206  [16]  E6 61 14 1D 79 63 AD 1B 10 19 17 67 02 60 00 00"
2025-08-09T00:03:15.429363,72.052,"can1  206  [16]  0E 62 07 1D 79 63 AD 1B 06 19 68 67 02 60 00 00
  can1  206  [16]  6D 61 D3 1C 28 63 EE 1B F8 18 FB 68 61 5F 00 00"
2025-08-09T00:03:15.651911,72.274,"can1  206  [16]  F4 60 2B 1C BD 61 87 1C A7 18 68 67 64 5C 00 00
  can1  206  [16]  AF 62 13 1C F4 60 5C 1C 86 18 C9 63 8C 5C 00 00"
2025-08-09T00:03:15.653921,72.277,can1  206  [16]  76 66 56 1C 89 5F DD 1B BA 18 A1 63 CE 5D 00 00
2025-08-09T00:03:15.874622,72.497,"can1  206  [16]  1A 64 F3 1C 7B 60 C5 1B 23 19 26 66 DA 5F 00 00
  can1  002  [04]  90 5F 01 00
  can1  206  [16]  BD 61 07 1D 79 63 D1 1B 15 19 E1 67 61 5F 00 00"
2025-08-09T00:03:15.878670,72.501,"can1  206  [16]  36 62 E7 1C F2 63 BF 1B 10 19 31 68 B2 5F 00 00
  can1  206  [16]  5F 62 E7 1C 1A 64 B9 1B 06 19 82 68 89 5F 00 00"
2025-08-09T00:03:16.096269,72.719,"can1  206  [16]  45 61 A0 1C D8 62 37 1C F8 18 82 68 98 5E 00 00
  can1  206  [16]  CC 60 2B 1C 53 60 75 1C 90 18 28 63 8C 5C 00 00"
2025-08-09T00:03:16.097948,72.721,"can1  206  [16]  50 63 56 1C 10 5F E8 1B AC 18 C9 63 A6 5D 00 00
  can1  206  [16]  D8 62 DA 1C 02 60 CB 1B 19 19 D5 65 DA 5F 00 00"
2025-08-09T00:03:16.101964,72.725,"can1  206  [16]  F4 60 00 1D D8 62 F4 1B 06 19 FB 68 E8 5E 00 00
  can1  002  [04]  48 6B 01 00
  can1  206  [16]  53 60 3D 1C BD 61 A0 1C BF 18 B9 67 B4 5C 00 00"
2025-08-09T00:03:16.318277,72.941,"can1  206  [16]  0E 62 19 1C CC 60 75 1C 86 18 42 64 3B 5C 00 00
  can1  206  [16]  1A 64 50 1C C0 5E FA 1B A7 18 1A 64 7E 5D 00 00"
2025-08-09T00:03:16.323454,72.946,"can1  206  [16]  79 63 E7 1C 02 60 DD 1B 1E 19 FD 65 B2 5F 00 00
  can1  206  [16]  53 60 FA 1C D8 62 13 1C 06 19 4C 69 10 5F 00 00"
2025-08-09T00:03:16.540021,73.163,can1  206  [16]  02 60 43 1C BD 61 B3 1C C3 18 09 68 8C 5C 00 00
2025-08-09T00:03:16.540021,73.163,"can1  206  [16]  BD 61 25 1C F4 60 8E 1C 8B 18 F2 63 13 5C 00 00
  can1  206  [16]  A1 63 62 1C C0 5E FA 1B AC 18 28 63 2D 5D 00 00
  can1  206  [16]  A1 63 F3 1C 02 60 B9 1B 19 19 BB 64 B2 5F 00 00"
2025-08-09T00:03:16.745951,73.369,can1  206  [16]  F4 60 21 1D 00 63 E8 1B 06 19 FB 68 C0 5E 00 00
2025-08-09T00:03:16.745951,73.369,"can1  206  [16]  2B 60 56 1C E6 61 87 1C BF 18 90 67 B4 5C 00 00
  can1  206  [16]  45 61 5C 1C C0 5E 2B 1C A2 18 5F 62 B4 5C 00 00"
2025-08-09T00:03:16.971753,73.594,"can1  206  [16]  D8 62 8E 1C B2 5F A2 1B F8 18 79 63 61 5F 00 00
  can1  206  [16]  5F 62 49 1D BD 61 A2 1B 01 19 42 64 DA 5F 00 00"
2025-08-09T00:03:16.971753,73.594,"can1  206  [16]  BD 61 2E 1D 5F 62 A7 1B 06 19 D5 65 02 60 00 00
  can1  206  [16]  E6 61 1A 1D AF 62 A2 1B 06 19 26 66 2B 60 00 00"
2025-08-09T00:03:17.190566,73.813,can1  206  [16]  36 62 1A 1D 28 63 B9 1B 10 19 C7 66 53 60 00 00
2025-08-09T00:03:17.190566,73.813,"can1  206  [16]  0E 62 07 1D 28 63 D1 1B 15 19 40 67 02 60 00 00
  can1  206  [16]  45 61 F3 1C 28 63 1F 1C 06 19 23 69 10 5F 00 00
  can1  002  [04]  00 77 01 00
  can1  206  [16]  1C 61 43 1C 6D 61 A7 1C 8B 18 E3 64 9A 5B 00 00"
2025-08-09T00:03:17.412116,74.035,"can1  206  [16]  A1 63 50 1C 98 5E 49 1C A2 18 79 63 B4 5C 00 00
  can1  206  [16]  28 63 AD 1C B2 5F CB 1B FD 18 93 64 39 5F 00 00"
2025-08-09T00:03:17.412116,74.035,"can1  206  [16]  36 62 42 1D E6 61 D1 1B 0B 19 FD 65 02 60 00 00
  can1  206  [16]  45 61 07 1D 28 63 E3 1B 10 19 D3 68 98 5E 00 00"
2025-08-09T00:03:17.412116,74.035,"can1  206  [16]  02 60 7B 1C 36 62 6E 1C E9 18 E1 67 B4 5C 00 00
  can1  206  [16]  CC 60 43 1C 89 5F 49 1C A7 18 D8 62 64 5C 00 00"
2025-08-09T00:03:17.634784,74.257,"can1  206  [16]  79 63 68 1C B2 5F A7 1B D6 18 1A 64 1F 5E 00 00
  can1  206  [16]  36 62 2E 1D 1C 61 BF 1B 28 19 40 67 E8 5E 00 00"
2025-08-09T00:03:17.634784,74.257,can1  206  [16]  89 5F DA 1C AF 62 25 1C 01 19 5A 68 CE 5D 00 00
2025-08-09T00:03:17.839621,74.462,"can1  206  [16]  53 60 25 1C CC 60 5C 1C 94 18 C9 63 21 5B 00 00
  can1  206  [16]  28 63 49 1C 10 5F EE 1B AC 18 79 63 EB 5B 00 00"
2025-08-09T00:03:17.841632,74.464,"can1  206  [16]  F2 63 CD 1C 2B 60 A7 1B 1E 19 93 64 10 5F 00 00
  can1  206  [16]  95 61 07 1D 28 63 D7 1B 10 19 82 68 1F 5E 00 00"
2025-08-09T00:03:18.062240,74.685,"can1  206  [16]  7B 60 49 1C 36 62 6E 1C D6 18 E1 67 C2 5B 00 00
  can1  002  [04]  B8 82 01 00
  can1  206  [16]  45 61 37 1C 10 5F 3D 1C A7 18 D8 62 72 5B 00 00"
2025-08-09T00:03:18.062240,74.685,"can1  206  [16]  F2 63 6E 1C B2 5F A7 1B E0 18 1A 64 6F 5E 00 00
  can1  206  [16]  00 63 35 1D 6D 61 C5 1B 1E 19 B9 67 E8 5E 00 00"
2025-08-09T00:03:18.288816,74.911,"can1  206  [16]  F4 60 C7 1C 5F 62 37 1C 06 19 31 68 7E 5D 00 00
  can1  206  [16]  CC 60 3D 1C DA 5F 6E 1C BF 18 A1 63 8C 5C 00 00"
2025-08-09T00:03:18.288816,74.911,"can1  206  [16]  A1 63 62 1C C0 5E DD 1B D6 18 1A 64 CE 5D 00 00
  can1  206  [16]  D8 62 00 1D 02 60 A7 1B 4A 19 76 66 B2 5F 00 00"
2025-08-09T00:03:18.506347,75.129,can1  206  [16]  A3 60 14 1D D8 62 E3 1B 1E 19 23 69 C0 5E 00 00
2025-08-09T00:03:18.506347,75.129,"can1  206  [16]  A3 60 43 1C BD 61 7B 1C E5 18 E1 67 13 5C 00 00
  can1  206  [16]  45 61 56 1C 61 5F FA 1B BA 18 79 63 8C 5C 00 00"
2025-08-09T00:03:18.506347,75.129,"can1  206  [16]  00 63 9A 1C 2B 60 A2 1B 15 19 BB 64 61 5F 00 00
  can1  002  [04]  00 77 01 00
  can1  206  [16]  E6 61 2E 1D 0E 62 8A 1B 32 19 26 66 39 5F 00 00"
2025-08-09T00:03:18.731536,75.354,"can1  206  [16]  AF 62 1A 1D D8 62 90 1B 40 19 76 66 DA 5F 00 00
  can1  206  [16]  5F 62 0D 1D 28 63 96 1B 15 19 C7 66 B2 5F 00 00"
2025-08-09T00:03:18.733553,75.356,"can1  206  [16]  BD 61 14 1D 79 63 90 1B 15 19 68 67 DA 5F 00 00
  can1  206  [16]  CC 60 E7 1C A1 63 D7 1B 06 19 FB 68 10 5F 00 00"
2025-08-09T00:03:18.951194,75.574,"can1  206  [16]  2B 60 50 1C 36 62 7B 1C C8 18 E1 67 64 5C 00 00
  can1  206  [16]  45 61 56 1C 89 5F 1F 1C A7 18 50 63 8C 5C 00 00"
2025-08-09T00:03:18.951194,75.574,"can1  206  [16]  50 63 9A 1C 53 60 AD 1B E5 18 BB 64 E8 5E 00 00
  can1  206  [16]  0E 62 42 1D 36 62 B9 1B 01 19 FD 65 B2 5F 00 00"
2025-08-09T00:03:19.180770,75.803,"can1  206  [16]  95 61 07 1D 1A 64 DD 1B 0B 19 AA 68 89 5F 00 00
  can1  206  [16]  B2 5F 87 1C 28 63 62 1C E5 18 5A 68 A6 5D 00 00"
2025-08-09T00:03:19.180770,75.803,"can1  206  [16]  CC 60 37 1C 2B 60 50 1C 99 18 28 63 B4 5C 00 00
  can1  206  [16]  28 63 68 1C 02 60 A7 1B CD 18 6A 64 C0 5E 00 00"
2025-08-09T00:03:19.396097,76.019,"can1  206  [16]  87 62 14 1D 45 61 BF 1B 28 19 40 67 B2 5F 00 00
  can1  206  [16]  DA 5F F3 1C 28 63 13 1C 0B 19 D3 68 C0 5E 00 00"
2025-08-09T00:03:19.396097,76.019,can1  206  [16]  53 60 37 1C 95 61 62 1C 8B 18 E3 64 EB 5B 00 00
2025-08-09T00:03:19.620187,76.243,"can1  206  [16]  79 63 43 1C B2 5F EE 1B A7 18 1A 64 2D 5D 00 00
  can1  206  [16]  00 63 CD 1C A3 60 A2 1B 10 19 D5 65 02 60 00 00"
2025-08-09T00:03:19.620187,76.243,"can1  206  [16]  F4 60 1A 1D C9 63 C5 1B 0B 19 4C 69 39 5F 00 00
  can1  206  [16]  53 60 6E 1C 00 63 68 1C D6 18 FB 68 55 5D 00 00"
2025-08-09T00:03:19.620187,76.243,"can1  206  [16]  0E 62 37 1C 5F 62 62 1C AC 18 82 68 64 5C 00 00
  can1  206  [16]  6D 61 43 1C B2 5F 1F 1C AC 18 D8 62 B4 5C 00 00"
2025-08-09T00:03:19.824179,76.447,"can1  206  [16]  F2 63 81 1C 53 60 96 1B 10 19 F2 63 10 5F 00 00
  can1  206  [16]  36 62 3B 1D 0E 62 96 1B 06 19 E3 64 B2 5F 00 00"
2025-08-09T00:03:19.828205,76.451,"can1  206  [16]  AF 62 21 1D 00 63 9C 1B 06 19 FD 65 61 5F 00 00
  can1  206  [16]  00 63 0D 1D 28 63 AD 1B 06 19 9F 66 61 5F 00 00"
2025-08-09T00:03:20.046757,76.669,"can1  206  [16]  87 62 21 1D 28 63 AD 1B 15 19 EF 66 DA 5F 00 00
  can1  206  [16]  E6 61 07 1D 28 63 BF 1B 1E 19 40 67 B2 5F 00 00"
2025-08-09T00:03:20.048770,76.671,"can1  206  [16]  E6 61 FA 1C F2 63 CB 1B 0B 19 E1 67 89 5F 00 00
  can1  206  [16]  45 61 DA 1C 50 63 00 1C EE 18 09 68 47 5E 00 00"
2025-08-09T00:03:20.272981,76.896,"can1  206  [16]  E6 61 A7 1C 28 63 25 1C E5 18 AA 68 47 5E 00 00
  can1  206  [16]  CC 60 25 1C 45 61 75 1C 86 18 93 64 EB 5B 00 00"
2025-08-09T00:03:20.272981,76.896,"can1  206  [16]  A1 63 43 1C 10 5F 06 1C A2 18 1A 64 55 5D 00 00
  can1  206  [16]  28 63 CD 1C 02 60 A7 1B 06 19 D5 65 7B 60 00 00"
2025-08-09T00:03:20.493161,77.116,"can1  002  [04]  B8 82 01 00
  can1  206  [16]  F4 60 1A 1D 79 63 CB 1B 10 19 74 69 61 5F 00 00
  can1  206  [16]  F4 60 62 1C 87 62 68 1C D6 18 AA 68 7E 5D 00 00"
2025-08-09T00:03:20.493161,77.116,"can1  206  [16]  1C 61 37 1C 10 5F 49 1C B0 18 79 63 B4 5C 00 00
  can1  206  [16]  A1 63 62 1C B2 5F AD 1B FD 18 E3 64 C0 5E 00 00"
2025-08-09T00:03:20.715363,77.338,can1  206  [16]  D8 62 28 1D F4 60 C5 1B 37 19 90 67 B2 5F 00 00
2025-08-09T00:03:20.719859,77.342,"can1  206  [16]  53 60 DA 1C AF 62 2B 1C 28 19 74 69 C0 5E 00 00
  can1  206  [16]  CC 60 2B 1C CC 60 62 1C A2 18 93 64 13 5C 00 00"
2025-08-09T00:03:20.719859,77.342,"can1  206  [16]  C9 63 49 1C E8 5E E3 1B B5 18 93 64 7E 5D 00 00
  can1  206  [16]  AF 62 F3 1C 02 60 A7 1B 3C 19 9F 66 02 60 00 00"
2025-08-09T00:03:20.937296,77.560,"can1  206  [16]  CC 60 14 1D 00 63 DD 1B 32 19 ED 69 61 5F 00 00
  can1  206  [16]  89 5F 5C 1C 0E 62 87 1C F8 18 D3 68 B4 5C 00 00"
2025-08-09T00:03:20.941330,77.564,"can1  206  [16]  CC 60 49 1C E8 5E 3D 1C D6 18 A1 63 DC 5C 00 00
  can1  206  [16]  C9 63 8E 1C 89 5F AD 1B F3 18 D5 65 61 5F 00 00"
2025-08-09T00:03:21.174629,77.797,"can1  206  [16]  AF 62 2E 1D 6D 61 CB 1B 2D 19 82 68 61 5F 00 00
  can1  206  [16]  2B 60 AD 1C 5F 62 43 1C 06 19 23 69 47 5E 00 00"
2025-08-09T00:03:21.174629,77.797,"can1  206  [16]  CC 60 31 1C DA 5F 6E 1C A7 18 F2 63 3B 5C 00 00
  can1  206  [16]  42 64 62 1C 10 5F DD 1B E5 18 6A 64 CE 5D 00 00"
2025-08-09T00:03:21.379199,78.002,can1  206  [16]  D8 62 07 1D DA 5F C5 1B 4A 19 40 67 02 60 00 00
2025-08-09T00:03:21.385960,78.009,"can1  206  [16]  02 60 0D 1D AF 62 FA 1B 37 19 C4 69 10 5F 00 00
  can1  206  [16]  02 60 49 1C 6D 61 7B 1C A7 18 FD 65 C2 5B 00 00"
2025-08-09T00:03:21.602223,78.225,"can1  206  [16]  00 63 49 1C E8 5E 1F 1C A7 18 F2 63 B4 5C 00 00
  can1  206  [16]  00 63 A7 1C B2 5F AD 1B 01 19 E3 64 E8 5E 00 00"
2025-08-09T00:03:21.602223,78.225,"can1  206  [16]  45 61 1A 1D A1 63 D7 1B 19 19 D3 68 6F 5E 00 00
  can1  206  [16]  B2 5F 8E 1C AF 62 62 1C F3 18 D3 68 05 5D 00 00"
2025-08-09T00:03:21.827662,78.450,"can1  206  [16]  53 60 2B 1C 02 60 68 1C A7 18 79 63 9A 5B 00 00
  can1  206  [16]  28 63 6E 1C 89 5F DD 1B CD 18 42 64 55 5D 00 00"
2025-08-09T00:03:21.827662,78.450,"can1  206  [16]  D8 62 1A 1D A3 60 E3 1B 32 19 40 67 10 5F 00 00
  can1  206  [16]  B2 5F F3 1C D8 62 3D 1C 0B 19 74 69 C0 5E 00 00"
2025-08-09T00:03:21.827662,78.450,"can1  206  [16]  53 60 2B 1C 1C 61 9A 1C 94 18 93 64 3B 5C 00 00
  can1  206  [16]  C9 63 56 1C E8 5E 2B 1C C8 18 C9 63 DC 5C 00 00
  can1  002  [04]  70 8E 01 00"
2025-08-09T00:03:22.030188,78.653,can1  206  [16]  00 63 C0 1C 02 60 D7 1B 37 19 D5 65 DA 5F 00 00
2025-08-09T00:03:22.032200,78.655,"can1  206  [16]  00 63 2E 1D D8 62 D1 1B 40 19 40 67 02 60 00 00
  can1  206  [16]  00 63 14 1D A1 63 CB 1B 19 19 17 67 02 60 00 00
  can1  206  [16]  AF 62 FA 1C 50 63 BF 1B 1E 19 09 68 7B 60 00 00"
2025-08-09T00:03:22.258997,78.882,"can1  206  [16]  5F 62 F3 1C C9 63 B9 1B 19 19 D3 68 53 60 00 00
  can1  206  [16]  0E 62 FA 1C F2 63 B3 1B 1E 19 FB 68 61 5F 00 00"
2025-08-09T00:03:22.258997,78.882,can1  206  [16]  45 61 CD 1C 50 63 3D 1C 06 19 4C 69 98 5E 00 00
2025-08-09T00:03:22.473704,79.096,"can1  206  [16]  6D 61 31 1C 45 61 94 1C 99 18 42 64 EB 5B 00 00
  can1  206  [16]  1A 64 43 1C 61 5F 1F 1C AC 18 1A 64 55 5D 00 00"
2025-08-09T00:03:22.477740,79.100,"can1  206  [16]  BB 64 DA 1C 53 60 D7 1B 15 19 26 66 53 60 00 00
  can1  206  [16]  BD 61 1A 1D 28 63 CB 1B 15 19 40 67 7B 60 00 00"
2025-08-09T00:03:22.701035,79.324,"can1  206  [16]  5F 62 00 1D A1 63 D1 1B 19 19 90 67 DA 5F 00 00
  can1  206  [16]  E6 61 FA 1C F2 63 D7 1B 15 19 E1 67 DA 5F 00 00"
2025-08-09T00:03:22.701035,79.324,"can1  206  [16]  45 61 E7 1C 79 63 25 1C 01 19 4C 69 98 5E 00 00
  can1  206  [16]  AF 62 A7 1C 1A 64 56 1C FD 18 FB 68 6F 5E 00 00"
2025-08-09T00:03:22.903054,79.526,"can1  206  [16]  BD 61 81 1C 1A 64 5C 1C F3 18 FB 68 7E 5D 00 00
  can1  206  [16]  BD 61 75 1C 42 64 6E 1C E5 18 23 69 05 5D 00 00"
2025-08-09T00:03:22.903054,79.526,"can1  206  [16]  79 63 5C 1C 1A 64 7B 1C DB 18 82 68 8C 5C 00 00
  can1  206  [16]  5F 62 49 1C C9 63 87 1C C8 18 90 67 8C 5C 00 00"
2025-08-09T00:03:23.125212,79.748,"can1  206  [16]  0E 62 31 1C F2 63 9A 1C BF 18 09 68 8C 5C 00 00
  can1  206  [16]  00 63 1F 1C 00 63 9A 1C AC 18 31 68 EB 5B 00 00"
2025-08-09T00:03:23.127227,79.750,can1  206  [16]  0E 62 19 1C 00 63 A0 1C AC 18 31 68 49 5B 00 00
2025-08-09T00:03:23.127227,79.750,"can1  206  [16]  AF 62 0C 1C AF 62 94 1C 99 18 09 68 21 5B 00 00
  can1  206  [16]  28 63 13 1C 0E 62 75 1C 8B 18 E1 67 21 5B 00 00
  can1  206  [16]  28 63 19 1C BD 61 62 1C 86 18 40 67 C2 5B 00 00"
2025-08-09T00:03:23.359503,79.982,"can1  206  [16]  42 64 1F 1C 45 61 50 1C 99 18 28 63 64 5C 00 00
  can1  206  [16]  93 64 6E 1C CC 60 B3 1B D6 18 6A 64 6F 5E 00 00"
2025-08-09T00:03:23.361514,79.984,"can1  206  [16]  C9 63 21 1D 5F 62 9C 1B F3 18 BB 64 E8 5E 00 00
  can1  206  [16]  79 63 1A 1D 00 63 96 1B FD 18 D5 65 61 5F 00 00
  can1  002  [04]  B8 82 01 00"
2025-08-09T00:03:23.570542,80.193,"can1  206  [16]  28 63 21 1D 79 63 9C 1B 06 19 D5 65 61 5F 00 00
  can1  206  [16]  00 63 28 1D F2 63 9C 1B 10 19 4E 66 2B 60 00 00"
2025-08-09T00:03:23.572569,80.195,"can1  206  [16]  5F 62 1A 1D 1A 64 A2 1B 19 19 76 66 53 60 00 00
  can1  206  [16]  0E 62 1A 1D 93 64 A7 1B 19 19 EF 66 53 60 00 00"
2025-08-09T00:03:23.792937,80.416,"can1  206  [16]  0E 62 0D 1D E3 64 AD 1B 19 19 68 67 53 60 00 00
  can1  206  [16]  95 61 FA 1C BB 64 E8 1B 0B 19 23 69 61 5F 00 00"
2025-08-09T00:03:23.792937,80.416,can1  206  [16]  95 61 49 1C 28 63 9A 1C C8 18 31 68 B4 5C 00 00
2025-08-09T00:03:24.016901,80.639,"can1  206  [16]  36 62 25 1C 5F 62 94 1C A2 18 90 67 3B 5C 00 00
  can1  206  [16]  AF 62 13 1C E6 61 87 1C A2 18 EF 66 13 5C 00 00
  can1  206  [16]  79 63 1F 1C 6D 61 6E 1C A2 18 79 63 8C 5C 00 00"
2025-08-09T00:03:24.018943,80.642,"can1  206  [16]  F2 63 62 1C 7B 60 E3 1B BF 18 F2 63 1F 5E 00 00
  can1  206  [16]  00 63 28 1D 1C 61 E3 1B 32 19 17 67 B2 5F 00 00"
2025-08-09T00:03:24.246398,80.869,can1  206  [16]  53 60 ED 1C F2 63 49 1C 0B 19 D3 68 C0 5E 00 00
2025-08-09T00:03:24.246398,80.869,"can1  206  [16]  53 60 2B 1C 87 62 C0 1C D6 18 B9 67 C2 5B 00 00
  can1  206  [16]  AF 62 2B 1C BD 61 8E 1C AC 18 9F 66 C2 5B 00 00
  can1  206  [16]  5F 62 1F 1C 6D 61 6E 1C A2 18 D8 62 8C 5C 00 00"
2025-08-09T00:03:24.246398,80.869,"can1  206  [16]  6A 64 5C 1C A3 60 BF 1B DB 18 6A 64 E8 5E 00 00
  can1  206  [16]  00 63 2E 1D 5F 62 9C 1B F8 18 E3 64 B2 5F 00 00"
2025-08-09T00:03:24.456340,81.079,can1  206  [16]  00 63 21 1D 00 63 90 1B 01 19 D5 65 89 5F 00 00
2025-08-09T00:03:24.462409,81.085,"can1  206  [16]  5F 62 21 1D A1 63 8A 1B 06 19 FD 65 B2 5F 00 00
  can1  206  [16]  BD 61 1A 1D C9 63 96 1B 19 19 4E 66 7B 60 00 00
  can1  206  [16]  BD 61 21 1D 42 64 A2 1B 1E 19 9F 66 02 60 00 00"
2025-08-09T00:03:24.681619,81.304,"can1  002  [04]  70 8E 01 00
  can1  206  [16]  6D 61 FA 1C D5 65 CB 1B 15 19 FB 68 39 5F 00 00"
2025-08-09T00:03:24.681619,81.304,"can1  206  [16]  B2 5F 5C 1C C9 63 81 1C E0 18 E1 67 B4 5C 00 00
  can1  206  [16]  95 61 50 1C CC 60 43 1C B0 18 D8 62 13 5C 00 00"
2025-08-09T00:03:24.901053,81.524,"can1  206  [16]  6A 64 62 1C 1C 61 A2 1B E5 18 BB 64 6F 5E 00 00
  can1  206  [16]  79 63 2E 1D 5F 62 8A 1B FD 18 E3 64 61 5F 00 00"
2025-08-09T00:03:24.903064,81.526,"can1  206  [16]  79 63 28 1D D8 62 8A 1B 0B 19 FD 65 DA 5F 00 00
  can1  206  [16]  28 63 1A 1D 79 63 96 1B 15 19 4E 66 DA 5F 00 00"
2025-08-09T00:03:25.107061,81.730,"can1  206  [16]  AF 62 1A 1D C9 63 96 1B 19 19 76 66 DA 5F 00 00
  can1  206  [16]  79 63 0D 1D 6A 64 90 1B 1E 19 C7 66 DA 5F 00 00"
2025-08-09T00:03:25.107061,81.730,"can1  206  [16]  D8 62 0D 1D BB 64 A2 1B 1E 19 90 67 89 5F 00 00
  can1  206  [16]  AF 62 07 1D 0C 65 AD 1B 1E 19 09 68 89 5F 00 00"
2025-08-09T00:03:25.329829,81.952,"can1  206  [16]  0E 62 F3 1C AD 65 AD 1B 1E 19 31 68 61 5F 00 00
  can1  206  [16]  0E 62 ED 1C D5 65 B9 1B 10 19 82 68 61 5F 00 00"
2025-08-09T00:03:25.343920,81.967,"can1  206  [16]  BD 61 ED 1C D5 65 D1 1B 10 19 D3 68 89 5F 00 00
  can1  206  [16]  36 62 ED 1C 0C 65 DD 1B 15 19 FB 68 61 5F 00 00"
2025-08-09T00:03:25.345431,81.968,"can1  206  [16]  D8 62 ED 1C 0C 65 DD 1B 0B 19 23 69 39 5F 00 00
  can1  206  [16]  0E 62 E7 1C 0C 65 EE 1B 06 19 74 69 39 5F 00 00"
2025-08-09T00:03:25.553471,82.176,"can1  206  [16]  0E 62 E7 1C E3 64 0C 1C 06 19 74 69 10 5F 00 00
  can1  206  [16]  0E 62 E0 1C 6A 64 25 1C 06 19 23 69 98 5E 00 00"
2025-08-09T00:03:25.553471,82.176,"can1  206  [16]  5F 62 D3 1C BB 64 31 1C 01 19 4C 69 6F 5E 00 00
  can1  206  [16]  36 62 BA 1C BB 64 1F 1C FD 18 31 68 6F 5E 00 00
  can1  002  [04]  B8 82 01 00"
2025-08-09T00:03:25.773438,82.396,"can1  206  [16]  5F 62 9A 1C BB 64 25 1C FD 18 AA 68 47 5E 00 00
  can1  206  [16]  D8 62 7B 1C 42 64 25 1C F3 18 FB 68 47 5E 00 00"
2025-08-09T00:03:25.775451,82.398,"can1  206  [16]  BD 61 62 1C F2 63 43 1C E9 18 23 69 A6 5D 00 00
  can1  206  [16]  95 61 25 1C 45 61 56 1C A7 18 6A 64 EB 5B 00 00"
2025-08-09T00:03:25.996667,82.619,"can1  206  [16]  93 64 50 1C 53 60 C5 1B C3 18 BB 64 CE 5D 00 00
  can1  206  [16]  6A 64 FA 1C 6D 61 AD 1B 28 19 68 67 02 60 00 00"
2025-08-09T00:03:25.996667,82.619,"can1  206  [16]  6D 61 FA 1C 1A 64 E8 1B 10 19 ED 69 C0 5E 00 00
  can1  206  [16]  45 61 2B 1C 36 62 94 1C BF 18 FB 68 13 5C 00 00"
2025-08-09T00:03:26.219254,82.842,"can1  206  [16]  36 62 13 1C 1C 61 62 1C 99 18 0C 65 13 5C 00 00
  can1  206  [16]  4E 66 50 1C 39 5F DD 1B B5 18 0C 65 55 5D 00 00"
2025-08-09T00:03:26.238563,82.861,"can1  206  [16]  BB 64 F3 1C 53 60 B9 1B 2D 19 68 67 B2 5F 00 00
  can1  206  [16]  95 61 00 1D 28 63 0C 1C 0B 19 15 6A E8 5E 00 00"
2025-08-09T00:03:26.438338,83.061,"can1  002  [04]  00 77 01 00
  can1  206  [16]  95 61 43 1C E6 61 BA 1C BF 18 82 68 EB 5B 00 00"
2025-08-09T00:03:26.438338,83.061,"can1  206  [16]  D8 62 2B 1C F4 60 94 1C 94 18 E3 64 EB 5B 00 00
  can1  206  [16]  26 66 5C 1C 39 5F 13 1C B5 18 BB 64 55 5D 00 00"
2025-08-09T00:03:26.438338,83.061,"can1  206  [16]  1A 64 FA 1C 53 60 E3 1B 23 19 EF 66 89 5F 00 00
  can1  206  [16]  0E 62 1A 1D F2 63 E3 1B 19 19 AA 68 B2 5F 00 00"
2025-08-09T00:03:26.660066,83.283,can1  206  [16]  BD 61 07 1D 42 64 E3 1B 1E 19 FB 68 89 5F 00 00
2025-08-09T00:03:26.660066,83.283,"can1  206  [16]  E6 61 F3 1C F2 63 EE 1B 19 19 23 69 61 5F 00 00
  can1  206  [16]  45 61 C0 1C D8 62 50 1C 01 19 9C 69 98 5E 00 00
  can1  206  [16]  5F 62 7B 1C D8 62 68 1C E9 18 74 69 A6 5D 00 00"
2025-08-09T00:03:26.881299,83.504,"can1  206  [16]  00 63 6E 1C 00 63 75 1C DB 18 74 69 7E 5D 00 00
  can1  206  [16]  D8 62 50 1C 28 63 87 1C D6 18 74 69 55 5D 00 00"
2025-08-09T00:03:26.883314,83.506,"can1  206  [16]  D8 62 3D 1C AF 62 9A 1C C8 18 74 69 B4 5C 00 00
  can1  206  [16]  D8 62 25 1C 5F 62 A0 1C B0 18 AA 68 8C 5C 00 00"
2025-08-09T00:03:27.105964,83.729,"can1  206  [16]  28 63 31 1C 36 62 A0 1C A7 18 D3 68 64 5C 00 00
  can1  002  [04]  B8 82 01 00
  can1  206  [16]  79 63 1F 1C 6D 61 94 1C 8B 18 0C 65 13 5C 00 00"
2025-08-09T00:03:27.105964,83.729,"can1  206  [16]  FD 65 50 1C 89 5F 13 1C AC 18 42 64 8C 5C 00 00
  can1  206  [16]  E3 64 E0 1C 53 60 BF 1B 19 19 C7 66 89 5F 00 00"
2025-08-09T00:03:27.338981,83.962,"can1  206  [16]  36 62 1A 1D 79 63 C5 1B 19 19 09 68 DA 5F 00 00
  can1  206  [16]  95 61 FA 1C A1 63 FA 1B 01 19 3D 6A E8 5E 00 00"
2025-08-09T00:03:27.340992,83.964,"can1  206  [16]  45 61 50 1C 0E 62 AD 1C B5 18 D3 68 8C 5C 00 00
  can1  206  [16]  E6 61 25 1C 45 61 75 1C 8B 18 BB 64 3B 5C 00 00"
2025-08-09T00:03:27.550687,84.173,"can1  206  [16]  F2 63 5C 1C 39 5F E8 1B BF 18 93 64 7E 5D 00 00
  can1  206  [16]  79 63 F3 1C 53 60 BF 1B 2D 19 26 66 02 60 00 00"
2025-08-09T00:03:27.554711,84.177,"can1  206  [16]  1C 61 07 1D 00 63 00 1C 15 19 9C 69 E8 5E 00 00
  can1  206  [16]  7B 60 49 1C E6 61 A0 1C BF 18 D3 68 8C 5C 00 00"
2025-08-09T00:03:27.554711,84.177,can1  206  [16]  6D 61 56 1C 39 5F 37 1C A7 18 C9 63 DC 5C 00 00
2025-08-09T00:03:27.778161,84.401,"can1  206  [16]  00 63 9A 1C 53 60 B9 1B FD 18 0C 65 61 5F 00 00
  can1  206  [16]  BD 61 3B 1D AF 62 B9 1B 15 19 26 66 B2 5F 00 00"
2025-08-09T00:03:27.778699,84.401,"can1  206  [16]  0E 62 1A 1D 00 63 B3 1B 15 19 C7 66 02 60 00 00
  can1  206  [16]  E6 61 14 1D 28 63 B9 1B 19 19 90 67 02 60 00 00
  can1  002  [04]  70 8E 01 00"
2025-08-09T00:03:27.994614,84.617,"can1  206  [16]  6D 61 F3 1C 50 63 E3 1B 0B 19 66 6A 10 5F 00 00
  can1  206  [16]  DA 5F 49 1C 87 62 A0 1C D6 18 D3 68 B4 5C 00 00"
2025-08-09T00:03:27.994614,84.617,"can1  206  [16]  95 61 3D 1C 89 5F 75 1C B0 18 C9 63 B4 5C 00 00
  can1  206  [16]  E3 64 6E 1C 53 60 D7 1B F3 18 D5 65 39 5F 00 00"
2025-08-09T00:03:28.214550,84.837,"can1  206  [16]  79 63 42 1D 0E 62 D7 1B 0B 19 26 66 02 60 00 00
  can1  002  [04]  B8 82 01 00
  can1  206  [16]  5F 62 1A 1D AF 62 D7 1B 15 19 76 66 2B 60 00 00"
2025-08-09T00:03:28.218579,84.841,"can1  206  [16]  36 62 1A 1D 28 63 D7 1B 23 19 17 67 2B 60 00 00
  can1  206  [16]  95 61 FA 1C F2 63 FA 1B 1E 19 23 69 39 5F 00 00"
2025-08-09T00:03:28.436681,85.059,"can1  206  [16]  BD 61 E7 1C A1 63 1F 1C 0B 19 74 69 39 5F 00 00
  can1  206  [16]  5F 62 E0 1C C9 63 06 1C 01 19 4C 69 6F 5E 00 00"
2025-08-09T00:03:28.442402,85.065,"can1  206  [16]  5F 62 C0 1C 28 63 00 1C 01 19 FB 68 E8 5E 00 00
  can1  206  [16]  45 61 3D 1C 6D 61 81 1C 90 18 93 64 C2 5B 00 00"
2025-08-09T00:03:28.658924,85.282,"can1  206  [16]  0C 65 43 1C E8 5E 37 1C AC 18 28 63 DC 5C 00 00
  can1  206  [16]  42 64 B3 1C B2 5F A7 1B FD 18 6A 64 61 5F 00 00"
2025-08-09T00:03:28.660933,85.284,"can1  206  [16]  D8 62 49 1D AF 62 A7 1B 01 19 26 66 02 60 00 00
  can1  206  [16]  C9 63 2E 1D D8 62 A7 1B 01 19 68 67 DA 5F 00 00"
2025-08-09T00:03:28.662945,85.286,can1  206  [16]  AF 62 28 1D 50 63 A2 1B 0B 19 90 67 02 60 00 00
2025-08-09T00:03:28.881003,85.504,"can1  206  [16]  AF 62 21 1D 79 63 A7 1B 10 19 09 68 89 5F 00 00
  can1  206  [16]  45 61 07 1D 50 63 EE 1B F8 18 C4 69 47 5E 00 00"
2025-08-09T00:03:28.885028,85.508,"can1  206  [16]  CC 60 56 1C BD 61 81 1C AC 18 AA 68 F9 5A 00 00
  can1  206  [16]  BD 61 3D 1C A3 60 56 1C 90 18 42 64 F9 5A 00 00
  can1  002  [04]  00 77 01 00"
2025-08-09T00:03:29.104807,85.727,"can1  206  [16]  A1 63 62 1C 39 5F D1 1B BA 18 93 64 64 5C 00 00
  can1  206  [16]  D8 62 14 1D 53 60 B9 1B 28 19 EF 66 B2 5F 00 00"
2025-08-09T00:03:29.104807,85.727,"can1  206  [16]  95 61 1A 1D AF 62 EE 1B 06 19 ED 69 E8 5E 00 00
  can1  206  [16]  1C 61 56 1C BD 61 87 1C BA 18 AA 68 8C 5C 00 00"
2025-08-09T00:03:29.309907,85.932,"can1  206  [16]  5F 62 31 1C F4 60 5C 1C 99 18 93 64 EB 5B 00 00
  can1  206  [16]  93 64 6E 1C 10 5F E3 1B BA 18 42 64 7E 5D 00 00"
2025-08-09T00:03:29.309907,85.932,"can1  206  [16]  F2 63 07 1D 02 60 BF 1B 2D 19 C7 66 DA 5F 00 00
  can1  206  [16]  BD 61 28 1D 00 63 BF 1B 23 19 31 68 DA 5F 00 00"
2025-08-09T00:03:29.546851,86.169,"can1  206  [16]  95 61 14 1D AF 62 00 1C 06 19 74 69 C0 5E 00 00
  can1  206  [16]  6D 61 50 1C 45 61 7B 1C 90 18 0C 65 72 5B 00 00"
2025-08-09T00:03:29.546851,86.169,"can1  206  [16]  42 64 5C 1C 98 5E 1F 1C AC 18 F2 63 8C 5C 00 00
  can1  206  [16]  1A 64 BA 1C B2 5F B3 1B 0B 19 FD 65 B2 5F 00 00"
2025-08-09T00:03:29.756404,86.379,"can1  206  [16]  87 62 49 1D 5F 62 A7 1B 19 19 EF 66 B2 5F 00 00
  can1  206  [16]  36 62 2E 1D D8 62 A7 1B 1E 19 90 67 DA 5F 00 00"
2025-08-09T00:03:29.756404,86.379,"can1  206  [16]  AF 62 1A 1D 28 63 AD 1B 23 19 31 68 B2 5F 00 00
  can1  206  [16]  36 62 14 1D C9 63 AD 1B 1E 19 D3 68 B2 5F 00 00"
2025-08-09T00:03:29.756404,86.379,"can1  206  [16]  BD 61 14 1D F2 63 B3 1B 1E 19 FB 68 B2 5F 00 00
  can1  002  [04]  48 6B 01 00
  can1  206  [16]  6D 61 F3 1C 28 63 06 1C 01 19 ED 69 98 5E 00 00"
2025-08-09T00:03:29.978794,86.601,can1  206  [16]  95 61 49 1C 45 61 87 1C 94 18 D5 65 49 5B 00 00
2025-08-09T00:03:29.978794,86.601,"can1  206  [16]  6A 64 62 1C 10 5F 19 1C AC 18 93 64 8C 5C 00 00
  can1  206  [16]  6A 64 DA 1C 2B 60 C5 1B 10 19 4E 66 89 5F 00 00
  can1  206  [16]  36 62 4F 1D 87 62 D7 1B 19 19 68 67 DA 5F 00 00"
2025-08-09T00:03:30.200671,86.823,can1  206  [16]  36 62 35 1D 28 63 DD 1B 1E 19 E1 67 DA 5F 00 00
2025-08-09T00:03:30.200671,86.823,"can1  206  [16]  5F 62 21 1D A1 63 CB 1B 23 19 E1 67 B2 5F 00 00
  can1  206  [16]  5F 62 21 1D C9 63 BF 1B 19 19 AA 68 89 5F 00 00
  can1  002  [04]  00 77 01 00
  can1  206  [16]  45 61 FA 1C 00 63 0C 1C 06 19 15 6A C0 5E 00 00"
2025-08-09T00:03:30.423144,87.046,can1  206  [16]  45 61 3D 1C 45 61 7B 1C 94 18 E3 64 EB 5B 00 00
2025-08-09T00:03:30.427199,87.050,"can1  206  [16]  42 64 50 1C 98 5E 13 1C AC 18 42 64 DC 5C 00 00
  can1  206  [16]  42 64 C7 1C 61 5F A7 1B 15 19 D5 65 B2 5F 00 00"
2025-08-09T00:03:30.649144,87.272,"can1  206  [16]  28 63 3B 1D 5F 62 A7 1B 19 19 EF 66 DA 5F 00 00
  can1  206  [16]  A1 63 0D 1D 00 63 A2 1B 19 19 90 67 89 5F 00 00"
2025-08-09T00:03:30.649144,87.272,can1  206  [16]  00 63 0D 1D 50 63 A7 1B 1E 19 B9 67 39 5F 00 00
2025-08-09T00:03:30.867144,87.490,"can1  206  [16]  E6 61 FA 1C 79 63 A7 1B 1E 19 82 68 89 5F 00 00
  can1  206  [16]  45 61 DA 1C D8 62 06 1C 06 19 9C 69 C0 5E 00 00
  can1  206  [16]  45 61 2B 1C 1C 61 7B 1C 90 18 E3 64 EB 5B 00 00"
2025-08-09T00:03:30.867144,87.490,"can1  206  [16]  6A 64 43 1C C0 5E 0C 1C AC 18 6A 64 05 5D 00 00
  can1  206  [16]  1A 64 B3 1C B2 5F A7 1B 15 19 FD 65 02 60 00 00"
2025-08-09T00:03:30.867144,87.490,"can1  206  [16]  36 62 3B 1D AF 62 AD 1B 1E 19 17 67 2B 60 00 00
  can1  002  [04]  B8 82 01 00
  can1  206  [16]  0E 62 14 1D D8 62 A7 1B 1E 19 68 67 53 60 00 00"
2025-08-09T00:03:31.089722,87.712,"can1  206  [16]  0E 62 07 1D 79 63 AD 1B 23 19 E1 67 02 60 00 00
  can1  206  [16]  36 62 00 1D C9 63 AD 1B 28 19 5A 68 02 60 00 00"
2025-08-09T00:03:31.089722,87.712,"can1  206  [16]  6D 61 E0 1C 79 63 0C 1C 06 19 9C 69 10 5F 00 00
  can1  206  [16]  87 62 9A 1C 79 63 31 1C FD 18 23 69 C0 5E 00 00"
2025-08-09T00:03:31.312024,87.935,"can1  206  [16]  87 62 8E 1C 50 63 31 1C F3 18 23 69 1F 5E 00 00
  can1  206  [16]  6D 61 1F 1C CC 60 7B 1C 99 18 42 64 8C 5C 00 00"
2025-08-09T00:03:31.312024,87.935,"can1  206  [16]  1A 64 50 1C 89 5F E3 1B B0 18 42 64 A6 5D 00 00
  can1  206  [16]  C9 63 DA 1C 7B 60 B9 1B 28 19 76 66 2B 60 00 00"
2025-08-09T00:03:31.533566,88.156,"can1  206  [16]  6D 61 14 1D 79 63 EE 1B 15 19 FB 68 39 5F 00 00
  can1  206  [16]  1C 61 50 1C 36 62 AD 1C E9 18 B9 67 64 5C 00 00"
2025-08-09T00:03:31.533566,88.156,can1  206  [16]  0E 62 25 1C BD 61 9A 1C B0 18 5A 68 B4 5C 00 00
2025-08-09T00:03:31.755898,88.378,"can1  206  [16]  5F 62 13 1C 45 61 68 1C A2 18 6A 64 72 5B 00 00
  can1  206  [16]  93 64 56 1C 61 5F FA 1B CD 18 1A 64 05 5D 00 00
  can1  002  [04]  70 8E 01 00"
2025-08-09T00:03:31.755898,88.378,"can1  206  [16]  F2 63 FA 1C 7B 60 CB 1B 32 19 4E 66 89 5F 00 00
  can1  206  [16]  45 61 0D 1D 28 63 00 1C 19 19 74 69 6F 5E 00 00"
2025-08-09T00:03:31.757909,88.380,"can1  206  [16]  BD 61 C0 1C A1 63 25 1C EE 18 9C 69 E8 5E 00 00
  can1  206  [16]  0E 62 9A 1C 6A 64 2B 1C E0 18 9C 69 98 5E 00 00"
2025-08-09T00:03:31.977023,88.600,"can1  206  [16]  36 62 94 1C 42 64 43 1C DB 18 74 69 1F 5E 00 00
  can1  206  [16]  5F 62 6E 1C 42 64 62 1C F3 18 23 69 F6 5D 00 00"
2025-08-09T00:03:31.978510,88.601,"can1  206  [16]  BD 61 5C 1C 42 64 56 1C F3 18 FB 68 55 5D 00 00
  can1  206  [16]  E6 61 49 1C 1A 64 50 1C E0 18 23 69 2D 5D 00 00"
2025-08-09T00:03:32.195501,88.818,"can1  206  [16]  BD 61 43 1C C9 63 5C 1C DB 18 FB 68 05 5D 00 00
  can1  206  [16]  BD 61 25 1C 50 63 62 1C B0 18 23 69 B4 5C 00 00"
2025-08-09T00:03:32.195501,88.818,"can1  206  [16]  36 62 19 1C AF 62 68 1C 99 18 23 69 3B 5C 00 00
  can1  206  [16]  5F 62 1F 1C AF 62 62 1C 8B 18 FB 68 EB 5B 00 00"
2025-08-09T00:03:32.417623,89.040,"can1  206  [16]  00 63 19 1C 36 62 6E 1C 82 18 E1 67 9A 5B 00 00
  can1  206  [16]  1A 64 19 1C 95 61 62 1C 7D 18 93 64 64 5C 00 00"
2025-08-09T00:03:32.419634,89.042,"can1  206  [16]  4E 66 62 1C 53 60 B9 1B A7 18 BB 64 A6 5D 00 00
  can1  206  [16]  D5 65 0D 1D 95 61 B3 1B 06 19 90 67 89 5F 00 00"
2025-08-09T00:03:32.639657,89.262,"can1  206  [16]  E6 61 1A 1D 93 64 AD 1B 01 19 D3 68 DA 5F 00 00
  can1  206  [16]  28 63 FA 1C BB 64 B9 1B 01 19 4C 69 89 5F 00 00"
2025-08-09T00:03:32.639657,89.262,"can1  206  [16]  6D 61 C7 1C 1A 64 25 1C E9 18 74 69 E8 5E 00 00
  can1  206  [16]  45 61 25 1C 95 61 7B 1C 7D 18 F2 63 3B 5C 00 00"
2025-08-09T00:03:32.869161,89.492,"can1  206  [16]  6A 64 56 1C 7B 60 F4 1B 9E 18 6A 64 05 5D 00 00
  can1  206  [16]  C9 63 E7 1C F4 60 A7 1B 06 19 C7 66 DA 5F 00 00"
2025-08-09T00:03:32.869161,89.492,"can1  002  [04]  28 9A 01 00
  can1  206  [16]  BD 61 28 1D F2 63 A2 1B 06 19 31 68 B2 5F 00 00
  can1  206  [16]  0E 62 07 1D 6A 64 A2 1B 01 19 D3 68 B2 5F 00 00"
2025-08-09T00:03:32.869161,89.492,"can1  206  [16]  45 61 ED 1C 79 63 EE 1B E9 18 9C 69 C0 5E 00 00
  can1  206  [16]  95 61 31 1C BD 61 7B 1C 94 18 82 68 49 5B 00 00"
2025-08-09T00:03:33.084947,89.708,"can1  206  [16]  D8 62 25 1C CC 60 62 1C 7D 18 6A 64 3B 5C 00 00
  can1  206  [16]  0C 65 5C 1C 89 5F CB 1B A7 18 E3 64 A6 5D 00 00"
2025-08-09T00:03:33.084947,89.708,can1  206  [16]  6A 64 07 1D 1C 61 CB 1B 0B 19 B9 67 89 5F 00 00
2025-08-09T00:03:33.309148,89.932,"can1  206  [16]  E6 61 0D 1D F2 63 DD 1B 01 19 23 69 89 5F 00 00
  can1  206  [16]  6D 61 DA 1C 28 63 3D 1C E9 18 ED 69 C0 5E 00 00"
2025-08-09T00:03:33.311164,89.934,"can1  206  [16]  BD 61 8E 1C 28 63 62 1C D6 18 23 69 CE 5D 00 00
  can1  206  [16]  D8 62 7B 1C 28 63 5C 1C CD 18 FB 68 A6 5D 00 00"
2025-08-09T00:03:33.518366,90.141,"can1  206  [16]  45 61 25 1C CC 60 68 1C 7D 18 C9 63 3B 5C 00 00
  can1  206  [16]  79 63 5C 1C B2 5F E3 1B 99 18 6A 64 DC 5C 00 00"
2025-08-09T00:03:33.518366,90.141,"can1  206  [16]  F2 63 FA 1C 7B 60 BF 1B 06 19 76 66 DA 5F 00 00
  can1  206  [16]  45 61 0D 1D 50 63 FA 1B F3 18 74 69 98 5E 00 00"
2025-08-09T00:03:33.736400,90.359,"can1  206  [16]  7B 60 3D 1C 36 62 94 1C A7 18 09 68 64 5C 00 00
  can1  206  [16]  45 61 49 1C 10 5F 2B 1C 94 18 79 63 8C 5C 00 00"
2025-08-09T00:03:33.736400,90.359,"can1  206  [16]  C9 63 9A 1C 02 60 A7 1B E0 18 BB 64 61 5F 00 00
  can1  206  [16]  E6 61 35 1D 36 62 A2 1B F8 18 4E 66 02 60 00 00"
2025-08-09T00:03:33.956713,90.579,"can1  206  [16]  A1 63 1A 1D 50 63 A7 1B 01 19 9F 66 DA 5F 00 00
  can1  002  [04]  70 8E 01 00
  can1  206  [16]  87 62 14 1D F2 63 B9 1B 10 19 17 67 DA 5F 00 00"
2025-08-09T00:03:33.962752,90.585,"can1  206  [16]  5F 62 07 1D 93 64 CB 1B 19 19 40 67 02 60 00 00
  can1  206  [16]  36 62 07 1D E3 64 CB 1B 19 19 90 67 2B 60 00 00"
2025-08-09T00:03:34.178219,90.801,"can1  206  [16]  A3 60 E0 1C 6A 64 25 1C 01 19 23 69 C0 5E 00 00
  can1  206  [16]  53 60 31 1C 0E 62 C0 1C B5 18 B9 67 3B 5C 00 00"
2025-08-09T00:03:34.180232,90.803,can1  206  [16]  36 62 1F 1C 45 61 87 1C 94 18 F2 63 8C 5C 00 00
2025-08-09T00:03:34.180232,90.803,"can1  206  [16]  6A 64 5C 1C B2 5F 00 1C BA 18 42 64 1F 5E 00 00
  can1  206  [16]  A1 63 00 1D 7B 60 EE 1B 28 19 C7 66 B2 5F 00 00
  can1  206  [16]  45 61 00 1D 79 63 25 1C 06 19 D3 68 C0 5E 00 00"
2025-08-09T00:03:34.406517,91.029,can1  206  [16]  E6 61 AD 1C 50 63 62 1C F8 18 82 68 98 5E 00 00
2025-08-09T00:03:34.406517,91.029,"can1  206  [16]  0E 62 A0 1C 50 63 5C 1C F8 18 82 68 98 5E 00 00
  can1  206  [16]  36 62 81 1C 00 63 68 1C EE 18 31 68 CE 5D 00 00
  can1  002  [04]  28 9A 01 00"
2025-08-09T00:03:34.614464,91.237,"can1  206  [16]  0E 62 68 1C D8 62 6E 1C E5 18 FB 68 7E 5D 00 00
  can1  206  [16]  D8 62 56 1C 00 63 87 1C DB 18 AA 68 55 5D 00 00"
2025-08-09T00:03:34.614464,91.237,can1  206  [16]  AF 62 3D 1C AF 62 87 1C CD 18 09 68 B4 5C 00 00
2025-08-09T00:03:34.829575,91.452,"can1  206  [16]  0E 62 31 1C 36 62 6E 1C BF 18 5A 68 8C 5C 00 00
  can1  206  [16]  D8 62 1F 1C E6 61 5C 1C AC 18 5A 68 3B 5C 00 00
  can1  206  [16]  D8 62 1F 1C 95 61 43 1C 90 18 93 64 9A 5B 00 00"
2025-08-09T00:03:34.831590,91.454,"can1  206  [16]  6A 64 50 1C 10 5F DD 1B B0 18 C9 63 05 5D 00 00
  can1  206  [16]  28 63 E0 1C 2B 60 A7 1B 19 19 0C 65 89 5F 00 00"
2025-08-09T00:03:35.058892,91.681,"can1  206  [16]  95 61 14 1D 28 63 D7 1B 10 19 FB 68 98 5E 00 00
  can1  206  [16]  53 60 56 1C 5F 62 7B 1C CD 18 B9 67 64 5C 00 00"
2025-08-09T00:03:35.058892,91.681,"can1  206  [16]  1C 61 43 1C 39 5F 37 1C AC 18 D8 62 64 5C 00 00
  can1  206  [16]  79 63 75 1C DA 5F AD 1B EE 18 1A 64 10 5F 00 00"
2025-08-09T00:03:35.273563,91.896,"can1  206  [16]  00 63 28 1D 36 62 A2 1B 06 19 E3 64 DA 5F 00 00
  can1  206  [16]  D8 62 28 1D 00 63 96 1B 06 19 26 66 02 60 00 00"
2025-08-09T00:03:35.273563,91.896,can1  002  [04]  E0 A5 01 00
2025-08-09T00:03:35.273563,91.896,"can1  206  [16]  BD 61 21 1D 00 63 96 1B 15 19 C7 66 2B 60 00 00
  can1  206  [16]  45 61 FA 1C 1A 64 CB 1B 15 19 74 69 10 5F 00 00
  can1  206  [16]  7B 60 68 1C D8 62 68 1C E0 18 AA 68 DC 5C 00 00
  can1  206  [16]  BD 61 31 1C 36 62 75 1C B5 18 5A 68 8C 5C 00 00"
2025-08-09T00:03:35.494933,92.118,can1  206  [16]  BD 61 1F 1C BD 61 68 1C A7 18 82 68 13 5C 00 00
2025-08-09T00:03:35.494933,92.118,"can1  206  [16]  45 61 49 1C 89 5F 1F 1C B0 18 28 63 B4 5C 00 00
  can1  206  [16]  D8 62 94 1C 53 60 A7 1B F8 18 93 64 61 5F 00 00
  can1  206  [16]  0E 62 3B 1D AF 62 A7 1B 0B 19 FD 65 89 5F 00 00"
2025-08-09T00:03:35.700587,92.323,"can1  206  [16]  87 62 1A 1D 00 63 A2 1B 10 19 4E 66 02 60 00 00
  can1  206  [16]  5F 62 0D 1D A1 63 9C 1B 2D 19 EF 66 2B 60 00 00"
2025-08-09T00:03:35.702605,92.325,"can1  206  [16]  F4 60 ED 1C 1A 64 CB 1B 32 19 9C 69 E8 5E 00 00
  can1  206  [16]  02 60 49 1C AF 62 7B 1C FD 18 31 68 B4 5C 00 00"
2025-08-09T00:03:35.925847,92.548,can1  206  [16]  F4 60 3D 1C 61 5F 2B 1C D2 18 00 63 B4 5C 00 00
2025-08-09T00:03:35.925847,92.548,"can1  206  [16]  C9 63 6E 1C DA 5F A2 1B 15 19 6A 64 98 5E 00 00
  can1  206  [16]  5F 62 28 1D 0E 62 90 1B 06 19 0C 65 B2 5F 00 00"
2025-08-09T00:03:36.159665,92.782,"can1  206  [16]  36 62 14 1D 87 62 96 1B 32 19 FD 65 02 60 00 00
  can1  206  [16]  0E 62 00 1D 00 63 9C 1B 2D 19 26 66 02 60 00 00"
2025-08-09T00:03:36.159665,92.782,"can1  206  [16]  6D 61 FA 1C F2 63 B9 1B 15 19 FB 68 10 5F 00 00
  can1  206  [16]  B2 5F 62 1C D8 62 75 1C E0 18 31 68 DC 5C 00 00"
2025-08-09T00:03:36.364028,92.987,"can1  206  [16]  F4 60 37 1C B2 5F 56 1C A7 18 28 63 8C 5C 00 00
  can1  206  [16]  A1 63 68 1C 02 60 A7 1B DB 18 6A 64 98 5E 00 00"
2025-08-09T00:03:36.364028,92.987,can1  206  [16]  36 62 21 1D BD 61 96 1B F3 18 6A 64 39 5F 00 00
2025-08-09T00:03:36.588521,93.211,"can1  206  [16]  36 62 28 1D 0E 62 90 1B 01 19 6A 64 61 5F 00 00
  can1  206  [16]  E6 61 28 1D AF 62 A2 1B FD 18 BB 64 B2 5F 00 00
  can1  206  [16]  BD 61 21 1D 28 63 A7 1B 1E 19 0C 65 DA 5F 00 00
  can1  002  [04]  28 9A 01 00"
2025-08-09T00:03:36.588521,93.211,"can1  206  [16]  BD 61 1A 1D A1 63 CB 1B 1E 19 76 66 DA 5F 00 00
  can1  206  [16]  1C 61 00 1D F2 63 0C 1C 0B 19 D3 68 C0 5E 00 00"
2025-08-09T00:03:36.588521,93.211,"can1  206  [16]  02 60 56 1C AF 62 A7 1C CD 18 E1 67 8C 5C 00 00
  can1  206  [16]  1C 61 50 1C 61 5F 56 1C A7 18 D8 62 B4 5C 00 00"
2025-08-09T00:03:36.818093,93.441,"can1  206  [16]  00 63 8E 1C 02 60 B9 1B E9 18 6A 64 E8 5E 00 00
  can1  206  [16]  D8 62 2E 1D 0E 62 AD 1B 01 19 E3 64 2B 60 00 00"
2025-08-09T00:03:36.818093,93.441,"can1  206  [16]  AF 62 1A 1D 87 62 A7 1B 01 19 FD 65 7B 60 00 00
  can1  206  [16]  95 61 14 1D 1A 64 E3 1B 10 19 FB 68 39 5F 00 00"
2025-08-09T00:03:37.012459,93.635,"can1  206  [16]  02 60 81 1C 00 63 87 1C E9 18 82 68 55 5D 00 00
  can1  206  [16]  7B 60 37 1C 2B 60 87 1C A2 18 5F 62 64 5C 00 00"
2025-08-09T00:03:37.014471,93.637,can1  206  [16]  28 63 62 1C 02 60 CB 1B C8 18 A1 63 CE 5D 00 00
2025-08-09T00:03:37.234960,93.858,"can1  206  [16]  87 62 28 1D 6D 61 EE 1B 23 19 EF 66 89 5F 00 00
  can1  002  [04]  E0 A5 01 00
  can1  206  [16]  2B 60 F3 1C 00 63 50 1C 01 19 D3 68 E8 5E 00 00"
2025-08-09T00:03:37.234960,93.858,"can1  206  [16]  53 60 31 1C 1C 61 A7 1C 82 18 1A 64 9A 5B 00 00
  can1  206  [16]  28 63 56 1C 10 5F 1F 1C A7 18 79 63 B4 5C 00 00"
2025-08-09T00:03:37.455721,94.078,"can1  206  [16]  D8 62 D3 1C 02 60 BF 1B 28 19 1A 64 89 5F 00 00
  can1  206  [16]  CC 60 21 1D 79 63 EE 1B 15 19 31 68 E8 5E 00 00"
2025-08-09T00:03:37.455721,94.078,"can1  206  [16]  DA 5F 6E 1C 36 62 94 1C D6 18 68 67 DC 5C 00 00
  can1  206  [16]  53 60 50 1C B2 5F 68 1C C8 18 D8 62 EB 5B 00 00"
2025-08-09T00:03:37.677150,94.300,"can1  206  [16]  79 63 75 1C 02 60 DD 1B F8 18 6A 64 6F 5E 00 00
  can1  206  [16]  C9 63 3B 1D 6D 61 F4 1B 28 19 90 67 39 5F 00 00"
2025-08-09T00:03:37.679402,94.302,"can1  002  [04]  98 B1 01 00
  can1  206  [16]  7B 60 E0 1C 00 63 68 1C 01 19 AA 68 47 5E 00 00
  can1  206  [16]  0E 62 8E 1C 00 63 8E 1C E9 18 5A 68 7E 5D 00 00"
2025-08-09T00:03:37.681409,94.304,"can1  206  [16]  E6 61 75 1C 00 63 87 1C E5 18 82 68 2D 5D 00 00
  can1  206  [16]  5F 62 62 1C 28 63 94 1C CD 18 AA 68 B4 5C 00 00"
2025-08-09T00:03:37.898364,94.521,"can1  206  [16]  36 62 37 1C D8 62 A0 1C C3 18 82 68 64 5C 00 00
  can1  206  [16]  0E 62 37 1C 00 63 9A 1C D6 18 31 68 C2 5B 00 00"
2025-08-09T00:03:37.904417,94.527,"can1  206  [16]  50 63 25 1C D8 62 9A 1C C8 18 31 68 EB 5B 00 00
  can1  206  [16]  AF 62 1F 1C 5F 62 9A 1C 99 18 09 68 C2 5B 00 00"
2025-08-09T00:03:38.113766,94.736,"can1  206  [16]  00 63 25 1C E6 61 9A 1C 82 18 B9 67 21 5B 00 00
  can1  206  [16]  79 63 31 1C 6D 61 87 1C 86 18 C9 63 C2 5B 00 00"
2025-08-09T00:03:38.115775,94.738,can1  206  [16]  E3 64 6E 1C 53 60 EE 1B B5 18 6A 64 55 5D 00 00
2025-08-09T00:03:38.334866,94.957,"can1  206  [16]  00 63 28 1D 95 61 FA 1B 19 19 68 67 10 5F 00 00
  can1  206  [16]  F4 60 07 1D F2 63 25 1C FD 18 74 69 1F 5E 00 00"
2025-08-09T00:03:38.334866,94.957,"can1  206  [16]  CC 60 37 1C AF 62 9A 1C A2 18 31 68 72 5B 00 00
  can1  206  [16]  5F 62 25 1C BD 61 6E 1C A7 18 68 67 21 5B 00 00
  can1  002  [04]  E0 A5 01 00"
2025-08-09T00:03:38.547536,95.170,"can1  206  [16]  D8 62 3D 1C 6D 61 5C 1C BF 18 C9 63 C2 5B 00 00
  can1  206  [16]  A1 63 81 1C CC 60 C5 1B E9 18 42 64 A6 5D 00 00"
2025-08-09T00:03:38.554490,95.177,"can1  206  [16]  AF 62 2E 1D 0E 62 A7 1B E9 18 E3 64 61 5F 00 00
  can1  206  [16]  5F 62 28 1D AF 62 A7 1B 0B 19 FD 65 02 60 00 00"
2025-08-09T00:03:38.769166,95.392,"can1  206  [16]  87 62 2E 1D 28 63 A7 1B 1E 19 26 66 53 60 00 00
  can1  206  [16]  E6 61 2E 1D C9 63 A7 1B 01 19 9F 66 7B 60 00 00"
2025-08-09T00:03:38.777222,95.400,"can1  206  [16]  95 61 1A 1D E3 64 DD 1B 06 19 74 69 DA 5F 00 00
  can1  206  [16]  B2 5F 8E 1C C9 63 81 1C E9 18 FB 68 CE 5D 00 00"
2025-08-09T00:03:38.991410,95.614,"can1  206  [16]  7B 60 49 1C A3 60 75 1C 94 18 79 63 8C 5C 00 00
  can1  002  [04]  28 9A 01 00
  can1  206  [16]  00 63 75 1C CC 60 D1 1B C3 18 6A 64 1F 5E 00 00"
2025-08-09T00:03:38.991410,95.614,"can1  206  [16]  87 62 35 1D E6 61 A7 1B E5 18 E3 64 39 5F 00 00
  can1  206  [16]  5F 62 21 1D 5F 62 A2 1B E5 18 E3 64 B2 5F 00 00"
2025-08-09T00:03:38.991410,95.614,"can1  206  [16]  AF 62 2E 1D 00 63 A2 1B F3 18 E3 64 89 5F 00 00
  can1  206  [16]  AF 62 3B 1D 28 63 AD 1B 06 19 93 64 B2 5F 00 00"
2025-08-09T00:03:39.216129,95.839,"can1  206  [16]  5F 62 3B 1D A1 63 AD 1B 10 19 E3 64 DA 5F 00 00
  can1  206  [16]  0E 62 2E 1D F2 63 BF 1B 10 19 FD 65 02 60 00 00"
2025-08-09T00:03:39.229739,95.852,"can1  206  [16]  E6 61 14 1D 6A 64 BF 1B 1E 19 17 67 B2 5F 00 00
  can1  206  [16]  45 61 07 1D 42 64 FA 1B 06 19 23 69 E8 5E 00 00"
2025-08-09T00:03:39.420312,96.043,"can1  206  [16]  1C 61 43 1C AF 62 A7 1C C3 18 90 67 3B 5C 00 00
  can1  206  [16]  00 63 31 1C BD 61 8E 1C 99 18 90 67 EB 5B 00 00"
2025-08-09T00:03:39.420312,96.043,"can1  206  [16]  36 62 25 1C 6D 61 75 1C 94 18 C9 63 64 5C 00 00
  can1  206  [16]  1A 64 7B 1C 2B 60 DD 1B B5 18 79 63 CE 5D 00 00"
2025-08-09T00:03:39.641460,96.264,can1  206  [16]  79 63 1A 1D 45 61 B9 1B 06 19 26 66 89 5F 00 00
2025-08-09T00:03:39.641460,96.264,"can1  206  [16]  2B 60 14 1D F2 63 19 1C E5 18 82 68 47 5E 00 00
  can1  206  [16]  CC 60 5C 1C AF 62 9A 1C 99 18 68 67 EB 5B 00 00"
2025-08-09T00:03:39.864694,96.487,"can1  206  [16]  36 62 31 1C BD 61 6E 1C 8B 18 E1 67 13 5C 00 00
  can1  002  [04]  70 8E 01 00
  can1  206  [16]  AF 62 2B 1C 6D 61 50 1C 8B 18 C9 63 64 5C 00 00"
2025-08-09T00:03:39.864694,96.487,"can1  206  [16]  6A 64 6E 1C 53 60 BF 1B C8 18 6A 64 F6 5D 00 00
  can1  206  [16]  A1 63 21 1D 6D 61 B9 1B 2D 19 90 67 B2 5F 00 00"
2025-08-09T00:03:40.084940,96.708,"can1  206  [16]  53 60 14 1D A1 63 0C 1C 01 19 4C 69 E8 5E 00 00
  can1  206  [16]  A3 60 49 1C 36 62 9A 1C AC 18 E1 67 EB 5B 00 00"
2025-08-09T00:03:40.100710,96.723,"can1  206  [16]  87 62 2B 1C 45 61 87 1C 99 18 1A 64 64 5C 00 00
  can1  206  [16]  D5 65 75 1C 53 60 EE 1B C3 18 BB 64 47 5E 00 00"
2025-08-09T00:03:40.305799,96.928,can1  206  [16]  42 64 2E 1D 6D 61 EE 1B 28 19 B9 67 DA 5F 00 00
2025-08-09T00:03:40.310874,96.933,"can1  206  [16]  0E 62 28 1D 93 64 FA 1B 19 19 D3 68 89 5F 00 00
  can1  206  [16]  F4 60 ED 1C F2 63 56 1C 01 19 9C 69 6F 5E 00 00
  can1  206  [16]  1C 61 37 1C 0E 62 BA 1C A7 18 AA 68 C2 5B 00 00"
2025-08-09T00:03:40.314888,96.937,"can1  206  [16]  79 63 37 1C 1C 61 8E 1C 99 18 42 64 64 5C 00 00
  can1  206  [16]  D5 65 7B 1C 7B 60 E8 1B D2 18 E3 64 47 5E 00 00"
2025-08-09T00:03:40.529341,97.152,"can1  206  [16]  42 64 3B 1D BD 61 CB 1B E9 18 FD 65 39 5F 00 00
  can1  206  [16]  6A 64 2E 1D AF 62 C5 1B E9 18 26 66 89 5F 00 00"
2025-08-09T00:03:40.531365,97.154,"can1  206  [16]  42 64 35 1D D8 62 B3 1B FD 18 4E 66 02 60 00 00
  can1  206  [16]  F2 63 35 1D 00 63 C5 1B 06 19 FD 65 DA 5F 00 00"
2025-08-09T00:03:40.748629,97.371,can1  206  [16]  79 63 28 1D C9 63 D1 1B 15 19 26 66 B2 5F 00 00
2025-08-09T00:03:40.748629,97.371,"can1  206  [16]  5F 62 21 1D F2 63 DD 1B 01 19 C7 66 B2 5F 00 00
  can1  206  [16]  E6 61 28 1D 1A 64 D1 1B 01 19 68 67 DA 5F 00 00
  can1  206  [16]  BD 61 21 1D 6A 64 B9 1B 01 19 B9 67 B2 5F 00 00"
2025-08-09T00:03:40.976644,97.599,"can1  206  [16]  F4 60 07 1D 42 64 0C 1C E5 18 FB 68 89 5F 00 00
  can1  206  [16]  7B 60 50 1C 5F 62 A7 1C 94 18 E1 67 C2 5B 00 00"
2025-08-09T00:03:40.987882,97.610,"can1  206  [16]  28 63 43 1C 6D 61 68 1C 6F 18 F2 63 13 5C 00 00
  can1  206  [16]  E3 64 68 1C 53 60 DD 1B 99 18 1A 64 A6 5D 00 00"
2025-08-09T00:03:41.191460,97.814,"can1  002  [04]  28 9A 01 00
  can1  206  [16]  6A 64 1A 1D 6D 61 D1 1B 10 19 C7 66 39 5F 00 00"
2025-08-09T00:03:41.191460,97.814,"can1  206  [16]  45 61 21 1D BB 64 13 1C F8 18 FB 68 1F 5E 00 00
  can1  206  [16]  45 61 56 1C 28 63 94 1C B5 18 E1 67 72 5B 00 00"
2025-08-09T00:03:41.191460,97.814,"can1  206  [16]  D8 62 31 1C 36 62 6E 1C 94 18 90 67 F9 5A 00 00
  can1  206  [16]  28 63 25 1C 0E 62 62 1C 7D 18 17 67 A8 5A 00 00"
2025-08-09T00:03:41.412893,98.035,"can1  206  [16]  00 63 37 1C BD 61 62 1C 7D 18 4E 66 D1 5A 00 00
  can1  206  [16]  A1 63 37 1C 6D 61 3D 1C 7D 18 D8 62 9A 5B 00 00"
2025-08-09T00:03:41.412893,98.035,"can1  206  [16]  1A 64 87 1C 1C 61 A2 1B C8 18 F2 63 A6 5D 00 00
  can1  206  [16]  D8 62 49 1D D8 62 90 1B E0 18 93 64 C0 5E 00 00"
2025-08-09T00:03:41.633868,98.256,"can1  206  [16]  00 63 3B 1D 00 63 A2 1B E9 18 BB 64 98 5E 00 00
  can1  002  [04]  E0 A5 01 00
  can1  206  [16]  D8 62 35 1D 50 63 A7 1B F3 18 E3 64 10 5F 00 00"
2025-08-09T00:03:41.635882,98.258,"can1  206  [16]  E6 61 2E 1D C9 63 AD 1B 01 19 FD 65 39 5F 00 00
  can1  206  [16]  0E 62 1A 1D 1A 64 BF 1B 2D 19 9F 66 10 5F 00 00"
2025-08-09T00:03:41.854762,98.477,"can1  206  [16]  95 61 07 1D 6A 64 F4 1B FD 18 74 69 1F 5E 00 00
  can1  206  [16]  CC 60 5C 1C 28 63 9A 1C C8 18 82 68 49 5B 00 00"
2025-08-09T00:03:41.854762,98.477,"can1  206  [16]  36 62 37 1C 0E 62 81 1C A2 18 31 68 D1 5A 00 00
  can1  206  [16]  87 62 31 1C BD 61 6E 1C 8B 18 E1 67 D1 5A 00 00"
2025-08-09T00:03:42.061328,98.684,"can1  002  [04]  28 9A 01 00
  can1  206  [16]  00 63 2B 1C 45 61 49 1C 78 18 1A 64 72 5B 00 00
  can1  206  [16]  93 64 7B 1C 2B 60 D1 1B A7 18 6A 64 05 5D 00 00"
2025-08-09T00:03:42.061328,98.684,"can1  206  [16]  28 63 21 1D 6D 61 CB 1B 10 19 17 67 C0 5E 00 00
  can1  206  [16]  A3 60 0D 1D 1A 64 19 1C EE 18 23 69 CE 5D 00 00"
2025-08-09T00:03:42.302441,98.925,"can1  206  [16]  A3 60 43 1C AF 62 A7 1C 90 18 E1 67 F9 5A 00 00
  can1  206  [16]  36 62 31 1C E6 61 9A 1C 6B 18 68 67 D1 5A 00 00"
2025-08-09T00:03:42.302441,98.925,"can1  206  [16]  AF 62 37 1C 6D 61 81 1C 78 18 C9 63 49 5B 00 00
  can1  206  [16]  F2 63 7B 1C CC 60 DD 1B B0 18 6A 64 55 5D 00 00"
2025-08-09T00:03:42.505268,99.128,"can1  206  [16]  79 63 35 1D 0E 62 BF 1B DB 18 E3 64 C0 5E 00 00
  can1  206  [16]  28 63 21 1D AF 62 C5 1B D6 18 D5 65 89 5F 00 00"
2025-08-09T00:03:42.505268,99.128,"can1  206  [16]  28 63 35 1D 28 63 BF 1B E5 18 0C 65 02 60 00 00
  can1  206  [16]  00 63 3B 1D 79 63 C5 1B E9 18 4E 66 B2 5F 00 00"
2025-08-09T00:03:42.773958,99.397,"can1  206  [16]  0E 62 2E 1D 1A 64 D1 1B F3 18 C7 66 2B 60 00 00
  can1  206  [16]  BD 61 21 1D 6A 64 CB 1B FD 18 40 67 2B 60 00 00
  can1  206  [16]  6D 61 07 1D 93 64 F4 1B E9 18 4C 69 10 5F 00 00"
2025-08-09T00:03:42.773958,99.397,"can1  206  [16]  53 60 6E 1C 28 63 94 1C B5 18 E1 67 B4 5C 00 00
  can1  206  [16]  BD 61 3D 1C 5F 62 9A 1C 94 18 09 68 3B 5C 00 00"
2025-08-09T00:03:42.946414,99.569,can1  206  [16]  36 62 3D 1C E6 61 94 1C 94 18 09 68 EB 5B 00 00
2025-08-09T00:03:43.151948,99.775,"can1  206  [16]  D8 62 2B 1C 6D 61 75 1C 94 18 42 64 64 5C 00 00
  can1  206  [16]  42 64 75 1C 2B 60 F4 1B BF 18 42 64 1F 5E 00 00
  can1  206  [16]  00 63 21 1D 6D 61 E8 1B 2D 19 76 66 02 60 00 00
  can1  206  [16]  7B 60 1A 1D F2 63 2B 1C 06 19 D3 68 C0 5E 00 00"
2025-08-09T00:03:43.151948,99.775,"can1  206  [16]  1C 61 50 1C 87 62 AD 1C B0 18 68 67 EB 5B 00 00
  can1  206  [16]  36 62 31 1C 6D 61 7B 1C 94 18 79 63 3B 5C 00 00"
2025-08-09T00:03:43.151948,99.775,"can1  206  [16]  F2 63 75 1C 2B 60 EE 1B C3 18 42 64 A6 5D 00 00
  can1  206  [16]  79 63 1A 1D 6D 61 B9 1B 28 19 9F 66 B2 5F 00 00"
2025-08-09T00:03:43.374234,99.997,"can1  206  [16]  E6 61 2E 1D 6A 64 AD 1B 23 19 90 67 02 60 00 00
  can1  206  [16]  BD 61 07 1D BB 64 AD 1B 10 19 31 68 61 5F 00 00"
2025-08-09T00:03:43.596217,100.219,"can1  206  [16]  1C 61 D3 1C C9 63 1F 1C F8 18 D3 68 47 5E 00 00
  can1  206  [16]  F4 60 31 1C CC 60 6E 1C 8B 18 A1 63 13 5C 00 00"
2025-08-09T00:03:43.596217,100.219,"can1  206  [16]  F2 63 62 1C 39 5F 00 1C BF 18 A1 63 05 5D 00 00
  can1  206  [16]  79 63 F3 1C 53 60 B9 1B 19 19 4E 66 61 5F 00 00"
2025-08-09T00:03:43.596217,100.219,"can1  206  [16]  5F 62 3B 1D 79 63 A7 1B 19 19 B9 67 89 5F 00 00
  can1  206  [16]  BD 61 1A 1D F2 63 A7 1B F8 18 31 68 39 5F 00 00"
2025-08-09T00:03:43.820448,100.443,"can1  206  [16]  F4 60 FA 1C 28 63 F4 1B E0 18 9C 69 6F 5E 00 00
  can1  206  [16]  7B 60 43 1C 95 61 8E 1C 90 18 26 66 49 5B 00 00"
2025-08-09T00:03:43.820448,100.443,"can1  206  [16]  79 63 62 1C 39 5F 25 1C A7 18 C9 63 3B 5C 00 00
  can1  206  [16]  A1 63 CD 1C DA 5F B9 1B 06 19 FD 65 E8 5E 00 00"
2025-08-09T00:03:44.047066,100.670,can1  206  [16]  E6 61 5C 1D 5F 62 AD 1B 15 19 26 66 61 5F 00 00
2025-08-09T00:03:44.047066,100.670,"can1  206  [16]  95 61 21 1D F2 63 DD 1B 06 19 FB 68 C0 5E 00 00
  can1  206  [16]  02 60 87 1C AF 62 7B 1C D6 18 90 67 DC 5C 00 00
  can1  206  [16]  6D 61 56 1C 61 5F 5C 1C A2 18 5F 62 13 5C 00 00"
2025-08-09T00:03:44.262797,100.885,"can1  206  [16]  A1 63 8E 1C 61 5F BF 1B D2 18 C9 63 CE 5D 00 00
  can1  206  [16]  AF 62 42 1D CC 60 DD 1B 2D 19 17 67 61 5F 00 00"
2025-08-09T00:03:44.262797,100.885,can1  206  [16]  02 60 ED 1C 5F 62 31 1C 01 19 FB 68 F6 5D 00 00
2025-08-09T00:03:44.467684,101.090,"can1  206  [16]  CC 60 50 1C 53 60 6E 1C B0 18 F2 63 EB 5B 00 00
  can1  206  [16]  1A 64 62 1C 98 5E 0C 1C DB 18 A1 63 55 5D 00 00"
2025-08-09T00:03:44.467684,101.090,"can1  206  [16]  50 63 F3 1C 89 5F E8 1B 3C 19 76 66 61 5F 00 00
  can1  206  [16]  1C 61 21 1D 00 63 1F 1C 15 19 9C 69 98 5E 00 00
  can1  206  [16]  CC 60 6E 1C 87 62 D3 1C CD 18 D3 68 13 5C 00 00"
2025-08-09T00:03:44.685836,101.308,"can1  206  [16]  95 61 62 1C 10 5F 75 1C AC 18 79 63 8C 5C 00 00
  can1  206  [16]  79 63 9A 1C 61 5F E3 1B F3 18 D5 65 10 5F 00 00
  can1  206  [16]  A1 63 56 1D 95 61 0C 1C 23 19 AA 68 E8 5E 00 00"
2025-08-09T00:03:44.911031,101.534,"can1  206  [16]  95 61 CD 1C 0E 62 87 1C F8 18 FB 68 CE 5D 00 00
  can1  206  [16]  F4 60 3D 1C B2 5F 9A 1C 99 18 79 63 C2 5B 00 00"
2025-08-09T00:03:44.911031,101.534,"can1  206  [16]  C9 63 75 1C 10 5F E3 1B B5 18 1A 64 7E 5D 00 00
  can1  206  [16]  50 63 14 1D 2B 60 C5 1B 28 19 76 66 89 5F 00 00
  can1  206  [16]  45 61 1A 1D D8 62 13 1C 0B 19 74 69 98 5E 00 00"
2025-08-09T00:03:45.126853,101.749,can1  206  [16]  7B 60 56 1C 6D 61 9A 1C 90 18 D5 65 13 5C 00 00
2025-08-09T00:03:45.126853,101.749,"can1  206  [16]  79 63 5C 1C 10 5F 3D 1C A7 18 A1 63 55 5D 00 00
  can1  206  [16]  A1 63 BA 1C 2B 60 B9 1B 06 19 E3 64 B2 5F 00 00"
2025-08-09T00:03:45.373049,101.996,"can1  206  [16]  0E 62 56 1D 36 62 AD 1B 15 19 FD 65 1C 61 00 00
  can1  206  [16]  0E 62 2E 1D 00 63 AD 1B 19 19 90 67 1C 61 00 00"
2025-08-09T00:03:45.373049,101.996,"can1  206  [16]  6D 61 0D 1D A1 63 E3 1B 0B 19 9C 69 53 60 00 00
  can1  206  [16]  2B 60 6E 1C 5F 62 94 1C CD 18 82 68 7E 5D 00 00"
2025-08-09T00:03:45.579915,102.202,"can1  206  [16]  AF 62 37 1C 6D 61 87 1C 8B 18 0C 65 3B 5C 00 00
  can1  206  [16]  D5 65 68 1C 89 5F 19 1C B0 18 C9 63 05 5D 00 00"
2025-08-09T00:03:45.579915,102.202,"can1  206  [16]  F2 63 E0 1C 1C 61 C5 1B 15 19 D5 65 B2 5F 00 00
  can1  206  [16]  6D 61 21 1D 1A 64 EE 1B 1E 19 74 69 E8 5E 00 00
  can1  206  [16]  53 60 81 1C 79 63 8E 1C D6 18 82 68 B4 5C 00 00"
2025-08-09T00:03:45.793040,102.416,"can1  206  [16]  AF 62 50 1C D8 62 87 1C AC 18 5A 68 13 5C 00 00
  can1  206  [16]  79 63 31 1C AF 62 75 1C 9E 18 AA 68 EB 5B 00 00"
2025-08-09T00:03:45.793040,102.416,"can1  206  [16]  A1 63 25 1C 0E 62 6E 1C 94 18 31 68 9A 5B 00 00
  can1  206  [16]  1A 64 2B 1C BD 61 7B 1C 8B 18 68 67 9A 5B 00 00"
2025-08-09T00:03:45.996767,102.619,"can1  206  [16]  1A 64 25 1C 95 61 62 1C 8B 18 C9 63 64 5C 00 00
  can1  206  [16]  42 64 6E 1C 7B 60 B9 1B BA 18 E3 64 F6 5D 00 00
  can1  206  [16]  00 63 28 1D E6 61 9C 1B E0 18 D5 65 E8 5E 00 00"
2025-08-09T00:03:46.002578,102.625,"can1  206  [16]  93 64 2E 1D AF 62 96 1B D6 18 0C 65 39 5F 00 00
  can1  206  [16]  42 64 2E 1D D8 62 96 1B E0 18 BB 64 89 5F 00 00"
2025-08-09T00:03:46.223473,102.846,"can1  206  [16]  79 63 42 1D 28 63 9C 1B F3 18 4E 66 89 5F 00 00
  can1  206  [16]  79 63 35 1D F2 63 A7 1B EE 18 9F 66 B2 5F 00 00"
2025-08-09T00:03:46.223473,102.846,"can1  206  [16]  50 63 2E 1D 1A 64 B3 1B 01 19 17 67 02 60 00 00
  can1  206  [16]  5F 62 3B 1D 6A 64 DD 1B 10 19 68 67 B2 5F 00 00"
2025-08-09T00:03:46.442063,103.065,can1  206  [16]  5F 62 21 1D BB 64 EE 1B 10 19 90 67 DA 5F 00 00
2025-08-09T00:03:46.442063,103.065,"can1  206  [16]  6D 61 00 1D 6A 64 25 1C F8 18 23 69 C0 5E 00 00
  can1  206  [16]  BD 61 C7 1C 42 64 49 1C E9 18 23 69 47 5E 00 00
  can1  206  [16]  87 62 AD 1C F2 63 5C 1C E5 18 FB 68 CE 5D 00 00"
2025-08-09T00:03:46.663497,103.286,"can1  206  [16]  E6 61 87 1C F2 63 6E 1C DB 18 FB 68 CE 5D 00 00
  can1  206  [16]  45 61 3D 1C 45 61 8E 1C 8B 18 F2 63 EB 5B 00 00"
2025-08-09T00:03:46.663497,103.286,"can1  206  [16]  1A 64 6E 1C 02 60 0C 1C C8 18 42 64 55 5D 00 00
  can1  206  [16]  00 63 00 1D 6D 61 E8 1B 45 19 4E 66 02 60 00 00"
2025-08-09T00:03:46.894308,103.517,"can1  206  [16]  BD 61 28 1D 6A 64 E3 1B 2D 19 90 67 DA 5F 00 00
  can1  206  [16]  E6 61 1A 1D BB 64 E3 1B 1E 19 E1 67 89 5F 00 00"
2025-08-09T00:03:46.900842,103.523,"can1  206  [16]  36 62 1A 1D 0C 65 E8 1B 06 19 FB 68 B2 5F 00 00
  can1  206  [16]  BD 61 07 1D BB 64 EE 1B 01 19 23 69 B2 5F 00 00"
2025-08-09T00:03:46.900842,103.523,"can1  206  [16]  95 61 BA 1C C9 63 62 1C F3 18 23 69 98 5E 00 00
  can1  206  [16]  E6 61 7B 1C C9 63 8E 1C D6 18 FB 68 7E 5D 00 00"
2025-08-09T00:03:47.091939,103.715,can1  206  [16]  5F 62 62 1C C9 63 9A 1C C8 18 FB 68 05 5D 00 00
2025-08-09T00:03:47.315587,103.938,"can1  206  [16]  5F 62 49 1C 79 63 9A 1C BF 18 AA 68 05 5D 00 00
  can1  206  [16]  87 62 3D 1C 28 63 87 1C AC 18 82 68 B4 5C 00 00
  can1  206  [16]  50 63 31 1C D8 62 7B 1C A7 18 82 68 B4 5C 00 00
  can1  206  [16]  00 63 2B 1C 87 62 6E 1C 94 18 5A 68 64 5C 00 00"
2025-08-09T00:03:47.315587,103.938,"can1  206  [16]  C9 63 25 1C 36 62 68 1C 8B 18 31 68 EB 5B 00 00
  can1  206  [16]  F2 63 2B 1C E6 61 68 1C 7D 18 B9 67 EB 5B 00 00"
2025-08-09T00:03:47.533203,104.156,"can1  206  [16]  6A 64 37 1C 6D 61 50 1C 90 18 C9 63 8C 5C 00 00
  can1  206  [16]  AD 65 81 1C A3 60 BF 1B CD 18 BB 64 47 5E 00 00"
2025-08-09T00:03:47.535215,104.158,"can1  206  [16]  79 63 42 1D 0E 62 9C 1B E5 18 FD 65 61 5F 00 00
  can1  206  [16]  C9 63 21 1D AF 62 9C 1B EE 18 FD 65 39 5F 00 00"
2025-08-09T00:03:47.755929,104.379,"can1  206  [16]  D8 62 2E 1D 28 63 AD 1B 01 19 4E 66 89 5F 00 00
  can1  206  [16]  D8 62 3B 1D 79 63 B3 1B 0B 19 C7 66 B2 5F 00 00"
2025-08-09T00:03:47.755929,104.379,can1  206  [16]  E6 61 42 1D F2 63 B9 1B 15 19 68 67 02 60 00 00
2025-08-09T00:03:47.977810,104.600,"can1  206  [16]  E6 61 2E 1D 1A 64 B9 1B 23 19 90 67 B2 5F 00 00
  can1  206  [16]  BD 61 28 1D 6A 64 CB 1B 1E 19 68 67 89 5F 00 00
  can1  206  [16]  45 61 07 1D A1 63 13 1C 0B 19 9C 69 C0 5E 00 00
  can1  206  [16]  A3 60 56 1C E6 61 B3 1C C3 18 23 69 EB 5B 00 00"
2025-08-09T00:03:47.977810,104.600,"can1  206  [16]  BD 61 2B 1C 1C 61 8E 1C AC 18 26 66 C2 5B 00 00
  can1  206  [16]  6A 64 68 1C 39 5F 13 1C E0 18 D5 65 55 5D 00 00"
2025-08-09T00:03:48.218757,104.841,"can1  206  [16]  28 63 21 1D A3 60 E3 1B 37 19 17 67 B2 5F 00 00
  can1  206  [16]  F4 60 21 1D 28 63 19 1C 10 19 66 6A 98 5E 00 00"
2025-08-09T00:03:48.218757,104.841,can1  206  [16]  7B 60 50 1C E6 61 B3 1C BA 18 D3 68 64 5C 00 00
2025-08-09T00:03:48.218757,104.841,"can1  206  [16]  E6 61 3D 1C 1C 61 87 1C 90 18 D5 65 13 5C 00 00
  can1  206  [16]  6A 64 75 1C 39 5F 0C 1C B0 18 6A 64 7E 5D 00 00"
2025-08-09T00:03:48.428162,105.051,"can1  206  [16]  28 63 0D 1D 53 60 EE 1B 28 19 EF 66 B2 5F 00 00
  can1  206  [16]  1C 61 21 1D 79 63 19 1C 0B 19 ED 69 C0 5E 00 00"
2025-08-09T00:03:48.428162,105.051,"can1  206  [16]  A3 60 62 1C 0E 62 BA 1C C3 18 D3 68 13 5C 00 00
  can1  206  [16]  5F 62 2B 1C 1C 61 81 1C AC 18 E3 64 13 5C 00 00"
2025-08-09T00:03:48.643754,105.266,"can1  206  [16]  D5 65 6E 1C 39 5F FA 1B E0 18 BB 64 2D 5D 00 00
  can1  206  [16]  6A 64 14 1D 7B 60 D1 1B 2D 19 40 67 B2 5F 00 00"
2025-08-09T00:03:48.647779,105.270,"can1  206  [16]  5F 62 3B 1D C9 63 D1 1B 4A 19 AA 68 B2 5F 00 00
  can1  206  [16]  95 61 0D 1D 50 63 0C 1C 2D 19 8E 6A 10 5F 00 00"
2025-08-09T00:03:48.866786,105.489,"can1  206  [16]  45 61 50 1C BD 61 9A 1C BA 18 FB 68 13 5C 00 00
  can1  206  [16]  D8 62 2B 1C F4 60 68 1C 94 18 BB 64 13 5C 00 00"
2025-08-09T00:03:48.866786,105.489,"can1  206  [16]  D5 65 75 1C 61 5F E3 1B BA 18 E3 64 CE 5D 00 00
  can1  206  [16]  A1 63 21 1D 53 60 CB 1B 23 19 90 67 2B 60 00 00"
2025-08-09T00:03:49.092352,105.715,"can1  206  [16]  1C 61 21 1D 28 63 06 1C 06 19 3D 6A 10 5F 00 00
  can1  206  [16]  53 60 56 1C BD 61 9A 1C BA 18 FB 68 B4 5C 00 00"
2025-08-09T00:03:49.092352,105.715,"can1  206  [16]  95 61 6E 1C 10 5F 3D 1C B5 18 93 64 2D 5D 00 00
  can1  206  [16]  A1 63 BA 1C 53 60 D7 1B 01 19 76 66 DA 5F 00 00
  can1  206  [16]  E6 61 56 1D AF 62 D1 1B 15 19 68 67 53 60 00 00"
2025-08-09T00:03:49.295516,105.918,can1  206  [16]  BD 61 3B 1D 79 63 DD 1B 19 19 68 67 02 60 00 00
2025-08-09T00:03:49.295516,105.918,"can1  206  [16]  95 61 21 1D C9 63 19 1C 15 19 74 69 39 5F 00 00
  can1  206  [16]  7B 60 75 1C 5F 62 C7 1C D6 18 82 68 B4 5C 00 00"
2025-08-09T00:03:49.514901,106.137,"can1  206  [16]  0E 62 3D 1C 95 61 A7 1C 8B 18 76 66 C2 5B 00 00
  can1  206  [16]  FD 65 6E 1C 10 5F 25 1C AC 18 BB 64 B4 5C 00 00"
2025-08-09T00:03:49.516915,106.139,"can1  206  [16]  93 64 E7 1C 53 60 C5 1B 10 19 C7 66 89 5F 00 00
  can1  206  [16]  AF 62 4F 1D AF 62 AD 1B 0B 19 5A 68 B2 5F 00 00"
2025-08-09T00:03:49.736118,106.359,"can1  206  [16]  00 63 28 1D D8 62 CB 1B 06 19 D3 68 B2 5F 00 00
  can1  206  [16]  AF 62 21 1D 28 63 E3 1B 06 19 4C 69 B2 5F 00 00"
2025-08-09T00:03:49.736118,106.359,"can1  206  [16]  5F 62 1A 1D 79 63 E3 1B 0B 19 74 69 B2 5F 00 00
  can1  206  [16]  0E 62 0D 1D A1 63 E3 1B 0B 19 ED 69 61 5F 00 00"
2025-08-09T00:03:49.959333,106.582,"can1  206  [16]  BD 61 0D 1D A1 63 E8 1B 01 19 15 6A 61 5F 00 00
  can1  206  [16]  36 62 07 1D 79 63 EE 1B 01 19 8E 6A 39 5F 00 00"
2025-08-09T00:03:49.959333,106.582,"can1  206  [16]  0E 62 FA 1C 28 63 F4 1B F8 18 66 6A 61 5F 00 00
  can1  206  [16]  F4 60 87 1C 36 62 68 1C DB 18 4C 69 7E 5D 00 00"
2025-08-09T00:03:49.959333,106.582,"can1  206  [16]  6D 61 56 1C E8 5E 56 1C 9E 18 42 64 8C 5C 00 00
  can1  206  [16]  42 64 7B 1C E8 5E B3 1B CD 18 FD 65 6F 5E 00 00"
2025-08-09T00:03:50.180069,106.803,"can1  206  [16]  A1 63 42 1D A3 60 B9 1B 28 19 D3 68 89 5F 00 00
  can1  206  [16]  F4 60 00 1D 36 62 25 1C F8 18 3D 6A 6F 5E 00 00"
2025-08-09T00:03:50.180069,106.803,"can1  206  [16]  1C 61 43 1C 7B 60 75 1C 8B 18 D5 65 C2 5B 00 00
  can1  206  [16]  42 64 75 1C 10 5F 06 1C AC 18 BB 64 DC 5C 00 00"
2025-08-09T00:03:50.412532,107.035,"can1  206  [16]  C9 63 F3 1C 53 60 CB 1B 28 19 26 66 DA 5F 00 00
  can1  206  [16]  BD 61 42 1D 28 63 BF 1B 19 19 B9 67 DA 5F 00 00"
2025-08-09T00:03:50.412532,107.035,"can1  206  [16]  6D 61 0D 1D 79 63 F4 1B 01 19 3D 6A 39 5F 00 00
  can1  206  [16]  6D 61 5C 1C 0E 62 B3 1C B0 18 FB 68 B4 5C 00 00"
2025-08-09T00:03:50.621817,107.244,"can1  206  [16]  87 62 3D 1C 1C 61 8E 1C 82 18 FD 65 C2 5B 00 00
  can1  206  [16]  FD 65 68 1C 39 5F 1F 1C A7 18 BB 64 DC 5C 00 00"
2025-08-09T00:03:50.621817,107.244,"can1  206  [16]  6A 64 FA 1C A3 60 D1 1B 19 19 17 67 89 5F 00 00
  can1  206  [16]  5F 62 2E 1D C9 63 D7 1B 1E 19 AA 68 61 5F 00 00"
2025-08-09T00:03:50.842894,107.465,"can1  206  [16]  BD 61 1A 1D 6A 64 D7 1B 19 19 D3 68 39 5F 00 00
  can1  206  [16]  CC 60 F3 1C C9 63 1F 1C 10 19 15 6A 6F 5E 00 00"
2025-08-09T00:03:50.842894,107.465,can1  206  [16]  CC 60 43 1C BD 61 9A 1C AC 18 AA 68 C2 5B 00 00
2025-08-09T00:03:51.084633,107.707,"can1  206  [16]  0E 62 25 1C 7B 60 5C 1C 94 18 6A 64 EB 5B 00 00
  can1  206  [16]  42 64 75 1C 89 5F C5 1B BA 18 BB 64 2D 5D 00 00
  can1  206  [16]  50 63 21 1D 45 61 AD 1B 19 19 68 67 89 5F 00 00"
2025-08-09T00:03:51.084633,107.707,"can1  206  [16]  1C 61 1A 1D 79 63 00 1C 10 19 C4 69 47 5E 00 00
  can1  206  [16]  45 61 49 1C BD 61 94 1C 8B 18 AA 68 9A 5B 00 00"
2025-08-09T00:03:51.287366,107.910,"can1  206  [16]  87 62 2B 1C F4 60 5C 1C 74 18 BB 64 C2 5B 00 00
  can1  206  [16]  0C 65 6E 1C B2 5F CB 1B 9E 18 D5 65 CE 5D 00 00"
2025-08-09T00:03:51.287366,107.910,"can1  206  [16]  1A 64 21 1D A3 60 BF 1B 06 19 68 67 61 5F 00 00
  can1  206  [16]  95 61 07 1D 28 63 00 1C E9 18 C4 69 6F 5E 00 00"
2025-08-09T00:03:51.531719,108.154,"can1  206  [16]  AF 62 C0 1C D8 62 2B 1C D6 18 C4 69 47 5E 00 00
  can1  206  [16]  42 64 9A 1C D8 62 2B 1C D6 18 74 69 47 5E 00 00"
2025-08-09T00:03:51.531719,108.154,"can1  206  [16]  D8 62 94 1C D8 62 37 1C C8 18 74 69 DC 5C 00 00
  can1  206  [16]  36 62 7B 1C D8 62 43 1C BF 18 4C 69 05 5D 00 00"
2025-08-09T00:03:51.533210,108.156,"can1  206  [16]  36 62 5C 1C D8 62 49 1C AC 18 AA 68 55 5D 00 00
  can1  206  [16]  36 62 49 1C 5F 62 5C 1C B0 18 5A 68 8C 5C 00 00"
2025-08-09T00:03:51.730426,108.353,can1  206  [16]  5F 62 37 1C E6 61 6E 1C B0 18 09 68 64 5C 00 00
2025-08-09T00:03:51.734313,108.357,"can1  206  [16]  AF 62 2B 1C 95 61 6E 1C 8B 18 0C 65 EB 5B 00 00
  can1  206  [16]  E3 64 62 1C 10 5F 0C 1C AC 18 1A 64 DC 5C 00 00"
2025-08-09T00:03:51.943286,108.566,"can1  206  [16]  6A 64 ED 1C 02 60 C5 1B 15 19 26 66 10 5F 00 00
  can1  206  [16]  C9 63 49 1D D8 62 C5 1B 19 19 90 67 39 5F 00 00"
2025-08-09T00:03:51.943286,108.566,"can1  206  [16]  D8 62 21 1D 28 63 CB 1B 19 19 5A 68 10 5F 00 00
  can1  206  [16]  00 63 14 1D 79 63 CB 1B 15 19 AA 68 C0 5E 00 00"
2025-08-09T00:03:52.158142,108.781,"can1  206  [16]  50 63 1A 1D A1 63 C5 1B F8 18 FB 68 C0 5E 00 00
  can1  206  [16]  E6 61 00 1D C9 63 C5 1B E9 18 FB 68 C0 5E 00 00"
2025-08-09T00:03:52.158142,108.781,"can1  206  [16]  5F 62 00 1D A1 63 D1 1B E5 18 23 69 6F 5E 00 00
  can1  206  [16]  BD 61 FA 1C 79 63 D1 1B E9 18 23 69 47 5E 00 00"
2025-08-09T00:03:52.380238,109.003,"can1  206  [16]  5F 62 ED 1C 79 63 DD 1B E0 18 9C 69 6F 5E 00 00
  can1  206  [16]  00 63 E7 1C 50 63 E8 1B E5 18 74 69 47 5E 00 00"
2025-08-09T00:03:52.386263,109.009,"can1  206  [16]  AF 62 E0 1C 28 63 00 1C E0 18 4C 69 98 5E 00 00
  can1  206  [16]  0E 62 E0 1C 28 63 0C 1C DB 18 4C 69 47 5E 00 00
  can1  206  [16]  6D 61 49 1C 6D 61 8E 1C 99 18 E3 64 21 5B 00 00"
2025-08-09T00:03:52.604581,109.227,can1  206  [16]  79 63 50 1C E8 5E 3D 1C BF 18 79 63 64 5C 00 00
2025-08-09T00:03:52.604581,109.227,"can1  206  [16]  C9 63 BA 1C 89 5F BF 1B 23 19 BB 64 C0 5E 00 00
  can1  206  [16]  36 62 4F 1D 0E 62 B9 1B 0B 19 4E 66 39 5F 00 00"
2025-08-09T00:03:52.810142,109.433,"can1  206  [16]  36 62 21 1D 87 62 BF 1B 15 19 FD 65 89 5F 00 00
  can1  206  [16]  95 61 00 1D 50 63 FA 1B 15 19 82 68 C0 5E 00 00"
2025-08-09T00:03:52.811587,109.434,"can1  206  [16]  53 60 6E 1C 5F 62 9A 1C F3 18 B9 67 64 5C 00 00
  can1  206  [16]  E6 61 43 1C 95 61 94 1C AC 18 BB 64 49 5B 00 00
  can1  206  [16]  93 64 62 1C 10 5F 25 1C D6 18 79 63 64 5C 00 00"
2025-08-09T00:03:53.030789,109.653,can1  206  [16]  6A 64 D3 1C 2B 60 D1 1B 3C 19 0C 65 C0 5E 00 00
2025-08-09T00:03:53.030789,109.653,"can1  206  [16]  95 61 21 1D 28 63 F4 1B 3C 19 FB 68 1F 5E 00 00
  can1  206  [16]  6D 61 7B 1C 0E 62 94 1C F8 18 31 68 13 5C 00 00"
2025-08-09T00:03:53.251315,109.874,"can1  206  [16]  0E 62 43 1C 6D 61 81 1C 86 18 93 64 72 5B 00 00
  can1  206  [16]  93 64 68 1C 98 5E 1F 1C A7 18 A1 63 8C 5C 00 00
  can1  206  [16]  42 64 E0 1C B2 5F CB 1B 0B 19 E3 64 DA 5F 00 00"
2025-08-09T00:03:53.251315,109.874,"can1  206  [16]  00 63 42 1D AF 62 CB 1B 15 19 17 67 DA 5F 00 00
  can1  206  [16]  D8 62 21 1D 28 63 CB 1B 10 19 B9 67 DA 5F 00 00"
2025-08-09T00:03:53.473146,110.096,"can1  206  [16]  95 61 07 1D 28 63 13 1C FD 18 74 69 C0 5E 00 00
  can1  206  [16]  45 61 5C 1C BD 61 C7 1C BA 18 E1 67 64 5C 00 00"
2025-08-09T00:03:53.473146,110.096,"can1  206  [16]  87 62 25 1C F4 60 87 1C 86 18 6A 64 EB 5B 00 00
  can1  206  [16]  93 64 75 1C 89 5F 00 1C B5 18 42 64 A6 5D 00 00"
2025-08-09T00:03:53.696224,110.319,"can1  206  [16]  F2 63 1A 1D CC 60 DD 1B 1E 19 C7 66 7B 60 00 00
  can1  206  [16]  45 61 1A 1D A1 63 1F 1C 19 19 9C 69 39 5F 00 00"
2025-08-09T00:03:53.696224,110.319,"can1  206  [16]  A3 60 5C 1C 36 62 CD 1C E0 18 5A 68 DC 5C 00 00
  can1  206  [16]  28 63 2B 1C 6D 61 A7 1C AC 18 6A 64 64 5C 00 00"
2025-08-09T00:03:53.917058,110.540,"can1  206  [16]  0C 65 62 1C 61 5F 19 1C C3 18 E3 64 CE 5D 00 00
  can1  206  [16]  42 64 00 1D CC 60 E3 1B 23 19 17 67 DA 5F 00 00"
2025-08-09T00:03:53.931559,110.554,"can1  206  [16]  0E 62 35 1D 50 63 E3 1B 19 19 D3 68 B2 5F 00 00
  can1  206  [16]  5F 62 1A 1D 79 63 E8 1B 15 19 23 69 89 5F 00 00"
2025-08-09T00:03:53.931559,110.554,"can1  206  [16]  E6 61 07 1D C9 63 E3 1B 10 19 74 69 B2 5F 00 00
  can1  206  [16]  1C 61 D3 1C D8 62 50 1C F8 18 ED 69 98 5E 00 00"
2025-08-09T00:03:54.122799,110.745,"can1  206  [16]  36 62 94 1C 00 63 62 1C E5 18 C4 69 CE 5D 00 00
  can1  206  [16]  00 63 75 1C 00 63 7B 1C D6 18 23 69 55 5D 00 00"
2025-08-09T00:03:54.122799,110.745,"can1  206  [16]  79 63 62 1C 28 63 94 1C C3 18 74 69 DC 5C 00 00
  can1  206  [16]  D8 62 50 1C D8 62 9A 1C B5 18 74 69 8C 5C 00 00"
2025-08-09T00:03:54.351482,110.974,"can1  206  [16]  87 62 3D 1C 87 62 9A 1C AC 18 23 69 64 5C 00 00
  can1  206  [16]  28 63 37 1C 36 62 8E 1C 9E 18 23 69 3B 5C 00 00"
2025-08-09T00:03:54.568532,111.191,"can1  206  [16]  6A 64 1F 1C 95 61 87 1C 82 18 26 66 49 5B 00 00
  can1  206  [16]  9F 66 5C 1C 61 5F 19 1C AC 18 93 64 64 5C 00 00"
2025-08-09T00:03:54.568532,111.191,"can1  206  [16]  93 64 00 1D 7B 60 E3 1B 15 19 17 67 39 5F 00 00
  can1  206  [16]  0E 62 28 1D C9 63 E3 1B 19 19 AA 68 10 5F 00 00"
2025-08-09T00:03:54.574537,111.197,"can1  206  [16]  5F 62 07 1D 42 64 DD 1B 10 19 FB 68 10 5F 00 00
  can1  206  [16]  87 62 00 1D 42 64 D7 1B 10 19 74 69 C0 5E 00 00"
2025-08-09T00:03:54.792794,111.415,"can1  206  [16]  E6 61 F3 1C 6A 64 D1 1B 06 19 ED 69 C0 5E 00 00
  can1  206  [16]  0E 62 FA 1C 6A 64 DD 1B 06 19 3D 6A C0 5E 00 00"
2025-08-09T00:03:54.792794,111.415,"can1  206  [16]  F4 60 A7 1C 28 63 62 1C EE 18 ED 69 55 5D 00 00
  can1  206  [16]  D8 62 68 1C A1 63 81 1C C8 18 9C 69 64 5C 00 00"
2025-08-09T00:03:55.010875,111.633,"can1  206  [16]  E6 61 5C 1C C9 63 8E 1C BA 18 74 69 EB 5B 00 00
  can1  206  [16]  BD 61 3D 1C D8 62 9A 1C A7 18 23 69 EB 5B 00 00"
2025-08-09T00:03:55.012888,111.635,"can1  206  [16]  36 62 3D 1C D8 62 94 1C A7 18 23 69 9A 5B 00 00
  can1  206  [16]  36 62 2B 1C E6 61 75 1C 99 18 23 69 72 5B 00 00"
2025-08-09T00:03:55.222902,111.845,"can1  206  [16]  36 62 25 1C 45 61 62 1C 86 18 0C 65 9A 5B 00 00
  can1  206  [16]  42 64 68 1C 53 60 DD 1B B0 18 0C 65 05 5D 00 00"
2025-08-09T00:03:55.222902,111.845,"can1  206  [16]  F2 63 0D 1D 6D 61 B3 1B 19 19 B9 67 61 5F 00 00
  can1  206  [16]  1C 61 1A 1D 42 64 FA 1B 01 19 66 6A 47 5E 00 00"
2025-08-09T00:03:55.441381,112.064,"can1  206  [16]  1C 61 56 1C 00 63 9A 1C BA 18 FB 68 72 5B 00 00
  can1  206  [16]  E6 61 2B 1C 0E 62 75 1C 94 18 D3 68 21 5B 00 00"
2025-08-09T00:03:55.441381,112.064,"can1  206  [16]  00 63 31 1C 95 61 56 1C B0 18 E3 64 13 5C 00 00
  can1  206  [16]  6A 64 7B 1C 7B 60 D1 1B C3 18 E3 64 1F 5E 00 00"
2025-08-09T00:03:55.661343,112.284,"can1  206  [16]  A1 63 2E 1D 0E 62 B3 1B DB 18 4E 66 E8 5E 00 00
  can1  206  [16]  50 63 28 1D AF 62 A7 1B E5 18 4E 66 10 5F 00 00"
2025-08-09T00:03:55.663359,112.286,"can1  206  [16]  50 63 21 1D AF 62 A7 1B E9 18 76 66 61 5F 00 00
  can1  206  [16]  D8 62 28 1D 50 63 AD 1B F8 18 76 66 B2 5F 00 00"
2025-08-09T00:03:55.900424,112.523,"can1  206  [16]  5F 62 2E 1D 79 63 A7 1B 06 19 EF 66 02 60 00 00
  can1  206  [16]  36 62 21 1D A1 63 A2 1B 10 19 40 67 2B 60 00 00"
2025-08-09T00:03:55.900424,112.523,"can1  206  [16]  5F 62 28 1D F2 63 A7 1B 10 19 E1 67 DA 5F 00 00
  can1  206  [16]  0E 62 1A 1D 6A 64 A7 1B 19 19 31 68 B2 5F 00 00"
2025-08-09T00:03:55.900424,112.523,"can1  206  [16]  45 61 FA 1C 93 64 E3 1B 06 19 15 6A E8 5E 00 00
  can1  206  [16]  A3 60 49 1C 28 63 81 1C BF 18 82 68 64 5C 00 00"
2025-08-09T00:03:56.092290,112.715,"can1  206  [16]  E6 61 2B 1C 0E 62 75 1C 9E 18 31 68 C2 5B 00 00
  can1  206  [16]  D8 62 2B 1C BD 61 5C 1C 78 18 09 68 C2 5B 00 00"
2025-08-09T00:03:56.092290,112.715,"can1  206  [16]  D8 62 25 1C 6D 61 3D 1C 74 18 6A 64 64 5C 00 00
  can1  206  [16]  1A 64 68 1C 7B 60 B3 1B C8 18 0C 65 F6 5D 00 00"
2025-08-09T00:03:56.317413,112.940,"can1  206  [16]  A1 63 2E 1D E6 61 96 1B C3 18 26 66 10 5F 00 00
  can1  206  [16]  42 64 1A 1D AF 62 90 1B CD 18 FD 65 89 5F 00 00"
2025-08-09T00:03:56.317413,112.940,"can1  206  [16]  1A 64 1A 1D 50 63 90 1B D6 18 FD 65 B2 5F 00 00
  can1  206  [16]  C9 63 2E 1D C9 63 A2 1B E0 18 EF 66 61 5F 00 00"
2025-08-09T00:03:56.532515,113.155,"can1  206  [16]  6A 64 2E 1D C9 63 AD 1B E0 18 68 67 89 5F 00 00
  can1  206  [16]  D8 62 28 1D 42 64 B9 1B F3 18 90 67 39 5F 00 00"
2025-08-09T00:03:56.534865,113.157,"can1  206  [16]  D8 62 21 1D 6A 64 CB 1B 01 19 B9 67 61 5F 00 00
  can1  206  [16]  00 63 07 1D 6A 64 E8 1B FD 18 31 68 61 5F 00 00"
2025-08-09T00:03:56.754235,113.377,"can1  206  [16]  AF 62 0D 1D 93 64 EE 1B 19 19 D3 68 39 5F 00 00
  can1  206  [16]  E6 61 07 1D E3 64 F4 1B 15 19 FB 68 E8 5E 00 00"
2025-08-09T00:03:56.756249,113.379,"can1  206  [16]  36 62 07 1D FD 65 EE 1B F3 18 4C 69 C0 5E 00 00
  can1  206  [16]  0E 62 F3 1C D5 65 DD 1B EE 18 74 69 C0 5E 00 00"
2025-08-09T00:03:56.975789,113.598,"can1  206  [16]  CC 60 B3 1C 42 64 62 1C D6 18 23 69 7E 5D 00 00
  can1  206  [16]  1C 61 2B 1C BD 61 81 1C 8B 18 90 67 F9 5A 00 00"
2025-08-09T00:03:56.975789,113.598,"can1  206  [16]  50 63 25 1C 1C 61 43 1C A7 18 1A 64 B4 5C 00 00
  can1  206  [16]  A1 63 7B 1C 1C 61 AD 1B F3 18 FD 65 10 5F 00 00"
2025-08-09T00:03:57.197558,113.820,"can1  206  [16]  AF 62 2E 1D 00 63 A7 1B 01 19 76 66 B2 5F 00 00
  can1  206  [16]  00 63 1A 1D C9 63 9C 1B 0B 19 EF 66 89 5F 00 00"
2025-08-09T00:03:57.199570,113.822,"can1  206  [16]  79 63 14 1D 93 64 A2 1B 0B 19 40 67 02 60 00 00
  can1  206  [16]  5F 62 07 1D 6A 64 AD 1B 10 19 B9 67 02 60 00 00"
2025-08-09T00:03:57.404672,114.027,"can1  206  [16]  BD 61 07 1D C9 63 AD 1B 19 19 31 68 02 60 00 00
  can1  206  [16]  1C 61 ED 1C 79 63 00 1C 06 19 3D 6A 10 5F 00 00"
2025-08-09T00:03:57.405672,114.028,"can1  206  [16]  CC 60 49 1C 0E 62 A0 1C BF 18 82 68 8C 5C 00 00
  can1  206  [16]  0E 62 1F 1C CC 60 75 1C 90 18 1A 64 3B 5C 00 00"
2025-08-09T00:03:57.652655,114.275,"can1  206  [16]  6A 64 56 1C 39 5F E8 1B B0 18 6A 64 CE 5D 00 00
  can1  206  [16]  A1 63 FA 1C 53 60 CB 1B 1E 19 26 66 DA 5F 00 00"
2025-08-09T00:03:57.653654,114.276,"can1  206  [16]  1C 61 00 1D 28 63 00 1C 06 19 FB 68 E8 5E 00 00
  can1  206  [16]  7B 60 3D 1C 36 62 A7 1C B5 18 E1 67 64 5C 00 00"
2025-08-09T00:03:57.849513,114.472,"can1  206  [16]  BD 61 13 1C 1C 61 7B 1C 90 18 6A 64 13 5C 00 00
  can1  206  [16]  42 64 5C 1C C0 5E 0C 1C B5 18 6A 64 7E 5D 00 00"
2025-08-09T00:03:57.849513,114.472,"can1  206  [16]  79 63 F3 1C 2B 60 EE 1B 23 19 76 66 DA 5F 00 00
  can1  206  [16]  45 61 07 1D 28 63 2B 1C 01 19 FB 68 E8 5E 00 00"
2025-08-09T00:03:58.060706,114.683,"can1  206  [16]  A3 60 49 1C BD 61 D3 1C C3 18 82 68 8C 5C 00 00
  can1  206  [16]  0E 62 19 1C 1C 61 9A 1C 90 18 BB 64 C2 5B 00 00
  can1  206  [16]  93 64 5C 1C 10 5F 1F 1C B5 18 93 64 05 5D 00 00"
2025-08-09T00:03:58.061767,114.684,"can1  206  [16]  1A 64 E7 1C B2 5F E3 1B 19 19 C7 66 C0 5E 00 00
  can1  206  [16]  1C 61 07 1D D8 62 2B 1C 0B 19 9C 69 1F 5E 00 00"
2025-08-09T00:03:58.281768,114.904,"can1  206  [16]  7B 60 49 1C 95 61 BA 1C 94 18 D5 65 F9 5A 00 00
  can1  206  [16]  00 63 37 1C C0 5E 68 1C A2 18 F2 63 C2 5B 00 00"
2025-08-09T00:03:58.281768,114.904,"can1  206  [16]  E3 64 94 1C B2 5F DD 1B FD 18 D5 65 6F 5E 00 00
  can1  206  [16]  50 63 3B 1D 0E 62 DD 1B 15 19 C7 66 61 5F 00 00"
2025-08-09T00:03:58.512695,115.135,"can1  206  [16]  1A 64 14 1D 5F 62 D7 1B 10 19 17 67 39 5F 00 00
  can1  206  [16]  FD 65 07 1D 00 63 DD 1B 1E 19 90 67 61 5F 00 00"
2025-08-09T00:03:58.512695,115.135,"can1  206  [16]  1A 64 14 1D 50 63 D1 1B 1E 19 E1 67 10 5F 00 00
  can1  206  [16]  79 63 0D 1D 79 63 C5 1B 23 19 5A 68 10 5F 00 00"
2025-08-09T00:03:58.512695,115.135,can1  206  [16]  5F 62 07 1D 79 63 BF 1B 1E 19 D3 68 10 5F 00 00
2025-08-09T00:03:58.727195,115.350,"can1  206  [16]  45 61 E0 1C 00 63 1F 1C 06 19 ED 69 1F 5E 00 00
  can1  206  [16]  6D 61 31 1C 1C 61 87 1C 99 18 E3 64 F9 5A 00 00"
2025-08-09T00:03:58.727195,115.350,"can1  206  [16]  1A 64 56 1C 10 5F 13 1C B0 18 6A 64 13 5C 00 00
  can1  206  [16]  6A 64 D3 1C 02 60 BF 1B 15 19 4E 66 E8 5E 00 00"
2025-08-09T00:03:58.936549,115.559,"can1  206  [16]  87 62 2E 1D D8 62 D1 1B 28 19 B9 67 10 5F 00 00
  can1  206  [16]  BD 61 0D 1D 50 63 D7 1B 23 19 09 68 39 5F 00 00"
2025-08-09T00:03:58.936549,115.559,"can1  206  [16]  36 62 FA 1C 79 63 DD 1B 19 19 D3 68 39 5F 00 00
  can1  206  [16]  1C 61 E7 1C 00 63 31 1C 06 19 C4 69 47 5E 00 00"
2025-08-09T00:03:59.161713,115.784,"can1  206  [16]  6D 61 25 1C 6D 61 BA 1C B0 18 E3 64 21 5B 00 00
  can1  206  [16]  42 64 43 1C 10 5F 50 1C CD 18 1A 64 3B 5C 00 00"
2025-08-09T00:03:59.161713,115.784,"can1  206  [16]  A1 63 BA 1C 2B 60 DD 1B 15 19 D5 65 61 5F 00 00
  can1  206  [16]  E6 61 3B 1D 87 62 DD 1B 01 19 EF 66 B2 5F 00 00"
2025-08-09T00:03:59.380831,116.003,"can1  206  [16]  5F 62 1A 1D 79 63 DD 1B 01 19 68 67 2B 60 00 00
  can1  206  [16]  87 62 14 1D C9 63 E3 1B 01 19 31 68 DA 5F 00 00"
2025-08-09T00:03:59.380831,116.003,"can1  206  [16]  0E 62 07 1D F2 63 DD 1B 01 19 82 68 DA 5F 00 00
  can1  206  [16]  E6 61 07 1D 1A 64 C5 1B 10 19 FB 68 61 5F 00 00"
2025-08-09T00:03:59.602136,116.225,"can1  206  [16]  BD 61 F3 1C 1A 64 BF 1B 0B 19 74 69 61 5F 00 00
  can1  206  [16]  45 61 C7 1C 28 63 31 1C E0 18 74 69 6F 5E 00 00"
2025-08-09T00:03:59.602136,116.225,"can1  206  [16]  E6 61 75 1C 50 63 68 1C C8 18 74 69 7E 5D 00 00
  can1  206  [16]  36 62 50 1C 00 63 7B 1C BA 18 74 69 05 5D 00 00"
2025-08-09T00:03:59.833020,116.456,"can1  206  [16]  5F 62 49 1C 87 62 8E 1C AC 18 23 69 05 5D 00 00
  can1  206  [16]  5F 62 3D 1C 5F 62 94 1C A2 18 FB 68 8C 5C 00 00"
2025-08-09T00:03:59.833020,116.456,"can1  206  [16]  0E 62 2B 1C E6 61 94 1C 90 18 AA 68 13 5C 00 00
  can1  206  [16]  E6 61 25 1C 45 61 8E 1C 6F 18 D5 65 C2 5B 00 00"
2025-08-09T00:03:59.833020,116.456,"can1  206  [16]  F2 63 5C 1C 39 5F 1F 1C 99 18 6A 64 DC 5C 00 00
  can1  206  [16]  50 63 E0 1C 2B 60 E3 1B 01 19 C7 66 89 5F 00 00"
2025-08-09T00:04:00.044995,116.668,can1  206  [16]  45 61 07 1D 28 63 06 1C EE 18 C4 69 E8 5E 00 00
2025-08-09T00:04:00.266308,116.889,"can1  206  [16]  CC 60 49 1C 0E 62 B3 1C DB 18 82 68 8C 5C 00 00
  can1  206  [16]  95 61 43 1C 10 5F 5C 1C D6 18 C9 63 64 5C 00 00
  can1  206  [16]  F2 63 87 1C DA 5F CB 1B 19 19 FD 65 E8 5E 00 00
  can1  001  [05]  48 6B 01 00 80
  can1  206  [16]  00 63 2E 1D 0E 62 B9 1B 32 19 9F 66 B2 5F 00 00"
2025-08-09T00:04:00.266308,116.889,"can1  206  [16]  A1 63 28 1D 87 62 C5 1B 37 19 C7 66 DA 5F 00 00
  can1  206  [16]  50 63 14 1D D8 62 CB 1B 2D 19 68 67 B2 5F 00 00"
2025-08-09T00:04:00.487506,117.110,"can1  206  [16]  E6 61 0D 1D 28 63 D1 1B 32 19 B9 67 02 60 00 00
  can1  206  [16]  95 61 F3 1C 00 63 06 1C 1E 19 23 69 C0 5E 00 00"
2025-08-09T00:04:00.487506,117.110,"can1  206  [16]  45 61 49 1C E6 61 BA 1C E9 18 AA 68 3B 5C 00 00
  can1  206  [16]  BD 61 1F 1C 45 61 87 1C A7 18 E3 64 EB 5B 00 00"
2025-08-09T00:04:00.710114,117.333,"can1  206  [16]  E3 64 50 1C 39 5F 06 1C D2 18 93 64 55 5D 00 00
  can1  206  [16]  A1 63 E7 1C 53 60 BF 1B 37 19 26 66 DA 5F 00 00"
2025-08-09T00:04:00.710114,117.333,"can1  206  [16]  45 61 07 1D 00 63 EE 1B 32 19 9C 69 61 5F 00 00
  can1  206  [16]  53 60 50 1C 36 62 9A 1C E5 18 AA 68 DC 5C 00 00"
2025-08-09T00:04:00.932337,117.555,"can1  206  [16]  6D 61 49 1C 10 5F 3D 1C D6 18 50 63 05 5D 00 00
  can1  206  [16]  C9 63 87 1C 02 60 AD 1B 19 19 BB 64 89 5F 00 00"
2025-08-09T00:04:00.932337,117.555,"can1  001  [05]  90 5F 01 00 80
  can1  206  [16]  AF 62 3B 1D BD 61 A7 1B 32 19 FD 65 02 60 00 00
  can1  206  [16]  5F 62 1A 1D 5F 62 A2 1B 37 19 4E 66 02 60 00 00"
2025-08-09T00:04:00.932337,117.555,"can1  206  [16]  5F 62 1A 1D D8 62 A2 1B 23 19 9F 66 53 60 00 00
  can1  206  [16]  0E 62 21 1D 28 63 B3 1B 19 19 40 67 2B 60 00 00"
2025-08-09T00:04:01.138535,117.761,"can1  206  [16]  AF 62 1A 1D 79 63 CB 1B 15 19 B9 67 53 60 00 00
  can1  206  [16]  45 61 FA 1C 42 64 00 1C E9 18 C4 69 E8 5E 00 00"
2025-08-09T00:04:01.139102,117.762,"can1  206  [16]  1C 61 3D 1C D8 62 9A 1C A2 18 82 68 64 5C 00 00
  can1  206  [16]  AF 62 19 1C BD 61 75 1C 90 18 31 68 EB 5B 00 00"
2025-08-09T00:04:01.361563,117.984,"can1  206  [16]  79 63 19 1C 95 61 5C 1C 94 18 6A 64 8C 5C 00 00
  can1  206  [16]  E3 64 5C 1C 53 60 C5 1B B5 18 E3 64 1F 5E 00 00"
2025-08-09T00:04:01.363575,117.986,"can1  206  [16]  D5 65 1A 1D 6D 61 BF 1B 1E 19 90 67 B2 5F 00 00
  can1  206  [16]  5F 62 07 1D BB 64 BF 1B 10 19 23 69 89 5F 00 00"
2025-08-09T00:04:01.581574,118.204,"can1  206  [16]  E6 61 FA 1C E3 64 BF 1B 06 19 9C 69 89 5F 00 00
  can1  206  [16]  95 61 BA 1C F2 63 25 1C F8 18 C4 69 98 5E 00 00"
2025-08-09T00:04:01.583583,118.206,can1  206  [16]  6D 61 1F 1C 95 61 6E 1C 90 18 93 64 EB 5B 00 00
2025-08-09T00:04:01.804114,118.427,"can1  206  [16]  D5 65 3D 1C 2B 60 E8 1B A7 18 6A 64 1F 5E 00 00
  can1  001  [05]  D8 53 01 00 80
  can1  206  [16]  93 64 ED 1C CC 60 B3 1B 15 19 EF 66 A3 60 00 00"
2025-08-09T00:04:01.806130,118.429,"can1  206  [16]  5F 62 21 1D 1A 64 AD 1B 19 19 82 68 DA 5F 00 00
  can1  206  [16]  36 62 00 1D 93 64 B9 1B 15 19 D3 68 DA 5F 00 00"
2025-08-09T00:04:02.025564,118.648,"can1  206  [16]  BD 61 FA 1C E3 64 B9 1B 15 19 74 69 89 5F 00 00
  can1  206  [16]  0E 62 FA 1C E3 64 BF 1B 15 19 82 68 61 5F 00 00"
2025-08-09T00:04:02.027577,118.650,"can1  206  [16]  E6 61 F3 1C 0C 65 CB 1B F8 18 23 69 89 5F 00 00
  can1  206  [16]  E6 61 F3 1C BB 64 CB 1B E9 18 9C 69 61 5F 00 00"
2025-08-09T00:04:02.027577,118.650,"can1  206  [16]  6D 61 87 1C A1 63 68 1C E9 18 FB 68 A6 5D 00 00
  can1  206  [16]  0E 62 50 1C A1 63 7B 1C BA 18 AA 68 05 5D 00 00
  can1  001  [05]  90 5F 01 00 80"
2025-08-09T00:04:02.233048,118.856,"can1  206  [16]  87 62 3D 1C 50 63 75 1C B0 18 FB 68 B4 5C 00 00
  can1  206  [16]  87 62 2B 1C AF 62 75 1C A7 18 D3 68 64 5C 00 00"
2025-08-09T00:04:02.233048,118.856,"can1  206  [16]  D8 62 1F 1C 0E 62 75 1C A7 18 5A 68 3B 5C 00 00
  can1  206  [16]  50 63 25 1C 95 61 62 1C AC 18 93 64 3B 5C 00 00"
2025-08-09T00:04:02.452487,119.075,"can1  206  [16]  26 66 68 1C 2B 60 E8 1B D2 18 F2 63 7E 5D 00 00
  can1  206  [16]  BB 64 00 1D F4 60 C5 1B 28 19 C7 66 61 5F 00 00"
2025-08-09T00:04:02.452487,119.075,"can1  206  [16]  0E 62 1A 1D 6A 64 C5 1B 19 19 82 68 10 5F 00 00
  can1  206  [16]  E6 61 07 1D BB 64 B9 1B 01 19 D3 68 C0 5E 00 00"
2025-08-09T00:04:02.676560,119.299,"can1  206  [16]  E6 61 FA 1C 93 64 B9 1B F8 18 23 69 C0 5E 00 00
  can1  001  [05]  48 6B 01 00 80
  can1  206  [16]  BD 61 F3 1C E3 64 CB 1B EE 18 4C 69 10 5F 00 00"
2025-08-09T00:04:02.676560,119.299,"can1  206  [16]  BD 61 FA 1C BB 64 E8 1B F3 18 74 69 10 5F 00 00
  can1  206  [16]  6D 61 87 1C 42 64 7B 1C D2 18 FB 68 CE 5D 00 00"
2025-08-09T00:04:02.900411,119.523,"can1  206  [16]  0E 62 56 1C A1 63 9A 1C B5 18 FB 68 DC 5C 00 00
  can1  206  [16]  AF 62 3D 1C 00 63 94 1C BF 18 FB 68 64 5C 00 00"
2025-08-09T00:04:02.900411,119.523,"can1  206  [16]  D8 62 2B 1C D8 62 9A 1C AC 18 82 68 64 5C 00 00
  can1  206  [16]  D8 62 25 1C 5F 62 A7 1C A2 18 D3 68 EB 5B 00 00"
2025-08-09T00:04:03.124140,119.747,"can1  206  [16]  50 63 19 1C 95 61 6E 1C 90 18 E3 64 13 5C 00 00
  can1  206  [16]  D5 65 5C 1C B2 5F E8 1B BF 18 BB 64 CE 5D 00 00"
2025-08-09T00:04:03.128995,119.752,"can1  206  [16]  42 64 FA 1C F4 60 BF 1B 4A 19 40 67 02 60 00 00
  can1  206  [16]  E6 61 14 1D 1A 64 BF 1B 28 19 82 68 61 5F 00 00"
2025-08-09T00:04:03.340984,119.964,"can1  206  [16]  A1 63 00 1D 6A 64 B3 1B 2D 19 FB 68 89 5F 00 00
  can1  206  [16]  A1 63 FA 1C E3 64 B9 1B 1E 19 4C 69 89 5F 00 00"
2025-08-09T00:04:03.340984,119.964,"can1  206  [16]  D8 62 00 1D E3 64 B9 1B 06 19 74 69 02 60 00 00
  can1  206  [16]  AF 62 E7 1C BB 64 BF 1B 01 19 15 6A B2 5F 00 00
  can1  206  [16]  5F 62 E7 1C BB 64 CB 1B 01 19 C4 69 61 5F 00 00"
2025-08-09T00:04:03.543771,120.166,"can1  206  [16]  AF 62 E7 1C 6A 64 D7 1B 01 19 ED 69 61 5F 00 00
  can1  206  [16]  00 63 D3 1C 6A 64 E3 1B F3 18 ED 69 6F 5E 00 00"
2025-08-09T00:04:03.543771,120.166,"can1  206  [16]  28 63 C0 1C 42 64 13 1C E9 18 74 69 47 5E 00 00
  can1  206  [16]  00 63 B3 1C 6A 64 2B 1C E9 18 9C 69 47 5E 00 00"
2025-08-09T00:04:03.765140,120.388,"can1  206  [16]  50 63 A7 1C 42 64 43 1C E5 18 4C 69 CE 5D 00 00
  can1  206  [16]  00 63 8E 1C 1A 64 43 1C E5 18 23 69 1F 5E 00 00"
2025-08-09T00:04:03.765140,120.388,"can1  206  [16]  C9 63 75 1C F2 63 43 1C D6 18 23 69 F6 5D 00 00
  can1  206  [16]  6A 64 5C 1C 1A 64 56 1C C8 18 FB 68 CE 5D 00 00"
2025-08-09T00:04:03.986892,120.609,"can1  206  [16]  79 63 43 1C C9 63 68 1C C3 18 23 69 55 5D 00 00
  can1  206  [16]  C9 63 43 1C 79 63 75 1C BA 18 D3 68 B4 5C 00 00"
2025-08-09T00:04:03.986892,120.609,"can1  206  [16]  79 63 31 1C 00 63 75 1C A7 18 23 69 8C 5C 00 00
  can1  206  [16]  C9 63 25 1C D8 62 75 1C 94 18 09 68 8C 5C 00 00"
2025-08-09T00:04:04.208377,120.831,"can1  206  [16]  C9 63 25 1C E6 61 75 1C 8B 18 82 68 C2 5B 00 00
  can1  206  [16]  A1 63 25 1C BD 61 75 1C 78 18 90 67 21 5B 00 00"
2025-08-09T00:04:04.212966,120.836,"can1  206  [16]  79 63 19 1C 45 61 68 1C 90 18 C9 63 8C 5C 00 00
  can1  206  [16]  BB 64 62 1C 53 60 C5 1B C3 18 BB 64 CE 5D 00 00"
2025-08-09T00:04:04.430661,121.053,"can1  206  [16]  F2 63 28 1D 6D 61 DD 1B 2D 19 B9 67 89 5F 00 00
  can1  206  [16]  E6 61 0D 1D 93 64 C5 1B 1E 19 FB 68 39 5F 00 00"
2025-08-09T00:04:04.430661,121.053,"can1  206  [16]  45 61 D3 1C F2 63 31 1C FD 18 9C 69 98 5E 00 00
  can1  206  [16]  45 61 25 1C BD 61 87 1C 9E 18 31 68 EB 5B 00 00"
2025-08-09T00:04:04.430661,121.053,"can1  206  [16]  00 63 25 1C F4 60 56 1C A2 18 93 64 8C 5C 00 00
  can1  206  [16]  F2 63 68 1C B2 5F C5 1B D6 18 0C 65 6F 5E 00 00"
2025-08-09T00:04:04.651744,121.274,"can1  206  [16]  28 63 35 1D 1C 61 E8 1B 28 19 5A 68 B2 5F 00 00
  can1  206  [16]  7B 60 DA 1C D8 62 50 1C FD 18 74 69 6F 5E 00 00
  can1  206  [16]  45 61 31 1C 7B 60 75 1C 86 18 93 64 C2 5B 00 00"
2025-08-09T00:04:04.858271,121.481,"can1  206  [16]  1A 64 56 1C 10 5F F4 1B B0 18 1A 64 B4 5C 00 00
  can1  206  [16]  A1 63 E0 1C 2B 60 AD 1B 15 19 26 66 B2 5F 00 00"
2025-08-09T00:04:04.858271,121.481,"can1  206  [16]  E6 61 21 1D 00 63 B9 1B 1E 19 90 67 B2 5F 00 00
  can1  206  [16]  45 61 FA 1C 50 63 E8 1B 06 19 9C 69 98 5E 00 00"
2025-08-09T00:04:05.081096,121.704,"can1  206  [16]  F4 60 49 1C 0E 62 8E 1C C3 18 82 68 64 5C 00 00
  can1  206  [16]  0E 62 25 1C 1C 61 68 1C 8B 18 BB 64 9A 5B 00 00"
2025-08-09T00:04:05.081096,121.704,"can1  206  [16]  6A 64 5C 1C 10 5F EE 1B AC 18 AF 62 2D 5D 00 00
  can1  206  [16]  BB 64 FA 1C 53 60 BF 1B 1E 19 76 66 DA 5F 00 00"
2025-08-09T00:04:05.299664,121.922,"can1  206  [16]  95 61 14 1D 00 63 F4 1B 06 19 4C 69 E8 5E 00 00
  can1  002  [04]  E0 A5 01 00"
2025-08-09T00:04:05.299664,121.922,"can1  206  [16]  1C 61 43 1C 36 62 94 1C C3 18 EF 66 64 5C 00 00
  can1  206  [16]  0E 62 25 1C F4 60 68 1C 8B 18 D8 62 EB 5B 00 00"
2025-08-09T00:04:05.299664,121.922,"can1  206  [16]  93 64 5C 1C 10 5F F4 1B A7 18 50 63 A6 5D 00 00
  can1  206  [16]  A1 63 ED 1C 2B 60 C5 1B 10 19 FD 65 89 5F 00 00"
2025-08-09T00:04:05.521348,122.144,"can1  206  [16]  6D 61 14 1D 28 63 FA 1B 01 19 74 69 98 5E 00 00
  can1  206  [16]  F4 60 50 1C E6 61 9A 1C BA 18 B9 67 13 5C 00 00"
2025-08-09T00:04:05.521348,122.144,"can1  206  [16]  D8 62 25 1C 45 61 7B 1C 86 18 93 64 9A 5B 00 00
  can1  206  [16]  26 66 62 1C 89 5F 13 1C AC 18 42 64 B4 5C 00 00"
2025-08-09T00:04:05.742115,122.365,"can1  206  [16]  BB 64 FA 1C 7B 60 D7 1B 1E 19 76 66 39 5F 00 00
  can1  206  [16]  0E 62 2E 1D A1 63 DD 1B 1E 19 E1 67 61 5F 00 00"
2025-08-09T00:04:05.742115,122.365,"can1  206  [16]  5F 62 00 1D F2 63 D7 1B 15 19 82 68 39 5F 00 00
  can1  206  [16]  E6 61 00 1D 6A 64 D7 1B 15 19 D3 68 39 5F 00 00"
2025-08-09T00:04:05.963958,122.587,"can1  206  [16]  0E 62 00 1D 1A 64 E3 1B 0B 19 23 69 39 5F 00 00
  can1  206  [16]  95 61 BA 1C 00 63 62 1C FD 18 23 69 1F 5E 00 00"
2025-08-09T00:04:05.963958,122.587,"can1  206  [16]  F4 60 31 1C 53 60 9A 1C 8B 18 1A 64 C2 5B 00 00
  can1  206  [16]  F2 63 5C 1C 10 5F 06 1C A7 18 93 64 2D 5D 00 00"
2025-08-09T00:04:06.168922,122.792,"can1  002  [04]  98 B1 01 00
  can1  206  [16]  A1 63 00 1D 53 60 DD 1B 19 19 EF 66 B2 5F 00 00
  can1  206  [16]  1C 61 14 1D 00 63 19 1C 06 19 23 69 98 5E 00 00"
2025-08-09T00:04:06.168922,122.792,"can1  206  [16]  F4 60 49 1C E6 61 BA 1C B5 18 09 68 13 5C 00 00
  can1  206  [16]  36 62 2B 1C F4 60 94 1C 8B 18 BB 64 EB 5B 00 00"
2025-08-09T00:04:06.389687,123.012,can1  206  [16]  9F 66 62 1C 39 5F 13 1C B0 18 BB 64 55 5D 00 00
2025-08-09T00:04:06.389687,123.012,"can1  206  [16]  42 64 F3 1C 2B 60 E3 1B 23 19 EF 66 B2 5F 00 00
  can1  206  [16]  95 61 1A 1D 50 63 13 1C 0B 19 ED 69 E8 5E 00 00"
2025-08-09T00:04:06.610861,123.233,"can1  206  [16]  1C 61 5C 1C 36 62 BA 1C C8 18 D3 68 64 5C 00 00
  can1  206  [16]  79 63 31 1C 45 61 8E 1C 99 18 BB 64 9A 5B 00 00"
2025-08-09T00:04:06.610861,123.233,"can1  206  [16]  FD 65 68 1C 39 5F 13 1C AC 18 6A 64 05 5D 00 00
  can1  206  [16]  F2 63 FA 1C 53 60 E3 1B 1E 19 76 66 2B 60 00 00"
2025-08-09T00:04:06.610861,123.233,"can1  206  [16]  6D 61 1A 1D 50 63 13 1C 06 19 ED 69 61 5F 00 00
  can1  206  [16]  F4 60 49 1C E6 61 C0 1C D2 18 FB 68 8C 5C 00 00
  can1  002  [04]  E0 A5 01 00"
2025-08-09T00:04:06.833128,123.456,"can1  206  [16]  D8 62 1F 1C 45 61 8E 1C B0 18 D5 65 C2 5B 00 00
  can1  206  [16]  FD 65 56 1C 61 5F 0C 1C D6 18 E3 64 DC 5C 00 00"
2025-08-09T00:04:06.833128,123.456,"can1  206  [16]  F2 63 F3 1C 53 60 DD 1B 45 19 EF 66 53 60 00 00
  can1  206  [16]  36 62 28 1D 50 63 E8 1B 4A 19 5A 68 02 60 00 00"
2025-08-09T00:04:07.054839,123.677,"can1  206  [16]  36 62 14 1D 1A 64 DD 1B 3C 19 AA 68 DA 5F 00 00
  can1  206  [16]  45 61 F3 1C 28 63 37 1C 23 19 C4 69 39 5F 00 00
  can1  206  [16]  1C 61 37 1C F4 60 A0 1C 94 18 E3 64 EB 5B 00 00
  can1  206  [16]  D5 65 50 1C C0 5E 3D 1C A7 18 C9 63 8C 5C 00 00"
2025-08-09T00:04:07.276282,123.899,"can1  206  [16]  E3 64 CD 1C 2B 60 CB 1B 1E 19 E3 64 39 5F 00 00
  can1  206  [16]  79 63 2E 1D D8 62 B9 1B 37 19 9F 66 89 5F 00 00
  can1  206  [16]  D8 62 1A 1D 00 63 BF 1B 37 19 17 67 02 60 00 00
  can1  206  [16]  5F 62 14 1D A1 63 B9 1B 15 19 09 68 B2 5F 00 00"
2025-08-09T00:04:07.481668,124.104,"can1  206  [16]  BD 61 00 1D 79 63 AD 1B 10 19 82 68 89 5F 00 00
  can1  206  [16]  79 63 00 1D 79 63 B3 1B 06 19 D3 68 39 5F 00 00
  can1  206  [16]  36 62 FA 1C 79 63 BF 1B 01 19 74 69 89 5F 00 00
  can1  002  [04]  28 9A 01 00
  can1  206  [16]  6D 61 C0 1C 87 62 49 1C F8 18 23 69 47 5E 00 00"
2025-08-09T00:04:07.702781,124.325,can1  206  [16]  50 63 7B 1C 5F 62 7B 1C DB 18 FB 68 7E 5D 00 00
2025-08-09T00:04:07.702781,124.325,"can1  206  [16]  A1 63 62 1C 87 62 81 1C F3 18 23 69 05 5D 00 00
  can1  206  [16]  D8 62 56 1C 5F 62 87 1C E9 18 FB 68 8C 5C 00 00
  can1  206  [16]  79 63 43 1C 0E 62 94 1C D6 18 D3 68 64 5C 00 00"
2025-08-09T00:04:07.924877,124.547,"can1  206  [16]  28 63 31 1C BD 61 8E 1C A7 18 82 68 EB 5B 00 00
  can1  206  [16]  87 62 25 1C 45 61 81 1C 94 18 FD 65 C2 5B 00 00"
2025-08-09T00:04:07.924877,124.547,"can1  206  [16]  6A 64 56 1C E8 5E 0C 1C A7 18 93 64 05 5D 00 00
  can1  206  [16]  93 64 E7 1C 02 60 D1 1B 19 19 76 66 DA 5F 00 00"
2025-08-09T00:04:08.146676,124.769,can1  206  [16]  AF 62 3B 1D 00 63 D7 1B 1E 19 09 68 89 5F 00 00
2025-08-09T00:04:08.146676,124.769,"can1  206  [16]  28 63 07 1D 79 63 D7 1B 1E 19 82 68 61 5F 00 00
  can1  206  [16]  45 61 F3 1C 00 63 25 1C 0B 19 C4 69 6F 5E 00 00
  can1  206  [16]  F4 60 31 1C 45 61 A0 1C 94 18 FD 65 9A 5B 00 00"
2025-08-09T00:04:08.368967,124.992,can1  206  [16]  F2 63 49 1C C0 5E 31 1C AC 18 6A 64 64 5C 00 00
2025-08-09T00:04:08.573649,125.196,"can1  206  [16]  F2 63 BA 1C 39 5F C5 1B 06 19 D5 65 61 5F 00 00
  can1  206  [16]  0E 62 35 1D E6 61 CB 1B 19 19 40 67 B2 5F 00 00
  can1  206  [16]  E6 61 2E 1D AF 62 CB 1B 19 19 68 67 B2 5F 00 00
  can1  206  [16]  E6 61 1A 1D D8 62 D7 1B 1E 19 82 68 B2 5F 00 00
  can1  206  [16]  45 61 00 1D D8 62 19 1C 01 19 3D 6A 6F 5E 00 00
  can1  002  [04]  E0 A5 01 00
  can1  206  [16]  7B 60 49 1C 45 61 A7 1C 90 18 9F 66 49 5B 00 00"
2025-08-09T00:04:08.573649,125.196,can1  206  [16]  F2 63 50 1C 98 5E 49 1C A7 18 93 64 13 5C 00 00
2025-08-09T00:04:08.794216,125.417,"can1  206  [16]  C9 63 A0 1C 2B 60 B9 1B 06 19 26 66 C0 5E 00 00
  can1  206  [16]  87 62 49 1D D8 62 A2 1B 15 19 EF 66 B2 5F 00 00"
2025-08-09T00:04:08.794216,125.417,"can1  206  [16]  36 62 21 1D 28 63 9C 1B 1E 19 68 67 2B 60 00 00
  can1  206  [16]  E6 61 1A 1D A1 63 9C 1B 1E 19 E1 67 89 5F 00 00"
2025-08-09T00:04:09.016397,125.639,"can1  206  [16]  BD 61 14 1D 1A 64 A7 1B 1E 19 82 68 B2 5F 00 00
  can1  206  [16]  BD 61 14 1D 6A 64 9C 1B 1E 19 D3 68 B2 5F 00 00
  can1  206  [16]  1C 61 ED 1C 1A 64 EE 1B 06 19 3D 6A C0 5E 00 00
  can1  206  [16]  1C 61 3D 1C 5F 62 87 1C B5 18 5A 68 EB 5B 00 00"
2025-08-09T00:04:09.237372,125.860,"can1  206  [16]  D8 62 25 1C 95 61 5C 1C 99 18 93 64 13 5C 00 00
  can1  206  [16]  42 64 6E 1C 7B 60 C5 1B C3 18 D5 65 1F 5E 00 00
  can1  206  [16]  A1 63 1A 1D F4 60 B9 1B 2D 19 90 67 89 5F 00 00
  can1  206  [16]  1C 61 14 1D AF 62 FA 1B 06 19 3D 6A C0 5E 00 00"
2025-08-09T00:04:09.237372,125.860,can1  206  [16]  45 61 3D 1C 1C 61 6E 1C 99 18 76 66 EB 5B 00 00
2025-08-09T00:04:09.458006,126.081,"can1  206  [16]  D5 65 49 1C B2 5F 13 1C AC 18 E3 64 B4 5C 00 00
  can1  206  [16]  FD 65 BA 1C CC 60 A7 1B 0B 19 76 66 DA 5F 00 00"
2025-08-09T00:04:09.458006,126.081,can1  206  [16]  00 63 35 1D 79 63 AD 1B 1E 19 68 67 53 60 00 00
2025-08-09T00:04:09.678895,126.301,"can1  206  [16]  D8 62 21 1D C9 63 B3 1B 1E 19 09 68 02 60 00 00
  can1  206  [16]  AF 62 14 1D 6A 64 B3 1B 1E 19 82 68 02 60 00 00
  can1  206  [16]  BD 61 07 1D 93 64 B3 1B 4A 19 D3 68 89 5F 00 00"
2025-08-09T00:04:09.678895,126.301,"can1  206  [16]  6D 61 F3 1C F2 63 00 1C 15 19 8E 6A C0 5E 00 00
  can1  206  [16]  1C 61 37 1C 36 62 94 1C AC 18 D3 68 EB 5B 00 00
  can1  206  [16]  A1 63 25 1C CC 60 68 1C 90 18 93 64 C2 5B 00 00"
2025-08-09T00:04:09.899386,126.522,can1  206  [16]  6A 64 62 1C 61 5F D7 1B BF 18 6A 64 F6 5D 00 00
2025-08-09T00:04:09.899386,126.522,"can1  206  [16]  A1 63 07 1D A3 60 B3 1B 2D 19 40 67 B2 5F 00 00
  can1  206  [16]  1C 61 FA 1C 28 63 FA 1B 0B 19 74 69 C0 5E 00 00"
2025-08-09T00:04:09.899386,126.522,"can1  206  [16]  45 61 31 1C BD 61 81 1C B5 18 82 68 3B 5C 00 00
  can1  002  [04]  98 B1 01 00
  can1  206  [16]  A1 63 25 1C 1C 61 56 1C 94 18 6A 64 64 5C 00 00"
2025-08-09T00:04:10.120537,126.743,"can1  206  [16]  BB 64 68 1C 89 5F D7 1B B0 18 6A 64 A6 5D 00 00
  can1  206  [16]  F2 63 0D 1D 7B 60 BF 1B 2D 19 17 67 02 60 00 00"
2025-08-09T00:04:10.120537,126.743,"can1  206  [16]  45 61 14 1D 28 63 0C 1C 01 19 4C 69 10 5F 00 00
  can1  206  [16]  CC 60 3D 1C BD 61 9A 1C BF 18 31 68 3B 5C 00 00"
2025-08-09T00:04:10.345997,126.969,can1  206  [16]  0E 62 1F 1C 1C 61 62 1C 99 18 42 64 64 5C 00 00
2025-08-09T00:04:10.345997,126.969,"can1  206  [16]  42 64 56 1C 2B 60 DD 1B B5 18 1A 64 CE 5D 00 00
  can1  206  [16]  79 63 0D 1D 6D 61 DD 1B 2D 19 26 66 DA 5F 00 00
  can1  206  [16]  F4 60 0D 1D 42 64 19 1C 06 19 FB 68 6F 5E 00 00"
2025-08-09T00:04:10.563726,127.186,can1  206  [16]  F4 60 49 1C 28 63 BA 1C B5 18 E1 67 EB 5B 00 00
2025-08-09T00:04:10.563726,127.186,"can1  002  [04]  E0 A5 01 00
  can1  206  [16]  5F 62 2B 1C 0E 62 9A 1C 94 18 B9 67 21 5B 00 00
  can1  206  [16]  28 63 1F 1C E6 61 94 1C AC 18 E1 67 72 5B 00 00
  can1  206  [16]  50 63 1F 1C 1C 61 75 1C C3 18 00 63 EB 5B 00 00"
2025-08-09T00:04:10.784916,127.407,"can1  206  [16]  6A 64 68 1C DA 5F D1 1B DB 18 1A 64 47 5E 00 00
  can1  206  [16]  50 63 21 1D E6 61 A7 1B F3 18 93 64 61 5F 00 00"
2025-08-09T00:04:10.784916,127.407,"can1  206  [16]  28 63 07 1D 00 63 9C 1B FD 18 6A 64 B2 5F 00 00
  can1  206  [16]  50 63 0D 1D 28 63 9C 1B 01 19 E3 64 DA 5F 00 00"
2025-08-09T00:04:11.007671,127.630,"can1  206  [16]  F2 63 14 1D C9 63 9C 1B 15 19 D5 65 02 60 00 00
  can1  206  [16]  C9 63 21 1D 1A 64 A2 1B 19 19 4E 66 02 60 00 00"
2025-08-09T00:04:11.008688,127.631,"can1  206  [16]  42 64 0D 1D 42 64 A7 1B 19 19 EF 66 02 60 00 00
  can1  206  [16]  42 64 00 1D 6A 64 AD 1B 23 19 90 67 B2 5F 00 00"
2025-08-09T00:04:11.227828,127.850,"can1  206  [16]  D8 62 07 1D 93 64 AD 1B 32 19 B9 67 B2 5F 00 00
  can1  206  [16]  5F 62 00 1D 0C 65 B3 1B 45 19 31 68 89 5F 00 00"
2025-08-09T00:04:11.227828,127.850,"can1  002  [04]  28 9A 01 00
  can1  206  [16]  D8 62 F3 1C 0C 65 B3 1B 37 19 23 69 89 5F 00 00
  can1  206  [16]  36 62 ED 1C 0C 65 C5 1B 19 19 C4 69 89 5F 00 00"
2025-08-09T00:04:11.433407,128.056,"can1  206  [16]  BD 61 E7 1C D5 65 C5 1B 10 19 C4 69 61 5F 00 00
  can1  206  [16]  BD 61 ED 1C 0C 65 CB 1B 01 19 3D 6A C0 5E 00 00"
2025-08-09T00:04:11.433407,128.056,"can1  206  [16]  BD 61 E7 1C 93 64 D7 1B 06 19 15 6A 61 5F 00 00
  can1  206  [16]  36 62 F3 1C 93 64 E3 1B 06 19 C4 69 6F 5E 00 00"
2025-08-09T00:04:11.654240,128.277,"can1  206  [16]  BD 61 D3 1C BB 64 FA 1B 01 19 9C 69 98 5E 00 00
  can1  206  [16]  0E 62 C7 1C 42 64 0C 1C 01 19 15 6A 6F 5E 00 00"
2025-08-09T00:04:11.654240,128.277,"can1  206  [16]  0E 62 AD 1C 6A 64 13 1C 01 19 3D 6A 47 5E 00 00
  can1  206  [16]  0E 62 94 1C 42 64 1F 1C 01 19 C4 69 A6 5D 00 00"
2025-08-09T00:04:11.654240,128.277,"can1  206  [16]  0E 62 75 1C 1A 64 31 1C F3 18 74 69 DC 5C 00 00
  can1  206  [16]  0E 62 68 1C 50 63 49 1C FD 18 74 69 DC 5C 00 00
  can1  002  [04]  E0 A5 01 00"
2025-08-09T00:04:11.875282,128.498,"can1  206  [16]  AF 62 56 1C 28 63 68 1C D6 18 9C 69 64 5C 00 00
  can1  206  [16]  AF 62 43 1C D8 62 7B 1C C3 18 82 68 EB 5B 00 00"
2025-08-09T00:04:12.096143,128.719,"can1  206  [16]  BD 61 31 1C 87 62 8E 1C C8 18 82 68 C2 5B 00 00
  can1  206  [16]  E6 61 25 1C E6 61 A0 1C D6 18 D3 68 72 5B 00 00
  can1  206  [16]  AF 62 19 1C 6D 61 62 1C A7 18 D5 65 EB 5B 00 00
  can1  206  [16]  D5 65 56 1C 10 5F E3 1B BF 18 6A 64 8C 5C 00 00"
2025-08-09T00:04:12.096143,128.719,"can1  206  [16]  6A 64 F3 1C 02 60 AD 1B 2D 19 EF 66 39 5F 00 00
  can1  206  [16]  36 62 28 1D D8 62 B3 1B 2D 19 09 68 61 5F 00 00"
2025-08-09T00:04:12.317266,128.940,"can1  206  [16]  0E 62 07 1D A1 63 AD 1B 28 19 82 68 98 5E 00 00
  can1  206  [16]  45 61 E0 1C 00 63 06 1C 10 19 9C 69 CE 5D 00 00"
2025-08-09T00:04:12.317266,128.940,"can1  206  [16]  BD 61 9A 1C 28 63 31 1C 0B 19 C4 69 2D 5D 00 00
  can1  206  [16]  0E 62 81 1C D8 62 31 1C FD 18 ED 69 05 5D 00 00"
2025-08-09T00:04:12.538157,129.161,"can1  206  [16]  BD 61 6E 1C D8 62 43 1C E9 18 C4 69 05 5D 00 00
  can1  002  [04]  98 B1 01 00
  can1  206  [16]  45 61 3D 1C DA 5F 5C 1C A7 18 93 64 9A 5B 00 00"
2025-08-09T00:04:12.538157,129.161,"can1  206  [16]  1A 64 62 1C 10 5F D7 1B C3 18 0C 65 DC 5C 00 00
  can1  206  [16]  79 63 0D 1D 53 60 B9 1B 4A 19 90 67 E8 5E 00 00"
2025-08-09T00:04:12.759765,129.382,"can1  206  [16]  F4 60 07 1D D8 62 FA 1B 2D 19 3D 6A F6 5D 00 00
  can1  206  [16]  CC 60 49 1C BD 61 94 1C BF 18 23 69 9A 5B 00 00"
2025-08-09T00:04:12.759765,129.382,"can1  206  [16]  0E 62 25 1C CC 60 87 1C 94 18 D5 65 EB 5B 00 00
  can1  206  [16]  E3 64 6E 1C 10 5F 00 1C BF 18 D5 65 A6 5D 00 00"
2025-08-09T00:04:12.759765,129.382,"can1  206  [16]  6A 64 00 1D 2B 60 E3 1B 2D 19 90 67 02 60 00 00
  can1  002  [04]  E0 A5 01 00"
2025-08-09T00:04:12.964923,129.588,"can1  206  [16]  95 61 14 1D D8 62 1F 1C 10 19 ED 69 10 5F 00 00
  can1  206  [16]  1C 61 3D 1C BD 61 BA 1C C3 18 82 68 3B 5C 00 00"
2025-08-09T00:04:12.964923,129.588,"can1  206  [16]  36 62 1F 1C A3 60 8E 1C BA 18 C9 63 B4 5C 00 00
  can1  206  [16]  D5 65 62 1C 10 5F 0C 1C DB 18 C9 63 CE 5D 00 00"
2025-08-09T00:04:13.186012,129.809,"can1  206  [16]  6A 64 FA 1C 02 60 E3 1B 32 19 26 66 B2 5F 00 00
  can1  206  [16]  6D 61 0D 1D 28 63 25 1C 28 19 FB 68 C0 5E 00 00"
2025-08-09T00:04:13.186012,129.809,"can1  206  [16]  F4 60 43 1C 95 61 B3 1C B5 18 FD 65 9A 5B 00 00
  can1  206  [16]  F2 63 3D 1C 98 5E 56 1C C3 18 1A 64 B4 5C 00 00"
2025-08-09T00:04:13.407725,130.030,"can1  206  [16]  6A 64 A0 1C 10 5F CB 1B 28 19 D5 65 39 5F 00 00
  can1  002  [04]  98 B1 01 00
  can1  206  [16]  D8 62 35 1D E6 61 C5 1B 32 19 9F 66 B2 5F 00 00"
2025-08-09T00:04:13.407725,130.030,"can1  206  [16]  5F 62 28 1D 00 63 CB 1B 19 19 EF 66 DA 5F 00 00
  can1  206  [16]  5F 62 1A 1D 00 63 CB 1B 19 19 90 67 02 60 00 00"
2025-08-09T00:04:13.628011,130.251,"can1  206  [16]  BD 61 1A 1D 79 63 D7 1B 1E 19 09 68 DA 5F 00 00
  can1  206  [16]  BD 61 0D 1D 79 63 D7 1B 1E 19 D3 68 B2 5F 00 00"
2025-08-09T00:04:13.628011,130.251,"can1  206  [16]  45 61 FA 1C 28 63 13 1C 06 19 15 6A 98 5E 00 00
  can1  206  [16]  1C 61 31 1C 45 61 7B 1C 8B 18 FD 65 C2 5B 00 00"
2025-08-09T00:04:13.849155,130.472,"can1  206  [16]  1A 64 56 1C 98 5E 13 1C A2 18 6A 64 DC 5C 00 00
  can1  206  [16]  A1 63 BA 1C B2 5F B3 1B FD 18 FD 65 61 5F 00 00"
2025-08-09T00:04:13.849155,130.472,"can1  206  [16]  C9 63 42 1D 36 62 A2 1B 19 19 40 67 DA 5F 00 00
  can1  206  [16]  AF 62 1A 1D D8 62 9C 1B 1E 19 68 67 89 5F 00 00"
2025-08-09T00:04:14.070440,130.693,"can1  206  [16]  D8 62 1A 1D 00 63 9C 1B 1E 19 B9 67 B2 5F 00 00
  can1  002  [04]  50 BD 01 00
  can1  206  [16]  6D 61 F3 1C 28 63 E3 1B 2D 19 74 69 C0 5E 00 00"
2025-08-09T00:04:14.070440,130.693,"can1  206  [16]  45 61 43 1C BD 61 7B 1C E9 18 FB 68 64 5C 00 00
  can1  206  [16]  50 63 25 1C 1C 61 50 1C 9E 18 D5 65 64 5C 00 00"
2025-08-09T00:04:14.291227,130.914,"can1  206  [16]  FD 65 56 1C 39 5F D7 1B BA 18 0C 65 CE 5D 00 00
  can1  206  [16]  93 64 F3 1C 02 60 B3 1B 28 19 40 67 DA 5F 00 00"
2025-08-09T00:04:14.291227,130.914,can1  206  [16]  00 63 21 1D 28 63 B3 1B 2D 19 82 68 B2 5F 00 00
2025-08-09T00:04:14.291227,130.914,"can1  206  [16]  36 62 00 1D A1 63 AD 1B 19 19 D3 68 B2 5F 00 00
  can1  206  [16]  5F 62 DA 1C A1 63 B9 1B 19 19 D3 68 39 5F 00 00
  can1  002  [04]  08 C9 01 00
  can1  206  [16]  95 61 BA 1C AF 62 1F 1C 01 19 74 69 47 5E 00 00"
2025-08-09T00:04:14.497238,131.120,"can1  206  [16]  5F 62 81 1C D8 62 3D 1C E9 18 FB 68 A6 5D 00 00
  can1  206  [16]  5F 62 68 1C D8 62 43 1C DB 18 23 69 7E 5D 00 00"
2025-08-09T00:04:14.497238,131.120,"can1  206  [16]  AF 62 56 1C AF 62 50 1C D2 18 FB 68 05 5D 00 00
  can1  206  [16]  D8 62 3D 1C BD 61 56 1C C3 18 FB 68 DC 5C 00 00"
2025-08-09T00:04:14.719226,131.342,"can1  206  [16]  E6 61 2B 1C E6 61 5C 1C B5 18 82 68 8C 5C 00 00
  can1  206  [16]  1A 64 2B 1C 45 61 43 1C 90 18 FD 65 64 5C 00 00"
2025-08-09T00:04:14.719226,131.342,"can1  206  [16]  17 67 68 1C 61 5F F4 1B BA 18 6A 64 55 5D 00 00
  can1  206  [16]  26 66 E0 1C 53 60 B3 1B 0B 19 4E 66 B2 5F 00 00"
2025-08-09T00:04:14.939448,131.562,"can1  206  [16]  D8 62 3B 1D D8 62 B9 1B 15 19 E1 67 02 60 00 00
  can1  206  [16]  00 63 0D 1D 79 63 B9 1B 19 19 09 68 B2 5F 00 00"
2025-08-09T00:04:14.939448,131.562,"can1  206  [16]  87 62 F3 1C F2 63 B9 1B 15 19 AA 68 89 5F 00 00
  can1  206  [16]  0E 62 F3 1C C9 63 B3 1B 15 19 FB 68 C0 5E 00 00"
2025-08-09T00:04:15.161214,131.784,"can1  206  [16]  E6 61 00 1D F2 63 AD 1B 10 19 74 69 6F 5E 00 00
  can1  002  [04]  C0 D4 01 00
  can1  206  [16]  87 62 E7 1C C9 63 AD 1B 10 19 C4 69 61 5F 00 00"
2025-08-09T00:04:15.161214,131.784,"can1  206  [16]  D8 62 E0 1C A1 63 BF 1B 06 19 3D 6A 39 5F 00 00
  can1  206  [16]  AF 62 E7 1C 79 63 CB 1B F3 18 3D 6A 61 5F 00 00"
2025-08-09T00:04:15.382703,132.005,"can1  206  [16]  0E 62 ED 1C 50 63 D7 1B EE 18 15 6A 39 5F 00 00
  can1  206  [16]  36 62 DA 1C 50 63 EE 1B FD 18 15 6A 10 5F 00 00"
2025-08-09T00:04:15.382703,132.005,"can1  206  [16]  36 62 D3 1C 28 63 FA 1B FD 18 15 6A 6F 5E 00 00
  can1  206  [16]  36 62 BA 1C 28 63 0C 1C 01 19 ED 69 47 5E 00 00"
2025-08-09T00:04:15.604127,132.227,"can1  206  [16]  36 62 94 1C 00 63 1F 1C 01 19 9C 69 A6 5D 00 00
  can1  206  [16]  36 62 81 1C 00 63 31 1C F3 18 9C 69 55 5D 00 00"
2025-08-09T00:04:15.604127,132.227,"can1  206  [16]  6D 61 2B 1C CC 60 62 1C A2 18 6A 64 C2 5B 00 00
  can1  206  [16]  F2 63 68 1C 89 5F EE 1B BF 18 93 64 8C 5C 00 00"
2025-08-09T00:04:15.809773,132.432,"can1  206  [16]  79 63 F3 1C 2B 60 CB 1B 28 19 9F 66 C0 5E 00 00
  can1  002  [04]  08 C9 01 00
  can1  206  [16]  1C 61 0D 1D 00 63 0C 1C 06 19 23 69 1F 5E 00 00"
2025-08-09T00:04:15.809773,132.432,"can1  206  [16]  CC 60 56 1C E6 61 A7 1C C3 18 82 68 EB 5B 00 00
  can1  206  [16]  95 61 5C 1C 61 5F 56 1C AC 18 42 64 13 5C 00 00"
2025-08-09T00:04:16.031065,132.654,"can1  206  [16]  79 63 87 1C 02 60 D7 1B F8 18 E3 64 6F 5E 00 00
  can1  206  [16]  5F 62 28 1D E6 61 D1 1B 06 19 76 66 10 5F 00 00"
2025-08-09T00:04:16.031065,132.654,"can1  206  [16]  5F 62 14 1D 87 62 CB 1B 10 19 EF 66 39 5F 00 00
  can1  206  [16]  0E 62 00 1D 00 63 D7 1B 10 19 40 67 39 5F 00 00
  can1  206  [16]  BD 61 00 1D 50 63 D7 1B 15 19 B9 67 39 5F 00 00"
2025-08-09T00:04:16.256025,132.879,"can1  206  [16]  E6 61 07 1D F2 63 DD 1B 15 19 31 68 10 5F 00 00
  can1  002  [04]  C0 D4 01 00
  can1  206  [16]  6D 61 F3 1C A1 63 25 1C 06 19 4C 69 C0 5E 00 00"
2025-08-09T00:04:16.257107,132.880,"can1  206  [16]  6D 61 43 1C E6 61 A7 1C BF 18 5A 68 13 5C 00 00
  can1  206  [16]  AF 62 43 1C 1C 61 87 1C A2 18 BB 64 49 5B 00 00"
2025-08-09T00:04:16.473499,133.096,"can1  206  [16]  6A 64 6E 1C B2 5F 00 1C BF 18 E3 64 A6 5D 00 00
  can1  206  [16]  6A 64 07 1D 7B 60 E8 1B 28 19 40 67 89 5F 00 00"
2025-08-09T00:04:16.473499,133.096,"can1  206  [16]  00 63 0D 1D C9 63 E8 1B 19 19 82 68 10 5F 00 00
  can1  206  [16]  0E 62 07 1D 1A 64 E8 1B 2D 19 82 68 10 5F 00 00"
2025-08-09T00:04:16.694095,133.317,"can1  206  [16]  0E 62 FA 1C F2 63 FA 1B 32 19 AA 68 10 5F 00 00
  can1  206  [16]  00 63 ED 1C A1 63 EE 1B 10 19 9C 69 39 5F 00 00"
2025-08-09T00:04:16.694095,133.317,"can1  206  [16]  BD 61 E0 1C C9 63 DD 1B 01 19 C4 69 10 5F 00 00
  can1  206  [16]  1C 61 94 1C 00 63 62 1C F3 18 C4 69 CE 5D 00 00"
2025-08-09T00:04:16.919522,133.542,"can1  206  [16]  6D 61 50 1C A3 60 62 1C B0 18 F2 63 B4 5C 00 00
  can1  206  [16]  C9 63 75 1C 2B 60 E3 1B CD 18 E3 64 1F 5E 00 00"
2025-08-09T00:04:16.932083,133.555,"can1  206  [16]  28 63 1A 1D 45 61 FA 1B 23 19 68 67 61 5F 00 00
  can1  206  [16]  BD 61 00 1D F2 63 E3 1B 10 19 D3 68 10 5F 00 00"
2025-08-09T00:04:17.121056,133.744,"can1  206  [16]  F4 60 CD 1C 00 63 50 1C 01 19 FB 68 6F 5E 00 00
  can1  206  [16]  BD 61 8E 1C 00 63 75 1C EE 18 D3 68 CE 5D 00 00"
2025-08-09T00:04:17.121056,133.744,can1  206  [16]  E6 61 75 1C 28 63 7B 1C E0 18 D3 68 55 5D 00 00
2025-08-09T00:04:17.342124,133.965,"can1  206  [16]  BD 61 5C 1C 00 63 6E 1C D2 18 AA 68 DC 5C 00 00
  can1  206  [16]  E6 61 49 1C C9 63 7B 1C CD 18 31 68 DC 5C 00 00
  can1  206  [16]  95 61 43 1C 1C 61 6E 1C B0 18 1A 64 8C 5C 00 00
  can1  206  [16]  C9 63 6E 1C 45 61 E8 1B DB 18 D5 65 98 5E 00 00"
2025-08-09T00:04:17.561783,134.184,"can1  206  [16]  00 63 1A 1D 5F 62 C5 1B F8 18 26 66 61 5F 00 00
  can1  206  [16]  D8 62 07 1D 28 63 AD 1B FD 18 26 66 B2 5F 00 00
  can1  206  [16]  D8 62 1A 1D 79 63 A7 1B 01 19 C7 66 02 60 00 00"
2025-08-09T00:04:17.561783,134.184,"can1  206  [16]  5F 62 14 1D C9 63 C5 1B 10 19 C7 66 DA 5F 00 00
  can1  206  [16]  E6 61 0D 1D F2 63 D7 1B 10 19 17 67 B2 5F 00 00"
2025-08-09T00:04:17.561783,134.184,"can1  206  [16]  45 61 00 1D 6A 64 06 1C 06 19 4C 69 E8 5E 00 00
  can1  206  [16]  CC 60 75 1C 50 63 B3 1C D6 18 31 68 13 5C 00 00"
2025-08-09T00:04:17.783743,134.406,"can1  206  [16]  45 61 5C 1C 53 60 6E 1C B5 18 A1 63 C2 5B 00 00
  can1  206  [16]  50 63 94 1C 1C 61 DD 1B EE 18 E3 64 47 5E 00 00
  can1  206  [16]  5F 62 28 1D 87 62 D7 1B 06 19 AD 65 98 5E 00 00"
2025-08-09T00:04:18.005868,134.628,"can1  206  [16]  87 62 1A 1D 50 63 CB 1B 06 19 26 66 39 5F 00 00
  can1  206  [16]  5F 62 0D 1D C9 63 D7 1B 0B 19 4E 66 61 5F 00 00"
2025-08-09T00:04:18.228124,134.851,"can1  206  [16]  36 62 07 1D F2 63 DD 1B 19 19 C7 66 B2 5F 00 00
  can1  206  [16]  AF 62 0D 1D 1A 64 DD 1B 19 19 40 67 B2 5F 00 00
  can1  206  [16]  BD 61 07 1D 6A 64 DD 1B 3C 19 90 67 89 5F 00 00
  can1  206  [16]  E6 61 00 1D BB 64 DD 1B 28 19 09 68 B2 5F 00 00
  can1  206  [16]  36 62 00 1D E3 64 DD 1B 37 19 82 68 61 5F 00 00"
2025-08-09T00:04:18.228124,134.851,"can1  206  [16]  BD 61 FA 1C BB 64 E3 1B 3C 19 FB 68 61 5F 00 00
  can1  206  [16]  95 61 A0 1C C9 63 62 1C 23 19 FB 68 1F 5E 00 00"
2025-08-09T00:04:18.448709,135.071,"can1  206  [16]  BD 61 62 1C A1 63 87 1C 06 19 31 68 55 5D 00 00
  can1  206  [16]  45 61 25 1C F4 60 8E 1C BF 18 00 63 8C 5C 00 00"
2025-08-09T00:04:18.454290,135.077,can1  206  [16]  1A 64 50 1C 53 60 E8 1B E5 18 F2 63 1F 5E 00 00
2025-08-09T00:04:18.454290,135.077,"can1  206  [16]  50 63 07 1D 6D 61 DD 1B 3C 19 17 67 02 60 00 00
  can1  206  [16]  A3 60 00 1D F2 63 1F 1C 10 19 FB 68 E8 5E 00 00"
2025-08-09T00:04:18.669903,135.292,"can1  206  [16]  45 61 37 1C AF 62 AD 1C B5 18 E1 67 13 5C 00 00
  can1  206  [16]  5F 62 19 1C BD 61 94 1C 94 18 40 67 EB 5B 00 00"
2025-08-09T00:04:18.669903,135.292,"can1  206  [16]  00 63 25 1C 95 61 75 1C 99 18 C9 63 B4 5C 00 00
  can1  206  [16]  6A 64 62 1C 7B 60 E3 1B C3 18 93 64 47 5E 00 00"
2025-08-09T00:04:18.892073,135.515,"can1  206  [16]  28 63 21 1D E6 61 B9 1B E5 18 E3 64 39 5F 00 00
  can1  206  [16]  79 63 1A 1D AF 62 9C 1B F3 18 E3 64 B2 5F 00 00"
2025-08-09T00:04:18.892073,135.515,"can1  206  [16]  28 63 1A 1D 28 63 90 1B FD 18 E3 64 B2 5F 00 00
  can1  206  [16]  28 63 2E 1D A1 63 90 1B 01 19 0C 65 DA 5F 00 00"
2025-08-09T00:04:19.112307,135.735,"can1  206  [16]  79 63 1A 1D 1A 64 9C 1B 15 19 D5 65 2B 60 00 00
  can1  206  [16]  00 63 1A 1D 1A 64 A2 1B 15 19 9F 66 B2 5F 00 00"
2025-08-09T00:04:19.112307,135.735,"can1  206  [16]  95 61 07 1D 42 64 D1 1B 0B 19 FB 68 E8 5E 00 00
  can1  206  [16]  A3 60 5C 1C AF 62 75 1C CD 18 09 68 DC 5C 00 00"
2025-08-09T00:04:19.333396,135.956,"can1  206  [16]  45 61 37 1C B2 5F 3D 1C AC 18 D8 62 DC 5C 00 00
  can1  206  [16]  6A 64 68 1C 53 60 A2 1B D6 18 42 64 98 5E 00 00"
2025-08-09T00:04:19.333396,135.956,"can1  206  [16]  79 63 28 1D BD 61 A2 1B FD 18 E3 64 53 60 00 00
  can1  206  [16]  D8 62 14 1D AF 62 A7 1B 0B 19 FD 65 A3 60 00 00"
2025-08-09T00:04:19.554961,136.178,"can1  206  [16]  5F 62 1A 1D D8 62 A7 1B 37 19 D5 65 CC 60 00 00
  can1  206  [16]  87 62 1A 1D D8 62 BF 1B 1E 19 4E 66 02 60 00 00"
2025-08-09T00:04:19.554961,136.178,"can1  206  [16]  0E 62 1A 1D D8 62 D1 1B 28 19 C7 66 02 60 00 00
  can1  206  [16]  E6 61 0D 1D 79 63 D1 1B 2D 19 40 67 B2 5F 00 00"
2025-08-09T00:04:19.776409,136.399,"can1  206  [16]  45 61 E7 1C 28 63 EE 1B 10 19 23 69 E8 5E 00 00
  can1  206  [16]  CC 60 3D 1C BD 61 8E 1C BF 18 B9 67 64 5C 00 00"
2025-08-09T00:04:19.776409,136.399,"can1  206  [16]  E6 61 1F 1C CC 60 5C 1C 94 18 F2 63 2D 5D 00 00
  can1  206  [16]  6A 64 5C 1C 39 5F D7 1B BA 18 F2 63 A6 5D 00 00"
2025-08-09T00:04:19.982005,136.605,"can1  206  [16]  79 63 00 1D A3 60 AD 1B 2D 19 4E 66 B2 5F 00 00
  can1  206  [16]  CC 60 00 1D 50 63 FA 1B 2D 19 23 69 C0 5E 00 00"
2025-08-09T00:04:19.985569,136.608,"can1  206  [16]  E6 61 B3 1C 28 63 19 1C 06 19 5A 68 6F 5E 00 00
  can1  206  [16]  F4 60 25 1C BD 61 8E 1C B0 18 68 67 13 5C 00 00"
2025-08-09T00:04:20.203188,136.826,"can1  206  [16]  28 63 13 1C CC 60 62 1C 99 18 00 63 13 5C 00 00
  can1  206  [16]  BB 64 50 1C 61 5F CB 1B BF 18 28 63 7E 5D 00 00
  can1  002  [04]  08 C9 01 00"
2025-08-09T00:04:20.203188,136.826,"can1  206  [16]  BB 64 07 1D 45 61 BF 1B 28 19 26 66 61 5F 00 00
  can1  206  [16]  D8 62 1A 1D BB 64 BF 1B 1E 19 E1 67 10 5F 00 00"
2025-08-09T00:04:20.203188,136.826,"can1  206  [16]  00 63 00 1D 0C 65 B9 1B 15 19 5A 68 61 5F 00 00
  can1  206  [16]  BD 61 E7 1C D5 65 B9 1B 32 19 D3 68 39 5F 00 00"
2025-08-09T00:04:20.424452,137.047,"can1  206  [16]  95 61 A7 1C 1A 64 37 1C 2D 19 09 68 47 5E 00 00
  can1  206  [16]  0E 62 68 1C 1A 64 5C 1C E9 18 09 68 55 5D 00 00"
2025-08-09T00:04:20.424452,137.047,"can1  206  [16]  AF 62 49 1C 1A 64 56 1C D6 18 31 68 B4 5C 00 00
  can1  206  [16]  00 63 3D 1C 28 63 62 1C DB 18 09 68 8C 5C 00 00
  can1  002  [04]  C0 D4 01 00"
2025-08-09T00:04:20.645693,137.268,"can1  206  [16]  36 62 25 1C AF 62 68 1C BA 18 E1 67 3B 5C 00 00
  can1  206  [16]  AF 62 19 1C 0E 62 87 1C AC 18 E1 67 13 5C 00 00"
2025-08-09T00:04:20.645693,137.268,"can1  206  [16]  79 63 13 1C 95 61 7B 1C 94 18 42 64 C2 5B 00 00
  can1  206  [16]  26 66 50 1C 89 5F 0C 1C BA 18 A1 63 55 5D 00 00"
2025-08-09T00:04:20.866956,137.490,"can1  206  [16]  D5 65 ED 1C CC 60 DD 1B 28 19 D5 65 B2 5F 00 00
  can1  206  [16]  5F 62 21 1D C9 63 E3 1B 28 19 40 67 B2 5F 00 00"
2025-08-09T00:04:20.866956,137.490,"can1  206  [16]  36 62 00 1D 42 64 E3 1B 2D 19 90 67 89 5F 00 00
  can1  206  [16]  E6 61 07 1D 6A 64 E8 1B 23 19 31 68 89 5F 00 00"
2025-08-09T00:04:21.089256,137.712,"can1  206  [16]  95 61 D3 1C 50 63 43 1C 0B 19 AA 68 98 5E 00 00
  can1  206  [16]  E6 61 87 1C 28 63 6E 1C F3 18 AA 68 1F 5E 00 00"
2025-08-09T00:04:21.089256,137.712,"can1  206  [16]  D8 62 7B 1C 28 63 75 1C E9 18 09 68 A6 5D 00 00
  can1  206  [16]  6D 61 31 1C A3 60 94 1C 99 18 79 63 64 5C 00 00"
2025-08-09T00:04:21.294634,137.917,"can1  206  [16]  D5 65 5C 1C 61 5F 00 1C E0 18 F2 63 A6 5D 00 00
  can1  206  [16]  C9 63 00 1D 53 60 E3 1B 37 19 26 66 02 60 00 00"
2025-08-09T00:04:21.294634,137.917,"can1  206  [16]  45 61 14 1D 28 63 1F 1C 0B 19 D3 68 10 5F 00 00
  can1  206  [16]  CC 60 49 1C 6D 61 A7 1C 99 18 E3 64 EB 5B 00 00"
2025-08-09T00:04:21.516210,138.139,"can1  206  [16]  6A 64 50 1C E8 5E 5C 1C AC 18 00 63 B4 5C 00 00
  can1  206  [16]  6A 64 A0 1C B2 5F D7 1B 01 19 A1 63 39 5F 00 00"
2025-08-09T00:04:21.516210,138.139,"can1  206  [16]  1A 64 42 1D 36 62 D7 1B 1E 19 D5 65 02 60 00 00
  can1  206  [16]  C9 63 1A 1D D8 62 D1 1B 3C 19 26 66 DA 5F 00 00"
2025-08-09T00:04:21.737062,138.360,"can1  206  [16]  D8 62 1A 1D 00 63 CB 1B 4A 19 EF 66 02 60 00 00
  can1  206  [16]  AF 62 1A 1D 28 63 CB 1B 40 19 B9 67 02 60 00 00"
2025-08-09T00:04:21.740111,138.363,"can1  206  [16]  D8 62 00 1D 79 63 C5 1B 19 19 E1 67 DA 5F 00 00
  can1  206  [16]  5F 62 07 1D A1 63 B9 1B 23 19 5A 68 02 60 00 00"
2025-08-09T00:04:21.958578,138.581,"can1  206  [16]  0E 62 FA 1C A1 63 B9 1B 19 19 AA 68 89 5F 00 00
  can1  206  [16]  6D 61 C0 1C AF 62 25 1C 06 19 5A 68 98 5E 00 00"
2025-08-09T00:04:21.958578,138.581,"can1  206  [16]  36 62 7B 1C 36 62 5C 1C EE 18 09 68 CE 5D 00 00
  can1  206  [16]  A1 63 5C 1C 87 62 56 1C DB 18 31 68 05 5D 00 00"
2025-08-09T00:04:21.958578,138.581,"can1  206  [16]  A1 63 49 1C 5F 62 62 1C CD 18 82 68 DC 5C 00 00
  can1  206  [16]  00 63 49 1C 0E 62 62 1C D6 18 82 68 B4 5C 00 00
  can1  002  [04]  08 C9 01 00"
2025-08-09T00:04:22.179871,138.802,"can1  206  [16]  D8 62 37 1C 95 61 56 1C B0 18 E3 64 C2 5B 00 00
  can1  206  [16]  26 66 49 1C 98 5E FA 1B C3 18 D8 62 05 5D 00 00"
2025-08-09T00:04:22.179871,138.802,"can1  206  [16]  0C 65 C7 1C 89 5F 90 1B 15 19 E3 64 02 60 00 00
  can1  206  [16]  C9 63 35 1D 87 62 9C 1B 19 19 76 66 7B 60 00 00"
2025-08-09T00:04:22.401124,139.024,"can1  206  [16]  1A 64 14 1D D8 62 A2 1B 1E 19 17 67 7B 60 00 00
  can1  206  [16]  AF 62 07 1D 28 63 A7 1B 1E 19 E1 67 2B 60 00 00"
2025-08-09T00:04:22.401124,139.024,"can1  206  [16]  5F 62 00 1D A1 63 BF 1B 19 19 09 68 02 60 00 00
  can1  206  [16]  87 62 FA 1C C9 63 D1 1B 19 19 82 68 DA 5F 00 00
  can1  002  [04]  C0 D4 01 00"
2025-08-09T00:04:22.607649,139.230,"can1  206  [16]  AF 62 F3 1C C9 63 DD 1B 15 19 D3 68 B2 5F 00 00
  can1  206  [16]  E6 61 F3 1C C9 63 E3 1B 10 19 74 69 B2 5F 00 00"
2025-08-09T00:04:22.607649,139.230,"can1  206  [16]  95 61 9A 1C AF 62 6E 1C FD 18 4C 69 F6 5D 00 00
  can1  206  [16]  0E 62 56 1C 5F 62 8E 1C D6 18 4C 69 05 5D 00 00"
2025-08-09T00:04:22.828043,139.451,"can1  206  [16]  87 62 43 1C 36 62 8E 1C C3 18 4C 69 B4 5C 00 00
  can1  206  [16]  A1 63 31 1C 36 62 8E 1C BF 18 23 69 64 5C 00 00"
2025-08-09T00:04:22.828043,139.451,"can1  206  [16]  87 62 2B 1C BD 61 8E 1C B0 18 FB 68 13 5C 00 00
  can1  206  [16]  87 62 1F 1C 45 61 75 1C 94 18 FD 65 EB 5B 00 00"
2025-08-09T00:04:23.049374,139.672,"can1  206  [16]  BB 64 50 1C 39 5F 00 1C B0 18 93 64 B4 5C 00 00
  can1  206  [16]  1A 64 FA 1C 2B 60 BF 1B 23 19 C7 66 DA 5F 00 00"
2025-08-09T00:04:23.049374,139.672,"can1  206  [16]  E6 61 28 1D 50 63 C5 1B 28 19 B9 67 DA 5F 00 00
  can1  206  [16]  36 62 07 1D A1 63 CB 1B 23 19 B9 67 89 5F 00 00"
2025-08-09T00:04:23.270799,139.893,"can1  206  [16]  0E 62 FA 1C A1 63 CB 1B 1E 19 31 68 61 5F 00 00
  can1  002  [04]  78 E0 01 00
  can1  206  [16]  BD 61 FA 1C F2 63 CB 1B 19 19 D3 68 61 5F 00 00"
2025-08-09T00:04:23.270799,139.893,"can1  206  [16]  E6 61 F3 1C F2 63 DD 1B 15 19 FB 68 61 5F 00 00
  can1  206  [16]  5F 62 ED 1C F2 63 DD 1B 10 19 4C 69 C0 5E 00 00"
2025-08-09T00:04:23.490945,140.114,"can1  206  [16]  45 61 87 1C 87 62 68 1C E9 18 82 68 B4 5C 00 00
  can1  206  [16]  36 62 50 1C AF 62 62 1C C3 18 82 68 EB 5B 00 00
  can1  206  [16]  D8 62 37 1C D8 62 62 1C BA 18 31 68 9A 5B 00 00"
2025-08-09T00:04:23.490945,140.114,"can1  206  [16]  00 63 2B 1C 36 62 62 1C A7 18 09 68 9A 5B 00 00
  can1  206  [16]  D8 62 25 1C BD 61 62 1C A2 18 E1 67 9A 5B 00 00"
2025-08-09T00:04:23.711605,140.334,"can1  206  [16]  28 63 1F 1C 36 62 5C 1C 9E 18 90 67 9A 5B 00 00
  can1  002  [04]  C0 D4 01 00
  can1  206  [16]  C9 63 1F 1C BD 61 56 1C 8B 18 40 67 72 5B 00 00"
2025-08-09T00:04:23.711605,140.334,can1  206  [16]  F2 63 1F 1C 45 61 49 1C A7 18 28 63 13 5C 00 00
2025-08-09T00:04:23.711605,140.334,"can1  206  [16]  0C 65 68 1C A3 60 BF 1B D6 18 C9 63 CE 5D 00 00
  can1  206  [16]  6A 64 1A 1D E6 61 9C 1B F8 18 1A 64 C0 5E 00 00"
2025-08-09T00:04:23.933089,140.556,"can1  206  [16]  42 64 1A 1D 87 62 90 1B 06 19 6A 64 39 5F 00 00
  can1  206  [16]  6A 64 21 1D D8 62 96 1B 0B 19 93 64 B2 5F 00 00"
2025-08-09T00:04:23.933089,140.556,"can1  206  [16]  6A 64 21 1D 50 63 96 1B 15 19 D5 65 02 60 00 00
  can1  206  [16]  F2 63 21 1D C9 63 9C 1B 1E 19 26 66 B2 5F 00 00
  can1  002  [04]  78 E0 01 00"
2025-08-09T00:04:24.160640,140.783,"can1  206  [16]  50 63 1A 1D 1A 64 A2 1B 23 19 4E 66 89 5F 00 00
  can1  206  [16]  00 63 14 1D 6A 64 A7 1B 19 19 EF 66 B2 5F 00 00"
2025-08-09T00:04:24.160640,140.783,"can1  206  [16]  87 62 0D 1D 6A 64 B3 1B 23 19 68 67 B2 5F 00 00
  can1  206  [16]  0E 62 00 1D E3 64 AD 1B 2D 19 B9 67 89 5F 00 00"
2025-08-09T00:04:24.376065,140.999,"can1  206  [16]  36 62 FA 1C E3 64 D7 1B 45 19 B9 67 10 5F 00 00
  can1  206  [16]  BD 61 FA 1C BB 64 CB 1B 1E 19 09 68 E8 5E 00 00"
2025-08-09T00:04:24.376065,140.999,"can1  206  [16]  E6 61 E7 1C 6A 64 BF 1B 15 19 AA 68 39 5F 00 00
  can1  206  [16]  00 63 E0 1C 93 64 BF 1B 10 19 FB 68 C0 5E 00 00"
2025-08-09T00:04:24.596209,141.219,"can1  206  [16]  36 62 E7 1C 6A 64 D1 1B 0B 19 4C 69 E8 5E 00 00
  can1  206  [16]  AF 62 E0 1C 6A 64 E3 1B 06 19 4C 69 E8 5E 00 00"
2025-08-09T00:04:24.596209,141.219,"can1  206  [16]  0E 62 D3 1C 6A 64 FA 1B 01 19 23 69 98 5E 00 00
  can1  206  [16]  A1 63 CD 1C 6A 64 0C 1C FD 18 AA 68 E8 5E 00 00"
2025-08-09T00:04:24.818623,141.441,"can1  206  [16]  C9 63 A7 1C 1A 64 1F 1C F8 18 AA 68 47 5E 00 00
  can1  002  [04]  C0 D4 01 00
  can1  206  [16]  1A 64 9A 1C C9 63 2B 1C F8 18 31 68 1F 5E 00 00"
2025-08-09T00:04:24.818623,141.441,"can1  206  [16]  28 63 87 1C 1A 64 43 1C EE 18 D3 68 A6 5D 00 00
  can1  206  [16]  28 63 6E 1C C9 63 5C 1C E0 18 FB 68 A6 5D 00 00"
2025-08-09T00:04:24.818623,141.441,"can1  206  [16]  BD 61 56 1C C9 63 5C 1C D6 18 D3 68 55 5D 00 00
  can1  206  [16]  D8 62 43 1C F2 63 9A 1C C8 18 FB 68 B4 5C 00 00"
2025-08-09T00:04:25.040650,141.663,"can1  206  [16]  28 63 2B 1C F2 63 75 1C BA 18 D3 68 49 5B 00 00
  can1  206  [16]  0E 62 25 1C 79 63 75 1C AC 18 82 68 9A 5B 00 00"
2025-08-09T00:04:25.040650,141.663,"can1  206  [16]  00 63 19 1C 28 63 62 1C A2 18 AA 68 72 5B 00 00
  can1  206  [16]  D8 62 13 1C D8 62 62 1C 99 18 82 68 21 5B 00 00
  can1  002  [04]  78 E0 01 00"
2025-08-09T00:04:25.246775,141.869,"can1  206  [16]  1A 64 1F 1C 5F 62 68 1C 90 18 31 68 F9 5A 00 00
  can1  206  [16]  1A 64 1F 1C 36 62 62 1C 86 18 90 67 21 5B 00 00"
2025-08-09T00:04:25.255146,141.878,"can1  206  [16]  1A 64 1F 1C 0E 62 5C 1C 90 18 40 67 F9 5A 00 00
  can1  206  [16]  BB 64 25 1C 45 61 37 1C A7 18 1A 64 C2 5B 00 00"
2025-08-09T00:04:25.468673,142.091,"can1  206  [16]  6A 64 81 1C 6D 61 A7 1B F3 18 D5 65 1F 5E 00 00
  can1  206  [16]  F2 63 42 1D 50 63 96 1B 0B 19 4E 66 E8 5E 00 00"
2025-08-09T00:04:25.468673,142.091,"can1  206  [16]  AF 62 21 1D F2 63 96 1B 10 19 EF 66 61 5F 00 00
  can1  206  [16]  D8 62 1A 1D 1A 64 A2 1B 15 19 40 67 39 5F 00 00"
2025-08-09T00:04:25.691021,142.314,"can1  206  [16]  E6 61 1A 1D 6A 64 A7 1B 1E 19 90 67 61 5F 00 00
  can1  206  [16]  BD 61 0D 1D 42 64 B3 1B 23 19 E1 67 E8 5E 00 00"
2025-08-09T00:04:25.691021,142.314,"can1  206  [16]  45 61 F3 1C 42 64 EE 1B 10 19 3D 6A 1F 5E 00 00
  can1  206  [16]  A3 60 3D 1C 00 63 94 1C C8 18 09 68 C2 5B 00 00"
2025-08-09T00:04:25.912636,142.535,"can1  206  [16]  5F 62 25 1C 87 62 7B 1C A2 18 E1 67 F9 5A 00 00
  can1  206  [16]  87 62 13 1C E6 61 68 1C 86 18 90 67 F9 5A 00 00"
2025-08-09T00:04:25.912636,142.535,"can1  206  [16]  50 63 1F 1C E6 61 62 1C 90 18 90 67 21 5B 00 00
  can1  206  [16]  50 63 1F 1C 1C 61 50 1C A7 18 F2 63 9A 5B 00 00"
2025-08-09T00:04:26.134117,142.757,"can1  206  [16]  6A 64 68 1C CC 60 CB 1B DB 18 E3 64 A6 5D 00 00
  can1  002  [04]  C0 D4 01 00
  can1  206  [16]  28 63 3B 1D 5F 62 A7 1B F8 18 BB 64 6F 5E 00 00"
2025-08-09T00:04:26.134117,142.757,"can1  206  [16]  50 63 21 1D 00 63 A2 1B 01 19 BB 64 E8 5E 00 00
  can1  206  [16]  AF 62 21 1D 28 63 9C 1B 10 19 FD 65 39 5F 00 00"
2025-08-09T00:04:26.134117,142.757,"can1  206  [16]  00 63 1A 1D C9 63 9C 1B 19 19 FD 65 39 5F 00 00
  can1  206  [16]  D8 62 21 1D F2 63 96 1B 23 19 C7 66 61 5F 00 00"
2025-08-09T00:04:26.355038,142.978,"can1  206  [16]  D8 62 1A 1D 42 64 9C 1B 28 19 E1 67 61 5F 00 00
  can1  206  [16]  6D 61 F3 1C 6A 64 DD 1B 15 19 ED 69 1F 5E 00 00
  can1  206  [16]  1C 61 50 1C 28 63 81 1C D6 18 D3 68 C2 5B 00 00"
2025-08-09T00:04:26.577087,143.200,"can1  206  [16]  95 61 49 1C 02 60 25 1C AC 18 F2 63 C2 5B 00 00
  can1  206  [16]  A1 63 94 1C F4 60 9C 1B F8 18 FD 65 47 5E 00 00"
2025-08-09T00:04:26.577087,143.200,"can1  206  [16]  AF 62 3B 1D 50 63 AD 1B 10 19 76 66 E8 5E 00 00
  can1  206  [16]  5F 62 28 1D 1A 64 9C 1B 19 19 C7 66 61 5F 00 00"
2025-08-09T00:04:26.577087,143.200,"can1  206  [16]  28 63 1A 1D 6A 64 A7 1B 28 19 68 67 61 5F 00 00
  can1  206  [16]  79 63 14 1D BB 64 AD 1B 28 19 E1 67 10 5F 00 00"
2025-08-09T00:04:26.798226,143.421,"can1  206  [16]  5F 62 14 1D 0C 65 A7 1B 28 19 5A 68 10 5F 00 00
  can1  206  [16]  36 62 FA 1C FD 65 B9 1B 1E 19 D3 68 C0 5E 00 00"
2025-08-09T00:04:27.020850,143.643,"can1  206  [16]  0E 62 00 1D 26 66 B3 1B 19 19 23 69 98 5E 00 00
  can1  002  [04]  78 E0 01 00
  can1  206  [16]  D8 62 14 1D D5 65 B9 1B 19 19 74 69 98 5E 00 00"
2025-08-09T00:04:27.020850,143.643,"can1  206  [16]  0E 62 07 1D D5 65 C5 1B 15 19 ED 69 C0 5E 00 00
  can1  206  [16]  36 62 F3 1C 6A 64 D7 1B 10 19 15 6A 98 5E 00 00"
2025-08-09T00:04:27.020850,143.643,"can1  206  [16]  0E 62 FA 1C 1A 64 D1 1B 06 19 15 6A 6F 5E 00 00
  can1  206  [16]  0E 62 FA 1C 1A 64 DD 1B 06 19 ED 69 6F 5E 00 00"
2025-08-09T00:04:27.241384,143.864,"can1  206  [16]  00 63 E0 1C F2 63 EE 1B 0B 19 ED 69 47 5E 00 00
  can1  206  [16]  28 63 D3 1C F2 63 13 1C 01 19 74 69 1F 5E 00 00"
2025-08-09T00:04:27.241384,143.864,"can1  206  [16]  00 63 C7 1C A1 63 31 1C 01 19 4C 69 1F 5E 00 00
  can1  206  [16]  5F 62 A7 1C 79 63 56 1C 01 19 4C 69 7E 5D 00 00"
2025-08-09T00:04:27.463383,144.086,"can1  206  [16]  87 62 9A 1C 79 63 68 1C FD 18 74 69 05 5D 00 00
  can1  206  [16]  5F 62 81 1C 50 63 81 1C E9 18 4C 69 B4 5C 00 00"
2025-08-09T00:04:27.463383,144.086,"can1  206  [16]  5F 62 7B 1C 79 63 94 1C E0 18 23 69 8C 5C 00 00
  can1  206  [16]  AF 62 62 1C 00 63 A0 1C D2 18 23 69 13 5C 00 00"
2025-08-09T00:04:27.685461,144.308,"can1  206  [16]  D8 62 49 1C D8 62 A0 1C BA 18 FB 68 EB 5B 00 00
  can1  206  [16]  AF 62 43 1C 87 62 94 1C B0 18 D3 68 72 5B 00 00
  can1  206  [16]  79 63 3D 1C 5F 62 75 1C A7 18 82 68 F9 5A 00 00"
2025-08-09T00:04:27.685461,144.308,can1  206  [16]  A1 63 25 1C 45 61 5C 1C 9E 18 6A 64 21 5B 00 00
2025-08-09T00:04:27.906959,144.530,"can1  206  [16]  0C 65 68 1C 61 5F DD 1B BF 18 93 64 DC 5C 00 00
  can1  002  [04]  C0 D4 01 00
  can1  206  [16]  E3 64 14 1D 7B 60 BF 1B 32 19 9F 66 39 5F 00 00"
2025-08-09T00:04:27.906959,144.530,"can1  206  [16]  E6 61 35 1D 79 63 BF 1B 2D 19 09 68 10 5F 00 00
  can1  206  [16]  0E 62 07 1D 1A 64 BF 1B 28 19 82 68 10 5F 00 00"
2025-08-09T00:04:28.128634,144.751,"can1  206  [16]  E6 61 0D 1D F2 63 D1 1B 1E 19 AA 68 C0 5E 00 00
  can1  206  [16]  36 62 00 1D 6A 64 CB 1B 19 19 FB 68 98 5E 00 00"
2025-08-09T00:04:28.128634,144.751,"can1  206  [16]  E6 61 00 1D 1A 64 D7 1B 19 19 9C 69 6F 5E 00 00
  can1  206  [16]  1C 61 B3 1C 00 63 56 1C 01 19 FB 68 B4 5C 00 00
  can1  206  [16]  5F 62 68 1C D8 62 68 1C DB 18 D3 68 13 5C 00 00"
2025-08-09T00:04:28.350035,144.973,"can1  206  [16]  5F 62 49 1C 79 63 6E 1C CD 18 D3 68 C2 5B 00 00
  can1  206  [16]  5F 62 43 1C D8 62 8E 1C BA 18 AA 68 72 5B 00 00"
2025-08-09T00:04:28.350035,144.973,"can1  206  [16]  AF 62 3D 1C AF 62 94 1C A2 18 AA 68 49 5B 00 00
  can1  206  [16]  28 63 37 1C 0E 62 9A 1C A7 18 AA 68 49 5B 00 00"
2025-08-09T00:04:28.587143,145.210,"can1  206  [16]  79 63 31 1C BD 61 94 1C 9E 18 31 68 21 5B 00 00
  can1  002  [04]  78 E0 01 00
  can1  206  [16]  C9 63 2B 1C 95 61 7B 1C A2 18 6A 64 C2 5B 00 00"
2025-08-09T00:04:28.587143,145.210,"can1  206  [16]  F2 63 7B 1C 7B 60 D1 1B D6 18 E3 64 7E 5D 00 00
  can1  206  [16]  A1 63 2E 1D 45 61 B9 1B 32 19 31 68 10 5F 00 00"
2025-08-09T00:04:28.587143,145.210,"can1  206  [16]  E6 61 2E 1D C9 63 AD 1B 23 19 23 69 98 5E 00 00
  can1  206  [16]  87 62 1A 1D 1A 64 B3 1B 1E 19 4C 69 98 5E 00 00"
2025-08-09T00:04:28.777489,145.400,can1  206  [16]  45 61 CD 1C D8 62 37 1C 06 19 23 69 55 5D 00 00
2025-08-09T00:04:28.777489,145.400,"can1  206  [16]  36 62 8E 1C 87 62 5C 1C E0 18 FB 68 3B 5C 00 00
  can1  206  [16]  28 63 75 1C 00 63 5C 1C D6 18 23 69 3B 5C 00 00
  can1  002  [04]  30 EC 01 00"
2025-08-09T00:04:28.999583,145.622,"can1  206  [16]  0E 62 56 1C E6 61 62 1C C3 18 FB 68 EB 5B 00 00
  can1  206  [16]  AF 62 43 1C 95 61 5C 1C 78 18 76 66 21 5B 00 00"
2025-08-09T00:04:28.999583,145.622,"can1  206  [16]  26 66 6E 1C 47 5E 06 1C AC 18 42 64 B4 5C 00 00
  can1  206  [16]  6A 64 DA 1C 89 5F AD 1B 0B 19 D5 65 61 5F 00 00"
2025-08-09T00:04:29.220861,145.843,"can1  206  [16]  A1 63 56 1D 36 62 C5 1B 1E 19 40 67 61 5F 00 00
  can1  206  [16]  D8 62 2E 1D D8 62 CB 1B 23 19 E1 67 89 5F 00 00"
2025-08-09T00:04:29.220861,145.843,"can1  206  [16]  28 63 1A 1D 00 63 C5 1B 23 19 31 68 89 5F 00 00
  can1  206  [16]  E6 61 14 1D 50 63 B9 1B 28 19 5A 68 61 5F 00 00"
2025-08-09T00:04:29.441798,146.064,"can1  206  [16]  5F 62 14 1D 79 63 B3 1B 15 19 D3 68 61 5F 00 00
  can1  206  [16]  F4 60 E0 1C 87 62 1F 1C FD 18 4C 69 C0 5E 00 00"
2025-08-09T00:04:29.441798,146.064,"can1  206  [16]  F4 60 43 1C 7B 60 6E 1C 90 18 42 64 EB 5B 00 00
  can1  206  [16]  C9 63 68 1C 98 5E EE 1B A7 18 F2 63 7E 5D 00 00"
2025-08-09T00:04:29.665560,146.288,"can1  206  [16]  A1 63 ED 1C B2 5F A2 1B 15 19 26 66 2B 60 00 00
  can1  002  [04]  78 E0 01 00
  can1  206  [16]  6D 61 28 1D D8 62 D1 1B 01 19 23 69 39 5F 00 00"
2025-08-09T00:04:29.665560,146.288,"can1  206  [16]  F4 60 7B 1C E6 61 75 1C D2 18 E1 67 8C 5C 00 00
  can1  206  [16]  0E 62 3D 1C 45 61 68 1C 8B 18 93 64 C2 5B 00 00"
2025-08-09T00:04:29.665560,146.288,"can1  206  [16]  93 64 68 1C C0 5E 0C 1C AC 18 50 63 B4 5C 00 00
  can1  206  [16]  93 64 ED 1C DA 5F BF 1B 1E 19 BB 64 89 5F 00 00"
2025-08-09T00:04:29.884825,146.507,"can1  206  [16]  0E 62 42 1D AF 62 BF 1B 2D 19 C7 66 B2 5F 00 00
  can1  206  [16]  AF 62 2E 1D 50 63 BF 1B 2D 19 17 67 53 60 00 00"
2025-08-09T00:04:29.884825,146.507,"can1  206  [16]  F4 60 0D 1D 28 63 FA 1B 15 19 D3 68 39 5F 00 00
  can1  206  [16]  F4 60 50 1C 6D 61 81 1C 90 18 6A 64 C2 5B 00 00"
2025-08-09T00:04:30.105198,146.728,can1  206  [16]  6A 64 56 1C 61 5F 31 1C A7 18 00 63 DC 5C 00 00
2025-08-09T00:04:30.105198,146.728,"can1  206  [16]  F2 63 B3 1C 7B 60 AD 1B 01 19 1A 64 B2 5F 00 00
  can1  002  [04]  C0 D4 01 00
  can1  206  [16]  87 62 42 1D D8 62 AD 1B 10 19 D5 65 2B 60 00 00"
2025-08-09T00:04:30.326619,146.949,"can1  206  [16]  36 62 1A 1D 79 63 A7 1B 1E 19 4E 66 2B 60 00 00
  can1  206  [16]  BD 61 21 1D A1 63 A7 1B 28 19 C7 66 02 60 00 00"
2025-08-09T00:04:30.326619,146.949,"can1  206  [16]  6D 61 FA 1C C9 63 F4 1B 10 19 FB 68 C0 5E 00 00
  can1  206  [16]  2B 60 50 1C 5F 62 9A 1C CD 18 68 67 8C 5C 00 00"
2025-08-09T00:04:30.547946,147.171,"can1  206  [16]  AF 62 2B 1C 6D 61 6E 1C 90 18 F2 63 3B 5C 00 00
  can1  206  [16]  F2 63 5C 1C 10 5F FA 1B BF 18 28 63 05 5D 00 00"
2025-08-09T00:04:30.547946,147.171,"can1  206  [16]  28 63 F3 1C 02 60 CB 1B 2D 19 0C 65 DA 5F 00 00
  can1  206  [16]  E6 61 2E 1D 28 63 B9 1B 2D 19 68 67 DA 5F 00 00
  can1  206  [16]  E6 61 1A 1D C9 63 A7 1B 23 19 E1 67 DA 5F 00 00"
2025-08-09T00:04:30.769770,147.392,"can1  002  [04]  08 C9 01 00
  can1  206  [16]  D8 62 14 1D C9 63 A7 1B 28 19 09 68 DA 5F 00 00
  can1  206  [16]  E6 61 0D 1D F2 63 D7 1B 28 19 B9 67 B2 5F 00 00"
2025-08-09T00:04:30.769770,147.392,can1  206  [16]  45 61 C7 1C D8 62 5C 1C 10 19 90 67 98 5E 00 00
2025-08-09T00:04:30.993025,147.616,"can1  206  [16]  95 61 3D 1C CC 60 AD 1C A7 18 28 63 64 5C 00 00
  can1  206  [16]  6A 64 68 1C 39 5F 25 1C BA 18 C9 63 55 5D 00 00"
2025-08-09T00:04:30.993025,147.616,"can1  206  [16]  6A 64 07 1D 53 60 E3 1B 37 19 D5 65 DA 5F 00 00
  can1  206  [16]  AF 62 4F 1D A1 63 EE 1B 37 19 9F 66 89 5F 00 00"
2025-08-09T00:04:30.993025,147.616,"can1  206  [16]  BD 61 1A 1D 1A 64 EE 1B 37 19 17 67 89 5F 00 00
  can1  002  [04]  C0 D4 01 00
  can1  206  [16]  45 61 FA 1C 50 63 43 1C 1E 19 5A 68 6F 5E 00 00"
2025-08-09T00:04:31.214562,147.837,"can1  206  [16]  F4 60 43 1C BD 61 CD 1C C8 18 EF 66 13 5C 00 00
  can1  206  [16]  50 63 31 1C F4 60 9A 1C B0 18 28 63 8C 5C 00 00"
2025-08-09T00:04:31.214562,147.837,"can1  206  [16]  93 64 6E 1C 89 5F F4 1B D6 18 C9 63 47 5E 00 00
  can1  206  [16]  A1 63 21 1D CC 60 E3 1B 3C 19 76 66 53 60 00 00"
2025-08-09T00:04:31.435382,148.058,"can1  206  [16]  0E 62 21 1D A1 63 E3 1B 32 19 E1 67 B2 5F 00 00
  can1  206  [16]  6D 61 F3 1C 79 63 37 1C 15 19 D3 68 6F 5E 00 00"
2025-08-09T00:04:31.435382,148.058,"can1  206  [16]  6D 61 37 1C 45 61 87 1C A7 18 1A 64 EB 5B 00 00
  can1  206  [16]  F2 63 62 1C 61 5F 06 1C BF 18 79 63 DC 5C 00 00"
2025-08-09T00:04:31.656990,148.280,"can1  206  [16]  C9 63 E7 1C 2B 60 AD 1B 23 19 93 64 89 5F 00 00
  can1  206  [16]  45 61 28 1D A1 63 DD 1B 23 19 AA 68 10 5F 00 00"
2025-08-09T00:04:31.656990,148.280,"can1  206  [16]  7B 60 7B 1C D8 62 75 1C E9 18 B9 67 DC 5C 00 00
  can1  206  [16]  BD 61 49 1C 36 62 7B 1C BF 18 E1 67 64 5C 00 00"
2025-08-09T00:04:31.878767,148.501,"can1  002  [04]  78 E0 01 00
  can1  206  [16]  5F 62 43 1C BD 61 6E 1C B0 18 E1 67 8C 5C 00 00
  can1  206  [16]  D8 62 2B 1C 45 61 5C 1C 9E 18 1A 64 8C 5C 00 00"
2025-08-09T00:04:31.878767,148.501,"can1  206  [16]  17 67 68 1C B2 5F F4 1B C3 18 C9 63 A6 5D 00 00
  can1  206  [16]  BB 64 0D 1D A3 60 DD 1B 37 19 FD 65 B2 5F 00 00"
2025-08-09T00:04:32.100773,148.723,can1  206  [16]  87 62 3B 1D C9 63 E3 1B 32 19 68 67 B2 5F 00 00
2025-08-09T00:04:32.100773,148.723,"can1  206  [16]  0E 62 1A 1D 6A 64 E3 1B 28 19 E1 67 B2 5F 00 00
  can1  206  [16]  1C 61 FA 1C 50 63 49 1C 15 19 FB 68 C0 5E 00 00"
2025-08-09T00:04:32.100773,148.723,"can1  206  [16]  F4 60 43 1C 6D 61 9A 1C A2 18 A1 63 EB 5B 00 00
  can1  206  [16]  C9 63 68 1C 61 5F 19 1C BF 18 AF 62 8C 5C 00 00"
2025-08-09T00:04:32.320809,148.943,"can1  206  [16]  1A 64 E0 1C CC 60 B9 1B 23 19 F2 63 39 5F 00 00
  can1  206  [16]  00 63 4F 1D D8 62 B3 1B 32 19 76 66 DA 5F 00 00"
2025-08-09T00:04:32.320809,148.943,"can1  206  [16]  AF 62 2E 1D 79 63 B9 1B 2D 19 17 67 02 60 00 00
  can1  206  [16]  E6 61 28 1D A1 63 B9 1B 2D 19 68 67 B2 5F 00 00
  can1  002  [04]  30 EC 01 00"
2025-08-09T00:04:32.541923,149.165,"can1  206  [16]  BD 61 14 1D F2 63 B9 1B 1E 19 E1 67 B2 5F 00 00
  can1  206  [16]  E6 61 07 1D 1A 64 AD 1B 1E 19 5A 68 39 5F 00 00"
2025-08-09T00:04:32.541923,149.165,"can1  206  [16]  45 61 E7 1C 28 63 2B 1C 0B 19 D3 68 C0 5E 00 00
  can1  206  [16]  BD 61 A7 1C 28 63 49 1C 10 19 AA 68 1F 5E 00 00"
2025-08-09T00:04:32.748027,149.371,"can1  206  [16]  0E 62 87 1C 50 63 5C 1C 0B 19 5A 68 7E 5D 00 00
  can1  206  [16]  36 62 75 1C 28 63 75 1C E0 18 09 68 05 5D 00 00"
2025-08-09T00:04:32.748027,149.371,"can1  206  [16]  D8 62 56 1C 00 63 87 1C CD 18 90 67 B4 5C 00 00
  can1  206  [16]  5F 62 43 1C AF 62 A0 1C BF 18 31 68 64 5C 00 00"
2025-08-09T00:04:32.970726,149.593,"can1  206  [16]  D8 62 49 1C 0E 62 A0 1C B0 18 09 68 64 5C 00 00
  can1  206  [16]  D8 62 3D 1C 0E 62 A0 1C A7 18 90 67 3B 5C 00 00"
2025-08-09T00:04:32.970726,149.593,"can1  206  [16]  F2 63 2B 1C 45 61 8E 1C 99 18 1A 64 3B 5C 00 00
  can1  206  [16]  40 67 75 1C B2 5F 0C 1C BF 18 1A 64 55 5D 00 00"
2025-08-09T00:04:33.192102,149.815,"can1  002  [04]  E8 F7 01 00
  can1  206  [16]  E3 64 14 1D A3 60 F4 1B 2D 19 4E 66 B2 5F 00 00
  can1  206  [16]  45 61 21 1D A1 63 1F 1C 15 19 23 69 E8 5E 00 00"
2025-08-09T00:04:33.192102,149.815,"can1  206  [16]  45 61 5C 1C 36 62 A0 1C BF 18 B9 67 64 5C 00 00
  can1  206  [16]  D8 62 3D 1C 45 61 68 1C 90 18 C9 63 13 5C 00 00"
2025-08-09T00:04:33.415406,150.038,"can1  206  [16]  93 64 68 1C 61 5F F4 1B B0 18 79 63 7E 5D 00 00
  can1  206  [16]  C9 63 14 1D 7B 60 EE 1B 2D 19 D5 65 B2 5F 00 00
  can1  206  [16]  0E 62 42 1D C9 63 EE 1B 1E 19 68 67 B2 5F 00 00"
2025-08-09T00:04:33.415406,150.038,can1  206  [16]  E6 61 1A 1D 6A 64 E8 1B 15 19 90 67 89 5F 00 00
2025-08-09T00:04:33.636834,150.259,"can1  206  [16]  5F 62 14 1D 6A 64 EE 1B 1E 19 31 68 39 5F 00 00
  can1  206  [16]  A3 60 DA 1C 50 63 62 1C 06 19 82 68 6F 5E 00 00"
2025-08-09T00:04:33.636834,150.259,"can1  206  [16]  E6 61 8E 1C 28 63 8E 1C F8 18 31 68 A6 5D 00 00
  can1  206  [16]  E6 61 7B 1C 50 63 87 1C EE 18 09 68 2D 5D 00 00
  can1  206  [16]  36 62 6E 1C 00 63 87 1C D6 18 82 68 05 5D 00 00"
2025-08-09T00:04:33.857383,150.480,"can1  002  [04]  30 EC 01 00
  can1  206  [16]  5F 62 62 1C D8 62 9A 1C C8 18 31 68 B4 5C 00 00
  can1  206  [16]  D8 62 50 1C 36 62 A0 1C B5 18 31 68 8C 5C 00 00"
2025-08-09T00:04:33.857383,150.480,"can1  206  [16]  D8 62 31 1C E6 61 9A 1C CD 18 09 68 64 5C 00 00
  can1  206  [16]  0E 62 31 1C 45 61 94 1C B5 18 42 64 13 5C 00 00"
2025-08-09T00:04:34.078729,150.701,"can1  206  [16]  FD 65 75 1C 89 5F 1F 1C E0 18 A1 63 2D 5D 00 00
  can1  206  [16]  79 63 0D 1D A3 60 DD 1B 28 19 26 66 DA 5F 00 00"
2025-08-09T00:04:34.078729,150.701,"can1  206  [16]  45 61 28 1D 28 63 13 1C 10 19 FB 68 C0 5E 00 00
  can1  206  [16]  BD 61 E0 1C 6A 64 43 1C FD 18 FB 68 E8 5E 00 00
  can1  206  [16]  0E 62 D3 1C 6A 64 62 1C FD 18 FB 68 C0 5E 00 00"
2025-08-09T00:04:34.300013,150.923,"can1  206  [16]  95 61 49 1C 36 62 C7 1C AC 18 90 67 64 5C 00 00
  can1  206  [16]  00 63 31 1C 6D 61 75 1C 9E 18 79 63 64 5C 00 00"
2025-08-09T00:04:34.300013,150.923,can1  206  [16]  D5 65 75 1C 53 60 DD 1B C8 18 F2 63 F6 5D 00 00
2025-08-09T00:04:34.521960,151.145,"can1  206  [16]  C9 63 2E 1D 1C 61 CB 1B 28 19 9F 66 02 60 00 00
  can1  002  [04]  E8 F7 01 00
  can1  206  [16]  E6 61 1A 1D F2 63 C5 1B 1E 19 E1 67 61 5F 00 00"
2025-08-09T00:04:34.521960,151.145,"can1  206  [16]  BD 61 14 1D 1A 64 D1 1B 15 19 82 68 39 5F 00 00
  can1  206  [16]  E6 61 0D 1D 1A 64 D1 1B 10 19 AA 68 39 5F 00 00"
2025-08-09T00:04:34.743653,151.366,"can1  206  [16]  BD 61 14 1D 1A 64 DD 1B 06 19 FB 68 10 5F 00 00
  can1  206  [16]  95 61 9A 1C D8 62 6E 1C F8 18 31 68 A6 5D 00 00"
2025-08-09T00:04:34.743653,151.366,"can1  206  [16]  D8 62 62 1C 00 63 8E 1C C8 18 E1 67 B4 5C 00 00
  can1  206  [16]  28 63 43 1C 5F 62 8E 1C BF 18 09 68 8C 5C 00 00"
2025-08-09T00:04:34.743653,151.366,"can1  206  [16]  0E 62 43 1C E6 61 7B 1C AC 18 E1 67 8C 5C 00 00
  can1  206  [16]  0E 62 3D 1C 6D 61 5C 1C A7 18 1A 64 13 5C 00 00
  can1  002  [04]  30 EC 01 00"
2025-08-09T00:04:34.948912,151.571,"can1  206  [16]  E3 64 75 1C 39 5F EE 1B CD 18 A1 63 55 5D 00 00
  can1  002  [04]  78 E0 01 00
  can1  206  [16]  1A 64 E7 1C 2B 60 B3 1B 45 19 FD 65 2B 60 00 00"
2025-08-09T00:04:34.948912,151.571,"can1  206  [16]  BD 61 3B 1D 28 63 B9 1B 4A 19 EF 66 B2 5F 00 00
  can1  206  [16]  BD 61 1A 1D C9 63 B9 1B 3C 19 90 67 89 5F 00 00"
2025-08-09T00:04:35.171321,151.794,"can1  002  [04]  C0 D4 01 00
  can1  206  [16]  45 61 14 1D 28 63 06 1C 1E 19 AA 68 6F 5E 00 00
  can1  206  [16]  6D 61 49 1C BD 61 8E 1C BF 18 90 67 13 5C 00 00"
2025-08-09T00:04:35.171321,151.794,"can1  206  [16]  5F 62 31 1C CC 60 5C 1C 99 18 C9 63 EB 5B 00 00
  can1  206  [16]  26 66 7B 1C 61 5F D1 1B C3 18 C9 63 A6 5D 00 00"
2025-08-09T00:04:35.393874,152.016,"can1  206  [16]  C9 63 28 1D A3 60 C5 1B 32 19 C7 66 B2 5F 00 00
  can1  206  [16]  5F 62 3B 1D F2 63 B9 1B 19 19 31 68 61 5F 00 00"
2025-08-09T00:04:35.397126,152.020,"can1  206  [16]  45 61 00 1D 28 63 00 1C FD 18 23 69 6F 5E 00 00
  can1  206  [16]  45 61 49 1C 45 61 68 1C 90 18 6A 64 EB 5B 00 00"
2025-08-09T00:04:35.613950,152.237,"can1  206  [16]  0C 65 62 1C 10 5F 06 1C AC 18 A1 63 B4 5C 00 00
  can1  206  [16]  F2 63 DA 1C 2B 60 A7 1B 0B 19 BB 64 B2 5F 00 00"
2025-08-09T00:04:35.613950,152.237,"can1  206  [16]  0E 62 49 1D 00 63 A7 1B 15 19 C7 66 DA 5F 00 00
  can1  206  [16]  0E 62 28 1D C9 63 A7 1B 10 19 68 67 02 60 00 00"
2025-08-09T00:04:35.835124,152.458,"can1  002  [04]  08 C9 01 00
  can1  206  [16]  5F 62 1A 1D 1A 64 A7 1B 19 19 B9 67 B2 5F 00 00
  can1  206  [16]  5F 62 07 1D F2 63 B9 1B 2D 19 90 67 B2 5F 00 00"
2025-08-09T00:04:35.835124,152.458,"can1  206  [16]  E6 61 14 1D 1A 64 BF 1B 1E 19 E1 67 B2 5F 00 00
  can1  002  [04]  50 BD 01 00
  can1  206  [16]  BD 61 00 1D 6A 64 CB 1B 19 19 82 68 89 5F 00 00
  can1  206  [16]  A3 60 CD 1C 00 63 3D 1C 01 19 D3 68 6F 5E 00 00"
2025-08-09T00:04:36.055290,152.678,"can1  002  [04]  98 B1 01 00
  can1  206  [16]  45 61 3D 1C 7B 60 7B 1C B0 18 6A 64 13 5C 00 00
  can1  002  [04]  E0 A5 01 00
  can1  206  [16]  6A 64 6E 1C 61 5F EE 1B DB 18 F2 63 7E 5D 00 00"
2025-08-09T00:04:36.055290,152.678,"can1  206  [16]  C9 63 1A 1D 53 60 B9 1B 37 19 26 66 89 5F 00 00
  can1  002  [04]  28 9A 01 00"
2025-08-09T00:04:36.292721,152.915,"can1  206  [16]  45 61 28 1D 79 63 FA 1B 15 19 D3 68 C0 5E 00 00
  can1  206  [16]  F4 60 62 1C 0E 62 94 1C C3 18 E1 67 64 5C 00 00
  can1  002  [04]  70 8E 01 00"
2025-08-09T00:04:36.292721,152.915,"can1  206  [16]  36 62 3D 1C 45 61 62 1C 90 18 42 64 13 5C 00 00
  can1  206  [16]  93 64 6E 1C 89 5F EE 1B B5 18 1A 64 2D 5D 00 00
  can1  002  [04]  B8 82 01 00"
2025-08-09T00:04:36.498412,153.121,"can1  206  [16]  A1 63 1A 1D A3 60 D7 1B 23 19 26 66 B2 5F 00 00
  can1  206  [16]  6D 61 28 1D 79 63 13 1C 0B 19 4C 69 C0 5E 00 00
  can1  002  [04]  00 77 01 00"
2025-08-09T00:04:36.498412,153.121,"can1  206  [16]  F4 60 5C 1C 5F 62 BA 1C C3 18 09 68 3B 5C 00 00
  can1  002  [04]  48 6B 01 00
  can1  206  [16]  BD 61 3D 1C BD 61 AD 1C 9E 18 90 67 9A 5B 00 00
  can1  206  [16]  87 62 43 1C F4 60 7B 1C 90 18 F2 63 C2 5B 00 00"
2025-08-09T00:04:36.719529,153.342,"can1  206  [16]  6A 64 7B 1C 61 5F 00 1C BF 18 F2 63 2D 5D 00 00
  can1  002  [04]  90 5F 01 00"
2025-08-09T00:04:36.719529,153.342,"can1  206  [16]  A1 63 21 1D 53 60 E3 1B 2D 19 76 66 39 5F 00 00
  can1  206  [16]  F4 60 21 1D 00 63 25 1C 2D 19 23 69 6F 5E 00 00"
2025-08-09T00:04:36.940439,153.563,"can1  206  [16]  CC 60 56 1C BD 61 C0 1C CD 18 B9 67 9A 5B 00 00
  can1  206  [16]  5F 62 31 1C F4 60 81 1C B5 18 C9 63 C2 5B 00 00
  can1  206  [16]  93 64 75 1C 61 5F 00 1C BF 18 C9 63 05 5D 00 00"
2025-08-09T00:04:36.940439,153.563,"can1  206  [16]  79 63 14 1D CC 60 E3 1B 2D 19 26 66 39 5F 00 00
  can1  206  [16]  45 61 2E 1D 00 63 25 1C 06 19 D3 68 47 5E 00 00"
2025-08-09T00:04:37.156081,153.779,can1  206  [16]  F4 60 50 1C 95 61 B3 1C 8B 18 93 64 F9 5A 00 00
2025-08-09T00:04:37.156081,153.779,"can1  206  [16]  A1 63 5C 1C 10 5F 56 1C A7 18 87 62 13 5C 00 00
  can1  206  [16]  6A 64 C0 1C B2 5F DD 1B FD 18 A1 63 98 5E 00 00
  can1  206  [16]  00 63 5C 1D 36 62 C5 1B 10 19 6A 64 B2 5F 00 00"
2025-08-09T00:04:37.378124,154.001,"can1  206  [16]  00 63 3B 1D D8 62 BF 1B 15 19 E3 64 B2 5F 00 00
  can1  206  [16]  5F 62 2E 1D 79 63 B3 1B 19 19 26 66 89 5F 00 00"
2025-08-09T00:04:37.378124,154.001,"can1  206  [16]  87 62 2E 1D 42 64 AD 1B 1E 19 EF 66 89 5F 00 00
  can1  206  [16]  45 61 14 1D 1A 64 E8 1B 15 19 23 69 6F 5E 00 00"
2025-08-09T00:04:37.599216,154.222,"can1  206  [16]  BD 61 DA 1C C9 63 13 1C 28 19 FB 68 1F 5E 00 00
  can1  206  [16]  36 62 C0 1C 79 63 25 1C 10 19 23 69 47 5E 00 00"
2025-08-09T00:04:37.599216,154.222,"can1  206  [16]  95 61 31 1C 45 61 62 1C 99 18 93 64 C2 5B 00 00
  can1  206  [16]  D5 65 5C 1C 39 5F EE 1B B0 18 42 64 64 5C 00 00"
2025-08-09T00:04:37.821423,154.444,"can1  206  [16]  C9 63 F3 1C 7B 60 A7 1B 1E 19 FD 65 10 5F 00 00
  can1  206  [16]  87 62 49 1D 28 63 A7 1B 2D 19 90 67 C0 5E 00 00"
2025-08-09T00:04:37.821423,154.444,"can1  206  [16]  36 62 2E 1D F2 63 96 1B 28 19 40 67 10 5F 00 00
  can1  206  [16]  BD 61 14 1D F2 63 AD 1B 28 19 68 67 98 5E 00 00"
2025-08-09T00:04:38.043600,154.666,"can1  206  [16]  1C 61 FA 1C 28 63 13 1C 06 19 74 69 A6 5D 00 00
  can1  206  [16]  36 62 B3 1C 79 63 3D 1C 01 19 4C 69 2D 5D 00 00
  can1  001  [05]  90 5F 01 00 80"
2025-08-09T00:04:38.043600,154.666,"can1  206  [16]  00 63 AD 1C A1 63 49 1C F8 18 4C 69 05 5D 00 00
  can1  206  [16]  BD 61 87 1C 79 63 50 1C EE 18 D3 68 B4 5C 00 00"
2025-08-09T00:04:38.043600,154.666,"can1  206  [16]  E6 61 7B 1C 28 63 62 1C D6 18 FB 68 3B 5C 00 00
  can1  206  [16]  E6 61 5C 1C 00 63 62 1C E0 18 5A 68 EB 5B 00 00"
2025-08-09T00:04:38.264698,154.887,"can1  206  [16]  D8 62 50 1C AF 62 6E 1C BF 18 68 67 72 5B 00 00
  can1  206  [16]  87 62 43 1C 87 62 68 1C B5 18 90 67 EB 5B 00 00"
2025-08-09T00:04:38.264698,154.887,"can1  206  [16]  AF 62 31 1C E6 61 6E 1C A7 18 31 68 C2 5B 00 00
  can1  206  [16]  00 63 37 1C 45 61 5C 1C 90 18 1A 64 64 5C 00 00
  can1  001  [05]  D8 53 01 00 80"
2025-08-09T00:04:38.485924,155.109,"can1  206  [16]  6A 64 68 1C 89 5F 06 1C B5 18 F2 63 55 5D 00 00
  can1  206  [16]  79 63 0D 1D A3 60 CB 1B 2D 19 FD 65 B2 5F 00 00"
2025-08-09T00:04:38.485924,155.109,"can1  206  [16]  45 61 1A 1D 50 63 F4 1B 15 19 74 69 61 5F 00 00
  can1  206  [16]  A3 60 62 1C 87 62 9A 1C C8 18 31 68 64 5C 00 00"
2025-08-09T00:04:38.707304,155.330,"can1  001  [05]  90 5F 01 00 80
  can1  206  [16]  79 63 37 1C BD 61 81 1C A2 18 B9 67 EB 5B 00 00
  can1  206  [16]  F2 63 2B 1C 1C 61 56 1C 94 18 C9 63 EB 5B 00 00"
2025-08-09T00:04:38.928971,155.552,"can1  206  [16]  76 66 75 1C 2B 60 D1 1B BF 18 F2 63 55 5D 00 00
  can1  206  [16]  93 64 21 1D 6D 61 B9 1B 2D 19 76 66 B2 5F 00 00
  can1  206  [16]  BD 61 3B 1D 93 64 B9 1B 23 19 31 68 61 5F 00 00
  can1  206  [16]  95 61 07 1D 1A 64 0C 1C 01 19 23 69 6F 5E 00 00"
2025-08-09T00:04:38.928971,155.552,"can1  206  [16]  CC 60 43 1C 5F 62 87 1C B0 18 90 67 9A 5B 00 00
  can1  206  [16]  AF 62 3D 1C 95 61 56 1C 99 18 79 63 13 5C 00 00"
2025-08-09T00:04:39.150853,155.773,"can1  206  [16]  6A 64 75 1C A3 60 CB 1B CD 18 F2 63 F6 5D 00 00
  can1  206  [16]  79 63 2E 1D E6 61 A7 1B E5 18 D5 65 C0 5E 00 00"
2025-08-09T00:04:39.150853,155.773,"can1  206  [16]  79 63 21 1D 87 62 9C 1B E9 18 FD 65 C0 5E 00 00
  can1  206  [16]  28 63 28 1D 28 63 AD 1B F8 18 BB 64 39 5F 00 00"
2025-08-09T00:04:39.150853,155.773,"can1  206  [16]  28 63 3B 1D 79 63 A7 1B FD 18 93 64 61 5F 00 00
  can1  206  [16]  6A 64 42 1D F2 63 B3 1B 06 19 0C 65 89 5F 00 00"
2025-08-09T00:04:39.355474,155.978,"can1  206  [16]  C9 63 2E 1D 1A 64 BF 1B 01 19 9F 66 B2 5F 00 00
  can1  206  [16]  28 63 2E 1D 93 64 CB 1B 10 19 40 67 B2 5F 00 00"
2025-08-09T00:04:39.355474,155.978,"can1  206  [16]  00 63 1A 1D BB 64 D1 1B 10 19 90 67 89 5F 00 00
  can1  206  [16]  5F 62 1A 1D D5 65 C5 1B 15 19 E1 67 B2 5F 00 00
  can1  001  [05]  48 6B 01 00 80"
2025-08-09T00:04:39.577226,156.200,"can1  206  [16]  5F 62 21 1D FD 65 AD 1B 23 19 82 68 B2 5F 00 00
  can1  206  [16]  E6 61 0D 1D D5 65 AD 1B 2D 19 D3 68 B2 5F 00 00"
2025-08-09T00:04:39.577226,156.200,"can1  206  [16]  BD 61 00 1D D5 65 AD 1B 15 19 4C 69 61 5F 00 00
  can1  001  [05]  00 77 01 00 80
  can1  206  [16]  6D 61 CD 1C 1A 64 31 1C 06 19 D3 68 1F 5E 00 00"
2025-08-09T00:04:39.798178,156.421,"can1  206  [16]  79 63 7B 1C 1A 64 5C 1C E5 18 82 68 DC 5C 00 00
  can1  206  [16]  87 62 68 1C C9 63 62 1C D6 18 E1 67 8C 5C 00 00"
2025-08-09T00:04:39.798178,156.421,"can1  206  [16]  50 63 56 1C C9 63 6E 1C CD 18 82 68 B4 5C 00 00
  can1  206  [16]  87 62 49 1C C9 63 75 1C BA 18 5A 68 13 5C 00 00
  can1  001  [05]  B8 82 01 00 80"
2025-08-09T00:04:40.019159,156.642,"can1  206  [16]  87 62 31 1C 79 63 6E 1C A7 18 5A 68 3B 5C 00 00
  can1  206  [16]  87 62 25 1C D8 62 75 1C A7 18 90 67 3B 5C 00 00"
2025-08-09T00:04:40.019159,156.642,"can1  206  [16]  36 62 25 1C 5F 62 68 1C 99 18 40 67 EB 5B 00 00
  can1  206  [16]  C9 63 1F 1C 0E 62 62 1C 8B 18 C7 66 9A 5B 00 00"
2025-08-09T00:04:40.254614,156.877,"can1  206  [16]  A1 63 1F 1C 6D 61 49 1C A7 18 A1 63 8C 5C 00 00
  can1  206  [16]  6A 64 62 1C CC 60 B9 1B E0 18 93 64 6F 5E 00 00"
2025-08-09T00:04:40.270323,156.893,"can1  206  [16]  F2 63 28 1D 5F 62 A7 1B F3 18 93 64 61 5F 00 00
  can1  206  [16]  79 63 1A 1D 00 63 AD 1B FD 18 E3 64 B2 5F 00 00
  can1  206  [16]  28 63 28 1D A1 63 B3 1B 10 19 6A 64 B2 5F 00 00"
2025-08-09T00:04:40.461447,157.084,"can1  001  [05]  70 8E 01 00 80
  can1  206  [16]  AF 62 28 1D 28 63 BF 1B 10 19 D5 65 02 60 00 00
  can1  206  [16]  D8 62 28 1D 00 63 BF 1B 19 19 9F 66 02 60 00 00"
2025-08-09T00:04:40.461447,157.084,"can1  206  [16]  0E 62 1A 1D 28 63 D1 1B 23 19 EF 66 2B 60 00 00
  can1  206  [16]  6D 61 07 1D 79 63 FA 1B 15 19 23 69 10 5F 00 00"
2025-08-09T00:04:40.682729,157.305,can1  206  [16]  45 61 56 1C 0E 62 AD 1C CD 18 31 68 B4 5C 00 00
2025-08-09T00:04:40.698434,157.321,"can1  206  [16]  E6 61 1F 1C 1C 61 94 1C 90 18 6A 64 3B 5C 00 00
  can1  206  [16]  0C 65 56 1C C0 5E 1F 1C B5 18 C9 63 7E 5D 00 00"
2025-08-09T00:04:40.888364,157.511,"can1  206  [16]  F2 63 ED 1C 02 60 DD 1B 23 19 D5 65 02 60 00 00
  can1  001  [05]  B8 82 01 00 80
  can1  206  [16]  95 61 14 1D 28 63 00 1C 19 19 23 69 C0 5E 00 00"
2025-08-09T00:04:40.888364,157.511,"can1  206  [16]  BD 61 DA 1C 79 63 1F 1C 23 19 D3 68 C0 5E 00 00
  can1  001  [05]  00 77 01 00 80
  can1  206  [16]  36 62 B3 1C 6A 64 31 1C 15 19 FB 68 10 5F 00 00"
2025-08-09T00:04:41.125583,157.748,"can1  206  [16]  6D 61 31 1C D8 62 A0 1C B5 18 09 68 13 5C 00 00
  can1  206  [16]  A1 63 19 1C BD 61 94 1C 99 18 68 67 C2 5B 00 00"
2025-08-09T00:04:41.125583,157.748,"can1  206  [16]  BB 64 1F 1C 95 61 7B 1C A2 18 28 63 64 5C 00 00
  can1  206  [16]  6A 64 5C 1C CC 60 E3 1B DB 18 1A 64 47 5E 00 00"
2025-08-09T00:04:41.125583,157.748,"can1  206  [16]  A1 63 28 1D 36 62 C5 1B F3 18 6A 64 39 5F 00 00
  can1  206  [16]  BB 64 1A 1D D8 62 B3 1B FD 18 6A 64 02 60 00 00"
2025-08-09T00:04:41.330704,157.953,"can1  206  [16]  93 64 14 1D 50 63 B9 1B 0B 19 BB 64 A3 60 00 00
  can1  206  [16]  79 63 1A 1D A1 63 BF 1B 10 19 0C 65 CC 60 00 00"
2025-08-09T00:04:41.330704,157.953,"can1  206  [16]  50 63 2E 1D 1A 64 BF 1B 15 19 D5 65 7B 60 00 00
  can1  206  [16]  D8 62 1A 1D 42 64 C5 1B 1E 19 C7 66 7B 60 00 00"
2025-08-09T00:04:41.551253,158.174,"can1  206  [16]  36 62 07 1D 93 64 BF 1B 28 19 17 67 B2 5F 00 00
  can1  206  [16]  E6 61 07 1D BB 64 B3 1B 23 19 90 67 B2 5F 00 00"
2025-08-09T00:04:41.551253,158.174,"can1  206  [16]  45 61 F3 1C BB 64 00 1C 0B 19 FB 68 F6 5D 00 00
  can1  206  [16]  F4 60 31 1C 00 63 9A 1C BF 18 E1 67 72 5B 00 00"
2025-08-09T00:04:41.772102,158.395,"can1  001  [05]  B8 82 01 00 80
  can1  206  [16]  AF 62 19 1C 36 62 87 1C 99 18 90 67 49 5B 00 00
  can1  206  [16]  79 63 1F 1C E6 61 7B 1C 90 18 EF 66 21 5B 00 00"
2025-08-09T00:04:41.772102,158.395,"can1  206  [16]  1A 64 1F 1C 45 61 5C 1C 9E 18 D8 62 B4 5C 00 00
  can1  206  [16]  0C 65 75 1C A3 60 BF 1B D6 18 C9 63 47 5E 00 00"
2025-08-09T00:04:41.993077,158.616,"can1  206  [16]  6A 64 21 1D 5F 62 A7 1B F8 18 6A 64 39 5F 00 00
  can1  206  [16]  6A 64 1A 1D 28 63 90 1B 01 19 E3 64 B2 5F 00 00"
2025-08-09T00:04:41.993077,158.616,"can1  206  [16]  C9 63 1A 1D A1 63 8A 1B 01 19 E3 64 B2 5F 00 00
  can1  206  [16]  C9 63 21 1D F2 63 96 1B 10 19 0C 65 02 60 00 00"
2025-08-09T00:04:42.230283,158.853,"can1  206  [16]  36 62 28 1D 42 64 A7 1B 32 19 C7 66 61 5F 00 00
  can1  001  [05]  00 77 01 00 80
  can1  206  [16]  5F 62 21 1D 93 64 96 1B 40 19 68 67 61 5F 00 00"
2025-08-09T00:04:42.230283,158.853,"can1  206  [16]  95 61 FA 1C 93 64 CB 1B 37 19 74 69 47 5E 00 00
  can1  206  [16]  A3 60 49 1C 79 63 81 1C F8 18 31 68 EB 5B 00 00"
2025-08-09T00:04:42.436123,159.059,"can1  206  [16]  E6 61 25 1C AF 62 6E 1C D6 18 09 68 C2 5B 00 00
  can1  206  [16]  00 63 25 1C 87 62 56 1C A7 18 09 68 C2 5B 00 00
  can1  206  [16]  28 63 25 1C E6 61 43 1C 94 18 90 67 72 5B 00 00"
2025-08-09T00:04:42.436123,159.059,can1  206  [16]  50 63 25 1C 95 61 31 1C A2 18 C9 63 C2 5B 00 00
2025-08-09T00:04:42.657600,159.280,"can1  206  [16]  6A 64 75 1C CC 60 A7 1B D2 18 6A 64 7E 5D 00 00
  can1  206  [16]  42 64 21 1D 0E 62 8A 1B EE 18 E3 64 6F 5E 00 00"
2025-08-09T00:04:42.660222,159.283,"can1  206  [16]  6A 64 1A 1D D8 62 96 1B 1E 19 D5 65 C0 5E 00 00
  can1  206  [16]  6A 64 0D 1D 50 63 96 1B 32 19 D5 65 10 5F 00 00"
2025-08-09T00:04:42.877615,159.500,"can1  206  [16]  28 63 07 1D 79 63 A2 1B 37 19 FD 65 10 5F 00 00
  can1  206  [16]  79 63 1A 1D F2 63 A7 1B 32 19 76 66 61 5F 00 00
  can1  001  [05]  48 6B 01 00 80"
2025-08-09T00:04:42.880198,159.503,"can1  206  [16]  5F 62 0D 1D 6A 64 A7 1B 1E 19 EF 66 10 5F 00 00
  can1  206  [16]  E6 61 00 1D E3 64 A7 1B 19 19 C7 66 39 5F 00 00"
2025-08-09T00:04:43.099466,159.722,"can1  206  [16]  BD 61 F3 1C 0C 65 AD 1B 40 19 17 67 10 5F 00 00
  can1  206  [16]  E6 61 ED 1C 0C 65 B3 1B 28 19 E1 67 6F 5E 00 00
  can1  206  [16]  45 61 D3 1C 6A 64 0C 1C 2D 19 FB 68 F6 5D 00 00"
2025-08-09T00:04:43.099466,159.722,"can1  206  [16]  5F 62 87 1C 6A 64 3D 1C 0B 19 E1 67 55 5D 00 00
  can1  206  [16]  36 62 62 1C 6A 64 43 1C F3 18 5A 68 55 5D 00 00"
2025-08-09T00:04:43.099466,159.722,"can1  206  [16]  6D 61 25 1C 95 61 68 1C A7 18 28 63 72 5B 00 00
  can1  206  [16]  93 64 49 1C 7B 60 DD 1B C3 18 F2 63 05 5D 00 00"
2025-08-09T00:04:43.320324,159.943,"can1  206  [16]  E3 64 ED 1C BD 61 9C 1B E0 18 93 64 A6 5D 00 00
  can1  001  [05]  00 77 01 00 80
  can1  206  [16]  C9 63 E0 1C 36 62 90 1B FD 18 6A 64 1F 5E 00 00"
2025-08-09T00:04:43.320324,159.943,"can1  206  [16]  F2 63 00 1D 87 62 8A 1B 15 19 42 64 C0 5E 00 00
  can1  206  [16]  C9 63 0D 1D D8 62 96 1B 2D 19 BB 64 10 5F 00 00"
2025-08-09T00:04:43.541040,160.164,"can1  206  [16]  A1 63 14 1D 79 63 A2 1B 10 19 BB 64 39 5F 00 00
  can1  206  [16]  42 64 14 1D A1 63 BF 1B 3C 19 FD 65 39 5F 00 00"
2025-08-09T00:04:43.541040,160.164,"can1  206  [16]  79 63 14 1D 42 64 CB 1B 28 19 9F 66 39 5F 00 00
  can1  206  [16]  50 63 07 1D 6A 64 D7 1B 28 19 EF 66 61 5F 00 00"
2025-08-09T00:04:43.747051,160.370,"can1  206  [16]  F2 63 FA 1C BB 64 D1 1B 28 19 68 67 10 5F 00 00
  can1  206  [16]  E6 61 ED 1C 0C 65 CB 1B 23 19 09 68 E8 5E 00 00"
2025-08-09T00:04:43.747051,160.370,"can1  206  [16]  1C 61 E0 1C 6A 64 0C 1C 10 19 23 69 1F 5E 00 00
  can1  206  [16]  1C 61 2B 1C AF 62 8E 1C D6 18 B9 67 9A 5B 00 00
  can1  206  [16]  0E 62 06 1C BD 61 50 1C BA 18 68 67 21 5B 00 00"
2025-08-09T00:04:43.981277,160.604,"can1  001  [05]  48 6B 01 00 80
  can1  206  [16]  A1 63 06 1C 6D 61 43 1C C8 18 A1 63 13 5C 00 00"
2025-08-09T00:04:43.981277,160.604,"can1  206  [16]  D5 65 49 1C 7B 60 AD 1B DB 18 42 64 F6 5D 00 00
  can1  206  [16]  1A 64 07 1D 0E 62 8A 1B F8 18 E3 64 10 5F 00 00"
2025-08-09T00:04:44.189606,160.812,"can1  206  [16]  6A 64 07 1D 00 63 96 1B FD 18 E3 64 89 5F 00 00
  can1  206  [16]  1A 64 07 1D 50 63 A7 1B 06 19 E3 64 61 5F 00 00"
2025-08-09T00:04:44.189606,160.812,"can1  206  [16]  C9 63 1A 1D A1 63 A7 1B 19 19 FD 65 B2 5F 00 00
  can1  206  [16]  1A 64 1A 1D 1A 64 C5 1B 19 19 76 66 B2 5F 00 00"
2025-08-09T00:04:44.412554,161.035,"can1  206  [16]  C9 63 14 1D 6A 64 B9 1B 19 19 40 67 B2 5F 00 00
  can1  206  [16]  A1 63 00 1D E3 64 A7 1B 1E 19 90 67 89 5F 00 00"
2025-08-09T00:04:44.412554,161.035,"can1  206  [16]  5F 62 FA 1C E3 64 AD 1B 32 19 E1 67 39 5F 00 00
  can1  206  [16]  45 61 E7 1C 93 64 F4 1B 37 19 23 69 6F 5E 00 00"
2025-08-09T00:04:44.634388,161.257,"can1  206  [16]  0E 62 A7 1C BB 64 31 1C 28 19 23 69 47 5E 00 00
  can1  001  [05]  00 77 01 00 80
  can1  206  [16]  95 61 25 1C D8 62 8E 1C D6 18 09 68 72 5B 00 00"
2025-08-09T00:04:44.634388,161.257,"can1  206  [16]  5F 62 13 1C E6 61 68 1C B5 18 68 67 3B 5C 00 00
  can1  206  [16]  79 63 19 1C 95 61 50 1C BA 18 C9 63 64 5C 00 00"
2025-08-09T00:04:44.856563,161.479,"can1  206  [16]  93 64 50 1C F4 60 AD 1B DB 18 93 64 CE 5D 00 00
  can1  206  [16]  28 63 21 1D 36 62 A2 1B F3 18 E3 64 10 5F 00 00"
2025-08-09T00:04:44.856563,161.479,"can1  206  [16]  A1 63 1A 1D 50 63 96 1B 01 19 FD 65 39 5F 00 00
  can1  206  [16]  C9 63 14 1D A1 63 96 1B 10 19 4E 66 DA 5F 00 00"
2025-08-09T00:04:44.856563,161.479,"can1  206  [16]  D8 62 0D 1D F2 63 A2 1B 15 19 26 66 89 5F 00 00
  can1  206  [16]  00 63 0D 1D F2 63 A2 1B 1E 19 C7 66 B2 5F 00 00"
2025-08-09T00:04:45.077284,161.700,"can1  206  [16]  AF 62 07 1D 93 64 A2 1B 23 19 40 67 B2 5F 00 00
  can1  001  [05]  B8 82 01 00 80
  can1  206  [16]  87 62 00 1D E3 64 A2 1B 28 19 E1 67 61 5F 00 00"
2025-08-09T00:04:45.077284,161.700,"can1  206  [16]  BD 61 F3 1C 0C 65 A7 1B 28 19 31 68 10 5F 00 00
  can1  206  [16]  BD 61 FA 1C 0C 65 AD 1B 23 19 AA 68 61 5F 00 00"
2025-08-09T00:04:45.297903,161.920,"can1  206  [16]  AF 62 E7 1C FD 65 BF 1B 1E 19 D3 68 10 5F 00 00
  can1  206  [16]  95 61 AD 1C 42 64 37 1C 06 19 FB 68 6F 5E 00 00"
2025-08-09T00:04:45.297903,161.920,"can1  206  [16]  0E 62 75 1C 1A 64 62 1C F3 18 D3 68 7E 5D 00 00
  can1  206  [16]  5F 62 49 1C 42 64 5C 1C E0 18 D3 68 B4 5C 00 00"
2025-08-09T00:04:45.520483,162.143,can1  206  [16]  36 62 37 1C 1A 64 6E 1C D2 18 AA 68 DC 5C 00 00
2025-08-09T00:04:45.520483,162.143,"can1  206  [16]  5F 62 31 1C F2 63 75 1C C3 18 82 68 64 5C 00 00
  can1  206  [16]  87 62 2B 1C 79 63 6E 1C B5 18 82 68 13 5C 00 00
  can1  206  [16]  00 63 25 1C D8 62 6E 1C A7 18 5A 68 EB 5B 00 00
  can1  206  [16]  28 63 19 1C 87 62 81 1C A2 18 09 68 13 5C 00 00"
2025-08-09T00:04:45.742229,162.365,"can1  001  [05]  00 77 01 00 80
  can1  206  [16]  50 63 19 1C 0E 62 68 1C 94 18 B9 67 13 5C 00 00
  can1  206  [16]  C9 63 13 1C E6 61 5C 1C 90 18 40 67 13 5C 00 00"
2025-08-09T00:04:45.742229,162.365,"can1  206  [16]  A1 63 13 1C 45 61 50 1C A2 18 C9 63 05 5D 00 00
  can1  206  [16]  BB 64 62 1C 1C 61 AD 1B DB 18 6A 64 10 5F 00 00"
2025-08-09T00:04:45.963719,162.586,"can1  206  [16]  79 63 28 1D D8 62 9C 1B FD 18 93 64 DA 5F 00 00
  can1  206  [16]  28 63 28 1D A1 63 9C 1B 06 19 BB 64 B2 5F 00 00"
2025-08-09T00:04:45.963719,162.586,"can1  206  [16]  28 63 2E 1D F2 63 96 1B 0B 19 D5 65 DA 5F 00 00
  can1  206  [16]  AF 62 35 1D 6A 64 A2 1B 15 19 76 66 02 60 00 00"
2025-08-09T00:04:46.169081,162.792,"can1  206  [16]  D8 62 28 1D 6A 64 AD 1B 1E 19 EF 66 DA 5F 00 00
  can1  206  [16]  87 62 1A 1D 6A 64 AD 1B 45 19 68 67 B2 5F 00 00"
2025-08-09T00:04:46.169081,162.792,"can1  001  [05]  48 6B 01 00 80
  can1  206  [16]  BD 61 21 1D 93 64 B3 1B 4A 19 68 67 DA 5F 00 00
  can1  206  [16]  45 61 00 1D F2 63 06 1C 37 19 FB 68 10 5F 00 00"
2025-08-09T00:04:46.390855,163.013,"can1  206  [16]  BD 61 C7 1C A1 63 2B 1C 06 19 FB 68 1F 5E 00 00
  can1  206  [16]  AF 62 A7 1C 79 63 43 1C FD 18 09 68 A6 5D 00 00"
2025-08-09T00:04:46.390855,163.013,"can1  206  [16]  6D 61 2B 1C 1C 61 68 1C 9E 18 28 63 EB 5B 00 00
  can1  206  [16]  1A 64 68 1C 89 5F E8 1B B0 18 50 63 DC 5C 00 00"
2025-08-09T00:04:46.612515,163.235,"can1  206  [16]  F2 63 07 1D 02 60 B3 1B 2D 19 D5 65 89 5F 00 00
  can1  206  [16]  5F 62 35 1D 00 63 AD 1B 2D 19 68 67 DA 5F 00 00"
2025-08-09T00:04:46.612515,163.235,"can1  206  [16]  D8 62 1A 1D 42 64 AD 1B 28 19 E1 67 B2 5F 00 00
  can1  206  [16]  95 61 00 1D A1 63 00 1C 10 19 23 69 98 5E 00 00"
2025-08-09T00:04:46.836140,163.459,"can1  206  [16]  F4 60 49 1C 0E 62 8E 1C BF 18 E1 67 EB 5B 00 00
  can1  206  [16]  D8 62 2B 1C 45 61 62 1C A2 18 C9 63 64 5C 00 00
  can1  001  [05]  00 77 01 00 80"
2025-08-09T00:04:46.837188,163.460,"can1  206  [16]  E3 64 7B 1C B2 5F D1 1B CD 18 1A 64 A6 5D 00 00
  can1  206  [16]  6A 64 2E 1D CC 60 CB 1B 32 19 C7 66 B2 5F 00 00"
2025-08-09T00:04:46.837188,163.460,"can1  206  [16]  BD 61 28 1D C9 63 CB 1B 28 19 31 68 89 5F 00 00
  can1  206  [16]  CC 60 ED 1C 28 63 25 1C 0B 19 23 69 C0 5E 00 00"
2025-08-09T00:04:47.054187,163.677,can1  206  [16]  1C 61 43 1C CC 60 87 1C 99 18 F2 63 13 5C 00 00
2025-08-09T00:04:47.054187,163.677,"can1  206  [16]  FD 65 5C 1C E8 5E 00 1C B0 18 A1 63 05 5D 00 00
  can1  206  [16]  1A 64 E7 1C 2B 60 B9 1B 1E 19 BB 64 02 60 00 00"
2025-08-09T00:04:47.275776,163.898,"can1  206  [16]  0E 62 3B 1D 28 63 AD 1B 28 19 C7 66 2B 60 00 00
  can1  206  [16]  5F 62 07 1D A1 63 BF 1B 28 19 68 67 DA 5F 00 00"
2025-08-09T00:04:47.275776,163.898,"can1  206  [16]  28 63 14 1D 1A 64 C5 1B 32 19 E1 67 89 5F 00 00
  can1  206  [16]  36 62 0D 1D F2 63 CB 1B 4A 19 82 68 39 5F 00 00
  can1  001  [05]  B8 82 01 00 80"
2025-08-09T00:04:47.498029,164.121,"can1  206  [16]  E6 61 FA 1C 42 64 D1 1B 45 19 AA 68 61 5F 00 00
  can1  206  [16]  BD 61 F3 1C E3 64 CB 1B 37 19 AA 68 61 5F 00 00
  can1  206  [16]  D8 62 FA 1C D5 65 DD 1B 23 19 FB 68 10 5F 00 00"
2025-08-09T00:04:47.498029,164.121,"can1  206  [16]  5F 62 FA 1C E3 64 FA 1B 10 19 4C 69 10 5F 00 00
  can1  206  [16]  36 62 F3 1C 6A 64 06 1C 19 19 9C 69 39 5F 00 00"
2025-08-09T00:04:47.719558,164.342,"can1  206  [16]  0E 62 E7 1C 6A 64 25 1C 2D 19 74 69 61 5F 00 00
  can1  206  [16]  E6 61 E0 1C 28 63 37 1C 28 19 23 69 39 5F 00 00"
2025-08-09T00:04:47.719558,164.342,can1  206  [16]  00 63 BA 1C 00 63 43 1C 01 19 23 69 10 5F 00 00
2025-08-09T00:04:47.941453,164.564,"can1  206  [16]  45 61 31 1C 6D 61 9A 1C 94 18 6A 64 C2 5B 00 00
  can1  001  [05]  00 77 01 00 80
  can1  206  [16]  6A 64 50 1C 10 5F 1F 1C B0 18 79 63 B4 5C 00 00"
2025-08-09T00:04:47.941453,164.564,"can1  206  [16]  93 64 CD 1C 2B 60 B9 1B 0B 19 93 64 39 5F 00 00
  can1  206  [16]  E6 61 49 1D 00 63 AD 1B 45 19 FD 65 B2 5F 00 00"
2025-08-09T00:04:47.941453,164.564,"can1  206  [16]  0E 62 21 1D 79 63 A7 1B 45 19 EF 66 89 5F 00 00
  can1  206  [16]  BD 61 07 1D 1A 64 A7 1B 32 19 C7 66 89 5F 00 00"
2025-08-09T00:04:48.178855,164.801,"can1  206  [16]  95 61 ED 1C A1 63 F4 1B 10 19 09 68 C0 5E 00 00
  can1  206  [16]  E6 61 C0 1C 79 63 2B 1C 01 19 B9 67 7E 5D 00 00"
2025-08-09T00:04:48.178855,164.801,"can1  206  [16]  AF 62 A7 1C A1 63 37 1C 01 19 E1 67 05 5D 00 00
  can1  206  [16]  50 63 8E 1C 79 63 3D 1C F3 18 B9 67 DC 5C 00 00"
2025-08-09T00:04:48.386216,165.009,"can1  206  [16]  0E 62 75 1C 28 63 49 1C E5 18 E1 67 64 5C 00 00
  can1  206  [16]  AF 62 56 1C 00 63 5C 1C E0 18 09 68 EB 5B 00 00"
2025-08-09T00:04:48.386216,165.009,"can1  206  [16]  95 61 2B 1C 2B 60 62 1C A7 18 AF 62 21 5B 00 00
  can1  206  [16]  6A 64 68 1C 02 60 C5 1B DB 18 1A 64 DC 5C 00 00"
2025-08-09T00:04:48.589990,165.213,"can1  001  [05]  B8 82 01 00 80
  can1  206  [16]  C9 63 21 1D 45 61 C5 1B 37 19 40 67 E8 5E 00 00
  can1  206  [16]  45 61 F3 1C 28 63 1F 1C 10 19 FB 68 47 5E 00 00"
2025-08-09T00:04:48.589990,165.213,"can1  206  [16]  BD 61 A0 1C 79 63 3D 1C 01 19 82 68 A6 5D 00 00
  can1  206  [16]  6D 61 25 1C 1C 61 68 1C 9E 18 C9 63 49 5B 00 00"
2025-08-09T00:04:48.810716,165.433,"can1  001  [05]  00 77 01 00 80
  can1  206  [16]  F2 63 56 1C 89 5F E8 1B BA 18 F2 63 B4 5C 00 00
  can1  206  [16]  F2 63 E7 1C 53 60 C5 1B 19 19 D5 65 DA 5F 00 00"
2025-08-09T00:04:48.810716,165.433,"can1  206  [16]  D8 62 21 1D 28 63 CB 1B 28 19 68 67 02 60 00 00
  can1  206  [16]  5F 62 0D 1D A1 63 C5 1B 23 19 B9 67 DA 5F 00 00"
2025-08-09T00:04:49.032409,165.655,"can1  206  [16]  0E 62 07 1D 1A 64 CB 1B 1E 19 31 68 B2 5F 00 00
  can1  206  [16]  BD 61 07 1D 1A 64 E3 1B 1E 19 AA 68 B2 5F 00 00"
2025-08-09T00:04:49.032409,165.655,"can1  206  [16]  E6 61 FA 1C 1A 64 E3 1B 15 19 D3 68 89 5F 00 00
  can1  206  [16]  5F 62 FA 1C 42 64 E3 1B 10 19 23 69 10 5F 00 00"
2025-08-09T00:04:49.254005,165.877,"can1  206  [16]  D8 62 ED 1C 1A 64 E8 1B 0B 19 4C 69 39 5F 00 00
  can1  001  [05]  48 6B 01 00 80
  can1  206  [16]  AF 62 E0 1C F2 63 EE 1B 06 19 FB 68 98 5E 00 00"
2025-08-09T00:04:49.254005,165.877,"can1  206  [16]  E6 61 E0 1C C9 63 00 1C 01 19 D3 68 E8 5E 00 00
  can1  206  [16]  E6 61 DA 1C C9 63 13 1C 01 19 82 68 E8 5E 00 00"
2025-08-09T00:04:49.475571,166.098,"can1  206  [16]  E6 61 C7 1C A1 63 25 1C FD 18 82 68 89 5F 00 00
  can1  206  [16]  0E 62 B3 1C C9 63 3D 1C F8 18 AA 68 47 5E 00 00"
2025-08-09T00:04:49.475571,166.098,"can1  206  [16]  28 63 8E 1C 28 63 50 1C E5 18 D3 68 F6 5D 00 00
  can1  206  [16]  00 63 7B 1C 00 63 68 1C D6 18 82 68 CE 5D 00 00
  can1  206  [16]  28 63 68 1C 00 63 8E 1C CD 18 AA 68 DC 5C 00 00"
2025-08-09T00:04:49.697600,166.320,"can1  206  [16]  79 63 50 1C D8 62 9A 1C CD 18 31 68 B4 5C 00 00
  can1  206  [16]  00 63 37 1C 87 62 94 1C C3 18 5A 68 64 5C 00 00"
2025-08-09T00:04:49.697600,166.320,"can1  206  [16]  D8 62 25 1C 0E 62 8E 1C B0 18 31 68 13 5C 00 00
  can1  206  [16]  6A 64 25 1C 45 61 75 1C 90 18 6A 64 13 5C 00 00"
2025-08-09T00:04:49.918635,166.541,"can1  206  [16]  FD 65 62 1C 61 5F 13 1C AC 18 C9 63 05 5D 00 00
  can1  206  [16]  9F 66 F3 1C A3 60 E3 1B 19 19 0C 65 B2 5F 00 00"
2025-08-09T00:04:49.918635,166.541,"can1  206  [16]  1A 64 3B 1D A1 63 DD 1B 1E 19 17 67 B2 5F 00 00
  can1  206  [16]  5F 62 1A 1D C9 63 D1 1B 06 19 68 67 B2 5F 00 00"
2025-08-09T00:04:50.141154,166.764,"can1  206  [16]  D8 62 07 1D F2 63 DD 1B 0B 19 E1 67 89 5F 00 00
  can1  206  [16]  AF 62 FA 1C F2 63 DD 1B 2D 19 82 68 61 5F 00 00"
2025-08-09T00:04:50.141154,166.764,"can1  206  [16]  87 62 FA 1C F2 63 D7 1B 10 19 82 68 39 5F 00 00
  can1  206  [16]  5F 62 00 1D F2 63 DD 1B 2D 19 D3 68 39 5F 00 00"
2025-08-09T00:04:50.141154,166.764,"can1  206  [16]  E6 61 FA 1C C9 63 E3 1B 01 19 FB 68 39 5F 00 00
  can1  206  [16]  E6 61 E7 1C C9 63 E8 1B F3 18 23 69 10 5F 00 00"
2025-08-09T00:04:50.362659,166.985,"can1  206  [16]  5F 62 ED 1C C9 63 06 1C E0 18 23 69 10 5F 00 00
  can1  206  [16]  D8 62 DA 1C 50 63 25 1C DB 18 FB 68 10 5F 00 00"
2025-08-09T00:04:50.362659,166.985,"can1  206  [16]  AF 62 C7 1C 50 63 37 1C F3 18 AA 68 10 5F 00 00
  can1  206  [16]  00 63 A7 1C A1 63 31 1C F3 18 FB 68 98 5E 00 00"
2025-08-09T00:04:50.588470,167.211,"can1  206  [16]  A1 63 81 1C 1A 64 31 1C E5 18 D3 68 1F 5E 00 00
  can1  206  [16]  00 63 6E 1C 1A 64 37 1C D6 18 82 68 F6 5D 00 00"
2025-08-09T00:04:50.588470,167.211,"can1  206  [16]  79 63 62 1C F2 63 43 1C CD 18 82 68 55 5D 00 00
  can1  206  [16]  28 63 50 1C C9 63 56 1C C8 18 5A 68 2D 5D 00 00"
2025-08-09T00:04:50.806296,167.429,"can1  206  [16]  D8 62 3D 1C A1 63 5C 1C CD 18 5A 68 DC 5C 00 00
  can1  206  [16]  C9 63 2B 1C 28 63 6E 1C 94 18 09 68 3B 5C 00 00"
2025-08-09T00:04:50.806296,167.429,"can1  206  [16]  42 64 19 1C 5F 62 75 1C A2 18 B9 67 C2 5B 00 00
  can1  206  [16]  C9 63 25 1C 36 62 7B 1C 94 18 40 67 EB 5B 00 00"
2025-08-09T00:04:51.011561,167.634,"can1  206  [16]  6A 64 19 1C 0E 62 75 1C 86 18 C7 66 49 5B 00 00
  can1  206  [16]  1A 64 13 1C 95 61 62 1C 82 18 D8 62 72 5B 00 00"
2025-08-09T00:04:51.011561,167.634,"can1  206  [16]  EF 66 5C 1C 7B 60 D7 1B AC 18 A1 63 55 5D 00 00
  can1  206  [16]  BB 64 1A 1D 0E 62 B3 1B C8 18 1A 64 39 5F 00 00"
2025-08-09T00:04:51.233455,167.856,"can1  206  [16]  93 64 1A 1D D8 62 AD 1B D6 18 6A 64 B2 5F 00 00
  can1  206  [16]  26 66 21 1D D8 62 AD 1B EE 18 6A 64 61 5F 00 00"
2025-08-09T00:04:51.234509,167.857,"can1  206  [16]  F2 63 21 1D 79 63 9C 1B 01 19 E3 64 DA 5F 00 00
  can1  206  [16]  C9 63 28 1D F2 63 96 1B 0B 19 D5 65 DA 5F 00 00"
2025-08-09T00:04:51.453758,168.076,"can1  206  [16]  C9 63 14 1D 42 64 A7 1B 19 19 4E 66 02 60 00 00
  can1  206  [16]  AF 62 1A 1D A1 63 BF 1B 23 19 C7 66 B2 5F 00 00"
2025-08-09T00:04:51.453758,168.076,"can1  206  [16]  AF 62 14 1D F2 63 CB 1B 1E 19 68 67 61 5F 00 00
  can1  206  [16]  36 62 0D 1D 93 64 D1 1B 15 19 B9 67 B2 5F 00 00"
2025-08-09T00:04:51.453758,168.076,"can1  206  [16]  0E 62 FA 1C BB 64 DD 1B 10 19 5A 68 89 5F 00 00
  can1  206  [16]  0E 62 F3 1C 6A 64 DD 1B 06 19 AA 68 61 5F 00 00"
2025-08-09T00:04:51.674922,168.298,"can1  206  [16]  BD 61 E7 1C 6A 64 E3 1B 0B 19 82 68 61 5F 00 00
  can1  206  [16]  0E 62 ED 1C C9 63 E3 1B 01 19 FB 68 E8 5E 00 00"
2025-08-09T00:04:51.674922,168.298,"can1  206  [16]  D8 62 E7 1C 6A 64 FA 1B 01 19 D3 68 E8 5E 00 00
  can1  206  [16]  00 63 E0 1C F2 63 06 1C 28 19 AA 68 E8 5E 00 00"
2025-08-09T00:04:51.899660,168.522,"can1  206  [16]  D8 62 CD 1C 6A 64 13 1C 2D 19 D3 68 C0 5E 00 00
  can1  206  [16]  D8 62 C0 1C 93 64 2B 1C 1E 19 D3 68 98 5E 00 00"
2025-08-09T00:04:51.900685,168.523,"can1  206  [16]  50 63 A7 1C 93 64 3D 1C FD 18 D3 68 47 5E 00 00
  can1  206  [16]  79 63 8E 1C 6A 64 56 1C E9 18 5A 68 1F 5E 00 00"
2025-08-09T00:04:52.121612,168.744,"can1  206  [16]  93 64 75 1C 6A 64 5C 1C D6 18 31 68 CE 5D 00 00
  can1  206  [16]  28 63 68 1C 42 64 62 1C CD 18 31 68 55 5D 00 00"
2025-08-09T00:04:52.121612,168.744,"can1  206  [16]  AF 62 56 1C 1A 64 75 1C BF 18 E1 67 55 5D 00 00
  can1  206  [16]  87 62 43 1C C9 63 6E 1C D2 18 09 68 05 5D 00 00"
2025-08-09T00:04:52.339138,168.962,"can1  206  [16]  28 63 25 1C 79 63 75 1C B0 18 B9 67 64 5C 00 00
  can1  206  [16]  D8 62 1F 1C 28 63 8E 1C A7 18 90 67 3B 5C 00 00"
2025-08-09T00:04:52.339138,168.962,"can1  206  [16]  00 63 19 1C 87 62 8E 1C 94 18 68 67 13 5C 00 00
  can1  206  [16]  79 63 25 1C 0E 62 81 1C 94 18 17 67 C2 5B 00 00"
2025-08-09T00:04:52.544914,169.167,"can1  206  [16]  A1 63 19 1C E6 61 7B 1C 86 18 76 66 9A 5B 00 00
  can1  206  [16]  6A 64 2B 1C 45 61 62 1C A7 18 D8 62 8C 5C 00 00"
2025-08-09T00:04:52.544914,169.167,"can1  206  [16]  E3 64 68 1C 6D 61 C5 1B E9 18 6A 64 47 5E 00 00
  can1  206  [16]  A1 63 2E 1D 00 63 B3 1B FD 18 0C 65 10 5F 00 00"
2025-08-09T00:04:52.766345,169.389,"can1  206  [16]  C9 63 21 1D 79 63 B9 1B F8 18 0C 65 61 5F 00 00
  can1  206  [16]  93 64 28 1D C9 63 B9 1B 19 19 D5 65 89 5F 00 00"
2025-08-09T00:04:52.766345,169.389,"can1  206  [16]  28 63 1A 1D 42 64 A7 1B 23 19 76 66 DA 5F 00 00
  can1  206  [16]  28 63 14 1D BB 64 AD 1B 23 19 C7 66 02 60 00 00"
2025-08-09T00:04:52.987119,169.610,"can1  206  [16]  D8 62 1A 1D 0C 65 AD 1B 28 19 40 67 DA 5F 00 00
  can1  206  [16]  C9 63 00 1D AD 65 B9 1B 2D 19 E1 67 61 5F 00 00
  can1  206  [16]  79 63 FA 1C FD 65 B9 1B 28 19 31 68 61 5F 00 00"
2025-08-09T00:04:52.987119,169.610,"can1  206  [16]  5F 62 F3 1C 26 66 C5 1B 19 19 82 68 89 5F 00 00
  can1  206  [16]  AF 62 FA 1C 26 66 E8 1B 15 19 FB 68 39 5F 00 00"
2025-08-09T00:04:53.208382,169.831,"can1  206  [16]  E6 61 E7 1C FD 65 FA 1B 01 19 23 69 61 5F 00 00
  can1  206  [16]  87 62 E0 1C D5 65 00 1C 01 19 AA 68 10 5F 00 00"
2025-08-09T00:04:53.208382,169.831,"can1  206  [16]  AF 62 E0 1C 0C 65 0C 1C F8 18 D3 68 1F 5E 00 00
  can1  206  [16]  36 62 E7 1C E3 64 25 1C EE 18 D3 68 E8 5E 00 00"
2025-08-09T00:04:53.429663,170.052,"can1  206  [16]  0E 62 C7 1C 93 64 25 1C E9 18 D3 68 E8 5E 00 00
  can1  206  [16]  AF 62 B3 1C 93 64 25 1C E9 18 82 68 6F 5E 00 00
  can1  206  [16]  87 62 9A 1C 6A 64 3D 1C EE 18 FB 68 1F 5E 00 00"
2025-08-09T00:04:53.429663,170.052,"can1  206  [16]  87 62 81 1C 93 64 49 1C F8 18 AA 68 CE 5D 00 00
  can1  206  [16]  AF 62 6E 1C 1A 64 5C 1C 10 19 82 68 55 5D 00 00"
2025-08-09T00:04:53.651188,170.274,"can1  206  [16]  F2 63 5C 1C 42 64 62 1C F3 18 31 68 2D 5D 00 00
  can1  206  [16]  87 62 43 1C 1A 64 62 1C DB 18 09 68 DC 5C 00 00"
2025-08-09T00:04:53.651188,170.274,"can1  206  [16]  D8 62 37 1C A1 63 62 1C C8 18 09 68 13 5C 00 00
  can1  206  [16]  42 64 25 1C 28 63 6E 1C B0 18 09 68 C2 5B 00 00"
2025-08-09T00:04:53.856305,170.479,"can1  206  [16]  C9 63 1F 1C AF 62 6E 1C A2 18 B9 67 C2 5B 00 00
  can1  206  [16]  93 64 1F 1C 87 62 6E 1C 9E 18 90 67 9A 5B 00 00"
2025-08-09T00:04:53.856305,170.479,"can1  206  [16]  BB 64 13 1C 0E 62 68 1C 99 18 EF 66 C2 5B 00 00
  can1  206  [16]  BB 64 1F 1C 6D 61 56 1C 9E 18 50 63 64 5C 00 00
  can1  206  [16]  76 66 68 1C F4 60 BF 1B FD 18 F2 63 6F 5E 00 00"
2025-08-09T00:04:54.078421,170.701,"can1  206  [16]  0C 65 28 1D E6 61 A7 1B 19 19 93 64 61 5F 00 00
  can1  206  [16]  93 64 1A 1D 28 63 9C 1B 32 19 6A 64 61 5F 00 00"
2025-08-09T00:04:54.078421,170.701,"can1  206  [16]  C9 63 21 1D A1 63 AD 1B 37 19 E3 64 B2 5F 00 00
  can1  206  [16]  79 63 28 1D C9 63 B9 1B 45 19 E3 64 DA 5F 00 00"
2025-08-09T00:04:54.300786,170.923,"can1  206  [16]  A1 63 1A 1D 1A 64 B3 1B 1E 19 4E 66 39 5F 00 00
  can1  206  [16]  C9 63 0D 1D 6A 64 B9 1B 15 19 EF 66 02 60 00 00"
2025-08-09T00:04:54.300786,170.923,"can1  206  [16]  79 63 14 1D BB 64 BF 1B 15 19 68 67 B2 5F 00 00
  can1  206  [16]  79 63 FA 1C 0C 65 C5 1B 15 19 B9 67 B2 5F 00 00"
2025-08-09T00:04:54.523319,171.146,"can1  206  [16]  E6 61 F3 1C FD 65 B9 1B 0B 19 31 68 B2 5F 00 00
  can1  206  [16]  6D 61 CD 1C 42 64 1F 1C F8 18 82 68 1F 5E 00 00
  can1  206  [16]  0E 62 75 1C 1A 64 43 1C 01 19 5A 68 DC 5C 00 00"
2025-08-09T00:04:54.523319,171.146,"can1  206  [16]  AF 62 68 1C 1A 64 49 1C 01 19 31 68 7E 5D 00 00
  can1  206  [16]  AF 62 50 1C 1A 64 56 1C EE 18 31 68 B4 5C 00 00"
2025-08-09T00:04:54.744398,171.367,can1  206  [16]  AF 62 37 1C C9 63 68 1C D6 18 09 68 8C 5C 00 00
2025-08-09T00:04:54.744398,171.367,"can1  206  [16]  D8 62 25 1C C9 63 6E 1C BA 18 31 68 64 5C 00 00
  can1  206  [16]  D8 62 1F 1C C9 63 6E 1C B0 18 E1 67 3B 5C 00 00
  can1  206  [16]  79 63 1F 1C 79 63 75 1C C3 18 B9 67 C2 5B 00 00
  can1  206  [16]  50 63 1F 1C D8 62 6E 1C AC 18 B9 67 C2 5B 00 00"
2025-08-09T00:04:54.965774,171.588,"can1  206  [16]  F2 63 25 1C 87 62 68 1C 94 18 40 67 9A 5B 00 00
  can1  206  [16]  C9 63 25 1C 36 62 56 1C 90 18 C7 66 EB 5B 00 00"
2025-08-09T00:04:54.965774,171.588,"can1  206  [16]  D5 65 1F 1C 95 61 37 1C AC 18 28 63 B4 5C 00 00
  can1  206  [16]  76 66 7B 1C BD 61 00 1C A7 18 C9 63 DC 5C 00 00"
2025-08-09T00:04:55.187783,171.810,"can1  206  [16]  17 67 7B 1C BD 61 E8 1B AC 18 A1 63 05 5D 00 00
  can1  206  [16]  4E 66 9A 1C 5F 62 D7 1B C3 18 50 63 A6 5D 00 00"
2025-08-09T00:04:55.187783,171.810,"can1  206  [16]  76 66 A7 1C 5F 62 C5 1B DB 18 42 64 1F 5E 00 00
  can1  206  [16]  26 66 CD 1C AF 62 A7 1B E9 18 6A 64 47 5E 00 00"
2025-08-09T00:04:55.409328,172.032,"can1  206  [16]  76 66 E0 1C 5F 62 9C 1B FD 18 93 64 C0 5E 00 00
  can1  206  [16]  76 66 F3 1C D8 62 A2 1B 15 19 93 64 10 5F 00 00"
2025-08-09T00:04:55.409328,172.032,"can1  206  [16]  17 67 00 1D 87 62 84 1B 1E 19 0C 65 39 5F 00 00
  can1  206  [16]  BB 64 14 1D D8 62 8A 1B FD 18 0C 65 61 5F 00 00"
2025-08-09T00:04:55.631195,172.254,"can1  206  [16]  0C 65 21 1D 28 63 8A 1B 06 19 BB 64 B2 5F 00 00
  can1  206  [16]  6A 64 21 1D A1 63 7F 1B 1E 19 0C 65 02 60 00 00"
2025-08-09T00:04:55.631195,172.254,"can1  206  [16]  79 63 1A 1D F2 63 8A 1B 23 19 4E 66 02 60 00 00
  can1  206  [16]  A1 63 1A 1D 6A 64 A2 1B 28 19 EF 66 DA 5F 00 00"
2025-08-09T00:04:55.852586,172.475,"can1  206  [16]  AF 62 07 1D 93 64 A7 1B 2D 19 40 67 DA 5F 00 00
  can1  206  [16]  BD 61 0D 1D BB 64 AD 1B 1E 19 90 67 DA 5F 00 00"
2025-08-09T00:04:55.852586,172.475,"can1  206  [16]  6D 61 ED 1C 6A 64 FA 1B 06 19 FB 68 98 5E 00 00
  can1  206  [16]  BD 61 A7 1C 1A 64 31 1C FD 18 82 68 1F 5E 00 00"
2025-08-09T00:04:56.067351,172.690,"can1  206  [16]  E6 61 8E 1C 42 64 3D 1C F3 18 82 68 1F 5E 00 00
  can1  206  [16]  BD 61 75 1C 1A 64 43 1C FD 18 5A 68 7E 5D 00 00"
2025-08-09T00:04:56.067351,172.690,"can1  206  [16]  BD 61 56 1C F2 63 49 1C E0 18 82 68 2D 5D 00 00
  can1  206  [16]  0E 62 49 1C F2 63 5C 1C C8 18 AA 68 05 5D 00 00"
2025-08-09T00:04:56.067351,172.690,"can1  206  [16]  0E 62 3D 1C 79 63 75 1C D6 18 5A 68 64 5C 00 00
  can1  206  [16]  E6 61 2B 1C 00 63 7B 1C E0 18 31 68 3B 5C 00 00"
2025-08-09T00:04:56.279458,172.902,"can1  206  [16]  36 62 25 1C D8 62 6E 1C AC 18 5A 68 13 5C 00 00
  can1  206  [16]  D8 62 1F 1C 36 62 62 1C A2 18 09 68 EB 5B 00 00"
2025-08-09T00:04:56.279458,172.902,"can1  206  [16]  D8 62 19 1C 0E 62 68 1C 90 18 68 67 9A 5B 00 00
  can1  206  [16]  00 63 25 1C 95 61 56 1C BF 18 A1 63 64 5C 00 00"
2025-08-09T00:04:56.501197,173.124,"can1  206  [16]  42 64 68 1C F4 60 B9 1B FD 18 F2 63 1F 5E 00 00
  can1  206  [16]  A1 63 1A 1D AF 62 9C 1B F8 18 93 64 61 5F 00 00"
2025-08-09T00:04:56.501197,173.124,"can1  206  [16]  C9 63 14 1D 50 63 90 1B FD 18 0C 65 02 60 00 00
  can1  206  [16]  BB 64 1A 1D A1 63 A2 1B 06 19 BB 64 DA 5F 00 00"
2025-08-09T00:04:56.721155,173.344,"can1  206  [16]  F2 63 21 1D F2 63 A7 1B 15 19 26 66 02 60 00 00
  can1  206  [16]  F2 63 14 1D 1A 64 96 1B 19 19 76 66 02 60 00 00"
2025-08-09T00:04:56.721155,173.344,"can1  206  [16]  5F 62 14 1D 93 64 A7 1B 1E 19 C7 66 DA 5F 00 00
  can1  206  [16]  0E 62 0D 1D E3 64 CB 1B 28 19 68 67 89 5F 00 00"
2025-08-09T00:04:56.943021,173.566,"can1  206  [16]  00 63 ED 1C E3 64 DD 1B 1E 19 90 67 B2 5F 00 00
  can1  206  [16]  45 61 DA 1C 6A 64 37 1C 28 19 5A 68 C0 5E 00 00"
2025-08-09T00:04:56.946656,173.569,"can1  206  [16]  6D 61 2B 1C 87 62 C0 1C D6 18 68 67 EB 5B 00 00
  can1  206  [16]  C9 63 19 1C 0E 62 94 1C 94 18 40 67 EB 5B 00 00"
2025-08-09T00:04:57.164222,173.787,"can1  206  [16]  93 64 1F 1C 95 61 6E 1C 9E 18 00 63 B4 5C 00 00
  can1  206  [16]  76 66 68 1C 45 61 E3 1B DB 18 42 64 98 5E 00 00"
2025-08-09T00:04:57.164222,173.787,"can1  206  [16]  BB 64 2E 1D AF 62 C5 1B F8 18 BB 64 B2 5F 00 00
  can1  206  [16]  93 64 1A 1D 50 63 CB 1B 01 19 E3 64 B2 5F 00 00"
2025-08-09T00:04:57.164222,173.787,"can1  206  [16]  F2 63 1A 1D A1 63 CB 1B 15 19 D5 65 02 60 00 00
  can1  206  [16]  00 63 1A 1D F2 63 BF 1B 10 19 FD 65 2B 60 00 00"
2025-08-09T00:04:57.386472,174.009,"can1  206  [16]  F2 63 1A 1D 93 64 D1 1B 32 19 4E 66 02 60 00 00
  can1  206  [16]  36 62 14 1D 6A 64 DD 1B 28 19 EF 66 02 60 00 00"
2025-08-09T00:04:57.608090,174.231,"can1  206  [16]  28 63 00 1D E3 64 E8 1B 1E 19 68 67 2B 60 00 00
  can1  206  [16]  E6 61 07 1D D5 65 E3 1B 23 19 B9 67 02 60 00 00"
2025-08-09T00:04:57.608090,174.231,"can1  206  [16]  87 62 ED 1C D5 65 B9 1B 19 19 31 68 53 60 00 00
  can1  206  [16]  1C 61 C0 1C 42 64 1F 1C 01 19 AA 68 98 5E 00 00"
2025-08-09T00:04:57.608090,174.231,"can1  206  [16]  6D 61 2B 1C E6 61 81 1C A2 18 68 67 3B 5C 00 00
  can1  206  [16]  BB 64 1F 1C 45 61 62 1C A2 18 00 63 B4 5C 00 00"
2025-08-09T00:04:57.828981,174.452,"can1  206  [16]  D5 65 68 1C 1C 61 BF 1B E5 18 1A 64 47 5E 00 00
  can1  206  [16]  E3 64 28 1D 87 62 A2 1B FD 18 93 64 61 5F 00 00"
2025-08-09T00:04:57.828981,174.452,"can1  206  [16]  A1 63 21 1D 79 63 9C 1B 06 19 BB 64 B2 5F 00 00
  can1  206  [16]  79 63 28 1D F2 63 A7 1B 19 19 D5 65 B2 5F 00 00"
2025-08-09T00:04:58.050769,174.673,"can1  206  [16]  D8 62 21 1D 1A 64 AD 1B 1E 19 0C 65 02 60 00 00
  can1  206  [16]  36 62 1A 1D 6A 64 B3 1B 23 19 D5 65 02 60 00 00"
2025-08-09T00:04:58.051820,174.674,"can1  206  [16]  E6 61 14 1D BB 64 BF 1B 28 19 4E 66 B2 5F 00 00
  can1  206  [16]  95 61 F3 1C 93 64 E8 1B 15 19 D3 68 10 5F 00 00"
2025-08-09T00:04:58.271467,174.894,"can1  206  [16]  45 61 3D 1C 00 63 7B 1C E0 18 B9 67 64 5C 00 00
  can1  206  [16]  28 63 25 1C 0E 62 7B 1C A2 18 90 67 C2 5B 00 00"
2025-08-09T00:04:58.271467,174.894,"can1  206  [16]  50 63 1F 1C E6 61 68 1C 99 18 68 67 9A 5B 00 00
  can1  206  [16]  50 63 1F 1C 6D 61 5C 1C A2 18 79 63 8C 5C 00 00"
2025-08-09T00:04:58.494090,175.117,"can1  206  [16]  BB 64 62 1C CC 60 AD 1B DB 18 1A 64 6F 5E 00 00
  can1  206  [16]  A1 63 28 1D AF 62 90 1B EE 18 BB 64 61 5F 00 00"
2025-08-09T00:04:58.498658,175.121,"can1  206  [16]  42 64 1A 1D 00 63 9C 1B FD 18 E3 64 B2 5F 00 00
  can1  206  [16]  6A 64 28 1D 50 63 AD 1B 06 19 0C 65 DA 5F 00 00"
2025-08-09T00:04:58.699197,175.322,"can1  206  [16]  D8 62 28 1D A1 63 B9 1B 28 19 FD 65 02 60 00 00
  can1  206  [16]  28 63 28 1D 1A 64 AD 1B 28 19 76 66 B2 5F 00 00"
2025-08-09T00:04:58.699197,175.322,"can1  206  [16]  36 62 14 1D 6A 64 AD 1B 28 19 C7 66 B2 5F 00 00
  can1  206  [16]  BD 61 07 1D BB 64 B9 1B 2D 19 40 67 B2 5F 00 00"
2025-08-09T00:04:58.920208,175.543,"can1  206  [16]  87 62 FA 1C FD 65 BF 1B 28 19 B9 67 B2 5F 00 00
  can1  206  [16]  36 62 F3 1C D5 65 C5 1B 28 19 31 68 B2 5F 00 00"
2025-08-09T00:04:58.920208,175.543,"can1  206  [16]  45 61 CD 1C 79 63 25 1C 10 19 82 68 C0 5E 00 00
  can1  206  [16]  95 61 31 1C F4 60 81 1C A2 18 79 63 EB 5B 00 00"
2025-08-09T00:04:59.142290,175.765,"can1  206  [16]  D5 65 5C 1C 89 5F FA 1B BF 18 28 63 2D 5D 00 00
  can1  206  [16]  C9 63 E0 1C CC 60 D7 1B 28 19 BB 64 DA 5F 00 00"
2025-08-09T00:04:59.142290,175.765,"can1  206  [16]  95 61 07 1D A1 63 E3 1B 1E 19 D3 68 10 5F 00 00
  can1  206  [16]  BD 61 E0 1C A1 63 00 1C 0B 19 D3 68 E8 5E 00 00
  can1  206  [16]  1C 61 3D 1C 5F 62 7B 1C E5 18 90 67 13 5C 00 00"
2025-08-09T00:04:59.369050,175.992,"can1  206  [16]  79 63 13 1C BD 61 75 1C B0 18 17 67 72 5B 00 00
  can1  206  [16]  D8 62 13 1C 95 61 56 1C A7 18 28 63 C2 5B 00 00"
2025-08-09T00:04:59.369050,175.992,"can1  206  [16]  6A 64 62 1C 53 60 D7 1B D2 18 A1 63 CE 5D 00 00
  can1  206  [16]  1A 64 14 1D 6D 61 C5 1B 3C 19 26 66 02 60 00 00"
2025-08-09T00:04:59.584678,176.207,"can1  206  [16]  95 61 07 1D C9 63 06 1C 10 19 82 68 C0 5E 00 00
  can1  206  [16]  95 61 43 1C 87 62 94 1C BF 18 68 67 13 5C 00 00"
2025-08-09T00:04:59.584678,176.207,can1  206  [16]  50 63 2B 1C E6 61 81 1C 99 18 EF 66 9A 5B 00 00
2025-08-09T00:04:59.584678,176.207,"can1  206  [16]  00 63 13 1C 95 61 5C 1C A2 18 D8 62 8C 5C 00 00
  can1  206  [16]  BB 64 62 1C F4 60 C5 1B E0 18 28 63 F6 5D 00 00"
2025-08-09T00:04:59.805693,176.428,"can1  206  [16]  79 63 2E 1D 36 62 A2 1B FD 18 6A 64 39 5F 00 00
  can1  206  [16]  79 63 14 1D 00 63 90 1B 01 19 93 64 89 5F 00 00"
2025-08-09T00:04:59.805693,176.428,"can1  206  [16]  00 63 1A 1D C9 63 8A 1B 15 19 93 64 B2 5F 00 00
  can1  206  [16]  D8 62 28 1D F2 63 96 1B 1E 19 6A 64 DA 5F 00 00
  can1  206  [16]  D8 62 21 1D 42 64 90 1B 28 19 D5 65 02 60 00 00"
2025-08-09T00:05:00.042645,176.665,can1  206  [16]  0E 62 1A 1D E3 64 A7 1B 2D 19 26 66 2B 60 00 00
2025-08-09T00:05:00.042645,176.665,"can1  206  [16]  95 61 ED 1C BB 64 E8 1B 1E 19 D3 68 E8 5E 00 00
  can1  206  [16]  45 61 5C 1C 28 63 9A 1C FD 18 90 67 B4 5C 00 00"
2025-08-09T00:05:00.248355,176.871,"can1  206  [16]  0E 62 2B 1C BD 61 94 1C B0 18 68 67 3B 5C 00 00
  can1  206  [16]  79 63 19 1C 6D 61 75 1C A2 18 C9 63 64 5C 00 00"
2025-08-09T00:05:00.248355,176.871,"can1  206  [16]  D5 65 68 1C 89 5F FA 1B C3 18 00 63 A6 5D 00 00
  can1  206  [16]  6A 64 14 1D CC 60 E8 1B 37 19 FD 65 DA 5F 00 00"
2025-08-09T00:05:00.469677,177.092,"can1  206  [16]  6D 61 00 1D 28 63 1F 1C 19 19 D3 68 E8 5E 00 00
  can1  206  [16]  E6 61 C7 1C A1 63 49 1C 01 19 D3 68 10 5F 00 00"
2025-08-09T00:05:00.469677,177.092,"can1  206  [16]  87 62 9A 1C 79 63 56 1C FD 18 09 68 47 5E 00 00
  can1  206  [16]  87 62 87 1C 28 63 6E 1C F8 18 5A 68 A6 5D 00 00"
2025-08-09T00:05:00.691117,177.314,"can1  206  [16]  BD 61 68 1C D8 62 6E 1C E5 18 31 68 7E 5D 00 00
  can1  206  [16]  95 61 25 1C 53 60 87 1C A7 18 28 63 64 5C 00 00"
2025-08-09T00:05:00.691117,177.314,"can1  206  [16]  FD 65 62 1C 02 60 EE 1B CD 18 F2 63 1F 5E 00 00
  can1  206  [16]  F2 63 1A 1D 1C 61 DD 1B 32 19 9F 66 53 60 00 00"
2025-08-09T00:05:00.691117,177.314,"can1  206  [16]  45 61 FA 1C 79 63 31 1C 10 19 D3 68 61 5F 00 00
  can1  206  [16]  D8 62 AD 1C A1 63 5C 1C 01 19 AA 68 E8 5E 00 00"
2025-08-09T00:05:00.912311,177.535,"can1  206  [16]  5F 62 8E 1C A1 63 56 1C FD 18 AA 68 47 5E 00 00
  can1  206  [16]  AF 62 75 1C 79 63 62 1C F3 18 31 68 A6 5D 00 00"
2025-08-09T00:05:00.912311,177.535,"can1  206  [16]  D8 62 6E 1C A1 63 75 1C E5 18 09 68 55 5D 00 00
  can1  206  [16]  50 63 43 1C 28 63 8E 1C D6 18 31 68 DC 5C 00 00"
2025-08-09T00:05:01.133667,177.756,"can1  206  [16]  00 63 31 1C 00 63 94 1C C8 18 09 68 05 5D 00 00
  can1  206  [16]  50 63 2B 1C AF 62 94 1C B5 18 09 68 EB 5B 00 00"
2025-08-09T00:05:01.133667,177.756,"can1  206  [16]  A1 63 1F 1C 0E 62 94 1C AC 18 90 67 EB 5B 00 00
  can1  206  [16]  6A 64 25 1C BD 61 8E 1C A7 18 90 67 C2 5B 00 00"
2025-08-09T00:05:01.356050,177.979,"can1  206  [16]  BB 64 1F 1C 45 61 6E 1C BA 18 79 63 3B 5C 00 00
  can1  206  [16]  17 67 68 1C DA 5F E3 1B C8 18 C9 63 F6 5D 00 00"
2025-08-09T00:05:01.356050,177.979,"can1  206  [16]  76 66 21 1D F4 60 E3 1B 37 19 76 66 89 5F 00 00
  can1  206  [16]  00 63 0D 1D 50 63 E3 1B 23 19 90 67 B2 5F 00 00"
2025-08-09T00:05:01.578374,178.201,"can1  206  [16]  D8 62 FA 1C 1A 64 DD 1B 1E 19 5A 68 39 5F 00 00
  can1  206  [16]  28 63 ED 1C F2 63 E3 1B 19 19 82 68 61 5F 00 00"
2025-08-09T00:05:01.578374,178.201,"can1  206  [16]  D8 62 E7 1C C9 63 EE 1B 15 19 D3 68 61 5F 00 00
  can1  206  [16]  AF 62 ED 1C A1 63 EE 1B 15 19 FB 68 39 5F 00 00"
2025-08-09T00:05:01.798727,178.421,"can1  206  [16]  AF 62 E7 1C A1 63 0C 1C 2D 19 D3 68 10 5F 00 00
  can1  206  [16]  D8 62 ED 1C 79 63 0C 1C 32 19 FB 68 10 5F 00 00"
2025-08-09T00:05:01.803304,178.426,"can1  206  [16]  28 63 DA 1C 28 63 25 1C 2D 19 D3 68 C0 5E 00 00
  can1  206  [16]  50 63 C7 1C 28 63 37 1C 28 19 AA 68 C0 5E 00 00"
2025-08-09T00:05:01.803304,178.426,"can1  206  [16]  42 64 AD 1C 00 63 56 1C 19 19 82 68 47 5E 00 00
  can1  206  [16]  79 63 94 1C 00 63 68 1C F3 18 31 68 7E 5D 00 00"
2025-08-09T00:05:02.019277,178.642,"can1  206  [16]  93 64 87 1C D8 62 75 1C EE 18 09 68 2D 5D 00 00
  can1  206  [16]  1A 64 68 1C D8 62 7B 1C FD 18 09 68 DC 5C 00 00"
2025-08-09T00:05:02.019277,178.642,"can1  206  [16]  6A 64 50 1C 5F 62 81 1C E0 18 31 68 B4 5C 00 00
  can1  206  [16]  C9 63 3D 1C 36 62 87 1C B5 18 09 68 13 5C 00 00"
2025-08-09T00:05:02.240719,178.863,"can1  206  [16]  50 63 1F 1C 95 61 62 1C 90 18 93 64 9A 5B 00 00
  can1  206  [16]  EF 66 50 1C E8 5E FA 1B B5 18 50 63 B4 5C 00 00"
2025-08-09T00:05:02.461616,179.084,"can1  206  [16]  BB 64 CD 1C 7B 60 AD 1B 15 19 BB 64 B2 5F 00 00
  can1  206  [16]  50 63 2E 1D 79 63 A7 1B 1E 19 EF 66 02 60 00 00
  can1  206  [16]  D8 62 07 1D F2 63 AD 1B 1E 19 90 67 B2 5F 00 00"
2025-08-09T00:05:02.461616,179.084,"can1  206  [16]  C9 63 07 1D 42 64 AD 1B 1E 19 E1 67 B2 5F 00 00
  can1  206  [16]  36 62 F3 1C 6A 64 A7 1B 1E 19 82 68 89 5F 00 00"
2025-08-09T00:05:02.461616,179.084,"can1  206  [16]  E6 61 FA 1C 6A 64 AD 1B 10 19 D3 68 89 5F 00 00
  can1  206  [16]  BD 61 ED 1C 6A 64 B3 1B 10 19 FB 68 39 5F 00 00"
2025-08-09T00:05:02.683746,179.306,"can1  206  [16]  6D 61 9A 1C 28 63 49 1C FD 18 FB 68 1F 5E 00 00
  can1  206  [16]  5F 62 56 1C 00 63 87 1C D2 18 D3 68 55 5D 00 00"
2025-08-09T00:05:02.683746,179.306,"can1  206  [16]  00 63 43 1C 00 63 87 1C C3 18 D3 68 05 5D 00 00
  can1  206  [16]  00 63 25 1C 87 62 81 1C BF 18 5A 68 B4 5C 00 00"
2025-08-09T00:05:02.905752,179.528,"can1  206  [16]  A1 63 1F 1C E6 61 81 1C AC 18 09 68 8C 5C 00 00
  can1  206  [16]  79 63 1F 1C 95 61 7B 1C 90 18 42 64 8C 5C 00 00"
2025-08-09T00:05:02.905752,179.528,can1  206  [16]  C7 66 5C 1C 89 5F 0C 1C B5 18 1A 64 7E 5D 00 00
2025-08-09T00:05:03.126734,179.749,"can1  206  [16]  0C 65 F3 1C CC 60 DD 1B 28 19 26 66 DA 5F 00 00
  can1  206  [16]  F2 63 1A 1D A1 63 DD 1B 28 19 09 68 02 60 00 00"
2025-08-09T00:05:03.126734,179.749,"can1  206  [16]  36 62 00 1D 1A 64 DD 1B 23 19 5A 68 DA 5F 00 00
  can1  206  [16]  36 62 FA 1C 1A 64 E3 1B 28 19 AA 68 61 5F 00 00
  can1  206  [16]  F4 60 C7 1C 79 63 49 1C 06 19 AA 68 6F 5E 00 00"
2025-08-09T00:05:03.348103,179.971,"can1  206  [16]  0E 62 75 1C 28 63 75 1C F3 18 82 68 CE 5D 00 00
  can1  206  [16]  36 62 62 1C 50 63 7B 1C DB 18 82 68 7E 5D 00 00"
2025-08-09T00:05:03.348103,179.971,"can1  206  [16]  6D 61 37 1C A3 60 87 1C A2 18 79 63 64 5C 00 00
  can1  206  [16]  1A 64 56 1C B2 5F E8 1B C8 18 1A 64 1F 5E 00 00"
2025-08-09T00:05:03.570735,180.193,"can1  206  [16]  28 63 14 1D F4 60 E8 1B 2D 19 C7 66 B2 5F 00 00
  can1  206  [16]  36 62 1A 1D F2 63 DD 1B 1E 19 B9 67 61 5F 00 00"
2025-08-09T00:05:03.570735,180.193,can1  206  [16]  E6 61 07 1D 6A 64 E3 1B 19 19 82 68 39 5F 00 00
2025-08-09T00:05:03.792927,180.416,"can1  206  [16]  BD 61 00 1D 1A 64 DD 1B 10 19 FB 68 61 5F 00 00
  can1  206  [16]  1C 61 AD 1C 28 63 43 1C F8 18 5A 68 1F 5E 00 00"
2025-08-09T00:05:03.792927,180.416,"can1  206  [16]  45 61 31 1C A3 60 62 1C BA 18 D8 62 8C 5C 00 00
  can1  206  [16]  F2 63 56 1C 89 5F C5 1B E5 18 C9 63 CE 5D 00 00"
2025-08-09T00:05:03.792927,180.416,"can1  206  [16]  50 63 07 1D CC 60 AD 1B 3C 19 4E 66 B2 5F 00 00
  can1  206  [16]  45 61 FA 1C 00 63 EE 1B 0B 19 FB 68 98 5E 00 00"
2025-08-09T00:05:04.015084,180.638,"can1  206  [16]  BD 61 B3 1C 50 63 1F 1C 15 19 D3 68 98 5E 00 00
  can1  206  [16]  36 62 94 1C 28 63 2B 1C 10 19 D3 68 47 5E 00 00"
2025-08-09T00:05:04.015084,180.638,"can1  206  [16]  95 61 1F 1C 45 61 5C 1C 99 18 1A 64 13 5C 00 00
  can1  206  [16]  FD 65 56 1C 61 5F E8 1B B0 18 F2 63 55 5D 00 00"
2025-08-09T00:05:04.236143,180.859,"can1  206  [16]  BB 64 E0 1C 7B 60 AD 1B 23 19 D5 65 DA 5F 00 00
  can1  206  [16]  5F 62 21 1D 50 63 AD 1B 28 19 68 67 B2 5F 00 00"
2025-08-09T00:05:04.236143,180.859,"can1  206  [16]  87 62 0D 1D F2 63 AD 1B 23 19 E1 67 89 5F 00 00
  can1  206  [16]  45 61 DA 1C 79 63 FA 1B 06 19 FB 68 98 5E 00 00"
2025-08-09T00:05:04.457046,181.080,"can1  206  [16]  6D 61 25 1C 6D 61 68 1C 86 18 93 64 9A 5B 00 00
  can1  206  [16]  6A 64 50 1C 10 5F 25 1C B0 18 F2 63 B4 5C 00 00"
2025-08-09T00:05:04.457046,181.080,"can1  206  [16]  93 64 BA 1C 02 60 CB 1B 37 19 FD 65 89 5F 00 00
  can1  206  [16]  5F 62 3B 1D D8 62 C5 1B 23 19 40 67 B2 5F 00 00
  can1  206  [16]  AF 62 0D 1D 28 63 CB 1B 1E 19 B9 67 B2 5F 00 00"
2025-08-09T00:05:04.679831,181.302,"can1  206  [16]  D8 62 1A 1D A1 63 D7 1B 23 19 31 68 B2 5F 00 00
  can1  206  [16]  BD 61 07 1D 79 63 DD 1B 23 19 AA 68 61 5F 00 00"
2025-08-09T00:05:04.679831,181.302,"can1  206  [16]  BD 61 00 1D C9 63 E3 1B 23 19 FB 68 39 5F 00 00
  can1  206  [16]  0E 62 E7 1C F2 63 E8 1B 1E 19 74 69 10 5F 00 00"
2025-08-09T00:05:04.886406,181.509,"can1  206  [16]  CC 60 AD 1C AF 62 62 1C 01 19 C4 69 1F 5E 00 00
  can1  206  [16]  45 61 25 1C 7B 60 81 1C A7 18 6A 64 EB 5B 00 00"
2025-08-09T00:05:04.886406,181.509,"can1  206  [16]  D5 65 5C 1C 39 5F F4 1B E5 18 BB 64 7E 5D 00 00
  can1  206  [16]  C9 63 F3 1C 53 60 BF 1B 2D 19 68 67 B2 5F 00 00"
2025-08-09T00:05:05.108807,181.731,"can1  206  [16]  95 61 07 1D 00 63 19 1C 06 19 ED 69 C0 5E 00 00
  can1  206  [16]  5F 62 C0 1C 28 63 37 1C F8 18 C4 69 47 5E 00 00"
2025-08-09T00:05:05.124490,181.747,can1  206  [16]  BD 61 A7 1C 28 63 43 1C 19 19 74 69 47 5E 00 00
2025-08-09T00:05:05.329790,181.952,"can1  206  [16]  45 61 25 1C 1C 61 81 1C AC 18 93 64 13 5C 00 00
  can1  206  [16]  93 64 49 1C 10 5F 0C 1C B5 18 6A 64 05 5D 00 00"
2025-08-09T00:05:05.329790,181.952,"can1  206  [16]  A1 63 D3 1C 53 60 D1 1B 3C 19 76 66 B2 5F 00 00
  can1  206  [16]  00 63 28 1D A1 63 CB 1B 2D 19 E1 67 39 5F 00 00"
2025-08-09T00:05:05.551351,182.174,"can1  206  [16]  00 63 0D 1D 1A 64 CB 1B 23 19 82 68 61 5F 00 00
  can1  206  [16]  D8 62 0D 1D 42 64 D1 1B 1E 19 FB 68 61 5F 00 00"
2025-08-09T00:05:05.551351,182.174,"can1  206  [16]  D8 62 07 1D 6A 64 E3 1B 19 19 23 69 39 5F 00 00
  can1  206  [16]  AF 62 F3 1C 6A 64 E8 1B 06 19 C4 69 98 5E 00 00
  can1  206  [16]  AF 62 ED 1C 6A 64 E3 1B 32 19 ED 69 47 5E 00 00"
2025-08-09T00:05:05.771251,182.394,"can1  206  [16]  87 62 E7 1C 1A 64 E8 1B 23 19 3D 6A 1F 5E 00 00
  can1  206  [16]  D8 62 DA 1C 1A 64 00 1C 06 19 3D 6A A6 5D 00 00"
2025-08-09T00:05:05.771251,182.394,"can1  206  [16]  BD 61 E0 1C C9 63 13 1C 06 19 3D 6A A6 5D 00 00
  can1  206  [16]  E6 61 DA 1C C9 63 25 1C FD 18 3D 6A CE 5D 00 00"
2025-08-09T00:05:05.993478,182.616,"can1  206  [16]  28 63 C0 1C A1 63 25 1C F8 18 ED 69 C0 5E 00 00
  can1  206  [16]  79 63 A0 1C A1 63 3D 1C 01 19 C4 69 98 5E 00 00"
2025-08-09T00:05:05.993478,182.616,"can1  206  [16]  A1 63 94 1C 28 63 56 1C F8 18 FB 68 6F 5E 00 00
  can1  206  [16]  D8 62 81 1C 50 63 62 1C EE 18 23 69 7E 5D 00 00"
2025-08-09T00:05:05.993478,182.616,"can1  206  [16]  BD 61 6E 1C 00 63 6E 1C DB 18 AA 68 05 5D 00 00
  can1  206  [16]  45 61 31 1C 53 60 68 1C A7 18 00 63 C2 5B 00 00"
2025-08-09T00:05:06.199675,182.822,"can1  206  [16]  6A 64 62 1C B2 5F BF 1B CD 18 93 64 7E 5D 00 00
  can1  206  [16]  6A 64 0D 1D 1C 61 B3 1B 2D 19 17 67 39 5F 00 00"
2025-08-09T00:05:06.199675,182.822,"can1  206  [16]  BD 61 1A 1D 42 64 B3 1B 23 19 82 68 B2 5F 00 00
  can1  206  [16]  BD 61 ED 1C 42 64 B3 1B 1E 19 FB 68 B2 5F 00 00"
2025-08-09T00:05:06.421593,183.044,can1  206  [16]  BD 61 E7 1C 42 64 B3 1B 10 19 74 69 89 5F 00 00
2025-08-09T00:05:06.421593,183.044,"can1  206  [16]  0E 62 ED 1C 0C 65 B9 1B 10 19 C4 69 61 5F 00 00
  can1  206  [16]  E6 61 E0 1C 0C 65 BF 1B 0B 19 8E 6A DA 5F 00 00
  can1  206  [16]  95 61 68 1C 1A 64 5C 1C E5 18 23 69 1F 5E 00 00"
2025-08-09T00:05:06.657926,183.281,"can1  206  [16]  36 62 37 1C 79 63 68 1C B5 18 FB 68 7E 5D 00 00
  can1  206  [16]  E6 61 13 1C D8 62 62 1C A7 18 D3 68 8C 5C 00 00"
2025-08-09T00:05:06.657926,183.281,"can1  206  [16]  BD 61 13 1C BD 61 56 1C A2 18 AA 68 3B 5C 00 00
  can1  206  [16]  5F 62 19 1C 45 61 62 1C 99 18 E3 64 3B 5C 00 00"
2025-08-09T00:05:06.862959,183.486,"can1  206  [16]  93 64 5C 1C B2 5F F4 1B AC 18 BB 64 A6 5D 00 00
  can1  206  [16]  50 63 07 1D CC 60 D7 1B 28 19 EF 66 2B 60 00 00"
2025-08-09T00:05:06.862959,183.486,can1  206  [16]  1C 61 0D 1D C9 63 13 1C 10 19 9C 69 E8 5E 00 00
2025-08-09T00:05:07.084358,183.707,"can1  206  [16]  CC 60 49 1C 0E 62 AD 1C BF 18 82 68 13 5C 00 00
  can1  206  [16]  00 63 25 1C 6D 61 5C 1C 94 18 6A 64 64 5C 00 00"
2025-08-09T00:05:07.084358,183.707,"can1  206  [16]  42 64 5C 1C B2 5F DD 1B B5 18 BB 64 A6 5D 00 00
  can1  206  [16]  50 63 07 1D 1C 61 B3 1B 2D 19 68 67 B2 5F 00 00"
2025-08-09T00:05:07.303991,183.927,"can1  206  [16]  F4 60 00 1D C9 63 00 1C 0B 19 C4 69 E8 5E 00 00
  can1  206  [16]  A3 60 43 1C 36 62 A0 1C C3 18 AA 68 3B 5C 00 00"
2025-08-09T00:05:07.309621,183.932,"can1  206  [16]  36 62 25 1C 45 61 6E 1C 9E 18 93 64 13 5C 00 00
  can1  206  [16]  6A 64 62 1C 89 5F DD 1B C3 18 BB 64 A6 5D 00 00"
2025-08-09T00:05:07.309621,183.932,"can1  206  [16]  F2 63 00 1D F4 60 BF 1B 32 19 17 67 B2 5F 00 00
  can1  206  [16]  6D 61 00 1D A1 63 F4 1B 15 19 C4 69 98 5E 00 00"
2025-08-09T00:05:07.526034,184.149,"can1  206  [16]  CC 60 49 1C 0E 62 8E 1C C3 18 AA 68 3B 5C 00 00
  can1  206  [16]  36 62 1F 1C 45 61 68 1C 9E 18 E3 64 EB 5B 00 00"
2025-08-09T00:05:07.526034,184.149,"can1  206  [16]  6A 64 5C 1C B2 5F E3 1B BF 18 0C 65 7E 5D 00 00
  can1  206  [16]  F2 63 F3 1C F4 60 B3 1B 2D 19 40 67 B2 5F 00 00"
2025-08-09T00:05:07.747124,184.370,"can1  206  [16]  45 61 07 1D A1 63 EE 1B 15 19 C4 69 C0 5E 00 00
  can1  206  [16]  45 61 43 1C 87 62 8E 1C C3 18 AA 68 3B 5C 00 00"
2025-08-09T00:05:07.747124,184.370,can1  206  [16]  87 62 25 1C 45 61 50 1C 9E 18 6A 64 13 5C 00 00
2025-08-09T00:05:07.968394,184.591,"can1  206  [16]  93 64 5C 1C B2 5F CB 1B C3 18 6A 64 A6 5D 00 00
  can1  206  [16]  79 63 00 1D CC 60 AD 1B 32 19 EF 66 B2 5F 00 00"
2025-08-09T00:05:07.968394,184.591,"can1  206  [16]  45 61 0D 1D 50 63 FA 1B 10 19 9C 69 E8 5E 00 00
  can1  206  [16]  F4 60 3D 1C E6 61 9A 1C C3 18 31 68 EB 5B 00 00"
2025-08-09T00:05:08.193387,184.816,"can1  206  [16]  0E 62 25 1C 6D 61 7B 1C 99 18 6A 64 EB 5B 00 00
  can1  206  [16]  6A 64 5C 1C B2 5F F4 1B BF 18 6A 64 05 5D 00 00"
2025-08-09T00:05:08.193387,184.816,"can1  206  [16]  A1 63 00 1D CC 60 EE 1B 32 19 17 67 89 5F 00 00
  can1  206  [16]  1C 61 00 1D 79 63 25 1C 0B 19 74 69 98 5E 00 00"
2025-08-09T00:05:08.412283,185.035,"can1  206  [16]  1C 61 3D 1C 36 62 C0 1C C8 18 31 68 13 5C 00 00
  can1  206  [16]  0E 62 1F 1C 45 61 9A 1C 99 18 6A 64 EB 5B 00 00"
2025-08-09T00:05:08.412283,185.035,"can1  206  [16]  76 66 56 1C 89 5F 06 1C C3 18 1A 64 05 5D 00 00
  can1  206  [16]  F2 63 00 1D F4 60 E3 1B 2D 19 76 66 61 5F 00 00"
2025-08-09T00:05:08.412283,185.035,"can1  206  [16]  1C 61 0D 1D A1 63 25 1C 10 19 4C 69 98 5E 00 00
  can1  206  [16]  CC 60 49 1C 36 62 AD 1C C3 18 E1 67 EB 5B 00 00"
2025-08-09T00:05:08.633896,185.256,"can1  206  [16]  D8 62 1F 1C 45 61 75 1C 90 18 BB 64 EB 5B 00 00
  can1  206  [16]  BB 64 62 1C 61 5F E3 1B BF 18 BB 64 55 5D 00 00"
2025-08-09T00:05:08.637907,185.260,"can1  206  [16]  6A 64 F3 1C CC 60 B9 1B 2D 19 68 67 89 5F 00 00
  can1  206  [16]  36 62 1A 1D 79 63 C5 1B 28 19 AA 68 61 5F 00 00"
2025-08-09T00:05:08.855413,185.478,"can1  206  [16]  1C 61 E0 1C 28 63 13 1C 0B 19 3D 6A 6F 5E 00 00
  can1  206  [16]  0E 62 A7 1C 00 63 31 1C FD 18 C4 69 F6 5D 00 00"
2025-08-09T00:05:08.855413,185.478,can1  206  [16]  95 61 31 1C F4 60 5C 1C 99 18 E3 64 9A 5B 00 00
2025-08-09T00:05:09.079166,185.702,"can1  206  [16]  FD 65 56 1C E8 5E EE 1B B5 18 6A 64 DC 5C 00 00
  can1  206  [16]  C9 63 DA 1C 53 60 B3 1B 1E 19 76 66 B2 5F 00 00"
2025-08-09T00:05:09.079166,185.702,"can1  206  [16]  D8 62 21 1D 50 63 B3 1B 2D 19 31 68 B2 5F 00 00
  can1  206  [16]  79 63 14 1D A1 63 AD 1B 23 19 FB 68 B2 5F 00 00"
2025-08-09T00:05:09.299888,185.922,"can1  206  [16]  36 62 00 1D 42 64 AD 1B 1E 19 23 69 61 5F 00 00
  can1  206  [16]  E6 61 00 1D 42 64 B3 1B 1E 19 4C 69 89 5F 00 00"
2025-08-09T00:05:09.305891,185.928,"can1  206  [16]  D8 62 F3 1C 6A 64 AD 1B 1E 19 9C 69 39 5F 00 00
  can1  206  [16]  E6 61 ED 1C 1A 64 AD 1B 10 19 23 69 10 5F 00 00"
2025-08-09T00:05:09.521373,186.144,"can1  206  [16]  0E 62 ED 1C C9 63 AD 1B 15 19 4C 69 98 5E 00 00
  can1  206  [16]  BD 61 E0 1C C9 63 BF 1B 10 19 23 69 10 5F 00 00"
2025-08-09T00:05:09.523383,186.146,"can1  206  [16]  95 61 75 1C D8 62 5C 1C EE 18 FB 68 55 5D 00 00
  can1  206  [16]  AF 62 49 1C 5F 62 6E 1C C3 18 23 69 64 5C 00 00"
2025-08-09T00:05:09.523383,186.146,"can1  206  [16]  5F 62 2B 1C BD 61 6E 1C BA 18 FB 68 C2 5B 00 00
  can1  206  [16]  5F 62 1F 1C 45 61 49 1C 90 18 FD 65 C2 5B 00 00"
2025-08-09T00:05:09.748481,186.371,"can1  206  [16]  BB 64 62 1C E8 5E D7 1B BF 18 BB 64 2D 5D 00 00
  can1  206  [16]  F2 63 FA 1C 2B 60 9C 1B 2D 19 C7 66 89 5F 00 00"
2025-08-09T00:05:09.748481,186.371,"can1  206  [16]  BD 61 28 1D 50 63 A7 1B 2D 19 E1 67 98 5E 00 00
  can1  206  [16]  45 61 F3 1C C9 63 E3 1B 15 19 15 6A F6 5D 00 00"
2025-08-09T00:05:09.963767,186.586,"can1  206  [16]  F4 60 3D 1C 0E 62 87 1C C3 18 AA 68 9A 5B 00 00
  can1  206  [16]  5F 62 1F 1C 45 61 62 1C 99 18 E3 64 21 5B 00 00"
2025-08-09T00:05:09.965999,186.589,"can1  206  [16]  6A 64 5C 1C 89 5F D1 1B BA 18 BB 64 8C 5C 00 00
  can1  206  [16]  50 63 FA 1C CC 60 AD 1B 1E 19 17 67 B2 5F 00 00"
2025-08-09T00:05:10.170263,186.793,can1  206  [16]  45 61 FA 1C 79 63 E8 1B 01 19 15 6A C0 5E 00 00
2025-08-09T00:05:10.170263,186.793,"can1  206  [16]  45 61 37 1C 87 62 94 1C AC 18 82 68 64 5C 00 00
  can1  206  [16]  36 62 1F 1C 1C 61 5C 1C 7D 18 93 64 EB 5B 00 00
  can1  206  [16]  0C 65 56 1C 89 5F D7 1B A7 18 93 64 A6 5D 00 00"
2025-08-09T00:05:10.390074,187.013,"can1  206  [16]  BB 64 F3 1C CC 60 B3 1B 2D 19 C7 66 DA 5F 00 00
  can1  206  [16]  AF 62 1A 1D A1 63 AD 1B 28 19 09 68 2B 60 00 00"
2025-08-09T00:05:10.390074,187.013,"can1  206  [16]  45 61 E7 1C 50 63 FA 1B 01 19 C4 69 10 5F 00 00
  can1  206  [16]  36 62 A0 1C A1 63 1F 1C FD 18 9C 69 6F 5E 00 00"
2025-08-09T00:05:10.611177,187.234,"can1  206  [16]  BD 61 94 1C 28 63 25 1C F8 18 9C 69 CE 5D 00 00
  can1  206  [16]  5F 62 7B 1C 28 63 31 1C E9 18 74 69 CE 5D 00 00"
2025-08-09T00:05:10.624429,187.247,"can1  206  [16]  5F 62 62 1C 00 63 49 1C DB 18 9C 69 7E 5D 00 00
  can1  206  [16]  AF 62 50 1C D8 62 5C 1C CD 18 4C 69 55 5D 00 00"
2025-08-09T00:05:10.833793,187.456,"can1  206  [16]  E6 61 43 1C AF 62 62 1C C3 18 23 69 B4 5C 00 00
  can1  206  [16]  0E 62 2B 1C 5F 62 68 1C B5 18 FB 68 64 5C 00 00"
2025-08-09T00:05:10.840286,187.463,"can1  206  [16]  D8 62 13 1C 36 62 68 1C A7 18 FB 68 8C 5C 00 00
  can1  206  [16]  C9 63 13 1C 95 61 49 1C 94 18 E3 64 64 5C 00 00"
2025-08-09T00:05:11.057455,187.680,"can1  206  [16]  D5 65 50 1C 89 5F D7 1B BF 18 93 64 A6 5D 00 00
  can1  206  [16]  1A 64 ED 1C 53 60 AD 1B 28 19 EF 66 B2 5F 00 00"
2025-08-09T00:05:11.070598,187.693,can1  206  [16]  E6 61 21 1D A1 63 B9 1B 23 19 82 68 DA 5F 00 00
2025-08-09T00:05:11.078244,187.701,"can1  206  [16]  36 62 07 1D C9 63 B9 1B 1E 19 AA 68 B2 5F 00 00
  can1  206  [16]  BD 61 F3 1C C9 63 B9 1B 19 19 23 69 B2 5F 00 00"
2025-08-09T00:05:11.261231,187.884,"can1  206  [16]  BD 61 ED 1C A1 63 BF 1B 19 19 9C 69 B2 5F 00 00
  can1  206  [16]  6D 61 A0 1C D8 62 37 1C FD 18 4C 69 1F 5E 00 00"
2025-08-09T00:05:11.263240,187.886,"can1  206  [16]  E6 61 68 1C AF 62 5C 1C E5 18 D3 68 7E 5D 00 00
  can1  206  [16]  5F 62 56 1C 87 62 5C 1C CD 18 D3 68 05 5D 00 00"
2025-08-09T00:05:11.488851,188.111,"can1  206  [16]  79 63 50 1C 87 62 68 1C C3 18 D3 68 B4 5C 00 00
  can1  206  [16]  AF 62 31 1C 0E 62 68 1C BA 18 AA 68 B4 5C 00 00"
2025-08-09T00:05:11.488851,188.111,"can1  206  [16]  36 62 1F 1C 0E 62 68 1C A7 18 D3 68 8C 5C 00 00
  can1  206  [16]  E6 61 1F 1C 6D 61 50 1C 8B 18 AD 65 13 5C 00 00"
2025-08-09T00:05:11.706867,188.329,"can1  206  [16]  1A 64 56 1C 39 5F E8 1B B5 18 42 64 2D 5D 00 00
  can1  206  [16]  93 64 F3 1C 7B 60 AD 1B 1E 19 76 66 B2 5F 00 00
  can1  206  [16]  AF 62 28 1D C9 63 AD 1B 1E 19 E1 67 53 60 00 00"
2025-08-09T00:05:11.706867,188.329,"can1  206  [16]  0E 62 00 1D 1A 64 AD 1B 23 19 AA 68 53 60 00 00
  can1  206  [16]  95 61 DA 1C 50 63 FA 1B 0B 19 C4 69 89 5F 00 00"
2025-08-09T00:05:11.927989,188.551,"can1  206  [16]  6D 61 31 1C 6D 61 7B 1C 99 18 0C 65 8C 5C 00 00
  can1  206  [16]  D5 65 49 1C 39 5F 25 1C AC 18 42 64 05 5D 00 00"
2025-08-09T00:05:11.927989,188.551,"can1  206  [16]  A1 63 BA 1C 53 60 C5 1B 10 19 FD 65 89 5F 00 00
  can1  206  [16]  BD 61 35 1D AF 62 D1 1B 23 19 90 67 DA 5F 00 00"
2025-08-09T00:05:12.149010,188.772,"can1  206  [16]  E6 61 07 1D 79 63 CB 1B 23 19 E1 67 DA 5F 00 00
  can1  206  [16]  BD 61 00 1D C9 63 D1 1B 28 19 B9 67 B2 5F 00 00"
2025-08-09T00:05:12.149010,188.772,"can1  206  [16]  45 61 E7 1C A1 63 13 1C 0B 19 9C 69 10 5F 00 00
  can1  206  [16]  F4 60 3D 1C 0E 62 AD 1C BF 18 31 68 64 5C 00 00"
2025-08-09T00:05:12.378919,189.002,"can1  206  [16]  0E 62 1F 1C 95 61 87 1C 94 18 42 64 EB 5B 00 00
  can1  206  [16]  6A 64 50 1C 89 5F FA 1B BA 18 A1 63 F6 5D 00 00"
2025-08-09T00:05:12.378919,189.002,can1  206  [16]  A1 63 FA 1C CC 60 DD 1B 28 19 76 66 DA 5F 00 00
2025-08-09T00:05:12.577547,189.200,"can1  206  [16]  1C 61 00 1D 50 63 13 1C 0B 19 C4 69 98 5E 00 00
  can1  206  [16]  CC 60 37 1C 0E 62 A7 1C C3 18 D3 68 3B 5C 00 00"
2025-08-09T00:05:12.577547,189.200,"can1  206  [16]  5F 62 19 1C 1C 61 7B 1C 99 18 E3 64 13 5C 00 00
  can1  206  [16]  34 65 50 1C 89 5F FA 1B B5 18 1A 64 A6 5D 00 00"
2025-08-09T00:05:12.800290,189.423,"can1  206  [16]  BB 64 ED 1C A3 60 D7 1B 2D 19 4E 66 B2 5F 00 00
  can1  206  [16]  D8 62 1A 1D C9 63 CB 1B 28 19 B9 67 B2 5F 00 00"
2025-08-09T00:05:12.800290,189.423,"can1  206  [16]  79 63 0D 1D 6A 64 C5 1B 23 19 D3 68 89 5F 00 00
  can1  206  [16]  36 62 F3 1C 93 64 CB 1B 1E 19 4C 69 B2 5F 00 00"
2025-08-09T00:05:13.021288,189.644,"can1  206  [16]  1C 61 B3 1C C9 63 37 1C 01 19 9C 69 C0 5E 00 00
  can1  206  [16]  6D 61 2B 1C 45 61 87 1C 99 18 93 64 13 5C 00 00"
2025-08-09T00:05:13.021797,189.644,"can1  206  [16]  E3 64 50 1C B2 5F 0C 1C B5 18 93 64 55 5D 00 00
  can1  206  [16]  A1 63 E0 1C F4 60 D1 1B 1E 19 9F 66 2B 60 00 00"
2025-08-09T00:05:13.241189,189.864,"can1  206  [16]  E6 61 2E 1D C9 63 CB 1B 1E 19 90 67 2B 60 00 00
  can1  206  [16]  BD 61 14 1D 6A 64 AD 1B 19 19 09 68 DA 5F 00 00
  can1  206  [16]  E6 61 FA 1C 6A 64 AD 1B 19 19 5A 68 89 5F 00 00"
2025-08-09T00:05:13.243202,189.866,"can1  206  [16]  BD 61 00 1D 1A 64 B9 1B 15 19 AA 68 89 5F 00 00
  can1  206  [16]  E6 61 F3 1C 6A 64 B3 1B 10 19 23 69 89 5F 00 00"
2025-08-09T00:05:13.463854,190.086,"can1  206  [16]  0E 62 E7 1C 93 64 B9 1B 0B 19 C4 69 89 5F 00 00
  can1  206  [16]  BD 61 E0 1C A1 63 BF 1B 06 19 3D 6A 39 5F 00 00"
2025-08-09T00:05:13.467389,190.090,"can1  206  [16]  95 61 6E 1C AF 62 62 1C E9 18 4C 69 CE 5D 00 00
  can1  206  [16]  5F 62 3D 1C 5F 62 68 1C BF 18 23 69 DC 5C 00 00"
2025-08-09T00:05:13.675280,190.298,"can1  206  [16]  28 63 31 1C 0E 62 6E 1C DB 18 D3 68 64 5C 00 00
  can1  206  [16]  50 63 25 1C 95 61 6E 1C 94 18 FD 65 B4 5C 00 00"
2025-08-09T00:05:13.675280,190.298,"can1  206  [16]  93 64 68 1C E8 5E 13 1C B0 18 1A 64 CE 5D 00 00
  can1  206  [16]  28 63 D3 1C 02 60 DD 1B 19 19 4E 66 53 60 00 00"
2025-08-09T00:05:13.892842,190.515,"can1  206  [16]  5F 62 2E 1D 00 63 D1 1B 32 19 EF 66 CC 60 00 00
  can1  206  [16]  0E 62 0D 1D A1 63 CB 1B 28 19 90 67 53 60 00 00"
2025-08-09T00:05:13.892842,190.515,"can1  206  [16]  E6 61 FA 1C C9 63 D7 1B 28 19 09 68 53 60 00 00
  can1  206  [16]  0E 62 FA 1C F2 63 D7 1B 23 19 23 69 02 60 00 00"
2025-08-09T00:05:13.892842,190.515,"can1  206  [16]  E6 61 E7 1C 1A 64 D7 1B 19 19 9C 69 B2 5F 00 00
  can1  206  [16]  6D 61 B3 1C D8 62 49 1C 06 19 9C 69 C0 5E 00 00"
2025-08-09T00:05:14.115178,190.738,"can1  206  [16]  36 62 5C 1C 5F 62 6E 1C EE 18 4C 69 CE 5D 00 00
  can1  206  [16]  36 62 43 1C 5F 62 75 1C E0 18 74 69 55 5D 00 00"
2025-08-09T00:05:14.116387,190.739,"can1  206  [16]  5F 62 31 1C 5F 62 81 1C D2 18 23 69 05 5D 00 00
  can1  206  [16]  D8 62 3D 1C 0E 62 87 1C C8 18 D3 68 B4 5C 00 00"
2025-08-09T00:05:14.370879,190.993,"can1  206  [16]  87 62 25 1C 95 61 75 1C 99 18 4E 66 13 5C 00 00
  can1  206  [16]  D5 65 49 1C C0 5E 0C 1C B0 18 42 64 05 5D 00 00"
2025-08-09T00:05:14.370879,190.993,"can1  206  [16]  6A 64 CD 1C 2B 60 CB 1B 1E 19 76 66 B2 5F 00 00
  can1  206  [16]  D8 62 3B 1D AF 62 D7 1B 28 19 90 67 02 60 00 00"
2025-08-09T00:05:14.558358,191.181,"can1  206  [16]  AF 62 1A 1D A1 63 D7 1B 2D 19 B9 67 02 60 00 00
  can1  206  [16]  BD 61 00 1D C9 63 D7 1B 32 19 31 68 DA 5F 00 00"
2025-08-09T00:05:14.558358,191.181,"can1  206  [16]  0E 62 F3 1C F2 63 DD 1B 2D 19 AA 68 B2 5F 00 00
  can1  206  [16]  CC 60 C7 1C D8 62 3D 1C 32 19 23 69 E8 5E 00 00"
2025-08-09T00:05:14.782624,191.405,"can1  206  [16]  BD 61 8E 1C AF 62 68 1C 1E 19 FB 68 1F 5E 00 00
  can1  206  [16]  95 61 2B 1C 53 60 8E 1C AC 18 79 63 3B 5C 00 00"
2025-08-09T00:05:14.782624,191.405,"can1  206  [16]  FD 65 62 1C 10 5F 00 1C B5 18 79 63 05 5D 00 00
  can1  206  [16]  C9 63 FA 1C 53 60 D1 1B 28 19 BB 64 02 60 00 00"
2025-08-09T00:05:15.016512,191.639,"can1  206  [16]  BD 61 21 1D 28 63 C5 1B 28 19 C7 66 02 60 00 00
  can1  206  [16]  45 61 E7 1C 50 63 F4 1B 10 19 4C 69 C0 5E 00 00"
2025-08-09T00:05:15.016512,191.639,"can1  206  [16]  36 62 C0 1C 00 63 19 1C 06 19 23 69 98 5E 00 00
  can1  206  [16]  36 62 9A 1C 00 63 1F 1C FD 18 23 69 6F 5E 00 00"
2025-08-09T00:05:15.225367,191.848,"can1  206  [16]  87 62 7B 1C 87 62 31 1C F3 18 23 69 47 5E 00 00
  can1  206  [16]  D8 62 75 1C 5F 62 3D 1C E9 18 D3 68 CE 5D 00 00"
2025-08-09T00:05:15.225367,191.848,"can1  206  [16]  87 62 62 1C 36 62 43 1C DB 18 FB 68 55 5D 00 00
  can1  206  [16]  0E 62 56 1C 36 62 56 1C E5 18 D3 68 2D 5D 00 00"
2025-08-09T00:05:15.225367,191.848,"can1  206  [16]  00 63 37 1C BD 61 62 1C C8 18 82 68 DC 5C 00 00
  can1  206  [16]  79 63 25 1C 95 61 5C 1C 94 18 0C 65 64 5C 00 00"
2025-08-09T00:05:15.447235,192.070,can1  206  [16]  6A 64 56 1C C0 5E 00 1C BA 18 1A 64 05 5D 00 00
2025-08-09T00:05:15.447235,192.070,"can1  206  [16]  42 64 C0 1C 02 60 A7 1B 19 19 76 66 B2 5F 00 00
  can1  206  [16]  0E 62 2E 1D D8 62 A2 1B 4F 19 90 67 02 60 00 00
  can1  206  [16]  36 62 07 1D 50 63 A2 1B 4F 19 5A 68 02 60 00 00"
2025-08-09T00:05:15.669000,192.292,"can1  206  [16]  D8 62 FA 1C C9 63 A2 1B 40 19 D3 68 10 5F 00 00
  can1  206  [16]  45 61 DA 1C 50 63 00 1C 15 19 ED 69 47 5E 00 00"
2025-08-09T00:05:15.673194,192.296,"can1  206  [16]  0E 62 A0 1C 50 63 50 1C 06 19 9C 69 CE 5D 00 00
  can1  206  [16]  87 62 7B 1C 28 63 56 1C 01 19 74 69 CE 5D 00 00"
2025-08-09T00:05:15.876255,192.499,"can1  206  [16]  00 63 75 1C 28 63 6E 1C F3 18 74 69 2D 5D 00 00
  can1  206  [16]  A1 63 62 1C 00 63 81 1C E9 18 23 69 05 5D 00 00"
2025-08-09T00:05:15.876255,192.499,"can1  206  [16]  AF 62 49 1C AF 62 87 1C D6 18 D3 68 8C 5C 00 00
  can1  206  [16]  28 63 37 1C 5F 62 94 1C C8 18 5A 68 3B 5C 00 00
  can1  206  [16]  79 63 2B 1C 0E 62 94 1C C3 18 E1 67 C2 5B 00 00"
2025-08-09T00:05:16.097176,192.720,"can1  206  [16]  0E 62 1F 1C BD 61 8E 1C B0 18 82 68 C2 5B 00 00
  can1  206  [16]  AF 62 1F 1C 1C 61 75 1C 99 18 6A 64 9A 5B 00 00"
2025-08-09T00:05:16.097176,192.720,"can1  206  [16]  0C 65 56 1C B2 5F FA 1B C3 18 1A 64 DC 5C 00 00
  can1  206  [16]  F2 63 FA 1C 7B 60 CB 1B 32 19 26 66 61 5F 00 00"
2025-08-09T00:05:16.318624,192.941,"can1  206  [16]  45 61 14 1D 28 63 FA 1B 15 19 74 69 47 5E 00 00
  can1  206  [16]  1C 61 49 1C E6 61 9A 1C C8 18 5A 68 9A 5B 00 00"
2025-08-09T00:05:16.320636,192.943,"can1  206  [16]  5F 62 25 1C F4 60 62 1C 99 18 6A 64 72 5B 00 00
  can1  206  [16]  26 66 68 1C 10 5F D1 1B BF 18 42 64 05 5D 00 00"
2025-08-09T00:05:16.541595,193.164,"can1  206  [16]  C9 63 FA 1C 53 60 A7 1B 28 19 76 66 10 5F 00 00
  can1  206  [16]  45 61 0D 1D 50 63 E3 1B 32 19 74 69 47 5E 00 00"
2025-08-09T00:05:16.546189,193.169,"can1  206  [16]  45 61 49 1C 36 62 81 1C DB 18 5A 68 EB 5B 00 00
  can1  206  [16]  E6 61 25 1C F4 60 50 1C 94 18 E3 64 49 5B 00 00"
2025-08-09T00:05:16.761434,193.384,"can1  206  [16]  42 64 62 1C 39 5F DD 1B B0 18 6A 64 DC 5C 00 00
  can1  206  [16]  50 63 00 1D 53 60 B9 1B 28 19 EF 66 61 5F 00 00"
2025-08-09T00:05:16.761434,193.384,"can1  206  [16]  45 61 00 1D 00 63 EE 1B 15 19 C4 69 6F 5E 00 00
  can1  206  [16]  F4 60 50 1C 87 62 75 1C CD 18 82 68 C2 5B 00 00"
2025-08-09T00:05:16.983133,193.606,"can1  206  [16]  5F 62 2B 1C 6D 61 56 1C 94 18 E3 64 C2 5B 00 00
  can1  206  [16]  6A 64 50 1C 89 5F DD 1B BF 18 6A 64 B4 5C 00 00"
2025-08-09T00:05:16.983133,193.606,can1  206  [16]  C9 63 E7 1C CC 60 A7 1B 2D 19 EF 66 39 5F 00 00
2025-08-09T00:05:17.206239,193.829,"can1  206  [16]  6D 61 07 1D A1 63 E3 1B 15 19 ED 69 6F 5E 00 00
  can1  206  [16]  5F 62 C0 1C A1 63 06 1C 0B 19 C4 69 47 5E 00 00"
2025-08-09T00:05:17.213648,193.836,"can1  206  [16]  5F 62 B3 1C 79 63 0C 1C 06 19 74 69 1F 5E 00 00
  can1  206  [16]  E6 61 A0 1C 28 63 1F 1C 01 19 74 69 F6 5D 00 00"
2025-08-09T00:05:17.428178,194.051,"can1  206  [16]  AF 62 81 1C 28 63 31 1C F8 18 4C 69 1F 5E 00 00
  can1  206  [16]  AF 62 75 1C 28 63 50 1C EE 18 FB 68 CE 5D 00 00"
2025-08-09T00:05:17.430195,194.053,"can1  206  [16]  00 63 68 1C D8 62 5C 1C D6 18 D3 68 7E 5D 00 00
  can1  206  [16]  D8 62 49 1C 5F 62 68 1C D6 18 D3 68 DC 5C 00 00
  can1  206  [16]  50 63 31 1C 0E 62 6E 1C BF 18 82 68 B4 5C 00 00"
2025-08-09T00:05:17.663979,194.287,"can1  206  [16]  28 63 31 1C 6D 61 5C 1C 90 18 D5 65 8C 5C 00 00
  can1  206  [16]  D5 65 56 1C C0 5E F4 1B B5 18 F2 63 2D 5D 00 00"
2025-08-09T00:05:17.669018,194.292,"can1  206  [16]  26 66 BA 1C 02 60 A2 1B 1E 19 26 66 DA 5F 00 00
  can1  206  [16]  5F 62 2E 1D D8 62 A7 1B 28 19 68 67 53 60 00 00"
2025-08-09T00:05:17.669018,194.292,"can1  206  [16]  E6 61 1A 1D 00 63 9C 1B 23 19 09 68 53 60 00 00
  can1  206  [16]  36 62 0D 1D 79 63 96 1B 28 19 82 68 02 60 00 00"
2025-08-09T00:05:17.873930,194.497,"can1  206  [16]  50 63 07 1D C9 63 A2 1B 28 19 D3 68 B2 5F 00 00
  can1  206  [16]  5F 62 ED 1C F2 63 AD 1B 23 19 FB 68 89 5F 00 00"
2025-08-09T00:05:17.874978,194.498,"can1  206  [16]  5F 62 FA 1C 6A 64 B3 1B 1E 19 74 69 B2 5F 00 00
  can1  206  [16]  95 61 A7 1C 28 63 31 1C 06 19 23 69 47 5E 00 00"
2025-08-09T00:05:18.098629,194.721,can1  206  [16]  6D 61 2B 1C CC 60 68 1C A2 18 C9 63 64 5C 00 00
2025-08-09T00:05:18.098629,194.721,"can1  206  [16]  6A 64 68 1C B2 5F DD 1B C8 18 1A 64 55 5D 00 00
  can1  206  [16]  F2 63 F3 1C A3 60 AD 1B 32 19 76 66 DA 5F 00 00"
2025-08-09T00:05:18.315280,194.938,"can1  206  [16]  45 61 0D 1D 79 63 E3 1B 15 19 4C 69 10 5F 00 00
  can1  206  [16]  F4 60 43 1C 36 62 8E 1C C8 18 09 68 64 5C 00 00"
2025-08-09T00:05:18.332927,194.956,"can1  206  [16]  E6 61 1F 1C 45 61 68 1C A2 18 42 64 8C 5C 00 00
  can1  206  [16]  6A 64 50 1C 89 5F E8 1B C3 18 1A 64 A6 5D 00 00"
2025-08-09T00:05:18.538533,195.161,"can1  206  [16]  A1 63 FA 1C CC 60 D1 1B 32 19 C7 66 02 60 00 00
  can1  206  [16]  6D 61 0D 1D 79 63 13 1C 15 19 9C 69 C0 5E 00 00"
2025-08-09T00:05:18.538533,195.161,"can1  206  [16]  CC 60 50 1C 87 62 AD 1C C8 18 5A 68 B4 5C 00 00
  can1  206  [16]  E6 61 25 1C 1C 61 87 1C 99 18 93 64 64 5C 00 00"
2025-08-09T00:05:18.760922,195.384,"can1  206  [16]  6A 64 62 1C 61 5F 0C 1C BF 18 42 64 A6 5D 00 00
  can1  206  [16]  F2 63 F3 1C 53 60 E8 1B 2D 19 EF 66 53 60 00 00"
2025-08-09T00:05:18.760922,195.384,"can1  206  [16]  E6 61 21 1D 28 63 E8 1B 2D 19 B9 67 02 60 00 00
  can1  206  [16]  5F 62 07 1D C9 63 E3 1B 28 19 31 68 02 60 00 00
  can1  206  [16]  E6 61 00 1D 1A 64 E3 1B 1E 19 FB 68 89 5F 00 00"
2025-08-09T00:05:18.964798,195.587,"can1  206  [16]  0E 62 E7 1C 1A 64 E3 1B 19 19 74 69 61 5F 00 00
  can1  206  [16]  CC 60 AD 1C 28 63 62 1C 01 19 9C 69 6F 5E 00 00"
2025-08-09T00:05:18.968827,195.591,"can1  206  [16]  1C 61 25 1C F4 60 A0 1C A2 18 6A 64 13 5C 00 00
  can1  206  [16]  C9 63 5C 1C 61 5F 0C 1C C3 18 E3 64 A6 5D 00 00"
2025-08-09T00:05:19.185986,195.809,"can1  206  [16]  F2 63 ED 1C 7B 60 E3 1B 28 19 40 67 2B 60 00 00
  can1  206  [16]  45 61 00 1D 50 63 13 1C 06 19 15 6A E8 5E 00 00"
2025-08-09T00:05:19.198867,195.821,"can1  206  [16]  1C 61 49 1C 36 62 AD 1C CD 18 FB 68 B4 5C 00 00
  can1  206  [16]  E6 61 1F 1C 6D 61 6E 1C 99 18 0C 65 64 5C 00 00"
2025-08-09T00:05:19.411333,196.034,"can1  206  [16]  1A 64 56 1C 89 5F EE 1B BA 18 93 64 CE 5D 00 00
  can1  206  [16]  6A 64 ED 1C A3 60 C5 1B 28 19 26 66 02 60 00 00"
2025-08-09T00:05:19.411333,196.034,"can1  206  [16]  5F 62 1A 1D 79 63 C5 1B 28 19 09 68 7B 60 00 00
  can1  206  [16]  0E 62 00 1D 79 63 AD 1B 23 19 D3 68 DA 5F 00 00"
2025-08-09T00:05:19.637514,196.260,can1  206  [16]  E6 61 F3 1C F2 63 CB 1B 10 19 FB 68 DA 5F 00 00
2025-08-09T00:05:19.637514,196.260,"can1  206  [16]  95 61 DA 1C 00 63 31 1C 06 19 74 69 10 5F 00 00
  can1  206  [16]  BD 61 7B 1C D8 62 5C 1C EE 18 74 69 47 5E 00 00
  can1  206  [16]  36 62 75 1C 28 63 62 1C E5 18 4C 69 A6 5D 00 00"
2025-08-09T00:05:19.854993,196.478,"can1  206  [16]  5F 62 5C 1C D8 62 62 1C DB 18 4C 69 A6 5D 00 00
  can1  206  [16]  AF 62 43 1C D8 62 68 1C CD 18 4C 69 05 5D 00 00"
2025-08-09T00:05:19.854993,196.478,"can1  206  [16]  AF 62 37 1C 5F 62 68 1C C3 18 5A 68 B4 5C 00 00
  can1  206  [16]  50 63 25 1C 0E 62 68 1C B5 18 AA 68 B4 5C 00 00"
2025-08-09T00:05:20.071637,196.694,"can1  206  [16]  28 63 25 1C 6D 61 56 1C 94 18 0C 65 64 5C 00 00
  can1  206  [16]  EF 66 56 1C E8 5E F4 1B BA 18 6A 64 55 5D 00 00"
2025-08-09T00:05:20.071637,196.694,"can1  206  [16]  0C 65 DA 1C 2B 60 B3 1B 1E 19 76 66 2B 60 00 00
  can1  206  [16]  00 63 21 1D 00 63 A7 1B 28 19 31 68 02 60 00 00"
2025-08-09T00:05:20.071637,196.694,"can1  206  [16]  BD 61 14 1D 79 63 A7 1B 28 19 31 68 02 60 00 00
  can1  206  [16]  87 62 00 1D A1 63 C5 1B 23 19 FB 68 B2 5F 00 00"
2025-08-09T00:05:20.295354,196.918,"can1  206  [16]  E6 61 FA 1C 79 63 CB 1B 23 19 AA 68 DA 5F 00 00
  can1  206  [16]  F4 60 C7 1C 36 62 56 1C 0B 19 AA 68 98 5E 00 00"
2025-08-09T00:05:20.301125,196.924,"can1  206  [16]  1C 61 2B 1C 7B 60 9A 1C A2 18 6A 64 8C 5C 00 00
  can1  206  [16]  FD 65 5C 1C 10 5F 13 1C BF 18 93 64 7E 5D 00 00"
2025-08-09T00:05:20.514795,197.137,"can1  206  [16]  4E 66 E0 1C 53 60 D1 1B 28 19 9F 66 2B 60 00 00
  can1  206  [16]  1A 64 21 1D 28 63 D7 1B 23 19 B9 67 02 60 00 00"
2025-08-09T00:05:20.514795,197.137,"can1  206  [16]  5F 62 14 1D 79 63 D7 1B 28 19 5A 68 DA 5F 00 00
  can1  206  [16]  AF 62 00 1D C9 63 D7 1B 28 19 D3 68 61 5F 00 00"
2025-08-09T00:05:20.739044,197.362,"can1  206  [16]  87 62 00 1D 6A 64 EE 1B 19 19 23 69 61 5F 00 00
  can1  206  [16]  36 62 F3 1C 6A 64 CB 1B 19 19 74 69 89 5F 00 00"
2025-08-09T00:05:20.739044,197.362,"can1  206  [16]  5F 62 ED 1C 42 64 D7 1B 19 19 23 69 61 5F 00 00
  can1  206  [16]  0E 62 E7 1C F2 63 D7 1B 10 19 C4 69 E8 5E 00 00"
2025-08-09T00:05:20.958704,197.581,"can1  206  [16]  95 61 8E 1C D8 62 68 1C F3 18 AA 68 05 5D 00 00
  can1  206  [16]  87 62 49 1C AF 62 81 1C D2 18 31 68 DC 5C 00 00"
2025-08-09T00:05:20.958704,197.581,"can1  206  [16]  00 63 3D 1C 87 62 81 1C BA 18 5A 68 3B 5C 00 00
  can1  206  [16]  AF 62 2B 1C E6 61 7B 1C BA 18 31 68 64 5C 00 00"
2025-08-09T00:05:21.191826,197.814,"can1  206  [16]  C9 63 1F 1C 6D 61 5C 1C A2 18 1A 64 3B 5C 00 00
  can1  206  [16]  D5 65 56 1C 39 5F FA 1B C8 18 A1 63 CE 5D 00 00"
2025-08-09T00:05:21.193837,197.816,"can1  206  [16]  A1 63 ED 1C 7B 60 CB 1B 37 19 76 66 02 60 00 00
  can1  206  [16]  95 61 07 1D 28 63 19 1C 19 19 23 69 39 5F 00 00"
2025-08-09T00:05:21.402144,198.025,"can1  206  [16]  F4 60 43 1C 5F 62 B3 1C D6 18 E1 67 DC 5C 00 00
  can1  206  [16]  0E 62 1F 1C 6D 61 8E 1C A2 18 C9 63 64 5C 00 00"
2025-08-09T00:05:21.405020,198.028,"can1  206  [16]  42 64 56 1C 61 5F 19 1C C8 18 28 63 A6 5D 00 00
  can1  206  [16]  C9 63 E7 1C 7B 60 E3 1B 2D 19 AD 65 2B 60 00 00"
2025-08-09T00:05:21.624042,198.247,"can1  206  [16]  BD 61 1A 1D A1 63 E3 1B 32 19 40 67 B2 5F 00 00
  can1  206  [16]  D8 62 FA 1C F2 63 E3 1B 32 19 90 67 DA 5F 00 00"
2025-08-09T00:05:21.624042,198.247,"can1  206  [16]  BD 61 FA 1C 1A 64 E3 1B 23 19 31 68 B2 5F 00 00
  can1  206  [16]  95 61 D3 1C 79 63 49 1C 0B 19 FB 68 E8 5E 00 00"
2025-08-09T00:05:21.845961,198.469,"can1  206  [16]  45 61 2B 1C 45 61 A7 1C A2 18 42 64 13 5C 00 00
  can1  206  [16]  26 66 56 1C 39 5F 31 1C BF 18 00 63 DC 5C 00 00"
2025-08-09T00:05:21.847977,198.471,"can1  206  [16]  93 64 D3 1C A3 60 E8 1B 23 19 FD 65 02 60 00 00
  can1  206  [16]  00 63 28 1D 28 63 CB 1B 2D 19 40 67 2B 60 00 00"
2025-08-09T00:05:21.847977,198.471,"can1  206  [16]  0E 62 1A 1D 1A 64 B9 1B 2D 19 40 67 B2 5F 00 00
  can1  206  [16]  45 61 ED 1C C9 63 F4 1B 15 19 FB 68 C0 5E 00 00"
2025-08-09T00:05:22.067708,198.690,"can1  206  [16]  0E 62 C0 1C A1 63 13 1C 06 19 82 68 C0 5E 00 00
  can1  206  [16]  6D 61 31 1C 0E 62 7B 1C BA 18 17 67 3B 5C 00 00"
2025-08-09T00:05:22.067708,198.690,"can1  206  [16]  D8 62 1F 1C 1C 61 75 1C A7 18 A1 63 B4 5C 00 00
  can1  206  [16]  93 64 62 1C 02 60 EE 1B CD 18 6A 64 1F 5E 00 00"
2025-08-09T00:05:22.289958,198.913,"can1  206  [16]  BB 64 07 1D 45 61 E8 1B 37 19 17 67 B2 5F 00 00
  can1  206  [16]  95 61 F3 1C 79 63 2B 1C 15 19 FB 68 C0 5E 00 00"
2025-08-09T00:05:22.289958,198.913,"can1  206  [16]  BD 61 A7 1C 50 63 62 1C 01 19 D3 68 6F 5E 00 00
  can1  206  [16]  0E 62 7B 1C 50 63 68 1C F8 18 FB 68 47 5E 00 00"
2025-08-09T00:05:22.495521,199.118,"can1  206  [16]  36 62 68 1C 00 63 7B 1C E9 18 31 68 A6 5D 00 00
  can1  206  [16]  87 62 56 1C 00 63 87 1C E0 18 82 68 55 5D 00 00"
2025-08-09T00:05:22.498631,199.121,"can1  206  [16]  5F 62 3D 1C 00 63 8E 1C D2 18 E1 67 05 5D 00 00
  can1  206  [16]  D8 62 3D 1C 5F 62 8E 1C C3 18 E1 67 8C 5C 00 00"
2025-08-09T00:05:22.717337,199.340,"can1  206  [16]  87 62 25 1C 5F 62 8E 1C BA 18 E1 67 8C 5C 00 00
  can1  206  [16]  D8 62 13 1C 0E 62 8E 1C AC 18 31 68 64 5C 00 00"
2025-08-09T00:05:22.717337,199.340,"can1  206  [16]  A1 63 1F 1C 6D 61 7B 1C 9E 18 F2 63 B4 5C 00 00
  can1  206  [16]  26 66 50 1C 89 5F FA 1B C8 18 C9 63 CE 5D 00 00"
2025-08-09T00:05:22.940884,199.563,"can1  206  [16]  42 64 07 1D 1C 61 CB 1B 32 19 26 66 53 60 00 00
  can1  206  [16]  E6 61 21 1D 1A 64 B9 1B 28 19 40 67 53 60 00 00"
2025-08-09T00:05:22.940884,199.563,"can1  206  [16]  1C 61 DA 1C A1 63 00 1C 10 19 FB 68 10 5F 00 00
  can1  206  [16]  F4 60 3D 1C 95 61 75 1C 9E 18 6A 64 EB 5B 00 00"
2025-08-09T00:05:23.162660,199.785,"can1  206  [16]  1A 64 49 1C 89 5F 0C 1C B5 18 AF 62 55 5D 00 00
  can1  206  [16]  6A 64 BA 1C 53 60 A2 1B 0B 19 BB 64 02 60 00 00"
2025-08-09T00:05:23.167480,199.790,"can1  206  [16]  D8 62 42 1D D8 62 A2 1B 19 19 26 66 53 60 00 00
  can1  206  [16]  00 63 1A 1D 79 63 A2 1B 1E 19 EF 66 2B 60 00 00"
2025-08-09T00:05:23.167480,199.790,"can1  206  [16]  0E 62 14 1D A1 63 A2 1B 23 19 17 67 02 60 00 00
  can1  206  [16]  0E 62 00 1D F2 63 A2 1B 23 19 40 67 B2 5F 00 00"
2025-08-09T00:05:23.384476,200.007,can1  206  [16]  45 61 E0 1C A1 63 FA 1B 06 19 AA 68 E8 5E 00 00
2025-08-09T00:05:23.384476,200.007,"can1  206  [16]  CC 60 3D 1C E6 61 87 1C B5 18 17 67 3B 5C 00 00
  can1  206  [16]  AF 62 19 1C 45 61 56 1C 9E 18 28 63 3B 5C 00 00"
2025-08-09T00:05:23.610558,200.233,"can1  206  [16]  6A 64 62 1C DA 5F D7 1B BF 18 79 63 1F 5E 00 00
  can1  206  [16]  50 63 1A 1D 1C 61 AD 1B 32 19 FD 65 DA 5F 00 00"
2025-08-09T00:05:23.610558,200.233,"can1  206  [16]  1C 61 FA 1C A1 63 F4 1B 0B 19 09 68 10 5F 00 00
  can1  206  [16]  F4 60 37 1C 36 62 7B 1C BA 18 B9 67 64 5C 00 00"
2025-08-09T00:05:23.814313,200.437,"can1  206  [16]  5F 62 1F 1C 45 61 49 1C 99 18 C9 63 B4 5C 00 00
  can1  206  [16]  93 64 68 1C DA 5F B9 1B BA 18 50 63 47 5E 00 00"
2025-08-09T00:05:23.814313,200.437,"can1  206  [16]  50 63 14 1D F4 60 AD 1B 32 19 26 66 02 60 00 00
  can1  206  [16]  A3 60 07 1D 50 63 EE 1B 0B 19 23 69 C0 5E 00 00"
2025-08-09T00:05:24.032906,200.655,"can1  206  [16]  CC 60 37 1C E6 61 87 1C B5 18 B9 67 B4 5C 00 00
  can1  206  [16]  E6 61 1F 1C 1C 61 50 1C 8B 18 F2 63 13 5C 00 00"
2025-08-09T00:05:24.032906,200.655,"can1  206  [16]  6A 64 5C 1C 89 5F C5 1B BA 18 6A 64 F6 5D 00 00
  can1  206  [16]  50 63 07 1D F4 60 AD 1B 28 19 C7 66 02 60 00 00"
2025-08-09T00:05:24.262209,200.885,"can1  206  [16]  45 61 00 1D 50 63 EE 1B 10 19 23 69 C0 5E 00 00
  can1  206  [16]  1C 61 49 1C BD 61 94 1C BF 18 E1 67 EB 5B 00 00"
2025-08-09T00:05:24.262209,200.885,"can1  206  [16]  36 62 1F 1C F4 60 75 1C 9E 18 C9 63 8C 5C 00 00
  can1  206  [16]  6A 64 5C 1C 61 5F E8 1B C3 18 F2 63 F6 5D 00 00"
2025-08-09T00:05:24.475539,201.098,"can1  206  [16]  50 63 07 1D 7B 60 B9 1B 32 19 76 66 2B 60 00 00
  can1  206  [16]  1C 61 07 1D 00 63 FA 1B 0B 19 23 69 39 5F 00 00"
2025-08-09T00:05:24.475539,201.098,can1  206  [16]  45 61 43 1C BD 61 8E 1C BF 18 E1 67 DC 5C 00 00
2025-08-09T00:05:24.706668,201.329,"can1  206  [16]  36 62 1F 1C 45 61 50 1C 94 18 C9 63 13 5C 00 00
  can1  206  [16]  93 64 5C 1C 89 5F C5 1B C3 18 F2 63 A6 5D 00 00
  can1  206  [16]  A1 63 0D 1D A3 60 AD 1B 32 19 76 66 B2 5F 00 00"
2025-08-09T00:05:24.706668,201.329,"can1  206  [16]  45 61 07 1D 00 63 EE 1B 10 19 D3 68 C0 5E 00 00
  can1  206  [16]  CC 60 43 1C E6 61 7B 1C BF 18 E1 67 13 5C 00 00"
2025-08-09T00:05:24.907352,201.530,"can1  206  [16]  0E 62 25 1C 1C 61 49 1C 99 18 F2 63 EB 5B 00 00
  can1  206  [16]  6A 64 68 1C 89 5F E3 1B C3 18 F2 63 7E 5D 00 00"
2025-08-09T00:05:24.907352,201.530,"can1  206  [16]  A1 63 00 1D 1C 61 CB 1B 32 19 76 66 B2 5F 00 00
  can1  206  [16]  6D 61 00 1D A1 63 13 1C 10 19 5A 68 98 5E 00 00"
2025-08-09T00:05:25.126273,201.749,"can1  206  [16]  45 61 3D 1C 87 62 A7 1C C8 18 40 67 13 5C 00 00
  can1  206  [16]  AF 62 1F 1C 6D 61 6E 1C 94 18 F2 63 13 5C 00 00"
2025-08-09T00:05:25.128289,201.751,"can1  206  [16]  BB 64 5C 1C B2 5F D7 1B C8 18 F2 63 7E 5D 00 00
  can1  206  [16]  93 64 07 1D 1C 61 CB 1B 37 19 4E 66 B2 5F 00 00"
2025-08-09T00:05:25.350946,201.974,"can1  206  [16]  0E 62 28 1D 42 64 D7 1B 2D 19 B9 67 61 5F 00 00
  can1  206  [16]  6D 61 E7 1C F2 63 00 1C 10 19 FB 68 C0 5E 00 00"
2025-08-09T00:05:25.350946,201.974,"can1  206  [16]  F4 60 3D 1C 5F 62 A0 1C B5 18 40 67 EB 5B 00 00
  can1  206  [16]  79 63 25 1C 45 61 6E 1C A2 18 79 63 9A 5B 00 00"
2025-08-09T00:05:25.350946,201.974,"can1  206  [16]  9F 66 68 1C 2B 60 D1 1B CD 18 F2 63 05 5D 00 00
  can1  206  [16]  93 64 1A 1D 6D 61 DD 1B 2D 19 9F 66 E8 5E 00 00"
2025-08-09T00:05:25.571622,202.194,"can1  206  [16]  0E 62 21 1D F2 63 DD 1B 2D 19 09 68 98 5E 00 00
  can1  206  [16]  6D 61 E0 1C 28 63 31 1C 10 19 23 69 47 5E 00 00"
2025-08-09T00:05:25.573636,202.196,"can1  206  [16]  45 61 2B 1C 45 61 8E 1C A2 18 93 64 9A 5B 00 00
  can1  206  [16]  F2 63 43 1C 39 5F 25 1C BA 18 A1 63 DC 5C 00 00"
2025-08-09T00:05:25.803429,202.426,can1  206  [16]  F2 63 D3 1C 7B 60 D1 1B 1E 19 0C 65 DA 5F 00 00
2025-08-09T00:05:25.803429,202.426,"can1  206  [16]  E6 61 2E 1D 00 63 CB 1B 28 19 40 67 DA 5F 00 00
  can1  206  [16]  E6 61 0D 1D 79 63 CB 1B 2D 19 90 67 B2 5F 00 00"
2025-08-09T00:05:26.017598,202.640,"can1  206  [16]  6D 61 E7 1C 79 63 13 1C 10 19 23 69 C0 5E 00 00
  can1  206  [16]  F4 60 43 1C 36 62 AD 1C CD 18 09 68 64 5C 00 00"
2025-08-09T00:05:26.017598,202.640,"can1  206  [16]  87 62 1F 1C 6D 61 87 1C A2 18 1A 64 64 5C 00 00
  can1  206  [16]  D5 65 62 1C 89 5F FA 1B C3 18 1A 64 CE 5D 00 00
  can1  206  [16]  E3 64 FA 1C A3 60 D7 1B 28 19 26 66 DA 5F 00 00"
2025-08-09T00:05:26.239514,202.862,can1  206  [16]  5F 62 14 1D 79 63 D7 1B 28 19 E1 67 B2 5F 00 00
2025-08-09T00:05:26.239514,202.862,"can1  206  [16]  87 62 00 1D C9 63 DD 1B 28 19 82 68 02 60 00 00
  can1  206  [16]  87 62 07 1D 1A 64 D7 1B 1E 19 D3 68 B2 5F 00 00"
2025-08-09T00:05:26.462599,203.085,"can1  206  [16]  5F 62 00 1D 42 64 E3 1B 15 19 AA 68 61 5F 00 00
  can1  206  [16]  BD 61 ED 1C F2 63 F4 1B 15 19 FB 68 61 5F 00 00
  can1  206  [16]  BD 61 E7 1C C9 63 F4 1B 10 19 FB 68 E8 5E 00 00"
2025-08-09T00:05:26.462599,203.085,"can1  206  [16]  00 63 DA 1C C9 63 FA 1B 06 19 23 69 6F 5E 00 00
  can1  206  [16]  0E 62 D3 1C 28 63 13 1C 01 19 4C 69 E8 5E 00 00"
2025-08-09T00:05:26.683194,203.306,"can1  206  [16]  BD 61 D3 1C 79 63 25 1C FD 18 74 69 C0 5E 00 00
  can1  206  [16]  0E 62 BA 1C 28 63 2B 1C FD 18 23 69 C0 5E 00 00"
2025-08-09T00:05:26.683194,203.306,"can1  206  [16]  A1 63 A7 1C 28 63 31 1C F8 18 D3 68 1F 5E 00 00
  can1  206  [16]  AF 62 94 1C 50 63 56 1C F8 18 AA 68 7E 5D 00 00"
2025-08-09T00:05:26.903493,203.526,"can1  206  [16]  5F 62 81 1C AF 62 50 1C EE 18 AA 68 7E 5D 00 00
  can1  206  [16]  0E 62 6E 1C AF 62 50 1C E0 18 82 68 A6 5D 00 00"
2025-08-09T00:05:26.907552,203.530,"can1  206  [16]  36 62 43 1C 87 62 62 1C D6 18 AA 68 05 5D 00 00
  can1  206  [16]  5F 62 3D 1C 36 62 68 1C C8 18 82 68 B4 5C 00 00"
2025-08-09T00:05:26.907552,203.530,"can1  206  [16]  5F 62 31 1C BD 61 6E 1C B5 18 09 68 3B 5C 00 00
  can1  206  [16]  AF 62 2B 1C 6D 61 5C 1C 90 18 BB 64 9A 5B 00 00"
2025-08-09T00:05:27.109986,203.733,"can1  206  [16]  D5 65 5C 1C E8 5E 00 1C B0 18 A1 63 13 5C 00 00
  can1  206  [16]  D5 65 DA 1C 02 60 B9 1B 23 19 D5 65 39 5F 00 00"
2025-08-09T00:05:27.109986,203.733,"can1  206  [16]  79 63 28 1D AF 62 B9 1B 28 19 17 67 89 5F 00 00
  can1  206  [16]  79 63 14 1D 79 63 CB 1B 28 19 90 67 10 5F 00 00"
2025-08-09T00:05:27.335083,203.958,"can1  206  [16]  A1 63 07 1D F2 63 C5 1B 28 19 09 68 39 5F 00 00
  can1  206  [16]  42 64 0D 1D 42 64 BF 1B 1E 19 31 68 C0 5E 00 00"
2025-08-09T00:05:27.335083,203.958,"can1  206  [16]  C9 63 ED 1C 1A 64 BF 1B 19 19 D3 68 C0 5E 00 00
  can1  206  [16]  00 63 FA 1C F2 63 CB 1B 19 19 D3 68 39 5F 00 00"
2025-08-09T00:05:27.553922,204.177,"can1  206  [16]  00 63 F3 1C F2 63 C5 1B 10 19 FB 68 61 5F 00 00
  can1  206  [16]  E6 61 E7 1C C9 63 CB 1B 06 19 FB 68 61 5F 00 00"
2025-08-09T00:05:27.555268,204.178,"can1  206  [16]  AF 62 DA 1C 79 63 D7 1B 01 19 23 69 39 5F 00 00
  can1  206  [16]  0E 62 DA 1C 79 63 E8 1B 01 19 23 69 10 5F 00 00"
2025-08-09T00:05:27.782503,204.405,"can1  206  [16]  36 62 C7 1C A1 63 00 1C FD 18 FB 68 E8 5E 00 00
  can1  206  [16]  AF 62 BA 1C 50 63 1F 1C F8 18 FB 68 98 5E 00 00"
2025-08-09T00:05:27.782503,204.405,"can1  206  [16]  D8 62 A7 1C 50 63 2B 1C F8 18 D3 68 6F 5E 00 00
  can1  206  [16]  F2 63 94 1C 00 63 37 1C F3 18 82 68 1F 5E 00 00"
2025-08-09T00:05:27.996059,204.619,"can1  206  [16]  00 63 75 1C D8 62 49 1C E9 18 AA 68 F6 5D 00 00
  can1  206  [16]  28 63 5C 1C D8 62 56 1C E0 18 82 68 A6 5D 00 00"
2025-08-09T00:05:27.996059,204.619,"can1  206  [16]  50 63 43 1C D8 62 56 1C D6 18 82 68 2D 5D 00 00
  can1  206  [16]  79 63 31 1C 36 62 62 1C C3 18 31 68 05 5D 00 00"
2025-08-09T00:05:27.996059,204.619,"can1  206  [16]  00 63 31 1C E6 61 62 1C B0 18 E1 67 DC 5C 00 00
  can1  206  [16]  42 64 25 1C 6D 61 5C 1C 94 18 42 64 8C 5C 00 00"
2025-08-09T00:05:28.204043,204.827,"can1  206  [16]  17 67 5C 1C 10 5F E8 1B BF 18 50 63 A6 5D 00 00
  can1  206  [16]  1A 64 F3 1C 53 60 A7 1B 28 19 6A 64 7B 60 00 00"
2025-08-09T00:05:28.210480,204.833,"can1  206  [16]  93 64 1A 1D 00 63 B3 1B 2D 19 76 66 2B 60 00 00
  can1  206  [16]  1A 64 07 1D A1 63 AD 1B 1E 19 40 67 2B 60 00 00"
2025-08-09T00:05:28.423647,205.046,"can1  206  [16]  D8 62 FA 1C F2 63 B9 1B 1E 19 68 67 02 60 00 00
  can1  206  [16]  D8 62 ED 1C F2 63 B9 1B 01 19 B9 67 B2 5F 00 00"
2025-08-09T00:05:28.425663,205.048,"can1  206  [16]  45 61 B3 1C D8 62 25 1C 01 19 E1 67 E8 5E 00 00
  can1  206  [16]  BD 61 75 1C D8 62 49 1C EE 18 B9 67 1F 5E 00 00"
2025-08-09T00:05:28.643856,205.266,"can1  206  [16]  45 61 1F 1C 7B 60 62 1C 99 18 28 63 B4 5C 00 00
  can1  206  [16]  42 64 5C 1C 61 5F DD 1B B5 18 C9 63 6F 5E 00 00"
2025-08-09T00:05:28.643856,205.266,"can1  206  [16]  A1 63 07 1D CC 60 B3 1B 1E 19 76 66 7B 60 00 00
  can1  206  [16]  95 61 FA 1C 28 63 E8 1B 10 19 FB 68 61 5F 00 00"
2025-08-09T00:05:28.866153,205.489,"can1  206  [16]  1C 61 50 1C E6 61 7B 1C C8 18 E1 67 8C 5C 00 00
  can1  206  [16]  0E 62 25 1C F4 60 49 1C 9E 18 F2 63 8C 5C 00 00"
2025-08-09T00:05:28.874302,205.497,"can1  206  [16]  42 64 56 1C 39 5F D7 1B BF 18 F2 63 CE 5D 00 00
  can1  206  [16]  79 63 FA 1C 7B 60 B3 1B 2D 19 26 66 2B 60 00 00"
2025-08-09T00:05:29.092992,205.716,"can1  206  [16]  1C 61 07 1D 28 63 EE 1B 10 19 23 69 10 5F 00 00
  can1  206  [16]  F4 60 50 1C 0E 62 8E 1C C8 18 B9 67 3B 5C 00 00"
2025-08-09T00:05:29.092992,205.716,"can1  206  [16]  5F 62 1F 1C 45 61 56 1C 99 18 F2 63 8C 5C 00 00
  can1  206  [16]  6A 64 5C 1C 89 5F D7 1B BF 18 C9 63 A6 5D 00 00"
2025-08-09T00:05:29.308088,205.931,"can1  206  [16]  A1 63 E7 1C 53 60 CB 1B 32 19 FD 65 DA 5F 00 00
  can1  206  [16]  6D 61 07 1D 28 63 13 1C 10 19 FB 68 61 5F 00 00"
2025-08-09T00:05:29.308088,205.931,"can1  206  [16]  A3 60 49 1C 5F 62 BA 1C C8 18 E1 67 B4 5C 00 00
  can1  206  [16]  36 62 1F 1C 6D 61 8E 1C 99 18 1A 64 13 5C 00 00"
2025-08-09T00:05:29.529405,206.152,"can1  206  [16]  6A 64 62 1C B2 5F 0C 1C BA 18 79 63 A6 5D 00 00
  can1  206  [16]  A1 63 FA 1C CC 60 E3 1B 23 19 FD 65 B2 5F 00 00"
2025-08-09T00:05:29.531396,206.154,"can1  206  [16]  45 61 1A 1D 79 63 13 1C 15 19 FB 68 98 5E 00 00
  can1  206  [16]  BD 61 D3 1C A1 63 37 1C 0B 19 AA 68 E8 5E 00 00"
2025-08-09T00:05:29.766235,206.389,"can1  206  [16]  0E 62 BA 1C A1 63 49 1C 01 19 82 68 98 5E 00 00
  can1  206  [16]  36 62 A7 1C C9 63 62 1C FD 18 82 68 6F 5E 00 00"
2025-08-09T00:05:29.766235,206.389,"can1  206  [16]  0E 62 8E 1C 79 63 7B 1C F8 18 AA 68 47 5E 00 00
  can1  206  [16]  28 63 6E 1C 50 63 68 1C E9 18 31 68 1F 5E 00 00"
2025-08-09T00:05:29.969616,206.592,"can1  206  [16]  D8 62 62 1C 50 63 68 1C DB 18 AA 68 55 5D 00 00
  can1  206  [16]  A1 63 49 1C D8 62 75 1C CD 18 5A 68 05 5D 00 00"
2025-08-09T00:05:29.969616,206.592,"can1  206  [16]  D8 62 2B 1C AF 62 75 1C BA 18 09 68 2D 5D 00 00
  can1  206  [16]  D8 62 25 1C 5F 62 7B 1C B0 18 09 68 B4 5C 00 00
  can1  206  [16]  D8 62 1F 1C 0E 62 81 1C 99 18 09 68 DC 5C 00 00"
2025-08-09T00:05:30.197703,206.820,can1  206  [16]  00 63 19 1C 6D 61 56 1C 99 18 C9 63 B4 5C 00 00
2025-08-09T00:05:30.197703,206.820,"can1  206  [16]  E3 64 50 1C B2 5F DD 1B BF 18 C9 63 F6 5D 00 00
  can1  206  [16]  79 63 00 1D CC 60 B3 1B 32 19 9F 66 2B 60 00 00"
2025-08-09T00:05:30.415503,207.038,"can1  206  [16]  E6 61 21 1D 1A 64 BF 1B 28 19 09 68 02 60 00 00
  can1  206  [16]  6D 61 E0 1C 1A 64 FA 1B 0B 19 4C 69 61 5F 00 00"
2025-08-09T00:05:30.415503,207.038,"can1  206  [16]  CC 60 3D 1C 36 62 81 1C BA 18 B9 67 8C 5C 00 00
  can1  206  [16]  AF 62 2B 1C 45 61 56 1C A2 18 A1 63 B4 5C 00 00"
2025-08-09T00:05:30.624508,207.247,"can1  206  [16]  93 64 68 1C DA 5F BF 1B C8 18 42 64 1F 5E 00 00
  can1  206  [16]  C9 63 21 1D F4 60 AD 1B 4F 19 9F 66 02 60 00 00"
2025-08-09T00:05:30.624508,207.247,"can1  206  [16]  AF 62 21 1D 1A 64 BF 1B 32 19 E1 67 02 60 00 00
  can1  206  [16]  45 61 DA 1C 79 63 31 1C 06 19 D3 68 E8 5E 00 00"
2025-08-09T00:05:30.842594,207.465,"can1  206  [16]  0E 62 94 1C 50 63 5C 1C FD 18 82 68 47 5E 00 00
  can1  206  [16]  36 62 7B 1C 79 63 68 1C EE 18 82 68 A6 5D 00 00
  can1  206  [16]  E6 61 68 1C 79 63 7B 1C E5 18 31 68 7E 5D 00 00"
2025-08-09T00:05:30.843594,207.466,can1  206  [16]  E6 61 50 1C D8 62 87 1C D6 18 09 68 7E 5D 00 00
2025-08-09T00:05:31.062904,207.685,"can1  206  [16]  5F 62 49 1C AF 62 94 1C BF 18 09 68 05 5D 00 00
  can1  206  [16]  A1 63 25 1C 0E 62 8E 1C BA 18 09 68 DC 5C 00 00"
2025-08-09T00:05:31.062904,207.685,"can1  206  [16]  36 62 25 1C 95 61 81 1C 8B 18 1A 64 64 5C 00 00
  can1  206  [16]  D5 65 50 1C 61 5F 0C 1C B0 18 79 63 55 5D 00 00"
2025-08-09T00:05:31.062904,207.685,"can1  206  [16]  E3 64 D3 1C 53 60 D1 1B 19 19 D5 65 53 60 00 00
  can1  206  [16]  D8 62 28 1D 28 63 DD 1B 1E 19 17 67 02 60 00 00"
2025-08-09T00:05:31.286714,207.910,"can1  206  [16]  AF 62 0D 1D F2 63 D7 1B 1E 19 B9 67 02 60 00 00
  can1  206  [16]  5F 62 00 1D 1A 64 D7 1B 19 19 09 68 DA 5F 00 00"
2025-08-09T00:05:31.292532,207.915,"can1  206  [16]  E6 61 07 1D 6A 64 DD 1B 1E 19 31 68 2B 60 00 00
  can1  206  [16]  E6 61 F3 1C 42 64 DD 1B 1E 19 5A 68 DA 5F 00 00"
2025-08-09T00:05:31.501402,208.124,"can1  206  [16]  BD 61 E7 1C 1A 64 E3 1B 2D 19 D3 68 DA 5F 00 00
  can1  206  [16]  5F 62 E0 1C 1A 64 E8 1B 32 19 FB 68 B2 5F 00 00"
2025-08-09T00:05:31.501402,208.124,"can1  206  [16]  0E 62 DA 1C C9 63 FA 1B 10 19 FB 68 89 5F 00 00
  can1  206  [16]  AF 62 E7 1C C9 63 00 1C 06 19 74 69 61 5F 00 00"
2025-08-09T00:05:31.721954,208.345,"can1  206  [16]  79 63 DA 1C A1 63 13 1C 01 19 74 69 39 5F 00 00
  can1  206  [16]  A1 63 C0 1C F2 63 1F 1C 06 19 4C 69 61 5F 00 00"
2025-08-09T00:05:31.721954,208.345,"can1  206  [16]  36 62 B3 1C 79 63 2B 1C 01 19 D3 68 10 5F 00 00
  can1  206  [16]  36 62 9A 1C 28 63 2B 1C FD 18 5A 68 E8 5E 00 00"
2025-08-09T00:05:31.951099,208.574,"can1  206  [16]  5F 62 87 1C 28 63 43 1C F3 18 AA 68 6F 5E 00 00
  can1  206  [16]  AF 62 68 1C 28 63 50 1C E9 18 82 68 47 5E 00 00
  can1  206  [16]  D8 62 56 1C 50 63 56 1C DB 18 82 68 A6 5D 00 00
  can1  206  [16]  D8 62 43 1C D8 62 5C 1C CD 18 5A 68 2D 5D 00 00
  can1  206  [16]  00 63 37 1C 00 63 68 1C C3 18 E1 67 05 5D 00 00"
2025-08-09T00:05:32.177968,208.801,"can1  206  [16]  00 63 1F 1C 5F 62 62 1C B5 18 E1 67 8C 5C 00 00
  can1  206  [16]  A1 63 1F 1C E6 61 62 1C A7 18 E1 67 64 5C 00 00"
2025-08-09T00:05:32.183983,208.807,"can1  206  [16]  79 63 19 1C 45 61 49 1C 9E 18 1A 64 64 5C 00 00
  can1  206  [16]  FD 65 49 1C 02 60 CB 1B C8 18 F2 63 CE 5D 00 00"
2025-08-09T00:05:32.401030,209.024,"can1  206  [16]  E3 64 07 1D CC 60 AD 1B 37 19 4E 66 53 60 00 00
  can1  206  [16]  D8 62 28 1D 1A 64 A7 1B 28 19 09 68 7B 60 00 00"
2025-08-09T00:05:32.413357,209.036,"can1  206  [16]  5F 62 00 1D 6A 64 AD 1B 28 19 31 68 2B 60 00 00
  can1  206  [16]  E6 61 F3 1C 93 64 B9 1B 23 19 5A 68 02 60 00 00"
2025-08-09T00:05:32.413357,209.036,"can1  206  [16]  E6 61 F3 1C 6A 64 B9 1B 19 19 FB 68 02 60 00 00
  can1  206  [16]  6D 61 AD 1C 50 63 43 1C 01 19 B9 67 6F 5E 00 00"
2025-08-09T00:05:32.607531,209.230,"can1  206  [16]  0E 62 68 1C 50 63 87 1C DB 18 E1 67 7E 5D 00 00
  can1  206  [16]  5F 62 43 1C 28 63 94 1C CD 18 5A 68 2D 5D 00 00"
2025-08-09T00:05:32.607531,209.230,"can1  206  [16]  5F 62 31 1C D8 62 94 1C E0 18 82 68 B4 5C 00 00
  can1  206  [16]  D8 62 1F 1C 36 62 8E 1C D2 18 5A 68 8C 5C 00 00"
2025-08-09T00:05:32.830442,209.453,can1  206  [16]  00 63 19 1C BD 61 87 1C B0 18 09 68 C2 5B 00 00
2025-08-09T00:05:32.830442,209.453,"can1  206  [16]  F2 63 13 1C 45 61 6E 1C A7 18 1A 64 64 5C 00 00
  can1  206  [16]  FD 65 62 1C 89 5F F4 1B C3 18 F2 63 1F 5E 00 00
  can1  206  [16]  26 66 00 1D CC 60 DD 1B 32 19 26 66 B2 5F 00 00"
2025-08-09T00:05:33.049514,209.672,"can1  206  [16]  A1 63 21 1D A1 63 DD 1B 19 19 E1 67 B2 5F 00 00
  can1  206  [16]  79 63 14 1D F2 63 E8 1B 28 19 31 68 89 5F 00 00"
2025-08-09T00:05:33.057227,209.680,"can1  206  [16]  28 63 00 1D C9 63 E8 1B 1E 19 82 68 39 5F 00 00
  can1  206  [16]  79 63 ED 1C F2 63 EE 1B 15 19 82 68 10 5F 00 00"
2025-08-09T00:05:33.271617,209.894,"can1  206  [16]  D8 62 E0 1C 6A 64 EE 1B 15 19 FB 68 10 5F 00 00
  can1  206  [16]  AF 62 ED 1C 42 64 EE 1B 0B 19 FB 68 39 5F 00 00"
2025-08-09T00:05:33.271617,209.894,"can1  206  [16]  87 62 E0 1C 1A 64 FA 1B 01 19 4C 69 39 5F 00 00
  can1  206  [16]  36 62 D3 1C 1A 64 06 1C 01 19 9C 69 E8 5E 00 00"
2025-08-09T00:05:33.527727,210.150,"can1  206  [16]  50 63 CD 1C 79 63 19 1C 01 19 FB 68 39 5F 00 00
  can1  206  [16]  87 62 AD 1C A1 63 2B 1C 01 19 FB 68 10 5F 00 00"
2025-08-09T00:05:33.527727,210.150,"can1  206  [16]  28 63 9A 1C 79 63 43 1C F3 18 AA 68 10 5F 00 00
  can1  206  [16]  AF 62 87 1C 28 63 56 1C F3 18 5A 68 C0 5E 00 00"
2025-08-09T00:05:33.701370,210.324,can1  206  [16]  A1 63 6E 1C 28 63 62 1C E9 18 31 68 47 5E 00 00
2025-08-09T00:05:33.927094,210.550,"can1  206  [16]  00 63 62 1C 50 63 6E 1C DB 18 09 68 CE 5D 00 00
  can1  206  [16]  28 63 43 1C 00 63 87 1C CD 18 09 68 A6 5D 00 00
  can1  206  [16]  28 63 31 1C 87 62 94 1C C3 18 31 68 DC 5C 00 00
  can1  206  [16]  D8 62 25 1C 36 62 9A 1C B5 18 E1 67 3B 5C 00 00
  can1  206  [16]  00 63 1F 1C 0E 62 7B 1C C8 18 E1 67 9A 5B 00 00"
2025-08-09T00:05:33.929104,210.552,can1  206  [16]  A1 63 1F 1C E6 61 68 1C C3 18 09 68 EB 5B 00 00
2025-08-09T00:05:33.929104,210.552,"can1  206  [16]  A1 63 1F 1C 45 61 68 1C A2 18 42 64 C2 5B 00 00
  can1  206  [16]  FD 65 68 1C B2 5F EE 1B C3 18 42 64 A6 5D 00 00"
2025-08-09T00:05:34.141545,210.764,"can1  206  [16]  BB 64 14 1D E6 61 C5 1B E5 18 BB 64 C0 5E 00 00
  can1  206  [16]  0C 65 00 1D AF 62 B9 1B E9 18 0C 65 61 5F 00 00"
2025-08-09T00:05:34.148084,210.771,"can1  206  [16]  6A 64 1A 1D 00 63 B9 1B FD 18 D5 65 61 5F 00 00
  can1  206  [16]  BB 64 1A 1D 50 63 B9 1B 06 19 E3 64 61 5F 00 00"
2025-08-09T00:05:34.395503,211.018,"can1  206  [16]  42 64 1A 1D C9 63 BF 1B 0B 19 D5 65 B2 5F 00 00
  can1  206  [16]  E3 64 21 1D 1A 64 A7 1B 19 19 26 66 B2 5F 00 00"
2025-08-09T00:05:34.395503,211.018,"can1  206  [16]  A1 63 1A 1D 93 64 A7 1B 1E 19 76 66 B2 5F 00 00
  can1  206  [16]  C9 63 0D 1D 93 64 A7 1B 23 19 EF 66 89 5F 00 00"
2025-08-09T00:05:34.585518,211.208,"can1  206  [16]  79 63 07 1D E3 64 A7 1B 28 19 90 67 B2 5F 00 00
  can1  206  [16]  AF 62 00 1D 0C 65 A7 1B 23 19 E1 67 39 5F 00 00"
2025-08-09T00:05:34.585518,211.208,"can1  206  [16]  0E 62 1A 1D D5 65 AD 1B 19 19 82 68 C0 5E 00 00
  can1  206  [16]  D8 62 0D 1D FD 65 B3 1B 15 19 AA 68 C0 5E 00 00"
2025-08-09T00:05:34.809344,211.432,"can1  206  [16]  87 62 00 1D FD 65 B9 1B 10 19 FB 68 E8 5E 00 00
  can1  206  [16]  00 63 07 1D D5 65 B3 1B 0B 19 D3 68 C0 5E 00 00"
2025-08-09T00:05:34.818935,211.442,"can1  206  [16]  AF 62 00 1D D5 65 C5 1B 06 19 74 69 98 5E 00 00
  can1  206  [16]  87 62 F3 1C 0C 65 D7 1B 01 19 74 69 98 5E 00 00"
2025-08-09T00:05:34.833926,211.457,"can1  206  [16]  5F 62 E7 1C E3 64 EE 1B 01 19 9C 69 98 5E 00 00
  can1  206  [16]  36 62 E0 1C 6A 64 19 1C F8 18 74 69 6F 5E 00 00"
2025-08-09T00:05:35.014487,211.637,"can1  206  [16]  AF 62 D3 1C 79 63 31 1C FD 18 FB 68 47 5E 00 00
  can1  206  [16]  87 62 A7 1C A1 63 5C 1C FD 18 AA 68 F6 5D 00 00"
2025-08-09T00:05:35.019806,211.642,"can1  206  [16]  AF 62 94 1C 79 63 6E 1C F3 18 AA 68 7E 5D 00 00
  can1  206  [16]  87 62 81 1C 79 63 7B 1C E5 18 AA 68 A6 5D 00 00"
2025-08-09T00:05:35.246174,211.869,"can1  206  [16]  AF 62 6E 1C 50 63 8E 1C FD 18 09 68 7E 5D 00 00
  can1  206  [16]  87 62 62 1C 50 63 94 1C CD 18 82 68 55 5D 00 00"
2025-08-09T00:05:35.246174,211.869,"can1  206  [16]  5F 62 49 1C 00 63 A0 1C C3 18 E1 67 DC 5C 00 00
  can1  206  [16]  AF 62 43 1C 5F 62 A7 1C B5 18 E1 67 8C 5C 00 00"
2025-08-09T00:05:35.458315,212.081,"can1  206  [16]  D8 62 31 1C 0E 62 A7 1C A7 18 68 67 13 5C 00 00
  can1  206  [16]  00 63 2B 1C 6D 61 94 1C 99 18 F2 63 13 5C 00 00"
2025-08-09T00:05:35.458315,212.081,"can1  206  [16]  0C 65 6E 1C B2 5F 19 1C BF 18 1A 64 55 5D 00 00
  can1  206  [16]  A1 63 1A 1D CC 60 EE 1B 45 19 4E 66 B2 5F 00 00"
2025-08-09T00:05:35.675920,212.299,"can1  206  [16]  F4 60 1A 1D 79 63 FA 1B 15 19 4C 69 98 5E 00 00
  can1  206  [16]  CC 60 5C 1C 36 62 9A 1C CD 18 09 68 C2 5B 00 00"
2025-08-09T00:05:35.681689,212.304,can1  206  [16]  87 62 31 1C 6D 61 7B 1C 99 18 1A 64 13 5C 00 00
2025-08-09T00:05:35.898479,212.521,"can1  206  [16]  BB 64 6E 1C 89 5F E3 1B C3 18 F2 63 55 5D 00 00
  can1  206  [16]  79 63 14 1D 7B 60 AD 1B 4F 19 26 66 02 60 00 00
  can1  206  [16]  95 61 28 1D 50 63 E3 1B 15 19 FB 68 89 5F 00 00"
2025-08-09T00:05:35.898479,212.521,can1  206  [16]  CC 60 62 1C 36 62 87 1C C3 18 90 67 B4 5C 00 00
2025-08-09T00:05:36.120725,212.743,"can1  206  [16]  E6 61 31 1C 6D 61 56 1C 99 18 C9 63 8C 5C 00 00
  can1  206  [16]  6A 64 68 1C 89 5F E3 1B BA 18 C9 63 A6 5D 00 00
  can1  206  [16]  79 63 0D 1D F4 60 BF 1B 28 19 26 66 53 60 00 00"
2025-08-09T00:05:36.120725,212.743,can1  206  [16]  5F 62 3B 1D F2 63 E3 1B 2D 19 68 67 53 60 00 00
2025-08-09T00:05:36.127871,212.750,"can1  206  [16]  6D 61 07 1D 1A 64 31 1C 0B 19 23 69 61 5F 00 00
  can1  206  [16]  45 61 50 1C 5F 62 BA 1C C3 18 09 68 B4 5C 00 00"
2025-08-09T00:05:36.348931,212.972,"can1  206  [16]  AF 62 37 1C 1C 61 94 1C BF 18 1A 64 8C 5C 00 00
  can1  206  [16]  E3 64 75 1C B2 5F 06 1C D2 18 A1 63 98 5E 00 00"
2025-08-09T00:05:36.348931,212.972,"can1  206  [16]  79 63 28 1D 45 61 F4 1B 37 19 FD 65 7B 60 00 00
  can1  206  [16]  1C 61 1A 1D F2 63 2B 1C 0B 19 82 68 B2 5F 00 00"
2025-08-09T00:05:36.566899,213.189,"can1  206  [16]  F4 60 5C 1C 36 62 C0 1C BF 18 90 67 55 5D 00 00
  can1  206  [16]  AF 62 37 1C 45 61 9A 1C 99 18 50 63 05 5D 00 00"
2025-08-09T00:05:36.575088,213.198,"can1  206  [16]  26 66 7B 1C B2 5F 0C 1C BF 18 C9 63 47 5E 00 00
  can1  206  [16]  E3 64 1A 1D 1C 61 F4 1B 28 19 26 66 A3 60 00 00"
2025-08-09T00:05:36.793516,213.416,"can1  206  [16]  5F 62 2E 1D C9 63 EE 1B 28 19 90 67 A3 60 00 00
  can1  206  [16]  AF 62 14 1D 1A 64 DD 1B 23 19 09 68 02 60 00 00"
2025-08-09T00:05:36.793516,213.416,"can1  206  [16]  6D 61 ED 1C 00 63 37 1C 06 19 82 68 61 5F 00 00
  can1  206  [16]  36 62 AD 1C D8 62 50 1C F8 18 09 68 98 5E 00 00"
2025-08-09T00:05:37.015148,213.638,"can1  206  [16]  BD 61 94 1C D8 62 62 1C EE 18 09 68 47 5E 00 00
  can1  206  [16]  6D 61 43 1C 2B 60 7B 1C A7 18 28 63 2D 5D 00 00"
2025-08-09T00:05:37.015148,213.638,can1  206  [16]  0C 65 75 1C 89 5F F4 1B BF 18 C9 63 98 5E 00 00
2025-08-09T00:05:37.215818,213.838,"can1  206  [16]  6A 64 14 1D 7B 60 D7 1B 32 19 26 66 A3 60 00 00
  can1  206  [16]  36 62 2E 1D 79 63 CB 1B 32 19 B9 67 2B 60 00 00
  can1  206  [16]  E6 61 07 1D F2 63 BF 1B 23 19 68 67 2B 60 00 00"
2025-08-09T00:05:37.216927,213.840,"can1  206  [16]  36 62 07 1D 1A 64 D1 1B 1E 19 5A 68 02 60 00 00
  can1  206  [16]  BD 61 FA 1C 1A 64 BF 1B 15 19 82 68 2B 60 00 00"
2025-08-09T00:05:37.216927,213.840,"can1  206  [16]  95 61 A7 1C D8 62 50 1C FD 18 31 68 C0 5E 00 00
  can1  206  [16]  87 62 7B 1C D8 62 68 1C DB 18 31 68 CE 5D 00 00"
2025-08-09T00:05:37.436301,214.059,can1  206  [16]  BD 61 62 1C D8 62 75 1C D2 18 B9 67 55 5D 00 00
2025-08-09T00:05:37.436301,214.059,"can1  206  [16]  6D 61 56 1C B2 5F 62 1C AC 18 00 63 05 5D 00 00
  can1  206  [16]  93 64 75 1C DA 5F CB 1B D6 18 1A 64 C0 5E 00 00"
2025-08-09T00:05:37.660606,214.283,"can1  206  [16]  28 63 28 1D 45 61 E3 1B 32 19 68 67 DA 5F 00 00
  can1  206  [16]  7B 60 E7 1C 00 63 50 1C 10 19 FB 68 39 5F 00 00"
2025-08-09T00:05:37.664034,214.287,"can1  206  [16]  45 61 25 1C 1C 61 A7 1C 9E 18 42 64 B4 5C 00 00
  can1  206  [16]  C9 63 50 1C 39 5F 25 1C BA 18 C9 63 A6 5D 00 00"
2025-08-09T00:05:37.879666,214.502,"can1  206  [16]  79 63 CD 1C 53 60 CB 1B 1E 19 FD 65 53 60 00 00
  can1  206  [16]  36 62 1A 1D 00 63 DD 1B 28 19 40 67 53 60 00 00"
2025-08-09T00:05:37.879666,214.502,"can1  206  [16]  0E 62 07 1D 79 63 E3 1B 28 19 B9 67 7B 60 00 00
  can1  206  [16]  36 62 00 1D 1A 64 DD 1B 2D 19 31 68 7B 60 00 00"
2025-08-09T00:05:38.100149,214.723,"can1  206  [16]  BD 61 F3 1C F2 63 E3 1B 23 19 D3 68 2B 60 00 00
  can1  206  [16]  BD 61 ED 1C F2 63 E3 1B 1E 19 23 69 2B 60 00 00"
2025-08-09T00:05:38.105908,214.728,"can1  206  [16]  6D 61 B3 1C 00 63 5C 1C 06 19 FB 68 10 5F 00 00
  can1  206  [16]  36 62 75 1C 28 63 7B 1C 06 19 D3 68 1F 5E 00 00"
2025-08-09T00:05:38.324626,214.947,"can1  206  [16]  0E 62 56 1C D8 62 75 1C 06 19 D3 68 A6 5D 00 00
  can1  206  [16]  A1 63 50 1C D8 62 75 1C F3 18 82 68 55 5D 00 00"
2025-08-09T00:05:38.324626,214.947,"can1  206  [16]  36 62 49 1C 5F 62 8E 1C DB 18 82 68 05 5D 00 00
  can1  206  [16]  95 61 50 1C 89 5F 5C 1C CD 18 D8 62 2D 5D 00 00"
2025-08-09T00:05:38.332715,214.955,"can1  206  [16]  BB 64 75 1C DA 5F DD 1B E9 18 F2 63 39 5F 00 00
  can1  206  [16]  C9 63 3B 1D 45 61 E8 1B 32 19 17 67 02 60 00 00"
2025-08-09T00:05:38.528948,215.152,"can1  206  [16]  A3 60 D3 1C 00 63 56 1C 01 19 09 68 E8 5E 00 00
  can1  206  [16]  BD 61 75 1C 00 63 81 1C E5 18 09 68 47 5E 00 00"
2025-08-09T00:05:38.528948,215.152,can1  206  [16]  45 61 2B 1C 02 60 75 1C 9E 18 28 63 B4 5C 00 00
2025-08-09T00:05:38.751330,215.374,"can1  206  [16]  42 64 62 1C B2 5F E3 1B B5 18 42 64 47 5E 00 00
  can1  206  [16]  79 63 07 1D 7B 60 CB 1B 40 19 9F 66 7B 60 00 00"
2025-08-09T00:05:38.751330,215.374,"can1  206  [16]  1C 61 00 1D 28 63 0C 1C 32 19 23 69 89 5F 00 00
  can1  206  [16]  6D 61 49 1C 5F 62 A0 1C E9 18 90 67 B4 5C 00 00"
2025-08-09T00:05:38.972788,215.595,"can1  206  [16]  50 63 25 1C 45 61 9A 1C BF 18 79 63 DC 5C 00 00
  can1  206  [16]  6A 64 62 1C 89 5F 0C 1C E9 18 1A 64 47 5E 00 00"
2025-08-09T00:05:38.972788,215.595,"can1  206  [16]  28 63 07 1D CC 60 EE 1B 54 19 9F 66 53 60 00 00
  can1  206  [16]  F4 60 07 1D 79 63 2B 1C 37 19 4C 69 10 5F 00 00"
2025-08-09T00:05:39.193615,215.816,"can1  206  [16]  E6 61 C7 1C 79 63 50 1C 1E 19 23 69 39 5F 00 00
  can1  206  [16]  45 61 2B 1C BD 61 9A 1C BA 18 31 68 B4 5C 00 00"
2025-08-09T00:05:39.193615,215.816,"can1  206  [16]  D8 62 1F 1C F4 60 68 1C 9E 18 1A 64 64 5C 00 00
  can1  206  [16]  D5 65 5C 1C DA 5F FA 1B CD 18 6A 64 98 5E 00 00"
2025-08-09T00:05:39.417356,216.040,"can1  206  [16]  E3 64 14 1D 1C 61 E8 1B 45 19 C7 66 53 60 00 00
  can1  206  [16]  6D 61 FA 1C 79 63 31 1C 0B 19 FB 68 61 5F 00 00"
2025-08-09T00:05:39.417356,216.040,"can1  206  [16]  BD 61 B3 1C A1 63 50 1C F8 18 AA 68 C0 5E 00 00
  can1  206  [16]  AF 62 94 1C 79 63 49 1C F3 18 D3 68 47 5E 00 00"
2025-08-09T00:05:39.622324,216.245,"can1  206  [16]  95 61 25 1C 45 61 6E 1C 9E 18 F2 63 3B 5C 00 00
  can1  206  [16]  6A 64 56 1C 39 5F F4 1B B0 18 1A 64 05 5D 00 00"
2025-08-09T00:05:39.622324,216.245,can1  206  [16]  C9 63 E0 1C 7B 60 B9 1B 19 19 FD 65 89 5F 00 00
2025-08-09T00:05:39.845789,216.468,"can1  206  [16]  E6 61 21 1D 79 63 B3 1B 1E 19 40 67 61 5F 00 00
  can1  206  [16]  BD 61 00 1D F2 63 B3 1B 23 19 B9 67 61 5F 00 00
  can1  206  [16]  BD 61 FA 1C 1A 64 BF 1B 1E 19 B9 67 89 5F 00 00"
2025-08-09T00:05:39.866716,216.489,can1  206  [16]  45 61 E7 1C 79 63 0C 1C 0B 19 AA 68 6F 5E 00 00
2025-08-09T00:05:39.866716,216.489,"can1  206  [16]  1C 61 37 1C 45 61 6E 1C 99 18 F2 63 72 5B 00 00
  can1  206  [16]  BB 64 50 1C 61 5F 0C 1C B5 18 79 63 55 5D 00 00"
2025-08-09T00:05:40.067238,216.690,"can1  206  [16]  BB 64 C7 1C 53 60 B3 1B 19 19 E3 64 2B 60 00 00
  can1  206  [16]  AF 62 21 1D 00 63 AD 1B 4A 19 76 66 A3 60 00 00"
2025-08-09T00:05:40.073266,216.696,"can1  206  [16]  00 63 07 1D A1 63 A2 1B 4F 19 EF 66 7B 60 00 00
  can1  206  [16]  5F 62 FA 1C 1A 64 A7 1B 4F 19 68 67 2B 60 00 00"
2025-08-09T00:05:40.286715,216.909,can1  206  [16]  E6 61 FA 1C 1A 64 B9 1B 2D 19 09 68 2B 60 00 00
2025-08-09T00:05:40.290770,216.913,"can1  206  [16]  45 61 CD 1C 79 63 13 1C 01 19 FB 68 39 5F 00 00
  can1  206  [16]  95 61 31 1C E6 61 8E 1C A7 18 B9 67 64 5C 00 00
  can1  206  [16]  D8 62 25 1C 45 61 50 1C A2 18 A1 63 B4 5C 00 00"
2025-08-09T00:05:40.506971,217.130,"can1  206  [16]  42 64 62 1C 02 60 B9 1B CD 18 42 64 6F 5E 00 00
  can1  206  [16]  A1 63 1A 1D 6D 61 D7 1B 32 19 17 67 02 60 00 00"
2025-08-09T00:05:40.527728,217.150,"can1  206  [16]  45 61 ED 1C 28 63 25 1C 06 19 FB 68 E8 5E 00 00
  can1  206  [16]  6D 61 37 1C 95 61 8E 1C 90 18 1A 64 3B 5C 00 00"
2025-08-09T00:05:40.728416,217.351,"can1  206  [16]  93 64 62 1C B2 5F 2B 1C AC 18 A1 63 05 5D 00 00
  can1  206  [16]  93 64 CD 1C A3 60 CB 1B 23 19 0C 65 B2 5F 00 00"
2025-08-09T00:05:40.728416,217.351,can1  206  [16]  5F 62 2E 1D 79 63 D7 1B 4A 19 9F 66 DA 5F 00 00
2025-08-09T00:05:40.728416,217.351,"can1  206  [16]  AF 62 1A 1D F2 63 CB 1B 4A 19 17 67 89 5F 00 00
  can1  206  [16]  36 62 0D 1D 1A 64 B9 1B 45 19 68 67 B2 5F 00 00
  can1  206  [16]  D8 62 FA 1C 42 64 C5 1B 1E 19 E1 67 B2 5F 00 00"
2025-08-09T00:05:40.933809,217.556,can1  206  [16]  BD 61 F3 1C 6A 64 C5 1B 15 19 E1 67 89 5F 00 00
2025-08-09T00:05:40.933809,217.556,"can1  206  [16]  CC 60 C0 1C 50 63 31 1C 01 19 AA 68 98 5E 00 00
  can1  206  [16]  6D 61 3D 1C CC 60 7B 1C A2 18 A1 63 EB 5B 00 00"
2025-08-09T00:05:41.155090,217.778,"can1  206  [16]  1A 64 5C 1C E8 5E 00 1C B5 18 F2 63 DC 5C 00 00
  can1  206  [16]  1A 64 E7 1C 7B 60 BF 1B 1E 19 E3 64 61 5F 00 00"
2025-08-09T00:05:41.157100,217.780,"can1  206  [16]  95 61 14 1D 50 63 EE 1B 15 19 AA 68 CE 5D 00 00
  can1  206  [16]  A3 60 62 1C 5F 62 9A 1C D6 18 68 67 EB 5B 00 00"
2025-08-09T00:05:41.376969,218.000,"can1  206  [16]  36 62 25 1C 45 61 75 1C 90 18 E3 64 F9 5A 00 00
  can1  206  [16]  42 64 56 1C 61 5F FA 1B B0 18 42 64 3B 5C 00 00"
2025-08-09T00:05:41.382304,218.005,"can1  206  [16]  E3 64 E0 1C 02 60 AD 1B 1E 19 4E 66 39 5F 00 00
  can1  206  [16]  BD 61 28 1D D8 62 AD 1B 28 19 B9 67 10 5F 00 00"
2025-08-09T00:05:41.599829,218.222,"can1  206  [16]  E6 61 14 1D 79 63 B9 1B 1E 19 31 68 39 5F 00 00
  can1  206  [16]  AF 62 07 1D C9 63 B3 1B 23 19 AA 68 DA 5F 00 00"
2025-08-09T00:05:41.599829,218.222,"can1  206  [16]  95 61 DA 1C 00 63 19 1C 06 19 9C 69 39 5F 00 00
  can1  206  [16]  E6 61 8E 1C D8 62 43 1C F3 18 74 69 98 5E 00 00"
2025-08-09T00:05:41.820602,218.443,"can1  206  [16]  0E 62 75 1C 00 63 50 1C EE 18 FB 68 6F 5E 00 00
  can1  206  [16]  6D 61 25 1C 53 60 7B 1C A2 18 C9 63 B4 5C 00 00"
2025-08-09T00:05:41.820602,218.443,can1  206  [16]  6A 64 62 1C 10 5F F4 1B BF 18 42 64 F6 5D 00 00
2025-08-09T00:05:42.045936,218.669,"can1  206  [16]  79 63 FA 1C 02 60 B3 1B 2D 19 C7 66 DA 5F 00 00
  can1  206  [16]  F4 60 07 1D 00 63 E8 1B 10 19 C4 69 6F 5E 00 00
  can1  206  [16]  7B 60 50 1C E6 61 87 1C CD 18 5A 68 3B 5C 00 00"
2025-08-09T00:05:42.045936,218.669,can1  206  [16]  BD 61 1F 1C 6D 61 62 1C BF 18 6A 64 C2 5B 00 00
2025-08-09T00:05:42.045936,218.669,"can1  206  [16]  BB 64 56 1C 61 5F E3 1B C3 18 F2 63 DC 5C 00 00
  can1  206  [16]  1A 64 E7 1C 7B 60 BF 1B 2D 19 AD 65 89 5F 00 00"
2025-08-09T00:05:42.250752,218.873,"can1  206  [16]  6D 61 14 1D A1 63 E8 1B 15 19 FB 68 98 5E 00 00
  can1  206  [16]  A3 60 5C 1C AF 62 8E 1C D6 18 B9 67 13 5C 00 00"
2025-08-09T00:05:42.263325,218.886,"can1  206  [16]  0E 62 2B 1C 95 61 68 1C 94 18 F2 63 9A 5B 00 00
  can1  206  [16]  1A 64 56 1C 89 5F F4 1B C8 18 A1 63 05 5D 00 00"
2025-08-09T00:05:42.471637,219.094,"can1  206  [16]  00 63 E0 1C CC 60 B3 1B 28 19 D5 65 61 5F 00 00
  can1  206  [16]  0E 62 2E 1D C9 63 A7 1B 2D 19 68 67 61 5F 00 00"
2025-08-09T00:05:42.473649,219.096,"can1  206  [16]  45 61 E7 1C C9 63 EE 1B 19 19 4C 69 47 5E 00 00
  can1  206  [16]  6D 61 37 1C 36 62 8E 1C BF 18 B9 67 EB 5B 00 00"
2025-08-09T00:05:42.696984,219.320,"can1  206  [16]  D8 62 19 1C 6D 61 56 1C 99 18 42 64 9A 5B 00 00
  can1  206  [16]  FD 65 5C 1C B2 5F D7 1B BF 18 42 64 05 5D 00 00"
2025-08-09T00:05:42.696984,219.320,"can1  206  [16]  1A 64 00 1D F4 60 B9 1B 2D 19 76 66 89 5F 00 00
  can1  206  [16]  BD 61 28 1D F2 63 B9 1B 23 19 90 67 39 5F 00 00"
2025-08-09T00:05:42.918282,219.541,"can1  206  [16]  36 62 00 1D 6A 64 AD 1B 19 19 B9 67 39 5F 00 00
  can1  206  [16]  E6 61 FA 1C 6A 64 B3 1B 19 19 82 68 10 5F 00 00"
2025-08-09T00:05:42.918282,219.541,"can1  206  [16]  95 61 B3 1C 79 63 37 1C 06 19 FB 68 CE 5D 00 00
  can1  206  [16]  AF 62 75 1C 50 63 62 1C EE 18 D3 68 7E 5D 00 00"
2025-08-09T00:05:43.140767,219.763,"can1  206  [16]  36 62 62 1C 00 63 62 1C E0 18 AA 68 7E 5D 00 00
  can1  206  [16]  36 62 50 1C 28 63 6E 1C D6 18 AA 68 DC 5C 00 00"
2025-08-09T00:05:43.140767,219.763,"can1  206  [16]  79 63 43 1C 00 63 81 1C CD 18 09 68 DC 5C 00 00
  can1  206  [16]  50 63 37 1C AF 62 8E 1C B0 18 E1 67 8C 5C 00 00"
2025-08-09T00:05:43.140767,219.763,"can1  206  [16]  5F 62 25 1C E6 61 87 1C AC 18 31 68 8C 5C 00 00
  can1  206  [16]  0E 62 19 1C BD 61 62 1C C8 18 E1 67 3B 5C 00 00"
2025-08-09T00:05:43.366340,219.989,"can1  206  [16]  36 62 1F 1C 45 61 56 1C B0 18 42 64 B4 5C 00 00
  can1  206  [16]  F2 63 5C 1C 89 5F D1 1B C8 18 6A 64 1F 5E 00 00"
2025-08-09T00:05:43.366340,219.989,can1  206  [16]  00 63 07 1D 1C 61 B9 1B 28 19 17 67 02 60 00 00
2025-08-09T00:05:43.586492,220.209,"can1  206  [16]  CC 60 FA 1C A1 63 FA 1B 0B 19 9C 69 98 5E 00 00
  can1  206  [16]  45 61 3D 1C 36 62 8E 1C BA 18 09 68 B4 5C 00 00"
2025-08-09T00:05:43.586492,220.209,"can1  206  [16]  D8 62 25 1C 45 61 49 1C 94 18 6A 64 8C 5C 00 00
  can1  206  [16]  C7 66 6E 1C DA 5F C5 1B BA 18 42 64 6F 5E 00 00"
2025-08-09T00:05:43.804947,220.428,"can1  206  [16]  D5 65 14 1D CC 60 A7 1B 2D 19 C7 66 2B 60 00 00
  can1  206  [16]  E6 61 1A 1D C9 63 AD 1B 2D 19 B9 67 02 60 00 00"
2025-08-09T00:05:43.809153,220.432,"can1  206  [16]  D8 62 00 1D 42 64 AD 1B 15 19 82 68 02 60 00 00
  can1  206  [16]  6D 61 D3 1C AF 62 0C 1C 01 19 FB 68 61 5F 00 00"
2025-08-09T00:05:44.025306,220.648,"can1  206  [16]  95 61 31 1C 6D 61 62 1C BA 18 1A 64 DC 5C 00 00
  can1  206  [16]  D5 65 62 1C 7B 60 E8 1B CD 18 1A 64 55 5D 00 00"
2025-08-09T00:05:44.025306,220.648,"can1  206  [16]  BB 64 DA 1C 6D 61 A2 1B 40 19 0C 65 02 60 00 00
  can1  206  [16]  87 62 21 1D 6A 64 A7 1B 4A 19 76 66 2B 60 00 00"
2025-08-09T00:05:44.231513,220.854,"can1  206  [16]  00 63 07 1D E3 64 A2 1B 2D 19 40 67 2B 60 00 00
  can1  206  [16]  6D 61 E7 1C 93 64 E3 1B 06 19 AA 68 39 5F 00 00"
2025-08-09T00:05:44.235548,220.858,"can1  206  [16]  45 61 31 1C 28 63 75 1C C3 18 09 68 8C 5C 00 00
  can1  206  [16]  28 63 25 1C E6 61 62 1C A2 18 E1 67 13 5C 00 00"
2025-08-09T00:05:44.457529,221.080,"can1  206  [16]  D8 62 1F 1C 0E 62 50 1C 94 18 B9 67 13 5C 00 00
  can1  206  [16]  00 63 19 1C 95 61 3D 1C A2 18 42 64 7E 5D 00 00"
2025-08-09T00:05:44.457529,221.080,can1  206  [16]  42 64 5C 1C F4 60 C5 1B DB 18 BB 64 61 5F 00 00
2025-08-09T00:05:44.457529,221.080,"can1  206  [16]  C9 63 1A 1D 5F 62 B3 1B F3 18 D5 65 02 60 00 00
  can1  206  [16]  A1 63 14 1D 28 63 BF 1B E9 18 BB 64 53 60 00 00
  can1  206  [16]  79 63 21 1D C9 63 B3 1B F8 18 D5 65 7B 60 00 00"
2025-08-09T00:05:44.674039,221.297,can1  206  [16]  AF 62 28 1D F2 63 AD 1B 06 19 FD 65 CC 60 00 00
2025-08-09T00:05:44.676053,221.299,"can1  206  [16]  28 63 1A 1D 42 64 B3 1B 0B 19 76 66 2B 60 00 00
  can1  206  [16]  00 63 14 1D 93 64 BF 1B 19 19 17 67 B2 5F 00 00
  can1  206  [16]  AF 62 1A 1D E3 64 CB 1B 15 19 B9 67 B2 5F 00 00"
2025-08-09T00:05:44.897433,221.520,"can1  206  [16]  36 62 07 1D D5 65 D7 1B 15 19 5A 68 B2 5F 00 00
  can1  206  [16]  5F 62 F3 1C FD 65 D1 1B 15 19 90 67 B2 5F 00 00"
2025-08-09T00:05:44.897433,221.520,can1  206  [16]  5F 62 FA 1C 26 66 D1 1B 06 19 82 68 89 5F 00 00
2025-08-09T00:05:45.122447,221.745,"can1  206  [16]  0E 62 ED 1C FD 65 D7 1B 06 19 23 69 61 5F 00 00
  can1  206  [16]  6D 61 A7 1C 42 64 56 1C F3 18 09 68 CE 5D 00 00"
2025-08-09T00:05:45.122447,221.745,"can1  206  [16]  BD 61 62 1C 1A 64 81 1C E0 18 31 68 05 5D 00 00
  can1  206  [16]  95 61 2B 1C 45 61 7B 1C A7 18 28 63 64 5C 00 00"
2025-08-09T00:05:45.342792,221.965,"can1  206  [16]  26 66 50 1C 1C 61 E8 1B C3 18 1A 64 CE 5D 00 00
  can1  206  [16]  00 63 07 1D 36 62 B9 1B E0 18 6A 64 E8 5E 00 00"
2025-08-09T00:05:45.342792,221.965,"can1  206  [16]  E3 64 07 1D 00 63 AD 1B E9 18 93 64 89 5F 00 00
  can1  206  [16]  E3 64 07 1D 00 63 A7 1B F8 18 BB 64 02 60 00 00"
2025-08-09T00:05:45.543993,222.167,"can1  206  [16]  F2 63 1A 1D 5F 62 AD 1B 01 19 6A 64 2B 60 00 00
  can1  206  [16]  1A 64 1A 1D AF 62 AD 1B 0B 19 FD 65 53 60 00 00"
2025-08-09T00:05:45.543993,222.167,"can1  206  [16]  D8 62 1A 1D D8 62 BF 1B 10 19 4E 66 53 60 00 00
  can1  206  [16]  D8 62 1A 1D 28 63 D7 1B 3C 19 4E 66 2B 60 00 00"
2025-08-09T00:05:45.766016,222.389,"can1  206  [16]  E6 61 0D 1D F2 63 DD 1B 40 19 C7 66 2B 60 00 00
  can1  206  [16]  36 62 00 1D 6A 64 CB 1B 2D 19 68 67 2B 60 00 00"
2025-08-09T00:05:45.768024,222.391,"can1  206  [16]  36 62 07 1D 6A 64 C5 1B 23 19 09 68 2B 60 00 00
  can1  206  [16]  6D 61 E0 1C A1 63 2B 1C 06 19 D3 68 C0 5E 00 00"
2025-08-09T00:05:45.770033,222.393,"can1  206  [16]  5F 62 94 1C 79 63 62 1C FD 18 D3 68 6F 5E 00 00
  can1  206  [16]  00 63 81 1C 50 63 62 1C EE 18 AA 68 47 5E 00 00"
2025-08-09T00:05:45.987843,222.610,"can1  206  [16]  AF 62 6E 1C 28 63 68 1C E0 18 D3 68 1F 5E 00 00
  can1  206  [16]  87 62 5C 1C 28 63 81 1C D6 18 AA 68 A6 5D 00 00"
2025-08-09T00:05:45.987843,222.610,"can1  206  [16]  D8 62 43 1C 28 63 87 1C C8 18 82 68 2D 5D 00 00
  can1  206  [16]  D8 62 3D 1C 00 63 81 1C AC 18 AA 68 DC 5C 00 00"
2025-08-09T00:05:46.211014,222.834,"can1  206  [16]  D8 62 2B 1C 87 62 7B 1C B0 18 31 68 8C 5C 00 00
  can1  206  [16]  50 63 1F 1C 0E 62 94 1C 99 18 31 68 3B 5C 00 00"
2025-08-09T00:05:46.211014,222.834,"can1  206  [16]  79 63 0C 1C 6D 61 81 1C 94 18 1A 64 8C 5C 00 00
  can1  206  [16]  26 66 5C 1C 89 5F 00 1C D2 18 6A 64 F6 5D 00 00"
2025-08-09T00:05:46.434760,223.057,"can1  206  [16]  BB 64 FA 1C 53 60 E3 1B 2D 19 17 67 02 60 00 00
  can1  206  [16]  5F 62 1A 1D A1 63 DD 1B 2D 19 E1 67 89 5F 00 00"
2025-08-09T00:05:46.452578,223.075,"can1  206  [16]  36 62 FA 1C F2 63 DD 1B 1E 19 5A 68 61 5F 00 00
  can1  206  [16]  BD 61 ED 1C 42 64 D7 1B 40 19 AA 68 61 5F 00 00"
2025-08-09T00:05:46.638182,223.261,"can1  206  [16]  E6 61 E7 1C 6A 64 D7 1B 28 19 FB 68 10 5F 00 00
  can1  206  [16]  E6 61 DA 1C F2 63 D7 1B 15 19 4C 69 10 5F 00 00"
2025-08-09T00:05:46.640199,223.263,"can1  206  [16]  0E 62 ED 1C F2 63 E3 1B 10 19 4C 69 6F 5E 00 00
  can1  206  [16]  0E 62 DA 1C 1A 64 00 1C 10 19 C4 69 C0 5E 00 00"
2025-08-09T00:05:46.860589,223.483,"can1  206  [16]  5F 62 CD 1C C9 63 19 1C 06 19 9C 69 C0 5E 00 00
  can1  206  [16]  87 62 BA 1C F2 63 2B 1C 06 19 74 69 C0 5E 00 00"
2025-08-09T00:05:46.860589,223.483,"can1  206  [16]  AF 62 B3 1C 1A 64 3D 1C FD 18 4C 69 10 5F 00 00
  can1  206  [16]  00 63 9A 1C F2 63 56 1C F8 18 74 69 98 5E 00 00"
2025-08-09T00:05:46.860589,223.483,"can1  206  [16]  5F 62 87 1C A1 63 68 1C F3 18 23 69 47 5E 00 00
  can1  206  [16]  0E 62 68 1C 50 63 75 1C E5 18 4C 69 CE 5D 00 00"
2025-08-09T00:05:47.084613,223.707,"can1  206  [16]  0E 62 56 1C 28 63 87 1C DB 18 AA 68 A6 5D 00 00
  can1  206  [16]  0E 62 50 1C 50 63 87 1C CD 18 D3 68 2D 5D 00 00"
2025-08-09T00:05:47.084613,223.707,"can1  206  [16]  36 62 3D 1C 28 63 9A 1C C8 18 AA 68 05 5D 00 00
  can1  206  [16]  D8 62 2B 1C AF 62 9A 1C BA 18 5A 68 B4 5C 00 00"
2025-08-09T00:05:47.303461,223.926,"can1  206  [16]  E6 61 1F 1C 5F 62 94 1C B0 18 5A 68 8C 5C 00 00
  can1  206  [16]  5F 62 1F 1C E6 61 94 1C A7 18 90 67 64 5C 00 00"
2025-08-09T00:05:47.303461,223.926,"can1  206  [16]  87 62 1F 1C 95 61 7B 1C 99 18 A1 63 B4 5C 00 00
  can1  206  [16]  E3 64 5C 1C 02 60 FA 1B BF 18 F2 63 F6 5D 00 00"
2025-08-09T00:05:47.525469,224.148,"can1  206  [16]  79 63 00 1D F4 60 E3 1B 28 19 EF 66 DA 5F 00 00
  can1  206  [16]  1C 61 14 1D 50 63 25 1C 10 19 9C 69 10 5F 00 00"
2025-08-09T00:05:47.529488,224.152,"can1  206  [16]  F4 60 50 1C 36 62 C0 1C C3 18 5A 68 64 5C 00 00
  can1  206  [16]  D8 62 2B 1C 45 61 87 1C 99 18 6A 64 EB 5B 00 00"
2025-08-09T00:05:47.730640,224.353,can1  206  [16]  26 66 5C 1C DA 5F 06 1C DB 18 1A 64 A6 5D 00 00
2025-08-09T00:05:47.730640,224.353,"can1  206  [16]  93 64 07 1D F4 60 E3 1B 54 19 76 66 A3 60 00 00
  can1  206  [16]  5F 62 2E 1D 1A 64 E3 1B 32 19 E1 67 DA 5F 00 00"
2025-08-09T00:05:47.954479,224.577,"can1  206  [16]  BD 61 0D 1D 93 64 E3 1B 23 19 31 68 B2 5F 00 00
  can1  206  [16]  45 61 DA 1C A1 63 3D 1C 01 19 FB 68 C0 5E 00 00"
2025-08-09T00:05:47.954479,224.577,"can1  206  [16]  F4 60 31 1C 95 61 87 1C 99 18 F2 63 13 5C 00 00
  can1  206  [16]  F2 63 56 1C 89 5F 06 1C B0 18 C9 63 2D 5D 00 00"
2025-08-09T00:05:48.177291,224.800,"can1  206  [16]  F2 63 E0 1C CC 60 B9 1B 28 19 0C 65 B2 5F 00 00
  can1  206  [16]  0E 62 3B 1D 79 63 BF 1B 28 19 17 67 02 60 00 00"
2025-08-09T00:05:48.177291,224.800,"can1  206  [16]  0E 62 14 1D C9 63 DD 1B 28 19 68 67 02 60 00 00
  can1  206  [16]  6D 61 F3 1C C9 63 25 1C 0B 19 23 69 E8 5E 00 00"
2025-08-09T00:05:48.177291,224.800,"can1  206  [16]  F4 60 43 1C 36 62 C7 1C C3 18 31 68 64 5C 00 00
  can1  206  [16]  00 63 2B 1C 6D 61 9A 1C 99 18 6A 64 13 5C 00 00
  can1  002  [04]  90 5F 01 00"
2025-08-09T00:05:48.398072,225.021,"can1  206  [16]  E3 64 56 1C 61 5F 19 1C BF 18 6A 64 1F 5E 00 00
  can1  206  [16]  C9 63 FA 1C F4 60 EE 1B 32 19 26 66 7B 60 00 00"
2025-08-09T00:05:48.400081,225.023,"can1  206  [16]  0E 62 1A 1D 79 63 FA 1B 2D 19 B9 67 2B 60 00 00
  can1  206  [16]  0E 62 00 1D 1A 64 FA 1B 1E 19 31 68 DA 5F 00 00"
2025-08-09T00:05:48.624558,225.247,"can1  206  [16]  0E 62 F3 1C 6A 64 00 1C 23 19 82 68 DA 5F 00 00
  can1  206  [16]  0E 62 E7 1C 42 64 06 1C 1E 19 D3 68 B2 5F 00 00"
2025-08-09T00:05:48.624558,225.247,"can1  206  [16]  0E 62 E0 1C 42 64 0C 1C 15 19 D3 68 89 5F 00 00
  can1  206  [16]  CC 60 8E 1C 28 63 9A 1C FD 18 82 68 47 5E 00 00"
2025-08-09T00:05:48.840135,225.463,"can1  206  [16]  BD 61 56 1C D8 62 AD 1C D6 18 5A 68 7E 5D 00 00
  can1  206  [16]  00 63 3D 1C AF 62 B3 1C C8 18 82 68 05 5D 00 00"
2025-08-09T00:05:48.842920,225.466,"can1  206  [16]  F2 63 25 1C 36 62 B3 1C B5 18 5A 68 B4 5C 00 00
  can1  206  [16]  D8 62 25 1C 0E 62 AD 1C B0 18 09 68 64 5C 00 00"
2025-08-09T00:05:49.061550,225.684,"can1  206  [16]  93 64 1F 1C 95 61 8E 1C 94 18 6A 64 13 5C 00 00
  can1  206  [16]  0C 65 62 1C 89 5F 25 1C B5 18 6A 64 CE 5D 00 00"
2025-08-09T00:05:49.066089,225.689,can1  206  [16]  A1 63 ED 1C F4 60 FA 1B 28 19 4E 66 2B 60 00 00
2025-08-09T00:05:49.066089,225.689,"can1  206  [16]  BD 61 21 1D C9 63 FA 1B 28 19 68 67 61 5F 00 00
  can1  206  [16]  6D 61 E0 1C A1 63 43 1C 0B 19 23 69 89 5F 00 00"
2025-08-09T00:05:49.283079,225.906,"can1  206  [16]  36 62 9A 1C 79 63 56 1C 19 19 D3 68 C0 5E 00 00
  can1  206  [16]  5F 62 8E 1C 79 63 50 1C 1E 19 D3 68 98 5E 00 00"
2025-08-09T00:05:49.288095,225.911,"can1  206  [16]  00 63 75 1C 79 63 62 1C F8 18 AA 68 47 5E 00 00
  can1  206  [16]  0E 62 68 1C 28 63 5C 1C E5 18 5A 68 F6 5D 00 00
  can1  206  [16]  AF 62 49 1C D8 62 62 1C CD 18 09 68 A6 5D 00 00"
2025-08-09T00:05:49.502953,226.126,can1  206  [16]  00 63 43 1C D8 62 6E 1C C3 18 31 68 2D 5D 00 00
2025-08-09T00:05:49.510131,226.133,"can1  206  [16]  E6 61 3D 1C D8 62 75 1C B5 18 5A 68 05 5D 00 00
  can1  206  [16]  BD 61 1F 1C 36 62 7B 1C B0 18 31 68 DC 5C 00 00"
2025-08-09T00:05:49.727915,226.350,"can1  206  [16]  36 62 13 1C 95 61 6E 1C 94 18 BB 64 8C 5C 00 00
  can1  001  [05]  90 5F 01 00 80
  can1  206  [16]  26 66 50 1C 61 5F 00 1C AC 18 1A 64 CE 5D 00 00"
2025-08-09T00:05:49.727915,226.350,"can1  206  [16]  A1 63 E7 1C A3 60 D1 1B 15 19 4E 66 53 60 00 00
  can1  206  [16]  6D 61 07 1D A1 63 06 1C 01 19 4C 69 61 5F 00 00"
2025-08-09T00:05:49.944958,226.568,"can1  206  [16]  A3 60 49 1C AF 62 8E 1C BF 18 5A 68 05 5D 00 00
  can1  206  [16]  BD 61 1F 1C BD 61 81 1C 94 18 09 68 64 5C 00 00"
2025-08-09T00:05:49.955044,226.578,"can1  206  [16]  5F 62 25 1C 6D 61 62 1C 86 18 1A 64 8C 5C 00 00
  can1  206  [16]  0C 65 62 1C 89 5F E3 1B A7 18 C9 63 47 5E 00 00"
2025-08-09T00:05:50.165588,226.788,"can1  206  [16]  6A 64 0D 1D CC 60 B9 1B 23 19 4E 66 53 60 00 00
  can1  206  [16]  36 62 28 1D F2 63 B9 1B 1E 19 68 67 02 60 00 00"
2025-08-09T00:05:50.165588,226.788,"can1  206  [16]  BD 61 0D 1D 1A 64 B9 1B 19 19 E1 67 A3 60 00 00
  can1  206  [16]  6D 61 E0 1C 28 63 1F 1C 01 19 AA 68 39 5F 00 00"
2025-08-09T00:05:50.167597,226.790,"can1  206  [16]  1C 61 31 1C 45 61 75 1C 90 18 F2 63 8C 5C 00 00
  can1  206  [16]  F2 63 5C 1C 39 5F FA 1B AC 18 C9 63 A6 5D 00 00"
2025-08-09T00:05:50.387277,227.010,"can1  206  [16]  79 63 DA 1C 7B 60 A7 1B 15 19 D5 65 2B 60 00 00
  can1  206  [16]  BD 61 3B 1D 50 63 AD 1B 1E 19 17 67 2B 60 00 00"
2025-08-09T00:05:50.387277,227.010,can1  206  [16]  E6 61 14 1D C9 63 AD 1B 1E 19 09 68 2B 60 00 00
2025-08-09T00:05:50.593481,227.216,"can1  206  [16]  6D 61 00 1D 50 63 E8 1B 06 19 9C 69 61 5F 00 00
  can1  206  [16]  45 61 49 1C E6 61 87 1C BF 18 31 68 64 5C 00 00"
2025-08-09T00:05:50.599747,227.222,"can1  206  [16]  0E 62 25 1C F4 60 5C 1C 94 18 6A 64 C2 5B 00 00
  can1  206  [16]  E3 64 62 1C 61 5F D7 1B B0 18 6A 64 55 5D 00 00"
2025-08-09T00:05:50.816627,227.439,"can1  206  [16]  93 64 00 1D CC 60 B9 1B 28 19 C7 66 B2 5F 00 00
  can1  206  [16]  0E 62 2E 1D 79 63 BF 1B 28 19 09 68 39 5F 00 00"
2025-08-09T00:05:50.816627,227.439,"can1  206  [16]  0E 62 0D 1D 1A 64 B9 1B 28 19 82 68 DA 5F 00 00
  can1  206  [16]  0E 62 00 1D 1A 64 B9 1B 19 19 D3 68 DA 5F 00 00"
2025-08-09T00:05:51.038719,227.661,"can1  206  [16]  36 62 F3 1C 1A 64 D1 1B 19 19 23 69 B2 5F 00 00
  can1  206  [16]  BD 61 F3 1C 1A 64 B9 1B 15 19 4C 69 B2 5F 00 00"
2025-08-09T00:05:51.042742,227.665,"can1  206  [16]  45 61 9A 1C D8 62 49 1C F8 18 AA 68 47 5E 00 00
  can1  206  [16]  36 62 5C 1C D8 62 6E 1C CD 18 82 68 55 5D 00 00"
2025-08-09T00:05:51.251765,227.874,"can1  206  [16]  36 62 49 1C 5F 62 6E 1C C8 18 AA 68 05 5D 00 00
  can1  206  [16]  5F 62 2B 1C 5F 62 75 1C B5 18 82 68 DC 5C 00 00"
2025-08-09T00:05:51.260661,227.883,"can1  206  [16]  D8 62 2B 1C 0E 62 75 1C A7 18 5A 68 64 5C 00 00
  can1  206  [16]  00 63 25 1C 6D 61 56 1C 94 18 F2 63 8C 5C 00 00"
2025-08-09T00:05:51.470885,228.093,"can1  206  [16]  D5 65 5C 1C 89 5F E3 1B B0 18 C9 63 CE 5D 00 00
  can1  206  [16]  1A 64 F3 1C 7B 60 AD 1B 1E 19 0C 65 2B 60 00 00"
2025-08-09T00:05:51.470885,228.093,"can1  206  [16]  6D 61 14 1D 79 63 F4 1B 0B 19 D3 68 39 5F 00 00
  can1  206  [16]  CC 60 49 1C 36 62 9A 1C C8 18 B9 67 B4 5C 00 00"
2025-08-09T00:05:51.470885,228.093,"can1  206  [16]  E6 61 1F 1C 45 61 6E 1C 99 18 F2 63 8C 5C 00 00
  can1  206  [16]  6A 64 5C 1C B2 5F FA 1B B5 18 79 63 7E 5D 00 00"
2025-08-09T00:05:51.689170,228.312,"can1  206  [16]  A1 63 FA 1C A3 60 BF 1B 2D 19 0C 65 2B 60 00 00
  can1  206  [16]  45 61 0D 1D A1 63 F4 1B 19 19 D3 68 61 5F 00 00"
2025-08-09T00:05:51.691181,228.314,"can1  206  [16]  1C 61 56 1C 36 62 94 1C D6 18 E1 67 DC 5C 00 00
  can1  206  [16]  BD 61 2B 1C 6D 61 6E 1C 94 18 93 64 64 5C 00 00"
2025-08-09T00:05:51.904157,228.527,can1  206  [16]  6A 64 62 1C 61 5F FA 1B BF 18 1A 64 7E 5D 00 00
2025-08-09T00:05:51.905157,228.528,"can1  206  [16]  C9 63 F3 1C A3 60 CB 1B 2D 19 26 66 2B 60 00 00
  can1  206  [16]  BD 61 21 1D 79 63 C5 1B 28 19 B9 67 2B 60 00 00"
2025-08-09T00:05:52.134254,228.757,"can1  206  [16]  95 61 FA 1C C9 63 0C 1C 10 19 23 69 39 5F 00 00
  can1  206  [16]  6D 61 43 1C 0E 62 A0 1C B5 18 09 68 8C 5C 00 00"
2025-08-09T00:05:52.138275,228.761,"can1  206  [16]  0E 62 2B 1C 6D 61 6E 1C 94 18 1A 64 8C 5C 00 00
  can1  206  [16]  6A 64 6E 1C B2 5F E3 1B BA 18 C9 63 F6 5D 00 00"
2025-08-09T00:05:52.356313,228.979,"can1  206  [16]  42 64 07 1D A3 60 E3 1B 2D 19 4E 66 2B 60 00 00
  can1  206  [16]  6D 61 1A 1D 79 63 1F 1C 10 19 4C 69 10 5F 00 00"
2025-08-09T00:05:52.356313,228.979,"can1  206  [16]  CC 60 50 1C 5F 62 BA 1C C3 18 E1 67 8C 5C 00 00
  can1  206  [16]  28 63 25 1C 45 61 87 1C 90 18 F2 63 13 5C 00 00"
2025-08-09T00:05:52.558503,229.181,can1  206  [16]  0C 65 62 1C 89 5F 06 1C B5 18 F2 63 7E 5D 00 00
2025-08-09T00:05:52.560521,229.183,"can1  206  [16]  D5 65 07 1D 53 60 E3 1B 23 19 76 66 53 60 00 00
  can1  206  [16]  28 63 28 1D 42 64 E8 1B 1E 19 B9 67 2B 60 00 00
  can1  206  [16]  D8 62 0D 1D 93 64 E3 1B 1E 19 31 68 02 60 00 00"
2025-08-09T00:05:52.779525,229.402,"can1  206  [16]  E6 61 FA 1C BB 64 D1 1B 19 19 AA 68 2B 60 00 00
  can1  206  [16]  6D 61 C7 1C C9 63 50 1C 06 19 23 69 89 5F 00 00"
2025-08-09T00:05:52.779525,229.402,"can1  206  [16]  0E 62 8E 1C A1 63 8E 1C EE 18 FB 68 6F 5E 00 00
  can1  206  [16]  87 62 7B 1C F2 63 94 1C DB 18 AA 68 CE 5D 00 00"
2025-08-09T00:05:52.779525,229.402,"can1  206  [16]  5F 62 5C 1C 1A 64 8E 1C CD 18 FB 68 55 5D 00 00
  can1  206  [16]  D8 62 49 1C A1 63 8E 1C BF 18 D3 68 2D 5D 00 00"
2025-08-09T00:05:52.998215,229.621,"can1  206  [16]  28 63 3D 1C AF 62 9A 1C B5 18 AA 68 05 5D 00 00
  can1  206  [16]  D8 62 25 1C 36 62 A0 1C A7 18 31 68 B4 5C 00 00"
2025-08-09T00:05:53.000227,229.623,"can1  206  [16]  00 63 25 1C E6 61 A7 1C A7 18 E1 67 8C 5C 00 00
  can1  206  [16]  F2 63 19 1C BD 61 94 1C 99 18 90 67 3B 5C 00 00"
2025-08-09T00:05:53.218004,229.841,"can1  206  [16]  A1 63 2B 1C 45 61 62 1C 99 18 C9 63 8C 5C 00 00
  can1  206  [16]  D5 65 6E 1C 7B 60 CB 1B C8 18 93 64 6F 5E 00 00"
2025-08-09T00:05:53.218004,229.841,can1  206  [16]  6A 64 14 1D 95 61 D7 1B 28 19 C7 66 53 60 00 00
2025-08-09T00:05:53.435109,230.058,"can1  206  [16]  E6 61 1A 1D 1A 64 CB 1B 23 19 82 68 02 60 00 00
  can1  206  [16]  0E 62 FA 1C BB 64 C5 1B 10 19 D3 68 DA 5F 00 00
  can1  206  [16]  36 62 FA 1C 6A 64 C5 1B 10 19 4C 69 DA 5F 00 00"
2025-08-09T00:05:53.436110,230.059,"can1  206  [16]  BD 61 F3 1C 93 64 D7 1B 0B 19 74 69 B2 5F 00 00
  can1  206  [16]  5F 62 F3 1C 93 64 DD 1B 01 19 9C 69 61 5F 00 00"
2025-08-09T00:05:53.658021,230.281,"can1  206  [16]  00 63 F3 1C 42 64 DD 1B 06 19 9C 69 39 5F 00 00
  can1  206  [16]  00 63 E7 1C 42 64 EE 1B 01 19 4C 69 10 5F 00 00"
2025-08-09T00:05:53.658021,230.281,can1  206  [16]  AF 62 DA 1C 42 64 06 1C FD 18 74 69 10 5F 00 00
2025-08-09T00:05:53.883992,230.507,"can1  206  [16]  36 62 C0 1C F2 63 19 1C 0B 19 74 69 10 5F 00 00
  can1  206  [16]  87 62 A7 1C 1A 64 2B 1C 19 19 23 69 C0 5E 00 00"
2025-08-09T00:05:53.883992,230.507,"can1  206  [16]  0E 62 A0 1C F2 63 3D 1C FD 18 23 69 E8 5E 00 00
  can1  206  [16]  28 63 7B 1C 79 63 50 1C EE 18 FB 68 47 5E 00 00"
2025-08-09T00:05:53.883992,230.507,"can1  206  [16]  AF 62 68 1C 28 63 5C 1C E5 18 D3 68 CE 5D 00 00
  can1  206  [16]  F2 63 50 1C 00 63 68 1C F3 18 AA 68 F6 5D 00 00"
2025-08-09T00:05:54.107859,230.730,"can1  206  [16]  50 63 3D 1C D8 62 75 1C EE 18 82 68 55 5D 00 00
  can1  206  [16]  D8 62 31 1C 36 62 7B 1C E0 18 31 68 DC 5C 00 00"
2025-08-09T00:05:54.116038,230.739,"can1  206  [16]  1A 64 25 1C E6 61 7B 1C D6 18 09 68 B4 5C 00 00
  can1  206  [16]  BB 64 25 1C BD 61 68 1C A7 18 90 67 8C 5C 00 00"
2025-08-09T00:05:54.331248,230.954,"can1  206  [16]  6A 64 25 1C 45 61 5C 1C 99 18 79 63 DC 5C 00 00
  can1  206  [16]  9F 66 75 1C 02 60 DD 1B CD 18 F2 63 6F 5E 00 00"
2025-08-09T00:05:54.340844,230.963,"can1  206  [16]  1A 64 14 1D F4 60 C5 1B 37 19 4E 66 2B 60 00 00
  can1  206  [16]  BD 61 28 1D F2 63 BF 1B 28 19 EF 66 2B 60 00 00"
2025-08-09T00:05:54.549051,231.172,can1  206  [16]  BD 61 00 1D 1A 64 C5 1B 19 19 90 67 2B 60 00 00
2025-08-09T00:05:54.768709,231.391,"can1  206  [16]  0E 62 00 1D 6A 64 CB 1B 1E 19 90 67 61 5F 00 00
  can1  206  [16]  36 62 FA 1C 6A 64 C5 1B 19 19 E1 67 B2 5F 00 00
  can1  206  [16]  D8 62 F3 1C 42 64 C5 1B 0B 19 5A 68 B2 5F 00 00
  can1  206  [16]  00 63 F3 1C 1A 64 BF 1B 06 19 82 68 B2 5F 00 00
  can1  206  [16]  E6 61 E7 1C A1 63 DD 1B F8 18 AA 68 89 5F 00 00"
2025-08-09T00:05:54.770723,231.393,"can1  206  [16]  5F 62 ED 1C 28 63 EE 1B 01 19 82 68 89 5F 00 00
  can1  206  [16]  5F 62 D3 1C 50 63 0C 1C FD 18 FB 68 10 5F 00 00"
2025-08-09T00:05:54.992235,231.615,"can1  206  [16]  5F 62 C0 1C 28 63 25 1C F8 18 FB 68 39 5F 00 00
  can1  206  [16]  E6 61 A7 1C A1 63 31 1C FD 18 D3 68 E8 5E 00 00"
2025-08-09T00:05:54.992235,231.615,"can1  206  [16]  6D 61 2B 1C 6D 61 75 1C A2 18 F2 63 8C 5C 00 00
  can1  206  [16]  93 64 56 1C 61 5F FA 1B BA 18 C9 63 7E 5D 00 00"
2025-08-09T00:05:54.996265,231.619,"can1  206  [16]  A1 63 E0 1C 7B 60 B9 1B 1E 19 E3 64 2B 60 00 00
  can1  206  [16]  95 61 28 1D 79 63 DD 1B 19 19 D3 68 61 5F 00 00"
2025-08-09T00:05:55.212203,231.835,"can1  206  [16]  7B 60 75 1C D8 62 87 1C DB 18 31 68 DC 5C 00 00
  can1  206  [16]  BD 61 43 1C 0E 62 7B 1C B0 18 09 68 B4 5C 00 00"
2025-08-09T00:05:55.215072,231.838,"can1  206  [16]  5F 62 37 1C BD 61 6E 1C A2 18 90 67 13 5C 00 00
  can1  206  [16]  28 63 25 1C 45 61 50 1C 90 18 28 63 3B 5C 00 00"
2025-08-09T00:05:55.418679,232.041,can1  206  [16]  FD 65 68 1C B2 5F D1 1B A7 18 1A 64 A6 5D 00 00
2025-08-09T00:05:55.418679,232.041,"can1  206  [16]  93 64 00 1D CC 60 B3 1B 1E 19 76 66 2B 60 00 00
  can1  206  [16]  BD 61 2E 1D F2 63 C5 1B 1E 19 B9 67 02 60 00 00
  can1  206  [16]  E6 61 14 1D F2 63 BF 1B 1E 19 31 68 2B 60 00 00"
2025-08-09T00:05:55.640923,232.264,"can1  206  [16]  E6 61 FA 1C C9 63 BF 1B 19 19 AA 68 B2 5F 00 00
  can1  206  [16]  6D 61 C0 1C 00 63 31 1C 06 19 FB 68 C0 5E 00 00"
2025-08-09T00:05:55.645923,232.269,can1  206  [16]  0E 62 87 1C 00 63 62 1C F3 18 AA 68 55 5D 00 00
2025-08-09T00:05:55.859994,232.483,"can1  206  [16]  6D 61 2B 1C 7B 60 7B 1C 99 18 AF 62 13 5C 00 00
  can1  206  [16]  1A 64 56 1C 10 5F 06 1C B5 18 50 63 2D 5D 00 00"
2025-08-09T00:05:55.864018,232.487,"can1  206  [16]  79 63 07 1D 53 60 E8 1B 28 19 34 65 DA 5F 00 00
  can1  206  [16]  6D 61 14 1D 50 63 25 1C 15 19 31 68 F6 5D 00 00"
2025-08-09T00:05:56.077492,232.700,"can1  206  [16]  45 61 50 1C 0E 62 C0 1C C3 18 90 67 9A 5B 00 00
  can1  206  [16]  0E 62 2B 1C 1C 61 75 1C 94 18 1A 64 49 5B 00 00"
2025-08-09T00:05:56.077492,232.700,"can1  206  [16]  E3 64 5C 1C 61 5F 00 1C B5 18 1A 64 8C 5C 00 00
  can1  206  [16]  F2 63 F3 1C 53 60 BF 1B 23 19 26 66 10 5F 00 00"
2025-08-09T00:05:56.301152,232.924,"can1  206  [16]  95 61 0D 1D 79 63 FA 1B 10 19 AA 68 1F 5E 00 00
  can1  206  [16]  6D 61 49 1C 5F 62 9A 1C C8 18 09 68 72 5B 00 00"
2025-08-09T00:05:56.301152,232.924,"can1  206  [16]  36 62 25 1C 45 61 6E 1C B0 18 1A 64 9A 5B 00 00
  can1  206  [16]  6A 64 56 1C 61 5F E8 1B DB 18 6A 64 DC 5C 00 00"
2025-08-09T00:05:56.301152,232.924,"can1  206  [16]  A1 63 FA 1C 53 60 C5 1B 32 19 76 66 89 5F 00 00
  can1  206  [16]  BD 61 28 1D 79 63 BF 1B 1E 19 B9 67 E8 5E 00 00"
2025-08-09T00:05:56.525783,233.148,"can1  206  [16]  6D 61 F3 1C 79 63 06 1C 06 19 9C 69 47 5E 00 00
  can1  206  [16]  45 61 43 1C E6 61 B3 1C B5 18 5A 68 9A 5B 00 00"
2025-08-09T00:05:56.525783,233.148,"can1  206  [16]  36 62 1F 1C 1C 61 87 1C 90 18 42 64 72 5B 00 00
  can1  206  [16]  BB 64 62 1C 61 5F E3 1B BA 18 A1 63 55 5D 00 00"
2025-08-09T00:05:56.743406,233.366,can1  206  [16]  A1 63 00 1D 7B 60 CB 1B 23 19 26 66 61 5F 00 00
2025-08-09T00:05:56.743406,233.366,"can1  206  [16]  F4 60 14 1D 28 63 FA 1B 06 19 74 69 47 5E 00 00
  can1  206  [16]  E6 61 C0 1C 50 63 25 1C FD 18 23 69 47 5E 00 00"
2025-08-09T00:05:56.972191,233.595,"can1  206  [16]  45 61 3D 1C 95 61 75 1C 94 18 E3 64 72 5B 00 00
  can1  206  [16]  D5 65 50 1C 39 5F 0C 1C AC 18 C9 63 8C 5C 00 00"
2025-08-09T00:05:56.972191,233.595,"can1  206  [16]  C9 63 C0 1C 53 60 A7 1B 10 19 93 64 B2 5F 00 00
  can1  206  [16]  00 63 3B 1D D8 62 A7 1B 40 19 4E 66 B2 5F 00 00"
2025-08-09T00:05:57.197058,233.820,"can1  206  [16]  87 62 28 1D 79 63 A7 1B 40 19 68 67 61 5F 00 00
  can1  206  [16]  BD 61 1A 1D A1 63 A7 1B 2D 19 E1 67 89 5F 00 00"
2025-08-09T00:05:57.200052,233.823,"can1  206  [16]  0E 62 00 1D A1 63 A7 1B 1E 19 5A 68 10 5F 00 00
  can1  206  [16]  AF 62 FA 1C F2 63 A7 1B 19 19 D3 68 E8 5E 00 00"
2025-08-09T00:05:57.406259,234.029,"can1  206  [16]  BD 61 F3 1C C9 63 B9 1B 06 19 FB 68 E8 5E 00 00
  can1  206  [16]  5F 62 FA 1C 79 63 DD 1B FD 18 23 69 E8 5E 00 00"
2025-08-09T00:05:57.407259,234.030,"can1  206  [16]  45 61 A0 1C 0E 62 75 1C E5 18 31 68 CE 5D 00 00
  can1  206  [16]  AF 62 62 1C 0E 62 94 1C C3 18 5A 68 DC 5C 00 00"
2025-08-09T00:05:57.412261,234.035,"can1  206  [16]  28 63 50 1C E6 61 A7 1C B0 18 5A 68 DC 5C 00 00
  can1  206  [16]  AF 62 43 1C BD 61 8E 1C A7 18 5A 68 3B 5C 00 00"
2025-08-09T00:05:57.624315,234.247,"can1  206  [16]  AF 62 2B 1C 1C 61 68 1C 74 18 E3 64 21 5B 00 00
  can1  206  [16]  D5 65 49 1C 6F 5E 06 1C 99 18 A1 63 8C 5C 00 00"
2025-08-09T00:05:57.624315,234.247,"can1  206  [16]  BB 64 CD 1C B2 5F BF 1B 06 19 BB 64 39 5F 00 00
  can1  206  [16]  95 61 14 1D 28 63 E3 1B 23 19 82 68 C0 5E 00 00"
2025-08-09T00:05:57.842020,234.465,"can1  206  [16]  F4 60 62 1C 5F 62 8E 1C 01 19 90 67 8C 5C 00 00
  can1  206  [16]  36 62 2B 1C E6 61 87 1C DB 18 68 67 C2 5B 00 00"
2025-08-09T00:05:57.842020,234.465,"can1  206  [16]  E6 61 25 1C 45 61 75 1C A7 18 1A 64 49 5B 00 00
  can1  206  [16]  FD 65 56 1C 10 5F FA 1B D6 18 79 63 B4 5C 00 00"
2025-08-09T00:05:58.066244,234.689,can1  206  [16]  F2 63 ED 1C 2B 60 B9 1B 28 19 42 64 39 5F 00 00
2025-08-09T00:05:58.068784,234.691,"can1  206  [16]  6D 61 14 1D 28 63 E3 1B 15 19 09 68 C0 5E 00 00
  can1  206  [16]  7B 60 62 1C 36 62 87 1C D6 18 68 67 8C 5C 00 00"
2025-08-09T00:05:58.287079,234.910,"can1  206  [16]  45 61 50 1C E8 5E 37 1C B0 18 0E 62 64 5C 00 00
  can1  206  [16]  F2 63 7B 1C B2 5F 9C 1B F3 18 A1 63 98 5E 00 00"
2025-08-09T00:05:58.287079,234.910,"can1  206  [16]  79 63 3B 1D BD 61 90 1B 06 19 BB 64 61 5F 00 00
  can1  206  [16]  A1 63 21 1D 5F 62 96 1B 0B 19 FD 65 89 5F 00 00"
2025-08-09T00:05:58.507791,235.130,"can1  206  [16]  79 63 1A 1D 87 62 AD 1B 15 19 9F 66 89 5F 00 00
  can1  206  [16]  42 64 21 1D 50 63 AD 1B 1E 19 C7 66 B2 5F 00 00"
2025-08-09T00:05:58.507791,235.130,"can1  206  [16]  87 62 1A 1D 00 63 B3 1B 1E 19 40 67 89 5F 00 00
  can1  206  [16]  87 62 07 1D A1 63 BF 1B 1E 19 90 67 10 5F 00 00"
2025-08-09T00:05:58.509802,235.132,"can1  206  [16]  E6 61 07 1D 1A 64 CB 1B 19 19 09 68 B2 5F 00 00
  can1  206  [16]  E6 61 07 1D F2 63 D1 1B 15 19 82 68 02 60 00 00"
2025-08-09T00:05:58.727701,235.350,"can1  206  [16]  6D 61 DA 1C D8 62 50 1C 01 19 23 69 39 5F 00 00
  can1  206  [16]  6D 61 37 1C CC 60 BA 1C 94 18 F2 63 64 5C 00 00"
2025-08-09T00:05:58.727701,235.350,"can1  206  [16]  E3 64 5C 1C 39 5F 3D 1C A7 18 A1 63 55 5D 00 00
  can1  206  [16]  79 63 E7 1C 53 60 00 1C 19 19 FD 65 2B 60 00 00"
2025-08-09T00:05:58.935146,235.558,"can1  206  [16]  87 62 3B 1D 28 63 EE 1B 1E 19 40 67 2B 60 00 00
  can1  206  [16]  E6 61 21 1D A1 63 E3 1B 2D 19 E1 67 2B 60 00 00"
2025-08-09T00:05:58.935817,235.558,"can1  206  [16]  E6 61 0D 1D A1 63 E3 1B 1E 19 31 68 02 60 00 00
  can1  206  [16]  BD 61 00 1D C9 63 F4 1B 15 19 AA 68 2B 60 00 00"
2025-08-09T00:05:59.154690,235.777,"can1  206  [16]  95 61 CD 1C D8 62 68 1C 01 19 FB 68 10 5F 00 00
  can1  206  [16]  5F 62 9A 1C AF 62 87 1C F3 18 82 68 47 5E 00 00"
2025-08-09T00:05:59.160756,235.783,"can1  206  [16]  6D 61 37 1C 7B 60 94 1C 99 18 79 63 8C 5C 00 00
  can1  206  [16]  42 64 56 1C 39 5F 13 1C BA 18 C9 63 CE 5D 00 00"
2025-08-09T00:05:59.378692,236.001,"can1  206  [16]  42 64 FA 1C 2B 60 E8 1B 28 19 D5 65 B2 5F 00 00
  can1  206  [16]  6D 61 1A 1D 00 63 25 1C 10 19 AA 68 98 5E 00 00"
2025-08-09T00:05:59.393656,236.016,"can1  206  [16]  45 61 49 1C 0E 62 C7 1C C8 18 68 67 8C 5C 00 00
  can1  206  [16]  36 62 2B 1C 6D 61 A0 1C 90 18 C9 63 EB 5B 00 00"
2025-08-09T00:05:59.597983,236.221,can1  206  [16]  6A 64 56 1C 10 5F 25 1C AC 18 A1 63 05 5D 00 00
2025-08-09T00:05:59.602669,236.225,"can1  206  [16]  A1 63 E0 1C 2B 60 EE 1B 1E 19 D5 65 B2 5F 00 00
  can1  206  [16]  BD 61 21 1D 50 63 D7 1B 19 19 90 67 61 5F 00 00"
2025-08-09T00:05:59.821261,236.444,"can1  206  [16]  6D 61 00 1D 00 63 06 1C 06 19 FB 68 98 5E 00 00
  can1  206  [16]  1C 61 50 1C 45 61 A0 1C 8B 18 BB 64 EB 5B 00 00"
2025-08-09T00:05:59.821261,236.444,"can1  206  [16]  F2 63 49 1C 6F 5E 43 1C A7 18 79 63 B4 5C 00 00
  can1  206  [16]  C9 63 BA 1C 89 5F C5 1B 01 19 BB 64 89 5F 00 00"
2025-08-09T00:05:59.821261,236.444,"can1  206  [16]  AF 62 49 1D 0E 62 C5 1B 10 19 26 66 2B 60 00 00
  can1  206  [16]  A1 63 21 1D AF 62 BF 1B 10 19 C7 66 02 60 00 00"
2025-08-09T00:06:00.043215,236.666,"can1  206  [16]  F2 63 14 1D 00 63 C5 1B 15 19 17 67 2B 60 00 00
  can1  206  [16]  50 63 14 1D 50 63 DD 1B 19 19 B9 67 DA 5F 00 00"
2025-08-09T00:06:00.043215,236.666,"can1  206  [16]  28 63 07 1D A1 63 E8 1B 15 19 09 68 39 5F 00 00
  can1  206  [16]  87 62 00 1D A1 63 EE 1B 15 19 AA 68 C0 5E 00 00"
2025-08-09T00:06:00.246586,236.869,"can1  206  [16]  5F 62 00 1D 79 63 E3 1B 10 19 31 68 C0 5E 00 00
  can1  206  [16]  BD 61 F3 1C 79 63 E3 1B 06 19 23 69 10 5F 00 00"
2025-08-09T00:06:00.248593,236.871,"can1  206  [16]  95 61 A7 1C D8 62 56 1C 10 19 FB 68 7E 5D 00 00
  can1  206  [16]  5F 62 62 1C AF 62 6E 1C D6 18 AA 68 8C 5C 00 00"
2025-08-09T00:06:00.468846,237.091,"can1  206  [16]  79 63 49 1C 87 62 6E 1C C8 18 5A 68 64 5C 00 00
  can1  206  [16]  28 63 43 1C 0E 62 75 1C BF 18 82 68 13 5C 00 00"
2025-08-09T00:06:00.470859,237.093,"can1  206  [16]  50 63 31 1C 95 61 68 1C 8B 18 BB 64 49 5B 00 00
  can1  206  [16]  C7 66 56 1C 39 5F 06 1C B5 18 F2 63 8C 5C 00 00"
2025-08-09T00:06:00.690600,237.313,"can1  206  [16]  FD 65 D3 1C 02 60 AD 1B 19 19 FD 65 39 5F 00 00
  can1  206  [16]  87 62 35 1D AF 62 AD 1B 1E 19 17 67 39 5F 00 00"
2025-08-09T00:06:00.692610,237.315,"can1  206  [16]  AF 62 1A 1D 28 63 A7 1B 1E 19 B9 67 61 5F 00 00
  can1  206  [16]  5F 62 0D 1D C9 63 A7 1B 1E 19 E1 67 10 5F 00 00"
2025-08-09T00:06:00.920178,237.543,"can1  206  [16]  36 62 00 1D C9 63 B9 1B 19 19 82 68 61 5F 00 00
  can1  206  [16]  36 62 F3 1C C9 63 B9 1B 10 19 D3 68 C0 5E 00 00"
2025-08-09T00:06:00.920178,237.543,"can1  206  [16]  E6 61 F3 1C F2 63 BF 1B 15 19 D3 68 C0 5E 00 00
  can1  206  [16]  36 62 F3 1C F2 63 CB 1B 10 19 4C 69 C0 5E 00 00"
2025-08-09T00:06:00.920178,237.543,can1  206  [16]  45 61 8E 1C AF 62 62 1C F8 18 D3 68 7E 5D 00 00
2025-08-09T00:06:01.135242,237.758,"can1  206  [16]  BD 61 50 1C D8 62 87 1C CD 18 82 68 8C 5C 00 00
  can1  206  [16]  36 62 49 1C AF 62 8E 1C BF 18 82 68 3B 5C 00 00
  can1  206  [16]  5F 62 31 1C 0E 62 8E 1C B0 18 AA 68 13 5C 00 00"
2025-08-09T00:06:01.135242,237.758,"can1  206  [16]  36 62 25 1C 6D 61 75 1C 8B 18 E3 64 EB 5B 00 00
  can1  206  [16]  1A 64 56 1C 10 5F 13 1C B5 18 A1 63 F6 5D 00 00"
2025-08-09T00:06:01.355273,237.978,can1  206  [16]  79 63 E7 1C 2B 60 D7 1B 19 19 D5 65 02 60 00 00
2025-08-09T00:06:01.355273,237.978,"can1  206  [16]  45 61 1A 1D 50 63 00 1C 10 19 4C 69 C0 5E 00 00
  can1  206  [16]  A3 60 62 1C 36 62 9A 1C D2 18 31 68 2D 5D 00 00"
2025-08-09T00:06:01.560823,238.183,"can1  206  [16]  6D 61 50 1C 10 5F 56 1C A7 18 79 63 05 5D 00 00
  can1  206  [16]  C9 63 94 1C 7B 60 CB 1B E5 18 E3 64 10 5F 00 00"
2025-08-09T00:06:01.560823,238.183,"can1  206  [16]  00 63 49 1D 87 62 B9 1B FD 18 FD 65 B2 5F 00 00
  can1  206  [16]  AF 62 28 1D 50 63 B3 1B 06 19 26 66 02 60 00 00"
2025-08-09T00:06:01.783704,238.406,"can1  206  [16]  36 62 21 1D A1 63 AD 1B 0B 19 76 66 DA 5F 00 00
  can1  206  [16]  87 62 1A 1D C9 63 C5 1B 19 19 40 67 02 60 00 00"
2025-08-09T00:06:01.783704,238.406,"can1  206  [16]  E6 61 1A 1D 1A 64 BF 1B 19 19 B9 67 DA 5F 00 00
  can1  206  [16]  5F 62 0D 1D 93 64 C5 1B 19 19 E1 67 DA 5F 00 00"
2025-08-09T00:06:02.007603,238.630,"can1  206  [16]  6D 61 F3 1C 42 64 13 1C 01 19 74 69 98 5E 00 00
  can1  206  [16]  1C 61 49 1C D8 62 AD 1C D2 18 09 68 8C 5C 00 00"
2025-08-09T00:06:02.007603,238.630,"can1  206  [16]  79 63 25 1C BD 61 94 1C 99 18 09 68 B4 5C 00 00
  can1  206  [16]  00 63 2B 1C 6D 61 5C 1C 90 18 C9 63 DC 5C 00 00"
2025-08-09T00:06:02.230090,238.853,"can1  206  [16]  E3 64 6E 1C 7B 60 DD 1B DB 18 6A 64 47 5E 00 00
  can1  206  [16]  26 66 21 1D BD 61 B3 1B FD 18 0C 65 89 5F 00 00"
2025-08-09T00:06:02.236128,238.859,"can1  206  [16]  93 64 0D 1D 36 62 AD 1B 0B 19 D5 65 89 5F 00 00
  can1  206  [16]  C9 63 1A 1D 5F 62 AD 1B F3 18 FD 65 02 60 00 00"
2025-08-09T00:06:02.236128,238.859,"can1  206  [16]  50 63 28 1D D8 62 AD 1B FD 18 FD 65 2B 60 00 00
  can1  206  [16]  F2 63 28 1D 79 63 B9 1B 01 19 4E 66 7B 60 00 00"
2025-08-09T00:06:02.435445,239.058,can1  206  [16]  87 62 2E 1D C9 63 B3 1B 15 19 FD 65 7B 60 00 00
2025-08-09T00:06:02.436896,239.059,"can1  206  [16]  AF 62 21 1D 1A 64 B3 1B 10 19 4E 66 A3 60 00 00
  can1  206  [16]  BD 61 07 1D 93 64 B3 1B 15 19 90 67 53 60 00 00
  can1  206  [16]  95 61 F3 1C 42 64 FA 1B FD 18 4C 69 61 5F 00 00"
2025-08-09T00:06:02.655882,239.278,"can1  206  [16]  1C 61 49 1C 00 63 94 1C B5 18 E1 67 B4 5C 00 00
  can1  206  [16]  E6 61 25 1C 0E 62 8E 1C 90 18 90 67 8C 5C 00 00"
2025-08-09T00:06:02.655882,239.278,"can1  206  [16]  A1 63 2B 1C BD 61 81 1C 8B 18 68 67 64 5C 00 00
  can1  206  [16]  F2 63 3D 1C 95 61 68 1C 94 18 C9 63 05 5D 00 00"
2025-08-09T00:06:02.877926,239.501,"can1  206  [16]  BB 64 6E 1C 7B 60 DD 1B C3 18 93 64 C0 5E 00 00
  can1  206  [16]  50 63 28 1D BD 61 AD 1B E0 18 E3 64 89 5F 00 00"
2025-08-09T00:06:02.880117,239.503,"can1  206  [16]  42 64 14 1D AF 62 A2 1B E9 18 FD 65 02 60 00 00
  can1  206  [16]  93 64 1A 1D 00 63 B3 1B F3 18 FD 65 53 60 00 00"
2025-08-09T00:06:03.110115,239.733,"can1  206  [16]  C9 63 1A 1D 50 63 BF 1B 06 19 76 66 7B 60 00 00
  can1  206  [16]  C9 63 21 1D 79 63 C5 1B 10 19 C7 66 1C 61 00 00"
2025-08-09T00:06:03.110115,239.733,"can1  206  [16]  00 63 1A 1D F2 63 B9 1B 19 19 EF 66 CC 60 00 00
  can1  206  [16]  0E 62 1A 1D 6A 64 B3 1B 1E 19 68 67 DA 5F 00 00"
2025-08-09T00:06:03.318893,239.941,"can1  206  [16]  BD 61 14 1D BB 64 BF 1B 1E 19 B9 67 7B 60 00 00
  can1  206  [16]  6D 61 ED 1C 42 64 FA 1B 06 19 FB 68 61 5F 00 00"
2025-08-09T00:06:03.318893,239.941,can1  206  [16]  45 61 50 1C D8 62 9A 1C B5 18 31 68 DC 5C 00 00
2025-08-09T00:06:03.318893,239.941,"can1  206  [16]  AF 62 25 1C BD 61 6E 1C 90 18 B9 67 64 5C 00 00
  can1  206  [16]  28 63 25 1C BD 61 62 1C 8B 18 90 67 13 5C 00 00"
2025-08-09T00:06:03.543062,240.166,"can1  206  [16]  79 63 25 1C 6D 61 49 1C 99 18 1A 64 DC 5C 00 00
  can1  206  [16]  6A 64 68 1C CC 60 CB 1B CD 18 6A 64 10 5F 00 00"
2025-08-09T00:06:03.543062,240.166,"can1  206  [16]  6A 64 21 1D 5F 62 A2 1B E5 18 0C 65 DA 5F 00 00
  can1  206  [16]  BB 64 21 1D D8 62 A2 1B F3 18 E3 64 10 5F 00 00"
2025-08-09T00:06:03.747043,240.370,"can1  206  [16]  93 64 21 1D 28 63 A2 1B F3 18 D5 65 39 5F 00 00
  can1  206  [16]  1A 64 21 1D A1 63 A7 1B FD 18 4E 66 39 5F 00 00"
2025-08-09T00:06:03.747043,240.370,"can1  206  [16]  D8 62 21 1D F2 63 9C 1B 0B 19 C7 66 61 5F 00 00
  can1  206  [16]  D8 62 1A 1D 42 64 9C 1B 10 19 40 67 61 5F 00 00"
2025-08-09T00:06:03.970423,240.593,"can1  206  [16]  5F 62 21 1D 6A 64 A7 1B 10 19 B9 67 10 5F 00 00
  can1  206  [16]  D8 62 0D 1D 93 64 A7 1B 19 19 B9 67 E8 5E 00 00"
2025-08-09T00:06:03.971091,240.594,"can1  206  [16]  E6 61 07 1D D5 65 A7 1B 10 19 31 68 C0 5E 00 00
  can1  206  [16]  45 61 E0 1C 42 64 0C 1C F8 18 23 69 6F 5E 00 00"
2025-08-09T00:06:04.191272,240.814,"can1  206  [16]  6D 61 31 1C 5F 62 94 1C A2 18 E1 67 72 5B 00 00
  can1  206  [16]  28 63 2B 1C E6 61 75 1C 86 18 90 67 49 5B 00 00"
2025-08-09T00:06:04.192425,240.815,"can1  206  [16]  28 63 25 1C 6D 61 50 1C 94 18 C9 63 8C 5C 00 00
  can1  206  [16]  D5 65 75 1C CC 60 BF 1B C8 18 BB 64 C0 5E 00 00"
2025-08-09T00:06:04.423165,241.046,"can1  206  [16]  42 64 3B 1D 36 62 A2 1B E5 18 BB 64 89 5F 00 00
  can1  206  [16]  6A 64 1A 1D AF 62 96 1B EE 18 93 64 B2 5F 00 00"
2025-08-09T00:06:04.423165,241.046,"can1  206  [16]  F2 63 1A 1D 50 63 96 1B F8 18 26 66 02 60 00 00
  can1  206  [16]  79 63 21 1D C9 63 9C 1B 01 19 9F 66 02 60 00 00"
2025-08-09T00:06:04.639544,241.262,"can1  206  [16]  79 63 1A 1D C9 63 A7 1B 01 19 EF 66 53 60 00 00
  can1  206  [16]  36 62 1A 1D 1A 64 A2 1B 15 19 68 67 02 60 00 00"
2025-08-09T00:06:04.639544,241.262,"can1  206  [16]  BD 61 14 1D 93 64 B3 1B 19 19 E1 67 02 60 00 00
  can1  206  [16]  95 61 FA 1C 93 64 EE 1B FD 18 9C 69 E8 5E 00 00"
2025-08-09T00:06:04.639544,241.262,"can1  206  [16]  6D 61 43 1C 00 63 94 1C BF 18 AA 68 64 5C 00 00
  can1  206  [16]  00 63 1F 1C E6 61 7B 1C 94 18 31 68 13 5C 00 00"
2025-08-09T00:06:04.854487,241.477,"can1  206  [16]  1A 64 1F 1C 6D 61 56 1C 86 18 42 64 64 5C 00 00
  can1  206  [16]  17 67 5C 1C 53 60 D7 1B B5 18 93 64 CE 5D 00 00"
2025-08-09T00:06:04.854487,241.477,"can1  206  [16]  26 66 07 1D 6D 61 BF 1B 28 19 40 67 B2 5F 00 00
  can1  206  [16]  79 63 1A 1D 6A 64 BF 1B 32 19 82 68 89 5F 00 00"
2025-08-09T00:06:05.058236,241.681,"can1  206  [16]  A1 63 00 1D BB 64 DD 1B 37 19 FB 68 39 5F 00 00
  can1  206  [16]  28 63 FA 1C E3 64 E8 1B 10 19 23 69 89 5F 00 00"
2025-08-09T00:06:05.064015,241.687,"can1  206  [16]  1A 64 E0 1C E3 64 E3 1B 06 19 4C 69 89 5F 00 00
  can1  206  [16]  C9 63 E0 1C 0C 65 E8 1B 15 19 4C 69 89 5F 00 00"
2025-08-09T00:06:05.279487,241.902,"can1  206  [16]  0E 62 E0 1C E3 64 EE 1B 1E 19 9C 69 39 5F 00 00
  can1  206  [16]  0E 62 DA 1C BB 64 19 1C 1E 19 C4 69 39 5F 00 00"
2025-08-09T00:06:05.279487,241.902,"can1  206  [16]  28 63 DA 1C 6A 64 31 1C 19 19 4C 69 39 5F 00 00
  can1  206  [16]  36 62 C0 1C 6A 64 43 1C F3 18 FB 68 10 5F 00 00"
2025-08-09T00:06:05.501781,242.124,"can1  206  [16]  28 63 B3 1C 6A 64 56 1C E9 18 FB 68 E8 5E 00 00
  can1  206  [16]  5F 62 A0 1C F2 63 68 1C E5 18 4C 69 6F 5E 00 00"
2025-08-09T00:06:05.501781,242.124,"can1  206  [16]  28 63 87 1C F2 63 6E 1C E0 18 FB 68 47 5E 00 00
  can1  206  [16]  79 63 68 1C F2 63 81 1C D6 18 D3 68 A6 5D 00 00"
2025-08-09T00:06:05.731236,242.354,"can1  206  [16]  6A 64 62 1C F2 63 8E 1C CD 18 AA 68 7E 5D 00 00
  can1  206  [16]  E3 64 49 1C C9 63 9A 1C C3 18 D3 68 55 5D 00 00"
2025-08-09T00:06:05.731236,242.354,"can1  206  [16]  D5 65 31 1C 50 63 AD 1C AC 18 AA 68 DC 5C 00 00
  can1  206  [16]  C9 63 31 1C D8 62 A7 1C A7 18 AA 68 B4 5C 00 00"
2025-08-09T00:06:05.945083,242.568,"can1  206  [16]  E3 64 25 1C 87 62 9A 1C A2 18 82 68 64 5C 00 00
  can1  206  [16]  1A 64 19 1C 36 62 8E 1C 99 18 31 68 3B 5C 00 00"
2025-08-09T00:06:05.945083,242.568,"can1  206  [16]  42 64 1F 1C E6 61 87 1C 8B 18 E1 67 C2 5B 00 00
  can1  206  [16]  BB 64 1F 1C 95 61 6E 1C 90 18 C9 63 3B 5C 00 00"
2025-08-09T00:06:05.945083,242.568,"can1  206  [16]  EF 66 62 1C 7B 60 C5 1B B5 18 6A 64 1F 5E 00 00
  can1  206  [16]  FD 65 1A 1D E6 61 A7 1B DB 18 93 64 39 5F 00 00"
2025-08-09T00:06:06.166615,242.789,"can1  206  [16]  26 66 0D 1D AF 62 AD 1B E5 18 93 64 61 5F 00 00
  can1  206  [16]  40 67 0D 1D D8 62 BF 1B F8 18 D5 65 89 5F 00 00"
2025-08-09T00:06:06.168633,242.791,"can1  206  [16]  26 66 1A 1D 79 63 C5 1B 01 19 FD 65 DA 5F 00 00
  can1  206  [16]  E3 64 1A 1D C9 63 D1 1B 06 19 76 66 B2 5F 00 00"
2025-08-09T00:06:06.394623,243.017,can1  206  [16]  93 64 21 1D F2 63 D7 1B 0B 19 EF 66 2B 60 00 00
2025-08-09T00:06:06.410416,243.033,"can1  206  [16]  6A 64 14 1D 42 64 DD 1B 15 19 40 67 B2 5F 00 00
  can1  206  [16]  79 63 07 1D 6A 64 DD 1B 15 19 90 67 B2 5F 00 00
  can1  206  [16]  AF 62 F3 1C BB 64 D7 1B 15 19 09 68 E8 5E 00 00"
2025-08-09T00:06:06.609812,243.232,"can1  206  [16]  D8 62 F3 1C E3 64 E8 1B 0B 19 5A 68 C0 5E 00 00
  can1  206  [16]  5F 62 ED 1C D5 65 E8 1B 10 19 FB 68 E8 5E 00 00"
2025-08-09T00:06:06.615380,243.238,"can1  206  [16]  0E 62 ED 1C AD 65 E3 1B 01 19 FB 68 39 5F 00 00
  can1  206  [16]  5F 62 ED 1C 0C 65 E3 1B 01 19 23 69 C0 5E 00 00"
2025-08-09T00:06:06.831519,243.454,"can1  206  [16]  36 62 DA 1C E3 64 E3 1B FD 18 74 69 6F 5E 00 00
  can1  206  [16]  5F 62 D3 1C D5 65 E8 1B F3 18 C4 69 47 5E 00 00"
2025-08-09T00:06:06.831519,243.454,"can1  206  [16]  00 63 D3 1C 0C 65 FA 1B F8 18 4C 69 6F 5E 00 00
  can1  206  [16]  D8 62 DA 1C 0C 65 13 1C F3 18 4C 69 98 5E 00 00"
2025-08-09T00:06:07.055011,243.678,"can1  206  [16]  36 62 CD 1C 0C 65 25 1C FD 18 74 69 C0 5E 00 00
  can1  206  [16]  28 63 AD 1C 93 64 3D 1C F8 18 4C 69 6F 5E 00 00"
2025-08-09T00:06:07.059796,243.682,"can1  206  [16]  BB 64 94 1C 93 64 31 1C F3 18 D3 68 47 5E 00 00
  can1  206  [16]  0C 65 75 1C 6A 64 37 1C EE 18 82 68 CE 5D 00 00"
2025-08-09T00:06:07.059796,243.684,"can1  206  [16]  42 64 62 1C 6A 64 50 1C DB 18 82 68 2D 5D 00 00
  can1  206  [16]  6A 64 56 1C 6A 64 62 1C D6 18 AA 68 05 5D 00 00"
2025-08-09T00:06:07.277006,243.900,"can1  206  [16]  BB 64 43 1C 42 64 68 1C C8 18 AA 68 B4 5C 00 00
  can1  206  [16]  E3 64 31 1C C9 63 7B 1C B5 18 FB 68 64 5C 00 00"
2025-08-09T00:06:07.279508,243.902,"can1  206  [16]  93 64 2B 1C C9 63 81 1C A7 18 FB 68 13 5C 00 00
  can1  206  [16]  D5 65 1F 1C 79 63 87 1C A2 18 D3 68 13 5C 00 00"
2025-08-09T00:06:07.506103,244.129,can1  206  [16]  6A 64 19 1C D8 62 81 1C 94 18 D3 68 C2 5B 00 00
2025-08-09T00:06:07.506103,244.129,"can1  206  [16]  FD 65 1F 1C 5F 62 75 1C 86 18 82 68 C2 5B 00 00
  can1  206  [16]  0C 65 19 1C 0E 62 62 1C 7D 18 B9 67 C2 5B 00 00"
2025-08-09T00:06:07.718962,244.342,"can1  206  [16]  4E 66 1F 1C BD 61 5C 1C 78 18 17 67 C2 5B 00 00
  can1  206  [16]  93 64 25 1C 6D 61 37 1C 9E 18 F2 63 B4 5C 00 00"
2025-08-09T00:06:07.718962,244.342,"can1  206  [16]  D5 65 7B 1C 45 61 9C 1B E0 18 BB 64 C0 5E 00 00
  can1  206  [16]  1A 64 2E 1D 28 63 90 1B FD 18 E3 64 89 5F 00 00"
2025-08-09T00:06:07.943548,244.566,"can1  206  [16]  1A 64 0D 1D 42 64 96 1B 01 19 76 66 B2 5F 00 00
  can1  206  [16]  F2 63 14 1D 1A 64 A7 1B 06 19 4E 66 02 60 00 00"
2025-08-09T00:06:07.943548,244.566,"can1  206  [16]  A1 63 14 1D 6A 64 BF 1B 06 19 76 66 02 60 00 00
  can1  206  [16]  00 63 1A 1D 6A 64 DD 1B 15 19 B9 67 02 60 00 00"
2025-08-09T00:06:07.943548,244.566,"can1  206  [16]  AF 62 FA 1C BB 64 D7 1B 19 19 E1 67 B2 5F 00 00
  can1  206  [16]  5F 62 FA 1C D5 65 E3 1B 19 19 AA 68 B2 5F 00 00"
2025-08-09T00:06:08.166590,244.789,"can1  206  [16]  5F 62 E7 1C 93 64 E8 1B 19 19 4C 69 B2 5F 00 00
  can1  206  [16]  E6 61 FA 1C 42 64 EE 1B 10 19 23 69 89 5F 00 00"
2025-08-09T00:06:08.166590,244.789,"can1  206  [16]  E6 61 E7 1C 6A 64 EE 1B 10 19 74 69 39 5F 00 00
  can1  206  [16]  BD 61 E0 1C 42 64 EE 1B 06 19 C4 69 10 5F 00 00"
2025-08-09T00:06:08.402429,245.025,"can1  206  [16]  95 61 8E 1C 00 63 62 1C E5 18 23 69 CE 5D 00 00
  can1  206  [16]  87 62 56 1C D8 62 7B 1C BF 18 82 68 05 5D 00 00"
2025-08-09T00:06:08.402429,245.025,"can1  206  [16]  AF 62 49 1C 87 62 7B 1C B5 18 B9 67 05 5D 00 00
  can1  206  [16]  D8 62 3D 1C 36 62 87 1C B0 18 E1 67 B4 5C 00 00"
2025-08-09T00:06:08.616049,245.239,"can1  206  [16]  50 63 31 1C BD 61 81 1C 99 18 09 68 13 5C 00 00
  can1  206  [16]  79 63 31 1C 6D 61 68 1C 7D 18 6A 64 13 5C 00 00"
2025-08-09T00:06:08.616049,245.239,"can1  206  [16]  9F 66 6E 1C 61 5F 0C 1C B0 18 42 64 7E 5D 00 00
  can1  206  [16]  26 66 00 1D A3 60 CB 1B 19 19 76 66 B2 5F 00 00"
2025-08-09T00:06:08.832520,245.455,"can1  206  [16]  A1 63 35 1D 50 63 B3 1B 15 19 B9 67 39 5F 00 00
  can1  206  [16]  87 62 1A 1D C9 63 B9 1B 15 19 31 68 89 5F 00 00"
2025-08-09T00:06:08.832520,245.455,"can1  206  [16]  87 62 1A 1D F2 63 C5 1B 0B 19 82 68 89 5F 00 00
  can1  206  [16]  E6 61 07 1D F2 63 BF 1B 01 19 AA 68 61 5F 00 00"
2025-08-09T00:06:09.052614,245.675,"can1  206  [16]  BD 61 14 1D 1A 64 C5 1B F8 18 FB 68 39 5F 00 00
  can1  206  [16]  F4 60 B3 1C D8 62 5C 1C EE 18 82 68 1F 5E 00 00"
2025-08-09T00:06:09.052614,245.675,"can1  206  [16]  6D 61 49 1C 2B 60 87 1C 99 18 50 63 C2 5B 00 00
  can1  206  [16]  6A 64 75 1C DA 5F E3 1B B5 18 42 64 CE 5D 00 00"
2025-08-09T00:06:09.052614,245.675,"can1  206  [16]  F2 63 28 1D F4 60 CB 1B 23 19 9F 66 61 5F 00 00
  can1  206  [16]  95 61 14 1D D8 62 0C 1C 01 19 D3 68 98 5E 00 00"
2025-08-09T00:06:09.272761,245.895,"can1  206  [16]  F4 60 50 1C E6 61 A7 1C B5 18 90 67 13 5C 00 00
  can1  206  [16]  36 62 31 1C 1C 61 68 1C 90 18 C9 63 13 5C 00 00"
2025-08-09T00:06:09.272761,245.895,"can1  206  [16]  6A 64 6E 1C 61 5F E8 1B BA 18 F2 63 CE 5D 00 00
  can1  206  [16]  C9 63 21 1D 7B 60 DD 1B 23 19 D5 65 B2 5F 00 00"
2025-08-09T00:06:09.503401,246.126,"can1  206  [16]  BD 61 35 1D C9 63 DD 1B 19 19 40 67 89 5F 00 00
  can1  206  [16]  E6 61 14 1D A1 63 CB 1B 28 19 B9 67 61 5F 00 00"
2025-08-09T00:06:09.503401,246.126,can1  206  [16]  E6 61 00 1D C9 63 B9 1B 32 19 5A 68 61 5F 00 00
2025-08-09T00:06:09.701415,246.324,"can1  206  [16]  95 61 C0 1C 00 63 31 1C 1E 19 AA 68 A6 5D 00 00
  can1  206  [16]  36 62 75 1C AF 62 68 1C 06 19 5A 68 2D 5D 00 00"
2025-08-09T00:06:09.701415,246.324,"can1  206  [16]  5F 62 68 1C D8 62 75 1C D6 18 5A 68 DC 5C 00 00
  can1  206  [16]  F2 63 56 1C AF 62 75 1C E0 18 09 68 8C 5C 00 00"
2025-08-09T00:06:09.923152,246.546,"can1  206  [16]  D8 62 50 1C 5F 62 7B 1C CD 18 31 68 13 5C 00 00
  can1  206  [16]  50 63 49 1C E6 61 87 1C D2 18 B9 67 EB 5B 00 00
  can1  206  [16]  1A 64 3D 1C BD 61 8E 1C C8 18 B9 67 9A 5B 00 00"
2025-08-09T00:06:09.925165,246.548,"can1  206  [16]  50 63 31 1C 1C 61 68 1C B0 18 50 63 EB 5B 00 00
  can1  206  [16]  0C 65 6E 1C 02 60 FA 1B DB 18 D8 62 55 5D 00 00"
2025-08-09T00:06:10.148608,246.771,can1  206  [16]  6A 64 1A 1D 6D 61 DD 1B 4F 19 E3 64 61 5F 00 00
2025-08-09T00:06:10.148608,246.771,"can1  206  [16]  E6 61 35 1D 93 64 DD 1B 40 19 90 67 61 5F 00 00
  can1  206  [16]  87 62 21 1D E3 64 CB 1B 1E 19 90 67 39 5F 00 00"
2025-08-09T00:06:10.368653,246.991,"can1  206  [16]  E6 61 14 1D 0C 65 DD 1B 10 19 09 68 39 5F 00 00
  can1  206  [16]  45 61 DA 1C A1 63 50 1C FD 18 31 68 1F 5E 00 00"
2025-08-09T00:06:10.368653,246.991,"can1  206  [16]  AF 62 8E 1C A1 63 5C 1C E5 18 31 68 05 5D 00 00
  can1  206  [16]  E6 61 6E 1C C9 63 5C 1C D6 18 90 67 B4 5C 00 00"
2025-08-09T00:06:10.370667,246.993,"can1  206  [16]  6D 61 50 1C 1C 61 62 1C 99 18 D8 62 64 5C 00 00
  can1  206  [16]  AD 65 75 1C 53 60 C5 1B BF 18 F2 63 47 5E 00 00"
2025-08-09T00:06:10.589388,247.212,"can1  206  [16]  79 63 21 1D 1C 61 BF 1B 28 19 9F 66 53 60 00 00
  can1  206  [16]  F4 60 14 1D A1 63 00 1C 01 19 82 68 10 5F 00 00"
2025-08-09T00:06:10.589388,247.212,"can1  206  [16]  CC 60 50 1C 0E 62 87 1C B5 18 68 67 13 5C 00 00
  can1  206  [16]  87 62 3D 1C 1C 61 5C 1C 94 18 00 63 8C 5C 00 00"
2025-08-09T00:06:10.813516,247.436,"can1  206  [16]  E3 64 7B 1C 89 5F CB 1B C3 18 79 63 1F 5E 00 00
  can1  206  [16]  F2 63 2E 1D CC 60 D7 1B 2D 19 9F 66 02 60 00 00"
2025-08-09T00:06:10.815687,247.438,"can1  206  [16]  1C 61 14 1D 28 63 0C 1C 01 19 FB 68 39 5F 00 00
  can1  206  [16]  1C 61 5C 1C 6D 61 7B 1C 90 18 93 64 C2 5B 00 00"
2025-08-09T00:06:11.033613,247.656,"can1  206  [16]  F2 63 5C 1C 10 5F 13 1C A7 18 79 63 05 5D 00 00
  can1  206  [16]  F2 63 D3 1C 02 60 B9 1B 06 19 BB 64 B2 5F 00 00"
2025-08-09T00:06:11.035624,247.658,"can1  206  [16]  0E 62 63 1D AF 62 AD 1B 10 19 76 66 53 60 00 00
  can1  206  [16]  0E 62 28 1D 79 63 AD 1B 19 19 C7 66 7B 60 00 00"
2025-08-09T00:06:11.254913,247.877,"can1  206  [16]  6D 61 00 1D F2 63 EE 1B 06 19 23 69 61 5F 00 00
  can1  206  [16]  7B 60 6E 1C 87 62 A0 1C E0 18 09 68 55 5D 00 00"
2025-08-09T00:06:11.256927,247.880,"can1  206  [16]  6D 61 62 1C 61 5F 50 1C B0 18 00 63 2D 5D 00 00
  can1  206  [16]  1A 64 94 1C 02 60 B3 1B E9 18 BB 64 89 5F 00 00"
2025-08-09T00:06:11.476105,248.099,"can1  206  [16]  D8 62 4F 1D E6 61 9C 1B 01 19 0C 65 2B 60 00 00
  can1  206  [16]  AF 62 3B 1D AF 62 A7 1B 06 19 BB 64 53 60 00 00"
2025-08-09T00:06:11.478128,248.101,"can1  206  [16]  AF 62 3B 1D 00 63 BF 1B 10 19 FD 65 7B 60 00 00
  can1  206  [16]  E6 61 28 1D 79 63 CB 1B 15 19 4E 66 7B 60 00 00"
2025-08-09T00:06:11.699226,248.322,can1  206  [16]  0E 62 28 1D C9 63 DD 1B 10 19 EF 66 2B 60 00 00
2025-08-09T00:06:11.699226,248.322,"can1  206  [16]  45 61 00 1D C9 63 19 1C 01 19 4C 69 B2 5F 00 00
  can1  206  [16]  CC 60 62 1C 0E 62 C0 1C BF 18 E1 67 05 5D 00 00"
2025-08-09T00:06:11.700363,248.323,"can1  206  [16]  BD 61 25 1C 45 61 68 1C 8B 18 1A 64 DC 5C 00 00
  can1  206  [16]  93 64 56 1C 39 5F DD 1B B0 18 C9 63 F6 5D 00 00"
2025-08-09T00:06:11.919115,248.542,"can1  206  [16]  E3 64 F3 1C A3 60 B9 1B 19 19 FD 65 A3 60 00 00
  can1  206  [16]  87 62 21 1D C9 63 B3 1B 1E 19 40 67 B2 5F 00 00
  can1  206  [16]  5F 62 00 1D F2 63 AD 1B 15 19 09 68 B2 5F 00 00"
2025-08-09T00:06:11.921127,248.544,"can1  206  [16]  BD 61 00 1D F2 63 BF 1B 10 19 5A 68 02 60 00 00
  can1  206  [16]  F4 60 D3 1C 00 63 25 1C F8 18 D3 68 10 5F 00 00"
2025-08-09T00:06:12.141186,248.764,can1  206  [16]  F4 60 25 1C F4 60 75 1C 90 18 A1 63 3B 5C 00 00
2025-08-09T00:06:12.145378,248.768,"can1  206  [16]  0C 65 50 1C 10 5F F4 1B BF 18 50 63 55 5D 00 00
  can1  206  [16]  F2 63 DA 1C 7B 60 AD 1B 3C 19 BB 64 2B 60 00 00"
2025-08-09T00:06:12.362511,248.985,"can1  206  [16]  0E 62 28 1D 50 63 A7 1B 3C 19 C7 66 7B 60 00 00
  can1  206  [16]  BD 61 1A 1D A1 63 B9 1B 1E 19 17 67 2B 60 00 00"
2025-08-09T00:06:12.374584,248.997,"can1  206  [16]  95 61 F3 1C 79 63 FA 1B 2D 19 D3 68 39 5F 00 00
  can1  206  [16]  E6 61 B3 1C 79 63 1F 1C 10 19 AA 68 39 5F 00 00"
2025-08-09T00:06:12.589104,249.212,"can1  206  [16]  BD 61 A7 1C 50 63 2B 1C 15 19 82 68 10 5F 00 00
  can1  206  [16]  AF 62 81 1C 50 63 3D 1C 10 19 82 68 98 5E 00 00"
2025-08-09T00:06:12.589104,249.212,"can1  206  [16]  BD 61 75 1C A1 63 43 1C 06 19 31 68 47 5E 00 00
  can1  206  [16]  D8 62 5C 1C 42 64 50 1C DB 18 09 68 CE 5D 00 00"
2025-08-09T00:06:12.806634,249.429,"can1  206  [16]  C9 63 43 1C F2 63 62 1C C8 18 E1 67 A6 5D 00 00
  can1  206  [16]  1A 64 31 1C A1 63 6E 1C BA 18 90 67 2D 5D 00 00"
2025-08-09T00:06:12.806634,249.429,"can1  206  [16]  79 63 1F 1C 28 63 68 1C B0 18 90 67 DC 5C 00 00
  can1  206  [16]  C9 63 1F 1C D8 62 68 1C BF 18 B9 67 8C 5C 00 00"
2025-08-09T00:06:12.806634,249.429,"can1  206  [16]  C9 63 1F 1C 5F 62 62 1C BA 18 40 67 3B 5C 00 00
  can1  206  [16]  A1 63 1F 1C BD 61 68 1C A7 18 C7 66 64 5C 00 00"
2025-08-09T00:06:13.028758,249.651,"can1  206  [16]  E3 64 1F 1C 45 61 56 1C B0 18 28 63 55 5D 00 00
  can1  206  [16]  FD 65 68 1C A3 60 C5 1B D6 18 A1 63 10 5F 00 00
  can1  206  [16]  6A 64 1A 1D 0E 62 A7 1B DB 18 28 63 DA 5F 00 00"
2025-08-09T00:06:13.232446,249.855,"can1  206  [16]  26 66 14 1D AF 62 9C 1B F8 18 42 64 2B 60 00 00
  can1  206  [16]  6A 64 21 1D 28 63 AD 1B 15 19 6A 64 53 60 00 00"
2025-08-09T00:06:13.232446,249.855,"can1  206  [16]  1A 64 1A 1D 79 63 AD 1B 1E 19 E3 64 53 60 00 00
  can1  206  [16]  28 63 28 1D F2 63 A2 1B 3C 19 26 66 7B 60 00 00"
2025-08-09T00:06:13.457736,250.080,"can1  206  [16]  5F 62 07 1D 42 64 AD 1B 45 19 4E 66 53 60 00 00
  can1  206  [16]  D8 62 00 1D 1A 64 D7 1B 40 19 C7 66 7B 60 00 00"
2025-08-09T00:06:13.457736,250.080,"can1  206  [16]  BD 61 FA 1C 6A 64 E8 1B 23 19 90 67 2B 60 00 00
  can1  206  [16]  45 61 DA 1C 1A 64 2B 1C 19 19 AA 68 89 5F 00 00"
2025-08-09T00:06:13.457736,250.080,"can1  206  [16]  E6 61 A0 1C F2 63 5C 1C 19 19 31 68 10 5F 00 00
  can1  206  [16]  36 62 87 1C C9 63 49 1C F8 18 E1 67 98 5E 00 00"
2025-08-09T00:06:13.678674,250.301,"can1  206  [16]  D8 62 81 1C 42 64 50 1C E5 18 E1 67 6F 5E 00 00
  can1  206  [16]  D8 62 62 1C BB 64 62 1C D6 18 68 67 1F 5E 00 00"
2025-08-09T00:06:13.683701,250.306,"can1  206  [16]  87 62 56 1C 93 64 6E 1C CD 18 09 68 A6 5D 00 00
  can1  206  [16]  0E 62 3D 1C BB 64 6E 1C BF 18 B9 67 55 5D 00 00"
2025-08-09T00:06:13.907099,250.530,"can1  206  [16]  BD 61 2B 1C 6A 64 68 1C B0 18 B9 67 05 5D 00 00
  can1  206  [16]  0E 62 1F 1C C9 63 6E 1C A7 18 E1 67 B4 5C 00 00"
2025-08-09T00:06:13.909169,250.532,"can1  206  [16]  0E 62 13 1C 79 63 68 1C 9E 18 68 67 13 5C 00 00
  can1  206  [16]  5F 62 0C 1C 00 63 6E 1C 94 18 40 67 8C 5C 00 00"
2025-08-09T00:06:14.115606,250.738,"can1  206  [16]  D8 62 0C 1C AF 62 6E 1C 90 18 76 66 3B 5C 00 00
  can1  206  [16]  D8 62 1F 1C 0E 62 81 1C 82 18 FD 65 13 5C 00 00"
2025-08-09T00:06:14.115606,250.738,"can1  206  [16]  50 63 2B 1C E6 61 7B 1C 86 18 0C 65 3B 5C 00 00
  can1  206  [16]  C9 63 2B 1C BD 61 7B 1C 78 18 E3 64 B4 5C 00 00"
2025-08-09T00:06:14.329122,250.952,"can1  206  [16]  C9 63 31 1C BD 61 62 1C 82 18 93 64 B4 5C 00 00
  can1  206  [16]  6A 64 37 1C BD 61 75 1C 86 18 6A 64 B4 5C 00 00"
2025-08-09T00:06:14.344379,250.967,can1  206  [16]  D5 65 37 1C 95 61 25 1C AC 18 A1 63 55 5D 00 00
2025-08-09T00:06:14.553388,251.176,"can1  206  [16]  C9 63 D3 1C 87 62 DD 1B B5 18 1A 64 98 5E 00 00
  can1  206  [16]  F2 63 D3 1C 00 63 CB 1B C3 18 6A 64 98 5E 00 00"
2025-08-09T00:06:14.557410,251.180,"can1  206  [16]  F2 63 E7 1C D8 62 BF 1B C8 18 1A 64 E8 5E 00 00
  can1  206  [16]  93 64 F3 1C 28 63 AD 1B D6 18 F2 63 61 5F 00 00"
2025-08-09T00:06:14.557410,251.180,"can1  206  [16]  BB 64 14 1D 50 63 AD 1B E0 18 F2 63 DA 5F 00 00
  can1  206  [16]  0C 65 14 1D 79 63 A2 1B E9 18 F2 63 53 60 00 00"
2025-08-09T00:06:14.776471,251.399,"can1  206  [16]  42 64 1A 1D C9 63 A2 1B FD 18 6A 64 2B 60 00 00
  can1  206  [16]  6A 64 14 1D 42 64 B3 1B 01 19 93 64 2B 60 00 00"
2025-08-09T00:06:14.776471,251.399,"can1  206  [16]  00 63 0D 1D 6A 64 B9 1B 0B 19 0C 65 53 60 00 00
  can1  206  [16]  00 63 1A 1D E3 64 B9 1B 19 19 FD 65 2B 60 00 00"
2025-08-09T00:06:14.995552,251.618,"can1  206  [16]  D8 62 1A 1D 0C 65 C5 1B 19 19 76 66 7B 60 00 00
  can1  206  [16]  0E 62 1A 1D E3 64 CB 1B 1E 19 EF 66 53 60 00 00"
2025-08-09T00:06:14.995552,251.618,"can1  206  [16]  45 61 ED 1C E3 64 0C 1C 06 19 82 68 61 5F 00 00
  can1  206  [16]  CC 60 43 1C AF 62 9A 1C B5 18 17 67 B4 5C 00 00"
2025-08-09T00:06:15.217562,251.840,"can1  206  [16]  BD 61 25 1C 36 62 8E 1C 94 18 C7 66 3B 5C 00 00
  can1  206  [16]  87 62 25 1C BD 61 6E 1C 8B 18 76 66 05 5D 00 00"
2025-08-09T00:06:15.222972,251.846,"can1  206  [16]  00 63 2B 1C 6D 61 50 1C 9E 18 0E 62 2D 5D 00 00
  can1  206  [16]  6A 64 6E 1C CC 60 BF 1B DB 18 00 63 C0 5E 00 00"
2025-08-09T00:06:15.439273,252.062,"can1  206  [16]  D8 62 2E 1D 36 62 AD 1B 06 19 6A 64 B2 5F 00 00
  can1  206  [16]  D8 62 28 1D 00 63 A7 1B FD 18 42 64 02 60 00 00"
2025-08-09T00:06:15.439273,252.062,"can1  206  [16]  AF 62 2E 1D 79 63 AD 1B 10 19 1A 64 2B 60 00 00
  can1  206  [16]  36 62 2E 1D C9 63 B9 1B 01 19 93 64 53 60 00 00"
2025-08-09T00:06:15.661045,252.284,"can1  206  [16]  E6 61 21 1D 1A 64 B9 1B 06 19 D5 65 2B 60 00 00
  can1  206  [16]  95 61 F3 1C 93 64 E3 1B 10 19 AA 68 10 5F 00 00"
2025-08-09T00:06:15.663062,252.286,"can1  206  [16]  A3 60 62 1C A1 63 8E 1C D6 18 90 67 55 5D 00 00
  can1  206  [16]  E6 61 3D 1C D8 62 87 1C AC 18 B9 67 B4 5C 00 00"
2025-08-09T00:06:15.663062,252.286,"can1  206  [16]  0E 62 25 1C 87 62 75 1C A7 18 B9 67 3B 5C 00 00
  can1  206  [16]  AF 62 2B 1C 36 62 6E 1C 99 18 90 67 8C 5C 00 00"
2025-08-09T00:06:15.889574,252.512,"can1  206  [16]  87 62 25 1C 0E 62 7B 1C 90 18 68 67 3B 5C 00 00
  can1  206  [16]  A1 63 1F 1C 95 61 75 1C 99 18 79 63 8C 5C 00 00"
2025-08-09T00:06:15.889574,252.512,"can1  206  [16]  D5 65 6E 1C 7B 60 E8 1B CD 18 F2 63 6F 5E 00 00
  can1  206  [16]  6A 64 28 1D E6 61 D1 1B E9 18 93 64 61 5F 00 00"
2025-08-09T00:06:16.113645,252.736,"can1  206  [16]  93 64 1A 1D 5F 62 CB 1B E9 18 E3 64 2B 60 00 00
  can1  206  [16]  6A 64 21 1D D8 62 D1 1B FD 18 E3 64 DA 5F 00 00"
2025-08-09T00:06:16.113645,252.736,"can1  206  [16]  79 63 21 1D 79 63 CB 1B 01 19 D5 65 2B 60 00 00
  can1  206  [16]  A1 63 28 1D 1A 64 D1 1B 06 19 76 66 2B 60 00 00"
2025-08-09T00:06:16.308734,252.931,"can1  206  [16]  50 63 14 1D 28 63 DD 1B 10 19 C7 66 DA 5F 00 00
  can1  206  [16]  AF 62 14 1D 28 63 E3 1B 15 19 9F 66 2B 60 00 00"
2025-08-09T00:06:16.308734,252.931,"can1  206  [16]  36 62 0D 1D 79 63 E8 1B 15 19 EF 66 02 60 00 00
  can1  206  [16]  E6 61 0D 1D C9 63 E3 1B 0B 19 E1 67 02 60 00 00"
2025-08-09T00:06:16.529687,253.152,"can1  206  [16]  0E 62 FA 1C 1A 64 E8 1B 01 19 90 67 DA 5F 00 00
  can1  206  [16]  CC 60 C0 1C D8 62 62 1C F8 18 B9 67 C0 5E 00 00"
2025-08-09T00:06:16.529687,253.152,"can1  206  [16]  45 61 2B 1C A3 60 B3 1C 90 18 79 63 64 5C 00 00
  can1  206  [16]  42 64 62 1C 10 5F 25 1C B0 18 D8 62 A6 5D 00 00"
2025-08-09T00:06:16.753839,253.376,"can1  206  [16]  A1 63 E0 1C 53 60 E3 1B 19 19 0C 65 02 60 00 00
  can1  206  [16]  6D 61 0D 1D D8 62 13 1C 15 19 82 68 E8 5E 00 00"
2025-08-09T00:06:16.761901,253.384,"can1  206  [16]  F4 60 56 1C 36 62 B3 1C CD 18 09 68 2D 5D 00 00
  can1  206  [16]  0E 62 2B 1C 95 61 7B 1C 8B 18 93 64 3B 5C 00 00"
2025-08-09T00:06:16.972072,253.595,"can1  206  [16]  42 64 43 1C 39 5F FA 1B B0 18 C9 63 55 5D 00 00
  can1  206  [16]  1A 64 D3 1C 53 60 B9 1B 1E 19 E3 64 02 60 00 00"
2025-08-09T00:06:17.194183,253.817,"can1  206  [16]  00 63 1A 1D AF 62 B3 1B 19 19 EF 66 89 5F 00 00
  can1  206  [16]  AF 62 07 1D D8 62 B3 1B 06 19 40 67 B2 5F 00 00
  can1  206  [16]  0E 62 00 1D A1 63 C5 1B 01 19 68 67 39 5F 00 00
  can1  206  [16]  AF 62 F3 1C 1A 64 C5 1B FD 18 09 68 61 5F 00 00
  can1  206  [16]  36 62 FA 1C 6A 64 CB 1B F8 18 AA 68 10 5F 00 00"
2025-08-09T00:06:17.194183,253.817,"can1  206  [16]  50 63 ED 1C 6A 64 CB 1B F3 18 31 68 10 5F 00 00
  can1  206  [16]  E6 61 F3 1C 1A 64 D1 1B 06 19 FB 68 10 5F 00 00"
2025-08-09T00:06:17.418408,254.041,"can1  206  [16]  AF 62 DA 1C A1 63 D1 1B 01 19 FB 68 E8 5E 00 00
  can1  206  [16]  BD 61 E7 1C C9 63 E3 1B F8 18 4C 69 10 5F 00 00"
2025-08-09T00:06:17.418408,254.041,"can1  206  [16]  0E 62 DA 1C 79 63 F4 1B E9 18 23 69 10 5F 00 00
  can1  206  [16]  BD 61 C7 1C 00 63 06 1C F3 18 D3 68 E8 5E 00 00"
2025-08-09T00:06:17.639594,254.262,"can1  206  [16]  5F 62 AD 1C D8 62 1F 1C DB 18 FB 68 98 5E 00 00
  can1  206  [16]  87 62 A7 1C 00 63 31 1C D6 18 AA 68 C0 5E 00 00"
2025-08-09T00:06:17.643563,254.266,"can1  206  [16]  00 63 94 1C 00 63 43 1C D6 18 5A 68 F6 5D 00 00
  can1  206  [16]  28 63 81 1C AF 62 5C 1C DB 18 5A 68 7E 5D 00 00"
2025-08-09T00:06:17.643563,254.266,"can1  206  [16]  50 63 62 1C D8 62 68 1C D6 18 31 68 DC 5C 00 00
  can1  206  [16]  00 63 49 1C AF 62 68 1C C3 18 31 68 B4 5C 00 00"
2025-08-09T00:06:17.861338,254.484,"can1  206  [16]  AF 62 3D 1C 0E 62 68 1C BA 18 31 68 13 5C 00 00
  can1  206  [16]  AF 62 31 1C E6 61 6E 1C A7 18 31 68 13 5C 00 00"
2025-08-09T00:06:17.863353,254.486,"can1  206  [16]  00 63 1F 1C 45 61 56 1C 78 18 42 64 49 5B 00 00
  can1  206  [16]  4E 66 5C 1C 10 5F FA 1B A2 18 50 63 B4 5C 00 00"
2025-08-09T00:06:18.084471,254.707,"can1  206  [16]  93 64 DA 1C 53 60 BF 1B 06 19 0C 65 10 5F 00 00
  can1  206  [16]  00 63 28 1D D8 62 C5 1B 0B 19 EF 66 61 5F 00 00"
2025-08-09T00:06:18.094049,254.717,"can1  206  [16]  87 62 14 1D 79 63 BF 1B 19 19 68 67 B2 5F 00 00
  can1  206  [16]  36 62 14 1D 79 63 B9 1B 1E 19 31 68 B2 5F 00 00"
2025-08-09T00:06:18.306082,254.929,"can1  206  [16]  36 62 00 1D F2 63 B9 1B 15 19 5A 68 89 5F 00 00
  can1  206  [16]  D8 62 E7 1C F2 63 BF 1B 10 19 5A 68 E8 5E 00 00"
2025-08-09T00:06:18.306082,254.929,"can1  206  [16]  87 62 F3 1C A1 63 C5 1B 0B 19 82 68 E8 5E 00 00
  can1  206  [16]  87 62 E0 1C A1 63 CB 1B 01 19 D3 68 C0 5E 00 00"
2025-08-09T00:06:18.528538,255.151,"can1  206  [16]  D8 62 E0 1C C9 63 D1 1B FD 18 D3 68 C0 5E 00 00
  can1  206  [16]  87 62 DA 1C 50 63 DD 1B F8 18 23 69 C0 5E 00 00"
2025-08-09T00:06:18.528538,255.151,can1  206  [16]  AF 62 DA 1C 50 63 EE 1B F8 18 FB 68 98 5E 00 00
2025-08-09T00:06:18.740713,255.363,"can1  206  [16]  D8 62 C0 1C 00 63 06 1C F3 18 AA 68 47 5E 00 00
  can1  206  [16]  D8 62 AD 1C 00 63 1F 1C EE 18 D3 68 CE 5D 00 00
  can1  206  [16]  00 63 A0 1C 00 63 2B 1C EE 18 AA 68 F6 5D 00 00"
2025-08-09T00:06:18.740713,255.363,"can1  206  [16]  5F 62 87 1C 00 63 50 1C E5 18 82 68 7E 5D 00 00
  can1  206  [16]  6D 61 2B 1C F4 60 94 1C 90 18 A1 63 9A 5B 00 00"
2025-08-09T00:06:18.961279,255.584,"can1  206  [16]  E3 64 56 1C 89 5F 19 1C B0 18 C9 63 05 5D 00 00
  can1  206  [16]  1A 64 E0 1C CC 60 E3 1B 1E 19 FD 65 10 5F 00 00"
2025-08-09T00:06:18.961279,255.584,"can1  206  [16]  E6 61 1A 1D 42 64 E3 1B 1E 19 68 67 39 5F 00 00
  can1  206  [16]  E6 61 F3 1C BB 64 B9 1B 1E 19 B9 67 39 5F 00 00"
2025-08-09T00:06:19.177168,255.800,"can1  206  [16]  D8 62 F3 1C E3 64 B9 1B 19 19 5A 68 10 5F 00 00
  can1  206  [16]  5F 62 E0 1C BB 64 B3 1B 15 19 AA 68 E8 5E 00 00
  can1  206  [16]  0E 62 E0 1C 26 66 CB 1B 06 19 FB 68 C0 5E 00 00"
2025-08-09T00:06:19.177168,255.800,can1  206  [16]  45 61 94 1C 6A 64 62 1C F3 18 5A 68 F6 5D 00 00
2025-08-09T00:06:19.400868,256.023,"can1  206  [16]  36 62 56 1C 42 64 87 1C D2 18 5A 68 DC 5C 00 00
  can1  206  [16]  28 63 3D 1C F2 63 87 1C BF 18 82 68 8C 5C 00 00"
2025-08-09T00:06:19.400868,256.023,"can1  206  [16]  A1 63 2B 1C F2 63 9A 1C B5 18 82 68 8C 5C 00 00
  can1  206  [16]  50 63 1F 1C 79 63 9A 1C A7 18 31 68 DC 5C 00 00"
2025-08-09T00:06:19.400868,256.023,"can1  206  [16]  C9 63 1F 1C 28 63 94 1C 99 18 E1 67 64 5C 00 00
  can1  206  [16]  93 64 13 1C 87 62 94 1C 94 18 90 67 8C 5C 00 00"
2025-08-09T00:06:19.612216,256.235,"can1  206  [16]  6A 64 19 1C 95 61 7B 1C 99 18 F2 63 DC 5C 00 00
  can1  206  [16]  17 67 5C 1C CC 60 F4 1B DB 18 42 64 39 5F 00 00"
2025-08-09T00:06:19.612216,256.235,"can1  206  [16]  93 64 14 1D 36 62 D7 1B E5 18 E3 64 B2 5F 00 00
  can1  206  [16]  93 64 00 1D AF 62 C5 1B 01 19 1A 64 DA 5F 00 00"
2025-08-09T00:06:19.830138,256.453,"can1  206  [16]  BB 64 07 1D D8 62 D1 1B 19 19 93 64 DA 5F 00 00
  can1  206  [16]  F2 63 1A 1D D8 62 BF 1B 2D 19 0C 65 02 60 00 00"
2025-08-09T00:06:19.830138,256.453,"can1  206  [16]  79 63 14 1D 50 63 AD 1B 32 19 26 66 7B 60 00 00
  can1  206  [16]  A1 63 14 1D 50 63 B3 1B 10 19 76 66 7B 60 00 00"
2025-08-09T00:06:20.050904,256.673,"can1  206  [16]  28 63 07 1D F2 63 B9 1B 15 19 C7 66 53 60 00 00
  can1  206  [16]  AF 62 FA 1C F2 63 B9 1B 19 19 17 67 2B 60 00 00"
2025-08-09T00:06:20.050904,256.673,"can1  206  [16]  36 62 FA 1C 1A 64 D7 1B 19 19 EF 66 02 60 00 00
  can1  206  [16]  0E 62 F3 1C F2 63 E3 1B 15 19 09 68 B2 5F 00 00"
2025-08-09T00:06:20.273137,256.896,"can1  206  [16]  36 62 E7 1C 6A 64 E8 1B 0B 19 82 68 B2 5F 00 00
  can1  206  [16]  BD 61 ED 1C 6A 64 E8 1B 06 19 D3 68 89 5F 00 00"
2025-08-09T00:06:20.275148,256.898,"can1  206  [16]  E6 61 E0 1C 1A 64 EE 1B 01 19 FB 68 39 5F 00 00
  can1  206  [16]  36 62 D3 1C 1A 64 F4 1B 01 19 23 69 39 5F 00 00"
2025-08-09T00:06:20.494399,257.117,"can1  206  [16]  E6 61 DA 1C F2 63 06 1C F8 18 23 69 10 5F 00 00
  can1  206  [16]  87 62 DA 1C C9 63 1F 1C F8 18 FB 68 39 5F 00 00"
2025-08-09T00:06:20.494399,257.117,"can1  206  [16]  D8 62 C0 1C C9 63 0C 1C F8 18 FB 68 89 5F 00 00
  can1  206  [16]  D8 62 A7 1C 79 63 19 1C F3 18 23 69 89 5F 00 00"
2025-08-09T00:06:20.699392,257.322,"can1  206  [16]  87 62 8E 1C A1 63 2B 1C F3 18 D3 68 E8 5E 00 00
  can1  206  [16]  0E 62 94 1C 28 63 31 1C 10 19 AA 68 C0 5E 00 00"
2025-08-09T00:06:20.701411,257.324,"can1  206  [16]  5F 62 7B 1C 50 63 43 1C 06 19 82 68 47 5E 00 00
  can1  206  [16]  AF 62 6E 1C 79 63 50 1C F8 18 5A 68 1F 5E 00 00"
2025-08-09T00:06:20.937984,257.561,"can1  206  [16]  00 63 5C 1C 28 63 5C 1C E9 18 E1 67 A6 5D 00 00
  can1  206  [16]  D8 62 49 1C 00 63 62 1C E0 18 09 68 55 5D 00 00"
2025-08-09T00:06:20.937984,257.561,"can1  206  [16]  AF 62 3D 1C AF 62 68 1C AC 18 E1 67 DC 5C 00 00
  can1  206  [16]  D8 62 2B 1C 36 62 5C 1C A2 18 E1 67 B4 5C 00 00"
2025-08-09T00:06:20.937984,257.561,"can1  206  [16]  42 64 25 1C BD 61 75 1C 94 18 B9 67 64 5C 00 00
  can1  206  [16]  6A 64 25 1C 6D 61 5C 1C 90 18 F2 63 B4 5C 00 00"
2025-08-09T00:06:21.145407,257.768,"can1  206  [16]  C7 66 6E 1C 02 60 DD 1B C3 18 6A 64 1F 5E 00 00
  can1  206  [16]  42 64 21 1D 45 61 D7 1B 2D 19 EF 66 2B 60 00 00"
2025-08-09T00:06:21.147416,257.770,"can1  206  [16]  6D 61 07 1D C9 63 1F 1C 06 19 FB 68 10 5F 00 00
  can1  206  [16]  36 62 C0 1C F2 63 43 1C F3 18 FB 68 98 5E 00 00"
2025-08-09T00:06:21.374977,257.998,"can1  206  [16]  28 63 A0 1C C9 63 56 1C F3 18 FB 68 6F 5E 00 00
  can1  206  [16]  87 62 8E 1C 50 63 56 1C E5 18 31 68 1F 5E 00 00"
2025-08-09T00:06:21.374977,257.998,"can1  206  [16]  5F 62 7B 1C 50 63 68 1C D6 18 68 67 CE 5D 00 00
  can1  206  [16]  AF 62 5C 1C 00 63 7B 1C CD 18 40 67 DC 5C 00 00"
2025-08-09T00:06:21.587077,258.210,"can1  206  [16]  AF 62 49 1C 00 63 7B 1C B5 18 E1 67 2D 5D 00 00
  can1  206  [16]  00 63 31 1C 5F 62 87 1C CD 18 B9 67 B4 5C 00 00"
2025-08-09T00:06:21.589096,258.212,"can1  206  [16]  D8 62 2B 1C E6 61 81 1C B5 18 B9 67 64 5C 00 00
  can1  206  [16]  6A 64 31 1C E6 61 7B 1C 9E 18 90 67 8C 5C 00 00"
2025-08-09T00:06:21.800453,258.423,"can1  206  [16]  C9 63 25 1C F4 60 7B 1C 94 18 79 63 05 5D 00 00
  can1  206  [16]  D5 65 68 1C 89 5F 06 1C C3 18 1A 64 6F 5E 00 00"
2025-08-09T00:06:21.800453,258.423,"can1  206  [16]  42 64 21 1D CC 60 E8 1B 2D 19 C7 66 53 60 00 00
  can1  206  [16]  0E 62 21 1D C9 63 E3 1B 19 19 E1 67 2B 60 00 00"
2025-08-09T00:06:22.015692,258.638,"can1  206  [16]  E6 61 0D 1D 1A 64 E8 1B 15 19 5A 68 DA 5F 00 00
  can1  206  [16]  E6 61 00 1D 1A 64 DD 1B 15 19 D3 68 B2 5F 00 00"
2025-08-09T00:06:22.015692,258.638,"can1  206  [16]  45 61 AD 1C A1 63 5C 1C FD 18 AA 68 98 5E 00 00
  can1  206  [16]  AF 62 75 1C 50 63 87 1C D6 18 31 68 CE 5D 00 00"
2025-08-09T00:06:22.237616,258.860,"can1  206  [16]  C9 63 5C 1C A1 63 9A 1C CD 18 5A 68 55 5D 00 00
  can1  206  [16]  AF 62 50 1C 42 64 8E 1C BF 18 82 68 05 5D 00 00"
2025-08-09T00:06:22.239632,258.862,"can1  206  [16]  5F 62 3D 1C A1 63 9A 1C CD 18 31 68 8C 5C 00 00
  can1  206  [16]  D8 62 37 1C 50 63 A0 1C CD 18 09 68 8C 5C 00 00"
2025-08-09T00:06:22.458748,259.081,"can1  206  [16]  D8 62 37 1C D8 62 A0 1C B5 18 E1 67 64 5C 00 00
  can1  206  [16]  79 63 2B 1C AF 62 9A 1C 94 18 B9 67 13 5C 00 00"
2025-08-09T00:06:22.458748,259.081,"can1  206  [16]  A1 63 2B 1C 5F 62 8E 1C 99 18 EF 66 C2 5B 00 00
  can1  206  [16]  C9 63 2B 1C BD 61 9A 1C 86 18 C7 66 13 5C 00 00"
2025-08-09T00:06:22.458748,259.081,"can1  206  [16]  93 64 3D 1C 45 61 7B 1C A2 18 00 63 05 5D 00 00
  can1  206  [16]  E3 64 9A 1C 6D 61 E3 1B E0 18 A1 63 2B 60 00 00"
2025-08-09T00:06:22.680327,259.303,"can1  206  [16]  C9 63 5C 1D 50 63 D7 1B FD 18 BB 64 2B 60 00 00
  can1  206  [16]  C9 63 2E 1D 28 63 D7 1B 01 19 0C 65 53 60 00 00"
2025-08-09T00:06:22.680327,259.303,"can1  206  [16]  79 63 35 1D 79 63 DD 1B 10 19 0C 65 53 60 00 00
  can1  206  [16]  28 63 3B 1D 79 63 E8 1B 15 19 26 66 53 60 00 00"
2025-08-09T00:06:22.909799,259.532,"can1  206  [16]  00 63 2E 1D F2 63 E8 1B 1E 19 17 67 2B 60 00 00
  can1  206  [16]  A1 63 28 1D 1A 64 EE 1B 1E 19 C7 66 02 60 00 00"
2025-08-09T00:06:22.917196,259.540,"can1  206  [16]  87 62 14 1D 6A 64 E8 1B 2D 19 17 67 2B 60 00 00
  can1  206  [16]  36 62 14 1D BB 64 E3 1B 1E 19 E1 67 DA 5F 00 00"
2025-08-09T00:06:23.109105,259.732,"can1  206  [16]  0E 62 FA 1C E3 64 E3 1B 15 19 D3 68 B2 5F 00 00
  can1  206  [16]  5F 62 F3 1C 93 64 F4 1B 10 19 FB 68 61 5F 00 00"
2025-08-09T00:06:23.113135,259.736,"can1  206  [16]  AF 62 F3 1C 6A 64 EE 1B 10 19 4C 69 DA 5F 00 00
  can1  206  [16]  95 61 8E 1C 50 63 75 1C E5 18 09 68 F6 5D 00 00"
2025-08-09T00:06:23.338952,259.962,"can1  206  [16]  AF 62 56 1C 00 63 75 1C BA 18 09 68 DC 5C 00 00
  can1  206  [16]  79 63 3D 1C D8 62 6E 1C AC 18 31 68 B4 5C 00 00"
2025-08-09T00:06:23.339950,259.963,"can1  206  [16]  00 63 3D 1C 5F 62 8E 1C A2 18 09 68 DC 5C 00 00
  can1  206  [16]  50 63 1F 1C 00 63 9A 1C 94 18 31 68 B4 5C 00 00
  can1  206  [16]  79 63 2B 1C AF 62 94 1C 8B 18 90 67 B4 5C 00 00"
2025-08-09T00:06:23.563252,260.186,"can1  206  [16]  F2 63 31 1C 36 62 6E 1C 82 18 40 67 C2 5B 00 00
  can1  206  [16]  E3 64 37 1C E6 61 62 1C 74 18 9F 66 C2 5B 00 00"
2025-08-09T00:06:23.563252,260.186,"can1  206  [16]  F2 63 43 1C 95 61 49 1C 90 18 79 63 64 5C 00 00
  can1  206  [16]  93 64 9A 1C 1C 61 CB 1B D6 18 93 64 6F 5E 00 00"
2025-08-09T00:06:23.773036,260.396,"can1  206  [16]  A1 63 49 1D 28 63 BF 1B EE 18 0C 65 10 5F 00 00
  can1  206  [16]  50 63 42 1D A1 63 C5 1B F3 18 FD 65 89 5F 00 00"
2025-08-09T00:06:23.775057,260.398,"can1  206  [16]  C9 63 3B 1D 1A 64 CB 1B 0B 19 4E 66 89 5F 00 00
  can1  206  [16]  36 62 35 1D 6A 64 D1 1B 19 19 4E 66 B2 5F 00 00"
2025-08-09T00:06:24.002631,260.625,"can1  206  [16]  5F 62 28 1D FD 65 D1 1B 3C 19 17 67 B2 5F 00 00
  can1  206  [16]  95 61 00 1D 4E 66 00 1C 15 19 4C 69 E8 5E 00 00"
2025-08-09T00:06:24.002631,260.625,"can1  206  [16]  F4 60 62 1C 93 64 B3 1C CD 18 09 68 8C 5C 00 00
  can1  206  [16]  BD 61 31 1C 79 63 A7 1C A2 18 E1 67 EB 5B 00 00"
2025-08-09T00:06:24.205405,260.828,"can1  206  [16]  D8 62 31 1C 28 63 8E 1C AC 18 68 67 72 5B 00 00
  can1  206  [16]  AF 62 25 1C D8 62 87 1C B0 18 40 67 21 5B 00 00"
2025-08-09T00:06:24.205405,260.828,"can1  206  [16]  28 63 37 1C AF 62 81 1C B0 18 C7 66 72 5B 00 00
  can1  206  [16]  28 63 3D 1C 6D 61 50 1C BF 18 A1 63 8C 5C 00 00"
2025-08-09T00:06:24.421804,261.044,"can1  206  [16]  42 64 87 1C 45 61 AD 1B 10 19 93 64 6F 5E 00 00
  can1  206  [16]  00 63 3B 1D 00 63 A2 1B 19 19 6A 64 39 5F 00 00"
2025-08-09T00:06:24.424927,261.048,"can1  206  [16]  BB 64 2E 1D C9 63 A2 1B 01 19 E3 64 02 60 00 00
  can1  206  [16]  93 64 28 1D 6A 64 A7 1B 0B 19 FD 65 B2 5F 00 00"
2025-08-09T00:06:24.643838,261.266,"can1  206  [16]  F2 63 28 1D 42 64 AD 1B 10 19 4E 66 2B 60 00 00
  can1  206  [16]  AF 62 21 1D 93 64 AD 1B 15 19 EF 66 B2 5F 00 00
  can1  206  [16]  AF 62 1A 1D E3 64 AD 1B 19 19 90 67 B2 5F 00 00"
2025-08-09T00:06:24.645853,261.268,"can1  206  [16]  36 62 21 1D BB 64 BF 1B 10 19 09 68 61 5F 00 00
  can1  206  [16]  E6 61 14 1D AD 65 B9 1B 15 19 82 68 39 5F 00 00"
2025-08-09T00:06:24.865999,261.489,can1  206  [16]  6D 61 E7 1C 42 64 3D 1C FD 18 FB 68 1F 5E 00 00
2025-08-09T00:06:24.868009,261.491,"can1  206  [16]  5F 62 A7 1C 6A 64 6E 1C EE 18 FB 68 7E 5D 00 00
  can1  206  [16]  00 63 7B 1C 42 64 7B 1C DB 18 AA 68 F6 5D 00 00"
2025-08-09T00:06:24.868009,261.491,"can1  206  [16]  5F 62 6E 1C 1A 64 7B 1C CD 18 82 68 55 5D 00 00
  can1  206  [16]  50 63 62 1C F2 63 8E 1C C3 18 82 68 2D 5D 00 00
  can1  206  [16]  AF 62 50 1C A1 63 8E 1C B5 18 31 68 DC 5C 00 00"
2025-08-09T00:06:25.088286,261.711,"can1  206  [16]  5F 62 3D 1C 50 63 81 1C B0 18 09 68 8C 5C 00 00
  can1  206  [16]  A1 63 37 1C D8 62 6E 1C A2 18 E1 67 8C 5C 00 00"
2025-08-09T00:06:25.090303,261.713,"can1  206  [16]  00 63 31 1C 87 62 6E 1C B5 18 E1 67 8C 5C 00 00
  can1  206  [16]  00 63 31 1C 0E 62 68 1C B0 18 17 67 8C 5C 00 00"
2025-08-09T00:06:25.293140,261.916,can1  206  [16]  50 63 3D 1C 6D 61 50 1C BF 18 28 63 DC 5C 00 00
2025-08-09T00:06:25.293140,261.916,"can1  206  [16]  BB 64 6E 1C 53 60 C5 1B D2 18 C9 63 47 5E 00 00
  can1  206  [16]  D5 65 2E 1D 45 61 D7 1B 23 19 17 67 B2 5F 00 00"
2025-08-09T00:06:25.515169,262.138,"can1  206  [16]  AF 62 1A 1D 42 64 D1 1B 10 19 5A 68 DA 5F 00 00
  can1  206  [16]  87 62 07 1D 93 64 CB 1B 10 19 D3 68 B2 5F 00 00"
2025-08-09T00:06:25.515169,262.138,"can1  206  [16]  36 62 F3 1C 93 64 CB 1B 06 19 D3 68 B2 5F 00 00
  can1  206  [16]  6D 61 A7 1C 28 63 5C 1C F8 18 31 68 F6 5D 00 00"
2025-08-09T00:06:25.736464,262.359,"can1  206  [16]  00 63 68 1C 00 63 6E 1C CD 18 09 68 55 5D 00 00
  can1  206  [16]  F2 63 50 1C 28 63 6E 1C BF 18 B9 67 2D 5D 00 00"
2025-08-09T00:06:25.738599,262.361,"can1  206  [16]  36 62 49 1C D8 62 75 1C B0 18 B9 67 8C 5C 00 00
  can1  206  [16]  AF 62 43 1C 0E 62 68 1C A7 18 E1 67 8C 5C 00 00"
2025-08-09T00:06:25.959026,262.582,"can1  206  [16]  00 63 37 1C 0E 62 81 1C 99 18 E1 67 EB 5B 00 00
  can1  206  [16]  C9 63 31 1C 6D 61 75 1C 94 18 C9 63 8C 5C 00 00"
2025-08-09T00:06:25.959026,262.582,"can1  206  [16]  D5 65 75 1C 2B 60 DD 1B BA 18 1A 64 1F 5E 00 00
  can1  206  [16]  6A 64 2E 1D 95 61 C5 1B 23 19 C7 66 02 60 00 00"
2025-08-09T00:06:25.959026,262.582,"can1  206  [16]  E6 61 35 1D BB 64 BF 1B 19 19 E1 67 B2 5F 00 00
  can1  206  [16]  36 62 14 1D AD 65 BF 1B 10 19 E1 67 89 5F 00 00"
2025-08-09T00:06:26.180846,262.803,"can1  206  [16]  E6 61 07 1D 0C 65 C5 1B 10 19 31 68 B2 5F 00 00
  can1  206  [16]  0E 62 F3 1C E3 64 CB 1B 0B 19 82 68 89 5F 00 00"
2025-08-09T00:06:26.182855,262.805,"can1  206  [16]  E6 61 F3 1C E3 64 D7 1B 01 19 31 68 61 5F 00 00
  can1  206  [16]  95 61 9A 1C C9 63 68 1C E9 18 68 67 F6 5D 00 00"
2025-08-09T00:06:26.387774,263.010,"can1  206  [16]  AF 62 62 1C 79 63 7B 1C BF 18 90 67 05 5D 00 00
  can1  206  [16]  1A 64 49 1C 00 63 7B 1C B0 18 E1 67 DC 5C 00 00"
2025-08-09T00:06:26.392009,263.015,"can1  206  [16]  D8 62 31 1C D8 62 7B 1C A7 18 B9 67 8C 5C 00 00
  can1  206  [16]  1A 64 3D 1C 5F 62 81 1C 99 18 09 68 8C 5C 00 00"
2025-08-09T00:06:26.616928,263.240,"can1  206  [16]  F2 63 3D 1C BD 61 7B 1C 90 18 90 67 64 5C 00 00
  can1  206  [16]  BB 64 31 1C BD 61 7B 1C 86 18 17 67 13 5C 00 00"
2025-08-09T00:06:26.616928,263.240,"can1  206  [16]  26 66 3D 1C 45 61 68 1C 99 18 50 63 B4 5C 00 00
  can1  206  [16]  26 66 6E 1C A3 60 E3 1B D2 18 1A 64 C0 5E 00 00"
2025-08-09T00:06:26.832535,263.455,"can1  206  [16]  1A 64 3B 1D 0E 62 CB 1B FD 18 BB 64 02 60 00 00
  can1  206  [16]  D5 65 28 1D 87 62 C5 1B 19 19 0C 65 2B 60 00 00"
2025-08-09T00:06:26.834552,263.457,"can1  206  [16]  BB 64 28 1D 00 63 C5 1B 19 19 AD 65 53 60 00 00
  can1  206  [16]  A1 63 35 1D 79 63 C5 1B 1E 19 FD 65 A3 60 00 00"
2025-08-09T00:06:27.054327,263.677,"can1  206  [16]  28 63 3B 1D C9 63 CB 1B 15 19 26 66 A3 60 00 00
  can1  206  [16]  28 63 21 1D F2 63 B9 1B 40 19 C7 66 53 60 00 00"
2025-08-09T00:06:27.060389,263.683,"can1  206  [16]  D8 62 21 1D 1A 64 A2 1B 2D 19 EF 66 53 60 00 00
  can1  206  [16]  79 63 1A 1D 93 64 B9 1B 15 19 68 67 2B 60 00 00"
2025-08-09T00:06:27.276822,263.899,"can1  206  [16]  28 63 07 1D AD 65 BF 1B 10 19 E1 67 7B 60 00 00
  can1  206  [16]  5F 62 07 1D 34 65 B9 1B 0B 19 31 68 53 60 00 00"
2025-08-09T00:06:27.278842,263.901,"can1  206  [16]  45 61 C7 1C 42 64 37 1C F8 18 82 68 61 5F 00 00
  can1  206  [16]  0E 62 87 1C 1A 64 7B 1C E0 18 09 68 1F 5E 00 00"
2025-08-09T00:06:27.500949,264.124,"can1  206  [16]  D8 62 7B 1C 6A 64 8E 1C CD 18 82 68 CE 5D 00 00
  can1  206  [16]  C9 63 62 1C F2 63 9A 1C C3 18 E1 67 55 5D 00 00"
2025-08-09T00:06:27.500949,264.124,"can1  206  [16]  D8 62 56 1C C9 63 94 1C B5 18 E1 67 55 5D 00 00
  can1  206  [16]  5F 62 3D 1C 00 63 A0 1C AC 18 09 68 05 5D 00 00"
2025-08-09T00:06:27.500949,264.124,"can1  206  [16]  5F 62 37 1C D8 62 A7 1C A7 18 E1 67 13 5C 00 00
  can1  206  [16]  D8 62 31 1C 36 62 A7 1C 94 18 90 67 C2 5B 00 00"
2025-08-09T00:06:27.721257,264.344,"can1  206  [16]  79 63 2B 1C E6 61 9A 1C 8B 18 68 67 EB 5B 00 00
  can1  206  [16]  A1 63 25 1C 6D 61 7B 1C 90 18 C9 63 64 5C 00 00"
2025-08-09T00:06:27.721257,264.344,"can1  206  [16]  BB 64 75 1C A3 60 DD 1B BF 18 F2 63 47 5E 00 00
  can1  206  [16]  28 63 28 1D 0E 62 AD 1B E0 18 BB 64 10 5F 00 00
  can1  206  [16]  28 63 1A 1D 95 61 CB 1B 1E 19 90 67 61 5F 00 00"
2025-08-09T00:06:27.958527,264.581,can1  206  [16]  CC 60 E0 1C 00 63 3D 1C FD 18 FB 68 98 5E 00 00
2025-08-09T00:06:27.958527,264.581,"can1  206  [16]  A3 60 3D 1C A3 60 94 1C 94 18 F2 63 EB 5B 00 00
  can1  206  [16]  C9 63 68 1C E8 5E 1F 1C AC 18 A1 63 A6 5D 00 00"
2025-08-09T00:06:28.163977,264.787,"can1  206  [16]  79 63 FA 1C 2B 60 E8 1B 1E 19 26 66 2B 60 00 00
  can1  206  [16]  0E 62 3B 1D 00 63 E3 1B 1E 19 90 67 89 5F 00 00"
2025-08-09T00:06:28.168005,264.791,"can1  206  [16]  36 62 21 1D 79 63 E3 1B 15 19 09 68 B2 5F 00 00
  can1  206  [16]  87 62 0D 1D C9 63 E8 1B 19 19 82 68 53 60 00 00
  can1  206  [16]  E6 61 00 1D F2 63 EE 1B 15 19 D3 68 53 60 00 00"
2025-08-09T00:06:28.375709,264.998,"can1  206  [16]  95 61 C7 1C 28 63 62 1C FD 18 FB 68 39 5F 00 00
  can1  206  [16]  36 62 8E 1C 00 63 7B 1C E5 18 D3 68 47 5E 00 00"
2025-08-09T00:06:28.375709,264.998,"can1  206  [16]  36 62 75 1C D8 62 62 1C D6 18 D3 68 F6 5D 00 00
  can1  206  [16]  36 62 62 1C 00 63 68 1C C8 18 82 68 CE 5D 00 00"
2025-08-09T00:06:28.601345,265.224,can1  206  [16]  95 61 50 1C DA 5F 5C 1C 9E 18 D8 62 55 5D 00 00
2025-08-09T00:06:28.601345,265.224,"can1  206  [16]  42 64 7B 1C DA 5F BF 1B CD 18 C9 63 89 5F 00 00
  can1  206  [16]  28 63 28 1D 45 61 C5 1B 28 19 9F 66 7B 60 00 00"
2025-08-09T00:06:28.817671,265.440,"can1  206  [16]  F4 60 FA 1C 00 63 25 1C F8 18 09 68 61 5F 00 00
  can1  206  [16]  E6 61 A0 1C AF 62 49 1C E0 18 B9 67 98 5E 00 00"
2025-08-09T00:06:28.822391,265.445,"can1  206  [16]  6D 61 31 1C 7B 60 68 1C 8B 18 C9 63 DC 5C 00 00
  can1  206  [16]  6A 64 6E 1C 10 5F EE 1B AC 18 1A 64 F6 5D 00 00"
2025-08-09T00:06:29.040558,265.663,"can1  206  [16]  C9 63 07 1D 53 60 B9 1B 19 19 76 66 53 60 00 00
  can1  206  [16]  95 61 1A 1D 00 63 E8 1B 0B 19 74 69 E8 5E 00 00"
2025-08-09T00:06:29.047892,265.670,"can1  206  [16]  F4 60 5C 1C 36 62 9A 1C C3 18 31 68 B4 5C 00 00
  can1  206  [16]  5F 62 3D 1C 6D 61 6E 1C 86 18 6A 64 3B 5C 00 00"
2025-08-09T00:06:29.262093,265.885,"can1  206  [16]  6A 64 75 1C 61 5F FA 1B A7 18 F2 63 DC 5C 00 00
  can1  206  [16]  C9 63 00 1D 53 60 DD 1B 10 19 FD 65 B2 5F 00 00"
2025-08-09T00:06:29.262969,265.886,"can1  206  [16]  5F 62 2E 1D 28 63 E3 1B 19 19 90 67 61 5F 00 00
  can1  206  [16]  36 62 1A 1D 79 63 E3 1B 10 19 09 68 61 5F 00 00"
2025-08-09T00:06:29.262969,265.886,"can1  206  [16]  95 61 F3 1C D8 62 37 1C EE 18 74 69 98 5E 00 00
  can1  206  [16]  45 61 49 1C 1C 61 AD 1C 94 18 BB 64 72 5B 00 00"
2025-08-09T00:06:29.467153,266.090,"can1  206  [16]  42 64 68 1C E8 5E 49 1C AC 18 C9 63 B4 5C 00 00
  can1  206  [16]  C9 63 C7 1C 02 60 D7 1B 0B 19 BB 64 61 5F 00 00"
2025-08-09T00:06:29.469167,266.092,"can1  206  [16]  E6 61 56 1D 87 62 E3 1B 15 19 C7 66 B2 5F 00 00
  can1  206  [16]  28 63 21 1D 00 63 E3 1B 15 19 40 67 B2 5F 00 00"
2025-08-09T00:06:29.693175,266.316,"can1  206  [16]  5F 62 1A 1D 28 63 DD 1B 19 19 90 67 B2 5F 00 00
  can1  206  [16]  87 62 21 1D A1 63 DD 1B 15 19 31 68 89 5F 00 00"
2025-08-09T00:06:29.693175,266.316,"can1  206  [16]  E6 61 07 1D 79 63 E3 1B 15 19 82 68 61 5F 00 00
  can1  206  [16]  BD 61 00 1D 79 63 DD 1B 10 19 82 68 39 5F 00 00"
2025-08-09T00:06:29.910455,266.533,"can1  206  [16]  0E 62 07 1D A1 63 E8 1B 01 19 D3 68 C0 5E 00 00
  can1  206  [16]  45 61 AD 1C AF 62 68 1C F3 18 AA 68 CE 5D 00 00"
2025-08-09T00:06:29.910455,266.533,can1  206  [16]  45 61 49 1C 02 60 9A 1C 99 18 A1 63 EB 5B 00 00
2025-08-09T00:06:30.133760,266.756,"can1  206  [16]  BB 64 6E 1C 39 5F 00 1C B5 18 1A 64 55 5D 00 00
  can1  206  [16]  6A 64 14 1D 53 60 E3 1B 28 19 C7 66 89 5F 00 00"
2025-08-09T00:06:30.133760,266.756,"can1  206  [16]  5F 62 21 1D 79 63 E3 1B 1E 19 31 68 61 5F 00 00
  can1  206  [16]  D8 62 14 1D A1 63 E3 1B 15 19 31 68 61 5F 00 00"
2025-08-09T00:06:30.359039,266.982,"can1  206  [16]  5F 62 0D 1D A1 63 E3 1B 10 19 D3 68 89 5F 00 00
  can1  206  [16]  6D 61 C0 1C D8 62 62 1C F8 18 D3 68 47 5E 00 00"
2025-08-09T00:06:30.359039,266.982,"can1  206  [16]  E6 61 75 1C 87 62 75 1C D6 18 AA 68 55 5D 00 00
  can1  206  [16]  36 62 68 1C 5F 62 6E 1C C8 18 AA 68 05 5D 00 00"
2025-08-09T00:06:30.558943,267.182,"can1  206  [16]  36 62 62 1C 5F 62 7B 1C BF 18 E1 67 05 5D 00 00
  can1  206  [16]  36 62 49 1C E6 61 75 1C B5 18 B9 67 64 5C 00 00"
2025-08-09T00:06:30.558943,267.182,"can1  206  [16]  87 62 2B 1C BD 61 75 1C CD 18 31 68 13 5C 00 00
  can1  206  [16]  D8 62 25 1C 6D 61 56 1C 99 18 6A 64 EB 5B 00 00
  can1  206  [16]  E3 64 68 1C 10 5F EE 1B B0 18 1A 64 B4 5C 00 00"
2025-08-09T00:06:30.786777,267.409,can1  206  [16]  42 64 F3 1C 53 60 BF 1B 19 19 4E 66 89 5F 00 00
2025-08-09T00:06:30.786777,267.409,"can1  206  [16]  0E 62 35 1D 28 63 C5 1B 1E 19 B9 67 89 5F 00 00
  can1  206  [16]  0E 62 0D 1D A1 63 C5 1B 19 19 31 68 B2 5F 00 00"
2025-08-09T00:06:30.786777,267.409,"can1  206  [16]  E6 61 14 1D A1 63 BF 1B 15 19 AA 68 89 5F 00 00
  can1  206  [16]  6D 61 E7 1C AF 62 2B 1C FD 18 D3 68 C0 5E 00 00"
2025-08-09T00:06:31.002613,267.625,"can1  206  [16]  0E 62 9A 1C D8 62 50 1C E5 18 AA 68 98 5E 00 00
  can1  206  [16]  5F 62 87 1C D8 62 5C 1C DB 18 AA 68 1F 5E 00 00"
2025-08-09T00:06:31.002613,267.625,"can1  206  [16]  36 62 6E 1C 00 63 62 1C CD 18 D3 68 7E 5D 00 00
  can1  206  [16]  AF 62 62 1C AF 62 68 1C BF 18 D3 68 7E 5D 00 00"
2025-08-09T00:06:31.225045,267.848,"can1  206  [16]  5F 62 49 1C AF 62 6E 1C B5 18 D3 68 2D 5D 00 00
  can1  206  [16]  AF 62 43 1C 36 62 81 1C A7 18 AA 68 B4 5C 00 00"
2025-08-09T00:06:31.225045,267.848,"can1  206  [16]  00 63 31 1C 6D 61 87 1C 90 18 BB 64 64 5C 00 00
  can1  206  [16]  34 65 68 1C 61 5F 13 1C BF 18 F2 63 CE 5D 00 00"
2025-08-09T00:06:31.444430,268.067,"can1  206  [16]  6A 64 FA 1C 7B 60 E8 1B 3C 19 FD 65 CC 60 00 00
  can1  206  [16]  36 62 3B 1D 79 63 E3 1B 28 19 40 67 F4 60 00 00"
2025-08-09T00:06:31.444430,268.067,"can1  206  [16]  87 62 14 1D C9 63 E8 1B 1E 19 09 68 A3 60 00 00
  can1  206  [16]  87 62 07 1D F2 63 E3 1B 15 19 5A 68 A3 60 00 00"
2025-08-09T00:06:31.666826,268.289,"can1  206  [16]  00 63 07 1D 42 64 E3 1B 19 19 D3 68 2B 60 00 00
  can1  206  [16]  36 62 00 1D 42 64 CB 1B 10 19 FB 68 02 60 00 00"
2025-08-09T00:06:31.668838,268.291,"can1  206  [16]  45 61 B3 1C 00 63 50 1C FD 18 D3 68 C0 5E 00 00
  can1  206  [16]  5F 62 81 1C D8 62 6E 1C DB 18 31 68 CE 5D 00 00
  can1  206  [16]  A1 63 68 1C AF 62 6E 1C F3 18 31 68 A6 5D 00 00"
2025-08-09T00:06:31.874713,268.497,"can1  206  [16]  AF 62 56 1C 36 62 7B 1C DB 18 82 68 05 5D 00 00
  can1  206  [16]  C9 63 43 1C 95 61 7B 1C 8B 18 D5 65 8C 5C 00 00"
2025-08-09T00:06:31.876721,268.499,"can1  206  [16]  D5 65 68 1C C0 5E 2B 1C AC 18 C9 63 55 5D 00 00
  can1  206  [16]  93 64 E0 1C 61 5F DD 1B 15 19 0C 65 53 60 00 00"
2025-08-09T00:06:32.093816,268.716,can1  206  [16]  50 63 5C 1D 0E 62 DD 1B 28 19 EF 66 A3 60 00 00
2025-08-09T00:06:32.093816,268.716,"can1  206  [16]  D8 62 21 1D AF 62 E3 1B 40 19 90 67 7B 60 00 00
  can1  206  [16]  C9 63 21 1D 28 63 E8 1B 23 19 09 68 53 60 00 00
  can1  206  [16]  5F 62 14 1D 50 63 EE 1B 19 19 31 68 02 60 00 00"
2025-08-09T00:06:32.317364,268.940,"can1  206  [16]  E6 61 0D 1D 79 63 FA 1B 19 19 AA 68 2B 60 00 00
  can1  206  [16]  0E 62 07 1D 79 63 00 1C 10 19 FB 68 DA 5F 00 00"
2025-08-09T00:06:32.317364,268.940,"can1  206  [16]  0E 62 07 1D 79 63 E3 1B 06 19 4C 69 DA 5F 00 00
  can1  206  [16]  E6 61 FA 1C 00 63 E3 1B 01 19 9C 69 B2 5F 00 00"
2025-08-09T00:06:32.319375,268.942,"can1  206  [16]  79 63 ED 1C D8 62 E8 1B 01 19 9C 69 B2 5F 00 00
  can1  206  [16]  D8 62 E0 1C D8 62 EE 1B 1E 19 74 69 B2 5F 00 00"
2025-08-09T00:06:32.539512,269.162,"can1  206  [16]  00 63 E7 1C AF 62 FA 1B 1E 19 23 69 89 5F 00 00
  can1  206  [16]  C9 63 DA 1C 5F 62 1F 1C 10 19 FB 68 39 5F 00 00"
2025-08-09T00:06:32.552680,269.175,"can1  206  [16]  00 63 B3 1C 5F 62 31 1C EE 18 AA 68 10 5F 00 00
  can1  206  [16]  E3 64 A7 1C AF 62 31 1C EE 18 90 67 98 5E 00 00"
2025-08-09T00:06:32.759487,269.382,can1  206  [16]  6A 64 9A 1C 87 62 3D 1C 10 19 B9 67 6F 5E 00 00
2025-08-09T00:06:32.761497,269.384,"can1  206  [16]  79 63 81 1C 5F 62 49 1C F3 18 5A 68 1F 5E 00 00
  can1  206  [16]  A1 63 68 1C 36 62 50 1C CD 18 31 68 A6 5D 00 00
  can1  206  [16]  42 64 50 1C AF 62 5C 1C C3 18 E1 67 05 5D 00 00"
2025-08-09T00:06:32.981564,269.604,"can1  206  [16]  42 64 43 1C 36 62 6E 1C B0 18 E1 67 B4 5C 00 00
  can1  206  [16]  E3 64 3D 1C E6 61 75 1C A2 18 B9 67 B4 5C 00 00"
2025-08-09T00:06:32.981564,269.604,"can1  206  [16]  D5 65 2B 1C 6D 61 62 1C 90 18 1A 64 B4 5C 00 00
  can1  206  [16]  17 67 75 1C 10 5F FA 1B B5 18 A1 63 1F 5E 00 00"
2025-08-09T00:06:33.187355,269.810,"can1  206  [16]  D5 65 07 1D 53 60 D1 1B 1E 19 D5 65 53 60 00 00
  can1  206  [16]  F2 63 35 1D 28 63 D7 1B 10 19 68 67 02 60 00 00"
2025-08-09T00:06:33.187355,269.810,"can1  206  [16]  87 62 21 1D C9 63 D7 1B 06 19 B9 67 2B 60 00 00
  can1  206  [16]  C9 63 0D 1D A1 63 CB 1B 01 19 5A 68 B2 5F 00 00"
2025-08-09T00:06:33.409801,270.032,"can1  206  [16]  A1 63 00 1D 79 63 CB 1B F8 18 D3 68 DA 5F 00 00
  can1  206  [16]  D8 62 07 1D F2 63 D1 1B FD 18 FB 68 B2 5F 00 00"
2025-08-09T00:06:33.409801,270.032,"can1  206  [16]  F2 63 FA 1C F2 63 D7 1B 01 19 FB 68 89 5F 00 00
  can1  206  [16]  D8 62 ED 1C 79 63 DD 1B 06 19 74 69 39 5F 00 00"
2025-08-09T00:06:33.637695,270.260,"can1  206  [16]  C9 63 ED 1C 79 63 E3 1B 06 19 74 69 89 5F 00 00
  can1  206  [16]  36 62 E7 1C 28 63 EE 1B FD 18 23 69 89 5F 00 00"
2025-08-09T00:06:33.637695,270.260,"can1  206  [16]  5F 62 E0 1C 79 63 06 1C F8 18 74 69 39 5F 00 00
  can1  206  [16]  BD 61 C0 1C 50 63 19 1C 15 19 AA 68 39 5F 00 00"
2025-08-09T00:06:33.853114,270.476,"can1  206  [16]  1C 61 43 1C 45 61 7B 1C 9E 18 93 64 13 5C 00 00
  can1  206  [16]  C9 63 62 1C 98 5E 25 1C AC 18 79 63 7E 5D 00 00"
2025-08-09T00:06:33.856649,270.479,"can1  206  [16]  A1 63 D3 1C B2 5F BF 1B 0B 19 0C 65 02 60 00 00
  can1  206  [16]  5F 62 4F 1D AF 62 BF 1B 10 19 C7 66 2B 60 00 00"
2025-08-09T00:06:34.073055,270.696,"can1  206  [16]  36 62 3B 1D 28 63 B9 1B 19 19 4E 66 53 60 00 00
  can1  206  [16]  BD 61 21 1D C9 63 CB 1B 15 19 EF 66 2B 60 00 00"
2025-08-09T00:06:34.073055,270.696,"can1  206  [16]  5F 62 14 1D F2 63 CB 1B 19 19 17 67 02 60 00 00
  can1  206  [16]  E6 61 14 1D 42 64 D1 1B 15 19 90 67 DA 5F 00 00"
2025-08-09T00:06:34.074812,270.697,"can1  206  [16]  0E 62 14 1D 1A 64 D1 1B 10 19 5A 68 B2 5F 00 00
  can1  206  [16]  5F 62 0D 1D F2 63 D7 1B 06 19 82 68 89 5F 00 00"
2025-08-09T00:06:34.282131,270.905,"can1  206  [16]  00 63 07 1D C9 63 FA 1B 01 19 D3 68 10 5F 00 00
  can1  206  [16]  E6 61 F3 1C A1 63 00 1C 01 19 FB 68 89 5F 00 00"
2025-08-09T00:06:34.282131,270.905,"can1  206  [16]  5F 62 FA 1C A1 63 0C 1C 01 19 FB 68 61 5F 00 00
  can1  206  [16]  E6 61 E0 1C 79 63 25 1C F8 18 82 68 61 5F 00 00"
2025-08-09T00:06:34.504949,271.128,"can1  206  [16]  BD 61 DA 1C 79 63 37 1C F8 18 AA 68 39 5F 00 00
  can1  206  [16]  6D 61 50 1C 36 62 C0 1C BA 18 17 67 B4 5C 00 00"
2025-08-09T00:06:34.504949,271.128,"can1  206  [16]  D8 62 2B 1C F4 60 75 1C 90 18 50 63 8C 5C 00 00
  can1  206  [16]  93 64 6E 1C 2B 60 D7 1B B0 18 50 63 47 5E 00 00"
2025-08-09T00:06:34.727422,271.350,can1  206  [16]  A1 63 00 1D 6D 61 BF 1B 1E 19 D5 65 53 60 00 00
2025-08-09T00:06:34.949001,271.572,"can1  206  [16]  45 61 1A 1D F2 63 06 1C 06 19 AA 68 89 5F 00 00
  can1  206  [16]  BD 61 D3 1C 1A 64 25 1C F3 18 82 68 61 5F 00 00
  can1  206  [16]  95 61 3D 1C 5F 62 8E 1C AC 18 17 67 B4 5C 00 00
  can1  206  [16]  28 63 2B 1C 6D 61 5C 1C 90 18 00 63 DC 5C 00 00"
2025-08-09T00:06:34.949001,271.572,"can1  206  [16]  17 67 6E 1C 53 60 CB 1B BF 18 79 63 6F 5E 00 00
  can1  206  [16]  4E 66 21 1D BD 61 A7 1B D6 18 F2 63 61 5F 00 00"
2025-08-09T00:06:35.172362,271.795,"can1  206  [16]  93 64 1A 1D 5F 62 9C 1B E5 18 42 64 B2 5F 00 00
  can1  206  [16]  E3 64 21 1D D8 62 96 1B F3 18 C9 63 02 60 00 00"
2025-08-09T00:06:35.184478,271.807,"can1  206  [16]  93 64 28 1D 00 63 96 1B FD 18 6A 64 2B 60 00 00
  can1  206  [16]  C9 63 28 1D 79 63 9C 1B 06 19 E3 64 A3 60 00 00"
2025-08-09T00:06:35.407374,272.030,"can1  206  [16]  A1 63 21 1D C9 63 A7 1B 10 19 D5 65 CC 60 00 00
  can1  206  [16]  79 63 28 1D F2 63 AD 1B 15 19 FD 65 A3 60 00 00"
2025-08-09T00:06:35.407374,272.030,"can1  206  [16]  79 63 1A 1D 50 63 AD 1B 1E 19 76 66 7B 60 00 00
  can1  206  [16]  50 63 1A 1D 50 63 A7 1B 19 19 17 67 2B 60 00 00"
2025-08-09T00:06:35.407374,272.030,"can1  206  [16]  0E 62 1A 1D A1 63 AD 1B 15 19 EF 66 2B 60 00 00
  can1  206  [16]  5F 62 07 1D 1A 64 AD 1B 19 19 68 67 02 60 00 00"
2025-08-09T00:06:35.614813,272.237,"can1  206  [16]  BD 61 07 1D 1A 64 AD 1B 10 19 E1 67 02 60 00 00
  can1  206  [16]  36 62 FA 1C 6A 64 B3 1B 06 19 31 68 2B 60 00 00"
2025-08-09T00:06:35.614813,272.237,"can1  206  [16]  36 62 F3 1C 1A 64 BF 1B 01 19 31 68 DA 5F 00 00
  can1  206  [16]  87 62 ED 1C 1A 64 C5 1B 01 19 82 68 B2 5F 00 00
  can1  206  [16]  36 62 ED 1C F2 63 D7 1B 01 19 31 68 61 5F 00 00"
2025-08-09T00:06:35.844546,272.467,"can1  206  [16]  5F 62 E7 1C 79 63 F4 1B 01 19 E1 67 61 5F 00 00
  can1  206  [16]  E6 61 DA 1C 00 63 06 1C FD 18 31 68 61 5F 00 00"
2025-08-09T00:06:35.847622,272.470,"can1  206  [16]  E6 61 C0 1C AF 62 1F 1C F3 18 E1 67 39 5F 00 00
  can1  206  [16]  36 62 A7 1C 5F 62 37 1C EE 18 09 68 E8 5E 00 00"
2025-08-09T00:06:36.058055,272.681,"can1  206  [16]  00 63 94 1C 5F 62 43 1C E5 18 E1 67 98 5E 00 00
  can1  206  [16]  36 62 7B 1C 5F 62 50 1C DB 18 90 67 47 5E 00 00"
2025-08-09T00:06:36.063469,272.686,"can1  206  [16]  50 63 7B 1C 5F 62 56 1C D2 18 B9 67 CE 5D 00 00
  can1  206  [16]  D8 62 5C 1C 36 62 62 1C BF 18 90 67 A6 5D 00 00"
2025-08-09T00:06:36.280098,272.903,"can1  206  [16]  42 64 43 1C E6 61 68 1C B0 18 68 67 7E 5D 00 00
  can1  206  [16]  79 63 37 1C 6D 61 56 1C 82 18 6A 64 DC 5C 00 00"
2025-08-09T00:06:36.282113,272.905,"can1  206  [16]  34 65 68 1C C0 5E FA 1B A2 18 00 63 2D 5D 00 00
  can1  206  [16]  BB 64 E0 1C 53 60 A7 1B FD 18 93 64 89 5F 00 00"
2025-08-09T00:06:36.501309,273.124,"can1  206  [16]  D8 62 3B 1D 00 63 AD 1B 06 19 4E 66 B2 5F 00 00
  can1  206  [16]  87 62 28 1D 50 63 B3 1B 0B 19 EF 66 B2 5F 00 00
  can1  206  [16]  87 62 1A 1D 79 63 B9 1B 10 19 17 67 B2 5F 00 00"
2025-08-09T00:06:36.501309,273.124,"can1  206  [16]  95 61 00 1D 00 63 0C 1C 01 19 AA 68 98 5E 00 00
  can1  206  [16]  F4 60 50 1C BD 61 8E 1C AC 18 17 67 13 5C 00 00"
2025-08-09T00:06:36.724135,273.347,can1  206  [16]  5F 62 3D 1C CC 60 5C 1C 99 18 50 63 64 5C 00 00
2025-08-09T00:06:36.730170,273.353,can1  206  [16]  42 64 75 1C B2 5F CB 1B C3 18 50 63 CE 5D 00 00
2025-08-09T00:06:36.948453,273.571,"can1  206  [16]  1A 64 21 1D A3 60 C5 1B 28 19 D5 65 B2 5F 00 00
  can1  206  [16]  36 62 28 1D 79 63 CB 1B 15 19 90 67 B2 5F 00 00
  can1  206  [16]  BD 61 14 1D C9 63 C5 1B 0B 19 68 67 B2 5F 00 00"
2025-08-09T00:06:37.169986,273.793,"can1  206  [16]  BD 61 07 1D C9 63 CB 1B 0B 19 B9 67 B2 5F 00 00
  can1  206  [16]  7B 60 B3 1C AF 62 56 1C F8 18 B9 67 6F 5E 00 00
  can1  206  [16]  1C 61 49 1C 02 60 7B 1C 9E 18 5F 62 64 5C 00 00
  can1  206  [16]  42 64 81 1C 39 5F 06 1C AC 18 28 63 7E 5D 00 00"
2025-08-09T00:06:37.171998,273.795,can1  206  [16]  79 63 21 1D 53 60 E8 1B 15 19 E3 64 DA 5F 00 00
2025-08-09T00:06:37.171998,273.795,"can1  206  [16]  F4 60 1A 1D D8 62 25 1C F8 18 E1 67 C0 5E 00 00
  can1  206  [16]  F4 60 56 1C 6D 61 AD 1C 7D 18 C9 63 9A 5B 00 00
  can1  206  [16]  F2 63 68 1C 10 5F 43 1C 99 18 0E 62 B4 5C 00 00"
2025-08-09T00:06:37.392994,274.016,"can1  206  [16]  42 64 BA 1C B2 5F D1 1B F3 18 C9 63 61 5F 00 00
  can1  206  [16]  87 62 56 1D 0E 62 CB 1B 0B 19 BB 64 02 60 00 00
  can1  206  [16]  36 62 35 1D D8 62 BF 1B 19 19 D5 65 DA 5F 00 00"
2025-08-09T00:06:37.614391,274.237,"can1  206  [16]  E6 61 2E 1D 00 63 B3 1B 19 19 26 66 DA 5F 00 00
  can1  206  [16]  6D 61 07 1D 28 63 E8 1B 06 19 E1 67 C0 5E 00 00"
2025-08-09T00:06:37.619811,274.242,"can1  206  [16]  F4 60 56 1C BD 61 87 1C C8 18 C7 66 3B 5C 00 00
  can1  206  [16]  E6 61 3D 1C F4 60 56 1C 90 18 79 63 13 5C 00 00"
2025-08-09T00:06:37.837235,274.460,"can1  206  [16]  42 64 6E 1C E8 5E E8 1B B0 18 28 63 CE 5D 00 00
  can1  206  [16]  C9 63 07 1D 2B 60 BF 1B 1E 19 BB 64 DA 5F 00 00"
2025-08-09T00:06:37.837235,274.460,"can1  206  [16]  6D 61 2E 1D 00 63 E8 1B 10 19 5A 68 C0 5E 00 00
  can1  206  [16]  F4 60 5C 1C 0E 62 81 1C CD 18 40 67 64 5C 00 00"
2025-08-09T00:06:38.042948,274.666,can1  206  [16]  BD 61 31 1C 45 61 56 1C 90 18 79 63 13 5C 00 00
2025-08-09T00:06:38.042948,274.666,"can1  206  [16]  42 64 6E 1C 10 5F E3 1B B5 18 D8 62 2D 5D 00 00
  can1  206  [16]  C9 63 FA 1C 2B 60 B9 1B 1E 19 6A 64 B2 5F 00 00
  can1  206  [16]  BD 61 2E 1D 28 63 BF 1B 1E 19 76 66 B2 5F 00 00"
2025-08-09T00:06:38.267645,274.890,"can1  206  [16]  BD 61 1A 1D A1 63 B3 1B 37 19 9F 66 89 5F 00 00
  can1  206  [16]  1C 61 00 1D D8 62 06 1C 01 19 09 68 98 5E 00 00
  can1  206  [16]  1C 61 49 1C 45 61 75 1C 94 18 A1 63 EB 5B 00 00
  can1  206  [16]  F2 63 6E 1C 39 5F 0C 1C AC 18 D8 62 DC 5C 00 00"
2025-08-09T00:06:38.487697,275.110,"can1  206  [16]  C9 63 D3 1C 53 60 B3 1B 15 19 42 64 61 5F 00 00
  can1  206  [16]  79 63 3B 1D 00 63 AD 1B 1E 19 FD 65 B2 5F 00 00
  can1  206  [16]  36 62 14 1D 28 63 B3 1B 28 19 4E 66 89 5F 00 00
  can1  206  [16]  0E 62 21 1D A1 63 B9 1B 23 19 EF 66 02 60 00 00"
2025-08-09T00:06:38.489706,275.112,"can1  206  [16]  D8 62 00 1D C9 63 B9 1B 23 19 68 67 2B 60 00 00
  can1  206  [16]  0E 62 FA 1C 1A 64 D1 1B 19 19 E1 67 2B 60 00 00"
2025-08-09T00:06:38.709056,275.332,"can1  206  [16]  5F 62 FA 1C 1A 64 DD 1B 15 19 E1 67 DA 5F 00 00
  can1  206  [16]  36 62 F3 1C BB 64 E3 1B 0B 19 82 68 DA 5F 00 00"
2025-08-09T00:06:38.711848,275.334,"can1  206  [16]  00 63 ED 1C 0C 65 E8 1B 0B 19 82 68 B2 5F 00 00
  can1  206  [16]  00 63 DA 1C E3 64 E8 1B 0B 19 82 68 DA 5F 00 00"
2025-08-09T00:06:38.932729,275.555,"can1  206  [16]  5F 62 E0 1C E3 64 F4 1B 06 19 D3 68 B2 5F 00 00
  can1  206  [16]  AF 62 DA 1C BB 64 00 1C 01 19 D3 68 89 5F 00 00"
2025-08-09T00:06:38.937005,275.560,"can1  206  [16]  0E 62 CD 1C 93 64 19 1C F3 18 AA 68 10 5F 00 00
  can1  206  [16]  AF 62 BA 1C 6A 64 31 1C EE 18 82 68 E8 5E 00 00"
2025-08-09T00:06:39.152609,275.775,"can1  206  [16]  6D 61 3D 1C 87 62 A0 1C A7 18 40 67 64 5C 00 00
  can1  206  [16]  D8 62 1F 1C E6 61 6E 1C A7 18 EF 66 8C 5C 00 00"
2025-08-09T00:06:39.152609,275.775,"can1  206  [16]  00 63 25 1C 45 61 56 1C 94 18 00 63 DC 5C 00 00
  can1  206  [16]  6A 64 6E 1C CC 60 C5 1B CD 18 F2 63 47 5E 00 00"
2025-08-09T00:06:39.361514,275.984,"can1  206  [16]  79 63 28 1D E6 61 9C 1B E5 18 6A 64 89 5F 00 00
  can1  206  [16]  1A 64 21 1D 87 62 9C 1B EE 18 BB 64 DA 5F 00 00"
2025-08-09T00:06:39.361514,275.984,"can1  206  [16]  50 63 21 1D D8 62 A2 1B 01 19 93 64 53 60 00 00
  can1  206  [16]  A1 63 28 1D 50 63 A7 1B 01 19 E3 64 02 60 00 00"
2025-08-09T00:06:39.582814,276.205,"can1  206  [16]  A1 63 28 1D A1 63 A2 1B 1E 19 FD 65 53 60 00 00
  can1  206  [16]  79 63 0D 1D F2 63 A7 1B 1E 19 C7 66 2B 60 00 00"
2025-08-09T00:06:39.582814,276.205,"can1  206  [16]  D8 62 1A 1D 42 64 B9 1B 23 19 EF 66 53 60 00 00
  can1  206  [16]  36 62 07 1D 93 64 AD 1B 28 19 17 67 02 60 00 00"
2025-08-09T00:06:39.805790,276.428,"can1  206  [16]  45 61 F3 1C 1A 64 06 1C 0B 19 82 68 39 5F 00 00
  can1  206  [16]  95 61 49 1C AF 62 AD 1C A7 18 68 67 8C 5C 00 00"
2025-08-09T00:06:39.809823,276.432,can1  206  [16]  5F 62 25 1C 0E 62 87 1C 7D 18 EF 66 64 5C 00 00
2025-08-09T00:06:40.024619,276.647,"can1  206  [16]  00 63 25 1C BD 61 75 1C 7D 18 76 66 64 5C 00 00
  can1  206  [16]  79 63 1F 1C 6D 61 62 1C A2 18 D8 62 05 5D 00 00
  can1  206  [16]  42 64 6E 1C A3 60 CB 1B DB 18 A1 63 10 5F 00 00"
2025-08-09T00:06:40.024619,276.647,"can1  206  [16]  28 63 35 1D 36 62 B9 1B E9 18 6A 64 02 60 00 00
  can1  206  [16]  50 63 1A 1D 28 63 A7 1B EE 18 93 64 2B 60 00 00
  can1  206  [16]  D8 62 21 1D 79 63 B3 1B FD 18 BB 64 53 60 00 00"
2025-08-09T00:06:40.244571,276.867,"can1  206  [16]  AF 62 21 1D C9 63 B9 1B 06 19 0C 65 7B 60 00 00
  can1  206  [16]  36 62 28 1D F2 63 BF 1B 15 19 FD 65 53 60 00 00"
2025-08-09T00:06:40.246322,276.869,"can1  206  [16]  36 62 14 1D 6A 64 D1 1B 1E 19 76 66 53 60 00 00
  can1  206  [16]  95 61 07 1D BB 64 06 1C 06 19 82 68 89 5F 00 00"
2025-08-09T00:06:40.465199,277.088,"can1  206  [16]  F4 60 68 1C 79 63 A7 1C CD 18 68 67 55 5D 00 00
  can1  206  [16]  0E 62 37 1C 87 62 9A 1C A7 18 40 67 8C 5C 00 00"
2025-08-09T00:06:40.465199,277.088,can1  206  [16]  36 62 3D 1C 36 62 87 1C 94 18 40 67 8C 5C 00 00
2025-08-09T00:06:40.672009,277.295,"can1  206  [16]  87 62 3D 1C E6 61 75 1C 90 18 EF 66 3B 5C 00 00
  can1  206  [16]  79 63 3D 1C 6D 61 5C 1C 99 18 D8 62 DC 5C 00 00
  can1  206  [16]  1A 64 8E 1C A3 60 DD 1B E5 18 79 63 C0 5E 00 00"
2025-08-09T00:06:40.672724,277.295,"can1  206  [16]  A1 63 3B 1D E6 61 B3 1B 15 19 C9 63 DA 5F 00 00
  can1  206  [16]  00 63 28 1D AF 62 AD 1B 23 19 42 64 02 60 00 00"
2025-08-09T00:06:40.892357,277.515,can1  206  [16]  79 63 28 1D 50 63 B9 1B 2D 19 42 64 2B 60 00 00
2025-08-09T00:06:40.893126,277.516,"can1  206  [16]  AF 62 35 1D 50 63 B9 1B 2D 19 E3 64 53 60 00 00
  can1  206  [16]  00 63 35 1D A1 63 BF 1B 1E 19 D5 65 53 60 00 00
  can1  206  [16]  00 63 28 1D C9 63 CB 1B 28 19 76 66 53 60 00 00
  can1  206  [16]  36 62 21 1D 1A 64 D7 1B 28 19 C7 66 53 60 00 00"
2025-08-09T00:06:41.112057,277.735,can1  206  [16]  45 61 0D 1D 1A 64 0C 1C 1E 19 AA 68 39 5F 00 00
2025-08-09T00:06:41.332765,277.955,"can1  206  [16]  7B 60 5C 1C D8 62 AD 1C CD 18 68 67 DC 5C 00 00
  can1  206  [16]  0E 62 31 1C 36 62 A7 1C A2 18 68 67 13 5C 00 00
  can1  206  [16]  AF 62 31 1C E6 61 94 1C 94 18 EF 66 3B 5C 00 00
  can1  206  [16]  D8 62 43 1C BD 61 87 1C 8B 18 4E 66 13 5C 00 00"
2025-08-09T00:06:41.332765,277.955,"can1  206  [16]  50 63 3D 1C 95 61 68 1C A2 18 28 63 DC 5C 00 00
  can1  206  [16]  1A 64 87 1C F4 60 D7 1B DB 18 C9 63 6F 5E 00 00"
2025-08-09T00:06:41.332765,277.955,can1  206  [16]  A1 63 4F 1D 87 62 CB 1B F8 18 42 64 61 5F 00 00
2025-08-09T00:06:41.554908,278.177,"can1  206  [16]  28 63 35 1D A1 63 C5 1B FD 18 6A 64 61 5F 00 00
  can1  206  [16]  C9 63 3B 1D 79 63 CB 1B 06 19 E3 64 B2 5F 00 00
  can1  206  [16]  28 63 28 1D F2 63 CB 1B 15 19 FD 65 53 60 00 00"
2025-08-09T00:06:41.556919,278.180,can1  206  [16]  D8 62 35 1D 42 64 D7 1B 19 19 76 66 53 60 00 00
2025-08-09T00:06:41.777920,278.401,"can1  206  [16]  36 62 2E 1D 1A 64 C5 1B 15 19 C7 66 53 60 00 00
  can1  206  [16]  5F 62 1A 1D BB 64 B9 1B 1E 19 68 67 53 60 00 00
  can1  206  [16]  BD 61 1A 1D 0C 65 B9 1B 1E 19 90 67 2B 60 00 00
  can1  206  [16]  CC 60 FA 1C 42 64 06 1C 06 19 82 68 61 5F 00 00"
2025-08-09T00:06:41.777920,278.401,can1  206  [16]  F4 60 56 1C E6 61 9A 1C B5 18 40 67 8C 5C 00 00
2025-08-09T00:06:42.004358,278.627,"can1  206  [16]  AF 62 3D 1C 6D 61 5C 1C 9E 18 28 63 B4 5C 00 00
  can1  206  [16]  42 64 81 1C 53 60 CB 1B C8 18 A1 63 6F 5E 00 00"
2025-08-09T00:06:42.004358,278.627,can1  206  [16]  28 63 2E 1D 95 61 C5 1B 2D 19 76 66 2B 60 00 00
2025-08-09T00:06:42.223150,278.846,"can1  206  [16]  CC 60 0D 1D C9 63 1F 1C 15 19 09 68 98 5E 00 00
  can1  206  [16]  1C 61 49 1C 36 62 9A 1C B0 18 76 66 EB 5B 00 00
  can1  206  [16]  79 63 3D 1C 45 61 56 1C 9E 18 28 63 DC 5C 00 00"
2025-08-09T00:06:42.223150,278.846,can1  206  [16]  6A 64 7B 1C 2B 60 BF 1B C8 18 C9 63 C0 5E 00 00
2025-08-09T00:06:42.455471,279.078,"can1  206  [16]  C9 63 2E 1D BD 61 A7 1B E5 18 93 64 2B 60 00 00
  can1  206  [16]  A1 63 28 1D 87 62 A7 1B EE 18 6A 64 53 60 00 00
  can1  206  [16]  00 63 21 1D D8 62 B9 1B FD 18 93 64 53 60 00 00"
2025-08-09T00:06:42.455471,279.078,can1  206  [16]  00 63 21 1D 00 63 BF 1B 06 19 BB 64 A3 60 00 00
2025-08-09T00:06:42.455471,279.078,"can1  206  [16]  87 62 28 1D 79 63 C5 1B 10 19 FD 65 CC 60 00 00
  can1  206  [16]  D8 62 28 1D 79 63 B9 1B 19 19 4E 66 2B 60 00 00
  can1  206  [16]  95 61 07 1D C9 63 E3 1B 10 19 AA 68 B2 5F 00 00"
2025-08-09T00:06:42.669022,279.292,can1  206  [16]  CC 60 81 1C AF 62 87 1C DB 18 90 67 A6 5D 00 00
2025-08-09T00:06:42.669022,279.292,"can1  206  [16]  36 62 3D 1C 95 61 75 1C 90 18 6A 64 3B 5C 00 00
  can1  206  [16]  D5 65 68 1C C0 5E 0C 1C B5 18 79 63 55 5D 00 00
  can1  206  [16]  F2 63 F3 1C 02 60 AD 1B 1E 19 BB 64 02 60 00 00"
2025-08-09T00:06:42.871844,279.494,can1  206  [16]  95 61 28 1D 28 63 E3 1B 1E 19 AA 68 61 5F 00 00
2025-08-09T00:06:42.871844,279.494,"can1  206  [16]  7B 60 81 1C 5F 62 7B 1C E5 18 B9 67 B4 5C 00 00
  can1  206  [16]  87 62 43 1C E6 61 7B 1C BA 18 E1 67 9A 5B 00 00"
2025-08-09T00:06:43.093106,279.716,"can1  206  [16]  00 63 3D 1C 6D 61 5C 1C 99 18 1A 64 F9 5A 00 00
  can1  206  [16]  0C 65 6E 1C 10 5F EE 1B BA 18 50 63 3B 5C 00 00
  can1  206  [16]  6A 64 FA 1C DA 5F AD 1B 1E 19 D5 65 B2 5F 00 00"
2025-08-09T00:06:43.104591,279.727,"can1  206  [16]  0E 62 4F 1D D8 62 AD 1B 28 19 68 67 DA 5F 00 00
  can1  206  [16]  0E 62 28 1D 28 63 A7 1B 23 19 B9 67 02 60 00 00"
2025-08-09T00:06:43.316843,279.939,"can1  206  [16]  45 61 F3 1C D8 62 EE 1B 0B 19 23 69 10 5F 00 00
  can1  206  [16]  0E 62 BA 1C D8 62 1F 1C FD 18 AA 68 47 5E 00 00
  can1  206  [16]  6D 61 49 1C CC 60 62 1C 99 18 6A 64 C2 5B 00 00"
2025-08-09T00:06:43.540010,280.163,can1  206  [16]  93 64 5C 1C C0 5E 00 1C B0 18 C9 63 55 5D 00 00
2025-08-09T00:06:43.540010,280.163,"can1  206  [16]  6A 64 D3 1C 89 5F AD 1B 19 19 E3 64 B2 5F 00 00
  can1  206  [16]  0E 62 49 1D E6 61 A7 1B 1E 19 4E 66 02 60 00 00
  can1  206  [16]  E6 61 21 1D AF 62 9C 1B 19 19 68 67 2B 60 00 00"
2025-08-09T00:06:43.770248,280.393,can1  206  [16]  BD 61 1A 1D D8 62 A7 1B 19 19 B9 67 2B 60 00 00
2025-08-09T00:06:43.778038,280.401,"can1  206  [16]  E6 61 1A 1D 28 63 AD 1B 19 19 90 67 B2 5F 00 00
  can1  206  [16]  6D 61 E7 1C 5F 62 13 1C 06 19 AA 68 C0 5E 00 00
  can1  206  [16]  6D 61 49 1C 53 60 6E 1C 94 18 F2 63 13 5C 00 00"
2025-08-09T00:06:43.778038,280.401,can1  206  [16]  BB 64 62 1C C0 5E EE 1B B5 18 79 63 2D 5D 00 00
2025-08-09T00:06:43.966412,280.589,"can1  206  [16]  6A 64 DA 1C 89 5F A2 1B 19 19 BB 64 B2 5F 00 00
  can1  206  [16]  AF 62 42 1D AF 62 A2 1B 28 19 9F 66 53 60 00 00
  can1  206  [16]  95 61 14 1D 50 63 CB 1B 15 19 AA 68 61 5F 00 00"
2025-08-09T00:06:43.966412,280.589,can1  206  [16]  53 60 62 1C E6 61 68 1C D6 18 B9 67 DC 5C 00 00
2025-08-09T00:06:44.197005,280.820,"can1  206  [16]  95 61 5C 1C C0 5E 1F 1C B5 18 AF 62 05 5D 00 00
  can1  206  [16]  6A 64 94 1C 89 5F A7 1B F3 18 42 64 61 5F 00 00
  can1  206  [16]  28 63 56 1D 6D 61 E3 1B 28 19 B9 67 89 5F 00 00"
2025-08-09T00:06:44.197005,280.820,can1  206  [16]  F4 60 D3 1C 5F 62 68 1C 01 19 31 68 47 5E 00 00
2025-08-09T00:06:44.413077,281.036,"can1  206  [16]  BD 61 75 1C 5F 62 87 1C DB 18 5A 68 CE 5D 00 00
  can1  206  [16]  36 62 68 1C 36 62 87 1C CD 18 5A 68 7E 5D 00 00
  can1  206  [16]  36 62 50 1C 0E 62 87 1C BF 18 09 68 2D 5D 00 00"
2025-08-09T00:06:44.419134,281.042,can1  206  [16]  5F 62 43 1C BD 61 81 1C B0 18 B9 67 DC 5C 00 00
2025-08-09T00:06:44.632898,281.255,"can1  206  [16]  87 62 31 1C 45 61 68 1C 90 18 E3 64 8C 5C 00 00
  can1  206  [16]  BB 64 68 1C C0 5E 00 1C B0 18 F2 63 CE 5D 00 00
  can1  206  [16]  42 64 E7 1C B2 5F C5 1B 19 19 FD 65 7B 60 00 00"
2025-08-09T00:06:44.632898,281.255,can1  206  [16]  36 62 42 1D D8 62 D1 1B 19 19 90 67 53 60 00 00
2025-08-09T00:06:44.856522,281.479,"can1  206  [16]  36 62 1A 1D 50 63 CB 1B 19 19 09 68 02 60 00 00
  can1  206  [16]  0E 62 21 1D 79 63 D7 1B 19 19 82 68 02 60 00 00"
2025-08-09T00:06:44.856522,281.479,"can1  206  [16]  95 61 00 1D D8 62 1F 1C FD 18 74 69 39 5F 00 00
  can1  206  [16]  95 61 50 1C F4 60 9A 1C 94 18 BB 64 3B 5C 00 00"
2025-08-09T00:06:45.061011,281.684,"can1  206  [16]  93 64 62 1C 98 5E 31 1C AC 18 1A 64 2D 5D 00 00
  can1  206  [16]  6A 64 DA 1C B2 5F D1 1B 10 19 D5 65 02 60 00 00"
2025-08-09T00:06:45.061011,281.684,"can1  206  [16]  0E 62 4F 1D AF 62 CB 1B 19 19 40 67 2B 60 00 00
  can1  206  [16]  6D 61 14 1D A1 63 D1 1B 10 19 C4 69 61 5F 00 00"
2025-08-09T00:06:45.283138,281.906,"can1  206  [16]  7B 60 6E 1C 87 62 75 1C D2 18 AA 68 2D 5D 00 00
  can1  206  [16]  6D 61 62 1C 39 5F 31 1C A7 18 79 63 05 5D 00 00"
2025-08-09T00:06:45.283138,281.906,"can1  206  [16]  A1 63 94 1C 02 60 A7 1B E5 18 E3 64 10 5F 00 00
  can1  206  [16]  AF 62 4F 1D 95 61 E8 1B 28 19 AA 68 DA 5F 00 00"
2025-08-09T00:06:45.283138,281.906,"can1  206  [16]  53 60 DA 1C D8 62 68 1C FD 18 D3 68 C0 5E 00 00
  can1  206  [16]  F4 60 49 1C 2B 60 8E 1C 9E 18 F2 63 8C 5C 00 00"
2025-08-09T00:06:45.505324,282.128,can1  206  [16]  C9 63 6E 1C 39 5F 00 1C B5 18 1A 64 F6 5D 00 00
2025-08-09T00:06:45.505324,282.128,"can1  206  [16]  50 63 00 1D 7B 60 D7 1B 23 19 76 66 2B 60 00 00
  can1  206  [16]  1C 61 14 1D 00 63 13 1C 06 19 9C 69 B2 5F 00 00
  can1  206  [16]  A3 60 50 1C 0E 62 AD 1C BF 18 5A 68 05 5D 00 00"
2025-08-09T00:06:45.726859,282.349,can1  206  [16]  E6 61 37 1C 1C 61 87 1C 94 18 93 64 DC 5C 00 00
2025-08-09T00:06:45.732902,282.355,"can1  206  [16]  42 64 6E 1C 10 5F 00 1C B5 18 BB 64 F6 5D 00 00
  can1  206  [16]  79 63 0D 1D 53 60 DD 1B 1E 19 C7 66 53 60 00 00"
2025-08-09T00:06:45.949492,282.572,"can1  206  [16]  45 61 14 1D A1 63 0C 1C 0B 19 9C 69 89 5F 00 00
  can1  206  [16]  A3 60 5C 1C 36 62 87 1C C3 18 AA 68 B4 5C 00 00
  can1  206  [16]  5F 62 3D 1C 1C 61 56 1C 99 18 D5 65 B4 5C 00 00"
2025-08-09T00:06:45.949492,282.572,can1  206  [16]  E3 64 62 1C C0 5E DD 1B B5 18 6A 64 A6 5D 00 00
2025-08-09T00:06:46.169421,282.792,"can1  206  [16]  42 64 00 1D 02 60 A7 1B 23 19 76 66 2B 60 00 00
  can1  206  [16]  0E 62 42 1D 28 63 A7 1B 19 19 09 68 2B 60 00 00
  can1  206  [16]  1C 61 00 1D 50 63 E3 1B 01 19 ED 69 89 5F 00 00"
2025-08-09T00:06:46.169421,282.792,"can1  206  [16]  CC 60 56 1C 6D 61 6E 1C 94 18 FD 65 DC 5C 00 00
  can1  206  [16]  F2 63 62 1C 10 5F 19 1C A7 18 F2 63 CE 5D 00 00"
2025-08-09T00:06:46.402869,283.025,"can1  206  [16]  42 64 C0 1C 02 60 9C 1B 06 19 34 65 B2 5F 00 00
  can1  206  [16]  00 63 56 1D 36 62 9C 1B 0B 19 4E 66 53 60 00 00"
2025-08-09T00:06:46.402869,283.025,"can1  206  [16]  00 63 2E 1D 00 63 9C 1B 15 19 C7 66 7B 60 00 00
  can1  206  [16]  87 62 28 1D 50 63 A2 1B 19 19 9F 66 7B 60 00 00"
2025-08-09T00:06:46.611636,283.234,"can1  206  [16]  36 62 1A 1D 50 63 A7 1B 1E 19 B9 67 2B 60 00 00
  can1  206  [16]  E6 61 14 1D A1 63 A2 1B 1E 19 31 68 2B 60 00 00"
2025-08-09T00:06:46.617709,283.240,"can1  206  [16]  6D 61 F3 1C 50 63 EE 1B 06 19 74 69 39 5F 00 00
  can1  206  [16]  6D 61 49 1C 6D 61 75 1C 90 18 BB 64 64 5C 00 00"
2025-08-09T00:06:46.617709,283.240,"can1  206  [16]  C9 63 5C 1C 10 5F 2B 1C A2 18 A1 63 8C 5C 00 00
  can1  206  [16]  50 63 CD 1C 53 60 BF 1B 01 19 BB 64 02 60 00 00"
2025-08-09T00:06:46.834921,283.458,can1  206  [16]  95 61 21 1D 79 63 E3 1B 10 19 D3 68 E8 5E 00 00
2025-08-09T00:06:46.838913,283.461,"can1  206  [16]  2B 60 87 1C 36 62 7B 1C E5 18 5A 68 05 5D 00 00
  can1  206  [16]  1C 61 49 1C 61 5F 68 1C A7 18 79 63 64 5C 00 00"
2025-08-09T00:06:47.057319,283.680,"can1  206  [16]  1A 64 75 1C 61 5F D7 1B CD 18 BB 64 6F 5E 00 00
  can1  206  [16]  00 63 35 1D F4 60 E8 1B 2D 19 E1 67 89 5F 00 00"
2025-08-09T00:06:47.057319,283.680,"can1  206  [16]  53 60 E0 1C D8 62 43 1C 01 19 4C 69 98 5E 00 00
  can1  206  [16]  A3 60 49 1C CC 60 87 1C 94 18 6A 64 C2 5B 00 00"
2025-08-09T00:06:47.263534,283.886,"can1  206  [16]  A1 63 68 1C C0 5E 0C 1C AC 18 42 64 05 5D 00 00
  can1  206  [16]  28 63 E7 1C 02 60 C5 1B 19 19 26 66 B2 5F 00 00"
2025-08-09T00:06:47.263534,283.886,"can1  206  [16]  45 61 1A 1D 00 63 F4 1B 0B 19 4C 69 C0 5E 00 00
  can1  206  [16]  53 60 7B 1C 0E 62 94 1C C8 18 AA 68 64 5C 00 00"
2025-08-09T00:06:47.487929,284.111,"can1  206  [16]  45 61 62 1C 10 5F 56 1C A7 18 1A 64 64 5C 00 00
  can1  206  [16]  79 63 8E 1C B2 5F CB 1B E5 18 D5 65 98 5E 00 00"
2025-08-09T00:06:47.487929,284.111,"can1  206  [16]  87 62 4F 1D 45 61 E3 1B 23 19 D3 68 DA 5F 00 00
  can1  206  [16]  CC 60 CD 1C 5F 62 49 1C F8 18 9C 69 C0 5E 00 00"
2025-08-09T00:06:47.723159,284.346,can1  206  [16]  95 61 49 1C 2B 60 7B 1C 94 18 1A 64 B4 5C 00 00
2025-08-09T00:06:47.723159,284.346,"can1  206  [16]  93 64 75 1C E8 5E FA 1B BA 18 6A 64 1F 5E 00 00
  can1  206  [16]  C9 63 14 1D 02 60 C5 1B 23 19 C7 66 A3 60 00 00"
2025-08-09T00:06:47.934454,284.557,"can1  206  [16]  95 61 1A 1D 00 63 E8 1B 0B 19 23 69 B2 5F 00 00
  can1  206  [16]  45 61 68 1C 6D 61 75 1C 99 18 D5 65 9A 5B 00 00"
2025-08-09T00:06:47.934454,284.557,"can1  206  [16]  F2 63 62 1C C0 5E 1F 1C A7 18 79 63 B4 5C 00 00
  can1  206  [16]  93 64 A7 1C DA 5F A7 1B FD 18 BB 64 39 5F 00 00"
2025-08-09T00:06:47.934454,284.557,"can1  206  [16]  50 63 56 1D E6 61 B9 1B 15 19 D5 65 02 60 00 00
  can1  206  [16]  5F 62 2E 1D AF 62 B9 1B 19 19 26 66 2B 60 00 00"
2025-08-09T00:06:48.144874,284.767,"can1  206  [16]  BD 61 2E 1D D8 62 AD 1B 19 19 C7 66 2B 60 00 00
  can1  206  [16]  45 61 1A 1D 28 63 EE 1B 10 19 FB 68 39 5F 00 00"
2025-08-09T00:06:48.363161,284.986,"can1  206  [16]  F4 60 75 1C 0E 62 87 1C D6 18 E1 67 64 5C 00 00
  can1  206  [16]  6D 61 62 1C C0 5E 49 1C B0 18 D8 62 13 5C 00 00"
2025-08-09T00:06:48.371067,284.994,"can1  206  [16]  42 64 9A 1C 10 5F B9 1B F3 18 6A 64 98 5E 00 00
  can1  206  [16]  79 63 4F 1D 45 61 D1 1B 28 19 E1 67 10 5F 00 00"
2025-08-09T00:06:48.585199,285.208,"can1  206  [16]  95 61 D3 1C 36 62 3D 1C 01 19 82 68 F6 5D 00 00
  can1  206  [16]  36 62 8E 1C 36 62 5C 1C DB 18 5A 68 05 5D 00 00
  can1  206  [16]  0E 62 62 1C 5F 62 56 1C D2 18 5A 68 DC 5C 00 00"
2025-08-09T00:06:48.585199,285.208,"can1  206  [16]  BD 61 50 1C 0E 62 62 1C C3 18 31 68 8C 5C 00 00
  can1  206  [16]  0E 62 43 1C E6 61 62 1C B0 18 09 68 13 5C 00 00"
2025-08-09T00:06:48.808051,285.431,"can1  206  [16]  E6 61 3D 1C 6D 61 49 1C 8B 18 BB 64 9A 5B 00 00
  can1  206  [16]  6A 64 62 1C 10 5F 00 1C A7 18 C9 63 2D 5D 00 00"
2025-08-09T00:06:48.808051,285.431,"can1  206  [16]  79 63 DA 1C 53 60 B9 1B 15 19 0C 65 2B 60 00 00
  can1  206  [16]  95 61 1A 1D 50 63 DD 1B 10 19 AA 68 89 5F 00 00"
2025-08-09T00:06:48.813425,285.436,"can1  206  [16]  45 61 6E 1C 87 62 75 1C D6 18 B9 67 55 5D 00 00
  can1  206  [16]  36 62 43 1C E6 61 7B 1C AC 18 68 67 8C 5C 00 00"
2025-08-09T00:06:49.028963,285.652,"can1  206  [16]  D8 62 31 1C 45 61 68 1C 90 18 1A 64 64 5C 00 00
  can1  206  [16]  FD 65 68 1C 10 5F 13 1C B5 18 C9 63 7E 5D 00 00"
2025-08-09T00:06:49.028963,285.652,"can1  206  [16]  BB 64 00 1D 2B 60 D7 1B 1E 19 D5 65 2B 60 00 00
  can1  206  [16]  5F 62 3B 1D D8 62 DD 1B 23 19 40 67 53 60 00 00"
2025-08-09T00:06:49.257989,285.881,"can1  206  [16]  36 62 14 1D 50 63 E3 1B 23 19 E1 67 2B 60 00 00
  can1  206  [16]  36 62 07 1D 79 63 D1 1B 1E 19 09 68 02 60 00 00"
2025-08-09T00:06:49.257989,285.881,"can1  206  [16]  AF 62 00 1D 79 63 DD 1B 19 19 82 68 DA 5F 00 00
  can1  206  [16]  BD 61 00 1D C9 63 E3 1B 15 19 FB 68 B2 5F 00 00"
2025-08-09T00:06:49.481188,286.104,"can1  206  [16]  E6 61 FA 1C A1 63 E3 1B 0B 19 23 69 B2 5F 00 00
  can1  206  [16]  AF 62 ED 1C C9 63 EE 1B 06 19 9C 69 61 5F 00 00"
2025-08-09T00:06:49.485388,286.108,"can1  206  [16]  E6 61 F3 1C A1 63 FA 1B FD 18 ED 69 39 5F 00 00
  can1  206  [16]  0E 62 F3 1C 79 63 06 1C 01 19 23 69 61 5F 00 00"
2025-08-09T00:06:49.692547,286.315,"can1  206  [16]  36 62 E0 1C 79 63 1F 1C 01 19 4C 69 39 5F 00 00
  can1  206  [16]  E6 61 C7 1C 79 63 25 1C FD 18 FB 68 39 5F 00 00"
2025-08-09T00:06:49.694563,286.317,"can1  206  [16]  5F 62 B3 1C 79 63 19 1C F3 18 D3 68 39 5F 00 00
  can1  206  [16]  36 62 9A 1C 50 63 31 1C EE 18 AA 68 10 5F 00 00"
2025-08-09T00:06:49.915319,286.538,"can1  206  [16]  5F 62 8E 1C 50 63 49 1C E5 18 09 68 47 5E 00 00
  can1  206  [16]  5F 62 87 1C D8 62 56 1C D6 18 09 68 CE 5D 00 00"
2025-08-09T00:06:49.915319,286.538,"can1  206  [16]  36 62 68 1C AF 62 56 1C D2 18 09 68 7E 5D 00 00
  can1  206  [16]  36 62 50 1C D8 62 5C 1C C3 18 09 68 A6 5D 00 00"
2025-08-09T00:06:50.121975,286.745,"can1  206  [16]  AF 62 43 1C D8 62 6E 1C B5 18 5A 68 55 5D 00 00
  can1  206  [16]  5F 62 43 1C 5F 62 7B 1C A7 18 09 68 05 5D 00 00"
2025-08-09T00:06:50.121975,286.745,"can1  206  [16]  28 63 2B 1C BD 61 7B 1C 9E 18 09 68 DC 5C 00 00
  can1  206  [16]  00 63 25 1C 1C 61 50 1C 8B 18 93 64 DC 5C 00 00"
2025-08-09T00:06:50.347110,286.970,"can1  206  [16]  0C 65 75 1C 39 5F E3 1B B0 18 42 64 1F 5E 00 00
  can1  206  [16]  6A 64 00 1D A3 60 B3 1B 1E 19 FD 65 CC 60 00 00"
2025-08-09T00:06:50.347110,286.970,"can1  206  [16]  5F 62 2E 1D C9 63 B3 1B 15 19 68 67 53 60 00 00
  can1  206  [16]  E6 61 1A 1D 1A 64 A7 1B 10 19 31 68 53 60 00 00"
2025-08-09T00:06:50.565152,287.188,"can1  206  [16]  0E 62 FA 1C 1A 64 B3 1B 10 19 AA 68 02 60 00 00
  can1  206  [16]  95 61 CD 1C 00 63 19 1C FD 18 23 69 E8 5E 00 00"
2025-08-09T00:06:50.565152,287.188,"can1  206  [16]  BD 61 8E 1C 00 63 37 1C E9 18 FB 68 1F 5E 00 00
  can1  206  [16]  5F 62 7B 1C D8 62 49 1C D6 18 AA 68 A6 5D 00 00"
2025-08-09T00:06:50.565152,287.188,"can1  206  [16]  87 62 5C 1C D8 62 56 1C C3 18 FB 68 7E 5D 00 00
  can1  206  [16]  AF 62 49 1C 87 62 62 1C AC 18 17 67 55 5D 00 00"
2025-08-09T00:06:50.797563,287.420,"can1  206  [16]  5F 62 3D 1C 36 62 8E 1C 99 18 B9 67 2D 5D 00 00
  can1  206  [16]  E6 61 37 1C BD 61 8E 1C A2 18 40 67 B4 5C 00 00"
2025-08-09T00:06:50.797563,287.420,"can1  206  [16]  50 63 31 1C 45 61 75 1C 78 18 A1 63 8C 5C 00 00
  can1  206  [16]  6A 64 6E 1C C0 5E 06 1C 99 18 D8 62 CE 5D 00 00"
2025-08-09T00:06:51.018135,287.641,"can1  206  [16]  42 64 00 1D 2B 60 DD 1B FD 18 0C 65 7B 60 00 00
  can1  206  [16]  0E 62 49 1D 00 63 DD 1B FD 18 17 67 A3 60 00 00"
2025-08-09T00:06:51.030953,287.654,"can1  206  [16]  D8 62 21 1D 28 63 DD 1B FD 18 68 67 7B 60 00 00
  can1  206  [16]  5F 62 1A 1D A1 63 E3 1B FD 18 B9 67 53 60 00 00"
2025-08-09T00:06:51.232051,287.855,"can1  206  [16]  45 61 E0 1C D8 62 43 1C E0 18 AA 68 39 5F 00 00
  can1  206  [16]  BD 61 A0 1C 36 62 62 1C C8 18 82 68 98 5E 00 00"
2025-08-09T00:06:51.232051,287.855,"can1  206  [16]  E6 61 87 1C 36 62 6E 1C D6 18 B9 67 6F 5E 00 00
  can1  206  [16]  F4 60 3D 1C B2 5F 87 1C 99 18 D8 62 B4 5C 00 00"
2025-08-09T00:06:51.462528,288.085,"can1  206  [16]  93 64 68 1C 98 5E FA 1B B0 18 50 63 1F 5E 00 00
  can1  206  [16]  F2 63 07 1D B2 5F D7 1B 23 19 D5 65 F4 60 00 00"
2025-08-09T00:06:51.466556,288.089,can1  206  [16]  95 61 1A 1D 5F 62 13 1C 06 19 AA 68 B2 5F 00 00
2025-08-09T00:06:51.681973,288.305,"can1  206  [16]  45 61 56 1C 45 61 A0 1C 90 18 93 64 64 5C 00 00
  can1  206  [16]  C9 63 5C 1C 98 5E 43 1C A2 18 28 63 05 5D 00 00"
2025-08-09T00:06:51.681973,288.305,"can1  206  [16]  AD 65 BA 1C 89 5F BF 1B F3 18 93 64 02 60 00 00
  can1  206  [16]  5F 62 4F 1D E6 61 BF 1B 06 19 D5 65 A3 60 00 00
  can1  206  [16]  87 62 2E 1D 5F 62 C5 1B 10 19 4E 66 F4 60 00 00"
2025-08-09T00:06:51.681973,288.305,"can1  206  [16]  0E 62 28 1D 87 62 AD 1B 15 19 EF 66 53 60 00 00
  can1  206  [16]  6D 61 00 1D AF 62 D7 1B 01 19 D3 68 DA 5F 00 00"
2025-08-09T00:06:51.907407,288.530,can1  206  [16]  F4 60 56 1C 6D 61 87 1C 86 18 D5 65 13 5C 00 00
2025-08-09T00:06:51.907407,288.530,"can1  206  [16]  50 63 50 1C C0 5E 3D 1C 9E 18 D8 62 55 5D 00 00
  can1  206  [16]  C9 63 9A 1C 10 5F A7 1B E5 18 6A 64 61 5F 00 00"
2025-08-09T00:06:52.106783,288.731,"can1  206  [16]  AF 62 4F 1D 45 61 CB 1B 23 19 E1 67 B2 5F 00 00
  can1  206  [16]  02 60 C0 1C 0E 62 43 1C F8 18 82 68 47 5E 00 00"
2025-08-09T00:06:52.110814,288.733,"can1  206  [16]  1C 61 49 1C 89 5F 5C 1C 99 18 28 63 8C 5C 00 00
  can1  206  [16]  F2 63 62 1C 6F 5E CB 1B B5 18 C9 63 47 5E 00 00"
2025-08-09T00:06:52.330247,288.953,"can1  206  [16]  00 63 07 1D B2 5F AD 1B 2D 19 D5 65 2B 60 00 00
  can1  206  [16]  CC 60 0D 1D 5F 62 E8 1B 06 19 D3 68 39 5F 00 00"
2025-08-09T00:06:52.334272,288.957,"can1  206  [16]  53 60 56 1C 1C 61 94 1C 90 18 93 64 C2 5B 00 00
  can1  206  [16]  A1 63 56 1C 6F 5E 50 1C A7 18 28 63 64 5C 00 00"
2025-08-09T00:06:52.551343,289.174,can1  206  [16]  79 63 C0 1C 10 5F B9 1B F8 18 6A 64 89 5F 00 00
2025-08-09T00:06:52.554823,289.177,"can1  206  [16]  28 63 56 1D 6D 61 DD 1B 10 19 31 68 89 5F 00 00
  can1  206  [16]  E6 61 07 1D AF 62 DD 1B FD 18 D3 68 39 5F 00 00
  can1  206  [16]  BD 61 FA 1C D8 62 D7 1B 01 19 D3 68 61 5F 00 00"
2025-08-09T00:06:52.772855,289.395,"can1  206  [16]  5F 62 E0 1C AF 62 E8 1B F8 18 D3 68 39 5F 00 00
  can1  206  [16]  E6 61 DA 1C 5F 62 F4 1B E5 18 D3 68 10 5F 00 00"
2025-08-09T00:06:52.774875,289.397,"can1  206  [16]  BD 61 C0 1C 87 62 0C 1C EE 18 82 68 E8 5E 00 00
  can1  206  [16]  0E 62 B3 1C 36 62 13 1C EE 18 31 68 98 5E 00 00"
2025-08-09T00:06:52.995504,289.618,"can1  206  [16]  0E 62 9A 1C 36 62 25 1C E9 18 31 68 6F 5E 00 00
  can1  206  [16]  E6 61 81 1C 36 62 31 1C DB 18 B9 67 1F 5E 00 00"
2025-08-09T00:06:52.995504,289.618,"can1  206  [16]  AF 62 6E 1C BD 61 49 1C D2 18 E1 67 A6 5D 00 00
  can1  206  [16]  87 62 62 1C BD 61 56 1C BF 18 B9 67 A6 5D 00 00"
2025-08-09T00:06:52.995504,289.618,"can1  206  [16]  D8 62 56 1C 6D 61 5C 1C 7D 18 6A 64 64 5C 00 00
  can1  206  [16]  BB 64 62 1C 47 5E 1F 1C 99 18 87 62 55 5D 00 00"
2025-08-09T00:06:53.201754,289.824,"can1  206  [16]  42 64 C0 1C 61 5F B9 1B F3 18 F2 63 B2 5F 00 00
  can1  206  [16]  0E 62 4F 1D 95 61 E3 1B 15 19 31 68 B2 5F 00 00"
2025-08-09T00:06:53.201754,289.824,can1  206  [16]  53 60 9A 1C BD 61 6E 1C E5 18 40 67 1F 5E 00 00
2025-08-09T00:06:53.423913,290.046,"can1  206  [16]  6D 61 49 1C 10 5F 62 1C 9E 18 AF 62 05 5D 00 00
  can1  206  [16]  1A 64 6E 1C E8 5E AD 1B C8 18 C9 63 C0 5E 00 00"
2025-08-09T00:06:53.430379,290.053,"can1  206  [16]  79 63 3B 1D 53 60 B9 1B 28 19 C7 66 B2 5F 00 00
  can1  206  [16]  CC 60 00 1D 0E 62 06 1C FD 18 82 68 10 5F 00 00"
2025-08-09T00:06:53.659428,290.282,"can1  206  [16]  E6 61 A0 1C 36 62 3D 1C F8 18 82 68 1F 5E 00 00
  can1  206  [16]  5F 62 87 1C 36 62 62 1C E5 18 AA 68 1F 5E 00 00
  can1  206  [16]  BD 61 7B 1C E6 61 7B 1C DB 18 31 68 CE 5D 00 00"
2025-08-09T00:06:53.661178,290.284,can1  206  [16]  5F 62 6E 1C E6 61 94 1C C8 18 5A 68 2D 5D 00 00
2025-08-09T00:06:53.867867,290.490,"can1  206  [16]  45 61 43 1C 39 5F 94 1C A2 18 00 63 8C 5C 00 00
  can1  206  [16]  A1 63 7B 1C C0 5E F4 1B D6 18 F2 63 98 5E 00 00"
2025-08-09T00:06:53.867867,290.490,"can1  206  [16]  D8 62 28 1D 2B 60 00 1C 2D 19 C7 66 53 60 00 00
  can1  206  [16]  45 61 07 1D 36 62 49 1C F8 18 82 68 39 5F 00 00"
2025-08-09T00:06:54.073880,290.696,"can1  206  [16]  BD 61 B3 1C 36 62 43 1C E9 18 31 68 6F 5E 00 00
  can1  206  [16]  45 61 49 1C 02 60 5C 1C 90 18 50 63 8C 5C 00 00"
2025-08-09T00:06:54.075897,290.698,"can1  206  [16]  C9 63 75 1C 47 5E DD 1B A7 18 79 63 A6 5D 00 00
  can1  206  [16]  6A 64 07 1D 89 5F A7 1B 10 19 E3 64 2B 60 00 00"
2025-08-09T00:06:54.296032,290.919,"can1  206  [16]  45 61 21 1D 5F 62 DD 1B 01 19 82 68 B2 5F 00 00
  can1  206  [16]  A3 60 68 1C 6D 61 81 1C 82 18 0C 65 3B 5C 00 00"
2025-08-09T00:06:54.298213,290.921,"can1  206  [16]  C9 63 49 1C 98 5E 37 1C 9E 18 D8 62 55 5D 00 00
  can1  206  [16]  79 63 94 1C 10 5F BF 1B E5 18 F2 63 89 5F 00 00"
2025-08-09T00:06:54.530501,291.153,"can1  206  [16]  5F 62 49 1D 1C 61 EE 1B 19 19 40 67 DA 5F 00 00
  can1  206  [16]  A3 60 CD 1C E6 61 62 1C F8 18 E1 67 6F 5E 00 00"
2025-08-09T00:06:54.530501,291.153,"can1  206  [16]  5F 62 75 1C E6 61 7B 1C D6 18 90 67 A6 5D 00 00
  can1  206  [16]  95 61 49 1C 89 5F 68 1C 9E 18 AF 62 DC 5C 00 00"
2025-08-09T00:06:54.530501,291.153,can1  206  [16]  0C 65 68 1C E8 5E DD 1B C3 18 50 63 98 5E 00 00
2025-08-09T00:06:54.740490,291.363,"can1  206  [16]  50 63 28 1D 7B 60 D7 1B 28 19 4E 66 2B 60 00 00
  can1  206  [16]  CC 60 0D 1D D8 62 19 1C 01 19 31 68 10 5F 00 00"
2025-08-09T00:06:54.740490,291.363,"can1  206  [16]  95 61 43 1C 6D 61 81 1C 90 18 A1 63 64 5C 00 00
  can1  206  [16]  BB 64 50 1C E8 5E 0C 1C A7 18 28 63 2D 5D 00 00"
2025-08-09T00:06:54.962474,291.585,"can1  206  [16]  1A 64 B3 1C DA 5F AD 1B 0B 19 C9 63 02 60 00 00
  can1  206  [16]  D8 62 28 1D 79 63 AD 1B 19 19 D5 65 2B 60 00 00"
2025-08-09T00:06:54.962474,291.585,"can1  206  [16]  87 62 0D 1D 1A 64 BF 1B 19 19 4E 66 53 60 00 00
  can1  206  [16]  5F 62 07 1D 6A 64 C5 1B 19 19 C7 66 2B 60 00 00"
2025-08-09T00:06:55.168435,291.791,"can1  206  [16]  0E 62 07 1D 42 64 D1 1B 19 19 C7 66 B2 5F 00 00
  can1  206  [16]  45 61 D3 1C C9 63 37 1C 06 19 E1 67 E8 5E 00 00"
2025-08-09T00:06:55.169981,291.793,"can1  206  [16]  CC 60 25 1C 45 61 AD 1C 94 18 79 63 3B 5C 00 00
  can1  206  [16]  1A 64 50 1C 98 5E 25 1C AC 18 87 62 2D 5D 00 00"
2025-08-09T00:06:55.393148,292.016,"can1  206  [16]  79 63 C0 1C 89 5F B3 1B 15 19 F2 63 2B 60 00 00
  can1  206  [16]  0E 62 35 1D 36 62 A7 1B 19 19 AD 65 53 60 00 00"
2025-08-09T00:06:55.393148,292.016,"can1  206  [16]  00 63 14 1D D8 62 9C 1B 19 19 D5 65 53 60 00 00
  can1  206  [16]  5F 62 07 1D 28 63 9C 1B 23 19 76 66 53 60 00 00"
2025-08-09T00:06:55.614663,292.237,"can1  206  [16]  28 63 00 1D C9 63 AD 1B 15 19 40 67 2B 60 00 00
  can1  206  [16]  D8 62 00 1D C9 63 C5 1B 19 19 B9 67 02 60 00 00"
2025-08-09T00:06:55.617138,292.240,"can1  206  [16]  F2 63 FA 1C C9 63 B9 1B 19 19 31 68 DA 5F 00 00
  can1  206  [16]  5F 62 ED 1C C9 63 C5 1B 10 19 5A 68 B2 5F 00 00"
2025-08-09T00:06:55.835427,292.458,"can1  206  [16]  87 62 E0 1C C9 63 E3 1B 06 19 82 68 02 60 00 00
  can1  206  [16]  5F 62 ED 1C 50 63 E8 1B 01 19 AA 68 B2 5F 00 00"
2025-08-09T00:06:55.843872,292.466,"can1  206  [16]  36 62 DA 1C 28 63 F4 1B 01 19 82 68 89 5F 00 00
  can1  206  [16]  95 61 56 1C 36 62 9A 1C EE 18 68 67 05 5D 00 00"
2025-08-09T00:06:55.843872,292.466,"can1  206  [16]  AF 62 1F 1C 95 61 81 1C A7 18 1A 64 3B 5C 00 00
  can1  206  [16]  4E 66 50 1C 10 5F 13 1C D6 18 D8 62 55 5D 00 00"
2025-08-09T00:06:56.056470,292.679,"can1  206  [16]  E3 64 D3 1C 2B 60 AD 1B 1E 19 6A 64 DA 5F 00 00
  can1  206  [16]  00 63 35 1D 00 63 AD 1B 23 19 9F 66 2B 60 00 00"
2025-08-09T00:06:56.058485,292.681,"can1  206  [16]  AF 62 14 1D 28 63 A7 1B 23 19 17 67 02 60 00 00
  can1  206  [16]  D8 62 FA 1C 79 63 A7 1B 1E 19 68 67 39 5F 00 00"
2025-08-09T00:06:56.261622,292.884,"can1  206  [16]  00 63 00 1D 79 63 A7 1B 19 19 90 67 39 5F 00 00
  can1  206  [16]  50 63 F3 1C 79 63 A7 1B 0B 19 09 68 C0 5E 00 00"
2025-08-09T00:06:56.263636,292.886,"can1  206  [16]  C9 63 F3 1C 28 63 AD 1B 10 19 5A 68 C0 5E 00 00
  can1  206  [16]  36 62 E7 1C 28 63 BF 1B 28 19 AA 68 C0 5E 00 00"
2025-08-09T00:06:56.484844,293.107,"can1  206  [16]  95 61 8E 1C 36 62 56 1C EE 18 B9 67 2D 5D 00 00
  can1  206  [16]  0E 62 49 1C E6 61 75 1C C8 18 09 68 64 5C 00 00"
2025-08-09T00:06:56.484844,293.107,"can1  206  [16]  00 63 31 1C 6D 61 75 1C 86 18 BB 64 F9 5A 00 00
  can1  206  [16]  E3 64 50 1C 98 5E 25 1C A7 18 AF 62 EB 5B 00 00"
2025-08-09T00:06:56.710812,293.333,can1  206  [16]  26 66 AD 1C B2 5F AD 1B 01 19 42 64 61 5F 00 00
2025-08-09T00:06:56.710812,293.333,"can1  206  [16]  28 63 35 1D 0E 62 AD 1B 01 19 D5 65 02 60 00 00
  can1  206  [16]  50 63 14 1D D8 62 B3 1B 2D 19 4E 66 2B 60 00 00"
2025-08-09T00:06:56.927355,293.550,"can1  206  [16]  D8 62 0D 1D 00 63 A7 1B 45 19 9F 66 2B 60 00 00
  can1  206  [16]  C9 63 07 1D 50 63 A7 1B 4A 19 17 67 DA 5F 00 00
  can1  206  [16]  0E 62 00 1D 1A 64 BF 1B 23 19 40 67 DA 5F 00 00"
2025-08-09T00:06:56.927355,293.550,"can1  206  [16]  36 62 ED 1C 1A 64 B9 1B 19 19 90 67 B2 5F 00 00
  can1  206  [16]  BD 61 E7 1C 1A 64 B3 1B 15 19 E1 67 89 5F 00 00"
2025-08-09T00:06:57.150846,293.773,"can1  206  [16]  6D 61 AD 1C AF 62 2B 1C 01 19 E1 67 C0 5E 00 00
  can1  206  [16]  0E 62 62 1C 87 62 68 1C D6 18 90 67 F6 5D 00 00"
2025-08-09T00:06:57.150846,293.773,can1  206  [16]  45 61 37 1C DA 5F 6E 1C A2 18 5F 62 DC 5C 00 00
2025-08-09T00:06:57.152317,293.775,"can1  206  [16]  F2 63 62 1C 39 5F E3 1B C3 18 79 63 A6 5D 00 00
  can1  206  [16]  28 63 0D 1D CC 60 CB 1B 32 19 26 66 61 5F 00 00"
2025-08-09T00:06:57.355550,293.978,"can1  206  [16]  F4 60 FA 1C D8 62 25 1C 06 19 82 68 6F 5E 00 00
  can1  206  [16]  CC 60 37 1C 45 61 A0 1C 94 18 F2 63 49 5B 00 00"
2025-08-09T00:06:57.355550,293.978,"can1  206  [16]  F2 63 43 1C 39 5F 31 1C AC 18 00 63 64 5C 00 00
  can1  206  [16]  A1 63 B3 1C 2B 60 CB 1B 15 19 6A 64 10 5F 00 00"
2025-08-09T00:06:57.579219,294.202,"can1  206  [16]  36 62 2E 1D 36 62 C5 1B 23 19 4E 66 61 5F 00 00
  can1  206  [16]  BD 61 1A 1D 00 63 CB 1B 23 19 9F 66 02 60 00 00"
2025-08-09T00:06:57.579219,294.202,"can1  206  [16]  45 61 E7 1C D8 62 00 1C 15 19 82 68 10 5F 00 00
  can1  206  [16]  7B 60 50 1C BD 61 B3 1C E0 18 90 67 8C 5C 00 00"
2025-08-09T00:06:57.798755,294.421,"can1  206  [16]  0E 62 25 1C 45 61 87 1C 99 18 A1 63 64 5C 00 00
  can1  206  [16]  F2 63 56 1C 10 5F 0C 1C BA 18 28 63 7E 5D 00 00"
2025-08-09T00:06:57.798755,294.421,"can1  206  [16]  A1 63 ED 1C 2B 60 DD 1B 4A 19 E3 64 B2 5F 00 00
  can1  206  [16]  BD 61 21 1D 00 63 DD 1B 4F 19 17 67 B2 5F 00 00"
2025-08-09T00:06:58.020850,294.643,"can1  206  [16]  6D 61 F3 1C 28 63 19 1C 3C 19 82 68 98 5E 00 00
  can1  206  [16]  36 62 AD 1C D8 62 49 1C 28 19 82 68 6F 5E 00 00"
2025-08-09T00:06:58.022872,294.645,can1  206  [16]  AF 62 9A 1C D8 62 5C 1C 01 19 82 68 47 5E 00 00
2025-08-09T00:06:58.246201,294.869,"can1  206  [16]  6D 61 31 1C F4 60 8E 1C A2 18 79 63 13 5C 00 00
  can1  206  [16]  F2 63 56 1C E8 5E 1F 1C B5 18 28 63 05 5D 00 00"
2025-08-09T00:06:58.248213,294.871,"can1  206  [16]  A1 63 E0 1C DA 5F DD 1B 23 19 BB 64 02 60 00 00
  can1  206  [16]  6D 61 14 1D 00 63 0C 1C 19 19 AA 68 39 5F 00 00"
2025-08-09T00:06:58.248213,294.871,"can1  206  [16]  CC 60 5C 1C 36 62 B3 1C E0 18 E1 67 8C 5C 00 00
  can1  206  [16]  BD 61 25 1C 6D 61 9A 1C 8B 18 6A 64 EB 5B 00 00"
2025-08-09T00:06:58.476195,295.099,can1  206  [16]  E3 64 56 1C 10 5F 1F 1C B5 18 A1 63 05 5D 00 00
2025-08-09T00:06:58.670219,295.293,"can1  206  [16]  42 64 D3 1C 53 60 D7 1B 1E 19 BB 64 B2 5F 00 00
  can1  206  [16]  5F 62 28 1D D8 62 DD 1B 28 19 C7 66 B2 5F 00 00
  can1  206  [16]  36 62 07 1D C9 63 CB 1B 28 19 68 67 B2 5F 00 00
  can1  206  [16]  E6 61 FA 1C A1 63 D1 1B 1E 19 40 67 B2 5F 00 00"
2025-08-09T00:06:58.670219,295.293,"can1  206  [16]  E6 61 FA 1C F2 63 D1 1B 1E 19 E1 67 89 5F 00 00
  can1  206  [16]  F4 60 B3 1C D8 62 3D 1C 01 19 E1 67 C0 5E 00 00"
2025-08-09T00:06:58.892203,295.515,"can1  206  [16]  F4 60 25 1C CC 60 8E 1C 99 18 28 63 13 5C 00 00
  can1  206  [16]  FD 65 49 1C 10 5F 13 1C B0 18 A1 63 55 5D 00 00"
2025-08-09T00:06:58.900252,295.523,"can1  206  [16]  50 63 E0 1C 2B 60 D7 1B 1E 19 0C 65 DA 5F 00 00
  can1  206  [16]  45 61 14 1D 28 63 0C 1C 10 19 D3 68 39 5F 00 00"
2025-08-09T00:06:59.116350,295.739,"can1  206  [16]  53 60 5C 1C 36 62 AD 1C D2 18 90 67 B4 5C 00 00
  can1  206  [16]  E6 61 25 1C BD 61 9A 1C C8 18 40 67 3B 5C 00 00"
2025-08-09T00:06:59.122871,295.745,"can1  206  [16]  0E 62 1F 1C 45 61 7B 1C A7 18 00 63 64 5C 00 00
  can1  206  [16]  42 64 5C 1C 39 5F FA 1B B0 18 28 63 7E 5D 00 00"
2025-08-09T00:06:59.122871,295.745,"can1  206  [16]  A1 63 FA 1C 7B 60 D1 1B 23 19 E3 64 02 60 00 00
  can1  206  [16]  1C 61 07 1D 28 63 0C 1C 06 19 31 68 10 5F 00 00"
2025-08-09T00:06:59.340526,295.963,"can1  206  [16]  1C 61 50 1C 36 62 A7 1C BF 18 17 67 8C 5C 00 00
  can1  206  [16]  36 62 1F 1C 45 61 87 1C 94 18 A1 63 13 5C 00 00"
2025-08-09T00:06:59.542826,296.165,"can1  206  [16]  6A 64 56 1C 89 5F FA 1B B5 18 00 63 7E 5D 00 00
  can1  206  [16]  A1 63 F3 1C 7B 60 C5 1B 37 19 E3 64 02 60 00 00
  can1  206  [16]  95 61 00 1D 28 63 EE 1B 37 19 AA 68 10 5F 00 00"
2025-08-09T00:06:59.544840,296.167,"can1  206  [16]  A3 60 49 1C 00 63 94 1C D2 18 90 67 B4 5C 00 00
  can1  206  [16]  BD 61 1F 1C 36 62 7B 1C A2 18 B9 67 3B 5C 00 00"
2025-08-09T00:06:59.775812,296.398,"can1  206  [16]  87 62 19 1C E6 61 87 1C B5 18 68 67 3B 5C 00 00
  can1  206  [16]  5F 62 25 1C 6D 61 75 1C C3 18 50 63 B4 5C 00 00"
2025-08-09T00:06:59.775812,296.400,"can1  206  [16]  F2 63 68 1C A3 60 E8 1B DB 18 F2 63 6F 5E 00 00
  can1  206  [16]  28 63 14 1D 36 62 BF 1B E5 18 BB 64 B2 5F 00 00"
2025-08-09T00:07:00.007573,296.630,"can1  206  [16]  28 63 1A 1D AF 62 B3 1B F3 18 BB 64 2B 60 00 00
  can1  206  [16]  28 63 1A 1D 00 63 B3 1B 01 19 E3 64 7B 60 00 00"
2025-08-09T00:07:00.007573,296.630,"can1  206  [16]  D8 62 1A 1D 79 63 C5 1B 06 19 0C 65 53 60 00 00
  can1  206  [16]  36 62 1A 1D A1 63 C5 1B 15 19 26 66 7B 60 00 00"
2025-08-09T00:07:00.208998,296.832,"can1  206  [16]  0E 62 0D 1D 1A 64 B3 1B 19 19 C7 66 A3 60 00 00
  can1  206  [16]  AF 62 0D 1D 1A 64 B9 1B 23 19 C7 66 2B 60 00 00"
2025-08-09T00:07:00.211013,296.834,"can1  206  [16]  6D 61 F3 1C 1A 64 EE 1B 0B 19 AA 68 10 5F 00 00
  can1  206  [16]  CC 60 49 1C D8 62 94 1C CD 18 40 67 B4 5C 00 00"
2025-08-09T00:07:00.439780,297.062,"can1  206  [16]  0E 62 25 1C E6 61 7B 1C A7 18 40 67 64 5C 00 00
  can1  206  [16]  D8 62 25 1C BD 61 75 1C A7 18 17 67 13 5C 00 00"
2025-08-09T00:07:00.439780,297.062,"can1  206  [16]  AF 62 19 1C 45 61 56 1C C3 18 28 63 B4 5C 00 00
  can1  206  [16]  F2 63 62 1C 2B 60 C5 1B F3 18 C9 63 6F 5E 00 00"
2025-08-09T00:07:00.642278,297.265,"can1  206  [16]  28 63 21 1D 95 61 D7 1B 59 19 76 66 02 60 00 00
  can1  206  [16]  6D 61 FA 1C C9 63 13 1C 0B 19 5A 68 39 5F 00 00
  can1  206  [16]  BD 61 9A 1C C9 63 31 1C F3 18 09 68 98 5E 00 00"
2025-08-09T00:07:00.642278,297.265,"can1  206  [16]  0E 62 75 1C 79 63 3D 1C E9 18 E1 67 1F 5E 00 00
  can1  206  [16]  BD 61 56 1C A1 63 49 1C D6 18 E1 67 A6 5D 00 00"
2025-08-09T00:07:00.859607,297.482,"can1  206  [16]  0E 62 56 1C 50 63 50 1C C8 18 B9 67 7E 5D 00 00
  can1  206  [16]  BD 61 37 1C 50 63 56 1C B5 18 E1 67 05 5D 00 00"
2025-08-09T00:07:00.859607,297.482,"can1  206  [16]  95 61 3D 1C 53 60 31 1C C8 18 87 62 B4 5C 00 00
  can1  206  [16]  FD 65 5C 1C 7B 60 A2 1B F8 18 C9 63 E8 5E 00 00"
2025-08-09T00:07:01.084064,297.707,"can1  206  [16]  D5 65 28 1D 0E 62 90 1B 15 19 42 64 2B 60 00 00
  can1  206  [16]  F2 63 14 1D D8 62 84 1B 01 19 6A 64 2B 60 00 00"
2025-08-09T00:07:01.084064,297.707,can1  206  [16]  A1 63 1A 1D 50 63 8A 1B 19 19 E3 64 2B 60 00 00
2025-08-09T00:07:01.084064,297.707,"can1  206  [16]  42 64 0D 1D A1 63 96 1B 1E 19 E3 64 53 60 00 00
  can1  206  [16]  C9 63 1A 1D F2 63 A7 1B 19 19 FD 65 53 60 00 00"
2025-08-09T00:07:01.302532,297.925,"can1  206  [16]  AF 62 14 1D 42 64 A2 1B 19 19 26 66 7B 60 00 00
  can1  206  [16]  AF 62 00 1D 93 64 A2 1B 19 19 17 67 2B 60 00 00
  can1  206  [16]  BD 61 07 1D BB 64 AD 1B 37 19 90 67 2B 60 00 00"
2025-08-09T00:07:01.304692,297.927,"can1  206  [16]  0E 62 FA 1C BB 64 AD 1B 3C 19 90 67 02 60 00 00
  can1  206  [16]  45 61 C0 1C C9 63 19 1C 1E 19 31 68 10 5F 00 00"
2025-08-09T00:07:01.524078,298.147,"can1  206  [16]  95 61 1F 1C 95 61 62 1C BA 18 87 62 64 5C 00 00
  can1  206  [16]  BB 64 50 1C DA 5F E8 1B BF 18 D8 62 7E 5D 00 00"
2025-08-09T00:07:01.524078,298.147,"can1  206  [16]  93 64 DA 1C 45 61 CB 1B 37 19 E3 64 2B 60 00 00
  can1  206  [16]  5F 62 21 1D 42 64 D1 1B 40 19 76 66 53 60 00 00"
2025-08-09T00:07:01.731755,298.354,"can1  206  [16]  36 62 07 1D 42 64 D1 1B 3C 19 C7 66 B2 5F 00 00
  can1  206  [16]  45 61 E0 1C 1A 64 13 1C 06 19 82 68 39 5F 00 00"
2025-08-09T00:07:01.733292,298.356,can1  206  [16]  F4 60 43 1C 5F 62 A0 1C B0 18 40 67 8C 5C 00 00
2025-08-09T00:07:01.952925,298.576,"can1  206  [16]  87 62 13 1C 1C 61 75 1C A2 18 00 63 B4 5C 00 00
  can1  206  [16]  1A 64 5C 1C B2 5F E3 1B BF 18 79 63 47 5E 00 00"
2025-08-09T00:07:01.958007,298.581,"can1  206  [16]  A1 63 07 1D F4 60 E3 1B 23 19 E3 64 53 60 00 00
  can1  206  [16]  A3 60 FA 1C F2 63 25 1C 01 19 31 68 10 5F 00 00"
2025-08-09T00:07:02.177717,298.800,"can1  206  [16]  1C 61 3D 1C 5F 62 B3 1C AC 18 40 67 8C 5C 00 00
  can1  206  [16]  0E 62 1F 1C A3 60 81 1C 90 18 50 63 B4 5C 00 00"
2025-08-09T00:07:02.181749,298.804,"can1  206  [16]  1A 64 5C 1C 10 5F EE 1B C3 18 00 63 1F 5E 00 00
  can1  206  [16]  A1 63 0D 1D 2B 60 E3 1B 23 19 0C 65 02 60 00 00"
2025-08-09T00:07:02.431894,299.054,"can1  206  [16]  A3 60 00 1D 00 63 1F 1C FD 18 B9 67 6F 5E 00 00
  can1  206  [16]  A3 60 3D 1C 6D 61 9A 1C 90 18 50 63 49 5B 00 00"
2025-08-09T00:07:02.431894,299.054,"can1  206  [16]  A1 63 49 1C 10 5F 3D 1C A7 18 AF 62 64 5C 00 00
  can1  206  [16]  A1 63 BA 1C 2B 60 D1 1B FD 18 42 64 39 5F 00 00"
2025-08-09T00:07:02.632213,299.255,"can1  206  [16]  36 62 3B 1D D8 62 D7 1B 0B 19 D5 65 B2 5F 00 00
  can1  206  [16]  BD 61 21 1D 00 63 CB 1B 15 19 76 66 61 5F 00 00
  can1  206  [16]  45 61 FA 1C 79 63 FA 1B 01 19 AA 68 39 5F 00 00"
2025-08-09T00:07:02.632213,299.255,"can1  206  [16]  A3 60 50 1C 36 62 9A 1C BF 18 40 67 64 5C 00 00
  can1  206  [16]  BD 61 25 1C 1C 61 6E 1C 8B 18 C9 63 9A 5B 00 00"
2025-08-09T00:07:02.841857,299.464,"can1  206  [16]  6A 64 56 1C 10 5F FA 1B AC 18 79 63 B4 5C 00 00
  can1  206  [16]  A1 63 E7 1C 61 5F D7 1B 15 19 E3 64 89 5F 00 00"
2025-08-09T00:07:02.844968,299.468,can1  206  [16]  95 61 14 1D 28 63 0C 1C 01 19 82 68 98 5E 00 00
2025-08-09T00:07:03.093520,299.716,"can1  206  [16]  CC 60 49 1C E6 61 A7 1C BF 18 B9 67 64 5C 00 00
  can1  206  [16]  95 61 49 1C 10 5F 56 1C 9E 18 00 63 64 5C 00 00"
2025-08-09T00:07:03.268811,299.891,"can1  206  [16]  79 63 87 1C 89 5F DD 1B E5 18 42 64 E8 5E 00 00
  can1  206  [16]  87 62 3B 1D E6 61 C5 1B 06 19 0C 65 89 5F 00 00
  can1  206  [16]  00 63 1A 1D 0E 62 D1 1B 01 19 26 66 B2 5F 00 00"
2025-08-09T00:07:03.268811,299.891,"can1  206  [16]  28 63 14 1D 5F 62 CB 1B 06 19 76 66 B2 5F 00 00
  can1  206  [16]  0E 62 1A 1D D8 62 D1 1B 0B 19 EF 66 89 5F 00 00
  can1  206  [16]  D8 62 0D 1D D8 62 D7 1B 10 19 C7 66 61 5F 00 00
  can1  206  [16]  6D 61 E7 1C D8 62 19 1C F3 18 82 68 98 5E 00 00
  can1  206  [16]  45 61 3D 1C 1C 61 A0 1C 74 18 A1 63 72 5B 00 00"
2025-08-09T00:07:03.492536,300.115,"can1  206  [16]  93 64 49 1C C0 5E 37 1C 7D 18 D8 62 DC 5C 00 00
  can1  206  [16]  C9 63 B3 1C B2 5F BF 1B E5 18 E3 64 B2 5F 00 00"
2025-08-09T00:07:03.492536,300.115,"can1  206  [16]  5F 62 3B 1D E6 61 BF 1B F8 18 26 66 53 60 00 00
  can1  206  [16]  D8 62 1A 1D 5F 62 C5 1B FD 18 76 66 53 60 00 00"
2025-08-09T00:07:03.712987,300.336,"can1  206  [16]  00 63 00 1D AF 62 DD 1B 15 19 EF 66 2B 60 00 00
  can1  206  [16]  AF 62 14 1D 28 63 E3 1B 15 19 90 67 02 60 00 00"
2025-08-09T00:07:03.715002,300.338,"can1  206  [16]  BD 61 14 1D 28 63 E8 1B 01 19 09 68 02 60 00 00
  can1  206  [16]  BD 61 FA 1C 28 63 E8 1B 10 19 5A 68 B2 5F 00 00"
2025-08-09T00:07:03.935188,300.558,"can1  206  [16]  36 62 00 1D 28 63 E8 1B 01 19 82 68 B2 5F 00 00
  can1  206  [16]  95 61 B3 1C 0E 62 5C 1C E5 18 31 68 6F 5E 00 00"
2025-08-09T00:07:03.935188,300.558,"can1  206  [16]  D8 62 75 1C 0E 62 75 1C D6 18 90 67 7E 5D 00 00
  can1  206  [16]  C9 63 5C 1C E6 61 81 1C BF 18 90 67 DC 5C 00 00"
2025-08-09T00:07:04.157285,300.780,"can1  206  [16]  D8 62 3D 1C 95 61 87 1C 7D 18 0C 65 13 5C 00 00
  can1  206  [16]  93 64 56 1C 6F 5E 2B 1C A2 18 D8 62 DC 5C 00 00"
2025-08-09T00:07:04.157285,300.780,"can1  206  [16]  6A 64 C7 1C 61 5F BF 1B FD 18 C9 63 61 5F 00 00
  can1  206  [16]  A1 63 49 1D 0E 62 D1 1B 01 19 FD 65 DA 5F 00 00"
2025-08-09T00:07:04.157285,300.780,"can1  206  [16]  28 63 2E 1D 00 63 DD 1B 10 19 9F 66 2B 60 00 00
  can1  206  [16]  E6 61 28 1D 79 63 E3 1B 1E 19 17 67 53 60 00 00"
2025-08-09T00:07:04.381794,301.004,"can1  206  [16]  AF 62 21 1D 79 63 DD 1B 19 19 40 67 02 60 00 00
  can1  206  [16]  E6 61 0D 1D A1 63 E8 1B 10 19 B9 67 DA 5F 00 00"
2025-08-09T00:07:04.394198,301.017,"can1  206  [16]  95 61 E7 1C 00 63 43 1C F3 18 AA 68 10 5F 00 00
  can1  206  [16]  95 61 3D 1C CC 60 9A 1C 86 18 50 63 13 5C 00 00"
2025-08-09T00:07:04.599992,301.223,"can1  206  [16]  F2 63 62 1C C0 5E 25 1C A7 18 28 63 2D 5D 00 00
  can1  206  [16]  C9 63 E7 1C 02 60 CB 1B 01 19 42 64 B2 5F 00 00
  can1  206  [16]  0E 62 42 1D 36 62 CB 1B 01 19 4E 66 2B 60 00 00"
2025-08-09T00:07:04.829003,301.452,"can1  206  [16]  00 63 2E 1D 00 63 CB 1B 01 19 C7 66 02 60 00 00
  can1  206  [16]  BD 61 1A 1D 28 63 CB 1B F8 18 68 67 02 60 00 00"
2025-08-09T00:07:04.829003,301.452,"can1  206  [16]  6D 61 00 1D 00 63 1F 1C E5 18 82 68 39 5F 00 00
  can1  206  [16]  BD 61 B3 1C 00 63 49 1C DB 18 31 68 6F 5E 00 00"
2025-08-09T00:07:05.054909,301.677,"can1  206  [16]  28 63 94 1C 87 62 49 1C D6 18 82 68 98 5E 00 00
  can1  206  [16]  AF 62 87 1C AF 62 56 1C C8 18 E1 67 47 5E 00 00"
2025-08-09T00:07:05.054909,301.677,"can1  206  [16]  5F 62 6E 1C 5F 62 68 1C BA 18 90 67 F6 5D 00 00
  can1  206  [16]  AF 62 62 1C 87 62 6E 1C AC 18 40 67 A6 5D 00 00"
2025-08-09T00:07:05.270177,301.893,"can1  206  [16]  00 63 56 1C 0E 62 68 1C A2 18 17 67 05 5D 00 00
  can1  206  [16]  D8 62 49 1C 0E 62 62 1C 9E 18 C7 66 B4 5C 00 00"
2025-08-09T00:07:05.270177,301.893,"can1  206  [16]  D8 62 31 1C E6 61 62 1C 90 18 EF 66 64 5C 00 00
  can1  206  [16]  79 63 37 1C 95 61 43 1C 78 18 C9 63 64 5C 00 00
  can1  206  [16]  93 64 6E 1C B2 5F CB 1B A7 18 A1 63 CE 5D 00 00"
2025-08-09T00:07:05.489734,302.112,"can1  206  [16]  C9 63 14 1D 6D 61 A7 1B 1E 19 FD 65 2B 60 00 00
  can1  206  [16]  0E 62 3B 1D 6A 64 A7 1B 15 19 68 67 DA 5F 00 00"
2025-08-09T00:07:05.489734,302.112,"can1  206  [16]  87 62 1A 1D BB 64 A2 1B 0B 19 B9 67 DA 5F 00 00
  can1  206  [16]  D8 62 07 1D BB 64 A2 1B 06 19 E1 67 DA 5F 00 00"
2025-08-09T00:07:05.711339,302.334,"can1  206  [16]  BD 61 07 1D 93 64 A2 1B 06 19 AA 68 61 5F 00 00
  can1  206  [16]  E6 61 FA 1C 6A 64 AD 1B 01 19 AA 68 61 5F 00 00"
2025-08-09T00:07:05.711339,302.334,"can1  206  [16]  45 61 A7 1C 28 63 50 1C E9 18 09 68 F6 5D 00 00
  can1  206  [16]  6D 61 50 1C 7B 60 75 1C 99 18 00 63 8C 5C 00 00"
2025-08-09T00:07:05.711339,302.334,"can1  206  [16]  D5 65 7B 1C 2B 60 D7 1B BF 18 C9 63 47 5E 00 00
  can1  206  [16]  79 63 2E 1D 6D 61 D7 1B 2D 19 9F 66 B2 5F 00 00"
2025-08-09T00:07:05.917873,302.540,"can1  206  [16]  1C 61 1A 1D C9 63 1F 1C 01 19 82 68 10 5F 00 00
  can1  206  [16]  0E 62 B3 1C C9 63 37 1C FD 18 31 68 6F 5E 00 00"
2025-08-09T00:07:05.924995,302.548,"can1  206  [16]  0E 62 9A 1C A1 63 43 1C E9 18 E1 67 47 5E 00 00
  can1  206  [16]  36 62 8E 1C 79 63 3D 1C DB 18 E1 67 CE 5D 00 00"
2025-08-09T00:07:06.140921,302.764,"can1  206  [16]  36 62 75 1C 28 63 68 1C CD 18 E1 67 7E 5D 00 00
  can1  206  [16]  45 61 49 1C 53 60 62 1C 99 18 5F 62 B4 5C 00 00"
2025-08-09T00:07:06.140921,302.764,can1  206  [16]  A1 63 75 1C B2 5F C5 1B C8 18 79 63 6F 5E 00 00
2025-08-09T00:07:06.366535,302.989,"can1  206  [16]  00 63 2E 1D 45 61 E3 1B 28 19 4E 66 2B 60 00 00
  can1  206  [16]  53 60 FA 1C 79 63 43 1C FD 18 82 68 61 5F 00 00"
2025-08-09T00:07:06.370632,302.993,"can1  206  [16]  A3 60 49 1C 95 61 AD 1C 99 18 F2 63 B4 5C 00 00
  can1  206  [16]  1A 64 62 1C B2 5F 25 1C AC 18 28 63 CE 5D 00 00"
2025-08-09T00:07:06.585424,303.208,"can1  206  [16]  28 63 ED 1C 1C 61 D1 1B 10 19 6A 64 53 60 00 00
  can1  206  [16]  45 61 28 1D 1A 64 DD 1B 10 19 E1 67 89 5F 00 00"
2025-08-09T00:07:06.593484,303.216,"can1  206  [16]  A3 60 7B 1C 00 63 6E 1C D2 18 C7 66 2D 5D 00 00
  can1  206  [16]  45 61 5C 1C 2B 60 43 1C A2 18 E6 61 DC 5C 00 00"
2025-08-09T00:07:06.819652,303.442,"can1  206  [16]  C9 63 87 1C 7B 60 BF 1B E0 18 F2 63 39 5F 00 00
  can1  206  [16]  00 63 4F 1D 36 62 B9 1B F3 18 93 64 02 60 00 00"
2025-08-09T00:07:06.819652,303.442,"can1  206  [16]  00 63 42 1D 00 63 BF 1B FD 18 BB 64 53 60 00 00
  can1  206  [16]  0E 62 35 1D 28 63 C5 1B 01 19 AD 65 53 60 00 00"
2025-08-09T00:07:07.027477,303.650,"can1  206  [16]  36 62 21 1D C9 63 C5 1B 01 19 26 66 2B 60 00 00
  can1  206  [16]  6D 61 0D 1D F2 63 E8 1B 0B 19 82 68 39 5F 00 00"
2025-08-09T00:07:07.029487,303.652,"can1  206  [16]  F4 60 68 1C 00 63 94 1C D6 18 90 67 05 5D 00 00
  can1  206  [16]  BD 61 37 1C 36 62 9A 1C 99 18 90 67 64 5C 00 00"
2025-08-09T00:07:07.029487,303.652,"can1  206  [16]  5F 62 25 1C E6 61 8E 1C 8B 18 68 67 64 5C 00 00
  can1  206  [16]  AF 62 25 1C 6D 61 68 1C 82 18 28 63 8C 5C 00 00"
2025-08-09T00:07:07.248429,303.871,"can1  206  [16]  BB 64 75 1C 02 60 EE 1B B0 18 79 63 47 5E 00 00
  can1  206  [16]  F2 63 1A 1D 45 61 D7 1B 19 19 26 66 2B 60 00 00"
2025-08-09T00:07:07.248429,303.871,"can1  206  [16]  F4 60 0D 1D 42 64 FA 1B FD 18 D3 68 39 5F 00 00
  can1  206  [16]  0E 62 CD 1C 1A 64 1F 1C E5 18 AA 68 E8 5E 00 00"
2025-08-09T00:07:07.470342,304.093,can1  206  [16]  45 61 43 1C 0E 62 7B 1C 9E 18 40 67 8C 5C 00 00
2025-08-09T00:07:07.474365,304.097,"can1  206  [16]  5F 62 31 1C 45 61 49 1C 90 18 50 63 05 5D 00 00
  can1  206  [16]  0C 65 75 1C 2B 60 B9 1B C3 18 F2 63 98 5E 00 00"
2025-08-09T00:07:07.700423,304.323,"can1  206  [16]  F2 63 2E 1D 45 61 B9 1B 1E 19 C7 66 53 60 00 00
  can1  206  [16]  6D 61 0D 1D 79 63 13 1C 01 19 5A 68 B2 5F 00 00"
2025-08-09T00:07:07.703848,304.326,"can1  206  [16]  1C 61 50 1C E6 61 8E 1C A7 18 40 67 DC 5C 00 00
  can1  206  [16]  79 63 43 1C 1C 61 56 1C 90 18 D8 62 05 5D 00 00"
2025-08-09T00:07:07.915837,304.538,"can1  206  [16]  0C 65 6E 1C 2B 60 B9 1B B5 18 28 63 E8 5E 00 00
  can1  206  [16]  A1 63 21 1D 45 61 B3 1B 1E 19 26 66 7B 60 00 00"
2025-08-09T00:07:07.918866,304.541,"can1  206  [16]  1C 61 0D 1D 50 63 06 1C F8 18 82 68 61 5F 00 00
  can1  206  [16]  CC 60 43 1C 95 61 75 1C 7D 18 C9 63 64 5C 00 00"
2025-08-09T00:07:08.142065,304.765,"can1  206  [16]  6A 64 6E 1C B2 5F 00 1C A2 18 D8 62 A6 5D 00 00
  can1  206  [16]  50 63 E7 1C A3 60 A7 1B 10 19 42 64 A3 60 00 00"
2025-08-09T00:07:08.142065,304.765,"can1  206  [16]  AF 62 49 1D 00 63 A7 1B 15 19 FD 65 7B 60 00 00
  can1  206  [16]  D8 62 28 1D C9 63 A7 1B 10 19 76 66 A3 60 00 00"
2025-08-09T00:07:08.142065,304.765,"can1  206  [16]  E6 61 14 1D 1A 64 A2 1B 10 19 EF 66 7B 60 00 00
  can1  206  [16]  36 62 0D 1D 42 64 A7 1B 0B 19 90 67 2B 60 00 00"
2025-08-09T00:07:08.341019,304.964,"can1  206  [16]  6D 61 E0 1C 79 63 06 1C EE 18 82 68 61 5F 00 00
  can1  206  [16]  D8 62 A7 1C A1 63 43 1C E9 18 5A 68 98 5E 00 00"
2025-08-09T00:07:08.341019,304.964,"can1  206  [16]  BD 61 8E 1C 79 63 50 1C DB 18 5A 68 6F 5E 00 00
  can1  206  [16]  95 61 31 1C 1C 61 68 1C 86 18 00 63 8C 5C 00 00"
2025-08-09T00:07:08.563851,305.186,can1  206  [16]  6A 64 6E 1C 10 5F DD 1B A7 18 A1 63 F6 5D 00 00
2025-08-09T00:07:08.567879,305.190,"can1  206  [16]  A1 63 07 1D B2 5F BF 1B 19 19 FD 65 53 60 00 00
  can1  206  [16]  45 61 0D 1D D8 62 FA 1B FD 18 FB 68 39 5F 00 00"
2025-08-09T00:07:08.789596,305.412,"can1  206  [16]  CC 60 43 1C 6D 61 8E 1C 8B 18 6A 64 64 5C 00 00
  can1  206  [16]  F2 63 62 1C 10 5F 2B 1C A2 18 D8 62 2D 5D 00 00"
2025-08-09T00:07:08.794869,305.417,"can1  206  [16]  93 64 B3 1C 53 60 A7 1B F8 18 BB 64 DA 5F 00 00
  can1  206  [16]  AF 62 56 1D D8 62 9C 1B 06 19 4E 66 53 60 00 00"
2025-08-09T00:07:09.005666,305.628,"can1  206  [16]  87 62 2E 1D 79 63 A2 1B 06 19 C7 66 7B 60 00 00
  can1  206  [16]  E6 61 2E 1D F2 63 A7 1B 10 19 90 67 A3 60 00 00"
2025-08-09T00:07:09.007680,305.630,"can1  206  [16]  95 61 FA 1C F2 63 00 1C FD 18 9C 69 02 60 00 00
  can1  206  [16]  45 61 5C 1C AF 62 B3 1C AC 18 31 68 DC 5C 00 00"
2025-08-09T00:07:09.237478,305.860,"can1  206  [16]  0E 62 2B 1C BD 61 A7 1C 86 18 09 68 64 5C 00 00
  can1  206  [16]  00 63 2B 1C 45 61 75 1C 6F 18 F2 63 B4 5C 00 00"
2025-08-09T00:07:09.238189,305.861,"can1  206  [16]  BB 64 75 1C B2 5F FA 1B A2 18 1A 64 1F 5E 00 00
  can1  206  [16]  BB 64 1A 1D 1C 61 DD 1B 1E 19 76 66 02 60 00 00"
2025-08-09T00:07:09.447749,306.070,"can1  206  [16]  6D 61 14 1D A1 63 25 1C E9 18 D3 68 E8 5E 00 00
  can1  206  [16]  0E 62 C7 1C C9 63 50 1C D6 18 09 68 E8 5E 00 00"
2025-08-09T00:07:09.447749,306.070,"can1  206  [16]  E6 61 A0 1C C9 63 56 1C C8 18 E1 67 C0 5E 00 00
  can1  206  [16]  36 62 8E 1C A1 63 62 1C D6 18 AA 68 47 5E 00 00
  can1  206  [16]  0E 62 7B 1C 79 63 75 1C D2 18 AA 68 A6 5D 00 00"
2025-08-09T00:07:09.670480,306.293,"can1  206  [16]  36 62 62 1C 79 63 75 1C C3 18 AA 68 55 5D 00 00
  can1  206  [16]  5F 62 5C 1C 79 63 81 1C B5 18 31 68 05 5D 00 00
  can1  206  [16]  D8 62 3D 1C 00 63 94 1C AC 18 31 68 05 5D 00 00"
2025-08-09T00:07:09.670480,306.293,"can1  206  [16]  D8 62 31 1C 5F 62 9A 1C A2 18 31 68 B4 5C 00 00
  can1  206  [16]  79 63 37 1C E6 61 9A 1C 82 18 E1 67 64 5C 00 00"
2025-08-09T00:07:09.900273,306.523,can1  206  [16]  F2 63 31 1C 6D 61 7B 1C 8B 18 F2 63 64 5C 00 00
2025-08-09T00:07:09.900273,306.523,"can1  206  [16]  4E 66 75 1C B2 5F FA 1B BF 18 1A 64 47 5E 00 00
  can1  206  [16]  BB 64 21 1D 1C 61 E8 1B 23 19 40 67 2B 60 00 00"
2025-08-09T00:07:10.114621,306.737,"can1  206  [16]  C9 63 35 1D 1A 64 DD 1B 19 19 82 68 02 60 00 00
  can1  206  [16]  AF 62 1A 1D 6A 64 D7 1B 10 19 AA 68 02 60 00 00"
2025-08-09T00:07:10.114621,306.737,"can1  206  [16]  87 62 00 1D 6A 64 DD 1B 01 19 AA 68 B2 5F 00 00
  can1  206  [16]  79 63 FA 1C 6A 64 E3 1B 01 19 D3 68 89 5F 00 00
  can1  206  [16]  AF 62 07 1D 42 64 E3 1B 01 19 FB 68 89 5F 00 00"
2025-08-09T00:07:10.341795,306.964,can1  206  [16]  0E 62 F3 1C 42 64 EE 1B 01 19 74 69 89 5F 00 00
2025-08-09T00:07:10.346007,306.969,"can1  206  [16]  AF 62 F3 1C 42 64 E8 1B 1E 19 74 69 39 5F 00 00
  can1  206  [16]  0E 62 DA 1C F2 63 EE 1B 1E 19 74 69 10 5F 00 00"
2025-08-09T00:07:10.346007,306.969,"can1  206  [16]  36 62 DA 1C F2 63 06 1C 1E 19 23 69 10 5F 00 00
  can1  206  [16]  5F 62 BA 1C C9 63 19 1C 1E 19 FB 68 E8 5E 00 00"
2025-08-09T00:07:10.558030,307.181,"can1  206  [16]  E6 61 9A 1C 93 64 2B 1C 01 19 FB 68 47 5E 00 00
  can1  206  [16]  D8 62 87 1C 93 64 43 1C E9 18 AA 68 1F 5E 00 00"
2025-08-09T00:07:10.587506,307.210,"can1  206  [16]  0E 62 75 1C 93 64 56 1C E0 18 D3 68 A6 5D 00 00
  can1  206  [16]  0E 62 62 1C 6A 64 62 1C CD 18 AA 68 A6 5D 00 00"
2025-08-09T00:07:10.778800,307.401,"can1  206  [16]  5F 62 56 1C 42 64 81 1C BF 18 82 68 05 5D 00 00
  can1  206  [16]  36 62 43 1C C9 63 8E 1C B5 18 AA 68 B4 5C 00 00
  can1  206  [16]  87 62 37 1C 28 63 8E 1C A7 18 5A 68 8C 5C 00 00"
2025-08-09T00:07:10.778800,307.401,"can1  206  [16]  D8 62 2B 1C D8 62 8E 1C 99 18 B9 67 13 5C 00 00
  can1  206  [16]  D8 62 31 1C E6 61 87 1C 90 18 E1 67 F9 5A 00 00"
2025-08-09T00:07:11.000085,307.623,"can1  206  [16]  79 63 3D 1C 6D 61 6E 1C 9E 18 C9 63 EB 5B 00 00
  can1  206  [16]  93 64 7B 1C 7B 60 CB 1B C8 18 93 64 CE 5D 00 00"
2025-08-09T00:07:11.005295,307.628,"can1  206  [16]  F2 63 28 1D BD 61 9C 1B E9 18 E3 64 C0 5E 00 00
  can1  206  [16]  42 64 28 1D 0E 62 8A 1B F3 18 D5 65 E8 5E 00 00"
2025-08-09T00:07:11.222204,307.845,"can1  206  [16]  28 63 35 1D 5F 62 90 1B 01 19 D5 65 10 5F 00 00
  can1  206  [16]  5F 62 35 1D D8 62 90 1B 06 19 26 66 39 5F 00 00"
2025-08-09T00:07:11.222204,307.845,"can1  206  [16]  0E 62 35 1D 28 63 96 1B 15 19 C7 66 89 5F 00 00
  can1  206  [16]  0E 62 28 1D A1 63 A7 1B 15 19 EF 66 61 5F 00 00"
2025-08-09T00:07:11.444645,308.067,"can1  206  [16]  0E 62 21 1D 6A 64 A7 1B 1E 19 90 67 61 5F 00 00
  can1  206  [16]  BD 61 21 1D 6A 64 AD 1B 1E 19 B9 67 10 5F 00 00"
2025-08-09T00:07:11.452582,308.075,"can1  206  [16]  95 61 FA 1C A1 63 F4 1B 01 19 FB 68 1F 5E 00 00
  can1  206  [16]  1C 61 50 1C E6 61 87 1C AC 18 40 67 9A 5B 00 00"
2025-08-09T00:07:11.652905,308.275,"can1  206  [16]  C9 63 3D 1C 1C 61 50 1C 94 18 28 63 8C 5C 00 00
  can1  206  [16]  D5 65 7B 1C 02 60 BF 1B BF 18 50 63 47 5E 00 00"
2025-08-09T00:07:11.654912,308.277,"can1  206  [16]  C9 63 1A 1D 45 61 B9 1B 23 19 4E 66 2B 60 00 00
  can1  206  [16]  6D 61 14 1D 28 63 1F 1C 10 19 23 69 10 5F 00 00"
2025-08-09T00:07:11.884965,308.508,"can1  206  [16]  F4 60 49 1C 0E 62 B3 1C AC 18 E1 67 64 5C 00 00
  can1  206  [16]  79 63 2B 1C 1C 61 7B 1C 90 18 C9 63 B4 5C 00 00"
2025-08-09T00:07:11.884965,308.508,"can1  206  [16]  BB 64 7B 1C B2 5F EE 1B DB 18 6A 64 47 5E 00 00
  can1  206  [16]  BB 64 1A 1D F4 60 E8 1B 45 19 17 67 02 60 00 00"
2025-08-09T00:07:12.096134,308.719,"can1  206  [16]  45 61 07 1D 79 63 31 1C 01 19 FB 68 10 5F 00 00
  can1  206  [16]  A3 60 49 1C E6 61 BA 1C AC 18 E1 67 8C 5C 00 00"
2025-08-09T00:07:12.098147,308.721,"can1  206  [16]  5F 62 37 1C F4 60 62 1C 8B 18 A1 63 DC 5C 00 00
  can1  206  [16]  F2 63 75 1C 89 5F E8 1B BA 18 6A 64 98 5E 00 00"
2025-08-09T00:07:12.319740,308.942,"can1  206  [16]  00 63 1A 1D F4 60 E8 1B 1E 19 76 66 53 60 00 00
  can1  206  [16]  A3 60 00 1D 50 63 49 1C FD 18 FB 68 E8 5E 00 00"
2025-08-09T00:07:12.334420,308.957,"can1  206  [16]  A3 60 43 1C 95 61 BA 1C 94 18 BB 64 EB 5B 00 00
  can1  206  [16]  42 64 56 1C 61 5F 37 1C A7 18 C9 63 DC 5C 00 00"
2025-08-09T00:07:12.334420,308.957,"can1  206  [16]  BB 64 D3 1C 7B 60 CB 1B 0B 19 E3 64 89 5F 00 00
  can1  206  [16]  5F 62 49 1D 00 63 DD 1B 15 19 9F 66 DA 5F 00 00"
2025-08-09T00:07:12.539537,309.162,"can1  206  [16]  5F 62 2E 1D 50 63 DD 1B 15 19 17 67 B2 5F 00 00
  can1  206  [16]  BD 61 1A 1D 6A 64 DD 1B 19 19 68 67 61 5F 00 00"
2025-08-09T00:07:12.541550,309.164,"can1  206  [16]  45 61 F3 1C F2 63 1F 1C FD 18 D3 68 39 5F 00 00
  can1  206  [16]  1C 61 49 1C 36 62 C0 1C AC 18 90 67 8C 5C 00 00"
2025-08-09T00:07:12.783619,309.406,"can1  206  [16]  A1 63 2B 1C 45 61 94 1C 8B 18 A1 63 8C 5C 00 00
  can1  206  [16]  42 64 6E 1C DA 5F 06 1C CD 18 50 63 47 5E 00 00"
2025-08-09T00:07:12.783619,309.406,"can1  206  [16]  79 63 1A 1D 45 61 D7 1B 4A 19 0C 65 2B 60 00 00
  can1  206  [16]  A3 60 1A 1D F2 63 13 1C 1E 19 AA 68 39 5F 00 00"
2025-08-09T00:07:12.983525,309.606,"can1  206  [16]  1C 61 56 1C E6 61 A0 1C B0 18 B9 67 8C 5C 00 00
  can1  206  [16]  28 63 2B 1C CC 60 7B 1C 90 18 F2 63 8C 5C 00 00"
2025-08-09T00:07:13.206204,309.829,"can1  206  [16]  E3 64 6E 1C 10 5F E3 1B B0 18 F2 63 1F 5E 00 00
  can1  206  [16]  A1 63 14 1D 2B 60 BF 1B 2D 19 9F 66 53 60 00 00
  can1  206  [16]  CC 60 07 1D D8 62 EE 1B FD 18 82 68 39 5F 00 00"
2025-08-09T00:07:13.206204,309.829,"can1  206  [16]  CC 60 50 1C BD 61 94 1C B0 18 68 67 B4 5C 00 00
  can1  206  [16]  36 62 37 1C CC 60 68 1C 90 18 79 63 B4 5C 00 00"
2025-08-09T00:07:13.439352,310.062,"can1  206  [16]  42 64 6E 1C 39 5F DD 1B BA 18 42 64 47 5E 00 00
  can1  206  [16]  6A 64 21 1D 7B 60 D7 1B 23 19 76 66 2B 60 00 00"
2025-08-09T00:07:13.440417,310.063,"can1  206  [16]  F4 60 1A 1D D8 62 2B 1C 06 19 D3 68 39 5F 00 00
  can1  206  [16]  F4 60 56 1C 95 61 87 1C 8B 18 42 64 EB 5B 00 00"
2025-08-09T00:07:13.662812,310.285,"can1  206  [16]  6A 64 5C 1C 61 5F 1F 1C A7 18 28 63 8C 5C 00 00
  can1  206  [16]  1A 64 CD 1C 02 60 B9 1B 01 19 42 64 10 5F 00 00"
2025-08-09T00:07:13.872141,310.495,"can1  206  [16]  D8 62 56 1D AF 62 B9 1B 10 19 26 66 89 5F 00 00
  can1  206  [16]  36 62 35 1D 50 63 BF 1B 10 19 C7 66 B2 5F 00 00
  can1  206  [16]  BD 61 2E 1D 50 63 C5 1B 10 19 17 67 89 5F 00 00
  can1  206  [16]  6D 61 07 1D 28 63 00 1C 01 19 D3 68 6F 5E 00 00"
2025-08-09T00:07:13.878021,310.501,can1  206  [16]  6D 61 56 1C BD 61 9A 1C AC 18 90 67 13 5C 00 00
2025-08-09T00:07:13.878021,310.501,"can1  206  [16]  D8 62 2B 1C 45 61 68 1C 8B 18 F2 63 13 5C 00 00
  can1  206  [16]  34 65 68 1C 61 5F EE 1B B0 18 C9 63 55 5D 00 00
  can1  206  [16]  6A 64 0D 1D F4 60 D1 1B 23 19 4E 66 B2 5F 00 00"
2025-08-09T00:07:14.078869,310.701,"can1  206  [16]  0E 62 3B 1D D8 62 C5 1B 19 19 B9 67 B2 5F 00 00
  can1  206  [16]  BD 61 14 1D 28 63 BF 1B 15 19 5A 68 61 5F 00 00"
2025-08-09T00:07:14.078869,310.701,"can1  206  [16]  0E 62 07 1D 28 63 B3 1B 0B 19 31 68 89 5F 00 00
  can1  206  [16]  BD 61 0D 1D 28 63 AD 1B 06 19 FB 68 10 5F 00 00"
2025-08-09T00:07:14.299839,310.922,"can1  206  [16]  1C 61 BA 1C 0E 62 3D 1C F3 18 AA 68 1F 5E 00 00
  can1  206  [16]  95 61 50 1C 89 5F 6E 1C 99 18 A1 63 3B 5C 00 00"
2025-08-09T00:07:14.301853,310.924,"can1  206  [16]  1A 64 7B 1C C0 5E D7 1B B5 18 6A 64 7E 5D 00 00
  can1  206  [16]  A1 63 1A 1D B2 5F B9 1B 23 19 C7 66 B2 5F 00 00"
2025-08-09T00:07:14.520654,311.143,"can1  206  [16]  6D 61 1A 1D 5F 62 EE 1B 06 19 FB 68 6F 5E 00 00
  can1  206  [16]  F4 60 56 1C 1C 61 6E 1C 86 18 93 64 49 5B 00 00"
2025-08-09T00:07:14.520654,311.143,can1  206  [16]  C9 63 62 1C 6F 5E 1F 1C A2 18 D8 62 DC 5C 00 00
2025-08-09T00:07:14.745119,311.368,"can1  206  [16]  93 64 C0 1C 61 5F B3 1B FD 18 BB 64 39 5F 00 00
  can1  206  [16]  79 63 49 1D E6 61 AD 1B 0B 19 4E 66 B2 5F 00 00"
2025-08-09T00:07:14.745119,311.368,"can1  206  [16]  28 63 35 1D D8 62 A7 1B 10 19 9F 66 02 60 00 00
  can1  206  [16]  28 63 1A 1D 00 63 A7 1B 15 19 C7 66 DA 5F 00 00"
2025-08-09T00:07:14.978444,311.601,"can1  206  [16]  5F 62 0D 1D AF 62 A7 1B 19 19 68 67 89 5F 00 00
  can1  206  [16]  0E 62 14 1D AF 62 AD 1B 15 19 68 67 89 5F 00 00"
2025-08-09T00:07:14.978444,311.601,"can1  206  [16]  BD 61 0D 1D D8 62 B3 1B 10 19 B9 67 89 5F 00 00
  can1  206  [16]  45 61 D3 1C E6 61 25 1C F8 18 5A 68 1F 5E 00 00"
2025-08-09T00:07:15.193035,311.816,"can1  206  [16]  0E 62 9A 1C E6 61 50 1C E0 18 82 68 05 5D 00 00
  can1  206  [16]  5F 62 75 1C 36 62 56 1C D2 18 5A 68 8C 5C 00 00"
2025-08-09T00:07:15.193035,311.816,"can1  206  [16]  36 62 5C 1C 5F 62 68 1C C3 18 82 68 13 5C 00 00
  can1  206  [16]  50 63 50 1C 0E 62 6E 1C C3 18 5A 68 EB 5B 00 00"
2025-08-09T00:07:15.193035,311.816,"can1  206  [16]  79 63 49 1C 95 61 68 1C 8B 18 0C 65 21 5B 00 00
  can1  206  [16]  6A 64 62 1C 47 5E 13 1C A7 18 28 63 13 5C 00 00"
2025-08-09T00:07:15.412113,312.035,"can1  206  [16]  C9 63 E0 1C B2 5F BF 1B 28 19 6A 64 E8 5E 00 00
  can1  206  [16]  36 62 42 1D 36 62 C5 1B 40 19 EF 66 39 5F 00 00"
2025-08-09T00:07:15.412113,312.035,"can1  206  [16]  AF 62 2E 1D D8 62 D7 1B 3C 19 90 67 10 5F 00 00
  can1  206  [16]  5F 62 1A 1D 00 63 DD 1B 45 19 90 67 39 5F 00 00"
2025-08-09T00:07:15.631976,312.255,"can1  206  [16]  E6 61 14 1D 28 63 E3 1B 32 19 31 68 C0 5E 00 00
  can1  206  [16]  95 61 ED 1C 5F 62 3D 1C 01 19 FB 68 CE 5D 00 00"
2025-08-09T00:07:15.631976,312.255,"can1  206  [16]  36 62 9A 1C 5F 62 6E 1C E5 18 FB 68 2D 5D 00 00
  can1  206  [16]  36 62 94 1C 5F 62 7B 1C DB 18 D3 68 7E 5D 00 00"
2025-08-09T00:07:15.854199,312.477,"can1  206  [16]  D8 62 6E 1C AF 62 7B 1C D6 18 31 68 05 5D 00 00
  can1  206  [16]  50 63 62 1C D8 62 9A 1C C3 18 09 68 8C 5C 00 00"
2025-08-09T00:07:15.854199,312.477,"can1  206  [16]  F2 63 56 1C D8 62 A7 1C B5 18 09 68 C2 5B 00 00
  can1  206  [16]  00 63 37 1C 36 62 A7 1C A7 18 5A 68 EB 5B 00 00"
2025-08-09T00:07:16.076896,312.699,"can1  206  [16]  6A 64 37 1C 6D 61 87 1C 7D 18 6A 64 9A 5B 00 00
  can1  206  [16]  26 66 7B 1C 10 5F 19 1C AC 18 C9 63 B4 5C 00 00"
2025-08-09T00:07:16.076896,312.699,can1  206  [16]  0C 65 F3 1C 7B 60 DD 1B 19 19 4E 66 39 5F 00 00
2025-08-09T00:07:16.078909,312.701,"can1  206  [16]  28 63 49 1D D8 62 DD 1B 15 19 17 67 61 5F 00 00
  can1  206  [16]  36 62 21 1D 50 63 E3 1B 10 19 90 67 C0 5E 00 00
  can1  206  [16]  E6 61 1A 1D C9 63 E3 1B 10 19 B9 67 98 5E 00 00"
2025-08-09T00:07:16.297163,312.920,can1  206  [16]  6D 61 E0 1C D8 62 49 1C F8 18 AA 68 A6 5D 00 00
2025-08-09T00:07:16.297163,312.920,"can1  206  [16]  0E 62 A0 1C 5F 62 75 1C E5 18 FB 68 05 5D 00 00
  can1  206  [16]  6D 61 3D 1C A3 60 94 1C 90 18 42 64 F9 5A 00 00"
2025-08-09T00:07:16.520121,313.143,"can1  206  [16]  6A 64 68 1C 61 5F 13 1C AC 18 1A 64 05 5D 00 00
  can1  206  [16]  F2 63 0D 1D 02 60 E8 1B 19 19 76 66 89 5F 00 00"
2025-08-09T00:07:16.522137,313.145,"can1  206  [16]  BD 61 42 1D 28 63 E3 1B 19 19 E1 67 89 5F 00 00
  can1  206  [16]  1C 61 0D 1D 28 63 25 1C FD 18 9C 69 C0 5E 00 00"
2025-08-09T00:07:16.744236,313.367,"can1  206  [16]  6D 61 56 1C 95 61 9A 1C 8B 18 E3 64 49 5B 00 00
  can1  206  [16]  6A 64 56 1C E8 5E 3D 1C A7 18 C9 63 B4 5C 00 00"
2025-08-09T00:07:16.744236,313.367,"can1  206  [16]  E3 64 C0 1C B2 5F D1 1B 01 19 0C 65 89 5F 00 00
  can1  206  [16]  50 63 56 1D 0E 62 AD 1B 10 19 C7 66 2B 60 00 00"
2025-08-09T00:07:16.951459,313.574,"can1  206  [16]  D8 62 2E 1D D8 62 AD 1B 15 19 C7 66 DA 5F 00 00
  can1  206  [16]  D8 62 21 1D 00 63 B3 1B 19 19 90 67 DA 5F 00 00"
2025-08-09T00:07:16.951459,313.574,"can1  206  [16]  45 61 00 1D D8 62 EE 1B 01 19 23 69 10 5F 00 00
  can1  206  [16]  F4 60 56 1C 95 61 87 1C 8B 18 93 64 9A 5B 00 00"
2025-08-09T00:07:17.172755,313.795,"can1  206  [16]  1A 64 56 1C 10 5F 3D 1C A2 18 D8 62 B4 5C 00 00
  can1  206  [16]  BB 64 BA 1C B2 5F B3 1B F8 18 6A 64 61 5F 00 00"
2025-08-09T00:07:17.172755,313.795,"can1  206  [16]  28 63 56 1D 36 62 C5 1B 01 19 9F 66 2B 60 00 00
  can1  206  [16]  00 63 35 1D D8 62 D7 1B 01 19 76 66 02 60 00 00"
2025-08-09T00:07:17.395052,314.018,"can1  206  [16]  AF 62 28 1D 00 63 D1 1B 06 19 EF 66 B2 5F 00 00
  can1  206  [16]  00 63 21 1D 50 63 D7 1B 0B 19 40 67 89 5F 00 00"
2025-08-09T00:07:17.395052,314.018,"can1  206  [16]  36 62 14 1D C9 63 D7 1B 06 19 68 67 89 5F 00 00
  can1  206  [16]  36 62 00 1D F2 63 DD 1B 01 19 5A 68 89 5F 00 00"
2025-08-09T00:07:17.395052,314.018,"can1  206  [16]  BD 61 07 1D 1A 64 E3 1B FD 18 82 68 10 5F 00 00
  can1  206  [16]  E6 61 07 1D F2 63 E3 1B FD 18 FB 68 39 5F 00 00"
2025-08-09T00:07:17.628320,314.251,"can1  206  [16]  6D 61 B3 1C AF 62 5C 1C E0 18 AA 68 CE 5D 00 00
  can1  206  [16]  0E 62 6E 1C 5F 62 68 1C BF 18 AA 68 DC 5C 00 00"
2025-08-09T00:07:17.628320,314.251,"can1  206  [16]  87 62 56 1C 5F 62 68 1C B0 18 82 68 B4 5C 00 00
  can1  206  [16]  D8 62 3D 1C 36 62 7B 1C A2 18 31 68 3B 5C 00 00"
2025-08-09T00:07:17.824848,314.447,"can1  206  [16]  D8 62 3D 1C BD 61 94 1C 99 18 09 68 3B 5C 00 00
  can1  206  [16]  D8 62 31 1C 45 61 7B 1C 90 18 6A 64 13 5C 00 00"
2025-08-09T00:07:17.840490,314.463,"can1  206  [16]  0C 65 68 1C 39 5F E8 1B B5 18 F2 63 55 5D 00 00
  can1  206  [16]  C9 63 14 1D 7B 60 BF 1B 4A 19 4E 66 89 5F 00 00"
2025-08-09T00:07:18.046438,314.669,can1  206  [16]  6D 61 21 1D 28 63 EE 1B 37 19 4C 69 E8 5E 00 00
2025-08-09T00:07:18.046438,314.669,"can1  206  [16]  1C 61 5C 1C E6 61 8E 1C E5 18 31 68 13 5C 00 00
  can1  206  [16]  36 62 2B 1C F4 60 62 1C B5 18 93 64 13 5C 00 00"
2025-08-09T00:07:18.268799,314.891,"can1  206  [16]  93 64 6E 1C 10 5F DD 1B D6 18 1A 64 47 5E 00 00
  can1  206  [16]  A1 63 07 1D DA 5F AD 1B 2D 19 4E 66 2B 60 00 00"
2025-08-09T00:07:18.272816,314.895,"can1  206  [16]  45 61 21 1D D8 62 E8 1B 0B 19 23 69 C0 5E 00 00
  can1  206  [16]  45 61 68 1C E6 61 94 1C C8 18 31 68 DC 5C 00 00"
2025-08-09T00:07:18.487892,315.110,"can1  206  [16]  5F 62 31 1C 1C 61 5C 1C 90 18 93 64 05 5D 00 00
  can1  206  [16]  E3 64 7B 1C 39 5F E3 1B B5 18 1A 64 CE 5D 00 00"
2025-08-09T00:07:18.495939,315.119,"can1  206  [16]  1A 64 07 1D 53 60 BF 1B 23 19 76 66 B2 5F 00 00
  can1  206  [16]  6D 61 14 1D 00 63 E8 1B 10 19 23 69 E8 5E 00 00"
2025-08-09T00:07:18.495939,315.119,"can1  206  [16]  45 61 5C 1C BD 61 87 1C D6 18 09 68 8C 5C 00 00
  can1  206  [16]  50 63 2B 1C 1C 61 56 1C BA 18 42 64 B4 5C 00 00"
2025-08-09T00:07:18.710858,315.333,can1  206  [16]  76 66 6E 1C 10 5F DD 1B D6 18 1A 64 1F 5E 00 00
2025-08-09T00:07:18.718219,315.341,"can1  206  [16]  6A 64 1A 1D 02 60 B9 1B 1E 19 4E 66 7B 60 00 00
  can1  206  [16]  45 61 2E 1D D8 62 F4 1B 06 19 23 69 B2 5F 00 00
  can1  206  [16]  CC 60 62 1C 6D 61 87 1C 94 18 0C 65 64 5C 00 00"
2025-08-09T00:07:18.918357,315.541,can1  206  [16]  1A 64 62 1C C0 5E 25 1C AC 18 C9 63 2D 5D 00 00
2025-08-09T00:07:18.918357,315.541,"can1  206  [16]  6A 64 BA 1C B2 5F 9C 1B 01 19 BB 64 B2 5F 00 00
  can1  206  [16]  D8 62 56 1D E6 61 A2 1B 15 19 26 66 53 60 00 00"
2025-08-09T00:07:19.142803,315.765,"can1  206  [16]  28 63 42 1D AF 62 A2 1B 19 19 EF 66 7B 60 00 00
  can1  206  [16]  0E 62 2E 1D 00 63 A2 1B 1E 19 40 67 7B 60 00 00"
2025-08-09T00:07:19.159971,315.783,"can1  206  [16]  36 62 28 1D 28 63 AD 1B 23 19 90 67 53 60 00 00
  can1  206  [16]  6D 61 00 1D D8 62 F4 1B 06 19 74 69 B2 5F 00 00"
2025-08-09T00:07:19.362925,315.986,"can1  206  [16]  1C 61 50 1C 95 61 87 1C 94 18 0C 65 8C 5C 00 00
  can1  206  [16]  D5 65 56 1C E8 5E 25 1C A7 18 C9 63 05 5D 00 00"
2025-08-09T00:07:19.366944,315.990,"can1  206  [16]  93 64 BA 1C 89 5F A2 1B 06 19 D5 65 B2 5F 00 00
  can1  206  [16]  D8 62 4F 1D 0E 62 9C 1B 15 19 76 66 53 60 00 00"
2025-08-09T00:07:19.586351,316.209,"can1  206  [16]  36 62 28 1D 00 63 AD 1B 15 19 EF 66 7B 60 00 00
  can1  206  [16]  0E 62 28 1D 28 63 AD 1B 19 19 40 67 53 60 00 00"
2025-08-09T00:07:19.586351,316.209,"can1  206  [16]  45 61 00 1D 28 63 E8 1B 06 19 23 69 B2 5F 00 00
  can1  206  [16]  A3 60 62 1C E6 61 94 1C BF 18 E1 67 DC 5C 00 00"
2025-08-09T00:07:19.586351,316.209,"can1  206  [16]  BD 61 37 1C F4 60 5C 1C 90 18 C9 63 B4 5C 00 00
  can1  206  [16]  E3 64 75 1C 10 5F E3 1B D6 18 00 63 55 5D 00 00"
2025-08-09T00:07:19.806787,316.429,"can1  206  [16]  6A 64 1A 1D 2B 60 B3 1B 45 19 FD 65 B2 5F 00 00
  can1  206  [16]  5F 62 2E 1D 28 63 B9 1B 2D 19 B9 67 61 5F 00 00"
2025-08-09T00:07:19.808797,316.431,"can1  206  [16]  5F 62 21 1D A1 63 BF 1B 19 19 09 68 89 5F 00 00
  can1  206  [16]  E6 61 0D 1D C9 63 CB 1B 19 19 AA 68 61 5F 00 00"
2025-08-09T00:07:20.014077,316.637,"can1  206  [16]  95 61 D3 1C D8 62 31 1C 01 19 D3 68 1F 5E 00 00
  can1  206  [16]  0E 62 81 1C D8 62 5C 1C E9 18 82 68 55 5D 00 00"
2025-08-09T00:07:20.014077,316.637,"can1  206  [16]  28 63 62 1C AF 62 6E 1C DB 18 82 68 05 5D 00 00
  can1  206  [16]  87 62 56 1C AF 62 87 1C C8 18 31 68 64 5C 00 00"
2025-08-09T00:07:20.236345,316.859,can1  206  [16]  79 63 3D 1C 36 62 87 1C BF 18 31 68 13 5C 00 00
2025-08-09T00:07:20.236345,316.859,"can1  206  [16]  79 63 31 1C BD 61 87 1C B0 18 31 68 EB 5B 00 00
  can1  206  [16]  79 63 25 1C 45 61 81 1C 86 18 42 64 9A 5B 00 00
  can1  206  [16]  0C 65 56 1C E8 5E 25 1C C3 18 A1 63 8C 5C 00 00"
2025-08-09T00:07:20.461290,317.084,can1  206  [16]  6A 64 DA 1C 02 60 DD 1B 3C 19 D5 65 02 60 00 00
2025-08-09T00:07:20.461290,317.084,"can1  206  [16]  6D 61 00 1D 00 63 06 1C 15 19 82 68 61 5F 00 00
  can1  206  [16]  F4 60 5C 1C 0E 62 AD 1C C8 18 40 67 55 5D 00 00"
2025-08-09T00:07:20.679229,317.302,"can1  206  [16]  95 61 3D 1C C0 5E 68 1C A7 18 D8 62 55 5D 00 00
  can1  206  [16]  C9 63 75 1C 89 5F CB 1B E5 18 93 64 61 5F 00 00"
2025-08-09T00:07:20.685272,317.308,"can1  206  [16]  D8 62 28 1D BD 61 C5 1B F8 18 0C 65 89 5F 00 00
  can1  206  [16]  28 63 14 1D 5F 62 C5 1B 06 19 FD 65 2B 60 00 00"
2025-08-09T00:07:20.904001,317.527,"can1  206  [16]  5F 62 07 1D AF 62 CB 1B 0B 19 C7 66 DA 5F 00 00
  can1  206  [16]  BD 61 0D 1D 00 63 D1 1B 15 19 40 67 DA 5F 00 00"
2025-08-09T00:07:20.904001,317.527,"can1  206  [16]  BD 61 FA 1C 00 63 D7 1B 19 19 90 67 B2 5F 00 00
  can1  206  [16]  BD 61 F3 1C 28 63 D7 1B 19 19 31 68 B2 5F 00 00"
2025-08-09T00:07:20.904001,317.527,"can1  206  [16]  1C 61 D3 1C 00 63 25 1C FD 18 FB 68 98 5E 00 00
  can1  206  [16]  F4 60 37 1C 45 61 A0 1C 94 18 42 64 C2 5B 00 00"
2025-08-09T00:07:21.122733,317.745,"can1  206  [16]  C9 63 56 1C C0 5E 37 1C C8 18 00 63 05 5D 00 00
  can1  206  [16]  A1 63 B3 1C B2 5F BF 1B 06 19 6A 64 89 5F 00 00"
2025-08-09T00:07:21.122733,317.745,"can1  206  [16]  36 62 35 1D 36 62 B9 1B 15 19 FD 65 DA 5F 00 00
  can1  206  [16]  E6 61 1A 1D D8 62 B9 1B 15 19 C7 66 61 5F 00 00"
2025-08-09T00:07:21.345482,317.968,"can1  206  [16]  BD 61 07 1D 28 63 A7 1B 10 19 90 67 89 5F 00 00
  can1  206  [16]  AF 62 FA 1C A1 63 B3 1B 15 19 E1 67 39 5F 00 00"
2025-08-09T00:07:21.345482,317.968,"can1  206  [16]  0E 62 FA 1C F2 63 B3 1B 10 19 31 68 98 5E 00 00
  can1  206  [16]  45 61 C0 1C D8 62 1F 1C F8 18 FB 68 A6 5D 00 00"
2025-08-09T00:07:21.568504,318.191,can1  206  [16]  45 61 25 1C A3 60 75 1C 90 18 F2 63 F9 5A 00 00
2025-08-09T00:07:21.568504,318.191,"can1  206  [16]  42 64 43 1C E8 5E 00 1C A7 18 A1 63 64 5C 00 00
  can1  206  [16]  0C 65 C0 1C 2B 60 A7 1B 15 19 0C 65 C0 5E 00 00"
2025-08-09T00:07:21.790766,318.413,"can1  206  [16]  0E 62 21 1D D8 62 AD 1B 19 19 9F 66 10 5F 00 00
  can1  206  [16]  AF 62 07 1D 79 63 AD 1B 15 19 B9 67 39 5F 00 00"
2025-08-09T00:07:21.790766,318.413,"can1  206  [16]  E6 61 FA 1C C9 63 B3 1B 10 19 E1 67 10 5F 00 00
  can1  206  [16]  1C 61 DA 1C 00 63 06 1C F8 18 FB 68 6F 5E 00 00"
2025-08-09T00:07:22.008668,318.631,"can1  206  [16]  6D 61 31 1C CC 60 7B 1C 86 18 1A 64 21 5B 00 00
  can1  206  [16]  F2 63 5C 1C 6F 5E 0C 1C A2 18 28 63 64 5C 00 00"
2025-08-09T00:07:22.008668,318.631,"can1  206  [16]  1A 64 CD 1C B2 5F AD 1B 06 19 6A 64 10 5F 00 00
  can1  206  [16]  E6 61 2E 1D 5F 62 AD 1B 10 19 EF 66 DA 5F 00 00"
2025-08-09T00:07:22.228538,318.851,"can1  206  [16]  0E 62 1A 1D D8 62 B3 1B 10 19 90 67 39 5F 00 00
  can1  206  [16]  6D 61 E7 1C D8 62 F4 1B 01 19 4C 69 1F 5E 00 00"
2025-08-09T00:07:22.232559,318.855,"can1  206  [16]  6D 61 37 1C 45 61 81 1C 86 18 E3 64 21 5B 00 00
  can1  206  [16]  42 64 49 1C C0 5E 25 1C A7 18 50 63 EB 5B 00 00"
2025-08-09T00:07:22.235096,318.858,"can1  206  [16]  C9 63 A0 1C 61 5F A7 1B FD 18 93 64 98 5E 00 00
  can1  206  [16]  87 62 2E 1D 95 61 D7 1B 19 19 31 68 C0 5E 00 00"
2025-08-09T00:07:22.444840,319.067,"can1  206  [16]  53 60 87 1C BD 61 62 1C E9 18 09 68 DC 5C 00 00
  can1  206  [16]  BD 61 49 1C 95 61 6E 1C 86 18 D5 65 72 5B 00 00"
2025-08-09T00:07:22.458689,319.081,"can1  206  [16]  1A 64 49 1C 6F 5E 1F 1C A7 18 28 63 B4 5C 00 00
  can1  206  [16]  1A 64 A7 1C 89 5F A2 1B FD 18 F2 63 B2 5F 00 00"
2025-08-09T00:07:22.662842,319.285,can1  206  [16]  28 63 28 1D E6 61 AD 1B 06 19 4E 66 02 60 00 00
2025-08-09T00:07:22.662842,319.285,"can1  206  [16]  00 63 1A 1D 87 62 AD 1B 10 19 EF 66 7B 60 00 00
  can1  206  [16]  0E 62 0D 1D 28 63 A7 1B 15 19 68 67 02 60 00 00
  can1  206  [16]  36 62 00 1D 28 63 B9 1B 28 19 90 67 53 60 00 00"
2025-08-09T00:07:22.885971,319.509,"can1  206  [16]  95 61 E0 1C D8 62 EE 1B 1E 19 23 69 39 5F 00 00
  can1  206  [16]  36 62 AD 1C AF 62 2B 1C 15 19 FB 68 C0 5E 00 00"
2025-08-09T00:07:22.885971,319.509,can1  206  [16]  45 61 25 1C CC 60 68 1C 86 18 6A 64 3B 5C 00 00
2025-08-09T00:07:23.090529,319.713,"can1  206  [16]  1A 64 43 1C 98 5E FA 1B A7 18 A1 63 A6 5D 00 00
  can1  206  [16]  42 64 B3 1C B2 5F A7 1B 0B 19 E3 64 2B 60 00 00"
2025-08-09T00:07:23.092550,319.715,"can1  206  [16]  BD 61 35 1D BD 61 AD 1B 19 19 C7 66 53 60 00 00
  can1  206  [16]  95 61 FA 1C 5F 62 DD 1B 06 19 FB 68 C0 5E 00 00"
2025-08-09T00:07:23.312303,319.935,"can1  206  [16]  F4 60 56 1C 45 61 87 1C 90 18 D5 65 9A 5B 00 00
  can1  206  [16]  C9 63 3D 1C 98 5E 3D 1C A7 18 D8 62 2D 5D 00 00"
2025-08-09T00:07:23.312303,319.935,"can1  206  [16]  E3 64 94 1C 61 5F A2 1B EE 18 42 64 B2 5F 00 00
  can1  206  [16]  1A 64 3B 1D 45 61 D1 1B 28 19 09 68 B2 5F 00 00"
2025-08-09T00:07:23.312303,319.935,"can1  206  [16]  CC 60 A7 1C 0E 62 49 1C F3 18 31 68 1F 5E 00 00
  can1  206  [16]  6D 61 31 1C 61 5F 5C 1C 9E 18 00 63 8C 5C 00 00"
2025-08-09T00:07:23.533217,320.156,"can1  206  [16]  BB 64 5C 1C 10 5F CB 1B B5 18 6A 64 47 5E 00 00
  can1  206  [16]  28 63 00 1D 2B 60 C5 1B 23 19 17 67 7B 60 00 00"
2025-08-09T00:07:23.533217,320.156,"can1  206  [16]  45 61 FA 1C AF 62 0C 1C FD 18 23 69 61 5F 00 00
  can1  206  [16]  1C 61 43 1C 45 61 75 1C 90 18 BB 64 13 5C 00 00"
2025-08-09T00:07:23.761470,320.384,can1  206  [16]  F2 63 49 1C C0 5E 0C 1C A7 18 A1 63 7E 5D 00 00
2025-08-09T00:07:23.761470,320.384,"can1  206  [16]  1A 64 B3 1C B2 5F A7 1B 06 19 E3 64 2B 60 00 00
  can1  206  [16]  0E 62 3B 1D 0E 62 B9 1B 15 19 C7 66 53 60 00 00"
2025-08-09T00:07:23.977704,320.600,"can1  206  [16]  E6 61 0D 1D D8 62 D1 1B 2D 19 40 67 CC 60 00 00
  can1  206  [16]  6D 61 ED 1C 00 63 00 1C 2D 19 74 69 B2 5F 00 00"
2025-08-09T00:07:23.977704,320.600,"can1  206  [16]  45 61 49 1C BD 61 B3 1C E0 18 82 68 DC 5C 00 00
  can1  206  [16]  00 63 1F 1C F4 60 9A 1C 86 18 BB 64 64 5C 00 00"
2025-08-09T00:07:24.185823,320.808,"can1  206  [16]  E3 64 43 1C C0 5E 1F 1C A2 18 1A 64 A6 5D 00 00
  can1  206  [16]  6A 64 ED 1C 7B 60 E3 1B 0B 19 76 66 F4 60 00 00"
2025-08-09T00:07:24.185823,320.808,"can1  206  [16]  5F 62 1A 1D 28 63 EE 1B 10 19 E1 67 7B 60 00 00
  can1  206  [16]  36 62 F3 1C A1 63 E3 1B 06 19 5A 68 DA 5F 00 00"
2025-08-09T00:07:24.409655,321.032,"can1  206  [16]  0E 62 E7 1C C9 63 DD 1B 01 19 D3 68 02 60 00 00
  can1  206  [16]  95 61 BA 1C D8 62 2B 1C F3 18 23 69 10 5F 00 00"
2025-08-09T00:07:24.409655,321.032,"can1  206  [16]  5F 62 75 1C D8 62 50 1C E5 18 5A 68 47 5E 00 00
  can1  206  [16]  AF 62 68 1C D8 62 49 1C D6 18 E1 67 1F 5E 00 00"
2025-08-09T00:07:24.626213,321.249,"can1  206  [16]  87 62 62 1C AF 62 5C 1C CD 18 B9 67 CE 5D 00 00
  can1  206  [16]  D8 62 49 1C 87 62 68 1C C3 18 E1 67 7E 5D 00 00"
2025-08-09T00:07:24.626213,321.249,"can1  206  [16]  28 63 3D 1C E6 61 6E 1C B0 18 31 68 B4 5C 00 00
  can1  206  [16]  F2 63 25 1C 45 61 62 1C 86 18 93 64 64 5C 00 00"
2025-08-09T00:07:24.626213,321.249,"can1  206  [16]  D5 65 5C 1C C0 5E 0C 1C B0 18 00 63 2D 5D 00 00
  can1  206  [16]  93 64 DA 1C B2 5F D7 1B 19 19 0C 65 89 5F 00 00"
2025-08-09T00:07:24.847567,321.470,"can1  206  [16]  00 63 2E 1D 36 62 DD 1B 1E 19 C7 66 B2 5F 00 00
  can1  206  [16]  C9 63 14 1D D8 62 E3 1B 28 19 68 67 02 60 00 00"
2025-08-09T00:07:24.847567,321.470,"can1  206  [16]  D8 62 00 1D 28 63 E8 1B 3C 19 09 68 02 60 00 00
  can1  206  [16]  28 63 F3 1C 79 63 E8 1B 37 19 5A 68 02 60 00 00"
2025-08-09T00:07:25.069149,321.692,"can1  206  [16]  D8 62 F3 1C 79 63 EE 1B 32 19 D3 68 DA 5F 00 00
  can1  206  [16]  AF 62 E7 1C 79 63 E3 1B 0B 19 23 69 B2 5F 00 00"
2025-08-09T00:07:25.069149,321.692,"can1  206  [16]  79 63 E7 1C 50 63 F4 1B FD 18 9C 69 DA 5F 00 00
  can1  206  [16]  AF 62 DA 1C 28 63 F4 1B F8 18 23 69 02 60 00 00"
2025-08-09T00:07:25.302499,321.925,can1  206  [16]  F2 63 DA 1C 28 63 00 1C F8 18 23 69 B2 5F 00 00
2025-08-09T00:07:25.302499,321.925,"can1  206  [16]  AF 62 DA 1C 00 63 0C 1C F8 18 D3 68 39 5F 00 00
  can1  206  [16]  D8 62 BA 1C 87 62 2B 1C F8 18 AA 68 39 5F 00 00
  can1  206  [16]  36 62 A0 1C AF 62 2B 1C F3 18 AA 68 10 5F 00 00"
2025-08-09T00:07:25.501306,322.124,can1  206  [16]  36 62 8E 1C AF 62 2B 1C E9 18 D3 68 E8 5E 00 00
2025-08-09T00:07:25.501306,322.124,"can1  206  [16]  87 62 75 1C 87 62 43 1C E0 18 AA 68 6F 5E 00 00
  can1  206  [16]  50 63 5C 1C 87 62 62 1C D6 18 82 68 1F 5E 00 00
  can1  206  [16]  50 63 49 1C 36 62 6E 1C C3 18 D3 68 CE 5D 00 00"
2025-08-09T00:07:25.724071,322.347,"can1  206  [16]  28 63 37 1C 0E 62 68 1C B0 18 5A 68 CE 5D 00 00
  can1  206  [16]  36 62 31 1C BD 61 6E 1C A7 18 5A 68 DC 5C 00 00"
2025-08-09T00:07:25.724071,322.347,"can1  206  [16]  5F 62 25 1C 45 61 5C 1C 8B 18 E3 64 3B 5C 00 00
  can1  206  [16]  6A 64 5C 1C 10 5F FA 1B AC 18 42 64 7E 5D 00 00"
2025-08-09T00:07:25.724071,322.347,"can1  206  [16]  C9 63 ED 1C 02 60 B9 1B 10 19 9F 66 2B 60 00 00
  can1  206  [16]  BD 61 28 1D 00 63 B3 1B 19 19 31 68 53 60 00 00"
2025-08-09T00:07:25.941242,322.564,can1  206  [16]  45 61 ED 1C 28 63 E3 1B F8 18 ED 69 39 5F 00 00
2025-08-09T00:07:25.941242,322.564,can1  206  [16]  CC 60 3D 1C BD 61 94 1C B5 18 AA 68 B4 5C 00 00
2025-08-09T00:07:26.176837,322.799,"can1  206  [16]  36 62 1F 1C 1C 61 5C 1C 86 18 E3 64 DC 5C 00 00
  can1  206  [16]  1A 64 6E 1C 39 5F DD 1B B0 18 0C 65 6F 5E 00 00
  can1  206  [16]  50 63 00 1D 2B 60 B9 1B 19 19 EF 66 CC 60 00 00"
2025-08-09T00:07:26.176837,322.799,"can1  206  [16]  95 61 07 1D D8 62 E8 1B 06 19 C4 69 39 5F 00 00
  can1  206  [16]  F4 60 43 1C AF 62 94 1C BA 18 AA 68 8C 5C 00 00"
2025-08-09T00:07:26.391528,323.014,"can1  206  [16]  28 63 1F 1C 0E 62 75 1C 94 18 5A 68 13 5C 00 00
  can1  206  [16]  93 64 19 1C BD 61 87 1C 8B 18 E1 67 3B 5C 00 00"
2025-08-09T00:07:26.391528,323.014,"can1  206  [16]  E3 64 19 1C 45 61 75 1C 94 18 79 63 55 5D 00 00
  can1  206  [16]  26 66 62 1C A3 60 E3 1B D2 18 93 64 10 5F 00 00"
2025-08-09T00:07:26.594118,323.217,"can1  206  [16]  6A 64 28 1D E6 61 BF 1B E9 18 26 66 02 60 00 00
  can1  206  [16]  28 63 1A 1D D8 62 B9 1B F8 18 9F 66 53 60 00 00"
2025-08-09T00:07:26.594118,323.217,"can1  206  [16]  42 64 21 1D 00 63 BF 1B 06 19 4E 66 CC 60 00 00
  can1  206  [16]  6A 64 21 1D 50 63 D7 1B 0B 19 17 67 A3 60 00 00"
2025-08-09T00:07:26.821171,323.444,"can1  206  [16]  1A 64 21 1D D8 62 D1 1B 15 19 40 67 CC 60 00 00
  can1  206  [16]  F2 63 0D 1D 00 63 BF 1B 19 19 90 67 7B 60 00 00"
2025-08-09T00:07:26.821171,323.444,"can1  206  [16]  A1 63 14 1D 00 63 CB 1B 23 19 E1 67 2B 60 00 00
  can1  206  [16]  00 63 FA 1C 50 63 D7 1B 3C 19 82 68 2B 60 00 00"
2025-08-09T00:07:27.036828,323.659,"can1  206  [16]  D8 62 00 1D A1 63 DD 1B 3C 19 9C 69 02 60 00 00
  can1  206  [16]  D8 62 ED 1C 79 63 D7 1B 15 19 ED 69 DA 5F 00 00"
2025-08-09T00:07:27.046040,323.669,"can1  206  [16]  36 62 F3 1C 79 63 C5 1B 06 19 8E 6A 89 5F 00 00
  can1  206  [16]  E6 61 E7 1C 28 63 CB 1B 01 19 66 6A 89 5F 00 00"
2025-08-09T00:07:27.046040,323.669,"can1  206  [16]  87 62 DA 1C 00 63 E8 1B 01 19 8E 6A 61 5F 00 00
  can1  206  [16]  28 63 DA 1C 28 63 00 1C 19 19 8E 6A 61 5F 00 00"
2025-08-09T00:07:27.259853,323.882,"can1  206  [16]  D8 62 D3 1C 00 63 13 1C 1E 19 8E 6A 61 5F 00 00
  can1  206  [16]  79 63 C7 1C D8 62 0C 1C 10 19 ED 69 61 5F 00 00"
2025-08-09T00:07:27.259853,323.882,"can1  206  [16]  D8 62 AD 1C D8 62 13 1C F3 18 C4 69 39 5F 00 00
  can1  206  [16]  00 63 8E 1C 5F 62 25 1C EE 18 3D 6A E8 5E 00 00"
2025-08-09T00:07:27.469861,324.092,"can1  206  [16]  D8 62 81 1C 87 62 31 1C E5 18 74 69 47 5E 00 00
  can1  206  [16]  00 63 68 1C 5F 62 43 1C D6 18 74 69 2D 5D 00 00"
2025-08-09T00:07:27.481213,324.104,"can1  206  [16]  D8 62 56 1C 0E 62 62 1C CD 18 4C 69 55 5D 00 00
  can1  206  [16]  D8 62 49 1C 36 62 68 1C BF 18 FB 68 DC 5C 00 00"
2025-08-09T00:07:27.687699,324.310,"can1  206  [16]  5F 62 31 1C 6D 61 62 1C 8B 18 76 66 3B 5C 00 00
  can1  206  [16]  BB 64 49 1C C0 5E 00 1C AC 18 42 64 55 5D 00 00"
2025-08-09T00:07:27.689715,324.312,"can1  206  [16]  42 64 C7 1C A3 60 AD 1B 06 19 D5 65 2B 60 00 00
  can1  206  [16]  87 62 28 1D 00 63 AD 1B 19 19 40 67 53 60 00 00"
2025-08-09T00:07:27.926437,324.549,"can1  206  [16]  36 62 1A 1D C9 63 AD 1B 15 19 31 68 B2 5F 00 00
  can1  206  [16]  45 61 ED 1C C9 63 E8 1B 06 19 ED 69 89 5F 00 00"
2025-08-09T00:07:27.926437,324.549,"can1  206  [16]  CC 60 43 1C AF 62 87 1C C3 18 AA 68 05 5D 00 00
  can1  206  [16]  6D 61 50 1C B2 5F 25 1C C3 18 F2 63 7E 5D 00 00"
2025-08-09T00:07:28.134312,324.757,"can1  206  [16]  28 63 9A 1C 7B 60 B3 1B 1E 19 4E 66 DA 5F 00 00
  can1  206  [16]  36 62 3B 1D AF 62 AD 1B 32 19 17 67 2B 60 00 00"
2025-08-09T00:07:28.134312,324.757,can1  206  [16]  E6 61 1A 1D D8 62 AD 1B 37 19 90 67 53 60 00 00
2025-08-09T00:07:28.134312,324.757,"can1  206  [16]  6D 61 ED 1C 28 63 DD 1B 4F 19 3D 6A B2 5F 00 00
  can1  206  [16]  7B 60 62 1C 36 62 87 1C 01 19 FB 68 55 5D 00 00"
2025-08-09T00:07:28.357950,324.981,"can1  206  [16]  F4 60 56 1C C0 5E 49 1C B0 18 F2 63 05 5D 00 00
  can1  206  [16]  F2 63 75 1C 61 5F B9 1B DB 18 FD 65 61 5F 00 00"
2025-08-09T00:07:28.363907,324.986,"can1  206  [16]  79 63 35 1D 1C 61 DD 1B 23 19 FB 68 B2 5F 00 00
  can1  206  [16]  CC 60 C7 1C 36 62 49 1C F8 18 ED 69 E8 5E 00 00"
2025-08-09T00:07:28.576993,325.200,"can1  206  [16]  E6 61 75 1C AF 62 68 1C E0 18 74 69 F6 5D 00 00
  can1  206  [16]  36 62 56 1C 5F 62 75 1C CD 18 D3 68 55 5D 00 00"
2025-08-09T00:07:28.579008,325.202,"can1  206  [16]  D8 62 43 1C 0E 62 7B 1C BF 18 AA 68 2D 5D 00 00
  can1  206  [16]  00 63 37 1C BD 61 94 1C B0 18 5A 68 DC 5C 00 00"
2025-08-09T00:07:28.798279,325.421,"can1  206  [16]  00 63 31 1C 6D 61 87 1C 86 18 D5 65 64 5C 00 00
  can1  206  [16]  17 67 5C 1C 6F 5E 1F 1C B0 18 1A 64 7E 5D 00 00"
2025-08-09T00:07:28.798279,325.421,"can1  206  [16]  D5 65 D3 1C B2 5F DD 1B 1E 19 76 66 2B 60 00 00
  can1  206  [16]  79 63 21 1D 87 62 E3 1B 1E 19 90 67 7B 60 00 00"
2025-08-09T00:07:29.019491,325.642,"can1  206  [16]  28 63 0D 1D 00 63 E8 1B 1E 19 31 68 7B 60 00 00
  can1  206  [16]  95 61 FA 1C D8 62 2B 1C 01 19 C4 69 39 5F 00 00"
2025-08-09T00:07:29.019491,325.642,"can1  206  [16]  F4 60 43 1C 45 61 AD 1C 94 18 FD 65 64 5C 00 00
  can1  206  [16]  C9 63 50 1C 98 5E 56 1C BA 18 79 63 05 5D 00 00"
2025-08-09T00:07:29.248135,325.871,"can1  206  [16]  A1 63 B3 1C B2 5F D7 1B 0B 19 E3 64 02 60 00 00
  can1  206  [16]  36 62 49 1D 36 62 D7 1B 10 19 26 66 2B 60 00 00"
2025-08-09T00:07:29.250142,325.873,"can1  206  [16]  5F 62 21 1D AF 62 D1 1B 15 19 4E 66 7B 60 00 00
  can1  206  [16]  5F 62 1A 1D 28 63 BF 1B 19 19 76 66 7B 60 00 00"
2025-08-09T00:07:29.250142,325.873,"can1  206  [16]  5F 62 0D 1D 50 63 BF 1B 1E 19 40 67 53 60 00 00
  can1  206  [16]  87 62 07 1D A1 63 B9 1B 23 19 E1 67 CC 60 00 00"
2025-08-09T00:07:29.468777,326.091,"can1  206  [16]  36 62 00 1D C9 63 BF 1B 10 19 D3 68 53 60 00 00
  can1  206  [16]  00 63 F3 1C 93 64 C5 1B 10 19 D3 68 53 60 00 00"
2025-08-09T00:07:29.469828,326.092,"can1  206  [16]  45 61 AD 1C 1A 64 37 1C FD 18 FB 68 C0 5E 00 00
  can1  206  [16]  AF 62 68 1C 1A 64 68 1C DB 18 82 68 CE 5D 00 00"
2025-08-09T00:07:29.669481,326.292,"can1  206  [16]  5F 62 5C 1C C9 63 81 1C CD 18 82 68 7E 5D 00 00
  can1  206  [16]  50 63 43 1C 50 63 8E 1C C3 18 82 68 55 5D 00 00"
2025-08-09T00:07:29.672112,326.295,"can1  206  [16]  6A 64 31 1C 00 63 9A 1C B5 18 31 68 05 5D 00 00
  can1  206  [16]  00 63 25 1C 87 62 81 1C A7 18 09 68 B4 5C 00 00"
2025-08-09T00:07:29.902567,326.525,"can1  206  [16]  C9 63 25 1C E6 61 75 1C 9E 18 09 68 9A 5B 00 00
  can1  206  [16]  F2 63 25 1C BD 61 68 1C 94 18 40 67 21 5B 00 00"
2025-08-09T00:07:29.902567,326.525,can1  206  [16]  0C 65 1F 1C 95 61 49 1C 94 18 D8 62 C2 5B 00 00
2025-08-09T00:07:30.129599,326.752,"can1  206  [16]  FD 65 75 1C CC 60 BF 1B BF 18 6A 64 05 5D 00 00
  can1  206  [16]  1A 64 28 1D 36 62 9C 1B D6 18 E3 64 47 5E 00 00
  can1  206  [16]  93 64 1A 1D D8 62 96 1B E9 18 0C 65 6F 5E 00 00"
2025-08-09T00:07:30.129599,326.752,"can1  206  [16]  BB 64 1A 1D 50 63 9C 1B 06 19 0C 65 10 5F 00 00
  can1  206  [16]  E3 64 1A 1D C9 63 96 1B 0B 19 FD 65 39 5F 00 00"
2025-08-09T00:07:30.339001,326.962,"can1  206  [16]  C9 63 14 1D 42 64 9C 1B 15 19 4E 66 39 5F 00 00
  can1  206  [16]  D8 62 21 1D 6A 64 A2 1B 3C 19 C7 66 61 5F 00 00"
2025-08-09T00:07:30.339001,326.962,"can1  206  [16]  D8 62 0D 1D BB 64 A7 1B 28 19 40 67 61 5F 00 00
  can1  206  [16]  5F 62 0D 1D E3 64 B3 1B 19 19 B9 67 39 5F 00 00"
2025-08-09T00:07:30.558217,327.181,can1  206  [16]  5F 62 07 1D 0C 65 C5 1B 19 19 09 68 39 5F 00 00
2025-08-09T00:07:30.558217,327.181,"can1  206  [16]  E6 61 E7 1C 34 65 C5 1B 15 19 82 68 10 5F 00 00
  can1  206  [16]  E6 61 F3 1C D5 65 BF 1B 2D 19 AA 68 C0 5E 00 00
  can1  206  [16]  BD 61 F3 1C FD 65 C5 1B 28 19 FB 68 E8 5E 00 00"
2025-08-09T00:07:30.558217,327.181,can1  206  [16]  BD 61 ED 1C D5 65 C5 1B 19 19 FB 68 E8 5E 00 00
2025-08-09T00:07:30.781405,327.404,"can1  206  [16]  E6 61 E7 1C 0C 65 C5 1B 01 19 FB 68 98 5E 00 00
  can1  206  [16]  BD 61 D3 1C 34 65 DD 1B F3 18 FB 68 98 5E 00 00"
2025-08-09T00:07:30.785419,327.408,"can1  206  [16]  F4 60 50 1C C9 63 75 1C E0 18 E1 67 13 5C 00 00
  can1  206  [16]  D8 62 25 1C 87 62 6E 1C BF 18 E1 67 21 5B 00 00"
2025-08-09T00:07:31.012301,327.635,"can1  206  [16]  5F 62 2B 1C 0E 62 62 1C B5 18 B9 67 F9 5A 00 00
  can1  206  [16]  AF 62 1F 1C BD 61 5C 1C AC 18 68 67 21 5B 00 00"
2025-08-09T00:07:31.012301,327.635,"can1  206  [16]  00 63 1F 1C 6D 61 49 1C B5 18 A1 63 C2 5B 00 00
  can1  206  [16]  D5 65 6E 1C 53 60 B9 1B E5 18 42 64 7E 5D 00 00"
2025-08-09T00:07:31.229971,327.853,"can1  206  [16]  C9 63 28 1D BD 61 A7 1B C8 18 6A 64 98 5E 00 00
  can1  206  [16]  79 63 1A 1D 5F 62 9C 1B C8 18 BB 64 B2 5F 00 00"
2025-08-09T00:07:31.229971,327.853,"can1  206  [16]  79 63 21 1D D8 62 A2 1B D2 18 BB 64 B2 5F 00 00
  can1  206  [16]  D8 62 1A 1D 00 63 A7 1B F8 18 BB 64 89 5F 00 00"
2025-08-09T00:07:31.443706,328.066,"can1  206  [16]  5F 62 21 1D A1 63 A7 1B 01 19 0C 65 DA 5F 00 00
  can1  206  [16]  E6 61 1A 1D 1A 64 A7 1B 06 19 FD 65 B2 5F 00 00"
2025-08-09T00:07:31.449874,328.072,"can1  206  [16]  95 61 00 1D 6A 64 D7 1B 0B 19 D3 68 E8 5E 00 00
  can1  206  [16]  53 60 5C 1C 28 63 81 1C CD 18 E1 67 8C 5C 00 00"
2025-08-09T00:07:31.449874,328.072,"can1  206  [16]  95 61 49 1C 2B 60 2B 1C A2 18 D8 62 8C 5C 00 00
  can1  206  [16]  A1 63 94 1C F4 60 A2 1B E9 18 6A 64 61 5F 00 00"
2025-08-09T00:07:31.663615,328.286,"can1  206  [16]  E6 61 49 1D D8 62 9C 1B F8 18 FD 65 B2 5F 00 00
  can1  206  [16]  36 62 2E 1D C9 63 A2 1B 01 19 26 66 02 60 00 00"
2025-08-09T00:07:31.663615,328.286,"can1  206  [16]  36 62 21 1D F2 63 A2 1B 01 19 EF 66 2B 60 00 00
  can1  206  [16]  BD 61 0D 1D 6A 64 A7 1B 0B 19 40 67 02 60 00 00"
2025-08-09T00:07:31.884725,328.507,"can1  206  [16]  BD 61 07 1D 6A 64 BF 1B 06 19 B9 67 B2 5F 00 00
  can1  206  [16]  0E 62 F3 1C F2 63 D7 1B 10 19 31 68 B2 5F 00 00"
2025-08-09T00:07:31.884725,328.507,"can1  206  [16]  36 62 FA 1C A1 63 D7 1B 10 19 82 68 61 5F 00 00
  can1  206  [16]  0E 62 E7 1C 79 63 DD 1B FD 18 AA 68 39 5F 00 00"
2025-08-09T00:07:32.106996,328.730,"can1  206  [16]  BD 61 E7 1C 79 63 E8 1B 01 19 23 69 61 5F 00 00
  can1  206  [16]  BD 61 ED 1C 79 63 EE 1B FD 18 FB 68 61 5F 00 00"
2025-08-09T00:07:32.106996,328.730,"can1  206  [16]  95 61 7B 1C 5F 62 94 1C E5 18 31 68 A6 5D 00 00
  can1  206  [16]  D8 62 49 1C 5F 62 A0 1C BF 18 5A 68 DC 5C 00 00"
2025-08-09T00:07:32.329375,328.952,"can1  206  [16]  AF 62 31 1C E6 61 8E 1C A2 18 B9 67 B4 5C 00 00
  can1  206  [16]  F2 63 2B 1C 6D 61 6E 1C 78 18 1A 64 3B 5C 00 00"
2025-08-09T00:07:32.338240,328.961,"can1  206  [16]  76 66 56 1C 10 5F FA 1B A7 18 A1 63 7E 5D 00 00
  can1  206  [16]  93 64 D3 1C 02 60 AD 1B 06 19 0C 65 DA 5F 00 00"
2025-08-09T00:07:32.552347,329.175,"can1  206  [16]  00 63 35 1D D8 62 AD 1B 15 19 17 67 DA 5F 00 00
  can1  206  [16]  F2 63 07 1D A1 63 B3 1B 15 19 B9 67 02 60 00 00"
2025-08-09T00:07:32.559985,329.183,"can1  206  [16]  D8 62 00 1D C9 63 B9 1B 10 19 E1 67 DA 5F 00 00
  can1  206  [16]  0E 62 FA 1C A1 63 C5 1B 01 19 82 68 DA 5F 00 00"
2025-08-09T00:07:32.559985,329.183,"can1  206  [16]  95 61 C0 1C D8 62 1F 1C E9 18 FB 68 C0 5E 00 00
  can1  206  [16]  E6 61 7B 1C AF 62 50 1C E0 18 D3 68 A6 5D 00 00"
2025-08-09T00:07:32.777903,329.400,"can1  206  [16]  5F 62 62 1C 28 63 68 1C CD 18 5A 68 7E 5D 00 00
  can1  206  [16]  BD 61 49 1C 28 63 81 1C BF 18 82 68 2D 5D 00 00"
2025-08-09T00:07:32.777903,329.400,"can1  206  [16]  E6 61 3D 1C 28 63 81 1C BF 18 AA 68 B4 5C 00 00
  can1  206  [16]  0E 62 31 1C 28 63 81 1C A7 18 09 68 3B 5C 00 00"
2025-08-09T00:07:32.993648,329.616,"can1  206  [16]  AF 62 25 1C AF 62 8E 1C 9E 18 E1 67 13 5C 00 00
  can1  206  [16]  50 63 1F 1C E6 61 8E 1C 94 18 E1 67 EB 5B 00 00"
2025-08-09T00:07:32.998799,329.621,can1  206  [16]  C9 63 1F 1C 95 61 7B 1C 8B 18 C9 63 64 5C 00 00
2025-08-09T00:07:33.209344,329.832,"can1  206  [16]  76 66 5C 1C DA 5F FA 1B BF 18 F2 63 F6 5D 00 00
  can1  206  [16]  E3 64 1A 1D 45 61 EE 1B 3C 19 C7 66 DA 5F 00 00"
2025-08-09T00:07:33.209344,329.832,"can1  206  [16]  E6 61 1A 1D 6A 64 E8 1B 45 19 E1 67 61 5F 00 00
  can1  206  [16]  5F 62 00 1D 93 64 EE 1B 32 19 82 68 89 5F 00 00"
2025-08-09T00:07:33.422085,330.045,"can1  206  [16]  5F 62 FA 1C 6A 64 EE 1B 37 19 FB 68 89 5F 00 00
  can1  206  [16]  0E 62 E7 1C 1A 64 FA 1B 15 19 4C 69 39 5F 00 00"
2025-08-09T00:07:33.424094,330.047,"can1  206  [16]  0E 62 DA 1C F2 63 06 1C 19 19 4C 69 10 5F 00 00
  can1  206  [16]  BD 61 DA 1C 1A 64 00 1C 06 19 FB 68 10 5F 00 00"
2025-08-09T00:07:33.645156,330.268,"can1  206  [16]  0E 62 DA 1C 1A 64 0C 1C 1E 19 FB 68 C0 5E 00 00
  can1  206  [16]  AF 62 D3 1C F2 63 1F 1C 06 19 23 69 6F 5E 00 00"
2025-08-09T00:07:33.647176,330.270,"can1  206  [16]  0E 62 C0 1C A1 63 31 1C EE 18 23 69 6F 5E 00 00
  can1  206  [16]  6D 61 2B 1C 36 62 A7 1C B0 18 B9 67 9A 5B 00 00"
2025-08-09T00:07:33.876234,330.499,"can1  206  [16]  36 62 25 1C 45 61 75 1C 94 18 1A 64 9A 5B 00 00
  can1  206  [16]  6A 64 62 1C 02 60 D1 1B B5 18 BB 64 05 5D 00 00"
2025-08-09T00:07:33.876234,330.499,"can1  206  [16]  C9 63 07 1D 45 61 D7 1B 28 19 68 67 10 5F 00 00
  can1  206  [16]  1C 61 FA 1C AF 62 25 1C 06 19 4C 69 1F 5E 00 00"
2025-08-09T00:07:33.876234,330.499,"can1  206  [16]  6D 61 3D 1C 45 61 9A 1C 94 18 BB 64 49 5B 00 00
  can1  206  [16]  F2 63 56 1C 1F 5E 3D 1C A7 18 79 63 05 5D 00 00"
2025-08-09T00:07:34.091370,330.714,"can1  206  [16]  28 63 C0 1C 39 5F D1 1B 01 19 BB 64 2B 60 00 00
  can1  206  [16]  BD 61 3B 1D 6D 61 FA 1B 28 19 D3 68 89 5F 00 00"
2025-08-09T00:07:34.092055,330.715,"can1  206  [16]  89 5F 9A 1C 45 61 AD 1C A7 18 EF 66 13 5C 00 00
  can1  206  [16]  00 63 37 1C C0 5E 5C 1C 9E 18 A1 63 05 5D 00 00"
2025-08-09T00:07:34.313551,330.936,can1  206  [16]  A1 63 6E 1C 98 5E AD 1B D2 18 6A 64 6F 5E 00 00
2025-08-09T00:07:34.315059,330.938,"can1  206  [16]  D8 62 49 1D 2B 60 BF 1B 28 19 68 67 89 5F 00 00
  can1  206  [16]  89 5F 00 1D BD 61 25 1C 01 19 82 68 6F 5E 00 00"
2025-08-09T00:07:34.533935,331.157,"can1  206  [16]  DA 5F 50 1C B2 5F 68 1C 94 18 A1 63 13 5C 00 00
  can1  206  [16]  28 63 68 1C 98 5E E3 1B AC 18 79 63 2D 5D 00 00"
2025-08-09T00:07:34.533935,331.157,"can1  206  [16]  87 62 F3 1C 89 5F A7 1B 15 19 0C 65 B2 5F 00 00
  can1  206  [16]  CC 60 21 1D D8 62 E3 1B 06 19 FB 68 39 5F 00 00"
2025-08-09T00:07:34.756429,331.379,"can1  206  [16]  B2 5F 6E 1C 0E 62 7B 1C CD 18 31 68 DC 5C 00 00
  can1  206  [16]  CC 60 5C 1C E8 5E 37 1C AC 18 00 63 05 5D 00 00"
2025-08-09T00:07:34.758442,331.381,"can1  206  [16]  AF 62 A7 1C B2 5F AD 1B E9 18 93 64 39 5F 00 00
  can1  206  [16]  BD 61 56 1D 95 61 E3 1B 1E 19 E1 67 61 5F 00 00"
2025-08-09T00:07:34.758442,331.381,"can1  206  [16]  61 5F C0 1C 36 62 50 1C EE 18 82 68 1F 5E 00 00
  can1  206  [16]  53 60 50 1C B2 5F 68 1C 94 18 28 63 13 5C 00 00"
2025-08-09T00:07:34.977760,331.600,"can1  206  [16]  28 63 7B 1C 39 5F D7 1B B0 18 1A 64 7E 5D 00 00
  can1  206  [16]  D8 62 21 1D CC 60 BF 1B 23 19 76 66 B2 5F 00 00"
2025-08-09T00:07:34.979778,331.602,can1  206  [16]  CC 60 28 1D D8 62 06 1C 28 19 D3 68 C0 5E 00 00
2025-08-09T00:07:35.202581,331.825,"can1  206  [16]  F4 60 5C 1C 95 61 7B 1C 86 18 93 64 13 5C 00 00
  can1  206  [16]  79 63 5C 1C 89 5F 13 1C A2 18 50 63 B4 5C 00 00"
2025-08-09T00:07:35.202581,331.825,"can1  206  [16]  50 63 D3 1C 7B 60 AD 1B 06 19 BB 64 89 5F 00 00
  can1  206  [16]  0E 62 4F 1D 00 63 A2 1B 06 19 FD 65 61 5F 00 00"
2025-08-09T00:07:35.423067,332.046,"can1  206  [16]  45 61 21 1D 42 64 DD 1B 06 19 AA 68 47 5E 00 00
  can1  206  [16]  61 5F 87 1C 00 63 7B 1C DB 18 B9 67 64 5C 00 00"
2025-08-09T00:07:35.423951,332.047,"can1  206  [16]  7B 60 56 1C DA 5F 56 1C A7 18 D8 62 13 5C 00 00
  can1  206  [16]  C9 63 87 1C 53 60 BF 1B F3 18 F2 63 C0 5E 00 00"
2025-08-09T00:07:35.647563,332.270,"can1  206  [16]  F2 63 49 1D 0E 62 A2 1B FD 18 E3 64 89 5F 00 00
  can1  206  [16]  C9 63 49 1D 87 62 9C 1B FD 18 D5 65 DA 5F 00 00"
2025-08-09T00:07:35.647563,332.270,can1  206  [16]  36 62 42 1D 00 63 A7 1B 23 19 26 66 DA 5F 00 00
2025-08-09T00:07:35.867793,332.490,"can1  206  [16]  BD 61 2E 1D 50 63 AD 1B 19 19 9F 66 2B 60 00 00
  can1  206  [16]  F4 60 14 1D F2 63 DD 1B 15 19 AA 68 10 5F 00 00"
2025-08-09T00:07:35.867793,332.490,"can1  206  [16]  61 5F 75 1C D8 62 87 1C CD 18 B9 67 DC 5C 00 00
  can1  206  [16]  CC 60 56 1C DA 5F 49 1C 94 18 00 63 3B 5C 00 00"
2025-08-09T00:07:35.881582,332.504,"can1  206  [16]  50 63 87 1C 53 60 B9 1B C8 18 93 64 47 5E 00 00
  can1  206  [16]  E6 61 49 1D 0E 62 A7 1B E0 18 E3 64 39 5F 00 00"
2025-08-09T00:07:36.088524,332.711,"can1  206  [16]  0E 62 28 1D D8 62 9C 1B EE 18 D5 65 DA 5F 00 00
  can1  206  [16]  36 62 2E 1D 00 63 96 1B FD 18 4E 66 61 5F 00 00"
2025-08-09T00:07:36.088524,332.711,"can1  206  [16]  AF 62 2E 1D 79 63 96 1B FD 18 9F 66 DA 5F 00 00
  can1  206  [16]  6D 61 0D 1D 6A 64 D7 1B F8 18 FB 68 E8 5E 00 00
  can1  206  [16]  B2 5F 68 1C AF 62 81 1C BA 18 E1 67 DC 5C 00 00"
2025-08-09T00:07:36.296323,332.919,can1  206  [16]  45 61 50 1C 61 5F 3D 1C 94 18 D8 62 8C 5C 00 00
2025-08-09T00:07:36.296323,332.919,"can1  206  [16]  28 63 87 1C 2B 60 A7 1B CD 18 6A 64 10 5F 00 00
  can1  206  [16]  0E 62 3B 1D 5F 62 96 1B EE 18 42 64 B2 5F 00 00"
2025-08-09T00:07:36.518097,333.141,"can1  206  [16]  95 61 21 1D E3 64 CB 1B 01 19 09 68 89 5F 00 00
  can1  206  [16]  53 60 9A 1C F2 63 5C 1C E0 18 5A 68 1F 5E 00 00"
2025-08-09T00:07:36.518097,333.141,"can1  206  [16]  53 60 49 1C F4 60 68 1C 8B 18 28 63 B4 5C 00 00
  can1  206  [16]  C9 63 6E 1C 7B 60 D1 1B AC 18 1A 64 47 5E 00 00"
2025-08-09T00:07:36.737505,333.360,"can1  206  [16]  A1 63 28 1D 95 61 BF 1B 15 19 9F 66 02 60 00 00
  can1  206  [16]  95 61 07 1D 42 64 13 1C 10 19 82 68 39 5F 00 00"
2025-08-09T00:07:36.737505,333.360,"can1  206  [16]  1C 61 49 1C AF 62 A7 1C BA 18 90 67 64 5C 00 00
  can1  206  [16]  00 63 2B 1C E6 61 7B 1C A2 18 EF 66 3B 5C 00 00"
2025-08-09T00:07:36.962520,333.585,"can1  206  [16]  79 63 31 1C 6D 61 62 1C AC 18 28 63 2D 5D 00 00
  can1  206  [16]  1A 64 75 1C F4 60 B9 1B F3 18 F2 63 E8 5E 00 00"
2025-08-09T00:07:36.962520,333.585,"can1  206  [16]  28 63 28 1D 5F 62 A2 1B 10 19 6A 64 02 60 00 00
  can1  206  [16]  36 62 21 1D AF 62 A2 1B 15 19 93 64 02 60 00 00"
2025-08-09T00:07:37.190267,333.813,"can1  206  [16]  E6 61 21 1D AF 62 96 1B 01 19 0C 65 2B 60 00 00
  can1  206  [16]  BD 61 28 1D 00 63 96 1B 06 19 FD 65 2B 60 00 00"
2025-08-09T00:07:37.190267,333.813,"can1  206  [16]  45 61 0D 1D 6A 64 C5 1B 10 19 D3 68 61 5F 00 00
  can1  206  [16]  61 5F 8E 1C 00 63 5C 1C E5 18 09 68 55 5D 00 00"
2025-08-09T00:07:37.190267,333.813,can1  206  [16]  A3 60 49 1C 53 60 3D 1C AC 18 87 62 13 5C 00 00
2025-08-09T00:07:37.388413,334.011,"can1  206  [16]  C9 63 81 1C CC 60 AD 1B D6 18 A1 63 CE 5D 00 00
  can1  206  [16]  50 63 35 1D 36 62 9C 1B F3 18 1A 64 C0 5E 00 00"
2025-08-09T00:07:37.388413,334.011,"can1  206  [16]  C9 63 2E 1D 00 63 96 1B FD 18 E3 64 10 5F 00 00
  can1  206  [16]  28 63 28 1D 79 63 96 1B 06 19 FD 65 89 5F 00 00"
2025-08-09T00:07:37.611473,334.234,"can1  206  [16]  79 63 21 1D C9 63 A7 1B 06 19 4E 66 2B 60 00 00
  can1  206  [16]  36 62 1A 1D F2 63 BF 1B 0B 19 C7 66 02 60 00 00"
2025-08-09T00:07:37.611473,334.234,"can1  206  [16]  D8 62 21 1D F2 63 CB 1B 1E 19 17 67 02 60 00 00
  can1  206  [16]  AF 62 1A 1D 1A 64 C5 1B 19 19 40 67 02 60 00 00"
2025-08-09T00:07:37.831026,334.454,"can1  206  [16]  0E 62 1A 1D 6A 64 D7 1B 19 19 E1 67 B2 5F 00 00
  can1  206  [16]  0E 62 0D 1D 93 64 D7 1B 15 19 31 68 61 5F 00 00"
2025-08-09T00:07:37.833043,334.456,"can1  206  [16]  CC 60 DA 1C C9 63 49 1C FD 18 D3 68 6F 5E 00 00
  can1  206  [16]  CC 60 3D 1C 45 61 9A 1C 94 18 79 63 13 5C 00 00"
2025-08-09T00:07:38.053753,334.676,"can1  206  [16]  A1 63 75 1C B2 5F 1F 1C B0 18 50 63 2D 5D 00 00
  can1  206  [16]  AF 62 07 1D 1C 61 DD 1B 19 19 0C 65 02 60 00 00"
2025-08-09T00:07:38.053753,334.676,"can1  206  [16]  A3 60 2E 1D C9 63 00 1C 01 19 FB 68 39 5F 00 00
  can1  206  [16]  89 5F 6E 1C 00 63 A7 1C CD 18 90 67 B4 5C 00 00"
2025-08-09T00:07:38.274154,334.897,"can1  206  [16]  CC 60 6E 1C B2 5F 56 1C A7 18 D8 62 64 5C 00 00
  can1  206  [16]  00 63 94 1C DA 5F D1 1B E5 18 1A 64 C0 5E 00 00"
2025-08-09T00:07:38.274154,334.897,"can1  206  [16]  36 62 49 1D BD 61 B3 1B 01 19 BB 64 DA 5F 00 00
  can1  206  [16]  D8 62 2E 1D 36 62 A7 1B 06 19 D5 65 DA 5F 00 00"
2025-08-09T00:07:38.274154,334.897,"can1  206  [16]  45 61 0D 1D 50 63 CB 1B 15 19 AA 68 39 5F 00 00
  can1  206  [16]  B2 5F 8E 1C 36 62 62 1C E0 18 09 68 DC 5C 00 00"
2025-08-09T00:07:38.500445,335.123,"can1  206  [16]  53 60 62 1C 39 5F 8E 1C A7 18 D8 62 64 5C 00 00
  can1  206  [16]  00 63 7B 1C 39 5F DD 1B D6 18 42 64 6F 5E 00 00"
2025-08-09T00:07:38.500445,335.123,can1  206  [16]  E6 61 49 1D F4 60 E8 1B 2D 19 17 67 B2 5F 00 00
2025-08-09T00:07:38.716139,335.339,"can1  206  [16]  B2 5F ED 1C AF 62 31 1C FD 18 AA 68 98 5E 00 00
  can1  206  [16]  BD 61 9A 1C 00 63 50 1C E5 18 AA 68 1F 5E 00 00"
2025-08-09T00:07:38.716139,335.339,"can1  206  [16]  CC 60 49 1C 2B 60 5C 1C 99 18 A1 63 8C 5C 00 00
  can1  206  [16]  42 64 68 1C C0 5E D7 1B 99 18 F2 63 CE 5D 00 00"
2025-08-09T00:07:38.948645,335.571,"can1  206  [16]  D8 62 0D 1D 2B 60 A7 1B 01 19 4E 66 DA 5F 00 00
  can1  206  [16]  7B 60 1A 1D AF 62 FA 1B E9 18 FB 68 10 5F 00 00"
2025-08-09T00:07:38.950667,335.573,"can1  206  [16]  2B 60 56 1C 6D 61 9A 1C 74 18 E3 64 C2 5B 00 00
  can1  206  [16]  D8 62 62 1C C0 5E 49 1C 8B 18 00 63 DC 5C 00 00"
2025-08-09T00:07:39.160960,335.784,"can1  206  [16]  1A 64 BA 1C B2 5F C5 1B E0 18 6A 64 61 5F 00 00
  can1  206  [16]  5F 62 4F 1D E6 61 BF 1B F8 18 D5 65 02 60 00 00"
2025-08-09T00:07:39.160960,335.784,can1  206  [16]  28 63 35 1D 5F 62 CB 1B FD 18 76 66 02 60 00 00
2025-08-09T00:07:39.386309,336.009,"can1  206  [16]  BD 61 28 1D D8 62 D1 1B 01 19 EF 66 2B 60 00 00
  can1  206  [16]  F4 60 00 1D 00 63 06 1C F3 18 D3 68 E8 5E 00 00
  can1  206  [16]  2B 60 5C 1C 95 61 B3 1C 78 18 0C 65 9A 5B 00 00"
2025-08-09T00:07:39.386309,336.009,"can1  206  [16]  79 63 50 1C E8 5E 5C 1C 8B 18 00 63 DC 5C 00 00
  can1  206  [16]  6A 64 A7 1C 89 5F D1 1B DB 18 6A 64 89 5F 00 00"
2025-08-09T00:07:39.386309,336.009,"can1  206  [16]  5F 62 56 1D BD 61 C5 1B EE 18 E3 64 2B 60 00 00
  can1  206  [16]  AF 62 2E 1D 5F 62 C5 1B F8 18 FD 65 7B 60 00 00"
2025-08-09T00:07:39.613127,336.236,"can1  206  [16]  6D 61 0D 1D 28 63 FA 1B F3 18 AA 68 89 5F 00 00
  can1  206  [16]  89 5F 81 1C E6 61 9A 1C BF 18 31 68 55 5D 00 00"
2025-08-09T00:07:39.613127,336.236,can1  206  [16]  CC 60 62 1C C0 5E 75 1C 90 18 28 63 B4 5C 00 00
2025-08-09T00:07:39.829182,336.452,"can1  206  [16]  79 63 87 1C 61 5F C5 1B C3 18 BB 64 98 5E 00 00
  can1  206  [16]  5F 62 42 1D F4 60 D1 1B 0B 19 B9 67 61 5F 00 00"
2025-08-09T00:07:39.831347,336.454,"can1  206  [16]  B2 5F DA 1C 0E 62 43 1C D6 18 D3 68 F6 5D 00 00
  can1  206  [16]  CC 60 43 1C DA 5F 8E 1C 7D 18 C9 63 9A 5B 00 00"
2025-08-09T00:07:40.052964,336.676,"can1  206  [16]  A1 63 75 1C 47 5E 0C 1C 99 18 F2 63 8C 5C 00 00
  can1  206  [16]  C9 63 07 1D 89 5F DD 1B 19 19 FD 65 61 5F 00 00"
2025-08-09T00:07:40.056134,336.679,"can1  206  [16]  45 61 1A 1D 87 62 0C 1C 10 19 23 69 10 5F 00 00
  can1  206  [16]  2B 60 62 1C 6D 61 AD 1C 94 18 6A 64 EB 5B 00 00"
2025-08-09T00:07:40.271224,336.894,can1  206  [16]  1A 64 56 1C 98 5E 5C 1C A7 18 87 62 B4 5C 00 00
2025-08-09T00:07:40.271224,336.894,"can1  206  [16]  79 63 A0 1C 39 5F CB 1B F8 18 F2 63 61 5F 00 00
  can1  206  [16]  D8 62 49 1D 6D 61 EE 1B 23 19 B9 67 61 5F 00 00
  can1  206  [16]  2B 60 BA 1C BD 61 6E 1C F8 18 E1 67 1F 5E 00 00"
2025-08-09T00:07:40.539878,337.162,can1  206  [16]  6D 61 50 1C 39 5F 8E 1C A2 18 50 63 64 5C 00 00
2025-08-09T00:07:40.541883,337.164,"can1  206  [16]  6A 64 7B 1C E8 5E EE 1B C8 18 93 64 1F 5E 00 00
  can1  206  [16]  00 63 21 1D DA 5F DD 1B 2D 19 17 67 02 60 00 00"
2025-08-09T00:07:40.544932,337.168,"can1  206  [16]  A3 60 07 1D 0E 62 31 1C 06 19 23 69 6F 5E 00 00
  can1  206  [16]  45 61 50 1C A3 60 A0 1C 94 18 BB 64 9A 5B 00 00"
2025-08-09T00:07:40.714278,337.337,"can1  206  [16]  00 63 5C 1C 47 5E 3D 1C AC 18 28 63 B4 5C 00 00
  can1  206  [16]  D8 62 DA 1C 61 5F DD 1B 0B 19 42 64 61 5F 00 00"
2025-08-09T00:07:40.714278,337.337,"can1  206  [16]  6D 61 28 1D AF 62 00 1C 1E 19 09 68 89 5F 00 00
  can1  206  [16]  02 60 87 1C BD 61 9A 1C E5 18 82 68 55 5D 00 00"
2025-08-09T00:07:40.936527,337.559,can1  206  [16]  CC 60 50 1C C0 5E 75 1C B0 18 D8 62 13 5C 00 00
2025-08-09T00:07:40.938538,337.561,"can1  206  [16]  28 63 68 1C 39 5F D7 1B DB 18 93 64 47 5E 00 00
  can1  206  [16]  36 62 21 1D F4 60 E8 1B 19 19 68 67 10 5F 00 00
  can1  206  [16]  02 60 D3 1C AF 62 50 1C F8 18 FB 68 1F 5E 00 00"
2025-08-09T00:07:41.169403,337.792,can1  206  [16]  1C 61 31 1C CC 60 94 1C 8B 18 F2 63 C2 5B 00 00
2025-08-09T00:07:41.187535,337.810,"can1  206  [16]  A1 63 5C 1C 02 60 19 1C A7 18 F2 63 05 5D 00 00
  can1  206  [16]  00 63 E7 1C 7B 60 D7 1B 1E 19 FD 65 B2 5F 00 00"
2025-08-09T00:07:41.387540,338.010,can1  206  [16]  F4 60 14 1D 00 63 06 1C 10 19 D3 68 E8 5E 00 00
2025-08-09T00:07:41.387540,338.010,"can1  206  [16]  DA 5F 56 1C 6D 61 9A 1C 99 18 FD 65 9A 5B 00 00
  can1  206  [16]  F2 63 49 1C 47 5E 56 1C A7 18 28 63 B4 5C 00 00
  can1  206  [16]  A1 63 94 1C 10 5F CB 1B F8 18 93 64 39 5F 00 00"
2025-08-09T00:07:41.602446,338.225,"can1  206  [16]  00 63 3B 1D 45 61 FA 1B 28 19 09 68 89 5F 00 00
  can1  206  [16]  A3 60 B3 1C 0E 62 68 1C FD 18 31 68 F6 5D 00 00"
2025-08-09T00:07:41.604460,338.227,"can1  206  [16]  CC 60 43 1C 02 60 81 1C A7 18 5F 62 DC 5C 00 00
  can1  206  [16]  BB 64 5C 1C E8 5E E8 1B BF 18 A1 63 A6 5D 00 00"
2025-08-09T00:07:41.624306,338.247,"can1  206  [16]  A1 63 00 1D 2B 60 DD 1B 2D 19 76 66 B2 5F 00 00
  can1  206  [16]  0E 62 14 1D 00 63 F4 1B 1E 19 E1 67 B2 5F 00 00"
2025-08-09T00:07:41.822869,338.445,can1  206  [16]  45 61 DA 1C D8 62 2B 1C 01 19 D3 68 C0 5E 00 00
2025-08-09T00:07:41.824883,338.447,"can1  206  [16]  6D 61 2B 1C CC 60 94 1C 99 18 42 64 C2 5B 00 00
  can1  206  [16]  93 64 56 1C C0 5E 19 1C AC 18 A1 63 05 5D 00 00"
2025-08-09T00:07:42.028930,338.652,"can1  206  [16]  F2 63 CD 1C B2 5F CB 1B 15 19 E3 64 7B 60 00 00
  can1  206  [16]  5F 62 1A 1D 87 62 D1 1B 1E 19 C7 66 CC 60 00 00"
2025-08-09T00:07:42.028930,338.652,"can1  206  [16]  36 62 14 1D D8 62 D7 1B 1E 19 40 67 CC 60 00 00
  can1  206  [16]  0E 62 07 1D C9 63 D1 1B 1E 19 B9 67 02 60 00 00"
2025-08-09T00:07:42.254420,338.877,"can1  206  [16]  BD 61 F3 1C A1 63 D7 1B 1E 19 09 68 B2 5F 00 00
  can1  206  [16]  BD 61 F3 1C F2 63 D7 1B 19 19 FB 68 02 60 00 00"
2025-08-09T00:07:42.259819,338.882,"can1  206  [16]  45 61 BA 1C 00 63 43 1C FD 18 74 69 C0 5E 00 00
  can1  206  [16]  6D 61 2B 1C A3 60 7B 1C 9E 18 6A 64 8C 5C 00 00"
2025-08-09T00:07:42.477492,339.102,"can1  206  [16]  4E 66 56 1C 61 5F 00 1C B5 18 6A 64 A6 5D 00 00
  can1  206  [16]  C9 63 ED 1C CC 60 C5 1B 28 19 C7 66 2B 60 00 00"
2025-08-09T00:07:42.479722,339.102,"can1  206  [16]  45 61 0D 1D 28 63 FA 1B 06 19 74 69 61 5F 00 00
  can1  206  [16]  F4 60 49 1C BD 61 9A 1C C8 18 82 68 2D 5D 00 00"
2025-08-09T00:07:42.693323,339.316,"can1  206  [16]  5F 62 25 1C 45 61 75 1C 90 18 BB 64 64 5C 00 00
  can1  206  [16]  6A 64 5C 1C E8 5E 00 1C BF 18 6A 64 7E 5D 00 00"
2025-08-09T00:07:42.693323,339.316,"can1  206  [16]  F2 63 F3 1C 02 60 CB 1B 28 19 C7 66 53 60 00 00
  can1  206  [16]  BD 61 28 1D 28 63 CB 1B 28 19 5A 68 02 60 00 00"
2025-08-09T00:07:42.703642,339.326,"can1  206  [16]  F4 60 ED 1C 79 63 06 1C 01 19 ED 69 10 5F 00 00
  can1  206  [16]  2B 60 43 1C E6 61 A0 1C A7 18 82 68 B4 5C 00 00"
2025-08-09T00:07:42.914801,339.537,"can1  206  [16]  0E 62 25 1C 7B 60 6E 1C 8B 18 93 64 8C 5C 00 00
  can1  206  [16]  F2 63 62 1C 39 5F E3 1B B0 18 F2 63 F6 5D 00 00"
2025-08-09T00:07:42.914801,339.537,"can1  206  [16]  BB 64 00 1D 53 60 CB 1B 15 19 76 66 2B 60 00 00
  can1  206  [16]  E6 61 1A 1D 50 63 CB 1B 01 19 09 68 02 60 00 00"
2025-08-09T00:07:43.134983,339.758,"can1  206  [16]  0E 62 00 1D 79 63 B3 1B 10 19 AA 68 02 60 00 00
  can1  206  [16]  36 62 E7 1C A1 63 B9 1B 15 19 FB 68 B2 5F 00 00"
2025-08-09T00:07:43.134983,339.758,can1  206  [16]  F4 60 B3 1C AF 62 2B 1C FD 18 FB 68 98 5E 00 00
2025-08-09T00:07:43.342929,339.966,"can1  206  [16]  AF 62 75 1C 50 63 5C 1C E5 18 AA 68 CE 5D 00 00
  can1  206  [16]  D8 62 5C 1C 79 63 62 1C D6 18 AA 68 2D 5D 00 00"
2025-08-09T00:07:43.346951,339.970,"can1  206  [16]  AF 62 3D 1C 28 63 62 1C C8 18 82 68 7E 5D 00 00
  can1  206  [16]  28 63 37 1C D8 62 5C 1C BF 18 31 68 2D 5D 00 00"
2025-08-09T00:07:43.571253,340.194,"can1  206  [16]  36 62 1F 1C 5F 62 68 1C AC 18 82 68 8C 5C 00 00
  can1  206  [16]  E6 61 1F 1C E6 61 81 1C A2 18 E1 67 49 5B 00 00"
2025-08-09T00:07:43.571253,340.194,"can1  206  [16]  5F 62 1F 1C BD 61 87 1C 99 18 90 67 8C 5C 00 00
  can1  206  [16]  0E 62 1F 1C 6D 61 6E 1C 99 18 C9 63 DC 5C 00 00"
2025-08-09T00:07:43.786788,340.409,"can1  206  [16]  93 64 5C 1C 2B 60 E8 1B C8 18 1A 64 C0 5E 00 00
  can1  206  [16]  F2 63 14 1D 6D 61 E8 1B 2D 19 4E 66 7B 60 00 00"
2025-08-09T00:07:43.786788,340.409,"can1  206  [16]  7B 60 F3 1C A1 63 3D 1C 06 19 5A 68 61 5F 00 00
  can1  206  [16]  1C 61 43 1C 0E 62 C0 1C B0 18 17 67 64 5C 00 00"
2025-08-09T00:07:44.011098,340.634,"can1  206  [16]  00 63 25 1C 45 61 87 1C 9E 18 D8 62 DC 5C 00 00
  can1  206  [16]  C9 63 6E 1C 2B 60 E3 1B C3 18 00 63 6F 5E 00 00"
2025-08-09T00:07:44.011098,340.634,"can1  206  [16]  5F 62 21 1D 6D 61 B9 1B 2D 19 FD 65 7B 60 00 00
  can1  206  [16]  DA 5F FA 1C A1 63 13 1C 06 19 09 68 61 5F 00 00"
2025-08-09T00:07:44.011098,340.634,"can1  206  [16]  02 60 3D 1C E6 61 9A 1C B0 18 C7 66 B4 5C 00 00
  can1  206  [16]  6D 61 68 1C DA 5F 1F 1C B5 18 5F 62 2D 5D 00 00"
2025-08-09T00:07:44.230279,340.853,can1  206  [16]  28 63 C0 1C F4 60 DD 1B 06 19 C9 63 DA 5F 00 00
2025-08-09T00:07:44.230279,340.853,"can1  206  [16]  CC 60 1A 1D 93 64 0C 1C 15 19 5A 68 10 5F 00 00
  can1  206  [16]  89 5F 6E 1C 79 63 A0 1C E0 18 B9 67 DC 5C 00 00"
2025-08-09T00:07:44.459730,341.082,"can1  206  [16]  7B 60 3D 1C 53 60 62 1C A7 18 5F 62 13 5C 00 00
  can1  206  [16]  00 63 6E 1C 53 60 BF 1B D6 18 1A 64 47 5E 00 00"
2025-08-09T00:07:44.465022,341.088,"can1  206  [16]  0E 62 21 1D 36 62 9C 1B F3 18 BB 64 89 5F 00 00
  can1  206  [16]  0E 62 28 1D AF 62 8A 1B FD 18 26 66 02 60 00 00"
2025-08-09T00:07:44.671976,341.295,"can1  206  [16]  36 62 1A 1D 00 63 8A 1B 06 19 26 66 53 60 00 00
  can1  206  [16]  36 62 21 1D 50 63 A7 1B 10 19 9F 66 7B 60 00 00"
2025-08-09T00:07:44.671976,341.295,"can1  206  [16]  36 62 21 1D F2 63 A7 1B 19 19 76 66 CC 60 00 00
  can1  206  [16]  E6 61 07 1D 42 64 AD 1B 1E 19 76 66 7B 60 00 00"
2025-08-09T00:07:44.896662,341.519,"can1  206  [16]  CC 60 F3 1C 42 64 EE 1B 0B 19 5A 68 10 5F 00 00
  can1  206  [16]  DA 5F 49 1C 5F 62 9A 1C C8 18 68 67 B4 5C 00 00"
2025-08-09T00:07:44.896662,341.519,"can1  206  [16]  45 61 56 1C 53 60 2B 1C B0 18 5F 62 05 5D 00 00
  can1  206  [16]  D8 62 94 1C 6D 61 A2 1B FD 18 6A 64 61 5F 00 00"
2025-08-09T00:07:45.120517,341.743,"can1  206  [16]  95 61 21 1D 34 65 D7 1B 1E 19 82 68 89 5F 00 00
  can1  206  [16]  89 5F 94 1C 1A 64 56 1C F8 18 5A 68 1F 5E 00 00"
2025-08-09T00:07:45.120517,341.743,"can1  206  [16]  CC 60 2B 1C 45 61 5C 1C A2 18 00 63 2D 5D 00 00
  can1  206  [16]  6A 64 68 1C CC 60 C5 1B C3 18 F2 63 98 5E 00 00"
2025-08-09T00:07:45.120517,341.743,"can1  206  [16]  F2 63 07 1D 0E 62 A7 1B E0 18 93 64 61 5F 00 00
  can1  206  [16]  6A 64 07 1D AF 62 A7 1B EE 18 BB 64 02 60 00 00"
2025-08-09T00:07:45.339778,341.962,"can1  206  [16]  F2 63 1A 1D 28 63 A7 1B FD 18 BB 64 2B 60 00 00
  can1  206  [16]  50 63 1A 1D 79 63 A7 1B 06 19 E3 64 CC 60 00 00"
2025-08-09T00:07:45.351041,341.974,"can1  206  [16]  D8 62 21 1D 1A 64 C5 1B 0B 19 D5 65 F4 60 00 00
  can1  206  [16]  AF 62 1A 1D 1A 64 D1 1B 15 19 4E 66 1C 61 00 00"
2025-08-09T00:07:45.559556,342.182,can1  206  [16]  36 62 1A 1D E3 64 BF 1B 19 19 76 66 F4 60 00 00
2025-08-09T00:07:45.559556,342.182,"can1  206  [16]  87 62 07 1D E3 64 CB 1B 19 19 68 67 CC 60 00 00
  can1  206  [16]  95 61 ED 1C BB 64 1F 1C 06 19 D3 68 B2 5F 00 00"
