Timestamp,Elapsed_Time_s,CAN_Message
2025-08-10T00:50:00.249711,2.865,  can1  206  [16]  BF 0C CB 09 AB 0C 69 E5 04 0A DF 0C C3 0C 00 00
2025-08-10T00:50:00.249711,2.865,  can1  204  [04]  4F 62 01 00
2025-08-10T00:50:00.571566,3.187,  can1  206  [16]  C7 0C CD 09 AB 0C 2E E6 07 0A DB 0C BB 0C 00 00
2025-08-10T00:50:00.571566,3.187,  can1  206  [16]  BB 0C CD 09 B3 0C FA E4 02 0A CF 0C C3 0C 00 00
2025-08-10T00:50:00.893035,3.509,  can1  206  [16]  BB 0C CD 09 BB 0C FA E4 04 0A D7 0C BB 0C 00 00
2025-08-10T00:50:00.893035,3.509,  can1  206  [16]  B7 0C CB 09 B7 0C 7E E4 04 0A D7 0C C3 0C 00 00
2025-08-10T00:50:01.233153,3.849,  can1  206  [16]  B3 0C CB 09 BB 0C 69 E5 04 0A D7 0C BF 0C 00 00
2025-08-10T00:50:01.259223,3.875,  can1  206  [16]  BF 0C C9 09 AF 0C 69 E5 04 0A DB 0C C3 0C 00 00
2025-08-10T00:50:01.259223,3.875,  can1  206  [16]  BB 0C D6 09 B3 0C FA E4 02 0A D7 0C C3 0C 00 00
2025-08-10T00:50:01.259223,3.875,  can1  204  [04]  4F 62 01 00
2025-08-10T00:50:01.554041,4.170,  can1  206  [16]  C7 0C CD 09 B3 0C 69 E5 04 0A DF 0C B7 0C 00 00
2025-08-10T00:50:01.554041,4.170,  can1  206  [16]  C7 0C D0 09 AB 0C FA E4 04 0A DB 0C BB 0C 00 00
2025-08-10T00:50:01.886358,4.502,  can1  206  [16]  C7 0C CD 09 AB 0C FA E4 00 0A D7 0C BF 0C 00 00
2025-08-10T00:50:01.886358,4.502,  can1  206  [16]  D3 0C C9 09 AB 0C 69 E5 0D 0A D3 0C B3 0C 00 00
2025-08-10T00:50:01.886358,4.502,  can1  206  [16]  D3 0C CD 09 AB 0C 7E E4 02 0A D7 0C AB 0C 00 00
2025-08-10T00:50:02.649287,5.265,  can1  206  [16]  C7 0C C7 09 AF 0C 69 E5 FE 09 D3 0C BB 0C 00 00
2025-08-10T00:50:02.649287,5.265,  can1  206  [16]  C3 0C CD 09 AB 0C 69 E5 02 0A DB 0C BF 0C 00 00
2025-08-10T00:50:02.649287,5.265,  can1  204  [04]  4F 62 01 00
2025-08-10T00:50:02.654716,5.270,  can1  206  [16]  C7 0C CD 09 AB 0C FA E4 09 0A DB 0C BB 0C 00 00
2025-08-10T00:50:02.655475,5.271,  can1  206  [16]  C7 0C CB 09 AB 0C 69 E5 04 0A DF 0C BB 0C 00 00
2025-08-10T00:50:02.655475,5.271,  can1  206  [16]  CF 0C CD 09 B3 0C D0 E5 07 0A D7 0C AF 0C 00 00
2025-08-10T00:50:02.983423,5.599,  can1  206  [16]  BF 0C D2 09 AB 0C 69 E5 02 0A D3 0C C7 0C 00 00
2025-08-10T00:50:02.983423,5.599,  can1  206  [16]  C7 0C CD 09 AF 0C FA E4 02 0A D7 0C BB 0C 00 00
2025-08-10T00:50:02.983423,5.599,  can1  206  [16]  BB 0C CB 09 BB 0C D0 E5 04 0A D3 0C C3 0C 00 00
2025-08-10T00:50:03.303114,5.919,  can1  206  [16]  B7 0C CB 09 B3 0C 69 E5 02 0A DB 0C C7 0C 00 00
2025-08-10T00:50:03.303114,5.919,  can1  204  [04]  4F 62 01 00
2025-08-10T00:50:03.306675,5.922,  can1  206  [16]  C3 0C CD 09 B3 0C 69 E5 04 0A DB 0C B7 0C 00 00
2025-08-10T00:50:03.638077,6.254,  can1  206  [16]  C3 0C CD 09 A7 0C FA E4 02 0A DF 0C C3 0C 00 00
2025-08-10T00:50:03.638077,6.254,  can1  206  [16]  D3 0C CB 09 9F 0C 69 E5 04 0A F0 0C AF 0C 00 00
2025-08-10T00:50:03.969635,6.585,  can1  206  [16]  C3 0C CB 09 CB 0C 69 E5 02 0A C3 0C B7 0C 00 00
2025-08-10T00:50:03.969635,6.585,  can1  206  [16]  C3 0C CD 09 AF 0C D0 E5 00 0A CF 0C BB 0C 00 00
2025-08-10T00:50:03.969635,6.585,  can1  206  [16]  C7 0C CB 09 AF 0C 69 E5 07 0A DF 0C B7 0C 00 00
2025-08-10T00:50:04.288137,6.904,  can1  206  [16]  C7 0C CB 09 AB 0C 69 E5 02 0A E8 0C BB 0C 00 00
2025-08-10T00:50:04.288137,6.904,  can1  206  [16]  C3 0C CB 09 B3 0C FA E4 02 0A CB 0C BF 0C 00 00
2025-08-10T00:50:04.288137,6.904,  can1  204  [04]  4F 62 01 00
2025-08-10T00:50:04.619078,7.237,  can1  206  [16]  B7 0C CB 09 AF 0C D0 E5 02 0A D7 0C C7 0C 00 00
2025-08-10T00:50:04.621101,7.237,  can1  206  [16]  CF 0C C7 09 AF 0C FA E4 00 0A D3 0C B3 0C 00 00
2025-08-10T00:50:04.621101,7.237,  can1  206  [16]  BF 0C CD 09 B3 0C D0 E5 02 0A D3 0C BF 0C 00 00
2025-08-10T00:50:04.954334,7.570,  can1  206  [16]  C3 0C CD 09 AB 0C 69 E5 02 0A DB 0C BF 0C 00 00
2025-08-10T00:50:04.954334,7.570,  can1  206  [16]  C7 0C CB 09 AB 0C FA E4 07 0A D7 0C BF 0C 00 00
2025-08-10T00:50:05.287015,7.903,  can1  206  [16]  C3 0C C9 09 B7 0C 69 E5 00 0A DB 0C BB 0C 00 00
2025-08-10T00:50:05.287015,7.903,  can1  206  [16]  C3 0C CD 09 AF 0C 69 E5 04 0A CF 0C BF 0C 00 00
2025-08-10T00:50:05.289597,7.905,  can1  204  [04]  4F 62 01 00
2025-08-10T00:50:05.624364,8.240,  can1  206  [16]  C7 0C CB 09 B3 0C 69 E5 04 0A AF 0C BB 0C 00 00
2025-08-10T00:50:05.624364,8.240,  can1  206  [16]  CB 0C C9 09 AB 0C FA E4 07 0A CB 0C B3 0C 00 00
2025-08-10T00:50:05.624364,8.240,  can1  206  [16]  BF 0C D0 09 AB 0C FA E4 04 0A DB 0C C3 0C 00 00
2025-08-10T00:50:05.956202,8.572,  can1  206  [16]  C7 0C CB 09 BF 0C 24 E7 02 0A C7 0C BB 0C 00 00
2025-08-10T00:50:05.958218,8.574,  can1  206  [16]  CB 0C CB 09 AF 0C 69 E5 02 0A D3 0C BB 0C 00 00
2025-08-10T00:50:06.272779,8.888,  can1  206  [16]  BF 0C C5 09 B3 0C 7E E4 02 0A D3 0C C3 0C 00 00
2025-08-10T00:50:06.272779,8.888,  can1  206  [16]  C7 0C CD 09 AF 0C 69 E5 07 0A D3 0C BF 0C 00 00
2025-08-10T00:50:06.272779,8.888,  can1  204  [04]  4F 62 01 00
2025-08-10T00:50:06.272779,8.888,  can1  206  [16]  C3 0C D0 09 AB 0C 69 E5 02 0A DB 0C BF 0C 00 00
2025-08-10T00:50:06.606334,9.222,  can1  206  [16]  C7 0C C5 09 AF 0C 69 E5 04 0A D3 0C BB 0C 00 00
2025-08-10T00:50:06.609486,9.225,  can1  206  [16]  C3 0C D0 09 AF 0C D0 E5 04 0A DB 0C BF 0C 00 00
2025-08-10T00:50:06.940332,9.556,  can1  206  [16]  C3 0C CB 09 AF 0C 69 E5 04 0A DB 0C BF 0C 00 00
2025-08-10T00:50:06.940332,9.556,  can1  206  [16]  C3 0C CB 09 AF 0C 69 E5 02 0A D7 0C BF 0C 00 00
2025-08-10T00:50:07.256680,9.872,  can1  206  [16]  BB 0C CD 09 AF 0C 69 E5 04 0A DB 0C C7 0C 00 00
2025-08-10T00:50:07.260986,9.876,  can1  206  [16]  BF 0C CD 09 B3 0C 69 E5 00 0A D7 0C C3 0C 00 00
2025-08-10T00:50:07.260986,9.876,  can1  206  [16]  B7 0C CB 09 AF 0C FA E4 04 0A D7 0C CB 0C 00 00
2025-08-10T00:50:07.260986,9.876,  can1  204  [04]  4F 62 01 00
2025-08-10T00:50:07.589394,10.205,  can1  206  [16]  C7 0C CD 09 AF 0C F4 E3 04 0A D7 0C BB 0C 00 00
2025-08-10T00:50:07.591914,10.207,  can1  206  [16]  C7 0C CB 09 B3 0C 69 E5 02 0A CF 0C BB 0C 00 00
2025-08-10T00:50:07.931726,10.547,  can1  206  [16]  C7 0C D0 09 AF 0C 69 E5 02 0A D3 0C BB 0C 00 00
2025-08-10T00:50:07.931726,10.547,  can1  206  [16]  C3 0C CB 09 B3 0C 69 E5 07 0A DB 0C BB 0C 00 00
2025-08-10T00:50:07.931726,10.547,  can1  206  [16]  AF 0C D0 09 BF 0C F4 E3 04 0A D7 0C C3 0C 00 00
2025-08-10T00:50:08.257396,10.873,  can1  206  [16]  CB 0C CD 09 AB 0C 69 E5 07 0A DB 0C BB 0C 00 00
2025-08-10T00:50:08.257396,10.873,  can1  206  [16]  BF 0C CB 09 B3 0C 69 E5 00 0A DB 0C BF 0C 00 00
2025-08-10T00:50:08.257396,10.873,  can1  204  [04]  4F 62 01 00
2025-08-10T00:50:08.592536,11.208,  can1  206  [16]  C7 0C D2 09 AB 0C 69 E5 00 0A DF 0C BB 0C 00 00
2025-08-10T00:50:08.592536,11.211,  can1  206  [16]  BF 0C CD 09 B3 0C FA E4 04 0A D3 0C C3 0C 00 00
2025-08-10T00:50:08.910817,11.526,  can1  206  [16]  C3 0C CB 09 A7 0C 7E E4 04 0A DF 0C BF 0C 00 00
2025-08-10T00:50:08.910817,11.526,  can1  206  [16]  C3 0C D2 09 B3 0C FA E4 00 0A D3 0C BB 0C 00 00
2025-08-10T00:50:08.913843,11.529,  can1  206  [16]  D3 0C D8 09 AB 0C D0 E5 04 0A D7 0C B3 0C 00 00
2025-08-10T00:50:09.256488,11.872,  can1  206  [16]  CB 0C CB 09 AB 0C 69 E5 04 0A DB 0C BB 0C 00 00
2025-08-10T00:50:09.256488,11.872,  can1  206  [16]  CF 0C CD 09 8B 0C 2E E6 07 0A F8 0C BB 0C 00 00
2025-08-10T00:50:09.256488,11.872,  can1  204  [04]  4F 62 01 00
2025-08-10T00:50:09.578200,12.194,  can1  206  [16]  C7 0C CD 09 BB 0C 69 E5 00 0A CB 0C BB 0C 00 00
2025-08-10T00:50:09.579712,12.195,  can1  206  [16]  C3 0C CD 09 AF 0C FA E4 02 0A D3 0C BF 0C 00 00
2025-08-10T00:50:09.579712,12.195,  can1  206  [16]  E4 0C CB 09 97 0C 69 E5 04 0A DB 0C B7 0C 00 00
2025-08-10T00:50:09.892354,12.508,  can1  206  [16]  C7 0C CB 09 A7 0C 2E E6 04 0A DB 0C BF 0C 00 00
2025-08-10T00:50:09.895640,12.511,  can1  206  [16]  BF 0C CB 09 B3 0C 69 E5 04 0A CF 0C BF 0C 00 00
2025-08-10T00:50:10.227988,12.844,  can1  206  [16]  CF 0C CD 09 AF 0C FA E4 07 0A D3 0C B3 0C 00 00
2025-08-10T00:50:10.227988,12.846,  can1  206  [16]  BF 0C C7 09 B3 0C D0 E5 00 0A CF 0C BF 0C 00 00
2025-08-10T00:50:10.230002,12.846,  can1  204  [04]  4F 62 01 00
2025-08-10T00:50:10.230002,12.846,  can1  206  [16]  CB 0C CD 09 B3 0C FA E4 04 0A 0C 0D B3 0C 00 00
2025-08-10T00:50:10.557633,13.173,  can1  206  [16]  C3 0C CD 09 AF 0C FA E4 02 0A DB 0C BB 0C 00 00
2025-08-10T00:50:10.582950,13.199,  can1  206  [16]  C3 0C CD 09 B3 0C FA E4 02 0A DB 0C BB 0C 00 00
2025-08-10T00:50:10.894839,13.510,  can1  206  [16]  CB 0C C9 09 A7 0C D0 E5 07 0A DB 0C B7 0C 00 00
2025-08-10T00:50:10.894839,13.510,  can1  206  [16]  C3 0C D2 09 AF 0C D0 E5 00 0A D3 0C BF 0C 00 00
2025-08-10T00:50:11.207438,13.823,  can1  206  [16]  C7 0C C9 09 AF 0C FA E4 04 0A D7 0C BB 0C 00 00
2025-08-10T00:50:11.209448,13.825,  can1  206  [16]  CB 0C CB 09 AB 0C 57 E3 04 0A D7 0C BB 0C 00 00
2025-08-10T00:50:11.209448,13.825,  can1  206  [16]  BB 0C CB 09 AF 0C FA E4 04 0A DF 0C C7 0C 00 00
2025-08-10T00:50:11.542206,14.158,  can1  204  [04]  4F 62 01 00
2025-08-10T00:50:11.549078,14.165,  can1  206  [16]  E4 0C CB 09 BB 0C 69 E5 02 0A CF 0C 9F 0C 00 00
2025-08-10T00:50:11.549078,14.165,  can1  206  [16]  BF 0C C9 09 B3 0C FA E4 04 0A D3 0C BF 0C 00 00
2025-08-10T00:50:11.882589,14.498,  can1  206  [16]  BF 0C CB 09 AB 0C FA E4 04 0A DB 0C C3 0C 00 00
2025-08-10T00:50:11.882589,14.498,  can1  206  [16]  C7 0C CB 09 A7 0C 69 E5 00 0A DF 0C BF 0C 00 00
2025-08-10T00:50:12.191490,14.807,  can1  206  [16]  CB 0C CD 09 AB 0C 69 E5 04 0A D7 0C BB 0C 00 00
2025-08-10T00:50:12.191490,14.807,  can1  206  [16]  BF 0C CD 09 AF 0C D0 E5 02 0A D7 0C C3 0C 00 00
2025-08-10T00:50:12.196318,14.812,  can1  206  [16]  BF 0C D2 09 AF 0C D0 E5 04 0A D7 0C BF 0C 00 00
2025-08-10T00:50:12.522969,15.138,  can1  204  [04]  4F 62 01 00
2025-08-10T00:50:12.522969,15.138,  can1  206  [16]  B7 0C CD 09 B3 0C 57 E3 00 0A D3 0C C7 0C 00 00
2025-08-10T00:50:12.527676,15.143,  can1  206  [16]  C7 0C CB 09 AB 0C F4 E3 02 0A DB 0C BB 0C 00 00
2025-08-10T00:50:12.873630,15.489,  can1  206  [16]  BB 0C C9 09 B3 0C FA E4 04 0A D7 0C C3 0C 00 00
2025-08-10T00:50:12.873630,15.489,  can1  206  [16]  BF 0C CD 09 B7 0C 69 E5 04 0A C7 0C C3 0C 00 00
2025-08-10T00:50:12.873630,15.489,  can1  206  [16]  CB 0C CB 09 AF 0C 69 E5 04 0A DB 0C B7 0C 00 00
2025-08-10T00:50:13.179226,15.795,  can1  206  [16]  C3 0C CB 09 AF 0C 69 E5 04 0A CF 0C C3 0C 00 00
2025-08-10T00:50:13.179226,15.795,  can1  206  [16]  CB 0C CB 09 AB 0C 69 E5 00 0A D7 0C BB 0C 00 00
2025-08-10T00:50:13.513265,16.129,  can1  204  [04]  4F 62 01 00
2025-08-10T00:50:13.513967,16.129,  can1  206  [16]  C7 0C CB 09 AF 0C 69 E5 FE 09 DB 0C BB 0C 00 00
2025-08-10T00:50:13.515340,16.131,  can1  206  [16]  BF 0C C9 09 AF 0C 24 E7 04 0A E4 0C BF 0C 00 00
2025-08-10T00:50:13.845228,16.461,  can1  206  [16]  CB 0C C9 09 A3 0C D0 E5 04 0A DB 0C BF 0C 00 00
2025-08-10T00:50:13.845228,16.461,  can1  206  [16]  C7 0C CB 09 AB 0C 69 E5 04 0A D7 0C BB 0C 00 00
2025-08-10T00:50:13.845228,16.461,  can1  206  [16]  B7 0C C9 09 AF 0C 85 E6 0D 0A D7 0C C7 0C 00 00
2025-08-10T00:50:14.162406,16.778,  can1  206  [16]  C3 0C C7 09 AF 0C 69 E5 00 0A D7 0C BB 0C 00 00
2025-08-10T00:50:14.162406,16.778,  can1  206  [16]  C3 0C CD 09 AF 0C 69 E5 02 0A EC 0C BF 0C 00 00
2025-08-10T00:50:14.516419,17.132,  can1  204  [04]  4F 62 01 00
2025-08-10T00:50:14.516419,17.132,  can1  206  [16]  C3 0C C9 09 AF 0C 69 E5 00 0A DB 0C BB 0C 00 00
2025-08-10T00:50:14.516419,17.132,  can1  206  [16]  BF 0C D0 09 B3 0C 2E E6 04 0A D3 0C BF 0C 00 00
2025-08-10T00:50:14.516419,17.132,  can1  206  [16]  C7 0C CD 09 AB 0C 69 E5 07 0A DF 0C BF 0C 00 00
2025-08-10T00:50:14.829092,17.445,  can1  206  [16]  BB 0C C7 09 B3 0C D0 E5 02 0A D3 0C C3 0C 00 00
2025-08-10T00:50:14.833109,17.449,  can1  206  [16]  CB 0C CB 09 A7 0C F4 E3 04 0A DB 0C BB 0C 00 00
2025-08-10T00:50:15.162200,17.778,  can1  206  [16]  C7 0C CD 09 A7 0C 69 E5 04 0A D7 0C BF 0C 00 00
2025-08-10T00:50:15.168226,17.784,  can1  206  [16]  BF 0C CB 09 B3 0C D0 E5 02 0A D3 0C BF 0C 00 00
2025-08-10T00:50:15.168226,17.784,  can1  206  [16]  C3 0C D2 09 B3 0C 69 E5 00 0A CF 0C BF 0C 00 00
2025-08-10T00:50:15.496993,18.113,  can1  204  [04]  4F 62 01 00
2025-08-10T00:50:15.496993,18.113,  can1  206  [16]  C7 0C CB 09 A7 0C 69 E5 04 0A DB 0C BF 0C 00 00
2025-08-10T00:50:15.499026,18.115,  can1  206  [16]  CB 0C CB 09 AB 0C D0 E5 02 0A DB 0C B7 0C 00 00
2025-08-10T00:50:15.827283,18.443,  can1  206  [16]  C3 0C CD 09 AF 0C D0 E5 07 0A D3 0C BB 0C 00 00
2025-08-10T00:50:15.827283,18.443,  can1  206  [16]  DF 0C CD 09 8F 0C FA E4 04 0A D7 0C BF 0C 00 00
2025-08-10T00:50:16.161264,18.777,  can1  206  [16]  C7 0C B5 09 AB 0C FA E4 02 0A D7 0C BF 0C 00 00
2025-08-10T00:50:16.183359,18.799,  can1  206  [16]  C3 0C D0 09 B3 0C 85 E6 04 0A D3 0C BB 0C 00 00
2025-08-10T00:50:16.183359,18.799,  can1  206  [16]  CF 0C D2 09 B7 0C 69 E5 07 0A D3 0C AF 0C 00 00
2025-08-10T00:50:16.474557,19.090,  can1  204  [04]  4F 62 01 00
2025-08-10T00:50:16.474557,19.090,  can1  206  [16]  C3 0C C7 09 AF 0C FA E4 04 0A D7 0C C3 0C 00 00
2025-08-10T00:50:16.474557,19.090,  can1  206  [16]  BF 0C C9 09 AF 0C FA E4 04 0A DF 0C BF 0C 00 00
2025-08-10T00:50:16.808334,19.424,  can1  206  [16]  C3 0C C7 09 AB 0C 69 E5 02 0A D3 0C C3 0C 00 00
2025-08-10T00:50:16.808334,19.424,  can1  206  [16]  C7 0C D0 09 B7 0C FA E4 04 0A D7 0C B7 0C 00 00
2025-08-10T00:50:17.142526,19.758,  can1  206  [16]  BB 0C C9 09 B7 0C 69 E5 04 0A DB 0C BF 0C 00 00
2025-08-10T00:50:17.142526,19.758,  can1  206  [16]  BF 0C C9 09 AF 0C FA E4 09 0A DF 0C BF 0C 00 00
2025-08-10T00:50:17.142526,19.758,  can1  206  [16]  C7 0C CD 09 B3 0C 69 E5 02 0A D7 0C BB 0C 00 00
2025-08-10T00:50:17.470598,20.086,  can1  204  [04]  4F 62 01 00
2025-08-10T00:50:17.481409,20.097,  can1  206  [16]  C3 0C BE 09 AB 0C 69 E5 04 0A D7 0C BF 0C 00 00
2025-08-10T00:50:17.481409,20.097,  can1  206  [16]  BB 0C CB 09 AF 0C 69 E5 02 0A DB 0C C7 0C 00 00
2025-08-10T00:50:17.803975,20.419,  can1  206  [16]  CF 0C CB 09 A7 0C 69 E5 00 0A D7 0C B7 0C 00 00
2025-08-10T00:50:17.805990,20.422,  can1  206  [16]  C7 0C CD 09 AF 0C F4 E3 04 0A CB 0C BB 0C 00 00
2025-08-10T00:50:17.805990,20.422,  can1  206  [16]  BF 0C CD 09 B3 0C D0 E5 02 0A D7 0C BF 0C 00 00
2025-08-10T00:50:18.137663,20.753,  can1  206  [16]  CB 0C CB 09 AF 0C D0 E5 07 0A DB 0C B3 0C 00 00
2025-08-10T00:50:18.137663,20.753,  can1  206  [16]  BF 0C CD 09 B7 0C 2E E6 07 0A D7 0C BB 0C 00 00
2025-08-10T00:50:18.466901,21.082,  can1  206  [16]  BF 0C CD 09 AF 0C D0 E5 02 0A D7 0C BF 0C 00 00
2025-08-10T00:50:18.466901,21.082,  can1  204  [04]  4F 62 01 00
2025-08-10T00:50:18.466901,21.082,  can1  206  [16]  C7 0C C0 09 A7 0C 2F E8 04 0A DF 0C BB 0C 00 00
2025-08-10T00:50:18.466901,21.082,  can1  206  [16]  B7 0C CB 09 B7 0C D0 E5 07 0A DB 0C C3 0C 00 00
2025-08-10T00:50:18.785433,21.401,  can1  206  [16]  C3 0C CD 09 AB 0C 69 E5 00 0A DB 0C BF 0C 00 00
2025-08-10T00:50:18.788607,21.404,  can1  206  [16]  BF 0C C5 09 B3 0C D7 E6 04 0A E4 0C C3 0C 00 00
2025-08-10T00:50:19.116781,21.732,  can1  206  [16]  C3 0C D0 09 B7 0C FA E4 04 0A D7 0C BB 0C 00 00
2025-08-10T00:50:19.116781,21.732,  can1  206  [16]  BB 0C C9 09 AF 0C 69 E5 04 0A DF 0C C3 0C 00 00
2025-08-10T00:50:19.456274,22.072,  can1  206  [16]  C3 0C CD 09 B7 0C 69 E5 07 0A D7 0C BB 0C 00 00
2025-08-10T00:50:19.456274,22.072,  can1  204  [04]  4F 62 01 00
2025-08-10T00:50:19.456274,22.072,  can1  206  [16]  BB 0C CB 09 B3 0C FA E4 00 0A D7 0C C3 0C 00 00
2025-08-10T00:50:19.456274,22.072,  can1  206  [16]  C3 0C CB 09 B3 0C 85 E6 02 0A D7 0C BB 0C 00 00
2025-08-10T00:50:19.785314,22.401,  can1  206  [16]  BF 0C C9 09 B3 0C FA E4 04 0A D3 0C BF 0C 00 00
2025-08-10T00:50:19.785314,22.401,  can1  206  [16]  C3 0C CB 09 AF 0C 69 E5 09 0A D3 0C BF 0C 00 00
2025-08-10T00:50:20.140485,22.756,  can1  206  [16]  C7 0C CD 09 B3 0C 69 E5 02 0A D7 0C BB 0C 00 00
2025-08-10T00:50:20.147812,22.763,  can1  206  [16]  CB 0C CB 09 AB 0C 69 E5 FE 09 D3 0C BB 0C 00 00
2025-08-10T00:50:20.147812,22.763,  can1  206  [16]  C3 0C D0 09 B7 0C 69 E5 04 0A D3 0C BB 0C 00 00
2025-08-10T00:50:20.560747,23.176,  can1  204  [04]  4F 62 01 00
2025-08-10T00:50:20.560747,23.176,  can1  206  [16]  BF 0C CB 09 C3 0C D0 E5 04 0A C3 0C C3 0C 00 00
2025-08-10T00:50:20.568455,23.184,  can1  206  [16]  C7 0C CB 09 AB 0C 69 E5 00 0A DB 0C BF 0C 00 00
2025-08-10T00:50:20.568455,23.184,  can1  206  [16]  BF 0C CB 09 BB 0C 69 E5 07 0A D3 0C BF 0C 00 00
2025-08-10T00:50:20.893738,23.509,  can1  206  [16]  CF 0C C9 09 A3 0C FA E4 02 0A D7 0C BB 0C 00 00
2025-08-10T00:50:20.893738,23.509,  can1  206  [16]  CB 0C CD 09 AB 0C 69 E5 00 0A D7 0C BB 0C 00 00
2025-08-10T00:50:21.221176,23.837,  can1  206  [16]  C7 0C C7 09 A7 0C 69 E5 00 0A D3 0C BF 0C 00 00
2025-08-10T00:50:21.221176,23.837,  can1  206  [16]  C3 0C CD 09 AF 0C FA E4 00 0A D7 0C BF 0C 00 00
2025-08-10T00:50:21.224319,23.840,  can1  204  [04]  4F 62 01 00
2025-08-10T00:50:21.227545,23.843,  can1  206  [16]  C3 0C CD 09 B7 0C 69 E5 04 0A BF 0C BB 0C 00 00
2025-08-10T00:50:21.555670,24.171,  can1  206  [16]  C3 0C CD 09 AB 0C D0 E5 02 0A D7 0C BF 0C 00 00
2025-08-10T00:50:21.555670,24.171,  can1  206  [16]  BB 0C CD 09 B7 0C D0 E5 04 0A DB 0C BB 0C 00 00
2025-08-10T00:50:21.883587,24.499,  can1  206  [16]  C3 0C C0 09 B7 0C 69 E5 04 0A D3 0C BB 0C 00 00
2025-08-10T00:50:21.883587,24.499,  can1  206  [16]  CB 0C CD 09 AB 0C FA E4 04 0A CB 0C B7 0C 00 00
2025-08-10T00:50:22.216266,24.832,  can1  206  [16]  C7 0C CB 09 AF 0C 69 E5 09 0A D7 0C B7 0C 00 00
2025-08-10T00:50:22.216266,24.832,  can1  206  [16]  C7 0C CD 09 AF 0C 69 E5 07 0A D7 0C BB 0C 00 00
2025-08-10T00:50:22.216266,24.832,  can1  206  [16]  CB 0C CB 09 7F 0C 69 E5 02 0A 08 0D B7 0C 00 00
2025-08-10T00:50:22.221592,24.837,  can1  204  [04]  4F 62 01 00
2025-08-10T00:50:22.535243,25.151,  can1  206  [16]  C3 0C CD 09 AF 0C F4 E3 04 0A D3 0C BF 0C 00 00
2025-08-10T00:50:22.535243,25.151,  can1  206  [16]  BB 0C D0 09 B7 0C D0 E5 00 0A D3 0C BF 0C 00 00
2025-08-10T00:50:22.864885,25.480,  can1  206  [16]  C3 0C CD 09 A7 0C 69 E5 04 0A D7 0C C3 0C 00 00
2025-08-10T00:50:22.864885,25.480,  can1  206  [16]  C3 0C C9 09 A7 0C 69 E5 00 0A EC 0C BB 0C 00 00
2025-08-10T00:50:22.864885,25.480,  can1  206  [16]  B7 0C CB 09 B3 0C 69 E5 07 0A D3 0C C3 0C 00 00
2025-08-10T00:50:23.198754,25.814,  can1  206  [16]  C3 0C D0 09 B3 0C D0 E5 02 0A C7 0C BB 0C 00 00
2025-08-10T00:50:23.199766,25.815,  can1  206  [16]  BB 0C C9 09 AF 0C D0 E5 04 0A D7 0C C3 0C 00 00
2025-08-10T00:50:23.199766,25.815,  can1  204  [04]  4F 62 01 00
2025-08-10T00:50:23.533921,26.149,  can1  206  [16]  B7 0C CB 09 B7 0C FA E4 00 0A DB 0C BF 0C 00 00
2025-08-10T00:50:23.533921,26.149,  can1  206  [16]  BF 0C CD 09 A7 0C FA E4 04 0A D3 0C C7 0C 00 00
2025-08-10T00:50:23.846296,26.462,  can1  206  [16]  C3 0C CB 09 AF 0C 69 E5 00 0A DB 0C BB 0C 00 00
2025-08-10T00:50:23.846296,26.462,  can1  206  [16]  BB 0C C9 09 AF 0C 69 E5 07 0A D7 0C C3 0C 00 00
2025-08-10T00:50:23.846296,26.462,  can1  206  [16]  CB 0C CB 09 A7 0C FA E4 02 0A EC 0C BB 0C 00 00
2025-08-10T00:50:24.185630,26.801,  can1  206  [16]  C3 0C C5 09 AF 0C D0 E5 00 0A D3 0C BB 0C 00 00
2025-08-10T00:50:24.207160,26.823,  can1  206  [16]  B3 0C CB 09 BB 0C FA E4 07 0A D7 0C C3 0C 00 00
2025-08-10T00:50:24.207160,26.823,  can1  204  [04]  4F 62 01 00
2025-08-10T00:50:24.510782,27.126,  can1  206  [16]  B3 0C CB 09 BB 0C 69 E5 04 0A D7 0C C3 0C 00 00
2025-08-10T00:50:24.512791,27.128,  can1  206  [16]  BF 0C C9 09 B7 0C 2E E6 09 0A D3 0C BF 0C 00 00
2025-08-10T00:50:24.512791,27.128,  can1  206  [16]  CB 0C CB 09 AB 0C 69 E5 02 0A D3 0C BB 0C 00 00
2025-08-10T00:50:24.831906,27.447,  can1  206  [16]  CB 0C CB 09 AB 0C D0 E5 02 0A D7 0C BB 0C 00 00
2025-08-10T00:50:24.837987,27.453,  can1  206  [16]  C7 0C CB 09 B3 0C 69 E5 0D 0A D3 0C BB 0C 00 00
2025-08-10T00:50:25.277322,27.893,  can1  206  [16]  BF 0C C7 09 AB 0C 69 E5 04 0A DB 0C C3 0C 00 00
2025-08-10T00:50:25.279242,27.895,  can1  206  [16]  C3 0C D4 09 AF 0C FA E4 02 0A D3 0C BF 0C 00 00
2025-08-10T00:50:25.279242,27.895,  can1  204  [04]  4F 62 01 00
2025-08-10T00:50:25.279242,27.895,  can1  206  [16]  BB 0C CB 09 B3 0C 57 E3 00 0A D7 0C C3 0C 00 00
2025-08-10T00:50:25.952054,28.568,  can1  206  [16]  CB 0C CD 09 AF 0C 69 E5 04 0A E4 0C B7 0C 00 00
2025-08-10T00:50:25.954549,28.570,  can1  206  [16]  C3 0C D0 09 B7 0C 69 E5 02 0A D3 0C BF 0C 00 00
2025-08-10T00:50:25.954549,28.570,  can1  206  [16]  C3 0C CB 09 B3 0C D0 E5 02 0A CF 0C BF 0C 00 00
2025-08-10T00:50:25.954549,28.570,  can1  206  [16]  C7 0C CD 09 AB 0C 69 E5 02 0A DB 0C BB 0C 00 00
2025-08-10T00:50:25.954549,28.570,  can1  206  [16]  B7 0C CD 09 B3 0C 2E E6 04 0A CF 0C CB 0C 00 00
2025-08-10T00:50:26.631894,29.247,  can1  206  [16]  C7 0C D6 09 A3 0C 69 E5 00 0A DF 0C BF 0C 00 00
2025-08-10T00:50:26.636811,29.252,  can1  206  [16]  C3 0C CD 09 AB 0C FA E4 FE 09 DB 0C BF 0C 00 00
2025-08-10T00:50:26.636811,29.252,  can1  204  [04]  4F 62 01 00
2025-08-10T00:50:26.636811,29.252,  can1  206  [16]  CB 0C CD 09 A3 0C 69 E5 02 0A DF 0C BB 0C 00 00
2025-08-10T00:50:26.636811,29.252,  can1  206  [16]  BF 0C CB 09 AB 0C FA E4 FE 09 DB 0C C3 0C 00 00
2025-08-10T00:50:26.645659,29.261,  can1  206  [16]  C7 0C CB 09 AB 0C F4 E3 02 0A DB 0C BB 0C 00 00
2025-08-10T00:50:27.258819,29.874,  can1  206  [16]  C7 0C C5 09 AF 0C FA E4 02 0A D7 0C BB 0C 00 00
2025-08-10T00:50:27.258819,29.874,  can1  206  [16]  C3 0C C9 09 A7 0C 2E E6 02 0A F0 0C BF 0C 00 00
2025-08-10T00:50:27.262455,29.878,  can1  206  [16]  BB 0C CD 09 B7 0C 69 E5 04 0A CF 0C C3 0C 00 00
2025-08-10T00:50:27.262455,29.878,  can1  206  [16]  C7 0C CB 09 B3 0C FA E4 02 0A CF 0C BB 0C 00 00
2025-08-10T00:50:27.264073,29.880,  can1  204  [04]  4F 62 01 00
2025-08-10T00:50:27.264073,29.880,  can1  206  [16]  BF 0C CD 09 AF 0C D0 E5 04 0A DF 0C BF 0C 00 00
2025-08-10T00:50:27.851810,30.467,  can1  206  [16]  CB 0C CB 09 9F 0C 69 E5 04 0A F0 0C BB 0C 00 00
2025-08-10T00:50:27.851810,30.467,  can1  206  [16]  CB 0C CB 09 B3 0C D0 E5 04 0A DB 0C B3 0C 00 00
2025-08-10T00:50:27.853735,30.469,  can1  206  [16]  C3 0C CB 09 B3 0C D0 E5 02 0A E4 0C BB 0C 00 00
2025-08-10T00:50:27.859651,30.475,  can1  206  [16]  C3 0C CD 09 BB 0C 7E E4 00 0A CB 0C C3 0C 00 00
2025-08-10T00:50:28.480232,31.096,  can1  206  [16]  C3 0C CB 09 AB 0C 69 E5 04 0A DB 0C C3 0C 00 00
2025-08-10T00:50:28.480232,31.096,  can1  206  [16]  C3 0C CD 09 B3 0C D0 E5 04 0A DF 0C BB 0C 00 00
2025-08-10T00:50:28.480232,31.096,  can1  204  [04]  4F 62 01 00
2025-08-10T00:50:28.486560,31.102,  can1  206  [16]  BF 0C CD 09 B3 0C FA E4 00 0A DB 0C BF 0C 00 00
2025-08-10T00:50:28.489065,31.105,  can1  206  [16]  BF 0C CB 09 B3 0C 69 E5 04 0A CF 0C BF 0C 00 00
2025-08-10T00:50:28.489065,31.105,  can1  206  [16]  C7 0C C9 09 AF 0C 69 E5 04 0A DB 0C BF 0C 00 00
2025-08-10T00:50:29.141180,31.757,  can1  206  [16]  C3 0C CB 09 B3 0C FA E4 04 0A D3 0C BF 0C 00 00
2025-08-10T00:50:29.144407,31.760,  can1  206  [16]  CB 0C C9 09 A3 0C D0 E5 04 0A E4 0C BB 0C 00 00
2025-08-10T00:50:29.144407,31.760,  can1  206  [16]  C3 0C D4 09 AF 0C 69 E5 02 0A D3 0C BF 0C 00 00
2025-08-10T00:50:29.144407,31.760,  can1  206  [16]  BB 0C CB 09 B7 0C D0 E5 02 0A D3 0C C7 0C 00 00
2025-08-10T00:50:29.144407,31.760,  can1  206  [16]  BF 0C C7 09 B3 0C 69 E5 02 0A CF 0C C3 0C 00 00
2025-08-10T00:50:29.798080,32.414,  can1  204  [04]  4F 62 01 00
2025-08-10T00:50:29.798080,32.414,  can1  206  [16]  CB 0C CB 09 AF 0C FA E4 04 0A D7 0C B7 0C 00 00
2025-08-10T00:50:29.798080,32.414,  can1  206  [16]  CB 0C CD 09 AF 0C 69 E5 07 0A D3 0C BB 0C 00 00
2025-08-10T00:50:29.798080,32.414,  can1  206  [16]  C7 0C C9 09 AF 0C 2E E6 FE 09 DF 0C B7 0C 00 00
2025-08-10T00:50:29.798080,32.414,  can1  206  [16]  CB 0C C9 09 AF 0C D0 E5 02 0A D7 0C B7 0C 00 00
2025-08-10T00:50:30.445552,33.061,  can1  206  [16]  C7 0C D2 09 AB 0C 85 E6 07 0A D7 0C BF 0C 00 00
2025-08-10T00:50:30.445552,33.061,  can1  206  [16]  C7 0C CB 09 AB 0C 69 E5 02 0A D3 0C BF 0C 00 00
2025-08-10T00:50:30.445552,33.061,  can1  206  [16]  CF 0C CB 09 AF 0C 69 E5 07 0A D7 0C B3 0C 00 00
2025-08-10T00:50:30.449186,33.065,  can1  204  [04]  4F 62 01 00
2025-08-10T00:50:30.449186,33.065,  can1  206  [16]  CB 0C CD 09 A7 0C 69 E5 04 0A DF 0C BB 0C 00 00
2025-08-10T00:50:30.449186,33.065,  can1  206  [16]  CB 0C CB 09 AB 0C D0 E5 04 0A CF 0C BB 0C 00 00
2025-08-10T00:50:31.109129,33.725,  can1  206  [16]  BB 0C CD 09 AB 0C FA E4 09 0A DB 0C C7 0C 00 00
2025-08-10T00:50:31.109129,33.725,  can1  206  [16]  C3 0C CD 09 A3 0C 69 E5 10 0A DF 0C C7 0C 00 00
2025-08-10T00:50:31.115153,33.731,  can1  206  [16]  BF 0C CB 09 9B 0C 69 E5 04 0A F4 0C BF 0C 00 00
2025-08-10T00:50:31.115153,33.731,  can1  206  [16]  D3 0C CD 09 A7 0C D0 E5 02 0A DB 0C B7 0C 00 00
2025-08-10T00:50:31.115153,33.731,  can1  206  [16]  C3 0C C9 09 AB 0C 7E E4 02 0A DB 0C BF 0C 00 00
2025-08-10T00:50:31.759028,34.375,  can1  204  [04]  4F 62 01 00
2025-08-10T00:50:31.759028,34.375,  can1  206  [16]  C7 0C CB 09 AB 0C D0 E5 02 0A DF 0C BF 0C 00 00
2025-08-10T00:50:31.764325,34.380,  can1  206  [16]  C7 0C CB 09 AF 0C D0 E5 00 0A CF 0C BB 0C 00 00
2025-08-10T00:50:31.764325,34.380,  can1  206  [16]  C3 0C CB 09 AF 0C 69 E5 00 0A DB 0C BF 0C 00 00
2025-08-10T00:50:31.764325,34.380,  can1  206  [16]  CF 0C CD 09 AF 0C 69 E5 02 0A D7 0C B7 0C 00 00
2025-08-10T00:50:31.764325,34.380,  can1  206  [16]  C7 0C CD 09 AB 0C D0 E5 04 0A D7 0C BF 0C 00 00
2025-08-10T00:50:32.426043,35.042,  can1  206  [16]  C3 0C CD 09 AF 0C D0 E5 02 0A D3 0C BF 0C 00 00
2025-08-10T00:50:32.426043,35.042,  can1  206  [16]  C7 0C C9 09 B3 0C 69 E5 04 0A D3 0C B7 0C 00 00
2025-08-10T00:50:32.426043,35.042,  can1  204  [04]  4F 62 01 00
2025-08-10T00:50:32.426043,35.042,  can1  206  [16]  C7 0C CD 09 AF 0C FA E4 02 0A D7 0C BB 0C 00 00
2025-08-10T00:50:32.426043,35.042,  can1  206  [16]  C7 0C CD 09 AF 0C 7E E4 FC 09 D7 0C B7 0C 00 00
2025-08-10T00:50:32.961306,35.577,  can1  206  [16]  C7 0C CB 09 AF 0C D0 E5 02 0A D7 0C BB 0C 00 00
2025-08-10T00:50:32.966253,35.582,  can1  206  [16]  C3 0C CB 09 B7 0C 69 E5 04 0A D7 0C B3 0C 00 00
2025-08-10T00:50:32.966253,35.582,  can1  206  [16]  BB 0C CD 09 B3 0C FA E4 02 0A CF 0C C7 0C 00 00
2025-08-10T00:50:32.967742,35.583,  can1  206  [16]  BF 0C CB 09 B7 0C D0 E5 00 0A C3 0C BB 0C 00 00
2025-08-10T00:50:33.511360,36.127,  can1  206  [16]  C7 0C CB 09 A7 0C FA E4 00 0A DB 0C BF 0C 00 00
2025-08-10T00:50:33.511360,36.127,  can1  206  [16]  C3 0C CD 09 AB 0C FA E4 10 0A DB 0C BF 0C 00 00
2025-08-10T00:50:33.511360,36.127,  can1  204  [04]  4F 62 01 00
2025-08-10T00:50:33.511360,36.127,  can1  206  [16]  BF 0C CD 09 B7 0C 2E E6 02 0A D7 0C BB 0C 00 00
2025-08-10T00:50:33.513392,36.129,  can1  206  [16]  CF 0C CD 09 AB 0C D0 E5 00 0A D3 0C B3 0C 00 00
2025-08-10T00:50:34.076306,36.692,  can1  206  [16]  C3 0C D0 09 A7 0C FA E4 04 0A DB 0C C3 0C 00 00
2025-08-10T00:50:34.076306,36.692,  can1  206  [16]  C3 0C CB 09 B3 0C 69 E5 02 0A D7 0C BB 0C 00 00
2025-08-10T00:50:34.076306,36.692,  can1  206  [16]  C3 0C C9 09 A7 0C 69 E5 07 0A DB 0C C3 0C 00 00
2025-08-10T00:50:34.076306,36.692,  can1  206  [16]  C3 0C CD 09 AF 0C F4 E3 04 0A D7 0C BF 0C 00 00
2025-08-10T00:50:34.725663,37.341,  can1  206  [16]  C7 0C CB 09 B3 0C 69 E5 00 0A CF 0C BB 0C 00 00
2025-08-10T00:50:34.725663,37.341,  can1  204  [04]  4F 62 01 00
2025-08-10T00:50:34.728473,37.344,  can1  206  [16]  C3 0C C7 09 B7 0C FA E4 04 0A CB 0C BB 0C 00 00
2025-08-10T00:50:34.728473,37.344,  can1  206  [16]  C3 0C CD 09 B3 0C FA E4 00 0A D7 0C BB 0C 00 00
2025-08-10T00:50:34.728473,37.344,  can1  206  [16]  BB 0C CB 09 AB 0C 69 E5 04 0A D7 0C C7 0C 00 00
2025-08-10T00:50:34.728473,37.344,  can1  206  [16]  EC 0C CB 09 B3 0C FA E4 09 0A D7 0C 93 0C 00 00
2025-08-10T00:50:35.376609,37.992,  can1  206  [16]  C3 0C CB 09 AB 0C 57 E3 0B 0A DB 0C BF 0C 00 00
2025-08-10T00:50:35.383084,37.999,  can1  206  [16]  C3 0C CB 09 B3 0C D0 E5 00 0A D3 0C BB 0C 00 00
2025-08-10T00:50:35.385013,38.001,  can1  206  [16]  BF 0C CD 09 AF 0C 24 E7 02 0A CB 0C C3 0C 00 00
2025-08-10T00:50:35.385013,38.001,  can1  204  [04]  4F 62 01 00
2025-08-10T00:50:35.385013,38.001,  can1  206  [16]  BF 0C D0 09 AB 0C 69 E5 02 0A DF 0C C3 0C 00 00
2025-08-10T00:50:35.385013,38.001,  can1  206  [16]  BF 0C CD 09 B3 0C 69 E5 02 0A D7 0C BF 0C 00 00
2025-08-10T00:50:35.935824,38.551,  can1  206  [16]  C3 0C D2 09 AB 0C 69 E5 FE 09 D7 0C BF 0C 00 00
2025-08-10T00:50:35.939879,38.555,  can1  206  [16]  BB 0C C9 09 B3 0C D0 E5 07 0A C7 0C C3 0C 00 00
2025-08-10T00:50:35.939879,38.555,  can1  206  [16]  C3 0C D2 09 B3 0C FA E4 00 0A D3 0C BB 0C 00 00
2025-08-10T00:50:35.939879,38.555,  can1  206  [16]  CB 0C C9 09 AF 0C 69 E5 04 0A DB 0C B3 0C 00 00
2025-08-10T00:50:36.583106,39.199,  can1  206  [16]  CB 0C CD 09 A7 0C 69 E5 02 0A DF 0C BB 0C 00 00
2025-08-10T00:50:36.583106,39.199,  can1  204  [04]  4F 62 01 00
2025-08-10T00:50:36.583106,39.199,  can1  206  [16]  BF 0C CB 09 A7 0C 69 E5 0B 0A E4 0C C3 0C 00 00
2025-08-10T00:50:36.583106,39.199,  can1  206  [16]  BF 0C CB 09 B3 0C FA E4 04 0A D7 0C BF 0C 00 00
2025-08-10T00:50:36.588471,39.204,  can1  206  [16]  B7 0C CB 09 BB 0C FA E4 04 0A D3 0C C3 0C 00 00
2025-08-10T00:50:36.588471,39.204,  can1  206  [16]  BF 0C CD 09 AF 0C FA E4 04 0A CF 0C C3 0C 00 00
2025-08-10T00:50:37.161024,39.777,  can1  206  [16]  BF 0C C9 09 AF 0C 69 E5 00 0A DB 0C C3 0C 00 00
2025-08-10T00:50:37.166201,39.782,  can1  206  [16]  C3 0C CB 09 AF 0C 69 E5 12 0A DB 0C BB 0C 00 00
2025-08-10T00:50:37.166201,39.782,  can1  206  [16]  BB 0C C9 09 B3 0C 69 E5 02 0A D7 0C C7 0C 00 00
2025-08-10T00:50:37.166201,39.782,  can1  206  [16]  CF 0C C7 09 A3 0C 69 E5 FE 09 D7 0C BB 0C 00 00
2025-08-10T00:50:37.166201,39.782,  can1  204  [04]  4F 62 01 00
2025-08-10T00:50:37.826118,40.442,  can1  206  [16]  CF 0C CD 09 AB 0C 2E E6 04 0A DB 0C B7 0C 00 00
2025-08-10T00:50:37.836127,40.452,  can1  206  [16]  B7 0C C0 09 B7 0C 69 E5 07 0A CF 0C CB 0C 00 00
2025-08-10T00:50:37.836127,40.452,  can1  206  [16]  C7 0C CB 09 AB 0C 69 E5 04 0A DB 0C BB 0C 00 00
2025-08-10T00:50:37.836127,40.452,  can1  206  [16]  C3 0C CD 09 AF 0C 7E E4 04 0A D7 0C BB 0C 00 00
2025-08-10T00:50:37.836127,40.452,  can1  206  [16]  BF 0C C7 09 AF 0C D0 E5 00 0A D7 0C BF 0C 00 00
2025-08-10T00:50:38.364587,40.980,  can1  206  [16]  C7 0C C7 09 A3 0C FA E4 04 0A E8 0C BF 0C 00 00
2025-08-10T00:50:38.367418,40.983,  can1  206  [16]  C7 0C CD 09 AB 0C FA E4 07 0A D7 0C BB 0C 00 00
2025-08-10T00:50:38.367418,40.983,  can1  204  [04]  4F 62 01 00
2025-08-10T00:50:38.367418,40.983,  can1  206  [16]  C3 0C CB 09 AF 0C 69 E5 09 0A CB 0C C3 0C 00 00
2025-08-10T00:50:38.367418,40.983,  can1  206  [16]  C3 0C C7 09 AB 0C 7E E4 02 0A DF 0C BF 0C 00 00
2025-08-10T00:50:38.921901,41.537,  can1  206  [16]  BB 0C C7 09 AF 0C 69 E5 00 0A D7 0C C3 0C 00 00
2025-08-10T00:50:38.923668,41.539,  can1  206  [16]  C3 0C CB 09 B3 0C 69 E5 04 0A DB 0C BB 0C 00 00
2025-08-10T00:50:38.923668,41.539,  can1  206  [16]  CF 0C CD 09 AB 0C D0 E5 02 0A D7 0C B7 0C 00 00
2025-08-10T00:50:38.926686,41.542,  can1  206  [16]  BF 0C C9 09 B3 0C 69 E5 FC 09 D7 0C BB 0C 00 00
2025-08-10T00:50:39.464154,42.080,  can1  206  [16]  B7 0C CD 09 BB 0C 69 E5 02 0A D7 0C C3 0C 00 00
2025-08-10T00:50:39.467081,42.083,  can1  204  [04]  4F 62 01 00
2025-08-10T00:50:39.467081,42.083,  can1  206  [16]  C7 0C CB 09 B3 0C FA E4 02 0A CF 0C BB 0C 00 00
2025-08-10T00:50:39.469100,42.085,  can1  206  [16]  C7 0C CB 09 A7 0C FA E4 04 0A DB 0C BB 0C 00 00
2025-08-10T00:50:39.469100,42.085,  can1  206  [16]  BF 0C D0 09 AF 0C D0 E5 02 0A D7 0C C3 0C 00 00
2025-08-10T00:50:40.026043,42.642,  can1  206  [16]  BF 0C C9 09 AB 0C D0 E5 02 0A DB 0C C3 0C 00 00
2025-08-10T00:50:40.027444,42.643,  can1  206  [16]  C3 0C C7 09 B3 0C B0 E7 02 0A D7 0C BB 0C 00 00
2025-08-10T00:50:40.027444,42.643,  can1  206  [16]  C7 0C CD 09 AF 0C D0 E5 04 0A D7 0C BB 0C 00 00
2025-08-10T00:50:40.027444,42.643,  can1  206  [16]  CB 0C CD 09 AB 0C FA E4 02 0A D7 0C BB 0C 00 00
2025-08-10T00:50:40.666057,43.282,  can1  204  [04]  4F 62 01 00
2025-08-10T00:50:40.666057,43.282,  can1  206  [16]  BF 0C D0 09 9B 0C D0 E5 02 0A EC 0C C3 0C 00 00
2025-08-10T00:50:40.680977,43.296,  can1  206  [16]  C3 0C CB 09 B3 0C 69 E5 02 0A D3 0C BB 0C 00 00
2025-08-10T00:50:40.685446,43.301,  can1  206  [16]  C3 0C CD 09 B3 0C 69 E5 10 0A CF 0C C3 0C 00 00
2025-08-10T00:50:40.685446,43.301,  can1  206  [16]  C3 0C CD 09 9F 0C 69 E5 04 0A E4 0C C3 0C 00 00
2025-08-10T00:50:41.217581,43.833,  can1  206  [16]  CB 0C CB 09 B3 0C D0 E5 02 0A CF 0C BB 0C 00 00
2025-08-10T00:50:41.219596,43.835,  can1  206  [16]  C3 0C CB 09 B3 0C 2E E6 02 0A D7 0C BB 0C 00 00
2025-08-10T00:50:41.227671,43.843,  can1  206  [16]  BF 0C CB 09 AB 0C FA E4 04 0A DB 0C C3 0C 00 00
2025-08-10T00:50:41.234432,43.850,  can1  206  [16]  C7 0C CD 09 AF 0C FA E4 FE 09 D3 0C BB 0C 00 00
2025-08-10T00:50:41.234432,43.850,  can1  204  [04]  4F 62 01 00
2025-08-10T00:50:41.234432,43.850,  can1  206  [16]  C3 0C C2 09 AB 0C D0 E5 00 0A DB 0C C3 0C 00 00
2025-08-10T00:50:41.756907,44.372,  can1  206  [16]  BB 0C CB 09 B3 0C D0 E5 02 0A D3 0C C3 0C 00 00
2025-08-10T00:50:41.760948,44.376,  can1  206  [16]  C7 0C CD 09 A7 0C D0 E5 04 0A DB 0C BF 0C 00 00
2025-08-10T00:50:41.760948,44.376,  can1  206  [16]  C7 0C CB 09 A7 0C D0 E5 02 0A DB 0C BF 0C 00 00
2025-08-10T00:50:42.308674,44.924,  can1  206  [16]  C7 0C CD 09 AB 0C D0 E5 04 0A D7 0C BF 0C 00 00
2025-08-10T00:50:42.308674,44.924,  can1  206  [16]  BB 0C CB 09 B7 0C 85 E6 04 0A CB 0C C3 0C 00 00
2025-08-10T00:50:42.308674,44.924,  can1  206  [16]  C3 0C C9 09 AF 0C D0 E5 02 0A D7 0C BF 0C 00 00
2025-08-10T00:50:42.314510,44.930,  can1  204  [04]  4F 62 01 00
2025-08-10T00:50:42.319145,44.935,  can1  206  [16]  C7 0C C9 09 AF 0C F4 E3 09 0A D3 0C BF 0C 00 00
2025-08-10T00:50:42.319145,44.935,  can1  206  [16]  B7 0C CB 09 B3 0C FA E4 00 0A D3 0C C7 0C 00 00
2025-08-10T00:50:42.869284,45.485,  can1  206  [16]  BF 0C D0 09 AF 0C 6C E7 02 0A CF 0C C3 0C 00 00
2025-08-10T00:50:42.871119,45.487,  can1  206  [16]  C7 0C CB 09 AF 0C 69 E5 00 0A D7 0C BF 0C 00 00
2025-08-10T00:50:42.871119,45.487,  can1  206  [16]  C7 0C CD 09 B7 0C 69 E5 04 0A CF 0C BB 0C 00 00
2025-08-10T00:50:42.871119,45.487,  can1  206  [16]  C3 0C CB 09 BB 0C 69 E5 04 0A DF 0C B3 0C 00 00
2025-08-10T00:50:43.405235,46.021,  can1  206  [16]  BF 0C CD 09 AB 0C FA E4 02 0A DB 0C C7 0C 00 00
2025-08-10T00:50:43.405235,46.021,  can1  204  [04]  4F 62 01 00
2025-08-10T00:50:43.405235,46.021,  can1  206  [16]  C7 0C CB 09 AB 0C D0 E5 02 0A DB 0C BB 0C 00 00
2025-08-10T00:50:43.409792,46.025,  can1  206  [16]  C3 0C CB 09 B3 0C 69 E5 02 0A C7 0C BB 0C 00 00
2025-08-10T00:50:43.409792,46.025,  can1  206  [16]  CB 0C CB 09 9F 0C 69 E5 04 0A E8 0C BF 0C 00 00
2025-08-10T00:50:44.060469,46.676,  can1  206  [16]  C7 0C D0 09 B3 0C 69 E5 07 0A DF 0C B7 0C 00 00
2025-08-10T00:50:44.068965,46.684,  can1  206  [16]  CB 0C CB 09 AB 0C 69 E5 00 0A CF 0C BB 0C 00 00
2025-08-10T00:50:44.070168,46.686,  can1  206  [16]  C3 0C CD 09 B3 0C 69 E5 07 0A D3 0C BF 0C 00 00
2025-08-10T00:50:44.070168,46.686,  can1  206  [16]  BF 0C CD 09 B3 0C D7 E6 04 0A D3 0C C3 0C 00 00
2025-08-10T00:50:44.605319,47.221,  can1  206  [16]  BF 0C C7 09 AF 0C D0 E5 02 0A DB 0C BF 0C 00 00
2025-08-10T00:50:44.605319,47.221,  can1  204  [04]  4F 62 01 00
2025-08-10T00:50:44.605319,47.221,  can1  206  [16]  C7 0C CD 09 AB 0C 2E E6 0B 0A DB 0C BB 0C 00 00
2025-08-10T00:50:44.609406,47.225,  can1  206  [16]  CB 0C CB 09 AB 0C D0 E5 04 0A DB 0C BB 0C 00 00
2025-08-10T00:50:44.609406,47.225,  can1  206  [16]  C7 0C C9 09 AB 0C 69 E5 F9 09 DF 0C BF 0C 00 00
2025-08-10T00:50:45.166965,47.782,  can1  206  [16]  C7 0C CD 09 AB 0C D7 E6 07 0A DB 0C BF 0C 00 00
2025-08-10T00:50:45.166965,47.782,  can1  206  [16]  D7 0C CB 09 A7 0C FA E4 07 0A DB 0C AF 0C 00 00
2025-08-10T00:50:45.166965,47.782,  can1  206  [16]  CB 0C D2 09 AB 0C FA E4 02 0A DB 0C B7 0C 00 00
2025-08-10T00:50:45.166965,47.782,  can1  206  [16]  C3 0C CB 09 AF 0C 69 E5 00 0A D3 0C BF 0C 00 00
2025-08-10T00:50:45.166965,47.782,  can1  204  [04]  4F 62 01 00
2025-08-10T00:50:45.712606,48.328,  can1  206  [16]  AF 0C CD 09 B7 0C 69 E5 07 0A D7 0C CB 0C 00 00
2025-08-10T00:50:45.714620,48.330,  can1  206  [16]  BF 0C C9 09 B3 0C FA E4 04 0A CF 0C BF 0C 00 00
2025-08-10T00:50:45.714620,48.330,  can1  206  [16]  BF 0C C7 09 B7 0C 69 E5 07 0A CF 0C BF 0C 00 00
2025-08-10T00:50:45.714620,48.330,  can1  206  [16]  BB 0C C9 09 B7 0C 69 E5 02 0A D3 0C BF 0C 00 00
2025-08-10T00:50:46.257433,48.873,  can1  206  [16]  C3 0C C7 09 AF 0C 69 E5 04 0A DB 0C BB 0C 00 00
2025-08-10T00:50:46.257433,48.873,  can1  206  [16]  CF 0C CD 09 AF 0C 69 E5 04 0A D3 0C B3 0C 00 00
2025-08-10T00:50:46.257433,48.873,  can1  206  [16]  BB 0C CB 09 BB 0C 69 E5 02 0A D7 0C BB 0C 00 00
2025-08-10T00:50:46.257433,48.873,  can1  204  [04]  4F 62 01 00
2025-08-10T00:50:46.257433,48.873,  can1  206  [16]  C3 0C CB 09 AF 0C 99 C6 04 0A D3 0C BF 0C 00 00
2025-08-10T00:50:46.806584,49.422,  can1  206  [16]  D3 0C D0 09 A7 0C 69 E5 02 0A DF 0C B3 0C 00 00
2025-08-10T00:50:46.806584,49.422,  can1  206  [16]  C7 0C CD 09 AF 0C 69 E5 02 0A DF 0C BB 0C 00 00
2025-08-10T00:50:46.806584,49.422,  can1  206  [16]  C7 0C CD 09 AF 0C 7E E4 04 0A D7 0C BB 0C 00 00
2025-08-10T00:50:46.810685,49.426,  can1  206  [16]  CB 0C CB 09 AB 0C 69 E5 02 0A CF 0C BB 0C 00 00
2025-08-10T00:50:47.365059,49.981,  can1  206  [16]  C7 0C CD 09 AF 0C D0 E5 00 0A D3 0C BB 0C 00 00
2025-08-10T00:50:47.387686,50.003,  can1  206  [16]  BB 0C D4 09 AB 0C 69 E5 02 0A DB 0C CB 0C 00 00
2025-08-10T00:50:47.387686,50.003,  can1  204  [04]  4F 62 01 00
2025-08-10T00:50:47.387686,50.003,  can1  206  [16]  BF 0C CB 09 AB 0C 69 E5 02 0A DF 0C C3 0C 00 00
2025-08-10T00:50:47.387686,50.003,  can1  206  [16]  C3 0C CD 09 A7 0C FA E4 00 0A DF 0C BF 0C 00 00
2025-08-10T00:50:47.921330,50.537,  can1  206  [16]  C3 0C CB 09 B3 0C FA E4 02 0A D7 0C BB 0C 00 00
2025-08-10T00:50:47.921330,50.537,  can1  206  [16]  CF 0C C5 09 A7 0C 69 E5 04 0A D7 0C B7 0C 00 00
2025-08-10T00:50:47.923346,50.539,  can1  206  [16]  BB 0C D0 09 B3 0C 69 E5 02 0A DB 0C C3 0C 00 00
2025-08-10T00:50:47.923346,50.539,  can1  206  [16]  C7 0C C9 09 AB 0C D0 E5 07 0A E4 0C BB 0C 00 00
2025-08-10T00:50:48.459328,51.075,  can1  206  [16]  C3 0C C9 09 AF 0C 69 E5 04 0A D3 0C BF 0C 00 00
2025-08-10T00:50:48.459328,51.075,  can1  206  [16]  C7 0C CD 09 A3 0C 69 E5 04 0A D7 0C BF 0C 00 00
2025-08-10T00:50:48.462359,51.078,  can1  204  [04]  4F 62 01 00
2025-08-10T00:50:48.466431,51.082,  can1  206  [16]  C7 0C CD 09 AB 0C 69 E5 00 0A DF 0C BB 0C 00 00
2025-08-10T00:50:48.471605,51.087,  can1  206  [16]  C3 0C CB 09 A7 0C 69 E5 04 0A DF 0C C3 0C 00 00
2025-08-10T00:50:49.028932,51.644,  can1  206  [16]  C7 0C C7 09 9F 0C FA E4 FE 09 DF 0C C3 0C 00 00
2025-08-10T00:50:49.028932,51.644,  can1  206  [16]  C3 0C CB 09 B3 0C FA E4 04 0A D3 0C BF 0C 00 00
2025-08-10T00:50:49.028932,51.644,  can1  206  [16]  C7 0C CD 09 A7 0C FA E4 09 0A E8 0C BB 0C 00 00
2025-08-10T00:50:49.028932,51.644,  can1  206  [16]  BF 0C CB 09 AF 0C D0 E5 00 0A DB 0C BF 0C 00 00
2025-08-10T00:50:49.562621,52.178,  can1  206  [16]  BF 0C CD 09 B3 0C 69 E5 04 0A D7 0C BF 0C 00 00
2025-08-10T00:50:49.562621,52.178,  can1  204  [04]  4F 62 01 00
2025-08-10T00:50:49.562621,52.178,  can1  206  [16]  B7 0C CD 09 B3 0C 7E E4 02 0A D7 0C C3 0C 00 00
2025-08-10T00:50:49.562621,52.178,  can1  206  [16]  C3 0C CB 09 AB 0C F4 E3 02 0A E4 0C BF 0C 00 00
2025-08-10T00:50:49.562621,52.178,  can1  206  [16]  CB 0C CB 09 AB 0C 69 E5 02 0A DB 0C BB 0C 00 00
2025-08-10T00:50:50.097396,52.713,  can1  206  [16]  CF 0C CD 09 AF 0C FA E4 00 0A CF 0C BB 0C 00 00
2025-08-10T00:50:50.109195,52.725,  can1  206  [16]  9F 0C D0 09 B3 0C 69 E5 00 0A D7 0C DF 0C 00 00
2025-08-10T00:50:50.109195,52.725,  can1  206  [16]  C7 0C C9 09 9F 0C 69 E5 00 0A EC 0C BB 0C 00 00
2025-08-10T00:50:50.109195,52.725,  can1  206  [16]  BF 0C CD 09 AF 0C 69 E5 FE 09 D3 0C BF 0C 00 00
2025-08-10T00:50:50.109195,52.725,  can1  204  [04]  4F 62 01 00
2025-08-10T00:50:50.668776,53.284,  can1  206  [16]  C3 0C D0 09 B3 0C 69 E5 02 0A D3 0C BF 0C 00 00
2025-08-10T00:50:50.668776,53.284,  can1  206  [16]  CB 0C C9 09 AF 0C FA E4 02 0A D7 0C BB 0C 00 00
2025-08-10T00:50:50.668776,53.284,  can1  206  [16]  CB 0C CB 09 AB 0C FA E4 00 0A DB 0C BB 0C 00 00
2025-08-10T00:50:50.668776,53.284,  can1  206  [16]  CB 0C CB 09 A7 0C 69 E5 00 0A DF 0C BB 0C 00 00
2025-08-10T00:50:50.668776,53.284,  can1  206  [16]  97 0C C9 09 A3 0C 2E E6 09 0A DB 0C F4 0C 00 00
2025-08-10T00:50:51.222549,53.838,  can1  206  [16]  BB 0C C9 09 B7 0C D0 E5 07 0A CF 0C C3 0C 00 00
2025-08-10T00:50:51.222549,53.838,  can1  206  [16]  CB 0C CD 09 AB 0C 69 E5 07 0A DB 0C BB 0C 00 00
2025-08-10T00:50:51.227178,53.843,  can1  204  [04]  4F 62 01 00
2025-08-10T00:50:51.227178,53.843,  can1  206  [16]  BF 0C CB 09 AF 0C 7E E4 04 0A D7 0C BF 0C 00 00
2025-08-10T00:50:51.779700,54.395,  can1  206  [16]  BF 0C CD 09 BF 0C FA E4 04 0A CB 0C B7 0C 00 00
2025-08-10T00:50:51.779700,54.395,  can1  206  [16]  C7 0C CD 09 B3 0C 69 E5 04 0A D7 0C BB 0C 00 00
2025-08-10T00:50:51.779700,54.395,  can1  206  [16]  CB 0C D4 09 A7 0C 69 E5 07 0A DF 0C BB 0C 00 00
2025-08-10T00:50:51.779700,54.395,  can1  206  [16]  CB 0C C9 09 B3 0C 69 E5 07 0A D7 0C B7 0C 00 00
2025-08-10T00:50:51.779700,54.395,  can1  206  [16]  BF 0C C9 09 AF 0C D0 E5 02 0A DB 0C BF 0C 00 00
2025-08-10T00:50:52.328670,54.944,  can1  206  [16]  C7 0C C7 09 AF 0C D7 E6 04 0A D7 0C BB 0C 00 00
2025-08-10T00:50:52.328670,54.944,  can1  206  [16]  BF 0C CD 09 B7 0C 69 E5 07 0A D3 0C BB 0C 00 00
2025-08-10T00:50:52.328670,54.944,  can1  204  [04]  4F 62 01 00
2025-08-10T00:50:52.328670,54.944,  can1  206  [16]  C3 0C CB 09 AF 0C 57 E3 04 0A D7 0C BB 0C 00 00
2025-08-10T00:50:52.328670,54.944,  can1  206  [16]  C7 0C CB 09 AF 0C FA E4 04 0A D7 0C BB 0C 00 00
2025-08-10T00:50:52.874322,55.490,  can1  206  [16]  BF 0C CB 09 B7 0C FA E4 02 0A CF 0C BF 0C 00 00
2025-08-10T00:50:52.874322,55.490,  can1  206  [16]  BB 0C C9 09 AF 0C 2E E6 04 0A EC 0C C3 0C 00 00
2025-08-10T00:50:52.874322,55.490,  can1  206  [16]  C3 0C CD 09 AB 0C 69 E5 04 0A D7 0C C3 0C 00 00
2025-08-10T00:50:52.874322,55.490,  can1  206  [16]  C3 0C C9 09 AB 0C 69 E5 02 0A D3 0C C3 0C 00 00
2025-08-10T00:50:53.408120,56.024,  can1  206  [16]  CB 0C D8 09 AB 0C 69 E5 02 0A D7 0C BB 0C 00 00
2025-08-10T00:50:53.408120,56.024,  can1  204  [04]  4F 62 01 00
2025-08-10T00:50:53.408120,56.024,  can1  206  [16]  BB 0C CD 09 AF 0C 69 E5 04 0A CF 0C C7 0C 00 00
2025-08-10T00:50:53.408120,56.030,  can1  206  [16]  D3 0C CB 09 B7 0C FA E4 07 0A D3 0C AB 0C 00 00
2025-08-10T00:50:53.960903,56.576,  can1  206  [16]  BB 0C CD 09 BB 0C FA E4 04 0A DB 0C BB 0C 00 00
2025-08-10T00:50:53.960903,56.576,  can1  206  [16]  C7 0C CB 09 AF 0C D0 E5 02 0A D3 0C BB 0C 00 00
2025-08-10T00:50:53.960903,56.576,  can1  206  [16]  C7 0C D0 09 B3 0C 69 E5 02 0A D7 0C B7 0C 00 00
2025-08-10T00:50:53.960903,56.576,  can1  206  [16]  C3 0C CB 09 B3 0C 69 E5 02 0A CF 0C BF 0C 00 00
2025-08-10T00:50:53.960903,56.576,  can1  206  [16]  CB 0C CB 09 A7 0C D0 E5 02 0A E4 0C BB 0C 00 00
2025-08-10T00:50:54.505842,57.121,  can1  204  [04]  4F 62 01 00
2025-08-10T00:50:54.512962,57.128,  can1  206  [16]  BF 0C CB 09 AB 0C D0 E5 02 0A D7 0C C3 0C 00 00
2025-08-10T00:50:54.512962,57.128,  can1  206  [16]  C3 0C D4 09 AF 0C D0 E5 07 0A D3 0C BF 0C 00 00
2025-08-10T00:50:54.512962,57.128,  can1  206  [16]  BF 0C D0 09 AF 0C 69 E5 04 0A D7 0C C3 0C 00 00
2025-08-10T00:50:55.060003,57.676,  can1  206  [16]  BF 0C CB 09 B3 0C FA E4 00 0A D3 0C C3 0C 00 00
2025-08-10T00:50:55.060003,57.676,  can1  206  [16]  BF 0C CD 09 B3 0C 7E E4 04 0A D3 0C BF 0C 00 00
2025-08-10T00:50:55.060003,57.676,  can1  206  [16]  CB 0C CD 09 AF 0C FA E4 00 0A D7 0C BB 0C 00 00
2025-08-10T00:50:55.066313,57.682,  can1  206  [16]  BF 0C CD 09 AF 0C 7E E4 07 0A DB 0C C3 0C 00 00
2025-08-10T00:50:55.606530,58.222,  can1  206  [16]  C3 0C C9 09 B3 0C D0 E5 04 0A CB 0C BF 0C 00 00
2025-08-10T00:50:55.610545,58.226,  can1  204  [04]  4F 62 01 00
2025-08-10T00:50:55.610545,58.226,  can1  206  [16]  CB 0C C7 09 A7 0C 69 E5 07 0A D7 0C BB 0C 00 00
2025-08-10T00:50:55.610545,58.226,  can1  206  [16]  C7 0C CB 09 AB 0C 69 E5 FE 09 D3 0C BB 0C 00 00
2025-08-10T00:50:55.612552,58.228,  can1  206  [16]  CF 0C CD 09 A7 0C 69 E5 07 0A D7 0C BB 0C 00 00
2025-08-10T00:50:55.612552,58.228,  can1  206  [16]  C7 0C C7 09 B3 0C FA E4 02 0A D7 0C BB 0C 00 00
2025-08-10T00:50:56.157117,58.773,  can1  206  [16]  C3 0C CB 09 AF 0C FA E4 02 0A D7 0C BF 0C 00 00
2025-08-10T00:50:56.157117,58.773,  can1  206  [16]  C3 0C CD 09 A7 0C 69 E5 02 0A DB 0C BF 0C 00 00
2025-08-10T00:50:56.157117,58.773,  can1  206  [16]  C3 0C D0 09 AB 0C 69 E5 00 0A D3 0C C3 0C 00 00
2025-08-10T00:50:56.157117,58.773,  can1  204  [04]  4F 62 01 00
2025-08-10T00:50:56.157117,58.773,  can1  206  [16]  BF 0C CB 09 B3 0C 69 E5 04 0A D7 0C BF 0C 00 00
2025-08-10T00:50:56.696319,59.312,  can1  206  [16]  C7 0C CD 09 A7 0C 69 E5 04 0A DF 0C BF 0C 00 00
2025-08-10T00:50:56.696319,59.312,  can1  206  [16]  BF 0C CD 09 AF 0C 57 E3 00 0A D3 0C C3 0C 00 00
2025-08-10T00:50:56.696319,59.312,  can1  206  [16]  C7 0C CB 09 AF 0C FA E4 02 0A E8 0C BB 0C 00 00
2025-08-10T00:50:57.241083,59.857,  can1  206  [16]  CB 0C C7 09 AF 0C D7 E6 09 0A DB 0C B7 0C 00 00
2025-08-10T00:50:57.241083,59.857,  can1  206  [16]  CB 0C CD 09 9B 0C D0 E5 04 0A E8 0C BF 0C 00 00
2025-08-10T00:50:57.241083,59.857,  can1  206  [16]  D7 0C D0 09 AF 0C 69 E5 00 0A D3 0C AB 0C 00 00
2025-08-10T00:50:57.241083,59.857,  can1  204  [04]  4F 62 01 00
2025-08-10T00:50:57.241083,59.857,  can1  206  [16]  D3 0C CD 09 AF 0C 69 E5 04 0A DF 0C AB 0C 00 00
2025-08-10T00:50:57.896362,60.512,  can1  206  [16]  D3 0C CB 09 AF 0C FA E4 07 0A D7 0C AF 0C 00 00
2025-08-10T00:50:57.896362,60.512,  can1  206  [16]  BB 0C CB 09 B3 0C 69 E5 04 0A D3 0C C3 0C 00 00
2025-08-10T00:50:57.896362,60.512,  can1  206  [16]  CB 0C CD 09 A7 0C 69 E5 04 0A DB 0C BB 0C 00 00
2025-08-10T00:50:57.896362,60.512,  can1  206  [16]  BF 0C D0 09 AF 0C FA E4 04 0A D3 0C C3 0C 00 00
2025-08-10T00:50:57.896362,60.512,  can1  206  [16]  DB 0C CB 09 97 0C FA E4 04 0A E8 0C AF 0C 00 00
2025-08-10T00:50:58.455453,61.071,  can1  206  [16]  C3 0C CD 09 B3 0C 69 E5 0B 0A D7 0C BB 0C 00 00
2025-08-10T00:50:58.455453,61.071,  can1  204  [04]  4F 62 01 00
2025-08-10T00:50:58.455453,61.071,  can1  206  [16]  CB 0C CB 09 AB 0C FA E4 04 0A D3 0C BB 0C 00 00
2025-08-10T00:50:58.455453,61.071,  can1  206  [16]  7B 0C CB 09 B3 0C 99 C6 04 0A D7 0C 04 0D 00 00
2025-08-10T00:50:58.455453,61.071,  can1  206  [16]  CB 0C CB 09 A3 0C FA E4 07 0A DF 0C BB 0C 00 00
2025-08-10T00:50:59.000303,61.616,  can1  206  [16]  C7 0C D2 09 AB 0C 69 E5 04 0A DF 0C BB 0C 00 00
2025-08-10T00:50:59.000303,61.616,  can1  206  [16]  BF 0C CB 09 A7 0C D0 E5 02 0A 9B 0C C7 0C 00 00
2025-08-10T00:50:59.000303,61.616,  can1  206  [16]  CF 0C CD 09 AB 0C 2E E6 07 0A DB 0C B3 0C 00 00
2025-08-10T00:50:59.009085,61.625,  can1  206  [16]  D3 0C CB 09 B3 0C 69 E5 07 0A D3 0C AF 0C 00 00
2025-08-10T00:50:59.549203,62.165,  can1  206  [16]  CB 0C CB 09 AF 0C FA E4 04 0A D7 0C B7 0C 00 00
2025-08-10T00:50:59.549203,62.165,  can1  204  [04]  4F 62 01 00
2025-08-10T00:50:59.549203,62.165,  can1  206  [16]  C7 0C CD 09 AB 0C D0 E5 00 0A DF 0C BB 0C 00 00
2025-08-10T00:50:59.549203,62.165,  can1  206  [16]  CB 0C CB 09 A3 0C FA E4 04 0A CB 0C BF 0C 00 00
2025-08-10T00:50:59.549203,62.165,  can1  206  [16]  C3 0C CD 09 B3 0C B0 E7 02 0A D3 0C BB 0C 00 00
2025-08-10T00:51:00.088125,62.704,  can1  206  [16]  D3 0C CB 09 AB 0C 69 E5 1B 0A D7 0C B3 0C 00 00
2025-08-10T00:51:00.088125,62.704,  can1  206  [16]  CF 0C CD 09 AB 0C 69 E5 00 0A D3 0C B7 0C 00 00
2025-08-10T00:51:00.088125,62.704,  can1  206  [16]  BB 0C CD 09 AF 0C 69 E5 02 0A DB 0C C3 0C 00 00
2025-08-10T00:51:00.088125,62.704,  can1  206  [16]  C3 0C C9 09 BB 0C FA E4 02 0A CF 0C BF 0C 00 00
2025-08-10T00:51:00.088125,62.704,  can1  204  [04]  4F 62 01 00
2025-08-10T00:51:00.648247,63.264,  can1  206  [16]  C3 0C CB 09 AF 0C 2E E6 09 0A CB 0C C3 0C 00 00
2025-08-10T00:51:00.648247,63.264,  can1  206  [16]  C7 0C CD 09 B3 0C FA E4 02 0A D3 0C BB 0C 00 00
2025-08-10T00:51:00.648247,63.264,  can1  206  [16]  C3 0C CD 09 AF 0C 69 E5 04 0A DF 0C BB 0C 00 00
2025-08-10T00:51:00.652363,63.268,  can1  206  [16]  BB 0C C9 09 BB 0C FA E4 02 0A C7 0C C3 0C 00 00
2025-08-10T00:51:01.194190,63.810,  can1  206  [16]  BB 0C CB 09 AF 0C FA E4 04 0A D3 0C C3 0C 00 00
2025-08-10T00:51:01.209660,63.825,  can1  206  [16]  BF 0C CB 09 B3 0C 69 E5 04 0A D3 0C BF 0C 00 00
2025-08-10T00:51:01.209660,63.825,  can1  206  [16]  D3 0C CD 09 AF 0C D0 E5 00 0A CF 0C B3 0C 00 00
2025-08-10T00:51:01.221638,63.837,  can1  204  [04]  4F 62 01 00
2025-08-10T00:51:01.224827,63.840,  can1  206  [16]  CB 0C CD 09 AF 0C FA E4 02 0A CF 0C BB 0C 00 00
2025-08-10T00:51:01.852849,64.468,  can1  206  [16]  BF 0C CD 09 B3 0C 69 E5 04 0A D7 0C BF 0C 00 00
2025-08-10T00:51:01.852849,64.468,  can1  206  [16]  BF 0C CB 09 AF 0C FA E4 09 0A D3 0C C3 0C 00 00
2025-08-10T00:51:01.852849,64.468,  can1  206  [16]  CB 0C CB 09 AF 0C FA E4 04 0A DB 0C B7 0C 00 00
2025-08-10T00:51:01.852849,64.468,  can1  206  [16]  C3 0C C7 09 B3 0C 69 E5 04 0A D7 0C BB 0C 00 00
2025-08-10T00:51:01.852849,64.468,  can1  206  [16]  CB 0C CB 09 AB 0C 69 E5 02 0A D7 0C BB 0C 00 00
2025-08-10T00:51:02.510385,65.126,  can1  206  [16]  C3 0C CD 09 AF 0C D0 E5 07 0A D7 0C BB 0C 00 00
2025-08-10T00:51:02.510385,65.126,  can1  204  [04]  4F 62 01 00
2025-08-10T00:51:02.510385,65.126,  can1  206  [16]  CF 0C CD 09 AF 0C 7E E4 02 0A D7 0C B3 0C 00 00
2025-08-10T00:51:02.510385,65.126,  can1  206  [16]  C7 0C C9 09 AB 0C D0 E5 02 0A D7 0C BB 0C 00 00
2025-08-10T00:51:02.510385,65.126,  can1  206  [16]  CB 0C CD 09 BB 0C FA E4 02 0A C7 0C B3 0C 00 00
2025-08-10T00:51:02.510385,65.126,  can1  206  [16]  CF 0C CD 09 A7 0C 69 E5 04 0A D7 0C BB 0C 00 00
2025-08-10T00:51:03.162357,65.778,  can1  206  [16]  C3 0C CB 09 AF 0C 69 E5 04 0A DF 0C BF 0C 00 00
2025-08-10T00:51:03.162357,65.778,  can1  206  [16]  BB 0C D0 09 AF 0C 69 E5 02 0A D7 0C C7 0C 00 00
2025-08-10T00:51:03.162357,65.778,  can1  206  [16]  CB 0C CD 09 B3 0C D0 E5 02 0A D7 0C B3 0C 00 00
2025-08-10T00:51:03.162357,65.778,  can1  206  [16]  C7 0C CD 09 A7 0C FA E4 02 0A DB 0C BF 0C 00 00
2025-08-10T00:51:03.162357,65.778,  can1  204  [04]  4F 62 01 00
2025-08-10T00:51:03.162357,65.778,  can1  206  [16]  D3 0C CD 09 AB 0C D0 E5 02 0A DB 0C B3 0C 00 00
2025-08-10T00:51:03.828312,66.444,  can1  206  [16]  C7 0C CD 09 AF 0C FA E4 00 0A D7 0C BB 0C 00 00
2025-08-10T00:51:03.853344,66.469,  can1  206  [16]  BF 0C CB 09 AF 0C 69 E5 02 0A D3 0C C3 0C 00 00
2025-08-10T00:51:03.853344,66.469,  can1  206  [16]  C7 0C C9 09 AB 0C 69 E5 00 0A DB 0C BB 0C 00 00
2025-08-10T00:51:03.860218,66.476,  can1  206  [16]  CB 0C D2 09 B3 0C 69 E5 04 0A D7 0C B3 0C 00 00
2025-08-10T00:51:03.860218,66.476,  can1  206  [16]  CB 0C CB 09 B3 0C D0 E5 02 0A D3 0C BB 0C 00 00
2025-08-10T00:51:04.480458,67.096,  can1  206  [16]  B3 0C CB 09 B7 0C 69 E5 02 0A D7 0C C7 0C 00 00
2025-08-10T00:51:04.480458,67.096,  can1  204  [04]  4F 62 01 00
2025-08-10T00:51:04.480458,67.096,  can1  206  [16]  CB 0C CB 09 AF 0C 69 E5 02 0A D3 0C B7 0C 00 00
2025-08-10T00:51:04.480458,67.096,  can1  206  [16]  B3 0C AC 09 B7 0C 69 E5 F5 09 DB 0C C7 0C 00 00
2025-08-10T00:51:04.480458,67.096,  can1  206  [16]  C3 0C C9 09 B3 0C FA E4 02 0A D3 0C BF 0C 00 00
2025-08-10T00:51:05.130182,67.746,  can1  206  [16]  C3 0C D8 09 B3 0C D0 E5 07 0A CF 0C BF 0C 00 00
2025-08-10T00:51:05.130182,67.746,  can1  206  [16]  C7 0C D0 09 AB 0C 69 E5 04 0A DF 0C BB 0C 00 00
2025-08-10T00:51:05.130182,67.746,  can1  206  [16]  C3 0C C9 09 B3 0C 69 E5 02 0A DB 0C BB 0C 00 00
2025-08-10T00:51:05.130182,67.746,  can1  206  [16]  C7 0C CB 09 9F 0C FA E4 00 0A DF 0C BF 0C 00 00
2025-08-10T00:51:05.130182,67.746,  can1  204  [04]  4F 62 01 00
2025-08-10T00:51:05.130182,67.746,  can1  206  [16]  BF 0C C9 09 B3 0C 69 E5 04 0A D3 0C BF 0C 00 00
2025-08-10T00:51:05.797601,68.413,  can1  206  [16]  C3 0C CB 09 B7 0C 69 E5 02 0A D3 0C BB 0C 00 00
2025-08-10T00:51:05.797601,68.413,  can1  206  [16]  BF 0C CB 09 AF 0C F4 E3 09 0A DF 0C BF 0C 00 00
2025-08-10T00:51:05.797601,68.413,  can1  206  [16]  C7 0C CB 09 AF 0C 69 E5 00 0A D7 0C BB 0C 00 00
2025-08-10T00:51:05.797601,68.413,  can1  206  [16]  C7 0C CB 09 AF 0C D0 E5 00 0A DB 0C BB 0C 00 00
2025-08-10T00:51:05.797601,68.413,  can1  206  [16]  D3 0C CD 09 A7 0C 69 E5 04 0A D7 0C BB 0C 00 00
2025-08-10T00:51:06.457177,69.073,  can1  206  [16]  BF 0C C2 09 B3 0C 69 E5 04 0A DB 0C BF 0C 00 00
2025-08-10T00:51:06.473382,69.089,  can1  206  [16]  BF 0C CD 09 B3 0C 69 E5 02 0A D7 0C BF 0C 00 00
2025-08-10T00:51:06.473382,69.089,  can1  204  [04]  4F 62 01 00
2025-08-10T00:51:06.473382,69.089,  can1  206  [16]  C3 0C CB 09 AF 0C 69 E5 04 0A D7 0C BF 0C 00 00
2025-08-10T00:51:06.473382,69.089,  can1  206  [16]  D3 0C D0 09 B3 0C FA E4 00 0A DB 0C AB 0C 00 00
2025-08-10T00:51:06.473382,69.089,  can1  206  [16]  CB 0C CB 09 AF 0C 69 E5 00 0A DB 0C B7 0C 00 00
2025-08-10T00:51:07.225902,69.841,  can1  206  [16]  CB 0C CD 09 AB 0C FA E4 04 0A DF 0C B7 0C 00 00
2025-08-10T00:51:07.225902,69.841,  can1  206  [16]  CB 0C C5 09 B7 0C 69 E5 FE 09 C7 0C B7 0C 00 00
2025-08-10T00:51:07.271756,69.887,  can1  206  [16]  C3 0C CB 09 B3 0C 69 E5 02 0A D3 0C BB 0C 00 00
2025-08-10T00:51:07.271756,69.887,  can1  206  [16]  CB 0C D0 09 AF 0C 2E E6 04 0A D3 0C B7 0C 00 00
2025-08-10T00:51:07.271756,69.887,  can1  204  [04]  4F 62 01 00
2025-08-10T00:51:07.271756,69.887,  can1  206  [16]  B7 0C CB 09 B7 0C D0 E5 02 0A CF 0C C7 0C 00 00
2025-08-10T00:51:07.990768,70.606,  can1  206  [16]  D3 0C C9 09 AB 0C 69 E5 04 0A DB 0C AF 0C 00 00
2025-08-10T00:51:07.995363,70.611,  can1  206  [16]  BF 0C CD 09 AF 0C FA E4 02 0A D3 0C C3 0C 00 00
2025-08-10T00:51:07.997374,70.613,  can1  206  [16]  C3 0C D0 09 AF 0C D0 E5 04 0A DF 0C BB 0C 00 00
2025-08-10T00:51:08.000724,70.616,  can1  206  [16]  BF 0C CD 09 AF 0C D0 E5 02 0A D3 0C C3 0C 00 00
2025-08-10T00:51:08.000724,70.616,  can1  206  [16]  C7 0C CD 09 AB 0C 69 E5 04 0A DB 0C BB 0C 00 00
2025-08-10T00:51:08.000724,70.616,  can1  206  [16]  D7 0C CB 09 A7 0C 69 E5 04 0A D7 0C B3 0C 00 00
2025-08-10T00:51:08.736419,71.352,  can1  204  [04]  4F 62 01 00
2025-08-10T00:51:08.736419,71.352,  can1  206  [16]  D3 0C CB 09 AB 0C F4 E3 02 0A D3 0C B3 0C 00 00
2025-08-10T00:51:08.736419,71.352,  can1  206  [16]  CF 0C C9 09 A3 0C 69 E5 02 0A D3 0C BB 0C 00 00
2025-08-10T00:51:08.736419,71.352,  can1  206  [16]  C3 0C CB 09 B3 0C D0 E5 02 0A DB 0C BB 0C 00 00
2025-08-10T00:51:08.744709,71.360,  can1  206  [16]  BF 0C CB 09 A3 0C 69 E5 00 0A DB 0C C7 0C 00 00
2025-08-10T00:51:08.744709,71.360,  can1  206  [16]  BF 0C CD 09 B3 0C 69 E5 00 0A D3 0C BF 0C 00 00
2025-08-10T00:51:09.523144,72.139,  can1  206  [16]  BB 0C CD 09 AF 0C 69 E5 00 0A DF 0C C3 0C 00 00
2025-08-10T00:51:09.528609,72.144,  can1  206  [16]  CF 0C D0 09 AB 0C F4 E3 02 0A D3 0C BB 0C 00 00
2025-08-10T00:51:09.528609,72.144,  can1  204  [04]  4F 62 01 00
2025-08-10T00:51:09.528609,72.144,  can1  206  [16]  C3 0C C7 09 AB 0C 2E E6 02 0A DF 0C C3 0C 00 00
2025-08-10T00:51:09.534520,72.150,  can1  206  [16]  CF 0C CB 09 A7 0C 69 E5 07 0A DB 0C B7 0C 00 00
2025-08-10T00:51:09.534520,72.150,  can1  206  [16]  C7 0C D0 09 B3 0C 85 E6 00 0A D3 0C BB 0C 00 00
2025-08-10T00:51:09.534520,72.150,  can1  206  [16]  C7 0C D0 09 AF 0C 69 E5 04 0A D3 0C BB 0C 00 00
2025-08-10T00:51:10.072794,72.688,  can1  206  [16]  DF 0C CB 09 B3 0C 69 E5 07 0A DB 0C 9F 0C 00 00
2025-08-10T00:51:10.077444,72.693,  can1  206  [16]  BF 0C C7 09 A3 0C FA E4 00 0A E8 0C C3 0C 00 00
2025-08-10T00:51:10.077444,72.693,  can1  206  [16]  C3 0C CB 09 AB 0C 69 E5 02 0A CF 0C C3 0C 00 00
2025-08-10T00:51:10.078909,72.694,  can1  206  [16]  BB 0C C7 09 B3 0C 69 E5 00 0A DB 0C C3 0C 00 00
2025-08-10T00:51:10.078909,72.694,  can1  204  [04]  4F 62 01 00
2025-08-10T00:51:10.728257,73.344,  can1  206  [16]  C7 0C CD 09 AF 0C F4 E3 02 0A D3 0C BB 0C 00 00
2025-08-10T00:51:10.730794,73.346,  can1  206  [16]  C3 0C CD 09 B3 0C 69 E5 00 0A D7 0C BB 0C 00 00
2025-08-10T00:51:10.735217,73.351,  can1  206  [16]  BB 0C C9 09 AB 0C 69 E5 FE 09 E4 0C C3 0C 00 00
2025-08-10T00:51:10.735217,73.351,  can1  206  [16]  CB 0C C7 09 AF 0C 69 E5 04 0A D3 0C B7 0C 00 00
2025-08-10T00:51:10.741806,73.357,  can1  206  [16]  C3 0C CD 09 B3 0C 69 E5 04 0A D7 0C BB 0C 00 00
2025-08-10T00:51:11.278238,73.894,  can1  206  [16]  D3 0C CD 09 AB 0C 7E E4 02 0A DB 0C AF 0C 00 00
2025-08-10T00:51:11.278238,73.894,  can1  206  [16]  B7 0C C9 09 B3 0C FA E4 FE 09 D7 0C C7 0C 00 00
2025-08-10T00:51:11.278238,73.894,  can1  204  [04]  4F 62 01 00
2025-08-10T00:51:11.278238,73.894,  can1  206  [16]  C3 0C D0 09 AF 0C 69 E5 FE 09 DB 0C BF 0C 00 00
2025-08-10T00:51:11.278238,73.894,  can1  206  [16]  BF 0C CB 09 B3 0C 69 E5 04 0A DB 0C BF 0C 00 00
2025-08-10T00:51:11.825619,74.441,  can1  206  [16]  C7 0C CB 09 AB 0C FA E4 04 0A DF 0C BB 0C 00 00
2025-08-10T00:51:11.825619,74.441,  can1  206  [16]  BB 0C CB 09 B3 0C 7E E4 FC 09 D7 0C C3 0C 00 00
2025-08-10T00:51:11.825619,74.441,  can1  206  [16]  CF 0C CB 09 AF 0C 69 E5 04 0A D3 0C B7 0C 00 00
2025-08-10T00:51:11.825619,74.441,  can1  206  [16]  B7 0C CD 09 BB 0C D0 E5 02 0A 08 0D BF 0C 00 00
2025-08-10T00:51:12.479662,75.095,  can1  206  [16]  C3 0C CB 09 B3 0C 7E E4 04 0A D3 0C BB 0C 00 00
2025-08-10T00:51:12.479662,75.095,  can1  204  [04]  4F 62 01 00
2025-08-10T00:51:12.479662,75.095,  can1  206  [16]  BF 0C C7 09 B3 0C 69 E5 07 0A DB 0C BF 0C 00 00
2025-08-10T00:51:12.495321,75.111,  can1  206  [16]  C7 0C CB 09 B7 0C 2E E6 02 0A D3 0C B7 0C 00 00
2025-08-10T00:51:12.495321,75.111,  can1  206  [16]  BF 0C CD 09 AF 0C D7 E6 04 0A DB 0C BF 0C 00 00
2025-08-10T00:51:12.495321,75.111,  can1  206  [16]  CB 0C C2 09 9F 0C 2E E6 02 0A DB 0C BF 0C 00 00
2025-08-10T00:51:13.026708,75.642,  can1  206  [16]  C3 0C CD 09 AF 0C 69 E5 04 0A DB 0C BB 0C 00 00
2025-08-10T00:51:13.026708,75.642,  can1  206  [16]  C3 0C CD 09 AF 0C FA E4 00 0A D3 0C BF 0C 00 00
2025-08-10T00:51:13.026708,75.642,  can1  206  [16]  C3 0C C9 09 AB 0C FA E4 07 0A DB 0C BF 0C 00 00
2025-08-10T00:51:13.026708,75.642,  can1  204  [04]  4F 62 01 00
2025-08-10T00:51:13.026708,75.642,  can1  206  [16]  D3 0C C9 09 A7 0C FA E4 04 0A DB 0C B3 0C 00 00
2025-08-10T00:51:13.679586,76.295,  can1  206  [16]  A7 0C CD 09 BB 0C D0 E5 02 0A DB 0C CB 0C 00 00
2025-08-10T00:51:13.679586,76.295,  can1  206  [16]  C7 0C CB 09 DB 0C C5 E1 02 0A 9F 0C BF 0C 00 00
2025-08-10T00:51:13.679586,76.295,  can1  206  [16]  BF 0C D0 09 AB 0C 69 E5 04 0A DF 0C C3 0C 00 00
2025-08-10T00:51:13.679586,76.295,  can1  206  [16]  C3 0C CD 09 B7 0C 69 E5 04 0A CF 0C BB 0C 00 00
2025-08-10T00:51:14.340663,76.956,  can1  206  [16]  BF 0C CB 09 B3 0C 69 E5 02 0A D3 0C BF 0C 00 00
2025-08-10T00:51:14.341676,76.957,  can1  206  [16]  D3 0C CD 09 A3 0C 69 E5 07 0A D7 0C BB 0C 00 00
2025-08-10T00:51:14.341676,76.957,  can1  206  [16]  CB 0C CB 09 AF 0C F4 E3 09 0A CF 0C B7 0C 00 00
2025-08-10T00:51:14.345833,76.961,  can1  204  [04]  4F 62 01 00
2025-08-10T00:51:14.349895,76.965,  can1  206  [16]  CF 0C CB 09 AB 0C 69 E5 02 0A D3 0C BB 0C 00 00
2025-08-10T00:51:14.350212,76.966,  can1  206  [16]  B7 0C CD 09 B3 0C 69 E5 02 0A C7 0C C7 0C 00 00
2025-08-10T00:51:14.990910,77.606,  can1  206  [16]  CF 0C C7 09 AF 0C 57 E3 07 0A DF 0C B3 0C 00 00
2025-08-10T00:51:14.992195,77.608,  can1  206  [16]  C7 0C CB 09 AB 0C B0 E7 04 0A DF 0C BB 0C 00 00
2025-08-10T00:51:14.992195,77.608,  can1  206  [16]  BB 0C CB 09 B3 0C 57 E3 02 0A D3 0C C3 0C 00 00
2025-08-10T00:51:14.992195,77.608,  can1  206  [16]  BF 0C D0 09 AB 0C 69 E5 04 0A D3 0C C7 0C 00 00
2025-08-10T00:51:14.992195,77.608,  can1  206  [16]  CF 0C CD 09 A7 0C 69 E5 02 0A D7 0C BB 0C 00 00
2025-08-10T00:51:15.660515,78.276,  can1  204  [04]  4F 62 01 00
2025-08-10T00:51:15.660515,78.276,  can1  206  [16]  C3 0C CB 09 AF 0C 69 E5 04 0A D3 0C BF 0C 00 00
2025-08-10T00:51:15.660515,78.276,  can1  206  [16]  CF 0C CD 09 A3 0C 7E E4 04 0A D7 0C BF 0C 00 00
2025-08-10T00:51:15.660515,78.276,  can1  206  [16]  C7 0C C9 09 AB 0C FA E4 07 0A DB 0C BB 0C 00 00
2025-08-10T00:51:15.660515,78.276,  can1  206  [16]  BB 0C C9 09 AF 0C 69 E5 09 0A DB 0C C3 0C 00 00
2025-08-10T00:51:15.660515,78.276,  can1  206  [16]  BF 0C C9 09 AF 0C 69 E5 02 0A D7 0C C7 0C 00 00
2025-08-10T00:51:16.313061,78.929,  can1  206  [16]  C3 0C CD 09 AF 0C 69 E5 02 0A DB 0C BB 0C 00 00
2025-08-10T00:51:16.313061,78.929,  can1  206  [16]  C3 0C B1 09 B3 0C FA E4 04 0A CB 0C BF 0C 00 00
2025-08-10T00:51:16.313061,78.929,  can1  204  [04]  4F 62 01 00
2025-08-10T00:51:16.319807,78.935,  can1  206  [16]  C7 0C CB 09 AB 0C FA E4 07 0A D7 0C BB 0C 00 00
2025-08-10T00:51:16.319807,78.935,  can1  206  [16]  C7 0C CB 09 B7 0C FA E4 04 0A CF 0C B7 0C 00 00
2025-08-10T00:51:16.967108,79.583,  can1  206  [16]  B7 0C CB 09 B3 0C 69 E5 02 0A D7 0C C7 0C 00 00
2025-08-10T00:51:16.968323,79.584,  can1  206  [16]  00 0D CB 09 AF 0C 69 E5 00 0A D7 0C 87 0C 00 00
2025-08-10T00:51:16.968323,79.584,  can1  206  [16]  C3 0C D2 09 A7 0C 69 E5 02 0A DF 0C C3 0C 00 00
2025-08-10T00:51:16.979302,79.595,  can1  206  [16]  CB 0C D0 09 AF 0C 69 E5 04 0A DB 0C B7 0C 00 00
2025-08-10T00:51:16.979302,79.595,  can1  206  [16]  C7 0C CB 09 AB 0C 7E E4 02 0A DB 0C BF 0C 00 00
2025-08-10T00:51:17.728726,80.344,  can1  206  [16]  C3 0C CB 09 AF 0C 69 E5 04 0A CF 0C C3 0C 00 00
2025-08-10T00:51:17.730565,80.346,  can1  204  [04]  4F 62 01 00
2025-08-10T00:51:17.730565,80.346,  can1  206  [16]  C7 0C CD 09 AF 0C D0 E5 E3 09 DF 0C B7 0C 00 00
2025-08-10T00:51:17.730565,80.346,  can1  206  [16]  CF 0C D0 09 AB 0C FA E4 04 0A D3 0C B7 0C 00 00
2025-08-10T00:51:17.730565,80.346,  can1  206  [16]  BF 0C CD 09 B3 0C 69 E5 04 0A CF 0C BF 0C 00 00
2025-08-10T00:51:17.730565,80.346,  can1  206  [16]  C3 0C CD 09 AB 0C 69 E5 00 0A DB 0C BF 0C 00 00
2025-08-10T00:51:17.735824,80.351,  can1  206  [16]  C3 0C CB 09 B7 0C 69 E5 00 0A CF 0C BB 0C 00 00
2025-08-10T00:51:18.390111,81.006,  can1  206  [16]  C3 0C CD 09 9B 0C FA E4 04 0A EC 0C C3 0C 00 00
2025-08-10T00:51:18.390111,81.006,  can1  206  [16]  C3 0C CD 09 AF 0C FA E4 04 0A DB 0C BB 0C 00 00
2025-08-10T00:51:18.390111,81.006,  can1  204  [04]  4F 62 01 00
2025-08-10T00:51:18.390111,81.006,  can1  206  [16]  D3 0C CD 09 AB 0C 2E E6 F7 09 D3 0C B7 0C 00 00
2025-08-10T00:51:18.390111,81.006,  can1  206  [16]  C7 0C CD 09 AF 0C 69 E5 04 0A D7 0C BB 0C 00 00
2025-08-10T00:51:18.390111,81.006,  can1  206  [16]  C7 0C CB 09 B3 0C 69 E5 04 0A D7 0C B7 0C 00 00
2025-08-10T00:51:18.931735,81.547,  can1  206  [16]  CB 0C CB 09 AB 0C 69 E5 00 0A DB 0C B7 0C 00 00
2025-08-10T00:51:18.931735,81.547,  can1  206  [16]  C3 0C C9 09 AB 0C FA E4 00 0A D3 0C C3 0C 00 00
2025-08-10T00:51:18.931735,81.547,  can1  206  [16]  C7 0C CB 09 B3 0C FA E4 02 0A D7 0C BB 0C 00 00
2025-08-10T00:51:18.931735,81.547,  can1  206  [16]  C7 0C C7 09 AF 0C 69 E5 04 0A D7 0C BB 0C 00 00
2025-08-10T00:51:19.488045,82.104,  can1  204  [04]  4F 62 01 00
2025-08-10T00:51:19.488045,82.104,  can1  206  [16]  C7 0C CD 09 A7 0C F4 E3 04 0A E4 0C BB 0C 00 00
2025-08-10T00:51:19.488045,82.104,  can1  206  [16]  CB 0C CD 09 AB 0C D0 E5 02 0A DF 0C B7 0C 00 00
2025-08-10T00:51:19.488045,82.104,  can1  206  [16]  C3 0C CB 09 B7 0C 69 E5 02 0A D7 0C B7 0C 00 00
2025-08-10T00:51:19.488045,82.104,  can1  206  [16]  CF 0C C9 09 AF 0C 69 E5 02 0A D7 0C B7 0C 00 00
2025-08-10T00:51:20.044854,82.660,  can1  206  [16]  C3 0C CB 09 AB 0C FA E4 04 0A DB 0C BB 0C 00 00
2025-08-10T00:51:20.044854,82.660,  can1  206  [16]  C7 0C CD 09 B3 0C 69 E5 04 0A D7 0C B7 0C 00 00
2025-08-10T00:51:20.044854,82.660,  can1  206  [16]  C3 0C CB 09 AF 0C FA E4 04 0A F8 0C BB 0C 00 00
2025-08-10T00:51:20.060757,82.676,  can1  204  [04]  4F 62 01 00
2025-08-10T00:51:20.061779,82.677,  can1  206  [16]  BF 0C C9 09 AF 0C 7E E4 07 0A D3 0C BF 0C 00 00
2025-08-10T00:51:20.598565,83.214,  can1  206  [16]  B7 0C CB 09 B3 0C 69 E5 04 0A DF 0C C7 0C 00 00
2025-08-10T00:51:20.598565,83.214,  can1  206  [16]  C3 0C C7 09 B7 0C D0 E5 00 0A D7 0C BB 0C 00 00
2025-08-10T00:51:20.598565,83.214,  can1  206  [16]  CB 0C CD 09 9B 0C FA E4 02 0A E8 0C B7 0C 00 00
2025-08-10T00:51:20.598565,83.214,  can1  206  [16]  C7 0C C9 09 AF 0C 69 E5 04 0A D3 0C B7 0C 00 00
2025-08-10T00:51:21.154045,83.770,  can1  206  [16]  BF 0C CD 09 AF 0C D0 E5 02 0A DB 0C BF 0C 00 00
2025-08-10T00:51:21.154045,83.770,  can1  206  [16]  BF 0C CB 09 AB 0C 69 E5 00 0A D3 0C C3 0C 00 00
2025-08-10T00:51:21.154045,83.770,  can1  206  [16]  C3 0C C7 09 B3 0C 69 E5 02 0A D7 0C BF 0C 00 00
2025-08-10T00:51:21.154045,83.770,  can1  204  [04]  4F 62 01 00
2025-08-10T00:51:21.154045,83.770,  can1  206  [16]  BB 0C CB 09 B3 0C 69 E5 00 0A DF 0C BF 0C 00 00
2025-08-10T00:51:21.718695,84.334,  can1  206  [16]  CB 0C CB 09 AB 0C 69 E5 00 0A E8 0C BB 0C 00 00
2025-08-10T00:51:21.718695,84.334,  can1  206  [16]  BB 0C C9 09 B7 0C 69 E5 04 0A C7 0C BF 0C 00 00
2025-08-10T00:51:21.718695,84.334,  can1  206  [16]  C7 0C CD 09 B3 0C 69 E5 00 0A CF 0C BB 0C 00 00
2025-08-10T00:51:21.718695,84.334,  can1  206  [16]  BB 0C CB 09 AB 0C 69 E5 02 0A DF 0C C7 0C 00 00
2025-08-10T00:51:22.267392,84.883,  can1  206  [16]  BF 0C CB 09 B3 0C D0 E5 04 0A D7 0C BF 0C 00 00
2025-08-10T00:51:22.267392,84.883,  can1  206  [16]  CB 0C CD 09 A7 0C FA E4 07 0A DB 0C BB 0C 00 00
2025-08-10T00:51:22.267392,84.883,  can1  204  [04]  4F 62 01 00
2025-08-10T00:51:22.267392,84.883,  can1  206  [16]  C7 0C CB 09 AB 0C FA E4 04 0A DB 0C BB 0C 00 00
2025-08-10T00:51:22.267392,84.883,  can1  206  [16]  C3 0C C9 09 AB 0C 69 E5 02 0A D7 0C BF 0C 00 00
2025-08-10T00:51:22.808542,85.424,  can1  206  [16]  C7 0C CD 09 A3 0C 69 E5 02 0A DF 0C BF 0C 00 00
2025-08-10T00:51:22.833326,85.449,  can1  206  [16]  BF 0C CB 09 AB 0C FA E4 04 0A DB 0C C3 0C 00 00
2025-08-10T00:51:22.833326,85.449,  can1  206  [16]  BF 0C CB 09 AF 0C FA E4 07 0A DF 0C BF 0C 00 00
2025-08-10T00:51:22.833326,85.449,  can1  206  [16]  CB 0C C9 09 AF 0C 69 E5 FE 09 DB 0C B7 0C 00 00
2025-08-10T00:51:23.362232,85.978,  can1  206  [16]  BF 0C CB 09 AB 0C 57 E3 00 0A DB 0C C3 0C 00 00
2025-08-10T00:51:23.371882,85.987,  can1  204  [04]  4F 62 01 00
2025-08-10T00:51:23.371882,85.987,  can1  206  [16]  D3 0C CD 09 AF 0C D0 E5 04 0A D3 0C B3 0C 00 00
2025-08-10T00:51:23.371882,85.987,  can1  206  [16]  CF 0C D0 09 AF 0C D0 E5 04 0A D3 0C B3 0C 00 00
2025-08-10T00:51:23.371882,85.987,  can1  206  [16]  D3 0C C9 09 A3 0C 69 E5 07 0A DB 0C B3 0C 00 00
2025-08-10T00:51:24.020240,86.636,  can1  206  [16]  BB 0C CD 09 B7 0C FA E4 02 0A D3 0C BF 0C 00 00
2025-08-10T00:51:24.020240,86.636,  can1  206  [16]  D3 0C CB 09 A7 0C 2E E6 07 0A D7 0C B3 0C 00 00
2025-08-10T00:51:24.020240,86.636,  can1  206  [16]  CB 0C CB 09 AB 0C FA E4 07 0A DF 0C B3 0C 00 00
2025-08-10T00:51:24.025256,86.641,  can1  206  [16]  C7 0C D4 09 AB 0C FA E4 04 0A DB 0C BB 0C 00 00
2025-08-10T00:51:24.025256,86.641,  can1  204  [04]  4F 62 01 00
2025-08-10T00:51:24.026461,86.642,  can1  206  [16]  B7 0C CB 09 AF 0C 2E E6 02 0A D7 0C C7 0C 00 00
2025-08-10T00:51:24.572708,87.188,  can1  206  [16]  CB 0C CD 09 AF 0C 69 E5 02 0A D3 0C B7 0C 00 00
2025-08-10T00:51:24.572708,87.188,  can1  206  [16]  B3 0C D0 09 BB 0C 69 E5 00 0A D7 0C C3 0C 00 00
2025-08-10T00:51:24.572708,87.188,  can1  206  [16]  C3 0C CD 09 AF 0C 69 E5 02 0A D7 0C BF 0C 00 00
2025-08-10T00:51:24.572708,87.188,  can1  206  [16]  CB 0C CB 09 AB 0C 69 E5 04 0A D7 0C BB 0C 00 00
2025-08-10T00:51:25.141125,87.757,  can1  206  [16]  C3 0C CB 09 B3 0C 69 E5 02 0A DB 0C BB 0C 00 00
2025-08-10T00:51:25.141125,87.757,  can1  206  [16]  C3 0C C9 09 B3 0C 69 E5 04 0A D7 0C BB 0C 00 00
2025-08-10T00:51:25.141125,87.757,  can1  206  [16]  CB 0C CD 09 AF 0C FA E4 04 0A D7 0C BB 0C 00 00
2025-08-10T00:51:25.151413,87.767,  can1  204  [04]  4F 62 01 00
2025-08-10T00:51:25.915399,88.531,  can1  206  [16]  D7 0C D6 09 AF 0C 69 E5 FC 09 CF 0C AF 0C 00 00
2025-08-10T00:51:25.916416,88.532,  can1  206  [16]  C7 0C CB 09 AB 0C FA E4 09 0A DF 0C BB 0C 00 00
2025-08-10T00:51:25.916416,88.532,  can1  206  [16]  C7 0C CB 09 AB 0C FA E4 04 0A D7 0C BB 0C 00 00
2025-08-10T00:51:25.916416,88.532,  can1  206  [16]  C7 0C CB 09 AB 0C FA E4 02 0A C7 0C BB 0C 00 00
2025-08-10T00:51:25.916416,88.532,  can1  206  [16]  C3 0C CD 09 AF 0C 69 E5 07 0A D7 0C BF 0C 00 00
2025-08-10T00:51:25.916416,88.532,  can1  206  [16]  C7 0C CD 09 B3 0C D0 E5 02 0A D3 0C BB 0C 00 00
2025-08-10T00:51:25.925684,88.541,  can1  206  [16]  C7 0C CB 09 AB 0C D0 E5 07 0A DF 0C BB 0C 00 00
2025-08-10T00:51:26.671655,89.287,  can1  204  [04]  4F 62 01 00
2025-08-10T00:51:26.671655,89.287,  can1  206  [16]  B7 0C DB 09 AB 0C 69 E5 02 0A CF 0C C7 0C 00 00
2025-08-10T00:51:26.671655,89.287,  can1  206  [16]  C3 0C C9 09 9F 0C 69 E5 04 0A E4 0C BF 0C 00 00
2025-08-10T00:51:26.677285,89.293,  can1  206  [16]  BF 0C F5 09 B7 0C FA E4 04 0A CF 0C C3 0C 00 00
2025-08-10T00:51:26.677285,89.293,  can1  206  [16]  E4 0C CB 09 AF 0C 69 E5 07 0A E8 0C 9F 0C 00 00
2025-08-10T00:51:26.677285,89.293,  can1  206  [16]  C3 0C CD 09 A7 0C 69 E5 00 0A DF 0C C3 0C 00 00
2025-08-10T00:51:27.339488,89.955,  can1  206  [16]  BF 0C C9 09 AF 0C D0 E5 00 0A DB 0C BF 0C 00 00
2025-08-10T00:51:27.339488,89.955,  can1  206  [16]  C3 0C C2 09 B3 0C 7E E4 07 0A DB 0C BB 0C 00 00
2025-08-10T00:51:27.339488,89.955,  can1  204  [04]  4F 62 01 00
2025-08-10T00:51:27.345745,89.961,  can1  206  [16]  CB 0C CB 09 AF 0C FA E4 00 0A D7 0C B7 0C 00 00
2025-08-10T00:51:27.345745,89.961,  can1  206  [16]  C3 0C CD 09 AB 0C FA E4 07 0A DB 0C C3 0C 00 00
2025-08-10T00:51:27.345745,89.961,  can1  206  [16]  BF 0C C9 09 AF 0C 69 E5 04 0A CF 0C C3 0C 00 00
2025-08-10T00:51:27.987941,90.603,  can1  206  [16]  C3 0C C9 09 B3 0C 2E E6 FE 09 D7 0C BB 0C 00 00
2025-08-10T00:51:27.987941,90.603,  can1  206  [16]  CB 0C CD 09 AB 0C 69 E5 07 0A D7 0C BB 0C 00 00
2025-08-10T00:51:27.993507,90.609,  can1  206  [16]  C7 0C C9 09 AB 0C D0 E5 07 0A DF 0C B7 0C 00 00
2025-08-10T00:51:27.993507,90.609,  can1  206  [16]  BF 0C CB 09 B3 0C D0 E5 04 0A E8 0C BF 0C 00 00
2025-08-10T00:51:27.993507,90.609,  can1  206  [16]  C7 0C CD 09 B3 0C 69 E5 04 0A D3 0C BB 0C 00 00
2025-08-10T00:51:27.993507,90.609,  can1  204  [04]  4F 62 01 00
2025-08-10T00:51:28.541494,91.157,  can1  206  [16]  CB 0C C7 09 BB 0C D0 E5 04 0A CB 0C B7 0C 00 00
2025-08-10T00:51:28.546701,91.162,  can1  206  [16]  C7 0C CD 09 AF 0C 69 E5 04 0A D7 0C BB 0C 00 00
2025-08-10T00:51:28.546701,91.162,  can1  206  [16]  C3 0C CD 09 AB 0C 7E E4 07 0A DF 0C BB 0C 00 00
2025-08-10T00:51:28.546701,91.162,  can1  206  [16]  C7 0C D0 09 AB 0C D0 E5 04 0A D7 0C BB 0C 00 00
2025-08-10T00:51:29.098563,91.714,  can1  206  [16]  C3 0C C7 09 B3 0C 69 E5 02 0A D3 0C BB 0C 00 00
2025-08-10T00:51:29.098563,91.714,  can1  206  [16]  BF 0C C9 09 B3 0C FA E4 02 0A DB 0C BF 0C 00 00
2025-08-10T00:51:29.098563,91.714,  can1  206  [16]  C3 0C CD 09 BB 0C D0 E5 02 0A CB 0C BB 0C 00 00
2025-08-10T00:51:29.098563,91.714,  can1  204  [04]  4F 62 01 00
2025-08-10T00:51:29.098563,91.714,  can1  206  [16]  C7 0C CD 09 AB 0C 69 E5 02 0A D7 0C BF 0C 00 00
2025-08-10T00:51:29.779779,92.395,  can1  206  [16]  BF 0C CB 09 AF 0C D0 E5 04 0A DF 0C BF 0C 00 00
2025-08-10T00:51:29.779779,92.395,  can1  206  [16]  BF 0C CD 09 AF 0C 0C E9 02 0A D7 0C BF 0C 00 00
2025-08-10T00:51:29.779779,92.395,  can1  206  [16]  BF 0C CB 09 B3 0C FA E4 00 0A D3 0C BF 0C 00 00
2025-08-10T00:51:29.779779,92.395,  can1  206  [16]  C3 0C CB 09 B3 0C D0 E5 04 0A D7 0C BB 0C 00 00
2025-08-10T00:51:29.779779,92.395,  can1  206  [16]  A3 0C C7 09 B3 0C 69 E5 04 0A EC 0C DB 0C 00 00
2025-08-10T00:51:30.445895,93.061,  can1  206  [16]  C3 0C CD 09 B3 0C 69 E5 FE 09 D7 0C BF 0C 00 00
2025-08-10T00:51:30.449982,93.065,  can1  204  [04]  4F 62 01 00
2025-08-10T00:51:30.449982,93.065,  can1  206  [16]  C7 0C CB 09 A7 0C 7E E4 04 0A CF 0C BF 0C 00 00
2025-08-10T00:51:30.449982,93.065,  can1  206  [16]  C7 0C C9 09 AF 0C FA E4 04 0A D3 0C BB 0C 00 00
2025-08-10T00:51:30.449982,93.065,  can1  206  [16]  BF 0C CD 09 B3 0C 69 E5 02 0A D3 0C BF 0C 00 00
2025-08-10T00:51:31.102702,93.718,  can1  206  [16]  BF 0C C9 09 AF 0C 69 E5 04 0A D3 0C BF 0C 00 00
2025-08-10T00:51:31.107290,93.723,  can1  206  [16]  C7 0C D0 09 AF 0C FA E4 04 0A D3 0C BB 0C 00 00
2025-08-10T00:51:31.107290,93.723,  can1  206  [16]  BF 0C C9 09 AB 0C 69 E5 04 0A DB 0C BF 0C 00 00
2025-08-10T00:51:31.107290,93.723,  can1  206  [16]  C7 0C CD 09 B7 0C D0 E5 02 0A D3 0C B7 0C 00 00
2025-08-10T00:51:31.107290,93.723,  can1  204  [04]  4F 62 01 00
2025-08-10T00:51:31.107290,93.723,  can1  206  [16]  C7 0C C7 09 97 0C 69 E5 02 0A E8 0C C3 0C 00 00
2025-08-10T00:51:31.662116,94.278,  can1  206  [16]  C3 0C C7 09 B7 0C 69 E5 00 0A D7 0C BB 0C 00 00
2025-08-10T00:51:31.662116,94.278,  can1  206  [16]  C7 0C CD 09 A7 0C FA E4 07 0A DF 0C BF 0C 00 00
2025-08-10T00:51:31.662116,94.278,  can1  206  [16]  CB 0C CB 09 B3 0C FA E4 04 0A D7 0C B7 0C 00 00
2025-08-10T00:51:31.662116,94.278,  can1  206  [16]  BB 0C CB 09 B3 0C 69 E5 07 0A DF 0C C3 0C 00 00
2025-08-10T00:51:32.193046,94.809,  can1  206  [16]  BF 0C CB 09 B7 0C 69 E5 00 0A CF 0C BF 0C 00 00
2025-08-10T00:51:32.198088,94.814,  can1  206  [16]  C3 0C CB 09 A7 0C 7E E4 04 0A DB 0C C3 0C 00 00
2025-08-10T00:51:32.198088,94.814,  can1  206  [16]  CB 0C C9 09 AF 0C FA E4 02 0A DB 0C B3 0C 00 00
2025-08-10T00:51:32.201206,94.817,  can1  204  [04]  4F 62 01 00
2025-08-10T00:51:32.201206,94.817,  can1  206  [16]  C7 0C C9 09 AF 0C FA E4 02 0A DB 0C B7 0C 00 00
2025-08-10T00:51:32.856567,95.472,  can1  206  [16]  C3 0C CD 09 A7 0C 69 E5 04 0A E8 0C BB 0C 00 00
2025-08-10T00:51:32.856567,95.472,  can1  206  [16]  C3 0C C7 09 AF 0C FA E4 02 0A D7 0C BF 0C 00 00
2025-08-10T00:51:32.856567,95.472,  can1  206  [16]  D3 0C CD 09 AF 0C D0 E5 09 0A DB 0C AB 0C 00 00
2025-08-10T00:51:32.856567,95.472,  can1  206  [16]  BF 0C CD 09 B3 0C FA E4 04 0A D7 0C BB 0C 00 00
2025-08-10T00:51:32.856567,95.472,  can1  206  [16]  B7 0C CD 09 AF 0C 2E E6 04 0A C7 0C C7 0C 00 00
2025-08-10T00:51:33.420082,96.036,  can1  206  [16]  BF 0C D2 09 B3 0C FA E4 02 0A D3 0C BF 0C 00 00
2025-08-10T00:51:33.420082,96.036,  can1  204  [04]  4F 62 01 00
2025-08-10T00:51:33.436277,96.052,  can1  206  [16]  C7 0C CB 09 AF 0C 69 E5 02 0A D3 0C BB 0C 00 00
2025-08-10T00:51:33.436277,96.052,  can1  206  [16]  C7 0C CD 09 AF 0C 2E E6 02 0A D7 0C BB 0C 00 00
2025-08-10T00:51:33.436277,96.052,  can1  206  [16]  BB 0C C9 09 AB 0C 69 E5 02 0A DF 0C C3 0C 00 00
2025-08-10T00:51:33.960640,96.576,  can1  206  [16]  C7 0C CB 09 A7 0C 69 E5 02 0A D7 0C BF 0C 00 00
2025-08-10T00:51:33.976559,96.592,  can1  206  [16]  C3 0C CD 09 AF 0C 69 E5 07 0A D7 0C BF 0C 00 00
2025-08-10T00:51:33.976559,96.592,  can1  206  [16]  D3 0C CD 09 AF 0C D0 E5 04 0A D7 0C AF 0C 00 00
2025-08-10T00:51:33.976559,96.592,  can1  206  [16]  CB 0C CD 09 B3 0C FA E4 07 0A D7 0C B3 0C 00 00
2025-08-10T00:51:33.976559,96.592,  can1  204  [04]  4F 62 01 00
2025-08-10T00:51:34.512373,97.128,  can1  206  [16]  C7 0C CB 09 AB 0C 69 E5 FE 09 CF 0C BB 0C 00 00
2025-08-10T00:51:34.514298,97.130,  can1  206  [16]  C3 0C CD 09 AF 0C 69 E5 02 0A DF 0C BB 0C 00 00
2025-08-10T00:51:34.514298,97.130,  can1  206  [16]  D7 0C CB 09 B3 0C 69 E5 FE 09 D7 0C A7 0C 00 00
2025-08-10T00:51:34.514298,97.130,  can1  206  [16]  C7 0C CB 09 AF 0C 69 E5 04 0A D7 0C BB 0C 00 00
2025-08-10T00:51:35.072928,97.688,  can1  206  [16]  C3 0C C9 09 AF 0C D0 E5 02 0A D3 0C BB 0C 00 00
2025-08-10T00:51:35.097406,97.713,  can1  206  [16]  BF 0C CD 09 B7 0C D0 E5 04 0A D7 0C BF 0C 00 00
2025-08-10T00:51:35.097406,97.713,  can1  206  [16]  BB 0C CB 09 B3 0C FA E4 04 0A D7 0C C3 0C 00 00
2025-08-10T00:51:35.097406,97.713,  can1  204  [04]  4F 62 01 00
2025-08-10T00:51:35.097406,97.713,  can1  206  [16]  BB 0C CD 09 B7 0C 85 E6 04 0A D7 0C BF 0C 00 00
2025-08-10T00:51:35.732721,98.348,  can1  206  [16]  CB 0C CB 09 AF 0C FA E4 07 0A DB 0C B7 0C 00 00
2025-08-10T00:51:35.732721,98.348,  can1  206  [16]  EC 0C CD 09 B3 0C FA E4 07 0A DB 0C 93 0C 00 00
2025-08-10T00:51:35.732721,98.348,  can1  206  [16]  CB 0C CB 09 AB 0C 69 E5 00 0A D3 0C BB 0C 00 00
2025-08-10T00:51:35.732721,98.348,  can1  206  [16]  C7 0C CB 09 B3 0C 69 E5 04 0A D7 0C B7 0C 00 00
2025-08-10T00:51:35.732721,98.348,  can1  206  [16]  C7 0C CB 09 AB 0C D0 E5 00 0A D7 0C BB 0C 00 00
2025-08-10T00:51:36.381422,98.997,  can1  206  [16]  C7 0C CD 09 AB 0C D0 E5 04 0A DB 0C BF 0C 00 00
2025-08-10T00:51:36.381422,98.997,  can1  206  [16]  BF 0C D0 09 BB 0C D0 E5 07 0A DF 0C B7 0C 00 00
2025-08-10T00:51:36.381422,98.997,  can1  204  [04]  4F 62 01 00
2025-08-10T00:51:36.381422,98.997,  can1  206  [16]  C3 0C CB 09 B7 0C 69 E5 04 0A D3 0C BB 0C 00 00
2025-08-10T00:51:36.381422,98.997,  can1  206  [16]  BB 0C CB 09 AB 0C 69 E5 04 0A E4 0C C3 0C 00 00
2025-08-10T00:51:36.388811,99.004,  can1  206  [16]  AF 0C CB 09 C3 0C 69 E5 02 0A DB 0C BB 0C 00 00
2025-08-10T00:51:37.042508,99.658,  can1  206  [16]  BF 0C CB 09 AF 0C 69 E5 FE 09 DB 0C BF 0C 00 00
2025-08-10T00:51:37.042508,99.658,  can1  206  [16]  C7 0C CD 09 AF 0C 69 E5 04 0A C7 0C BB 0C 00 00
2025-08-10T00:51:37.042508,99.658,  can1  206  [16]  BF 0C CB 09 AF 0C 85 E6 04 0A DF 0C BF 0C 00 00
2025-08-10T00:51:37.042508,99.658,  can1  206  [16]  CB 0C CB 09 AB 0C D0 E5 FE 09 D7 0C BB 0C 00 00
2025-08-10T00:51:37.049485,99.665,  can1  204  [04]  4F 62 01 00
2025-08-10T00:51:37.049485,99.665,  can1  206  [16]  C3 0C CB 09 AF 0C 69 E5 00 0A DF 0C BF 0C 00 00
2025-08-10T00:51:37.588793,100.204,  can1  206  [16]  BF 0C CD 09 AF 0C 69 E5 00 0A DF 0C BF 0C 00 00
2025-08-10T00:51:37.588793,100.204,  can1  206  [16]  B7 0C CB 09 B3 0C 69 E5 04 0A D7 0C C7 0C 00 00
2025-08-10T00:51:37.588793,100.204,  can1  206  [16]  C3 0C CB 09 B3 0C 69 E5 00 0A D3 0C BB 0C 00 00
2025-08-10T00:51:37.588793,100.204,  can1  206  [16]  BF 0C D0 09 B3 0C 69 E5 04 0A D3 0C BF 0C 00 00
2025-08-10T00:51:38.250453,100.866,  can1  206  [16]  BF 0C CB 09 AF 0C 69 E5 00 0A D7 0C BF 0C 00 00
2025-08-10T00:51:38.250453,100.866,  can1  206  [16]  BF 0C D0 09 B3 0C FA E4 04 0A D7 0C BF 0C 00 00
2025-08-10T00:51:38.250453,100.866,  can1  204  [04]  4F 62 01 00
2025-08-10T00:51:38.252467,100.868,  can1  206  [16]  C3 0C D0 09 AF 0C F4 E3 02 0A DF 0C BB 0C 00 00
2025-08-10T00:51:38.257031,100.873,  can1  206  [16]  CF 0C D0 09 A7 0C 69 E5 04 0A D7 0C B7 0C 00 00
2025-08-10T00:51:38.901642,101.517,  can1  206  [16]  BF 0C CD 09 AF 0C 69 E5 04 0A D7 0C BF 0C 00 00
2025-08-10T00:51:38.901642,101.517,  can1  206  [16]  D3 0C CD 09 AB 0C 69 E5 02 0A DB 0C B3 0C 00 00
2025-08-10T00:51:38.904941,101.520,  can1  206  [16]  C7 0C CB 09 AB 0C 69 E5 04 0A D7 0C BB 0C 00 00
2025-08-10T00:51:38.904941,101.520,  can1  206  [16]  BF 0C CD 09 B3 0C 2E E6 07 0A DB 0C BF 0C 00 00
2025-08-10T00:51:38.904941,101.520,  can1  206  [16]  CB 0C CB 09 A7 0C 69 E5 02 0A D7 0C BF 0C 00 00
2025-08-10T00:51:39.562733,102.178,  can1  206  [16]  C7 0C CB 09 AB 0C 69 E5 04 0A D3 0C BF 0C 00 00
2025-08-10T00:51:39.562733,102.178,  can1  204  [04]  4F 62 01 00
2025-08-10T00:51:39.562733,102.178,  can1  206  [16]  C7 0C CB 09 AF 0C 69 E5 02 0A D3 0C BB 0C 00 00
2025-08-10T00:51:39.565275,102.181,  can1  206  [16]  C3 0C D2 09 B3 0C D0 E5 02 0A D3 0C BF 0C 00 00
2025-08-10T00:51:39.565275,102.181,  can1  206  [16]  C7 0C CD 09 B3 0C 69 E5 07 0A D3 0C B7 0C 00 00
2025-08-10T00:51:39.565275,102.181,  can1  206  [16]  BF 0C CB 09 B3 0C 69 E5 07 0A DB 0C BB 0C 00 00
2025-08-10T00:51:40.125817,102.741,  can1  206  [16]  C3 0C CB 09 B3 0C D0 E5 02 0A DB 0C BB 0C 00 00
2025-08-10T00:51:40.125817,102.741,  can1  206  [16]  B3 0C CB 09 B3 0C 69 E5 07 0A CF 0C CB 0C 00 00
2025-08-10T00:51:40.125817,102.741,  can1  206  [16]  BF 0C CB 09 B3 0C 69 E5 02 0A CF 0C BF 0C 00 00
2025-08-10T00:51:40.125817,102.741,  can1  204  [04]  4F 62 01 00
2025-08-10T00:51:40.125817,102.741,  can1  206  [16]  C3 0C CB 09 AF 0C 69 E5 04 0A DF 0C BB 0C 00 00
2025-08-10T00:51:40.644837,103.260,  can1  206  [16]  C3 0C CD 09 B7 0C FA E4 02 0A D7 0C BB 0C 00 00
2025-08-10T00:51:40.644837,103.260,  can1  206  [16]  CB 0C CD 09 AB 0C 69 E5 07 0A D7 0C BB 0C 00 00
2025-08-10T00:51:40.644837,103.260,  can1  206  [16]  C3 0C CD 09 B3 0C 69 E5 07 0A D7 0C B7 0C 00 00
2025-08-10T00:51:40.659720,103.275,  can1  206  [16]  D7 0C CD 09 A7 0C BB EA 07 0A DB 0C AB 0C 00 00
2025-08-10T00:51:41.316720,103.932,  can1  206  [16]  C3 0C C9 09 B3 0C 69 E5 07 0A D7 0C BB 0C 00 00
2025-08-10T00:51:41.316720,103.932,  can1  206  [16]  C3 0C CB 09 B3 0C 69 E5 04 0A D7 0C BB 0C 00 00
2025-08-10T00:51:41.321092,103.937,  can1  204  [04]  4F 62 01 00
2025-08-10T00:51:41.321092,103.937,  can1  206  [16]  CB 0C CB 09 A7 0C D0 E5 07 0A D7 0C BB 0C 00 00
2025-08-10T00:51:41.322115,103.938,  can1  206  [16]  BB 0C CD 09 A7 0C D0 E5 07 0A DF 0C C3 0C 00 00
2025-08-10T00:51:41.323775,103.939,  can1  206  [16]  BF 0C CB 09 AF 0C D0 E5 02 0A DB 0C BF 0C 00 00
2025-08-10T00:51:41.874215,104.490,  can1  206  [16]  D3 0C C9 09 AB 0C FA E4 07 0A D7 0C AF 0C 00 00
2025-08-10T00:51:41.874215,104.490,  can1  206  [16]  CB 0C D0 09 AB 0C FA E4 2F 0A DB 0C BB 0C 00 00
2025-08-10T00:51:41.874215,104.490,  can1  206  [16]  CF 0C CD 09 B3 0C FA E4 09 0A CB 0C B7 0C 00 00
2025-08-10T00:51:41.874215,104.490,  can1  206  [16]  C7 0C D0 09 AF 0C D0 E5 07 0A D7 0C B7 0C 00 00
2025-08-10T00:51:42.411676,105.027,  can1  204  [04]  4F 62 01 00
2025-08-10T00:51:42.418207,105.034,  can1  206  [16]  BB 0C CD 09 B3 0C FA E4 02 0A D7 0C C3 0C 00 00
2025-08-10T00:51:42.418207,105.034,  can1  206  [16]  B3 0C C9 09 AF 0C F4 E3 04 0A DB 0C CF 0C 00 00
2025-08-10T00:51:42.418207,105.034,  can1  206  [16]  B7 0C CD 09 B7 0C FA E4 02 0A CF 0C C3 0C 00 00
2025-08-10T00:51:42.418207,105.034,  can1  206  [16]  DB 0C CD 09 AF 0C 69 E5 00 0A D7 0C AB 0C 00 00
2025-08-10T00:51:43.067092,105.683,  can1  206  [16]  C3 0C CD 09 AF 0C B0 E7 04 0A DB 0C BB 0C 00 00
2025-08-10T00:51:43.069565,105.685,  can1  206  [16]  A7 0C CB 09 CB 0C 69 E5 04 0A CF 0C BF 0C 00 00
2025-08-10T00:51:43.069565,105.685,  can1  206  [16]  BF 0C CD 09 AF 0C 69 E5 02 0A D7 0C BF 0C 00 00
2025-08-10T00:51:43.074628,105.690,  can1  206  [16]  BF 0C CD 09 AF 0C FA E4 02 0A D3 0C BF 0C 00 00
2025-08-10T00:51:43.077236,105.693,  can1  204  [04]  4F 62 01 00
2025-08-10T00:51:43.832515,106.448,  can1  206  [16]  BF 0C CD 09 B7 0C D0 E5 04 0A CB 0C BF 0C 00 00
2025-08-10T00:51:43.848288,106.464,  can1  206  [16]  BB 0C CD 09 B3 0C 69 E5 02 0A D3 0C C3 0C 00 00
2025-08-10T00:51:43.848288,106.464,  can1  206  [16]  CB 0C CD 09 AF 0C 69 E5 02 0A CF 0C B7 0C 00 00
2025-08-10T00:51:43.848288,106.464,  can1  206  [16]  BF 0C CB 09 AF 0C B0 E7 02 0A CF 0C C3 0C 00 00
2025-08-10T00:51:43.848288,106.464,  can1  206  [16]  C3 0C CD 09 AF 0C D0 E5 04 0A DB 0C BF 0C 00 00
2025-08-10T00:51:43.848288,106.464,  can1  206  [16]  C3 0C D0 09 AB 0C D0 E5 04 0A DF 0C BF 0C 00 00
2025-08-10T00:51:44.501150,107.117,  can1  206  [16]  BB 0C CD 09 AF 0C D0 E5 02 0A CF 0C C3 0C 00 00
2025-08-10T00:51:44.506265,107.122,  can1  204  [04]  4F 62 01 00
2025-08-10T00:51:44.506265,107.122,  can1  206  [16]  BF 0C CD 09 AF 0C D0 E5 02 0A DB 0C C3 0C 00 00
2025-08-10T00:51:44.506265,107.122,  can1  206  [16]  C7 0C CB 09 A7 0C 69 E5 00 0A DF 0C BF 0C 00 00
2025-08-10T00:51:44.506265,107.122,  can1  206  [16]  C3 0C C9 09 AB 0C FA E4 04 0A C7 0C BF 0C 00 00
2025-08-10T00:51:44.506265,107.122,  can1  206  [16]  C3 0C CB 09 AB 0C D0 E5 FE 09 18 0D BF 0C 00 00
2025-08-10T00:51:45.041544,107.657,  can1  206  [16]  BF 0C CB 09 AF 0C B0 E7 04 0A D3 0C C3 0C 00 00
2025-08-10T00:51:45.041544,107.657,  can1  206  [16]  CF 0C CB 09 AF 0C FA E4 00 0A D3 0C B7 0C 00 00
2025-08-10T00:51:45.041544,107.657,  can1  206  [16]  C3 0C CD 09 AB 0C 69 E5 04 0A EC 0C BB 0C 00 00
2025-08-10T00:51:45.041544,107.657,  can1  204  [04]  4F 62 01 00
2025-08-10T00:51:45.041544,107.657,  can1  206  [16]  BF 0C CB 09 AF 0C 69 E5 02 0A CF 0C C3 0C 00 00
2025-08-10T00:51:45.595514,108.211,  can1  206  [16]  BB 0C D2 09 B3 0C 69 E5 02 0A D7 0C C3 0C 00 00
2025-08-10T00:51:45.595514,108.211,  can1  206  [16]  C7 0C CD 09 B3 0C D0 E5 FE 09 DB 0C B7 0C 00 00
2025-08-10T00:51:45.595514,108.211,  can1  206  [16]  BF 0C CB 09 A7 0C FA E4 02 0A DB 0C C7 0C 00 00
2025-08-10T00:51:45.602074,108.218,  can1  206  [16]  BF 0C C9 09 B3 0C FA E4 02 0A DB 0C BF 0C 00 00
2025-08-10T00:51:46.129298,108.745,  can1  206  [16]  C7 0C C9 09 B3 0C FA E4 07 0A D3 0C B7 0C 00 00
2025-08-10T00:51:46.129298,108.745,  can1  206  [16]  BF 0C CB 09 AB 0C 69 E5 00 0A D7 0C C3 0C 00 00
2025-08-10T00:51:46.137477,108.753,  can1  204  [04]  4F 62 01 00
2025-08-10T00:51:46.137477,108.753,  can1  206  [16]  CF 0C CD 09 AB 0C 69 E5 07 0A E8 0C B7 0C 00 00
2025-08-10T00:51:46.145116,108.761,  can1  206  [16]  CB 0C CB 09 AF 0C D0 E5 04 0A CF 0C B7 0C 00 00
2025-08-10T00:51:46.687527,109.303,  can1  206  [16]  D3 0C CD 09 BB 0C FA E4 00 0A BB 0C AB 0C 00 00
2025-08-10T00:51:46.687527,109.303,  can1  206  [16]  C7 0C C9 09 A7 0C D0 E5 04 0A DB 0C BF 0C 00 00
2025-08-10T00:51:46.687527,109.303,  can1  206  [16]  CF 0C D0 09 AF 0C D0 E5 04 0A D7 0C B7 0C 00 00
2025-08-10T00:51:46.687527,109.303,  can1  206  [16]  C7 0C C9 09 B3 0C 69 E5 04 0A D7 0C BB 0C 00 00
2025-08-10T00:51:47.229807,109.845,  can1  206  [16]  BF 0C CD 09 AF 0C 69 E5 02 0A DF 0C BB 0C 00 00
2025-08-10T00:51:47.229807,109.845,  can1  206  [16]  C3 0C CD 09 AF 0C 69 E5 07 0A DB 0C BB 0C 00 00
2025-08-10T00:51:47.229807,109.845,  can1  204  [04]  4F 62 01 00
2025-08-10T00:51:47.229807,109.845,  can1  206  [16]  CB 0C CD 09 AB 0C FA E4 09 0A D7 0C B7 0C 00 00
2025-08-10T00:51:47.229807,109.845,  can1  206  [16]  D3 0C CB 09 A3 0C FA E4 00 0A DF 0C B7 0C 00 00
2025-08-10T00:51:47.775595,110.391,  can1  206  [16]  C3 0C CB 09 AF 0C 69 E5 FE 09 DF 0C BF 0C 00 00
2025-08-10T00:51:47.775595,110.391,  can1  206  [16]  C3 0C CD 09 B3 0C 69 E5 02 0A DB 0C BB 0C 00 00
2025-08-10T00:51:47.775595,110.391,  can1  206  [16]  BF 0C CB 09 D3 0C 2E E6 02 0A AF 0C C3 0C 00 00
2025-08-10T00:51:47.775595,110.391,  can1  206  [16]  BB 0C CD 09 B7 0C 69 E5 04 0A D7 0C C3 0C 00 00
2025-08-10T00:51:48.327419,110.943,  can1  206  [16]  C3 0C C7 09 B3 0C 69 E5 04 0A D3 0C BF 0C 00 00
2025-08-10T00:51:48.327419,110.943,  can1  204  [04]  4F 62 01 00
2025-08-10T00:51:48.331511,110.947,  can1  206  [16]  BF 0C CD 09 AF 0C 69 E5 02 0A D7 0C C3 0C 00 00
2025-08-10T00:51:48.331511,110.947,  can1  206  [16]  C3 0C CB 09 B7 0C FA E4 00 0A D3 0C B7 0C 00 00
2025-08-10T00:51:48.333527,110.949,  can1  206  [16]  C7 0C C9 09 AF 0C 69 E5 F7 09 DB 0C BB 0C 00 00
2025-08-10T00:51:48.868725,111.484,  can1  206  [16]  C3 0C CB 09 AB 0C 69 E5 04 0A DB 0C BF 0C 00 00
2025-08-10T00:51:48.868725,111.484,  can1  206  [16]  C3 0C CB 09 AB 0C 69 E5 04 0A CF 0C C3 0C 00 00
2025-08-10T00:51:48.868725,111.484,  can1  206  [16]  C7 0C CD 09 AB 0C 69 E5 04 0A D7 0C BF 0C 00 00
2025-08-10T00:51:48.868725,111.484,  can1  206  [16]  B7 0C CD 09 B7 0C 2E E6 00 0A D7 0C C3 0C 00 00
2025-08-10T00:51:49.421189,112.037,  can1  204  [04]  4F 62 01 00
2025-08-10T00:51:49.427630,112.043,  can1  206  [16]  B3 0C CD 09 BB 0C 69 E5 04 0A D7 0C C3 0C 00 00
2025-08-10T00:51:49.427630,112.043,  can1  206  [16]  CB 0C CB 09 B7 0C 69 E5 07 0A D3 0C AF 0C 00 00
2025-08-10T00:51:49.433939,112.049,  can1  206  [16]  C7 0C C9 09 B3 0C 69 E5 00 0A D7 0C B7 0C 00 00
2025-08-10T00:51:49.433939,112.049,  can1  206  [16]  C3 0C CD 09 AF 0C 7E E4 02 0A D3 0C BF 0C 00 00
2025-08-10T00:51:49.967873,112.583,  can1  206  [16]  C3 0C CB 09 B3 0C 69 E5 00 0A D7 0C BB 0C 00 00
2025-08-10T00:51:49.967873,112.583,  can1  206  [16]  C3 0C C9 09 B3 0C 69 E5 FE 09 D7 0C BB 0C 00 00
2025-08-10T00:51:49.967873,112.583,  can1  206  [16]  C3 0C CB 09 B3 0C D0 E5 02 0A D3 0C BB 0C 00 00
2025-08-10T00:51:49.967873,112.583,  can1  206  [16]  BF 0C C7 09 A3 0C 69 E5 00 0A EC 0C BF 0C 00 00
2025-08-10T00:51:49.967873,112.583,  can1  204  [04]  4F 62 01 00
2025-08-10T00:51:50.518302,113.134,  can1  206  [16]  C3 0C CD 09 A7 0C 69 E5 02 0A DB 0C C3 0C 00 00
2025-08-10T00:51:50.518302,113.134,  can1  206  [16]  C7 0C C9 09 B7 0C 69 E5 04 0A D7 0C B7 0C 00 00
2025-08-10T00:51:50.518302,113.134,  can1  206  [16]  CB 0C D0 09 AF 0C FA E4 04 0A D7 0C B7 0C 00 00
2025-08-10T00:51:50.518302,113.134,  can1  206  [16]  C3 0C CD 09 B3 0C FA E4 04 0A DF 0C BB 0C 00 00
2025-08-10T00:51:51.060939,113.676,  can1  206  [16]  C3 0C C7 09 B7 0C 69 E5 FE 09 D3 0C BF 0C 00 00
2025-08-10T00:51:51.060939,113.676,  can1  206  [16]  CF 0C D4 09 B3 0C D0 E5 00 0A CF 0C B3 0C 00 00
2025-08-10T00:51:51.060939,113.676,  can1  206  [16]  CF 0C CB 09 AF 0C 69 E5 07 0A EC 0C B3 0C 00 00
2025-08-10T00:51:51.060939,113.676,  can1  204  [04]  4F 62 01 00
2025-08-10T00:51:51.060939,113.676,  can1  206  [16]  BF 0C CD 09 AF 0C D0 E5 04 0A DB 0C C3 0C 00 00
2025-08-10T00:51:51.603752,114.219,  can1  206  [16]  CB 0C CD 09 B3 0C 2E E6 04 0A D3 0C B7 0C 00 00
2025-08-10T00:51:51.607038,114.223,  can1  206  [16]  A3 0C CB 09 AF 0C 7E E4 07 0A DB 0C DB 0C 00 00
2025-08-10T00:51:51.609571,114.225,  can1  206  [16]  CB 0C CB 09 A7 0C D0 E5 02 0A DB 0C BB 0C 00 00
2025-08-10T00:51:51.609571,114.225,  can1  206  [16]  CB 0C CD 09 AB 0C 69 E5 04 0A DB 0C B7 0C 00 00
2025-08-10T00:51:52.156708,114.772,  can1  206  [16]  BB 0C C9 09 AF 0C D0 E5 07 0A D3 0C C3 0C 00 00
2025-08-10T00:51:52.156708,114.772,  can1  206  [16]  C3 0C CD 09 A7 0C 2E E6 04 0A DF 0C C3 0C 00 00
2025-08-10T00:51:52.160626,114.776,  can1  204  [04]  4F 62 01 00
2025-08-10T00:51:52.160626,114.776,  can1  206  [16]  DF 0C CB 09 A3 0C 69 E5 00 0A DF 0C A7 0C 00 00
2025-08-10T00:51:52.160626,114.776,  can1  206  [16]  BB 0C D0 09 B3 0C 2E E6 02 0A D3 0C C3 0C 00 00
2025-08-10T00:51:52.693755,115.309,  can1  206  [16]  CB 0C CB 09 B3 0C FA E4 00 0A DB 0C B3 0C 00 00
2025-08-10T00:51:52.693755,115.309,  can1  206  [16]  CB 0C CD 09 AB 0C FA E4 04 0A D7 0C BB 0C 00 00
2025-08-10T00:51:52.693755,115.309,  can1  206  [16]  C3 0C D2 09 B3 0C FA E4 07 0A DB 0C BB 0C 00 00
2025-08-10T00:51:52.708132,115.324,  can1  206  [16]  C7 0C CB 09 AF 0C 69 E5 04 0A D3 0C BB 0C 00 00
2025-08-10T00:51:53.238081,115.854,  can1  206  [16]  C3 0C C9 09 B3 0C 69 E5 02 0A D3 0C BB 0C 00 00
2025-08-10T00:51:53.239590,115.855,  can1  204  [04]  4F 62 01 00
2025-08-10T00:51:53.240837,115.856,  can1  206  [16]  C7 0C CB 09 AB 0C FA E4 02 0A D7 0C BB 0C 00 00
2025-08-10T00:51:53.240837,115.856,  can1  206  [16]  C3 0C CB 09 AF 0C 2E E6 07 0A DB 0C BB 0C 00 00
2025-08-10T00:51:53.240837,115.856,  can1  206  [16]  C7 0C CB 09 A7 0C FA E4 02 0A EC 0C B3 0C 00 00
2025-08-10T00:51:53.892423,116.508,  can1  206  [16]  BF 0C CB 09 A7 0C 69 E5 04 0A E4 0C C3 0C 00 00
2025-08-10T00:51:53.892423,116.508,  can1  206  [16]  C3 0C CD 09 AB 0C FA E4 04 0A CB 0C BF 0C 00 00
2025-08-10T00:51:53.892423,116.508,  can1  206  [16]  C3 0C CD 09 AF 0C D0 E5 07 0A DF 0C BB 0C 00 00
2025-08-10T00:51:53.892423,116.508,  can1  206  [16]  C3 0C D2 09 97 0C 7E E4 04 0A EC 0C BF 0C 00 00
2025-08-10T00:51:53.892423,116.508,  can1  206  [16]  C7 0C C9 09 AF 0C 69 E5 04 0A DF 0C B7 0C 00 00
2025-08-10T00:51:54.456732,117.072,  can1  204  [04]  4F 62 01 00
2025-08-10T00:51:54.456732,117.072,  can1  206  [16]  BF 0C D0 09 B3 0C 57 E3 02 0A D3 0C BF 0C 00 00
2025-08-10T00:51:54.456732,117.072,  can1  206  [16]  C3 0C D2 09 AF 0C D0 E5 02 0A D3 0C BF 0C 00 00
2025-08-10T00:51:54.456732,117.072,  can1  206  [16]  CB 0C CB 09 B7 0C F4 E3 04 0A CF 0C B3 0C 00 00
2025-08-10T00:51:54.456732,117.072,  can1  206  [16]  C3 0C D6 09 AF 0C 69 E5 02 0A CF 0C BF 0C 00 00
2025-08-10T00:51:54.993492,117.609,  can1  206  [16]  C3 0C CB 09 B3 0C D0 E5 00 0A D7 0C BB 0C 00 00
2025-08-10T00:51:54.993492,117.609,  can1  206  [16]  C3 0C CB 09 A7 0C FA E4 04 0A DB 0C BF 0C 00 00
2025-08-10T00:51:54.993492,117.609,  can1  206  [16]  C7 0C CB 09 AF 0C 69 E5 04 0A D7 0C BB 0C 00 00
2025-08-10T00:51:54.993492,117.609,  can1  204  [04]  4F 62 01 00
2025-08-10T00:51:54.993492,117.609,  can1  206  [16]  C3 0C CB 09 A7 0C 69 E5 00 0A E4 0C C3 0C 00 00
2025-08-10T00:51:55.537547,118.153,  can1  206  [16]  BF 0C CB 09 B3 0C F4 E3 FE 09 D3 0C BB 0C 00 00
2025-08-10T00:51:55.546081,118.162,  can1  206  [16]  CB 0C CB 09 A7 0C D0 E5 04 0A DB 0C BB 0C 00 00
2025-08-10T00:51:55.546081,118.162,  can1  206  [16]  BF 0C C9 09 AB 0C 69 E5 02 0A 93 0C C3 0C 00 00
2025-08-10T00:51:55.546081,118.162,  can1  206  [16]  CB 0C CB 09 A7 0C FA E4 EA 09 DB 0C BB 0C 00 00
2025-08-10T00:51:56.080944,118.696,  can1  206  [16]  D7 0C D8 09 AF 0C D0 E5 04 0A DB 0C AB 0C 00 00
2025-08-10T00:51:56.096682,118.712,  can1  206  [16]  BF 0C CB 09 AF 0C 69 E5 04 0A D7 0C BF 0C 00 00
2025-08-10T00:51:56.096682,118.712,  can1  204  [04]  4F 62 01 00
2025-08-10T00:51:56.096682,118.712,  can1  206  [16]  CF 0C CB 09 A3 0C 69 E5 04 0A D7 0C BB 0C 00 00
2025-08-10T00:51:56.642540,119.258,  can1  206  [16]  BF 0C D4 09 BF 0C 69 E5 00 0A D3 0C BF 0C 00 00
2025-08-10T00:51:56.642540,119.258,  can1  206  [16]  C7 0C C9 09 AF 0C 69 E5 09 0A DB 0C BB 0C 00 00
2025-08-10T00:51:56.642540,119.258,  can1  206  [16]  BF 0C CB 09 AB 0C 69 E5 02 0A CF 0C C7 0C 00 00
2025-08-10T00:51:56.642540,119.258,  can1  206  [16]  CB 0C CD 09 B3 0C 69 E5 04 0A D3 0C B3 0C 00 00
2025-08-10T00:51:56.647773,119.263,  can1  206  [16]  C3 0C CD 09 AF 0C 69 E5 02 0A DB 0C BB 0C 00 00
2025-08-10T00:51:57.180434,119.796,  can1  206  [16]  83 0C D0 09 B3 0C 69 E5 07 0A D3 0C FC 0C 00 00
2025-08-10T00:51:57.180434,119.796,  can1  204  [04]  4F 62 01 00
2025-08-10T00:51:57.180434,119.796,  can1  206  [16]  AF 0C D0 09 A3 0C 69 E5 00 0A E4 0C CF 0C 00 00
2025-08-10T00:51:57.180434,119.796,  can1  206  [16]  BF 0C CB 09 97 0C 69 E5 07 0A D7 0C D3 0C 00 00
2025-08-10T00:51:57.180434,119.796,  can1  206  [16]  BF 0C CB 09 B3 0C 7E E4 FE 09 D3 0C BF 0C 00 00
2025-08-10T00:51:57.721856,120.337,  can1  206  [16]  BB 0C C9 09 B3 0C 2E E6 00 0A D3 0C C3 0C 00 00
2025-08-10T00:51:57.725611,120.341,  can1  206  [16]  BF 0C CD 09 B3 0C 69 E5 00 0A D7 0C BF 0C 00 00
2025-08-10T00:51:57.725611,120.341,  can1  206  [16]  C3 0C B1 09 AF 0C FA E4 07 0A DB 0C BB 0C 00 00
2025-08-10T00:51:58.279222,120.895,  can1  206  [16]  C7 0C CB 09 AF 0C 2E E6 00 0A D3 0C BB 0C 00 00
2025-08-10T00:51:58.279222,120.895,  can1  206  [16]  AF 0C CB 09 C7 0C F4 E3 04 0A D7 0C BB 0C 00 00
2025-08-10T00:51:58.279222,120.895,  can1  204  [04]  4F 62 01 00
2025-08-10T00:51:58.279222,120.895,  can1  206  [16]  C3 0C CD 09 B3 0C 69 E5 04 0A D3 0C BB 0C 00 00
2025-08-10T00:51:58.279222,120.895,  can1  206  [16]  BF 0C CD 09 AB 0C 69 E5 02 0A D7 0C C3 0C 00 00
2025-08-10T00:51:58.279222,120.895,  can1  206  [16]  C3 0C CB 09 AF 0C FA E4 02 0A D3 0C BF 0C 00 00
2025-08-10T00:51:58.820040,121.436,  can1  206  [16]  CB 0C CD 09 BB 0C 69 E5 04 0A CF 0C B7 0C 00 00
2025-08-10T00:51:58.820040,121.436,  can1  206  [16]  BF 0C CD 09 B7 0C 69 E5 04 0A D7 0C BB 0C 00 00
2025-08-10T00:51:58.820040,121.436,  can1  206  [16]  C7 0C CD 09 AF 0C FA E4 07 0A D7 0C BB 0C 00 00
2025-08-10T00:51:58.820040,121.436,  can1  206  [16]  C3 0C CB 09 BF 0C 69 E5 02 0A CF 0C BB 0C 00 00
2025-08-10T00:51:59.374752,121.990,  can1  204  [04]  4F 62 01 00
2025-08-10T00:51:59.374752,121.990,  can1  206  [16]  BB 0C CB 09 AF 0C D0 E5 04 0A DF 0C C3 0C 00 00
2025-08-10T00:51:59.374752,121.990,  can1  206  [16]  C3 0C CD 09 AB 0C D0 E5 00 0A D3 0C C3 0C 00 00
2025-08-10T00:51:59.374752,121.990,  can1  206  [16]  C3 0C CD 09 AF 0C FA E4 FE 09 D3 0C BF 0C 00 00
2025-08-10T00:51:59.374752,121.990,  can1  206  [16]  BB 0C D0 09 B3 0C 69 E5 04 0A DF 0C BF 0C 00 00
2025-08-10T00:51:59.940211,122.556,  can1  206  [16]  BF 0C CB 09 B3 0C 69 E5 02 0A D7 0C C3 0C 00 00
2025-08-10T00:51:59.940211,122.556,  can1  206  [16]  C3 0C C7 09 AB 0C FA E4 02 0A D7 0C BF 0C 00 00
2025-08-10T00:51:59.940211,122.556,  can1  206  [16]  C7 0C CB 09 AB 0C FA E4 02 0A DB 0C BB 0C 00 00
2025-08-10T00:51:59.940211,122.556,  can1  204  [04]  4F 62 01 00
2025-08-10T00:51:59.940211,122.556,  can1  206  [16]  C7 0C CB 09 AF 0C 96 EA 02 0A C7 0C BB 0C 00 00
2025-08-10T00:52:00.484243,123.100,  can1  206  [16]  BB 0C C9 09 AB 0C D7 E6 04 0A D7 0C C7 0C 00 00
2025-08-10T00:52:00.484243,123.100,  can1  206  [16]  C3 0C CD 09 9F 0C FA E4 02 0A E4 0C BF 0C 00 00
2025-08-10T00:52:00.484243,123.100,  can1  206  [16]  BF 0C D8 09 BF 0C 69 E5 02 0A C7 0C BF 0C 00 00
2025-08-10T00:52:00.491714,123.107,  can1  206  [16]  C3 0C CD 09 B3 0C 85 E6 09 0A DB 0C BB 0C 00 00
2025-08-10T00:52:01.030013,123.646,  can1  206  [16]  CB 0C CD 09 AF 0C 69 E5 04 0A D3 0C B7 0C 00 00
2025-08-10T00:52:01.030013,123.646,  can1  206  [16]  C7 0C CB 09 B3 0C 57 E3 02 0A D7 0C B7 0C 00 00
2025-08-10T00:52:01.030013,123.646,  can1  206  [16]  C3 0C CD 09 AF 0C 69 E5 04 0A D7 0C BF 0C 00 00
2025-08-10T00:52:01.030013,123.646,  can1  204  [04]  4F 62 01 00
2025-08-10T00:52:01.577604,124.193,  can1  206  [16]  CF 0C CB 09 AF 0C FA E4 09 0A D3 0C B3 0C 00 00
2025-08-10T00:52:01.577604,124.193,  can1  206  [16]  BF 0C CB 09 AF 0C D0 E5 02 0A D3 0C BF 0C 00 00
2025-08-10T00:52:01.587369,124.203,  can1  206  [16]  BF 0C D0 09 B7 0C 69 E5 02 0A C7 0C BB 0C 00 00
2025-08-10T00:52:01.587369,124.203,  can1  206  [16]  BF 0C D0 09 9F 0C D0 E5 00 0A EC 0C BF 0C 00 00
2025-08-10T00:52:01.587369,124.203,  can1  206  [16]  CF 0C CB 09 AB 0C 57 E3 04 0A D3 0C B7 0C 00 00
2025-08-10T00:52:02.128770,124.744,  can1  206  [16]  C3 0C C9 09 AF 0C 69 E5 04 0A DB 0C BB 0C 00 00
2025-08-10T00:52:02.128770,124.744,  can1  206  [16]  BB 0C D0 09 AF 0C D0 E5 02 0A D3 0C C3 0C 00 00
2025-08-10T00:52:02.132803,124.748,  can1  204  [04]  4F 62 01 00
2025-08-10T00:52:02.132803,124.748,  can1  206  [16]  C3 0C CD 09 A7 0C D0 E5 07 0A D3 0C C3 0C 00 00
2025-08-10T00:52:02.132803,124.748,  can1  206  [16]  C3 0C CB 09 AF 0C 69 E5 04 0A DB 0C BF 0C 00 00
2025-08-10T00:52:02.778039,125.394,  can1  206  [16]  BF 0C CD 09 AB 0C 69 E5 00 0A DB 0C C3 0C 00 00
2025-08-10T00:52:02.778039,125.394,  can1  206  [16]  CB 0C CD 09 AF 0C 69 E5 00 0A D7 0C B7 0C 00 00
2025-08-10T00:52:02.778039,125.394,  can1  206  [16]  CB 0C D0 09 B3 0C 69 E5 07 0A D7 0C B3 0C 00 00
2025-08-10T00:52:02.778039,125.394,  can1  206  [16]  B7 0C C7 09 BB 0C FA E4 04 0A D7 0C BF 0C 00 00
2025-08-10T00:52:03.333488,125.949,  can1  206  [16]  C7 0C CD 09 A7 0C D0 E5 04 0A DB 0C BF 0C 00 00
2025-08-10T00:52:03.335507,125.951,  can1  204  [04]  4F 62 01 00
2025-08-10T00:52:03.335507,125.951,  can1  206  [16]  CF 0C D0 09 A7 0C FA E4 02 0A D7 0C BB 0C 00 00
2025-08-10T00:52:03.335507,125.951,  can1  206  [16]  CB 0C CD 09 B3 0C DA DC 04 0A D7 0C B7 0C 00 00
2025-08-10T00:52:03.335507,125.951,  can1  206  [16]  C7 0C CB 09 AF 0C F4 E3 00 0A D3 0C BB 0C 00 00
2025-08-10T00:52:03.893917,126.509,  can1  206  [16]  C3 0C CD 09 B3 0C 69 E5 02 0A D3 0C BB 0C 00 00
2025-08-10T00:52:03.893917,126.509,  can1  206  [16]  C7 0C CB 09 B3 0C 69 E5 02 0A D3 0C B7 0C 00 00
2025-08-10T00:52:03.893917,126.509,  can1  206  [16]  CB 0C CD 09 B7 0C 69 E5 02 0A D3 0C B3 0C 00 00
2025-08-10T00:52:03.893917,126.509,  can1  206  [16]  C3 0C CD 09 B3 0C 69 E5 00 0A CB 0C BB 0C 00 00
2025-08-10T00:52:03.893917,126.509,  can1  204  [04]  4F 62 01 00
2025-08-10T00:52:03.893917,126.509,  can1  206  [16]  C7 0C D0 09 AF 0C 69 E5 02 0A E4 0C B7 0C 00 00
2025-08-10T00:52:04.439076,127.055,  can1  206  [16]  B7 0C CB 09 AF 0C 69 E5 02 0A D7 0C CB 0C 00 00
2025-08-10T00:52:04.439076,127.055,  can1  206  [16]  CB 0C C9 09 AF 0C 69 E5 04 0A D7 0C B3 0C 00 00
2025-08-10T00:52:04.439076,127.055,  can1  206  [16]  BF 0C CB 09 B3 0C 69 E5 02 0A D3 0C BF 0C 00 00
2025-08-10T00:52:05.002064,127.618,  can1  206  [16]  C7 0C CB 09 A7 0C FA E4 04 0A DB 0C BF 0C 00 00
2025-08-10T00:52:05.007151,127.623,  can1  206  [16]  C3 0C D0 09 AF 0C 69 E5 FE 09 DB 0C BB 0C 00 00
2025-08-10T00:52:05.007151,127.623,  can1  206  [16]  BB 0C D0 09 AF 0C 69 E5 04 0A D7 0C C3 0C 00 00
2025-08-10T00:52:05.007151,127.623,  can1  206  [16]  C3 0C C9 09 AB 0C D0 E5 02 0A DB 0C BF 0C 00 00
2025-08-10T00:52:05.007151,127.623,  can1  204  [04]  4F 62 01 00
2025-08-10T00:52:05.543577,128.159,  can1  206  [16]  C7 0C CB 09 AB 0C 69 E5 04 0A DB 0C BB 0C 00 00
2025-08-10T00:52:05.543577,128.159,  can1  206  [16]  BF 0C CD 09 AF 0C 2E E6 02 0A D3 0C C3 0C 00 00
2025-08-10T00:52:05.543577,128.159,  can1  206  [16]  C7 0C C5 09 AB 0C D0 E5 02 0A D7 0C BB 0C 00 00
2025-08-10T00:52:05.543577,128.159,  can1  206  [16]  C7 0C CD 09 A7 0C 69 E5 00 0A D3 0C BF 0C 00 00
2025-08-10T00:52:05.543577,128.159,  can1  206  [16]  C3 0C CB 09 A7 0C D0 E5 02 0A E4 0C BB 0C 00 00
2025-08-10T00:52:06.106635,128.722,  can1  206  [16]  CB 0C C9 09 AB 0C FA E4 07 0A DB 0C BB 0C 00 00
2025-08-10T00:52:06.106635,128.722,  can1  206  [16]  C7 0C CB 09 AB 0C 69 E5 02 0A D7 0C BB 0C 00 00
2025-08-10T00:52:06.107543,128.723,  can1  204  [04]  4F 62 01 00
2025-08-10T00:52:06.109681,128.725,  can1  206  [16]  CF 0C CB 09 A3 0C 2E E6 0B 0A D7 0C BB 0C 00 00
2025-08-10T00:52:06.109681,128.725,  can1  206  [16]  C3 0C CD 09 AF 0C D0 E5 04 0A D7 0C BB 0C 00 00
2025-08-10T00:52:06.631938,129.247,  can1  206  [16]  BF 0C CD 09 B3 0C D0 E5 02 0A D7 0C BF 0C 00 00
2025-08-10T00:52:06.631938,129.247,  can1  206  [16]  CF 0C C0 09 B3 0C 69 E5 02 0A D3 0C AF 0C 00 00
2025-08-10T00:52:06.635577,129.251,  can1  206  [16]  C7 0C CD 09 AF 0C 2E E6 04 0A D7 0C BB 0C 00 00
2025-08-10T00:52:07.203680,129.819,  can1  206  [16]  CB 0C CB 09 AF 0C 69 E5 04 0A DB 0C B7 0C 00 00
2025-08-10T00:52:07.210211,129.826,  can1  206  [16]  B7 0C CB 09 AB 0C FA E4 02 0A DB 0C C7 0C 00 00
2025-08-10T00:52:07.210211,129.826,  can1  204  [04]  4F 62 01 00
2025-08-10T00:52:07.210211,129.826,  can1  206  [16]  CB 0C CD 09 A7 0C 69 E5 02 0A D7 0C BB 0C 00 00
2025-08-10T00:52:07.217747,129.833,  can1  206  [16]  C3 0C CD 09 A3 0C 7E E4 02 0A E4 0C BB 0C 00 00
2025-08-10T00:52:07.219829,129.835,  can1  206  [16]  BF 0C C7 09 AB 0C FA E4 02 0A D3 0C C3 0C 00 00
2025-08-10T00:52:07.760823,130.376,  can1  206  [16]  C7 0C D0 09 AB 0C 69 E5 04 0A DF 0C BB 0C 00 00
2025-08-10T00:52:07.760823,130.376,  can1  206  [16]  BF 0C C7 09 BF 0C FA E4 04 0A C7 0C BF 0C 00 00
2025-08-10T00:52:07.760823,130.376,  can1  206  [16]  BF 0C D0 09 B3 0C FA E4 02 0A D3 0C BF 0C 00 00
2025-08-10T00:52:08.303701,130.919,  can1  206  [16]  C3 0C CB 09 B3 0C 69 E5 02 0A DF 0C B7 0C 00 00
2025-08-10T00:52:08.303701,130.919,  can1  204  [04]  4F 62 01 00
2025-08-10T00:52:08.303701,130.919,  can1  206  [16]  C7 0C C9 09 AF 0C D7 E6 E8 09 CF 0C BB 0C 00 00
2025-08-10T00:52:08.303701,130.919,  can1  206  [16]  C7 0C CB 09 AB 0C FA E4 02 0A D3 0C BF 0C 00 00
2025-08-10T00:52:08.303701,130.919,  can1  206  [16]  BB 0C D0 09 AF 0C 2E E6 04 0A D7 0C C3 0C 00 00
2025-08-10T00:52:08.310546,130.926,  can1  206  [16]  BF 0C C2 09 AF 0C D0 E5 07 0A DB 0C BF 0C 00 00
2025-08-10T00:52:08.859404,131.475,  can1  206  [16]  CB 0C C0 09 B3 0C FA E4 09 0A DB 0C B3 0C 00 00
2025-08-10T00:52:08.859404,131.475,  can1  206  [16]  BF 0C D0 09 AB 0C D0 E5 02 0A DF 0C BF 0C 00 00
2025-08-10T00:52:08.859404,131.475,  can1  206  [16]  C3 0C D0 09 B7 0C 69 E5 04 0A DB 0C B3 0C 00 00
2025-08-10T00:52:09.397737,132.013,  can1  206  [16]  C3 0C CD 09 B7 0C 69 E5 09 0A DB 0C B7 0C 00 00
2025-08-10T00:52:09.397737,132.013,  can1  204  [04]  4F 62 01 00
2025-08-10T00:52:09.397737,132.013,  can1  206  [16]  C3 0C CD 09 AF 0C 69 E5 02 0A D7 0C BF 0C 00 00
2025-08-10T00:52:09.397737,132.013,  can1  206  [16]  C7 0C CB 09 AF 0C 69 E5 02 0A DF 0C B7 0C 00 00
2025-08-10T00:52:09.397737,132.013,  can1  206  [16]  BF 0C CD 09 AF 0C 2E E6 00 0A D7 0C BF 0C 00 00
2025-08-10T00:52:09.963329,132.579,  can1  206  [16]  C3 0C CB 09 AF 0C D0 E5 04 0A D7 0C BF 0C 00 00
2025-08-10T00:52:09.963329,132.579,  can1  206  [16]  CF 0C C2 09 AF 0C 69 E5 09 0A DB 0C B3 0C 00 00
2025-08-10T00:52:09.963329,132.579,  can1  206  [16]  C3 0C CD 09 AF 0C D0 E5 02 0A CF 0C C3 0C 00 00
2025-08-10T00:52:09.963329,132.579,  can1  206  [16]  C7 0C C9 09 AF 0C 69 E5 02 0A D7 0C BB 0C 00 00
2025-08-10T00:52:09.963329,132.579,  can1  204  [04]  4F 62 01 00
2025-08-10T00:52:09.963329,132.579,  can1  206  [16]  C7 0C CD 09 AB 0C 69 E5 00 0A DF 0C BB 0C 00 00
2025-08-10T00:52:10.517607,133.133,  can1  206  [16]  BF 0C CB 09 AF 0C FA E4 04 0A D3 0C C3 0C 00 00
2025-08-10T00:52:10.524282,133.140,  can1  206  [16]  C3 0C CD 09 AF 0C D0 E5 04 0A DF 0C BB 0C 00 00
2025-08-10T00:52:10.524282,133.140,  can1  206  [16]  C7 0C D4 09 AF 0C 69 E5 04 0A CB 0C BF 0C 00 00
2025-08-10T00:52:10.524282,133.140,  can1  206  [16]  B7 0C C9 09 B3 0C 6C E7 04 0A D7 0C C7 0C 00 00
2025-08-10T00:52:11.079314,133.695,  can1  206  [16]  CB 0C C9 09 AB 0C D0 E5 02 0A D3 0C BB 0C 00 00
2025-08-10T00:52:11.079314,133.695,  can1  206  [16]  C7 0C C7 09 AB 0C 69 E5 07 0A D7 0C BF 0C 00 00
2025-08-10T00:52:11.079314,133.695,  can1  204  [04]  4F 62 01 00
2025-08-10T00:52:11.079314,133.695,  can1  206  [16]  BF 0C D0 09 B3 0C 69 E5 02 0A D7 0C BF 0C 00 00
2025-08-10T00:52:11.627643,134.243,  can1  206  [16]  BF 0C D8 09 AF 0C 6C E7 02 0A D7 0C BF 0C 00 00
2025-08-10T00:52:11.630285,134.246,  can1  206  [16]  C3 0C C9 09 B3 0C 69 E5 07 0A D7 0C BB 0C 00 00
2025-08-10T00:52:11.630285,134.246,  can1  206  [16]  BB 0C CD 09 AF 0C D0 E5 04 0A DF 0C C3 0C 00 00
2025-08-10T00:52:11.630285,134.246,  can1  206  [16]  BF 0C D0 09 AF 0C FA E4 00 0A D7 0C BF 0C 00 00
2025-08-10T00:52:11.630285,134.246,  can1  206  [16]  BF 0C C9 09 BB 0C FA E4 07 0A CF 0C BB 0C 00 00
2025-08-10T00:52:12.186269,134.802,  can1  206  [16]  CB 0C CD 09 AB 0C 69 E5 FE 09 D3 0C BB 0C 00 00
2025-08-10T00:52:12.186269,134.802,  can1  206  [16]  C7 0C CB 09 A7 0C 2E E6 07 0A DB 0C BF 0C 00 00
2025-08-10T00:52:12.188281,134.804,  can1  204  [04]  4F 62 01 00
2025-08-10T00:52:12.192287,134.808,  can1  206  [16]  C7 0C CD 09 B7 0C 2E E6 02 0A CF 0C B7 0C 00 00
2025-08-10T00:52:12.192287,134.808,  can1  206  [16]  C3 0C CD 09 AF 0C 69 E5 07 0A D3 0C BF 0C 00 00
2025-08-10T00:52:12.748731,135.364,  can1  206  [16]  C3 0C CD 09 AF 0C D0 E5 07 0A E4 0C BB 0C 00 00
2025-08-10T00:52:12.748731,135.364,  can1  206  [16]  CB 0C CD 09 AB 0C 69 E5 02 0A DF 0C BB 0C 00 00
2025-08-10T00:52:12.751251,135.367,  can1  206  [16]  BB 0C C9 09 AF 0C FA E4 04 0A D3 0C C7 0C 00 00
2025-08-10T00:52:12.751251,135.367,  can1  206  [16]  B7 0C D0 09 BB 0C FA E4 02 0A E4 0C BB 0C 00 00
2025-08-10T00:52:13.294926,135.910,  can1  206  [16]  C7 0C CD 09 AF 0C B1 E0 02 0A D7 0C BB 0C 00 00
2025-08-10T00:52:13.294926,135.910,  can1  204  [04]  4F 62 01 00
2025-08-10T00:52:13.294926,135.910,  can1  206  [16]  D3 0C CB 09 AB 0C FA E4 00 0A DB 0C B3 0C 00 00
2025-08-10T00:52:13.294926,135.910,  can1  206  [16]  C7 0C C9 09 B3 0C 69 E5 02 0A D7 0C BB 0C 00 00
2025-08-10T00:52:13.294926,135.910,  can1  206  [16]  C3 0C D0 09 AF 0C 69 E5 04 0A D7 0C BF 0C 00 00
2025-08-10T00:52:13.836522,136.452,  can1  206  [16]  CB 0C CB 09 A7 0C 69 E5 04 0A DF 0C BB 0C 00 00
2025-08-10T00:52:13.836522,136.452,  can1  206  [16]  C7 0C CB 09 AF 0C 69 E5 02 0A D7 0C BB 0C 00 00
2025-08-10T00:52:13.846605,136.462,  can1  206  [16]  C7 0C CD 09 AB 0C D0 E5 00 0A D7 0C BB 0C 00 00
2025-08-10T00:52:13.846605,136.462,  can1  206  [16]  BF 0C CB 09 B3 0C 69 E5 00 0A D7 0C BF 0C 00 00
2025-08-10T00:52:13.848618,136.464,  can1  204  [04]  4F 62 01 00
2025-08-10T00:52:14.391118,137.007,  can1  206  [16]  CB 0C CB 09 AF 0C 69 E5 07 0A D3 0C BB 0C 00 00
2025-08-10T00:52:14.393129,137.009,  can1  206  [16]  C3 0C CD 09 AF 0C 69 E5 07 0A D7 0C BF 0C 00 00
2025-08-10T00:52:14.393129,137.009,  can1  206  [16]  C7 0C CB 09 B3 0C 69 E5 04 0A D3 0C B7 0C 00 00
2025-08-10T00:52:14.393129,137.009,  can1  206  [16]  C3 0C CD 09 A7 0C D0 E5 02 0A E8 0C BB 0C 00 00
2025-08-10T00:52:14.939500,137.555,  can1  206  [16]  C3 0C CD 09 AB 0C D0 E5 00 0A DB 0C BF 0C 00 00
2025-08-10T00:52:14.940126,137.556,  can1  206  [16]  CB 0C CB 09 AF 0C FA E4 04 0A D7 0C B7 0C 00 00
2025-08-10T00:52:14.947274,137.563,  can1  206  [16]  C7 0C D0 09 A3 0C 69 E5 04 0A DF 0C BB 0C 00 00
2025-08-10T00:52:14.947274,137.563,  can1  204  [04]  4F 62 01 00
2025-08-10T00:52:14.947274,137.563,  can1  206  [16]  CB 0C C9 09 A7 0C D0 E5 04 0A DB 0C BB 0C 00 00
2025-08-10T00:52:15.583950,138.199,  can1  206  [16]  CB 0C D0 09 AF 0C 69 E5 07 0A D3 0C B7 0C 00 00
2025-08-10T00:52:15.583950,138.199,  can1  206  [16]  B7 0C CD 09 BF 0C 69 E5 00 0A DB 0C BB 0C 00 00
2025-08-10T00:52:15.588699,138.204,  can1  206  [16]  D7 0C CD 09 A7 0C 69 E5 02 0A DF 0C AB 0C 00 00
2025-08-10T00:52:15.591157,138.207,  can1  206  [16]  D3 0C CD 09 AB 0C D0 E5 02 0A DF 0C AF 0C 00 00
2025-08-10T00:52:15.591157,138.207,  can1  206  [16]  BF 0C CD 09 B3 0C 69 E5 07 0A D7 0C BF 0C 00 00
2025-08-10T00:52:16.147809,138.763,  can1  206  [16]  C7 0C CB 09 B3 0C 69 E5 09 0A D7 0C B7 0C 00 00
2025-08-10T00:52:16.147809,138.763,  can1  206  [16]  C7 0C C9 09 93 0C 69 E5 00 0A F4 0C BB 0C 00 00
2025-08-10T00:52:16.147809,138.763,  can1  204  [04]  4F 62 01 00
2025-08-10T00:52:16.147809,138.763,  can1  206  [16]  C7 0C CB 09 AB 0C D0 E5 07 0A DF 0C BB 0C 00 00
2025-08-10T00:52:16.147809,138.763,  can1  206  [16]  C3 0C CB 09 B3 0C FA E4 02 0A DB 0C BB 0C 00 00
2025-08-10T00:52:16.805979,139.421,  can1  206  [16]  C3 0C CD 09 B3 0C 57 E3 00 0A D7 0C BB 0C 00 00
2025-08-10T00:52:16.805979,139.421,  can1  206  [16]  CF 0C CB 09 A7 0C F4 E3 04 0A D3 0C B7 0C 00 00
2025-08-10T00:52:16.805979,139.421,  can1  206  [16]  C7 0C CB 09 AB 0C 69 E5 04 0A D7 0C BB 0C 00 00
2025-08-10T00:52:16.805979,139.421,  can1  206  [16]  C7 0C CD 09 A7 0C 69 E5 09 0A E4 0C BB 0C 00 00
2025-08-10T00:52:16.805979,139.421,  can1  206  [16]  C3 0C CB 09 AF 0C 69 E5 04 0A D3 0C BB 0C 00 00
2025-08-10T00:52:17.363912,139.979,  can1  204  [04]  4F 62 01 00
2025-08-10T00:52:17.363912,139.979,  can1  206  [16]  BB 0C C9 09 B3 0C 69 E5 04 0A D3 0C C3 0C 00 00
2025-08-10T00:52:17.363912,139.979,  can1  206  [16]  C3 0C CD 09 B3 0C D0 E5 02 0A D3 0C BB 0C 00 00
2025-08-10T00:52:17.363912,139.979,  can1  206  [16]  C3 0C CD 09 B3 0C FA E4 02 0A D7 0C BF 0C 00 00
2025-08-10T00:52:17.363912,139.979,  can1  206  [16]  CB 0C CB 09 AF 0C 69 E5 E8 09 CF 0C BB 0C 00 00
2025-08-10T00:52:17.906761,140.522,  can1  206  [16]  C3 0C CD 09 AF 0C D0 E5 02 0A D7 0C BF 0C 00 00
2025-08-10T00:52:17.906761,140.522,  can1  206  [16]  C7 0C CB 09 A3 0C D0 E5 04 0A E8 0C BB 0C 00 00
2025-08-10T00:52:17.906761,140.522,  can1  206  [16]  B7 0C CD 09 AF 0C D0 E5 02 0A D7 0C C7 0C 00 00
2025-08-10T00:52:17.906761,140.522,  can1  204  [04]  4F 62 01 00
2025-08-10T00:52:17.906761,140.522,  can1  206  [16]  C7 0C CD 09 AF 0C 69 E5 02 0A CF 0C BB 0C 00 00
2025-08-10T00:52:18.467083,141.083,  can1  206  [16]  BF 0C D0 09 B3 0C 69 E5 02 0A CF 0C C3 0C 00 00
2025-08-10T00:52:18.467083,141.083,  can1  206  [16]  C3 0C CB 09 AF 0C FA E4 02 0A DB 0C BF 0C 00 00
2025-08-10T00:52:18.470680,141.086,  can1  206  [16]  B7 0C D0 09 BB 0C 69 E5 02 0A DB 0C BF 0C 00 00
2025-08-10T00:52:18.479761,141.095,  can1  206  [16]  B7 0C CB 09 B3 0C FA E4 02 0A D3 0C C7 0C 00 00
2025-08-10T00:52:19.010641,141.626,  can1  206  [16]  B7 0C C9 09 AB 0C 7E E4 00 0A DB 0C C7 0C 00 00
2025-08-10T00:52:19.010641,141.626,  can1  206  [16]  C7 0C CB 09 AB 0C 69 E5 02 0A D7 0C BB 0C 00 00
2025-08-10T00:52:19.016934,141.632,  can1  204  [04]  4F 62 01 00
2025-08-10T00:52:19.016934,141.632,  can1  206  [16]  C3 0C CB 09 AF 0C 69 E5 02 0A D7 0C BF 0C 00 00
2025-08-10T00:52:19.557709,142.173,  can1  206  [16]  CB 0C CB 09 B7 0C 69 E5 07 0A D3 0C B7 0C 00 00
2025-08-10T00:52:19.561952,142.177,  can1  206  [16]  B7 0C CB 09 B7 0C D0 E5 04 0A D7 0C C3 0C 00 00
2025-08-10T00:52:19.561952,142.177,  can1  206  [16]  C3 0C CD 09 B3 0C D0 E5 02 0A D7 0C BB 0C 00 00
2025-08-10T00:52:19.561952,142.177,  can1  206  [16]  CB 0C CB 09 AB 0C F4 E3 02 0A DF 0C B7 0C 00 00
2025-08-10T00:52:19.561952,142.177,  can1  206  [16]  BF 0C CB 09 B7 0C 69 E5 02 0A CB 0C BF 0C 00 00
2025-08-10T00:52:20.105423,142.721,  can1  206  [16]  C7 0C CD 09 AB 0C 85 E6 04 0A D7 0C BF 0C 00 00
2025-08-10T00:52:20.108218,142.724,  can1  206  [16]  BB 0C D0 09 AB 0C 69 E5 02 0A D7 0C C3 0C 00 00
2025-08-10T00:52:20.111828,142.727,  can1  204  [04]  4F 62 01 00
2025-08-10T00:52:20.119083,142.735,  can1  206  [16]  BB 0C CB 09 AF 0C D0 E5 02 0A D7 0C C3 0C 00 00
2025-08-10T00:52:20.119083,142.735,  can1  206  [16]  BF 0C CD 09 AF 0C FA E4 02 0A DB 0C BF 0C 00 00
2025-08-10T00:52:20.643319,143.259,  can1  206  [16]  C3 0C D0 09 B3 0C D0 E5 07 0A D7 0C BB 0C 00 00
2025-08-10T00:52:20.643319,143.259,  can1  206  [16]  14 0D CB 09 AF 0C 7E E4 02 0A DB 0C 6F 0C 00 00
2025-08-10T00:52:20.643319,143.259,  can1  206  [16]  BF 0C CD 09 AF 0C 57 E3 04 0A DB 0C BF 0C 00 00
2025-08-10T00:52:20.648472,143.264,  can1  206  [16]  C7 0C CD 09 AF 0C FA E4 00 0A DB 0C B7 0C 00 00
2025-08-10T00:52:21.196769,143.812,  can1  206  [16]  C7 0C CB 09 AF 0C FA E4 02 0A D3 0C BB 0C 00 00
2025-08-10T00:52:21.196769,143.812,  can1  204  [04]  4F 62 01 00
2025-08-10T00:52:21.196769,143.812,  can1  206  [16]  BB 0C CD 09 B7 0C 69 E5 04 0A D3 0C BF 0C 00 00
2025-08-10T00:52:21.196769,143.812,  can1  206  [16]  BB 0C CD 09 B7 0C D0 E5 07 0A CB 0C C3 0C 00 00
2025-08-10T00:52:21.196769,143.812,  can1  206  [16]  C7 0C CB 09 AB 0C 69 E5 02 0A DB 0C BB 0C 00 00
2025-08-10T00:52:21.740307,144.356,  can1  206  [16]  CF 0C CB 09 AF 0C D0 E5 04 0A DB 0C AF 0C 00 00
2025-08-10T00:52:21.740307,144.356,  can1  206  [16]  C3 0C D2 09 B3 0C 69 E5 07 0A D7 0C BB 0C 00 00
2025-08-10T00:52:21.740307,144.356,  can1  206  [16]  C7 0C CB 09 AB 0C 69 E5 00 0A DF 0C BB 0C 00 00
2025-08-10T00:52:21.740307,144.356,  can1  206  [16]  C3 0C CD 09 AF 0C A0 E2 04 0A D3 0C BF 0C 00 00
2025-08-10T00:52:22.299965,144.915,  can1  204  [04]  4F 62 01 00
2025-08-10T00:52:22.299965,144.915,  can1  206  [16]  C3 0C C9 09 B3 0C 2E E6 04 0A D3 0C BB 0C 00 00
2025-08-10T00:52:22.299965,144.915,  can1  206  [16]  CB 0C CB 09 A7 0C 69 E5 00 0A D3 0C BF 0C 00 00
2025-08-10T00:52:22.307388,144.923,  can1  206  [16]  BF 0C CD 09 B7 0C D0 E5 04 0A D3 0C BF 0C 00 00
2025-08-10T00:52:22.307388,144.923,  can1  206  [16]  C3 0C CB 09 7B 0C 69 E5 02 0A 04 0D BB 0C 00 00
2025-08-10T00:52:22.950467,145.566,  can1  206  [16]  C3 0C C9 09 A3 0C FA E4 04 0A DF 0C BF 0C 00 00
2025-08-10T00:52:22.953654,145.569,  can1  206  [16]  BF 0C CB 09 B3 0C FA E4 00 0A C7 0C BF 0C 00 00
2025-08-10T00:52:22.953654,145.569,  can1  206  [16]  C7 0C CD 09 AB 0C D0 E5 04 0A DB 0C BB 0C 00 00
2025-08-10T00:52:22.953654,145.569,  can1  206  [16]  CB 0C CB 09 AF 0C 69 E5 04 0A D7 0C BB 0C 00 00
2025-08-10T00:52:22.957906,145.573,  can1  204  [04]  4F 62 01 00
2025-08-10T00:52:22.961523,145.577,  can1  206  [16]  C7 0C CD 09 AF 0C D0 E5 04 0A DB 0C BB 0C 00 00
2025-08-10T00:52:23.500307,146.116,  can1  206  [16]  BF 0C CD 09 B3 0C FA E4 04 0A D7 0C BF 0C 00 00
2025-08-10T00:52:23.504340,146.120,  can1  206  [16]  C7 0C CD 09 AF 0C D0 E5 02 0A D7 0C BB 0C 00 00
2025-08-10T00:52:23.504340,146.120,  can1  206  [16]  C3 0C D0 09 B7 0C FA E4 02 0A D3 0C BB 0C 00 00
2025-08-10T00:52:23.504340,146.120,  can1  206  [16]  CB 0C CB 09 AF 0C FA E4 02 0A DB 0C B3 0C 00 00
2025-08-10T00:52:24.158259,146.774,  can1  206  [16]  BB 0C CD 09 B7 0C 69 E5 04 0A D3 0C C3 0C 00 00
2025-08-10T00:52:24.165552,146.781,  can1  206  [16]  C7 0C CB 09 B7 0C A0 E2 00 0A D3 0C BB 0C 00 00
2025-08-10T00:52:24.165552,146.781,  can1  204  [04]  4F 62 01 00
2025-08-10T00:52:24.165552,146.781,  can1  206  [16]  C3 0C CD 09 A3 0C D0 E5 04 0A E8 0C BB 0C 00 00
2025-08-10T00:52:24.165552,146.781,  can1  206  [16]  BF 0C CB 09 AF 0C D0 E5 07 0A E4 0C BF 0C 00 00
2025-08-10T00:52:24.714543,147.330,  can1  206  [16]  C3 0C CB 09 B3 0C FA E4 FE 09 DB 0C BB 0C 00 00
2025-08-10T00:52:24.730375,147.346,  can1  206  [16]  CB 0C D8 09 A3 0C D0 E5 02 0A E8 0C B7 0C 00 00
2025-08-10T00:52:24.737337,147.353,  can1  206  [16]  CB 0C CB 09 AF 0C D0 E5 00 0A D7 0C B7 0C 00 00
2025-08-10T00:52:24.737337,147.353,  can1  206  [16]  C3 0C D0 09 B3 0C 69 E5 04 0A D7 0C BB 0C 00 00
2025-08-10T00:52:25.258561,147.874,  can1  206  [16]  BF 0C CD 09 B3 0C 69 E5 04 0A D7 0C BF 0C 00 00
2025-08-10T00:52:25.258561,147.874,  can1  204  [04]  4F 62 01 00
2025-08-10T00:52:25.258561,147.874,  can1  206  [16]  C3 0C CD 09 B3 0C 69 E5 00 0A D3 0C BB 0C 00 00
2025-08-10T00:52:25.270874,147.886,  can1  206  [16]  CB 0C C9 09 AB 0C 69 E5 00 0A D7 0C BB 0C 00 00
2025-08-10T00:52:25.270874,147.886,  can1  206  [16]  C3 0C CD 09 AF 0C D0 E5 02 0A D7 0C BF 0C 00 00
2025-08-10T00:52:25.270874,147.886,  can1  206  [16]  AF 0C CB 09 B7 0C D0 E5 04 0A D7 0C CB 0C 00 00
2025-08-10T00:52:25.912180,148.528,  can1  206  [16]  BF 0C CD 09 AF 0C 2E E6 02 0A DF 0C BF 0C 00 00
2025-08-10T00:52:25.912180,148.528,  can1  206  [16]  CB 0C CD 09 AB 0C FA E4 02 0A D7 0C BB 0C 00 00
2025-08-10T00:52:25.912180,148.528,  can1  206  [16]  C7 0C C9 09 AB 0C FA E4 02 0A D7 0C BF 0C 00 00
2025-08-10T00:52:25.912180,148.528,  can1  204  [04]  4F 62 01 00
2025-08-10T00:52:25.912180,148.528,  can1  206  [16]  BF 0C D2 09 AF 0C D0 E5 04 0A D7 0C BF 0C 00 00
2025-08-10T00:52:26.465058,149.081,  can1  206  [16]  C3 0C CB 09 B3 0C 7E E4 02 0A D3 0C BF 0C 00 00
2025-08-10T00:52:26.470064,149.086,  can1  206  [16]  CB 0C CB 09 B3 0C FA E4 02 0A D7 0C B3 0C 00 00
2025-08-10T00:52:26.470064,149.086,  can1  206  [16]  CB 0C CD 09 AF 0C 69 E5 09 0A D3 0C B7 0C 00 00
2025-08-10T00:52:26.470064,149.086,  can1  206  [16]  C7 0C CB 09 AB 0C FA E4 04 0A D3 0C BF 0C 00 00
2025-08-10T00:52:27.124890,149.740,  can1  206  [16]  BF 0C CB 09 B3 0C FA E4 02 0A B3 0C BF 0C 00 00
2025-08-10T00:52:27.134698,149.750,  can1  206  [16]  C3 0C CD 09 AF 0C 69 E5 02 0A D7 0C BB 0C 00 00
2025-08-10T00:52:27.142045,149.758,  can1  206  [16]  C3 0C CD 09 B3 0C 69 E5 00 0A D7 0C BB 0C 00 00
2025-08-10T00:52:27.160683,149.776,  can1  204  [04]  4F 62 01 00
2025-08-10T00:52:27.160683,149.776,  can1  206  [16]  BF 0C CB 09 B7 0C 69 E5 04 0A D3 0C BF 0C 00 00
2025-08-10T00:52:27.160683,149.776,  can1  206  [16]  CB 0C CB 09 AF 0C 69 E5 07 0A DB 0C B7 0C 00 00
2025-08-10T00:52:27.681520,150.297,  can1  206  [16]  BB 0C D0 09 AF 0C D0 E5 04 0A DB 0C C3 0C 00 00
2025-08-10T00:52:27.693518,150.309,  can1  206  [16]  C3 0C CD 09 B3 0C 69 E5 04 0A DF 0C BB 0C 00 00
2025-08-10T00:52:27.693518,150.309,  can1  206  [16]  BF 0C CB 09 B3 0C 69 E5 07 0A D7 0C BB 0C 00 00
2025-08-10T00:52:27.693518,150.309,  can1  206  [16]  C3 0C CB 09 AF 0C 69 E5 FE 09 D3 0C BF 0C 00 00
2025-08-10T00:52:28.321802,150.937,  can1  206  [16]  C7 0C CB 09 AB 0C 69 E5 00 0A D7 0C BB 0C 00 00
2025-08-10T00:52:28.321802,150.937,  can1  204  [04]  4F 62 01 00
2025-08-10T00:52:28.321802,150.937,  can1  206  [16]  BF 0C CB 09 AB 0C 69 E5 00 0A D3 0C C3 0C 00 00
2025-08-10T00:52:28.321802,150.937,  can1  206  [16]  BF 0C CB 09 AF 0C 69 E5 07 0A DB 0C BF 0C 00 00
2025-08-10T00:52:28.321802,150.937,  can1  206  [16]  BF 0C C2 09 AF 0C FA E4 00 0A DF 0C C3 0C 00 00
2025-08-10T00:52:28.321802,150.937,  can1  206  [16]  C7 0C CB 09 AF 0C FA E4 04 0A D3 0C BB 0C 00 00
2025-08-10T00:52:28.971422,151.587,  can1  206  [16]  CF 0C CB 09 AF 0C FA E4 04 0A D7 0C B3 0C 00 00
2025-08-10T00:52:28.971422,151.587,  can1  206  [16]  C3 0C CB 09 A7 0C 69 E5 02 0A DB 0C C3 0C 00 00
2025-08-10T00:52:28.971422,151.587,  can1  206  [16]  BF 0C CD 09 AF 0C 69 E5 02 0A D3 0C C3 0C 00 00
2025-08-10T00:52:28.971422,151.587,  can1  204  [04]  4F 62 01 00
2025-08-10T00:52:28.971422,151.587,  can1  206  [16]  C3 0C CB 09 AB 0C D0 E5 0D 0A C3 0C C3 0C 00 00
2025-08-10T00:52:28.971422,151.587,  can1  206  [16]  B3 0C C7 09 BF 0C F4 E3 04 0A D3 0C C3 0C 00 00
2025-08-10T00:52:29.538083,152.154,  can1  206  [16]  B7 0C CD 09 BF 0C FA E4 04 0A CF 0C BF 0C 00 00
2025-08-10T00:52:29.538083,152.154,  can1  206  [16]  C7 0C CD 09 97 0C FA E4 02 0A F4 0C BB 0C 00 00
2025-08-10T00:52:29.538083,152.154,  can1  206  [16]  C7 0C CD 09 A7 0C 2E E6 07 0A DB 0C BF 0C 00 00
2025-08-10T00:52:29.538083,152.154,  can1  206  [16]  BF 0C D0 09 B7 0C D0 E5 04 0A DB 0C BF 0C 00 00
2025-08-10T00:52:30.088066,152.704,  can1  206  [16]  BF 0C D0 09 AF 0C D0 E5 02 0A D7 0C BF 0C 00 00
2025-08-10T00:52:30.088066,152.704,  can1  204  [04]  4F 62 01 00
2025-08-10T00:52:30.088066,152.704,  can1  206  [16]  C3 0C CD 09 AB 0C 69 E5 04 0A D3 0C BF 0C 00 00
2025-08-10T00:52:30.088066,152.704,  can1  206  [16]  C3 0C CD 09 B3 0C D0 E5 04 0A D3 0C BB 0C 00 00
2025-08-10T00:52:30.088066,152.704,  can1  206  [16]  BB 0C CB 09 B3 0C D0 E5 04 0A DB 0C C3 0C 00 00
2025-08-10T00:52:30.616687,153.232,  can1  206  [16]  BF 0C D0 09 AF 0C FA E4 00 0A D7 0C BF 0C 00 00
2025-08-10T00:52:30.616687,153.232,  can1  206  [16]  C3 0C CB 09 AF 0C FA E4 04 0A DB 0C BB 0C 00 00
2025-08-10T00:52:30.616687,153.232,  can1  206  [16]  BF 0C CD 09 AF 0C 2E E6 0B 0A DB 0C BF 0C 00 00
2025-08-10T00:52:31.179140,153.795,  can1  206  [16]  C3 0C CD 09 B3 0C 69 E5 02 0A CB 0C BF 0C 00 00
2025-08-10T00:52:31.179140,153.795,  can1  206  [16]  C3 0C CD 09 B3 0C 69 E5 FE 09 D7 0C BB 0C 00 00
2025-08-10T00:52:31.179140,153.795,  can1  204  [04]  4F 62 01 00
2025-08-10T00:52:31.179140,153.795,  can1  206  [16]  CB 0C CD 09 B3 0C FA E4 04 0A CF 0C B7 0C 00 00
2025-08-10T00:52:31.179140,153.795,  can1  206  [16]  C7 0C C9 09 A7 0C D0 E5 0B 0A E4 0C BB 0C 00 00
2025-08-10T00:52:31.179140,153.795,  can1  206  [16]  CB 0C C9 09 A3 0C 69 E5 07 0A DB 0C BB 0C 00 00
2025-08-10T00:52:31.740698,154.356,  can1  206  [16]  C7 0C D0 09 AB 0C FA E4 02 0A DB 0C BB 0C 00 00
2025-08-10T00:52:31.740698,154.356,  can1  206  [16]  D3 0C CB 09 B3 0C 69 E5 02 0A D7 0C AF 0C 00 00
2025-08-10T00:52:31.740698,154.356,  can1  206  [16]  CF 0C CB 09 9F 0C 69 E5 00 0A DB 0C BB 0C 00 00
2025-08-10T00:52:31.740698,154.356,  can1  206  [16]  C7 0C CB 09 AF 0C D0 E5 09 0A D7 0C B7 0C 00 00
2025-08-10T00:52:32.286465,154.902,  can1  204  [04]  4F 62 01 00
2025-08-10T00:52:32.286465,154.902,  can1  206  [16]  CB 0C CB 09 AB 0C 69 E5 00 0A D7 0C BB 0C 00 00
2025-08-10T00:52:32.286465,154.902,  can1  206  [16]  C3 0C CD 09 AB 0C 7E E4 09 0A DB 0C BF 0C 00 00
2025-08-10T00:52:32.286465,154.902,  can1  206  [16]  C3 0C CB 09 AF 0C FA E4 04 0A D3 0C BB 0C 00 00
2025-08-10T00:52:32.286465,154.902,  can1  206  [16]  CB 0C CD 09 A3 0C D0 E5 07 0A DF 0C B7 0C 00 00
2025-08-10T00:52:32.830736,155.446,  can1  206  [16]  C7 0C CB 09 B3 0C 69 E5 04 0A D7 0C B7 0C 00 00
2025-08-10T00:52:32.830736,155.446,  can1  206  [16]  B3 0C CD 09 AB 0C 69 E5 09 0A D7 0C D3 0C 00 00
2025-08-10T00:52:32.838836,155.454,  can1  206  [16]  C7 0C CB 09 AF 0C 69 E5 00 0A D3 0C BF 0C 00 00
2025-08-10T00:52:32.838836,155.454,  can1  204  [04]  4F 62 01 00
2025-08-10T00:52:32.838836,155.454,  can1  206  [16]  CB 0C CB 09 A3 0C D0 E5 00 0A D7 0C BF 0C 00 00
2025-08-10T00:52:33.396979,156.012,  can1  206  [16]  C7 0C D8 09 AB 0C D0 E5 02 0A D3 0C BF 0C 00 00
2025-08-10T00:52:33.396979,156.012,  can1  206  [16]  C7 0C C9 09 A7 0C D0 E5 04 0A E4 0C BF 0C 00 00
2025-08-10T00:52:33.404536,156.020,  can1  206  [16]  D7 0C CD 09 AB 0C D0 E5 00 0A D3 0C AF 0C 00 00
2025-08-10T00:52:33.404536,156.020,  can1  206  [16]  B7 0C D0 09 AF 0C FA E4 02 0A D7 0C C7 0C 00 00
2025-08-10T00:52:33.956259,156.572,  can1  206  [16]  C7 0C C9 09 BF 0C 69 E5 04 0A CB 0C BB 0C 00 00
2025-08-10T00:52:33.956259,156.572,  can1  206  [16]  C3 0C CD 09 B3 0C D0 E5 04 0A D7 0C BB 0C 00 00
2025-08-10T00:52:33.964097,156.580,  can1  204  [04]  4F 62 01 00
2025-08-10T00:52:33.964097,156.580,  can1  206  [16]  BB 0C CB 09 AF 0C 69 E5 00 0A DB 0C C3 0C 00 00
2025-08-10T00:52:34.495493,157.111,  can1  206  [16]  C7 0C CB 09 AB 0C D0 E5 02 0A D7 0C BB 0C 00 00
2025-08-10T00:52:34.495493,157.111,  can1  206  [16]  BB 0C CD 09 B7 0C 2E E6 02 0A D3 0C C7 0C 00 00
2025-08-10T00:52:34.495493,157.111,  can1  206  [16]  BF 0C CD 09 AB 0C 69 E5 02 0A DF 0C BF 0C 00 00
2025-08-10T00:52:34.495493,157.111,  can1  206  [16]  C3 0C CD 09 AF 0C 69 E5 02 0A D3 0C BF 0C 00 00
2025-08-10T00:52:34.495493,157.111,  can1  206  [16]  C7 0C CB 09 AB 0C 69 E5 04 0A DB 0C BB 0C 00 00
2025-08-10T00:52:35.068742,157.684,  can1  206  [16]  C3 0C CB 09 AB 0C FA E4 02 0A DB 0C BB 0C 00 00
2025-08-10T00:52:35.075336,157.691,  can1  206  [16]  BF 0C CB 09 AF 0C D0 E5 04 0A CF 0C C3 0C 00 00
2025-08-10T00:52:35.075336,157.691,  can1  204  [04]  4F 62 01 00
2025-08-10T00:52:35.075336,157.691,  can1  206  [16]  BB 0C CB 09 AF 0C 69 E5 02 0A CF 0C C7 0C 00 00
2025-08-10T00:52:35.075336,157.691,  can1  206  [16]  DB 0C CD 09 BB 0C 69 E5 04 0A D7 0C 9B 0C 00 00
2025-08-10T00:52:35.604538,158.220,  can1  206  [16]  BB 0C C9 09 AF 0C 69 E5 02 0A DF 0C C3 0C 00 00
2025-08-10T00:52:35.620663,158.236,  can1  206  [16]  BF 0C CD 09 B3 0C D0 E5 02 0A CF 0C BF 0C 00 00
2025-08-10T00:52:35.620663,158.236,  can1  206  [16]  CB 0C D0 09 A7 0C FA E4 07 0A DB 0C BB 0C 00 00
2025-08-10T00:52:35.620663,158.236,  can1  206  [16]  BB 0C CB 09 B3 0C FA E4 02 0A D3 0C C3 0C 00 00
2025-08-10T00:52:36.149235,158.765,  can1  206  [16]  BF 0C D0 09 AF 0C FA E4 02 0A DB 0C C3 0C 00 00
2025-08-10T00:52:36.149235,158.765,  can1  204  [04]  4F 62 01 00
2025-08-10T00:52:36.149235,158.765,  can1  206  [16]  BB 0C C9 09 AF 0C 7E E4 02 0A D3 0C C7 0C 00 00
2025-08-10T00:52:36.149235,158.765,  can1  206  [16]  BF 0C C2 09 AF 0C 69 E5 04 0A D7 0C C3 0C 00 00
2025-08-10T00:52:36.149235,158.765,  can1  206  [16]  C7 0C CD 09 AB 0C FA E4 04 0A D7 0C BB 0C 00 00
2025-08-10T00:52:36.697443,159.313,  can1  206  [16]  BF 0C CD 09 AB 0C FA E4 00 0A D7 0C C7 0C 00 00
2025-08-10T00:52:36.697443,159.313,  can1  206  [16]  BB 0C CB 09 B3 0C D0 E5 02 0A D3 0C C3 0C 00 00
2025-08-10T00:52:36.697443,159.313,  can1  206  [16]  BF 0C CB 09 AF 0C 69 E5 02 0A D3 0C C3 0C 00 00
2025-08-10T00:52:36.697443,159.313,  can1  206  [16]  C3 0C CB 09 E8 0C FA E4 04 0A A3 0C BB 0C 00 00
2025-08-10T00:52:37.240558,159.856,  can1  204  [04]  4F 62 01 00
2025-08-10T00:52:37.240558,159.856,  can1  206  [16]  C7 0C CB 09 B3 0C F4 E3 07 0A D7 0C BB 0C 00 00
2025-08-10T00:52:37.240558,159.856,  can1  206  [16]  CB 0C CD 09 A3 0C 69 E5 02 0A DB 0C BF 0C 00 00
2025-08-10T00:52:37.240558,159.856,  can1  206  [16]  BF 0C CD 09 B3 0C 69 E5 02 0A D7 0C BF 0C 00 00
2025-08-10T00:52:37.240558,159.856,  can1  206  [16]  C3 0C D0 09 AB 0C 69 E5 04 0A DF 0C BF 0C 00 00
2025-08-10T00:52:37.801633,160.417,  can1  206  [16]  C3 0C CD 09 B3 0C D0 E5 02 0A DF 0C BB 0C 00 00
2025-08-10T00:52:37.801633,160.417,  can1  206  [16]  C3 0C CB 09 AB 0C 69 E5 02 0A DB 0C BF 0C 00 00
2025-08-10T00:52:37.801633,160.417,  can1  206  [16]  B7 0C C9 09 B3 0C 69 E5 02 0A D7 0C C7 0C 00 00
2025-08-10T00:52:37.801633,160.417,  can1  206  [16]  C3 0C CD 09 AF 0C 69 E5 04 0A D3 0C BF 0C 00 00
2025-08-10T00:52:37.801633,160.417,  can1  204  [04]  4F 62 01 00
2025-08-10T00:52:38.336973,160.952,  can1  206  [16]  C3 0C D0 09 AF 0C D0 E5 02 0A D3 0C BB 0C 00 00
2025-08-10T00:52:38.336973,160.952,  can1  206  [16]  BF 0C CD 09 AF 0C 85 E6 04 0A DF 0C BF 0C 00 00
2025-08-10T00:52:38.336973,160.952,  can1  206  [16]  D3 0C D2 09 AB 0C D0 E5 04 0A DB 0C AF 0C 00 00
2025-08-10T00:52:38.336973,160.952,  can1  206  [16]  DB 0C CB 09 A7 0C 85 E6 07 0A DB 0C AB 0C 00 00
2025-08-10T00:52:38.879404,161.495,  can1  206  [16]  BB 0C D0 09 B3 0C 69 E5 07 0A D7 0C C3 0C 00 00
2025-08-10T00:52:38.879404,161.495,  can1  206  [16]  B7 0C CB 09 BF 0C 69 E5 07 0A D3 0C BB 0C 00 00
2025-08-10T00:52:38.884512,161.500,  can1  206  [16]  CB 0C CB 09 AB 0C 69 E5 04 0A D7 0C BB 0C 00 00
2025-08-10T00:52:38.884512,161.500,  can1  204  [04]  4F 62 01 00
2025-08-10T00:52:38.884512,161.500,  can1  206  [16]  C3 0C CD 09 AF 0C D0 E5 02 0A D7 0C BB 0C 00 00
2025-08-10T00:52:39.429502,162.045,  can1  206  [16]  C7 0C CD 09 A7 0C 7E E4 00 0A DF 0C BB 0C 00 00
2025-08-10T00:52:39.431523,162.047,  can1  206  [16]  B7 0C CD 09 9B 0C 69 E5 04 0A F4 0C C7 0C 00 00
2025-08-10T00:52:39.431523,162.047,  can1  206  [16]  C7 0C D4 09 AF 0C 69 E5 00 0A D7 0C BB 0C 00 00
2025-08-10T00:52:39.431523,162.047,  can1  206  [16]  BB 0C CD 09 B7 0C FA E4 02 0A D3 0C BF 0C 00 00
2025-08-10T00:52:39.989922,162.605,  can1  206  [16]  B7 0C CD 09 B3 0C 69 E5 02 0A DB 0C C7 0C 00 00
2025-08-10T00:52:39.989922,162.605,  can1  206  [16]  BF 0C CB 09 AF 0C FA E4 02 0A D7 0C C3 0C 00 00
2025-08-10T00:52:39.991939,162.607,  can1  204  [04]  4F 62 01 00
2025-08-10T00:52:39.991939,162.607,  can1  206  [16]  BF 0C D0 09 B7 0C 57 E3 04 0A CF 0C BF 0C 00 00
2025-08-10T00:52:39.991939,162.607,  can1  206  [16]  C3 0C C9 09 AF 0C 69 E5 04 0A D3 0C BF 0C 00 00
2025-08-10T00:52:40.545358,163.161,  can1  206  [16]  C7 0C C9 09 B3 0C 69 E5 02 0A CF 0C BB 0C 00 00
2025-08-10T00:52:40.545358,163.161,  can1  206  [16]  C7 0C CB 09 AF 0C 69 E5 04 0A D7 0C BB 0C 00 00
2025-08-10T00:52:40.545358,163.161,  can1  206  [16]  C7 0C B3 09 B3 0C 69 E5 02 0A D3 0C B7 0C 00 00
2025-08-10T00:52:40.545358,163.161,  can1  206  [16]  C7 0C CD 09 AB 0C D0 E5 04 0A DB 0C BB 0C 00 00
2025-08-10T00:52:41.097384,163.713,  can1  206  [16]  C3 0C CB 09 AF 0C 69 E5 02 0A D7 0C BF 0C 00 00
2025-08-10T00:52:41.097384,163.713,  can1  204  [04]  4F 62 01 00
2025-08-10T00:52:41.097384,163.713,  can1  206  [16]  BF 0C CD 09 AF 0C FA E4 09 0A D3 0C C3 0C 00 00
2025-08-10T00:52:41.097384,163.713,  can1  206  [16]  D7 0C CB 09 AF 0C 2E E6 07 0A D7 0C A7 0C 00 00
2025-08-10T00:52:41.097384,163.713,  can1  206  [16]  BB 0C CB 09 AF 0C 69 E5 07 0A DF 0C BF 0C 00 00
2025-08-10T00:52:41.627121,164.243,  can1  206  [16]  C7 0C C9 09 AF 0C 69 E5 04 0A CF 0C BF 0C 00 00
2025-08-10T00:52:41.636450,164.252,  can1  206  [16]  CB 0C CD 09 AF 0C 2E E6 04 0A BB 0C BB 0C 00 00
2025-08-10T00:52:41.636450,164.252,  can1  206  [16]  BF 0C CB 09 AB 0C 69 E5 00 0A D7 0C C3 0C 00 00
2025-08-10T00:52:41.636450,164.252,  can1  206  [16]  C7 0C CD 09 AF 0C D0 E5 00 0A D7 0C BB 0C 00 00
2025-08-10T00:52:42.178244,164.794,  can1  206  [16]  BB 0C CB 09 AF 0C FA E4 04 0A DB 0C C7 0C 00 00
2025-08-10T00:52:42.182240,164.798,  can1  204  [04]  4F 62 01 00
2025-08-10T00:52:42.182240,164.798,  can1  206  [16]  C7 0C CD 09 A7 0C FA E4 04 0A D7 0C BB 0C 00 00
2025-08-10T00:52:42.182240,164.798,  can1  206  [16]  BF 0C CB 09 B7 0C D0 E5 02 0A D7 0C BF 0C 00 00
2025-08-10T00:52:42.182240,164.798,  can1  206  [16]  CB 0C C9 09 AB 0C D0 E5 04 0A D7 0C BB 0C 00 00
2025-08-10T00:52:42.739772,165.355,  can1  206  [16]  C3 0C DB 09 B3 0C 69 E5 07 0A DB 0C BB 0C 00 00
2025-08-10T00:52:42.743803,165.359,  can1  206  [16]  C3 0C C9 09 BB 0C 69 E5 02 0A CF 0C BB 0C 00 00
2025-08-10T00:52:42.743803,165.359,  can1  206  [16]  D3 0C D0 09 9F 0C D0 E5 00 0A D7 0C B7 0C 00 00
2025-08-10T00:52:42.743803,165.359,  can1  206  [16]  D3 0C D2 09 9B 0C FA E4 07 0A E4 0C B3 0C 00 00
2025-08-10T00:52:42.743803,165.359,  can1  204  [04]  4F 62 01 00
2025-08-10T00:52:43.311746,165.927,  can1  206  [16]  C7 0C CD 09 AF 0C D7 E6 04 0A D7 0C BB 0C 00 00
2025-08-10T00:52:43.316107,165.932,  can1  206  [16]  CF 0C C7 09 6B 0C FA E4 04 0A 24 0D AF 0C 00 00
2025-08-10T00:52:43.316107,165.932,  can1  206  [16]  BF 0C CD 09 AB 0C 69 E5 00 0A EC 0C C3 0C 00 00
2025-08-10T00:52:43.316107,165.932,  can1  206  [16]  BF 0C CB 09 B3 0C 69 E5 04 0A CF 0C BF 0C 00 00
2025-08-10T00:52:43.860413,166.476,  can1  206  [16]  C3 0C CD 09 B3 0C D0 E5 02 0A D7 0C BB 0C 00 00
2025-08-10T00:52:43.860413,166.476,  can1  206  [16]  BB 0C CD 09 B7 0C D0 E5 04 0A CB 0C C3 0C 00 00
2025-08-10T00:52:43.864701,166.480,  can1  206  [16]  BF 0C CD 09 AB 0C 2E E6 04 0A D3 0C C3 0C 00 00
2025-08-10T00:52:43.864701,166.480,  can1  204  [04]  4F 62 01 00
2025-08-10T00:52:43.864701,166.480,  can1  206  [16]  B7 0C CD 09 BF 0C FA E4 00 0A DB 0C BB 0C 00 00
2025-08-10T00:52:44.408461,167.024,  can1  206  [16]  CF 0C CD 09 B3 0C 69 E5 02 0A CF 0C B7 0C 00 00
2025-08-10T00:52:44.408461,167.024,  can1  206  [16]  BF 0C CB 09 B7 0C 69 E5 04 0A D3 0C BF 0C 00 00
2025-08-10T00:52:44.408461,167.024,  can1  206  [16]  BB 0C CB 09 B3 0C D0 E5 02 0A CF 0C C3 0C 00 00
2025-08-10T00:52:44.408461,167.024,  can1  206  [16]  C3 0C C9 09 AF 0C 2E E6 04 0A CF 0C BF 0C 00 00
2025-08-10T00:52:44.966884,167.582,  can1  206  [16]  C3 0C D0 09 A7 0C 69 E5 07 0A DF 0C C3 0C 00 00
2025-08-10T00:52:44.966884,167.582,  can1  206  [16]  D7 0C D0 09 A7 0C 69 E5 04 0A D3 0C B3 0C 00 00
2025-08-10T00:52:44.966884,167.582,  can1  204  [04]  4F 62 01 00
2025-08-10T00:52:44.966884,167.582,  can1  206  [16]  C3 0C D0 09 AF 0C FA E4 09 0A D7 0C BB 0C 00 00
2025-08-10T00:52:44.966884,167.582,  can1  206  [16]  D3 0C CB 09 AB 0C 69 E5 04 0A DB 0C B3 0C 00 00
2025-08-10T00:52:45.620939,168.236,  can1  206  [16]  C3 0C CB 09 AF 0C FA E4 00 0A D7 0C BF 0C 00 00
2025-08-10T00:52:45.627469,168.243,  can1  206  [16]  C3 0C D2 09 B3 0C 2E E6 07 0A D7 0C BB 0C 00 00
2025-08-10T00:52:45.627469,168.243,  can1  206  [16]  C3 0C D0 09 AB 0C FA E4 02 0A DB 0C BF 0C 00 00
2025-08-10T00:52:45.627469,168.243,  can1  206  [16]  C7 0C CD 09 AF 0C 69 E5 00 0A D7 0C BB 0C 00 00
2025-08-10T00:52:45.627469,168.243,  can1  206  [16]  C3 0C CB 09 B3 0C 69 E5 04 0A D3 0C BF 0C 00 00
2025-08-10T00:52:46.184663,168.800,  can1  206  [16]  BB 0C D0 09 B7 0C 69 E5 02 0A D3 0C C3 0C 00 00
2025-08-10T00:52:46.184663,168.800,  can1  204  [04]  4F 62 01 00
2025-08-10T00:52:46.184663,168.800,  can1  206  [16]  BF 0C D0 09 AF 0C D0 E5 02 0A D7 0C C3 0C 00 00
2025-08-10T00:52:46.184663,168.800,  can1  206  [16]  C3 0C CB 09 B7 0C 69 E5 04 0A D7 0C BB 0C 00 00
2025-08-10T00:52:46.184663,168.800,  can1  206  [16]  C7 0C C9 09 B3 0C 69 E5 04 0A BF 0C BB 0C 00 00
2025-08-10T00:52:46.737853,169.353,  can1  206  [16]  C7 0C C9 09 B3 0C 69 E5 09 0A CF 0C BB 0C 00 00
2025-08-10T00:52:46.738869,169.354,  can1  206  [16]  C7 0C CB 09 AF 0C 69 E5 04 0A D3 0C BB 0C 00 00
2025-08-10T00:52:46.738869,169.354,  can1  206  [16]  CB 0C CD 09 AB 0C 69 E5 02 0A DF 0C B7 0C 00 00
2025-08-10T00:52:46.738869,169.354,  can1  206  [16]  C3 0C CD 09 AF 0C 69 E5 00 0A DB 0C BF 0C 00 00
2025-08-10T00:52:46.738869,169.354,  can1  204  [04]  4F 62 01 00
2025-08-10T00:52:47.269778,169.885,  can1  206  [16]  C7 0C CD 09 AF 0C 69 E5 07 0A D3 0C BB 0C 00 00
2025-08-10T00:52:47.275707,169.891,  can1  206  [16]  B7 0C CB 09 AB 0C F4 E3 02 0A D7 0C C7 0C 00 00
2025-08-10T00:52:47.275707,169.891,  can1  206  [16]  CF 0C CD 09 AB 0C 69 E5 02 0A D7 0C B7 0C 00 00
2025-08-10T00:52:47.275707,169.891,  can1  206  [16]  BF 0C CB 09 AB 0C 69 E5 02 0A D7 0C C7 0C 00 00
2025-08-10T00:52:47.818283,170.434,  can1  206  [16]  C7 0C C7 09 AF 0C FA E4 02 0A D3 0C BB 0C 00 00
2025-08-10T00:52:47.819627,170.435,  can1  206  [16]  CB 0C CD 09 A7 0C 85 E6 02 0A DB 0C BB 0C 00 00
2025-08-10T00:52:47.821145,170.437,  can1  206  [16]  CF 0C CD 09 A7 0C D0 E5 02 0A D7 0C B7 0C 00 00
2025-08-10T00:52:47.821145,170.437,  can1  204  [04]  4F 62 01 00
2025-08-10T00:52:47.821145,170.437,  can1  206  [16]  C3 0C CB 09 B3 0C 69 E5 04 0A DB 0C BB 0C 00 00
2025-08-10T00:52:48.364103,170.980,  can1  206  [16]  D7 0C CB 09 AF 0C 7E E4 04 0A D7 0C AB 0C 00 00
2025-08-10T00:52:48.367878,170.983,  can1  206  [16]  C3 0C C7 09 BF 0C 69 E5 00 0A CF 0C BB 0C 00 00
2025-08-10T00:52:48.367878,170.983,  can1  206  [16]  C7 0C CD 09 AF 0C FA E4 02 0A DB 0C B7 0C 00 00
2025-08-10T00:52:48.367878,170.983,  can1  206  [16]  C3 0C D0 09 B3 0C 7E E4 04 0A F8 0C BF 0C 00 00
2025-08-10T00:52:48.921589,171.537,  can1  206  [16]  C3 0C D0 09 B3 0C 69 E5 04 0A D7 0C BB 0C 00 00
2025-08-10T00:52:48.921589,171.537,  can1  206  [16]  C3 0C CB 09 B7 0C 69 E5 02 0A D7 0C B7 0C 00 00
2025-08-10T00:52:48.938072,171.554,  can1  206  [16]  CF 0C CD 09 AF 0C D0 E5 02 0A D3 0C B7 0C 00 00
2025-08-10T00:52:48.938072,171.554,  can1  204  [04]  4F 62 01 00
2025-08-10T00:52:49.464497,172.080,  can1  206  [16]  BB 0C CB 09 B7 0C D0 E5 02 0A EC 0C BF 0C 00 00
2025-08-10T00:52:49.464497,172.080,  can1  206  [16]  C7 0C CB 09 AF 0C D0 E5 04 0A D3 0C BB 0C 00 00
2025-08-10T00:52:49.464497,172.080,  can1  206  [16]  C7 0C CD 09 B3 0C FA E4 09 0A D3 0C B7 0C 00 00
2025-08-10T00:52:49.464497,172.080,  can1  206  [16]  CB 0C C7 09 A3 0C 69 E5 00 0A E8 0C B7 0C 00 00
2025-08-10T00:52:49.464497,172.080,  can1  206  [16]  C7 0C C5 09 AF 0C 69 E5 02 0A D3 0C BB 0C 00 00
2025-08-10T00:52:50.010615,172.626,  can1  206  [16]  C3 0C CD 09 AF 0C D0 E5 04 0A DB 0C BF 0C 00 00
2025-08-10T00:52:50.010615,172.626,  can1  206  [16]  C7 0C D0 09 A7 0C 69 E5 02 0A D7 0C BF 0C 00 00
2025-08-10T00:52:50.010615,172.626,  can1  204  [04]  4F 62 01 00
2025-08-10T00:52:50.010615,172.626,  can1  206  [16]  C7 0C C7 09 AB 0C FA E4 07 0A DF 0C B7 0C 00 00
2025-08-10T00:52:50.010615,172.626,  can1  206  [16]  C3 0C CD 09 AB 0C D0 E5 04 0A D7 0C BF 0C 00 00
2025-08-10T00:52:50.559541,173.175,  can1  206  [16]  B7 0C CD 09 B3 0C 7E E4 04 0A D7 0C C7 0C 00 00
2025-08-10T00:52:50.559541,173.175,  can1  206  [16]  C3 0C CD 09 B3 0C 69 E5 02 0A D3 0C BF 0C 00 00
2025-08-10T00:52:50.564423,173.180,  can1  206  [16]  C3 0C D0 09 AB 0C FA E4 02 0A D3 0C BF 0C 00 00
2025-08-10T00:52:50.564423,173.180,  can1  206  [16]  B7 0C C5 09 B3 0C 69 E5 04 0A D3 0C C7 0C 00 00
2025-08-10T00:52:51.109214,173.725,  can1  206  [16]  BB 0C CB 09 B3 0C 69 E5 04 0A DB 0C C3 0C 00 00
2025-08-10T00:52:51.109214,173.725,  can1  204  [04]  4F 62 01 00
2025-08-10T00:52:51.112374,173.728,  can1  206  [16]  CF 0C CB 09 A7 0C 69 E5 00 0A D7 0C B7 0C 00 00
2025-08-10T00:52:51.112374,173.728,  can1  206  [16]  CF 0C CB 09 9B 0C D0 E5 04 0A EC 0C B3 0C 00 00
2025-08-10T00:52:51.112374,173.728,  can1  206  [16]  BF 0C CB 09 B7 0C 2E E6 04 0A CF 0C BF 0C 00 00
2025-08-10T00:52:51.651180,174.267,  can1  206  [16]  C3 0C CD 09 AF 0C 69 E5 07 0A D3 0C BB 0C 00 00
2025-08-10T00:52:51.653195,174.269,  can1  206  [16]  C3 0C CD 09 AB 0C D0 E5 04 0A DB 0C BB 0C 00 00
2025-08-10T00:52:51.653195,174.269,  can1  206  [16]  CB 0C CD 09 A7 0C 69 E5 02 0A DB 0C BB 0C 00 00
2025-08-10T00:52:51.657177,174.273,  can1  206  [16]  C3 0C CB 09 AB 0C 69 E5 00 0A CF 0C C3 0C 00 00
2025-08-10T00:52:52.194870,174.810,  can1  204  [04]  4F 62 01 00
2025-08-10T00:52:52.194870,174.810,  can1  206  [16]  C3 0C BE 09 B7 0C FA E4 02 0A CF 0C BB 0C 00 00
2025-08-10T00:52:52.196891,174.812,  can1  206  [16]  C3 0C D0 09 B7 0C 69 E5 07 0A D3 0C BB 0C 00 00
2025-08-10T00:52:52.196891,174.812,  can1  206  [16]  C3 0C D0 09 B3 0C D0 E5 00 0A D3 0C BB 0C 00 00
2025-08-10T00:52:52.196891,174.812,  can1  206  [16]  C7 0C CB 09 A7 0C 7E E4 02 0A DB 0C BF 0C 00 00
2025-08-10T00:52:52.741345,175.357,  can1  206  [16]  BF 0C C9 09 AF 0C 69 E5 00 0A DB 0C BF 0C 00 00
2025-08-10T00:52:52.741345,175.357,  can1  206  [16]  BF 0C CB 09 B3 0C 2E E6 04 0A DB 0C BF 0C 00 00
2025-08-10T00:52:52.741345,175.357,  can1  206  [16]  C3 0C D2 09 AF 0C FA E4 02 0A D3 0C BF 0C 00 00
2025-08-10T00:52:52.741345,175.357,  can1  206  [16]  AF 0C CB 09 B7 0C 69 E5 09 0A DB 0C C7 0C 00 00
2025-08-10T00:52:52.741345,175.363,  can1  204  [04]  4F 62 01 00
2025-08-10T00:52:53.283763,175.899,  can1  206  [16]  BF 0C CD 09 AB 0C 7E E4 02 0A DB 0C BF 0C 00 00
2025-08-10T00:52:53.283763,175.899,  can1  206  [16]  C3 0C CB 09 AB 0C 69 E5 07 0A D7 0C BF 0C 00 00
2025-08-10T00:52:53.283763,175.899,  can1  206  [16]  BB 0C D0 09 AB 0C 69 E5 04 0A D7 0C C3 0C 00 00
2025-08-10T00:52:53.283763,175.899,  can1  206  [16]  C3 0C CD 09 AF 0C D0 E5 00 0A DB 0C BB 0C 00 00
2025-08-10T00:52:53.844187,176.460,  can1  206  [16]  BF 0C C9 09 B3 0C 69 E5 04 0A D7 0C BF 0C 00 00
2025-08-10T00:52:53.844187,176.460,  can1  206  [16]  C3 0C CB 09 AF 0C FA E4 07 0A D7 0C BF 0C 00 00
2025-08-10T00:52:53.844187,176.460,  can1  206  [16]  C7 0C CD 09 AB 0C FA E4 04 0A D7 0C BB 0C 00 00
2025-08-10T00:52:53.844187,176.460,  can1  204  [04]  4F 62 01 00
2025-08-10T00:52:53.844187,176.460,  can1  206  [16]  BF 0C CD 09 AF 0C FA E4 07 0A 04 0D BF 0C 00 00
2025-08-10T00:52:54.393085,177.009,  can1  206  [16]  BF 0C CB 09 B3 0C FA E4 04 0A D7 0C BB 0C 00 00
2025-08-10T00:52:54.395461,177.011,  can1  206  [16]  B7 0C CD 09 AF 0C FA E4 02 0A DB 0C C7 0C 00 00
2025-08-10T00:52:54.395461,177.011,  can1  206  [16]  C3 0C CB 09 AB 0C 69 E5 04 0A D3 0C BF 0C 00 00
2025-08-10T00:52:54.395461,177.011,  can1  206  [16]  BF 0C CD 09 B3 0C 69 E5 04 0A D7 0C BB 0C 00 00
2025-08-10T00:52:55.043849,177.659,  can1  206  [16]  C7 0C CB 09 AF 0C FA E4 02 0A DB 0C B7 0C 00 00
2025-08-10T00:52:55.056115,177.672,  can1  206  [16]  BF 0C D2 09 B3 0C 69 E5 02 0A D3 0C BF 0C 00 00
2025-08-10T00:52:55.058138,177.674,  can1  204  [04]  4F 62 01 00
2025-08-10T00:52:55.060155,177.676,  can1  206  [16]  C3 0C CB 09 AB 0C 2E E6 00 0A E4 0C BB 0C 00 00
2025-08-10T00:52:55.060155,177.676,  can1  206  [16]  C3 0C C9 09 AF 0C D0 E5 00 0A CF 0C BF 0C 00 00
2025-08-10T00:52:55.060155,177.676,  can1  206  [16]  BB 0C CB 09 B3 0C 69 E5 00 0A DF 0C C3 0C 00 00
2025-08-10T00:52:55.691927,178.307,  can1  206  [16]  CF 0C CD 09 AB 0C 69 E5 04 0A DB 0C B7 0C 00 00
2025-08-10T00:52:55.696132,178.312,  can1  206  [16]  C7 0C CD 09 AF 0C 69 E5 00 0A DB 0C BB 0C 00 00
2025-08-10T00:52:55.698288,178.314,  can1  206  [16]  C7 0C C7 09 AB 0C D0 E5 02 0A D7 0C BB 0C 00 00
2025-08-10T00:52:55.700300,178.316,  can1  206  [16]  DB 0C CB 09 B3 0C 69 E5 02 0A D3 0C A7 0C 00 00
2025-08-10T00:52:56.241487,178.857,  can1  204  [04]  4F 62 01 00
2025-08-10T00:52:56.241487,178.857,  can1  206  [16]  CF 0C CD 09 AF 0C D0 E5 04 0A D7 0C B7 0C 00 00
2025-08-10T00:52:56.241487,178.857,  can1  206  [16]  BF 0C C9 09 B3 0C D0 E5 02 0A DB 0C BF 0C 00 00
2025-08-10T00:52:56.255824,178.871,  can1  206  [16]  CB 0C C7 09 AB 0C 2E E6 04 0A D3 0C BB 0C 00 00
2025-08-10T00:52:56.255824,178.871,  can1  206  [16]  BF 0C CD 09 AF 0C 69 E5 04 0A DB 0C C3 0C 00 00
2025-08-10T00:52:56.906593,179.524,  can1  206  [16]  BB 0C D0 09 AF 0C FA E4 02 0A D7 0C C3 0C 00 00
2025-08-10T00:52:56.912630,179.528,  can1  206  [16]  B3 0C CB 09 B7 0C FA E4 00 0A DB 0C C7 0C 00 00
2025-08-10T00:52:56.912630,179.528,  can1  206  [16]  B7 0C CD 09 B3 0C 69 E5 00 0A DB 0C C7 0C 00 00
2025-08-10T00:52:56.912630,179.528,  can1  206  [16]  CB 0C CD 09 B3 0C 69 E5 04 0A D3 0C B3 0C 00 00
2025-08-10T00:52:56.912630,179.528,  can1  204  [04]  4F 62 01 00
2025-08-10T00:52:56.912630,179.528,  can1  206  [16]  E3 0C CD 09 5B 0C FA E4 04 0A 0C 0D BB 0C 00 00
2025-08-10T00:52:57.448292,180.064,  can1  206  [16]  C3 0C CD 09 AB 0C D0 E5 04 0A DB 0C BF 0C 00 00
2025-08-10T00:52:57.471029,180.087,  can1  206  [16]  CF 0C CD 09 A7 0C 69 E5 02 0A D7 0C B7 0C 00 00
2025-08-10T00:52:57.471029,180.087,  can1  206  [16]  CF 0C CB 09 A7 0C 2E E6 1D 0A D3 0C BB 0C 00 00
2025-08-10T00:52:57.473040,180.089,  can1  206  [16]  C3 0C CD 09 AB 0C 69 E5 04 0A D7 0C C3 0C 00 00
2025-08-10T00:52:58.100900,180.716,  can1  206  [16]  CF 0C D0 09 AB 0C 85 E6 02 0A D3 0C B7 0C 00 00
2025-08-10T00:52:58.100900,180.716,  can1  206  [16]  C3 0C CB 09 B3 0C D0 E5 FE 09 CF 0C BF 0C 00 00
2025-08-10T00:52:58.100900,180.716,  can1  204  [04]  4F 62 01 00
2025-08-10T00:52:58.102918,180.718,  can1  206  [16]  CB 0C D0 09 AF 0C 85 E6 07 0A DB 0C B7 0C 00 00
2025-08-10T00:52:58.102918,180.718,  can1  206  [16]  C3 0C D0 09 B3 0C D0 E5 04 0A D3 0C BB 0C 00 00
2025-08-10T00:52:58.104931,180.720,  can1  206  [16]  C3 0C CD 09 A7 0C 69 E5 02 0A D7 0C C7 0C 00 00
2025-08-10T00:52:58.755017,181.371,  can1  206  [16]  C7 0C CD 09 AB 0C 69 E5 07 0A D7 0C BF 0C 00 00
2025-08-10T00:52:58.755017,181.371,  can1  206  [16]  C7 0C D0 09 A7 0C 69 E5 00 0A DB 0C BF 0C 00 00
2025-08-10T00:52:58.755017,181.371,  can1  206  [16]  CB 0C C9 09 B7 0C 69 E5 00 0A D3 0C B3 0C 00 00
2025-08-10T00:52:58.755017,181.371,  can1  206  [16]  C7 0C CB 09 B3 0C 69 E5 00 0A D7 0C B7 0C 00 00
2025-08-10T00:52:58.759918,181.375,  can1  204  [04]  4F 62 01 00
2025-08-10T00:52:58.759918,181.375,  can1  206  [16]  C3 0C DF 09 B3 0C FA E4 02 0A D7 0C BB 0C 00 00
2025-08-10T00:52:59.319077,181.935,  can1  206  [16]  BF 0C C9 09 AB 0C FA E4 02 0A DF 0C C3 0C 00 00
2025-08-10T00:52:59.319077,181.935,  can1  206  [16]  BF 0C C7 09 AF 0C 7E E4 02 0A DB 0C BF 0C 00 00
2025-08-10T00:52:59.320107,181.936,  can1  206  [16]  BF 0C CB 09 AF 0C 69 E5 04 0A DB 0C BF 0C 00 00
2025-08-10T00:52:59.320107,181.936,  can1  206  [16]  CB 0C CB 09 A7 0C 69 E5 02 0A DF 0C BB 0C 00 00
2025-08-10T00:52:59.873220,182.489,  can1  206  [16]  BF 0C C9 09 AF 0C 69 E5 02 0A D7 0C BF 0C 00 00
2025-08-10T00:52:59.880139,182.496,  can1  206  [16]  C3 0C CD 09 B3 0C 7E E4 02 0A DF 0C BB 0C 00 00
2025-08-10T00:52:59.880139,182.496,  can1  206  [16]  CF 0C CB 09 AB 0C 69 E5 02 0A DB 0C B7 0C 00 00
2025-08-10T00:52:59.880139,182.496,  can1  204  [04]  4F 62 01 00
2025-08-10T00:53:00.519211,183.135,  can1  206  [16]  C7 0C C9 09 AB 0C 69 E5 00 0A DF 0C B7 0C 00 00
2025-08-10T00:53:00.519211,183.135,  can1  206  [16]  CB 0C CD 09 AF 0C 69 E5 04 0A D7 0C B7 0C 00 00
2025-08-10T00:53:00.527438,183.143,  can1  206  [16]  BF 0C CB 09 AF 0C FA E4 02 0A D7 0C BF 0C 00 00
2025-08-10T00:53:00.538357,183.154,  can1  206  [16]  C3 0C C7 09 AF 0C 69 E5 04 0A DF 0C BF 0C 00 00
2025-08-10T00:53:00.538357,183.154,  can1  206  [16]  C3 0C CD 09 C7 0C 69 E5 02 0A C7 0C B7 0C 00 00
2025-08-10T00:53:00.538357,183.154,  can1  206  [16]  C7 0C CD 09 AF 0C D0 E5 F5 09 DF 0C BB 0C 00 00
2025-08-10T00:53:01.074892,183.690,  can1  206  [16]  C3 0C CD 09 AF 0C 69 E5 02 0A DB 0C BB 0C 00 00
2025-08-10T00:53:01.078833,183.694,  can1  204  [04]  4F 62 01 00
2025-08-10T00:53:01.080847,183.696,  can1  206  [16]  C3 0C CB 09 AF 0C 69 E5 02 0A D3 0C BF 0C 00 00
2025-08-10T00:53:01.080847,183.696,  can1  206  [16]  CB 0C CB 09 AB 0C 69 E5 02 0A D7 0C BB 0C 00 00
2025-08-10T00:53:01.080847,183.696,  can1  206  [16]  C3 0C CB 09 A7 0C D7 E6 07 0A DF 0C BB 0C 00 00
2025-08-10T00:53:01.632856,184.248,  can1  206  [16]  CB 0C CB 09 B3 0C 69 E5 02 0A DB 0C B3 0C 00 00
2025-08-10T00:53:01.639394,184.255,  can1  206  [16]  C7 0C C9 09 AF 0C 69 E5 04 0A D7 0C BB 0C 00 00
2025-08-10T00:53:01.639394,184.255,  can1  206  [16]  D3 0C D0 09 A7 0C 69 E5 04 0A DB 0C B3 0C 00 00
2025-08-10T00:53:01.646041,184.262,  can1  206  [16]  CB 0C D6 09 AF 0C FA E4 02 0A DB 0C B7 0C 00 00
2025-08-10T00:53:02.267842,184.883,  can1  204  [04]  4F 62 01 00
2025-08-10T00:53:02.267842,184.883,  can1  206  [16]  C7 0C CD 09 AF 0C D0 E5 02 0A D7 0C BB 0C 00 00
2025-08-10T00:53:02.273183,184.889,  can1  206  [16]  C3 0C C7 09 AF 0C FA E4 02 0A CF 0C BF 0C 00 00
2025-08-10T00:53:02.273183,184.889,  can1  206  [16]  BF 0C CD 09 AF 0C FA E4 02 0A CF 0C C3 0C 00 00
2025-08-10T00:53:02.273183,184.889,  can1  206  [16]  BF 0C CB 09 BB 0C D0 E5 00 0A CB 0C BF 0C 00 00
2025-08-10T00:53:02.828434,185.444,  can1  206  [16]  BB 0C CD 09 B3 0C FA E4 04 0A CF 0C C3 0C 00 00
2025-08-10T00:53:02.831971,185.447,  can1  206  [16]  BB 0C CD 09 AB 0C 69 E5 00 0A DB 0C C7 0C 00 00
2025-08-10T00:53:02.831971,185.447,  can1  206  [16]  D7 0C CD 09 A3 0C FA E4 04 0A D7 0C B3 0C 00 00
2025-08-10T00:53:02.831971,185.447,  can1  204  [04]  4F 62 01 00
2025-08-10T00:53:02.831971,185.447,  can1  206  [16]  C3 0C CB 09 B3 0C 69 E5 02 0A DB 0C BB 0C 00 00
2025-08-10T00:53:03.379374,185.995,  can1  206  [16]  C7 0C CD 09 AF 0C FA E4 00 0A DB 0C BB 0C 00 00
2025-08-10T00:53:03.379374,185.995,  can1  206  [16]  C3 0C CD 09 B3 0C FA E4 02 0A CF 0C BF 0C 00 00
2025-08-10T00:53:03.379374,185.995,  can1  206  [16]  BB 0C CD 09 B3 0C D0 E5 04 0A DB 0C C3 0C 00 00
2025-08-10T00:53:03.379374,185.995,  can1  206  [16]  C7 0C C7 09 AB 0C 69 E5 02 0A D7 0C BF 0C 00 00
2025-08-10T00:53:03.938924,186.554,  can1  206  [16]  BF 0C CB 09 B3 0C 69 E5 02 0A D7 0C BF 0C 00 00
2025-08-10T00:53:03.941299,186.557,  can1  206  [16]  CB 0C CB 09 AB 0C FA E4 04 0A D3 0C BB 0C 00 00
2025-08-10T00:53:03.941299,186.557,  can1  206  [16]  BF 0C CB 09 B3 0C 7E E4 02 0A D3 0C BF 0C 00 00
2025-08-10T00:53:03.944518,186.560,  can1  204  [04]  4F 62 01 00
2025-08-10T00:53:03.944518,186.560,  can1  206  [16]  BF 0C C9 09 AF 0C FA E4 04 0A D7 0C BF 0C 00 00
2025-08-10T00:53:04.479626,187.095,  can1  206  [16]  9B 0C CB 09 BB 0C 69 E5 02 0A D7 0C D3 0C 00 00
2025-08-10T00:53:04.496048,187.112,  can1  206  [16]  D7 0C CB 09 A7 0C 69 E5 02 0A DF 0C B3 0C 00 00
2025-08-10T00:53:04.500662,187.116,  can1  206  [16]  CB 0C CB 09 AF 0C 69 E5 02 0A DB 0C B7 0C 00 00
2025-08-10T00:53:04.500662,187.116,  can1  206  [16]  C7 0C CD 09 AF 0C 69 E5 02 0A DF 0C B7 0C 00 00
2025-08-10T00:53:05.130343,187.746,  can1  206  [16]  C7 0C CB 09 A7 0C FA E4 02 0A 0C 0D BF 0C 00 00
2025-08-10T00:53:05.132361,187.748,  can1  206  [16]  BF 0C CD 09 B7 0C 69 E5 02 0A D7 0C BB 0C 00 00
2025-08-10T00:53:05.132361,187.748,  can1  204  [04]  4F 62 01 00
2025-08-10T00:53:05.136395,187.752,  can1  206  [16]  BF 0C CB 09 B3 0C D0 E5 04 0A D7 0C BF 0C 00 00
2025-08-10T00:53:05.136395,187.752,  can1  206  [16]  D3 0C D4 09 AB 0C 69 E5 04 0A D7 0C B3 0C 00 00
2025-08-10T00:53:05.136395,187.752,  can1  206  [16]  C3 0C CD 09 B3 0C 69 E5 02 0A D3 0C BF 0C 00 00
2025-08-10T00:53:05.704410,188.320,  can1  206  [16]  C7 0C D8 09 AB 0C 69 E5 02 0A DF 0C BB 0C 00 00
2025-08-10T00:53:05.704410,188.320,  can1  206  [16]  C3 0C CB 09 AF 0C 57 E3 04 0A D7 0C BB 0C 00 00
2025-08-10T00:53:05.704410,188.320,  can1  206  [16]  C3 0C CD 09 B7 0C FA E4 FC 09 D7 0C B7 0C 00 00
2025-08-10T00:53:05.706424,188.322,  can1  206  [16]  C3 0C CD 09 AB 0C 69 E5 02 0A DB 0C BF 0C 00 00
2025-08-10T00:53:05.708437,188.324,  can1  204  [04]  4F 62 01 00
2025-08-10T00:53:06.364851,188.980,  can1  206  [16]  C3 0C CB 09 B3 0C FA E4 02 0A D3 0C BB 0C 00 00
2025-08-10T00:53:06.364851,188.980,  can1  206  [16]  B3 0C C9 09 AB 0C 69 E5 00 0A DB 0C CF 0C 00 00
2025-08-10T00:53:06.364851,188.980,  can1  206  [16]  BF 0C CD 09 B3 0C 69 E5 00 0A D3 0C BF 0C 00 00
2025-08-10T00:53:06.364851,188.980,  can1  206  [16]  C7 0C CB 09 AF 0C FA E4 04 0A D7 0C BB 0C 00 00
2025-08-10T00:53:06.366016,188.982,  can1  206  [16]  B7 0C CD 09 AF 0C FA E4 04 0A D7 0C C7 0C 00 00
2025-08-10T00:53:06.897732,189.513,  can1  206  [16]  D3 0C CB 09 AB 0C 69 E5 04 0A D7 0C B3 0C 00 00
2025-08-10T00:53:06.899280,189.515,  can1  206  [16]  D7 0C C9 09 A3 0C 69 E5 00 0A D3 0C B7 0C 00 00
2025-08-10T00:53:06.901065,189.517,  can1  204  [04]  4F 62 01 00
2025-08-10T00:53:06.901065,189.517,  can1  206  [16]  C3 0C CB 09 AB 0C FA E4 02 0A DB 0C C3 0C 00 00
2025-08-10T00:53:06.901065,189.517,  can1  206  [16]  C3 0C CD 09 AB 0C 69 E5 02 0A DB 0C BF 0C 00 00
2025-08-10T00:53:07.444081,190.060,  can1  206  [16]  CB 0C CD 09 B7 0C 69 E5 04 0A D3 0C B3 0C 00 00
2025-08-10T00:53:07.444081,190.060,  can1  206  [16]  CF 0C CB 09 AB 0C D0 E5 04 0A D3 0C B7 0C 00 00
2025-08-10T00:53:07.444081,190.060,  can1  206  [16]  C3 0C CB 09 AB 0C FA E4 02 0A D7 0C BF 0C 00 00
2025-08-10T00:53:07.444081,190.060,  can1  206  [16]  BF 0C D0 09 AB 0C 69 E5 02 0A D7 0C C3 0C 00 00
2025-08-10T00:53:08.008593,190.624,  can1  206  [16]  C3 0C CB 09 AB 0C D0 E5 00 0A E8 0C BF 0C 00 00
2025-08-10T00:53:08.012880,190.628,  can1  206  [16]  B7 0C C9 09 B3 0C D0 E5 00 0A DB 0C C7 0C 00 00
2025-08-10T00:53:08.012880,190.628,  can1  204  [04]  4F 62 01 00
2025-08-10T00:53:08.012880,190.628,  can1  206  [16]  D3 0C D2 09 AB 0C 69 E5 04 0A D3 0C B7 0C 00 00
2025-08-10T00:53:08.012880,190.628,  can1  206  [16]  C3 0C CD 09 AB 0C 69 E5 04 0A DB 0C BF 0C 00 00
2025-08-10T00:53:08.650137,191.266,  can1  206  [16]  B7 0C CD 09 B3 0C FA E4 02 0A D7 0C C3 0C 00 00
2025-08-10T00:53:08.653419,191.269,  can1  206  [16]  BF 0C D2 09 B7 0C D0 E5 02 0A CB 0C BF 0C 00 00
2025-08-10T00:53:08.653419,191.269,  can1  206  [16]  C7 0C CB 09 A7 0C FA E4 04 0A D7 0C BF 0C 00 00
2025-08-10T00:53:08.653419,191.269,  can1  206  [16]  CB 0C CD 09 AB 0C 7E E4 07 0A DB 0C BB 0C 00 00
2025-08-10T00:53:08.653419,191.269,  can1  206  [16]  C3 0C D2 09 AB 0C 69 E5 02 0A D7 0C BF 0C 00 00
2025-08-10T00:53:09.199498,191.815,  can1  204  [04]  4F 62 01 00
2025-08-10T00:53:09.199498,191.815,  can1  206  [16]  C7 0C D2 09 AB 0C FA E4 04 0A D7 0C BF 0C 00 00
2025-08-10T00:53:09.201536,191.817,  can1  206  [16]  C7 0C C9 09 9F 0C 69 E5 00 0A FC 0C B7 0C 00 00
2025-08-10T00:53:09.201536,191.817,  can1  206  [16]  AF 0C D0 09 C3 0C 69 E5 00 0A E4 0C B7 0C 00 00
2025-08-10T00:53:09.203547,191.819,  can1  206  [16]  C7 0C D0 09 AB 0C 69 E5 02 0A D3 0C BF 0C 00 00
2025-08-10T00:53:09.757120,192.373,  can1  206  [16]  C7 0C CD 09 B3 0C 69 E5 02 0A DB 0C BB 0C 00 00
2025-08-10T00:53:09.757120,192.373,  can1  206  [16]  D3 0C CB 09 9F 0C 69 E5 02 0A DB 0C B7 0C 00 00
2025-08-10T00:53:09.757120,192.373,  can1  206  [16]  C3 0C CD 09 B3 0C 69 E5 00 0A D7 0C BB 0C 00 00
2025-08-10T00:53:09.757120,192.373,  can1  204  [04]  4F 62 01 00
2025-08-10T00:53:09.757120,192.373,  can1  206  [16]  C3 0C D0 09 B3 0C A0 E2 04 0A DF 0C BB 0C 00 00
2025-08-10T00:53:10.419776,193.035,  can1  206  [16]  B7 0C CB 09 B7 0C 69 E5 04 0A CB 0C C7 0C 00 00
2025-08-10T00:53:10.419776,193.035,  can1  206  [16]  BB 0C D0 09 AF 0C 69 E5 02 0A DF 0C C3 0C 00 00
2025-08-10T00:53:10.419776,193.035,  can1  206  [16]  CB 0C CD 09 A7 0C 69 E5 FE 09 E4 0C BB 0C 00 00
2025-08-10T00:53:10.419776,193.035,  can1  206  [16]  C3 0C CD 09 B3 0C 57 E3 02 0A DB 0C BB 0C 00 00
2025-08-10T00:53:10.419776,193.035,  can1  206  [16]  BF 0C CD 09 B3 0C FA E4 02 0A CF 0C BF 0C 00 00
2025-08-10T00:53:11.079312,193.695,  can1  206  [16]  BB 0C CD 09 AB 0C FA E4 02 0A DB 0C C3 0C 00 00
2025-08-10T00:53:11.081328,193.697,  can1  204  [04]  4F 62 01 00
2025-08-10T00:53:11.081328,193.697,  can1  206  [16]  D3 0C CB 09 AF 0C 69 E5 02 0A E4 0C B3 0C 00 00
2025-08-10T00:53:11.081328,193.697,  can1  206  [16]  BF 0C C7 09 AB 0C 69 E5 02 0A DF 0C C3 0C 00 00
2025-08-10T00:53:11.081328,193.697,  can1  206  [16]  C3 0C C7 09 AB 0C 69 E5 02 0A DF 0C BF 0C 00 00
2025-08-10T00:53:11.081328,193.697,  can1  206  [16]  C3 0C C7 09 AF 0C FA E4 02 0A DB 0C BF 0C 00 00
2025-08-10T00:53:11.737244,194.353,  can1  206  [16]  C7 0C CD 09 A3 0C 57 E3 02 0A DB 0C C3 0C 00 00
2025-08-10T00:53:11.739256,194.355,  can1  206  [16]  C7 0C CB 09 AF 0C 69 E5 02 0A DB 0C BB 0C 00 00
2025-08-10T00:53:11.741282,194.357,  can1  206  [16]  BF 0C C9 09 AF 0C 69 E5 02 0A DB 0C BF 0C 00 00
2025-08-10T00:53:11.743295,194.359,  can1  206  [16]  C3 0C C9 09 B3 0C 69 E5 00 0A CF 0C BF 0C 00 00
2025-08-10T00:53:11.745305,194.361,  can1  204  [04]  4F 62 01 00
2025-08-10T00:53:12.385030,195.001,  can1  206  [16]  CB 0C C7 09 A7 0C 69 E5 02 0A D7 0C BB 0C 00 00
2025-08-10T00:53:12.385030,195.001,  can1  206  [16]  C7 0C CD 09 BB 0C 69 E5 04 0A DF 0C AF 0C 00 00
2025-08-10T00:53:12.387041,195.003,  can1  206  [16]  D3 0C C9 09 AF 0C 69 E5 00 0A DF 0C AB 0C 00 00
2025-08-10T00:53:12.387041,195.003,  can1  206  [16]  C3 0C CD 09 A7 0C 69 E5 04 0A E4 0C BF 0C 00 00
2025-08-10T00:53:12.387041,195.003,  can1  206  [16]  CB 0C CD 09 AB 0C FA E4 04 0A 1C 0D B7 0C 00 00
2025-08-10T00:53:13.042205,195.658,  can1  206  [16]  B7 0C CD 09 B3 0C D0 E5 02 0A D3 0C C3 0C 00 00
2025-08-10T00:53:13.044216,195.660,  can1  206  [16]  BF 0C D0 09 A7 0C 69 E5 04 0A D7 0C C7 0C 00 00
2025-08-10T00:53:13.044216,195.660,  can1  204  [04]  4F 62 01 00
2025-08-10T00:53:13.046932,195.662,  can1  206  [16]  BB 0C CB 09 AF 0C D0 E5 02 0A D3 0C C3 0C 00 00
2025-08-10T00:53:13.046932,195.662,  can1  206  [16]  C7 0C CB 09 B3 0C 69 E5 02 0A DB 0C BB 0C 00 00
2025-08-10T00:53:13.046932,195.662,  can1  206  [16]  BF 0C CB 09 B3 0C FA E4 02 0A CF 0C C3 0C 00 00
2025-08-10T00:53:13.605076,196.221,  can1  206  [16]  CB 0C CD 09 AF 0C 69 E5 04 0A DB 0C B7 0C 00 00
2025-08-10T00:53:13.605076,196.221,  can1  206  [16]  D3 0C CB 09 A7 0C 69 E5 02 0A DF 0C B3 0C 00 00
2025-08-10T00:53:13.605076,196.221,  can1  206  [16]  CF 0C CB 09 B3 0C 85 E6 07 0A D3 0C B3 0C 00 00
2025-08-10T00:53:13.605076,196.221,  can1  206  [16]  CB 0C CD 09 AF 0C FA E4 04 0A DB 0C B7 0C 00 00
2025-08-10T00:53:14.262517,196.878,  can1  204  [04]  4F 62 01 00
2025-08-10T00:53:14.268558,196.884,  can1  206  [16]  BB 0C C9 09 AF 0C D0 E5 02 0A DF 0C C3 0C 00 00
2025-08-10T00:53:14.268558,196.884,  can1  206  [16]  BF 0C CD 09 B3 0C 69 E5 00 0A D3 0C BF 0C 00 00
2025-08-10T00:53:14.268558,196.884,  can1  206  [16]  D3 0C C9 09 B3 0C D0 E5 02 0A CB 0C AF 0C 00 00
2025-08-10T00:53:14.268558,196.884,  can1  206  [16]  B7 0C CD 09 B3 0C D0 E5 07 0A CF 0C C3 0C 00 00
2025-08-10T00:53:14.283705,196.899,  can1  206  [16]  BF 0C CB 09 B3 0C D0 E5 07 0A D7 0C BF 0C 00 00
2025-08-10T00:53:14.952813,197.568,  can1  206  [16]  C3 0C C7 09 AF 0C D0 E5 02 0A D3 0C BB 0C 00 00
2025-08-10T00:53:14.952813,197.568,  can1  206  [16]  C7 0C C9 09 AB 0C 69 E5 04 0A DB 0C BF 0C 00 00
2025-08-10T00:53:14.952813,197.568,  can1  206  [16]  C7 0C CD 09 AF 0C 69 E5 02 0A D3 0C BB 0C 00 00
2025-08-10T00:53:14.952813,197.568,  can1  204  [04]  4F 62 01 00
2025-08-10T00:53:14.952813,197.568,  can1  206  [16]  BB 0C CB 09 B3 0C 69 E5 F7 09 D3 0C C3 0C 00 00
2025-08-10T00:53:15.579386,198.195,  can1  206  [16]  C7 0C CD 09 B3 0C D0 E5 04 0A DF 0C B7 0C 00 00
2025-08-10T00:53:15.581400,198.197,  can1  206  [16]  CF 0C C9 09 AF 0C 69 E5 02 0A D7 0C B3 0C 00 00
2025-08-10T00:53:15.581400,198.197,  can1  206  [16]  E8 0C D0 09 AF 0C 7E E4 00 0A CF 0C 9B 0C 00 00
2025-08-10T00:53:15.583411,198.199,  can1  206  [16]  CB 0C D4 09 A7 0C FA E4 00 0A DF 0C BB 0C 00 00
2025-08-10T00:53:15.594277,198.210,  can1  206  [16]  B7 0C C7 09 87 0C 69 E5 02 0A 04 0D C7 0C 00 00
2025-08-10T00:53:16.127093,198.743,  can1  206  [16]  C7 0C CB 09 AF 0C 69 E5 09 0A D3 0C BB 0C 00 00
2025-08-10T00:53:16.135448,198.751,  can1  204  [04]  4F 62 01 00
2025-08-10T00:53:16.137528,198.753,  can1  206  [16]  CB 0C CB 09 B3 0C 69 E5 02 0A CB 0C BB 0C 00 00
2025-08-10T00:53:16.137528,198.753,  can1  206  [16]  CB 0C CD 09 B7 0C 69 E5 04 0A C7 0C BB 0C 00 00
2025-08-10T00:53:16.137528,198.753,  can1  206  [16]  CB 0C D0 09 AB 0C FA E4 04 0A CF 0C BB 0C 00 00
2025-08-10T00:53:16.770127,199.386,  can1  206  [16]  CF 0C CD 09 A7 0C D0 E5 02 0A D7 0C B7 0C 00 00
2025-08-10T00:53:16.774540,199.390,  can1  206  [16]  C3 0C D0 09 AB 0C D0 E5 04 0A DB 0C BF 0C 00 00
2025-08-10T00:53:16.776642,199.392,  can1  206  [16]  CB 0C CB 09 B3 0C 69 E5 04 0A D3 0C B7 0C 00 00
2025-08-10T00:53:16.777714,199.393,  can1  206  [16]  C3 0C CB 09 B3 0C D0 E5 02 0A CF 0C BB 0C 00 00
2025-08-10T00:53:16.779131,199.395,  can1  204  [04]  4F 62 01 00
2025-08-10T00:53:16.779131,199.395,  can1  206  [16]  C7 0C C7 09 A7 0C 69 E5 02 0A DB 0C BB 0C 00 00
2025-08-10T00:53:17.323249,199.939,  can1  206  [16]  BF 0C C9 09 AB 0C 69 E5 02 0A C3 0C C3 0C 00 00
2025-08-10T00:53:17.333739,199.949,  can1  206  [16]  C3 0C CD 09 AF 0C FA E4 02 0A CF 0C BF 0C 00 00
2025-08-10T00:53:17.333739,199.949,  can1  206  [16]  C3 0C CD 09 B3 0C FA E4 04 0A DB 0C B7 0C 00 00
2025-08-10T00:53:17.333739,199.949,  can1  206  [16]  CB 0C CB 09 AB 0C 7E E4 02 0A DB 0C BB 0C 00 00
2025-08-10T00:53:17.976815,200.592,  can1  206  [16]  D3 0C CD 09 AB 0C 69 E5 07 0A CB 0C B3 0C 00 00
2025-08-10T00:53:17.976815,200.592,  can1  206  [16]  C3 0C CD 09 AF 0C 69 E5 04 0A D7 0C BB 0C 00 00
2025-08-10T00:53:17.976815,200.592,  can1  204  [04]  4F 62 01 00
2025-08-10T00:53:17.976815,200.592,  can1  206  [16]  C7 0C CD 09 AF 0C 69 E5 04 0A DB 0C B7 0C 00 00
2025-08-10T00:53:17.976815,200.592,  can1  206  [16]  B7 0C CB 09 B3 0C 69 E5 04 0A D3 0C C7 0C 00 00
2025-08-10T00:53:17.976815,200.592,  can1  206  [16]  C3 0C CD 09 B3 0C 69 E5 04 0A D7 0C BB 0C 00 00
2025-08-10T00:53:18.526179,201.142,  can1  206  [16]  C3 0C CD 09 B3 0C 2E E6 04 0A D3 0C BB 0C 00 00
2025-08-10T00:53:18.526179,201.142,  can1  206  [16]  C7 0C CD 09 AF 0C FA E4 02 0A D7 0C BB 0C 00 00
2025-08-10T00:53:18.526179,201.142,  can1  206  [16]  C3 0C CD 09 B3 0C D0 E5 04 0A D7 0C BB 0C 00 00
2025-08-10T00:53:18.533061,201.149,  can1  206  [16]  BB 0C CB 09 BB 0C 69 E5 00 0A CB 0C C3 0C 00 00
2025-08-10T00:53:19.067227,201.683,  can1  206  [16]  BB 0C CB 09 B3 0C D0 E5 02 0A D3 0C BF 0C 00 00
2025-08-10T00:53:19.067227,201.683,  can1  204  [04]  4F 62 01 00
2025-08-10T00:53:19.067227,201.683,  can1  206  [16]  C3 0C CB 09 9B 0C 69 E5 02 0A DF 0C C3 0C 00 00
2025-08-10T00:53:19.067227,201.683,  can1  206  [16]  CB 0C CB 09 A7 0C 69 E5 04 0A DB 0C BB 0C 00 00
2025-08-10T00:53:19.067227,201.683,  can1  206  [16]  C3 0C D4 09 A7 0C 69 E5 02 0A DB 0C C3 0C 00 00
2025-08-10T00:53:19.625801,202.241,  can1  206  [16]  BF 0C CB 09 B3 0C 69 E5 04 0A DB 0C BF 0C 00 00
2025-08-10T00:53:19.625801,202.241,  can1  206  [16]  CB 0C C9 09 AB 0C 69 E5 FE 09 D3 0C BB 0C 00 00
2025-08-10T00:53:19.625801,202.241,  can1  206  [16]  BF 0C C7 09 B3 0C D0 E5 04 0A E8 0C C3 0C 00 00
2025-08-10T00:53:19.625801,202.241,  can1  206  [16]  BF 0C CB 09 AF 0C FA E4 04 0A DB 0C C3 0C 00 00
2025-08-10T00:53:20.168865,202.784,  can1  204  [04]  4F 62 01 00
2025-08-10T00:53:20.168865,202.784,  can1  206  [16]  BF 0C CD 09 AF 0C FA E4 02 0A D7 0C BF 0C 00 00
2025-08-10T00:53:20.168865,202.784,  can1  206  [16]  CF 0C C9 09 A7 0C 69 E5 04 0A D7 0C BB 0C 00 00
2025-08-10T00:53:20.168865,202.784,  can1  206  [16]  C3 0C C9 09 B3 0C 69 E5 00 0A DF 0C BB 0C 00 00
2025-08-10T00:53:20.168865,202.784,  can1  206  [16]  C7 0C CD 09 A7 0C 69 E5 07 0A D7 0C BF 0C 00 00
2025-08-10T00:53:20.722090,203.338,  can1  206  [16]  C7 0C CB 09 B7 0C 69 E5 04 0A D3 0C B7 0C 00 00
2025-08-10T00:53:20.723635,203.339,  can1  206  [16]  B7 0C CD 09 B7 0C D0 E5 04 0A D7 0C C3 0C 00 00
2025-08-10T00:53:20.723635,203.339,  can1  206  [16]  C3 0C C9 09 AB 0C 7E E4 02 0A D7 0C BF 0C 00 00
2025-08-10T00:53:20.723635,203.339,  can1  204  [04]  4F 62 01 00
2025-08-10T00:53:20.723635,203.339,  can1  206  [16]  C3 0C CD 09 AF 0C D7 E6 00 0A C7 0C BF 0C 00 00
2025-08-10T00:53:21.266961,203.882,  can1  206  [16]  CB 0C CD 09 9F 0C FA E4 07 0A D7 0C BB 0C 00 00
2025-08-10T00:53:21.272202,203.888,  can1  206  [16]  BF 0C CD 09 B3 0C FA E4 04 0A D7 0C BF 0C 00 00
2025-08-10T00:53:21.272202,203.888,  can1  206  [16]  D3 0C CD 09 AB 0C 69 E5 04 0A E4 0C AB 0C 00 00
2025-08-10T00:53:21.272202,203.888,  can1  206  [16]  C7 0C CB 09 B3 0C FA E4 0D 0A CF 0C BB 0C 00 00
2025-08-10T00:53:21.809554,204.425,  can1  206  [16]  B3 0C CD 09 B3 0C 69 E5 00 0A D7 0C CB 0C 00 00
2025-08-10T00:53:21.809554,204.425,  can1  206  [16]  BB 0C C9 09 B7 0C 69 E5 00 0A CF 0C C3 0C 00 00
2025-08-10T00:53:21.809554,204.425,  can1  204  [04]  4F 62 01 00
2025-08-10T00:53:21.809554,204.425,  can1  206  [16]  C7 0C CD 09 AB 0C 69 E5 02 0A D3 0C BF 0C 00 00
2025-08-10T00:53:21.809554,204.425,  can1  206  [16]  BF 0C CB 09 AF 0C D0 E5 02 0A DF 0C BB 0C 00 00
2025-08-10T00:53:22.350192,204.966,  can1  206  [16]  CB 0C CD 09 AF 0C 69 E5 00 0A CF 0C BB 0C 00 00
2025-08-10T00:53:22.350192,204.966,  can1  206  [16]  C7 0C C9 09 AB 0C 69 E5 04 0A D7 0C BF 0C 00 00
2025-08-10T00:53:22.350192,204.966,  can1  206  [16]  BF 0C CB 09 AF 0C FA E4 07 0A DB 0C BF 0C 00 00
2025-08-10T00:53:22.350192,204.966,  can1  206  [16]  C3 0C D0 09 AB 0C FA E4 07 0A DF 0C BB 0C 00 00
2025-08-10T00:53:22.895147,205.511,  can1  206  [16]  C3 0C CD 09 B3 0C FA E4 04 0A D7 0C BB 0C 00 00
2025-08-10T00:53:22.895147,205.511,  can1  206  [16]  C7 0C CD 09 AB 0C D0 E5 04 0A E4 0C BB 0C 00 00
2025-08-10T00:53:22.895147,205.511,  can1  204  [04]  4F 62 01 00
2025-08-10T00:53:22.895147,205.511,  can1  206  [16]  C3 0C CB 09 A7 0C 69 E5 0B 0A DB 0C BF 0C 00 00
2025-08-10T00:53:22.895147,205.511,  can1  206  [16]  C3 0C CD 09 AF 0C 69 E5 04 0A DB 0C BB 0C 00 00
2025-08-10T00:53:23.443553,206.059,  can1  206  [16]  BF 0C CB 09 B7 0C FA E4 02 0A CB 0C BB 0C 00 00
2025-08-10T00:53:23.444317,206.060,  can1  206  [16]  BF 0C C9 09 B3 0C FA E4 02 0A DB 0C BF 0C 00 00
2025-08-10T00:53:23.444317,206.060,  can1  206  [16]  DB 0C CD 09 B7 0C FA E4 07 0A D3 0C A3 0C 00 00
2025-08-10T00:53:23.448647,206.064,  can1  206  [16]  C7 0C D2 09 AB 0C D0 E5 02 0A D7 0C BB 0C 00 00
2025-08-10T00:53:23.994484,206.610,  can1  206  [16]  B7 0C CB 09 B3 0C 69 E5 04 0A CF 0C C7 0C 00 00
2025-08-10T00:53:23.994484,206.610,  can1  204  [04]  4F 62 01 00
2025-08-10T00:53:23.994484,206.610,  can1  206  [16]  C7 0C C9 09 AB 0C D0 E5 04 0A D7 0C BB 0C 00 00
2025-08-10T00:53:23.994484,206.610,  can1  206  [16]  C7 0C CB 09 A7 0C D0 E5 04 0A D7 0C BF 0C 00 00
2025-08-10T00:53:23.994484,206.610,  can1  206  [16]  C7 0C CD 09 B3 0C FA E4 07 0A E8 0C B7 0C 00 00
2025-08-10T00:53:24.539327,207.155,  can1  206  [16]  C3 0C C9 09 AB 0C D0 E5 04 0A D7 0C BB 0C 00 00
2025-08-10T00:53:24.539327,207.155,  can1  206  [16]  CF 0C D0 09 A3 0C 69 E5 00 0A DB 0C BB 0C 00 00
2025-08-10T00:53:24.539327,207.155,  can1  206  [16]  C3 0C CD 09 AF 0C FA E4 04 0A D7 0C BF 0C 00 00
2025-08-10T00:53:24.539327,207.155,  can1  206  [16]  CB 0C CB 09 A7 0C 69 E5 02 0A DF 0C BB 0C 00 00
2025-08-10T00:53:25.094565,207.710,  can1  204  [04]  4F 62 01 00
2025-08-10T00:53:25.094565,207.710,  can1  206  [16]  C3 0C CD 09 B3 0C 69 E5 04 0A D7 0C BB 0C 00 00
2025-08-10T00:53:25.098908,207.714,  can1  206  [16]  BB 0C D0 09 B7 0C 69 E5 04 0A CB 0C C3 0C 00 00
2025-08-10T00:53:25.098908,207.714,  can1  206  [16]  C7 0C CD 09 A3 0C 69 E5 04 0A DF 0C BF 0C 00 00
2025-08-10T00:53:25.098908,207.714,  can1  206  [16]  CB 0C C9 09 B3 0C FA E4 02 0A D3 0C B7 0C 00 00
2025-08-10T00:53:25.640869,208.256,  can1  206  [16]  CB 0C CB 09 AF 0C FA E4 FE 09 D7 0C B7 0C 00 00
2025-08-10T00:53:25.643911,208.259,  can1  206  [16]  C7 0C CB 09 AB 0C D0 E5 04 0A DB 0C BB 0C 00 00
2025-08-10T00:53:25.646555,208.262,  can1  206  [16]  C3 0C D0 09 AF 0C 69 E5 02 0A D7 0C BF 0C 00 00
2025-08-10T00:53:25.646555,208.262,  can1  206  [16]  C7 0C D0 09 B3 0C 69 E5 02 0A DB 0C B7 0C 00 00
2025-08-10T00:53:25.646555,208.262,  can1  204  [04]  4F 62 01 00
2025-08-10T00:53:26.195502,208.811,  can1  206  [16]  BF 0C D2 09 AB 0C 69 E5 02 0A D7 0C C3 0C 00 00
2025-08-10T00:53:26.195502,208.811,  can1  206  [16]  C3 0C CB 09 AB 0C 69 E5 00 0A CF 0C C3 0C 00 00
2025-08-10T00:53:26.195502,208.811,  can1  206  [16]  C7 0C D0 09 AB 0C 7E E4 00 0A D7 0C BB 0C 00 00
2025-08-10T00:53:26.195502,208.811,  can1  206  [16]  D3 0C CB 09 AB 0C D0 E5 00 0A D3 0C AF 0C 00 00
2025-08-10T00:53:26.859157,209.475,  can1  206  [16]  C7 0C C9 09 AB 0C 69 E5 00 0A CF 0C BB 0C 00 00
2025-08-10T00:53:26.869153,209.485,  can1  206  [16]  CB 0C CB 09 B3 0C D0 E5 02 0A DB 0C B3 0C 00 00
2025-08-10T00:53:26.869153,209.485,  can1  206  [16]  BB 0C CB 09 AF 0C D0 E5 02 0A D3 0C C7 0C 00 00
2025-08-10T00:53:26.869153,209.485,  can1  204  [04]  4F 62 01 00
2025-08-10T00:53:26.869153,209.485,  can1  206  [16]  BF 0C CB 09 AB 0C 69 E5 02 0A CF 0C C7 0C 00 00
2025-08-10T00:53:26.869153,209.485,  can1  206  [16]  C7 0C CB 09 B3 0C 69 E5 02 0A D7 0C B7 0C 00 00
2025-08-10T00:53:27.401340,210.017,  can1  206  [16]  BF 0C CB 09 B3 0C 69 E5 02 0A D3 0C BF 0C 00 00
2025-08-10T00:53:27.401340,210.017,  can1  206  [16]  BF 0C D2 09 B7 0C 7E E4 04 0A DB 0C B7 0C 00 00
2025-08-10T00:53:27.408203,210.024,  can1  206  [16]  BB 0C CB 09 AF 0C 69 E5 FE 09 D7 0C C3 0C 00 00
2025-08-10T00:53:27.408203,210.024,  can1  206  [16]  BB 0C CB 09 A7 0C 69 E5 02 0A D7 0C C7 0C 00 00
2025-08-10T00:53:27.941912,210.557,  can1  206  [16]  C3 0C CD 09 AF 0C FA E4 00 0A D3 0C BB 0C 00 00
2025-08-10T00:53:27.950080,210.566,  can1  204  [04]  4F 62 01 00
2025-08-10T00:53:27.956446,210.572,  can1  206  [16]  C3 0C CB 09 9B 0C 69 E5 02 0A E8 0C C3 0C 00 00
2025-08-10T00:53:27.956446,210.572,  can1  206  [16]  BB 0C D0 09 B3 0C FA E4 02 0A CF 0C C3 0C 00 00
2025-08-10T00:53:28.488778,211.104,  can1  206  [16]  C7 0C C7 09 B3 0C 2E E6 0B 0A DB 0C B7 0C 00 00
2025-08-10T00:53:28.495777,211.111,  can1  206  [16]  C3 0C CB 09 AB 0C FA E4 02 0A CF 0C C3 0C 00 00
2025-08-10T00:53:28.495777,211.111,  can1  206  [16]  BB 0C CB 09 AF 0C D0 E5 02 0A CF 0C C7 0C 00 00
2025-08-10T00:53:28.495777,211.111,  can1  206  [16]  CB 0C D0 09 AF 0C FA E4 07 0A E4 0C B3 0C 00 00
2025-08-10T00:53:28.495777,211.111,  can1  206  [16]  BF 0C CD 09 9F 0C FA E4 04 0A E4 0C C3 0C 00 00
2025-08-10T00:53:29.035858,211.651,  can1  204  [04]  4F 62 01 00
2025-08-10T00:53:29.035858,211.651,  can1  206  [16]  B3 0C CD 09 B3 0C 69 E5 02 0A D3 0C CB 0C 00 00
2025-08-10T00:53:29.035858,211.651,  can1  206  [16]  C7 0C CD 09 AF 0C 69 E5 02 0A DB 0C B7 0C 00 00
2025-08-10T00:53:29.041995,211.658,  can1  206  [16]  D3 0C CB 09 A3 0C D0 E5 04 0A DF 0C B7 0C 00 00
2025-08-10T00:53:29.586927,212.202,  can1  206  [16]  C3 0C CD 09 B3 0C 69 E5 00 0A D7 0C BB 0C 00 00
2025-08-10T00:53:29.598853,212.214,  can1  206  [16]  C3 0C C9 09 A7 0C 69 E5 02 0A D7 0C C3 0C 00 00
2025-08-10T00:53:29.598853,212.214,  can1  206  [16]  C3 0C CB 09 B7 0C D7 E6 07 0A DF 0C B7 0C 00 00
2025-08-10T00:53:29.598853,212.214,  can1  206  [16]  C7 0C CD 09 AF 0C FA E4 04 0A CF 0C BB 0C 00 00
2025-08-10T00:53:29.598853,212.214,  can1  206  [16]  CB 0C D4 09 9B 0C FA E4 02 0A E8 0C BB 0C 00 00
2025-08-10T00:53:30.247273,212.863,  can1  204  [04]  4F 62 01 00
2025-08-10T00:53:30.251217,212.867,  can1  206  [16]  CB 0C D0 09 AF 0C D0 E5 02 0A D3 0C B7 0C 00 00
2025-08-10T00:53:30.252013,212.868,  can1  206  [16]  C7 0C D0 09 B3 0C D0 E5 00 0A D7 0C B7 0C 00 00
2025-08-10T00:53:30.252013,212.868,  can1  206  [16]  C7 0C CB 09 AB 0C 69 E5 02 0A D3 0C BF 0C 00 00
2025-08-10T00:53:30.254580,212.870,  can1  206  [16]  C3 0C D0 09 B3 0C 69 E5 07 0A D7 0C BB 0C 00 00
2025-08-10T00:53:30.895013,213.511,  can1  206  [16]  C7 0C D2 09 AF 0C D0 E5 00 0A DB 0C B7 0C 00 00
2025-08-10T00:53:30.895013,213.511,  can1  206  [16]  BB 0C CB 09 AF 0C 69 E5 07 0A D3 0C C7 0C 00 00
2025-08-10T00:53:30.895013,213.511,  can1  206  [16]  C3 0C D0 09 B7 0C 69 E5 04 0A CF 0C B7 0C 00 00
2025-08-10T00:53:30.895013,213.511,  can1  204  [04]  4F 62 01 00
2025-08-10T00:53:30.895013,213.511,  can1  206  [16]  C3 0C D2 09 AF 0C 69 E5 02 0A C7 0C BF 0C 00 00
2025-08-10T00:53:30.895013,213.511,  can1  206  [16]  BF 0C CB 09 AF 0C 69 E5 02 0A DB 0C BF 0C 00 00
2025-08-10T00:53:31.563932,214.179,  can1  206  [16]  CB 0C CD 09 AF 0C D0 E5 04 0A DF 0C B7 0C 00 00
2025-08-10T00:53:31.563932,214.179,  can1  206  [16]  BB 0C D0 09 AF 0C D0 E5 07 0A DF 0C C3 0C 00 00
2025-08-10T00:53:31.563932,214.179,  can1  206  [16]  C3 0C C7 09 B3 0C FA E4 02 0A D7 0C BF 0C 00 00
2025-08-10T00:53:31.567680,214.186,  can1  206  [16]  C3 0C CB 09 B7 0C 69 E5 07 0A DB 0C BB 0C 00 00
2025-08-10T00:53:31.570022,214.186,  can1  206  [16]  BF 0C CB 09 AB 0C D0 E5 02 0A DF 0C BF 0C 00 00
2025-08-10T00:53:32.210215,214.826,  can1  204  [04]  4F 62 01 00
2025-08-10T00:53:32.216167,214.832,  can1  206  [16]  C3 0C CD 09 B3 0C 69 E5 02 0A D3 0C BB 0C 00 00
2025-08-10T00:53:32.218175,214.834,  can1  206  [16]  BF 0C CD 09 AF 0C 69 E5 02 0A D7 0C C3 0C 00 00
2025-08-10T00:53:32.218175,214.834,  can1  206  [16]  C3 0C CD 09 B3 0C D0 E5 02 0A D3 0C BB 0C 00 00
2025-08-10T00:53:32.218175,214.834,  can1  206  [16]  DB 0C CB 09 AB 0C FA E4 04 0A DB 0C A7 0C 00 00
2025-08-10T00:53:32.218175,214.834,  can1  206  [16]  BF 0C CD 09 AB 0C D0 E5 12 0A DF 0C C3 0C 00 00
2025-08-10T00:53:32.870407,215.486,  can1  206  [16]  CB 0C CD 09 B3 0C 69 E5 04 0A C3 0C B3 0C 00 00
2025-08-10T00:53:32.870407,215.486,  can1  206  [16]  C3 0C CD 09 AF 0C 57 E3 00 0A DB 0C BB 0C 00 00
2025-08-10T00:53:32.872579,215.488,  can1  204  [04]  4F 62 01 00
2025-08-10T00:53:32.872579,215.491,  can1  206  [16]  C7 0C C2 09 AB 0C FA E4 02 0A E4 0C BB 0C 00 00
2025-08-10T00:53:32.875384,215.491,  can1  206  [16]  C7 0C CD 09 AF 0C 69 E5 02 0A D7 0C BB 0C 00 00
2025-08-10T00:53:33.417880,216.033,  can1  206  [16]  C3 0C CB 09 BB 0C 69 E5 02 0A D3 0C BB 0C 00 00
2025-08-10T00:53:33.417880,216.033,  can1  206  [16]  C3 0C CB 09 AB 0C 69 E5 04 0A E4 0C BB 0C 00 00
2025-08-10T00:53:33.417880,216.033,  can1  206  [16]  C7 0C D0 09 AB 0C 69 E5 02 0A D7 0C BF 0C 00 00
2025-08-10T00:53:33.422519,216.038,  can1  206  [16]  BB 0C C9 09 B3 0C 69 E5 02 0A D7 0C C3 0C 00 00
2025-08-10T00:53:33.424914,216.040,  can1  206  [16]  C3 0C CB 09 B3 0C FA E4 00 0A DF 0C BB 0C 00 00
2025-08-10T00:53:34.082236,216.698,  can1  206  [16]  C3 0C CB 09 AF 0C 69 E5 02 0A D3 0C BF 0C 00 00
2025-08-10T00:53:34.089366,216.705,  can1  204  [04]  4F 62 01 00
2025-08-10T00:53:34.089366,216.705,  can1  206  [16]  CB 0C CD 09 AF 0C 69 E5 02 0A E4 0C B7 0C 00 00
2025-08-10T00:53:34.089366,216.705,  can1  206  [16]  C7 0C CD 09 AB 0C 69 E5 04 0A DB 0C BF 0C 00 00
2025-08-10T00:53:34.089366,216.705,  can1  206  [16]  BB 0C CB 09 B3 0C 69 E5 02 0A DB 0C BF 0C 00 00
2025-08-10T00:53:34.642554,217.258,  can1  206  [16]  C7 0C D0 09 B3 0C D0 E5 04 0A D7 0C BB 0C 00 00
2025-08-10T00:53:34.642554,217.258,  can1  206  [16]  C3 0C CB 09 AF 0C FA E4 04 0A DB 0C BB 0C 00 00
2025-08-10T00:53:34.642554,217.258,  can1  206  [16]  BF 0C CB 09 BB 0C D0 E5 02 0A C3 0C C3 0C 00 00
2025-08-10T00:53:34.658309,217.274,  can1  206  [16]  BF 0C CB 09 AF 0C D0 E5 02 0A CB 0C BF 0C 00 00
2025-08-10T00:53:34.658309,217.274,  can1  204  [04]  4F 62 01 00
2025-08-10T00:53:35.305019,217.921,  can1  206  [16]  C7 0C CB 09 B3 0C D0 E5 02 0A D3 0C B7 0C 00 00
2025-08-10T00:53:35.305019,217.921,  can1  206  [16]  B7 0C CB 09 B3 0C FA E4 02 0A D3 0C C7 0C 00 00
2025-08-10T00:53:35.309151,217.925,  can1  206  [16]  C7 0C CB 09 AB 0C 69 E5 07 0A D7 0C BB 0C 00 00
2025-08-10T00:53:35.313360,217.929,  can1  206  [16]  BF 0C CB 09 AF 0C A0 E2 09 0A DF 0C BB 0C 00 00
2025-08-10T00:53:35.313360,217.929,  can1  206  [16]  C7 0C AF 09 AF 0C 69 E5 00 0A DB 0C BB 0C 00 00
2025-08-10T00:53:35.871722,218.487,  can1  206  [16]  C3 0C CD 09 AF 0C FA E4 02 0A CF 0C BB 0C 00 00
2025-08-10T00:53:35.871722,218.487,  can1  206  [16]  C7 0C CD 09 AF 0C F4 E3 0D 0A CF 0C BF 0C 00 00
2025-08-10T00:53:35.871722,218.487,  can1  204  [04]  4F 62 01 00
2025-08-10T00:53:35.871722,218.487,  can1  206  [16]  C7 0C CD 09 AF 0C 69 E5 02 0A C3 0C BB 0C 00 00
2025-08-10T00:53:35.871722,218.487,  can1  206  [16]  CB 0C CB 09 AF 0C FA E4 04 0A DB 0C B3 0C 00 00
2025-08-10T00:53:36.514802,219.130,  can1  206  [16]  CB 0C CD 09 A7 0C 69 E5 FE 09 DB 0C BB 0C 00 00
2025-08-10T00:53:36.514802,219.130,  can1  206  [16]  BB 0C D0 09 BB 0C 2E E6 04 0A CF 0C BB 0C 00 00
2025-08-10T00:53:36.514802,219.130,  can1  206  [16]  BF 0C C7 09 B3 0C D0 E5 00 0A D7 0C BF 0C 00 00
2025-08-10T00:53:36.514802,219.130,  can1  206  [16]  CB 0C CB 09 A7 0C FA E4 02 0A DB 0C BB 0C 00 00
2025-08-10T00:53:36.514802,219.130,  can1  206  [16]  C3 0C CD 09 BF 0C 69 E5 FE 09 C3 0C BF 0C 00 00
2025-08-10T00:53:37.162766,219.778,  can1  206  [16]  CF 0C C9 09 AB 0C 69 E5 0B 0A DB 0C B7 0C 00 00
2025-08-10T00:53:37.166103,219.782,  can1  204  [04]  4F 62 01 00
2025-08-10T00:53:37.166103,219.782,  can1  206  [16]  CB 0C C7 09 AB 0C 69 E5 00 0A D3 0C B7 0C 00 00
2025-08-10T00:53:37.166103,219.782,  can1  206  [16]  C3 0C D6 09 AF 0C 69 E5 02 0A DB 0C BB 0C 00 00
2025-08-10T00:53:37.172934,219.788,  can1  206  [16]  C7 0C CB 09 AB 0C FA E4 02 0A DF 0C BB 0C 00 00
2025-08-10T00:53:37.172934,219.788,  can1  206  [16]  BF 0C D0 09 6B 0C FA E4 02 0A 20 0D BF 0C 00 00
