Timestamp,Elapsed_Time_s,CAN_Message
2025-11-08T03:23:29.133115,1.337,can0  204  [16]  37 25 50 46 50 46 50 46 80 25 20 4E 30 75 00 00
2025-11-08T03:23:29.204396,1.408,can0  204  [16]  37 25 50 46 50 46 50 46 80 25 20 4E 30 75 00 00
2025-11-08T03:23:29.204492,1.408,can0  206  [16]  9F 0C DE 07 97 0C 99 C6 F2 07 C3 0C A7 0C 00 00
2025-11-08T03:23:29.247496,1.451,can0  204  [16]  37 25 50 46 50 46 50 46 80 25 20 4E 30 75 00 00
2025-11-08T03:23:29.308587,1.512,can0  041  [04]  02 00 05 00
2025-11-08T03:23:29.308765,1.513,can0  204  [16]  37 25 50 46 50 46 50 46 80 25 20 4E 30 75 00 00
2025-11-08T03:23:29.359848,1.564,can0  204  [16]  37 25 50 46 50 46 50 46 80 25 20 4E 30 75 00 00
2025-11-08T03:23:29.369868,1.574,can0  206  [16]  A3 0C DE 07 9F 0C B1 E0 F4 07 C3 0C A3 0C 00 00
2025-11-08T03:23:29.416951,1.621,can0  204  [16]  37 25 50 46 50 46 50 46 80 25 20 4E 30 75 00 00
2025-11-08T03:23:29.478198,1.682,can0  204  [16]  37 25 50 46 50 46 50 46 80 25 20 4E 30 75 00 00
2025-11-08T03:23:29.532788,1.737,can0  204  [16]  37 25 50 46 50 46 50 46 80 25 20 4E 30 75 00 00
2025-11-08T03:23:29.550486,1.754,can0  206  [16]  97 0C DC 07 A3 0C B1 E0 F6 07 C3 0C AB 0C 00 00
2025-11-08T03:23:29.568713,1.773,can0  041  [04]  02 00 05 00
2025-11-08T03:23:29.593791,1.798,can0  204  [16]  37 25 50 46 50 46 50 46 80 25 20 4E 30 75 00 00
2025-11-08T03:23:29.650978,1.855,can0  204  [16]  37 25 50 46 50 46 50 46 80 25 20 4E 30 75 00 00
2025-11-08T03:23:29.725747,1.930,can0  206  [16]  A7 0C DE 07 93 0C B1 E0 F4 07 E8 0C A3 0C 00 00
2025-11-08T03:23:29.725801,1.930,can0  204  [16]  37 25 50 46 50 46 50 46 80 25 20 4E 30 75 00 00
2025-11-08T03:23:29.762665,1.966,can0  204  [16]  37 25 50 46 50 46 50 46 80 25 20 4E 30 75 00 00
2025-11-08T03:23:29.827690,2.032,can0  204  [16]  37 25 50 46 50 46 50 46 80 25 20 4E 30 75 00 00
2025-11-08T03:23:29.838808,2.043,can0  041  [04]  1B 00 02 00
2025-11-08T03:23:29.861947,2.066,can0  206  [16]  97 0C DE 07 9B 0C B1 E0 ED 07 C3 0C AF 0C 00 00
2025-11-08T03:23:29.877815,2.082,can0  204  [16]  37 25 50 46 50 46 50 46 80 25 20 4E 30 75 00 00
2025-11-08T03:23:29.942342,2.146,can0  204  [16]  37 25 50 46 50 46 50 46 80 25 20 4E 30 75 00 00
2025-11-08T03:23:30.032507,2.236,can0  204  [16]  37 25 50 46 50 46 50 46 80 25 20 4E 30 75 00 00
2025-11-08T03:23:30.032624,2.236,can0  206  [16]  AB 0C DE 07 B3 0C 3A DF F4 07 A3 0C 9F 0C 00 00
2025-11-08T03:23:30.067424,2.271,can0  204  [16]  37 25 50 46 50 46 50 46 80 25 20 4E 30 75 00 00
2025-11-08T03:23:30.106851,2.311,can0  041  [04]  43 00 02 00
2025-11-08T03:23:30.134944,2.339,can0  204  [16]  37 25 50 46 50 46 50 46 80 25 20 4E 30 75 00 00
2025-11-08T03:23:30.182522,2.386,can0  204  [16]  37 25 50 46 50 46 50 46 80 25 20 4E 30 75 00 00
2025-11-08T03:23:30.195274,2.399,can0  206  [16]  9F 0C E0 07 9B 0C B1 E0 F4 07 C7 0C A7 0C 00 00
2025-11-08T03:23:30.240317,2.444,can0  204  [16]  37 25 50 46 50 46 50 46 80 25 20 4E 30 75 00 00
2025-11-08T03:23:30.297768,2.502,can0  204  [16]  37 25 50 46 50 46 50 46 80 25 20 4E 30 75 00 00
2025-11-08T03:23:30.357784,2.562,can0  204  [16]  37 25 50 46 50 46 50 46 80 25 20 4E 30 75 00 00
2025-11-08T03:23:30.368805,2.573,can0  206  [16]  A3 0C E0 07 93 0C 99 C6 EF 07 EC 0C A3 0C 00 00
2025-11-08T03:23:30.368841,2.573,can0  041  [04]  2F 00 02 00
2025-11-08T03:23:30.424244,2.628,can0  204  [16]  37 25 50 46 50 46 50 46 80 25 20 4E 30 75 00 00
2025-11-08T03:23:30.470852,2.675,can0  204  [16]  37 25 50 46 50 46 50 46 80 25 20 4E 30 75 00 00
2025-11-08T03:23:30.546384,2.750,can0  206  [16]  9B 0C E0 07 A3 0C B1 E0 F6 07 C3 0C A7 0C 00 00
2025-11-08T03:23:30.555869,2.760,can0  204  [16]  37 25 50 46 50 46 50 46 80 25 20 4E 30 75 00 00
2025-11-08T03:23:30.585423,2.789,can0  204  [16]  37 25 50 46 50 46 50 46 80 25 20 4E 30 75 00 00
2025-11-08T03:23:30.638019,2.842,can0  041  [04]  5D 00 02 00
2025-11-08T03:23:30.643014,2.847,can0  204  [16]  37 25 50 46 50 46 50 46 80 25 20 4E 30 75 00 00
2025-11-08T03:23:30.692976,2.897,can0  206  [16]  7B 0C DE 07 97 0C 99 C6 EF 07 BB 0C CF 0C 00 00
2025-11-08T03:23:30.700867,2.905,can0  204  [16]  37 25 50 46 50 46 50 46 80 25 20 4E 30 75 00 00
2025-11-08T03:23:30.760625,2.964,can0  204  [16]  37 25 50 46 50 46 50 46 80 25 20 4E 30 75 00 00
2025-11-08T03:23:30.864275,3.068,can0  204  [16]  37 25 50 46 50 46 50 46 80 25 20 4E 30 75 00 00
2025-11-08T03:23:30.870607,3.074,can0  206  [16]  9F 0C DC 07 9F 0C 99 C6 F4 07 BB 0C A7 0C 00 00
2025-11-08T03:23:30.881586,3.085,can0  204  [16]  37 25 50 46 50 46 50 46 80 25 20 4E 30 75 00 00
2025-11-08T03:23:30.899684,3.104,can0  041  [04]  02 00 02 00
2025-11-08T03:23:30.950753,3.155,can0  204  [16]  37 25 50 46 50 46 50 46 80 25 20 4E 30 75 00 00
2025-11-08T03:23:30.993463,3.197,can0  204  [16]  37 25 50 46 50 46 50 46 80 25 20 4E 30 75 00 00
2025-11-08T03:23:31.051419,3.255,can0  206  [16]  9B 0C DC 07 97 0C 3A DF F2 07 C7 0C AB 0C 00 00
2025-11-08T03:23:31.067812,3.272,can0  204  [16]  37 25 50 46 50 46 50 46 80 25 20 4E 30 75 00 00
2025-11-08T03:23:31.120454,3.324,can0  204  [16]  37 25 50 46 50 46 50 46 80 25 20 4E 30 75 00 00
2025-11-08T03:23:31.170495,3.374,can0  041  [04]  3F 01 00 00
2025-11-08T03:23:31.180651,3.384,can0  204  [16]  37 25 50 46 50 46 50 46 80 25 20 4E 30 75 00 00
2025-11-08T03:23:31.194856,3.399,can0  206  [16]  97 0C E0 07 9F 0C 99 C6 F6 07 DF 0C AB 0C 00 00
2025-11-08T03:23:31.243056,3.447,can0  204  [16]  37 25 50 46 50 46 50 46 80 25 20 4E 30 75 00 00
2025-11-08T03:23:31.293266,3.497,can0  204  [16]  37 25 50 46 50 46 50 46 80 25 20 4E 30 75 00 00
2025-11-08T03:23:31.363718,3.568,can0  204  [16]  37 25 50 46 50 46 50 46 80 25 20 4E 30 75 00 00
2025-11-08T03:23:31.363858,3.568,can0  206  [16]  AB 0C E0 07 93 0C 99 C6 EF 07 C3 0C A3 0C 00 00
2025-11-08T03:23:31.408446,3.612,can0  204  [16]  37 25 50 46 50 46 50 46 80 25 20 4E 30 75 00 00
2025-11-08T03:23:31.435546,3.639,can0  041  [04]  2F 00 00 00
2025-11-08T03:23:31.465989,3.670,can0  204  [16]  37 25 50 46 50 46 50 46 80 25 20 4E 30 75 00 00
2025-11-08T03:23:31.526858,3.731,can0  204  [16]  37 25 50 46 50 46 50 46 80 25 20 4E 30 75 00 00
2025-11-08T03:23:31.568652,3.772,can0  206  [16]  A7 0C DC 07 9F 0C B1 E0 F4 07 BF 0C 9F 0C 00 00
2025-11-08T03:23:31.586775,3.791,can0  204  [16]  37 25 50 46 50 46 50 46 80 25 20 4E 30 75 00 00
2025-11-08T03:23:31.656218,3.860,can0  204  [16]  37 25 50 46 50 46 50 46 80 25 20 4E 30 75 00 00
2025-11-08T03:23:31.687345,3.891,can0  206  [16]  BF 0C E0 07 83 0C 3A DF F4 07 C3 0C A3 0C 00 00
2025-11-08T03:23:31.701335,3.905,can0  204  [16]  37 25 50 46 50 46 50 46 80 25 20 4E 30 75 00 00
2025-11-08T03:23:31.701378,3.905,can0  041  [04]  5E 00 00 00
2025-11-08T03:23:31.762957,3.967,can0  204  [16]  37 25 50 46 50 46 50 46 80 25 20 4E 30 75 00 00
2025-11-08T03:23:31.811235,4.015,can0  204  [16]  37 25 50 46 50 46 50 46 80 25 20 4E 30 75 00 00
2025-11-08T03:23:31.860839,4.065,can0  206  [16]  9F 0C E3 07 93 0C 99 C6 F2 07 C7 0C AB 0C 00 00
2025-11-08T03:23:31.870892,4.075,can0  204  [16]  37 25 50 46 50 46 50 46 80 25 20 4E 30 75 00 00
2025-11-08T03:23:31.975141,4.179,can0  204  [16]  37 25 50 46 50 46 50 46 80 25 20 4E 30 75 00 00
2025-11-08T03:23:31.976122,4.180,can0  041  [04]  5E 00 00 00
2025-11-08T03:23:31.989487,4.193,can0  204  [16]  37 25 50 46 50 46 50 46 80 25 20 4E 30 75 00 00
2025-11-08T03:23:32.038996,4.243,can0  206  [16]  9F 0C DE 07 A3 0C 99 C6 E9 07 AB 0C A7 0C 00 00
2025-11-08T03:23:32.065674,4.270,can0  204  [16]  37 25 50 46 50 46 50 46 80 25 20 4E 30 75 00 00
2025-11-08T03:23:32.117618,4.321,can0  204  [16]  37 25 50 46 50 46 50 46 80 25 20 4E 30 75 00 00
2025-11-08T03:23:32.174077,4.378,can0  204  [16]  37 25 50 46 50 46 50 46 80 25 20 4E 30 75 00 00
2025-11-08T03:23:32.194339,4.398,can0  206  [16]  97 0C DE 07 AF 0C 99 C6 F4 07 9B 0C A3 0C 00 00
2025-11-08T03:23:32.231715,4.436,can0  204  [16]  37 25 50 46 50 46 50 46 80 25 20 4E 30 75 00 00
2025-11-08T03:23:32.231963,4.436,can0  041  [04]  5D 00 00 00
2025-11-08T03:23:32.288899,4.493,can0  204  [16]  37 25 50 46 50 46 50 46 80 25 20 4E 30 75 00 00
2025-11-08T03:23:32.346237,4.550,can0  204  [16]  37 25 50 46 50 46 50 46 80 25 20 4E 30 75 00 00
2025-11-08T03:23:32.382987,4.587,can0  206  [16]  A7 0C E0 07 93 0C 99 C6 F6 07 C3 0C A7 0C 00 00
2025-11-08T03:23:32.406006,4.610,can0  204  [16]  37 25 50 46 50 46 50 46 80 25 20 4E 30 75 00 00
2025-11-08T03:23:32.465084,4.669,can0  204  [16]  37 25 50 46 50 46 50 46 80 25 20 4E 30 75 00 00
2025-11-08T03:23:32.503115,4.707,can0  041  [04]  3F 01 00 00
2025-11-08T03:23:32.521372,4.725,can0  204  [16]  37 25 50 46 50 46 50 46 80 25 20 4E 30 75 00 00
2025-11-08T03:23:32.528323,4.732,can0  206  [16]  9F 0C DC 07 9B 0C 3A DF F6 07 C3 0C A7 0C 00 00
2025-11-08T03:23:32.579344,4.783,can0  204  [16]  37 25 50 46 50 46 50 46 80 25 20 4E 30 75 00 00
2025-11-08T03:23:32.634108,4.838,can0  204  [16]  37 25 50 46 50 46 50 46 80 25 20 4E 30 75 00 00
2025-11-08T03:23:32.695676,4.899,can0  204  [16]  37 25 50 46 50 46 50 46 80 25 20 4E 30 75 00 00
2025-11-08T03:23:32.695721,4.900,can0  206  [16]  9B 0C DC 07 9B 0C 99 C6 F4 07 77 0C AB 0C 00 00
2025-11-08T03:23:32.752691,4.957,can0  204  [16]  37 25 50 46 50 46 50 46 80 25 20 4E 30 75 00 00
2025-11-08T03:23:32.772568,4.976,can0  041  [04]  10 01 00 00
2025-11-08T03:23:32.812543,5.016,can0  204  [16]  37 25 50 46 50 46 50 46 80 25 20 4E 30 75 00 00
2025-11-08T03:23:32.898722,5.103,can0  206  [16]  9B 0C DA 07 AF 0C A0 E2 F2 07 C3 0C A7 0C 00 00
2025-11-08T03:23:32.898759,5.103,can0  204  [16]  37 25 50 46 50 46 50 46 80 25 20 4E 30 75 00 00
2025-11-08T03:23:32.925097,5.129,can0  204  [16]  37 25 50 46 50 46 50 46 80 25 20 4E 30 75 00 00
2025-11-08T03:23:32.995324,5.199,can0  204  [16]  37 25 50 46 50 46 50 46 80 25 20 4E 30 75 00 00
2025-11-08T03:23:33.024284,5.228,can0  206  [16]  9B 0C DC 07 9B 0C 3A DF F2 07 D3 0C A7 0C 00 00
2025-11-08T03:23:33.031146,5.235,can0  041  [04]  10 01 02 00
2025-11-08T03:23:33.055017,5.259,can0  204  [16]  37 25 50 46 50 46 50 46 80 25 20 4E 30 75 00 00
2025-11-08T03:23:33.116302,5.320,can0  204  [16]  37 25 50 46 50 46 50 46 80 25 20 4E 30 75 00 00
2025-11-08T03:23:33.195448,5.399,can0  204  [16]  37 25 50 46 50 46 50 46 80 25 20 4E 30 75 00 00
2025-11-08T03:23:33.203933,5.408,can0  206  [16]  A7 0C DC 07 97 0C 3A DF F6 07 BF 0C A3 0C 00 00
2025-11-08T03:23:33.228684,5.433,can0  204  [16]  37 25 50 46 50 46 50 46 80 25 20 4E 30 75 00 00
2025-11-08T03:23:33.306420,5.510,can0  204  [16]  37 25 50 46 50 46 50 46 80 25 20 4E 30 75 00 00
2025-11-08T03:23:33.306465,5.510,can0  041  [04]  3F 01 00 00
2025-11-08T03:23:33.342900,5.547,can0  204  [16]  37 25 50 46 50 46 50 46 80 25 20 4E 30 75 00 00
2025-11-08T03:23:33.370299,5.574,can0  206  [16]  9F 0C DE 07 97 0C DA DC EF 07 C7 0C A3 0C 00 00
2025-11-08T03:23:33.403373,5.607,can0  204  [16]  37 25 50 46 50 46 50 46 80 25 20 4E 30 75 00 00
2025-11-08T03:23:33.458216,5.662,can0  204  [16]  37 25 50 46 50 46 50 46 80 25 20 4E 30 75 00 00
2025-11-08T03:23:33.528054,5.732,can0  204  [16]  37 25 50 46 50 46 50 46 80 25 20 4E 30 75 00 00
2025-11-08T03:23:33.534983,5.739,can0  206  [16]  A3 0C DE 07 9F 0C 3A DF F6 07 C3 0C 9F 0C 00 00
2025-11-08T03:23:33.561990,5.766,can0  041  [04]  10 01 00 00
2025-11-08T03:23:33.578436,5.782,can0  204  [16]  37 25 50 46 50 46 50 46 80 25 20 4E 30 75 00 00
2025-11-08T03:23:33.645767,5.850,can0  204  [16]  37 25 50 46 50 46 50 46 80 25 20 4E 30 75 00 00
2025-11-08T03:23:33.719888,5.924,can0  204  [16]  37 25 50 46 50 46 50 46 80 25 20 4E 30 75 00 00
2025-11-08T03:23:33.719939,5.924,can0  206  [16]  9B 0C E0 07 9B 0C 99 C6 F2 07 BF 0C AB 0C 00 00
2025-11-08T03:23:33.749209,5.953,can0  204  [16]  37 25 50 46 50 46 50 46 80 25 20 4E 30 75 00 00
2025-11-08T03:23:33.807092,6.011,can0  204  [16]  37 25 50 46 50 46 50 46 80 25 20 4E 30 75 00 00
2025-11-08T03:23:33.833110,6.037,can0  041  [04]  10 01 02 00
2025-11-08T03:23:33.861047,6.065,can0  204  [16]  37 25 50 46 50 46 50 46 80 25 20 4E 30 75 00 00
2025-11-08T03:23:33.863055,6.067,can0  206  [16]  9B 0C DA 07 87 0C 3A DF 01 08 CB 0C AB 0C 00 00
2025-11-08T03:23:33.925720,6.130,can0  204  [16]  37 25 50 46 50 46 50 46 80 25 20 4E 30 75 00 00
2025-11-08T03:23:33.976278,6.180,can0  204  [16]  37 25 50 46 50 46 50 46 80 25 20 4E 30 75 00 00
2025-11-08T03:23:34.021848,6.226,can0  206  [16]  A3 0C DC 07 93 0C DA DC F6 07 C7 0C A3 0C 00 00
2025-11-08T03:23:34.051809,6.256,can0  204  [16]  37 25 50 46 50 46 50 46 80 25 20 4E 30 75 00 00
2025-11-08T03:23:34.113676,6.318,can0  041  [04]  10 01 00 00
2025-11-08T03:23:34.116763,6.321,can0  204  [16]  37 25 50 46 50 46 50 46 80 25 20 4E 30 75 00 00
2025-11-08T03:23:34.167067,6.371,can0  204  [16]  37 25 50 46 50 46 50 46 80 25 20 4E 30 75 00 00
2025-11-08T03:23:34.192899,6.397,can0  206  [16]  9F 0C DE 07 9B 0C DA DC F4 07 C7 0C A7 0C 00 00
2025-11-08T03:23:34.226210,6.430,can0  204  [16]  37 25 50 46 50 46 50 46 80 25 20 4E 30 75 00 00
2025-11-08T03:23:34.282038,6.486,can0  204  [16]  37 25 50 46 50 46 50 46 80 25 20 4E 30 75 00 00
2025-11-08T03:23:34.345109,6.549,can0  204  [16]  37 25 50 46 50 46 50 46 80 25 20 4E 30 75 00 00
2025-11-08T03:23:34.362373,6.566,can0  206  [16]  A7 0C DC 07 9B 0C DA DC F6 07 BF 0C 9F 0C 00 00
2025-11-08T03:23:34.362463,6.566,can0  041  [04]  E4 00 00 00
2025-11-08T03:23:34.427386,6.631,can0  204  [16]  37 25 50 46 50 46 50 46 80 25 20 4E 30 75 00 00
2025-11-08T03:23:34.457892,6.662,can0  204  [16]  37 25 50 46 50 46 50 46 80 25 20 4E 30 75 00 00
2025-11-08T03:23:34.539333,6.743,can0  204  [16]  37 25 50 46 50 46 50 46 80 25 20 4E 30 75 00 00
2025-11-08T03:23:34.539360,6.743,can0  206  [16]  AB 0C DE 07 97 0C DA DC F2 07 C3 0C 9F 0C 00 00
2025-11-08T03:23:34.569762,6.774,can0  204  [16]  37 25 50 46 50 46 50 46 80 25 20 4E 30 75 00 00
2025-11-08T03:23:34.638659,6.842,can0  204  [16]  37 25 50 46 50 46 50 46 80 25 20 4E 30 75 00 00
2025-11-08T03:23:34.638706,6.843,can0  041  [04]  2F 00 00 00
2025-11-08T03:23:34.687363,6.891,can0  204  [16]  37 25 50 46 50 46 50 46 80 25 20 4E 30 75 00 00
2025-11-08T03:23:34.696923,6.901,can0  206  [16]  A3 0C DC 07 9B 0C 99 C6 F4 07 BF 0C A3 0C 00 00
2025-11-08T03:23:34.742288,6.946,can0  204  [16]  37 25 50 46 50 46 50 46 80 25 20 4E 30 75 00 00
2025-11-08T03:23:34.800694,7.005,can0  204  [16]  37 25 50 46 50 46 50 46 80 25 20 4E 30 75 00 00
2025-11-08T03:23:34.858360,7.062,can0  204  [16]  37 25 50 46 50 46 50 46 80 25 20 4E 30 75 00 00
2025-11-08T03:23:34.868776,7.073,can0  206  [16]  9F 0C E0 07 9B 0C DA DC F2 07 C3 0C A7 0C 00 00
2025-11-08T03:23:34.906582,7.110,can0  041  [04]  8B 00 00 00
2025-11-08T03:23:34.923352,7.127,can0  204  [16]  37 25 50 46 50 46 50 46 80 25 20 4E 30 75 00 00
2025-11-08T03:23:34.976954,7.181,can0  204  [16]  37 25 50 46 50 46 50 46 80 25 20 4E 30 75 00 00
2025-11-08T03:23:35.050531,7.254,can0  206  [16]  AB 0C DC 07 87 0C 3A DF F4 07 F0 0C 9B 0C 00 00
2025-11-08T03:23:35.050766,7.255,can0  204  [16]  37 25 50 46 50 46 50 46 80 25 20 4E 30 75 00 00
2025-11-08T03:23:35.107481,7.311,can0  204  [16]  37 25 50 46 50 46 50 46 80 25 20 4E 30 75 00 00
2025-11-08T03:23:35.164527,7.368,can0  041  [04]  3F 01 02 00
2025-11-08T03:23:35.171212,7.375,can0  204  [16]  37 25 50 46 50 46 50 46 80 25 20 4E 30 75 00 00
2025-11-08T03:23:35.190866,7.395,can0  206  [16]  9F 0C DE 07 9B 0C B1 E0 F6 07 D3 0C A7 0C 00 00
2025-11-08T03:23:35.243867,7.448,can0  204  [16]  37 25 50 46 50 46 50 46 80 25 20 4E 30 75 00 00
2025-11-08T03:23:35.280664,7.484,can0  204  [16]  37 25 50 46 50 46 50 46 80 25 20 4E 30 75 00 00
2025-11-08T03:23:35.348875,7.553,can0  204  [16]  37 25 50 46 50 46 50 46 80 25 20 4E 30 75 00 00
2025-11-08T03:23:35.356930,7.561,can0  206  [16]  A3 0C E0 07 9B 0C DA DC DA 07 BF 0C A7 0C 00 00
2025-11-08T03:23:35.393572,7.597,can0  204  [16]  37 25 50 46 50 46 50 46 80 25 20 4E 30 75 00 00
2025-11-08T03:23:35.445110,7.649,can0  041  [04]  3F 01 02 00
2025-11-08T03:23:35.453978,7.658,can0  204  [16]  37 25 50 46 50 46 50 46 80 25 20 4E 30 75 00 00
2025-11-08T03:23:35.508798,7.713,can0  204  [16]  37 25 50 46 50 46 50 46 80 25 20 4E 30 75 00 00
2025-11-08T03:23:35.547335,7.751,can0  206  [16]  9B 0C DC 07 A7 0C 57 E3 F2 07 B3 0C A3 0C 00 00
2025-11-08T03:23:35.575186,7.779,can0  204  [16]  37 25 50 46 50 46 50 46 80 25 20 4E 30 75 00 00
2025-11-08T03:23:35.626654,7.830,can0  204  [16]  37 25 50 46 50 46 50 46 80 25 20 4E 30 75 00 00
2025-11-08T03:23:35.690410,7.894,can0  204  [16]  37 25 50 46 50 46 50 46 80 25 20 4E 30 75 00 00
2025-11-08T03:23:35.693789,7.898,can0  206  [16]  9B 0C E0 07 9B 0C 3A DF F6 07 C7 0C AB 0C 00 00
2025-11-08T03:23:35.693824,7.898,can0  041  [04]  10 01 02 00
2025-11-08T03:23:35.764876,7.969,can0  204  [16]  37 25 50 46 50 46 50 46 80 25 20 4E 30 75 00 00
2025-11-08T03:23:35.797472,8.001,can0  204  [16]  37 25 50 46 50 46 50 46 80 25 20 4E 30 75 00 00
2025-11-08T03:23:35.859534,8.063,can0  204  [16]  37 25 50 46 50 46 50 46 80 25 20 4E 30 75 00 00
2025-11-08T03:23:35.862151,8.066,can0  206  [16]  BB 0C DC 07 73 0C DA DC F4 07 C3 0C AF 0C 00 00
2025-11-08T03:23:35.911774,8.116,can0  204  [16]  37 25 50 46 50 46 50 46 80 25 20 4E 30 75 00 00
2025-11-08T03:23:35.959933,8.164,can0  041  [04]  10 01 02 00
2025-11-08T03:23:35.970561,8.174,can0  204  [16]  37 25 50 46 50 46 50 46 80 25 20 4E 30 75 00 00
2025-11-08T03:23:36.029829,8.234,can0  206  [16]  9F 0C DE 07 9B 0C 99 C6 F6 07 C7 0C A7 0C 00 00
2025-11-08T03:23:36.066923,8.271,can0  204  [16]  37 25 50 46 50 46 50 46 80 25 20 4E 30 75 00 00
2025-11-08T03:23:36.103746,8.308,can0  204  [16]  37 25 50 46 50 46 50 46 80 25 20 4E 30 75 00 00
2025-11-08T03:23:36.162206,8.366,can0  204  [16]  37 25 50 46 50 46 50 46 80 25 20 4E 30 75 00 00
2025-11-08T03:23:36.196567,8.400,can0  206  [16]  9B 0C DE 07 97 0C A0 E2 F2 07 C7 0C A7 0C 00 00
2025-11-08T03:23:36.217421,8.421,can0  204  [16]  37 25 50 46 50 46 50 46 80 25 20 4E 30 75 00 00
2025-11-08T03:23:36.225182,8.429,can0  041  [04]  2B 01 02 00
2025-11-08T03:23:36.276262,8.480,can0  204  [16]  37 25 50 46 50 46 50 46 80 25 20 4E 30 75 00 00
2025-11-08T03:23:36.332812,8.537,can0  204  [16]  37 25 50 46 50 46 50 46 80 25 20 4E 30 75 00 00
2025-11-08T03:23:36.379955,8.584,can0  206  [16]  9F 0C E3 07 9F 0C 69 E5 EF 07 B3 0C A7 0C 00 00
2025-11-08T03:23:36.394900,8.599,can0  204  [16]  37 25 50 46 50 46 50 46 80 25 20 4E 30 75 00 00
2025-11-08T03:23:36.469000,8.673,can0  204  [16]  37 25 50 46 50 46 50 46 80 25 20 4E 30 75 00 00
2025-11-08T03:23:36.496460,8.700,can0  041  [04]  2B 01 02 00
2025-11-08T03:23:36.506779,8.711,can0  204  [16]  37 25 50 46 50 46 50 46 80 25 20 4E 30 75 00 00
2025-11-08T03:23:36.529432,8.733,can0  206  [16]  A7 0C DE 07 9B 0C DA DC EF 07 DF 0C 9F 0C 00 00
2025-11-08T03:23:36.578200,8.782,can0  204  [16]  37 25 50 46 50 46 50 46 80 25 20 4E 30 75 00 00
2025-11-08T03:23:36.620352,8.824,can0  204  [16]  37 25 50 46 50 46 50 46 80 25 20 4E 30 75 00 00
2025-11-08T03:23:36.686263,8.890,can0  204  [16]  37 25 50 46 50 46 50 46 80 25 20 4E 30 75 00 00
2025-11-08T03:23:36.704375,8.908,can0  206  [16]  AB 0C E7 07 9B 0C 3A DF F6 07 BF 0C 9B 0C 00 00
2025-11-08T03:23:36.735600,8.939,can0  204  [16]  37 25 50 46 50 46 50 46 80 25 20 4E 30 75 00 00
2025-11-08T03:23:36.773565,8.977,can0  041  [04]  10 01 02 00
2025-11-08T03:23:36.793682,8.998,can0  204  [16]  37 25 50 46 50 46 50 46 80 25 20 4E 30 75 00 00
2025-11-08T03:23:36.853687,9.058,can0  204  [16]  37 25 50 46 50 46 50 46 80 25 20 4E 30 75 00 00
2025-11-08T03:23:36.873754,9.078,can0  206  [16]  7F 0C DC 07 97 0C DA DC F4 07 C3 0C CB 0C 00 00
2025-11-08T03:23:36.908953,9.113,can0  204  [16]  37 25 50 46 50 46 50 46 80 25 20 4E 30 75 00 00
2025-11-08T03:23:36.987739,9.192,can0  204  [16]  37 25 50 46 50 46 50 46 80 25 20 4E 30 75 00 00
2025-11-08T03:23:37.025171,9.229,can0  041  [04]  10 01 00 00
2025-11-08T03:23:37.045239,9.249,can0  204  [16]  37 25 50 46 50 46 50 46 80 25 20 4E 30 75 00 00
2025-11-08T03:23:37.045305,9.249,can0  206  [16]  BF 0C DC 07 7F 0C DA DC F4 07 C7 0C A3 0C 00 00
2025-11-08T03:23:37.099355,9.303,can0  204  [16]  37 25 50 46 50 46 50 46 80 25 20 4E 30 75 00 00
2025-11-08T03:23:37.156364,9.360,can0  204  [16]  37 25 50 46 50 46 50 46 80 25 20 4E 30 75 00 00
2025-11-08T03:23:37.200340,9.404,can0  206  [16]  A7 0C DC 07 9B 0C DA DC F2 07 B3 0C 9F 0C 00 00
2025-11-08T03:23:37.216509,9.420,can0  204  [16]  37 25 50 46 50 46 50 46 80 25 20 4E 30 75 00 00
2025-11-08T03:23:37.300777,9.505,can0  204  [16]  37 25 50 46 50 46 50 46 80 25 20 4E 30 75 00 00
2025-11-08T03:23:37.300816,9.505,can0  041  [04]  3F 01 00 00
2025-11-08T03:23:37.332648,9.536,can0  204  [16]  37 25 50 46 50 46 50 46 80 25 20 4E 30 75 00 00
2025-11-08T03:23:37.391258,9.595,can0  206  [16]  9F 0C DC 07 97 0C 99 C6 F2 07 CB 0C A7 0C 00 00
2025-11-08T03:23:37.407244,9.611,can0  204  [16]  37 25 50 46 50 46 50 46 80 25 20 4E 30 75 00 00
2025-11-08T03:23:37.444290,9.648,can0  204  [16]  37 25 50 46 50 46 50 46 80 25 20 4E 30 75 00 00
2025-11-08T03:23:37.501676,9.706,can0  204  [16]  37 25 50 46 50 46 50 46 80 25 20 4E 30 75 00 00
2025-11-08T03:23:37.547919,9.752,can0  206  [16]  9B 0C E0 07 9F 0C 3A DF F6 07 BF 0C AB 0C 00 00
2025-11-08T03:23:37.566647,9.770,can0  041  [04]  8B 00 00 00
2025-11-08T03:23:37.566700,9.771,can0  204  [16]  37 25 50 46 50 46 50 46 80 25 20 4E 30 75 00 00
2025-11-08T03:23:37.623621,9.827,can0  204  [16]  37 25 50 46 50 46 50 46 80 25 20 4E 30 75 00 00
2025-11-08T03:23:37.675115,9.879,can0  204  [16]  37 25 50 46 50 46 50 46 80 25 20 4E 30 75 00 00
2025-11-08T03:23:37.713861,9.918,can0  206  [16]  93 0C DC 07 9B 0C 3A DF F2 07 C3 0C AF 0C 00 00
2025-11-08T03:23:37.736556,9.940,can0  204  [16]  37 25 50 46 50 46 50 46 80 25 20 4E 30 75 00 00
2025-11-08T03:23:37.815962,10.020,can0  204  [16]  37 25 50 46 50 46 50 46 80 25 20 4E 30 75 00 00
2025-11-08T03:23:37.828095,10.032,can0  041  [04]  B5 00 00 00
2025-11-08T03:23:37.850549,10.054,can0  204  [16]  37 25 50 46 50 46 50 46 80 25 20 4E 30 75 00 00
2025-11-08T03:23:37.903602,10.107,can0  206  [16]  A3 0C E0 07 8F 0C 99 C6 EF 07 C3 0C AB 0C 00 00
2025-11-08T03:23:37.907822,10.112,can0  204  [16]  37 25 50 46 50 46 50 46 80 25 20 4E 30 75 00 00
2025-11-08T03:23:37.963648,10.167,can0  204  [16]  37 25 50 46 50 46 50 46 80 25 20 4E 30 75 00 00
2025-11-08T03:23:38.039180,10.243,can0  204  [16]  37 25 50 46 50 46 50 46 80 25 20 4E 30 75 00 00
2025-11-08T03:23:38.049734,10.254,can0  206  [16]  A7 0C DE 07 97 0C B1 E0 F2 07 C3 0C A3 0C 00 00
2025-11-08T03:23:38.098163,10.302,can0  041  [04]  B5 00 00 00
2025-11-08T03:23:38.098191,10.302,can0  204  [16]  37 25 50 46 50 46 50 46 80 25 20 4E 30 75 00 00
2025-11-08T03:23:38.152073,10.356,can0  204  [16]  37 25 50 46 50 46 50 46 80 25 20 4E 30 75 00 00
2025-11-08T03:23:38.225873,10.430,can0  204  [16]  37 25 50 46 50 46 50 46 80 25 20 4E 30 75 00 00
2025-11-08T03:23:38.226119,10.430,can0  206  [16]  9F 0C DC 07 9B 0C 3A DF F4 07 C7 0C A7 0C 00 00
2025-11-08T03:23:38.268136,10.472,can0  204  [16]  37 25 50 46 50 46 50 46 80 25 20 4E 30 75 00 00
2025-11-08T03:23:38.325634,10.529,can0  204  [16]  37 25 50 46 50 46 50 46 80 25 20 4E 30 75 00 00
2025-11-08T03:23:38.357006,10.561,can0  041  [04]  5E 00 00 00
2025-11-08T03:23:38.379937,10.584,can0  206  [16]  97 0C E3 07 A3 0C DA DC F2 07 BB 0C AB 0C 00 00
2025-11-08T03:23:38.385207,10.589,can0  204  [16]  37 25 50 46 50 46 50 46 80 25 20 4E 30 75 00 00
2025-11-08T03:23:38.441920,10.646,can0  204  [16]  37 25 50 46 50 46 50 46 80 25 20 4E 30 75 00 00
2025-11-08T03:23:38.517444,10.721,can0  204  [16]  37 25 50 46 50 46 50 46 80 25 20 4E 30 75 00 00
2025-11-08T03:23:38.544193,10.748,can0  206  [16]  9F 0C DC 07 8F 0C DA DC 0E 08 D3 0C A7 0C 00 00
2025-11-08T03:23:38.561456,10.765,can0  204  [16]  37 25 50 46 50 46 50 46 80 25 20 4E 30 75 00 00
2025-11-08T03:23:38.626547,10.830,can0  204  [16]  37 25 50 46 50 46 50 46 80 25 20 4E 30 75 00 00
2025-11-08T03:23:38.646081,10.850,can0  041  [04]  5E 00 02 00
2025-11-08T03:23:38.671211,10.875,can0  204  [16]  37 25 50 46 50 46 50 46 80 25 20 4E 30 75 00 00
2025-11-08T03:23:38.729029,10.933,can0  206  [16]  9F 0C DE 07 9F 0C DA DC F4 07 C3 0C A3 0C 00 00
2025-11-08T03:23:38.733806,10.938,can0  204  [16]  37 25 50 46 50 46 50 46 80 25 20 4E 30 75 00 00
2025-11-08T03:23:38.786603,10.990,can0  204  [16]  37 25 50 46 50 46 50 46 80 25 20 4E 30 75 00 00
2025-11-08T03:23:38.851411,11.055,can0  204  [16]  37 25 50 46 50 46 50 46 80 25 20 4E 30 75 00 00
2025-11-08T03:23:38.876946,11.081,can0  206  [16]  9F 0C DE 07 93 0C 3A DF F4 07 CB 0C A7 0C 00 00
2025-11-08T03:23:38.888444,11.092,can0  041  [04]  5D 00 02 00
2025-11-08T03:23:38.927239,11.131,can0  204  [16]  37 25 50 46 50 46 50 46 80 25 20 4E 30 75 00 00
2025-11-08T03:23:38.964252,11.168,can0  204  [16]  37 25 50 46 50 46 50 46 80 25 20 4E 30 75 00 00
2025-11-08T03:23:39.038301,11.242,can0  204  [16]  37 25 50 46 50 46 50 46 80 25 20 4E 30 75 00 00
2025-11-08T03:23:39.043316,11.247,can0  206  [16]  A3 0C DE 07 9B 0C 3A DF F6 07 C3 0C 9F 0C 00 00
2025-11-08T03:23:39.095863,11.300,can0  204  [16]  37 25 50 46 50 46 50 46 80 25 20 4E 30 75 00 00
2025-11-08T03:23:39.149531,11.353,can0  204  [16]  37 25 50 46 50 46 50 46 80 25 20 4E 30 75 00 00
2025-11-08T03:23:39.165604,11.369,can0  041  [04]  5D 00 02 00
2025-11-08T03:23:39.215550,11.419,can0  204  [16]  37 25 50 46 50 46 50 46 80 25 20 4E 30 75 00 00
2025-11-08T03:23:39.221827,11.426,can0  206  [16]  97 0C DE 07 9B 0C DA DC F2 07 CB 0C AF 0C 00 00
2025-11-08T03:23:39.264801,11.469,can0  204  [16]  37 25 50 46 50 46 50 46 80 25 20 4E 30 75 00 00
2025-11-08T03:23:39.336848,11.541,can0  204  [16]  37 25 50 46 50 46 50 46 80 25 20 4E 30 75 00 00
2025-11-08T03:23:39.382153,11.586,can0  204  [16]  37 25 50 46 50 46 50 46 80 25 20 4E 30 75 00 00
2025-11-08T03:23:39.385059,11.589,can0  206  [16]  8B 0C DE 07 9B 0C 99 C6 FC 07 C3 0C BB 0C 00 00
2025-11-08T03:23:39.439440,11.643,can0  041  [04]  3F 01 00 00
2025-11-08T03:23:39.444184,11.648,can0  204  [16]  37 25 50 46 50 46 50 46 80 25 20 4E 30 75 00 00
2025-11-08T03:23:39.497704,11.702,can0  204  [16]  37 25 50 46 50 46 50 46 80 25 20 4E 30 75 00 00
2025-11-08T03:23:39.554851,11.759,can0  204  [16]  37 25 50 46 50 46 50 46 80 25 20 4E 30 75 00 00
2025-11-08T03:23:39.554948,11.759,can0  206  [16]  9F 0C DE 07 9B 0C DA DC F2 07 BF 0C A7 0C 00 00
2025-11-08T03:23:39.609808,11.814,can0  204  [16]  37 25 50 46 50 46 50 46 80 25 20 4E 30 75 00 00
2025-11-08T03:23:39.670891,11.875,can0  204  [16]  37 25 50 46 50 46 50 46 80 25 20 4E 30 75 00 00
2025-11-08T03:23:39.692733,11.897,can0  041  [04]  E4 00 00 00
2025-11-08T03:23:39.723527,11.927,can0  206  [16]  A3 0C E3 07 9B 0C DA DC F2 07 C3 0C A3 0C 00 00
2025-11-08T03:23:39.746326,11.950,can0  204  [16]  37 25 50 46 50 46 50 46 80 25 20 4E 30 75 00 00
2025-11-08T03:23:39.787364,11.991,can0  204  [16]  37 25 50 46 50 46 50 46 80 25 20 4E 30 75 00 00
2025-11-08T03:23:39.849517,12.053,can0  204  [16]  37 25 50 46 50 46 50 46 80 25 20 4E 30 75 00 00
2025-11-08T03:23:39.882411,12.086,can0  206  [16]  A3 0C DC 07 97 0C 99 C6 EF 07 BF 0C A3 0C 00 00
2025-11-08T03:23:39.897853,12.102,can0  204  [16]  37 25 50 46 50 46 50 46 80 25 20 4E 30 75 00 00
2025-11-08T03:23:39.953150,12.157,can0  041  [04]  3F 01 00 00
2025-11-08T03:23:39.969453,12.173,can0  204  [16]  37 25 50 46 50 46 50 46 80 25 20 4E 30 75 00 00
2025-11-08T03:23:40.027378,12.231,can0  204  [16]  37 25 50 46 50 46 50 46 80 25 20 4E 30 75 00 00
2025-11-08T03:23:40.053850,12.258,can0  206  [16]  A3 0C DC 07 9F 0C 3A DF E9 07 BB 0C A3 0C 00 00
2025-11-08T03:23:40.091050,12.295,can0  204  [16]  37 25 50 46 50 46 50 46 80 25 20 4E 30 75 00 00
2025-11-08T03:23:40.162918,12.367,can0  204  [16]  37 25 50 46 50 46 50 46 80 25 20 4E 30 75 00 00
2025-11-08T03:23:40.204675,12.408,can0  204  [16]  37 25 50 46 50 46 50 46 80 25 20 4E 30 75 00 00
2025-11-08T03:23:40.214863,12.419,can0  206  [16]  A3 0C DE 07 9B 0C DA DC F2 07 BB 0C A3 0C 00 00
2025-11-08T03:23:40.221112,12.425,can0  041  [04]  8B 00 00 00
2025-11-08T03:23:40.274502,12.478,can0  204  [16]  37 25 50 46 50 46 50 46 80 25 20 4E 30 75 00 00
2025-11-08T03:23:40.317800,12.522,can0  204  [16]  37 25 50 46 50 46 50 46 80 25 20 4E 30 75 00 00
2025-11-08T03:23:40.375259,12.579,can0  204  [16]  37 25 50 46 50 46 50 46 80 25 20 4E 30 75 00 00
2025-11-08T03:23:40.388844,12.593,can0  206  [16]  A7 0C DE 07 9B 0C 99 C6 F2 07 CB 0C 9F 0C 00 00
2025-11-08T03:23:40.432633,12.636,can0  204  [16]  37 25 50 46 50 46 50 46 80 25 20 4E 30 75 00 00
2025-11-08T03:23:40.490992,12.695,can0  041  [04]  8B 00 00 00
2025-11-08T03:23:40.491024,12.695,can0  204  [16]  37 25 50 46 50 46 50 46 80 25 20 4E 30 75 00 00
2025-11-08T03:23:40.577935,12.782,can0  204  [16]  37 25 50 46 50 46 50 46 80 25 20 4E 30 75 00 00
2025-11-08T03:23:40.579043,12.783,can0  206  [16]  9F 0C DE 07 9F 0C 99 C6 F4 07 C3 0C A3 0C 00 00
2025-11-08T03:23:40.606890,12.811,can0  204  [16]  37 25 50 46 50 46 50 46 80 25 20 4E 30 75 00 00
2025-11-08T03:23:40.680364,12.884,can0  204  [16]  37 25 50 46 50 46 50 46 80 25 20 4E 30 75 00 00
2025-11-08T03:23:40.712252,12.916,can0  206  [16]  A7 0C E0 07 93 0C 3A DF F2 07 BF 0C A3 0C 00 00
2025-11-08T03:23:40.720489,12.924,can0  204  [16]  37 25 50 46 50 46 50 46 80 25 20 4E 30 75 00 00
2025-11-08T03:23:40.777387,12.981,can0  041  [04]  5E 00 00 00
2025-11-08T03:23:40.781556,12.985,can0  204  [16]  37 25 50 46 50 46 50 46 80 25 20 4E 30 75 00 00
2025-11-08T03:23:40.835723,13.040,can0  204  [16]  37 25 50 46 50 46 50 46 80 25 20 4E 30 75 00 00
2025-11-08T03:23:40.880085,13.084,can0  206  [16]  9B 0C DE 07 9F 0C 99 C6 F6 07 C7 0C A7 0C 00 00
2025-11-08T03:23:40.899723,13.104,can0  204  [16]  37 25 50 46 50 46 50 46 80 25 20 4E 30 75 00 00
2025-11-08T03:23:40.975576,13.179,can0  204  [16]  37 25 50 46 50 46 50 46 80 25 20 4E 30 75 00 00
2025-11-08T03:23:41.019846,13.224,can0  041  [04]  E4 00 00 00
2025-11-08T03:23:41.021261,13.225,can0  204  [16]  37 25 50 46 50 46 50 46 80 25 20 4E 30 75 00 00
2025-11-08T03:23:41.091433,13.295,can0  206  [16]  A7 0C C0 07 9B 0C DA DC F6 07 C3 0C A3 0C 00 00
2025-11-08T03:23:41.091469,13.295,can0  204  [16]  37 25 50 46 50 46 50 46 80 25 20 4E 30 75 00 00
2025-11-08T03:23:41.140470,13.344,can0  204  [16]  37 25 50 46 50 46 50 46 80 25 20 4E 30 75 00 00
2025-11-08T03:23:41.211928,13.416,can0  204  [16]  37 25 50 46 50 46 50 46 80 25 20 4E 30 75 00 00
2025-11-08T03:23:41.225845,13.430,can0  206  [16]  AB 0C DE 07 97 0C DA DC EF 07 BF 0C A3 0C 00 00
2025-11-08T03:23:41.299055,13.503,can0  204  [16]  37 25 50 46 50 46 50 46 80 25 20 4E 30 75 00 00
2025-11-08T03:23:41.299100,13.503,can0  041  [04]  E4 00 00 00
2025-11-08T03:23:41.319869,13.524,can0  204  [16]  37 25 50 46 50 46 50 46 80 25 20 4E 30 75 00 00
2025-11-08T03:23:41.397407,13.601,can0  204  [16]  37 25 50 46 50 46 50 46 80 25 20 4E 30 75 00 00
2025-11-08T03:23:41.398069,13.602,can0  206  [16]  9F 0C DC 07 9B 0C B1 E0 F4 07 BF 0C A7 0C 00 00
2025-11-08T03:23:41.429917,13.634,can0  204  [16]  37 25 50 46 50 46 50 46 80 25 20 4E 30 75 00 00
2025-11-08T03:23:41.487758,13.692,can0  204  [16]  37 25 50 46 50 46 50 46 80 25 20 4E 30 75 00 00
2025-11-08T03:23:41.545743,13.750,can0  204  [16]  37 25 50 46 50 46 50 46 80 25 20 4E 30 75 00 00
2025-11-08T03:23:41.551684,13.756,can0  041  [04]  10 01 00 00
2025-11-08T03:23:41.555003,13.759,can0  206  [16]  9F 0C DC 07 97 0C DA DC EB 07 BF 0C AB 0C 00 00
2025-11-08T03:23:41.603219,13.807,can0  204  [16]  37 25 50 46 50 46 50 46 80 25 20 4E 30 75 00 00
2025-11-08T03:23:41.658201,13.862,can0  204  [16]  37 25 50 46 50 46 50 46 80 25 20 4E 30 75 00 00
2025-11-08T03:23:41.720089,13.924,can0  204  [16]  37 25 50 46 50 46 50 46 80 25 20 4E 30 75 00 00
2025-11-08T03:23:41.726431,13.930,can0  206  [16]  A7 0C DA 07 9B 0C DA DC F2 07 BF 0C 9F 0C 00 00
2025-11-08T03:23:41.804390,14.008,can0  204  [16]  37 25 50 46 50 46 50 46 80 25 20 4E 30 75 00 00
2025-11-08T03:23:41.821660,14.025,can0  041  [04]  E4 00 00 00
2025-11-08T03:23:41.839688,14.044,can0  204  [16]  37 25 50 46 50 46 50 46 80 25 20 4E 30 75 00 00
2025-11-08T03:23:41.903760,14.108,can0  206  [16]  9B 0C DC 07 9F 0C 3A DF EF 07 BF 0C AB 0C 00 00
2025-11-08T03:23:41.903807,14.108,can0  204  [16]  37 25 50 46 50 46 50 46 80 25 20 4E 30 75 00 00
2025-11-08T03:23:41.946331,14.150,can0  204  [16]  37 25 50 46 50 46 50 46 80 25 20 4E 30 75 00 00
2025-11-08T03:23:42.017749,14.222,can0  204  [16]  37 25 50 46 50 46 50 46 80 25 20 4E 30 75 00 00
2025-11-08T03:23:42.046795,14.251,can0  206  [16]  A3 0C DE 07 A7 0C DA DC EF 07 BB 0C A3 0C 00 00
2025-11-08T03:23:42.105526,14.309,can0  204  [16]  37 25 50 46 50 46 50 46 80 25 20 4E 30 75 00 00
2025-11-08T03:23:42.118259,14.322,can0  041  [04]  2F 00 00 00
2025-11-08T03:23:42.135875,14.340,can0  204  [16]  37 25 50 46 50 46 50 46 80 25 20 4E 30 75 00 00
2025-11-08T03:23:42.211341,14.415,can0  204  [16]  37 25 50 46 50 46 50 46 80 25 20 4E 30 75 00 00
2025-11-08T03:23:42.217808,14.422,can0  206  [16]  A7 0C E0 07 A3 0C DA DC ED 07 BF 0C 9F 0C 00 00
2025-11-08T03:23:42.250930,14.455,can0  204  [16]  37 25 50 46 50 46 50 46 80 25 20 4E 30 75 00 00
2025-11-08T03:23:42.316560,14.520,can0  204  [16]  37 25 50 46 50 46 50 46 80 25 20 4E 30 75 00 00
2025-11-08T03:23:42.353463,14.557,can0  041  [04]  02 00 00 00
2025-11-08T03:23:42.365979,14.570,can0  204  [16]  37 25 50 46 50 46 50 46 80 25 20 4E 30 75 00 00
2025-11-08T03:23:42.382364,14.586,can0  206  [16]  AB 0C E0 07 9B 0C 3A DF F4 07 BB 0C 9B 0C 00 00
2025-11-08T03:23:42.427124,14.631,can0  204  [16]  37 25 50 46 50 46 50 46 80 25 20 4E 30 75 00 00
2025-11-08T03:23:42.481837,14.686,can0  204  [16]  37 25 50 46 50 46 50 46 80 25 20 4E 30 75 00 00
2025-11-08T03:23:42.542738,14.747,can0  204  [16]  37 25 50 46 50 46 50 46 80 25 20 4E 30 75 00 00
2025-11-08T03:23:42.553205,14.757,can0  206  [16]  A7 0C DC 07 97 0C B1 E0 F2 07 C7 0C A3 0C 00 00
2025-11-08T03:23:42.611032,14.815,can0  204  [16]  37 25 50 46 50 46 50 46 80 25 20 4E 30 75 00 00
2025-11-08T03:23:42.626219,14.830,can0  041  [04]  2F 00 00 00
2025-11-08T03:23:42.655677,14.860,can0  204  [16]  37 25 50 46 50 46 50 46 80 25 20 4E 30 75 00 00
2025-11-08T03:23:42.723160,14.927,can0  204  [16]  37 25 50 46 50 46 50 46 80 25 20 4E 30 75 00 00
2025-11-08T03:23:42.723253,14.927,can0  206  [16]  A7 0C DC 07 8F 0C 99 C6 01 08 CB 0C 9F 0C 00 00
2025-11-08T03:23:42.769168,14.973,can0  204  [16]  37 25 50 46 50 46 50 46 80 25 20 4E 30 75 00 00
2025-11-08T03:23:42.831337,15.035,can0  204  [16]  37 25 50 46 50 46 50 46 80 25 20 4E 30 75 00 00
2025-11-08T03:23:42.875852,15.080,can0  206  [16]  A7 0C E0 07 9B 0C B1 E0 F4 07 C3 0C A3 0C 00 00
2025-11-08T03:23:42.883143,15.087,can0  041  [04]  E4 00 00 00
2025-11-08T03:23:42.885335,15.089,can0  204  [16]  37 25 50 46 50 46 50 46 80 25 20 4E 30 75 00 00
2025-11-08T03:23:42.948383,15.152,can0  204  [16]  37 25 50 46 50 46 50 46 80 25 20 4E 30 75 00 00
2025-11-08T03:23:43.030292,15.234,can0  204  [16]  37 25 50 46 50 46 50 46 80 25 20 4E 30 75 00 00
2025-11-08T03:23:43.051834,15.256,can0  206  [16]  9B 0C DE 07 A7 0C 3A DF F6 07 BF 0C A3 0C 00 00
2025-11-08T03:23:43.075865,15.280,can0  204  [16]  37 25 50 46 50 46 50 46 80 25 20 4E 30 75 00 00
2025-11-08T03:23:43.132705,15.337,can0  204  [16]  37 25 50 46 50 46 50 46 80 25 20 4E 30 75 00 00
2025-11-08T03:23:43.153029,15.357,can0  041  [04]  E4 00 00 00
2025-11-08T03:23:43.189789,15.394,can0  204  [16]  37 25 50 46 50 46 50 46 80 25 20 4E 30 75 00 00
2025-11-08T03:23:43.228534,15.432,can0  206  [16]  A7 0C E0 07 97 0C 3A DF EF 07 B7 0C A3 0C 00 00
2025-11-08T03:23:43.260068,15.464,can0  204  [16]  37 25 50 46 50 46 50 46 80 25 20 4E 30 75 00 00
2025-11-08T03:23:43.304851,15.509,can0  204  [16]  37 25 50 46 50 46 50 46 80 25 20 4E 30 75 00 00
2025-11-08T03:23:43.369346,15.573,can0  204  [16]  37 25 50 46 50 46 50 46 80 25 20 4E 30 75 00 00
2025-11-08T03:23:43.379311,15.583,can0  206  [16]  A3 0C E0 07 9B 0C 99 C6 F2 07 CB 0C A7 0C 00 00
2025-11-08T03:23:43.445972,15.650,can0  041  [04]  3F 01 00 00
2025-11-08T03:23:43.446019,15.650,can0  204  [16]  37 25 50 46 50 46 50 46 80 25 20 4E 30 75 00 00
2025-11-08T03:23:43.477753,15.682,can0  204  [16]  37 25 50 46 50 46 50 46 80 25 20 4E 30 75 00 00
2025-11-08T03:23:43.542540,15.746,can0  204  [16]  37 25 50 46 50 46 50 46 80 25 20 4E 30 75 00 00
2025-11-08T03:23:43.546671,15.750,can0  206  [16]  A3 0C DE 07 9B 0C A0 E2 F4 07 C7 0C A3 0C 00 00
2025-11-08T03:23:43.591855,15.796,can0  204  [16]  37 25 50 46 50 46 50 46 80 25 20 4E 30 75 00 00
2025-11-08T03:23:43.650657,15.854,can0  204  [16]  37 25 50 46 50 46 50 46 80 25 20 4E 30 75 00 00
2025-11-08T03:23:43.683856,15.888,can0  041  [04]  10 01 00 00
2025-11-08T03:23:43.715442,15.919,can0  204  [16]  37 25 50 46 50 46 50 46 80 25 20 4E 30 75 00 00
2025-11-08T03:23:43.718269,15.922,can0  206  [16]  A3 0C DE 07 97 0C DA DC F2 07 C7 0C A7 0C 00 00
2025-11-08T03:23:43.774620,15.978,can0  204  [16]  37 25 50 46 50 46 50 46 80 25 20 4E 30 75 00 00
2025-11-08T03:23:43.858921,16.063,can0  204  [16]  37 25 50 46 50 46 50 46 80 25 20 4E 30 75 00 00
2025-11-08T03:23:43.873605,16.077,can0  206  [16]  A7 0C E0 07 97 0C DA DC F4 07 CB 0C A3 0C 00 00
2025-11-08T03:23:43.887597,16.091,can0  204  [16]  37 25 50 46 50 46 50 46 80 25 20 4E 30 75 00 00
2025-11-08T03:23:43.958647,16.162,can0  204  [16]  37 25 50 46 50 46 50 46 80 25 20 4E 30 75 00 00
2025-11-08T03:23:43.958768,16.163,can0  041  [04]  3F 01 00 00
2025-11-08T03:23:44.011892,16.216,can0  204  [16]  37 25 50 46 50 46 50 46 80 25 20 4E 30 75 00 00
2025-11-08T03:23:44.057315,16.261,can0  206  [16]  9F 0C DC 07 9B 0C 99 C6 EF 07 C7 0C A3 0C 00 00
2025-11-08T03:23:44.074729,16.279,can0  204  [16]  37 25 50 46 50 46 50 46 80 25 20 4E 30 75 00 00
2025-11-08T03:23:44.127379,16.331,can0  204  [16]  37 25 50 46 50 46 50 46 80 25 20 4E 30 75 00 00
2025-11-08T03:23:44.187637,16.391,can0  204  [16]  37 25 50 46 50 46 50 46 80 25 20 4E 30 75 00 00
2025-11-08T03:23:44.213827,16.418,can0  206  [16]  A3 0C DE 07 9B 0C 3A DF F6 07 BB 0C A3 0C 00 00
2025-11-08T03:23:44.213982,16.418,can0  041  [04]  3F 01 02 00
2025-11-08T03:23:44.262703,16.467,can0  204  [16]  37 25 50 46 50 46 50 46 80 25 20 4E 30 75 00 00
2025-11-08T03:23:44.299648,16.503,can0  204  [16]  37 25 50 46 50 46 50 46 80 25 20 4E 30 75 00 00
2025-11-08T03:23:44.367305,16.571,can0  204  [16]  37 25 50 46 50 46 50 46 80 25 20 4E 30 75 00 00
2025-11-08T03:23:44.392528,16.596,can0  206  [16]  9F 0C 05 08 9B 0C DA DC F2 07 C3 0C A7 0C 00 00
2025-11-08T03:23:44.414563,16.618,can0  204  [16]  37 25 50 46 50 46 50 46 80 25 20 4E 30 75 00 00
2025-11-08T03:23:44.472503,16.676,can0  204  [16]  37 25 50 46 50 46 50 46 80 25 20 4E 30 75 00 00
2025-11-08T03:23:44.489284,16.693,can0  041  [04]  52 01 02 00
2025-11-08T03:23:44.533797,16.738,can0  204  [16]  37 25 50 46 50 46 50 46 80 25 20 4E 30 75 00 00
2025-11-08T03:23:44.569437,16.773,can0  206  [16]  97 0C E0 07 A7 0C DA DC F6 07 B7 0C A7 0C 00 00
2025-11-08T03:23:44.590320,16.794,can0  204  [16]  37 25 50 46 50 46 50 46 80 25 20 4E 30 75 00 00
2025-11-08T03:23:44.668143,16.872,can0  204  [16]  37 25 50 46 50 46 50 46 80 25 20 4E 30 75 00 00
2025-11-08T03:23:44.707113,16.911,can0  204  [16]  37 25 50 46 50 46 50 46 80 25 20 4E 30 75 00 00
2025-11-08T03:23:44.712958,16.917,can0  206  [16]  9B 0C DC 07 97 0C DA DC F4 07 C3 0C AF 0C 00 00
2025-11-08T03:23:44.777689,16.982,can0  041  [04]  3F 01 00 00
2025-11-08T03:23:44.778016,16.982,can0  204  [16]  37 25 50 46 50 46 50 46 80 25 20 4E 30 75 00 00
2025-11-08T03:23:44.817676,17.022,can0  204  [16]  37 25 50 46 50 46 50 46 80 25 20 4E 30 75 00 00
2025-11-08T03:23:44.881841,17.086,can0  204  [16]  37 25 50 46 50 46 50 46 80 25 20 4E 30 75 00 00
2025-11-08T03:23:44.882166,17.086,can0  206  [16]  A7 0C BC 07 9B 0C B1 E0 F4 07 CB 0C 9F 0C 00 00
2025-11-08T03:23:44.933637,17.137,can0  204  [16]  37 25 50 46 50 46 50 46 80 25 20 4E 30 75 00 00
2025-11-08T03:23:44.996873,17.201,can0  204  [16]  37 25 50 46 50 46 50 46 80 25 20 4E 30 75 00 00
2025-11-08T03:23:45.015114,17.219,can0  041  [04]  24 01 02 00
2025-11-08T03:23:45.042097,17.246,can0  206  [16]  97 0C DE 07 97 0C 57 E3 F4 07 CF 0C AB 0C 00 00
2025-11-08T03:23:45.072802,17.277,can0  204  [16]  37 25 50 46 50 46 50 46 80 25 20 4E 30 75 00 00
2025-11-08T03:23:45.123115,17.327,can0  204  [16]  37 25 50 46 50 46 50 46 80 25 20 4E 30 75 00 00
2025-11-08T03:23:45.187277,17.391,can0  204  [16]  37 25 50 46 50 46 50 46 80 25 20 4E 30 75 00 00
2025-11-08T03:23:45.204402,17.408,can0  206  [16]  A3 0C DC 07 8F 0C DA DC F6 07 C7 0C A3 0C 00 00
2025-11-08T03:23:45.237603,17.441,can0  204  [16]  37 25 50 46 50 46 50 46 80 25 20 4E 30 75 00 00
2025-11-08T03:23:45.279430,17.483,can0  041  [04]  10 01 02 00
2025-11-08T03:23:45.304150,17.508,can0  204  [16]  37 25 50 46 50 46 50 46 80 25 20 4E 30 75 00 00
2025-11-08T03:23:45.353421,17.557,can0  204  [16]  37 25 50 46 50 46 50 46 80 25 20 4E 30 75 00 00
2025-11-08T03:23:45.379536,17.583,can0  206  [16]  97 0C DC 07 9F 0C DA DC F2 07 C3 0C AB 0C 00 00
2025-11-08T03:23:45.413039,17.617,can0  204  [16]  37 25 50 46 50 46 50 46 80 25 20 4E 30 75 00 00
2025-11-08T03:23:45.495578,17.699,can0  204  [16]  37 25 50 46 50 46 50 46 80 25 20 4E 30 75 00 00
2025-11-08T03:23:45.525880,17.730,can0  204  [16]  37 25 50 46 50 46 50 46 80 25 20 4E 30 75 00 00
2025-11-08T03:23:45.534194,17.738,can0  206  [16]  9B 0C E3 07 93 0C DA DC F2 07 C7 0C AB 0C 00 00
2025-11-08T03:23:45.546551,17.750,can0  041  [04]  10 01 00 00
2025-11-08T03:23:45.590758,17.795,can0  204  [16]  37 25 50 46 50 46 50 46 80 25 20 4E 30 75 00 00
2025-11-08T03:23:45.640622,17.844,can0  204  [16]  37 25 50 46 50 46 50 46 80 25 20 4E 30 75 00 00
2025-11-08T03:23:45.713264,17.917,can0  204  [16]  37 25 50 46 50 46 50 46 80 25 20 4E 30 75 00 00
2025-11-08T03:23:45.713294,17.917,can0  206  [16]  A3 0C DE 07 A7 0C DA DC F2 07 BB 0C A3 0C 00 00
2025-11-08T03:23:45.769420,17.973,can0  204  [16]  37 25 50 46 50 46 50 46 80 25 20 4E 30 75 00 00
2025-11-08T03:23:45.815852,18.020,can0  041  [04]  E4 00 00 00
2025-11-08T03:23:45.822345,18.026,can0  204  [16]  37 25 50 46 50 46 50 46 80 25 20 4E 30 75 00 00
2025-11-08T03:23:45.891582,18.095,can0  206  [16]  8F 0C DC 07 AF 0C 99 C6 F2 07 BB 0C A7 0C 00 00
2025-11-08T03:23:45.894954,18.099,can0  204  [16]  37 25 50 46 50 46 50 46 80 25 20 4E 30 75 00 00
2025-11-08T03:23:45.928673,18.132,can0  204  [16]  37 25 50 46 50 46 50 46 80 25 20 4E 30 75 00 00
2025-11-08T03:23:46.009355,18.213,can0  204  [16]  37 25 50 46 50 46 50 46 80 25 20 4E 30 75 00 00
2025-11-08T03:23:46.039239,18.243,can0  206  [16]  B7 0C DC 07 9B 0C DA DC F2 07 B7 0C 93 0C 00 00
2025-11-08T03:23:46.066011,18.270,can0  204  [16]  37 25 50 46 50 46 50 46 80 25 20 4E 30 75 00 00
2025-11-08T03:23:46.096906,18.301,can0  041  [04]  10 01 00 00
2025-11-08T03:23:46.123251,18.327,can0  204  [16]  37 25 50 46 50 46 50 46 80 25 20 4E 30 75 00 00
2025-11-08T03:23:46.175778,18.380,can0  204  [16]  37 25 50 46 50 46 50 46 80 25 20 4E 30 75 00 00
2025-11-08T03:23:46.211111,18.415,can0  206  [16]  BB 0C E0 07 97 0C DA DC F6 07 C3 0C 8F 0C 00 00
2025-11-08T03:23:46.233192,18.437,can0  204  [16]  37 25 50 46 50 46 50 46 80 25 20 4E 30 75 00 00
2025-11-08T03:23:46.313528,18.517,can0  204  [16]  37 25 50 46 50 46 50 46 80 25 20 4E 30 75 00 00
2025-11-08T03:23:46.345210,18.549,can0  041  [04]  10 01 00 00
2025-11-08T03:23:46.347865,18.552,can0  204  [16]  37 25 50 46 50 46 50 46 80 25 20 4E 30 75 00 00
2025-11-08T03:23:46.366877,18.571,can0  206  [16]  97 0C D6 07 93 0C B1 E0 F4 07 BF 0C B7 0C 00 00
2025-11-08T03:23:46.405751,18.610,can0  204  [16]  37 25 50 46 50 46 50 46 80 25 20 4E 30 75 00 00
2025-11-08T03:23:46.463445,18.667,can0  204  [16]  37 25 50 46 50 46 50 46 80 25 20 4E 30 75 00 00
2025-11-08T03:23:46.521033,18.725,can0  204  [16]  37 25 50 46 50 46 50 46 80 25 20 4E 30 75 00 00
2025-11-08T03:23:46.532883,18.737,can0  206  [16]  87 0C D8 07 9F 0C 3A DF F6 07 C3 0C BB 0C 00 00
2025-11-08T03:23:46.578532,18.782,can0  204  [16]  37 25 50 46 50 46 50 46 80 25 20 4E 30 75 00 00
2025-11-08T03:23:46.609822,18.814,can0  041  [04]  10 01 00 00
2025-11-08T03:23:46.638621,18.842,can0  204  [16]  37 25 50 46 50 46 50 46 80 25 20 4E 30 75 00 00
2025-11-08T03:23:46.711588,18.915,can0  204  [16]  37 25 50 46 50 46 50 46 80 25 20 4E 30 75 00 00
2025-11-08T03:23:46.720680,18.925,can0  206  [16]  9B 0C DC 07 9F 0C DA DC F4 07 C3 0C A3 0C 00 00
2025-11-08T03:23:46.751575,18.955,can0  204  [16]  37 25 50 46 50 46 50 46 80 25 20 4E 30 75 00 00
2025-11-08T03:23:46.820065,19.024,can0  204  [16]  37 25 50 46 50 46 50 46 80 25 20 4E 30 75 00 00
2025-11-08T03:23:46.859772,19.064,can0  206  [16]  9B 0C E0 07 9F 0C B1 E0 F6 07 BF 0C A7 0C 00 00
2025-11-08T03:23:46.867349,19.071,can0  204  [16]  37 25 50 46 50 46 50 46 80 25 20 4E 30 75 00 00
2025-11-08T03:23:46.882090,19.086,can0  041  [04]  E4 00 00 00
2025-11-08T03:23:46.923481,19.127,can0  204  [16]  37 25 50 46 50 46 50 46 80 25 20 4E 30 75 00 00
2025-11-08T03:23:46.982697,19.187,can0  204  [16]  37 25 50 46 50 46 50 46 80 25 20 4E 30 75 00 00
2025-11-08T03:23:47.030000,19.234,can0  206  [16]  A3 0C DC 07 93 0C DA DC F4 07 C7 0C A7 0C 00 00
2025-11-08T03:23:47.062166,19.266,can0  204  [16]  37 25 50 46 50 46 50 46 80 25 20 4E 30 75 00 00
2025-11-08T03:23:47.117244,19.321,can0  204  [16]  37 25 50 46 50 46 50 46 80 25 20 4E 30 75 00 00
2025-11-08T03:23:47.147269,19.351,can0  041  [04]  10 01 00 00
2025-11-08T03:23:47.171979,19.376,can0  204  [16]  37 25 50 46 50 46 50 46 80 25 20 4E 30 75 00 00
2025-11-08T03:23:47.199900,19.404,can0  206  [16]  97 0C DE 07 A3 0C 99 C6 F2 07 BF 0C A7 0C 00 00
2025-11-08T03:23:47.229672,19.433,can0  204  [16]  37 25 50 46 50 46 50 46 80 25 20 4E 30 75 00 00
2025-11-08T03:23:47.286973,19.491,can0  204  [16]  37 25 50 46 50 46 50 46 80 25 20 4E 30 75 00 00
2025-11-08T03:23:47.351904,19.556,can0  204  [16]  37 25 50 46 50 46 50 46 80 25 20 4E 30 75 00 00
2025-11-08T03:23:47.366279,19.570,can0  206  [16]  AB 0C DA 07 97 0C DA DC F4 07 BF 0C 9F 0C 00 00
2025-11-08T03:23:47.404737,19.609,can0  204  [16]  37 25 50 46 50 46 50 46 80 25 20 4E 30 75 00 00
2025-11-08T03:23:47.441938,19.646,can0  041  [04]  2F 00 00 00
2025-11-08T03:23:47.461734,19.666,can0  204  [16]  37 25 50 46 50 46 50 46 80 25 20 4E 30 75 00 00
2025-11-08T03:23:47.517159,19.721,can0  204  [16]  37 25 50 46 50 46 50 46 80 25 20 4E 30 75 00 00
2025-11-08T03:23:47.537507,19.741,can0  206  [16]  9B 0C DA 07 9F 0C C5 E1 F2 07 C3 0C A7 0C 00 00
2025-11-08T03:23:47.575165,19.779,can0  204  [16]  37 25 50 46 50 46 50 46 80 25 20 4E 30 75 00 00
2025-11-08T03:23:47.645977,19.850,can0  204  [16]  37 25 50 46 50 46 50 46 80 25 20 4E 30 75 00 00
2025-11-08T03:23:47.676545,19.880,can0  041  [04]  2F 00 02 00
2025-11-08T03:23:47.684970,19.889,can0  206  [16]  97 0C DE 07 9B 0C B1 E0 F4 07 C7 0C AB 0C 00 00
2025-11-08T03:23:47.689866,19.894,can0  204  [16]  37 25 50 46 50 46 50 46 80 25 20 4E 30 75 00 00
2025-11-08T03:23:47.747597,19.951,can0  204  [16]  37 25 50 46 50 46 50 46 80 25 20 4E 30 75 00 00
2025-11-08T03:23:47.809799,20.014,can0  204  [16]  37 25 50 46 50 46 50 46 80 25 20 4E 30 75 00 00
2025-11-08T03:23:47.852961,20.057,can0  206  [16]  9B 0C DC 07 AF 0C DA DC F4 07 B7 0C 9F 0C 00 00
2025-11-08T03:23:47.879059,20.083,can0  204  [16]  37 25 50 46 50 46 50 46 80 25 20 4E 30 75 00 00
2025-11-08T03:23:47.940521,20.144,can0  204  [16]  37 25 50 46 50 46 50 46 80 25 20 4E 30 75 00 00
2025-11-08T03:23:47.952396,20.156,can0  041  [04]  2F 00 00 00
2025-11-08T03:23:47.983874,20.188,can0  204  [16]  37 25 50 46 50 46 50 46 80 25 20 4E 30 75 00 00
2025-11-08T03:23:48.019178,20.223,can0  206  [16]  A3 0C DE 07 97 0C 99 C6 F2 07 C3 0C A3 0C 00 00
2025-11-08T03:23:48.054550,20.258,can0  204  [16]  37 25 50 46 50 46 50 46 80 25 20 4E 30 75 00 00
2025-11-08T03:23:48.113973,20.318,can0  204  [16]  37 25 50 46 50 46 50 46 80 25 20 4E 30 75 00 00
2025-11-08T03:23:48.171575,20.375,can0  204  [16]  37 25 50 46 50 46 50 46 80 25 20 4E 30 75 00 00
2025-11-08T03:23:48.182373,20.386,can0  206  [16]  B7 0C E0 07 8F 0C C5 E1 F2 07 BF 0C 9B 0C 00 00
2025-11-08T03:23:48.209145,20.413,can0  041  [04]  02 00 00 00
2025-11-08T03:23:48.251586,20.455,can0  204  [16]  37 25 50 46 50 46 50 46 80 25 20 4E 30 75 00 00
2025-11-08T03:23:48.284190,20.488,can0  204  [16]  37 25 50 46 50 46 50 46 80 25 20 4E 30 75 00 00
2025-11-08T03:23:48.346428,20.550,can0  204  [16]  37 25 50 46 50 46 50 46 80 25 20 4E 30 75 00 00
2025-11-08T03:23:48.355538,20.559,can0  206  [16]  9F 0C DC 07 97 0C A0 E2 ED 07 C3 0C A7 0C 00 00
2025-11-08T03:23:48.398929,20.603,can0  204  [16]  37 25 50 46 50 46 50 46 80 25 20 4E 30 75 00 00
2025-11-08T03:23:48.465213,20.669,can0  204  [16]  37 25 50 46 50 46 50 46 80 25 20 4E 30 75 00 00
2025-11-08T03:23:48.478723,20.683,can0  041  [04]  2F 00 00 00
2025-11-08T03:23:48.516551,20.720,can0  204  [16]  37 25 50 46 50 46 50 46 80 25 20 4E 30 75 00 00
2025-11-08T03:23:48.516586,20.720,can0  206  [16]  8F 0C F2 07 A7 0C 99 C6 EF 07 BF 0C AB 0C 00 00
2025-11-08T03:23:48.571252,20.775,can0  204  [16]  37 25 50 46 50 46 50 46 80 25 20 4E 30 75 00 00
2025-11-08T03:23:48.630629,20.834,can0  204  [16]  37 25 50 46 50 46 50 46 80 25 20 4E 30 75 00 00
2025-11-08T03:23:48.675397,20.879,can0  206  [16]  A3 0C DE 07 9F 0C A0 E2 F2 07 BF 0C A3 0C 00 00
2025-11-08T03:23:48.687112,20.891,can0  204  [16]  37 25 50 46 50 46 50 46 80 25 20 4E 30 75 00 00
2025-11-08T03:23:48.765786,20.970,can0  041  [04]  3F 01 02 00
2025-11-08T03:23:48.769285,20.973,can0  204  [16]  37 25 50 46 50 46 50 46 80 25 20 4E 30 75 00 00
2025-11-08T03:23:48.803244,21.007,can0  204  [16]  37 25 50 46 50 46 50 46 80 25 20 4E 30 75 00 00
2025-11-08T03:23:48.868110,21.072,can0  206  [16]  A7 0C DE 07 9B 0C 3A DF EF 07 C3 0C 9F 0C 00 00
2025-11-08T03:23:48.872982,21.077,can0  204  [16]  37 25 50 46 50 46 50 46 80 25 20 4E 30 75 00 00
2025-11-08T03:23:48.917026,21.121,can0  204  [16]  37 25 50 46 50 46 50 46 80 25 20 4E 30 75 00 00
2025-11-08T03:23:48.976314,21.180,can0  204  [16]  37 25 50 46 50 46 50 46 80 25 20 4E 30 75 00 00
2025-11-08T03:23:49.008046,21.212,can0  041  [04]  2F 00 02 00
2025-11-08T03:23:49.009471,21.213,can0  206  [16]  AB 0C DE 07 83 0C C5 E1 F6 07 D3 0C 9F 0C 00 00
2025-11-08T03:23:49.056439,21.260,can0  204  [16]  37 25 50 46 50 46 50 46 80 25 20 4E 30 75 00 00
2025-11-08T03:23:49.110483,21.314,can0  204  [16]  37 25 50 46 50 46 50 46 80 25 20 4E 30 75 00 00
2025-11-08T03:23:49.169311,21.373,can0  204  [16]  37 25 50 46 50 46 50 46 80 25 20 4E 30 75 00 00
2025-11-08T03:23:49.178706,21.383,can0  206  [16]  9F 0C E0 07 9B 0C DA DC F6 07 BF 0C AB 0C 00 00
2025-11-08T03:23:49.223021,21.427,can0  204  [16]  37 25 50 46 50 46 50 46 80 25 20 4E 30 75 00 00
2025-11-08T03:23:49.278249,21.482,can0  041  [04]  2F 00 00 00
2025-11-08T03:23:49.285119,21.489,can0  204  [16]  37 25 50 46 50 46 50 46 80 25 20 4E 30 75 00 00
2025-11-08T03:23:49.337573,21.541,can0  204  [16]  37 25 50 46 50 46 50 46 80 25 20 4E 30 75 00 00
2025-11-08T03:23:49.338946,21.543,can0  206  [16]  A3 0C E0 07 9B 0C DA DC F6 07 CF 0C A7 0C 00 00
2025-11-08T03:23:49.400698,21.605,can0  204  [16]  37 25 50 46 50 46 50 46 80 25 20 4E 30 75 00 00
2025-11-08T03:23:49.453102,21.657,can0  204  [16]  37 25 50 46 50 46 50 46 80 25 20 4E 30 75 00 00
2025-11-08T03:23:49.503884,21.708,can0  206  [16]  9F 0C 05 08 93 0C 3A DF F2 07 C3 0C AB 0C 00 00
2025-11-08T03:23:49.511026,21.715,can0  204  [16]  37 25 50 46 50 46 50 46 80 25 20 4E 30 75 00 00
2025-11-08T03:23:49.541643,21.745,can0  041  [04]  3F 01 00 00
2025-11-08T03:23:49.578979,21.783,can0  204  [16]  37 25 50 46 50 46 50 46 80 25 20 4E 30 75 00 00
2025-11-08T03:23:49.629425,21.833,can0  204  [16]  37 25 50 46 50 46 50 46 80 25 20 4E 30 75 00 00
2025-11-08T03:23:49.699801,21.904,can0  206  [16]  9B 0C E0 07 9F 0C DA DC FA 07 BF 0C A7 0C 00 00
2025-11-08T03:23:49.699840,21.904,can0  204  [16]  37 25 50 46 50 46 50 46 80 25 20 4E 30 75 00 00
2025-11-08T03:23:49.740936,21.945,can0  204  [16]  37 25 50 46 50 46 50 46 80 25 20 4E 30 75 00 00
2025-11-08T03:23:49.810114,22.014,can0  204  [16]  37 25 50 46 50 46 50 46 80 25 20 4E 30 75 00 00
2025-11-08T03:23:49.816456,22.020,can0  041  [04]  10 01 00 00
2025-11-08T03:23:49.832545,22.036,can0  206  [16]  A3 0C EF 07 A3 0C 99 C6 F6 07 B7 0C A3 0C 00 00
2025-11-08T03:23:49.859526,22.063,can0  204  [16]  37 25 50 46 50 46 50 46 80 25 20 4E 30 75 00 00
2025-11-08T03:23:49.913651,22.117,can0  204  [16]  37 25 50 46 50 46 50 46 80 25 20 4E 30 75 00 00
2025-11-08T03:23:49.978303,22.182,can0  204  [16]  37 25 50 46 50 46 50 46 80 25 20 4E 30 75 00 00
2025-11-08T03:23:50.006918,22.211,can0  206  [16]  AB 0C DE 07 97 0C 3A DF F6 07 C7 0C 9B 0C 00 00
2025-11-08T03:23:50.047172,22.251,can0  204  [16]  37 25 50 46 50 46 50 46 80 25 20 4E 30 75 00 00
2025-11-08T03:23:50.102740,22.307,can0  041  [04]  10 01 00 00
2025-11-08T03:23:50.104104,22.308,can0  204  [16]  37 25 50 46 50 46 50 46 80 25 20 4E 30 75 00 00
2025-11-08T03:23:50.163162,22.367,can0  206  [16]  A7 0C E0 07 97 0C 3A DF F6 07 C3 0C 9F 0C 00 00
2025-11-08T03:23:50.208351,22.412,can0  204  [16]  37 25 50 46 50 46 50 46 80 25 20 4E 30 75 00 00
2025-11-08T03:23:50.219819,22.424,can0  204  [16]  37 25 50 46 50 46 50 46 80 25 20 4E 30 75 00 00
2025-11-08T03:23:50.282084,22.486,can0  204  [16]  37 25 50 46 50 46 50 46 80 25 20 4E 30 75 00 00
2025-11-08T03:23:50.322320,22.526,can0  206  [16]  9B 0C DE 07 9F 0C DA DC F4 07 BF 0C AB 0C 00 00
2025-11-08T03:23:50.336322,22.540,can0  204  [16]  37 25 50 46 50 46 50 46 80 25 20 4E 30 75 00 00
2025-11-08T03:23:50.340259,22.544,can0  041  [04]  3F 01 02 00
2025-11-08T03:23:50.404559,22.608,can0  204  [16]  37 25 50 46 50 46 50 46 80 25 20 4E 30 75 00 00
2025-11-08T03:23:50.451238,22.655,can0  204  [16]  37 25 50 46 50 46 50 46 80 25 20 4E 30 75 00 00
2025-11-08T03:23:50.501218,22.705,can0  206  [16]  A7 0C DE 07 9B 0C 99 C6 F2 07 D7 0C 9F 0C 00 00
2025-11-08T03:23:50.511513,22.715,can0  204  [16]  37 25 50 46 50 46 50 46 80 25 20 4E 30 75 00 00
2025-11-08T03:23:50.564939,22.769,can0  204  [16]  37 25 50 46 50 46 50 46 80 25 20 4E 30 75 00 00
2025-11-08T03:23:50.615447,22.819,can0  041  [04]  3F 01 00 00
2025-11-08T03:23:50.621878,22.826,can0  204  [16]  37 25 50 46 50 46 50 46 80 25 20 4E 30 75 00 00
2025-11-08T03:23:50.655068,22.859,can0  206  [16]  AF 0C D6 07 9B 0C DA DC F4 07 BB 0C 9B 0C 00 00
2025-11-08T03:23:50.681916,22.886,can0  204  [16]  37 25 50 46 50 46 50 46 80 25 20 4E 30 75 00 00
2025-11-08T03:23:50.741517,22.945,can0  204  [16]  37 25 50 46 50 46 50 46 80 25 20 4E 30 75 00 00
2025-11-08T03:23:50.820789,23.025,can0  204  [16]  37 25 50 46 50 46 50 46 80 25 20 4E 30 75 00 00
2025-11-08T03:23:50.821036,23.025,can0  206  [16]  A3 0C E0 07 9B 0C B1 E0 E3 07 BB 0C A7 0C 00 00
2025-11-08T03:23:50.852183,23.056,can0  204  [16]  37 25 50 46 50 46 50 46 80 25 20 4E 30 75 00 00
2025-11-08T03:23:50.876120,23.080,can0  041  [04]  10 01 00 00
2025-11-08T03:23:50.926169,23.130,can0  204  [16]  37 25 50 46 50 46 50 46 80 25 20 4E 30 75 00 00
2025-11-08T03:23:50.967554,23.171,can0  204  [16]  37 25 50 46 50 46 50 46 80 25 20 4E 30 75 00 00
2025-11-08T03:23:50.992114,23.196,can0  206  [16]  A7 0C DC 07 97 0C B1 E0 F6 07 CB 0C 9F 0C 00 00
2025-11-08T03:23:51.052997,23.257,can0  204  [16]  37 25 50 46 50 46 50 46 80 25 20 4E 30 75 00 00
2025-11-08T03:23:51.128113,23.332,can0  204  [16]  37 25 50 46 50 46 50 46 80 25 20 4E 30 75 00 00
2025-11-08T03:23:51.145054,23.349,can0  041  [04]  3F 01 00 00
2025-11-08T03:23:51.159337,23.363,can0  206  [16]  B3 0C E0 07 9B 0C DA DC F2 07 C3 0C 93 0C 00 00
2025-11-08T03:23:51.159464,23.363,can0  204  [16]  37 25 50 46 50 46 50 46 80 25 20 4E 30 75 00 00
2025-11-08T03:23:51.230979,23.435,can0  204  [16]  37 25 50 46 50 46 50 46 80 25 20 4E 30 75 00 00
2025-11-08T03:23:51.275541,23.479,can0  204  [16]  37 25 50 46 50 46 50 46 80 25 20 4E 30 75 00 00
2025-11-08T03:23:51.320070,23.524,can0  206  [16]  9F 0C DE 07 97 0C DA DC F6 07 BF 0C AB 0C 00 00
2025-11-08T03:23:51.335704,23.540,can0  204  [16]  37 25 50 46 50 46 50 46 80 25 20 4E 30 75 00 00
2025-11-08T03:23:51.388377,23.592,can0  204  [16]  37 25 50 46 50 46 50 46 80 25 20 4E 30 75 00 00
2025-11-08T03:23:51.432294,23.636,can0  041  [04]  02 00 02 00
2025-11-08T03:23:51.448631,23.652,can0  204  [16]  37 25 50 46 50 46 50 46 80 25 20 4E 30 75 00 00
2025-11-08T03:23:51.498259,23.702,can0  206  [16]  AB 0C DC 07 9B 0C C5 E1 F4 07 BF 0C 9B 0C 00 00
2025-11-08T03:23:51.509225,23.713,can0  204  [16]  37 25 50 46 50 46 50 46 80 25 20 4E 30 75 00 00
2025-11-08T03:23:51.565227,23.769,can0  204  [16]  37 25 50 46 50 46 50 46 80 25 20 4E 30 75 00 00
2025-11-08T03:23:51.633221,23.837,can0  204  [16]  37 25 50 46 50 46 50 46 80 25 20 4E 30 75 00 00
2025-11-08T03:23:51.657260,23.861,can0  206  [16]  A3 0C E3 07 97 0C 99 C6 F2 07 BF 0C A7 0C 00 00
2025-11-08T03:23:51.670806,23.875,can0  041  [04]  2F 00 00 00
2025-11-08T03:23:51.678857,23.883,can0  204  [16]  37 25 50 46 50 46 50 46 80 25 20 4E 30 75 00 00
2025-11-08T03:23:51.745197,23.949,can0  204  [16]  37 25 50 46 50 46 50 46 80 25 20 4E 30 75 00 00
2025-11-08T03:23:51.793101,23.997,can0  204  [16]  37 25 50 46 50 46 50 46 80 25 20 4E 30 75 00 00
2025-11-08T03:23:51.838244,24.042,can0  206  [16]  A7 0C DE 07 A7 0C 3A DF EF 07 C3 0C 93 0C 00 00
2025-11-08T03:23:51.849025,24.053,can0  204  [16]  37 25 50 46 50 46 50 46 80 25 20 4E 30 75 00 00
2025-11-08T03:23:51.907902,24.112,can0  204  [16]  37 25 50 46 50 46 50 46 80 25 20 4E 30 75 00 00
2025-11-08T03:23:51.949751,24.154,can0  041  [04]  2F 00 00 00
2025-11-08T03:23:51.965611,24.169,can0  204  [16]  37 25 50 46 50 46 50 46 80 25 20 4E 30 75 00 00
2025-11-08T03:23:51.988155,24.192,can0  206  [16]  9F 0C E0 07 9F 0C DA DC F4 07 BF 0C A3 0C 00 00
2025-11-08T03:23:52.042659,24.246,can0  204  [16]  37 25 50 46 50 46 50 46 80 25 20 4E 30 75 00 00
2025-11-08T03:23:52.096958,24.301,can0  204  [16]  37 25 50 46 50 46 50 46 80 25 20 4E 30 75 00 00
2025-11-08T03:23:52.152124,24.356,can0  206  [16]  9F 0C DE 07 9B 0C DA DC F2 07 B7 0C A7 0C 00 00
2025-11-08T03:23:52.154507,24.358,can0  204  [16]  37 25 50 46 50 46 50 46 80 25 20 4E 30 75 00 00
2025-11-08T03:23:52.202209,24.406,can0  041  [04]  3F 01 00 00
2025-11-08T03:23:52.215045,24.419,can0  204  [16]  37 25 50 46 50 46 50 46 80 25 20 4E 30 75 00 00
2025-11-08T03:23:52.275188,24.479,can0  204  [16]  37 25 50 46 50 46 50 46 80 25 20 4E 30 75 00 00
2025-11-08T03:23:52.322402,24.526,can0  206  [16]  A3 0C DC 07 9F 0C B1 E0 F6 07 C3 0C 9F 0C 00 00
2025-11-08T03:23:52.344258,24.548,can0  204  [16]  37 25 50 46 50 46 50 46 80 25 20 4E 30 75 00 00
2025-11-08T03:23:52.384611,24.588,can0  204  [16]  37 25 50 46 50 46 50 46 80 25 20 4E 30 75 00 00
2025-11-08T03:23:52.459278,24.663,can0  204  [16]  37 25 50 46 50 46 50 46 80 25 20 4E 30 75 00 00
2025-11-08T03:23:52.472930,24.677,can0  041  [04]  3F 01 00 00
2025-11-08T03:23:52.490610,24.694,can0  206  [16]  A7 0C D8 07 97 0C 99 C6 F2 07 BB 0C A3 0C 00 00
2025-11-08T03:23:52.499967,24.704,can0  204  [16]  37 25 50 46 50 46 50 46 80 25 20 4E 30 75 00 00
2025-11-08T03:23:52.564212,24.768,can0  204  [16]  37 25 50 46 50 46 50 46 80 25 20 4E 30 75 00 00
2025-11-08T03:23:52.616296,24.820,can0  204  [16]  37 25 50 46 50 46 50 46 80 25 20 4E 30 75 00 00
2025-11-08T03:23:52.666656,24.870,can0  206  [16]  A3 0C DC 07 9B 0C F4 E3 F4 07 BF 0C A7 0C 00 00
2025-11-08T03:23:52.678007,24.882,can0  204  [16]  37 25 50 46 50 46 50 46 80 25 20 4E 30 75 00 00
2025-11-08T03:23:52.730449,24.934,can0  204  [16]  37 25 50 46 50 46 50 46 80 25 20 4E 30 75 00 00
2025-11-08T03:23:52.761342,24.965,can0  041  [04]  10 01 00 00
2025-11-08T03:23:52.797791,25.002,can0  204  [16]  37 25 50 46 50 46 50 46 80 25 20 4E 30 75 00 00
2025-11-08T03:23:52.832913,25.037,can0  206  [16]  A7 0C E0 07 93 0C A0 E2 F4 07 C7 0C A7 0C 00 00
2025-11-08T03:23:52.868051,25.072,can0  204  [16]  37 25 50 46 50 46 50 46 80 25 20 4E 30 75 00 00
2025-11-08T03:23:52.905963,25.110,can0  204  [16]  37 25 50 46 50 46 50 46 80 25 20 4E 30 75 00 00
2025-11-08T03:23:52.962651,25.166,can0  204  [16]  37 25 50 46 50 46 50 46 80 25 20 4E 30 75 00 00
2025-11-08T03:23:52.988684,25.193,can0  206  [16]  9F 0C E0 07 93 0C 3A DF F2 07 C3 0C AB 0C 00 00
2025-11-08T03:23:53.002635,25.206,can0  041  [04]  10 01 00 00
2025-11-08T03:23:53.037556,25.241,can0  204  [16]  37 25 50 46 50 46 50 46 80 25 20 4E 30 75 00 00
2025-11-08T03:23:53.101217,25.305,can0  204  [16]  37 25 50 46 50 46 50 46 80 25 20 4E 30 75 00 00
2025-11-08T03:23:53.169482,25.373,can0  204  [16]  37 25 50 46 50 46 50 46 80 25 20 4E 30 75 00 00
2025-11-08T03:23:53.174343,25.378,can0  206  [16]  B7 0C E0 07 9F 0C DA DC F4 07 C3 0C 8F 0C 00 00
2025-11-08T03:23:53.210982,25.415,can0  204  [16]  37 25 50 46 50 46 50 46 80 25 20 4E 30 75 00 00
2025-11-08T03:23:53.266742,25.471,can0  204  [16]  37 25 50 46 50 46 50 46 80 25 20 4E 30 75 00 00
2025-11-08T03:23:53.268404,25.472,can0  041  [04]  10 01 02 00
2025-11-08T03:23:53.312006,25.516,can0  206  [16]  9F 0C DE 07 9F 0C 99 C6 F2 07 AF 0C A7 0C 00 00
2025-11-08T03:23:53.324882,25.529,can0  204  [16]  37 25 50 46 50 46 50 46 80 25 20 4E 30 75 00 00
2025-11-08T03:23:53.381371,25.585,can0  204  [16]  37 25 50 46 50 46 50 46 80 25 20 4E 30 75 00 00
2025-11-08T03:23:53.439218,25.643,can0  204  [16]  37 25 50 46 50 46 50 46 80 25 20 4E 30 75 00 00
2025-11-08T03:23:53.476733,25.681,can0  206  [16]  A3 0C BC 07 9B 0C 3A DF F2 07 B7 0C A7 0C 00 00
2025-11-08T03:23:53.497098,25.701,can0  204  [16]  37 25 50 46 50 46 50 46 80 25 20 4E 30 75 00 00
2025-11-08T03:23:53.537802,25.742,can0  041  [04]  10 01 02 00
2025-11-08T03:23:53.572787,25.777,can0  204  [16]  37 25 50 46 50 46 50 46 80 25 20 4E 30 75 00 00
2025-11-08T03:23:53.619787,25.824,can0  204  [16]  37 25 50 46 50 46 50 46 80 25 20 4E 30 75 00 00
2025-11-08T03:23:53.644743,25.849,can0  206  [16]  9B 0C E0 07 9B 0C B1 E0 FA 07 BF 0C AB 0C 00 00
2025-11-08T03:23:53.690766,25.895,can0  204  [16]  37 25 50 46 50 46 50 46 80 25 20 4E 30 75 00 00
2025-11-08T03:23:53.727735,25.932,can0  204  [16]  37 25 50 46 50 46 50 46 80 25 20 4E 30 75 00 00
2025-11-08T03:23:53.784215,25.988,can0  204  [16]  37 25 50 46 50 46 50 46 80 25 20 4E 30 75 00 00
2025-11-08T03:23:53.804459,26.008,can0  041  [04]  10 01 00 00
2025-11-08T03:23:53.811397,26.015,can0  206  [16]  9F 0C E0 07 9B 0C 99 C6 F4 07 D7 0C A7 0C 00 00
2025-11-08T03:23:53.841874,26.046,can0  204  [16]  37 25 50 46 50 46 50 46 80 25 20 4E 30 75 00 00
2025-11-08T03:23:53.906791,26.111,can0  204  [16]  37 25 50 46 50 46 50 46 80 25 20 4E 30 75 00 00
2025-11-08T03:23:53.959555,26.163,can0  204  [16]  37 25 50 46 50 46 50 46 80 25 20 4E 30 75 00 00
2025-11-08T03:23:53.979242,26.183,can0  206  [16]  9B 0C DC 07 9B 0C DA DC F4 07 CB 0C A7 0C 00 00
2025-11-08T03:23:54.027718,26.232,can0  204  [16]  37 25 50 46 50 46 50 46 80 25 20 4E 30 75 00 00
2025-11-08T03:23:54.084789,26.289,can0  041  [04]  02 00 02 00
2025-11-08T03:23:54.097227,26.301,can0  204  [16]  37 25 50 46 50 46 50 46 80 25 20 4E 30 75 00 00
2025-11-08T03:23:54.136710,26.341,can0  206  [16]  9B 0C DE 07 9F 0C C5 E1 01 08 C3 0C AB 0C 00 00
2025-11-08T03:23:54.147307,26.351,can0  204  [16]  37 25 50 46 50 46 50 46 80 25 20 4E 30 75 00 00
2025-11-08T03:23:54.214097,26.418,can0  204  [16]  37 25 50 46 50 46 50 46 80 25 20 4E 30 75 00 00
2025-11-08T03:23:54.266737,26.471,can0  204  [16]  37 25 50 46 50 46 50 46 80 25 20 4E 30 75 00 00
2025-11-08T03:23:54.302378,26.506,can0  206  [16]  97 0C DC 07 9F 0C DA DC F8 07 BB 0C AF 0C 00 00
2025-11-08T03:23:54.320987,26.525,can0  204  [16]  37 25 50 46 50 46 50 46 80 25 20 4E 30 75 00 00
2025-11-08T03:23:54.334767,26.539,can0  041  [04]  02 00 02 00
2025-11-08T03:23:54.404974,26.609,can0  204  [16]  37 25 50 46 50 46 50 46 80 25 20 4E 30 75 00 00
2025-11-08T03:23:54.436118,26.640,can0  204  [16]  37 25 50 46 50 46 50 46 80 25 20 4E 30 75 00 00
2025-11-08T03:23:54.471566,26.675,can0  206  [16]  A7 0C DC 07 9F 0C DA DC F6 07 BF 0C 9F 0C 00 00
2025-11-08T03:23:54.503891,26.708,can0  204  [16]  37 25 50 46 50 46 50 46 80 25 20 4E 30 75 00 00
2025-11-08T03:23:54.550853,26.755,can0  204  [16]  37 25 50 46 50 46 50 46 80 25 20 4E 30 75 00 00
2025-11-08T03:23:54.599332,26.803,can0  041  [04]  02 00 00 00
2025-11-08T03:23:54.612365,26.816,can0  204  [16]  37 25 50 46 50 46 50 46 80 25 20 4E 30 75 00 00
2025-11-08T03:23:54.637702,26.842,can0  206  [16]  9F 0C E0 07 9F 0C 57 E3 EB 07 BB 0C A7 0C 00 00
2025-11-08T03:23:54.665480,26.869,can0  204  [16]  37 25 50 46 50 46 50 46 80 25 20 4E 30 75 00 00
2025-11-08T03:23:54.726128,26.930,can0  204  [16]  37 25 50 46 50 46 50 46 80 25 20 4E 30 75 00 00
2025-11-08T03:23:54.804460,27.008,can0  204  [16]  37 25 50 46 50 46 50 46 80 25 20 4E 30 75 00 00
2025-11-08T03:23:54.809585,27.013,can0  206  [16]  9B 0C E0 07 9F 0C DA DC F2 07 BB 0C AB 0C 00 00
2025-11-08T03:23:54.838993,27.043,can0  204  [16]  37 25 50 46 50 46 50 46 80 25 20 4E 30 75 00 00
2025-11-08T03:23:54.864910,27.069,can0  041  [04]  02 00 00 00
2025-11-08T03:23:54.904191,27.108,can0  204  [16]  37 25 50 46 50 46 50 46 80 25 20 4E 30 75 00 00
2025-11-08T03:23:54.956629,27.160,can0  204  [16]  37 25 50 46 50 46 50 46 80 25 20 4E 30 75 00 00
2025-11-08T03:23:55.022725,27.227,can0  206  [16]  A7 0C DE 07 9B 0C DA DC F2 07 BF 0C 9F 0C 00 00
2025-11-08T03:23:55.030201,27.234,can0  204  [16]  37 25 50 46 50 46 50 46 80 25 20 4E 30 75 00 00
2025-11-08T03:23:55.086065,27.290,can0  204  [16]  37 25 50 46 50 46 50 46 80 25 20 4E 30 75 00 00
2025-11-08T03:23:55.136002,27.340,can0  041  [04]  10 01 00 00
2025-11-08T03:23:55.149886,27.354,can0  206  [16]  A3 0C E3 07 9B 0C DA DC F6 07 BB 0C A7 0C 00 00
2025-11-08T03:23:55.153151,27.357,can0  204  [16]  37 25 50 46 50 46 50 46 80 25 20 4E 30 75 00 00
2025-11-08T03:23:55.212368,27.416,can0  204  [16]  37 25 50 46 50 46 50 46 80 25 20 4E 30 75 00 00
2025-11-08T03:23:55.257613,27.461,can0  204  [16]  37 25 50 46 50 46 50 46 80 25 20 4E 30 75 00 00
2025-11-08T03:23:55.325993,27.530,can0  206  [16]  A3 0C DE 07 9B 0C B1 E0 F6 07 BF 0C A7 0C 00 00
2025-11-08T03:23:55.326822,27.531,can0  204  [16]  37 25 50 46 50 46 50 46 80 25 20 4E 30 75 00 00
2025-11-08T03:23:55.375516,27.579,can0  204  [16]  37 25 50 46 50 46 50 46 80 25 20 4E 30 75 00 00
2025-11-08T03:23:55.416488,27.620,can0  041  [04]  52 01 02 00
2025-11-08T03:23:55.429696,27.634,can0  204  [16]  37 25 50 46 50 46 50 46 80 25 20 4E 30 75 00 00
2025-11-08T03:23:55.473507,27.677,can0  206  [16]  AB 0C DE 07 97 0C DA DC F4 07 BF 0C 9F 0C 00 00
2025-11-08T03:23:55.488833,27.693,can0  204  [16]  37 25 50 46 50 46 50 46 80 25 20 4E 30 75 00 00
2025-11-08T03:23:55.546329,27.750,can0  204  [16]  37 25 50 46 50 46 50 46 80 25 20 4E 30 75 00 00
2025-11-08T03:23:55.621264,27.825,can0  204  [16]  37 25 50 46 50 46 50 46 80 25 20 4E 30 75 00 00
2025-11-08T03:23:55.638396,27.842,can0  206  [16]  A7 0C DC 07 67 0C DA DC F2 07 EC 0C A7 0C 00 00
2025-11-08T03:23:55.661802,27.866,can0  204  [16]  37 25 50 46 50 46 50 46 80 25 20 4E 30 75 00 00
2025-11-08T03:23:55.665852,27.870,can0  041  [04]  02 00 02 00
2025-11-08T03:23:55.736170,27.940,can0  204  [16]  37 25 50 46 50 46 50 46 80 25 20 4E 30 75 00 00
2025-11-08T03:23:55.778026,27.982,can0  204  [16]  37 25 50 46 50 46 50 46 80 25 20 4E 30 75 00 00
2025-11-08T03:23:55.838359,28.042,can0  206  [16]  9B 0C E0 07 9F 0C DA DC F2 07 BF 0C AB 0C 00 00
2025-11-08T03:23:55.838637,28.042,can0  204  [16]  37 25 50 46 50 46 50 46 80 25 20 4E 30 75 00 00
2025-11-08T03:23:55.890666,28.094,can0  204  [16]  37 25 50 46 50 46 50 46 80 25 20 4E 30 75 00 00
2025-11-08T03:23:55.929996,28.134,can0  041  [04]  10 01 02 00
2025-11-08T03:23:55.955187,28.159,can0  204  [16]  37 25 50 46 50 46 50 46 80 25 20 4E 30 75 00 00
2025-11-08T03:23:55.972920,28.177,can0  206  [16]  9B 0C DE 07 9B 0C B1 E0 F6 07 BF 0C AB 0C 00 00
2025-11-08T03:23:56.035106,28.239,can0  204  [16]  37 25 50 46 50 46 50 46 80 25 20 4E 30 75 00 00
2025-11-08T03:23:56.084967,28.289,can0  204  [16]  37 25 50 46 50 46 50 46 80 25 20 4E 30 75 00 00
2025-11-08T03:23:56.146367,28.350,can0  206  [16]  9B 0C E0 07 9F 0C B1 E0 F2 07 CF 0C AB 0C 00 00
2025-11-08T03:23:56.146421,28.350,can0  204  [16]  37 25 50 46 50 46 50 46 80 25 20 4E 30 75 00 00
2025-11-08T03:23:56.195511,28.399,can0  204  [16]  37 25 50 46 50 46 50 46 80 25 20 4E 30 75 00 00
2025-11-08T03:23:56.197139,28.401,can0  041  [04]  10 01 02 00
2025-11-08T03:23:56.252824,28.457,can0  204  [16]  37 25 50 46 50 46 50 46 80 25 20 4E 30 75 00 00
2025-11-08T03:23:56.298382,28.502,can0  206  [16]  A3 0C DE 07 93 0C 99 C6 EF 07 C7 0C A7 0C 00 00
2025-11-08T03:23:56.311683,28.516,can0  204  [16]  37 25 50 46 50 46 50 46 80 25 20 4E 30 75 00 00
2025-11-08T03:23:56.376157,28.580,can0  204  [16]  37 25 50 46 50 46 50 46 80 25 20 4E 30 75 00 00
2025-11-08T03:23:56.453679,28.658,can0  204  [16]  37 25 50 46 50 46 50 46 80 25 20 4E 30 75 00 00
2025-11-08T03:23:56.467346,28.671,can0  041  [04]  10 01 00 00
2025-11-08T03:23:56.484088,28.688,can0  206  [16]  9B 0C DE 07 97 0C 99 C6 F2 07 CF 0C AB 0C 00 00
2025-11-08T03:23:56.484771,28.689,can0  204  [16]  37 25 50 46 50 46 50 46 80 25 20 4E 30 75 00 00
2025-11-08T03:23:56.542994,28.747,can0  204  [16]  37 25 50 46 50 46 50 46 80 25 20 4E 30 75 00 00
2025-11-08T03:23:56.598297,28.802,can0  204  [16]  37 25 50 46 50 46 50 46 80 25 20 4E 30 75 00 00
2025-11-08T03:23:56.651637,28.855,can0  206  [16]  9F 0C DE 07 9B 0C 3A DF F2 07 BF 0C AB 0C 00 00
2025-11-08T03:23:56.660350,28.864,can0  204  [16]  37 25 50 46 50 46 50 46 80 25 20 4E 30 75 00 00
2025-11-08T03:23:56.714529,28.918,can0  204  [16]  37 25 50 46 50 46 50 46 80 25 20 4E 30 75 00 00
2025-11-08T03:23:56.755811,28.960,can0  041  [04]  10 01 00 00
2025-11-08T03:23:56.781419,28.985,can0  204  [16]  37 25 50 46 50 46 50 46 80 25 20 4E 30 75 00 00
2025-11-08T03:23:56.798878,29.003,can0  206  [16]  9F 0C E3 07 A3 0C DA DC FA 07 B7 0C A7 0C 00 00
2025-11-08T03:23:56.856568,29.060,can0  204  [16]  37 25 50 46 50 46 50 46 80 25 20 4E 30 75 00 00
2025-11-08T03:23:56.887266,29.091,can0  204  [16]  37 25 50 46 50 46 50 46 80 25 20 4E 30 75 00 00
2025-11-08T03:23:56.960205,29.164,can0  204  [16]  37 25 50 46 50 46 50 46 80 25 20 4E 30 75 00 00
2025-11-08T03:23:56.967427,29.171,can0  206  [16]  9B 0C DE 07 9B 0C DA DC F2 07 BF 0C AB 0C 00 00
2025-11-08T03:23:56.996458,29.200,can0  041  [04]  10 01 02 00
2025-11-08T03:23:57.016833,29.221,can0  204  [16]  37 25 50 46 50 46 50 46 80 25 20 4E 30 75 00 00
2025-11-08T03:23:57.081843,29.286,can0  204  [16]  37 25 50 46 50 46 50 46 80 25 20 4E 30 75 00 00
2025-11-08T03:23:57.127296,29.331,can0  206  [16]  8F 0C DC 07 97 0C DA DC F8 07 C3 0C B7 0C 00 00
2025-11-08T03:23:57.159312,29.363,can0  204  [16]  37 25 50 46 50 46 50 46 80 25 20 4E 30 75 00 00
2025-11-08T03:23:57.198247,29.402,can0  204  [16]  37 25 50 46 50 46 50 46 80 25 20 4E 30 75 00 00
2025-11-08T03:23:57.262392,29.466,can0  204  [16]  37 25 50 46 50 46 50 46 80 25 20 4E 30 75 00 00
2025-11-08T03:23:57.262522,29.466,can0  041  [04]  10 01 02 00
2025-11-08T03:23:57.293475,29.497,can0  206  [16]  A3 0C DE 07 9B 0C DA DC F2 07 C3 0C A3 0C 00 00
2025-11-08T03:23:57.305847,29.510,can0  204  [16]  37 25 50 46 50 46 50 46 80 25 20 4E 30 75 00 00
2025-11-08T03:23:57.363538,29.567,can0  204  [16]  37 25 50 46 50 46 50 46 80 25 20 4E 30 75 00 00
2025-11-08T03:23:57.422965,29.627,can0  204  [16]  37 25 50 46 50 46 50 46 80 25 20 4E 30 75 00 00
2025-11-08T03:23:57.464785,29.669,can0  206  [16]  9B 0C DA 07 9B 0C A0 E2 F2 07 BF 0C AB 0C 00 00
2025-11-08T03:23:57.480397,29.684,can0  204  [16]  37 25 50 46 50 46 50 46 80 25 20 4E 30 75 00 00
2025-11-08T03:23:57.528346,29.732,can0  041  [04]  8B 00 05 00
2025-11-08T03:23:57.537174,29.741,can0  204  [16]  37 25 50 46 50 46 50 46 80 25 20 4E 30 75 00 00
2025-11-08T03:23:57.598305,29.802,can0  204  [16]  37 25 50 46 50 46 50 46 80 25 20 4E 30 75 00 00
2025-11-08T03:23:57.624890,29.829,can0  206  [16]  9F 0C DE 07 A3 0C 99 C6 F2 07 BF 0C A3 0C 00 00
2025-11-08T03:23:57.682061,29.886,can0  204  [16]  37 25 50 46 50 46 50 46 80 25 20 4E 30 75 00 00
2025-11-08T03:23:57.710380,29.914,can0  204  [16]  37 25 50 46 50 46 50 46 80 25 20 4E 30 75 00 00
2025-11-08T03:23:57.778734,29.983,can0  204  [16]  37 25 50 46 50 46 50 46 80 25 20 4E 30 75 00 00
2025-11-08T03:23:57.788719,29.993,can0  206  [16]  9B 0C E0 07 9F 0C 3A DF 2A 08 C3 0C A7 0C 00 00
2025-11-08T03:23:57.805544,30.009,can0  041  [04]  2B 01 04 00
2025-11-08T03:23:57.827294,30.031,can0  204  [16]  37 25 50 46 50 46 50 46 80 25 20 4E 30 75 00 00
2025-11-08T03:23:57.881453,30.085,can0  204  [16]  37 25 50 46 50 46 50 46 80 25 20 4E 30 75 00 00
2025-11-08T03:23:57.943019,30.147,can0  204  [16]  37 25 50 46 50 46 50 46 80 25 20 4E 30 75 00 00
2025-11-08T03:23:57.973849,30.178,can0  206  [16]  A3 0C E0 07 8F 0C DA DC F2 07 A7 0C A7 0C 00 00
2025-11-08T03:23:58.014136,30.218,can0  204  [16]  37 25 50 46 50 46 50 46 80 25 20 4E 30 75 00 00
2025-11-08T03:23:58.063216,30.267,can0  041  [04]  24 01 04 00
2025-11-08T03:23:58.085471,30.289,can0  204  [16]  37 25 50 46 50 46 50 46 80 25 20 4E 30 75 00 00
2025-11-08T03:23:58.131666,30.335,can0  204  [16]  37 25 50 46 50 46 50 46 80 25 20 4E 30 75 00 00
2025-11-08T03:23:58.131863,30.336,can0  206  [16]  9F 0C DC 07 9B 0C 99 C6 F4 07 BF 0C A7 0C 00 00
2025-11-08T03:23:58.189534,30.393,can0  204  [16]  37 25 50 46 50 46 50 46 80 25 20 4E 30 75 00 00
2025-11-08T03:23:58.247027,30.451,can0  204  [16]  37 25 50 46 50 46 50 46 80 25 20 4E 30 75 00 00
2025-11-08T03:23:58.299591,30.503,can0  206  [16]  AF 0C DC 07 9B 0C 99 C6 F2 07 BF 0C 97 0C 00 00
2025-11-08T03:23:58.312090,30.516,can0  204  [16]  37 25 50 46 50 46 50 46 80 25 20 4E 30 75 00 00
2025-11-08T03:23:58.329692,30.534,can0  041  [04]  3F 01 00 00
2025-11-08T03:23:58.360043,30.564,can0  204  [16]  37 25 50 46 50 46 50 46 80 25 20 4E 30 75 00 00
2025-11-08T03:23:58.416819,30.621,can0  204  [16]  37 25 50 46 50 46 50 46 80 25 20 4E 30 75 00 00
2025-11-08T03:23:58.462384,30.666,can0  206  [16]  AB 0C E0 07 9B 0C B1 E0 F2 07 04 0D 9F 0C 00 00
2025-11-08T03:23:58.488739,30.693,can0  204  [16]  37 25 50 46 50 46 50 46 80 25 20 4E 30 75 00 00
2025-11-08T03:23:58.533362,30.737,can0  204  [16]  37 25 50 46 50 46 50 46 80 25 20 4E 30 75 00 00
2025-11-08T03:23:58.603627,30.807,can0  204  [16]  37 25 50 46 50 46 50 46 80 25 20 4E 30 75 00 00
2025-11-08T03:23:58.604237,30.808,can0  041  [04]  3F 01 00 00
2025-11-08T03:23:58.628934,30.833,can0  206  [16]  D7 0C DE 07 9F 0C 99 C6 F4 07 BB 0C 6F 0C 00 00
2025-11-08T03:23:58.647049,30.851,can0  204  [16]  37 25 50 46 50 46 50 46 80 25 20 4E 30 75 00 00
2025-11-08T03:23:58.706155,30.910,can0  204  [16]  37 25 50 46 50 46 50 46 80 25 20 4E 30 75 00 00
2025-11-08T03:23:58.762195,30.966,can0  204  [16]  37 25 50 46 50 46 50 46 80 25 20 4E 30 75 00 00
2025-11-08T03:23:58.796161,31.000,can0  206  [16]  9F 0C DE 07 93 0C 99 C6 F6 07 CB 0C A7 0C 00 00
2025-11-08T03:23:58.827751,31.032,can0  204  [16]  37 25 50 46 50 46 50 46 80 25 20 4E 30 75 00 00
2025-11-08T03:23:58.860512,31.064,can0  041  [04]  2F 00 00 00
2025-11-08T03:23:58.888330,31.092,can0  204  [16]  37 25 50 46 50 46 50 46 80 25 20 4E 30 75 00 00
2025-11-08T03:23:58.936647,31.140,can0  204  [16]  37 25 50 46 50 46 50 46 80 25 20 4E 30 75 00 00
2025-11-08T03:23:58.954599,31.158,can0  206  [16]  A3 0C DC 07 9B 0C DA DC F6 07 C3 0C A3 0C 00 00
2025-11-08T03:23:59.013477,31.217,can0  204  [16]  37 25 50 46 50 46 50 46 80 25 20 4E 30 75 00 00
2025-11-08T03:23:59.069109,31.273,can0  204  [16]  37 25 50 46 50 46 50 46 80 25 20 4E 30 75 00 00
2025-11-08T03:23:59.119299,31.323,can0  206  [16]  97 0C E0 07 9B 0C 3A DF F2 07 9B 0C AB 0C 00 00
2025-11-08T03:23:59.131294,31.335,can0  204  [16]  37 25 50 46 50 46 50 46 80 25 20 4E 30 75 00 00
2025-11-08T03:23:59.137815,31.342,can0  041  [04]  2F 00 00 00
2025-11-08T03:23:59.207137,31.411,can0  204  [16]  37 25 50 46 50 46 50 46 80 25 20 4E 30 75 00 00
2025-11-08T03:23:59.239453,31.443,can0  204  [16]  37 25 50 46 50 46 50 46 80 25 20 4E 30 75 00 00
2025-11-08T03:23:59.282039,31.486,can0  206  [16]  9B 0C DC 07 9F 0C DA DC F4 07 B7 0C AB 0C 00 00
2025-11-08T03:23:59.311209,31.515,can0  204  [16]  37 25 50 46 50 46 50 46 80 25 20 4E 30 75 00 00
2025-11-08T03:23:59.355001,31.559,can0  204  [16]  37 25 50 46 50 46 50 46 80 25 20 4E 30 75 00 00
2025-11-08T03:23:59.410554,31.614,can0  041  [04]  2B 01 02 00
2025-11-08T03:23:59.411903,31.616,can0  204  [16]  37 25 50 46 50 46 50 46 80 25 20 4E 30 75 00 00
2025-11-08T03:23:59.455761,31.660,can0  206  [16]  9F 0C DE 07 9F 0C 99 C6 F2 07 BF 0C A7 0C 00 00
2025-11-08T03:23:59.470339,31.674,can0  204  [16]  37 25 50 46 50 46 50 46 80 25 20 4E 30 75 00 00
2025-11-08T03:23:59.527360,31.731,can0  204  [16]  37 25 50 46 50 46 50 46 80 25 20 4E 30 75 00 00
2025-11-08T03:23:59.584942,31.789,can0  204  [16]  37 25 50 46 50 46 50 46 80 25 20 4E 30 75 00 00
2025-11-08T03:23:59.629219,31.833,can0  206  [16]  A3 0C DC 07 9F 0C DA DC F2 07 C7 0C 9F 0C 00 00
2025-11-08T03:23:59.645768,31.850,can0  204  [16]  37 25 50 46 50 46 50 46 80 25 20 4E 30 75 00 00
2025-11-08T03:23:59.659774,31.864,can0  041  [04]  02 00 00 00
2025-11-08T03:23:59.714941,31.919,can0  204  [16]  37 25 50 46 50 46 50 46 80 25 20 4E 30 75 00 00
2025-11-08T03:23:59.758697,31.963,can0  204  [16]  37 25 50 46 50 46 50 46 80 25 20 4E 30 75 00 00
2025-11-08T03:23:59.794011,31.998,can0  206  [16]  D7 0C DC 07 6B 0C 99 C6 F8 07 BF 0C 9F 0C 00 00
2025-11-08T03:23:59.832657,32.036,can0  204  [16]  37 25 50 46 50 46 50 46 80 25 20 4E 30 75 00 00
2025-11-08T03:23:59.875210,32.079,can0  204  [16]  37 25 50 46 50 46 50 46 80 25 20 4E 30 75 00 00
2025-11-08T03:23:59.929362,32.133,can0  041  [04]  2F 00 02 00
2025-11-08T03:23:59.935612,32.139,can0  204  [16]  37 25 50 46 50 46 50 46 80 25 20 4E 30 75 00 00
2025-11-08T03:23:59.960084,32.164,can0  206  [16]  A3 0C DE 07 9B 0C DA DC ED 07 C3 0C A3 0C 00 00
2025-11-08T03:23:59.992867,32.197,can0  204  [16]  37 25 50 46 50 46 50 46 80 25 20 4E 30 75 00 00
2025-11-08T03:24:00.063264,32.267,can0  204  [16]  37 25 50 46 50 46 50 46 80 25 20 4E 30 75 00 00
2025-11-08T03:24:00.124352,32.328,can0  204  [16]  37 25 50 46 50 46 50 46 80 25 20 4E 30 75 00 00
2025-11-08T03:24:00.134376,32.338,can0  206  [16]  14 0D E0 07 9F 0C DA DC F4 07 BB 0C 32 0C 00 00
2025-11-08T03:24:00.178440,32.382,can0  204  [16]  37 25 50 46 50 46 50 46 80 25 20 4E 30 75 00 00
2025-11-08T03:24:00.190857,32.395,can0  041  [04]  10 01 02 00
2025-11-08T03:24:00.236892,32.441,can0  204  [16]  37 25 50 46 50 46 50 46 80 25 20 4E 30 75 00 00
2025-11-08T03:24:00.293237,32.497,can0  206  [16]  9F 0C E0 07 9B 0C 3A DF F2 07 BF 0C A7 0C 00 00
2025-11-08T03:24:00.293381,32.497,can0  204  [16]  37 25 50 46 50 46 50 46 80 25 20 4E 30 75 00 00
2025-11-08T03:24:00.363266,32.567,can0  204  [16]  37 25 50 46 50 46 50 46 80 25 20 4E 30 75 00 00
2025-11-08T03:24:00.409041,32.613,can0  204  [16]  37 25 50 46 50 46 50 46 80 25 20 4E 30 75 00 00
2025-11-08T03:24:00.452224,32.656,can0  206  [16]  8F 0C DC 07 AF 0C 99 C6 F2 07 BF 0C AB 0C 00 00
2025-11-08T03:24:00.465139,32.669,can0  041  [04]  2B 01 02 00
2025-11-08T03:24:00.471897,32.676,can0  204  [16]  37 25 50 46 50 46 50 46 80 25 20 4E 30 75 00 00
2025-11-08T03:24:00.537305,32.741,can0  204  [16]  37 25 50 46 50 46 50 46 80 25 20 4E 30 75 00 00
2025-11-08T03:24:00.582450,32.786,can0  204  [16]  37 25 50 46 50 46 50 46 80 25 20 4E 30 75 00 00
2025-11-08T03:24:00.639738,32.844,can0  206  [16]  A3 0C E0 07 97 0C DA DC F4 07 C7 0C A7 0C 00 00
2025-11-08T03:24:00.643012,32.847,can0  204  [16]  37 25 50 46 50 46 50 46 80 25 20 4E 30 75 00 00
2025-11-08T03:24:00.699772,32.904,can0  204  [16]  37 25 50 46 50 46 50 46 80 25 20 4E 30 75 00 00
2025-11-08T03:24:00.757686,32.962,can0  041  [04]  2B 01 00 00
2025-11-08T03:24:00.768519,32.972,can0  204  [16]  37 25 50 46 50 46 50 46 80 25 20 4E 30 75 00 00
2025-11-08T03:24:00.790813,32.995,can0  206  [16]  9F 0C DE 07 9B 0C 3A DF F4 07 BF 0C A7 0C 00 00
2025-11-08T03:24:00.818460,33.022,can0  204  [16]  37 25 50 46 50 46 50 46 80 25 20 4E 30 75 00 00
2025-11-08T03:24:00.871218,33.075,can0  204  [16]  37 25 50 46 50 46 50 46 80 25 20 4E 30 75 00 00
2025-11-08T03:24:00.962864,33.167,can0  204  [16]  37 25 50 46 50 46 50 46 80 25 20 4E 30 75 00 00
2025-11-08T03:24:00.962899,33.167,can0  206  [16]  AF 0C DE 07 9B 0C 3A DF F6 07 C3 0C 97 0C 00 00
2025-11-08T03:24:00.984137,33.188,can0  204  [16]  37 25 50 46 50 46 50 46 80 25 20 4E 30 75 00 00
2025-11-08T03:24:00.991419,33.195,can0  041  [04]  02 00 02 00
2025-11-08T03:24:01.061643,33.265,can0  204  [16]  37 25 50 46 50 46 50 46 80 25 20 4E 30 75 00 00
2025-11-08T03:24:01.116616,33.320,can0  204  [16]  37 25 50 46 50 46 50 46 80 25 20 4E 30 75 00 00
2025-11-08T03:24:01.128731,33.333,can0  206  [16]  93 0C DC 07 97 0C 3A DF F6 07 BB 0C B3 0C 00 00
2025-11-08T03:24:01.178651,33.382,can0  204  [16]  37 25 50 46 50 46 50 46 80 25 20 4E 30 75 00 00
2025-11-08T03:24:01.256076,33.460,can0  204  [16]  37 25 50 46 50 46 50 46 80 25 20 4E 30 75 00 00
2025-11-08T03:24:01.256130,33.460,can0  041  [04]  5D 00 00 00
2025-11-08T03:24:01.295036,33.499,can0  204  [16]  37 25 50 46 50 46 50 46 80 25 20 4E 30 75 00 00
2025-11-08T03:24:01.297811,33.502,can0  206  [16]  97 0C DC 07 9B 0C 3A DF F4 07 C7 0C AB 0C 00 00
2025-11-08T03:24:01.368928,33.573,can0  204  [16]  37 25 50 46 50 46 50 46 80 25 20 4E 30 75 00 00
2025-11-08T03:24:01.404604,33.608,can0  204  [16]  37 25 50 46 50 46 50 46 80 25 20 4E 30 75 00 00
2025-11-08T03:24:01.474655,33.678,can0  206  [16]  97 0C DC 07 9F 0C 3A DF F4 07 BF 0C AB 0C 00 00
2025-11-08T03:24:01.474899,33.679,can0  204  [16]  37 25 50 46 50 46 50 46 80 25 20 4E 30 75 00 00
2025-11-08T03:24:01.522827,33.727,can0  204  [16]  37 25 50 46 50 46 50 46 80 25 20 4E 30 75 00 00
2025-11-08T03:24:01.523991,33.728,can0  041  [04]  2F 00 00 00
2025-11-08T03:24:01.580432,33.784,can0  204  [16]  37 25 50 46 50 46 50 46 80 25 20 4E 30 75 00 00
2025-11-08T03:24:01.620249,33.824,can0  206  [16]  A3 0C E0 07 97 0C 3A DF F2 07 AB 0C A7 0C 00 00
2025-11-08T03:24:01.636584,33.840,can0  204  [16]  37 25 50 46 50 46 50 46 80 25 20 4E 30 75 00 00
2025-11-08T03:24:01.695445,33.899,can0  204  [16]  37 25 50 46 50 46 50 46 80 25 20 4E 30 75 00 00
2025-11-08T03:24:01.778365,33.982,can0  204  [16]  37 25 50 46 50 46 50 46 80 25 20 4E 30 75 00 00
2025-11-08T03:24:01.796520,34.000,can0  206  [16]  9F 0C E0 07 9F 0C 99 C6 F4 07 BF 0C A7 0C 00 00
2025-11-08T03:24:01.806468,34.010,can0  041  [04]  2F 00 02 00
2025-11-08T03:24:01.810666,34.014,can0  204  [16]  37 25 50 46 50 46 50 46 80 25 20 4E 30 75 00 00
2025-11-08T03:24:01.874883,34.079,can0  204  [16]  37 25 50 46 50 46 50 46 80 25 20 4E 30 75 00 00
2025-11-08T03:24:01.922463,34.126,can0  204  [16]  37 25 50 46 50 46 50 46 80 25 20 4E 30 75 00 00
2025-11-08T03:24:01.969398,34.173,can0  206  [16]  A3 0C DC 07 9B 0C DA DC F4 07 BF 0C A3 0C 00 00
2025-11-08T03:24:01.987817,34.192,can0  204  [16]  37 25 50 46 50 46 50 46 80 25 20 4E 30 75 00 00
2025-11-08T03:24:02.060028,34.264,can0  204  [16]  37 25 50 46 50 46 50 46 80 25 20 4E 30 75 00 00
2025-11-08T03:24:02.060068,34.264,can0  041  [04]  3F 01 00 00
2025-11-08T03:24:02.114934,34.319,can0  204  [16]  37 25 50 46 50 46 50 46 80 25 20 4E 30 75 00 00
2025-11-08T03:24:02.126589,34.330,can0  206  [16]  9B 0C DC 07 9F 0C C5 E1 F2 07 BF 0C A7 0C 00 00
2025-11-08T03:24:02.176418,34.380,can0  204  [16]  37 25 50 46 50 46 50 46 80 25 20 4E 30 75 00 00
2025-11-08T03:24:02.231607,34.435,can0  204  [16]  37 25 50 46 50 46 50 46 80 25 20 4E 30 75 00 00
2025-11-08T03:24:02.287492,34.491,can0  204  [16]  37 25 50 46 50 46 50 46 80 25 20 4E 30 75 00 00
2025-11-08T03:24:02.291325,34.495,can0  206  [16]  A7 0C FC 07 9B 0C DA DC F2 07 C3 0C 9F 0C 00 00
2025-11-08T03:24:02.322265,34.526,can0  041  [04]  2B 01 02 00
2025-11-08T03:24:02.343602,34.547,can0  204  [16]  37 25 50 46 50 46 50 46 80 25 20 4E 30 75 00 00
2025-11-08T03:24:02.407493,34.611,can0  204  [16]  37 25 50 46 50 46 50 46 80 25 20 4E 30 75 00 00
2025-11-08T03:24:02.476154,34.680,can0  204  [16]  37 25 50 46 50 46 50 46 80 25 20 4E 30 75 00 00
2025-11-08T03:24:02.476390,34.680,can0  206  [16]  9B 0C DE 07 AB 0C 99 C6 EF 07 B7 0C A7 0C 00 00
2025-11-08T03:24:02.519430,34.723,can0  204  [16]  37 25 50 46 50 46 50 46 80 25 20 4E 30 75 00 00
2025-11-08T03:24:02.596006,34.800,can0  204  [16]  37 25 50 46 50 46 50 46 80 25 20 4E 30 75 00 00
2025-11-08T03:24:02.596121,34.800,can0  041  [04]  2B 01 02 00
2025-11-08T03:24:02.622737,34.827,can0  206  [16]  A3 0C DE 07 9B 0C DA DC F2 07 BF 0C A3 0C 00 00
2025-11-08T03:24:02.632861,34.837,can0  204  [16]  37 25 50 46 50 46 50 46 80 25 20 4E 30 75 00 00
2025-11-08T03:24:02.694477,34.898,can0  204  [16]  37 25 50 46 50 46 50 46 80 25 20 4E 30 75 00 00
2025-11-08T03:24:02.748185,34.952,can0  204  [16]  37 25 50 46 50 46 50 46 80 25 20 4E 30 75 00 00
2025-11-08T03:24:02.790359,34.994,can0  206  [16]  9F 0C DE 07 9B 0C 3A DF F4 07 BF 0C A7 0C 00 00
2025-11-08T03:24:02.806395,35.010,can0  204  [16]  37 25 50 46 50 46 50 46 80 25 20 4E 30 75 00 00
2025-11-08T03:24:02.853602,35.057,can0  041  [04]  10 01 00 00
2025-11-08T03:24:02.863719,35.068,can0  204  [16]  37 25 50 46 50 46 50 46 80 25 20 4E 30 75 00 00
2025-11-08T03:24:02.923328,35.127,can0  204  [16]  37 25 50 46 50 46 50 46 80 25 20 4E 30 75 00 00
2025-11-08T03:24:02.949724,35.154,can0  206  [16]  A7 0C DE 07 9B 0C 99 C6 F6 07 BF 0C 9F 0C 00 00
2025-11-08T03:24:02.978696,35.183,can0  204  [16]  37 25 50 46 50 46 50 46 80 25 20 4E 30 75 00 00
2025-11-08T03:24:03.052191,35.256,can0  204  [16]  37 25 50 46 50 46 50 46 80 25 20 4E 30 75 00 00
2025-11-08T03:24:03.113298,35.317,can0  204  [16]  37 25 50 46 50 46 50 46 80 25 20 4E 30 75 00 00
2025-11-08T03:24:03.129460,35.333,can0  206  [16]  A3 0C E0 07 9B 0C B1 E0 ED 07 BF 0C A3 0C 00 00
2025-11-08T03:24:03.132166,35.336,can0  041  [04]  3F 01 00 00
2025-11-08T03:24:03.167338,35.371,can0  204  [16]  37 25 50 46 50 46 50 46 80 25 20 4E 30 75 00 00
2025-11-08T03:24:03.228005,35.432,can0  204  [16]  37 25 50 46 50 46 50 46 80 25 20 4E 30 75 00 00
2025-11-08T03:24:03.294427,35.498,can0  204  [16]  37 25 50 46 50 46 50 46 80 25 20 4E 30 75 00 00
2025-11-08T03:24:03.305821,35.510,can0  206  [16]  9B 0C DE 07 9F 0C DA DC F4 07 BF 0C A7 0C 00 00
2025-11-08T03:24:03.343248,35.547,can0  204  [16]  37 25 50 46 50 46 50 46 80 25 20 4E 30 75 00 00
2025-11-08T03:24:03.391546,35.595,can0  041  [04]  02 00 00 00
2025-11-08T03:24:03.397448,35.601,can0  204  [16]  37 25 50 46 50 46 50 46 80 25 20 4E 30 75 00 00
2025-11-08T03:24:03.457295,35.661,can0  204  [16]  37 25 50 46 50 46 50 46 80 25 20 4E 30 75 00 00
2025-11-08T03:24:03.460085,35.664,can0  206  [16]  AB 0C DE 07 97 0C DA DC EF 07 BF 0C 9B 0C 00 00
2025-11-08T03:24:03.523080,35.727,can0  204  [16]  37 25 50 46 50 46 50 46 80 25 20 4E 30 75 00 00
2025-11-08T03:24:03.570933,35.775,can0  204  [16]  37 25 50 46 50 46 50 46 80 25 20 4E 30 75 00 00
2025-11-08T03:24:03.625409,35.829,can0  206  [16]  9F 0C DC 07 9B 0C 3A DF F2 07 BF 0C A7 0C 00 00
2025-11-08T03:24:03.636463,35.840,can0  204  [16]  37 25 50 46 50 46 50 46 80 25 20 4E 30 75 00 00
2025-11-08T03:24:03.654501,35.858,can0  041  [04]  10 01 00 00
2025-11-08T03:24:03.686043,35.890,can0  204  [16]  37 25 50 46 50 46 50 46 80 25 20 4E 30 75 00 00
2025-11-08T03:24:03.746671,35.950,can0  204  [16]  37 25 50 46 50 46 50 46 80 25 20 4E 30 75 00 00
2025-11-08T03:24:03.788281,35.992,can0  206  [16]  9B 0C E0 07 8B 0C 99 C6 F2 07 CB 0C AB 0C 00 00
2025-11-08T03:24:03.822919,36.027,can0  204  [16]  37 25 50 46 50 46 50 46 80 25 20 4E 30 75 00 00
2025-11-08T03:24:03.858699,36.063,can0  204  [16]  37 25 50 46 50 46 50 46 80 25 20 4E 30 75 00 00
2025-11-08T03:24:03.917006,36.121,can0  204  [16]  37 25 50 46 50 46 50 46 80 25 20 4E 30 75 00 00
2025-11-08T03:24:03.918696,36.123,can0  041  [04]  3F 01 00 00
2025-11-08T03:24:03.954540,36.158,can0  206  [16]  A3 0C DE 07 9F 0C DA DC F2 07 BB 0C A7 0C 00 00
2025-11-08T03:24:03.973237,36.177,can0  204  [16]  37 25 50 46 50 46 50 46 80 25 20 4E 30 75 00 00
2025-11-08T03:24:04.052383,36.256,can0  204  [16]  37 25 50 46 50 46 50 46 80 25 20 4E 30 75 00 00
2025-11-08T03:24:04.121818,36.326,can0  204  [16]  37 25 50 46 50 46 50 46 80 25 20 4E 30 75 00 00
2025-11-08T03:24:04.122018,36.326,can0  206  [16]  BF 0C E0 07 93 0C DA DC F8 07 C7 0C 87 0C 00 00
2025-11-08T03:24:04.166083,36.370,can0  204  [16]  37 25 50 46 50 46 50 46 80 25 20 4E 30 75 00 00
2025-11-08T03:24:04.185821,36.390,can0  041  [04]  2F 00 00 00
2025-11-08T03:24:04.224238,36.428,can0  204  [16]  37 25 50 46 50 46 50 46 80 25 20 4E 30 75 00 00
2025-11-08T03:24:04.278903,36.483,can0  204  [16]  37 25 50 46 50 46 50 46 80 25 20 4E 30 75 00 00
2025-11-08T03:24:04.282042,36.486,can0  206  [16]  9F 0C DE 07 9B 0C 99 C6 F6 07 BB 0C AB 0C 00 00
2025-11-08T03:24:04.339112,36.543,can0  204  [16]  37 25 50 46 50 46 50 46 80 25 20 4E 30 75 00 00
2025-11-08T03:24:04.394898,36.599,can0  204  [16]  37 25 50 46 50 46 50 46 80 25 20 4E 30 75 00 00
2025-11-08T03:24:04.441768,36.646,can0  206  [16]  9B 0C E9 07 9B 0C B1 E0 F6 07 CB 0C AB 0C 00 00
2025-11-08T03:24:04.455818,36.660,can0  041  [04]  02 00 02 00
2025-11-08T03:24:04.462167,36.666,can0  204  [16]  37 25 50 46 50 46 50 46 80 25 20 4E 30 75 00 00
2025-11-08T03:24:04.546880,36.751,can0  204  [16]  37 25 50 46 50 46 50 46 80 25 20 4E 30 75 00 00
2025-11-08T03:24:04.575446,36.779,can0  204  [16]  37 25 50 46 50 46 50 46 80 25 20 4E 30 75 00 00
2025-11-08T03:24:04.641264,36.845,can0  206  [16]  9F 0C DE 07 9B 0C B1 E0 FA 07 97 0C A7 0C 00 00
2025-11-08T03:24:04.643226,36.847,can0  204  [16]  37 25 50 46 50 46 50 46 80 25 20 4E 30 75 00 00
2025-11-08T03:24:04.683216,36.887,can0  204  [16]  37 25 50 46 50 46 50 46 80 25 20 4E 30 75 00 00
2025-11-08T03:24:04.743375,36.947,can0  041  [04]  52 01 02 00
2025-11-08T03:24:04.746198,36.950,can0  204  [16]  37 25 50 46 50 46 50 46 80 25 20 4E 30 75 00 00
2025-11-08T03:24:04.781727,36.986,can0  206  [16]  A7 0C DC 07 A3 0C DA DC F6 07 C3 0C 97 0C 00 00
2025-11-08T03:24:04.797003,37.001,can0  204  [16]  37 25 50 46 50 46 50 46 80 25 20 4E 30 75 00 00
2025-11-08T03:24:04.854750,37.059,can0  204  [16]  37 25 50 46 50 46 50 46 80 25 20 4E 30 75 00 00
2025-11-08T03:24:04.914739,37.119,can0  204  [16]  37 25 50 46 50 46 50 46 80 25 20 4E 30 75 00 00
2025-11-08T03:24:04.954222,37.158,can0  206  [16]  A7 0C D8 07 97 0C DA DC F2 07 C3 0C A3 0C 00 00
2025-11-08T03:24:04.971546,37.175,can0  204  [16]  37 25 50 46 50 46 50 46 80 25 20 4E 30 75 00 00
2025-11-08T03:24:04.985340,37.189,can0  041  [04]  52 01 02 00
2025-11-08T03:24:05.059284,37.263,can0  204  [16]  37 25 50 46 50 46 50 46 80 25 20 4E 30 75 00 00
2025-11-08T03:24:05.102828,37.307,can0  204  [16]  37 25 50 46 50 46 50 46 80 25 20 4E 30 75 00 00
2025-11-08T03:24:05.119702,37.324,can0  206  [16]  A7 0C DE 07 9B 0C DA DC F6 07 BF 0C A3 0C 00 00
2025-11-08T03:24:05.162031,37.366,can0  204  [16]  37 25 50 46 50 46 50 46 80 25 20 4E 30 75 00 00
2025-11-08T03:24:05.218227,37.422,can0  204  [16]  37 25 50 46 50 46 50 46 80 25 20 4E 30 75 00 00
2025-11-08T03:24:05.251290,37.455,can0  041  [04]  02 00 00 00
2025-11-08T03:24:05.285679,37.490,can0  204  [16]  37 25 50 46 50 46 50 46 80 25 20 4E 30 75 00 00
2025-11-08T03:24:05.289330,37.493,can0  206  [16]  A3 0C DE 07 93 0C DA DC F4 07 C3 0C AB 0C 00 00
2025-11-08T03:24:05.352396,37.556,can0  204  [16]  37 25 50 46 50 46 50 46 80 25 20 4E 30 75 00 00
2025-11-08T03:24:05.391561,37.595,can0  204  [16]  37 25 50 46 50 46 50 46 80 25 20 4E 30 75 00 00
2025-11-08T03:24:05.453323,37.657,can0  206  [16]  A7 0C DC 07 A7 0C DA DC EF 07 B3 0C 9F 0C 00 00
2025-11-08T03:24:05.505891,37.710,can0  204  [16]  37 25 50 46 50 46 50 46 80 25 20 4E 30 75 00 00
2025-11-08T03:24:05.505991,37.710,can0  204  [16]  37 25 50 46 50 46 50 46 80 25 20 4E 30 75 00 00
2025-11-08T03:24:05.521463,37.725,can0  041  [04]  2F 00 00 00
2025-11-08T03:24:05.565817,37.770,can0  204  [16]  37 25 50 46 50 46 50 46 80 25 20 4E 30 75 00 00
2025-11-08T03:24:05.610811,37.815,can0  206  [16]  9B 0C DE 07 9F 0C 99 C6 F8 07 C3 0C AB 0C 00 00
2025-11-08T03:24:05.622837,37.827,can0  204  [16]  37 25 50 46 50 46 50 46 80 25 20 4E 30 75 00 00
2025-11-08T03:24:05.685029,37.889,can0  204  [16]  37 25 50 46 50 46 50 46 80 25 20 4E 30 75 00 00
2025-11-08T03:24:05.772936,37.977,can0  204  [16]  37 25 50 46 50 46 50 46 80 25 20 4E 30 75 00 00
2025-11-08T03:24:05.777497,37.981,can0  206  [16]  AF 0C E0 07 8F 0C 99 C6 F2 07 C7 0C 9B 0C 00 00
2025-11-08T03:24:05.788604,37.992,can0  041  [04]  02 00 00 00
2025-11-08T03:24:05.795659,37.999,can0  204  [16]  37 25 50 46 50 46 50 46 80 25 20 4E 30 75 00 00
2025-11-08T03:24:05.860141,38.064,can0  204  [16]  37 25 50 46 50 46 50 46 80 25 20 4E 30 75 00 00
2025-11-08T03:24:05.908693,38.113,can0  204  [16]  37 25 50 46 50 46 50 46 80 25 20 4E 30 75 00 00
2025-11-08T03:24:05.965465,38.169,can0  206  [16]  B3 0C E0 07 9F 0C D0 E5 EF 07 BB 0C 93 0C 00 00
2025-11-08T03:24:05.966942,38.171,can0  204  [16]  37 25 50 46 50 46 50 46 80 25 20 4E 30 75 00 00
2025-11-08T03:24:06.067735,38.272,can0  204  [16]  37 25 50 46 50 46 50 46 80 25 20 4E 30 75 00 00
2025-11-08T03:24:06.067820,38.272,can0  041  [04]  02 00 00 00
2025-11-08T03:24:06.101720,38.306,can0  204  [16]  37 25 50 46 50 46 50 46 80 25 20 4E 30 75 00 00
2025-11-08T03:24:06.120707,38.325,can0  206  [16]  A3 0C DE 07 9B 0C B1 E0 F8 07 B7 0C A7 0C 00 00
2025-11-08T03:24:06.176724,38.381,can0  204  [16]  37 25 50 46 50 46 50 46 80 25 20 4E 30 75 00 00
2025-11-08T03:24:06.214469,38.418,can0  204  [16]  37 25 50 46 50 46 50 46 80 25 20 4E 30 75 00 00
2025-11-08T03:24:06.288144,38.492,can0  204  [16]  37 25 50 46 50 46 50 46 80 25 20 4E 30 75 00 00
2025-11-08T03:24:06.288212,38.492,can0  206  [16]  9F 0C DE 07 97 0C B1 E0 F8 07 C7 0C A3 0C 00 00
2025-11-08T03:24:06.317786,38.522,can0  041  [04]  02 00 02 00
2025-11-08T03:24:06.330593,38.534,can0  204  [16]  37 25 50 46 50 46 50 46 80 25 20 4E 30 75 00 00
2025-11-08T03:24:06.390924,38.595,can0  204  [16]  37 25 50 46 50 46 50 46 80 25 20 4E 30 75 00 00
2025-11-08T03:24:06.447614,38.651,can0  204  [16]  37 25 50 46 50 46 50 46 80 25 20 4E 30 75 00 00
2025-11-08T03:24:06.450847,38.655,can0  206  [16]  A7 0C DC 07 9B 0C 3A DF F6 07 BF 0C 9F 0C 00 00
2025-11-08T03:24:06.504232,38.708,can0  204  [16]  37 25 50 46 50 46 50 46 80 25 20 4E 30 75 00 00
2025-11-08T03:24:06.593297,38.797,can0  204  [16]  37 25 50 46 50 46 50 46 80 25 20 4E 30 75 00 00
2025-11-08T03:24:06.593351,38.797,can0  041  [04]  3F 01 00 00
2025-11-08T03:24:06.613449,38.817,can0  206  [16]  97 0C E0 07 A3 0C 99 C6 D6 07 BF 0C A7 0C 00 00
2025-11-08T03:24:06.620581,38.824,can0  204  [16]  37 25 50 46 50 46 50 46 80 25 20 4E 30 75 00 00
2025-11-08T03:24:06.682390,38.886,can0  204  [16]  37 25 50 46 50 46 50 46 80 25 20 4E 30 75 00 00
2025-11-08T03:24:06.732874,38.937,can0  204  [16]  37 25 50 46 50 46 50 46 80 25 20 4E 30 75 00 00
2025-11-08T03:24:06.789245,38.993,can0  206  [16]  A3 0C E0 07 97 0C B1 E0 F6 07 BF 0C A7 0C 00 00
2025-11-08T03:24:06.789425,38.993,can0  204  [16]  37 25 50 46 50 46 50 46 80 25 20 4E 30 75 00 00
2025-11-08T03:24:06.848532,39.052,can0  204  [16]  37 25 50 46 50 46 50 46 80 25 20 4E 30 75 00 00
2025-11-08T03:24:06.848617,39.052,can0  041  [04]  2F 00 02 00
2025-11-08T03:24:06.905304,39.109,can0  204  [16]  37 25 50 46 50 46 50 46 80 25 20 4E 30 75 00 00
2025-11-08T03:24:06.944231,39.148,can0  206  [16]  CF 0C DC 07 7B 0C B1 E0 F4 07 BF 0C 9B 0C 00 00
2025-11-08T03:24:06.963258,39.167,can0  204  [16]  37 25 50 46 50 46 50 46 80 25 20 4E 30 75 00 00
2025-11-08T03:24:07.038649,39.242,can0  204  [16]  37 25 50 46 50 46 50 46 80 25 20 4E 30 75 00 00
2025-11-08T03:24:07.098487,39.302,can0  204  [16]  37 25 50 46 50 46 50 46 80 25 20 4E 30 75 00 00
2025-11-08T03:24:07.110640,39.314,can0  206  [16]  8F 0C DC 07 B3 0C C5 E1 F4 07 BB 0C AB 0C 00 00
2025-11-08T03:24:07.122181,39.326,can0  041  [04]  E4 00 00 00
2025-11-08T03:24:07.155296,39.359,can0  204  [16]  37 25 50 46 50 46 50 46 80 25 20 4E 30 75 00 00
2025-11-08T03:24:07.213302,39.417,can0  204  [16]  37 25 50 46 50 46 50 46 80 25 20 4E 30 75 00 00
2025-11-08T03:24:07.310689,39.515,can0  204  [16]  37 25 50 46 50 46 50 46 80 25 20 4E 30 75 00 00
2025-11-08T03:24:07.310728,39.515,can0  206  [16]  9F 0C DC 07 9B 0C 99 C6 01 08 CB 0C A7 0C 00 00
2025-11-08T03:24:07.327052,39.531,can0  204  [16]  37 25 50 46 50 46 50 46 80 25 20 4E 30 75 00 00
2025-11-08T03:24:07.405444,39.609,can0  041  [04]  2F 00 00 00
2025-11-08T03:24:07.406107,39.610,can0  204  [16]  37 25 50 46 50 46 50 46 80 25 20 4E 30 75 00 00
2025-11-08T03:24:07.443183,39.647,can0  204  [16]  37 25 50 46 50 46 50 46 80 25 20 4E 30 75 00 00
2025-11-08T03:24:07.445803,39.650,can0  206  [16]  A3 0C DC 07 9B 0C B1 E0 F4 07 BF 0C A3 0C 00 00
2025-11-08T03:24:07.499216,39.703,can0  204  [16]  37 25 50 46 50 46 50 46 80 25 20 4E 30 75 00 00
2025-11-08T03:24:07.556237,39.760,can0  204  [16]  37 25 50 46 50 46 50 46 80 25 20 4E 30 75 00 00
2025-11-08T03:24:07.605589,39.809,can0  206  [16]  9F 0C DC 07 97 0C 99 C6 F2 07 C7 0C A3 0C 00 00
2025-11-08T03:24:07.615778,39.820,can0  204  [16]  37 25 50 46 50 46 50 46 80 25 20 4E 30 75 00 00
2025-11-08T03:24:07.648655,39.852,can0  041  [04]  2F 00 00 00
2025-11-08T03:24:07.672111,39.876,can0  204  [16]  37 25 50 46 50 46 50 46 80 25 20 4E 30 75 00 00
2025-11-08T03:24:07.733976,39.938,can0  204  [16]  37 25 50 46 50 46 50 46 80 25 20 4E 30 75 00 00
2025-11-08T03:24:07.773496,39.977,can0  206  [16]  A3 0C ED 07 9B 0C 99 C6 F6 07 C3 0C 9F 0C 00 00
2025-11-08T03:24:07.819418,40.023,can0  204  [16]  37 25 50 46 50 46 50 46 80 25 20 4E 30 75 00 00
2025-11-08T03:24:07.849822,40.054,can0  204  [16]  37 25 50 46 50 46 50 46 80 25 20 4E 30 75 00 00
2025-11-08T03:24:07.923709,40.128,can0  204  [16]  37 25 50 46 50 46 50 46 80 25 20 4E 30 75 00 00
2025-11-08T03:24:07.924307,40.128,can0  041  [04]  3F 01 00 00
2025-11-08T03:24:07.947055,40.151,can0  206  [16]  9F 0C FA 07 97 0C DA DC EF 07 C3 0C AB 0C 00 00
2025-11-08T03:24:07.963937,40.168,can0  204  [16]  37 25 50 46 50 46 50 46 80 25 20 4E 30 75 00 00
2025-11-08T03:24:08.029750,40.234,can0  204  [16]  37 25 50 46 50 46 50 46 80 25 20 4E 30 75 00 00
2025-11-08T03:24:08.123384,40.327,can0  204  [16]  37 25 50 46 50 46 50 46 80 25 20 4E 30 75 00 00
2025-11-08T03:24:08.126171,40.330,can0  206  [16]  A7 0C DE 07 97 0C 99 C6 F4 07 C7 0C 9F 0C 00 00
2025-11-08T03:24:08.150999,40.355,can0  204  [16]  37 25 50 46 50 46 50 46 80 25 20 4E 30 75 00 00
2025-11-08T03:24:08.180289,40.384,can0  041  [04]  3F 01 00 00
2025-11-08T03:24:08.219178,40.423,can0  204  [16]  37 25 50 46 50 46 50 46 80 25 20 4E 30 75 00 00
2025-11-08T03:24:08.264683,40.469,can0  204  [16]  37 25 50 46 50 46 50 46 80 25 20 4E 30 75 00 00
2025-11-08T03:24:08.275197,40.479,can0  206  [16]  9F 0C E0 07 97 0C B1 E0 F4 07 C3 0C A7 0C 00 00
2025-11-08T03:24:08.324782,40.529,can0  204  [16]  37 25 50 46 50 46 50 46 80 25 20 4E 30 75 00 00
2025-11-08T03:24:08.379633,40.583,can0  204  [16]  37 25 50 46 50 46 50 46 80 25 20 4E 30 75 00 00
2025-11-08T03:24:08.435963,40.640,can0  206  [16]  A7 0C E0 07 8F 0C F4 E3 F6 07 BF 0C AB 0C 00 00
2025-11-08T03:24:08.441741,40.646,can0  204  [16]  37 25 50 46 50 46 50 46 80 25 20 4E 30 75 00 00
2025-11-08T03:24:08.450284,40.654,can0  041  [04]  02 00 00 00
2025-11-08T03:24:08.496950,40.701,can0  204  [16]  37 25 50 46 50 46 50 46 80 25 20 4E 30 75 00 00
2025-11-08T03:24:08.552597,40.756,can0  204  [16]  37 25 50 46 50 46 50 46 80 25 20 4E 30 75 00 00
2025-11-08T03:24:08.598331,40.802,can0  206  [16]  AB 0C E0 07 97 0C DA DC EF 07 D3 0C 9B 0C 00 00
2025-11-08T03:24:08.629456,40.833,can0  204  [16]  37 25 50 46 50 46 50 46 80 25 20 4E 30 75 00 00
2025-11-08T03:24:08.669115,40.873,can0  204  [16]  37 25 50 46 50 46 50 46 80 25 20 4E 30 75 00 00
2025-11-08T03:24:08.728218,40.932,can0  041  [04]  2F 00 02 00
2025-11-08T03:24:08.728253,40.932,can0  204  [16]  37 25 50 46 50 46 50 46 80 25 20 4E 30 75 00 00
2025-11-08T03:24:08.768710,40.973,can0  206  [16]  A3 0C DE 07 97 0C 3A DF EF 07 CB 0C A3 0C 00 00
2025-11-08T03:24:08.781705,40.986,can0  204  [16]  37 25 50 46 50 46 50 46 80 25 20 4E 30 75 00 00
2025-11-08T03:24:08.848846,41.053,can0  204  [16]  37 25 50 46 50 46 50 46 80 25 20 4E 30 75 00 00
2025-11-08T03:24:08.896872,41.101,can0  204  [16]  37 25 50 46 50 46 50 46 80 25 20 4E 30 75 00 00
2025-11-08T03:24:08.939279,41.143,can0  206  [16]  97 0C DE 07 9B 0C C5 E1 F6 07 C3 0C AF 0C 00 00
2025-11-08T03:24:08.954491,41.158,can0  204  [16]  37 25 50 46 50 46 50 46 80 25 20 4E 30 75 00 00
2025-11-08T03:24:08.979767,41.184,can0  041  [04]  2F 00 02 00
2025-11-08T03:24:09.047656,41.251,can0  204  [16]  37 25 50 46 50 46 50 46 80 25 20 4E 30 75 00 00
2025-11-08T03:24:09.088817,41.293,can0  204  [16]  37 25 50 46 50 46 50 46 80 25 20 4E 30 75 00 00
2025-11-08T03:24:09.098979,41.303,can0  206  [16]  9F 0C DC 07 8F 0C 99 C6 E7 07 C7 0C A7 0C 00 00
2025-11-08T03:24:09.156225,41.360,can0  204  [16]  37 25 50 46 50 46 50 46 80 25 20 4E 30 75 00 00
2025-11-08T03:24:09.201713,41.406,can0  204  [16]  37 25 50 46 50 46 50 46 80 25 20 4E 30 75 00 00
2025-11-08T03:24:09.245041,41.449,can0  041  [04]  3F 01 00 00
2025-11-08T03:24:09.259043,41.463,can0  204  [16]  37 25 50 46 50 46 50 46 80 25 20 4E 30 75 00 00
2025-11-08T03:24:09.269735,41.474,can0  206  [16]  9B 0C DE 07 9F 0C 99 C6 F6 07 BB 0C A7 0C 00 00
2025-11-08T03:24:09.321591,41.525,can0  204  [16]  37 25 50 46 50 46 50 46 80 25 20 4E 30 75 00 00
2025-11-08T03:24:09.378779,41.583,can0  204  [16]  37 25 50 46 50 46 50 46 80 25 20 4E 30 75 00 00
2025-11-08T03:24:09.424652,41.628,can0  206  [16]  A7 0C DC 07 97 0C 3A DF FA 07 BF 0C A3 0C 00 00
2025-11-08T03:24:09.451833,41.656,can0  204  [16]  37 25 50 46 50 46 50 46 80 25 20 4E 30 75 00 00
2025-11-08T03:24:09.491349,41.695,can0  204  [16]  37 25 50 46 50 46 50 46 80 25 20 4E 30 75 00 00
2025-11-08T03:24:09.514618,41.718,can0  041  [04]  8B 00 00 00
2025-11-08T03:24:09.550122,41.754,can0  204  [16]  37 25 50 46 50 46 50 46 80 25 20 4E 30 75 00 00
2025-11-08T03:24:09.593960,41.798,can0  206  [16]  A7 0C DC 07 A3 0C 3A DF EF 07 BF 0C 9B 0C 00 00
2025-11-08T03:24:09.604618,41.808,can0  204  [16]  37 25 50 46 50 46 50 46 80 25 20 4E 30 75 00 00
2025-11-08T03:24:09.668663,41.872,can0  204  [16]  37 25 50 46 50 46 50 46 80 25 20 4E 30 75 00 00
2025-11-08T03:24:09.719953,41.924,can0  204  [16]  37 25 50 46 50 46 50 46 80 25 20 4E 30 75 00 00
2025-11-08T03:24:09.761421,41.965,can0  206  [16]  9F 0C DC 07 9B 0C 48 EA F8 07 B3 0C AB 0C 00 00
2025-11-08T03:24:09.785166,41.989,can0  204  [16]  37 25 50 46 50 46 50 46 80 25 20 4E 30 75 00 00
2025-11-08T03:24:09.787947,41.992,can0  041  [04]  3F 01 00 00
2025-11-08T03:24:09.857278,42.061,can0  204  [16]  37 25 50 46 50 46 50 46 80 25 20 4E 30 75 00 00
2025-11-08T03:24:09.901366,42.105,can0  204  [16]  37 25 50 46 50 46 50 46 80 25 20 4E 30 75 00 00
2025-11-08T03:24:09.926304,42.130,can0  206  [16]  A7 0C DE 07 8F 0C 99 C6 F4 07 CB 0C A3 0C 00 00
2025-11-08T03:24:09.966450,42.170,can0  204  [16]  37 25 50 46 50 46 50 46 80 25 20 4E 30 75 00 00
2025-11-08T03:24:10.020433,42.224,can0  204  [16]  37 25 50 46 50 46 50 46 80 25 20 4E 30 75 00 00
2025-11-08T03:24:10.070831,42.275,can0  041  [04]  10 01 00 00
2025-11-08T03:24:10.088704,42.293,can0  204  [16]  37 25 50 46 50 46 50 46 80 25 20 4E 30 75 00 00
2025-11-08T03:24:10.099305,42.303,can0  206  [16]  A3 0C E0 07 9B 0C DA DC F2 07 C3 0C A3 0C 00 00
2025-11-08T03:24:10.164495,42.368,can0  204  [16]  37 25 50 46 50 46 50 46 80 25 20 4E 30 75 00 00
2025-11-08T03:24:10.199795,42.404,can0  204  [16]  37 25 50 46 50 46 50 46 80 25 20 4E 30 75 00 00
2025-11-08T03:24:10.267826,42.472,can0  204  [16]  37 25 50 46 50 46 50 46 80 25 20 4E 30 75 00 00
2025-11-08T03:24:10.271563,42.475,can0  206  [16]  A3 0C EB 07 9B 0C C5 E1 F6 07 C3 0C A3 0C 00 00
2025-11-08T03:24:10.310760,42.515,can0  041  [04]  52 01 02 00
2025-11-08T03:24:10.312106,42.516,can0  204  [16]  37 25 50 46 50 46 50 46 80 25 20 4E 30 75 00 00
2025-11-08T03:24:10.369692,42.574,can0  204  [16]  37 25 50 46 50 46 50 46 80 25 20 4E 30 75 00 00
2025-11-08T03:24:10.421825,42.626,can0  206  [16]  9B 0C E0 07 9B 0C 3A DF F4 07 BF 0C AB 0C 00 00
2025-11-08T03:24:10.427822,42.632,can0  204  [16]  37 25 50 46 50 46 50 46 80 25 20 4E 30 75 00 00
2025-11-08T03:24:10.484793,42.689,can0  204  [16]  37 25 50 46 50 46 50 46 80 25 20 4E 30 75 00 00
2025-11-08T03:24:10.547739,42.752,can0  204  [16]  37 25 50 46 50 46 50 46 80 25 20 4E 30 75 00 00
2025-11-08T03:24:10.580567,42.784,can0  041  [04]  02 00 02 00
2025-11-08T03:24:10.587868,42.792,can0  206  [16]  9F 0C DE 07 9B 0C DA DC EF 07 BB 0C AB 0C 00 00
2025-11-08T03:24:10.600899,42.805,can0  204  [16]  37 25 50 46 50 46 50 46 80 25 20 4E 30 75 00 00
2025-11-08T03:24:10.689009,42.893,can0  204  [16]  37 25 50 46 50 46 50 46 80 25 20 4E 30 75 00 00
2025-11-08T03:24:10.717350,42.921,can0  204  [16]  37 25 50 46 50 46 50 46 80 25 20 4E 30 75 00 00
2025-11-08T03:24:10.753304,42.957,can0  206  [16]  93 0C E0 07 A7 0C 3A DF F2 07 BB 0C AB 0C 00 00
2025-11-08T03:24:10.794835,42.999,can0  204  [16]  37 25 50 46 50 46 50 46 80 25 20 4E 30 75 00 00
2025-11-08T03:24:10.830542,43.034,can0  204  [16]  37 25 50 46 50 46 50 46 80 25 20 4E 30 75 00 00
2025-11-08T03:24:10.842747,43.047,can0  041  [04]  2F 00 02 00
2025-11-08T03:24:10.887849,43.092,can0  204  [16]  37 25 50 46 50 46 50 46 80 25 20 4E 30 75 00 00
2025-11-08T03:24:10.921998,43.126,can0  206  [16]  A3 0C E0 07 8F 0C 99 C6 F2 07 D3 0C A3 0C 00 00
2025-11-08T03:24:10.945648,43.149,can0  204  [16]  37 25 50 46 50 46 50 46 80 25 20 4E 30 75 00 00
2025-11-08T03:24:11.017320,43.221,can0  204  [16]  37 25 50 46 50 46 50 46 80 25 20 4E 30 75 00 00
2025-11-08T03:24:11.086349,43.290,can0  204  [16]  37 25 50 46 50 46 50 46 80 25 20 4E 30 75 00 00
2025-11-08T03:24:11.086499,43.290,can0  206  [16]  A3 0C E3 07 8F 0C 99 C6 F6 07 C7 0C AB 0C 00 00
2025-11-08T03:24:11.114154,43.318,can0  041  [04]  5E 00 00 00
2025-11-08T03:24:11.135064,43.339,can0  204  [16]  37 25 50 46 50 46 50 46 80 25 20 4E 30 75 00 00
2025-11-08T03:24:11.201576,43.405,can0  204  [16]  37 25 50 46 50 46 50 46 80 25 20 4E 30 75 00 00
2025-11-08T03:24:11.250179,43.454,can0  204  [16]  37 25 50 46 50 46 50 46 80 25 20 4E 30 75 00 00
2025-11-08T03:24:11.251713,43.456,can0  206  [16]  9B 0C E3 07 A3 0C DA DC F6 07 C3 0C A3 0C 00 00
2025-11-08T03:24:11.307800,43.512,can0  204  [16]  37 25 50 46 50 46 50 46 80 25 20 4E 30 75 00 00
2025-11-08T03:24:11.370295,43.574,can0  204  [16]  37 25 50 46 50 46 50 46 80 25 20 4E 30 75 00 00
2025-11-08T03:24:11.374991,43.579,can0  041  [04]  8B 00 02 00
2025-11-08T03:24:11.411790,43.616,can0  206  [16]  A3 0C E0 07 A3 0C B1 E0 F4 07 C3 0C 9F 0C 00 00
2025-11-08T03:24:11.423780,43.628,can0  204  [16]  37 25 50 46 50 46 50 46 80 25 20 4E 30 75 00 00
2025-11-08T03:24:11.496200,43.700,can0  204  [16]  37 25 50 46 50 46 50 46 80 25 20 4E 30 75 00 00
2025-11-08T03:24:11.539968,43.744,can0  204  [16]  37 25 50 46 50 46 50 46 80 25 20 4E 30 75 00 00
2025-11-08T03:24:11.575174,43.779,can0  206  [16]  A3 0C E0 07 97 0C DA DC F4 07 BF 0C A7 0C 00 00
2025-11-08T03:24:11.598581,43.802,can0  204  [16]  37 25 50 46 50 46 50 46 80 25 20 4E 30 75 00 00
2025-11-08T03:24:11.642454,43.846,can0  041  [04]  7A 00 00 00
2025-11-08T03:24:11.655592,43.859,can0  204  [16]  37 25 50 46 50 46 50 46 80 25 20 4E 30 75 00 00
2025-11-08T03:24:11.727600,43.931,can0  204  [16]  37 25 50 46 50 46 50 46 80 25 20 4E 30 75 00 00
2025-11-08T03:24:11.744957,43.949,can0  206  [16]  A7 0C DC 07 97 0C 3A DF F2 07 BF 0C A3 0C 00 00
2025-11-08T03:24:11.768510,43.972,can0  204  [16]  37 25 50 46 50 46 50 46 80 25 20 4E 30 75 00 00
2025-11-08T03:24:11.830851,44.035,can0  204  [16]  37 25 50 46 50 46 50 46 80 25 20 4E 30 75 00 00
2025-11-08T03:24:11.921156,44.125,can0  204  [16]  37 25 50 46 50 46 50 46 80 25 20 4E 30 75 00 00
2025-11-08T03:24:11.922249,44.126,can0  206  [16]  A3 0C DE 07 9F 0C 3A DF F4 07 B7 0C A3 0C 00 00
2025-11-08T03:24:11.922295,44.126,can0  041  [04]  8B 00 00 00
2025-11-08T03:24:11.942803,44.147,can0  204  [16]  37 25 50 46 50 46 50 46 80 25 20 4E 30 75 00 00
2025-11-08T03:24:12.014684,44.219,can0  204  [16]  37 25 50 46 50 46 50 46 80 25 20 4E 30 75 00 00
2025-11-08T03:24:12.063752,44.268,can0  206  [16]  9F 0C DE 07 9F 0C DA DC F2 07 C3 0C A3 0C 00 00
2025-11-08T03:24:12.072339,44.276,can0  204  [16]  37 25 50 46 50 46 50 46 80 25 20 4E 30 75 00 00
2025-11-08T03:24:12.140607,44.344,can0  204  [16]  37 25 50 46 50 46 50 46 80 25 20 4E 30 75 00 00
2025-11-08T03:24:12.174834,44.379,can0  041  [04]  10 01 02 00
2025-11-08T03:24:12.189732,44.394,can0  204  [16]  37 25 50 46 50 46 50 46 80 25 20 4E 30 75 00 00
2025-11-08T03:24:12.239589,44.443,can0  206  [16]  9B 0C DE 07 9F 0C C5 E1 F6 07 B7 0C A7 0C 00 00
2025-11-08T03:24:12.246322,44.450,can0  204  [16]  37 25 50 46 50 46 50 46 80 25 20 4E 30 75 00 00
2025-11-08T03:24:12.327159,44.531,can0  204  [16]  37 25 50 46 50 46 50 46 80 25 20 4E 30 75 00 00
2025-11-08T03:24:12.360762,44.565,can0  204  [16]  37 25 50 46 50 46 50 46 80 25 20 4E 30 75 00 00
2025-11-08T03:24:12.431092,44.635,can0  206  [16]  A3 0C DE 07 9B 0C DA DC F2 07 BF 0C A3 0C 00 00
2025-11-08T03:24:12.431240,44.635,can0  204  [16]  37 25 50 46 50 46 50 46 80 25 20 4E 30 75 00 00
2025-11-08T03:24:12.444382,44.648,can0  041  [04]  10 01 05 00
2025-11-08T03:24:12.475633,44.679,can0  204  [16]  37 25 50 46 50 46 50 46 80 25 20 4E 30 75 00 00
2025-11-08T03:24:12.533209,44.737,can0  204  [16]  37 25 50 46 50 46 50 46 80 25 20 4E 30 75 00 00
2025-11-08T03:24:12.574229,44.778,can0  206  [16]  9B 0C D3 07 9F 0C DA DC F2 07 BF 0C A7 0C 00 00
2025-11-08T03:24:12.590526,44.794,can0  204  [16]  37 25 50 46 50 46 50 46 80 25 20 4E 30 75 00 00
2025-11-08T03:24:12.649074,44.853,can0  204  [16]  37 25 50 46 50 46 50 46 80 25 20 4E 30 75 00 00
2025-11-08T03:24:12.740484,44.944,can0  204  [16]  37 25 50 46 50 46 50 46 80 25 20 4E 30 75 00 00
2025-11-08T03:24:12.740735,44.945,can0  041  [04]  10 01 05 00
2025-11-08T03:24:12.740829,44.945,can0  206  [16]  A7 0C DE 07 8B 0C 99 C6 F2 07 C7 0C A7 0C 00 00
2025-11-08T03:24:12.765756,44.970,can0  204  [16]  37 25 50 46 50 46 50 46 80 25 20 4E 30 75 00 00
2025-11-08T03:24:12.842980,45.047,can0  204  [16]  37 25 50 46 50 46 50 46 80 25 20 4E 30 75 00 00
2025-11-08T03:24:12.879164,45.083,can0  204  [16]  37 25 50 46 50 46 50 46 80 25 20 4E 30 75 00 00
2025-11-08T03:24:12.897583,45.101,can0  206  [16]  A3 0C E0 07 93 0C DA DC EF 07 BF 0C A3 0C 00 00
2025-11-08T03:24:12.941887,45.146,can0  204  [16]  37 25 50 46 50 46 50 46 80 25 20 4E 30 75 00 00
2025-11-08T03:24:12.975343,45.179,can0  041  [04]  10 01 02 00
2025-11-08T03:24:12.998759,45.203,can0  204  [16]  37 25 50 46 50 46 50 46 80 25 20 4E 30 75 00 00
2025-11-08T03:24:13.065943,45.270,can0  206  [16]  AB 0C DE 07 9B 0C 99 C6 F2 07 B7 0C 9B 0C 00 00
2025-11-08T03:24:13.076548,45.280,can0  204  [16]  37 25 50 46 50 46 50 46 80 25 20 4E 30 75 00 00
2025-11-08T03:24:13.145660,45.349,can0  204  [16]  37 25 50 46 50 46 50 46 80 25 20 4E 30 75 00 00
2025-11-08T03:24:13.185577,45.389,can0  204  [16]  37 25 50 46 50 46 50 46 80 25 20 4E 30 75 00 00
2025-11-08T03:24:13.249661,45.453,can0  206  [16]  9B 0C E3 07 9F 0C B1 E0 F4 07 BF 0C AB 0C 00 00
2025-11-08T03:24:13.249712,45.454,can0  041  [04]  24 01 02 00
2025-11-08T03:24:13.249802,45.454,can0  204  [16]  37 25 50 46 50 46 50 46 80 25 20 4E 30 75 00 00
2025-11-08T03:24:13.299721,45.504,can0  204  [16]  37 25 50 46 50 46 50 46 80 25 20 4E 30 75 00 00
2025-11-08T03:24:13.356016,45.560,can0  204  [16]  37 25 50 46 50 46 50 46 80 25 20 4E 30 75 00 00
2025-11-08T03:24:13.396796,45.601,can0  206  [16]  97 0C DE 07 A3 0C DA DC F6 07 BB 0C AB 0C 00 00
2025-11-08T03:24:13.415657,45.619,can0  204  [16]  37 25 50 46 50 46 50 46 80 25 20 4E 30 75 00 00
2025-11-08T03:24:13.472071,45.676,can0  204  [16]  37 25 50 46 50 46 50 46 80 25 20 4E 30 75 00 00
2025-11-08T03:24:13.505669,45.709,can0  041  [04]  24 01 02 00
2025-11-08T03:24:13.544590,45.748,can0  204  [16]  37 25 50 46 50 46 50 46 80 25 20 4E 30 75 00 00
2025-11-08T03:24:13.570941,45.775,can0  206  [16]  9F 0C DC 07 97 0C 99 C6 F8 07 C3 0C A7 0C 00 00
2025-11-08T03:24:13.588439,45.792,can0  204  [16]  37 25 50 46 50 46 50 46 80 25 20 4E 30 75 00 00
2025-11-08T03:24:13.646546,45.850,can0  204  [16]  37 25 50 46 50 46 50 46 80 25 20 4E 30 75 00 00
2025-11-08T03:24:13.701407,45.905,can0  204  [16]  37 25 50 46 50 46 50 46 80 25 20 4E 30 75 00 00
2025-11-08T03:24:13.755919,45.960,can0  206  [16]  A3 0C DC 07 93 0C B1 E0 EF 07 C7 0C A3 0C 00 00
2025-11-08T03:24:13.759805,45.964,can0  204  [16]  37 25 50 46 50 46 50 46 80 25 20 4E 30 75 00 00
2025-11-08T03:24:13.782867,45.987,can0  041  [04]  10 01 00 00
2025-11-08T03:24:13.816837,46.021,can0  204  [16]  37 25 50 46 50 46 50 46 80 25 20 4E 30 75 00 00
2025-11-08T03:24:13.881809,46.086,can0  204  [16]  37 25 50 46 50 46 50 46 80 25 20 4E 30 75 00 00
2025-11-08T03:24:13.900674,46.104,can0  206  [16]  9B 0C E0 07 9F 0C DA DC F2 07 BF 0C AB 0C 00 00
2025-11-08T03:24:13.954149,46.158,can0  204  [16]  37 25 50 46 50 46 50 46 80 25 20 4E 30 75 00 00
2025-11-08T03:24:13.997823,46.202,can0  204  [16]  37 25 50 46 50 46 50 46 80 25 20 4E 30 75 00 00
2025-11-08T03:24:14.039466,46.243,can0  041  [04]  5D 00 02 00
2025-11-08T03:24:14.064591,46.268,can0  204  [16]  37 25 50 46 50 46 50 46 80 25 20 4E 30 75 00 00
2025-11-08T03:24:14.066827,46.271,can0  206  [16]  A3 0C DE 07 93 0C A0 E2 F2 07 BF 0C AB 0C 00 00
2025-11-08T03:24:14.122383,46.326,can0  204  [16]  37 25 50 46 50 46 50 46 80 25 20 4E 30 75 00 00
2025-11-08T03:24:14.186649,46.390,can0  204  [16]  37 25 50 46 50 46 50 46 80 25 20 4E 30 75 00 00
2025-11-08T03:24:14.225813,46.430,can0  206  [16]  8B 0C DA 07 AB 0C DA DC F2 07 B7 0C AB 0C 00 00
2025-11-08T03:24:14.238134,46.442,can0  204  [16]  37 25 50 46 50 46 50 46 80 25 20 4E 30 75 00 00
2025-11-08T03:24:14.299518,46.503,can0  204  [16]  37 25 50 46 50 46 50 46 80 25 20 4E 30 75 00 00
2025-11-08T03:24:14.306432,46.510,can0  041  [04]  E4 00 00 00
2025-11-08T03:24:14.375995,46.580,can0  204  [16]  37 25 50 46 50 46 50 46 80 25 20 4E 30 75 00 00
2025-11-08T03:24:14.398107,46.602,can0  206  [16]  9B 0C DC 07 9F 0C DA DC F6 07 BB 0C A7 0C 00 00
2025-11-08T03:24:14.410089,46.614,can0  204  [16]  37 25 50 46 50 46 50 46 80 25 20 4E 30 75 00 00
2025-11-08T03:24:14.472665,46.676,can0  204  [16]  37 25 50 46 50 46 50 46 80 25 20 4E 30 75 00 00
2025-11-08T03:24:14.525126,46.729,can0  204  [16]  37 25 50 46 50 46 50 46 80 25 20 4E 30 75 00 00
2025-11-08T03:24:14.566479,46.770,can0  206  [16]  AF 0C DC 07 A3 0C DA DC F4 07 B7 0C 97 0C 00 00
2025-11-08T03:24:14.580884,46.785,can0  041  [04]  10 01 02 00
2025-11-08T03:24:14.582381,46.786,can0  204  [16]  37 25 50 46 50 46 50 46 80 25 20 4E 30 75 00 00
2025-11-08T03:24:14.641057,46.845,can0  204  [16]  37 25 50 46 50 46 50 46 80 25 20 4E 30 75 00 00
2025-11-08T03:24:14.701283,46.905,can0  204  [16]  37 25 50 46 50 46 50 46 80 25 20 4E 30 75 00 00
2025-11-08T03:24:14.731886,46.936,can0  206  [16]  83 0C DC 07 9F 0C 3A DF F2 07 BF 0C BF 0C 00 00
2025-11-08T03:24:14.785887,46.990,can0  204  [16]  37 25 50 46 50 46 50 46 80 25 20 4E 30 75 00 00
2025-11-08T03:24:14.813939,47.018,can0  204  [16]  37 25 50 46 50 46 50 46 80 25 20 4E 30 75 00 00
2025-11-08T03:24:14.838629,47.042,can0  041  [04]  10 01 00 00
2025-11-08T03:24:14.875673,47.079,can0  204  [16]  37 25 50 46 50 46 50 46 80 25 20 4E 30 75 00 00
2025-11-08T03:24:14.902457,47.106,can0  206  [16]  9B 0C DE 07 9B 0C DA DC EF 07 BB 0C AB 0C 00 00
2025-11-08T03:24:14.928371,47.132,can0  204  [16]  37 25 50 46 50 46 50 46 80 25 20 4E 30 75 00 00
2025-11-08T03:24:14.985490,47.189,can0  204  [16]  37 25 50 46 50 46 50 46 80 25 20 4E 30 75 00 00
2025-11-08T03:24:15.085702,47.290,can0  204  [16]  37 25 50 46 50 46 50 46 80 25 20 4E 30 75 00 00
2025-11-08T03:24:15.085754,47.290,can0  206  [16]  9B 0C DC 07 9B 0C 3A DF F4 07 9B 0C AB 0C 00 00
2025-11-08T03:24:15.107219,47.311,can0  041  [04]  10 01 00 00
2025-11-08T03:24:15.121071,47.325,can0  204  [16]  37 25 50 46 50 46 50 46 80 25 20 4E 30 75 00 00
2025-11-08T03:24:15.183431,47.387,can0  204  [16]  37 25 50 46 50 46 50 46 80 25 20 4E 30 75 00 00
2025-11-08T03:24:15.227616,47.431,can0  206  [16]  9F 0C E3 07 97 0C B1 E0 F2 07 BF 0C AB 0C 00 00
2025-11-08T03:24:15.234519,47.438,can0  204  [16]  37 25 50 46 50 46 50 46 80 25 20 4E 30 75 00 00
2025-11-08T03:24:15.291812,47.496,can0  204  [16]  37 25 50 46 50 46 50 46 80 25 20 4E 30 75 00 00
2025-11-08T03:24:15.349252,47.553,can0  204  [16]  37 25 50 46 50 46 50 46 80 25 20 4E 30 75 00 00
2025-11-08T03:24:15.394372,47.598,can0  041  [04]  3F 01 00 00
2025-11-08T03:24:15.397780,47.602,can0  206  [16]  9F 0C DC 07 9B 0C DA DC F4 07 C7 0C A7 0C 00 00
2025-11-08T03:24:15.406214,47.610,can0  204  [16]  37 25 50 46 50 46 50 46 80 25 20 4E 30 75 00 00
2025-11-08T03:24:15.506042,47.710,can0  204  [16]  37 25 50 46 50 46 50 46 80 25 20 4E 30 75 00 00
2025-11-08T03:24:15.523819,47.728,can0  204  [16]  37 25 50 46 50 46 50 46 80 25 20 4E 30 75 00 00
2025-11-08T03:24:15.562678,47.767,can0  206  [16]  9B 0C DE 07 A7 0C DA DC EF 07 B3 0C A7 0C 00 00
2025-11-08T03:24:15.592531,47.796,can0  204  [16]  37 25 50 46 50 46 50 46 80 25 20 4E 30 75 00 00
2025-11-08T03:24:15.636885,47.841,can0  041  [04]  E4 00 00 00
2025-11-08T03:24:15.636925,47.841,can0  204  [16]  37 25 50 46 50 46 50 46 80 25 20 4E 30 75 00 00
2025-11-08T03:24:15.705040,47.909,can0  204  [16]  37 25 50 46 50 46 50 46 80 25 20 4E 30 75 00 00
2025-11-08T03:24:15.731946,47.936,can0  206  [16]  A3 0C DE 07 9B 0C DA DC EF 07 BF 0C A3 0C 00 00
2025-11-08T03:24:15.751922,47.956,can0  204  [16]  37 25 50 46 50 46 50 46 80 25 20 4E 30 75 00 00
2025-11-08T03:24:15.813165,48.017,can0  204  [16]  37 25 50 46 50 46 50 46 80 25 20 4E 30 75 00 00
2025-11-08T03:24:15.869799,48.074,can0  204  [16]  37 25 50 46 50 46 50 46 80 25 20 4E 30 75 00 00
2025-11-08T03:24:15.900091,48.104,can0  206  [16]  9B 0C DE 07 97 0C DA DC F2 07 CB 0C AB 0C 00 00
2025-11-08T03:24:15.916715,48.121,can0  041  [04]  8B 00 00 00
2025-11-08T03:24:15.926526,48.130,can0  204  [16]  37 25 50 46 50 46 50 46 80 25 20 4E 30 75 00 00
2025-11-08T03:24:15.982173,48.186,can0  204  [16]  37 25 50 46 50 46 50 46 80 25 20 4E 30 75 00 00
2025-11-08T03:24:16.057740,48.262,can0  204  [16]  37 25 50 46 50 46 50 46 80 25 20 4E 30 75 00 00
2025-11-08T03:24:16.064918,48.269,can0  206  [16]  A3 0C E0 07 9B 0C DA DC F6 07 B7 0C A7 0C 00 00
2025-11-08T03:24:16.119041,48.323,can0  204  [16]  37 25 50 46 50 46 50 46 80 25 20 4E 30 75 00 00
2025-11-08T03:24:16.168478,48.372,can0  041  [04]  10 01 00 00
2025-11-08T03:24:16.172590,48.376,can0  204  [16]  37 25 50 46 50 46 50 46 80 25 20 4E 30 75 00 00
2025-11-08T03:24:16.234076,48.438,can0  204  [16]  37 25 50 46 50 46 50 46 80 25 20 4E 30 75 00 00
2025-11-08T03:24:16.243932,48.448,can0  206  [16]  A3 0C EB 07 9B 0C 3A DF EF 07 B3 0C A3 0C 00 00
2025-11-08T03:24:16.293053,48.497,can0  204  [16]  37 25 50 46 50 46 50 46 80 25 20 4E 30 75 00 00
2025-11-08T03:24:16.346695,48.551,can0  204  [16]  37 25 50 46 50 46 50 46 80 25 20 4E 30 75 00 00
2025-11-08T03:24:16.412308,48.616,can0  206  [16]  A7 0C DE 07 9B 0C 99 C6 EF 07 C3 0C A3 0C 00 00
2025-11-08T03:24:16.412465,48.616,can0  204  [16]  37 25 50 46 50 46 50 46 80 25 20 4E 30 75 00 00
2025-11-08T03:24:16.438611,48.642,can0  041  [04]  E4 00 02 00
2025-11-08T03:24:16.463977,48.668,can0  204  [16]  37 25 50 46 50 46 50 46 80 25 20 4E 30 75 00 00
2025-11-08T03:24:16.526503,48.730,can0  204  [16]  37 25 50 46 50 46 50 46 80 25 20 4E 30 75 00 00
2025-11-08T03:24:16.561256,48.765,can0  206  [16]  A7 0C DE 07 8F 0C DA DC F2 07 C7 0C A7 0C 00 00
2025-11-08T03:24:16.575631,48.779,can0  204  [16]  37 25 50 46 50 46 50 46 80 25 20 4E 30 75 00 00
2025-11-08T03:24:16.633118,48.837,can0  204  [16]  37 25 50 46 50 46 50 46 80 25 20 4E 30 75 00 00
2025-11-08T03:24:16.692859,48.897,can0  204  [16]  37 25 50 46 50 46 50 46 80 25 20 4E 30 75 00 00
2025-11-08T03:24:16.700813,48.905,can0  041  [04]  10 01 02 00
2025-11-08T03:24:16.731144,48.935,can0  206  [16]  B3 0C DE 07 87 0C DA DC F2 07 BB 0C A3 0C 00 00
2025-11-08T03:24:16.752772,48.957,can0  204  [16]  37 25 50 46 50 46 50 46 80 25 20 4E 30 75 00 00
2025-11-08T03:24:16.820653,49.024,can0  204  [16]  37 25 50 46 50 46 50 46 80 25 20 4E 30 75 00 00
2025-11-08T03:24:16.865642,49.069,can0  204  [16]  37 25 50 46 50 46 50 46 80 25 20 4E 30 75 00 00
2025-11-08T03:24:16.888478,49.092,can0  206  [16]  A3 0C DA 07 9F 0C 99 C6 EF 07 BB 0C A3 0C 00 00
2025-11-08T03:24:16.921046,49.125,can0  204  [16]  37 25 50 46 50 46 50 46 80 25 20 4E 30 75 00 00
2025-11-08T03:24:16.968033,49.172,can0  041  [04]  3F 01 02 00
2025-11-08T03:24:16.978428,49.182,can0  204  [16]  37 25 50 46 50 46 50 46 80 25 20 4E 30 75 00 00
2025-11-08T03:24:17.056716,49.261,can0  204  [16]  37 25 50 46 50 46 50 46 80 25 20 4E 30 75 00 00
2025-11-08T03:24:17.071702,49.276,can0  206  [16]  9F 0C E0 07 9F 0C 3A DF F2 07 C7 0C A3 0C 00 00
2025-11-08T03:24:17.126087,49.330,can0  204  [16]  37 25 50 46 50 46 50 46 80 25 20 4E 30 75 00 00
2025-11-08T03:24:17.172875,49.377,can0  204  [16]  37 25 50 46 50 46 50 46 80 25 20 4E 30 75 00 00
2025-11-08T03:24:17.221590,49.425,can0  206  [16]  A7 0C DA 07 A3 0C DA DC EB 07 BB 0C 9F 0C 00 00
2025-11-08T03:24:17.228041,49.432,can0  204  [16]  37 25 50 46 50 46 50 46 80 25 20 4E 30 75 00 00
2025-11-08T03:24:17.243989,49.448,can0  041  [04]  2B 01 02 00
2025-11-08T03:24:17.284339,49.488,can0  204  [16]  37 25 50 46 50 46 50 46 80 25 20 4E 30 75 00 00
2025-11-08T03:24:17.350065,49.554,can0  204  [16]  37 25 50 46 50 46 50 46 80 25 20 4E 30 75 00 00
2025-11-08T03:24:17.384166,49.588,can0  206  [16]  A3 0C DE 07 97 0C DA DC EF 07 BF 0C AB 0C 00 00
2025-11-08T03:24:17.399709,49.604,can0  204  [16]  37 25 50 46 50 46 50 46 80 25 20 4E 30 75 00 00
2025-11-08T03:24:17.463881,49.668,can0  204  [16]  37 25 50 46 50 46 50 46 80 25 20 4E 30 75 00 00
2025-11-08T03:24:17.500799,49.705,can0  041  [04]  10 01 05 00
2025-11-08T03:24:17.515574,49.719,can0  204  [16]  37 25 50 46 50 46 50 46 80 25 20 4E 30 75 00 00
2025-11-08T03:24:17.552867,49.757,can0  206  [16]  A7 0C D6 07 9B 0C 57 E3 F2 07 C7 0C A3 0C 00 00
2025-11-08T03:24:17.576601,49.780,can0  204  [16]  37 25 50 46 50 46 50 46 80 25 20 4E 30 75 00 00
2025-11-08T03:24:17.641510,49.845,can0  204  [16]  37 25 50 46 50 46 50 46 80 25 20 4E 30 75 00 00
2025-11-08T03:24:17.687649,49.891,can0  204  [16]  37 25 50 46 50 46 50 46 80 25 20 4E 30 75 00 00
2025-11-08T03:24:17.720648,49.924,can0  206  [16]  9F 0C DE 07 9F 0C DA DC F6 07 C3 0C A3 0C 00 00
2025-11-08T03:24:17.755948,49.960,can0  204  [16]  37 25 50 46 50 46 50 46 80 25 20 4E 30 75 00 00
2025-11-08T03:24:17.771391,49.975,can0  041  [04]  24 01 04 00
2025-11-08T03:24:17.802608,50.006,can0  204  [16]  37 25 50 46 50 46 50 46 80 25 20 4E 30 75 00 00
2025-11-08T03:24:17.861923,50.066,can0  204  [16]  37 25 50 46 50 46 50 46 80 25 20 4E 30 75 00 00
2025-11-08T03:24:17.890046,50.094,can0  206  [16]  97 0C DE 07 9B 0C 99 C6 F6 07 BF 0C AF 0C 00 00
2025-11-08T03:24:17.917986,50.122,can0  204  [16]  37 25 50 46 50 46 50 46 80 25 20 4E 30 75 00 00
2025-11-08T03:24:17.975186,50.179,can0  204  [16]  37 25 50 46 50 46 50 46 80 25 20 4E 30 75 00 00
2025-11-08T03:24:18.069981,50.274,can0  041  [04]  24 01 04 00
2025-11-08T03:24:18.090302,50.294,can0  204  [16]  37 25 50 46 50 46 50 46 80 25 20 4E 30 75 00 00
2025-11-08T03:24:18.090695,50.295,can0  206  [16]  9B 0C DC 07 9F 0C 3A DF F4 07 C7 0C A7 0C 00 00
2025-11-08T03:24:18.108134,50.312,can0  204  [16]  37 25 50 46 50 46 50 46 80 25 20 4E 30 75 00 00
2025-11-08T03:24:18.166152,50.370,can0  204  [16]  37 25 50 46 50 46 50 46 80 25 20 4E 30 75 00 00
2025-11-08T03:24:18.210230,50.414,can0  206  [16]  A7 0C DC 07 93 0C DA DC F6 07 C7 0C A3 0C 00 00
2025-11-08T03:24:18.227449,50.431,can0  204  [16]  37 25 50 46 50 46 50 46 80 25 20 4E 30 75 00 00
2025-11-08T03:24:18.285978,50.490,can0  204  [16]  37 25 50 46 50 46 50 46 80 25 20 4E 30 75 00 00
2025-11-08T03:24:18.299537,50.503,can0  041  [04]  3F 01 02 00
2025-11-08T03:24:18.358672,50.563,can0  204  [16]  37 25 50 46 50 46 50 46 80 25 20 4E 30 75 00 00
2025-11-08T03:24:18.384905,50.589,can0  206  [16]  9B 0C DE 07 A7 0C DA DC F8 07 B7 0C AB 0C 00 00
2025-11-08T03:24:18.398630,50.602,can0  204  [16]  37 25 50 46 50 46 50 46 80 25 20 4E 30 75 00 00
2025-11-08T03:24:18.479362,50.683,can0  204  [16]  37 25 50 46 50 46 50 46 80 25 20 4E 30 75 00 00
2025-11-08T03:24:18.511467,50.715,can0  204  [16]  37 25 50 46 50 46 50 46 80 25 20 4E 30 75 00 00
2025-11-08T03:24:18.563451,50.767,can0  206  [16]  A3 0C DA 07 9B 0C 99 C6 F6 07 C3 0C A3 0C 00 00
2025-11-08T03:24:18.566917,50.771,can0  041  [04]  2F 00 00 00
2025-11-08T03:24:18.569402,50.773,can0  204  [16]  37 25 50 46 50 46 50 46 80 25 20 4E 30 75 00 00
2025-11-08T03:24:18.626481,50.830,can0  204  [16]  37 25 50 46 50 46 50 46 80 25 20 4E 30 75 00 00
2025-11-08T03:24:18.692181,50.896,can0  204  [16]  37 25 50 46 50 46 50 46 80 25 20 4E 30 75 00 00
2025-11-08T03:24:18.717224,50.921,can0  206  [16]  9F 0C E3 07 9B 0C 99 C6 EF 07 C3 0C AB 0C 00 00
2025-11-08T03:24:18.741110,50.945,can0  204  [16]  37 25 50 46 50 46 50 46 80 25 20 4E 30 75 00 00
2025-11-08T03:24:18.799631,51.003,can0  204  [16]  37 25 50 46 50 46 50 46 80 25 20 4E 30 75 00 00
2025-11-08T03:24:18.834289,51.038,can0  041  [04]  10 01 00 00
2025-11-08T03:24:18.876814,51.081,can0  204  [16]  37 25 50 46 50 46 50 46 80 25 20 4E 30 75 00 00
2025-11-08T03:24:18.882081,51.086,can0  206  [16]  A3 0C DE 07 93 0C 99 C6 F2 07 C7 0C A7 0C 00 00
2025-11-08T03:24:18.914262,51.118,can0  204  [16]  37 25 50 46 50 46 50 46 80 25 20 4E 30 75 00 00
2025-11-08T03:24:18.979731,51.184,can0  204  [16]  37 25 50 46 50 46 50 46 80 25 20 4E 30 75 00 00
2025-11-08T03:24:19.048654,51.252,can0  206  [16]  9F 0C DE 07 9F 0C B1 E0 F4 07 BF 0C A7 0C 00 00
2025-11-08T03:24:19.051580,51.255,can0  204  [16]  37 25 50 46 50 46 50 46 80 25 20 4E 30 75 00 00
2025-11-08T03:24:19.102596,51.306,can0  041  [04]  3F 01 00 00
2025-11-08T03:24:19.109999,51.314,can0  204  [16]  37 25 50 46 50 46 50 46 80 25 20 4E 30 75 00 00
2025-11-08T03:24:19.177556,51.381,can0  204  [16]  37 25 50 46 50 46 50 46 80 25 20 4E 30 75 00 00
2025-11-08T03:24:19.208929,51.413,can0  206  [16]  9F 0C DE 07 9F 0C B1 E0 F4 07 BF 0C A7 0C 00 00
2025-11-08T03:24:19.222706,51.427,can0  204  [16]  37 25 50 46 50 46 50 46 80 25 20 4E 30 75 00 00
2025-11-08T03:24:19.293759,51.498,can0  204  [16]  37 25 50 46 50 46 50 46 80 25 20 4E 30 75 00 00
2025-11-08T03:24:19.335639,51.539,can0  204  [16]  37 25 50 46 50 46 50 46 80 25 20 4E 30 75 00 00
2025-11-08T03:24:19.399939,51.604,can0  041  [04]  E4 00 00 00
2025-11-08T03:24:19.400069,51.604,can0  206  [16]  9B 0C E0 07 97 0C DA DC F4 07 BF 0C AF 0C 00 00
2025-11-08T03:24:19.411389,51.615,can0  204  [16]  37 25 50 46 50 46 50 46 80 25 20 4E 30 75 00 00
2025-11-08T03:24:19.453093,51.657,can0  204  [16]  37 25 50 46 50 46 50 46 80 25 20 4E 30 75 00 00
2025-11-08T03:24:19.513030,51.717,can0  204  [16]  37 25 50 46 50 46 50 46 80 25 20 4E 30 75 00 00
2025-11-08T03:24:19.541225,51.745,can0  206  [16]  93 0C E0 07 A3 0C 3A DF F2 07 BB 0C AF 0C 00 00
2025-11-08T03:24:19.583715,51.788,can0  204  [16]  37 25 50 46 50 46 50 46 80 25 20 4E 30 75 00 00
2025-11-08T03:24:19.624433,51.828,can0  204  [16]  37 25 50 46 50 46 50 46 80 25 20 4E 30 75 00 00
2025-11-08T03:24:19.632063,51.836,can0  041  [04]  E4 00 00 00
2025-11-08T03:24:19.696610,51.900,can0  204  [16]  37 25 50 46 50 46 50 46 80 25 20 4E 30 75 00 00
2025-11-08T03:24:19.707152,51.911,can0  206  [16]  97 0C DA 07 A3 0C C5 E1 F6 07 C3 0C A7 0C 00 00
2025-11-08T03:24:19.739070,51.943,can0  204  [16]  37 25 50 46 50 46 50 46 80 25 20 4E 30 75 00 00
2025-11-08T03:24:19.798994,52.003,can0  204  [16]  37 25 50 46 50 46 50 46 80 25 20 4E 30 75 00 00
2025-11-08T03:24:19.853146,52.057,can0  204  [16]  37 25 50 46 50 46 50 46 80 25 20 4E 30 75 00 00
2025-11-08T03:24:19.897463,52.101,can0  206  [16]  A3 0C DC 07 97 0C 99 C6 F4 07 C3 0C A3 0C 00 00
2025-11-08T03:24:19.900474,52.104,can0  041  [04]  10 01 02 00
2025-11-08T03:24:19.910518,52.114,can0  204  [16]  37 25 50 46 50 46 50 46 80 25 20 4E 30 75 00 00
2025-11-08T03:24:19.970278,52.174,can0  204  [16]  37 25 50 46 50 46 50 46 80 25 20 4E 30 75 00 00
2025-11-08T03:24:20.041993,52.246,can0  206  [16]  9B 0C DE 07 9B 0C B1 E0 F6 07 C3 0C AB 0C 00 00
2025-11-08T03:24:20.043715,52.248,can0  204  [16]  37 25 50 46 50 46 50 46 80 25 20 4E 30 75 00 00
2025-11-08T03:24:20.112809,52.317,can0  204  [16]  37 25 50 46 50 46 50 46 80 25 20 4E 30 75 00 00
2025-11-08T03:24:20.158682,52.363,can0  204  [16]  37 25 50 46 50 46 50 46 80 25 20 4E 30 75 00 00
2025-11-08T03:24:20.166753,52.371,can0  041  [04]  10 01 00 00
2025-11-08T03:24:20.216021,52.420,can0  206  [16]  A3 0C DA 07 A3 0C 3A DF F4 07 BB 0C 9F 0C 00 00
2025-11-08T03:24:20.217104,52.421,can0  204  [16]  37 25 50 46 50 46 50 46 80 25 20 4E 30 75 00 00
2025-11-08T03:24:20.277782,52.482,can0  204  [16]  37 25 50 46 50 46 50 46 80 25 20 4E 30 75 00 00
2025-11-08T03:24:20.334310,52.538,can0  204  [16]  37 25 50 46 50 46 50 46 80 25 20 4E 30 75 00 00
2025-11-08T03:24:20.369569,52.573,can0  206  [16]  97 0C E3 07 9B 0C 3A DF F2 07 BF 0C AF 0C 00 00
2025-11-08T03:24:20.408593,52.612,can0  204  [16]  37 25 50 46 50 46 50 46 80 25 20 4E 30 75 00 00
2025-11-08T03:24:20.434490,52.638,can0  041  [04]  32 01 02 00
2025-11-08T03:24:20.450162,52.654,can0  204  [16]  37 25 50 46 50 46 50 46 80 25 20 4E 30 75 00 00
2025-11-08T03:24:20.508950,52.713,can0  204  [16]  37 25 50 46 50 46 50 46 80 25 20 4E 30 75 00 00
2025-11-08T03:24:20.536150,52.740,can0  206  [16]  97 0C DE 07 9F 0C DA DC F4 07 BF 0C AB 0C 00 00
2025-11-08T03:24:20.565283,52.769,can0  204  [16]  37 25 50 46 50 46 50 46 80 25 20 4E 30 75 00 00
2025-11-08T03:24:20.620884,52.825,can0  204  [16]  37 25 50 46 50 46 50 46 80 25 20 4E 30 75 00 00
2025-11-08T03:24:20.676499,52.880,can0  204  [16]  37 25 50 46 50 46 50 46 80 25 20 4E 30 75 00 00
2025-11-08T03:24:20.726211,52.930,can0  041  [04]  3F 01 04 00
2025-11-08T03:24:20.726341,52.930,can0  206  [16]  A7 0C E0 07 A3 0C B1 E0 F4 07 BB 0C 9B 0C 00 00
2025-11-08T03:24:20.741948,52.946,can0  204  [16]  37 25 50 46 50 46 50 46 80 25 20 4E 30 75 00 00
2025-11-08T03:24:20.793072,52.997,can0  204  [16]  37 25 50 46 50 46 50 46 80 25 20 4E 30 75 00 00
2025-11-08T03:24:20.850188,53.054,can0  204  [16]  37 25 50 46 50 46 50 46 80 25 20 4E 30 75 00 00
2025-11-08T03:24:20.863015,53.067,can0  206  [16]  8F 0C E0 07 A3 0C 3A DF F4 07 BF 0C B3 0C 00 00
2025-11-08T03:24:20.925097,53.129,can0  204  [16]  37 25 50 46 50 46 50 46 80 25 20 4E 30 75 00 00
2025-11-08T03:24:20.971160,53.175,can0  041  [04]  52 01 02 00
2025-11-08T03:24:20.971236,53.175,can0  204  [16]  37 25 50 46 50 46 50 46 80 25 20 4E 30 75 00 00
2025-11-08T03:24:21.034101,53.238,can0  206  [16]  9F 0C DE 07 9F 0C 99 C6 F6 07 C3 0C A3 0C 00 00
2025-11-08T03:24:21.035096,53.239,can0  204  [16]  37 25 50 46 50 46 50 46 80 25 20 4E 30 75 00 00
2025-11-08T03:24:21.123895,53.328,can0  204  [16]  37 25 50 46 50 46 50 46 80 25 20 4E 30 75 00 00
2025-11-08T03:24:21.153917,53.358,can0  204  [16]  37 25 50 46 50 46 50 46 80 25 20 4E 30 75 00 00
2025-11-08T03:24:21.200240,53.404,can0  206  [16]  A3 0C E0 07 9B 0C 99 C6 F2 07 C3 0C 9F 0C 00 00
2025-11-08T03:24:21.241767,53.446,can0  204  [16]  37 25 50 46 50 46 50 46 80 25 20 4E 30 75 00 00
2025-11-08T03:24:21.242011,53.446,can0  041  [04]  3F 01 02 00
2025-11-08T03:24:21.270966,53.475,can0  204  [16]  37 25 50 46 50 46 50 46 80 25 20 4E 30 75 00 00
2025-11-08T03:24:21.341695,53.546,can0  204  [16]  37 25 50 46 50 46 50 46 80 25 20 4E 30 75 00 00
2025-11-08T03:24:21.367805,53.572,can0  206  [16]  A7 0C DA 07 97 0C DA DC EF 07 B3 0C A3 0C 00 00
2025-11-08T03:24:21.384230,53.588,can0  204  [16]  37 25 50 46 50 46 50 46 80 25 20 4E 30 75 00 00
2025-11-08T03:24:21.443481,53.647,can0  204  [16]  37 25 50 46 50 46 50 46 80 25 20 4E 30 75 00 00
2025-11-08T03:24:21.494874,53.699,can0  041  [04]  24 01 04 00
2025-11-08T03:24:21.501804,53.706,can0  204  [16]  37 25 50 46 50 46 50 46 80 25 20 4E 30 75 00 00
2025-11-08T03:24:21.549031,53.753,can0  206  [16]  9B 0C DE 07 A7 0C 99 C6 F8 07 B7 0C 9F 0C 00 00
2025-11-08T03:24:21.559874,53.764,can0  204  [16]  37 25 50 46 50 46 50 46 80 25 20 4E 30 75 00 00
2025-11-08T03:24:21.635774,53.840,can0  204  [16]  37 25 50 46 50 46 50 46 80 25 20 4E 30 75 00 00
2025-11-08T03:24:21.672620,53.876,can0  204  [16]  37 25 50 46 50 46 50 46 80 25 20 4E 30 75 00 00
2025-11-08T03:24:21.698178,53.902,can0  206  [16]  9F 0C DC 07 9B 0C DA DC FA 07 C3 0C A7 0C 00 00
2025-11-08T03:24:21.740587,53.944,can0  204  [16]  37 25 50 46 50 46 50 46 80 25 20 4E 30 75 00 00
2025-11-08T03:24:21.766820,53.971,can0  041  [04]  32 01 04 00
2025-11-08T03:24:21.789965,53.994,can0  204  [16]  37 25 50 46 50 46 50 46 80 25 20 4E 30 75 00 00
2025-11-08T03:24:21.848078,54.052,can0  204  [16]  37 25 50 46 50 46 50 46 80 25 20 4E 30 75 00 00
2025-11-08T03:24:21.866985,54.071,can0  206  [16]  A7 0C DE 07 9F 0C 3A DF F4 07 C3 0C 9F 0C 00 00
2025-11-08T03:24:21.902521,54.106,can0  204  [16]  37 25 50 46 50 46 50 46 80 25 20 4E 30 75 00 00
2025-11-08T03:24:21.969314,54.173,can0  204  [16]  37 25 50 46 50 46 50 46 80 25 20 4E 30 75 00 00
2025-11-08T03:24:22.028655,54.232,can0  041  [04]  4A 01 04 00
2025-11-08T03:24:22.035548,54.239,can0  206  [16]  A3 0C DC 07 9F 0C DA DC F6 07 CF 0C 9F 0C 00 00
2025-11-08T03:24:22.035650,54.239,can0  204  [16]  37 25 50 46 50 46 50 46 80 25 20 4E 30 75 00 00
2025-11-08T03:24:22.092274,54.296,can0  204  [16]  37 25 50 46 50 46 50 46 80 25 20 4E 30 75 00 00
2025-11-08T03:24:22.149868,54.354,can0  204  [16]  37 25 50 46 50 46 50 46 80 25 20 4E 30 75 00 00
2025-11-08T03:24:22.193987,54.398,can0  206  [16]  A7 0C E3 07 93 0C 3A DF F6 07 CF 0C 9F 0C 00 00
2025-11-08T03:24:22.207137,54.411,can0  204  [16]  37 25 50 46 50 46 50 46 80 25 20 4E 30 75 00 00
2025-11-08T03:24:22.264887,54.469,can0  204  [16]  37 25 50 46 50 46 50 46 80 25 20 4E 30 75 00 00
2025-11-08T03:24:22.294122,54.498,can0  041  [04]  3F 01 02 00
2025-11-08T03:24:22.342266,54.546,can0  204  [16]  37 25 50 46 50 46 50 46 80 25 20 4E 30 75 00 00
2025-11-08T03:24:22.367919,54.572,can0  206  [16]  9F 0C 10 08 97 0C DA DC EF 07 C3 0C AB 0C 00 00
2025-11-08T03:24:22.382952,54.587,can0  204  [16]  37 25 50 46 50 46 50 46 80 25 20 4E 30 75 00 00
2025-11-08T03:24:22.439972,54.644,can0  204  [16]  37 25 50 46 50 46 50 46 80 25 20 4E 30 75 00 00
2025-11-08T03:24:22.498837,54.703,can0  204  [16]  37 25 50 46 50 46 50 46 80 25 20 4E 30 75 00 00
2025-11-08T03:24:22.558551,54.762,can0  206  [16]  9B 0C E0 07 9B 0C 99 C6 F2 07 BB 0C AB 0C 00 00
2025-11-08T03:24:22.565796,54.770,can0  204  [16]  37 25 50 46 50 46 50 46 80 25 20 4E 30 75 00 00
2025-11-08T03:24:22.566743,54.771,can0  041  [04]  3F 01 00 00
2025-11-08T03:24:22.610336,54.814,can0  204  [16]  37 25 50 46 50 46 50 46 80 25 20 4E 30 75 00 00
2025-11-08T03:24:22.672007,54.876,can0  204  [16]  37 25 50 46 50 46 50 46 80 25 20 4E 30 75 00 00
2025-11-08T03:24:22.700267,54.904,can0  206  [16]  AB 0C DE 07 97 0C DA DC F2 07 C3 0C 9F 0C 00 00
2025-11-08T03:24:22.732188,54.936,can0  204  [16]  37 25 50 46 50 46 50 46 80 25 20 4E 30 75 00 00
2025-11-08T03:24:22.789107,54.993,can0  204  [16]  37 25 50 46 50 46 50 46 80 25 20 4E 30 75 00 00
2025-11-08T03:24:22.826985,55.031,can0  041  [04]  02 00 02 00
2025-11-08T03:24:22.843632,55.047,can0  204  [16]  37 25 50 46 50 46 50 46 80 25 20 4E 30 75 00 00
2025-11-08T03:24:22.877527,55.081,can0  206  [16]  A7 0C DC 07 9B 0C 99 C6 F2 07 C3 0C 9F 0C 00 00
2025-11-08T03:24:22.898057,55.102,can0  204  [16]  37 25 50 46 50 46 50 46 80 25 20 4E 30 75 00 00
2025-11-08T03:24:22.979246,55.183,can0  204  [16]  37 25 50 46 50 46 50 46 80 25 20 4E 30 75 00 00
2025-11-08T03:24:23.027990,55.232,can0  204  [16]  37 25 50 46 50 46 50 46 80 25 20 4E 30 75 00 00
2025-11-08T03:24:23.031716,55.236,can0  206  [16]  9B 0C DC 07 9B 0C DA DC F4 07 C3 0C AB 0C 00 00
2025-11-08T03:24:23.097181,55.301,can0  204  [16]  37 25 50 46 50 46 50 46 80 25 20 4E 30 75 00 00
2025-11-08T03:24:23.106130,55.310,can0  041  [04]  3F 01 02 00
2025-11-08T03:24:23.149237,55.353,can0  204  [16]  37 25 50 46 50 46 50 46 80 25 20 4E 30 75 00 00
2025-11-08T03:24:23.198760,55.403,can0  206  [16]  97 0C E3 07 9B 0C B1 E0 F6 07 C7 0C AF 0C 00 00
2025-11-08T03:24:23.213955,55.418,can0  204  [16]  37 25 50 46 50 46 50 46 80 25 20 4E 30 75 00 00
2025-11-08T03:24:23.264895,55.469,can0  204  [16]  37 25 50 46 50 46 50 46 80 25 20 4E 30 75 00 00
2025-11-08T03:24:23.319167,55.523,can0  204  [16]  37 25 50 46 50 46 50 46 80 25 20 4E 30 75 00 00
2025-11-08T03:24:23.376949,55.581,can0  041  [04]  10 01 02 00
2025-11-08T03:24:23.382311,55.586,can0  206  [16]  9F 0C DC 07 9B 0C 3A DF F6 07 D3 0C A7 0C 00 00
2025-11-08T03:24:23.382395,55.586,can0  204  [16]  37 25 50 46 50 46 50 46 80 25 20 4E 30 75 00 00
2025-11-08T03:24:23.434648,55.638,can0  204  [16]  37 25 50 46 50 46 50 46 80 25 20 4E 30 75 00 00
2025-11-08T03:24:23.491635,55.695,can0  204  [16]  37 25 50 46 50 46 50 46 80 25 20 4E 30 75 00 00
2025-11-08T03:24:23.527580,55.731,can0  206  [16]  A3 0C DE 07 C3 0C 99 C6 F4 07 9F 0C 9F 0C 00 00
2025-11-08T03:24:23.551157,55.755,can0  204  [16]  37 25 50 46 50 46 50 46 80 25 20 4E 30 75 00 00
2025-11-08T03:24:23.618262,55.822,can0  204  [16]  37 25 50 46 50 46 50 46 80 25 20 4E 30 75 00 00
2025-11-08T03:24:23.625015,55.829,can0  041  [04]  02 00 02 00
2025-11-08T03:24:23.699704,55.904,can0  204  [16]  37 25 50 46 50 46 50 46 80 25 20 4E 30 75 00 00
2025-11-08T03:24:23.700148,55.904,can0  206  [16]  A7 0C DE 07 9F 0C DA DC F2 07 C3 0C 9F 0C 00 00
2025-11-08T03:24:23.722116,55.926,can0  204  [16]  37 25 50 46 50 46 50 46 80 25 20 4E 30 75 00 00
2025-11-08T03:24:23.798908,56.003,can0  204  [16]  37 25 50 46 50 46 50 46 80 25 20 4E 30 75 00 00
2025-11-08T03:24:23.835987,56.040,can0  204  [16]  37 25 50 46 50 46 50 46 80 25 20 4E 30 75 00 00
2025-11-08T03:24:23.862178,56.066,can0  206  [16]  9B 0C DE 07 9F 0C DA DC F2 07 BB 0C A7 0C 00 00
2025-11-08T03:24:23.904246,56.108,can0  041  [04]  2F 00 02 00
2025-11-08T03:24:23.904328,56.108,can0  204  [16]  37 25 50 46 50 46 50 46 80 25 20 4E 30 75 00 00
2025-11-08T03:24:23.953124,56.157,can0  204  [16]  37 25 50 46 50 46 50 46 80 25 20 4E 30 75 00 00
2025-11-08T03:24:24.021144,56.225,can0  204  [16]  37 25 50 46 50 46 50 46 80 25 20 4E 30 75 00 00
2025-11-08T03:24:24.031747,56.236,can0  206  [16]  97 0C DC 07 9F 0C 99 C6 F8 07 C3 0C AB 0C 00 00
2025-11-08T03:24:24.105566,56.309,can0  204  [16]  37 25 50 46 50 46 50 46 80 25 20 4E 30 75 00 00
2025-11-08T03:24:24.139868,56.344,can0  204  [16]  37 25 50 46 50 46 50 46 80 25 20 4E 30 75 00 00
2025-11-08T03:24:24.157329,56.361,can0  041  [04]  5D 00 00 00
2025-11-08T03:24:24.195885,56.400,can0  206  [16]  8F 0C BC 07 A3 0C B1 E0 FA 07 C3 0C AB 0C 00 00
2025-11-08T03:24:24.197853,56.402,can0  204  [16]  37 25 50 46 50 46 50 46 80 25 20 4E 30 75 00 00
2025-11-08T03:24:24.255216,56.459,can0  204  [16]  37 25 50 46 50 46 50 46 80 25 20 4E 30 75 00 00
2025-11-08T03:24:24.314656,56.518,can0  204  [16]  37 25 50 46 50 46 50 46 80 25 20 4E 30 75 00 00
2025-11-08T03:24:24.350964,56.555,can0  206  [16]  B7 0C E3 07 8F 0C 99 C6 F8 07 E8 0C 9B 0C 00 00
2025-11-08T03:24:24.370602,56.574,can0  204  [16]  37 25 50 46 50 46 50 46 80 25 20 4E 30 75 00 00
2025-11-08T03:24:24.428119,56.632,can0  041  [04]  2F 00 00 00
2025-11-08T03:24:24.434427,56.638,can0  204  [16]  37 25 50 46 50 46 50 46 80 25 20 4E 30 75 00 00
2025-11-08T03:24:24.503123,56.707,can0  204  [16]  37 25 50 46 50 46 50 46 80 25 20 4E 30 75 00 00
2025-11-08T03:24:24.517277,56.721,can0  206  [16]  9B 0C E0 07 97 0C 3A DF F4 07 CB 0C AB 0C 00 00
2025-11-08T03:24:24.543951,56.748,can0  204  [16]  37 25 50 46 50 46 50 46 80 25 20 4E 30 75 00 00
2025-11-08T03:24:24.610815,56.815,can0  204  [16]  37 25 50 46 50 46 50 46 80 25 20 4E 30 75 00 00
2025-11-08T03:24:24.658183,56.862,can0  204  [16]  37 25 50 46 50 46 50 46 80 25 20 4E 30 75 00 00
2025-11-08T03:24:24.709442,56.913,can0  206  [16]  A7 0C E5 07 8F 0C 3A DF F8 07 C3 0C A3 0C 00 00
2025-11-08T03:24:24.712106,56.916,can0  041  [04]  8B 00 00 00
2025-11-08T03:24:24.716137,56.920,can0  204  [16]  37 25 50 46 50 46 50 46 80 25 20 4E 30 75 00 00
2025-11-08T03:24:24.773321,56.977,can0  204  [16]  37 25 50 46 50 46 50 46 80 25 20 4E 30 75 00 00
2025-11-08T03:24:24.837110,57.041,can0  204  [16]  37 25 50 46 50 46 50 46 80 25 20 4E 30 75 00 00
2025-11-08T03:24:24.854771,57.059,can0  206  [16]  9F 0C DE 07 A7 0C 1F EA F4 07 BF 0C 9B 0C 00 00
2025-11-08T03:24:24.889618,57.093,can0  204  [16]  37 25 50 46 50 46 50 46 80 25 20 4E 30 75 00 00
2025-11-08T03:24:24.947342,57.151,can0  204  [16]  37 25 50 46 50 46 50 46 80 25 20 4E 30 75 00 00
2025-11-08T03:24:24.960459,57.164,can0  041  [04]  E4 00 00 00
2025-11-08T03:24:25.022041,57.226,can0  204  [16]  37 25 50 46 50 46 50 46 80 25 20 4E 30 75 00 00
2025-11-08T03:24:25.032717,57.237,can0  206  [16]  97 0C DC 07 A7 0C DA DC F2 07 AF 0C A3 0C 00 00
2025-11-08T03:24:25.079404,57.283,can0  204  [16]  37 25 50 46 50 46 50 46 80 25 20 4E 30 75 00 00
2025-11-08T03:24:25.145316,57.349,can0  204  [16]  37 25 50 46 50 46 50 46 80 25 20 4E 30 75 00 00
2025-11-08T03:24:25.187926,57.392,can0  206  [16]  83 0C E0 07 B7 0C 99 C6 F2 07 C3 0C A3 0C 00 00
2025-11-08T03:24:25.196580,57.400,can0  204  [16]  37 25 50 46 50 46 50 46 80 25 20 4E 30 75 00 00
2025-11-08T03:24:25.233831,57.438,can0  041  [04]  3F 01 00 00
2025-11-08T03:24:25.261117,57.465,can0  204  [16]  37 25 50 46 50 46 50 46 80 25 20 4E 30 75 00 00
2025-11-08T03:24:25.332206,57.536,can0  204  [16]  37 25 50 46 50 46 50 46 80 25 20 4E 30 75 00 00
2025-11-08T03:24:25.352697,57.557,can0  206  [16]  A3 0C DE 07 9F 0C 99 C6 F8 07 BB 0C A3 0C 00 00
2025-11-08T03:24:25.367049,57.571,can0  204  [16]  37 25 50 46 50 46 50 46 80 25 20 4E 30 75 00 00
2025-11-08T03:24:25.441058,57.645,can0  204  [16]  37 25 50 46 50 46 50 46 80 25 20 4E 30 75 00 00
2025-11-08T03:24:25.480924,57.685,can0  204  [16]  37 25 50 46 50 46 50 46 80 25 20 4E 30 75 00 00
2025-11-08T03:24:25.488840,57.693,can0  041  [04]  2F 00 02 00
2025-11-08T03:24:25.542968,57.747,can0  206  [16]  9F 0C E0 07 9B 0C 99 C6 F2 07 C3 0C A7 0C 00 00
2025-11-08T03:24:25.543251,57.747,can0  204  [16]  37 25 50 46 50 46 50 46 80 25 20 4E 30 75 00 00
2025-11-08T03:24:25.597340,57.801,can0  204  [16]  37 25 50 46 50 46 50 46 80 25 20 4E 30 75 00 00
2025-11-08T03:24:25.656506,57.860,can0  204  [16]  37 25 50 46 50 46 50 46 80 25 20 4E 30 75 00 00
2025-11-08T03:24:25.682151,57.886,can0  206  [16]  97 0C DE 07 8F 0C DA DC EF 07 C7 0C AB 0C 00 00
2025-11-08T03:24:25.744650,57.948,can0  204  [16]  37 25 50 46 50 46 50 46 80 25 20 4E 30 75 00 00
2025-11-08T03:24:25.759170,57.963,can0  041  [04]  3F 01 00 00
2025-11-08T03:24:25.776605,57.980,can0  204  [16]  37 25 50 46 50 46 50 46 80 25 20 4E 30 75 00 00
2025-11-08T03:24:25.847036,58.051,can0  204  [16]  37 25 50 46 50 46 50 46 80 25 20 4E 30 75 00 00
2025-11-08T03:24:25.847743,58.052,can0  206  [16]  7B 0C DC 07 97 0C 57 E3 F6 07 CB 0C C7 0C 00 00
2025-11-08T03:24:25.886594,58.090,can0  204  [16]  37 25 50 46 50 46 50 46 80 25 20 4E 30 75 00 00
2025-11-08T03:24:25.947137,58.151,can0  204  [16]  37 25 50 46 50 46 50 46 80 25 20 4E 30 75 00 00
2025-11-08T03:24:26.013258,58.217,can0  204  [16]  37 25 50 46 50 46 50 46 80 25 20 4E 30 75 00 00
2025-11-08T03:24:26.051988,58.256,can0  206  [16]  AB 0C DC 07 9B 0C A0 E2 F8 07 B3 0C 9B 0C 00 00
2025-11-08T03:24:26.052539,58.256,can0  041  [04]  02 00 00 00
2025-11-08T03:24:26.076616,58.280,can0  204  [16]  37 25 50 46 50 46 50 46 80 25 20 4E 30 75 00 00
2025-11-08T03:24:26.145494,58.349,can0  204  [16]  37 25 50 46 50 46 50 46 80 25 20 4E 30 75 00 00
2025-11-08T03:24:26.175461,58.379,can0  206  [16]  A3 0C DE 07 9B 0C 99 C6 EF 07 BF 0C A3 0C 00 00
2025-11-08T03:24:26.188625,58.392,can0  204  [16]  37 25 50 46 50 46 50 46 80 25 20 4E 30 75 00 00
2025-11-08T03:24:26.250918,58.455,can0  204  [16]  37 25 50 46 50 46 50 46 80 25 20 4E 30 75 00 00
2025-11-08T03:24:26.289568,58.493,can0  041  [04]  52 01 02 00
2025-11-08T03:24:26.305209,58.509,can0  204  [16]  37 25 50 46 50 46 50 46 80 25 20 4E 30 75 00 00
2025-11-08T03:24:26.356450,58.560,can0  206  [16]  A7 0C DA 07 9B 0C DA DC F2 07 BB 0C A3 0C 00 00
2025-11-08T03:24:26.362947,58.567,can0  204  [16]  37 25 50 46 50 46 50 46 80 25 20 4E 30 75 00 00
2025-11-08T03:24:26.422602,58.626,can0  204  [16]  37 25 50 46 50 46 50 46 80 25 20 4E 30 75 00 00
2025-11-08T03:24:26.479520,58.683,can0  204  [16]  37 25 50 46 50 46 50 46 80 25 20 4E 30 75 00 00
2025-11-08T03:24:26.512448,58.716,can0  206  [16]  A7 0C DE 07 9B 0C 3A DF EF 07 C7 0C 9F 0C 00 00
2025-11-08T03:24:26.536493,58.740,can0  204  [16]  37 25 50 46 50 46 50 46 80 25 20 4E 30 75 00 00
2025-11-08T03:24:26.558411,58.762,can0  041  [04]  3F 01 02 00
2025-11-08T03:24:26.592076,58.796,can0  204  [16]  37 25 50 46 50 46 50 46 80 25 20 4E 30 75 00 00
2025-11-08T03:24:26.654572,58.858,can0  204  [16]  37 25 50 46 50 46 50 46 80 25 20 4E 30 75 00 00
2025-11-08T03:24:26.687859,58.892,can0  206  [16]  A3 0C E0 07 A3 0C DA DC F2 07 C3 0C A3 0C 00 00
2025-11-08T03:24:26.706899,58.911,can0  204  [16]  37 25 50 46 50 46 50 46 80 25 20 4E 30 75 00 00
2025-11-08T03:24:26.772560,58.976,can0  204  [16]  37 25 50 46 50 46 50 46 80 25 20 4E 30 75 00 00
2025-11-08T03:24:26.819983,59.024,can0  041  [04]  8B 00 02 00
2025-11-08T03:24:26.821681,59.026,can0  204  [16]  37 25 50 46 50 46 50 46 80 25 20 4E 30 75 00 00
2025-11-08T03:24:26.865526,59.069,can0  206  [16]  A3 0C E0 07 97 0C 3A DF EF 07 E8 0C A7 0C 00 00
2025-11-08T03:24:26.885542,59.089,can0  204  [16]  37 25 50 46 50 46 50 46 80 25 20 4E 30 75 00 00
2025-11-08T03:24:26.961451,59.165,can0  204  [16]  37 25 50 46 50 46 50 46 80 25 20 4E 30 75 00 00
2025-11-08T03:24:27.003358,59.207,can0  204  [16]  37 25 50 46 50 46 50 46 80 25 20 4E 30 75 00 00
2025-11-08T03:24:27.023510,59.227,can0  206  [16]  A7 0C DC 07 9F 0C 3A DF F2 07 BB 0C 9F 0C 00 00
2025-11-08T03:24:27.069910,59.274,can0  204  [16]  37 25 50 46 50 46 50 46 80 25 20 4E 30 75 00 00
2025-11-08T03:24:27.090523,59.294,can0  041  [04]  E4 00 00 00
2025-11-08T03:24:27.126383,59.330,can0  204  [16]  37 25 50 46 50 46 50 46 80 25 20 4E 30 75 00 00
2025-11-08T03:24:27.184034,59.388,can0  204  [16]  37 25 50 46 50 46 50 46 80 25 20 4E 30 75 00 00
2025-11-08T03:24:27.192783,59.397,can0  206  [16]  AF 0C E0 07 97 0C 99 C6 F2 07 BF 0C 9B 0C 00 00
2025-11-08T03:24:27.245325,59.449,can0  204  [16]  37 25 50 46 50 46 50 46 80 25 20 4E 30 75 00 00
2025-11-08T03:24:27.302007,59.506,can0  204  [16]  37 25 50 46 50 46 50 46 80 25 20 4E 30 75 00 00
2025-11-08T03:24:27.371451,59.575,can0  206  [16]  97 0C DC 07 9F 0C DA DC F4 07 BF 0C AB 0C 00 00
2025-11-08T03:24:27.371583,59.575,can0  041  [04]  10 01 00 00
2025-11-08T03:24:27.371632,59.575,can0  204  [16]  37 25 50 46 50 46 50 46 80 25 20 4E 30 75 00 00
2025-11-08T03:24:27.414889,59.619,can0  204  [16]  37 25 50 46 50 46 50 46 80 25 20 4E 30 75 00 00
2025-11-08T03:24:27.485496,59.689,can0  204  [16]  37 25 50 46 50 46 50 46 80 25 20 4E 30 75 00 00
2025-11-08T03:24:27.518017,59.722,can0  206  [16]  A3 0C E3 07 9B 0C DA DC ED 07 CB 0C A3 0C 00 00
2025-11-08T03:24:27.529540,59.733,can0  204  [16]  37 25 50 46 50 46 50 46 80 25 20 4E 30 75 00 00
2025-11-08T03:24:27.587813,59.792,can0  204  [16]  37 25 50 46 50 46 50 46 80 25 20 4E 30 75 00 00
2025-11-08T03:24:27.619929,59.824,can0  041  [04]  3F 01 00 00
2025-11-08T03:24:27.644506,59.848,can0  204  [16]  37 25 50 46 50 46 50 46 80 25 20 4E 30 75 00 00
2025-11-08T03:24:27.690228,59.894,can0  206  [16]  9B 0C E0 07 9B 0C 3A DF F4 07 C7 0C AB 0C 00 00
2025-11-08T03:24:27.706169,59.910,can0  204  [16]  37 25 50 46 50 46 50 46 80 25 20 4E 30 75 00 00
2025-11-08T03:24:27.808056,60.012,can0  204  [16]  37 25 50 46 50 46 50 46 80 25 20 4E 30 75 00 00
2025-11-08T03:24:27.826334,60.030,can0  204  [16]  37 25 50 46 50 46 50 46 80 25 20 4E 30 75 00 00
2025-11-08T03:24:27.879771,60.084,can0  206  [16]  9B 0C DE 07 9F 0C DA DC F2 07 BF 0C AB 0C 00 00
2025-11-08T03:24:27.882991,60.087,can0  204  [16]  37 25 50 46 50 46 50 46 80 25 20 4E 30 75 00 00
2025-11-08T03:24:27.884905,60.089,can0  041  [04]  3F 01 00 00
2025-11-08T03:24:27.935265,60.139,can0  204  [16]  37 25 50 46 50 46 50 46 80 25 20 4E 30 75 00 00
2025-11-08T03:24:28.001301,60.205,can0  204  [16]  37 25 50 46 50 46 50 46 80 25 20 4E 30 75 00 00
2025-11-08T03:24:28.022793,60.227,can0  206  [16]  AB 0C E0 07 9B 0C 99 C6 F6 07 C7 0C 9B 0C 00 00
2025-11-08T03:24:28.088476,60.292,can0  204  [16]  37 25 50 46 50 46 50 46 80 25 20 4E 30 75 00 00
2025-11-08T03:24:28.124888,60.329,can0  204  [16]  37 25 50 46 50 46 50 46 80 25 20 4E 30 75 00 00
2025-11-08T03:24:28.152325,60.356,can0  041  [04]  8B 00 00 00
2025-11-08T03:24:28.194050,60.398,can0  204  [16]  37 25 50 46 50 46 50 46 80 25 20 4E 30 75 00 00
2025-11-08T03:24:28.194408,60.398,can0  206  [16]  9F 0C E0 07 97 0C DA DC F4 07 C7 0C A7 0C 00 00
2025-11-08T03:24:28.238808,60.443,can0  204  [16]  37 25 50 46 50 46 50 46 80 25 20 4E 30 75 00 00
2025-11-08T03:24:28.299839,60.504,can0  204  [16]  37 25 50 46 50 46 50 46 80 25 20 4E 30 75 00 00
2025-11-08T03:24:28.354410,60.558,can0  204  [16]  37 25 50 46 50 46 50 46 80 25 20 4E 30 75 00 00
2025-11-08T03:24:28.354588,60.558,can0  206  [16]  A3 0C DC 07 A3 0C 99 C6 F4 07 AF 0C A7 0C 00 00
2025-11-08T03:24:28.410941,60.615,can0  204  [16]  37 25 50 46 50 46 50 46 80 25 20 4E 30 75 00 00
2025-11-08T03:24:28.422315,60.626,can0  041  [04]  8B 00 00 00
2025-11-08T03:24:28.508909,60.713,can0  204  [16]  37 25 50 46 50 46 50 46 80 25 20 4E 30 75 00 00
2025-11-08T03:24:28.630894,60.835,can0  206  [16]  8B 0C C9 07 93 0C 3A DF EF 07 C3 0C C3 0C 00 00
2025-11-08T03:24:28.631125,60.835,can0  204  [16]  37 25 50 46 50 46 50 46 80 25 20 4E 30 75 00 00
2025-11-08T03:24:28.631174,60.835,can0  204  [16]  37 25 50 46 50 46 50 46 80 25 20 4E 30 75 00 00
2025-11-08T03:24:28.647777,60.852,can0  204  [16]  37 25 50 46 50 46 50 46 80 25 20 4E 30 75 00 00
2025-11-08T03:24:28.706019,60.910,can0  041  [04]  8B 00 02 00
2025-11-08T03:24:28.706100,60.910,can0  206  [16]  93 0C DC 07 9F 0C B1 E0 F4 07 BF 0C B3 0C 00 00
2025-11-08T03:24:28.706130,60.910,can0  204  [16]  37 25 50 46 50 46 50 46 80 25 20 4E 30 75 00 00
2025-11-08T03:24:28.850231,61.054,can0  204  [16]  37 25 50 46 50 46 50 46 80 25 20 4E 30 75 00 00
2025-11-08T03:24:28.850368,61.054,can0  204  [16]  37 25 50 46 50 46 50 46 80 25 20 4E 30 75 00 00
2025-11-08T03:24:28.918896,61.123,can0  206  [16]  9B 0C DE 07 9B 0C DA DC F2 07 C3 0C AB 0C 00 00
2025-11-08T03:24:28.918969,61.123,can0  204  [16]  37 25 50 46 50 46 50 46 80 25 20 4E 30 75 00 00
2025-11-08T03:24:29.021222,61.225,can0  204  [16]  37 25 50 46 50 46 50 46 80 25 20 4E 30 75 00 00
2025-11-08T03:24:29.021615,61.225,can0  041  [04]  10 01 00 00
2025-11-08T03:24:29.063311,61.267,can0  204  [16]  37 25 50 46 50 46 50 46 80 25 20 4E 30 75 00 00
2025-11-08T03:24:29.063439,61.267,can0  206  [16]  A7 0C DE 07 93 0C 3A DF F6 07 BB 0C AB 0C 00 00
2025-11-08T03:24:29.063498,61.267,can0  204  [16]  37 25 50 46 50 46 50 46 80 25 20 4E 30 75 00 00
2025-11-08T03:24:29.217836,61.422,can0  204  [16]  37 25 50 46 50 46 50 46 80 25 20 4E 30 75 00 00
2025-11-08T03:24:29.218468,61.422,can0  204  [16]  37 25 50 46 50 46 50 46 80 25 20 4E 30 75 00 00
2025-11-08T03:24:29.218639,61.422,can0  206  [16]  9F 0C DC 07 9B 0C DA DC F4 07 C3 0C A7 0C 00 00
2025-11-08T03:24:29.218690,61.423,can0  041  [04]  E4 00 00 00
2025-11-08T03:24:29.327371,61.531,can0  204  [16]  37 25 50 46 50 46 50 46 80 25 20 4E 30 75 00 00
2025-11-08T03:24:29.327463,61.531,can0  204  [16]  37 25 50 46 50 46 50 46 80 25 20 4E 30 75 00 00
2025-11-08T03:24:29.382578,61.586,can0  204  [16]  37 25 50 46 50 46 50 46 80 25 20 4E 30 75 00 00
2025-11-08T03:24:29.383285,61.587,can0  206  [16]  A3 0C E3 07 9F 0C 3A DF F2 07 BF 0C A7 0C 00 00
2025-11-08T03:24:29.533298,61.737,can0  204  [16]  37 25 50 46 50 46 50 46 80 25 20 4E 30 75 00 00
2025-11-08T03:24:29.533711,61.738,can0  204  [16]  37 25 50 46 50 46 50 46 80 25 20 4E 30 75 00 00
2025-11-08T03:24:29.534001,61.738,can0  041  [04]  5E 00 00 00
2025-11-08T03:24:29.534620,61.738,can0  206  [16]  A3 0C DE 07 9F 0C 99 C6 F4 07 BF 0C A3 0C 00 00
2025-11-08T03:24:29.534949,61.739,can0  204  [16]  37 25 50 46 50 46 50 46 80 25 20 4E 30 75 00 00
2025-11-08T03:24:30.076238,62.280,can0  204  [16]  37 25 50 46 50 46 50 46 80 25 20 4E 30 75 00 00
2025-11-08T03:24:30.076454,62.280,can0  204  [16]  37 25 50 46 50 46 50 46 80 25 20 4E 30 75 00 00
2025-11-08T03:24:30.076784,62.281,can0  206  [16]  9B 0C D8 07 97 0C C5 E1 F2 07 BB 0C AB 0C 00 00
2025-11-08T03:24:30.076852,62.281,can0  204  [16]  37 25 50 46 50 46 50 46 80 25 20 4E 30 75 00 00
2025-11-08T03:24:30.076887,62.281,can0  041  [04]  5D 00 02 00
2025-11-08T03:24:30.076929,62.281,can0  204  [16]  37 25 50 46 50 46 50 46 80 25 20 4E 30 75 00 00
2025-11-08T03:24:30.077124,62.281,can0  204  [16]  37 25 50 46 50 46 50 46 80 25 20 4E 30 75 00 00
2025-11-08T03:24:30.077183,62.281,can0  206  [16]  A7 0C E5 07 97 0C 3A DF F2 07 DB 0C A3 0C 00 00
2025-11-08T03:24:30.077211,62.281,can0  204  [16]  37 25 50 46 50 46 50 46 80 25 20 4E 30 75 00 00
2025-11-08T03:24:30.077234,62.281,can0  204  [16]  37 25 50 46 50 46 50 46 80 25 20 4E 30 75 00 00
2025-11-08T03:24:30.154517,62.358,can0  204  [16]  37 25 50 46 50 46 50 46 80 25 20 4E 30 75 00 00
2025-11-08T03:24:30.154632,62.358,can0  206  [16]  A3 0C E3 07 9B 0C 3A DF F6 07 BB 0C A3 0C 00 00
2025-11-08T03:24:30.154915,62.359,can0  041  [04]  2F 00 00 00
2025-11-08T03:24:30.155224,62.359,can0  204  [16]  37 25 50 46 50 46 50 46 80 25 20 4E 30 75 00 00
2025-11-08T03:24:30.155569,62.359,can0  204  [16]  37 25 50 46 50 46 50 46 80 25 20 4E 30 75 00 00
2025-11-08T03:24:30.280120,62.484,can0  204  [16]  37 25 50 46 50 46 50 46 80 25 20 4E 30 75 00 00
2025-11-08T03:24:30.280328,62.484,can0  206  [16]  A7 0C E0 07 9F 0C DA DC F2 07 BB 0C A3 0C 00 00
2025-11-08T03:24:30.280358,62.484,can0  204  [16]  37 25 50 46 50 46 50 46 80 25 20 4E 30 75 00 00
2025-11-08T03:24:30.283109,62.487,can0  041  [04]  2F 00 00 00
2025-11-08T03:24:30.358958,62.563,can0  204  [16]  37 25 50 46 50 46 50 46 80 25 20 4E 30 75 00 00
2025-11-08T03:24:30.359029,62.563,can0  206  [16]  A7 0C DC 07 9B 0C DA DC F2 07 BB 0C A3 0C 00 00
2025-11-08T03:24:30.359047,62.563,can0  204  [16]  37 25 50 46 50 46 50 46 80 25 20 4E 30 75 00 00
2025-11-08T03:24:30.480647,62.684,can0  204  [16]  37 25 50 46 50 46 50 46 80 25 20 4E 30 75 00 00
2025-11-08T03:24:30.484104,62.688,can0  204  [16]  37 25 50 46 50 46 50 46 80 25 20 4E 30 75 00 00
2025-11-08T03:24:30.564076,62.768,can0  206  [16]  9B 0C DE 07 9B 0C B1 E0 F4 07 EC 0C AB 0C 00 00
2025-11-08T03:24:30.564137,62.768,can0  204  [16]  37 25 50 46 50 46 50 46 80 25 20 4E 30 75 00 00
2025-11-08T03:24:30.564151,62.768,can0  041  [04]  8B 00 00 00
2025-11-08T03:24:30.688329,62.892,can0  204  [16]  37 25 50 46 50 46 50 46 80 25 20 4E 30 75 00 00
2025-11-08T03:24:30.688543,62.892,can0  204  [16]  37 25 50 46 50 46 50 46 80 25 20 4E 30 75 00 00
2025-11-08T03:24:30.688567,62.892,can0  206  [16]  A7 0C DE 07 9B 0C 99 C6 F4 07 C3 0C 9F 0C 00 00
2025-11-08T03:24:30.695296,62.899,can0  204  [16]  37 25 50 46 50 46 50 46 80 25 20 4E 30 75 00 00
2025-11-08T03:24:30.768545,62.972,can0  204  [16]  37 25 50 46 50 46 50 46 80 25 20 4E 30 75 00 00
2025-11-08T03:24:30.973332,63.177,can0  204  [16]  37 25 50 46 50 46 50 46 80 25 20 4E 30 75 00 00
2025-11-08T03:24:30.982627,63.186,can0  041  [04]  8B 00 00 00
2025-11-08T03:24:30.982924,63.187,can0  206  [16]  9B 0C DC 07 9B 0C 99 C6 FA 07 C3 0C A7 0C 00 00
2025-11-08T03:24:30.982980,63.187,can0  204  [16]  37 25 50 46 50 46 50 46 80 25 20 4E 30 75 00 00
2025-11-08T03:24:31.101045,63.305,can0  204  [16]  37 25 50 46 50 46 50 46 80 25 20 4E 30 75 00 00
2025-11-08T03:24:31.101182,63.305,can0  204  [16]  37 25 50 46 50 46 50 46 80 25 20 4E 30 75 00 00
2025-11-08T03:24:31.109076,63.313,can0  206  [16]  A3 0C E0 07 97 0C DA DC F6 07 C3 0C A7 0C 00 00
2025-11-08T03:24:31.109371,63.313,can0  204  [16]  37 25 50 46 50 46 50 46 80 25 20 4E 30 75 00 00
2025-11-08T03:24:31.109491,63.313,can0  041  [04]  8B 00 02 00
2025-11-08T03:24:31.173502,63.377,can0  204  [16]  37 25 50 46 50 46 50 46 80 25 20 4E 30 75 00 00
2025-11-08T03:24:31.173647,63.377,can0  204  [16]  37 25 50 46 50 46 50 46 80 25 20 4E 30 75 00 00
2025-11-08T03:24:31.173691,63.378,can0  206  [16]  9F 0C DE 07 A3 0C DA DC F6 07 B7 0C A3 0C 00 00
2025-11-08T03:24:31.303568,63.507,can0  204  [16]  37 25 50 46 50 46 50 46 80 25 20 4E 30 75 00 00
2025-11-08T03:24:31.303665,63.507,can0  204  [16]  37 25 50 46 50 46 50 46 80 25 20 4E 30 75 00 00
2025-11-08T03:24:31.369070,63.573,can0  206  [16]  A3 0C E0 07 9F 0C DA DC EF 07 B7 0C A3 0C 00 00
2025-11-08T03:24:31.369586,63.573,can0  204  [16]  37 25 50 46 50 46 50 46 80 25 20 4E 30 75 00 00
2025-11-08T03:24:31.369684,63.574,can0  041  [04]  5D 00 00 00
2025-11-08T03:24:31.587669,63.792,can0  204  [16]  37 25 50 46 50 46 50 46 80 25 20 4E 30 75 00 00
2025-11-08T03:24:31.850561,64.054,can0  204  [16]  37 25 50 46 50 46 50 46 80 25 20 4E 30 75 00 00
2025-11-08T03:24:31.852213,64.056,can0  206  [16]  9F 0C E3 07 B3 0C 3A DF F4 07 AB 0C A3 0C 00 00
2025-11-08T03:24:31.852661,64.056,can0  204  [16]  37 25 50 46 50 46 50 46 80 25 20 4E 30 75 00 00
2025-11-08T03:24:31.852739,64.057,can0  204  [16]  37 25 50 46 50 46 50 46 80 25 20 4E 30 75 00 00
2025-11-08T03:24:31.852790,64.057,can0  041  [04]  5E 00 02 00
2025-11-08T03:24:31.852820,64.057,can0  204  [16]  37 25 50 46 50 46 50 46 80 25 20 4E 30 75 00 00
2025-11-08T03:24:31.852845,64.057,can0  206  [16]  AB 0C DE 07 9B 0C B1 E0 F8 07 BB 0C 9F 0C 00 00
2025-11-08T03:24:31.852869,64.057,can0  204  [16]  37 25 50 46 50 46 50 46 80 25 20 4E 30 75 00 00
2025-11-08T03:24:31.852895,64.057,can0  204  [16]  37 25 50 46 50 46 50 46 80 25 20 4E 30 75 00 00
2025-11-08T03:24:31.852918,64.057,can0  204  [16]  37 25 50 46 50 46 50 46 80 25 20 4E 30 75 00 00
2025-11-08T03:24:31.852942,64.057,can0  206  [16]  A3 0C DE 07 9B 0C 99 C6 F4 07 CB 0C A3 0C 00 00
2025-11-08T03:24:31.921909,64.126,can0  204  [16]  37 25 50 46 50 46 50 46 80 25 20 4E 30 75 00 00
2025-11-08T03:24:31.923127,64.127,can0  041  [04]  7A 00 02 00
2025-11-08T03:24:31.923183,64.127,can0  204  [16]  37 25 50 46 50 46 50 46 80 25 20 4E 30 75 00 00
2025-11-08T03:24:31.998068,64.202,can0  204  [16]  37 25 50 46 50 46 50 46 80 25 20 4E 30 75 00 00
2025-11-08T03:24:32.122480,64.326,can0  206  [16]  9F 0C DE 07 9B 0C 99 C6 EF 07 BB 0C AB 0C 00 00
2025-11-08T03:24:32.123035,64.327,can0  204  [16]  37 25 50 46 50 46 50 46 80 25 20 4E 30 75 00 00
2025-11-08T03:24:32.123087,64.327,can0  204  [16]  37 25 50 46 50 46 50 46 80 25 20 4E 30 75 00 00
2025-11-08T03:24:32.203192,64.407,can0  041  [04]  02 00 00 00
2025-11-08T03:24:32.203322,64.407,can0  206  [16]  A7 0C DC 07 9B 0C 3A DF F4 07 B7 0C 9F 0C 00 00
2025-11-08T03:24:32.203374,64.407,can0  204  [16]  37 25 50 46 50 46 50 46 80 25 20 4E 30 75 00 00
2025-11-08T03:24:32.333587,64.537,can0  204  [16]  37 25 50 46 50 46 50 46 80 25 20 4E 30 75 00 00
2025-11-08T03:24:32.333940,64.538,can0  204  [16]  37 25 50 46 50 46 50 46 80 25 20 4E 30 75 00 00
2025-11-08T03:24:32.334016,64.538,can0  206  [16]  9F 0C DE 07 93 0C A0 E2 F2 07 C7 0C A7 0C 00 00
2025-11-08T03:24:32.353156,64.557,can0  204  [16]  37 25 50 46 50 46 50 46 80 25 20 4E 30 75 00 00
2025-11-08T03:24:32.404293,64.608,can0  204  [16]  37 25 50 46 50 46 50 46 80 25 20 4E 30 75 00 00
2025-11-08T03:24:32.434760,64.639,can0  041  [04]  2F 00 00 00
2025-11-08T03:24:32.454617,64.658,can0  204  [16]  37 25 50 46 50 46 50 46 80 25 20 4E 30 75 00 00
2025-11-08T03:24:32.497982,64.702,can0  206  [16]  B7 0C DE 07 9B 0C 3A DF F4 07 BB 0C 8F 0C 00 00
2025-11-08T03:24:32.526115,64.730,can0  204  [16]  37 25 50 46 50 46 50 46 80 25 20 4E 30 75 00 00
2025-11-08T03:24:32.570876,64.775,can0  204  [16]  37 25 50 46 50 46 50 46 80 25 20 4E 30 75 00 00
2025-11-08T03:24:32.639404,64.843,can0  204  [16]  37 25 50 46 50 46 50 46 80 25 20 4E 30 75 00 00
2025-11-08T03:24:32.652656,64.856,can0  206  [16]  9F 0C DC 07 9F 0C 99 C6 F8 07 BB 0C A7 0C 00 00
2025-11-08T03:24:32.703486,64.907,can0  041  [04]  8B 00 00 00
2025-11-08T03:24:32.703963,64.908,can0  204  [16]  37 25 50 46 50 46 50 46 80 25 20 4E 30 75 00 00
2025-11-08T03:24:32.741823,64.946,can0  204  [16]  37 25 50 46 50 46 50 46 80 25 20 4E 30 75 00 00
2025-11-08T03:24:32.799498,65.003,can0  204  [16]  37 25 50 46 50 46 50 46 80 25 20 4E 30 75 00 00
2025-11-08T03:24:32.825894,65.030,can0  206  [16]  8F 0C F2 07 9F 0C DA DC F6 07 BF 0C B7 0C 00 00
2025-11-08T03:24:32.856559,65.060,can0  204  [16]  37 25 50 46 50 46 50 46 80 25 20 4E 30 75 00 00
2025-11-08T03:24:32.916919,65.121,can0  204  [16]  37 25 50 46 50 46 50 46 80 25 20 4E 30 75 00 00
2025-11-08T03:24:32.946445,65.150,can0  041  [04]  8B 00 00 00
2025-11-08T03:24:32.972748,65.177,can0  204  [16]  37 25 50 46 50 46 50 46 80 25 20 4E 30 75 00 00
2025-11-08T03:24:33.004020,65.208,can0  206  [16]  BF 0C DC 07 9B 0C 99 C6 F6 07 C3 0C 87 0C 00 00
2025-11-08T03:24:33.049434,65.253,can0  204  [16]  37 25 50 46 50 46 50 46 80 25 20 4E 30 75 00 00
2025-11-08T03:24:33.108122,65.312,can0  204  [16]  37 25 50 46 50 46 50 46 80 25 20 4E 30 75 00 00
2025-11-08T03:24:33.143404,65.347,can0  206  [16]  A3 0C D8 07 93 0C DA DC F2 07 C7 0C A3 0C 00 00
2025-11-08T03:24:33.162296,65.366,can0  204  [16]  37 25 50 46 50 46 50 46 80 25 20 4E 30 75 00 00
2025-11-08T03:24:33.215795,65.420,can0  041  [04]  8B 00 00 00
2025-11-08T03:24:33.219818,65.424,can0  204  [16]  37 25 50 46 50 46 50 46 80 25 20 4E 30 75 00 00
2025-11-08T03:24:33.287923,65.492,can0  204  [16]  37 25 50 46 50 46 50 46 80 25 20 4E 30 75 00 00
2025-11-08T03:24:33.311032,65.515,can0  206  [16]  9B 0C DE 07 9F 0C D7 E6 01 08 C3 0C A7 0C 00 00
2025-11-08T03:24:33.337855,65.542,can0  204  [16]  37 25 50 46 50 46 50 46 80 25 20 4E 30 75 00 00
2025-11-08T03:24:33.420120,65.624,can0  204  [16]  37 25 50 46 50 46 50 46 80 25 20 4E 30 75 00 00
2025-11-08T03:24:33.450990,65.655,can0  204  [16]  37 25 50 46 50 46 50 46 80 25 20 4E 30 75 00 00
2025-11-08T03:24:33.477658,65.681,can0  206  [16]  9F 0C DE 07 A3 0C DA DC F2 07 BB 0C A3 0C 00 00
2025-11-08T03:24:33.478649,65.682,can0  041  [04]  3F 01 02 00
2025-11-08T03:24:33.529154,65.733,can0  204  [16]  37 25 50 46 50 46 50 46 80 25 20 4E 30 75 00 00
2025-11-08T03:24:33.565332,65.769,can0  204  [16]  37 25 50 46 50 46 50 46 80 25 20 4E 30 75 00 00
2025-11-08T03:24:33.625103,65.829,can0  204  [16]  37 25 50 46 50 46 50 46 80 25 20 4E 30 75 00 00
2025-11-08T03:24:33.645050,65.849,can0  206  [16]  A7 0C DC 07 9B 0C 99 C6 F2 07 BF 0C 9F 0C 00 00
2025-11-08T03:24:33.681039,65.885,can0  204  [16]  37 25 50 46 50 46 50 46 80 25 20 4E 30 75 00 00
2025-11-08T03:24:33.739682,65.944,can0  204  [16]  37 25 50 46 50 46 50 46 80 25 20 4E 30 75 00 00
2025-11-08T03:24:33.747314,65.951,can0  041  [04]  3F 01 02 00
2025-11-08T03:24:33.796434,66.000,can0  204  [16]  37 25 50 46 50 46 50 46 80 25 20 4E 30 75 00 00
2025-11-08T03:24:33.842412,66.046,can0  206  [16]  AB 0C DE 07 8F 0C 3A DF F4 07 C7 0C A3 0C 00 00
2025-11-08T03:24:33.860307,66.064,can0  204  [16]  37 25 50 46 50 46 50 46 80 25 20 4E 30 75 00 00
