Timestamp,Elapsed_Time_s,Temp1_C,Temp2_C,Temp3_C,Volt1_V,Volt2_V,Volt3_V,Volt4_V,Set_Rudder_deg,Actual_Rudder_deg
2025-08-08T21:55:26.252094,4.763,72.66,69.81,63.25,2.47,2.58,2.54,2.67,0,0.0
2025-08-08T21:55:26.254368,4.765,73.03,69.76,63.11,2.47,2.56,2.55,2.68,0,0.0
2025-08-08T21:55:26.576752,5.087,73.16,69.64,63.25,2.49,2.56,2.55,2.68,0,0.0
2025-08-08T21:55:26.578149,5.089,73.22,69.81,63.39,2.49,2.55,2.57,2.69,0,0.0
2025-08-08T21:55:26.579148,5.090,72.78,69.64,63.02,2.49,2.57,2.55,2.69,0,0.0
2025-08-08T21:55:26.579148,5.090,73.10,69.53,63.25,2.49,2.55,2.56,2.67,0,0.0
2025-08-08T21:55:26.909586,5.420,73.22,69.53,63.49,2.49,2.53,2.57,2.69,0,0.0
2025-08-08T21:55:26.910772,5.421,73.16,69.76,63.58,2.49,2.51,2.63,2.71,0,0.0
2025-08-08T21:55:26.939917,5.450,73.10,69.76,63.58,2.49,2.50,2.64,2.72,0,0.0
2025-08-08T21:55:27.241337,5.752,72.72,70.68,63.35,2.45,2.49,2.62,2.74,0,0.0
2025-08-08T21:55:27.241337,5.752,71.27,71.44,62.32,2.41,2.53,2.56,2.68,0,0.0
2025-08-08T21:55:27.241337,5.752,71.39,71.50,62.28,2.41,2.55,2.55,2.67,0,0.0
2025-08-08T21:55:27.558360,6.069,71.62,71.44,62.37,2.41,2.55,2.55,2.65,0,0.0
2025-08-08T21:55:27.561261,6.072,71.62,71.15,62.41,2.42,2.56,2.54,2.63,0,0.0
2025-08-08T21:55:27.561261,6.072,71.68,71.15,62.55,2.43,2.57,2.55,2.61,0,0.0
2025-08-08T21:55:27.893710,6.404,71.87,70.97,62.60,2.43,2.56,2.55,2.63,0,0.0
2025-08-08T21:55:27.894798,6.405,72.11,70.68,62.64,2.44,2.55,2.55,2.64,0,0.0
2025-08-08T21:55:27.894798,6.405,72.35,70.21,62.78,2.45,2.56,2.56,2.64,0,0.0
2025-08-08T21:55:28.225607,6.736,72.66,70.33,62.88,2.46,2.55,2.57,2.65,0,0.0
2025-08-08T21:55:28.225607,6.736,73.03,70.21,62.97,2.47,2.55,2.58,2.66,0,0.0
2025-08-08T21:55:28.225607,6.736,73.10,70.04,63.25,2.48,2.54,2.61,2.67,0,0.0
2025-08-08T21:55:28.225607,6.736,73.16,69.87,63.39,2.46,2.53,2.62,2.67,0,0.0
2025-08-08T21:55:28.557973,7.069,73.22,70.16,63.49,2.47,2.52,2.62,2.68,0,0.0
2025-08-08T21:55:28.557973,7.069,73.16,70.33,63.58,2.46,2.51,2.62,2.70,0,0.0
2025-08-08T21:55:28.562746,7.073,73.03,70.62,63.54,2.46,2.54,2.63,2.73,0,0.0
2025-08-08T21:55:28.875243,7.386,72.85,70.74,63.44,2.45,2.53,2.63,2.73,0,0.0
2025-08-08T21:55:28.877273,7.388,72.78,70.33,63.39,2.46,2.53,2.64,2.72,0,0.0
2025-08-08T21:55:28.879287,7.390,72.60,70.21,63.25,2.45,2.53,2.63,2.74,0,0.0
2025-08-08T21:55:29.207619,7.718,72.41,70.68,63.16,2.44,2.53,2.61,2.74,0,0.0
2025-08-08T21:55:29.209635,7.720,72.23,70.97,63.06,2.43,2.57,2.57,2.73,0,0.0
2025-08-08T21:55:29.211652,7.722,71.74,71.09,62.97,2.42,2.57,2.57,2.72,0,0.0
2025-08-08T21:55:29.211652,7.722,71.39,71.33,62.78,2.42,2.57,2.57,2.72,0,0.0
2025-08-08T21:55:29.540991,8.052,71.33,71.44,62.60,2.40,2.56,2.55,2.70,0,0.0
2025-08-08T21:55:29.540991,8.052,71.39,71.44,62.51,2.39,2.56,2.53,2.70,0,0.0
2025-08-08T21:55:29.540991,8.052,71.33,71.33,62.37,2.38,2.57,2.53,2.67,0,0.0
2025-08-08T21:55:29.859096,8.370,71.44,71.44,62.28,2.39,2.62,2.51,2.66,0,0.0
2025-08-08T21:55:29.859096,8.370,71.62,70.97,62.69,2.43,2.61,2.50,2.62,0,0.0
2025-08-08T21:55:29.862482,8.373,72.60,70.10,62.74,2.45,2.62,2.53,2.63,0,0.0
2025-08-08T21:55:30.190991,8.702,72.85,69.87,62.83,2.47,2.61,2.53,2.64,0,0.0
2025-08-08T21:55:30.190991,8.702,72.97,69.76,63.11,2.48,2.63,2.54,2.66,0,0.0
2025-08-08T21:55:30.190991,8.702,73.16,69.64,63.25,2.49,2.62,2.55,2.67,0,0.0
2025-08-08T21:55:30.527750,9.038,73.22,69.81,63.49,2.48,2.61,2.56,2.68,0,0.0
2025-08-08T21:55:30.527750,9.038,73.22,69.98,63.58,2.46,2.58,2.57,2.69,0,0.0
2025-08-08T21:55:30.527750,9.038,73.10,70.10,63.58,2.47,2.56,2.61,2.70,0,0.0
2025-08-08T21:55:30.527750,9.038,73.03,70.16,63.44,2.45,2.56,2.62,2.70,0,0.0
2025-08-08T21:55:30.859318,9.370,72.91,70.10,63.44,2.46,2.54,2.62,2.71,0,0.0
2025-08-08T21:55:30.859318,9.370,72.66,70.27,63.35,2.45,2.55,2.61,2.72,0,0.0
2025-08-08T21:55:30.859318,9.370,72.48,70.50,63.25,2.45,2.61,2.58,2.73,0,0.0
2025-08-08T21:55:31.192563,9.703,72.35,70.68,63.16,2.46,2.56,2.58,2.73,0,0.0
2025-08-08T21:55:31.192563,9.703,71.99,71.09,63.11,2.43,2.57,2.57,2.71,0,0.0
2025-08-08T21:55:31.192563,9.703,71.74,71.50,62.92,2.42,2.61,2.61,2.70,0,0.0
2025-08-08T21:55:31.525709,10.036,71.56,71.68,62.78,2.41,2.57,2.58,2.70,0,0.0
2025-08-08T21:55:31.525709,10.036,71.39,71.44,62.64,2.40,2.57,2.57,2.70,0,0.0
2025-08-08T21:55:31.525709,10.036,71.27,71.39,62.55,2.40,2.58,2.57,2.69,0,0.0
2025-08-08T21:55:31.525709,10.036,71.15,71.27,62.46,2.39,2.59,2.55,2.69,0,0.0
2025-08-08T21:55:31.842225,10.353,71.50,71.15,62.37,2.40,2.63,2.53,2.66,0,0.0
2025-08-08T21:55:31.843478,10.354,71.50,71.09,62.37,2.41,2.63,2.53,2.64,0,0.0
2025-08-08T21:55:31.843478,10.354,71.50,70.97,62.37,2.41,2.65,2.53,2.64,0,0.0
2025-08-08T21:55:32.175139,10.686,71.74,70.62,62.60,2.42,2.64,2.53,2.62,0,0.0
2025-08-08T21:55:32.175139,10.686,71.99,70.27,62.60,2.42,2.61,2.55,2.63,0,0.0
2025-08-08T21:55:32.175139,10.686,72.29,70.56,62.64,2.42,2.61,2.55,2.64,0,0.0
2025-08-08T21:55:32.511822,11.022,72.66,70.33,62.83,2.43,2.64,2.56,2.64,0,0.0
2025-08-08T21:55:32.511822,11.022,73.16,70.16,62.97,2.45,2.64,2.56,2.65,0,0.0
2025-08-08T21:55:32.513957,11.025,73.41,70.10,63.20,2.46,2.57,2.57,2.68,0,0.0
2025-08-08T21:55:32.842068,11.353,73.60,70.21,63.39,2.48,2.55,2.58,2.68,0,0.0
2025-08-08T21:55:32.845280,11.356,73.73,70.33,63.49,2.49,2.55,2.61,2.69,0,0.0
2025-08-08T21:55:32.846294,11.357,73.54,70.50,63.49,2.49,2.53,2.62,2.71,0,0.0
2025-08-08T21:55:32.847411,11.358,73.41,70.33,63.54,2.49,2.51,2.64,2.71,0,0.0
2025-08-08T21:55:33.174626,11.685,72.91,71.15,63.35,2.46,2.49,2.62,2.73,0,0.0
2025-08-08T21:55:33.176638,11.687,72.17,71.39,63.11,2.43,2.51,2.61,2.72,0,0.0
2025-08-08T21:55:33.178667,11.689,72.05,71.44,62.92,2.41,2.52,2.59,2.72,0,0.0
2025-08-08T21:55:33.508667,12.019,71.74,71.68,62.64,2.41,2.53,2.58,2.72,0,0.0
2025-08-08T21:55:33.508667,12.019,71.74,71.87,62.60,2.40,2.54,2.57,2.72,0,0.0
2025-08-08T21:55:33.508667,12.019,71.56,71.68,62.46,2.40,2.57,2.55,2.69,0,0.0
2025-08-08T21:55:33.827492,12.338,71.80,71.44,62.37,2.40,2.57,2.51,2.67,0,0.0
2025-08-08T21:55:33.856378,12.367,71.80,71.39,62.37,2.40,2.57,2.51,2.66,0,0.0
2025-08-08T21:55:33.856378,12.367,71.87,71.44,62.41,2.41,2.60,2.50,2.65,0,0.0
2025-08-08T21:55:33.856378,12.367,71.99,70.33,62.92,2.45,2.62,2.50,2.64,0,0.0
2025-08-08T21:55:34.155758,12.666,73.28,69.70,63.11,2.47,2.57,2.53,2.66,0,0.0
2025-08-08T21:55:34.155758,12.666,73.35,69.87,63.25,2.48,2.56,2.55,2.66,0,0.0
2025-08-08T21:55:34.155758,12.666,73.60,69.98,63.49,2.49,2.56,2.57,2.66,0,0.0
2025-08-08T21:55:34.487788,12.998,73.67,69.76,63.49,2.49,2.53,2.57,2.67,0,0.0
2025-08-08T21:55:34.487788,12.998,73.35,70.27,63.58,2.49,2.52,2.61,2.70,0,0.0
2025-08-08T21:55:34.487788,12.998,73.22,70.39,63.54,2.48,2.51,2.61,2.72,0,0.0
2025-08-08T21:55:34.819665,13.330,73.16,70.21,63.54,2.48,2.53,2.61,2.72,0,0.0
2025-08-08T21:55:34.819665,13.330,73.10,70.21,63.39,2.47,2.52,2.61,2.72,0,0.0
2025-08-08T21:55:34.819665,13.330,72.85,70.33,63.35,2.47,2.51,2.63,2.74,0,0.0
2025-08-08T21:55:35.151980,13.663,72.78,70.79,63.20,2.46,2.53,2.62,2.73,0,0.0
2025-08-08T21:55:35.151980,13.663,72.48,70.85,63.16,2.46,2.53,2.62,2.73,0,0.0
2025-08-08T21:55:35.151980,13.663,72.17,71.09,63.02,2.44,2.57,2.61,2.73,0,0.0
2025-08-08T21:55:35.151980,13.663,71.80,71.44,62.88,2.43,2.54,2.59,2.72,0,0.0
2025-08-08T21:55:35.484811,13.995,71.50,71.74,62.64,2.42,2.55,2.58,2.71,0,0.0
2025-08-08T21:55:35.484811,13.995,71.44,71.74,62.51,2.41,2.55,2.57,2.70,0,0.0
2025-08-08T21:55:35.484811,13.995,71.44,71.62,62.37,2.40,2.57,2.54,2.70,0,0.0
2025-08-08T21:55:35.823222,14.334,71.56,71.56,62.32,2.40,2.59,2.54,2.68,0,0.0
2025-08-08T21:55:35.823222,14.334,71.74,71.50,62.32,2.41,2.61,2.53,2.66,0,0.0
2025-08-08T21:55:35.823222,14.334,71.80,71.39,62.51,2.43,2.61,2.53,2.65,0,0.0
2025-08-08T21:55:36.139665,14.650,71.74,71.21,62.60,2.43,2.61,2.53,2.64,0,0.0
2025-08-08T21:55:36.141677,14.652,72.11,71.15,62.69,2.43,2.61,2.55,2.64,0,0.0
2025-08-08T21:55:36.141677,14.652,72.11,70.85,62.74,2.44,2.58,2.55,2.65,0,0.0
2025-08-08T21:55:36.474553,14.985,72.48,70.62,62.83,2.44,2.62,2.55,2.65,0,0.0
2025-08-08T21:55:36.474553,14.985,73.03,70.27,62.97,2.47,2.61,2.56,2.67,0,0.0
2025-08-08T21:55:36.477333,14.988,73.16,70.21,63.06,2.47,2.56,2.57,2.68,0,0.0
2025-08-08T21:55:36.477333,14.988,73.35,70.10,63.20,2.49,2.54,2.57,2.69,0,0.0
2025-08-08T21:55:36.807706,15.318,73.35,70.16,63.39,2.49,2.53,2.62,2.69,0,0.0
2025-08-08T21:55:36.807706,15.318,73.22,70.16,63.44,2.49,2.51,2.62,2.70,0,0.0
2025-08-08T21:55:36.807706,15.318,72.85,70.79,63.39,2.47,2.50,2.63,2.73,0,0.0
2025-08-08T21:55:37.123530,15.634,72.41,71.15,63.11,2.47,2.51,2.63,2.74,0,0.0
2025-08-08T21:55:37.124837,15.635,71.99,71.33,63.06,2.45,2.51,2.58,2.73,0,0.0
2025-08-08T21:55:37.124837,15.635,71.44,71.27,62.83,2.43,2.54,2.56,2.72,0,0.0
2025-08-08T21:55:37.457488,15.968,71.33,71.27,62.64,2.40,2.55,2.55,2.72,0,0.0
2025-08-08T21:55:37.457488,15.968,71.21,71.27,62.41,2.39,2.57,2.54,2.70,0,0.0
2025-08-08T21:55:37.457488,15.968,71.27,71.27,62.32,2.38,2.61,2.53,2.69,0,0.0
2025-08-08T21:55:37.792686,16.303,71.21,71.09,62.28,2.39,2.57,2.52,2.69,0,0.0
2025-08-08T21:55:37.792686,16.303,71.39,71.09,62.18,2.39,2.63,2.51,2.68,0,0.0
2025-08-08T21:55:37.797187,16.308,71.62,70.97,62.41,2.40,2.61,2.51,2.66,0,0.0
2025-08-08T21:55:37.798311,16.309,71.56,71.27,62.55,2.40,2.62,2.51,2.65,0,0.0
2025-08-08T21:55:38.128235,16.639,71.68,71.15,62.60,2.41,2.63,2.51,2.63,0,0.0
2025-08-08T21:55:38.128235,16.639,71.87,70.85,62.64,2.41,2.57,2.52,2.65,0,0.0
2025-08-08T21:55:38.130250,16.641,72.17,70.44,62.78,2.43,2.57,2.53,2.66,0,0.0
2025-08-08T21:55:38.458550,16.969,72.54,70.04,62.92,2.44,2.57,2.54,2.66,0,0.0
2025-08-08T21:55:38.458550,16.969,72.78,69.98,63.11,2.45,2.55,2.54,2.67,0,0.0
2025-08-08T21:55:38.458550,16.969,73.03,69.93,63.20,2.46,2.55,2.55,2.66,0,0.0
2025-08-08T21:55:38.792885,17.303,73.16,70.04,63.44,2.47,2.53,2.57,2.67,0,0.0
2025-08-08T21:55:38.792885,17.303,73.22,70.10,63.54,2.48,2.52,2.59,2.69,0,0.0
2025-08-08T21:55:38.797616,17.308,73.10,70.27,63.63,2.47,2.53,2.61,2.71,0,0.0
2025-08-08T21:55:38.797616,17.308,72.91,70.44,63.68,2.47,2.51,2.61,2.72,0,0.0
2025-08-08T21:55:39.127614,17.638,72.48,71.33,63.39,2.45,2.49,2.57,2.74,0,0.0
2025-08-08T21:55:39.127614,17.638,71.68,71.44,63.11,2.44,2.51,2.57,2.72,0,0.0
2025-08-08T21:55:39.129629,17.640,71.44,71.68,62.88,2.43,2.53,2.56,2.72,0,0.0
2025-08-08T21:55:39.458145,17.969,71.33,71.74,62.83,2.43,2.55,2.55,2.71,0,0.0
2025-08-08T21:55:39.459590,17.970,71.33,71.87,62.69,2.42,2.57,2.55,2.71,0,0.0
2025-08-08T21:55:39.793540,18.304,71.21,71.62,62.41,2.40,2.57,2.52,2.68,0,0.0
2025-08-08T21:55:39.795563,18.306,71.27,71.56,62.37,2.40,2.58,2.51,2.66,0,0.0
2025-08-08T21:55:39.796854,18.307,71.50,71.15,62.60,2.41,2.63,2.50,2.65,0,0.0
2025-08-08T21:55:40.110799,18.621,71.50,71.15,62.55,2.41,2.62,2.50,2.64,0,0.0
2025-08-08T21:55:40.110799,18.621,71.74,70.62,63.11,2.44,2.64,2.49,2.63,0,0.0
2025-08-08T21:55:40.110799,18.621,73.16,70.27,63.35,2.46,2.57,2.54,2.66,0,0.0
2025-08-08T21:55:40.110799,18.621,73.22,70.27,63.44,2.47,2.56,2.55,2.66,0,0.0
2025-08-08T21:55:40.445572,18.956,73.16,70.33,63.58,2.47,2.55,2.58,2.68,0,0.0
2025-08-08T21:55:40.445572,18.956,72.97,70.44,63.58,2.47,2.53,2.61,2.69,0,0.0
2025-08-08T21:55:40.448229,18.959,73.03,70.44,63.68,2.48,2.54,2.61,2.71,0,0.0
2025-08-08T21:55:40.776433,19.287,72.78,70.27,63.58,2.48,2.52,2.61,2.73,0,0.0
2025-08-08T21:55:40.776433,19.287,72.66,70.33,63.58,2.48,2.51,2.61,2.73,0,0.0
2025-08-08T21:55:40.776433,19.287,72.54,70.44,63.39,2.45,2.50,2.61,2.75,0,0.0
2025-08-08T21:55:41.111508,19.622,71.33,71.99,62.78,2.40,2.53,2.55,2.70,0,0.0
2025-08-08T21:55:41.112630,19.623,71.33,71.74,62.55,2.40,2.62,2.53,2.69,0,0.0
2025-08-08T21:55:41.445957,19.957,71.50,71.44,62.51,2.40,2.66,2.50,2.65,0,0.0
2025-08-08T21:55:41.445957,19.957,71.74,71.09,62.60,2.41,2.65,2.50,2.64,0,0.0
2025-08-08T21:55:41.762484,20.273,71.99,70.68,62.74,2.42,2.64,2.51,2.64,0,0.0
2025-08-08T21:55:41.762484,20.273,72.05,70.39,62.88,2.42,2.61,2.51,2.64,0,0.0
2025-08-08T21:55:41.762484,20.273,72.54,69.98,62.97,2.43,2.62,2.51,2.64,0,0.0
2025-08-08T21:55:42.095792,20.606,72.48,69.76,63.06,2.45,2.61,2.52,2.65,0,0.0
2025-08-08T21:55:42.095792,20.606,72.97,69.70,63.16,2.46,2.58,2.53,2.65,0,0.0
2025-08-08T21:55:42.095792,20.606,73.10,69.87,63.35,2.48,2.61,2.54,2.66,0,0.0
2025-08-08T21:55:42.430490,20.941,73.22,70.10,63.44,2.47,2.58,2.55,2.68,0,0.0
2025-08-08T21:55:42.430490,20.941,73.22,70.21,63.58,2.47,2.58,2.57,2.69,0,0.0
2025-08-08T21:55:42.432502,20.943,73.10,70.27,63.68,2.47,2.55,2.60,2.70,0,0.0
2025-08-08T21:55:42.432502,20.943,72.97,70.44,63.58,2.48,2.53,2.61,2.72,0,0.0
2025-08-08T21:55:42.762997,21.274,72.91,70.50,63.54,2.46,2.52,2.62,2.73,0,0.0
2025-08-08T21:55:42.762997,21.274,72.72,70.44,63.39,2.45,2.51,2.59,2.74,0,0.0
2025-08-08T21:55:42.762997,21.274,71.74,71.68,63.06,2.41,2.49,2.56,2.69,0,0.0
2025-08-08T21:55:43.078843,21.589,71.33,71.62,62.60,2.39,2.52,2.54,2.68,0,0.0
2025-08-08T21:55:43.080914,21.591,71.27,71.44,62.55,2.39,2.53,2.53,2.68,0,0.0
2025-08-08T21:55:43.082987,21.594,71.33,71.33,62.32,2.39,2.54,2.53,2.68,0,0.0
2025-08-08T21:55:43.410258,21.921,71.33,71.15,62.28,2.41,2.57,2.51,2.66,0,0.0
2025-08-08T21:55:43.418036,21.929,71.56,71.03,62.41,2.43,2.59,2.51,2.66,0,0.0
2025-08-08T21:55:43.418036,21.929,72.72,70.27,62.78,2.47,2.57,2.52,2.66,0,0.0
2025-08-08T21:55:43.741358,22.252,72.91,69.87,63.02,2.49,2.55,2.54,2.66,0,0.0
2025-08-08T21:55:43.746553,22.257,73.03,69.76,63.16,2.49,2.56,2.57,2.66,0,0.0
2025-08-08T21:55:43.748586,22.259,73.22,70.16,63.35,2.49,2.56,2.58,2.67,0,0.0
2025-08-08T21:55:43.748586,22.259,73.28,70.27,63.54,2.50,2.55,2.61,2.69,0,0.0
2025-08-08T21:55:44.073298,22.584,73.22,70.16,63.16,2.48,2.61,2.57,2.66,0,0.0
2025-08-08T21:55:44.073298,22.584,73.22,70.21,63.25,2.49,2.56,2.59,2.67,0,0.0
2025-08-08T21:55:44.073298,22.584,73.28,70.27,63.39,2.49,2.55,2.61,2.68,0,0.0
2025-08-08T21:55:44.389195,22.900,73.16,70.27,63.44,2.49,2.54,2.62,2.68,0,0.0
2025-08-08T21:55:44.392914,22.903,73.10,70.44,63.54,2.49,2.53,2.63,2.70,0,0.0
2025-08-08T21:55:44.392914,22.903,72.78,70.56,63.63,2.49,2.54,2.63,2.74,0,0.0
2025-08-08T21:55:44.721940,23.233,72.66,70.68,63.35,2.48,2.55,2.64,2.74,0,0.0
2025-08-08T21:55:44.721940,23.233,72.66,70.85,63.30,2.47,2.52,2.63,2.74,0,0.0
2025-08-08T21:55:44.726285,23.237,72.48,71.09,63.20,2.45,2.52,2.62,2.75,0,0.0
2025-08-08T21:55:45.057448,23.568,72.29,71.27,63.16,2.45,2.53,2.62,2.74,0,0.0
2025-08-08T21:55:45.057448,23.568,71.93,71.68,62.97,2.43,2.53,2.62,2.70,0,0.0
2025-08-08T21:55:45.059463,23.570,71.80,71.68,62.78,2.42,2.53,2.61,2.70,0,0.0
2025-08-08T21:55:45.059463,23.570,71.44,71.87,62.60,2.41,2.54,2.58,2.71,0,0.0
2025-08-08T21:55:45.373338,23.884,71.39,71.80,62.55,2.41,2.54,2.57,2.71,0,0.0
2025-08-08T21:55:45.373338,23.884,71.39,71.74,62.41,2.40,2.56,2.57,2.69,0,0.0
2025-08-08T21:55:45.373338,23.884,71.39,71.15,62.37,2.39,2.57,2.56,2.67,0,0.0
2025-08-08T21:55:45.707175,24.218,71.44,71.09,62.32,2.39,2.58,2.55,2.68,0,0.0
2025-08-08T21:55:45.708335,24.219,71.62,70.97,62.41,2.41,2.58,2.54,2.64,0,0.0
2025-08-08T21:55:45.709372,24.220,71.74,70.74,62.46,2.41,2.61,2.55,2.66,0,0.0
2025-08-08T21:55:46.037851,24.548,71.80,70.74,62.64,2.42,2.63,2.57,2.65,0,0.0
2025-08-08T21:55:46.041850,24.552,72.05,70.50,62.74,2.43,2.63,2.57,2.65,0,0.0
2025-08-08T21:55:46.041850,24.552,72.17,70.27,62.74,2.43,2.62,2.55,2.66,0,0.0
2025-08-08T21:55:46.372393,24.883,72.60,70.04,62.83,2.45,2.57,2.56,2.66,0,0.0
2025-08-08T21:55:46.373837,24.884,72.91,69.87,62.97,2.48,2.57,2.56,2.67,0,0.0
2025-08-08T21:55:46.375851,24.886,73.10,69.76,63.16,2.49,2.57,2.57,2.67,0,0.0
2025-08-08T21:55:46.375851,24.886,73.22,69.81,63.35,2.49,2.57,2.58,2.68,0,0.0
2025-08-08T21:55:46.688443,25.199,73.35,69.87,63.49,2.50,2.55,2.61,2.68,0,0.0
2025-08-08T21:55:46.688443,25.199,73.28,70.10,63.58,2.49,2.55,2.62,2.70,0,0.0
2025-08-08T21:55:46.692947,25.204,73.10,70.39,63.58,2.49,2.53,2.64,2.72,0,0.0
2025-08-08T21:55:47.021450,25.532,72.91,70.62,63.54,2.49,2.52,2.64,2.73,0,0.0
2025-08-08T21:55:47.024003,25.535,72.91,70.74,63.44,2.47,2.52,2.64,2.73,0,0.0
2025-08-08T21:55:47.024514,25.535,72.66,70.85,63.35,2.47,2.52,2.63,2.74,0,0.0
2025-08-08T21:55:47.355765,25.866,72.66,71.03,63.20,2.46,2.50,2.62,2.74,0,0.0
2025-08-08T21:55:47.357276,25.868,72.35,71.39,63.11,2.46,2.53,2.62,2.73,0,0.0
2025-08-08T21:55:47.357276,25.868,72.11,71.56,63.11,2.45,2.53,2.61,2.72,0,0.0
2025-08-08T21:55:47.359818,25.870,71.74,71.62,62.88,2.44,2.57,2.61,2.72,0,0.0
2025-08-08T21:55:47.669248,26.180,71.44,71.80,62.64,2.43,2.54,2.59,2.71,0,0.0
2025-08-08T21:55:47.669248,26.180,71.21,71.80,62.46,2.41,2.57,2.56,2.71,0,0.0
2025-08-08T21:55:47.669248,26.180,71.15,71.68,62.41,2.41,2.58,2.56,2.70,0,0.0
2025-08-08T21:55:48.002368,26.513,71.44,71.50,62.28,2.41,2.61,2.55,2.69,0,0.0
2025-08-08T21:55:48.002368,26.513,71.56,71.44,62.23,2.41,2.58,2.54,2.66,0,0.0
2025-08-08T21:55:48.002368,26.513,71.68,71.09,62.28,2.41,2.57,2.53,2.66,0,0.0
2025-08-08T21:55:48.337265,26.848,71.68,70.97,62.32,2.41,2.57,2.53,2.65,0,0.0
2025-08-08T21:55:48.337265,26.848,71.80,70.85,62.46,2.42,2.57,2.53,2.64,0,0.0
2025-08-08T21:55:48.337265,26.848,71.80,70.56,62.60,2.44,2.57,2.54,2.64,0,0.0
2025-08-08T21:55:48.655653,27.166,72.29,70.27,62.64,2.45,2.57,2.55,2.65,0,0.0
2025-08-08T21:55:48.656810,27.167,72.54,69.87,62.74,2.46,2.55,2.55,2.65,0,0.0
2025-08-08T21:55:48.657319,27.168,72.66,69.87,62.88,2.47,2.55,2.56,2.66,0,0.0
2025-08-08T21:55:48.988014,27.499,73.16,69.64,63.16,2.49,2.55,2.57,2.68,0,0.0
2025-08-08T21:55:48.990042,27.501,73.10,69.70,63.35,2.48,2.55,2.59,2.68,0,0.0
2025-08-08T21:55:48.990042,27.501,73.28,69.81,63.73,2.48,2.53,2.62,2.69,0,0.0
2025-08-08T21:55:48.990042,27.501,73.28,69.87,63.92,2.48,2.51,2.62,2.69,0,0.0
2025-08-08T21:55:49.323679,27.834,73.03,69.98,63.97,2.47,2.51,2.64,2.71,0,0.0
2025-08-08T21:55:49.323679,27.834,72.91,70.10,63.97,2.47,2.50,2.64,2.72,0,0.0
2025-08-08T21:55:49.323679,27.834,72.91,70.21,63.82,2.46,2.50,2.65,2.73,0,0.0
2025-08-08T21:55:49.658487,28.169,71.74,71.44,63.06,2.42,2.51,2.61,2.72,0,0.0
2025-08-08T21:55:49.658487,28.169,71.50,71.39,62.83,2.41,2.51,2.61,2.71,0,0.0
2025-08-08T21:55:49.660503,28.171,71.33,71.39,62.69,2.40,2.52,2.58,2.69,0,0.0
2025-08-08T21:55:49.990022,28.501,71.33,71.33,62.32,2.41,2.53,2.57,2.68,0,0.0
2025-08-08T21:55:49.990022,28.501,71.39,71.27,62.37,2.41,2.55,2.55,2.67,0,0.0
2025-08-08T21:55:49.990022,28.501,71.44,71.15,62.32,2.41,2.61,2.53,2.64,0,0.0
2025-08-08T21:55:49.990022,28.501,71.56,71.09,62.37,2.42,2.63,2.53,2.62,0,0.0
2025-08-08T21:55:50.310913,28.821,71.74,71.03,62.46,2.42,2.62,2.52,2.62,0,0.0
2025-08-08T21:55:50.310913,28.821,71.74,70.79,62.55,2.43,2.57,2.53,2.61,0,0.0
2025-08-08T21:55:50.310913,28.821,71.99,70.56,62.64,2.43,2.57,2.53,2.62,0,0.0
2025-08-08T21:55:50.645046,29.156,72.11,70.39,62.74,2.44,2.56,2.53,2.64,0,0.0
2025-08-08T21:55:50.645046,29.156,72.54,70.16,62.83,2.45,2.55,2.56,2.65,0,0.0
2025-08-08T21:55:50.647984,29.159,72.72,69.81,62.92,2.45,2.56,2.57,2.65,0,0.0
2025-08-08T21:55:50.976810,29.487,72.91,69.81,63.06,2.47,2.55,2.58,2.65,0,0.0
2025-08-08T21:55:50.978824,29.489,73.16,69.81,63.25,2.47,2.54,2.60,2.66,0,0.0
2025-08-08T21:55:50.980834,29.491,73.28,69.87,63.39,2.47,2.53,2.61,2.66,0,0.0
2025-08-08T21:55:51.293027,29.804,73.28,69.87,63.54,2.48,2.52,2.64,2.68,0,0.0
2025-08-08T21:55:51.293027,29.804,73.03,70.10,63.49,2.47,2.50,2.64,2.69,0,0.0
2025-08-08T21:55:51.293027,29.804,73.03,70.33,63.44,2.48,2.52,2.65,2.72,0,0.0
2025-08-08T21:55:51.297842,29.808,72.78,70.16,63.39,2.46,2.52,2.66,2.72,0,0.0
2025-08-08T21:55:51.631310,30.142,72.60,70.27,63.35,2.47,2.50,2.64,2.73,0,0.0
2025-08-08T21:55:51.631310,30.142,71.44,71.44,62.69,2.42,2.51,2.59,2.70,0,0.0
2025-08-08T21:55:51.631310,30.142,71.27,71.39,62.55,2.41,2.54,2.57,2.68,0,0.0
2025-08-08T21:55:51.964491,30.475,71.27,71.33,62.46,2.41,2.55,2.55,2.67,0,0.0
2025-08-08T21:55:51.967067,30.478,71.39,71.27,62.32,2.41,2.57,2.54,2.68,0,0.0
2025-08-08T21:55:51.967668,30.478,71.44,71.44,62.28,2.42,2.59,2.53,2.66,0,0.0
2025-08-08T21:55:52.282706,30.793,71.50,71.44,62.37,2.42,2.62,2.53,2.64,0,0.0
2025-08-08T21:55:52.282706,30.793,71.74,71.33,62.55,2.43,2.61,2.53,2.64,0,0.0
2025-08-08T21:55:52.282706,30.793,71.87,71.27,62.55,2.43,2.61,2.53,2.62,0,0.0
2025-08-08T21:55:52.614989,31.126,72.05,70.97,62.64,2.44,2.62,2.55,2.64,0,0.0
2025-08-08T21:55:52.614989,31.126,72.23,70.27,62.64,2.45,2.61,2.55,2.64,0,0.0
2025-08-08T21:55:52.614989,31.126,72.54,70.04,62.64,2.45,2.59,2.55,2.65,0,0.0
2025-08-08T21:55:52.614989,31.126,72.78,69.76,62.92,2.45,2.62,2.56,2.65,0,0.0
2025-08-08T21:55:52.948974,31.460,73.16,69.70,63.06,2.48,2.62,2.55,2.66,0,0.0
2025-08-08T21:55:52.957966,31.469,73.16,69.70,63.25,2.49,2.62,2.55,2.65,0,0.0
2025-08-08T21:55:52.962855,31.473,72.72,69.70,62.74,2.49,2.58,2.54,2.65,0,0.0
2025-08-08T21:55:53.263531,31.774,73.16,69.70,63.06,2.49,2.61,2.55,2.66,0,0.0
2025-08-08T21:55:53.265765,31.776,73.22,69.70,63.16,2.50,2.57,2.57,2.66,0,0.0
2025-08-08T21:55:53.266851,31.777,73.22,69.81,63.44,2.48,2.53,2.58,2.67,0,0.0
2025-08-08T21:55:53.605008,32.116,73.22,69.93,63.44,2.48,2.52,2.61,2.69,0,0.0
2025-08-08T21:55:53.606530,32.117,73.10,70.04,63.39,2.47,2.50,2.62,2.71,0,0.0
2025-08-08T21:55:53.607303,32.118,72.35,71.09,63.02,2.44,2.52,2.58,2.72,0,0.0
2025-08-08T21:55:53.607303,32.118,71.99,71.15,62.88,2.43,2.52,2.58,2.72,0,0.0
2025-08-08T21:55:53.931190,32.442,71.80,71.44,62.64,2.43,2.51,2.57,2.72,0,0.0
2025-08-08T21:55:53.933201,32.444,71.56,71.50,62.46,2.41,2.53,2.56,2.69,0,0.0
2025-08-08T21:55:53.933201,32.444,71.39,71.39,62.37,2.39,2.55,2.53,2.70,0,0.0
2025-08-08T21:55:54.246108,32.757,71.44,71.39,62.28,2.39,2.57,2.52,2.68,0,0.0
2025-08-08T21:55:54.246108,32.757,71.56,71.27,62.23,2.41,2.57,2.51,2.66,0,0.0
2025-08-08T21:55:54.246108,32.757,71.74,71.15,62.37,2.40,2.57,2.50,2.64,0,0.0
2025-08-08T21:55:54.581298,33.092,71.80,71.39,62.51,2.40,2.61,2.50,2.64,0,0.0
2025-08-08T21:55:54.581298,33.092,71.93,71.27,62.51,2.41,2.57,2.51,2.63,0,0.0
2025-08-08T21:55:54.581298,33.092,72.11,71.15,62.51,2.44,2.57,2.51,2.62,0,0.0
2025-08-08T21:55:54.916411,33.427,72.35,70.62,62.60,2.42,2.57,2.53,2.62,0,0.0
2025-08-08T21:55:54.917039,33.428,72.66,70.21,62.55,2.44,2.58,2.53,2.64,0,0.0
2025-08-08T21:55:54.917039,33.428,72.78,69.87,62.64,2.45,2.55,2.55,2.65,0,0.0
2025-08-08T21:55:54.917039,33.428,73.03,69.87,62.88,2.46,2.56,2.56,2.65,0,0.0
2025-08-08T21:55:55.246035,33.757,73.35,70.16,63.20,2.48,2.55,2.57,2.66,0,0.0
2025-08-08T21:55:55.248047,33.759,73.47,70.21,63.49,2.49,2.53,2.61,2.67,0,0.0
2025-08-08T21:55:55.248047,33.759,73.54,70.21,63.58,2.49,2.52,2.63,2.70,0,0.0
2025-08-08T21:55:55.561251,34.072,73.28,70.39,63.77,2.47,2.51,2.64,2.72,0,0.0
2025-08-08T21:55:55.561251,34.072,71.80,72.05,62.78,2.41,2.49,2.57,2.72,0,0.0
2025-08-08T21:55:55.565480,34.076,71.44,71.27,62.37,2.41,2.52,2.54,2.70,0,0.0
2025-08-08T21:55:55.897456,34.408,71.50,71.15,62.32,2.43,2.55,2.52,2.68,0,0.0
2025-08-08T21:55:55.899690,34.410,71.74,71.33,62.32,2.42,2.56,2.51,2.67,0,0.0
2025-08-08T21:55:55.899690,34.410,71.93,71.27,62.37,2.43,2.56,2.51,2.66,0,0.0
2025-08-08T21:55:56.227464,34.738,71.99,70.74,62.55,2.43,2.58,2.51,2.65,0,0.0
2025-08-08T21:55:56.227464,34.738,72.05,70.50,62.64,2.44,2.61,2.51,2.65,0,0.0
2025-08-08T21:55:56.227464,34.738,72.35,70.27,62.69,2.44,2.57,2.52,2.65,0,0.0
2025-08-08T21:55:56.227464,34.738,72.54,70.04,62.74,2.45,2.56,2.53,2.66,0,0.0
2025-08-08T21:55:56.544920,35.055,72.85,69.87,62.78,2.46,2.61,2.53,2.66,0,0.0
2025-08-08T21:55:56.544920,35.055,73.16,69.87,63.06,2.47,2.59,2.53,2.66,0,0.0
2025-08-08T21:55:56.544920,35.055,73.35,69.70,63.20,2.49,2.56,2.55,2.68,0,0.0
2025-08-08T21:55:56.878071,35.389,72.72,69.70,62.78,2.48,2.60,2.54,2.68,0,0.0
2025-08-08T21:55:56.878071,35.389,73.22,69.70,63.49,2.49,2.57,2.55,2.68,0,0.0
2025-08-08T21:55:56.878071,35.389,73.54,69.64,63.63,2.49,2.55,2.55,2.67,0,0.0
2025-08-08T21:55:57.210838,35.721,73.41,69.70,63.82,2.49,2.53,2.57,2.68,0,0.0
2025-08-08T21:55:57.212225,35.723,73.47,69.70,63.82,2.48,2.53,2.58,2.69,0,0.0
2025-08-08T21:55:57.214245,35.725,73.41,69.81,63.92,2.49,2.53,2.61,2.70,0,0.0
2025-08-08T21:55:57.530380,36.041,73.22,69.93,63.87,2.49,2.50,2.62,2.72,0,0.0
2025-08-08T21:55:57.532415,36.043,72.17,71.03,63.39,2.45,2.51,2.61,2.72,0,0.0
2025-08-08T21:55:57.532415,36.043,71.93,71.27,62.83,2.43,2.54,2.59,2.73,0,0.0
2025-08-08T21:55:57.862123,36.373,71.62,71.33,62.51,2.42,2.55,2.57,2.72,0,0.0
2025-08-08T21:55:57.863690,36.374,71.39,71.33,62.28,2.42,2.56,2.55,2.71,0,0.0
2025-08-08T21:55:57.863690,36.374,71.50,71.03,62.18,2.43,2.59,2.54,2.68,0,0.0
2025-08-08T21:55:57.863690,36.374,71.68,70.85,62.18,2.41,2.57,2.53,2.66,0,0.0
2025-08-08T21:55:58.194509,36.705,71.74,70.97,62.28,2.43,2.62,2.53,2.64,0,0.0
2025-08-08T21:55:58.194509,36.705,71.87,70.91,62.32,2.44,2.57,2.54,2.64,0,0.0
2025-08-08T21:55:58.194509,36.705,72.11,70.74,62.37,2.44,2.57,2.54,2.63,0,0.0
2025-08-08T21:55:58.514538,37.025,72.23,70.62,62.46,2.43,2.58,2.55,2.62,0,0.0
2025-08-08T21:55:58.516551,37.027,72.41,70.10,62.60,2.46,2.57,2.55,2.64,0,0.0
2025-08-08T21:55:58.516551,37.027,72.54,70.21,62.64,2.45,2.62,2.56,2.63,0,0.0
2025-08-08T21:55:58.845661,37.356,72.85,69.98,62.78,2.47,2.56,2.56,2.63,0,0.0
2025-08-08T21:55:58.845661,37.356,73.35,69.81,63.06,2.47,2.57,2.57,2.64,0,0.0
2025-08-08T21:55:58.845661,37.356,73.41,69.87,63.25,2.50,2.55,2.58,2.65,0,0.0
2025-08-08T21:55:59.181835,37.692,73.54,70.33,63.39,2.49,2.57,2.61,2.66,0,0.0
2025-08-08T21:55:59.181835,37.692,73.47,70.27,63.54,2.49,2.56,2.62,2.68,0,0.0
2025-08-08T21:55:59.181835,37.692,73.28,70.27,63.54,2.49,2.55,2.63,2.69,0,0.0
2025-08-08T21:55:59.181835,37.692,73.22,70.50,63.44,2.48,2.53,2.61,2.71,0,0.0
2025-08-08T21:55:59.513956,38.025,72.41,71.44,63.35,2.45,2.50,2.57,2.70,0,0.0
2025-08-08T21:55:59.513956,38.025,71.74,71.62,62.78,2.42,2.54,2.56,2.68,0,0.0
2025-08-08T21:55:59.513956,38.025,71.39,71.33,62.55,2.39,2.58,2.55,2.68,0,0.0
2025-08-08T21:55:59.848363,38.359,71.33,71.21,62.37,2.39,2.57,2.53,2.69,0,0.0
2025-08-08T21:55:59.850379,38.361,71.33,71.09,62.28,2.39,2.63,2.51,2.66,0,0.0
2025-08-08T21:55:59.850379,38.361,71.44,71.39,62.23,2.39,2.66,2.50,2.65,0,0.0
2025-08-08T21:56:00.182272,38.693,71.39,71.56,62.28,2.40,2.67,2.51,2.64,0,0.0
2025-08-08T21:56:00.182272,38.693,72.66,70.74,62.69,2.43,2.62,2.51,2.64,0,0.0
2025-08-08T21:56:00.184286,38.695,72.72,70.44,62.74,2.43,2.64,2.52,2.64,0,0.0
2025-08-08T21:56:00.185282,38.696,73.16,70.33,63.02,2.45,2.63,2.53,2.65,0,0.0
2025-08-08T21:56:00.515337,39.026,73.22,70.10,63.20,2.46,2.58,2.54,2.65,0,0.0
2025-08-08T21:56:00.515337,39.026,73.28,69.93,63.39,2.47,2.62,2.56,2.66,0,0.0
2025-08-08T21:56:00.515337,39.026,73.22,69.93,63.54,2.47,2.57,2.57,2.67,0,0.0
2025-08-08T21:56:00.848062,39.359,73.22,70.27,63.58,2.47,2.57,2.59,2.69,0,0.0
2025-08-08T21:56:00.848062,39.359,73.16,70.33,63.49,2.47,2.53,2.61,2.70,0,0.0
2025-08-08T21:56:00.848062,39.359,72.91,70.04,63.30,2.46,2.54,2.61,2.72,0,0.0
2025-08-08T21:56:01.183015,39.694,72.78,70.10,63.20,2.46,2.54,2.58,2.73,0,0.0
2025-08-08T21:56:01.183015,39.694,72.72,70.27,63.16,2.45,2.55,2.56,2.72,0,0.0
2025-08-08T21:56:01.183015,39.694,72.23,70.85,63.06,2.45,2.53,2.57,2.71,0,0.0
2025-08-08T21:56:01.183015,39.694,71.87,71.03,62.92,2.44,2.55,2.57,2.70,0,0.0
2025-08-08T21:56:01.511890,40.022,71.62,71.03,62.74,2.41,2.57,2.56,2.70,0,0.0
2025-08-08T21:56:01.513902,40.024,71.50,71.21,62.69,2.41,2.58,2.55,2.70,0,0.0
2025-08-08T21:56:01.516440,40.027,71.21,71.39,62.41,2.42,2.55,2.53,2.68,0,0.0
2025-08-08T21:56:01.845117,40.356,71.33,71.27,62.23,2.42,2.58,2.51,2.65,0,0.0
2025-08-08T21:56:01.847145,40.358,72.17,70.10,63.02,2.47,2.57,2.49,2.63,0,0.0
2025-08-08T21:56:01.847145,40.358,73.28,69.70,63.16,2.49,2.58,2.53,2.66,0,0.0
2025-08-08T21:56:02.179470,40.690,73.28,69.76,63.35,2.49,2.54,2.57,2.66,0,0.0
2025-08-08T21:56:02.179470,40.690,72.85,69.64,63.06,2.49,2.58,2.54,2.65,0,0.0
2025-08-08T21:56:02.179470,40.690,73.16,69.70,63.25,2.49,2.58,2.55,2.66,0,0.0
2025-08-08T21:56:02.510528,41.021,73.10,69.98,63.44,2.49,2.53,2.56,2.67,0,0.0
2025-08-08T21:56:02.510528,41.021,72.97,70.10,63.44,2.49,2.54,2.57,2.68,0,0.0
2025-08-08T21:56:02.510528,41.021,72.72,70.10,63.49,2.49,2.51,2.58,2.70,0,0.0
2025-08-08T21:56:02.510528,41.021,72.66,70.21,63.35,2.49,2.51,2.58,2.71,0,0.0
2025-08-08T21:56:02.829289,41.340,72.60,70.44,63.30,2.48,2.53,2.58,2.73,0,0.0
2025-08-08T21:56:02.831298,41.342,72.60,70.39,63.25,2.48,2.50,2.57,2.72,0,0.0
2025-08-08T21:56:02.831298,41.342,72.23,70.79,63.16,2.47,2.51,2.56,2.72,0,0.0
2025-08-08T21:56:03.162328,41.673,71.99,71.03,63.06,2.46,2.53,2.56,2.71,0,0.0
2025-08-08T21:56:03.162328,41.673,71.68,71.33,62.97,2.45,2.51,2.55,2.69,0,0.0
2025-08-08T21:56:03.162328,41.673,71.44,71.33,62.74,2.43,2.53,2.55,2.68,0,0.0
2025-08-08T21:56:03.493202,42.004,71.15,71.44,62.46,2.42,2.56,2.53,2.69,0,0.0
2025-08-08T21:56:03.493202,42.004,71.09,71.33,62.37,2.41,2.57,2.51,2.67,0,0.0
2025-08-08T21:56:03.493202,42.004,71.27,71.27,62.28,2.42,2.58,2.51,2.67,0,0.0
2025-08-08T21:56:03.810488,42.321,72.05,69.98,63.11,2.48,2.56,2.49,2.64,0,0.0
2025-08-08T21:56:03.810488,42.321,73.22,69.76,63.25,2.50,2.53,2.55,2.66,0,0.0
2025-08-08T21:56:03.810488,42.321,72.60,69.76,62.78,2.49,2.56,2.53,2.66,0,0.0
2025-08-08T21:56:03.810488,42.321,73.10,69.76,63.20,2.49,2.58,2.54,2.65,0,0.0
2025-08-08T21:56:04.144348,42.655,72.41,69.70,62.74,2.48,2.58,2.53,2.63,0,0.0
2025-08-08T21:56:04.144348,42.655,73.03,69.76,63.06,2.48,2.61,2.53,2.63,0,0.0
2025-08-08T21:56:04.144348,42.655,73.16,69.76,63.30,2.49,2.58,2.55,2.65,0,0.0
2025-08-08T21:56:04.475114,42.986,72.54,69.98,62.97,2.48,2.66,2.53,2.65,0,0.0
2025-08-08T21:56:04.477142,42.988,73.10,70.21,63.25,2.49,2.63,2.54,2.66,0,0.0
2025-08-08T21:56:04.479177,42.990,73.16,70.16,63.49,2.49,2.62,2.55,2.66,0,0.0
2025-08-08T21:56:04.793067,43.304,72.66,70.04,62.97,2.47,2.62,2.54,2.65,0,0.0
2025-08-08T21:56:04.793067,43.304,73.10,70.10,63.25,2.49,2.57,2.55,2.66,0,0.0
2025-08-08T21:56:04.793067,43.304,73.22,70.21,63.49,2.49,2.58,2.56,2.68,0,0.0
2025-08-08T21:56:05.128650,43.639,73.22,70.21,63.58,2.49,2.61,2.57,2.69,0,0.0
2025-08-08T21:56:05.130667,43.641,73.16,70.33,63.63,2.49,2.54,2.58,2.72,0,0.0
2025-08-08T21:56:05.132754,43.643,72.97,70.44,63.54,2.49,2.53,2.61,2.73,0,0.0
2025-08-08T21:56:05.133791,43.644,72.85,70.44,63.54,2.47,2.52,2.62,2.74,0,0.0
2025-08-08T21:56:05.461670,43.972,72.35,71.50,63.30,2.45,2.49,2.57,2.73,0,0.0
2025-08-08T21:56:05.461670,43.972,71.62,71.80,62.92,2.42,2.52,2.56,2.72,0,0.0
2025-08-08T21:56:05.461670,43.972,71.39,71.87,62.60,2.42,2.52,2.55,2.72,0,0.0
2025-08-08T21:56:05.778973,44.290,71.39,71.87,62.55,2.42,2.52,2.53,2.71,0,0.0
2025-08-08T21:56:05.778973,44.290,71.39,71.68,62.37,2.42,2.55,2.51,2.68,0,0.0
2025-08-08T21:56:05.778973,44.290,71.44,71.62,62.32,2.41,2.55,2.50,2.68,0,0.0
2025-08-08T21:56:06.115014,44.626,72.23,70.85,62.69,2.44,2.56,2.51,2.64,0,0.0
2025-08-08T21:56:06.115014,44.626,72.54,70.33,62.83,2.45,2.55,2.53,2.64,0,0.0
2025-08-08T21:56:06.117821,44.628,72.78,70.16,63.06,2.48,2.55,2.53,2.66,0,0.0
2025-08-08T21:56:06.451146,44.962,72.91,70.10,63.11,2.49,2.54,2.53,2.67,0,0.0
2025-08-08T21:56:06.451146,44.962,73.22,70.16,63.35,2.49,2.54,2.53,2.68,0,0.0
2025-08-08T21:56:06.451146,44.962,72.78,70.16,62.97,2.49,2.56,2.53,2.68,0,0.0
2025-08-08T21:56:06.451146,44.962,72.17,70.50,62.64,2.47,2.58,2.51,2.66,0,0.0
2025-08-08T21:56:06.785141,45.296,72.91,70.27,62.92,2.47,2.57,2.51,2.66,0,0.0
2025-08-08T21:56:06.786196,45.297,72.91,70.21,63.02,2.48,2.57,2.53,2.66,0,0.0
2025-08-08T21:56:06.787869,45.298,73.28,70.04,63.06,2.49,2.57,2.53,2.66,0,0.0
2025-08-08T21:56:07.117972,45.629,73.28,70.27,63.20,2.50,2.55,2.56,2.67,0,0.0
2025-08-08T21:56:07.117972,45.629,73.16,69.76,63.06,2.49,2.57,2.53,2.65,0,0.0
2025-08-08T21:56:07.121051,45.632,73.35,69.70,63.25,2.49,2.57,2.56,2.66,0,0.0
2025-08-08T21:56:07.435168,45.946,73.41,69.87,63.44,2.49,2.56,2.57,2.67,0,0.0
2025-08-08T21:56:07.439207,45.950,73.16,69.76,63.02,2.49,2.58,2.55,2.66,0,0.0
2025-08-08T21:56:07.440255,45.951,73.22,70.04,63.39,2.49,2.57,2.58,2.66,0,0.0
2025-08-08T21:56:07.440859,45.951,73.41,70.27,63.58,2.50,2.56,2.61,2.67,0,0.0
2025-08-08T21:56:07.768436,46.279,73.10,69.87,63.16,2.49,2.59,2.61,2.65,0,0.0
2025-08-08T21:56:07.768436,46.279,73.22,70.10,63.44,2.49,2.56,2.62,2.65,0,0.0
2025-08-08T21:56:07.768436,46.279,73.28,70.27,63.63,2.49,2.57,2.64,2.66,0,0.0
2025-08-08T21:56:08.104504,46.615,73.16,70.04,63.68,2.49,2.55,2.64,2.69,0,0.0
2025-08-08T21:56:08.106520,46.617,73.03,70.10,63.58,2.49,2.55,2.65,2.70,0,0.0
2025-08-08T21:56:08.107834,46.618,72.97,70.10,63.49,2.48,2.53,2.65,2.72,0,0.0
2025-08-08T21:56:08.423621,46.934,72.78,70.27,63.39,2.47,2.53,2.63,2.72,0,0.0
2025-08-08T21:56:08.425672,46.936,72.66,70.44,63.35,2.46,2.53,2.62,2.74,0,0.0
2025-08-08T21:56:08.426743,46.937,72.60,70.74,63.30,2.46,2.54,2.62,2.73,0,0.0
2025-08-08T21:56:08.756115,47.267,72.17,70.97,63.11,2.46,2.51,2.59,2.71,0,0.0
2025-08-08T21:56:08.756115,47.267,71.87,71.09,62.97,2.45,2.51,2.58,2.72,0,0.0
2025-08-08T21:56:08.756115,47.267,71.50,71.50,62.92,2.44,2.51,2.58,2.72,0,0.0
2025-08-08T21:56:08.756115,47.267,71.39,71.39,62.64,2.42,2.53,2.56,2.71,0,0.0
2025-08-08T21:56:09.089049,47.600,71.15,71.68,62.55,2.41,2.57,2.55,2.69,0,0.0
2025-08-08T21:56:09.089049,47.600,71.33,71.62,62.37,2.42,2.61,2.54,2.69,0,0.0
2025-08-08T21:56:09.089049,47.600,71.27,71.44,62.37,2.41,2.62,2.53,2.67,0,0.0
2025-08-08T21:56:09.408170,47.919,71.44,71.44,62.37,2.41,2.61,2.53,2.66,0,0.0
2025-08-08T21:56:09.408170,47.919,71.62,71.39,62.46,2.41,2.61,2.53,2.64,0,0.0
2025-08-08T21:56:09.408170,47.919,71.74,71.33,62.64,2.43,2.58,2.53,2.64,0,0.0
2025-08-08T21:56:09.740392,48.251,71.87,71.03,62.64,2.44,2.60,2.54,2.64,0,0.0
2025-08-08T21:56:09.740392,48.251,71.99,70.74,62.69,2.45,2.58,2.55,2.64,0,0.0
2025-08-08T21:56:09.745479,48.256,72.35,70.33,62.83,2.45,2.56,2.55,2.65,0,0.0
2025-08-08T21:56:10.058295,48.569,72.72,70.27,62.92,2.47,2.57,2.55,2.66,0,0.0
2025-08-08T21:56:10.058295,48.569,72.97,70.04,63.11,2.47,2.58,2.57,2.66,0,0.0
2025-08-08T21:56:10.058295,48.569,73.22,69.87,63.35,2.49,2.56,2.57,2.68,0,0.0
2025-08-08T21:56:10.058295,48.569,73.35,70.04,63.44,2.49,2.56,2.59,2.68,0,0.0
2025-08-08T21:56:10.391165,48.902,73.16,70.27,63.54,2.49,2.53,2.61,2.70,0,0.0
2025-08-08T21:56:10.391165,48.902,73.16,70.04,63.63,2.47,2.52,2.62,2.72,0,0.0
2025-08-08T21:56:10.391165,48.902,72.97,70.10,63.63,2.47,2.53,2.63,2.73,0,0.0
2025-08-08T21:56:10.727451,49.238,72.78,70.27,63.49,2.47,2.51,2.63,2.74,0,0.0
2025-08-08T21:56:10.729306,49.240,72.85,70.56,63.39,2.46,2.52,2.62,2.75,0,0.0
2025-08-08T21:56:10.729306,49.240,72.60,70.74,63.30,2.45,2.53,2.61,2.76,0,0.0
2025-08-08T21:56:11.058642,49.569,72.35,70.97,63.20,2.44,2.53,2.61,2.73,0,0.0
2025-08-08T21:56:11.058642,49.569,72.11,71.39,63.11,2.44,2.53,2.59,2.74,0,0.0
2025-08-08T21:56:11.058642,49.569,71.87,71.68,62.97,2.43,2.55,2.58,2.73,0,0.0
2025-08-08T21:56:11.064275,49.575,71.56,71.62,62.83,2.42,2.53,2.57,2.73,0,0.0
2025-08-08T21:56:11.375074,49.886,71.39,71.62,62.64,2.41,2.53,2.56,2.72,0,0.0
2025-08-08T21:56:11.376127,49.887,71.27,71.80,62.51,2.40,2.57,2.54,2.70,0,0.0
2025-08-08T21:56:11.377252,49.888,71.33,71.74,62.32,2.40,2.55,2.54,2.70,0,0.0
2025-08-08T21:56:11.706998,50.218,71.39,71.62,62.37,2.41,2.57,2.52,2.68,0,0.0
2025-08-08T21:56:11.706998,50.218,71.50,71.33,62.46,2.42,2.57,2.51,2.66,0,0.0
2025-08-08T21:56:11.706998,50.218,71.74,71.27,62.51,2.43,2.58,2.52,2.65,0,0.0
2025-08-08T21:56:12.043635,50.554,71.87,71.39,62.64,2.42,2.57,2.52,2.65,0,0.0
2025-08-08T21:56:12.043635,50.554,72.05,71.21,62.64,2.45,2.61,2.53,2.65,0,0.0
2025-08-08T21:56:12.043635,50.554,72.35,70.85,62.69,2.45,2.57,2.53,2.65,0,0.0
2025-08-08T21:56:12.374736,50.885,72.66,70.44,62.78,2.47,2.56,2.55,2.66,0,0.0
2025-08-08T21:56:12.374736,50.885,73.03,70.04,62.92,2.47,2.61,2.55,2.66,0,0.0
2025-08-08T21:56:12.379581,50.890,73.22,70.21,63.11,2.49,2.56,2.56,2.68,0,0.0
2025-08-08T21:56:12.379581,50.890,73.47,69.98,63.30,2.49,2.56,2.56,2.68,0,0.0
2025-08-08T21:56:12.707991,51.219,73.41,69.81,63.44,2.50,2.53,2.58,2.68,0,0.0
2025-08-08T21:56:12.707991,51.219,73.41,70.04,63.58,2.49,2.56,2.59,2.69,0,0.0
2025-08-08T21:56:12.707991,51.219,73.28,70.27,63.58,2.48,2.53,2.61,2.71,0,0.0
2025-08-08T21:56:13.041663,51.552,73.10,70.39,63.54,2.47,2.53,2.62,2.74,0,0.0
2025-08-08T21:56:13.041663,51.552,73.03,70.74,63.49,2.46,2.53,2.62,2.75,0,0.0
2025-08-08T21:56:13.041663,51.552,72.17,71.87,63.16,2.42,2.50,2.57,2.73,0,0.0
2025-08-08T21:56:13.374322,51.885,71.62,71.80,62.64,2.43,2.53,2.56,2.72,0,0.0
2025-08-08T21:56:13.374322,51.885,71.44,71.74,62.55,2.41,2.56,2.54,2.72,0,0.0
2025-08-08T21:56:13.374322,51.885,71.33,71.39,62.41,2.41,2.58,2.53,2.70,0,0.0
2025-08-08T21:56:13.707457,52.218,71.56,71.33,62.32,2.40,2.58,2.51,2.68,0,0.0
2025-08-08T21:56:13.707457,52.218,71.62,71.27,62.37,2.42,2.57,2.51,2.66,0,0.0
2025-08-08T21:56:13.707457,52.218,71.74,71.15,62.88,2.43,2.57,2.51,2.65,0,0.0
2025-08-08T21:56:13.707457,52.218,71.87,70.79,63.02,2.43,2.62,2.52,2.64,0,0.0
2025-08-08T21:56:14.039405,52.550,72.05,70.91,62.78,2.42,2.57,2.53,2.64,0,0.0
2025-08-08T21:56:14.039405,52.550,72.23,70.85,62.64,2.44,2.62,2.53,2.64,0,0.0
2025-08-08T21:56:14.039405,52.550,72.41,70.44,62.83,2.46,2.62,2.53,2.64,0,0.0
2025-08-08T21:56:14.372313,52.883,72.85,70.50,62.83,2.47,2.62,2.52,2.66,0,0.0
2025-08-08T21:56:14.372313,52.883,73.16,70.27,63.11,2.48,2.62,2.55,2.67,0,0.0
2025-08-08T21:56:14.372313,52.883,73.28,70.10,63.30,2.49,2.61,2.57,2.68,0,0.0
2025-08-08T21:56:14.706289,53.217,73.35,70.21,63.44,2.50,2.57,2.56,2.68,0,0.0
2025-08-08T21:56:14.706289,53.217,73.03,70.21,63.06,2.49,2.62,2.52,2.68,0,0.0
2025-08-08T21:56:14.706289,53.217,73.28,70.10,63.35,2.49,2.56,2.53,2.68,0,0.0
2025-08-08T21:56:14.706289,53.217,73.67,70.21,63.77,2.50,2.55,2.56,2.68,0,0.0
2025-08-08T21:56:15.041307,53.552,73.10,70.16,63.20,2.49,2.56,2.53,2.68,0,0.0
2025-08-08T21:56:15.043321,53.554,73.35,70.16,63.35,2.48,2.57,2.54,2.68,0,0.0
2025-08-08T21:56:15.043321,53.554,73.47,70.27,63.54,2.49,2.57,2.56,2.66,0,0.0
2025-08-08T21:56:15.373571,53.884,73.35,70.33,63.82,2.49,2.56,2.57,2.69,0,0.0
2025-08-08T21:56:15.373571,53.884,73.22,70.44,63.63,2.49,2.57,2.59,2.71,0,0.0
2025-08-08T21:56:15.373571,53.884,73.10,70.56,63.58,2.49,2.53,2.58,2.70,0,0.0
2025-08-08T21:56:15.709850,54.220,73.03,70.62,63.49,2.48,2.54,2.58,2.72,0,0.0
2025-08-08T21:56:15.709850,54.220,72.85,70.74,63.49,2.49,2.51,2.57,2.74,0,0.0
2025-08-08T21:56:15.709850,54.220,72.72,70.97,63.35,2.48,2.53,2.57,2.74,0,0.0
2025-08-08T21:56:15.709850,54.220,72.48,71.39,63.25,2.47,2.52,2.56,2.72,0,0.0
2025-08-08T21:56:16.040516,54.551,72.11,71.56,63.11,2.45,2.55,2.56,2.73,0,0.0
2025-08-08T21:56:16.042864,54.553,71.87,71.80,62.88,2.44,2.53,2.55,2.71,0,0.0
2025-08-08T21:56:16.042864,54.553,71.56,71.87,62.78,2.42,2.53,2.55,2.70,0,0.0
2025-08-08T21:56:16.357059,54.868,71.39,71.87,62.60,2.41,2.54,2.53,2.70,0,0.0
2025-08-08T21:56:16.357059,54.868,71.44,71.44,62.41,2.41,2.57,2.51,2.69,0,0.0
2025-08-08T21:56:16.357059,54.868,71.44,71.03,62.69,2.41,2.58,2.49,2.63,0,0.0
2025-08-08T21:56:16.689459,55.200,72.29,70.33,63.16,2.43,2.57,2.51,2.64,0,0.0
2025-08-08T21:56:16.689459,55.200,72.72,70.16,63.11,2.44,2.57,2.51,2.65,0,0.0
2025-08-08T21:56:16.689459,55.200,73.22,70.04,62.97,2.45,2.56,2.54,2.65,0,0.0
2025-08-08T21:56:17.024802,55.535,73.28,69.76,63.16,2.49,2.56,2.55,2.67,0,0.0
2025-08-08T21:56:17.026352,55.537,73.54,69.70,63.39,2.49,2.57,2.57,2.68,0,0.0
2025-08-08T21:56:17.026352,55.537,73.79,69.81,63.49,2.50,2.55,2.58,2.68,0,0.0
2025-08-08T21:56:17.027897,55.538,73.60,69.81,63.68,2.50,2.55,2.61,2.69,0,0.0
2025-08-08T21:56:17.339914,55.850,73.54,69.93,63.58,2.49,2.55,2.58,2.69,0,0.0
2025-08-08T21:56:17.339914,55.850,73.22,70.10,63.58,2.49,2.53,2.58,2.71,0,0.0
2025-08-08T21:56:17.343826,55.854,73.10,70.39,63.58,2.48,2.52,2.58,2.72,0,0.0
2025-08-08T21:56:17.677309,56.188,73.22,70.50,63.49,2.48,2.53,2.57,2.72,0,0.0
2025-08-08T21:56:17.677309,56.188,72.85,70.79,63.35,2.47,2.53,2.56,2.72,0,0.0
2025-08-08T21:56:17.677309,56.188,72.54,71.21,63.58,2.47,2.51,2.57,2.72,0,0.0
2025-08-08T21:56:18.010634,56.521,72.17,71.27,63.11,2.46,2.52,2.55,2.72,0,0.0
2025-08-08T21:56:18.011145,56.522,71.80,71.50,62.97,2.45,2.53,2.55,2.69,0,0.0
2025-08-08T21:56:18.011145,56.522,71.80,71.68,62.74,2.43,2.53,2.54,2.69,0,0.0
2025-08-08T21:56:18.326240,56.837,71.62,71.74,62.60,2.42,2.54,2.53,2.69,0,0.0
2025-08-08T21:56:18.327874,56.838,71.39,71.56,62.41,2.42,2.56,2.51,2.68,0,0.0
2025-08-08T21:56:18.329036,56.840,71.56,71.80,62.41,2.41,2.55,2.50,2.67,0,0.0
2025-08-08T21:56:18.330303,56.841,72.54,71.03,62.69,2.45,2.62,2.50,2.63,0,0.0
2025-08-08T21:56:18.660479,57.171,72.60,70.56,62.83,2.45,2.62,2.53,2.63,0,0.0
2025-08-08T21:56:18.660479,57.171,72.85,70.39,62.92,2.47,2.57,2.52,2.65,0,0.0
2025-08-08T21:56:18.660479,57.171,73.22,70.04,63.02,2.48,2.55,2.53,2.65,0,0.0
2025-08-08T21:56:18.995197,57.506,73.28,70.21,63.11,2.49,2.56,2.54,2.66,0,0.0
2025-08-08T21:56:18.997205,57.508,73.47,70.16,63.39,2.49,2.55,2.55,2.66,0,0.0
2025-08-08T21:56:18.999806,57.510,73.41,70.16,63.54,2.49,2.53,2.57,2.68,0,0.0
2025-08-08T21:56:19.328121,57.839,73.41,70.33,63.63,2.49,2.51,2.57,2.70,0,0.0
2025-08-08T21:56:19.329194,57.840,73.22,70.56,63.92,2.48,2.51,2.59,2.71,0,0.0
2025-08-08T21:56:19.330245,57.841,73.22,70.68,63.54,2.47,2.51,2.58,2.72,0,0.0
2025-08-08T21:56:19.660662,58.171,72.05,71.93,63.39,2.43,2.51,2.55,2.70,0,0.0
2025-08-08T21:56:19.662673,58.173,71.68,71.93,63.11,2.43,2.52,2.54,2.71,0,0.0
2025-08-08T21:56:19.664787,58.175,71.62,71.50,63.02,2.42,2.54,2.53,2.70,0,0.0
2025-08-08T21:56:19.665936,58.177,71.50,71.39,62.83,2.42,2.55,2.51,2.69,0,0.0
2025-08-08T21:56:19.992674,58.503,71.56,71.33,62.41,2.42,2.56,2.51,2.67,0,0.0
2025-08-08T21:56:19.992674,58.503,71.62,70.79,63.11,2.44,2.57,2.49,2.61,0,0.0
2025-08-08T21:56:19.992674,58.503,73.86,69.87,63.92,2.50,2.57,2.55,2.66,0,0.0
2025-08-08T21:56:20.311422,58.822,72.97,69.87,63.11,2.49,2.56,2.52,2.66,0,0.0
2025-08-08T21:56:20.314418,58.825,73.41,70.33,63.39,2.49,2.55,2.52,2.66,0,0.0
2025-08-08T21:56:20.314930,58.826,73.60,70.50,63.87,2.49,2.54,2.55,2.67,0,0.0
2025-08-08T21:56:20.646529,59.157,73.47,70.62,64.01,2.49,2.55,2.56,2.68,0,0.0
2025-08-08T21:56:20.648886,59.159,73.22,70.50,64.01,2.49,2.53,2.57,2.71,0,0.0
2025-08-08T21:56:20.649906,59.160,73.03,70.79,63.82,2.49,2.51,2.58,2.73,0,0.0
2025-08-08T21:56:20.650904,59.161,73.10,70.79,63.87,2.49,2.51,2.57,2.74,0,0.0
2025-08-08T21:56:20.967652,59.478,72.91,71.09,63.73,2.48,2.50,2.57,2.75,0,0.0
2025-08-08T21:56:20.968658,59.479,72.78,71.21,63.35,2.47,2.54,2.57,2.74,0,0.0
2025-08-08T21:56:20.969658,59.480,72.48,71.39,63.16,2.46,2.53,2.56,2.72,0,0.0
2025-08-08T21:56:21.295631,59.806,72.11,71.33,63.02,2.46,2.51,2.56,2.71,0,0.0
2025-08-08T21:56:21.296413,59.807,71.99,71.39,62.88,2.45,2.53,2.55,2.71,0,0.0
2025-08-08T21:56:21.296413,59.807,71.68,71.80,62.64,2.44,2.54,2.54,2.71,0,0.0
2025-08-08T21:56:21.625755,60.136,71.39,71.93,62.55,2.43,2.54,2.53,2.71,0,0.0
2025-08-08T21:56:21.627768,60.138,71.39,71.99,62.41,2.42,2.56,2.52,2.71,0,0.0
2025-08-08T21:56:21.627768,60.138,71.62,71.74,62.37,2.43,2.56,2.50,2.68,0,0.0
2025-08-08T21:56:21.956946,60.468,71.62,71.09,62.74,2.45,2.56,2.49,2.64,0,0.0
2025-08-08T21:56:21.957955,60.469,73.73,69.87,63.58,2.50,2.53,2.54,2.68,0,0.0
2025-08-08T21:56:21.958949,60.470,73.22,69.70,63.16,2.49,2.55,2.52,2.68,0,0.0
2025-08-08T21:56:21.959950,60.471,73.41,69.70,63.35,2.49,2.55,2.54,2.68,0,0.0
2025-08-08T21:56:22.277973,60.789,73.35,69.81,63.44,2.49,2.56,2.55,2.68,0,0.0
2025-08-08T21:56:22.277973,60.789,73.35,69.98,63.54,2.50,2.55,2.57,2.71,0,0.0
2025-08-08T21:56:22.277973,60.789,73.10,70.10,63.54,2.49,2.54,2.57,2.72,0,0.0
2025-08-08T21:56:22.635843,61.146,73.03,70.16,63.58,2.49,2.55,2.58,2.72,0,0.0
2025-08-08T21:56:22.636838,61.147,73.03,70.21,63.39,2.48,2.55,2.58,2.74,0,0.0
2025-08-08T21:56:22.638841,61.149,72.91,70.33,63.35,2.48,2.55,2.56,2.74,0,0.0
2025-08-08T21:56:22.957661,61.468,72.66,70.62,63.25,2.48,2.55,2.56,2.73,0,0.0
2025-08-08T21:56:22.959685,61.470,72.48,70.85,63.11,2.45,2.55,2.56,2.73,0,0.0
2025-08-08T21:56:22.961711,61.472,72.05,71.09,63.06,2.44,2.58,2.56,2.71,0,0.0
2025-08-08T21:56:22.963043,61.474,71.74,71.62,62.78,2.42,2.57,2.55,2.72,0,0.0
2025-08-08T21:56:23.279574,61.790,71.50,71.68,62.64,2.41,2.58,2.54,2.70,0,0.0
2025-08-08T21:56:23.280573,61.791,71.56,71.62,62.51,2.41,2.58,2.53,2.70,0,0.0
2025-08-08T21:56:23.282576,61.793,71.62,71.33,62.78,2.41,2.62,2.51,2.69,0,0.0
2025-08-08T21:56:23.607301,62.118,71.68,71.33,62.41,2.39,2.62,2.51,2.67,0,0.0
2025-08-08T21:56:23.609316,62.120,72.41,70.10,63.20,2.48,2.64,2.49,2.66,0,0.0
2025-08-08T21:56:23.610314,62.121,72.91,69.98,62.92,2.47,2.64,2.53,2.65,0,0.0
2025-08-08T21:56:23.941357,62.452,73.28,69.93,63.25,2.49,2.62,2.53,2.66,0,0.0
2025-08-08T21:56:23.941357,62.452,73.47,69.98,63.44,2.50,2.61,2.54,2.67,0,0.0
2025-08-08T21:56:23.941357,62.452,73.03,69.93,63.02,2.48,2.63,2.52,2.65,0,0.0
2025-08-08T21:56:24.272491,62.783,73.41,69.98,63.25,2.49,2.62,2.53,2.65,0,0.0
2025-08-08T21:56:24.273493,62.784,73.47,69.98,63.30,2.50,2.63,2.53,2.65,0,0.0
2025-08-08T21:56:24.274493,62.785,73.54,69.87,63.39,2.50,2.61,2.55,2.65,0,0.0
2025-08-08T21:56:24.592625,63.103,73.41,70.04,63.39,2.50,2.54,2.55,2.67,0,0.0
2025-08-08T21:56:24.594623,63.105,73.54,69.76,63.54,2.50,2.56,2.56,2.68,0,0.0
2025-08-08T21:56:24.595628,63.106,73.41,69.70,63.25,2.49,2.58,2.53,2.67,0,0.0
2025-08-08T21:56:24.922689,63.433,73.73,69.87,63.44,2.50,2.58,2.55,2.67,0,0.0
2025-08-08T21:56:24.923690,63.434,73.35,69.76,62.97,2.49,2.61,2.53,2.66,0,0.0
2025-08-08T21:56:24.924689,63.435,73.67,69.81,63.30,2.49,2.57,2.53,2.65,0,0.0
2025-08-08T21:56:24.925688,63.436,73.79,69.76,63.49,2.50,2.55,2.56,2.65,0,0.0
2025-08-08T21:56:25.246735,63.757,73.54,69.76,63.16,2.49,2.56,2.53,2.66,0,0.0
2025-08-08T21:56:25.247739,63.758,72.78,70.10,62.69,2.47,2.56,2.51,2.66,0,0.0
2025-08-08T21:56:25.249271,63.760,73.35,70.27,62.92,2.48,2.56,2.52,2.66,0,0.0
2025-08-08T21:56:25.576483,64.087,73.73,70.16,63.11,2.49,2.56,2.53,2.66,0,0.0
2025-08-08T21:56:25.577493,64.088,73.67,70.10,63.16,2.49,2.56,2.54,2.68,0,0.0
2025-08-08T21:56:25.578482,64.089,73.92,69.98,63.35,2.49,2.53,2.57,2.68,0,0.0
2025-08-08T21:56:25.912465,64.423,73.73,70.10,63.39,2.50,2.55,2.59,2.70,0,0.0
2025-08-08T21:56:25.913463,64.424,73.73,69.87,63.30,2.50,2.55,2.55,2.68,0,0.0
2025-08-08T21:56:25.914465,64.425,73.22,69.87,62.83,2.49,2.57,2.53,2.67,0,0.0
2025-08-08T21:56:26.238535,64.749,73.73,69.98,63.11,2.49,2.55,2.55,2.68,0,0.0
2025-08-08T21:56:26.238535,64.749,73.54,69.93,63.30,2.49,2.55,2.56,2.68,0,0.0
2025-08-08T21:56:26.238535,64.749,73.60,70.10,63.49,2.49,2.53,2.57,2.68,0,0.0
2025-08-08T21:56:26.571513,65.082,73.54,70.10,63.44,2.49,2.53,2.58,2.70,0,0.0
2025-08-08T21:56:26.571513,65.082,73.41,70.50,63.25,2.49,2.51,2.59,2.70,0,0.0
2025-08-08T21:56:26.571513,65.082,72.78,71.50,63.16,2.46,2.50,2.56,2.70,0,0.0
2025-08-08T21:56:26.571513,65.082,72.05,71.68,62.83,2.43,2.55,2.56,2.70,0,0.0
2025-08-08T21:56:26.904742,65.415,71.87,71.93,62.64,2.43,2.56,2.54,2.69,0,0.0
2025-08-08T21:56:26.904742,65.415,71.62,71.50,62.51,2.42,2.59,2.53,2.69,0,0.0
2025-08-08T21:56:26.904742,65.415,71.50,71.33,62.32,2.40,2.59,2.52,2.68,0,0.0
2025-08-08T21:56:27.239929,65.751,71.62,71.27,62.28,2.41,2.62,2.51,2.68,0,0.0
2025-08-08T21:56:27.239929,65.751,71.74,71.03,62.60,2.43,2.59,2.49,2.63,0,0.0
2025-08-08T21:56:27.239929,65.751,72.60,70.33,62.60,2.45,2.61,2.51,2.64,0,0.0
2025-08-08T21:56:27.570846,66.081,72.85,70.21,62.78,2.47,2.61,2.51,2.65,0,0.0
2025-08-08T21:56:27.570846,66.081,73.16,69.93,63.02,2.48,2.58,2.53,2.66,0,0.0
2025-08-08T21:56:27.570846,66.081,73.28,69.76,63.16,2.49,2.57,2.53,2.68,0,0.0
2025-08-08T21:56:27.574665,66.085,73.47,69.81,63.44,2.50,2.58,2.55,2.66,0,0.0
2025-08-08T21:56:27.902095,66.413,73.10,69.81,62.92,2.49,2.61,2.53,2.64,0,0.0
2025-08-08T21:56:27.902095,66.413,73.47,69.81,63.16,2.49,2.58,2.53,2.67,0,0.0
2025-08-08T21:56:27.902095,66.413,73.60,70.39,63.44,2.50,2.55,2.56,2.68,0,0.0
2025-08-08T21:56:28.232206,66.743,73.10,70.16,62.88,2.48,2.58,2.53,2.66,0,0.0
2025-08-08T21:56:28.232206,66.743,73.54,70.21,63.25,2.48,2.57,2.54,2.67,0,0.0
2025-08-08T21:56:28.232206,66.743,73.60,70.16,63.44,2.48,2.57,2.56,2.68,0,0.0
2025-08-08T21:56:28.565179,67.076,73.54,70.21,63.49,2.48,2.55,2.57,2.69,0,0.0
2025-08-08T21:56:28.565179,67.076,73.28,70.33,63.54,2.47,2.56,2.58,2.70,0,0.0
2025-08-08T21:56:28.565179,67.076,73.22,70.50,63.49,2.47,2.53,2.61,2.74,0,0.0
2025-08-08T21:56:28.897025,67.408,73.16,70.27,63.39,2.47,2.54,2.58,2.74,0,0.0
2025-08-08T21:56:28.897025,67.408,72.91,70.33,63.25,2.45,2.51,2.57,2.75,0,0.0
2025-08-08T21:56:28.901383,67.412,72.72,70.62,63.16,2.45,2.53,2.57,2.72,0,0.0
2025-08-08T21:56:28.901383,67.412,72.41,71.03,63.11,2.45,2.53,2.56,2.74,0,0.0
2025-08-08T21:56:29.214720,67.725,72.23,71.33,62.97,2.43,2.53,2.55,2.72,0,0.0
2025-08-08T21:56:29.214720,67.725,71.87,71.39,62.78,2.41,2.56,2.55,2.72,0,0.0
2025-08-08T21:56:29.214720,67.725,71.62,71.39,62.55,2.41,2.56,2.54,2.72,0,0.0
2025-08-08T21:56:29.547218,68.058,71.62,71.74,62.41,2.39,2.59,2.52,2.70,0,0.0
2025-08-08T21:56:29.547218,68.058,71.62,71.68,62.37,2.40,2.57,2.51,2.69,0,0.0
2025-08-08T21:56:29.547218,68.058,71.56,71.44,62.55,2.41,2.57,2.49,2.62,0,0.0
2025-08-08T21:56:29.880711,68.391,73.79,70.27,63.20,2.48,2.56,2.53,2.65,0,0.0
2025-08-08T21:56:29.880711,68.391,73.67,70.33,63.44,2.49,2.58,2.55,2.67,0,0.0
2025-08-08T21:56:29.884076,68.395,73.54,70.33,63.58,2.50,2.55,2.57,2.68,0,0.0
2025-08-08T21:56:30.212489,68.723,73.41,70.16,63.25,2.49,2.57,2.57,2.66,0,0.0
2025-08-08T21:56:30.212489,68.723,73.47,70.21,63.35,2.50,2.53,2.58,2.66,0,0.0
2025-08-08T21:56:30.217024,68.728,73.47,70.33,63.54,2.49,2.52,2.61,2.68,0,0.0
2025-08-08T21:56:30.217024,68.728,73.22,70.50,63.49,2.50,2.51,2.62,2.70,0,0.0
2025-08-08T21:56:30.531055,69.042,72.48,71.44,63.06,2.47,2.51,2.61,2.71,0,0.0
2025-08-08T21:56:30.531055,69.042,71.99,71.50,63.11,2.45,2.53,2.61,2.69,0,0.0
2025-08-08T21:56:30.531055,69.042,71.74,71.74,62.88,2.44,2.52,2.58,2.69,0,0.0
2025-08-08T21:56:30.862598,69.373,71.56,71.87,62.69,2.43,2.52,2.57,2.69,0,0.0
2025-08-08T21:56:30.862598,69.373,71.56,71.93,62.46,2.41,2.53,2.56,2.68,0,0.0
2025-08-08T21:56:30.862598,69.373,71.44,71.80,62.37,2.41,2.57,2.55,2.67,0,0.0
2025-08-08T21:56:31.197350,69.708,71.56,71.68,62.28,2.42,2.55,2.53,2.65,0,0.0
2025-08-08T21:56:31.197350,69.708,71.80,71.44,62.32,2.43,2.56,2.53,2.64,0,0.0
2025-08-08T21:56:31.197350,69.708,71.87,71.39,62.41,2.43,2.57,2.52,2.62,0,0.0
2025-08-08T21:56:31.528141,70.039,71.87,71.39,62.41,2.44,2.61,2.53,2.62,0,0.0
2025-08-08T21:56:31.530154,70.041,72.11,71.33,62.51,2.45,2.62,2.53,2.62,0,0.0
2025-08-08T21:56:31.530154,70.041,72.23,71.09,62.64,2.45,2.61,2.53,2.62,0,0.0
2025-08-08T21:56:31.532168,70.043,72.41,70.33,62.69,2.45,2.59,2.53,2.64,0,0.0
2025-08-08T21:56:31.842823,70.353,72.72,70.16,62.83,2.47,2.58,2.54,2.64,0,0.0
2025-08-08T21:56:31.842823,70.353,73.16,70.04,63.02,2.47,2.62,2.55,2.64,0,0.0
2025-08-08T21:56:31.842823,70.353,73.41,70.16,63.20,2.49,2.61,2.56,2.65,0,0.0
2025-08-08T21:56:32.179227,70.690,73.28,70.27,63.35,2.49,2.62,2.57,2.64,0,0.0
2025-08-08T21:56:32.179227,70.690,73.60,70.33,63.49,2.49,2.55,2.60,2.66,0,0.0
2025-08-08T21:56:32.179227,70.690,73.60,70.50,63.49,2.49,2.55,2.62,2.68,0,0.0
2025-08-08T21:56:32.513255,71.024,73.28,70.50,63.44,2.49,2.51,2.62,2.68,0,0.0
2025-08-08T21:56:32.513255,71.024,72.72,71.62,63.16,2.45,2.50,2.58,2.70,0,0.0
2025-08-08T21:56:32.516816,71.027,72.05,71.87,62.88,2.44,2.52,2.57,2.70,0,0.0
2025-08-08T21:56:32.845763,71.356,71.74,71.93,62.64,2.43,2.54,2.56,2.69,0,0.0
2025-08-08T21:56:32.845763,71.356,71.62,71.62,62.55,2.42,2.55,2.55,2.68,0,0.0
2025-08-08T21:56:32.845763,71.356,71.74,71.44,62.41,2.41,2.57,2.53,2.66,0,0.0
2025-08-08T21:56:32.845763,71.356,71.74,71.21,62.41,2.42,2.58,2.52,2.65,0,0.0
2025-08-08T21:56:33.178309,71.689,71.93,71.09,62.37,2.43,2.58,2.51,2.63,0,0.0
2025-08-08T21:56:33.180323,71.691,72.05,71.21,62.46,2.43,2.61,2.51,2.62,0,0.0
2025-08-08T21:56:33.180323,71.691,72.17,71.09,62.46,2.43,2.61,2.51,2.62,0,0.0
2025-08-08T21:56:33.509391,72.020,72.41,70.85,62.64,2.44,2.62,2.52,2.61,0,0.0
2025-08-08T21:56:33.509391,72.020,72.54,70.56,62.69,2.45,2.58,2.53,2.62,0,0.0
2025-08-08T21:56:33.512922,72.023,72.85,70.39,62.78,2.45,2.57,2.53,2.62,0,0.0
2025-08-08T21:56:33.843448,72.354,73.03,70.10,62.88,2.47,2.55,2.53,2.63,0,0.0
2025-08-08T21:56:33.861180,72.372,73.22,69.93,62.97,2.47,2.57,2.54,2.64,0,0.0
2025-08-08T21:56:33.861180,72.372,73.41,69.76,63.16,2.48,2.54,2.55,2.64,0,0.0
2025-08-08T21:56:33.861180,72.372,73.60,70.04,63.44,2.50,2.55,2.57,2.66,0,0.0
2025-08-08T21:56:34.173841,72.684,73.35,69.93,63.06,2.48,2.59,2.55,2.64,0,0.0
2025-08-08T21:56:34.173841,72.684,73.54,69.76,63.25,2.49,2.56,2.56,2.65,0,0.0
2025-08-08T21:56:34.173841,72.684,73.60,69.81,63.39,2.49,2.56,2.57,2.66,0,0.0
2025-08-08T21:56:34.504358,73.015,73.54,69.93,63.58,2.49,2.57,2.61,2.68,0,0.0
2025-08-08T21:56:34.506373,73.017,73.60,70.21,63.58,2.49,2.55,2.62,2.70,0,0.0
2025-08-08T21:56:34.508388,73.019,73.41,70.27,63.49,2.49,2.53,2.62,2.71,0,0.0
2025-08-08T21:56:34.825519,73.336,73.22,70.27,63.35,2.49,2.51,2.63,2.72,0,0.0
2025-08-08T21:56:34.827527,73.338,73.10,70.68,63.25,2.47,2.55,2.61,2.72,0,0.0
2025-08-08T21:56:34.828582,73.339,72.66,70.85,63.11,2.47,2.52,2.57,2.72,0,0.0
2025-08-08T21:56:35.160718,73.671,72.41,71.03,63.06,2.47,2.51,2.55,2.72,0,0.0
2025-08-08T21:56:35.162798,73.673,72.05,71.39,63.02,2.46,2.54,2.55,2.71,0,0.0
2025-08-08T21:56:35.163836,73.674,71.87,71.50,62.69,2.45,2.57,2.53,2.70,0,0.0
2025-08-08T21:56:35.491661,74.002,71.62,71.50,62.60,2.44,2.56,2.52,2.71,0,0.0
2025-08-08T21:56:35.491661,74.002,71.50,71.44,62.37,2.42,2.59,2.51,2.70,0,0.0
2025-08-08T21:56:35.491661,74.002,71.56,71.09,62.55,2.43,2.57,2.49,2.63,0,0.0
2025-08-08T21:56:35.808484,74.319,73.79,70.04,63.20,2.49,2.53,2.53,2.67,0,0.0
2025-08-08T21:56:35.808484,74.319,73.60,69.87,63.35,2.49,2.57,2.55,2.68,0,0.0
2025-08-08T21:56:35.808484,74.319,73.60,70.04,63.54,2.50,2.52,2.56,2.69,0,0.0
2025-08-08T21:56:36.139496,74.650,73.41,70.27,63.54,2.49,2.51,2.57,2.71,0,0.0
2025-08-08T21:56:36.139496,74.650,71.99,71.99,62.69,2.42,2.49,2.53,2.69,0,0.0
2025-08-08T21:56:36.139496,74.650,71.56,71.50,62.41,2.41,2.56,2.50,2.68,0,0.0
2025-08-08T21:56:36.139496,74.650,72.29,70.33,63.06,2.47,2.57,2.48,2.65,0,0.0
2025-08-08T21:56:36.473528,74.984,73.41,70.27,63.30,2.49,2.53,2.53,2.64,0,0.0
2025-08-08T21:56:36.473528,74.984,73.41,70.04,63.39,2.49,2.53,2.55,2.68,0,0.0
2025-08-08T21:56:36.473528,74.984,73.03,69.70,63.06,2.49,2.54,2.53,2.68,0,0.0
2025-08-08T21:56:36.805036,75.316,73.22,70.04,63.25,2.50,2.53,2.54,2.66,0,0.0
2025-08-08T21:56:36.805036,75.316,72.97,70.16,62.97,2.48,2.54,2.52,2.66,0,0.0
2025-08-08T21:56:36.805036,75.316,73.03,70.27,63.20,2.46,2.53,2.53,2.64,0,0.0
2025-08-08T21:56:37.123404,75.634,73.41,70.44,63.44,2.49,2.53,2.55,2.65,0,0.0
2025-08-08T21:56:37.123404,75.634,73.35,70.44,63.49,2.50,2.54,2.56,2.66,0,0.0
2025-08-08T21:56:37.123404,75.634,73.10,70.16,63.20,2.49,2.56,2.55,2.65,0,0.0
2025-08-08T21:56:37.457571,75.968,73.28,70.33,63.35,2.50,2.55,2.56,2.66,0,0.0
2025-08-08T21:56:37.457571,75.968,73.10,70.27,63.11,2.49,2.54,2.53,2.64,0,0.0
2025-08-08T21:56:37.457571,75.968,73.28,70.39,63.25,2.50,2.55,2.55,2.65,0,0.0
2025-08-08T21:56:37.457571,75.968,72.72,70.39,62.88,2.49,2.56,2.52,2.65,0,0.0
2025-08-08T21:56:37.789716,76.300,73.16,70.33,63.25,2.49,2.55,2.52,2.64,0,0.0
2025-08-08T21:56:37.789716,76.300,73.22,70.21,63.39,2.49,2.54,2.54,2.66,0,0.0
2025-08-08T21:56:37.789716,76.300,73.35,70.39,63.58,2.50,2.54,2.55,2.66,0,0.0
2025-08-08T21:56:38.121515,76.632,73.22,70.68,63.63,2.49,2.54,2.57,2.68,0,0.0
2025-08-08T21:56:38.121515,76.632,72.97,70.27,63.63,2.49,2.55,2.58,2.69,0,0.0
2025-08-08T21:56:38.121515,76.632,72.91,70.44,63.54,2.48,2.55,2.59,2.70,0,0.0
2025-08-08T21:56:38.453922,76.964,72.72,70.79,63.44,2.48,2.53,2.58,2.72,0,0.0
2025-08-08T21:56:38.453922,76.964,72.72,70.79,63.30,2.47,2.53,2.58,2.72,0,0.0
2025-08-08T21:56:38.453922,76.964,72.41,71.21,63.20,2.46,2.53,2.62,2.71,0,0.0
2025-08-08T21:56:38.453922,76.964,71.99,71.62,63.11,2.46,2.53,2.61,2.71,0,0.0
2025-08-08T21:56:38.788378,77.299,71.74,71.93,62.92,2.45,2.56,2.58,2.69,0,0.0
2025-08-08T21:56:38.788378,77.299,71.50,71.80,62.74,2.43,2.57,2.58,2.68,0,0.0
2025-08-08T21:56:38.788378,77.299,71.50,71.93,62.60,2.42,2.62,2.57,2.69,0,0.0
2025-08-08T21:56:39.105280,77.616,71.39,72.05,62.46,2.42,2.63,2.54,2.68,0,0.0
2025-08-08T21:56:39.105280,77.616,71.39,72.05,62.37,2.42,2.64,2.53,2.65,0,0.0
2025-08-08T21:56:39.105280,77.616,71.56,71.80,62.32,2.42,2.64,2.52,2.65,0,0.0
2025-08-08T21:56:39.441642,77.952,71.68,71.74,62.41,2.42,2.64,2.50,2.62,0,0.0
2025-08-08T21:56:39.441642,77.952,71.87,71.03,62.55,2.43,2.65,2.51,2.61,0,0.0
2025-08-08T21:56:39.441642,77.952,71.99,70.74,62.55,2.45,2.65,2.51,2.62,0,0.0
2025-08-08T21:56:39.772200,78.283,72.23,70.50,62.74,2.46,2.67,2.52,2.62,0,0.0
2025-08-08T21:56:39.772200,78.283,72.54,70.33,62.69,2.46,2.63,2.52,2.63,0,0.0
2025-08-08T21:56:39.772200,78.283,72.97,70.10,62.88,2.47,2.62,2.53,2.64,0,0.0
2025-08-08T21:56:39.772200,78.283,73.22,70.04,63.06,2.48,2.62,2.53,2.64,0,0.0
2025-08-08T21:56:40.105436,78.616,73.22,69.98,63.11,2.47,2.57,2.56,2.64,0,0.0
2025-08-08T21:56:40.105436,78.616,73.41,69.87,63.35,2.49,2.57,2.58,2.64,0,0.0
2025-08-08T21:56:40.105436,78.616,73.35,69.87,63.39,2.49,2.55,2.58,2.68,0,0.0
2025-08-08T21:56:40.436465,78.947,73.16,70.27,63.58,2.48,2.53,2.58,2.70,0,0.0
2025-08-08T21:56:40.438481,78.949,73.03,70.39,63.54,2.48,2.54,2.58,2.71,0,0.0
2025-08-08T21:56:40.438481,78.949,73.03,70.62,63.39,2.48,2.54,2.57,2.72,0,0.0
2025-08-08T21:56:40.771533,79.282,72.78,70.62,63.35,2.48,2.55,2.57,2.72,0,0.0
2025-08-08T21:56:40.771533,79.282,72.72,70.85,63.25,2.48,2.56,2.56,2.70,0,0.0
2025-08-08T21:56:40.771533,79.282,72.48,71.21,63.11,2.47,2.55,2.56,2.70,0,0.0
2025-08-08T21:56:40.771533,79.282,72.11,71.62,63.02,2.45,2.57,2.55,2.70,0,0.0
2025-08-08T21:56:41.104696,79.615,71.74,71.62,62.78,2.44,2.57,2.55,2.69,0,0.0
2025-08-08T21:56:41.104696,79.615,71.44,71.56,62.69,2.41,2.57,2.57,2.69,0,0.0
2025-08-08T21:56:41.104696,79.615,71.33,71.50,62.46,2.41,2.56,2.55,2.68,0,0.0
2025-08-08T21:56:41.420340,79.931,71.33,71.44,62.37,2.41,2.57,2.53,2.67,0,0.0
2025-08-08T21:56:41.420340,79.931,71.50,71.39,62.28,2.41,2.57,2.51,2.65,0,0.0
2025-08-08T21:56:41.420340,79.931,71.80,71.39,62.37,2.42,2.62,2.51,2.64,0,0.0
2025-08-08T21:56:41.754144,80.265,71.74,71.15,62.41,2.43,2.62,2.51,2.63,0,0.0
2025-08-08T21:56:41.754144,80.265,71.87,70.97,62.46,2.43,2.61,2.51,2.62,0,0.0
2025-08-08T21:56:41.754144,80.265,72.11,70.79,62.69,2.44,2.61,2.53,2.62,0,0.0
2025-08-08T21:56:42.088247,80.599,72.41,70.50,62.78,2.44,2.61,2.53,2.64,0,0.0
2025-08-08T21:56:42.088247,80.599,72.72,70.33,62.83,2.46,2.58,2.54,2.63,0,0.0
2025-08-08T21:56:42.088247,80.599,73.10,70.33,63.06,2.48,2.62,2.55,2.62,0,0.0
2025-08-08T21:56:42.088247,80.599,73.41,70.21,63.25,2.49,2.62,2.56,2.64,0,0.0
2025-08-08T21:56:42.406489,80.917,73.47,70.27,63.44,2.49,2.56,2.57,2.65,0,0.0
2025-08-08T21:56:42.406489,80.917,73.41,70.39,63.58,2.50,2.56,2.58,2.67,0,0.0
2025-08-08T21:56:42.406489,80.917,73.35,70.27,63.35,2.49,2.57,2.57,2.65,0,0.0
2025-08-08T21:56:42.739973,81.251,73.47,70.33,63.49,2.49,2.58,2.57,2.66,0,0.0
2025-08-08T21:56:42.739973,81.251,73.54,70.50,63.58,2.49,2.53,2.62,2.68,0,0.0
2025-08-08T21:56:42.739973,81.251,73.22,70.44,63.58,2.49,2.50,2.61,2.68,0,0.0
2025-08-08T21:56:43.074634,81.585,71.56,72.05,62.74,2.42,2.49,2.53,2.66,0,0.0
2025-08-08T21:56:43.075674,81.586,71.44,71.44,62.32,2.41,2.54,2.53,2.65,0,0.0
2025-08-08T21:56:43.075674,81.586,71.50,71.03,62.37,2.42,2.56,2.51,2.64,0,0.0
2025-08-08T21:56:43.075674,81.586,71.62,70.91,62.37,2.43,2.57,2.51,2.62,0,0.0
2025-08-08T21:56:43.391587,81.902,71.74,70.91,62.46,2.43,2.57,2.51,2.61,0,0.0
2025-08-08T21:56:43.400854,81.911,71.99,70.79,62.64,2.44,2.57,2.52,2.58,0,0.0
2025-08-08T21:56:43.400854,81.911,72.05,70.50,62.69,2.44,2.57,2.53,2.58,0,0.0
2025-08-08T21:56:43.722118,82.233,72.41,70.21,62.74,2.45,2.61,2.53,2.58,0,0.0
2025-08-08T21:56:43.722118,82.233,72.72,70.04,62.83,2.48,2.59,2.54,2.62,0,0.0
2025-08-08T21:56:43.722118,82.233,73.10,69.81,62.97,2.47,2.55,2.56,2.63,0,0.0
2025-08-08T21:56:44.057013,82.568,73.28,69.76,63.20,2.49,2.55,2.57,2.64,0,0.0
2025-08-08T21:56:44.057013,82.568,73.54,69.76,63.44,2.50,2.56,2.58,2.64,0,0.0
2025-08-08T21:56:44.057013,82.568,73.47,70.27,63.54,2.50,2.53,2.61,2.65,0,0.0
2025-08-08T21:56:44.371287,82.882,73.35,70.04,63.25,2.49,2.55,2.57,2.65,0,0.0
2025-08-08T21:56:44.371287,82.882,73.54,70.39,63.49,2.50,2.53,2.59,2.65,0,0.0
2025-08-08T21:56:44.371287,82.882,73.10,69.98,63.11,2.49,2.57,2.56,2.64,0,0.0
2025-08-08T21:56:44.704146,83.215,73.60,69.81,63.30,2.49,2.54,2.57,2.64,0,0.0
2025-08-08T21:56:44.704146,83.215,73.47,70.33,63.44,2.50,2.56,2.58,2.64,0,0.0
2025-08-08T21:56:44.704146,83.215,73.35,70.27,63.06,2.49,2.57,2.56,2.64,0,0.0
2025-08-08T21:56:44.706157,83.217,73.35,70.21,63.35,2.51,2.53,2.58,2.64,0,0.0
2025-08-08T21:56:45.037070,83.548,73.16,70.27,62.97,2.49,2.55,2.55,2.64,0,0.0
2025-08-08T21:56:45.037070,83.548,73.35,70.33,63.30,2.48,2.57,2.57,2.65,0,0.0
2025-08-08T21:56:45.037070,83.548,73.35,70.21,63.49,2.48,2.53,2.61,2.66,0,0.0
2025-08-08T21:56:45.370075,83.881,73.41,70.33,63.58,2.48,2.54,2.62,2.68,0,0.0
2025-08-08T21:56:45.370075,83.881,73.22,70.85,63.58,2.49,2.51,2.64,2.69,0,0.0
2025-08-08T21:56:45.370075,83.881,72.48,71.74,63.11,2.46,2.52,2.61,2.70,0,0.0
2025-08-08T21:56:45.686983,84.198,72.17,71.87,62.97,2.44,2.54,2.59,2.70,0,0.0
2025-08-08T21:56:45.686983,84.198,71.93,71.99,62.64,2.44,2.55,2.59,2.69,0,0.0
2025-08-08T21:56:45.686983,84.198,71.56,71.99,62.55,2.44,2.53,2.56,2.68,0,0.0
2025-08-08T21:56:46.019407,84.530,71.56,71.87,62.41,2.41,2.54,2.55,2.68,0,0.0
2025-08-08T21:56:46.019407,84.530,71.56,71.93,62.28,2.41,2.55,2.53,2.65,0,0.0
2025-08-08T21:56:46.019407,84.530,71.74,71.87,62.37,2.41,2.57,2.53,2.64,0,0.0
2025-08-08T21:56:46.019407,84.530,72.05,71.74,62.46,2.43,2.57,2.52,2.59,0,0.0
2025-08-08T21:56:46.352154,84.863,71.99,71.50,62.64,2.43,2.58,2.53,2.58,0,0.0
2025-08-08T21:56:46.352154,84.863,72.29,71.39,62.64,2.45,2.57,2.53,2.61,0,0.0
2025-08-08T21:56:46.352154,84.863,72.35,70.62,62.69,2.45,2.56,2.53,2.62,0,0.0
2025-08-08T21:56:46.670298,85.181,72.72,70.44,62.78,2.45,2.56,2.53,2.63,0,0.0
2025-08-08T21:56:46.670298,85.181,72.91,69.87,62.97,2.46,2.58,2.55,2.64,0,0.0
2025-08-08T21:56:46.670298,85.181,73.41,69.81,63.16,2.48,2.58,2.56,2.64,0,0.0
2025-08-08T21:56:47.003172,85.514,73.41,69.70,63.44,2.49,2.55,2.58,2.64,0,0.0
2025-08-08T21:56:47.003172,85.514,72.78,69.70,62.78,2.47,2.56,2.56,2.65,0,0.0
2025-08-08T21:56:47.007623,85.518,73.54,69.87,63.11,2.49,2.58,2.56,2.64,0,0.0
2025-08-08T21:56:47.337280,85.848,73.60,69.81,63.35,2.49,2.53,2.57,2.65,0,0.0
2025-08-08T21:56:47.337280,85.848,73.47,70.04,63.44,2.51,2.53,2.59,2.65,0,0.0
2025-08-08T21:56:47.337280,85.848,73.41,69.76,63.16,2.49,2.56,2.56,2.63,0,0.0
2025-08-08T21:56:47.337280,85.848,73.60,69.70,63.44,2.50,2.55,2.58,2.62,0,0.0
2025-08-08T21:56:47.671065,86.182,73.16,69.64,62.92,2.49,2.58,2.56,2.62,0,0.0
2025-08-08T21:56:47.671065,86.182,73.41,69.87,63.35,2.49,2.59,2.57,2.64,0,0.0
2025-08-08T21:56:47.671065,86.182,73.47,69.98,63.49,2.49,2.55,2.61,2.65,0,0.0
2025-08-08T21:56:48.003050,86.514,73.47,70.27,63.63,2.49,2.53,2.62,2.65,0,0.0
2025-08-08T21:56:48.003050,86.514,73.22,70.50,63.63,2.49,2.53,2.64,2.67,0,0.0
2025-08-08T21:56:48.003050,86.514,73.10,70.44,63.54,2.48,2.51,2.66,2.71,0,0.0
2025-08-08T21:56:48.335957,86.847,73.10,70.79,63.49,2.48,2.53,2.64,2.72,0,0.0
2025-08-08T21:56:48.335957,86.847,72.91,70.85,63.35,2.47,2.50,2.64,2.72,0,0.0
2025-08-08T21:56:48.335957,86.847,72.78,71.21,63.25,2.47,2.52,2.64,2.71,0,0.0
2025-08-08T21:56:48.335957,86.847,72.17,71.44,63.16,2.46,2.52,2.62,2.69,0,0.0
2025-08-08T21:56:48.666219,87.177,71.87,71.80,63.06,2.45,2.52,2.62,2.69,0,0.0
2025-08-08T21:56:48.666219,87.177,71.68,71.68,62.78,2.43,2.51,2.62,2.69,0,0.0
2025-08-08T21:56:48.666219,87.177,71.44,71.33,62.64,2.42,2.53,2.59,2.69,0,0.0
2025-08-08T21:56:48.984147,87.495,71.44,71.44,62.46,2.41,2.55,2.57,2.68,0,0.0
2025-08-08T21:56:48.986157,87.497,71.44,71.39,62.41,2.41,2.56,2.55,2.66,0,0.0
2025-08-08T21:56:48.988746,87.499,71.56,71.33,62.41,2.42,2.61,2.54,2.63,0,0.0
2025-08-08T21:56:49.316333,87.827,71.68,71.15,62.46,2.43,2.61,2.54,2.62,0,0.0
2025-08-08T21:56:49.317347,87.828,71.93,70.97,62.60,2.43,2.57,2.54,2.59,0,0.0
2025-08-08T21:56:49.318576,87.829,71.99,70.74,62.69,2.43,2.58,2.53,2.58,0,0.0
2025-08-08T21:56:49.645957,88.157,72.29,70.44,62.74,2.45,2.58,2.53,2.58,0,0.0
2025-08-08T21:56:49.648661,88.159,72.54,70.04,62.74,2.46,2.57,2.52,2.59,0,0.0
2025-08-08T21:56:49.649640,88.160,72.91,69.87,62.88,2.47,2.56,2.52,2.61,0,0.0
2025-08-08T21:56:49.650907,88.161,73.16,69.98,63.11,2.48,2.56,2.52,2.62,0,0.0
2025-08-08T21:56:49.981334,88.492,73.28,69.98,63.35,2.50,2.55,2.53,2.65,0,0.0
2025-08-08T21:56:49.983857,88.494,73.03,69.87,63.06,2.48,2.56,2.52,2.64,0,0.0
2025-08-08T21:56:49.984868,88.495,73.22,69.76,63.25,2.49,2.56,2.53,2.64,0,0.0
2025-08-08T21:56:50.313085,88.824,73.35,69.98,63.35,2.50,2.57,2.53,2.65,0,0.0
2025-08-08T21:56:50.313085,88.824,73.41,69.93,63.54,2.50,2.57,2.56,2.65,0,0.0
2025-08-08T21:56:50.315094,88.826,73.28,70.16,63.58,2.49,2.57,2.57,2.67,0,0.0
2025-08-08T21:56:50.642839,89.153,73.16,70.33,63.58,2.49,2.55,2.57,2.69,0,0.0
2025-08-08T21:56:50.642839,89.153,72.97,70.44,63.49,2.48,2.53,2.57,2.70,0,0.0
2025-08-08T21:56:50.642839,89.153,72.85,70.33,63.35,2.48,2.52,2.56,2.71,0,0.0
2025-08-08T21:56:50.642839,89.153,72.72,70.50,63.30,2.47,2.53,2.56,2.71,0,0.0
2025-08-08T21:56:50.980315,89.491,72.60,70.79,63.25,2.46,2.57,2.55,2.71,0,0.0
2025-08-08T21:56:50.982400,89.493,72.23,71.09,63.16,2.45,2.54,2.55,2.70,0,0.0
2025-08-08T21:56:50.982400,89.493,71.87,71.15,63.02,2.43,2.55,2.54,2.69,0,0.0
2025-08-08T21:56:51.292978,89.804,71.68,71.33,62.78,2.43,2.55,2.53,2.68,0,0.0
2025-08-08T21:56:51.292978,89.804,71.44,71.56,62.55,2.41,2.52,2.51,2.68,0,0.0
2025-08-08T21:56:51.292978,89.804,71.33,71.15,62.55,2.43,2.56,2.49,2.62,0,0.0
2025-08-08T21:56:51.624831,90.135,73.54,69.87,63.16,2.49,2.54,2.51,2.64,0,0.0
2025-08-08T21:56:51.624831,90.135,73.41,69.87,63.39,2.49,2.54,2.53,2.64,0,0.0
2025-08-08T21:56:51.624831,90.135,73.41,70.04,63.54,2.49,2.53,2.56,2.66,0,0.0
2025-08-08T21:56:51.958476,90.469,73.16,69.76,63.06,2.49,2.56,2.53,2.65,0,0.0
2025-08-08T21:56:51.958476,90.469,73.47,69.76,63.39,2.49,2.55,2.55,2.66,0,0.0
2025-08-08T21:56:51.958476,90.469,73.41,69.87,63.54,2.50,2.56,2.56,2.67,0,0.0
2025-08-08T21:56:51.958476,90.469,73.22,70.10,63.58,2.50,2.55,2.57,2.68,0,0.0
2025-08-08T21:56:52.290333,90.801,72.60,69.87,62.88,2.45,2.57,2.52,2.65,0,0.0
2025-08-08T21:56:52.290333,90.801,73.16,69.98,63.16,2.46,2.57,2.53,2.64,0,0.0
2025-08-08T21:56:52.290333,90.801,73.28,69.81,63.35,2.51,2.55,2.53,2.64,0,0.0
2025-08-08T21:56:52.608178,91.119,73.03,70.10,63.06,2.48,2.56,2.52,2.64,0,0.0
2025-08-08T21:56:52.610186,91.121,73.35,69.81,63.20,2.49,2.56,2.53,2.64,0,0.0
2025-08-08T21:56:52.610186,91.121,73.41,69.76,63.39,2.49,2.56,2.54,2.65,0,0.0
2025-08-08T21:56:52.939488,91.450,73.41,69.98,63.58,2.50,2.56,2.57,2.67,0,0.0
2025-08-08T21:56:52.939488,91.450,73.41,69.81,63.20,2.49,2.55,2.53,2.66,0,0.0
2025-08-08T21:56:52.939488,91.450,73.47,69.98,63.44,2.49,2.54,2.53,2.66,0,0.0
2025-08-08T21:56:53.272960,91.784,73.35,70.16,63.54,2.47,2.55,2.55,2.68,0,0.0
2025-08-08T21:56:53.272960,91.784,73.35,70.50,63.58,2.47,2.52,2.56,2.70,0,0.0
2025-08-08T21:56:53.272960,91.784,73.16,70.62,63.44,2.46,2.53,2.57,2.71,0,0.0
2025-08-08T21:56:53.272960,91.784,73.03,70.68,63.39,2.47,2.51,2.59,2.72,0,0.0
2025-08-08T21:56:53.606394,92.117,71.80,71.87,62.88,2.41,2.52,2.54,2.70,0,0.0
2025-08-08T21:56:53.608411,92.119,71.62,71.99,62.64,2.41,2.53,2.53,2.68,0,0.0
2025-08-08T21:56:53.610421,92.121,71.44,71.99,62.51,2.41,2.56,2.53,2.68,0,0.0
2025-08-08T21:56:53.937466,92.448,71.44,71.80,62.41,2.41,2.57,2.51,2.68,0,0.0
2025-08-08T21:56:53.937466,92.448,71.56,71.39,62.32,2.40,2.58,2.50,2.65,0,0.0
2025-08-08T21:56:53.941815,92.452,72.60,70.79,62.74,2.43,2.58,2.51,2.63,0,0.0
2025-08-08T21:56:54.272954,92.784,72.60,70.33,62.83,2.44,2.58,2.53,2.64,0,0.0
2025-08-08T21:56:54.302122,92.813,73.03,70.04,63.06,2.45,2.58,2.53,2.65,0,0.0
2025-08-08T21:56:54.303614,92.814,73.35,70.10,63.20,2.47,2.59,2.54,2.66,0,0.0
2025-08-08T21:56:54.303614,92.814,73.60,69.93,63.39,2.47,2.61,2.55,2.65,0,0.0
2025-08-08T21:56:54.604717,93.115,73.47,69.87,63.63,2.47,2.57,2.57,2.67,0,0.0
2025-08-08T21:56:54.604717,93.115,73.41,69.93,63.63,2.47,2.57,2.59,2.69,0,0.0
2025-08-08T21:56:54.604717,93.115,73.35,70.04,63.58,2.48,2.51,2.61,2.70,0,0.0
2025-08-08T21:56:54.937453,93.448,73.16,70.10,63.49,2.48,2.52,2.59,2.72,0,0.0
2025-08-08T21:56:54.939486,93.450,73.22,70.39,63.39,2.45,2.55,2.58,2.72,0,0.0
2025-08-08T21:56:54.939486,93.450,73.03,70.56,63.30,2.46,2.50,2.58,2.72,0,0.0
2025-08-08T21:56:55.270944,93.782,72.78,70.74,63.30,2.45,2.51,2.62,2.70,0,0.0
2025-08-08T21:56:55.270944,93.782,72.23,70.91,63.16,2.44,2.51,2.61,2.72,0,0.0
2025-08-08T21:56:55.270944,93.782,72.05,71.15,63.02,2.45,2.51,2.59,2.70,0,0.0
2025-08-08T21:56:55.601482,94.112,71.68,71.50,62.83,2.43,2.52,2.58,2.70,0,0.0
2025-08-08T21:56:55.601482,94.112,71.44,71.33,62.64,2.41,2.53,2.55,2.69,0,0.0
2025-08-08T21:56:55.601482,94.112,71.56,71.15,62.51,2.38,2.53,2.55,2.69,0,0.0
2025-08-08T21:56:55.607075,94.118,71.50,71.27,62.41,2.39,2.57,2.54,2.66,0,0.0
2025-08-08T21:56:55.918810,94.429,71.74,71.09,62.46,2.39,2.59,2.53,2.64,0,0.0
2025-08-08T21:56:55.920939,94.432,71.99,71.03,62.46,2.40,2.57,2.51,2.63,0,0.0
2025-08-08T21:56:55.920939,94.432,72.05,70.85,62.55,2.41,2.57,2.51,2.61,0,0.0
2025-08-08T21:56:56.251933,94.763,72.11,70.74,62.60,2.41,2.57,2.51,2.62,0,0.0
2025-08-08T21:56:56.255701,94.766,72.29,70.56,62.64,2.45,2.57,2.51,2.62,0,0.0
2025-08-08T21:56:56.255701,94.766,72.72,70.10,62.83,2.46,2.57,2.51,2.63,0,0.0
2025-08-08T21:56:56.584647,95.095,72.91,70.04,62.97,2.47,2.57,2.53,2.64,0,0.0
2025-08-08T21:56:56.588279,95.099,73.41,69.98,63.16,2.47,2.57,2.53,2.64,0,0.0
2025-08-08T21:56:56.588279,95.099,73.47,69.93,63.35,2.49,2.56,2.54,2.66,0,0.0
2025-08-08T21:56:56.588279,95.099,73.54,70.04,63.49,2.49,2.55,2.56,2.66,0,0.0
2025-08-08T21:56:56.917671,95.428,73.47,69.87,63.58,2.49,2.51,2.57,2.68,0,0.0
2025-08-08T21:56:56.917671,95.428,73.22,70.16,63.63,2.49,2.50,2.58,2.69,0,0.0
2025-08-08T21:56:56.917671,95.428,71.80,72.05,62.69,2.40,2.49,2.53,2.67,0,0.0
2025-08-08T21:56:57.252556,95.763,71.62,71.56,62.37,2.41,2.56,2.53,2.65,0,0.0
2025-08-08T21:56:57.254569,95.765,71.62,71.33,62.37,2.42,2.58,2.51,2.64,0,0.0
2025-08-08T21:56:57.256580,95.767,71.87,70.79,62.78,2.42,2.59,2.50,2.61,0,0.0
2025-08-08T21:56:57.586144,96.097,72.97,70.04,62.88,2.45,2.57,2.53,2.64,0,0.0
2025-08-08T21:56:57.586144,96.097,73.22,69.76,63.06,2.46,2.57,2.54,2.65,0,0.0
2025-08-08T21:56:57.586144,96.097,73.41,69.70,63.25,2.48,2.56,2.55,2.64,0,0.0
2025-08-08T21:56:57.916168,96.427,73.54,69.98,63.49,2.48,2.55,2.56,2.65,0,0.0
2025-08-08T21:56:57.916168,96.427,73.47,70.16,63.58,2.48,2.57,2.57,2.67,0,0.0
2025-08-08T21:56:57.916168,96.427,73.41,70.27,63.58,2.48,2.53,2.58,2.69,0,0.0
2025-08-08T21:56:57.916168,96.427,73.22,70.39,63.54,2.47,2.55,2.58,2.69,0,0.0
2025-08-08T21:56:58.248790,96.759,73.16,70.33,63.44,2.47,2.52,2.58,2.72,0,0.0
2025-08-08T21:56:58.248790,96.759,72.41,71.44,63.16,2.43,2.49,2.53,2.70,0,0.0
2025-08-08T21:56:58.248790,96.759,71.74,71.50,62.69,2.41,2.52,2.53,2.70,0,0.0
2025-08-08T21:56:58.583693,97.094,71.56,71.39,62.55,2.41,2.53,2.51,2.70,0,0.0
2025-08-08T21:56:58.583693,97.094,71.68,71.27,62.60,2.42,2.54,2.50,2.63,0,0.0
2025-08-08T21:56:58.583693,97.094,73.79,70.10,63.20,2.48,2.54,2.51,2.65,0,0.0
2025-08-08T21:56:58.918788,97.429,73.47,69.76,63.39,2.49,2.54,2.53,2.67,0,0.0
2025-08-08T21:56:58.918788,97.429,73.60,69.87,63.49,2.49,2.53,2.55,2.68,0,0.0
2025-08-08T21:56:58.921314,97.432,73.54,70.16,63.58,2.50,2.52,2.56,2.69,0,0.0
2025-08-08T21:56:58.921314,97.432,73.54,70.27,63.25,2.49,2.54,2.55,2.67,0,0.0
2025-08-08T21:56:59.234845,97.745,73.79,70.56,63.49,2.49,2.55,2.56,2.66,0,0.0
2025-08-08T21:56:59.234845,97.745,73.67,70.74,63.58,2.49,2.53,2.59,2.66,0,0.0
2025-08-08T21:56:59.234845,97.745,73.60,70.62,63.54,2.49,2.53,2.61,2.70,0,0.0
2025-08-08T21:56:59.568111,98.079,73.22,70.74,63.49,2.49,2.51,2.61,2.72,0,0.0
2025-08-08T21:56:59.568111,98.079,73.28,70.62,63.39,2.47,2.51,2.58,2.72,0,0.0
2025-08-08T21:56:59.572244,98.083,73.10,70.79,63.30,2.45,2.52,2.58,2.72,0,0.0
2025-08-08T21:56:59.899677,98.410,72.97,70.85,63.25,2.46,2.53,2.57,2.72,0,0.0
2025-08-08T21:56:59.902602,98.413,72.54,71.21,63.16,2.45,2.53,2.57,2.71,0,0.0
2025-08-08T21:56:59.904746,98.415,72.29,71.33,62.97,2.44,2.54,2.57,2.70,0,0.0
2025-08-08T21:57:00.221104,98.732,71.99,71.50,62.69,2.42,2.57,2.55,2.70,0,0.0
2025-08-08T21:57:00.221104,98.732,71.74,71.39,62.60,2.41,2.57,2.54,2.68,0,0.0
2025-08-08T21:57:00.221104,98.732,71.74,71.44,62.41,2.42,2.59,2.52,2.68,0,0.0
2025-08-08T21:57:00.224705,98.735,71.87,71.27,62.32,2.41,2.62,2.53,2.66,0,0.0
2025-08-08T21:57:00.554516,99.065,71.99,71.15,62.37,2.42,2.62,2.52,2.64,0,0.0
2025-08-08T21:57:00.556871,99.067,72.11,71.09,62.55,2.43,2.61,2.52,2.62,0,0.0
2025-08-08T21:57:00.558246,99.069,72.17,70.97,62.55,2.43,2.61,2.53,2.61,0,0.0
2025-08-08T21:57:00.871548,99.382,72.48,70.79,62.64,2.45,2.61,2.50,2.61,0,0.0
2025-08-08T21:57:00.873559,99.384,72.54,70.62,62.74,2.45,2.58,2.51,2.61,0,0.0
2025-08-08T21:57:00.873559,99.384,72.97,70.27,62.88,2.46,2.58,2.52,2.62,0,0.0
2025-08-08T21:57:01.204601,99.715,73.28,70.10,62.97,2.47,2.57,2.53,2.63,0,0.0
2025-08-08T21:57:01.204601,99.715,73.54,70.10,63.16,2.49,2.57,2.53,2.63,0,0.0
2025-08-08T21:57:01.204601,99.715,73.54,69.87,63.39,2.49,2.56,2.53,2.64,0,0.0
2025-08-08T21:57:01.539936,100.051,73.79,70.04,63.49,2.49,2.55,2.56,2.65,0,0.0
2025-08-08T21:57:01.539936,100.051,73.67,70.04,63.63,2.49,2.53,2.57,2.66,0,0.0
2025-08-08T21:57:01.544410,100.055,73.67,70.27,63.58,2.49,2.53,2.58,2.68,0,0.0
2025-08-08T21:57:01.544410,100.055,73.54,70.33,63.58,2.49,2.52,2.58,2.69,0,0.0
2025-08-08T21:57:01.857204,100.368,73.41,70.44,63.54,2.48,2.51,2.57,2.70,0,0.0
2025-08-08T21:57:01.857204,100.368,73.16,70.68,63.44,2.47,2.51,2.57,2.70,0,0.0
2025-08-08T21:57:01.857204,100.368,73.10,70.85,63.39,2.47,2.50,2.56,2.71,0,0.0
2025-08-08T21:57:02.191298,100.702,71.87,71.87,62.60,2.41,2.52,2.51,2.67,0,0.0
2025-08-08T21:57:02.191298,100.702,71.87,71.62,62.64,2.43,2.53,2.50,2.59,0,0.0
2025-08-08T21:57:02.191298,100.702,73.92,70.62,63.30,2.49,2.53,2.51,2.64,0,0.0
2025-08-08T21:57:02.524382,101.035,73.79,70.62,63.39,2.49,2.52,2.54,2.66,0,0.0
2025-08-08T21:57:02.524382,101.035,73.86,70.68,63.54,2.50,2.51,2.55,2.68,0,0.0
2025-08-08T21:57:02.524382,101.035,73.73,70.50,63.25,2.49,2.53,2.53,2.63,0,0.0
2025-08-08T21:57:02.845558,101.356,73.92,70.33,63.39,2.50,2.52,2.55,2.66,0,0.0
2025-08-08T21:57:02.845558,101.356,73.79,70.27,63.58,2.50,2.51,2.56,2.67,0,0.0
2025-08-08T21:57:02.845558,101.356,73.86,70.10,63.30,2.49,2.53,2.55,2.66,0,0.0
2025-08-08T21:57:02.845558,101.356,73.86,70.21,63.49,2.49,2.53,2.58,2.66,0,0.0
2025-08-08T21:57:03.179122,101.690,73.79,70.44,63.63,2.48,2.51,2.62,2.67,0,0.0
2025-08-08T21:57:03.181133,101.692,73.54,70.50,63.68,2.47,2.51,2.63,2.69,0,0.0
2025-08-08T21:57:03.183143,101.694,71.99,72.11,62.74,2.39,2.49,2.56,2.68,0,0.0
2025-08-08T21:57:03.510793,102.021,71.87,71.68,62.41,2.39,2.54,2.55,2.66,0,0.0
2025-08-08T21:57:03.510793,102.021,72.05,71.50,62.37,2.40,2.55,2.53,2.64,0,0.0
2025-08-08T21:57:03.510793,102.021,71.93,71.68,62.51,2.41,2.56,2.53,2.64,0,0.0
2025-08-08T21:57:03.844550,102.355,72.17,71.80,62.60,2.41,2.57,2.50,2.63,0,0.0
2025-08-08T21:57:03.861223,102.372,72.35,71.50,62.64,2.41,2.57,2.50,2.62,0,0.0
2025-08-08T21:57:03.861223,102.372,72.48,70.97,62.64,2.42,2.57,2.51,2.62,0,0.0
2025-08-08T21:57:03.861223,102.372,72.78,70.68,62.64,2.43,2.55,2.51,2.63,0,0.0
2025-08-08T21:57:04.179311,102.690,73.03,70.44,62.78,2.45,2.55,2.52,2.61,0,0.0
2025-08-08T21:57:04.179311,102.690,73.28,70.21,62.97,2.47,2.55,2.53,2.64,0,0.0
2025-08-08T21:57:04.181622,102.692,73.73,70.21,63.06,2.47,2.53,2.53,2.64,0,0.0
2025-08-08T21:57:04.511322,103.022,73.73,70.16,63.35,2.48,2.53,2.53,2.65,0,0.0
2025-08-08T21:57:04.511322,103.022,73.60,70.27,63.58,2.47,2.53,2.56,2.67,0,0.0
2025-08-08T21:57:04.511322,103.022,73.41,70.33,63.68,2.47,2.51,2.57,2.68,0,0.0
2025-08-08T21:57:04.846013,103.357,73.22,71.03,63.44,2.45,2.49,2.57,2.71,0,0.0
2025-08-08T21:57:04.846013,103.357,71.74,71.87,62.74,2.38,2.53,2.52,2.67,0,0.0
2025-08-08T21:57:04.848535,103.359,71.56,71.68,62.46,2.39,2.53,2.52,2.66,0,0.0
2025-08-08T21:57:05.180191,103.691,72.60,70.85,62.78,2.42,2.55,2.50,2.61,0,0.0
2025-08-08T21:57:05.207430,103.718,72.60,70.85,62.74,2.43,2.56,2.51,2.62,0,0.0
2025-08-08T21:57:05.210194,103.721,72.85,70.91,62.92,2.43,2.55,2.54,2.62,0,0.0
2025-08-08T21:57:05.210194,103.721,73.28,70.68,63.02,2.45,2.55,2.55,2.64,0,0.0
2025-08-08T21:57:05.512475,104.023,73.79,70.16,63.44,2.47,2.53,2.56,2.66,0,0.0
2025-08-08T21:57:05.514484,104.025,73.86,70.16,63.58,2.49,2.53,2.58,2.66,0,0.0
2025-08-08T21:57:05.515195,104.026,73.86,70.50,63.73,2.49,2.51,2.58,2.68,0,0.0
2025-08-08T21:57:05.844144,104.355,73.67,70.74,63.73,2.48,2.50,2.62,2.69,0,0.0
2025-08-08T21:57:05.844144,104.355,73.35,71.68,63.49,2.46,2.49,2.59,2.72,0,0.0
2025-08-08T21:57:05.844144,104.355,71.80,72.11,62.60,2.40,2.53,2.53,2.68,0,0.0
2025-08-08T21:57:06.180338,104.691,71.87,71.87,62.41,2.41,2.55,2.53,2.67,0,0.0
2025-08-08T21:57:06.180338,104.691,72.05,71.74,62.37,2.41,2.55,2.52,2.66,0,0.0
2025-08-08T21:57:06.180338,104.691,72.17,71.39,62.55,2.41,2.57,2.53,2.64,0,0.0
2025-08-08T21:57:06.514516,105.025,72.29,71.27,62.64,2.43,2.57,2.54,2.63,0,0.0
2025-08-08T21:57:06.515169,105.026,72.41,71.03,62.69,2.42,2.57,2.53,2.62,0,0.0
2025-08-08T21:57:06.517188,105.028,72.66,70.74,62.78,2.42,2.56,2.53,2.63,0,0.0
2025-08-08T21:57:06.519208,105.030,72.97,70.44,62.88,2.44,2.56,2.53,2.64,0,0.0
2025-08-08T21:57:06.846923,105.357,73.22,70.33,63.02,2.45,2.55,2.54,2.64,0,0.0
2025-08-08T21:57:06.847434,105.358,73.54,70.21,63.25,2.47,2.55,2.55,2.64,0,0.0
2025-08-08T21:57:06.849223,105.360,73.73,70.16,63.35,2.48,2.53,2.57,2.66,0,0.0
2025-08-08T21:57:07.180312,105.691,73.73,70.16,63.49,2.49,2.55,2.59,2.67,0,0.0
2025-08-08T21:57:07.182464,105.693,73.92,70.27,63.58,2.48,2.52,2.62,2.69,0,0.0
2025-08-08T21:57:07.182464,105.693,73.41,70.85,63.39,2.48,2.50,2.58,2.72,0,0.0
2025-08-08T21:57:07.497373,106.008,71.99,71.93,62.64,2.41,2.53,2.53,2.68,0,0.0
2025-08-08T21:57:07.497373,106.008,71.87,71.74,62.51,2.41,2.56,2.52,2.67,0,0.0
2025-08-08T21:57:07.497373,106.008,72.11,71.56,62.41,2.41,2.57,2.52,2.66,0,0.0
2025-08-08T21:57:07.497373,106.008,72.17,71.39,62.51,2.42,2.58,2.50,2.65,0,0.0
2025-08-08T21:57:07.829459,106.340,73.16,70.44,62.92,2.45,2.55,2.51,2.64,0,0.0
2025-08-08T21:57:07.829459,106.340,73.41,70.16,63.06,2.46,2.55,2.53,2.65,0,0.0
2025-08-08T21:57:07.829459,106.340,73.73,70.10,63.20,2.48,2.54,2.54,2.64,0,0.0
2025-08-08T21:57:08.165955,106.677,73.79,70.16,63.30,2.49,2.54,2.56,2.65,0,0.0
2025-08-08T21:57:08.167971,106.679,73.22,70.21,62.92,2.48,2.55,2.54,2.66,0,0.0
2025-08-08T21:57:08.168887,106.679,73.79,70.10,63.11,2.49,2.57,2.55,2.66,0,0.0
2025-08-08T21:57:08.484700,106.995,73.79,70.44,63.35,2.50,2.58,2.57,2.66,0,0.0
2025-08-08T21:57:08.486709,106.997,73.79,70.62,63.49,2.49,2.53,2.58,2.68,0,0.0
2025-08-08T21:57:08.486709,106.997,73.73,70.62,63.58,2.49,2.51,2.61,2.69,0,0.0
2025-08-08T21:57:08.817222,107.328,73.47,70.68,63.58,2.48,2.52,2.62,2.70,0,0.0
2025-08-08T21:57:08.817222,107.328,73.22,71.74,63.25,2.46,2.49,2.57,2.71,0,0.0
2025-08-08T21:57:08.817222,107.328,71.99,72.35,62.28,2.41,2.53,2.52,2.66,0,0.0
2025-08-08T21:57:08.817222,107.328,71.93,72.11,62.28,2.41,2.55,2.51,2.66,0,0.0
2025-08-08T21:57:09.150481,107.661,71.99,71.87,62.37,2.43,2.59,2.50,2.65,0,0.0
2025-08-08T21:57:09.152490,107.663,72.11,71.74,62.46,2.42,2.60,2.50,2.61,0,0.0
2025-08-08T21:57:09.152490,107.663,72.17,71.62,62.55,2.43,2.61,2.52,2.62,0,0.0
2025-08-08T21:57:09.465972,107.977,72.29,71.33,62.60,2.43,2.61,2.52,2.63,0,0.0
2025-08-08T21:57:09.468517,107.979,72.72,70.68,62.74,2.45,2.57,2.53,2.63,0,0.0
2025-08-08T21:57:09.470590,107.981,72.91,70.39,62.83,2.48,2.55,2.54,2.63,0,0.0
2025-08-08T21:57:09.799325,108.310,73.22,70.16,63.06,2.47,2.62,2.55,2.64,0,0.0
2025-08-08T21:57:09.799325,108.310,73.47,70.16,63.20,2.49,2.57,2.57,2.65,0,0.0
2025-08-08T21:57:09.799325,108.310,73.54,70.16,63.35,2.49,2.57,2.57,2.66,0,0.0
2025-08-08T21:57:10.134266,108.645,73.54,70.33,63.54,2.49,2.53,2.57,2.68,0,0.0
2025-08-08T21:57:10.134266,108.645,73.54,70.44,63.58,2.49,2.51,2.61,2.70,0,0.0
2025-08-08T21:57:10.134266,108.645,73.35,70.56,63.63,2.49,2.50,2.62,2.70,0,0.0
2025-08-08T21:57:10.134266,108.645,73.22,70.62,63.58,2.45,2.52,2.62,2.72,0,0.0
2025-08-08T21:57:10.470935,108.982,72.54,71.50,63.30,2.44,2.50,2.57,2.70,0,0.0
2025-08-08T21:57:10.470935,108.982,71.87,71.80,62.92,2.40,2.52,2.57,2.69,0,0.0
2025-08-08T21:57:10.470935,108.982,71.74,71.99,62.74,2.40,2.55,2.55,2.68,0,0.0
2025-08-08T21:57:10.801784,109.312,71.56,71.87,62.60,2.40,2.53,2.53,2.68,0,0.0
2025-08-08T21:57:10.801784,109.312,71.62,71.80,62.46,2.39,2.55,2.53,2.67,0,0.0
2025-08-08T21:57:10.801784,109.312,71.80,71.62,62.41,2.39,2.58,2.52,2.66,0,0.0
2025-08-08T21:57:11.138233,109.649,71.99,71.62,62.41,2.40,2.58,2.51,2.64,0,0.0
2025-08-08T21:57:11.140110,109.651,71.99,71.50,62.60,2.41,2.57,2.53,2.62,0,0.0
2025-08-08T21:57:11.140110,109.651,72.17,71.39,62.64,2.40,2.57,2.53,2.62,0,0.0
2025-08-08T21:57:11.140110,109.651,72.35,71.03,62.69,2.43,2.61,2.55,2.62,0,0.0
2025-08-08T21:57:11.471248,109.982,72.54,70.79,62.83,2.44,2.64,2.55,2.62,0,0.0
2025-08-08T21:57:11.473262,109.984,72.97,70.44,62.92,2.45,2.65,2.56,2.63,0,0.0
2025-08-08T21:57:11.473838,109.984,73.22,70.27,63.02,2.47,2.64,2.56,2.64,0,0.0
2025-08-08T21:57:11.803515,110.314,73.41,70.21,63.30,2.48,2.62,2.57,2.66,0,0.0
2025-08-08T21:57:11.804746,110.315,73.60,70.16,63.92,2.48,2.62,2.57,2.66,0,0.0
2025-08-08T21:57:11.804746,110.315,73.73,70.44,64.01,2.49,2.61,2.57,2.66,0,0.0
2025-08-08T21:57:12.138610,110.649,73.41,70.50,63.68,2.49,2.57,2.61,2.68,0,0.0
2025-08-08T21:57:12.140622,110.651,73.28,70.62,63.68,2.49,2.54,2.62,2.70,0,0.0
2025-08-08T21:57:12.140622,110.651,73.35,70.74,63.54,2.48,2.55,2.62,2.71,0,0.0
2025-08-08T21:57:12.471816,110.982,73.03,70.79,63.49,2.47,2.53,2.62,2.72,0,0.0
2025-08-08T21:57:12.471816,110.982,72.91,70.85,63.39,2.47,2.53,2.61,2.73,0,0.0
2025-08-08T21:57:12.471816,110.982,72.78,71.09,63.25,2.47,2.55,2.59,2.73,0,0.0
2025-08-08T21:57:12.471816,110.982,72.54,71.44,63.16,2.47,2.57,2.58,2.72,0,0.0
2025-08-08T21:57:12.804489,111.315,72.17,71.62,63.11,2.44,2.58,2.57,2.71,0,0.0
2025-08-08T21:57:12.804489,111.315,72.05,71.80,62.97,2.43,2.56,2.53,2.70,0,0.0
2025-08-08T21:57:12.804489,111.315,71.80,71.93,62.74,2.43,2.55,2.53,2.69,0,0.0
2025-08-08T21:57:13.123343,111.634,71.68,71.74,62.60,2.42,2.56,2.51,2.68,0,0.0
2025-08-08T21:57:13.123343,111.634,71.68,71.68,62.51,2.41,2.58,2.51,2.66,0,0.0
2025-08-08T21:57:13.125870,111.636,72.60,70.44,63.30,2.47,2.63,2.49,2.64,0,0.0
2025-08-08T21:57:13.455654,111.966,73.67,70.16,63.44,2.49,2.56,2.55,2.66,0,0.0
2025-08-08T21:57:13.455654,111.966,73.47,70.27,63.54,2.49,2.53,2.56,2.67,0,0.0
2025-08-08T21:57:13.455654,111.966,73.41,70.50,63.54,2.49,2.52,2.57,2.68,0,0.0
2025-08-08T21:57:13.787315,112.298,73.54,70.79,63.63,2.49,2.51,2.59,2.70,0,0.0
2025-08-08T21:57:13.789341,112.300,73.22,70.85,64.01,2.48,2.52,2.57,2.71,0,0.0
2025-08-08T21:57:13.789341,112.300,73.03,70.91,63.54,2.47,2.50,2.57,2.72,0,0.0
2025-08-08T21:57:13.792665,112.303,72.91,71.09,63.54,2.46,2.52,2.56,2.72,0,0.0
2025-08-08T21:57:14.120020,112.631,72.78,71.39,63.39,2.46,2.51,2.56,2.71,0,0.0
2025-08-08T21:57:14.120020,112.631,72.48,71.44,63.25,2.45,2.51,2.55,2.71,0,0.0
2025-08-08T21:57:14.120020,112.631,71.99,71.50,63.16,2.43,2.51,2.55,2.70,0,0.0
2025-08-08T21:57:14.435218,112.946,71.74,71.68,63.16,2.43,2.53,2.53,2.69,0,0.0
2025-08-08T21:57:14.435218,112.946,71.62,71.80,63.06,2.42,2.51,2.52,2.69,0,0.0
2025-08-08T21:57:14.439011,112.950,71.56,71.68,62.78,2.39,2.56,2.51,2.68,0,0.0
2025-08-08T21:57:14.766647,113.277,71.62,71.74,62.55,2.39,2.56,2.50,2.67,0,0.0
2025-08-08T21:57:14.766647,113.277,72.48,70.44,63.68,2.46,2.58,2.49,2.64,0,0.0
2025-08-08T21:57:14.766647,113.277,73.79,70.44,63.58,2.48,2.58,2.53,2.66,0,0.0
2025-08-08T21:57:15.099968,113.611,73.86,70.50,63.73,2.48,2.55,2.55,2.68,0,0.0
2025-08-08T21:57:15.099968,113.611,73.54,70.68,63.77,2.48,2.54,2.57,2.68,0,0.0
2025-08-08T21:57:15.099968,113.611,73.41,70.85,63.73,2.49,2.53,2.57,2.70,0,0.0
2025-08-08T21:57:15.099968,113.611,72.41,71.93,63.25,2.45,2.53,2.55,2.71,0,0.0
2025-08-08T21:57:15.431230,113.942,72.11,72.05,63.06,2.44,2.53,2.55,2.70,0,0.0
2025-08-08T21:57:15.431230,113.942,71.62,72.17,62.92,2.43,2.56,2.53,2.70,0,0.0
2025-08-08T21:57:15.431230,113.942,71.50,72.05,62.74,2.41,2.56,2.52,2.68,0,0.0
2025-08-08T21:57:15.748037,114.259,71.50,71.74,62.60,2.41,2.55,2.50,2.68,0,0.0
2025-08-08T21:57:15.750973,114.262,72.11,70.50,63.06,2.46,2.56,2.48,2.62,0,0.0
2025-08-08T21:57:15.750973,114.262,73.41,70.16,63.30,2.49,2.54,2.52,2.64,0,0.0
2025-08-08T21:57:16.081660,114.592,73.41,70.16,63.49,2.49,2.52,2.53,2.66,0,0.0
2025-08-08T21:57:16.111044,114.622,73.47,70.27,63.68,2.49,2.54,2.53,2.67,0,0.0
2025-08-08T21:57:16.112118,114.623,73.28,70.39,64.16,2.49,2.54,2.55,2.69,0,0.0
2025-08-08T21:57:16.113777,114.624,73.10,70.62,63.63,2.49,2.55,2.58,2.69,0,0.0
2025-08-08T21:57:16.414505,114.925,73.03,70.68,63.58,2.48,2.54,2.61,2.71,0,0.0
2025-08-08T21:57:16.416233,114.927,72.35,71.74,63.30,2.44,2.49,2.55,2.68,0,0.0
2025-08-08T21:57:16.416233,114.927,71.80,71.80,62.92,2.42,2.55,2.55,2.69,0,0.0
2025-08-08T21:57:16.730905,115.241,71.39,71.93,62.74,2.41,2.56,2.55,2.68,0,0.0
2025-08-08T21:57:16.730905,115.241,71.39,71.74,62.64,2.41,2.54,2.54,2.66,0,0.0
2025-08-08T21:57:16.735246,115.246,71.50,71.62,62.55,2.41,2.55,2.52,2.65,0,0.0
2025-08-08T21:57:17.064987,115.576,71.56,71.44,63.20,2.43,2.56,2.49,2.58,0,0.0
2025-08-08T21:57:17.064987,115.579,72.54,71.09,63.25,2.45,2.56,2.52,2.62,0,0.0
2025-08-08T21:57:17.068482,115.579,72.85,70.74,63.06,2.46,2.56,2.53,2.63,0,0.0
2025-08-08T21:57:17.399627,115.910,73.16,70.74,63.20,2.47,2.55,2.54,2.63,0,0.0
2025-08-08T21:57:17.401143,115.912,73.28,70.50,63.77,2.47,2.56,2.55,2.64,0,0.0
2025-08-08T21:57:17.401143,115.912,73.54,70.56,63.87,2.48,2.53,2.57,2.64,0,0.0
2025-08-08T21:57:17.401143,115.912,73.54,70.79,64.06,2.49,2.53,2.58,2.66,0,0.0
2025-08-08T21:57:17.732176,116.243,73.28,71.09,63.82,2.49,2.53,2.61,2.68,0,0.0
2025-08-08T21:57:17.732176,116.243,73.16,70.97,63.68,2.48,2.51,2.61,2.69,0,0.0
2025-08-08T21:57:17.732176,116.243,71.50,72.66,62.74,2.40,2.50,2.53,2.66,0,0.0
2025-08-08T21:57:18.066542,116.577,71.50,72.29,62.37,2.40,2.55,2.51,2.65,0,0.0
2025-08-08T21:57:18.068554,116.579,71.50,72.05,62.64,2.41,2.56,2.51,2.64,0,0.0
2025-08-08T21:57:18.068554,116.579,71.80,71.93,62.92,2.41,2.56,2.50,2.63,0,0.0
2025-08-08T21:57:18.399223,116.910,71.99,71.62,62.74,2.42,2.57,2.51,2.62,0,0.0
2025-08-08T21:57:18.401237,116.912,71.99,71.39,62.69,2.43,2.57,2.51,2.62,0,0.0
2025-08-08T21:57:18.401237,116.912,72.11,70.97,62.78,2.43,2.57,2.51,2.61,0,0.0
2025-08-08T21:57:18.715621,117.226,72.41,70.74,62.92,2.44,2.56,2.53,2.62,0,0.0
2025-08-08T21:57:18.715621,117.226,72.85,70.62,62.97,2.45,2.55,2.53,2.64,0,0.0
2025-08-08T21:57:18.715621,117.226,73.10,70.74,63.16,2.47,2.55,2.54,2.65,0,0.0
2025-08-08T21:57:18.715621,117.226,73.16,70.85,63.25,2.46,2.54,2.55,2.66,0,0.0
2025-08-08T21:57:19.050191,117.561,73.41,70.97,63.49,2.49,2.53,2.57,2.66,0,0.0
2025-08-08T21:57:19.050191,117.561,73.54,70.91,63.68,2.48,2.51,2.58,2.66,0,0.0
2025-08-08T21:57:19.053275,117.564,73.22,70.74,63.68,2.49,2.53,2.61,2.68,0,0.0
2025-08-08T21:57:19.383005,117.894,73.22,70.68,63.63,2.47,2.53,2.62,2.69,0,0.0
2025-08-08T21:57:19.383005,117.894,73.28,70.74,63.58,2.48,2.52,2.62,2.71,0,0.0
2025-08-08T21:57:19.383005,117.894,72.66,71.80,63.35,2.44,2.49,2.57,2.70,0,0.0
2025-08-08T21:57:19.703663,118.214,72.05,71.74,62.78,2.40,2.56,2.51,2.64,0,0.0
2025-08-08T21:57:19.706404,118.217,72.23,71.56,62.55,2.42,2.61,2.51,2.62,0,0.0
2025-08-08T21:57:19.706404,118.217,72.23,71.39,62.69,2.42,2.62,2.51,2.62,0,0.0
2025-08-08T21:57:20.036708,118.547,72.35,71.21,62.69,2.43,2.57,2.51,2.61,0,0.0
2025-08-08T21:57:20.037795,118.548,72.66,70.74,63.16,2.43,2.57,2.53,2.62,0,0.0
2025-08-08T21:57:20.037795,118.548,72.85,70.50,63.30,2.44,2.57,2.53,2.62,0,0.0
2025-08-08T21:57:20.040321,118.551,73.28,70.16,63.06,2.46,2.55,2.53,2.63,0,0.0
2025-08-08T21:57:20.369866,118.880,73.47,70.10,63.20,2.47,2.55,2.53,2.63,0,0.0
2025-08-08T21:57:20.369866,118.880,73.73,70.04,63.35,2.49,2.55,2.55,2.64,0,0.0
2025-08-08T21:57:20.369866,118.880,73.60,70.27,63.49,2.48,2.55,2.57,2.65,0,0.0
2025-08-08T21:57:20.687506,119.198,73.73,70.27,63.63,2.49,2.53,2.58,2.66,0,0.0
2025-08-08T21:57:20.688671,119.199,73.54,70.39,63.68,2.48,2.51,2.61,2.68,0,0.0
2025-08-08T21:57:20.690152,119.201,73.22,71.27,63.44,2.46,2.49,2.58,2.70,0,0.0
2025-08-08T21:57:21.019993,119.531,72.54,71.74,63.20,2.44,2.52,2.57,2.70,0,0.0
2025-08-08T21:57:21.022003,119.533,72.17,71.87,63.02,2.42,2.51,2.56,2.68,0,0.0
2025-08-08T21:57:21.022003,119.533,71.80,71.87,62.78,2.42,2.52,2.55,2.68,0,0.0
2025-08-08T21:57:21.355987,119.867,71.87,71.87,62.64,2.41,2.53,2.53,2.67,0,0.0
2025-08-08T21:57:21.355987,119.867,71.68,71.87,62.55,2.40,2.56,2.51,2.66,0,0.0
2025-08-08T21:57:21.358002,119.869,71.87,71.50,62.69,2.41,2.57,2.49,2.59,0,0.0
2025-08-08T21:57:21.358002,119.869,72.60,70.50,63.25,2.46,2.56,2.49,2.62,0,0.0
2025-08-08T21:57:21.688652,120.199,73.60,70.10,63.73,2.48,2.53,2.55,2.62,0,0.0
2025-08-08T21:57:21.692007,120.203,73.54,70.04,64.01,2.48,2.52,2.56,2.64,0,0.0
2025-08-08T21:57:21.693466,120.204,73.47,70.79,63.68,2.48,2.54,2.58,2.66,0,0.0
2025-08-08T21:57:22.022727,120.533,73.22,70.91,63.68,2.48,2.53,2.58,2.68,0,0.0
2025-08-08T21:57:22.022727,120.533,73.16,70.85,63.49,2.47,2.52,2.59,2.69,0,0.0
2025-08-08T21:57:22.022727,120.533,71.99,72.23,63.06,2.42,2.51,2.55,2.68,0,0.0
2025-08-08T21:57:22.340937,120.852,71.74,72.05,62.78,2.41,2.53,2.55,2.68,0,0.0
2025-08-08T21:57:22.344023,120.855,71.50,71.74,62.60,2.38,2.53,2.53,2.66,0,0.0
2025-08-08T21:57:22.346039,120.857,71.39,71.74,62.55,2.37,2.54,2.51,2.66,0,0.0
2025-08-08T21:57:22.346039,120.857,71.50,71.50,62.41,2.38,2.55,2.50,2.65,0,0.0
2025-08-08T21:57:22.677273,121.188,71.62,71.33,62.78,2.39,2.57,2.50,2.58,0,0.0
2025-08-08T21:57:22.677273,121.188,73.73,70.21,63.58,2.46,2.54,2.54,2.64,0,0.0
2025-08-08T21:57:22.677273,121.188,73.54,70.16,63.68,2.47,2.53,2.56,2.66,0,0.0
2025-08-08T21:57:23.011668,121.522,73.28,70.50,63.73,2.46,2.53,2.57,2.67,0,0.0
2025-08-08T21:57:23.013019,121.524,73.35,70.79,63.73,2.45,2.50,2.61,2.69,0,0.0
2025-08-08T21:57:23.014247,121.525,73.16,70.79,63.63,2.45,2.50,2.61,2.70,0,0.0
2025-08-08T21:57:23.329257,121.840,72.35,71.62,63.25,2.42,2.49,2.56,2.69,0,0.0
2025-08-08T21:57:23.329257,121.840,71.74,71.93,62.88,2.39,2.53,2.54,2.69,0,0.0
2025-08-08T21:57:23.329257,121.840,71.50,71.87,63.20,2.38,2.55,2.53,2.67,0,0.0
2025-08-08T21:57:23.660569,122.171,71.39,71.80,62.97,2.39,2.55,2.51,2.66,0,0.0
2025-08-08T21:57:23.660569,122.171,71.62,71.80,62.78,2.40,2.57,2.50,2.58,0,0.0
2025-08-08T21:57:23.660569,122.171,73.54,70.68,63.35,2.49,2.55,2.53,2.63,0,0.0
2025-08-08T21:57:23.660569,122.171,73.41,70.56,63.58,2.48,2.53,2.54,2.64,0,0.0
2025-08-08T21:57:23.995561,122.506,73.41,70.68,63.58,2.48,2.53,2.56,2.65,0,0.0
2025-08-08T21:57:23.995561,122.506,73.47,70.50,64.06,2.48,2.51,2.57,2.66,0,0.0
2025-08-08T21:57:23.997572,122.508,73.03,70.79,63.63,2.47,2.52,2.58,2.68,0,0.0
2025-08-08T21:57:24.328326,122.839,73.03,70.97,63.54,2.46,2.51,2.59,2.69,0,0.0
2025-08-08T21:57:24.328326,122.839,72.91,71.09,63.39,2.45,2.52,2.62,2.70,0,0.0
2025-08-08T21:57:24.328326,122.839,71.74,72.41,62.92,2.41,2.51,2.57,2.67,0,0.0
2025-08-08T21:57:24.664326,123.175,71.56,72.29,62.69,2.40,2.52,2.56,2.67,0,0.0
2025-08-08T21:57:24.664326,123.175,71.62,72.17,62.51,2.40,2.55,2.54,2.66,0,0.0
2025-08-08T21:57:24.664326,123.175,71.62,71.99,62.37,2.40,2.55,2.53,2.66,0,0.0
2025-08-08T21:57:24.664326,123.175,71.80,71.44,62.41,2.40,2.56,2.52,2.64,0,0.0
2025-08-08T21:57:24.996557,123.507,71.87,71.44,62.51,2.41,2.57,2.52,2.61,0,0.0
2025-08-08T21:57:24.999124,123.510,72.17,71.27,62.92,2.41,2.57,2.51,2.61,0,0.0
2025-08-08T21:57:24.999778,123.510,72.11,71.21,62.64,2.42,2.57,2.53,2.62,0,0.0
2025-08-08T21:57:25.312762,123.823,72.17,70.97,62.69,2.43,2.57,2.53,2.59,0,0.0
2025-08-08T21:57:25.312762,123.823,72.60,70.68,62.78,2.44,2.56,2.51,2.61,0,0.0
2025-08-08T21:57:25.312762,123.823,72.85,70.44,62.88,2.45,2.58,2.51,2.61,0,0.0
2025-08-08T21:57:25.649380,124.160,73.28,70.27,62.97,2.45,2.57,2.52,2.64,0,0.0
2025-08-08T21:57:25.657513,124.168,73.47,70.21,63.11,2.47,2.58,2.53,2.65,0,0.0
2025-08-08T21:57:25.657513,124.168,73.60,70.16,63.35,2.49,2.58,2.54,2.66,0,0.0
2025-08-08T21:57:25.982008,124.493,73.73,70.16,63.49,2.49,2.55,2.56,2.67,0,0.0
2025-08-08T21:57:25.982771,124.493,73.41,70.39,63.54,2.49,2.55,2.57,2.69,0,0.0
2025-08-08T21:57:25.984101,124.495,73.41,70.85,63.58,2.49,2.54,2.57,2.70,0,0.0
2025-08-08T21:57:25.985448,124.496,73.22,71.03,63.58,2.48,2.53,2.57,2.71,0,0.0
2025-08-08T21:57:26.313665,124.824,73.10,70.97,63.44,2.45,2.50,2.57,2.72,0,0.0
2025-08-08T21:57:26.315838,124.826,73.03,71.33,63.44,2.46,2.51,2.56,2.72,0,0.0
2025-08-08T21:57:26.316941,124.828,72.97,71.50,63.20,2.46,2.51,2.56,2.72,0,0.0
2025-08-08T21:57:26.642776,125.153,72.48,71.87,63.16,2.45,2.55,2.55,2.72,0,0.0
2025-08-08T21:57:26.642776,125.153,72.11,71.99,62.97,2.43,2.52,2.54,2.69,0,0.0
2025-08-08T21:57:26.642776,125.153,71.87,72.23,62.78,2.42,2.52,2.53,2.69,0,0.0
2025-08-08T21:57:26.966771,125.477,71.80,72.17,62.74,2.41,2.52,2.53,2.70,0,0.0
2025-08-08T21:57:26.969658,125.480,71.74,72.23,62.37,2.40,2.55,2.52,2.68,0,0.0
2025-08-08T21:57:26.970531,125.481,71.62,71.99,62.23,2.41,2.54,2.51,2.68,0,0.0
2025-08-08T21:57:27.293082,125.804,71.74,71.50,62.74,2.42,2.55,2.49,2.62,0,0.0
2025-08-08T21:57:27.293082,125.804,73.79,70.27,63.44,2.49,2.52,2.53,2.67,0,0.0
2025-08-08T21:57:27.293082,125.804,73.41,70.27,63.39,2.49,2.53,2.57,2.68,0,0.0
2025-08-08T21:57:27.293082,125.804,73.47,70.44,63.39,2.49,2.53,2.57,2.69,0,0.0
2025-08-08T21:57:27.628293,126.139,73.22,70.56,63.54,2.48,2.51,2.58,2.70,0,0.0
2025-08-08T21:57:27.629744,126.140,73.16,70.74,63.35,2.47,2.51,2.58,2.72,0,0.0
2025-08-08T21:57:27.631204,126.142,73.10,71.03,63.35,2.47,2.50,2.57,2.73,0,0.0
2025-08-08T21:57:27.955723,126.466,72.72,71.21,63.35,2.47,2.51,2.57,2.73,0,0.0
2025-08-08T21:57:27.955723,126.466,72.60,71.27,63.39,2.46,2.52,2.57,2.72,0,0.0
2025-08-08T21:57:27.955723,126.466,72.41,71.39,63.25,2.45,2.52,2.56,2.71,0,0.0
2025-08-08T21:57:28.286464,126.797,72.11,71.62,63.16,2.44,2.53,2.55,2.71,0,0.0
2025-08-08T21:57:28.286464,126.797,71.87,71.80,63.02,2.43,2.53,2.55,2.70,0,0.0
2025-08-08T21:57:28.286464,126.797,71.62,71.80,62.64,2.41,2.54,2.54,2.70,0,0.0
2025-08-08T21:57:28.615339,127.126,71.44,71.87,62.55,2.41,2.55,2.52,2.69,0,0.0
2025-08-08T21:57:28.615339,127.126,71.56,71.80,62.64,2.43,2.56,2.49,2.63,0,0.0
2025-08-08T21:57:28.619314,127.130,73.54,70.44,63.20,2.48,2.56,2.50,2.65,0,0.0
2025-08-08T21:57:28.621287,127.132,73.54,70.27,63.20,2.47,2.53,2.53,2.65,0,0.0
2025-08-08T21:57:28.949023,127.460,73.47,70.62,63.49,2.48,2.52,2.53,2.68,0,0.0
2025-08-08T21:57:28.949023,127.460,73.41,70.68,63.49,2.48,2.53,2.56,2.68,0,0.0
2025-08-08T21:57:28.949023,127.460,73.22,70.44,63.39,2.48,2.52,2.57,2.70,0,0.0
2025-08-08T21:57:29.264934,127.776,72.35,71.39,63.06,2.44,2.51,2.56,2.70,0,0.0
2025-08-08T21:57:29.264934,127.776,71.99,71.50,62.92,2.43,2.53,2.55,2.69,0,0.0
2025-08-08T21:57:29.264934,127.776,71.50,71.74,62.83,2.42,2.51,2.55,2.68,0,0.0
2025-08-08T21:57:29.597600,128.108,71.44,71.80,62.69,2.41,2.51,2.53,2.69,0,0.0
2025-08-08T21:57:29.599907,128.110,71.39,71.74,62.51,2.40,2.53,2.52,2.68,0,0.0
2025-08-08T21:57:29.601866,128.112,71.50,71.44,62.46,2.41,2.57,2.51,2.68,0,0.0
2025-08-08T21:57:29.931185,128.442,71.74,71.27,62.78,2.41,2.57,2.49,2.62,0,0.0
2025-08-08T21:57:29.931185,128.442,72.35,70.62,62.83,2.43,2.62,2.51,2.64,0,0.0
2025-08-08T21:57:29.931185,128.442,72.66,70.21,62.92,2.45,2.62,2.51,2.64,0,0.0
2025-08-08T21:57:29.931185,128.442,72.91,70.10,63.06,2.46,2.57,2.53,2.65,0,0.0
2025-08-08T21:57:30.246983,128.758,73.35,70.16,63.20,2.47,2.56,2.53,2.66,0,0.0
2025-08-08T21:57:30.246983,128.758,73.41,70.27,63.44,2.46,2.55,2.55,2.66,0,0.0
2025-08-08T21:57:30.246983,128.758,73.41,70.56,63.58,2.46,2.55,2.57,2.68,0,0.0
2025-08-08T21:57:30.579685,129.090,73.28,70.74,63.63,2.46,2.56,2.58,2.69,0,0.0
2025-08-08T21:57:30.579685,129.090,73.16,70.85,63.58,2.47,2.53,2.63,2.71,0,0.0
2025-08-08T21:57:30.579685,129.090,71.68,72.48,62.74,2.38,2.50,2.55,2.69,0,0.0
2025-08-08T21:57:30.912489,129.423,71.68,72.17,62.37,2.37,2.54,2.54,2.67,0,0.0
2025-08-08T21:57:30.912489,129.423,71.74,71.99,62.37,2.38,2.56,2.53,2.65,0,0.0
2025-08-08T21:57:30.912489,129.423,72.60,70.79,62.78,2.41,2.55,2.51,2.63,0,0.0
2025-08-08T21:57:31.246852,129.757,72.78,70.33,62.83,2.43,2.55,2.52,2.65,0,0.0
2025-08-08T21:57:31.246852,129.757,72.97,70.16,63.11,2.45,2.55,2.53,2.65,0,0.0
2025-08-08T21:57:31.246852,129.757,73.35,70.10,63.20,2.47,2.54,2.54,2.66,0,0.0
2025-08-08T21:57:31.246852,129.757,73.41,70.10,63.39,2.45,2.53,2.55,2.67,0,0.0
2025-08-08T21:57:31.578218,130.089,73.54,70.21,63.58,2.46,2.55,2.57,2.69,0,0.0
2025-08-08T21:57:31.578218,130.089,73.35,70.27,63.63,2.45,2.53,2.58,2.70,0,0.0
2025-08-08T21:57:31.578218,130.089,73.28,70.21,63.58,2.45,2.52,2.59,2.72,0,0.0
2025-08-08T21:57:31.911811,130.422,73.10,70.44,63.54,2.45,2.51,2.59,2.72,0,0.0
2025-08-08T21:57:31.911811,130.422,73.03,70.74,63.44,2.45,2.51,2.58,2.73,0,0.0
2025-08-08T21:57:31.911811,130.422,73.03,70.91,63.35,2.45,2.51,2.57,2.73,0,0.0
2025-08-08T21:57:32.246219,130.757,72.78,71.15,63.25,2.47,2.52,2.58,2.72,0,0.0
2025-08-08T21:57:32.248926,130.760,72.41,71.39,63.16,2.45,2.53,2.57,2.71,0,0.0
2025-08-08T21:57:32.248926,130.760,71.99,71.56,63.06,2.42,2.53,2.56,2.72,0,0.0
2025-08-08T21:57:32.248926,130.760,71.80,71.74,62.69,2.41,2.54,2.55,2.70,0,0.0
2025-08-08T21:57:32.581980,131.093,71.62,71.93,62.64,2.41,2.55,2.54,2.69,0,0.0
2025-08-08T21:57:32.581980,131.093,71.56,71.93,62.55,2.40,2.55,2.52,2.68,0,0.0
2025-08-08T21:57:32.581980,131.096,71.62,71.62,62.46,2.40,2.59,2.51,2.68,0,0.0
2025-08-08T21:57:32.913091,131.424,71.74,71.50,62.46,2.41,2.62,2.51,2.66,0,0.0
2025-08-08T21:57:32.913091,131.424,72.78,70.68,62.88,2.44,2.62,2.51,2.64,0,0.0
2025-08-08T21:57:32.913091,131.424,73.03,70.39,62.92,2.45,2.62,2.52,2.65,0,0.0
2025-08-08T21:57:33.230054,131.741,73.28,70.27,63.11,2.47,2.61,2.51,2.66,0,0.0
2025-08-08T21:57:33.230054,131.741,73.54,70.16,63.30,2.47,2.61,2.54,2.65,0,0.0
2025-08-08T21:57:33.230054,131.741,73.54,70.10,63.54,2.48,2.58,2.55,2.66,0,0.0
2025-08-08T21:57:33.563526,132.074,73.60,70.21,63.63,2.49,2.57,2.57,2.68,0,0.0
2025-08-08T21:57:33.563526,132.074,73.47,70.33,63.73,2.49,2.55,2.57,2.70,0,0.0
2025-08-08T21:57:33.563526,132.074,73.35,70.44,63.63,2.48,2.54,2.57,2.72,0,0.0
2025-08-08T21:57:33.563526,132.074,73.22,70.68,63.63,2.47,2.53,2.58,2.73,0,0.0
2025-08-08T21:57:33.896164,132.407,73.16,70.62,63.44,2.46,2.53,2.57,2.73,0,0.0
2025-08-08T21:57:33.896164,132.407,73.10,71.03,63.39,2.46,2.53,2.57,2.73,0,0.0
2025-08-08T21:57:33.896164,132.407,72.72,71.39,63.25,2.46,2.54,2.57,2.73,0,0.0
2025-08-08T21:57:34.230071,132.741,72.48,71.56,63.20,2.45,2.51,2.57,2.72,0,0.0
2025-08-08T21:57:34.230071,132.741,72.11,71.87,63.06,2.43,2.50,2.55,2.72,0,0.0
2025-08-08T21:57:34.230071,132.741,71.74,71.68,62.83,2.41,2.53,2.55,2.71,0,0.0
2025-08-08T21:57:34.566440,133.077,71.50,71.80,62.64,2.41,2.52,2.54,2.70,0,0.0
2025-08-08T21:57:34.566440,133.077,71.44,71.80,62.51,2.41,2.54,2.52,2.70,0,0.0
2025-08-08T21:57:34.566440,133.077,71.44,71.74,62.51,2.40,2.54,2.51,2.69,0,0.0
2025-08-08T21:57:34.566440,133.077,71.62,71.33,62.78,2.42,2.55,2.49,2.62,0,0.0
2025-08-08T21:57:34.897809,133.408,72.41,70.68,62.88,2.43,2.55,2.51,2.65,0,0.0
2025-08-08T21:57:34.897809,133.408,72.66,70.50,62.83,2.45,2.57,2.53,2.65,0,0.0
2025-08-08T21:57:34.897809,133.408,73.10,70.27,63.16,2.46,2.55,2.53,2.66,0,0.0
2025-08-08T21:57:35.215388,133.726,73.28,70.21,63.30,2.48,2.54,2.53,2.66,0,0.0
2025-08-08T21:57:35.215388,133.726,73.35,70.21,63.54,2.48,2.53,2.56,2.67,0,0.0
2025-08-08T21:57:35.215388,133.726,73.47,70.16,63.58,2.48,2.54,2.57,2.68,0,0.0
2025-08-08T21:57:35.548049,134.059,73.22,70.39,63.68,2.48,2.54,2.58,2.69,0,0.0
2025-08-08T21:57:35.548049,134.059,73.16,70.44,63.49,2.47,2.51,2.61,2.72,0,0.0
2025-08-08T21:57:35.548049,134.059,73.10,70.56,63.49,2.47,2.51,2.59,2.72,0,0.0
2025-08-08T21:57:35.880424,134.391,72.17,71.74,63.11,2.43,2.49,2.55,2.70,0,0.0
2025-08-08T21:57:35.880424,134.391,71.56,71.74,62.69,2.42,2.51,2.55,2.70,0,0.0
2025-08-08T21:57:35.880424,134.391,71.44,72.11,62.51,2.41,2.52,2.53,2.69,0,0.0
2025-08-08T21:57:35.880424,134.391,71.39,72.05,62.32,2.40,2.53,2.51,2.68,0,0.0
2025-08-08T21:57:36.215437,134.726,72.29,70.74,63.06,2.45,2.56,2.49,2.64,0,0.0
2025-08-08T21:57:36.216029,134.727,73.35,70.50,63.30,2.48,2.53,2.53,2.66,0,0.0
2025-08-08T21:57:36.218042,134.729,73.41,70.50,63.44,2.48,2.52,2.55,2.68,0,0.0
2025-08-08T21:57:36.529839,135.040,73.41,70.50,63.58,2.49,2.51,2.57,2.66,0,0.0
2025-08-08T21:57:36.558974,135.070,73.28,70.68,63.54,2.49,2.50,2.57,2.68,0,0.0
2025-08-08T21:57:36.560041,135.071,71.62,72.54,62.69,2.41,2.49,2.52,2.68,0,0.0
2025-08-08T21:57:36.860160,135.371,71.39,72.05,62.51,2.41,2.52,2.50,2.62,0,0.0
2025-08-08T21:57:36.860160,135.371,73.41,70.68,63.20,2.47,2.54,2.53,2.64,0,0.0
2025-08-08T21:57:36.860160,135.371,73.47,70.56,63.39,2.49,2.53,2.55,2.66,0,0.0
2025-08-08T21:57:37.194738,135.705,73.35,70.56,63.44,2.49,2.53,2.55,2.65,0,0.0
2025-08-08T21:57:37.197748,135.708,73.28,70.79,63.58,2.49,2.51,2.57,2.68,0,0.0
2025-08-08T21:57:37.197748,135.708,72.97,71.50,63.44,2.46,2.49,2.56,2.71,0,0.0
2025-08-08T21:57:37.197748,135.708,71.33,72.17,62.55,2.41,2.51,2.52,2.67,0,0.0
2025-08-08T21:57:37.515983,136.027,71.50,71.93,62.32,2.40,2.54,2.50,2.66,0,0.0
2025-08-08T21:57:37.515983,136.027,72.41,69.53,63.20,2.47,2.55,2.49,2.62,0,0.0
2025-08-08T21:57:37.515983,136.027,73.47,70.33,63.25,2.49,2.53,2.55,2.66,0,0.0
2025-08-08T21:57:38.070879,136.581,73.28,70.68,63.20,2.49,2.51,2.56,2.68,0,0.0
2025-08-08T21:57:38.072904,136.583,73.22,70.68,63.49,2.49,2.50,2.57,2.69,0,0.0
2025-08-08T21:57:38.072904,136.583,71.80,72.60,62.69,2.41,2.49,2.53,2.67,0,0.0
2025-08-08T21:57:38.072904,136.583,71.44,72.17,62.32,2.41,2.53,2.51,2.68,0,0.0
2025-08-08T21:57:38.072904,136.583,71.39,72.05,62.32,2.40,2.54,2.50,2.64,0,0.0
2025-08-08T21:57:38.512078,137.023,71.62,72.05,62.37,2.41,2.55,2.51,2.64,0,0.0
2025-08-08T21:57:38.512078,137.023,71.80,71.74,62.46,2.41,2.56,2.51,2.63,0,0.0
2025-08-08T21:57:38.512078,137.023,71.93,71.62,62.55,2.42,2.57,2.51,2.63,0,0.0
2025-08-08T21:57:38.512078,137.023,72.05,71.39,62.64,2.43,2.56,2.53,2.62,0,0.0
2025-08-08T21:57:38.512078,137.023,72.11,70.91,62.69,2.43,2.56,2.53,2.62,0,0.0
2025-08-08T21:57:38.844491,137.355,72.29,70.79,62.74,2.44,2.55,2.54,2.62,0,0.0
2025-08-08T21:57:38.844491,137.355,72.54,70.62,62.78,2.45,2.57,2.54,2.61,0,0.0
2025-08-08T21:57:38.844491,137.355,72.78,70.27,63.02,2.46,2.55,2.53,2.63,0,0.0
2025-08-08T21:57:39.177259,137.688,73.28,70.21,63.25,2.47,2.54,2.55,2.65,0,0.0
2025-08-08T21:57:39.178330,137.689,73.35,70.16,63.39,2.48,2.53,2.55,2.64,0,0.0
2025-08-08T21:57:39.180443,137.691,73.41,70.27,63.54,2.48,2.55,2.57,2.64,0,0.0
2025-08-08T21:57:39.510283,138.021,73.28,70.50,63.63,2.48,2.53,2.59,2.68,0,0.0
2025-08-08T21:57:39.512014,138.023,73.22,70.50,63.58,2.47,2.50,2.61,2.69,0,0.0
2025-08-08T21:57:39.512593,138.023,71.62,72.11,62.64,2.40,2.49,2.54,2.66,0,0.0
2025-08-08T21:57:39.825957,138.337,71.56,71.80,62.32,2.40,2.55,2.51,2.65,0,0.0
2025-08-08T21:57:39.825957,138.337,71.56,71.39,62.37,2.38,2.55,2.51,2.65,0,0.0
2025-08-08T21:57:39.825957,138.337,71.68,71.44,62.37,2.39,2.56,2.51,2.64,0,0.0
2025-08-08T21:57:39.825957,138.337,72.78,70.62,62.92,2.43,2.54,2.52,2.63,0,0.0
2025-08-08T21:57:40.161152,138.672,72.97,70.33,63.02,2.45,2.57,2.53,2.64,0,0.0
2025-08-08T21:57:40.161152,138.672,73.28,70.16,63.58,2.45,2.56,2.54,2.65,0,0.0
2025-08-08T21:57:40.163964,138.675,73.35,70.10,63.49,2.46,2.55,2.56,2.66,0,0.0
2025-08-08T21:57:40.492507,139.003,73.41,70.27,63.44,2.46,2.55,2.57,2.66,0,0.0
2025-08-08T21:57:40.492507,139.003,73.22,70.50,63.39,2.46,2.51,2.62,2.69,0,0.0
2025-08-08T21:57:40.494518,139.005,72.97,71.15,63.20,2.44,2.49,2.58,2.72,0,0.0
2025-08-08T21:57:40.824498,139.335,71.44,72.11,62.32,2.39,2.52,2.53,2.68,0,0.0
2025-08-08T21:57:40.826818,139.337,71.50,71.87,62.28,2.38,2.54,2.53,2.66,0,0.0
2025-08-08T21:57:40.826818,139.337,71.50,71.93,62.32,2.39,2.55,2.52,2.64,0,0.0
2025-08-08T21:57:40.826818,139.337,71.62,71.56,62.32,2.39,2.56,2.52,2.61,0,0.0
2025-08-08T21:57:41.158933,139.670,71.87,71.39,62.46,2.40,2.61,2.52,2.59,0,0.0
2025-08-08T21:57:41.159948,139.671,71.74,71.33,62.55,2.41,2.61,2.52,2.58,0,0.0
2025-08-08T21:57:41.161495,139.672,72.05,71.03,62.60,2.40,2.57,2.53,2.58,0,0.0
2025-08-08T21:57:41.491343,140.002,72.23,70.74,62.69,2.41,2.56,2.53,2.61,0,0.0
2025-08-08T21:57:41.491343,140.002,72.54,70.44,62.74,2.43,2.55,2.54,2.62,0,0.0
2025-08-08T21:57:41.491343,140.002,72.78,70.33,62.92,2.44,2.55,2.54,2.63,0,0.0
2025-08-08T21:57:41.811651,140.322,73.16,70.10,63.06,2.45,2.54,2.54,2.63,0,0.0
2025-08-08T21:57:41.813680,140.324,73.28,70.21,63.25,2.45,2.53,2.56,2.64,0,0.0
2025-08-08T21:57:41.815708,140.326,73.41,70.10,63.39,2.46,2.52,2.58,2.65,0,0.0
2025-08-08T21:57:42.144910,140.655,73.28,70.04,63.58,2.47,2.51,2.58,2.66,0,0.0
2025-08-08T21:57:42.145963,140.657,72.97,70.79,63.39,2.44,2.50,2.61,2.71,0,0.0
2025-08-08T21:57:42.145963,140.657,71.50,71.87,62.46,2.37,2.51,2.55,2.68,0,0.0
2025-08-08T21:57:42.149491,140.660,71.39,71.56,62.37,2.38,2.53,2.53,2.66,0,0.0
2025-08-08T21:57:42.478181,140.989,71.68,71.44,62.37,2.39,2.54,2.53,2.64,0,0.0
2025-08-08T21:57:42.478181,140.989,71.68,71.39,62.37,2.39,2.55,2.52,2.62,0,0.0
2025-08-08T21:57:42.478181,140.989,71.87,71.39,62.46,2.39,2.57,2.52,2.61,0,0.0
2025-08-08T21:57:42.795283,141.306,71.93,71.21,62.55,2.41,2.57,2.52,2.61,0,0.0
2025-08-08T21:57:42.795283,141.306,72.11,71.50,62.55,2.41,2.56,2.53,2.61,0,0.0
2025-08-08T21:57:42.795283,141.306,72.11,70.97,62.64,2.42,2.58,2.53,2.62,0,0.0
2025-08-08T21:57:43.130597,141.641,72.54,70.62,63.16,2.42,2.57,2.55,2.62,0,0.0
2025-08-08T21:57:43.130597,141.641,72.85,70.39,62.92,2.43,2.57,2.55,2.63,0,0.0
2025-08-08T21:57:43.130597,141.641,73.10,70.27,63.11,2.45,2.57,2.56,2.64,0,0.0
2025-08-08T21:57:43.462477,141.973,73.35,70.04,63.30,2.46,2.53,2.57,2.65,0,0.0
2025-08-08T21:57:43.466241,141.977,73.41,69.98,63.54,2.47,2.52,2.58,2.65,0,0.0
2025-08-08T21:57:43.466241,141.977,73.41,70.10,63.58,2.47,2.53,2.62,2.66,0,0.0
2025-08-08T21:57:43.466241,141.977,73.22,70.27,63.63,2.47,2.53,2.63,2.68,0,0.0
2025-08-08T21:57:43.779796,142.290,73.16,70.39,63.58,2.48,2.51,2.63,2.70,0,0.0
2025-08-08T21:57:43.779796,142.290,72.78,71.33,63.30,2.45,2.49,2.58,2.70,0,0.0
2025-08-08T21:57:43.779796,142.290,71.68,71.62,62.41,2.40,2.53,2.53,2.64,0,0.0
2025-08-08T21:57:44.114035,142.625,71.68,71.80,62.32,2.40,2.56,2.52,2.62,0,0.0
2025-08-08T21:57:44.116050,142.627,71.74,71.68,62.46,2.41,2.55,2.52,2.62,0,0.0
2025-08-08T21:57:44.118204,142.629,71.93,71.62,62.32,2.42,2.59,2.51,2.61,0,0.0
2025-08-08T21:57:44.449499,142.960,71.99,71.44,62.46,2.42,2.59,2.55,2.58,0,0.0
2025-08-08T21:57:44.449499,142.960,72.29,70.85,62.69,2.43,2.58,2.56,2.58,0,0.0
2025-08-08T21:57:44.449499,142.960,72.29,70.74,62.69,2.43,2.58,2.56,2.59,0,0.0
2025-08-08T21:57:44.449499,142.960,72.72,70.50,62.83,2.45,2.57,2.56,2.62,0,0.0
2025-08-08T21:57:44.768040,143.279,73.03,70.33,63.06,2.45,2.57,2.57,2.63,0,0.0
2025-08-08T21:57:44.768040,143.279,73.22,70.27,63.25,2.48,2.57,2.58,2.64,0,0.0
2025-08-08T21:57:44.768040,143.279,73.41,70.27,63.39,2.48,2.56,2.62,2.64,0,0.0
2025-08-08T21:57:45.098905,143.609,73.35,70.56,63.58,2.48,2.55,2.61,2.66,0,0.0
2025-08-08T21:57:45.098905,143.609,73.35,70.74,63.58,2.49,2.54,2.62,2.67,0,0.0
2025-08-08T21:57:45.098905,143.609,73.22,70.97,63.63,2.48,2.50,2.63,2.68,0,0.0
2025-08-08T21:57:45.431185,143.942,71.74,72.54,62.74,2.40,2.49,2.57,2.66,0,0.0
2025-08-08T21:57:45.431185,143.942,71.56,72.11,62.41,2.39,2.56,2.55,2.65,0,0.0
2025-08-08T21:57:45.431185,143.942,71.62,71.99,62.41,2.39,2.57,2.54,2.65,0,0.0
2025-08-08T21:57:45.748584,144.259,71.74,71.99,62.41,2.38,2.59,2.55,2.61,0,0.0
2025-08-08T21:57:45.748584,144.259,71.80,71.87,62.55,2.41,2.59,2.55,2.61,0,0.0
2025-08-08T21:57:45.748584,144.259,71.99,71.80,62.64,2.41,2.58,2.55,2.61,0,0.0
2025-08-08T21:57:46.084783,144.595,72.05,71.62,62.74,2.41,2.58,2.55,2.62,0,0.0
2025-08-08T21:57:46.108477,144.619,72.29,71.27,62.69,2.42,2.57,2.55,2.58,0,0.0
2025-08-08T21:57:46.114312,144.625,72.66,70.97,62.83,2.43,2.57,2.56,2.62,0,0.0
2025-08-08T21:57:46.115841,144.626,72.78,70.74,62.97,2.45,2.53,2.57,2.64,0,0.0
2025-08-08T21:57:46.417802,144.928,73.22,70.27,63.11,2.44,2.54,2.57,2.64,0,0.0
2025-08-08T21:57:46.418540,144.929,73.35,70.50,63.30,2.45,2.53,2.57,2.65,0,0.0
2025-08-08T21:57:46.420553,144.931,73.28,70.50,63.44,2.46,2.53,2.58,2.66,0,0.0
2025-08-08T21:57:46.733389,145.244,73.41,70.68,63.44,2.46,2.51,2.61,2.66,0,0.0
2025-08-08T21:57:46.733389,145.244,73.22,70.68,63.58,2.46,2.50,2.62,2.67,0,0.0
2025-08-08T21:57:46.733389,145.244,71.80,72.54,62.78,2.38,2.49,2.57,2.67,0,0.0
2025-08-08T21:57:47.064366,145.575,71.44,72.17,62.41,2.38,2.53,2.52,2.66,0,0.0
2025-08-08T21:57:47.064366,145.575,71.50,71.93,62.64,2.39,2.55,2.49,2.57,0,0.0
2025-08-08T21:57:47.069164,145.580,73.73,70.62,63.25,2.45,2.53,2.53,2.63,0,0.0
2025-08-08T21:57:47.070327,145.581,73.47,70.56,63.54,2.45,2.53,2.55,2.65,0,0.0
2025-08-08T21:57:47.399444,145.910,73.41,70.74,63.58,2.46,2.51,2.57,2.65,0,0.0
2025-08-08T21:57:47.399444,145.910,73.28,70.79,63.63,2.47,2.51,2.58,2.68,0,0.0
2025-08-08T21:57:47.403275,145.914,73.03,70.79,63.54,2.46,2.52,2.59,2.69,0,0.0
2025-08-08T21:57:47.731767,146.242,73.03,70.97,63.39,2.46,2.51,2.61,2.70,0,0.0
2025-08-08T21:57:47.733784,146.244,73.03,71.09,63.44,2.45,2.51,2.58,2.71,0,0.0
2025-08-08T21:57:47.733784,146.244,72.78,71.21,63.35,2.44,2.51,2.57,2.70,0,0.0
2025-08-08T21:57:48.065349,146.576,72.72,71.09,63.25,2.44,2.52,2.58,2.70,0,0.0
2025-08-08T21:57:48.067360,146.578,72.41,71.44,63.16,2.45,2.53,2.55,2.70,0,0.0
2025-08-08T21:57:48.069514,146.580,71.87,71.62,63.11,2.44,2.53,2.55,2.69,0,0.0
2025-08-08T21:57:48.400208,146.911,71.68,71.80,62.92,2.42,2.53,2.54,2.69,0,0.0
2025-08-08T21:57:48.400208,146.911,71.56,71.80,62.78,2.41,2.54,2.53,2.69,0,0.0
2025-08-08T21:57:48.402546,146.913,71.39,71.87,62.60,2.41,2.58,2.54,2.67,0,0.0
2025-08-08T21:57:48.404562,146.915,71.44,71.87,62.28,2.40,2.59,2.53,2.66,0,0.0
2025-08-08T21:57:48.716695,147.227,71.50,71.62,62.14,2.41,2.62,2.52,2.64,0,0.0
2025-08-08T21:57:48.719228,147.230,71.62,71.50,62.41,2.41,2.58,2.51,2.64,0,0.0
2025-08-08T21:57:48.720446,147.231,71.80,71.44,62.51,2.41,2.61,2.51,2.62,0,0.0
2025-08-08T21:57:49.048626,147.559,71.93,71.39,62.55,2.42,2.61,2.51,2.62,0,0.0
2025-08-08T21:57:49.048626,147.559,72.05,71.15,62.37,2.43,2.57,2.51,2.61,0,0.0
2025-08-08T21:57:49.048626,147.559,72.29,70.85,62.37,2.42,2.56,2.52,2.62,0,0.0
2025-08-08T21:57:49.384080,147.895,72.60,70.68,62.46,2.44,2.58,2.53,2.62,0,0.0
2025-08-08T21:57:49.386094,147.897,72.72,70.44,62.46,2.45,2.57,2.53,2.63,0,0.0
2025-08-08T21:57:49.387286,147.898,73.10,70.33,62.74,2.46,2.57,2.53,2.64,0,0.0
2025-08-08T21:57:49.716577,148.227,73.28,70.21,62.88,2.48,2.57,2.54,2.64,0,0.0
2025-08-08T21:57:49.716577,148.227,73.41,70.16,62.97,2.48,2.56,2.57,2.64,0,0.0
2025-08-08T21:57:49.716577,148.227,73.47,70.39,63.16,2.48,2.54,2.58,2.65,0,0.0
2025-08-08T21:57:49.716577,148.227,73.41,70.79,63.30,2.49,2.53,2.62,2.66,0,0.0
2025-08-08T21:57:50.051298,148.562,73.22,70.91,63.35,2.48,2.53,2.63,2.69,0,0.0
2025-08-08T21:57:50.051298,148.562,73.10,70.79,63.35,2.48,2.51,2.63,2.70,0,0.0
2025-08-08T21:57:50.051298,148.562,73.03,70.74,63.44,2.47,2.50,2.62,2.71,0,0.0
2025-08-08T21:57:50.385981,148.897,72.91,70.74,63.39,2.46,2.51,2.62,2.71,0,0.0
2025-08-08T21:57:50.385981,148.897,72.66,70.97,63.25,2.45,2.51,2.62,2.71,0,0.0
2025-08-08T21:57:50.385981,148.897,72.54,71.27,63.20,2.45,2.51,2.61,2.71,0,0.0
2025-08-08T21:57:50.706015,149.217,72.23,71.39,63.16,2.43,2.51,2.59,2.71,0,0.0
2025-08-08T21:57:50.708023,149.219,71.99,72.05,63.06,2.43,2.52,2.58,2.69,0,0.0
2025-08-08T21:57:50.708023,149.219,71.80,72.23,62.88,2.43,2.53,2.58,2.69,0,0.0
2025-08-08T21:57:50.710031,149.221,71.50,72.05,62.69,2.40,2.52,2.57,2.66,0,0.0
2025-08-08T21:57:51.037478,149.548,71.44,71.93,62.51,2.40,2.52,2.53,2.65,0,0.0
2025-08-08T21:57:51.037478,149.548,71.56,71.74,62.41,2.39,2.53,2.53,2.66,0,0.0
2025-08-08T21:57:51.037478,149.548,71.56,71.68,62.37,2.39,2.55,2.51,2.65,0,0.0
2025-08-08T21:57:51.355097,149.866,71.74,71.74,62.41,2.41,2.56,2.53,2.63,0,0.0
2025-08-08T21:57:51.355097,149.866,71.87,71.87,62.46,2.41,2.58,2.50,2.61,0,0.0
2025-08-08T21:57:51.355097,149.866,71.93,71.68,62.60,2.42,2.59,2.51,2.61,0,0.0
2025-08-08T21:57:51.688622,150.199,71.99,71.62,62.64,2.42,2.58,2.51,2.62,0,0.0
2025-08-08T21:57:51.688622,150.199,72.41,71.39,62.78,2.43,2.55,2.51,2.61,0,0.0
2025-08-08T21:57:51.688622,150.199,72.60,71.15,62.83,2.44,2.55,2.54,2.62,0,0.0
2025-08-08T21:57:52.025418,150.536,72.85,70.85,62.74,2.45,2.54,2.55,2.62,0,0.0
2025-08-08T21:57:52.026474,150.537,73.16,70.68,62.88,2.46,2.54,2.56,2.64,0,0.0
2025-08-08T21:57:52.027590,150.538,73.28,70.21,63.11,2.47,2.55,2.56,2.64,0,0.0
2025-08-08T21:57:52.028678,150.539,73.47,70.27,63.54,2.48,2.55,2.58,2.65,0,0.0
2025-08-08T21:57:52.341497,150.852,73.47,70.27,63.63,2.49,2.52,2.59,2.66,0,0.0
2025-08-08T21:57:52.341497,150.852,73.35,70.39,63.44,2.48,2.51,2.61,2.68,0,0.0
2025-08-08T21:57:52.345213,150.856,72.91,71.50,63.20,2.45,2.50,2.60,2.70,0,0.0
2025-08-08T21:57:52.674840,151.185,71.50,72.41,62.37,2.39,2.52,2.53,2.67,0,0.0
2025-08-08T21:57:52.674840,151.185,71.56,72.11,62.28,2.39,2.54,2.53,2.66,0,0.0
2025-08-08T21:57:52.674840,151.185,71.62,71.99,62.23,2.39,2.55,2.52,2.64,0,0.0
2025-08-08T21:57:53.009557,151.520,71.74,71.80,62.28,2.39,2.55,2.51,2.62,0,0.0
2025-08-08T21:57:53.009557,151.520,71.87,71.44,62.32,2.40,2.56,2.51,2.62,0,0.0
2025-08-08T21:57:53.011571,151.522,71.93,71.39,62.51,2.42,2.56,2.52,2.58,0,0.0
2025-08-08T21:57:53.328174,151.839,71.99,71.09,62.74,2.42,2.56,2.53,2.57,0,0.0
2025-08-08T21:57:53.328174,151.839,72.17,70.85,62.83,2.43,2.55,2.51,2.61,0,0.0
2025-08-08T21:57:53.330546,151.841,72.54,70.50,62.88,2.44,2.57,2.51,2.62,0,0.0
2025-08-08T21:57:53.658822,152.169,72.91,70.44,63.02,2.46,2.57,2.51,2.63,0,0.0
2025-08-08T21:57:53.660836,152.171,73.16,70.16,63.11,2.47,2.54,2.54,2.63,0,0.0
2025-08-08T21:57:53.660836,152.171,73.47,70.16,63.30,2.49,2.53,2.54,2.63,0,0.0
2025-08-08T21:57:53.662848,152.173,73.41,70.10,63.49,2.49,2.53,2.55,2.64,0,0.0
2025-08-08T21:57:53.991357,152.502,73.41,70.16,63.68,2.49,2.51,2.57,2.64,0,0.0
2025-08-08T21:57:53.992615,152.503,73.35,70.50,63.68,2.49,2.51,2.57,2.66,0,0.0
2025-08-08T21:57:53.993940,152.505,73.03,71.03,63.49,2.46,2.49,2.57,2.70,0,0.0
2025-08-08T21:57:54.323993,152.835,71.56,71.68,62.60,2.39,2.54,2.52,2.66,0,0.0
2025-08-08T21:57:54.323993,152.835,71.62,71.33,62.46,2.40,2.56,2.51,2.65,0,0.0
2025-08-08T21:57:54.323993,152.835,71.80,71.50,62.46,2.40,2.57,2.50,2.64,0,0.0
2025-08-08T21:57:54.656270,153.167,72.54,70.97,62.92,2.43,2.57,2.50,2.61,0,0.0
2025-08-08T21:57:54.656270,153.167,72.72,70.68,63.20,2.45,2.55,2.52,2.62,0,0.0
2025-08-08T21:57:54.659724,153.170,73.03,70.39,63.06,2.46,2.56,2.53,2.62,0,0.0
2025-08-08T21:57:54.659724,153.170,73.35,70.27,63.20,2.47,2.56,2.53,2.63,0,0.0
2025-08-08T21:57:54.986437,153.497,73.47,70.27,63.35,2.48,2.55,2.53,2.64,0,0.0
2025-08-08T21:57:54.986437,153.497,73.54,70.27,63.54,2.49,2.56,2.55,2.64,0,0.0
2025-08-08T21:57:54.986437,153.497,73.54,70.44,63.58,2.49,2.55,2.57,2.64,0,0.0
2025-08-08T21:57:55.321299,153.832,73.28,70.56,64.06,2.48,2.55,2.58,2.68,0,0.0
2025-08-08T21:57:55.321299,153.832,73.22,70.74,63.92,2.48,2.54,2.59,2.68,0,0.0
2025-08-08T21:57:55.321299,153.832,73.03,70.79,63.54,2.47,2.54,2.61,2.70,0,0.0
2025-08-08T21:57:55.653201,154.164,72.97,71.09,63.49,2.48,2.53,2.58,2.70,0,0.0
2025-08-08T21:57:55.655219,154.166,72.66,70.85,63.39,2.46,2.53,2.57,2.71,0,0.0
2025-08-08T21:57:55.657427,154.168,72.54,71.09,63.25,2.45,2.55,2.57,2.70,0,0.0
2025-08-08T21:57:55.971344,154.482,72.35,71.39,63.11,2.45,2.56,2.57,2.70,0,0.0
2025-08-08T21:57:55.971344,154.482,72.05,71.44,63.06,2.43,2.55,2.56,2.68,0,0.0
2025-08-08T21:57:55.971344,154.482,71.87,71.87,62.83,2.41,2.53,2.56,2.68,0,0.0
2025-08-08T21:57:55.971344,154.482,71.62,71.93,62.69,2.41,2.53,2.57,2.68,0,0.0
2025-08-08T21:57:56.303061,154.814,71.39,72.05,62.60,2.40,2.54,2.56,2.67,0,0.0
2025-08-08T21:57:56.305073,154.816,71.44,72.05,62.51,2.41,2.55,2.55,2.67,0,0.0
2025-08-08T21:57:56.305073,154.816,71.62,72.17,62.41,2.41,2.56,2.53,2.65,0,0.0
2025-08-08T21:57:56.634217,155.145,71.68,72.05,62.37,2.41,2.57,2.52,2.64,0,0.0
2025-08-08T21:57:56.634217,155.145,71.74,71.99,62.41,2.41,2.58,2.53,2.62,0,0.0
2025-08-08T21:57:56.634217,155.145,71.99,71.62,62.55,2.43,2.62,2.52,2.62,0,0.0
2025-08-08T21:57:56.950074,155.461,71.99,71.50,62.69,2.43,2.62,2.53,2.61,0,0.0
2025-08-08T21:57:56.950074,155.461,72.11,71.03,62.69,2.43,2.62,2.53,2.61,0,0.0
2025-08-08T21:57:56.950074,155.461,72.41,70.74,62.78,2.43,2.61,2.53,2.58,0,0.0
2025-08-08T21:57:57.281636,155.794,72.72,70.62,62.64,2.45,2.61,2.54,2.61,0,0.0
2025-08-08T21:57:57.283644,155.794,72.97,70.21,62.74,2.45,2.61,2.55,2.62,0,0.0
2025-08-08T21:57:57.283644,155.794,73.16,70.16,63.20,2.47,2.58,2.55,2.63,0,0.0
2025-08-08T21:57:57.283644,155.794,73.35,70.16,63.44,2.47,2.56,2.56,2.64,0,0.0
2025-08-08T21:57:57.616390,156.127,73.47,70.62,63.25,2.48,2.54,2.57,2.66,0,0.0
2025-08-08T21:57:57.616390,156.127,73.35,70.79,63.35,2.48,2.54,2.58,2.67,0,0.0
2025-08-08T21:57:57.621665,156.132,73.10,70.97,63.44,2.48,2.52,2.61,2.69,0,0.0
2025-08-08T21:57:57.949232,156.460,73.03,70.44,63.30,2.48,2.51,2.61,2.69,0,0.0
2025-08-08T21:57:57.949232,156.460,72.97,70.68,63.54,2.47,2.51,2.61,2.70,0,0.0
2025-08-08T21:57:57.952629,156.463,71.62,72.11,62.60,2.40,2.49,2.51,2.65,0,0.0
2025-08-08T21:57:58.268781,156.779,71.62,71.80,62.05,2.40,2.55,2.51,2.64,0,0.0
2025-08-08T21:57:58.270813,156.781,71.80,71.74,62.74,2.41,2.55,2.51,2.61,0,0.0
2025-08-08T21:57:58.270813,156.781,71.87,71.62,62.55,2.43,2.56,2.52,2.61,0,0.0
2025-08-08T21:57:58.599672,157.110,71.99,71.15,62.51,2.44,2.56,2.51,2.58,0,0.0
2025-08-08T21:57:58.599672,157.110,72.05,70.79,62.46,2.44,2.56,2.53,2.57,0,0.0
2025-08-08T21:57:58.599672,157.110,72.35,70.56,62.64,2.44,2.55,2.53,2.57,0,0.0
2025-08-08T21:57:58.599672,157.110,72.72,70.33,62.69,2.44,2.55,2.53,2.62,0,0.0
2025-08-08T21:57:58.930859,157.441,72.97,70.27,62.83,2.46,2.57,2.55,2.63,0,0.0
2025-08-08T21:57:58.930859,157.441,73.22,70.44,63.06,2.47,2.56,2.55,2.63,0,0.0
2025-08-08T21:57:58.930859,157.441,73.41,70.50,63.06,2.49,2.56,2.57,2.65,0,0.0
2025-08-08T21:57:59.249705,157.760,73.47,70.62,63.30,2.49,2.55,2.58,2.65,0,0.0
2025-08-08T21:57:59.250752,157.761,73.35,70.33,63.49,2.49,2.51,2.61,2.66,0,0.0
2025-08-08T21:57:59.251809,157.762,73.16,70.33,63.39,2.48,2.50,2.62,2.68,0,0.0
2025-08-08T21:57:59.583449,158.094,71.74,72.05,62.78,2.40,2.49,2.55,2.66,0,0.0
2025-08-08T21:57:59.583449,158.094,71.39,71.93,62.41,2.39,2.53,2.53,2.66,0,0.0
2025-08-08T21:57:59.583449,158.094,71.56,72.11,62.46,2.39,2.54,2.52,2.63,0,0.0
2025-08-08T21:57:59.916900,158.427,71.68,71.99,62.41,2.41,2.55,2.51,2.63,0,0.0
2025-08-08T21:57:59.916900,158.427,71.93,71.50,62.51,2.41,2.55,2.52,2.61,0,0.0
2025-08-08T21:57:59.916900,158.427,72.05,71.50,62.55,2.42,2.57,2.52,2.61,0,0.0
2025-08-08T21:57:59.916900,158.427,72.11,71.39,62.64,2.41,2.58,2.53,2.59,0,0.0
2025-08-08T21:58:00.230425,158.741,72.29,71.33,62.74,2.43,2.57,2.53,2.61,0,0.0
2025-08-08T21:58:00.230425,158.741,72.48,70.79,62.88,2.43,2.56,2.54,2.62,0,0.0
2025-08-08T21:58:00.230425,158.741,72.66,70.62,62.88,2.45,2.57,2.54,2.62,0,0.0
2025-08-08T21:58:00.565589,159.076,73.03,70.39,63.06,2.46,2.57,2.54,2.62,0,0.0
2025-08-08T21:58:00.567601,159.078,73.22,70.33,63.25,2.46,2.56,2.54,2.63,0,0.0
2025-08-08T21:58:00.569614,159.080,73.54,70.16,63.35,2.47,2.55,2.56,2.64,0,0.0
2025-08-08T21:58:00.900228,159.411,73.47,70.39,63.49,2.47,2.51,2.58,2.64,0,0.0
2025-08-08T21:58:00.902245,159.413,73.41,70.39,63.44,2.48,2.50,2.62,2.66,0,0.0
2025-08-08T21:58:00.902245,159.413,71.80,72.11,62.78,2.39,2.47,2.57,2.69,0,0.0
2025-08-08T21:58:00.902245,159.413,71.80,71.68,62.83,2.41,2.54,2.51,2.61,0,0.0
2025-08-08T21:58:01.231896,159.742,71.93,71.93,62.64,2.41,2.56,2.52,2.62,0,0.0
2025-08-08T21:58:01.236274,159.747,72.11,71.74,62.64,2.42,2.56,2.53,2.61,0,0.0
2025-08-08T21:58:01.236274,159.747,72.29,71.39,62.88,2.42,2.55,2.53,2.62,0,0.0
2025-08-08T21:58:01.567139,160.078,72.66,71.15,62.64,2.44,2.55,2.53,2.63,0,0.0
2025-08-08T21:58:01.568243,160.079,72.97,70.79,62.69,2.45,2.54,2.53,2.64,0,0.0
2025-08-08T21:58:01.570316,160.081,73.28,70.39,63.25,2.47,2.54,2.53,2.64,0,0.0
2025-08-08T21:58:01.900827,160.411,73.35,70.33,63.20,2.47,2.56,2.53,2.64,0,0.0
2025-08-08T21:58:01.901979,160.413,73.41,70.27,63.35,2.49,2.55,2.56,2.66,0,0.0
2025-08-08T21:58:01.901979,160.413,73.35,70.50,63.39,2.49,2.53,2.61,2.67,0,0.0
2025-08-08T21:58:02.234921,160.745,73.22,70.68,63.49,2.48,2.53,2.62,2.69,0,0.0
2025-08-08T21:58:02.234921,160.745,73.03,70.56,63.39,2.47,2.51,2.63,2.70,0,0.0
2025-08-08T21:58:02.238102,160.749,72.54,71.74,63.11,2.45,2.49,2.58,2.70,0,0.0
2025-08-08T21:58:02.239387,160.750,71.44,71.33,62.18,2.40,2.53,2.53,2.64,0,0.0
2025-08-08T21:58:02.565288,161.076,71.68,71.39,62.60,2.41,2.54,2.52,2.63,0,0.0
2025-08-08T21:58:02.565288,161.076,71.87,71.33,62.18,2.41,2.57,2.51,2.63,0,0.0
2025-08-08T21:58:02.565288,161.076,71.99,71.27,62.32,2.42,2.56,2.51,2.62,0,0.0
2025-08-08T21:58:02.898424,161.409,71.99,71.27,62.46,2.43,2.55,2.53,2.61,0,0.0
2025-08-08T21:58:02.898424,161.409,72.11,70.97,62.51,2.43,2.54,2.53,2.62,0,0.0
2025-08-08T21:58:02.898424,161.409,72.48,70.79,62.51,2.43,2.57,2.53,2.63,0,0.0
2025-08-08T21:58:03.214746,161.725,72.72,70.74,62.64,2.45,2.57,2.53,2.64,0,0.0
2025-08-08T21:58:03.214746,161.725,72.91,70.50,62.83,2.46,2.56,2.54,2.63,0,0.0
2025-08-08T21:58:03.214746,161.725,73.22,70.16,63.11,2.46,2.55,2.56,2.64,0,0.0
2025-08-08T21:58:03.547663,162.058,73.35,70.10,63.49,2.45,2.52,2.57,2.66,0,0.0
2025-08-08T21:58:03.547663,162.058,73.41,70.44,63.58,2.46,2.51,2.57,2.66,0,0.0
2025-08-08T21:58:03.547663,162.058,72.11,71.99,62.78,2.41,2.47,2.54,2.68,0,0.0
2025-08-08T21:58:03.547663,162.058,72.17,71.27,62.37,2.41,2.54,2.50,2.60,0,0.0
2025-08-08T21:58:03.878969,162.390,72.23,70.91,62.46,2.41,2.55,2.51,2.59,0,0.0
2025-08-08T21:58:03.878969,162.390,72.66,70.79,62.60,2.42,2.55,2.53,2.61,0,0.0
2025-08-08T21:58:03.878969,162.390,72.91,70.33,62.74,2.44,2.54,2.55,2.62,0,0.0
2025-08-08T21:58:04.212022,162.723,73.16,70.27,63.11,2.45,2.53,2.55,2.64,0,0.0
2025-08-08T21:58:04.212022,162.723,73.35,69.93,63.20,2.46,2.53,2.56,2.63,0,0.0
2025-08-08T21:58:04.212022,162.723,73.47,70.21,63.35,2.47,2.55,2.58,2.66,0,0.0
2025-08-08T21:58:04.529246,163.040,73.54,70.39,63.49,2.46,2.54,2.58,2.67,0,0.0
2025-08-08T21:58:04.529246,163.040,73.28,70.44,63.49,2.45,2.53,2.61,2.69,0,0.0
2025-08-08T21:58:04.529246,163.040,73.22,70.68,63.39,2.47,2.51,2.62,2.70,0,0.0
2025-08-08T21:58:04.862230,163.373,73.10,70.74,63.73,2.47,2.50,2.62,2.71,0,0.0
2025-08-08T21:58:04.862230,163.373,72.97,70.85,63.06,2.46,2.50,2.62,2.72,0,0.0
2025-08-08T21:58:04.862230,163.373,71.74,72.05,62.46,2.41,2.53,2.53,2.69,0,0.0
2025-08-08T21:58:04.862230,163.373,71.62,71.87,62.28,2.39,2.51,2.52,2.68,0,0.0
2025-08-08T21:58:05.195143,163.706,71.56,71.80,62.14,2.37,2.51,2.51,2.68,0,0.0
2025-08-08T21:58:05.195143,163.706,71.62,71.44,62.18,2.39,2.53,2.49,2.61,0,0.0
2025-08-08T21:58:05.195143,163.706,73.60,70.27,62.78,2.45,2.52,2.51,2.63,0,0.0
2025-08-08T21:58:05.527348,164.038,73.47,70.16,63.06,2.45,2.51,2.54,2.65,0,0.0
2025-08-08T21:58:05.527348,164.038,73.54,70.33,63.16,2.46,2.51,2.55,2.66,0,0.0
2025-08-08T21:58:05.527348,164.038,73.28,70.56,63.20,2.46,2.50,2.56,2.68,0,0.0
2025-08-08T21:58:05.860723,164.371,72.91,71.27,63.06,2.44,2.49,2.56,2.71,0,0.0
2025-08-08T21:58:05.860723,164.371,72.41,71.74,62.78,2.43,2.52,2.57,2.71,0,0.0
2025-08-08T21:58:05.860723,164.371,71.99,71.99,62.69,2.41,2.52,2.55,2.69,0,0.0
2025-08-08T21:58:05.860723,164.371,71.68,72.17,62.55,2.39,2.53,2.53,2.66,0,0.0
2025-08-08T21:58:06.193827,164.704,71.50,72.17,62.23,2.38,2.53,2.53,2.68,0,0.0
2025-08-08T21:58:06.193827,164.704,71.50,72.35,62.14,2.38,2.53,2.52,2.68,0,0.0
2025-08-08T21:58:06.193827,164.704,71.50,72.17,62.09,2.37,2.55,2.51,2.67,0,0.0
2025-08-08T21:58:06.511452,165.022,71.50,71.99,62.37,2.39,2.56,2.50,2.59,0,0.0
2025-08-08T21:58:06.511452,165.022,73.73,70.39,63.11,2.47,2.54,2.53,2.64,0,0.0
2025-08-08T21:58:06.511452,165.022,73.47,70.74,63.11,2.47,2.54,2.55,2.66,0,0.0
2025-08-08T21:58:06.845311,165.356,73.41,70.74,63.39,2.47,2.50,2.57,2.66,0,0.0
2025-08-08T21:58:06.845311,165.356,71.99,72.29,62.69,2.39,2.47,2.53,2.66,0,0.0
2025-08-08T21:58:06.845311,165.356,72.35,70.44,62.92,2.44,2.54,2.49,2.63,0,0.0
2025-08-08T21:58:07.181624,165.692,73.47,70.27,63.16,2.46,2.54,2.55,2.63,0,0.0
2025-08-08T21:58:07.182131,165.693,73.41,70.39,63.25,2.47,2.53,2.57,2.63,0,0.0
2025-08-08T21:58:07.184138,165.695,73.41,70.39,63.49,2.48,2.56,2.57,2.68,0,0.0
2025-08-08T21:58:07.184138,165.695,73.22,70.50,63.49,2.47,2.52,2.58,2.70,0,0.0
2025-08-08T21:58:07.513655,166.024,73.03,70.62,63.58,2.45,2.53,2.57,2.71,0,0.0
2025-08-08T21:58:07.513655,166.024,72.91,70.79,63.35,2.45,2.54,2.58,2.73,0,0.0
2025-08-08T21:58:07.513655,166.024,72.72,70.85,63.25,2.46,2.52,2.57,2.73,0,0.0
2025-08-08T21:58:07.848754,166.359,72.60,71.15,63.11,2.46,2.53,2.57,2.71,0,0.0
2025-08-08T21:58:07.849418,166.360,71.93,71.68,62.92,2.44,2.53,2.55,2.69,0,0.0
2025-08-08T21:58:09.184169,167.695,71.56,71.87,62.32,2.41,2.58,2.50,2.65,0,0.0
2025-08-08T21:58:09.186179,167.697,73.41,70.56,63.44,2.49,2.51,2.56,2.68,0,0.0
2025-08-08T21:58:09.186179,167.697,73.35,70.39,63.25,2.49,2.52,2.57,2.69,0,0.0
2025-08-08T21:58:09.188189,167.699,72.85,71.21,63.16,2.45,2.49,2.56,2.71,0,0.0
2025-08-08T21:58:09.517029,168.028,71.74,72.17,62.51,2.39,2.49,2.52,2.69,0,0.0
2025-08-08T21:58:09.517029,168.028,71.50,71.68,62.05,2.41,2.55,2.51,2.67,0,0.0
2025-08-08T21:58:09.517029,168.028,72.35,70.33,62.92,2.47,2.55,2.49,2.63,0,0.0
2025-08-08T21:58:09.847737,168.358,73.41,70.21,63.11,2.48,2.52,2.55,2.64,0,0.0
2025-08-08T21:58:09.847737,168.358,73.41,70.27,63.20,2.49,2.52,2.55,2.66,0,0.0
2025-08-08T21:58:09.852234,168.363,73.28,70.39,63.44,2.49,2.51,2.58,2.68,0,0.0
2025-08-08T21:58:10.182378,168.693,71.80,72.17,62.92,2.41,2.49,2.53,2.65,0,0.0
2025-08-08T21:58:10.182378,168.693,71.56,71.74,62.60,2.41,2.56,2.51,2.66,0,0.0
2025-08-08T21:58:10.182378,168.693,71.56,71.44,62.69,2.42,2.57,2.50,2.59,0,0.0
2025-08-08T21:58:10.498262,169.009,73.79,70.27,63.39,2.48,2.56,2.52,2.64,0,0.0
2025-08-08T21:58:10.498262,169.009,73.54,69.93,63.35,2.48,2.57,2.54,2.64,0,0.0
2025-08-08T21:58:10.498262,169.009,73.79,70.50,63.54,2.49,2.57,2.55,2.65,0,0.0
2025-08-08T21:58:10.498262,169.009,73.47,70.68,63.58,2.49,2.54,2.56,2.67,0,0.0
2025-08-08T21:58:10.826690,169.337,73.47,70.39,63.68,2.49,2.53,2.57,2.68,0,0.0
2025-08-08T21:58:10.826690,169.337,73.41,70.44,63.63,2.48,2.52,2.57,2.69,0,0.0
2025-08-08T21:58:10.826690,169.337,73.16,70.68,63.54,2.47,2.51,2.57,2.70,0,0.0
2025-08-08T21:58:11.161320,169.672,73.10,70.79,63.54,2.47,2.51,2.56,2.71,0,0.0
2025-08-08T21:58:11.161320,169.672,72.85,71.03,63.39,2.47,2.52,2.55,2.70,0,0.0
2025-08-08T21:58:11.161320,169.672,72.66,71.50,63.25,2.46,2.53,2.55,2.68,0,0.0
2025-08-08T21:58:11.494390,170.005,72.35,71.87,63.20,2.45,2.52,2.53,2.68,0,0.0
2025-08-08T21:58:11.496405,170.007,72.11,72.05,63.11,2.43,2.51,2.54,2.69,0,0.0
2025-08-08T21:58:11.496405,170.007,71.68,71.93,62.83,2.42,2.54,2.52,2.69,0,0.0
2025-08-08T21:58:11.826596,170.337,71.68,71.80,62.69,2.41,2.53,2.51,2.68,0,0.0
2025-08-08T21:58:11.828609,170.339,71.62,71.74,62.55,2.41,2.57,2.50,2.67,0,0.0
2025-08-08T21:58:11.829287,170.340,72.48,70.56,63.20,2.45,2.57,2.47,2.62,0,0.0
2025-08-08T21:58:11.830219,170.341,73.67,70.10,63.54,2.47,2.54,2.53,2.65,0,0.0
2025-08-08T21:58:12.157701,170.668,73.67,70.16,63.54,2.48,2.54,2.55,2.65,0,0.0
2025-08-08T21:58:12.160278,170.671,73.73,70.27,63.63,2.49,2.55,2.56,2.67,0,0.0
2025-08-08T21:58:12.162351,170.673,73.35,70.44,63.63,2.49,2.51,2.57,2.69,0,0.0
2025-08-08T21:58:12.493885,171.004,73.22,70.56,63.58,2.49,2.50,2.58,2.71,0,0.0
2025-08-08T21:58:12.493885,171.004,73.03,70.56,63.44,2.48,2.50,2.57,2.72,0,0.0
2025-08-08T21:58:12.495896,171.006,72.97,70.74,63.39,2.46,2.53,2.57,2.71,0,0.0
2025-08-08T21:58:12.811100,171.322,72.78,70.79,63.39,2.46,2.51,2.57,2.71,0,0.0
2025-08-08T21:58:12.813656,171.324,71.44,71.68,62.60,2.40,2.58,2.53,2.66,0,0.0
2025-08-08T21:58:12.813656,171.324,71.39,71.99,62.55,2.40,2.57,2.51,2.66,0,0.0
2025-08-08T21:58:12.813656,171.326,71.50,72.23,62.46,2.38,2.59,2.50,2.65,0,0.0
2025-08-08T21:58:13.142505,171.653,72.48,70.68,63.25,2.44,2.57,2.50,2.62,0,0.0
2025-08-08T21:58:13.144516,171.655,73.60,70.62,63.54,2.47,2.54,2.55,2.64,0,0.0
2025-08-08T21:58:13.146529,171.657,73.54,70.68,63.58,2.47,2.54,2.57,2.66,0,0.0
2025-08-08T21:58:13.477422,171.988,73.35,70.79,63.92,2.46,2.51,2.58,2.68,0,0.0
2025-08-08T21:58:13.479442,171.990,72.97,71.39,63.87,2.43,2.50,2.57,2.71,0,0.0
2025-08-08T21:58:13.479442,171.990,71.44,72.05,62.78,2.38,2.55,2.51,2.68,0,0.0
2025-08-08T21:58:13.793730,172.304,72.35,70.50,63.11,2.45,2.58,2.47,2.63,0,0.0
2025-08-08T21:58:13.793730,172.304,73.60,70.04,63.35,2.47,2.54,2.53,2.64,0,0.0
2025-08-08T21:58:13.793730,172.304,73.54,70.16,63.44,2.48,2.55,2.54,2.66,0,0.0
2025-08-08T21:58:14.127000,172.638,73.41,70.27,63.58,2.49,2.56,2.57,2.67,0,0.0
2025-08-08T21:58:14.127000,172.638,73.35,70.33,63.68,2.47,2.54,2.57,2.68,0,0.0
2025-08-08T21:58:14.127000,172.638,73.16,70.39,63.77,2.48,2.53,2.62,2.69,0,0.0
2025-08-08T21:58:14.127000,172.638,73.03,70.62,63.68,2.47,2.51,2.63,2.71,0,0.0
2025-08-08T21:58:14.460739,172.971,72.35,71.68,63.30,2.43,2.50,2.58,2.70,0,0.0
2025-08-08T21:58:14.462753,172.973,71.68,71.87,62.83,2.41,2.55,2.59,2.70,0,0.0
2025-08-08T21:58:14.462753,172.973,71.62,71.87,63.11,2.39,2.55,2.58,2.69,0,0.0
2025-08-08T21:58:14.778448,173.289,71.62,71.74,62.97,2.40,2.55,2.57,2.68,0,0.0
2025-08-08T21:58:14.778448,173.289,71.56,71.74,62.41,2.40,2.58,2.56,2.68,0,0.0
2025-08-08T21:58:14.778448,173.289,71.62,71.62,62.37,2.39,2.57,2.55,2.65,0,0.0
2025-08-08T21:58:15.110384,173.621,71.80,71.50,62.41,2.41,2.60,2.53,2.64,0,0.0
2025-08-08T21:58:15.110384,173.621,71.99,71.39,62.51,2.41,2.61,2.53,2.63,0,0.0
2025-08-08T21:58:15.110384,173.621,72.11,71.39,62.60,2.40,2.62,2.54,2.62,0,0.0
2025-08-08T21:58:15.443868,173.954,72.17,71.27,62.69,2.40,2.63,2.55,2.62,0,0.0
2025-08-08T21:58:15.443868,173.954,72.35,70.97,62.83,2.42,2.62,2.55,2.62,0,0.0
2025-08-08T21:58:15.443868,173.954,72.60,70.79,62.83,2.43,2.61,2.56,2.64,0,0.0
2025-08-08T21:58:15.443868,173.954,72.85,70.68,62.92,2.43,2.58,2.57,2.64,0,0.0
2025-08-08T21:58:15.775164,174.286,73.10,70.44,63.16,2.45,2.57,2.55,2.66,0,0.0
2025-08-08T21:58:15.775164,174.286,73.16,70.33,63.35,2.45,2.57,2.53,2.65,0,0.0
2025-08-08T21:58:15.775164,174.286,73.28,70.27,63.49,2.46,2.55,2.54,2.66,0,0.0
2025-08-08T21:58:16.095568,174.606,73.28,70.62,63.58,2.47,2.53,2.56,2.66,0,0.0
2025-08-08T21:58:16.095568,174.606,73.35,70.74,63.63,2.45,2.51,2.57,2.69,0,0.0
2025-08-08T21:58:16.098680,174.609,71.39,71.99,62.55,2.39,2.53,2.53,2.69,0,0.0
2025-08-08T21:58:16.429323,174.940,71.44,71.99,62.46,2.37,2.57,2.51,2.68,0,0.0
2025-08-08T21:58:16.431395,174.942,71.50,71.68,62.41,2.38,2.57,2.51,2.66,0,0.0
2025-08-08T21:58:16.432450,174.943,71.62,71.80,62.41,2.39,2.61,2.51,2.64,0,0.0
2025-08-08T21:58:16.748907,175.259,71.87,71.80,62.60,2.40,2.59,2.52,2.63,0,0.0
2025-08-08T21:58:16.748907,175.259,71.87,71.68,62.69,2.41,2.61,2.52,2.62,0,0.0
2025-08-08T21:58:16.748907,175.259,71.93,71.39,62.83,2.43,2.58,2.53,2.62,0,0.0
2025-08-08T21:58:17.080750,175.591,72.11,71.27,62.83,2.43,2.58,2.51,2.62,0,0.0
2025-08-08T21:58:17.080750,175.591,72.41,71.21,62.92,2.44,2.60,2.51,2.62,0,0.0
2025-08-08T21:58:17.080750,175.591,72.66,70.97,62.83,2.46,2.61,2.52,2.63,0,0.0
2025-08-08T21:58:17.414824,175.925,73.10,70.74,63.02,2.47,2.61,2.52,2.63,0,0.0
2025-08-08T21:58:17.414824,175.925,73.16,70.50,63.20,2.48,2.57,2.53,2.65,0,0.0
2025-08-08T21:58:17.414824,175.925,73.16,70.68,63.35,2.48,2.55,2.55,2.66,0,0.0
2025-08-08T21:58:17.414824,175.925,73.22,70.62,63.49,2.49,2.57,2.57,2.68,0,0.0
2025-08-08T21:58:17.730098,176.241,73.16,71.03,63.49,2.48,2.55,2.57,2.68,0,0.0
2025-08-08T21:58:17.732214,176.243,73.03,71.15,63.63,2.48,2.53,2.58,2.69,0,0.0
2025-08-08T21:58:17.732214,176.243,72.91,71.33,63.58,2.45,2.53,2.58,2.69,0,0.0
2025-08-08T21:58:18.064466,176.575,72.91,71.27,63.49,2.45,2.51,2.57,2.70,0,0.0
2025-08-08T21:58:18.064466,176.575,72.72,71.27,63.44,2.46,2.53,2.57,2.72,0,0.0
2025-08-08T21:58:18.064466,176.575,72.48,71.56,63.39,2.46,2.52,2.57,2.72,0,0.0
2025-08-08T21:58:18.399831,176.910,72.29,71.93,63.20,2.44,2.54,2.56,2.71,0,0.0
2025-08-08T21:58:18.399831,176.910,71.99,72.11,63.06,2.43,2.53,2.55,2.70,0,0.0
2025-08-08T21:58:18.399831,176.910,71.68,72.41,62.97,2.42,2.53,2.53,2.69,0,0.0
2025-08-08T21:58:18.730004,177.241,71.44,72.41,62.60,2.41,2.51,2.53,2.70,0,0.0
2025-08-08T21:58:18.730004,177.241,71.44,72.41,62.51,2.38,2.53,2.51,2.68,0,0.0
2025-08-08T21:58:18.730004,177.241,72.05,71.09,63.11,2.41,2.57,2.47,2.62,0,0.0
2025-08-08T21:58:18.730004,177.241,73.28,70.62,63.35,2.46,2.58,2.52,2.66,0,0.0
2025-08-08T21:58:19.061312,177.572,73.22,70.74,63.49,2.46,2.56,2.54,2.64,0,0.0
2025-08-08T21:58:19.061312,177.572,73.47,70.79,63.58,2.49,2.53,2.55,2.65,0,0.0
2025-08-08T21:58:19.061312,177.572,73.41,70.62,63.77,2.48,2.51,2.56,2.69,0,0.0
2025-08-08T21:58:19.394319,177.905,73.03,71.50,63.54,2.45,2.49,2.56,2.72,0,0.0
2025-08-08T21:58:19.396851,177.907,71.68,72.54,62.64,2.40,2.53,2.51,2.68,0,0.0
2025-08-08T21:58:19.396851,177.907,71.62,72.05,62.74,2.41,2.57,2.49,2.61,0,0.0
2025-08-08T21:58:19.728740,178.239,73.73,70.44,63.44,2.47,2.53,2.52,2.64,0,0.0
2025-08-08T21:58:19.730753,178.241,73.41,70.33,63.58,2.48,2.54,2.54,2.66,0,0.0
2025-08-08T21:58:19.730753,178.241,73.54,70.39,63.73,2.49,2.54,2.56,2.67,0,0.0
2025-08-08T21:58:20.045001,178.556,73.41,70.62,63.87,2.49,2.51,2.57,2.69,0,0.0
2025-08-08T21:58:20.046527,178.557,71.80,72.11,63.06,2.42,2.49,2.53,2.68,0,0.0
2025-08-08T21:58:20.048542,178.559,71.44,71.68,62.69,2.40,2.52,2.49,2.62,0,0.0
2025-08-08T21:58:20.048542,178.559,73.28,70.27,63.30,2.47,2.54,2.50,2.64,0,0.0
2025-08-08T21:58:20.379015,178.890,73.41,70.27,63.39,2.48,2.56,2.52,2.65,0,0.0
2025-08-08T21:58:20.379015,178.890,73.54,70.33,63.58,2.48,2.55,2.54,2.65,0,0.0
2025-08-08T21:58:20.379015,178.890,73.60,70.44,63.68,2.49,2.54,2.56,2.66,0,0.0
2025-08-08T21:58:20.713818,179.224,73.35,70.62,63.87,2.48,2.53,2.56,2.68,0,0.0
2025-08-08T21:58:20.715831,179.226,73.28,70.79,63.82,2.47,2.52,2.56,2.70,0,0.0
2025-08-08T21:58:20.715831,179.226,72.78,71.44,63.44,2.45,2.49,2.55,2.71,0,0.0
2025-08-08T21:58:21.029667,179.540,72.11,71.15,63.06,2.43,2.55,2.47,2.61,0,0.0
2025-08-08T21:58:21.029667,179.540,73.22,70.68,63.77,2.48,2.53,2.49,2.64,0,0.0
2025-08-08T21:58:21.029667,179.540,71.80,72.60,62.83,2.41,2.51,2.51,2.68,0,0.0
2025-08-08T21:58:21.363460,179.874,71.56,72.23,62.64,2.39,2.52,2.51,2.67,0,0.0
2025-08-08T21:58:21.365473,179.876,71.56,71.87,62.74,2.41,2.53,2.49,2.61,0,0.0
2025-08-08T21:58:21.365473,179.876,72.35,70.74,63.25,2.45,2.55,2.48,2.62,0,0.0
2025-08-08T21:58:21.365473,179.876,73.54,70.68,63.58,2.47,2.53,2.54,2.64,0,0.0
2025-08-08T21:58:21.695141,180.206,73.47,70.85,63.63,2.48,2.52,2.55,2.66,0,0.0
2025-08-08T21:58:21.695141,180.206,73.54,70.97,63.63,2.48,2.51,2.56,2.69,0,0.0
2025-08-08T21:58:21.695141,180.206,73.47,71.03,63.73,2.47,2.52,2.57,2.70,0,0.0
2025-08-08T21:58:22.014152,180.525,73.47,70.85,63.58,2.46,2.51,2.57,2.70,0,0.0
2025-08-08T21:58:22.016218,180.527,73.22,70.85,63.54,2.46,2.51,2.57,2.73,0,0.0
2025-08-08T21:58:22.017271,180.528,73.10,71.03,63.49,2.46,2.51,2.57,2.73,0,0.0
2025-08-08T21:58:22.348490,180.859,72.85,71.21,63.44,2.46,2.51,2.57,2.72,0,0.0
2025-08-08T21:58:22.348490,180.859,72.78,71.44,63.35,2.44,2.53,2.57,2.72,0,0.0
2025-08-08T21:58:22.350501,180.861,72.66,71.68,63.25,2.44,2.52,2.56,2.72,0,0.0
2025-08-08T21:58:22.677644,181.188,72.17,71.80,63.06,2.43,2.53,2.55,2.70,0,0.0
2025-08-08T21:58:22.677644,181.188,71.99,71.87,62.78,2.41,2.53,2.55,2.70,0,0.0
2025-08-08T21:58:22.677644,181.188,71.68,72.05,62.69,2.40,2.56,2.53,2.69,0,0.0
2025-08-08T21:58:22.677644,181.188,71.68,71.99,62.18,2.40,2.55,2.51,2.68,0,0.0
2025-08-08T21:58:23.012853,181.523,71.68,71.62,62.46,2.41,2.55,2.49,2.62,0,0.0
2025-08-08T21:58:23.012853,181.523,73.86,70.50,63.16,2.47,2.56,2.52,2.64,0,0.0
2025-08-08T21:58:23.012853,181.523,73.67,70.27,63.58,2.48,2.54,2.53,2.66,0,0.0
2025-08-08T21:58:23.327414,181.838,73.67,70.85,63.68,2.48,2.55,2.55,2.68,0,0.0
2025-08-08T21:58:23.331222,181.842,73.60,70.91,63.73,2.49,2.51,2.57,2.68,0,0.0
2025-08-08T21:58:23.331222,181.842,73.22,71.74,63.54,2.46,2.49,2.55,2.71,0,0.0
2025-08-08T21:58:23.660147,182.171,72.41,71.99,63.02,2.45,2.52,2.55,2.70,0,0.0
2025-08-08T21:58:23.660147,182.171,72.17,72.11,62.97,2.44,2.53,2.54,2.70,0,0.0
2025-08-08T21:58:23.660147,182.171,71.87,72.35,62.74,2.41,2.53,2.53,2.70,0,0.0
2025-08-08T21:58:23.992597,182.503,71.62,72.23,62.64,2.41,2.54,2.53,2.69,0,0.0
2025-08-08T21:58:23.994606,182.505,71.62,72.23,62.64,2.40,2.55,2.51,2.69,0,0.0
2025-08-08T21:58:23.996619,182.507,71.74,72.11,62.60,2.41,2.56,2.51,2.67,0,0.0
2025-08-08T21:58:23.996619,182.507,72.66,70.85,63.39,2.47,2.58,2.49,2.64,0,0.0
2025-08-08T21:58:24.323806,182.834,73.79,70.68,63.58,2.48,2.55,2.52,2.65,0,0.0
2025-08-08T21:58:24.323806,182.834,73.79,70.39,63.39,2.48,2.53,2.55,2.67,0,0.0
2025-08-08T21:58:24.323806,182.834,73.73,70.44,63.54,2.48,2.54,2.56,2.68,0,0.0
2025-08-08T21:58:24.657409,183.168,73.41,70.79,63.44,2.48,2.54,2.57,2.70,0,0.0
2025-08-08T21:58:24.657409,183.168,73.41,70.79,63.68,2.47,2.53,2.57,2.70,0,0.0
2025-08-08T21:58:24.657409,183.168,73.35,70.79,63.58,2.47,2.51,2.57,2.71,0,0.0
2025-08-08T21:58:24.991077,183.502,73.22,70.85,63.58,2.45,2.51,2.58,2.71,0,0.0
2025-08-08T21:58:24.991077,183.502,72.91,71.27,63.49,2.45,2.52,2.57,2.71,0,0.0
2025-08-08T21:58:24.993096,183.504,72.78,71.39,63.39,2.44,2.53,2.57,2.71,0,0.0
2025-08-08T21:58:24.995107,183.506,72.41,71.68,63.25,2.42,2.53,2.55,2.71,0,0.0
2025-08-08T21:58:25.322732,183.833,72.05,71.93,63.11,2.40,2.53,2.55,2.70,0,0.0
2025-08-08T21:58:25.322732,183.833,71.93,72.41,62.78,2.40,2.53,2.53,2.69,0,0.0
2025-08-08T21:58:25.322732,183.833,71.87,72.41,62.60,2.40,2.55,2.52,2.67,0,0.0
2025-08-08T21:58:25.639703,184.150,71.62,72.29,62.41,2.40,2.53,2.51,2.66,0,0.0
2025-08-08T21:58:25.639703,184.150,71.74,72.05,62.46,2.40,2.57,2.52,2.65,0,0.0
2025-08-08T21:58:25.639703,184.150,71.87,72.05,62.55,2.40,2.58,2.51,2.65,0,0.0
2025-08-08T21:58:25.976765,184.487,72.05,71.74,62.64,2.40,2.58,2.51,2.63,0,0.0
2025-08-08T21:58:25.976765,184.487,72.17,70.97,62.74,2.41,2.59,2.51,2.61,0,0.0
2025-08-08T21:58:25.976765,184.487,72.29,71.15,62.83,2.42,2.61,2.52,2.62,0,0.0
2025-08-08T21:58:26.308219,184.819,72.41,70.85,62.83,2.43,2.61,2.53,2.62,0,0.0
2025-08-08T21:58:26.308219,184.819,72.85,70.68,62.92,2.43,2.61,2.53,2.62,0,0.0
2025-08-08T21:58:26.308219,184.819,73.10,70.79,62.97,2.43,2.62,2.54,2.63,0,0.0
2025-08-08T21:58:26.308219,184.819,73.28,70.56,63.25,2.45,2.57,2.55,2.64,0,0.0
2025-08-08T21:58:26.643567,185.154,73.60,70.50,63.44,2.45,2.56,2.55,2.65,0,0.0
2025-08-08T21:58:26.643567,185.154,73.86,70.62,63.58,2.46,2.55,2.57,2.67,0,0.0
2025-08-08T21:58:26.643567,185.154,73.79,70.74,63.63,2.47,2.52,2.60,2.67,0,0.0
2025-08-08T21:58:26.978555,185.489,73.54,70.79,63.73,2.46,2.54,2.61,2.69,0,0.0
2025-08-08T21:58:27.007756,185.518,73.22,71.50,63.58,2.44,2.49,2.61,2.72,0,0.0
2025-08-08T21:58:27.008847,185.519,71.93,72.41,62.64,2.38,2.53,2.54,2.68,0,0.0
2025-08-08T21:58:27.010863,185.521,71.99,72.11,62.55,2.38,2.54,2.53,2.65,0,0.0
2025-08-08T21:58:27.295965,185.807,72.05,71.87,62.46,2.39,2.56,2.52,2.64,0,0.0
2025-08-08T21:58:27.295965,185.807,72.11,71.99,62.55,2.39,2.56,2.52,2.64,0,0.0
2025-08-08T21:58:27.628946,186.140,72.23,71.80,62.41,2.39,2.62,2.52,2.62,0,0.0
2025-08-08T21:58:27.630965,186.142,72.41,71.62,62.46,2.40,2.58,2.52,2.61,0,0.0
2025-08-08T21:58:27.631700,186.142,72.54,71.33,62.74,2.41,2.62,2.53,2.61,0,0.0
2025-08-08T21:58:27.632835,186.143,72.85,71.09,62.88,2.41,2.61,2.54,2.61,0,0.0
2025-08-08T21:58:27.956041,186.467,73.16,70.85,63.02,2.43,2.58,2.54,2.63,0,0.0
2025-08-08T21:58:27.958066,186.469,73.47,70.56,63.16,2.43,2.58,2.53,2.64,0,0.0
2025-08-08T21:58:27.959042,186.470,73.60,70.62,63.25,2.46,2.58,2.55,2.65,0,0.0
2025-08-08T21:58:28.281273,186.792,73.79,70.62,63.49,2.47,2.57,2.55,2.66,0,0.0
2025-08-08T21:58:28.283388,186.794,73.86,70.74,63.63,2.49,2.53,2.57,2.66,0,0.0
2025-08-08T21:58:28.285292,186.796,73.79,70.50,63.58,2.49,2.53,2.58,2.68,0,0.0
2025-08-08T21:58:28.614905,187.125,73.73,70.50,63.63,2.49,2.51,2.61,2.69,0,0.0
2025-08-08T21:58:28.616913,187.127,73.47,70.68,63.44,2.49,2.50,2.62,2.70,0,0.0
2025-08-08T21:58:28.616913,187.127,73.35,70.79,63.35,2.48,2.54,2.61,2.71,0,0.0
2025-08-08T21:58:28.947590,187.458,73.22,70.91,63.30,2.47,2.53,2.58,2.70,0,0.0
2025-08-08T21:58:28.947590,187.458,73.03,71.09,63.16,2.47,2.53,2.57,2.72,0,0.0
2025-08-08T21:58:28.947590,187.458,72.91,71.39,63.16,2.46,2.53,2.57,2.71,0,0.0
2025-08-08T21:58:28.947590,187.458,72.48,71.50,63.25,2.45,2.53,2.57,2.70,0,0.0
2025-08-08T21:58:29.263918,187.774,72.11,71.68,63.11,2.43,2.53,2.57,2.69,0,0.0
2025-08-08T21:58:29.265943,187.777,72.05,71.68,62.88,2.42,2.55,2.53,2.68,0,0.0
2025-08-08T21:58:29.265943,187.777,71.87,71.68,62.69,2.39,2.55,2.52,2.68,0,0.0
2025-08-08T21:58:29.595588,188.106,71.80,71.56,62.64,2.39,2.57,2.50,2.67,0,0.0
2025-08-08T21:58:29.596584,188.107,72.54,70.50,63.35,2.45,2.61,2.47,2.62,0,0.0
2025-08-08T21:58:29.598594,188.109,73.73,70.56,63.77,2.46,2.51,2.55,2.70,0,0.0
2025-08-08T21:58:29.920170,188.431,73.41,70.79,63.63,2.46,2.53,2.55,2.72,0,0.0
2025-08-08T21:58:29.920170,188.431,73.22,70.91,63.54,2.45,2.53,2.55,2.72,0,0.0
2025-08-08T21:58:29.924163,188.435,73.16,71.44,63.20,2.45,2.55,2.54,2.70,0,0.0
2025-08-08T21:58:30.253793,188.764,72.72,71.87,62.97,2.44,2.56,2.55,2.69,0,0.0
2025-08-08T21:58:30.253793,188.764,72.48,71.99,62.88,2.43,2.57,2.54,2.68,0,0.0
2025-08-08T21:58:30.257329,188.768,72.17,72.11,62.69,2.43,2.56,2.53,2.68,0,0.0
2025-08-08T21:58:30.257329,188.768,72.05,72.41,62.46,2.42,2.55,2.53,2.68,0,0.0
2025-08-08T21:58:30.587154,189.098,71.80,72.23,62.37,2.41,2.55,2.52,2.68,0,0.0
2025-08-08T21:58:30.589152,189.100,71.80,71.99,62.64,2.42,2.54,2.50,2.61,0,0.0
2025-08-08T21:58:30.591151,189.102,73.92,70.74,63.30,2.47,2.54,2.51,2.63,0,0.0
2025-08-08T21:58:30.903990,189.415,73.79,70.62,63.49,2.49,2.57,2.53,2.65,0,0.0
2025-08-08T21:58:30.905996,189.417,73.67,70.79,63.63,2.49,2.53,2.55,2.65,0,0.0
2025-08-08T21:58:30.906990,189.418,73.67,70.85,63.77,2.48,2.52,2.55,2.68,0,0.0
2025-08-08T21:58:31.242817,189.753,73.47,70.91,63.87,2.49,2.53,2.57,2.66,0,0.0
2025-08-08T21:58:31.244849,189.755,73.10,71.44,63.49,2.46,2.49,2.55,2.70,0,0.0
2025-08-08T21:58:31.244849,189.755,72.41,71.74,63.06,2.45,2.51,2.55,2.69,0,0.0
2025-08-08T21:58:31.564334,190.075,72.23,71.87,63.11,2.42,2.53,2.54,2.68,0,0.0
2025-08-08T21:58:31.565392,190.076,71.99,72.11,62.83,2.42,2.53,2.53,2.66,0,0.0
2025-08-08T21:58:31.566451,190.077,71.99,72.11,62.69,2.41,2.54,2.53,2.68,0,0.0
2025-08-08T21:58:31.568541,190.079,71.87,71.80,62.46,2.41,2.57,2.50,2.68,0,0.0
2025-08-08T21:58:31.894053,190.405,72.66,69.76,63.16,2.45,2.62,2.48,2.63,0,0.0
2025-08-08T21:58:31.896332,190.407,73.79,70.39,63.44,2.48,2.57,2.53,2.64,0,0.0
2025-08-08T21:58:31.898350,190.409,73.73,70.62,63.58,2.48,2.56,2.55,2.66,0,0.0
2025-08-08T21:58:32.227338,190.738,73.73,70.74,63.58,2.49,2.53,2.56,2.67,0,0.0
2025-08-08T21:58:32.227338,190.738,73.60,70.62,63.68,2.48,2.52,2.57,2.68,0,0.0
2025-08-08T21:58:32.227338,190.738,73.54,70.62,63.73,2.47,2.50,2.57,2.70,0,0.0
2025-08-08T21:58:32.545105,191.056,73.47,70.74,63.63,2.47,2.50,2.57,2.71,0,0.0
2025-08-08T21:58:32.545105,191.056,72.23,71.99,63.02,2.41,2.53,2.53,2.68,0,0.0
2025-08-08T21:58:32.545105,191.056,72.05,71.99,62.83,2.41,2.52,2.53,2.69,0,0.0
2025-08-08T21:58:32.879499,191.390,71.74,71.99,62.69,2.41,2.54,2.52,2.68,0,0.0
2025-08-08T21:58:32.881016,191.392,71.87,71.99,62.60,2.40,2.62,2.50,2.66,0,0.0
2025-08-08T21:58:32.881016,191.392,72.72,70.74,63.25,2.46,2.58,2.49,2.62,0,0.0
2025-08-08T21:58:32.881016,191.392,73.99,70.39,63.58,2.48,2.56,2.54,2.65,0,0.0
2025-08-08T21:58:33.208196,191.719,73.86,70.62,63.54,2.49,2.56,2.55,2.65,0,0.0
2025-08-08T21:58:33.208196,191.719,73.86,70.74,63.68,2.53,2.53,2.55,2.68,0,0.0
2025-08-08T21:58:33.208196,191.719,72.97,70.91,62.83,2.47,2.61,2.51,2.64,0,0.0
2025-08-08T21:58:33.541702,192.052,73.54,70.85,63.16,2.48,2.61,2.51,2.65,0,0.0
2025-08-08T21:58:33.546010,192.057,73.60,70.85,63.30,2.49,2.62,2.52,2.66,0,0.0
2025-08-08T21:58:33.546010,192.057,73.79,70.79,63.44,2.49,2.62,2.54,2.66,0,0.0
2025-08-08T21:58:33.859457,192.370,73.79,70.91,63.49,2.49,2.58,2.55,2.67,0,0.0
2025-08-08T21:58:33.859457,192.370,73.73,70.91,63.63,2.51,2.56,2.56,2.68,0,0.0
2025-08-08T21:58:33.859457,192.370,73.79,70.79,63.54,2.49,2.58,2.55,2.66,0,0.0
2025-08-08T21:58:34.193813,192.704,73.79,70.97,63.68,2.49,2.56,2.55,2.68,0,0.0
2025-08-08T21:58:34.193813,192.704,73.73,71.03,63.68,2.49,2.56,2.56,2.67,0,0.0
2025-08-08T21:58:34.193813,192.704,73.54,70.44,63.63,2.48,2.54,2.57,2.69,0,0.0
2025-08-08T21:58:34.193813,192.704,73.22,71.09,63.58,2.47,2.55,2.57,2.71,0,0.0
2025-08-08T21:58:34.526821,193.037,73.16,71.44,63.49,2.46,2.54,2.57,2.72,0,0.0
2025-08-08T21:58:34.526821,193.037,72.78,71.50,63.44,2.47,2.55,2.56,2.72,0,0.0
2025-08-08T21:58:34.526821,193.037,72.72,71.80,63.39,2.47,2.55,2.55,2.70,0,0.0
2025-08-08T21:58:34.860616,193.371,72.41,72.05,63.35,2.45,2.56,2.55,2.70,0,0.0
2025-08-08T21:58:34.860616,193.371,72.11,72.17,63.20,2.44,2.56,2.55,2.69,0,0.0
2025-08-08T21:58:34.860616,193.371,71.93,72.35,62.97,2.41,2.57,2.54,2.68,0,0.0
2025-08-08T21:58:35.193384,193.704,71.80,72.35,62.74,2.41,2.57,2.53,2.69,0,0.0
2025-08-08T21:58:35.193384,193.704,71.56,72.41,62.60,2.41,2.58,2.51,2.67,0,0.0
2025-08-08T21:58:35.197095,193.708,71.62,72.35,62.51,2.39,2.61,2.50,2.66,0,0.0
2025-08-08T21:58:35.197095,193.708,72.66,70.97,63.35,2.46,2.62,2.47,2.62,0,0.0
2025-08-08T21:58:35.524326,194.035,73.86,70.85,63.58,2.47,2.56,2.53,2.66,0,0.0
2025-08-08T21:58:35.524326,194.035,73.73,70.85,63.63,2.48,2.54,2.55,2.66,0,0.0
2025-08-08T21:58:35.524326,194.035,73.73,71.09,63.77,2.49,2.53,2.57,2.69,0,0.0
2025-08-08T21:58:35.857838,194.368,73.73,71.09,63.73,2.48,2.52,2.57,2.69,0,0.0
2025-08-08T21:58:35.857838,194.368,73.41,70.85,63.68,2.47,2.51,2.58,2.71,0,0.0
2025-08-08T21:58:35.857838,194.368,72.72,71.87,63.35,2.44,2.49,2.55,2.70,0,0.0
2025-08-08T21:58:36.192817,194.703,72.11,72.05,62.97,2.43,2.52,2.54,2.70,0,0.0
2025-08-08T21:58:36.192817,194.703,71.93,72.11,62.74,2.41,2.54,2.53,2.69,0,0.0
2025-08-08T21:58:36.192817,194.703,71.68,72.05,62.64,2.41,2.55,2.51,2.68,0,0.0
2025-08-08T21:58:36.527349,195.038,71.68,71.80,62.41,2.41,2.61,2.50,2.67,0,0.0
2025-08-08T21:58:36.534807,195.045,72.72,70.68,63.25,2.46,2.62,2.49,2.63,0,0.0
2025-08-08T21:58:36.534807,195.045,73.73,70.50,63.49,2.49,2.58,2.55,2.65,0,0.0
2025-08-08T21:58:36.541516,195.052,73.79,70.79,63.63,2.49,2.57,2.56,2.65,0,0.0
2025-08-08T21:58:36.843574,195.354,73.73,70.97,63.68,2.49,2.56,2.57,2.67,0,0.0
2025-08-08T21:58:36.843574,195.354,73.60,70.50,63.63,2.49,2.53,2.57,2.70,0,0.0
2025-08-08T21:58:36.843574,195.354,73.47,71.03,63.63,2.48,2.51,2.58,2.69,0,0.0
2025-08-08T21:58:37.176833,195.687,73.22,70.85,63.54,2.47,2.53,2.58,2.72,0,0.0
2025-08-08T21:58:37.176833,195.687,73.22,70.97,63.49,2.47,2.54,2.57,2.72,0,0.0
2025-08-08T21:58:37.176833,195.687,72.97,71.15,63.39,2.46,2.51,2.57,2.72,0,0.0
2025-08-08T21:58:37.511904,196.022,72.66,71.39,63.30,2.46,2.53,2.56,2.70,0,0.0
2025-08-08T21:58:37.511904,196.022,72.29,71.68,63.16,2.43,2.51,2.56,2.70,0,0.0
2025-08-08T21:58:37.511904,196.022,71.99,72.11,62.60,2.41,2.50,2.50,2.66,0,0.0
2025-08-08T21:58:37.511904,196.022,72.78,70.56,63.54,2.47,2.56,2.49,2.64,0,0.0
2025-08-08T21:58:37.843523,196.354,73.79,70.44,63.92,2.49,2.53,2.56,2.66,0,0.0
2025-08-08T21:58:37.843523,196.354,73.60,70.56,64.16,2.48,2.51,2.57,2.68,0,0.0
2025-08-08T21:58:37.843523,196.354,73.41,70.74,63.73,2.49,2.50,2.58,2.69,0,0.0
2025-08-08T21:58:38.176475,196.687,73.10,71.56,63.49,2.46,2.49,2.57,2.72,0,0.0
2025-08-08T21:58:38.176475,196.687,71.68,71.93,62.78,2.41,2.54,2.49,2.62,0,0.0
2025-08-08T21:58:38.176475,196.687,73.79,70.62,63.39,2.48,2.53,2.51,2.64,0,0.0
2025-08-08T21:58:38.509355,197.020,73.60,70.50,63.44,2.49,2.57,2.55,2.63,0,0.0
2025-08-08T21:58:38.509355,197.020,73.60,70.62,63.68,2.49,2.53,2.56,2.66,0,0.0
2025-08-08T21:58:38.509355,197.020,73.67,70.85,63.73,2.49,2.52,2.57,2.68,0,0.0
2025-08-08T21:58:38.825621,197.336,73.54,70.74,63.49,2.51,2.55,2.55,2.65,0,0.0
2025-08-08T21:58:38.825621,197.336,73.41,70.79,63.20,2.49,2.55,2.52,2.64,0,0.0
2025-08-08T21:58:38.825621,197.336,73.67,70.74,63.77,2.49,2.54,2.53,2.65,0,0.0
2025-08-08T21:58:39.159213,197.670,73.79,70.85,63.58,2.49,2.53,2.55,2.64,0,0.0
2025-08-08T21:58:39.159213,197.670,73.73,70.74,63.73,2.49,2.51,2.57,2.65,0,0.0
2025-08-08T21:58:39.159213,197.670,73.54,70.97,63.73,2.50,2.51,2.57,2.68,0,0.0
2025-08-08T21:58:39.159213,197.670,73.41,71.21,63.73,2.49,2.51,2.56,2.70,0,0.0
2025-08-08T21:58:39.492256,198.003,71.99,72.60,62.78,2.41,2.49,2.50,2.68,0,0.0
2025-08-08T21:58:39.492256,198.003,72.48,71.09,63.16,2.45,2.56,2.48,2.63,0,0.0
2025-08-08T21:58:39.492256,198.003,73.67,70.85,63.73,2.49,2.54,2.53,2.65,0,0.0
2025-08-08T21:58:39.810534,198.321,73.73,70.68,63.58,2.48,2.56,2.54,2.66,0,0.0
2025-08-08T21:58:39.810534,198.321,73.86,70.74,63.73,2.48,2.53,2.55,2.67,0,0.0
2025-08-08T21:58:39.810534,198.321,73.73,70.79,63.77,2.47,2.51,2.57,2.69,0,0.0
2025-08-08T21:58:40.146863,198.657,73.22,71.62,63.54,2.45,2.49,2.55,2.72,0,0.0
2025-08-08T21:58:40.146863,198.657,71.99,72.72,62.88,2.39,2.50,2.51,2.67,0,0.0
2025-08-08T21:58:40.146863,198.657,72.48,71.39,63.16,2.44,2.56,2.48,2.62,0,0.0
2025-08-08T21:58:40.146863,198.657,73.60,70.79,63.49,2.45,2.55,2.53,2.65,0,0.0
2025-08-08T21:58:40.482026,198.993,73.79,70.79,63.58,2.48,2.55,2.53,2.66,0,0.0
2025-08-08T21:58:40.482026,198.993,73.79,70.68,63.73,2.47,2.55,2.55,2.66,0,0.0
2025-08-08T21:58:40.484038,198.995,73.47,70.79,63.77,2.47,2.53,2.56,2.68,0,0.0
2025-08-08T21:58:40.796433,199.307,73.47,71.09,63.73,2.46,2.51,2.57,2.68,0,0.0
2025-08-08T21:58:40.796433,199.307,73.54,71.27,63.63,2.46,2.50,2.57,2.70,0,0.0
2025-08-08T21:58:40.796433,199.307,72.48,72.29,63.25,2.42,2.50,2.55,2.70,0,0.0
2025-08-08T21:58:41.132658,199.643,72.17,72.29,63.44,2.41,2.52,2.55,2.68,0,0.0
2025-08-08T21:58:41.134672,199.645,71.99,72.54,62.88,2.40,2.53,2.53,2.68,0,0.0
2025-08-08T21:58:41.134672,199.645,71.80,72.17,62.37,2.39,2.53,2.51,2.68,0,0.0
2025-08-08T21:58:41.463898,199.974,72.66,71.03,62.88,2.43,2.57,2.47,2.63,0,0.0
2025-08-08T21:58:41.466519,199.977,73.54,70.62,63.25,2.46,2.54,2.52,2.64,0,0.0
2025-08-08T21:58:41.466519,199.977,73.60,70.74,63.25,2.47,2.55,2.53,2.65,0,0.0
2025-08-08T21:58:41.468532,199.979,73.60,70.91,63.30,2.47,2.54,2.54,2.66,0,0.0
2025-08-08T21:58:41.798323,200.309,73.67,71.03,63.68,2.45,2.54,2.56,2.68,0,0.0
2025-08-08T21:58:41.798323,200.309,73.47,71.15,63.73,2.45,2.55,2.57,2.69,0,0.0
2025-08-08T21:58:41.800335,200.311,73.28,71.15,63.68,2.46,2.55,2.57,2.70,0,0.0
2025-08-08T21:58:42.131760,200.642,73.22,71.21,63.58,2.45,2.54,2.57,2.71,0,0.0
2025-08-08T21:58:42.133774,200.644,73.10,71.27,63.92,2.44,2.56,2.61,2.72,0,0.0
2025-08-08T21:58:42.133774,200.644,73.10,71.56,63.54,2.44,2.55,2.59,2.72,0,0.0
2025-08-08T21:58:42.451150,200.962,72.78,71.80,63.39,2.43,2.55,2.57,2.71,0,0.0
2025-08-08T21:58:42.451150,200.962,72.41,71.80,63.35,2.43,2.56,2.57,2.70,0,0.0
2025-08-08T21:58:42.451150,200.962,72.17,72.29,63.16,2.41,2.61,2.56,2.70,0,0.0
2025-08-08T21:58:42.785300,201.296,71.87,72.35,63.35,2.41,2.59,2.56,2.69,0,0.0
2025-08-08T21:58:42.786598,201.297,71.68,72.23,63.20,2.40,2.58,2.55,2.68,0,0.0
2025-08-08T21:58:42.788610,201.299,71.68,72.05,62.64,2.37,2.63,2.53,2.67,0,0.0
2025-08-08T21:58:42.788610,201.299,71.80,72.05,62.55,2.38,2.63,2.51,2.65,0,0.0
2025-08-08T21:58:43.118091,201.629,71.87,71.99,62.88,2.38,2.64,2.51,2.64,0,0.0
2025-08-08T21:58:43.120105,201.631,71.99,71.80,62.60,2.41,2.64,2.51,2.62,0,0.0
2025-08-08T21:58:43.122118,201.633,72.23,71.62,62.60,2.42,2.65,2.51,2.61,0,0.0
2025-08-08T21:58:43.437061,201.948,72.23,71.50,62.69,2.42,2.66,2.52,2.62,0,0.0
2025-08-08T21:58:43.437590,201.948,72.41,71.39,62.83,2.43,2.62,2.52,2.62,0,0.0
2025-08-08T21:58:43.439603,201.950,72.54,71.03,62.88,2.43,2.62,2.52,2.62,0,0.0
2025-08-08T21:58:43.770512,202.281,72.97,70.85,62.92,2.45,2.62,2.53,2.62,0,0.0
2025-08-08T21:58:43.770512,202.281,73.22,70.74,63.11,2.44,2.61,2.54,2.64,0,0.0
2025-08-08T21:58:43.770512,202.281,73.60,70.44,63.25,2.45,2.56,2.55,2.64,0,0.0
2025-08-08T21:58:43.770512,202.281,73.54,70.39,63.39,2.45,2.55,2.57,2.65,0,0.0
2025-08-08T21:58:44.104454,202.615,73.67,70.62,63.58,2.45,2.54,2.57,2.66,0,0.0
2025-08-08T21:58:44.104454,202.615,73.60,70.74,63.63,2.46,2.53,2.58,2.68,0,0.0
2025-08-08T21:58:44.104454,202.615,73.54,70.62,63.73,2.45,2.52,2.61,2.69,0,0.0
2025-08-08T21:58:44.421636,202.932,73.35,70.74,63.63,2.45,2.51,2.62,2.70,0,0.0
2025-08-08T21:58:44.421636,202.932,73.35,70.79,63.77,2.43,2.52,2.61,2.71,0,0.0
2025-08-08T21:58:44.421636,202.932,73.22,70.79,63.49,2.45,2.53,2.61,2.73,0,0.0
2025-08-08T21:58:44.754004,203.265,72.97,71.62,63.35,2.45,2.54,2.62,2.71,0,0.0
2025-08-08T21:58:44.754004,203.265,72.78,71.74,63.35,2.43,2.52,2.61,2.71,0,0.0
2025-08-08T21:58:44.758775,203.269,72.48,71.74,63.25,2.43,2.53,2.62,2.70,0,0.0
2025-08-08T21:58:45.085863,203.596,72.23,71.15,63.11,2.42,2.53,2.61,2.70,0,0.0
2025-08-08T21:58:45.085863,203.596,71.80,72.05,62.83,2.41,2.53,2.58,2.70,0,0.0
2025-08-08T21:58:45.085863,203.596,71.62,72.11,62.88,2.41,2.55,2.57,2.67,0,0.0
2025-08-08T21:58:45.085863,203.596,71.68,71.87,62.74,2.39,2.54,2.55,2.68,0,0.0
2025-08-08T21:58:45.420905,203.931,71.80,71.80,62.51,2.39,2.54,2.54,2.66,0,0.0
2025-08-08T21:58:45.420905,203.931,71.87,71.56,62.46,2.39,2.55,2.54,2.64,0,0.0
2025-08-08T21:58:45.420905,203.931,71.87,71.50,62.41,2.40,2.58,2.54,2.64,0,0.0
2025-08-08T21:58:45.753447,204.264,72.17,71.44,62.51,2.41,2.57,2.53,2.62,0,0.0
2025-08-08T21:58:45.753447,204.264,72.11,71.33,62.60,2.42,2.57,2.51,2.61,0,0.0
2025-08-08T21:58:45.753447,204.264,72.35,71.15,62.64,2.42,2.59,2.53,2.62,0,0.0
2025-08-08T21:58:46.091401,204.602,72.66,70.97,62.83,2.43,2.57,2.53,2.61,0,0.0
2025-08-08T21:58:46.092504,204.603,73.03,70.68,62.88,2.45,2.54,2.53,2.64,0,0.0
2025-08-08T21:58:46.093553,204.604,73.41,70.85,63.16,2.47,2.54,2.55,2.63,0,0.0
2025-08-08T21:58:46.406294,204.917,73.54,70.79,63.11,2.47,2.53,2.55,2.64,0,0.0
2025-08-08T21:58:46.406294,204.917,73.73,70.39,63.39,2.47,2.53,2.56,2.64,0,0.0
2025-08-08T21:58:46.406294,204.917,73.60,70.39,63.63,2.47,2.54,2.57,2.66,0,0.0
2025-08-08T21:58:46.406294,204.917,73.60,70.39,63.58,2.48,2.54,2.58,2.67,0,0.0
2025-08-08T21:58:46.738858,205.249,73.47,70.62,63.58,2.48,2.53,2.57,2.69,0,0.0
2025-08-08T21:58:46.738858,205.249,73.47,70.68,63.63,2.47,2.53,2.58,2.70,0,0.0
2025-08-08T21:58:46.738858,205.249,73.28,70.74,63.39,2.47,2.51,2.58,2.71,0,0.0
2025-08-08T21:58:47.071337,205.582,73.41,71.27,63.30,2.46,2.51,2.58,2.72,0,0.0
2025-08-08T21:58:47.071337,205.582,73.03,71.15,63.20,2.46,2.53,2.56,2.72,0,0.0
2025-08-08T21:58:47.076225,205.587,72.78,71.27,63.25,2.45,2.52,2.55,2.72,0,0.0
2025-08-08T21:58:47.387739,205.898,72.60,71.44,63.20,2.44,2.53,2.55,2.70,0,0.0
2025-08-08T21:58:47.390303,205.901,72.17,71.87,63.06,2.43,2.53,2.54,2.70,0,0.0
2025-08-08T21:58:47.390303,205.901,72.05,71.99,62.60,2.41,2.54,2.53,2.69,0,0.0
2025-08-08T21:58:47.722457,206.233,71.93,72.05,62.37,2.40,2.55,2.53,2.68,0,0.0
2025-08-08T21:58:47.722457,206.233,71.87,72.11,62.28,2.39,2.55,2.51,2.68,0,0.0
2025-08-08T21:58:47.722457,206.233,72.54,71.03,62.83,2.44,2.61,2.48,2.62,0,0.0
2025-08-08T21:58:47.722457,206.233,73.73,70.39,63.44,2.47,2.55,2.52,2.64,0,0.0
2025-08-08T21:58:48.056138,206.567,73.73,70.39,63.82,2.47,2.57,2.54,2.66,0,0.0
2025-08-08T21:58:48.058153,206.569,73.67,70.16,63.92,2.47,2.62,2.55,2.67,0,0.0
2025-08-08T21:58:48.060167,206.571,73.60,70.50,63.92,2.48,2.56,2.56,2.69,0,0.0
2025-08-08T21:58:48.370760,206.881,73.54,70.62,63.87,2.46,2.51,2.57,2.70,0,0.0
2025-08-08T21:58:48.374013,206.885,71.99,72.35,62.74,2.39,2.49,2.51,2.67,0,0.0
2025-08-08T21:58:48.374013,206.885,72.41,70.79,63.06,2.44,2.61,2.47,2.62,0,0.0
2025-08-08T21:58:48.706416,207.217,73.86,70.68,63.44,2.47,2.51,2.57,2.69,0,0.0
2025-08-08T21:58:48.707726,207.218,71.99,72.41,62.51,2.38,2.50,2.51,2.68,0,0.0
2025-08-08T21:58:48.707726,207.218,72.60,70.74,62.83,2.43,2.57,2.48,2.63,0,0.0
2025-08-08T21:58:49.039493,207.550,73.79,70.44,63.11,2.45,2.54,2.53,2.65,0,0.0
2025-08-08T21:58:49.040999,207.552,73.73,70.44,63.68,2.46,2.54,2.54,2.64,0,0.0
2025-08-08T21:58:49.041668,207.552,73.73,70.62,63.77,2.46,2.56,2.55,2.66,0,0.0
2025-08-08T21:58:49.042945,207.554,73.60,70.74,63.87,2.46,2.54,2.57,2.67,0,0.0
2025-08-08T21:58:49.372374,207.883,73.54,70.79,63.39,2.45,2.52,2.57,2.68,0,0.0
2025-08-08T21:58:49.373777,207.884,73.28,71.15,63.39,2.45,2.52,2.57,2.70,0,0.0
2025-08-08T21:58:49.375287,207.886,72.60,72.17,63.20,2.41,2.49,2.54,2.69,0,0.0
2025-08-08T21:58:49.691212,208.202,72.05,72.41,63.06,2.39,2.51,2.53,2.69,0,0.0
2025-08-08T21:58:49.691212,208.202,71.87,72.48,62.97,2.38,2.53,2.53,2.68,0,0.0
2025-08-08T21:58:49.691212,208.202,71.74,72.41,62.46,2.37,2.55,2.51,2.67,0,0.0
2025-08-08T21:58:50.024483,208.535,72.41,71.03,62.92,2.41,2.62,2.48,2.57,0,0.0
2025-08-08T21:58:50.024483,208.535,73.73,70.44,63.20,2.45,2.57,2.52,2.64,0,0.0
2025-08-08T21:58:50.028535,208.539,73.79,70.27,63.30,2.48,2.53,2.54,2.64,0,0.0
2025-08-08T21:58:50.028535,208.539,73.86,70.33,63.44,2.48,2.53,2.55,2.65,0,0.0
2025-08-08T21:58:50.359475,208.870,73.60,70.39,63.49,2.48,2.53,2.57,2.67,0,0.0
2025-08-08T21:58:50.359475,208.872,73.67,70.50,63.49,2.45,2.50,2.58,2.68,0,0.0
2025-08-08T21:58:50.361499,208.872,73.60,70.68,63.58,2.46,2.53,2.59,2.69,0,0.0
2025-08-08T21:58:50.690718,209.201,72.48,71.74,63.02,2.43,2.51,2.55,2.69,0,0.0
2025-08-08T21:58:50.690718,209.201,72.17,71.74,62.83,2.41,2.52,2.55,2.69,0,0.0
2025-08-08T21:58:50.690718,209.201,71.99,72.23,62.69,2.40,2.52,2.53,2.69,0,0.0
2025-08-08T21:58:51.025388,209.536,71.87,72.23,62.55,2.39,2.55,2.52,2.67,0,0.0
2025-08-08T21:58:51.028294,209.539,71.80,72.11,62.32,2.39,2.56,2.51,2.65,0,0.0
2025-08-08T21:58:51.028294,209.539,71.80,71.93,62.51,2.40,2.57,2.49,2.58,0,0.0
2025-08-08T21:58:51.340990,209.852,73.86,70.68,63.20,2.44,2.57,2.52,2.62,0,0.0
2025-08-08T21:58:51.340990,209.852,73.73,70.56,63.35,2.46,2.53,2.55,2.64,0,0.0
2025-08-08T21:58:51.340990,209.852,73.73,70.79,63.44,2.45,2.52,2.55,2.66,0,0.0
2025-08-08T21:58:51.674843,210.185,73.67,70.85,63.44,2.45,2.51,2.56,2.68,0,0.0
2025-08-08T21:58:51.674843,210.185,73.16,71.68,63.35,2.42,2.50,2.55,2.69,0,0.0
2025-08-08T21:58:51.678091,210.189,71.80,72.17,62.46,2.37,2.55,2.51,2.65,0,0.0
2025-08-08T21:58:51.678779,210.189,71.80,71.80,62.64,2.39,2.56,2.49,2.58,0,0.0
2025-08-08T21:58:52.009315,210.520,73.92,70.62,63.30,2.44,2.55,2.53,2.63,0,0.0
2025-08-08T21:58:52.012165,210.523,73.86,70.56,63.44,2.45,2.54,2.55,2.65,0,0.0
2025-08-08T21:58:52.013202,210.524,73.86,70.39,63.49,2.45,2.51,2.56,2.66,0,0.0
2025-08-08T21:58:52.326219,210.837,73.73,70.50,63.58,2.46,2.51,2.57,2.68,0,0.0
2025-08-08T21:58:52.326219,210.837,73.41,71.21,63.30,2.43,2.49,2.56,2.70,0,0.0
2025-08-08T21:58:52.326219,210.837,71.87,71.80,62.18,2.40,2.53,2.51,2.66,0,0.0
2025-08-08T21:58:52.661363,211.172,72.85,70.39,63.35,2.45,2.57,2.49,2.62,0,0.0
2025-08-08T21:58:52.661363,211.172,73.92,70.16,63.25,2.46,2.54,2.56,2.64,0,0.0
2025-08-08T21:58:52.661363,211.172,73.92,70.21,63.44,2.47,2.55,2.57,2.64,0,0.0
2025-08-08T21:58:52.994649,211.505,73.86,70.44,63.30,2.48,2.54,2.59,2.66,0,0.0
2025-08-08T21:58:52.994649,211.505,73.73,70.79,63.39,2.47,2.53,2.61,2.68,0,0.0
2025-08-08T21:58:52.994649,211.505,73.41,70.85,63.35,2.47,2.53,2.62,2.68,0,0.0
2025-08-08T21:58:52.994649,211.505,73.35,70.85,63.49,2.47,2.51,2.63,2.71,0,0.0
2025-08-08T21:58:53.327140,211.838,73.28,71.21,63.39,2.45,2.51,2.61,2.71,0,0.0
2025-08-08T21:58:53.327140,211.838,72.11,72.48,62.74,2.41,2.50,2.57,2.67,0,0.0
2025-08-08T21:58:53.327140,211.838,72.05,72.29,62.60,2.41,2.51,2.55,2.68,0,0.0
2025-08-08T21:58:53.659623,212.170,71.87,72.23,62.41,2.39,2.53,2.53,2.65,0,0.0
2025-08-08T21:58:53.659623,212.170,71.80,72.17,62.41,2.39,2.54,2.52,2.63,0,0.0
2025-08-08T21:58:53.659623,212.170,71.93,72.11,62.37,2.40,2.57,2.51,2.62,0,0.0
2025-08-08T21:58:53.994079,212.505,72.23,71.99,62.41,2.40,2.59,2.51,2.62,0,0.0
2025-08-08T21:58:53.994079,212.505,72.41,71.99,62.55,2.41,2.56,2.50,2.61,0,0.0
2025-08-08T21:58:53.994079,212.505,72.41,71.87,62.64,2.42,2.57,2.51,2.61,0,0.0
2025-08-08T21:58:53.994079,212.505,72.66,71.39,62.69,2.41,2.58,2.53,2.61,0,0.0
2025-08-08T21:58:54.310907,212.821,72.85,71.09,62.74,2.42,2.57,2.53,2.62,0,0.0
2025-08-08T21:58:54.310907,212.821,73.22,71.09,62.74,2.43,2.57,2.51,2.62,0,0.0
2025-08-08T21:58:54.310907,212.821,73.47,70.68,63.06,2.43,2.57,2.51,2.63,0,0.0
2025-08-08T21:58:54.643211,213.154,73.73,70.27,63.25,2.44,2.55,2.53,2.64,0,0.0
2025-08-08T21:58:54.643211,213.154,73.79,69.98,63.39,2.45,2.56,2.54,2.65,0,0.0
2025-08-08T21:58:54.643211,213.154,73.92,70.04,63.49,2.45,2.52,2.55,2.66,0,0.0
2025-08-08T21:58:54.978641,213.489,73.92,70.10,63.58,2.46,2.51,2.56,2.66,0,0.0
2025-08-08T21:58:54.980857,213.491,73.54,70.68,63.44,2.43,2.50,2.56,2.71,0,0.0
2025-08-08T21:58:54.981934,213.493,72.05,71.68,62.60,2.38,2.53,2.51,2.67,0,0.0
2025-08-08T21:58:55.307552,213.818,72.05,71.44,62.51,2.37,2.54,2.51,2.67,0,0.0
2025-08-08T21:58:55.307552,213.818,72.66,70.21,63.20,2.45,2.55,2.49,2.62,0,0.0
2025-08-08T21:58:55.312867,213.823,73.86,69.93,63.39,2.47,2.57,2.54,2.64,0,0.0
2025-08-08T21:58:55.626611,214.137,73.86,70.21,63.54,2.48,2.53,2.55,2.65,0,0.0
2025-08-08T21:58:55.626611,214.137,73.79,70.04,63.63,2.48,2.53,2.57,2.66,0,0.0
2025-08-08T21:58:55.628821,214.139,73.47,70.68,63.39,2.44,2.49,2.55,2.71,0,0.0
2025-08-08T21:58:55.628821,214.139,72.78,70.97,63.20,2.45,2.53,2.55,2.70,0,0.0
2025-08-08T21:58:55.956638,214.467,72.48,71.27,63.06,2.43,2.51,2.55,2.70,0,0.0
2025-08-08T21:58:55.956638,214.467,72.35,71.39,63.06,2.42,2.53,2.55,2.69,0,0.0
2025-08-08T21:58:55.956638,214.467,72.05,71.56,62.69,2.41,2.53,2.53,2.68,0,0.0
2025-08-08T21:58:56.288923,214.799,71.99,71.56,62.64,2.39,2.54,2.51,2.67,0,0.0
2025-08-08T21:58:56.288923,214.799,71.68,71.44,62.46,2.38,2.54,2.50,2.66,0,0.0
2025-08-08T21:58:56.288923,214.799,71.74,71.27,62.64,2.39,2.55,2.50,2.58,0,0.0
2025-08-08T21:58:56.606837,215.117,73.99,69.93,63.39,2.47,2.55,2.53,2.64,0,0.0
2025-08-08T21:58:56.606837,215.117,73.79,69.98,63.54,2.47,2.58,2.55,2.65,0,0.0
2025-08-08T21:58:56.606837,215.117,73.60,70.10,63.58,2.48,2.53,2.56,2.66,0,0.0
2025-08-08T21:58:56.938711,215.449,73.47,70.16,63.68,2.47,2.53,2.57,2.68,0,0.0
2025-08-08T21:58:56.938711,215.449,73.47,70.27,63.58,2.45,2.52,2.57,2.69,0,0.0
2025-08-08T21:58:56.943660,215.454,73.28,70.33,63.54,2.46,2.50,2.57,2.70,0,0.0
2025-08-08T21:58:57.273123,215.784,73.10,70.44,63.44,2.45,2.50,2.57,2.70,0,0.0
2025-08-08T21:58:57.273123,215.784,71.80,71.87,62.83,2.40,2.53,2.55,2.68,0,0.0
2025-08-08T21:58:57.273123,215.784,71.74,72.05,62.69,2.39,2.53,2.55,2.67,0,0.0
2025-08-08T21:58:57.273123,215.784,71.68,71.99,62.55,2.39,2.55,2.53,2.66,0,0.0
2025-08-08T21:58:57.604979,216.116,71.80,71.80,62.51,2.40,2.56,2.52,2.64,0,0.0
2025-08-08T21:58:57.604979,216.116,71.87,71.87,62.37,2.39,2.62,2.52,2.63,0,0.0
2025-08-08T21:58:57.604979,216.116,72.05,71.50,62.46,2.41,2.58,2.51,2.61,0,0.0
2025-08-08T21:58:57.940052,216.451,71.99,71.50,62.60,2.41,2.61,2.51,2.61,0,0.0
2025-08-08T21:58:57.940052,216.452,72.23,71.44,62.64,2.42,2.62,2.51,2.57,0,0.0
2025-08-08T21:58:57.942234,216.453,72.17,71.27,62.69,2.42,2.58,2.52,2.58,0,0.0
2025-08-08T21:58:58.271047,216.782,72.54,70.97,62.78,2.42,2.61,2.53,2.58,0,0.0
2025-08-08T21:58:58.271047,216.782,72.91,70.39,62.92,2.43,2.57,2.53,2.62,0,0.0
2025-08-08T21:58:58.271047,216.782,73.22,70.21,63.06,2.45,2.57,2.54,2.64,0,0.0
2025-08-08T21:58:58.606097,217.117,73.35,69.98,63.20,2.45,2.57,2.55,2.63,0,0.0
2025-08-08T21:58:58.606097,217.117,73.60,69.93,63.44,2.47,2.56,2.56,2.64,0,0.0
2025-08-08T21:58:58.606097,217.117,73.79,69.98,63.63,2.47,2.56,2.58,2.66,0,0.0
2025-08-08T21:58:58.609391,217.120,73.86,70.16,63.73,2.48,2.51,2.58,2.67,0,0.0
2025-08-08T21:58:58.924547,217.435,73.41,70.85,63.58,2.45,2.49,2.58,2.70,0,0.0
2025-08-08T21:58:58.924547,217.435,72.17,71.87,62.88,2.39,2.50,2.55,2.66,0,0.0
2025-08-08T21:58:58.924547,217.435,71.80,71.44,62.51,2.39,2.57,2.53,2.66,0,0.0
2025-08-08T21:58:59.254419,217.765,71.87,71.39,62.51,2.39,2.57,2.51,2.64,0,0.0
2025-08-08T21:58:59.254419,217.765,72.11,71.15,62.55,2.40,2.56,2.51,2.63,0,0.0
2025-08-08T21:58:59.254419,217.765,72.35,71.15,62.64,2.41,2.56,2.50,2.62,0,0.0
2025-08-08T21:58:59.586425,218.097,72.41,71.03,62.64,2.42,2.56,2.51,2.62,0,0.0
2025-08-08T21:58:59.586425,218.097,72.41,70.79,62.64,2.42,2.55,2.51,2.62,0,0.0
2025-08-08T21:58:59.591011,218.102,72.72,70.50,62.78,2.42,2.56,2.52,2.62,0,0.0
2025-08-08T21:58:59.592063,218.103,73.03,70.33,62.92,2.43,2.54,2.53,2.62,0,0.0
2025-08-08T21:58:59.918983,218.430,73.22,69.98,63.02,2.45,2.55,2.55,2.63,0,0.0
2025-08-08T21:58:59.918983,218.430,73.54,69.81,63.16,2.48,2.55,2.56,2.62,0,0.0
2025-08-08T21:58:59.918983,218.430,73.67,69.87,63.35,2.47,2.55,2.57,2.65,0,0.0
2025-08-08T21:59:00.250773,218.761,73.86,69.87,63.49,2.48,2.54,2.59,2.66,0,0.0
2025-08-08T21:59:00.250773,218.761,73.86,70.16,63.58,2.48,2.54,2.62,2.67,0,0.0
2025-08-08T21:59:00.250773,218.761,73.54,70.74,63.49,2.45,2.50,2.62,2.72,0,0.0
2025-08-08T21:59:00.581794,219.092,71.93,72.05,62.64,2.40,2.51,2.56,2.68,0,0.0
2025-08-08T21:59:00.581794,219.092,71.74,71.80,62.46,2.39,2.54,2.54,2.68,0,0.0
2025-08-08T21:59:00.581794,219.092,71.99,71.68,62.37,2.40,2.56,2.52,2.65,0,0.0
2025-08-08T21:59:00.915238,219.426,72.05,71.44,62.32,2.40,2.62,2.51,2.64,0,0.0
2025-08-08T21:59:00.915238,219.426,72.11,71.39,62.51,2.41,2.61,2.51,2.62,0,0.0
2025-08-08T21:59:00.918786,219.429,72.23,71.56,62.64,2.41,2.61,2.51,2.59,0,0.0
2025-08-08T21:59:00.918786,219.429,72.48,71.21,62.64,2.41,2.62,2.51,2.62,0,0.0
2025-08-08T21:59:01.231017,219.742,72.54,70.79,62.64,2.42,2.64,2.53,2.62,0,0.0
2025-08-08T21:59:01.232971,219.744,72.78,70.68,62.74,2.43,2.63,2.53,2.63,0,0.0
2025-08-08T21:59:01.232971,219.744,73.16,70.56,62.88,2.44,2.62,2.54,2.64,0,0.0
2025-08-08T21:59:01.564314,220.075,73.35,70.39,63.06,2.45,2.61,2.54,2.64,0,0.0
2025-08-08T21:59:01.564314,220.075,73.79,69.98,63.16,2.46,2.57,2.55,2.66,0,0.0
2025-08-08T21:59:01.564314,220.075,73.79,70.16,63.39,2.47,2.56,2.56,2.68,0,0.0
2025-08-08T21:59:01.897996,220.409,73.79,70.16,63.58,2.46,2.53,2.58,2.68,0,0.0
2025-08-08T21:59:01.897996,220.409,73.86,70.27,63.58,2.46,2.52,2.61,2.69,0,0.0
2025-08-08T21:59:01.897996,220.409,73.73,70.21,63.73,2.44,2.51,2.61,2.71,0,0.0
2025-08-08T21:59:02.215316,220.726,73.60,70.33,63.68,2.45,2.53,2.62,2.72,0,0.0
2025-08-08T21:59:02.215316,220.726,72.91,71.33,63.39,2.41,2.49,2.58,2.72,0,0.0
2025-08-08T21:59:02.219452,220.730,72.29,71.50,63.11,2.40,2.53,2.57,2.72,0,0.0
2025-08-08T21:59:02.219452,220.730,72.05,71.56,62.88,2.38,2.52,2.57,2.70,0,0.0
2025-08-08T21:59:02.548555,221.059,71.87,71.80,62.78,2.38,2.53,2.52,2.70,0,0.0
2025-08-08T21:59:02.548555,221.059,71.87,71.44,62.64,2.37,2.52,2.51,2.69,0,0.0
2025-08-08T21:59:02.548555,221.059,72.54,70.21,63.16,2.41,2.58,2.48,2.64,0,0.0
2025-08-08T21:59:02.880695,221.391,73.73,69.98,63.44,2.44,2.54,2.53,2.67,0,0.0
2025-08-08T21:59:02.880695,221.391,73.92,70.27,63.39,2.45,2.55,2.56,2.68,0,0.0
2025-08-08T21:59:02.880695,221.391,73.73,70.44,63.49,2.45,2.52,2.57,2.70,0,0.0
2025-08-08T21:59:03.212380,221.723,73.73,70.56,63.49,2.45,2.53,2.56,2.72,0,0.0
2025-08-08T21:59:03.212380,221.723,73.60,70.62,63.44,2.45,2.51,2.57,2.72,0,0.0
2025-08-08T21:59:03.212380,221.723,72.78,71.68,63.06,2.41,2.50,2.55,2.72,0,0.0
2025-08-08T21:59:03.529330,222.040,72.29,71.80,62.92,2.40,2.54,2.55,2.70,0,0.0
2025-08-08T21:59:03.529330,222.040,72.11,71.80,62.69,2.39,2.54,2.53,2.69,0,0.0
2025-08-08T21:59:03.529330,222.040,71.87,71.74,62.55,2.38,2.54,2.51,2.68,0,0.0
2025-08-08T21:59:03.862675,222.373,71.99,71.62,62.32,2.39,2.55,2.50,2.61,0,0.0
2025-08-08T21:59:03.862675,222.373,73.60,70.39,62.83,2.45,2.55,2.50,2.62,0,0.0
2025-08-08T21:59:03.862675,222.373,73.67,70.16,63.02,2.48,2.56,2.53,2.65,0,0.0
2025-08-08T21:59:03.862675,222.373,73.86,70.27,63.39,2.48,2.53,2.53,2.66,0,0.0
2025-08-08T21:59:04.194045,222.705,73.73,70.16,63.58,2.48,2.55,2.55,2.67,0,0.0
2025-08-08T21:59:04.194045,222.705,73.86,70.10,63.73,2.48,2.53,2.57,2.68,0,0.0
2025-08-08T21:59:04.194045,222.705,73.60,70.62,63.63,2.47,2.53,2.57,2.70,0,0.0
2025-08-08T21:59:04.526318,223.037,73.35,70.74,63.68,2.46,2.53,2.61,2.68,0,0.0
2025-08-08T21:59:04.526318,223.037,73.35,70.79,63.54,2.46,2.52,2.62,2.71,0,0.0
2025-08-08T21:59:04.526318,223.037,72.11,72.05,62.97,2.41,2.52,2.57,2.69,0,0.0
2025-08-08T21:59:04.844190,223.355,71.93,72.05,62.78,2.40,2.52,2.56,2.68,0,0.0
2025-08-08T21:59:04.844190,223.355,71.68,71.93,62.64,2.39,2.55,2.54,2.67,0,0.0
2025-08-08T21:59:04.844190,223.355,71.74,71.68,62.60,2.39,2.55,2.53,2.64,0,0.0
2025-08-08T21:59:05.177531,223.688,71.99,71.56,62.51,2.40,2.57,2.51,2.64,0,0.0
2025-08-08T21:59:05.177531,223.688,71.99,71.62,62.51,2.37,2.55,2.51,2.63,0,0.0
2025-08-08T21:59:05.182453,223.693,72.11,71.39,62.60,2.40,2.57,2.51,2.62,0,0.0
2025-08-08T21:59:05.182453,223.693,72.11,71.15,62.64,2.41,2.59,2.52,2.61,0,0.0
2025-08-08T21:59:05.497649,224.008,72.35,71.09,62.69,2.41,2.62,2.52,2.59,0,0.0
2025-08-08T21:59:05.497649,224.008,72.41,70.85,62.78,2.41,2.56,2.53,2.59,0,0.0
2025-08-08T21:59:05.501618,224.012,72.78,70.97,62.88,2.43,2.55,2.53,2.61,0,0.0
2025-08-08T21:59:05.830606,224.341,73.16,70.68,63.02,2.44,2.55,2.55,2.61,0,0.0
2025-08-08T21:59:05.832618,224.343,73.41,70.56,63.11,2.45,2.56,2.55,2.61,0,0.0
2025-08-08T21:59:05.832618,224.343,73.60,70.62,63.30,2.46,2.55,2.54,2.65,0,0.0
2025-08-08T21:59:06.162578,224.673,73.73,70.21,63.39,2.47,2.54,2.54,2.65,0,0.0
2025-08-08T21:59:06.162578,224.673,73.60,70.39,63.63,2.47,2.57,2.55,2.65,0,0.0
2025-08-08T21:59:06.162578,224.673,73.73,70.27,63.68,2.47,2.58,2.57,2.67,0,0.0
2025-08-08T21:59:06.162578,224.673,73.54,70.27,63.68,2.47,2.59,2.61,2.68,0,0.0
2025-08-08T21:59:06.482781,224.993,73.47,70.39,63.58,2.46,2.54,2.62,2.69,0,0.0
2025-08-08T21:59:06.484795,224.995,73.22,70.50,63.49,2.46,2.52,2.61,2.71,0,0.0
2025-08-08T21:59:06.486041,224.997,73.03,70.62,63.44,2.45,2.51,2.61,2.71,0,0.0
2025-08-08T21:59:06.815846,225.326,72.85,70.85,63.30,2.45,2.53,2.59,2.72,0,0.0
2025-08-08T21:59:06.815846,225.326,72.66,71.09,63.20,2.44,2.55,2.58,2.70,0,0.0
2025-08-08T21:59:06.815846,225.326,72.35,71.39,63.16,2.43,2.54,2.58,2.70,0,0.0
2025-08-08T21:59:07.150277,225.661,71.99,71.50,63.11,2.41,2.56,2.57,2.69,0,0.0
2025-08-08T21:59:07.150277,225.661,71.80,71.68,62.60,2.40,2.58,2.57,2.69,0,0.0
2025-08-08T21:59:07.152290,225.663,71.68,71.68,62.41,2.40,2.56,2.55,2.68,0,0.0
2025-08-08T21:59:07.482779,225.993,71.62,71.68,62.18,2.39,2.61,2.53,2.67,0,0.0
2025-08-08T21:59:07.482779,225.993,71.87,71.50,62.18,2.37,2.61,2.52,2.65,0,0.0
2025-08-08T21:59:07.484955,225.996,71.93,71.50,62.18,2.39,2.58,2.51,2.63,0,0.0
2025-08-08T21:59:07.484955,225.996,72.11,71.39,62.18,2.41,2.64,2.51,2.62,0,0.0
2025-08-08T21:59:07.812865,226.323,72.05,71.39,62.23,2.41,2.63,2.51,2.61,0,0.0
2025-08-08T21:59:07.812865,226.323,72.17,71.15,62.41,2.39,2.62,2.51,2.58,0,0.0
2025-08-08T21:59:07.812865,226.323,72.41,70.91,63.06,2.39,2.61,2.52,2.57,0,0.0
2025-08-08T21:59:08.147967,226.659,72.66,70.74,63.20,2.40,2.61,2.53,2.56,0,0.0
2025-08-08T21:59:08.151165,226.662,72.91,70.39,62.64,2.43,2.58,2.53,2.61,0,0.0
2025-08-08T21:59:08.153178,226.664,73.22,70.16,63.11,2.44,2.62,2.54,2.62,0,0.0
2025-08-08T21:59:08.479251,226.990,73.54,70.10,63.35,2.45,2.62,2.55,2.63,0,0.0
2025-08-08T21:59:08.481802,226.992,73.73,70.21,63.58,2.47,2.59,2.56,2.63,0,0.0
2025-08-08T21:59:08.481802,226.992,73.54,70.44,63.25,2.47,2.57,2.58,2.63,0,0.0
2025-08-08T21:59:08.481802,226.992,73.35,70.44,63.39,2.48,2.57,2.59,2.64,0,0.0
2025-08-08T21:59:08.797622,227.308,73.35,70.39,63.77,2.47,2.57,2.62,2.67,0,0.0
2025-08-08T21:59:08.797622,227.308,73.10,70.39,63.73,2.46,2.53,2.62,2.68,0,0.0
2025-08-08T21:59:08.797622,227.308,73.03,70.44,63.58,2.46,2.51,2.62,2.70,0,0.0
2025-08-08T21:59:09.130169,227.641,73.03,70.39,63.39,2.45,2.52,2.61,2.71,0,0.0
2025-08-08T21:59:09.131783,227.642,72.85,70.50,63.16,2.45,2.54,2.61,2.70,0,0.0
2025-08-08T21:59:09.132842,227.643,72.41,71.21,63.30,2.44,2.58,2.58,2.70,0,0.0
2025-08-08T21:59:09.459904,227.970,72.11,71.39,63.49,2.42,2.57,2.57,2.68,0,0.0
2025-08-08T21:59:09.459904,227.970,71.99,71.62,63.54,2.42,2.57,2.57,2.68,0,0.0
2025-08-08T21:59:09.459904,227.970,71.74,71.62,62.88,2.41,2.57,2.56,2.69,0,0.0
2025-08-08T21:59:09.779553,228.290,71.44,71.68,62.64,2.40,2.56,2.55,2.67,0,0.0
2025-08-08T21:59:09.781571,228.292,71.44,71.62,62.51,2.39,2.57,2.54,2.67,0,0.0
2025-08-08T21:59:09.783585,228.294,71.62,71.74,62.41,2.39,2.61,2.52,2.64,0,0.0
2025-08-08T21:59:10.115427,228.626,71.62,71.99,62.41,2.40,2.63,2.51,2.65,0,0.0
2025-08-08T21:59:10.115427,228.626,71.74,71.15,62.88,2.42,2.64,2.50,2.62,0,0.0
2025-08-08T21:59:10.115427,228.626,72.85,70.68,62.92,2.45,2.62,2.53,2.64,0,0.0
2025-08-08T21:59:10.115427,228.626,73.03,70.68,62.97,2.45,2.62,2.53,2.65,0,0.0
2025-08-08T21:59:10.449577,228.960,73.22,70.16,63.20,2.47,2.62,2.55,2.65,0,0.0
2025-08-08T21:59:10.449577,228.960,73.28,70.21,63.39,2.48,2.58,2.56,2.65,0,0.0
2025-08-08T21:59:10.449577,228.960,73.41,70.33,63.54,2.48,2.55,2.58,2.67,0,0.0
2025-08-08T21:59:10.768375,229.279,73.22,70.10,63.58,2.48,2.53,2.59,2.68,0,0.0
2025-08-08T21:59:10.768375,229.279,73.28,70.16,63.63,2.48,2.55,2.61,2.69,0,0.0
2025-08-08T21:59:10.768375,229.279,73.16,70.27,63.63,2.47,2.53,2.62,2.70,0,0.0
2025-08-08T21:59:11.102004,229.613,73.16,70.50,63.54,2.46,2.51,2.62,2.72,0,0.0
2025-08-08T21:59:11.104014,229.615,73.03,70.56,63.49,2.46,2.52,2.61,2.72,0,0.0
2025-08-08T21:59:11.106025,229.617,72.85,70.62,63.39,2.45,2.52,2.61,2.72,0,0.0
2025-08-08T21:59:11.433674,229.944,71.80,71.99,62.97,2.41,2.49,2.55,2.68,0,0.0
2025-08-08T21:59:11.435687,229.946,71.50,71.80,62.55,2.41,2.53,2.53,2.68,0,0.0
2025-08-08T21:59:11.435687,229.946,71.50,71.68,62.41,2.39,2.53,2.52,2.67,0,0.0
2025-08-08T21:59:11.435687,229.946,71.50,71.62,62.41,2.39,2.55,2.51,2.65,0,0.0
2025-08-08T21:59:11.754076,230.265,71.80,71.50,62.41,2.41,2.56,2.51,2.64,0,0.0
2025-08-08T21:59:11.754076,230.265,71.80,71.44,62.55,2.41,2.58,2.51,2.61,0,0.0
2025-08-08T21:59:11.754076,230.265,72.05,71.33,62.60,2.40,2.57,2.52,2.59,0,0.0
2025-08-08T21:59:12.087520,230.598,72.11,71.09,62.74,2.42,2.58,2.52,2.61,0,0.0
2025-08-08T21:59:12.087520,230.598,72.17,70.79,62.83,2.42,2.58,2.52,2.61,0,0.0
2025-08-08T21:59:12.089536,230.600,72.66,70.68,62.92,2.41,2.57,2.53,2.63,0,0.0
2025-08-08T21:59:12.417379,230.928,72.91,70.33,62.69,2.42,2.57,2.54,2.64,0,0.0
2025-08-08T21:59:12.420410,230.931,73.10,70.27,62.88,2.44,2.55,2.55,2.65,0,0.0
2025-08-08T21:59:12.420410,230.931,73.41,70.27,63.11,2.45,2.55,2.55,2.66,0,0.0
2025-08-08T21:59:12.420410,230.931,73.47,70.33,63.25,2.47,2.58,2.57,2.67,0,0.0
2025-08-08T21:59:12.737154,231.248,73.47,70.50,63.39,2.49,2.57,2.61,2.68,0,0.0
2025-08-08T21:59:12.737932,231.249,73.28,70.50,63.44,2.48,2.54,2.61,2.68,0,0.0
2025-08-08T21:59:12.739194,231.250,73.22,70.68,63.63,2.46,2.53,2.58,2.69,0,0.0
2025-08-08T21:59:13.070632,231.581,73.10,70.74,63.54,2.46,2.54,2.58,2.68,0,0.0
2025-08-08T21:59:13.070632,231.581,73.10,70.85,63.39,2.46,2.51,2.57,2.70,0,0.0
2025-08-08T21:59:13.070632,231.581,72.78,70.97,63.30,2.45,2.54,2.56,2.70,0,0.0
2025-08-08T21:59:13.400908,231.911,72.60,71.33,63.30,2.45,2.52,2.56,2.70,0,0.0
2025-08-08T21:59:13.400908,231.911,72.35,71.56,63.20,2.44,2.53,2.56,2.69,0,0.0
2025-08-08T21:59:13.400908,231.911,71.99,71.62,63.11,2.43,2.52,2.55,2.69,0,0.0
2025-08-08T21:59:13.721223,232.232,71.74,71.87,62.88,2.41,2.53,2.53,2.68,0,0.0
2025-08-08T21:59:13.721223,232.232,71.44,71.99,62.74,2.41,2.52,2.53,2.68,0,0.0
2025-08-08T21:59:13.721223,232.232,71.44,72.29,62.60,2.40,2.55,2.52,2.66,0,0.0
2025-08-08T21:59:14.051674,232.562,71.56,71.99,62.51,2.40,2.56,2.51,2.65,0,0.0
2025-08-08T21:59:14.053769,232.564,71.56,71.62,62.69,2.41,2.56,2.49,2.57,0,0.0
2025-08-08T21:59:14.053769,232.564,73.60,70.44,63.39,2.47,2.57,2.53,2.64,0,0.0
2025-08-08T21:59:14.053769,232.564,73.60,70.44,63.49,2.49,2.56,2.56,2.65,0,0.0
2025-08-08T21:59:14.385707,232.896,73.47,70.50,63.54,2.49,2.55,2.57,2.67,0,0.0
2025-08-08T21:59:14.385707,232.896,73.22,70.68,63.68,2.48,2.51,2.57,2.68,0,0.0
2025-08-08T21:59:14.385707,232.896,73.16,70.74,63.49,2.47,2.52,2.58,2.68,0,0.0
2025-08-08T21:59:14.702779,233.213,72.23,71.93,63.16,2.43,2.50,2.55,2.69,0,0.0
2025-08-08T21:59:14.735123,233.246,71.99,71.93,62.92,2.41,2.51,2.54,2.68,0,0.0
2025-08-08T21:59:14.735123,233.246,71.62,71.99,62.83,2.40,2.53,2.53,2.68,0,0.0
2025-08-08T21:59:14.735123,233.246,71.50,72.05,62.60,2.41,2.52,2.52,2.66,0,0.0
2025-08-08T21:59:15.033874,233.544,71.50,71.87,62.51,2.40,2.55,2.51,2.66,0,0.0
2025-08-08T21:59:15.036863,233.547,72.29,70.62,63.11,2.45,2.57,2.49,2.61,0,0.0
2025-08-08T21:59:15.036863,233.547,73.54,70.27,63.35,2.47,2.56,2.53,2.64,0,0.0
2025-08-08T21:59:15.367055,233.878,73.35,70.27,63.49,2.48,2.55,2.55,2.64,0,0.0
2025-08-08T21:59:15.367055,233.878,73.41,70.33,63.58,2.48,2.54,2.56,2.65,0,0.0
2025-08-08T21:59:15.367055,233.878,73.28,70.50,63.58,2.48,2.53,2.57,2.67,0,0.0
2025-08-08T21:59:15.686576,234.197,73.35,70.62,63.58,2.48,2.51,2.58,2.69,0,0.0
2025-08-08T21:59:15.686576,234.197,73.10,70.74,63.49,2.47,2.51,2.58,2.69,0,0.0
2025-08-08T21:59:15.686576,234.197,71.99,71.93,63.44,2.42,2.53,2.55,2.68,0,0.0
2025-08-08T21:59:16.019289,234.530,71.68,71.93,62.92,2.41,2.52,2.53,2.68,0,0.0
2025-08-08T21:59:16.019289,234.530,71.44,71.99,62.64,2.40,2.51,2.53,2.68,0,0.0
2025-08-08T21:59:16.019289,234.530,71.44,71.99,62.55,2.40,2.53,2.51,2.67,0,0.0
2025-08-08T21:59:16.354588,234.865,71.44,71.93,62.69,2.41,2.55,2.49,2.59,0,0.0
2025-08-08T21:59:16.354588,234.865,73.54,70.68,63.30,2.47,2.56,2.51,2.64,0,0.0
2025-08-08T21:59:16.354588,234.865,73.47,70.85,63.39,2.48,2.57,2.53,2.64,0,0.0
2025-08-08T21:59:16.354588,234.865,73.41,70.91,63.54,2.49,2.53,2.55,2.66,0,0.0
2025-08-08T21:59:16.672316,235.183,73.41,70.97,63.63,2.48,2.53,2.57,2.66,0,0.0
2025-08-08T21:59:16.674517,235.185,73.16,70.97,63.58,2.48,2.51,2.57,2.67,0,0.0
2025-08-08T21:59:16.674517,235.185,71.68,72.78,62.78,2.39,2.49,2.52,2.65,0,0.0
2025-08-08T21:59:17.004908,235.515,71.50,71.80,62.41,2.41,2.54,2.50,2.60,0,0.0
2025-08-08T21:59:17.004908,235.515,73.60,70.39,63.06,2.47,2.53,2.52,2.63,0,0.0
2025-08-08T21:59:17.004908,235.515,73.47,70.33,63.11,2.47,2.53,2.55,2.63,0,0.0
2025-08-08T21:59:17.337196,235.848,73.60,70.39,63.20,2.49,2.51,2.55,2.65,0,0.0
2025-08-08T21:59:17.339990,235.851,73.35,70.50,63.63,2.49,2.51,2.56,2.67,0,0.0
2025-08-08T21:59:17.339990,235.851,71.80,72.17,62.69,2.39,2.49,2.52,2.67,0,0.0
2025-08-08T21:59:17.670606,236.181,71.44,71.87,62.32,2.39,2.57,2.51,2.66,0,0.0
2025-08-08T21:59:17.670606,236.181,72.35,70.74,62.83,2.45,2.61,2.47,2.62,0,0.0
2025-08-08T21:59:17.670606,236.181,73.47,70.62,63.06,2.47,2.57,2.52,2.64,0,0.0
2025-08-08T21:59:17.670606,236.181,73.47,70.62,63.16,2.48,2.54,2.55,2.64,0,0.0
2025-08-08T21:59:18.005637,236.516,73.54,70.74,63.16,2.48,2.52,2.55,2.66,0,0.0
2025-08-08T21:59:18.005637,236.516,73.60,70.85,63.20,2.47,2.52,2.57,2.68,0,0.0
2025-08-08T21:59:18.005637,236.516,73.16,71.03,63.20,2.47,2.51,2.57,2.69,0,0.0
2025-08-08T21:59:18.336404,236.847,73.22,71.09,62.97,2.46,2.53,2.57,2.71,0,0.0
2025-08-08T21:59:18.338413,236.849,72.11,72.23,62.78,2.42,2.51,2.54,2.69,0,0.0
2025-08-08T21:59:18.338413,236.849,71.87,72.23,62.55,2.41,2.53,2.54,2.69,0,0.0
2025-08-08T21:59:18.653629,237.164,71.68,72.17,62.32,2.40,2.51,2.53,2.68,0,0.0
2025-08-08T21:59:18.656204,237.167,71.62,71.80,62.28,2.40,2.53,2.51,2.67,0,0.0
2025-08-08T21:59:18.656204,237.167,71.56,71.44,62.28,2.41,2.54,2.49,2.58,0,0.0
2025-08-08T21:59:18.986612,237.497,73.60,70.39,62.88,2.46,2.53,2.52,2.63,0,0.0
2025-08-08T21:59:18.986612,237.497,73.35,70.74,63.35,2.47,2.56,2.54,2.65,0,0.0
2025-08-08T21:59:18.986612,237.497,73.60,70.79,63.54,2.47,2.55,2.55,2.66,0,0.0
2025-08-08T21:59:18.986612,237.497,73.60,70.79,63.63,2.48,2.53,2.57,2.68,0,0.0
2025-08-08T21:59:19.322596,237.833,73.41,70.68,63.63,2.47,2.53,2.56,2.68,0,0.0
2025-08-08T21:59:19.325045,237.836,73.28,70.74,63.58,2.47,2.53,2.57,2.69,0,0.0
2025-08-08T21:59:19.325045,237.836,73.10,70.74,63.49,2.46,2.51,2.56,2.70,0,0.0
2025-08-08T21:59:19.640977,238.152,72.91,70.79,63.49,2.45,2.51,2.55,2.69,0,0.0
2025-08-08T21:59:19.640977,238.152,72.85,70.97,63.06,2.45,2.50,2.55,2.68,0,0.0
2025-08-08T21:59:19.642993,238.154,71.62,71.80,62.41,2.39,2.53,2.52,2.64,0,0.0
2025-08-08T21:59:19.972212,238.483,71.50,71.62,62.23,2.40,2.56,2.51,2.65,0,0.0
2025-08-08T21:59:19.972212,238.483,71.50,71.33,62.46,2.40,2.58,2.49,2.61,0,0.0
2025-08-08T21:59:19.972212,238.483,73.73,70.39,63.25,2.47,2.58,2.52,2.64,0,0.0
2025-08-08T21:59:20.308002,238.819,73.54,70.39,63.49,2.47,2.61,2.55,2.64,0,0.0
2025-08-08T21:59:20.308002,238.819,73.54,70.44,63.63,2.47,2.57,2.56,2.67,0,0.0
2025-08-08T21:59:20.308002,238.819,73.28,70.74,64.06,2.47,2.56,2.57,2.69,0,0.0
2025-08-08T21:59:20.308002,238.819,73.16,71.03,63.63,2.48,2.55,2.58,2.72,0,0.0
2025-08-08T21:59:20.624533,239.135,73.16,71.15,63.54,2.47,2.54,2.58,2.73,0,0.0
2025-08-08T21:59:20.624533,239.135,73.03,71.27,63.39,2.45,2.54,2.57,2.72,0,0.0
2025-08-08T21:59:20.626045,239.137,72.72,71.39,63.25,2.45,2.52,2.56,2.72,0,0.0
2025-08-08T21:59:20.955059,239.466,72.41,71.74,63.16,2.44,2.53,2.56,2.69,0,0.0
2025-08-08T21:59:20.957076,239.468,72.11,72.11,63.11,2.43,2.53,2.55,2.68,0,0.0
2025-08-08T21:59:20.957076,239.468,72.05,72.17,62.97,2.41,2.53,2.54,2.71,0,0.0
2025-08-08T21:59:21.289340,239.800,71.62,72.23,62.83,2.40,2.55,2.54,2.68,0,0.0
2025-08-08T21:59:21.293742,239.804,71.56,72.35,62.64,2.40,2.57,2.53,2.69,0,0.0
2025-08-08T21:59:21.294970,239.806,71.62,71.99,62.37,2.39,2.57,2.51,2.67,0,0.0
2025-08-08T21:59:21.621441,240.132,72.29,70.79,63.11,2.44,2.62,2.49,2.62,0,0.0
2025-08-08T21:59:21.621441,240.132,73.47,70.62,63.35,2.47,2.58,2.53,2.65,0,0.0
2025-08-08T21:59:21.621441,240.132,73.41,70.74,63.44,2.47,2.57,2.55,2.65,0,0.0
2025-08-08T21:59:21.621441,240.132,73.54,70.91,63.58,2.47,2.55,2.56,2.66,0,0.0
2025-08-08T21:59:21.955048,240.466,73.35,71.03,63.63,2.47,2.56,2.57,2.69,0,0.0
2025-08-08T21:59:21.955048,240.466,73.10,70.79,63.58,2.46,2.55,2.57,2.70,0,0.0
2025-08-08T21:59:21.957082,240.468,73.10,70.85,63.49,2.46,2.51,2.58,2.71,0,0.0
2025-08-08T21:59:22.286973,240.798,72.91,70.97,63.39,2.45,2.51,2.57,2.70,0,0.0
2025-08-08T21:59:22.286973,240.798,72.72,71.15,63.35,2.44,2.53,2.57,2.72,0,0.0
2025-08-08T21:59:22.286973,240.798,72.66,71.44,63.20,2.42,2.55,2.56,2.72,0,0.0
2025-08-08T21:59:22.620615,241.131,72.35,71.62,63.06,2.41,2.54,2.55,2.70,0,0.0
2025-08-08T21:59:22.620615,241.131,71.93,72.17,63.06,2.40,2.53,2.55,2.70,0,0.0
2025-08-08T21:59:22.620615,241.131,71.74,72.60,62.78,2.39,2.54,2.53,2.68,0,0.0
2025-08-08T21:59:22.620615,241.131,71.50,72.35,62.51,2.37,2.58,2.53,2.68,0,0.0
2025-08-08T21:59:22.955001,241.466,71.50,72.41,62.74,2.37,2.57,2.51,2.68,0,0.0
2025-08-08T21:59:22.955001,241.466,71.68,71.80,62.60,2.39,2.57,2.49,2.59,0,0.0
2025-08-08T21:59:22.955001,241.466,73.73,70.56,63.35,2.45,2.57,2.53,2.64,0,0.0
2025-08-08T21:59:23.286965,241.798,73.54,70.56,63.44,2.44,2.55,2.55,2.65,0,0.0
2025-08-08T21:59:23.286965,241.798,73.41,70.62,63.54,2.47,2.54,2.55,2.66,0,0.0
2025-08-08T21:59:23.286965,241.798,73.28,70.91,63.63,2.47,2.53,2.56,2.68,0,0.0
2025-08-08T21:59:23.618807,242.129,73.16,71.21,63.58,2.46,2.53,2.57,2.70,0,0.0
2025-08-08T21:59:23.618807,242.129,73.03,70.97,63.39,2.46,2.51,2.61,2.71,0,0.0
2025-08-08T21:59:23.618807,242.129,72.05,72.23,62.88,2.42,2.51,2.57,2.70,0,0.0
2025-08-08T21:59:23.618807,242.129,71.74,71.99,62.64,2.41,2.55,2.57,2.69,0,0.0
2025-08-08T21:59:23.936201,242.447,71.50,72.05,62.46,2.40,2.58,2.55,2.68,0,0.0
2025-08-08T21:59:23.936201,242.447,71.62,71.99,62.41,2.39,2.58,2.53,2.66,0,0.0
2025-08-08T21:59:23.936201,242.447,71.62,71.62,62.28,2.39,2.57,2.53,2.66,0,0.0
2025-08-08T21:59:24.272786,242.783,71.87,71.50,62.32,2.39,2.58,2.51,2.65,0,0.0
2025-08-08T21:59:24.289182,242.800,71.93,71.93,62.37,2.40,2.58,2.51,2.63,0,0.0
2025-08-08T21:59:24.289182,242.800,71.99,71.99,62.55,2.41,2.57,2.52,2.62,0,0.0
2025-08-08T21:59:24.589280,243.100,72.11,71.74,62.55,2.41,2.57,2.53,2.62,0,0.0
2025-08-08T21:59:24.589280,243.100,72.17,71.44,62.69,2.41,2.57,2.54,2.62,0,0.0
2025-08-08T21:59:24.589280,243.100,72.54,71.03,63.11,2.43,2.57,2.55,2.63,0,0.0
2025-08-08T21:59:24.922244,243.433,72.91,70.79,63.35,2.44,2.55,2.55,2.64,0,0.0
2025-08-08T21:59:24.924744,243.435,73.16,70.44,63.49,2.45,2.55,2.55,2.63,0,0.0
2025-08-08T21:59:24.925255,243.436,73.41,70.68,63.30,2.47,2.55,2.57,2.64,0,0.0
2025-08-08T21:59:25.257651,243.768,73.41,70.79,63.82,2.47,2.54,2.58,2.66,0,0.0
2025-08-08T21:59:25.257651,243.768,73.47,70.56,64.06,2.47,2.54,2.61,2.68,0,0.0
2025-08-08T21:59:25.257651,243.768,73.28,70.68,63.58,2.47,2.53,2.62,2.69,0,0.0
2025-08-08T21:59:25.257651,243.768,73.22,70.85,63.54,2.47,2.52,2.62,2.69,0,0.0
2025-08-08T21:59:25.576247,244.087,73.16,70.97,63.44,2.46,2.54,2.62,2.71,0,0.0
2025-08-08T21:59:25.576247,244.087,72.97,71.15,63.39,2.45,2.54,2.61,2.69,0,0.0
2025-08-08T21:59:25.576247,244.087,72.78,71.39,63.35,2.45,2.54,2.58,2.71,0,0.0
2025-08-08T21:59:25.908028,244.419,72.66,71.62,63.30,2.44,2.51,2.58,2.71,0,0.0
2025-08-08T21:59:25.908028,244.419,72.35,71.80,63.58,2.42,2.53,2.57,2.70,0,0.0
2025-08-08T21:59:25.908028,244.419,71.87,72.05,63.11,2.41,2.52,2.57,2.69,0,0.0
2025-08-08T21:59:26.241618,244.752,71.74,72.17,62.97,2.40,2.51,2.53,2.69,0,0.0
2025-08-08T21:59:26.241618,244.752,71.50,72.23,62.60,2.39,2.54,2.52,2.68,0,0.0
2025-08-08T21:59:26.241618,244.752,71.44,72.05,62.37,2.39,2.56,2.51,2.66,0,0.0
2025-08-08T21:59:26.578478,245.089,72.29,70.85,63.16,2.44,2.62,2.49,2.63,0,0.0
2025-08-08T21:59:26.578478,245.089,73.67,70.33,63.49,2.46,2.57,2.53,2.66,0,0.0
2025-08-08T21:59:26.578478,245.089,73.60,70.50,63.58,2.49,2.56,2.55,2.66,0,0.0
2025-08-08T21:59:26.578478,245.089,73.54,70.50,63.63,2.47,2.57,2.56,2.68,0,0.0
2025-08-08T21:59:26.912580,245.423,73.28,70.44,63.68,2.46,2.53,2.57,2.70,0,0.0
2025-08-08T21:59:26.913705,245.424,73.22,70.50,63.54,2.45,2.54,2.57,2.71,0,0.0
2025-08-08T21:59:26.915860,245.426,73.03,70.91,63.49,2.45,2.51,2.57,2.72,0,0.0
2025-08-08T21:59:27.243633,245.754,72.91,71.27,63.39,2.45,2.53,2.56,2.73,0,0.0
2025-08-08T21:59:27.245642,245.756,72.78,71.74,63.30,2.45,2.52,2.55,2.73,0,0.0
2025-08-08T21:59:27.245642,245.756,72.54,71.74,63.25,2.44,2.53,2.55,2.71,0,0.0
2025-08-08T21:59:27.561167,246.072,72.17,71.99,63.06,2.41,2.54,2.54,2.70,0,0.0
2025-08-08T21:59:27.562169,246.073,71.87,72.29,62.92,2.41,2.53,2.53,2.69,0,0.0
2025-08-08T21:59:27.562169,246.073,71.62,72.54,62.74,2.40,2.55,2.52,2.68,0,0.0
2025-08-08T21:59:27.902587,246.413,71.50,72.41,62.55,2.40,2.55,2.50,2.65,0,0.0
2025-08-08T21:59:27.904607,246.415,72.35,70.97,63.11,2.43,2.58,2.48,2.62,0,0.0
2025-08-08T21:59:27.904607,246.415,73.47,70.39,63.35,2.47,2.56,2.53,2.64,0,0.0
2025-08-08T21:59:27.906623,246.417,73.47,70.39,63.39,2.47,2.56,2.54,2.64,0,0.0
2025-08-08T21:59:28.233585,246.744,73.47,70.50,63.58,2.48,2.55,2.56,2.66,0,0.0
2025-08-08T21:59:28.233585,246.744,73.47,70.79,63.63,2.47,2.51,2.57,2.68,0,0.0
2025-08-08T21:59:28.233585,246.744,72.72,71.62,63.35,2.44,2.52,2.56,2.70,0,0.0
2025-08-08T21:59:28.565804,247.076,72.17,71.62,63.11,2.43,2.51,2.56,2.70,0,0.0
2025-08-08T21:59:28.565804,247.076,71.99,71.87,62.97,2.42,2.51,2.55,2.69,0,0.0
2025-08-08T21:59:28.567818,247.078,71.68,72.05,62.78,2.41,2.51,2.53,2.69,0,0.0
2025-08-08T21:59:28.898105,247.409,71.80,72.35,62.60,2.39,2.52,2.52,2.67,0,0.0
2025-08-08T21:59:28.898105,247.409,71.68,72.41,62.46,2.39,2.53,2.51,2.66,0,0.0
2025-08-08T21:59:28.898105,247.409,71.80,71.99,62.64,2.41,2.57,2.49,2.59,0,0.0
2025-08-08T21:59:29.225102,247.736,73.92,70.33,63.39,2.48,2.56,2.52,2.65,0,0.0
2025-08-08T21:59:29.225102,247.736,73.79,70.68,63.44,2.49,2.53,2.53,2.65,0,0.0
2025-08-08T21:59:29.225102,247.736,73.60,70.85,63.58,2.48,2.51,2.56,2.66,0,0.0
2025-08-08T21:59:29.229493,247.740,73.47,71.03,63.68,2.47,2.51,2.57,2.69,0,0.0
2025-08-08T21:59:29.549488,248.060,73.47,70.97,63.63,2.46,2.52,2.57,2.71,0,0.0
2025-08-08T21:59:29.549488,248.060,73.22,71.21,63.54,2.44,2.51,2.57,2.72,0,0.0
2025-08-08T21:59:29.549488,248.060,73.16,71.21,63.49,2.45,2.52,2.56,2.71,0,0.0
2025-08-08T21:59:29.880133,248.391,73.03,71.68,63.35,2.44,2.52,2.56,2.71,0,0.0
2025-08-08T21:59:29.880133,248.391,72.72,71.99,63.20,2.43,2.53,2.55,2.71,0,0.0
2025-08-08T21:59:29.880133,248.391,72.29,72.05,63.16,2.42,2.53,2.54,2.70,0,0.0
2025-08-08T21:59:30.214807,248.725,72.05,72.23,62.97,2.41,2.54,2.55,2.70,0,0.0
2025-08-08T21:59:30.216828,248.727,71.80,72.29,62.74,2.40,2.55,2.53,2.68,0,0.0
2025-08-08T21:59:30.216828,248.727,71.68,72.35,62.60,2.38,2.54,2.51,2.68,0,0.0
2025-08-08T21:59:30.530489,249.041,71.80,71.74,62.69,2.40,2.56,2.49,2.61,0,0.0
2025-08-08T21:59:30.530489,249.041,73.79,70.33,63.20,2.46,2.55,2.52,2.64,0,0.0
2025-08-08T21:59:30.530489,249.041,73.60,70.16,63.44,2.45,2.56,2.54,2.65,0,0.0
2025-08-08T21:59:30.540207,249.051,73.73,70.21,63.58,2.46,2.53,2.55,2.66,0,0.0
2025-08-08T21:59:30.969491,249.480,73.41,70.44,63.68,2.45,2.52,2.57,2.68,0,0.0
2025-08-08T21:59:30.972319,249.483,73.41,71.09,63.63,2.45,2.51,2.57,2.68,0,0.0
2025-08-08T21:59:30.972319,249.483,73.22,71.09,63.58,2.45,2.52,2.57,2.69,0,0.0
2025-08-08T21:59:30.972319,249.483,72.23,72.35,63.11,2.41,2.52,2.54,2.69,0,0.0
2025-08-08T21:59:31.300309,249.811,71.93,72.29,62.83,2.39,2.56,2.53,2.69,0,0.0
2025-08-08T21:59:31.300309,249.811,71.56,72.35,62.64,2.38,2.54,2.52,2.68,0,0.0
2025-08-08T21:59:31.302318,249.813,71.62,72.29,62.46,2.38,2.56,2.53,2.67,0,0.0
2025-08-08T21:59:31.629171,250.140,71.56,72.17,62.41,2.37,2.56,2.53,2.65,0,0.0
2025-08-08T21:59:31.630922,250.141,71.80,71.99,62.46,2.37,2.58,2.51,2.62,0,0.0
2025-08-08T21:59:31.630922,250.141,72.11,71.62,62.46,2.39,2.61,2.51,2.61,0,0.0
2025-08-08T21:59:31.969294,250.480,72.11,71.44,62.55,2.39,2.62,2.51,2.58,0,0.0
2025-08-08T21:59:31.969294,250.480,72.23,71.03,62.60,2.40,2.61,2.51,2.61,0,0.0
2025-08-08T21:59:31.969294,250.480,72.41,70.85,62.60,2.41,2.57,2.53,2.62,0,0.0
2025-08-08T21:59:31.969294,250.480,72.66,70.74,62.69,2.40,2.57,2.53,2.61,0,0.0
2025-08-08T21:59:32.278550,250.789,72.78,70.68,62.88,2.41,2.56,2.53,2.62,0,0.0
2025-08-08T21:59:32.278550,250.789,73.28,70.27,63.11,2.43,2.55,2.54,2.64,0,0.0
2025-08-08T21:59:32.278550,250.789,73.47,70.27,63.49,2.43,2.55,2.54,2.65,0,0.0
2025-08-08T21:59:32.611210,251.122,73.73,70.21,63.87,2.45,2.53,2.57,2.65,0,0.0
2025-08-08T21:59:32.945482,251.456,73.35,70.85,63.44,2.43,2.51,2.61,2.71,0,0.0
2025-08-08T21:59:32.945482,251.456,73.22,70.79,63.35,2.43,2.53,2.61,2.72,0,0.0
2025-08-08T21:59:33.265313,251.776,72.66,71.44,63.20,2.44,2.53,2.59,2.69,0,0.0
2025-08-08T21:59:33.265313,251.776,72.48,71.68,63.11,2.43,2.53,2.58,2.69,0,0.0
2025-08-08T21:59:33.267324,251.778,72.05,72.17,62.88,2.41,2.55,2.57,2.68,0,0.0
